 Abaqus/Standard 2025                  DATE 04-Oct-2026 TIME 19:56:59
 SUMMARY OF JOB INFORMATION:
 STEP  INC ATT SEVERE EQUIL TOTAL  TOTAL      STEP       INC OF       DOF    IF
               DISCON ITERS ITERS  TIME/    TIME/LPF    TIME/LPF    MONITOR RIKS
               ITERS               FREQ
   1     1   1     0     1     1  0.100      0.100      0.1000    
   1     2   1     0     1     1  0.200      0.200      0.1000    
   1     3   1     0     1     1  0.300      0.300      0.1000    
   1     4   1     0     1     1  0.400      0.400      0.1000    
   1     5   1     0     1     1  0.500      0.500      0.1000    
   1     6   1     0     1     1  0.600      0.600      0.1000    
   1     7   1     0     1     1  0.700      0.700      0.1000    
   1     8   1     0     1     1  0.800      0.800      0.1000    
   1     9   1     0     1     1  0.900      0.900      0.1000    
   1    10   1     0     1     1  1.00       1.00       0.1000    
   2     1   1     0     1     1  1.00       0.000993   0.0009935 
   2     2   1     0     1     1  1.00       0.00199    0.0009935 
   2     3   1     0     1     1  1.00       0.00298    0.0009935 
   2     4   1     0     1     1  1.00       0.00397    0.0009935 
   2     5   1     0     1     1  1.00       0.00497    0.0009935 
   2     6   1     0     1     1  1.01       0.00596    0.0009935 
   2     7   1     0     1     1  1.01       0.00695    0.0009935 
   2     8   1     0     1     1  1.01       0.00795    0.0009935 
   2     9   1     0     1     1  1.01       0.00894    0.0009935 
   2    10   1     0     1     1  1.01       0.00993    0.0009935 
   2    11   1     0     1     1  1.01       0.0109     0.0009935 
   2    12   1     0     1     1  1.01       0.0119     0.0009935 
   2    13   1     0     1     1  1.01       0.0129     0.0009935 
   2    14   1     0     1     1  1.01       0.0139     0.0009935 
   2    15   1     0     1     1  1.01       0.0149     0.0009935 
   2    16   1     0     1     1  1.02       0.0159     0.0009935 
   2    17   1     0     1     1  1.02       0.0169     0.0009935 
   2    18   1     0     1     1  1.02       0.0179     0.0009935 
   2    19   1     0     1     1  1.02       0.0189     0.0009935 
   2    20   1     0     1     1  1.02       0.0199     0.0009935 
   2    21   1     0     1     1  1.02       0.0209     0.0009935 
   2    22   1     0     1     1  1.02       0.0219     0.0009935 
   2    23   1     0     1     1  1.02       0.0228     0.0009935 
   2    24   1     0     1     1  1.02       0.0238     0.0009935 
   2    25   1     0     1     1  1.02       0.0248     0.0009935 
   2    26   1     0     1     1  1.03       0.0258     0.0009935 
   2    27   1     0     1     1  1.03       0.0268     0.0009935 
   2    28   1     0     1     1  1.03       0.0278     0.0009935 
   2    29   1     0     1     1  1.03       0.0288     0.0009935 
   2    30   1     0     1     1  1.03       0.0298     0.0009935 
   2    31   1     0     1     1  1.03       0.0308     0.0009935 
   2    32   1     0     1     1  1.03       0.0318     0.0009935 
   2    33   1     0     1     1  1.03       0.0328     0.0009935 
   2    34   1     0     1     1  1.03       0.0338     0.0009935 
   2    35   1     0     1     1  1.03       0.0348     0.0009935 
   2    36   1     0     1     1  1.04       0.0358     0.0009935 
   2    37   1     0     1     1  1.04       0.0368     0.0009935 
   2    38   1     0     1     1  1.04       0.0378     0.0009935 
   2    39   1     0     1     1  1.04       0.0387     0.0009935 
   2    40   1     0     1     1  1.04       0.0397     0.0009935 
   2    41   1     0     1     1  1.04       0.0407     0.0009935 
   2    42   1     0     1     1  1.04       0.0417     0.0009935 
   2    43   1     0     1     1  1.04       0.0427     0.0009935 
   2    44   1     0     1     1  1.04       0.0437     0.0009935 
   2    45   1     0     1     1  1.04       0.0447     0.0009935 
   2    46   1     0     1     1  1.05       0.0457     0.0009935 
   2    47   1     0     1     1  1.05       0.0467     0.0009935 
   2    48   1     0     1     1  1.05       0.0477     0.0009935 
   2    49   1     0     1     1  1.05       0.0487     0.0009935 
   2    50   1     0     1     1  1.05       0.0497     0.0009935 
   2    51   1     0     1     1  1.05       0.0507     0.0009935 
   2    52   1     0     1     1  1.05       0.0517     0.0009935 
   2    53   1     0     1     1  1.05       0.0527     0.0009935 
   2    54   1     0     1     1  1.05       0.0536     0.0009935 
   2    55   1     0     1     1  1.05       0.0546     0.0009935 
   2    56   1     0     1     1  1.06       0.0556     0.0009935 
   2    57   1     0     1     1  1.06       0.0566     0.0009935 
   2    58   1     0     1     1  1.06       0.0576     0.0009935 
   2    59   1     0     1     1  1.06       0.0586     0.0009935 
   2    60   1     0     1     1  1.06       0.0596     0.0009935 
   2    61   1     0     1     1  1.06       0.0606     0.0009935 
   2    62   1     0     1     1  1.06       0.0616     0.0009935 
   2    63   1     0     1     1  1.06       0.0626     0.0009935 
   2    64   1     0     1     1  1.06       0.0636     0.0009935 
   2    65   1     0     1     1  1.06       0.0646     0.0009935 
   2    66   1     0     1     1  1.07       0.0656     0.0009935 
   2    67   1     0     1     1  1.07       0.0666     0.0009935 
   2    68   1     0     1     1  1.07       0.0676     0.0009935 
   2    69   1     0     1     1  1.07       0.0685     0.0009935 
   2    70   1     0     1     1  1.07       0.0695     0.0009935 
   2    71   1     0     1     1  1.07       0.0705     0.0009935 
   2    72   1     0     1     1  1.07       0.0715     0.0009935 
   2    73   1     0     1     1  1.07       0.0725     0.0009935 
   2    74   1     0     1     1  1.07       0.0735     0.0009935 
   2    75   1     0     1     1  1.07       0.0745     0.0009935 
   2    76   1     0     1     1  1.08       0.0755     0.0009935 
   2    77   1     0     1     1  1.08       0.0765     0.0009935 
   2    78   1     0     1     1  1.08       0.0775     0.0009935 
   2    79   1     0     1     1  1.08       0.0785     0.0009935 
   2    80   1     0     1     1  1.08       0.0795     0.0009935 
   2    81   1     0     1     1  1.08       0.0805     0.0009935 
   2    82   1     0     1     1  1.08       0.0815     0.0009935 
   2    83   1     0     1     1  1.08       0.0825     0.0009935 
   2    84   1     0     1     1  1.08       0.0835     0.0009935 
   2    85   1     0     1     1  1.08       0.0844     0.0009935 
   2    86   1     0     1     1  1.09       0.0854     0.0009935 
   2    87   1     0     1     1  1.09       0.0864     0.0009935 
   2    88   1     0     1     1  1.09       0.0874     0.0009935 
   2    89   1     0     1     1  1.09       0.0884     0.0009935 
   2    90   1     0     1     1  1.09       0.0894     0.0009935 
   2    91   1     0     1     1  1.09       0.0904     0.0009935 
   2    92   1     0     1     1  1.09       0.0914     0.0009935 
   2    93   1     0     1     1  1.09       0.0924     0.0009935 
   2    94   1     0     1     1  1.09       0.0934     0.0009935 
   2    95   1     0     1     1  1.09       0.0944     0.0009935 
   2    96   1     0     1     1  1.10       0.0954     0.0009935 
   2    97   1     0     1     1  1.10       0.0964     0.0009935 
   2    98   1     0     1     1  1.10       0.0974     0.0009935 
   2    99   1     0     1     1  1.10       0.0984     0.0009935 
   2   100   1     0     1     1  1.10       0.0993     0.0009935 
   2   101   1     0     1     1  1.10       0.100      0.0009935 
   2   102   1     0     1     1  1.10       0.101      0.0009935 
   2   103   1     0     1     1  1.10       0.102      0.0009935 
   2   104   1     0     1     1  1.10       0.103      0.0009935 
   2   105   1     0     1     1  1.10       0.104      0.0009935 
   2   106   1     0     1     1  1.11       0.105      0.0009935 
   2   107   1     0     1     1  1.11       0.106      0.0009935 
   2   108   1     0     1     1  1.11       0.107      0.0009935 
   2   109   1     0     1     1  1.11       0.108      0.0009935 
   2   110   1     0     1     1  1.11       0.109      0.0009935 
   2   111   1     0     1     1  1.11       0.110      0.0009935 
   2   112   1     0     1     1  1.11       0.111      0.0009935 
   2   113   1     0     1     1  1.11       0.112      0.0009935 
   2   114   1     0     1     1  1.11       0.113      0.0009935 
   2   115   1     0     1     1  1.11       0.114      0.0009935 
   2   116   1     0     1     1  1.12       0.115      0.0009935 
   2   117   1     0     1     1  1.12       0.116      0.0009935 
   2   118   1     0     1     1  1.12       0.117      0.0009935 
   2   119   1     0     1     1  1.12       0.118      0.0009935 
   2   120   1     0     1     1  1.12       0.119      0.0009935 
   2   121   1     0     1     1  1.12       0.120      0.0009935 
   2   122   1     0     1     1  1.12       0.121      0.0009935 
   2   123   1     0     1     1  1.12       0.122      0.0009935 
   2   124   1     0     1     1  1.12       0.123      0.0009935 
   2   125   1     0     1     1  1.12       0.124      0.0009935 
   2   126   1     0     1     1  1.13       0.125      0.0009935 
   2   127   1     0     1     1  1.13       0.126      0.0009935 
   2   128   1     0     1     1  1.13       0.127      0.0009935 
   2   129   1     0     1     1  1.13       0.128      0.0009935 
   2   130   1     0     1     1  1.13       0.129      0.0009935 
   2   131   1     0     1     1  1.13       0.130      0.0009935 
   2   132   1     0     1     1  1.13       0.131      0.0009935 
   2   133   1     0     1     1  1.13       0.132      0.0009935 
   2   134   1     0     1     1  1.13       0.133      0.0009935 
   2   135   1     0     1     1  1.13       0.134      0.0009935 
   2   136   1     0     1     1  1.14       0.135      0.0009935 
   2   137   1     0     1     1  1.14       0.136      0.0009935 
   2   138   1     0     1     1  1.14       0.137      0.0009935 
   2   139   1     0     1     1  1.14       0.138      0.0009935 
   2   140   1     0     1     1  1.14       0.139      0.0009935 
   2   141   1     0     1     1  1.14       0.140      0.0009935 
   2   142   1     0     1     1  1.14       0.141      0.0009935 
   2   143   1     0     1     1  1.14       0.142      0.0009935 
   2   144   1     0     1     1  1.14       0.143      0.0009935 
   2   145   1     0     1     1  1.14       0.144      0.0009935 
   2   146   1     0     1     1  1.15       0.145      0.0009935 
   2   147   1     0     1     1  1.15       0.146      0.0009935 
   2   148   1     0     1     1  1.15       0.147      0.0009935 
   2   149   1     0     1     1  1.15       0.148      0.0009935 
   2   150   1     0     1     1  1.15       0.149      0.0009935 
   2   151   1     0     1     1  1.15       0.150      0.0009935 
   2   152   1     0     1     1  1.15       0.151      0.0009935 
   2   153   1     0     1     1  1.15       0.152      0.0009935 
   2   154   1     0     1     1  1.15       0.153      0.0009935 
   2   155   1     0     1     1  1.15       0.154      0.0009935 
   2   156   1     0     1     1  1.15       0.155      0.0009935 
   2   157   1     0     1     1  1.16       0.156      0.0009935 
   2   158   1     0     1     1  1.16       0.157      0.0009935 
   2   159   1     0     1     1  1.16       0.158      0.0009935 
   2   160   1     0     1     1  1.16       0.159      0.0009935 
   2   161   1     0     1     1  1.16       0.160      0.0009935 
   2   162   1     0     1     1  1.16       0.161      0.0009935 
   2   163   1     0     1     1  1.16       0.162      0.0009935 
   2   164   1     0     1     1  1.16       0.163      0.0009935 
   2   165   1     0     1     1  1.16       0.164      0.0009935 
   2   166   1     0     1     1  1.16       0.165      0.0009935 
   2   167   1     0     1     1  1.17       0.166      0.0009935 
   2   168   1     0     1     1  1.17       0.167      0.0009935 
   2   169   1     0     1     1  1.17       0.168      0.0009935 
   2   170   1     0     1     1  1.17       0.169      0.0009935 
   2   171   1     0     1     1  1.17       0.170      0.0009935 
   2   172   1     0     1     1  1.17       0.171      0.0009935 
   2   173   1     0     1     1  1.17       0.172      0.0009935 
   2   174   1     0     1     1  1.17       0.173      0.0009935 
   2   175   1     0     1     1  1.17       0.174      0.0009935 
   2   176   1     0     1     1  1.17       0.175      0.0009935 
   2   177   1     0     1     1  1.18       0.176      0.0009935 
   2   178   1     0     1     1  1.18       0.177      0.0009935 
   2   179   1     0     1     1  1.18       0.178      0.0009935 
   2   180   1     0     1     1  1.18       0.179      0.0009935 
   2   181   1     0     1     1  1.18       0.180      0.0009935 
   2   182   1     0     1     1  1.18       0.181      0.0009935 
   2   183   1     0     1     1  1.18       0.182      0.0009935 
   2   184   1     0     1     1  1.18       0.183      0.0009935 
   2   185   1     0     1     1  1.18       0.184      0.0009935 
   2   186   1     0     1     1  1.18       0.185      0.0009935 
   2   187   1     0     1     1  1.19       0.186      0.0009935 
   2   188   1     0     1     1  1.19       0.187      0.0009935 
   2   189   1     0     1     1  1.19       0.188      0.0009935 
   2   190   1     0     1     1  1.19       0.189      0.0009935 
   2   191   1     0     1     1  1.19       0.190      0.0009935 
   2   192   1     0     1     1  1.19       0.191      0.0009935 
   2   193   1     0     1     1  1.19       0.192      0.0009935 
   2   194   1     0     1     1  1.19       0.193      0.0009935 
   2   195   1     0     1     1  1.19       0.194      0.0009935 
   2   196   1     0     1     1  1.19       0.195      0.0009935 
   2   197   1     0     1     1  1.20       0.196      0.0009935 
   2   198   1     0     1     1  1.20       0.197      0.0009935 
   2   199   1     0     1     1  1.20       0.198      0.0009935 
   2   200   1     0     1     1  1.20       0.199      0.0009935 
   2   201   1     0     1     1  1.20       0.200      0.0009935 
   2   202   1     0     1     1  1.20       0.201      0.0009935 
   2   203   1     0     1     1  1.20       0.202      0.0009935 
   2   204   1     0     1     1  1.20       0.203      0.0009935 
   2   205   1     0     1     1  1.20       0.204      0.0009935 
   2   206   1     0     1     1  1.20       0.205      0.0009935 
   2   207   1     0     1     1  1.21       0.206      0.0009935 
   2   208   1     0     1     1  1.21       0.207      0.0009935 
   2   209   1     0     1     1  1.21       0.208      0.0009935 
   2   210   1     0     1     1  1.21       0.209      0.0009935 
   2   211   1     0     1     1  1.21       0.210      0.0009935 
   2   212   1     0     1     1  1.21       0.211      0.0009935 
   2   213   1     0     1     1  1.21       0.212      0.0009935 
   2   214   1     0     1     1  1.21       0.213      0.0009935 
   2   215   1     0     1     1  1.21       0.214      0.0009935 
   2   216   1     0     1     1  1.21       0.215      0.0009935 
   2   217   1     0     1     1  1.22       0.216      0.0009935 
   2   218   1     0     1     1  1.22       0.217      0.0009935 
   2   219   1     0     1     1  1.22       0.218      0.0009935 
   2   220   1     0     1     1  1.22       0.219      0.0009935 
   2   221   1     0     1     1  1.22       0.220      0.0009935 
   2   222   1     0     1     1  1.22       0.221      0.0009935 
   2   223   1     0     1     1  1.22       0.222      0.0009935 
   2   224   1     0     1     1  1.22       0.223      0.0009935 
   2   225   1     0     1     1  1.22       0.224      0.0009935 
   2   226   1     0     1     1  1.22       0.225      0.0009935 
   2   227   1     0     1     1  1.23       0.226      0.0009935 
   2   228   1     0     1     1  1.23       0.227      0.0009935 
   2   229   1     0     1     1  1.23       0.228      0.0009935 
   2   230   1     0     1     1  1.23       0.228      0.0009935 
   2   231   1     0     1     1  1.23       0.229      0.0009935 
   2   232   1     0     1     1  1.23       0.230      0.0009935 
   2   233   1     0     1     1  1.23       0.231      0.0009935 
   2   234   1     0     1     1  1.23       0.232      0.0009935 
   2   235   1     0     1     1  1.23       0.233      0.0009935 
   2   236   1     0     1     1  1.23       0.234      0.0009935 
   2   237   1     0     1     1  1.24       0.235      0.0009935 
   2   238   1     0     1     1  1.24       0.236      0.0009935 
   2   239   1     0     1     1  1.24       0.237      0.0009935 
   2   240   1     0     1     1  1.24       0.238      0.0009935 
   2   241   1     0     1     1  1.24       0.239      0.0009935 
   2   242   1     0     1     1  1.24       0.240      0.0009935 
   2   243   1     0     1     1  1.24       0.241      0.0009935 
   2   244   1     0     1     1  1.24       0.242      0.0009935 
   2   245   1     0     1     1  1.24       0.243      0.0009935 
   2   246   1     0     1     1  1.24       0.244      0.0009935 
   2   247   1     0     1     1  1.25       0.245      0.0009935 
   2   248   1     0     1     1  1.25       0.246      0.0009935 
   2   249   1     0     1     1  1.25       0.247      0.0009935 
   2   250   1     0     1     1  1.25       0.248      0.0009935 
   2   251   1     0     1     1  1.25       0.249      0.0009935 
   2   252   1     0     1     1  1.25       0.250      0.0009935 
   2   253   1     0     1     1  1.25       0.251      0.0009935 
   2   254   1     0     1     1  1.25       0.252      0.0009935 
   2   255   1     0     1     1  1.25       0.253      0.0009935 
   2   256   1     0     1     1  1.25       0.254      0.0009935 
   2   257   1     0     1     1  1.26       0.255      0.0009935 
   2   258   1     0     1     1  1.26       0.256      0.0009935 
   2   259   1     0     1     1  1.26       0.257      0.0009935 
   2   260   1     0     1     1  1.26       0.258      0.0009935 
   2   261   1     0     1     1  1.26       0.259      0.0009935 
   2   262   1     0     1     1  1.26       0.260      0.0009935 
   2   263   1     0     1     1  1.26       0.261      0.0009935 
   2   264   1     0     1     1  1.26       0.262      0.0009935 
   2   265   1     0     1     1  1.26       0.263      0.0009935 
   2   266   1     0     1     1  1.26       0.264      0.0009935 
   2   267   1     0     1     1  1.27       0.265      0.0009935 
   2   268   1     0     1     1  1.27       0.266      0.0009935 
   2   269   1     0     1     1  1.27       0.267      0.0009935 
   2   270   1     0     1     1  1.27       0.268      0.0009935 
   2   271   1     0     1     1  1.27       0.269      0.0009935 
   2   272   1     0     1     1  1.27       0.270      0.0009935 
   2   273   1     0     1     1  1.27       0.271      0.0009935 
   2   274   1     0     1     1  1.27       0.272      0.0009935 
   2   275   1     0     1     1  1.27       0.273      0.0009935 
   2   276   1     0     1     1  1.27       0.274      0.0009935 
   2   277   1     0     1     1  1.28       0.275      0.0009935 
   2   278   1     0     1     1  1.28       0.276      0.0009935 
   2   279   1     0     1     1  1.28       0.277      0.0009935 
   2   280   1     0     1     1  1.28       0.278      0.0009935 
   2   281   1     0     1     1  1.28       0.279      0.0009935 
   2   282   1     0     1     1  1.28       0.280      0.0009935 
   2   283   1     0     1     1  1.28       0.281      0.0009935 
   2   284   1     0     1     1  1.28       0.282      0.0009935 
   2   285   1     0     1     1  1.28       0.283      0.0009935 
   2   286   1     0     1     1  1.28       0.284      0.0009935 
   2   287   1     0     1     1  1.29       0.285      0.0009935 
   2   288   1     0     1     1  1.29       0.286      0.0009935 
   2   289   1     0     1     1  1.29       0.287      0.0009935 
   2   290   1     0     1     1  1.29       0.288      0.0009935 
   2   291   1     0     1     1  1.29       0.289      0.0009935 
   2   292   1     0     1     1  1.29       0.290      0.0009935 
   2   293   1     0     1     1  1.29       0.291      0.0009935 
   2   294   1     0     1     1  1.29       0.292      0.0009935 
   2   295   1     0     1     1  1.29       0.293      0.0009935 
   2   296   1     0     1     1  1.29       0.294      0.0009935 
   2   297   1     0     1     1  1.30       0.295      0.0009935 
   2   298   1     0     1     1  1.30       0.296      0.0009935 
   2   299   1     0     1     1  1.30       0.297      0.0009935 
   2   300   1     0     1     1  1.30       0.298      0.0009935 
   2   301   1     0     1     1  1.30       0.299      0.0009935 
   2   302   1     0     1     1  1.30       0.300      0.0009935 
   2   303   1     0     1     1  1.30       0.301      0.0009935 
   2   304   1     0     1     1  1.30       0.302      0.0009935 
   2   305   1     0     1     1  1.30       0.303      0.0009935 
   2   306   1     0     1     1  1.30       0.304      0.0009935 
   2   307   1     0     1     1  1.30       0.305      0.0009935 
   2   308   1     0     1     1  1.31       0.306      0.0009935 
   2   309   1     0     1     1  1.31       0.307      0.0009935 
   2   310   1     0     1     1  1.31       0.308      0.0009935 
   2   311   1     0     1     1  1.31       0.309      0.0009935 
   2   312   1     0     1     1  1.31       0.310      0.0009935 
   2   313   1     0     1     1  1.31       0.311      0.0009935 
   2   314   1     0     1     1  1.31       0.312      0.0009935 
   2   315   1     0     1     1  1.31       0.313      0.0009935 
   2   316   1     0     1     1  1.31       0.314      0.0009935 
   2   317   1     0     1     1  1.31       0.315      0.0009935 
   2   318   1     0     1     1  1.32       0.316      0.0009935 
   2   319   1     0     1     1  1.32       0.317      0.0009935 
   2   320   1     0     1     1  1.32       0.318      0.0009935 
   2   321   1     0     1     1  1.32       0.319      0.0009935 
   2   322   1     0     1     1  1.32       0.320      0.0009935 
   2   323   1     0     1     1  1.32       0.321      0.0009935 
   2   324   1     0     1     1  1.32       0.322      0.0009935 
   2   325   1     0     1     1  1.32       0.323      0.0009935 
   2   326   1     0     1     1  1.32       0.324      0.0009935 
   2   327   1     0     1     1  1.32       0.325      0.0009935 
   2   328   1     0     1     1  1.33       0.326      0.0009935 
   2   329   1     0     1     1  1.33       0.327      0.0009935 
   2   330   1     0     1     1  1.33       0.328      0.0009935 
   2   331   1     0     1     1  1.33       0.329      0.0009935 
   2   332   1     0     1     1  1.33       0.330      0.0009935 
   2   333   1     0     1     1  1.33       0.331      0.0009935 
   2   334   1     0     1     1  1.33       0.332      0.0009935 
   2   335   1     0     1     1  1.33       0.333      0.0009935 
   2   336   1     0     1     1  1.33       0.334      0.0009935 
   2   337   1     0     1     1  1.33       0.335      0.0009935 
   2   338   1     0     1     1  1.34       0.336      0.0009935 
   2   339   1     0     1     1  1.34       0.337      0.0009935 
   2   340   1     0     1     1  1.34       0.338      0.0009935 
   2   341   1     0     1     1  1.34       0.339      0.0009935 
   2   342   1     0     1     1  1.34       0.340      0.0009935 
   2   343   1     0     1     1  1.34       0.341      0.0009935 
   2   344   1     0     1     1  1.34       0.342      0.0009935 
   2   345   1     0     1     1  1.34       0.343      0.0009935 
   2   346   1     0     1     1  1.34       0.344      0.0009935 
   2   347   1     0     1     1  1.34       0.345      0.0009935 
   2   348   1     0     1     1  1.35       0.346      0.0009935 
   2   349   1     0     1     1  1.35       0.347      0.0009935 
   2   350   1     0     1     1  1.35       0.348      0.0009935 
   2   351   1     0     1     1  1.35       0.349      0.0009935 
   2   352   1     0     1     1  1.35       0.350      0.0009935 
   2   353   1     0     1     1  1.35       0.351      0.0009935 
   2   354   1     0     1     1  1.35       0.352      0.0009935 
   2   355   1     0     1     1  1.35       0.353      0.0009935 
   2   356   1     0     1     1  1.35       0.354      0.0009935 
   2   357   1     0     1     1  1.35       0.355      0.0009935 
   2   358   1     0     1     1  1.36       0.356      0.0009935 
   2   359   1     0     1     1  1.36       0.357      0.0009935 
   2   360   1     0     1     1  1.36       0.358      0.0009935 
   2   361   1     0     1     1  1.36       0.359      0.0009935 
   2   362   1     0     1     1  1.36       0.360      0.0009935 
   2   363   1     0     1     1  1.36       0.361      0.0009935 
   2   364   1     0     1     1  1.36       0.362      0.0009935 
   2   365   1     0     1     1  1.36       0.363      0.0009935 
   2   366   1     0     1     1  1.36       0.364      0.0009935 
   2   367   1     0     1     1  1.36       0.365      0.0009935 
   2   368   1     0     1     1  1.37       0.366      0.0009935 
   2   369   1     0     1     1  1.37       0.367      0.0009935 
   2   370   1     0     1     1  1.37       0.368      0.0009935 
   2   371   1     0     1     1  1.37       0.369      0.0009935 
   2   372   1     0     1     1  1.37       0.370      0.0009935 
   2   373   1     0     1     1  1.37       0.371      0.0009935 
   2   374   1     0     1     1  1.37       0.372      0.0009935 
   2   375   1     0     1     1  1.37       0.373      0.0009935 
   2   376   1     0     1     1  1.37       0.374      0.0009935 
   2   377   1     0     1     1  1.37       0.375      0.0009935 
   2   378   1     0     1     1  1.38       0.376      0.0009935 
   2   379   1     0     1     1  1.38       0.377      0.0009935 
   2   380   1     0     1     1  1.38       0.378      0.0009935 
   2   381   1     0     1     1  1.38       0.379      0.0009935 
   2   382   1     0     1     1  1.38       0.380      0.0009935 
   2   383   1     0     1     1  1.38       0.380      0.0009935 
   2   384   1     0     1     1  1.38       0.381      0.0009935 
   2   385   1     0     1     1  1.38       0.382      0.0009935 
   2   386   1     0     1     1  1.38       0.383      0.0009935 
   2   387   1     0     1     1  1.38       0.384      0.0009935 
   2   388   1     0     1     1  1.39       0.385      0.0009935 
   2   389   1     0     1     1  1.39       0.386      0.0009935 
   2   390   1     0     1     1  1.39       0.387      0.0009935 
   2   391   1     0     1     1  1.39       0.388      0.0009935 
   2   392   1     0     1     1  1.39       0.389      0.0009935 
   2   393   1     0     1     1  1.39       0.390      0.0009935 
   2   394   1     0     1     1  1.39       0.391      0.0009935 
   2   395   1     0     1     1  1.39       0.392      0.0009935 
   2   396   1     0     1     1  1.39       0.393      0.0009935 
   2   397   1     0     1     1  1.39       0.394      0.0009935 
   2   398   1     0     1     1  1.40       0.395      0.0009935 
   2   399   1     0     1     1  1.40       0.396      0.0009935 
   2   400   1     0     1     1  1.40       0.397      0.0009935 
   2   401   1     0     1     1  1.40       0.398      0.0009935 
   2   402   1     0     1     1  1.40       0.399      0.0009935 
   2   403   1     0     1     1  1.40       0.400      0.0009935 
   2   404   1     0     1     1  1.40       0.401      0.0009935 
   2   405   1     0     1     1  1.40       0.402      0.0009935 
   2   406   1     0     1     1  1.40       0.403      0.0009935 
   2   407   1     0     1     1  1.40       0.404      0.0009935 
   2   408   1     0     1     1  1.41       0.405      0.0009935 
   2   409   1     0     1     1  1.41       0.406      0.0009935 
   2   410   1     0     1     1  1.41       0.407      0.0009935 
   2   411   1     0     1     1  1.41       0.408      0.0009935 
   2   412   1     0     1     1  1.41       0.409      0.0009935 
   2   413   1     0     1     1  1.41       0.410      0.0009935 
   2   414   1     0     1     1  1.41       0.411      0.0009935 
   2   415   1     0     1     1  1.41       0.412      0.0009935 
   2   416   1     0     1     1  1.41       0.413      0.0009935 
   2   417   1     0     1     1  1.41       0.414      0.0009935 
   2   418   1     0     1     1  1.42       0.415      0.0009935 
   2   419   1     0     1     1  1.42       0.416      0.0009935 
   2   420   1     0     1     1  1.42       0.417      0.0009935 
   2   421   1     0     1     1  1.42       0.418      0.0009935 
   2   422   1     0     1     1  1.42       0.419      0.0009935 
   2   423   1     0     1     1  1.42       0.420      0.0009935 
   2   424   1     0     1     1  1.42       0.421      0.0009935 
   2   425   1     0     1     1  1.42       0.422      0.0009935 
   2   426   1     0     1     1  1.42       0.423      0.0009935 
   2   427   1     0     1     1  1.42       0.424      0.0009935 
   2   428   1     0     1     1  1.43       0.425      0.0009935 
   2   429   1     0     1     1  1.43       0.426      0.0009935 
   2   430   1     0     1     1  1.43       0.427      0.0009935 
   2   431   1     0     1     1  1.43       0.428      0.0009935 
   2   432   1     0     1     1  1.43       0.429      0.0009935 
   2   433   1     0     1     1  1.43       0.430      0.0009935 
   2   434   1     0     1     1  1.43       0.431      0.0009935 
   2   435   1     0     1     1  1.43       0.432      0.0009935 
   2   436   1     0     1     1  1.43       0.433      0.0009935 
   2   437   1     0     1     1  1.43       0.434      0.0009935 
   2   438   1     0     1     1  1.44       0.435      0.0009935 
   2   439   1     0     1     1  1.44       0.436      0.0009935 
   2   440   1     0     1     1  1.44       0.437      0.0009935 
   2   441   1     0     1     1  1.44       0.438      0.0009935 
   2   442   1     0     1     1  1.44       0.439      0.0009935 
   2   443   1     0     1     1  1.44       0.440      0.0009935 
   2   444   1     0     1     1  1.44       0.441      0.0009935 
   2   445   1     0     1     1  1.44       0.442      0.0009935 
   2   446   1     0     1     1  1.44       0.443      0.0009935 
   2   447   1     0     1     1  1.44       0.444      0.0009935 
   2   448   1     0     1     1  1.45       0.445      0.0009935 
   2   449   1     0     1     1  1.45       0.446      0.0009935 
   2   450   1     0     1     1  1.45       0.447      0.0009935 
   2   451   1     0     1     1  1.45       0.448      0.0009935 
   2   452   1     0     1     1  1.45       0.449      0.0009935 
   2   453   1     0     1     1  1.45       0.450      0.0009935 
   2   454   1     0     1     1  1.45       0.451      0.0009935 
   2   455   1     0     1     1  1.45       0.452      0.0009935 
   2   456   1     0     1     1  1.45       0.453      0.0009935 
   2   457   1     0     1     1  1.45       0.454      0.0009935 
   2   458   1     0     1     1  1.46       0.455      0.0009935 
   2   459   1     0     1     1  1.46       0.456      0.0009935 
   2   460   1     0     1     1  1.46       0.457      0.0009935 
   2   461   1     0     1     1  1.46       0.458      0.0009935 
   2   462   1     0     1     1  1.46       0.459      0.0009935 
   2   463   1     0     1     1  1.46       0.460      0.0009935 
   2   464   1     0     1     1  1.46       0.461      0.0009935 
   2   465   1     0     1     1  1.46       0.462      0.0009935 
   2   466   1     0     1     1  1.46       0.463      0.0009935 
   2   467   1     0     1     1  1.46       0.464      0.0009935 
   2   468   1     0     1     1  1.46       0.465      0.0009935 
   2   469   1     0     1     1  1.47       0.466      0.0009935 
   2   470   1     0     1     1  1.47       0.467      0.0009935 
   2   471   1     0     1     1  1.47       0.468      0.0009935 
   2   472   1     0     1     1  1.47       0.469      0.0009935 
   2   473   1     0     1     1  1.47       0.470      0.0009935 
   2   474   1     0     1     1  1.47       0.471      0.0009935 
   2   475   1     0     1     1  1.47       0.472      0.0009935 
   2   476   1     0     1     1  1.47       0.473      0.0009935 
   2   477   1     0     1     1  1.47       0.474      0.0009935 
   2   478   1     0     1     1  1.47       0.475      0.0009935 
   2   479   1     0     1     1  1.48       0.476      0.0009935 
   2   480   1     0     1     1  1.48       0.477      0.0009935 
   2   481   1     0     1     1  1.48       0.478      0.0009935 
   2   482   1     0     1     1  1.48       0.479      0.0009935 
   2   483   1     0     1     1  1.48       0.480      0.0009935 
   2   484   1     0     1     1  1.48       0.481      0.0009935 
   2   485   1     0     1     1  1.48       0.482      0.0009935 
   2   486   1     0     1     1  1.48       0.483      0.0009935 
   2   487   1     0     1     1  1.48       0.484      0.0009935 
   2   488   1     0     1     1  1.48       0.485      0.0009935 
   2   489   1     0     1     1  1.49       0.486      0.0009935 
   2   490   1     0     1     1  1.49       0.487      0.0009935 
   2   491   1     0     1     1  1.49       0.488      0.0009935 
   2   492   1     0     1     1  1.49       0.489      0.0009935 
   2   493   1     0     1     1  1.49       0.490      0.0009935 
   2   494   1     0     1     1  1.49       0.491      0.0009935 
   2   495   1     0     1     1  1.49       0.492      0.0009935 
   2   496   1     0     1     1  1.49       0.493      0.0009935 
   2   497   1     0     1     1  1.49       0.494      0.0009935 
   2   498   1     0     1     1  1.49       0.495      0.0009935 
   2   499   1     0     1     1  1.50       0.496      0.0009935 
   2   500   1     0     1     1  1.50       0.497      0.0009935 
   2   501   1     0     1     1  1.50       0.498      0.0009935 
   2   502   1     0     1     1  1.50       0.499      0.0009935 
   2   503   1     0     1     1  1.50       0.500      0.0009935 
   2   504   1     0     1     1  1.50       0.501      0.0009935 
   2   505   1     0     1     1  1.50       0.502      0.0009935 
   2   506   1     0     1     1  1.50       0.503      0.0009935 
   2   507   1     0     1     1  1.50       0.504      0.0009935 
   2   508   1     0     1     1  1.50       0.505      0.0009935 
   2   509   1     0     1     1  1.51       0.506      0.0009935 
   2   510   1     0     1     1  1.51       0.507      0.0009935 
   2   511   1     0     1     1  1.51       0.508      0.0009935 
   2   512   1     0     1     1  1.51       0.509      0.0009935 
   2   513   1     0     1     1  1.51       0.510      0.0009935 
   2   514   1     0     1     1  1.51       0.511      0.0009935 
   2   515   1     0     1     1  1.51       0.512      0.0009935 
   2   516   1     0     1     1  1.51       0.513      0.0009935 
   2   517   1     0     1     1  1.51       0.514      0.0009935 
   2   518   1     0     1     1  1.51       0.515      0.0009935 
   2   519   1     0     1     1  1.52       0.516      0.0009935 
   2   520   1     0     1     1  1.52       0.517      0.0009935 
   2   521   1     0     1     1  1.52       0.518      0.0009935 
   2   522   1     0     1     1  1.52       0.519      0.0009935 
   2   523   1     0     1     1  1.52       0.520      0.0009935 
   2   524   1     0     1     1  1.52       0.521      0.0009935 
   2   525   1     0     1     1  1.52       0.522      0.0009935 
   2   526   1     0     1     1  1.52       0.523      0.0009935 
   2   527   1     0     1     1  1.52       0.524      0.0009935 
   2   528   1     0     1     1  1.52       0.525      0.0009935 
   2   529   1     0     1     1  1.53       0.526      0.0009935 
   2   530   1     0     1     1  1.53       0.527      0.0009935 
   2   531   1     0     1     1  1.53       0.528      0.0009935 
   2   532   1     0     1     1  1.53       0.529      0.0009935 
   2   533   1     0     1     1  1.53       0.530      0.0009935 
   2   534   1     0     1     1  1.53       0.531      0.0009935 
   2   535   1     0     1     1  1.53       0.532      0.0009935 
   2   536   1     0     1     1  1.53       0.532      0.0009935 
   2   537   1     0     1     1  1.53       0.533      0.0009935 
   2   538   1     0     1     1  1.53       0.534      0.0009935 
   2   539   1     0     1     1  1.54       0.535      0.0009935 
   2   540   1     0     1     1  1.54       0.536      0.0009935 
   2   541   1     0     1     1  1.54       0.537      0.0009935 
   2   542   1     0     1     1  1.54       0.538      0.0009935 
   2   543   1     0     1     1  1.54       0.539      0.0009935 
   2   544   1     0     1     1  1.54       0.540      0.0009935 
   2   545   1     0     1     1  1.54       0.541      0.0009935 
   2   546   1     0     1     1  1.54       0.542      0.0009935 
   2   547   1     0     1     1  1.54       0.543      0.0009935 
   2   548   1     0     1     1  1.54       0.544      0.0009935 
   2   549   1     0     1     1  1.55       0.545      0.0009935 
   2   550   1     0     1     1  1.55       0.546      0.0009935 
   2   551   1     0     1     1  1.55       0.547      0.0009935 
   2   552   1     0     1     1  1.55       0.548      0.0009935 
   2   553   1     0     1     1  1.55       0.549      0.0009935 
   2   554   1     0     1     1  1.55       0.550      0.0009935 
   2   555   1     0     1     1  1.55       0.551      0.0009935 
   2   556   1     0     1     1  1.55       0.552      0.0009935 
   2   557   1     0     1     1  1.55       0.553      0.0009935 
   2   558   1     0     1     1  1.55       0.554      0.0009935 
   2   559   1     0     1     1  1.56       0.555      0.0009935 
   2   560   1     0     1     1  1.56       0.556      0.0009935 
   2   561   1     0     1     1  1.56       0.557      0.0009935 
   2   562   1     0     1     1  1.56       0.558      0.0009935 
   2   563   1     0     1     1  1.56       0.559      0.0009935 
   2   564   1     0     1     1  1.56       0.560      0.0009935 
   2   565   1     0     1     1  1.56       0.561      0.0009935 
   2   566   1     0     1     1  1.56       0.562      0.0009935 
   2   567   1     0     1     1  1.56       0.563      0.0009935 
   2   568   1     0     1     1  1.56       0.564      0.0009935 
   2   569   1     0     1     1  1.57       0.565      0.0009935 
   2   570   1     0     1     1  1.57       0.566      0.0009935 
   2   571   1     0     1     1  1.57       0.567      0.0009935 
   2   572   1     0     1     1  1.57       0.568      0.0009935 
   2   573   1     0     1     1  1.57       0.569      0.0009935 
   2   574   1     0     1     1  1.57       0.570      0.0009935 
   2   575   1     0     1     1  1.57       0.571      0.0009935 
   2   576   1     0     1     1  1.57       0.572      0.0009935 
   2   577   1     0     1     1  1.57       0.573      0.0009935 
   2   578   1     0     1     1  1.57       0.574      0.0009935 
   2   579   1     0     1     1  1.58       0.575      0.0009935 
   2   580   1     0     1     1  1.58       0.576      0.0009935 
   2   581   1     0     1     1  1.58       0.577      0.0009935 
   2   582   1     0     1     1  1.58       0.578      0.0009935 
   2   583   1     0     1     1  1.58       0.579      0.0009935 
   2   584   1     0     1     1  1.58       0.580      0.0009935 
   2   585   1     0     1     1  1.58       0.581      0.0009935 
   2   586   1     0     1     1  1.58       0.582      0.0009935 
   2   587   1     0     1     1  1.58       0.583      0.0009935 
   2   588   1     0     1     1  1.58       0.584      0.0009935 
   2   589   1     0     1     1  1.59       0.585      0.0009935 
   2   590   1     0     1     1  1.59       0.586      0.0009935 
   2   591   1     0     1     1  1.59       0.587      0.0009935 
   2   592   1     0     1     1  1.59       0.588      0.0009935 
   2   593   1     0     1     1  1.59       0.589      0.0009935 
   2   594   1     0     1     1  1.59       0.590      0.0009935 
   2   595   1     0     1     1  1.59       0.591      0.0009935 
   2   596   1     0     1     1  1.59       0.592      0.0009935 
   2   597   1     0     1     1  1.59       0.593      0.0009935 
   2   598   1     0     1     1  1.59       0.594      0.0009935 
   2   599   1     0     1     1  1.60       0.595      0.0009935 
   2   600   1     0     1     1  1.60       0.596      0.0009935 
   2   601   1     0     1     1  1.60       0.597      0.0009935 
   2   602   1     0     1     1  1.60       0.598      0.0009935 
   2   603   1     0     1     1  1.60       0.599      0.0009935 
   2   604   1     0     1     1  1.60       0.600      0.0009935 
   2   605   1     0     1     1  1.60       0.601      0.0009935 
   2   606   1     0     1     1  1.60       0.602      0.0009935 
   2   607   1     0     1     1  1.60       0.603      0.0009935 
   2   608   1     0     1     1  1.60       0.604      0.0009935 
   2   609   1     0     1     1  1.61       0.605      0.0009935 
   2   610   1     0     1     1  1.61       0.606      0.0009935 
   2   611   1     0     1     1  1.61       0.607      0.0009935 
   2   612   1     0     1     1  1.61       0.608      0.0009935 
   2   613   1     0     1     1  1.61       0.609      0.0009935 
   2   614   1     0     1     1  1.61       0.610      0.0009935 
   2   615   1     0     1     1  1.61       0.611      0.0009935 
   2   616   1     0     1     1  1.61       0.612      0.0009935 
   2   617   1     0     1     1  1.61       0.613      0.0009935 
   2   618   1     0     1     1  1.61       0.614      0.0009935 
   2   619   1     0     1     1  1.61       0.615      0.0009935 
   2   620   1     0     1     1  1.62       0.616      0.0009935 
   2   621   1     0     1     1  1.62       0.617      0.0009935 
   2   622   1     0     1     1  1.62       0.618      0.0009935 
   2   623   1     0     1     1  1.62       0.619      0.0009935 
   2   624   1     0     1     1  1.62       0.620      0.0009935 
   2   625   1     0     1     1  1.62       0.621      0.0009935 
   2   626   1     0     1     1  1.62       0.622      0.0009935 
   2   627   1     0     1     1  1.62       0.623      0.0009935 
   2   628   1     0     1     1  1.62       0.624      0.0009935 
   2   629   1     0     1     1  1.62       0.625      0.0009935 
   2   630   1     0     1     1  1.63       0.626      0.0009935 
   2   631   1     0     1     1  1.63       0.627      0.0009935 
   2   632   1     0     1     1  1.63       0.628      0.0009935 
   2   633   1     0     1     1  1.63       0.629      0.0009935 
   2   634   1     0     1     1  1.63       0.630      0.0009935 
   2   635   1     0     1     1  1.63       0.631      0.0009935 
   2   636   1     0     1     1  1.63       0.632      0.0009935 
   2   637   1     0     1     1  1.63       0.633      0.0009935 
   2   638   1     0     1     1  1.63       0.634      0.0009935 
   2   639   1     0     1     1  1.63       0.635      0.0009935 
   2   640   1     0     1     1  1.64       0.636      0.0009935 
   2   641   1     0     1     1  1.64       0.637      0.0009935 
   2   642   1     0     1     1  1.64       0.638      0.0009935 
   2   643   1     0     1     1  1.64       0.639      0.0009935 
   2   644   1     0     1     1  1.64       0.640      0.0009935 
   2   645   1     0     1     1  1.64       0.641      0.0009935 
   2   646   1     0     1     1  1.64       0.642      0.0009935 
   2   647   1     0     1     1  1.64       0.643      0.0009935 
   2   648   1     0     1     1  1.64       0.644      0.0009935 
   2   649   1     0     1     1  1.64       0.645      0.0009935 
   2   650   1     0     1     1  1.65       0.646      0.0009935 
   2   651   1     0     1     1  1.65       0.647      0.0009935 
   2   652   1     0     1     1  1.65       0.648      0.0009935 
   2   653   1     0     1     1  1.65       0.649      0.0009935 
   2   654   1     0     1     1  1.65       0.650      0.0009935 
   2   655   1     0     1     1  1.65       0.651      0.0009935 
   2   656   1     0     1     1  1.65       0.652      0.0009935 
   2   657   1     0     1     1  1.65       0.653      0.0009935 
   2   658   1     0     1     1  1.65       0.654      0.0009935 
   2   659   1     0     1     1  1.65       0.655      0.0009935 
   2   660   1     0     1     1  1.66       0.656      0.0009935 
   2   661   1     0     1     1  1.66       0.657      0.0009935 
   2   662   1     0     1     1  1.66       0.658      0.0009935 
   2   663   1     0     1     1  1.66       0.659      0.0009935 
   2   664   1     0     1     1  1.66       0.660      0.0009935 
   2   665   1     0     1     1  1.66       0.661      0.0009935 
   2   666   1     0     1     1  1.66       0.662      0.0009935 
   2   667   1     0     1     1  1.66       0.663      0.0009935 
   2   668   1     0     1     1  1.66       0.664      0.0009935 
   2   669   1     0     1     1  1.66       0.665      0.0009935 
   2   670   1     0     1     1  1.67       0.666      0.0009935 
   2   671   1     0     1     1  1.67       0.667      0.0009935 
   2   672   1     0     1     1  1.67       0.668      0.0009935 
   2   673   1     0     1     1  1.67       0.669      0.0009935 
   2   674   1     0     1     1  1.67       0.670      0.0009935 
   2   675   1     0     1     1  1.67       0.671      0.0009935 
   2   676   1     0     1     1  1.67       0.672      0.0009935 
   2   677   1     0     1     1  1.67       0.673      0.0009935 
   2   678   1     0     1     1  1.67       0.674      0.0009935 
   2   679   1     0     1     1  1.67       0.675      0.0009935 
   2   680   1     0     1     1  1.68       0.676      0.0009935 
   2   681   1     0     1     1  1.68       0.677      0.0009935 
   2   682   1     0     1     1  1.68       0.678      0.0009935 
   2   683   1     0     1     1  1.68       0.679      0.0009935 
   2   684   1     0     1     1  1.68       0.680      0.0009935 
   2   685   1     0     1     1  1.68       0.681      0.0009935 
   2   686   1     0     1     1  1.68       0.682      0.0009935 
   2   687   1     0     1     1  1.68       0.683      0.0009935 
   2   688   1     0     1     1  1.68       0.683      0.0009935 
   2   689   1     0     1     1  1.68       0.684      0.0009935 
   2   690   1     0     1     1  1.69       0.685      0.0009935 
   2   691   1     0     1     1  1.69       0.686      0.0009935 
   2   692   1     0     1     1  1.69       0.687      0.0009935 
   2   693   1     0     1     1  1.69       0.688      0.0009935 
   2   694   1     0     1     1  1.69       0.689      0.0009935 
   2   695   1     0     1     1  1.69       0.690      0.0009935 
   2   696   1     0     1     1  1.69       0.691      0.0009935 
   2   697   1     0     1     1  1.69       0.692      0.0009935 
   2   698   1     0     1     1  1.69       0.693      0.0009935 
   2   699   1     0     1     1  1.69       0.694      0.0009935 
   2   700   1     0     1     1  1.70       0.695      0.0009935 
   2   701   1     0     1     1  1.70       0.696      0.0009935 
   2   702   1     0     1     1  1.70       0.697      0.0009935 
   2   703   1     0     1     1  1.70       0.698      0.0009935 
   2   704   1     0     1     1  1.70       0.699      0.0009935 
   2   705   1     0     1     1  1.70       0.700      0.0009935 
   2   706   1     0     1     1  1.70       0.701      0.0009935 
   2   707   1     0     1     1  1.70       0.702      0.0009935 
   2   708   1     0     1     1  1.70       0.703      0.0009935 
   2   709   1     0     1     1  1.70       0.704      0.0009935 
   2   710   1     0     1     1  1.71       0.705      0.0009935 
   2   711   1     0     1     1  1.71       0.706      0.0009935 
   2   712   1     0     1     1  1.71       0.707      0.0009935 
   2   713   1     0     1     1  1.71       0.708      0.0009935 
   2   714   1     0     1     1  1.71       0.709      0.0009935 
   2   715   1     0     1     1  1.71       0.710      0.0009935 
   2   716   1     0     1     1  1.71       0.711      0.0009935 
   2   717   1     0     1     1  1.71       0.712      0.0009935 
   2   718   1     0     1     1  1.71       0.713      0.0009935 
   2   719   1     0     1     1  1.71       0.714      0.0009935 
   2   720   1     0     1     1  1.72       0.715      0.0009935 
   2   721   1     0     1     1  1.72       0.716      0.0009935 
   2   722   1     0     1     1  1.72       0.717      0.0009935 
   2   723   1     0     1     1  1.72       0.718      0.0009935 
   2   724   1     0     1     1  1.72       0.719      0.0009935 
   2   725   1     0     1     1  1.72       0.720      0.0009935 
   2   726   1     0     1     1  1.72       0.721      0.0009935 
   2   727   1     0     1     1  1.72       0.722      0.0009935 
   2   728   1     0     1     1  1.72       0.723      0.0009935 
   2   729   1     0     1     1  1.72       0.724      0.0009935 
   2   730   1     0     1     1  1.73       0.725      0.0009935 
   2   731   1     0     1     1  1.73       0.726      0.0009935 
   2   732   1     0     1     1  1.73       0.727      0.0009935 
   2   733   1     0     1     1  1.73       0.728      0.0009935 
   2   734   1     0     1     1  1.73       0.729      0.0009935 
   2   735   1     0     1     1  1.73       0.730      0.0009935 
   2   736   1     0     1     1  1.73       0.731      0.0009935 
   2   737   1     0     1     1  1.73       0.732      0.0009935 
   2   738   1     0     1     1  1.73       0.733      0.0009935 
   2   739   1     0     1     1  1.73       0.734      0.0009935 
   2   740   1     0     1     1  1.74       0.735      0.0009935 
   2   741   1     0     1     1  1.74       0.736      0.0009935 
   2   742   1     0     1     1  1.74       0.737      0.0009935 
   2   743   1     0     1     1  1.74       0.738      0.0009935 
   2   744   1     0     1     1  1.74       0.739      0.0009935 
   2   745   1     0     1     1  1.74       0.740      0.0009935 
   2   746   1     0     1     1  1.74       0.741      0.0009935 
   2   747   1     0     1     1  1.74       0.742      0.0009935 
   2   748   1     0     1     1  1.74       0.743      0.0009935 
   2   749   1     0     1     1  1.74       0.744      0.0009935 
   2   750   1     0     1     1  1.75       0.745      0.0009935 
   2   751   1     0     1     1  1.75       0.746      0.0009935 
   2   752   1     0     1     1  1.75       0.747      0.0009935 
   2   753   1     0     1     1  1.75       0.748      0.0009935 
   2   754   1     0     1     1  1.75       0.749      0.0009935 
   2   755   1     0     1     1  1.75       0.750      0.0009935 
   2   756   1     0     1     1  1.75       0.751      0.0009935 
   2   757   1     0     1     1  1.75       0.752      0.0009935 
   2   758   1     0     1     1  1.75       0.753      0.0009935 
   2   759   1     0     1     1  1.75       0.754      0.0009935 
   2   760   1     0     1     1  1.76       0.755      0.0009935 
   2   761   1     0     1     1  1.76       0.756      0.0009935 
   2   762   1     0     1     1  1.76       0.757      0.0009935 
   2   763   1     0     1     1  1.76       0.758      0.0009935 
   2   764   1     0     1     1  1.76       0.759      0.0009935 
   2   765   1     0     1     1  1.76       0.760      0.0009935 
   2   766   1     0     1     1  1.76       0.761      0.0009935 
   2   767   1     0     1     1  1.76       0.762      0.0009935 
   2   768   1     0     1     1  1.76       0.763      0.0009935 
   2   769   1     0     1     1  1.76       0.764      0.0009935 
   2   770   1     0     1     1  1.76       0.765      0.0009935 
   2   771   1     0     1     1  1.77       0.766      0.0009935 
   2   772   1     0     1     1  1.77       0.767      0.0009935 
   2   773   1     0     1     1  1.77       0.768      0.0009935 
   2   774   1     0     1     1  1.77       0.769      0.0009935 
   2   775   1     0     1     1  1.77       0.770      0.0009935 
   2   776   1     0     1     1  1.77       0.771      0.0009935 
   2   777   1     0     1     1  1.77       0.772      0.0009935 
   2   778   1     0     1     1  1.77       0.773      0.0009935 
   2   779   1     0     1     1  1.77       0.774      0.0009935 
   2   780   1     0     1     1  1.77       0.775      0.0009935 
   2   781   1     0     1     1  1.78       0.776      0.0009935 
   2   782   1     0     1     1  1.78       0.777      0.0009935 
   2   783   1     0     1     1  1.78       0.778      0.0009935 
   2   784   1     0     1     1  1.78       0.779      0.0009935 
   2   785   1     0     1     1  1.78       0.780      0.0009935 
   2   786   1     0     1     1  1.78       0.781      0.0009935 
   2   787   1     0     1     1  1.78       0.782      0.0009935 
   2   788   1     0     1     1  1.78       0.783      0.0009935 
   2   789   1     0     1     1  1.78       0.784      0.0009935 
   2   790   1     0     1     1  1.78       0.785      0.0009935 
   2   791   1     0     1     1  1.79       0.786      0.0009935 
   2   792   1     0     1     1  1.79       0.787      0.0009935 
   2   793   1     0     1     1  1.79       0.788      0.0009935 
   2   794   1     0     1     1  1.79       0.789      0.0009935 
   2   795   1     0     1     1  1.79       0.790      0.0009935 
   2   796   1     0     1     1  1.79       0.791      0.0009935 
   2   797   1     0     1     1  1.79       0.792      0.0009935 
   2   798   1     0     1     1  1.79       0.793      0.0009935 
   2   799   1     0     1     1  1.79       0.794      0.0009935 
   2   800   1     0     1     1  1.79       0.795      0.0009935 
   2   801   1     0     1     1  1.80       0.796      0.0009935 
   2   802   1     0     1     1  1.80       0.797      0.0009935 
   2   803   1     0     1     1  1.80       0.798      0.0009935 
   2   804   1     0     1     1  1.80       0.799      0.0009935 
   2   805   1     0     1     1  1.80       0.800      0.0009935 
   2   806   1     0     1     1  1.80       0.801      0.0009935 
   2   807   1     0     1     1  1.80       0.802      0.0009935 
   2   808   1     0     1     1  1.80       0.803      0.0009935 
   2   809   1     0     1     1  1.80       0.804      0.0009935 
   2   810   1     0     1     1  1.80       0.805      0.0009935 
   2   811   1     0     1     1  1.81       0.806      0.0009935 
   2   812   1     0     1     1  1.81       0.807      0.0009935 
   2   813   1     0     1     1  1.81       0.808      0.0009935 
   2   814   1     0     1     1  1.81       0.809      0.0009935 
   2   815   1     0     1     1  1.81       0.810      0.0009935 
   2   816   1     0     1     1  1.81       0.811      0.0009935 
   2   817   1     0     1     1  1.81       0.812      0.0009935 
   2   818   1     0     1     1  1.81       0.813      0.0009935 
   2   819   1     0     1     1  1.81       0.814      0.0009935 
   2   820   1     0     1     1  1.81       0.815      0.0009935 
   2   821   1     0     1     1  1.82       0.816      0.0009935 
   2   822   1     0     1     1  1.82       0.817      0.0009935 
   2   823   1     0     1     1  1.82       0.818      0.0009935 
   2   824   1     0     1     1  1.82       0.819      0.0009935 
   2   825   1     0     1     1  1.82       0.820      0.0009935 
   2   826   1     0     1     1  1.82       0.821      0.0009935 
   2   827   1     0     1     1  1.82       0.822      0.0009935 
   2   828   1     0     1     1  1.82       0.823      0.0009935 
   2   829   1     0     1     1  1.82       0.824      0.0009935 
   2   830   1     0     1     1  1.82       0.825      0.0009935 
   2   831   1     0     1     1  1.83       0.826      0.0009935 
   2   832   1     0     1     1  1.83       0.827      0.0009935 
   2   833   1     0     1     1  1.83       0.828      0.0009935 
   2   834   1     0     1     1  1.83       0.829      0.0009935 
   2   835   1     0     1     1  1.83       0.830      0.0009935 
   2   836   1     0     1     1  1.83       0.831      0.0009935 
   2   837   1     0     1     1  1.83       0.832      0.0009935 
   2   838   1     0     1     1  1.83       0.833      0.0009935 
   2   839   1     0     1     1  1.83       0.834      0.0009935 
   2   840   1     0     1     1  1.83       0.835      0.0009935 
   2   841   1     0     1     1  1.84       0.835      0.0009935 
   2   842   1     0     1     1  1.84       0.836      0.0009935 
   2   843   1     0     1     1  1.84       0.837      0.0009935 
   2   844   1     0     1     1  1.84       0.838      0.0009935 
   2   845   1     0     1     1  1.84       0.839      0.0009935 
   2   846   1     0     1     1  1.84       0.840      0.0009935 
   2   847   1     0     1     1  1.84       0.841      0.0009935 
   2   848   1     0     1     1  1.84       0.842      0.0009935 
   2   849   1     0     1     1  1.84       0.843      0.0009935 
   2   850   1     0     1     1  1.84       0.844      0.0009935 
   2   851   1     0     1     1  1.85       0.845      0.0009935 
   2   852   1     0     1     1  1.85       0.846      0.0009935 
   2   853   1     0     1     1  1.85       0.847      0.0009935 
   2   854   1     0     1     1  1.85       0.848      0.0009935 
   2   855   1     0     1     1  1.85       0.849      0.0009935 
   2   856   1     0     1     1  1.85       0.850      0.0009935 
   2   857   1     0     1     1  1.85       0.851      0.0009935 
   2   858   1     0     1     1  1.85       0.852      0.0009935 
   2   859   1     0     1     1  1.85       0.853      0.0009935 
   2   860   1     0     1     1  1.85       0.854      0.0009935 
   2   861   1     0     1     1  1.86       0.855      0.0009935 
   2   862   1     0     1     1  1.86       0.856      0.0009935 
   2   863   1     0     1     1  1.86       0.857      0.0009935 
   2   864   1     0     1     1  1.86       0.858      0.0009935 
   2   865   1     0     1     1  1.86       0.859      0.0009935 
   2   866   1     0     1     1  1.86       0.860      0.0009935 
   2   867   1     0     1     1  1.86       0.861      0.0009935 
   2   868   1     0     1     1  1.86       0.862      0.0009935 
   2   869   1     0     1     1  1.86       0.863      0.0009935 
   2   870   1     0     1     1  1.86       0.864      0.0009935 
   2   871   1     0     1     1  1.87       0.865      0.0009935 
   2   872   1     0     1     1  1.87       0.866      0.0009935 
   2   873   1     0     1     1  1.87       0.867      0.0009935 
   2   874   1     0     1     1  1.87       0.868      0.0009935 
   2   875   1     0     1     1  1.87       0.869      0.0009935 
   2   876   1     0     1     1  1.87       0.870      0.0009935 
   2   877   1     0     1     1  1.87       0.871      0.0009935 
   2   878   1     0     1     1  1.87       0.872      0.0009935 
   2   879   1     0     1     1  1.87       0.873      0.0009935 
   2   880   1     0     1     1  1.87       0.874      0.0009935 
   2   881   1     0     1     1  1.88       0.875      0.0009935 
   2   882   1     0     1     1  1.88       0.876      0.0009935 
   2   883   1     0     1     1  1.88       0.877      0.0009935 
   2   884   1     0     1     1  1.88       0.878      0.0009935 
   2   885   1     0     1     1  1.88       0.879      0.0009935 
   2   886   1     0     1     1  1.88       0.880      0.0009935 
   2   887   1     0     1     1  1.88       0.881      0.0009935 
   2   888   1     0     1     1  1.88       0.882      0.0009935 
   2   889   1     0     1     1  1.88       0.883      0.0009935 
   2   890   1     0     1     1  1.88       0.884      0.0009935 
   2   891   1     0     1     1  1.89       0.885      0.0009935 
   2   892   1     0     1     1  1.89       0.886      0.0009935 
   2   893   1     0     1     1  1.89       0.887      0.0009935 
   2   894   1     0     1     1  1.89       0.888      0.0009935 
   2   895   1     0     1     1  1.89       0.889      0.0009935 
   2   896   1     0     1     1  1.89       0.890      0.0009935 
   2   897   1     0     1     1  1.89       0.891      0.0009935 
   2   898   1     0     1     1  1.89       0.892      0.0009935 
   2   899   1     0     1     1  1.89       0.893      0.0009935 
   2   900   1     0     1     1  1.89       0.894      0.0009935 
   2   901   1     0     1     1  1.90       0.895      0.0009935 
   2   902   1     0     1     1  1.90       0.896      0.0009935 
   2   903   1     0     1     1  1.90       0.897      0.0009935 
   2   904   1     0     1     1  1.90       0.898      0.0009935 
   2   905   1     0     1     1  1.90       0.899      0.0009935 
   2   906   1     0     1     1  1.90       0.900      0.0009935 
   2   907   1     0     1     1  1.90       0.901      0.0009935 
   2   908   1     0     1     1  1.90       0.902      0.0009935 
   2   909   1     0     1     1  1.90       0.903      0.0009935 
   2   910   1     0     1     1  1.90       0.904      0.0009935 
   2   911   1     0     1     1  1.91       0.905      0.0009935 
   2   912   1     0     1     1  1.91       0.906      0.0009935 
   2   913   1     0     1     1  1.91       0.907      0.0009935 
   2   914   1     0     1     1  1.91       0.908      0.0009935 
   2   915   1     0     1     1  1.91       0.909      0.0009935 
   2   916   1     0     1     1  1.91       0.910      0.0009935 
   2   917   1     0     1     1  1.91       0.911      0.0009935 
   2   918   1     0     1     1  1.91       0.912      0.0009935 
   2   919   1     0     1     1  1.91       0.913      0.0009935 
   2   920   1     0     1     1  1.91       0.914      0.0009935 
   2   921   1     0     1     1  1.91       0.915      0.0009935 
   2   922   1     0     1     1  1.92       0.916      0.0009935 
   2   923   1     0     1     1  1.92       0.917      0.0009935 
   2   924   1     0     1     1  1.92       0.918      0.0009935 
   2   925   1     0     1     1  1.92       0.919      0.0009935 
   2   926   1     0     1     1  1.92       0.920      0.0009935 
   2   927   1     0     1     1  1.92       0.921      0.0009935 
   2   928   1     0     1     1  1.92       0.922      0.0009935 
   2   929   1     0     1     1  1.92       0.923      0.0009935 
   2   930   1     0     1     1  1.92       0.924      0.0009935 
   2   931   1     0     1     1  1.92       0.925      0.0009935 
   2   932   1     0     1     1  1.93       0.926      0.0009935 
   2   933   1     0     1     1  1.93       0.927      0.0009935 
   2   934   1     0     1     1  1.93       0.928      0.0009935 
   2   935   1     0     1     1  1.93       0.929      0.0009935 
   2   936   1     0     1     1  1.93       0.930      0.0009935 
   2   937   1     0     1     1  1.93       0.931      0.0009935 
   2   938   1     0     1     1  1.93       0.932      0.0009935 
   2   939   1     0     1     1  1.93       0.933      0.0009935 
   2   940   1     0     1     1  1.93       0.934      0.0009935 
   2   941   1     0     1     1  1.93       0.935      0.0009935 
   2   942   1     0     1     1  1.94       0.936      0.0009935 
   2   943   1     0     1     1  1.94       0.937      0.0009935 
   2   944   1     0     1     1  1.94       0.938      0.0009935 
   2   945   1     0     1     1  1.94       0.939      0.0009935 
   2   946   1     0     1     1  1.94       0.940      0.0009935 
   2   947   1     0     1     1  1.94       0.941      0.0009935 
   2   948   1     0     1     1  1.94       0.942      0.0009935 
   2   949   1     0     1     1  1.94       0.943      0.0009935 
   2   950   1     0     1     1  1.94       0.944      0.0009935 
   2   951   1     0     1     1  1.94       0.945      0.0009935 
   2   952   1     0     1     1  1.95       0.946      0.0009935 
   2   953   1     0     1     1  1.95       0.947      0.0009935 
   2   954   1     0     1     1  1.95       0.948      0.0009935 
   2   955   1     0     1     1  1.95       0.949      0.0009935 
   2   956   1     0     1     1  1.95       0.950      0.0009935 
   2   957   1     0     1     1  1.95       0.951      0.0009935 
   2   958   1     0     1     1  1.95       0.952      0.0009935 
   2   959   1     0     1     1  1.95       0.953      0.0009935 
   2   960   1     0     1     1  1.95       0.954      0.0009935 
   2   961   1     0     1     1  1.95       0.955      0.0009935 
   2   962   1     0     1     1  1.96       0.956      0.0009935 
   2   963   1     0     1     1  1.96       0.957      0.0009935 
   2   964   1     0     1     1  1.96       0.958      0.0009935 
   2   965   1     0     1     1  1.96       0.959      0.0009935 
   2   966   1     0     1     1  1.96       0.960      0.0009935 
   2   967   1     0     1     1  1.96       0.961      0.0009935 
   2   968   1     0     1     1  1.96       0.962      0.0009935 
   2   969   1     0     1     1  1.96       0.963      0.0009935 
   2   970   1     0     1     1  1.96       0.964      0.0009935 
   2   971   1     0     1     1  1.96       0.965      0.0009935 
   2   972   1     0     1     1  1.97       0.966      0.0009935 
   2   973   1     0     1     1  1.97       0.967      0.0009935 
   2   974   1     0     1     1  1.97       0.968      0.0009935 
   2   975   1     0     1     1  1.97       0.969      0.0009935 
   2   976   1     0     1     1  1.97       0.970      0.0009935 
   2   977   1     0     1     1  1.97       0.971      0.0009935 
   2   978   1     0     1     1  1.97       0.972      0.0009935 
   2   979   1     0     1     1  1.97       0.973      0.0009935 
   2   980   1     0     1     1  1.97       0.974      0.0009935 
   2   981   1     0     1     1  1.97       0.975      0.0009935 
   2   982   1     0     1     1  1.98       0.976      0.0009935 
   2   983   1     0     1     1  1.98       0.977      0.0009935 
   2   984   1     0     1     1  1.98       0.978      0.0009935 
   2   985   1     0     1     1  1.98       0.979      0.0009935 
   2   986   1     0     1     1  1.98       0.980      0.0009935 
   2   987   1     0     1     1  1.98       0.981      0.0009935 
   2   988   1     0     1     1  1.98       0.982      0.0009935 
   2   989   1     0     1     1  1.98       0.983      0.0009935 
   2   990   1     0     1     1  1.98       0.984      0.0009935 
   2   991   1     0     1     1  1.98       0.985      0.0009935 
   2   992   1     0     1     1  1.99       0.986      0.0009935 
   2   993   1     0     1     1  1.99       0.987      0.0009935 
   2   994   1     0     1     1  1.99       0.987      0.0009935 
   2   995   1     0     1     1  1.99       0.988      0.0009935 
   2   996   1     0     1     1  1.99       0.989      0.0009935 
   2   997   1     0     1     1  1.99       0.990      0.0009935 
   2   998   1     0     1     1  1.99       0.991      0.0009935 
   2   999   1     0     1     1  1.99       0.992      0.0009935 
   2  1000   1     0     1     1  1.99       0.993      0.0009935 
   2  1001   1     0     1     1  1.99       0.994      0.0009935 
   2  1002   1     0     1     1  2.00       0.995      0.0009935 
   2  1003   1     0     1     1  2.00       0.996      0.0009935 
   2  1004   1     0     1     1  2.00       0.997      0.0009935 
   2  1005   1     0     1     1  2.00       0.998      0.0009935 
   2  1006   1     0     1     1  2.00       0.999      0.0009935 
   2  1007   1     0     1     1  2.00       1.00       0.0009935 
   2  1008   1     0     1     1  2.00       1.00       0.0009935 
   2  1009   1     0     1     1  2.00       1.00       0.0009935 
   2  1010   1     0     1     1  2.00       1.00       0.0009935 
   2  1011   1     0     1     1  2.00       1.00       0.0009935 
   2  1012   1     0     1     1  2.01       1.01       0.0009935 
   2  1013   1     0     1     1  2.01       1.01       0.0009935 
   2  1014   1     0     1     1  2.01       1.01       0.0009935 
   2  1015   1     0     1     1  2.01       1.01       0.0009935 
   2  1016   1     0     1     1  2.01       1.01       0.0009935 
   2  1017   1     0     1     1  2.01       1.01       0.0009935 
   2  1018   1     0     1     1  2.01       1.01       0.0009935 
   2  1019   1     0     1     1  2.01       1.01       0.0009935 
   2  1020   1     0     1     1  2.01       1.01       0.0009935 
   2  1021   1     0     1     1  2.01       1.01       0.0009935 
   2  1022   1     0     1     1  2.02       1.02       0.0009935 
   2  1023   1     0     1     1  2.02       1.02       0.0009935 
   2  1024   1     0     1     1  2.02       1.02       0.0009935 
   2  1025   1     0     1     1  2.02       1.02       0.0009935 
   2  1026   1     0     1     1  2.02       1.02       0.0009935 
   2  1027   1     0     1     1  2.02       1.02       0.0009935 
   2  1028   1     0     1     1  2.02       1.02       0.0009935 
   2  1029   1     0     1     1  2.02       1.02       0.0009935 
   2  1030   1     0     1     1  2.02       1.02       0.0009935 
   2  1031   1     0     1     1  2.02       1.02       0.0009935 
   2  1032   1     0     1     1  2.03       1.03       0.0009935 
   2  1033   1     0     1     1  2.03       1.03       0.0009935 
   2  1034   1     0     1     1  2.03       1.03       0.0009935 
   2  1035   1     0     1     1  2.03       1.03       0.0009935 
   2  1036   1     0     1     1  2.03       1.03       0.0009935 
   2  1037   1     0     1     1  2.03       1.03       0.0009935 
   2  1038   1     0     1     1  2.03       1.03       0.0009935 
   2  1039   1     0     1     1  2.03       1.03       0.0009935 
   2  1040   1     0     1     1  2.03       1.03       0.0009935 
   2  1041   1     0     1     1  2.03       1.03       0.0009935 
   2  1042   1     0     1     1  2.04       1.04       0.0009935 
   2  1043   1     0     1     1  2.04       1.04       0.0009935 
   2  1044   1     0     1     1  2.04       1.04       0.0009935 
   2  1045   1     0     1     1  2.04       1.04       0.0009935 
   2  1046   1     0     1     1  2.04       1.04       0.0009935 
   2  1047   1     0     1     1  2.04       1.04       0.0009935 
   2  1048   1     0     1     1  2.04       1.04       0.0009935 
   2  1049   1     0     1     1  2.04       1.04       0.0009935 
   2  1050   1     0     1     1  2.04       1.04       0.0009935 
   2  1051   1     0     1     1  2.04       1.04       0.0009935 
   2  1052   1     0     1     1  2.05       1.05       0.0009935 
   2  1053   1     0     1     1  2.05       1.05       0.0009935 
   2  1054   1     0     1     1  2.05       1.05       0.0009935 
   2  1055   1     0     1     1  2.05       1.05       0.0009935 
   2  1056   1     0     1     1  2.05       1.05       0.0009935 
   2  1057   1     0     1     1  2.05       1.05       0.0009935 
   2  1058   1     0     1     1  2.05       1.05       0.0009935 
   2  1059   1     0     1     1  2.05       1.05       0.0009935 
   2  1060   1     0     1     1  2.05       1.05       0.0009935 
   2  1061   1     0     1     1  2.05       1.05       0.0009935 
   2  1062   1     0     1     1  2.06       1.06       0.0009935 
   2  1063   1     0     1     1  2.06       1.06       0.0009935 
   2  1064   1     0     1     1  2.06       1.06       0.0009935 
   2  1065   1     0     1     1  2.06       1.06       0.0009935 
   2  1066   1     0     1     1  2.06       1.06       0.0009935 
   2  1067   1     0     1     1  2.06       1.06       0.0009935 
   2  1068   1     0     1     1  2.06       1.06       0.0009935 
   2  1069   1     0     1     1  2.06       1.06       0.0009935 
   2  1070   1     0     1     1  2.06       1.06       0.0009935 
   2  1071   1     0     1     1  2.06       1.06       0.0009935 
   2  1072   1     0     1     1  2.06       1.06       0.0009935 
   2  1073   1     0     1     1  2.07       1.07       0.0009935 
   2  1074   1     0     1     1  2.07       1.07       0.0009935 
   2  1075   1     0     1     1  2.07       1.07       0.0009935 
   2  1076   1     0     1     1  2.07       1.07       0.0009935 
   2  1077   1     0     1     1  2.07       1.07       0.0009935 
   2  1078   1     0     1     1  2.07       1.07       0.0009935 
   2  1079   1     0     1     1  2.07       1.07       0.0009935 
   2  1080   1     0     1     1  2.07       1.07       0.0009935 
   2  1081   1     0     1     1  2.07       1.07       0.0009935 
   2  1082   1     0     1     1  2.07       1.07       0.0009935 
   2  1083   1     0     1     1  2.08       1.08       0.0009935 
   2  1084   1     0     1     1  2.08       1.08       0.0009935 
   2  1085   1     0     1     1  2.08       1.08       0.0009935 
   2  1086   1     0     1     1  2.08       1.08       0.0009935 
   2  1087   1     0     1     1  2.08       1.08       0.0009935 
   2  1088   1     0     1     1  2.08       1.08       0.0009935 
   2  1089   1     0     1     1  2.08       1.08       0.0009935 
   2  1090   1     0     1     1  2.08       1.08       0.0009935 
   2  1091   1     0     1     1  2.08       1.08       0.0009935 
   2  1092   1     0     1     1  2.08       1.08       0.0009935 
   2  1093   1     0     1     1  2.09       1.09       0.0009935 
   2  1094   1     0     1     1  2.09       1.09       0.0009935 
   2  1095   1     0     1     1  2.09       1.09       0.0009935 
   2  1096   1     0     1     1  2.09       1.09       0.0009935 
   2  1097   1     0     1     1  2.09       1.09       0.0009935 
   2  1098   1     0     1     1  2.09       1.09       0.0009935 
   2  1099   1     0     1     1  2.09       1.09       0.0009935 
   2  1100   1     0     1     1  2.09       1.09       0.0009935 
   2  1101   1     0     1     1  2.09       1.09       0.0009935 
   2  1102   1     0     1     1  2.09       1.09       0.0009935 
   2  1103   1     0     1     1  2.10       1.10       0.0009935 
   2  1104   1     0     1     1  2.10       1.10       0.0009935 
   2  1105   1     0     1     1  2.10       1.10       0.0009935 
   2  1106   1     0     1     1  2.10       1.10       0.0009935 
   2  1107   1     0     1     1  2.10       1.10       0.0009935 
   2  1108   1     0     1     1  2.10       1.10       0.0009935 
   2  1109   1     0     1     1  2.10       1.10       0.0009935 
   2  1110   1     0     1     1  2.10       1.10       0.0009935 
   2  1111   1     0     1     1  2.10       1.10       0.0009935 
   2  1112   1     0     1     1  2.10       1.10       0.0009935 
   2  1113   1     0     1     1  2.11       1.11       0.0009935 
   2  1114   1     0     1     1  2.11       1.11       0.0009935 
   2  1115   1     0     1     1  2.11       1.11       0.0009935 
   2  1116   1     0     1     1  2.11       1.11       0.0009935 
   2  1117   1     0     1     1  2.11       1.11       0.0009935 
   2  1118   1     0     1     1  2.11       1.11       0.0009935 
   2  1119   1     0     1     1  2.11       1.11       0.0009935 
   2  1120   1     0     1     1  2.11       1.11       0.0009935 
   2  1121   1     0     1     1  2.11       1.11       0.0009935 
   2  1122   1     0     1     1  2.11       1.11       0.0009935 
   2  1123   1     0     1     1  2.12       1.12       0.0009935 
   2  1124   1     0     1     1  2.12       1.12       0.0009935 
   2  1125   1     0     1     1  2.12       1.12       0.0009935 
   2  1126   1     0     1     1  2.12       1.12       0.0009935 
   2  1127   1     0     1     1  2.12       1.12       0.0009935 
   2  1128   1     0     1     1  2.12       1.12       0.0009935 
   2  1129   1     0     1     1  2.12       1.12       0.0009935 
   2  1130   1     0     1     1  2.12       1.12       0.0009935 
   2  1131   1     0     1     1  2.12       1.12       0.0009935 
   2  1132   1     0     1     1  2.12       1.12       0.0009935 
   2  1133   1     0     1     1  2.13       1.13       0.0009935 
   2  1134   1     0     1     1  2.13       1.13       0.0009935 
   2  1135   1     0     1     1  2.13       1.13       0.0009935 
   2  1136   1     0     1     1  2.13       1.13       0.0009935 
   2  1137   1     0     1     1  2.13       1.13       0.0009935 
   2  1138   1     0     1     1  2.13       1.13       0.0009935 
   2  1139   1     0     1     1  2.13       1.13       0.0009935 
   2  1140   1     0     1     1  2.13       1.13       0.0009935 
   2  1141   1     0     1     1  2.13       1.13       0.0009935 
   2  1142   1     0     1     1  2.13       1.13       0.0009935 
   2  1143   1     0     1     1  2.14       1.14       0.0009935 
   2  1144   1     0     1     1  2.14       1.14       0.0009935 
   2  1145   1     0     1     1  2.14       1.14       0.0009935 
   2  1146   1     0     1     1  2.14       1.14       0.0009935 
   2  1147   1     0     1     1  2.14       1.14       0.0009935 
   2  1148   1     0     1     1  2.14       1.14       0.0009935 
   2  1149   1     0     1     1  2.14       1.14       0.0009935 
   2  1150   1     0     1     1  2.14       1.14       0.0009935 
   2  1151   1     0     1     1  2.14       1.14       0.0009935 
   2  1152   1     0     1     1  2.14       1.14       0.0009935 
   2  1153   1     0     1     1  2.15       1.15       0.0009935 
   2  1154   1     0     1     1  2.15       1.15       0.0009935 
   2  1155   1     0     1     1  2.15       1.15       0.0009935 
   2  1156   1     0     1     1  2.15       1.15       0.0009935 
   2  1157   1     0     1     1  2.15       1.15       0.0009935 
   2  1158   1     0     1     1  2.15       1.15       0.0009935 
   2  1159   1     0     1     1  2.15       1.15       0.0009935 
   2  1160   1     0     1     1  2.15       1.15       0.0009935 
   2  1161   1     0     1     1  2.15       1.15       0.0009935 
   2  1162   1     0     1     1  2.15       1.15       0.0009935 
   2  1163   1     0     1     1  2.16       1.16       0.0009935 
   2  1164   1     0     1     1  2.16       1.16       0.0009935 
   2  1165   1     0     1     1  2.16       1.16       0.0009935 
   2  1166   1     0     1     1  2.16       1.16       0.0009935 
   2  1167   1     0     1     1  2.16       1.16       0.0009935 
   2  1168   1     0     1     1  2.16       1.16       0.0009935 
   2  1169   1     0     1     1  2.16       1.16       0.0009935 
   2  1170   1     0     1     1  2.16       1.16       0.0009935 
   2  1171   1     0     1     1  2.16       1.16       0.0009935 
   2  1172   1     0     1     1  2.16       1.16       0.0009935 
   2  1173   1     0     1     1  2.17       1.17       0.0009935 
   2  1174   1     0     1     1  2.17       1.17       0.0009935 
   2  1175   1     0     1     1  2.17       1.17       0.0009935 
   2  1176   1     0     1     1  2.17       1.17       0.0009935 
   2  1177   1     0     1     1  2.17       1.17       0.0009935 
   2  1178   1     0     1     1  2.17       1.17       0.0009935 
   2  1179   1     0     1     1  2.17       1.17       0.0009935 
   2  1180   1     0     1     1  2.17       1.17       0.0009935 
   2  1181   1     0     1     1  2.17       1.17       0.0009935 
   2  1182   1     0     1     1  2.17       1.17       0.0009935 
   2  1183   1     0     1     1  2.18       1.18       0.0009935 
   2  1184   1     0     1     1  2.18       1.18       0.0009935 
   2  1185   1     0     1     1  2.18       1.18       0.0009935 
   2  1186   1     0     1     1  2.18       1.18       0.0009935 
   2  1187   1     0     1     1  2.18       1.18       0.0009935 
   2  1188   1     0     1     1  2.18       1.18       0.0009935 
   2  1189   1     0     1     1  2.18       1.18       0.0009935 
   2  1190   1     0     1     1  2.18       1.18       0.0009935 
   2  1191   1     0     1     1  2.18       1.18       0.0009935 
   2  1192   1     0     1     1  2.18       1.18       0.0009935 
   2  1193   1     0     1     1  2.19       1.19       0.0009935 
   2  1194   1     0     1     1  2.19       1.19       0.0009935 
   2  1195   1     0     1     1  2.19       1.19       0.0009935 
   2  1196   1     0     1     1  2.19       1.19       0.0009935 
   2  1197   1     0     1     1  2.19       1.19       0.0009935 
   2  1198   1     0     1     1  2.19       1.19       0.0009935 
   2  1199   1     0     1     1  2.19       1.19       0.0009935 
   2  1200   1     0     1     1  2.19       1.19       0.0009935 
   2  1201   1     0     1     1  2.19       1.19       0.0009935 
   2  1202   1     0     1     1  2.19       1.19       0.0009935 
   2  1203   1     0     1     1  2.20       1.20       0.0009935 
   2  1204   1     0     1     1  2.20       1.20       0.0009935 
   2  1205   1     0     1     1  2.20       1.20       0.0009935 
   2  1206   1     0     1     1  2.20       1.20       0.0009935 
   2  1207   1     0     1     1  2.20       1.20       0.0009935 
   2  1208   1     0     1     1  2.20       1.20       0.0009935 
   2  1209   1     0     1     1  2.20       1.20       0.0009935 
   2  1210   1     0     1     1  2.20       1.20       0.0009935 
   2  1211   1     0     1     1  2.20       1.20       0.0009935 
   2  1212   1     0     1     1  2.20       1.20       0.0009935 
   2  1213   1     0     1     1  2.21       1.21       0.0009935 
   2  1214   1     0     1     1  2.21       1.21       0.0009935 
   2  1215   1     0     1     1  2.21       1.21       0.0009935 
   2  1216   1     0     1     1  2.21       1.21       0.0009935 
   2  1217   1     0     1     1  2.21       1.21       0.0009935 
   2  1218   1     0     1     1  2.21       1.21       0.0009935 
   2  1219   1     0     1     1  2.21       1.21       0.0009935 
   2  1220   1     0     1     1  2.21       1.21       0.0009935 
   2  1221   1     0     1     1  2.21       1.21       0.0009935 
   2  1222   1     0     1     1  2.21       1.21       0.0009935 
   2  1223   1     0     1     1  2.22       1.22       0.0009935 
   2  1224   1     0     1     1  2.22       1.22       0.0009935 
   2  1225   1     0     1     1  2.22       1.22       0.0009935 
   2  1226   1     0     1     1  2.22       1.22       0.0009935 
   2  1227   1     0     1     1  2.22       1.22       0.0009935 
   2  1228   1     0     1     1  2.22       1.22       0.0009935 
   2  1229   1     0     1     1  2.22       1.22       0.0009935 
   2  1230   1     0     1     1  2.22       1.22       0.0009935 
   2  1231   1     0     1     1  2.22       1.22       0.0009935 
   2  1232   1     0     1     1  2.22       1.22       0.0009935 
   2  1233   1     0     1     1  2.22       1.22       0.0009935 
   2  1234   1     0     1     1  2.23       1.23       0.0009935 
   2  1235   1     0     1     1  2.23       1.23       0.0009935 
   2  1236   1     0     1     1  2.23       1.23       0.0009935 
   2  1237   1     0     1     1  2.23       1.23       0.0009935 
   2  1238   1     0     1     1  2.23       1.23       0.0009935 
   2  1239   1     0     1     1  2.23       1.23       0.0009935 
   2  1240   1     0     1     1  2.23       1.23       0.0009935 
   2  1241   1     0     1     1  2.23       1.23       0.0009935 
   2  1242   1     0     1     1  2.23       1.23       0.0009935 
   2  1243   1     0     1     1  2.23       1.23       0.0009935 
   2  1244   1     0     1     1  2.24       1.24       0.0009935 
   2  1245   1     0     1     1  2.24       1.24       0.0009935 
   2  1246   1     0     1     1  2.24       1.24       0.0009935 
   2  1247   1     0     1     1  2.24       1.24       0.0009935 
   2  1248   1     0     1     1  2.24       1.24       0.0009935 
   2  1249   1     0     1     1  2.24       1.24       0.0009935 
   2  1250   1     0     1     1  2.24       1.24       0.0009935 
   2  1251   1     0     1     1  2.24       1.24       0.0009935 
   2  1252   1     0     1     1  2.24       1.24       0.0009935 
   2  1253   1     0     1     1  2.24       1.24       0.0009935 
   2  1254   1     0     1     1  2.25       1.25       0.0009935 
   2  1255   1     0     1     1  2.25       1.25       0.0009935 
   2  1256   1     0     1     1  2.25       1.25       0.0009935 
   2  1257   1     0     1     1  2.25       1.25       0.0009935 
   2  1258   1     0     1     1  2.25       1.25       0.0009935 
   2  1259   1     0     1     1  2.25       1.25       0.0009935 
   2  1260   1     0     1     1  2.25       1.25       0.0009935 
   2  1261   1     0     1     1  2.25       1.25       0.0009935 
   2  1262   1     0     1     1  2.25       1.25       0.0009935 
   2  1263   1     0     1     1  2.25       1.25       0.0009935 
   2  1264   1     0     1     1  2.26       1.26       0.0009935 
   2  1265   1     0     1     1  2.26       1.26       0.0009935 
   2  1266   1     0     1     1  2.26       1.26       0.0009935 
   2  1267   1     0     1     1  2.26       1.26       0.0009935 
   2  1268   1     0     1     1  2.26       1.26       0.0009935 
   2  1269   1     0     1     1  2.26       1.26       0.0009935 
   2  1270   1     0     1     1  2.26       1.26       0.0009935 
   2  1271   1     0     1     1  2.26       1.26       0.0009935 
   2  1272   1     0     1     1  2.26       1.26       0.0009935 
   2  1273   1     0     1     1  2.26       1.26       0.0009935 
   2  1274   1     0     1     1  2.27       1.27       0.0009935 
   2  1275   1     0     1     1  2.27       1.27       0.0009935 
   2  1276   1     0     1     1  2.27       1.27       0.0009935 
   2  1277   1     0     1     1  2.27       1.27       0.0009935 
   2  1278   1     0     1     1  2.27       1.27       0.0009935 
   2  1279   1     0     1     1  2.27       1.27       0.0009935 
   2  1280   1     0     1     1  2.27       1.27       0.0009935 
   2  1281   1     0     1     1  2.27       1.27       0.0009935 
   2  1282   1     0     1     1  2.27       1.27       0.0009935 
   2  1283   1     0     1     1  2.27       1.27       0.0009935 
   2  1284   1     0     1     1  2.28       1.28       0.0009935 
   2  1285   1     0     1     1  2.28       1.28       0.0009935 
   2  1286   1     0     1     1  2.28       1.28       0.0009935 
   2  1287   1     0     1     1  2.28       1.28       0.0009935 
   2  1288   1     0     1     1  2.28       1.28       0.0009935 
   2  1289   1     0     1     1  2.28       1.28       0.0009935 
   2  1290   1     0     1     1  2.28       1.28       0.0009935 
   2  1291   1     0     1     1  2.28       1.28       0.0009935 
   2  1292   1     0     1     1  2.28       1.28       0.0009935 
   2  1293   1     0     1     1  2.28       1.28       0.0009935 
   2  1294   1     0     1     1  2.29       1.29       0.0009935 
   2  1295   1     0     1     1  2.29       1.29       0.0009935 
   2  1296   1     0     1     1  2.29       1.29       0.0009935 
   2  1297   1     0     1     1  2.29       1.29       0.0009935 
   2  1298   1     0     1     1  2.29       1.29       0.0009935 
   2  1299   1     0     1     1  2.29       1.29       0.0009935 
   2  1300   1     0     1     1  2.29       1.29       0.0009935 
   2  1301   1     0     1     1  2.29       1.29       0.0009935 
   2  1302   1     0     1     1  2.29       1.29       0.0009935 
   2  1303   1     0     1     1  2.29       1.29       0.0009935 
   2  1304   1     0     1     1  2.30       1.30       0.0009935 
   2  1305   1     0     1     1  2.30       1.30       0.0009935 
   2  1306   1     0     1     1  2.30       1.30       0.0009935 
   2  1307   1     0     1     1  2.30       1.30       0.0009935 
   2  1308   1     0     1     1  2.30       1.30       0.0009935 
   2  1309   1     0     1     1  2.30       1.30       0.0009935 
   2  1310   1     0     1     1  2.30       1.30       0.0009935 
   2  1311   1     0     1     1  2.30       1.30       0.0009935 
   2  1312   1     0     1     1  2.30       1.30       0.0009935 
   2  1313   1     0     1     1  2.30       1.30       0.0009935 
   2  1314   1     0     1     1  2.31       1.31       0.0009935 
   2  1315   1     0     1     1  2.31       1.31       0.0009935 
   2  1316   1     0     1     1  2.31       1.31       0.0009935 
   2  1317   1     0     1     1  2.31       1.31       0.0009935 
   2  1318   1     0     1     1  2.31       1.31       0.0009935 
   2  1319   1     0     1     1  2.31       1.31       0.0009935 
   2  1320   1     0     1     1  2.31       1.31       0.0009935 
   2  1321   1     0     1     1  2.31       1.31       0.0009935 
   2  1322   1     0     1     1  2.31       1.31       0.0009935 
   2  1323   1     0     1     1  2.31       1.31       0.0009935 
   2  1324   1     0     1     1  2.32       1.32       0.0009935 
   2  1325   1     0     1     1  2.32       1.32       0.0009935 
   2  1326   1     0     1     1  2.32       1.32       0.0009935 
   2  1327   1     0     1     1  2.32       1.32       0.0009935 
   2  1328   1     0     1     1  2.32       1.32       0.0009935 
   2  1329   1     0     1     1  2.32       1.32       0.0009935 
   2  1330   1     0     1     1  2.32       1.32       0.0009935 
   2  1331   1     0     1     1  2.32       1.32       0.0009935 
   2  1332   1     0     1     1  2.32       1.32       0.0009935 
   2  1333   1     0     1     1  2.32       1.32       0.0009935 
   2  1334   1     0     1     1  2.33       1.33       0.0009935 
   2  1335   1     0     1     1  2.33       1.33       0.0009935 
   2  1336   1     0     1     1  2.33       1.33       0.0009935 
   2  1337   1     0     1     1  2.33       1.33       0.0009935 
   2  1338   1     0     1     1  2.33       1.33       0.0009935 
   2  1339   1     0     1     1  2.33       1.33       0.0009935 
   2  1340   1     0     1     1  2.33       1.33       0.0009935 
   2  1341   1     0     1     1  2.33       1.33       0.0009935 
   2  1342   1     0     1     1  2.33       1.33       0.0009935 
   2  1343   1     0     1     1  2.33       1.33       0.0009935 
   2  1344   1     0     1     1  2.34       1.34       0.0009935 
   2  1345   1     0     1     1  2.34       1.34       0.0009935 
   2  1346   1     0     1     1  2.34       1.34       0.0009935 
   2  1347   1     0     1     1  2.34       1.34       0.0009935 
   2  1348   1     0     1     1  2.34       1.34       0.0009935 
   2  1349   1     0     1     1  2.34       1.34       0.0009935 
   2  1350   1     0     1     1  2.34       1.34       0.0009935 
   2  1351   1     0     1     1  2.34       1.34       0.0009935 
   2  1352   1     0     1     1  2.34       1.34       0.0009935 
   2  1353   1     0     1     1  2.34       1.34       0.0009935 
   2  1354   1     0     1     1  2.35       1.35       0.0009935 
   2  1355   1     0     1     1  2.35       1.35       0.0009935 
   2  1356   1     0     1     1  2.35       1.35       0.0009935 
   2  1357   1     0     1     1  2.35       1.35       0.0009935 
   2  1358   1     0     1     1  2.35       1.35       0.0009935 
   2  1359   1     0     1     1  2.35       1.35       0.0009935 
   2  1360   1     0     1     1  2.35       1.35       0.0009935 
   2  1361   1     0     1     1  2.35       1.35       0.0009935 
   2  1362   1     0     1     1  2.35       1.35       0.0009935 
   2  1363   1     0     1     1  2.35       1.35       0.0009935 
   2  1364   1     0     1     1  2.36       1.36       0.0009935 
   2  1365   1     0     1     1  2.36       1.36       0.0009935 
   2  1366   1     0     1     1  2.36       1.36       0.0009935 
   2  1367   1     0     1     1  2.36       1.36       0.0009935 
   2  1368   1     0     1     1  2.36       1.36       0.0009935 
   2  1369   1     0     1     1  2.36       1.36       0.0009935 
   2  1370   1     0     1     1  2.36       1.36       0.0009935 
   2  1371   1     0     1     1  2.36       1.36       0.0009935 
   2  1372   1     0     1     1  2.36       1.36       0.0009935 
   2  1373   1     0     1     1  2.36       1.36       0.0009935 
   2  1374   1     0     1     1  2.37       1.37       0.0009935 
   2  1375   1     0     1     1  2.37       1.37       0.0009935 
   2  1376   1     0     1     1  2.37       1.37       0.0009935 
   2  1377   1     0     1     1  2.37       1.37       0.0009935 
   2  1378   1     0     1     1  2.37       1.37       0.0009935 
   2  1379   1     0     1     1  2.37       1.37       0.0009935 
   2  1380   1     0     1     1  2.37       1.37       0.0009935 
   2  1381   1     0     1     1  2.37       1.37       0.0009935 
   2  1382   1     0     1     1  2.37       1.37       0.0009935 
   2  1383   1     0     1     1  2.37       1.37       0.0009935 
   2  1384   1     0     1     1  2.37       1.37       0.0009935 
   2  1385   1     0     1     1  2.38       1.38       0.0009935 
   2  1386   1     0     1     1  2.38       1.38       0.0009935 
   2  1387   1     0     1     1  2.38       1.38       0.0009935 
   2  1388   1     0     1     1  2.38       1.38       0.0009935 
   2  1389   1     0     1     1  2.38       1.38       0.0009935 
   2  1390   1     0     1     1  2.38       1.38       0.0009935 
   2  1391   1     0     1     1  2.38       1.38       0.0009935 
   2  1392   1     0     1     1  2.38       1.38       0.0009935 
   2  1393   1     0     1     1  2.38       1.38       0.0009935 
   2  1394   1     0     1     1  2.38       1.38       0.0009935 
   2  1395   1     0     1     1  2.39       1.39       0.0009935 
   2  1396   1     0     1     1  2.39       1.39       0.0009935 
   2  1397   1     0     1     1  2.39       1.39       0.0009935 
   2  1398   1     0     1     1  2.39       1.39       0.0009935 
   2  1399   1     0     1     1  2.39       1.39       0.0009935 
   2  1400   1     0     1     1  2.39       1.39       0.0009935 
   2  1401   1     0     1     1  2.39       1.39       0.0009935 
   2  1402   1     0     1     1  2.39       1.39       0.0009935 
   2  1403   1     0     1     1  2.39       1.39       0.0009935 
   2  1404   1     0     1     1  2.39       1.39       0.0009935 
   2  1405   1     0     1     1  2.40       1.40       0.0009935 
   2  1406   1     0     1     1  2.40       1.40       0.0009935 
   2  1407   1     0     1     1  2.40       1.40       0.0009935 
   2  1408   1     0     1     1  2.40       1.40       0.0009935 
   2  1409   1     0     1     1  2.40       1.40       0.0009935 
   2  1410   1     0     1     1  2.40       1.40       0.0009935 
   2  1411   1     0     1     1  2.40       1.40       0.0009935 
   2  1412   1     0     1     1  2.40       1.40       0.0009935 
   2  1413   1     0     1     1  2.40       1.40       0.0009935 
   2  1414   1     0     1     1  2.40       1.40       0.0009935 
   2  1415   1     0     1     1  2.41       1.41       0.0009935 
   2  1416   1     0     1     1  2.41       1.41       0.0009935 
   2  1417   1     0     1     1  2.41       1.41       0.0009935 
   2  1418   1     0     1     1  2.41       1.41       0.0009935 
   2  1419   1     0     1     1  2.41       1.41       0.0009935 
   2  1420   1     0     1     1  2.41       1.41       0.0009935 
   2  1421   1     0     1     1  2.41       1.41       0.0009935 
   2  1422   1     0     1     1  2.41       1.41       0.0009935 
   2  1423   1     0     1     1  2.41       1.41       0.0009935 
   2  1424   1     0     1     1  2.41       1.41       0.0009935 
   2  1425   1     0     1     1  2.42       1.42       0.0009935 
   2  1426   1     0     1     1  2.42       1.42       0.0009935 
   2  1427   1     0     1     1  2.42       1.42       0.0009935 
   2  1428   1     0     1     1  2.42       1.42       0.0009935 
   2  1429   1     0     1     1  2.42       1.42       0.0009935 
   2  1430   1     0     1     1  2.42       1.42       0.0009935 
   2  1431   1     0     1     1  2.42       1.42       0.0009935 
   2  1432   1     0     1     1  2.42       1.42       0.0009935 
   2  1433   1     0     1     1  2.42       1.42       0.0009935 
   2  1434   1     0     1     1  2.42       1.42       0.0009935 
   2  1435   1     0     1     1  2.43       1.43       0.0009935 
   2  1436   1     0     1     1  2.43       1.43       0.0009935 
   2  1437   1     0     1     1  2.43       1.43       0.0009935 
   2  1438   1     0     1     1  2.43       1.43       0.0009935 
   2  1439   1     0     1     1  2.43       1.43       0.0009935 
   2  1440   1     0     1     1  2.43       1.43       0.0009935 
   2  1441   1     0     1     1  2.43       1.43       0.0009935 
   2  1442   1     0     1     1  2.43       1.43       0.0009935 
   2  1443   1     0     1     1  2.43       1.43       0.0009935 
   2  1444   1     0     1     1  2.43       1.43       0.0009935 
   2  1445   1     0     1     1  2.44       1.44       0.0009935 
   2  1446   1     0     1     1  2.44       1.44       0.0009935 
   2  1447   1     0     1     1  2.44       1.44       0.0009935 
   2  1448   1     0     1     1  2.44       1.44       0.0009935 
   2  1449   1     0     1     1  2.44       1.44       0.0009935 
   2  1450   1     0     1     1  2.44       1.44       0.0009935 
   2  1451   1     0     1     1  2.44       1.44       0.0009935 
   2  1452   1     0     1     1  2.44       1.44       0.0009935 
   2  1453   1     0     1     1  2.44       1.44       0.0009935 
   2  1454   1     0     1     1  2.44       1.44       0.0009935 
   2  1455   1     0     1     1  2.45       1.45       0.0009935 
   2  1456   1     0     1     1  2.45       1.45       0.0009935 
   2  1457   1     0     1     1  2.45       1.45       0.0009935 
   2  1458   1     0     1     1  2.45       1.45       0.0009935 
   2  1459   1     0     1     1  2.45       1.45       0.0009935 
   2  1460   1     0     1     1  2.45       1.45       0.0009935 
   2  1461   1     0     1     1  2.45       1.45       0.0009935 
   2  1462   1     0     1     1  2.45       1.45       0.0009935 
   2  1463   1     0     1     1  2.45       1.45       0.0009935 
   2  1464   1     0     1     1  2.45       1.45       0.0009935 
   2  1465   1     0     1     1  2.46       1.46       0.0009935 
   2  1466   1     0     1     1  2.46       1.46       0.0009935 
   2  1467   1     0     1     1  2.46       1.46       0.0009935 
   2  1468   1     0     1     1  2.46       1.46       0.0009935 
   2  1469   1     0     1     1  2.46       1.46       0.0009935 
   2  1470   1     0     1     1  2.46       1.46       0.0009935 
   2  1471   1     0     1     1  2.46       1.46       0.0009935 
   2  1472   1     0     1     1  2.46       1.46       0.0009935 
   2  1473   1     0     1     1  2.46       1.46       0.0009935 
   2  1474   1     0     1     1  2.46       1.46       0.0009935 
   2  1475   1     0     1     1  2.47       1.47       0.0009935 
   2  1476   1     0     1     1  2.47       1.47       0.0009935 
   2  1477   1     0     1     1  2.47       1.47       0.0009935 
   2  1478   1     0     1     1  2.47       1.47       0.0009935 
   2  1479   1     0     1     1  2.47       1.47       0.0009935 
   2  1480   1     0     1     1  2.47       1.47       0.0009935 
   2  1481   1     0     1     1  2.47       1.47       0.0009935 
   2  1482   1     0     1     1  2.47       1.47       0.0009935 
   2  1483   1     0     1     1  2.47       1.47       0.0009935 
   2  1484   1     0     1     1  2.47       1.47       0.0009935 
   2  1485   1     0     1     1  2.48       1.48       0.0009935 
   2  1486   1     0     1     1  2.48       1.48       0.0009935 
   2  1487   1     0     1     1  2.48       1.48       0.0009935 
   2  1488   1     0     1     1  2.48       1.48       0.0009935 
   2  1489   1     0     1     1  2.48       1.48       0.0009935 
   2  1490   1     0     1     1  2.48       1.48       0.0009935 
   2  1491   1     0     1     1  2.48       1.48       0.0009935 
   2  1492   1     0     1     1  2.48       1.48       0.0009935 
   2  1493   1     0     1     1  2.48       1.48       0.0009935 
   2  1494   1     0     1     1  2.48       1.48       0.0009935 
   2  1495   1     0     1     1  2.49       1.49       0.0009935 
   2  1496   1     0     1     1  2.49       1.49       0.0009935 
   2  1497   1     0     1     1  2.49       1.49       0.0009935 
   2  1498   1     0     1     1  2.49       1.49       0.0009935 
   2  1499   1     0     1     1  2.49       1.49       0.0009935 
   2  1500   1     0     1     1  2.49       1.49       0.0009935 
   2  1501   1     0     1     1  2.49       1.49       0.0009935 
   2  1502   1     0     1     1  2.49       1.49       0.0009935 
   2  1503   1     0     1     1  2.49       1.49       0.0009935 
   2  1504   1     0     1     1  2.49       1.49       0.0009935 
   2  1505   1     0     1     1  2.50       1.50       0.0009935 
   2  1506   1     0     1     1  2.50       1.50       0.0009935 
   2  1507   1     0     1     1  2.50       1.50       0.0009935 
   2  1508   1     0     1     1  2.50       1.50       0.0009935 
   2  1509   1     0     1     1  2.50       1.50       0.0009935 
   2  1510   1     0     1     1  2.50       1.50       0.0009935 
   2  1511   1     0     1     1  2.50       1.50       0.0009935 
   2  1512   1     0     1     1  2.50       1.50       0.0009935 
   2  1513   1     0     1     1  2.50       1.50       0.0009935 
   2  1514   1     0     1     1  2.50       1.50       0.0009935 
   2  1515   1     0     1     1  2.51       1.51       0.0009935 
   2  1516   1     0     1     1  2.51       1.51       0.0009935 
   2  1517   1     0     1     1  2.51       1.51       0.0009935 
   2  1518   1     0     1     1  2.51       1.51       0.0009935 
   2  1519   1     0     1     1  2.51       1.51       0.0009935 
   2  1520   1     0     1     1  2.51       1.51       0.0009935 
   2  1521   1     0     1     1  2.51       1.51       0.0009935 
   2  1522   1     0     1     1  2.51       1.51       0.0009935 
   2  1523   1     0     1     1  2.51       1.51       0.0009935 
   2  1524   1     0     1     1  2.51       1.51       0.0009935 
   2  1525   1     0     1     1  2.52       1.52       0.0009935 
   2  1526   1     0     1     1  2.52       1.52       0.0009935 
   2  1527   1     0     1     1  2.52       1.52       0.0009935 
   2  1528   1     0     1     1  2.52       1.52       0.0009935 
   2  1529   1     0     1     1  2.52       1.52       0.0009935 
   2  1530   1     0     1     1  2.52       1.52       0.0009935 
   2  1531   1     0     1     1  2.52       1.52       0.0009935 
   2  1532   1     0     1     1  2.52       1.52       0.0009935 
   2  1533   1     0     1     1  2.52       1.52       0.0009935 
   2  1534   1     0     1     1  2.52       1.52       0.0009935 
   2  1535   1     0     1     1  2.52       1.52       0.0009935 
   2  1536   1     0     1     1  2.53       1.53       0.0009935 
   2  1537   1     0     1     1  2.53       1.53       0.0009935 
   2  1538   1     0     1     1  2.53       1.53       0.0009935 
   2  1539   1     0     1     1  2.53       1.53       0.0009935 
   2  1540   1     0     1     1  2.53       1.53       0.0009935 
   2  1541   1     0     1     1  2.53       1.53       0.0009935 
   2  1542   1     0     1     1  2.53       1.53       0.0009935 
   2  1543   1     0     1     1  2.53       1.53       0.0009935 
   2  1544   1     0     1     1  2.53       1.53       0.0009935 
   2  1545   1     0     1     1  2.53       1.53       0.0009935 
   2  1546   1     0     1     1  2.54       1.54       0.0009935 
   2  1547   1     0     1     1  2.54       1.54       0.0009935 
   2  1548   1     0     1     1  2.54       1.54       0.0009935 
   2  1549   1     0     1     1  2.54       1.54       0.0009935 
   2  1550   1     0     1     1  2.54       1.54       0.0009935 
   2  1551   1     0     1     1  2.54       1.54       0.0009935 
   2  1552   1     0     1     1  2.54       1.54       0.0009935 
   2  1553   1     0     1     1  2.54       1.54       0.0009935 
   2  1554   1     0     1     1  2.54       1.54       0.0009935 
   2  1555   1     0     1     1  2.54       1.54       0.0009935 
   2  1556   1     0     1     1  2.55       1.55       0.0009935 
   2  1557   1     0     1     1  2.55       1.55       0.0009935 
   2  1558   1     0     1     1  2.55       1.55       0.0009935 
   2  1559   1     0     1     1  2.55       1.55       0.0009935 
   2  1560   1     0     1     1  2.55       1.55       0.0009935 
   2  1561   1     0     1     1  2.55       1.55       0.0009935 
   2  1562   1     0     1     1  2.55       1.55       0.0009935 
   2  1563   1     0     1     1  2.55       1.55       0.0009935 
   2  1564   1     0     1     1  2.55       1.55       0.0009935 
   2  1565   1     0     1     1  2.55       1.55       0.0009935 
   2  1566   1     0     1     1  2.56       1.56       0.0009935 
   2  1567   1     0     1     1  2.56       1.56       0.0009935 
   2  1568   1     0     1     1  2.56       1.56       0.0009935 
   2  1569   1     0     1     1  2.56       1.56       0.0009935 
   2  1570   1     0     1     1  2.56       1.56       0.0009935 
   2  1571   1     0     1     1  2.56       1.56       0.0009935 
   2  1572   1     0     1     1  2.56       1.56       0.0009935 
   2  1573   1     0     1     1  2.56       1.56       0.0009935 
   2  1574   1     0     1     1  2.56       1.56       0.0009935 
   2  1575   1     0     1     1  2.56       1.56       0.0009935 
   2  1576   1     0     1     1  2.57       1.57       0.0009935 
   2  1577   1     0     1     1  2.57       1.57       0.0009935 
   2  1578   1     0     1     1  2.57       1.57       0.0009935 
   2  1579   1     0     1     1  2.57       1.57       0.0009935 
   2  1580   1     0     1     1  2.57       1.57       0.0009935 
   2  1581   1     0     1     1  2.57       1.57       0.0009935 
   2  1582   1     0     1     1  2.57       1.57       0.0009935 
   2  1583   1     0     1     1  2.57       1.57       0.0009935 
   2  1584   1     0     1     1  2.57       1.57       0.0009935 
   2  1585   1     0     1     1  2.57       1.57       0.0009935 
   2  1586   1     0     1     1  2.58       1.58       0.0009935 
   2  1587   1     0     1     1  2.58       1.58       0.0009935 
   2  1588   1     0     1     1  2.58       1.58       0.0009935 
   2  1589   1     0     1     1  2.58       1.58       0.0009935 
   2  1590   1     0     1     1  2.58       1.58       0.0009935 
   2  1591   1     0     1     1  2.58       1.58       0.0009935 
   2  1592   1     0     1     1  2.58       1.58       0.0009935 
   2  1593   1     0     1     1  2.58       1.58       0.0009935 
   2  1594   1     0     1     1  2.58       1.58       0.0009935 
   2  1595   1     0     1     1  2.58       1.58       0.0009935 
   2  1596   1     0     1     1  2.59       1.59       0.0009935 
   2  1597   1     0     1     1  2.59       1.59       0.0009935 
   2  1598   1     0     1     1  2.59       1.59       0.0009935 
   2  1599   1     0     1     1  2.59       1.59       0.0009935 
   2  1600   1     0     1     1  2.59       1.59       0.0009935 
   2  1601   1     0     1     1  2.59       1.59       0.0009935 
   2  1602   1     0     1     1  2.59       1.59       0.0009935 
   2  1603   1     0     1     1  2.59       1.59       0.0009935 
   2  1604   1     0     1     1  2.59       1.59       0.0009935 
   2  1605   1     0     1     1  2.59       1.59       0.0009935 
   2  1606   1     0     1     1  2.60       1.60       0.0009935 
   2  1607   1     0     1     1  2.60       1.60       0.0009935 
   2  1608   1     0     1     1  2.60       1.60       0.0009935 
   2  1609   1     0     1     1  2.60       1.60       0.0009935 
   2  1610   1     0     1     1  2.60       1.60       0.0009935 
   2  1611   1     0     1     1  2.60       1.60       0.0009935 
   2  1612   1     0     1     1  2.60       1.60       0.0009935 
   2  1613   1     0     1     1  2.60       1.60       0.0009935 
   2  1614   1     0     1     1  2.60       1.60       0.0009935 
   2  1615   1     0     1     1  2.60       1.60       0.0009935 
   2  1616   1     0     1     1  2.61       1.61       0.0009935 
   2  1617   1     0     1     1  2.61       1.61       0.0009935 
   2  1618   1     0     1     1  2.61       1.61       0.0009935 
   2  1619   1     0     1     1  2.61       1.61       0.0009935 
   2  1620   1     0     1     1  2.61       1.61       0.0009935 
   2  1621   1     0     1     1  2.61       1.61       0.0009935 
   2  1622   1     0     1     1  2.61       1.61       0.0009935 
   2  1623   1     0     1     1  2.61       1.61       0.0009935 
   2  1624   1     0     1     1  2.61       1.61       0.0009935 
   2  1625   1     0     1     1  2.61       1.61       0.0009935 
   2  1626   1     0     1     1  2.62       1.62       0.0009935 
   2  1627   1     0     1     1  2.62       1.62       0.0009935 
   2  1628   1     0     1     1  2.62       1.62       0.0009935 
   2  1629   1     0     1     1  2.62       1.62       0.0009935 
   2  1630   1     0     1     1  2.62       1.62       0.0009935 
   2  1631   1     0     1     1  2.62       1.62       0.0009935 
   2  1632   1     0     1     1  2.62       1.62       0.0009935 
   2  1633   1     0     1     1  2.62       1.62       0.0009935 
   2  1634   1     0     1     1  2.62       1.62       0.0009935 
   2  1635   1     0     1     1  2.62       1.62       0.0009935 
   2  1636   1     0     1     1  2.63       1.63       0.0009935 
   2  1637   1     0     1     1  2.63       1.63       0.0009935 
   2  1638   1     0     1     1  2.63       1.63       0.0009935 
   2  1639   1     0     1     1  2.63       1.63       0.0009935 
   2  1640   1     0     1     1  2.63       1.63       0.0009935 
   2  1641   1     0     1     1  2.63       1.63       0.0009935 
   2  1642   1     0     1     1  2.63       1.63       0.0009935 
   2  1643   1     0     1     1  2.63       1.63       0.0009935 
   2  1644   1     0     1     1  2.63       1.63       0.0009935 
   2  1645   1     0     1     1  2.63       1.63       0.0009935 
   2  1646   1     0     1     1  2.64       1.64       0.0009935 
   2  1647   1     0     1     1  2.64       1.64       0.0009935 
   2  1648   1     0     1     1  2.64       1.64       0.0009935 
   2  1649   1     0     1     1  2.64       1.64       0.0009935 
   2  1650   1     0     1     1  2.64       1.64       0.0009935 
   2  1651   1     0     1     1  2.64       1.64       0.0009935 
   2  1652   1     0     1     1  2.64       1.64       0.0009935 
   2  1653   1     0     1     1  2.64       1.64       0.0009935 
   2  1654   1     0     1     1  2.64       1.64       0.0009935 
   2  1655   1     0     1     1  2.64       1.64       0.0009935 
   2  1656   1     0     1     1  2.65       1.65       0.0009935 
   2  1657   1     0     1     1  2.65       1.65       0.0009935 
   2  1658   1     0     1     1  2.65       1.65       0.0009935 
   2  1659   1     0     1     1  2.65       1.65       0.0009935 
   2  1660   1     0     1     1  2.65       1.65       0.0009935 
   2  1661   1     0     1     1  2.65       1.65       0.0009935 
   2  1662   1     0     1     1  2.65       1.65       0.0009935 
   2  1663   1     0     1     1  2.65       1.65       0.0009935 
   2  1664   1     0     1     1  2.65       1.65       0.0009935 
   2  1665   1     0     1     1  2.65       1.65       0.0009935 
   2  1666   1     0     1     1  2.66       1.66       0.0009935 
   2  1667   1     0     1     1  2.66       1.66       0.0009935 
   2  1668   1     0     1     1  2.66       1.66       0.0009935 
   2  1669   1     0     1     1  2.66       1.66       0.0009935 
   2  1670   1     0     1     1  2.66       1.66       0.0009935 
   2  1671   1     0     1     1  2.66       1.66       0.0009935 
   2  1672   1     0     1     1  2.66       1.66       0.0009935 
   2  1673   1     0     1     1  2.66       1.66       0.0009935 
   2  1674   1     0     1     1  2.66       1.66       0.0009935 
   2  1675   1     0     1     1  2.66       1.66       0.0009935 
   2  1676   1     0     1     1  2.67       1.67       0.0009935 
   2  1677   1     0     1     1  2.67       1.67       0.0009935 
   2  1678   1     0     1     1  2.67       1.67       0.0009935 
   2  1679   1     0     1     1  2.67       1.67       0.0009935 
   2  1680   1     0     1     1  2.67       1.67       0.0009935 
   2  1681   1     0     1     1  2.67       1.67       0.0009935 
   2  1682   1     0     1     1  2.67       1.67       0.0009935 
   2  1683   1     0     1     1  2.67       1.67       0.0009935 
   2  1684   1     0     1     1  2.67       1.67       0.0009935 
   2  1685   1     0     1     1  2.67       1.67       0.0009935 
   2  1686   1     0     1     1  2.67       1.67       0.0009935 
   2  1687   1     0     1     1  2.68       1.68       0.0009935 
   2  1688   1     0     1     1  2.68       1.68       0.0009935 
   2  1689   1     0     1     1  2.68       1.68       0.0009935 
   2  1690   1     0     1     1  2.68       1.68       0.0009935 
   2  1691   1     0     1     1  2.68       1.68       0.0009935 
   2  1692   1     0     1     1  2.68       1.68       0.0009935 
   2  1693   1     0     1     1  2.68       1.68       0.0009935 
   2  1694   1     0     1     1  2.68       1.68       0.0009935 
   2  1695   1     0     1     1  2.68       1.68       0.0009935 
   2  1696   1     0     1     1  2.68       1.68       0.0009935 
   2  1697   1     0     1     1  2.69       1.69       0.0009935 
   2  1698   1     0     1     1  2.69       1.69       0.0009935 
   2  1699   1     0     1     1  2.69       1.69       0.0009935 
   2  1700   1     0     1     1  2.69       1.69       0.0009935 
   2  1701   1     0     1     1  2.69       1.69       0.0009935 
   2  1702   1     0     1     1  2.69       1.69       0.0009935 
   2  1703   1     0     1     1  2.69       1.69       0.0009935 
   2  1704   1     0     1     1  2.69       1.69       0.0009935 
   2  1705   1     0     1     1  2.69       1.69       0.0009935 
   2  1706   1     0     1     1  2.69       1.69       0.0009935 
   2  1707   1     0     1     1  2.70       1.70       0.0009935 
   2  1708   1     0     1     1  2.70       1.70       0.0009935 
   2  1709   1     0     1     1  2.70       1.70       0.0009935 
   2  1710   1     0     1     1  2.70       1.70       0.0009935 
   2  1711   1     0     1     1  2.70       1.70       0.0009935 
   2  1712   1     0     1     1  2.70       1.70       0.0009935 
   2  1713   1     0     1     1  2.70       1.70       0.0009935 
   2  1714   1     0     1     1  2.70       1.70       0.0009935 
   2  1715   1     0     1     1  2.70       1.70       0.0009935 
   2  1716   1     0     1     1  2.70       1.70       0.0009935 
   2  1717   1     0     1     1  2.71       1.71       0.0009935 
   2  1718   1     0     1     1  2.71       1.71       0.0009935 
   2  1719   1     0     1     1  2.71       1.71       0.0009935 
   2  1720   1     0     1     1  2.71       1.71       0.0009935 
   2  1721   1     0     1     1  2.71       1.71       0.0009935 
   2  1722   1     0     1     1  2.71       1.71       0.0009935 
   2  1723   1     0     1     1  2.71       1.71       0.0009935 
   2  1724   1     0     1     1  2.71       1.71       0.0009935 
   2  1725   1     0     1     1  2.71       1.71       0.0009935 
   2  1726   1     0     1     1  2.71       1.71       0.0009935 
   2  1727   1     0     1     1  2.72       1.72       0.0009935 
   2  1728   1     0     1     1  2.72       1.72       0.0009935 
   2  1729   1     0     1     1  2.72       1.72       0.0009935 
   2  1730   1     0     1     1  2.72       1.72       0.0009935 
   2  1731   1     0     1     1  2.72       1.72       0.0009935 
   2  1732   1     0     1     1  2.72       1.72       0.0009935 
   2  1733   1     0     1     1  2.72       1.72       0.0009935 
   2  1734   1     0     1     1  2.72       1.72       0.0009935 
   2  1735   1     0     1     1  2.72       1.72       0.0009935 
   2  1736   1     0     1     1  2.72       1.72       0.0009935 
   2  1737   1     0     1     1  2.73       1.73       0.0009935 
   2  1738   1     0     1     1  2.73       1.73       0.0009935 
   2  1739   1     0     1     1  2.73       1.73       0.0009935 
   2  1740   1     0     1     1  2.73       1.73       0.0009935 
   2  1741   1     0     1     1  2.73       1.73       0.0009935 
   2  1742   1     0     1     1  2.73       1.73       0.0009935 
   2  1743   1     0     1     1  2.73       1.73       0.0009935 
   2  1744   1     0     1     1  2.73       1.73       0.0009935 
   2  1745   1     0     1     1  2.73       1.73       0.0009935 
   2  1746   1     0     1     1  2.73       1.73       0.0009935 
   2  1747   1     0     1     1  2.74       1.74       0.0009935 
   2  1748   1     0     1     1  2.74       1.74       0.0009935 
   2  1749   1     0     1     1  2.74       1.74       0.0009935 
   2  1750   1     0     1     1  2.74       1.74       0.0009935 
   2  1751   1     0     1     1  2.74       1.74       0.0009935 
   2  1752   1     0     1     1  2.74       1.74       0.0009935 
   2  1753   1     0     1     1  2.74       1.74       0.0009935 
   2  1754   1     0     1     1  2.74       1.74       0.0009935 
   2  1755   1     0     1     1  2.74       1.74       0.0009935 
   2  1756   1     0     1     1  2.74       1.74       0.0009935 
   2  1757   1     0     1     1  2.75       1.75       0.0009935 
   2  1758   1     0     1     1  2.75       1.75       0.0009935 
   2  1759   1     0     1     1  2.75       1.75       0.0009935 
   2  1760   1     0     1     1  2.75       1.75       0.0009935 
   2  1761   1     0     1     1  2.75       1.75       0.0009935 
   2  1762   1     0     1     1  2.75       1.75       0.0009935 
   2  1763   1     0     1     1  2.75       1.75       0.0009935 
   2  1764   1     0     1     1  2.75       1.75       0.0009935 
   2  1765   1     0     1     1  2.75       1.75       0.0009935 
   2  1766   1     0     1     1  2.75       1.75       0.0009935 
   2  1767   1     0     1     1  2.76       1.76       0.0009935 
   2  1768   1     0     1     1  2.76       1.76       0.0009935 
   2  1769   1     0     1     1  2.76       1.76       0.0009935 
   2  1770   1     0     1     1  2.76       1.76       0.0009935 
   2  1771   1     0     1     1  2.76       1.76       0.0009935 
   2  1772   1     0     1     1  2.76       1.76       0.0009935 
   2  1773   1     0     1     1  2.76       1.76       0.0009935 
   2  1774   1     0     1     1  2.76       1.76       0.0009935 
   2  1775   1     0     1     1  2.76       1.76       0.0009935 
   2  1776   1     0     1     1  2.76       1.76       0.0009935 
   2  1777   1     0     1     1  2.77       1.77       0.0009935 
   2  1778   1     0     1     1  2.77       1.77       0.0009935 
   2  1779   1     0     1     1  2.77       1.77       0.0009935 
   2  1780   1     0     1     1  2.77       1.77       0.0009935 
   2  1781   1     0     1     1  2.77       1.77       0.0009935 
   2  1782   1     0     1     1  2.77       1.77       0.0009935 
   2  1783   1     0     1     1  2.77       1.77       0.0009935 
   2  1784   1     0     1     1  2.77       1.77       0.0009935 
   2  1785   1     0     1     1  2.77       1.77       0.0009935 
   2  1786   1     0     1     1  2.77       1.77       0.0009935 
   2  1787   1     0     1     1  2.78       1.78       0.0009935 
   2  1788   1     0     1     1  2.78       1.78       0.0009935 
   2  1789   1     0     1     1  2.78       1.78       0.0009935 
   2  1790   1     0     1     1  2.78       1.78       0.0009935 
   2  1791   1     0     1     1  2.78       1.78       0.0009935 
   2  1792   1     0     1     1  2.78       1.78       0.0009935 
   2  1793   1     0     1     1  2.78       1.78       0.0009935 
   2  1794   1     0     1     1  2.78       1.78       0.0009935 
   2  1795   1     0     1     1  2.78       1.78       0.0009935 
   2  1796   1     0     1     1  2.78       1.78       0.0009935 
   2  1797   1     0     1     1  2.79       1.79       0.0009935 
   2  1798   1     0     1     1  2.79       1.79       0.0009935 
   2  1799   1     0     1     1  2.79       1.79       0.0009935 
   2  1800   1     0     1     1  2.79       1.79       0.0009935 
   2  1801   1     0     1     1  2.79       1.79       0.0009935 
   2  1802   1     0     1     1  2.79       1.79       0.0009935 
   2  1803   1     0     1     1  2.79       1.79       0.0009935 
   2  1804   1     0     1     1  2.79       1.79       0.0009935 
   2  1805   1     0     1     1  2.79       1.79       0.0009935 
   2  1806   1     0     1     1  2.79       1.79       0.0009935 
   2  1807   1     0     1     1  2.80       1.80       0.0009935 
   2  1808   1     0     1     1  2.80       1.80       0.0009935 
   2  1809   1     0     1     1  2.80       1.80       0.0009935 
   2  1810   1     0     1     1  2.80       1.80       0.0009935 
   2  1811   1     0     1     1  2.80       1.80       0.0009935 
   2  1812   1     0     1     1  2.80       1.80       0.0009935 
   2  1813   1     0     1     1  2.80       1.80       0.0009935 
   2  1814   1     0     1     1  2.80       1.80       0.0009935 
   2  1815   1     0     1     1  2.80       1.80       0.0009935 
   2  1816   1     0     1     1  2.80       1.80       0.0009935 
   2  1817   1     0     1     1  2.81       1.81       0.0009935 
   2  1818   1     0     1     1  2.81       1.81       0.0009935 
   2  1819   1     0     1     1  2.81       1.81       0.0009935 
   2  1820   1     0     1     1  2.81       1.81       0.0009935 
   2  1821   1     0     1     1  2.81       1.81       0.0009935 
   2  1822   1     0     1     1  2.81       1.81       0.0009935 
   2  1823   1     0     1     1  2.81       1.81       0.0009935 
   2  1824   1     0     1     1  2.81       1.81       0.0009935 
   2  1825   1     0     1     1  2.81       1.81       0.0009935 
   2  1826   1     0     1     1  2.81       1.81       0.0009935 
   2  1827   1     0     1     1  2.82       1.82       0.0009935 
   2  1828   1     0     1     1  2.82       1.82       0.0009935 
   2  1829   1     0     1     1  2.82       1.82       0.0009935 
   2  1830   1     0     1     1  2.82       1.82       0.0009935 
   2  1831   1     0     1     1  2.82       1.82       0.0009935 
   2  1832   1     0     1     1  2.82       1.82       0.0009935 
   2  1833   1     0     1     1  2.82       1.82       0.0009935 
   2  1834   1     0     1     1  2.82       1.82       0.0009935 
   2  1835   1     0     1     1  2.82       1.82       0.0009935 
   2  1836   1     0     1     1  2.82       1.82       0.0009935 
   2  1837   1     0     1     1  2.82       1.82       0.0009935 
   2  1838   1     0     1     1  2.83       1.83       0.0009935 
   2  1839   1     0     1     1  2.83       1.83       0.0009935 
   2  1840   1     0     1     1  2.83       1.83       0.0009935 
   2  1841   1     0     1     1  2.83       1.83       0.0009935 
   2  1842   1     0     1     1  2.83       1.83       0.0009935 
   2  1843   1     0     1     1  2.83       1.83       0.0009935 
   2  1844   1     0     1     1  2.83       1.83       0.0009935 
   2  1845   1     0     1     1  2.83       1.83       0.0009935 
   2  1846   1     0     1     1  2.83       1.83       0.0009935 
   2  1847   1     0     1     1  2.83       1.83       0.0009935 
   2  1848   1     0     1     1  2.84       1.84       0.0009935 
   2  1849   1     0     1     1  2.84       1.84       0.0009935 
   2  1850   1     0     1     1  2.84       1.84       0.0009935 
   2  1851   1     0     1     1  2.84       1.84       0.0009935 
   2  1852   1     0     1     1  2.84       1.84       0.0009935 
   2  1853   1     0     1     1  2.84       1.84       0.0009935 
   2  1854   1     0     1     1  2.84       1.84       0.0009935 
   2  1855   1     0     1     1  2.84       1.84       0.0009935 
   2  1856   1     0     1     1  2.84       1.84       0.0009935 
   2  1857   1     0     1     1  2.84       1.84       0.0009935 
   2  1858   1     0     1     1  2.85       1.85       0.0009935 
   2  1859   1     0     1     1  2.85       1.85       0.0009935 
   2  1860   1     0     1     1  2.85       1.85       0.0009935 
   2  1861   1     0     1     1  2.85       1.85       0.0009935 
   2  1862   1     0     1     1  2.85       1.85       0.0009935 
   2  1863   1     0     1     1  2.85       1.85       0.0009935 
   2  1864   1     0     1     1  2.85       1.85       0.0009935 
   2  1865   1     0     1     1  2.85       1.85       0.0009935 
   2  1866   1     0     1     1  2.85       1.85       0.0009935 
   2  1867   1     0     1     1  2.85       1.85       0.0009935 
   2  1868   1     0     1     1  2.86       1.86       0.0009935 
   2  1869   1     0     1     1  2.86       1.86       0.0009935 
   2  1870   1     0     1     1  2.86       1.86       0.0009935 
   2  1871   1     0     1     1  2.86       1.86       0.0009935 
   2  1872   1     0     1     1  2.86       1.86       0.0009935 
   2  1873   1     0     1     1  2.86       1.86       0.0009935 
   2  1874   1     0     1     1  2.86       1.86       0.0009935 
   2  1875   1     0     1     1  2.86       1.86       0.0009935 
   2  1876   1     0     1     1  2.86       1.86       0.0009935 
   2  1877   1     0     1     1  2.86       1.86       0.0009935 
   2  1878   1     0     1     1  2.87       1.87       0.0009935 
   2  1879   1     0     1     1  2.87       1.87       0.0009935 
   2  1880   1     0     1     1  2.87       1.87       0.0009935 
   2  1881   1     0     1     1  2.87       1.87       0.0009935 
   2  1882   1     0     1     1  2.87       1.87       0.0009935 
   2  1883   1     0     1     1  2.87       1.87       0.0009935 
   2  1884   1     0     1     1  2.87       1.87       0.0009935 
   2  1885   1     0     1     1  2.87       1.87       0.0009935 
   2  1886   1     0     1     1  2.87       1.87       0.0009935 
   2  1887   1     0     1     1  2.87       1.87       0.0009935 
   2  1888   1     0     1     1  2.88       1.88       0.0009935 
   2  1889   1     0     1     1  2.88       1.88       0.0009935 
   2  1890   1     0     1     1  2.88       1.88       0.0009935 
   2  1891   1     0     1     1  2.88       1.88       0.0009935 
   2  1892   1     0     1     1  2.88       1.88       0.0009935 
   2  1893   1     0     1     1  2.88       1.88       0.0009935 
   2  1894   1     0     1     1  2.88       1.88       0.0009935 
   2  1895   1     0     1     1  2.88       1.88       0.0009935 
   2  1896   1     0     1     1  2.88       1.88       0.0009935 
   2  1897   1     0     1     1  2.88       1.88       0.0009935 
   2  1898   1     0     1     1  2.89       1.89       0.0009935 
   2  1899   1     0     1     1  2.89       1.89       0.0009935 
   2  1900   1     0     1     1  2.89       1.89       0.0009935 
   2  1901   1     0     1     1  2.89       1.89       0.0009935 
   2  1902   1     0     1     1  2.89       1.89       0.0009935 
   2  1903   1     0     1     1  2.89       1.89       0.0009935 
   2  1904   1     0     1     1  2.89       1.89       0.0009935 
   2  1905   1     0     1     1  2.89       1.89       0.0009935 
   2  1906   1     0     1     1  2.89       1.89       0.0009935 
   2  1907   1     0     1     1  2.89       1.89       0.0009935 
   2  1908   1     0     1     1  2.90       1.90       0.0009935 
   2  1909   1     0     1     1  2.90       1.90       0.0009935 
   2  1910   1     0     1     1  2.90       1.90       0.0009935 
   2  1911   1     0     1     1  2.90       1.90       0.0009935 
   2  1912   1     0     1     1  2.90       1.90       0.0009935 
   2  1913   1     0     1     1  2.90       1.90       0.0009935 
   2  1914   1     0     1     1  2.90       1.90       0.0009935 
   2  1915   1     0     1     1  2.90       1.90       0.0009935 
   2  1916   1     0     1     1  2.90       1.90       0.0009935 
   2  1917   1     0     1     1  2.90       1.90       0.0009935 
   2  1918   1     0     1     1  2.91       1.91       0.0009935 
   2  1919   1     0     1     1  2.91       1.91       0.0009935 
   2  1920   1     0     1     1  2.91       1.91       0.0009935 
   2  1921   1     0     1     1  2.91       1.91       0.0009935 
   2  1922   1     0     1     1  2.91       1.91       0.0009935 
   2  1923   1     0     1     1  2.91       1.91       0.0009935 
   2  1924   1     0     1     1  2.91       1.91       0.0009935 
   2  1925   1     0     1     1  2.91       1.91       0.0009935 
   2  1926   1     0     1     1  2.91       1.91       0.0009935 
   2  1927   1     0     1     1  2.91       1.91       0.0009935 
   2  1928   1     0     1     1  2.92       1.92       0.0009935 
   2  1929   1     0     1     1  2.92       1.92       0.0009935 
   2  1930   1     0     1     1  2.92       1.92       0.0009935 
   2  1931   1     0     1     1  2.92       1.92       0.0009935 
   2  1932   1     0     1     1  2.92       1.92       0.0009935 
   2  1933   1     0     1     1  2.92       1.92       0.0009935 
   2  1934   1     0     1     1  2.92       1.92       0.0009935 
   2  1935   1     0     1     1  2.92       1.92       0.0009935 
   2  1936   1     0     1     1  2.92       1.92       0.0009935 
   2  1937   1     0     1     1  2.92       1.92       0.0009935 
   2  1938   1     0     1     1  2.93       1.93       0.0009935 
   2  1939   1     0     1     1  2.93       1.93       0.0009935 
   2  1940   1     0     1     1  2.93       1.93       0.0009935 
   2  1941   1     0     1     1  2.93       1.93       0.0009935 
   2  1942   1     0     1     1  2.93       1.93       0.0009935 
   2  1943   1     0     1     1  2.93       1.93       0.0009935 
   2  1944   1     0     1     1  2.93       1.93       0.0009935 
   2  1945   1     0     1     1  2.93       1.93       0.0009935 
   2  1946   1     0     1     1  2.93       1.93       0.0009935 
   2  1947   1     0     1     1  2.93       1.93       0.0009935 
   2  1948   1     0     1     1  2.94       1.94       0.0009935 
   2  1949   1     0     1     1  2.94       1.94       0.0009935 
   2  1950   1     0     1     1  2.94       1.94       0.0009935 
   2  1951   1     0     1     1  2.94       1.94       0.0009935 
   2  1952   1     0     1     1  2.94       1.94       0.0009935 
   2  1953   1     0     1     1  2.94       1.94       0.0009935 
   2  1954   1     0     1     1  2.94       1.94       0.0009935 
   2  1955   1     0     1     1  2.94       1.94       0.0009935 
   2  1956   1     0     1     1  2.94       1.94       0.0009935 
   2  1957   1     0     1     1  2.94       1.94       0.0009935 
   2  1958   1     0     1     1  2.95       1.95       0.0009935 
   2  1959   1     0     1     1  2.95       1.95       0.0009935 
   2  1960   1     0     1     1  2.95       1.95       0.0009935 
   2  1961   1     0     1     1  2.95       1.95       0.0009935 
   2  1962   1     0     1     1  2.95       1.95       0.0009935 
   2  1963   1     0     1     1  2.95       1.95       0.0009935 
   2  1964   1     0     1     1  2.95       1.95       0.0009935 
   2  1965   1     0     1     1  2.95       1.95       0.0009935 
   2  1966   1     0     1     1  2.95       1.95       0.0009935 
   2  1967   1     0     1     1  2.95       1.95       0.0009935 
   2  1968   1     0     1     1  2.96       1.96       0.0009935 
   2  1969   1     0     1     1  2.96       1.96       0.0009935 
   2  1970   1     0     1     1  2.96       1.96       0.0009935 
   2  1971   1     0     1     1  2.96       1.96       0.0009935 
   2  1972   1     0     1     1  2.96       1.96       0.0009935 
   2  1973   1     0     1     1  2.96       1.96       0.0009935 
   2  1974   1     0     1     1  2.96       1.96       0.0009935 
   2  1975   1     0     1     1  2.96       1.96       0.0009935 
   2  1976   1     0     1     1  2.96       1.96       0.0009935 
   2  1977   1     0     1     1  2.96       1.96       0.0009935 
   2  1978   1     0     1     1  2.97       1.97       0.0009935 
   2  1979   1     0     1     1  2.97       1.97       0.0009935 
   2  1980   1     0     1     1  2.97       1.97       0.0009935 
   2  1981   1     0     1     1  2.97       1.97       0.0009935 
   2  1982   1     0     1     1  2.97       1.97       0.0009935 
   2  1983   1     0     1     1  2.97       1.97       0.0009935 
   2  1984   1     0     1     1  2.97       1.97       0.0009935 
   2  1985   1     0     1     1  2.97       1.97       0.0009935 
   2  1986   1     0     1     1  2.97       1.97       0.0009935 
   2  1987   1     0     1     1  2.97       1.97       0.0009935 
   2  1988   1     0     1     1  2.97       1.97       0.0009935 
   2  1989   1     0     1     1  2.98       1.98       0.0009935 
   2  1990   1     0     1     1  2.98       1.98       0.0009935 
   2  1991   1     0     1     1  2.98       1.98       0.0009935 
   2  1992   1     0     1     1  2.98       1.98       0.0009935 
   2  1993   1     0     1     1  2.98       1.98       0.0009935 
   2  1994   1     0     1     1  2.98       1.98       0.0009935 
   2  1995   1     0     1     1  2.98       1.98       0.0009935 
   2  1996   1     0     1     1  2.98       1.98       0.0009935 
   2  1997   1     0     1     1  2.98       1.98       0.0009935 
   2  1998   1     0     1     1  2.98       1.98       0.0009935 
   2  1999   1     0     1     1  2.99       1.99       0.0009935 
   2  2000   1     0     1     1  2.99       1.99       0.0009935 
   2  2001   1     0     1     1  2.99       1.99       0.0009935 
   2  2002   1     0     1     1  2.99       1.99       0.0009935 
   2  2003   1     0     1     1  2.99       1.99       0.0009935 
   2  2004   1     0     1     1  2.99       1.99       0.0009935 
   2  2005   1     0     1     1  2.99       1.99       0.0009935 
   2  2006   1     0     1     1  2.99       1.99       0.0009935 
   2  2007   1     0     1     1  2.99       1.99       0.0009935 
   2  2008   1     0     1     1  2.99       1.99       0.0009935 
   2  2009   1     0     1     1  3.00       2.00       0.0009935 
   2  2010   1     0     1     1  3.00       2.00       0.0009935 
   2  2011   1     0     1     1  3.00       2.00       0.0009935 
   2  2012   1     0     1     1  3.00       2.00       0.0009935 
   2  2013   1     0     1     1  3.00       2.00       0.0009935 
   2  2014   1     0     1     1  3.00       2.00       0.0001674 
                          
 THE ANALYSIS HAS COMPLETED SUCCESSFULLY
