ALLAE,ALLIE,ALLSE,ALLVD,DAMAGEC,DAMAGET,E1,E2,E3,E4,E5,E6,PE1,PE2,PE3,PE4,PE5,PE6,RF1_n1,RF1_n2,RF1_n3,RF1_n4,RF1_n5,RF1_n6,RF1_n7,RF1_n8,RF2_n1,RF2_n2,RF2_n3,RF2_n4,RF2_n5,RF2_n6,RF2_n7,RF2_n8,RF3_n1,RF3_n2,RF3_n3,RF3_n4,RF3_n5,RF3_n6,RF3_n7,RF3_n8,S1,S2,S3,S4,S5,S6,U1_n1,U1_n2,U1_n3,U1_n4,U1_n5,U1_n6,U1_n7,U1_n8,U2_n1,U2_n2,U2_n3,U2_n4,U2_n5,U2_n6,U2_n7,U2_n8,U3_n1,U3_n2,U3_n3,U3_n4,U3_n5,U3_n6,U3_n7,U3_n8,step,time
0.0,0.0,0.0,0.0,0.0,0.0,0.0,0.0,0.0,0.0,0.0,0.0,0.0,0.0,0.0,0.0,0.0,0.0,-0.0,-0.0,-0.0,-0.0,-0.0,-0.0,-0.0,-0.0,-0.0,-0.0,0.0,0.0,-0.0,-0.0,0.0,0.0,-0.0,-0.0,-0.0,-0.0,0.0,0.0,0.0,0.0,0.0,0.0,0.0,0.0,0.0,0.0,0.0,0.0,0.0,0.0,0.0,0.0,0.0,0.0,0.0,0.0,0.0,0.0,0.0,0.0,0.0,0.0,0.0,0.0,0.0,0.0,0.0,0.0,0.0,0.0,Uniaxial,0.0
2.5726528468734846e-31,1.040624976158142,1.040624976158142,0.0,0.0,0.0,-7.5e-06,1.5e-06,1.5e-06,-5.293956e-22,2.646978e-22,-2.646978e-22,0.0,0.0,0.0,0.0,0.0,0.0,69375.0,-69375.0,-69375.0,69375.0,69375.0,-69375.0,-69375.0,69375.0,5.126549e-12,1.0842644e-12,0.0,0.0,3.463209e-12,-5.7907525e-13,0.0,0.0,1.8467224e-13,2.213509e-12,-1.8467224e-13,-2.213509e-12,0.0,0.0,0.0,0.0,-277500.0,-9.094947e-12,0.0,-8.161516e-12,4.080758e-12,-4.080758e-12,-6.9375e-32,-7.5e-06,-7.5e-06,-6.9375e-32,-6.9375e-32,-7.5e-06,-7.5e-06,-6.9375e-32,-0.0,-0.0,1.5e-06,1.5e-06,-0.0,-0.0,1.5e-06,1.5e-06,-0.0,-0.0,-0.0,0.0,1.5e-06,1.5e-06,1.5e-06,1.5e-06,Uniaxial,0.0010000000474974513
0.0,4.162499904632568,4.162499904632568,0.0,0.0,0.0,-1.5e-05,3e-06,3e-06,0.0,-3.1763736e-22,1.0587912e-22,0.0,0.0,0.0,0.0,0.0,0.0,138750.0,-138750.0,-138750.0,138750.0,138750.0,-138750.0,-138750.0,138750.0,1.4109136e-12,1.4109136e-12,0.0,0.0,2.227065e-12,2.227065e-12,0.0,0.0,8.1615156e-13,-1.6323031e-12,-8.1615156e-13,1.6323031e-12,0.0,0.0,0.0,0.0,-555000.0,-7.275958e-12,0.0,0.0,-4.8969093e-12,1.6323031e-12,0.0,-1.5e-05,-1.5e-05,0.0,0.0,-1.5e-05,-1.5e-05,0.0,0.0,0.0,3e-06,3e-06,0.0,-0.0,3e-06,3e-06,0.0,0.0,-0.0,-0.0,3e-06,3e-06,3e-06,3e-06,Uniaxial,0.0020000000949949026
9.124702577804782e-35,12.747655868530273,12.747655868530273,0.0,0.0,0.0,-2.625e-05,5.25e-06,5.25e-06,3.1763736e-22,-1.0587912e-22,-1.0587912e-22,0.0,0.0,0.0,0.0,0.0,0.0,242812.5,-242812.5,-242812.5,242812.5,242812.5,-242812.5,-242812.5,242812.5,8.309574e-12,1.072725e-11,0.0,0.0,7.462644e-12,9.88032e-12,0.0,0.0,8.107498e-12,7.245179e-12,6.4444166e-12,7.306736e-12,0.0,0.0,0.0,0.0,-971250.0,-3.6379788e-11,-2.910383e-11,4.8969093e-12,-1.6323031e-12,-1.6323031e-12,0.0,-2.625e-05,-2.625e-05,0.0,0.0,-2.625e-05,-2.625e-05,0.0,-0.0,-0.0,5.25e-06,5.25e-06,-0.0,-0.0,5.25e-06,5.25e-06,0.0,-0.0,-0.0,0.0,5.25e-06,5.25e-06,5.25e-06,5.25e-06,Uniaxial,0.0035000001080334187
6.517644944419924e-35,31.478906631469727,31.478906631469727,0.0,0.0,0.0,-4.125e-05,8.25e-06,8.25e-06,0.0,1.0587912e-22,4.2351647e-22,0.0,0.0,0.0,0.0,0.0,0.0,381562.5,-381562.5,-381562.5,381562.5,381562.5,-381562.5,-381562.5,381562.5,-3.0736132e-11,-3.0736132e-11,0.0,0.0,-2.7471527e-11,-2.7471527e-11,0.0,0.0,-3.112882e-11,-3.0374227e-11,-2.7078841e-11,-2.7833435e-11,0.0,0.0,0.0,0.0,-1526250.0,1.1641532e-10,1.1641532e-10,0.0,1.6323031e-12,6.5292125e-12,0.0,-4.125e-05,-4.125e-05,0.0,0.0,-4.125e-05,-4.125e-05,0.0,0.0,0.0,8.25e-06,8.25e-06,0.0,0.0,8.25e-06,8.25e-06,0.0,0.0,0.0,0.0,8.25e-06,8.25e-06,8.25e-06,8.25e-06,Uniaxial,0.005499999970197678
3.9105867370632137e-35,58.53515625,58.53515625,0.0,0.0,0.0,-5.625e-05,1.125e-05,1.125e-05,0.0,2.1175824e-22,-4.2351647e-22,0.0,0.0,0.0,0.0,0.0,0.0,520312.5,-520312.5,-520312.5,520312.5,520312.5,-520312.5,-520312.5,520312.5,1.6323031e-12,1.6323031e-12,0.0,0.0,-1.6323031e-12,-1.6323031e-12,0.0,0.0,8.315409e-13,2.4330653e-12,-8.315409e-13,-2.4330653e-12,0.0,0.0,0.0,0.0,-2081250.0,0.0,0.0,0.0,3.2646063e-12,-6.5292125e-12,-0.0,-5.625e-05,-5.625e-05,-0.0,-0.0,-5.625e-05,-5.625e-05,-0.0,-0.0,-0.0,1.125e-05,1.125e-05,-0.0,-0.0,1.125e-05,1.125e-05,-0.0,-0.0,-0.0,-0.0,1.125e-05,1.125e-05,1.125e-05,1.125e-05,Uniaxial,0.007499999832361937
2.6070579777679694e-34,93.9164047241211,93.9164047241211,0.0,0.0,0.0,-7.125e-05,1.425e-05,1.425e-05,0.0,-1.0587912e-22,-1.0587912e-22,0.0,0.0,0.0,0.0,0.0,0.0,659062.5,-659062.5,-659062.5,659062.5,659062.5,-659062.5,-659062.5,659062.5,3.6803255e-11,3.6772474e-11,0.0,0.0,3.5987102e-11,3.595632e-11,0.0,0.0,2.996615e-11,2.915e-11,2.8241512e-11,2.9057663e-11,0.0,0.0,0.0,0.0,-2636250.0,-1.4551915e-10,-1.1641532e-10,0.0,-1.6323031e-12,-1.6323031e-12,0.0,-7.125e-05,-7.125e-05,0.0,0.0,-7.125e-05,-7.125e-05,0.0,0.0,0.0,1.425e-05,1.425e-05,0.0,0.0,1.425e-05,1.425e-05,0.0,0.0,0.0,0.0,1.425e-05,1.425e-05,1.425e-05,1.425e-05,Uniaxial,0.009499999694526196
4.171292672593255e-34,137.62265014648438,137.62265014648438,0.0,0.0,0.0,-8.625e-05,1.725e-05,1.725e-05,0.0,-6.352747e-22,1.0587912e-22,0.0,0.0,0.0,0.0,0.0,0.0,797812.5,-797812.5,-797812.5,797812.5,797812.5,-797812.5,-797812.5,797812.5,-1.4898433e-11,-1.4898433e-11,0.0,0.0,-1.4205397e-11,-1.4205397e-11,0.0,0.0,1.9788214e-12,-2.9180879e-12,-1.9788214e-12,2.9180879e-12,0.0,0.0,0.0,0.0,-3191250.0,5.820766e-11,0.0,0.0,-9.7938185e-12,1.6323031e-12,0.0,-8.625e-05,-8.625e-05,0.0,-0.0,-8.625e-05,-8.625e-05,-0.0,0.0,0.0,1.725e-05,1.725e-05,0.0,0.0,1.725e-05,1.725e-05,-0.0,-0.0,-0.0,-0.0,1.725e-05,1.725e-05,1.725e-05,1.725e-05,Uniaxial,0.011500000022351742
0.0,189.65390014648438,189.65390014648438,0.0,0.0,0.0,-0.00010125,2.025e-05,2.025e-05,0.0,3.1763736e-22,2.1175824e-22,0.0,0.0,0.0,0.0,0.0,0.0,936562.5,-936562.5,-936562.5,936562.5,936562.5,-936562.5,-936562.5,936562.5,-8.1615156e-13,-8.1615156e-13,0.0,0.0,8.1615156e-13,8.1615156e-13,0.0,0.0,-2.040379e-12,4.0807578e-13,2.040379e-12,-4.0807578e-13,0.0,0.0,0.0,0.0,-3746250.0,0.0,0.0,0.0,4.8969093e-12,3.2646063e-12,-0.0,-0.00010125,-0.00010125,-0.0,-0.0,-0.00010125,-0.00010125,-0.0,-0.0,-0.0,2.025e-05,2.025e-05,-0.0,-0.0,2.025e-05,2.025e-05,0.0,-0.0,-0.0,0.0,2.025e-05,2.025e-05,2.025e-05,2.025e-05,Uniaxial,0.013500000350177288
4.692704314064597e-34,250.01016235351562,250.01016235351562,0.0,0.0,0.0,-0.00011625,2.325e-05,2.325e-05,0.0,2.1175824e-22,-5.293956e-22,0.0,0.0,0.0,0.0,0.0,0.0,1075312.5,-1075312.5,-1075312.5,1075312.5,1075312.5,-1075312.5,-1075312.5,1075312.5,-5.2663577e-12,-5.2663577e-12,0.0,0.0,-9.2855576e-12,-9.2855576e-12,0.0,0.0,-5.6983435e-11,-5.535113e-11,-5.943189e-11,-6.106419e-11,0.0,0.0,0.0,0.0,-4301250.0,2.910383e-11,2.3283064e-10,0.0,3.2646063e-12,-8.161516e-12,-0.0,-0.00011625,-0.00011625,-0.0,-0.0,-0.00011625,-0.00011625,-0.0,0.0,0.0,2.325e-05,2.325e-05,0.0,0.0,2.325e-05,2.325e-05,0.0,0.0,0.0,0.0,2.325e-05,2.325e-05,2.325e-05,2.325e-05,Uniaxial,0.01549999974668026
4.692704314064597e-34,318.69140625,318.69140625,0.0,0.0,0.0,-0.00013125,2.625e-05,2.625e-05,0.0,1.0587912e-22,1.0587912e-22,0.0,0.0,0.0,0.0,0.0,0.0,1214062.5,-1214062.5,-1214062.5,1214062.5,1214062.5,-1214062.5,-1214062.5,1214062.5,1.4174618e-11,1.4174618e-11,0.0,0.0,1.4929212e-11,1.4929212e-11,0.0,0.0,5.7391508e-11,5.820766e-11,5.9023814e-11,5.820766e-11,0.0,0.0,0.0,0.0,-4856250.0,-5.820766e-11,-2.3283064e-10,0.0,1.6323031e-12,1.6323031e-12,-0.0,-0.00013125,-0.00013125,-0.0,-0.0,-0.00013125,-0.00013125,-0.0,0.0,0.0,2.625e-05,2.625e-05,0.0,0.0,2.625e-05,2.625e-05,-0.0,-0.0,-0.0,-0.0,2.625e-05,2.625e-05,2.625e-05,2.625e-05,Uniaxial,0.017500000074505806
4.692704314064597e-34,395.6976623535156,395.6976623535156,0.0,0.0,0.0,-0.00014625,2.925e-05,2.925e-05,0.0,0.0,-3.1763736e-22,0.0,0.0,0.0,0.0,0.0,0.0,1352812.5,-1352812.5,-1352812.5,1352812.5,1352812.5,-1352812.5,-1352812.5,1352812.5,-1.3358466e-11,-1.3358466e-11,0.0,0.0,-1.5745363e-11,-1.5745363e-11,0.0,0.0,5.943189e-11,5.943189e-11,5.6983435e-11,5.6983435e-11,0.0,0.0,0.0,0.0,-5411250.0,5.820766e-11,-2.3283064e-10,0.0,0.0,-4.8969093e-12,-0.0,-0.00014625,-0.00014625,-0.0,0.0,-0.00014625,-0.00014625,0.0,-0.0,-0.0,2.925e-05,2.925e-05,-0.0,-0.0,2.925e-05,2.925e-05,0.0,0.0,0.0,0.0,2.925e-05,2.925e-05,2.925e-05,2.925e-05,Uniaxial,0.019500000402331352
8.34258534518651e-34,481.0289001464844,481.0289001464844,0.0,0.0,0.0,-0.00016125,3.225e-05,3.225e-05,0.0,0.0,2.1175824e-22,0.0,0.0,0.0,0.0,0.0,0.0,1491562.5,-1491562.5,-1491562.5,1491562.5,1491562.5,-1491562.5,-1491562.5,1491562.5,1.3735763e-11,1.3612649e-11,0.0,0.0,1.5491181e-11,1.5368066e-11,0.0,0.0,-8.1615156e-13,-8.1615156e-13,8.1615156e-13,8.1615156e-13,0.0,0.0,0.0,0.0,-5966250.0,-5.820766e-11,0.0,0.0,0.0,3.2646063e-12,-0.0,-0.00016125,-0.00016125,-0.0,-0.0,-0.00016125,-0.00016125,-0.0,-0.0,-0.0,3.225e-05,3.225e-05,-0.0,-0.0,3.225e-05,3.225e-05,0.0,0.0,-0.0,-0.0,3.225e-05,3.225e-05,3.225e-05,3.225e-05,Uniaxial,0.0215000007301569
1.4599524124487652e-33,574.6851806640625,574.6851806640625,0.0,0.0,0.0,-0.00017625,3.525e-05,3.525e-05,0.0,0.0,-7.4115383e-22,0.0,0.0,0.0,0.0,0.0,0.0,1630312.5,-1630312.5,-1630312.5,1630312.5,1630312.5,-1630312.5,-1630312.5,1630312.5,4.645072e-11,4.6327605e-11,0.0,0.0,4.0983886e-11,4.0860773e-11,0.0,0.0,2.8565303e-12,2.8565303e-12,-2.8565303e-12,-2.8565303e-12,0.0,0.0,0.0,0.0,-6521250.0,-1.7462298e-10,0.0,0.0,0.0,-1.1426121e-11,0.0,-0.00017625,-0.00017625,0.0,0.0,-0.00017625,-0.00017625,0.0,0.0,0.0,3.525e-05,3.525e-05,0.0,0.0,3.525e-05,3.525e-05,-0.0,-0.0,0.0,0.0,3.525e-05,3.525e-05,3.525e-05,3.525e-05,Uniaxial,0.023499999195337296
2.29421085513192e-33,676.6663818359375,676.6663818359375,0.0,0.0,0.0,-0.00019125,3.825e-05,3.825e-05,-1.0587912e-22,0.0,9.529121e-22,0.0,0.0,0.0,0.0,0.0,0.0,1769062.5,-1769062.5,-1769062.5,1769062.5,1769062.5,-1769062.5,-1769062.5,1769062.5,-3.2368438e-11,-3.3307704e-11,0.0,0.0,-2.4899957e-11,-2.5839225e-11,0.0,0.0,-3.857354e-12,-3.7342395e-12,3.857354e-12,3.7342395e-12,0.0,0.0,0.0,0.0,-7076250.0,1.1641532e-10,0.0,-1.6323031e-12,0.0,1.4690728e-11,0.0,-0.00019125,-0.00019125,0.0,0.0,-0.00019125,-0.00019125,0.0,0.0,0.0,3.825e-05,3.825e-05,0.0,0.0,3.825e-05,3.825e-05,0.0,0.0,0.0,0.0,3.825e-05,3.825e-05,3.825e-05,3.825e-05,Uniaxial,0.025499999523162842
8.34258534518651e-34,786.97265625,786.97265625,0.0,0.0,0.0,-0.00020625,4.125e-05,4.125e-05,-1.0587912e-22,4.2351647e-22,-1.0587912e-22,0.0,0.0,0.0,0.0,0.0,0.0,1907812.5,-1907812.5,-1907812.5,1907812.5,1907812.5,-1907812.5,-1907812.5,1907812.5,7.357573e-11,7.263646e-11,0.0,0.0,7.288269e-11,7.194342e-11,0.0,0.0,5.6983435e-11,6.024804e-11,5.943189e-11,5.6167283e-11,0.0,0.0,0.0,0.0,-7631250.0,-2.910383e-10,-2.3283064e-10,-1.6323031e-12,6.5292125e-12,-1.6323031e-12,-0.0,-0.00020625,-0.00020625,-0.0,-0.0,-0.00020625,-0.00020625,-0.0,-0.0,-0.0,4.125e-05,4.125e-05,-0.0,-0.0,4.125e-05,4.125e-05,-0.0,-0.0,-0.0,-0.0,4.125e-05,4.125e-05,4.125e-05,4.125e-05,Uniaxial,0.027499999850988388
5.0055510234409136e-33,905.6038818359375,905.6038818359375,0.0,0.0,0.0,-0.00022125,4.425e-05,4.425e-05,0.0,1.0587912e-22,-1.0587912e-22,0.0,0.0,0.0,0.0,0.0,0.0,2046562.5,-2046562.5,-2046562.5,2046562.5,2046562.5,-2046562.5,-2046562.5,2046562.5,-4.3062998e-11,-4.318611e-11,0.0,0.0,-4.412538e-11,-4.4248494e-11,0.0,0.0,-5.839233e-11,-5.757618e-11,-5.802299e-11,-5.883914e-11,0.0,0.0,0.0,0.0,-8186250.0,1.7462298e-10,2.3283064e-10,0.0,1.6323031e-12,-1.6323031e-12,0.0,-0.00022125,-0.00022125,0.0,0.0,-0.00022125,-0.00022125,0.0,0.0,0.0,4.425e-05,4.425e-05,0.0,0.0,4.425e-05,4.425e-05,0.0,0.0,0.0,0.0,4.425e-05,4.425e-05,4.425e-05,4.425e-05,Uniaxial,0.029500000178813934
8.34258534518651e-34,1032.5601806640625,1032.5601806640625,0.0,0.0,0.0,-0.00023625,4.725e-05,4.725e-05,0.0,-5.293956e-22,1.0587912e-22,0.0,0.0,0.0,0.0,0.0,0.0,2185312.5,-2185312.5,-2185312.5,2185312.5,2185312.5,-2185312.5,-2185312.5,2185312.5,-2.9511907e-11,-2.963502e-11,0.0,0.0,-2.8572639e-11,-2.8695754e-11,0.0,0.0,5.9839966e-11,5.5759206e-11,5.657536e-11,6.065611e-11,0.0,0.0,0.0,0.0,-8741250.0,1.1641532e-10,-2.3283064e-10,0.0,-8.161516e-12,1.6323031e-12,-0.0,-0.00023625,-0.00023625,-0.0,-0.0,-0.00023625,-0.00023625,-0.0,-0.0,-0.0,4.725e-05,4.725e-05,-0.0,-0.0,4.725e-05,4.725e-05,-0.0,-0.0,-0.0,-0.0,4.725e-05,4.725e-05,4.725e-05,4.725e-05,Uniaxial,0.03150000050663948
2.7113401683089936e-33,1167.8414306640625,1167.8414306640625,0.0,0.0,0.0,-0.00025125,5.025e-05,5.025e-05,0.0,-2.1175824e-22,-3.1763736e-22,0.0,0.0,0.0,0.0,0.0,0.0,2324062.5,-2324062.5,-2324062.5,2324062.5,2324062.5,-2324062.5,-2324062.5,2324062.5,3.0451173e-11,3.0328056e-11,0.0,0.0,2.7879603e-11,2.7756488e-11,0.0,0.0,1.9788214e-12,3.4651836e-13,-1.9788214e-12,-3.4651836e-13,0.0,0.0,0.0,0.0,-9296250.0,-1.1641532e-10,0.0,0.0,-3.2646063e-12,-4.8969093e-12,-0.0,-0.00025125,-0.00025125,-0.0,-0.0,-0.00025125,-0.00025125,-0.0,-0.0,-0.0,5.025e-05,5.025e-05,-0.0,-0.0,5.025e-05,5.025e-05,0.0,0.0,0.0,0.0,5.025e-05,5.025e-05,5.025e-05,5.025e-05,Uniaxial,0.03350000083446503
1.4599524124487652e-33,1311.4476318359375,1311.4476318359375,0.0,0.0,0.0,-0.00026625,5.325e-05,5.325e-05,0.0,9.529121e-22,3.1763736e-22,0.0,0.0,0.0,0.0,0.0,0.0,2462812.5,-2462812.5,-2462812.5,2462812.5,2462812.5,-2462812.5,-2462812.5,2462812.5,-8.847416e-11,-8.8597275e-11,0.0,0.0,-8.602571e-11,-8.6148824e-11,0.0,0.0,-4.773794e-12,2.4484546e-12,4.773794e-12,-2.4484546e-12,0.0,0.0,0.0,0.0,-9851250.0,3.4924597e-10,0.0,0.0,1.4690728e-11,4.8969093e-12,0.0,-0.00026625,-0.00026625,0.0,0.0,-0.00026625,-0.00026625,0.0,0.0,0.0,5.325e-05,5.325e-05,0.0,0.0,5.325e-05,5.325e-05,0.0,0.0,-0.0,-0.0,5.325e-05,5.325e-05,5.325e-05,5.325e-05,Uniaxial,0.03550000116229057
8.34258534518651e-34,1463.37890625,1463.37890625,0.0,0.0,0.0,-0.00028125,5.625e-05,5.625e-05,0.0,-6.352747e-22,-4.2351647e-22,0.0,0.0,0.0,0.0,0.0,0.0,2601562.5,-2601562.5,-2601562.5,2601562.5,2601562.5,-2601562.5,-2601562.5,2601562.5,3.0736132e-11,3.061302e-11,0.0,0.0,2.7594642e-11,2.7471527e-11,0.0,0.0,4.080758e-12,-8.1615156e-13,-4.080758e-12,8.1615156e-13,0.0,0.0,0.0,0.0,-10406250.0,-1.1641532e-10,0.0,0.0,-9.7938185e-12,-6.5292125e-12,-0.0,-0.00028125,-0.00028125,-0.0,-0.0,-0.00028125,-0.00028125,-0.0,-0.0,-0.0,5.625e-05,5.625e-05,-0.0,-0.0,5.625e-05,5.625e-05,-0.0,0.0,0.0,-0.0,5.625e-05,5.625e-05,5.625e-05,5.625e-05,Uniaxial,0.03750000149011612
2.29421085513192e-33,1623.6351318359375,1623.6351318359375,0.0,0.0,0.0,-0.00029625,5.925e-05,5.925e-05,0.0,5.293956e-22,4.2351647e-22,0.0,0.0,0.0,0.0,0.0,0.0,2740312.5,-2740312.5,-2740312.5,2740312.5,2740312.5,-2740312.5,-2740312.5,2740312.5,8.586386e-11,8.574075e-11,0.0,0.0,8.8882235e-11,8.8759125e-11,0.0,0.0,1.12619525e-10,1.168234e-10,1.2021112e-10,1.16007245e-10,0.0,0.0,0.0,0.0,-10961250.0,-3.4924597e-10,-4.656613e-10,0.0,8.161516e-12,6.5292125e-12,0.0,-0.00029625,-0.00029625,0.0,0.0,-0.00029625,-0.00029625,0.0,0.0,0.0,5.925e-05,5.925e-05,0.0,0.0,5.925e-05,5.925e-05,0.0,-0.0,-0.0,0.0,5.925e-05,5.925e-05,5.925e-05,5.925e-05,Uniaxial,0.039500001817941666
1.1679619299590121e-32,1792.2164306640625,1792.2164306640625,0.0,0.0,0.0,-0.00031125,6.225e-05,6.225e-05,0.0,-4.2351647e-22,-4.2351647e-22,0.0,0.0,0.0,0.0,0.0,0.0,2879062.5,-2879062.5,-2879062.5,2879062.5,2879062.5,-2879062.5,-2879062.5,2879062.5,-2.7102183e-11,-2.7348412e-11,0.0,0.0,-3.085925e-11,-3.110548e-11,0.0,0.0,2.8952617e-12,-1.2311483e-13,-2.8952617e-12,1.2311483e-13,0.0,0.0,0.0,0.0,-11516250.0,1.1641532e-10,0.0,0.0,-6.5292125e-12,-6.5292125e-12,-0.0,-0.00031125,-0.00031125,-0.0,-0.0,-0.00031125,-0.00031125,-0.0,-0.0,-0.0,6.225e-05,6.225e-05,0.0,0.0,6.225e-05,6.225e-05,-0.0,0.0,0.0,-0.0,6.225e-05,6.225e-05,6.225e-05,6.225e-05,Uniaxial,0.04149999842047691
6.674068276149208e-33,1969.1226806640625,1969.1226806640625,0.0,0.0,0.0,-0.00032625,6.525e-05,6.525e-05,0.0,-7.4115383e-22,5.293956e-22,0.0,0.0,0.0,0.0,0.0,0.0,3017812.5,-3017812.5,-3017812.5,3017812.5,3017812.5,-3017812.5,-3017812.5,3017812.5,2.730968e-11,2.7063452e-11,0.0,0.0,3.114421e-11,3.089798e-11,0.0,0.0,5.699219e-13,-4.8969093e-12,-5.699219e-13,4.8969093e-12,0.0,0.0,0.0,0.0,-12071250.0,-1.1641532e-10,0.0,0.0,-1.1426121e-11,8.161516e-12,0.0,-0.00032625,-0.00032625,0.0,0.0,-0.00032625,-0.00032625,0.0,0.0,0.0,6.525e-05,6.525e-05,-0.0,-0.0,6.525e-05,6.525e-05,0.0,-0.0,-0.0,0.0,6.525e-05,6.525e-05,6.525e-05,6.525e-05,Uniaxial,0.04349999874830246
9.17684342052768e-33,2154.35400390625,2154.35400390625,0.0,0.0,0.0,-0.00034125,6.825e-05,6.825e-05,0.0,8.4703295e-22,-2.1175824e-22,0.0,0.0,0.0,0.0,0.0,0.0,3156562.5,-3156562.5,-3156562.5,3156562.5,3156562.5,-3156562.5,-3156562.5,3156562.5,-8.6125995e-11,-8.637222e-11,0.0,0.0,-8.825076e-11,-8.849699e-11,0.0,0.0,-1.1911e-10,-1.1258079e-10,-1.1372064e-10,-1.2024985e-10,0.0,0.0,0.0,0.0,-12626250.0,3.4924597e-10,4.656613e-10,0.0,1.3058425e-11,-3.2646063e-12,-0.0,-0.00034125,-0.00034125,-0.0,-0.0,-0.00034125,-0.00034125,-0.0,0.0,0.0,6.825e-05,6.825e-05,0.0,0.0,6.825e-05,6.825e-05,0.0,0.0,0.0,0.0,6.825e-05,6.825e-05,6.825e-05,6.825e-05,Uniaxial,0.045499999076128006
9.17684342052768e-33,2347.91015625,2347.91015625,0.0,0.0,0.0,-0.00035625,7.125e-05,7.125e-05,0.0,-4.2351647e-22,-3.1763736e-22,0.0,0.0,0.0,0.0,0.0,0.0,3295312.5,-3295312.5,-3295312.5,3295312.5,3295312.5,-3295312.5,-3295312.5,3295312.5,1.1763955e-10,1.1739332e-10,0.0,0.0,1.15437326e-10,1.1519109e-10,0.0,0.0,1.1939497e-10,1.1637659e-10,1.1343568e-10,1.1645405e-10,0.0,0.0,0.0,0.0,-13181250.0,-4.656613e-10,-4.656613e-10,0.0,-6.5292125e-12,-4.8969093e-12,0.0,-0.00035625,-0.00035625,0.0,0.0,-0.00035625,-0.00035625,0.0,-0.0,-0.0,7.125e-05,7.125e-05,-0.0,-0.0,7.125e-05,7.125e-05,-0.0,-0.0,-0.0,-0.0,7.125e-05,7.125e-05,7.125e-05,7.125e-05,Uniaxial,0.04749999940395355
9.17684342052768e-33,2549.79150390625,2549.79150390625,0.0,0.0,0.0,-0.00037125,7.425e-05,7.425e-05,0.0,0.0,3.1763736e-22,0.0,0.0,0.0,0.0,0.0,0.0,3434062.5,-3434062.5,-3434062.5,3434062.5,3434062.5,-3434062.5,-3434062.5,3434062.5,1.1506798e-10,1.1482175e-10,0.0,0.0,1.180089e-10,1.1776266e-10,0.0,0.0,-1.470457e-12,-1.2242273e-12,1.470457e-12,1.2242273e-12,0.0,0.0,0.0,0.0,-13736250.0,-4.656613e-10,0.0,0.0,0.0,4.8969093e-12,-0.0,-0.00037125,-0.00037125,-0.0,-0.0,-0.00037125,-0.00037125,-0.0,0.0,0.0,7.425e-05,7.425e-05,0.0,0.0,7.425e-05,7.425e-05,0.0,0.0,0.0,0.0,7.425e-05,7.425e-05,7.425e-05,7.425e-05,Uniaxial,0.0494999997317791
6.674068276149208e-33,2759.99755859375,2759.99755859375,0.0,0.0,0.0,-0.00038625,7.725e-05,7.725e-05,-1.0587912e-22,2.1175824e-22,-3.1763736e-22,0.0,0.0,0.0,0.0,0.0,0.0,3572812.5,-3572812.5,-3572812.5,3572812.5,3572812.5,-3572812.5,-3572812.5,3572812.5,-5.657536e-11,-5.763774e-11,0.0,0.0,-5.877758e-11,-5.9839966e-11,0.0,0.0,1.6184611e-13,1.7941491e-12,-1.6184611e-13,-1.7941491e-12,0.0,0.0,0.0,0.0,-14291250.0,2.3283064e-10,0.0,-1.6323031e-12,3.2646063e-12,-4.8969093e-12,0.0,-0.00038625,-0.00038625,0.0,0.0,-0.00038625,-0.00038625,0.0,0.0,0.0,7.725e-05,7.725e-05,0.0,0.0,7.725e-05,7.725e-05,-0.0,-0.0,-0.0,-0.0,7.725e-05,7.725e-05,7.725e-05,7.725e-05,Uniaxial,0.051500000059604645
5.839809649795061e-33,2978.52880859375,2978.52880859375,0.0,0.0,0.0,-0.00040125,8.025e-05,8.025e-05,-1.0587912e-22,2.1175824e-22,2.1175824e-22,0.0,0.0,0.0,0.0,0.0,0.0,3711562.5,-3711562.5,-3711562.5,3711562.5,3711562.5,-3711562.5,-3711562.5,3711562.5,-2.963502e-11,-3.0697403e-11,0.0,0.0,-2.7510258e-11,-2.8572639e-11,0.0,0.0,-1.6323031e-12,-2.019484e-28,1.6323031e-12,2.019484e-28,0.0,0.0,0.0,0.0,-14846250.0,1.1641532e-10,0.0,-1.6323031e-12,3.2646063e-12,3.2646063e-12,-0.0,-0.00040125,-0.00040125,-0.0,-0.0,-0.00040125,-0.00040125,-0.0,-0.0,-0.0,8.025e-05,8.025e-05,-0.0,-0.0,8.025e-05,8.025e-05,0.0,0.0,-0.0,-0.0,8.025e-05,8.025e-05,8.025e-05,8.025e-05,Uniaxial,0.05350000038743019
6.674068276149208e-33,3205.38525390625,3205.38525390625,0.0,0.0,0.0,-0.00041625,8.325e-05,8.325e-05,3.1763736e-22,1.0587912e-22,-1.0587912e-22,0.0,0.0,0.0,0.0,0.0,0.0,3850312.5,-3850312.5,-3850312.5,3850312.5,3850312.5,-3850312.5,-3850312.5,3850312.5,2.828768e-11,3.0489902e-11,0.0,0.0,2.7717757e-11,2.9919983e-11,0.0,0.0,2.3258441e-10,2.3340058e-10,2.3307686e-10,2.3226072e-10,0.0,0.0,0.0,0.0,-15401250.0,-1.1641532e-10,-9.313226e-10,4.8969093e-12,1.6323031e-12,-1.6323031e-12,-0.0,-0.00041625,-0.00041625,-0.0,-0.0,-0.00041625,-0.00041625,-0.0,-0.0,-0.0,8.325e-05,8.325e-05,-0.0,-0.0,8.325e-05,8.325e-05,-0.0,-0.0,-0.0,-0.0,8.325e-05,8.325e-05,8.325e-05,8.325e-05,Uniaxial,0.05550000071525574
3.337034138074604e-33,3440.56640625,3440.56640625,0.0,0.0,0.0,-0.00043125,8.625e-05,8.625e-05,-5.293956e-22,0.0,-6.352747e-22,0.0,0.0,0.0,0.0,0.0,0.0,3989062.5,-3989062.5,-3989062.5,3989062.5,3989062.5,-3989062.5,-3989062.5,3989062.5,-8.282266e-11,-8.6903415e-11,0.0,0.0,-8.771957e-11,-9.1800324e-11,0.0,0.0,-1.142131e-10,-1.142131e-10,-1.1861755e-10,-1.1861755e-10,0.0,0.0,0.0,0.0,-15956250.0,3.4924597e-10,4.656613e-10,-8.161516e-12,0.0,-9.7938185e-12,0.0,-0.00043125,-0.00043125,0.0,0.0,-0.00043125,-0.00043125,0.0,0.0,0.0,8.625e-05,8.625e-05,0.0,0.0,8.625e-05,8.625e-05,0.0,0.0,0.0,0.0,8.625e-05,8.625e-05,8.625e-05,8.625e-05,Uniaxial,0.057500001043081284
1.7519428214701213e-32,3684.07275390625,3684.07275390625,0.0,0.0,0.0,-0.00044625,8.925e-05,8.925e-05,1.0587912e-22,0.0,6.352747e-22,0.0,0.0,0.0,0.0,0.0,0.0,4127812.5,-4127812.5,-4127812.5,4127812.5,4127812.5,-4127812.5,-4127812.5,4127812.5,-2.0695269e-10,-2.0613654e-10,0.0,0.0,-2.0131709e-10,-2.0050094e-10,0.0,0.0,-2.352791e-10,-2.3503288e-10,-2.3038219e-10,-2.3062842e-10,0.0,0.0,0.0,0.0,-16511250.0,8.1490725e-10,9.313226e-10,1.6323031e-12,0.0,9.7938185e-12,-0.0,-0.00044625,-0.00044625,-0.0,-0.0,-0.00044625,-0.00044625,-0.0,0.0,0.0,8.925e-05,8.925e-05,0.0,0.0,8.925e-05,8.925e-05,0.0,0.0,-0.0,-0.0,8.925e-05,8.925e-05,8.925e-05,8.925e-05,Uniaxial,0.05950000137090683
5.839809649795061e-33,3935.90380859375,3935.90380859375,0.0,0.0,0.0,-0.00046125,9.225e-05,9.225e-05,-1.0587912e-22,0.0,5.293956e-22,0.0,0.0,0.0,0.0,0.0,0.0,4266562.5,-4266562.5,-4266562.5,4266562.5,4266562.5,-4266562.5,-4266562.5,4266562.5,-1.4715146e-10,-1.4796761e-10,0.0,0.0,-1.430707e-10,-1.4388685e-10,0.0,0.0,-1.1882505e-10,-1.1857881e-10,-1.140056e-10,-1.1425183e-10,0.0,0.0,0.0,0.0,-17066250.0,5.820766e-10,4.656613e-10,-1.6323031e-12,0.0,8.161516e-12,0.0,-0.00046125,-0.00046125,0.0,0.0,-0.00046125,-0.00046125,0.0,-0.0,-0.0,9.225e-05,9.225e-05,-0.0,-0.0,9.225e-05,9.225e-05,-0.0,-0.0,-0.0,-0.0,9.225e-05,9.225e-05,9.225e-05,9.225e-05,Uniaxial,0.061500001698732376
7.508326902503355e-33,4196.06005859375,4196.06005859375,0.0,0.0,0.0,-0.00047625,9.525e-05,9.525e-05,2.1175824e-22,0.0,-3.1763736e-22,0.0,0.0,0.0,0.0,0.0,0.0,4405312.5,-4405312.5,-4405312.5,4405312.5,4405312.5,-4405312.5,-4405312.5,4405312.5,-1.4511108e-10,-1.43725e-10,0.0,0.0,-1.473133e-10,-1.4592723e-10,0.0,0.0,-1.15560436e-10,-1.1506798e-10,-1.1727021e-10,-1.1776266e-10,0.0,0.0,0.0,0.0,-17621250.0,5.820766e-10,4.656613e-10,3.2646063e-12,0.0,-4.8969093e-12,-0.0,-0.00047625,-0.00047625,-0.0,-0.0,-0.00047625,-0.00047625,-0.0,-0.0,-0.0,9.525e-05,9.525e-05,-0.0,-0.0,9.525e-05,9.525e-05,0.0,0.0,0.0,0.0,9.525e-05,9.525e-05,9.525e-05,9.525e-05,Uniaxial,0.06350000202655792
1.0011102046881827e-32,4464.54150390625,4464.54150390625,0.0,0.0,0.0,-0.00049125,9.825e-05,9.825e-05,-2.1175824e-22,1.0587912e-22,4.2351647e-22,0.0,0.0,0.0,0.0,0.0,0.0,4544062.5,-4544062.5,-4544062.5,4544062.5,4544062.5,-4544062.5,-4544062.5,4544062.5,-1.1735458e-10,-1.1923312e-10,0.0,0.0,-1.1359752e-10,-1.1547605e-10,0.0,0.0,-1.1857881e-10,-1.1727021e-10,-1.1425183e-10,-1.15560436e-10,0.0,0.0,0.0,0.0,-18176250.0,4.656613e-10,4.656613e-10,-3.2646063e-12,1.6323031e-12,6.5292125e-12,0.0,-0.00049125,-0.00049125,0.0,0.0,-0.00049125,-0.00049125,0.0,0.0,0.0,9.825e-05,9.825e-05,0.0,0.0,9.825e-05,9.825e-05,0.0,0.0,-0.0,-0.0,9.825e-05,9.825e-05,9.825e-05,9.825e-05,Uniaxial,0.06549999862909317
7.508326902503355e-33,4741.34765625,4741.34765625,0.0,0.0,0.0,-0.00050625,0.00010125,0.00010125,1.0587912e-22,5.293956e-22,-4.2351647e-22,0.0,0.0,0.0,0.0,0.0,0.0,4682812.5,-4682812.5,-4682812.5,4682812.5,4682812.5,-4682812.5,-4682812.5,4682812.5,5.943189e-11,6.000181e-11,0.0,0.0,5.6413513e-11,5.6983435e-11,0.0,0.0,-5.311906e-13,4.0420263e-12,5.311906e-13,-4.0420263e-12,0.0,0.0,0.0,0.0,-18731250.0,-2.3283064e-10,0.0,1.6323031e-12,8.161516e-12,-6.5292125e-12,-0.0,-0.00050625,-0.00050625,-0.0,-0.0,-0.00050625,-0.00050625,-0.0,-0.0,-0.0,0.00010125,0.00010125,-0.0,-0.0,0.00010125,0.00010125,-0.0,-0.0,-0.0,-0.0,0.00010125,0.00010125,0.00010125,0.00010125,Uniaxial,0.06750000268220901
6.674068276149208e-33,5026.47900390625,5026.47900390625,0.0,0.0,0.0,-0.00052125,0.00010425,0.00010425,-2.1175824e-22,1.0587912e-22,-1.0587912e-22,0.0,0.0,0.0,0.0,0.0,0.0,4821562.5,-4821562.5,-4821562.5,4821562.5,4821562.5,-4821562.5,-4821562.5,4821562.5,-5.686032e-11,-5.8738854e-11,0.0,0.0,-5.767647e-11,-5.9555e-11,0.0,0.0,-3.6934447e-13,9.392664e-13,3.6934447e-13,-9.392664e-13,0.0,0.0,0.0,0.0,-19286250.0,2.3283064e-10,0.0,-3.2646063e-12,1.6323031e-12,-1.6323031e-12,0.0,-0.00052125,-0.00052125,0.0,0.0,-0.00052125,-0.00052125,0.0,0.0,0.0,0.00010425,0.00010425,0.0,0.0,0.00010425,0.00010425,0.0,0.0,0.0,0.0,0.00010425,0.00010425,0.00010425,0.00010425,Uniaxial,0.06949999928474426
1.5850912431360857e-32,5319.93505859375,5319.93505859375,0.0,0.0,0.0,-0.00053625,0.00010725,0.00010725,1.0587912e-22,-5.293956e-22,2.1175824e-22,0.0,0.0,0.0,0.0,0.0,0.0,4960312.5,-4960312.5,-4960312.5,4960312.5,4960312.5,-4960312.5,-4960312.5,4960312.5,-5.9185656e-11,-5.861574e-11,0.0,0.0,-5.7799585e-11,-5.7229662e-11,0.0,0.0,2.3393176e-10,2.3058969e-10,2.3172952e-10,2.350716e-10,0.0,0.0,0.0,0.0,-19841250.0,2.3283064e-10,-9.313226e-10,1.6323031e-12,-8.161516e-12,3.2646063e-12,1e-45,-0.00053625,-0.00053625,1e-45,1e-45,-0.00053625,-0.00053625,1e-45,0.0,0.0,0.00010725,0.00010725,0.0,0.0,0.00010725,0.00010725,0.0,-0.0,-0.0,0.0,0.00010725,0.00010725,0.00010725,0.00010725,Uniaxial,0.07150000333786011
2.2524979972826096e-32,5621.71630859375,5621.71630859375,0.0,0.0,0.0,-0.00055125,0.00011025,0.00011025,-2.1175824e-22,3.1763736e-22,0.0,0.0,0.0,0.0,0.0,0.0,0.0,5099062.5,-5099062.5,-5099062.5,5099062.5,5099062.5,-5099062.5,-5099062.5,5099062.5,6.930367e-13,-1.185496e-12,0.0,0.0,1.185496e-12,-6.930367e-13,0.0,0.0,-2.3405486e-10,-2.3086773e-10,-2.3160641e-10,-2.3479357e-10,0.0,0.0,0.0,0.0,-20396250.0,0.0,9.313226e-10,-3.2646063e-12,4.8969093e-12,0.0,-1e-45,-0.00055125,-0.00055125,-1e-45,-1e-45,-0.00055125,-0.00055125,-1e-45,-0.0,-0.0,0.00011025,0.00011025,-0.0,-0.0,0.00011025,0.00011025,0.0,0.0,0.0,0.0,0.00011025,0.00011025,0.00011025,0.00011025,Uniaxial,0.07349999994039536
8.342585528857502e-33,5931.82275390625,5931.82275390625,0.0,0.0,0.0,-0.00056625,0.00011325,0.00011325,1.0587912e-22,2.1175824e-22,-2.1175824e-22,0.0,0.0,0.0,0.0,0.0,0.0,5237812.5,-5237812.5,-5237812.5,5237812.5,5237812.5,-5237812.5,-5237812.5,5237812.5,-5.743024e-11,-5.710655e-11,0.0,0.0,-5.930877e-11,-5.898508e-11,0.0,0.0,-3.6934447e-13,1.7554179e-12,3.6934447e-13,-1.7554179e-12,0.0,0.0,0.0,0.0,-20951250.0,2.3283064e-10,0.0,1.6323031e-12,3.2646063e-12,-3.2646063e-12,-0.0,-0.00056625,-0.00056625,-0.0,-0.0,-0.00056625,-0.00056625,-0.0,-0.0,-0.0,0.00011325,0.00011325,-0.0,-0.0,0.00011325,0.00011325,-0.0,-0.0,-0.0,-0.0,0.00011325,0.00011325,0.00011325,0.00011325,Uniaxial,0.0754999965429306
1.6685171057715004e-32,6250.25390625,6250.25390625,0.0,0.0,0.0,-0.00058125,0.00011625,0.00011625,2.1175824e-22,4.2351647e-22,0.0,0.0,0.0,0.0,0.0,0.0,0.0,5376562.5,-5376562.5,-5376562.5,5376562.5,5376562.5,-5376562.5,-5376562.5,5376562.5,1.7392994e-10,1.7506979e-10,0.0,0.0,1.7417617e-10,1.7531603e-10,0.0,0.0,2.3107523e-10,2.350785e-10,2.3458607e-10,2.3058276e-10,0.0,0.0,0.0,0.0,-21506250.0,-6.9849193e-10,-9.313226e-10,3.2646063e-12,6.5292125e-12,0.0,0.0,-0.00058125,-0.00058125,0.0,0.0,-0.00058125,-0.00058125,0.0,0.0,0.0,0.00011625,0.00011625,0.0,0.0,0.00011625,0.00011625,0.0,0.0,-0.0,-0.0,0.00011625,0.00011625,0.00011625,0.00011625,Uniaxial,0.07750000059604645
2.3359238599180243e-32,6577.01025390625,6577.01025390625,0.0,0.0,0.0,-0.00059625,0.00011925,0.00011925,-3.1763736e-22,-1.0587912e-22,3.1763736e-22,0.0,0.0,0.0,0.0,0.0,0.0,5515312.5,-5515312.5,-5515312.5,5515312.5,5515312.5,-5515312.5,-5515312.5,5515312.5,6.1557416e-13,-2.3253398e-12,0.0,0.0,2.3253398e-12,-6.1557416e-13,0.0,0.0,-1.4317257e-12,-1.5091883e-12,1.4317257e-12,1.5091883e-12,0.0,0.0,0.0,0.0,-22061250.0,0.0,0.0,-4.8969093e-12,-1.6323031e-12,4.8969093e-12,0.0,-0.00059625,-0.00059625,0.0,0.0,-0.00059625,-0.00059625,0.0,0.0,0.0,0.00011925,0.00011925,0.0,0.0,0.00011925,0.00011925,0.0,0.0,0.0,0.0,0.00011925,0.00011925,0.00011925,0.00011925,Uniaxial,0.0794999971985817
2.3359238599180243e-32,6912.09130859375,6912.09130859375,0.0,0.0,0.0,-0.00061125,0.00012225,0.00012225,-1.0587912e-22,-2.1175824e-22,-1.0587912e-22,0.0,0.0,0.0,0.0,0.0,0.0,5654062.5,-5654062.5,-5654062.5,5654062.5,5654062.5,-5654062.5,-5654062.5,5654062.5,1.1747771e-10,1.16169095e-10,0.0,0.0,1.1666156e-10,1.1535294e-10,0.0,0.0,-2.3160641e-10,-2.3274627e-10,-2.3405486e-10,-2.3291502e-10,0.0,0.0,0.0,0.0,-22616250.0,-4.656613e-10,9.313226e-10,-1.6323031e-12,-3.2646063e-12,-1.6323031e-12,1e-45,-0.00061125,-0.00061125,1e-45,1e-45,-0.00061125,-0.00061125,1e-45,-0.0,-0.0,0.00012225,0.00012225,-0.0,-0.0,0.00012225,0.00012225,0.0,-0.0,-0.0,0.0,0.00012225,0.00012225,0.00012225,0.00012225,Uniaxial,0.08150000125169754
3.670737368211072e-32,7255.49755859375,7255.49755859375,0.0,0.0,0.0,-0.00062625,0.00012525,0.00012525,0.0,-2.1175824e-22,0.0,0.0,0.0,0.0,0.0,0.0,0.0,5792812.5,-5792812.5,-5792812.5,5792812.5,5792812.5,-5792812.5,-5792812.5,5792812.5,-1.738843e-10,-1.7437675e-10,0.0,0.0,-1.7486922e-10,-1.7536167e-10,0.0,0.0,-2.3250696e-10,-2.336468e-10,-2.3315433e-10,-2.3201449e-10,0.0,0.0,0.0,0.0,-23171250.0,6.9849193e-10,9.313226e-10,0.0,-3.2646063e-12,0.0,-1e-45,-0.00062625,-0.00062625,-1e-45,-1e-45,-0.00062625,-0.00062625,-1e-45,0.0,0.0,0.00012525,0.00012525,0.0,0.0,0.00012525,0.00012525,-0.0,-0.0,-0.0,-0.0,0.00012525,0.00012525,0.00012525,0.00012525,Uniaxial,0.08349999785423279
4.6718477198360486e-32,7607.22900390625,7607.22900390625,0.0,0.0,0.0,-0.00064125,0.00012825,0.00012825,0.0,4.2351647e-22,2.1175824e-22,0.0,0.0,0.0,0.0,0.0,0.0,5931562.5,-5931562.5,-5931562.5,5931562.5,5931562.5,-5931562.5,-5931562.5,5931562.5,-5.877758e-11,-5.97625e-11,0.0,0.0,-5.665282e-11,-5.763774e-11,0.0,0.0,-2.3503288e-10,-2.3176826e-10,-2.3062842e-10,-2.3389302e-10,0.0,0.0,0.0,0.0,-23726250.0,2.3283064e-10,9.313226e-10,0.0,6.5292125e-12,3.2646063e-12,-0.0,-0.00064125,-0.00064125,-0.0,-0.0,-0.00064125,-0.00064125,-0.0,-0.0,-0.0,0.00012825,0.00012825,-0.0,-0.0,0.00012825,0.00012825,0.0,0.0,0.0,0.0,0.00012825,0.00012825,0.00012825,0.00012825,Uniaxial,0.08550000190734863
3.003330761001342e-32,7967.28515625,7967.28515625,0.0,0.0,0.0,-0.00065625,0.00013125,0.00013125,0.0,1.0587912e-22,-3.1763736e-22,0.0,0.0,0.0,0.0,0.0,0.0,6070312.5,-6070312.5,-6070312.5,6070312.5,6070312.5,-6070312.5,-6070312.5,6070312.5,1.1837824e-10,1.1739332e-10,0.0,0.0,1.15437326e-10,1.14452406e-10,0.0,0.0,8.1615156e-13,2.1247624e-12,-8.1615156e-13,-2.1247624e-12,0.0,0.0,0.0,0.0,-24281250.0,-4.656613e-10,0.0,0.0,1.6323031e-12,-4.8969093e-12,-0.0,-0.00065625,-0.00065625,-0.0,-0.0,-0.00065625,-0.00065625,-0.0,0.0,0.0,0.00013125,0.00013125,0.0,0.0,0.00013125,0.00013125,-0.0,-0.0,-0.0,-0.0,0.00013125,0.00013125,0.00013125,0.00013125,Uniaxial,0.08749999850988388
2.669627310459683e-32,8335.666015625,8335.666015625,0.0,0.0,0.0,-0.00067125,0.00013425,0.00013425,0.0,4.2351647e-22,-2.1175824e-22,0.0,0.0,0.0,0.0,0.0,0.0,6209062.5,-6209062.5,-6209062.5,6209062.5,6209062.5,-6209062.5,-6209062.5,6209062.5,-1.1486048e-10,-1.158454e-10,0.0,0.0,-1.1698524e-10,-1.1797016e-10,0.0,0.0,-1.0623812e-12,2.6946843e-12,1.0623812e-12,-2.6946843e-12,0.0,0.0,0.0,0.0,-24836250.0,4.656613e-10,0.0,0.0,6.5292125e-12,-3.2646063e-12,1e-45,-0.00067125,-0.00067125,1e-45,1e-45,-0.00067125,-0.00067125,1e-45,0.0,0.0,0.00013425,0.00013425,0.0,0.0,0.00013425,0.00013425,0.0,0.0,0.0,0.0,0.00013425,0.00013425,0.00013425,0.00013425,Uniaxial,0.08950000256299973
3.003330761001342e-32,8712.373046875,8712.373046875,0.0,0.0,0.0,-0.00068625,0.00013725,0.00013725,-5.293956e-22,-4.2351647e-22,-6.352747e-22,0.0,0.0,0.0,0.0,0.0,0.0,6347812.5,-6347812.5,-6347812.5,6347812.5,6347812.5,-6347812.5,-6347812.5,6347812.5,5.2275224e-12,1.6184611e-13,0.0,0.0,-1.6184611e-13,-5.2275224e-12,0.0,0.0,2.369114e-10,2.3413926e-10,2.2874988e-10,2.3152204e-10,0.0,0.0,0.0,0.0,-25391250.0,0.0,-9.313226e-10,-8.161516e-12,-6.5292125e-12,-9.7938185e-12,-1e-45,-0.00068625,-0.00068625,-1e-45,-1e-45,-0.00068625,-0.00068625,-1e-45,-0.0,-0.0,0.00013725,0.00013725,-0.0,-0.0,0.00013725,0.00013725,0.0,0.0,0.0,0.0,0.00013725,0.00013725,0.00013725,0.00013725,Uniaxial,0.09149999916553497
6.006661522002684e-32,9097.404296875,9097.404296875,0.0,0.0,0.0,-0.00070125,0.00014025,0.00014025,-1.0587912e-22,2.1175824e-22,4.2351647e-22,0.0,0.0,0.0,0.0,0.0,0.0,6486562.5,-6486562.5,-6486562.5,6486562.5,6486562.5,-6486562.5,-6486562.5,6486562.5,2.323451e-10,2.3054403e-10,0.0,0.0,2.3511726e-10,2.3331617e-10,0.0,0.0,-2.3503288e-10,-2.3241564e-10,-2.3062842e-10,-2.3324565e-10,0.0,0.0,0.0,0.0,-25946250.0,-9.313226e-10,9.313226e-10,-1.6323031e-12,3.2646063e-12,6.5292125e-12,-0.0,-0.00070125,-0.00070125,-0.0,-0.0,-0.00070125,-0.00070125,-0.0,-0.0,-0.0,0.00014025,0.00014025,-0.0,-0.0,0.00014025,0.00014025,0.0,-0.0,-0.0,0.0,0.00014025,0.00014025,0.00014025,0.00014025,Uniaxial,0.09350000321865082
9.677398890213756e-32,9490.759765625,9490.759765625,0.0,0.0,0.0,-0.00071625,0.00014325,0.00014325,1.0587912e-22,1.0587912e-22,1.0587912e-22,0.0,0.0,0.0,0.0,0.0,0.0,6625312.5,-6625312.5,-6625312.5,6625312.5,6625312.5,-6625312.5,-6625312.5,6625312.5,-1.7420798e-10,-1.7437675e-10,0.0,0.0,-1.7486922e-10,-1.7503798e-10,0.0,0.0,2.3201449e-10,2.3381555e-10,2.336468e-10,2.3184572e-10,0.0,0.0,0.0,0.0,-26501250.0,6.9849193e-10,-9.313226e-10,1.6323031e-12,1.6323031e-12,1.6323031e-12,0.0,-0.00071625,-0.00071625,0.0,0.0,-0.00071625,-0.00071625,0.0,0.0,0.0,0.00014325,0.00014325,0.0,0.0,0.00014325,0.00014325,-0.0,-0.0,-0.0,-0.0,0.00014325,0.00014325,0.00014325,0.00014325,Uniaxial,0.09549999982118607
9.677398890213756e-32,9892.44140625,9892.44140625,0.0,0.0,0.0,-0.00073125,0.00014625,0.00014625,1.0587912e-22,0.0,-4.2351647e-22,0.0,0.0,0.0,0.0,0.0,0.0,6764062.5,-6764062.5,-6764062.5,6764062.5,6764062.5,-6764062.5,-6764062.5,6764062.5,1.1887069e-10,1.1870194e-10,0.0,0.0,1.1412871e-10,1.13959946e-10,0.0,0.0,-2.3119834e-10,-2.3021342e-10,-2.3446295e-10,-2.3544786e-10,0.0,0.0,0.0,0.0,-27056250.0,-4.656613e-10,9.313226e-10,1.6323031e-12,0.0,-6.5292125e-12,1e-45,-0.00073125,-0.00073125,1e-45,1e-45,-0.00073125,-0.00073125,1e-45,-0.0,-0.0,0.00014625,0.00014625,-0.0,-0.0,0.00014625,0.00014625,0.0,0.0,0.0,0.0,0.00014625,0.00014625,0.00014625,0.00014625,Uniaxial,0.09749999642372131
6.006661522002684e-32,10302.447265625,10302.447265625,0.0,0.0,0.0,-0.00074625,0.00014925,0.00014925,-4.2351647e-22,4.2351647e-22,0.0,0.0,0.0,0.0,0.0,0.0,0.0,6902812.5,-6902812.5,-6902812.5,6902812.5,6902812.5,-6902812.5,-6902812.5,6902812.5,1.1927877e-10,1.1502925e-10,0.0,0.0,1.178014e-10,1.1355187e-10,0.0,0.0,-1.8785327e-12,2.370992e-12,1.8785327e-12,-2.370992e-12,0.0,0.0,0.0,0.0,-27611250.0,-4.656613e-10,0.0,-6.5292125e-12,6.5292125e-12,0.0,-1e-45,-0.00074625,-0.00074625,-1e-45,-1e-45,-0.00074625,-0.00074625,-1e-45,0.0,0.0,0.00014925,0.00014925,0.0,0.0,0.00014925,0.00014925,-0.0,-0.0,-0.0,-0.0,0.00014925,0.00014925,0.00014925,0.00014925,Uniaxial,0.09950000047683716
8.676288538588779e-32,10720.779296875,10720.779296875,0.0,0.0,0.0,-0.00076125,0.00015225,0.00015225,-2.1175824e-22,1.0587912e-22,0.0,0.0,0.0,0.0,0.0,0.0,0.0,7041562.5,-7041562.5,-7041562.5,7041562.5,7041562.5,-7041562.5,-7041562.5,7041562.5,-1.1436802e-10,-1.1698524e-10,0.0,0.0,-1.158454e-10,-1.1846261e-10,0.0,0.0,-2.329925e-10,-2.3119141e-10,-2.326688e-10,-2.3446986e-10,0.0,0.0,0.0,0.0,-28166250.0,4.656613e-10,9.313226e-10,-3.2646063e-12,1.6323031e-12,0.0,-1e-45,-0.00076125,-0.00076125,-1e-45,-1e-45,-0.00076125,-0.00076125,-1e-45,-0.0,-0.0,0.00015225,0.00015225,-0.0,-0.0,0.00015225,0.00015225,0.0,0.0,0.0,0.0,0.00015225,0.00015225,0.00015225,0.00015225,Uniaxial,0.1014999970793724
6.006661522002684e-32,11147.435546875,11147.435546875,0.0,0.0,0.0,-0.00077625,0.00015525,0.00015525,-1.0587912e-22,4.2351647e-22,-7.4115383e-22,0.0,0.0,0.0,0.0,0.0,0.0,7180312.5,-7180312.5,-7180312.5,7180312.5,7180312.5,-7180312.5,-7180312.5,7180312.5,3.527568e-10,3.5095574e-10,0.0,0.0,3.475362e-10,3.4573513e-10,0.0,0.0,1.470457e-12,5.7199818e-12,-1.470457e-12,-5.7199818e-12,0.0,0.0,0.0,0.0,-28721250.0,-1.3969839e-09,0.0,-1.6323031e-12,6.5292125e-12,-1.1426121e-11,1e-45,-0.00077625,-0.00077625,1e-45,1e-45,-0.00077625,-0.00077625,1e-45,-0.0,-0.0,0.00015525,0.00015525,0.0,0.0,0.00015525,0.00015525,-0.0,-0.0,-0.0,-0.0,0.00015525,0.00015525,0.00015525,0.00015525,Uniaxial,0.10350000113248825
8.676288538588779e-32,11582.416015625,11582.416015625,0.0,0.0,0.0,-0.00079125,0.00015825,0.00015825,-1.0587912e-22,0.0,-1.0587912e-22,0.0,0.0,0.0,0.0,0.0,0.0,7319062.5,-7319062.5,-7319062.5,7319062.5,7319062.5,-7319062.5,-7319062.5,7319062.5,-2.3078335e-10,-2.3258441e-10,0.0,0.0,-2.3307686e-10,-2.3487795e-10,0.0,0.0,-2.3217633e-10,-2.3119141e-10,-2.3348495e-10,-2.3446986e-10,0.0,0.0,0.0,0.0,-29276250.0,9.313226e-10,9.313226e-10,-1.6323031e-12,0.0,-1.6323031e-12,-1e-45,-0.00079125,-0.00079125,-1e-45,-1e-45,-0.00079125,-0.00079125,-1e-45,0.0,0.0,0.00015825,0.00015825,0.0,0.0,0.00015825,0.00015825,0.0,0.0,0.0,0.0,0.00015825,0.00015825,0.00015825,0.00015825,Uniaxial,0.1054999977350235
8.676288538588779e-32,12025.72265625,12025.72265625,0.0,0.0,0.0,-0.00080625,0.00016125,0.00016125,-1.0587912e-22,3.1763736e-22,-1.0587912e-22,0.0,0.0,0.0,0.0,0.0,0.0,7457812.5,-7457812.5,-7457812.5,7457812.5,7457812.5,-7457812.5,-7457812.5,7457812.5,-2.88991e-10,-2.9079208e-10,0.0,0.0,-2.9128452e-10,-2.930856e-10,0.0,0.0,-2.3340058e-10,-2.299672e-10,-2.3226072e-10,-2.356941e-10,0.0,0.0,0.0,0.0,-29831250.0,1.1641532e-09,9.313226e-10,-1.6323031e-12,4.8969093e-12,-1.6323031e-12,-0.0,-0.00080625,-0.00080625,-0.0,-0.0,-0.00080625,-0.00080625,-0.0,-0.0,-0.0,0.00016125,0.00016125,-0.0,-0.0,0.00016125,0.00016125,-0.0,-0.0,-0.0,-0.0,0.00016125,0.00016125,0.00016125,0.00016125,Uniaxial,0.10750000178813934
1.6351467313299758e-31,12477.353515625,12477.353515625,0.0,0.0,0.0,-0.00082125,0.00016425,0.00016425,-1.0587912e-22,0.0,-5.293956e-22,0.0,0.0,0.0,0.0,0.0,0.0,7596562.5,-7596562.5,-7596562.5,7596562.5,7596562.5,-7596562.5,-7596562.5,7596562.5,1.2009492e-10,1.1829386e-10,0.0,0.0,1.1453679e-10,1.1273572e-10,0.0,0.0,2.532838e-12,4.010216e-12,-2.532838e-12,-4.010216e-12,0.0,0.0,0.0,0.0,-30386250.0,-4.656613e-10,0.0,-1.6323031e-12,0.0,-8.161516e-12,-0.0,-0.00082125,-0.00082125,-0.0,-0.0,-0.00082125,-0.00082125,-0.0,-0.0,-0.0,0.00016425,0.00016425,-0.0,-0.0,0.00016425,0.00016425,-0.0,0.0,0.0,-0.0,0.00016425,0.00016425,0.00016425,0.00016425,Uniaxial,0.10949999839067459
1.8687390879344194e-31,12937.310546875,12937.310546875,0.0,0.0,0.0,-0.00083625,0.00016725,0.00016725,-2.1175824e-22,4.2351647e-22,-3.1763736e-22,0.0,0.0,0.0,0.0,0.0,0.0,7735312.5,-7735312.5,-7735312.5,7735312.5,7735312.5,-7735312.5,-7735312.5,7735312.5,1.7838697e-10,1.7576975e-10,0.0,0.0,1.7347622e-10,1.70859e-10,0.0,0.0,-1.6184611e-13,4.580138e-12,1.6184611e-13,-4.580138e-12,0.0,0.0,0.0,0.0,-30941250.0,-6.9849193e-10,0.0,-3.2646063e-12,6.5292125e-12,-4.8969093e-12,0.0,-0.00083625,-0.00083625,0.0,0.0,-0.00083625,-0.00083625,0.0,1e-45,1e-45,0.00016725,0.00016725,1e-45,1e-45,0.00016725,0.00016725,1e-45,0.0,0.0,0.0,0.00016725,0.00016725,0.00016725,0.00016725,Uniaxial,0.11150000244379044
1.5016653511133122e-31,13405.591796875,13405.591796875,0.0,0.0,0.0,-0.00085125,0.00017025,0.00017025,-2.1175824e-22,-3.1763736e-22,-3.1763736e-22,0.0,0.0,0.0,0.0,0.0,0.0,7874062.5,-7874062.5,-7874062.5,7874062.5,7874062.5,-7874062.5,-7874062.5,7874062.5,1.1968684e-10,1.1706963e-10,0.0,0.0,1.1576102e-10,1.1314379e-10,0.0,0.0,2.4484546e-12,1.9698373e-12,-2.4484546e-12,-1.9698373e-12,0.0,0.0,0.0,0.0,-31496250.0,-4.656613e-10,0.0,-3.2646063e-12,-4.8969093e-12,-4.8969093e-12,1e-45,-0.00085125,-0.00085125,1e-45,1e-45,-0.00085125,-0.00085125,1e-45,-0.0,-0.0,0.00017025,0.00017025,-0.0,-0.0,0.00017025,0.00017025,-0.0,-0.0,-0.0,-0.0,0.00017025,0.00017025,0.00017025,0.00017025,Uniaxial,0.11349999904632568
2.16907225219663e-31,13882.197265625,13882.197265625,0.0,0.0,0.0,-0.00086625,0.00017325,0.00017325,-2.1175824e-22,9.529121e-22,-2.1175824e-22,0.0,0.0,0.0,0.0,0.0,0.0,8012812.5,-8012812.5,-8012812.5,8012812.5,8012812.5,-8012812.5,-8012812.5,8012812.5,-1.7175954e-10,-1.7437675e-10,0.0,0.0,-1.7486922e-10,-1.7748643e-10,0.0,0.0,-2.3519472e-10,-2.2587951e-10,-2.3046658e-10,-2.3978178e-10,0.0,0.0,0.0,0.0,-32051250.0,6.9849193e-10,9.313226e-10,-3.2646063e-12,1.4690728e-11,-3.2646063e-12,-1e-45,-0.00086625,-0.00086625,-1e-45,-1e-45,-0.00086625,-0.00086625,-1e-45,0.0,0.0,0.00017325,0.00017325,0.0,0.0,0.00017325,0.00017325,-0.0,-0.0,-0.0,-0.0,0.00017325,0.00017325,0.00017325,0.00017325,Uniaxial,0.11550000309944153
2.0355908719799664e-31,14367.12890625,14367.12890625,0.0,0.0,0.0,-0.00088125,0.00017625,0.00017625,-1.0587912e-22,-1.0587912e-22,-2.1175824e-22,0.0,0.0,0.0,0.0,0.0,0.0,8151562.5,-8151562.5,-8151562.5,8151562.5,8151562.5,-8151562.5,-8151562.5,8151562.5,2.947835e-12,1.1467648e-12,0.0,0.0,-1.1467648e-12,-2.947835e-12,0.0,0.0,2.3405486e-10,2.3520855e-10,2.3160641e-10,2.3045273e-10,0.0,0.0,0.0,0.0,-32606250.0,0.0,-9.313226e-10,-1.6323031e-12,-1.6323031e-12,-3.2646063e-12,0.0,-0.00088125,-0.00088125,0.0,0.0,-0.00088125,-0.00088125,0.0,-0.0,-0.0,0.00017625,0.00017625,0.0,0.0,0.00017625,0.00017625,0.0,0.0,0.0,0.0,0.00017625,0.00017625,0.00017625,0.00017625,Uniaxial,0.11749999970197678
2.702997537964414e-31,14859.90625,14803.3212890625,0.0,0.0,0.0,-0.00089625,0.00018037048,0.00018037048,-1.0587912e-22,-5.293956e-22,-2.1175824e-22,-1.7224655e-06,1.4769735e-06,1.4769735e-06,-3.146455e-25,-1.5732275e-24,-6.29291e-25,8274441.5,-8274441.5,-8274441.5,8274441.5,8274441.5,-8274441.5,-8274441.5,8274441.5,154.25998,154.25998,0.0,0.0,154.25998,154.25998,0.0,0.0,154.25998,154.25998,154.25998,154.25998,0.0,0.0,0.0,0.0,-33097766.0,-617.0399,-617.0399,-1.6274523e-12,-8.137262e-12,-3.2549046e-12,9.944414e-33,-0.00089625,-0.00089625,9.944414e-33,9.944414e-33,-0.00089625,-0.00089625,9.944414e-33,2.6898338e-33,2.6898338e-33,0.00018037048,0.00018037048,2.6898338e-33,2.6898338e-33,0.00018037048,0.00018037048,2.6898338e-33,2.6898338e-33,2.6898338e-33,2.6898338e-33,0.00018037048,0.00018037048,0.00018037048,0.00018037048,Uniaxial,0.11949999630451202
2.702997537964414e-31,15358.3701171875,15043.439453125,0.0,0.0,0.0,-0.00091125,0.0001884908,0.0001884908,-5.293956e-22,-1.0587912e-22,-6.352747e-22,-9.496782e-06,8.143265e-06,8.143265e-06,-7.276201e-24,-2.9530854e-24,-8.981083e-24,8341233.5,-8341233.5,-8341233.5,8341233.5,8341233.5,-8341233.5,-8341233.5,8341233.5,40.031517,40.031517,0.0,0.0,40.031517,40.031517,0.0,0.0,40.031517,40.031517,40.031517,40.031517,0.0,0.0,0.0,0.0,-33364934.0,-160.12607,-160.12607,-8.049341e-12,-1.5867764e-12,-9.65536e-12,5.2295018e-33,-0.00091125,-0.00091125,5.2295018e-33,5.2295018e-33,-0.00091125,-0.00091125,5.2295018e-33,1.3257735e-33,1.3257735e-33,0.0001884908,0.0001884908,1.3257735e-33,1.3257735e-33,0.0001884908,0.0001884908,1.3257735e-33,1.3257735e-33,1.3257735e-33,1.3257735e-33,0.0001884908,0.0001884908,0.0001884908,0.0001884908,Uniaxial,0.12150000035762787
2.6696273692344007e-31,15860.818359375,15281.9736328125,0.0,0.0,0.0,-0.00092625,0.000196674,0.000196674,-5.293956e-22,3.1763736e-22,-1.0587912e-21,-1.7375618e-05,1.48991785e-05,1.48991785e-05,-1.4190123e-23,1.2644246e-24,-2.2854985e-23,8407088.0,-8407088.0,-8407088.0,8407088.0,8407088.0,-8407088.0,-8407088.0,8407088.0,0.7619819,0.7619819,0.0,0.0,0.7619819,0.7619819,0.0,0.0,0.7619819,0.7619819,0.7619819,0.7619819,0.0,0.0,0.0,0.0,-33628350.0,-3.0479276,-3.0479276,-7.942751e-12,4.877416e-12,-1.5970683e-11,7.5970744e-34,-0.00092625,-0.00092625,7.5970744e-34,7.5970744e-34,-0.00092625,-0.00092625,7.5970744e-34,1.7983088e-34,1.7983088e-34,0.000196674,0.000196674,1.7983088e-34,1.7983088e-34,0.000196674,0.000196674,1.7983088e-34,1.7983088e-34,1.7983088e-34,1.7983088e-34,0.000196674,0.000196674,0.000196674,0.000196674,Uniaxial,0.12349999696016312
2.969960298397741e-31,16367.2236328125,15522.84765625,0.0,0.0,0.0,-0.00094125,0.00020484523,0.00020484523,-1.0587912e-22,-5.293956e-22,-2.1175824e-22,-2.5240804e-05,2.164339e-05,2.164339e-05,-1.542079e-23,-5.6410225e-24,-2.5388663e-23,8473085.0,-8473085.0,-8473085.0,8473085.0,8473085.0,-8473085.0,-8473085.0,8473085.0,0.026896318,0.026896318,0.0,0.0,0.026896318,0.026896318,0.0,0.0,0.02689632,0.02689632,0.02689632,0.02689632,0.0,0.0,0.0,0.0,-33892340.0,-0.10758527,-0.10758528,-1.3945659e-12,-8.07455e-12,-2.8731976e-12,-1.450019e-34,-0.00094125,-0.00094125,-1.450019e-34,-1.450019e-34,-0.00094125,-0.00094125,-1.450019e-34,-3.3748893e-35,-3.3748893e-35,0.00020484523,0.00020484523,-3.3748893e-35,-3.3748893e-35,0.00020484523,0.00020484523,-3.3748893e-35,-3.3748893e-35,-3.3748893e-35,-3.3748893e-35,0.00020484523,0.00020484523,0.00020484523,0.00020484523,Uniaxial,0.12549999356269836
3.7708485796977223e-31,16877.58984375,15765.6259765625,0.0,0.0,0.0,-0.00095625,0.000213016,0.000213016,-1.0587912e-22,1.1646703e-21,2.1175824e-22,-3.310539e-05,2.8387081e-05,2.8387081e-05,-1.6598405e-23,9.482369e-24,-2.2329692e-23,8539088.0,-8539088.0,-8539088.0,8539088.0,8539088.0,-8539088.0,-8539088.0,8539088.0,-0.003554078,-0.003554078,0.0,0.0,-0.003554078,-0.003554078,0.0,0.0,-0.003554078,-0.003554078,-0.003554078,-0.003554078,0.0,0.0,0.0,0.0,-34156350.0,0.014216312,0.014216312,-1.376411e-12,1.7809147e-11,3.6088556e-12,-5.466236e-36,-0.00095625,-0.00095625,-5.466236e-36,-5.466236e-36,-0.00095625,-0.00095625,-5.466236e-36,-1.2722552e-36,-1.2722552e-36,0.000213016,0.000213016,-1.2722552e-36,-1.2722552e-36,0.000213016,0.000213016,-1.2722552e-36,-1.2722552e-36,-1.2722552e-36,-1.2722552e-36,0.000213016,0.000213016,0.000213016,0.000213016,Uniaxial,0.1274999976158142
2.536145989017737e-31,17391.9140625,16010.2880859375,0.0,0.0,0.0,-0.00097125,0.00022118675,0.00022118675,-1.0587912e-22,-5.293956e-22,-1.0587912e-21,-4.0969946e-05,3.513075e-05,3.513075e-05,-1.775175e-23,2.6302206e-24,-3.563673e-23,8605090.0,-8605090.0,-8605090.0,8605090.0,8605090.0,-8605090.0,-8605090.0,8605090.0,-0.00043172232,-0.00043172232,0.0,0.0,-0.00043172235,-0.00043172235,0.0,0.0,-0.00043172046,-0.0004317205,-0.0004317205,-0.0004317205,0.0,0.0,0.0,0.0,-34420360.0,0.0017268893,0.001726882,-1.3586302e-12,-8.202065e-12,-1.577363e-11,-2.6182573e-37,-0.00097125,-0.00097125,-2.6182573e-37,-2.6182573e-37,-0.00097125,-0.00097125,-2.6182573e-37,-6.0939404e-38,-6.0939404e-38,0.00022118675,0.00022118675,-6.0939404e-38,-6.0939404e-38,0.00022118675,0.00022118675,-6.0939404e-38,-6.0939404e-38,-6.0939404e-38,-6.0939404e-38,0.00022118675,0.00022118675,0.00022118675,0.00022118675,Uniaxial,0.12950000166893005
2.7363679417932974e-31,17910.19921875,16256.8349609375,0.0,0.0,0.0,-0.00098625,0.00022935751,0.00022935751,-1.0587912e-22,7.4115383e-22,-1.4823077e-21,-4.8834503e-05,4.1874417e-05,4.1874417e-05,-1.8881638e-23,1.2017778e-23,-5.4157e-23,8671093.0,-8671093.0,-8671093.0,8671093.0,8671093.0,-8671093.0,-8671093.0,8671093.0,-5.6770346e-06,-5.6770364e-06,0.0,0.0,-5.677049e-06,-5.677051e-06,0.0,0.0,-5.6793624e-06,-5.679356e-06,-5.6793697e-06,-5.679376e-06,0.0,0.0,0.0,0.0,-34684372.0,2.2708171e-05,2.2717464e-05,-1.3412111e-12,1.1240848e-11,-2.2017322e-11,-2.14628e-39,-0.00098625,-0.00098625,-2.14628e-39,-2.14628e-39,-0.00098625,-0.00098625,-2.14628e-39,-4.99542e-40,-4.99542e-40,0.00022935751,0.00022935751,-4.99542e-40,-4.99542e-40,0.00022935751,0.00022935751,-4.99542e-40,-4.99542e-40,-4.99542e-40,-4.99542e-40,0.00022935751,0.00022935751,0.00022935751,0.00022935751,Uniaxial,0.1315000057220459
3.3370340352188482e-31,18432.4453125,16505.265625,0.0,0.0,0.0,-0.00100125,0.00023752828,0.00023752828,-1.0587912e-22,7.4115383e-22,-2.1175824e-22,-5.669906e-05,4.8618083e-05,4.8618083e-05,-1.9988722e-23,2.1295964e-23,-5.6243466e-23,8737096.0,-8737096.0,-8737096.0,8737096.0,8737096.0,-8737096.0,-8737096.0,8737096.0,-2.5766665e-05,-2.5766667e-05,0.0,0.0,-2.5766669e-05,-2.576667e-05,0.0,0.0,-2.5766672e-05,-2.5766665e-05,-2.5766669e-05,-2.5766676e-05,0.0,0.0,0.0,0.0,-34948384.0,0.00010306667,0.00010306668,-1.3241436e-12,1.10978084e-11,-2.3975195e-12,-7.091181e-39,-0.00100125,-0.00100125,-7.091181e-39,-7.091181e-39,-0.00100125,-0.00100125,-7.091181e-39,-1.650456e-39,-1.650456e-39,0.00023752828,0.00023752828,-1.650456e-39,-1.650456e-39,0.00023752828,0.00023752828,-1.650459e-39,-1.650459e-39,-1.650459e-39,-1.650459e-39,0.00023752828,0.00023752828,0.00023752828,0.00023752828,Uniaxial,0.13349999487400055
5.472735883586595e-31,18958.65234375,16755.578125,0.0,0.0,0.0,-0.00101625,0.00024569902,0.00024569902,-1.0587912e-22,-1.0587912e-22,-6.352747e-22,-6.456362e-05,5.536175e-05,5.536175e-05,-2.1073624e-23,1.9743215e-23,-6.353094e-23,8803099.0,-8803099.0,-8803099.0,8803099.0,8803099.0,-8803099.0,-8803099.0,8803099.0,-3.972333e-05,-3.9723334e-05,0.0,0.0,-3.9723338e-05,-3.972334e-05,0.0,0.0,-3.972333e-05,-3.972333e-05,-3.9723338e-05,-3.972334e-05,0.0,0.0,0.0,0.0,-35212396.0,0.00015889334,0.00015889334,-1.307418e-12,-1.9366776e-12,-8.814383e-12,-8.610025e-39,-0.00101625,-0.00101625,-8.610025e-39,-8.610025e-39,-0.00101625,-0.00101625,-8.610025e-39,-2.003966e-39,-2.003966e-39,0.00024569902,0.00024569902,-2.003966e-39,-2.003966e-39,0.00024569902,0.00024569902,-2.003966e-39,-2.003966e-39,-2.003966e-39,-2.003966e-39,0.00024569902,0.00024569902,0.00024569902,0.00024569902,Uniaxial,0.1354999989271164
4.53836645716882e-31,19488.818359375,17007.77734375,0.0,0.0,0.0,-0.00103125,0.00025386977,0.00025386977,-5.293956e-22,3.1763736e-22,-1.4823077e-21,-7.242818e-05,6.210541e-05,6.210541e-05,-2.7420556e-23,2.3451984e-23,-8.126678e-23,8869102.0,-8869102.0,-8869102.0,8869102.0,8869102.0,-8869102.0,-8869102.0,8869102.0,-4.7195525e-05,-4.719553e-05,0.0,0.0,-4.7195535e-05,-4.7195543e-05,0.0,0.0,-4.7193673e-05,-4.719367e-05,-4.7193684e-05,-4.7193687e-05,0.0,0.0,0.0,0.0,-35476410.0,0.00018878214,0.0001887747,-7.738782e-12,4.5353578e-12,-2.159938e-11,-8.449823e-39,-0.00103125,-0.00103125,-8.449823e-39,-8.449823e-39,-0.00103125,-0.00103125,-8.449823e-39,-1.966679e-39,-1.966679e-39,0.00025386977,0.00025386977,-1.966679e-39,-1.966679e-39,0.00025386977,0.00025386977,-1.966679e-39,-1.966679e-39,-1.966679e-39,-1.966679e-39,0.00025386977,0.00025386977,0.00025386977,0.00025386977,Uniaxial,0.13750000298023224
5.205773123153268e-31,20022.943359375,17261.859375,0.0,0.0,0.0,-0.00104625,0.00026204053,0.00026204053,-1.0587912e-22,-5.293956e-22,1.4823077e-21,-8.029273e-05,6.884908e-05,6.884908e-05,-2.8423416e-23,1.6623439e-23,-6.198975e-23,8935105.0,-8935105.0,-8935105.0,8935105.0,8935105.0,-8935105.0,-8935105.0,8935105.0,-5.395573e-05,-5.3955733e-05,0.0,0.0,-5.395572e-05,-5.3955722e-05,0.0,0.0,-5.3957585e-05,-5.395759e-05,-5.395758e-05,-5.3957578e-05,0.0,0.0,0.0,0.0,-35740420.0,0.0002158229,0.00021583033,-1.1941087e-12,-8.417793e-12,2.380792e-11,-8.239311e-39,-0.00104625,-0.00104625,-8.239311e-39,-8.239311e-39,-0.00104625,-0.00104625,-8.239311e-39,-1.917684e-39,-1.917684e-39,0.00026204053,0.00026204053,-1.917684e-39,-1.917684e-39,0.00026204053,0.00026204053,-1.917683e-39,-1.917683e-39,-1.917683e-39,-1.917683e-39,0.00026204053,0.00026204053,0.00026204053,0.00026204053,Uniaxial,0.13950000703334808
4.271403696735493e-31,20561.029296875,17517.82421875,0.0,0.0,0.0,-0.00106125,0.00027021128,0.00027021128,-5.293956e-22,7.4115383e-22,-1.4823077e-21,-8.815729e-05,7.559275e-05,7.559275e-05,-3.458772e-23,2.549788e-23,-7.935763e-23,9001108.0,-9001108.0,-9001108.0,9001108.0,9001108.0,-9001108.0,-9001108.0,9001108.0,-6.0455717e-05,-6.0455724e-05,0.0,0.0,-6.045573e-05,-6.045574e-05,0.0,0.0,-6.0455728e-05,-6.045572e-05,-6.0455735e-05,-6.0455743e-05,0.0,0.0,0.0,0.0,-36004430.0,0.00024182291,0.00024182293,-7.628288e-12,1.10330295e-11,-2.1628813e-11,-8.056271e-39,-0.00106125,-0.00106125,-8.056271e-39,-8.056271e-39,-0.00106125,-0.00106125,-8.056271e-39,-1.87508e-39,-1.87508e-39,0.00027021128,0.00027021128,-1.87508e-39,-1.87508e-39,0.00027021128,0.00027021128,-1.875082e-39,-1.875082e-39,-1.875082e-39,-1.875082e-39,0.00027021128,0.00027021128,0.00027021128,0.00027021128,Uniaxial,0.14149999618530273
3.070071274785521e-31,21103.076171875,17775.673828125,0.0,0.0,0.0,-0.00107625,0.00027838204,0.00027838204,-5.293956e-22,3.1763736e-22,1.0587912e-21,-9.6021846e-05,8.233641e-05,8.233641e-05,-4.0657856e-23,2.9107472e-23,-6.5550227e-23,9067110.0,-9067110.0,-9067110.0,9067110.0,9067110.0,-9067110.0,-9067110.0,9067110.0,-6.6608605e-05,-6.660861e-05,0.0,0.0,-6.66086e-05,-6.6608605e-05,0.0,0.0,-6.660861e-05,-6.6608605e-05,-6.66086e-05,-6.6608605e-05,0.0,0.0,0.0,0.0,-36268440.0,0.00026643442,0.00026643442,-7.534706e-12,4.448169e-12,1.7333596e-11,-7.881169e-39,-0.00107625,-0.00107625,-7.881169e-39,-7.881169e-39,-0.00107625,-0.00107625,-7.881169e-39,-1.834326e-39,-1.834326e-39,0.00027838204,0.00027838204,-1.834326e-39,-1.834326e-39,0.00027838204,0.00027838204,-1.834326e-39,-1.834326e-39,-1.834326e-39,-1.834326e-39,0.00027838204,0.00027838204,0.00027838204,0.00027838204,Uniaxial,0.14350000023841858
2.26918322858441e-31,21649.083984375,18035.40625,0.0,0.0,0.0,-0.00109125,0.0002865528,0.0002865528,-5.293956e-22,-5.293956e-22,-6.352747e-22,-0.0001038864,8.908007e-05,8.908007e-05,-4.6610847e-23,2.2356547e-23,-7.238703e-23,9133113.0,-9133113.0,-9133113.0,9133113.0,9133113.0,-9133113.0,-9133113.0,9133113.0,-7.2412615e-05,-7.241262e-05,0.0,0.0,-7.241262e-05,-7.241263e-05,0.0,0.0,-7.2412615e-05,-7.241262e-05,-7.241263e-05,-7.241262e-05,0.0,0.0,0.0,0.0,-36532452.0,0.0002896505,0.0002896505,-7.442932e-12,-8.506178e-12,-8.677852e-12,-7.710789e-39,-0.00109125,-0.00109125,-7.710789e-39,-7.710789e-39,-0.00109125,-0.00109125,-7.710789e-39,-1.794671e-39,-1.794671e-39,0.0002865528,0.0002865528,-1.794671e-39,-1.794671e-39,0.0002865528,0.0002865528,-1.794671e-39,-1.794671e-39,-1.794671e-39,-1.794671e-39,0.0002865528,0.0002865528,0.0002865528,0.0002865528,Uniaxial,0.14550000429153442
2.536145989017737e-31,22199.05078125,18297.0234375,0.0,0.0,0.0,-0.00110625,0.00029472355,0.00029472355,-1.0587912e-22,-1.0587912e-22,6.352747e-22,-0.00011175096,9.5823736e-05,9.5823736e-05,-4.7353304e-23,2.0780256e-23,-6.3905067e-23,9199116.0,-9199116.0,-9199116.0,9199116.0,9199116.0,-9199116.0,-9199116.0,9199116.0,-7.788806e-05,-7.788806e-05,0.0,0.0,-7.788805e-05,-7.788805e-05,0.0,0.0,-7.788806e-05,-7.788806e-05,-7.788805e-05,-7.788805e-05,0.0,0.0,0.0,0.0,-36796464.0,0.0003115522,0.0003115522,-9.0227294e-13,-1.9526655e-12,1.0779022e-11,-7.545178e-39,-0.00110625,-0.00110625,-7.545178e-39,-7.545178e-39,-0.00110625,-0.00110625,-7.545178e-39,-1.756124e-39,-1.756124e-39,0.00029472355,0.00029472355,-1.756124e-39,-1.756124e-39,0.00029472355,0.00029472355,-1.756124e-39,-1.756124e-39,-1.756124e-39,-1.756124e-39,0.00029472355,0.00029472355,0.00029472355,0.00029472355,Uniaxial,0.14749999344348907
2.1357018483677465e-31,22752.9765625,18560.525390625,0.0,0.0,0.0,-0.00112125,0.0003028943,0.0003028943,-5.293956e-22,-5.293956e-22,2.1175824e-22,-0.00011961551,0.0001025674,0.0001025674,-5.3116725e-23,1.4198627e-23,-6.0569554e-23,9265119.0,-9265119.0,-9265119.0,9265119.0,9265119.0,-9265119.0,-9265119.0,9265119.0,-8.304947e-05,-8.3049476e-05,0.0,0.0,-8.304947e-05,-8.3049476e-05,0.0,0.0,-8.304947e-05,-8.3049476e-05,-8.304947e-05,-8.304947e-05,0.0,0.0,0.0,0.0,-37060476.0,0.00033219787,0.00033219787,-7.342633e-12,-8.380411e-12,4.198387e-12,-7.38428e-39,-0.00112125,-0.00112125,-7.38428e-39,-7.38428e-39,-0.00112125,-0.00112125,-7.38428e-39,-1.718676e-39,-1.718676e-39,0.0003028943,0.0003028943,-1.718676e-39,-1.718676e-39,0.0003028943,0.0003028943,-1.718676e-39,-1.718676e-39,-1.718676e-39,-1.718676e-39,0.0003028943,0.0003028943,0.0003028943,0.0003028943,Uniaxial,0.14949999749660492
3.2035526550021847e-31,23310.865234375,18825.91015625,0.0,0.0,0.0,-0.00113625,0.00031106503,0.00031106503,-1.0587912e-22,3.1763736e-22,-2.1175824e-22,-0.00012748007,0.000109311055,0.000109311055,-5.3771094e-23,1.7766627e-23,-6.234704e-23,9331122.0,-9331122.0,-9331122.0,9331122.0,9331122.0,-9331122.0,-9331122.0,9331122.0,-8.791354e-05,-8.791355e-05,0.0,0.0,-8.791354e-05,-8.791355e-05,0.0,0.0,-8.791586e-05,-8.791586e-05,-8.791587e-05,-8.791587e-05,0.0,0.0,0.0,0.0,-37324490.0,0.00035165416,0.00035166348,-8.03332e-13,4.6230073e-12,-2.3034226e-12,-7.227874e-39,-0.00113625,-0.00113625,-7.227874e-39,-7.227874e-39,-0.00113625,-0.00113625,-7.227874e-39,-1.682274e-39,-1.682274e-39,0.00031106503,0.00031106503,-1.682274e-39,-1.682274e-39,0.00031106503,0.00031106503,-1.682271e-39,-1.682271e-39,-1.682271e-39,-1.682271e-39,0.00031106503,0.00031106503,0.00031106503,0.00031106503,Uniaxial,0.15150000154972076
2.002220468151083e-31,23872.7109375,19093.1796875,0.0,0.0,0.0,-0.00115125,0.00031923578,0.00031923578,-1.0587912e-22,3.1763736e-22,6.352747e-22,-0.00013534463,0.00011605472,0.00011605472,-5.438829e-23,2.131749e-23,-5.4135826e-23,9397125.0,-9397125.0,-9397125.0,9397125.0,9397125.0,-9397125.0,-9397125.0,9397125.0,-9.249645e-05,-9.249645e-05,0.0,0.0,-9.249644e-05,-9.249645e-05,0.0,0.0,-9.249645e-05,-9.249645e-05,-9.249644e-05,-9.249644e-05,0.0,0.0,0.0,0.0,-37588500.0,0.0003699858,0.0003699858,-7.9381694e-13,4.5682646e-12,1.0628412e-11,-7.075886e-39,-0.00115125,-0.00115125,-7.075886e-39,-7.075886e-39,-0.00115125,-0.00115125,-7.075886e-39,-1.646896e-39,-1.646896e-39,0.00031923578,0.00031923578,-1.646896e-39,-1.646896e-39,0.00031923578,0.00031923578,-1.6469e-39,-1.6469e-39,-1.6469e-39,-1.6469e-39,0.00031923578,0.00031923578,0.00031923578,0.00031923578,Uniaxial,0.1535000056028366
2.536145989017737e-31,24438.51953125,19362.33203125,0.0,0.0,0.0,-0.00116625,0.00032740654,0.00032740654,-9.529121e-22,-5.293956e-22,-1.0587912e-21,-0.00014320918,0.00012279837,0.00012279837,-6.490549e-23,1.4890726e-23,-6.585153e-23,9463128.0,-9463128.0,-9463128.0,9463128.0,9463128.0,-9463128.0,-9463128.0,9463128.0,-9.680901e-05,-9.680902e-05,0.0,0.0,-9.680902e-05,-9.6809024e-05,0.0,0.0,-9.6810865e-05,-9.681087e-05,-9.681088e-05,-9.681088e-05,0.0,0.0,0.0,0.0,-37852510.0,0.00038723607,0.0003872435,-1.3690101e-11,-8.39108e-12,-1.530782e-11,-6.928085e-39,-0.00116625,-0.00116625,-6.928085e-39,-6.928085e-39,-0.00116625,-0.00116625,-6.928085e-39,-1.6125e-39,-1.6125e-39,0.00032740654,0.00032740654,-1.6125e-39,-1.6125e-39,0.00032740654,0.00032740654,-1.612495e-39,-1.612495e-39,-1.612495e-39,-1.612495e-39,0.00032740654,0.00032740654,0.00032740654,0.00032740654,Uniaxial,0.15549999475479126
2.6696273692344007e-31,25008.287109375,19633.3671875,0.0,0.0,0.0,-0.00118125,0.0003355773,0.0003355773,-5.293956e-22,7.4115383e-22,1.9058241e-21,-0.00015107373,0.00012954204,0.00012954204,-7.0355267e-23,2.3299384e-23,-4.299533e-23,9529130.0,-9529130.0,-9529130.0,9529130.0,9529130.0,-9529130.0,-9529130.0,9529130.0,-0.00010086766,-0.00010086767,0.0,0.0,-0.000100867655,-0.00010086766,0.0,0.0,-0.00010086767,-0.00010086767,-0.000100867655,-0.000100867655,0.0,0.0,0.0,0.0,-38116520.0,0.00040347065,0.00040347065,-7.0768716e-12,1.10669226e-11,3.00443e-11,-6.784395e-39,-0.00118125,-0.00118125,-6.784395e-39,-6.784395e-39,-0.00118125,-0.00118125,-6.784395e-39,-1.579052e-39,-1.579052e-39,0.0003355773,0.0003355773,-1.579052e-39,-1.579052e-39,0.0003355773,0.0003355773,-1.579056e-39,-1.579056e-39,-1.579056e-39,-1.579056e-39,0.0003355773,0.0003355773,0.0003355773,0.0003355773,Uniaxial,0.1574999988079071
6.674068423086002e-32,25582.015625,19906.287109375,0.0,0.0,0.0,-0.00119625,0.00034374805,0.00034374805,-1.0587912e-22,-9.529121e-22,-1.0587912e-21,-0.0001589383,0.0001362857,0.0001362857,-7.07921e-23,1.2072842e-23,-5.460773e-23,9595133.0,-9595133.0,-9595133.0,9595133.0,9595133.0,-9595133.0,-9595133.0,9595133.0,-0.00010468316,-0.00010468316,0.0,0.0,-0.00010468317,-0.00010468317,0.0,0.0,-0.00010468315,-0.00010468316,-0.00010468317,-0.00010468316,0.0,0.0,0.0,0.0,-38380532.0,0.00041873264,0.00041873264,-5.409249e-13,-1.4876851e-11,-1.5481161e-11,-6.644639e-39,-0.00119625,-0.00119625,-6.644639e-39,-6.644639e-39,-0.00119625,-0.00119625,-6.644639e-39,-1.546528e-39,-1.546528e-39,0.00034374805,0.00034374805,-1.546528e-39,-1.546528e-39,0.00034374805,0.00034374805,-1.546525e-39,-1.546525e-39,-1.546525e-39,-1.546525e-39,0.00034374805,0.00034374805,0.00034374805,0.00034374805,Uniaxial,0.15950000286102295
1.2013323044005368e-31,26159.703125,20181.091796875,0.0,0.0,0.0,-0.00121125,0.00035191877,0.00035191877,-5.293956e-22,-1.0587912e-22,-1.4823077e-21,-0.00016680286,0.00014302935,0.00014302935,-7.6051915e-23,1.066537e-23,-7.103273e-23,9661136.0,-9661136.0,-9661136.0,9661136.0,9661136.0,-9661136.0,-9661136.0,9661136.0,-0.00010826656,-0.00010826657,0.0,0.0,-0.00010826657,-0.00010826658,0.0,0.0,-0.00010826656,-0.00010826656,-0.00010826658,-0.00010826658,0.0,0.0,0.0,0.0,-38644544.0,0.00043306628,0.00043306628,-6.9890482e-12,-1.7967275e-12,-2.1757155e-11,-6.508684e-39,-0.00121125,-0.00121125,-6.508684e-39,-6.508684e-39,-0.00121125,-0.00121125,-6.508684e-39,-1.514884e-39,-1.514884e-39,0.00035191877,0.00035191877,-1.514884e-39,-1.514884e-39,0.00035191877,0.00035191877,-1.514884e-39,-1.514884e-39,-1.514884e-39,-1.514884e-39,0.00035191877,0.00035191877,0.00035191877,0.00035191877,Uniaxial,0.1615000069141388
1.7352577077177559e-31,26741.3515625,20457.779296875,0.0,0.0,0.0,-0.00122625,0.00036008953,0.00036008953,-1.0587912e-22,-5.293956e-22,-6.352747e-22,-0.00017466741,0.00014977301,0.00014977301,-7.641744e-23,4.5084442e-24,-7.7538874e-23,9727139.0,-9727139.0,-9727139.0,9727139.0,9727139.0,-9727139.0,-9727139.0,9727139.0,-0.000111628484,-0.00011162849,0.0,0.0,-0.00011162849,-0.0001116285,0.0,0.0,-0.000111630805,-0.00011163081,-0.00011163081,-0.00011163081,0.0,0.0,0.0,0.0,-38908556.0,0.00044651396,0.00044652325,-4.542008e-13,-8.231021e-12,-8.5984275e-12,-6.376433e-39,-0.00122625,-0.00122625,-6.376433e-39,-6.376433e-39,-0.00122625,-0.00122625,-6.376433e-39,-1.484103e-39,-1.484103e-39,0.00036008953,0.00036008953,-1.484103e-39,-1.484103e-39,0.00036008953,0.00036008953,-1.484103e-39,-1.484103e-39,-1.484103e-39,-1.484103e-39,0.00036008953,0.00036008953,0.00036008953,0.00036008953,Uniaxial,0.16349999606609344
4.004440818752731e-32,27326.958984375,20736.3515625,0.0,0.0,0.0,-0.00124125,0.00036826028,0.00036826028,-5.293956e-22,-1.0587912e-22,6.352747e-22,-0.00018253196,0.00015651667,0.00015651667,-8.154321e-23,3.2294867e-24,-6.950772e-23,9793142.0,-9793142.0,-9793142.0,9793142.0,9793142.0,-9793142.0,-9793142.0,9793142.0,-0.00011478373,-0.00011478374,0.0,0.0,-0.000114783725,-0.00011478373,0.0,0.0,-0.00011478513,-0.00011478513,-0.00011478512,-0.00011478512,0.0,0.0,0.0,0.0,-39172570.0,0.00045913493,0.00045914052,-6.904391e-12,-1.682091e-12,1.0865395e-11,-6.247717e-39,-0.00124125,-0.00124125,-6.247717e-39,-6.247717e-39,-0.00124125,-0.00124125,-6.247717e-39,-1.454143e-39,-1.454143e-39,0.00036826028,0.00036826028,-1.454143e-39,-1.454143e-39,0.00036826028,0.00036826028,-1.454143e-39,-1.454143e-39,-1.454143e-39,-1.454143e-39,0.00036826028,0.00036826028,0.00036826028,0.00036826028,Uniaxial,0.1655000001192093
6.674068423086002e-32,27916.529296875,21016.806640625,0.0,0.0,0.0,-0.00125625,0.000376431,0.000376431,-1.0587912e-22,-1.0587912e-22,-1.4823077e-21,-0.00019039652,0.00016326032,0.00016326032,-8.184188e-23,1.9971584e-24,-8.534364e-23,9859145.0,-9859145.0,-9859145.0,9859145.0,9859145.0,-9859145.0,-9859145.0,9859145.0,-0.000117742755,-0.000117742755,0.0,0.0,-0.00011774276,-0.00011774277,0.0,0.0,-0.000117740434,-0.000117740434,-0.00011774044,-0.00011774044,0.0,0.0,0.0,0.0,-39436580.0,0.00047097105,0.00047096176,-3.7057407e-13,-1.6630926e-12,-2.1536528e-11,-6.122464e-39,-0.00125625,-0.00125625,-6.122464e-39,-6.122464e-39,-0.00125625,-0.00125625,-6.122464e-39,-1.42499e-39,-1.42499e-39,0.000376431,0.000376431,-1.42499e-39,-1.42499e-39,0.000376431,0.000376431,-1.424992e-39,-1.424992e-39,-1.424992e-39,-1.424992e-39,0.000376431,0.000376431,0.000376431,0.000376431,Uniaxial,0.16750000417232513
1.0678509241838733e-31,28510.056640625,21299.146484375,0.0,0.0,0.0,-0.00127125,0.00038460176,0.00038460176,-5.293956e-22,3.1763736e-22,6.352747e-22,-0.00019826107,0.00017000399,0.00017000399,-8.6839374e-23,5.5145748e-24,-7.737731e-23,9925148.0,-9925148.0,-9925148.0,9925148.0,9925148.0,-9925148.0,-9925148.0,9925148.0,-0.0001205075,-0.00012050751,0.0,0.0,-0.000120507495,-0.0001205075,0.0,0.0,-0.0001205075,-0.0001205075,-0.000120507495,-0.000120507495,0.0,0.0,0.0,0.0,-39700590.0,0.00048203,0.00048203,-6.8227416e-12,4.811893e-12,1.09867185e-11,-6.000545e-39,-0.00127125,-0.00127125,-6.000545e-39,-6.000545e-39,-0.00127125,-0.00127125,-6.000545e-39,-1.396615e-39,-1.396615e-39,0.00038460176,0.00038460176,-1.396615e-39,-1.396615e-39,0.00038460176,0.00038460176,-1.396614e-39,-1.396614e-39,-1.396614e-39,-1.396614e-39,0.00038460176,0.00038460176,0.00038460176,0.00038460176,Uniaxial,0.16949999332427979
1.2013323044005368e-31,29107.546875,21583.369140625,0.0,0.0,0.0,-0.00128625,0.00039277252,0.00039277252,-1.0587912e-22,-5.293956e-22,-1.9058241e-21,-0.00020612564,0.00017674764,0.00017674764,-8.707511e-23,-4.0029194e-25,-9.761565e-23,9991150.0,-9991150.0,-9991150.0,9991150.0,9991150.0,-9991150.0,-9991150.0,9991150.0,-0.00012309269,-0.0001230927,0.0,0.0,-0.00012309272,-0.00012309272,0.0,0.0,-0.00012309269,-0.0001230927,-0.00012309272,-0.00012309272,0.0,0.0,0.0,0.0,-39964600.0,0.0004923708,0.0004923708,-2.8989512e-13,-8.1553445e-12,-2.7876547e-11,-5.881806e-39,-0.00128625,-0.00128625,-5.881806e-39,-5.881806e-39,-0.00128625,-0.00128625,-5.881806e-39,-1.368978e-39,-1.368978e-39,0.00039277252,0.00039277252,-1.368978e-39,-1.368978e-39,0.00039277252,0.00039277252,-1.368978e-39,-1.368978e-39,-1.368978e-39,-1.368978e-39,0.00039277252,0.00039277252,0.00039277252,0.00039277252,Uniaxial,0.17149999737739563
1.2013323044005368e-31,29708.89453125,21855.43359375,0.0,0.0,0.0,-0.00130125,0.00040116027,0.00040116027,-9.529121e-22,-1.0587912e-22,6.352747e-22,-0.00021433932,0.00018379066,0.00018379066,-9.704009e-23,-1.6432008e-24,-8.928127e-23,10053988.0,-10053988.0,-10053988.0,10053988.0,10053988.0,-10053988.0,-10053988.0,10053988.0,160.88339,160.88339,0.0,0.0,160.88339,160.88339,0.0,0.0,160.88339,160.88339,160.88339,160.88339,0.0,0.0,0.0,0.0,-40215950.0,-643.53357,-643.53357,-1.3194693e-11,-1.6069704e-12,1.1170238e-11,2.6280959e-33,-0.00130125,-0.00130125,2.6280959e-33,2.6280959e-33,-0.00130125,-0.00130125,2.6280959e-33,6.116839e-34,6.116839e-34,0.00040116027,0.00040116027,6.116839e-34,6.116839e-34,0.00040116027,0.00040116027,6.116839e-34,6.116839e-34,6.116839e-34,6.116839e-34,0.00040116027,0.00040116027,0.00040116027,0.00040116027,Uniaxial,0.17350000143051147
1.2013323044005368e-31,30313.419921875,22044.302734375,0.0,0.0,0.0,-0.00131625,0.00041093476,0.00041093476,-5.293956e-22,-1.0587912e-22,2.3293406e-21,-0.00022465302,0.0001926344,0.0001926344,-1.0329673e-22,-3.1459181e-24,-5.451375e-23,10097370.0,-10097370.0,-10097370.0,10097370.0,10097370.0,-10097370.0,-10097370.0,10097370.0,244.52502,244.52502,0.0,0.0,244.52502,244.52502,0.0,0.0,244.52502,244.52502,244.52502,244.52502,0.0,0.0,0.0,0.0,-40389480.0,-978.1001,-978.1001,-6.569024e-12,-1.5838035e-12,3.675109e-11,1.7191077e-32,-0.00131625,-0.00131625,1.7191077e-32,1.7191077e-32,-0.00131625,-0.00131625,1.7191077e-32,3.335595e-33,3.335595e-33,0.00041093476,0.00041093476,3.335595e-33,3.335595e-33,0.00041093476,0.00041093476,3.335595e-33,3.335595e-33,3.335595e-33,3.335595e-33,0.00041093476,0.00041093476,0.00041093476,0.00041093476,Uniaxial,0.17550000548362732
2.26918322858441e-31,30920.4765625,22223.169921875,0.0,0.0,0.0,-0.00133125,0.00042090978,0.00042090978,-5.293956e-22,7.4115383e-22,-3.1763736e-21,-0.00023523338,0.00020170679,0.00020170679,-1.095707e-22,7.752362e-24,-1.0008551e-22,10138155.0,-10138155.0,-10138155.0,10138155.0,10138155.0,-10138155.0,-10138155.0,10138155.0,4.234685,4.234685,0.0,0.0,4.234685,4.234685,0.0,0.0,4.234685,4.234685,4.234685,4.234685,0.0,0.0,0.0,0.0,-40552620.0,-16.93874,-16.93874,-6.4723006e-12,1.1306606e-11,-4.7426108e-11,2.531547e-33,-0.00133125,-0.00133125,2.531547e-33,2.531547e-33,-0.00133125,-0.00133125,2.531547e-33,4.1703243e-34,4.1703243e-34,0.00042090978,0.00042090978,4.1703243e-34,4.1703243e-34,0.00042090978,0.00042090978,4.1703243e-34,4.1703243e-34,4.1703243e-34,4.1703243e-34,0.00042090978,0.00042090978,0.00042090978,0.00042090978,Uniaxial,0.17749999463558197
1.2013323044005368e-31,31530.029296875,22408.42578125,0.0,0.0,0.0,-0.00134625,0.00043077485,0.00043077485,-1.0587912e-22,-1.0587912e-22,2.1175824e-22,-0.0002456746,0.00021065985,0.00021065985,-1.0954829e-22,6.169444e-24,-9.581824e-23,10180323.0,-10180323.0,-10180323.0,10180323.0,10180323.0,-10180323.0,-10180323.0,10180323.0,1.1988789,1.1988789,0.0,0.0,1.1988789,1.1988789,0.0,0.0,1.1988789,1.1988789,1.1988789,1.1988789,0.0,0.0,0.0,0.0,-40721292.0,-4.7955155,-4.7955155,5.656645e-14,-1.7274153e-12,4.741804e-12,-1.393374e-33,-0.00134625,-0.00134625,-1.393374e-33,-1.393374e-33,-0.00134625,-0.00134625,-1.393374e-33,-2.2095742e-34,-2.2095742e-34,0.00043077485,0.00043077485,-2.2095742e-34,-2.2095742e-34,0.00043077485,0.00043077485,-2.2095742e-34,-2.2095742e-34,-2.2095742e-34,-2.2095742e-34,0.00043077485,0.00043077485,0.00043077485,0.00043077485,Uniaxial,0.17949999868869781
6.674068423086002e-32,32142.115234375,22594.67578125,0.0,0.0,0.0,-0.00136125,0.00044063615,0.00044063615,-1.0587912e-22,-9.529121e-22,2.1175824e-22,-0.0002561103,0.0002196082,0.0002196082,-1.0949558e-22,-7.587079e-24,-9.13881e-23,10222542.0,-10222542.0,-10222542.0,10222542.0,10222542.0,-10222542.0,-10222542.0,10222542.0,0.0014854893,0.0014854893,0.0,0.0,0.0014854893,0.0014854893,0.0,0.0,0.0014854893,0.0014854893,0.0014854893,0.0014854893,0.0,0.0,0.0,0.0,-40890170.0,-0.0059419572,-0.0059419572,5.5753857e-14,-1.457376e-11,4.673506e-12,-4.7730673e-35,-0.00136125,-0.00136125,-4.7730673e-35,-4.7730673e-35,-0.00136125,-0.00136125,-4.7730673e-35,-7.634478e-36,-7.634478e-36,0.00044063615,0.00044063615,-7.634478e-36,-7.634478e-36,0.00044063615,0.00044063615,-7.634478e-36,-7.634478e-36,-7.634478e-36,-7.634478e-36,0.00044063615,0.00044063615,0.00044063615,0.00044063615,Uniaxial,0.18150000274181366
1.2013323044005368e-31,32756.734375,22781.732421875,0.0,0.0,0.0,-0.00137625,0.00045049674,0.00045049674,-1.0587912e-22,7.4115383e-22,1.0587912e-21,-0.00026654507,0.00022855574,0.00022855574,-1.094437e-22,3.0344823e-24,-7.4946424e-23,10264771.0,-10264771.0,-10264771.0,10264771.0,10264771.0,-10264771.0,-10264771.0,10264771.0,-0.0032235552,-0.0032235552,0.0,0.0,-0.0032235552,-0.0032235552,0.0,0.0,-0.0032235566,-0.0032235566,-0.0032235566,-0.0032235566,0.0,0.0,0.0,0.0,-41059084.0,0.012894221,0.012894226,5.495393e-14,1.137934e-11,1.7478454e-11,-8.8827e-36,-0.00137625,-0.00137625,-8.8827e-36,-8.8827e-36,-0.00137625,-0.00137625,-8.8827e-36,-1.4207798e-36,-1.4207798e-36,0.00045049674,0.00045049674,-1.4207798e-36,-1.4207798e-36,0.00045049674,0.00045049674,-1.4207798e-36,-1.4207798e-36,-1.4207798e-36,-1.4207798e-36,0.00045049674,0.00045049674,0.00045049674,0.00045049674,Uniaxial,0.1835000067949295
6.674068423086002e-32,33373.88671875,22969.564453125,0.0,0.0,0.0,-0.00139125,0.00046035732,0.00046035732,-1.0587912e-22,-1.0587912e-22,-2.3293406e-21,-0.00027697982,0.00023750326,0.00023750326,-1.0939276e-22,1.5380051e-24,-1.0691943e-22,10306999.0,-10306999.0,-10306999.0,10306999.0,10306999.0,-10306999.0,-10306999.0,10306999.0,-0.00022921525,-0.00022921525,0.0,0.0,-0.00022921526,-0.00022921526,0.0,0.0,-0.00022921525,-0.00022921525,-0.00022921526,-0.00022921526,0.0,0.0,0.0,0.0,-41227996.0,0.00091686106,0.00091686106,5.4168655e-14,-1.656014e-12,-3.4262326e-11,-2.9639714e-37,-0.00139125,-0.00139125,-2.9639714e-37,-2.9639714e-37,-0.00139125,-0.00139125,-2.9639714e-37,-4.740845e-38,-4.740845e-38,0.00046035732,0.00046035732,-4.740845e-38,-4.740845e-38,0.00046035732,0.00046035732,-4.740845e-38,-4.740845e-38,-4.740845e-38,-4.740845e-38,0.00046035732,0.00046035732,0.00046035732,0.00046035732,Uniaxial,0.18549999594688416
1.2013323044005368e-31,33993.57421875,23158.166015625,0.0,0.0,0.0,-0.00140625,0.00047021787,0.00047021787,-5.293956e-22,3.1763736e-22,1.9058241e-21,-0.00028741456,0.0002464508,0.0002464508,-1.1534021e-22,6.0069806e-24,-7.8573575e-23,10349228.0,-10349228.0,-10349228.0,10349228.0,10349228.0,-10349228.0,-10349228.0,10349228.0,3.8393673e-06,3.8393623e-06,0.0,0.0,3.839382e-06,3.8393764e-06,0.0,0.0,3.841685e-06,3.8416865e-06,3.841703e-06,3.8417015e-06,0.0,0.0,0.0,0.0,-41396910.0,-1.5357487e-05,-1.5366775e-05,-6.383354e-12,4.8043015e-12,3.05928e-11,3.235042e-39,-0.00140625,-0.00140625,3.235042e-39,3.235042e-39,-0.00140625,-0.00140625,3.235042e-39,5.17442e-40,5.17442e-40,0.00047021787,0.00047021787,5.17442e-40,5.17442e-40,0.00047021787,0.00047021787,5.17442e-40,5.17442e-40,5.17442e-40,5.17442e-40,0.00047021787,0.00047021787,0.00047021787,0.00047021787,Uniaxial,0.1875
1.0678509241838733e-31,34615.796875,23347.5390625,0.0,0.0,0.0,-0.00142125,0.00048007845,0.00048007845,-5.293956e-22,3.1763736e-22,1.4823077e-21,-0.00029784927,0.0002553983,0.0002553983,-1.2120937e-22,1.0424247e-23,-5.641931e-23,10391457.0,-10391457.0,-10391457.0,10391457.0,10391457.0,-10391457.0,-10391457.0,10391457.0,-5.271271e-06,-5.2712753e-06,0.0,0.0,-5.2712594e-06,-5.2712635e-06,0.0,0.0,-5.2735977e-06,-5.2735973e-06,-5.273584e-06,-5.2735845e-06,0.0,0.0,0.0,0.0,-41565828.0,2.1085069e-05,2.1094364e-05,-6.2928707e-12,4.736202e-12,2.372204e-11,-3.299266e-39,-0.00142125,-0.00142125,-3.299266e-39,-3.299266e-39,-0.00142125,-0.00142125,-3.299266e-39,-5.27716e-40,-5.27716e-40,0.00048007845,0.00048007845,-5.27716e-40,-5.27716e-40,0.00048007845,0.00048007845,-5.27714e-40,-5.27714e-40,-5.27714e-40,-5.27714e-40,0.00048007845,0.00048007845,0.00048007845,0.00048007845,Uniaxial,0.18950000405311584
5.339254738468801e-31,35240.55078125,23537.68359375,0.0,0.0,0.0,-0.00143625,0.000489939,0.000489939,-1.0587912e-22,-1.0587912e-22,-1.9058241e-21,-0.000308284,0.0002643458,0.0002643458,-1.210228e-22,8.812074e-24,-8.229124e-23,10433685.0,-10433685.0,-10433685.0,10433685.0,10433685.0,-10433685.0,-10433685.0,10433685.0,-9.82775e-06,-9.8277515e-06,0.0,0.0,-9.82776e-06,-9.8277615e-06,0.0,0.0,-9.82914e-06,-9.829143e-06,-9.829157e-06,-9.829154e-06,0.0,0.0,0.0,0.0,-41734740.0,3.931102e-05,3.9316594e-05,2.3346505e-13,-1.7681559e-12,-2.8112799e-11,-4.895595e-39,-0.00143625,-0.00143625,-4.895595e-39,-4.895595e-39,-0.00143625,-0.00143625,-4.895595e-39,-7.83044e-40,-7.83044e-40,0.000489939,0.000489939,-7.83044e-40,-7.83044e-40,0.000489939,0.000489939,-7.83047e-40,-7.83047e-40,-7.83047e-40,-7.83047e-40,0.000489939,0.000489939,0.000489939,0.000489939,Uniaxial,0.1914999932050705
1.0678509476937603e-30,35867.8359375,23728.599609375,0.0,0.0,0.0,-0.00145125,0.0004997996,0.0004997996,3.1763736e-22,-9.529121e-22,-2.1175824e-22,-0.00031871875,0.00027329335,0.00027329335,-1.1488405e-22,-4.6525123e-24,-8.4229677e-23,10475914.0,-10475914.0,-10475914.0,10475914.0,10475914.0,-10475914.0,-10475914.0,10475914.0,-1.1703638e-05,-1.1703636e-05,0.0,0.0,-1.1703634e-05,-1.1703633e-05,0.0,0.0,-1.1705488e-05,-1.1705499e-05,-1.1705506e-05,-1.1705495e-05,0.0,0.0,0.0,0.0,-41903656.0,4.681454e-05,4.6821988e-05,6.668038e-12,-1.4619002e-11,-1.9660653e-12,-4.847261e-39,-0.00145125,-0.00145125,-4.847261e-39,-4.847261e-39,-0.00145125,-0.00145125,-4.847261e-39,-7.75316e-40,-7.75316e-40,0.0004997996,0.0004997996,-7.75316e-40,-7.75316e-40,0.0004997996,0.0004997996,-7.75313e-40,-7.75313e-40,-7.75313e-40,-7.75313e-40,0.0004997996,0.0004997996,0.0004997996,0.0004997996,Uniaxial,0.19349999725818634
8.542807393470986e-31,36497.66015625,23920.287109375,0.0,0.0,0.0,-0.00146625,0.00050966017,0.00050966017,-9.529121e-22,-1.0587912e-22,1.0587912e-21,-0.0003291535,0.00028224086,0.00028224086,-1.265334e-22,-6.129342e-24,-6.8309075e-23,10518143.0,-10518143.0,-10518143.0,10518143.0,10518143.0,-10518143.0,-10518143.0,10518143.0,-1.3399818e-05,-1.3399827e-05,0.0,0.0,-1.3399812e-05,-1.339982e-05,0.0,0.0,-1.3401678e-05,-1.3401683e-05,-1.3401675e-05,-1.340167e-05,0.0,0.0,0.0,0.0,-42072572.0,5.3599277e-05,5.3606705e-05,-1.2740004e-11,-1.537809e-12,1.7376128e-11,-4.752638e-39,-0.00146625,-0.00146625,-4.752638e-39,-4.752638e-39,-0.00146625,-0.00146625,-4.752638e-39,-7.60179e-40,-7.60179e-40,0.00050966017,0.00050966017,-7.60179e-40,-7.60179e-40,0.00050966017,0.00050966017,-7.6018e-40,-7.6018e-40,-7.6018e-40,-7.6018e-40,0.00050966017,0.00050966017,0.00050966017,0.00050966017,Uniaxial,0.19550000131130219
2.6696273692344007e-31,37130.015625,24112.744140625,0.0,0.0,0.0,-0.00148125,0.0005195207,0.0005195207,-5.293956e-22,-1.0587912e-22,-1.0587912e-21,-0.00033958824,0.0002911884,0.0002911884,-1.3218304e-22,-7.521303e-24,-8.198074e-23,10560371.0,-10560371.0,-10560371.0,10560371.0,10560371.0,-10560371.0,-10560371.0,10560371.0,-1.5061109e-05,-1.5061111e-05,0.0,0.0,-1.5061116e-05,-1.5061119e-05,0.0,0.0,-1.5061108e-05,-1.5061112e-05,-1.5061118e-05,-1.5061113e-05,0.0,0.0,0.0,0.0,-42241484.0,6.0244452e-05,6.024445e-05,-6.1236936e-12,-1.5163497e-12,-1.505916e-11,-4.673734e-39,-0.00148125,-0.00148125,-4.673734e-39,-4.673734e-39,-0.00148125,-0.00148125,-4.673734e-39,-7.47559e-40,-7.47559e-40,0.0005195207,0.0005195207,-7.47559e-40,-7.47559e-40,0.0005195207,0.0005195207,-7.47559e-40,-7.47559e-40,-7.47559e-40,-7.47559e-40,0.0005195207,0.0005195207,0.0005195207,0.0005195207,Uniaxial,0.19750000536441803
3.737478175868839e-31,37764.90234375,24305.97265625,0.0,0.0,0.0,-0.00149625,0.00052938133,0.00052938133,7.4115383e-22,-5.293956e-22,-2.1175824e-22,-0.00035002298,0.0003001359,0.0003001359,-1.2013481e-22,-1.4744279e-23,-8.3842295e-23,10602600.0,-10602600.0,-10602600.0,10602600.0,10602600.0,-10602600.0,-10602600.0,10602600.0,-1.6662123e-05,-1.6662116e-05,0.0,0.0,-1.6662123e-05,-1.6662118e-05,0.0,0.0,-1.6662114e-05,-1.666212e-05,-1.6662123e-05,-1.6662118e-05,0.0,0.0,0.0,0.0,-42410400.0,6.664848e-05,6.664847e-05,1.32782e-11,-7.934208e-12,-1.9720376e-12,-4.598542e-39,-0.00149625,-0.00149625,-4.598542e-39,-4.598542e-39,-0.00149625,-0.00149625,-4.598542e-39,-7.35533e-40,-7.35533e-40,0.00052938133,0.00052938133,-7.35533e-40,-7.35533e-40,0.00052938133,0.00052938133,-7.35532e-40,-7.35532e-40,-7.35532e-40,-7.35532e-40,0.00052938133,0.00052938133,0.00052938133,0.00052938133,Uniaxial,0.19949999451637268
4.271403696735493e-31,38402.328125,24499.97265625,0.0,0.0,0.0,-0.00151125,0.0005392419,0.0005392419,-1.0587912e-22,3.1763736e-22,-1.0587912e-21,-0.00036045772,0.0003090834,0.0003090834,-1.1987934e-22,-1.02017354e-23,-9.727966e-23,10644829.0,-10644829.0,-10644829.0,10644829.0,10644829.0,-10644829.0,-10644829.0,10644829.0,-1.8202521e-05,-1.8202521e-05,0.0,0.0,-1.8202532e-05,-1.8202532e-05,0.0,0.0,-1.8202521e-05,-1.8202521e-05,-1.820253e-05,-1.820253e-05,0.0,0.0,0.0,0.0,-42579316.0,7.281011e-05,7.28101e-05,2.1583684e-13,5.054186e-12,-1.4823302e-11,-4.525492e-39,-0.00151125,-0.00151125,-4.525492e-39,-4.525492e-39,-0.00151125,-0.00151125,-4.525492e-39,-7.23848e-40,-7.23848e-40,0.0005392419,0.0005392419,-7.23848e-40,-7.23848e-40,0.0005392419,0.0005392419,-7.23848e-40,-7.23848e-40,-7.23848e-40,-7.23848e-40,0.0005392419,0.0005392419,0.0005392419,0.0005392419,Uniaxial,0.20149999856948853
1.0144583956070949e-30,39042.28515625,24694.744140625,0.0,0.0,0.0,-0.00152625,0.00054910243,0.00054910243,-1.0587912e-22,-5.293956e-22,1.0587912e-21,-0.00037089246,0.00031803094,0.00031803094,-1.1968601e-22,-1.7302575e-23,-8.148477e-23,10687057.0,-10687057.0,-10687057.0,10687057.0,10687057.0,-10687057.0,-10687057.0,10687057.0,-1.9684721e-05,-1.9684721e-05,0.0,0.0,-1.9684712e-05,-1.9684712e-05,0.0,0.0,-1.9683315e-05,-1.968332e-05,-1.9683319e-05,-1.9683313e-05,0.0,0.0,0.0,0.0,-42748228.0,7.873886e-05,7.873327e-05,2.1285633e-13,-7.894767e-12,1.7579254e-11,-4.454637e-39,-0.00152625,-0.00152625,-4.454637e-39,-4.454637e-39,-0.00152625,-0.00152625,-4.454637e-39,-7.12514e-40,-7.12514e-40,0.00054910243,0.00054910243,-7.12514e-40,-7.12514e-40,0.00054910243,0.00054910243,-7.12517e-40,-7.12517e-40,-7.12517e-40,-7.12517e-40,0.00054910243,0.00054910243,0.00054910243,0.00054910243,Uniaxial,0.20350000262260437
9.07673291433764e-31,39684.7734375,24890.287109375,0.0,0.0,0.0,-0.00154125,0.000558963,0.000558963,-1.0587912e-22,-1.0587912e-22,-6.352747e-22,-0.0003813272,0.00032697845,0.00032697845,-1.1949637e-22,-1.8547934e-23,-8.8975546e-23,10729286.0,-10729286.0,-10729286.0,10729286.0,10729286.0,-10729286.0,-10729286.0,10729286.0,-2.111267e-05,-2.111267e-05,0.0,0.0,-2.1112679e-05,-2.1112679e-05,0.0,0.0,-2.111266e-05,-2.1112666e-05,-2.1112675e-05,-2.1112672e-05,0.0,0.0,0.0,0.0,-42917144.0,8.44507e-05,8.445067e-05,2.0993274e-13,-1.3463558e-12,-8.422112e-12,-4.385925e-39,-0.00154125,-0.00154125,-4.385925e-39,-4.385925e-39,-0.00154125,-0.00154125,-4.385925e-39,-7.01526e-40,-7.01526e-40,0.000558963,0.000558963,-7.01526e-40,-7.01526e-40,0.000558963,0.000558963,-7.01524e-40,-7.01524e-40,-7.01524e-40,-7.01524e-40,0.000558963,0.000558963,0.000558963,0.000558963,Uniaxial,0.20550000667572021
1.548383822434201e-30,40329.796875,25086.599609375,0.0,0.0,0.0,-0.00155625,0.0005688236,0.0005688236,-1.0587912e-22,-9.529121e-22,-1.0587912e-21,-0.00039176195,0.00033592596,0.00033592596,-1.1931006e-22,-3.1273993e-23,-1.0221487e-22,10771515.0,-10771515.0,-10771515.0,10771515.0,10771515.0,-10771515.0,-10771515.0,10771515.0,-2.248692e-05,-2.248692e-05,0.0,0.0,-2.2486936e-05,-2.2486936e-05,0.0,0.0,-2.2486915e-05,-2.2486925e-05,-2.248694e-05,-2.2486929e-05,0.0,0.0,0.0,0.0,-43086060.0,8.9947716e-05,8.994771e-05,2.0706048e-13,-1.42085866e-11,-1.4747217e-11,-4.31932e-39,-0.00155625,-0.00155625,-4.31932e-39,-4.31932e-39,-0.00155625,-0.00155625,-4.31932e-39,-6.90871e-40,-6.90871e-40,0.0005688236,0.0005688236,-6.90871e-40,-6.90871e-40,0.0005688236,0.0005688236,-6.90871e-40,-6.90871e-40,-6.90871e-40,-6.90871e-40,0.0005688236,0.0005688236,0.0005688236,0.0005688236,Uniaxial,0.20749999582767487
1.548383822434201e-30,40977.35546875,25283.685546875,0.0,0.0,0.0,-0.00157125,0.00057868415,0.00057868415,-1.0587912e-22,-9.529121e-22,-1.0587912e-21,-0.0004021967,0.0003448735,0.0003448735,-1.1912702e-22,-4.3834817e-23,-1.1525201e-22,10813743.0,-10813743.0,-10813743.0,10813743.0,10813743.0,-10813743.0,-10813743.0,10813743.0,-2.3813293e-05,-2.3813293e-05,0.0,0.0,-2.3813307e-05,-2.3813307e-05,0.0,0.0,-2.3813287e-05,-2.3813298e-05,-2.3813313e-05,-2.3813302e-05,0.0,0.0,0.0,0.0,-43254972.0,9.52532e-05,9.52532e-05,2.0423843e-13,-1.4014941e-11,-1.4546229e-11,-4.254777e-39,-0.00157125,-0.00157125,-4.254777e-39,-4.254777e-39,-0.00157125,-0.00157125,-4.254777e-39,-6.80546e-40,-6.80546e-40,0.00057868415,0.00057868415,-6.80546e-40,-6.80546e-40,0.00057868415,0.00057868415,-6.80548e-40,-6.80548e-40,-6.80548e-40,-6.80548e-40,0.00057868415,0.00057868415,0.00057868415,0.00057868415,Uniaxial,0.2094999998807907
1.7619539367413146e-30,41627.4453125,25481.541015625,0.0,0.0,0.0,-0.00158625,0.0005885447,0.0005885447,-1.0587912e-22,-5.293956e-22,-1.9058241e-21,-0.0004126314,0.000353821,0.000353821,-1.1894715e-22,-5.0455903e-23,-1.3950484e-22,10855972.0,-10855972.0,-10855972.0,10855972.0,10855972.0,-10855972.0,-10855972.0,10855972.0,-2.509423e-05,-2.509423e-05,0.0,0.0,-2.5094248e-05,-2.5094248e-05,0.0,0.0,-2.5094221e-05,-2.5094228e-05,-2.5094252e-05,-2.5094245e-05,0.0,0.0,0.0,0.0,-43423890.0,0.00010037696,0.00010037694,2.0146553e-13,-7.383654e-12,-2.7230756e-11,-4.192227e-39,-0.00158625,-0.00158625,-4.192227e-39,-4.192227e-39,-0.00158625,-0.00158625,-4.192227e-39,-6.70542e-40,-6.70542e-40,0.0005885447,0.0005885447,-6.70542e-40,-6.70542e-40,0.0005885447,0.0005885447,-6.70542e-40,-6.70542e-40,-6.70542e-40,-6.70542e-40,0.0005885447,0.0005885447,0.0005885447,0.0005885447,Uniaxial,0.21150000393390656
1.1212434057408776e-30,42280.0703125,25680.16796875,0.0,0.0,0.0,-0.00160125,0.00059840526,0.00059840526,-1.0587912e-22,-1.799945e-21,1.0587912e-21,-0.00042306614,0.0003627685,0.0003627685,-1.187704e-22,-7.40319e-23,-1.2349797e-22,10898201.0,-10898201.0,-10898201.0,10898201.0,10898201.0,-10898201.0,-10898201.0,10898201.0,-2.632813e-05,-2.632813e-05,0.0,0.0,-2.632813e-05,-2.632813e-05,0.0,0.0,-2.632812e-05,-2.6328138e-05,-2.632813e-05,-2.6328113e-05,0.0,0.0,0.0,0.0,-43592804.0,0.00010531252,0.0001053125,1.9874072e-13,-2.6607827e-11,1.8226958e-11,-4.131653e-39,-0.00160125,-0.00160125,-4.131653e-39,-4.131653e-39,-0.00160125,-0.00160125,-4.131653e-39,-6.60854e-40,-6.60854e-40,0.00059840526,0.00059840526,-6.60854e-40,-6.60854e-40,0.00059840526,0.00059840526,-6.60854e-40,-6.60854e-40,-6.60854e-40,-6.60854e-40,0.00059840526,0.00059840526,0.00059840526,0.00059840526,Uniaxial,0.2134999930858612
1.548383822434201e-30,42934.58203125,25777.4375,0.0,0.0,0.0,-0.00161625,0.0006098014,0.0006098014,-5.293956e-22,-5.293956e-22,-2.1175824e-22,-0.00043583693,0.00037371914,0.00037371914,-1.255058e-22,-8.161745e-23,-1.2486754e-22,10918822.0,-10918822.0,-10918822.0,10918822.0,10918822.0,-10918822.0,-10918822.0,10918822.0,4.283282,4.283282,0.0,0.0,4.283282,4.283282,0.0,0.0,4.283282,4.283282,4.283282,4.283282,0.0,0.0,0.0,0.0,-43675290.0,-17.133127,-17.133127,-6.2266342e-12,-6.903246e-12,-1.339565e-12,3.3572214e-33,-0.00161625,-0.00161625,3.3572214e-33,3.3572214e-33,-0.00161625,-0.00161625,3.3572214e-33,4.17172e-34,4.17172e-34,0.0006098014,0.0006098014,4.17172e-34,4.17172e-34,0.0006098014,0.0006098014,4.17172e-34,4.17172e-34,4.17172e-34,4.17172e-34,0.0006098014,0.0006098014,0.0006098014,0.0006098014,Uniaxial,0.21549999713897705
1.7619539367413146e-30,43590.14453125,25845.806640625,0.0,0.0,0.0,-0.00163125,0.00062163436,0.00062163436,-1.0587912e-22,-1.0587912e-22,-3.59989e-21,-0.00044927257,0.00038523984,0.00038523984,-1.2520095e-22,-8.207209e-23,-1.84681e-22,10933296.0,-10933296.0,-10933296.0,10933296.0,10933296.0,-10933296.0,-10933296.0,10933296.0,12.516811,12.516811,0.0,0.0,12.516811,12.516811,0.0,0.0,12.516811,12.516811,12.516811,12.516811,0.0,0.0,0.0,0.0,-43733184.0,-50.067245,-50.067245,2.9787815e-13,-3.6702504e-13,-5.265114e-11,5.6492058e-33,-0.00163125,-0.00163125,5.6492058e-33,5.6492058e-33,-0.00163125,-0.00163125,5.6492058e-33,7.1383446e-34,7.1383446e-34,0.00062163436,0.00062163436,7.1383446e-34,7.1383446e-34,0.00062163436,0.00062163436,7.1383446e-34,7.1383446e-34,7.1383446e-34,7.1383446e-34,0.00062163436,0.00062163436,0.00062163436,0.00062163436,Uniaxial,0.2175000011920929
2.2958794576079687e-30,44246.5625,25912.318359375,0.0,0.0,0.0,-0.00164625,0.00063349813,0.00063349813,3.1763736e-22,-5.293956e-22,1.4823077e-21,-0.0004627527,0.00039679868,0.00039679868,-1.1756458e-22,-8.978651e-23,-1.5623326e-22,10947350.0,-10947350.0,-10947350.0,10947350.0,10947350.0,-10947350.0,-10947350.0,10947350.0,0.064263344,0.064263344,0.0,0.0,0.064263344,0.064263344,0.0,0.0,0.064263344,0.064263344,0.064263344,0.064263344,0.0,0.0,0.0,0.0,-43789400.0,-0.25705338,-0.25705338,6.709363e-12,-6.7773066e-12,2.5260839e-11,4.0033136e-34,-0.00164625,-0.00164625,4.0033136e-34,4.0033136e-34,-0.00164625,-0.00164625,4.0033136e-34,4.876019e-35,4.876019e-35,0.00063349813,0.00063349813,4.876019e-35,4.876019e-35,0.00063349813,0.00063349813,4.876019e-35,4.876019e-35,4.876019e-35,4.876019e-35,0.00063349813,0.00063349813,0.00063349813,0.00063349813,Uniaxial,0.21950000524520874
1.922131687040859e-30,44903.828125,25979.294921875,0.0,0.0,0.0,-0.00166125,0.0006453553,0.0006453553,-1.0587912e-22,-1.799945e-21,-3.1763736e-21,-0.00047622417,0.00040835014,0.00040835014,-1.1732617e-22,-1.1925217e-22,-2.0806392e-22,10961489.0,-10961489.0,-10961489.0,10961489.0,10961489.0,-10961489.0,-10961489.0,10961489.0,-0.038285278,-0.038285278,0.0,0.0,-0.038285278,-0.038285278,0.0,0.0,-0.038285278,-0.038285278,-0.038285278,-0.038285278,0.0,0.0,0.0,0.0,-43845956.0,0.15314111,0.15314111,1.7647536e-13,-2.5910682e-11,-4.576144e-11,-8.6162634e-35,-0.00166125,-0.00166125,-8.6162634e-35,-8.6162634e-35,-0.00166125,-0.00166125,-8.6162634e-35,-1.0494572e-35,-1.0494572e-35,0.0006453553,0.0006453553,-1.0494572e-35,-1.0494572e-35,0.0006453553,0.0006453553,-1.0494572e-35,-1.0494572e-35,-1.0494572e-35,-1.0494572e-35,0.0006453553,0.0006453553,0.0006453553,0.0006453553,Uniaxial,0.2214999943971634
2.4026645617812996e-30,45561.94140625,26046.376953125,0.0,0.0,0.0,-0.00167625,0.0006572121,0.0006572121,-5.293956e-22,-1.0587912e-22,1.0587912e-21,-0.0004896952,0.00041990116,0.00041990116,-1.2440658e-22,-1.191664e-22,-1.8654593e-22,10975632.0,-10975632.0,-10975632.0,10975632.0,10975632.0,-10975632.0,-10975632.0,10975632.0,-0.0021452885,-0.0021452885,0.0,0.0,-0.0021452885,-0.0021452885,0.0,0.0,-0.0021452885,-0.0021452885,-0.0021452885,-0.0021452885,0.0,0.0,0.0,0.0,-43902530.0,0.008581154,0.008581154,-6.2435807e-12,2.048457e-13,1.9198946e-11,-4.1313027e-36,-0.00167625,-0.00167625,-4.1313027e-36,-4.1313027e-36,-0.00167625,-0.00167625,-4.1313027e-36,-5.0319094e-37,-5.0319094e-37,0.0006572121,0.0006572121,-5.0319094e-37,-5.0319094e-37,0.0006572121,0.0006572121,-5.0319094e-37,-5.0319094e-37,-5.0319094e-37,-5.0319094e-37,0.0006572121,0.0006572121,0.0006572121,0.0006572121,Uniaxial,0.22349999845027924
2.349271915655086e-30,46220.90625,26113.546875,0.0,0.0,0.0,-0.00169125,0.00066906895,0.00066906895,-1.0587912e-22,-1.3764285e-21,-1.4823077e-21,-0.00050316623,0.0004314522,0.0004314522,-1.241232e-22,-1.4074523e-22,-2.0868075e-22,10989775.0,-10989775.0,-10989775.0,10989775.0,10989775.0,-10989775.0,-10989775.0,10989775.0,7.201711e-05,7.201711e-05,0.0,0.0,7.2017094e-05,7.2017094e-05,0.0,0.0,7.201712e-05,7.201711e-05,7.2017094e-05,7.201711e-05,0.0,0.0,0.0,0.0,-43959100.0,-0.0002880684,-0.00028806843,2.8126291e-13,-1.9050117e-11,-1.9635082e-11,1.157517e-37,-0.00169125,-0.00169125,1.157517e-37,1.157517e-37,-0.00169125,-0.00169125,1.157517e-37,1.409851e-38,1.409851e-38,0.00066906895,0.00066906895,1.409851e-38,1.409851e-38,0.00066906895,0.00066906895,1.409851e-38,1.409851e-38,1.409851e-38,1.409851e-38,0.00066906895,0.00066906895,0.00066906895,0.00066906895,Uniaxial,0.22550000250339508
3.4171229573883944e-30,46880.71484375,26180.802734375,0.0,0.0,0.0,-0.00170625,0.00068092585,0.00068092585,-1.0587912e-22,-5.293956e-22,-6.352747e-22,-0.0005166372,0.00044300326,0.00044300326,-1.2380907e-22,-1.4751298e-22,-2.1610164e-22,11003918.0,-11003918.0,-11003918.0,11003918.0,11003918.0,-11003918.0,-11003918.0,11003918.0,1.47975425e-05,1.47975425e-05,0.0,0.0,1.4797532e-05,1.4797532e-05,0.0,0.0,1.4797541e-05,1.4797533e-05,1.4797519e-05,1.4797525e-05,0.0,0.0,0.0,0.0,-44015670.0,-5.9190148e-05,-5.919012e-05,2.7642014e-13,-5.887357e-12,-6.4622513e-12,2.0368505e-38,-0.00170625,-0.00170625,2.0368505e-38,2.0368505e-38,-0.00170625,-0.00170625,2.0368505e-38,2.480874e-39,2.480874e-39,0.00068092585,0.00068092585,2.480874e-39,2.480874e-39,0.00068092585,0.00068092585,2.480877e-39,2.480877e-39,2.480877e-39,2.480877e-39,0.00068092585,0.00068092585,0.00068092585,0.00068092585,Uniaxial,0.22750000655651093
2.4026645617812996e-30,47541.375,26248.14453125,0.0,0.0,0.0,-0.00172125,0.0006927827,0.0006927827,-1.0587912e-22,-9.529121e-22,-1.9058241e-21,-0.0005301083,0.00045455433,0.00045455433,-1.2350057e-22,-1.613348e-22,-2.450666e-22,11018061.0,-11018061.0,-11018061.0,11018061.0,11018061.0,-11018061.0,-11018061.0,11018061.0,-1.0770776e-06,-1.0770775e-06,0.0,0.0,-1.0770983e-06,-1.0770982e-06,0.0,0.0,-1.0752166e-06,-1.0752266e-06,-1.0752492e-06,-1.0752392e-06,0.0,0.0,0.0,0.0,-44072244.0,4.3083514e-06,4.3009313e-06,2.7166404e-13,-1.2203483e-11,-2.5603346e-11,-1.295471e-39,-0.00172125,-0.00172125,-1.295471e-39,-1.295471e-39,-0.00172125,-0.00172125,-1.295471e-39,-1.57786e-40,-1.57786e-40,0.0006927827,0.0006927827,-1.57786e-40,-1.57786e-40,0.0006927827,0.0006927827,-1.5779e-40,-1.57789e-40,-1.57789e-40,-1.57789e-40,0.0006927827,0.0006927827,0.0006927827,0.0006927827,Uniaxial,0.22949999570846558
1.548383822434201e-30,48202.8828125,26315.572265625,0.0,0.0,0.0,-0.00173625,0.00070463953,0.00070463953,-1.0587912e-22,-1.0587912e-22,-2.752857e-21,-0.0005435793,0.00046610538,0.00046610538,-1.2319776e-22,-1.6045416e-22,-2.8808844e-22,11032204.0,-11032204.0,-11032204.0,11032204.0,11032204.0,-11032204.0,-11032204.0,11032204.0,-1.7386374e-06,-1.7386371e-06,0.0,0.0,-1.7386642e-06,-1.7386641e-06,0.0,0.0,-1.7386353e-06,-1.7386388e-06,-1.7386637e-06,-1.7386602e-06,0.0,0.0,0.0,0.0,-44128816.0,6.9546027e-06,6.954598e-06,2.6699565e-13,8.4136517e-13,-3.7998518e-11,-1.860039e-39,-0.00173625,-0.00173625,-1.860039e-39,-1.860039e-39,-0.00173625,-0.00173625,-1.860039e-39,-2.26552e-40,-2.26552e-40,0.00070463953,0.00070463953,-2.26552e-40,-2.26552e-40,0.00070463953,0.00070463953,-2.26551e-40,-2.26551e-40,-2.26551e-40,-2.26551e-40,0.00070463953,0.00070463953,0.00070463953,0.00070463953,Uniaxial,0.23149999976158142
1.6551688325679837e-30,48865.23828125,26383.087890625,0.0,0.0,0.0,-0.00175125,0.0007164964,0.0007164964,-1.0587912e-22,-9.529121e-22,-1.9058241e-21,-0.00055705034,0.00047765643,0.00047765643,-1.2290052e-22,-1.7398288e-22,-3.159253e-22,11046347.0,-11046347.0,-11046347.0,11046347.0,11046347.0,-11046347.0,-11046347.0,11046347.0,-1.8226723e-06,-1.8226722e-06,0.0,0.0,-1.8226924e-06,-1.8226923e-06,0.0,0.0,-1.8245279e-06,-1.8245398e-06,-1.824556e-06,-1.8245441e-06,0.0,0.0,0.0,0.0,-44185388.0,7.290729e-06,7.298168e-06,2.6241327e-13,-1.2008491e-11,-2.451094e-11,-1.757651e-39,-0.00175125,-0.00175125,-1.757651e-39,-1.757651e-39,-0.00175125,-0.00175125,-1.757651e-39,-2.14082e-40,-2.14082e-40,0.0007164964,0.0007164964,-2.14082e-40,-2.14082e-40,0.0007164964,0.0007164964,-2.1408e-40,-2.1408e-40,-2.1408e-40,-2.1408e-40,0.0007164964,0.0007164964,0.0007164964,0.0007164964,Uniaxial,0.23350000381469727
1.548383822434201e-30,49528.4453125,26450.689453125,0.0,0.0,0.0,-0.00176625,0.0007283532,0.0007283532,-1.0587912e-22,-9.529121e-22,-1.4823077e-21,-0.00057052134,0.00048920745,0.00048920745,-1.2260875e-22,-1.873343e-22,-3.3595503e-22,11060490.0,-11060490.0,-11060490.0,11060490.0,11060490.0,-11060490.0,-11060490.0,11060490.0,-1.9913546e-06,-1.9913543e-06,0.0,0.0,-1.9913712e-06,-1.9913712e-06,0.0,0.0,-1.9913477e-06,-1.9913575e-06,-1.9913723e-06,-1.9913625e-06,0.0,0.0,0.0,0.0,-44241960.0,7.965451e-06,7.96544e-06,2.579152e-13,-1.1802657e-11,-1.7672936e-11,-1.743088e-39,-0.00176625,-0.00176625,-1.743088e-39,-1.743088e-39,-0.00176625,-0.00176625,-1.743088e-39,-2.12305e-40,-2.12305e-40,0.0007283532,0.0007283532,-2.12305e-40,-2.12305e-40,0.0007283532,0.0007283532,-2.1231e-40,-2.1231e-40,-2.1231e-40,-2.1231e-40,0.0007283532,0.0007283532,0.0007283532,0.0007283532,Uniaxial,0.23549999296665192
2.9365898945688576e-30,50192.5,26518.376953125,0.0,0.0,0.0,-0.00178125,0.00074021006,0.00074021006,-1.0587912e-22,-5.293956e-22,6.352747e-22,-0.0005839924,0.0005007585,0.0005007585,-1.2232235e-22,-1.932264e-22,-3.1950866e-22,11074633.0,-11074633.0,-11074633.0,11074633.0,11074633.0,-11074633.0,-11074633.0,11074633.0,-2.163424e-06,-2.1634237e-06,0.0,0.0,-2.1634244e-06,-2.1634244e-06,0.0,0.0,-2.1634207e-06,-2.1634253e-06,-2.1634298e-06,-2.1634253e-06,0.0,0.0,0.0,0.0,-44298532.0,8.653697e-06,8.653701e-06,2.5349978e-13,-5.1826082e-12,1.4719576e-11,-1.737595e-39,-0.00178125,-0.00178125,-1.737595e-39,-1.737595e-39,-0.00178125,-0.00178125,-1.737595e-39,-2.1164e-40,-2.1164e-40,0.00074021006,0.00074021006,-2.1164e-40,-2.1164e-40,0.00074021006,0.00074021006,-2.11637e-40,-2.11637e-40,-2.11637e-40,-2.11637e-40,0.00074021006,0.00074021006,0.00074021006,0.00074021006,Uniaxial,0.23749999701976776
2.349271915655086e-30,50857.40234375,26586.15234375,0.0,0.0,0.0,-0.00179625,0.0007520669,0.0007520669,-1.0587912e-22,-9.529121e-22,-3.1763736e-21,-0.0005974634,0.00051230955,0.00051230955,-1.220412e-22,-2.0617978e-22,-3.6803221e-22,11088776.0,-11088776.0,-11088776.0,11088776.0,11088776.0,-11088776.0,-11088776.0,11088776.0,-2.3331847e-06,-2.3331845e-06,0.0,0.0,-2.3332143e-06,-2.333214e-06,0.0,0.0,-2.3331797e-06,-2.3331875e-06,-2.333219e-06,-2.3332113e-06,0.0,0.0,0.0,0.0,-44355104.0,9.332798e-06,9.332798e-06,2.4916538e-13,-1.1512123e-11,-4.3295263e-11,-1.731952e-39,-0.00179625,-0.00179625,-1.731952e-39,-1.731952e-39,-0.00179625,-0.00179625,-1.731952e-39,-2.10951e-40,-2.10951e-40,0.0007520669,0.0007520669,-2.10951e-40,-2.10951e-40,0.0007520669,0.0007520669,-2.10951e-40,-2.10951e-40,-2.10951e-40,-2.10951e-40,0.0007520669,0.0007520669,0.0007520669,0.0007520669,Uniaxial,0.2395000010728836
2.4026645617812996e-30,51523.15234375,26654.013671875,0.0,0.0,0.0,-0.00181125,0.00076392374,0.00076392374,-1.0587912e-22,-1.0587912e-22,-2.3293406e-21,-0.00061093445,0.0005238606,0.0005238606,-1.217652e-22,-2.0453885e-22,-4.0159556e-22,11102919.0,-11102919.0,-11102919.0,11102919.0,11102919.0,-11102919.0,-11102919.0,11102919.0,-2.5047675e-06,-2.5047673e-06,0.0,0.0,-2.5047902e-06,-2.50479e-06,0.0,0.0,-2.5070833e-06,-2.5070865e-06,-2.5071113e-06,-2.507108e-06,0.0,0.0,0.0,0.0,-44411676.0,1.00191155e-05,1.0028389e-05,2.4491043e-13,1.521004e-12,-2.9719404e-11,-1.726225e-39,-0.00181125,-0.00181125,-1.726225e-39,-1.726225e-39,-0.00181125,-0.00181125,-1.726225e-39,-2.10254e-40,-2.10254e-40,0.00076392374,0.00076392374,-2.10254e-40,-2.10254e-40,0.00076392374,0.00076392374,-2.10254e-40,-2.10254e-40,-2.10254e-40,-2.10254e-40,0.00076392374,0.00076392374,0.00076392374,0.00076392374,Uniaxial,0.24150000512599945
2.9365898945688576e-30,52189.75,26721.9609375,0.0,0.0,0.0,-0.00182625,0.0007757806,0.0007757806,-1.0587912e-22,-5.293956e-22,2.1175824e-22,-0.00062440545,0.0005354117,0.0005354117,-1.2149426e-22,-2.100438e-22,-3.9135076e-22,11117062.0,-11117062.0,-11117062.0,11117062.0,11117062.0,-11117062.0,-11117062.0,11117062.0,-2.6745065e-06,-2.6745063e-06,0.0,0.0,-2.6745138e-06,-2.6745136e-06,0.0,0.0,-2.672644e-06,-2.6726486e-06,-2.6726518e-06,-2.6726473e-06,0.0,0.0,0.0,0.0,-44468250.0,1.0698041e-05,1.0690592e-05,2.4073335e-13,-4.9233404e-12,9.2979305e-12,-1.720583e-39,-0.00182625,-0.00182625,-1.720583e-39,-1.720583e-39,-0.00182625,-0.00182625,-1.720583e-39,-2.09566e-40,-2.09566e-40,0.0007757806,0.0007757806,-2.09566e-40,-2.09566e-40,0.0007757806,0.0007757806,-2.09567e-40,-2.09567e-40,-2.09567e-40,-2.09567e-40,0.0007757806,0.0007757806,0.0007757806,0.0007757806,Uniaxial,0.2434999942779541
3.470515603514608e-30,52857.18359375,26788.26953125,0.0,2.518431210773997e-05,0.0,-0.00184125,0.0007876528,0.0007876528,-1.0587912e-22,-1.0587912e-22,-2.3293406e-21,-0.00063790014,0.00054698304,0.00054698304,-1.212278e-22,-2.083021e-22,-4.242059e-22,11130708.0,-11130708.0,-11130708.0,11130708.0,11130708.0,-11130708.0,-11130708.0,11130708.0,2.408159,2.408159,0.0,0.0,2.408159,2.408159,0.0,0.0,2.408159,2.408159,2.408159,2.408159,0.0,0.0,0.0,0.0,-44522830.0,-9.632636,-9.632636,2.366196e-13,1.5789814e-12,-2.937009e-11,1.9937066e-34,-0.00184125,-0.00184125,1.9937066e-34,1.9937066e-34,-0.00184125,-0.00184125,1.9937066e-34,2.4283262e-35,2.4283262e-35,0.0007876528,0.0007876528,2.4283262e-35,2.4283262e-35,0.0007876528,0.0007876528,2.4283262e-35,2.4283262e-35,2.4283262e-35,2.4283262e-35,0.0007876528,0.0007876528,0.0007876528,0.0007876528,Uniaxial,0.24549999833106995
2.4026645617812996e-30,53524.5859375,26755.1640625,0.0,0.0014501133700832725,0.0,-0.00185625,0.0008004393,0.0008004393,-1.0587912e-22,-1.3764285e-21,-2.3293406e-21,-0.00065279036,0.000559751,0.000559751,-1.2093934e-22,-2.3014794e-22,-4.600092e-22,11115957.0,-11115957.0,-11115957.0,11115957.0,11115957.0,-11115957.0,-11115957.0,11115957.0,47.07036,47.07036,0.0,0.0,47.07036,47.07036,0.0,0.0,47.07036,47.07036,47.07036,47.07036,0.0,0.0,0.0,0.0,-44463828.0,-188.28143,-188.28143,2.3184343e-13,-1.7646325e-11,-2.8777272e-11,1.318045e-32,-0.00185625,-0.00185625,1.318045e-32,1.318045e-32,-0.00185625,-0.00185625,1.318045e-32,1.3972246e-33,1.3972246e-33,0.0008004393,0.0008004393,1.3972246e-33,1.3972246e-33,0.0008004393,0.0008004393,1.3972246e-33,1.3972246e-33,1.3972246e-33,1.3972246e-33,0.0008004393,0.0008004393,0.0008004393,0.0008004393,Uniaxial,0.2475000023841858
3.4171229573883944e-30,54191.046875,26714.88671875,0.0,0.0028886909130960703,0.0,-0.00187125,0.0008133307,0.0008133307,-1.0587912e-22,-5.293956e-22,2.1175824e-22,-0.0006678295,0.0005726466,0.0005726466,-1.2065352e-22,-2.3590591e-22,-4.474975e-22,11099564.0,-11099564.0,-11099564.0,11099564.0,11099564.0,-11099564.0,-11099564.0,11099564.0,0.5602973,0.5602973,0.0,0.0,0.5602973,0.5602973,0.0,0.0,0.5602973,0.5602973,0.5602973,0.5602973,0.0,0.0,0.0,0.0,-44398256.0,-2.2411892,-2.2411892,2.271157e-13,-4.511595e-12,1.013424e-11,1.5191691e-33,-0.00187125,-0.00187125,1.5191691e-33,1.5191691e-33,-0.00187125,-0.00187125,1.5191691e-33,1.5051225e-34,1.5051225e-34,0.0008133307,0.0008133307,1.5051225e-34,1.5051225e-34,0.0008133307,0.0008133307,1.5051225e-34,1.5051225e-34,1.5051225e-34,1.5051225e-34,0.0008133307,0.0008133307,0.0008133307,0.0008133307,Uniaxial,0.24950000643730164
4.004440936302166e-30,54856.54296875,26676.345703125,0.0,0.004323646891862154,0.0,-0.00188625,0.00082619424,0.00082619424,-5.293956e-22,-5.293956e-22,-2.752857e-21,-0.0006828316,0.00058551057,0.00058551057,-1.2835225e-22,-2.4146293e-22,-4.9086616e-22,11083571.0,-11083571.0,-11083571.0,11083571.0,11083571.0,-11083571.0,-11083571.0,11083571.0,0.038302068,0.038302068,0.0,0.0,0.038302068,0.038302068,0.0,0.0,0.038302068,0.038302068,0.038302068,0.038302068,0.0,0.0,0.0,0.0,-44334284.0,-0.15320827,-0.15320827,-6.156064e-12,-4.4198013e-12,-3.4721833e-11,-4.0285564e-34,-0.00188625,-0.00188625,-4.0285564e-34,-4.0285564e-34,-0.00188625,-0.00188625,-4.0285564e-34,-3.9501455e-35,-3.9501455e-35,0.00082619424,0.00082619424,-3.9501455e-35,-3.9501455e-35,0.00082619424,0.00082619424,-3.9501455e-35,-3.9501455e-35,-3.9501455e-35,-3.9501455e-35,0.00082619424,0.00082619424,0.00082619424,0.00082619424,Uniaxial,0.2515000104904175
5.339254456350157e-30,55521.078125,26637.90234375,0.0,0.005758417770266533,0.0,-0.00190125,0.0008390564,0.0008390564,-1.0587912e-22,-9.529121e-22,-2.752857e-21,-0.0006978317,0.0005983727,0.0005983727,-1.2796652e-22,-2.5489106e-22,-5.3368513e-22,11067599.0,-11067599.0,-11067599.0,11067599.0,11067599.0,-11067599.0,-11067599.0,11067599.0,0.00090656406,0.00090656406,0.0,0.0,0.00090656406,0.00090656406,0.0,0.0,0.00090656406,0.00090656406,0.00090656406,0.00090656406,0.0,0.0,0.0,0.0,-44270396.0,-0.0036262562,-0.0036262562,3.3855565e-13,-1.0699267e-11,-3.401547e-11,-2.0646504e-35,-0.00190125,-0.00190125,-2.0646504e-35,-2.0646504e-35,-0.00190125,-0.00190125,-2.0646504e-35,-2.0244644e-36,-2.0244644e-36,0.0008390564,0.0008390564,-2.0244644e-36,-2.0244644e-36,0.0008390564,0.0008390564,-2.0244644e-36,-2.0244644e-36,-2.0244644e-36,-2.0244644e-36,0.0008390564,0.0008390564,0.0008390564,0.0008390564,Uniaxial,0.2535000145435333
6.193535289736804e-30,56184.65234375,26599.46484375,0.0,0.007193177007138729,0.0,-0.00191625,0.0008519185,0.0008519185,-5.293956e-22,7.4115383e-22,-1.4823077e-21,-0.0007128316,0.0006112348,0.0006112348,-1.3552598e-22,-2.3619505e-22,-5.5176244e-22,11051628.0,-11051628.0,-11051628.0,11051628.0,11051628.0,-11051628.0,-11051628.0,11051628.0,-0.00011843157,-0.00011843157,0.0,0.0,-0.00011843159,-0.00011843159,0.0,0.0,-0.00011843156,-0.000118431555,-0.000118431584,-0.00011843159,0.0,0.0,0.0,0.0,-44206510.0,0.0004737263,0.0004737263,-6.0285223e-12,1.4959187e-11,-1.4242816e-11,-1.2723834e-36,-0.00191625,-0.00191625,-1.2723834e-36,-1.2723834e-36,-0.00191625,-0.00191625,-1.2723834e-36,-1.2476181e-37,-1.2476181e-37,0.0008519185,0.0008519185,-1.2476181e-37,-1.2476181e-37,0.0008519185,0.0008519185,-1.2476181e-37,-1.2476181e-37,-1.2476181e-37,-1.2476181e-37,0.0008519185,0.0008519185,0.0008519185,0.0008519185,Uniaxial,0.2554999887943268
4.8587217696888126e-30,56847.2734375,26561.02734375,0.0,0.00862793531268835,0.0,-0.00193125,0.0008647805,0.0008647805,3.1763736e-22,-9.529121e-22,-3.59989e-21,-0.00072783156,0.00062409684,0.00062409684,-1.2702707e-22,-2.496039e-22,-6.092653e-22,11035658.0,-11035658.0,-11035658.0,11035658.0,11035658.0,-11035658.0,-11035658.0,11035658.0,-1.60825e-05,-1.6082495e-05,0.0,0.0,-1.6082535e-05,-1.608253e-05,0.0,0.0,-1.6082493e-05,-1.6082502e-05,-1.6082538e-05,-1.6082531e-05,0.0,0.0,0.0,0.0,-44142630.0,6.433006e-05,6.433007e-05,6.7961457e-12,-1.0749196e-11,-4.5708e-11,-6.862551e-38,-0.00193125,-0.00193125,-6.862551e-38,-6.862551e-38,-0.00193125,-0.00193125,-6.862551e-38,-6.72898e-39,-6.72898e-39,0.0008647805,0.0008647805,-6.72898e-39,-6.72898e-39,0.0008647805,0.0008647805,-6.728979e-39,-6.728979e-39,-6.728979e-39,-6.728979e-39,0.0008647805,0.0008647805,0.0008647805,0.0008647805,Uniaxial,0.2574999928474426
6.353712851957252e-30,57508.93359375,26522.591796875,0.0,0.010062693618237972,0.0,-0.00194625,0.0008776426,0.0008776426,-5.293956e-22,-5.293956e-22,-3.1763736e-21,-0.0007428315,0.00063695887,0.00063695887,-1.3456461e-22,-2.5493952e-22,-6.579001e-22,11019687.0,-11019687.0,-11019687.0,11019687.0,11019687.0,-11019687.0,-11019687.0,11019687.0,-1.5456341e-06,-1.5456351e-06,0.0,0.0,-1.545667e-06,-1.545668e-06,0.0,0.0,-1.5456287e-06,-1.5456328e-06,-1.5456677e-06,-1.5456637e-06,0.0,0.0,0.0,0.0,-44078748.0,6.1826045e-06,6.182593e-06,-6.0257697e-12,-4.1886507e-12,-3.8436046e-11,-4.112967e-39,-0.00194625,-0.00194625,-4.112967e-39,-4.112967e-39,-0.00194625,-0.00194625,-4.112967e-39,-4.03291e-40,-4.03291e-40,0.0008776426,0.0008776426,-4.03291e-40,-4.03291e-40,0.0008776426,0.0008776426,-4.03292e-40,-4.03292e-40,-4.03292e-40,-4.03292e-40,0.0008776426,0.0008776426,0.0008776426,0.0008776426,Uniaxial,0.25949999690055847
3.630693165735056e-30,58169.6328125,26484.154296875,0.0,0.011497451923787594,0.0,-0.00196125,0.0008905046,0.0008905046,3.1763736e-22,-5.293956e-22,-1.0587912e-21,-0.0007578314,0.0006498209,0.0006498209,-1.2608371e-22,-2.6013523e-22,-6.656887e-22,11003717.0,-11003717.0,-11003717.0,11003717.0,11003717.0,-11003717.0,-11003717.0,11003717.0,-1.0593182e-06,-1.0593109e-06,0.0,0.0,-1.059331e-06,-1.0593237e-06,0.0,0.0,-1.0593122e-06,-1.0593162e-06,-1.059331e-06,-1.059327e-06,0.0,0.0,0.0,0.0,-44014868.0,4.237284e-06,4.2372862e-06,6.7620983e-12,-4.1034e-12,-5.990695e-12,-2.046208e-39,-0.00196125,-0.00196125,-2.046208e-39,-2.046208e-39,-0.00196125,-0.00196125,-2.046208e-39,-2.0064e-40,-2.0064e-40,0.0008905046,0.0008905046,-2.0064e-40,-2.0064e-40,0.0008905046,0.0008905046,-2.00638e-40,-2.00638e-40,-2.00638e-40,-2.00638e-40,0.0008905046,0.0008905046,0.0008905046,0.0008905046,Uniaxial,0.2615000009536743
6.1401426436105904e-30,58829.37890625,26445.71875,0.0,0.01293221116065979,0.0,-0.00197625,0.00090336666,0.00090336666,3.1763736e-22,-5.293956e-22,-3.59989e-21,-0.0007728313,0.0006626829,0.0006626829,-1.1768437e-22,-2.6523238e-22,-7.2099544e-22,10987746.0,-10987746.0,-10987746.0,10987746.0,10987746.0,-10987746.0,-10987746.0,10987746.0,-1.3810578e-06,-1.3810526e-06,0.0,0.0,-1.3810954e-06,-1.3810902e-06,0.0,0.0,-1.3810553e-06,-1.3810612e-06,-1.381095e-06,-1.381089e-06,0.0,0.0,0.0,0.0,-43950984.0,5.524296e-06,5.5243004e-06,6.6244675e-12,-4.0198786e-12,-4.3809307e-11,-2.093948e-39,-0.00197625,-0.00197625,-2.093948e-39,-2.093948e-39,-0.00197625,-0.00197625,-2.093948e-39,-2.0532e-40,-2.0532e-40,0.00090336666,0.00090336666,-2.0532e-40,-2.0532e-40,0.00090336666,0.00090336666,-2.0532e-40,-2.0532e-40,-2.0532e-40,-2.0532e-40,0.00090336666,0.00090336666,0.00090336666,0.00090336666,Uniaxial,0.26350000500679016
6.407105498083466e-30,59488.1640625,26407.28125,0.0,0.014366969466209412,0.0,-0.00199125,0.00091622875,0.00091622875,-5.293956e-22,-1.0587912e-22,-3.59989e-21,-0.00078783126,0.00067554496,0.00067554496,-1.2539838e-22,-2.6225568e-22,-7.7549233e-22,10971776.0,-10971776.0,-10971776.0,10971776.0,10971776.0,-10971776.0,-10971776.0,10971776.0,-1.6905453e-06,-1.6905465e-06,0.0,0.0,-1.6905826e-06,-1.6905836e-06,0.0,0.0,-1.6905393e-06,-1.690542e-06,-1.6905773e-06,-1.6905745e-06,0.0,0.0,0.0,0.0,-43887104.0,6.762258e-06,6.762233e-06,-6.1388533e-12,2.3761867e-12,-4.291753e-11,-2.112574e-39,-0.00199125,-0.00199125,-2.112574e-39,-2.112574e-39,-0.00199125,-0.00199125,-2.112574e-39,-2.07144e-40,-2.07144e-40,0.00091622875,0.00091622875,-2.07144e-40,-2.07144e-40,0.00091622875,0.00091622875,-2.07147e-40,-2.07147e-40,-2.07147e-40,-2.07147e-40,0.00091622875,0.00091622875,0.00091622875,0.00091622875,Uniaxial,0.265500009059906
4.8587217696888126e-30,60145.9921875,26368.84375,0.0,0.015801727771759033,0.0,-0.00200625,0.0009290908,0.0009290908,-1.0587912e-22,-5.293956e-22,2.1175824e-22,-0.00080283114,0.00068840705,0.00068840705,-1.2506837e-22,-2.67273e-22,-7.5716243e-22,10955805.0,-10955805.0,-10955805.0,10955805.0,10955805.0,-10955805.0,-10955805.0,10955805.0,-1.9995339e-06,-1.9995318e-06,0.0,0.0,-1.9995405e-06,-1.9995382e-06,0.0,0.0,-1.9995318e-06,-1.999536e-06,-1.9995402e-06,-1.9995364e-06,0.0,0.0,0.0,0.0,-43823220.0,7.998145e-06,7.998145e-06,2.9116165e-13,-3.97723e-12,1.4701596e-11,-2.122107e-39,-0.00200625,-0.00200625,-2.122107e-39,-2.122107e-39,-0.00200625,-0.00200625,-2.122107e-39,-2.08082e-40,-2.08082e-40,0.0009290908,0.0009290908,-2.08082e-40,-2.08082e-40,0.0009290908,0.0009290908,-2.08079e-40,-2.08079e-40,-2.08079e-40,-2.08079e-40,0.0009290908,0.0009290908,0.0009290908,0.0009290908,Uniaxial,0.26750001311302185
4.912114039656834e-30,60802.859375,26330.408203125,0.0,0.017236486077308655,0.0,-0.00202125,0.00094195287,0.00094195287,3.1763736e-22,-9.529121e-22,-3.59989e-21,-0.0008178311,0.0007012691,0.0007012691,-1.1672794e-22,-2.802122e-22,-8.1061867e-22,10939835.0,-10939835.0,-10939835.0,10939835.0,10939835.0,-10939835.0,-10939835.0,10939835.0,-2.310188e-06,-2.3101845e-06,0.0,0.0,-2.3102248e-06,-2.3102214e-06,0.0,0.0,-2.310189e-06,-2.3101961e-06,-2.310227e-06,-2.31022e-06,0.0,0.0,0.0,0.0,-43759340.0,9.240819e-06,9.240832e-06,6.5810894e-12,-1.0192108e-11,-4.2260383e-11,-2.131371e-39,-0.00202125,-0.00202125,-2.131371e-39,-2.131371e-39,-0.00202125,-0.00202125,-2.131371e-39,-2.08988e-40,-2.08988e-40,0.00094195287,0.00094195287,-2.08988e-40,-2.08988e-40,0.00094195287,0.00094195287,-2.08988e-40,-2.08988e-40,-2.08988e-40,-2.08988e-40,0.00094195287,0.00094195287,0.00094195287,0.00094195287,Uniaxial,0.2694999873638153
4.004440936302166e-30,61458.5078125,26270.921875,0.0,0.019460715353488922,0.0,-0.00203625,0.00095481495,0.00095481495,-5.293956e-22,-9.529121e-22,-2.3293406e-21,-0.0008328311,0.00071413117,0.00071413117,-1.2446028e-22,-2.9294641e-22,-8.394864e-22,10915119.0,-10915119.0,-10915119.0,10915119.0,10915119.0,-10915119.0,-10915119.0,10915119.0,0.000815332,0.000815332,0.0,0.0,0.000815332,0.000815332,0.0,0.0,0.00081533426,0.00081533426,0.00081533426,0.00081533426,0.0,0.0,0.0,0.0,-43660476.0,-0.003261328,-0.003261337,-6.1213335e-12,-9.976581e-12,-2.2521856e-11,6.252873e-37,-0.00203625,-0.00203625,6.252873e-37,6.252873e-37,-0.00203625,-0.00203625,6.252873e-37,6.1311684e-38,6.1311684e-38,0.00095481495,0.00095481495,6.1311684e-38,6.1311684e-38,0.00095481495,0.00095481495,6.1311684e-38,6.1311684e-38,6.1311684e-38,6.1311684e-38,0.00095481495,0.00095481495,0.00095481495,0.00095481495,Uniaxial,0.27149999141693115
5.4994320185706054e-30,62112.08203125,26163.935546875,0.0,0.023462535813450813,0.0,-0.00205125,0.00096767716,0.00096767716,-5.293956e-22,3.1763736e-22,-1.9058241e-21,-0.00084783125,0.00072699337,0.00072699337,-1.321255e-22,-2.8150742e-22,-8.597132e-22,10870670.0,-10870670.0,-10870670.0,10870670.0,10870670.0,-10870670.0,-10870670.0,10870670.0,0.0024745595,0.0024745595,0.0,0.0,0.0024745592,0.0024745592,0.0,0.0,0.0024745592,0.0024745595,0.0024745592,0.0024745592,0.0,0.0,0.0,0.0,-43482680.0,-0.009898237,-0.009898237,-5.9810048e-12,9.020281e-12,-1.5749473e-11,1.45761595e-36,-0.00205125,-0.00205125,1.45761595e-36,1.45761595e-36,-0.00205125,-0.00205125,1.45761595e-36,1.4292452e-37,1.4292452e-37,0.00096767716,0.00096767716,1.4292452e-37,1.4292452e-37,0.00096767716,0.00096767716,1.4292453e-37,1.4292453e-37,1.4292453e-37,1.4292453e-37,0.00096767716,0.00096767716,0.00096767716,0.00096767716,Uniaxial,0.273499995470047
8.115667164856759e-30,62762.98828125,26056.71484375,0.0,0.027464358136057854,0.0,-0.00206625,0.0009805394,0.0009805394,-5.293956e-22,-1.799945e-21,-4.0234065e-21,-0.00086283137,0.00073985563,0.00073985563,-1.3964603e-22,-3.1005336e-22,-9.194043e-22,10826122.0,-10826122.0,-10826122.0,10826122.0,10826122.0,-10826122.0,-10826122.0,10826122.0,0.00024488583,0.00024488583,0.0,0.0,0.0002448858,0.0002448858,0.0,0.0,0.0002448872,0.00024488717,0.00024488714,0.00024488717,0.0,0.0,0.0,0.0,-43304490.0,-0.0009795432,-0.0009795487,-5.843736e-12,-2.2338789e-11,-4.6540063e-11,1.1701155e-37,-0.00206625,-0.00206625,1.1701155e-37,1.1701155e-37,-0.00206625,-0.00206625,1.1701155e-37,1.1473409e-38,1.1473409e-38,0.0009805394,0.0009805394,1.1473409e-38,1.1473409e-38,0.0009805394,0.0009805394,1.1473404e-38,1.1473404e-38,1.1473404e-38,1.1473404e-38,0.0009805394,0.0009805394,0.0009805394,0.0009805394,Uniaxial,0.27549999952316284
5.552824664696819e-30,63411.21875,25949.490234375,0.0,0.03146618232131004,0.0,-0.00208125,0.0009934015,0.0009934015,3.1763736e-22,-9.529121e-22,-2.3293406e-21,-0.00087783154,0.00075271784,0.00075271784,-1.310692e-22,-3.2230178e-22,-9.462536e-22,10781574.0,-10781574.0,-10781574.0,10781574.0,10781574.0,-10781574.0,-10781574.0,10781574.0,-9.942838e-06,-9.942827e-06,0.0,0.0,-9.94286e-06,-9.942849e-06,0.0,0.0,-9.940574e-06,-9.940587e-06,-9.94061e-06,-9.940597e-06,0.0,0.0,0.0,0.0,-43126296.0,3.9771374e-05,3.976237e-05,6.7000286e-12,-9.416192e-12,-2.0652077e-11,-3.995769e-39,-0.00208125,-0.00208125,-3.995769e-39,-3.995769e-39,-0.00208125,-0.00208125,-3.995769e-39,-3.91802e-40,-3.91802e-40,0.0009934015,0.0009934015,-3.91802e-40,-3.91802e-40,0.0009934015,0.0009934015,-3.91797e-40,-3.91797e-40,-3.91797e-40,-3.91797e-40,0.0009934015,0.0009934015,0.0009934015,0.0009934015,Uniaxial,0.2775000035762787
7.474956163658582e-30,64056.77734375,25842.267578125,0.0,0.035468004643917084,0.0,-0.00209625,0.0010062638,0.0010062638,1.5881868e-21,-2.2234615e-21,-3.59989e-21,-0.0008928317,0.0007655801,0.0007655801,-9.864287e-23,-3.5817244e-22,-9.963694e-22,10737026.0,-10737026.0,-10737026.0,10737026.0,10737026.0,-10737026.0,-10737026.0,10737026.0,2.446141e-05,2.4461435e-05,0.0,0.0,2.4461378e-05,2.4461404e-05,0.0,0.0,2.4459636e-05,2.445961e-05,2.4459583e-05,2.445961e-05,0.0,0.0,0.0,0.0,-42948104.0,-9.784562e-05,-9.783844e-05,2.5083454e-11,-2.7737177e-11,-3.8714813e-11,8.486083e-39,-0.00209625,-0.00209625,8.486083e-39,8.486083e-39,-0.00209625,-0.00209625,8.486083e-39,8.3209e-40,8.3209e-40,0.0010062638,0.0010062638,8.3209e-40,8.3209e-40,0.0010062638,0.0010062638,8.32092e-40,8.32092e-40,8.32092e-40,8.32092e-40,0.0010062638,0.0010062638,0.0010062638,0.0010062638,Uniaxial,0.27950000762939453
1.0464939080511845e-29,64699.66015625,25735.04296875,0.0,0.039469826966524124,0.0,-0.00211125,0.0010191259,0.0010191259,2.0117032e-21,-2.2234615e-21,-1.4823077e-21,-0.0009078318,0.00077844237,0.00077844237,-5.873343e-23,-3.934827e-22,-1.0057673e-21,10692478.0,-10692478.0,-10692478.0,10692478.0,10692478.0,-10692478.0,-10692478.0,10692478.0,4.0353116e-05,4.0353145e-05,0.0,0.0,4.03531e-05,4.035313e-05,0.0,0.0,4.0353152e-05,4.035313e-05,4.035311e-05,4.035313e-05,0.0,0.0,0.0,0.0,-42769910.0,-0.00016141249,-0.00016141252,3.0660023e-11,-2.7099208e-11,-7.056839e-12,1.231237e-38,-0.00211125,-0.00211125,1.231237e-38,1.231237e-38,-0.00211125,-0.00211125,1.231237e-38,1.207275e-39,1.207275e-39,0.0010191259,0.0010191259,1.207275e-39,1.207275e-39,0.0010191259,0.0010191259,1.207269e-39,1.207269e-39,1.207269e-39,1.207269e-39,0.0010191259,0.0010191259,0.0010191259,0.0010191259,Uniaxial,0.2815000116825104
9.397087662620344e-30,65339.87109375,25627.8203125,0.0,0.04347165301442146,0.0,-0.00212625,0.0010319882,0.0010319882,1.5881868e-21,-1.799945e-21,-3.1763736e-21,-0.000922832,0.00079130457,0.00079130457,-2.7516696e-23,-4.2014765e-22,-1.0466994e-21,10647929.0,-10647929.0,-10647929.0,10647929.0,10647929.0,-10647929.0,-10647929.0,10647929.0,4.601128e-05,4.60113e-05,0.0,0.0,4.6011253e-05,4.601128e-05,0.0,0.0,4.6012636e-05,4.6012618e-05,4.601258e-05,4.60126e-05,0.0,0.0,0.0,0.0,-42591716.0,-0.00018404512,-0.00018405044,2.3826436e-11,-2.0347578e-11,-3.140585e-11,1.2529623e-38,-0.00212625,-0.00212625,1.2529623e-38,1.2529623e-38,-0.00212625,-0.00212625,1.2529623e-38,1.228573e-39,1.228573e-39,0.0010319882,0.0010319882,1.228573e-39,1.228573e-39,0.0010319882,0.0010319882,1.228577e-39,1.228577e-39,1.228577e-39,1.228577e-39,0.0010319882,0.0010319882,0.0010319882,0.0010319882,Uniaxial,0.28349998593330383
8.542807581550082e-30,65977.4140625,25520.595703125,0.0,0.0474734753370285,0.0,-0.00214125,0.0010448503,0.0010448503,2.0117032e-21,-1.799945e-21,-6.140989e-21,-0.00093783217,0.00080416683,0.00080416683,1.10471024e-23,-4.4626813e-22,-1.1428569e-21,10603381.0,-10603381.0,-10603381.0,10603381.0,10603381.0,-10603381.0,-10603381.0,10603381.0,5.1194067e-05,5.1194093e-05,0.0,0.0,5.1194012e-05,5.119404e-05,0.0,0.0,5.119408e-05,5.1194067e-05,5.1194016e-05,5.1194034e-05,0.0,0.0,0.0,0.0,-42413524.0,-0.00020477621,-0.0002047762,2.937982e-11,-1.987887e-11,-7.339803e-11,1.2587011e-38,-0.00214125,-0.00214125,1.2587011e-38,1.2587011e-38,-0.00214125,-0.00214125,1.2587011e-38,1.234202e-39,1.234202e-39,0.0010448503,0.0010448503,1.234202e-39,1.234202e-39,0.0010448503,0.0010448503,1.234202e-39,1.234202e-39,1.234202e-39,1.234202e-39,0.0010448503,0.0010448503,0.0010448503,0.0010448503,Uniaxial,0.2854999899864197
1.7085615163100164e-29,66612.28125,25413.373046875,0.0,0.05147530138492584,0.0,-0.00215625,0.0010577126,0.0010577126,1.5881868e-21,-1.3764285e-21,-4.446923e-21,-0.00095283234,0.00081702904,0.00081702904,4.094287e-23,-4.6391645e-22,-1.2055628e-21,10558833.0,-10558833.0,-10558833.0,10558833.0,10558833.0,-10558833.0,-10558833.0,10558833.0,5.6813155e-05,5.6813176e-05,0.0,0.0,5.6813104e-05,5.6813125e-05,0.0,0.0,5.681317e-05,5.681315e-05,5.6813114e-05,5.6813133e-05,0.0,0.0,0.0,0.0,-42235332.0,-0.00022725256,-0.00022725257,2.2625964e-11,-1.3344027e-11,-4.73997e-11,1.2732491e-38,-0.00215625,-0.00215625,1.2732491e-38,1.2732491e-38,-0.00215625,-0.00215625,1.2732491e-38,1.248467e-39,1.248467e-39,0.0010577126,0.0010577126,1.248467e-39,1.248467e-39,0.0010577126,0.0010577126,1.248466e-39,1.248466e-39,1.248466e-39,1.248466e-39,0.0010577126,0.0010577126,0.0010577126,0.0010577126,Uniaxial,0.2874999940395355
1.281421099616693e-29,67244.46875,25306.150390625,0.0,0.05547712370753288,0.0,-0.00217125,0.0010705749,0.0010705749,2.0117032e-21,-2.646978e-21,-4.8704394e-21,-0.00096783246,0.0008298913,0.0008298913,7.821071e-23,-5.0512347e-22,-1.2749018e-21,10514285.0,-10514285.0,-10514285.0,10514285.0,10514285.0,-10514285.0,-10514285.0,10514285.0,6.263613e-05,6.263615e-05,0.0,0.0,6.263609e-05,6.2636114e-05,0.0,0.0,6.263616e-05,6.263613e-05,6.263608e-05,6.263611e-05,0.0,0.0,0.0,0.0,-42057140.0,-0.0002505445,-0.0002505445,2.8154944e-11,-3.1189048e-11,-5.235715e-11,1.2896276e-38,-0.00217125,-0.00217125,1.2896276e-38,1.2896276e-38,-0.00217125,-0.00217125,1.2896276e-38,1.264526e-39,1.264526e-39,0.0010705749,0.0010705749,1.264526e-39,1.264526e-39,0.0010705749,0.0010705749,1.264528e-39,1.264528e-39,1.264528e-39,1.264528e-39,0.0010705749,0.0010705749,0.0010705749,0.0010705749,Uniaxial,0.28949999809265137
1.3668491829553578e-29,67873.9921875,25198.92578125,0.0,0.05947894975543022,0.0,-0.00218625,0.001083437,0.001083437,7.4115383e-22,-2.646978e-21,-3.1763736e-21,-0.0009828326,0.00084275356,0.00084275356,9.088004e-23,-5.4566935e-22,-1.311057e-21,10469737.0,-10469737.0,-10469737.0,10469737.0,10469737.0,-10469737.0,-10469737.0,10469737.0,6.859542e-05,6.859544e-05,0.0,0.0,6.859539e-05,6.859541e-05,0.0,0.0,6.8595444e-05,6.8595415e-05,6.8595386e-05,6.8595415e-05,0.0,0.0,0.0,0.0,-41878948.0,-0.00027438166,-0.00027438166,9.428975e-12,-3.0468992e-11,-2.7047106e-11,1.306163e-38,-0.00218625,-0.00218625,1.306163e-38,1.306163e-38,-0.00218625,-0.00218625,1.306163e-38,1.28074e-39,1.280742e-39,0.001083437,0.001083437,1.28074e-39,1.28074e-39,0.001083437,0.001083437,1.280739e-39,1.280739e-39,1.280739e-39,1.280739e-39,0.001083437,0.001083437,0.001083437,0.001083437,Uniaxial,0.2915000021457672
1.4095631493930516e-29,68500.4375,25059.568359375,0.0,0.06468638777732849,0.0,-0.00220125,0.0010962992,0.0010962992,7.4115383e-22,-2.2234615e-21,-2.3293406e-21,-0.0009978326,0.0008556157,0.0008556157,1.0319057e-22,-5.7747047e-22,-1.3304141e-21,10411836.0,-10411836.0,-10411836.0,10411836.0,10411836.0,-10411836.0,-10411836.0,10411836.0,-0.0066906256,-0.0066906256,0.0,0.0,-0.0066906256,-0.0066906256,0.0,0.0,-0.0066906232,-0.0066906232,-0.0066906232,-0.0066906232,0.0,0.0,0.0,0.0,-41647344.0,0.026762502,0.026762493,9.199315e-12,-2.3734893e-11,-1.4404341e-11,-1.1607589e-36,-0.00220125,-0.00220125,-1.1607589e-36,-1.1607589e-36,-0.00220125,-0.00220125,-1.1607589e-36,-1.1381661e-37,-1.1381661e-37,0.0010962992,0.0010962992,-1.1381661e-37,-1.1381661e-37,0.0010962992,0.0010962992,-1.1381661e-37,-1.1381661e-37,-1.1381661e-37,-1.1381661e-37,0.0010962992,0.0010962992,0.0010962992,0.0010962992,Uniaxial,0.29350000619888306
5.339254456350157e-30,69123.125,24897.01171875,0.0,0.07075818628072739,0.0,-0.00221625,0.0011091612,0.0011091612,-1.0587912e-22,-1.799945e-21,-4.0234065e-21,-0.0010128326,0.00086847774,0.00086847774,9.93126e-23,-6.0065227e-22,-1.3812339e-21,10344296.0,-10344296.0,-10344296.0,10344296.0,10344296.0,-10344296.0,-10344296.0,10344296.0,-0.006523116,-0.006523116,0.0,0.0,-0.006523116,-0.006523116,0.0,0.0,-0.006523116,-0.006523116,-0.006523116,-0.006523116,0.0,0.0,0.0,0.0,-41377184.0,0.026092464,0.026092464,-2.9396338e-12,-1.7181402e-11,-3.7852502e-11,-1.02521695e-36,-0.00221625,-0.00221625,-1.02521695e-36,-1.02521695e-36,-0.00221625,-0.00221625,-1.02521695e-36,-1.0052624e-37,-1.0052624e-37,0.0011091612,0.0011091612,-1.0052624e-37,-1.0052624e-37,0.0011091612,0.0011091612,-1.0052624e-37,-1.0052624e-37,-1.0052624e-37,-1.0052624e-37,0.0011091612,0.0011091612,0.0011091612,0.0011091612,Uniaxial,0.2955000102519989
9.397087662620344e-30,69741.7578125,24734.33984375,0.0,0.07682997733354568,0.0,-0.00223125,0.0011220232,0.0011220232,7.4115383e-22,-1.3764285e-21,-2.3293406e-21,-0.0010278325,0.0008813398,0.0008813398,1.1138342e-22,-6.15378e-22,-1.3993406e-21,10276708.0,-10276708.0,-10276708.0,10276708.0,10276708.0,-10276708.0,-10276708.0,10276708.0,-0.00080148387,-0.0008014838,0.0,0.0,-0.00080148387,-0.00080148387,0.0,0.0,-0.00080148387,-0.00080148387,-0.00080148387,-0.00080148387,0.0,0.0,0.0,0.0,-41106830.0,0.0032059355,0.0032059355,8.963316e-12,-1.0831783e-11,-1.3236386e-11,-1.1513012e-37,-0.00223125,-0.00223125,-1.1513012e-37,-1.1513012e-37,-0.00223125,-0.00223125,-1.1513012e-37,-1.1288925e-38,-1.1288925e-38,0.0011220232,0.0011220232,-1.1288925e-38,-1.1288925e-38,0.0011220232,0.0011220232,-1.1288926e-38,-1.1288926e-38,-1.1288926e-38,-1.1288926e-38,0.0011220232,0.0011220232,0.0011220232,0.0011220232,Uniaxial,0.29750001430511475
8.756377413738552e-30,70356.328125,24571.66796875,0.0,0.08290176838636398,0.0,-0.00224625,0.0011348854,0.0011348854,7.4115383e-22,-1.3764285e-21,-6.5645053e-21,-0.0010428325,0.0008942018,0.0008942018,1.2330473e-22,-6.2978505e-22,-1.4967202e-21,10209120.0,-10209120.0,-10209120.0,10209120.0,10209120.0,-10209120.0,-10209120.0,10209120.0,0.00027860602,0.00027860605,0.0,0.0,0.000278606,0.000278606,0.0,0.0,0.00027860774,0.00027860774,0.00027860768,0.00027860768,0.0,0.0,0.0,0.0,-40836480.0,-0.0011144241,-0.0011144308,8.735809e-12,-1.0556841e-11,-7.1653745e-11,3.6849828e-38,-0.00224625,-0.00224625,3.6849828e-38,3.6849828e-38,-0.00224625,-0.00224625,3.6849828e-38,3.613258e-39,3.613258e-39,0.0011348854,0.0011348854,3.613258e-39,3.613258e-39,0.0011348854,0.0011348854,3.61326e-39,3.61326e-39,3.613261e-39,3.613261e-39,0.0011348854,0.0011348854,0.0011348854,0.0011348854,Uniaxial,0.2994999885559082
1.4522772662940224e-29,70966.8515625,24408.99609375,0.0,0.08897355943918228,0.0,-0.00226125,0.0011477474,0.0011477474,7.4115383e-22,-1.799945e-21,-4.8704394e-21,-0.0010578324,0.00090706383,0.00090706383,1.3500076e-22,-6.518966e-22,-1.5607431e-21,10141532.0,-10141532.0,-10141532.0,10141532.0,10141532.0,-10141532.0,-10141532.0,10141532.0,5.5483408e-05,5.5483415e-05,0.0,0.0,5.548336e-05,5.548337e-05,0.0,0.0,5.548511e-05,5.5485096e-05,5.5485052e-05,5.548507e-05,0.0,0.0,0.0,0.0,-40566130.0,-0.00022193356,-0.00022194032,8.513698e-12,-1.6124867e-11,-4.6486204e-11,6.799812e-39,-0.00226125,-0.00226125,6.799812e-39,6.799812e-39,-0.00226125,-0.00226125,6.799812e-39,6.66746e-40,6.66746e-40,0.0011477474,0.0011477474,6.66746e-40,6.66746e-40,0.0011477474,0.0011477474,6.66746e-40,6.66746e-40,6.66746e-40,6.66746e-40,0.0011477474,0.0011477474,0.0011477474,0.0011477474,Uniaxial,0.30149999260902405
9.610658247125198e-30,71573.3125,24246.32421875,0.0,0.09504535049200058,0.0,-0.00227625,0.0011606094,0.0011606094,7.4115383e-22,-1.3764285e-21,-3.1763736e-21,-0.0010728323,0.0009199259,0.0009199259,1.4647538e-22,-6.6565184e-22,-1.5914877e-21,10073943.0,-10073943.0,-10073943.0,10073943.0,10073943.0,-10073943.0,-10073943.0,10073943.0,-8.558468e-05,-8.5584674e-05,0.0,0.0,-8.558471e-05,-8.55847e-05,0.0,0.0,-8.558467e-05,-8.558468e-05,-8.558471e-05,-8.55847e-05,0.0,0.0,0.0,0.0,-40295772.0,0.00034233878,0.00034233875,8.296866e-12,-9.916652e-12,-2.2112093e-11,-9.771089e-39,-0.00227625,-0.00227625,-9.771089e-39,-9.771089e-39,-0.00227625,-0.00227625,-9.771089e-39,-9.5809e-40,-9.5809e-40,0.0011606094,0.0011606094,-9.5809e-40,-9.5809e-40,0.0011606094,0.0011606094,-9.5809e-40,-9.5809e-40,-9.5809e-40,-9.5809e-40,0.0011606094,0.0011606094,0.0011606094,0.0011606094,Uniaxial,0.3034999966621399
1.986202674313219e-29,72175.71875,24083.650390625,0.0,0.10111714154481888,0.0,-0.00229125,0.0011734714,0.0011734714,-1.0587912e-22,-2.2234615e-21,-4.0234065e-21,-0.0010878323,0.00093278795,0.00093278795,1.4177802e-22,-6.9506194e-22,-1.6374455e-21,10006355.0,-10006355.0,-10006355.0,10006355.0,10006355.0,-10006355.0,-10006355.0,10006355.0,-0.00010386822,-0.00010386822,0.0,0.0,-0.00010386826,-0.00010386827,0.0,0.0,-0.00010386822,-0.00010386823,-0.00010386827,-0.00010386825,0.0,0.0,0.0,0.0,-40025420.0,0.00041547295,0.00041547295,-3.4320934e-12,-2.1180935e-11,-3.3065235e-11,-1.1099453e-38,-0.00229125,-0.00229125,-1.1099453e-38,-1.1099453e-38,-0.00229125,-0.00229125,-1.1099453e-38,-1.088342e-39,-1.088342e-39,0.0011734714,0.0011734714,-1.088341e-39,-1.088341e-39,0.0011734714,0.0011734714,-1.088342e-39,-1.088342e-39,-1.088342e-39,-1.088342e-39,0.0011734714,0.0011734714,0.0011734714,0.0011734714,Uniaxial,0.30550000071525574
1.6017763745208664e-29,72774.078125,23920.978515625,0.0,0.10718893259763718,0.0,-0.00230625,0.0011863336,0.0011863336,-1.0587912e-22,-2.2234615e-21,-4.8704394e-21,-0.0011028321,0.00094565,0.00094565,1.3709022e-22,-7.239945e-22,-1.6985665e-21,9938767.0,-9938767.0,-9938767.0,9938767.0,9938767.0,-9938767.0,-9938767.0,9938767.0,-0.000101688536,-0.000101688536,0.0,0.0,-0.00010168858,-0.00010168858,0.0,0.0,-0.00010168853,-0.00010168854,-0.00010168859,-0.00010168857,0.0,0.0,0.0,0.0,-39755068.0,0.00040675423,0.00040675423,-3.344385e-12,-2.0639622e-11,-4.3659684e-11,-1.0212757e-38,-0.00230625,-0.00230625,-1.0212757e-38,-1.0212757e-38,-0.00230625,-0.00230625,-1.0212757e-38,-1.001397e-39,-1.001397e-39,0.0011863336,0.0011863336,-1.001397e-39,-1.001397e-39,0.0011863336,0.0011863336,-1.001397e-39,-1.001397e-39,-1.001397e-39,-1.001397e-39,0.0011863336,0.0011863336,0.0011863336,0.0011863336,Uniaxial,0.3075000047683716
1.879417532524069e-29,73368.375,23758.306640625,0.0,0.11326072365045547,0.0,-0.00232125,0.0011991956,0.0011991956,3.1763736e-22,-1.3764285e-21,-6.140989e-21,-0.001117832,0.000958512,0.000958512,1.4046812e-22,-7.3642495e-22,-1.7825425e-21,9871179.0,-9871179.0,-9871179.0,9871179.0,9871179.0,-9871179.0,-9871179.0,9871179.0,-0.00010626995,-0.00010626995,0.0,0.0,-0.00010627,-0.00010627,0.0,0.0,-0.000106272004,-0.00010627201,-0.00010627207,-0.000106272055,0.0,0.0,0.0,0.0,-39484716.0,0.0004250799,0.00042508813,2.4220862e-12,-8.749509e-12,-5.9584455e-11,-1.0067211e-38,-0.00232125,-0.00232125,-1.0067211e-38,-1.0067211e-38,-0.00232125,-0.00232125,-1.0067211e-38,-9.87126e-40,-9.87126e-40,0.0011991956,0.0011991956,-9.87126e-40,-9.87126e-40,0.0011991956,0.0011991956,-9.87126e-40,-9.87126e-40,-9.87126e-40,-9.87126e-40,0.0011991956,0.0011991956,0.0011991956,0.0011991956,Uniaxial,0.3095000088214874
2.135701782540063e-29,73958.5859375,23593.10546875,0.0,0.11942736804485321,0.0,-0.00233625,0.0012120577,0.0012120577,-1.0587912e-22,-1.3764285e-21,-6.5645053e-21,-0.001132832,0.00097137404,0.00097137404,1.358444e-22,-7.485408e-22,-1.8730257e-21,9802540.0,-9802540.0,-9802540.0,9802540.0,9802540.0,-9802540.0,-9802540.0,9802540.0,0.0002815527,0.0002815527,0.0,0.0,0.00028155264,0.0002815526,0.0,0.0,0.00028155433,0.00028155433,0.00028155427,0.00028155427,0.0,0.0,0.0,0.0,-39210160.0,-0.0011262107,-0.0011262172,-3.2816313e-12,-8.524186e-12,-6.3691385e-11,2.5217708e-38,-0.00233625,-0.00233625,2.5217708e-38,2.5217708e-38,-0.00233625,-0.00233625,2.5217708e-38,2.472689e-39,2.472689e-39,0.0012120577,0.0012120577,2.472689e-39,2.472689e-39,0.0012120577,0.0012120577,2.472686e-39,2.472686e-39,2.472686e-39,2.472686e-39,0.0012120577,0.0012120577,0.0012120577,0.0012120577,Uniaxial,0.31150001287460327
2.135701782540063e-29,74544.1328125,23384.244140625,0.0,0.1272311955690384,0.0,-0.00235125,0.0012249197,0.0012249197,-1.0587912e-22,-1.0587912e-22,-5.293956e-21,-0.001147832,0.0009842361,0.0009842361,1.312687e-22,-7.364947e-22,-1.9379044e-21,9715762.0,-9715762.0,-9715762.0,9715762.0,9715762.0,-9715762.0,-9715762.0,9715762.0,0.0072927806,0.0072927806,0.0,0.0,0.0072927806,0.0072927806,0.0,0.0,0.0072927806,0.0072927806,0.0072927806,0.0072927806,0.0,0.0,0.0,0.0,-38863050.0,-0.029171122,-0.029171122,-3.1910104e-12,8.4854285e-12,-4.515831e-11,6.1109536e-37,-0.00235125,-0.00235125,6.1109536e-37,6.1109536e-37,-0.00235125,-0.00235125,6.1109536e-37,5.9920116e-38,5.9920116e-38,0.0012249197,0.0012249197,5.9920116e-38,5.9920116e-38,0.0012249197,0.0012249197,5.9920116e-38,5.9920116e-38,5.9920116e-38,5.9920116e-38,0.0012249197,0.0012249197,0.0012249197,0.0012249197,Uniaxial,0.31349998712539673
2.135701782540063e-29,75124.4765625,23175.166015625,0.0,0.13503502309322357,0.0,-0.00236625,0.0012377818,0.0012377818,7.4115383e-22,-9.529121e-22,-6.5645053e-21,-0.001162832,0.0009970983,0.0009970983,1.4273425e-22,-7.4051234e-22,-2.0253685e-21,9628893.0,-9628893.0,-9628893.0,9628893.0,9628893.0,-9628893.0,-9628893.0,9628893.0,0.0021439132,0.0021439132,0.0,0.0,0.0021439132,0.0021439132,0.0,0.0,0.0021439132,0.0021439132,0.0021439132,0.0021439132,0.0,0.0,0.0,0.0,-38515572.0,-0.008575653,-0.008575653,7.980211e-12,-2.832452e-12,-6.053156e-11,1.6875805e-37,-0.00236625,-0.00236625,1.6875805e-37,1.6875805e-37,-0.00236625,-0.00236625,1.6875805e-37,1.6547338e-38,1.6547338e-38,0.0012377818,0.0012377818,1.6547338e-38,1.6547338e-38,0.0012377818,0.0012377818,1.6547337e-38,1.6547337e-38,1.6547337e-38,1.6547337e-38,0.0012377818,0.0012377818,0.0012377818,0.0012377818,Uniaxial,0.3154999911785126
2.135701782540063e-29,75699.6015625,22966.0859375,0.0,0.14283886551856995,0.0,-0.00238125,0.001250644,0.001250644,-1.0587912e-22,-9.529121e-22,-6.988022e-21,-0.001177832,0.0010099603,0.0010099603,1.3810729e-22,-7.4453273e-22,-2.1192727e-21,9542023.0,-9542023.0,-9542023.0,9542023.0,9542023.0,-9542023.0,-9542023.0,9542023.0,-0.00032062712,-0.00032062712,0.0,0.0,-0.00032062718,-0.00032062718,0.0,0.0,-0.00032062552,-0.00032062552,-0.00032062558,-0.00032062558,0.0,0.0,0.0,0.0,-38168092.0,0.0012825086,0.0012825022,-3.2243219e-12,-2.7537681e-12,-6.4341345e-11,-2.3795783e-38,-0.00238125,-0.00238125,-2.3795783e-38,-2.3795783e-38,-0.00238125,-0.00238125,-2.3795783e-38,-2.333263e-39,-2.333263e-39,0.001250644,0.001250644,-2.333263e-39,-2.333263e-39,0.001250644,0.001250644,-2.333263e-39,-2.333263e-39,-2.333263e-39,-2.333263e-39,0.001250644,0.001250644,0.001250644,0.001250644,Uniaxial,0.3174999952316284
2.135701782540063e-29,76269.515625,22757.005859375,0.0,0.15064269304275513,0.0,-0.00239625,0.001263506,0.001263506,-1.0587912e-22,-5.293956e-22,-7.411538e-21,-0.001192832,0.0010228225,0.0010228225,1.3348895e-22,-7.405e-22,-2.2194169e-21,9455154.0,-9455154.0,-9455154.0,9455154.0,9455154.0,-9455154.0,-9455154.0,9455154.0,-0.0004092486,-0.0004092486,0.0,0.0,-0.00040924866,-0.00040924866,0.0,0.0,-0.0004092486,-0.0004092486,-0.00040924866,-0.00040924866,0.0,0.0,0.0,0.0,-37820616.0,0.0016369945,0.0016369945,-3.1344914e-12,2.7643827e-12,-6.799011e-11,-2.8731091e-38,-0.00239625,-0.00239625,-2.8731091e-38,-2.8731091e-38,-0.00239625,-0.00239625,-2.8731091e-38,-2.817189e-39,-2.817189e-39,0.001263506,0.001263506,-2.817189e-39,-2.817189e-39,0.001263506,0.001263506,-2.817187e-39,-2.817187e-39,-2.817187e-39,-2.817187e-39,0.001263506,0.001263506,0.001263506,0.001263506,Uniaxial,0.31949999928474426
2.7336983659107155e-29,76834.21875,22547.92578125,0.0,0.1584465205669403,0.0,-0.00241125,0.0012763682,0.0012763682,-1.0587912e-22,-1.3764285e-21,-4.8704394e-21,-0.001207832,0.0010356846,0.0010356846,1.2895764e-22,-7.5245875e-22,-2.2698406e-21,9368285.0,-9368285.0,-9368285.0,9368285.0,9368285.0,-9368285.0,-9368285.0,9368285.0,-9.0579415e-05,-9.057942e-05,0.0,0.0,-9.0579466e-05,-9.0579466e-05,0.0,0.0,-9.0579415e-05,-9.057942e-05,-9.0579466e-05,-9.0579466e-05,0.0,0.0,0.0,0.0,-37473140.0,0.00036231778,0.00036231778,-3.0469015e-12,-8.095728e-12,-3.3741603e-11,-6.032967e-39,-0.00241125,-0.00241125,-6.032967e-39,-6.032967e-39,-0.00241125,-0.00241125,-6.032967e-39,-5.91554e-40,-5.91554e-40,0.0012763682,0.0012763682,-5.91554e-40,-5.91554e-40,0.0012763682,0.0012763682,-5.91555e-40,-5.91555e-40,-5.91555e-40,-5.91555e-40,0.0012763682,0.0012763682,0.0012763682,0.0012763682,Uniaxial,0.3215000033378601
2.1997728074282421e-29,77393.7109375,22338.845703125,0.0,0.1662503480911255,0.0,-0.00242625,0.0012892303,0.0012892303,-1.0587912e-22,-5.293956e-22,-6.988022e-21,-0.001222832,0.0010485466,0.0010485466,1.245121e-22,-7.4831547e-22,-2.358959e-21,9281416.0,-9281416.0,-9281416.0,9281416.0,9281416.0,-9281416.0,-9281416.0,9281416.0,3.2518925e-05,3.2518925e-05,0.0,0.0,3.2518867e-05,3.2518863e-05,0.0,0.0,3.252086e-05,3.2520857e-05,3.2520802e-05,3.2520806e-05,0.0,0.0,0.0,0.0,-37125664.0,-0.00013007558,-0.00013008332,-2.9615045e-12,2.8140493e-12,-5.950309e-11,2.060288e-39,-0.00242625,-0.00242625,2.060288e-39,2.060288e-39,-0.00242625,-0.00242625,2.060288e-39,2.02018e-40,2.02018e-40,0.0012892303,0.0012892303,2.02018e-40,2.02018e-40,0.0012892303,0.0012892303,2.02018e-40,2.02018e-40,2.02018e-40,2.02018e-40,0.0012892303,0.0012892303,0.0012892303,0.0012892303,Uniaxial,0.32350000739097595
2.541485140782901e-29,77947.9921875,22129.765625,0.0,0.17405419051647186,0.0,-0.00244125,0.0013020923,0.0013020923,-1.0587912e-22,-1.3764285e-21,-8.258571e-21,-0.001237832,0.0010614088,0.0010614088,1.2015072e-22,-7.601265e-22,-2.4705199e-21,9194546.0,-9194546.0,-9194546.0,9194546.0,9194546.0,-9194546.0,-9194546.0,9194546.0,2.6997837e-05,2.6997832e-05,0.0,0.0,2.6997768e-05,2.6997763e-05,0.0,0.0,2.6998987e-05,2.6998978e-05,2.6998914e-05,2.6998921e-05,0.0,0.0,0.0,0.0,-36778184.0,-0.0001079912,-0.0001079958,-2.8782489e-12,-7.847949e-12,-7.3704653e-11,1.630897e-39,-0.00244125,-0.00244125,1.630897e-39,1.630897e-39,-0.00244125,-0.00244125,1.630897e-39,1.59915e-40,1.59915e-40,0.0013020923,0.0013020923,1.59915e-40,1.59915e-40,0.0013020923,0.0013020923,1.59916e-40,1.59916e-40,1.59916e-40,1.59916e-40,0.0013020923,0.0013020923,0.0013020923,0.0013020923,Uniaxial,0.3255000114440918
1.943488707875525e-29,78497.0546875,21920.685546875,0.0,0.18185801804065704,0.0,-0.00245625,0.0013149545,0.0013149545,-9.529121e-22,-1.799945e-21,-6.5645053e-21,-0.001252832,0.0010742709,0.0010742709,9.991708e-23,-7.797703e-22,-2.5481794e-21,9107677.0,-9107677.0,-9107677.0,9107677.0,9107677.0,-9107677.0,-9107677.0,9107677.0,4.743008e-06,4.7429976e-06,0.0,0.0,4.7429553e-06,4.7429444e-06,0.0,0.0,4.743007e-06,4.7429967e-06,4.7429476e-06,4.742958e-06,0.0,0.0,0.0,0.0,-36430708.0,-1.8971905e-05,-1.8971909e-05,-1.3279991e-11,-1.28681e-11,-5.0660424e-11,2.73828e-40,-0.00245625,-0.00245625,2.73828e-40,2.73828e-40,-0.00245625,-0.00245625,2.73828e-40,2.685e-41,2.685e-41,0.0013149545,0.0013149545,2.685e-41,2.685e-41,0.0013149545,0.0013149545,2.685e-41,2.685e-41,2.685e-41,2.685e-41,0.0013149545,0.0013149545,0.0013149545,0.0013149545,Uniaxial,0.32749998569488525
2.4774141158947215e-29,79040.9140625,21711.60546875,0.0,0.18966184556484222,0.0,-0.00247125,0.0013278166,0.0013278166,-9.529121e-22,-9.529121e-22,-6.5645053e-21,-0.001267832,0.001087133,0.001087133,7.998709e-23,-7.831275e-22,-2.6242105e-21,9020808.0,-9020808.0,-9020808.0,9020808.0,9020808.0,-9020808.0,-9020808.0,9020808.0,-2.9874057e-06,-2.987412e-06,0.0,0.0,-2.9874618e-06,-2.9874682e-06,0.0,0.0,-2.9892904e-06,-2.9892954e-06,-2.9893476e-06,-2.9893426e-06,0.0,0.0,0.0,0.0,-36083230.0,1.1949747e-05,1.1957276e-05,-1.2904334e-11,-2.121172e-12,-4.9227344e-11,-1.6516e-40,-0.00247125,-0.00247125,-1.6516e-40,-1.6516e-40,-0.00247125,-0.00247125,-1.6516e-40,-1.6195e-41,-1.6195e-41,0.0013278166,0.0013278166,-1.6195e-41,-1.6195e-41,0.0013278166,0.0013278166,-1.6195e-41,-1.6195e-41,-1.6195e-41,-1.6195e-41,0.0013278166,0.0013278166,0.0013278166,0.0013278166,Uniaxial,0.3294999897480011
2.4774141158947215e-29,79579.5546875,21502.525390625,0.0,0.1974656879901886,0.0,-0.00248625,0.0013406787,0.0013406787,7.4115383e-22,-1.799945e-21,-7.835055e-21,-0.001282832,0.0010999951,0.0010999951,9.2343635e-23,-8.022968e-22,-2.7227336e-21,8933939.0,-8933939.0,-8933939.0,8933939.0,8933939.0,-8933939.0,-8933939.0,8933939.0,-2.1321011e-06,-2.132097e-06,0.0,0.0,-2.1321644e-06,-2.1321603e-06,0.0,0.0,-2.1320966e-06,-2.1321066e-06,-2.132166e-06,-2.1321557e-06,0.0,0.0,0.0,0.0,-35735756.0,8.528523e-06,8.528525e-06,8.027732e-12,-1.2343907e-11,-6.3254776e-11,-1.13078e-40,-0.00248625,-0.00248625,-1.13078e-40,-1.13078e-40,-0.00248625,-0.00248625,-1.13078e-40,-1.1087e-41,-1.1087e-41,0.0013406787,0.0013406787,-1.1087e-41,-1.1087e-41,0.0013406787,0.0013406787,-1.1088e-41,-1.1088e-41,-1.1088e-41,-1.1088e-41,0.0013406787,0.0013406787,0.0013406787,0.0013406787,Uniaxial,0.33149999380111694
2.5841992576838716e-29,80112.984375,21293.4453125,0.0,0.20526951551437378,0.0,-0.00250125,0.0013535408,0.0013535408,3.1763736e-22,-5.293956e-22,-7.835055e-21,-0.001297832,0.0011128573,0.0011128573,9.664761e-23,-7.9724994e-22,-2.819511e-21,8847069.0,-8847069.0,-8847069.0,8847069.0,8847069.0,-8847069.0,-8847069.0,8847069.0,-3.3073917e-07,-3.307378e-07,0.0,0.0,-3.308014e-07,-3.3080005e-07,0.0,0.0,-3.3074681e-07,-3.3074517e-07,-3.3080346e-07,-3.308051e-07,0.0,0.0,0.0,0.0,-35388276.0,1.3230784e-06,1.3231006e-06,2.7077203e-12,3.2819383e-12,-6.145394e-11,-1.6814e-41,-0.00250125,-0.00250125,-1.6814e-41,-1.6814e-41,-0.00250125,-0.00250125,-1.6814e-41,-1.65e-42,-1.65e-42,0.0013535408,0.0013535408,-1.65e-42,-1.65e-42,0.0013535408,0.0013535408,-1.648e-42,-1.648e-42,-1.648e-42,-1.648e-42,0.0013535408,0.0013535408,0.0013535408,0.0013535408,Uniaxial,0.3334999978542328
2.5841992576838716e-29,80641.203125,21084.365234375,0.0,0.21307334303855896,0.0,-0.00251625,0.001366403,0.001366403,3.1763736e-22,-5.293956e-22,-9.529121e-21,-0.001312832,0.0011257193,0.0011257193,1.0083121e-22,-7.9218e-22,-2.9463665e-21,8760200.0,-8760200.0,-8760200.0,8760200.0,8760200.0,-8760200.0,-8760200.0,8760200.0,2.886168e-07,2.886181e-07,0.0,0.0,2.8854535e-07,2.8854666e-07,0.0,0.0,2.8715294e-07,2.8715453e-07,2.8708703e-07,2.8708544e-07,0.0,0.0,0.0,0.0,-35040800.0,-1.1543269e-06,-1.14848e-06,2.6303762e-12,3.188202e-12,-7.9864525e-11,1.4101e-41,-0.00251625,-0.00251625,1.4101e-41,1.4101e-41,-0.00251625,-0.00251625,1.4101e-41,1.383e-42,1.383e-42,0.001366403,0.001366403,1.383e-42,1.383e-42,0.001366403,0.001366403,1.382e-42,1.382e-42,1.382e-42,1.382e-42,0.001366403,0.001366403,0.001366403,0.001366403,Uniaxial,0.33550000190734863
2.7336983659107155e-29,81164.2109375,20875.28515625,0.0,0.22087717056274414,0.0,-0.00253125,0.001379265,0.001379265,3.1763736e-22,-5.293956e-22,-6.140989e-21,-0.001327832,0.0011385814,0.0011385814,1.0493542e-22,-7.872054e-22,-3.00716e-21,8673331.0,-8673331.0,-8673331.0,8673331.0,8673331.0,-8673331.0,-8673331.0,8673331.0,2.024026e-07,2.0240388e-07,0.0,0.0,2.0235227e-07,2.0235353e-07,0.0,0.0,2.0240152e-07,2.0240307e-07,2.0235272e-07,2.0235117e-07,0.0,0.0,0.0,0.0,-34693324.0,-8.095123e-07,-8.095085e-07,2.5549922e-12,3.0968316e-12,-3.7643798e-11,9.561e-42,-0.00253125,-0.00253125,9.561e-42,9.561e-42,-0.00253125,-0.00253125,9.561e-42,9.37e-43,9.37e-43,0.001379265,0.001379265,9.37e-43,9.37e-43,0.001379265,0.001379265,9.37e-43,9.37e-43,9.37e-43,9.37e-43,0.001379265,0.001379265,0.001379265,0.001379265,Uniaxial,0.3375000059604645
2.4774141158947215e-29,81682.0,20666.205078125,0.0,0.22868101298809052,0.0,-0.00254625,0.0013921271,0.0013921271,-1.0587912e-22,-9.529121e-22,-6.988022e-21,-0.001342832,0.0011514435,0.0011514435,1.0098452e-22,-7.903024e-22,-3.0824409e-21,8586462.0,-8586462.0,-8586462.0,8586462.0,8586462.0,-8586462.0,-8586462.0,8586462.0,3.262187e-08,3.262064e-08,0.0,0.0,3.2567133e-08,3.25659e-08,0.0,0.0,3.2617287e-08,3.262026e-08,3.256946e-08,3.256649e-08,0.0,0.0,0.0,0.0,-34345850.0,-1.3037554e-07,-1.303735e-07,-2.4599747e-12,-1.9337169e-12,-4.644427e-11,1.495e-42,-0.00254625,-0.00254625,1.495e-42,1.495e-42,-0.00254625,-0.00254625,1.495e-42,1.47e-43,1.47e-43,0.0013921271,0.0013921271,1.47e-43,1.47e-43,0.0013921271,0.0013921271,1.47e-43,1.47e-43,1.47e-43,1.47e-43,0.0013921271,0.0013921271,0.0013921271,0.0013921271,Uniaxial,0.3395000100135803
1.943488707875525e-29,82194.5859375,20457.125,0.0,0.2364848405122757,0.0,-0.00256125,0.0014049892,0.0014049892,-5.293956e-22,-1.0587912e-22,-9.952637e-21,-0.001357832,0.0011643056,0.0011643056,8.909131e-23,-7.7742563e-22,-3.2122162e-21,8499592.0,-8499592.0,-8499592.0,8499592.0,8499592.0,-8499592.0,-8499592.0,8499592.0,-2.994458e-08,-2.995216e-08,0.0,0.0,-3.000789e-08,-3.001547e-08,0.0,0.0,-2.9948577e-08,-2.9940683e-08,-3.0007932e-08,-3.0015826e-08,0.0,0.0,0.0,0.0,-33998370.0,1.199201e-07,1.1991301e-07,-7.280494e-12,7.905083e-12,-7.93446e-11,-1.303e-42,-0.00256125,-0.00256125,-1.303e-42,-1.303e-42,-0.00256125,-0.00256125,-1.303e-42,-1.28e-43,-1.28e-43,0.0014049892,0.0014049892,-1.28e-43,-1.28e-43,0.0014049892,0.0014049892,-1.28e-43,-1.28e-43,-1.28e-43,-1.28e-43,0.0014049892,0.0014049892,0.0014049892,0.0014049892,Uniaxial,0.34150001406669617
2.0502736992013982e-29,82701.953125,20248.044921875,0.0,0.24428866803646088,0.0,-0.00257625,0.0014178513,0.0014178513,-1.3764285e-21,7.4115383e-22,-8.682088e-21,-0.001372832,0.0011771678,0.0011771678,6.142853e-23,-7.487586e-22,-3.315881e-21,8412723.0,-8412723.0,-8412723.0,8412723.0,8412723.0,-8412723.0,-8412723.0,8412723.0,-2.2470754e-08,-2.248701e-08,0.0,0.0,-2.2521712e-08,-2.253797e-08,0.0,0.0,-2.2482372e-08,-2.2469752e-08,-2.253253e-08,-2.254515e-08,0.0,0.0,0.0,0.0,-33650892.0,9.0017444e-08,9.00298e-08,-1.675269e-11,1.7359196e-11,-6.252249e-11,-9.8e-43,-0.00257625,-0.00257625,-9.8e-43,-9.8e-43,-0.00257625,-0.00257625,-9.8e-43,-9.7e-44,-9.7e-44,0.0014178513,0.0014178513,-9.7e-44,-9.7e-44,0.0014178513,0.0014178513,-9.5e-44,-9.5e-44,-9.5e-44,-9.5e-44,0.0014178513,0.0014178513,0.0014178513,0.0014178513,Uniaxial,0.3434999883174896
2.92591159103853e-29,83204.109375,20038.96484375,0.0,0.25209251046180725,0.0,-0.00259125,0.0014307135,0.0014307135,-1.3764285e-21,-1.0587912e-22,-5.7174724e-21,-0.001387832,0.0011900298,0.0011900298,3.4209834e-23,-7.365093e-22,-3.3616236e-21,8325854.0,-8325854.0,-8325854.0,8325854.0,8325854.0,-8325854.0,-8325854.0,8325854.0,-4.279953e-09,-4.2959654e-09,0.0,0.0,-4.3289923e-09,-4.345005e-09,0.0,0.0,-4.2978345e-09,-4.2902593e-09,-4.3314192e-09,-4.338995e-09,0.0,0.0,0.0,0.0,-33303416.0,1.7249915e-08,1.7258508e-08,-1.6265848e-11,7.271697e-12,-2.7164921e-11,-1.77e-43,-0.00259125,-0.00259125,-1.77e-43,-1.77e-43,-0.00259125,-0.00259125,-1.77e-43,-1.7e-44,-1.7e-44,0.0014307135,0.0014307135,-1.7e-44,-1.7e-44,0.0014307135,0.0014307135,-1.8e-44,-1.8e-44,-1.8e-44,-1.8e-44,0.0014307135,0.0014307135,0.0014307135,0.0014307135,Uniaxial,0.34549999237060547
3.1821956905912474e-29,83701.0546875,19829.884765625,0.0,0.25989633798599243,0.0,-0.00260625,0.0014435755,0.0014435755,-1.3764285e-21,3.1763736e-22,-6.140989e-21,-0.001402832,0.0012028919,0.0012028919,7.506001e-24,-7.1659347e-22,-3.4141993e-21,8238984.5,-8238984.5,-8238984.5,8238984.5,8238984.5,-8238984.5,-8238984.5,8238984.5,3.01482e-09,2.9990448e-09,0.0,0.0,2.9638056e-09,2.9480307e-09,0.0,0.0,3.0058551e-09,3.0117557e-09,2.9646812e-09,2.9587806e-09,0.0,0.0,0.0,0.0,-32955938.0,-1.1925701e-08,-1.1941073e-08,-1.579143e-11,1.1801125e-11,-3.111412e-11,1.18e-43,-0.00260625,-0.00260625,1.18e-43,1.18e-43,-0.00260625,-0.00260625,1.18e-43,1.3e-44,1.3e-44,0.0014435755,0.0014435755,1.3e-44,1.3e-44,0.0014435755,0.0014435755,1.1e-44,1.1e-44,1.1e-44,1.1e-44,0.0014435755,0.0014435755,0.0014435755,0.0014435755,Uniaxial,0.3474999964237213
2.4774141158947215e-29,84192.7890625,19620.8046875,0.0,0.2677001655101776,0.0,-0.00262125,0.0014564376,0.0014564376,-1.3764285e-21,-1.3764285e-21,-9.105604e-21,-0.001417832,0.0012157541,0.0012157541,-1.8692321e-23,-7.28925e-22,-3.52166e-21,8152115.5,-8152115.5,-8152115.5,8152115.5,8152115.5,-8152115.5,-8152115.5,8152115.5,3.673247e-09,3.6616428e-09,0.0,0.0,3.6141472e-09,3.602543e-09,0.0,0.0,5.3725997e-09,5.3689444e-09,5.305905e-09,5.3095603e-09,0.0,0.0,0.0,0.0,-32608462.0,-1.45515795e-08,-2.1357009e-08,-1.5329146e-11,-7.31046e-12,-6.304398e-11,1.12e-43,-0.00262125,-0.00262125,1.12e-43,1.12e-43,-0.00262125,-0.00262125,1.12e-43,1e-44,1e-44,0.0014564376,0.0014564376,1e-44,1e-44,0.0014564376,0.0014564376,1.1e-44,1.1e-44,1.1e-44,1.1e-44,0.0014564376,0.0014564376,0.0014564376,0.0014564376,Uniaxial,0.34950000047683716
2.562842199233386e-29,84679.3125,19411.724609375,0.0,0.2755039930343628,0.0,-0.00263625,0.0014692998,0.0014692998,-5.293956e-22,-1.3764285e-21,-1.1646703e-20,-0.001432832,0.0012286161,0.0012286161,-2.843987e-23,-7.4118165e-22,-3.675229e-21,8065246.0,-8065246.0,-8065246.0,8065246.0,8065246.0,-8065246.0,-8065246.0,8065246.0,2.50748e-09,2.4968028e-09,0.0,0.0,2.435382e-09,2.4247049e-09,0.0,0.0,2.503595e-09,2.503987e-09,2.4279494e-09,2.4275575e-09,0.0,0.0,0.0,0.0,-32260984.0,-9.86437e-09,-9.863089e-09,-5.595633e-12,-7.0956535e-12,-8.9040685e-11,3.5e-44,-0.00263625,-0.00263625,3.5e-44,3.5e-44,-0.00263625,-0.00263625,3.5e-44,3e-45,3e-45,0.0014692998,0.0014692998,3e-45,3e-45,0.0014692998,0.0014692998,4e-45,4e-45,4e-45,4e-45,0.0014692998,0.0014692998,0.0014692998,0.0014692998,Uniaxial,0.351500004529953
2.947268348562462e-29,85160.6171875,19202.64453125,0.0,0.283307820558548,0.0,-0.00265125,0.0014821618,0.0014821618,-1.799945e-21,7.4115383e-22,-6.988022e-21,-0.001447832,0.0012414783,0.0012414783,-6.1855764e-23,-7.1332e-22,-3.738379e-21,7978376.5,-7978376.5,-7978376.5,7978376.5,7978376.5,-7978376.5,-7978376.5,7978376.5,1.1567739e-09,1.1392919e-09,0.0,0.0,1.1112425e-09,1.0937605e-09,0.0,0.0,-5.175989e-10,-5.016839e-10,-5.550946e-10,-5.7100963e-10,0.0,0.0,0.0,0.0,-31913506.0,-4.501069e-09,2.145387e-09,-1.9205202e-11,1.6071363e-11,-3.5907274e-11,-1e-45,-0.00265125,-0.00265125,-1e-45,-1e-45,-0.00265125,-0.00265125,-1e-45,0.0,0.0,0.0014821618,0.0014821618,0.0,0.0,0.0014821618,0.0014821618,-0.0,-0.0,-0.0,-0.0,0.0014821618,0.0014821618,0.0014821618,0.0014821618,Uniaxial,0.35350000858306885
2.8191262987861033e-29,85636.7109375,18993.564453125,0.0,0.29111164808273315,0.0,-0.00266625,0.001495024,0.001495024,-2.2234615e-21,1.1646703e-21,-9.529121e-21,-0.001462832,0.0012543404,0.0012543404,-1.0273517e-22,-6.7780994e-22,-3.8477623e-21,7891507.5,-7891507.5,-7891507.5,7891507.5,7891507.5,-7891507.5,-7891507.5,7891507.5,-4.3285694e-10,-4.5232532e-10,0.0,0.0,-4.9936066e-10,-5.1882904e-10,0.0,0.0,-4.6155893e-10,-4.3967138e-10,-4.9435606e-10,-5.162436e-10,0.0,0.0,0.0,0.0,-31566030.0,1.903372e-09,1.91183e-09,-2.3178048e-11,2.0137014e-11,-6.2093254e-11,-2.2e-44,-0.00266625,-0.00266625,-2.2e-44,-2.2e-44,-0.00266625,-0.00266625,-2.2e-44,-3e-45,-3e-45,0.001495024,0.001495024,-3e-45,-3e-45,0.001495024,0.001495024,-3e-45,-3e-45,-3e-45,-3e-45,0.001495024,0.001495024,0.001495024,0.001495024,Uniaxial,0.3555000126361847
3.523908023945906e-29,86107.6015625,18784.484375,0.0,0.2989155054092407,0.0,-0.00268125,0.0015078861,0.0015078861,-1.799945e-21,2.0117032e-21,-1.12231866e-20,-0.001477832,0.0012672024,0.0012672024,-1.3490358e-22,-6.2697655e-22,-3.9872206e-21,7804638.0,-7804638.0,-7804638.0,7804638.0,7804638.0,-7804638.0,-7804638.0,7804638.0,-7.6041073e-10,-7.772888e-10,0.0,0.0,-8.3497453e-10,-8.518526e-10,0.0,0.0,5.173188e-10,5.4733823e-10,4.7671406e-10,4.4669465e-10,0.0,0.0,0.0,0.0,-31218552.0,3.2245266e-09,-1.9880657e-09,-1.7997413e-11,2.8521458e-11,-7.8213463e-11,3e-45,-0.00268125,-0.00268125,3e-45,3e-45,-0.00268125,-0.00268125,3e-45,1e-45,1e-45,0.0015078861,0.0015078861,1e-45,1e-45,0.0015078861,0.0015078861,-0.0,-0.0,-0.0,-0.0,0.0015078861,0.0015078861,0.0015078861,0.0015078861,Uniaxial,0.35749998688697815
3.075410699265374e-29,86573.2734375,18575.404296875,0.0,0.3067193329334259,0.0,-0.00269625,0.0015207481,0.0015207481,-1.3764285e-21,3.2822527e-21,-1.0376154e-20,-0.001492832,0.0012800646,0.0012800646,-1.5844612e-22,-5.530937e-22,-4.1082442e-21,7717769.0,-7717769.0,-7717769.0,7717769.0,7717769.0,-7717769.0,-7717769.0,7717769.0,-7.2625106e-10,-7.445794e-10,0.0,0.0,-7.9520596e-10,-8.135343e-10,0.0,0.0,-7.590698e-10,-7.2281375e-10,-7.799496e-10,-8.162057e-10,0.0,0.0,0.0,0.0,-30871076.0,3.0795706e-09,3.078039e-09,-1.3018623e-11,4.0994784e-11,-6.699567e-11,-8e-45,-0.00269625,-0.00269625,-8e-45,-8e-45,-0.00269625,-0.00269625,-8e-45,-1e-45,-1e-45,0.0015207481,0.0015207481,-1e-45,-1e-45,0.0015207481,0.0015207481,0.0,0.0,0.0,0.0,0.0015207481,0.0015207481,0.0015207481,0.0015207481,Uniaxial,0.359499990940094
3.310337740367606e-29,87033.734375,18366.32421875,0.0,0.3145231604576111,0.0,-0.00271125,0.0015336103,0.0015336103,-2.2234615e-21,3.2822527e-21,-8.258571e-21,-0.001507832,0.0012929267,0.0012929267,-1.9745794e-22,-4.8048995e-22,-4.187011e-21,7630899.5,-7630899.5,-7630899.5,7630899.5,7630899.5,-7630899.5,-7630899.5,7630899.5,-7.5078654e-10,-7.7331136e-10,0.0,0.0,-8.0381884e-10,-8.263436e-10,0.0,0.0,-7.8380774e-10,-7.48166e-10,-8.011983e-10,-8.3684e-10,0.0,0.0,0.0,0.0,-30523598.0,3.1542604e-09,3.170012e-09,-2.1411555e-11,3.9766055e-11,-4.3029753e-11,4e-45,-0.00271125,-0.00271125,4e-45,4e-45,-0.00271125,-0.00271125,4e-45,0.0,0.0,0.0015336103,0.0015336103,0.0,0.0,0.0015336103,0.0015336103,0.0,0.0,0.0,0.0,0.0015336103,0.0015336103,0.0015336103,0.0015336103,Uniaxial,0.36149999499320984
2.9899824654634326e-29,87488.9765625,18157.244140625,0.0,0.32232698798179626,0.0,-0.00272625,0.0015464724,0.0015464724,-2.646978e-21,2.8587362e-21,-8.258571e-21,-0.001522832,0.0013057888,0.0013057888,-2.4378786e-22,-4.1723744e-22,-4.2640878e-21,7544030.5,-7544030.5,-7544030.5,7544030.5,7544030.5,-7544030.5,-7544030.5,7544030.5,5.380635e-10,5.097504e-10,0.0,0.0,4.856788e-10,4.5736573e-10,0.0,0.0,5.074707e-10,5.3640353e-10,4.879585e-10,4.5902568e-10,0.0,0.0,0.0,0.0,-30176122.0,-1.9908584e-09,-1.9908584e-09,-2.5108676e-11,3.4227572e-11,-4.1734602e-11,-7e-45,-0.00272625,-0.00272625,-7e-45,-7e-45,-0.00272625,-0.00272625,-7e-45,0.0,0.0,0.0015464724,0.0015464724,0.0,0.0,0.0015464724,0.0015464724,-1e-45,-1e-45,-1e-45,-1e-45,0.0015464724,0.0015464724,0.0015464724,0.0015464724,Uniaxial,0.3634999990463257
3.054053640814889e-29,87939.34375,17974.4765625,0.0,0.32914379239082336,0.0,-0.00274125,0.0015593345,0.0015593345,-3.9175274e-21,2.0117032e-21,-9.105604e-21,-0.001537832,0.0013186509,0.0013186509,-3.1321307e-22,-3.7117685e-22,-4.3556597e-21,7468093.5,-7468093.5,-7468093.5,7468093.5,7468093.5,-7468093.5,-7468093.5,7468093.5,-4.062891e-10,-4.44627e-10,0.0,0.0,-4.623706e-10,-5.007085e-10,0.0,0.0,1.1166448e-09,1.1447264e-09,1.0965242e-09,1.0684427e-09,0.0,0.0,0.0,0.0,-29872374.0,1.8139952e-09,-4.426338e-09,-3.7279034e-11,2.4645872e-11,-4.9128167e-11,4e-45,-0.00274125,-0.00274125,4e-45,4e-45,-0.00274125,-0.00274125,4e-45,0.0,0.0,0.0015593345,0.0015593345,0.0,0.0,0.0015593345,0.0015593345,0.0,0.0,0.0,0.0,0.0015593345,0.0015593345,0.0015593345,0.0015593345,Uniaxial,0.36550000309944153
3.417123032620033e-29,88385.1796875,17794.32421875,0.0,0.33586743474006653,0.0,-0.00275625,0.0015721966,0.0015721966,-5.188077e-21,2.4352197e-21,-8.682088e-21,-0.001552832,0.0013315129,0.0013315129,-4.0537553e-22,-3.1809035e-22,-4.4376e-21,7393243.0,-7393243.0,-7393243.0,7393243.0,7393243.0,-7393243.0,-7393243.0,7393243.0,2.3479427e-10,1.9454997e-10,0.0,0.0,1.8154672e-10,1.4130244e-10,0.0,0.0,2.0091875e-10,2.3077333e-10,1.775258e-10,1.4767122e-10,0.0,0.0,0.0,0.0,-29572972.0,-7.521934e-10,-7.568891e-10,-4.897117e-11,2.8191772e-11,-4.346028e-11,-4e-45,-0.00275625,-0.00275625,-4e-45,-4e-45,-0.00275625,-0.00275625,-4e-45,-1e-45,-1e-45,0.0015721966,0.0015721966,-1e-45,-1e-45,0.0015721966,0.0015721966,1e-45,1e-45,1e-45,1e-45,0.0015721966,0.0015721966,0.0015721966,0.0015721966,Uniaxial,0.3675000071525574
4.1005473984027964e-29,88826.53125,17614.18359375,0.0,0.3425911068916321,0.0,-0.00277125,0.0015850586,0.0015850586,-3.9175274e-21,3.2822527e-21,-1.12231866e-20,-0.001567832,0.0013443751,0.0013443751,-4.7198076e-22,-2.5001468e-22,-4.565814e-21,7318398.0,-7318398.0,-7318398.0,7318398.0,7318398.0,-7318398.0,-7318398.0,7318398.0,2.2470616e-10,1.8754649e-10,0.0,0.0,1.6339029e-10,1.2623062e-10,0.0,0.0,1.9331778e-10,2.2697726e-10,1.5384237e-10,1.2018289e-10,0.0,0.0,0.0,0.0,-29273592.0,-7.0187356e-10,-6.9432027e-10,-3.4922586e-11,3.580155e-11,-6.747628e-11,6e-45,-0.00277125,-0.00277125,6e-45,6e-45,-0.00277125,-0.00277125,6e-45,0.0,0.0,0.0015850586,0.0015850586,0.0,0.0,0.0015850586,0.0015850586,0.0,0.0,0.0,0.0,0.0015850586,0.0015850586,0.0015850586,0.0015850586,Uniaxial,0.3695000112056732
4.271403565080126e-29,89263.390625,17434.044921875,0.0,0.34931474924087524,0.0,-0.00278625,0.0015979208,0.0015979208,-4.341044e-21,3.2822527e-21,-1.12231866e-20,-0.001582832,0.0013572372,0.0013572372,-5.4518407e-22,-1.8314813e-22,-4.691839e-21,7243553.0,-7243553.0,-7243553.0,7243553.0,7243553.0,-7243553.0,-7243553.0,7243553.0,-6.810845e-10,-7.1982276e-10,0.0,0.0,-7.5324225e-10,-7.919805e-10,0.0,0.0,4.868889e-10,5.200299e-10,4.5969123e-10,4.2655024e-10,0.0,0.0,0.0,0.0,-28974212.0,2.94613e-09,-1.8931603e-09,-3.8079748e-11,3.476461e-11,-6.552193e-11,-0.0,-0.00278625,-0.00278625,-0.0,-0.0,-0.00278625,-0.00278625,-0.0,1e-45,1e-45,0.0015979208,0.0015979208,1e-45,1e-45,0.0015979208,0.0015979208,-1e-45,-1e-45,-1e-45,-1e-45,0.0015979208,0.0015979208,0.0015979208,0.0015979208,Uniaxial,0.3714999854564667
3.8656203573005647e-29,89695.7578125,17253.904296875,0.0,0.3560383915901184,0.0,-0.00280125,0.0016107829,0.0016107829,-4.7645603e-21,2.4352197e-21,-1.4187802e-20,-0.001597832,0.0013700993,0.0013700993,-6.250181e-22,-1.3350182e-22,-4.871321e-21,7168708.0,-7168708.0,-7168708.0,7168708.0,7168708.0,-7168708.0,-7168708.0,7168708.0,-3.6345746e-10,-4.0370504e-10,0.0,0.0,-4.4516274e-10,-4.854103e-10,0.0,0.0,-4.010646e-10,-3.7255443e-10,-4.4638038e-10,-4.748905e-10,0.0,0.0,0.0,0.0,-28674832.0,1.6977356e-09,1.6948899e-09,-4.109845e-11,2.5502935e-11,-9.249644e-11,-1e-45,-0.00280125,-0.00280125,-1e-45,-1e-45,-0.00280125,-0.00280125,-1e-45,-1e-45,-1e-45,0.0016107829,0.0016107829,-1e-45,-1e-45,0.0016107829,0.0016107829,1e-45,1e-45,1e-45,1e-45,0.0016107829,0.0016107829,0.0016107829,0.0016107829,Uniaxial,0.3734999895095825
3.417123032620033e-29,90123.6328125,17073.763671875,0.0,0.3627620339393616,0.0,-0.00281625,0.001623645,0.001623645,-4.7645603e-21,2.8587362e-21,-1.2493736e-20,-0.001612832,0.0013829614,0.0013829614,-7.0338075e-22,-7.689729e-23,-5.0157744e-21,7093863.0,-7093863.0,-7093863.0,7093863.0,7093863.0,-7093863.0,-7093863.0,7093863.0,-4.953596e-11,-8.5244395e-11,0.0,0.0,-1.1778736e-10,-1.534958e-10,0.0,0.0,-8.1423895e-11,-5.124448e-11,-1.1949589e-10,-1.496753e-10,0.0,0.0,0.0,0.0,-28375452.0,4.0606352e-10,4.0183956e-10,-3.989948e-11,2.8841434e-11,-7.346801e-11,-1.1e-44,-0.00281625,-0.00281625,-1.1e-44,-1.1e-44,-0.00281625,-0.00281625,-1.1e-44,-0.0,-0.0,0.001623645,0.001623645,-0.0,-0.0,0.001623645,0.001623645,-1e-45,-1e-45,-1e-45,-1e-45,0.001623645,0.001623645,0.001623645,0.001623645,Uniaxial,0.37549999356269836
3.417123032620033e-29,90547.0234375,16893.625,0.0,0.3694857060909271,0.0,-0.00283125,0.0016365071,0.0016365071,-3.494011e-21,3.2822527e-21,-1.12231866e-20,-0.001627832,0.0013958236,0.0013958236,-7.5632793e-22,-1.3347596e-23,-5.133403e-21,7019017.5,-7019017.5,-7019017.5,7019017.5,7019017.5,-7019017.5,-7019017.5,7019017.5,7.970339e-10,7.6796874e-10,0.0,0.0,7.359172e-10,7.0685213e-10,0.0,0.0,7.6842394e-10,8.002008e-10,7.390842e-10,7.073073e-10,0.0,0.0,0.0,0.0,-28076070.0,-3.007772e-09,-3.0150162e-09,-2.6612872e-11,3.2036356e-11,-5.9198466e-11,1.1e-44,-0.00283125,-0.00283125,1.1e-44,1.1e-44,-0.00283125,-0.00283125,1.1e-44,1e-45,1e-45,0.0016365071,0.0016365071,1e-45,1e-45,0.0016365071,0.0016365071,1e-45,1e-45,1e-45,1e-45,0.0016365071,0.0016365071,0.0016365071,0.0016365071,Uniaxial,0.3774999976158142
3.417123032620033e-29,90965.9140625,16713.484375,0.0,0.3762093484401703,0.0,-0.00284625,0.0016493693,0.0016493693,-3.494011e-21,2.8587362e-21,-7.835055e-21,-0.001642832,0.0014086856,0.0014086856,-8.0815374e-22,4.1061554e-23,-5.184866e-21,6944172.5,-6944172.5,-6944172.5,6944172.5,6944172.5,-6944172.5,-6944172.5,6944172.5,1.3529976e-09,1.3243235e-09,0.0,0.0,1.3087363e-09,1.2800624e-09,0.0,0.0,1.6639197e-10,1.9569986e-10,1.5143865e-10,1.2213075e-10,0.0,0.0,0.0,0.0,-27776690.0,-5.26612e-09,-6.3566125e-10,-2.583067e-11,2.7098396e-11,-2.5487638e-11,-0.0,-0.00284625,-0.00284625,-0.0,-0.0,-0.00284625,-0.00284625,-0.0,-1e-45,-1e-45,0.0016493693,0.0016493693,-1e-45,-1e-45,0.0016493693,0.0016493693,1e-45,1e-45,1e-45,1e-45,0.0016493693,0.0016493693,0.0016493693,0.0016493693,Uniaxial,0.37950000166893005
3.417123032620033e-29,91380.3203125,16533.34375,0.0,0.38293299078941345,0.0,-0.00286125,0.0016622313,0.0016622313,-4.341044e-21,3.2822527e-21,-1.3340769e-20,-0.001657832,0.0014215477,0.0014215477,-8.749527e-22,1.02378646e-22,-5.338743e-21,6869327.5,-6869327.5,-6869327.5,6869327.5,6869327.5,-6869327.5,-6869327.5,6869327.5,8.061131e-10,7.7386686e-10,0.0,0.0,7.3653156e-10,7.042853e-10,0.0,0.0,7.7420675e-10,8.050915e-10,7.3550993e-10,7.0462514e-10,0.0,0.0,0.0,0.0,-27477310.0,-3.0207967e-09,-3.0194334e-09,-3.2975126e-11,3.025216e-11,-7.6128354e-11,-7e-45,-0.00286125,-0.00286125,-7e-45,-7e-45,-0.00286125,-0.00286125,-7e-45,-1e-45,-1e-45,0.0016622313,0.0016622313,-0.0,-0.0,0.0016622313,0.0016622313,-1e-45,-1e-45,-0.0,-0.0,0.0016622313,0.0016622313,0.0016622313,0.0016622313,Uniaxial,0.3815000057220459
3.417123032620033e-29,91790.234375,16353.205078125,0.0,0.3896566331386566,0.0,-0.00287625,0.0016750934,0.0016750934,-4.7645603e-21,4.1292856e-21,-1.5034835e-20,-0.001672832,0.0014344099,0.0014344099,-9.485439e-22,1.7852931e-22,-5.5221305e-21,6794482.5,-6794482.5,-6794482.5,6794482.5,6794482.5,-6794482.5,-6794482.5,6794482.5,-6.4079897e-10,-6.74512e-10,0.0,0.0,-7.1707357e-10,-7.507866e-10,0.0,0.0,-6.7482897e-10,-6.40482e-10,-7.167566e-10,-7.5110357e-10,0.0,0.0,0.0,0.0,-27177930.0,2.7831712e-09,2.7831712e-09,-3.590863e-11,3.7176533e-11,-8.951434e-11,8e-45,-0.00287625,-0.00287625,8e-45,8e-45,-0.00287625,-0.00287625,8e-45,1e-45,1e-45,0.0016750934,0.0016750934,1e-45,1e-45,0.0016750934,0.0016750934,0.0,0.0,0.0,0.0,0.0016750934,0.0016750934,0.0016750934,0.0016750934,Uniaxial,0.38350000977516174
3.417123032620033e-29,92195.6640625,16173.0654296875,0.0,0.39638030529022217,0.0,-0.00289125,0.0016879556,0.0016879556,-4.7645603e-21,4.1292856e-21,-1.5034835e-20,-0.001687832,0.0014472719,0.0014472719,-1.0207822e-21,2.5331798e-22,-5.7022083e-21,6719637.5,-6719637.5,-6719637.5,6719637.5,6719637.5,-6719637.5,-6719637.5,6719637.5,7.603281e-10,7.2714895e-10,0.0,0.0,6.8538447e-10,6.5220535e-10,0.0,0.0,7.268414e-10,7.606356e-10,6.85692e-10,6.518978e-10,0.0,0.0,0.0,0.0,-26878550.0,-2.8250668e-09,-2.8250668e-09,-3.4840807e-11,3.6071004e-11,-8.685243e-11,4e-45,-0.00289125,-0.00289125,4e-45,4e-45,-0.00289125,-0.00289125,4e-45,0.0,0.0,0.0016879556,0.0016879556,0.0,0.0,0.0016879556,0.0016879556,0.0,0.0,0.0,0.0,0.0016879556,0.0016879556,0.0016879556,0.0016879556,Uniaxial,0.3855000138282776
3.417123032620033e-29,92596.59375,15992.9248046875,0.0,0.40310394763946533,0.0,-0.00290625,0.0017008176,0.0017008176,-4.7645603e-21,3.705769e-21,-1.3340769e-20,-0.0017028319,0.001460134,0.001460134,-1.091653e-21,3.1871387e-22,-5.846968e-21,6644792.0,-6644792.0,-6644792.0,6644792.0,6644792.0,-6644792.0,-6644792.0,6644792.0,-6.653257e-11,-9.919154e-11,0.0,0.0,-1.3253143e-10,-1.651904e-10,0.0,0.0,-9.88636e-11,-6.7519934e-11,-1.3351881e-10,-1.6486247e-10,0.0,0.0,0.0,0.0,-26579168.0,4.6344595e-10,4.647648e-10,-3.380054e-11,3.1169938e-11,-6.896294e-11,-4e-45,-0.00290625,-0.00290625,-4e-45,-4e-45,-0.00290625,-0.00290625,-4e-45,-0.0,-0.0,0.0017008176,0.0017008176,-0.0,-0.0,0.0017008176,0.0017008176,-0.0,-0.0,-0.0,-0.0,0.0017008176,0.0017008176,0.0017008176,0.0017008176,Uniaxial,0.38749998807907104
3.417123032620033e-29,92993.0390625,15812.78515625,0.0,0.4098275899887085,0.0,-0.00292125,0.0017136798,0.0017136798,-4.7645603e-21,4.1292856e-21,-1.079967e-20,-0.001717832,0.0014729961,0.0014729961,-1.1611824e-21,3.9080952e-22,-5.9409646e-21,6569947.0,-6569947.0,-6569947.0,6569947.0,6569947.0,-6569947.0,-6569947.0,6569947.0,-7.434246e-11,-1.0649475e-10,0.0,0.0,-1.2796457e-10,-1.6011685e-10,0.0,0.0,7.173263e-10,7.5009327e-10,6.9647116e-10,6.6370426e-10,0.0,0.0,0.0,0.0,-26279788.0,4.689186e-10,-2.827595e-09,-3.278717e-11,3.401643e-11,-4.4209407e-11,-4e-45,-0.00292125,-0.00292125,-4e-45,-4e-45,-0.00292125,-0.00292125,-4e-45,0.0,0.0,0.0017136798,0.0017136798,0.0,0.0,0.0017136798,0.0017136798,-1e-45,-1e-45,-1e-45,-1e-45,0.0017136798,0.0017136798,0.0017136798,0.0017136798,Uniaxial,0.3894999921321869
3.417123032620033e-29,93384.984375,15632.6455078125,0.0,0.41655123233795166,0.0,-0.00293625,0.0017265418,0.0017265418,-4.7645603e-21,4.1292856e-21,-1.12231866e-20,-0.001732832,0.0014858582,0.0014858582,-1.2293955e-21,4.6157986e-22,-6.0409202e-21,6495102.0,-6495102.0,-6495102.0,6495102.0,6495102.0,-6495102.0,-6495102.0,6495102.0,-8.972539e-10,-9.289126e-10,0.0,0.0,-9.520794e-10,-9.837382e-10,0.0,0.0,1.5721661e-10,1.8947147e-10,1.346459e-10,1.02391054e-10,0.0,0.0,0.0,0.0,-25980408.0,3.761984e-09,-5.83725e-10,-3.1800056e-11,3.299231e-11,-4.661632e-11,6e-45,-0.00293625,-0.00293625,6e-45,6e-45,-0.00293625,-0.00293625,6e-45,0.0,0.0,0.0017265418,0.0017265418,0.0,0.0,0.0017265418,0.0017265418,1e-45,1e-45,1e-45,1e-45,0.0017265418,0.0017265418,0.0017265418,0.0017265418,Uniaxial,0.39149999618530273
3.417123032620033e-29,93772.4453125,15452.505859375,0.0,0.4232749044895172,0.0,-0.00295125,0.0017394039,0.0017394039,-4.7645603e-21,4.1292856e-21,-1.3340769e-20,-0.001747832,0.0014987204,0.0014987204,-1.2963172e-21,5.310107e-22,-6.178909e-21,6420257.0,-6420257.0,-6420257.0,6420257.0,6420257.0,-6420257.0,-6420257.0,6420257.0,-3.1851705e-10,-3.4969502e-10,0.0,0.0,-3.8187498e-10,-4.1305295e-10,0.0,0.0,-3.5164063e-10,-3.1988456e-10,-3.832425e-10,-4.149986e-10,0.0,0.0,0.0,0.0,-25681028.0,1.4631399e-09,1.4697663e-09,-3.0838568e-11,3.199477e-11,-6.368109e-11,-1e-44,-0.00295125,-0.00295125,-1e-44,-1e-44,-0.00295125,-0.00295125,-1e-44,-1e-45,-1e-45,0.0017394039,0.0017394039,-1e-45,-1e-45,0.0017394039,0.0017394039,0.0,0.0,0.0,0.0,0.0017394039,0.0017394039,0.0017394039,0.0017394039,Uniaxial,0.3935000002384186
3.417123032620033e-29,94155.4140625,15272.365234375,0.0,0.4299985468387604,0.0,-0.00296625,0.0017522661,0.0017522661,-5.188077e-21,4.1292856e-21,-1.3340769e-20,-0.001762832,0.0015115824,0.0015115824,-1.3699496e-21,5.991272e-22,-6.3144843e-21,6345412.0,-6345412.0,-6345412.0,6345412.0,6345412.0,-6345412.0,-6345412.0,6345412.0,1.2726417e-09,1.240106e-09,0.0,0.0,1.2102506e-09,1.177715e-09,0.0,0.0,1.806723e-10,2.1194259e-10,1.4955155e-10,1.1828126e-10,0.0,0.0,0.0,0.0,-25381648.0,-4.900713e-09,-6.604477e-10,-3.3553858e-11,3.1023177e-11,-6.1747274e-11,1e-45,-0.00296625,-0.00296625,1e-45,1e-45,-0.00296625,-0.00296625,1e-45,0.0,0.0,0.0017522661,0.0017522661,0.0,0.0,0.0017522661,0.0017522661,-0.0,-0.0,-0.0,-0.0,0.0017522661,0.0017522661,0.0017522661,0.0017522661,Uniaxial,0.3955000042915344
3.417123032620033e-29,94533.8984375,15092.2255859375,0.0,0.43672218918800354,0.0,-0.00298125,0.0017651281,0.0017651281,-5.188077e-21,4.552802e-21,-1.4187802e-20,-0.001777832,0.0015244446,0.0015244446,-1.4422278e-21,6.739316e-22,-6.4634488e-21,6270566.5,-6270566.5,-6270566.5,6270566.5,6270566.5,-6270566.5,-6270566.5,6270566.5,7.3206413e-10,7.0004025e-10,0.0,0.0,6.670061e-10,6.3498223e-10,0.0,0.0,-8.688517e-11,-5.428367e-11,-1.1934169e-10,-1.519432e-10,0.0,0.0,0.0,0.0,-25082266.0,-2.7340927e-09,4.124537e-10,-3.253039e-11,3.3685603e-11,-6.708125e-11,-1e-45,-0.00298125,-0.00298125,-1e-45,-1e-45,-0.00298125,-0.00298125,-1e-45,0.0,0.0,0.0017651281,0.0017651281,0.0,0.0,0.0017651281,0.0017651281,-0.0,-0.0,-0.0,-0.0,0.0017651281,0.0017651281,0.0017651281,0.0017651281,Uniaxial,0.39750000834465027
3.417123032620033e-29,94907.8828125,14912.0859375,0.0,0.4434458315372467,0.0,-0.00299625,0.0017779903,0.0017779903,-5.188077e-21,4.552802e-21,-1.2493736e-20,-0.001792832,0.0015373067,0.0015373067,-1.5131379e-21,7.473597e-22,-6.5777633e-21,6195721.5,-6195721.5,-6195721.5,6195721.5,6195721.5,-6195721.5,-6195721.5,6195721.5,9.706868e-10,9.391612e-10,0.0,0.0,9.1378766e-10,8.8226215e-10,0.0,0.0,-9.593191e-11,-6.384648e-11,-1.2074555e-10,-1.5283098e-10,0.0,0.0,0.0,0.0,-24782886.0,-3.7058978e-09,4.333549e-10,-3.153365e-11,3.2653467e-11,-5.0763352e-11,7e-45,-0.00299625,-0.00299625,7e-45,7e-45,-0.00299625,-0.00299625,7e-45,0.0,0.0,0.0017779903,0.0017779903,0.0,0.0,0.0017779903,0.0017779903,0.0,0.0,0.0,0.0,0.0017779903,0.0017779903,0.0017779903,0.0017779903,Uniaxial,0.3995000123977661
3.417123032620033e-29,95277.3828125,14731.9462890625,0.0,0.45016950368881226,0.0,-0.00301125,0.0017908524,0.0017908524,-5.188077e-21,4.552802e-21,-1.4187802e-20,-0.001807832,0.0015501687,0.0015501687,-1.5827057e-21,8.1939793e-22,-6.721665e-21,6120876.5,-6120876.5,-6120876.5,6120876.5,6120876.5,-6120876.5,-6120876.5,6120876.5,-8.3800626e-11,-1.1484082e-10,0.0,0.0,-1.4696351e-10,-1.7800371e-10,0.0,0.0,-1.1541587e-10,-8.3833e-11,-1.4699589e-10,-1.7857876e-10,0.0,0.0,0.0,0.0,-24483506.0,5.2360866e-10,5.248235e-10,-3.056299e-11,3.1648337e-11,-6.329098e-11,1e-44,-0.00301125,-0.00301125,1e-44,1e-44,-0.00301125,-0.00301125,1e-44,1e-45,1e-45,0.0017908524,0.0017908524,1e-45,1e-45,0.0017908524,0.0017908524,0.0,0.0,0.0,0.0,0.0017908524,0.0017908524,0.0017908524,0.0017908524,Uniaxial,0.40149998664855957
3.417123032620033e-29,95642.390625,14551.806640625,0.0,0.4568931460380554,0.0,-0.00302625,0.0018037144,0.0018037144,-5.6115933e-21,4.552802e-21,-1.4187802e-20,-0.001822832,0.0015630309,0.0015630309,-1.6589339e-21,8.900725e-22,-6.8630004e-21,6046031.5,-6046031.5,-6046031.5,6046031.5,6046031.5,-6046031.5,-6046031.5,6046031.5,-1.0811274e-09,-1.1134348e-09,0.0,0.0,-1.1433117e-09,-1.1756189e-09,0.0,0.0,-1.1131278e-09,-1.0820344e-09,-1.1442186e-09,-1.1753121e-09,0.0,0.0,0.0,0.0,-24184126.0,4.5134927e-09,4.514693e-09,-3.309726e-11,3.0669557e-11,-6.1333605e-11,-7e-45,-0.00302625,-0.00302625,-7e-45,-7e-45,-0.00302625,-0.00302625,-7e-45,-1e-45,-1e-45,0.0018037144,0.0018037144,-1e-45,-1e-45,0.0018037144,0.0018037144,-0.0,-0.0,-0.0,-0.0,0.0018037144,0.0018037144,0.0018037144,0.0018037144,Uniaxial,0.4034999907016754
3.417123032620033e-29,96002.90625,14371.666015625,0.0,0.4636167883872986,0.0,-0.00304125,0.0018165766,0.0018165766,-6.0351097e-21,4.552802e-21,-1.4187802e-20,-0.001837832,0.001575893,0.001575893,-1.7417362e-21,9.59409e-22,-7.0016614e-21,5971186.5,-5971186.5,-5971186.5,5971186.5,5971186.5,-5971186.5,-5971186.5,5971186.5,-3.1742065e-10,-3.5093192e-10,0.0,0.0,-3.7865186e-10,-4.1216314e-10,0.0,0.0,-3.5001807e-10,-3.1940112e-10,-3.8063236e-10,-4.1124928e-10,0.0,0.0,0.0,0.0,-23884746.0,1.4591676e-09,1.4613009e-09,-3.5505165e-11,2.9716497e-11,-5.942765e-11,1e-45,-0.00304125,-0.00304125,1e-45,1e-45,-0.00304125,-0.00304125,1e-45,0.0,0.0,0.0018165766,0.0018165766,0.0,0.0,0.0018165766,0.0018165766,0.0,0.0,0.0,0.0,0.0018165766,0.0018165766,0.0018165766,0.0018165766,Uniaxial,0.40549999475479126
3.417123032620033e-29,96358.9296875,14191.5263671875,0.0,0.47034043073654175,0.0,-0.00305625,0.0018294387,0.0018294387,-5.6115933e-21,5.8233515e-21,-1.5034835e-20,-0.001852832,0.001588755,0.001588755,-1.8150336e-21,1.0513654e-21,-7.153652e-21,5896341.5,-5896341.5,-5896341.5,5896341.5,5896341.5,-5896341.5,-5896341.5,5896341.5,-5.8082924e-11,-8.934317e-11,0.0,0.0,-1.217796e-10,-1.5303984e-10,0.0,0.0,-9.133453e-11,-5.609157e-11,-1.1978823e-10,-1.550312e-10,0.0,0.0,0.0,0.0,-23585366.0,4.2224554e-10,4.2224554e-10,-3.10031e-11,3.896853e-11,-6.435855e-11,-6e-45,-0.00305625,-0.00305625,-6e-45,-6e-45,-0.00305625,-0.00305625,-6e-45,-0.0,-0.0,0.0018294387,0.0018294387,-0.0,-0.0,0.0018294387,0.0018294387,-0.0,-0.0,-0.0,-0.0,0.0018294387,0.0018294387,0.0018294387,0.0018294387,Uniaxial,0.4074999988079071
3.417123032620033e-29,96710.46875,14011.38671875,0.0,0.4770641028881073,0.0,-0.00307125,0.0018423008,0.0018423008,-5.6115933e-21,6.246868e-21,-1.5881868e-20,-0.001867832,0.0016016172,0.0016016172,-1.8869038e-21,1.1496775e-21,-7.3187995e-21,5821496.0,-5821496.0,-5821496.0,5821496.0,5821496.0,-5821496.0,-5821496.0,5821496.0,1.1902772e-09,1.1595035e-09,0.0,0.0,1.1242403e-09,1.0934664e-09,0.0,0.0,4.29209e-10,4.655156e-10,3.9947856e-10,3.6317196e-10,0.0,0.0,0.0,0.0,-23285984.0,-4.5674873e-09,-1.6573751e-09,-3.003011e-11,4.1095828e-11,-6.903928e-11,-8e-45,-0.00307125,-0.00307125,-8e-45,-8e-45,-0.00307125,-0.00307125,-8e-45,-1e-45,-1e-45,0.0018423008,0.0018423008,-1e-45,-1e-45,0.0018423008,0.0018423008,-1e-45,-1e-45,-1e-45,-1e-45,0.0018423008,0.0018423008,0.0018423008,0.0018423008,Uniaxial,0.40950000286102295
3.417123032620033e-29,97057.515625,13831.2470703125,0.0,0.48378774523735046,0.0,-0.00308625,0.0018551629,0.0018551629,-6.0351097e-21,6.246868e-21,-1.5881868e-20,-0.001882832,0.0016144792,0.0016144792,-1.9653908e-21,1.2461687e-21,-7.480901e-21,5746651.0,-5746651.0,-5746651.0,5746651.0,5746651.0,-5746651.0,-5746651.0,5746651.0,6.646564e-10,6.3270267e-10,0.0,0.0,5.997082e-10,5.677545e-10,0.0,0.0,6.293675e-10,6.65026e-10,6.000778e-10,5.6441934e-10,0.0,0.0,0.0,0.0,-22986604.0,-2.4648217e-09,-2.4588906e-09,-3.2390042e-11,3.9799518e-11,-6.686154e-11,1e-44,-0.00308625,-0.00308625,1e-44,1e-44,-0.00308625,-0.00308625,1e-44,1e-45,1e-45,0.0018551629,0.0018551629,1e-45,1e-45,0.0018551629,0.0018551629,1e-45,1e-45,1e-45,1e-45,0.0018551629,0.0018551629,0.0018551629,0.0018551629,Uniaxial,0.4115000069141388
2.71234130746023e-29,97400.0703125,13651.1064453125,0.0,0.49051138758659363,0.0,-0.00310125,0.001868025,0.001868025,-6.0351097e-21,5.8233515e-21,-1.3340769e-20,-0.001897832,0.0016273414,0.0016273414,-2.0424317e-21,1.3328562e-21,-7.59207e-21,5671806.0,-5671806.0,-5671806.0,5671806.0,5671806.0,-5671806.0,-5671806.0,5671806.0,9.194927e-10,8.8805246e-10,0.0,0.0,8.653969e-10,8.339567e-10,0.0,0.0,8.8302243e-10,9.1247815e-10,8.6626173e-10,8.3680596e-10,0.0,0.0,0.0,0.0,-22687224.0,-3.5068988e-09,-3.4985683e-09,-3.1363023e-11,3.5273444e-11,-4.5156805e-11,-6e-45,-0.00310125,-0.00310125,-6e-45,-6e-45,-0.00310125,-0.00310125,-6e-45,-0.0,-0.0,0.001868025,0.001868025,-0.0,-0.0,0.001868025,0.001868025,-0.0,-0.0,-0.0,-0.0,0.001868025,0.001868025,0.001868025,0.001868025,Uniaxial,0.41350001096725464
2.9899824654634326e-29,97738.1328125,13470.966796875,0.0,0.4972350299358368,0.0,-0.00311625,0.0018808871,0.0018808871,-6.0351097e-21,4.9763186e-21,-1.29172524e-20,-0.001912832,0.0016402035,0.0016402035,-2.1180143e-21,1.401908e-21,-7.692918e-21,5596961.0,-5596961.0,-5596961.0,5596961.0,5596961.0,-5596961.0,-5596961.0,5596961.0,1.333976e-09,1.3030357e-09,0.0,0.0,1.2822104e-09,1.2512702e-09,0.0,0.0,6.016219e-10,6.2729444e-10,5.7946853e-10,5.5379606e-10,0.0,0.0,0.0,0.0,-22387844.0,-5.1704925e-09,-2.362181e-09,-3.0363278e-11,2.7706965e-11,-4.0496315e-11,1.1e-44,-0.00311625,-0.00311625,1.1e-44,1.1e-44,-0.00311625,-0.00311625,1.1e-44,1e-45,1e-45,0.0018808871,0.0018808871,1e-45,1e-45,0.0018808871,0.0018808871,0.0,0.0,0.0,0.0,0.0018808871,0.0018808871,0.0018808871,0.0018808871,Uniaxial,0.4154999852180481
2.8404833572365887e-29,98071.703125,13290.8271484375,0.0,0.5039587020874023,0.0,-0.00313125,0.0018937492,0.0018937492,-6.882143e-21,4.9763186e-21,-1.4611318e-20,-0.001927832,0.0016530656,0.0016530656,-2.208121e-21,1.4695731e-21,-7.823726e-21,5522116.0,-5522116.0,-5522116.0,5522116.0,5522116.0,-5522116.0,-5522116.0,5522116.0,6.454628e-10,6.1183103e-10,0.0,0.0,5.879902e-10,5.543585e-10,0.0,0.0,6.1603267e-10,6.373215e-10,5.8378863e-10,5.6249977e-10,0.0,0.0,0.0,0.0,-22088464.0,-2.3996425e-09,-2.3996425e-09,-3.5746083e-11,2.6818964e-11,-5.1910296e-11,-4e-45,-0.00313125,-0.00313125,-4e-45,-4e-45,-0.00313125,-0.00313125,-4e-45,-0.0,-0.0,0.0018937492,0.0018937492,-0.0,-0.0,0.0018937492,0.0018937492,-0.0,-0.0,-0.0,-0.0,0.0018937492,0.0018937492,0.0018937492,0.0018937492,Uniaxial,0.41749998927116394
3.3316947988180913e-29,98400.78125,13110.6875,0.0,0.5106823444366455,0.0,-0.00314625,0.0019066113,0.0019066113,-6.882143e-21,3.2822527e-21,-1.7152417e-20,-0.001942832,0.0016659277,0.0016659277,-2.2966013e-21,1.5040473e-21,-8.000081e-21,5447270.5,-5447270.5,-5447270.5,5447270.5,5447270.5,-5447270.5,-5447270.5,5447270.5,-2.8858838e-10,-3.216441e-10,0.0,0.0,-3.5462913e-10,-3.8768486e-10,0.0,0.0,-3.121394e-10,-2.975525e-10,-3.6359327e-10,-3.7818015e-10,0.0,0.0,0.0,0.0,-21789082.0,1.3525465e-09,1.3514653e-09,-3.459408e-11,1.34150755e-11,-6.9046734e-11,6e-45,-0.00314625,-0.00314625,6e-45,6e-45,-0.00314625,-0.00314625,6e-45,0.0,0.0,0.0019066113,0.0019066113,0.0,0.0,0.0019066113,0.0019066113,1e-45,1e-45,1e-45,1e-45,0.0019066113,0.0019066113,0.0019066113,0.0019066113,Uniaxial,0.4194999933242798
3.566622140846877e-29,98725.375,12930.5478515625,0.0,0.5174059867858887,0.0,-0.00316125,0.0019194734,0.0019194734,-6.882143e-21,2.8587362e-21,-1.7575934e-20,-0.001957832,0.0016787898,0.0016787898,-2.383407e-21,1.5297326e-21,-8.181314e-21,5372425.5,-5372425.5,-5372425.5,5372425.5,5372425.5,-5372425.5,-5372425.5,5372425.5,1.7216123e-10,1.4360577e-10,0.0,0.0,1.0175378e-10,7.3198315e-11,0.0,0.0,1.4667897e-10,1.6344223e-10,9.697446e-11,8.0211206e-11,0.0,0.0,0.0,0.0,-21489702.0,-4.907191e-10,-4.8730686e-10,-3.3472884e-11,9.888463e-12,-6.990075e-11,-1e-45,-0.00316125,-0.00316125,-1e-45,-1e-45,-0.00316125,-0.00316125,-1e-45,-0.0,-0.0,0.0019194734,0.0019194734,-0.0,-0.0,0.0019194734,0.0019194734,-0.0,-0.0,-0.0,-0.0,0.0019194734,0.0019194734,0.0019194734,0.0019194734,Uniaxial,0.42149999737739563
2.7336983659107155e-29,99045.4765625,12750.4072265625,0.0,0.5241296291351318,0.0,-0.00317625,0.0019323356,0.0019323356,-5.6115933e-21,4.1292856e-21,-1.8422967e-20,-0.001972832,0.0016916519,0.0016916519,-2.4446374e-21,1.5788235e-21,-8.375112e-21,5297580.5,-5297580.5,-5297580.5,5297580.5,5297580.5,-5297580.5,-5297580.5,5297580.5,-7.1845313e-10,-7.4188994e-10,0.0,0.0,-7.868304e-10,-8.1026713e-10,0.0,0.0,-7.3939227e-10,-7.221567e-10,-7.8659423e-10,-8.038298e-10,0.0,0.0,0.0,0.0,-21190322.0,3.0574405e-09,3.051973e-09,-2.323549e-11,1.8712365e-11,-7.3719635e-11,-6e-45,-0.00317625,-0.00317625,-6e-45,-6e-45,-0.00317625,-0.00317625,-6e-45,-0.0,-0.0,0.0019323356,0.0019323356,-0.0,-0.0,0.0019323356,0.0019323356,-1e-45,-1e-45,-1e-45,-1e-45,0.0019323356,0.0019323356,0.0019323356,0.0019323356,Uniaxial,0.4235000014305115
2.92591159103853e-29,99361.0859375,12570.267578125,0.0,0.530853271484375,0.0,-0.00319125,0.0019451976,0.0019451976,-4.341044e-21,4.1292856e-21,-1.799945e-20,-0.001987832,0.001704514,0.001704514,-2.4806571e-21,1.627104e-21,-8.557343e-21,5222735.5,-5222735.5,-5222735.5,5222735.5,5222735.5,-5222735.5,-5222735.5,5222735.5,3.9548512e-10,3.808775e-10,0.0,0.0,3.3375908e-10,3.1915146e-10,0.0,0.0,3.8593742e-10,3.9892648e-10,3.293211e-10,3.1633204e-10,0.0,0.0,0.0,0.0,-20890942.0,-1.4292731e-09,-1.430517e-09,-1.3456542e-11,1.809877e-11,-6.829662e-11,-1e-45,-0.00319125,-0.00319125,-1e-45,-1e-45,-0.00319125,-0.00319125,-1e-45,-0.0,-0.0,0.0019451976,0.0019451976,-0.0,-0.0,0.0019451976,0.0019451976,0.0,0.0,0.0,0.0,0.0019451976,0.0019451976,0.0019451976,0.0019451976,Uniaxial,0.4255000054836273
2.9899824654634326e-29,99672.203125,12390.1279296875,0.0,0.5375769734382629,0.0,-0.00320625,0.0019580596,0.0019580596,-4.7645603e-21,4.552802e-21,-1.7575934e-20,-0.002002832,0.0017173762,0.0017173762,-2.5238529e-21,1.6824485e-21,-8.728108e-21,5147890.5,-5147890.5,-5147890.5,5147890.5,5147890.5,-5147890.5,-5147890.5,5147890.5,-4.9650317e-10,-5.044908e-10,0.0,0.0,-5.5956106e-10,-5.675487e-10,0.0,0.0,-5.0893967e-10,-4.908282e-10,-5.5388605e-10,-5.7199756e-10,0.0,0.0,0.0,0.0,-20591562.0,2.1281037e-09,2.1256514e-09,-1.5975214e-11,2.0464302e-11,-6.308093e-11,-0.0,-0.00320625,-0.00320625,-0.0,-0.0,-0.00320625,-0.00320625,-0.0,0.0,0.0,0.0019580596,0.0019580596,0.0,0.0,0.0019580596,0.0019580596,-0.0,-0.0,-0.0,-0.0,0.0019580596,0.0019580596,0.0019580596,0.0019580596,Uniaxial,0.42750000953674316
4.0151194655274086e-29,99979.8125,12288.654296875,0.0,0.5413497090339661,0.0,-0.00322125,0.0019709219,0.0019709219,-3.494011e-21,4.1292856e-21,-2.0117032e-20,-0.002017832,0.0017302382,0.0017302382,-2.5423378e-21,1.7288077e-21,-8.943465e-21,5105729.5,-5105729.5,-5105729.5,5105729.5,5105729.5,-5105729.5,-5105729.5,5105729.5,-2.6674642e-11,-3.7918703e-11,0.0,0.0,-1.05576374e-10,-1.1682043e-10,0.0,0.0,-4.284881e-11,-2.6482393e-11,-9.7504775e-11,-1.138712e-10,0.0,0.0,0.0,0.0,-20422918.0,2.8699015e-10,2.8070718e-10,-6.7294234e-12,1.697414e-11,-7.900997e-11,-4e-45,-0.00322125,-0.00322125,-4e-45,-4e-45,-0.00322125,-0.00322125,-4e-45,-0.0,-0.0,0.0019709219,0.0019709219,-0.0,-0.0,0.0019709219,0.0019709219,-0.0,-0.0,-0.0,-0.0,0.0019709219,0.0019709219,0.0019709219,0.0019709219,Uniaxial,0.429500013589859
5.723680831374148e-29,100285.3203125,12221.427734375,0.0,0.5438525080680847,0.0,-0.00323625,0.001983784,0.001983784,-4.341044e-21,3.705769e-21,-2.2234615e-20,-0.002032832,0.0017431004,0.0017431004,-2.5763087e-21,1.7662721e-21,-9.19487e-21,5077798.5,-5077798.5,-5077798.5,5077798.5,5077798.5,-5077798.5,-5077798.5,5077798.5,-2.4733515e-10,-2.6141972e-10,0.0,0.0,-3.4046205e-10,-3.5454661e-10,0.0,0.0,5.81624e-10,5.963231e-10,5.1107557e-10,4.963765e-10,0.0,0.0,0.0,0.0,-20311194.0,1.2037635e-09,-2.1853992e-09,-1.2410442e-11,1.3639448e-11,-9.170158e-11,3e-45,-0.00323625,-0.00323625,3e-45,3e-45,-0.00323625,-0.00323625,3e-45,-0.0,-0.0,0.001983784,0.001983784,-0.0,-0.0,0.001983784,0.001983784,0.0,0.0,0.0,0.0,0.001983784,0.001983784,0.001983784,0.001983784,Uniaxial,0.43149998784065247
4.0151194655274086e-29,100589.1484375,12154.373046875,0.0,0.5463553071022034,0.0,-0.00325125,0.001996646,0.001996646,-5.188077e-21,3.2822527e-21,-2.1811098e-20,-0.002047832,0.0017559625,0.0017559625,-2.6256702e-21,1.7950102e-21,-9.433738e-21,5049938.0,-5049938.0,-5049938.0,5049938.0,5049938.0,-5049938.0,-5049938.0,5049938.0,-4.5470275e-10,-4.715427e-10,0.0,0.0,-5.3738236e-10,-5.5422233e-10,0.0,0.0,3.6929e-10,3.8237014e-10,3.0756983e-10,2.9448968e-10,0.0,0.0,0.0,0.0,-20199752.0,2.01785e-09,-1.3537196e-09,-1.792117e-11,1.0401598e-11,-8.6565796e-11,1e-45,-0.00325125,-0.00325125,1e-45,1e-45,-0.00325125,-0.00325125,1e-45,0.0,0.0,0.001996646,0.001996646,0.0,0.0,0.001996646,0.001996646,0.0,0.0,0.0,0.0,0.001996646,0.001996646,0.001996646,0.001996646,Uniaxial,0.4334999918937683
3.5879788983708084e-29,100891.3125,12087.318359375,0.0,0.548858106136322,0.0,-0.00326625,0.0020095082,0.0020095082,-5.6115933e-21,3.705769e-21,-2.0540549e-20,-0.002062832,0.0017688245,0.0017688245,-2.6821543e-21,1.8311418e-21,-9.644113e-21,5022078.0,-5022078.0,-5022078.0,5022078.0,5022078.0,-5022078.0,-5022078.0,5022078.0,1.5613089e-10,1.3018463e-10,0.0,0.0,7.884017e-11,5.289391e-11,0.0,0.0,7.544035e-10,7.766815e-10,7.151495e-10,6.928715e-10,0.0,0.0,0.0,0.0,-20088312.0,-4.180496e-10,-2.9391058e-09,-2.0375118e-11,1.303859e-11,-7.578795e-11,8e-45,-0.00326625,-0.00326625,8e-45,8e-45,-0.00326625,-0.00326625,8e-45,1e-45,1e-45,0.0020095082,0.0020095082,1e-45,1e-45,0.0020095082,0.0020095082,1e-45,1e-45,1e-45,1e-45,0.0020095082,0.0020095082,0.0020095082,0.0020095082,Uniaxial,0.43549999594688416
4.954828231789443e-29,101191.796875,12020.263671875,0.0,0.5513609051704407,0.0,-0.00328125,0.0020223702,0.0020223702,-7.729176e-21,6.246868e-21,-1.9693516e-20,-0.002077832,0.0017816867,0.0017816867,-2.7774964e-21,1.9144934e-21,-9.834432e-21,4994218.0,-4994218.0,-4994218.0,4994218.0,4994218.0,-4994218.0,-4994218.0,4994218.0,-2.458721e-10,-2.7875546e-10,0.0,0.0,-3.1936506e-10,-3.5224845e-10,0.0,0.0,5.546189e-10,5.853605e-10,5.118675e-10,4.811259e-10,0.0,0.0,0.0,0.0,-19976872.0,1.1962411e-09,-2.132973e-09,-3.4249343e-11,2.996579e-11,-6.819245e-11,-3e-45,-0.00328125,-0.00328125,-3e-45,-3e-45,-0.00328125,-0.00328125,-3e-45,-1e-45,-1e-45,0.0020223702,0.0020223702,-1e-45,-1e-45,0.0020223702,0.0020223702,0.0,0.0,0.0,0.0,0.0020223702,0.0020223702,0.0020223702,0.0020223702,Uniaxial,0.4375
4.954828231789443e-29,101490.6171875,11953.208984375,0.0,0.5538636445999146,0.0,-0.00329625,0.0020352323,0.0020352323,-8.999725e-21,7.940934e-21,-1.7575934e-20,-0.002092832,0.0017945487,0.0017945487,-2.8951645e-21,2.028415e-21,-9.981181e-21,4966358.0,-4966358.0,-4966358.0,4966358.0,4966358.0,-4966358.0,-4966358.0,4966358.0,1.511355e-10,1.1438284e-10,0.0,0.0,8.561992e-11,4.886725e-11,0.0,0.0,-9.196531e-10,-8.835609e-10,-9.490765e-10,-9.851687e-10,0.0,0.0,0.0,0.0,-19865432.0,-4.000055e-10,3.7374592e-09,-4.1987948e-11,4.066706e-11,-5.223768e-11,4e-45,-0.00329625,-0.00329625,4e-45,4e-45,-0.00329625,-0.00329625,4e-45,0.0,0.0,0.0020352323,0.0020352323,0.0,0.0,0.0020352323,0.0020352323,0.0,0.0,0.0,0.0,0.0020352323,0.0020352323,0.0020352323,0.0020352323,Uniaxial,0.43950000405311584
7.603098363898217e-29,101787.7578125,11886.154296875,0.0,0.5563664436340332,0.0,-0.00331125,0.0020480945,0.0020480945,-9.4232415e-21,8.787967e-21,-2.1811098e-20,-0.002107832,0.0018074109,0.0018074109,-3.0187025e-21,2.156295e-21,-1.0204727e-20,4938498.0,-4938498.0,-4938498.0,4938498.0,4938498.0,-4938498.0,-4938498.0,4938498.0,-6.469033e-10,-6.9244344e-10,0.0,0.0,-7.259912e-10,-7.7153134e-10,0.0,0.0,-6.830712e-10,-6.446337e-10,-7.3948025e-10,-7.779178e-10,0.0,0.0,0.0,0.0,-19753992.0,2.8368694e-09,2.8451028e-09,-4.3804124e-11,4.5357607e-11,-7.938228e-11,-3e-45,-0.00331125,-0.00331125,-3e-45,-3e-45,-0.00331125,-0.00331125,-3e-45,-0.0,-0.0,0.0020480945,0.0020480945,-0.0,-0.0,0.0020480945,0.0020480945,-0.0,-0.0,-0.0,-0.0,0.0020480945,0.0020480945,0.0020480945,0.0020480945,Uniaxial,0.4415000081062317
7.261386030543558e-29,102083.234375,11819.099609375,0.0,0.5588692426681519,0.0,-0.00332625,0.0020609566,0.0020609566,-1.0693791e-20,9.211483e-21,-2.3505164e-20,-0.002122832,0.001820273,0.001820273,-3.1638746e-21,2.2898116e-21,-1.0456347e-20,4910637.5,-4910637.5,-4910637.5,4910637.5,4910637.5,-4910637.5,-4910637.5,4910637.5,5.997435e-10,5.426208e-10,0.0,0.0,5.2385385e-10,4.6673115e-10,0.0,0.0,-5.273024e-11,-1.3434542e-11,-1.12962216e-10,-1.5225791e-10,0.0,0.0,0.0,0.0,-19642550.0,-2.1329494e-09,3.3138492e-10,-5.121065e-11,4.7074004e-11,-8.874446e-11,-8e-45,-0.00332625,-0.00332625,-8e-45,-8e-45,-0.00332625,-0.00332625,-8e-45,-0.0,-0.0,0.0020609566,0.0020609566,-0.0,-0.0,0.0020609566,0.0020609566,-1e-45,-1e-45,-1e-45,-1e-45,0.0020609566,0.0020609566,0.0020609566,0.0020609566,Uniaxial,0.44350001215934753
6.492533731885407e-29,102377.0390625,11752.044921875,0.0,0.5613720417022705,0.0,-0.00334125,0.0020738186,0.0020738186,-1.323489e-20,7.940934e-21,-2.4352197e-20,-0.002137832,0.001833135,0.001833135,-3.3542822e-21,2.3969087e-21,-1.071932e-20,4882777.5,-4882777.5,-4882777.5,4882777.5,4882777.5,-4882777.5,-4882777.5,4882777.5,-4.0165252e-10,-4.5869875e-10,0.0,0.0,-4.950239e-10,-5.5207017e-10,0.0,0.0,-4.5514698e-10,-4.2064288e-10,-5.061349e-10,-5.4063903e-10,0.0,0.0,0.0,0.0,-19531110.0,1.9074453e-09,1.9225639e-09,-6.6816365e-11,3.749077e-11,-9.2190616e-11,-1e-45,-0.00334125,-0.00334125,-1e-45,-1e-45,-0.00334125,-0.00334125,-1e-45,-0.0,-0.0,0.0020738186,0.0020738186,-0.0,-0.0,0.0020738186,0.0020738186,-0.0,-0.0,-0.0,-0.0,0.0020738186,0.0020738186,0.0020738186,0.0020738186,Uniaxial,0.445499986410141
6.236249030479582e-29,102669.171875,11684.990234375,0.0,0.5638748407363892,0.0,-0.00335625,0.0020866808,0.0020866808,-1.2387857e-20,7.093901e-21,-2.6046263e-20,-0.002152832,0.0018459972,0.0018459972,-3.5253695e-21,2.4859047e-21,-1.1009304e-20,4854917.5,-4854917.5,-4854917.5,4854917.5,4854917.5,-4854917.5,-4854917.5,4854917.5,4.069543e-10,3.5352152e-10,0.0,0.0,3.012462e-10,2.4781338e-10,0.0,0.0,3.458187e-10,3.7706901e-10,3.0287828e-10,2.71628e-10,0.0,0.0,0.0,0.0,-19419670.0,-1.3095354e-09,-1.297394e-09,-5.95895e-11,3.0983195e-11,-1.0110535e-10,0.0,-0.00335625,-0.00335625,0.0,0.0,-0.00335625,-0.00335625,0.0,0.0,0.0,0.0020866808,0.0020866808,0.0,0.0,0.0020866808,0.0020866808,-0.0,-0.0,-0.0,-0.0,0.0020866808,0.0020866808,0.0020866808,0.0020866808,Uniaxial,0.44749999046325684
8.542807130160251e-29,102959.625,11617.935546875,0.0,0.566377580165863,0.0,-0.00337125,0.0020995429,0.0020995429,-1.11173074e-20,7.093901e-21,-2.5622747e-20,-0.002167832,0.0018588593,0.0018588593,-3.669207e-21,2.573136e-21,-1.12859796e-20,4827057.5,-4827057.5,-4827057.5,4827057.5,4827057.5,-4827057.5,-4827057.5,4827057.5,1.9109828e-10,1.4256418e-10,0.0,0.0,9.590007e-11,4.7365983e-11,0.0,0.0,1.5562342e-10,1.8649324e-10,8.3415684e-11,5.2545863e-11,0.0,0.0,0.0,0.0,-19308230.0,-4.769285e-10,-4.780782e-10,-4.9792077e-11,3.022224e-11,-9.584422e-11,6e-45,-0.00337125,-0.00337125,6e-45,6e-45,-0.00337125,-0.00337125,6e-45,1e-45,1e-45,0.0020995429,0.0020995429,1e-45,1e-45,0.0020995429,0.0020995429,0.0,0.0,0.0,0.0,0.0020995429,0.0020995429,0.0020995429,0.0020995429,Uniaxial,0.4494999945163727
7.603098363898217e-29,103248.4140625,11550.880859375,0.0,0.5688803791999817,0.0,-0.00338625,0.002112405,0.002112405,-1.02702745e-20,6.6703845e-21,-2.3081648e-20,-0.002182832,0.0018717214,0.0018717214,-3.794248e-21,2.650738e-21,-1.1509515e-20,4799197.5,-4799197.5,-4799197.5,4799197.5,4799197.5,-4799197.5,-4799197.5,4799197.5,1.7986067e-10,1.3470078e-10,0.0,0.0,1.0200613e-10,5.6846243e-11,0.0,0.0,1.5112535e-10,1.8024258e-10,8.6629356e-11,5.7512124e-11,0.0,0.0,0.0,0.0,-19196790.0,-4.734138e-10,-4.755094e-10,-4.304369e-11,2.6717063e-11,-7.691557e-11,-3e-45,-0.00338625,-0.00338625,-3e-45,-3e-45,-0.00338625,-0.00338625,-3e-45,-0.0,-0.0,0.002112405,0.002112405,-0.0,-0.0,0.002112405,0.002112405,0.0,0.0,0.0,0.0,0.002112405,0.002112405,0.002112405,0.002112405,Uniaxial,0.4514999985694885
6.236249030479582e-29,103535.53125,11483.826171875,0.0,0.5713831782341003,0.0,-0.00340125,0.0021252672,0.0021252672,-1.02702745e-20,7.5174174e-21,-2.1811098e-20,-0.002197832,0.0018845835,0.0018845835,-3.9168416e-21,2.7427863e-21,-1.17046485e-20,4771337.5,-4771337.5,-4771337.5,4771337.5,4771337.5,-4771337.5,-4771337.5,4771337.5,-2.2011964e-10,-2.6474956e-10,0.0,0.0,-3.0866698e-10,-3.5329686e-10,0.0,0.0,5.221463e-10,5.536805e-10,4.9665055e-10,4.6511636e-10,0.0,0.0,0.0,0.0,-19085350.0,1.1468331e-09,-2.0375936e-09,-4.198371e-11,3.1550932e-11,-6.678378e-11,7e-45,-0.00340125,-0.00340125,7e-45,7e-45,-0.00340125,-0.00340125,7e-45,0.0,1e-45,0.0021252672,0.0021252672,1e-45,1e-45,0.0021252672,0.0021252672,1e-45,1e-45,1e-45,1e-45,0.0021252672,0.0021252672,0.0021252672,0.0021252672,Uniaxial,0.45350000262260437
3.417123032620033e-29,103820.9765625,11416.771484375,0.0,0.573885977268219,0.0,-0.00341625,0.0021381292,0.0021381292,-1.0693791e-20,7.940934e-21,-2.392868e-20,-0.002212832,0.0018974456,0.0018974456,-4.0450913e-21,2.8411485e-21,-1.1935854e-20,4743477.5,-4743477.5,-4743477.5,4743477.5,4743477.5,-4743477.5,-4743477.5,4743477.5,-4.4437007e-10,-4.898473e-10,0.0,0.0,-5.152806e-10,-5.6075783e-10,0.0,0.0,-4.863148e-10,-4.5380474e-10,-5.168359e-10,-5.49346e-10,0.0,0.0,0.0,0.0,-18973910.0,2.0102557e-09,2.0063016e-09,-4.3678304e-11,3.350279e-11,-7.878628e-11,6e-45,-0.00341625,-0.00341625,6e-45,6e-45,-0.00341625,-0.00341625,6e-45,0.0,0.0,0.0021381292,0.0021381292,0.0,0.0,0.0021381292,0.0021381292,1e-45,1e-45,1e-45,1e-45,0.0021381292,0.0021381292,0.0021381292,0.0021381292,Uniaxial,0.4555000066757202
6.492533731885407e-29,104104.75,11349.716796875,0.0,0.5763887763023376,0.0,-0.00343125,0.0021509912,0.0021509912,-1.1540824e-20,7.940934e-21,-2.4352197e-20,-0.002227832,0.0019103077,0.0019103077,-4.186908e-21,2.937689e-21,-1.21708585e-20,4715617.0,-4715617.0,-4715617.0,4715617.0,4715617.0,-4715617.0,-4715617.0,4715617.0,-7.9311663e-10,-8.407684e-10,0.0,0.0,-8.801701e-10,-9.278219e-10,0.0,0.0,-8.372112e-10,-8.0511475e-10,-8.8428886e-10,-9.163853e-10,0.0,0.0,0.0,0.0,-18862468.0,3.441877e-09,3.443e-09,-4.802744e-11,3.2675525e-11,-7.9554696e-11,-1e-44,-0.00343125,-0.00343125,-1e-44,-1e-44,-0.00343125,-0.00343125,-1e-44,-1e-45,-1e-45,0.0021509912,0.0021509912,-1e-45,-1e-45,0.0021509912,0.0021509912,-1e-45,-1e-45,-1e-45,-1e-45,0.0021509912,0.0021509912,0.0021509912,0.0021509912,Uniaxial,0.45750001072883606
5.211112632268714e-29,104386.8515625,11282.6630859375,0.0,0.5788915157318115,0.0,-0.00344625,0.0021638535,0.0021638535,-1.1540824e-20,7.940934e-21,-2.392868e-20,-0.002242832,0.0019231698,0.0019231698,-4.3261195e-21,3.032402e-21,-1.23934775e-20,4687757.0,-4687757.0,-4687757.0,4687757.0,4687757.0,-4687757.0,-4687757.0,4687757.0,1.6852991e-10,1.1359257e-10,0.0,0.0,9.9567625e-11,4.4630286e-11,0.0,0.0,-6.554721e-10,-6.2377964e-10,-7.006213e-10,-7.3231377e-10,0.0,0.0,0.0,0.0,-18751028.0,-4.263204e-10,2.7121867e-09,-4.6839893e-11,3.186757e-11,-7.488979e-11,0.0,-0.00344625,-0.00344625,0.0,0.0,-0.00344625,-0.00344625,0.0,-0.0,-0.0,0.0021638535,0.0021638535,-0.0,-0.0,0.0021638535,0.0021638535,-0.0,-0.0,-0.0,-0.0,0.0021638535,0.0021638535,0.0021638535,0.0021638535,Uniaxial,0.4595000147819519
6.9196736971889e-29,104667.28125,11215.6083984375,0.0,0.5813943147659302,0.0,-0.00346125,0.0021767155,0.0021767155,-1.4081923e-20,7.5174174e-21,-2.4352197e-20,-0.002257832,0.0019360319,0.0019360319,-4.5105605e-21,3.1173446e-21,-1.26198204e-20,4659897.0,-4659897.0,-4659897.0,4659897.0,4659897.0,-4659897.0,-4659897.0,4659897.0,6.1126724e-12,-5.629006e-11,0.0,0.0,-7.9022025e-11,-1.4142476e-10,0.0,0.0,-4.9140067e-11,-1.9182999e-11,-9.643835e-11,-1.2639541e-10,0.0,0.0,0.0,0.0,-18639588.0,2.7062416e-10,2.9115682e-10,-6.177067e-11,2.8396736e-11,-7.57172e-11,-4e-45,-0.00346125,-0.00346125,-4e-45,-4e-45,-0.00346125,-0.00346125,-4e-45,-0.0,-0.0,0.0021767155,0.0021767155,-0.0,-0.0,0.0021767155,0.0021767155,-0.0,-0.0,-0.0,-0.0,0.0021767155,0.0021767155,0.0021767155,0.0021767155,Uniaxial,0.46149998903274536
7.603098363898217e-29,104946.0390625,11148.5537109375,0.0,0.5838971138000488,0.0,-0.00347625,0.0021895776,0.0021895776,-1.5775989e-20,7.940934e-21,-2.3505164e-20,-0.002272832,0.001948894,0.001948894,-4.723658e-21,3.208617e-21,-1.2825963e-20,4632037.0,-4632037.0,-4632037.0,4632037.0,4632037.0,-4632037.0,-4632037.0,4632037.0,3.6447403e-10,3.0538502e-10,0.0,0.0,2.9082314e-10,2.3173413e-10,0.0,0.0,3.2996014e-10,3.60898e-10,2.7148842e-10,2.4055055e-10,0.0,0.0,0.0,0.0,-18528148.0,-1.1924164e-09,-1.2028971e-09,-7.0901944e-11,3.0358344e-11,-6.8508275e-11,-1e-45,-0.00347625,-0.00347625,-1e-45,-1e-45,-0.00347625,-0.00347625,-1e-45,0.0,0.0,0.0021895776,0.0021895776,0.0,0.0,0.0021895776,0.0021895776,-0.0,-0.0,-0.0,-0.0,0.0021895776,0.0021895776,0.0021895776,0.0021895776,Uniaxial,0.4634999930858612
3.5879788983708084e-29,105223.125,11081.4990234375,0.0,0.5863999128341675,0.0,-0.00349125,0.0022024398,0.0022024398,-1.4081923e-20,8.36445e-21,-2.4775714e-20,-0.002287832,0.001961756,0.001961756,-4.9009716e-21,3.3061785e-21,-1.3052056e-20,4604177.0,-4604177.0,-4604177.0,4604177.0,4604177.0,-4604177.0,-4604177.0,4604177.0,1.8139161e-10,1.3636162e-10,0.0,0.0,1.0461675e-10,5.958676e-11,0.0,0.0,1.381614e-10,1.7004721e-10,1.0903105e-10,7.714524e-11,0.0,0.0,0.0,0.0,-18416708.0,-4.8195675e-10,-4.943849e-10,-5.854259e-11,3.225421e-11,-7.475623e-11,3e-45,-0.00349125,-0.00349125,3e-45,3e-45,-0.00349125,-0.00349125,3e-45,0.0,0.0,0.0022024398,0.0022024398,0.0,0.0,0.0022024398,0.0022024398,0.0,0.0,0.0,0.0,0.0022024398,0.0022024398,0.0022024398,0.0022024398,Uniaxial,0.46549999713897705
5.638252597572207e-29,105498.5390625,11014.4443359375,0.0,0.5889027118682861,0.0,-0.00350625,0.0022153019,0.0022153019,-1.0693791e-20,7.940934e-21,-2.7316813e-20,-0.002302832,0.0019746183,0.0019746183,-5.0109515e-21,3.3939556e-21,-1.3321853e-20,4576317.0,-4576317.0,-4576317.0,4576317.0,4576317.0,-4576317.0,-4576317.0,4576317.0,-4.179898e-10,-4.5175727e-10,0.0,0.0,-4.859775e-10,-5.197449e-10,0.0,0.0,-4.320643e-10,-4.0189635e-10,-5.014014e-10,-5.3156934e-10,0.0,0.0,0.0,0.0,-18305268.0,1.8754696e-09,1.8669315e-09,-3.6017512e-11,2.881849e-11,-8.8699256e-11,7e-45,-0.00350625,-0.00350625,7e-45,7e-45,-0.00350625,-0.00350625,7e-45,0.0,0.0,0.0022153019,0.0022153019,0.0,0.0,0.0022153019,0.0022153019,1e-45,1e-45,1e-45,1e-45,0.0022153019,0.0022153019,0.0022153019,0.0022153019,Uniaxial,0.4675000011920929
5.211112632268714e-29,105772.28125,10947.3896484375,0.0,0.59140545129776,0.0,-0.00352125,0.0022281639,0.0022281639,-8.5762086e-21,8.36445e-21,-2.6046263e-20,-0.002317832,0.0019874803,0.0019874803,-5.078644e-21,3.488009e-21,-1.3562848e-20,4548457.0,-4548457.0,-4548457.0,4548457.0,4548457.0,-4548457.0,-4548457.0,4548457.0,-7.943169e-10,-8.210918e-10,0.0,0.0,-8.8091173e-10,-9.0768665e-10,0.0,0.0,-8.3413443e-10,-8.030165e-10,-8.659733e-10,-8.9709123e-10,0.0,0.0,0.0,0.0,-18193828.0,3.404007e-09,3.4002154e-09,-2.2032412e-11,3.0718452e-11,-7.8637506e-11,-3e-45,-0.00352125,-0.00352125,-3e-45,-3e-45,-0.00352125,-0.00352125,-3e-45,-0.0,-0.0,0.0022281639,0.0022281639,-0.0,-0.0,0.0022281639,0.0022281639,-0.0,-0.0,-0.0,-0.0,0.0022281639,0.0022281639,0.0022281639,0.0022281639,Uniaxial,0.46950000524520874
4.1005473984027964e-29,106044.3515625,10880.3349609375,0.0,0.5939082503318787,0.0,-0.00353625,0.0022410261,0.0022410261,-8.152692e-21,9.211483e-21,-2.774033e-20,-0.002332832,0.0020003424,0.0020003424,-5.1368776e-21,3.596276e-21,-1.3831074e-20,4520596.5,-4520596.5,-4520596.5,4520596.5,4520596.5,-4520596.5,-4520596.5,4520596.5,7.1741935e-10,7.0009937e-10,0.0,0.0,6.423606e-10,6.2504063e-10,0.0,0.0,6.9558215e-10,7.2891865e-10,6.4598055e-10,6.126441e-10,0.0,0.0,0.0,0.0,-18082386.0,-2.6849198e-09,-2.6831255e-09,-1.8881332e-11,3.515554e-11,-8.70827e-11,-4e-45,-0.00353625,-0.00353625,-4e-45,-4e-45,-0.00353625,-0.00353625,-4e-45,-0.0,-0.0,0.0022410261,0.0022410261,-0.0,-0.0,0.0022410261,0.0022410261,-0.0,-0.0,-0.0,-0.0,0.0022410261,0.0022410261,0.0022410261,0.0022410261,Uniaxial,0.4715000092983246
4.954828231789443e-29,106314.7578125,10813.2802734375,0.0,0.5964110493659973,0.0,-0.00355125,0.0022538882,0.0022538882,-6.4586262e-21,8.787967e-21,-2.8587362e-20,-0.002347832,0.0020132046,0.0020132046,-5.1620586e-21,3.694596e-21,-1.4110334e-20,4492736.5,-4492736.5,-4492736.5,4492736.5,4492736.5,-4492736.5,-4492736.5,4492736.5,-3.960179e-10,-4.1581036e-10,0.0,0.0,-4.8045407e-10,-5.002465e-10,0.0,0.0,-4.2153814e-10,-3.8993347e-10,-4.743696e-10,-5.0597426e-10,0.0,0.0,0.0,0.0,-17970946.0,1.7925289e-09,1.7918155e-09,-8.067489e-12,3.1691916e-11,-9.0078806e-11,4e-45,-0.00355125,-0.00355125,4e-45,4e-45,-0.00355125,-0.00355125,4e-45,1e-45,1e-45,0.0022538882,0.0022538882,1e-45,1e-45,0.0022538882,0.0022538882,0.0,0.0,0.0,0.0,0.0022538882,0.0022538882,0.0022538882,0.0022538882,Uniaxial,0.47350001335144043
4.954828231789443e-29,106583.484375,10746.2255859375,0.0,0.598913848400116,0.0,-0.00356625,0.0022667502,0.0022667502,-8.152692e-21,8.36445e-21,-2.8587362e-20,-0.002362832,0.0020260666,0.0020260666,-5.2185133e-21,3.783038e-21,-1.4384388e-20,4464876.5,-4464876.5,-4464876.5,4464876.5,4464876.5,-4464876.5,-4464876.5,4464876.5,7.265974e-10,7.017668e-10,0.0,0.0,6.4328787e-10,6.184573e-10,0.0,0.0,6.994862e-10,7.294097e-10,6.461002e-10,6.1617667e-10,0.0,0.0,0.0,0.0,-17859506.0,-2.6901092e-09,-2.6911728e-09,-1.81438e-11,2.8329642e-11,-8.782557e-11,-6e-45,-0.00356625,-0.00356625,-6e-45,-6e-45,-0.00356625,-0.00356625,-6e-45,-0.0,-0.0,0.0022667502,0.0022667502,-0.0,-0.0,0.0022667502,0.0022667502,-0.0,-0.0,-0.0,-0.0,0.0022667502,0.0022667502,0.0022667502,0.0022667502,Uniaxial,0.4754999876022339
9.055375931118793e-29,106850.5390625,10679.1708984375,0.0,0.6014166474342346,0.0,-0.00358125,0.0022796122,0.0022796122,-1.02702745e-20,9.211483e-21,-2.901088e-20,-0.002377832,0.0020389287,0.0020389287,-5.3139448e-21,3.8857205e-21,-1.4661234e-20,4437016.5,-4437016.5,-4437016.5,4437016.5,4437016.5,-4437016.5,-4437016.5,4437016.5,1.8884833e-10,1.5786127e-10,0.0,0.0,8.960346e-11,5.861639e-11,0.0,0.0,1.0816317e-09,1.1137539e-09,1.0145089e-09,9.823868e-10,0.0,0.0,0.0,0.0,-17748066.0,-4.9492943e-10,-4.192281e-09,-3.0456745e-11,3.272692e-11,-8.817886e-11,-1e-45,-0.00358125,-0.00358125,-1e-45,-1e-45,-0.00358125,-0.00358125,-1e-45,-0.0,-0.0,0.0022796122,0.0022796122,-0.0,-0.0,0.0022796122,0.0022796122,-0.0,-0.0,-0.0,-0.0,0.0022796122,0.0022796122,0.0022796122,0.0022796122,Uniaxial,0.47749999165534973
4.954828231789443e-29,107115.921875,10612.1162109375,0.0,0.6039194464683533,0.0,-0.00359625,0.0022924745,0.0022924745,-1.1540824e-20,8.787967e-21,-2.901088e-20,-0.002392832,0.002051791,0.002051791,-5.431701e-21,3.978561e-21,-1.4932877e-20,4409156.5,-4409156.5,-4409156.5,4409156.5,4409156.5,-4409156.5,-4409156.5,4409156.5,-3.1786344e-11,-6.619753e-11,0.0,0.0,-1.14166294e-10,-1.4857747e-10,0.0,0.0,8.5458324e-10,8.8502605e-10,8.026461e-10,7.7220325e-10,0.0,0.0,0.0,0.0,-17636626.0,3.6072764e-10,-3.3144587e-09,-3.7304965e-11,2.9368324e-11,-8.596641e-11,7e-45,-0.00359625,-0.00359625,7e-45,7e-45,-0.00359625,-0.00359625,7e-45,0.0,0.0,0.0022924745,0.0022924745,0.0,0.0,0.0022924745,0.0022924745,0.0,0.0,0.0,0.0,0.0022924745,0.0022924745,0.0022924745,0.0022924745,Uniaxial,0.4794999957084656
4.954828231789443e-29,107379.640625,10545.0615234375,0.0,0.6064221858978271,0.0,-0.00361125,0.0023053365,0.0023053365,-1.196434e-20,8.36445e-21,-3.239901e-20,-0.002407832,0.002064653,0.002064653,-5.5553252e-21,4.0616277e-21,-1.5263196e-20,4381296.5,-4381296.5,-4381296.5,4381296.5,4381296.5,-4381296.5,-4381296.5,4381296.5,3.4773986e-10,3.125367e-10,0.0,0.0,2.5635435e-10,2.2115118e-10,0.0,0.0,3.1573172e-10,3.4454486e-10,2.5315933e-10,2.243462e-10,0.0,0.0,0.0,0.0,-17525186.0,-1.1377821e-09,-1.1377821e-09,-3.8888948e-11,2.6108886e-11,-1.03977556e-10,-1e-45,-0.00361125,-0.00361125,-1e-45,-1e-45,-0.00361125,-0.00361125,-1e-45,-0.0,-0.0,0.0023053365,0.0023053365,-0.0,-0.0,0.0023053365,0.0023053365,0.0,0.0,0.0,0.0,0.0023053365,0.0023053365,0.0023053365,0.0023053365,Uniaxial,0.4814999997615814
4.954828231789443e-29,107641.6796875,10478.0068359375,0.0,0.6089249849319458,0.0,-0.00362625,0.0023181986,0.0023181986,-1.1540824e-20,9.211483e-21,-3.1975494e-20,-0.002422832,0.002077515,0.002077515,-5.6686724e-21,4.1590363e-21,-1.5579604e-20,4353436.5,-4353436.5,-4353436.5,4353436.5,4353436.5,-4353436.5,-4353436.5,4353436.5,5.2004945e-10,4.865884e-10,0.0,0.0,4.312251e-10,3.9776402e-10,0.0,0.0,-4.1867024e-10,-3.8768028e-10,-4.765046e-10,-5.074946e-10,0.0,0.0,0.0,0.0,-17413746.0,-1.8356269e-09,1.7903498e-09,-3.5404762e-11,3.0462546e-11,-9.885518e-11,6e-45,-0.00362625,-0.00362625,6e-45,6e-45,-0.00362625,-0.00362625,6e-45,1e-45,1e-45,0.0023181986,0.0023181986,1e-45,1e-45,0.0023181986,0.0023181986,0.0,0.0,0.0,0.0,0.0023181986,0.0023181986,0.0023181986,0.0023181986,Uniaxial,0.48350000381469727
9.055375931118793e-29,107902.046875,10410.9521484375,0.0,0.6114277839660645,0.0,-0.00364125,0.0023310608,0.0023310608,-1.11173074e-20,9.635e-21,-2.985791e-20,-0.002437832,0.0020903773,0.0020903773,-5.7718567e-21,4.2626576e-21,-1.5850096e-20,4325576.0,-4325576.0,-4325576.0,4325576.0,4325576.0,-4325576.0,-4325576.0,4325576.0,-1.9548073e-10,-2.2725087e-10,0.0,0.0,-2.9259434e-10,-3.2436448e-10,0.0,0.0,4.9443943e-10,5.262901e-10,4.2917653e-10,3.9732584e-10,0.0,0.0,0.0,0.0,-17302304.0,1.0396904e-09,-1.8472319e-09,-3.202289e-11,3.2183988e-11,-8.391635e-11,1e-45,-0.00364125,-0.00364125,1e-45,1e-45,-0.00364125,-0.00364125,1e-45,0.0,0.0,0.0023310608,0.0023310608,0.0,0.0,0.0023310608,0.0023310608,0.0,0.0,0.0,0.0,0.0023310608,0.0023310608,0.0023310608,0.0023310608,Uniaxial,0.4855000078678131
9.055375931118793e-29,108160.75,10343.8984375,0.0,0.6139305830001831,0.0,-0.00365625,0.0023439229,0.0023439229,-1.11173074e-20,1.0482033e-20,-2.774033e-20,-0.002452832,0.0021032393,0.0021032393,-5.873048e-21,4.3803127e-21,-1.6075383e-20,4297716.0,-4297716.0,-4297716.0,4297716.0,4297716.0,-4297716.0,-4297716.0,4297716.0,-1.8327614e-11,-4.9693482e-11,0.0,0.0,-1.081985e-10,-1.3956437e-10,0.0,0.0,-4.986049e-11,-1.594278e-11,-1.0581366e-10,-1.3973138e-10,0.0,0.0,0.0,0.0,-17190864.0,3.1578395e-10,3.113483e-10,-3.1214337e-11,3.631803e-11,-6.943089e-11,-1e-44,-0.00365625,-0.00365625,-1e-44,-1e-44,-0.00365625,-0.00365625,-1e-44,-1e-45,-1e-45,0.0023439229,0.0023439229,-1e-45,-1e-45,0.0023439229,0.0023439229,-1e-45,-1e-45,-1e-45,-1e-45,0.0023439229,0.0023439229,0.0023439229,0.0023439229,Uniaxial,0.48750001192092896
6.492533731885407e-29,108417.7734375,10276.84375,0.0,0.6164333820343018,0.0,-0.00367125,0.002356785,0.002356785,-1.11173074e-20,1.0482033e-20,-2.985791e-20,-0.002467832,0.0021161013,0.0021161013,-5.9723236e-21,4.4958195e-21,-1.6336092e-20,4269856.0,-4269856.0,-4269856.0,4269856.0,4269856.0,-4269856.0,-4269856.0,4269856.0,-3.692445e-10,-4.0021564e-10,0.0,0.0,-4.565013e-10,-4.8747245e-10,0.0,0.0,3.1118616e-10,3.3676525e-10,2.573878e-10,2.3180868e-10,0.0,0.0,0.0,0.0,-17079424.0,1.713434e-09,-1.1371479e-09,-3.0424923e-11,3.5399544e-11,-7.996144e-11,1e-45,-0.00367125,-0.00367125,1e-45,1e-45,-0.00367125,-0.00367125,1e-45,0.0,0.0,0.002356785,0.002356785,0.0,0.0,0.002356785,0.002356785,0.0,0.0,0.0,0.0,0.002356785,0.002356785,0.002356785,0.002356785,Uniaxial,0.4894999861717224
9.824228229776945e-29,108673.1328125,10209.7890625,0.0,0.6189361214637756,0.0,-0.00368625,0.0023696471,0.0023696471,-1.11173074e-20,7.5174174e-21,-3.1551977e-20,-0.002482832,0.0021289636,0.0021289636,-6.0697197e-21,4.5532985e-21,-1.6623973e-20,4241996.0,-4241996.0,-4241996.0,4241996.0,4241996.0,-4241996.0,-4241996.0,4241996.0,3.3651054e-10,3.0592473e-10,0.0,0.0,2.4538396e-10,2.1479818e-10,0.0,0.0,8.51148e-10,8.6773433e-10,7.6084905e-10,7.442627e-10,0.0,0.0,0.0,0.0,-16967984.0,-1.1026174e-09,-3.2239942e-09,-2.965421e-11,1.7413982e-11,-8.7700944e-11,6e-45,-0.00368625,-0.00368625,6e-45,6e-45,-0.00368625,-0.00368625,6e-45,0.0,0.0,0.0023696471,0.0023696471,0.0,0.0,0.0023696471,0.0023696471,1e-45,1e-45,1e-45,1e-45,0.0023696471,0.0023696471,0.0023696471,0.0023696471,Uniaxial,0.49149999022483826
6.9196736971889e-29,108926.8125,10142.734375,0.0,0.6214389204978943,0.0,-0.00370125,0.0023825092,0.0023825092,-1.11173074e-20,6.246868e-21,-3.5787142e-20,-0.002497832,0.0021418256,0.0021418256,-6.1652724e-21,4.5854794e-21,-1.6986338e-20,4214136.0,-4214136.0,-4214136.0,4214136.0,4214136.0,-4214136.0,-4214136.0,4214136.0,6.980817e-10,6.6787215e-10,0.0,0.0,6.03821e-10,5.7361144e-10,0.0,0.0,6.845343e-10,6.9726186e-10,5.872425e-10,5.745149e-10,0.0,0.0,0.0,0.0,-16856544.0,-2.5433864e-09,-2.5435536e-09,-2.8901775e-11,9.696433e-12,-1.09727935e-10,6e-45,-0.00370125,-0.00370125,6e-45,6e-45,-0.00370125,-0.00370125,6e-45,0.0,0.0,0.0023825092,0.0023825092,0.0,0.0,0.0023825092,0.0023825092,0.0,0.0,0.0,0.0,0.0023825092,0.0023825092,0.0023825092,0.0023825092,Uniaxial,0.4934999942779541
4.954828231789443e-29,109178.828125,10075.6796875,0.0,0.6239417195320129,0.0,-0.00371625,0.0023953712,0.0023953712,-1.11173074e-20,5.8233515e-21,-3.6634175e-20,-0.002512832,0.0021546877,0.0021546877,-6.259016e-21,4.6089534e-21,-1.7358196e-20,4186276.0,-4186276.0,-4186276.0,4186276.0,4186276.0,-4186276.0,-4186276.0,4186276.0,-7.2092926e-10,-7.5077156e-10,0.0,0.0,-8.1620477e-10,-8.4604707e-10,0.0,0.0,-7.452407e-10,-7.259616e-10,-8.212371e-10,-8.4051616e-10,0.0,0.0,0.0,0.0,-16745104.0,3.1339527e-09,3.1329557e-09,-2.81672e-11,7.0407872e-12,-1.11757464e-10,-4e-45,-0.00371625,-0.00371625,-4e-45,-4e-45,-0.00371625,-0.00371625,-4e-45,-0.0,-0.0,0.0023953712,0.0023953712,-0.0,-0.0,0.0023953712,0.0023953712,-1e-45,-1e-45,-1e-45,-1e-45,0.0023953712,0.0023953712,0.0023953712,0.0023953712,Uniaxial,0.49549999833106995
9.055375931118793e-29,109429.171875,10008.625,0.0,0.6264445185661316,0.0,-0.00373125,0.0024082335,0.0024082335,-1.1540824e-20,8.787967e-21,-3.1551977e-20,-0.002527832,0.00216755,0.00216755,-6.3589623e-21,4.6877844e-21,-1.7627367e-20,4158415.8,-4158415.8,-4158415.8,4158415.8,4158415.8,-4158415.8,-4158415.8,4158415.8,-1.7935949e-10,-2.100398e-10,0.0,0.0,-2.7461206e-10,-3.0529237e-10,0.0,0.0,-2.0848241e-10,-1.8091689e-10,-2.7616945e-10,-3.0373498e-10,0.0,0.0,0.0,0.0,-16633663.0,9.693037e-10,9.693037e-10,-2.984324e-11,2.3613661e-11,-8.019425e-11,-6e-45,-0.00373125,-0.00373125,-6e-45,-6e-45,-0.00373125,-0.00373125,-6e-45,-0.0,-0.0,0.0024082335,0.0024082335,-0.0,-0.0,0.0024082335,0.0024082335,-0.0,-0.0,-0.0,-0.0,0.0024082335,0.0024082335,0.0024082335,0.0024082335,Uniaxial,0.4975000023841858
6.407105498083466e-29,109677.8359375,9941.5703125,0.0,0.6289473176002502,0.0,-0.00374625,0.0024210955,0.0024210955,-1.196434e-20,1.0905549e-20,-3.1551977e-20,-0.002542832,0.002180412,0.002180412,-6.4650336e-21,4.8052877e-21,-1.7890967e-20,4130555.8,-4130555.8,-4130555.8,4130555.8,4130555.8,-4130555.8,-4130555.8,4130555.8,3.2745068e-10,3.038417e-10,0.0,0.0,2.4110008e-10,2.174911e-10,0.0,0.0,2.911632e-10,3.322498e-10,2.5377855e-10,2.1269196e-10,0.0,0.0,0.0,0.0,-16522223.0,-1.0898835e-09,-1.0898835e-09,-3.1459273e-11,3.489709e-11,-7.814902e-11,-7e-45,-0.00374625,-0.00374625,-7e-45,-7e-45,-0.00374625,-0.00374625,-7e-45,-1e-45,-1e-45,0.0024210955,0.0024210955,-1e-45,-1e-45,0.0024210955,0.0024210955,-1e-45,-1e-45,-1e-45,-1e-45,0.0024210955,0.0024210955,0.0024210955,0.0024210955,Uniaxial,0.49950000643730164
7.603098363898217e-29,109924.8359375,9874.515625,0.0,0.6314500570297241,0.0,-0.00376125,0.0024339575,0.0024339575,-9.846758e-21,1.4293681e-20,-3.2822527e-20,-0.002557832,0.002193274,0.002193274,-6.52925e-21,4.984586e-21,-1.8173507e-20,4102695.8,-4102695.8,-4102695.8,4102695.8,4102695.8,-4102695.8,-4102695.8,4102695.8,8.5567475e-10,8.30491e-10,0.0,0.0,7.746601e-10,7.4947637e-10,0.0,0.0,8.259196e-10,8.760048e-10,7.792315e-10,7.291463e-10,0.0,0.0,0.0,0.0,-16410783.0,-3.2103022e-09,-3.2103022e-09,-1.8850093e-11,5.2894317e-11,-8.323579e-11,-1e-45,-0.00376125,-0.00376125,-1e-45,-1e-45,-0.00376125,-0.00376125,-1e-45,-0.0,-0.0,0.0024339575,0.0024339575,-0.0,-0.0,0.0024339575,0.0024339575,-0.0,-0.0,-0.0,-0.0,0.0024339575,0.0024339575,0.0024339575,0.0024339575,Uniaxial,0.5015000104904175
7.3468142643455e-29,110170.1640625,9807.4609375,0.0,0.6339528560638428,0.0,-0.00377625,0.0024468198,0.0024468198,-1.02702745e-20,1.5987747e-20,-3.239901e-20,-0.002572832,0.002206136,0.002206136,-6.60003e-21,5.1927184e-21,-1.8442838e-20,4074835.5,-4074835.5,-4074835.5,4074835.5,4074835.5,-4074835.5,-4074835.5,4074835.5,3.291207e-10,3.0300565e-10,0.0,0.0,2.34585e-10,2.0846994e-10,0.0,0.0,2.6931557e-10,3.3129338e-10,2.6827507e-10,2.0629724e-10,0.0,0.0,0.0,0.0,-16299342.0,-1.0751813e-09,-1.0751813e-09,-2.071273e-11,6.092087e-11,-7.876053e-11,8e-45,-0.00377625,-0.00377625,8e-45,8e-45,-0.00377625,-0.00377625,8e-45,1e-45,1e-45,0.0024468198,0.0024468198,1e-45,1e-45,0.0024468198,0.0024468198,1e-45,1e-45,1e-45,1e-45,0.0024468198,0.0024468198,0.0024468198,0.0024468198,Uniaxial,0.5034999847412109
6.9196736971889e-29,110413.8125,9740.40625,0.0,0.6364556550979614,0.0,-0.00379125,0.0024596818,0.0024596818,-1.1540824e-20,1.810533e-20,-3.239901e-20,-0.002587832,0.0022189983,0.0022189983,-6.693441e-21,5.436958e-21,-1.8707034e-20,4046975.5,-4046975.5,-4046975.5,4046975.5,4046975.5,-4046975.5,-4046975.5,4046975.5,3.0537164e-10,2.7602856e-10,0.0,0.0,2.2760428e-10,1.9826119e-10,0.0,0.0,2.6113006e-10,3.281495e-10,2.425028e-10,1.7548334e-10,0.0,0.0,0.0,0.0,-16187902.0,-1.0072657e-09,-1.0072657e-09,-2.7168781e-11,7.100413e-11,-7.6741266e-11,1e-44,-0.00379125,-0.00379125,1e-44,1e-44,-0.00379125,-0.00379125,1e-44,1e-45,1e-45,0.0024596818,0.0024596818,1e-45,1e-45,0.0024596818,0.0024596818,1e-45,1e-45,1e-45,1e-45,0.0024596818,0.0024596818,0.0024596818,0.0024596818,Uniaxial,0.5055000185966492
5.552824965623373e-29,110655.796875,9673.3515625,0.0,0.6389584541320801,0.0,-0.00380625,0.0024725439,0.0024725439,-1.2387857e-20,1.9799395e-20,-3.239901e-20,-0.002602832,0.0022318603,0.0022318603,-6.801157e-21,5.7086828e-21,-1.8966227e-20,4019115.5,-4019115.5,-4019115.5,4019115.5,4019115.5,-4019115.5,-4019115.5,4019115.5,-4.044453e-11,-7.175171e-11,0.0,0.0,-1.172264e-10,-1.4853357e-10,0.0,0.0,-8.752525e-11,-2.4670987e-11,-1.01452846e-10,-1.6430711e-10,0.0,0.0,0.0,0.0,-16076462.0,3.779562e-10,3.779562e-10,-3.1096965e-11,7.8432434e-11,-7.477023e-11,-0.0,-0.00380625,-0.00380625,-0.0,-0.0,-0.00380625,-0.00380625,-0.0,-0.0,-0.0,0.0024725439,0.0024725439,-0.0,-0.0,0.0024725439,0.0024725439,-0.0,-0.0,-0.0,-0.0,0.0024725439,0.0024725439,0.0024725439,0.0024725439,Uniaxial,0.5074999928474426
7.005101930990841e-29,110896.109375,9606.296875,0.0,0.6414612531661987,0.0,-0.00382125,0.0024854061,0.0024854061,-1.323489e-20,1.7681813e-20,-3.5787142e-20,-0.002617832,0.0022447223,0.0022447223,-6.92287e-21,5.9355367e-21,-1.9284333e-20,3991255.5,-3991255.5,-3991255.5,3991255.5,3991255.5,-3991255.5,-3991255.5,3991255.5,-5.0663435e-10,-5.3983845e-10,0.0,0.0,-6.074008e-10,-6.4060485e-10,0.0,0.0,-5.4726324e-11,-6.502884e-12,-9.151063e-11,-1.3973407e-10,0.0,0.0,0.0,0.0,-15965022.0,2.2944784e-09,2.924739e-10,-3.4890733e-11,6.4929485e-11,-9.122201e-11,-4e-45,-0.00382125,-0.00382125,-4e-45,-4e-45,-0.00382125,-0.00382125,-4e-45,-0.0,-0.0,0.0024854061,0.0024854061,-0.0,-0.0,0.0024854061,0.0024854061,-1e-45,-1e-45,-1e-45,-1e-45,0.0024854061,0.0024854061,0.0024854061,0.0024854061,Uniaxial,0.5095000267028809
5.80910906517609e-29,111134.75,9539.2421875,0.0,0.6439639925956726,0.0,-0.00383625,0.0024982681,0.0024982681,-1.3658406e-20,1.3446648e-20,-3.7481208e-20,-0.002632832,0.0022575846,0.0022575846,-7.050336e-21,6.0781244e-21,-1.9628645e-20,3963395.2,-3963395.2,-3963395.2,3963395.2,3963395.2,-3963395.2,-3963395.2,3963395.2,-6.7116396e-10,-7.1293815e-10,0.0,0.0,-7.3591977e-10,-7.776939e-10,0.0,0.0,-1.9439812e-10,-1.5841621e-10,-2.6256874e-10,-2.9855066e-10,0.0,0.0,0.0,0.0,-15853581.0,2.8977158e-09,9.139337e-10,-3.6272235e-11,4.0446424e-11,-9.799416e-11,-7e-45,-0.00383625,-0.00383625,-7e-45,-7e-45,-0.00383625,-0.00383625,-7e-45,-1e-45,-1e-45,0.0024982681,0.0024982681,-1e-45,-1e-45,0.0024982681,0.0024982681,-0.0,-0.0,-0.0,-0.0,0.0024982681,0.0024982681,0.0024982681,0.0024982681,Uniaxial,0.5115000009536743
7.517670130096275e-29,111371.71875,9472.1875,0.0,0.6464667916297913,0.0,-0.00385125,0.0025111302,0.0025111302,-1.5775989e-20,9.211483e-21,-3.7904724e-20,-0.002647832,0.0022704466,0.0022704466,-7.2153155e-21,6.1378405e-21,-1.9974576e-20,3935535.2,-3935535.2,-3935535.2,3935535.2,3935535.2,-3935535.2,-3935535.2,3935535.2,1.5503486e-11,-3.146452e-11,0.0,0.0,-8.8516056e-11,-1.3548407e-10,0.0,0.0,-2.29723e-11,-6.7165106e-12,-9.497736e-11,-1.1123315e-10,0.0,0.0,0.0,0.0,-15742141.0,2.3996116e-10,2.3589933e-10,-4.665992e-11,1.6752879e-11,-9.772821e-11,3e-45,-0.00385125,-0.00385125,3e-45,3e-45,-0.00385125,-0.00385125,3e-45,0.0,0.0,0.0025111302,0.0025111302,0.0,0.0,0.0025111302,0.0025111302,0.0,0.0,0.0,0.0,0.0025111302,0.0025111302,0.0025111302,0.0025111302,Uniaxial,0.5134999752044678
7.7739548315021e-29,111607.015625,9405.1337890625,0.0,0.6489695906639099,0.0,-0.00386625,0.0025239924,0.0025239924,-1.7046538e-20,6.6703845e-21,-3.9175274e-20,-0.002662832,0.0022833087,0.0022833087,-7.401303e-21,6.148163e-21,-2.0337932e-20,3907675.2,-3907675.2,-3907675.2,3907675.2,3907675.2,-3907675.2,-3907675.2,3907675.2,1.6677733e-10,1.0916035e-10,0.0,0.0,6.852822e-11,1.0911239e-11,0.0,0.0,7.8532564e-10,7.946181e-10,6.9636896e-10,6.870765e-10,0.0,0.0,0.0,0.0,-15630701.0,-3.5537712e-10,-2.963389e-09,-5.219916e-11,2.826216e-12,-1.0194603e-10,-4e-45,-0.00386625,-0.00386625,-4e-45,-4e-45,-0.00386625,-0.00386625,-4e-45,-0.0,-0.0,0.0025239924,0.0025239924,-0.0,-0.0,0.0025239924,0.0025239924,-0.0,-0.0,-0.0,-0.0,0.0025239924,0.0025239924,0.0025239924,0.0025239924,Uniaxial,0.515500009059906
9.567944130224227e-29,111840.640625,9338.0791015625,0.0,0.6514723896980286,0.0,-0.00388125,0.0025368545,0.0025368545,-2.0011153e-20,5.399835e-21,-4.1292856e-20,-0.002677832,0.002296171,0.002296171,-7.639732e-21,6.1341178e-21,-2.0734415e-20,3879815.0,-3879815.0,-3879815.0,3879815.0,3879815.0,-3879815.0,-3879815.0,3879815.0,2.6287382e-11,-4.634721e-11,0.0,0.0,-8.410167e-11,-1.5673626e-10,0.0,0.0,-1.1558584e-11,-1.3531355e-11,-1.1604106e-10,-1.1406829e-10,0.0,0.0,0.0,0.0,-15519260.0,2.6089778e-10,2.5519928e-10,-6.647569e-11,-3.945542e-12,-1.10467226e-10,0.0,-0.00388125,-0.00388125,0.0,0.0,-0.00388125,-0.00388125,0.0,0.0,0.0,0.0025368545,0.0025368545,0.0,0.0,0.0025368545,0.0025368545,0.0,0.0,0.0,0.0,0.0025368545,0.0025368545,0.0025368545,0.0025368545,Uniaxial,0.5174999833106995
1.084936522984092e-28,112072.59375,9271.0244140625,0.0,0.6539751887321472,0.0,-0.00389625,0.0025497165,0.0025497165,-2.4246318e-20,4.1292856e-21,-4.4680988e-20,-0.002692832,0.002309033,0.002309033,-7.9536994e-21,6.096286e-21,-2.118741e-20,3851955.0,-3851955.0,-3851955.0,3851955.0,3851955.0,-3851955.0,-3851955.0,3851955.0,-2.8716365e-10,-3.7001888e-10,0.0,0.0,-4.1286455e-10,-4.9571974e-10,0.0,0.0,4.7044313e-10,4.651964e-10,3.5525421e-10,3.6050093e-10,0.0,0.0,0.0,0.0,-15407820.0,1.5657668e-09,-1.6513947e-09,-8.6916925e-11,-1.049344e-11,-1.2533218e-10,8e-45,-0.00389625,-0.00389625,8e-45,8e-45,-0.00389625,-0.00389625,8e-45,1e-45,1e-45,0.0025497165,0.0025497165,1e-45,1e-45,0.0025497165,0.0025497165,1e-45,1e-45,1e-45,1e-45,0.0025497165,0.0025497165,0.0025497165,0.0025497165,Uniaxial,0.5195000171661377
8.286523030607534e-29,112302.875,9203.9697265625,0.0,0.6564779281616211,0.0,-0.00391125,0.0025625788,0.0025625788,-2.6787417e-20,4.552802e-21,-4.3833955e-20,-0.002707832,0.002321895,0.002321895,-8.3099865e-21,6.067028e-21,-2.1616196e-20,3824095.0,-3824095.0,-3824095.0,3824095.0,3824095.0,-3824095.0,-3824095.0,3824095.0,-2.7943775e-10,-3.7564352e-10,0.0,0.0,-3.7766887e-10,-4.7387466e-10,0.0,0.0,-3.1901545e-10,-3.2302525e-10,-4.291357e-10,-4.2512593e-10,0.0,0.0,0.0,0.0,-15296380.0,1.5066248e-09,1.4963023e-09,-9.785939e-11,-8.01958e-12,-1.1766876e-10,-4e-45,-0.00391125,-0.00391125,-4e-45,-4e-45,-0.00391125,-0.00391125,-4e-45,-0.0,-0.0,0.0025625788,0.0025625788,-0.0,-0.0,0.0025625788,0.0025625788,-0.0,-0.0,-0.0,-0.0,0.0025625788,0.0025625788,0.0025625788,0.0025625788,Uniaxial,0.5214999914169312
1.0336797030735486e-28,112531.484375,9136.9150390625,0.0,0.6589807271957397,0.0,-0.00392625,0.0025754408,0.0025754408,-2.9328516e-20,4.9763186e-21,-4.2563406e-20,-0.002722832,0.0023347572,0.0023347572,-8.707633e-21,6.0463405e-21,-2.2012853e-20,3796235.0,-3796235.0,-3796235.0,3796235.0,3796235.0,-3796235.0,-3796235.0,3796235.0,-2.891131e-10,-3.9059708e-10,0.0,0.0,-3.9829154e-10,-4.9977555e-10,0.0,0.0,2.9064393e-10,2.8783106e-10,1.8653196e-10,1.8934482e-10,0.0,0.0,0.0,0.0,-15184940.0,1.5777772e-09,-9.543518e-10,-1.084158e-10,-5.6257186e-12,-1.0804603e-10,3e-45,-0.00392625,-0.00392625,3e-45,3e-45,-0.00392625,-0.00392625,3e-45,-0.0,-0.0,0.0025754408,0.0025754408,-0.0,-0.0,0.0025754408,0.0025754408,0.0,0.0,0.0,0.0,0.0025754408,0.0025754408,0.0025754408,0.0025754408,Uniaxial,0.5235000252723694
8.286523030607534e-29,112758.421875,9069.8603515625,0.0,0.6614835262298584,0.0,-0.00394125,0.0025883028,0.0025883028,-3.017555e-20,4.9763186e-21,-4.0022307e-20,-0.002737832,0.0023476193,0.0023476193,-9.113947e-21,6.0260843e-21,-2.2354018e-20,3768374.8,-3768374.8,-3768374.8,3768374.8,3768374.8,-3768374.8,-3768374.8,3768374.8,-4.5396364e-10,-5.5619986e-10,0.0,0.0,-5.394657e-10,-6.417019e-10,0.0,0.0,-4.993984e-10,-5.021378e-10,-5.955192e-10,-5.927798e-10,0.0,0.0,0.0,0.0,-15073499.0,2.1913311e-09,2.1898352e-09,-1.0992026e-10,-5.478716e-12,-9.221059e-11,-1e-45,-0.00394125,-0.00394125,-1e-45,-1e-45,-0.00394125,-0.00394125,-1e-45,-0.0,-0.0,0.0025883028,0.0025883028,-0.0,-0.0,0.0025883028,0.0025883028,-0.0,-0.0,-0.0,-0.0,0.0025883028,0.0025883028,0.0025883028,0.0025883028,Uniaxial,0.5254999995231628
1.050765349833937e-28,112983.6875,9002.8056640625,0.0,0.663986325263977,0.0,-0.00395625,0.0026011649,0.0026011649,-3.017555e-20,6.6703845e-21,-3.7481208e-20,-0.002752832,0.0023604813,0.0023604813,-9.512649e-21,6.0381216e-21,-2.2640622e-20,3740514.8,-3740514.8,-3740514.8,3740514.8,3740514.8,-3740514.8,-3740514.8,3740514.8,1.9118623e-10,8.25097e-11,0.0,0.0,1.0547002e-10,-3.206507e-12,0.0,0.0,7.5899037e-10,7.6062806e-10,6.7491185e-10,6.7327416e-10,0.0,0.0,0.0,0.0,-14962059.0,-3.7595946e-10,-2.8678044e-09,-1.0704217e-10,3.2753765e-12,-7.688023e-11,-0.0,-0.00395625,-0.00395625,-0.0,-0.0,-0.00395625,-0.00395625,-0.0,-0.0,-0.0,0.0026011649,0.0026011649,-0.0,-0.0,0.0026011649,0.0026011649,-0.0,-0.0,-0.0,-0.0,0.0026011649,0.0026011649,0.0026011649,0.0026011649,Uniaxial,0.5274999737739563
6.577961363834241e-29,113207.28125,8935.7509765625,0.0,0.6664891242980957,0.0,-0.00397125,0.0026140271,0.0026140271,-3.1446098e-20,7.093901e-21,-3.7481208e-20,-0.002767832,0.0023733436,0.0023733436,-9.927737e-21,6.0580672e-21,-2.292156e-20,3712654.8,-3712654.8,-3712654.8,3712654.8,3712654.8,-3712654.8,-3712654.8,3712654.8,5.0288523e-10,4.0028736e-10,0.0,0.0,4.2605694e-10,3.234591e-10,0.0,0.0,-1.7237464e-10,-1.697116e-10,-2.3866054e-10,-2.4132357e-10,0.0,0.0,0.0,0.0,-14850619.0,-1.6526887e-09,8.2207036e-10,-1.1064352e-10,5.3260694e-12,-7.486308e-11,1e-45,-0.00397125,-0.00397125,1e-45,1e-45,-0.00397125,-0.00397125,1e-45,0.0,0.0,0.0026140271,0.0026140271,0.0,0.0,0.0026140271,0.0026140271,0.0,0.0,0.0,0.0,0.0026140271,0.0026140271,0.0026140271,0.0026140271,Uniaxial,0.5295000076293945
8.201094796805593e-29,113429.203125,8868.6962890625,0.0,0.6689918637275696,0.0,-0.00398625,0.0026268892,0.0026268892,-3.017555e-20,7.093901e-21,-3.7481208e-20,-0.002782832,0.0023862056,0.0023862056,-1.0311154e-20,6.0776756e-21,-2.3197178e-20,3684794.8,-3684794.8,-3684794.8,3684794.8,3684794.8,-3684794.8,-3684794.8,3684794.8,6.245698e-10,5.2660737e-10,0.0,0.0,5.56605e-10,4.5864257e-10,0.0,0.0,5.880954e-10,5.906884e-10,5.069649e-10,5.0437193e-10,0.0,0.0,0.0,0.0,-14739179.0,-2.1664246e-09,-2.1901205e-09,-1.0137267e-10,5.1860356e-12,-7.289475e-11,-0.0,-0.00398625,-0.00398625,-0.0,-0.0,-0.00398625,-0.00398625,-0.0,0.0,0.0,0.0026268892,0.0026268892,0.0,0.0,0.0026268892,0.0026268892,-0.0,-0.0,-0.0,-0.0,0.0026268892,0.0026268892,0.0026268892,0.0026268892,Uniaxial,0.531499981880188
8.201094796805593e-29,113649.4609375,8801.6416015625,0.0,0.6714946627616882,0.0,-0.00400125,0.0026397512,0.0026397512,-2.8905e-20,6.6703845e-21,-3.8751757e-20,-0.002797832,0.0023990676,0.0023990676,-1.0663261e-20,6.088936e-21,-2.3491511e-20,3656934.5,-3656934.5,-3656934.5,3656934.5,3656934.5,-3656934.5,-3656934.5,3656934.5,-4.4694926e-10,-5.404194e-10,0.0,0.0,-5.171106e-10,-6.1058064e-10,0.0,0.0,-4.859605e-10,-4.844881e-10,-5.704081e-10,-5.718805e-10,0.0,0.0,0.0,0.0,-14627738.0,2.11506e-09,2.1127373e-09,-9.238802e-11,2.944834e-12,-7.72878e-11,-1e-45,-0.00400125,-0.00400125,-1e-45,-1e-45,-0.00400125,-0.00400125,-1e-45,-0.0,-0.0,0.0026397512,0.0026397512,-0.0,-0.0,0.0026397512,0.0026397512,-0.0,-0.0,-0.0,-0.0,0.0026397512,0.0026397512,0.0026397512,0.0026397512,Uniaxial,0.5335000157356262
9.653372364026169e-29,113868.0390625,8734.5869140625,0.0,0.6739974617958069,0.0,-0.00401625,0.0026526134,0.0026526134,-2.8481483e-20,6.246868e-21,-4.0445823e-20,-0.002812832,0.00241193,0.00241193,-1.1000606e-20,6.0919655e-21,-2.3812302e-20,3629074.5,-3629074.5,-3629074.5,3629074.5,3629074.5,-3629074.5,-3629074.5,3629074.5,-4.3897497e-10,-5.3018107e-10,0.0,0.0,-5.35931e-10,-6.271371e-10,0.0,0.0,1.0896228e-10,1.172309e-10,3.6033575e-11,2.7764952e-11,0.0,0.0,0.0,0.0,-14516298.0,2.1322242e-09,-2.899917e-10,-8.786003e-11,7.785497e-13,-8.360117e-11,1e-45,-0.00401625,-0.00401625,1e-45,1e-45,-0.00401625,-0.00401625,1e-45,0.0,0.0,0.0026526134,0.0026526134,0.0,0.0,0.0026526134,0.0026526134,0.0,0.0,0.0,0.0,0.0026526134,0.0026526134,0.0026526134,0.0026526134,Uniaxial,0.5354999899864197
9.738799995975003e-29,114084.9453125,8667.5322265625,0.0,0.6765002608299255,0.0,-0.00403125,0.0026654755,0.0026654755,-2.8905e-20,8.36445e-21,-4.1292856e-20,-0.002827832,0.002424792,0.002424792,-1.1339502e-20,6.134785e-21,-2.4143134e-20,3601214.5,-3601214.5,-3601214.5,3601214.5,3601214.5,-3601214.5,-3601214.5,3601214.5,-5.6228006e-10,-6.533599e-10,0.0,0.0,-6.444438e-10,-7.3552364e-10,0.0,0.0,-1.5879545e-10,-1.3747654e-10,-2.3539892e-10,-2.5671784e-10,0.0,0.0,0.0,0.0,-14404858.0,2.5956073e-09,7.8838874e-10,-8.7607574e-11,1.1120412e-11,-8.5533906e-11,-3e-45,-0.00403125,-0.00403125,-3e-45,-3e-45,-0.00403125,-0.00403125,-3e-45,-0.0,-0.0,0.0026654755,0.0026654755,-0.0,-0.0,0.0026654755,0.0026654755,-0.0,-0.0,-0.0,-0.0,0.0026654755,0.0026654755,0.0026654755,0.0026654755,Uniaxial,0.5375000238418579
9.738799995975003e-29,114300.1875,8600.4775390625,0.0,0.6790030598640442,0.0,-0.00404625,0.0026783375,0.0026783375,-2.9328516e-20,1.1752582e-20,-4.552802e-20,-0.002842832,0.002437654,0.002437654,-1.168e-20,6.240812e-21,-2.4547557e-20,3573354.2,-3573354.2,-3573354.2,3573354.2,3573354.2,-3573354.2,-3573354.2,3573354.2,3.3341163e-10,2.4246521e-10,0.0,0.0,2.2634113e-10,1.353947e-10,0.0,0.0,-3.319953e-10,-3.02598e-10,-3.9390982e-10,-4.233071e-10,0.0,0.0,0.0,0.0,-14293417.0,-9.376127e-10,1.4518102e-09,-8.734067e-11,2.7277179e-11,-1.0383013e-10,3e-45,-0.00404625,-0.00404625,3e-45,3e-45,-0.00404625,-0.00404625,3e-45,0.0,0.0,0.0026783375,0.0026783375,0.0,0.0,0.0026783375,0.0026783375,-0.0,-0.0,-0.0,-0.0,0.0026783375,0.0026783375,0.0026783375,0.0026783375,Uniaxial,0.5394999980926514
1.161821813035218e-28,114513.75,8533.4228515625,0.0,0.6815057992935181,0.0,-0.00406125,0.0026911998,0.0026911998,-2.9752032e-20,1.5140714e-20,-4.5951537e-20,-0.002857832,0.0024505162,0.0024505162,-1.2022069e-20,6.408969e-21,-2.49527e-20,3545494.2,-3545494.2,-3545494.2,3545494.2,3545494.2,-3545494.2,-3545494.2,3545494.2,4.9005112e-11,-4.968015e-11,0.0,0.0,-5.7705746e-11,-1.5639101e-10,0.0,0.0,-3.0930716e-11,1.4145125e-11,-7.680704e-11,-1.2188288e-10,0.0,0.0,0.0,0.0,-14181977.0,2.147718e-10,2.154755e-10,-8.705964e-11,4.2875585e-11,-1.0311083e-10,-6e-45,-0.00406125,-0.00406125,-6e-45,-6e-45,-0.00406125,-0.00406125,-6e-45,-0.0,-0.0,0.0026911998,0.0026911998,-0.0,-0.0,0.0026911998,0.0026911998,-0.0,-0.0,-0.0,-0.0,0.0026911998,0.0026911998,0.0026911998,0.0026911998,Uniaxial,0.5414999723434448
1.1020221697444804e-28,114725.640625,8466.369140625,0.0,0.6840085983276367,0.0,-0.00407625,0.0027040618,0.0027040618,-3.2716648e-20,1.8528846e-20,-4.679857e-20,-0.002872832,0.0024633782,0.0024633782,-1.2413545e-20,6.6380816e-21,-2.5366169e-20,3517634.2,-3517634.2,-3517634.2,3517634.2,3517634.2,-3517634.2,-3517634.2,3517634.2,4.670845e-10,3.545941e-10,0.0,0.0,3.6760198e-10,2.551116e-10,0.0,0.0,3.8436357e-10,4.2908654e-10,3.374834e-10,2.9276043e-10,0.0,0.0,0.0,0.0,-14070537.0,-1.4443922e-09,-1.4436939e-09,-9.891117e-11,5.7928554e-11,-1.04412805e-10,1e-45,-0.00407625,-0.00407625,1e-45,1e-45,-0.00407625,-0.00407625,1e-45,-0.0,-0.0,0.0027040618,0.0027040618,-0.0,-0.0,0.0027040618,0.0027040618,0.0,0.0,0.0,0.0,0.0027040618,0.0027040618,0.0027040618,0.0027040618,Uniaxial,0.5435000061988831
9.909656463578886e-29,114935.8671875,8399.314453125,0.0,0.6865113973617554,0.0,-0.00409125,0.0027169238,0.0027169238,-3.7798845e-20,1.7681813e-20,-4.7222087e-20,-0.002887832,0.0024762403,0.0024762403,-1.28936164e-20,6.847221e-21,-2.5779867e-20,3489774.2,-3489774.2,-3489774.2,3489774.2,3489774.2,-3489774.2,-3489774.2,3489774.2,2.0654259e-10,9.120189e-11,0.0,0.0,1.07449855e-10,-7.890843e-12,0.0,0.0,1.2486238e-10,1.6680364e-10,7.5590256e-11,3.3648993e-11,0.0,0.0,0.0,0.0,-13959097.0,-3.973035e-10,-4.0090528e-10,-1.203705e-10,5.2365123e-11,-1.0363329e-10,-0.0,-0.00409125,-0.00409125,-0.0,-0.0,-0.00409125,-0.00409125,-0.0,0.0,0.0,0.0027169238,0.0027169238,0.0,0.0,0.0027169238,0.0027169238,0.0,0.0,0.0,0.0,0.0027169238,0.0027169238,0.0027169238,0.0027169238,Uniaxial,0.5454999804496765
1.1020221697444804e-28,115144.4140625,8332.259765625,0.0,0.689014196395874,0.0,-0.00410625,0.002729786,0.002729786,-3.9916428e-20,1.6411263e-20,-4.5951537e-20,-0.002902832,0.0024891023,0.0024891023,-1.3404965e-20,7.028391e-21,-2.6161844e-20,3461914.0,-3461914.0,-3461914.0,3461914.0,3461914.0,-3461914.0,-3461914.0,3461914.0,3.2595088e-10,2.0724006e-10,0.0,0.0,2.391127e-10,1.204019e-10,0.0,0.0,6.885432e-10,7.267953e-10,6.241984e-10,5.8594635e-10,0.0,0.0,0.0,0.0,-13847656.0,-8.927055e-10,-2.6254832e-09,-1.2711072e-10,4.498672e-11,-9.4882824e-11,1e-44,-0.00410625,-0.00410625,1e-44,1e-44,-0.00410625,-0.00410625,1e-44,1e-45,1e-45,0.002729786,0.002729786,1e-45,1e-45,0.002729786,0.002729786,1e-45,1e-45,1e-45,1e-45,0.002729786,0.002729786,0.002729786,0.002729786,Uniaxial,0.5475000143051147
9.909656463578886e-29,115351.296875,8265.205078125,0.0,0.6915169954299927,0.0,-0.00412125,0.0027426481,0.0027426481,-4.076346e-20,1.4717197e-20,-4.5104504e-20,-0.002917832,0.0025019646,0.0025019646,-1.3922789e-20,7.1741035e-21,-2.6520514e-20,3434054.0,-3434054.0,-3434054.0,3434054.0,3434054.0,-3434054.0,-3434054.0,3434054.0,3.328082e-10,2.13826e-10,0.0,0.0,2.4133964e-10,1.2235743e-10,0.0,0.0,2.528702e-10,2.8656627e-10,2.0297704e-10,1.6928096e-10,0.0,0.0,0.0,0.0,-13736216.0,-9.1033125e-10,-9.1169444e-10,-1.276535e-10,3.587475e-11,-8.838495e-11,-3e-45,-0.00412125,-0.00412125,-3e-45,-3e-45,-0.00412125,-0.00412125,-3e-45,-0.0,-0.0,0.0027426481,0.0027426481,-0.0,-0.0,0.0027426481,0.0027426481,-0.0,-0.0,-0.0,-0.0,0.0027426481,0.0027426481,0.0027426481,0.0027426481,Uniaxial,0.5494999885559082
8.969947697316852e-29,115556.5,8198.150390625,0.0,0.6940197348594666,0.0,-0.00413625,0.0027555102,0.0027555102,-4.076346e-20,1.30231316e-20,-4.6375054e-20,-0.002932832,0.0025148266,0.0025148266,-1.4430891e-20,7.284988e-21,-2.6896248e-20,3406194.0,-3406194.0,-3406194.0,3406194.0,3406194.0,-3406194.0,-3406194.0,3406194.0,-1.1652296e-10,-2.3378888e-10,0.0,0.0,-2.0186425e-10,-3.1913017e-10,0.0,0.0,5.207028e-10,5.4999605e-10,4.6465476e-10,4.3536152e-10,0.0,0.0,0.0,0.0,-13624776.0,8.7130625e-10,-1.9707151e-09,-1.2422095e-10,2.7069054e-11,-9.188909e-11,4e-45,-0.00413625,-0.00413625,4e-45,4e-45,-0.00413625,-0.00413625,4e-45,0.0,0.0,0.0027555102,0.0027555102,0.0,0.0,0.0027555102,0.0027555102,0.0,0.0,0.0,0.0,0.0027555102,0.0027555102,0.0027555102,0.0027555102,Uniaxial,0.5515000224113464
1.2985067463770814e-28,115760.0390625,8131.095703125,0.0,0.6965225338935852,0.0,-0.00415125,0.0027683724,0.0027683724,-4.0339944e-20,1.1752582e-20,-4.5104504e-20,-0.002947832,0.0025276886,0.0025276886,-1.4921398e-20,7.369681e-21,-2.7241054e-20,3378333.8,-3378333.8,-3378333.8,3378333.8,3378333.8,-3378333.8,-3378333.8,3378333.8,-1.1802478e-10,-2.3264442e-10,0.0,0.0,-1.9133196e-10,-3.059516e-10,0.0,0.0,-1.6827348e-10,-1.4226141e-10,-2.5496533e-10,-2.809774e-10,0.0,0.0,0.0,0.0,-13513335.0,8.4795276e-10,8.464776e-10,-1.1892838e-10,2.0506733e-11,-8.357957e-11,-4e-45,-0.00415125,-0.00415125,-4e-45,-4e-45,-0.00415125,-0.00415125,-4e-45,-0.0,-0.0,0.0027683724,0.0027683724,-0.0,-0.0,0.0027683724,0.0027683724,-0.0,-0.0,-0.0,-0.0,0.0027683724,0.0027683724,0.0027683724,0.0027683724,Uniaxial,0.5534999966621399
1.1020221697444804e-28,115961.90625,8064.041015625,0.0,0.6990253329277039,0.0,-0.00416625,0.0027812344,0.0027812344,-3.949291e-20,1.1752582e-20,-4.6375054e-20,-0.002962832,0.002540551,0.002540551,-1.5386624e-20,7.452651e-21,-2.760315e-20,3350473.8,-3350473.8,-3350473.8,3350473.8,3350473.8,-3350473.8,-3350473.8,3350473.8,-3.9059467e-10,-5.0167936e-10,0.0,0.0,-4.735443e-10,-5.8462896e-10,0.0,0.0,-4.5092566e-10,-4.2519066e-10,-5.23899e-10,-5.49634e-10,0.0,0.0,0.0,0.0,-13401895.0,1.9504474e-09,1.9496493e-09,-1.11858446e-10,1.9952621e-11,-8.7105746e-11,-1e-45,-0.00416625,-0.00416625,-1e-45,-1e-45,-0.00416625,-0.00416625,-1e-45,-0.0,-0.0,0.0027812344,0.0027812344,-0.0,-0.0,0.0027812344,0.0027812344,-0.0,-0.0,-0.0,-0.0,0.0027812344,0.0027812344,0.0027812344,0.0027812344,Uniaxial,0.5554999709129333
1.1020221697444804e-28,116162.09375,7996.986328125,0.0,0.7015281319618225,0.0,-0.00418125,0.0027940965,0.0027940965,-3.8645878e-20,1.2599615e-20,-4.9763186e-20,-0.002977832,0.002553413,0.002553413,-1.582701e-20,7.5500054e-21,-2.8022327e-20,3322613.8,-3322613.8,-3322613.8,3322613.8,3322613.8,-3322613.8,-3322613.8,3322613.8,-2.2935238e-10,-3.4488923e-10,0.0,0.0,-3.2665023e-10,-4.4218706e-10,0.0,0.0,-3.0438624e-10,-2.770093e-10,-3.664278e-10,-3.938047e-10,0.0,0.0,0.0,0.0,-13290455.0,1.3430789e-09,1.341628e-09,-1.0500409e-10,2.3236458e-11,-1.0004349e-10,-4e-45,-0.00418125,-0.00418125,-4e-45,-4e-45,-0.00418125,-0.00418125,-4e-45,-0.0,-0.0,0.0027940965,0.0027940965,-0.0,-0.0,0.0027940965,0.0027940965,-0.0,-0.0,-0.0,-0.0,0.0027940965,0.0027940965,0.0027940965,0.0027940965,Uniaxial,0.5575000047683716
1.5291624961598376e-28,116360.6171875,7929.931640625,0.0,0.7040309309959412,0.0,-0.00419625,0.0028069587,0.0028069587,-4.0339944e-20,1.4293681e-20,-5.2304284e-20,-0.002992832,0.002566275,0.002566275,-1.6290888e-20,7.677505e-21,-2.848175e-20,3294753.8,-3294753.8,-3294753.8,3294753.8,3294753.8,-3294753.8,-3294753.8,3294753.8,-3.5979777e-10,-4.855804e-10,0.0,0.0,-4.6930493e-10,-5.950876e-10,0.0,0.0,-4.458318e-10,-4.0709877e-10,-5.0872656e-10,-5.474596e-10,0.0,0.0,0.0,0.0,-13179015.0,1.9097706e-09,1.9091166e-09,-1.0973704e-10,3.0189937e-11,-1.0870341e-10,-1e-45,-0.00419625,-0.00419625,-1e-45,-1e-45,-0.00419625,-0.00419625,-1e-45,-0.0,-0.0,0.0028069587,0.0028069587,-0.0,-0.0,0.0028069587,0.0028069587,0.0,0.0,0.0,0.0,0.0028069587,0.0028069587,0.0028069587,0.0028069587,Uniaxial,0.559499979019165
1.5291624961598376e-28,116557.46875,7862.876953125,0.0,0.7065337300300598,0.0,-0.00421125,0.0028198208,0.0028198208,-4.457511e-20,1.7681813e-20,-5.061022e-20,-0.003007832,0.0025791372,0.0025791372,-1.6825918e-20,7.86657e-21,-2.890081e-20,3266893.5,-3266893.5,-3266893.5,3266893.5,3266893.5,-3266893.5,-3266893.5,3266893.5,-8.006857e-11,-2.1375783e-10,0.0,0.0,-1.7645639e-10,-3.1014566e-10,0.0,0.0,-1.6657556e-10,-1.2073316e-10,-2.2500034e-10,-2.7084274e-10,0.0,0.0,0.0,0.0,-13067574.0,7.8042844e-10,7.8315177e-10,-1.2555024e-10,4.4408723e-11,-9.822347e-11,-3e-45,-0.00421125,-0.00421125,-3e-45,-3e-45,-0.00421125,-0.00421125,-3e-45,-0.0,-0.0,0.0028198208,0.0028198208,-0.0,-0.0,0.0028198208,0.0028198208,-0.0,-0.0,-0.0,-0.0,0.0028198208,0.0028198208,0.0028198208,0.0028198208,Uniaxial,0.5615000128746033
1.3668492130480131e-28,116752.640625,7795.822265625,0.0,0.7090364694595337,0.0,-0.00422625,0.0028326828,0.0028326828,-4.8810274e-20,2.1069945e-20,-4.8916153e-20,-0.003022832,0.0025919992,0.0025919992,-1.7430991e-20,8.1161936e-21,-2.9279864e-20,3239033.5,-3239033.5,-3239033.5,3239033.5,3239033.5,-3239033.5,-3239033.5,3239033.5,6.482674e-11,-6.8589905e-11,0.0,0.0,-2.6492369e-11,-1.5990902e-10,0.0,0.0,-2.5252495e-11,2.744004e-11,-7.175842e-11,-1.2445096e-10,0.0,0.0,0.0,0.0,-12956134.0,1.9016454e-10,1.9402184e-10,-1.407637e-10,5.810898e-11,-8.808604e-11,-0.0,-0.00422625,-0.00422625,-0.0,-0.0,-0.00422625,-0.00422625,-0.0,-0.0,-0.0,0.0028326828,0.0028326828,-0.0,-0.0,0.0028326828,0.0028326828,-0.0,-0.0,-0.0,-0.0,0.0028326828,0.0028326828,0.0028326828,0.0028326828,Uniaxial,0.5634999871253967
1.5291624961598376e-28,116946.1484375,7728.76806640625,0.0,0.7115392684936523,0.0,-0.00424125,0.002845545,0.002845545,-4.9657307e-20,2.3187527e-20,-5.1033735e-20,-0.003037832,0.0026048613,0.0026048613,-1.8040964e-20,8.401298e-21,-2.9691474e-20,3211173.5,-3211173.5,-3211173.5,3211173.5,3211173.5,-3211173.5,-3211173.5,3211173.5,4.83135e-10,3.4191722e-10,0.0,0.0,3.8052184e-10,2.393041e-10,0.0,0.0,-1.5597255e-10,-9.945514e-11,-1.941889e-10,-2.5070632e-10,0.0,0.0,0.0,0.0,-12844694.0,-1.4448781e-09,7.003229e-10,-1.4060722e-10,6.575874e-11,-9.4915346e-11,-1e-45,-0.00424125,-0.00424125,-1e-45,-1e-45,-0.00424125,-0.00424125,-1e-45,0.0,0.0,0.002845545,0.002845545,0.0,0.0,0.002845545,0.002845545,-0.0,-0.0,-0.0,-0.0,0.002845545,0.002845545,0.002845545,0.002845545,Uniaxial,0.565500020980835
1.4608200294889058e-28,117137.984375,7661.71337890625,0.0,0.714042067527771,0.0,-0.00425625,0.002858407,0.002858407,-5.1351372e-20,2.3187527e-20,-4.9763186e-20,-0.003052832,0.0026177235,0.0026177235,-1.8671381e-20,8.681205e-21,-3.0071557e-20,3183313.5,-3183313.5,-3183313.5,3183313.5,3183313.5,-3183313.5,-3183313.5,3183313.5,3.2481404e-10,1.8186157e-10,0.0,0.0,2.3413058e-10,9.117813e-11,0.0,0.0,2.2029532e-10,2.837898e-10,1.9310636e-10,1.2961188e-10,0.0,0.0,0.0,0.0,-12733254.0,-8.319843e-10,-8.2680335e-10,-1.4407664e-10,6.395418e-11,-8.681471e-11,0.0,-0.00425625,-0.00425625,0.0,0.0,-0.00425625,-0.00425625,0.0,-0.0,-0.0,0.002858407,0.002858407,-0.0,-0.0,0.002858407,0.002858407,-0.0,-0.0,-0.0,-0.0,0.002858407,0.002858407,0.002858407,0.002858407,Uniaxial,0.5674999952316284
1.3668492130480131e-28,117328.1484375,7594.65869140625,0.0,0.7165448665618896,0.0,-0.00427125,0.0028712691,0.0028712691,-5.2621922e-20,2.403456e-20,-5.0186702e-20,-0.003067832,0.0026305856,0.0026305856,-1.9313955e-20,8.971769e-21,-3.0452302e-20,3155453.2,-3155453.2,-3155453.2,3155453.2,3155453.2,-3155453.2,-3155453.2,3155453.2,5.770639e-10,4.3336973e-10,0.0,0.0,4.9454624e-10,3.508521e-10,0.0,0.0,-1.8007165e-10,-1.156411e-10,-2.060381e-10,-2.7046865e-10,0.0,0.0,0.0,0.0,-12621813.0,-1.8558319e-09,7.722195e-10,-1.4556002e-10,6.58263e-11,-8.624182e-11,6e-45,-0.00427125,-0.00427125,6e-45,6e-45,-0.00427125,-0.00427125,6e-45,1e-45,1e-45,0.0028712691,0.0028712691,1e-45,1e-45,0.0028712691,0.0028712691,0.0,0.0,0.0,0.0,0.0028712691,0.0028712691,0.0028712691,0.0028712691,Uniaxial,0.5695000290870667
1.4608200294889058e-28,117516.640625,7527.60400390625,0.0,0.7190476655960083,0.0,-0.00428625,0.0028841314,0.0028841314,-5.3468955e-20,2.4458076e-20,-4.7222087e-20,-0.003082832,0.0026434476,0.0026434476,-1.9960438e-20,9.264889e-21,-3.077004e-20,3127593.2,-3127593.2,-3127593.2,3127593.2,3127593.2,-3127593.2,-3127593.2,3127593.2,1.8346712e-10,3.9981206e-11,0.0,0.0,1.0055966e-10,-4.2926253e-11,0.0,0.0,7.231647e-11,1.4461818e-10,6.959007e-11,-2.7116376e-12,0.0,0.0,0.0,0.0,-12510373.0,-2.810817e-10,-2.8381308e-10,-1.4514354e-10,6.580993e-11,-7.126273e-11,1e-45,-0.00428625,-0.00428625,1e-45,1e-45,-0.00428625,-0.00428625,1e-45,0.0,0.0,0.0028841314,0.0028841314,0.0,0.0,0.0028841314,0.0028841314,0.0,0.0,0.0,0.0,0.0028841314,0.0028841314,0.0028841314,0.0028841314,Uniaxial,0.5715000033378601
1.7000186026518561e-28,117703.4609375,7460.54931640625,0.0,0.7215504050254822,0.0,-0.00430125,0.0028969934,0.0028969934,-5.431599e-20,2.6575659e-20,-4.8492636e-20,-0.003097832,0.0026563099,0.0026563099,-2.061072e-20,9.592388e-21,-3.1105416e-20,3099733.2,-3099733.2,-3099733.2,3099733.2,3099733.2,-3099733.2,-3099733.2,3099733.2,6.046358e-11,-8.279819e-11,0.0,0.0,-1.625446e-11,-1.5951623e-10,0.0,0.0,-3.742758e-11,3.8423396e-11,-6.1932695e-11,-1.3778366e-10,0.0,0.0,0.0,0.0,-12398933.0,1.9810531e-10,1.9872054e-10,-1.4469527e-10,7.290846e-11,-7.464259e-11,-0.0,-0.00430125,-0.00430125,-0.0,-0.0,-0.00430125,-0.00430125,-0.0,-0.0,-0.0,0.0028969934,0.0028969934,-0.0,-0.0,0.0028969934,0.0028969934,0.0,0.0,0.0,0.0,0.0028969934,0.0028969934,0.0028969934,0.0028969934,Uniaxial,0.5734999775886536
1.5889621394505751e-28,117888.609375,7393.49462890625,0.0,0.7240532040596008,0.0,-0.00431625,0.0029098555,0.0029098555,-5.516302e-20,2.869324e-20,-5.2304284e-20,-0.003112832,0.002669172,0.002669172,-2.1264726e-20,9.953773e-21,-3.1506356e-20,3071873.0,-3071873.0,-3071873.0,3071873.0,3071873.0,-3071873.0,-3071873.0,3071873.0,3.2152056e-10,1.7061907e-10,0.0,0.0,2.3788274e-10,8.698127e-11,0.0,0.0,2.0277496e-10,2.899134e-10,2.062756e-10,1.1913716e-10,0.0,0.0,0.0,0.0,-12287492.0,-8.1700363e-10,-8.1810114e-10,-1.4421597e-10,7.972468e-11,-8.848213e-11,0.0,-0.00431625,-0.00431625,0.0,0.0,-0.00431625,-0.00431625,0.0,-0.0,-0.0,0.0029098555,0.0029098555,-0.0,-0.0,0.0029098555,0.0029098555,-0.0,-0.0,-0.0,-0.0,0.0029098555,0.0029098555,0.0029098555,0.0029098555,Uniaxial,0.5755000114440918
1.6402189593611186e-28,118072.0859375,7326.43994140625,0.0,0.7265560030937195,0.0,-0.00433125,0.0029227175,0.0029227175,-5.770412e-20,3.2081373e-20,-5.6962966e-20,-0.003127832,0.002682034,0.002682034,-2.1954296e-20,1.0372335e-20,-3.1987817e-20,3044013.0,-3044013.0,-3044013.0,3044013.0,3044013.0,-3044013.0,-3044013.0,3044013.0,-3.1909936e-10,-4.7324966e-10,0.0,0.0,-4.1114104e-10,-5.6529137e-10,0.0,0.0,-4.4930332e-10,-3.483875e-10,-4.3254988e-10,-5.3346566e-10,0.0,0.0,0.0,0.0,-12176052.0,1.7687815e-09,1.7637064e-09,-1.5071368e-10,9.15207e-11,-1.0528992e-10,3e-45,-0.00433125,-0.00433125,3e-45,3e-45,-0.00433125,-0.00433125,3e-45,0.0,1e-45,0.0029227175,0.0029227175,0.0,0.0,0.0029227175,0.0029227175,0.0,0.0,0.0,0.0,0.0029227175,0.0029227175,0.0029227175,0.0029227175,Uniaxial,0.5774999856948853
1.5889621394505751e-28,118253.890625,7259.3857421875,0.0,0.7290588021278381,0.0,-0.00434625,0.0029355797,0.0029355797,-6.024522e-20,3.716357e-20,-5.738648e-20,-0.003142832,0.0026948962,0.0026948962,-2.2678914e-20,1.0879021e-20,-3.246858e-20,3016153.0,-3016153.0,-3016153.0,3016153.0,3016153.0,-3016153.0,-3016153.0,3016153.0,-4.4936393e-10,-6.066185e-10,0.0,0.0,-5.4080423e-10,-6.980588e-10,0.0,0.0,-5.7782107e-10,-4.75647e-10,-5.670873e-10,-6.6926137e-10,0.0,0.0,0.0,0.0,-12064612.0,2.2948454e-09,2.2898168e-09,-1.5692209e-10,1.097959e-10,-1.04087135e-10,-4e-45,-0.00434625,-0.00434625,-4e-45,-4e-45,-0.00434625,-0.00434625,-4e-45,-1e-45,-1e-45,0.0029355797,0.0029355797,-1e-45,-1e-45,0.0029355797,0.0029355797,-0.0,-0.0,-0.0,-0.0,0.0029355797,0.0029355797,0.0029355797,0.0029355797,Uniaxial,0.5795000195503235
1.7683610693227879e-28,118434.0234375,7192.3310546875,0.0,0.7315616011619568,0.0,-0.00436125,0.0029484418,0.0029484418,-6.23628e-20,3.970467e-20,-5.4845383e-20,-0.003157832,0.0027077582,0.0027077582,-2.3429943e-20,1.1424459e-20,-3.289242e-20,2988293.0,-2988293.0,-2988293.0,2988293.0,2988293.0,-2988293.0,-2988293.0,2988293.0,-3.4110527e-11,-1.9346814e-10,0.0,0.0,-1.2681409e-10,-2.861717e-10,0.0,0.0,-1.6307418e-10,-6.515692e-11,-1.5786049e-10,-2.5577773e-10,0.0,0.0,0.0,0.0,-11953172.0,6.405645e-10,6.4186934e-10,-1.6112825e-10,1.17041e-10,-9.085494e-11,-3e-45,-0.00436125,-0.00436125,-3e-45,-3e-45,-0.00436125,-0.00436125,-3e-45,-0.0,-0.0,0.0029484418,0.0029484418,-0.0,-0.0,0.0029484418,0.0029484418,0.0,0.0,0.0,0.0,0.0029484418,0.0029484418,0.0029484418,0.0029484418,Uniaxial,0.5814999938011169
1.8367035359937196e-28,118612.484375,7125.2763671875,0.0,0.7340643405914307,0.0,-0.00437625,0.0029613038,0.0029613038,-6.448038e-20,3.7587087e-20,-5.27278e-20,-0.003172832,0.0027206203,0.0027206203,-2.420684e-20,1.1919924e-20,-3.3268112e-20,2960432.8,-2960432.8,-2960432.8,2960432.8,2960432.8,-2960432.8,-2960432.8,2960432.8,4.3582343e-10,2.7446848e-10,0.0,0.0,3.6441333e-10,2.0305839e-10,0.0,0.0,-1.6829275e-10,-7.627789e-11,-1.7920537e-10,-2.7122024e-10,0.0,0.0,0.0,0.0,-11841731.0,-1.2777637e-09,6.949962e-10,-1.6512289e-10,1.0523624e-10,-7.9785394e-11,1e-45,-0.00437625,-0.00437625,1e-45,1e-45,-0.00437625,-0.00437625,1e-45,0.0,0.0,0.0029613038,0.0029613038,0.0,0.0,0.0029613038,0.0029613038,-0.0,-0.0,-0.0,-0.0,0.0029613038,0.0029613038,0.0029613038,0.0029613038,Uniaxial,0.5835000276565552
1.5120768493994492e-28,118789.2734375,7058.2216796875,0.0,0.7365671396255493,0.0,-0.00439125,0.002974166,0.002974166,-6.575093e-20,3.5469505e-20,-5.3574834e-20,-0.003187832,0.0027334825,0.0027334825,-2.4993162e-20,1.2365925e-20,-3.3652444e-20,2932572.8,-2932572.8,-2932572.8,2932572.8,2932572.8,-2932572.8,-2932572.8,2932572.8,5.6577654e-10,4.0421524e-10,0.0,0.0,4.859229e-10,3.2436162e-10,0.0,0.0,4.416935e-10,5.2800725e-10,4.4815363e-10,3.6183986e-10,0.0,0.0,0.0,0.0,-11730291.0,-1.7802763e-09,-1.7796943e-09,-1.6553561e-10,9.383402e-11,-8.0913776e-11,0.0,-0.00439125,-0.00439125,0.0,0.0,-0.00439125,-0.00439125,0.0,0.0,0.0,0.002974166,0.002974166,0.0,0.0,0.002974166,0.002974166,0.0,0.0,0.0,0.0,0.002974166,0.002974166,0.002974166,0.002974166,Uniaxial,0.5855000019073486
1.5120768493994492e-28,118964.390625,6991.1669921875,0.0,0.739069938659668,0.0,-0.00440625,0.002987028,0.002987028,-6.6597965e-20,3.2928406e-20,-5.1880768e-20,-0.003202832,0.0027463445,0.0027463445,-2.5780675e-20,1.275542e-20,-3.3997672e-20,2904712.8,-2904712.8,-2904712.8,2904712.8,2904712.8,-2904712.8,-2904712.8,2904712.8,4.2296933e-10,2.620746e-10,0.0,0.0,3.4760195e-10,1.8670722e-10,0.0,0.0,3.0966515e-10,3.8175915e-10,2.985124e-10,2.2641843e-10,0.0,0.0,0.0,0.0,-11618851.0,-1.2193531e-09,-1.2163551e-09,-1.6420244e-10,8.1153195e-11,-7.194127e-11,0.0,-0.00440625,-0.00440625,0.0,0.0,-0.00440625,-0.00440625,0.0,-0.0,-0.0,0.002987028,0.002987028,-0.0,-0.0,0.002987028,0.002987028,-0.0,-0.0,-0.0,-0.0,0.002987028,0.002987028,0.002987028,0.002987028,Uniaxial,0.5874999761581421
1.5462481429202259e-28,119137.8359375,6924.1123046875,0.0,0.7415727376937866,0.0,-0.00442125,0.0029998901,0.0029998901,-6.6597965e-20,2.9540274e-20,-5.2304284e-20,-0.003217832,0.0027592066,0.0027592066,-2.6553359e-20,1.3073483e-20,-3.4344184e-20,2876852.5,-2876852.5,-2876852.5,2876852.5,2876852.5,-2876852.5,-2876852.5,2876852.5,1.8984483e-10,3.1276877e-11,0.0,0.0,9.891035e-11,-5.9657605e-11,0.0,0.0,6.612426e-11,1.304458e-10,6.3149375e-11,-1.1721737e-12,0.0,0.0,0.0,0.0,-11507410.0,-2.6037447e-10,-2.5854727e-10,-1.5954893e-10,6.560831e-11,-7.155807e-11,1e-45,-0.00442125,-0.00442125,1e-45,1e-45,-0.00442125,-0.00442125,1e-45,0.0,0.0,0.0029998901,0.0029998901,0.0,0.0,0.0029998901,0.0029998901,0.0,0.0,0.0,0.0,0.0029998901,0.0029998901,0.0029998901,0.0029998901,Uniaxial,0.5895000100135803
1.3753919160575858e-28,119309.6171875,6857.0576171875,0.0,0.7440755367279053,0.0,-0.00443625,0.0030127524,0.0030127524,-6.702148e-20,2.6999175e-20,-5.2304284e-20,-0.003232832,0.0027720688,0.0027720688,-2.7319394e-20,1.33373415e-20,-3.4684174e-20,2848992.5,-2848992.5,-2848992.5,2848992.5,2848992.5,-2848992.5,-2848992.5,2848992.5,6.57846e-10,5.0072635e-10,0.0,0.0,5.9944616e-10,4.423265e-10,0.0,0.0,8.648207e-11,1.4495219e-10,6.29143e-11,4.444185e-12,0.0,0.0,0.0,0.0,-11395970.0,-2.200345e-09,-2.9879274e-10,-1.5665236e-10,5.3905436e-11,-6.9523595e-11,-3e-45,-0.00443625,-0.00443625,-3e-45,-3e-45,-0.00443625,-0.00443625,-3e-45,-0.0,-0.0,0.0030127524,0.0030127524,-0.0,-0.0,0.0030127524,0.0030127524,-0.0,-0.0,-0.0,-0.0,0.0030127524,0.0030127524,0.0030127524,0.0030127524,Uniaxial,0.5914999842643738
1.4608200294889058e-28,119479.71875,6790.00341796875,0.0,0.7465782761573792,0.0,-0.00445125,0.0030256144,0.0030256144,-6.7868515e-20,2.530511e-20,-5.442187e-20,-0.003247832,0.0027849309,0.0027849309,-2.808692e-20,1.3564056e-20,-3.5057614e-20,2821132.5,-2821132.5,-2821132.5,2821132.5,2821132.5,-2821132.5,-2821132.5,2821132.5,-3.9467037e-11,-1.8809672e-10,0.0,0.0,-1.2457227e-10,-2.7320196e-10,0.0,0.0,-1.4084099e-10,-8.63868e-11,-1.7149203e-10,-2.2594623e-10,0.0,0.0,0.0,0.0,-11284530.0,6.25338e-10,6.2466604e-10,-1.554311e-10,4.5873597e-11,-7.565828e-11,3e-45,-0.00445125,-0.00445125,3e-45,3e-45,-0.00445125,-0.00445125,3e-45,0.0,0.0,0.0030256144,0.0030256144,0.0,0.0,0.0030256144,0.0030256144,0.0,0.0,0.0,0.0,0.0030256144,0.0030256144,0.0030256144,0.0030256144,Uniaxial,0.593500018119812
1.1276505195144413e-28,119648.1484375,6722.94873046875,0.0,0.7490810751914978,0.0,-0.00446625,0.0030384765,0.0030384765,-6.702148e-20,2.530511e-20,-5.738648e-20,-0.003262832,0.002797793,0.002797793,-2.8824042e-20,1.3786319e-20,-3.548003e-20,2793272.5,-2793272.5,-2793272.5,2793272.5,2793272.5,-2793272.5,-2793272.5,2793272.5,-5.8055873e-11,-1.9497456e-10,0.0,0.0,-1.4770482e-10,-2.846235e-10,0.0,0.0,-1.6143205e-10,-1.0763428e-10,-1.8152453e-10,-2.353223e-10,0.0,0.0,0.0,0.0,-11173090.0,6.8535877e-10,6.8591316e-10,-1.4776778e-10,4.4560744e-11,-8.47457e-11,-0.0,-0.00446625,-0.00446625,-0.0,-0.0,-0.00446625,-0.00446625,-0.0,-0.0,-0.0,0.0030384765,0.0030384765,-0.0,-0.0,0.0030384765,0.0030384765,0.0,0.0,0.0,0.0,0.0030384765,0.0030384765,0.0030384765,0.0030384765,Uniaxial,0.5954999923706055
1.1276505195144413e-28,119814.9140625,6655.89404296875,0.0,0.7515838742256165,0.0,-0.00448125,0.0030513387,0.0030513387,-6.448038e-20,2.6999175e-20,-5.781e-20,-0.003277832,0.002810655,0.002810655,-2.949927e-20,1.4036282e-20,-3.59027e-20,2765412.2,-2765412.2,-2765412.2,2765412.2,2765412.2,-2765412.2,-2765412.2,2765412.2,-6.162467e-11,-1.9164727e-10,0.0,0.0,-1.508526e-10,-2.808752e-10,0.0,0.0,-1.6296024e-10,-1.0661928e-10,-1.8008851e-10,-2.3642946e-10,0.0,0.0,0.0,0.0,-11061649.0,6.849997e-10,6.860975e-10,-1.3397562e-10,4.964712e-11,-8.3903676e-11,3e-45,-0.00448125,-0.00448125,3e-45,3e-45,-0.00448125,-0.00448125,3e-45,0.0,0.0,0.0030513387,0.0030513387,0.0,0.0,0.0030513387,0.0030513387,0.0,0.0,0.0,0.0,0.0030513387,0.0030513387,0.0030513387,0.0030513387,Uniaxial,0.5975000262260437
1.1276505195144413e-28,119980.0,6588.83935546875,0.0,0.7540866732597351,0.0,-0.00449625,0.0030642007,0.0030642007,-6.1939284e-20,2.869324e-20,-5.992758e-20,-0.003292832,0.0028235172,0.0028235172,-3.011361e-20,1.4313583e-20,-3.63573e-20,2737552.2,-2737552.2,-2737552.2,2737552.2,2737552.2,-2737552.2,-2737552.2,2737552.2,3.903381e-10,2.6697206e-10,0.0,0.0,3.1413902e-10,1.9077297e-10,0.0,0.0,-2.6375e-10,-2.0497339e-10,-2.9693117e-10,-3.5570777e-10,0.0,0.0,0.0,0.0,-10950209.0,-1.1622221e-09,1.1213623e-09,-1.206625e-10,5.4518414e-11,-8.936336e-11,0.0,-0.00449625,-0.00449625,0.0,0.0,-0.00449625,-0.00449625,0.0,0.0,0.0,0.0030642007,0.0030642007,0.0,0.0,0.0030642007,0.0030642007,0.0,0.0,0.0,0.0,0.0030642007,0.0030642007,0.0030642007,0.0030642007,Uniaxial,0.5995000004768372
1.1276505195144413e-28,120143.4140625,6521.78466796875,0.0,0.7565894722938538,0.0,-0.00451125,0.0030770628,0.0030770628,-6.0668735e-20,3.123434e-20,-6.03511e-20,-0.003307832,0.0028363792,0.0028363792,-3.069215e-20,1.4633659e-20,-3.6811466e-20,2709692.2,-2709692.2,-2709692.2,2709692.2,2709692.2,-2709692.2,-2709692.2,2709692.2,1.7315603e-10,5.387359e-11,0.0,0.0,8.17105e-11,-3.757194e-11,0.0,0.0,7.360296e-11,1.3626963e-10,6.058281e-11,-2.083876e-12,0.0,0.0,0.0,0.0,-10838769.0,-2.7116817e-10,-2.6837152e-10,-1.124953e-10,6.2298576e-11,-8.833887e-11,-0.0,-0.00451125,-0.00451125,-0.0,-0.0,-0.00451125,-0.00451125,-0.0,0.0,0.0,0.0030770628,0.0030770628,0.0,0.0,0.0030770628,0.0030770628,-0.0,-0.0,-0.0,-0.0,0.0030770628,0.0030770628,0.0030770628,0.0030770628,Uniaxial,0.6014999747276306
1.3668492130480131e-28,120305.1640625,6454.72998046875,0.0,0.7590922117233276,0.0,-0.00452625,0.003089925,0.003089925,-6.0668735e-20,3.2081373e-20,-6.119813e-20,-0.003322832,0.0028492413,0.0028492413,-3.1259614e-20,1.4963869e-20,-3.7273036e-20,2681832.2,-2681832.2,-2681832.2,2681832.2,2681832.2,-2681832.2,-2681832.2,2681832.2,-1.6843874e-10,-2.9396838e-10,0.0,0.0,-2.5226662e-10,-3.7779627e-10,0.0,0.0,-2.587573e-10,-1.9545109e-10,-2.8715832e-10,-3.5046455e-10,0.0,0.0,0.0,0.0,-10727329.0,1.09247e-09,1.0918313e-09,-1.09230985e-10,6.357762e-11,-8.886229e-11,-3e-45,-0.00452625,-0.00452625,-3e-45,-3e-45,-0.00452625,-0.00452625,-3e-45,-0.0,-0.0,0.003089925,0.003089925,-0.0,-0.0,0.003089925,0.003089925,-0.0,-0.0,-0.0,-0.0,0.003089925,0.003089925,0.003089925,0.003089925,Uniaxial,0.6035000085830688
1.2985067463770814e-28,120465.234375,6387.67529296875,0.0,0.7615950107574463,0.0,-0.00454125,0.003102787,0.003102787,-6.4056867e-20,3.3351922e-20,-6.246868e-20,-0.003337832,0.0028621035,0.0028621035,-3.1880158e-20,1.531184e-20,-3.7749877e-20,2653972.0,-2653972.0,-2653972.0,2653972.0,2653972.0,-2653972.0,-2653972.0,2653972.0,5.676252e-11,-6.540667e-11,0.0,0.0,-3.594183e-11,-1.5811102e-10,0.0,0.0,-3.681585e-11,2.7855636e-11,-6.484871e-11,-1.295202e-10,0.0,0.0,0.0,0.0,-10615888.0,2.0269701e-10,2.0332912e-10,-1.182688e-10,6.630818e-11,-9.085651e-11,-3e-45,-0.00454125,-0.00454125,-3e-45,-3e-45,-0.00454125,-0.00454125,-3e-45,-0.0,-0.0,0.003102787,0.003102787,-0.0,-0.0,0.003102787,0.003102787,-0.0,-0.0,-0.0,-0.0,0.003102787,0.003102787,0.003102787,0.003102787,Uniaxial,0.6054999828338623
1.4522772061087117e-28,120623.640625,6320.62109375,0.0,0.7640978097915649,0.0,-0.00455625,0.003115649,0.003115649,-6.617445e-20,3.4622472e-20,-6.4162746e-20,-0.003352832,0.0028749655,0.0028749655,-3.252916e-20,1.5677276e-20,-3.824972e-20,2626112.0,-2626112.0,-2626112.0,2626112.0,2626112.0,-2626112.0,-2626112.0,2626112.0,2.7993804e-10,1.55719e-10,0.0,0.0,1.7765954e-10,5.3440478e-11,0.0,0.0,1.7693841e-10,2.429078e-10,1.56388e-10,9.041859e-11,0.0,0.0,0.0,0.0,-10504448.0,-6.6675704e-10,-6.666528e-10,-1.2236853e-10,6.890402e-11,-9.4246146e-11,1e-45,-0.00455625,-0.00455625,1e-45,1e-45,-0.00455625,-0.00455625,1e-45,0.0,0.0,0.003115649,0.003115649,0.0,0.0,0.003115649,0.003115649,0.0,0.0,0.0,0.0,0.003115649,0.003115649,0.003115649,0.003115649,Uniaxial,0.6075000166893005
1.4522772061087117e-28,120780.3671875,6253.56640625,0.0,0.7666006088256836,0.0,-0.00457125,0.0031285114,0.0031285114,-6.829203e-20,3.5469505e-20,-6.6703845e-20,-0.003367832,0.0028878276,0.0028878276,-3.320596e-20,1.605187e-20,-3.8788127e-20,2598252.0,-2598252.0,-2598252.0,2598252.0,2598252.0,-2598252.0,-2598252.0,2598252.0,1.8089005e-10,5.4727813e-11,0.0,0.0,9.1266876e-11,-3.4895364e-11,0.0,0.0,9.243553e-11,1.5888946e-10,5.3507587e-11,-1.29463445e-11,0.0,0.0,0.0,0.0,-10393008.0,-2.9198938e-10,-2.9188624e-10,-1.262549e-10,6.987307e-11,-1.0045286e-10,1e-45,-0.00457125,-0.00457125,1e-45,1e-45,-0.00457125,-0.00457125,1e-45,0.0,0.0,0.0031285114,0.0031285114,0.0,0.0,0.0031285114,0.0031285114,0.0,0.0,0.0,0.0,0.0031285114,0.0031285114,0.0031285114,0.0031285114,Uniaxial,0.609499990940094
1.2985067463770814e-28,120935.4296875,6186.51171875,0.0,0.7691034078598022,0.0,-0.00458625,0.0031413734,0.0031413734,-7.0409614e-20,3.5469505e-20,-6.7974394e-20,-0.003382832,0.0029006898,0.0029006898,-3.391004e-20,1.6419451e-20,-3.934051e-20,2570391.8,-2570391.8,-2570391.8,2570391.8,2570391.8,-2570391.8,-2570391.8,2570391.8,4.9937177e-10,3.713705e-10,0.0,0.0,4.0112955e-10,2.7312824e-10,0.0,0.0,4.026331e-10,4.6805815e-10,3.698159e-10,3.0439085e-10,0.0,0.0,0.0,0.0,-10281567.0,-1.545e-09,-1.544898e-09,-1.2993298e-10,6.7815316e-11,-1.019323e-10,-1e-45,-0.00458625,-0.00458625,-1e-45,-1e-45,-0.00458625,-0.00458625,-1e-45,-0.0,-0.0,0.0031413734,0.0031413734,-0.0,-0.0,0.0031413734,0.0031413734,-0.0,-0.0,-0.0,-0.0,0.0031413734,0.0031413734,0.0031413734,0.0031413734,Uniaxial,0.6115000247955322
1.3668492130480131e-28,121088.8203125,6119.45703125,0.0,0.7716061472892761,0.0,-0.00460125,0.0031542354,0.0031542354,-7.210368e-20,3.589302e-20,-6.9244943e-20,-0.003397832,0.0029135519,0.0029135519,-3.4632895e-20,1.6788052e-20,-3.9906492e-20,2542531.8,-2542531.8,-2542531.8,2542531.8,2542531.8,-2542531.8,-2542531.8,2542531.8,1.7552791e-10,4.6520846e-11,0.0,0.0,9.235629e-11,-3.6650773e-11,0.0,0.0,9.4079806e-11,1.5923403e-10,4.454501e-11,-2.060921e-11,0.0,0.0,0.0,0.0,-10170127.0,-2.7775426e-10,-2.7724964e-10,-1.3194454e-10,6.727365e-11,-1.0330845e-10,-1e-45,-0.00460125,-0.00460125,-1e-45,-1e-45,-0.00460125,-0.00460125,-1e-45,-0.0,-0.0,0.0031542354,0.0031542354,-0.0,-0.0,0.0031542354,0.0031542354,-0.0,-0.0,-0.0,-0.0,0.0031542354,0.0031542354,0.0031542354,0.0031542354,Uniaxial,0.6134999990463257
1.2985067463770814e-28,121240.53125,6052.40234375,0.0,0.7741089463233948,0.0,-0.00461625,0.0031670977,0.0031670977,-7.295071e-20,3.6740054e-20,-6.9244943e-20,-0.003412832,0.002926414,0.002926414,-3.5358184e-20,1.716567e-20,-4.0461876e-20,2514671.8,-2514671.8,-2514671.8,2514671.8,2514671.8,-2514671.8,-2514671.8,2514671.8,2.6547503e-10,1.3697887e-10,0.0,0.0,1.6807783e-10,3.958167e-11,0.0,0.0,1.6869993e-10,2.34303e-10,1.3690579e-10,7.1302735e-11,0.0,0.0,0.0,0.0,-10058687.0,-6.101134e-10,-6.1121147e-10,-1.3092274e-10,6.8171316e-11,-1.002422e-10,4e-45,-0.00461625,-0.00461625,4e-45,4e-45,-0.00461625,-0.00461625,4e-45,0.0,0.0,0.0031670977,0.0031670977,0.0,0.0,0.0031670977,0.0031670977,0.0,0.0,0.0,0.0,0.0031670977,0.0031670977,0.0031670977,0.0031670977,Uniaxial,0.6154999732971191
1.2985067463770814e-28,121390.578125,5985.34765625,0.0,0.7766117453575134,0.0,-0.00463125,0.0031799597,0.0031799597,-7.3797746e-20,3.6740054e-20,-6.839791e-20,-0.003427832,0.0029392762,0.0029392762,-3.6085777e-20,1.7536218e-20,-4.0990793e-20,2486811.8,-2486811.8,-2486811.8,2486811.8,2486811.8,-2486811.8,-2486811.8,2486811.8,4.892832e-10,3.6130662e-10,0.0,0.0,3.9481077e-10,2.6683417e-10,0.0,0.0,8.221772e-11,1.4680503e-10,5.2332583e-11,-1.2254733e-11,0.0,0.0,0.0,0.0,-9947247.0,-1.5122348e-09,-2.691006e-10,-1.298836e-10,6.613984e-11,-9.4392716e-11,3e-45,-0.00463125,-0.00463125,3e-45,3e-45,-0.00463125,-0.00463125,3e-45,0.0,0.0,0.0031799597,0.0031799597,0.0,0.0,0.0031799597,0.0031799597,0.0,0.0,0.0,0.0,0.0031799597,0.0031799597,0.0031799597,0.0031799597,Uniaxial,0.6175000071525574
1.2985067463770814e-28,121538.953125,5918.29296875,0.0,0.7791145443916321,0.0,-0.00464625,0.0031928218,0.0031928218,-7.464478e-20,3.6316538e-20,-6.9244943e-20,-0.003442832,0.0029521382,0.0029521382,-3.681563e-20,1.7891776e-20,-4.1525575e-20,2458951.5,-2458951.5,-2458951.5,2458951.5,2458951.5,-2458951.5,-2458951.5,2458951.5,4.74951e-10,3.4750244e-10,0.0,0.0,3.804756e-10,2.5302704e-10,0.0,0.0,-1.3313643e-10,-7.024618e-11,-1.6472157e-10,-2.2761183e-10,0.0,0.0,0.0,0.0,-9835806.0,-1.455956e-09,5.9571603e-10,-1.2882756e-10,6.274572e-11,-9.43986e-11,-1e-45,-0.00464625,-0.00464625,-1e-45,-1e-45,-0.00464625,-0.00464625,-1e-45,-0.0,-0.0,0.0031928218,0.0031928218,-0.0,-0.0,0.0031928218,0.0031928218,-0.0,-0.0,-0.0,-0.0,0.0031928218,0.0031928218,0.0031928218,0.0031928218,Uniaxial,0.6194999814033508
1.2985067463770814e-28,121685.65625,5851.23876953125,0.0,0.7816173434257507,0.0,-0.00466125,0.003205684,0.003205684,-7.549181e-20,3.6740054e-20,-6.839791e-20,-0.003457832,0.0029650002,0.0029650002,-3.7547702e-20,1.824854e-20,-4.2034356e-20,2431091.5,-2431091.5,-2431091.5,2431091.5,2431091.5,-2431091.5,-2431091.5,2431091.5,3.7580633e-10,2.4889404e-10,0.0,0.0,2.8414815e-10,1.5723588e-10,0.0,0.0,-1.2462976e-10,-6.1982586e-11,-1.5364075e-10,-2.1628792e-10,0.0,0.0,0.0,0.0,-9724366.0,-1.0660843e-09,5.5654104e-10,-1.27755e-10,6.225956e-11,-8.8764135e-11,-1e-45,-0.00466125,-0.00466125,-1e-45,-1e-45,-0.00466125,-0.00466125,-1e-45,0.0,0.0,0.003205684,0.003205684,0.0,0.0,0.003205684,0.003205684,-0.0,-0.0,-0.0,-0.0,0.003205684,0.003205684,0.003205684,0.003205684,Uniaxial,0.6215000152587891
1.2985067463770814e-28,121830.6796875,5784.18408203125,0.0,0.7841200828552246,0.0,-0.00467625,0.003218546,0.003218546,-7.6338844e-20,3.7587087e-20,-7.051549e-20,-0.003472832,0.0029778625,0.0029778625,-3.828195e-20,1.8614545e-20,-4.2573312e-20,2403231.5,-2403231.5,-2403231.5,2403231.5,2403231.5,-2403231.5,-2403231.5,2403231.5,-1.3603196e-10,-2.623999e-10,0.0,0.0,-2.2980862e-10,-3.5617656e-10,0.0,0.0,-2.3126226e-10,-1.6817131e-10,-2.6194796e-10,-3.250389e-10,0.0,0.0,0.0,0.0,-9612926.0,9.844171e-10,9.864204e-10,-1.2666633e-10,6.314709e-11,-9.300111e-11,-0.0,-0.00467625,-0.00467625,-0.0,-0.0,-0.00467625,-0.00467625,-0.0,0.0,0.0,0.003218546,0.003218546,0.0,0.0,0.003218546,0.003218546,-0.0,-0.0,-0.0,-0.0,0.003218546,0.003218546,0.003218546,0.003218546,Uniaxial,0.6234999895095825
1.4779056762492941e-28,121974.0390625,5717.12939453125,0.0,0.7866228818893433,0.0,-0.00469125,0.003231408,0.003231408,-7.718588e-20,3.8010604e-20,-7.1362526e-20,-0.003487832,0.0029907245,0.0029907245,-3.9018336e-20,1.8981679e-20,-4.311822e-20,2375371.2,-2375371.2,-2375371.2,2375371.2,2375371.2,-2375371.2,-2375371.2,2375371.2,-2.3024088e-10,-3.5605663e-10,0.0,0.0,-3.3185477e-10,-4.576705e-10,0.0,0.0,-3.2762507e-10,-2.648074e-10,-3.5854192e-10,-4.2135959e-10,0.0,0.0,0.0,0.0,-9501485.0,1.3758228e-09,1.3723339e-09,-1.2556192e-10,6.2600536e-11,-9.291688e-11,-1e-45,-0.00469125,-0.00469125,-1e-45,-1e-45,-0.00469125,-0.00469125,-1e-45,0.0,0.0,0.003231408,0.003231408,0.0,0.0,0.003231408,0.003231408,-0.0,-0.0,-0.0,-0.0,0.003231408,0.003231408,0.003231408,0.003231408,Uniaxial,0.6255000233650208
1.4779056762492941e-28,122115.7265625,5650.07470703125,0.0,0.7891256809234619,0.0,-0.00470625,0.00324427,0.00324427,-7.803291e-20,3.843412e-20,-7.305659e-20,-0.003502832,0.0030035865,0.0030035865,-3.9756814e-20,1.9349879e-20,-4.3684804e-20,2347511.2,-2347511.2,-2347511.2,2347511.2,2347511.2,-2347511.2,-2347511.2,2347511.2,7.230794e-11,-5.2947945e-11,0.0,0.0,-3.059387e-11,-1.5584975e-10,0.0,0.0,-2.4318488e-11,3.822198e-11,-5.6800474e-11,-1.1934094e-10,0.0,0.0,0.0,0.0,-9390045.0,1.6708362e-10,1.6223793e-10,-1.2444218e-10,6.2046146e-11,-9.5492725e-11,-1e-45,-0.00470625,-0.00470625,-1e-45,-1e-45,-0.00470625,-0.00470625,-1e-45,-0.0,-0.0,0.00324427,0.00324427,-0.0,-0.0,0.00324427,0.00324427,0.0,0.0,0.0,0.0,0.00324427,0.00324427,0.00324427,0.00324427,Uniaxial,0.6274999976158142
1.5377053195400317e-28,122255.7421875,5583.02001953125,0.0,0.7916284799575806,0.0,-0.00472125,0.0032571324,0.0032571324,-7.887994e-20,3.8857636e-20,-7.6444723e-20,-0.003517832,0.0030164488,0.0030164488,-4.0497348e-20,1.9719126e-20,-4.430464e-20,2319651.2,-2319651.2,-2319651.2,2319651.2,2319651.2,-2319651.2,-2319651.2,2319651.2,7.701202e-11,-4.7676488e-11,0.0,0.0,-2.189048e-11,-1.46579e-10,0.0,0.0,-7.592748e-12,5.4666716e-11,-5.999449e-11,-1.2225394e-10,0.0,0.0,0.0,0.0,-9278605.0,1.3913394e-10,1.3517447e-10,-1.2330745e-10,6.148413e-11,-1.0325282e-10,0.0,-0.00472125,-0.00472125,0.0,0.0,-0.00472125,-0.00472125,0.0,-0.0,-0.0,0.0032571324,0.0032571324,-0.0,-0.0,0.0032571324,0.0032571324,0.0,0.0,0.0,0.0,0.0032571324,0.0032571324,0.0032571324,0.0032571324,Uniaxial,0.6294999718666077
1.5377053195400317e-28,122394.0859375,5515.96533203125,0.0,0.7941312789916992,0.0,-0.00473625,0.0032699944,0.0032699944,-8.015049e-20,3.9281153e-20,-7.940934e-20,-0.003532832,0.0030293108,0.0030293108,-4.1247872e-20,2.0089403e-20,-4.4968902e-20,2291791.2,-2291791.2,-2291791.2,2291791.2,2291791.2,-2291791.2,-2291791.2,2291791.2,2.679976e-10,1.432243e-10,0.0,0.0,1.503058e-10,2.5532491e-11,0.0,0.0,1.6783594e-10,2.2981067e-10,1.2787756e-10,6.5902825e-11,0.0,0.0,0.0,0.0,-9167165.0,-5.870602e-10,-5.9142696e-10,-1.2347702e-10,6.091467e-11,-1.0931404e-10,1e-45,-0.00473625,-0.00473625,1e-45,1e-45,-0.00473625,-0.00473625,1e-45,0.0,0.0,0.0032699944,0.0032699944,0.0,0.0,0.0032699944,0.0032699944,0.0,0.0,0.0,0.0,0.0032699944,0.0032699944,0.0032699944,0.0032699944,Uniaxial,0.6315000057220459
1.5377053195400317e-28,122530.7578125,5448.91064453125,0.0,0.7966340780258179,0.0,-0.00475125,0.0032828564,0.0032828564,-8.142104e-20,4.0128186e-20,-8.152692e-20,-0.003547832,0.0030421729,0.0030421729,-4.2008245e-20,2.0468662e-20,-4.5660758e-20,2263931.0,-2263931.0,-2263931.0,2263931.0,2263931.0,-2263931.0,-2263931.0,2263931.0,-2.5515446e-11,-1.5033803e-10,0.0,0.0,-1.2901925e-10,-2.5384184e-10,0.0,0.0,-1.10048e-10,-4.7710193e-11,-1.6697269e-10,-2.293105e-10,0.0,0.0,0.0,0.0,-9055724.0,5.587146e-10,5.5404137e-10,-1.235756e-10,6.1640824e-11,-1.1245541e-10,1e-45,-0.00475125,-0.00475125,1e-45,1e-45,-0.00475125,-0.00475125,1e-45,0.0,0.0,0.0032828564,0.0032828564,0.0,0.0,0.0032828564,0.0032828564,0.0,0.0,0.0,0.0,0.0032828564,0.0032828564,0.0032828564,0.0032828564,Uniaxial,0.6334999799728394
1.751275542933021e-28,122665.7578125,5381.8564453125,0.0,0.7991368174552917,0.0,-0.00476625,0.0032957187,0.0032957187,-8.311511e-20,4.097522e-20,-8.3644504e-20,-0.003562832,0.0030550351,0.0030550351,-4.278625e-20,2.0856778e-20,-4.63796e-20,2236071.0,-2236071.0,-2236071.0,2236071.0,2236071.0,-2236071.0,-2236071.0,2236071.0,1.7939612e-10,5.391546e-11,0.0,0.0,5.078039e-11,-7.470028e-11,0.0,0.0,7.421231e-11,1.3688144e-10,3.1903744e-11,-3.076538e-11,0.0,0.0,0.0,0.0,-8944284.0,-2.093917e-10,-2.122321e-10,-1.2489175e-10,6.230346e-11,-1.15403194e-10,3e-45,-0.00476625,-0.00476625,3e-45,3e-45,-0.00476625,-0.00476625,3e-45,0.0,0.0,0.0032957187,0.0032957187,0.0,0.0,0.0032957187,0.0032957187,0.0,0.0,0.0,0.0,0.0032957187,0.0032957187,0.0032957187,0.0032957187,Uniaxial,0.6355000138282776
1.8110751862237587e-28,122799.0859375,5314.8017578125,0.0,0.8016396164894104,0.0,-0.00478125,0.0033085807,0.0033085807,-8.4809174e-20,4.2245768e-20,-8.5762086e-20,-0.003577832,0.0030678972,0.0030678972,-4.3581597e-20,2.1261558e-20,-4.7124925e-20,2208211.0,-2208211.0,-2208211.0,2208211.0,2208211.0,-2208211.0,-2208211.0,2208211.0,9.352598e-11,-4.0430253e-11,0.0,0.0,-2.0710487e-11,-1.5466672e-10,0.0,0.0,-1.0738359e-12,6.253103e-11,-5.958479e-11,-1.2318965e-10,0.0,0.0,0.0,0.0,-8832844.0,1.2228148e-10,1.2131725e-10,-1.2608418e-10,6.4174936e-11,-1.1816205e-10,-1e-45,-0.00478125,-0.00478125,-1e-45,-1e-45,-0.00478125,-0.00478125,-1e-45,-0.0,-0.0,0.0033085807,0.0033085807,-0.0,-0.0,0.0033085807,0.0033085807,0.0,0.0,0.0,0.0,0.0033085807,0.0033085807,0.0033085807,0.0033085807,Uniaxial,0.637499988079071
1.5377053195400317e-28,122930.7421875,5247.7470703125,0.0,0.804142415523529,0.0,-0.00479625,0.0033214428,0.0033214428,-8.8197306e-20,4.3516318e-20,-8.745615e-20,-0.003592832,0.0030807592,0.0030807592,-4.4425867e-20,2.1682727e-20,-4.7888245e-20,2180350.8,-2180350.8,-2180350.8,2180350.8,2180350.8,-2180350.8,-2180350.8,2180350.8,-6.1062574e-12,-1.3522856e-10,0.0,0.0,-1.2888195e-10,-2.5800426e-10,0.0,0.0,-1.1078799e-10,-4.630554e-11,-1.5332252e-10,-2.1780497e-10,0.0,0.0,0.0,0.0,-8721403.0,5.28221e-10,5.28221e-10,-1.3217505e-10,6.593011e-11,-1.1948179e-10,1e-45,-0.00479625,-0.00479625,1e-45,1e-45,-0.00479625,-0.00479625,1e-45,0.0,0.0,0.0033214428,0.0033214428,0.0,0.0,0.0033214428,0.0033214428,0.0,0.0,0.0,0.0,0.0033214428,0.0033214428,0.0033214428,0.0033214428,Uniaxial,0.6395000219345093
1.5718764926901868e-28,123060.7265625,5180.6923828125,0.0,0.8066452145576477,0.0,-0.00481125,0.003334305,0.003334305,-8.989137e-20,4.4786867e-20,-8.787967e-20,-0.003607832,0.0030936215,0.0030936215,-4.528638e-20,2.2119976e-20,-4.8645258e-20,2152490.8,-2152490.8,-2152490.8,2152490.8,2152490.8,-2152490.8,-2152490.8,2152490.8,8.901135e-11,-4.8388304e-11,0.0,0.0,-2.4624545e-11,-1.620242e-10,0.0,0.0,-1.6514776e-11,4.8788522e-11,-5.696802e-11,-1.2227132e-10,0.0,0.0,0.0,0.0,-8609963.0,1.4602569e-10,1.4696559e-10,-1.3297102e-10,6.75718e-11,-1.169609e-10,1e-45,-0.00481125,-0.00481125,1e-45,1e-45,-0.00481125,-0.00481125,1e-45,0.0,0.0,0.003334305,0.003334305,0.0,0.0,0.003334305,0.003334305,0.0,0.0,0.0,0.0,0.003334305,0.003334305,0.003334305,0.003334305,Uniaxial,0.6414999961853027
1.4608200294889058e-28,123189.0390625,5113.6376953125,0.0,0.8091480135917664,0.0,-0.00482625,0.003347167,0.003347167,-9.3279503e-20,4.56339e-20,-8.4491536e-20,-0.003622832,0.0031064835,0.0031064835,-4.6194586e-20,2.2565022e-20,-4.9324156e-20,2124630.8,-2124630.8,-2124630.8,2124630.8,2124630.8,-2124630.8,-2124630.8,2124630.8,2.4174607e-10,1.0155837e-10,0.0,0.0,1.4273006e-10,2.5423639e-12,0.0,0.0,-3.042578e-10,-2.3880037e-10,-3.3781639e-10,-4.032738e-10,0.0,0.0,0.0,0.0,-8498523.0,-4.885769e-10,1.2841483e-09,-1.3854712e-10,6.7880056e-11,-1.03479836e-10,0.0,-0.00482625,-0.00482625,0.0,0.0,-0.00482625,-0.00482625,0.0,-0.0,-0.0,0.003347167,0.003347167,-0.0,-0.0,0.003347167,0.003347167,-0.0,-0.0,-0.0,-0.0,0.003347167,0.003347167,0.003347167,0.003347167,Uniaxial,0.6434999704360962
1.5120768493994492e-28,123315.6796875,5046.5830078125,0.0,0.8116507530212402,0.0,-0.00484125,0.003360029,0.003360029,-9.6667635e-20,4.5210384e-20,-8.1103405e-20,-0.003637832,0.0031193455,0.0031193455,-4.7149738e-20,2.2993745e-20,-4.992607e-20,2096770.6,-2096770.6,-2096770.6,2096770.6,2096770.6,-2096770.6,-2096770.6,2096770.6,-2.6199043e-10,-4.126817e-10,0.0,0.0,-3.4665526e-10,-4.973465e-10,0.0,0.0,-3.66137e-10,-3.0236205e-10,-3.9490622e-10,-4.5868118e-10,0.0,0.0,0.0,0.0,-8387082.5,1.5186739e-09,1.5220865e-09,-1.4379553e-10,6.451512e-11,-9.053618e-11,-4e-45,-0.00484125,-0.00484125,-4e-45,-4e-45,-0.00484125,-0.00484125,-4e-45,-0.0,-0.0,0.003360029,0.003360029,-0.0,-0.0,0.003360029,0.003360029,-0.0,-0.0,-0.0,-0.0,0.003360029,0.003360029,0.003360029,0.003360029,Uniaxial,0.6455000042915344
1.7171042494122445e-28,123440.65625,4979.5283203125,0.0,0.8141535520553589,0.0,-0.00485625,0.0033728913,0.0033728913,-1.01326316e-19,4.56339e-20,-8.1103405e-20,-0.003652832,0.0031322076,0.0031322076,-4.8174876e-20,2.3422291e-20,-5.0516266e-20,2068910.6,-2068910.6,-2068910.6,2068910.6,2068910.6,-2068910.6,-2068910.6,2068910.6,8.334943e-11,-7.159215e-11,0.0,0.0,-1.5627066e-11,-1.7056864e-10,0.0,0.0,-3.7493225e-10,-3.115931e-10,-4.0269027e-10,-4.660294e-10,0.0,0.0,0.0,0.0,-8275642.5,1.7443842e-10,1.555245e-09,-1.5229618e-10,6.364349e-11,-8.764211e-11,1e-45,-0.00485625,-0.00485625,1e-45,1e-45,-0.00485625,-0.00485625,1e-45,0.0,0.0,0.0033728913,0.0033728913,0.0,0.0,0.0033728913,0.0033728913,-0.0,-0.0,-0.0,-0.0,0.0033728913,0.0033728913,0.0033728913,0.0033728913,Uniaxial,0.6474999785423279
1.5120768493994492e-28,123563.953125,4912.47412109375,0.0,0.8166563510894775,0.0,-0.00487125,0.0033857534,0.0033857534,-1.05985e-19,4.6057417e-20,-7.9832855e-20,-0.003667832,0.0031450698,0.0031450698,-4.92688e-20,2.3850742e-20,-5.107136e-20,2041050.5,-2041050.5,-2041050.5,2041050.5,2041050.5,-2041050.5,-2041050.5,2041050.5,-2.5558758e-10,-4.1454207e-10,0.0,0.0,-3.3563496e-10,-4.945895e-10,0.0,0.0,-3.6257697e-10,-2.9967331e-10,-3.8760006e-10,-4.5050372e-10,0.0,0.0,0.0,0.0,-8164202.0,1.5003541e-09,1.5003541e-09,-1.6032199e-10,6.2772516e-11,-8.13013e-11,-3e-45,-0.00487125,-0.00487125,-3e-45,-3e-45,-0.00487125,-0.00487125,-3e-45,-0.0,-0.0,0.0033857534,0.0033857534,-0.0,-0.0,0.0033857534,0.0033857534,-0.0,-0.0,-0.0,-0.0,0.0033857534,0.0033857534,0.0033857534,0.0033857534,Uniaxial,0.6495000123977661
1.6060477862109635e-28,123685.578125,4845.41943359375,0.0,0.8191591501235962,0.0,-0.00488625,0.0033986154,0.0033986154,-1.0979665e-19,4.690445e-20,-7.813879e-20,-0.003682832,0.0031579318,0.0031579318,-5.041425e-20,2.4287075e-20,-5.1583914e-20,2013190.5,-2013190.5,-2013190.5,2013190.5,2013190.5,-2013190.5,-2013190.5,2013190.5,1.5956998e-10,5.8721474e-12,0.0,0.0,8.315367e-11,-7.054417e-11,0.0,0.0,6.289633e-11,1.259441e-10,2.5889747e-11,-3.7158037e-11,0.0,0.0,0.0,0.0,-8052762.0,-1.7805164e-10,-1.7757215e-10,-1.655674e-10,6.306077e-11,-7.403914e-11,-0.0,-0.00488625,-0.00488625,-0.0,-0.0,-0.00488625,-0.00488625,-0.0,-0.0,-0.0,0.0033986154,0.0033986154,-0.0,-0.0,0.0033986154,0.0033986154,0.0,0.0,0.0,0.0,0.0033986154,0.0033986154,0.0033986154,0.0033986154,Uniaxial,0.6514999866485596
1.4608200294889058e-28,123805.53125,4778.36474609375,0.0,0.8216619491577148,0.0,-0.00490125,0.0034114777,0.0034114777,-1.1022016e-19,4.7327966e-20,-8.152692e-20,-0.003697832,0.0031707939,0.0031707939,-5.1546354e-20,2.4723206e-20,-5.2150426e-20,1985330.4,-1985330.4,-1985330.4,1985330.4,1985330.4,-1985330.4,-1985330.4,1985330.4,-7.6339615e-11,-2.2791767e-10,0.0,0.0,-1.6400209e-10,-3.1558015e-10,0.0,0.0,-1.8330748e-10,-1.2071338e-10,-2.0837586e-10,-2.7096997e-10,0.0,0.0,0.0,0.0,-7941321.5,7.8383955e-10,7.833667e-10,-1.6132784e-10,6.215341e-11,-8.077278e-11,-1e-45,-0.00490125,-0.00490125,-1e-45,-1e-45,-0.00490125,-0.00490125,-1e-45,-0.0,-0.0,0.0034114777,0.0034114777,-0.0,-0.0,0.0034114777,0.0034114777,-0.0,-0.0,-0.0,-0.0,0.0034114777,0.0034114777,0.0034114777,0.0034114777,Uniaxial,0.6535000205039978
1.5718764926901868e-28,123923.8203125,4711.31005859375,0.0,0.8241646885871887,0.0,-0.00491625,0.0034243397,0.0034243397,-1.0979665e-19,4.7751482e-20,-8.5762086e-20,-0.003712832,0.0031836561,0.0031836561,-5.264909e-20,2.5159099e-20,-5.2786305e-20,1957470.4,-1957470.4,-1957470.4,1957470.4,1957470.4,-1957470.4,-1957470.4,1957470.4,9.3539225e-11,-5.4838054e-11,0.0,0.0,-6.314673e-12,-1.5469195e-10,0.0,0.0,-1.5659703e-11,4.6481523e-11,-4.5493026e-11,-1.0763425e-10,0.0,0.0,0.0,0.0,-7829881.5,1.2230546e-10,1.2230546e-10,-1.5492628e-10,6.124766e-11,-8.9396913e-11,1e-45,-0.00491625,-0.00491625,1e-45,1e-45,-0.00491625,-0.00491625,1e-45,0.0,0.0,0.0034243397,0.0034243397,0.0,0.0,0.0034243397,0.0034243397,0.0,0.0,0.0,0.0,0.0034243397,0.0034243397,0.0034243397,0.0034243397,Uniaxial,0.6554999947547913
1.5377053195400317e-28,124040.4296875,4644.25537109375,0.0,0.8266674876213074,0.0,-0.00493125,0.0034372017,0.0034372017,-1.0894961e-19,4.7751482e-20,-9.1691317e-20,-0.003727832,0.0031965182,0.0031965182,-5.3714957e-20,2.558678e-20,-5.352223e-20,1929610.2,-1929610.2,-1929610.2,1929610.2,1929610.2,-1929610.2,-1929610.2,1929610.2,1.730727e-10,3.623329e-11,0.0,0.0,7.4795024e-11,-6.2044384e-11,0.0,0.0,8.186964e-11,1.4300354e-10,2.8967172e-11,-3.2166724e-11,0.0,0.0,0.0,0.0,-7718441.0,-2.2205662e-10,-2.2167364e-10,-1.4760923e-10,5.9233e-11,-1.02003156e-10,-1e-45,-0.00493125,-0.00493125,-1e-45,-1e-45,-0.00493125,-0.00493125,-1e-45,-0.0,-0.0,0.0034372017,0.0034372017,-0.0,-0.0,0.0034372017,0.0034372017,-0.0,-0.0,-0.0,-0.0,0.0034372017,0.0034372017,0.0034372017,0.0034372017,Uniaxial,0.6575000286102295
1.5377053195400317e-28,124155.375,4577.20068359375,0.0,0.829170286655426,0.0,-0.00494625,0.003450064,0.003450064,-1.06408514e-19,4.8175e-20,-9.8044064e-20,-0.003742832,0.0032093802,0.0032093802,-5.4712705e-20,2.6014342e-20,-5.436444e-20,1901750.1,-1901750.1,-1901750.1,1901750.1,1901750.1,-1901750.1,-1901750.1,1901750.1,5.672353e-10,4.3612186e-10,0.0,0.0,4.4667844e-10,3.15565e-10,0.0,0.0,4.633544e-10,5.2405535e-10,4.1925718e-10,3.585562e-10,0.0,0.0,0.0,0.0,-7607000.5,-1.7656007e-09,-1.7652232e-09,-1.3615735e-10,5.836713e-11,-1.1504416e-10,1e-45,-0.00494625,-0.00494625,1e-45,1e-45,-0.00494625,-0.00494625,1e-45,0.0,0.0,0.003450064,0.003450064,0.0,0.0,0.003450064,0.003450064,0.0,0.0,0.0,0.0,0.003450064,0.003450064,0.003450064,0.003450064,Uniaxial,0.659500002861023
1.7171042494122445e-28,124268.640625,4510.14599609375,0.0,0.8316730856895447,0.0,-0.00496125,0.003462926,0.003462926,-1.03867415e-19,4.9445548e-20,-1.0185571e-19,-0.003757832,0.0032222425,0.0032222425,-5.564346e-20,2.6457782e-20,-5.52631e-20,1873890.1,-1873890.1,-1873890.1,1873890.1,1873890.1,-1873890.1,-1873890.1,1873890.1,3.1881386e-10,1.9320286e-10,0.0,0.0,2.0319907e-10,7.7588075e-11,0.0,0.0,2.291817e-10,2.905284e-10,1.6703428e-10,1.0568757e-10,0.0,0.0,0.0,0.0,-7495560.5,-7.928039e-10,-7.9243195e-10,-1.2515242e-10,5.965861e-11,-1.2091868e-10,1e-45,-0.00496125,-0.00496125,1e-45,1e-45,-0.00496125,-0.00496125,1e-45,0.0,0.0,0.003462926,0.003462926,0.0,0.0,0.003462926,0.003462926,0.0,0.0,0.0,0.0,0.003462926,0.003462926,0.003462926,0.003462926,Uniaxial,0.6614999771118164
1.4266488563387507e-28,124380.2421875,4443.091796875,0.0,0.8341758847236633,0.0,-0.00497625,0.003475788,0.003475788,-1.0174983e-19,5.029258e-20,-1.0566736e-19,-0.003772832,0.0032351045,0.0032351045,-5.651646e-20,2.6908903e-20,-5.6216913e-20,1846030.0,-1846030.0,-1846030.0,1846030.0,1846030.0,-1846030.0,-1846030.0,1846030.0,1.5678288e-10,4.3804523e-11,0.0,0.0,4.6293077e-11,-6.6685275e-11,0.0,0.0,7.774319e-11,1.3915251e-10,1.290401e-11,-4.8505307e-11,0.0,0.0,0.0,0.0,-7384120.0,-1.801952e-10,-1.812944e-10,-1.1564582e-10,5.9783845e-11,-1.2642741e-10,1e-45,-0.00497625,-0.00497625,1e-45,1e-45,-0.00497625,-0.00497625,1e-45,0.0,0.0,0.003475788,0.003475788,0.0,0.0,0.003475788,0.003475788,0.0,0.0,0.0,0.0,0.003475788,0.003475788,0.003475788,0.003475788,Uniaxial,0.6635000109672546
1.4266488563387507e-28,124490.1640625,4376.037109375,0.0,0.8366786241531372,0.0,-0.00499125,0.0034886503,0.0034886503,-9.878522e-20,5.1139614e-20,-1.1032604e-19,-0.003787832,0.0032479665,0.0032479665,-5.731691e-20,2.7367516e-20,-5.7240776e-20,1818170.0,-1818170.0,-1818170.0,1818170.0,1818170.0,-1818170.0,-1818170.0,1818170.0,1.5375443e-10,4.6389052e-11,0.0,0.0,3.9642283e-11,-6.7723084e-11,0.0,0.0,3.804302e-10,4.4187742e-10,3.120066e-10,2.5055935e-10,0.0,0.0,0.0,0.0,-7272680.0,-1.7206267e-10,-1.3848735e-09,-1.0441985e-10,5.985966e-11,-1.3367209e-10,1e-45,-0.00499125,-0.00499125,1e-45,1e-45,-0.00499125,-0.00499125,1e-45,0.0,0.0,0.0034886503,0.0034886503,0.0,0.0,0.0034886503,0.0034886503,0.0,0.0,0.0,0.0,0.0034886503,0.0034886503,0.0034886503,0.0034886503,Uniaxial,0.6654999852180481
1.4437343827285175e-28,124598.421875,4308.982421875,0.0,0.8391814231872559,0.0,-0.00500625,0.0035015123,0.0035015123,-9.709115e-20,5.283368e-20,-1.1329066e-19,-0.003802832,0.0032608288,0.0032608288,-5.8070005e-20,2.784944e-20,-5.830154e-20,1790309.9,-1790309.9,-1790309.9,1790309.9,1790309.9,-1790309.9,-1790309.9,1790309.9,6.432082e-12,-8.922007e-11,0.0,0.0,-1.3265425e-10,-2.283064e-10,0.0,0.0,-8.417442e-11,-2.1683072e-11,-1.3713136e-10,-1.9962271e-10,0.0,0.0,0.0,0.0,-7161239.5,4.4374865e-10,4.4261156e-10,-9.675211e-11,6.1947905e-11,-1.3634438e-10,0.0,-0.00500625,-0.00500625,0.0,0.0,-0.00500625,-0.00500625,0.0,-0.0,-0.0,0.0035015123,0.0035015123,-0.0,-0.0,0.0035015123,0.0035015123,0.0,0.0,0.0,0.0,0.0035015123,0.0035015123,0.0035015123,0.0035015123,Uniaxial,0.6675000190734863
1.170364636415412e-28,124705.0,4241.927734375,0.0,0.8416842222213745,0.0,-0.00502125,0.0035143744,0.0035143744,-9.455005e-20,5.3680713e-20,-1.1159659e-19,-0.003817832,0.0032736908,0.0032736908,-5.8760823e-20,2.8338355e-20,-5.931059e-20,1762449.9,-1762449.9,-1762449.9,1762449.9,1762449.9,-1762449.9,-1762449.9,1762449.9,1.4090437e-10,4.9949416e-11,0.0,0.0,2.1936617e-11,-6.901834e-11,0.0,0.0,6.063131e-11,1.2307773e-10,1.1989319e-11,-5.045709e-11,0.0,0.0,0.0,0.0,-7049799.5,-1.4377206e-10,-1.4524126e-10,-8.7357725e-11,6.1858026e-11,-1.2762462e-10,-1e-45,-0.00502125,-0.00502125,-1e-45,-1e-45,-0.00502125,-0.00502125,-1e-45,-0.0,-0.0,0.0035143744,0.0035143744,-0.0,-0.0,0.0035143744,0.0035143744,-0.0,-0.0,-0.0,-0.0,0.0035143744,0.0035143744,0.0035143744,0.0035143744,Uniaxial,0.6694999933242798
1.3668492130480131e-28,124809.9140625,4174.873046875,0.0,0.8441870212554932,0.0,-0.00503625,0.0035272366,0.0035272366,-9.285599e-20,5.495126e-20,-1.1032604e-19,-0.003832832,0.0032865528,0.0032865528,-5.940642e-20,2.8842024e-20,-6.0276444e-20,1734589.8,-1734589.8,-1734589.8,1734589.8,1734589.8,-1734589.8,-1734589.8,1734589.8,-1.5455526e-10,-2.4200947e-10,0.0,0.0,-2.6194866e-10,-3.4940287e-10,0.0,0.0,-2.2184232e-10,-1.5896369e-10,-2.821158e-10,-3.4499442e-10,0.0,0.0,0.0,0.0,-6938359.0,1.0079162e-09,1.0079162e-09,-8.035623e-11,6.272248e-11,-1.2023464e-10,-0.0,-0.00503625,-0.00503625,-0.0,-0.0,-0.00503625,-0.00503625,-0.0,-0.0,-0.0,0.0035272366,0.0035272366,-0.0,-0.0,0.0035272366,0.0035272366,-0.0,-0.0,-0.0,-0.0,0.0035272366,0.0035272366,0.0035272366,0.0035272366,Uniaxial,0.671500027179718
1.050765349833937e-28,124913.15625,4107.818359375,0.0,0.8466898202896118,0.0,-0.00505125,0.0035400987,0.0035400987,-9.243247e-20,5.622181e-20,-1.0905549e-19,-0.003847832,0.003299415,0.003299415,-6.003165e-20,2.9360214e-20,-6.1199966e-20,1706729.8,-1706729.8,-1706729.8,1706729.8,1706729.8,-1706729.8,-1706729.8,1706729.8,-1.4498124e-10,-2.226713e-10,0.0,0.0,-2.5669533e-10,-3.343854e-10,0.0,0.0,-2.1518733e-10,-1.5980256e-10,-2.636373e-10,-3.190221e-10,0.0,0.0,0.0,0.0,-6826919.0,9.587333e-10,9.576493e-10,-7.6586626e-11,6.349344e-11,-1.1311731e-10,-0.0,-0.00505125,-0.00505125,-0.0,-0.0,-0.00505125,-0.00505125,-0.0,0.0,0.0,0.0035400987,0.0035400987,0.0,0.0,0.0035400987,0.0035400987,-0.0,-0.0,-0.0,-0.0,0.0035400987,0.0035400987,0.0035400987,0.0035400987,Uniaxial,0.6735000014305115
1.1276505195144413e-28,125014.71875,4040.763916015625,0.0,0.8491925597190857,0.0,-0.00506625,0.0035529607,0.0035529607,-9.116192e-20,5.664533e-20,-1.0905549e-19,-0.003862832,0.0033122771,0.0033122771,-6.062108e-20,2.9876688e-20,-6.210589e-20,1678869.6,-1678869.6,-1678869.6,1678869.6,1678869.6,-1678869.6,-1678869.6,1678869.6,5.4317575e-11,-1.2705698e-11,0.0,0.0,-4.7540735e-11,-1.14564004e-10,0.0,0.0,-2.5669796e-12,6.0070844e-11,-5.7546162e-11,-1.2018399e-10,0.0,0.0,0.0,0.0,-6715478.5,1.2049287e-10,1.2022629e-10,-7.101175e-11,6.224085e-11,-1.0916443e-10,-1e-45,-0.00506625,-0.00506625,-1e-45,-1e-45,-0.00506625,-0.00506625,-1e-45,-0.0,-0.0,0.0035529607,0.0035529607,-0.0,-0.0,0.0035529607,0.0035529607,-0.0,-0.0,-0.0,-0.0,0.0035529607,0.0035529607,0.0035529607,0.0035529607,Uniaxial,0.6754999756813049
1.084936522984092e-28,125114.6171875,3973.709228515625,0.0,0.8516953587532043,0.0,-0.00508125,0.0035658227,0.0035658227,-8.862082e-20,5.8339394e-20,-1.0651439e-19,-0.003877832,0.0033251392,0.0033251392,-6.115136e-20,3.0415337e-20,-6.2946797e-20,1651009.5,-1651009.5,-1651009.5,1651009.5,1651009.5,-1651009.5,-1651009.5,1651009.5,-8.904287e-11,-1.4408615e-10,0.0,0.0,-1.8612883e-10,-2.411721e-10,0.0,0.0,-1.4024248e-10,-7.6800136e-11,-1.896448e-10,-2.5308716e-10,0.0,0.0,0.0,0.0,-6604038.0,6.6043e-10,6.5977457e-10,-6.281046e-11,6.384992e-11,-9.961975e-11,-3e-45,-0.00508125,-0.00508125,-3e-45,-3e-45,-0.00508125,-0.00508125,-3e-45,-0.0,-0.0,0.0035658227,0.0035658227,-0.0,-0.0,0.0035658227,0.0035658227,-0.0,-0.0,-0.0,-0.0,0.0035658227,0.0035658227,0.0035658227,0.0035658227,Uniaxial,0.6775000095367432
1.4693628528691e-28,125212.84375,3906.654541015625,0.0,0.854198157787323,0.0,-0.00509625,0.003578685,0.003578685,-8.4809174e-20,6.003346e-20,-1.0778494e-19,-0.003892832,0.0033380014,0.0033380014,-6.159957e-20,3.0975856e-20,-6.379548e-20,1623149.5,-1623149.5,-1623149.5,1623149.5,1623149.5,-1623149.5,-1623149.5,1623149.5,1.8866493e-10,1.3893962e-10,0.0,0.0,6.8307256e-11,1.8581952e-11,0.0,0.0,-2.1028707e-10,-1.4610933e-10,-2.5858765e-10,-3.2276537e-10,0.0,0.0,0.0,0.0,-6492598.0,-4.1449374e-10,9.377494e-10,-5.2174515e-11,6.532066e-11,-9.888706e-11,-0.0,-0.00509625,-0.00509625,-0.0,-0.0,-0.00509625,-0.00509625,-0.0,-0.0,-0.0,0.003578685,0.003578685,-0.0,-0.0,0.003578685,0.003578685,-0.0,-0.0,-0.0,-0.0,0.003578685,0.003578685,0.003578685,0.003578685,Uniaxial,0.6794999837875366
1.6743902528818952e-28,125309.3984375,3839.60009765625,0.0,0.8567009568214417,0.0,-0.00511125,0.003591547,0.003591547,-8.142104e-20,6.1727526e-20,-1.1159659e-19,-0.003907832,0.0033508635,0.0033508635,-6.197512e-20,3.1557835e-20,-6.4700006e-20,1595289.4,-1595289.4,-1595289.4,1595289.4,1595289.4,-1595289.4,-1595289.4,1595289.4,2.633716e-10,2.1037241e-10,0.0,0.0,1.4853045e-10,9.5531284e-11,0.0,0.0,-5.410184e-11,1.074381e-11,-1.1985603e-10,-1.8470167e-10,0.0,0.0,0.0,0.0,-6381157.5,-7.1780576e-10,3.4791572e-10,-4.296356e-11,6.6656514e-11,-1.0361269e-10,-0.0,-0.00511125,-0.00511125,-0.0,-0.0,-0.00511125,-0.00511125,-0.0,0.0,0.0,0.003591547,0.003591547,0.0,0.0,0.003591547,0.003591547,0.0,0.0,0.0,0.0,0.003591547,0.003591547,0.003591547,0.003591547,Uniaxial,0.6815000176429749
1.6060477862109635e-28,125404.2734375,3772.54541015625,0.0,0.8592037558555603,0.0,-0.00512625,0.003604409,0.003604409,-8.0997526e-20,6.257456e-20,-1.196434e-19,-0.003922832,0.0033637255,0.0033637255,-6.2335265e-20,3.214491e-20,-6.5739346e-20,1567429.4,-1567429.4,-1567429.4,1567429.4,1567429.4,-1567429.4,-1567429.4,1567429.4,6.45158e-11,4.8630197e-12,0.0,0.0,-6.490586e-11,-1.2455864e-10,0.0,0.0,-1.849804e-12,6.269596e-11,-5.884635e-11,-1.2339212e-10,0.0,0.0,0.0,0.0,-6269717.5,1.2008568e-10,1.2139231e-10,-4.051208e-11,6.605674e-11,-1.1701504e-10,-0.0,-0.00512625,-0.00512625,-0.0,-0.0,-0.00512625,-0.00512625,-0.0,0.0,0.0,0.003604409,0.003604409,0.0,0.0,0.003604409,0.003604409,-0.0,-0.0,-0.0,-0.0,0.003604409,0.003604409,0.003604409,0.003604409,Uniaxial,0.6834999918937683
1.3668492130480131e-28,125497.484375,3705.49072265625,0.0,0.8617064952850342,0.0,-0.00514125,0.0036172713,0.0036172713,-8.396214e-20,6.2998075e-20,-1.2684318e-19,-0.003937832,0.0033765878,0.0033765878,-6.274439e-20,3.272893e-20,-6.6895376e-20,1539569.2,-1539569.2,-1539569.2,1539569.2,1539569.2,-1539569.2,-1539569.2,1539569.2,3.8812087e-12,-5.025662e-11,0.0,0.0,-1.2306446e-10,-1.772023e-10,0.0,0.0,-5.4928714e-11,8.858879e-12,-1.1808679e-10,-1.8187439e-10,0.0,0.0,0.0,0.0,-6158277.0,3.4664216e-10,3.46031e-10,-4.5240863e-11,6.4540394e-11,-1.2782175e-10,1e-45,-0.00514125,-0.00514125,1e-45,1e-45,-0.00514125,-0.00514125,1e-45,0.0,0.0,0.0036172713,0.0036172713,0.0,0.0,0.0036172713,0.0036172713,0.0,0.0,0.0,0.0,0.0036172713,0.0036172713,0.0036172713,0.0036172713,Uniaxial,0.6855000257492065
1.307049449386654e-28,125589.0234375,3638.43603515625,0.0,0.8642092943191528,0.0,-0.00515625,0.0036301333,0.0036301333,-8.6926756e-20,6.342159e-20,-1.323489e-19,-0.003952832,0.0033894498,0.0033894498,-6.3201885e-20,3.3309914e-20,-6.813391e-20,1511709.2,-1511709.2,-1511709.2,1511709.2,1511709.2,-1511709.2,-1511709.2,1511709.2,1.2341979e-10,6.706682e-11,0.0,0.0,1.0430523e-12,-5.5309927e-11,0.0,0.0,6.757357e-11,1.3061237e-10,3.5627336e-13,-6.268252e-11,0.0,0.0,0.0,0.0,-6046837.0,-1.3621974e-10,-1.3585968e-10,-4.9671163e-11,6.30428e-11,-1.344426e-10,1e-45,-0.00515625,-0.00515625,1e-45,1e-45,-0.00515625,-0.00515625,1e-45,-0.0,-0.0,0.0036301333,0.0036301333,-0.0,-0.0,0.0036301333,0.0036301333,0.0,0.0,0.0,0.0,0.0036301333,0.0036301333,0.0036301333,0.0036301333,Uniaxial,0.6875
1.580419316070381e-28,125678.890625,3571.381591796875,0.0,0.8667120933532715,0.0,-0.00517125,0.0036429954,0.0036429954,-9.0738404e-20,6.469214e-20,-1.3658406e-19,-0.003967832,0.0034023118,0.0034023118,-6.37228e-20,3.3903868e-20,-6.9429295e-20,1483849.1,-1483849.1,-1483849.1,1483849.1,1483849.1,-1483849.1,-1483849.1,1483849.1,1.3449682e-10,7.522024e-11,0.0,0.0,-5.4204644e-12,-6.469704e-11,0.0,0.0,6.903307e-11,1.3218615e-10,1.482252e-13,-6.3004865e-11,0.0,0.0,0.0,0.0,-5935396.5,-1.3959955e-10,-1.3836259e-10,-5.5518364e-11,6.327138e-11,-1.3800629e-10,3e-45,-0.00517125,-0.00517125,3e-45,3e-45,-0.00517125,-0.00517125,3e-45,0.0,0.0,0.0036429954,0.0036429954,0.0,0.0,0.0036429954,0.0036429954,0.0,0.0,0.0,0.0,0.0036429954,0.0036429954,0.0036429954,0.0036429954,Uniaxial,0.6894999742507935
1.4608200294889058e-28,125767.0859375,3504.326904296875,0.0,0.8692148923873901,0.0,-0.00518625,0.0036558576,0.0036558576,-9.455005e-20,6.596269e-20,-1.3912516e-19,-0.003982832,0.003415174,0.003415174,-6.430601e-20,3.451063e-20,-7.0748415e-20,1455989.1,-1455989.1,-1455989.1,1455989.1,1455989.1,-1455989.1,-1455989.1,1455989.1,1.3614479e-10,6.625504e-11,0.0,0.0,4.1703967e-12,-6.5719354e-11,0.0,0.0,6.890662e-11,1.3213498e-10,1.6058961e-13,-6.306777e-11,0.0,0.0,0.0,0.0,-5823956.5,-1.4085089e-10,-1.3813443e-10,-6.098601e-11,6.342193e-11,-1.3787921e-10,0.0,-0.00518625,-0.00518625,0.0,0.0,-0.00518625,-0.00518625,0.0,0.0,0.0,0.0036558576,0.0036558576,0.0,0.0,0.0036558576,0.0036558576,0.0,0.0,0.0,0.0,0.0036558576,0.0036558576,0.0036558576,0.0036558576,Uniaxial,0.6915000081062317
1.3668492130480131e-28,125853.609375,3437.272216796875,0.0,0.8717176914215088,0.0,-0.00520125,0.0036687197,0.0036687197,-1.00479283e-19,6.6809724e-20,-1.4208978e-19,-0.003997832,0.003428036,0.003428036,-6.4990224e-20,3.5121982e-20,-7.209865e-20,1428129.0,-1428129.0,-1428129.0,1428129.0,1428129.0,-1428129.0,-1428129.0,1428129.0,4.349296e-10,3.6831568e-10,0.0,0.0,3.0267783e-10,2.360639e-10,0.0,0.0,1.3188094e-10,1.9473559e-10,6.248382e-11,-3.708357e-13,0.0,0.0,0.0,0.0,-5712516.0,-1.341987e-09,-3.8872952e-10,-7.019307e-11,6.267451e-11,-1.3843397e-10,-3e-45,-0.00520125,-0.00520125,-3e-45,-3e-45,-0.00520125,-0.00520125,-3e-45,-0.0,-0.0,0.0036687197,0.0036687197,-0.0,-0.0,0.0036687197,0.0036687197,-0.0,-0.0,-0.0,-0.0,0.0036687197,0.0036687197,0.0036687197,0.0036687197,Uniaxial,0.6934999823570251
1.3326779195272365e-28,125938.4609375,3370.2177734375,0.0,0.8742204308509827,0.0,-0.00521625,0.0036815817,0.0036815817,-1.0429093e-19,6.850379e-20,-1.4463088e-19,-0.004012832,0.0034408981,0.0034408981,-6.573383e-20,3.575375e-20,-7.347147e-20,1400268.9,-1400268.9,-1400268.9,1400268.9,1400268.9,-1400268.9,-1400268.9,1400268.9,2.4771382e-10,1.709303e-10,0.0,0.0,1.2355887e-10,4.6775347e-11,0.0,0.0,-1.1016825e-10,-4.6894873e-11,-1.7892918e-10,-2.4220256e-10,0.0,0.0,0.0,0.0,-5601075.5,-5.8897837e-10,5.781949e-10,-7.4773555e-11,6.351196e-11,-1.3799903e-10,0.0,-0.00521625,-0.00521625,0.0,0.0,-0.00521625,-0.00521625,0.0,-0.0,-0.0,0.0036815817,0.0036815817,-0.0,-0.0,0.0036815817,0.0036815817,-0.0,-0.0,-0.0,-0.0,0.0036815817,0.0036815817,0.0036815817,0.0036815817,Uniaxial,0.6955000162124634
1.4608200294889058e-28,126021.640625,3303.1630859375,0.0,0.8767232298851013,0.0,-0.00523125,0.003694444,0.003694444,-1.0894961e-19,6.935082e-20,-1.4717197e-19,-0.004027832,0.0034537602,0.0034537602,-6.655148e-20,3.6389675e-20,-7.4866405e-20,1372408.9,-1372408.9,-1372408.9,1372408.9,1372408.9,-1372408.9,-1372408.9,1372408.9,1.3998769e-10,6.029768e-11,0.0,0.0,8.236952e-12,-7.145306e-11,0.0,0.0,6.814956e-11,1.3099175e-10,-7.589932e-13,-6.360117e-11,0.0,0.0,0.0,0.0,-5489635.5,-1.3706926e-10,-1.3478114e-10,-8.058653e-11,6.2649566e-11,-1.374319e-10,0.0,-0.00523125,-0.00523125,0.0,0.0,-0.00523125,-0.00523125,0.0,0.0,0.0,0.003694444,0.003694444,0.0,0.0,0.003694444,0.003694444,0.0,0.0,0.0,0.0,0.003694444,0.003694444,0.003694444,0.003694444,Uniaxial,0.6974999904632568
1.3668492130480131e-28,126103.1484375,3236.1083984375,0.0,0.87922602891922,0.0,-0.00524625,0.003707306,0.003707306,-1.1318478e-19,7.104489e-20,-1.4801901e-19,-0.004042832,0.0034666224,0.0034666224,-6.7433864e-20,3.704555e-20,-7.6251124e-20,1344548.8,-1344548.8,-1344548.8,1344548.8,1344548.8,-1344548.8,-1344548.8,1344548.8,2.369976e-11,-5.0414596e-11,0.0,0.0,-1.0615542e-10,-1.8026977e-10,0.0,0.0,-4.530414e-11,1.7868765e-11,-1.11986406e-10,-1.7515932e-10,0.0,0.0,0.0,0.0,-5378195.0,3.1314001e-10,3.1458108e-10,-8.5193914e-11,6.3311016e-11,-1.3364077e-10,0.0,-0.00524625,-0.00524625,0.0,0.0,-0.00524625,-0.00524625,0.0,0.0,0.0,0.003707306,0.003707306,0.0,0.0,0.003707306,0.003707306,-0.0,-0.0,-0.0,-0.0,0.003707306,0.003707306,0.003707306,0.003707306,Uniaxial,0.6995000243186951
1.392477562817974e-28,126182.9921875,3169.0537109375,0.0,0.8817288279533386,0.0,-0.00526125,0.003720168,0.003720168,-1.1487884e-19,7.189192e-20,-1.4801901e-19,-0.004057832,0.0034794845,0.0034794845,-6.833185e-20,3.7705122e-20,-7.760971e-20,1316688.8,-1316688.8,-1316688.8,1316688.8,1316688.8,-1316688.8,-1316688.8,1316688.8,1.909843e-10,1.249061e-10,0.0,0.0,4.799372e-11,-1.8084484e-11,0.0,0.0,1.1069882e-10,1.7338672e-10,6.191353e-11,-7.743685e-13,0.0,0.0,0.0,0.0,-5266755.0,-3.4579964e-10,-3.452247e-10,-8.488031e-11,6.234101e-11,-1.2839418e-10,1e-45,-0.00526125,-0.00526125,1e-45,1e-45,-0.00526125,-0.00526125,1e-45,0.0,0.0,0.003720168,0.003720168,0.0,0.0,0.003720168,0.003720168,0.0,0.0,0.0,0.0,0.003720168,0.003720168,0.003720168,0.003720168,Uniaxial,0.7014999985694885
1.503534026019255e-28,126261.15625,3101.999267578125,0.0,0.8842316269874573,0.0,-0.00527625,0.0037330303,0.0037330303,-1.1318478e-19,7.358599e-20,-1.4844252e-19,-0.004072832,0.0034923465,0.0034923465,-6.918109e-20,3.8384198e-20,-7.895056e-20,1288828.6,-1288828.6,-1288828.6,1288828.6,1288828.6,-1288828.6,-1288828.6,1288828.6,7.890751e-12,-5.501961e-11,0.0,0.0,-1.0928473e-10,-1.7219509e-10,0.0,0.0,-4.2879963e-11,2.0054248e-11,-1.2075928e-10,-1.8369349e-10,0.0,0.0,0.0,0.0,-5155314.5,3.2860867e-10,3.2727848e-10,-7.854463e-11,6.2833634e-11,-1.2404007e-10,0.0,-0.00527625,-0.00527625,0.0,0.0,-0.00527625,-0.00527625,0.0,0.0,0.0,0.0037330303,0.0037330303,0.0,0.0,0.0037330303,0.0037330303,-0.0,-0.0,-0.0,-0.0,0.0037330303,0.0037330303,0.0037330303,0.0037330303,Uniaxial,0.703499972820282
1.6743902528818952e-28,126337.6484375,3034.944580078125,0.0,0.8867343664169312,0.0,-0.00529125,0.0037458923,0.0037458923,-1.0979665e-19,7.528005e-20,-1.5013659e-19,-0.004087832,0.0035052088,0.0035052088,-6.9950276e-20,3.9082487e-20,-8.0297976e-20,1260968.6,-1260968.6,-1260968.6,1260968.6,1260968.6,-1260968.6,-1260968.6,1260968.6,2.504442e-11,-4.1266247e-11,0.0,0.0,-1.14731134e-10,-1.810418e-10,0.0,0.0,2.1546309e-10,2.7858768e-10,1.5457081e-10,9.144623e-11,0.0,0.0,0.0,0.0,-5043874.5,3.1199476e-10,-7.4006784e-10,-6.9586545e-11,6.321438e-11,-1.2196413e-10,3e-45,-0.00529125,-0.00529125,3e-45,3e-45,-0.00529125,-0.00529125,3e-45,0.0,0.0,0.0037458923,0.0037458923,0.0,0.0,0.0037458923,0.0037458923,0.0,0.0,0.0,0.0,0.0037458923,0.0037458923,0.0037458923,0.0037458923,Uniaxial,0.7055000066757202
1.6743902528818952e-28,126412.46875,2967.889892578125,0.0,0.8892371654510498,0.0,-0.00530625,0.0037587543,0.0037587543,-1.07679063e-19,7.697412e-20,-1.5521879e-19,-0.004102832,0.0035180708,0.0035180708,-7.0664696e-20,3.9799627e-20,-8.171577e-20,1233108.5,-1233108.5,-1233108.5,1233108.5,1233108.5,-1233108.5,-1233108.5,1233108.5,-8.339646e-11,-1.4652018e-10,0.0,0.0,-2.0919498e-10,-2.723187e-10,0.0,0.0,1.1896036e-10,1.822208e-10,4.066358e-11,-2.259686e-11,0.0,0.0,0.0,0.0,-4932434.0,7.114303e-10,-3.1924788e-10,-6.3212637e-11,6.348609e-11,-1.2552745e-10,-0.0,-0.00530625,-0.00530625,-0.0,-0.0,-0.00530625,-0.00530625,-0.0,-0.0,-0.0,0.0037587543,0.0037587543,-0.0,-0.0,0.0037587543,0.0037587543,0.0,0.0,0.0,0.0,0.0037587543,0.0037587543,0.0037587543,0.0037587543,Uniaxial,0.7074999809265137
1.6402189593611186e-28,126485.625,2900.83544921875,0.0,0.8917399644851685,0.0,-0.00532125,0.0037716166,0.0037716166,-1.05985e-19,7.8668185e-20,-1.6030099e-19,-0.004117832,0.0035309328,0.0035309328,-7.133348e-20,4.0535262e-20,-8.320293e-20,1205248.5,-1205248.5,-1205248.5,1205248.5,1205248.5,-1205248.5,-1205248.5,1205248.5,-6.564698e-11,-1.2608456e-10,0.0,0.0,-2.1666592e-10,-2.771035e-10,0.0,0.0,-1.4249468e-10,-8.7030855e-11,-1.9865305e-10,-2.5411687e-10,0.0,0.0,0.0,0.0,-4820994.0,6.85501e-10,6.8229544e-10,-5.784037e-11,6.365154e-11,-1.2869221e-10,0.0,-0.00532125,-0.00532125,0.0,0.0,-0.00532125,-0.00532125,0.0,-0.0,-0.0,0.0037716166,0.0037716166,-0.0,-0.0,0.0037716166,0.0037716166,0.0,0.0,0.0,0.0,0.0037716166,0.0037716166,0.0037716166,0.0037716166,Uniaxial,0.7095000147819519
1.5462481429202259e-28,126557.1015625,2833.78076171875,0.0,0.8942427635192871,0.0,-0.00533625,0.0037844786,0.0037844786,-1.05137965e-19,7.90917e-20,-1.6538318e-19,-0.004132832,0.003543795,0.003543795,-7.197349e-20,4.1265107e-20,-8.475815e-20,1177388.4,-1177388.4,-1177388.4,1177388.4,1177388.4,-1177388.4,-1177388.4,1177388.4,7.021436e-11,1.1657685e-11,0.0,0.0,-6.643406e-11,-1.2499074e-10,0.0,0.0,1.4619892e-11,6.121894e-11,-6.755013e-11,-1.14149176e-10,0.0,0.0,0.0,0.0,-4709553.5,1.0955275e-10,1.0586048e-10,-5.4078558e-11,6.1680695e-11,-1.3146856e-10,1e-45,-0.00533625,-0.00533625,1e-45,1e-45,-0.00533625,-0.00533625,1e-45,0.0,0.0,0.0037844786,0.0037844786,0.0,0.0,0.0037844786,0.0037844786,0.0,0.0,0.0,0.0,0.0037844786,0.0037844786,0.0037844786,0.0037844786,Uniaxial,0.7114999890327454
1.2985067463770814e-28,126626.90625,2766.72607421875,0.0,0.8967455625534058,0.0,-0.00535125,0.0037973407,0.0037973407,-1.05137965e-19,7.65506e-20,-1.7004186e-19,-0.004147832,0.0035566571,0.0035566571,-7.2601306e-20,4.193331e-20,-8.637216e-20,1149528.2,-1149528.2,-1149528.2,1149528.2,1149528.2,-1149528.2,-1149528.2,1149528.2,-3.0757055e-10,-3.6498765e-10,0.0,0.0,-4.4508713e-10,-5.0250426e-10,0.0,0.0,-1.3349043e-10,-8.2296454e-11,-1.9617499e-10,-2.4736896e-10,0.0,0.0,0.0,0.0,-4598113.0,1.6201496e-09,6.593308e-10,-5.179942e-11,5.5111853e-11,-1.3320489e-10,-0.0,-0.00535125,-0.00535125,-0.0,-0.0,-0.00535125,-0.00535125,-0.0,-0.0,-0.0,0.0037973407,0.0037973407,-0.0,-0.0,0.0037973407,0.0037973407,0.0,0.0,0.0,0.0,0.0037973407,0.0037973407,0.0037973407,0.0037973407,Uniaxial,0.7135000228881836
1.4095632095783624e-28,126695.046875,2699.67138671875,0.0,0.8992483615875244,0.0,-0.00536625,0.003810203,0.003810203,-1.05985e-19,7.443302e-20,-1.7427703e-19,-0.004162832,0.0035695191,0.0035695191,-7.323319e-20,4.2548743e-20,-8.8035824e-20,1121668.2,-1121668.2,-1121668.2,1121668.2,1121668.2,-1121668.2,-1121668.2,1121668.2,-1.6999128e-10,-2.269478e-10,0.0,0.0,-2.9213232e-10,-3.4908884e-10,0.0,0.0,-2.1391247e-10,-1.6550913e-10,-3.0340888e-10,-3.5181222e-10,0.0,0.0,0.0,0.0,-4486673.0,1.0381602e-09,1.0346427e-09,-5.0878225e-11,4.9530564e-11,-1.3397121e-10,-1e-45,-0.00536625,-0.00536625,-1e-45,-1e-45,-0.00536625,-0.00536625,-1e-45,-0.0,-0.0,0.003810203,0.003810203,-0.0,-0.0,0.003810203,0.003810203,-0.0,-0.0,-0.0,-0.0,0.003810203,0.003810203,0.003810203,0.003810203,Uniaxial,0.715499997138977
1.3241350961470424e-28,126761.5078125,2632.616943359375,0.0,0.9017511010169983,0.0,-0.00538125,0.003823065,0.003823065,-1.07679063e-19,7.316247e-20,-1.8062978e-19,-0.004177832,0.0035823814,0.0035823814,-7.3885104e-20,4.312839e-20,-8.978806e-20,1093808.1,-1093808.1,-1093808.1,1093808.1,1093808.1,-1093808.1,-1093808.1,1093808.1,-5.9412766e-11,-1.1652677e-10,0.0,0.0,-1.9125394e-10,-2.4836797e-10,0.0,0.0,7.1395063e-11,1.1778187e-10,-1.4059312e-11,-6.044612e-11,0.0,0.0,0.0,0.0,-4375232.5,6.1556144e-10,-1.14671495e-10,-5.119323e-11,4.5497522e-11,-1.3761278e-10,-1e-45,-0.00538125,-0.00538125,-1e-45,-1e-45,-0.00538125,-0.00538125,-1e-45,-0.0,-0.0,0.003823065,0.003823065,-0.0,-0.0,0.003823065,0.003823065,0.0,0.0,0.0,0.0,0.003823065,0.003823065,0.003823065,0.003823065,Uniaxial,0.7174999713897705
1.4693628528691e-28,126826.296875,2565.562255859375,0.0,0.9042539000511169,0.0,-0.00539625,0.003835927,0.003835927,-1.1022016e-19,7.189192e-20,-1.8444142e-19,-0.004192832,0.0035952434,0.0035952434,-7.45727e-20,4.3673013e-20,-9.157951e-20,1065948.1,-1065948.1,-1065948.1,1065948.1,1065948.1,-1065948.1,-1065948.1,1065948.1,-1.0406405e-10,-1.6189423e-10,0.0,0.0,-2.3564387e-10,-2.9347405e-10,0.0,0.0,-1.772032e-11,2.674721e-11,-1.1271195e-10,-1.5717948e-10,0.0,0.0,0.0,0.0,-4263792.5,7.950762e-10,2.6086455e-10,-5.262559e-11,4.1658968e-11,-1.3709005e-10,-1e-45,-0.00539625,-0.00539625,-1e-45,-1e-45,-0.00539625,-0.00539625,-1e-45,-0.0,-0.0,0.003835927,0.003835927,-0.0,-0.0,0.003835927,0.003835927,-0.0,-0.0,-0.0,-0.0,0.003835927,0.003835927,0.003835927,0.003835927,Uniaxial,0.7195000052452087
1.6743902528818952e-28,126889.421875,2498.507568359375,0.0,0.9067566990852356,0.0,-0.00541125,0.0038487893,0.0038487893,-1.136083e-19,7.104489e-20,-1.8952362e-19,-0.004207832,0.0036081055,0.0036081055,-7.531133e-20,4.4191252e-20,-9.3433146e-20,1038088.0,-1038088.0,-1038088.0,1038088.0,1038088.0,-1038088.0,-1038088.0,1038088.0,8.578957e-11,2.6742521e-11,0.0,0.0,-6.2078266e-11,-1.2112532e-10,0.0,0.0,2.2924662e-11,7.374571e-11,-5.8363425e-11,-1.09184474e-10,0.0,0.0,0.0,0.0,-4152352.0,7.067149e-11,7.0877526e-11,-5.505931e-11,3.860731e-11,-1.3814869e-10,-0.0,-0.00541125,-0.00541125,-0.0,-0.0,-0.00541125,-0.00541125,-0.0,-0.0,-0.0,0.0038487893,0.0038487893,-0.0,-0.0,0.0038487893,0.0038487893,0.0,0.0,0.0,0.0,0.0038487893,0.0038487893,0.0038487893,0.0038487893,Uniaxial,0.7214999794960022
1.6060477862109635e-28,126951.046875,2445.3017578125,0.0,0.9087399840354919,0.0,-0.00542625,0.0038616513,0.0038616513,-1.1741994e-19,7.231544e-20,-1.9502934e-19,-0.004222832,0.0036209677,0.0036209677,-7.61081e-20,4.4723533e-20,-9.535587e-20,1015981.9,-1015981.9,-1015981.9,1015981.9,1015981.9,-1015981.9,-1015981.9,1015981.9,-1.9844662e-12,-7.0445705e-11,0.0,0.0,-1.4302277e-10,-2.1148402e-10,0.0,0.0,-6.587152e-11,-1.4942136e-11,-1.481011e-10,-1.9903047e-10,0.0,0.0,0.0,0.0,-4063927.5,4.2693696e-10,4.2794523e-10,-5.8128988e-11,3.8823965e-11,-1.4024834e-10,-0.0,-0.00542625,-0.00542625,-0.0,-0.0,-0.00542625,-0.00542625,-0.0,-0.0,-0.0,0.0038616513,0.0038616513,-0.0,-0.0,0.0038616513,0.0038616513,-0.0,-0.0,-0.0,-0.0,0.0038616513,0.0038616513,0.0038616513,0.0038616513,Uniaxial,0.7235000133514404
1.2216214563259555e-28,127012.0,2445.037109375,0.0,0.9087399840354919,0.0,-0.00544125,0.0038745133,0.0038745133,-1.2334917e-19,7.570357e-20,-1.9968802e-19,-0.004237832,0.0036338298,0.0036338298,-7.700183e-20,4.5309674e-20,-9.733047e-20,1015871.9,-1015871.9,-1015871.9,1015871.9,1015871.9,-1015871.9,-1015871.9,1015871.9,7.6546255e-11,4.545875e-12,0.0,0.0,-4.2734573e-11,-1.1473495e-10,0.0,0.0,-1.0545385e-10,-5.2555474e-11,-1.87595e-10,-2.4049338e-10,0.0,0.0,0.0,0.0,-4063487.5,7.637739e-11,5.8609767e-10,-6.520728e-11,4.2761954e-11,-1.4400947e-10,-1e-45,-0.00544125,-0.00544125,-1e-45,-1e-45,-0.00544125,-0.00544125,-1e-45,-0.0,-0.0,0.0038745133,0.0038745133,-0.0,-0.0,0.0038745133,0.0038745133,-0.0,-0.0,-0.0,-0.0,0.0038745133,0.0038745133,0.0038745133,0.0038745133,Uniaxial,0.7254999876022339
1.3326779195272365e-28,127072.953125,2445.03564453125,0.0,0.9087399840354919,0.0,-0.00545625,0.0038873754,0.0038873754,-1.3012544e-19,8.036225e-20,-1.9968802e-19,-0.004252832,0.0036466918,0.0036466918,-7.8006835e-20,4.5972792e-20,-9.926813e-20,1015871.3,-1015871.3,-1015871.3,1015871.3,1015871.3,-1015871.3,-1015871.3,1015871.3,-4.363989e-11,-1.1970011e-10,0.0,0.0,-1.6943695e-10,-2.4549718e-10,0.0,0.0,-1.06058703e-10,-5.0349613e-11,-1.8402603e-10,-2.3973512e-10,0.0,0.0,0.0,0.0,-4063485.2,5.7827415e-10,5.8016947e-10,-7.332696e-11,4.838339e-11,-1.4128325e-10,0.0,-0.00545625,-0.00545625,0.0,0.0,-0.00545625,-0.00545625,0.0,0.0,0.0,0.0038873754,0.0038873754,0.0,0.0,0.0038873754,0.0038873754,-0.0,-0.0,-0.0,-0.0,0.0038873754,0.0038873754,0.0038873754,0.0038873754,Uniaxial,0.7275000214576721
1.3326779195272365e-28,127133.90625,2445.03564453125,0.0,0.9087399840354919,0.0,-0.00547125,0.0039002376,0.0039002376,-1.369017e-19,8.544445e-20,-2.0011153e-19,-0.004267832,0.003659554,0.003659554,-7.912109e-20,4.671952e-20,-1.0117709e-19,1015871.3,-1015871.3,-1015871.3,1015871.3,1015871.3,-1015871.3,-1015871.3,1015871.3,1.3087788e-10,5.0834642e-11,0.0,0.0,6.125764e-12,-7.391747e-11,0.0,0.0,-1.4657706e-10,-8.781813e-11,-2.2044959e-10,-2.7920852e-10,0.0,0.0,0.0,0.0,-4063485.2,-1.1392081e-10,7.340533e-10,-8.1292986e-11,5.4483067e-11,-1.3919335e-10,-1e-45,-0.00547125,-0.00547125,-1e-45,-1e-45,-0.00547125,-0.00547125,-1e-45,-0.0,-0.0,0.0039002376,0.0039002376,-0.0,-0.0,0.0039002376,0.0039002376,-0.0,-0.0,-0.0,-0.0,0.0039002376,0.0039002376,0.0039002376,0.0039002376,Uniaxial,0.7294999957084656
8.88451946351491e-29,127194.859375,2445.03564453125,0.0,0.9087399840354919,0.0,-0.00548625,0.0039131,0.0039131,-1.4367796e-19,9.095016e-20,-1.967234e-19,-0.004282832,0.003672416,0.003672416,-8.0342534e-20,4.75563e-20,-1.0298613e-19,1015871.3,-1015871.3,-1015871.3,1015871.3,1015871.3,-1015871.3,-1015871.3,1015871.3,7.418879e-11,-1.8827123e-12,0.0,0.0,-3.9027965e-11,-1.15099465e-10,0.0,0.0,-1.2263134e-10,-6.0587986e-11,-1.7380473e-10,-2.358481e-10,0.0,0.0,0.0,0.0,-4063485.2,8.1821355e-11,5.9287214e-10,-8.91082e-11,6.1051914e-11,-1.3188131e-10,0.0,-0.00548625,-0.00548625,0.0,0.0,-0.00548625,-0.00548625,0.0,0.0,0.0,0.0039131,0.0039131,0.0,0.0,0.0039131,0.0039131,-0.0,-0.0,-0.0,-0.0,0.0039131,0.0039131,0.0039131,0.0039131,Uniaxial,0.7315000295639038
1.9819312927157772e-28,127255.8125,2445.03564453125,0.0,0.9087399840354919,0.0,-0.00550125,0.003925962,0.003925962,-1.4833664e-19,9.5608844e-20,-1.9545285e-19,-0.004297832,0.0036852781,0.0036852781,-8.162924e-20,4.8465507e-20,-1.0473667e-19,1015871.3,-1015871.3,-1015871.3,1015871.3,1015871.3,-1015871.3,-1015871.3,1015871.3,5.1751162e-11,-2.6692391e-11,0.0,0.0,-9.085776e-11,-1.6930131e-10,0.0,0.0,-1.4751331e-10,-8.283234e-11,-2.2544126e-10,-2.9012223e-10,0.0,0.0,0.0,0.0,-4063485.2,2.351003e-10,7.459091e-10,-9.3852315e-11,6.632714e-11,-1.2763086e-10,-1e-45,-0.00550125,-0.00550125,-1e-45,-1e-45,-0.00550125,-0.00550125,-1e-45,-0.0,-0.0,0.003925962,0.003925962,-0.0,-0.0,0.003925962,0.003925962,-0.0,-0.0,-0.0,-0.0,0.003925962,0.003925962,0.003925962,0.003925962,Uniaxial,0.7335000038146973
8.88451946351491e-29,127316.7578125,2445.03564453125,0.0,0.9087399840354919,0.0,-0.00551625,0.003938824,0.003938824,-1.5045423e-19,9.942049e-20,-1.9206472e-19,-0.004312832,0.0036981404,0.0036981404,-8.293192e-20,4.942974e-20,-1.0639014e-19,1015871.3,-1015871.3,-1015871.3,1015871.3,1015871.3,-1015871.3,-1015871.3,1015871.3,1.6087726e-10,8.186044e-11,0.0,0.0,5.3332307e-11,-2.5684501e-11,0.0,0.0,8.7442116e-11,1.5412613e-10,4.6581183e-11,-2.010283e-11,0.0,0.0,0.0,0.0,-4063485.2,-2.703855e-10,-2.680466e-10,-9.499883e-11,7.033324e-11,-1.205377e-10,0.0,-0.00551625,-0.00551625,0.0,0.0,-0.00551625,-0.00551625,0.0,0.0,0.0,0.003938824,0.003938824,0.0,0.0,0.003938824,0.003938824,-0.0,-0.0,-0.0,-0.0,0.003938824,0.003938824,0.003938824,0.003938824,Uniaxial,0.7354999780654907
1.9477599991950006e-28,127377.7109375,2445.03564453125,0.0,0.9087399840354919,0.0,-0.00553125,0.003951686,0.003951686,-1.5045423e-19,1.0323214e-19,-1.9291175e-19,-0.004327832,0.0037110024,0.0037110024,-8.4210134e-20,5.0447878e-20,-1.08027946e-19,1015871.3,-1015871.3,-1015871.3,1015871.3,1015871.3,-1015871.3,-1015871.3,1015871.3,2.1776657e-10,1.3964893e-10,0.0,0.0,7.9260494e-11,1.1428661e-12,0.0,0.0,9.28553e-12,7.793467e-11,-4.4812692e-11,-1.1346184e-10,0.0,0.0,0.0,0.0,-4063485.2,-4.3781886e-10,7.105433e-11,-9.320047e-11,7.42635e-11,-1.1942515e-10,0.0,-0.00553125,-0.00553125,0.0,0.0,-0.00553125,-0.00553125,0.0,0.0,0.0,0.003951686,0.003951686,0.0,0.0,0.003951686,0.003951686,0.0,0.0,0.0,0.0,0.003951686,0.003951686,0.003951686,0.003951686,Uniaxial,0.737500011920929
1.5377053195400317e-28,127438.6640625,2445.03564453125,0.0,0.9087399840354919,0.0,-0.00554625,0.003964548,0.003964548,-1.4876016e-19,1.0534972e-19,-1.9375879e-19,-0.004342832,0.0037238644,0.0037238644,-8.543225e-20,5.1486985e-20,-1.0965078e-19,1015871.3,-1015871.3,-1015871.3,1015871.3,1015871.3,-1015871.3,-1015871.3,1015871.3,1.7291595e-10,9.6849744e-11,0.0,0.0,3.4955632e-11,-4.1110577e-11,0.0,0.0,7.637959e-11,1.457874e-10,5.5103175e-11,-1.43046365e-11,0.0,0.0,0.0,0.0,-4063485.2,-2.6361074e-10,-2.6296554e-10,-8.9097625e-11,7.578083e-11,-1.1833366e-10,1e-45,-0.00554625,-0.00554625,1e-45,3e-45,-0.00554625,-0.00554625,1e-45,0.0,0.0,0.003964548,0.003964548,0.0,0.0,0.003964548,0.003964548,0.0,0.0,0.0,0.0,0.003964548,0.003964548,0.003964548,0.003964548,Uniaxial,0.7394999861717224
2.2553010390288826e-28,127499.6171875,2445.03564453125,0.0,0.9087399840354919,0.0,-0.00556125,0.00397741,0.00397741,-1.4537203e-19,1.0704379e-19,-1.9714692e-19,-0.004357832,0.0037367267,0.0037367267,-8.656725e-20,5.2538532e-20,-1.1130679e-19,1015871.3,-1015871.3,-1015871.3,1015871.3,1015871.3,-1015871.3,-1015871.3,1015871.3,2.7001464e-11,-4.588289e-11,0.0,0.0,-8.0659944e-11,-1.535443e-10,0.0,0.0,1.563343e-10,2.261941e-10,5.5497912e-11,-1.4361887e-11,0.0,0.0,0.0,0.0,-4063485.2,2.5308566e-10,-4.2366444e-10,-8.273392e-11,7.6684804e-11,-1.2077063e-10,-0.0,-0.00556125,-0.00556125,-0.0,-0.0,-0.00556125,-0.00556125,-0.0,-0.0,-0.0,0.00397741,0.00397741,-0.0,-0.0,0.00397741,0.00397741,-0.0,-0.0,-0.0,-0.0,0.00397741,0.00397741,0.00397741,0.00397741,Uniaxial,0.7415000200271606
2.8020407723963365e-28,127560.5703125,2445.03564453125,0.0,0.9087399840354919,0.0,-0.00557625,0.0039902725,0.0039902725,-1.4113686e-19,1.0789082e-19,-2.0095857e-19,-0.004372832,0.0037495887,0.0037495887,-8.760067e-20,5.358629e-20,-1.1300356e-19,1015871.3,-1015871.3,-1015871.3,1015871.3,1015871.3,-1015871.3,-1015871.3,1015871.3,1.02655315e-10,3.3477214e-11,0.0,0.0,-6.952861e-11,-1.3870671e-10,0.0,0.0,1.7498676e-11,8.7217275e-11,-5.3449262e-11,-1.2316786e-10,0.0,0.0,0.0,0.0,-4063485.2,7.21028e-11,7.190117e-11,-7.5321416e-11,7.6402405e-11,-1.237461e-10,-0.0,-0.00557625,-0.00557625,-0.0,-0.0,-0.00557625,-0.00557625,-0.0,-0.0,-0.0,0.0039902725,0.0039902725,0.0,0.0,0.0039902725,0.0039902725,0.0,0.0,-0.0,-0.0,0.0039902725,0.0039902725,0.0039902725,0.0039902725,Uniaxial,0.7434999942779541
2.2553010390288826e-28,127621.5234375,2445.03564453125,0.0,0.9087399840354919,0.0,-0.00559125,0.0040031346,0.0040031346,-1.3647818e-19,1.0789082e-19,-2.0985241e-19,-0.004387832,0.0037624508,0.0037624508,-8.8526375e-20,5.461429e-20,-1.148361e-19,1015871.3,-1015871.3,-1015871.3,1015871.3,1015871.3,-1015871.3,-1015871.3,1015871.3,3.201699e-11,-3.3232705e-11,0.0,0.0,-8.2099515e-11,-1.4734922e-10,0.0,0.0,-3.4268781e-12,6.556856e-11,-1.11582736e-10,-1.8057818e-10,0.0,0.0,0.0,0.0,-4063485.2,2.3066445e-10,2.3001923e-10,-6.7464596e-11,7.495608e-11,-1.3368082e-10,-1e-45,-0.00559125,-0.00559125,-1e-45,-1e-45,-0.00559125,-0.00559125,-1e-45,-0.0,-0.0,0.0040031346,0.0040031346,-0.0,-0.0,0.0040031346,0.0040031346,0.0,0.0,0.0,0.0,0.0040031346,0.0040031346,0.0040031346,0.0040031346,Uniaxial,0.7455000281333923
2.8020407723963365e-28,127682.4765625,2445.03564453125,0.0,0.9087399840354919,0.0,-0.00560625,0.0040159966,0.0040159966,-1.318195e-19,1.0789082e-19,-2.2086384e-19,-0.004402832,0.0037753128,0.0037753128,-8.934637e-20,5.562283e-20,-1.168422e-19,1015871.3,-1015871.3,-1015871.3,1015871.3,1015871.3,-1015871.3,-1015871.3,1015871.3,1.016025e-10,4.020684e-11,0.0,0.0,-8.1883715e-11,-1.4327936e-10,0.0,0.0,2.1537307e-11,8.9823274e-11,-6.214554e-11,-1.304315e-10,0.0,0.0,0.0,0.0,-4063485.2,8.335374e-11,8.1216464e-11,-5.975651e-11,7.353714e-11,-1.4635064e-10,1e-45,-0.00560625,-0.00560625,1e-45,1e-45,-0.00560625,-0.00560625,1e-45,0.0,0.0,0.0040159966,0.0040159966,0.0,0.0,0.0040159966,0.0040159966,0.0,0.0,0.0,0.0,0.0040159966,0.0040159966,0.0040159966,0.0040159966,Uniaxial,0.7475000023841858
1.4351915593483234e-28,127743.4296875,2445.03564453125,0.0,0.9087399840354919,0.0,-0.00562125,0.0040288586,0.0040288586,-1.2800785e-19,1.06196756e-19,-2.3229879e-19,-0.004417832,0.003788175,0.003788175,-9.0078605e-20,5.6580375e-20,-1.1902675e-19,1015871.3,-1015871.3,-1015871.3,1015871.3,1015871.3,-1015871.3,-1015871.3,1015871.3,9.062449e-11,3.2425285e-11,0.0,0.0,-6.7851634e-11,-1.2605084e-10,0.0,0.0,1.3978424e-10,2.062049e-10,7.924617e-11,1.2825511e-11,0.0,0.0,0.0,0.0,-4063485.2,7.08527e-11,-4.380608e-10,-5.3363612e-11,6.980653e-11,-1.5936526e-10,0.0,-0.00562125,-0.00562125,0.0,0.0,-0.00562125,-0.00562125,0.0,-0.0,-0.0,0.0040288586,0.0040288586,-0.0,-0.0,0.0040288586,0.0040288586,0.0,0.0,0.0,0.0,0.0040288586,0.0040288586,0.0040288586,0.0040288586,Uniaxial,0.7494999766349792
1.9819312927157772e-28,127804.3828125,2445.03564453125,0.0,0.9087399840354919,0.0,-0.00563625,0.0040417206,0.0040417206,-1.2546676e-19,1.04926206e-19,-2.454278e-19,-0.004432832,0.003801037,0.003801037,-9.074876e-20,5.7495696e-20,-1.2141831e-19,1015871.3,-1015871.3,-1015871.3,1015871.3,1015871.3,-1015871.3,-1015871.3,1015871.3,9.094286e-11,3.500265e-11,0.0,0.0,-7.5086645e-11,-1.3102686e-10,0.0,0.0,3.090428e-11,9.578726e-11,-7.024224e-11,-1.3512523e-10,0.0,0.0,0.0,0.0,-4063485.2,8.016799e-11,7.8675934e-11,-4.8845625e-11,6.673117e-11,-1.7447203e-10,1e-45,-0.00563625,-0.00563625,1e-45,1e-45,-0.00563625,-0.00563625,1e-45,-0.0,-0.0,0.0040417206,0.0040417206,-0.0,-0.0,0.0040417206,0.0040417206,0.0,0.0,0.0,0.0,0.0040417206,0.0040417206,0.0040417206,0.0040417206,Uniaxial,0.7515000104904175
2.8020407723963365e-28,127865.328125,2445.03564453125,0.0,0.9087399840354919,0.0,-0.00565125,0.0040545827,0.0040545827,-1.241962e-19,1.0365566e-19,-2.534746e-19,-0.004447832,0.0038138991,0.0038138991,-9.138205e-20,5.836964e-20,-1.2391742e-19,1015871.3,-1015871.3,-1015871.3,1015871.3,1015871.3,-1015871.3,-1015871.3,1015871.3,1.5365235e-10,9.9051434e-11,0.0,0.0,-4.7797148e-11,-1.02398076e-10,0.0,0.0,7.9268925e-11,1.4264334e-10,-2.7288774e-11,-9.0663185e-11,0.0,0.0,0.0,0.0,-4063485.2,-1.0250857e-10,-1.03960306e-10,-4.6167063e-11,6.3714034e-11,-1.8227725e-10,-1e-45,-0.00565125,-0.00565125,-1e-45,-1e-45,-0.00565125,-0.00565125,-1e-45,-0.0,-0.0,0.0040545827,0.0040545827,-0.0,-0.0,0.0040545827,0.0040545827,0.0,0.0,0.0,0.0,0.0040545827,0.0040545827,0.0040545827,0.0040545827,Uniaxial,0.7534999847412109
1.9819312927157772e-28,127926.28125,2445.03564453125,0.0,0.9087399840354919,0.0,-0.00566625,0.0040674447,0.0040674447,-1.241962e-19,1.0238511e-19,-2.5940384e-19,-0.004462832,0.0038267614,0.0038267614,-9.200323e-20,5.9202984e-20,-1.2648167e-19,1015871.3,-1015871.3,-1015871.3,1015871.3,1015871.3,-1015871.3,-1015871.3,1015871.3,4.9214154e-11,-4.9497936e-12,0.0,0.0,-1.230851e-10,-1.7724905e-10,0.0,0.0,-8.643634e-12,5.3250765e-11,-1.190485e-10,-1.8094289e-10,0.0,0.0,0.0,0.0,-4063485.2,2.560698e-10,2.5538424e-10,-4.5293103e-11,6.0754006e-11,-1.8701153e-10,-0.0,-0.00566625,-0.00566625,-0.0,-0.0,-0.00566625,-0.00566625,-0.0,-0.0,-0.0,0.0040674447,0.0040674447,-0.0,-0.0,0.0040674447,0.0040674447,-0.0,-0.0,-0.0,-0.0,0.0040674447,0.0040674447,0.0040674447,0.0040674447,Uniaxial,0.7555000185966492
2.8020407723963365e-28,127987.234375,2445.03564453125,0.0,0.9087399840354919,0.0,-0.00568125,0.004080307,0.004080307,-1.2589027e-19,1.01538075e-19,-2.6660362e-19,-0.004477832,0.0038396234,0.0038396234,-9.2644565e-20,6.000448e-20,-1.2913353e-19,1015871.3,-1015871.3,-1015871.3,1015871.3,1015871.3,-1015871.3,-1015871.3,1015871.3,3.1798706e-11,-2.31058e-11,0.0,0.0,-1.7521723e-10,-2.3012174e-10,0.0,0.0,-4.1567895e-11,1.9166826e-11,-1.5633171e-10,-2.1706643e-10,0.0,0.0,0.0,0.0,-4063485.2,3.9664605e-10,3.9579923e-10,-4.677422e-11,5.8434646e-11,-1.934101e-10,-1e-45,-0.00568125,-0.00568125,-1e-45,-1e-45,-0.00568125,-0.00568125,-1e-45,-0.0,-0.0,0.004080307,0.004080307,-0.0,-0.0,0.004080307,0.004080307,-0.0,-0.0,-0.0,-0.0,0.004080307,0.004080307,0.004080307,0.004080307,Uniaxial,0.7574999928474426
1.9819312927157772e-28,128048.1875,2445.03564453125,0.0,0.9087399840354919,0.0,-0.00569625,0.0040931692,0.0040931692,-1.2885489e-19,1.0111456e-19,-2.6956824e-19,-0.004492832,0.0038524854,0.0038524854,-9.3329755e-20,6.078275e-20,-1.3179173e-19,1015871.3,-1015871.3,-1015871.3,1015871.3,1015871.3,-1015871.3,-1015871.3,1015871.3,5.865665e-11,2.1486521e-12,0.0,0.0,-1.1705745e-10,-1.7356544e-10,0.0,0.0,4.0758643e-13,6.02969e-11,-1.15417204e-10,-1.753065e-10,0.0,0.0,0.0,0.0,-4063485.2,2.298176e-10,2.3001923e-10,-4.9981196e-11,5.674383e-11,-1.9384122e-10,-1e-45,-0.00569625,-0.00569625,-1e-45,-1e-45,-0.00569625,-0.00569625,-1e-45,-0.0,-0.0,0.0040931692,0.0040931692,-0.0,-0.0,0.0040931692,0.0040931692,-0.0,-0.0,-0.0,-0.0,0.0040931692,0.0040931692,0.0040931692,0.0040931692,Uniaxial,0.7595000267028809
2.2553010390288826e-28,128109.140625,2445.03564453125,0.0,0.9087399840354919,0.0,-0.00571125,0.0041060313,0.0041060313,-1.3266654e-19,1.0111456e-19,-2.7168582e-19,-0.004507832,0.0038653477,0.0038653477,-9.407405e-20,6.1546244e-20,-1.3443977e-19,1015871.3,-1015871.3,-1015871.3,1015871.3,1015871.3,-1015871.3,-1015871.3,1015871.3,1.2085315e-10,6.218739e-11,0.0,0.0,-2.2970398e-11,-8.1636156e-11,0.0,0.0,-3.3866826e-11,2.5485395e-11,-1.8137294e-10,-2.4072516e-10,0.0,0.0,0.0,0.0,-4063485.2,-7.8433975e-11,4.3047954e-10,-5.429673e-11,5.566965e-11,-1.930949e-10,-0.0,-0.00571125,-0.00571125,-0.0,-0.0,-0.00571125,-0.00571125,-0.0,-0.0,-0.0,0.0041060313,0.0041060313,-0.0,-0.0,0.0041060313,0.0041060313,-0.0,-0.0,-0.0,-0.0,0.0041060313,0.0041060313,0.0041060313,0.0041060313,Uniaxial,0.7615000009536743
1.9819312927157772e-28,128170.09375,2445.03564453125,0.0,0.9087399840354919,0.0,-0.00572625,0.0041188933,0.0041188933,-1.369017e-19,1.0111456e-19,-2.7337988e-19,-0.004522832,0.0038782097,0.0038782097,-9.4884395e-20,6.229528e-20,-1.3706979e-19,1015871.3,-1015871.3,-1015871.3,1015871.3,1015871.3,-1015871.3,-1015871.3,1015871.3,1.8504163e-10,1.2396664e-10,0.0,0.0,1.0359104e-11,-5.0715893e-11,0.0,0.0,-2.1167252e-12,5.6708575e-11,-1.1797396e-10,-1.7679926e-10,0.0,0.0,0.0,0.0,-4063485.2,-2.686515e-10,2.4018137e-10,-5.91152e-11,5.461581e-11,-1.9177808e-10,-1e-45,-0.00572625,-0.00572625,-1e-45,-1e-45,-0.00572625,-0.00572625,-1e-45,-0.0,-0.0,0.0041188933,0.0041188933,-0.0,-0.0,0.0041188933,0.0041188933,-0.0,-0.0,-0.0,-0.0,0.0041188933,0.0041188933,0.0041188933,0.0041188933,Uniaxial,0.7634999752044678
2.8020407723963365e-28,128231.046875,2445.03564453125,0.0,0.9087399840354919,0.0,-0.00574125,0.0041317553,0.0041317553,-1.4113686e-19,1.0238511e-19,-2.6956824e-19,-0.004537832,0.0038910718,0.0038910718,-9.5759565e-20,6.305408e-20,-1.3957838e-19,1015871.3,-1015871.3,-1015871.3,1015871.3,1015871.3,-1015871.3,-1015871.3,1015871.3,2.0462848e-10,1.4118985e-10,0.0,0.0,2.8746064e-12,-6.056402e-11,0.0,0.0,-4.2153947e-11,1.7031352e-11,-1.5320513e-10,-2.1239042e-10,0.0,0.0,0.0,0.0,-4063485.2,-2.8812894e-10,3.9071815e-10,-6.384246e-11,5.533581e-11,-1.8288597e-10,-1e-45,-0.00574125,-0.00574125,-1e-45,-1e-45,-0.00574125,-0.00574125,-1e-45,-0.0,-0.0,0.0041317553,0.0041317553,-0.0,-0.0,0.0041317553,0.0041317553,-0.0,-0.0,-0.0,-0.0,0.0041317553,0.0041317553,0.0041317553,0.0041317553,Uniaxial,0.765500009059906
1.9819312927157772e-28,128292.0,2445.03564453125,0.0,0.9087399840354919,0.0,-0.00575625,0.0041446174,0.0041446174,-1.4537203e-19,1.0365566e-19,-2.657566e-19,-0.004552832,0.003903934,0.003903934,-9.6698344e-20,6.382256e-20,-1.4196734e-19,1015871.3,-1015871.3,-1015871.3,1015871.3,1015871.3,-1015871.3,-1015871.3,1015871.3,1.8520693e-10,1.1944942e-10,0.0,0.0,1.9332341e-11,-4.6425166e-11,0.0,0.0,1.2187339e-10,1.8141187e-10,1.553729e-11,-4.4001195e-11,0.0,0.0,0.0,0.0,-4063485.2,-2.7756353e-10,-2.7482136e-10,-6.848022e-11,5.604218e-11,-1.741622e-10,1e-45,-0.00575625,-0.00575625,1e-45,1e-45,-0.00575625,-0.00575625,1e-45,0.0,0.0,0.0041446174,0.0041446174,-0.0,-0.0,0.0041446174,0.0041446174,0.0,0.0,0.0,0.0,0.0041446174,0.0041446174,0.0041446174,0.0041446174,Uniaxial,0.7674999833106995
2.2553010390288826e-28,128352.953125,2445.03564453125,0.0,0.9087399840354919,0.0,-0.00577125,0.00415748,0.00415748,-1.4918368e-19,1.0534972e-19,-2.6490955e-19,-0.004567832,0.0039167963,0.0039167963,-9.769155e-20,6.460852e-20,-1.4429476e-19,1015871.3,-1015871.3,-1015871.3,1015871.3,1015871.3,-1015871.3,-1015871.3,1015871.3,2.4892644e-10,1.8118626e-10,0.0,0.0,1.1680236e-10,4.9062178e-11,0.0,0.0,2.1590037e-10,2.7607766e-10,8.09188e-11,2.0741494e-11,0.0,0.0,0.0,0.0,-4063485.2,-5.959772e-10,-5.936383e-10,-7.244556e-11,5.7319816e-11,-1.6969598e-10,1e-45,-0.00577125,-0.00577125,1e-45,1e-45,-0.00577125,-0.00577125,1e-45,0.0,0.0,0.00415748,0.00415748,0.0,0.0,0.00415748,0.00415748,0.0,0.0,0.0,0.0,0.00415748,0.00415748,0.00415748,0.00415748,Uniaxial,0.7695000171661377
1.9819312927157772e-28,128413.8984375,2445.03564453125,0.0,0.9087399840354919,0.0,-0.00578625,0.004170342,0.004170342,-1.5214829e-19,1.0789082e-19,-2.6236846e-19,-0.004582832,0.0039296583,0.0039296583,-9.872215e-20,6.542763e-20,-1.4653016e-19,1015871.3,-1015871.3,-1015871.3,1015871.3,1015871.3,-1015871.3,-1015871.3,1015871.3,3.0538239e-10,2.362817e-10,0.0,0.0,1.45101e-10,7.600031e-11,0.0,0.0,2.7871977e-11,8.926064e-11,-7.1020745e-11,-1.324094e-10,0.0,0.0,0.0,0.0,-4063485.2,-7.6276535e-10,8.629754e-11,-7.5166574e-11,5.974253e-11,-1.6297579e-10,-0.0,-0.00578625,-0.00578625,-0.0,-0.0,-0.00578625,-0.00578625,-0.0,-0.0,-0.0,0.004170342,0.004170342,-0.0,-0.0,0.004170342,0.004170342,-0.0,-0.0,-0.0,-0.0,0.004170342,0.004170342,0.004170342,0.004170342,Uniaxial,0.7714999914169312
2.8020407723963365e-28,128474.8515625,2445.03564453125,0.0,0.9087399840354919,0.0,-0.00580125,0.004183204,0.004183204,-1.5426588e-19,1.1127895e-19,-2.6025087e-19,-0.004597832,0.0039425204,0.0039425204,-9.977341e-20,6.629529e-20,-1.4868313e-19,1015871.3,-1015871.3,-1015871.3,1015871.3,1015871.3,-1015871.3,-1015871.3,1015871.3,2.8962843e-10,2.1977764e-10,0.0,0.0,1.00833834e-10,3.0983036e-11,0.0,0.0,7.982258e-11,1.429843e-10,-1.4292911e-11,-7.7454626e-11,0.0,0.0,0.0,0.0,-4063485.2,-6.4122296e-10,-1.3105934e-10,-7.666681e-11,6.3288645e-11,-1.5696744e-10,1e-45,-0.00580125,-0.00580125,1e-45,1e-45,-0.00580125,-0.00580125,1e-45,0.0,0.0,0.004183204,0.004183204,0.0,0.0,0.004183204,0.004183204,0.0,0.0,0.0,0.0,0.004183204,0.004183204,0.004183204,0.004183204,Uniaxial,0.7735000252723694
1.9819312927157772e-28,128535.8046875,2445.03564453125,0.0,0.9087399840354919,0.0,-0.00581625,0.004196066,0.004196066,-1.5553642e-19,1.1466709e-19,-2.5770977e-19,-0.004612832,0.0039553824,0.0039553824,-1.008289e-19,6.721066e-20,-1.5074728e-19,1015871.3,-1015871.3,-1015871.3,1015871.3,1015871.3,-1015871.3,-1015871.3,1015871.3,3.4558775e-10,2.7558567e-10,0.0,0.0,1.9155016e-10,1.2154808e-10,0.0,0.0,1.08404175e-10,1.7330538e-10,1.9267792e-11,-4.563342e-11,0.0,0.0,0.0,0.0,-4063485.2,-9.342717e-10,-2.553439e-10,-7.696938e-11,6.6767626e-11,-1.504882e-10,3e-45,-0.00581625,-0.00581625,3e-45,3e-45,-0.00581625,-0.00581625,3e-45,0.0,0.0,0.004196066,0.004196066,0.0,0.0,0.004196066,0.004196066,0.0,0.0,0.0,0.0,0.004196066,0.004196066,0.004196066,0.004196066,Uniaxial,0.7754999995231628
2.8020407723963365e-28,128596.7578125,2445.03564453125,0.0,0.9087399840354919,0.0,-0.00583125,0.004208928,0.004208928,-1.5595994e-19,1.1678467e-19,-2.585568e-19,-0.004627832,0.0039682444,0.0039682444,-1.0187251e-19,6.814891e-20,-1.5278808e-19,1015871.3,-1015871.3,-1015871.3,1015871.3,1015871.3,-1015871.3,-1015871.3,1015871.3,2.4025484e-10,1.7068896e-10,0.0,0.0,5.553962e-11,-1.4026256e-11,0.0,0.0,1.5642437e-10,2.221552e-10,6.8957375e-11,3.2265451e-12,0.0,0.0,0.0,0.0,-4063485.2,-4.5245718e-10,-4.5076348e-10,-7.609696e-11,6.842686e-11,-1.4880867e-10,0.0,-0.00583125,-0.00583125,0.0,0.0,-0.00583125,-0.00583125,0.0,0.0,0.0,0.004208928,0.004208928,0.0,0.0,0.004208928,0.004208928,-0.0,-0.0,-0.0,-0.0,0.004208928,0.004208928,0.004208928,0.004208928,Uniaxial,0.7774999737739563
2.2553010390288826e-28,128657.7109375,2445.03564453125,0.0,0.9087399840354919,0.0,-0.00584625,0.00422179,0.00422179,-1.5553642e-19,1.1847873e-19,-2.5940384e-19,-0.004642832,0.0039811064,0.0039811064,-1.0288842e-19,6.910151e-20,-1.5480627e-19,1015871.3,-1015871.3,-1015871.3,1015871.3,1015871.3,-1015871.3,-1015871.3,1015871.3,1.967195e-10,1.2816621e-10,0.0,0.0,7.586294e-11,7.309648e-12,0.0,0.0,3.3444362e-11,9.9696786e-11,-8.4194575e-11,-1.5044699e-10,0.0,0.0,0.0,0.0,-4063485.2,-4.080583e-10,1.0150042e-10,-7.407179e-11,6.947005e-11,-1.4716095e-10,1e-45,-0.00584625,-0.00584625,1e-45,1e-45,-0.00584625,-0.00584625,1e-45,0.0,0.0,0.00422179,0.00422179,0.0,0.0,0.00422179,0.00422179,0.0,0.0,0.0,0.0,0.00422179,0.00422179,0.00422179,0.00422179,Uniaxial,0.7795000076293945
1.9135888260448455e-28,128718.6640625,2445.03564453125,0.0,0.9087399840354919,0.0,-0.00586125,0.0042346525,0.0042346525,-1.5468939e-19,1.201728e-19,-2.6025087e-19,-0.004657832,0.0039939685,0.0039939685,-1.03869115e-19,7.0068143e-20,-1.5680228e-19,1015871.3,-1015871.3,-1015871.3,1015871.3,1015871.3,-1015871.3,-1015871.3,1015871.3,1.7711381e-10,1.0984626e-10,0.0,0.0,2.5548123e-11,-4.1719433e-11,0.0,0.0,9.407715e-11,1.7659998e-10,4.0792994e-11,-4.1729845e-11,0.0,0.0,0.0,0.0,-4063485.2,-2.7078875e-10,-2.6974029e-10,-7.150032e-11,7.0493486e-11,-1.4554441e-10,-0.0,-0.00586125,-0.00586125,-0.0,-0.0,-0.00586125,-0.00586125,-0.0,0.0,0.0,0.0042346525,0.0042346525,0.0,0.0,0.0042346525,0.0042346525,0.0,0.0,0.0,0.0,0.0042346525,0.0042346525,0.0042346525,0.0042346525,Uniaxial,0.781499981880188
1.6743902528818952e-28,128779.6171875,2445.03564453125,0.0,0.9087399840354919,0.0,-0.00587625,0.0042475145,0.0042475145,-1.5299533e-19,1.2567851e-19,-2.610979e-19,-0.004672832,0.004006831,0.004006831,-1.0479925e-19,7.112035e-20,-1.5877656e-19,1015871.3,-1015871.3,-1015871.3,1015871.3,1015871.3,-1015871.3,-1015871.3,1015871.3,1.2992354e-10,6.4502015e-11,0.0,0.0,-2.0849175e-11,-8.6270706e-11,0.0,0.0,3.857582e-11,1.2423154e-10,4.9762082e-12,-8.067951e-11,0.0,0.0,0.0,0.0,-4063485.2,-8.7305684e-11,-8.710405e-11,-6.7808266e-11,7.6759245e-11,-1.4395847e-10,1e-45,-0.00587625,-0.00587625,1e-45,1e-45,-0.00587625,-0.00587625,1e-45,0.0,0.0,0.0042475145,0.0042475145,0.0,0.0,0.0042475145,0.0042475145,0.0,0.0,0.0,0.0,0.0042475145,0.0042475145,0.0042475145,0.0042475145,Uniaxial,0.7835000157356262
2.597013492754163e-28,128840.5703125,2445.03564453125,0.0,0.9087399840354919,0.0,-0.00589125,0.0042603766,0.0042603766,-1.5130126e-19,1.3203126e-19,-2.6533307e-19,-0.004687832,0.004019693,0.004019693,-1.05679703e-19,7.227281e-20,-1.607933e-19,1015871.3,-1015871.3,-1015871.3,1015871.3,1015871.3,-1015871.3,-1015871.3,1015871.3,1.8752036e-11,-6.061711e-11,0.0,0.0,-1.4933996e-10,-2.2870911e-10,0.0,0.0,-6.54786e-11,8.076623e-12,-1.4425668e-10,-2.178119e-10,0.0,0.0,0.0,0.0,-4063485.2,4.1991413e-10,4.1947054e-10,-6.418611e-11,8.4075656e-11,-1.4707961e-10,-1e-45,-0.00589125,-0.00589125,-1e-45,-1e-45,-0.00589125,-0.00589125,-1e-45,-0.0,-0.0,0.0042603766,0.0042603766,-0.0,-0.0,0.0042603766,0.0042603766,-0.0,-0.0,-0.0,-0.0,0.0042603766,0.0042603766,0.0042603766,0.0042603766,Uniaxial,0.7854999899864197
2.221129986249349e-28,128901.5234375,2445.03564453125,0.0,0.9087399840354919,0.0,-0.00590625,0.0042732386,0.0042732386,-1.5384236e-19,1.3372533e-19,-2.6702714e-19,-0.004702832,0.004032555,0.004032555,-1.065912e-19,7.3435964e-20,-1.6280418e-19,1015871.3,-1015871.3,-1015871.3,1015871.3,1015871.3,-1015871.3,-1015871.3,1015871.3,-7.6031736e-11,-1.5654725e-10,0.0,0.0,-2.2814217e-10,-3.0865768e-10,0.0,0.0,5.873969e-11,1.3266839e-10,-1.9442043e-11,-9.337075e-11,0.0,0.0,0.0,0.0,-4063485.2,7.6937884e-10,-7.8595276e-11,-6.6478836e-11,8.4822614e-11,-1.4663389e-10,-1e-45,-0.00590625,-0.00590625,-1e-45,-1e-45,-0.00590625,-0.00590625,-1e-45,-0.0,-0.0,0.0042732386,0.0042732386,-0.0,-0.0,0.0042732386,0.0042732386,-0.0,-0.0,-0.0,-0.0,0.0042732386,0.0042732386,0.0042732386,0.0042732386,Uniaxial,0.7875000238418579
2.494499612191833e-28,128962.46875,2445.03564453125,0.0,0.9087399840354919,0.0,-0.00592125,0.0042861006,0.0042861006,-1.5807752e-19,1.3372533e-19,-2.7295637e-19,-0.004717832,0.004045417,0.004045417,-1.07565455e-19,7.457726e-20,-1.6488884e-19,1015871.3,-1015871.3,-1015871.3,1015871.3,1015871.3,-1015871.3,-1015871.3,1015871.3,3.557068e-11,-4.723876e-11,0.0,0.0,-1.5076167e-10,-2.335711e-10,0.0,0.0,5.3616462e-11,1.2674231e-10,3.4447582e-12,-6.968109e-11,0.0,0.0,0.0,0.0,-4063485.2,3.9600084e-10,-1.1412244e-10,-7.1066694e-11,8.321689e-11,-1.520429e-10,-0.0,-0.00592125,-0.00592125,-0.0,-0.0,-0.00592125,-0.00592125,-0.0,-0.0,-0.0,0.0042861006,0.0042861006,-0.0,-0.0,0.0042861006,0.0042861006,0.0,0.0,0.0,0.0,0.0042861006,0.0042861006,0.0042861006,0.0042861006,Uniaxial,0.7894999980926514
3.4171228520641006e-28,129023.421875,2445.03564453125,0.0,0.9087399840354919,0.0,-0.00593625,0.0042989627,0.0042989627,-1.6400675e-19,1.328783e-19,-2.7803856e-19,-0.004732832,0.004058279,0.004058279,-1.0863335e-19,7.5680997e-20,-1.6703032e-19,1015871.3,-1015871.3,-1015871.3,1015871.3,1015871.3,-1015871.3,-1015871.3,1015871.3,-6.186046e-11,-1.4808968e-10,0.0,0.0,-2.3450278e-10,-3.20732e-10,0.0,0.0,7.88194e-11,1.5057296e-10,-3.7828074e-11,-1.0958162e-10,0.0,0.0,0.0,0.0,-4063485.2,7.651849e-10,-8.198266e-11,-7.790624e-11,8.047231e-11,-1.5618028e-10,-3e-45,-0.00593625,-0.00593625,-3e-45,-3e-45,-0.00593625,-0.00593625,-3e-45,-0.0,-0.0,0.0042989627,0.0042989627,-0.0,-0.0,0.0042989627,0.0042989627,-0.0,-0.0,-0.0,-0.0,0.0042989627,0.0042989627,0.0042989627,0.0042989627,Uniaxial,0.7914999723434448
2.1869586927285724e-28,129084.375,2445.03564453125,0.0,0.9087399840354919,0.0,-0.00595125,0.004311825,0.004311825,-1.7078302e-19,1.3076071e-19,-2.8481483e-19,-0.004747832,0.004071141,0.004071141,-1.0980922e-19,7.672387e-20,-1.6925938e-19,1015871.3,-1015871.3,-1015871.3,1015871.3,1015871.3,-1015871.3,-1015871.3,1015871.3,7.337737e-11,-1.6791507e-11,0.0,0.0,-8.6705046e-11,-1.7687392e-10,0.0,0.0,1.7091728e-10,2.2468886e-10,6.4606445e-11,1.0834858e-11,0.0,0.0,0.0,0.0,-4063485.2,2.069931e-10,-4.710474e-10,-8.5785566e-11,7.6025776e-11,-1.6257785e-10,-0.0,-0.00595125,-0.00595125,-0.0,-0.0,-0.00595125,-0.00595125,-0.0,-0.0,-0.0,0.004311825,0.004311825,-0.0,-0.0,0.004311825,0.004311825,0.0,0.0,0.0,0.0,0.004311825,0.004311825,0.004311825,0.004311825,Uniaxial,0.7935000061988831
2.9387257057382e-28,129145.328125,2445.03564453125,0.0,0.9087399840354919,0.0,-0.00596625,0.004324687,0.004324687,-1.7755928e-19,1.2440796e-19,-2.8566186e-19,-0.004762832,0.0040840036,0.0040840036,-1.110911e-19,7.7627146e-20,-1.7146283e-19,1015871.3,-1015871.3,-1015871.3,1015871.3,1015871.3,-1015871.3,-1015871.3,1015871.3,7.188465e-11,-2.2149314e-11,0.0,0.0,-1.0300227e-10,-1.9703623e-10,0.0,0.0,1.700845e-10,2.1875175e-10,4.386483e-11,-4.8024184e-12,0.0,0.0,0.0,0.0,-4063485.2,2.503032e-10,-4.2789866e-10,-9.351574e-11,6.58171e-11,-1.6066948e-10,1e-45,-0.00596625,-0.00596625,1e-45,1e-45,-0.00596625,-0.00596625,1e-45,-0.0,-0.0,0.004324687,0.004324687,-0.0,-0.0,0.004324687,0.004324687,0.0,0.0,0.0,0.0,0.004324687,0.004324687,0.004324687,0.004324687,Uniaxial,0.7954999804496765
2.0844450529074856e-28,129206.28125,2445.03564453125,0.0,0.9087399840354919,0.0,-0.00598125,0.004337549,0.004337549,-1.8348851e-19,1.1720818e-19,-2.869324e-19,-0.004777832,0.0040968657,0.0040968657,-1.1246105e-19,7.837711e-20,-1.7364858e-19,1015871.3,-1015871.3,-1015871.3,1015871.3,1015871.3,-1015871.3,-1015871.3,1015871.3,1.431867e-10,3.0186745e-11,0.0,0.0,4.609776e-13,-1.1253897e-10,0.0,0.0,6.5461796e-11,1.242954e-10,-3.418902e-11,-9.302262e-11,0.0,0.0,0.0,0.0,-4063485.2,-6.129545e-11,-6.254555e-11,-9.9930314e-11,5.463241e-11,-1.5938184e-10,0.0,-0.00598125,-0.00598125,0.0,0.0,-0.00598125,-0.00598125,0.0,0.0,0.0,0.004337549,0.004337549,0.0,0.0,0.004337549,0.004337549,0.0,0.0,0.0,0.0,0.004337549,0.004337549,0.004337549,0.004337549,Uniaxial,0.7975000143051147
2.221129986249349e-28,129267.234375,2445.03564453125,0.0,0.9087399840354919,0.0,-0.00599625,0.0043504112,0.0043504112,-1.9280587e-19,1.1339654e-19,-2.8820296e-19,-0.004792832,0.0041097277,0.0041097277,-1.1398112e-19,7.9040403e-20,-1.7581702e-19,1015871.3,-1015871.3,-1015871.3,1015871.3,1015871.3,-1015871.3,-1015871.3,1015871.3,8.605333e-11,-3.2431717e-11,0.0,0.0,-8.7558155e-11,-2.060432e-10,0.0,0.0,1.4484007e-10,2.0052572e-10,7.419033e-11,1.8504684e-11,0.0,0.0,0.0,0.0,-4063485.2,2.3997973e-10,-4.380608e-10,-1.1090051e-10,4.8336505e-11,-1.581186e-10,0.0,-0.00599625,-0.00599625,0.0,0.0,-0.00599625,-0.00599625,0.0,-0.0,0.0,0.0043504112,0.0043504112,0.0,0.0,0.0043504112,0.0043504112,0.0,0.0,-0.0,0.0,0.0043504112,0.0043504112,0.0043504112,0.0043504112,Uniaxial,0.7994999885559082
2.9387257057382e-28,129227.4765625,2405.2763671875,0.0,0.9087399840354919,0.0,-0.0059865,0.0043485104,0.0043485104,-1.845473e-19,1.0174983e-19,-2.8777944e-19,-0.004792907,0.0041097915,0.0041097915,-1.1398868e-19,7.90437e-20,-1.758278e-19,1007577.8,-1007577.8,-1007577.8,1007577.8,1007577.8,-1007577.8,-1007577.8,1007577.8,1.3033803e-10,3.3426595e-11,0.0,0.0,-4.2967938e-11,-1.3987937e-10,0.0,0.0,1.1912642e-10,1.5085802e-10,-2.2447941e-11,-5.417955e-11,0.0,0.0,0.0,0.0,-4030311.2,1.9082682e-11,-1.9335696e-10,-9.927068e-11,3.1945824e-11,-1.5750756e-10,2.6868425e-33,-0.0059865,-0.0059865,2.6868425e-33,2.6868425e-33,-0.0059865,-0.0059865,2.6868425e-33,6.717106e-33,6.717106e-33,0.0043485104,0.0043485104,6.717106e-33,6.717106e-33,0.0043485104,0.0043485104,6.717106e-33,6.717106e-33,6.717106e-33,6.717106e-33,0.0043485104,0.0043485104,0.0043485104,0.0043485104,Uniaxial,0.8015000224113464
2.0844450529074856e-28,129155.4765625,2333.2763671875,0.0,0.9087399840354919,0.0,-0.0059685,0.0043449104,0.0043449104,-1.607245e-19,7.96211e-20,-2.768739e-19,-0.004792907,0.004109792,0.004109792,-1.1398872e-19,7.904372e-20,-1.7582786e-19,992382.7,-992382.7,-992382.7,992382.7,992382.7,-992382.7,-992382.7,992382.7,1.3144678e-10,3.553513e-11,0.0,0.0,-2.6701e-12,-9.858176e-11,0.0,0.0,9.6656655e-11,1.2858022e-10,-2.1295373e-11,-5.3218933e-11,0.0,0.0,0.0,0.0,-3969530.8,-6.573006e-11,-1.5072256e-10,-6.5753736e-11,8.1232883e-13,-1.421642e-10,6.941383e-33,-0.0059685,-0.0059685,6.941383e-33,6.941383e-33,-0.0059685,-0.0059685,6.941383e-33,-5.723968e-35,-5.723968e-35,0.0043449104,0.0043449104,-5.723968e-35,-5.723968e-35,0.0043449104,0.0043449104,-5.723968e-35,-5.723968e-35,-5.723968e-35,-5.723968e-35,0.0043449104,0.0043449104,0.0043449104,0.0043449104,Uniaxial,0.8034999966621399
2.76786947887556e-28,129084.5703125,2262.371826171875,0.0,0.9087399840354919,0.0,-0.0059505,0.0043413104,0.0043413104,-2.180051e-19,1.3838401e-19,-2.8661477e-19,-0.004792907,0.004109792,0.004109792,-1.1398872e-19,7.904372e-20,-1.7582786e-19,977187.94,-977187.94,-977187.94,977187.94,977187.94,-977187.94,-977187.94,977187.94,1.586905e-10,2.2484086e-11,0.0,0.0,-1.37961274e-11,-1.5000254e-10,0.0,0.0,1.42052255e-11,8.746629e-11,-6.926164e-11,-1.425227e-10,0.0,0.0,0.0,0.0,-3908751.8,-1.7375917e-11,1.1011283e-10,-1.4634324e-10,8.3487335e-11,-1.5586889e-10,-1.1390981e-37,-0.0059505,-0.0059505,-1.1390981e-37,-1.1390981e-37,-0.0059505,-0.0059505,-1.1390981e-37,-2.8477452e-37,-2.8477452e-37,0.0043413104,0.0043413104,-2.8477452e-37,-2.8477452e-37,0.0043413104,0.0043413104,-2.8477452e-37,-2.8477452e-37,-2.8477452e-37,-2.8477452e-37,0.0043413104,0.0043413104,0.0043413104,0.0043413104,Uniaxial,0.8054999709129333
2.391985972370746e-28,129014.7578125,2192.561279296875,0.0,0.9087399840354919,0.0,-0.0059325,0.0043377103,0.0043377103,-2.0974653e-19,1.3012544e-19,-2.7750917e-19,-0.004792907,0.004109792,0.004109792,-1.1398872e-19,7.904372e-20,-1.7582786e-19,961993.1,-961993.1,-961993.1,961993.1,961993.1,-961993.1,-961993.1,961993.1,1.6889412e-10,2.2738601e-11,0.0,0.0,3.4330337e-11,-1.1182518e-10,0.0,0.0,5.4211274e-11,1.3742145e-10,2.8576614e-12,-8.03525e-11,0.0,0.0,0.0,0.0,-3847972.5,-1.1413787e-10,-1.1413787e-10,-1.3472405e-10,7.186814e-11,-1.4305798e-10,-5.66715e-40,-0.0059325,-0.0059325,-5.66715e-40,-5.66715e-40,-0.0059325,-0.0059325,-5.66715e-40,-1.416788e-39,-1.416788e-39,0.0043377103,0.0043377103,-1.416788e-39,-1.416788e-39,0.0043377103,0.0043377103,-1.416788e-39,-1.416788e-39,-1.416788e-39,-1.416788e-39,0.0043377103,0.0043377103,0.0043377103,0.0043377103,Uniaxial,0.8075000047683716
3.3146092122430137e-28,128946.046875,2123.8447265625,0.0,0.9087399840354919,0.0,-0.0059145,0.0043341108,0.0043341108,-2.439455e-19,1.6601846e-19,-2.9783796e-19,-0.004792907,0.004109792,0.004109792,-1.1398872e-19,7.904372e-20,-1.7582786e-19,946798.3,-946798.3,-946798.3,946798.3,946798.3,-946798.3,-946798.3,946798.3,1.2859352e-10,-5.7378373e-11,0.0,0.0,-3.6029495e-11,-2.2200139e-10,0.0,0.0,-1.8622204e-11,8.983736e-11,-7.4785664e-11,-1.8324522e-10,0.0,0.0,0.0,0.0,-3787193.2,1.8681574e-10,1.8681574e-10,-1.8283942e-10,1.2236694e-10,-1.7165906e-10,-2.821e-42,-0.0059145,-0.0059145,-2.821e-42,-2.821e-42,-0.0059145,-0.0059145,-2.821e-42,-7.049e-42,-7.049e-42,0.0043341108,0.0043341108,-7.049e-42,-7.049e-42,0.0043341108,0.0043341108,-7.049e-42,-7.049e-42,-7.049e-42,-7.049e-42,0.0043341108,0.0043341108,0.0043341108,0.0043341108,Uniaxial,0.809499979019165
3.5196364918851874e-28,128878.421875,2056.222412109375,0.0,0.9087399840354919,0.0,-0.0058965,0.0043305107,0.0043305107,-2.7221521e-19,1.496072e-19,-3.107552e-19,-0.004792907,0.004109792,0.004109792,-1.1398872e-19,7.904372e-20,-1.7582786e-19,931603.56,-931603.56,-931603.56,931603.56,931603.56,-931603.56,-931603.56,931603.56,1.6527493e-10,-2.4824956e-11,0.0,0.0,-3.9952285e-11,-2.3005217e-10,0.0,0.0,-1.8704845e-12,9.504437e-11,-6.2906756e-11,-1.5982161e-10,0.0,0.0,0.0,0.0,-3726414.2,1.2955448e-10,1.2955448e-10,-2.226128e-10,9.927752e-11,-1.8983266e-10,-1.4e-44,-0.0058965,-0.0058965,-1.4e-44,-1.4e-44,-0.0058965,-0.0058965,-1.4e-44,-3.5e-44,-3.5e-44,0.0043305107,0.0043305107,-3.5e-44,-3.5e-44,0.0043305107,0.0043305107,-3.5e-44,-3.5e-44,-3.5e-44,-3.5e-44,0.0043305107,0.0043305107,0.0043305107,0.0043305107,Uniaxial,0.8115000128746033
4.203061399335748e-28,128811.890625,1989.69384765625,0.0,0.9087399840354919,0.0,-0.0058785,0.0043269107,0.0043269107,-2.1249939e-19,1.4590143e-19,-3.3203692e-19,-0.004792907,0.004109792,0.004109792,-1.1398872e-19,7.904372e-20,-1.7582786e-19,916408.75,-916408.75,-916408.75,916408.75,916408.75,-916408.75,-916408.75,916408.75,1.7626572e-10,2.8173677e-11,0.0,0.0,-2.8173677e-11,-1.7626572e-10,0.0,0.0,6.294506e-11,1.5725304e-10,-6.294506e-11,-1.5725304e-10,0.0,0.0,0.0,0.0,-3665635.0,0.0,0.0,-1.3859712e-10,9.406378e-11,-2.1977443e-10,0.0,-0.0058785,-0.0058785,0.0,0.0,-0.0058785,-0.0058785,0.0,-0.0,-0.0,0.0043269107,0.0043269107,-0.0,-0.0,0.0043269107,0.0043269107,-0.0,-0.0,-0.0,-0.0,0.0043269107,0.0043269107,0.0043269107,0.0043269107,Uniaxial,0.8134999871253967
3.00706805203851e-28,128746.4609375,1924.2593994140625,0.0,0.9087399840354919,0.0,-0.0058605,0.0043233107,0.0043233107,-2.190639e-19,1.4568967e-19,-3.2314307e-19,-0.004792907,0.004109792,0.004109792,-1.1398872e-19,7.904372e-20,-1.7582786e-19,901214.0,-901214.0,-901214.0,901214.0,901214.0,-901214.0,-901214.0,901214.0,1.038227e-10,-3.3128535e-11,0.0,0.0,-9.4360214e-11,-2.3131144e-10,0.0,0.0,-4.08599e-11,5.329912e-11,-1.291251e-10,-2.2328411e-10,0.0,0.0,0.0,0.0,-3604856.0,2.5497748e-10,3.3997e-10,-1.4783288e-10,9.376585e-11,-2.0726146e-10,-1e-45,-0.0058605,-0.0058605,-1e-45,-1e-45,-0.0058605,-0.0058605,-1e-45,0.0,0.0,0.0043233107,0.0043233107,0.0,0.0,0.0043233107,0.0043233107,0.0,0.0,0.0,0.0,0.0043233107,0.0043233107,0.0043233107,0.0043233107,Uniaxial,0.815500020980835
2.6995271325752497e-28,128682.1171875,1859.9190673828125,0.0,0.9087399840354919,0.0,-0.0058425,0.0043197107,0.0043197107,-1.8518258e-19,1.4664258e-19,-2.783562e-19,-0.004792907,0.004109792,0.004109792,-1.1398872e-19,7.904372e-20,-1.7582786e-19,886019.2,-886019.2,-886019.2,886019.2,886019.2,-886019.2,-886019.2,886019.2,1.717692e-10,5.86522e-11,0.0,0.0,5.0921693e-12,-1.0802483e-10,0.0,0.0,6.266139e-11,1.5749074e-10,2.233111e-11,-7.249825e-11,0.0,0.0,0.0,0.0,-3544076.8,-1.2748874e-10,-1.69985e-10,-1.0016441e-10,9.510653e-11,-1.442497e-10,1e-45,-0.0058425,-0.0058425,1e-45,1e-45,-0.0058425,-0.0058425,1e-45,-0.0,-0.0,0.0043197107,0.0043197107,-0.0,-0.0,0.0043197107,0.0043197107,-0.0,-0.0,-0.0,-0.0,0.0043197107,0.0043197107,0.0043197107,0.0043197107,Uniaxial,0.8174999952316284
3.5879790789267407e-28,128618.8671875,1796.6727294921875,0.0,0.9087399840354919,0.0,-0.0058245,0.0043161106,0.0043161106,-1.987351e-19,1.4611318e-19,-2.9646153e-19,-0.004792907,0.004109792,0.004109792,-1.1398872e-19,7.904372e-20,-1.7582786e-19,870824.4,-870824.4,-870824.4,870824.4,870824.4,-870824.4,-870824.4,870824.4,1.5103208e-10,2.838138e-11,0.0,0.0,-2.838138e-11,-1.5103208e-10,0.0,0.0,1.5740702e-11,9.443895e-11,-1.007332e-10,-1.7943146e-10,0.0,0.0,0.0,0.0,-3483297.5,0.0,1.69985e-10,-1.192318e-10,9.4361706e-11,-1.6972253e-10,0.0,-0.0058245,-0.0058245,0.0,0.0,-0.0058245,-0.0058245,0.0,0.0,0.0,0.0043161106,0.0043161106,0.0,0.0,0.0043161106,0.0043161106,0.0,0.0,0.0,0.0,0.0043161106,0.0043161106,0.0043161106,0.0043161106,Uniaxial,0.8195000290870667
3.382951558543324e-28,128556.71875,1734.5203857421875,0.0,0.9087399840354919,0.0,-0.0058065,0.0043125106,0.0043125106,-2.0498197e-19,1.0439681e-19,-3.1022582e-19,-0.004792907,0.004109792,0.004109792,-1.1398872e-19,7.904372e-20,-1.7582786e-19,855629.6,-855629.6,-855629.6,855629.6,855629.6,-855629.6,-855629.6,855629.6,1.6869468e-10,2.5890855e-11,0.0,0.0,-4.6427306e-12,-1.4744655e-10,0.0,0.0,1.04488786e-10,1.6959982e-10,-1.9496285e-11,-8.460733e-11,0.0,0.0,0.0,0.0,-3422518.5,-4.249625e-11,-1.69985e-10,-1.2802068e-10,3.56699e-11,-1.8908786e-10,-1e-45,-0.0058065,-0.0058065,-1e-45,-1e-45,-0.0058065,-0.0058065,-1e-45,-0.0,-0.0,0.0043125106,0.0043125106,-0.0,-0.0,0.0043125106,0.0043125106,-0.0,-0.0,-0.0,-0.0,0.0043125106,0.0043125106,0.0043125106,0.0043125106,Uniaxial,0.8215000033378601
4.339746091936368e-28,128495.6640625,1673.4620361328125,0.0,0.9087399840354919,0.0,-0.0057885,0.0043089106,0.0043089106,-2.4415725e-19,1.5977159e-19,-3.2123725e-19,-0.004792907,0.004109792,0.004109792,-1.1398872e-19,7.904372e-20,-1.7582786e-19,840434.8,-840434.8,-840434.8,840434.8,840434.8,-840434.8,-840434.8,840434.8,1.834248e-10,1.3062642e-11,0.0,0.0,-4.493483e-11,-2.1529699e-10,0.0,0.0,1.7261083e-11,1.2132621e-10,-5.975733e-11,-1.6382246e-10,0.0,0.0,0.0,0.0,-3361739.2,6.374437e-11,8.49925e-11,-1.8313735e-10,1.13578064e-10,-2.045801e-10,1e-45,-0.0057885,-0.0057885,1e-45,1e-45,-0.0057885,-0.0057885,1e-45,-0.0,-0.0,0.0043089106,0.0043089106,0.0,0.0,0.0043089106,0.0043089106,0.0,0.0,0.0,0.0,0.0043089106,0.0043089106,0.0043089106,0.0043089106,Uniaxial,0.8234999775886536
4.203061399335748e-28,128435.6953125,1613.4976806640625,0.0,0.9087399840354919,0.0,-0.0057705,0.0043053105,0.0043053105,-2.3198115e-19,1.5172478e-19,-3.2229604e-19,-0.004792907,0.004109792,0.004109792,-1.1398872e-19,7.904372e-20,-1.7582786e-19,825240.0,-825240.0,-825240.0,825240.0,825240.0,-825240.0,-825240.0,825240.0,1.610111e-10,-7.856451e-13,0.0,0.0,-5.2334668e-11,-2.1413141e-10,0.0,0.0,7.095034e-12,1.05499526e-10,-9.208753e-11,-1.9049202e-10,0.0,0.0,0.0,0.0,-3300960.0,1.0624062e-10,1.69985e-10,-1.6600649e-10,1.022568e-10,-2.0606974e-10,-1e-45,-0.0057705,-0.0057705,-1e-45,-1e-45,-0.0057705,-0.0057705,-1e-45,0.0,0.0,0.0043053105,0.0043053105,-0.0,-0.0,0.0043053105,0.0043053105,-0.0,-0.0,-0.0,-0.0,0.0043053105,0.0043053105,0.0043053105,0.0043053105,Uniaxial,0.8255000114440918
4.134718812294195e-28,128376.828125,1554.62744140625,0.0,0.9087399840354919,0.0,-0.0057525,0.0043017105,0.0043017105,-2.25099e-19,1.465367e-19,-3.001673e-19,-0.004792907,0.004109792,0.004109792,-1.1398872e-19,7.904372e-20,-1.7582786e-19,810045.25,-810045.25,-810045.25,810045.25,810045.25,-810045.25,-810045.25,810045.25,1.588638e-10,-1.3850302e-11,0.0,0.0,-7.397823e-12,-1.8011193e-10,0.0,0.0,5.1512072e-11,1.4626694e-10,-5.1512072e-11,-1.4626694e-10,0.0,0.0,0.0,0.0,-3240181.0,4.249625e-11,0.0,-1.5632383e-10,9.495756e-11,-1.7493627e-10,1e-45,-0.0057525,-0.0057525,1e-45,1e-45,-0.0057525,-0.0057525,1e-45,0.0,0.0,0.0043017105,0.0043017105,-0.0,-0.0,0.0043017105,0.0043017105,-0.0,-0.0,-0.0,-0.0,0.0043017105,0.0043017105,0.0043017105,0.0043017105,Uniaxial,0.8274999856948853
5.672424131834226e-28,128319.046875,1496.8511962890625,0.0,0.9087399840354919,0.0,-0.0057345,0.0042981105,0.0042981105,-2.657566e-19,1.4526615e-19,-3.1901378e-19,-0.004792907,0.004109792,0.004109792,-1.1398872e-19,7.904372e-20,-1.7582786e-19,794850.44,-794850.44,-794850.44,794850.44,794850.44,-794850.44,-794850.44,794850.44,2.0086396e-10,1.5307481e-11,0.0,0.0,-2.5931543e-11,-2.1148804e-10,0.0,0.0,4.5219085e-11,1.3908018e-10,-8.7715335e-11,-1.8157642e-10,0.0,0.0,0.0,0.0,-3179401.8,2.1248125e-11,8.49925e-11,-2.13526e-10,9.316999e-11,-2.0145186e-10,-1e-45,-0.0057345,-0.0057345,-1e-45,-1e-45,-0.0057345,-0.0057345,-1e-45,-0.0,-0.0,0.0042981105,0.0042981105,-0.0,0.0,0.0042981105,0.0042981105,0.0,0.0,0.0,0.0,0.0042981105,0.0042981105,0.0042981105,0.0042981105,Uniaxial,0.8295000195503235
4.647287252140872e-28,128262.3671875,1440.1689453125,0.0,0.9087399840354919,0.0,-0.0057165,0.0042945105,0.0042945105,-2.1324054e-19,1.4748961e-19,-3.330957e-19,-0.004792907,0.004109792,0.004109792,-1.1398872e-19,7.904372e-20,-1.7582786e-19,779655.6,-779655.6,-779655.6,779655.6,779655.6,-779655.6,-779655.6,779655.6,2.0071426e-10,5.210084e-11,0.0,0.0,-2.0228656e-11,-1.6884208e-10,0.0,0.0,8.4006975e-11,1.7943219e-10,-4.151073e-11,-1.3693595e-10,0.0,0.0,0.0,0.0,-3118622.5,-6.374437e-11,-8.49925e-11,-1.3963987e-10,9.629824e-11,-2.2126406e-10,-1e-45,-0.0057165,-0.0057165,-1e-45,-1e-45,-0.0057165,-0.0057165,-1e-45,0.0,-0.0,0.0042945105,0.0042945105,0.0,-0.0,0.0042945105,0.0042945105,-0.0,-0.0,-0.0,-0.0,0.0042945105,0.0042945105,0.0042945105,0.0042945105,Uniaxial,0.8314999938011169
3.724664012268604e-28,128206.78125,1384.580810546875,0.0,0.9087399840354919,0.0,-0.0056985,0.0042909104,0.0042909104,-2.1991093e-19,1.4558379e-19,-3.1191988e-19,-0.004792907,0.004109792,0.004109792,-1.1398872e-19,7.904372e-20,-1.7582786e-19,764460.9,-764460.9,-764460.9,764460.9,764460.9,-764460.9,-764460.9,764460.9,1.53116e-10,1.5568909e-11,0.0,0.0,-6.868922e-11,-2.062363e-10,0.0,0.0,5.605394e-12,8.393124e-11,-9.059789e-11,-1.6892374e-10,0.0,0.0,0.0,0.0,-3057843.5,1.0624062e-10,1.69985e-10,-1.490246e-10,9.3616885e-11,-1.9147127e-10,1e-45,-0.0056985,-0.0056985,1e-45,1e-45,-0.0056985,-0.0056985,1e-45,0.0,0.0,0.0042909104,0.0042909104,0.0,0.0,0.0042909104,0.0042909104,0.0,0.0,0.0,0.0,0.0042909104,0.0042909104,0.0042909104,0.0042909104,Uniaxial,0.8335000276565552
4.681458545661648e-28,128152.28125,1330.086669921875,0.0,0.9087399840354919,0.0,-0.0056805,0.0042873104,0.0042873104,-1.8571197e-19,1.05032085e-19,-3.3066049e-19,-0.004792907,0.004109792,0.004109792,-1.1398872e-19,7.904372e-20,-1.7582786e-19,749266.06,-749266.06,-749266.06,749266.06,749266.06,-749266.06,-749266.06,749266.06,1.2660809e-10,1.3118677e-11,0.0,0.0,-7.686305e-11,-1.9035246e-10,0.0,0.0,5.7977748e-11,1.0777698e-10,-1.4297025e-10,-1.9276948e-10,0.0,0.0,0.0,0.0,-2997064.2,1.2748874e-10,1.69985e-10,-1.0090923e-10,3.6563683e-11,-2.178379e-10,-1e-45,-0.0056805,-0.0056805,-1e-45,-1e-45,-0.0056805,-0.0056805,-1e-45,-0.0,-0.0,0.0042873104,0.0042873104,-0.0,-0.0,0.0042873104,0.0042873104,-0.0,-0.0,-0.0,-0.0,0.0042873104,0.0042873104,0.0042873104,0.0042873104,Uniaxial,0.8355000019073486
3.827177652089691e-28,128098.8828125,1276.6865234375,0.0,0.9087399840354919,0.0,-0.0056625,0.0042837104,0.0042837104,-1.9884098e-19,1.1847873e-19,-3.2261367e-19,-0.004792907,0.004109792,0.004109792,-1.1398872e-19,7.904372e-20,-1.7582786e-19,734071.25,-734071.25,-734071.25,734071.25,734071.25,-734071.25,-734071.25,734071.25,1.6026784e-10,5.3301363e-11,0.0,0.0,-5.3301363e-11,-1.6026784e-10,0.0,0.0,8.503472e-11,1.2853447e-10,-8.503472e-11,-1.2853447e-10,0.0,0.0,0.0,0.0,-2936285.0,0.0,0.0,-1.1938077e-10,5.548211e-11,-2.0651664e-10,1e-45,-0.0056625,-0.0056625,1e-45,1e-45,-0.0056625,-0.0056625,1e-45,-0.0,0.0,0.0042837104,0.0042837104,0.0,0.0,0.0042837104,0.0042837104,0.0,0.0,-0.0,0.0,0.0042837104,0.0042837104,0.0042837104,0.0042837104,Uniaxial,0.8374999761581421
2.9387257057382e-28,128046.578125,1224.38037109375,0.0,0.9087399840354919,0.0,-0.0056445,0.0042801104,0.0042801104,-1.6337148e-19,8.512681e-20,-3.2113137e-19,-0.004792907,0.004109792,0.004109792,-1.1398872e-19,7.904372e-20,-1.7582786e-19,718876.5,-718876.5,-718876.5,718876.5,718876.5,-718876.5,-718876.5,718876.5,1.5001544e-10,6.800044e-11,0.0,0.0,-4.675231e-11,-1.2876732e-10,0.0,0.0,8.836491e-11,1.0840284e-10,-8.836491e-11,-1.0840284e-10,0.0,0.0,0.0,0.0,-2875506.0,-4.249625e-11,0.0,-6.947783e-11,8.558456e-12,-2.0443114e-10,-1e-45,-0.0056445,-0.0056445,-1e-45,-0.0,-0.0056445,-0.0056445,-1e-45,0.0,-0.0,0.0042801104,0.0042801104,-0.0,-0.0,0.0042801104,0.0042801104,-0.0,0.0,0.0,-0.0,0.0042801104,0.0042801104,0.0042801104,0.0042801104,Uniaxial,0.8395000100135803
3.827177652089691e-28,127995.3671875,1173.1683349609375,0.0,0.9087399840354919,0.0,-0.0056265,0.0042765103,0.0042765103,-1.7671225e-19,9.5397086e-20,-3.325663e-19,-0.004792907,0.004109792,0.004109792,-1.1398872e-19,7.904372e-20,-1.7582786e-19,703681.7,-703681.7,-703681.7,703681.7,703681.7,-703681.7,-703681.7,703681.7,1.5598513e-10,6.4585386e-11,0.0,0.0,-6.4585386e-11,-1.5598513e-10,0.0,0.0,7.540579e-11,1.0266847e-10,-1.1790204e-10,-1.4516471e-10,0.0,0.0,0.0,0.0,-2814726.8,0.0,8.49925e-11,-8.82473e-11,2.3007962e-11,-2.2051926e-10,0.0,-0.0056265,-0.0056265,0.0,-0.0,-0.0056265,-0.0056265,0.0,0.0,0.0,0.0042765103,0.0042765103,0.0,0.0,0.0042765103,0.0042765103,0.0,-0.0,-0.0,0.0,0.0042765103,0.0042765103,0.0042765103,0.0042765103,Uniaxial,0.8414999842643738
4.8523145317830455e-28,127945.25,1123.0501708984375,0.0,0.9087399840354919,0.0,-0.0056085,0.0042729108,0.0042729108,-1.8190033e-19,1.0206747e-19,-3.539539e-19,-0.004792907,0.004109792,0.004109792,-1.1398872e-19,7.904372e-20,-1.7582786e-19,688486.94,-688486.94,-688486.94,688486.94,688486.94,-688486.94,-688486.94,688486.94,1.625879e-10,6.7538544e-11,0.0,0.0,-8.8786666e-11,-1.8383603e-10,0.0,0.0,1.0970976e-10,1.416648e-10,-1.0970976e-10,-1.416648e-10,0.0,0.0,0.0,0.0,-2753947.8,4.249625e-11,0.0,-9.554653e-11,3.2392693e-11,-2.5060998e-10,1e-45,-0.0056085,-0.0056085,1e-45,1e-45,-0.0056085,-0.0056085,1e-45,0.0,0.0,0.0042729108,0.0042729108,0.0,0.0,0.0042729108,0.0042729108,-0.0,-0.0,0.0,0.0,0.0042729108,0.0042729108,0.0042729108,0.0042729108,Uniaxial,0.843500018119812
3.8613489456104676e-28,127896.2265625,1074.026123046875,0.0,0.9087399840354919,0.0,-0.0055905,0.0042693107,0.0042693107,-1.8190033e-19,1.029145e-19,-3.3500153e-19,-0.004792907,0.004109792,0.004109792,-1.1398872e-19,7.904372e-20,-1.7582786e-19,673292.1,-673292.1,-673292.1,673292.1,673292.1,-673292.1,-673292.1,673292.1,1.7460257e-10,7.955321e-11,0.0,0.0,-4.7681026e-11,-1.4273038e-10,0.0,0.0,6.573887e-11,1.1404847e-10,-1.0823512e-10,-1.5654472e-10,0.0,0.0,0.0,0.0,-2693168.5,-6.374437e-11,8.49925e-11,-9.554653e-11,3.3584403e-11,-2.2394542e-10,0.0,-0.0055905,-0.0055905,-0.0,0.0,-0.0055905,-0.0055905,0.0,-0.0,-0.0,0.0042693107,0.0042693107,-0.0,-0.0,0.0042693107,0.0042693107,0.0,0.0,0.0,0.0,0.0042693107,0.0042693107,0.0042693107,0.0042693107,Uniaxial,0.8454999923706055
2.8020407723963365e-28,127848.296875,1026.09619140625,0.0,0.9087399840354919,0.0,-0.0055725,0.0042657107,0.0042657107,-1.8073566e-19,1.4166626e-19,-3.5331862e-19,-0.004792907,0.004109792,0.004109792,-1.1398872e-19,7.904372e-20,-1.7582786e-19,658097.3,-658097.3,-658097.3,658097.3,658097.3,-658097.3,-658097.3,658097.3,1.4619611e-10,6.772475e-11,0.0,0.0,-8.897287e-11,-1.6744423e-10,0.0,0.0,6.404079e-11,1.396108e-10,-6.404079e-11,-1.396108e-10,0.0,0.0,0.0,0.0,-2632389.2,4.249625e-11,0.0,-9.390793e-11,8.810522e-11,-2.497162e-10,-1e-45,-0.0055725,-0.0055725,-1e-45,-1e-45,-0.0055725,-0.0055725,-1e-45,-0.0,-0.0,0.0042657107,0.0042657107,0.0,0.0,0.0042657107,0.0042657107,-0.0,-0.0,-0.0,-0.0,0.0042657107,0.0042657107,0.0042657107,0.0042657107,Uniaxial,0.8475000262260437
4.339746091936368e-28,127801.4609375,979.2601318359375,0.0,0.9087399840354919,0.0,-0.0055545,0.0042621107,0.0042621107,-1.4060747e-19,1.2853725e-19,-3.1361395e-19,-0.004792907,0.004109792,0.004109792,-1.1398872e-19,7.904372e-20,-1.7582786e-19,642902.56,-642902.56,-642902.56,642902.56,642902.56,-642902.56,-642902.56,642902.56,9.9612985e-11,6.5129e-11,0.0,0.0,-1.0762525e-10,-1.4210924e-10,0.0,0.0,7.0452e-11,1.5254494e-10,-7.0452e-11,-1.5254494e-10,0.0,0.0,0.0,0.0,-2571610.2,8.49925e-11,0.0,-3.7450577e-11,6.963369e-11,-1.938547e-10,1e-45,-0.0055545,-0.0055545,1e-45,1e-45,-0.0055545,-0.0055545,1e-45,0.0,0.0,0.0042621107,0.0042621107,-0.0,-0.0,0.0042621107,0.0042621107,-0.0,0.0,0.0,-0.0,0.0042621107,0.0042621107,0.0042621107,0.0042621107,Uniaxial,0.8495000004768372
4.339746091936368e-28,127755.71875,933.5181884765625,0.0,0.9087399840354919,0.0,-0.0055365,0.0042585107,0.0042585107,-1.1339654e-19,1.6411263e-19,-3.2970757e-19,-0.004792907,0.004109792,0.004109792,-1.1398872e-19,7.904372e-20,-1.7582786e-19,627707.75,-627707.75,-627707.75,627707.75,627707.75,-627707.75,-627707.75,627707.75,1.4076625e-10,1.2542413e-10,0.0,0.0,-9.3551944e-11,-1.0889406e-10,0.0,0.0,7.696843e-11,1.8408731e-10,-3.4472182e-11,-1.4159107e-10,0.0,0.0,0.0,0.0,-2510831.0,-6.374437e-11,-8.49925e-11,8.331637e-13,1.1968558e-10,-2.1649722e-10,-1e-45,-0.0055365,-0.0055365,-1e-45,-1e-45,-0.0055365,-0.0055365,-1e-45,-0.0,-0.0,0.0042585107,0.0042585107,-0.0,-0.0,0.0042585107,0.0042585107,-0.0,-0.0,0.0,0.0,0.0042585107,0.0042585107,0.0042585107,0.0042585107,Uniaxial,0.8514999747276306
3.6904927187478275e-28,127711.0703125,888.8702392578125,0.0,0.9087399840354919,0.0,-0.0055185,0.0042549106,0.0042549106,-1.3097247e-19,1.5257181e-19,-3.2282543e-19,-0.004792907,0.004109792,0.004109792,-1.1398872e-19,7.904372e-20,-1.7582786e-19,612512.94,-612512.94,-612512.94,612512.94,612512.94,-612512.94,-612512.94,612512.94,1.0495345e-10,7.724732e-11,0.0,0.0,-7.724732e-11,-1.0495345e-10,0.0,0.0,3.6110785e-11,1.5086983e-10,-7.860703e-11,-1.9336607e-10,0.0,0.0,0.0,0.0,-2450051.8,0.0,8.49925e-11,-2.3894857e-11,1.0344851e-10,-2.0681457e-10,1e-45,-0.0055185,-0.0055185,1e-45,1e-45,-0.0055185,-0.0055185,1e-45,0.0,0.0,0.0042549106,0.0042549106,0.0,0.0,0.0042549106,0.0042549106,0.0,0.0,0.0,0.0,0.0042549106,0.0042549106,0.0042549106,0.0042549106,Uniaxial,0.8535000085830688
4.066376225252641e-28,127667.515625,845.3162841796875,0.0,0.9087399840354919,0.0,-0.0055005,0.0042513106,0.0042513106,-1.3796049e-19,1.8486494e-19,-2.9984966e-19,-0.004792907,0.004109792,0.004109792,-1.1398872e-19,7.904372e-20,-1.7582786e-19,597318.2,-597318.2,-597318.2,597318.2,597318.2,-597318.2,-597318.2,597318.2,1.12344044e-10,7.9722104e-11,0.0,0.0,-1.0097023e-10,-1.3359217e-10,0.0,0.0,2.2160412e-11,1.5963647e-10,-2.2160412e-11,-1.5963647e-10,0.0,0.0,0.0,0.0,-2389272.8,4.249625e-11,0.0,-3.372648e-11,1.4888252e-10,-1.7448938e-10,0.0,-0.0055005,-0.0055005,0.0,-0.0,-0.0055005,-0.0055005,-0.0,0.0,0.0,0.0042513106,0.0042513106,0.0,0.0,0.0042513106,0.0042513106,0.0,-0.0,-0.0,-0.0,0.0042513106,0.0042513106,0.0042513106,0.0042513106,Uniaxial,0.8554999828338623
4.510602078057765e-28,127625.0546875,802.8564453125,0.0,0.9087399840354919,0.0,-0.0054825,0.0042477106,0.0042477106,-1.3679582e-19,1.7406527e-19,-3.189079e-19,-0.004792907,0.004109792,0.004109792,-1.1398872e-19,7.904372e-20,-1.7582786e-19,582123.4,-582123.4,-582123.4,582123.4,582123.4,-582123.4,-582123.4,582123.4,1.0013436e-10,6.833172e-11,0.0,0.0,-1.1082797e-10,-1.4263062e-10,0.0,0.0,2.7172946e-11,1.5705183e-10,-6.9669194e-11,-1.9954809e-10,0.0,0.0,0.0,0.0,-2328493.5,8.49925e-11,8.49925e-11,-3.2087874e-11,1.336882e-10,-2.0130289e-10,-1e-45,-0.0054825,-0.0054825,-1e-45,-1e-45,-0.0054825,-0.0054825,-1e-45,-0.0,-0.0,0.0042477106,0.0042477106,-0.0,-0.0,0.0042477106,0.0042477106,-0.0,0.0,0.0,0.0,0.0042477106,0.0042477106,0.0042477106,0.0042477106,Uniaxial,0.8575000166893005
3.9638625854315545e-28,127583.6875,761.4905395507812,0.0,0.9087399840354919,0.0,-0.0054645,0.0042441105,0.0042441105,-1.3679582e-19,1.6824192e-19,-3.544833e-19,-0.004792907,0.004109792,0.004109792,-1.1398872e-19,7.904372e-20,-1.7582786e-19,566928.56,-566928.56,-566928.56,566928.56,566928.56,-566928.56,-566928.56,566928.56,1.3920749e-10,1.2316355e-10,0.0,0.0,-1.1253949e-10,-1.2858342e-10,0.0,0.0,2.5975477e-11,1.5175786e-10,-6.847173e-11,-1.9425411e-10,0.0,0.0,0.0,0.0,-2267714.2,-2.1248125e-11,8.49925e-11,-3.2087874e-11,1.2549518e-10,-2.513548e-10,-0.0,-0.0054645,-0.0054645,-0.0,-0.0,-0.0054645,-0.0054645,-0.0,-0.0,-0.0,0.0042441105,0.0042441105,0.0,0.0,0.0042441105,0.0042441105,0.0,0.0,-0.0,-0.0,0.0042441105,0.0042441105,0.0042441105,0.0042441105,Uniaxial,0.859499990940094
3.9638625854315545e-28,127543.4140625,721.2186889648438,0.0,0.9087399840354919,0.0,-0.0054465,0.0042405105,0.0042405105,-9.603236e-20,1.6697137e-19,-3.2473126e-19,-0.004792907,0.004109792,0.004109792,-1.1398872e-19,7.904372e-20,-1.7582786e-19,551733.8,-551733.8,-551733.8,551733.8,551733.8,-551733.8,-551733.8,551733.8,9.864629e-11,1.1127792e-10,0.0,0.0,-1.0065385e-10,-8.802223e-11,0.0,0.0,5.2964473e-11,1.7785307e-10,-5.2964473e-11,-1.7785307e-10,0.0,0.0,0.0,0.0,-2206935.2,-2.1248125e-11,0.0,2.5263257e-11,1.2370761e-10,-2.0949592e-10,-1e-45,-0.0054465,-0.0054465,-1e-45,-1e-45,-0.0054465,-0.0054465,-1e-45,0.0,0.0,0.0042405105,0.0042405105,-0.0,-0.0,0.0042405105,0.0042405105,-0.0,-0.0,-0.0,-0.0,0.0042405105,0.0042405105,0.0042405105,0.0042405105,Uniaxial,0.8615000247955322
3.553807785405964e-28,127504.2421875,682.0408935546875,0.0,0.9087399840354919,0.0,-0.0054285,0.0042369105,0.0042369105,-1.0810258e-19,1.6877131e-19,-3.3087225e-19,-0.004792907,0.004109792,0.004109792,-1.1398872e-19,7.904372e-20,-1.7582786e-19,536539.0,-536539.0,-536539.0,536539.0,536539.0,-536539.0,-536539.0,536539.0,9.442768e-11,1.14327055e-10,0.0,0.0,-1.2495112e-10,-1.0505174e-10,0.0,0.0,3.8732656e-11,1.6488745e-10,-3.8732656e-11,-1.6488745e-10,0.0,0.0,0.0,0.0,-2146156.0,2.1248125e-11,0.0,8.281363e-12,1.2624e-10,-2.1813583e-10,1e-45,-0.0054285,-0.0054285,1e-45,1e-45,-0.0054285,-0.0054285,1e-45,-0.0,-0.0,0.0042369105,0.0042369105,0.0,0.0,0.0042369105,0.0042369105,0.0,0.0,0.0,0.0,0.0042369105,0.0042369105,0.0042369105,0.0042369105,Uniaxial,0.8634999990463257
3.10958193260084e-28,127466.15625,643.9570922851562,0.0,0.9087399840354919,0.0,-0.0054105,0.0042333105,0.0042333105,-7.422126e-20,1.6961835e-19,-3.1160225e-19,-0.004792907,0.004109792,0.004109792,-1.1398872e-19,7.904372e-20,-1.7582786e-19,521344.22,-521344.22,-521344.22,521344.22,521344.22,-521344.22,-521344.22,521344.22,7.847741e-11,1.2221103e-10,0.0,0.0,-1.1158697e-10,-6.785335e-11,0.0,0.0,3.1656865e-11,1.5840751e-10,-3.1656865e-11,-1.5840751e-10,0.0,0.0,0.0,0.0,-2085376.9,-2.1248125e-11,0.0,5.5949835e-11,1.274317e-10,-1.9102438e-10,0.0,-0.0054105,-0.0054105,-0.0,0.0,-0.0054105,-0.0054105,-0.0,0.0,0.0,0.0042333105,0.0042333105,-0.0,-0.0,0.0042333105,0.0042333105,-0.0,-0.0,0.0,0.0,0.0042333105,0.0042333105,0.0042333105,0.0042333105,Uniaxial,0.8654999732971191
4.510602078057765e-28,127429.1640625,606.96728515625,0.0,0.9087399840354919,0.0,-0.0053925,0.0042297104,0.0042297104,-8.639736e-20,1.6792428e-19,-3.1975494e-19,-0.004792907,0.004109792,0.004109792,-1.1398872e-19,7.904372e-20,-1.7582786e-19,506149.44,-506149.44,-506149.44,506149.44,506149.44,-506149.44,-506149.44,506149.44,6.163484e-11,9.680303e-11,0.0,0.0,-1.4992334e-10,-1.1475516e-10,0.0,0.0,2.963085e-11,1.5518979e-10,-7.21271e-11,-1.9768603e-10,0.0,0.0,0.0,0.0,-2024597.8,1.0624062e-10,8.49925e-11,3.881898e-11,1.2504829e-10,-2.024946e-10,-1e-45,-0.0053925,-0.0053925,-1e-45,-1e-45,-0.0053925,-0.0053925,-1e-45,0.0,0.0,0.0042297104,0.0042297104,0.0,0.0,0.0042297104,0.0042297104,0.0,0.0,0.0,0.0,0.0042297104,0.0042297104,0.0042297104,0.0042297104,Uniaxial,0.8675000071525574
4.8523145317830455e-28,127393.2734375,571.071533203125,0.0,0.9087399840354919,0.0,-0.0053745,0.0042261104,0.0042261104,-9.2961866e-20,1.6824192e-19,-3.7512972e-19,-0.004792907,0.004109792,0.004109792,-1.1398872e-19,7.904372e-20,-1.7582786e-19,490954.62,-490954.62,-490954.62,490954.62,490954.62,-490954.62,-490954.62,490954.62,1.2317236e-10,1.5372267e-10,0.0,0.0,-1.430986e-10,-1.12548304e-10,0.0,0.0,7.812364e-11,1.8814733e-10,-7.812364e-11,-1.8814733e-10,0.0,0.0,0.0,0.0,-1963818.5,-2.1248125e-11,0.0,2.958321e-11,1.2549518e-10,-2.8040276e-10,-0.0,-0.0053745,-0.0053745,-0.0,-0.0,-0.0053745,-0.0053745,-0.0,-0.0,-0.0,0.0042261104,0.0042261104,-0.0,-0.0,0.0042261104,0.0042261104,-0.0,-0.0,0.0,0.0,0.0042261104,0.0042261104,0.0042261104,0.0042261104,Uniaxial,0.8694999814033508
3.827177652089691e-28,127358.46875,536.2698364257812,0.0,0.9087399840354919,0.0,-0.0053565,0.0042225104,0.0042225104,-9.1691317e-20,1.2885489e-19,-3.2642532e-19,-0.004792907,0.004109792,0.004109792,-1.1398872e-19,7.904372e-20,-1.7582786e-19,475759.84,-475759.84,-475759.84,475759.84,475759.84,-475759.84,-475759.84,475759.84,1.03027295e-10,1.3447138e-10,0.0,0.0,-1.1322326e-10,-8.1779174e-11,0.0,0.0,4.571896e-11,1.2803535e-10,-8.821521e-11,-1.7053159e-10,0.0,0.0,0.0,0.0,-1903039.4,-4.249625e-11,8.49925e-11,3.137078e-11,7.008058e-11,-2.1187933e-10,-0.0,-0.0053565,-0.0053565,-0.0,0.0,-0.0053565,-0.0053565,0.0,0.0,0.0,0.0042225104,0.0042225104,-0.0,-0.0,0.0042225104,0.0042225104,-0.0,0.0,-0.0,-0.0,0.0042225104,0.0042225104,0.0042225104,0.0042225104,Uniaxial,0.8715000152587891
4.066376225252641e-28,127324.7578125,502.5621337890625,0.0,0.9087399840354919,0.0,-0.0053385,0.0042189104,0.0042189104,-9.1797196e-20,1.414545e-19,-3.0853175e-19,-0.004792907,0.004109792,0.004109792,-1.1398872e-19,7.904372e-20,-1.7582786e-19,460565.06,-460565.06,-460565.06,460565.06,460565.06,-460565.06,-460565.06,460565.06,8.357943e-11,1.14949036e-10,0.0,0.0,-1.0432497e-10,-7.2955364e-11,0.0,0.0,5.6241678e-11,1.6318012e-10,-5.6241678e-11,-1.6318012e-10,0.0,0.0,0.0,0.0,-1842260.2,-2.1248125e-11,0.0,3.1221817e-11,8.780729e-11,-1.8670443e-10,1e-45,-0.0053385,-0.0053385,1e-45,1e-45,-0.0053385,-0.0053385,1e-45,0.0,0.0,0.0042189104,0.0042189104,0.0,0.0,0.0042189104,0.0042189104,-0.0,-0.0,-0.0,0.0,0.0042189104,0.0042189104,0.0042189104,0.0042189104,Uniaxial,0.8734999895095825
3.553807785405964e-28,127292.1484375,469.948486328125,0.0,0.9087399840354919,0.0,-0.0053205,0.0042153103,0.0042153103,-9.1797196e-20,1.8772368e-19,-3.5204807e-19,-0.004792907,0.004109792,0.004109792,-1.1398872e-19,7.904372e-20,-1.7582786e-19,445370.28,-445370.28,-445370.28,445370.28,445370.28,-445370.28,-445370.28,445370.28,9.614076e-11,1.2751036e-10,0.0,0.0,-1.3813443e-10,-1.06764826e-10,0.0,0.0,3.9514714e-11,1.7900179e-10,-3.9514714e-11,-1.7900179e-10,0.0,0.0,0.0,0.0,-1781481.1,2.1248125e-11,0.0,3.1221817e-11,1.5290455e-10,-2.4792862e-10,-1e-45,-0.0053205,-0.0053205,-1e-45,-1e-45,-0.0053205,-0.0053205,-1e-45,-0.0,-0.0,0.0042153103,0.0042153103,0.0,0.0,0.0042153103,0.0042153103,0.0,0.0,0.0,0.0,0.0042153103,0.0042153103,0.0042153103,0.0042153103,Uniaxial,0.8755000233650208
4.4080886789779215e-28,127260.625,438.4288330078125,0.0,0.9087399840354919,0.0,-0.0053025,0.0042117108,0.0042117108,-9.1797196e-20,1.7470055e-19,-3.1424922e-19,-0.004792907,0.004109792,0.004109792,-1.1398872e-19,7.904372e-20,-1.7582786e-19,430175.47,-430175.47,-430175.47,430175.47,430175.47,-430175.47,-430175.47,430175.47,7.496638e-11,1.2209468e-10,0.0,0.0,-1.3271874e-10,-8.5590444e-11,0.0,0.0,3.0800324e-11,1.768848e-10,-3.0800324e-11,-1.768848e-10,0.0,0.0,0.0,0.0,-1720701.9,2.1248125e-11,0.0,3.1221817e-11,1.3458198e-10,-1.9474848e-10,1e-45,-0.0053025,-0.0053025,1e-45,1e-45,-0.0053025,-0.0053025,1e-45,0.0,0.0,0.0042117108,0.0042117108,-0.0,-0.0,0.0042117108,0.0042117108,-0.0,0.0,-0.0,-0.0,0.0042117108,0.0042117108,0.0042117108,0.0042117108,Uniaxial,0.8774999976158142
3.485465439105654e-28,127230.203125,408.0032043457031,0.0,0.9087399840354919,0.0,-0.0052845,0.0042081107,0.0042081107,-5.0186702e-20,2.088995e-19,-3.1954318e-19,-0.004792907,0.004109792,0.004109792,-1.1398872e-19,7.904372e-20,-1.7582786e-19,414980.7,-414980.7,-414980.7,414980.7,414980.7,-414980.7,-414980.7,414980.7,8.3440845e-11,1.4408187e-10,0.0,0.0,-1.12209686e-10,-5.1568656e-11,0.0,0.0,1.2754182e-11,1.8289635e-10,-1.2754182e-11,-1.8289635e-10,0.0,0.0,0.0,0.0,-1659922.8,-6.374437e-11,0.0,8.976466e-11,1.8269734e-10,-2.0219668e-10,-1e-45,-0.0052845,-0.0052845,-1e-45,-1e-45,-0.0052845,-0.0052845,-1e-45,-0.0,-0.0,0.0042081107,0.0042081107,0.0,-0.0,0.0042081107,0.0042081107,0.0,-0.0,-0.0,0.0,0.0042081107,0.0042081107,0.0042081107,0.0042081107,Uniaxial,0.8794999718666077
5.228197797546616e-28,127200.8671875,378.6716003417969,0.0,0.9087399840354919,0.0,-0.0052665,0.0042045107,0.0042045107,-1.0460857e-19,1.9492346e-19,-3.5384801e-19,-0.004792907,0.004109792,0.004109792,-1.1398872e-19,7.904372e-20,-1.7582786e-19,399785.9,-399785.9,-399785.9,399785.9,399785.9,-399785.9,-399785.9,399785.9,1.0393603e-10,1.1053462e-10,0.0,0.0,-1.1584665e-10,-1.0924807e-10,0.0,0.0,5.6118835e-11,2.3218807e-10,-3.487071e-11,-2.1093995e-10,0.0,0.0,0.0,0.0,-1599143.6,1.0624062e-11,-4.249625e-11,1.3197174e-11,1.630341e-10,-2.50461e-10,0.0,-0.0052665,-0.0052665,1e-45,1e-45,-0.0052665,-0.0052665,1e-45,0.0,0.0,0.0042045107,0.0042045107,0.0,0.0,0.0042045107,0.0042045107,-0.0,-0.0,0.0,0.0,0.0042045107,0.0042045107,0.0042045107,0.0042045107,Uniaxial,0.8815000057220459
4.373917385457145e-28,127172.6328125,350.43402099609375,0.0,0.9087399840354919,0.0,-0.0052485,0.0042009107,0.0042009107,-1.3859577e-19,2.3124e-19,-3.351074e-19,-0.004792907,0.004109792,0.004109792,-1.1398872e-19,7.904372e-20,-1.7582786e-19,384591.1,-384591.1,-384591.1,384591.1,384591.1,-384591.1,-384591.1,384591.1,1.3320288e-10,1.3165144e-10,0.0,0.0,-8.91552e-11,-9.070663e-11,0.0,0.0,3.949823e-11,2.253561e-10,2.998017e-12,-1.8285985e-10,0.0,0.0,0.0,0.0,-1538364.4,-8.49925e-11,-8.49925e-11,-3.462026e-11,2.1412874e-10,-2.2409438e-10,-1e-45,-0.0052485,-0.0052485,-1e-45,-1e-45,-0.0052485,-0.0052485,-1e-45,-0.0,-0.0,0.0042009107,0.0042009107,-0.0,-0.0,0.0042009107,0.0042009107,0.0,-0.0,-0.0,-0.0,0.0042009107,0.0042009107,0.0042009107,0.0042009107,Uniaxial,0.8834999799728394
3.485465439105654e-28,127145.4921875,323.2904968261719,0.0,0.9087399840354919,0.0,-0.0052305,0.0041973107,0.0041973107,-7.824467e-20,1.7702989e-19,-3.21449e-19,-0.004792907,0.004109792,0.004109792,-1.1398872e-19,7.904372e-20,-1.7582786e-19,369396.3,-369396.3,-369396.3,369396.3,369396.3,-369396.3,-369396.3,369396.3,7.273192e-11,1.1363522e-10,0.0,0.0,-1.2425928e-10,-8.335598e-11,0.0,0.0,1.4009997e-11,1.6173309e-10,-3.5258123e-11,-1.829812e-10,0.0,0.0,0.0,0.0,-1477585.2,2.1248125e-11,4.249625e-11,5.0289203e-11,1.3785918e-10,-2.0487803e-10,0.0,-0.0052305,-0.0052305,-0.0,0.0,-0.0052305,-0.0052305,0.0,0.0,0.0,0.0041973107,0.0041973107,0.0,-0.0,0.0041973107,0.0041973107,-0.0,0.0,0.0,0.0,0.0041973107,0.0041973107,0.0041973107,0.0041973107,Uniaxial,0.8855000138282776
5.228197797546616e-28,127119.4375,297.240966796875,0.0,0.9087399840354919,0.0,-0.0052125,0.0041937106,0.0041937106,-8.512681e-20,1.850767e-19,-3.3150752e-19,-0.004792907,0.004109792,0.004109792,-1.1398872e-19,7.904372e-20,-1.7582786e-19,354201.53,-354201.53,-354201.53,354201.53,354201.53,-354201.53,-354201.53,354201.53,8.656983e-11,1.068731e-10,0.0,0.0,-1.1749716e-10,-9.719389e-11,0.0,0.0,4.1100335e-11,2.1024275e-10,-4.1100335e-11,-2.1024275e-10,0.0,0.0,0.0,0.0,-1416806.1,2.1248125e-11,0.0,4.0606546e-11,1.4918045e-10,-2.1902961e-10,1e-45,-0.0052125,-0.0052125,1e-45,0.0,-0.0052125,-0.0052125,1e-45,-0.0,0.0,0.0041937106,0.0041937106,-0.0,0.0,0.0041937106,0.0041937106,0.0,-0.0,-0.0,0.0,0.0041937106,0.0041937106,0.0041937106,0.0041937106,Uniaxial,0.887499988079071
4.237232211374038e-28,127094.484375,272.28546142578125,0.0,0.9087399840354919,0.0,-0.0051945,0.0041901106,0.0041901106,-1.3245478e-19,2.3198115e-19,-3.3288395e-19,-0.004792907,0.004109792,0.004109792,-1.1398872e-19,7.904372e-20,-1.7582786e-19,339006.75,-339006.75,-339006.75,339006.75,339006.75,-339006.75,-339006.75,339006.75,1.2486011e-10,9.611124e-11,0.0,0.0,-8.0175144e-11,-1.0892402e-10,0.0,0.0,1.9952073e-11,2.2209001e-10,1.2960516e-12,-2.0084188e-10,0.0,0.0,0.0,0.0,-1356027.0,-3.1872185e-11,-4.249625e-11,-2.5980353e-11,2.1517149e-10,-2.2096613e-10,-1e-45,-0.0051945,-0.0051945,-1e-45,-1e-45,-0.0051945,-0.0051945,-1e-45,-0.0,-0.0,0.0041901106,0.0041901106,-0.0,-0.0,0.0041901106,0.0041901106,0.0,-0.0,-0.0,-0.0,0.0041901106,0.0041901106,0.0041901106,0.0041901106,Uniaxial,0.8895000219345093
3.8613489456104676e-28,127070.625,248.4239959716797,0.0,0.9087399840354919,0.0,-0.0051765,0.0041865106,0.0041865106,-1.6008923e-19,2.195933e-19,-3.2219016e-19,-0.004792907,0.004109792,0.004109792,-1.1398872e-19,7.904372e-20,-1.7582786e-19,323811.94,-323811.94,-323811.94,323811.94,323811.94,-323811.94,-323811.94,323811.94,1.2541794e-10,7.722927e-11,0.0,0.0,-8.785333e-11,-1.3604201e-10,0.0,0.0,-5.8348313e-12,1.8758871e-10,5.8348313e-12,-1.8758871e-10,0.0,0.0,0.0,0.0,-1295247.8,2.1248125e-11,0.0,-6.485995e-11,1.9774271e-10,-2.0592078e-10,1e-45,-0.0051765,-0.0051765,1e-45,1e-45,-0.0051765,-0.0051765,1e-45,-0.0,-0.0,0.0041865106,0.0041865106,0.0,0.0,0.0041865106,0.0041865106,0.0,0.0,0.0,-0.0,0.0041865106,0.0041865106,0.0041865106,0.0041865106,Uniaxial,0.8914999961853027
4.886485825303822e-28,127047.8515625,225.6565399169922,0.0,0.9087399840354919,0.0,-0.0051585,0.0041829105,0.0041829105,-1.4156038e-19,2.1249939e-19,-2.996379e-19,-0.004792907,0.004109792,0.004109792,-1.1398872e-19,7.904372e-20,-1.7582786e-19,308617.16,-308617.16,-308617.16,308617.16,308617.16,-308617.16,-308617.16,308617.16,1.2150381e-10,8.6349476e-11,0.0,0.0,-9.1661505e-11,-1.2681584e-10,0.0,0.0,1.236603e-11,1.8504058e-10,-1.236603e-11,-1.8504058e-10,0.0,0.0,0.0,0.0,-1234468.6,1.0624062e-11,0.0,-3.8791255e-11,1.8776213e-10,-1.7419145e-10,-1e-45,-0.0051585,-0.0051585,-1e-45,-1e-45,-0.0051585,-0.0051585,-1e-45,0.0,0.0,0.0041829105,0.0041829105,-0.0,-0.0,0.0041829105,0.0041829105,-0.0,-0.0,0.0,0.0,0.0041829105,0.0041829105,0.0041829105,0.0041829105,Uniaxial,0.8934999704360962
4.715629357699939e-28,127026.1796875,203.98312377929688,0.0,0.9087399840354919,0.0,-0.0051405,0.0041793105,0.0041793105,-1.3499588e-19,1.7258296e-19,-3.5098928e-19,-0.004792907,0.004109792,0.004109792,-1.1398872e-19,7.904372e-20,-1.7582786e-19,293422.38,-293422.38,-293422.38,293422.38,293422.38,-293422.38,-293422.38,293422.38,1.478808e-10,1.01585663e-10,0.0,0.0,-8.564957e-11,-1.319447e-10,0.0,0.0,4.721248e-11,2.0756602e-10,-2.5964356e-11,-1.8631789e-10,0.0,0.0,0.0,0.0,-1173689.5,-3.1872185e-11,-4.249625e-11,-2.9555487e-11,1.316027e-10,-2.4643898e-10,1e-45,-0.0051405,-0.0051405,1e-45,1e-45,-0.0051405,-0.0051405,1e-45,-0.0,-0.0,0.0041793105,0.0041793105,0.0,0.0,0.0041793105,0.0041793105,-0.0,0.0,0.0,0.0,0.0041793105,0.0041793105,0.0041793105,0.0041793105,Uniaxial,0.8955000042915344
3.895519998390001e-28,127005.6015625,183.4037322998047,0.0,0.9087399840354919,0.0,-0.0051225,0.0041757105,0.0041757105,-1.7607697e-19,2.2605192e-19,-3.4643648e-19,-0.004792907,0.004109792,0.004109792,-1.1398872e-19,7.904372e-20,-1.7582786e-19,278227.6,-278227.6,-278227.6,278227.6,278227.6,-278227.6,-278227.6,278227.6,1.2106612e-10,4.587196e-11,0.0,0.0,-7.7744144e-11,-1.529383e-10,0.0,0.0,-5.067771e-12,1.9289917e-10,-3.7428477e-11,-2.3539543e-10,0.0,0.0,0.0,0.0,-1112910.4,6.374437e-11,8.49925e-11,-8.735351e-11,2.0682951e-10,-2.4003352e-10,-1e-45,-0.0051225,-0.0051225,-0.0,-1e-45,-0.0051225,-0.0051225,-1e-45,0.0,0.0,0.0041757105,0.0041757105,-0.0,-0.0,0.0041757105,0.0041757105,0.0,-0.0,-0.0,0.0,0.0041757105,0.0041757105,0.0041757105,0.0041757105,Uniaxial,0.8974999785423279
4.988999224383666e-28,126986.1171875,163.91835021972656,0.0,0.9087399840354919,0.0,-0.0051045,0.0041721105,0.0041721105,-1.6443027e-19,2.1832274e-19,-3.3383686e-19,-0.004792907,0.004109792,0.004109792,-1.1398872e-19,7.904372e-20,-1.7582786e-19,263032.78,-263032.78,-263032.78,263032.78,263032.78,-263032.78,-263032.78,263032.78,1.573354e-10,9.033426e-11,0.0,0.0,-9.5646296e-11,-1.6264742e-10,0.0,0.0,-1.29143e-12,1.9123833e-10,1.29143e-12,-1.9123833e-10,0.0,0.0,0.0,0.0,-1052131.1,1.0624062e-11,0.0,-7.0967475e-11,1.9595514e-10,-2.2230681e-10,-0.0,-0.0051045,-0.0051045,-0.0,0.0,-0.0051045,-0.0051045,-0.0,-0.0,-0.0,0.0041721105,0.0041721105,0.0,-0.0,0.0041721105,0.0041721105,-0.0,0.0,-0.0,-0.0,0.0041721105,0.0041721105,0.0041721105,0.0041721105,Uniaxial,0.8995000123977661
4.886485825303822e-28,126995.71875,173.5242919921875,0.0,0.9087399840354919,0.0,-0.0051135,0.0041739107,0.0041739107,-1.5574818e-19,2.139817e-19,-3.1107285e-19,-0.004792907,0.004109792,0.004109792,-1.1398872e-19,7.904372e-20,-1.7582786e-19,270630.2,-270630.2,-270630.2,270630.2,270630.2,-270630.2,-270630.2,270630.2,1.2263678e-10,7.750186e-11,0.0,0.0,-8.2813895e-11,-1.279488e-10,0.0,0.0,2.3746033e-11,1.9746334e-10,-2.3746033e-11,-1.9746334e-10,0.0,0.0,0.0,0.0,-1082520.8,1.0624062e-11,0.0,-5.875243e-11,1.8984762e-10,-1.9027956e-10,-2.2792185e-32,-0.0051135,-0.0051135,-2.2792185e-32,-2.2792185e-32,-0.0051135,-0.0051135,-2.2792185e-32,0.0,0.0,0.0041739107,0.0041739107,-0.0,-0.0,0.0041739107,0.0041739107,0.0,-0.0,0.0,0.0,0.0041739107,0.0041739107,0.0041739107,0.0041739107,Uniaxial,0.9014999866485596
4.988999224383666e-28,127015.7578125,193.55667114257812,0.0,0.9087399840354919,0.0,-0.0051315,0.0041775107,0.0041775107,-1.1720818e-19,1.7194769e-19,-3.0916703e-19,-0.004792907,0.004109792,0.004109792,-1.1398872e-19,7.904372e-20,-1.7582786e-19,285824.97,-285824.97,-285824.97,285824.97,285824.97,-285824.97,-285824.97,285824.97,1.400168e-10,1.0623464e-10,0.0,0.0,-9.561058e-11,-1.2939275e-10,0.0,0.0,-4.281088e-12,1.5562555e-10,-1.6967035e-11,-1.7687368e-10,0.0,0.0,0.0,0.0,-1143299.9,-2.1248125e-11,4.249625e-11,-4.5295395e-12,1.3070892e-10,-1.8759821e-10,-7.597395e-33,-0.0051315,-0.0051315,-7.597395e-33,-7.597395e-33,-0.0051315,-0.0051315,-7.597395e-33,-0.0,-0.0,0.0041775107,0.0041775107,0.0,-0.0,0.0041775107,0.0041775107,-0.0,0.0,0.0,-0.0,0.0041775107,0.0041775107,0.0041775107,0.0041775107,Uniaxial,0.9035000205039978
3.895519998390001e-28,127036.8828125,214.68307495117188,0.0,0.9087399840354919,0.0,-0.0051495,0.0041811108,0.0041811108,-1.7173593e-19,2.261578e-19,-3.4188367e-19,-0.004792907,0.004109792,0.004109792,-1.1398872e-19,7.904372e-20,-1.7582786e-19,301019.75,-301019.75,-301019.75,301019.75,301019.75,-301019.75,-301019.75,301019.75,1.39186e-10,6.70456e-11,0.0,0.0,-5.6421538e-11,-1.2856192e-10,0.0,0.0,1.454175e-11,2.1258317e-10,-1.454175e-11,-2.1258317e-10,0.0,0.0,0.0,0.0,-1204079.0,-2.1248125e-11,0.0,-8.124599e-11,2.0697848e-10,-2.336281e-10,1e-45,-0.0051495,-0.0051495,1e-45,1e-45,-0.0051495,-0.0051495,1e-45,-0.0,0.0,0.0041811108,0.0041811108,-0.0,0.0,0.0041811108,0.0041811108,-0.0,-0.0,-0.0,0.0,0.0041811108,0.0041811108,0.0041811108,0.0041811108,Uniaxial,0.9054999947547913
5.809108824434847e-28,127059.1015625,236.9035186767578,0.0,0.9087399840354919,0.0,-0.0051675,0.0041847103,0.0041847103,-1.6443027e-19,2.195933e-19,-3.3447214e-19,-0.004792907,0.004109792,0.004109792,-1.1398872e-19,7.904372e-20,-1.7582786e-19,316214.56,-316214.56,-316214.56,316214.56,316214.56,-316214.56,-316214.56,316214.56,1.4180014e-10,7.4799014e-11,0.0,0.0,-8.011104e-11,-1.4711217e-10,0.0,0.0,3.000252e-11,2.2342606e-10,-3.000252e-11,-2.2342606e-10,0.0,0.0,0.0,0.0,-1264858.2,1.0624062e-11,0.0,-7.0967475e-11,1.9774271e-10,-2.232006e-10,-1e-45,-0.0051675,-0.0051675,-1e-45,-1e-45,-0.0051675,-0.0051675,-1e-45,0.0,-0.0,0.0041847103,0.0041847103,0.0,-0.0,0.0041847103,0.0041847103,0.0,0.0,0.0,-0.0,0.0041847103,0.0041847103,0.0041847103,0.0041847103,Uniaxial,0.9075000286102295
4.988999224383666e-28,127082.4140625,260.2179870605469,0.0,0.9087399840354919,0.0,-0.0051855,0.0041883104,0.0041883104,-1.587128e-19,2.1493461e-19,-3.11814e-19,-0.004792907,0.004109792,0.004109792,-1.1398872e-19,7.904372e-20,-1.7582786e-19,331409.34,-331409.34,-331409.34,331409.34,331409.34,-331409.34,-331409.34,331409.34,1.5289028e-10,8.991118e-11,0.0,0.0,-8.459915e-11,-1.4757826e-10,0.0,0.0,1.3402279e-11,2.0354861e-10,2.909397e-11,-1.6105237e-10,0.0,0.0,0.0,0.0,-1325637.4,-1.0624062e-11,-8.49925e-11,-6.2923416e-11,1.9118829e-10,-1.913223e-10,-0.0,-0.0051855,-0.0051855,-0.0,-0.0,-0.0051855,-0.0051855,-0.0,-0.0,-0.0,0.0041883104,0.0041883104,-0.0,-0.0,0.0041883104,0.0041883104,0.0,0.0,-0.0,-0.0,0.0041883104,0.0041883104,0.0041883104,0.0041883104,Uniaxial,0.909500002861023
3.895519998390001e-28,127106.828125,284.62646484375,0.0,0.9087399840354919,0.0,-0.0052035,0.0041919104,0.0041919104,-1.581834e-19,2.1249939e-19,-3.5130691e-19,-0.004792907,0.004109792,0.004109792,-1.1398872e-19,7.904372e-20,-1.7582786e-19,346604.12,-346604.12,-346604.12,346604.12,346604.12,-346604.12,-346604.12,346604.12,1.5101367e-10,8.8406976e-11,0.0,0.0,-5.1222755e-11,-1.1382945e-10,0.0,0.0,3.3284348e-11,2.217176e-10,-1.20362244e-11,-2.0046947e-10,0.0,0.0,0.0,0.0,-1386416.5,-7.4368435e-11,-4.249625e-11,-6.21786e-11,1.8776213e-10,-2.4688587e-10,1e-45,-0.0052035,-0.0052035,1e-45,1e-45,-0.0052035,-0.0052035,1e-45,0.0,0.0,0.0041919104,0.0041919104,0.0,0.0,0.0041919104,0.0041919104,-0.0,-0.0,0.0,0.0,0.0041919104,0.0041919104,0.0041919104,0.0041919104,Uniaxial,0.9114999771118164
4.954828412345375e-28,127132.328125,310.12896728515625,0.0,0.9087399840354919,0.0,-0.0052215,0.0041955104,0.0041955104,-1.5903044e-19,2.1334642e-19,-3.3584856e-19,-0.004792907,0.004109792,0.004109792,-1.1398872e-19,7.904372e-20,-1.7582786e-19,361798.94,-361798.94,-361798.94,361798.94,361798.94,-361798.94,-361798.94,361798.94,1.5092035e-10,7.19591e-11,0.0,0.0,-7.19591e-11,-1.5092035e-10,0.0,0.0,2.7549235e-11,2.1657834e-10,-6.3011115e-12,-1.9533021e-10,0.0,0.0,0.0,0.0,-1447195.8,0.0,-4.249625e-11,-6.337031e-11,1.8895384e-10,-2.2513713e-10,-0.0,-0.0052215,-0.0052215,-0.0,-0.0,-0.0052215,-0.0052215,-0.0,0.0,0.0,0.0041955104,0.0041955104,-0.0,-0.0,0.0041955104,0.0041955104,0.0,0.0,-0.0,-0.0,0.0041955104,0.0041955104,0.0041955104,0.0041955104,Uniaxial,0.9135000109672546
4.442259972498698e-28,127158.921875,336.7254943847656,0.0,0.9087399840354919,0.0,-0.0052395,0.0041991104,0.0041991104,-1.9915862e-19,2.1302879e-19,-3.1064933e-19,-0.004792907,0.004109792,0.004109792,-1.1398872e-19,7.904372e-20,-1.7582786e-19,376993.72,-376993.72,-376993.72,376993.72,376993.72,-376993.72,-376993.72,376993.72,1.2208662e-10,3.065539e-11,0.0,0.0,-2.0031329e-11,-1.11462554e-10,0.0,0.0,2.3932238e-11,2.127379e-10,-2.3932238e-11,-2.127379e-10,0.0,0.0,0.0,0.0,-1507974.9,-2.1248125e-11,0.0,-1.1982766e-10,1.8850695e-10,-1.896837e-10,-0.0,-0.0052395,-0.0052395,0.0,-0.0,-0.0052395,-0.0052395,0.0,0.0,0.0,0.0041991104,0.0041991104,-0.0,-0.0,0.0041991104,0.0041991104,0.0,0.0,0.0,0.0,0.0041991104,0.0041991104,0.0041991104,0.0041991104,Uniaxial,0.9154999852180481
3.382951558543324e-28,127186.6171875,364.41607666015625,0.0,0.9087399840354919,0.0,-0.0052575,0.0042027105,0.0042027105,-1.460073e-19,2.1302879e-19,-3.0853175e-19,-0.004792907,0.004109792,0.004109792,-1.1398872e-19,7.904372e-20,-1.7582786e-19,392188.5,-392188.5,-392188.5,392188.5,392188.5,-392188.5,-392188.5,392188.5,1.1026007e-10,4.0460107e-11,0.0,0.0,-7.764433e-11,-1.4744429e-10,0.0,0.0,-3.2322815e-11,1.4072414e-10,-3.1421556e-11,-2.0446851e-10,0.0,0.0,0.0,0.0,-1568754.0,7.4368435e-11,1.2748874e-10,-4.5047743e-11,1.8850695e-10,-1.8670443e-10,-0.0,-0.0052575,-0.0052575,-1e-45,-0.0,-0.0052575,-0.0052575,-1e-45,-0.0,-0.0,0.0042027105,0.0042027105,0.0,0.0,0.0042027105,0.0042027105,0.0,0.0,-0.0,-0.0,0.0042027105,0.0042027105,0.0042027105,0.0042027105,Uniaxial,0.9175000190734863
3.9638625854315545e-28,127215.3984375,393.2006530761719,0.0,0.9087399840354919,0.0,-0.0052755,0.0042063105,0.0042063105,-1.9386467e-19,1.7258296e-19,-2.8915587e-19,-0.004792907,0.004109792,0.004109792,-1.1398872e-19,7.904372e-20,-1.7582786e-19,407383.28,-407383.28,-407383.28,407383.28,407383.28,-407383.28,-407383.28,407383.28,1.4683806e-10,5.913093e-11,0.0,0.0,-4.3194837e-11,-1.3090197e-10,0.0,0.0,2.546374e-11,1.7005858e-10,-4.2156157e-12,-1.4881045e-10,0.0,0.0,0.0,0.0,-1629533.1,-3.1872185e-11,-4.249625e-11,-1.1237946e-10,1.316027e-10,-1.5944401e-10,0.0,-0.0052755,-0.0052755,1e-45,0.0,-0.0052755,-0.0052755,1e-45,-0.0,0.0,0.0042063105,0.0042063105,-0.0,-0.0,0.0042063105,0.0042063105,-0.0,-0.0,0.0,-0.0,0.0042063105,0.0042063105,0.0042063105,0.0042063105,Uniaxial,0.9194999933242798
2.76786947887556e-28,127245.28125,423.0792541503906,0.0,0.9087399840354919,0.0,-0.0052935,0.0042099105,0.0042099105,-1.4568967e-19,1.8677076e-19,-2.7623862e-19,-0.004792907,0.004109792,0.004109792,-1.1398872e-19,7.904372e-20,-1.7582786e-19,422578.1,-422578.1,-422578.1,422578.1,422578.1,-422578.1,-422578.1,422578.1,8.5687166e-11,3.1869344e-11,0.0,0.0,-6.374153e-11,-1.1755935e-10,0.0,0.0,-8.062793e-12,1.3075394e-10,-3.4433456e-11,-1.7325019e-10,0.0,0.0,0.0,0.0,-1690312.4,6.374437e-11,8.49925e-11,-4.460085e-11,1.5156387e-10,-1.4127041e-10,-0.0,-0.0052935,-0.0052935,-1e-45,-1e-45,-0.0052935,-0.0052935,-1e-45,0.0,-0.0,0.0042099105,0.0042099105,0.0,-0.0,0.0042099105,0.0042099105,0.0,0.0,0.0,0.0,0.0042099105,0.0042099105,0.0042099105,0.0042099105,Uniaxial,0.921500027179718
3.724664012268604e-28,127276.25,454.0519104003906,0.0,0.9087399840354919,0.0,-0.0053115,0.0042135105,0.0042135105,-1.5331296e-19,1.5077186e-19,-3.184844e-19,-0.004792907,0.004109792,0.004109792,-1.1398872e-19,7.904372e-20,-1.7582786e-19,437772.88,-437772.88,-437772.88,437772.88,437772.88,-437772.88,-437772.88,437772.88,1.3509986e-10,7.591933e-11,0.0,0.0,-4.4047148e-11,-1.03227676e-10,0.0,0.0,5.6465124e-11,1.6995798e-10,-5.6465124e-11,-1.6995798e-10,0.0,0.0,0.0,0.0,-1751091.5,-6.374437e-11,0.0,-5.5326257e-11,1.0091612e-10,-2.0070703e-10,1e-45,-0.0053115,-0.0053115,1e-45,1e-45,-0.0053115,-0.0053115,1e-45,-0.0,-0.0,0.0042135105,0.0042135105,-0.0,0.0,0.0042135105,0.0042135105,-0.0,-0.0,0.0,-0.0,0.0042135105,0.0042135105,0.0042135105,0.0042135105,Uniaxial,0.9235000014305115
3.998033878952331e-28,127308.3203125,486.1185607910156,0.0,0.9087399840354919,0.0,-0.0053295,0.0042171106,0.0042171106,-1.5913631e-19,1.63795e-19,-3.0239076e-19,-0.004792907,0.004109792,0.004109792,-1.1398872e-19,7.904372e-20,-1.7582786e-19,452967.66,-452967.66,-452967.66,452967.66,452967.66,-452967.66,-452967.66,452967.66,1.3113269e-10,6.785566e-11,0.0,0.0,-9.9727844e-11,-1.6300487e-10,0.0,0.0,-6.5416687e-12,1.1611247e-10,-3.595458e-11,-1.5860872e-10,0.0,0.0,0.0,0.0,-1811870.6,6.374437e-11,8.49925e-11,-6.351927e-11,1.1923869e-10,-1.7806452e-10,-1e-45,-0.0053295,-0.0053295,-1e-45,-1e-45,-0.0053295,-0.0053295,-1e-45,0.0,0.0,0.0042171106,0.0042171106,0.0,0.0,0.0042171106,0.0042171106,0.0,0.0,-0.0,-0.0,0.0042171106,0.0042171106,0.0042171106,0.0042171106,Uniaxial,0.9254999756813049
3.00706805203851e-28,127341.4765625,519.2792358398438,0.0,0.9087399840354919,0.0,-0.0053475,0.0042207106,0.0042207106,-1.5955983e-19,1.688772e-19,-3.199667e-19,-0.004792907,0.004109792,0.004109792,-1.1398872e-19,7.904372e-20,-1.7582786e-19,468162.47,-468162.47,-468162.47,468162.47,468162.47,-468162.47,-468162.47,468162.47,1.2444967e-10,4.511602e-11,0.0,0.0,-5.574008e-11,-1.3507374e-10,0.0,0.0,3.485959e-11,1.6108886e-10,-3.485959e-11,-1.6108886e-10,0.0,0.0,0.0,0.0,-1872649.9,2.1248125e-11,0.0,-6.411513e-11,1.2638897e-10,-2.0279253e-10,1e-45,-0.0053475,-0.0053475,1e-45,1e-45,-0.0053475,-0.0053475,1e-45,0.0,0.0,0.0042207106,0.0042207106,-0.0,-0.0,0.0042207106,0.0042207106,-0.0,-0.0,0.0,0.0,0.0042207106,0.0042207106,0.0042207106,0.0042207106,Uniaxial,0.9275000095367432
3.382951558543324e-28,127375.734375,553.533935546875,0.0,0.9087399840354919,0.0,-0.0053655,0.0042243106,0.0042243106,-1.992645e-19,1.6898307e-19,-2.7909736e-19,-0.004792907,0.004109792,0.004109792,-1.1398872e-19,7.904372e-20,-1.7582786e-19,483357.25,-483357.25,-483357.25,483357.25,483357.25,-483357.25,-483357.25,483357.25,1.4254344e-10,3.5279033e-11,0.0,0.0,-2.465497e-11,-1.3191938e-10,0.0,0.0,2.0447326e-11,1.4675108e-10,-2.0447326e-11,-1.4675108e-10,0.0,0.0,0.0,0.0,-1933429.0,-2.1248125e-11,0.0,-1.1997663e-10,1.2653793e-10,-1.4529244e-10,-0.0,-0.0053655,-0.0053655,0.0,-0.0,-0.0053655,-0.0053655,0.0,-0.0,0.0,0.0042243106,0.0042243106,0.0,0.0,0.0042243106,0.0042243106,0.0,0.0,-0.0,-0.0,0.0042243106,0.0042243106,0.0042243106,0.0042243106,Uniaxial,0.9294999837875366
2.323643626070436e-28,127411.078125,588.8826904296875,0.0,0.9087399840354919,0.0,-0.0053835,0.0042279107,0.0042279107,-1.8655901e-19,1.688772e-19,-2.9635565e-19,-0.004792907,0.004109792,0.004109792,-1.1398872e-19,7.904372e-20,-1.7582786e-19,498552.03,-498552.03,-498552.03,498552.03,498552.03,-498552.03,-498552.03,498552.03,1.5220154e-10,5.3874977e-11,0.0,0.0,-1.1378729e-11,-1.0970529e-10,0.0,0.0,3.2044277e-11,1.5827355e-10,1.04519735e-11,-1.157773e-10,0.0,0.0,0.0,0.0,-1994208.1,-8.49925e-11,-8.49925e-11,-1.02100946e-10,1.2638897e-10,-1.6957356e-10,0.0,-0.0053835,-0.0053835,-0.0,0.0,-0.0053835,-0.0053835,-0.0,-0.0,-0.0,0.0042279107,0.0042279107,0.0,-0.0,0.0042279107,0.0042279107,-0.0,-0.0,-0.0,-0.0,0.0042279107,0.0042279107,0.0042279107,0.0042279107,Uniaxial,0.9315000176429749
2.0161024658659323e-28,127447.5234375,625.325439453125,0.0,0.9087399840354919,0.0,-0.0054015,0.0042315107,0.0042315107,-1.8062978e-19,1.6877131e-19,-2.463807e-19,-0.004792907,0.004109792,0.004109792,-1.1398872e-19,7.904372e-20,-1.7582786e-19,513746.8,-513746.8,-513746.8,513746.8,513746.8,-513746.8,-513746.8,513746.8,1.0872286e-10,1.4567281e-11,0.0,0.0,-3.94322e-12,-9.809879e-11,0.0,0.0,-6.7443572e-12,1.1941044e-10,6.7443572e-12,-1.1941044e-10,0.0,0.0,0.0,0.0,-2054987.2,-2.1248125e-11,0.0,-9.3758966e-11,1.2624e-10,-9.926257e-11,-1e-45,-0.0054015,-0.0054015,-1e-45,-1e-45,-0.0054015,-0.0054015,-1e-45,0.0,0.0,0.0042315107,0.0042315107,0.0,0.0,0.0042315107,0.0042315107,0.0,0.0,0.0,0.0,0.0042315107,0.0042315107,0.0042315107,0.0042315107,Uniaxial,0.9334999918937683
2.0844450529074856e-28,127485.0625,662.8622436523438,0.0,0.9087399840354919,0.0,-0.0054195,0.0042351107,0.0042351107,-1.8020626e-19,1.6951247e-19,-2.728505e-19,-0.004792907,0.004109792,0.004109792,-1.1398872e-19,7.904372e-20,-1.7582786e-19,528941.6,-528941.6,-528941.6,528941.6,528941.6,-528941.6,-528941.6,528941.6,1.0726008e-10,2.9161132e-11,0.0,0.0,-3.9785193e-11,-1.1788415e-10,0.0,0.0,2.3052046e-12,1.2898137e-10,-2.3052046e-12,-1.2898137e-10,0.0,0.0,0.0,0.0,-2115766.5,2.1248125e-11,0.0,-9.316311e-11,1.2728274e-10,-1.3650356e-10,-0.0,-0.0054195,-0.0054195,-0.0,-0.0,-0.0054195,-0.0054195,-0.0,-0.0,-0.0,0.0042351107,0.0042351107,0.0,0.0,0.0042351107,0.0042351107,-0.0,-0.0,0.0,0.0,0.0042351107,0.0042351107,0.0042351107,0.0042351107,Uniaxial,0.9355000257492065
2.4261572658915227e-28,127523.6875,701.4930419921875,0.0,0.9087399840354919,0.0,-0.0054375,0.0042387107,0.0042387107,-1.4071335e-19,1.6697137e-19,-2.4574543e-19,-0.004792907,0.004109792,0.004109792,-1.1398872e-19,7.904372e-20,-1.7582786e-19,544136.4,-544136.4,-544136.4,544136.4,544136.4,-544136.4,-544136.4,544136.4,1.2101971e-10,8.646124e-11,0.0,0.0,-2.2716868e-11,-5.7275337e-11,0.0,0.0,3.6161543e-11,1.6105015e-10,4.8830957e-11,-7.605764e-11,0.0,0.0,0.0,0.0,-2176545.5,-1.2748874e-10,-1.69985e-10,-3.759954e-11,1.2370761e-10,-9.8368785e-11,1e-45,-0.0054375,-0.0054375,1e-45,1e-45,-0.0054375,-0.0054375,1e-45,0.0,-0.0,0.0042387107,0.0042387107,-0.0,-0.0,0.0042387107,0.0042387107,0.0,0.0,-0.0,-0.0,0.0042387107,0.0042387107,0.0042387107,0.0042387107,Uniaxial,0.9375
1.3326779195272365e-28,127563.4140625,741.2178955078125,0.0,0.9087399840354919,0.0,-0.0054555,0.0042423108,0.0042423108,-1.1297302e-19,1.698301e-19,-2.9497922e-19,-0.004792907,0.004109792,0.004109792,-1.1398872e-19,7.904372e-20,-1.7582786e-19,559331.2,-559331.2,-559331.2,559331.2,559331.2,-559331.2,-559331.2,559331.2,6.244534e-11,4.740115e-11,0.0,0.0,-6.8649274e-11,-8.369346e-11,0.0,0.0,-3.391926e-12,1.0774899e-10,-3.9104324e-11,-1.5024523e-10,0.0,0.0,0.0,0.0,-2237324.8,4.249625e-11,8.49925e-11,1.4290197e-12,1.2772963e-10,-1.6763704e-10,-1e-45,-0.0054555,-0.0054555,-1e-45,-1e-45,-0.0054555,-0.0054555,-1e-45,0.0,0.0,0.0042423108,0.0042423108,0.0,0.0,0.0042423108,0.0042423108,0.0,0.0,0.0,0.0,0.0042423108,0.0042423108,0.0042423108,0.0042423108,Uniaxial,0.9394999742507935
1.6402189593611186e-28,127604.234375,782.0367431640625,0.0,0.9087399840354919,0.0,-0.0054735,0.0042459103,0.0042459103,-1.3129011e-19,1.2853725e-19,-2.4807477e-19,-0.004792907,0.004109792,0.004109792,-1.1398872e-19,7.904372e-20,-1.7582786e-19,574526.0,-574526.0,-574526.0,574526.0,574526.0,-574526.0,-574526.0,574526.0,6.8326365e-11,5.615549e-11,0.0,0.0,-4.5531426e-11,-5.77023e-11,0.0,0.0,8.0030765e-12,1.05854714e-10,-8.0030765e-12,-1.05854714e-10,0.0,0.0,0.0,0.0,-2298104.0,-2.1248125e-11,0.0,-2.4341749e-11,6.963369e-11,-1.01646e-10,1e-45,-0.0054735,-0.0054735,1e-45,1e-45,-0.0054735,-0.0054735,1e-45,-0.0,0.0,0.0042459103,0.0042459103,-0.0,-0.0,0.0042459103,0.0042459103,-0.0,0.0,-0.0,-0.0,0.0042459103,0.0042459103,0.0042459103,0.0042459103,Uniaxial,0.9415000081062317
2.0161024658659323e-28,127646.1484375,823.9495849609375,0.0,0.9087399840354919,0.0,-0.0054915,0.0042495104,0.0042495104,-9.709115e-20,1.799945e-19,-2.7263873e-19,-0.004792907,0.004109792,0.004109792,-1.1398872e-19,7.904372e-20,-1.7582786e-19,589720.75,-589720.75,-589720.75,589720.75,589720.75,-589720.75,-589720.75,589720.75,7.263939e-11,6.87675e-11,0.0,0.0,-9.001562e-11,-9.388751e-11,0.0,0.0,-1.4561358e-12,1.1683504e-10,1.4561358e-12,-1.1683504e-10,0.0,0.0,0.0,0.0,-2358883.0,4.249625e-11,0.0,2.3773617e-11,1.4203018e-10,-1.3620564e-10,-1e-45,-0.0054915,-0.0054915,-1e-45,-1e-45,-0.0054915,-0.0054915,-1e-45,-0.0,-0.0,0.0042495104,0.0042495104,0.0,-0.0,0.0042495104,0.0042495104,0.0,-0.0,0.0,0.0,0.0042495104,0.0042495104,0.0042495104,0.0042495104,Uniaxial,0.9434999823570251
8.88451946351491e-29,127689.15625,866.95654296875,0.0,0.9087399840354919,0.0,-0.0055095,0.0042531104,0.0042531104,-1.4950132e-19,1.3531351e-19,-2.676624e-19,-0.004792907,0.004109792,0.004109792,-1.1398872e-19,7.904372e-20,-1.7582786e-19,604915.56,-604915.56,-604915.56,604915.56,604915.56,-604915.56,-604915.56,604915.56,8.950075e-11,3.3001574e-11,0.0,0.0,-2.2377511e-11,-7.887668e-11,0.0,0.0,2.0388587e-11,9.148967e-11,-2.0388587e-11,-9.148967e-11,0.0,0.0,0.0,0.0,-2419662.2,-2.1248125e-11,0.0,-4.9963554e-11,7.916738e-11,-1.2920433e-10,-0.0,-0.0055095,-0.0055095,-0.0,-0.0,-0.0055095,-0.0055095,0.0,-0.0,0.0,0.0042531104,0.0042531104,-0.0,-0.0,0.0042531104,0.0042531104,-0.0,0.0,0.0,-0.0,0.0042531104,0.0042531104,0.0042531104,0.0042531104,Uniaxial,0.9455000162124634
1.9477599991950006e-28,127733.2578125,911.0574340820312,0.0,0.9087399840354919,0.0,-0.0055275,0.0042567104,0.0042567104,-1.8317087e-19,9.984401e-20,-2.752857e-19,-0.004792907,0.004109792,0.004109792,-1.1398872e-19,7.904372e-20,-1.7582786e-19,620110.4,-620110.4,-620110.4,620110.4,620110.4,-620110.4,-620110.4,620110.4,1.0128002e-10,2.1095577e-11,0.0,0.0,-3.1719637e-11,-1.1190408e-10,0.0,0.0,5.130437e-11,9.745399e-11,-5.130437e-11,-9.745399e-11,0.0,0.0,0.0,0.0,-2480441.5,2.1248125e-11,0.0,-9.73341e-11,2.926445e-11,-1.3992973e-10,1e-45,-0.0055275,-0.0055275,1e-45,1e-45,-0.0055275,-0.0055275,1e-45,0.0,0.0,0.0042567104,0.0042567104,0.0,0.0,0.0042567104,0.0042567104,0.0,0.0,0.0,0.0,0.0042567104,0.0042567104,0.0042567104,0.0042567104,Uniaxial,0.9474999904632568
2.3578146788499695e-28,127778.453125,956.2523803710938,0.0,0.9087399840354919,0.0,-0.0055455,0.0042603104,0.0042603104,-1.6432439e-19,1.1847873e-19,-2.667095e-19,-0.004792907,0.004109792,0.004109792,-1.1398872e-19,7.904372e-20,-1.7582786e-19,635305.1,-635305.1,-635305.1,635305.1,635305.1,-635305.1,-635305.1,635305.1,8.649997e-11,1.9573317e-11,0.0,0.0,-8.9492545e-12,-7.58759e-11,0.0,0.0,5.7492133e-11,1.1675058e-10,-5.7492133e-11,-1.1675058e-10,0.0,0.0,0.0,0.0,-2541220.5,-2.1248125e-11,0.0,-7.081851e-11,5.548211e-11,-1.2786365e-10,0.0,-0.0055455,-0.0055455,-0.0,-0.0,-0.0055455,-0.0055455,-0.0,0.0,-0.0,0.0042603104,0.0042603104,0.0,-0.0,0.0042603104,0.0042603104,-0.0,-0.0,-0.0,-0.0,0.0042603104,0.0042603104,0.0042603104,0.0042603104,Uniaxial,0.9495000243186951
2.2553010390288826e-28,127824.7421875,1002.5413818359375,0.0,0.9087399840354919,0.0,-0.0055635,0.0042639105,0.0042639105,-1.5744225e-19,1.2514912e-19,-2.7549747e-19,-0.004792907,0.004109792,0.004109792,-1.1398872e-19,7.904372e-20,-1.7582786e-19,650499.94,-650499.94,-650499.94,650499.94,650499.94,-650499.94,-650499.94,650499.94,8.40708e-11,2.198548e-11,0.0,0.0,-9.635392e-11,-1.5843923e-10,0.0,0.0,-1.5776694e-11,4.817412e-11,-6.921581e-11,-1.3316662e-10,0.0,0.0,0.0,0.0,-2601999.8,1.4873687e-10,1.69985e-10,-6.113585e-11,6.486684e-11,-1.4022766e-10,1e-45,-0.0055635,-0.0055635,1e-45,1e-45,-0.0055635,-0.0055635,1e-45,-0.0,0.0,0.0042639105,0.0042639105,0.0,0.0,0.0042639105,0.0042639105,0.0,0.0,0.0,0.0,0.0042639105,0.0042639105,0.0042639105,0.0042639105,Uniaxial,0.9514999985694885
1.9819312927157772e-28,127872.125,1049.9244384765625,0.0,0.9087399840354919,0.0,-0.0055815,0.0042675105,0.0042675105,-1.5850104e-19,1.2398445e-19,-3.1911966e-19,-0.004792907,0.004109792,0.004109792,-1.1398872e-19,7.904372e-20,-1.7582786e-19,665694.75,-665694.75,-665694.75,665694.75,665694.75,-665694.75,-665694.75,665694.75,9.99639e-11,3.7133754e-11,0.0,0.0,-7.9630004e-11,-1.4246014e-10,0.0,0.0,3.698307e-11,1.0011458e-10,-7.947932e-11,-1.4261083e-10,0.0,0.0,0.0,0.0,-2662779.0,8.49925e-11,8.49925e-11,-6.262549e-11,6.3228235e-11,-2.0160082e-10,-1e-45,-0.0055815,-0.0055815,-1e-45,-1e-45,-0.0055815,-0.0055815,-1e-45,-0.0,-0.0,0.0042675105,0.0042675105,-0.0,-0.0,0.0042675105,0.0042675105,-0.0,-0.0,-0.0,-0.0,0.0042675105,0.0042675105,0.0042675105,0.0042675105,Uniaxial,0.953499972820282
2.8020407723963365e-28,127920.6015625,1098.4014892578125,0.0,0.9087399840354919,0.0,-0.0055995,0.0042711105,0.0042711105,-1.5839516e-19,1.2504324e-19,-2.9148521e-19,-0.004792907,0.004109792,0.004109792,-1.1398872e-19,7.904372e-20,-1.7582786e-19,680889.5,-680889.5,-680889.5,680889.5,680889.5,-680889.5,-680889.5,680889.5,1.00830816e-10,3.8075158e-11,0.0,0.0,-5.932328e-11,-1.2207894e-10,0.0,0.0,6.389758e-11,1.2777392e-10,-6.389758e-11,-1.2777392e-10,0.0,0.0,0.0,0.0,-2723558.0,4.249625e-11,0.0,-6.2476524e-11,6.471788e-11,-1.6272123e-10,0.0,-0.0055995,-0.0055995,0.0,0.0,-0.0055995,-0.0055995,0.0,0.0,0.0,0.0042711105,0.0042711105,-0.0,-0.0,0.0042711105,0.0042711105,0.0,0.0,0.0,0.0,0.0042711105,0.0042711105,0.0042711105,0.0042711105,Uniaxial,0.9555000066757202
2.2553010390288826e-28,127970.171875,1147.9725341796875,0.0,0.9087399840354919,0.0,-0.0056175,0.0042747105,0.0042747105,-1.5934807e-19,1.2334917e-19,-2.8714417e-19,-0.004792907,0.004109792,0.004109792,-1.1398872e-19,7.904372e-20,-1.7582786e-19,696084.3,-696084.3,-696084.3,696084.3,696084.3,-696084.3,-696084.3,696084.3,1.04773745e-10,4.1347745e-11,0.0,0.0,-8.3843994e-11,-1.4726999e-10,0.0,0.0,1.0201037e-11,7.2885656e-11,-5.2697288e-11,-1.15381905e-10,0.0,0.0,0.0,0.0,-2784337.2,8.49925e-11,8.49925e-11,-6.38172e-11,6.233445e-11,-1.5661371e-10,1e-45,-0.0056175,-0.0056175,1e-45,1e-45,-0.0056175,-0.0056175,1e-45,-0.0,-0.0,0.0042747105,0.0042747105,0.0,0.0,0.0042747105,0.0042747105,0.0,0.0,-0.0,-0.0,0.0042747105,0.0042747105,0.0042747105,0.0042747105,Uniaxial,0.9574999809265137
1.4351915593483234e-28,128020.8359375,1198.6375732421875,0.0,0.9087399840354919,0.0,-0.0056355,0.0042783106,0.0042783106,-1.587128e-19,1.2345505e-19,-3.0895527e-19,-0.004792907,0.004109792,0.004109792,-1.1398872e-19,7.904372e-20,-1.7582786e-19,711279.1,-711279.1,-711279.1,711279.1,711279.1,-711279.1,-711279.1,711279.1,1.3382485e-10,7.084575e-11,0.0,0.0,-7.1013776e-12,-7.008048e-11,0.0,0.0,5.4842263e-11,1.1760137e-10,-5.4842263e-11,-1.1760137e-10,0.0,0.0,0.0,0.0,-2845116.5,-1.2748874e-10,0.0,-6.2923416e-11,6.2483414e-11,-1.8730029e-10,-0.0,-0.0056355,-0.0056355,-0.0,-0.0,-0.0056355,-0.0056355,-0.0,0.0,0.0,0.0042783106,0.0042783106,-0.0,-0.0,0.0042783106,0.0042783106,-0.0,-0.0,0.0,0.0,0.0042783106,0.0042783106,0.0042783106,0.0042783106,Uniaxial,0.9595000147819519
1.9477599991950006e-28,128072.59375,1250.396728515625,0.0,0.9087399840354919,0.0,-0.0056535,0.0042819106,0.0042819106,-1.5839516e-19,1.2366681e-19,-2.8915587e-19,-0.004792907,0.004109792,0.004109792,-1.1398872e-19,7.904372e-20,-1.7582786e-19,726473.9,-726473.9,-726473.9,726473.9,726473.9,-726473.9,-726473.9,726473.9,8.1508106e-11,3.4511144e-11,0.0,0.0,-7.7007394e-11,-1.2400435e-10,0.0,0.0,4.7803716e-11,1.1071178e-10,-4.7803716e-11,-1.1071178e-10,0.0,0.0,0.0,0.0,-2905895.5,8.49925e-11,0.0,-6.2476524e-11,6.278134e-11,-1.5944401e-10,0.0,-0.0056535,-0.0056535,0.0,0.0,-0.0056535,-0.0056535,0.0,0.0,0.0,0.0042819106,0.0042819106,0.0,0.0,0.0042819106,0.0042819106,0.0,0.0,-0.0,-0.0,0.0042819106,0.0042819106,0.0042819106,0.0042819106,Uniaxial,0.9614999890327454
2.050273759386709e-28,128125.4453125,1303.249755859375,0.0,0.9087399840354919,0.0,-0.0056715,0.0042855106,0.0042855106,-1.1858461e-19,1.2387857e-19,-2.657566e-19,-0.004792907,0.004109792,0.004109792,-1.1398872e-19,7.904372e-20,-1.7582786e-19,741668.7,-741668.7,-741668.7,741668.7,741668.7,-741668.7,-741668.7,741668.7,1.9701091e-11,7.093578e-13,0.0,0.0,-7.507779e-11,-9.406953e-11,0.0,0.0,-8.486703e-12,5.457033e-11,-1.1900204e-10,-1.8205908e-10,0.0,0.0,0.0,0.0,-2966674.8,1.4873687e-10,2.5497748e-10,-6.466071e-12,6.307927e-11,-1.2652297e-10,-1e-45,-0.0056715,-0.0056715,-1e-45,-1e-45,-0.0056715,-0.0056715,-1e-45,-0.0,-0.0,0.0042855106,0.0042855106,-0.0,-0.0,0.0042855106,0.0042855106,-0.0,-0.0,0.0,0.0,0.0042855106,0.0042855106,0.0042855106,0.0042855106,Uniaxial,0.9635000228881836
1.4010203861981683e-28,128179.3984375,1357.197021484375,0.0,0.9087399840354919,0.0,-0.0056895,0.0042891107,0.0042891107,-1.3118423e-19,1.2398445e-19,-2.8555598e-19,-0.004792907,0.004109792,0.004109792,-1.1398872e-19,7.904372e-20,-1.7582786e-19,756863.44,-756863.44,-756863.44,756863.44,756863.44,-756863.44,-756863.44,756863.44,9.723113e-11,6.937604e-11,0.0,0.0,-5.875198e-11,-8.660707e-11,0.0,0.0,3.06671e-11,9.3798615e-11,-3.06671e-11,-9.3798615e-11,0.0,0.0,0.0,0.0,-3027453.8,-2.1248125e-11,0.0,-2.4192785e-11,6.3228235e-11,-1.5437925e-10,-0.0,-0.0056895,-0.0056895,0.0,-0.0,-0.0056895,-0.0056895,0.0,-0.0,-0.0,0.0042891107,0.0042891107,0.0,0.0,0.0042891107,0.0042891107,-0.0,-0.0,-0.0,-0.0,0.0042891107,0.0042891107,0.0042891107,0.0042891107,Uniaxial,0.965499997138977
2.323643626070436e-28,128234.4375,1412.2381591796875,0.0,0.9087399840354919,0.0,-0.0057075,0.0042927107,0.0042927107,-1.3711346e-19,1.2398445e-19,-2.991085e-19,-0.004792907,0.004109792,0.004109792,-1.1398872e-19,7.904372e-20,-1.7582786e-19,772058.25,-772058.25,-772058.25,772058.25,772058.25,-772058.25,-772058.25,772058.25,6.946657e-11,3.744049e-11,0.0,0.0,-1.1180893e-10,-1.4383501e-10,0.0,0.0,8.696397e-12,7.182791e-11,-9.36889e-11,-1.568204e-10,0.0,0.0,0.0,0.0,-3088233.0,1.4873687e-10,1.69985e-10,-3.2534767e-11,6.3228235e-11,-1.7344663e-10,1e-45,-0.0057075,-0.0057075,1e-45,1e-45,-0.0057075,-0.0057075,1e-45,0.0,0.0,0.0042927107,0.0042927107,0.0,0.0,0.0042927107,0.0042927107,0.0,0.0,0.0,0.0,0.0042927107,0.0042927107,0.0042927107,0.0042927107,Uniaxial,0.9674999713897705
2.562842199233386e-28,128290.5703125,1468.3734130859375,0.0,0.9087399840354919,0.0,-0.0057255,0.0042963107,0.0042963107,-1.3658406e-19,1.247256e-19,-3.1064933e-19,-0.004792907,0.004109792,0.004109792,-1.1398872e-19,7.904372e-20,-1.7582786e-19,787253.06,-787253.06,-787253.06,787253.06,787253.06,-787253.06,-787253.06,787253.06,1.3451669e-10,1.02863024e-10,0.0,0.0,-3.911865e-11,-7.077232e-11,0.0,0.0,9.7487476e-11,1.7689906e-10,-1.2494978e-11,-9.1906566e-11,0.0,0.0,0.0,0.0,-3149012.2,-1.2748874e-10,-1.69985e-10,-3.178995e-11,6.4270984e-11,-1.896837e-10,-1e-45,-0.0057255,-0.0057255,-1e-45,-1e-45,-0.0057255,-0.0057255,-1e-45,-0.0,-0.0,0.0042963107,0.0042963107,-0.0,-0.0,0.0042963107,0.0042963107,-0.0,-0.0,-0.0,-0.0,0.0042963107,0.0042963107,0.0042963107,0.0042963107,Uniaxial,0.9695000052452087
1.9477599991950006e-28,128347.8046875,1525.6025390625,0.0,0.9087399840354919,0.0,-0.0057435,0.0042999107,0.0042999107,-1.3626643e-19,1.6284208e-19,-2.5792153e-19,-0.004792907,0.004109792,0.004109792,-1.1398872e-19,7.904372e-20,-1.7582786e-19,802447.8,-802447.8,-802447.8,802447.8,802447.8,-802447.8,-802447.8,802447.8,7.3362705e-11,4.1932482e-11,0.0,0.0,-6.318061e-11,-9.461083e-11,0.0,0.0,1.7903293e-12,9.225673e-11,-4.4286578e-11,-1.3475299e-10,0.0,0.0,0.0,0.0,-3209791.2,4.249625e-11,8.49925e-11,-3.1343057e-11,1.1789801e-10,-1.15499645e-10,-1e-45,-0.0057435,-0.0057435,-1e-45,-1e-45,-0.0057435,-0.0057435,-1e-45,0.0,0.0,0.0042999107,0.0042999107,0.0,0.0,0.0042999107,0.0042999107,0.0,0.0,0.0,0.0,0.0042999107,0.0042999107,0.0042999107,0.0042999107,Uniaxial,0.9714999794960022
2.562842199233386e-28,128406.125,1583.9259033203125,0.0,0.9087399840354919,0.0,-0.0057615,0.0043035108,0.0043035108,-1.3700758e-19,1.1096132e-19,-3.1604917e-19,-0.004792907,0.004109792,0.004109792,-1.1398872e-19,7.904372e-20,-1.7582786e-19,817642.6,-817642.6,-817642.6,817642.6,817642.6,-817642.6,-817642.6,817642.6,6.476383e-11,3.2812232e-11,0.0,0.0,-1.284288e-10,-1.6038039e-10,0.0,0.0,1.1356249e-11,8.108517e-11,-9.634875e-11,-1.6607768e-10,0.0,0.0,0.0,0.0,-3270570.5,1.9123313e-10,1.69985e-10,-3.2385802e-11,4.4905666e-11,-1.9728087e-10,3e-45,-0.0057615,-0.0057615,3e-45,3e-45,-0.0057615,-0.0057615,3e-45,-0.0,-0.0,0.0043035108,0.0043035108,0.0,0.0,0.0043035108,0.0043035108,-0.0,-0.0,0.0,-0.0,0.0043035108,0.0043035108,0.0043035108,0.0043035108,Uniaxial,0.9735000133514404
2.323643626070436e-28,128465.5390625,1643.3431396484375,0.0,0.9087399840354919,0.0,-0.0057795,0.0043071103,0.0043071103,-1.3626643e-19,1.5955983e-19,-2.9180285e-19,-0.004792907,0.004109792,0.004109792,-1.1398872e-19,7.904372e-20,-1.7582786e-19,832837.44,-832837.44,-832837.44,832837.44,832837.44,-832837.44,-832837.44,832837.44,1.1183998e-10,9.6168455e-11,0.0,0.0,-6.429626e-11,-7.9967796e-11,0.0,0.0,3.372012e-11,1.5339498e-10,8.776128e-12,-1.1089873e-10,0.0,0.0,0.0,0.0,-3331349.8,-6.374437e-11,-8.49925e-11,-3.1343057e-11,1.13280135e-10,-1.6316812e-10,-1e-45,-0.0057795,-0.0057795,-1e-45,-1e-45,-0.0057795,-0.0057795,-1e-45,-0.0,-0.0,0.0043071103,0.0043071103,-0.0,-0.0,0.0043071103,0.0043071103,-0.0,-0.0,-0.0,-0.0,0.0043071103,0.0043071103,0.0043071103,0.0043071103,Uniaxial,0.9754999876022339
2.152787399207796e-28,128526.0546875,1703.8544921875,0.0,0.9087399840354919,0.0,-0.0057975,0.0043107104,0.0043107104,-9.5291207e-20,1.927e-19,-2.7613274e-19,-0.004792907,0.004109792,0.004109792,-1.1398872e-19,7.904372e-20,-1.7582786e-19,848032.2,-848032.2,-848032.2,848032.2,848032.2,-848032.2,-848032.2,848032.2,7.597995e-11,8.913296e-11,0.0,0.0,-8.913296e-11,-7.597995e-11,0.0,0.0,3.1832466e-12,1.3041226e-10,-3.1832466e-12,-1.3041226e-10,0.0,0.0,0.0,0.0,-3392128.8,0.0,0.0,2.6306004e-11,1.5990585e-10,-1.4112145e-10,1e-45,-0.0057975,-0.0057975,1e-45,1e-45,-0.0057975,-0.0057975,1e-45,0.0,0.0,0.0043107104,0.0043107104,0.0,0.0,0.0043107104,0.0043107104,0.0,0.0,0.0,0.0,0.0043107104,0.0043107104,0.0043107104,0.0043107104,Uniaxial,0.9775000214576721
2.1869586927285724e-28,128587.65625,1765.459716796875,0.0,0.9087399840354919,0.0,-0.0058155,0.0043143104,0.0043143104,-1.0842022e-19,1.3309005e-19,-3.0757884e-19,-0.004792907,0.004109792,0.004109792,-1.1398872e-19,7.904372e-20,-1.7582786e-19,863227.0,-863227.0,-863227.0,863227.0,863227.0,-863227.0,-863227.0,863227.0,8.652378e-11,1.0619971e-10,0.0,0.0,-8.495159e-11,-6.527565e-11,0.0,0.0,4.308985e-11,1.2838551e-10,-4.308985e-11,-1.2838551e-10,0.0,0.0,0.0,0.0,-3452908.0,-4.249625e-11,0.0,7.834471e-12,7.603914e-11,-1.8536375e-10,-0.0,-0.0058155,-0.0058155,-0.0,0.0,-0.0058155,-0.0058155,0.0,-0.0,0.0,0.0043143104,0.0043143104,0.0,0.0,0.0043143104,0.0043143104,-0.0,0.0,0.0,-0.0,0.0043143104,0.0043143104,0.0043143104,0.0043143104,Uniaxial,0.9794999957084656
2.0844450529074856e-28,128650.359375,1828.1591796875,0.0,0.9087399840354919,0.0,-0.0058335,0.0043179104,0.0043179104,-7.411538e-20,1.3859577e-19,-2.9084994e-19,-0.004792907,0.004109792,0.004109792,-1.1398872e-19,7.904372e-20,-1.7582786e-19,878421.8,-878421.8,-878421.8,878421.8,878421.8,-878421.8,-878421.8,878421.8,-1.3674166e-11,4.589263e-11,0.0,0.0,-1.7338138e-10,-1.1381458e-10,0.0,0.0,-2.2985705e-11,8.194172e-11,-6.2006796e-11,-1.6693422e-10,0.0,0.0,0.0,0.0,-3513687.2,2.5497748e-10,1.69985e-10,5.60988e-11,8.378526e-11,-1.6182744e-10,-1e-45,-0.0058335,-0.0058335,-1e-45,-1e-45,-0.0058335,-0.0058335,-1e-45,-0.0,-0.0,0.0043179104,0.0043179104,-0.0,-0.0,0.0043179104,0.0043179104,0.0,-0.0,-0.0,-0.0,0.0043179104,0.0043179104,0.0043179104,0.0043179104,Uniaxial,0.9815000295639038
2.76786947887556e-28,128714.1484375,1891.9525146484375,0.0,0.9087399840354919,0.0,-0.0058515,0.0043215104,0.0043215104,-4.6375054e-20,1.8740604e-19,-2.870383e-19,-0.004792907,0.004109792,0.004109792,-1.1398872e-19,7.904372e-20,-1.7582786e-19,893616.56,-893616.56,-893616.56,893616.56,893616.56,-893616.56,-893616.56,893616.56,3.897239e-11,1.1805347e-10,0.0,0.0,-1.1805347e-10,-3.897239e-11,0.0,0.0,5.925672e-11,1.9852034e-10,2.5735782e-11,-1.1352784e-10,0.0,0.0,0.0,0.0,-3574466.2,0.0,-1.69985e-10,9.5127364e-11,1.5245766e-10,-1.5646474e-10,1e-45,-0.0058515,-0.0058515,1e-45,1e-45,-0.0058515,-0.0058515,1e-45,-0.0,-0.0,0.0043215104,0.0043215104,-0.0,-0.0,0.0043215104,0.0043215104,-0.0,-0.0,-0.0,-0.0,0.0043215104,0.0043215104,0.0043215104,0.0043215104,Uniaxial,0.9835000038146973
2.9045544122174233e-28,128779.0390625,1956.8399658203125,0.0,0.9087399840354919,0.0,-0.0058695,0.0043251105,0.0043251105,-6.4374504e-20,1.7417115e-19,-2.7666214e-19,-0.004792907,0.004109792,0.004109792,-1.1398872e-19,7.904372e-20,-1.7582786e-19,908811.4,-908811.4,-908811.4,908811.4,908811.4,-908811.4,-908811.4,908811.4,5.741244e-11,1.2383158e-10,0.0,0.0,-1.2383158e-10,-5.741244e-11,0.0,0.0,2.0072767e-12,1.3196065e-10,-2.0072767e-12,-1.3196065e-10,0.0,0.0,0.0,0.0,-3635245.5,0.0,0.0,6.980348e-11,1.3383716e-10,-1.4186627e-10,-1e-45,-0.0058695,-0.0058695,-1e-45,-1e-45,-0.0058695,-0.0058695,-1e-45,0.0,0.0,0.0043251105,0.0043251105,0.0,0.0,0.0043251105,0.0043251105,0.0,0.0,0.0,0.0,0.0043251105,0.0043251105,0.0043251105,0.0043251105,Uniaxial,0.9854999780654907
2.221129986249349e-28,128845.0234375,2022.8212890625,0.0,0.9087399840354919,0.0,-0.0058875,0.0043287105,0.0043287105,-7.051549e-20,1.6866544e-19,-2.9752032e-19,-0.004792907,0.004109792,0.004109792,-1.1398872e-19,7.904372e-20,-1.7582786e-19,924006.1,-924006.1,-924006.1,924006.1,924006.1,-924006.1,-924006.1,924006.1,5.6639624e-11,1.1873881e-10,0.0,0.0,-7.6242554e-11,-1.4143374e-11,0.0,0.0,6.953523e-11,1.9561554e-10,1.5457267e-11,-1.10623045e-10,0.0,0.0,0.0,0.0,-3696024.5,-8.49925e-11,-1.69985e-10,6.1163574e-11,1.2609104e-10,-1.7121217e-10,1e-45,-0.0058875,-0.0058875,1e-45,1e-45,-0.0058875,-0.0058875,1e-45,0.0,0.0,0.0043287105,0.0043287105,-0.0,-0.0,0.0043287105,0.0043287105,-0.0,-0.0,-0.0,-0.0,0.0043287105,0.0043287105,0.0043287105,0.0043287105,Uniaxial,0.987500011920929
2.0844450529074856e-28,128912.09375,2089.896728515625,0.0,0.9087399840354919,0.0,-0.0059055,0.0043323105,0.0043323105,-6.988022e-20,1.6739489e-19,-2.9974378e-19,-0.004792907,0.004109792,0.004109792,-1.1398872e-19,7.904372e-20,-1.7582786e-19,939200.94,-939200.94,-939200.94,939200.94,939200.94,-939200.94,-939200.94,939200.94,7.295693e-11,1.3550301e-10,0.0,0.0,-9.300676e-11,-3.0460686e-11,0.0,0.0,1.2509238e-11,1.3769576e-10,-1.2509238e-11,-1.3769576e-10,0.0,0.0,0.0,0.0,-3756803.8,-8.49925e-11,0.0,6.205736e-11,1.2430347e-10,-1.7434042e-10,0.0,-0.0059055,-0.0059055,0.0,0.0,-0.0059055,-0.0059055,0.0,-0.0,-0.0,0.0043323105,0.0043323105,0.0,0.0,0.0043323105,0.0043323105,0.0,0.0,0.0,0.0,0.0043323105,0.0043323105,0.0043323105,0.0043323105,Uniaxial,0.9894999861717224
2.2553010390288826e-28,128980.265625,2158.066162109375,0.0,0.9087399840354919,0.0,-0.0059235,0.0043359105,0.0043359105,-6.9139064e-20,1.6813604e-19,-2.7793269e-19,-0.004792907,0.004109792,0.004109792,-1.1398872e-19,7.904372e-20,-1.7582786e-19,954395.75,-954395.75,-954395.75,954395.75,954395.75,-954395.75,-954395.75,954395.75,3.8287054e-11,8.55958e-11,0.0,0.0,-1.2809205e-10,-8.0783304e-11,0.0,0.0,-3.0039995e-11,7.9909204e-11,-5.4952504e-11,-1.649017e-10,0.0,0.0,0.0,0.0,-3817583.0,8.49925e-11,1.69985e-10,6.310011e-11,1.2534622e-10,-1.4365384e-10,-1e-45,-0.0059235,-0.0059235,-1e-45,-1e-45,-0.0059235,-0.0059235,-1e-45,0.0,0.0,0.0043359105,0.0043359105,-0.0,-0.0,0.0043359105,0.0043359105,-0.0,-0.0,0.0,0.0,0.0043359105,0.0043359105,0.0043359105,0.0043359105,Uniaxial,0.9915000200271606
2.1869586927285724e-28,129049.53125,2227.329833984375,0.0,0.9087399840354919,0.0,-0.0059415,0.0043395106,0.0043395106,-1.0937313e-19,1.2896077e-19,-2.763445e-19,-0.004792907,0.004109792,0.004109792,-1.1398872e-19,7.904372e-20,-1.7582786e-19,969590.5,-969590.5,-969590.5,969590.5,969590.5,-969590.5,-969590.5,969590.5,6.524879e-11,8.425439e-11,0.0,0.0,-8.425439e-11,-6.524879e-11,0.0,0.0,3.3556158e-11,1.1594702e-10,-3.3556158e-11,-1.1594702e-10,0.0,0.0,0.0,0.0,-3878362.0,0.0,0.0,6.493795e-12,7.0229544e-11,-1.4141938e-10,1e-45,-0.0059415,-0.0059415,1e-45,1e-45,-0.0059415,-0.0059415,1e-45,0.0,0.0,0.0043395106,0.0043395106,0.0,0.0,0.0043395106,0.0043395106,-0.0,-0.0,-0.0,-0.0,0.0043395106,0.0043395106,0.0043395106,0.0043395106,Uniaxial,0.9934999942779541
2.4261572658915227e-28,129119.8828125,2297.687255859375,0.0,0.9087399840354919,0.0,-0.0059595,0.0043431106,0.0043431106,-9.698527e-20,1.4081923e-19,-2.8672065e-19,-0.004792907,0.004109792,0.004109792,-1.1398872e-19,7.904372e-20,-1.7582786e-19,984785.3,-984785.3,-984785.3,984785.3,984785.3,-984785.3,-984785.3,984785.3,2.9924313e-11,5.76443e-11,0.0,0.0,-1.426368e-10,-1.1491681e-10,0.0,0.0,-2.5220164e-11,8.127138e-11,-5.977233e-11,-1.6626388e-10,0.0,0.0,0.0,0.0,-3939141.2,1.69985e-10,1.69985e-10,2.3922581e-11,8.691351e-11,-1.5601785e-10,-0.0,-0.0059595,-0.0059595,-1e-45,-1e-45,-0.0059595,-0.0059595,-1e-45,-0.0,-0.0,0.0043431106,0.0043431106,0.0,-0.0,0.0043431106,0.0043431106,0.0,0.0,0.0,0.0,0.0043431106,0.0043431106,0.0043431106,0.0043431106,Uniaxial,0.9955000281333923
3.00706805203851e-28,129191.3359375,2369.138916015625,0.0,0.9087399840354919,0.0,-0.0059775,0.0043467106,0.0043467106,-9.116192e-20,1.8782956e-19,-3.098023e-19,-0.004792907,0.004109792,0.004109792,-1.1398872e-19,7.904372e-20,-1.7582786e-19,999980.1,-999980.1,-999980.1,999980.1,999980.1,-999980.1,-999980.1,999980.1,1.0761832e-10,1.2367611e-10,0.0,0.0,-8.117987e-11,-6.512207e-11,0.0,0.0,2.4618318e-11,1.6417986e-10,-2.4618318e-11,-1.6417986e-10,0.0,0.0,0.0,0.0,-3999920.5,-8.49925e-11,0.0,3.21156e-11,1.5305351e-10,-1.88492e-10,1e-45,-0.0059775,-0.0059775,1e-45,1e-45,-0.0059775,-0.0059775,1e-45,-0.0,-0.0,0.0043467106,0.0043467106,-0.0,-0.0,0.0043467106,0.0043467106,-0.0,-0.0,-0.0,-0.0,0.0043467106,0.0043467106,0.0043467106,0.0043467106,Uniaxial,0.9975000023841858
3.6904927187478275e-28,129263.8828125,2441.684326171875,0.0,0.9087399840354919,0.0,-0.0059955,0.0043503107,0.0043503107,-1.3129011e-19,1.7512406e-19,-3.325663e-19,-0.004792907,0.004109792,0.004109792,-1.1398872e-19,7.904372e-20,-1.7582786e-19,1015174.9,-1015174.9,-1015174.9,1015174.9,1015174.9,-1015174.9,-1015174.9,1015174.9,1.2460483e-10,1.2819265e-10,0.0,0.0,-6.444828e-11,-6.0860456e-11,0.0,0.0,9.5349e-11,2.2597271e-10,-1.03564995e-11,-1.4098021e-10,0.0,0.0,0.0,0.0,-4060699.5,-1.2748874e-10,-1.69985e-10,-2.4341749e-11,1.3517784e-10,-2.2051926e-10,-1e-45,-0.0059955,-0.0059955,-1e-45,-0.0,-0.0059955,-0.0059955,-0.0,0.0,0.0,0.0043503107,0.0043503107,0.0,0.0,0.0043503107,0.0043503107,0.0,0.0,0.0,0.0,0.0043503107,0.0043503107,0.0043503107,0.0043503107,Uniaxial,0.9994999766349792
3.553807785405964e-28,129282.1640625,2444.9912109375,0.0,0.9087399840354919,0.0,-0.006,0.004353634,0.004353634,-7.305659e-20,1.896295e-19,-3.112846e-19,-0.004796593,0.0041129524,0.0041129524,-1.1379557e-19,7.956554e-20,-1.7646704e-19,1015862.1,-1015862.1,-1015862.1,1015862.1,1015862.1,-1015862.1,-1015862.1,1015862.1,0.0993903,0.0993903,0.0,0.0,0.0993903,0.0993903,0.0,0.0,0.0993903,0.0993903,0.0993903,0.0993903,0.0,0.0,0.0,0.0,-4063448.5,-0.3975612,-0.3975612,5.7316697e-11,1.5485174e-10,-1.896782e-10,1.7407329e-34,-0.006,-0.006,1.7407329e-34,1.7407329e-34,-0.006,-0.006,1.7407329e-34,2.1627084e-35,2.1627084e-35,0.004353634,0.004353634,2.1627084e-35,2.1627084e-35,0.004353634,0.004353634,2.1627084e-35,2.1627084e-35,2.1627084e-35,2.1627084e-35,0.004353634,0.004353634,0.004353634,0.004353634,Uniaxial,1.0
