ALLAE,ALLIE,ALLSE,ALLVD,DAMAGEC,DAMAGET,E1,E2,E3,E4,E5,E6,PE1,PE2,PE3,PE4,PE5,PE6,RF1_n1,RF1_n2,RF1_n3,RF1_n4,RF1_n5,RF1_n6,RF1_n7,RF1_n8,RF2_n1,RF2_n2,RF2_n3,RF2_n4,RF2_n5,RF2_n6,RF2_n7,RF2_n8,RF3_n1,RF3_n2,RF3_n3,RF3_n4,RF3_n5,RF3_n6,RF3_n7,RF3_n8,S1,S2,S3,S4,S5,S6,U1_n1,U1_n2,U1_n3,U1_n4,U1_n5,U1_n6,U1_n7,U1_n8,U2_n1,U2_n2,U2_n3,U2_n4,U2_n5,U2_n6,U2_n7,U2_n8,U3_n1,U3_n2,U3_n3,U3_n4,U3_n5,U3_n6,U3_n7,U3_n8,step,time
0.0,0.0,0.0,0.0,0.0,0.0,0.0,0.0,0.0,0.0,0.0,0.0,0.0,0.0,0.0,0.0,0.0,0.0,-0.0,-0.0,-0.0,-0.0,-0.0,-0.0,-0.0,-0.0,-0.0,-0.0,0.0,0.0,-0.0,-0.0,0.0,0.0,-0.0,-0.0,-0.0,-0.0,0.0,0.0,0.0,0.0,0.0,0.0,0.0,0.0,0.0,0.0,0.0,0.0,0.0,0.0,0.0,0.0,0.0,0.0,0.0,0.0,0.0,0.0,0.0,0.0,0.0,0.0,0.0,0.0,0.0,0.0,0.0,0.0,0.0,0.0,Uniaxial,0.0
3.304697831319818e-32,1.0265624523162842,1.0265624523162842,0.0,0.0,0.0,-7.5e-06,1.5e-06,1.5e-06,-2.1175824e-22,2.1175824e-22,5.293956e-23,0.0,0.0,0.0,0.0,0.0,0.0,68437.5,-68437.5,-68437.5,68437.5,68437.5,-68437.5,-68437.5,68437.5,5.218428e-12,3.62716e-12,0.0,0.0,4.558292e-12,2.967024e-12,0.0,0.0,2.888284e-13,1.8687105e-12,3.3491504e-12,1.7692682e-12,0.0,0.0,0.0,0.0,-273750.0,-1.6370905e-11,-7.275958e-12,-3.2204898e-12,3.2204898e-12,8.0512246e-13,-6.84375e-32,-7.5e-06,-7.5e-06,-6.84375e-32,-6.84375e-32,-7.5e-06,-7.5e-06,-6.84375e-32,-0.0,-0.0,1.5e-06,1.5e-06,0.0,0.0,1.5e-06,1.5e-06,0.0,0.0,-0.0,0.0,1.5e-06,1.5e-06,1.5e-06,1.5e-06,Uniaxial,0.0010000000474974513
2.0092401218481403e-35,4.106249809265137,4.106249809265137,0.0,0.0,0.0,-1.5e-05,3e-06,3e-06,-5.293956e-23,4.2351647e-22,-1.5881868e-22,0.0,0.0,0.0,0.0,0.0,0.0,136875.0,-136875.0,-136875.0,136875.0,136875.0,-136875.0,-136875.0,136875.0,1.7032311e-12,1.3158513e-12,0.0,0.0,5.031381e-13,1.1575829e-13,0.0,0.0,-9.988124e-13,2.1913146e-12,9.988124e-13,-2.1913146e-12,0.0,0.0,0.0,0.0,-547500.0,-3.637979e-12,0.0,-8.0512246e-13,6.4409797e-12,-2.4153674e-12,0.0,-1.5e-05,-1.5e-05,0.0,0.0,-1.5e-05,-1.5e-05,0.0,0.0,0.0,3e-06,3e-06,0.0,0.0,3e-06,3e-06,0.0,0.0,0.0,0.0,3e-06,3e-06,3e-06,3e-06,Uniaxial,0.0020000000949949026
4.1792193386497617e-35,12.575390815734863,12.575390815734863,0.0,0.0,0.0,-2.625e-05,5.25e-06,5.25e-06,1.5881868e-22,-1.0587912e-22,-4.7645603e-22,0.0,0.0,0.0,0.0,0.0,0.0,239531.25,-239531.25,-239531.25,239531.25,239531.25,-239531.25,-239531.25,239531.25,-7.887263e-12,-6.6795796e-12,0.0,0.0,-1.1510314e-11,-1.0302631e-11,0.0,0.0,-5.0694613e-12,-5.9049467e-12,-9.482454e-12,-8.6469686e-12,0.0,0.0,0.0,0.0,-958125.0,3.6379788e-11,2.910383e-11,2.4153674e-12,-1.6102449e-12,-7.246102e-12,0.0,-2.625e-05,-2.625e-05,0.0,0.0,-2.625e-05,-2.625e-05,0.0,0.0,0.0,5.25e-06,5.25e-06,0.0,0.0,5.25e-06,5.25e-06,0.0,0.0,-0.0,-0.0,5.25e-06,5.25e-06,5.25e-06,5.25e-06,Uniaxial,0.0035000001080334187
1.2859136779828098e-34,31.053516387939453,31.053516387939453,0.0,0.0,0.0,-4.125e-05,8.25e-06,8.25e-06,1.5881868e-22,-3.1763736e-22,-5.8233515e-22,0.0,0.0,0.0,0.0,0.0,0.0,376406.25,-376406.25,-376406.25,376406.25,376406.25,-376406.25,-376406.25,376406.25,1.5647007e-12,2.8027472e-12,0.0,0.0,-2.8027472e-12,-1.5647007e-12,0.0,0.0,1.7988867e-11,1.5543136e-11,1.1114963e-11,1.3560693e-11,0.0,0.0,0.0,0.0,-1505625.0,0.0,-5.820766e-11,2.4153674e-12,-4.8307348e-12,-8.856347e-12,-0.0,-4.125e-05,-4.125e-05,-0.0,-0.0,-4.125e-05,-4.125e-05,-0.0,-0.0,-0.0,8.25e-06,8.25e-06,-0.0,-0.0,8.25e-06,8.25e-06,-0.0,-0.0,-0.0,-0.0,8.25e-06,8.25e-06,8.25e-06,8.25e-06,Uniaxial,0.005499999970197678
2.1860532984885248e-34,57.744140625,57.744140625,0.0,0.0,0.0,-5.625e-05,1.125e-05,1.125e-05,-1.5881868e-22,0.0,2.646978e-22,0.0,0.0,0.0,0.0,0.0,0.0,513281.25,-513281.25,-513281.25,513281.25,513281.25,-513281.25,-513281.25,513281.25,-1.498484e-11,-1.6101434e-11,0.0,0.0,-1.3002396e-11,-1.41189916e-11,0.0,0.0,-9.912216e-13,-1.0519473e-12,9.912216e-13,1.0519473e-12,0.0,0.0,0.0,0.0,-2053125.0,5.820766e-11,0.0,-2.4153674e-12,0.0,4.0256123e-12,-0.0,-5.625e-05,-5.625e-05,-0.0,-0.0,-5.625e-05,-5.625e-05,-0.0,0.0,0.0,1.125e-05,1.125e-05,0.0,0.0,1.125e-05,1.125e-05,0.0,0.0,0.0,0.0,1.125e-05,1.125e-05,1.125e-05,1.125e-05,Uniaxial,0.007499999832361937
2.3146445744513096e-34,92.64726257324219,92.64726257324219,0.0,0.0,0.0,-7.125e-05,1.425e-05,1.425e-05,1.5881868e-22,4.2351647e-22,-5.293956e-23,0.0,0.0,0.0,0.0,0.0,0.0,650156.25,-650156.25,-650156.25,650156.25,650156.25,-650156.25,-650156.25,650156.25,2.1379768e-11,2.2648177e-11,0.0,0.0,2.1007569e-11,2.2275978e-11,0.0,0.0,2.7679685e-11,3.083945e-11,3.0527976e-11,2.7368212e-11,0.0,0.0,0.0,0.0,-2600625.0,-8.731149e-11,-1.1641532e-10,2.4153674e-12,6.4409797e-12,-8.0512246e-13,0.0,-7.125e-05,-7.125e-05,0.0,0.0,-7.125e-05,-7.125e-05,0.0,-0.0,-0.0,1.425e-05,1.425e-05,-0.0,-0.0,1.425e-05,1.425e-05,-0.0,-0.0,0.0,0.0,1.425e-05,1.425e-05,1.425e-05,1.425e-05,Uniaxial,0.009499999694526196
4.629289148902619e-34,135.7628936767578,135.7628936767578,0.0,0.0,0.0,-8.625e-05,1.725e-05,1.725e-05,-1.5881868e-22,0.0,-4.7645603e-22,0.0,0.0,0.0,0.0,0.0,0.0,787031.25,-787031.25,-787031.25,787031.25,787031.25,-787031.25,-787031.25,787031.25,5.3255983e-11,5.216975e-11,0.0,0.0,4.9693655e-11,4.8607424e-11,0.0,0.0,5.995846e-11,5.995846e-11,5.645686e-11,5.645686e-11,0.0,0.0,0.0,0.0,-3148125.0,-2.0372681e-10,-2.3283064e-10,-2.4153674e-12,0.0,-7.246102e-12,-0.0,-8.625e-05,-8.625e-05,-0.0,-0.0,-8.625e-05,-8.625e-05,-0.0,-0.0,-0.0,1.725e-05,1.725e-05,-0.0,-0.0,1.725e-05,1.725e-05,-0.0,-0.0,-0.0,-0.0,1.725e-05,1.725e-05,1.725e-05,1.725e-05,Uniaxial,0.011500000022351742
1.1316040549919719e-33,187.0910186767578,187.0910186767578,0.0,0.0,0.0,-0.00010125,2.025e-05,2.025e-05,2.646978e-22,-2.1175824e-22,-5.293956e-23,0.0,0.0,0.0,0.0,0.0,0.0,923906.25,-923906.25,-923906.25,923906.25,923906.25,-923906.25,-923906.25,923906.25,3.5422852e-11,3.755711e-11,0.0,0.0,3.5202466e-11,3.7336724e-11,0.0,0.0,3.0140595e-11,2.8530352e-11,2.8067064e-11,2.967731e-11,0.0,0.0,0.0,0.0,-3695625.0,-1.4551915e-10,-1.1641532e-10,4.0256123e-12,-3.2204898e-12,-8.0512246e-13,0.0,-0.00010125,-0.00010125,0.0,0.0,-0.00010125,-0.00010125,0.0,0.0,0.0,2.025e-05,2.025e-05,0.0,0.0,2.025e-05,2.025e-05,0.0,0.0,0.0,0.0,2.025e-05,2.025e-05,2.025e-05,2.025e-05,Uniaxial,0.013500000350177288
4.114923585873999e-34,246.6316375732422,246.6316375732422,0.0,0.0,0.0,-0.00011625,2.325e-05,2.325e-05,-5.293956e-23,-2.1175824e-22,2.646978e-22,0.0,0.0,0.0,0.0,0.0,0.0,1060781.2,-1060781.2,-1060781.2,1060781.2,1060781.2,-1060781.2,-1060781.2,1060781.2,6.4587405e-11,6.4306296e-11,0.0,0.0,6.666094e-11,6.637983e-11,0.0,0.0,-1.7091783e-13,-1.8418884e-12,1.7091783e-13,1.8418884e-12,0.0,0.0,0.0,0.0,-4243125.0,-2.6193447e-10,0.0,-8.0512246e-13,-3.2204898e-12,4.0256123e-12,-0.0,-0.00011625,-0.00011625,-0.0,-0.0,-0.00011625,-0.00011625,-0.0,-0.0,-0.0,2.325e-05,2.325e-05,-0.0,-0.0,2.325e-05,2.325e-05,-0.0,-0.0,-0.0,-0.0,2.325e-05,2.325e-05,2.325e-05,2.325e-05,Uniaxial,0.01549999974668026
1.0287309423862479e-33,314.384765625,314.384765625,0.0,0.0,0.0,-0.00013125,2.625e-05,2.625e-05,2.646978e-22,7.4115383e-22,-4.7645603e-22,0.0,0.0,0.0,0.0,0.0,0.0,1197656.2,-1197656.2,-1197656.2,1197656.2,1197656.2,-1197656.2,-1197656.2,1197656.2,2.987859e-11,3.2012847e-11,0.0,0.0,2.6194814e-11,2.832907e-11,0.0,0.0,-9.760403e-13,4.4776405e-12,9.760403e-13,-4.4776405e-12,0.0,0.0,0.0,0.0,-4790625.0,-1.1641532e-10,0.0,4.0256123e-12,1.12717145e-11,-7.246102e-12,0.0,-0.00013125,-0.00013125,0.0,0.0,-0.00013125,-0.00013125,0.0,0.0,0.0,2.625e-05,2.625e-05,0.0,0.0,2.625e-05,2.625e-05,-0.0,-0.0,0.0,0.0,2.625e-05,2.625e-05,2.625e-05,2.625e-05,Uniaxial,0.017500000074505806
4.114923585873999e-34,390.35040283203125,390.35040283203125,0.0,0.0,0.0,-0.00014625,2.925e-05,2.925e-05,-1.5881868e-22,-4.2351647e-22,5.8233515e-22,0.0,0.0,0.0,0.0,0.0,0.0,1334531.2,-1334531.2,-1334531.2,1334531.2,1334531.2,-1334531.2,-1334531.2,1334531.2,-3.0744438e-11,-3.183067e-11,0.0,0.0,-2.6376991e-11,-2.7463223e-11,0.0,0.0,-5.734791e-13,-3.8546943e-12,5.734791e-13,3.8546943e-12,0.0,0.0,0.0,0.0,-5338125.0,1.1641532e-10,0.0,-2.4153674e-12,-6.4409797e-12,8.856347e-12,0.0,-0.00014625,-0.00014625,0.0,0.0,-0.00014625,-0.00014625,0.0,-0.0,-0.0,2.925e-05,2.925e-05,-0.0,-0.0,2.925e-05,2.925e-05,0.0,0.0,0.0,0.0,2.925e-05,2.925e-05,2.925e-05,2.925e-05,Uniaxial,0.019500000402331352
1.4402233009736478e-33,474.52850341796875,474.52850341796875,0.0,0.0,0.0,-0.00016125,3.225e-05,3.225e-05,1.5881868e-22,0.0,5.293956e-23,0.0,0.0,0.0,0.0,0.0,0.0,1471406.2,-1471406.2,-1471406.2,1471406.2,1471406.2,-1471406.2,-1471406.2,1471406.2,-3.009113e-11,-2.8761995e-11,0.0,0.0,-2.9445665e-11,-2.8116532e-11,0.0,0.0,-5.8408944e-11,-5.8408944e-11,-5.800638e-11,-5.800638e-11,0.0,0.0,0.0,0.0,-5885625.0,1.1641532e-10,2.3283064e-10,2.4153674e-12,0.0,8.0512246e-13,-0.0,-0.00016125,-0.00016125,-0.0,-0.0,-0.00016125,-0.00016125,-0.0,-0.0,-0.0,3.225e-05,3.225e-05,-0.0,-0.0,3.225e-05,3.225e-05,-0.0,-0.0,-0.0,-0.0,3.225e-05,3.225e-05,3.225e-05,3.225e-05,Uniaxial,0.0215000007301569
1.6459694343495996e-33,566.9191284179688,566.9191284179688,0.0,0.0,0.0,-0.00017625,3.525e-05,3.525e-05,-1.5881868e-22,2.1175824e-22,-5.8233515e-22,0.0,0.0,0.0,0.0,0.0,0.0,1608281.2,-1608281.2,-1608281.2,1608281.2,1608281.2,-1608281.2,-1608281.2,1608281.2,3.192176e-11,3.0835525e-11,0.0,0.0,2.7372134e-11,2.6285902e-11,0.0,0.0,5.949517e-11,6.110542e-11,5.692015e-11,5.5309902e-11,0.0,0.0,0.0,0.0,-6433125.0,-1.1641532e-10,-2.3283064e-10,-2.4153674e-12,3.2204898e-12,-8.856347e-12,-0.0,-0.00017625,-0.00017625,-0.0,-0.0,-0.00017625,-0.00017625,-0.0,-0.0,-0.0,3.525e-05,3.525e-05,-0.0,-0.0,3.525e-05,3.525e-05,-0.0,-0.0,-0.0,-0.0,3.525e-05,3.525e-05,3.525e-05,3.525e-05,Uniaxial,0.023499999195337296
2.2632081099839437e-33,667.5222778320312,667.5222778320312,0.0,0.0,0.0,-0.00019125,3.825e-05,3.825e-05,-2.646978e-22,-2.1175824e-22,5.8233515e-22,0.0,0.0,0.0,0.0,0.0,0.0,1745156.2,-1745156.2,-1745156.2,1745156.2,1745156.2,-1745156.2,-1745156.2,1745156.2,-3.049369e-11,-3.2385046e-11,0.0,0.0,-2.5822615e-11,-2.771397e-11,0.0,0.0,-1.4089643e-12,-2.8977582e-12,1.4089643e-12,2.8977582e-12,0.0,0.0,0.0,0.0,-6980625.0,1.1641532e-10,0.0,-4.0256123e-12,-3.2204898e-12,8.856347e-12,0.0,-0.00019125,-0.00019125,0.0,0.0,-0.00019125,-0.00019125,0.0,0.0,0.0,3.825e-05,3.825e-05,0.0,0.0,3.825e-05,3.825e-05,0.0,0.0,0.0,0.0,3.825e-05,3.825e-05,3.825e-05,3.825e-05,Uniaxial,0.025499999523162842
0.0,776.337890625,776.337890625,0.0,0.0,0.0,-0.00020625,4.125e-05,4.125e-05,2.646978e-22,-3.1763736e-22,-1.5881868e-22,0.0,0.0,0.0,0.0,0.0,0.0,1882031.2,-1882031.2,-1882031.2,1882031.2,1882031.2,-1882031.2,-1882031.2,1882031.2,-1.4954477e-11,-1.294167e-11,0.0,0.0,-1.616216e-11,-1.41493536e-11,0.0,0.0,1.8115255e-12,-6.0384185e-13,-1.8115255e-12,6.0384185e-13,0.0,0.0,0.0,0.0,-7528125.0,5.820766e-11,0.0,4.0256123e-12,-4.8307348e-12,-2.4153674e-12,-0.0,-0.00020625,-0.00020625,-0.0,-0.0,-0.00020625,-0.00020625,-0.0,-0.0,-0.0,4.125e-05,4.125e-05,-0.0,-0.0,4.125e-05,4.125e-05,-0.0,-0.0,-0.0,-0.0,4.125e-05,4.125e-05,4.125e-05,4.125e-05,Uniaxial,0.027499999850988388
0.0,893.3660278320312,893.3660278320312,0.0,0.0,0.0,-0.00022125,4.425e-05,4.425e-05,5.293956e-23,2.1175824e-22,3.7057691e-22,0.0,0.0,0.0,0.0,0.0,0.0,2018906.2,-2018906.2,-2018906.2,2018906.2,2018906.2,-2018906.2,-2018906.2,2018906.2,-1.6102449e-12,-1.2076837e-12,0.0,0.0,1.2076837e-12,1.6102449e-12,0.0,0.0,-2.2140868e-12,-6.0384185e-13,2.2140868e-12,6.0384185e-13,0.0,0.0,0.0,0.0,-8075625.0,0.0,0.0,8.0512246e-13,3.2204898e-12,5.6358572e-12,-0.0,-0.00022125,-0.00022125,-0.0,-0.0,-0.00022125,-0.00022125,-0.0,-0.0,-0.0,4.425e-05,4.425e-05,-0.0,-0.0,4.425e-05,4.425e-05,-0.0,-0.0,-0.0,-0.0,4.425e-05,4.425e-05,4.425e-05,4.425e-05,Uniaxial,0.029500000178813934
2.6747003767358475e-33,1018.6066284179688,1018.6066284179688,0.0,0.0,0.0,-0.00023625,4.725e-05,4.725e-05,-5.293956e-23,-4.2351647e-22,-4.7645603e-22,0.0,0.0,0.0,0.0,0.0,0.0,2155781.2,-2155781.2,-2155781.2,2155781.2,2155781.2,-2155781.2,-2155781.2,2155781.2,6.015974e-11,5.975718e-11,0.0,0.0,5.665814e-11,5.625558e-11,0.0,0.0,3.4217705e-12,7.98295e-14,-3.4217705e-12,-7.98295e-14,0.0,0.0,0.0,0.0,-8623125.0,-2.3283064e-10,0.0,-8.0512246e-13,-6.4409797e-12,-7.246102e-12,0.0,-0.00023625,-0.00023625,0.0,0.0,-0.00023625,-0.00023625,0.0,0.0,0.0,4.725e-05,4.725e-05,0.0,0.0,4.725e-05,4.725e-05,0.0,0.0,0.0,0.0,4.725e-05,4.725e-05,4.725e-05,4.725e-05,Uniaxial,0.03150000050663948
2.2632081099839437e-33,1152.059814453125,1152.059814453125,0.0,0.0,0.0,-0.00025125,5.025e-05,5.025e-05,2.646978e-22,7.4115383e-22,5.8233515e-22,0.0,0.0,0.0,0.0,0.0,0.0,2292656.2,-2292656.2,-2292656.2,2292656.2,2292656.2,-2292656.2,-2292656.2,2292656.2,9.852147e-11,1.0065572e-10,0.0,0.0,1.0307109e-10,1.05205344e-10,0.0,0.0,1.1132258e-10,1.1683698e-10,1.2150807e-10,1.1599366e-10,0.0,0.0,0.0,0.0,-9170625.0,-4.0745363e-10,-4.656613e-10,4.0256123e-12,1.12717145e-11,8.856347e-12,-0.0,-0.00025125,-0.00025125,-0.0,-0.0,-0.00025125,-0.00025125,-0.0,-0.0,-0.0,5.025e-05,5.025e-05,-0.0,-0.0,5.025e-05,5.025e-05,-0.0,-0.0,-0.0,-0.0,5.025e-05,5.025e-05,5.025e-05,5.025e-05,Uniaxial,0.03350000083446503
3.4976852775816396e-33,1293.725341796875,1293.725341796875,0.0,0.0,0.0,-0.00026625,5.325e-05,5.325e-05,-1.5881868e-22,-7.4115383e-22,-1.5881868e-22,0.0,0.0,0.0,0.0,0.0,0.0,2429531.2,-2429531.2,-2429531.2,2429531.2,2429531.2,-2429531.2,-2429531.2,2429531.2,-2.8199774e-11,-2.9164556e-11,0.0,0.0,-2.9043105e-11,-3.0007885e-11,0.0,0.0,3.4217705e-12,-2.3355378e-12,-3.4217705e-12,2.3355378e-12,0.0,0.0,0.0,0.0,-9718125.0,1.1641532e-10,0.0,-2.4153674e-12,-1.12717145e-11,-2.4153674e-12,0.0,-0.00026625,-0.00026625,0.0,0.0,-0.00026625,-0.00026625,0.0,0.0,0.0,5.325e-05,5.325e-05,0.0,0.0,5.325e-05,5.325e-05,0.0,0.0,0.0,0.0,5.325e-05,5.325e-05,5.325e-05,5.325e-05,Uniaxial,0.03550000116229057
3.7034313191220954e-33,1443.603515625,1443.603515625,0.0,0.0,0.0,-0.00028125,5.625e-05,5.625e-05,1.5881868e-22,6.352747e-22,-5.293956e-23,0.0,0.0,0.0,0.0,0.0,0.0,2566406.2,-2566406.2,-2566406.2,2566406.2,2566406.2,-2566406.2,-2566406.2,2566406.2,-5.891385e-11,-5.7463263e-11,0.0,0.0,-5.895206e-11,-5.7501472e-11,0.0,0.0,-2.1533613e-12,2.4344712e-12,2.1533613e-12,-2.4344712e-12,0.0,0.0,0.0,0.0,-10265625.0,2.3283064e-10,0.0,2.4153674e-12,9.6614695e-12,-8.0512246e-13,-0.0,-0.00028125,-0.00028125,-0.0,-0.0,-0.00028125,-0.00028125,-0.0,-0.0,-0.0,5.625e-05,5.625e-05,-0.0,-0.0,5.625e-05,5.625e-05,-0.0,-0.0,-0.0,-0.0,5.625e-05,5.625e-05,5.625e-05,5.625e-05,Uniaxial,0.03750000149011612
6.583877737398399e-33,1601.694091796875,1601.694091796875,0.0,0.0,0.0,-0.00029625,5.925e-05,5.925e-05,-1.5881868e-22,-2.1175824e-22,-5.293956e-23,0.0,0.0,0.0,0.0,0.0,0.0,2703281.2,-2703281.2,-2703281.2,2703281.2,2703281.2,-2703281.2,-2703281.2,2703281.2,5.014947e-13,-4.632868e-13,0.0,0.0,4.632868e-13,-5.014947e-13,0.0,0.0,8.2422643e-13,-9.0746963e-13,-8.2422643e-13,9.0746963e-13,0.0,0.0,0.0,0.0,-10813125.0,0.0,0.0,-2.4153674e-12,-3.2204898e-12,-8.0512246e-13,0.0,-0.00029625,-0.00029625,0.0,0.0,-0.00029625,-0.00029625,0.0,0.0,0.0,5.925e-05,5.925e-05,0.0,0.0,5.925e-05,5.925e-05,0.0,0.0,0.0,0.0,5.925e-05,5.925e-05,5.925e-05,5.925e-05,Uniaxial,0.039500001817941666
7.406862638244191e-33,1767.997314453125,1767.997314453125,0.0,0.0,0.0,-0.00031125,6.225e-05,6.225e-05,2.646978e-22,3.1763736e-22,4.7645603e-22,0.0,0.0,0.0,0.0,0.0,0.0,2840156.2,-2840156.2,-2840156.2,2840156.2,2840156.2,-2840156.2,-2840156.2,2840156.2,-6.138994e-11,-5.889133e-11,0.0,0.0,-5.752399e-11,-5.502538e-11,0.0,0.0,-3.0192092e-12,-8.4674406e-13,3.0192092e-12,8.4674406e-13,0.0,0.0,0.0,0.0,-11360625.0,2.3283064e-10,0.0,4.0256123e-12,4.8307348e-12,7.246102e-12,-0.0,-0.00031125,-0.00031125,-0.0,-0.0,-0.00031125,-0.00031125,-0.0,0.0,0.0,6.225e-05,6.225e-05,0.0,0.0,6.225e-05,6.225e-05,-0.0,-0.0,-0.0,-0.0,6.225e-05,6.225e-05,6.225e-05,6.225e-05,Uniaxial,0.04149999842047691
1.2344771308634974e-32,1942.512939453125,1942.512939453125,0.0,0.0,0.0,-0.00032625,6.525e-05,6.525e-05,-5.293956e-23,-4.2351647e-22,1.5881868e-22,0.0,0.0,0.0,0.0,0.0,0.0,2977031.2,-2977031.2,-2977031.2,2977031.2,2977031.2,-2977031.2,-2977031.2,2977031.2,-8.819986e-11,-8.787371e-11,0.0,0.0,-8.6749274e-11,-8.6423126e-11,0.0,0.0,1.1278542e-12,-2.3355378e-12,-1.1278542e-12,2.3355378e-12,0.0,0.0,0.0,0.0,-11908125.0,3.4924597e-10,0.0,-8.0512246e-13,-6.4409797e-12,2.4153674e-12,0.0,-0.00032625,-0.00032625,0.0,0.0,-0.00032625,-0.00032625,0.0,-0.0,-0.0,6.525e-05,6.525e-05,0.0,0.0,6.525e-05,6.525e-05,-0.0,-0.0,0.0,0.0,6.525e-05,6.525e-05,6.525e-05,6.525e-05,Uniaxial,0.04349999874830246
1.2344771308634974e-32,2125.240966796875,2125.240966796875,0.0,0.0,0.0,-0.00034125,6.825e-05,6.825e-05,2.646978e-22,2.1175824e-22,-3.7057691e-22,0.0,0.0,0.0,0.0,0.0,0.0,3113906.2,-3113906.2,-3113906.2,3113906.2,3113906.2,-3113906.2,-3113906.2,3113906.2,2.914204e-11,3.188355e-11,0.0,0.0,2.632411e-11,2.9065623e-11,0.0,0.0,-2.3222681e-10,-2.3085946e-10,-2.334345e-10,-2.3480182e-10,0.0,0.0,0.0,0.0,-12455625.0,-1.1641532e-10,9.313226e-10,4.0256123e-12,3.2204898e-12,-5.6358572e-12,-0.0,-0.00034125,-0.00034125,-0.0,-0.0,-0.00034125,-0.00034125,-0.0,-0.0,-0.0,6.825e-05,6.825e-05,-0.0,-0.0,6.825e-05,6.825e-05,0.0,0.0,0.0,0.0,6.825e-05,6.825e-05,6.825e-05,6.825e-05,Uniaxial,0.045499999076128006
1.3990741110326559e-32,2316.181640625,2316.181640625,0.0,0.0,0.0,-0.00035625,7.125e-05,7.125e-05,-5.293956e-23,0.0,-1.5881868e-22,0.0,0.0,0.0,0.0,0.0,0.0,3250781.2,-3250781.2,-3250781.2,3250781.2,3250781.2,-3250781.2,-3250781.2,3250781.2,-8.699217e-11,-8.666603e-11,0.0,0.0,-8.7956954e-11,-8.763081e-11,0.0,0.0,-1.15447124e-10,-1.1593293e-10,-1.1738352e-10,-1.1689771e-10,0.0,0.0,0.0,0.0,-13003125.0,3.4924597e-10,4.656613e-10,-8.0512246e-13,0.0,-2.4153674e-12,0.0,-0.00035625,-0.00035625,0.0,0.0,-0.00035625,-0.00035625,0.0,0.0,0.0,7.125e-05,7.125e-05,0.0,0.0,7.125e-05,7.125e-05,-0.0,-0.0,-0.0,-0.0,7.125e-05,7.125e-05,7.125e-05,7.125e-05,Uniaxial,0.04749999940395355
8.229847539089983e-33,2515.334716796875,2515.334716796875,0.0,0.0,0.0,-0.00037125,7.425e-05,7.425e-05,2.646978e-22,-2.1175824e-22,-5.293956e-23,0.0,0.0,0.0,0.0,0.0,0.0,3387656.2,-3387656.2,-3387656.2,3387656.2,3387656.2,-3387656.2,-3387656.2,3387656.2,-1.1694758e-12,1.3291348e-12,0.0,0.0,-1.3291348e-12,1.1694758e-12,0.0,0.0,1.3707564e-12,-7.25293e-13,-1.3707564e-12,7.25293e-13,0.0,0.0,0.0,0.0,-13550625.0,0.0,0.0,4.0256123e-12,-3.2204898e-12,-8.0512246e-13,-0.0,-0.00037125,-0.00037125,-0.0,-0.0,-0.00037125,-0.00037125,-0.0,-0.0,-0.0,7.425e-05,7.425e-05,-0.0,-0.0,7.425e-05,7.425e-05,-0.0,-0.0,-0.0,-0.0,7.425e-05,7.425e-05,7.425e-05,7.425e-05,Uniaxial,0.0494999997317791
6.583877737398399e-33,2722.700439453125,2722.700439453125,0.0,0.0,0.0,-0.00038625,7.725e-05,7.725e-05,-1.5881868e-22,-6.352747e-22,-5.293956e-23,0.0,0.0,0.0,0.0,0.0,0.0,3524531.2,-3524531.2,-3524531.2,3524531.2,3524531.2,-3524531.2,-3524531.2,3524531.2,-2.8663062e-11,-2.938494e-11,0.0,0.0,-2.882272e-11,-2.95446e-11,0.0,0.0,2.738099e-12,-2.3355378e-12,-2.738099e-12,2.3355378e-12,0.0,0.0,0.0,0.0,-14098125.0,1.1641532e-10,0.0,-2.4153674e-12,-9.6614695e-12,-8.0512246e-13,0.0,-0.00038625,-0.00038625,0.0,0.0,-0.00038625,-0.00038625,0.0,0.0,0.0,7.725e-05,7.725e-05,0.0,0.0,7.725e-05,7.725e-05,0.0,0.0,0.0,0.0,7.725e-05,7.725e-05,7.725e-05,7.725e-05,Uniaxial,0.051500000059604645
1.6459695078179966e-32,2938.278564453125,2938.278564453125,0.0,0.0,0.0,-0.00040125,8.025e-05,8.025e-05,1.5881868e-22,3.1763736e-22,5.8233515e-22,0.0,0.0,0.0,0.0,0.0,0.0,3661406.2,-3661406.2,-3661406.2,3661406.2,3661406.2,-3661406.2,-3661406.2,3661406.2,-1.7731946e-10,-1.7562597e-10,0.0,0.0,-1.7362e-10,-1.719265e-10,0.0,0.0,-3.5432215e-12,-1.3707564e-12,3.5432215e-12,1.3707564e-12,0.0,0.0,0.0,0.0,-14645625.0,6.9849193e-10,0.0,2.4153674e-12,4.8307348e-12,8.856347e-12,0.0,-0.00040125,-0.00040125,0.0,0.0,-0.00040125,-0.00040125,0.0,0.0,0.0,8.025e-05,8.025e-05,0.0,0.0,8.025e-05,8.025e-05,0.0,0.0,0.0,0.0,8.025e-05,8.025e-05,8.025e-05,8.025e-05,Uniaxial,0.05350000038743019
4.1149237695449914e-33,3162.069091796875,3162.069091796875,0.0,0.0,0.0,-0.00041625,8.325e-05,8.325e-05,-1.5881868e-22,2.1175824e-22,-2.646978e-22,0.0,0.0,0.0,0.0,0.0,0.0,3798281.2,-3798281.2,-3798281.2,3798281.2,3798281.2,-3798281.2,-3798281.2,3798281.2,2.3431942e-10,2.3359756e-10,0.0,0.0,2.3206373e-10,2.3134185e-10,0.0,0.0,1.166166e-10,1.1822684e-10,1.1621404e-10,1.146038e-10,0.0,0.0,0.0,0.0,-15193125.0,-9.313226e-10,-4.656613e-10,-2.4153674e-12,3.2204898e-12,-4.0256123e-12,-0.0,-0.00041625,-0.00041625,-0.0,-0.0,-0.00041625,-0.00041625,-0.0,-0.0,-0.0,8.325e-05,8.325e-05,-0.0,-0.0,8.325e-05,8.325e-05,-0.0,-0.0,-0.0,-0.0,8.325e-05,8.325e-05,8.325e-05,8.325e-05,Uniaxial,0.05550000071525574
7.406862638244191e-33,3394.072265625,3394.072265625,0.0,0.0,0.0,-0.00043125,8.625e-05,8.625e-05,1.5881868e-22,-4.2351647e-22,2.646978e-22,0.0,0.0,0.0,0.0,0.0,0.0,3935156.2,-3935156.2,-3935156.2,3935156.2,3935156.2,-3935156.2,-3935156.2,3935156.2,1.1444072e-10,1.1613421e-10,0.0,0.0,1.1669643e-10,1.1838992e-10,0.0,0.0,2.334345e-10,2.304569e-10,2.3222681e-10,2.3520438e-10,0.0,0.0,0.0,0.0,-15740625.0,-4.656613e-10,-9.313226e-10,2.4153674e-12,-6.4409797e-12,4.0256123e-12,0.0,-0.00043125,-0.00043125,0.0,0.0,-0.00043125,-0.00043125,0.0,0.0,0.0,8.625e-05,8.625e-05,0.0,0.0,8.625e-05,8.625e-05,0.0,0.0,-0.0,-0.0,8.625e-05,8.625e-05,8.625e-05,8.625e-05,Uniaxial,0.057500001043081284
1.3167755474796797e-32,3634.287841796875,3634.287841796875,0.0,0.0,0.0,-0.00044625,8.925e-05,8.925e-05,2.646978e-22,3.1763736e-22,-6.8821427e-22,0.0,0.0,0.0,0.0,0.0,0.0,4072031.2,-4072031.2,-4072031.2,4072031.2,4072031.2,-4072031.2,-4072031.2,4072031.2,1.7316961e-12,4.2303066e-12,0.0,0.0,-4.2303066e-12,-1.7316961e-12,0.0,0.0,1.2875132e-12,3.945783e-12,-1.2875132e-12,-3.945783e-12,0.0,0.0,0.0,0.0,-16288125.0,0.0,0.0,4.0256123e-12,4.8307348e-12,-1.0466592e-11,-0.0,-0.00044625,-0.00044625,-0.0,-0.0,-0.00044625,-0.00044625,-0.0,0.0,0.0,8.925e-05,8.925e-05,0.0,0.0,8.925e-05,8.925e-05,0.0,0.0,0.0,0.0,8.925e-05,8.925e-05,8.925e-05,8.925e-05,Uniaxial,0.05950000137090683
6.583877737398399e-33,3882.716064453125,3882.716064453125,0.0,0.0,0.0,-0.00046125,9.225e-05,9.225e-05,-1.5881868e-22,1.0587912e-22,5.293956e-23,0.0,0.0,0.0,0.0,0.0,0.0,4208906.5,-4208906.5,-4208906.5,4208906.5,4208906.5,-4208906.5,-4208906.5,4208906.5,2.6233704e-10,2.6137226e-10,0.0,0.0,2.624967e-10,2.615319e-10,0.0,0.0,2.3222681e-10,2.3327482e-10,2.334345e-10,2.3238646e-10,0.0,0.0,0.0,0.0,-16835626.0,-1.0477379e-09,-9.313226e-10,-2.4153674e-12,1.6102449e-12,8.0512246e-13,0.0,-0.00046125,-0.00046125,0.0,0.0,-0.00046125,-0.00046125,0.0,-0.0,-0.0,9.225e-05,9.225e-05,-0.0,-0.0,9.225e-05,9.225e-05,-0.0,-0.0,-0.0,-0.0,9.225e-05,9.225e-05,9.225e-05,9.225e-05,Uniaxial,0.061500001698732376
5.760893203894591e-33,4139.3564453125,4139.3564453125,0.0,0.0,0.0,-0.00047625,9.525e-05,9.525e-05,5.293956e-23,-5.293956e-22,3.7057691e-22,0.0,0.0,0.0,0.0,0.0,0.0,4345781.5,-4345781.5,-4345781.5,4345781.5,4345781.5,-4345781.5,-4345781.5,4345781.5,1.7313419e-10,1.7377966e-10,0.0,0.0,1.7546631e-10,1.7611178e-10,0.0,0.0,2.334345e-10,2.2940887e-10,2.3222681e-10,2.362524e-10,0.0,0.0,0.0,0.0,-17383126.0,-6.9849193e-10,-9.313226e-10,8.0512246e-13,-8.051225e-12,5.6358572e-12,-0.0,-0.00047625,-0.00047625,-0.0,-0.0,-0.00047625,-0.00047625,-0.0,0.0,0.0,9.525e-05,9.525e-05,0.0,0.0,9.525e-05,9.525e-05,0.0,0.0,0.0,0.0,9.525e-05,9.525e-05,9.525e-05,9.525e-05,Uniaxial,0.06350000202655792
4.1149237695449914e-33,4404.2099609375,4404.2099609375,0.0,0.0,0.0,-0.00049125,9.825e-05,9.825e-05,1.5881868e-22,3.1763736e-22,1.5881868e-22,0.0,0.0,0.0,0.0,0.0,0.0,4482656.5,-4482656.5,-4482656.5,4482656.5,4482656.5,-4482656.5,-4482656.5,4482656.5,-1.4684828e-10,-1.451548e-10,0.0,0.0,-1.458835e-10,-1.4419002e-10,0.0,0.0,-1.1822684e-10,-1.1581148e-10,-1.146038e-10,-1.1701916e-10,0.0,0.0,0.0,0.0,-17930626.0,5.820766e-10,4.656613e-10,2.4153674e-12,4.8307348e-12,2.4153674e-12,0.0,-0.00049125,-0.00049125,0.0,0.0,-0.00049125,-0.00049125,0.0,0.0,0.0,9.825e-05,9.825e-05,0.0,0.0,9.825e-05,9.825e-05,0.0,0.0,0.0,0.0,9.825e-05,9.825e-05,9.825e-05,9.825e-05,Uniaxial,0.06549999862909317
1.4813725276488381e-32,4677.275390625,4677.275390625,0.0,0.0,0.0,-0.00050625,0.00010125,0.00010125,1.5881868e-22,6.352747e-22,-5.293956e-23,0.0,0.0,0.0,0.0,0.0,0.0,4619531.5,-4619531.5,-4619531.5,4619531.5,4619531.5,-4619531.5,-4619531.5,4619531.5,-3.0113648e-11,-2.8177257e-11,0.0,0.0,-3.0030405e-11,-2.8094013e-11,0.0,0.0,-2.3355378e-12,2.738099e-12,2.3355378e-12,-2.738099e-12,0.0,0.0,0.0,0.0,-18478126.0,1.1641532e-10,0.0,2.4153674e-12,9.6614695e-12,-8.0512246e-13,-1e-45,-0.00050625,-0.00050625,-1e-45,-1e-45,-0.00050625,-0.00050625,-1e-45,-0.0,-0.0,0.00010125,0.00010125,-0.0,-0.0,0.00010125,0.00010125,-1e-45,-0.0,-0.0,-1e-45,0.00010125,0.00010125,0.00010125,0.00010125,Uniaxial,0.06750000268220901
1.9751634681563134e-32,4958.5537109375,4958.5537109375,0.0,0.0,0.0,-0.00052125,0.00010425,0.00010425,-2.646978e-22,1.0587912e-22,-2.646978e-22,0.0,0.0,0.0,0.0,0.0,0.0,4756406.5,-4756406.5,-4756406.5,4756406.5,4756406.5,-4756406.5,-4756406.5,4756406.5,1.7614998e-10,1.7486589e-10,0.0,0.0,1.7438008e-10,1.7309598e-10,0.0,0.0,2.3319158e-10,2.3448252e-10,2.3246971e-10,2.3117877e-10,0.0,0.0,0.0,0.0,-19025626.0,-6.9849193e-10,-9.313226e-10,-4.0256123e-12,1.6102449e-12,-4.0256123e-12,0.0,-0.00052125,-0.00052125,0.0,0.0,-0.00052125,-0.00052125,0.0,0.0,0.0,0.00010425,0.00010425,0.0,0.0,0.00010425,0.00010425,0.0,0.0,0.0,0.0,0.00010425,0.00010425,0.00010425,0.00010425,Uniaxial,0.06949999928474426
1.9751634681563134e-32,5248.0439453125,5248.0439453125,0.0,0.0,0.0,-0.00053625,0.00010725,0.00010725,1.5881868e-22,-2.1175824e-22,4.7645603e-22,0.0,0.0,0.0,0.0,0.0,0.0,4893281.5,-4893281.5,-4893281.5,4893281.5,4893281.5,-4893281.5,-4893281.5,4893281.5,-2.901172e-12,-9.647814e-13,0.0,0.0,9.647814e-13,2.901172e-12,0.0,0.0,-1.2493053e-12,-2.3737457e-12,1.2493053e-12,2.3737457e-12,0.0,0.0,0.0,0.0,-19573126.0,0.0,0.0,2.4153674e-12,-3.2204898e-12,7.246102e-12,1e-45,-0.00053625,-0.00053625,1e-45,1e-45,-0.00053625,-0.00053625,1e-45,0.0,0.0,0.00010725,0.00010725,0.0,0.0,0.00010725,0.00010725,0.0,0.0,0.0,0.0,0.00010725,0.00010725,0.00010725,0.00010725,Uniaxial,0.07150000333786011
1.2344771308634974e-32,5545.7470703125,5545.7470703125,0.0,0.0,0.0,-0.00055125,0.00011025,0.00011025,2.646978e-22,2.1175824e-22,2.646978e-22,0.0,0.0,0.0,0.0,0.0,0.0,5030156.5,-5030156.5,-5030156.5,5030156.5,5030156.5,-5030156.5,-5030156.5,5030156.5,3.468688e-10,3.496103e-10,0.0,0.0,3.4888162e-10,3.5162312e-10,0.0,0.0,4.6360685e-10,4.6546e-10,4.677157e-10,4.6586257e-10,0.0,0.0,0.0,0.0,-20120626.0,-1.3969839e-09,-1.8626451e-09,4.0256123e-12,3.2204898e-12,4.0256123e-12,-1e-45,-0.00055125,-0.00055125,-1e-45,-1e-45,-0.00055125,-0.00055125,-1e-45,-0.0,-0.0,0.00011025,0.00011025,-0.0,-0.0,0.00011025,0.00011025,-0.0,-0.0,-0.0,-0.0,0.00011025,0.00011025,0.00011025,0.00011025,Uniaxial,0.07349999994039536
1.3167755474796797e-32,5851.6630859375,5851.6630859375,0.0,0.0,0.0,-0.00056625,0.00011325,0.00011325,-2.646978e-22,-4.2351647e-22,-1.5881868e-22,0.0,0.0,0.0,0.0,0.0,0.0,5167031.5,-5167031.5,-5167031.5,5167031.5,5167031.5,-5167031.5,-5167031.5,5167031.5,1.7574742e-10,1.7446332e-10,0.0,0.0,1.7478265e-10,1.7349855e-10,0.0,0.0,2.3480182e-10,2.3182424e-10,2.3085946e-10,2.3383703e-10,0.0,0.0,0.0,0.0,-20668126.0,-6.9849193e-10,-9.313226e-10,-4.0256123e-12,-6.4409797e-12,-2.4153674e-12,0.0,-0.00056625,-0.00056625,0.0,0.0,-0.00056625,-0.00056625,0.0,0.0,0.0,0.00011325,0.00011325,0.0,0.0,0.00011325,0.00011325,0.0,0.0,0.0,0.0,0.00011325,0.00011325,0.00011325,0.00011325,Uniaxial,0.0754999965429306
9.875817340781567e-33,6165.791015625,6165.791015625,0.0,0.0,0.0,-0.00058125,0.00011625,0.00011625,5.293956e-23,7.4115383e-22,2.646978e-22,0.0,0.0,0.0,0.0,0.0,0.0,5303906.5,-5303906.5,-5303906.5,5303906.5,5303906.5,-5303906.5,-5303906.5,5303906.5,-5.95368e-11,-5.864843e-11,0.0,0.0,-5.7766892e-11,-5.6878526e-11,0.0,0.0,-4.188685e-12,1.6900744e-12,4.188685e-12,-1.6900744e-12,0.0,0.0,0.0,0.0,-21215626.0,2.3283064e-10,0.0,8.0512246e-13,1.12717145e-11,4.0256123e-12,0.0,-0.00058125,-0.00058125,0.0,0.0,-0.00058125,-0.00058125,0.0,0.0,0.0,0.00011625,0.00011625,0.0,0.0,0.00011625,0.00011625,0.0,0.0,0.0,0.0,0.00011625,0.00011625,0.00011625,0.00011625,Uniaxial,0.07750000059604645
8.229847539089983e-33,6488.1318359375,6488.1318359375,0.0,0.0,0.0,-0.00059625,0.00011925,0.00011925,2.646978e-22,-3.1763736e-22,-3.7057691e-22,0.0,0.0,0.0,0.0,0.0,0.0,5440781.5,-5440781.5,-5440781.5,5440781.5,5440781.5,-5440781.5,-5440781.5,5440781.5,3.820789e-14,2.5368184e-12,0.0,0.0,-2.5368184e-12,-3.820789e-14,0.0,0.0,2.495197e-12,5.6563397e-13,-2.495197e-12,-5.6563397e-13,0.0,0.0,0.0,0.0,-21763126.0,0.0,0.0,4.0256123e-12,-4.8307348e-12,-5.6358572e-12,-0.0,-0.00059625,-0.00059625,-0.0,-0.0,-0.00059625,-0.00059625,-0.0,-0.0,-0.0,0.00011925,0.00011925,-0.0,-0.0,0.00011925,0.00011925,-0.0,-0.0,-0.0,-0.0,0.00011925,0.00011925,0.00011925,0.00011925,Uniaxial,0.0794999971985817
1.3167755474796797e-32,6818.6845703125,6818.6845703125,0.0,0.0,0.0,-0.00061125,0.00012225,0.00012225,-5.293956e-23,6.352747e-22,-1.5881868e-22,0.0,0.0,0.0,0.0,0.0,0.0,5577656.5,-5577656.5,-5577656.5,5577656.5,5577656.5,-5577656.5,-5577656.5,5577656.5,-1.156102e-10,-1.15526956e-10,0.0,0.0,-1.1730368e-10,-1.1722044e-10,0.0,0.0,-1.8115255e-12,3.0192092e-12,1.8115255e-12,-3.0192092e-12,0.0,0.0,0.0,0.0,-22310626.0,4.656613e-10,0.0,-8.0512246e-13,9.6614695e-12,-2.4153674e-12,1e-45,-0.00061125,-0.00061125,1e-45,1e-45,-0.00061125,-0.00061125,1e-45,0.0,0.0,0.00012225,0.00012225,0.0,0.0,0.00012225,0.00012225,0.0,-0.0,-0.0,0.0,0.00012225,0.00012225,0.00012225,0.00012225,Uniaxial,0.08150000125169754
9.875817340781567e-33,7157.4501953125,7157.4501953125,0.0,0.0,0.0,-0.00062625,0.00012525,0.00012525,-1.5881868e-22,-1.0587912e-22,1.5881868e-22,0.0,0.0,0.0,0.0,0.0,0.0,5714531.5,-5714531.5,-5714531.5,5714531.5,5714531.5,-5714531.5,-5714531.5,5714531.5,-5.820766e-11,-5.941535e-11,0.0,0.0,-5.6999978e-11,-5.820766e-11,0.0,0.0,4.162161e-14,-1.2493053e-12,-4.162161e-14,1.2493053e-12,0.0,0.0,0.0,0.0,-22858126.0,2.3283064e-10,0.0,-2.4153674e-12,-1.6102449e-12,2.4153674e-12,-1e-45,-0.00062625,-0.00062625,-1e-45,-1e-45,-0.00062625,-0.00062625,-1e-45,0.0,-0.0,0.00012525,0.00012525,0.0,-0.0,0.00012525,0.00012525,-0.0,0.0,0.0,-0.0,0.00012525,0.00012525,0.00012525,0.00012525,Uniaxial,0.08349999785423279
0.0,7504.4287109375,7504.4287109375,0.0,0.0,0.0,-0.00064125,0.00012825,0.00012825,2.646978e-22,-1.0587912e-22,-4.7645603e-22,0.0,0.0,0.0,0.0,0.0,0.0,5851406.5,-5851406.5,-5851406.5,5851406.5,5851406.5,-5851406.5,-5851406.5,5851406.5,8.0512246e-13,2.8179286e-12,0.0,0.0,-2.8179286e-12,-8.0512246e-13,0.0,0.0,2.2140868e-12,1.4089643e-12,-2.2140868e-12,-1.4089643e-12,0.0,0.0,0.0,0.0,-23405626.0,0.0,0.0,4.0256123e-12,-1.6102449e-12,-7.246102e-12,-0.0,-0.00064125,-0.00064125,-0.0,-0.0,-0.00064125,-0.00064125,-0.0,-0.0,-0.0,0.00012825,0.00012825,-0.0,-0.0,0.00012825,0.00012825,-0.0,-0.0,-0.0,-0.0,0.00012825,0.00012825,0.00012825,0.00012825,Uniaxial,0.08550000190734863
2.6335510949593594e-32,7859.619140625,7859.619140625,0.0,0.0,0.0,-0.00065625,0.00013125,0.00013125,-5.293956e-23,-4.2351647e-22,1.5881868e-22,0.0,0.0,0.0,0.0,0.0,0.0,5988281.5,-5988281.5,-5988281.5,5988281.5,5988281.5,-5988281.5,-5988281.5,5988281.5,5.829091e-11,5.7888343e-11,0.0,0.0,5.852698e-11,5.812442e-11,0.0,0.0,5.2059865e-13,-2.6998913e-12,-5.2059865e-13,2.6998913e-12,0.0,0.0,0.0,0.0,-23953126.0,-2.3283064e-10,0.0,-8.0512246e-13,-6.4409797e-12,2.4153674e-12,0.0,-0.00065625,-0.00065625,0.0,0.0,-0.00065625,-0.00065625,0.0,0.0,0.0,0.00013125,0.00013125,0.0,0.0,0.00013125,0.00013125,0.0,0.0,0.0,0.0,0.00013125,0.00013125,0.00013125,0.00013125,Uniaxial,0.08749999850988388
1.3167755474796797e-32,8223.0224609375,8223.0224609375,0.0,0.0,0.0,-0.00067125,0.00013425,0.00013425,-1.5881868e-22,5.293956e-22,4.7645603e-22,0.0,0.0,0.0,0.0,0.0,0.0,6125156.5,-6125156.5,-6125156.5,6125156.5,6125156.5,-6125156.5,-6125156.5,6125156.5,1.15207635e-10,1.13999955e-10,0.0,0.0,1.188307e-10,1.1762301e-10,0.0,0.0,-2.3616917e-10,-2.3262936e-10,-2.2949212e-10,-2.3303193e-10,0.0,0.0,0.0,0.0,-24500626.0,-4.656613e-10,9.313226e-10,-2.4153674e-12,8.051225e-12,7.246102e-12,1e-45,-0.00067125,-0.00067125,1e-45,1e-45,-0.00067125,-0.00067125,1e-45,-0.0,-0.0,0.00013425,0.00013425,-0.0,-0.0,0.00013425,0.00013425,-0.0,-0.0,-0.0,-0.0,0.00013425,0.00013425,0.00013425,0.00013425,Uniaxial,0.08950000256299973
9.875817340781567e-33,8594.6376953125,8594.6376953125,0.0,0.0,0.0,-0.00068625,0.00013725,0.00013725,3.7057691e-22,-9.529121e-22,-2.646978e-22,0.0,0.0,0.0,0.0,0.0,0.0,6262031.5,-6262031.5,-6262031.5,6262031.5,6262031.5,-6262031.5,-6262031.5,6262031.5,-5.861022e-11,-5.5792294e-11,0.0,0.0,-6.062303e-11,-5.78051e-11,0.0,0.0,-2.2795829e-10,-2.356902e-10,-2.37703e-10,-2.299711e-10,0.0,0.0,0.0,0.0,-25048126.0,2.3283064e-10,9.313226e-10,5.6358572e-12,-1.4492204e-11,-4.0256123e-12,-1e-45,-0.00068625,-0.00068625,-1e-45,-1e-45,-0.00068625,-0.00068625,-1e-45,0.0,0.0,0.00013725,0.00013725,0.0,0.0,0.00013725,0.00013725,-0.0,0.0,0.0,-0.0,0.00013725,0.00013725,0.00013725,0.00013725,Uniaxial,0.09149999916553497
2.9627450552976763e-32,8974.4658203125,8974.4658203125,0.0,0.0,0.0,-0.00070125,0.00014025,0.00014025,-5.293956e-23,0.0,5.293956e-23,0.0,0.0,0.0,0.0,0.0,0.0,6398906.5,-6398906.5,-6398906.5,6398906.5,6398906.5,-6398906.5,-6398906.5,6398906.5,1.1690113e-10,1.1649856e-10,0.0,0.0,1.16332076e-10,1.15929516e-10,0.0,0.0,2.3287228e-10,2.3190065e-10,2.3278902e-10,2.3376062e-10,0.0,0.0,0.0,0.0,-25595626.0,-4.656613e-10,-9.313226e-10,-8.0512246e-13,0.0,8.0512246e-13,-0.0,-0.00070125,-0.00070125,-0.0,-0.0,-0.00070125,-0.00070125,-0.0,-0.0,-0.0,0.00014025,0.00014025,-0.0,-0.0,0.00014025,0.00014025,-0.0,-0.0,-0.0,-0.0,0.00014025,0.00014025,0.00014025,0.00014025,Uniaxial,0.09350000321865082
1.6459695078179966e-32,9362.5068359375,9362.5068359375,0.0,0.0,0.0,-0.00071625,0.00014325,0.00014325,2.646978e-22,4.2351647e-22,-1.5881868e-22,0.0,0.0,0.0,0.0,0.0,0.0,6535781.5,-6535781.5,-6535781.5,6535781.5,6535781.5,-6535781.5,-6535781.5,6535781.5,-1.1681789e-10,-1.14805075e-10,0.0,0.0,-1.1802556e-10,-1.1601276e-10,0.0,0.0,-2.776964e-13,1.9711845e-12,2.776964e-13,-1.9711845e-12,0.0,0.0,0.0,0.0,-26143126.0,4.656613e-10,0.0,4.0256123e-12,6.4409797e-12,-2.4153674e-12,0.0,-0.00071625,-0.00071625,0.0,0.0,-0.00071625,-0.00071625,0.0,0.0,0.0,0.00014325,0.00014325,0.0,0.0,0.00014325,0.00014325,0.0,0.0,1e-45,0.0,0.00014325,0.00014325,0.00014325,0.00014325,Uniaxial,0.09549999982118607
4.279520602777356e-32,9758.759765625,9758.759765625,0.0,0.0,0.0,-0.00073125,0.00014625,0.00014625,-1.5881868e-22,-1.0587912e-22,-5.293956e-23,0.0,0.0,0.0,0.0,0.0,0.0,6672656.5,-6672656.5,-6672656.5,6672656.5,6672656.5,-6672656.5,-6672656.5,6672656.5,8.0512246e-13,-4.0256123e-13,0.0,0.0,4.0256123e-13,-8.0512246e-13,0.0,0.0,1.818353e-12,4.162161e-14,-1.818353e-12,-4.162161e-14,0.0,0.0,0.0,0.0,-26690626.0,0.0,0.0,-2.4153674e-12,-1.6102449e-12,-8.0512246e-13,1e-45,-0.00073125,-0.00073125,1e-45,1e-45,-0.00073125,-0.00073125,1e-45,-0.0,-0.0,0.00014625,0.00014625,-0.0,-0.0,0.00014625,0.00014625,-0.0,-0.0,-0.0,-0.0,0.00014625,0.00014625,0.00014625,0.00014625,Uniaxial,0.09749999642372131
1.6459695078179966e-32,10163.2255859375,10163.2255859375,0.0,0.0,0.0,-0.00074625,0.00014925,0.00014925,1.5881868e-22,-4.2351647e-22,5.293956e-23,0.0,0.0,0.0,0.0,0.0,0.0,6809531.5,-6809531.5,-6809531.5,6809531.5,6809531.5,-6809531.5,-6809531.5,6809531.5,5.7402538e-11,5.861022e-11,0.0,0.0,5.78051e-11,5.901278e-11,0.0,0.0,1.6518666e-12,-2.5402321e-12,-1.6518666e-12,2.5402321e-12,0.0,0.0,0.0,0.0,-27238126.0,-2.3283064e-10,0.0,2.4153674e-12,-6.4409797e-12,8.0512246e-13,-1e-45,-0.00074625,-0.00074625,-1e-45,-1e-45,-0.00074625,-0.00074625,-1e-45,0.0,0.0,0.00014925,0.00014925,0.0,0.0,0.00014925,0.00014925,0.0,0.0,0.0,0.0,0.00014925,0.00014925,0.00014925,0.00014925,Uniaxial,0.09950000047683716
2.9627450552976763e-32,10575.9033203125,10575.9033203125,0.0,0.0,0.0,-0.00076125,0.00015225,0.00015225,-1.5881868e-22,-1.0587912e-22,-2.646978e-22,0.0,0.0,0.0,0.0,0.0,0.0,6946406.5,-6946406.5,-6946406.5,6946406.5,6946406.5,-6946406.5,-6946406.5,6946406.5,6.030371e-11,5.909603e-11,0.0,0.0,5.7319295e-11,5.6111612e-11,0.0,0.0,1.6518666e-12,-1.2486483e-13,-1.6518666e-12,1.2486483e-13,0.0,0.0,0.0,0.0,-27785626.0,-2.3283064e-10,0.0,-2.4153674e-12,-1.6102449e-12,-4.0256123e-12,-1e-45,-0.00076125,-0.00076125,-1e-45,-1e-45,-0.00076125,-0.00076125,-1e-45,-0.0,-0.0,0.00015225,0.00015225,-0.0,-0.0,0.00015225,0.00015225,-0.0,-0.0,-0.0,-0.0,0.00015225,0.00015225,0.00015225,0.00015225,Uniaxial,0.1014999970793724
2.9627450552976763e-32,10996.7939453125,10996.7939453125,0.0,0.0,0.0,-0.00077625,0.00015525,0.00015525,-2.646978e-22,1.0587912e-22,6.8821427e-22,0.0,0.0,0.0,0.0,0.0,0.0,7083281.5,-7083281.5,-7083281.5,7083281.5,7083281.5,-7083281.5,-7083281.5,7083281.5,-1.1851137e-10,-1.2052417e-10,0.0,0.0,-1.1230647e-10,-1.1431927e-10,0.0,0.0,-2.2905026e-12,-2.456989e-12,2.2905026e-12,2.456989e-12,0.0,0.0,0.0,0.0,-28333126.0,4.656613e-10,0.0,-4.0256123e-12,1.6102449e-12,1.0466592e-11,3e-45,-0.00077625,-0.00077625,3e-45,3e-45,-0.00077625,-0.00077625,3e-45,0.0,0.0,0.00015525,0.00015525,0.0,0.0,0.00015525,0.00015525,0.0,0.0,0.0,0.0,0.00015525,0.00015525,0.00015525,0.00015525,Uniaxial,0.10350000113248825
1.6459695078179966e-32,11425.8974609375,11425.8974609375,0.0,0.0,0.0,-0.00079125,0.00015825,0.00015825,2.646978e-22,0.0,-4.7645603e-22,0.0,0.0,0.0,0.0,0.0,0.0,7220156.5,-7220156.5,-7220156.5,7220156.5,7220156.5,-7220156.5,-7220156.5,7220156.5,8.0512246e-13,2.8179286e-12,0.0,0.0,-2.8179286e-12,-8.0512246e-13,0.0,0.0,2.5402321e-12,1.5686233e-12,-2.5402321e-12,-1.5686233e-12,0.0,0.0,0.0,0.0,-28880626.0,0.0,0.0,4.0256123e-12,0.0,-7.246102e-12,-1e-45,-0.00079125,-0.00079125,-1e-45,-1e-45,-0.00079125,-0.00079125,-1e-45,-1e-45,-1e-45,0.00015825,0.00015825,-1e-45,-1e-45,0.00015825,0.00015825,-1e-45,-1e-45,-1e-45,-1e-45,0.00015825,0.00015825,0.00015825,0.00015825,Uniaxial,0.1054999977350235
1.6459695078179966e-32,11863.212890625,11863.212890625,0.0,0.0,0.0,-0.00080625,0.00016125,0.00016125,5.293956e-23,-5.293956e-22,-5.293956e-23,0.0,0.0,0.0,0.0,0.0,0.0,7357031.5,-7357031.5,-7357031.5,7357031.5,7357031.5,-7357031.5,-7357031.5,7357031.5,5.820766e-11,5.861022e-11,0.0,0.0,5.78051e-11,5.820766e-11,0.0,0.0,2.9427934e-12,-2.0544278e-12,-2.9427934e-12,2.0544278e-12,0.0,0.0,0.0,0.0,-29428126.0,-2.3283064e-10,0.0,8.0512246e-13,-8.051225e-12,-8.0512246e-13,0.0,-0.00080625,-0.00080625,0.0,0.0,-0.00080625,-0.00080625,0.0,0.0,0.0,0.00016125,0.00016125,0.0,0.0,0.00016125,0.00016125,1e-45,1e-45,0.0,0.0,0.00016125,0.00016125,0.00016125,0.00016125,Uniaxial,0.10750000178813934
3.62113297597431e-32,12308.7412109375,12308.7412109375,0.0,0.0,0.0,-0.00082125,0.00016425,0.00016425,-5.293956e-23,-1.0587912e-22,3.7057691e-22,0.0,0.0,0.0,0.0,0.0,0.0,7493906.5,-7493906.5,-7493906.5,7493906.5,7493906.5,-7493906.5,-7493906.5,7493906.5,-1.7583067e-10,-1.7623322e-10,0.0,0.0,-1.7301274e-10,-1.734153e-10,0.0,0.0,-2.3310834e-10,-2.353709e-10,-2.3255295e-10,-2.3029041e-10,0.0,0.0,0.0,0.0,-29975626.0,6.9849193e-10,9.313226e-10,-8.0512246e-13,-1.6102449e-12,5.6358572e-12,-0.0,-0.00082125,-0.00082125,-0.0,-0.0,-0.00082125,-0.00082125,-0.0,-0.0,-0.0,0.00016425,0.00016425,-0.0,-0.0,0.00016425,0.00016425,-0.0,-0.0,-0.0,-0.0,0.00016425,0.00016425,0.00016425,0.00016425,Uniaxial,0.10949999839067459
3.950326936312627e-32,12762.4814453125,12762.4814453125,0.0,0.0,0.0,-0.00083625,0.00016725,0.00016725,-5.293956e-23,0.0,-2.646978e-22,0.0,0.0,0.0,0.0,0.0,0.0,7630781.5,-7630781.5,-7630781.5,7630781.5,7630781.5,-7630781.5,-7630781.5,7630781.5,1.1762301e-10,1.1722044e-10,0.0,0.0,1.156102e-10,1.15207635e-10,0.0,0.0,1.4922075e-12,3.4794172e-14,-1.4922075e-12,-3.4794172e-14,0.0,0.0,0.0,0.0,-30523126.0,-4.656613e-10,0.0,-8.0512246e-13,0.0,-4.0256123e-12,-0.0,-0.00083625,-0.00083625,-0.0,-0.0,-0.00083625,-0.00083625,-0.0,-0.0,-0.0,0.00016725,0.00016725,-0.0,-0.0,0.00016725,0.00016725,-0.0,-0.0,0.0,0.0,0.00016725,0.00016725,0.00016725,0.00016725,Uniaxial,0.11150000244379044
2.9627450552976763e-32,13223.330078125,13099.3916015625,0.0,0.0,0.0,-0.00085125,0.0001729016,0.0001729016,1.5881868e-22,-4.2351647e-22,1.6411263e-21,-4.0340337e-06,3.459091e-06,3.459091e-06,1.1619844e-24,-3.0986251e-24,1.2007172e-23,7730849.0,-7730849.0,-7730849.0,7730849.0,7730849.0,-7730849.0,-7730849.0,7730849.0,8.765871,8.765871,0.0,0.0,8.765871,8.765871,0.0,0.0,8.765871,8.765871,8.765871,8.765871,0.0,0.0,0.0,0.0,-30923396.0,-35.063484,-35.063484,2.3976955e-12,-6.3938546e-12,2.4776188e-11,2.5837322e-33,-0.00085125,-0.00085125,2.5837322e-33,2.5837322e-33,-0.00085125,-0.00085125,2.5837322e-33,5.9607927e-34,5.9607927e-34,0.0001729016,0.0001729016,5.9607927e-34,5.9607927e-34,0.0001729016,0.0001729016,5.9607927e-34,5.9607927e-34,5.9607927e-34,5.9607927e-34,0.0001729016,0.0001729016,0.0001729016,0.0001729016,Uniaxial,0.11349999904632568
2.9627450552976763e-32,13689.0068359375,13306.5634765625,0.0,0.0,0.0,-0.00086625,0.00018137525,0.00018137525,1.5881868e-22,-4.2351647e-22,-5.293956e-23,-1.2360799e-05,1.0599099e-05,1.0599099e-05,3.5063408e-24,-9.350242e-24,1.1041414e-23,7791747.5,-7791747.5,-7791747.5,7791747.5,7791747.5,-7791747.5,-7791747.5,7791747.5,21.428196,21.428196,0.0,0.0,21.428196,21.428196,0.0,0.0,21.428196,21.428196,21.428196,21.428196,0.0,0.0,0.0,0.0,-31166990.0,-85.71278,-85.71278,2.3620418e-12,-6.298778e-12,-9.73044e-13,3.9962988e-33,-0.00086625,-0.00086625,3.9962988e-33,3.9962988e-33,-0.00086625,-0.00086625,3.9962988e-33,9.357658e-34,9.357658e-34,0.00018137525,0.00018137525,9.357658e-34,9.357658e-34,0.00018137525,0.00018137525,9.357658e-34,9.357658e-34,9.357658e-34,9.357658e-34,0.00018137525,0.00018137525,0.00018137525,0.00018137525,Uniaxial,0.11550000309944153
4.608714563115673e-32,14158.333984375,13514.87890625,0.0,0.0,0.0,-0.00088125,0.00018986169,0.00018986169,-6.8821427e-22,0.0,1.2176099e-21,-2.0702915e-05,1.775227e-05,1.775227e-05,-6.7196694e-24,-9.212013e-24,2.8878645e-23,7852492.0,-7852492.0,-7852492.0,7852492.0,7852492.0,-7852492.0,-7852492.0,7852492.0,0.028674126,0.028674126,0.0,0.0,0.028674126,0.028674126,0.0,0.0,0.028674126,0.028674126,0.028674126,0.028674126,0.0,0.0,0.0,0.0,-31409968.0,-0.1146965,-0.1146965,-1.0364397e-11,1.4009937e-13,1.807862e-11,1.5375528e-34,-0.00088125,-0.00088125,1.5375528e-34,1.5375528e-34,-0.00088125,-0.00088125,1.5375528e-34,3.3984816e-35,3.3984816e-35,0.00018986169,0.00018986169,3.3984816e-35,3.3984816e-35,0.00018986169,0.00018986169,3.3984816e-35,3.3984816e-35,3.3984816e-35,3.3984816e-35,0.00018986169,0.00018986169,0.00018986169,0.00018986169,Uniaxial,0.11749999970197678
6.254684364807257e-32,14631.30859375,13725.11328125,0.0,0.0,7.460995155028627e-10,-0.00089625,0.00019834017,0.00019834017,1.5881868e-22,-8.4703295e-22,3.7057691e-22,-2.9035493e-05,2.4897261e-05,2.4897261e-05,-4.293719e-24,-2.1490207e-23,3.3886205e-23,7913332.5,-7913332.5,-7913332.5,7913332.5,7913332.5,-7913332.5,-7913332.5,7913332.5,-0.17357115,-0.17357115,0.0,0.0,-0.17357115,-0.17357115,0.0,0.0,-0.17357115,-0.17357115,-0.17357115,-0.17357115,0.0,0.0,0.0,0.0,-31653330.0,0.6942846,0.6942846,2.4806678e-12,-1.2555129e-11,5.1205047e-12,-9.558867e-35,-0.00089625,-0.00089625,-9.558867e-35,-9.558867e-35,-0.00089625,-0.00089625,-9.558867e-35,-2.112814e-35,-2.112814e-35,0.00019834017,0.00019834017,-2.112814e-35,-2.112814e-35,0.00019834017,0.00019834017,-2.112814e-35,-2.112814e-35,-2.112814e-35,-2.112814e-35,0.00019834017,0.00019834017,0.00019834017,0.00019834017,Uniaxial,0.11949999630451202
6.254684364807257e-32,15107.93359375,13936.9765625,0.0,0.0,7.460995155028627e-10,-0.00091125,0.00020681853,0.00020681853,1.5881868e-22,0.0,-2.170522e-21,-3.73679e-05,3.2042106e-05,3.2042106e-05,-1.921342e-24,-2.1177645e-23,1.8243432e-24,7974174.0,-7974174.0,-7974174.0,7974174.0,7974174.0,-7974174.0,-7974174.0,7974174.0,3.6447384e-06,3.644739e-06,0.0,0.0,3.6447227e-06,3.6447234e-06,0.0,0.0,3.6438087e-06,3.6438075e-06,3.6437905e-06,3.6437916e-06,0.0,0.0,0.0,0.0,-31896696.0,-1.4578924e-05,-1.4575198e-05,2.4445877e-12,3.2207668e-13,-3.3037767e-11,-1.7244529e-36,-0.00091125,-0.00091125,-1.7244529e-36,-1.7244529e-36,-0.00091125,-0.00091125,-1.7244529e-36,-3.7588047e-37,-3.7588047e-37,0.00020681853,0.00020681853,-3.7588047e-37,-3.7588047e-37,0.00020681853,0.00020681853,-3.7588047e-37,-3.7588047e-37,-3.7588047e-37,-3.7588047e-37,0.00020681853,0.00020681853,0.00020681853,0.00020681853,Uniaxial,0.12150000035762787
2.6335510949593594e-32,15588.208984375,14150.458984375,0.0,0.0,7.460995155028627e-10,-0.00092625,0.00021529694,0.00021529694,1.5881868e-22,4.2351647e-22,7.940934e-22,-4.5700384e-05,3.9187013e-05,3.9187013e-05,3.991049e-25,-1.475803e-23,1.3261558e-23,8035015.0,-8035015.0,-8035015.0,8035015.0,8035015.0,-8035015.0,-8035015.0,8035015.0,0.00073180767,0.00073180767,0.0,0.0,0.00073180767,0.00073180767,0.0,0.0,0.00073180906,0.00073180906,0.00073180906,0.00073180906,0.0,0.0,0.0,0.0,-32140060.0,-0.0029272307,-0.0029272363,2.4092976e-12,6.6654247e-12,1.1875151e-11,7.787643e-37,-0.00092625,-0.00092625,7.787643e-37,7.787643e-37,-0.00092625,-0.00092625,7.787643e-37,1.6974791e-37,1.6974791e-37,0.00021529694,0.00021529694,1.6974791e-37,1.6974791e-37,0.00021529694,0.00021529694,1.6974791e-37,1.6974791e-37,1.6974791e-37,1.6974791e-37,0.00021529694,0.00021529694,0.00021529694,0.00021529694,Uniaxial,0.12349999696016312
3.950326936312627e-32,16072.1357421875,14365.564453125,0.0,0.0,7.461189999169449e-10,-0.00094125,0.00022377535,0.00022377535,-2.646978e-22,0.0,-5.293956e-23,-5.403287e-05,4.6331923e-05,4.6331923e-05,-3.3994927e-24,-1.454656e-23,1.2312956e-23,8095856.5,-8095856.5,-8095856.5,8095856.5,8095856.5,-8095856.5,-8095856.5,8095856.5,-4.6477635e-06,-4.6477658e-06,0.0,0.0,-4.647765e-06,-4.647767e-06,0.0,0.0,-4.6477644e-06,-4.6477653e-06,-4.647766e-06,-4.6477653e-06,0.0,0.0,0.0,0.0,-32383426.0,1.8591061e-05,1.8591061e-05,-3.973912e-12,2.2122895e-13,-9.92382e-13,-2.475646e-39,-0.00094125,-0.00094125,-2.475646e-39,-2.475646e-39,-0.00094125,-0.00094125,-2.475646e-39,-5.3962e-40,-5.3962e-40,0.00022377535,0.00022377535,-5.3962e-40,-5.3962e-40,0.00022377535,0.00022377535,-5.39618e-40,-5.39618e-40,-5.39618e-40,-5.39618e-40,0.00022377535,0.00022377535,0.00022377535,0.00022377535,Uniaxial,0.12549999356269836
5.596296444130623e-32,16559.712890625,14582.29296875,0.0,0.0,7.462626627763314e-10,-0.00095625,0.00023225376,0.00023225376,-2.646978e-22,-8.4703295e-22,1.2176099e-21,-6.2365354e-05,5.3476833e-05,5.3476833e-05,-7.116129e-24,-2.6387621e-23,2.9456773e-23,8156697.5,-8156697.5,-8156697.5,8156697.5,8156697.5,-8156697.5,-8156697.5,8156697.5,-3.4440312e-05,-3.4440316e-05,0.0,0.0,-3.44403e-05,-3.4440305e-05,0.0,0.0,-3.4438912e-05,-3.443892e-05,-3.4438912e-05,-3.4438905e-05,0.0,0.0,0.0,0.0,-32626790.0,0.00013776124,0.00013775565,-3.9173877e-12,-1.2480648e-11,1.8069829e-11,-1.2273781e-38,-0.00095625,-0.00095625,-1.2273781e-38,-1.2273781e-38,-0.00095625,-0.00095625,-1.2273781e-38,-2.675325e-39,-2.675325e-39,0.00023225376,0.00023225376,-2.675325e-39,-2.675325e-39,0.00023225376,0.00023225376,-2.675327e-39,-2.675327e-39,-2.675327e-39,-2.675327e-39,0.00023225376,0.00023225376,0.00023225376,0.00023225376,Uniaxial,0.1274999976158142
1.6459695078179966e-32,17050.939453125,14800.6435546875,0.0,0.0,7.464008855428972e-10,-0.00097125,0.00024073217,0.00024073217,1.5881868e-22,0.0,-4.7645603e-22,-7.069784e-05,6.062174e-05,6.062174e-05,-4.7731453e-24,-2.601503e-23,2.2313331e-23,8217538.5,-8217538.5,-8217538.5,8217538.5,8217538.5,-8217538.5,-8217538.5,8217538.5,-3.339816e-05,-3.3398155e-05,0.0,0.0,-3.3398162e-05,-3.339816e-05,0.0,0.0,-3.3400018e-05,-3.340002e-05,-3.3400025e-05,-3.340002e-05,0.0,0.0,0.0,0.0,-32870154.0,0.00013359264,0.00013360009,2.487959e-12,3.9564527e-13,-7.5854505e-12,-8.962045e-39,-0.00097125,-0.00097125,-8.962045e-39,-8.962045e-39,-0.00097125,-0.00097125,-8.962045e-39,-1.953466e-39,-1.953466e-39,0.00024073217,0.00024073217,-1.953466e-39,-1.953466e-39,0.00024073217,0.00024073217,-1.953463e-39,-1.953463e-39,-1.953463e-39,-1.953463e-39,0.00024073217,0.00024073217,0.00024073217,0.00024073217,Uniaxial,0.12950000166893005
3.950326936312627e-32,17545.81640625,15020.6171875,0.0,0.0,7.465646434390294e-10,-0.00098625,0.00024921057,0.00024921057,-2.646978e-22,0.0,-8.999725e-22,-7.9030324e-05,6.776665e-05,6.776665e-05,-8.4166615e-24,-2.5650363e-23,9.38511e-24,8278379.5,-8278379.5,-8278379.5,8278379.5,8278379.5,-8278379.5,-8278379.5,8278379.5,-3.9858274e-05,-3.9858274e-05,0.0,0.0,-3.985828e-05,-3.985828e-05,0.0,0.0,-3.9858274e-05,-3.9858274e-05,-3.985828e-05,-3.985828e-05,0.0,0.0,0.0,0.0,-33113518.0,0.00015943311,0.00015943311,-3.897609e-12,3.9009928e-13,-1.3829814e-11,-8.590795e-39,-0.00098625,-0.00098625,-8.590795e-39,-8.590795e-39,-0.00098625,-0.00098625,-8.590795e-39,-1.872541e-39,-1.872541e-39,0.00024921057,0.00024921057,-1.872541e-39,-1.872541e-39,0.00024921057,0.00024921057,-1.872545e-39,-1.872545e-39,-1.872545e-39,-1.872545e-39,0.00024921057,0.00024921057,0.00024921057,0.00024921057,Uniaxial,0.1315000057220459
6.583878031271986e-32,18044.34375,15242.2138671875,0.0,0.0,7.467554352658112e-10,-0.00100125,0.00025768898,0.00025768898,1.5881868e-22,0.0,-5.293956e-23,-8.736281e-05,7.491155e-05,7.491155e-05,-6.0892907e-24,-2.5293392e-23,8.517754e-24,8339220.5,-8339220.5,-8339220.5,8339220.5,8339220.5,-8339220.5,-8339220.5,8339220.5,-4.677335e-05,-4.6773348e-05,0.0,0.0,-4.6773348e-05,-4.6773344e-05,0.0,0.0,-4.677521e-05,-4.677521e-05,-4.677521e-05,-4.677521e-05,0.0,0.0,0.0,0.0,-33356882.0,0.00018709339,0.00018710084,2.5079754e-12,3.8467035e-13,-9.346633e-13,-8.435424e-39,-0.00100125,-0.00100125,-8.435424e-39,-8.435424e-39,-0.00100125,-0.00100125,-8.435424e-39,-1.838677e-39,-1.838677e-39,0.00025768898,0.00025768898,-1.838677e-39,-1.838677e-39,0.00025768898,0.00025768898,-1.838676e-39,-1.838676e-39,-1.838676e-39,-1.838676e-39,0.00025768898,0.00025768898,0.00025768898,0.00025768898,Uniaxial,0.13349999487400055
1.5801307745250507e-31,18546.5234375,15465.4326171875,0.0,0.0,7.469708740437397e-10,-0.00101625,0.0002661674,0.0002661674,5.8233515e-22,0.0,-1.323489e-21,-9.569529e-05,8.205646e-05,8.205646e-05,2.0411665e-24,-2.4943906e-23,-9.887029e-24,8400062.0,-8400062.0,-8400062.0,8400062.0,8400062.0,-8400062.0,-8400062.0,8400062.0,-5.3198542e-05,-5.3198535e-05,0.0,0.0,-5.319855e-05,-5.3198542e-05,0.0,0.0,-5.3197142e-05,-5.3197142e-05,-5.319715e-05,-5.319715e-05,0.0,0.0,0.0,0.0,-33600250.0,0.00021279417,0.00021278858,8.825304e-12,3.7935524e-13,-1.9977697e-11,-8.25724e-39,-0.00101625,-0.00101625,-8.25724e-39,-8.25724e-39,-0.00101625,-0.00101625,-8.25724e-39,-1.799836e-39,-1.799836e-39,0.0002661674,0.0002661674,-1.799836e-39,-1.799836e-39,0.0002661674,0.0002661674,-1.799839e-39,-1.799839e-39,-1.799839e-39,-1.799839e-39,0.0002661674,0.0002661674,0.0002661674,0.0002661674,Uniaxial,0.1354999989271164
2.1068408759674875e-31,19052.3515625,15690.2744140625,0.0,0.0,7.472090168825218e-10,-0.00103125,0.0002746458,0.0002746458,5.8233515e-22,4.2351647e-22,-5.293956e-23,-0.00010402778,8.920136e-05,8.920136e-05,1.0002416e-23,-1.8791326e-23,-1.04776805e-23,8460903.0,-8460903.0,-8460903.0,8460903.0,8460903.0,-8460903.0,-8460903.0,8460903.0,-5.9240967e-05,-5.924096e-05,0.0,0.0,-5.9240967e-05,-5.924096e-05,0.0,0.0,-5.9240963e-05,-5.924096e-05,-5.9240963e-05,-5.9240967e-05,0.0,0.0,0.0,0.0,-33843612.0,0.00023696385,0.00023696385,8.7042274e-12,6.7267645e-12,-6.457744e-13,-8.079289e-39,-0.00103125,-0.00103125,-8.079289e-39,-8.079289e-39,-0.00103125,-0.00103125,-8.079289e-39,-1.761051e-39,-1.761051e-39,0.0002746458,0.0002746458,-1.761051e-39,-1.761051e-39,0.0002746458,0.0002746458,-1.761048e-39,-1.761048e-39,-1.761048e-39,-1.761048e-39,0.0002746458,0.0002746458,0.0002746458,0.0002746458,Uniaxial,0.13750000298023224
3.291939015635993e-31,19561.83203125,15916.73828125,0.0,0.0,7.47468309469923e-10,-0.00104625,0.00028312422,0.00028312422,5.8233515e-22,-8.4703295e-22,-4.7645603e-22,-0.00011236026,9.6346266e-05,9.6346266e-05,1.7799146e-23,-3.0074233e-23,-1.6825575e-23,8521744.0,-8521744.0,-8521744.0,8521744.0,8521744.0,-8521744.0,-8521744.0,8521744.0,-6.495323e-05,-6.495322e-05,0.0,0.0,-6.495324e-05,-6.495323e-05,0.0,0.0,-6.4955086e-05,-6.495509e-05,-6.49551e-05,-6.495509e-05,0.0,0.0,0.0,0.0,-34086976.0,0.00025981292,0.00025982037,8.585652e-12,-1.24245805e-11,-6.990213e-12,-7.906653e-39,-0.00104625,-0.00104625,-7.906653e-39,-7.906653e-39,-0.00104625,-0.00104625,-7.906653e-39,-1.72342e-39,-1.72342e-39,0.00028312422,0.00028312422,-1.72342e-39,-1.72342e-39,0.00028312422,0.00028312422,-1.72342e-39,-1.72342e-39,-1.72342e-39,-1.72342e-39,0.00028312422,0.00028312422,0.00028312422,0.00028312422,Uniaxial,0.13950000703334808
3.5552941839066466e-31,20074.9609375,16144.8251953125,0.0,0.0,7.477471419825577e-10,-0.00106125,0.00029160263,0.00029160263,1.5881868e-22,8.4703295e-22,1.6411263e-21,-0.00012069275,0.00010349117,0.00010349117,1.9706782e-23,-1.82092e-23,5.6023012e-24,8582585.0,-8582585.0,-8582585.0,8582585.0,8582585.0,-8582585.0,-8582585.0,8582585.0,-7.035165e-05,-7.035164e-05,0.0,0.0,-7.035164e-05,-7.0351634e-05,0.0,0.0,-7.035351e-05,-7.0353504e-05,-7.03535e-05,-7.0353504e-05,0.0,0.0,0.0,0.0,-34330340.0,0.00028140657,0.00028141402,2.11566e-12,1.3158891e-11,2.4873595e-11,-7.739045e-39,-0.00106125,-0.00106125,-7.739045e-39,-7.739045e-39,-0.00106125,-0.00106125,-7.739045e-39,-1.686886e-39,-1.686886e-39,0.00029160263,0.00029160263,-1.686886e-39,-1.686886e-39,0.00029160263,0.00029160263,-1.686886e-39,-1.686886e-39,-1.686886e-39,-1.686886e-39,0.00029160263,0.00029160263,0.00029160263,0.00029160263,Uniaxial,0.14149999618530273
5.925490228144788e-31,20591.7421875,16374.5341796875,0.0,0.0,7.480440711304936e-10,-0.00107625,0.00030008104,0.00030008104,5.8233515e-22,-4.2351647e-22,-1.7470055e-21,-0.00012902524,0.00011063607,0.00011063607,2.726486e-23,-2.3653903e-23,-1.7941385e-23,8643426.0,-8643426.0,-8643426.0,8643426.0,8643426.0,-8643426.0,-8643426.0,8643426.0,-7.5448304e-05,-7.54483e-05,0.0,0.0,-7.544831e-05,-7.5448304e-05,0.0,0.0,-7.54483e-05,-7.54483e-05,-7.544831e-05,-7.544831e-05,0.0,0.0,0.0,0.0,-34573704.0,0.00030179322,0.00030179322,8.441694e-12,-6.081243e-12,-2.6296182e-11,-7.5761e-39,-0.00107625,-0.00107625,-7.5761e-39,-7.5761e-39,-0.00107625,-0.00107625,-7.5761e-39,-1.651369e-39,-1.651369e-39,0.00030008104,0.00030008104,-1.651369e-39,-1.651369e-39,0.00030008104,0.00030008104,-1.65137e-39,-1.65137e-39,-1.65137e-39,-1.65137e-39,0.00030008104,0.00030008104,0.00030008104,0.00030008104,Uniaxial,0.14350000023841858
4.477037155304499e-31,21112.171875,16605.8671875,0.0,0.0,7.48357653623799e-10,-0.00109125,0.00030855942,0.00030855942,1.5881868e-22,0.0,-4.7645603e-22,-0.00013735773,0.000117780975,0.000117780975,2.9019902e-23,-2.333834e-23,-2.405837e-23,8704267.0,-8704267.0,-8704267.0,8704267.0,8704267.0,-8704267.0,-8704267.0,8704267.0,-8.025486e-05,-8.025485e-05,0.0,0.0,-8.025487e-05,-8.025486e-05,0.0,0.0,-8.025719e-05,-8.025719e-05,-8.025719e-05,-8.025719e-05,0.0,0.0,0.0,0.0,-34817068.0,0.00032101944,0.00032102875,1.974023e-12,3.5493724e-13,-6.8802143e-12,-7.417667e-39,-0.00109125,-0.00109125,-7.417667e-39,-7.417667e-39,-0.00109125,-0.00109125,-7.417667e-39,-1.616836e-39,-1.616836e-39,0.00030855942,0.00030855942,-1.616836e-39,-1.616836e-39,0.00030855942,0.00030855942,-1.616835e-39,-1.616835e-39,-1.616835e-39,-1.616835e-39,0.00030855942,0.00030855942,0.00030855942,0.00030855942,Uniaxial,0.14550000429153442
4.213681751934975e-31,21636.25390625,16838.8203125,0.0,0.0,7.486867237282979e-10,-0.00110625,0.00031703783,0.00031703783,5.8233515e-22,4.2351647e-22,-1.323489e-21,-0.00014569021,0.00012492588,0.00012492588,3.635105e-23,-1.741774e-23,-4.127517e-23,8765108.0,-8765108.0,-8765108.0,8765108.0,8765108.0,-8765108.0,-8765108.0,8765108.0,-8.4792264e-05,-8.479226e-05,0.0,0.0,-8.479227e-05,-8.4792264e-05,0.0,0.0,-8.47904e-05,-8.4790394e-05,-8.47904e-05,-8.479041e-05,0.0,0.0,0.0,0.0,-35060430.0,0.00033916906,0.0003391616,8.303508e-12,6.7058746e-12,-1.9500335e-11,-7.263612e-39,-0.00110625,-0.00110625,-7.263612e-39,-7.263612e-39,-0.00110625,-0.00110625,-7.263612e-39,-1.583254e-39,-1.583254e-39,0.00031703783,0.00031703783,-1.583254e-39,-1.583254e-39,0.00031703783,0.00031703783,-1.583257e-39,-1.583257e-39,-1.583257e-39,-1.583257e-39,0.00031703783,0.00031703783,0.00031703783,0.00031703783,Uniaxial,0.14749999344348907
2.765228679094686e-31,22163.986328125,17073.3984375,0.0,0.0,7.49030004687512e-10,-0.00112125,0.00032551624,0.00032551624,5.8233515e-22,8.4703295e-22,7.940934e-22,-0.0001540227,0.00013207078,0.00013207078,4.3535854e-23,-6.0421188e-24,-3.0282253e-23,8825949.0,-8825949.0,-8825949.0,8825949.0,8825949.0,-8825949.0,-8825949.0,8825949.0,-8.906611e-05,-8.90661e-05,0.0,0.0,-8.90661e-05,-8.9066096e-05,0.0,0.0,-8.906611e-05,-8.90661e-05,-8.9066096e-05,-8.90661e-05,0.0,0.0,0.0,0.0,-35303796.0,0.0003562644,0.0003562644,8.1942396e-12,1.297385e-11,1.2537379e-11,-7.113793e-39,-0.00112125,-0.00112125,-7.113793e-39,-7.113793e-39,-0.00112125,-0.00112125,-7.113793e-39,-1.550601e-39,-1.550601e-39,0.00032551624,0.00032551624,-1.550601e-39,-1.550601e-39,0.00032551624,0.00032551624,-1.550597e-39,-1.550597e-39,-1.550597e-39,-1.550597e-39,0.00032551624,0.00032551624,0.00032551624,0.00032551624,Uniaxial,0.14949999749660492
2.765228679094686e-31,22695.3671875,17309.59765625,0.0,0.0,7.493863307672655e-10,-0.00113625,0.00033399466,0.00033399466,5.8233515e-22,4.2351647e-22,2.4881593e-21,-0.00016235518,0.00013921568,0.00013921568,5.0578202e-23,-4.275957e-25,2.6349047e-24,8886790.0,-8886790.0,-8886790.0,8886790.0,8886790.0,-8886790.0,-8886790.0,8886790.0,-9.309502e-05,-9.309501e-05,0.0,0.0,-9.3095e-05,-9.309499e-05,0.0,0.0,-9.309502e-05,-9.309501e-05,-9.309499e-05,-9.3095e-05,0.0,0.0,0.0,0.0,-35547160.0,0.00037238002,0.00037238002,8.087137e-12,6.4474827e-12,3.7800683e-11,-6.968027e-39,-0.00113625,-0.00113625,-6.968027e-39,-6.968027e-39,-0.00113625,-0.00113625,-6.968027e-39,-1.518825e-39,-1.518825e-39,0.00033399466,0.00033399466,-1.518825e-39,-1.518825e-39,0.00033399466,0.00033399466,-1.518828e-39,-1.518828e-39,-1.518828e-39,-1.518828e-39,0.00033399466,0.00033399466,0.00033399466,0.00033399466,Uniaxial,0.15150000154972076
2.765228679094686e-31,23230.400390625,17547.419921875,0.0,0.0,7.497546472556849e-10,-0.00115125,0.00034247304,0.00034247304,5.8233515e-22,0.0,-3.864588e-21,-0.00017068766,0.00014636057,0.00014636057,5.748186e-23,-4.220444e-25,-4.7572187e-23,8947631.0,-8947631.0,-8947631.0,8947631.0,8947631.0,-8947631.0,-8947631.0,8947631.0,-9.688874e-05,-9.6888725e-05,0.0,0.0,-9.688877e-05,-9.6888754e-05,0.0,0.0,-9.688687e-05,-9.688687e-05,-9.68869e-05,-9.68869e-05,0.0,0.0,0.0,0.0,-35790524.0,0.000387555,0.00038754754,7.982144e-12,6.418591e-15,-5.8050446e-11,-6.826228e-39,-0.00115125,-0.00115125,-6.826228e-39,-6.826228e-39,-0.00115125,-0.00115125,-6.826228e-39,-1.48792e-39,-1.48792e-39,0.00034247304,0.00034247304,-1.48792e-39,-1.48792e-39,0.00034247304,0.00034247304,-1.487918e-39,-1.487918e-39,-1.487918e-39,-1.487918e-39,0.00034247304,0.00034247304,0.00034247304,0.00034247304,Uniaxial,0.1535000056028366
3.291939015635993e-31,23769.083984375,17786.865234375,0.0,0.0,7.50133954952048e-10,-0.00116625,0.00035095145,0.00035095145,5.8233515e-22,4.2351647e-22,3.7057691e-22,-0.00017902015,0.00015350548,0.00015350548,6.4250455e-23,5.0451406e-24,-4.2179664e-23,9008472.0,-9008472.0,-9008472.0,9008472.0,9008472.0,-9008472.0,-9008472.0,9008472.0,-0.00010045572,-0.00010045571,0.0,0.0,-0.00010045571,-0.000100455705,0.0,0.0,-0.00010045758,-0.000100457575,-0.00010045757,-0.000100457575,0.0,0.0,0.0,0.0,-36033890.0,0.00040182285,0.0004018303,7.879205e-12,6.3642516e-12,6.2773398e-12,-6.688238e-39,-0.00116625,-0.00116625,-6.688238e-39,-6.688238e-39,-0.00116625,-0.00116625,-6.688238e-39,-1.457842e-39,-1.457842e-39,0.00035095145,0.00035095145,-1.457842e-39,-1.457842e-39,0.00035095145,0.00035095145,-1.457841e-39,-1.457841e-39,-1.457841e-39,-1.457841e-39,0.00035095145,0.00035095145,0.00035095145,0.00035095145,Uniaxial,0.15549999475479126
2.765228679094686e-31,24311.416015625,18027.93359375,0.0,0.0,7.505233101667841e-10,-0.00118125,0.00035942986,0.00035942986,1.5881868e-22,4.2351647e-22,7.940934e-22,-0.00018735263,0.00016065038,0.00016065038,6.546195e-23,1.04060796e-23,-3.1466365e-23,9069313.0,-9069313.0,-9069313.0,9069313.0,9069313.0,-9069313.0,-9069313.0,9069313.0,-0.000103812206,-0.0001038122,0.0,0.0,-0.0001038122,-0.00010381219,0.0,0.0,-0.000103812206,-0.0001038122,-0.00010381219,-0.0001038122,0.0,0.0,0.0,0.0,-36277252.0,0.0004152488,0.0004152488,1.4198003e-12,6.2827204e-12,1.2555388e-11,-6.553933e-39,-0.00118125,-0.00118125,-6.553933e-39,-6.553933e-39,-0.00118125,-0.00118125,-6.553933e-39,-1.428565e-39,-1.428565e-39,0.00035942986,0.00035942986,-1.428565e-39,-1.428565e-39,0.00035942986,0.00035942986,-1.428568e-39,-1.428568e-39,-1.428568e-39,-1.428568e-39,0.00035942986,0.00035942986,0.00035942986,0.00035942986,Uniaxial,0.1574999988079071
2.765228679094686e-31,24857.400390625,18270.623046875,0.0,0.0,7.509218247214733e-10,-0.00119625,0.00036790824,0.00036790824,5.8233515e-22,4.2351647e-22,-8.999725e-22,-0.00019568512,0.00016779528,0.00016779528,7.2039926e-23,1.5663524e-23,-4.2519398e-23,9130155.0,-9130155.0,-9130155.0,9130155.0,9130155.0,-9130155.0,-9130155.0,9130155.0,-0.00010696566,-0.00010696565,0.0,0.0,-0.000106965665,-0.00010696566,0.0,0.0,-0.000106964726,-0.00010696472,-0.000106964726,-0.00010696473,0.0,0.0,0.0,0.0,-36520620.0,0.00042786263,0.0004278589,7.76074e-12,6.2027636e-12,-1.30404324e-11,-6.423199e-39,-0.00119625,-0.00119625,-6.423199e-39,-6.423199e-39,-0.00119625,-0.00119625,-6.423199e-39,-1.400071e-39,-1.400071e-39,0.00036790824,0.00036790824,-1.400071e-39,-1.400071e-39,0.00036790824,0.00036790824,-1.400071e-39,-1.400071e-39,-1.400071e-39,-1.400071e-39,0.00036790824,0.00036790824,0.00036790824,0.00036790824,Uniaxial,0.15950000286102295
3.0285838473653397e-31,25407.03515625,18514.9375,0.0,0.0,7.513286659488472e-10,-0.00121125,0.00037638666,0.00037638666,5.8233515e-22,0.0,7.940934e-22,-0.0002040176,0.00017494017,0.00017494017,7.849175e-23,1.5465486e-23,-3.1941843e-23,9190996.0,-9190996.0,-9190996.0,9190996.0,9190996.0,-9190996.0,-9190996.0,9190996.0,-0.00010992587,-0.000109925866,0.0,0.0,-0.000109925866,-0.00010992586,0.0,0.0,-0.00010992401,-0.000109924,-0.000109923996,-0.000109924,0.0,0.0,0.0,0.0,-36763984.0,0.00043970346,0.000439696,7.662619e-12,-2.3520424e-13,1.2562619e-11,-6.295922e-39,-0.00121125,-0.00121125,-6.295922e-39,-6.295922e-39,-0.00121125,-0.00121125,-6.295922e-39,-1.372328e-39,-1.372328e-39,0.00037638666,0.00037638666,-1.372328e-39,-1.372328e-39,0.00037638666,0.00037638666,-1.372328e-39,-1.372328e-39,-1.372328e-39,-1.372328e-39,0.00037638666,0.00037638666,0.00037638666,0.00037638666,Uniaxial,0.1615000069141388
3.6869716504925383e-31,25960.3203125,18760.873046875,0.0,0.0,7.517430011816373e-10,-0.00122625,0.00038486507,0.00038486507,5.8233515e-22,1.2705494e-21,-5.293956e-23,-0.00021235009,0.00018208507,0.00018208507,8.482063e-23,3.1230855e-23,-3.22056e-23,9251837.0,-9251837.0,-9251837.0,9251837.0,9251837.0,-9251837.0,-9251837.0,9251837.0,-0.00011269935,-0.00011269934,0.0,0.0,-0.00011269935,-0.00011269934,0.0,0.0,-0.00011269749,-0.000112697475,-0.000112697475,-0.00011269749,0.0,0.0,0.0,0.0,-37007348.0,0.00045079738,0.00045078993,7.566367e-12,1.884797e-11,-3.1532895e-13,-6.171977e-39,-0.00122625,-0.00122625,-6.171977e-39,-6.171977e-39,-0.00122625,-0.00122625,-6.171977e-39,-1.345311e-39,-1.345311e-39,0.00038486507,0.00038486507,-1.345311e-39,-1.345311e-39,0.00038486507,0.00038486507,-1.345311e-39,-1.345311e-39,-1.345311e-39,-1.345311e-39,0.00038486507,0.00038486507,0.00038486507,0.00038486507,Uniaxial,0.16349999606609344
3.6869716504925383e-31,26517.255859375,19008.431640625,0.0,0.0,7.521641087748776e-10,-0.00124125,0.00039334345,0.00039334345,5.8233515e-22,0.0,-1.323489e-21,-0.00022068257,0.00018922996,0.00018922996,9.102969e-23,3.0841088e-23,-4.832103e-23,9312678.0,-9312678.0,-9312678.0,9312678.0,9312678.0,-9312678.0,-9312678.0,9312678.0,-0.00011529913,-0.000115299124,0.0,0.0,-0.00011529914,-0.00011529913,0.0,0.0,-0.00011529913,-0.000115299124,-0.00011529913,-0.00011529914,0.0,0.0,0.0,0.0,-37250710.0,0.00046119653,0.00046119653,7.471937e-12,-4.690415e-13,-1.939318e-11,-6.051265e-39,-0.00124125,-0.00124125,-6.051265e-39,-6.051265e-39,-0.00124125,-0.00124125,-6.051265e-39,-1.319e-39,-1.319e-39,0.00039334345,0.00039334345,-1.319e-39,-1.319e-39,0.00039334345,0.00039334345,-1.318999e-39,-1.318999e-39,-1.318999e-39,-1.318999e-39,0.00039334345,0.00039334345,0.00039334345,0.00039334345,Uniaxial,0.1655000001192093
4.740392088476282e-31,27077.765625,19247.404296875,0.0,0.0,7.521641087748776e-10,-0.00125625,0.00040199186,0.00040199186,1.0058516e-21,8.4703295e-22,1.6411263e-21,-0.00022928737,0.00019660837,0.00019660837,1.0274277e-22,4.129134e-23,-2.6689903e-23,9371080.0,-9371080.0,-9371080.0,9371080.0,9371080.0,-9371080.0,-9371080.0,9371080.0,114.59321,114.59321,0.0,0.0,114.59321,114.59321,0.0,0.0,114.59321,114.59321,114.59321,114.59321,0.0,0.0,0.0,0.0,-37484320.0,-458.37283,-458.37283,1.3734781e-11,1.2253987e-11,2.5364705e-11,2.0489254e-33,-0.00125625,-0.00125625,2.0489254e-33,2.0489254e-33,-0.00125625,-0.00125625,2.0489254e-33,4.4660603e-34,4.4660603e-34,0.00040199186,0.00040199186,4.4660603e-34,4.4660603e-34,0.00040199186,0.00040199186,4.4660603e-34,4.4660603e-34,4.4660603e-34,4.4660603e-34,0.00040199186,0.00040199186,0.00040199186,0.00040199186,Uniaxial,0.16750000417232513
2.2385185776522494e-31,27641.18359375,19407.470703125,0.0,0.0,7.521641087748776e-10,-0.00127125,0.00041204208,0.00041204208,5.8233515e-22,0.0,-1.323489e-21,-0.00024002595,0.00020581644,0.00020581644,1.1035076e-22,4.0636317e-23,-4.726162e-23,9410016.0,-9410016.0,-9410016.0,9410016.0,9410016.0,-9410016.0,-9410016.0,9410016.0,242.75139,242.75139,0.0,0.0,242.75139,242.75139,0.0,0.0,242.75139,242.75139,242.75139,242.75139,0.0,0.0,0.0,0.0,-37640064.0,-971.00555,-971.00555,7.178096e-12,-6.1801063e-13,-1.9409292e-11,1.7238898e-32,-0.00127125,-0.00127125,1.7238898e-32,1.7238898e-32,-0.00127125,-0.00127125,1.7238898e-32,3.1895364e-33,3.1895364e-33,0.00041204208,0.00041204208,3.1895364e-33,3.1895364e-33,0.00041204208,0.00041204208,3.1895364e-33,3.1895364e-33,3.1895364e-33,3.1895364e-33,0.00041204208,0.00041204208,0.00041204208,0.00041204208,Uniaxial,0.16949999332427979
2.370196044238141e-31,28206.87109375,19558.939453125,0.0,0.0,7.521641087748776e-10,-0.00128625,0.0004222824,0.0004222824,5.8233515e-22,-4.2351647e-22,-5.293956e-23,-0.0002510096,0.00021523463,0.00021523463,1.1797681e-22,3.3136803e-23,-4.735336e-23,9446570.0,-9446570.0,-9446570.0,9446570.0,9446570.0,-9446570.0,-9446570.0,9446570.0,3.5999646,3.5999646,0.0,0.0,3.5999646,3.5999646,0.0,0.0,3.5999646,3.5999646,3.5999646,3.5999646,0.0,0.0,0.0,0.0,-37786280.0,-14.399858,-14.399858,7.0621165e-12,-6.944935e-12,-8.495677e-14,2.3803281e-33,-0.00128625,-0.00128625,2.3803281e-33,2.3803281e-33,-0.00128625,-0.00128625,2.3803281e-33,3.7112747e-34,3.7112747e-34,0.0004222824,0.0004222824,3.7112747e-34,3.7112747e-34,0.0004222824,0.0004222824,3.7112747e-34,3.7112747e-34,3.7112747e-34,3.7112747e-34,0.0004222824,0.0004222824,0.0004222824,0.0004222824,Uniaxial,0.17149999737739563
2.1068408759674875e-31,28774.806640625,19716.994140625,0.0,0.0,7.521641087748776e-10,-0.00130125,0.00043240012,0.00043240012,1.5881868e-22,0.0,7.940934e-22,-0.0002618351,0.00022451725,0.00022451725,1.186248e-22,3.2611065e-23,-3.4003303e-23,9484661.0,-9484661.0,-9484661.0,9484661.0,9484661.0,-9484661.0,-9484661.0,9484661.0,1.4116222,1.4116222,0.0,0.0,1.4116222,1.4116222,0.0,0.0,1.4116222,1.4116222,1.4116222,1.4116222,0.0,0.0,0.0,0.0,-37938644.0,-5.6464887,-5.6464887,6.112819e-13,-4.9596e-13,1.259397e-11,-1.5414847e-33,-0.00130125,-0.00130125,-1.5414847e-33,-1.5414847e-33,-0.00130125,-0.00130125,-1.5414847e-33,-2.3117922e-34,-2.3117922e-34,0.00043240012,0.00043240012,-2.3117922e-34,-2.3117922e-34,0.00043240012,0.00043240012,-2.3117922e-34,-2.3117922e-34,-2.3117922e-34,-2.3117922e-34,0.00043240012,0.00043240012,0.00043240012,0.00043240012,Uniaxial,0.17350000143051147
2.501873745922903e-31,29345.029296875,19875.70703125,0.0,0.0,7.521641087748776e-10,-0.00131625,0.0004425174,0.0004425174,5.8233515e-22,-8.4703295e-22,-4.7645603e-22,-0.00027266014,0.00023379942,0.00023379942,1.2595252e-22,1.8710597e-23,-4.099511e-23,9522758.0,-9522758.0,-9522758.0,9522758.0,9522758.0,-9522758.0,-9522758.0,9522758.0,3.2744367e-05,3.2744374e-05,0.0,0.0,3.2744367e-05,3.2744374e-05,0.0,0.0,3.2744374e-05,3.2744367e-05,3.2744367e-05,3.2744374e-05,0.0,0.0,0.0,0.0,-38091030.0,-0.00013097748,-0.00013097748,6.940819e-12,-1.31665165e-11,-6.6226347e-12,-5.0705897e-36,-0.00131625,-0.00131625,-5.0705897e-36,-5.0705897e-36,-0.00131625,-0.00131625,-5.0705897e-36,-7.684426e-37,-7.684426e-37,0.0004425174,0.0004425174,-7.684426e-37,-7.684426e-37,0.0004425174,0.0004425174,-7.684426e-37,-7.684426e-37,-7.684426e-37,-7.684426e-37,0.0004425174,0.0004425174,0.0004425174,0.0004425174,Uniaxial,0.17550000548362732
2.1068408759674875e-31,29917.5390625,20035.08984375,0.0,0.0,7.686558611830208e-10,-0.00133125,0.00045263395,0.00045263395,1.5881868e-22,0.0,2.0646428e-21,-0.0002834842,0.00024308078,0.00024308078,1.264698e-22,1.8416111e-23,-7.854422e-24,9560863.0,-9560863.0,-9560863.0,9560863.0,9560863.0,-9560863.0,-9560863.0,9560863.0,-0.0035676789,-0.0035676789,0.0,0.0,-0.0035676789,-0.0035676789,0.0,0.0,-0.0035676812,-0.0035676812,-0.0035676812,-0.0035676812,0.0,0.0,0.0,0.0,-38243452.0,0.014270715,0.014270725,4.919724e-13,-2.8007834e-13,3.1519228e-11,-9.271067e-36,-0.00133125,-0.00133125,-9.271067e-36,-9.271067e-36,-0.00133125,-0.00133125,-9.271067e-36,-1.4050204e-36,-1.4050204e-36,0.00045263395,0.00045263395,-1.4050204e-36,-1.4050204e-36,0.00045263395,0.00045263395,-1.4050204e-36,-1.4050204e-36,-1.4050204e-36,-1.4050204e-36,0.00045263395,0.00045263395,0.00045263395,0.00045263395,Uniaxial,0.17749999463558197
2.1068408759674875e-31,30492.333984375,20195.111328125,0.0,0.0,7.688407133166208e-10,-0.00134625,0.00046275047,0.00046275047,5.8233515e-22,0.0,-1.7470055e-21,-0.00029430824,0.00025236214,0.00025236214,1.3361664e-22,1.8127393e-23,-3.5119993e-23,9598968.0,-9598968.0,-9598968.0,9598968.0,9598968.0,-9598968.0,-9598968.0,9598968.0,-4.0149313e-05,-4.0149305e-05,0.0,0.0,-4.0149327e-05,-4.014932e-05,0.0,0.0,-4.014931e-05,-4.014931e-05,-4.0149323e-05,-4.0149323e-05,0.0,0.0,0.0,0.0,-38395870.0,0.00016059726,0.00016059726,6.8242608e-12,-2.756874e-13,-2.6034924e-11,-5.2414e-38,-0.00134625,-0.00134625,-5.2414e-38,-5.2414e-38,-0.00134625,-0.00134625,-5.2414e-38,-7.943284e-39,-7.943284e-39,0.00046275047,0.00046275047,-7.943284e-39,-7.943284e-39,0.00046275047,0.00046275047,-7.943288e-39,-7.943288e-39,-7.943288e-39,-7.943288e-39,0.00046275047,0.00046275047,0.00046275047,0.00046275047,Uniaxial,0.17949999868869781
2.501873745922903e-31,31069.4140625,20355.76953125,0.0,0.0,7.688407133166208e-10,-0.00136125,0.00047286702,0.00047286702,1.0058516e-21,-8.4703295e-22,7.940934e-22,-0.0003051323,0.00026164346,0.00026164346,1.472379e-22,4.6166164e-24,-2.2170584e-23,9637074.0,-9637074.0,-9637074.0,9637074.0,9637074.0,-9637074.0,-9637074.0,9637074.0,2.0476515e-05,2.0476526e-05,0.0,0.0,2.0476522e-05,2.0476533e-05,0.0,0.0,2.0474195e-05,2.047419e-05,2.0474195e-05,2.0474201e-05,0.0,0.0,0.0,0.0,-38548296.0,-8.1906095e-05,-8.189678e-05,1.3058084e-11,-1.2952171e-11,1.2414014e-11,1.7793499e-38,-0.00136125,-0.00136125,1.7793499e-38,1.7793499e-38,-0.00136125,-0.00136125,1.7793499e-38,2.696584e-39,2.696584e-39,0.00047286702,0.00047286702,2.696584e-39,2.696584e-39,0.00047286702,0.00047286702,2.696589e-39,2.696589e-39,2.696589e-39,2.696589e-39,0.00047286702,0.00047286702,0.00047286702,0.00047286702,Uniaxial,0.18150000274181366
2.1068408759674875e-31,31648.783203125,20517.0625,0.0,0.0,7.688719105836128e-10,-0.00137625,0.00048298357,0.00048298357,5.8233515e-22,8.4703295e-22,-4.7645603e-22,-0.00031595636,0.00027092482,0.00027092482,1.5400625e-22,1.7721203e-23,-2.9237426e-23,9675179.0,-9675179.0,-9675179.0,9675179.0,9675179.0,-9675179.0,-9675179.0,9675179.0,-6.8265963e-06,-6.826589e-06,0.0,0.0,-6.8266e-06,-6.8265927e-06,0.0,0.0,-6.8242675e-06,-6.824261e-06,-6.824265e-06,-6.824271e-06,0.0,0.0,0.0,0.0,-38700716.0,2.7306378e-05,2.7297065e-05,6.5141685e-12,1.2612449e-11,-6.8014496e-12,-4.45025e-39,-0.00137625,-0.00137625,-4.45025e-39,-4.45025e-39,-0.00137625,-0.00137625,-4.45025e-39,-6.7443e-40,-6.7443e-40,0.00048298357,0.00048298357,-6.7443e-40,-6.7443e-40,0.00048298357,0.00048298357,-6.74432e-40,-6.74432e-40,-6.74432e-40,-6.74432e-40,0.00048298357,0.00048298357,0.00048298357,0.00048298357,Uniaxial,0.1835000067949295
2.6335512125087945e-31,32230.435546875,20678.9921875,0.0,0.0,7.689164305269003e-10,-0.00139125,0.0004931001,0.0004931001,1.0058516e-21,-4.2351647e-22,7.940934e-22,-0.00032678043,0.00028020618,0.00028020618,1.6720634e-22,1.0883841e-23,-1.6479199e-23,9713285.0,-9713285.0,-9713285.0,9713285.0,9713285.0,-9713285.0,-9713285.0,9713285.0,-9.787276e-06,-9.787266e-06,0.0,0.0,-9.787272e-06,-9.787262e-06,0.0,0.0,-9.785408e-06,-9.785411e-06,-9.7854045e-06,-9.785402e-06,0.0,0.0,0.0,0.0,-38853140.0,3.9149076e-05,3.9141625e-05,1.2754397e-11,-6.606505e-12,1.23274585e-11,-5.112576e-39,-0.00139125,-0.00139125,-5.112576e-39,-5.112576e-39,-0.00139125,-0.00139125,-5.112576e-39,-7.74806e-40,-7.74806e-40,0.0004931001,0.0004931001,-7.74806e-40,-7.74806e-40,0.0004931001,0.0004931001,-7.74806e-40,-7.74806e-40,-7.74806e-40,-7.74806e-40,0.0004931001,0.0004931001,0.0004931001,0.0004931001,Uniaxial,0.18549999594688416
2.1068408759674875e-31,32814.375,20841.55859375,0.0,0.0,7.689671677191257e-10,-0.00140625,0.00050321664,0.00050321664,5.8233515e-22,-4.2351647e-22,-4.7645603e-22,-0.00033760446,0.00028948754,0.00028948754,1.7361436e-22,4.1783296e-24,-2.3579516e-23,9751390.0,-9751390.0,-9751390.0,9751390.0,9751390.0,-9751390.0,-9751390.0,9751390.0,-1.1191705e-05,-1.11917e-05,0.0,0.0,-1.1191707e-05,-1.1191702e-05,0.0,0.0,-1.11917e-05,-1.1191703e-05,-1.1191707e-05,-1.1191703e-05,0.0,0.0,0.0,0.0,-39005560.0,4.4766814e-05,4.4766814e-05,6.2159618e-12,-6.5045252e-12,-6.887497e-12,-4.879803e-39,-0.00140625,-0.00140625,-4.879803e-39,-4.879803e-39,-0.00140625,-0.00140625,-4.879803e-39,-7.3953e-40,-7.3953e-40,0.00050321664,0.00050321664,-7.3953e-40,-7.3953e-40,0.00050321664,0.00050321664,-7.39528e-40,-7.39528e-40,-7.39528e-40,-7.39528e-40,0.00050321664,0.00050321664,0.00050321664,0.00050321664,Uniaxial,0.1875
8.42736350386995e-31,33400.6015625,21004.763671875,0.0,0.0,7.690248438052549e-10,-0.00142125,0.0005133332,0.0005133332,5.8233515e-22,0.0,2.4881593e-21,-0.00034842853,0.0002987689,0.0002987689,1.798993e-22,4.1140792e-24,1.5043713e-23,9789496.0,-9789496.0,-9789496.0,9789496.0,9789496.0,-9789496.0,-9789496.0,9789496.0,-1.2785675e-05,-1.2785668e-05,0.0,0.0,-1.2785656e-05,-1.2785649e-05,0.0,0.0,-1.2789398e-05,-1.2789396e-05,-1.2789376e-05,-1.2789378e-05,0.0,0.0,0.0,0.0,-39157984.0,5.1142648e-05,5.115755e-05,6.1203785e-12,-6.2568284e-14,3.7611966e-11,-4.78869e-39,-0.00142125,-0.00142125,-4.78869e-39,-4.78869e-39,-0.00142125,-0.00142125,-4.78869e-39,-7.2572e-40,-7.2572e-40,0.0005133332,0.0005133332,-7.2572e-40,-7.2572e-40,0.0005133332,0.0005133332,-7.25721e-40,-7.25721e-40,-7.25721e-40,-7.25721e-40,0.0005133332,0.0005133332,0.0005133332,0.0005133332,Uniaxial,0.18950000405311584
1.0534204850035178e-30,33989.1171875,21168.603515625,0.0,0.0,7.690894032741369e-10,-0.00143625,0.00052344974,0.00052344974,5.8233515e-22,4.2351647e-22,-8.999725e-22,-0.0003592526,0.00030805025,0.00030805025,1.8606396e-22,1.0538644e-23,1.0271486e-24,9827601.0,-9827601.0,-9827601.0,9827601.0,9827601.0,-9827601.0,-9827601.0,9827601.0,-1.4352149e-05,-1.4352141e-05,0.0,0.0,-1.4352152e-05,-1.4352144e-05,0.0,0.0,-1.4352146e-05,-1.4352138e-05,-1.4352147e-05,-1.4352155e-05,0.0,0.0,0.0,0.0,-39310404.0,5.7408586e-05,5.7408586e-05,6.026624e-12,6.2807047e-12,-1.3702703e-11,-4.712651e-39,-0.00143625,-0.00143625,-4.712651e-39,-4.712651e-39,-0.00143625,-0.00143625,-4.712651e-39,-7.14197e-40,-7.14197e-40,0.00052344974,0.00052344974,-7.14197e-40,-7.14197e-40,0.00052344974,0.00052344974,-7.14198e-40,-7.14198e-40,-7.14198e-40,-7.14198e-40,0.00052344974,0.00052344974,0.00052344974,0.00052344974,Uniaxial,0.1914999932050705
8.954074310608997e-31,34579.9140625,21333.078125,0.0,0.0,7.691604020365617e-10,-0.00145125,0.0005335663,0.0005335663,1.0058516e-21,8.4703295e-22,-4.7645603e-22,-0.00037007665,0.00031733158,0.00031733158,1.9857402e-22,2.3303642e-23,-6.2592997e-24,9865707.0,-9865707.0,-9865707.0,9865707.0,9865707.0,-9865707.0,-9865707.0,9865707.0,-1.5852513e-05,-1.58525e-05,0.0,0.0,-1.5852514e-05,-1.5852502e-05,0.0,0.0,-1.585251e-05,-1.5852502e-05,-1.5852504e-05,-1.5852513e-05,0.0,0.0,0.0,0.0,-39462828.0,6.341003e-05,6.341003e-05,1.2277347e-11,1.252755e-11,-7.1509088e-12,-4.637234e-39,-0.00145125,-0.00145125,-4.637234e-39,-4.637234e-39,-0.00145125,-0.00145125,-4.637234e-39,-7.02768e-40,-7.02768e-40,0.0005335663,0.0005335663,-7.02768e-40,-7.02768e-40,0.0005335663,0.0005335663,-7.02768e-40,-7.02768e-40,-7.02768e-40,-7.02768e-40,0.0005335663,0.0005335663,0.0005335663,0.0005335663,Uniaxial,0.19349999725818634
1.2114335389461359e-30,35173.0,21498.19140625,0.0,0.0,7.692376180479243e-10,-0.00146625,0.0005436828,0.0005436828,1.4293681e-21,0.0,-4.7645603e-22,-0.0003809007,0.00032661294,0.00032661294,2.172849e-22,2.2949374e-23,-1.3407368e-23,9903812.0,-9903812.0,-9903812.0,9903812.0,9903812.0,-9903812.0,-9903812.0,9903812.0,-1.7294666e-05,-1.7294651e-05,0.0,0.0,-1.729467e-05,-1.7294655e-05,0.0,0.0,-1.7294662e-05,-1.7294657e-05,-1.7294658e-05,-1.7294664e-05,0.0,0.0,0.0,0.0,-39615250.0,6.917864e-05,6.917864e-05,1.8433765e-11,-3.4902173e-13,-7.0421984e-12,-4.563411e-39,-0.00146625,-0.00146625,-4.563411e-39,-4.563411e-39,-0.00146625,-0.00146625,-4.563411e-39,-6.91581e-40,-6.91581e-40,0.0005436828,0.0005436828,-6.91581e-40,-6.91581e-40,0.0005436828,0.0005436828,-6.91579e-40,-6.91579e-40,-6.91579e-40,-6.91579e-40,0.0005436828,0.0005436828,0.0005436828,0.0005436828,Uniaxial,0.19550000131130219
1.2114335389461359e-30,35768.37109375,21663.94140625,0.0,0.0,7.693206627301663e-10,-0.00148125,0.0005537993,0.0005537993,1.0058516e-21,8.4703295e-22,2.0646428e-21,-0.00039172475,0.0003358943,0.0003358943,2.2922768e-22,3.5430044e-23,1.806451e-23,9941918.0,-9941918.0,-9941918.0,9941918.0,9941918.0,-9941918.0,-9941918.0,9941918.0,-1.8680015e-05,-1.8680004e-05,0.0,0.0,-1.868e-05,-1.867999e-05,0.0,0.0,-1.868188e-05,-1.8681867e-05,-1.868185e-05,-1.8681863e-05,0.0,0.0,0.0,0.0,-39767670.0,7.472001e-05,7.472746e-05,1.1811155e-11,1.2343127e-11,3.1125044e-11,-4.491454e-39,-0.00148125,-0.00148125,-4.491454e-39,-4.491454e-39,-0.00148125,-0.00148125,-4.491454e-39,-6.80675e-40,-6.80675e-40,0.0005537993,0.0005537993,-6.80675e-40,-6.80675e-40,0.0005537993,0.0005537993,-6.80675e-40,-6.80675e-40,-6.80675e-40,-6.80675e-40,0.0005537993,0.0005537993,0.0005537993,0.0005537993,Uniaxial,0.19750000536441803
1.5801307275052767e-30,36366.03125,21830.326171875,0.0,0.0,7.694092585275314e-10,-0.00149625,0.0005639159,0.0005639159,1.0058516e-21,1.2705494e-21,1.6411263e-21,-0.00040254882,0.00034517565,0.00034517565,2.4094536e-22,5.4065466e-23,4.2553192e-23,9980023.0,-9980023.0,-9980023.0,9980023.0,9980023.0,-9980023.0,-9980023.0,9980023.0,-2.0014597e-05,-2.0014586e-05,0.0,0.0,-2.001459e-05,-2.0014579e-05,0.0,0.0,-2.0013207e-05,-2.001319e-05,-2.0013174e-05,-2.001319e-05,0.0,0.0,0.0,0.0,-39920092.0,8.005835e-05,8.005276e-05,1.163295e-11,1.8500694e-11,2.4311633e-11,-4.421289e-39,-0.00149625,-0.00149625,-4.421289e-39,-4.421289e-39,-0.00149625,-0.00149625,-4.421289e-39,-6.7004e-40,-6.7004e-40,0.0005639159,0.0005639159,-6.7004e-40,-6.7004e-40,0.0005639159,0.0005639159,-6.70043e-40,-6.70043e-40,-6.70043e-40,-6.70043e-40,0.0005639159,0.0005639159,0.0005639159,0.0005639159,Uniaxial,0.19949999451637268
1.4747886601970153e-30,36965.9765625,21997.349609375,0.0,0.0,7.695032389065659e-10,-0.00151125,0.0005740324,0.0005740324,1.0058516e-21,8.4703295e-22,-8.999725e-22,-0.00041337285,0.00035445698,0.00035445698,2.5244299e-22,6.59849e-23,2.8385686e-23,10018129.0,-10018129.0,-10018129.0,10018129.0,10018129.0,-10018129.0,-10018129.0,10018129.0,-2.1298885e-05,-2.129887e-05,0.0,0.0,-2.1298893e-05,-2.1298878e-05,0.0,0.0,-2.1298885e-05,-2.1298873e-05,-2.1298878e-05,-2.129889e-05,0.0,0.0,0.0,0.0,-40072516.0,8.519553e-05,8.519553e-05,1.145809e-11,1.1878439e-11,-1.4118781e-11,-4.352883e-39,-0.00151125,-0.00151125,-4.352883e-39,-4.352883e-39,-0.00151125,-0.00151125,-4.352883e-39,-6.59677e-40,-6.59677e-40,0.0005740324,0.0005740324,-6.59677e-40,-6.59677e-40,0.0005740324,0.0005740324,-6.59672e-40,-6.59672e-40,-6.59672e-40,-6.59672e-40,0.0005740324,0.0005740324,0.0005740324,0.0005740324,Uniaxial,0.20149999856948853
2.6862221991431512e-30,37568.20703125,22165.0078125,0.0,0.0,7.696022708003625e-10,-0.00152625,0.000584149,0.000584149,1.0058516e-21,0.0,-4.7645603e-22,-0.0004241969,0.00036373833,0.00036373833,2.6372552e-22,6.4996755e-23,2.0825518e-23,10056234.0,-10056234.0,-10056234.0,10056234.0,10056234.0,-10056234.0,-10056234.0,10056234.0,-2.2531025e-05,-2.253101e-05,0.0,0.0,-2.2531032e-05,-2.2531018e-05,0.0,0.0,-2.2533353e-05,-2.2533346e-05,-2.2533346e-05,-2.2533353e-05,0.0,0.0,0.0,0.0,-40224936.0,9.0124086e-05,9.01334e-05,1.1286501e-11,-9.884923e-13,-7.562824e-12,-4.28624e-39,-0.00152625,-0.00152625,-4.28624e-39,-4.28624e-39,-0.00152625,-0.00152625,-4.28624e-39,-6.49575e-40,-6.49575e-40,0.000584149,0.000584149,-6.49575e-40,-6.49575e-40,0.000584149,0.000584149,-6.49576e-40,-6.49576e-40,-6.49576e-40,-6.49576e-40,0.000584149,0.000584149,0.000584149,0.000584149,Uniaxial,0.20350000262260437
2.3175251046235584e-30,38172.72265625,22333.302734375,0.0,0.0,7.697060766531649e-10,-0.00154125,0.00059426547,0.00059426547,1.8528846e-21,2.1175824e-21,-4.7645603e-22,-0.00043502098,0.0003730197,0.0003730197,2.874352e-22,9.562058e-23,1.340626e-23,10094340.0,-10094340.0,-10094340.0,10094340.0,10094340.0,-10094340.0,-10094340.0,10094340.0,-2.3718467e-05,-2.3718447e-05,0.0,0.0,-2.3718469e-05,-2.3718449e-05,0.0,0.0,-2.3718467e-05,-2.3718445e-05,-2.3718449e-05,-2.371847e-05,0.0,0.0,0.0,0.0,-40377360.0,9.487383e-05,9.487383e-05,2.3807876e-11,3.075067e-11,-7.449989e-12,-4.22129e-39,-0.00154125,-0.00154125,-4.22129e-39,-4.22129e-39,-0.00154125,-0.00154125,-4.22129e-39,-6.39732e-40,-6.39732e-40,0.00059426547,0.00059426547,-6.39732e-40,-6.39732e-40,0.00059426547,0.00059426547,-6.39732e-40,-6.39732e-40,-6.39732e-40,-6.39732e-40,0.00059426547,0.00059426547,0.00059426547,0.00059426547,Uniaxial,0.20550000667572021
2.4755380645266284e-30,38779.52734375,22502.236328125,0.0,0.0,7.698145454426708e-10,-0.00155625,0.000604382,0.000604382,1.4293681e-21,1.6940659e-21,2.4881593e-21,-0.00044584504,0.00038230102,0.00038230102,3.0440928e-22,1.1938044e-22,5.0191878e-23,10132445.0,-10132445.0,-10132445.0,10132445.0,10132445.0,-10132445.0,-10132445.0,10132445.0,-2.4860743e-05,-2.4860725e-05,0.0,0.0,-2.4860725e-05,-2.4860707e-05,0.0,0.0,-2.4860747e-05,-2.4860727e-05,-2.4860703e-05,-2.4860723e-05,0.0,0.0,0.0,0.0,-40529780.0,9.94429e-05,9.94429e-05,1.7108748e-11,2.3948342e-11,3.707742e-11,-4.157989e-39,-0.00155625,-0.00155625,-4.157989e-39,-4.157989e-39,-0.00155625,-0.00155625,-4.157989e-39,-6.30139e-40,-6.30139e-40,0.000604382,0.000604382,-6.30139e-40,-6.30139e-40,0.000604382,0.000604382,-6.30139e-40,-6.30139e-40,-6.30139e-40,-6.30139e-40,0.000604382,0.000604382,0.000604382,0.000604382,Uniaxial,0.20749999582767487
2.3175251046235584e-30,39388.55859375,22663.060546875,0.0,0.0,7.698145454426708e-10,-0.00157125,0.0006146356,0.0006146356,1.4293681e-21,1.2705494e-21,-1.323489e-21,-0.00045688404,0.0003917667,0.0003917667,3.213985e-22,1.3676546e-22,2.944647e-23,10168611.0,-10168611.0,-10168611.0,10168611.0,10168611.0,-10168611.0,-10168611.0,10168611.0,54.45327,54.45327,0.0,0.0,54.45327,54.45327,0.0,0.0,54.45327,54.45327,54.45327,54.45327,0.0,0.0,0.0,0.0,-40674444.0,-217.81308,-217.81308,1.6850372e-11,1.7242964e-11,-2.0575893e-11,1.7204983e-33,-0.00157125,-0.00157125,1.7204983e-33,1.7204983e-33,-0.00157125,-0.00157125,1.7204983e-33,2.607397e-34,2.607397e-34,0.0006146356,0.0006146356,2.607397e-34,2.607397e-34,0.0006146356,0.0006146356,2.607397e-34,2.607397e-34,2.607397e-34,2.607397e-34,0.0006146356,0.0006146356,0.0006146356,0.0006146356,Uniaxial,0.2094999998807907
2.6862221991431512e-30,39999.0703125,22723.84375,0.0,0.0,7.698145454426708e-10,-0.00158625,0.0006265045,0.0006265045,1.4293681e-21,8.4703295e-22,-1.7470055e-21,-0.00047039063,0.00040334824,0.00040334824,3.417759e-22,1.4982847e-22,-3.2254452e-24,10182296.0,-10182296.0,-10182296.0,10182296.0,10182296.0,-10182296.0,-10182296.0,10182296.0,198.50212,198.50212,0.0,0.0,198.50212,198.50212,0.0,0.0,198.50212,198.50212,198.50212,198.50212,0.0,0.0,0.0,0.0,-40729184.0,-794.0085,-794.0085,1.6540465e-11,1.0603318e-11,-2.6519988e-11,2.0463122e-32,-0.00158625,-0.00158625,2.0463122e-32,2.0463122e-32,-0.00158625,-0.00158625,2.0463122e-32,2.813301e-33,2.813301e-33,0.0006265045,0.0006265045,2.813301e-33,2.813301e-33,0.0006265045,0.0006265045,2.813301e-33,2.813301e-33,2.813301e-33,2.813301e-33,0.0006265045,0.0006265045,0.0006265045,0.0006265045,Uniaxial,0.21150000393390656
2.3175251046235584e-30,40610.32421875,22772.337890625,0.0,0.0,7.698145454426708e-10,-0.00160125,0.00063859957,0.00063859957,1.8528846e-21,1.2705494e-21,3.7587087e-21,-0.0004842006,0.00041518995,0.00041518995,3.7015022e-22,1.7087243e-22,6.741302e-23,10193077.0,-10193077.0,-10193077.0,10193077.0,10193077.0,-10193077.0,-10193077.0,10193077.0,3.171766,3.171766,0.0,0.0,3.171766,3.171766,0.0,0.0,3.171766,3.171766,3.171766,3.171766,0.0,0.0,0.0,0.0,-40772308.0,-12.687064,-12.687064,2.2549919e-11,1.6724254e-11,5.6138455e-11,2.901346e-33,-0.00160125,-0.00160125,2.901346e-33,2.901346e-33,-0.00160125,-0.00160125,2.901346e-33,3.4348574e-34,3.4348574e-34,0.00063859957,0.00063859957,3.4348574e-34,3.4348574e-34,0.00063859957,0.00063859957,3.4348574e-34,3.4348574e-34,3.4348574e-34,3.4348574e-34,0.00063859957,0.00063859957,0.00063859957,0.00063859957,Uniaxial,0.2134999930858612
1.8961568353905128e-30,41222.28125,22827.931640625,0.0,0.0,7.698145454426708e-10,-0.00161625,0.0006505659,0.0006505659,1.4293681e-21,1.2705494e-21,-3.0175549e-21,-0.0004978379,0.00042688358,0.00042688358,3.8977176e-22,1.9124345e-22,1.0265382e-23,10205511.0,-10205511.0,-10205511.0,10205511.0,10205511.0,-10205511.0,-10205511.0,10205511.0,0.9528776,0.9528776,0.0,0.0,0.9528776,0.9528776,0.0,0.0,0.9528776,0.9528776,0.9528776,0.9528776,0.0,0.0,0.0,0.0,-40822044.0,-3.8115103,-3.8115103,1.5810528e-11,1.6414444e-11,-4.60481e-11,-1.6552803e-33,-0.00161625,-0.00161625,-1.6552803e-33,-1.6552803e-33,-0.00161625,-0.00161625,-1.6552803e-33,-1.897784e-34,-1.897784e-34,0.0006505659,0.0006505659,-1.897784e-34,-1.897784e-34,0.0006505659,0.0006505659,-1.897784e-34,-1.897784e-34,-1.897784e-34,-1.897784e-34,0.0006505659,0.0006505659,0.0006505659,0.0006505659,Uniaxial,0.21549999713897705
2.6862221991431512e-30,41834.984375,22883.640625,0.0,0.0,7.699825221862966e-10,-0.00163125,0.0006625314,0.0006625314,1.0058516e-21,1.2705494e-21,2.9116758e-21,-0.0005114741,0.00043857624,0.00043857624,4.011698e-22,2.1121158e-22,6.394405e-23,10217955.0,-10217955.0,-10217955.0,10217955.0,10217955.0,-10217955.0,-10217955.0,10217955.0,-3.082074e-05,-3.082073e-05,0.0,0.0,-3.0820716e-05,-3.0820705e-05,0.0,0.0,-3.0820745e-05,-3.0820727e-05,-3.08207e-05,-3.082072e-05,0.0,0.0,0.0,0.0,-40871820.0,0.0001232829,0.0001232829,9.196203e-12,1.6110764e-11,4.3309252e-11,-1.0889425e-35,-0.00163125,-0.00163125,-1.0889425e-35,-1.0889425e-35,-0.00163125,-0.00163125,-1.0889425e-35,-1.2609459e-36,-1.2609459e-36,0.0006625314,0.0006625314,-1.2609459e-36,-1.2609459e-36,0.0006625314,0.0006625314,-1.2609459e-36,-1.2609459e-36,-1.2609459e-36,-1.2609459e-36,0.0006625314,0.0006625314,0.0006625314,0.0006625314,Uniaxial,0.2175000011920929
2.5282092392400812e-30,42448.4375,22939.453125,0.0,0.0,7.743530816561872e-10,-0.00164625,0.0006744963,0.0006744963,1.4293681e-21,2.1175824e-21,-1.323489e-21,-0.00052510935,0.00045026815,0.00045026815,4.2016847e-22,2.4643681e-22,3.830756e-23,10230408.0,-10230408.0,-10230408.0,10230408.0,10230408.0,-10230408.0,-10230408.0,10230408.0,-0.00080300076,-0.00080300076,0.0,0.0,-0.00080300076,-0.00080300076,0.0,0.0,-0.00080300076,-0.00080300076,-0.00080300076,-0.00080300076,0.0,0.0,0.0,0.0,-40921630.0,0.003212003,0.003212003,1.5348245e-11,2.8457006e-11,-2.0710655e-11,-8.217063e-36,-0.00164625,-0.00164625,-8.217063e-36,-8.217063e-36,-0.00164625,-0.00164625,-8.217063e-36,-9.514985e-37,-9.514985e-37,0.0006744963,0.0006744963,-9.514985e-37,-9.514985e-37,0.0006744963,0.0006744963,-9.514985e-37,-9.514985e-37,-9.514985e-37,-9.514985e-37,0.0006744963,0.0006744963,0.0006744963,0.0006744963,Uniaxial,0.21950000524520874
3.1075904683761968e-30,43062.6328125,22995.33203125,0.0,0.0,7.743687913119857e-10,-0.00166125,0.00068646116,0.00068646116,1.8528846e-21,8.4703295e-22,3.7057691e-22,-0.0005387447,0.0004619601,0.0004619601,4.466101e-22,2.5752116e-22,4.4439785e-23,10242861.0,-10242861.0,-10242861.0,10242861.0,10242861.0,-10242861.0,-10242861.0,10242861.0,-2.8950267e-06,-2.8950083e-06,0.0,0.0,-2.8950242e-06,-2.8950058e-06,0.0,0.0,-2.8973568e-06,-2.8973425e-06,-2.8973323e-06,-2.8973466e-06,0.0,0.0,0.0,0.0,-40971444.0,1.1580065e-05,1.1589378e-05,2.1387092e-11,8.9654915e-12,4.960002e-12,-1.520152e-38,-0.00166125,-0.00166125,-1.520152e-38,-1.520152e-38,-0.00166125,-0.00166125,-1.520152e-38,-1.760268e-39,-1.760268e-39,0.00068646116,0.00068646116,-1.760268e-39,-1.760268e-39,0.00068646116,0.00068646116,-1.760266e-39,-1.760266e-39,-1.760266e-39,-1.760266e-39,0.00068646116,0.00068646116,0.00068646116,0.00068646116,Uniaxial,0.2214999943971634
2.5282092392400812e-30,43677.578125,23051.279296875,0.0,0.0,7.743687913119857e-10,-0.00167625,0.000698426,0.000698426,1.4293681e-21,1.2705494e-21,-5.293956e-23,-0.00055238,0.000473652,0.000473652,4.6472586e-22,2.7619492e-22,4.2644735e-23,10255314.0,-10255314.0,-10255314.0,10255314.0,10255314.0,-10255314.0,-10255314.0,10255314.0,1.490107e-06,1.4901221e-06,0.0,0.0,1.4901101e-06,1.4901252e-06,0.0,0.0,1.4901069e-06,1.4901242e-06,1.4901253e-06,1.490108e-06,0.0,0.0,0.0,0.0,-41021256.0,-5.9604645e-06,-5.9604645e-06,1.4670602e-11,1.5122474e-11,-1.4536778e-12,5.209036e-39,-0.00167625,-0.00167625,5.209036e-39,5.209036e-39,-0.00167625,-0.00167625,5.209036e-39,6.03183e-40,6.03183e-40,0.000698426,0.000698426,6.03183e-40,6.03183e-40,0.000698426,0.000698426,6.03182e-40,6.03182e-40,6.03182e-40,6.03182e-40,0.000698426,0.000698426,0.000698426,0.000698426,Uniaxial,0.22349999845027924
2.2648541179892017e-30,44293.26953125,23107.294921875,0.0,0.0,7.743721219810595e-10,-0.00169125,0.00071039086,0.00071039086,1.4293681e-21,2.5410988e-21,2.0646428e-21,-0.0005660153,0.00048534392,0.00048534392,4.824865e-22,3.1789552e-22,7.987305e-23,10267767.0,-10267767.0,-10267767.0,10267767.0,10267767.0,-10267767.0,-10267767.0,10267767.0,-6.109626e-07,-6.109496e-07,0.0,0.0,-6.109456e-07,-6.109326e-07,0.0,0.0,-6.109704e-07,-6.109438e-07,-6.109248e-07,-6.109514e-07,0.0,0.0,0.0,0.0,-41071068.0,2.4437904e-06,2.4437904e-06,1.4400491e-11,3.3811218e-11,3.018504e-11,-1.605134e-39,-0.00169125,-0.00169125,-1.605134e-39,-1.605134e-39,-0.00169125,-0.00169125,-1.605134e-39,-1.85868e-40,-1.85868e-40,0.00071039086,0.00071039086,-1.85868e-40,-1.85868e-40,0.00071039086,0.00071039086,-1.85867e-40,-1.85867e-40,-1.85867e-40,-1.85867e-40,0.00071039086,0.00071039086,0.00071039086,0.00071039086,Uniaxial,0.22550000250339508
1.8961568353905128e-30,44909.7109375,23163.37890625,0.0,0.0,7.743764518508556e-10,-0.00170625,0.00072235573,0.00072235573,1.4293681e-21,1.6940659e-21,7.940934e-22,-0.0005796506,0.00049703586,0.00049703586,4.998994e-22,3.4320296e-22,9.300739e-23,10280220.0,-10280220.0,-10280220.0,10280220.0,10280220.0,-10280220.0,-10280220.0,10280220.0,-7.981535e-07,-7.981387e-07,0.0,0.0,-7.981482e-07,-7.981334e-07,0.0,0.0,-7.981571e-07,-7.98139e-07,-7.981298e-07,-7.981479e-07,0.0,0.0,0.0,0.0,-41120880.0,3.1925738e-06,3.1925738e-06,1.4135669e-11,2.0544373e-11,1.06623495e-11,-1.672328e-39,-0.00170625,-0.00170625,-1.672328e-39,-1.672328e-39,-0.00170625,-0.00170625,-1.672328e-39,-1.93647e-40,-1.93647e-40,0.00072235573,0.00072235573,-1.93647e-40,-1.93647e-40,0.00072235573,0.00072235573,-1.9365e-40,-1.9365e-40,-1.9365e-40,-1.9365e-40,0.00072235573,0.00072235573,0.00072235573,0.00072235573,Uniaxial,0.22750000655651093
2.2648541179892017e-30,45526.8984375,23219.529296875,0.0,0.0,7.743815033656176e-10,-0.00172125,0.0007343206,0.0007343206,1.8528846e-21,8.4703295e-22,-8.999725e-22,-0.0005932859,0.0005087278,0.0005087278,5.2475093e-22,3.5245727e-22,7.476842e-23,10292672.0,-10292672.0,-10292672.0,10292672.0,10292672.0,-10292672.0,-10292672.0,10292672.0,-9.439016e-07,-9.438857e-07,0.0,0.0,-9.4390515e-07,-9.4388923e-07,0.0,0.0,-9.438994e-07,-9.4388594e-07,-9.4389145e-07,-9.439049e-07,0.0,0.0,0.0,0.0,-41170690.0,3.7755817e-06,3.7755817e-06,2.0198699e-11,7.521672e-12,-1.4824185e-11,-1.650616e-39,-0.00172125,-0.00172125,-1.650616e-39,-1.650616e-39,-0.00172125,-0.00172125,-1.650616e-39,-1.91134e-40,-1.91134e-40,0.0007343206,0.0007343206,-1.91134e-40,-1.91134e-40,0.0007343206,0.0007343206,-1.91133e-40,-1.91133e-40,-1.91133e-40,-1.91133e-40,0.0007343206,0.0007343206,0.0007343206,0.0007343206,Uniaxial,0.22949999570846558
2.0014989967383223e-30,46144.83203125,23275.75,0.0,0.0,7.743874430587994e-10,-0.00173625,0.0007462854,0.0007462854,1.4293681e-21,1.6940659e-21,2.4881593e-21,-0.0006069212,0.0005204197,0.0005204197,5.4134715e-22,3.770706e-22,1.1904479e-22,10305125.0,-10305125.0,-10305125.0,10305125.0,10305125.0,-10305125.0,-10305125.0,10305125.0,-1.096182e-06,-1.0961694e-06,0.0,0.0,-1.0961639e-06,-1.0961513e-06,0.0,0.0,-1.0961855e-06,-1.0961658e-06,-1.0961478e-06,-1.0961676e-06,0.0,0.0,0.0,0.0,-41220500.0,4.3846667e-06,4.3846667e-06,1.3505318e-11,2.0029303e-11,3.6030283e-11,-1.644788e-39,-0.00173625,-0.00173625,-1.644788e-39,-1.644788e-39,-0.00173625,-0.00173625,-1.644788e-39,-1.90459e-40,-1.90459e-40,0.0007462854,0.0007462854,-1.90459e-40,-1.90459e-40,0.0007462854,0.0007462854,-1.9046e-40,-1.9046e-40,-1.9046e-40,-1.9046e-40,0.0007462854,0.0007462854,0.0007462854,0.0007462854,Uniaxial,0.23149999976158142
1.68547270077399e-30,46763.51171875,23332.037109375,0.0,0.0,7.743941599080983e-10,-0.00175125,0.0007582503,0.0007582503,1.8528846e-21,1.6940659e-21,-1.323489e-21,-0.00062055653,0.0005321116,0.0005321116,5.6538027e-22,4.0120373e-22,9.261124e-23,10317578.0,-10317578.0,-10317578.0,10317578.0,10317578.0,-10317578.0,-10317578.0,10317578.0,-1.2479757e-06,-1.24796e-06,0.0,0.0,-1.2479845e-06,-1.2479688e-06,0.0,0.0,-1.2479776e-06,-1.24796e-06,-1.2479669e-06,-1.2479845e-06,0.0,0.0,0.0,0.0,-41270310.0,4.991889e-06,4.991889e-06,1.9580794e-11,1.9662279e-11,-2.1536524e-11,-1.63944e-39,-0.00175125,-0.00175125,-1.63944e-39,-1.63944e-39,-0.00175125,-0.00175125,-1.63944e-39,-1.89841e-40,-1.89841e-40,0.0007582503,0.0007582503,-1.89841e-40,-1.89841e-40,0.0007582503,0.0007582503,-1.8984e-40,-1.8984e-40,-1.8984e-40,-1.8984e-40,0.0007582503,0.0007582503,0.0007582503,0.0007582503,Uniaxial,0.23350000381469727
1.369446592888754e-30,47382.94140625,23388.392578125,0.0,0.0,7.744017094246658e-10,-0.00176625,0.0007702152,0.0007702152,1.0058516e-21,1.2705494e-21,1.6411263e-21,-0.00063419185,0.00054380356,0.00054380356,5.734421e-22,4.1711511e-22,1.2095325e-22,10330031.0,-10330031.0,-10330031.0,10330031.0,10330031.0,-10330031.0,-10330031.0,10330031.0,-1.4002558e-06,-1.4002467e-06,0.0,0.0,-1.4002403e-06,-1.4002312e-06,0.0,0.0,-1.3988584e-06,-1.3988462e-06,-1.3988346e-06,-1.3988468e-06,0.0,0.0,0.0,0.0,-41320124.0,5.600974e-06,5.595386e-06,6.5762283e-12,1.2979314e-11,2.3119298e-11,-1.634061e-39,-0.00176625,-0.00176625,-1.634061e-39,-1.634061e-39,-0.00176625,-0.00176625,-1.634061e-39,-1.89216e-40,-1.89216e-40,0.0007702152,0.0007702152,-1.89216e-40,-1.89216e-40,0.0007702152,0.0007702152,-1.89217e-40,-1.89217e-40,-1.89217e-40,-1.89217e-40,0.0007702152,0.0007702152,0.0007702152,0.0007702152,Uniaxial,0.23549999296665192
1.738143875487443e-30,48003.1171875,23444.814453125,0.0,0.0,7.744100360973505e-10,-0.00178125,0.00078218005,0.00078218005,1.0058516e-21,8.4703295e-22,7.940934e-22,-0.0006478271,0.00055549544,0.00055549544,5.81347e-22,4.2497444e-22,1.3325898e-22,10342484.0,-10342484.0,-10342484.0,10342484.0,10342484.0,-10342484.0,-10342484.0,10342484.0,-1.5469358e-06,-1.5469286e-06,0.0,0.0,-1.546925e-06,-1.5469178e-06,0.0,0.0,-1.5469367e-06,-1.5469277e-06,-1.5469169e-06,-1.5469259e-06,0.0,0.0,0.0,0.0,-41369936.0,6.187707e-06,6.187707e-06,6.4560076e-12,6.418806e-12,1.005019e-11,-1.628726e-39,-0.00178125,-0.00178125,-1.628726e-39,-1.628726e-39,-0.00178125,-0.00178125,-1.628726e-39,-1.886e-40,-1.886e-40,0.00078218005,0.00078218005,-1.886e-40,-1.886e-40,0.00078218005,0.00078218005,-1.88598e-40,-1.88598e-40,-1.88598e-40,-1.88598e-40,0.00078218005,0.00078218005,0.00078218005,0.00078218005,Uniaxial,0.23749999701976776
1.4747886601970153e-30,48624.0390625,23501.306640625,0.0,0.0,7.744191954373036e-10,-0.00179625,0.0007941449,0.0007941449,1.0058516e-21,1.2705494e-21,-5.293956e-23,-0.0006614624,0.0005671874,0.0005671874,5.8909825e-22,4.404142e-22,1.2985909e-22,10354937.0,-10354937.0,-10354937.0,10354937.0,10354937.0,-10354937.0,-10354937.0,10354937.0,-1.6954785e-06,-1.6954714e-06,0.0,0.0,-1.6954741e-06,-1.695467e-06,0.0,0.0,-1.69548e-06,-1.695468e-06,-1.6954655e-06,-1.6954775e-06,0.0,0.0,0.0,0.0,-41419748.0,6.781891e-06,6.781891e-06,6.3381245e-12,1.2624973e-11,-2.7800626e-12,-1.623368e-39,-0.00179625,-0.00179625,-1.623368e-39,-1.623368e-39,-0.00179625,-0.00179625,-1.623368e-39,-1.87979e-40,-1.87979e-40,0.0007941449,0.0007941449,-1.87979e-40,-1.87979e-40,0.0007941449,0.0007941449,-1.87979e-40,-1.87979e-40,-1.87979e-40,-1.87979e-40,0.0007941449,0.0007941449,0.0007941449,0.0007941449,Uniaxial,0.2395000010728836
1.1587625523117792e-30,49245.70703125,23557.865234375,0.0,0.0,7.744290764222228e-10,-0.00181125,0.00080610975,0.00080610975,1.0058516e-21,8.4703295e-22,3.7057691e-22,-0.00067509775,0.0005788793,0.0005788793,5.96699e-22,4.478301e-22,1.3424928e-22,10367389.0,-10367389.0,-10367389.0,10367389.0,10367389.0,-10367389.0,-10367389.0,10367389.0,-1.8416957e-06,-1.8416907e-06,0.0,0.0,-1.84169e-06,-1.841685e-06,0.0,0.0,-1.8430947e-06,-1.8430858e-06,-1.8430801e-06,-1.843089e-06,0.0,0.0,0.0,0.0,-41469556.0,7.3667616e-06,7.3723495e-06,6.22253e-12,6.0712095e-12,3.5941493e-12,-1.618092e-39,-0.00181125,-0.00181125,-1.618092e-39,-1.618092e-39,-0.00181125,-0.00181125,-1.618092e-39,-1.87368e-40,-1.87368e-40,0.00080610975,0.00080610975,-1.87368e-40,-1.87368e-40,0.00080610975,0.00080610975,-1.87368e-40,-1.87368e-40,-1.87368e-40,-1.87368e-40,0.00080610975,0.00080610975,0.00080610975,0.00080610975,Uniaxial,0.24150000512599945
1.2641046196200406e-30,49867.83984375,23581.994140625,0.0,0.0005102085415273905,7.744290764222228e-10,-0.00182625,0.00081839575,0.00081839575,5.8233515e-22,1.6940659e-21,1.2176099e-21,-0.00068922597,0.0005909939,0.0005909939,5.964279e-22,4.713474e-22,1.54693e-22,10370066.0,-10370066.0,-10370066.0,10370066.0,10370066.0,-10370066.0,-10370066.0,10370066.0,37.4071,37.4071,0.0,0.0,37.4071,37.4071,0.0,0.0,37.4071,37.4071,37.4071,37.4071,0.0,0.0,0.0,0.0,-41480264.0,-149.6284,-149.6284,-2.1421813e-13,1.8586023e-11,1.6156946e-11,4.1248887e-33,-0.00182625,-0.00182625,4.1248887e-33,4.1248887e-33,-0.00182625,-0.00182625,4.1248887e-33,4.7764335e-34,4.7764335e-34,0.00081839575,0.00081839575,4.7764335e-34,4.7764335e-34,0.00081839575,0.00081839575,4.7764335e-34,4.7764335e-34,4.7764335e-34,4.7764335e-34,0.00081839575,0.00081839575,0.00081839575,0.00081839575,Uniaxial,0.2434999942779541
1.0007494983691611e-30,50489.625,23550.013671875,0.0,0.0018326767021790147,7.744290764222228e-10,-0.00184125,0.0008312717,0.0008312717,1.0058516e-21,8.4703295e-22,1.2176099e-21,-0.00070424477,0.0006038721,0.0006038721,6.0463136e-22,4.7887487e-22,1.7599025e-22,10356166.0,-10356166.0,-10356166.0,10356166.0,10356166.0,-10356166.0,-10356166.0,10356166.0,18.32158,18.32158,0.0,0.0,18.32158,18.32158,0.0,0.0,18.32158,18.32158,18.32158,18.32158,0.0,0.0,0.0,0.0,-41424664.0,-73.28632,-73.28632,6.0907082e-12,5.58881e-12,1.5812266e-11,8.32319e-33,-0.00184125,-0.00184125,8.32319e-33,8.32319e-33,-0.00184125,-0.00184125,8.32319e-33,8.340379e-34,8.340379e-34,0.0008312717,0.0008312717,8.340379e-34,8.340379e-34,0.0008312717,0.0008312717,8.340379e-34,8.340379e-34,8.340379e-34,8.340379e-34,0.0008312717,0.0008312717,0.0008312717,0.0008312717,Uniaxial,0.24549999833106995
1.4221176735626587e-30,51110.57421875,23518.0546875,0.0,0.0031551052816212177,7.750716179977246e-10,-0.00185625,0.0008441473,0.0008441473,5.8233515e-22,8.4703295e-22,2.0646428e-21,-0.0007192631,0.0006167499,0.0006167499,6.0418465e-22,4.862514e-22,2.138319e-22,10342271.0,-10342271.0,-10342271.0,10342271.0,10342271.0,-10342271.0,-10342271.0,10342271.0,-0.00010835497,-0.00010835497,0.0,0.0,-0.00010835496,-0.00010835495,0.0,0.0,-0.00010835498,-0.000108354965,-0.00010835495,-0.00010835496,0.0,0.0,0.0,0.0,-41369084.0,0.00043341986,0.00043341986,-3.31246e-13,5.4695744e-12,2.805894e-11,-4.9799455e-36,-0.00185625,-0.00185625,-4.9799455e-36,-4.9799455e-36,-0.00185625,-0.00185625,-4.9799455e-36,-4.7504646e-37,-4.7504646e-37,0.0008441473,0.0008441473,-4.7504646e-37,-4.7504646e-37,0.0008441473,0.0008441473,-4.7504646e-37,-4.7504646e-37,-4.7504646e-37,-4.7504646e-37,0.0008441473,0.0008441473,0.0008441473,0.0008441473,Uniaxial,0.2475000023841858
1.0534204850035178e-30,51730.69921875,23486.89453125,0.0,0.004475913476198912,9.951982571365647e-10,-0.00187125,0.0008570094,0.0008570094,1.0058516e-21,1.6940659e-21,3.7057691e-22,-0.00073426304,0.000629612,0.000629612,6.122229e-22,5.104225e-22,2.169687e-22,10328568.0,-10328568.0,-10328568.0,10328568.0,10328568.0,-10328568.0,-10328568.0,10328568.0,-0.037115287,-0.037115287,0.0,0.0,-0.037115287,-0.037115287,0.0,0.0,-0.037115287,-0.037115287,-0.037115287,-0.037115287,0.0,0.0,0.0,0.0,-41314270.0,0.14846115,0.14846115,5.959642e-12,1.7920672e-11,2.3256683e-12,-1.9137368e-34,-0.00187125,-0.00187125,-1.9137368e-34,-1.9137368e-34,-0.00187125,-0.00187125,-1.9137368e-34,-1.8255499e-35,-1.8255499e-35,0.0008570094,0.0008570094,-1.8255499e-35,-1.8255499e-35,0.0008570094,0.0008570094,-1.8255499e-35,-1.8255499e-35,-1.8255499e-35,-1.8255499e-35,0.0008570094,0.0008570094,0.0008570094,0.0008570094,Uniaxial,0.24950000643730164
1.4747886601970153e-30,52350.00390625,23455.740234375,0.0,0.005796715151518583,9.964629121839153e-10,-0.00188625,0.0008698714,0.0008698714,1.0058516e-21,2.1175824e-21,-4.7645603e-22,-0.0007492629,0.000642474,0.000642474,6.2010026e-22,5.4258525e-22,2.0309179e-22,10314866.0,-10314866.0,-10314866.0,10314866.0,10314866.0,-10314866.0,-10314866.0,10314866.0,-0.00021295279,-0.00021295279,0.0,0.0,-0.0002129528,-0.00021295279,0.0,0.0,-0.0002129528,-0.00021295277,-0.00021295279,-0.0002129528,0.0,0.0,0.0,0.0,-41259464.0,0.00085181114,0.00085181114,5.832628e-12,2.3814232e-11,-1.0274882e-11,-7.787253e-37,-0.00188625,-0.00188625,-7.787253e-37,-7.787253e-37,-0.00188625,-0.00188625,-7.787253e-37,-7.428408e-38,-7.428408e-38,0.0008698714,0.0008698714,-7.428408e-38,-7.428408e-38,0.0008698714,0.0008698714,-7.428408e-38,-7.428408e-38,-7.428408e-38,-7.428408e-38,0.0008698714,0.0008698714,0.0008698714,0.0008698714,Uniaxial,0.2515000104904175
1.0534204850035178e-30,52968.484375,23424.58203125,0.0,0.007117520552128553,9.964629121839153e-10,-0.00190125,0.0008827335,0.0008827335,1.5881868e-22,2.1175824e-21,7.940934e-22,-0.0007642628,0.000655336,0.000655336,6.10869e-22,5.7410444e-22,2.1491903e-22,10301164.0,-10301164.0,-10301164.0,10301164.0,10301164.0,-10301164.0,-10301164.0,10301164.0,0.00015237521,0.00015237521,0.0,0.0,0.00015237521,0.00015237521,0.0,0.0,0.0001523752,0.00015237523,0.00015237523,0.00015237521,0.0,0.0,0.0,0.0,-41204656.0,-0.00060950086,-0.00060950086,-6.826e-12,2.3306652e-11,8.745583e-12,3.813671e-37,-0.00190125,-0.00190125,3.813671e-37,3.813671e-37,-0.00190125,-0.00190125,3.813671e-37,3.637933e-38,3.637933e-38,0.0008827335,0.0008827335,3.637933e-38,3.637933e-38,0.0008827335,0.0008827335,3.6379334e-38,3.6379334e-38,3.6379334e-38,3.6379334e-38,0.0008827335,0.0008827335,0.0008827335,0.0008827335,Uniaxial,0.2535000145435333
1.2114335389461359e-30,53586.14453125,23393.423828125,0.0,0.008438325487077236,9.964629121839153e-10,-0.00191625,0.0008955955,0.0008955955,1.0058516e-21,8.4703295e-22,-1.323489e-21,-0.00077926274,0.00066819804,0.00066819804,6.187735e-22,5.7956634e-22,1.8413208e-22,10287461.0,-10287461.0,-10287461.0,10287461.0,10287461.0,-10287461.0,-10287461.0,10287461.0,1.6779369e-06,1.6779418e-06,0.0,0.0,1.6779255e-06,1.6779304e-06,0.0,0.0,1.6779326e-06,1.6779424e-06,1.6779348e-06,1.6779251e-06,0.0,0.0,0.0,0.0,-41149844.0,-6.711735e-06,-6.711735e-06,5.8371385e-12,4.0333964e-12,-2.2734927e-11,3.18965e-39,-0.00191625,-0.00191625,3.18965e-39,3.18965e-39,-0.00191625,-0.00191625,3.18965e-39,3.04268e-40,3.04268e-40,0.0008955955,0.0008955955,3.04268e-40,3.04268e-40,0.0008955955,0.0008955955,3.04267e-40,3.04267e-40,3.04267e-40,3.04267e-40,0.0008955955,0.0008955955,0.0008955955,0.0008955955,Uniaxial,0.2554999887943268
1.0534204850035178e-30,54202.98046875,23362.267578125,0.0,0.009759129956364632,9.964776781501428e-10,-0.00193125,0.00090845756,0.00090845756,1.0058516e-21,1.6940659e-21,7.940934e-22,-0.0007942626,0.0006810601,0.0006810601,6.265198e-22,6.0186997e-22,1.9633876e-22,10273759.0,-10273759.0,-10273759.0,10273759.0,10273759.0,-10273759.0,-10273759.0,10273759.0,-2.4738974e-06,-2.4738927e-06,0.0,0.0,-2.473891e-06,-2.4738863e-06,0.0,0.0,-2.473902e-06,-2.473886e-06,-2.4738815e-06,-2.4738977e-06,0.0,0.0,0.0,0.0,-41095036.0,9.895567e-06,9.895567e-06,5.7127046e-12,1.6448376e-11,9.002133e-12,-3.792167e-39,-0.00193125,-0.00193125,-3.792167e-39,-3.792167e-39,-0.00193125,-0.00193125,-3.792167e-39,-3.61742e-40,-3.61742e-40,0.00090845756,0.00090845756,-3.61742e-40,-3.61742e-40,0.00090845756,0.00090845756,-3.61742e-40,-3.61742e-40,-3.61742e-40,-3.61742e-40,0.00090845756,0.00090845756,0.00090845756,0.00090845756,Uniaxial,0.2574999928474426
1.0007494983691611e-30,54818.9921875,23331.109375,0.0,0.011079935356974602,9.964883362911792e-10,-0.00194625,0.00092131965,0.00092131965,1.0058516e-21,1.6940659e-21,1.6411263e-21,-0.00080926256,0.0006939221,0.0006939221,6.3411103e-22,6.237272e-22,2.2525215e-22,10260056.0,-10260056.0,-10260056.0,10260056.0,10260056.0,-10260056.0,-10260056.0,10260056.0,-1.7987277e-06,-1.7987229e-06,0.0,0.0,-1.798717e-06,-1.7987123e-06,0.0,0.0,-1.7987333e-06,-1.7987174e-06,-1.7987068e-06,-1.7987226e-06,0.0,0.0,0.0,0.0,-41040224.0,7.19488e-06,7.19488e-06,5.5909136e-12,1.6097708e-11,2.1294501e-11,-2.309536e-39,-0.00194625,-0.00194625,-2.309536e-39,-2.309536e-39,-0.00194625,-0.00194625,-2.309536e-39,-2.20312e-40,-2.20312e-40,0.00092131965,0.00092131965,-2.20312e-40,-2.20312e-40,0.00092131965,0.00092131965,-2.20311e-40,-2.20311e-40,-2.2031e-40,-2.2031e-40,0.00092131965,0.00092131965,0.00092131965,0.00092131965,Uniaxial,0.25949999690055847
1.3167756062543973e-30,55434.1875,23299.953125,0.0,0.012400739826261997,9.9650054874445e-10,-0.00196125,0.0009341817,0.0009341817,1.0058516e-21,1.2705494e-21,-8.999725e-22,-0.00082426245,0.00070678414,0.00070678414,6.415504e-22,6.3667154e-22,2.0273392e-22,10246353.0,-10246353.0,-10246353.0,10246353.0,10246353.0,-10246353.0,-10246353.0,10246353.0,-2.043275e-06,-2.0432683e-06,0.0,0.0,-2.0432851e-06,-2.0432785e-06,0.0,0.0,-2.0451205e-06,-2.045108e-06,-2.0451123e-06,-2.0451248e-06,0.0,0.0,0.0,0.0,-40985412.0,8.173107e-06,8.180466e-06,5.471709e-12,9.52068e-12,-1.6562363e-11,-2.257939e-39,-0.00196125,-0.00196125,-2.257939e-39,-2.257939e-39,-0.00196125,-0.00196125,-2.257939e-39,-2.15388e-40,-2.15388e-40,0.0009341817,0.0009341817,-2.15388e-40,-2.15388e-40,0.0009341817,0.0009341817,-2.1539e-40,-2.1539e-40,-2.1539e-40,-2.1539e-40,0.0009341817,0.0009341817,0.0009341817,0.0009341817,Uniaxial,0.2615000009536743
1.68547270077399e-30,56048.5546875,23268.794921875,0.0,0.013721545226871967,9.965146485768628e-10,-0.00197625,0.0009470437,0.0009470437,1.8528846e-21,2.1175824e-21,-8.999725e-22,-0.0008392624,0.00071964617,0.00071964617,6.657919e-22,6.6630787e-22,1.8066633e-22,10232651.0,-10232651.0,-10232651.0,10232651.0,10232651.0,-10232651.0,-10232651.0,10232651.0,-2.3468826e-06,-2.34687e-06,0.0,0.0,-2.346887e-06,-2.346874e-06,0.0,0.0,-2.34918e-06,-2.3491614e-06,-2.3491693e-06,-2.3491882e-06,0.0,0.0,0.0,0.0,-40930604.0,9.387513e-06,9.396699e-06,1.7805977e-11,2.1768611e-11,-1.6209206e-11,-2.276174e-39,-0.00197625,-0.00197625,-2.276174e-39,-2.276174e-39,-0.00197625,-0.00197625,-2.276174e-39,-2.17128e-40,-2.17128e-40,0.0009470437,0.0009470437,-2.17128e-40,-2.17128e-40,0.0009470437,0.0009470437,-2.17128e-40,-2.17128e-40,-2.17128e-40,-2.17128e-40,0.0009470437,0.0009470437,0.0009470437,0.0009470437,Uniaxial,0.26350000500679016
1.4221176735626587e-30,56662.10546875,23237.638671875,0.0,0.015042349696159363,9.96530524766115e-10,-0.00199125,0.0009599058,0.0009599058,1.4293681e-21,1.6940659e-21,1.6411263e-21,-0.00085426227,0.0007325082,0.0007325082,6.810727e-22,6.8687555e-22,2.0989336e-22,10218948.0,-10218948.0,-10218948.0,10218948.0,10218948.0,-10218948.0,-10218948.0,10218948.0,-2.6487533e-06,-2.6487457e-06,0.0,0.0,-2.6487387e-06,-2.648731e-06,0.0,0.0,-2.6464638e-06,-2.6464486e-06,-2.6464338e-06,-2.6464493e-06,0.0,0.0,0.0,0.0,-40875790.0,1.0594968e-05,1.0585795e-05,1.1209139e-11,1.5087272e-11,2.1439246e-11,-2.285987e-39,-0.00199125,-0.00199125,-2.285987e-39,-2.285987e-39,-0.00199125,-0.00199125,-2.285987e-39,-2.18063e-40,-2.18063e-40,0.0009599058,0.0009599058,-2.18063e-40,-2.18063e-40,0.0009599058,0.0009599058,-2.18066e-40,-2.18066e-40,-2.18066e-40,-2.18066e-40,0.0009599058,0.0009599058,0.0009599058,0.0009599058,Uniaxial,0.265500009059906
1.2641046196200406e-30,57274.83203125,23206.48046875,0.0,0.016363155096769333,9.965481773122065e-10,-0.00200625,0.0009727678,0.0009727678,1.5881868e-22,2.1175824e-21,1.6411263e-21,-0.0008692622,0.0007453702,0.0007453702,6.706213e-22,7.1550714e-22,2.3853548e-22,10205246.0,-10205246.0,-10205246.0,10205246.0,10205246.0,-10205246.0,-10205246.0,10205246.0,-2.947961e-06,-2.9479647e-06,0.0,0.0,-2.9479465e-06,-2.9479504e-06,0.0,0.0,-2.947972e-06,-2.9479538e-06,-2.9479395e-06,-2.9479577e-06,0.0,0.0,0.0,0.0,-40820984.0,1.17918225e-05,1.17918225e-05,-7.656299e-12,2.0974313e-11,2.0982025e-11,-2.295131e-39,-0.00200625,-0.00200625,-2.295131e-39,-2.295131e-39,-0.00200625,-0.00200625,-2.295131e-39,-2.18939e-40,-2.18939e-40,0.0009727678,0.0009727678,-2.18939e-40,-2.18939e-40,0.0009727678,0.0009727678,-2.18935e-40,-2.18935e-40,-2.18935e-40,-2.18935e-40,0.0009727678,0.0009727678,0.0009727678,0.0009727678,Uniaxial,0.26750001311302185
4.635050209247117e-30,57886.734375,23175.322265625,0.0,0.017683958634734154,9.965677172374399e-10,-0.00202125,0.0009856299,0.0009856299,5.8233515e-22,1.6940659e-21,-1.7470055e-21,-0.0008842621,0.0007582323,0.0007582323,6.688545e-22,7.350903e-22,1.9880043e-22,10191543.0,-10191543.0,-10191543.0,10191543.0,10191543.0,-10191543.0,-10191543.0,10191543.0,-3.2504636e-06,-3.2504643e-06,0.0,0.0,-3.250482e-06,-3.2504827e-06,0.0,0.0,-3.2491068e-06,-3.2490918e-06,-3.2490948e-06,-3.2491098e-06,0.0,0.0,0.0,0.0,-40766172.0,1.30018925e-05,1.2996403e-05,-1.2925457e-12,1.43265105e-11,-2.9069153e-11,-2.304395e-39,-0.00202125,-0.00202125,-2.304395e-39,-2.304395e-39,-0.00202125,-0.00202125,-2.304395e-39,-2.19819e-40,-2.19819e-40,0.0009856299,0.0009856299,-2.19819e-40,-2.19819e-40,0.0009856299,0.0009856299,-2.19823e-40,-2.19823e-40,-2.19823e-40,-2.19823e-40,0.0009856299,0.0009856299,0.0009856299,0.0009856299,Uniaxial,0.2694999873638153
1.8961568353905128e-30,58497.3984375,23112.654296875,0.0,0.020340317860245705,9.965677172374399e-10,-0.00203625,0.000998492,0.000998492,1.0058516e-21,1.6940659e-21,1.6411263e-21,-0.0008992621,0.0007710944,0.0007710944,6.7559855e-22,7.542816e-22,2.276647e-22,10163984.0,-10163984.0,-10163984.0,10163984.0,10163984.0,-10163984.0,-10163984.0,10163984.0,0.0012000747,0.0012000747,0.0,0.0,0.0012000747,0.0012000747,0.0,0.0,0.0012000747,0.0012000747,0.0012000747,0.0012000747,0.0,0.0,0.0,0.0,-40655936.0,-0.0048002987,-0.0048002987,4.9204373e-12,1.4001838e-11,2.1059153e-11,7.2063e-37,-0.00203625,-0.00203625,7.2063e-37,7.2063e-37,-0.00203625,-0.00203625,7.2063e-37,6.874226e-38,6.874226e-38,0.000998492,0.000998492,6.874226e-38,6.874226e-38,0.000998492,0.000998492,6.8742266e-38,6.8742266e-38,6.8742266e-38,6.8742266e-38,0.000998492,0.000998492,0.000998492,0.000998492,Uniaxial,0.27149999141693115
6.320523098100203e-31,59106.1171875,23027.775390625,0.0,0.023937951773405075,9.965677172374399e-10,-0.00205125,0.0010113542,0.0010113542,5.8233515e-22,1.6940659e-21,-5.293956e-23,-0.00091426214,0.00078395655,0.00078395655,6.7373215e-22,7.730889e-22,2.2204915e-22,10126658.0,-10126658.0,-10126658.0,10126658.0,10126658.0,-10126658.0,-10126658.0,10126658.0,0.0010747468,0.0010747468,0.0,0.0,0.0010747468,0.0010747468,0.0,0.0,0.0010747481,0.0010747482,0.0010747482,0.0010747481,0.0,0.0,0.0,0.0,-40506630.0,-0.0042989873,-0.004298993,-1.3567221e-12,1.3671238e-11,-4.0820086e-12,5.3481885e-37,-0.00205125,-0.00205125,5.3481885e-37,5.3481885e-37,-0.00205125,-0.00205125,5.3481885e-37,5.1017387e-38,5.1017387e-38,0.0010113542,0.0010113542,5.1017387e-38,5.1017387e-38,0.0010113542,0.0010113542,5.1017387e-38,5.1017387e-38,5.1017387e-38,5.1017387e-38,0.0010113542,0.0010113542,0.0010113542,0.0010113542,Uniaxial,0.273499995470047
8.42736350386995e-31,59712.59765625,22942.89453125,0.0,0.027535585686564445,9.965677172374399e-10,-0.00206625,0.0010242163,0.0010242163,1.0058516e-21,1.2705494e-21,3.7057691e-22,-0.00092926214,0.0007968187,0.0007968187,6.803786e-22,7.830443e-22,2.2502153e-22,10089332.0,-10089332.0,-10089332.0,10089332.0,10089332.0,-10089332.0,-10089332.0,10089332.0,3.0630028e-05,3.0630028e-05,0.0,0.0,3.0630035e-05,3.063004e-05,0.0,0.0,3.062822e-05,3.0628224e-05,3.0628224e-05,3.062822e-05,0.0,0.0,0.0,0.0,-40357330.0,-0.00012252013,-0.00012251288,4.8136035e-12,7.2099882e-12,2.1527003e-12,1.3011771e-38,-0.00206625,-0.00206625,1.3011771e-38,1.3011771e-38,-0.00206625,-0.00206625,1.3011771e-38,1.241216e-39,1.241216e-39,0.0010242163,0.0010242163,1.241216e-39,1.241216e-39,0.0010242163,0.0010242163,1.24122e-39,1.24122e-39,1.24122e-39,1.24122e-39,0.0010242163,0.0010242163,0.0010242163,0.0010242163,Uniaxial,0.27549999952316284
1.68547270077399e-30,60316.83984375,22858.015625,0.0,0.031133219599723816,9.966938385730373e-10,-0.00208125,0.0010370783,0.0010370783,5.8233515e-22,4.2351647e-22,7.940934e-22,-0.0009442622,0.00080968085,0.00080968085,6.7841654e-22,7.7584927e-22,2.3641003e-22,10052006.0,-10052006.0,-10052006.0,10052006.0,10052006.0,-10052006.0,-10052006.0,10052006.0,-2.0695337e-05,-2.069534e-05,0.0,0.0,-2.0695326e-05,-2.0695326e-05,0.0,0.0,-2.0695337e-05,-2.0695335e-05,-2.0695328e-05,-2.069533e-05,0.0,0.0,0.0,0.0,-40208024.0,8.278133e-05,8.278133e-05,-1.4157449e-12,-5.1915703e-12,8.21738e-12,-7.670903e-39,-0.00208125,-0.00208125,-7.670903e-39,-7.670903e-39,-0.00208125,-0.00208125,-7.670903e-39,-7.31741e-40,-7.31741e-40,0.0010370783,0.0010370783,-7.31741e-40,-7.31741e-40,0.0010370783,0.0010370783,-7.31743e-40,-7.31743e-40,-7.31743e-40,-7.31743e-40,0.0010370783,0.0010370783,0.0010370783,0.0010370783,Uniaxial,0.2775000035762787
1.8961568353905128e-30,60918.83984375,22773.13671875,0.0,0.03473085165023804,9.966938385730373e-10,-0.00209625,0.0010499405,0.0010499405,1.0058516e-21,2.1175824e-21,7.940934e-22,-0.00095926225,0.000822543,0.000822543,6.849693e-22,8.0270053e-22,2.475706e-22,10014680.0,-10014680.0,-10014680.0,10014680.0,10014680.0,-10014680.0,-10014680.0,10014680.0,6.5207223e-06,6.5207246e-06,0.0,0.0,6.520734e-06,6.5207364e-06,0.0,0.0,6.518919e-06,6.518936e-06,6.518944e-06,6.5189265e-06,0.0,0.0,0.0,0.0,-40058720.0,-2.6082917e-05,-2.6075726e-05,4.7105956e-12,1.9302643e-11,8.023028e-12,2.143196e-39,-0.00209625,-0.00209625,2.143196e-39,2.143196e-39,-0.00209625,-0.00209625,2.143196e-39,2.04444e-40,2.04444e-40,0.0010499405,0.0010499405,2.04444e-40,2.04444e-40,0.0010499405,0.0010499405,2.04444e-40,2.04444e-40,2.04444e-40,2.04444e-40,0.0010499405,0.0010499405,0.0010499405,0.0010499405,Uniaxial,0.27950000762939453
3.581629724243599e-30,61518.6015625,22688.2578125,0.0,0.03832848742604256,9.966938385730373e-10,-0.00211125,0.0010628026,0.0010628026,1.0058516e-21,2.9646153e-21,5.029258e-21,-0.0009742623,0.00083540514,0.00083540514,6.913909e-22,8.459656e-22,3.4326357e-22,9977354.0,-9977354.0,-9977354.0,9977354.0,9977354.0,-9977354.0,-9977354.0,9977354.0,1.1066785e-05,1.1066788e-05,0.0,0.0,1.1066827e-05,1.106683e-05,0.0,0.0,1.10667725e-05,1.1066796e-05,1.10668425e-05,1.1066819e-05,0.0,0.0,0.0,0.0,-39909416.0,-4.426723e-05,-4.426723e-05,4.59912e-12,3.0986144e-11,6.853464e-11,3.26731e-39,-0.00211125,-0.00211125,3.26731e-39,3.26731e-39,-0.00211125,-0.00211125,3.26731e-39,3.11675e-40,3.11675e-40,0.0010628026,0.0010628026,3.11675e-40,3.11675e-40,0.0010628026,0.0010628026,3.11674e-40,3.11674e-40,3.11674e-40,3.11674e-40,0.0010628026,0.0010628026,0.0010628026,0.0010628026,Uniaxial,0.2815000116825104
3.581629724243599e-30,62116.12109375,22603.37890625,0.0,0.04192611947655678,9.966938385730373e-10,-0.00212625,0.0010756648,0.0010756648,1.0058516e-21,1.6940659e-21,-4.7645603e-22,-0.0009892624,0.0008482673,0.0008482673,6.9768403e-22,8.629381e-22,3.2685903e-22,9940028.0,-9940028.0,-9940028.0,9940028.0,9940028.0,-9940028.0,-9940028.0,9940028.0,1.1567908e-05,1.156791e-05,0.0,0.0,1.15679095e-05,1.1567912e-05,0.0,0.0,1.15679e-05,1.1567914e-05,1.15679195e-05,1.1567906e-05,0.0,0.0,0.0,0.0,-39760110.0,-4.627164e-05,-4.627164e-05,4.49022e-12,1.2110119e-11,-1.1704868e-11,3.100908e-39,-0.00212625,-0.00212625,3.100908e-39,3.100908e-39,-0.00212625,-0.00212625,3.100908e-39,2.958e-40,2.958e-40,0.0010756648,0.0010756648,2.958e-40,2.958e-40,0.0010756648,0.0010756648,2.95803e-40,2.95803e-40,2.95803e-40,2.95803e-40,0.0010756648,0.0010756648,0.0010756648,0.0010756648,Uniaxial,0.28349998593330383
5.0564184784801624e-30,62711.40234375,22518.5,0.0,0.0455237552523613,9.966938385730373e-10,-0.00214125,0.0010885269,0.0010885269,1.0058516e-21,1.2705494e-21,-4.7645603e-22,-0.0010042624,0.00086112943,0.00086112943,7.038512e-22,8.710954e-22,3.1078277e-22,9902703.0,-9902703.0,-9902703.0,9902703.0,9902703.0,-9902703.0,-9902703.0,9902703.0,1.2576068e-05,1.2576074e-05,0.0,0.0,1.2576066e-05,1.2576073e-05,0.0,0.0,1.257606e-05,1.2576074e-05,1.2576081e-05,1.2576066e-05,0.0,0.0,0.0,0.0,-39610812.0,-5.0304283e-05,-5.0304283e-05,4.3838357e-12,5.798472e-12,-1.14275525e-11,3.086165e-39,-0.00214125,-0.00214125,3.086165e-39,3.086165e-39,-0.00214125,-0.00214125,3.086165e-39,2.94395e-40,2.94395e-40,0.0010885269,0.0010885269,2.94395e-40,2.94395e-40,0.0010885269,0.0010885269,2.94395e-40,2.94395e-40,2.94395e-40,2.94395e-40,0.0010885269,0.0010885269,0.0010885269,0.0010885269,Uniaxial,0.2854999899864197
6.952575501949771e-30,63304.4453125,22433.62109375,0.0,0.04912138730287552,9.966938385730373e-10,-0.00215625,0.0011013891,0.0011013891,1.8528846e-21,3.3881318e-21,7.940934e-22,-0.0010192625,0.0008739916,0.0008739916,7.268461e-22,9.214673e-22,3.2045496e-22,9865377.0,-9865377.0,-9865377.0,9865377.0,9865377.0,-9865377.0,-9865377.0,9865377.0,1.380698e-05,1.3806995e-05,0.0,0.0,1.3806995e-05,1.3807011e-05,0.0,0.0,1.3806973e-05,1.3807006e-05,1.3807018e-05,1.38069845e-05,0.0,0.0,0.0,0.0,-39461508.0,-5.522798e-05,-5.522798e-05,1.6283957e-11,3.5671122e-11,6.8494173e-12,3.124279e-39,-0.00215625,-0.00215625,3.124279e-39,3.124279e-39,-0.00215625,-0.00215625,3.124279e-39,2.98031e-40,2.98031e-40,0.0011013891,0.0011013891,2.98031e-40,2.98031e-40,0.0011013891,0.0011013891,2.98031e-40,2.98031e-40,2.98031e-40,2.98031e-40,0.0011013891,0.0011013891,0.0011013891,0.0011013891,Uniaxial,0.2874999940395355
6.952575501949771e-30,63895.25,22348.7421875,0.0,0.05271902307868004,9.966938385730373e-10,-0.00217125,0.0011142512,0.0011142512,2.276401e-21,4.2351647e-21,2.4881593e-21,-0.0010342625,0.0008868537,0.0008868537,7.578564e-22,9.877823e-22,3.638359e-22,9828051.0,-9828051.0,-9828051.0,9828051.0,9828051.0,-9828051.0,-9828051.0,9828051.0,1.5061308e-05,1.5061327e-05,0.0,0.0,1.5061335e-05,1.5061354e-05,0.0,0.0,1.50613e-05,1.5061339e-05,1.5061361e-05,1.5061323e-05,0.0,0.0,0.0,0.0,-39312204.0,-6.0245322e-05,-6.0245322e-05,2.1877012e-11,4.6783626e-11,3.0604203e-11,3.162117e-39,-0.00217125,-0.00217125,3.162117e-39,3.162117e-39,-0.00217125,-0.00217125,3.162117e-39,3.01641e-40,3.01641e-40,0.0011142512,0.0011142512,3.01641e-40,3.01641e-40,0.0011142512,0.0011142512,3.01641e-40,3.01641e-40,3.01641e-40,3.01641e-40,0.0011142512,0.0011142512,0.0011142512,0.0011142512,Uniaxial,0.28949999809265137
1.0112836956960325e-29,64483.8125,22263.86328125,0.0,0.05631665512919426,9.966938385730373e-10,-0.00218625,0.0011271134,0.0011271134,1.8528846e-21,2.9646153e-21,1.2176099e-21,-0.0010492625,0.0008997159,0.0008997159,7.7977055e-22,1.0273435e-21,3.8092197e-22,9790725.0,-9790725.0,-9790725.0,9790725.0,9790725.0,-9790725.0,-9790725.0,9790725.0,1.6335169e-05,1.6335189e-05,0.0,0.0,1.633518e-05,1.63352e-05,0.0,0.0,1.6335158e-05,1.6335192e-05,1.6335209e-05,1.6335176e-05,0.0,0.0,0.0,0.0,-39162900.0,-6.534073e-05,-6.534073e-05,1.5401173e-11,2.7803437e-11,1.200802e-11,3.198303e-39,-0.00218625,-0.00218625,3.198303e-39,3.198303e-39,-0.00218625,-0.00218625,3.198304e-39,3.05092e-40,3.05092e-40,0.0011271134,0.0011271134,3.05092e-40,3.05092e-40,0.0011271134,0.0011271134,3.05092e-40,3.05092e-40,3.05092e-40,3.05092e-40,0.0011271134,0.0011271134,0.0011271134,0.0011271134,Uniaxial,0.2915000021457672
1.3694466305045731e-29,65070.13671875,22178.984375,0.0,0.05991429090499878,9.966938385730373e-10,-0.00220125,0.0011399755,0.0011399755,3.123434e-21,5.0821977e-21,2.0646428e-21,-0.0010642626,0.000912578,0.000912578,8.2667286e-22,1.1084908e-21,4.1461724e-22,9753399.0,-9753399.0,-9753399.0,9753399.0,9753399.0,-9753399.0,-9753399.0,9753399.0,1.7635197e-05,1.7635226e-05,0.0,0.0,1.763522e-05,1.7635248e-05,0.0,0.0,1.7635186e-05,1.7635237e-05,1.763526e-05,1.763521e-05,0.0,0.0,0.0,0.0,-39013596.0,-7.054089e-05,-7.054089e-05,3.2837108e-11,5.681263e-11,2.3590642e-11,3.23494e-39,-0.00220125,-0.00220125,3.23494e-39,3.23494e-39,-0.00220125,-0.00220125,3.23494e-39,3.08588e-40,3.08588e-40,0.0011399755,0.0011399755,3.08588e-40,3.08588e-40,0.0011399755,0.0011399755,3.08587e-40,3.08587e-40,3.08587e-40,3.08587e-40,0.0011399755,0.0011399755,0.0011399755,0.0011399755,Uniaxial,0.29350000619888306
1.348378160619192e-29,65653.859375,22066.84375,0.0,0.06466744095087051,9.966938385730373e-10,-0.00221625,0.0011528376,0.0011528376,2.276401e-21,4.6586812e-21,2.4881593e-21,-0.0010792626,0.00092544017,0.00092544017,8.556854e-22,1.1795387e-21,4.561138e-22,9704085.0,-9704085.0,-9704085.0,9704085.0,9704085.0,-9704085.0,-9704085.0,9704085.0,0.00060728175,0.00060728175,0.0,0.0,0.00060728175,0.0006072818,0.0,0.0,0.00060728175,0.00060728175,0.0006072818,0.00060728175,0.0,0.0,0.0,0.0,-38816340.0,-0.002429127,-0.002429127,2.0209466e-11,4.949028e-11,2.8905541e-11,1.0281672e-37,-0.00221625,-0.00221625,1.0281672e-37,1.0281672e-37,-0.00221625,-0.00221625,1.0281672e-37,9.807881e-39,9.807881e-39,0.0011528376,0.0011528376,9.807881e-39,9.807881e-39,0.0011528376,0.0011528376,9.807883e-39,9.807883e-39,9.807883e-39,9.807883e-39,0.0011528376,0.0011528376,0.0011528376,0.0011528376,Uniaxial,0.2955000102519989
1.2641045820042214e-29,66234.4375,21940.439453125,0.0,0.07002513110637665,9.966938385730373e-10,-0.00223125,0.0011656998,0.0011656998,2.276401e-21,4.6586812e-21,1.6411263e-21,-0.0010942627,0.0009383023,0.0009383023,8.841173e-22,1.2491647e-21,4.7982877e-22,9648498.0,-9648498.0,-9648498.0,9648498.0,9648498.0,-9648498.0,-9648498.0,9648498.0,0.0004499129,0.00044991294,0.0,0.0,0.0004499129,0.00044991294,0.0,0.0,0.00044991288,0.00044991294,0.00044991297,0.0004499129,0.0,0.0,0.0,0.0,-38593990.0,-0.0017996517,-0.0017996517,1.969158e-11,4.8222044e-11,1.6424659e-11,7.0090724e-38,-0.00223125,-0.00223125,7.0090724e-38,7.0090724e-38,-0.00223125,-0.00223125,7.0090724e-38,6.686087e-39,6.686087e-39,0.0011656998,0.0011656998,6.686087e-39,6.686087e-39,0.0011656998,0.0011656998,6.686087e-39,6.686087e-39,6.686087e-39,6.686087e-39,0.0011656998,0.0011656998,0.0011656998,0.0011656998,Uniaxial,0.29750001430511475
1.2008993228113549e-29,66811.6796875,21814.03515625,0.0,0.07538282126188278,9.966938385730373e-10,-0.00224625,0.001178562,0.001178562,2.6999175e-21,4.2351647e-21,2.4881593e-21,-0.0011092627,0.0009511645,0.0009511645,9.204559e-22,1.3089218e-21,5.2002034e-22,9592911.0,-9592911.0,-9592911.0,9592911.0,9592911.0,-9592911.0,-9592911.0,9592911.0,6.600717e-05,6.60072e-05,0.0,0.0,6.600719e-05,6.600721e-05,0.0,0.0,6.600715e-05,6.60072e-05,6.6007226e-05,6.600718e-05,0.0,0.0,0.0,0.0,-38371644.0,-0.00026402876,-0.00026402876,2.5022586e-11,4.1148494e-11,2.7675745e-11,9.522608e-39,-0.00224625,-0.00224625,9.522608e-39,9.522608e-39,-0.00224625,-0.00224625,9.522608e-39,9.08379e-40,9.08379e-40,0.001178562,0.001178562,9.08379e-40,9.08379e-40,0.001178562,0.001178562,9.08379e-40,9.08379e-40,9.08379e-40,9.08379e-40,0.001178562,0.001178562,0.001178562,0.001178562,Uniaxial,0.2994999885559082
1.2641045820042214e-29,67385.5859375,21687.630859375,0.0,0.08074051141738892,9.966938385730373e-10,-0.00226125,0.0011914241,0.0011914241,2.276401e-21,4.6586812e-21,2.9116758e-21,-0.0011242628,0.00096402667,0.00096402667,9.475916e-22,1.3759586e-21,5.6788317e-22,9537325.0,-9537325.0,-9537325.0,9537325.0,9537325.0,-9537325.0,-9537325.0,9537325.0,2.3859811e-05,2.3859833e-05,0.0,0.0,2.3859837e-05,2.3859857e-05,0.0,0.0,2.3861081e-05,2.3861128e-05,2.3861156e-05,2.386111e-05,0.0,0.0,0.0,0.0,-38149300.0,-9.543934e-05,-9.544448e-05,1.8577292e-11,4.5893792e-11,3.2767167e-11,3.205423e-39,-0.00226125,-0.00226125,3.205423e-39,3.205423e-39,-0.00226125,-0.00226125,3.205423e-39,3.05772e-40,3.05772e-40,0.0011914241,0.0011914241,3.05772e-40,3.05772e-40,0.0011914241,0.0011914241,3.0577e-40,3.0577e-40,3.0577e-40,3.0577e-40,0.0011914241,0.0011914241,0.0011914241,0.0011914241,Uniaxial,0.30149999260902405
1.2008993228113549e-29,67956.15625,21561.228515625,0.0,0.08609820902347565,9.966938385730373e-10,-0.00227625,0.0012042862,0.0012042862,2.6999175e-21,4.6586812e-21,1.6411263e-21,-0.0011392629,0.0009768888,0.0009768888,9.8266e-22,1.4416538e-21,5.8936134e-22,9481738.0,-9481738.0,-9481738.0,9481738.0,9481738.0,-9481738.0,-9481738.0,9481738.0,5.0770323e-05,5.077035e-05,0.0,0.0,5.0770337e-05,5.0770366e-05,0.0,0.0,5.0770315e-05,5.0770363e-05,5.0770373e-05,5.0770326e-05,0.0,0.0,0.0,0.0,-37926950.0,-0.00020308138,-0.00020308138,2.386803e-11,4.4713216e-11,1.46184e-11,6.380726e-39,-0.00227625,-0.00227625,6.380726e-39,6.380726e-39,-0.00227625,-0.00227625,6.380726e-39,6.0867e-40,6.0867e-40,0.0012042862,0.0012042862,6.0867e-40,6.0867e-40,0.0012042862,0.0012042862,6.08671e-40,6.08671e-40,6.08671e-40,6.08671e-40,0.0012042862,0.0012042862,0.0012042862,0.0012042862,Uniaxial,0.3034999966621399
1.5379939381977914e-29,68523.3984375,21434.82421875,0.0,0.09145589917898178,9.966938385730373e-10,-0.00229125,0.0012171484,0.0012171484,3.970467e-21,4.6586812e-21,1.2176099e-21,-0.0011542629,0.000989751,0.000989751,1.0424533e-21,1.5060344e-21,6.0193414e-22,9426151.0,-9426151.0,-9426151.0,9426151.0,9426151.0,-9426151.0,-9426151.0,9426151.0,6.314163e-05,6.314166e-05,0.0,0.0,6.314164e-05,6.314167e-05,0.0,0.0,6.314331e-05,6.314336e-05,6.314338e-05,6.3143336e-05,0.0,0.0,0.0,0.0,-37704604.0,-0.00025256662,-0.00025257337,4.0457658e-11,4.3561512e-11,8.507063e-12,7.45531e-39,-0.00229125,-0.00229125,7.45531e-39,7.45531e-39,-0.00229125,-0.00229125,7.45531e-39,7.11176e-40,7.11176e-40,0.0012171484,0.0012171484,7.11176e-40,7.11176e-40,0.0012171484,0.0012171484,7.11176e-40,7.11176e-40,7.11176e-40,7.11176e-40,0.0012171484,0.0012171484,0.0012171484,0.0012171484,Uniaxial,0.30550000071525574
1.5169254683124103e-29,69087.296875,21308.419921875,0.0,0.09681358933448792,9.966938385730373e-10,-0.00230625,0.0012300105,0.0012300105,2.276401e-21,3.8116483e-21,2.0646428e-21,-0.001169263,0.0010026132,0.0010026132,1.0671475e-21,1.5521753e-21,6.312065e-22,9370565.0,-9370565.0,-9370565.0,9370565.0,9370565.0,-9370565.0,-9370565.0,9370565.0,6.747808e-05,6.7478104e-05,0.0,0.0,6.747811e-05,6.7478126e-05,0.0,0.0,6.747934e-05,6.747938e-05,6.74794e-05,6.747936e-05,0.0,0.0,0.0,0.0,-37482260.0,-0.00026991242,-0.00026991748,1.6610258e-11,3.103603e-11,1.9689623e-11,7.51272e-39,-0.00230625,-0.00230625,7.51272e-39,7.51272e-39,-0.00230625,-0.00230625,7.51272e-39,7.16652e-40,7.16652e-40,0.0012300105,0.0012300105,7.16652e-40,7.16652e-40,0.0012300105,0.0012300105,7.16652e-40,7.16652e-40,7.16652e-40,7.16652e-40,0.0012300105,0.0012300105,0.0012300105,0.0012300105,Uniaxial,0.3075000047683716
1.3273098411970878e-29,69647.8671875,21182.015625,0.0,0.10217127948999405,9.966938385730373e-10,-0.00232125,0.0012428727,0.0012428727,2.6999175e-21,4.6586812e-21,3.7057691e-22,-0.001184263,0.0010154754,0.0010154754,1.0998232e-21,1.614344e-21,6.2599064e-22,9314978.0,-9314978.0,-9314978.0,9314978.0,9314978.0,-9314978.0,-9314978.0,9314978.0,7.172816e-05,7.172818e-05,0.0,0.0,7.172817e-05,7.1728195e-05,0.0,0.0,7.172815e-05,7.172819e-05,7.17282e-05,7.1728165e-05,0.0,0.0,0.0,0.0,-37259910.0,-0.00028691272,-0.00028691272,2.1848454e-11,4.1568835e-11,-3.4875414e-12,7.554703e-39,-0.00232125,-0.00232125,7.554703e-39,7.554703e-39,-0.00232125,-0.00232125,7.554703e-39,7.20657e-40,7.20657e-40,0.0012428727,0.0012428727,7.20657e-40,7.20657e-40,0.0012428727,0.0012428727,7.20657e-40,7.20657e-40,7.20657e-40,7.20657e-40,0.0012428727,0.0012428727,0.0012428727,0.0012428727,Uniaxial,0.3095000088214874
9.059416471956807e-30,70205.09375,21055.611328125,0.0,0.10752897709608078,9.966938385730373e-10,-0.00233625,0.0012557349,0.0012557349,3.123434e-21,4.6586812e-21,5.029258e-21,-0.0011992631,0.0010283375,0.0010283375,1.1403206e-21,1.6752686e-21,7.1411077e-22,9259391.0,-9259391.0,-9259391.0,9259391.0,9259391.0,-9259391.0,-9259391.0,9259391.0,7.6849894e-05,7.6849916e-05,0.0,0.0,7.684993e-05,7.684996e-05,0.0,0.0,7.684823e-05,7.6848264e-05,7.68483e-05,7.684826e-05,0.0,0.0,0.0,0.0,-37037564.0,-0.0003073997,-0.00030739306,2.6916792e-11,4.0493848e-11,5.856948e-11,7.679537e-39,-0.00233625,-0.00233625,7.679537e-39,7.679537e-39,-0.00233625,-0.00233625,7.679537e-39,7.32565e-40,7.32565e-40,0.0012557349,0.0012557349,7.32565e-40,7.32565e-40,0.0012557349,0.0012557349,7.32565e-40,7.32565e-40,7.32565e-40,7.32565e-40,0.0012557349,0.0012557349,0.0012557349,0.0012557349,Uniaxial,0.31150001287460327
6.74189080309596e-30,70758.9921875,20929.208984375,0.0,0.11288666725158691,9.966938385730373e-10,-0.00235125,0.0012685971,0.0012685971,2.6999175e-21,4.6586812e-21,-8.999725e-22,-0.0012142633,0.0010411997,0.0010411997,1.1715319e-21,1.734974e-21,6.81809e-22,9203805.0,-9203805.0,-9203805.0,9203805.0,9203805.0,-9203805.0,-9203805.0,9203805.0,8.231606e-05,8.231608e-05,0.0,0.0,8.231605e-05,8.231607e-05,0.0,0.0,8.2314815e-05,8.231485e-05,8.2314844e-05,8.231481e-05,0.0,0.0,0.0,0.0,-36815220.0,-0.00032926427,-0.00032925932,2.0620238e-11,3.9445242e-11,-2.1340629e-11,7.824869e-39,-0.00235125,-0.00235125,7.824869e-39,7.824869e-39,-0.00235125,-0.00235125,7.824869e-39,7.4643e-40,7.4643e-40,0.0012685971,0.0012685971,7.4643e-40,7.4643e-40,0.0012685971,0.0012685971,7.46428e-40,7.46428e-40,7.46428e-40,7.46428e-40,0.0012685971,0.0012685971,0.0012685971,0.0012685971,Uniaxial,0.31349998712539673
7.373943395024625e-30,71309.5546875,20802.8046875,0.0,0.11824436485767365,9.966938385730373e-10,-0.00236625,0.0012814592,0.0012814592,2.6999175e-21,3.3881318e-21,2.0646428e-21,-0.0012292633,0.0010540618,0.0010540618,1.2021186e-21,1.7680578e-21,7.094829e-22,9148218.0,-9148218.0,-9148218.0,9148218.0,9148218.0,-9148218.0,-9148218.0,9148218.0,8.79278e-05,8.792782e-05,0.0,0.0,8.792782e-05,8.7927845e-05,0.0,0.0,8.792616e-05,8.7926186e-05,8.79262e-05,8.792618e-05,0.0,0.0,0.0,0.0,-36592870.0,-0.0003517113,-0.00035170472,2.0085534e-11,2.1725248e-11,1.817274e-11,7.969871e-39,-0.00236625,-0.00236625,7.969871e-39,7.969871e-39,-0.00236625,-0.00236625,7.969871e-39,7.6026e-40,7.6026e-40,0.0012814592,0.0012814592,7.6026e-40,7.6026e-40,0.0012814592,0.0012814592,7.6026e-40,7.6026e-40,7.6026e-40,7.6026e-40,0.0012814592,0.0012814592,0.0012814592,0.0012814592,Uniaxial,0.3154999911785126
6.74189080309596e-30,71856.3984375,20647.556640625,0.0,0.12482468038797379,1.035943442140308e-09,-0.00238125,0.0012943213,0.0012943213,2.6999175e-21,3.8116483e-21,2.0646428e-21,-0.0012442633,0.001066924,0.001066924,1.2320931e-21,1.8089547e-21,7.3660287e-22,9079947.0,-9079947.0,-9079947.0,9079947.0,9079947.0,-9079947.0,-9079947.0,9079947.0,-0.0058177714,-0.0058177714,0.0,0.0,-0.0058177714,-0.0058177714,0.0,0.0,-0.0058177714,-0.0058177714,-0.0058177714,-0.0058177714,0.0,0.0,0.0,0.0,-36319788.0,0.023271086,0.023271086,1.9536681e-11,2.6655766e-11,1.7676156e-11,-4.988814e-37,-0.00238125,-0.00238125,-4.988814e-37,-4.988814e-37,-0.00238125,-0.00238125,-4.988814e-37,-4.7589245e-38,-4.7589245e-38,0.0012943213,0.0012943213,-4.7589245e-38,-4.7589245e-38,0.0012943213,0.0012943213,-4.7589245e-38,-4.7589245e-38,-4.7589245e-38,-4.7589245e-38,0.0012943213,0.0012943213,0.0012943213,0.0012943213,Uniaxial,0.3174999952316284
7.584627341562051e-30,72399.0859375,20487.576171875,0.0,0.13160574436187744,1.053037879117369e-09,-0.00239625,0.0013071834,0.0013071834,3.123434e-21,4.6586812e-21,1.6411263e-21,-0.0012592633,0.0010797861,0.0010797861,1.2699433e-21,1.8659846e-21,7.5470446e-22,9009593.0,-9009593.0,-9009593.0,9009593.0,9009593.0,-9009593.0,-9009593.0,9009593.0,-0.0025141942,-0.0025141942,0.0,0.0,-0.0025141942,-0.0025141942,0.0,0.0,-0.002514193,-0.0025141928,-0.0025141928,-0.002514193,0.0,0.0,0.0,0.0,-36038372.0,0.010056777,0.010056772,2.4478735e-11,3.6882667e-11,1.1706822e-11,-2.0423486e-37,-0.00239625,-0.00239625,-2.0423486e-37,-2.0423486e-37,-0.00239625,-0.00239625,-2.0423486e-37,-1.9482352e-38,-1.9482352e-38,0.0013071834,0.0013071834,-1.9482352e-38,-1.9482352e-38,0.0013071834,0.0013071834,-1.948235e-38,-1.948235e-38,-1.948235e-38,-1.948235e-38,0.0013071834,0.0013071834,0.0013071834,0.0013071834,Uniaxial,0.31949999928474426
6.531206856558533e-30,72937.546875,20327.59375,0.0,0.1383868157863617,1.053037879117369e-09,-0.00241125,0.0013200456,0.0013200456,2.6999175e-21,4.2351647e-21,1.2176099e-21,-0.0012742633,0.0010926483,0.0010926483,1.2985605e-21,1.9133974e-21,7.639683e-22,8939240.0,-8939240.0,-8939240.0,8939240.0,8939240.0,-8939240.0,-8939240.0,8939240.0,9.990735e-05,9.9907375e-05,0.0,0.0,9.990736e-05,9.990738e-05,0.0,0.0,9.9907345e-05,9.9907375e-05,9.990739e-05,9.990736e-05,0.0,0.0,0.0,0.0,-35756960.0,-0.00039962947,-0.00039962947,1.8362964e-11,3.0423743e-11,5.944383e-12,7.709514e-39,-0.00241125,-0.00241125,7.709514e-39,7.709514e-39,-0.00241125,-0.00241125,7.709514e-39,7.35425e-40,7.35425e-40,0.0013200456,0.0013200456,7.35425e-40,7.35425e-40,0.0013200456,0.0013200456,7.35425e-40,7.35425e-40,7.35425e-40,7.35425e-40,0.0013200456,0.0013200456,0.0013200456,0.0013200456,Uniaxial,0.3215000033378601
6.10983896348368e-30,73471.7890625,20167.611328125,0.0,0.14516788721084595,1.053037879117369e-09,-0.00242625,0.0013329076,0.0013329076,3.123434e-21,4.6586812e-21,2.0646428e-21,-0.0012892633,0.0011055103,0.0011055103,1.3350804e-21,1.9683369e-21,7.8999787e-22,8868886.0,-8868886.0,-8868886.0,8868886.0,8868886.0,-8868886.0,-8868886.0,8868886.0,0.00038133084,0.00038133087,0.0,0.0,0.00038133087,0.0003813309,0.0,0.0,0.00038133084,0.00038133087,0.0003813309,0.00038133087,0.0,0.0,0.0,0.0,-35475544.0,-0.0015253235,-0.0015253235,2.324962e-11,3.4976015e-11,1.6571113e-11,2.8023063e-38,-0.00242625,-0.00242625,2.8023063e-38,2.8023063e-38,-0.00242625,-0.00242625,2.8023063e-38,2.673174e-39,2.673174e-39,0.0013329076,0.0013329076,2.673174e-39,2.673174e-39,0.0013329076,0.0013329076,2.673173e-39,2.673173e-39,2.673173e-39,2.673173e-39,0.0013329076,0.0013329076,0.0013329076,0.0013329076,Uniaxial,0.32350000739097595
6.952575501949771e-30,74001.8125,20007.62890625,0.0,0.1519489586353302,1.053037879117369e-09,-0.00244125,0.0013457697,0.0013457697,2.6999175e-21,4.2351647e-21,7.940934e-22,-0.0013042634,0.0011183724,0.0011183724,1.362394e-21,2.0137015e-21,7.900798e-22,8798533.0,-8798533.0,-8798533.0,8798533.0,8798533.0,-8798533.0,-8798533.0,8798533.0,9.838019e-05,9.83802e-05,0.0,0.0,9.8380195e-05,9.838022e-05,0.0,0.0,9.838018e-05,9.838021e-05,9.838022e-05,9.838019e-05,0.0,0.0,0.0,0.0,-35194132.0,-0.0003935208,-0.0003935208,1.7250633e-11,2.8651196e-11,5.1764874e-14,6.90083e-39,-0.00244125,-0.00244125,6.90083e-39,6.90083e-39,-0.00244125,-0.00244125,6.90083e-39,6.58282e-40,6.58282e-40,0.0013457697,0.0013457697,6.58282e-40,6.58282e-40,0.0013457697,0.0013457697,6.58284e-40,6.58284e-40,6.58284e-40,6.58284e-40,0.0013457697,0.0013457697,0.0013457697,0.0013457697,Uniaxial,0.3255000114440918
5.0564184784801624e-30,74527.6171875,19847.646484375,0.0,0.15873003005981445,1.0532353877934497e-09,-0.00245625,0.0013586319,0.0013586319,2.6999175e-21,3.8116483e-21,3.7057691e-22,-0.0013192634,0.0011312346,0.0011312346,1.389161e-21,2.0496825e-21,7.8168457e-22,8728179.0,-8728179.0,-8728179.0,8728179.0,8728179.0,-8728179.0,-8728179.0,8728179.0,-2.8138793e-05,-2.813878e-05,0.0,0.0,-2.8138791e-05,-2.8138778e-05,0.0,0.0,-2.8140368e-05,-2.814034e-05,-2.8140335e-05,-2.8140363e-05,0.0,0.0,0.0,0.0,-34912716.0,0.00011255514,0.00011256141,1.6770231e-11,2.2543143e-11,-5.2598407e-12,-1.887895e-39,-0.00245625,-0.00245625,-1.887895e-39,-1.887895e-39,-0.00245625,-0.00245625,-1.887895e-39,-1.80089e-40,-1.80089e-40,0.0013586319,0.0013586319,-1.80089e-40,-1.80089e-40,0.0013586319,0.0013586319,-1.80089e-40,-1.80089e-40,-1.80089e-40,-1.80089e-40,0.0013586319,0.0013586319,0.0013586319,0.0013586319,Uniaxial,0.32749998569488525
4.8457341557845435e-30,75049.1953125,19687.6640625,0.0,0.1655110865831375,1.0534114691651553e-09,-0.00247125,0.001371494,0.001371494,1.4293681e-21,4.6586812e-21,2.9116758e-21,-0.0013342634,0.0011440966,0.0011440966,1.3899656e-21,2.1018948e-21,8.2431067e-22,8657825.0,-8657825.0,-8657825.0,8657825.0,8657825.0,-8657825.0,-8657825.0,8657825.0,-2.4887202e-05,-2.4887198e-05,0.0,0.0,-2.488719e-05,-2.4887186e-05,0.0,0.0,-2.488722e-05,-2.488719e-05,-2.4887167e-05,-2.48872e-05,0.0,0.0,0.0,0.0,-34631300.0,9.954878e-05,9.954878e-05,5.000639e-13,3.244865e-11,2.6491137e-11,-1.600071e-39,-0.00247125,-0.00247125,-1.600071e-39,-1.600071e-39,-0.00247125,-0.00247125,-1.600071e-39,-1.52632e-40,-1.52632e-40,0.001371494,0.001371494,-1.52632e-40,-1.52632e-40,0.001371494,0.001371494,-1.52635e-40,-1.52635e-40,-1.52635e-40,-1.52635e-40,0.001371494,0.001371494,0.001371494,0.001371494,Uniaxial,0.3294999897480011
4.213681940014071e-30,75566.5546875,19527.681640625,0.0,0.17229215800762177,1.0534376704285364e-09,-0.00248625,0.0013843561,0.0013843561,1.4293681e-21,5.0821977e-21,2.9116758e-21,-0.0013492634,0.0011569588,0.0011569588,1.3907542e-21,2.1615376e-21,8.660837e-22,8587472.0,-8587472.0,-8587472.0,8587472.0,8587472.0,-8587472.0,-8587472.0,8587472.0,-3.682423e-06,-3.6824226e-06,0.0,0.0,-3.6824024e-06,-3.6824022e-06,0.0,0.0,-3.6839776e-06,-3.6839438e-06,-3.6839308e-06,-3.6839647e-06,0.0,0.0,0.0,0.0,-34349890.0,1.47296505e-05,1.4735817e-05,4.8607423e-13,3.6765434e-11,2.5750029e-11,-2.27323e-40,-0.00248625,-0.00248625,-2.27323e-40,-2.27323e-40,-0.00248625,-0.00248625,-2.27323e-40,-2.1685e-41,-2.1685e-41,0.0013843561,0.0013843561,-2.1685e-41,-2.1685e-41,0.0013843561,0.0013843561,-2.1684e-41,-2.1684e-41,-2.1684e-41,-2.1684e-41,0.0013843561,0.0013843561,0.0013843561,0.0013843561,Uniaxial,0.33149999380111694
5.6884706942506346e-30,76079.6953125,19367.69921875,0.0,0.17907322943210602,1.0534376704285364e-09,-0.00250125,0.0013972182,0.0013972182,5.8233515e-22,4.2351647e-21,3.7057691e-22,-0.0013642634,0.0011698209,0.0011698209,1.3745759e-21,2.2030358e-21,8.561675e-22,8517118.0,-8517118.0,-8517118.0,8517118.0,8517118.0,-8517118.0,-8517118.0,8517118.0,3.0344916e-06,3.0344827e-06,0.0,0.0,3.0344963e-06,3.0344875e-06,0.0,0.0,3.0344731e-06,3.0345013e-06,3.034506e-06,3.034478e-06,0.0,0.0,0.0,0.0,-34068470.0,-1.2137958e-05,-1.2137958e-05,-9.891068e-12,2.5370985e-11,-6.0625636e-12,1.80061e-40,-0.00250125,-0.00250125,1.80061e-40,1.80061e-40,-0.00250125,-0.00250125,1.80061e-40,1.7176e-41,1.7176e-41,0.0013972182,0.0013972182,1.7176e-41,1.7176e-41,0.0013972182,0.0013972182,1.7176e-41,1.7176e-41,1.7176e-41,1.7176e-41,0.0013972182,0.0013972182,0.0013972182,0.0013972182,Uniaxial,0.3334999978542328
6.10983896348368e-30,76588.609375,19207.716796875,0.0,0.18585430085659027,1.0534376704285364e-09,-0.00251625,0.0014100804,0.0014100804,-2.646978e-22,4.6586812e-21,2.4881593e-21,-0.0013792634,0.0011826829,0.0011826829,1.3417702e-21,2.252179e-21,8.888275e-22,8446765.0,-8446765.0,-8446765.0,8446765.0,8446765.0,-8446765.0,-8446765.0,8446765.0,1.7678166e-06,1.767799e-06,0.0,0.0,1.7678382e-06,1.7678204e-06,0.0,0.0,1.7677984e-06,1.7678288e-06,1.7678387e-06,1.7678083e-06,0.0,0.0,0.0,0.0,-33787060.0,-7.071274e-06,-7.071274e-06,-1.9890964e-11,2.9796828e-11,1.9802606e-11,1.0108e-40,-0.00251625,-0.00251625,1.0108e-40,1.0108e-40,-0.00251625,-0.00251625,1.0108e-40,9.642e-42,9.642e-42,0.0014100804,0.0014100804,9.642e-42,9.642e-42,0.0014100804,0.0014100804,9.642e-42,9.642e-42,9.642e-42,9.642e-42,0.0014100804,0.0014100804,0.0014100804,0.0014100804,Uniaxial,0.33550000190734863
7.795311288099478e-30,77093.3046875,19047.736328125,0.0,0.19263537228107452,1.0534376704285364e-09,-0.00253125,0.0014229424,0.0014229424,-6.8821427e-22,4.6586812e-21,1.6411263e-21,-0.0013942634,0.0011955451,0.0011955451,1.3011454e-21,2.3003388e-21,9.038827e-22,8376411.0,-8376411.0,-8376411.0,8376411.0,8376411.0,-8376411.0,-8376411.0,8376411.0,9.963866e-08,9.9618674e-08,0.0,0.0,9.96393e-08,9.961932e-08,0.0,0.0,9.9603945e-08,9.9633965e-08,9.965404e-08,9.962402e-08,0.0,0.0,0.0,0.0,-33505644.0,-3.9851597e-07,-3.9851597e-07,-2.4426692e-11,2.895731e-11,9.052371e-12,5.486e-42,-0.00253125,-0.00253125,5.486e-42,5.486e-42,-0.00253125,-0.00253125,5.486e-42,5.23e-43,5.23e-43,0.0014229424,0.0014229424,5.23e-43,5.23e-43,0.0014229424,0.0014229424,5.23e-43,5.23e-43,5.23e-43,5.23e-43,0.0014229424,0.0014229424,0.0014229424,0.0014229424,Uniaxial,0.3375000059604645
7.584627341562051e-30,77593.78125,18887.75390625,0.0,0.19941642880439758,1.0534400018968881e-09,-0.00254625,0.0014358045,0.0014358045,-2.646978e-22,4.6586812e-21,2.0646428e-21,-0.0014092634,0.0012084072,0.0012084072,1.2698092e-21,2.3475347e-21,9.271122e-22,8306057.5,-8306057.5,-8306057.5,8306057.5,8306057.5,-8306057.5,-8306057.5,8306057.5,-3.030858e-07,-3.0310292e-07,0.0,0.0,-3.0307112e-07,-3.0308823e-07,0.0,0.0,-3.0460038e-07,-3.0457076e-07,-3.0455607e-07,-3.0458568e-07,0.0,0.0,0.0,0.0,-33224230.0,1.2123481e-06,1.218313e-06,-1.8683454e-11,2.8139461e-11,1.38500504e-11,-1.6164e-41,-0.00254625,-0.00254625,-1.6164e-41,-1.6164e-41,-0.00254625,-0.00254625,-1.6164e-41,-1.543e-42,-1.543e-42,0.0014358045,0.0014358045,-1.543e-42,-1.543e-42,0.0014358045,0.0014358045,-1.541e-42,-1.541e-42,-1.541e-42,-1.541e-42,0.0014358045,0.0014358045,0.0014358045,0.0014358045,Uniaxial,0.3395000100135803
1.2430361873504787e-29,78090.03125,18727.771484375,0.0,0.20619750022888184,1.0534410010976103e-09,-0.00256125,0.0014486667,0.0014486667,1.5881868e-22,5.0821977e-21,2.0646428e-21,-0.0014242633,0.0012212693,0.0012212693,1.2475757e-21,2.4022617e-21,9.49877e-22,8235703.5,-8235703.5,-8235703.5,8235703.5,8235703.5,-8235703.5,-8235703.5,8235703.5,-1.4194302e-07,-1.4195737e-07,0.0,0.0,-1.4192852e-07,-1.4194286e-07,0.0,0.0,-1.419719e-07,-1.4193628e-07,-1.41914e-07,-1.4194961e-07,0.0,0.0,0.0,0.0,-32942814.0,5.677718e-07,5.677718e-07,-1.31439234e-11,3.2353294e-11,1.3457914e-11,-7.344e-42,-0.00256125,-0.00256125,-7.344e-42,-7.344e-42,-0.00256125,-0.00256125,-7.344e-42,-6.99e-43,-6.99e-43,0.0014486667,0.0014486667,-6.99e-43,-6.99e-43,0.0014486667,0.0014486667,-7.02e-43,-7.02e-43,-7.02e-43,-7.02e-43,0.0014486667,0.0014486667,0.0014486667,0.0014486667,Uniaxial,0.34150001406669617
1.0323520903497751e-29,78582.0625,18567.7890625,0.0,0.2129785716533661,1.0534410010976103e-09,-0.00257625,0.0014615287,0.0014615287,1.5881868e-22,5.9292306e-21,1.2176099e-21,-0.0014392633,0.0012341314,0.0012341314,1.2257871e-21,2.4728445e-21,9.552349e-22,8165350.0,-8165350.0,-8165350.0,8165350.0,8165350.0,-8165350.0,-8165350.0,8165350.0,4.3982893e-09,4.384131e-09,0.0,0.0,4.4115187e-09,4.3973607e-09,0.0,0.0,4.3711514e-09,4.4112687e-09,4.4244985e-09,4.384381e-09,0.0,0.0,0.0,0.0,-32661400.0,-1.7591299e-08,-1.7591299e-08,-1.2770848e-11,4.1370466e-11,3.1404404e-12,1.56e-43,-0.00257625,-0.00257625,1.56e-43,1.56e-43,-0.00257625,-0.00257625,1.56e-43,1.4e-44,1.4e-44,0.0014615287,0.0014615287,1.4e-44,1.4e-44,0.0014615287,0.0014615287,1.5e-44,1.5e-44,1.5e-44,1.5e-44,0.0014615287,0.0014615287,0.0014615287,0.0014615287,Uniaxial,0.3434999883174896
1.1587625335038696e-29,79069.875,18407.806640625,0.0,0.21975964307785034,1.0534410010976103e-09,-0.00259125,0.0014743909,0.0014743909,1.5881868e-22,5.9292306e-21,4.182225e-21,-0.0014542633,0.0012469935,0.0012469935,1.2044345e-21,2.542015e-21,1.0198145e-21,8094996.5,-8094996.5,-8094996.5,8094996.5,8094996.5,-8094996.5,-8094996.5,8094996.5,3.2326003e-08,3.2315914e-08,0.0,0.0,3.2356425e-08,3.2346335e-08,0.0,0.0,3.2299248e-08,3.233878e-08,3.2373087e-08,3.2333556e-08,0.0,0.0,0.0,0.0,-32379986.0,-1.2934467e-07,-1.2934467e-07,-1.24074405e-11,4.0193227e-11,3.7525656e-11,1.554e-42,-0.00259125,-0.00259125,1.554e-42,1.554e-42,-0.00259125,-0.00259125,1.554e-42,1.49e-43,1.49e-43,0.0014743909,0.0014743909,1.49e-43,1.49e-43,0.0014743909,0.0014743909,1.49e-43,1.49e-43,1.49e-43,1.49e-43,0.0014743909,0.0014743909,0.0014743909,0.0014743909,Uniaxial,0.34549999237060547
1.3905151003899543e-29,79553.4609375,18247.82421875,0.0,0.2265407145023346,1.0534410010976103e-09,-0.00260625,0.001487253,0.001487253,1.0058516e-21,6.352747e-21,3.3351922e-21,-0.0014692633,0.0012598556,0.0012598556,1.2004604e-21,2.6182767e-21,1.0661507e-21,8024643.0,-8024643.0,-8024643.0,8024643.0,8024643.0,-8024643.0,-8024643.0,8024643.0,1.2233851e-08,1.2224934e-08,0.0,0.0,1.22666295e-08,1.2257712e-08,0.0,0.0,1.22145245e-08,1.2259807e-08,1.2277039e-08,1.2231756e-08,0.0,0.0,0.0,0.0,-32098572.0,-4.8983125e-08,-4.8983125e-08,-2.2891884e-12,4.3928677e-11,2.6690797e-11,6.33e-43,-0.00260625,-0.00260625,6.33e-43,6.33e-43,-0.00260625,-0.00260625,6.33e-43,6e-44,6e-44,0.001487253,0.001487253,6e-44,6e-44,0.001487253,0.001487253,6.2e-44,6.2e-44,6.2e-44,6.2e-44,0.001487253,0.001487253,0.001487253,0.001487253,Uniaxial,0.3474999964237213
1.3694466305045731e-29,80032.828125,18087.841796875,0.0,0.23332177102565765,1.0534410010976103e-09,-0.00262125,0.001500115,0.001500115,-2.646978e-22,6.352747e-21,2.4881593e-21,-0.0014842633,0.0012727177,0.0012727177,1.1711391e-21,2.6930123e-21,1.0946084e-21,7954289.5,-7954289.5,-7954289.5,7954289.5,7954289.5,-7954289.5,-7954289.5,7954289.5,-1.0767435e-09,-1.0928872e-09,0.0,0.0,-1.049187e-09,-1.0653307e-09,0.0,0.0,-1.101313e-09,-1.0605448e-09,-1.0407611e-09,-1.0815294e-09,0.0,0.0,0.0,0.0,-31817158.0,4.2841486e-09,4.2841486e-09,-1.6741712e-11,4.2672137e-11,1.624866e-11,-5.7e-44,-0.00262125,-0.00262125,-5.7e-44,-5.7e-44,-0.00262125,-0.00262125,-5.7e-44,-4e-45,-4e-45,0.001500115,0.001500115,-4e-45,-4e-45,0.001500115,0.001500115,-7e-45,-7e-45,-7e-45,-7e-45,0.001500115,0.001500115,0.001500115,0.001500115,Uniaxial,0.34950000047683716
1.6011991973906578e-29,80507.9765625,17927.859375,0.0,0.2401028424501419,1.0534410010976103e-09,-0.00263625,0.0015129772,0.0015129772,-6.8821427e-22,5.9292306e-21,5.029258e-21,-0.0014992633,0.0012855799,0.0012855799,1.1339291e-21,2.7577765e-21,1.1733499e-21,7883935.5,-7883935.5,-7883935.5,7883935.5,7883935.5,-7883935.5,-7883935.5,7883935.5,-2.8386566e-09,-2.8569587e-09,0.0,0.0,-2.8047165e-09,-2.8230183e-09,0.0,0.0,-4.287935e-09,-4.250177e-09,-4.2045776e-09,-4.2423354e-09,0.0,0.0,0.0,0.0,-31535742.0,1.132335e-08,1.6985025e-08,-2.1058091e-11,3.665176e-11,4.456184e-11,-1.61e-43,-0.00263625,-0.00263625,-1.61e-43,-1.61e-43,-0.00263625,-0.00263625,-1.61e-43,-1.7e-44,-1.7e-44,0.0015129772,0.0015129772,-1.7e-44,-1.7e-44,0.0015129772,0.0015129772,-1.4e-44,-1.4e-44,-1.4e-44,-1.4e-44,0.0015129772,0.0015129772,0.0015129772,0.0015129772,Uniaxial,0.351500004529953
1.3694466305045731e-29,80978.8984375,17767.876953125,0.0,0.24688391387462616,1.0534411121199128e-09,-0.00265125,0.0015258393,0.0015258393,-2.646978e-22,5.9292306e-21,4.6057417e-21,-0.0015142633,0.0012984419,0.0012984419,1.1059394e-21,2.8212447e-21,1.2420402e-21,7813582.0,-7813582.0,-7813582.0,7813582.0,7813582.0,-7813582.0,-7813582.0,7813582.0,-1.4143247e-09,-1.4299469e-09,0.0,0.0,-1.3756292e-09,-1.3912514e-09,0.0,0.0,-1.4368648e-09,-1.3996339e-09,-1.3687111e-09,-1.4059423e-09,0.0,0.0,0.0,0.0,-31254328.0,5.611152e-09,5.611152e-09,-1.5698784e-11,3.5597754e-11,3.8526626e-11,-5.6e-44,-0.00265125,-0.00265125,-5.6e-44,-5.6e-44,-0.00265125,-0.00265125,-5.6e-44,-4e-45,-4e-45,0.0015258393,0.0015258393,-4e-45,-4e-45,0.0015258393,0.0015258393,-6e-45,-6e-45,-6e-45,-6e-45,0.0015258393,0.0015258393,0.0015258393,0.0015258393,Uniaxial,0.35350000858306885
1.2008993228113549e-29,81445.609375,17607.89453125,0.0,0.2536649703979492,1.0534411121199128e-09,-0.00266625,0.0015387014,0.0015387014,-2.646978e-22,5.9292306e-21,3.3351922e-21,-0.0015292633,0.001311304,0.001311304,1.0785096e-21,2.8834428e-21,1.2839291e-21,7743228.5,-7743228.5,-7743228.5,7743228.5,7743228.5,-7743228.5,-7743228.5,7743228.5,-3.476053e-10,-3.630012e-10,0.0,0.0,-3.3207742e-10,-3.4747336e-10,0.0,0.0,1.0087222e-09,1.0454401e-09,1.0765137e-09,1.0397959e-09,0.0,0.0,0.0,0.0,-30972914.0,1.3901573e-09,-4.170472e-09,-1.5246093e-11,3.457125e-11,2.3282886e-11,-3e-45,-0.00266625,-0.00266625,-3e-45,-3e-45,-0.00266625,-0.00266625,-3e-45,-0.0,-0.0,0.0015387014,0.0015387014,-0.0,-0.0,0.0015387014,0.0015387014,-0.0,-0.0,-0.0,-0.0,0.0015387014,0.0015387014,0.0015387014,0.0015387014,Uniaxial,0.3555000126361847
1.2641045820042214e-29,81908.0859375,17447.9140625,0.0,0.26044604182243347,1.0534411121199128e-09,-0.00268125,0.0015515635,0.0015515635,-2.646978e-22,6.7762636e-21,5.029258e-21,-0.0015442633,0.0013241662,0.0013241662,1.051629e-21,2.9613474e-21,1.3588818e-21,7672875.0,-7672875.0,-7672875.0,7672875.0,7672875.0,-7672875.0,-7672875.0,7672875.0,6.763144e-10,6.611389e-10,0.0,0.0,7.1638767e-10,7.0121214e-10,0.0,0.0,6.5411326e-10,6.949994e-10,7.234133e-10,6.825272e-10,0.0,0.0,0.0,0.0,-30691500.0,-2.755053e-09,-2.755053e-09,-1.4805232e-11,4.2907823e-11,4.1282127e-11,2.1e-44,-0.00268125,-0.00268125,2.1e-44,2.1e-44,-0.00268125,-0.00268125,2.1e-44,1e-45,1e-45,0.0015515635,0.0015515635,1e-45,1e-45,0.0015515635,0.0015515635,3e-45,3e-45,3e-45,3e-45,0.0015515635,0.0015515635,0.0015515635,0.0015515635,Uniaxial,0.35749998688697815
1.1798309281576123e-29,82366.3515625,17287.931640625,0.0,0.2672271132469177,1.0534411121199128e-09,-0.00269625,0.0015644256,0.0015644256,-2.646978e-22,6.352747e-21,3.7587087e-21,-0.0015592633,0.0013370283,0.0013370283,1.0252861e-21,3.0292172e-21,1.406908e-21,7602521.0,-7602521.0,-7602521.0,7602521.0,7602521.0,-7602521.0,-7602521.0,7602521.0,3.3826567e-10,3.194184e-10,0.0,0.0,3.6302952e-10,3.4418224e-10,0.0,0.0,3.0986638e-10,3.478177e-10,3.7258155e-10,3.3463024e-10,0.0,0.0,0.0,0.0,-30410084.0,-1.3648959e-09,-1.3648959e-09,-1.4375909e-11,3.703826e-11,2.6209064e-11,1e-44,-0.00269625,-0.00269625,1e-44,1e-44,-0.00269625,-0.00269625,1e-44,1e-45,1e-45,0.0015644256,0.0015644256,1e-45,1e-45,0.0015644256,0.0015644256,0.0,0.0,0.0,0.0,0.0015644256,0.0015644256,0.0015644256,0.0015644256,Uniaxial,0.359499990940094
1.474788679004925e-29,82820.390625,17127.94921875,0.0,0.274008184671402,1.0534411121199128e-09,-0.00271125,0.0015772877,0.0015772877,-1.5352472e-21,7.19978e-21,2.4881593e-21,-0.0015742633,0.0013498904,0.0013498904,9.740438e-22,3.1126798e-21,1.4285464e-21,7532167.5,-7532167.5,-7532167.5,7532167.5,7532167.5,-7532167.5,-7532167.5,7532167.5,-6.7407424e-10,-6.995863e-10,0.0,0.0,-6.5267886e-10,-6.781909e-10,0.0,0.0,3.0637096e-10,3.4836622e-10,3.697616e-10,3.2776634e-10,0.0,0.0,0.0,0.0,-30128670.0,2.7045302e-09,-1.3522651e-09,-2.7705397e-11,4.5126184e-11,1.1699319e-11,-0.0,-0.00271125,-0.00271125,-0.0,-0.0,-0.00271125,-0.00271125,-0.0,0.0,0.0,0.0015772877,0.0015772877,0.0,0.0,0.0015772877,0.0015772877,-0.0,-0.0,-0.0,-0.0,0.0015772877,0.0015772877,0.0015772877,0.0015772877,Uniaxial,0.36149999499320984
1.0955572743110031e-29,83270.2109375,16967.966796875,0.0,0.28078925609588623,1.0534411121199128e-09,-0.00272625,0.0015901498,0.0015901498,-1.9587637e-21,6.352747e-21,2.9116758e-21,-0.0015892633,0.0013627525,0.0013627525,9.153515e-22,3.1775212e-21,1.4582273e-21,7461814.0,-7461814.0,-7461814.0,7461814.0,7461814.0,-7461814.0,-7461814.0,7461814.0,-3.310238e-10,-3.6228806e-10,0.0,0.0,-3.0752914e-10,-3.387934e-10,0.0,0.0,-3.59225e-10,-3.2631398e-10,-3.105922e-10,-3.4350323e-10,0.0,0.0,0.0,0.0,-29847256.0,1.3396344e-09,1.3396344e-09,-3.143706e-11,3.473061e-11,1.5897814e-11,-1.1e-44,-0.00272625,-0.00272625,-1.1e-44,-1.1e-44,-0.00272625,-0.00272625,-1.1e-44,-3e-45,-3e-45,0.0015901498,0.0015901498,-3e-45,-3e-45,0.0015901498,0.0015901498,0.0,0.0,-0.0,-0.0,0.0015901498,0.0015901498,0.0015901498,0.0015901498,Uniaxial,0.3634999990463257
8.427363880028142e-30,83715.8125,16807.984375,0.0,0.2875703275203705,1.0534411121199128e-09,-0.00274125,0.001603012,0.001603012,-2.3822802e-21,5.0821977e-21,4.182225e-21,-0.0016042633,0.0013756147,0.0013756147,8.493582e-22,3.2156384e-21,1.5127409e-21,7391460.5,-7391460.5,-7391460.5,7391460.5,7391460.5,-7391460.5,-7391460.5,7391460.5,1.6641637e-09,1.6311108e-09,0.0,0.0,1.6863984e-09,1.6533455e-09,0.0,0.0,1.6348084e-09,1.6604661e-09,1.6827008e-09,1.6570431e-09,0.0,0.0,0.0,0.0,-29565842.0,-6.6350183e-09,-6.6350183e-09,-3.5014373e-11,2.0223925e-11,2.892351e-11,-4e-45,-0.00274125,-0.00274125,-4e-45,-4e-45,-0.00274125,-0.00274125,-4e-45,-0.0,-0.0,0.001603012,0.001603012,-0.0,-0.0,0.001603012,0.001603012,-0.0,-0.0,-0.0,-0.0,0.001603012,0.001603012,0.001603012,0.001603012,Uniaxial,0.36550000309944153
8.427363880028142e-30,84157.1875,16648.001953125,0.0,0.29435139894485474,1.0534411121199128e-09,-0.00275625,0.0016158741,0.0016158741,-2.3822802e-21,5.505714e-21,1.6411263e-21,-0.0016192633,0.0013884767,0.0013884767,7.846855e-22,3.2614681e-21,1.5153102e-21,7321107.0,-7321107.0,-7321107.0,7321107.0,7321107.0,-7321107.0,-7321107.0,7321107.0,3.4063888e-10,3.080996e-10,0.0,0.0,3.4908687e-10,3.165476e-10,0.0,0.0,1.6249482e-09,1.6525362e-09,1.6609842e-09,1.6333962e-09,0.0,0.0,0.0,0.0,-29284428.0,-1.3143729e-09,-6.571865e-09,-3.398705e-11,2.4084663e-11,1.350226e-12,2e-44,-0.00275625,-0.00275625,2e-44,2e-44,-0.00275625,-0.00275625,2e-44,3e-45,3e-45,0.0016158741,0.0016158741,3e-45,3e-45,0.0016158741,0.0016158741,1e-45,1e-45,1e-45,1e-45,0.0016158741,0.0016158741,0.0016158741,0.0016158741,Uniaxial,0.3675000071525574
8.427363880028142e-30,84594.34375,16488.01953125,0.0,0.301132470369339,1.0534411121199128e-09,-0.00277125,0.0016287362,0.0016287362,-2.3822802e-21,5.505714e-21,1.6411263e-21,-0.0016342633,0.0014013388,0.0014013388,7.213071e-22,3.3063807e-21,1.5178281e-21,7250753.0,-7250753.0,-7250753.0,7250753.0,7250753.0,-7250753.0,-7250753.0,7250753.0,-6.390656e-10,-6.711047e-10,0.0,0.0,-6.306375e-10,-6.6267664e-10,0.0,0.0,9.584757e-10,9.857094e-10,9.941376e-10,9.669039e-10,0.0,0.0,0.0,0.0,-29003012.0,2.6034845e-09,-3.905227e-09,-3.298682e-11,2.3375859e-11,1.3104893e-12,-1e-44,-0.00277125,-0.00277125,-1e-44,-1e-44,-0.00277125,-0.00277125,-1e-44,-1e-45,-1e-45,0.0016287362,0.0016287362,-1e-45,-1e-45,0.0016287362,0.0016287362,-1e-45,-1e-45,-1e-45,-1e-45,0.0016287362,0.0016287362,0.0016287362,0.0016287362,Uniaxial,0.3695000112056732
8.427363880028142e-30,85027.2734375,16328.037109375,0.0,0.30791354179382324,1.0534411121199128e-09,-0.00278625,0.0016415983,0.0016415983,-2.3822802e-21,6.352747e-21,4.182225e-21,-0.0016492633,0.001414201,0.001414201,6.5919706e-22,3.3673456e-21,1.5711489e-21,7180399.5,-7180399.5,-7180399.5,7180399.5,7180399.5,-7180399.5,-7180399.5,7180399.5,9.718526e-10,9.403004e-10,0.0,0.0,9.933669e-10,9.618146e-10,0.0,0.0,9.404479e-10,9.71705e-10,9.932194e-10,9.619622e-10,0.0,0.0,0.0,0.0,-28721598.0,-3.8673345e-09,-3.8673345e-09,-3.2013014e-11,3.1422788e-11,2.7482835e-11,-0.0,-0.00278625,-0.00278625,-0.0,-0.0,-0.00278625,-0.00278625,-0.0,-0.0,-0.0,0.0016415983,0.0016415983,-0.0,-0.0,0.0016415983,0.0016415983,0.0,0.0,0.0,0.0,0.0016415983,0.0016415983,0.0016415983,0.0016415983,Uniaxial,0.3714999854564667
8.427363880028142e-30,85455.9921875,16168.0556640625,0.0,0.3146946132183075,1.0534411121199128e-09,-0.00280125,0.0016544604,0.0016544604,-2.3822802e-21,7.19978e-21,4.182225e-21,-0.0016642633,0.001427063,0.001427063,5.9832997e-22,3.4440416e-21,1.6234026e-21,7110046.0,-7110046.0,-7110046.0,7110046.0,7110046.0,-7110046.0,-7110046.0,7110046.0,4.9854404e-12,-2.6092788e-11,0.0,0.0,2.6092788e-11,-4.9854404e-12,0.0,0.0,-1.3045932e-09,-1.2694756e-09,-1.2483683e-09,-1.2834859e-09,0.0,0.0,0.0,0.0,-28440184.0,0.0,5.1059232e-09,-3.106497e-11,3.9143633e-11,2.6668952e-11,1.4e-44,-0.00280125,-0.00280125,1.4e-44,1.4e-44,-0.00280125,-0.00280125,1.4e-44,1e-45,1e-45,0.0016544604,0.0016544604,1e-45,1e-45,0.0016544604,0.0016544604,1e-45,1e-45,1e-45,1e-45,0.0016544604,0.0016544604,0.0016544604,0.0016544604,Uniaxial,0.3734999895095825
8.427363880028142e-30,85880.484375,16008.0732421875,0.0,0.32147565484046936,1.0534411121199128e-09,-0.00281625,0.0016673225,0.0016673225,-2.3822802e-21,6.352747e-21,3.7587087e-21,-0.0016792633,0.0014399252,0.0014399252,5.38681e-22,3.5022516e-21,1.6661351e-21,7039692.5,-7039692.5,-7039692.5,7039692.5,7039692.5,-7039692.5,-7039692.5,7039692.5,6.023515e-12,-2.4593255e-11,0.0,0.0,2.4593255e-11,-6.023515e-12,0.0,0.0,-2.4411466e-11,5.841727e-12,2.4411466e-11,-5.841727e-12,0.0,0.0,0.0,0.0,-28158770.0,0.0,0.0,-3.0142052e-11,2.94149e-11,2.1593735e-11,-1.3e-44,-0.00281625,-0.00281625,-1.3e-44,-1.3e-44,-0.00281625,-0.00281625,-1.3e-44,-0.0,-0.0,0.0016673225,0.0016673225,-0.0,-0.0,0.0016673225,0.0016673225,-1e-45,-1e-45,-1e-45,-1e-45,0.0016673225,0.0016673225,0.0016673225,0.0016673225,Uniaxial,0.37549999356269836
8.427363880028142e-30,86300.96875,15864.2314453125,0.0,0.32757261395454407,1.0534411121199128e-09,-0.00283125,0.0016801846,0.0016801846,-3.2293131e-21,6.7762636e-21,6.2998075e-21,-0.0016942633,0.0014527873,0.0014527873,4.6327456e-22,3.567772e-21,1.7588659e-21,6976436.5,-6976436.5,-6976436.5,6976436.5,6976436.5,-6976436.5,-6976436.5,6976436.5,-6.245293e-10,-6.5895617e-10,0.0,0.0,-5.9353744e-10,-6.2796435e-10,0.0,0.0,-6.577185e-10,-6.2576694e-10,-5.947751e-10,-6.2672667e-10,0.0,0.0,0.0,0.0,-27905746.0,2.5049873e-09,2.5049873e-09,-3.7762248e-11,3.2811635e-11,4.643794e-11,0.0,-0.00283125,-0.00283125,0.0,0.0,-0.00283125,-0.00283125,0.0,-0.0,0.0,0.0016801846,0.0016801846,-0.0,0.0,0.0016801846,0.0016801846,0.0,-0.0,-0.0,0.0,0.0016801846,0.0016801846,0.0016801846,0.0016801846,Uniaxial,0.3774999976158142
8.427363880028142e-30,86717.71875,15725.0693359375,0.0,0.3334711790084839,1.0534411121199128e-09,-0.00284625,0.0016930468,0.0016930468,-3.2293131e-21,6.7762636e-21,2.4881593e-21,-0.0017092633,0.0014656493,0.0014656493,3.8937722e-22,3.6319816e-21,1.7734607e-21,6915239.0,-6915239.0,-6915239.0,6915239.0,6915239.0,-6915239.0,-6915239.0,6915239.0,1.1245726e-11,-2.2640972e-11,0.0,0.0,2.2640972e-11,-1.1245726e-11,0.0,0.0,-2.1438728e-11,1.0043481e-11,2.1438728e-11,-1.0043481e-11,0.0,0.0,0.0,0.0,-27660956.0,0.0,0.0,-3.6681914e-11,3.187293e-11,7.2447517e-12,-7e-45,-0.00284625,-0.00284625,-7e-45,-7e-45,-0.00284625,-0.00284625,-7e-45,-0.0,-0.0,0.0016930468,0.0016930468,-0.0,-0.0,0.0016930468,0.0016930468,-0.0,-0.0,-0.0,-0.0,0.0016930468,0.0016930468,0.0016930468,0.0016930468,Uniaxial,0.37950000166893005
8.427363880028142e-30,87130.796875,15585.908203125,0.0,0.3393697142601013,1.0534411121199128e-09,-0.00286125,0.0017059088,0.0017059088,-3.2293131e-21,6.352747e-21,1.6411263e-21,-0.0017242633,0.0014785115,0.0014785115,3.1695873e-22,3.6864306e-21,1.7708123e-21,6854041.5,-6854041.5,-6854041.5,6854041.5,6854041.5,-6854041.5,-6854041.5,6854041.5,1.3119601e-11,-2.024099e-11,0.0,0.0,2.024099e-11,-1.3119601e-11,0.0,0.0,-1.8030742e-11,1.0909354e-11,1.8030742e-11,-1.0909354e-11,0.0,0.0,0.0,0.0,-27416166.0,0.0,0.0,-3.5629697e-11,2.6788708e-11,-1.3029664e-12,3e-45,-0.00286125,-0.00286125,3e-45,3e-45,-0.00286125,-0.00286125,3e-45,-0.0,-0.0,0.0017059088,0.0017059088,-0.0,-0.0,0.0017059088,0.0017059088,1e-45,1e-45,1e-45,1e-45,0.0017059088,0.0017059088,0.0017059088,0.0017059088,Uniaxial,0.3815000057220459
9.902152258106514e-30,87540.203125,15446.74609375,0.0,0.34526827931404114,1.0534411121199128e-09,-0.00287625,0.001718771,0.001718771,-3.2293131e-21,6.352747e-21,2.4881593e-21,-0.0017392633,0.0014913736,0.0014913736,2.4598952e-22,3.7397898e-21,1.785168e-21,6792844.0,-6792844.0,-6792844.0,6792844.0,6792844.0,-6792844.0,-6792844.0,6792844.0,9.3126695e-10,8.9453234e-10,0.0,0.0,9.347669e-10,8.980323e-10,0.0,0.0,-3.2479705e-10,-2.9624223e-10,-2.8496938e-10,-3.135242e-10,0.0,0.0,0.0,0.0,-27171376.0,-3.6585985e-09,1.2195328e-09,-3.4604902e-11,2.6018203e-11,6.999949e-12,0.0,-0.00287625,-0.00287625,0.0,0.0,-0.00287625,-0.00287625,0.0,0.0,0.0,0.001718771,0.001718771,-0.0,-0.0,0.001718771,0.001718771,0.0,0.0,-0.0,-0.0,0.001718771,0.001718771,0.001718771,0.001718771,Uniaxial,0.38350000977516174
8.427363880028142e-30,87945.9375,15307.5849609375,0.0,0.35116684436798096,1.0534411121199128e-09,-0.00289125,0.0017316331,0.0017316331,-4.076346e-21,7.19978e-21,4.6057417e-21,-0.0017542633,0.0015042357,0.0015042357,1.5948945e-22,3.8090322e-21,1.8416144e-21,6731646.5,-6731646.5,-6731646.5,6731646.5,6731646.5,-6731646.5,-6731646.5,6731646.5,1.2160629e-09,1.1796183e-09,0.0,0.0,1.2374736e-09,1.2010289e-09,0.0,0.0,1.1817031e-09,1.2139781e-09,1.2353888e-09,1.2031137e-09,0.0,0.0,0.0,0.0,-26926586.0,-4.8341837e-09,-4.8341837e-09,-4.1797833e-11,3.345878e-11,2.7275498e-11,-0.0,-0.00289125,-0.00289125,-0.0,-0.0,-0.00289125,-0.00289125,-0.0,0.0,0.0,0.0017316331,0.0017316331,0.0,0.0,0.0017316331,0.0017316331,-0.0,-0.0,-0.0,-0.0,0.0017316331,0.0017316331,0.0017316331,0.0017316331,Uniaxial,0.3855000138282776
8.427363880028142e-30,88348.0,15168.4228515625,0.0,0.3570654094219208,1.0534411121199128e-09,-0.00290625,0.0017444951,0.0017444951,-3.2293131e-21,6.7762636e-21,3.3351922e-21,-0.0017692633,0.0015170978,0.0015170978,9.167157e-23,3.8684135e-21,1.8715044e-21,6670449.0,-6670449.0,-6670449.0,6670449.0,6670449.0,-6670449.0,-6670449.0,6670449.0,8.426581e-12,-2.3355396e-11,0.0,0.0,2.3355396e-11,-8.426581e-12,0.0,0.0,-2.2345492e-11,7.416677e-12,2.2345492e-11,-7.416677e-12,0.0,0.0,0.0,0.0,-26681796.0,0.0,0.0,-3.247247e-11,2.8432852e-11,1.4311886e-11,1.3e-44,-0.00290625,-0.00290625,1.3e-44,1.3e-44,-0.00290625,-0.00290625,1.3e-44,1e-45,1e-45,0.0017444951,0.0017444951,1e-45,1e-45,0.0017444951,0.0017444951,1e-45,1e-45,1e-45,1e-45,0.0017444951,0.0017444951,0.0017444951,0.0017444951,Uniaxial,0.38749998807907104
1.0112836956960325e-29,88746.390625,15029.26171875,0.0,0.3629639446735382,1.0534411121199128e-09,-0.00292125,0.0017573573,0.0017573573,-2.8057966e-21,7.6232965e-21,3.7587087e-21,-0.0017842633,0.00152996,0.00152996,3.3686434e-23,3.9435577e-21,1.9092718e-21,6609251.0,-6609251.0,-6609251.0,6609251.0,6609251.0,-6609251.0,-6609251.0,6609251.0,-1.1764013e-09,-1.2095882e-09,0.0,0.0,-1.1635559e-09,-1.1967429e-09,0.0,0.0,-2.5051326e-11,8.319545e-12,2.5051326e-11,-8.319545e-12,0.0,0.0,0.0,0.0,-26437004.0,4.7462883e-09,0.0,-2.750964e-11,3.5650254e-11,1.7917818e-11,-1e-44,-0.00292125,-0.00292125,-1e-44,-1e-44,-0.00292125,-0.00292125,-1e-44,-1e-45,-1e-45,0.0017573573,0.0017573573,-1e-45,-1e-45,0.0017573573,0.0017573573,-1e-45,-1e-45,-1e-45,-1e-45,0.0017573573,0.0017573573,0.0017573573,0.0017573573,Uniaxial,0.3894999921321869
8.427363880028142e-30,89141.109375,14890.099609375,0.0,0.368862509727478,1.0534411121199128e-09,-0.00293625,0.0017702194,0.0017702194,-4.076346e-21,6.7762636e-21,1.2176099e-21,-0.0017992633,0.001542822,0.001542822,-4.8564956e-23,4.0002467e-21,1.89543e-21,6548053.5,-6548053.5,-6548053.5,6548053.5,6548053.5,-6548053.5,-6548053.5,6548053.5,-2.7871813e-10,-3.135943e-10,0.0,0.0,-2.741983e-10,-3.0907446e-10,0.0,0.0,-3.105905e-10,-2.817219e-10,-2.7720207e-10,-3.060707e-10,0.0,0.0,0.0,0.0,-26192214.0,1.1755852e-09,1.1755852e-09,-3.8660856e-11,2.6645734e-11,-6.5060904e-12,-6e-45,-0.00293625,-0.00293625,-6e-45,-6e-45,-0.00293625,-0.00293625,-6e-45,-1e-45,-1e-45,0.0017702194,0.0017702194,-1e-45,-1e-45,0.0017702194,0.0017702194,-0.0,-0.0,0.0,0.0,0.0017702194,0.0017702194,0.0017702194,0.0017702194,Uniaxial,0.39149999618530273
8.427363880028142e-30,89532.15625,14750.9384765625,0.0,0.37476107478141785,1.0534411121199128e-09,-0.00295125,0.0017830814,0.0017830814,-3.6528296e-21,7.6232965e-21,2.4881593e-21,-0.0018142633,0.0015556841,0.0015556841,-1.2069475e-22,4.0727526e-21,1.9072919e-21,6486856.0,-6486856.0,-6486856.0,6486856.0,6486856.0,-6486856.0,-6486856.0,6486856.0,3.0205177e-10,2.6971278e-10,0.0,0.0,3.1258635e-10,2.8024735e-10,0.0,0.0,2.69669e-10,3.0209554e-10,3.1263012e-10,2.8020358e-10,0.0,0.0,0.0,0.0,-25947424.0,-1.1645982e-09,-1.1645982e-09,-3.3586512e-11,3.3761563e-11,5.523376e-12,6e-45,-0.00295125,-0.00295125,6e-45,6e-45,-0.00295125,-0.00295125,6e-45,0.0,0.0,0.0017830814,0.0017830814,0.0,0.0,0.0017830814,0.0017830814,0.0,0.0,0.0,0.0,0.0017830814,0.0017830814,0.0017830814,0.0017830814,Uniaxial,0.3935000002384186
8.427363880028142e-30,89919.53125,14611.7763671875,0.0,0.38065963983535767,1.0534411121199128e-09,-0.00296625,0.0017959436,0.0017959436,-3.2293131e-21,6.7762636e-21,4.6057417e-21,-0.0018292633,0.0015685463,0.0015685463,-1.8290549e-22,4.126856e-21,1.9612943e-21,6425658.5,-6425658.5,-6425658.5,6425658.5,6425658.5,-6425658.5,-6425658.5,6425658.5,2.8934935e-10,2.633428e-10,0.0,0.0,3.1346287e-10,2.874563e-10,0.0,0.0,-8.8933366e-10,-8.6131036e-10,-8.410833e-10,-8.691066e-10,0.0,0.0,0.0,0.0,-25702634.0,-1.1536113e-09,3.460834e-09,-2.8694524e-11,2.4955127e-11,2.4908407e-11,3e-45,-0.00296625,-0.00296625,3e-45,3e-45,-0.00296625,-0.00296625,3e-45,0.0,0.0,0.0017959436,0.0017959436,0.0,0.0,0.0017959436,0.0017959436,0.0,0.0,0.0,0.0,0.0017959436,0.0017959436,0.0017959436,0.0017959436,Uniaxial,0.3955000042915344
8.848731773102996e-30,90303.234375,14472.6142578125,0.0,0.3865582048892975,1.0534411121199128e-09,-0.00298125,0.0018088057,0.0018088057,-2.3822802e-21,8.046813e-21,5.4527746e-21,-0.0018442633,0.0015814084,0.0015814084,-2.2692014e-22,4.2053034e-21,2.031167e-21,6364461.0,-6364461.0,-6364461.0,6364461.0,6364461.0,-6364461.0,-6364461.0,6364461.0,-2.827798e-10,-3.0449324e-10,0.0,0.0,-2.6681896e-10,-2.8853242e-10,0.0,0.0,-1.1731671e-09,-1.1358154e-09,-1.1120816e-09,-1.1494334e-09,0.0,0.0,0.0,0.0,-25457844.0,1.1426244e-09,4.5704978e-09,-2.0108274e-11,3.583908e-11,3.192164e-11,-7e-45,-0.00298125,-0.00298125,-7e-45,-7e-45,-0.00298125,-0.00298125,-7e-45,-0.0,-0.0,0.0018088057,0.0018088057,-0.0,-0.0,0.0018088057,0.0018088057,-0.0,-0.0,-0.0,-0.0,0.0018088057,0.0018088057,0.0018088057,0.0018088057,Uniaxial,0.39750000834465027
1.0112836956960325e-29,90683.265625,14333.453125,0.0,0.3924567401409149,1.0534411121199128e-09,-0.00299625,0.0018216678,0.0018216678,-2.3822802e-21,9.3173624e-21,5.029258e-21,-0.0018592633,0.0015942705,0.0015942705,-2.7005395e-22,4.307608e-21,2.0911657e-21,6303263.5,-6303263.5,-6303263.5,6303263.5,6303263.5,-6303263.5,-6303263.5,6303263.5,-8.506358e-10,-8.720533e-10,0.0,0.0,-8.254029e-10,-8.4682045e-10,0.0,0.0,-8.787464e-10,-8.3616986e-10,-8.187098e-10,-8.612864e-10,0.0,0.0,0.0,0.0,-25213054.0,3.3949124e-09,3.3949124e-09,-1.951638e-11,4.628873e-11,2.714715e-11,6e-45,-0.00299625,-0.00299625,6e-45,6e-45,-0.00299625,-0.00299625,6e-45,0.0,0.0,0.0018216678,0.0018216678,0.0,0.0,0.0018216678,0.0018216678,0.0,0.0,0.0,0.0,0.0018216678,0.0018216678,0.0018216678,0.0018216678,Uniaxial,0.3995000123977661
7.373943395024625e-30,91059.625,14194.291015625,0.0,0.39835530519485474,1.0534411121199128e-09,-0.00301125,0.0018345299,0.0018345299,-2.3822802e-21,8.893846e-21,2.9116758e-21,-0.0018742633,0.0016071326,0.0016071326,-3.1232455e-22,4.399389e-21,2.1075861e-21,6242066.0,-6242066.0,-6242066.0,6242066.0,6242066.0,-6242066.0,-6242066.0,6242066.0,4.8388906e-12,-1.6290478e-11,0.0,0.0,1.6290478e-11,-4.8388906e-12,0.0,0.0,-1.1444303e-09,-1.1083224e-09,-1.0968708e-09,-1.1329787e-09,0.0,0.0,0.0,0.0,-24968264.0,0.0,4.4826023e-09,-1.894012e-11,4.1124337e-11,7.357431e-12,-1e-44,-0.00301125,-0.00301125,-1e-44,-1e-44,-0.00301125,-0.00301125,-1e-44,-0.0,-0.0,0.0018345299,0.0018345299,-0.0,-0.0,0.0018345299,0.0018345299,-1e-45,-1e-45,-1e-45,-1e-45,0.0018345299,0.0018345299,0.0018345299,0.0018345299,Uniaxial,0.40149998664855957
6.531206856558533e-30,91432.3125,14055.1298828125,0.0,0.40425387024879456,1.0534411121199128e-09,-0.00302625,0.0018473921,0.0018473921,-1.5352472e-21,8.046813e-21,2.9116758e-21,-0.0018892633,0.0016199948,0.0016199948,-3.367981e-22,4.4723826e-21,2.1236778e-21,6180868.0,-6180868.0,-6180868.0,6180868.0,6180868.0,-6180868.0,-6180868.0,6180868.0,6.759357e-12,-1.0329108e-11,0.0,0.0,1.0329108e-11,-6.759357e-12,0.0,0.0,1.365539e-09,1.3972775e-09,1.4086201e-09,1.3768816e-09,0.0,0.0,0.0,0.0,-24723472.0,0.0,-5.5483182e-09,-1.0858315e-11,3.238543e-11,7.139502e-12,3e-45,-0.00302625,-0.00302625,3e-45,3e-45,-0.00302625,-0.00302625,3e-45,1e-45,1e-45,0.0018473921,0.0018473921,1e-45,1e-45,0.0018473921,0.0018473921,-0.0,-0.0,-0.0,-0.0,0.0018473921,0.0018473921,0.0018473921,0.0018473921,Uniaxial,0.4034999907016754
5.899154640788061e-30,91801.328125,13915.9677734375,0.0,0.4101524353027344,1.0534411121199128e-09,-0.00304125,0.0018602542,0.0018602542,-1.9587637e-21,7.6232965e-21,5.876291e-21,-0.0019042633,0.0016328568,0.0016328568,-3.6925743e-22,4.5354398e-21,2.1987763e-21,6119670.5,-6119670.5,-6119670.5,6119670.5,6119670.5,-6119670.5,-6119670.5,6119670.5,-2.7546543e-10,-2.9425412e-10,0.0,0.0,-2.5508423e-10,-2.7387295e-10,0.0,0.0,1.0757315e-09,1.1051272e-09,1.1216219e-09,1.0922262e-09,0.0,0.0,0.0,0.0,-24478682.0,1.0986767e-09,-4.394707e-09,-1.4258822e-11,2.7699922e-11,3.2989507e-11,6e-45,-0.00304125,-0.00304125,6e-45,6e-45,-0.00304125,-0.00304125,6e-45,-0.0,0.0,0.0018602542,0.0018602542,-0.0,0.0,0.0018602542,0.0018602542,1e-45,1e-45,1e-45,1e-45,0.0018602542,0.0018602542,0.0018602542,0.0018602542,Uniaxial,0.40549999475479126
7.373943395024625e-30,92166.671875,13776.806640625,0.0,0.4160510003566742,1.0534411121199128e-09,-0.00305625,0.0018731162,0.0018731162,-2.8057966e-21,7.6232965e-21,4.6057417e-21,-0.0019192633,0.0016457189,0.0016457189,-4.1801828e-22,4.597235e-21,2.2469455e-21,6058473.0,-6058473.0,-6058473.0,6058473.0,6058473.0,-6058473.0,-6058473.0,6058473.0,8.255478e-10,8.0328566e-10,0.0,0.0,8.28249e-10,8.059869e-10,0.0,0.0,-2.9553734e-10,-2.6655453e-10,-2.4830757e-10,-2.7729036e-10,0.0,0.0,0.0,0.0,-24233892.0,-3.2630694e-09,1.0876898e-09,-2.12056e-11,2.6874121e-11,2.0948212e-11,0.0,-0.00305625,-0.00305625,0.0,0.0,-0.00305625,-0.00305625,0.0,-0.0,-0.0,0.0018731162,0.0018731162,-0.0,-0.0,0.0018731162,0.0018731162,0.0,0.0,0.0,0.0,0.0018731162,0.0018731162,0.0018731162,0.0018731162,Uniaxial,0.4074999988079071
5.899154640788061e-30,92528.3515625,13637.64453125,0.0,0.4219495356082916,1.0534411121199128e-09,-0.00307125,0.0018859784,0.0018859784,-3.2293131e-21,7.6232965e-21,2.9116758e-21,-0.0019342633,0.0016585811,0.0016585811,-4.742789e-22,4.657794e-21,2.2602482e-21,5997275.5,-5997275.5,-5997275.5,5997275.5,5997275.5,-5997275.5,-5997275.5,5997275.5,8.509734e-12,-1.525958e-11,0.0,0.0,1.525958e-11,-8.509734e-12,0.0,0.0,-1.5722146e-11,1.2858737e-11,1.5722146e-11,-1.2858737e-11,0.0,0.0,0.0,0.0,-23989102.0,0.0,0.0,-2.4220013e-11,2.607028e-11,5.726819e-12,-6e-45,-0.00307125,-0.00307125,-6e-45,-6e-45,-0.00307125,-0.00307125,-6e-45,0.0,0.0,0.0018859784,0.0018859784,-0.0,-0.0,0.0018859784,0.0018859784,-1e-45,-1e-45,-1e-45,-1e-45,0.0018859784,0.0018859784,0.0018859784,0.0018859784,Uniaxial,0.40950000286102295
5.6884706942506346e-30,92886.3515625,13498.4833984375,0.0,0.42784810066223145,1.0534411121199128e-09,-0.00308625,0.0018988405,0.0018988405,-3.6528296e-21,8.046813e-21,7.940934e-22,-0.0019492633,0.0016714431,0.0016714431,-5.3788914e-22,4.725616e-21,2.2309071e-21,5936078.0,-5936078.0,-5936078.0,5936078.0,5936078.0,-5936078.0,-5936078.0,5936078.0,-2.506976e-10,-2.7590918e-10,0.0,0.0,-2.569488e-10,-2.8216038e-10,0.0,0.0,-2.7830108e-10,-2.4830568e-10,-2.5455688e-10,-2.845523e-10,0.0,0.0,0.0,0.0,-23744312.0,1.065716e-09,1.065716e-09,-2.7104582e-11,2.8899319e-11,-1.2502401e-11,7e-45,-0.00308625,-0.00308625,7e-45,7e-45,-0.00308625,-0.00308625,7e-45,0.0,0.0,0.0018988405,0.0018988405,0.0,0.0,0.0018988405,0.0018988405,1e-45,1e-45,1e-45,1e-45,0.0018988405,0.0018988405,0.0018988405,0.0018988405,Uniaxial,0.4115000069141388
6.74189080309596e-30,93240.6796875,13359.3212890625,0.0,0.43374666571617126,1.0534411121199128e-09,-0.00310125,0.0019117026,0.0019117026,-3.2293131e-21,8.4703295e-21,1.6411263e-21,-0.0019642634,0.0016843053,0.0016843053,-5.9175084e-22,4.8005564e-21,2.2191042e-21,5874880.5,-5874880.5,-5874880.5,5874880.5,5874880.5,-5874880.5,-5874880.5,5874880.5,8.0574253e-10,7.8272616e-10,0.0,0.0,7.9936735e-10,7.7635104e-10,0.0,0.0,-1.8315764e-11,1.3031598e-11,1.8315764e-11,-1.3031598e-11,0.0,0.0,0.0,0.0,-23499522.0,-3.1641871e-09,0.0,-2.2714079e-11,3.1603237e-11,-4.9774117e-12,-3e-45,-0.00310125,-0.00310125,-3e-45,-3e-45,-0.00310125,-0.00310125,-3e-45,-0.0,-0.0,0.0019117026,0.0019117026,-0.0,-0.0,0.0019117026,0.0019117026,-0.0,-0.0,-0.0,-0.0,0.0019117026,0.0019117026,0.0019117026,0.0019117026,Uniaxial,0.41350001096725464
7.373943395024625e-30,93591.3359375,13220.16015625,0.0,0.4396452307701111,1.0534411121199128e-09,-0.00311625,0.0019245647,0.0019245647,-3.6528296e-21,9.3173624e-21,2.4881593e-21,-0.0019792633,0.0016971674,0.0016971674,-6.530102e-22,4.8909485e-21,2.2244886e-21,5813683.0,-5813683.0,-5813683.0,5813683.0,5813683.0,-5813683.0,-5813683.0,5813683.0,1.5545497e-11,-8.896134e-12,0.0,0.0,8.896134e-12,-1.5545497e-11,0.0,0.0,-2.1651606e-11,1.2755225e-11,2.1651606e-11,-1.2755225e-11,0.0,0.0,0.0,0.0,-23254732.0,0.0,0.0,-2.5564648e-11,3.7722176e-11,2.2470181e-12,1e-45,-0.00311625,-0.00311625,1e-45,1e-45,-0.00311625,-0.00311625,1e-45,1e-45,1e-45,0.0019245647,0.0019245647,1e-45,1e-45,0.0019245647,0.0019245647,-0.0,-0.0,-0.0,-0.0,0.0019245647,0.0019245647,0.0019245647,0.0019245647,Uniaxial,0.4154999852180481
8.427363880028142e-30,93938.3203125,13080.998046875,0.0,0.4455437660217285,1.0534411121199128e-09,-0.00313125,0.0019374269,0.0019374269,-3.6528296e-21,8.893846e-21,7.940934e-22,-0.0019942634,0.0017100294,0.0017100294,-7.130436e-22,4.9710558e-21,2.195863e-21,5752485.5,-5752485.5,-5752485.5,5752485.5,5752485.5,-5752485.5,-5752485.5,5752485.5,2.7122762e-10,2.4328722e-10,0.0,0.0,2.7309038e-10,2.4514998e-10,0.0,0.0,-1.0419562e-09,-1.0098712e-09,-1.0235542e-09,-1.0556391e-09,0.0,0.0,0.0,0.0,-23009942.0,-1.0327552e-09,4.131021e-09,-2.4789318e-11,3.307836e-11,-1.1820219e-11,1e-45,-0.00313125,-0.00313125,1e-45,1e-45,-0.00313125,-0.00313125,1e-45,-0.0,-0.0,0.0019374269,0.0019374269,-0.0,-0.0,0.0019374269,0.0019374269,1e-45,1e-45,1e-45,1e-45,0.0019374269,0.0019374269,0.0019374269,0.0019374269,Uniaxial,0.41749998927116394
6.74189080309596e-30,94281.6328125,12941.8369140625,0.0,0.45144233107566833,1.0534411121199128e-09,-0.00314625,0.0019502889,0.0019502889,-4.4998625e-21,8.893846e-21,4.6057417e-21,-0.0020092633,0.0017228916,0.0017228916,-7.888268e-22,5.04956e-21,2.2440903e-21,5691287.5,-5691287.5,-5691287.5,5691287.5,5691287.5,-5691287.5,-5691287.5,5691287.5,2.660293e-10,2.3889005e-10,0.0,0.0,2.7199407e-10,2.4485483e-10,0.0,0.0,-1.0463711e-09,-1.0147896e-09,-9.971655e-10,-1.028747e-09,0.0,0.0,0.0,0.0,-22765150.0,-1.0217682e-09,4.087073e-09,-3.0959863e-11,3.2071523e-11,1.9702425e-11,-6e-45,-0.00314625,-0.00314625,-6e-45,-6e-45,-0.00314625,-0.00314625,-6e-45,-0.0,-0.0,0.0019502889,0.0019502889,-0.0,-0.0,0.0019502889,0.0019502889,-0.0,-0.0,-0.0,-0.0,0.0019502889,0.0019502889,0.0019502889,0.0019502889,Uniaxial,0.4194999933242798
7.584627341562051e-30,94621.2734375,12802.6748046875,0.0,0.45734089612960815,1.0534411121199128e-09,-0.00316125,0.0019631512,0.0019631512,-4.923379e-21,8.4703295e-21,3.3351922e-21,-0.0020242634,0.0017357537,0.0017357537,-8.715689e-22,5.1180177e-21,2.2659258e-21,5630090.0,-5630090.0,-5630090.0,5630090.0,5630090.0,-5630090.0,-5630090.0,5630090.0,5.1931726e-10,4.948247e-10,0.0,0.0,5.1595667e-10,4.914641e-10,0.0,0.0,4.9238147e-10,5.2176047e-10,5.183999e-10,4.8902093e-10,0.0,0.0,0.0,0.0,-22520360.0,-2.0215627e-09,-2.0215627e-09,-3.343935e-11,2.766643e-11,8.824592e-12,-4e-45,-0.00316125,-0.00316125,-4e-45,-4e-45,-0.00316125,-0.00316125,-4e-45,0.0,0.0,0.0019631512,0.0019631512,0.0,0.0,0.0019631512,0.0019631512,-1e-45,-1e-45,-1e-45,-1e-45,0.0019631512,0.0019631512,0.0019631512,0.0019631512,Uniaxial,0.42149999737739563
7.584627341562051e-30,94957.2421875,12663.513671875,0.0,0.463239461183548,1.0534411121199128e-09,-0.00317625,0.0019760132,0.0019760132,-3.6528296e-21,7.6232965e-21,1.6411263e-21,-0.0020392633,0.0017486158,0.0017486158,-9.272284e-22,5.168154e-21,2.2534221e-21,5568892.5,-5568892.5,-5568892.5,5568892.5,5568892.5,-5568892.5,-5568892.5,5568892.5,5.1448207e-10,5.0335724e-10,0.0,0.0,4.9643717e-10,4.8531235e-10,0.0,0.0,4.84477e-10,5.1004373e-10,5.153174e-10,4.8975074e-10,0.0,0.0,0.0,0.0,-22275570.0,-1.999589e-09,-1.999589e-09,-2.2249718e-11,2.00419e-11,-4.9983134e-12,3e-45,-0.00317625,-0.00317625,3e-45,3e-45,-0.00317625,-0.00317625,3e-45,0.0,0.0,0.0019760132,0.0019760132,0.0,0.0,0.0019760132,0.0019760132,0.0,0.0,0.0,0.0,0.0019760132,0.0019760132,0.0019760132,0.0019760132,Uniaxial,0.4235000014305115
7.584627341562051e-30,95289.5390625,12524.3515625,0.0,0.4691380262374878,1.0534411121199128e-09,-0.00319125,0.0019888752,0.0019888752,-6.8821427e-22,8.046813e-21,7.940934e-22,-0.0020542634,0.0017614779,0.0017614779,-9.224451e-22,5.2257628e-21,2.2242176e-21,5507695.0,-5507695.0,-5507695.0,5507695.0,5507695.0,-5507695.0,-5507695.0,5507695.0,5.0459037e-10,5.0553595e-10,0.0,0.0,4.832716e-10,4.842171e-10,0.0,0.0,4.7993703e-10,5.0687066e-10,5.088705e-10,4.819368e-10,0.0,0.0,0.0,0.0,-22030780.0,-1.977615e-09,-1.977615e-09,1.8910691e-12,2.2775823e-11,-1.1546145e-11,0.0,-0.00319125,-0.00319125,0.0,0.0,-0.00319125,-0.00319125,0.0,-0.0,-0.0,0.0019888752,0.0019888752,-0.0,-0.0,0.0019888752,0.0019888752,1e-45,1e-45,1e-45,1e-45,0.0019888752,0.0019888752,0.0019888752,0.0019888752,Uniaxial,0.4255000054836273
1.0955572743110031e-29,95618.1640625,12385.1904296875,0.0,0.4750365614891052,1.0534411121199128e-09,-0.00320625,0.0020017375,0.0020017375,5.8233515e-22,9.3173624e-21,2.0646428e-21,-0.0020692633,0.00177434,0.00177434,-8.92331e-22,5.307645e-21,2.2210242e-21,5446497.5,-5446497.5,-5446497.5,5446497.5,5446497.5,-5446497.5,-5446497.5,5446497.5,7.307342e-10,7.3662093e-10,0.0,0.0,7.301099e-10,7.3599665e-10,0.0,0.0,-4.927149e-10,-4.6116277e-10,-4.851056e-10,-5.166578e-10,0.0,0.0,0.0,0.0,-21785990.0,-2.9334617e-09,1.9556412e-09,1.1773468e-11,3.2012854e-11,-1.2485198e-12,8e-45,-0.00320625,-0.00320625,8e-45,8e-45,-0.00320625,-0.00320625,8e-45,1e-45,1e-45,0.0020017375,0.0020017375,1e-45,1e-45,0.0020017375,0.0020017375,1e-45,1e-45,1e-45,1e-45,0.0020017375,0.0020017375,0.0020017375,0.0020017375,Uniaxial,0.42750000953674316
7.584627341562051e-30,95943.1171875,12246.0283203125,0.0,0.48093512654304504,1.0534411121199128e-09,-0.00322125,0.0020145995,0.0020145995,5.8233515e-22,9.740879e-21,1.2176099e-21,-0.0020842634,0.0017872022,0.0017872022,-8.628195e-22,5.3963648e-21,2.2009434e-21,5385300.0,-5385300.0,-5385300.0,5385300.0,5385300.0,-5385300.0,-5385300.0,5385300.0,6.8614545e-12,1.2565561e-11,0.0,0.0,-1.2565561e-11,-6.8614545e-12,0.0,0.0,-1.0519819e-11,2.2173962e-11,1.0519819e-11,-2.2173962e-11,0.0,0.0,0.0,0.0,-21541200.0,0.0,0.0,1.1408212e-11,3.429608e-11,-7.762545e-12,1e-45,-0.00322125,-0.00322125,1e-45,1e-45,-0.00322125,-0.00322125,1e-45,1e-45,1e-45,0.0020145995,0.0020145995,1e-45,1e-45,0.0020145995,0.0020145995,-0.0,-0.0,-0.0,-0.0,0.0020145995,0.0020145995,0.0020145995,0.0020145995,Uniaxial,0.429500013589859
1.348378160619192e-29,96264.40625,12106.8671875,0.0,0.48683369159698486,1.0534411121199128e-09,-0.00323625,0.0020274615,0.0020274615,-2.646978e-22,9.740879e-21,-3.0175549e-21,-0.0020992632,0.0018000642,0.0018000642,-8.508497e-22,5.4833088e-21,2.096509e-21,5324102.5,-5324102.5,-5324102.5,5324102.5,5324102.5,-5324102.5,-5324102.5,5324102.5,-2.223544e-10,-2.2006712e-10,0.0,0.0,-2.5785626e-10,-2.5556898e-10,0.0,0.0,-2.2951771e-10,-2.0513094e-10,-2.4840566e-10,-2.7279243e-10,0.0,0.0,0.0,0.0,-21296410.0,9.558467e-10,9.558467e-10,4.574566e-12,3.32278e-11,-3.9912223e-11,-1e-45,-0.00323625,-0.00323625,-1e-45,-1e-45,-0.00323625,-0.00323625,-1e-45,-0.0,-0.0,0.0020274615,0.0020274615,-0.0,-0.0,0.0020274615,0.0020274615,-0.0,-0.0,-0.0,-0.0,0.0020274615,0.0020274615,0.0020274615,0.0020274615,Uniaxial,0.43149998784065247
6.74189080309596e-30,96582.015625,11967.705078125,0.0,0.4927322566509247,1.0534411121199128e-09,-0.00325125,0.0020403238,0.0020403238,-6.8821427e-22,8.046813e-21,-7.25272e-21,-0.0021142634,0.0018129264,0.0018129264,-8.47595e-22,5.5346105e-21,1.9094091e-21,5262904.5,-5262904.5,-5262904.5,5262904.5,5262904.5,-5262904.5,-5262904.5,5262904.5,-4.4729367e-10,-4.466789e-10,0.0,0.0,-4.9818094e-10,-4.9756615e-10,0.0,0.0,-4.518315e-10,-4.4214105e-10,-4.9302834e-10,-5.0271876e-10,0.0,0.0,0.0,0.0,-21051618.0,1.8897197e-09,1.8897197e-09,1.2295734e-12,1.9380882e-11,-7.068305e-11,-7e-45,-0.00325125,-0.00325125,-7e-45,-7e-45,-0.00325125,-0.00325125,-7e-45,-1e-45,-1e-45,0.0020403238,0.0020403238,-1e-45,-1e-45,0.0020403238,0.0020403238,-0.0,-0.0,-0.0,-0.0,0.0020403238,0.0020403238,0.0020403238,0.0020403238,Uniaxial,0.4334999918937683
1.348378160619192e-29,96895.953125,11828.5439453125,0.0,0.4986307919025421,1.0534411121199128e-09,-0.00326625,0.0020531858,0.0020531858,-6.8821427e-22,5.505714e-21,-5.1351372e-21,-0.0021292632,0.0018257885,0.0018257885,-8.4440535e-22,5.534032e-21,1.7684312e-21,5201707.0,-5201707.0,-5201707.0,5201707.0,5201707.0,-5201707.0,-5201707.0,5201707.0,4.875715e-10,4.9593984e-10,0.0,0.0,4.3793305e-10,4.463014e-10,0.0,0.0,4.879232e-10,4.8781523e-10,4.459497e-10,4.4605766e-10,0.0,0.0,0.0,0.0,-20806828.0,-1.8677457e-09,-1.8677457e-09,1.1909553e-12,-2.1592404e-13,-5.263964e-11,-7e-45,-0.00326625,-0.00326625,-7e-45,-7e-45,-0.00326625,-0.00326625,-7e-45,-0.0,-0.0,0.0020531858,0.0020531858,-1e-45,-1e-45,0.0020531858,0.0020531858,-0.0,-0.0,-1e-45,-1e-45,0.0020531858,0.0020531858,0.0020531858,0.0020531858,Uniaxial,0.43549999594688416
2.94957735800985e-29,97206.21875,11689.3818359375,0.0,0.5045293569564819,1.0534411121199128e-09,-0.00328125,0.0020660479,0.0020660479,1.0058516e-21,4.2351647e-21,-3.0175549e-21,-0.0021442634,0.0018386506,0.0018386506,-8.0737735e-22,5.5080386e-21,1.6726524e-21,5140509.5,-5140509.5,-5140509.5,5140509.5,5140509.5,-5140509.5,-5140509.5,5140509.5,1.7079019e-11,3.1683486e-11,0.0,0.0,-3.1683486e-11,-1.7079019e-11,0.0,0.0,2.6779119e-11,2.1983386e-11,-2.6779119e-11,-2.1983386e-11,0.0,0.0,0.0,0.0,-20562038.0,0.0,0.0,1.3663193e-11,-9.591465e-12,-3.534204e-11,1e-44,-0.00328125,-0.00328125,1e-44,1e-44,-0.00328125,-0.00328125,1e-44,1e-45,1e-45,0.0020660479,0.0020660479,1e-45,1e-45,0.0020660479,0.0020660479,0.0,0.0,0.0,1e-45,0.0020660479,0.0020660479,0.0020660479,0.0020660479,Uniaxial,0.4375
2.696756321238384e-29,97512.8125,11550.220703125,0.0,0.5104279518127441,1.0534411121199128e-09,-0.00329625,0.0020789101,0.0020789101,1.8528846e-21,4.2351647e-21,-7.25272e-21,-0.0021592632,0.0018515127,0.0018515127,-7.5413926e-22,5.4825656e-21,1.4940347e-21,5079312.0,-5079312.0,-5079312.0,5079312.0,5079312.0,-5079312.0,-5079312.0,5079312.0,-6.686094e-10,-6.4335826e-10,0.0,0.0,-7.244903e-10,-6.9923917e-10,0.0,0.0,-6.536619e-10,-6.5053285e-10,-7.1418665e-10,-7.173157e-10,0.0,0.0,0.0,0.0,-20317248.0,2.7356972e-09,2.7356972e-09,1.9410792e-11,-9.287617e-12,-6.512462e-11,-6e-45,-0.00329625,-0.00329625,-6e-45,-6e-45,-0.00329625,-0.00329625,-6e-45,-1e-45,-1e-45,0.0020789101,0.0020789101,-1e-45,-1e-45,0.0020789101,0.0020789101,-0.0,-0.0,-0.0,-0.0,0.0020789101,0.0020789101,0.0020789101,0.0020789101,Uniaxial,0.43950000405311584
3.876587324627635e-29,97815.734375,11411.05859375,0.0,0.5163264870643616,1.0534411121199128e-09,-0.00331125,0.0020917722,0.0020917722,4.3939834e-21,7.19978e-21,-6.4056867e-21,-0.0021742634,0.0018643748,0.0018643748,-6.5111327e-22,5.516931e-21,1.3359427e-21,5018114.5,-5018114.5,-5018114.5,5018114.5,5018114.5,-5018114.5,-5018114.5,5018114.5,2.3407332e-10,2.6817457e-10,0.0,0.0,1.8228148e-10,2.1638276e-10,0.0,0.0,2.558021e-10,2.619915e-10,1.9465396e-10,1.8846455e-10,0.0,0.0,0.0,0.0,-20072458.0,-9.009121e-10,-9.009121e-10,3.7111064e-11,1.2378816e-11,-5.6946406e-11,-0.0,-0.00331125,-0.00331125,-0.0,-0.0,-0.00331125,-0.00331125,-0.0,0.0,0.0,0.0020917722,0.0020917722,0.0,0.0,0.0020917722,0.0020917722,-0.0,-0.0,-0.0,-0.0,0.0020917722,0.0020917722,0.0020917722,0.0020917722,Uniaxial,0.4415000081062317
3.792313746012664e-29,98114.984375,11271.8974609375,0.0,0.522225022315979,1.0534411121199128e-09,-0.00332625,0.0021046342,0.0021046342,5.2410164e-21,8.893846e-21,-3.864588e-21,-0.0021892632,0.0018772369,0.0018772369,-5.3319793e-22,5.584511e-21,1.2318679e-21,4956917.0,-4956917.0,-4956917.0,4956917.0,4956917.0,-4956917.0,-4956917.0,4956917.0,1.1228346e-09,1.1593586e-09,0.0,0.0,1.0654545e-09,1.1019784e-09,0.0,0.0,2.4127342e-10,2.532965e-10,2.0368919e-10,1.916661e-10,0.0,0.0,0.0,0.0,-19827668.0,-4.449626e-09,-8.899252e-10,4.195637e-11,2.404616e-11,-3.7031666e-11,8e-45,-0.00332625,-0.00332625,8e-45,8e-45,-0.00332625,-0.00332625,8e-45,0.0,0.0,0.0021046342,0.0021046342,0.0,0.0,0.0021046342,0.0021046342,1e-45,1e-45,1e-45,1e-45,0.0021046342,0.0021046342,0.0021046342,0.0021046342,Uniaxial,0.44350001215934753
3.792313746012664e-29,98410.5625,11132.7353515625,0.0,0.5281236171722412,1.0534411121199128e-09,-0.00334125,0.0021174964,0.0021174964,5.2410164e-21,8.4703295e-21,-4.2881043e-21,-0.0022042633,0.001890099,0.001890099,-4.1764238e-22,5.642263e-21,1.1214003e-21,4895719.5,-4895719.5,-4895719.5,4895719.5,4895719.5,-4895719.5,-4895719.5,4895719.5,-2.0852228e-10,-1.7267199e-10,0.0,0.0,-2.6679717e-10,-2.3094687e-10,0.0,0.0,-1.9955744e-10,-1.894097e-10,-2.399117e-10,-2.5005945e-10,0.0,0.0,0.0,0.0,-19582878.0,8.789383e-10,8.789383e-10,4.0609103e-11,2.0295488e-11,-3.882106e-11,1e-45,-0.00334125,-0.00334125,1e-45,1e-45,-0.00334125,-0.00334125,1e-45,0.0,0.0,0.0021174964,0.0021174964,0.0,0.0,0.0021174964,0.0021174964,-0.0,-0.0,-0.0,-0.0,0.0021174964,0.0021174964,0.0021174964,0.0021174964,Uniaxial,0.445499986410141
5.730607558789758e-29,98702.46875,10993.57421875,0.0,0.5340221524238586,1.0534411121199128e-09,-0.00335625,0.0021303585,0.0021303585,5.2410164e-21,6.352747e-21,-7.676236e-21,-0.0022192632,0.0019029612,0.0019029612,-3.0439934e-22,5.6564816e-21,9.45339e-22,4834522.0,-4834522.0,-4834522.0,4834522.0,4834522.0,-4834522.0,-4834522.0,4834522.0,-1.0678299e-09,-1.0326346e-09,0.0,0.0,-1.1372437e-09,-1.1020486e-09,0.0,0.0,-4.0050235e-10,-3.9026235e-10,-4.67449e-10,-4.7768905e-10,0.0,0.0,0.0,0.0,-19338088.0,4.339757e-09,1.7359028e-09,3.9298953e-11,4.9342583e-12,-6.109892e-11,-7e-45,-0.00335625,-0.00335625,-7e-45,-7e-45,-0.00335625,-0.00335625,-7e-45,-0.0,-0.0,0.0021303585,0.0021303585,-0.0,-0.0,0.0021303585,0.0021303585,-0.0,-0.0,-0.0,-0.0,0.0021303585,0.0021303585,0.0021303585,0.0021303585,Uniaxial,0.44749999046325684
6.826164983564038e-29,98990.765625,10859.052734375,0.0,0.5397240519523621,1.0534411121199128e-09,-0.00337125,0.0021432205,0.0021432205,5.2410164e-21,7.19978e-21,-9.370302e-21,-0.0022342633,0.0019158232,0.0019158232,-1.9342257e-22,5.6873663e-21,7.3889887e-22,4775365.0,-4775365.0,-4775365.0,4775365.0,4775365.0,-4775365.0,-4775365.0,4775365.0,-1.9449252e-10,-1.5992616e-10,0.0,0.0,-2.6873923e-10,-2.3417288e-10,0.0,0.0,6.8136113e-10,6.944275e-10,6.0463506e-10,5.915687e-10,0.0,0.0,0.0,0.0,-19101460.0,8.573308e-10,-2.5719924e-09,3.8041237e-11,1.0586941e-11,-7.0764714e-11,-7e-45,-0.00337125,-0.00337125,-7e-45,-7e-45,-0.00337125,-0.00337125,-7e-45,-0.0,-0.0,0.0021432205,0.0021432205,-0.0,-0.0,0.0021432205,0.0021432205,-0.0,-0.0,-0.0,-0.0,0.0021432205,0.0021432205,0.0021432205,0.0021432205,Uniaxial,0.4494999945163727
4.1294083613991006e-29,99276.578125,10805.2314453125,0.0,0.5420053005218506,1.0534411121199128e-09,-0.00338625,0.0021560828,0.0021560828,5.2410164e-21,8.046813e-21,-1.44525e-20,-0.0022492632,0.0019286853,0.0019286853,-8.46667e-23,5.7345847e-21,4.3488334e-22,4751696.5,-4751696.5,-4751696.5,4751696.5,4751696.5,-4751696.5,-4751696.5,4751696.5,2.053655e-11,5.4629877e-11,0.0,0.0,-5.4629877e-11,-2.053655e-11,0.0,0.0,4.5216157e-11,5.3268882e-11,-4.5216157e-11,-5.3268882e-11,0.0,0.0,0.0,0.0,-19006786.0,0.0,0.0,3.7095174e-11,1.6105449e-11,-1.0369563e-10,0.0,-0.00338625,-0.00338625,0.0,0.0,-0.00338625,-0.00338625,0.0,-0.0,-0.0,0.0021560828,0.0021560828,-0.0,-0.0,0.0021560828,0.0021560828,0.0,0.0,0.0,0.0,0.0021560828,0.0021560828,0.0021560828,0.0021560828,Uniaxial,0.4514999985694885
5.477786522018293e-29,99560.9765625,10751.4111328125,0.0,0.5442865490913391,1.0534411121199128e-09,-0.00340125,0.0021689448,0.0021689448,4.8175e-21,5.9292306e-21,-1.4876016e-20,-0.0022642633,0.0019415475,0.0019415475,1.3437149e-23,5.73848e-21,1.2847636e-22,4728028.5,-4728028.5,-4728028.5,4728028.5,4728028.5,-4728028.5,-4728028.5,4728028.5,6.659575e-10,6.9815087e-10,0.0,0.0,5.750978e-10,6.0729116e-10,0.0,0.0,6.856101e-10,6.8627115e-10,5.8763855e-10,5.869775e-10,0.0,0.0,0.0,0.0,-18912114.0,-2.5464972e-09,-2.5464972e-09,3.3295238e-11,1.3220253e-12,-1.0399077e-10,4e-45,-0.00340125,-0.00340125,4e-45,4e-45,-0.00340125,-0.00340125,4e-45,0.0,0.0,0.0021689448,0.0021689448,0.0,0.0,0.0021689448,0.0021689448,0.0,0.0,0.0,0.0,0.0021689448,0.0021689448,0.0021689448,0.0021689448,Uniaxial,0.45350000262260437
4.04513478278413e-29,99843.9453125,10697.5908203125,0.0,0.5465677976608276,1.0534411121199128e-09,-0.00341625,0.0021818068,0.0021818068,4.3939834e-21,5.0821977e-21,-1.4028983e-20,-0.0022792632,0.0019544095,0.0019544095,1.0110215e-22,5.725346e-21,-1.5484761e-22,4704360.5,-4704360.5,-4704360.5,4704360.5,4704360.5,-4704360.5,-4704360.5,4704360.5,6.616147e-10,6.919622e-10,0.0,0.0,5.749127e-10,6.052602e-10,0.0,0.0,6.7012434e-10,6.756797e-10,5.9675054e-10,5.911952e-10,0.0,0.0,0.0,0.0,-18817442.0,-2.5337499e-09,-2.5337499e-09,2.9603486e-11,-4.435118e-12,-9.5675315e-11,0.0,-0.00341625,-0.00341625,0.0,0.0,-0.00341625,-0.00341625,0.0,0.0,0.0,0.0021818068,0.0021818068,0.0,0.0,0.0021818068,0.0021818068,-0.0,-0.0,-0.0,-0.0,0.0021818068,0.0021818068,0.0021818068,0.0021818068,Uniaxial,0.4555000066757202
4.8035972912454197e-29,100125.4921875,10643.7705078125,0.0,0.5488490462303162,1.0534411121199128e-09,-0.00343125,0.002194669,0.002194669,4.3939834e-21,6.7762636e-21,-1.4028983e-20,-0.0022942633,0.0019672718,0.0019672718,1.8701277e-22,5.7463773e-21,-4.325016e-22,4680692.5,-4680692.5,-4680692.5,4680692.5,4680692.5,-4680692.5,-4680692.5,4680692.5,2.776526e-11,5.774355e-11,0.0,0.0,-5.774355e-11,-2.776526e-11,0.0,0.0,-8.032327e-10,-7.919267e-10,-8.7743546e-10,-8.887415e-10,0.0,0.0,0.0,0.0,-18722770.0,0.0,3.3613363e-09,2.8865093e-11,7.06631e-12,-9.328891e-11,3e-45,-0.00343125,-0.00343125,3e-45,3e-45,-0.00343125,-0.00343125,3e-45,-0.0,-0.0,0.002194669,0.002194669,-0.0,-0.0,0.002194669,0.002194669,1e-45,1e-45,1e-45,1e-45,0.002194669,0.002194669,0.002194669,0.002194669,Uniaxial,0.45750001072883606
6.067701873249641e-29,100405.625,10589.94921875,0.0,0.5511303544044495,1.0534411121199128e-09,-0.00344625,0.0022075311,0.0022075311,4.3939834e-21,9.3173624e-21,-1.318195e-20,-0.0023092632,0.0019801338,0.0019801338,2.7120412e-22,5.817841e-21,-6.8764796e-22,4657024.5,-4657024.5,-4657024.5,4657024.5,4657024.5,-4657024.5,-4657024.5,4657024.5,4.5176182e-10,4.8137977e-10,0.0,0.0,3.5470515e-10,3.843231e-10,0.0,0.0,4.450526e-10,4.6477033e-10,3.910323e-10,3.713146e-10,0.0,0.0,0.0,0.0,-18628098.0,-1.6721698e-09,-1.6721698e-09,2.8144398e-11,2.388969e-11,-8.52931e-11,3e-45,-0.00344625,-0.00344625,3e-45,3e-45,-0.00344625,-0.00344625,3e-45,0.0,0.0,0.0022075311,0.0022075311,0.0,0.0,0.0022075311,0.0022075311,0.0,0.0,0.0,0.0,0.0022075311,0.0022075311,0.0022075311,0.0022075311,Uniaxial,0.4595000147819519
4.8035972912454197e-29,100684.3359375,10536.12890625,0.0,0.553411602973938,1.0534411121199128e-09,-0.00346125,0.0022203932,0.0022203932,4.3939834e-21,1.0164395e-20,-1.2758434e-20,-0.0023242633,0.0019929959,0.0019929959,3.5371061e-22,5.904826e-21,-9.292127e-22,4633356.5,-4633356.5,-4633356.5,4633356.5,4633356.5,-4633356.5,-4633356.5,4633356.5,2.328436e-10,2.6210986e-10,0.0,0.0,1.5380802e-10,1.8307425e-10,0.0,0.0,2.3635768e-10,2.5859578e-10,1.7956017e-10,1.573221e-10,0.0,0.0,0.0,0.0,-18533426.0,-8.3183577e-10,-8.3183577e-10,2.7440989e-11,2.8930422e-11,-8.0342476e-11,-3e-45,-0.00346125,-0.00346125,-3e-45,-3e-45,-0.00346125,-0.00346125,-3e-45,0.0,0.0,0.0022203932,0.0022203932,0.0,0.0,0.0022203932,0.0022203932,-0.0,-0.0,-0.0,-0.0,0.0022203932,0.0022203932,0.0022203932,0.0022203932,Uniaxial,0.46149998903274536
8.933005953571074e-29,100961.6328125,10482.30859375,0.0,0.5556928515434265,1.0534411121199128e-09,-0.00347625,0.0022332554,0.0022332554,5.2410164e-21,9.740879e-21,-1.3605467e-20,-0.0023392632,0.002005858,0.002005858,4.5151707e-22,5.9815942e-21,-1.1828942e-21,4609688.5,-4609688.5,-4609688.5,4609688.5,4609688.5,-4609688.5,-4609688.5,4609688.5,-1.7456997e-10,-1.4284249e-10,0.0,0.0,-2.709508e-10,-2.392233e-10,0.0,0.0,-1.7282964e-10,-1.4458283e-10,-2.4096364e-10,-2.6921046e-10,0.0,0.0,0.0,0.0,-18438754.0,8.2758655e-10,8.2758655e-10,3.2363466e-11,2.540213e-11,-8.394145e-11,-1e-45,-0.00347625,-0.00347625,-1e-45,-1e-45,-0.00347625,-0.00347625,-1e-45,-0.0,-0.0,0.0022332554,0.0022332554,-0.0,-0.0,0.0022332554,0.0022332554,-0.0,-0.0,-0.0,-0.0,0.0022332554,0.0022332554,0.0022332554,0.0022332554,Uniaxial,0.4634999930858612
8.933005953571074e-29,101237.5,10428.48828125,0.0,0.557974100112915,1.0534411121199128e-09,-0.00349125,0.0022461175,0.0022461175,5.2410164e-21,1.0587912e-20,-1.5299533e-20,-0.0023542633,0.0020187201,0.0020187201,5.4736617e-22,6.0737776e-21,-1.4654013e-21,4586020.5,-4586020.5,-4586020.5,4586020.5,4586020.5,-4586020.5,-4586020.5,4586020.5,-1.710405e-10,-1.3971828e-10,0.0,0.0,-2.719504e-10,-2.4062818e-10,0.0,0.0,-1.707388e-10,-1.4001998e-10,-2.409299e-10,-2.7164873e-10,0.0,0.0,0.0,0.0,-18344082.0,8.233374e-10,8.233374e-10,3.1552955e-11,3.0346163e-11,-9.299963e-11,-1e-45,-0.00349125,-0.00349125,-1e-45,-1e-45,-0.00349125,-0.00349125,-1e-45,-0.0,-0.0,0.0022461175,0.0022461175,0.0,0.0,0.0022461175,0.0022461175,0.0,-0.0,-0.0,0.0,0.0022461175,0.0022461175,0.0022461175,0.0022461175,Uniaxial,0.46549999713897705
6.910438261252455e-29,101511.953125,10374.6669921875,0.0,0.5602553486824036,1.0534411121199128e-09,-0.00350625,0.0022589795,0.0022589795,5.2410164e-21,1.1858461e-20,-1.7840631e-20,-0.0023692632,0.0020315822,0.0020315822,6.412971e-22,6.1895425e-21,-1.793108e-21,4562352.0,-4562352.0,-4562352.0,4562352.0,4562352.0,-4562352.0,-4562352.0,4562352.0,4.481164e-10,4.790431e-10,0.0,0.0,3.4004513e-10,3.7097184e-10,0.0,0.0,4.3855589e-10,4.7305787e-10,3.8053233e-10,3.4603034e-10,0.0,0.0,0.0,0.0,-18249408.0,-1.6381765e-09,-1.6381765e-09,3.0761924e-11,3.7912496e-11,-1.0732235e-10,-1e-45,-0.00350625,-0.00350625,-1e-45,-1e-45,-0.00350625,-0.00350625,-1e-45,-0.0,-0.0,0.0022589795,0.0022589795,-0.0,-0.0,0.0022589795,0.0022589795,-0.0,-0.0,-0.0,-0.0,0.0022589795,0.0022589795,0.0022589795,0.0022589795,Uniaxial,0.4675000011920929
8.933005953571074e-29,101784.984375,10320.8466796875,0.0,0.5625365972518921,1.0534411121199128e-09,-0.00352125,0.0022718417,0.0022718417,5.2410164e-21,1.1858461e-20,-1.9958214e-20,-0.0023842633,0.0020444444,0.0020444444,7.3334827e-22,6.302991e-21,-2.1566343e-21,4538684.0,-4538684.0,-4538684.0,4538684.0,4538684.0,-4538684.0,-4538684.0,4538684.0,-1.6216618e-10,-1.3162549e-10,0.0,0.0,-2.7579403e-10,-2.4525335e-10,0.0,0.0,-1.6390897e-10,-1.298827e-10,-2.4351055e-10,-2.7753683e-10,0.0,0.0,0.0,0.0,-18154736.0,8.1483903e-10,8.1483903e-10,2.9989917e-11,3.696104e-11,-1.1843548e-10,-1e-45,-0.00352125,-0.00352125,-1e-45,-1e-45,-0.00352125,-0.00352125,-1e-45,-0.0,-0.0,0.0022718417,0.0022718417,-0.0,-0.0,0.0022718417,0.0022718417,0.0,0.0,0.0,0.0,0.0022718417,0.0022718417,0.0022718417,0.0022718417,Uniaxial,0.46950000524520874
8.933005953571074e-29,102056.59375,10267.0263671875,0.0,0.5648179054260254,1.0534411121199128e-09,-0.00353625,0.0022847038,0.0022847038,5.664533e-21,1.1434945e-20,-2.038173e-20,-0.0023992632,0.0020573065,0.0020573065,8.3203283e-22,6.4056935e-21,-2.5213614e-21,4515016.0,-4515016.0,-4515016.0,4515016.0,4515016.0,-4515016.0,-4515016.0,4515016.0,4.0988074e-11,7.252551e-11,0.0,0.0,-7.252551e-11,-4.0988074e-11,0.0,0.0,-5.672799e-10,-5.3509136e-10,-6.4860495e-10,-6.807935e-10,0.0,0.0,0.0,0.0,-18060064.0,0.0,2.4317697e-09,3.198339e-11,3.3285572e-11,-1.1820697e-10,4e-45,-0.00353625,-0.00353625,4e-45,4e-45,-0.00353625,-0.00353625,4e-45,1e-45,1e-45,0.0022847038,0.0022847038,1e-45,1e-45,0.0022847038,0.0022847038,0.0,0.0,-0.0,-0.0,0.0022847038,0.0022847038,0.0022847038,0.0022847038,Uniaxial,0.4715000092983246
4.887871170786944e-29,102326.7890625,10213.2060546875,0.0,0.5670991539955139,1.0534411121199128e-09,-0.00355125,0.0022975658,0.0022975658,5.664533e-21,1.1011428e-20,-1.9111181e-20,-0.0024142633,0.0020701685,0.0020701685,9.287425e-22,6.497865e-21,-2.8533626e-21,4491348.0,-4491348.0,-4491348.0,4491348.0,4491348.0,-4491348.0,-4491348.0,4491348.0,2.3220888e-10,2.6334412e-10,0.0,0.0,1.3982622e-10,1.7096147e-10,0.0,0.0,2.3257464e-10,2.6297836e-10,1.705957e-10,1.4019198e-10,0.0,0.0,0.0,0.0,-17965392.0,-8.063407e-10,-8.063407e-10,3.1179025e-11,2.971595e-11,-1.0703661e-10,0.0,-0.00355125,-0.00355125,0.0,0.0,-0.00355125,-0.00355125,0.0,0.0,0.0,0.0022975658,0.0022975658,0.0,0.0,0.0022975658,0.0022975658,-0.0,-0.0,-0.0,-0.0,0.0022975658,0.0022975658,0.0022975658,0.0022975658,Uniaxial,0.47350001335144043
3.5394927092411983e-29,102595.5546875,10159.384765625,0.0,0.5693804025650024,1.0534411121199128e-09,-0.00356625,0.002310428,0.002310428,6.0880493e-21,1.1011428e-20,-1.7840631e-20,-0.0024292632,0.0020830308,0.0020830308,1.0319923e-21,6.588192e-21,-3.1532929e-21,4467680.0,-4467680.0,-4467680.0,4467680.0,4467680.0,-4467680.0,-4467680.0,4467680.0,-1.7309475e-10,-1.4099293e-10,0.0,0.0,-2.6005284e-10,-2.2795102e-10,0.0,0.0,4.2173712e-10,4.5176676e-10,3.8035441e-10,3.5032477e-10,0.0,0.0,0.0,0.0,-17870720.0,8.020915e-10,-1.604183e-09,3.311215e-11,2.8967804e-11,-9.6187475e-11,-1e-45,-0.00356625,-0.00356625,-1e-45,-1e-45,-0.00356625,-0.00356625,-1e-45,-0.0,-0.0,0.002310428,0.002310428,-0.0,-0.0,0.002310428,0.002310428,0.0,0.0,0.0,0.0,0.002310428,0.002310428,0.002310428,0.002310428,Uniaxial,0.4754999876022339
2.1068409700070356e-29,102862.90625,10105.564453125,0.0,0.571661651134491,1.0534411121199128e-09,-0.00358125,0.00232329,0.00232329,6.0880493e-21,1.0587912e-20,-1.1487884e-20,-0.0024442633,0.0020958928,0.0020958928,1.1331758e-21,6.6682357e-21,-3.3200877e-21,4444012.0,-4444012.0,-4444012.0,4444012.0,4444012.0,-4444012.0,-4444012.0,4444012.0,1.3005368e-11,3.6917035e-11,0.0,0.0,-3.6917035e-11,-1.3005368e-11,0.0,0.0,1.0804832e-11,3.911757e-11,-1.0804832e-11,-3.911757e-11,0.0,0.0,0.0,0.0,-17776048.0,0.0,0.0,3.2277594e-11,2.5533995e-11,-5.320758e-11,-4e-45,-0.00358125,-0.00358125,-4e-45,-4e-45,-0.00358125,-0.00358125,-4e-45,-0.0,-0.0,0.00232329,0.00232329,-0.0,-0.0,0.00232329,0.00232329,-0.0,-0.0,-0.0,-0.0,0.00232329,0.00232329,0.00232329,0.00232329,Uniaxial,0.47749999165534973
3.792313746012664e-29,103128.8359375,10051.744140625,0.0,0.5739428997039795,1.0534411121199128e-09,-0.00359625,0.0023361521,0.0023361521,3.5469505e-21,1.1434945e-20,-8.9467855e-21,-0.0024592632,0.0021087548,0.0021087548,1.1814812e-21,6.763629e-21,-3.432691e-21,4420344.0,-4420344.0,-4420344.0,4420344.0,4420344.0,-4420344.0,-4420344.0,4420344.0,-3.7615036e-10,-3.684867e-10,0.0,0.0,-4.2510648e-10,-4.174428e-10,0.0,0.0,4.0982112e-10,4.4050102e-10,3.8377207e-10,3.5309214e-10,0.0,0.0,0.0,0.0,-17681376.0,1.5871864e-09,-1.5871864e-09,1.5327338e-11,3.0268343e-11,-3.5729225e-11,0.0,-0.00359625,-0.00359625,0.0,0.0,-0.00359625,-0.00359625,0.0,-0.0,-0.0,0.0023361521,0.0023361521,-0.0,-0.0,0.0023361521,0.0023361521,0.0,0.0,0.0,0.0,0.0023361521,0.0023361521,0.0023361521,0.0023361521,Uniaxial,0.4794999957084656
3.4552191306262276e-29,103393.3515625,9997.923828125,0.0,0.576224148273468,1.0534411121199128e-09,-0.00361125,0.0023490144,0.0023490144,1.5881868e-22,1.1858461e-20,-8.523269e-21,-0.0024742633,0.002121617,0.002121617,1.1610153e-21,6.8655886e-21,-3.5345654e-21,4396675.5,-4396675.5,-4396675.5,4396675.5,4396675.5,-4396675.5,-4396675.5,4396675.5,2.2253446e-10,2.1153206e-10,0.0,0.0,1.8313995e-10,1.7213753e-10,0.0,0.0,2.0898859e-10,2.4062366e-10,1.8568341e-10,1.5404833e-10,0.0,0.0,0.0,0.0,-17586702.0,-7.89344e-10,-7.89344e-10,-6.459081e-12,3.2178687e-11,-3.2151816e-11,8e-45,-0.00361125,-0.00361125,8e-45,8e-45,-0.00361125,-0.00361125,8e-45,1e-45,1e-45,0.0023490144,0.0023490144,1e-45,1e-45,0.0023490144,0.0023490144,1e-45,1e-45,1e-45,1e-45,0.0023490144,0.0023490144,0.0023490144,0.0023490144,Uniaxial,0.4814999997615814
1.7697463546205992e-29,103656.4375,9944.103515625,0.0,0.5785054564476013,1.0534411121199128e-09,-0.00362625,0.0023618764,0.0023618764,-3.2293131e-21,1.2281978e-20,-1.0640851e-20,-0.0024892634,0.0021344791,0.0021344791,1.0731546e-21,6.973983e-21,-3.676779e-21,4373007.5,-4373007.5,-4373007.5,4373007.5,4373007.5,-4373007.5,-4373007.5,4373007.5,3.360102e-11,1.9811118e-11,0.0,0.0,-1.9811118e-11,-3.360102e-11,0.0,0.0,7.8386236e-10,8.164208e-10,7.863273e-10,7.537688e-10,0.0,0.0,0.0,0.0,-17492030.0,0.0,-3.1403793e-09,-2.7579806e-11,3.4025466e-11,-4.4641305e-11,0.0,-0.00362625,-0.00362625,0.0,0.0,-0.00362625,-0.00362625,0.0,-0.0,-0.0,0.0023618764,0.0023618764,0.0,0.0,0.0023618764,0.0023618764,-0.0,0.0,0.0,-0.0,0.0023618764,0.0023618764,0.0023618764,0.0023618764,Uniaxial,0.48350000381469727
7.584627341562051e-30,103918.109375,9890.2822265625,0.0,0.5807867050170898,1.0534411121199128e-09,-0.00364125,0.0023747385,0.0023747385,-2.3822802e-21,1.2705494e-20,-1.1487884e-20,-0.0025042633,0.0021473411,0.0021473411,1.0040032e-21,7.088684e-21,-3.8330976e-21,4349339.5,-4349339.5,-4349339.5,4349339.5,4349339.5,-4349339.5,-4349339.5,4349339.5,-1.6984035e-10,-1.8063503e-10,0.0,0.0,-2.0978778e-10,-2.2058247e-10,0.0,0.0,-1.9584954e-10,-1.6239872e-10,-1.9457327e-10,-2.280241e-10,0.0,0.0,0.0,0.0,-17397358.0,7.8084567e-10,7.8084567e-10,-2.1589371e-11,3.5810174e-11,-4.8803368e-11,-0.0,-0.00364125,-0.00364125,-0.0,-0.0,-0.00364125,-0.00364125,-0.0,0.0,-0.0,0.0023747385,0.0023747385,0.0,-0.0,0.0023747385,0.0023747385,-0.0,-0.0,0.0,0.0,0.0023747385,0.0023747385,0.0023747385,0.0023747385,Uniaxial,0.4855000078678131
7.584627341562051e-30,104178.359375,9836.4619140625,0.0,0.5830679535865784,1.0534411121199128e-09,-0.00365625,0.0023876007,0.0023876007,-6.8821427e-22,1.2705494e-20,-6.829203e-21,-0.0025192634,0.0021602034,0.0021602034,9.70138e-22,7.2010895e-21,-3.8930565e-21,4325671.5,-4325671.5,-4325671.5,4325671.5,4325671.5,-4325671.5,-4325671.5,4325671.5,2.0920524e-10,2.0394757e-10,0.0,0.0,1.8435067e-10,1.79093e-10,0.0,0.0,1.8619145e-10,2.1918847e-10,2.0210678e-10,1.6910975e-10,0.0,0.0,0.0,0.0,-17302686.0,-7.7659645e-10,-7.7659645e-10,-1.0515349e-11,3.490256e-11,-1.861764e-11,-4e-45,-0.00365625,-0.00365625,-4e-45,-4e-45,-0.00365625,-0.00365625,-4e-45,-0.0,-0.0,0.0023876007,0.0023876007,-0.0,-0.0,0.0023876007,0.0023876007,-0.0,-0.0,-0.0,-0.0,0.0023876007,0.0023876007,0.0023876007,0.0023876007,Uniaxial,0.48750001192092896
1.4326518896974396e-29,104437.1875,9782.6416015625,0.0,0.5853492021560669,1.0534411121199128e-09,-0.00367125,0.0024004627,0.0024004627,1.0058516e-21,1.1858461e-20,-6.829203e-21,-0.0025342633,0.0021730654,0.0021730654,9.708527e-22,7.294294e-21,-3.9518158e-21,4302003.5,-4302003.5,-4302003.5,4302003.5,4302003.5,-4302003.5,-4302003.5,4302003.5,2.0534083e-10,2.0545118e-10,0.0,0.0,1.8072246e-10,1.8083282e-10,0.0,0.0,1.94314e-10,2.2425088e-10,1.9185965e-10,1.6192277e-10,0.0,0.0,0.0,0.0,-17208014.0,-7.723473e-10,-7.723473e-10,2.2070862e-13,2.878231e-11,-1.814523e-11,-1e-45,-0.00367125,-0.00367125,-1e-45,-1e-45,-0.00367125,-0.00367125,-1e-45,0.0,0.0,0.0024004627,0.0024004627,0.0,0.0,0.0024004627,0.0024004627,-0.0,-0.0,-0.0,-0.0,0.0024004627,0.0024004627,0.0024004627,0.0024004627,Uniaxial,0.4894999861717224
1.0955572743110031e-29,104694.6015625,9728.8212890625,0.0,0.5876304507255554,1.0534411121199128e-09,-0.00368625,0.0024133248,0.0024133248,1.8528846e-21,1.2281978e-20,-3.864588e-21,-0.0025492634,0.0021859275,0.0021859275,9.885042e-22,7.394109e-21,-3.95007e-21,4278335.5,-4278335.5,-4278335.5,4278335.5,4278335.5,-4278335.5,-4278335.5,4278335.5,-1.4892548e-12,1.2212059e-12,0.0,0.0,-1.2212059e-12,1.4892548e-12,0.0,0.0,-3.911098e-12,2.6961662e-11,3.911098e-12,-2.6961662e-11,0.0,0.0,0.0,0.0,-17113342.0,0.0,0.0,5.420921e-12,3.065404e-11,5.360981e-13,0.0,-0.00368625,-0.00368625,0.0,0.0,-0.00368625,-0.00368625,0.0,-0.0,0.0,0.0024133248,0.0024133248,-0.0,0.0,0.0024133248,0.0024133248,-0.0,-0.0,0.0,0.0,0.0024133248,0.0024133248,0.0024133248,0.0024133248,Uniaxial,0.49149999022483826
1.7697463546205992e-29,104950.59375,9675.0,0.0,0.589911699295044,1.0534411121199128e-09,-0.00370125,0.002426187,0.002426187,2.276401e-21,1.1858461e-20,-5.98217e-21,-0.0025642633,0.0021987897,0.0021987897,1.014278e-21,7.483452e-21,-3.9907373e-21,4254667.5,-4254667.5,-4254667.5,4254667.5,4254667.5,-4254667.5,-4254667.5,4254667.5,-3.652416e-10,-3.6130582e-10,0.0,0.0,-4.0254314e-10,-3.9860734e-10,0.0,0.0,-3.8952735e-10,-3.6033868e-10,-3.743216e-10,-4.0351028e-10,0.0,0.0,0.0,0.0,-17018670.0,1.5276979e-09,1.5276979e-09,7.871558e-12,2.728588e-11,-1.2420088e-11,0.0,-0.00370125,-0.00370125,0.0,0.0,-0.00370125,-0.00370125,0.0,-0.0,-0.0,0.002426187,0.002426187,-0.0,-0.0,0.002426187,0.002426187,0.0,0.0,0.0,0.0,0.002426187,0.002426187,0.002426187,0.002426187,Uniaxial,0.4934999942779541
1.4326518896974396e-29,105205.1640625,9621.1796875,0.0,0.5921930074691772,1.0534411121199128e-09,-0.00371625,0.002439049,0.002439049,1.8528846e-21,1.2705494e-20,-6.829203e-21,-0.0025792634,0.0022116518,0.0022116518,1.0310605e-21,7.587957e-21,-4.0475414e-21,4230999.5,-4230999.5,-4230999.5,4230999.5,4230999.5,-4230999.5,-4230999.5,4230999.5,-1.8686118e-10,-1.7653981e-10,0.0,0.0,-2.0326008e-10,-1.929387e-10,0.0,0.0,-1.8963532e-10,-1.5821992e-10,-1.9016456e-10,-2.2157996e-10,0.0,0.0,0.0,0.0,-16923998.0,7.5959977e-10,7.5959977e-10,5.097006e-12,3.17393e-11,-1.7252047e-11,-1e-45,-0.00371625,-0.00371625,-1e-45,-1e-45,-0.00371625,-0.00371625,-1e-45,-0.0,-0.0,0.002439049,0.002439049,-0.0,-0.0,0.002439049,0.002439049,-0.0,-0.0,-0.0,-0.0,0.002439049,0.002439049,0.002439049,0.002439049,Uniaxial,0.49549999833106995
1.348378160619192e-29,105458.3125,9567.359375,0.0,0.5944742560386658,1.0534411121199128e-09,-0.00373125,0.0024519113,0.0024519113,3.123434e-21,1.3129011e-20,-8.0997526e-21,-0.0025942633,0.0022245138,0.0022245138,1.0729338e-21,7.698846e-21,-4.1286357e-21,4207331.0,-4207331.0,-4207331.0,4207331.0,4207331.0,-4207331.0,-4207331.0,4207331.0,-1.897628e-10,-1.7566683e-10,0.0,0.0,-2.0200847e-10,-1.879125e-10,0.0,0.0,5.6814975e-10,6.004404e-10,5.6487615e-10,5.325855e-10,0.0,0.0,0.0,0.0,-16829324.0,7.553506e-10,-2.2660518e-09,1.2646196e-11,3.3489836e-11,-2.449135e-11,3e-45,-0.00373125,-0.00373125,3e-45,3e-45,-0.00373125,-0.00373125,3e-45,1e-45,1e-45,0.0024519113,0.0024519113,1e-45,1e-45,0.0024519113,0.0024519113,0.0,0.0,-0.0,-0.0,0.0024519113,0.0024519113,0.0024519113,0.0024519113,Uniaxial,0.4975000023841858
1.5169254683124103e-29,105710.0390625,9513.5390625,0.0,0.5967555046081543,1.0534411121199128e-09,-0.00374625,0.0024647734,0.0024647734,4.3939834e-21,1.3976044e-20,-1.1064368e-20,-0.0026092634,0.002237376,0.002237376,1.1393958e-21,7.824468e-21,-4.267436e-21,4183663.2,-4183663.2,-4183663.2,4183663.2,4183663.2,-4183663.2,-4183663.2,4183663.2,-1.8623078e-10,-1.6070537e-10,0.0,0.0,-2.1484534e-10,-1.8931993e-10,0.0,0.0,-1.8289947e-10,-1.4849093e-10,-1.9265123e-10,-2.2705979e-10,0.0,0.0,0.0,0.0,-16734653.0,7.511014e-10,7.511014e-10,1.9959335e-11,3.7725625e-11,-4.1683386e-11,1e-45,-0.00374625,-0.00374625,1e-45,1e-45,-0.00374625,-0.00374625,1e-45,-0.0,-0.0,0.0024647734,0.0024647734,0.0,0.0,0.0024647734,0.0024647734,0.0,0.0,-0.0,-0.0,0.0024647734,0.0024647734,0.0024647734,0.0024647734,Uniaxial,0.49950000643730164
2.865303779394879e-29,105960.3515625,9459.7177734375,0.0,0.5990367531776428,1.0534411121199128e-09,-0.00376125,0.0024776354,0.0024776354,7.358599e-21,1.3552527e-20,-1.1911401e-20,-0.0026242633,0.002250238,0.002250238,1.2638566e-21,7.9391e-21,-4.4204096e-21,4159995.0,-4159995.0,-4159995.0,4159995.0,4159995.0,-4159995.0,-4159995.0,4159995.0,-1.7292517e-10,-1.3879663e-10,0.0,0.0,-2.346295e-10,-2.0050095e-10,0.0,0.0,-1.8773716e-10,-1.5507613e-10,-1.8568896e-10,-2.1834999e-10,0.0,0.0,0.0,0.0,-16639980.0,7.4685225e-10,7.4685225e-10,3.716563e-11,3.4230584e-11,-4.5679936e-11,-0.0,-0.00376125,-0.00376125,-0.0,-0.0,-0.00376125,-0.00376125,-0.0,0.0,-0.0,0.0024776354,0.0024776354,0.0,-0.0,0.0024776354,0.0024776354,0.0,0.0,-0.0,-0.0,0.0024776354,0.0024776354,0.0024776354,0.0024776354,Uniaxial,0.5015000104904175
1.5169254683124103e-29,106209.2421875,9405.8974609375,0.0,0.6013180017471313,1.0534411121199128e-09,-0.00377625,0.0024904977,0.0024904977,8.629148e-21,1.3552527e-20,-1.2334917e-20,-0.0026392634,0.0022631001,0.0022631001,1.4112534e-21,8.051438e-21,-4.5787977e-21,4136327.0,-4136327.0,-4136327.0,4136327.0,4136327.0,-4136327.0,-4136327.0,4136327.0,-1.8094848e-10,-1.4352065e-10,0.0,0.0,-2.2778089e-10,-1.9035305e-10,0.0,0.0,-1.8611898e-10,-1.538959e-10,-1.8518256e-10,-2.1740565e-10,0.0,0.0,0.0,0.0,-16545308.0,7.426031e-10,7.426031e-10,4.376418e-11,3.335469e-11,-4.7027594e-11,-6e-45,-0.00377625,-0.00377625,-6e-45,-6e-45,-0.00377625,-0.00377625,-6e-45,-0.0,-0.0,0.0024904977,0.0024904977,-0.0,-0.0,0.0024904977,0.0024904977,-0.0,-0.0,-0.0,-0.0,0.0024904977,0.0024904977,0.0024904977,0.0024904977,Uniaxial,0.5034999847412109
2.696756321238384e-29,106456.7109375,9352.0771484375,0.0,0.6035992503166199,1.0534411121199128e-09,-0.00379125,0.0025033597,0.0025033597,8.205632e-21,1.3552527e-20,-1.1064368e-20,-0.0026542633,0.0022759624,0.0022759624,1.5472249e-21,8.161528e-21,-4.708589e-21,4112659.0,-4112659.0,-4112659.0,4112659.0,4112659.0,-4112659.0,-4112659.0,4112659.0,3.4303302e-12,4.681936e-11,0.0,0.0,-4.681936e-11,-3.4303302e-12,0.0,0.0,-2.43237e-12,2.936345e-11,2.43237e-12,-2.936345e-11,0.0,0.0,0.0,0.0,-16450636.0,0.0,0.0,4.0140835e-11,3.2500152e-11,-3.8316413e-11,-0.0,-0.00379125,-0.00379125,-0.0,-0.0,-0.00379125,-0.00379125,-0.0,-0.0,-0.0,0.0025033597,0.0025033597,-0.0,-0.0,0.0025033597,0.0025033597,0.0,0.0,0.0,0.0,0.0025033597,0.0025033597,0.0025033597,0.0025033597,Uniaxial,0.5055000185966492
3.4552191306262276e-29,106702.7578125,9298.2568359375,0.0,0.6058804988861084,1.0534411121199128e-09,-0.00380625,0.0025162217,0.0025162217,9.476181e-21,1.3129011e-20,-1.0217335e-20,-0.0026692634,0.0022888244,0.0022888244,1.7059019e-21,8.260939e-21,-4.818832e-21,4088991.0,-4088991.0,-4088991.0,4088991.0,4088991.0,-4088991.0,-4088991.0,4088991.0,-3.8615214e-10,-3.395464e-10,0.0,0.0,-3.9455833e-10,-3.4795258e-10,0.0,0.0,-3.545982e-10,-3.244631e-10,-3.795065e-10,-4.0964163e-10,0.0,0.0,0.0,0.0,-16355964.0,1.4682094e-09,1.4682094e-09,4.657428e-11,2.917874e-11,-3.235809e-11,0.0,-0.00380625,-0.00380625,0.0,0.0,-0.00380625,-0.00380625,0.0,0.0,0.0,0.0025162217,0.0025162217,-0.0,-0.0,0.0025162217,0.0025162217,-0.0,-0.0,0.0,0.0,0.0025162217,0.0025162217,0.0025162217,0.0025162217,Uniaxial,0.5074999928474426
1.6854727760056285e-29,106947.390625,9244.435546875,0.0,0.6081618070602417,1.0534411121199128e-09,-0.00382125,0.002529084,0.002529084,1.07467305e-20,1.3129011e-20,-8.523269e-21,-0.0026842633,0.0023016864,0.0023016864,1.88683e-21,8.35836e-21,-4.8929664e-21,4065322.8,-4065322.8,-4065322.8,4065322.8,4065322.8,-4065322.8,-4065322.8,4065322.8,5.3571414e-10,5.8543176e-10,0.0,0.0,5.0935156e-10,5.590692e-10,0.0,0.0,5.340335e-10,5.6379384e-10,5.6074984e-10,5.309895e-10,0.0,0.0,0.0,0.0,-16261291.0,-2.1895668e-09,-2.1895668e-09,5.2797974e-11,2.842929e-11,-2.163372e-11,-6e-45,-0.00382125,-0.00382125,-6e-45,-6e-45,-0.00382125,-0.00382125,-6e-45,-0.0,-0.0,0.002529084,0.002529084,-0.0,-0.0,0.002529084,0.002529084,-0.0,-0.0,-0.0,-0.0,0.002529084,0.002529084,0.002529084,0.002529084,Uniaxial,0.5095000267028809
1.4326518896974396e-29,107190.59375,9190.615234375,0.0,0.6104430556297302,1.0534411121199128e-09,-0.00383625,0.002541946,0.002541946,1.1170247e-20,1.2705494e-20,-6.829203e-21,-0.0026992634,0.0023145487,0.0023145487,2.072613e-21,8.4453565e-21,-4.931715e-21,4041654.8,-4041654.8,-4041654.8,4041654.8,4041654.8,-4041654.8,-4041654.8,4041654.8,7.0716916e-10,7.574373e-10,0.0,0.0,6.937754e-10,7.440436e-10,0.0,0.0,1.7401577e-10,2.0218113e-10,1.8878742e-10,1.6062206e-10,0.0,0.0,0.0,0.0,-16166619.0,-2.9024254e-09,-7.2560635e-10,5.389904e-11,2.5239238e-11,-1.1241691e-11,4e-45,-0.00383625,-0.00383625,4e-45,4e-45,-0.00383625,-0.00383625,4e-45,0.0,0.0,0.002541946,0.002541946,0.0,0.0,0.002541946,0.002541946,0.0,0.0,0.0,0.0,0.002541946,0.002541946,0.002541946,0.002541946,Uniaxial,0.5115000009536743
2.443935585393472e-29,107432.3828125,9136.794921875,0.0,0.6127243041992188,1.0534411121199128e-09,-0.00385125,0.002554808,0.002554808,1.07467305e-20,1.3976044e-20,-7.25272e-21,-0.0027142633,0.0023274107,0.0023274107,2.2462025e-21,8.556039e-21,-4.978164e-21,4017986.8,-4017986.8,-4017986.8,4017986.8,4017986.8,-4017986.8,-4017986.8,4017986.8,1.4180012e-09,1.4741259e-09,0.0,0.0,1.4113029e-09,1.4674276e-09,0.0,0.0,5.402728e-10,5.7177996e-10,5.4176297e-10,5.1025584e-10,0.0,0.0,0.0,0.0,-16071947.0,-5.7708576e-09,-2.1640716e-09,5.0066562e-11,3.1922843e-11,-1.33967195e-11,3e-45,-0.00385125,-0.00385125,3e-45,3e-45,-0.00385125,-0.00385125,3e-45,0.0,0.0,0.002554808,0.002554808,0.0,0.0,0.002554808,0.002554808,0.0,0.0,0.0,0.0,0.002554808,0.002554808,0.002554808,0.002554808,Uniaxial,0.5134999752044678
2.1068409700070356e-29,107672.7578125,9082.974609375,0.0,0.6150055527687073,1.0534411121199128e-09,-0.00386625,0.0025676703,0.0025676703,1.24407964e-20,1.439956e-20,-7.25272e-21,-0.0027292634,0.0023402728,0.0023402728,2.45022e-21,8.672981e-21,-5.023683e-21,3994318.8,-3994318.8,-3994318.8,3994318.8,3994318.8,-3994318.8,-3994318.8,3994318.8,1.056528e-09,1.1168675e-09,0.0,0.0,1.0344566e-09,1.0947961e-09,0.0,0.0,1.7027094e-10,2.0258159e-10,1.8828308e-10,1.5597242e-10,0.0,0.0,0.0,0.0,-15977275.0,-4.302648e-09,-7.1710804e-10,5.849606e-11,3.3529828e-11,-1.3051285e-11,1.1e-44,-0.00386625,-0.00386625,1.1e-44,1.1e-44,-0.00386625,-0.00386625,1.1e-44,1e-45,1e-45,0.0025676703,0.0025676703,1e-45,1e-45,0.0025676703,0.0025676703,1e-45,1e-45,1e-45,1e-45,0.0025676703,0.0025676703,0.0025676703,0.0025676703,Uniaxial,0.515500009059906
1.348378160619192e-29,107911.703125,9029.1533203125,0.0,0.6172868013381958,1.0534411121199128e-09,-0.00388125,0.0025805323,0.0025805323,1.3711346e-20,1.3976044e-20,-7.676236e-21,-0.0027442633,0.002353135,0.002353135,2.6755817e-21,8.779108e-21,-5.076767e-21,3970650.5,-3970650.5,-3970650.5,3970650.5,3970650.5,-3970650.5,-3970650.5,3970650.5,6.889238e-10,7.443589e-10,0.0,0.0,6.813588e-10,7.3679385e-10,0.0,0.0,-1.8588074e-10,-1.552108e-10,-1.7054869e-10,-2.0121863e-10,0.0,0.0,0.0,0.0,-15882602.0,-2.8514353e-09,7.128588e-10,6.423289e-11,3.02484e-11,-1.5130027e-11,-3e-45,-0.00388125,-0.00388125,-3e-45,-3e-45,-0.00388125,-0.00388125,-3e-45,0.0,0.0,0.0025805323,0.0025805323,0.0,0.0,0.0025805323,0.0025805323,-0.0,-0.0,-0.0,-0.0,0.0025805323,0.0025805323,0.0025805323,0.0025805323,Uniaxial,0.5174999833106995
1.4326518896974396e-29,108149.234375,8975.3330078125,0.0,0.6195680499076843,1.0534411121199128e-09,-0.00389625,0.0025933944,0.0025933944,1.24407964e-20,1.3552527e-20,-8.523269e-21,-0.0027592634,0.002365997,0.002365997,2.8710066e-21,8.874635e-21,-5.1457395e-21,3946982.5,-3946982.5,-3946982.5,3946982.5,3946982.5,-3946982.5,-3946982.5,3946982.5,-1.9388198e-10,-1.4287924e-10,0.0,0.0,-2.114256e-10,-1.6042286e-10,0.0,0.0,-1.8291975e-10,-1.5384148e-10,-1.713851e-10,-2.0046335e-10,0.0,0.0,0.0,0.0,-15787930.0,7.0860967e-10,7.0860967e-10,5.5368272e-11,2.7065046e-11,-1.9541493e-11,-4e-45,-0.00389625,-0.00389625,-4e-45,-4e-45,-0.00389625,-0.00389625,-4e-45,-0.0,-0.0,0.0025933944,0.0025933944,-0.0,-0.0,0.0025933944,0.0025933944,-1e-45,-1e-45,-1e-45,-1e-45,0.0025933944,0.0025933944,0.0025933944,0.0025933944,Uniaxial,0.5195000171661377
8.427363880028142e-30,108385.34375,8921.5126953125,0.0,0.6218493580818176,1.0534411121199128e-09,-0.00391125,0.0026062566,0.0026062566,1.1170247e-20,1.3552527e-20,-9.370302e-21,-0.0027742633,0.0023788593,0.0023788593,3.0370938e-21,8.96825e-21,-5.230283e-21,3923314.5,-3923314.5,-3923314.5,3923314.5,3923314.5,-3923314.5,-3923314.5,3923314.5,-3.6180786e-10,-3.2287506e-10,0.0,0.0,-3.8148543e-10,-3.4255265e-10,0.0,0.0,-3.5670542e-10,-3.279775e-10,-3.4765507e-10,-3.76383e-10,0.0,0.0,0.0,0.0,-15693258.0,1.408721e-09,1.408721e-09,4.6774102e-11,2.6364364e-11,-2.3809421e-11,-4e-45,-0.00391125,-0.00391125,-4e-45,-4e-45,-0.00391125,-0.00391125,-4e-45,-0.0,-0.0,0.0026062566,0.0026062566,-0.0,-0.0,0.0026062566,0.0026062566,-0.0,-0.0,-0.0,-0.0,0.0026062566,0.0026062566,0.0026062566,0.0026062566,Uniaxial,0.5214999914169312
8.427363880028142e-30,108620.03125,8867.6923828125,0.0,0.6241306066513062,1.0534411121199128e-09,-0.00392625,0.0026191187,0.0026191187,8.205632e-21,1.3552527e-20,-8.9467855e-21,-0.0027892634,0.0023917214,0.0023917214,3.1405283e-21,9.059993e-21,-5.3046588e-21,3899646.5,-3899646.5,-3899646.5,3899646.5,3899646.5,-3899646.5,-3899646.5,3899646.5,3.363628e-10,3.6638548e-10,0.0,0.0,3.3372582e-10,3.6374853e-10,0.0,0.0,3.3718106e-10,3.6556724e-10,3.6293027e-10,3.345441e-10,0.0,0.0,0.0,0.0,-15598586.0,-1.4002226e-09,-1.4002226e-09,2.895389e-11,2.5680886e-11,-2.081966e-11,-3e-45,-0.00392625,-0.00392625,-3e-45,-3e-45,-0.00392625,-0.00392625,-3e-45,-0.0,-0.0,0.0026191187,0.0026191187,-0.0,-0.0,0.0026191187,0.0026191187,-0.0,-0.0,-0.0,-0.0,0.0026191187,0.0026191187,0.0026191187,0.0026191187,Uniaxial,0.5235000252723694
8.427363880028142e-30,108853.296875,8813.87109375,0.0,0.6264118552207947,1.0534411121199128e-09,-0.00394125,0.0026319807,0.0026319807,6.935082e-21,1.3552527e-20,-8.9467855e-21,-0.0028042633,0.0024045834,0.0024045834,3.2164662e-21,9.149899e-21,-5.3775464e-21,3875978.2,-3875978.2,-3875978.2,3875978.2,3875978.2,-3875978.2,-3875978.2,3875978.2,-1.8583703e-10,-1.5972733e-10,0.0,0.0,-1.8820374e-10,-1.6209405e-10,0.0,0.0,5.168264e-10,5.4487925e-10,5.269668e-10,4.9891397e-10,0.0,0.0,0.0,0.0,-15503913.0,6.9586215e-10,-2.0875865e-09,2.1127886e-11,2.5014206e-11,-2.027918e-11,1e-45,-0.00394125,-0.00394125,1e-45,1e-45,-0.00394125,-0.00394125,1e-45,0.0,0.0,0.0026319807,0.0026319807,0.0,0.0,0.0026319807,0.0026319807,0.0,0.0,0.0,0.0,0.0026319807,0.0026319807,0.0026319807,0.0026319807,Uniaxial,0.5254999995231628
1.6854727760056285e-29,109085.1484375,8760.05078125,0.0,0.6286931037902832,1.0534411121199128e-09,-0.00395625,0.002644843,0.002644843,6.935082e-21,1.3976044e-20,-8.523269e-21,-0.0028192634,0.0024174456,0.0024174456,3.2908846e-21,9.246481e-21,-5.4404994e-21,3852310.2,-3852310.2,-3852310.2,3852310.2,3852310.2,-3852310.2,-3852310.2,3852310.2,-4.6790263e-12,2.8928904e-11,0.0,0.0,-2.8928904e-11,4.6790263e-12,0.0,0.0,6.7762884e-10,7.065284e-10,7.0559714e-10,6.7669753e-10,0.0,0.0,0.0,0.0,-15409241.0,0.0,-2.766452e-09,2.0578634e-11,2.6707645e-11,-1.7408273e-11,0.0,-0.00395625,-0.00395625,-0.0,0.0,-0.00395625,-0.00395625,-0.0,-0.0,-0.0,0.002644843,0.002644843,-0.0,-0.0,0.002644843,0.002644843,0.0,0.0,0.0,0.0,0.002644843,0.002644843,0.002644843,0.002644843,Uniaxial,0.5274999737739563
1.4326518896974396e-29,109315.578125,8706.23046875,0.0,0.6309743523597717,1.0534411121199128e-09,-0.00397125,0.002657705,0.002657705,9.476181e-21,1.4823077e-20,-5.98217e-21,-0.0028342633,0.0024303077,0.0024303077,3.4146666e-21,9.3580825e-21,-5.4513396e-21,3828642.2,-3828642.2,-3828642.2,3828642.2,3828642.2,-3828642.2,-3828642.2,3828642.2,-1.5532787e-11,2.4795239e-11,0.0,0.0,-2.4795239e-11,1.5532787e-11,0.0,0.0,-1.0809394e-11,2.0071847e-11,1.0809394e-11,-2.0071847e-11,0.0,0.0,0.0,0.0,-15314569.0,0.0,0.0,3.4018822e-11,3.0670997e-11,-2.9791616e-12,7e-45,-0.00397125,-0.00397125,7e-45,7e-45,-0.00397125,-0.00397125,7e-45,0.0,0.0,0.002657705,0.002657705,0.0,0.0,0.002657705,0.002657705,1e-45,1e-45,1e-45,1e-45,0.002657705,0.002657705,0.002657705,0.002657705,Uniaxial,0.5295000076293945
1.7697463546205992e-29,109544.5859375,8652.41015625,0.0,0.6332556009292603,1.0534411121199128e-09,-0.00398625,0.002670567,0.002670567,1.201728e-20,1.5246593e-20,-3.4410713e-21,-0.0028492634,0.0024431697,0.0024431697,3.586825e-21,9.475925e-21,-5.4111094e-21,3804974.2,-3804974.2,-3804974.2,3804974.2,3804974.2,-3804974.2,-3804974.2,3804974.2,-3.0048113e-11,2.45541e-11,0.0,0.0,-2.45541e-11,3.0048113e-11,0.0,0.0,-1.468002e-11,1.6958877e-11,1.468002e-11,-1.6958877e-11,0.0,0.0,0.0,0.0,-15219897.0,0.0,0.0,4.7021456e-11,3.218631e-11,1.09880265e-11,-4e-45,-0.00398625,-0.00398625,-4e-45,-4e-45,-0.00398625,-0.00398625,-4e-45,-0.0,-0.0,0.002670567,0.002670567,-0.0,-0.0,0.002670567,0.002670567,-0.0,-0.0,-0.0,-0.0,0.002670567,0.002670567,0.002670567,0.002670567,Uniaxial,0.531499981880188
1.7697463546205992e-29,109772.171875,8598.58984375,0.0,0.6355369091033936,1.0534411121199128e-09,-0.00400125,0.0026834293,0.0026834293,1.5405412e-20,1.6093626e-20,-1.323489e-21,-0.0028642633,0.002456032,0.002456032,3.8233427e-21,9.60836e-21,-5.3293066e-21,3781306.0,-3781306.0,-3781306.0,3781306.0,3781306.0,-3781306.0,-3781306.0,3781306.0,3.0228656e-10,3.65477e-10,0.0,0.0,3.1338843e-10,3.765789e-10,0.0,0.0,3.1323572e-10,3.4675499e-10,3.6562972e-10,3.3211048e-10,0.0,0.0,0.0,0.0,-15125224.0,-1.3577309e-09,-1.3577309e-09,6.419798e-11,3.5947023e-11,2.2203753e-11,-6e-45,-0.00400125,-0.00400125,-6e-45,-6e-45,-0.00400125,-0.00400125,-6e-45,-0.0,-0.0,0.0026834293,0.0026834293,-0.0,-0.0,0.0026834293,0.0026834293,-0.0,-0.0,-0.0,-0.0,0.0026834293,0.0026834293,0.0026834293,0.0026834293,Uniaxial,0.5335000157356262
2.7810302007799085e-29,109998.34375,8544.7685546875,0.0,0.6378181576728821,1.0534411121199128e-09,-0.00401625,0.0026962913,0.0026962913,1.7522994e-20,1.6093626e-20,-2.170522e-21,-0.0028792634,0.002468894,0.002468894,4.097505e-21,9.738146e-21,-5.266092e-21,3757638.0,-3757638.0,-3757638.0,3757638.0,3757638.0,-3757638.0,-3757638.0,3757638.0,3.0678501e-10,3.748515e-10,0.0,0.0,2.9976474e-10,3.6783127e-10,0.0,0.0,3.0486144e-10,3.3791075e-10,3.6975484e-10,3.3670552e-10,0.0,0.0,0.0,0.0,-15030552.0,-1.3492325e-09,-1.3492325e-09,7.395004e-11,3.5007143e-11,1.7050963e-11,4e-45,-0.00401625,-0.00401625,4e-45,4e-45,-0.00401625,-0.00401625,4e-45,0.0,0.0,0.0026962913,0.0026962913,0.0,0.0,0.0026962913,0.0026962913,0.0,0.0,0.0,0.0,0.0026962913,0.0026962913,0.0026962913,0.0026962913,Uniaxial,0.5354999899864197
1.7697463546205992e-29,110223.09375,8490.9482421875,0.0,0.6400994062423706,1.0534411121199128e-09,-0.00403125,0.0027091533,0.0027091533,1.8370027e-20,1.567011e-20,-2.170522e-21,-0.0028942632,0.002481756,0.002481756,4.3831315e-21,9.856859e-21,-5.204142e-21,3733970.0,-3733970.0,-3733970.0,3733970.0,3733970.0,-3733970.0,-3733970.0,3733970.0,9.667145e-10,1.0360846e-09,0.0,0.0,9.750167e-10,1.0443868e-09,0.0,0.0,4.790102e-10,5.1046534e-10,5.265404e-10,4.950853e-10,0.0,0.0,0.0,0.0,-14935880.0,-4.0222026e-09,-2.0111013e-09,7.655711e-11,3.181876e-11,1.6604485e-11,3e-45,-0.00403125,-0.00403125,3e-45,3e-45,-0.00403125,-0.00403125,3e-45,0.0,0.0,0.0027091533,0.0027091533,0.0,0.0,0.0027091533,0.0027091533,-0.0,-0.0,0.0,0.0,0.0027091533,0.0027091533,0.0027091533,0.0027091533,Uniaxial,0.5375000238418579
2.7810302007799085e-29,110446.421875,8437.1279296875,0.0,0.6423806548118591,1.0534411121199128e-09,-0.00404625,0.0027220156,0.0027220156,1.794651e-20,1.6093626e-20,-4.2881043e-21,-0.0029092634,0.0024946183,0.0024946183,4.6545667e-21,9.981671e-21,-5.18581e-21,3710302.0,-3710302.0,-3710302.0,3710302.0,3710302.0,-3710302.0,-3710302.0,3710302.0,-4.261226e-11,2.4625298e-11,0.0,0.0,-2.4625298e-11,4.261226e-11,0.0,0.0,4.9394383e-10,5.2611043e-10,5.05233e-10,4.730665e-10,0.0,0.0,0.0,0.0,-14841208.0,0.0,-1.9983537e-09,7.2292144e-11,3.3241666e-11,4.8824378e-12,8e-45,-0.00404625,-0.00404625,8e-45,8e-45,-0.00404625,-0.00404625,8e-45,1e-45,1e-45,0.0027220156,0.0027220156,1e-45,1e-45,0.0027220156,0.0027220156,0.0,0.0,0.0,0.0,0.0027220156,0.0027220156,0.0027220156,0.0027220156,Uniaxial,0.5394999980926514
1.6854727760056285e-29,110668.328125,8383.3076171875,0.0,0.6446619033813477,1.0534411121199128e-09,-0.00406125,0.0027348776,0.0027348776,1.7099478e-20,1.567011e-20,-3.4410713e-21,-0.0029242632,0.0025074803,0.0025074803,4.9036184e-21,1.009551e-20,-5.150894e-21,3686633.8,-3686633.8,-3686633.8,3686633.8,3686633.8,-3686633.8,-3686633.8,3686633.8,-2.0368629e-10,-1.4741386e-10,0.0,0.0,-1.8352052e-10,-1.2724809e-10,0.0,0.0,-1.7919506e-10,-1.4858648e-10,-1.5173932e-10,-1.823479e-10,0.0,0.0,0.0,0.0,-14746535.0,6.618687e-10,6.618687e-10,6.590764e-11,3.0125694e-11,9.240052e-12,0.0,-0.00406125,-0.00406125,0.0,0.0,-0.00406125,-0.00406125,0.0,-0.0,-0.0,0.0027348776,0.0027348776,-0.0,-0.0,0.0027348776,0.0027348776,0.0,0.0,0.0,0.0,0.0027348776,0.0027348776,0.0027348776,0.0027348776,Uniaxial,0.5414999723434448
1.4326518896974396e-29,110888.8125,8329.486328125,0.0,0.6469431519508362,1.0534411121199128e-09,-0.00407625,0.0027477397,0.0027477397,1.4558379e-20,1.6093626e-20,-5.5586537e-21,-0.0029392634,0.0025203424,0.0025203424,5.096833e-21,1.02155465e-20,-5.159054e-21,3662965.8,-3662965.8,-3662965.8,3662965.8,3662965.8,-3662965.8,-3662965.8,3662965.8,-1.9937187e-11,2.8782865e-11,0.0,0.0,-2.8782865e-11,1.9937187e-11,0.0,0.0,-6.688601e-10,-6.375334e-10,-6.463791e-10,-6.777057e-10,0.0,0.0,0.0,0.0,-14651863.0,0.0,2.6304783e-09,5.080288e-11,3.1561795e-11,-2.1456125e-12,-6e-45,-0.00407625,-0.00407625,-6e-45,-6e-45,-0.00407625,-0.00407625,-6e-45,-0.0,-0.0,0.0027477397,0.0027477397,-0.0,-0.0,0.0027477397,0.0027477397,-0.0,-0.0,-0.0,-0.0,0.0027477397,0.0027477397,0.0027477397,0.0027477397,Uniaxial,0.5435000061988831
1.4326518896974396e-29,111107.8828125,8275.666015625,0.0,0.6492244601249695,1.0534411121199128e-09,-0.00409125,0.002760602,0.002760602,1.2864313e-20,1.6093626e-20,-8.9467855e-21,-0.0029542632,0.0025332046,0.0025332046,5.2522782e-21,1.0333181e-20,-5.2348553e-21,3639297.8,-3639297.8,-3639297.8,3639297.8,3639297.8,-3639297.8,-3639297.8,3639297.8,-1.2974354e-11,3.0648265e-11,0.0,0.0,-3.0648265e-11,1.2974354e-11,0.0,0.0,-4.966463e-10,-4.657354e-10,-4.834093e-10,-5.143202e-10,0.0,0.0,0.0,0.0,-14557191.0,0.0,1.9601112e-09,4.060801e-11,3.0730318e-11,-1.9802077e-11,-6e-45,-0.00409125,-0.00409125,-6e-45,-6e-45,-0.00409125,-0.00409125,-6e-45,-0.0,-0.0,0.002760602,0.002760602,-0.0,-0.0,0.002760602,0.002760602,-0.0,-0.0,-0.0,-0.0,0.002760602,0.002760602,0.002760602,0.002760602,Uniaxial,0.5454999804496765
1.6854727760056285e-29,111325.53125,8221.845703125,0.0,0.651505708694458,1.0534411121199128e-09,-0.00410625,0.002773464,0.002773464,1.201728e-20,1.567011e-20,-9.370302e-21,-0.0029692634,0.0025460667,0.0025460667,5.387662e-21,1.0439985e-20,-5.3176154e-21,3615629.8,-3615629.8,-3615629.8,3615629.8,3615629.8,-3615629.8,-3615629.8,3615629.8,1.5497942e-10,1.9586659e-10,0.0,0.0,1.2869403e-10,1.6958118e-10,0.0,0.0,1.4906089e-10,1.784665e-10,1.7549973e-10,1.4609411e-10,0.0,0.0,0.0,0.0,-14462519.0,-6.491212e-10,-6.491212e-10,3.513709e-11,2.7719752e-11,-2.147931e-11,-3e-45,-0.00410625,-0.00410625,-3e-45,-3e-45,-0.00410625,-0.00410625,-3e-45,0.0,0.0,0.002773464,0.002773464,-0.0,-0.0,0.002773464,0.002773464,-0.0,-0.0,-0.0,-0.0,0.002773464,0.002773464,0.002773464,0.002773464,Uniaxial,0.5475000143051147
2.1068409700070356e-29,111541.7578125,8168.02490234375,0.0,0.6537869572639465,1.0534411121199128e-09,-0.00412125,0.002786326,0.002786326,1.24407964e-20,1.567011e-20,-7.676236e-21,-0.0029842632,0.0025589287,0.0025589287,5.528812e-21,1.0544652e-20,-5.364817e-21,3591961.5,-3591961.5,-3591961.5,3591961.5,3591961.5,-3591961.5,-3591961.5,3591961.5,1.4738928e-10,1.8890481e-10,0.0,0.0,1.3353121e-10,1.7504675e-10,0.0,0.0,1.6140024e-10,1.9043958e-10,1.6103578e-10,1.3199644e-10,0.0,0.0,0.0,0.0,-14367846.0,-6.4487204e-10,-6.4487204e-10,3.6393836e-11,2.6987192e-11,-1.2170369e-11,-1e-45,-0.00412125,-0.00412125,-1e-45,-1e-45,-0.00412125,-0.00412125,-1e-45,0.0,-0.0,0.002786326,0.002786326,0.0,-0.0,0.002786326,0.002786326,0.0,0.0,-0.0,-0.0,0.002786326,0.002786326,0.002786326,0.002786326,Uniaxial,0.5494999885559082
2.3596618563152245e-29,111756.5625,8114.20458984375,0.0,0.6560682058334351,1.0534411121199128e-09,-0.00413625,0.0027991883,0.0027991883,1.3711346e-20,1.6093626e-20,-8.9467855e-21,-0.0029992633,0.002571791,0.002571791,5.6925633e-21,1.06557e-20,-5.4365008e-21,3568293.5,-3568293.5,-3568293.5,3568293.5,3568293.5,-3568293.5,-3568293.5,3568293.5,-3.3009345e-10,-2.858032e-10,0.0,0.0,-3.5481967e-10,-3.1052944e-10,0.0,0.0,-3.189457e-10,-2.8917807e-10,-3.2167718e-10,-3.5144482e-10,0.0,0.0,0.0,0.0,-14273174.0,1.2812458e-09,1.2812458e-09,4.194328e-11,2.8443775e-11,-1.8360998e-11,6e-45,-0.00413625,-0.00413625,6e-45,6e-45,-0.00413625,-0.00413625,6e-45,1e-45,1e-45,0.0027991883,0.0027991883,1e-45,1e-45,0.0027991883,0.0027991883,0.0,0.0,0.0,0.0,0.0027991883,0.0027991883,0.0027991883,0.0027991883,Uniaxial,0.5515000224113464
2.3596618563152245e-29,111969.953125,8060.3837890625,0.0,0.6583494544029236,1.0534411121199128e-09,-0.00415125,0.0028120503,0.0028120503,1.4981895e-20,1.6940659e-20,-1.44525e-20,-0.0030142632,0.002584653,0.002584653,5.878465e-21,1.0781477e-20,-5.616932e-21,3544625.5,-3544625.5,-3544625.5,3544625.5,3544625.5,-3544625.5,-3544625.5,3544625.5,-4.234385e-12,4.2734646e-11,0.0,0.0,-4.2734646e-11,4.234385e-12,0.0,0.0,7.363017e-12,3.8910115e-11,-7.363017e-12,-3.8910115e-11,0.0,0.0,0.0,0.0,-14178502.0,0.0,0.0,4.7300833e-11,3.200271e-11,-4.5909037e-11,0.0,-0.00415125,-0.00415125,0.0,-0.0,-0.00415125,-0.00415125,-0.0,-0.0,-0.0,0.0028120503,0.0028120503,0.0,0.0,0.0028120503,0.0028120503,-0.0,-0.0,0.0,0.0,0.0028120503,0.0028120503,0.0028120503,0.0028120503,Uniaxial,0.5534999966621399
2.1068409700070356e-29,112181.921875,8006.5634765625,0.0,0.6606307029724121,1.0534412231422152e-09,-0.00416625,0.0028249123,0.0028249123,1.5828928e-20,1.7364175e-20,-1.9534697e-20,-0.0030292633,0.002597515,0.002597515,6.077597e-21,1.0913212e-20,-5.8954592e-21,3520957.5,-3520957.5,-3520957.5,3520957.5,3520957.5,-3520957.5,-3520957.5,3520957.5,-4.690768e-10,-4.205937e-10,0.0,0.0,-5.275931e-10,-4.7911e-10,0.0,0.0,3.2145092e-10,3.5364417e-10,3.106736e-10,2.7848035e-10,0.0,0.0,0.0,0.0,-14083830.0,1.8963735e-09,-1.264249e-09,5.032897e-11,3.3294978e-11,-7.03954e-11,-3e-45,-0.00416625,-0.00416625,-3e-45,-3e-45,-0.00416625,-0.00416625,-3e-45,-0.0,-0.0,0.0028249123,0.0028249123,-0.0,-0.0,0.0028249123,0.0028249123,-0.0,-0.0,-0.0,-0.0,0.0028249123,0.0028249123,0.0028249123,0.0028249123,Uniaxial,0.5554999709129333
1.348378160619192e-29,112392.46875,7952.74267578125,0.0,0.6629120111465454,1.0534412231422152e-09,-0.00418125,0.0028377746,0.0028377746,1.5828928e-20,1.6940659e-20,-1.7417115e-20,-0.0030442632,0.0026103773,0.0026103773,6.272744e-21,1.1033836e-20,-6.126034e-21,3497289.2,-3497289.2,-3497289.2,3497289.2,3497289.2,-3497289.2,-3497289.2,3497289.2,-9.4358e-12,3.8377926e-11,0.0,0.0,-3.8377926e-11,9.4358e-12,0.0,0.0,6.3088956e-10,6.615761e-10,6.248611e-10,5.941746e-10,0.0,0.0,0.0,0.0,-13989157.0,0.0,-2.5115015e-09,4.899023e-11,3.0281607e-11,-5.7884253e-11,-1e-45,-0.00418125,-0.00418125,-1e-45,-1e-45,-0.00418125,-0.00418125,-1e-45,-0.0,-0.0,0.0028377746,0.0028377746,-0.0,-0.0,0.0028377746,0.0028377746,0.0,0.0,0.0,0.0,0.0028377746,0.0028377746,0.0028377746,0.0028377746,Uniaxial,0.5575000047683716
1.4326518896974396e-29,112601.59375,7898.92236328125,0.0,0.6651932597160339,1.0534412231422152e-09,-0.00419625,0.0028506366,0.0028506366,1.5405412e-20,1.7364175e-20,-1.5723049e-20,-0.0030592633,0.0026232393,0.0026232393,6.4555098e-21,1.116052e-20,-6.318093e-21,3473621.2,-3473621.2,-3473621.2,3473621.2,3473621.2,-3473621.2,-3473621.2,3473621.2,-3.1900668e-10,-2.7290228e-10,0.0,0.0,-3.507239e-10,-3.046195e-10,0.0,0.0,4.6013546e-10,4.9147525e-10,4.753038e-10,4.43964e-10,0.0,0.0,0.0,0.0,-13894485.0,1.2472523e-09,-1.8708786e-09,4.557158e-11,3.1588097e-11,-4.788865e-11,1e-45,-0.00419625,-0.00419625,1e-45,1e-45,-0.00419625,-0.00419625,1e-45,-0.0,-0.0,0.0028506366,0.0028506366,-0.0,-0.0,0.0028506366,0.0028506366,0.0,0.0,0.0,0.0,0.0028506366,0.0028506366,0.0028506366,0.0028506366,Uniaxial,0.559499979019165
1.7697463546205992e-29,112809.3046875,7845.1015625,0.0,0.6674745082855225,1.0534412231422152e-09,-0.00421125,0.0028634986,0.0028634986,1.4981895e-20,1.8211208e-20,-1.0217335e-20,-0.0030742632,0.0026361013,0.0026361013,6.626143e-21,1.1301621e-20,-6.396126e-21,3449953.2,-3449953.2,-3449953.2,3449953.2,3449953.2,-3449953.2,-3449953.2,3449953.2,-3.3096723e-10,-2.7874755e-10,0.0,0.0,-3.4062944e-10,-2.8840977e-10,0.0,0.0,-3.1747954e-10,-2.8446237e-10,-3.0189745e-10,-3.3491465e-10,0.0,0.0,0.0,0.0,-13799813.0,1.238754e-09,1.238754e-09,4.2256365e-11,3.494288e-11,-1.9324459e-11,3e-45,-0.00421125,-0.00421125,3e-45,3e-45,-0.00421125,-0.00421125,3e-45,0.0,0.0,0.0028634986,0.0028634986,-0.0,-0.0,0.0028634986,0.0028634986,0.0,0.0,0.0,0.0,0.0028634986,0.0028634986,0.0028634986,0.0028634986,Uniaxial,0.5615000128746033
1.7697463546205992e-29,113015.59375,7791.28125,0.0,0.669755756855011,1.0534412231422152e-09,-0.00422625,0.002876361,0.002876361,1.7099478e-20,1.7787692e-20,-5.5586537e-21,-0.0030892633,0.0026489636,0.0026489636,6.835739e-21,1.1431423e-20,-6.3793663e-21,3426285.2,-3426285.2,-3426285.2,3426285.2,3426285.2,-3426285.2,-3426285.2,3426285.2,-2.9463557e-11,2.7402558e-11,0.0,0.0,-2.7402558e-11,2.9463557e-11,0.0,0.0,-1.289797e-11,1.8609841e-11,1.289797e-11,-1.8609841e-11,0.0,0.0,0.0,0.0,-13705141.0,0.0,0.0,5.154926e-11,3.1924137e-11,4.122e-12,0.0,-0.00422625,-0.00422625,-0.0,0.0,-0.00422625,-0.00422625,-0.0,-0.0,-0.0,0.002876361,0.002876361,0.0,0.0,0.002876361,0.002876361,0.0,0.0,-0.0,-0.0,0.002876361,0.002876361,0.002876361,0.002876361,Uniaxial,0.5634999871253967
2.1068409700070356e-29,113220.4609375,7737.46044921875,0.0,0.6720370054244995,1.0534412231422152e-09,-0.00424125,0.002889223,0.002889223,1.921706e-20,1.8211208e-20,-4.7116208e-21,-0.0031042632,0.0026618256,0.0026618256,7.083518e-21,1.1567102e-20,-6.3459907e-21,3402617.0,-3402617.0,-3402617.0,3402617.0,3402617.0,-3402617.0,-3402617.0,3402617.0,-2.4940668e-11,3.641048e-11,0.0,0.0,-3.641048e-11,2.4940668e-11,0.0,0.0,-1.4209221e-11,1.7906161e-11,1.4209221e-11,-1.7906161e-11,0.0,0.0,0.0,0.0,-13610468.0,0.0,0.0,6.051932e-11,3.3139276e-11,8.151863e-12,1e-45,-0.00424125,-0.00424125,1e-45,1e-45,-0.00424125,-0.00424125,1e-45,1e-45,1e-45,0.002889223,0.002889223,1e-45,1e-45,0.002889223,0.002889223,-0.0,-0.0,-0.0,-0.0,0.002889223,0.002889223,0.002889223,0.002889223,Uniaxial,0.565500020980835
3.370945552011257e-29,113423.90625,7683.64013671875,0.0,0.674318253993988,1.0534412231422152e-09,-0.00425625,0.0029020852,0.0029020852,2.0911126e-20,1.8211208e-20,-4.7116208e-21,-0.0031192633,0.0026746877,0.0026746877,7.360241e-21,1.1700066e-20,-6.313283e-21,3378949.0,-3378949.0,-3378949.0,3378949.0,3378949.0,-3378949.0,-3378949.0,3378949.0,1.2123513e-10,1.7811302e-10,0.0,0.0,1.2520171e-10,1.820796e-10,0.0,0.0,-4.5335863e-10,-4.216878e-10,-4.5658557e-10,-4.8825644e-10,0.0,0.0,0.0,0.0,-13515796.0,-6.0662947e-10,1.8198885e-09,6.711857e-11,3.2250185e-11,7.933156e-12,4e-45,-0.00425625,-0.00425625,4e-45,4e-45,-0.00425625,-0.00425625,4e-45,0.0,0.0,0.0029020852,0.0029020852,0.0,0.0,0.0029020852,0.0029020852,0.0,0.0,0.0,0.0,0.0029020852,0.0029020852,0.0029020852,0.0029020852,Uniaxial,0.5674999952316284
2.1068409700070356e-29,113625.9296875,7629.8193359375,0.0,0.6765995621681213,1.0534412231422152e-09,-0.00427125,0.0029149472,0.0029149472,1.921706e-20,1.7364175e-20,-5.5586537e-21,-0.0031342632,0.00268755,0.00268755,7.597524e-21,1.1813418e-20,-6.2981815e-21,3355281.0,-3355281.0,-3355281.0,3355281.0,3355281.0,-3355281.0,-3355281.0,3355281.0,-3.163868e-10,-2.6449354e-10,0.0,0.0,-3.3788677e-10,-2.859935e-10,0.0,0.0,-3.1281108e-10,-2.8361496e-10,-2.895692e-10,-3.1876532e-10,0.0,0.0,0.0,0.0,-13421124.0,1.2047606e-09,1.2047606e-09,5.7149317e-11,2.7300745e-11,3.6372795e-12,-1e-45,-0.00427125,-0.00427125,-1e-45,-1e-45,-0.00427125,-0.00427125,-1e-45,0.0,0.0,0.0029149472,0.0029149472,0.0,0.0,0.0029149472,0.0029149472,-0.0,-0.0,-0.0,-0.0,0.0029149472,0.0029149472,0.0029149472,0.0029149472,Uniaxial,0.5695000290870667
1.5169254683124103e-29,113826.5390625,7575.9990234375,0.0,0.6788808107376099,1.0534412231422152e-09,-0.00428625,0.0029278093,0.0029278093,1.7522994e-20,1.6940659e-20,-8.9467855e-21,-0.0031492633,0.002700412,0.002700412,7.7961555e-21,1.1916026e-20,-6.351186e-21,3331613.0,-3331613.0,-3331613.0,3331613.0,3331613.0,-3331613.0,-3331613.0,3331613.0,-3.038858e-10,-2.6458866e-10,0.0,0.0,-3.3354247e-10,-2.9424532e-10,0.0,0.0,-3.0591765e-10,-2.7810254e-10,-2.9221348e-10,-3.200286e-10,0.0,0.0,0.0,0.0,-13326452.0,1.1962622e-09,1.1962622e-09,4.7502842e-11,2.4538737e-11,-1.2676097e-11,-4e-45,-0.00428625,-0.00428625,-4e-45,-4e-45,-0.00428625,-0.00428625,-4e-45,-0.0,-0.0,0.0029278093,0.0029278093,-0.0,-0.0,0.0029278093,0.0029278093,-0.0,-0.0,-0.0,-0.0,0.0029278093,0.0029278093,0.0029278093,0.0029278093,Uniaxial,0.5715000033378601
8.427363880028142e-30,114025.7265625,7522.17822265625,0.0,0.6811620593070984,1.0534412231422152e-09,-0.00430125,0.0029406715,0.0029406715,1.4134862e-20,1.7787692e-20,-1.1064368e-20,-0.0031642632,0.002713274,0.002713274,7.923008e-21,1.2033532e-20,-6.445508e-21,3307944.8,-3307944.8,-3307944.8,3307944.8,3307944.8,-3307944.8,-3307944.8,3307944.8,-3.027585e-10,-2.7215216e-10,0.0,0.0,-3.217298e-10,-2.9112343e-10,0.0,0.0,-3.0997654e-10,-2.8047986e-10,-2.839054e-10,-3.1340208e-10,0.0,0.0,0.0,0.0,-13231779.0,1.1877639e-09,1.1877639e-09,3.0121242e-11,2.7901884e-11,-2.2396822e-11,-8e-45,-0.00430125,-0.00430125,-8e-45,-8e-45,-0.00430125,-0.00430125,-8e-45,-1e-45,-1e-45,0.0029406715,0.0029406715,-1e-45,-1e-45,0.0029406715,0.0029406715,-1e-45,-1e-45,-1e-45,-1e-45,0.0029406715,0.0029406715,0.0029406715,0.0029406715,Uniaxial,0.5734999775886536
1.5169254683124103e-29,114223.4921875,7468.35791015625,0.0,0.6834433078765869,1.0534412231422152e-09,-0.00431625,0.0029535335,0.0029535335,1.24407964e-20,1.8634725e-20,-1.1487884e-20,-0.0031792633,0.0027261362,0.0027261362,8.01342e-21,1.2165638e-20,-6.5464176e-21,3284276.8,-3284276.8,-3284276.8,3284276.8,3284276.8,-3284276.8,-3284276.8,3284276.8,-1.1040561e-11,1.516254e-11,0.0,0.0,-1.516254e-11,1.1040561e-11,0.0,0.0,2.0478296e-12,3.3165633e-11,-2.0478296e-12,-3.3165633e-11,0.0,0.0,0.0,0.0,-13137107.0,0.0,0.0,2.1314719e-11,3.1144125e-11,-2.3789701e-11,6e-45,-0.00431625,-0.00431625,6e-45,6e-45,-0.00431625,-0.00431625,6e-45,0.0,0.0,0.0029535335,0.0029535335,0.0,0.0,0.0029535335,0.0029535335,1e-45,1e-45,1e-45,1e-45,0.0029535335,0.0029535335,0.0029535335,0.0029535335,Uniaxial,0.5755000114440918
8.427363880028142e-30,114419.8359375,7414.53759765625,0.0,0.6857245564460754,1.0534412231422152e-09,-0.00433125,0.0029663956,0.0029663956,1.15937635e-20,1.9058241e-20,-1.1487884e-20,-0.0031942632,0.0027389983,0.0027389983,8.085071e-21,1.2303575e-20,-6.645308e-21,3260608.8,-3260608.8,-3260608.8,3260608.8,3260608.8,-3260608.8,-3260608.8,3260608.8,2.9039923e-10,3.1433006e-10,0.0,0.0,2.7105354e-10,2.9498437e-10,0.0,0.0,2.7874775e-10,3.104358e-10,3.0663586e-10,2.7494781e-10,0.0,0.0,0.0,0.0,-13042435.0,-1.1707671e-09,-1.1707671e-09,1.6770167e-11,3.228464e-11,-2.3145603e-11,4e-45,-0.00433125,-0.00433125,4e-45,4e-45,-0.00433125,-0.00433125,4e-45,0.0,0.0,0.0029663956,0.0029663956,0.0,0.0,0.0029663956,0.0029663956,0.0,0.0,0.0,0.0,0.0029663956,0.0029663956,0.0029663956,0.0029663956,Uniaxial,0.5774999856948853
8.427363880028142e-30,114614.765625,7360.716796875,0.0,0.688005805015564,1.0534412231422152e-09,-0.00434625,0.0029792578,0.0029792578,1.201728e-20,1.9905274e-20,-1.1064368e-20,-0.0032092633,0.0027518603,0.0027518603,8.163764e-21,1.2455703e-20,-6.7337437e-21,3236940.5,-3236940.5,-3236940.5,3236940.5,3236940.5,-3236940.5,-3236940.5,3236940.5,-4.391713e-10,-4.1448325e-10,0.0,0.0,-4.5721837e-10,-4.3253034e-10,0.0,0.0,1.2992452e-10,1.6314404e-10,1.606427e-10,1.2742317e-10,0.0,0.0,0.0,0.0,-12947762.0,1.7434033e-09,-5.811344e-10,1.8284594e-11,3.5347558e-11,-2.0548428e-11,3e-45,-0.00434625,-0.00434625,3e-45,3e-45,-0.00434625,-0.00434625,3e-45,0.0,0.0,0.0029792578,0.0029792578,0.0,0.0,0.0029792578,0.0029792578,0.0,0.0,0.0,0.0,0.0029792578,0.0029792578,0.0029792578,0.0029792578,Uniaxial,0.5795000195503235
8.427363880028142e-30,114808.2734375,7306.896484375,0.0,0.6902871131896973,1.0534412231422152e-09,-0.00436125,0.0029921199,0.0029921199,1.3287829e-20,1.9905274e-20,-9.7938185e-21,-0.0032242632,0.0027647226,0.0027647226,8.266308e-21,1.2604786e-20,-6.794983e-21,3213272.5,-3213272.5,-3213272.5,3213272.5,3213272.5,-3213272.5,-3213272.5,3213272.5,-1.5048957e-10,-1.231176e-10,0.0,0.0,-1.6532503e-10,-1.3795305e-10,0.0,0.0,2.7949076e-10,3.1222994e-10,2.973945e-10,2.646553e-10,0.0,0.0,0.0,0.0,-12853090.0,5.7688526e-10,-1.1537705e-09,2.3652457e-11,3.4386886e-11,-1.4125166e-11,-4e-45,-0.00436125,-0.00436125,-4e-45,-4e-45,-0.00436125,-0.00436125,-4e-45,-0.0,-0.0,0.0029921199,0.0029921199,-0.0,-0.0,0.0029921199,0.0029921199,-0.0,0.0,0.0,-0.0,0.0029921199,0.0029921199,0.0029921199,0.0029921199,Uniaxial,0.5814999938011169
1.5169254683124103e-29,115000.359375,7253.07568359375,0.0,0.6925683617591858,1.0534412231422152e-09,-0.00437625,0.003004982,0.003004982,1.4981895e-20,1.9481758e-20,-8.0997526e-21,-0.0032392633,0.0027775846,0.0027775846,8.4007025e-21,1.274241e-20,-6.8210945e-21,3189604.5,-3189604.5,-3189604.5,3189604.5,3189604.5,-3189604.5,-3189604.5,3189604.5,2.8400646e-10,3.1493744e-10,0.0,0.0,2.5769864e-10,2.8862965e-10,0.0,0.0,2.760487e-10,3.0734945e-10,2.9658737e-10,2.6528663e-10,0.0,0.0,0.0,0.0,-12758418.0,-1.1452722e-09,-1.1452722e-09,3.0770518e-11,3.1509975e-11,-5.978395e-12,4e-45,-0.00437625,-0.00437625,4e-45,4e-45,-0.00437625,-0.00437625,4e-45,0.0,0.0,0.003004982,0.003004982,0.0,0.0,0.003004982,0.003004982,0.0,0.0,0.0,0.0,0.003004982,0.003004982,0.003004982,0.003004982,Uniaxial,0.5835000276565552
1.5169254683124103e-29,115191.0234375,7199.25537109375,0.0,0.6948496103286743,1.0534412231422152e-09,-0.00439125,0.0030178442,0.0030178442,1.6675961e-20,1.9481758e-20,-8.0997526e-21,-0.0032542632,0.0027904466,0.0027904466,8.56631e-21,1.287728e-20,-6.846684e-21,3165936.5,-3165936.5,-3165936.5,3165936.5,3165936.5,-3165936.5,-3165936.5,3165936.5,-4.4590454e-10,-4.1154105e-10,0.0,0.0,-4.4103932e-10,-4.066758e-10,0.0,0.0,-4.2861248e-10,-3.9774162e-10,-4.2396786e-10,-4.5483875e-10,0.0,0.0,0.0,0.0,-12663746.0,1.7051607e-09,1.7051607e-09,3.7635502e-11,3.065025e-11,-5.8152792e-12,-4e-45,-0.00439125,-0.00439125,-4e-45,-4e-45,-0.00439125,-0.00439125,-4e-45,-0.0,-0.0,0.0030178442,0.0030178442,-0.0,-0.0,0.0030178442,0.0030178442,-0.0,-0.0,-0.0,-0.0,0.0030178442,0.0030178442,0.0030178442,0.0030178442,Uniaxial,0.5855000019073486
8.427363880028142e-30,115380.2734375,7145.4345703125,0.0,0.6971308588981628,1.0534412231422152e-09,-0.00440625,0.0030307062,0.0030307062,1.6675961e-20,1.9058241e-20,-7.676236e-21,-0.0032692633,0.002803309,0.002803309,8.728603e-21,1.3000976e-20,-6.863285e-21,3142268.2,-3142268.2,-3142268.2,3142268.2,3142268.2,-3142268.2,-3142268.2,3142268.2,-1.5313638e-10,-1.1928733e-10,0.0,0.0,-1.6278152e-10,-1.2893249e-10,0.0,0.0,-1.5873275e-10,-1.292367e-10,-1.2333612e-10,-1.5283215e-10,0.0,0.0,0.0,0.0,-12569073.0,5.6413774e-10,5.6413774e-10,3.6606603e-11,2.7900581e-11,-3.7445633e-12,4e-45,-0.00440625,-0.00440625,4e-45,4e-45,-0.00440625,-0.00440625,4e-45,0.0,0.0,0.0030307062,0.0030307062,0.0,0.0,0.0030307062,0.0030307062,0.0,0.0,0.0,0.0,0.0030307062,0.0030307062,0.0030307062,0.0030307062,Uniaxial,0.5874999761581421
8.427363880028142e-30,115568.09375,7091.6142578125,0.0,0.6994121074676514,1.0534412231422152e-09,-0.00442125,0.0030435682,0.0030435682,1.6675961e-20,1.9058241e-20,-1.0217335e-20,-0.0032842634,0.002816171,0.002816171,8.8876486e-21,1.3122196e-20,-6.9304076e-21,3118600.2,-3118600.2,-3118600.2,3118600.2,3118600.2,-3118600.2,-3118600.2,3118600.2,-2.8897518e-10,-2.5562752e-10,0.0,0.0,-3.0426103e-10,-2.7091338e-10,0.0,0.0,-2.9463115e-10,-2.6551727e-10,-2.652574e-10,-2.9437128e-10,0.0,0.0,0.0,0.0,-12474401.0,1.1197772e-09,1.1197772e-09,3.5603808e-11,2.713628e-11,-1.5025994e-11,-4e-45,-0.00442125,-0.00442125,-4e-45,-4e-45,-0.00442125,-0.00442125,-4e-45,-0.0,-0.0,0.0030435682,0.0030435682,-0.0,-0.0,0.0030435682,0.0030435682,-0.0,-0.0,-0.0,-0.0,0.0030435682,0.0030435682,0.0030435682,0.0030435682,Uniaxial,0.5895000100135803
1.5169254683124103e-29,115754.5,7037.79345703125,0.0,0.7016933560371399,1.0534412231422152e-09,-0.00443625,0.0030564305,0.0030564305,1.6675961e-20,1.9058241e-20,-9.370302e-21,-0.0032992633,0.002829033,0.002829033,9.043511e-21,1.324099e-20,-6.9792354e-21,3094932.2,-3094932.2,-3094932.2,3094932.2,3094932.2,-3094932.2,-3094932.2,3094932.2,1.2130583e-10,1.5416482e-10,0.0,0.0,1.2365486e-10,1.5651386e-10,0.0,0.0,1.3891034e-10,1.6765178e-10,1.3890934e-10,1.101679e-10,0.0,0.0,0.0,0.0,-12379729.0,-5.5563937e-10,-5.5563937e-10,3.4626493e-11,2.6391394e-11,-1.0847664e-11,-3e-45,-0.00443625,-0.00443625,-3e-45,-3e-45,-0.00443625,-0.00443625,-3e-45,0.0,0.0,0.0030564305,0.0030564305,-0.0,-0.0,0.0030564305,0.0030564305,-0.0,-0.0,-0.0,-0.0,0.0030564305,0.0030564305,0.0030564305,0.0030564305,Uniaxial,0.5914999842643738
1.5169254683124103e-29,115939.484375,6983.97314453125,0.0,0.7039746642112732,1.0534412231422152e-09,-0.00445125,0.0030692925,0.0030692925,1.6252445e-20,2.032879e-20,-9.370302e-21,-0.0033142634,0.0028418952,0.0028418952,9.187779e-21,1.3382834e-20,-7.027086e-21,3071264.2,-3071264.2,-3071264.2,3071264.2,3071264.2,-3071264.2,-3071264.2,3071264.2,-1.697336e-11,1.447513e-11,0.0,0.0,-1.447513e-11,1.697336e-11,0.0,0.0,-1.2940098e-12,2.9887263e-11,1.2940098e-12,-2.9887263e-11,0.0,0.0,0.0,0.0,-12285057.0,0.0,0.0,3.1805496e-11,3.1271062e-11,-1.0549281e-11,-0.0,-0.00445125,-0.00445125,-0.0,-0.0,-0.00445125,-0.00445125,-0.0,-0.0,-0.0,0.0030692925,0.0030692925,-0.0,-0.0,0.0030692925,0.0030692925,0.0,0.0,0.0,0.0,0.0030692925,0.0030692925,0.0030692925,0.0030692925,Uniaxial,0.593500018119812
1.5169254683124103e-29,116123.0546875,6930.15234375,0.0,0.7062559127807617,1.0534412231422152e-09,-0.00446625,0.0030821546,0.0030821546,1.5828928e-20,2.1175824e-20,-1.1064368e-20,-0.0033292633,0.0028547572,0.0028547572,9.320683e-21,1.353879e-20,-7.1078814e-21,3047596.0,-3047596.0,-3047596.0,3047596.0,3047596.0,-3047596.0,-3047596.0,3047596.0,1.0365309e-12,3.1119603e-11,0.0,0.0,-3.1119603e-11,-1.0365309e-12,0.0,0.0,-7.997017e-12,2.4607408e-11,7.997017e-12,-2.4607408e-11,0.0,0.0,0.0,0.0,-12190384.0,0.0,0.0,2.9074661e-11,3.4117365e-11,-1.7675042e-11,3e-45,-0.00446625,-0.00446625,3e-45,3e-45,-0.00446625,-0.00446625,3e-45,0.0,0.0,0.0030821546,0.0030821546,0.0,0.0,0.0030821546,0.0030821546,0.0,0.0,0.0,0.0,0.0030821546,0.0030821546,0.0030821546,0.0030821546,Uniaxial,0.5954999923706055
1.5169254683124103e-29,116305.203125,6876.33203125,0.0,0.7085371613502502,1.0534412231422152e-09,-0.00448125,0.0030950168,0.0030950168,1.5828928e-20,2.1175824e-20,-1.1487884e-20,-0.0033442634,0.0028676195,0.0028676195,9.450929e-21,1.3691624e-20,-7.195536e-21,3023928.0,-3023928.0,-3023928.0,3023928.0,3023928.0,-3023928.0,-3023928.0,3023928.0,1.3729815e-10,1.6697965e-10,0.0,0.0,1.0446627e-10,1.3414778e-10,0.0,0.0,1.2829943e-10,1.6043264e-10,1.431465e-10,1.1101329e-10,0.0,0.0,0.0,0.0,-12095712.0,-5.4289184e-10,-5.4289184e-10,2.827153e-11,3.3174942e-11,-1.9026539e-11,1e-45,-0.00448125,-0.00448125,1e-45,1e-45,-0.00448125,-0.00448125,1e-45,0.0,0.0,0.0030950168,0.0030950168,0.0,0.0,0.0030950168,0.0030950168,0.0,0.0,0.0,0.0,0.0030950168,0.0030950168,0.0030950168,0.0030950168,Uniaxial,0.5975000262260437
1.5169254683124103e-29,116485.921875,6822.51123046875,0.0,0.7108184099197388,1.0534412231422152e-09,-0.00449625,0.0031078788,0.0031078788,1.5828928e-20,2.2022857e-20,-1.1064368e-20,-0.0033592633,0.0028804815,0.0028804815,9.578567e-21,1.3858351e-20,-7.2729605e-21,3000260.0,-3000260.0,-3000260.0,3000260.0,3000260.0,-3000260.0,-3000260.0,3000260.0,1.2029776e-10,1.4958795e-10,0.0,0.0,1.1973339e-10,1.4902357e-10,0.0,0.0,1.3373892e-10,1.6723828e-10,1.3558242e-10,1.0208306e-10,0.0,0.0,0.0,0.0,-12001040.0,-5.386427e-10,-5.386427e-10,2.7488898e-11,3.5907246e-11,-1.6674497e-11,3e-45,-0.00449625,-0.00449625,3e-45,3e-45,-0.00449625,-0.00449625,3e-45,0.0,0.0,0.0031078788,0.0031078788,0.0,0.0,0.0031078788,0.0031078788,0.0,0.0,0.0,0.0,0.0031078788,0.0031078788,0.0031078788,0.0031078788,Uniaxial,0.5995000004768372
8.427363880028142e-30,116665.2265625,6768.69091796875,0.0,0.7130996584892273,1.0534412231422152e-09,-0.00451125,0.0031207409,0.0031207409,1.6252445e-20,2.1175824e-20,-1.1911401e-20,-0.0033742634,0.0028933436,0.0028933436,9.712127e-21,1.4004791e-20,-7.3657865e-21,2976592.0,-2976592.0,-2976592.0,2976592.0,2976592.0,-2976592.0,-2976592.0,2976592.0,-4.0685744e-10,-3.7704306e-10,0.0,0.0,-4.2454718e-10,-3.9473283e-10,0.0,0.0,-4.1531828e-10,-3.8412795e-10,-3.8627196e-10,-4.1746231e-10,0.0,0.0,0.0,0.0,-11906368.0,1.6031805e-09,1.6031805e-09,2.8537209e-11,3.128919e-11,-1.983377e-11,-1e-45,-0.00451125,-0.00451125,-1e-45,-1e-45,-0.00451125,-0.00451125,-1e-45,-0.0,-0.0,0.0031207409,0.0031207409,0.0,0.0,0.0031207409,0.0031207409,0.0,0.0,-0.0,-0.0,0.0031207409,0.0031207409,0.0031207409,0.0031207409,Uniaxial,0.6014999747276306
8.427363880028142e-30,116843.1171875,6714.8701171875,0.0,0.7153809070587158,1.0534412231422152e-09,-0.00452625,0.0031336031,0.0031336031,1.6675961e-20,2.0752307e-20,-1.2758434e-20,-0.0033892633,0.0029062058,0.0029062058,9.85149e-21,1.4139825e-20,-7.473706e-21,2952923.8,-2952923.8,-2952923.8,2952923.8,2952923.8,-2952923.8,-2952923.8,2952923.8,-1.3808875e-10,-1.0777286e-10,0.0,0.0,-1.572993e-10,-1.2698342e-10,0.0,0.0,-1.4563221e-10,-1.1577513e-10,-1.1943996e-10,-1.4929703e-10,0.0,0.0,0.0,0.0,-11811695.0,5.301443e-10,5.301443e-10,2.954028e-11,2.8622667e-11,-2.2875377e-11,-0.0,-0.00452625,-0.00452625,-0.0,-0.0,-0.00452625,-0.00452625,-0.0,-0.0,-0.0,0.0031336031,0.0031336031,-0.0,-0.0,0.0031336031,0.0031336031,-0.0,-0.0,-0.0,-0.0,0.0031336031,0.0031336031,0.0031336031,0.0031336031,Uniaxial,0.6035000085830688
8.427363880028142e-30,117019.578125,6661.0498046875,0.0,0.7176622152328491,1.0534412231422152e-09,-0.00454125,0.0031464652,0.0031464652,1.794651e-20,2.0752307e-20,-1.3605467e-20,-0.0034042634,0.0029190679,0.0029190679,1.0013491e-20,1.4272157e-20,-7.596416e-21,2929255.8,-2929255.8,-2929255.8,2929255.8,2929255.8,-2929255.8,-2929255.8,2929255.8,-5.9517634e-12,2.6625728e-11,0.0,0.0,-2.6625728e-11,5.9517634e-12,0.0,0.0,-1.216502e-11,1.7293241e-11,1.216502e-11,-1.7293241e-11,0.0,0.0,0.0,0.0,-11717023.0,0.0,0.0,3.4063495e-11,2.7825037e-11,-2.5802185e-11,0.0,-0.00454125,-0.00454125,0.0,-0.0,-0.00454125,-0.00454125,-0.0,0.0,0.0,0.0031464652,0.0031464652,-0.0,-0.0,0.0031464652,0.0031464652,0.0,0.0,-0.0,-0.0,0.0031464652,0.0031464652,0.0031464652,0.0031464652,Uniaxial,0.6054999828338623
8.427363880028142e-30,117194.625,6607.22900390625,0.0,0.7199434638023376,1.0534412231422152e-09,-0.00455625,0.0031593272,0.0031593272,1.8370027e-20,2.159934e-20,-1.0640851e-20,-0.0034192633,0.00293193,0.00293193,1.0180724e-20,1.441879e-20,-7.657343e-21,2905587.8,-2905587.8,-2905587.8,2905587.8,2905587.8,-2905587.8,-2905587.8,2905587.8,2.5139343e-10,2.8437908e-10,0.0,0.0,2.372669e-10,2.7025254e-10,0.0,0.0,2.5246755e-10,2.8330496e-10,2.6917843e-10,2.38341e-10,0.0,0.0,0.0,0.0,-11622351.0,-1.043292e-09,-1.043292e-09,3.4879825e-11,3.058335e-11,-1.27073395e-11,1e-45,-0.00455625,-0.00455625,1e-45,1e-45,-0.00455625,-0.00455625,1e-45,0.0,0.0,0.0031593272,0.0031593272,0.0,0.0,0.0031593272,0.0031593272,0.0,0.0,0.0,0.0,0.0031593272,0.0031593272,0.0031593272,0.0031593272,Uniaxial,0.6075000166893005
1.6854727760056285e-29,117368.25,6553.40869140625,0.0,0.7222247123718262,1.0534412231422152e-09,-0.00457125,0.0031721895,0.0031721895,1.8793544e-20,2.286989e-20,-7.676236e-21,-0.0034342634,0.0029447922,0.0029447922,1.0353087e-20,1.4587917e-20,-7.657721e-21,2881919.8,-2881919.8,-2881919.8,2881919.8,2881919.8,-2881919.8,-2881919.8,2881919.8,1.1656814e-10,1.577151e-10,0.0,0.0,1.0098329e-10,1.4213025e-10,0.0,0.0,1.1673552e-10,1.4977486e-10,1.4196289e-10,1.08923544e-10,0.0,0.0,0.0,0.0,-11527679.0,-5.173968e-10,-5.173968e-10,3.5656703e-11,3.4987187e-11,-7.8217e-14,-4e-45,-0.00457125,-0.00457125,-4e-45,-4e-45,-0.00457125,-0.00457125,-4e-45,-0.0,-0.0,0.0031721895,0.0031721895,-0.0,-0.0,0.0031721895,0.0031721895,-0.0,-0.0,-0.0,-0.0,0.0031721895,0.0031721895,0.0031721895,0.0031721895,Uniaxial,0.609499990940094
1.4326518896974396e-29,117540.453125,6499.587890625,0.0,0.7245059609413147,1.0534412231422152e-09,-0.00458625,0.0031850515,0.0031850515,2.0911126e-20,2.3293406e-20,-8.523269e-21,-0.0034492633,0.0029576542,0.0029576542,1.0564378e-20,1.4762135e-20,-7.675043e-21,2858251.5,-2858251.5,-2858251.5,2858251.5,2858251.5,-2858251.5,-2858251.5,2858251.5,-5.269833e-10,-4.897621e-10,0.0,0.0,-5.3653315e-10,-4.99312e-10,0.0,0.0,-1.5820487e-11,2.537031e-11,1.5820487e-11,-2.537031e-11,0.0,0.0,0.0,0.0,-11433006.0,2.0525905e-09,0.0,4.3350858e-11,3.5744366e-11,-3.5539033e-12,-3e-45,-0.00458625,-0.00458625,-3e-45,-3e-45,-0.00458625,-0.00458625,-3e-45,-0.0,-0.0,0.0031850515,0.0031850515,-0.0,-0.0,0.0031850515,0.0031850515,-0.0,-0.0,0.0,0.0,0.0031850515,0.0031850515,0.0031850515,0.0031850515,Uniaxial,0.6115000247955322
2.2753882777002538e-29,117711.2421875,6445.767578125,0.0,0.7267872095108032,1.0534412231422152e-09,-0.00460125,0.0031979135,0.0031979135,2.048761e-20,2.5834505e-20,-1.2334917e-20,-0.0034642634,0.0029705162,0.0029705162,1.07629656e-20,1.498372e-20,-7.768298e-21,2834583.5,-2834583.5,-2834583.5,2834583.5,2834583.5,-2834583.5,-2834583.5,2834583.5,-1.3130912e-11,3.039119e-11,0.0,0.0,-3.039119e-11,1.3130912e-11,0.0,0.0,-1.0414288e-11,3.5447437e-11,1.0414288e-11,-3.5447437e-11,0.0,0.0,0.0,0.0,-11338334.0,0.0,0.0,4.0406976e-11,4.5086223e-11,-1.8974811e-11,-1e-45,-0.00460125,-0.00460125,-1e-45,-1e-45,-0.00460125,-0.00460125,-1e-45,-0.0,0.0,0.0031979135,0.0031979135,-0.0,0.0,0.0031979135,0.0031979135,-0.0,-0.0,0.0,0.0,0.0031979135,0.0031979135,0.0031979135,0.0031979135,Uniaxial,0.6134999990463257
1.7697463546205992e-29,117880.609375,6391.94677734375,0.0,0.7290684580802917,1.0534412231422152e-09,-0.00461625,0.0032107758,0.0032107758,2.1758159e-20,2.752857e-20,-1.44525e-20,-0.0034792633,0.0029833785,0.0029833785,1.09830045e-20,1.523477e-20,-7.9020645e-21,2810915.5,-2810915.5,-2810915.5,2810915.5,2810915.5,-2810915.5,-2810915.5,2810915.5,2.32427e-10,2.8571753e-10,0.0,0.0,2.1893173e-10,2.7222227e-10,0.0,0.0,2.4252195e-10,2.8339547e-10,2.6212735e-10,2.2125381e-10,0.0,0.0,0.0,0.0,-11243662.0,-1.0092985e-09,-1.0092985e-09,4.4398128e-11,5.0655584e-11,-2.6990524e-11,1e-45,-0.00461625,-0.00461625,1e-45,1e-45,-0.00461625,-0.00461625,1e-45,0.0,-0.0,0.0032107758,0.0032107758,0.0,-0.0,0.0032107758,0.0032107758,0.0,0.0,-0.0,-0.0,0.0032107758,0.0032107758,0.0032107758,0.0032107758,Uniaxial,0.6154999732971191
2.1068409700070356e-29,118048.5546875,6338.12646484375,0.0,0.731349766254425,1.0534412231422152e-09,-0.00463125,0.0032236378,0.0032236378,2.514629e-20,2.6681538e-20,-1.6146566e-20,-0.0034942634,0.0029962405,0.0029962405,1.12664455e-20,1.5463848e-20,-8.067056e-21,2787247.5,-2787247.5,-2787247.5,2787247.5,2787247.5,-2787247.5,-2787247.5,2787247.5,4.8670257e-10,5.461487e-10,0.0,0.0,4.5465154e-10,5.140976e-10,0.0,0.0,-7.09187e-12,3.137006e-11,7.09187e-12,-3.137006e-11,0.0,0.0,0.0,0.0,-11148990.0,-2.0016004e-09,0.0,5.67092e-11,4.5832373e-11,-3.3010636e-11,3e-45,-0.00463125,-0.00463125,3e-45,3e-45,-0.00463125,-0.00463125,3e-45,0.0,0.0,0.0032236378,0.0032236378,0.0,0.0,0.0032236378,0.0032236378,0.0,0.0,0.0,0.0,0.0032236378,0.0032236378,0.0032236378,0.0032236378,Uniaxial,0.6175000071525574
2.7810302007799085e-29,118215.078125,6284.3056640625,0.0,0.7336310148239136,1.0534412231422152e-09,-0.00464625,0.0032364998,0.0032364998,2.8110906e-20,2.5834505e-20,-1.44525e-20,-0.0035092633,0.0030091025,0.0030091025,1.1603543e-20,1.5671389e-20,-8.1948436e-21,2763579.2,-2763579.2,-2763579.2,2763579.2,2763579.2,-2763579.2,-2763579.2,2763579.2,4.7022475e-10,5.4252497e-10,0.0,0.0,4.4977688e-10,5.2207716e-10,0.0,0.0,4.883092e-10,5.244405e-10,5.039926e-10,4.6786136e-10,0.0,0.0,0.0,0.0,-11054317.0,-1.9846038e-09,-1.9846038e-09,6.68718e-11,4.1171077e-11,-2.5349943e-11,1e-45,-0.00464625,-0.00464625,1e-45,1e-45,-0.00464625,-0.00464625,1e-45,0.0,0.0,0.0032364998,0.0032364998,0.0,0.0,0.0032364998,0.0032364998,-0.0,-0.0,-0.0,-0.0,0.0032364998,0.0032364998,0.0032364998,0.0032364998,Uniaxial,0.6194999814033508
3.623766588782723e-29,118380.1796875,6230.4853515625,0.0,0.7359122633934021,1.0534412231422152e-09,-0.00466125,0.003249362,0.003249362,3.1922554e-20,2.3716923e-20,-1.5299533e-20,-0.0035242634,0.0030219648,0.0030219648,1.2010174e-20,1.5832398e-20,-8.337025e-21,2739911.2,-2739911.2,-2739911.2,2739911.2,2739911.2,-2739911.2,-2739911.2,2739911.2,-2.4662062e-11,5.4189684e-11,0.0,0.0,-5.4189684e-11,2.4662062e-11,0.0,0.0,-8.698653e-12,3.0453404e-11,8.698653e-12,-3.0453404e-11,0.0,0.0,0.0,0.0,-10959645.0,0.0,0.0,7.997478e-11,3.1666888e-11,-2.7963758e-11,1e-45,-0.00466125,-0.00466125,1e-45,1e-45,-0.00466125,-0.00466125,1e-45,0.0,0.0,0.003249362,0.003249362,0.0,0.0,0.003249362,0.003249362,-0.0,-0.0,-0.0,-0.0,0.003249362,0.003249362,0.003249362,0.003249362,Uniaxial,0.6215000152587891
4.213681940014071e-29,118543.8671875,6176.66455078125,0.0,0.7381935119628906,1.0534412231422152e-09,-0.00467625,0.0032622241,0.0032622241,3.4463653e-20,2.4563955e-20,-1.6993599e-20,-0.0035392633,0.0030348268,0.0030348268,1.245952e-20,1.6007137e-20,-8.5102636e-21,2716243.2,-2716243.2,-2716243.2,2716243.2,2716243.2,-2716243.2,-2716243.2,2716243.2,-2.5118045e-11,6.532545e-11,0.0,0.0,-6.532545e-11,2.5118045e-11,0.0,0.0,4.83693e-10,5.162738e-10,4.9161214e-10,4.5903134e-10,0.0,0.0,0.0,0.0,-10864973.0,0.0,-1.9506103e-09,8.761254e-11,3.4070174e-11,-3.377759e-11,1e-45,-0.00467625,-0.00467625,1e-45,1e-45,-0.00467625,-0.00467625,1e-45,-0.0,-0.0,0.0032622241,0.0032622241,-0.0,-0.0,0.0032622241,0.0032622241,0.0,0.0,0.0,0.0,0.0032622241,0.0032622241,0.0032622241,0.0032622241,Uniaxial,0.6234999895095825
4.213681940014071e-29,118706.1328125,6122.84423828125,0.0,0.7404747605323792,1.0534412231422152e-09,-0.00469125,0.0032750862,0.0032750862,3.82753e-20,2.3716923e-20,-1.5299533e-20,-0.0035542634,0.0030476889,0.0030476889,1.2976154e-20,1.6161427e-20,-8.646133e-21,2692575.2,-2692575.2,-2692575.2,2692575.2,2692575.2,-2692575.2,-2692575.2,2692575.2,-1.6645434e-10,-6.988993e-11,0.0,0.0,-1.7181177e-10,-7.5247364e-11,0.0,0.0,3.6554887e-10,3.9600517e-10,3.5955625e-10,3.2909994e-10,0.0,0.0,0.0,0.0,-10770301.0,4.8340343e-10,-1.4502102e-09,9.985437e-11,2.9821128e-11,-2.6260612e-11,1e-45,-0.00469125,-0.00469125,1e-45,1e-45,-0.00469125,-0.00469125,1e-45,-0.0,-0.0,0.0032750862,0.0032750862,-0.0,-0.0,0.0032750862,0.0032750862,0.0,0.0,0.0,0.0,0.0032750862,0.0032750862,0.0032750862,0.0032750862,Uniaxial,0.6255000233650208
5.056418328016885e-29,118866.9765625,6069.02392578125,0.0,0.7427560091018677,1.0534412231422152e-09,-0.00470625,0.0032879484,0.0032879484,4.08164e-20,2.3293406e-20,-1.4028983e-20,-0.0035692633,0.0030605511,0.0030605511,1.3533303e-20,1.6304156e-20,-8.753856e-21,2668907.0,-2668907.0,-2668907.0,2668907.0,2668907.0,-2668907.0,-2668907.0,2668907.0,-1.5297305e-10,-5.296664e-11,0.0,0.0,-1.8661048e-10,-8.660407e-11,0.0,0.0,2.3401417e-10,2.7100464e-10,2.4514007e-10,2.0814961e-10,0.0,0.0,0.0,0.0,-10675628.0,4.791542e-10,-9.583084e-10,1.06738354e-10,2.7343709e-11,-2.0637627e-11,-6e-45,-0.00470625,-0.00470625,-6e-45,-6e-45,-0.00470625,-0.00470625,-6e-45,-0.0,-0.0,0.0032879484,0.0032879484,-0.0,-0.0,0.0032879484,0.0032879484,-0.0,-0.0,-0.0,-0.0,0.0032879484,0.0032879484,0.0032879484,0.0032879484,Uniaxial,0.6274999976158142
5.056418328016885e-29,119026.3984375,6015.203125,0.0,0.745037317276001,1.0534412231422152e-09,-0.00472125,0.0033008105,0.0033008105,4.208695e-20,2.5410988e-20,-1.5299533e-20,-0.0035842634,0.0030734132,0.0030734132,1.4104728e-20,1.6486404e-20,-8.88485e-21,2645239.0,-2645239.0,-2645239.0,2645239.0,2645239.0,-2645239.0,-2645239.0,2645239.0,-1.5129292e-10,-5.0404347e-11,0.0,0.0,-1.8704818e-10,-8.6159614e-11,0.0,0.0,-1.2504577e-10,-8.442436e-11,-1.1240676e-10,-1.5302816e-10,0.0,0.0,0.0,0.0,-10580956.0,4.7490506e-10,4.7490506e-10,1.0850268e-10,3.460559e-11,-2.4873301e-11,-1e-45,-0.00472125,-0.00472125,-1e-45,-1e-45,-0.00472125,-0.00472125,-1e-45,-0.0,-0.0,0.0033008105,0.0033008105,-0.0,-0.0,0.0033008105,0.0033008105,0.0,0.0,0.0,0.0,0.0033008105,0.0033008105,0.0033008105,0.0033008105,Uniaxial,0.6294999718666077
4.1294083613991006e-29,119184.40625,5961.3828125,0.0,0.7473185658454895,1.0534412231422152e-09,-0.00473625,0.0033136725,0.0033136725,4.2510466e-20,2.752857e-20,-1.8264148e-20,-0.0035992633,0.0030862752,0.0030862752,1.4673194e-20,1.6707384e-20,-9.0725525e-21,2621571.0,-2621571.0,-2621571.0,2621571.0,2621571.0,-2621571.0,-2621571.0,2621571.0,-3.903373e-10,-2.9021263e-10,0.0,0.0,-4.157712e-10,-3.1564654e-10,0.0,0.0,-3.6233036e-10,-3.1821956e-10,-3.4365347e-10,-3.8776427e-10,0.0,0.0,0.0,0.0,-10486284.0,1.4119677e-09,1.4119677e-09,1.06974846e-10,4.1584344e-11,-3.532205e-11,-1e-45,-0.00473625,-0.00473625,-1e-45,-1e-45,-0.00473625,-0.00473625,-1e-45,-0.0,-0.0,0.0033136725,0.0033136725,-0.0,-0.0,0.0033136725,0.0033136725,-0.0,-0.0,-0.0,-0.0,0.0033136725,0.0033136725,0.0033136725,0.0033136725,Uniaxial,0.6315000057220459
5.393512642476768e-29,119340.984375,5907.56201171875,0.0,0.749599814414978,1.0534412231422152e-09,-0.00475125,0.0033265348,0.0033265348,4.208695e-20,2.9222637e-20,-1.8264148e-20,-0.0036142634,0.0030991375,0.0030991375,1.5221808e-20,1.6957844e-20,-9.256498e-21,2597903.0,-2597903.0,-2597903.0,2597903.0,2597903.0,-2597903.0,-2597903.0,2597903.0,1.9677009e-10,2.9456082e-10,0.0,0.0,1.7184588e-10,2.6963662e-10,0.0,0.0,-1.15816176e-10,-6.914436e-11,-1.1738717e-10,-1.6405899e-10,0.0,0.0,0.0,0.0,-10391612.0,-9.328134e-10,4.664067e-10,1.0230702e-10,4.670641e-11,-3.430266e-11,-3e-45,-0.00475125,-0.00475125,-3e-45,-3e-45,-0.00475125,-0.00475125,-3e-45,-0.0,-0.0,0.0033265348,0.0033265348,-0.0,-0.0,0.0033265348,0.0033265348,-0.0,-0.0,-0.0,-0.0,0.0033265348,0.0033265348,0.0033265348,0.0033265348,Uniaxial,0.6334999799728394
5.056418328016885e-29,119496.1484375,5853.74169921875,0.0,0.7518810629844666,1.0534412231422152e-09,-0.00476625,0.0033393968,0.0033393968,4.1239917e-20,3.0916703e-20,-1.7417115e-20,-0.0036292633,0.0031119995,0.0031119995,1.5742491e-20,1.7237194e-20,-9.419811e-21,2574234.8,-2574234.8,-2574234.8,2574234.8,2574234.8,-2574234.8,-2574234.8,2574234.8,1.9902395e-10,2.9376815e-10,0.0,0.0,1.683894e-10,2.6313357e-10,0.0,0.0,-2.4421204e-10,-1.950838e-10,-2.1794548e-10,-2.6707375e-10,0.0,0.0,0.0,0.0,-10296939.0,-9.2431507e-10,9.2431507e-10,9.621391e-11,5.1619292e-11,-3.017763e-11,7e-45,-0.00476625,-0.00476625,7e-45,7e-45,-0.00476625,-0.00476625,7e-45,1e-45,1e-45,0.0033393968,0.0033393968,1e-45,1e-45,0.0033393968,0.0033393968,0.0,0.0,0.0,0.0,0.0033393968,0.0033393968,0.0033393968,0.0033393968,Uniaxial,0.6355000138282776
5.730607558789758e-29,119649.8984375,5799.9208984375,0.0,0.7541623115539551,1.0534412231422152e-09,-0.00478125,0.0033522588,0.0033522588,4.08164e-20,3.134022e-20,-1.5299533e-20,-0.0036442634,0.0031248615,0.0031248615,1.624428e-20,1.7519428e-20,-9.537478e-21,2550566.8,-2550566.8,-2550566.8,2550566.8,2550566.8,-2550566.8,-2550566.8,2550566.8,-3.3127424e-11,5.94447e-11,0.0,0.0,-5.94447e-11,3.3127424e-11,0.0,0.0,-1.5305335e-11,4.1622608e-11,1.5305335e-11,-4.1622608e-11,0.0,0.0,0.0,0.0,-10202267.0,0.0,0.0,9.186979e-11,5.1672916e-11,-2.1543062e-11,-1e-45,-0.00478125,-0.00478125,-1e-45,-1e-45,-0.00478125,-0.00478125,-1e-45,0.0,0.0,0.0033522588,0.0033522588,-0.0,-0.0,0.0033522588,0.0033522588,-0.0,-0.0,0.0,0.0,0.0033522588,0.0033522588,0.0033522588,0.0033522588,Uniaxial,0.637499988079071
4.8035972912454197e-29,119802.21875,5746.1005859375,0.0,0.7564435601234436,1.0534412231422152e-09,-0.00479625,0.003365121,0.003365121,4.1239917e-20,3.34578e-20,-1.4028983e-20,-0.0036592633,0.0031377238,0.0031377238,1.6744501e-20,1.7838392e-20,-9.627364e-21,2526898.8,-2526898.8,-2526898.8,2526898.8,2526898.8,-2526898.8,-2526898.8,2526898.8,-3.803947e-11,5.3964336e-11,0.0,0.0,-5.3964336e-11,3.803947e-11,0.0,0.0,-1.8160789e-11,4.1858524e-11,1.8160789e-11,-4.1858524e-11,0.0,0.0,0.0,0.0,-10107595.0,0.0,0.0,9.073316e-11,5.7855654e-11,-1.6303984e-11,-3e-45,-0.00479625,-0.00479625,-3e-45,-3e-45,-0.00479625,-0.00479625,-3e-45,-0.0,-0.0,0.003365121,0.003365121,-0.0,-0.0,0.003365121,0.003365121,-0.0,-0.0,-0.0,-0.0,0.003365121,0.003365121,0.003365121,0.003365121,Uniaxial,0.6395000219345093
4.8035972912454197e-29,119953.125,5692.27978515625,0.0,0.7587248682975769,1.0534412231422152e-09,-0.00481125,0.003377983,0.003377983,4.208695e-20,3.472835e-20,-1.44525e-20,-0.0036742634,0.0031505858,0.0031505858,1.7251663e-20,1.81764e-20,-9.723926e-21,2503230.8,-2503230.8,-2503230.8,2503230.8,2503230.8,-2503230.8,-2503230.8,2503230.8,7.447547e-11,1.6667791e-10,0.0,0.0,5.8027097e-11,1.5022954e-10,0.0,0.0,9.373348e-11,1.5519278e-10,1.3097153e-10,6.9512236e-11,0.0,0.0,0.0,0.0,-10012923.0,-4.4941e-10,-4.4941e-10,9.113043e-11,6.073561e-11,-1.7350997e-11,0.0,-0.00481125,-0.00481125,0.0,0.0,-0.00481125,-0.00481125,0.0,0.0,0.0,0.003377983,0.003377983,0.0,0.0,0.003377983,0.003377983,0.0,0.0,0.0,0.0,0.003377983,0.003377983,0.003377983,0.003377983,Uniaxial,0.6414999961853027
5.477786522018293e-29,120102.609375,5638.45947265625,0.0,0.7610061168670654,1.0534412231422152e-09,-0.00482625,0.0033908454,0.0033908454,4.33575e-20,3.59989e-20,-1.6146566e-20,-0.0036892632,0.0031634478,0.0031634478,1.7774102e-20,1.853307e-20,-9.852458e-21,2479562.5,-2479562.5,-2479562.5,2479562.5,2479562.5,-2479562.5,-2479562.5,2479562.5,-1.404772e-10,-4.7346002e-11,0.0,0.0,-1.7523441e-10,-8.210321e-11,0.0,0.0,-1.2921454e-10,-6.638154e-11,-9.336588e-11,-1.5619887e-10,0.0,0.0,0.0,0.0,-9918250.0,4.4516082e-10,4.4516082e-10,9.298795e-11,6.348303e-11,-2.2877186e-11,-1e-45,-0.00482625,-0.00482625,-1e-45,-1e-45,-0.00482625,-0.00482625,-1e-45,-0.0,-0.0,0.0033908454,0.0033908454,-0.0,-0.0,0.0033908454,0.0033908454,-0.0,-0.0,-0.0,-0.0,0.0033908454,0.0033908454,0.0033908454,0.0033908454,Uniaxial,0.6434999704360962
5.477786522018293e-29,120250.671875,5584.638671875,0.0,0.763287365436554,1.0534412231422152e-09,-0.00484125,0.0034037074,0.0034037074,4.462805e-20,3.6422417e-20,-1.6993599e-20,-0.0037042634,0.00317631,0.00317631,1.8311512e-20,1.8891078e-20,-9.995369e-21,2455894.5,-2455894.5,-2455894.5,2455894.5,2455894.5,-2455894.5,-2455894.5,2455894.5,4.1186585e-10,5.058729e-10,0.0,0.0,3.759504e-10,4.6995746e-10,0.0,0.0,4.2365897e-10,4.8630694e-10,4.5816434e-10,3.955164e-10,0.0,0.0,0.0,0.0,-9823578.0,-1.7636467e-09,-1.7636467e-09,9.473966e-11,6.3112904e-11,-2.5193661e-11,1e-45,-0.00484125,-0.00484125,1e-45,1e-45,-0.00484125,-0.00484125,1e-45,0.0,0.0,0.0034037074,0.0034037074,0.0,0.0,0.0034037074,0.0034037074,0.0,0.0,0.0,0.0,0.0034037074,0.0034037074,0.0034037074,0.0034037074,Uniaxial,0.6455000042915344
5.477786522018293e-29,120397.3125,5530.818359375,0.0,0.7655686140060425,1.0534412231422152e-09,-0.00485625,0.0034165694,0.0034165694,4.547508e-20,3.7692966e-20,-2.0805247e-20,-0.0037192632,0.0031891721,0.0031891721,1.8855118e-20,1.9267348e-20,-1.02117e-20,2432226.5,-2432226.5,-2432226.5,2432226.5,2432226.5,-2432226.5,-2432226.5,2432226.5,3.0155275e-10,3.956442e-10,0.0,0.0,2.5934951e-10,3.5344097e-10,0.0,0.0,3.1274305e-10,3.7668108e-10,3.4225067e-10,2.7831265e-10,0.0,0.0,0.0,0.0,-9728906.0,-1.3099875e-09,-1.3099875e-09,9.4908435e-11,6.5693055e-11,-3.7769288e-11,1e-45,-0.00485625,-0.00485625,1e-45,1e-45,-0.00485625,-0.00485625,1e-45,0.0,0.0,0.0034165694,0.0034165694,0.0,0.0,0.0034165694,0.0034165694,-0.0,-0.0,-0.0,-0.0,0.0034165694,0.0034165694,0.0034165694,0.0034165694,Uniaxial,0.6474999785423279
5.477786522018293e-29,120542.5390625,5476.99755859375,0.0,0.767849862575531,1.0534412231422152e-09,-0.00487125,0.0034294317,0.0034294317,4.6322114e-20,3.854e-20,-2.2922829e-20,-0.0037342634,0.0032020342,0.0032020342,1.9404798e-20,1.9653039e-20,-1.0466079e-20,2408558.5,-2408558.5,-2408558.5,2408558.5,2408558.5,-2408558.5,-2408558.5,2408558.5,8.368034e-11,1.7783493e-10,0.0,0.0,3.8371722e-11,1.3252631e-10,0.0,0.0,9.4654805e-11,1.5908759e-10,1.2155185e-10,5.711906e-11,0.0,0.0,0.0,0.0,-9634234.0,-4.324133e-10,-4.324133e-10,9.503472e-11,6.668262e-11,-4.3980007e-11,-1e-45,-0.00487125,-0.00487125,-1e-45,-1e-45,-0.00487125,-0.00487125,-1e-45,0.0,0.0,0.0034294317,0.0034294317,-0.0,-0.0,0.0034294317,0.0034294317,-0.0,0.0,0.0,-0.0,0.0034294317,0.0034294317,0.0034294317,0.0034294317,Uniaxial,0.6495000123977661
4.04513478278413e-29,120686.34375,5423.17724609375,0.0,0.7701311111450195,1.0534412231422152e-09,-0.00488625,0.0034422937,0.0034422937,4.7169147e-20,3.8963516e-20,-2.3346346e-20,-0.0037492632,0.0032148964,0.0032148964,1.9960427e-20,2.0039486e-20,-1.0723843e-20,2384890.2,-2384890.2,-2384890.2,2384890.2,2384890.2,-2384890.2,-2384890.2,2384890.2,-1.3533485e-10,-4.8910705e-11,0.0,0.0,-1.6517136e-10,-7.874722e-11,0.0,0.0,3.078428e-10,3.7201278e-10,3.344034e-10,2.7023342e-10,0.0,0.0,0.0,0.0,-9539561.0,4.2816414e-10,-1.2844924e-09,9.511957e-11,6.6156934e-11,-4.412729e-11,4e-45,-0.00488625,-0.00488625,4e-45,4e-45,-0.00488625,-0.00488625,4e-45,0.0,0.0,0.0034422937,0.0034422937,0.0,0.0,0.0034422937,0.0034422937,0.0,0.0,0.0,0.0,0.0034422937,0.0034422937,0.0034422937,0.0034422937,Uniaxial,0.6514999866485596
3.623766588782723e-29,120828.7265625,5369.3564453125,0.0,0.7724123597145081,1.0534412231422152e-09,-0.00490125,0.0034551558,0.0034551558,4.5898598e-20,3.8963516e-20,-2.165228e-20,-0.0037642634,0.0032277585,0.0032277585,2.047951e-20,2.04182e-20,-1.0942547e-20,2361222.2,-2361222.2,-2361222.2,2361222.2,2361222.2,-2361222.2,-2361222.2,2361222.2,-2.4411775e-10,-1.6126278e-10,0.0,0.0,-2.6265218e-10,-1.7979719e-10,0.0,0.0,1.8963155e-10,2.5281782e-10,2.342834e-10,1.7109714e-10,0.0,0.0,0.0,0.0,-9444889.0,8.478299e-10,-8.478299e-10,8.798126e-11,6.418957e-11,-3.7068827e-11,-0.0,-0.00490125,-0.00490125,0.0,-0.0,-0.00490125,-0.00490125,0.0,-0.0,-0.0,0.0034551558,0.0034551558,-0.0,-0.0,0.0034551558,0.0034551558,0.0,0.0,0.0,0.0,0.0034551558,0.0034551558,0.0034551558,0.0034551558,Uniaxial,0.6535000205039978
3.623766588782723e-29,120969.6875,5315.5361328125,0.0,0.7746936678886414,1.0534412231422152e-09,-0.00491625,0.003468018,0.003468018,4.462805e-20,3.854e-20,-1.6570082e-20,-0.0037792632,0.0032406205,0.0032406205,2.096278e-20,2.0780861e-20,-1.1055167e-20,2337554.2,-2337554.2,-2337554.2,2337554.2,2337554.2,-2337554.2,-2337554.2,2337554.2,-3.4972972e-10,-2.7032043e-10,0.0,0.0,-3.5917824e-10,-2.7976896e-10,0.0,0.0,7.8881894e-11,1.4039953e-10,1.30951e-10,6.943337e-11,0.0,0.0,0.0,0.0,-9350217.0,1.2589974e-09,-4.1966577e-10,8.108985e-11,6.0852295e-11,-1.8897044e-11,-1e-45,-0.00491625,-0.00491625,-1e-45,-1e-45,-0.00491625,-0.00491625,-1e-45,-0.0,-0.0,0.003468018,0.003468018,-0.0,-0.0,0.003468018,0.003468018,0.0,0.0,0.0,0.0,0.003468018,0.003468018,0.003468018,0.003468018,Uniaxial,0.6554999947547913
3.7080401673976934e-29,121109.234375,5261.71533203125,0.0,0.7769749164581299,1.0534412231422152e-09,-0.00493125,0.00348088,0.00348088,4.33575e-20,3.854e-20,-1.1064368e-20,-0.0037942633,0.0032534827,0.0032534827,2.141095e-20,2.1136263e-20,-1.1055351e-20,2313886.2,-2313886.2,-2313886.2,2313886.2,2313886.2,-2313886.2,-2313886.2,2313886.2,-1.3800204e-10,-6.1918096e-11,0.0,0.0,-1.4579021e-10,-6.970626e-11,0.0,0.0,2.8126668e-10,3.4187353e-10,3.4185824e-10,2.8125138e-10,0.0,0.0,0.0,0.0,-9255545.0,4.1541662e-10,-1.2462499e-09,7.4439184e-11,5.903069e-11,-3.058224e-14,-0.0,-0.00493125,-0.00493125,-0.0,-0.0,-0.00493125,-0.00493125,-0.0,-0.0,-0.0,0.00348088,0.00348088,-0.0,-0.0,0.00348088,0.00348088,0.0,0.0,0.0,0.0,0.00348088,0.00348088,0.00348088,0.00348088,Uniaxial,0.6575000286102295
4.8035972912454197e-29,121247.3515625,5207.89501953125,0.0,0.7792561650276184,1.0534412231422152e-09,-0.00494625,0.003493742,0.003493742,4.2933983e-20,3.8963516e-20,-9.7938185e-21,-0.0038092632,0.0032663448,0.0032663448,2.1841677e-20,2.1493028e-20,-1.1030105e-20,2290218.0,-2290218.0,-2290218.0,2290218.0,2290218.0,-2290218.0,-2290218.0,2290218.0,-3.8172264e-11,4.386994e-11,0.0,0.0,-4.386994e-11,3.8172264e-11,0.0,0.0,-2.3473215e-11,3.694376e-11,2.3473215e-11,-3.694376e-11,0.0,0.0,0.0,0.0,-9160872.0,0.0,0.0,7.080995e-11,5.865097e-11,4.150395e-12,1e-45,-0.00494625,-0.00494625,1e-45,1e-45,-0.00494625,-0.00494625,1e-45,-0.0,-0.0,0.003493742,0.003493742,0.0,0.0,0.003493742,0.003493742,-0.0,-0.0,0.0,0.0,0.003493742,0.003493742,0.003493742,0.003493742,Uniaxial,0.659500002861023
4.8035972912454197e-29,121384.0546875,5154.07421875,0.0,0.7815374135971069,1.0534412231422152e-09,-0.00496125,0.0035066043,0.0035066043,4.547508e-20,4.065758e-20,-9.7938185e-21,-0.0038242633,0.0032792068,0.0032792068,2.2314637e-20,2.1876556e-20,-1.1005364e-20,2266550.0,-2266550.0,-2266550.0,2266550.0,2266550.0,-2266550.0,-2266550.0,2266550.0,-3.967587e-11,4.543609e-11,0.0,0.0,-4.543609e-11,3.967587e-11,0.0,0.0,-2.437896e-11,3.7912052e-11,2.437896e-11,-3.7912052e-11,0.0,0.0,0.0,0.0,-9066200.0,0.0,0.0,7.694946e-11,6.239905e-11,4.0253022e-12,-1e-45,-0.00496125,-0.00496125,-1e-45,-1e-45,-0.00496125,-0.00496125,-1e-45,-0.0,-0.0,0.0035066043,0.0035066043,0.0,0.0,0.0035066043,0.0035066043,-0.0,-0.0,-0.0,-0.0,0.0035066043,0.0035066043,0.0035066043,0.0035066043,Uniaxial,0.6614999771118164
4.466502976785537e-29,121519.34375,5100.25390625,0.0,0.7838186621665955,1.0534412231422152e-09,-0.00497625,0.0035194664,0.0035194664,4.8863213e-20,4.1504614e-20,-1.1487884e-20,-0.0038392632,0.003292069,0.003292069,2.2845935e-20,2.2269358e-20,-1.10150206e-20,2242882.0,-2242882.0,-2242882.0,2242882.0,2242882.0,-2242882.0,-2242882.0,2242882.0,2.6157368e-10,3.5098016e-10,0.0,0.0,2.5302346e-10,3.4242995e-10,0.0,0.0,-1.3163456e-10,-6.892265e-11,-6.969998e-11,-1.3241189e-10,0.0,0.0,0.0,0.0,-8971528.0,-1.2080072e-09,4.026691e-10,8.55385e-11,6.324086e-11,-1.5546615e-12,-3e-45,-0.00497625,-0.00497625,-3e-45,-3e-45,-0.00497625,-0.00497625,-3e-45,-0.0,-0.0,0.0035194664,0.0035194664,0.0,0.0,0.0035194664,0.0035194664,-0.0,-0.0,-0.0,-0.0,0.0035194664,0.0035194664,0.0035194664,0.0035194664,Uniaxial,0.6635000109672546
4.8035972912454197e-29,121653.203125,5046.43310546875,0.0,0.786099910736084,1.0534412231422152e-09,-0.00499125,0.0035323284,0.0035323284,5.2251345e-20,4.192813e-20,-1.4876016e-20,-0.0038542633,0.003304931,0.003304931,2.3434406e-20,2.2662776e-20,-1.10922885e-20,2219214.0,-2219214.0,-2219214.0,2219214.0,2219214.0,-2219214.0,-2219214.0,2219214.0,1.5941912e-10,2.52928e-10,0.0,0.0,1.454919e-10,2.390008e-10,0.0,0.0,-2.195735e-10,-1.5714631e-10,-1.7884641e-10,-2.412736e-10,0.0,0.0,0.0,0.0,-8876856.0,-7.968398e-10,7.968398e-10,9.3743326e-11,6.267142e-11,-1.2308707e-11,0.0,-0.00499125,-0.00499125,0.0,0.0,-0.00499125,-0.00499125,0.0,0.0,0.0,0.0035323284,0.0035323284,0.0,0.0,0.0035323284,0.0035323284,0.0,0.0,0.0,0.0,0.0035323284,0.0035323284,0.0035323284,0.0035323284,Uniaxial,0.6654999852180481
4.8035972912454197e-29,121785.6484375,4992.61279296875,0.0,0.7883812189102173,1.0534412231422152e-09,-0.00500625,0.0035451907,0.0035451907,5.521596e-20,4.319868e-20,-1.6993599e-20,-0.0038692632,0.0033177934,0.0033177934,2.407043e-20,2.307375e-20,-1.1210387e-20,2195545.8,-2195545.8,-2195545.8,2195545.8,2195545.8,-2195545.8,-2195545.8,2195545.8,5.870418e-11,1.5546031e-10,0.0,0.0,4.1625054e-11,1.383812e-10,0.0,0.0,-2.1639748e-10,-1.5292126e-10,-1.7777325e-10,-2.4124946e-10,0.0,0.0,0.0,0.0,-8782183.0,-3.9417072e-10,7.8834145e-10,1.0023782e-10,6.476946e-11,-1.8612509e-11,1e-45,-0.00500625,-0.00500625,1e-45,1e-45,-0.00500625,-0.00500625,1e-45,0.0,0.0,0.0035451907,0.0035451907,0.0,0.0,0.0035451907,0.0035451907,-0.0,-0.0,-0.0,-0.0,0.0035451907,0.0035451907,0.0035451907,0.0035451907,Uniaxial,0.6675000190734863
4.466502976785537e-29,121916.671875,4938.7919921875,0.0,0.7906624674797058,1.0534412231422152e-09,-0.00502125,0.0035580527,0.0035580527,5.6910026e-20,4.446923e-20,-2.038173e-20,-0.0038842633,0.0033306554,0.0033306554,2.4727627e-20,2.3501922e-20,-1.13939275e-20,2171877.8,-2171877.8,-2171877.8,2171877.8,2171877.8,-2171877.8,-2171877.8,2171877.8,2.5454797e-10,3.5241435e-10,0.0,0.0,2.3246799e-10,3.3033437e-10,0.0,0.0,-2.5080455e-11,3.9387577e-11,2.5080455e-11,-3.9387577e-11,0.0,0.0,0.0,0.0,-8687511.0,-1.1697647e-09,0.0,1.024583e-10,6.6753096e-11,-2.8614245e-11,-3e-45,-0.00502125,-0.00502125,-3e-45,-3e-45,-0.00502125,-0.00502125,-3e-45,-0.0,-0.0,0.0035580527,0.0035580527,-0.0,-0.0,0.0035580527,0.0035580527,-0.0,-0.0,-0.0,-0.0,0.0035580527,0.0035580527,0.0035580527,0.0035580527,Uniaxial,0.6694999933242798
4.8035972912454197e-29,122046.2734375,4884.9716796875,0.0,0.7929437160491943,1.0534412231422152e-09,-0.00503625,0.0035709147,0.0035709147,5.775706e-20,4.4892746e-20,-2.2499313e-20,-0.0038992632,0.0033435174,0.0033435174,2.5388624e-20,2.3930002e-20,-1.16161725e-20,2148209.8,-2148209.8,-2148209.8,2148209.8,2148209.8,-2148209.8,-2148209.8,2148209.8,-2.3695543e-10,-1.3935442e-10,0.0,0.0,-2.4631797e-10,-1.4871694e-10,0.0,0.0,-2.0854418e-10,-1.4444705e-10,-1.771282e-10,-2.4122532e-10,0.0,0.0,0.0,0.0,-8592839.0,7.7134477e-10,7.7134477e-10,1.01927584e-10,6.601128e-11,-3.42708e-11,-0.0,-0.00503625,-0.00503625,-0.0,-0.0,-0.00503625,-0.00503625,-0.0,0.0,0.0,0.0035709147,0.0035709147,0.0,0.0,0.0035709147,0.0035709147,-0.0,-0.0,-0.0,-0.0,0.0035709147,0.0035709147,0.0035709147,0.0035709147,Uniaxial,0.671500027179718
5.14069220755841e-29,122174.453125,4831.15087890625,0.0,0.7952249646186829,1.0534412231422152e-09,-0.00505125,0.003583777,0.003583777,5.8180576e-20,4.5316263e-20,-2.3346346e-20,-0.003914263,0.0033563797,0.0033563797,2.6044867e-20,2.4357992e-20,-1.18509205e-20,2124541.8,-2124541.8,-2124541.8,2124541.8,2124541.8,-2124541.8,-2124541.8,2124541.8,-1.2308506e-10,-2.6407916e-11,0.0,0.0,-1.643037e-10,-6.762656e-11,0.0,0.0,-1.1826905e-10,-5.454253e-11,-7.244256e-11,-1.3616908e-10,0.0,0.0,0.0,0.0,-8498167.0,3.814232e-10,3.814232e-10,1.0007981e-10,6.527007e-11,-3.580005e-11,0.0,-0.00505125,-0.00505125,0.0,0.0,-0.00505125,-0.00505125,0.0,0.0,0.0,0.003583777,0.003583777,0.0,0.0,0.003583777,0.003583777,0.0,0.0,0.0,0.0,0.003583777,0.003583777,0.003583777,0.003583777,Uniaxial,0.6735000014305115
4.466502976785537e-29,122301.21875,4777.33056640625,0.0,0.7975062131881714,1.0534412231422152e-09,-0.00506625,0.003596639,0.003596639,5.8180576e-20,4.5316263e-20,-2.2075796e-20,-0.0039292634,0.0033692417,0.0033692417,2.6687979e-20,2.4777417e-20,-1.2055544e-20,2100873.5,-2100873.5,-2100873.5,2100873.5,2100873.5,-2100873.5,-2100873.5,2100873.5,-3.5963697e-11,5.9165714e-11,0.0,0.0,-5.9165714e-11,3.5963697e-11,0.0,0.0,-2.364399e-11,3.9073137e-11,2.364399e-11,-3.9073137e-11,0.0,0.0,0.0,0.0,-8403494.0,0.0,0.0,9.698437e-11,6.325128e-11,-3.0858295e-11,-0.0,-0.00506625,-0.00506625,-0.0,-0.0,-0.00506625,-0.00506625,-0.0,-0.0,-0.0,0.003596639,0.003596639,-0.0,-0.0,0.003596639,0.003596639,-0.0,-0.0,-0.0,-0.0,0.003596639,0.003596639,0.003596639,0.003596639,Uniaxial,0.6754999756813049
4.466502976785537e-29,122426.5625,4723.51025390625,0.0,0.7997874617576599,1.0534412231422152e-09,-0.00508125,0.003609501,0.003609501,5.8180576e-20,4.573978e-20,-1.9111181e-20,-0.0039442633,0.0033821038,0.0033821038,2.7318218e-20,2.5196922e-20,-1.2196744e-20,2077205.5,-2077205.5,-2077205.5,2077205.5,2077205.5,-2077205.5,-2077205.5,2077205.5,-3.1735556e-10,-2.2373198e-10,0.0,0.0,-3.356553e-10,-2.4203173e-10,0.0,0.0,6.7311184e-11,1.2967813e-10,1.1915124e-10,5.6784303e-11,0.0,0.0,0.0,0.0,-8308822.0,1.1187746e-09,-3.7292486e-10,9.3972746e-11,6.2550916e-11,-2.105376e-11,3e-45,-0.00508125,-0.00508125,3e-45,3e-45,-0.00508125,-0.00508125,3e-45,0.0,0.0,0.003609501,0.003609501,0.0,0.0,0.003609501,0.003609501,0.0,0.0,0.0,0.0,0.003609501,0.003609501,0.003609501,0.003609501,Uniaxial,0.6775000095367432
4.8035972912454197e-29,122550.484375,4669.689453125,0.0,0.8020687699317932,1.0534412231422152e-09,-0.00509625,0.0036223633,0.0036223633,5.8180576e-20,4.6163296e-20,-1.4876016e-20,-0.003959263,0.003394966,0.003394966,2.7935847e-20,2.5616509e-20,-1.2250362e-20,2053537.5,-2053537.5,-2053537.5,2053537.5,2053537.5,-2053537.5,-2053537.5,2053537.5,-4.7989814e-11,4.416882e-11,0.0,0.0,-4.416882e-11,4.7989814e-11,0.0,0.0,-2.125944e-11,4.075706e-11,2.125944e-11,-4.075706e-11,0.0,0.0,0.0,0.0,-8214150.0,0.0,0.0,9.104281e-11,6.185003e-11,-7.903754e-12,0.0,-0.00509625,-0.00509625,0.0,0.0,-0.00509625,-0.00509625,0.0,-0.0,-0.0,0.0036223633,0.0036223633,-0.0,-0.0,0.0036223633,0.0036223633,0.0,0.0,0.0,0.0,0.0036223633,0.0036223633,0.0036223633,0.0036223633,Uniaxial,0.6794999837875366
4.466502976785537e-29,122672.984375,4615.869140625,0.0,0.8043500185012817,1.0534412231422152e-09,-0.00511125,0.0036352254,0.0036352254,5.860409e-20,4.701033e-20,-1.1487884e-20,-0.003974263,0.003407828,0.003407828,2.854959e-20,2.6044649e-20,-1.2235104e-20,2029869.4,-2029869.4,-2029869.4,2029869.4,2029869.4,-2029869.4,-2029869.4,2029869.4,-4.2344888e-11,4.900608e-11,0.0,0.0,-4.900608e-11,4.2344888e-11,0.0,0.0,-3.169748e-11,3.05858e-11,3.169748e-11,-3.05858e-11,0.0,0.0,0.0,0.0,-8119477.5,0.0,0.0,8.942748e-11,6.23836e-11,2.2233584e-12,1e-45,-0.00511125,-0.00511125,1e-45,1e-45,-0.00511125,-0.00511125,1e-45,-0.0,-0.0,0.0036352254,0.0036352254,0.0,0.0,0.0036352254,0.0036352254,0.0,0.0,0.0,0.0,0.0036352254,0.0036352254,0.0036352254,0.0036352254,Uniaxial,0.6815000176429749
4.466502976785537e-29,122794.0625,4562.04833984375,0.0,0.8066312670707703,1.0534412231422152e-09,-0.00512625,0.0036480874,0.0036480874,5.902761e-20,4.785736e-20,-1.0640851e-20,-0.0039892634,0.00342069,0.00342069,2.915953e-20,2.6481173e-20,-1.22031985e-20,2006201.4,-2006201.4,-2006201.4,2006201.4,2006201.4,-2006201.4,-2006201.4,2006201.4,-1.3258429e-10,-4.2028794e-11,0.0,0.0,-1.3805987e-10,-4.750438e-11,0.0,0.0,1.4767843e-10,2.1020163e-10,2.1249892e-10,1.4997571e-10,0.0,0.0,0.0,0.0,-8024805.5,3.6017733e-10,-7.2035466e-10,8.783654e-11,6.2863444e-11,4.5945765e-12,-0.0,-0.00512625,-0.00512625,-0.0,-0.0,-0.00512625,-0.00512625,-0.0,-0.0,-0.0,0.0036480874,0.0036480874,-0.0,-0.0,0.0036480874,0.0036480874,-0.0,-0.0,-0.0,-0.0,0.0036480874,0.0036480874,0.0036480874,0.0036480874,Uniaxial,0.6834999918937683
4.466502976785537e-29,122913.7265625,4508.22802734375,0.0,0.8089125156402588,1.0534412231422152e-09,-0.00514125,0.0036609496,0.0036609496,5.987464e-20,4.8704394e-20,-8.0997526e-21,-0.0040042633,0.0034335523,0.0034335523,2.9774208e-20,2.6925912e-20,-1.2121079e-20,1982533.2,-1982533.2,-1982533.2,1982533.2,1982533.2,-1982533.2,-1982533.2,1982533.2,-3.1116879e-10,-2.207938e-10,0.0,0.0,-3.1309844e-10,-2.2272345e-10,0.0,0.0,-3.012362e-10,-2.3849928e-10,-2.3265603e-10,-2.95393e-10,0.0,0.0,0.0,0.0,-7930133.0,1.0677845e-09,1.0677845e-09,8.747553e-11,6.329093e-11,1.1686466e-11,0.0,-0.00514125,-0.00514125,0.0,0.0,-0.00514125,-0.00514125,0.0,0.0,-0.0,0.0036609496,0.0036609496,0.0,-0.0,0.0036609496,0.0036609496,0.0,0.0,0.0,0.0,0.0036609496,0.0036609496,0.0036609496,0.0036609496,Uniaxial,0.6855000257492065
4.466502976785537e-29,123031.96875,4454.4072265625,0.0,0.8111937642097473,1.0534412231422152e-09,-0.00515625,0.0036738117,0.0036738117,6.0721674e-20,4.9551427e-20,-8.9467855e-21,-0.004019263,0.0034464144,0.0034464144,3.039354e-20,2.7378702e-20,-1.2057554e-20,1958865.1,-1958865.1,-1958865.1,1958865.1,1958865.1,-1958865.1,-1958865.1,1958865.1,-4.343653e-11,4.6743224e-11,0.0,0.0,-4.6743224e-11,4.343653e-11,0.0,0.0,-3.3695675e-11,2.92295e-11,3.3695675e-11,-2.92295e-11,0.0,0.0,0.0,0.0,-7835460.5,0.0,0.0,8.708505e-11,6.3667384e-11,8.932348e-12,1e-45,-0.00515625,-0.00515625,1e-45,1e-45,-0.00515625,-0.00515625,1e-45,0.0,0.0,0.0036738117,0.0036738117,0.0,0.0,0.0036738117,0.0036738117,-0.0,-0.0,-0.0,-0.0,0.0036738117,0.0036738117,0.0036738117,0.0036738117,Uniaxial,0.6875
4.04513478278413e-29,123148.7890625,4400.5869140625,0.0,0.8134750127792358,1.0534412231422152e-09,-0.00517125,0.0036866737,0.0036866737,6.241574e-20,5.039846e-20,-1.0217335e-20,-0.004034263,0.0034592764,0.0034592764,3.103438e-20,2.783938e-20,-1.2020727e-20,1935197.1,-1935197.1,-1935197.1,1935197.1,1935197.1,-1935197.1,-1935197.1,1935197.1,-4.6852692e-11,3.652195e-11,0.0,0.0,-3.652195e-11,4.6852692e-11,0.0,0.0,-2.5050333e-11,3.8038205e-11,2.5050333e-11,-3.8038205e-11,0.0,0.0,0.0,0.0,-7740788.5,0.0,0.0,8.902056e-11,6.39941e-11,5.1157433e-12,0.0,-0.00517125,-0.00517125,-0.0,0.0,-0.00517125,-0.00517125,-0.0,0.0,-0.0,0.0036866737,0.0036866737,0.0,-0.0,0.0036866737,0.0036866737,-0.0,-0.0,0.0,0.0,0.0036866737,0.0036866737,0.0036866737,0.0036866737,Uniaxial,0.6894999742507935
3.9608609032426054e-29,123264.1953125,4346.76611328125,0.0,0.8157563209533691,1.0534412231422152e-09,-0.00518625,0.003699536,0.003699536,6.241574e-20,5.1245493e-20,-1.1064368e-20,-0.0040492634,0.0034721387,0.0034721387,3.1662393e-20,2.830779e-20,-1.2001588e-20,1911529.0,-1911529.0,-1911529.0,1911529.0,1911529.0,-1911529.0,-1911529.0,1911529.0,-3.3858864e-11,4.809154e-11,0.0,0.0,-4.809154e-11,3.3858864e-11,0.0,0.0,-3.2270363e-11,3.09573e-11,3.2270363e-11,-3.09573e-11,0.0,0.0,0.0,0.0,-7646116.0,0.0,0.0,8.61721e-11,6.427235e-11,2.626128e-12,-0.0,-0.00518625,-0.00518625,0.0,-0.0,-0.00518625,-0.00518625,0.0,-0.0,-0.0,0.003699536,0.003699536,0.0,0.0,0.003699536,0.003699536,0.0,0.0,-0.0,-0.0,0.003699536,0.003699536,0.003699536,0.003699536,Uniaxial,0.6915000081062317
3.7080401673976934e-29,123378.171875,4292.94580078125,0.0,0.8180375695228577,1.0534412231422152e-09,-0.00520125,0.003712398,0.003712398,6.1992224e-20,5.166901e-20,-1.2758434e-20,-0.0040642633,0.0034850007,0.0034850007,3.2269366e-20,2.8775303e-20,-1.2016735e-20,1887861.0,-1887861.0,-1887861.0,1887861.0,1887861.0,-1887861.0,-1887861.0,1887861.0,1.3386976e-10,2.1386083e-10,0.0,0.0,1.2507063e-10,2.0506169e-10,0.0,0.0,1.3859443e-10,2.013633e-10,2.0033704e-10,1.3756815e-10,0.0,0.0,0.0,0.0,-7551444.0,-6.7786293e-10,-6.7786293e-10,8.225342e-11,6.3354794e-11,-2.0525387e-12,-3e-45,-0.00520125,-0.00520125,-3e-45,-3e-45,-0.00520125,-0.00520125,-3e-45,-0.0,-0.0,0.003712398,0.003712398,-0.0,-0.0,0.003712398,0.003712398,-0.0,-0.0,-0.0,-0.0,0.003712398,0.003712398,0.003712398,0.003712398,Uniaxial,0.6934999823570251
3.9608609032426054e-29,123490.734375,4239.125,0.0,0.8203188180923462,1.0534412231422152e-09,-0.00521625,0.00372526,0.00372526,6.156871e-20,5.2516043e-20,-1.4028983e-20,-0.004079263,0.0034978627,0.0034978627,3.2855714e-20,2.9250412e-20,-1.2057004e-20,1864192.9,-1864192.9,-1864192.9,1864192.9,1864192.9,-1864192.9,-1864192.9,1864192.9,-1.9726892e-10,-1.1917327e-10,0.0,0.0,-2.1550903e-10,-1.3741337e-10,0.0,0.0,-1.9743392e-10,-1.34554e-10,-1.3724837e-10,-2.0012829e-10,0.0,0.0,0.0,0.0,-7456771.5,6.6936456e-10,6.6936456e-10,7.84626e-11,6.357686e-11,-5.388731e-12,-0.0,-0.00521625,-0.00521625,-0.0,-0.0,-0.00521625,-0.00521625,-0.0,0.0,0.0,0.00372526,0.00372526,0.0,0.0,0.00372526,0.00372526,-0.0,-0.0,-0.0,-0.0,0.00372526,0.00372526,0.00372526,0.00372526,Uniaxial,0.6955000162124634
3.9608609032426054e-29,123601.875,4185.3046875,0.0,0.8226000666618347,1.0534412231422152e-09,-0.00523125,0.0037381223,0.0037381223,6.114519e-20,5.3363076e-20,-1.5299533e-20,-0.0040942635,0.003510725,0.003510725,3.342185e-20,2.9732962e-20,-1.2121895e-20,1840524.9,-1840524.9,-1840524.9,1840524.9,1840524.9,-1840524.9,-1840524.9,1840524.9,-2.821512e-11,4.8047427e-11,0.0,0.0,-4.8047427e-11,2.821512e-11,0.0,0.0,-2.9340717e-11,3.3627285e-11,2.9340717e-11,-3.3627285e-11,0.0,0.0,0.0,0.0,-7362099.5,0.0,0.0,7.479638e-11,6.375303e-11,-8.573131e-12,0.0,-0.00523125,-0.00523125,-0.0,0.0,-0.00523125,-0.00523125,-0.0,0.0,0.0,0.0037381223,0.0037381223,-0.0,-0.0,0.0037381223,0.0037381223,-0.0,-0.0,0.0,0.0,0.0037381223,0.0037381223,0.0037381223,0.0037381223,Uniaxial,0.6974999904632568
3.7080401673976934e-29,123711.6015625,4131.48388671875,0.0,0.8248813152313232,1.0534412231422152e-09,-0.00524625,0.0037509843,0.0037509843,6.0721674e-20,5.421011e-20,-1.6570082e-20,-0.0041092634,0.003523587,0.003523587,3.3968185e-20,3.0222808e-20,-1.2210914e-20,1816856.8,-1816856.8,-1816856.8,1816856.8,1816856.8,-1816856.8,-1816856.8,1816856.8,-3.8229104e-11,3.626104e-11,0.0,0.0,-3.626104e-11,3.8229104e-11,0.0,0.0,-2.8614461e-11,3.441927e-11,2.8614461e-11,-3.441927e-11,0.0,0.0,0.0,0.0,-7267427.0,0.0,0.0,7.1251574e-11,6.3884495e-11,-1.1609613e-11,0.0,-0.00524625,-0.00524625,-0.0,0.0,-0.00524625,-0.00524625,-0.0,0.0,0.0,0.0037509843,0.0037509843,-0.0,-0.0,0.0037509843,0.0037509843,-0.0,-0.0,0.0,0.0,0.0037509843,0.0037509843,0.0037509843,0.0037509843,Uniaxial,0.6995000243186951
3.7080401673976934e-29,123819.8984375,4077.66357421875,0.0,0.8271625638008118,1.0534412231422152e-09,-0.00526125,0.0037638464,0.0037638464,6.114519e-20,5.505714e-20,-1.5299533e-20,-0.0041242633,0.003536449,0.003536449,3.4512062e-20,3.07198e-20,-1.2272724e-20,1793188.8,-1793188.8,-1793188.8,1793188.8,1793188.8,-1793188.8,-1793188.8,1793188.8,4.1652366e-11,1.1552023e-10,0.0,0.0,4.544715e-11,1.1931502e-10,0.0,0.0,5.09339e-11,1.1401157e-10,1.1003348e-10,4.695581e-11,0.0,0.0,0.0,0.0,-7172755.0,-3.2193476e-10,-3.2193476e-10,7.0007014e-11,6.3972376e-11,-7.956176e-12,-3e-45,-0.00526125,-0.00526125,-3e-45,-3e-45,-0.00526125,-0.00526125,-3e-45,-0.0,-0.0,0.0037638464,0.0037638464,-0.0,-0.0,0.0037638464,0.0037638464,-0.0,-0.0,-0.0,-0.0,0.0037638464,0.0037638464,0.0037638464,0.0037638464,Uniaxial,0.7014999985694885
3.9608609032426054e-29,123926.78125,4023.843017578125,0.0,0.8294438719749451,1.0534412231422152e-09,-0.00527625,0.0037767086,0.0037767086,6.1992224e-20,5.548066e-20,-1.5299533e-20,-0.004139263,0.0035493113,0.0035493113,3.5062005e-20,3.1215324e-20,-1.2333298e-20,1769520.6,-1769520.6,-1769520.6,1769520.6,1769520.6,-1769520.6,-1769520.6,1769520.6,2.0329212e-10,2.7708327e-10,0.0,0.0,1.994451e-10,2.7323627e-10,0.0,0.0,2.0113378e-10,2.6369587e-10,2.753946e-10,2.128325e-10,0.0,0.0,0.0,0.0,-7078082.5,-9.530567e-10,-9.530567e-10,6.9853616e-11,6.2941236e-11,-7.6940425e-12,-0.0,-0.00527625,-0.00527625,-0.0,-0.0,-0.00527625,-0.00527625,-0.0,-0.0,-0.0,0.0037767086,0.0037767086,-0.0,-0.0,0.0037767086,0.0037767086,-0.0,-0.0,-0.0,-0.0,0.0037767086,0.0037767086,0.0037767086,0.0037767086,Uniaxial,0.703499972820282
3.7080401673976934e-29,124032.2421875,3970.0224609375,0.0,0.8317251205444336,1.0534412231422152e-09,-0.00529125,0.0037895706,0.0037895706,6.283926e-20,5.632769e-20,-1.1064368e-20,-0.0041542635,0.0035621733,0.0035621733,3.5617893e-20,3.1717882e-20,-1.2307903e-20,1745852.6,-1745852.6,-1745852.6,1745852.6,1745852.6,-1745852.6,-1745852.6,1745852.6,-4.1530317e-11,3.216623e-11,0.0,0.0,-3.216623e-11,4.1530317e-11,0.0,0.0,-3.2086587e-11,3.049537e-11,3.2086587e-11,-3.049537e-11,0.0,0.0,0.0,0.0,-6983410.5,0.0,0.0,6.966439e-11,6.298095e-11,3.1824315e-12,0.0,-0.00529125,-0.00529125,-0.0,0.0,-0.00529125,-0.00529125,-0.0,0.0,0.0,0.0037895706,0.0037895706,-0.0,-0.0,0.0037895706,0.0037895706,0.0,0.0,-0.0,-0.0,0.0037895706,0.0037895706,0.0037895706,0.0037895706,Uniaxial,0.7055000066757202
3.9608609032426054e-29,124136.28125,3916.201904296875,0.0,0.8340063691139221,1.0534412231422152e-09,-0.00530625,0.0038024327,0.0038024327,6.4109806e-20,5.7174724e-20,-7.676236e-21,-0.0041692634,0.0035750354,0.0035750354,3.6188082e-20,3.222733e-20,-1.2215213e-20,1722184.5,-1722184.5,-1722184.5,1722184.5,1722184.5,-1722184.5,-1722184.5,1722184.5,3.7377983e-11,1.1148635e-10,0.0,0.0,4.3107275e-11,1.1721564e-10,0.0,0.0,3.536871e-11,9.794987e-11,1.1922491e-10,5.6643745e-11,0.0,0.0,0.0,0.0,-6888738.0,-3.0918723e-10,-3.0918723e-10,7.048802e-11,6.297935e-11,1.1458585e-11,1e-45,-0.00530625,-0.00530625,1e-45,1e-45,-0.00530625,-0.00530625,1e-45,0.0,0.0,0.0038024327,0.0038024327,0.0,0.0,0.0038024327,0.0038024327,0.0,0.0,0.0,0.0,0.0038024327,0.0038024327,0.0038024327,0.0038024327,Uniaxial,0.7074999809265137
4.04513478278413e-29,124238.90625,3862.38134765625,0.0,0.8362876176834106,1.0534412231422152e-09,-0.00532125,0.003815295,0.003815295,6.580387e-20,5.7174724e-20,-5.98217e-21,-0.0041842633,0.0035878976,0.0035878976,3.6780764e-20,3.272659e-20,-1.2090475e-20,1698516.5,-1698516.5,-1698516.5,1698516.5,1698516.5,-1698516.5,-1698516.5,1698516.5,-1.2142061e-10,-4.64255e-11,0.0,0.0,-1.06043535e-10,-3.104842e-11,0.0,0.0,-1.1857293e-10,-5.7046052e-11,-3.3896105e-11,-9.542298e-11,0.0,0.0,0.0,0.0,-6794066.0,3.0493807e-10,3.0493807e-10,7.2261516e-11,6.087078e-11,1.5208411e-11,-1e-45,-0.00532125,-0.00532125,-1e-45,-1e-45,-0.00532125,-0.00532125,-1e-45,-0.0,-0.0,0.003815295,0.003815295,-0.0,-0.0,0.003815295,0.003815295,0.0,0.0,0.0,0.0,0.003815295,0.003815295,0.003815295,0.003815295,Uniaxial,0.7095000147819519
3.0338509366248205e-29,124340.109375,3808.560791015625,0.0,0.8385688662528992,1.0534412231422152e-09,-0.00533625,0.003828157,0.003828157,6.7921454e-20,5.802176e-20,-2.5940384e-21,-0.004199263,0.0036007597,0.0036007597,3.7403963e-20,3.3232805e-20,-1.19004286e-20,1674848.4,-1674848.4,-1674848.4,1674848.4,1674848.4,-1674848.4,-1674848.4,1674848.4,-1.9810595e-10,-1.2955274e-10,0.0,0.0,-1.7113615e-10,-1.0258294e-10,0.0,0.0,-1.8681705e-10,-1.252959e-10,-1.1387185e-10,-1.7539299e-10,0.0,0.0,0.0,0.0,-6699393.5,6.013778e-10,6.013778e-10,7.492344e-11,6.085932e-11,2.2848104e-11,0.0,-0.00533625,-0.00533625,0.0,0.0,-0.00533625,-0.00533625,0.0,-0.0,-0.0,0.003828157,0.003828157,-0.0,-0.0,0.003828157,0.003828157,-0.0,-0.0,-0.0,-0.0,0.003828157,0.003828157,0.003828157,0.003828157,Uniaxial,0.7114999890327454
3.792313746012664e-29,124439.890625,3754.740234375,0.0,0.8408501148223877,1.0534412231422152e-09,-0.00535125,0.0038410192,0.0038410192,6.834497e-20,5.886879e-20,-3.4410713e-21,-0.0042142635,0.0036136217,0.0036136217,3.8023163e-20,3.374584e-20,-1.1731138e-20,1651180.4,-1651180.4,-1651180.4,1651180.4,1651180.4,-1651180.4,-1651180.4,1651180.4,2.3540796e-11,9.132779e-11,0.0,0.0,5.6892064e-11,1.2467906e-10,0.0,0.0,3.8345938e-11,9.2068395e-11,1.0987392e-10,5.6151462e-11,0.0,0.0,0.0,0.0,-6604721.5,-2.964397e-10,-2.964397e-10,7.339103e-11,6.080769e-11,2.006531e-11,-3e-45,-0.00535125,-0.00535125,-3e-45,-3e-45,-0.00535125,-0.00535125,-3e-45,-0.0,-0.0,0.0038410192,0.0038410192,-0.0,-0.0,0.0038410192,0.0038410192,0.0,0.0,-0.0,-0.0,0.0038410192,0.0038410192,0.0038410192,0.0038410192,Uniaxial,0.7135000228881836
3.623766588782723e-29,124538.25,3700.919677734375,0.0,0.843131422996521,1.0534412231422152e-09,-0.00536625,0.0038538813,0.0038538813,6.7921454e-20,5.7174724e-20,-4.7645603e-22,-0.0042292634,0.003626484,0.003626484,3.86215e-20,3.4214707e-20,-1.1505905e-20,1627512.2,-1627512.2,-1627512.2,1627512.2,1627512.2,-1627512.2,-1627512.2,1627512.2,-4.737218e-11,2.6442775e-11,0.0,0.0,-2.6442775e-11,4.737218e-11,0.0,0.0,-3.970443e-11,1.1002154e-11,3.970443e-11,-1.1002154e-11,0.0,0.0,0.0,0.0,-6510049.0,0.0,0.0,6.9901196e-11,5.477594e-11,2.6313066e-11,1e-45,-0.00536625,-0.00536625,1e-45,1e-45,-0.00536625,-0.00536625,1e-45,-0.0,-0.0,0.0038538813,0.0038538813,-0.0,-0.0,0.0038538813,0.0038538813,-0.0,-0.0,-0.0,-0.0,0.0038538813,0.0038538813,0.0038538813,0.0038538813,Uniaxial,0.715499997138977
3.4552191306262276e-29,124635.1875,3647.09912109375,0.0,0.8454126715660095,1.0534412231422152e-09,-0.00538125,0.0038667433,0.0038667433,6.9192004e-20,5.5904175e-20,1.2176099e-21,-0.0042442633,0.003639346,0.003639346,3.9233286e-20,3.4648764e-20,-1.12512776e-20,1603844.2,-1603844.2,-1603844.2,1603844.2,1603844.2,-1603844.2,-1603844.2,1603844.2,1.5956864e-11,9.003793e-11,0.0,0.0,5.3932754e-11,1.2801382e-10,0.0,0.0,4.0504444e-11,8.103609e-11,1.03466236e-10,6.2934595e-11,0.0,0.0,0.0,0.0,-6415377.0,-2.8794137e-10,-2.8794137e-10,7.0433416e-11,4.9971804e-11,2.931455e-11,-0.0,-0.00538125,-0.00538125,-0.0,-0.0,-0.00538125,-0.00538125,-0.0,0.0,0.0,0.0038667433,0.0038667433,0.0,0.0,0.0038667433,0.0038667433,0.0,0.0,0.0,0.0,0.0038667433,0.0038667433,0.0038667433,0.0038667433,Uniaxial,0.7174999713897705
3.7080401673976934e-29,124730.7109375,3593.278564453125,0.0,0.847693920135498,1.0534412231422152e-09,-0.00539625,0.0038796056,0.0038796056,7.0462553e-20,5.166901e-20,1.6411263e-21,-0.004259263,0.003652208,0.003652208,3.9858257e-20,3.4989378e-20,-1.099327e-20,1580176.1,-1580176.1,-1580176.1,1580176.1,1580176.1,-1580176.1,-1580176.1,1580176.1,3.0237152e-10,3.7668055e-10,0.0,0.0,3.325499e-10,4.0685896e-10,0.0,0.0,-3.6407356e-11,-1.5439198e-12,3.6407356e-11,1.5439198e-12,0.0,0.0,0.0,0.0,-6320704.5,-1.4184609e-09,0.0,7.088939e-11,3.863539e-11,2.9265326e-11,3e-45,-0.00539625,-0.00539625,3e-45,3e-45,-0.00539625,-0.00539625,3e-45,0.0,0.0,0.0038796056,0.0038796056,0.0,0.0,0.0038796056,0.0038796056,0.0,0.0,0.0,0.0,0.0038796056,0.0038796056,0.0038796056,0.0038796056,Uniaxial,0.7195000052452087
2.7810302007799085e-29,124824.8125,3539.4580078125,0.0,0.8499751687049866,1.0534412231422152e-09,-0.00541125,0.0038924676,0.0038924676,7.2580136e-20,4.785736e-20,2.9116758e-21,-0.0042742635,0.0036650703,0.0036650703,4.05131e-20,3.52469e-20,-1.07149996e-20,1556508.1,-1556508.1,-1556508.1,1556508.1,1556508.1,-1556508.1,-1556508.1,1556508.1,1.6019965e-10,2.2787364e-10,0.0,0.0,1.9129089e-10,2.5896488e-10,0.0,0.0,-1.04258775e-10,-7.432684e-11,-3.546273e-11,-6.539466e-11,0.0,0.0,0.0,0.0,-6226032.5,-8.38329e-10,2.7944302e-10,7.3165037e-11,2.8772382e-11,3.1090998e-11,-0.0,-0.00541125,-0.00541125,-0.0,-0.0,-0.00541125,-0.00541125,-0.0,0.0,0.0,0.0038924676,0.0038924676,0.0,0.0,0.0038924676,0.0038924676,0.0,0.0,0.0,0.0,0.0038924676,0.0038924676,0.0038924676,0.0038924676,Uniaxial,0.7214999794960022
3.118124515239791e-29,124917.4921875,3485.637451171875,0.0,0.8522564172744751,1.0534412231422152e-09,-0.00542625,0.0039053296,0.0039053296,7.215662e-20,4.5316263e-20,5.876291e-21,-0.0042892634,0.0036779323,0.0036779323,4.114636e-20,3.5448408e-20,-1.0382969e-20,1532840.0,-1532840.0,-1532840.0,1532840.0,1532840.0,-1532840.0,-1532840.0,1532840.0,-5.764435e-11,8.286129e-12,0.0,0.0,-8.286129e-12,5.764435e-11,0.0,0.0,-2.6335777e-11,2.9616923e-13,2.6335777e-11,-2.9616923e-13,0.0,0.0,0.0,0.0,-6131360.0,0.0,0.0,6.9677986e-11,2.217241e-11,3.6533474e-11,4e-45,-0.00542625,-0.00542625,4e-45,4e-45,-0.00542625,-0.00542625,4e-45,0.0,0.0,0.0039053296,0.0039053296,0.0,0.0,0.0039053296,0.0039053296,0.0,0.0,0.0,0.0,0.0039053296,0.0039053296,0.0039053296,0.0039053296,Uniaxial,0.7235000133514404
1.6854727760056285e-29,125008.75,3431.81689453125,0.0,0.8545376658439636,1.0534412231422152e-09,-0.00544125,0.003918192,0.003918192,7.088607e-20,4.1081098e-20,5.876291e-21,-0.0043042633,0.0036907943,0.0036907943,4.174152e-20,3.5561134e-20,-1.0057583e-20,1509172.0,-1509172.0,-1509172.0,1509172.0,1509172.0,-1509172.0,-1509172.0,1509172.0,1.9486489e-11,8.281533e-11,0.0,0.0,5.2657e-11,1.15985846e-10,0.0,0.0,5.587091e-11,6.197665e-11,7.960142e-11,7.349568e-11,0.0,0.0,0.0,0.0,-6036688.0,-2.7094466e-10,-2.7094466e-10,6.447472e-11,1.22114836e-11,3.5249543e-11,1e-45,-0.00544125,-0.00544125,1e-45,1e-45,-0.00544125,-0.00544125,1e-45,0.0,0.0,0.003918192,0.003918192,0.0,0.0,0.003918192,0.003918192,-0.0,0.0,0.0,-0.0,0.003918192,0.003918192,0.003918192,0.003918192,Uniaxial,0.7254999876022339
1.6854727760056285e-29,125098.59375,3377.996337890625,0.0,0.8568189740180969,1.0534412231422152e-09,-0.00545625,0.003931054,0.003931054,6.961552e-20,3.6845933e-20,2.9116758e-21,-0.004319263,0.0037036566,0.0037036566,4.2299344e-20,3.5586845e-20,-9.7980376e-21,1485503.9,-1485503.9,-1485503.9,1485503.9,1485503.9,-1485503.9,-1485503.9,1485503.9,-1.1178203e-10,-5.0949443e-11,0.0,0.0,-8.23983e-11,-2.1565714e-11,0.0,0.0,-7.42783e-11,-7.290744e-11,-5.906945e-11,-6.044031e-11,0.0,0.0,0.0,0.0,-5942015.5,2.666955e-10,2.666955e-10,5.9482204e-11,2.7417222e-12,2.7675974e-11,-0.0,-0.00545625,-0.00545625,-0.0,-0.0,-0.00545625,-0.00545625,-0.0,0.0,0.0,0.003931054,0.003931054,0.0,0.0,0.003931054,0.003931054,-0.0,-0.0,-0.0,-0.0,0.003931054,0.003931054,0.003931054,0.003931054,Uniaxial,0.7275000214576721
1.6854727760056285e-29,125187.015625,3324.17578125,0.0,0.8591002225875854,1.0534412231422152e-09,-0.00547125,0.003943916,0.003943916,6.876849e-20,3.1763736e-20,3.7057691e-22,-0.0043342635,0.0037165186,0.0037165186,4.2829053e-20,3.5510334e-20,-9.59454e-21,1461835.9,-1461835.9,-1461835.9,1461835.9,1461835.9,-1461835.9,-1461835.9,1461835.9,-2.3938787e-10,-1.8050422e-10,0.0,0.0,-2.1316525e-10,-1.542816e-10,0.0,0.0,-2.0016608e-10,-2.0418028e-10,-1.935034e-10,-1.894892e-10,0.0,0.0,0.0,0.0,-5847343.5,7.8733897e-10,7.8733897e-10,5.558434e-11,-8.028405e-12,2.135376e-11,-1e-45,-0.00547125,-0.00547125,-1e-45,-1e-45,-0.00547125,-0.00547125,-1e-45,-0.0,-0.0,0.003943916,0.003943916,0.0,0.0,0.003943916,0.003943916,-0.0,-0.0,-0.0,-0.0,0.003943916,0.003943916,0.003943916,0.003943916,Uniaxial,0.7294999957084656
1.6854727760056285e-29,125274.015625,3270.355224609375,0.0,0.861381471157074,1.0534413341645177e-09,-0.00548625,0.003956778,0.003956778,6.834497e-20,2.8375604e-20,-5.98217e-21,-0.0043492634,0.0037293807,0.0037293807,4.333969e-20,3.536755e-20,-9.522248e-21,1438167.8,-1438167.8,-1438167.8,1438167.8,1438167.8,-1438167.8,-1438167.8,1438167.8,-2.32011e-10,-1.7456198e-10,0.0,0.0,-2.1273373e-10,-1.5528472e-10,0.0,0.0,-1.9182858e-10,-1.9919864e-10,-1.9546713e-10,-1.8809707e-10,0.0,0.0,0.0,0.0,-5752671.0,7.7459145e-10,7.7459145e-10,5.2715058e-11,-1.4740126e-11,7.463039e-12,-1e-45,-0.00548625,-0.00548625,-1e-45,-1e-45,-0.00548625,-0.00548625,-1e-45,-0.0,-0.0,0.003956778,0.003956778,-0.0,-0.0,0.003956778,0.003956778,-0.0,-0.0,-0.0,-0.0,0.003956778,0.003956778,0.003956778,0.003956778,Uniaxial,0.7315000295639038
1.6854727760056285e-29,125359.59375,3216.53466796875,0.0,0.8636627197265625,1.0534413341645177e-09,-0.00550125,0.00396964,0.00396964,6.876849e-20,2.6258021e-20,-1.2334917e-20,-0.0043642633,0.003742243,0.003742243,4.384858e-20,3.518525e-20,-9.578536e-21,1414499.8,-1414499.8,-1414499.8,1414499.8,1414499.8,-1414499.8,-1414499.8,1414499.8,-2.8875538e-10,-2.3182865e-10,0.0,0.0,-2.7606728e-10,-2.1914054e-10,0.0,0.0,6.056382e-12,-3.1987553e-12,-6.056382e-12,3.1987553e-12,0.0,0.0,0.0,0.0,-5657999.0,1.0157919e-09,0.0,5.1670505e-11,-1.8510275e-11,-5.715254e-12,-1e-45,-0.00550125,-0.00550125,-1e-45,-1e-45,-0.00550125,-0.00550125,-1e-45,-0.0,-0.0,0.00396964,0.00396964,-0.0,-0.0,0.00396964,0.00396964,-0.0,-0.0,-0.0,-0.0,0.00396964,0.00396964,0.00396964,0.00396964,Uniaxial,0.7335000038146973
1.6854727760056285e-29,125443.75,3162.714111328125,0.0,0.865943968296051,1.0534413341645177e-09,-0.00551625,0.0039825025,0.0039825025,7.003904e-20,2.6258021e-20,-1.7417115e-20,-0.004379263,0.003755105,0.003755105,4.437271e-20,3.5006594e-20,-9.7354045e-21,1390831.6,-1390831.6,-1390831.6,1390831.6,1390831.6,-1390831.6,-1390831.6,1390831.6,-4.6945814e-10,-4.1220277e-10,0.0,0.0,-4.6174298e-10,-4.0448767e-10,0.0,0.0,-1.788997e-10,-1.8781786e-10,-1.9564848e-10,-1.8673033e-10,0.0,0.0,0.0,0.0,-5563326.5,1.7478915e-09,7.490964e-10,5.23277e-11,-1.7836316e-11,-1.5661231e-11,-3e-45,-0.00551625,-0.00551625,-3e-45,-3e-45,-0.00551625,-0.00551625,-3e-45,-0.0,-0.0,0.0039825025,0.0039825025,-0.0,-0.0,0.0039825025,0.0039825025,-0.0,-0.0,-0.0,-0.0,0.0039825025,0.0039825025,0.0039825025,0.0039825025,Uniaxial,0.7354999780654907
1.6854727760056285e-29,125526.4921875,3108.8935546875,0.0,0.8682252168655396,1.0534413341645177e-09,-0.00553125,0.0039953645,0.0039953645,7.17331e-20,2.7105054e-20,-1.9534697e-20,-0.0043942635,0.003767967,0.003767967,4.4920256e-20,3.4848467e-20,-9.931511e-21,1367163.6,-1367163.6,-1367163.6,1367163.6,1367163.6,-1367163.6,-1367163.6,1367163.6,-1.3912003e-10,-8.1161085e-11,0.0,0.0,-1.6428853e-10,-1.0632958e-10,0.0,0.0,1.3141578e-10,1.2365658e-10,1.1403384e-10,1.2179302e-10,0.0,0.0,0.0,0.0,-5468654.5,4.908992e-10,-4.908992e-10,5.373494e-11,-1.5518375e-11,-1.92455e-11,-0.0,-0.00553125,-0.00553125,-0.0,-0.0,-0.00553125,-0.00553125,-0.0,-0.0,-0.0,0.0039953645,0.0039953645,-0.0,-0.0,0.0039953645,0.0039953645,0.0,0.0,0.0,0.0,0.0039953645,0.0039953645,0.0039953645,0.0039953645,Uniaxial,0.737500011920929
3.0338509366248205e-29,125607.8125,3055.072998046875,0.0,0.8705065250396729,1.0534413341645177e-09,-0.00554625,0.0040082266,0.0040082266,7.3850685e-20,2.8375604e-20,-1.9958214e-20,-0.0044092634,0.0037808293,0.0037808293,4.549922e-20,3.471893e-20,-1.0132169e-20,1343495.5,-1343495.5,-1343495.5,1343495.5,1343495.5,-1343495.5,-1343495.5,1343495.5,-1.689377e-11,4.211512e-11,0.0,0.0,-4.211512e-11,1.689377e-11,0.0,0.0,-7.584833e-12,-1.3831043e-11,7.584833e-12,1.3831043e-11,0.0,0.0,0.0,0.0,-5373982.0,0.0,0.0,5.5834812e-11,-1.249242e-11,-1.9351219e-11,0.0,-0.00554625,-0.00554625,0.0,0.0,-0.00554625,-0.00554625,0.0,-0.0,-0.0,0.0040082266,0.0040082266,-0.0,-0.0,0.0040082266,0.0040082266,0.0,0.0,0.0,0.0,0.0040082266,0.0040082266,0.0040082266,0.0040082266,Uniaxial,0.7394999861717224
1.6854727760056285e-29,125687.7109375,3001.25244140625,0.0,0.8727877736091614,1.0534413341645177e-09,-0.00556125,0.0040210886,0.0040210886,7.596827e-20,2.9646153e-20,-2.038173e-20,-0.0044242633,0.0037936913,0.0037936913,4.610898e-20,3.4617412e-20,-1.0337287e-20,1319827.5,-1319827.5,-1319827.5,1319827.5,1319827.5,-1319827.5,-1319827.5,1319827.5,-3.290249e-11,2.7073172e-11,0.0,0.0,-2.7073172e-11,3.290249e-11,0.0,0.0,7.2626675e-12,2.4537555e-12,-7.2626675e-12,-2.4537555e-12,0.0,0.0,0.0,0.0,-5279310.0,0.0,0.0,5.7768353e-11,-9.617824e-12,-1.9432846e-11,0.0,-0.00556125,-0.00556125,0.0,-0.0,-0.00556125,-0.00556125,-0.0,0.0,0.0,0.0040210886,0.0040210886,-0.0,-0.0,0.0040210886,0.0040210886,-0.0,-0.0,0.0,0.0,0.0040210886,0.0040210886,0.0040210886,0.0040210886,Uniaxial,0.7415000200271606
1.6854727760056285e-29,125766.1875,2947.431884765625,0.0,0.8750690221786499,1.0534413341645177e-09,-0.00557625,0.0040339506,0.0040339506,7.808585e-20,3.1763736e-20,-1.7417115e-20,-0.004439263,0.0038065535,0.0038065535,4.674891e-20,3.45603e-20,-1.047897e-20,1296159.4,-1296159.4,-1296159.4,1296159.4,1296159.4,-1296159.4,-1296159.4,1296159.4,1.3961858e-10,2.0048002e-10,0.0,0.0,1.4857311e-10,2.0943457e-10,0.0,0.0,1.7915054e-10,1.764938e-10,1.699026e-10,1.7255933e-10,0.0,0.0,0.0,0.0,-5184637.5,-6.981063e-10,-6.981063e-10,5.9539935e-11,-5.3134545e-12,-1.3182419e-11,1e-45,-0.00557625,-0.00557625,1e-45,1e-45,-0.00557625,-0.00557625,1e-45,0.0,0.0,0.0040339506,0.0040339506,0.0,0.0,0.0040339506,0.0040339506,0.0,0.0,0.0,0.0,0.0040339506,0.0040339506,0.0040339506,0.0040339506,Uniaxial,0.7434999942779541
1.6854727760056285e-29,125843.25,2893.611328125,0.0,0.8773502707481384,1.0534413341645177e-09,-0.00559125,0.0040468127,0.0040468127,8.062695e-20,3.4304834e-20,-1.1064368e-20,-0.0044542635,0.0038194156,0.0038194156,4.742689e-20,3.455519e-20,-1.0490686e-20,1272491.4,-1272491.4,-1272491.4,1272491.4,1272491.4,-1272491.4,-1272491.4,1272491.4,9.123911e-11,1.532946e-10,0.0,0.0,7.5158324e-11,1.3721381e-10,0.0,0.0,1.1461073e-10,1.1437724e-10,1.1384219e-10,1.14075686e-10,0.0,0.0,0.0,0.0,-5089965.5,-4.5690585e-10,-4.5690585e-10,6.1928e-11,-4.669874e-13,-1.0700877e-12,-1e-45,-0.00559125,-0.00559125,-1e-45,-1e-45,-0.00559125,-0.00559125,-1e-45,0.0,0.0,0.0040468127,0.0040468127,-0.0,-0.0,0.0040468127,0.0040468127,0.0,0.0,-0.0,-0.0,0.0040468127,0.0040468127,0.0040468127,0.0040468127,Uniaxial,0.7455000281333923
1.6854727760056285e-29,125918.890625,2839.790771484375,0.0,0.879631519317627,1.0534413341645177e-09,-0.00560625,0.004059675,0.004059675,8.274453e-20,3.59989e-20,-3.864588e-21,-0.0044692634,0.0038322776,0.0038322776,4.813368e-20,3.4584082e-20,-1.03580825e-20,1248823.2,-1248823.2,-1248823.2,1248823.2,1248823.2,-1248823.2,-1248823.2,1248823.2,-2.6584315e-11,3.618655e-11,0.0,0.0,-3.618655e-11,2.6584315e-11,0.0,0.0,-3.6192468e-12,-2.3242608e-12,3.6192468e-12,2.3242608e-12,0.0,0.0,0.0,0.0,-4995293.0,0.0,0.0,6.3358756e-11,2.589972e-12,1.1887016e-11,3e-45,-0.00560625,-0.00560625,3e-45,3e-45,-0.00560625,-0.00560625,3e-45,0.0,0.0,0.004059675,0.004059675,0.0,0.0,0.004059675,0.004059675,0.0,0.0,0.0,0.0,0.004059675,0.004059675,0.004059675,0.004059675,Uniaxial,0.7475000023841858
1.6854727760056285e-29,125993.109375,2785.970458984375,0.0,0.8819127678871155,1.0534413341645177e-09,-0.00562125,0.004072537,0.004072537,8.44386e-20,3.726945e-20,-4.7645603e-22,-0.0044842632,0.0038451399,0.0038451399,4.8860224e-20,3.4637823e-20,-1.0160327e-20,1225155.2,-1225155.2,-1225155.2,1225155.2,1225155.2,-1225155.2,-1225155.2,1225155.2,-9.862898e-11,-3.5589726e-11,0.0,0.0,-7.438756e-11,-1.1348303e-11,0.0,0.0,-6.051802e-11,-5.815494e-11,-4.945926e-11,-5.1822345e-11,0.0,0.0,0.0,0.0,-4900621.0,2.1995457e-10,2.1995457e-10,6.389554e-11,4.7261648e-12,1.739136e-11,1e-45,-0.00562125,-0.00562125,1e-45,1e-45,-0.00562125,-0.00562125,1e-45,0.0,0.0,0.004072537,0.004072537,0.0,0.0,0.004072537,0.004072537,0.0,0.0,0.0,0.0,0.004072537,0.004072537,0.004072537,0.004072537,Uniaxial,0.7494999766349792
1.6854727760056285e-29,126065.90625,2732.14990234375,0.0,0.8841940760612488,1.0534413341645177e-09,-0.00563625,0.004085399,0.004085399,8.613266e-20,3.854e-20,-4.7645603e-22,-0.004499263,0.003858002,0.003858002,4.9606134e-20,3.4715914e-20,-9.96653e-21,1201487.1,-1201487.1,-1201487.1,1201487.1,1201487.1,-1201487.1,-1201487.1,1201487.1,1.3374489e-10,1.9700191e-10,0.0,0.0,1.2655617e-10,1.898132e-10,0.0,0.0,1.5591677e-10,1.592843e-10,1.6764132e-10,1.642738e-10,0.0,0.0,0.0,0.0,-4805948.5,-6.471162e-10,-6.471162e-10,6.433109e-11,6.735038e-12,1.6714066e-11,3e-45,-0.00563625,-0.00563625,3e-45,3e-45,-0.00563625,-0.00563625,3e-45,0.0,0.0,0.004085399,0.004085399,0.0,0.0,0.004085399,0.004085399,0.0,0.0,0.0,0.0,0.004085399,0.004085399,0.004085399,0.004085399,Uniaxial,0.7515000104904175
1.6854727760056285e-29,126137.2890625,2678.329345703125,0.0,0.8864753246307373,1.0534413341645177e-09,-0.00565125,0.0040982612,0.0040982612,8.782673e-20,3.854e-20,-8.999725e-22,-0.0045142635,0.003870864,0.003870864,5.0371018e-20,3.4792444e-20,-9.785088e-21,1177819.1,-1177819.1,-1177819.1,1177819.1,1177819.1,-1177819.1,-1177819.1,1177819.1,6.240739e-11,1.2583291e-10,0.0,0.0,8.56233e-11,1.4904883e-10,0.0,0.0,1.0027546e-10,1.0351058e-10,1.1118075e-10,1.0794564e-10,0.0,0.0,0.0,0.0,-4711276.5,-4.2291243e-10,-4.2291243e-10,6.466808e-11,6.470236e-12,1.5340342e-11,-3e-45,-0.00565125,-0.00565125,-3e-45,-3e-45,-0.00565125,-0.00565125,-3e-45,0.0,0.0,0.0040982612,0.0040982612,0.0,0.0,0.0040982612,0.0040982612,-0.0,-0.0,-0.0,-0.0,0.0040982612,0.0040982612,0.0040982612,0.0040982612,Uniaxial,0.7534999847412109
1.6854727760056285e-29,126207.25,2624.5087890625,0.0,0.8887565732002258,1.0534413341645177e-09,-0.00566625,0.0041111233,0.0041111233,8.867376e-20,3.7692966e-20,-2.170522e-21,-0.0045292634,0.0038837262,0.0038837262,5.1137546e-20,3.485049e-20,-9.6327024e-21,1154151.0,-1154151.0,-1154151.0,1154151.0,1154151.0,-1154151.0,-1154151.0,1154151.0,-4.235099e-11,2.0492889e-11,0.0,0.0,-2.0492889e-11,4.235099e-11,0.0,0.0,-4.358425e-12,-1.953935e-12,4.358425e-12,1.953935e-12,0.0,0.0,0.0,0.0,-4616604.0,0.0,0.0,6.350479e-11,4.80898e-12,1.262472e-11,-1e-45,-0.00566625,-0.00566625,-1e-45,-1e-45,-0.00566625,-0.00566625,-1e-45,-0.0,-0.0,0.0041111233,0.0041111233,-0.0,-0.0,0.0041111233,0.0041111233,-0.0,-0.0,-0.0,-0.0,0.0041111233,0.0041111233,0.0041111233,0.0041111233,Uniaxial,0.7555000185966492
1.6854727760056285e-29,126275.7890625,2570.688232421875,0.0,0.8910378217697144,1.0534413341645177e-09,-0.00568125,0.004123986,0.004123986,8.9520795e-20,3.6845933e-20,-3.4410713e-21,-0.0045442632,0.0038965882,0.0038965882,5.1905684e-20,3.4890423e-20,-9.508793e-21,1130483.0,-1130483.0,-1130483.0,1130483.0,1130483.0,-1130483.0,-1130483.0,1130483.0,1.7708793e-10,2.3934604e-10,0.0,0.0,1.665697e-10,2.288278e-10,0.0,0.0,-3.3238909e-12,-1.7036204e-12,3.3238909e-12,1.7036204e-12,0.0,0.0,0.0,0.0,-4521932.0,-8.118315e-10,0.0,6.233324e-11,3.240541e-12,1.0055023e-11,1e-45,-0.00568125,-0.00568125,1e-45,1e-45,-0.00568125,-0.00568125,1e-45,0.0,0.0,0.004123986,0.004123986,0.0,0.0,0.004123986,0.004123986,0.0,0.0,0.0,0.0,0.004123986,0.004123986,0.004123986,0.004123986,Uniaxial,0.7574999928474426
1.6854727760056285e-29,126342.90625,2516.86767578125,0.0,0.8933190703392029,1.0534413341645177e-09,-0.00569625,0.004136848,0.004136848,9.036783e-20,3.6422417e-20,-3.864588e-21,-0.004559263,0.0039094505,0.0039094505,5.26754e-20,3.492108e-20,-9.3958396e-21,1106814.9,-1106814.9,-1106814.9,1106814.9,1106814.9,-1106814.9,-1106814.9,1106814.9,7.404953e-11,1.3571784e-10,0.0,0.0,6.299085e-11,1.2465916e-10,0.0,0.0,9.650186e-11,9.771977e-11,1.0220683e-10,1.0098892e-10,0.0,0.0,0.0,0.0,-4427259.5,-3.9741738e-10,-3.9741738e-10,6.115366e-11,2.4358248e-12,8.974118e-12,1e-45,-0.00569625,-0.00569625,1e-45,1e-45,-0.00569625,-0.00569625,1e-45,0.0,0.0,0.004136848,0.004136848,0.0,0.0,0.004136848,0.004136848,0.0,0.0,0.0,0.0,0.004136848,0.004136848,0.004136848,0.004136848,Uniaxial,0.7595000267028809
1.6854727760056285e-29,126408.6015625,2463.047119140625,0.0,0.8956003189086914,1.0534413341645177e-09,-0.00571125,0.00414971,0.00414971,9.163838e-20,3.59989e-20,-5.5586537e-21,-0.0045742635,0.0039223125,0.0039223125,5.345514e-20,3.4942652e-20,-9.319048e-21,1083146.9,-1083146.9,-1083146.9,1083146.9,1083146.9,-1083146.9,-1083146.9,1083146.9,2.6726746e-10,3.2867156e-10,0.0,0.0,2.54707e-10,3.1611108e-10,0.0,0.0,-5.052678e-11,-4.9688254e-11,-4.670298e-11,-4.7541505e-11,0.0,0.0,0.0,0.0,-4332587.5,-1.1667571e-09,1.9445952e-10,6.0625234e-11,1.677054e-12,5.970547e-12,-0.0,-0.00571125,-0.00571125,-0.0,-0.0,-0.00571125,-0.00571125,-0.0,0.0,0.0,0.00414971,0.00414971,0.0,0.0,0.00414971,0.00414971,-0.0,-0.0,-0.0,-0.0,0.00414971,0.00414971,0.00414971,0.00414971,Uniaxial,0.7615000009536743
1.6854727760056285e-29,126472.8828125,2409.2265625,0.0,0.8978816270828247,1.0534413341645177e-09,-0.00572625,0.004162572,0.004162572,9.333244e-20,3.472835e-20,-1.0640851e-20,-0.0045892633,0.0039351746,0.0039351746,5.425318e-20,3.493836e-20,-9.345501e-21,1059478.8,-1059478.8,-1059478.8,1059478.8,1059478.8,-1059478.8,-1059478.8,1059478.8,2.1531997e-10,2.767575e-10,0.0,0.0,1.9876836e-10,2.6020588e-10,0.0,0.0,4.813706e-11,4.7973982e-11,4.696811e-11,4.7131188e-11,0.0,0.0,0.0,0.0,-4237915.0,-9.510517e-10,-1.9021035e-10,6.0692076e-11,-3.261588e-13,-2.0117452e-12,0.0,-0.00572625,-0.00572625,-0.0,0.0,-0.00572625,-0.00572625,-0.0,0.0,0.0,0.004162572,0.004162572,0.0,0.0,0.004162572,0.004162572,-0.0,-0.0,-0.0,-0.0,0.004162572,0.004162572,0.004162572,0.004162572,Uniaxial,0.7634999752044678
3.0338509366248205e-29,126535.7421875,2355.406005859375,0.0,0.9001628756523132,1.0534413341645177e-09,-0.00574125,0.004175434,0.004175434,9.5450025e-20,3.3881318e-20,-1.5299533e-20,-0.004604263,0.0039480366,0.0039480366,5.507763e-20,3.491721e-20,-9.464655e-21,1035810.7,-1035810.7,-1035810.7,1035810.7,1035810.7,-1035810.7,-1035810.7,1035810.7,1.006161e-11,7.1802946e-11,0.0,0.0,2.1177641e-11,8.291897e-11,0.0,0.0,6.46441e-11,6.3857676e-11,2.833648e-11,2.9122905e-11,0.0,0.0,0.0,0.0,-4143242.8,-1.8596116e-10,-1.8596116e-10,6.1299694e-11,-1.5728514e-12,-8.8594245e-12,-1e-45,-0.00574125,-0.00574125,-1e-45,-1e-45,-0.00574125,-0.00574125,-1e-45,0.0,0.0,0.004175434,0.004175434,0.0,0.0,0.004175434,0.004175434,-0.0,-0.0,-0.0,-0.0,0.004175434,0.004175434,0.004175434,0.004175434,Uniaxial,0.765500009059906
3.0338509366248205e-29,126597.1796875,2301.58544921875,0.0,0.9024441242218018,1.0534413341645177e-09,-0.00575625,0.004188296,0.004188296,9.756761e-20,3.261077e-20,-2.0805247e-20,-0.004619263,0.0039608986,0.0039608986,5.592795e-20,3.4871052e-20,-9.691607e-21,1012142.6,-1012142.6,-1012142.6,1012142.6,1012142.6,-1012142.6,-1012142.6,1012142.6,2.633255e-11,8.8313634e-11,0.0,0.0,2.5423639e-12,6.452344e-11,0.0,0.0,3.4842854e-11,3.3166105e-11,5.6013146e-11,5.768989e-11,0.0,0.0,0.0,0.0,-4048570.5,-1.8171199e-10,-1.8171199e-10,6.177919e-11,-3.3534967e-12,-1.648889e-11,0.0,-0.00575625,-0.00575625,0.0,0.0,-0.00575625,-0.00575625,0.0,-0.0,-0.0,0.004188296,0.004188296,-0.0,-0.0,0.004188296,0.004188296,-0.0,-0.0,-0.0,-0.0,0.004188296,0.004188296,0.004188296,0.004188296,Uniaxial,0.7674999833106995
4.3822290972440125e-29,126657.1953125,2247.764892578125,0.0,0.9047253727912903,1.0534413341645177e-09,-0.00577125,0.0042011584,0.0042011584,9.968519e-20,3.1763736e-20,-2.038173e-20,-0.0046342635,0.0039737606,0.0039737606,5.6803636e-20,3.4808865e-20,-9.905541e-21,988474.56,-988474.56,-988474.56,988474.56,988474.56,-988474.56,-988474.56,988474.56,-3.1679717e-10,-2.5463867e-10,0.0,0.0,-2.7774977e-10,-2.1559128e-10,0.0,0.0,-8.383342e-11,-8.6039564e-11,-9.36294e-11,-9.142325e-11,0.0,0.0,0.0,0.0,-3953898.2,1.0647769e-09,3.5492564e-10,6.213401e-11,-4.4122982e-12,-1.5179665e-11,-1e-45,-0.00577125,-0.00577125,-1e-45,-1e-45,-0.00577125,-0.00577125,-1e-45,-0.0,-0.0,0.0042011584,0.0042011584,-0.0,-0.0,0.0042011584,0.0042011584,-0.0,-0.0,-0.0,-0.0,0.0042011584,0.0042011584,0.0042011584,0.0042011584,Uniaxial,0.7695000171661377
4.3822290972440125e-29,126715.796875,2193.9443359375,0.0,0.9070066213607788,1.0534413341645177e-09,-0.00578625,0.0042140204,0.0042140204,1.0180277e-19,3.2187252e-20,-1.6570082e-20,-0.0046492633,0.003986623,0.003986623,5.770417e-20,3.47564e-20,-1.0038914e-20,964806.5,-964806.5,-964806.5,964806.5,964806.5,-964806.5,-964806.5,964806.5,-2.2536066e-10,-1.6308542e-10,0.0,0.0,-1.8334187e-10,-1.2106663e-10,0.0,0.0,3.217586e-12,1.4008448e-12,-3.217586e-12,-1.4008448e-12,0.0,0.0,0.0,0.0,-3859226.0,6.9285455e-10,0.0,6.236751e-11,-3.6334824e-12,-9.236861e-12,-1e-45,-0.00578625,-0.00578625,-1e-45,-1e-45,-0.00578625,-0.00578625,-1e-45,-0.0,-0.0,0.0042140204,0.0042140204,-0.0,-0.0,0.0042140204,0.0042140204,-0.0,-0.0,-0.0,-0.0,0.0042140204,0.0042140204,0.0042140204,0.0042140204,Uniaxial,0.7714999914169312
2.696756321238384e-29,126773.1484375,2153.0498046875,0.0,0.9087399840354919,1.0534413341645177e-09,-0.00580125,0.0042268825,0.0042268825,1.03920355e-19,3.2187252e-20,-1.0640851e-20,-0.004664263,0.003999485,0.003999485,5.862907e-20,3.4704986e-20,-1.005096e-20,946822.8,-946822.8,-946822.8,946822.8,946822.8,-946822.8,-946822.8,946822.8,-2.4353738e-10,-1.9656148e-10,0.0,0.0,-2.28401e-10,-1.814251e-10,0.0,0.0,-9.945996e-11,-1.0120716e-10,-7.052504e-11,-6.877784e-11,0.0,0.0,0.0,0.0,-3787291.2,8.4992496e-10,3.3997e-10,6.286034e-11,-3.4943962e-12,-8.1871706e-13,-1e-45,-0.00580125,-0.00580125,-1e-45,-1e-45,-0.00580125,-0.00580125,-1e-45,-0.0,-0.0,0.0042268825,0.0042268825,-0.0,-0.0,0.0042268825,0.0042268825,0.0,0.0,0.0,0.0,0.0042268825,0.0042268825,0.0042268825,0.0042268825,Uniaxial,0.7735000252723694
3.7080401673976934e-29,126829.953125,2153.0498046875,0.0,0.9087399840354919,1.0534413341645177e-09,-0.00581625,0.0042397445,0.0042397445,1.0180277e-19,3.2187252e-20,-3.0175549e-21,-0.004679263,0.004012347,0.004012347,5.949307e-20,3.4654603e-20,-9.910205e-21,946822.8,-946822.8,-946822.8,946822.8,946822.8,-946822.8,-946822.8,946822.8,-2.1037574e-10,-1.6546893e-10,0.0,0.0,-1.7450107e-10,-1.2959424e-10,0.0,0.0,-1.7081225e-11,-1.8793458e-11,1.7081225e-11,1.8793458e-11,0.0,0.0,0.0,0.0,-3787291.2,6.7994e-10,0.0,5.872216e-11,-3.4244651e-12,9.566396e-12,0.0,-0.00581625,-0.00581625,0.0,0.0,-0.00581625,-0.00581625,0.0,-0.0,-0.0,0.0042397445,0.0042397445,-0.0,-0.0,0.0042397445,0.0042397445,0.0,0.0,0.0,0.0,0.0042397445,0.0042397445,0.0042397445,0.0042397445,Uniaxial,0.7754999995231628
1.6854727760056285e-29,126886.765625,2153.0498046875,0.0,0.9087399840354919,1.0534413341645177e-09,-0.00583125,0.0042526065,0.0042526065,9.7991124e-20,3.261077e-20,7.1468405e-21,-0.0046942635,0.004025209,0.004025209,6.0263513e-20,3.46137e-20,-9.568854e-21,946822.8,-946822.8,-946822.8,946822.8,946822.8,-946822.8,-946822.8,946822.8,-2.1219425e-10,-1.5492145e-10,0.0,0.0,-1.8504855e-10,-1.2777575e-10,0.0,0.0,1.2238374e-10,1.209938e-10,1.3259376e-10,1.339837e-10,0.0,0.0,0.0,0.0,-3787291.2,6.7994e-10,-5.0995497e-10,5.2362625e-11,-2.779893e-12,2.3199921e-11,-1e-45,-0.00583125,-0.00583125,-1e-45,-1e-45,-0.00583125,-0.00583125,-1e-45,-0.0,-0.0,0.0042526065,0.0042526065,-0.0,-0.0,0.0042526065,0.0042526065,0.0,0.0,0.0,0.0,0.0042526065,0.0042526065,0.0042526065,0.0042526065,Uniaxial,0.7774999737739563
3.0338509366248205e-29,126943.5703125,2153.0498046875,0.0,0.9087399840354919,1.0534413341645177e-09,-0.00584625,0.0042654686,0.0042654686,9.714409e-20,3.3034285e-20,1.6464203e-20,-0.0047092633,0.0040380713,0.0040380713,6.100158e-20,3.4582092e-20,-9.047871e-21,946822.8,-946822.8,-946822.8,946822.8,946822.8,-946822.8,-946822.8,946822.8,-7.166191e-11,-1.5489107e-11,0.0,0.0,-6.950339e-11,-1.3330585e-11,0.0,0.0,1.03627926e-10,1.0255382e-10,1.5134957e-10,1.5242367e-10,0.0,0.0,0.0,0.0,-3787291.2,1.69985e-10,-5.0995497e-10,5.0162645e-11,-2.1482204e-12,3.5408527e-11,1e-45,-0.00584625,-0.00584625,1e-45,1e-45,-0.00584625,-0.00584625,1e-45,-0.0,-0.0,0.0042654686,0.0042654686,-0.0,-0.0,0.0042654686,0.0042654686,0.0,0.0,0.0,0.0,0.0042654686,0.0042654686,0.0042654686,0.0042654686,Uniaxial,0.7795000076293945
4.3822290972440125e-29,127000.3828125,2153.0498046875,0.0,0.9087399840354919,1.0534413341645177e-09,-0.00586125,0.004278331,0.004278331,9.714409e-20,3.3034285e-20,2.3240466e-20,-0.004724263,0.0040509338,0.0040509338,6.1724876e-20,3.4551118e-20,-8.401706e-21,946822.8,-946822.8,-946822.8,946822.8,946822.8,-946822.8,-946822.8,946822.8,-1.4712569e-10,-9.1454816e-11,0.0,0.0,-7.8530175e-11,-2.2859306e-11,0.0,0.0,7.4539666e-11,7.348705e-11,9.544533e-11,9.649795e-11,0.0,0.0,0.0,0.0,-3787291.2,3.3997e-10,-3.3997e-10,4.9158774e-11,-2.1052296e-12,4.391657e-11,-0.0,-0.00586125,-0.00586125,-0.0,-0.0,-0.00586125,-0.00586125,-0.0,0.0,0.0,0.004278331,0.004278331,0.0,0.0,0.004278331,0.004278331,0.0,0.0,0.0,0.0,0.004278331,0.004278331,0.004278331,0.004278331,Uniaxial,0.781499981880188
1.6854727760056285e-29,127057.1953125,2153.0498046875,0.0,0.9087399840354919,1.0534413341645177e-09,-0.00587625,0.004291193,0.004291193,9.841464e-20,3.4304834e-20,2.747563e-20,-0.004739263,0.004063796,0.004063796,6.245912e-20,3.4546187e-20,-7.683716e-21,946822.8,-946822.8,-946822.8,946822.8,946822.8,-946822.8,-946822.8,946822.8,-3.2448173e-11,2.3594867e-11,0.0,0.0,-2.3594867e-11,3.2448173e-11,0.0,0.0,-1.211578e-11,-1.2283269e-11,1.211578e-11,1.2283269e-11,0.0,0.0,0.0,0.0,-3787291.2,0.0,0.0,4.9903113e-11,-3.3497754e-13,4.8798098e-11,1e-45,-0.00587625,-0.00587625,1e-45,1e-45,-0.00587625,-0.00587625,1e-45,-0.0,-0.0,0.004291193,0.004291193,-0.0,-0.0,0.004291193,0.004291193,0.0,0.0,0.0,0.0,0.004291193,0.004291193,0.004291193,0.004291193,Uniaxial,0.7835000157356262
1.6854727760056285e-29,127114.0,2153.0498046875,0.0,0.9087399840354919,1.0534413341645177e-09,-0.00589125,0.004304055,0.004304055,1.0053222e-19,3.472835e-20,2.6628598e-20,-0.0047542634,0.004076658,0.004076658,6.322105e-20,3.4549835e-20,-6.9970465e-21,946822.8,-946822.8,-946822.8,946822.8,946822.8,-946822.8,-946822.8,946822.8,3.706036e-11,9.404417e-11,0.0,0.0,7.594083e-11,1.3292463e-10,0.0,0.0,7.3263194e-11,7.3387074e-11,9.6721804e-11,9.659792e-11,0.0,0.0,0.0,0.0,-3787291.2,-3.3997e-10,-3.3997e-10,5.1784636e-11,2.4776662e-13,4.6669453e-11,0.0,-0.00589125,-0.00589125,0.0,0.0,-0.00589125,-0.00589125,0.0,0.0,0.0,0.004304055,0.004304055,0.0,0.0,0.004304055,0.004304055,0.0,0.0,0.0,0.0,0.004304055,0.004304055,0.004304055,0.004304055,Uniaxial,0.7854999899864197
1.6854727760056285e-29,127170.8125,2153.0498046875,0.0,0.9087399840354919,1.0534413341645177e-09,-0.00590625,0.004316917,0.004316917,1.0307332e-19,3.5575384e-20,2.15464e-20,-0.0047692633,0.00408952,0.00408952,6.401859e-20,3.4570356e-20,-6.4258254e-21,946822.8,-946822.8,-946822.8,946822.8,946822.8,-946822.8,-946822.8,946822.8,-4.079252e-12,5.4114508e-11,0.0,0.0,3.087799e-11,8.907175e-11,0.0,0.0,3.2441775e-11,3.313922e-11,5.255072e-11,5.185328e-11,0.0,0.0,0.0,0.0,-3787291.2,-1.69985e-10,-1.69985e-10,5.4204547e-11,1.3948892e-12,3.8823e-11,1e-45,-0.00590625,-0.00590625,1e-45,1e-45,-0.00590625,-0.00590625,1e-45,0.0,0.0,0.004316917,0.004316917,0.0,0.0,0.004316917,0.004316917,0.0,0.0,0.0,0.0,0.004316917,0.004316917,0.004316917,0.004316917,Uniaxial,0.7875000238418579
1.6854727760056285e-29,127227.6171875,2153.0498046875,0.0,0.9087399840354919,1.0534413341645177e-09,-0.00592125,0.004329779,0.004329779,1.0603794e-19,3.59989e-20,1.6040686e-20,-0.004784263,0.004102382,0.004102382,6.48595e-20,3.4598946e-20,-5.9762176e-21,946822.8,-946822.8,-946822.8,946822.8,946822.8,-946822.8,-946822.8,946822.8,-2.7497663e-12,5.6917755e-11,0.0,0.0,2.8074744e-11,8.7742265e-11,0.0,0.0,3.437111e-11,3.5342618e-11,5.0621386e-11,4.9649878e-11,0.0,0.0,0.0,0.0,-3787291.2,-1.69985e-10,-1.69985e-10,5.715207e-11,1.9430145e-12,3.0557536e-11,1e-45,-0.00592125,-0.00592125,1e-45,1e-45,-0.00592125,-0.00592125,1e-45,0.0,0.0,0.004329779,0.004329779,0.0,0.0,0.004329779,0.004329779,0.0,0.0,0.0,0.0,0.004329779,0.004329779,0.004329779,0.004329779,Uniaxial,0.7894999980926514
1.6854727760056285e-29,127284.4296875,2153.0498046875,0.0,0.9087399840354919,1.0534413341645177e-09,-0.00593625,0.004342641,0.004342641,1.0942607e-19,3.6422417e-20,9.264423e-21,-0.004799263,0.004115244,0.004115244,6.575138e-20,3.463544e-20,-5.6712165e-21,946822.8,-946822.8,-946822.8,946822.8,946822.8,-946822.8,-946822.8,946822.8,4.133738e-11,1.02737194e-10,0.0,0.0,6.7247805e-11,1.2864762e-10,0.0,0.0,-9.079488e-11,-8.9554794e-11,-7.919011e-11,-8.04302e-11,0.0,0.0,0.0,0.0,-3787291.2,-3.3997e-10,3.3997e-10,6.061665e-11,2.4801708e-12,2.0729361e-11,0.0,-0.00593625,-0.00593625,0.0,0.0,-0.00593625,-0.00593625,0.0,0.0,0.0,0.004342641,0.004342641,0.0,0.0,0.004342641,0.004342641,-0.0,-0.0,-0.0,-0.0,0.004342641,0.004342641,0.004342641,0.004342641,Uniaxial,0.7914999723434448
6.404796789562631e-29,127341.2421875,2153.0498046875,0.0,0.9087399840354919,1.0534413341645177e-09,-0.00595125,0.0043555037,0.0043555037,1.128142e-19,3.726945e-20,3.7587087e-21,-0.0048142634,0.0041281064,0.0041281064,6.6693214e-20,3.4688152e-20,-5.482502e-21,946822.8,-946822.8,-946822.8,946822.8,946822.8,-946822.8,-946822.8,946822.8,5.8010156e-11,1.3665333e-10,0.0,0.0,3.3331667e-11,1.1197484e-10,0.0,0.0,-6.2144144e-11,-6.0352834e-11,-2.2848353e-11,-2.4639664e-11,0.0,0.0,0.0,0.0,-3787291.2,-3.3997e-10,1.69985e-10,6.401189e-11,3.5826177e-12,1.2825991e-11,-0.0,-0.00595125,-0.00595125,-0.0,-0.0,-0.00595125,-0.00595125,-0.0,0.0,0.0,0.0043555037,0.0043555037,0.0,0.0,0.0043555037,0.0043555037,-0.0,-0.0,-0.0,-0.0,0.0043555037,0.0043555037,0.0043555037,0.0043555037,Uniaxial,0.7935000061988831
4.04513478278413e-29,127398.046875,2153.0498046875,0.0,0.9087399840354919,1.0534413341645177e-09,-0.00596625,0.0043683657,0.0043683657,1.2001398e-19,3.6845933e-20,3.7057691e-22,-0.0048292633,0.0041409684,0.0041409684,6.776029e-20,3.4731333e-20,-5.365368e-21,946822.8,-946822.8,-946822.8,946822.8,946822.8,-946822.8,-946822.8,946822.8,1.1877238e-10,2.0167137e-10,0.0,0.0,1.3829861e-10,2.2119762e-10,0.0,0.0,-2.7239675e-12,-1.2565272e-12,2.7239675e-12,1.2565272e-12,0.0,0.0,0.0,0.0,-3787291.2,-6.7994e-10,0.0,7.252355e-11,2.9348806e-12,7.9609895e-12,3e-45,-0.00596625,-0.00596625,3e-45,3e-45,-0.00596625,-0.00596625,3e-45,0.0,0.0,0.0043683657,0.0043683657,0.0,0.0,0.0043683657,0.0043683657,0.0,0.0,0.0,0.0,0.0043683657,0.0043683657,0.0043683657,0.0043683657,Uniaxial,0.7954999804496765
6.404796789562631e-29,127454.859375,2153.0498046875,0.0,0.9087399840354919,1.0534413341645177e-09,-0.00598125,0.004381228,0.004381228,1.280608e-19,3.6422417e-20,-8.999725e-22,-0.004844263,0.0041538305,0.0041538305,6.896704e-20,3.4765177e-20,-5.276005e-21,946822.8,-946822.8,-946822.8,946822.8,946822.8,-946822.8,-946822.8,946822.8,5.5197e-11,1.4284271e-10,0.0,0.0,2.7142292e-11,1.1478799e-10,0.0,0.0,-1.0263165e-10,-1.014816e-10,-6.735334e-11,-6.85034e-11,0.0,0.0,0.0,0.0,-3787291.2,-3.3997e-10,3.3997e-10,8.2016956e-11,2.3001063e-12,6.07355e-12,-0.0,-0.00598125,-0.00598125,-0.0,-0.0,-0.00598125,-0.00598125,-0.0,0.0,0.0,0.004381228,0.004381228,0.0,0.0,0.004381228,0.004381228,-0.0,-0.0,-0.0,-0.0,0.004381228,0.004381228,0.004381228,0.004381228,Uniaxial,0.7975000143051147
5.393512642476768e-29,127511.6640625,2153.0498046875,0.0,0.9087399840354919,1.0534413341645177e-09,-0.00599625,0.00439409,0.00439409,1.3610761e-19,3.59989e-20,-1.323489e-21,-0.004859263,0.0041666925,0.0041666925,7.031069e-20,3.4789866e-20,-5.196906e-21,946822.8,-946822.8,-946822.8,946822.8,946822.8,-946822.8,-946822.8,946822.8,-9.776182e-11,-5.464405e-12,0.0,0.0,-7.952809e-11,1.27693195e-11,0.0,0.0,-2.2979049e-10,-2.2895147e-10,-1.95172e-10,-1.9601103e-10,0.0,0.0,0.0,0.0,-3787291.2,1.69985e-10,8.4992496e-10,9.132037e-11,1.6780354e-12,5.3759636e-12,-1e-45,-0.00599625,-0.00599625,-1e-45,-1e-45,-0.00599625,-0.00599625,-1e-45,0.0,0.0,0.00439409,0.00439409,-0.0,-0.0,0.00439409,0.00439409,-0.0,-0.0,-0.0,-0.0,0.00439409,0.00439409,0.00439409,0.00439409,Uniaxial,0.7994999885559082
5.056418328016885e-29,127474.8984375,2116.2822265625,0.0,0.9087399840354919,1.0534413341645177e-09,-0.0059865,0.00439214,0.00439214,1.3589585e-19,3.5363626e-20,2.5358049e-20,-0.004859263,0.0041666925,0.0041666925,7.031069e-20,3.4789866e-20,-5.196906e-21,938703.56,-938703.56,-938703.56,938703.56,938703.56,-938703.56,-938703.56,938703.56,-6.159881e-11,3.0551648e-11,0.0,0.0,-9.303525e-12,8.284694e-11,0.0,0.0,-1.0800983e-11,-1.0402818e-11,1.0800983e-11,1.0402818e-11,0.0,0.0,0.0,0.0,-3754814.2,-4.249625e-11,0.0,9.102647e-11,7.963297e-13,4.2407605e-11,2.9656336e-33,-0.0059865,-0.0059865,2.9656336e-33,2.9656336e-33,-0.0059865,-0.0059865,2.9656336e-33,7.414084e-33,7.414084e-33,0.00439214,0.00439214,7.414084e-33,7.414084e-33,0.00439214,0.00439214,7.414084e-33,7.414084e-33,7.414084e-33,7.414084e-33,0.00439214,0.00439214,0.00439214,0.00439214,Uniaxial,0.8015000224113464
2.696756321238384e-29,127407.8515625,2049.235107421875,0.0,0.9087399840354919,1.0534413341645177e-09,-0.0059685,0.00438854,0.00438854,1.371664e-19,3.4093076e-20,-1.25466755e-20,-0.004859263,0.0041666925,0.0041666925,7.031069e-20,3.4789866e-20,-5.196906e-21,923714.06,-923714.06,-923714.06,923714.06,923714.06,-923714.06,-923714.06,923714.06,-3.9044195e-11,3.8442232e-11,0.0,0.0,-5.969036e-11,1.779607e-11,0.0,0.0,-4.9808916e-12,1.008131e-11,4.9808916e-12,-1.008131e-11,0.0,0.0,0.0,0.0,-3694856.2,4.249625e-11,0.0,9.278988e-11,-9.670818e-13,-1.0200838e-11,6.870167e-33,-0.0059685,-0.0059685,6.870167e-33,6.870167e-33,-0.0059685,-0.0059685,6.870167e-33,-0.0,-0.0,0.00438854,0.00438854,-0.0,-0.0,0.00438854,0.00438854,-0.0,-0.0,0.0,0.0,0.00438854,0.00438854,0.00438854,0.00438854,Uniaxial,0.8034999966621399
5.393512642476768e-29,127341.8828125,1983.267333984375,0.0,0.9087399840354919,1.0534413341645177e-09,-0.0059505,0.00438494,0.00438494,9.735585e-20,7.602121e-20,1.3499588e-20,-0.004859263,0.0041666925,0.0041666925,7.031069e-20,3.4789866e-20,-5.196906e-21,908724.6,-908724.6,-908724.6,908724.6,908724.6,-908724.6,-908724.6,908724.6,-2.5714715e-11,3.9690674e-11,0.0,0.0,2.8055759e-12,6.8210965e-11,0.0,0.0,-3.633939e-11,7.8190995e-12,3.633939e-11,-7.8190995e-12,0.0,0.0,0.0,0.0,-3634898.5,-8.49925e-11,0.0,3.753632e-11,5.7225495e-11,2.5949097e-11,-1e-45,-0.0059505,-0.0059505,-1e-45,-1e-45,-0.0059505,-0.0059505,-1e-45,-0.0,-0.0,0.00438494,0.00438494,-0.0,-0.0,0.00438494,0.00438494,-0.0,-0.0,-0.0,-0.0,0.00438494,0.00438494,0.00438494,0.00438494,Uniaxial,0.8054999709129333
9.438647425260898e-29,127276.9921875,1918.3787841796875,0.0,0.9087399840354919,1.0534413341645177e-09,-0.0059325,0.00438134,0.00438134,1.4966013e-19,6.246868e-20,5.0239642e-20,-0.004859263,0.0041666925,0.0041666925,7.031069e-20,3.4789866e-20,-5.196906e-21,893735.2,-893735.2,-893735.2,893735.2,893735.2,-893735.2,-893735.2,893735.2,-6.4384026e-11,3.731825e-11,0.0,0.0,5.1779995e-12,1.06880275e-10,0.0,0.0,-6.770357e-11,-1.7404198e-11,6.770357e-11,1.7404198e-11,0.0,0.0,0.0,0.0,-3574940.8,-8.49925e-11,0.0,1.1013009e-10,3.8415774e-11,7.694108e-11,1e-45,-0.0059325,-0.0059325,0.0,1e-45,-0.0059325,-0.0059325,1e-45,0.0,-0.0,0.00438134,0.00438134,0.0,-0.0,0.00438134,0.00438134,-0.0,0.0,0.0,-0.0,0.00438134,0.00438134,0.00438134,0.00438134,Uniaxial,0.8075000047683716
8.427363880028142e-29,127213.1875,1854.5694580078125,0.0,0.9087399840354919,1.0534413341645177e-09,-0.0059145,0.00437774,0.00437774,1.4394266e-19,9.83617e-20,4.2404587e-20,-0.004859263,0.0041666925,0.0041666925,7.031069e-20,3.4789866e-20,-5.196906e-21,878745.7,-878745.7,-878745.7,878745.7,878745.7,-878745.7,-878745.7,878745.7,-1.3119884e-10,-1.7918498e-11,0.0,0.0,-6.7074e-11,4.620634e-11,0.0,0.0,-8.8843835e-11,-1.3636275e-11,3.8513355e-12,-7.135622e-11,0.0,0.0,0.0,0.0,-3514982.8,1.69985e-10,1.69985e-10,1.0219474e-10,8.8232144e-11,6.606671e-11,-0.0,-0.0059145,-0.0059145,-0.0,-1e-45,-0.0059145,-0.0059145,-0.0,0.0,0.0,0.00437774,0.00437774,0.0,0.0,0.00437774,0.00437774,0.0,0.0,0.0,0.0,0.00437774,0.00437774,0.00437774,0.00437774,Uniaxial,0.809499979019165
1.0787025284953536e-28,127150.453125,1791.83935546875,0.0,0.9087399840354919,1.0534413341645177e-09,-0.0058965,0.00437414,0.00437414,1.777181e-19,8.322099e-20,7.040961e-21,-0.004859263,0.0041666925,0.0041666925,7.031069e-20,3.4789866e-20,-5.196906e-21,863756.25,-863756.25,-863756.25,863756.25,863756.25,-863756.25,-863756.25,863756.25,-7.7527464e-11,5.9191554e-11,0.0,0.0,-3.7943433e-11,9.8775585e-11,0.0,0.0,-9.646048e-12,7.060026e-11,9.463855e-11,1.4392239e-11,0.0,0.0,0.0,0.0,-3455025.0,-4.249625e-11,-1.69985e-10,1.4907209e-10,6.721816e-11,1.6985089e-11,-0.0,-0.0058965,-0.0058965,-0.0,-0.0,-0.0058965,-0.0058965,-0.0,-0.0,-0.0,0.00437414,0.00437414,-0.0,-0.0,0.00437414,0.00437414,-0.0,-0.0,-0.0,-0.0,0.00437414,0.00437414,0.00437414,0.00437414,Uniaxial,0.8115000128746033
1.17983094320394e-28,127088.8046875,1730.1885986328125,0.0,0.9087399840354919,1.0534413341645177e-09,-0.0058785,0.00437054,0.00437054,1.6522436e-19,1.1985516e-19,4.695739e-20,-0.004859263,0.0041666925,0.0041666925,7.031069e-20,3.4789866e-20,-5.196906e-21,848766.8,-848766.8,-848766.8,848766.8,848766.8,-848766.8,-848766.8,848766.8,-9.235457e-11,3.5694343e-11,0.0,0.0,-2.5070283e-11,1.02978626e-10,0.0,0.0,-8.6476555e-11,1.919227e-11,8.6476555e-11,-1.919227e-11,0.0,0.0,0.0,0.0,-3395067.2,-2.1248125e-11,0.0,1.3173188e-10,1.1806318e-10,7.23856e-11,1e-45,-0.0058785,-0.0058785,1e-45,1e-45,-0.0058785,-0.0058785,1e-45,0.0,0.0,0.00437054,0.00437054,0.0,0.0,0.00437054,0.00437054,0.0,0.0,0.0,0.0,0.00437054,0.00437054,0.00437054,0.00437054,Uniaxial,0.8134999871253967
9.438647425260898e-29,127028.234375,1669.616943359375,0.0,0.9087399840354919,1.0534413341645177e-09,-0.0058605,0.00436694,0.00436694,1.5929513e-19,1.0725555e-19,3.1499038e-20,-0.004859263,0.0041666925,0.0041666925,7.031069e-20,3.4789866e-20,-5.196906e-21,833777.4,-833777.4,-833777.4,833777.4,833777.4,-833777.4,-833777.4,833777.4,-2.6891551e-11,9.7042735e-11,0.0,0.0,-1.4261722e-12,1.2250811e-10,0.0,0.0,-2.6471932e-11,7.045331e-11,1.1146443e-10,1.453919e-11,0.0,0.0,0.0,0.0,-3335109.5,-1.9123313e-10,-1.69985e-10,1.2350262e-10,1.0057603e-10,5.093076e-11,-1e-45,-0.0058605,-0.0058605,-1e-45,-1e-45,-0.0058605,-0.0058605,-1e-45,-0.0,-0.0,0.00436694,0.00436694,-0.0,-0.0,0.00436694,0.00436694,-0.0,-0.0,-0.0,-0.0,0.00436694,0.00436694,0.00436694,0.00436694,Uniaxial,0.815500020980835
9.101553110801015e-29,126968.7421875,1610.1246337890625,0.0,0.9087399840354919,1.0534413341645177e-09,-0.0058425,0.00436334,0.00436334,1.5887162e-19,1.00479283e-19,-2.5887444e-20,-0.004859263,0.0041666925,0.0041666925,7.031069e-20,3.4789866e-20,-5.196906e-21,818787.9,-818787.9,-818787.9,818787.9,818787.9,-818787.9,-818787.9,818787.9,-7.057712e-11,5.3063262e-11,0.0,0.0,-8.493545e-11,3.8704935e-11,0.0,0.0,-6.018037e-11,3.2042445e-11,1.7684116e-11,-7.4538695e-11,0.0,0.0,0.0,0.0,-3275151.5,6.374437e-11,8.49925e-11,1.2291483e-10,9.117117e-11,-2.8716658e-11,1e-45,-0.0058425,-0.0058425,1e-45,1e-45,-0.0058425,-0.0058425,1e-45,0.0,0.0,0.00436334,0.00436334,0.0,0.0,0.00436334,0.00436334,0.0,0.0,0.0,0.0,0.00436334,0.00436334,0.00436334,0.00436334,Uniaxial,0.8174999952316284
7.078985418482397e-29,126910.328125,1551.7115478515625,0.0,0.9087399840354919,1.0534413341645177e-09,-0.0058245,0.00435974,0.00435974,1.5993041e-19,1.0174983e-19,1.7470055e-21,-0.004859263,0.0041666925,0.0041666925,7.031069e-20,3.4789866e-20,-5.196906e-21,803798.44,-803798.44,-803798.44,803798.44,803798.44,-803798.44,-803798.44,803798.44,-4.866086e-11,7.5714275e-11,0.0,0.0,-4.384209e-11,8.0533046e-11,0.0,0.0,-2.7713519e-11,4.9845253e-11,7.020977e-11,-7.349006e-12,0.0,0.0,0.0,0.0,-3215193.8,-6.374437e-11,-8.49925e-11,1.2438434e-10,9.293458e-11,9.637542e-12,-0.0,-0.0058245,-0.0058245,-0.0,-0.0,-0.0058245,-0.0058245,-0.0,-0.0,-0.0,0.00435974,0.00435974,-0.0,-0.0,0.00435974,0.00435974,-0.0,-0.0,-0.0,-0.0,0.00435974,0.00435974,0.00435974,0.00435974,Uniaxial,0.8195000290870667
7.078985418482397e-29,126852.9921875,1494.377685546875,0.0,0.9087399840354919,1.0534413341645177e-09,-0.0058065,0.00435614,0.00435614,1.5961277e-19,6.1939284e-20,-2.4405137e-20,-0.004859263,0.0041666925,0.0041666925,7.031069e-20,3.4789866e-20,-5.196906e-21,788809.0,-788809.0,-788809.0,788809.0,788809.0,-788809.0,-788809.0,788809.0,-2.3540333e-11,1.0061438e-10,0.0,0.0,-3.6870004e-11,8.728471e-11,0.0,0.0,1.6422216e-11,6.6354214e-11,6.857028e-11,1.8638287e-11,0.0,0.0,0.0,0.0,-3155236.0,-1.2748874e-10,-1.69985e-10,1.2394348e-10,3.7681018e-11,-2.6659343e-11,-1e-45,-0.0058065,-0.0058065,-1e-45,-1e-45,-0.0058065,-0.0058065,-1e-45,-0.0,-0.0,0.00435614,0.00435614,0.0,0.0,0.00435614,0.00435614,-0.0,0.0,0.0,-0.0,0.00435614,0.00435614,0.00435614,0.00435614,Uniaxial,0.8215000033378601
7.078985418482397e-29,126796.7421875,1438.123046875,0.0,0.9087399840354919,1.0534413341645177e-09,-0.0057885,0.00435254,0.00435254,1.6035392e-19,7.358599e-20,3.0175549e-21,-0.004859263,0.0041666925,0.0041666925,7.031069e-20,3.4789866e-20,-5.196906e-21,773819.5,-773819.5,-773819.5,773819.5,773819.5,-773819.5,-773819.5,773819.5,-1.7376477e-11,1.07292564e-10,0.0,0.0,-1.1676001e-11,1.1299304e-10,0.0,0.0,1.8411734e-11,7.642603e-11,6.658076e-11,8.566468e-12,0.0,0.0,0.0,0.0,-3095278.0,-1.9123313e-10,-1.69985e-10,1.2497214e-10,5.3845622e-11,1.1400953e-11,1e-45,-0.0057885,-0.0057885,1e-45,1e-45,-0.0057885,-0.0057885,1e-45,0.0,0.0,0.00435254,0.00435254,-0.0,-0.0,0.00435254,0.00435254,0.0,-0.0,-0.0,-0.0,0.00435254,0.00435254,0.00435254,0.00435254,Uniaxial,0.8234999775886536
8.427363880028142e-29,126741.5625,1382.9476318359375,0.0,0.9087399840354919,1.0534413341645177e-09,-0.0057705,0.0043489398,0.0043489398,1.5971865e-19,8.015049e-20,7.040961e-21,-0.004859263,0.0041666925,0.0041666925,7.031069e-20,3.4789866e-20,-5.196906e-21,758830.06,-758830.06,-758830.06,758830.06,758830.06,-758830.06,-758830.06,758830.06,-7.128204e-11,5.294614e-11,0.0,0.0,-3.1698016e-11,9.253017e-11,0.0,0.0,-2.7758289e-11,3.4811487e-11,2.7758289e-11,-3.4811487e-11,0.0,0.0,0.0,0.0,-3035320.2,-4.249625e-11,0.0,1.2409043e-10,6.2956584e-11,1.6985089e-11,-0.0,-0.0057705,-0.0057705,-0.0,-0.0,-0.0057705,-0.0057705,-0.0,0.0,0.0,0.0043489398,0.0043489398,0.0,0.0,0.0043489398,0.0043489398,0.0,0.0,0.0,0.0,0.0043489398,0.0043489398,0.0043489398,0.0043489398,Uniaxial,0.8255000114440918
1.1124120803119634e-28,126687.46875,1328.8514404296875,0.0,0.9087399840354919,1.0534413341645177e-09,-0.0057525,0.0043453397,0.0043453397,1.5950689e-19,8.0997526e-20,-1.4876016e-20,-0.004859263,0.0041666925,0.0041666925,7.031069e-20,3.4789866e-20,-5.196906e-21,743840.6,-743840.6,-743840.6,743840.6,743840.6,-743840.6,-743840.6,743840.6,-6.4018647e-13,1.2344105e-10,0.0,0.0,-3.844855e-11,8.563268e-11,0.0,0.0,-9.042715e-12,5.4114865e-11,9.403521e-11,3.0877634e-11,0.0,0.0,0.0,0.0,-2975362.5,-1.69985e-10,-1.69985e-10,1.2379653e-10,6.413219e-11,-1.34337584e-11,1e-45,-0.0057525,-0.0057525,1e-45,1e-45,-0.0057525,-0.0057525,1e-45,-0.0,-0.0,0.0043453397,0.0043453397,-0.0,-0.0,0.0043453397,0.0043453397,-0.0,-0.0,-0.0,-0.0,0.0043453397,0.0043453397,0.0043453397,0.0043453397,Uniaxial,0.8274999856948853
7.078985418482397e-29,126634.453125,1275.8345947265625,0.0,0.9087399840354919,1.0534413341645177e-09,-0.0057345,0.0043417397,0.0043417397,1.604598e-19,7.919758e-20,3.864588e-21,-0.004859263,0.0041666925,0.0041666925,7.031069e-20,3.4789866e-20,-5.196906e-21,728851.2,-728851.2,-728851.2,728851.2,728851.2,-728851.2,-728851.2,728851.2,-3.8955242e-11,8.578727e-11,0.0,0.0,-3.2666963e-11,9.2075556e-11,0.0,0.0,-5.077393e-12,5.6831106e-11,4.7573643e-11,-1.4334855e-11,0.0,0.0,0.0,0.0,-2915404.8,-1.0624062e-10,-8.49925e-11,1.251191e-10,6.1634024e-11,1.25765605e-11,-1e-45,-0.0057345,-0.0057345,-1e-45,-1e-45,-0.0057345,-0.0057345,-1e-45,0.0,0.0,0.0043417397,0.0043417397,-0.0,-0.0,0.0043417397,0.0043417397,0.0,0.0,0.0,0.0,0.0043417397,0.0043417397,0.0043417397,0.0043417397,Uniaxial,0.8295000195503235
8.427363880028142e-29,126582.515625,1223.8968505859375,0.0,0.9087399840354919,1.0534413341645177e-09,-0.0057165,0.0043381397,0.0043381397,1.5982453e-19,7.919758e-20,6.617445e-21,-0.004859263,0.0041666925,0.0041666925,7.031069e-20,3.4789866e-20,-5.196906e-21,713861.7,-713861.7,-713861.7,713861.7,713861.7,-713861.7,-713861.7,713861.7,-8.7107925e-11,3.7193734e-11,0.0,0.0,-4.78178e-11,7.648386e-11,0.0,0.0,-2.7280699e-11,3.4627797e-11,2.7280699e-11,-3.4627797e-11,0.0,0.0,0.0,0.0,-2855446.8,2.1248125e-11,0.0,1.2423738e-10,6.1634024e-11,1.6397285e-11,-1e-45,-0.0057165,-0.0057165,-1e-45,-1e-45,-0.0057165,-0.0057165,-1e-45,-0.0,-0.0,0.0043381397,0.0043381397,0.0,0.0,0.0043381397,0.0043381397,-0.0,-0.0,-0.0,-0.0,0.0043381397,0.0043381397,0.0043381397,0.0043381397,Uniaxial,0.8314999938011169
1.1124120803119634e-28,126531.65625,1173.0384521484375,0.0,0.9087399840354919,1.0534413341645177e-09,-0.0056985,0.0043345396,0.0043345396,1.5950689e-19,7.940934e-20,-1.5193653e-20,-0.004859263,0.0041666925,0.0041666925,7.031069e-20,3.4789866e-20,-5.196906e-21,698872.25,-698872.25,-698872.25,698872.25,698872.25,-698872.25,-698872.25,698872.25,-5.8420044e-12,1.1823922e-10,0.0,0.0,-4.3870796e-11,8.021044e-11,0.0,0.0,-8.381436e-12,5.3674013e-11,9.3373934e-11,3.1318486e-11,0.0,0.0,0.0,0.0,-2795489.0,-1.4873687e-10,-1.69985e-10,1.2379653e-10,6.192793e-11,-1.3874611e-11,1e-45,-0.0056985,-0.0056985,1e-45,1e-45,-0.0056985,-0.0056985,1e-45,-0.0,-0.0,0.0043345396,0.0043345396,-0.0,-0.0,0.0043345396,0.0043345396,-0.0,-0.0,-0.0,-0.0,0.0043345396,0.0043345396,0.0043345396,0.0043345396,Uniaxial,0.8335000276565552
9.438647425260898e-29,126481.875,1123.25927734375,0.0,0.9087399840354919,1.0534413341645177e-09,-0.0056805,0.00433094,0.00433094,1.6035392e-19,7.8774064e-20,4.2881043e-21,-0.004859263,0.0041666925,0.0041666925,7.031069e-20,3.4789866e-20,-5.196906e-21,683882.8,-683882.8,-683882.8,683882.8,683882.8,-683882.8,-683882.8,683882.8,-9.2185766e-11,3.2483273e-11,0.0,0.0,-8.560359e-11,3.9065456e-11,0.0,0.0,-5.5346512e-11,2.1813825e-11,1.2850264e-11,-6.431007e-11,0.0,0.0,0.0,0.0,-2735531.2,1.0624062e-10,8.49925e-11,1.2497214e-10,6.104622e-11,1.3164364e-11,-0.0,-0.0056805,-0.0056805,-0.0,-0.0,-0.0056805,-0.0056805,-0.0,0.0,0.0,0.00433094,0.00433094,0.0,0.0,0.00433094,0.00433094,0.0,0.0,0.0,0.0,0.00433094,0.00433094,0.00433094,0.00433094,Uniaxial,0.8355000019073486
9.101553110801015e-29,126433.1796875,1074.559326171875,0.0,0.9087399840354919,1.0534413341645177e-09,-0.0056625,0.00432734,0.00432734,1.5982453e-19,1.2112571e-19,-3.5734202e-20,-0.004859263,0.0041666925,0.0041666925,7.031069e-20,3.4789866e-20,-5.196906e-21,668893.4,-668893.4,-668893.4,668893.4,668893.4,-668893.4,-668893.4,668893.4,-4.0930995e-11,8.3370665e-11,0.0,0.0,-6.212254e-11,6.2179116e-11,0.0,0.0,-4.267949e-11,6.387104e-11,4.267949e-11,-6.387104e-11,0.0,0.0,0.0,0.0,-2675573.5,-4.249625e-11,0.0,1.2423738e-10,1.1982661e-10,-4.2383097e-11,1e-45,-0.0056625,-0.0056625,1e-45,0.0,-0.0056625,-0.0056625,0.0,-0.0,-0.0,0.00432734,0.00432734,0.0,0.0,0.00432734,0.00432734,-0.0,-0.0,-0.0,-0.0,0.00432734,0.00432734,0.00432734,0.00432734,Uniaxial,0.8374999761581421
1.0787025284953536e-28,126385.5546875,1026.9385986328125,0.0,0.9087399840354919,1.0534413341645177e-09,-0.0056445,0.00432374,0.00432374,1.5961277e-19,1.085261e-19,-1.9322939e-20,-0.004859263,0.0041666925,0.0041666925,7.031069e-20,3.4789866e-20,-5.196906e-21,653903.9,-653903.9,-653903.9,653903.9,653903.9,-653903.9,-653903.9,653903.9,-2.0382064e-11,1.0377265e-10,0.0,0.0,-6.12764e-11,6.2878314e-11,0.0,0.0,-1.4981053e-11,8.282589e-11,5.74773e-11,-4.0329646e-11,0.0,0.0,0.0,0.0,-2615615.5,-8.49925e-11,-8.49925e-11,1.2394348e-10,1.02339436e-10,-1.9605699e-11,-1e-45,-0.0056445,-0.0056445,-1e-45,-0.0,-0.0056445,-0.0056445,-0.0,0.0,0.0,0.00432374,0.00432374,0.0,0.0,0.00432374,0.00432374,0.0,0.0,0.0,-0.0,0.00432374,0.00432374,0.00432374,0.00432374,Uniaxial,0.8395000100135803
1.0449930970493654e-28,126339.015625,980.397216796875,0.0,0.9087399840354919,1.0534413341645177e-09,-0.0056265,0.00432014,0.00432014,1.604598e-19,1.0122044e-19,-6.9192004e-20,-0.004859263,0.0041666925,0.0041666925,7.031069e-20,3.4789866e-20,-5.196906e-21,638914.44,-638914.44,-638914.44,638914.44,638914.44,-638914.44,-638914.44,638914.44,-4.547839e-11,7.926412e-11,0.0,0.0,-8.988819e-11,3.4854328e-11,0.0,0.0,1.2630197e-11,1.0536733e-10,2.986605e-11,-6.287108e-11,0.0,0.0,0.0,0.0,-2555657.8,2.1248125e-11,-8.49925e-11,1.251191e-10,9.2199824e-11,-8.88196e-11,-0.0,-0.0056265,-0.0056265,-0.0,-0.0,-0.0056265,-0.0056265,-0.0,-0.0,-0.0,0.00432014,0.00432014,-0.0,-0.0,0.00432014,0.00432014,-0.0,-0.0,0.0,0.0,0.00432014,0.00432014,0.00432014,0.00432014,Uniaxial,0.8414999842643738
9.438647425260898e-29,126293.5546875,934.9349975585938,0.0,0.9087399840354919,1.0534413341645177e-09,-0.0056085,0.00431654,0.00431654,1.5982453e-19,1.00161646e-19,-2.646978e-22,-0.004859263,0.0041666925,0.0041666925,7.031069e-20,3.4789866e-20,-5.196906e-21,623925.0,-623925.0,-623925.0,623925.0,623925.0,-623925.0,-623925.0,623925.0,-3.7692394e-11,7.106352e-11,0.0,0.0,-4.9815402e-11,5.894052e-11,0.0,0.0,-7.673356e-11,3.081457e-11,3.4237307e-11,-7.331082e-11,0.0,0.0,0.0,0.0,-2495700.0,-4.249625e-11,8.49925e-11,1.2423738e-10,9.073031e-11,6.845473e-12,1e-45,-0.0056085,-0.0056085,1e-45,1e-45,-0.0056085,-0.0056085,1e-45,0.0,0.0,0.00431654,0.00431654,-0.0,-0.0,0.00431654,0.00431654,0.0,0.0,-0.0,-0.0,0.00431654,0.00431654,0.00431654,0.00431654,Uniaxial,0.843500018119812
9.101553110801015e-29,126249.171875,890.552001953125,0.0,0.9087399840354919,1.0534413341645177e-09,-0.0055905,0.00431294,0.00431294,1.1895519e-19,1.4272505e-19,-1.5352472e-21,-0.004859263,0.0041666925,0.0041666925,7.031069e-20,3.4789866e-20,-5.196906e-21,608935.5,-608935.5,-608935.5,608935.5,608935.5,-608935.5,-608935.5,608935.5,-5.170142e-11,2.8692966e-11,0.0,0.0,-1.8068904e-11,6.2325485e-11,0.0,0.0,-5.4267407e-11,6.727212e-11,5.4267407e-11,-6.727212e-11,0.0,0.0,0.0,0.0,-2435742.0,-2.1248125e-11,0.0,6.7514314e-11,1.498046e-10,5.082062e-12,-0.0,-0.0055905,-0.0055905,0.0,-0.0,-0.0055905,-0.0055905,-0.0,-0.0,0.0,0.00431294,0.00431294,0.0,0.0,0.00431294,0.00431294,-0.0,-0.0,-0.0,0.0,0.00431294,0.00431294,0.00431294,0.00431294,Uniaxial,0.8454999923706055
1.0449930970493654e-28,126205.8671875,847.2482299804688,0.0,0.9087399840354919,1.0534413341645177e-09,-0.0055725,0.00430934,0.00430934,1.320842e-19,8.904434e-20,5.2410164e-21,-0.004859263,0.0041666925,0.0041666925,7.031069e-20,3.4789866e-20,-5.196906e-21,593946.06,-593946.06,-593946.06,593946.06,593946.06,-593946.06,-593946.06,593946.06,-6.268505e-12,8.323684e-11,0.0,0.0,-3.0116527e-11,5.938881e-11,0.0,0.0,-3.2290205e-11,6.754299e-11,7.4786455e-11,-2.5046746e-11,0.0,0.0,0.0,0.0,-2375784.2,-1.0624062e-10,-8.49925e-11,8.573623e-11,7.530046e-11,1.4486923e-11,-1e-45,-0.0055725,-0.0055725,-1e-45,-1e-45,-0.0055725,-0.0055725,-1e-45,-0.0,-0.0,0.00430934,0.00430934,0.0,-0.0,0.00430934,0.00430934,-0.0,0.0,-0.0,-0.0,0.00430934,0.00430934,0.00430934,0.00430934,Uniaxial,0.8475000262260437
9.438647425260898e-29,126163.640625,805.0237426757812,0.0,0.9087399840354919,1.0534413341645177e-09,-0.0055545,0.00430574,0.00430574,1.3833107e-19,1.3668994e-19,-1.4134862e-20,-0.004859263,0.0041666925,0.0041666925,7.031069e-20,3.4789866e-20,-5.196906e-21,578956.6,-578956.6,-578956.6,578956.6,578956.6,-578956.6,-578956.6,578956.6,-6.791824e-11,2.5922159e-11,0.0,0.0,-8.966653e-11,4.1738652e-12,0.0,0.0,-6.334731e-11,6.954986e-11,6.334731e-11,-6.954986e-11,0.0,0.0,0.0,0.0,-2315826.5,1.2748874e-10,0.0,9.440634e-11,1.414284e-10,-1.2405101e-11,1e-45,-0.0055545,-0.0055545,1e-45,1e-45,-0.0055545,-0.0055545,1e-45,0.0,0.0,0.00430574,0.00430574,0.0,0.0,0.00430574,0.00430574,0.0,0.0,0.0,0.0,0.00430574,0.00430574,0.00430574,0.00430574,Uniaxial,0.8495000004768372
1.2135403746499282e-28,126122.4921875,763.8784790039062,0.0,0.9087399840354919,1.0534413341645177e-09,-0.0055365,0.00430214,0.00430214,1.3790755e-19,1.3097247e-19,-7.1468405e-21,-0.004859263,0.0041666925,0.0041666925,7.031069e-20,3.4789866e-20,-5.196906e-21,563967.2,-563967.2,-563967.2,563967.2,563967.2,-563967.2,-563967.2,563967.2,-5.1408693e-11,4.21378e-11,0.0,0.0,-5.2761864e-11,4.0784633e-11,0.0,0.0,-9.2809156e-11,3.6120332e-11,5.0312907e-11,-7.8616585e-11,0.0,0.0,0.0,0.0,-2255868.8,2.1248125e-11,8.49925e-11,9.3818536e-11,1.3349304e-10,-2.7063386e-12,-1e-45,-0.0055365,-0.0055365,-1e-45,-1e-45,-0.0055365,-0.0055365,-1e-45,-0.0,-0.0,0.00430214,0.00430214,-0.0,-0.0,0.00430214,0.00430214,-0.0,0.0,-0.0,-0.0,0.00430214,0.00430214,0.00430214,0.00430214,Uniaxial,0.8514999747276306
1.2472498060959165e-28,126082.4296875,723.8125,0.0,0.9087399840354919,1.0534413341645177e-09,-0.0055185,0.00429854,0.00429854,1.3748404e-19,1.232433e-19,-1.5934807e-20,-0.004859263,0.0041666925,0.0041666925,7.031069e-20,3.4789866e-20,-5.196906e-21,548977.7,-548977.7,-548977.7,548977.7,548977.7,-548977.7,-548977.7,548977.7,-5.1063702e-11,4.218889e-11,0.0,0.0,-7.406108e-11,1.9191515e-11,0.0,0.0,-7.153233e-11,5.2033454e-11,2.9036077e-11,-9.4529704e-11,0.0,0.0,0.0,0.0,-2195910.8,6.374437e-11,8.49925e-11,9.3230736e-11,1.2276562e-10,-1.4903268e-11,1e-45,-0.0055185,-0.0055185,1e-45,1e-45,-0.0055185,-0.0055185,1e-45,0.0,0.0,0.00429854,0.00429854,0.0,0.0,0.00429854,0.00429854,-0.0,-0.0,-0.0,-0.0,0.00429854,0.00429854,0.00429854,0.00429854,Uniaxial,0.8535000085830688
1.0449930970493654e-28,126043.4453125,684.8257446289062,0.0,0.9087399840354919,1.0534413341645177e-09,-0.0055005,0.00429494,0.00429494,1.371664e-19,1.2377269e-19,-1.6464203e-20,-0.004859263,0.0041666925,0.0041666925,7.031069e-20,3.4789866e-20,-5.196906e-21,533988.25,-533988.25,-533988.25,533988.25,533988.25,-533988.25,-533988.25,533988.25,-2.1358453e-11,7.1673716e-11,0.0,0.0,-2.9177466e-11,6.38547e-11,0.0,0.0,-2.1263206e-11,1.0266995e-10,6.3759456e-11,-6.01737e-11,0.0,0.0,0.0,0.0,-2135953.0,-8.49925e-11,-8.49925e-11,9.278988e-11,1.2350038e-10,-1.5638022e-11,-0.0,-0.0055005,-0.0055005,-0.0,-0.0,-0.0055005,-0.0055005,-0.0,-0.0,-0.0,0.00429494,0.00429494,-0.0,-0.0,0.00429494,0.00429494,-0.0,-0.0,0.0,0.0,0.00429494,0.00429494,0.00429494,0.00429494,Uniaxial,0.8554999828338623
9.438647425260898e-29,126005.5390625,646.918212890625,0.0,0.9087399840354919,1.0534413341645177e-09,-0.0054825,0.00429134,0.00429134,1.3801343e-19,1.2514912e-19,-5.3468955e-21,-0.004859263,0.0041666925,0.0041666925,7.031069e-20,3.4789866e-20,-5.196906e-21,518998.78,-518998.78,-518998.78,518998.78,518998.78,-518998.78,-518998.78,518998.78,-5.4530814e-11,3.908916e-11,0.0,0.0,-3.908916e-11,5.4530814e-11,0.0,0.0,-1.04888376e-10,1.9999963e-11,1.9895877e-11,-1.0499246e-10,0.0,0.0,0.0,0.0,-2075995.1,0.0,1.69985e-10,9.396549e-11,1.2541074e-10,-2.0817252e-13,-1e-45,-0.0054825,-0.0054825,-1e-45,-1e-45,-0.0054825,-0.0054825,-1e-45,0.0,0.0,0.00429134,0.00429134,0.0,0.0,0.00429134,0.00429134,0.0,0.0,0.0,0.0,0.00429134,0.00429134,0.00429134,0.00429134,Uniaxial,0.8575000166893005
9.101553110801015e-29,125968.7109375,610.0899047851562,0.0,0.9087399840354919,1.0534413341645177e-09,-0.0054645,0.0042877397,0.0042877397,1.3737816e-19,1.2387857e-19,3.721651e-20,-0.004859263,0.0041666925,0.0041666925,7.031069e-20,3.4789866e-20,-5.196906e-21,504009.34,-504009.34,-504009.34,504009.34,504009.34,-504009.34,-504009.34,504009.34,-5.3142865e-11,5.5581997e-11,0.0,0.0,-2.370981e-11,8.501505e-11,0.0,0.0,-9.0195094e-11,1.8265793e-11,4.769885e-11,-6.076204e-11,0.0,0.0,0.0,0.0,-2016037.4,-6.374437e-11,8.49925e-11,9.3083784e-11,1.2364733e-10,5.886611e-11,-0.0,-0.0054645,-0.0054645,-0.0,-0.0,-0.0054645,-0.0054645,-0.0,-0.0,-0.0,0.0042877397,0.0042877397,-0.0,-0.0,0.0042877397,0.0042877397,-0.0,-0.0,-0.0,-0.0,0.0042877397,0.0042877397,0.0042877397,0.0042877397,Uniaxial,0.859499990940094
8.09026956556826e-29,125932.9609375,574.3408203125,0.0,0.9087399840354919,1.0534413341645177e-09,-0.0054465,0.0042841397,0.0042841397,1.777181e-19,8.4491536e-20,9.687939e-21,-0.004859263,0.0041666925,0.0041666925,7.031069e-20,3.4789866e-20,-5.196906e-21,489019.88,-489019.88,-489019.88,489019.88,489019.88,-489019.88,-489019.88,489019.88,-8.4148286e-11,3.7024987e-11,0.0,0.0,-5.8273115e-11,6.2900164e-11,0.0,0.0,-5.3501592e-11,2.762642e-11,5.3501592e-11,-2.762642e-11,0.0,0.0,0.0,0.0,-1956079.5,4.249625e-11,0.0,1.4907209e-10,6.898157e-11,2.0658864e-11,-1e-45,-0.0054465,-0.0054465,-1e-45,-0.0,-0.0054465,-0.0054465,-1e-45,0.0,0.0,0.0042841397,0.0042841397,0.0,0.0,0.0042841397,0.0042841397,-0.0,0.0,0.0,0.0,0.0042841397,0.0042841397,0.0042841397,0.0042841397,Uniaxial,0.8615000247955322
8.764458194488025e-29,125898.2890625,539.6710205078125,0.0,0.9087399840354919,1.0534413341645177e-09,-0.0054285,0.0042805397,0.0042805397,1.2573145e-19,9.5397086e-20,3.6687115e-20,-0.004859263,0.0041666925,0.0041666925,7.031069e-20,3.4789866e-20,-5.196906e-21,474030.44,-474030.44,-474030.44,474030.44,474030.44,-474030.44,-474030.44,474030.44,-5.7081246e-11,2.8015569e-11,0.0,0.0,-2.8015569e-11,5.7081246e-11,0.0,0.0,-7.4426576e-11,1.4269412e-11,7.4426576e-11,-1.4269412e-11,0.0,0.0,0.0,0.0,-1896121.8,0.0,0.0,7.691918e-11,8.411752e-11,5.8131354e-11,1e-45,-0.0054285,-0.0054285,1e-45,1e-45,-0.0054285,-0.0054285,1e-45,-0.0,0.0,0.0042805397,0.0042805397,-0.0,-0.0,0.0042805397,0.0042805397,0.0,-0.0,-0.0,-0.0,0.0042805397,0.0042805397,0.0042805397,0.0042805397,Uniaxial,0.8634999990463257
8.427363880028142e-29,125864.6953125,506.0804443359375,0.0,0.9087399840354919,1.0534413341645177e-09,-0.0054105,0.0042769397,0.0042769397,1.3144893e-19,1.02596866e-19,1.9428818e-20,-0.004859263,0.0041666925,0.0041666925,7.031069e-20,3.4789866e-20,-5.196906e-21,459040.97,-459040.97,-459040.97,459040.97,459040.97,-459040.97,-459040.97,459040.97,-8.701951e-11,1.7590724e-11,0.0,0.0,-3.883885e-11,6.577138e-11,0.0,0.0,-3.9845006e-11,3.8301574e-11,3.9845006e-11,-3.8301574e-11,0.0,0.0,0.0,0.0,-1836163.9,4.249625e-11,0.0,8.4854526e-11,9.4110185e-11,3.417835e-11,0.0,-0.0054105,-0.0054105,-0.0,0.0,-0.0054105,-0.0054105,-0.0,0.0,-0.0,0.0042769397,0.0042769397,0.0,0.0,0.0042769397,0.0042769397,-0.0,-0.0,0.0,0.0,0.0042769397,0.0042769397,0.0042769397,0.0042769397,Uniaxial,0.8654999732971191
7.078985418482397e-29,125832.1875,473.5691223144531,0.0,0.9087399840354919,1.0534413341645177e-09,-0.0053925,0.0042733396,0.0042733396,1.7792986e-19,6.140989e-20,3.7640027e-20,-0.004859263,0.0041666925,0.0041666925,7.031069e-20,3.4789866e-20,-5.196906e-21,444051.53,-444051.53,-444051.53,444051.53,444051.53,-444051.53,-444051.53,444051.53,-8.8608496e-11,4.8257474e-11,0.0,0.0,-5.888154e-11,7.798443e-11,0.0,0.0,-6.866678e-11,-1.9102166e-11,2.6170534e-11,-2.3394084e-11,0.0,0.0,0.0,0.0,-1776206.1,2.1248125e-11,8.49925e-11,1.4936599e-10,3.6946265e-11,5.9453914e-11,-1e-45,-0.0053925,-0.0053925,-1e-45,-0.0,-0.0053925,-0.0053925,-1e-45,0.0,-0.0,0.0042733396,0.0042733396,0.0,-0.0,0.0042733396,0.0042733396,0.0,0.0,0.0,-0.0,0.0042733396,0.0042733396,0.0042733396,0.0042733396,Uniaxial,0.8675000071525574
9.101553110801015e-29,125800.7578125,442.13702392578125,0.0,0.9087399840354919,1.0534413341645177e-09,-0.0053745,0.00426974,0.00426974,1.65542e-19,7.591533e-20,8.629148e-21,-0.004859263,0.0041666925,0.0041666925,7.031069e-20,3.4789866e-20,-5.196906e-21,429062.06,-429062.06,-429062.06,429062.06,429062.06,-429062.06,-429062.06,429062.06,-8.978978e-11,3.8479556e-11,0.0,0.0,-4.910362e-11,7.9165716e-11,0.0,0.0,-3.1761527e-11,1.2323489e-11,5.300965e-11,8.924635e-12,0.0,0.0,0.0,0.0,-1716248.2,2.1248125e-11,-4.249625e-11,1.3217273e-10,5.7078543e-11,1.9189353e-11,-0.0,-0.0053745,-0.0053745,0.0,-0.0,-0.0053745,-0.0053745,-0.0,-0.0,0.0,0.00426974,0.00426974,-0.0,0.0,0.00426974,0.00426974,-0.0,-0.0,-0.0,0.0,0.00426974,0.00426974,0.00426974,0.00426974,Uniaxial,0.8694999814033508
6.741891104022514e-29,125770.3984375,411.7841796875,0.0,0.9087399840354919,1.0534413341645177e-09,-0.0053565,0.00426614,0.00426614,1.5961277e-19,3.8116483e-20,2.5993324e-20,-0.004859263,0.0041666925,0.0041666925,7.031069e-20,3.4789866e-20,-5.196906e-21,414072.62,-414072.62,-414072.62,414072.62,414072.62,-414072.62,-414072.62,414072.62,-7.289968e-11,5.1255028e-11,0.0,0.0,-5.1255028e-11,7.289968e-11,0.0,0.0,-2.7522333e-11,-9.668064e-12,2.7522333e-11,9.668064e-12,0.0,0.0,0.0,0.0,-1656290.5,0.0,0.0,1.2394348e-10,4.6170546e-12,4.328931e-11,0.0,-0.0053565,-0.0053565,-0.0,0.0,-0.0053565,-0.0053565,0.0,0.0,0.0,0.00426614,0.00426614,0.0,0.0,0.00426614,0.00426614,0.0,0.0,0.0,0.0,0.00426614,0.00426614,0.00426614,0.00426614,Uniaxial,0.8715000152587891
7.078985418482397e-29,125741.125,382.5105895996094,0.0,0.9087399840354919,1.0534413341645177e-09,-0.0053385,0.00426254,0.00426254,1.589775e-19,5.3257197e-20,-2.398162e-20,-0.004859263,0.0041666925,0.0041666925,7.031069e-20,3.4789866e-20,-5.196906e-21,399083.16,-399083.16,-399083.16,399083.16,399083.16,-399083.16,-399083.16,399083.16,-3.409092e-11,8.962294e-11,0.0,0.0,-4.7126688e-11,7.658717e-11,0.0,0.0,-1.25844266e-11,3.132258e-11,3.383255e-11,-1.0074454e-11,0.0,0.0,0.0,0.0,-1596332.6,-8.49925e-11,-4.249625e-11,1.2306177e-10,2.563104e-11,-2.607154e-11,1e-45,-0.0053385,-0.0053385,1e-45,0.0,-0.0053385,-0.0053385,0.0,-0.0,-0.0,0.00426254,0.00426254,-0.0,-0.0,0.00426254,0.00426254,-0.0,-0.0,-0.0,0.0,0.00426254,0.00426254,0.00426254,0.00426254,Uniaxial,0.8734999895095825
8.427363880028142e-29,125712.9296875,354.31622314453125,0.0,0.9087399840354919,1.0534413341645177e-09,-0.0053205,0.00425894,0.00425894,1.5982453e-19,9.8891097e-20,2.3134587e-20,-0.004859263,0.0041666925,0.0041666925,7.031069e-20,3.4789866e-20,-5.196906e-21,384093.7,-384093.7,-384093.7,384093.7,384093.7,-384093.7,-384093.7,384093.7,-1.2205519e-10,2.2464775e-12,0.0,0.0,-7.130288e-11,5.299878e-11,0.0,0.0,-8.726293e-11,-1.1687999e-11,2.351856e-11,-5.2056377e-11,0.0,0.0,0.0,0.0,-1536374.8,1.3811281e-10,1.2748874e-10,1.2423738e-10,8.89669e-11,3.9321633e-11,-1e-45,-0.0053205,-0.0053205,-1e-45,-1e-45,-0.0053205,-0.0053205,-1e-45,0.0,0.0,0.00425894,0.00425894,0.0,0.0,0.00425894,0.00425894,0.0,0.0,0.0,0.0,0.00425894,0.00425894,0.00425894,0.00425894,Uniaxial,0.8755000233650208
1.550634929851054e-28,125685.8203125,327.2010803222656,0.0,0.9087399840354919,1.0534413341645177e-09,-0.0053025,0.00425534,0.00425534,1.6024805e-19,8.4597416e-20,9.264423e-21,-0.004859263,0.0041666925,0.0041666925,7.031069e-20,3.4789866e-20,-5.196906e-21,369104.25,-369104.25,-369104.25,369104.25,369104.25,-369104.25,-369104.25,369104.25,-7.24324e-11,6.77089e-11,0.0,0.0,-6.239687e-11,7.7744436e-11,0.0,0.0,-6.1164254e-11,-1.1054248e-11,6.1164254e-11,1.1054248e-11,0.0,0.0,0.0,0.0,-1476417.0,-1.0624062e-11,0.0,1.2482519e-10,6.912852e-11,2.007106e-11,1e-45,-0.0053025,-0.0053025,1e-45,1e-45,-0.0053025,-0.0053025,1e-45,-0.0,-0.0,0.00425534,0.00425534,-0.0,-0.0,0.00425534,0.00425534,-0.0,-0.0,-0.0,-0.0,0.00425534,0.00425534,0.00425534,0.00425534,Uniaxial,0.8774999976158142
1.3483782208045028e-28,125659.78125,301.1651916503906,0.0,0.9087399840354919,1.0534413341645177e-09,-0.0052845,0.00425174,0.00425174,2.0016447e-19,3.8963516e-20,2.6099203e-20,-0.004859263,0.0041666925,0.0041666925,7.031069e-20,3.4789866e-20,-5.196906e-21,354114.78,-354114.78,-354114.78,354114.78,354114.78,-354114.78,-354114.78,354114.78,-9.1538305e-11,7.6303255e-11,0.0,0.0,-2.3182945e-11,1.4465862e-10,0.0,0.0,8.940894e-12,2.7382967e-11,3.3555356e-11,1.5113282e-11,0.0,0.0,0.0,0.0,-1416459.1,-1.0624062e-10,-8.49925e-11,1.802257e-10,5.792662e-12,4.343626e-11,-1e-45,-0.0052845,-0.0052845,-1e-45,-0.0,-0.0052845,-0.0052845,-1e-45,0.0,0.0,0.00425174,0.00425174,-0.0,-0.0,0.00425174,0.00425174,-0.0,-0.0,0.0,0.0,0.00425174,0.00425174,0.00425174,0.00425174,Uniaxial,0.8794999718666077
1.382087652250491e-28,125634.828125,276.20855712890625,0.0,0.9087399840354919,1.0534413341645177e-09,-0.0052665,0.00424814,0.00424814,1.8851777e-19,5.1033735e-20,-2.6999175e-21,-0.004859263,0.0041666925,0.0041666925,7.031069e-20,3.4789866e-20,-5.196906e-21,339125.34,-339125.34,-339125.34,339125.34,339125.34,-339125.34,-339125.34,339125.34,-8.074603e-11,9.455897e-11,0.0,0.0,-9.455897e-11,8.074603e-11,0.0,0.0,-2.204841e-11,-1.0775875e-11,2.204841e-11,1.0775875e-11,0.0,0.0,0.0,0.0,-1356501.4,0.0,0.0,1.640611e-10,2.254507e-11,3.4656013e-12,1e-45,-0.0052665,-0.0052665,1e-45,0.0,-0.0052665,-0.0052665,1e-45,-0.0,-0.0,0.00424814,0.00424814,0.0,0.0,0.00424814,0.00424814,0.0,0.0,-0.0,0.0,0.00424814,0.00424814,0.00424814,0.00424814,Uniaxial,0.8815000057220459
1.2472498060959165e-28,125610.9453125,252.33116149902344,0.0,0.9087399840354919,1.0534413341645177e-09,-0.0052485,0.00424454,0.00424454,2.2250497e-19,1.6411263e-20,1.5087774e-20,-0.004859263,0.0041666925,0.0041666925,7.031069e-20,3.4789866e-20,-5.196906e-21,324135.88,-324135.88,-324135.88,324135.88,324135.88,-324135.88,-324135.88,324135.88,-1.2488059e-10,7.401004e-11,0.0,0.0,-9.525816e-11,1.03632464e-10,0.0,0.0,-1.128543e-11,-2.4039375e-11,-9.962695e-12,2.7912507e-12,0.0,0.0,0.0,0.0,-1296543.5,4.249625e-11,4.249625e-11,2.1123235e-10,-2.5507891e-11,2.8153362e-11,-1e-45,-0.0052485,-0.0052485,-1e-45,-0.0,-0.0052485,-0.0052485,-1e-45,0.0,0.0,0.00424454,0.00424454,-0.0,-0.0,0.00424454,0.00424454,-0.0,-0.0,0.0,-0.0,0.00424454,0.00424454,0.00424454,0.00424454,Uniaxial,0.8834999799728394
1.382087652250491e-28,125588.1484375,229.53298950195312,0.0,0.9087399840354919,1.0534413341645177e-09,-0.0052305,0.00424094,0.00424094,2.0927008e-19,3.123434e-20,7.25272e-21,-0.004859263,0.0041666925,0.0041666925,7.031069e-20,3.4789866e-20,-5.196906e-21,309146.44,-309146.44,-309146.44,309146.44,309146.44,-309146.44,-309146.44,309146.44,-1.042897e-10,8.541649e-11,0.0,0.0,-8.0104465e-11,1.0960173e-10,0.0,0.0,-1.8631801e-11,-2.109918e-11,1.8631801e-11,2.109918e-11,0.0,0.0,0.0,0.0,-1236585.8,-1.0624062e-11,0.0,1.9286348e-10,-4.9347575e-12,1.727899e-11,-0.0,-0.0052305,-0.0052305,0.0,-0.0,-0.0052305,-0.0052305,-0.0,-0.0,-0.0,0.00424094,0.00424094,0.0,0.0,0.00424094,0.00424094,0.0,-0.0,-0.0,-0.0,0.00424094,0.00424094,0.00424094,0.00424094,Uniaxial,0.8855000138282776
1.5169254984050656e-28,125566.4296875,207.81407165527344,0.0,0.9087399840354919,1.0534413341645177e-09,-0.0052125,0.00423734,0.00423734,2.0418788e-19,3.4198955e-20,5.664533e-21,-0.004859263,0.0041666925,0.0041666925,7.031069e-20,3.4789866e-20,-5.196906e-21,294156.97,-294156.97,-294156.97,294156.97,294156.97,-294156.97,-294156.97,294156.97,-1.3345706e-10,5.2722313e-11,0.0,0.0,-7.928247e-11,1.068969e-10,0.0,0.0,-1.4187711e-11,-1.4597776e-11,-7.0604135e-12,-6.650348e-12,0.0,0.0,0.0,0.0,-1176627.9,5.312031e-11,4.249625e-11,1.8580983e-10,-8.201308e-13,1.5074726e-11,1e-45,-0.0052125,-0.0052125,1e-45,1e-45,-0.0052125,-0.0052125,1e-45,0.0,0.0,0.00423734,0.00423734,-0.0,-0.0,0.00423734,0.00423734,-0.0,-0.0,0.0,0.0,0.00423734,0.00423734,0.00423734,0.00423734,Uniaxial,0.887499988079071
1.382087652250491e-28,125545.7890625,187.1743927001953,0.0,0.9087399840354919,1.0534413341645177e-09,-0.0051945,0.00423374,0.00423374,2.0418788e-19,3.5257746e-20,2.779327e-20,-0.004859263,0.0041666925,0.0041666925,7.031069e-20,3.4789866e-20,-5.196906e-21,279167.53,-279167.53,-279167.53,279167.53,279167.53,-279167.53,-279167.53,279167.53,-1.0473173e-10,8.144764e-11,0.0,0.0,-9.738373e-11,8.879564e-11,0.0,0.0,-2.7154955e-11,-2.6830267e-11,2.7154955e-11,2.6830267e-11,0.0,0.0,0.0,0.0,-1116670.1,3.1872185e-11,0.0,1.8580983e-10,6.493787e-13,4.5787475e-11,-1e-45,-0.0051945,-0.0051945,-1e-45,-1e-45,-0.0051945,-0.0051945,-1e-45,-0.0,-0.0,0.00423374,0.00423374,-0.0,-0.0,0.00423374,0.00423374,0.0,0.0,-0.0,-0.0,0.00423374,0.00423374,0.00423374,0.00423374,Uniaxial,0.8895000219345093
1.382087652250491e-28,125526.234375,167.61395263671875,0.0,0.9087399840354919,1.0534413341645177e-09,-0.0051765,0.00423014,0.00423014,2.0450552e-19,3.5575384e-20,2.9169697e-20,-0.004859263,0.0041666925,0.0041666925,7.031069e-20,3.4789866e-20,-5.196906e-21,264178.06,-264178.06,-264178.06,264178.06,264178.06,-264178.06,-264178.06,264178.06,-1.12897226e-10,7.3502565e-11,0.0,0.0,-7.3502565e-11,1.12897226e-10,0.0,0.0,-1.2197018e-11,-2.7197643e-11,1.2197018e-11,2.7197643e-11,0.0,0.0,0.0,0.0,-1056712.2,0.0,0.0,1.8625068e-10,1.0902315e-12,4.769784e-11,1e-45,-0.0051765,-0.0051765,1e-45,1e-45,-0.0051765,-0.0051765,1e-45,0.0,0.0,0.00423014,0.00423014,-0.0,-0.0,0.00423014,0.00423014,-0.0,-0.0,0.0,0.0,0.00423014,0.00423014,0.00423014,0.00423014,Uniaxial,0.8914999961853027
1.618053913113652e-28,125507.75,149.13275146484375,0.0,0.9087399840354919,1.0534413341645177e-09,-0.0051585,0.0042265397,0.0042265397,2.0482315e-19,-5.188077e-21,-1.4240741e-20,-0.004859263,0.0041666925,0.0041666925,7.031069e-20,3.4789866e-20,-5.196906e-21,249188.61,-249188.61,-249188.61,249188.61,249188.61,-249188.61,-249188.61,249188.61,-1.0021063e-10,8.640959e-11,0.0,0.0,-5.984943e-11,1.2677079e-10,0.0,0.0,3.5406417e-11,-7.882267e-12,-1.41582935e-11,2.9130393e-11,0.0,0.0,0.0,0.0,-996754.44,-5.312031e-11,-4.249625e-11,1.8669154e-10,-5.5485883e-11,-1.2552052e-11,-1e-45,-0.0051585,-0.0051585,-1e-45,-1e-45,-0.0051585,-0.0051585,-1e-45,-0.0,-0.0,0.0042265397,0.0042265397,0.0,0.0,0.0042265397,0.0042265397,-0.0,-0.0,0.0,0.0,0.0042265397,0.0042265397,0.0042265397,0.0042265397,Uniaxial,0.8934999704360962
1.382087652250491e-28,125490.3515625,131.7307891845703,0.0,0.9087399840354919,1.0534413341645177e-09,-0.0051405,0.0042229397,0.0042229397,2.0503491e-19,5.8233515e-21,5.638063e-20,-0.004859263,0.0041666925,0.0041666925,7.031069e-20,3.4789866e-20,-5.196906e-21,234199.16,-234199.16,-234199.16,234199.16,234199.16,-234199.16,-234199.16,234199.16,-1.2252252e-10,6.424466e-11,0.0,0.0,-6.424466e-11,1.2252252e-10,0.0,0.0,-3.7485116e-11,-5.758661e-11,1.6236993e-11,3.6338484e-11,0.0,0.0,0.0,0.0,-936796.6,0.0,4.249625e-11,1.8698544e-10,-4.0202987e-11,8.546423e-11,1e-45,-0.0051405,-0.0051405,1e-45,1e-45,-0.0051405,-0.0051405,1e-45,0.0,0.0,0.0042229397,0.0042229397,-0.0,-0.0,0.0042229397,0.0042229397,0.0,0.0,-0.0,-0.0,0.0042229397,0.0042229397,0.0042229397,0.0042229397,Uniaxial,0.8955000042915344
1.6517633445596402e-28,125474.0234375,115.40807342529297,0.0,0.9087399840354919,1.0534413341645177e-09,-0.0051225,0.0042193397,0.0042193397,2.0418788e-19,5.3680713e-20,7.554475e-20,-0.004859263,0.0041666925,0.0041666925,7.031069e-20,3.4789866e-20,-5.196906e-21,219209.7,-219209.7,-219209.7,219209.7,219209.7,-219209.7,-219209.7,219209.7,-1.4176788e-10,4.44115e-11,0.0,0.0,-3.9099467e-11,1.470799e-10,0.0,0.0,-3.45703e-11,-3.700662e-11,3.45703e-11,3.700662e-11,0.0,0.0,0.0,0.0,-876838.8,-1.0624062e-11,0.0,1.8580983e-10,2.6218845e-11,1.1206235e-10,-1e-45,-0.0051225,-0.0051225,-1e-45,-1e-45,-0.0051225,-0.0051225,-1e-45,-0.0,-0.0,0.0042193397,0.0042193397,0.0,0.0,0.0042193397,0.0042193397,-0.0,-0.0,-0.0,0.0,0.0042193397,0.0042193397,0.0042193397,0.0042193397,Uniaxial,0.8974999785423279
1.011283665603377e-28,125458.78125,100.16458892822266,0.0,0.9087399840354919,1.0534413341645177e-09,-0.0051045,0.0042157397,0.0042157397,2.0482315e-19,1.0587912e-22,1.0429093e-20,-0.004859263,0.0041666925,0.0041666925,7.031069e-20,3.4789866e-20,-5.196906e-21,204220.23,-204220.23,-204220.23,204220.23,204220.23,-204220.23,-204220.23,204220.23,-8.830311e-11,8.277137e-11,0.0,0.0,-7.7459344e-11,9.3615136e-11,0.0,0.0,1.4385576e-11,-2.5229336e-11,-1.4385576e-11,2.5229336e-11,0.0,0.0,0.0,0.0,-816880.94,-1.0624062e-11,0.0,1.8669154e-10,-4.8138337e-11,2.168752e-11,-0.0,-0.0051045,-0.0051045,-0.0,0.0,-0.0051045,-0.0051045,0.0,-0.0,-0.0,0.0042157397,0.0042157397,0.0,0.0,0.0042157397,0.0042157397,-0.0,0.0,0.0,0.0,0.0042157397,0.0042157397,0.0042157397,0.0042157397,Uniaxial,0.8995000123977661
1.382087652250491e-28,125466.265625,107.65142822265625,0.0,0.9087399840354919,1.0534413341645177e-09,-0.0051135,0.00421754,0.00421754,1.6649491e-19,6.4586262e-21,1.16996426e-20,-0.004859263,0.0041666925,0.0041666925,7.031069e-20,3.4789866e-20,-5.196906e-21,211714.97,-211714.97,-211714.97,211714.97,211714.97,-211714.97,-211714.97,211714.97,-1.00286696e-10,5.973541e-11,0.0,0.0,-7.301548e-11,8.700662e-11,0.0,0.0,-1.6890185e-11,-3.6550825e-11,6.266124e-12,2.5926764e-11,0.0,0.0,0.0,0.0,-846859.9,2.6560155e-11,2.1248125e-11,1.334953e-10,-3.932128e-11,2.345093e-11,-2.2484183e-32,-0.0051135,-0.0051135,-2.2484183e-32,-2.2484183e-32,-0.0051135,-0.0051135,-2.2484183e-32,0.0,0.0,0.00421754,0.00421754,-0.0,-0.0,0.00421754,0.00421754,0.0,-0.0,-0.0,-0.0,0.00421754,0.00421754,0.00421754,0.00421754,Uniaxial,0.9014999866485596
1.3483782208045028e-28,125482.0546875,123.43452453613281,0.0,0.9087399840354919,1.0534413341645177e-09,-0.0051315,0.00422114,0.00422114,2.1752865e-19,5.3680713e-20,1.6993599e-20,-0.004859263,0.0041666925,0.0041666925,7.031069e-20,3.4789866e-20,-5.196906e-21,226704.42,-226704.42,-226704.42,226704.42,226704.42,-226704.42,-226704.42,226704.42,-1.20964e-10,5.8927536e-11,0.0,0.0,-5.8927536e-11,1.20964e-10,0.0,0.0,-9.33265e-12,-1.176897e-11,-1.1915474e-11,-9.479154e-12,0.0,0.0,0.0,0.0,-906817.7,0.0,4.249625e-11,2.0432565e-10,2.6218845e-11,3.079848e-11,-7.494727e-33,-0.0051315,-0.0051315,-7.494727e-33,-7.494727e-33,-0.0051315,-0.0051315,-7.494727e-33,0.0,-0.0,0.00422114,0.00422114,-0.0,-0.0,0.00422114,0.00422114,-0.0,-0.0,0.0,0.0,0.00422114,0.00422114,0.00422114,0.00422114,Uniaxial,0.9035000205039978
1.0787025284953536e-28,125498.9140625,140.29685974121094,0.0,0.9087399840354919,1.0534413341645177e-09,-0.0051495,0.00422474,0.00422474,1.7020068e-19,6.352747e-22,6.723324e-21,-0.004859263,0.0041666925,0.0041666925,7.031069e-20,3.4789866e-20,-5.196906e-21,241693.88,-241693.88,-241693.88,241693.88,241693.88,-241693.88,-241693.88,241693.88,-8.8088946e-11,5.895905e-11,0.0,0.0,-6.427109e-11,8.277692e-11,0.0,0.0,-7.830906e-12,-3.1532697e-11,7.830906e-12,3.1532697e-11,0.0,0.0,0.0,0.0,-966775.5,1.0624062e-11,0.0,1.3863857e-10,-4.740358e-11,1.6544236e-11,1e-45,-0.0051495,-0.0051495,1e-45,1e-45,-0.0051495,-0.0051495,1e-45,-0.0,-0.0,0.00422474,0.00422474,0.0,0.0,0.00422474,0.00422474,-0.0,0.0,-0.0,-0.0,0.00422474,0.00422474,0.00422474,0.00422474,Uniaxial,0.9054999947547913
1.8540200536061913e-28,125516.859375,158.2384490966797,0.0,0.9087399840354919,1.0534413341645177e-09,-0.0051675,0.00422834,0.00422834,1.7687107e-19,4.7222087e-20,3.732239e-20,-0.004859263,0.0041666925,0.0041666925,7.031069e-20,3.4789866e-20,-5.196906e-21,256683.33,-256683.33,-256683.33,256683.33,256683.33,-256683.33,-256683.33,256683.33,-1.1391036e-10,5.331234e-11,0.0,0.0,-5.331234e-11,1.1391036e-10,0.0,0.0,-2.6839846e-11,-3.375817e-11,2.6839846e-11,3.375817e-11,0.0,0.0,0.0,0.0,-1026733.3,0.0,0.0,1.4789649e-10,1.7254836e-11,5.901306e-11,-1e-45,-0.0051675,-0.0051675,-1e-45,-1e-45,-0.0051675,-0.0051675,-1e-45,0.0,0.0,0.00422834,0.00422834,-0.0,-0.0,0.00422834,0.00422834,0.0,-0.0,-0.0,0.0,0.00422834,0.00422834,0.00422834,0.00422834,Uniaxial,0.9075000286102295
1.8877294850521796e-28,125535.875,177.25926208496094,0.0,0.9087399840354919,1.0534413341645177e-09,-0.0051855,0.00423194,0.00423194,2.2356376e-19,-1.4823077e-21,3.001673e-20,-0.004859263,0.0041666925,0.0041666925,7.031069e-20,3.4789866e-20,-5.196906e-21,271672.78,-271672.78,-271672.78,271672.78,271672.78,-271672.78,-271672.78,271672.78,-1.2777197e-10,8.739916e-11,0.0,0.0,-1.0333525e-10,1.1183588e-10,0.0,0.0,8.14016e-12,-4.8122624e-11,-8.14016e-12,4.8122624e-11,0.0,0.0,0.0,0.0,-1086691.1,3.1872185e-11,0.0,2.1270186e-10,-5.03426e-11,4.8873447e-11,-0.0,-0.0051855,-0.0051855,-0.0,0.0,-0.0051855,-0.0051855,0.0,-0.0,-0.0,0.00423194,0.00423194,0.0,0.0,0.00423194,0.00423194,-0.0,0.0,0.0,-0.0,0.00423194,0.00423194,0.00423194,0.00423194,Uniaxial,0.909500002861023
1.6854727760056285e-28,125555.9765625,197.3593292236328,0.0,0.9087399840354919,1.0534413341645177e-09,-0.0052035,0.00423554,0.00423554,2.506688e-19,-3.4516593e-20,3.9228213e-20,-0.004859263,0.0041666925,0.0041666925,7.031069e-20,3.4789866e-20,-5.196906e-21,286662.25,-286662.25,-286662.25,286662.25,286662.25,-286662.25,-286662.25,286662.25,-1.4795071e-10,7.0484396e-11,0.0,0.0,-7.0484396e-11,1.4795071e-10,0.0,0.0,3.1951893e-11,-4.723524e-11,-3.1951893e-11,4.723524e-11,0.0,0.0,0.0,0.0,-1146649.0,0.0,0.0,2.503213e-10,-9.61913e-11,6.165818e-11,1e-45,-0.0052035,-0.0052035,1e-45,1e-45,-0.0052035,-0.0052035,1e-45,0.0,0.0,0.00423554,0.00423554,-0.0,-0.0,0.00423554,0.00423554,0.0,-0.0,0.0,0.0,0.00423554,0.00423554,0.00423554,0.00423554,Uniaxial,0.9114999771118164
1.6854727760056285e-28,125577.15625,218.5386199951172,0.0,0.9087399840354919,1.0534413341645177e-09,-0.0052215,0.00423914,0.00423914,1.9137651e-19,-1.439956e-20,-1.2970192e-20,-0.004859263,0.0041666925,0.0041666925,7.031069e-20,3.4789866e-20,-5.196906e-21,301651.7,-301651.7,-301651.7,301651.7,301651.7,-301651.7,-301651.7,301651.7,-9.637614e-11,8.091269e-11,0.0,0.0,-8.622472e-11,9.1064115e-11,0.0,0.0,1.3678812e-12,-6.385891e-11,-2.2616006e-11,4.2610786e-11,0.0,0.0,0.0,0.0,-1206606.8,1.0624062e-11,4.249625e-11,1.6802877e-10,-6.827062e-11,-1.0788641e-11,-0.0,-0.0052215,-0.0052215,0.0,-0.0,-0.0052215,-0.0052215,0.0,-0.0,-0.0,0.00423914,0.00423914,0.0,0.0,0.00423914,0.00423914,0.0,-0.0,-0.0,0.0,0.00423914,0.00423914,0.00423914,0.00423914,Uniaxial,0.9135000109672546
1.4157970836964793e-28,125599.4140625,240.7971649169922,0.0,0.9087399840354919,1.0534413341645177e-09,-0.0052395,0.0042427396,0.0042427396,1.9804689e-19,-8.258571e-21,1.24407964e-20,-0.004859263,0.0041666925,0.0041666925,7.031069e-20,3.4789866e-20,-5.196906e-21,316641.16,-316641.16,-316641.16,316641.16,316641.16,-316641.16,-316641.16,316641.16,-1.0750768e-10,7.441011e-11,0.0,0.0,-7.9722146e-11,1.0219565e-10,0.0,0.0,1.658984e-11,-4.4375375e-11,-1.658984e-11,4.4375375e-11,0.0,0.0,0.0,0.0,-1266564.6,1.0624062e-11,0.0,1.7728667e-10,-5.9747464e-11,2.4479587e-11,0.0,-0.0052395,-0.0052395,-0.0,0.0,-0.0052395,-0.0052395,-0.0,0.0,0.0,0.0042427396,0.0042427396,-0.0,-0.0,0.0042427396,0.0042427396,-0.0,0.0,-0.0,-0.0,0.0042427396,0.0042427396,0.0042427396,0.0042427396,Uniaxial,0.9154999852180481
1.4157970836964793e-28,125622.75,264.13494873046875,0.0,0.9087399840354919,1.0534413341645177e-09,-0.0052575,0.0042463397,0.0042463397,2.0471728e-19,-1.079967e-20,3.9969367e-20,-0.004859263,0.0041666925,0.0041666925,7.031069e-20,3.4789866e-20,-5.196906e-21,331630.6,-331630.6,-331630.6,331630.6,331630.6,-331630.6,-331630.6,331630.6,-9.8516195e-11,8.8030555e-11,0.0,0.0,-8.271852e-11,1.03828224e-10,0.0,0.0,1.8543797e-11,-4.4184833e-11,2.7043283e-12,6.543296e-11,0.0,0.0,0.0,0.0,-1326522.4,-1.0624062e-11,-4.249625e-11,1.8654459e-10,-6.327429e-11,6.2686835e-11,-1e-45,-0.0052575,-0.0052575,-1e-45,-1e-45,-0.0052575,-0.0052575,-1e-45,-0.0,-0.0,0.0042463397,0.0042463397,0.0,0.0,0.0042463397,0.0042463397,0.0,0.0,-0.0,-0.0,0.0042463397,0.0042463397,0.0042463397,0.0042463397,Uniaxial,0.9175000190734863
1.6854727760056285e-28,125647.171875,288.5519714355469,0.0,0.9087399840354919,1.0534413341645177e-09,-0.0052755,0.0042499397,0.0042499397,2.0588195e-19,-9.3173624e-21,1.9428818e-20,-0.004859263,0.0041666925,0.0041666925,7.031069e-20,3.4789866e-20,-5.196906e-21,346620.06,-346620.06,-346620.06,346620.06,346620.06,-346620.06,-346620.06,346620.06,-1.1491663e-10,7.243835e-11,0.0,0.0,-5.1190226e-11,1.3616475e-10,0.0,0.0,4.070233e-11,-2.099764e-11,-1.9454207e-11,4.2245762e-11,0.0,0.0,0.0,0.0,-1386480.2,-4.249625e-11,-4.249625e-11,1.8816104e-10,-6.121697e-11,3.417835e-11,1e-45,-0.0052755,-0.0052755,1e-45,1e-45,-0.0052755,-0.0052755,1e-45,0.0,0.0,0.0042499397,0.0042499397,-0.0,-0.0,0.0042499397,0.0042499397,-0.0,-0.0,0.0,0.0,0.0042499397,0.0042499397,0.0042499397,0.0042499397,Uniaxial,0.9194999933242798
1.752891638897605e-28,125672.6640625,314.0482482910156,0.0,0.9087399840354919,1.0534413341645177e-09,-0.0052935,0.0042535397,0.0042535397,2.0514079e-19,-1.0587912e-20,-4.6057417e-21,-0.004859263,0.0041666925,0.0041666925,7.031069e-20,3.4789866e-20,-5.196906e-21,361609.53,-361609.53,-361609.53,361609.53,361609.53,-361609.53,-361609.53,361609.53,-8.811824e-11,9.872241e-11,0.0,0.0,-7.2162255e-11,1.146784e-10,0.0,0.0,3.393691e-11,-4.4190512e-11,-1.2688784e-11,6.5438634e-11,0.0,0.0,0.0,0.0,-1446438.1,-5.312031e-11,-4.249625e-11,1.8713239e-10,-6.2980385e-11,8.2048414e-13,-1e-45,-0.0052935,-0.0052935,-1e-45,-1e-45,-0.0052935,-0.0052935,-1e-45,-0.0,-0.0,0.0042535397,0.0042535397,0.0,0.0,0.0042535397,0.0042535397,0.0,0.0,-0.0,-0.0,0.0042535397,0.0042535397,0.0042535397,0.0042535397,Uniaxial,0.921500027179718
1.6854727760056285e-28,125699.2421875,340.6237487792969,0.0,0.9087399840354919,1.0534413341645177e-09,-0.0053115,0.0042571397,0.0042571397,2.0450552e-19,-5.0821977e-20,3.594596e-20,-0.004859263,0.0041666925,0.0041666925,7.031069e-20,3.4789866e-20,-5.196906e-21,376598.97,-376598.97,-376598.97,376598.97,376598.97,-376598.97,-376598.97,376598.97,-1.0235872e-10,8.404108e-11,0.0,0.0,-8.935311e-11,9.704668e-11,0.0,0.0,7.656891e-12,-8.284547e-11,-7.656891e-12,8.284547e-11,0.0,0.0,0.0,0.0,-1506395.9,1.0624062e-11,0.0,1.8625068e-10,-1.1882174e-10,5.7102698e-11,1e-45,-0.0053115,-0.0053115,1e-45,1e-45,-0.0053115,-0.0053115,1e-45,0.0,0.0,0.0042571397,0.0042571397,0.0,0.0,0.0042571397,0.0042571397,0.0,0.0,0.0,-0.0,0.0042571397,0.0042571397,0.0042571397,0.0042571397,Uniaxial,0.9235000014305115
1.6854727760056285e-28,125726.8984375,368.27850341796875,0.0,0.9087399840354919,1.0534413341645177e-09,-0.0053295,0.00426074,0.00426074,2.0429376e-19,3.1763736e-21,5.2039587e-20,-0.004859263,0.0041666925,0.0041666925,7.031069e-20,3.4789866e-20,-5.196906e-21,391588.44,-391588.44,-391588.44,391588.44,391588.44,-391588.44,-391588.44,391588.44,-1.3896086e-10,4.7291983e-11,0.0,0.0,-5.2604015e-11,1.3364883e-10,0.0,0.0,3.8039307e-12,-4.9225936e-11,-2.5052056e-11,2.797781e-11,0.0,0.0,0.0,0.0,-1566353.8,1.0624062e-11,4.249625e-11,1.8595678e-10,-4.387676e-11,7.943925e-11,-1e-45,-0.0053295,-0.0053295,-1e-45,-1e-45,-0.0053295,-0.0053295,-1e-45,0.0,0.0,0.00426074,0.00426074,-0.0,-0.0,0.00426074,0.00426074,-0.0,-0.0,0.0,0.0,0.00426074,0.00426074,0.00426074,0.00426074,Uniaxial,0.9254999756813049
1.6854727760056285e-28,125755.6328125,397.0124816894531,0.0,0.9087399840354919,1.0534413341645177e-09,-0.0053475,0.00426434,0.00426434,2.0439964e-19,-3.705769e-21,1.9852335e-20,-0.004859263,0.0041666925,0.0041666925,7.031069e-20,3.4789866e-20,-5.196906e-21,406577.88,-406577.88,-406577.88,406577.88,406577.88,-406577.88,-406577.88,406577.88,-1.0165952e-10,8.46668e-11,0.0,0.0,-6.87307e-11,1.1759561e-10,0.0,0.0,-3.1072668e-12,-6.091304e-11,3.1072668e-12,6.091304e-11,0.0,0.0,0.0,0.0,-1626311.5,-3.1872185e-11,0.0,1.8610373e-10,-5.342857e-11,3.4766155e-11,0.0,-0.0053475,-0.0053475,0.0,1e-45,-0.0053475,-0.0053475,1e-45,-0.0,-0.0,0.00426434,0.00426434,0.0,0.0,0.00426434,0.00426434,-0.0,0.0,-0.0,-0.0,0.00426434,0.00426434,0.00426434,0.00426434,Uniaxial,0.9275000095367432
1.4832160669590774e-28,125785.4453125,426.8257141113281,0.0,0.9087399840354919,1.0534413341645177e-09,-0.0053655,0.00426794,0.00426794,2.046114e-19,-9.529121e-21,1.561717e-20,-0.004859263,0.0041666925,0.0041666925,7.031069e-20,3.4789866e-20,-5.196906e-21,421567.34,-421567.34,-421567.34,421567.34,421567.34,-421567.34,-421567.34,421567.34,-9.534181e-11,9.1131463e-11,0.0,0.0,-9.644349e-11,9.0029775e-11,0.0,0.0,1.100688e-11,-3.52943e-11,1.0241244e-11,5.6542424e-11,0.0,0.0,0.0,0.0,-1686269.4,1.0624062e-11,-4.249625e-11,1.8639763e-10,-6.151087e-11,2.8888116e-11,0.0,-0.0053655,-0.0053655,0.0,0.0,-0.0053655,-0.0053655,0.0,0.0,0.0,0.00426794,0.00426794,0.0,0.0,0.00426794,0.00426794,0.0,0.0,0.0,0.0,0.00426794,0.00426794,0.00426794,0.00426794,Uniaxial,0.9294999837875366
1.6517633445596402e-28,125816.3359375,457.7181701660156,0.0,0.9087399840354919,1.0534413341645177e-09,-0.0053835,0.00427154,0.00427154,2.0482315e-19,2.8587362e-20,1.6570082e-20,-0.004859263,0.0041666925,0.0041666925,7.031069e-20,3.4789866e-20,-5.196906e-21,436556.78,-436556.78,-436556.78,436556.78,436556.78,-436556.78,-436556.78,436556.78,-1.4011749e-10,4.6502736e-11,0.0,0.0,-7.8374925e-11,1.082453e-10,0.0,0.0,-1.1102918e-11,-3.0952924e-11,-3.1393332e-11,-1.1543323e-11,0.0,0.0,0.0,0.0,-1746227.1,6.374437e-11,8.49925e-11,1.8669154e-10,-8.608531e-12,3.0210674e-11,0.0,-0.0053835,-0.0053835,0.0,-0.0,-0.0053835,-0.0053835,-0.0,0.0,0.0,0.00427154,0.00427154,-0.0,-0.0,0.00427154,0.00427154,-0.0,-0.0,0.0,0.0,0.00427154,0.00427154,0.00427154,0.00427154,Uniaxial,0.9315000176429749
1.4832160669590774e-28,125848.3046875,489.68988037109375,0.0,0.9087399840354919,1.0534413341645177e-09,-0.0054015,0.00427514,0.00427514,2.0482315e-19,1.8422967e-20,-1.4134862e-20,-0.004859263,0.0041666925,0.0041666925,7.031069e-20,3.4789866e-20,-5.196906e-21,451546.25,-451546.25,-451546.25,451546.25,451546.25,-451546.25,-451546.25,451546.25,-1.0329374e-10,8.3326485e-11,0.0,0.0,-9.395055e-11,9.266968e-11,0.0,0.0,1.08507205e-11,-1.6052933e-11,-5.334697e-11,-2.6443316e-11,0.0,0.0,0.0,0.0,-1806185.0,2.1248125e-11,8.49925e-11,1.8669154e-10,-2.2715822e-11,-1.2405101e-11,-1e-45,-0.0054015,-0.0054015,-1e-45,-1e-45,-0.0054015,-0.0054015,-1e-45,-0.0,-0.0,0.00427514,0.00427514,0.0,0.0,0.00427514,0.00427514,0.0,0.0,-0.0,-0.0,0.00427514,0.00427514,0.00427514,0.00427514,Uniaxial,0.9334999918937683
1.382087652250491e-28,125881.359375,522.7408447265625,0.0,0.9087399840354919,1.0534413341645177e-09,-0.0054195,0.00427874,0.00427874,2.0471728e-19,1.1858461e-20,1.3817225e-20,-0.004859263,0.0041666925,0.0041666925,7.031069e-20,3.4789866e-20,-5.196906e-21,466535.72,-466535.72,-466535.72,466535.72,466535.72,-466535.72,-466535.72,466535.72,-8.1473925e-11,1.0507282e-10,0.0,0.0,-8.38247e-11,1.0272205e-10,0.0,0.0,1.359208e-12,-3.0099926e-11,-1.359208e-12,3.0099926e-11,0.0,0.0,0.0,0.0,-1866142.9,-4.249625e-11,0.0,1.8654459e-10,-3.182678e-11,2.638995e-11,-0.0,-0.0054195,-0.0054195,-0.0,-0.0,-0.0054195,-0.0054195,-0.0,0.0,0.0,0.00427874,0.00427874,0.0,0.0,0.00427874,0.00427874,0.0,0.0,-0.0,-0.0,0.00427874,0.00427874,0.00427874,0.00427874,Uniaxial,0.9355000257492065
1.5169254984050656e-28,125915.484375,556.8710327148438,0.0,0.9087399840354919,1.0534413341645177e-09,-0.0054375,0.00428234,0.00428234,2.0471728e-19,1.196434e-20,7.782115e-21,-0.004859263,0.0041666925,0.0041666925,7.031069e-20,3.4789866e-20,-5.196906e-21,481525.16,-481525.16,-481525.16,481525.16,481525.16,-481525.16,-481525.16,481525.16,-1.2109543e-10,6.5451325e-11,0.0,0.0,-6.5451325e-11,1.2109543e-10,0.0,0.0,2.4664645e-11,8.824731e-12,1.7831603e-11,3.3671517e-11,0.0,0.0,0.0,0.0,-1926100.6,0.0,-8.49925e-11,1.8654459e-10,-3.1679832e-11,1.8013745e-11,1e-45,-0.0054375,-0.0054375,1e-45,1e-45,-0.0054375,-0.0054375,1e-45,0.0,0.0,0.00428234,0.00428234,0.0,0.0,0.00428234,0.00428234,-0.0,-0.0,0.0,0.0,0.00428234,0.00428234,0.00428234,0.00428234,Uniaxial,0.9375
1.2472498060959165e-28,125950.6953125,592.0804443359375,0.0,0.9087399840354919,1.0534413341645177e-09,-0.0054555,0.00428594,0.00428594,2.0471728e-19,5.283368e-20,1.6358324e-20,-0.004859263,0.0041666925,0.0041666925,7.031069e-20,3.4789866e-20,-5.196906e-21,496514.62,-496514.62,-496514.62,496514.62,496514.62,-496514.62,-496514.62,496514.62,-1.0321341e-10,8.333334e-11,0.0,0.0,-7.2709276e-11,1.1383747e-10,0.0,0.0,-3.4988127e-11,-2.2466508e-11,-7.508123e-12,-2.002974e-11,0.0,0.0,0.0,0.0,-1986058.5,-2.1248125e-11,8.49925e-11,1.8654459e-10,2.5043237e-11,2.9916774e-11,-1e-45,-0.0054555,-0.0054555,-1e-45,-1e-45,-0.0054555,-0.0054555,-1e-45,-0.0,-0.0,0.00428594,0.00428594,0.0,0.0,0.00428594,0.00428594,0.0,0.0,-0.0,0.0,0.00428594,0.00428594,0.00428594,0.00428594,Uniaxial,0.9394999742507935
1.382087652250491e-28,125986.984375,628.369140625,0.0,0.9087399840354919,1.0534413341645177e-09,-0.0054735,0.00428954,0.00428954,2.0471728e-19,3.9916428e-20,2.8216785e-20,-0.004859263,0.0041666925,0.0041666925,7.031069e-20,3.4789866e-20,-5.196906e-21,511504.06,-511504.06,-511504.06,511504.06,511504.06,-511504.06,-511504.06,511504.06,-1.02406354e-10,8.4140396e-11,0.0,0.0,-9.476446e-11,9.178229e-11,0.0,0.0,-2.8918368e-11,-2.5360757e-11,2.8918368e-11,2.5360757e-11,0.0,0.0,0.0,0.0,-2046016.2,2.1248125e-11,0.0,1.8654459e-10,7.1152207e-12,4.637528e-11,1e-45,-0.0054735,-0.0054735,1e-45,1e-45,-0.0054735,-0.0054735,1e-45,-0.0,-0.0,0.00428954,0.00428954,-0.0,-0.0,0.00428954,0.00428954,-0.0,-0.0,-0.0,-0.0,0.00428954,0.00428954,0.00428954,0.00428954,Uniaxial,0.9415000081062317
1.618053913113652e-28,126024.3515625,665.737060546875,0.0,0.9087399840354919,1.0534413341645177e-09,-0.0054915,0.00429314,0.00429314,2.0471728e-19,3.3881318e-20,7.25272e-21,-0.004859263,0.0041666925,0.0041666925,7.031069e-20,3.4789866e-20,-5.196906e-21,526493.5,-526493.5,-526493.5,526493.5,526493.5,-526493.5,-526493.5,526493.5,-1.3684782e-10,4.969892e-11,0.0,0.0,-8.1571104e-11,1.0497564e-10,0.0,0.0,-1.7479755e-11,-3.3655988e-11,-2.5016494e-11,-8.840259e-12,0.0,0.0,0.0,0.0,-2105974.0,6.374437e-11,8.49925e-11,1.8654459e-10,-1.2609836e-12,1.727899e-11,-1e-45,-0.0054915,-0.0054915,-1e-45,-1e-45,-0.0054915,-0.0054915,-1e-45,0.0,0.0,0.00429314,0.00429314,-0.0,-0.0,0.00429314,0.00429314,-0.0,-0.0,0.0,0.0,0.00429314,0.00429314,0.00429314,0.00429314,Uniaxial,0.9434999823570251
1.382087652250491e-28,126062.8046875,704.1842041015625,0.0,0.9087399840354919,1.0534413341645177e-09,-0.0055095,0.00429674,0.00429674,2.0471728e-19,-5.505714e-21,2.6310961e-20,-0.004859263,0.0041666925,0.0041666925,7.031069e-20,3.4789866e-20,-5.196906e-21,541483.0,-541483.0,-541483.0,541483.0,541483.0,-541483.0,-541483.0,541483.0,-1.1197879e-10,7.456796e-11,0.0,0.0,-7.456796e-11,1.1197879e-10,0.0,0.0,3.0491438e-12,-4.045997e-11,-3.0491438e-12,4.045997e-11,0.0,0.0,0.0,0.0,-2165932.0,0.0,0.0,1.8654459e-10,-5.592674e-11,4.3730162e-11,-0.0,-0.0055095,-0.0055095,-0.0,0.0,-0.0055095,-0.0055095,0.0,-0.0,-0.0,0.00429674,0.00429674,-0.0,-0.0,0.00429674,0.00429674,-0.0,0.0,-0.0,-0.0,0.00429674,0.00429674,0.00429674,0.00429674,Uniaxial,0.9455000162124634
1.4832160669590774e-28,126102.328125,743.7105712890625,0.0,0.9087399840354919,1.0534413341645177e-09,-0.0055275,0.00430034,0.00430034,2.0471728e-19,6.4586262e-21,5.055728e-20,-0.004859263,0.0041666925,0.0041666925,7.031069e-20,3.4789866e-20,-5.196906e-21,556472.44,-556472.44,-556472.44,556472.44,556472.44,-556472.44,-556472.44,556472.44,-1.2078208e-10,6.576467e-11,0.0,0.0,-9.763686e-11,8.890989e-11,0.0,0.0,-3.8536157e-11,-7.374254e-11,-3.960091e-12,3.124629e-11,0.0,0.0,0.0,0.0,-2225889.8,6.374437e-11,8.49925e-11,1.8654459e-10,-3.932128e-11,7.738193e-11,1e-45,-0.0055275,-0.0055275,1e-45,1e-45,-0.0055275,-0.0055275,1e-45,0.0,0.0,0.00430034,0.00430034,0.0,0.0,0.00430034,0.00430034,0.0,0.0,0.0,0.0,0.00430034,0.00430034,0.00430034,0.00430034,Uniaxial,0.9474999904632568
1.5169254984050656e-28,126142.9296875,784.3162231445312,0.0,0.9087399840354919,1.0534413341645177e-09,-0.0055455,0.0043039396,0.0043039396,2.0471728e-19,1.3129011e-20,-2.2499313e-20,-0.004859263,0.0041666925,0.0041666925,7.031069e-20,3.4789866e-20,-5.196906e-21,571461.9,-571461.9,-571461.9,571461.9,571461.9,-571461.9,-571461.9,571461.9,-1.1590046e-10,7.064629e-11,0.0,0.0,-8.127035e-11,1.052764e-10,0.0,0.0,1.3519399e-11,-1.5122858e-12,-1.3519399e-11,1.5122858e-12,0.0,0.0,0.0,0.0,-2285847.5,2.1248125e-11,0.0,1.8654459e-10,-3.0063372e-11,-2.4014226e-11,-0.0,-0.0055455,-0.0055455,-0.0,-0.0,-0.0055455,-0.0055455,-0.0,-0.0,-0.0,0.0043039396,0.0043039396,-0.0,-0.0,0.0043039396,0.0043039396,-0.0,-0.0,0.0,0.0,0.0043039396,0.0043039396,0.0043039396,0.0043039396,Uniaxial,0.9495000243186951
1.382087652250491e-28,126184.6171875,826.0010986328125,0.0,0.9087399840354919,1.0534413341645177e-09,-0.0055635,0.0043075397,0.0043075397,2.0471728e-19,5.283368e-20,1.2176099e-21,-0.004859263,0.0041666925,0.0041666925,7.031069e-20,3.4789866e-20,-5.196906e-21,586451.3,-586451.3,-586451.3,586451.3,586451.3,-586451.3,-586451.3,586451.3,-6.6087726e-11,1.2045902e-10,0.0,0.0,-4.609059e-11,1.4045616e-10,0.0,0.0,3.9712126e-11,5.2233745e-11,8.777662e-11,7.5255004e-11,0.0,0.0,0.0,0.0,-2345805.2,-1.4873687e-10,-2.5497748e-10,1.8654459e-10,2.5043237e-11,8.9027865e-12,1e-45,-0.0055635,-0.0055635,1e-45,1e-45,-0.0055635,-0.0055635,1e-45,-0.0,-0.0,0.0043075397,0.0043075397,-0.0,-0.0,0.0043075397,0.0043075397,0.0,0.0,-0.0,-0.0,0.0043075397,0.0043075397,0.0043075397,0.0043075397,Uniaxial,0.9514999985694885
1.1461215117579517e-28,126227.3828125,868.7651977539062,0.0,0.9087399840354919,1.0534413341645177e-09,-0.0055815,0.0043111397,0.0043111397,2.0471728e-19,4.0128186e-20,2.8110906e-20,-0.004859263,0.0041666925,0.0041666925,7.031069e-20,3.4789866e-20,-5.196906e-21,601440.8,-601440.8,-601440.8,601440.8,601440.8,-601440.8,-601440.8,601440.8,-1.0236961e-10,6.863139e-11,0.0,0.0,-7.925545e-11,9.1745556e-11,0.0,0.0,-3.6727975e-11,-1.7477672e-11,3.6727975e-11,1.7477672e-11,0.0,0.0,0.0,0.0,-2405763.2,2.1248125e-11,0.0,1.8654459e-10,7.409123e-12,4.6228327e-11,-1e-45,-0.0055815,-0.0055815,-1e-45,-1e-45,-0.0055815,-0.0055815,-1e-45,0.0,0.0,0.0043111397,0.0043111397,0.0,0.0,0.0043111397,0.0043111397,0.0,0.0,0.0,0.0,0.0043111397,0.0043111397,0.0043111397,0.0043111397,Uniaxial,0.953499972820282
1.0787025284953536e-28,126271.2265625,912.6085815429688,0.0,0.9087399840354919,1.0534413341645177e-09,-0.0055995,0.0043147397,0.0043147397,1.640597e-19,7.570357e-20,3.001673e-20,-0.004859263,0.0041666925,0.0041666925,7.031069e-20,3.4789866e-20,-5.196906e-21,616430.25,-616430.25,-616430.25,616430.25,616430.25,-616430.25,-616430.25,616430.25,-1.07320534e-10,3.5465887e-11,0.0,0.0,-6.733807e-11,7.544835e-11,0.0,0.0,-6.320839e-11,-1.9270325e-11,2.071214e-11,-2.3225923e-11,0.0,0.0,0.0,0.0,-2465721.0,6.374437e-11,8.49925e-11,1.3011542e-10,5.6784643e-11,4.8873447e-11,-0.0,-0.0055995,-0.0055995,0.0,-0.0,-0.0055995,-0.0055995,-0.0,-0.0,-0.0,0.0043147397,0.0043147397,-0.0,0.0,0.0043147397,0.0043147397,-0.0,-0.0,-0.0,-0.0,0.0043147397,0.0043147397,0.0043147397,0.0043147397,Uniaxial,0.9555000066757202
1.382087652250491e-28,126316.1484375,957.5311889648438,0.0,0.9087399840354919,1.0534413341645177e-09,-0.0056175,0.0043183398,0.0043183398,1.771887e-19,6.215104e-20,1.794651e-20,-0.004859263,0.0041666925,0.0041666925,7.031069e-20,3.4789866e-20,-5.196906e-21,631419.7,-631419.7,-631419.7,631419.7,631419.7,-631419.7,-631419.7,631419.7,-8.35886e-11,8.385453e-11,0.0,0.0,-5.198234e-11,1.1546079e-10,0.0,0.0,-3.306973e-11,-1.4082272e-11,3.306973e-11,1.4082272e-11,0.0,0.0,0.0,0.0,-2525678.8,-6.374437e-11,0.0,1.4833734e-10,3.7974922e-11,3.212104e-11,1e-45,-0.0056175,-0.0056175,0.0,1e-45,-0.0056175,-0.0056175,1e-45,-0.0,-0.0,0.0043183398,0.0043183398,0.0,-0.0,0.0043183398,0.0043183398,-0.0,-0.0,-0.0,-0.0,0.0043183398,0.0043183398,0.0043183398,0.0043183398,Uniaxial,0.9574999809265137
1.1461215117579517e-28,126362.1484375,1003.5330200195312,0.0,0.9087399840354919,1.0534413341645177e-09,-0.0056355,0.00432194,0.00432194,2.2398727e-19,1.5246593e-20,1.6464203e-20,-0.004859263,0.0041666925,0.0041666925,7.031069e-20,3.4789866e-20,-5.196906e-21,646409.2,-646409.2,-646409.2,646409.2,646409.2,-646409.2,-646409.2,646409.2,-1.156388e-10,6.873475e-11,0.0,0.0,-1.0060693e-10,8.376661e-11,0.0,0.0,-2.4053457e-11,-2.206989e-11,2.4053457e-11,2.206989e-11,0.0,0.0,0.0,0.0,-2585636.8,6.374437e-11,0.0,2.1328966e-10,-2.7124351e-11,3.0063722e-11,0.0,-0.0056355,-0.0056355,-0.0,0.0,-0.0056355,-0.0056355,0.0,0.0,0.0,0.00432194,0.00432194,0.0,0.0,0.00432194,0.00432194,-0.0,0.0,0.0,0.0,0.00432194,0.00432194,0.00432194,0.00432194,Uniaxial,0.9595000147819519
1.0787025284953536e-28,126409.234375,1050.6141357421875,0.0,0.9087399840354919,1.0534413341645177e-09,-0.0056535,0.00432554,0.00432554,1.6967129e-19,6.871555e-20,2.7369752e-20,-0.004859263,0.0041666925,0.0041666925,7.031069e-20,3.4789866e-20,-5.196906e-21,661398.6,-661398.6,-661398.6,661398.6,661398.6,-661398.6,-661398.6,661398.6,-9.7725134e-11,4.8955492e-11,0.0,0.0,-5.957956e-11,8.710107e-11,0.0,0.0,-3.861713e-11,4.71552e-13,3.861713e-11,-4.71552e-13,0.0,0.0,0.0,0.0,-2645594.5,2.1248125e-11,0.0,1.3790383e-10,4.708588e-11,4.519967e-11,-0.0,-0.0056535,-0.0056535,0.0,-0.0,-0.0056535,-0.0056535,-0.0,-0.0,-0.0,0.00432554,0.00432554,-0.0,-0.0,0.00432554,0.00432554,0.0,-0.0,-0.0,-0.0,0.00432554,0.00432554,0.00432554,0.00432554,Uniaxial,0.9614999890327454
1.550634929851054e-28,126457.390625,1098.7744140625,0.0,0.9087399840354919,1.0534413341645177e-09,-0.0056715,0.00432914,0.00432914,1.7623579e-19,6.395099e-20,1.794651e-20,-0.004859263,0.0041666925,0.0041666925,7.031069e-20,3.4789866e-20,-5.196906e-21,676388.06,-676388.06,-676388.06,676388.06,676388.06,-676388.06,-676388.06,676388.06,-1.15520496e-10,3.5715604e-11,0.0,0.0,-9.945998e-11,5.1776125e-11,0.0,0.0,-5.7012887e-11,-2.12306e-11,5.7012887e-11,2.12306e-11,0.0,0.0,0.0,0.0,-2705552.2,1.2748874e-10,0.0,1.4701478e-10,4.0473087e-11,3.212104e-11,-1e-45,-0.0056715,-0.0056715,-1e-45,-0.0,-0.0056715,-0.0056715,-1e-45,0.0,0.0,0.00432914,0.00432914,0.0,0.0,0.00432914,0.00432914,0.0,0.0,0.0,0.0,0.00432914,0.00432914,0.00432914,0.00432914,Uniaxial,0.9635000228881836
1.0787025284953536e-28,126506.6328125,1148.0140380859375,0.0,0.9087399840354919,1.0534413341645177e-09,-0.0056895,0.00433274,0.00433274,1.8258854e-19,5.664533e-20,1.7205357e-20,-0.004859263,0.0041666925,0.0041666925,7.031069e-20,3.4789866e-20,-5.196906e-21,691377.5,-691377.5,-691377.5,691377.5,691377.5,-691377.5,-691377.5,691377.5,-9.8680314e-11,5.696432e-11,0.0,0.0,-6.758838e-11,8.805625e-11,0.0,0.0,-3.0902204e-11,-1.897273e-13,3.0902204e-11,1.897273e-13,0.0,0.0,0.0,0.0,-2765510.0,2.1248125e-11,0.0,1.5583183e-10,3.0333472e-11,3.109238e-11,-0.0,-0.0056895,-0.0056895,-0.0,-0.0,-0.0056895,-0.0056895,-0.0,-0.0,-0.0,0.00433274,0.00433274,-0.0,-0.0,0.00433274,0.00433274,-0.0,-0.0,0.0,0.0,0.00433274,0.00433274,0.00433274,0.00433274,Uniaxial,0.965499997138977
1.1461215117579517e-28,126556.953125,1198.332763671875,0.0,0.9087399840354919,1.0534413341645177e-09,-0.0057075,0.00433634,0.00433634,1.8248266e-19,5.7174724e-20,-4.2881043e-21,-0.004859263,0.0041666925,0.0041666925,7.031069e-20,3.4789866e-20,-5.196906e-21,706367.0,-706367.0,-706367.0,706367.0,706367.0,-706367.0,-706367.0,706367.0,-4.5838375e-11,1.0973278e-10,0.0,0.0,-1.4116221e-11,1.4145493e-10,0.0,0.0,5.392863e-12,3.6472717e-11,3.7103386e-11,6.023531e-12,0.0,0.0,0.0,0.0,-2825468.0,-1.9123313e-10,-8.49925e-11,1.5568488e-10,3.1068224e-11,1.261337e-12,1e-45,-0.0057075,-0.0057075,1e-45,1e-45,-0.0057075,-0.0057075,1e-45,-0.0,-0.0,0.00433634,0.00433634,-0.0,0.0,0.00433634,0.00433634,-0.0,-0.0,-0.0,-0.0,0.00433634,0.00433634,0.00433634,0.00433634,Uniaxial,0.9674999713897705
1.0787025284953536e-28,126608.3515625,1249.7308349609375,0.0,0.9087399840354919,1.0534413341645177e-09,-0.0057255,0.00433994,0.00433994,1.8237678e-19,5.749236e-20,1.5193653e-20,-0.004859263,0.0041666925,0.0041666925,7.031069e-20,3.4789866e-20,-5.196906e-21,721356.44,-721356.44,-721356.44,721356.44,721356.44,-721356.44,-721356.44,721356.44,-1.0322085e-10,5.227683e-11,0.0,0.0,-7.352495e-11,8.197273e-11,0.0,0.0,-3.049809e-11,8.021916e-13,3.049809e-11,-8.021916e-13,0.0,0.0,0.0,0.0,-2885425.8,4.249625e-11,0.0,1.5553793e-10,3.150908e-11,2.8300312e-11,-0.0,-0.0057255,-0.0057255,-0.0,-0.0,-0.0057255,-0.0057255,-0.0,0.0,0.0,0.00433994,0.00433994,0.0,0.0,0.00433994,0.00433994,0.0,0.0,0.0,0.0,0.00433994,0.00433994,0.00433994,0.00433994,Uniaxial,0.9695000052452087
1.550634929851054e-28,126660.828125,1302.2081298828125,0.0,0.9087399840354919,1.0534413341645177e-09,-0.0057435,0.00434354,0.00434354,1.822709e-19,5.664533e-20,1.7522994e-20,-0.004859263,0.0041666925,0.0041666925,7.031069e-20,3.4789866e-20,-5.196906e-21,736345.9,-736345.9,-736345.9,736345.9,736345.9,-736345.9,-736345.9,736345.9,-1.32623e-10,2.2801216e-11,0.0,0.0,-5.46734e-11,1.00750804e-10,0.0,0.0,-4.448767e-11,-1.3775194e-11,1.9914227e-12,-2.8721055e-11,0.0,0.0,0.0,0.0,-2945383.5,6.374437e-11,8.49925e-11,1.5539099e-10,3.0333472e-11,3.1533234e-11,-1e-45,-0.0057435,-0.0057435,-1e-45,-1e-45,-0.0057435,-0.0057435,-1e-45,-0.0,-0.0,0.00434354,0.00434354,-0.0,-0.0,0.00434354,0.00434354,-0.0,-0.0,-0.0,-0.0,0.00434354,0.00434354,0.00434354,0.00434354,Uniaxial,0.9714999794960022
1.1124120803119634e-28,126714.3828125,1355.7646484375,0.0,0.9087399840354919,1.0534413341645177e-09,-0.0057615,0.00434714,0.00434714,1.8216502e-19,5.8127636e-20,1.805239e-20,-0.004859263,0.0041666925,0.0041666925,7.031069e-20,3.4789866e-20,-5.196906e-21,751335.4,-751335.4,-751335.4,751335.4,751335.4,-751335.4,-751335.4,751335.4,-8.328152e-11,7.2069205e-11,0.0,0.0,-8.269327e-11,7.2657456e-11,0.0,0.0,-3.9483306e-11,7.80357e-12,3.9483306e-11,-7.80357e-12,0.0,0.0,0.0,0.0,-3005341.5,2.1248125e-11,0.0,1.5524404e-10,3.2390784e-11,3.2267987e-11,3e-45,-0.0057615,-0.0057615,3e-45,3e-45,-0.0057615,-0.0057615,3e-45,-0.0,-0.0,0.00434714,0.00434714,0.0,0.0,0.00434714,0.00434714,0.0,0.0,-0.0,-0.0,0.00434714,0.00434714,0.00434714,0.00434714,Uniaxial,0.9735000133514404
1.6854727760056285e-28,126769.015625,1410.400390625,0.0,0.9087399840354919,1.0534413341645177e-09,-0.0057795,0.00435074,0.00435074,1.8216502e-19,9.6561756e-20,-4.2881043e-21,-0.004859263,0.0041666925,0.0041666925,7.031069e-20,3.4789866e-20,-5.196906e-21,766324.8,-766324.8,-766324.8,766324.8,766324.8,-766324.8,-766324.8,766324.8,-8.822441e-11,8.2672064e-11,0.0,0.0,-7.2048e-11,9.884847e-11,0.0,0.0,-1.39759575e-11,5.998252e-11,1.39759575e-11,-5.998252e-11,0.0,0.0,0.0,0.0,-3065299.2,-2.1248125e-11,0.0,1.5524404e-10,8.573398e-11,1.261337e-12,-1e-45,-0.0057795,-0.0057795,-1e-45,-1e-45,-0.0057795,-0.0057795,-1e-45,0.0,0.0,0.00435074,0.00435074,-0.0,-0.0,0.00435074,0.00435074,0.0,-0.0,0.0,0.0,0.00435074,0.00435074,0.00435074,0.00435074,Uniaxial,0.9754999876022339
1.4157970836964793e-28,126824.734375,1466.1153564453125,0.0,0.9087399840354919,1.0534413341645177e-09,-0.0057975,0.00435434,0.00435434,2.2292848e-19,8.533857e-20,-2.7369752e-20,-0.004859263,0.0041666925,0.0041666925,7.031069e-20,3.4789866e-20,-5.196906e-21,781314.25,-781314.25,-781314.25,781314.25,781314.25,-781314.25,-781314.25,781314.25,-6.818981e-11,1.3099473e-10,0.0,0.0,-9.912254e-11,1.0006199e-10,0.0,0.0,-1.1916292e-11,5.4253782e-11,5.441254e-11,-1.1757534e-11,0.0,0.0,0.0,0.0,-3125257.0,-6.374437e-11,-8.49925e-11,2.1182014e-10,7.015718e-11,-3.077397e-11,1e-45,-0.0057975,-0.0057975,0.0,1e-45,-0.0057975,-0.0057975,1e-45,-0.0,-0.0,0.00435434,0.00435434,0.0,0.0,0.00435434,0.00435434,0.0,0.0,-0.0,-0.0,0.00435434,0.00435434,0.00435434,0.00435434,Uniaxial,0.9775000214576721
1.8877294850521796e-28,126881.5234375,1522.90966796875,0.0,0.9087399840354919,1.0534413341645177e-09,-0.0058155,0.00435794,0.00435794,2.1075239e-19,7.824467e-20,-2.885206e-20,-0.004859263,0.0041666925,0.0041666925,7.031069e-20,3.4789866e-20,-5.196906e-21,796303.7,-796303.7,-796303.7,796303.7,796303.7,-796303.7,-796303.7,796303.7,-3.7280835e-11,1.5345401e-10,0.0,0.0,-1.0033371e-10,9.0401145e-11,0.0,0.0,-3.018866e-11,4.66043e-11,3.018866e-11,-4.66043e-11,0.0,0.0,0.0,0.0,-3185214.8,-1.0624062e-10,0.0,1.9492079e-10,6.0311464e-11,-3.2831283e-11,-0.0,-0.0058155,-0.0058155,0.0,-0.0,-0.0058155,-0.0058155,0.0,-0.0,0.0,0.00435794,0.00435794,-0.0,-0.0,0.00435794,0.00435794,-0.0,-0.0,-0.0,-0.0,0.00435794,0.00435794,0.00435794,0.00435794,Uniaxial,0.9794999957084656
1.6854727760056285e-28,126939.3984375,1580.783203125,0.0,0.9087399840354919,1.0534413341645177e-09,-0.0058335,0.00436154,0.00436154,2.0387024e-19,1.207022e-19,-2.8110906e-20,-0.004859263,0.0041666925,0.0041666925,7.031069e-20,3.4789866e-20,-5.196906e-21,811293.2,-811293.2,-811293.2,811293.2,811293.2,-811293.2,-811293.2,811293.2,-9.280169e-11,9.315726e-11,0.0,0.0,-9.315726e-11,9.280169e-11,0.0,0.0,7.1619533e-12,9.7872835e-11,3.5334295e-11,-5.537659e-11,0.0,0.0,0.0,0.0,-3245172.8,0.0,-8.49925e-11,1.8536898e-10,1.192388e-10,-3.1802627e-11,-0.0,-0.0058335,-0.0058335,-0.0,-1e-45,-0.0058335,-0.0058335,-1e-45,0.0,0.0,0.00436154,0.00436154,0.0,0.0,0.00436154,0.00436154,0.0,-0.0,0.0,0.0,0.00436154,0.00436154,0.00436154,0.00436154,Uniaxial,0.9815000295639038
1.4157970836964793e-28,126998.3515625,1639.73583984375,0.0,0.9087399840354919,1.0534413341645177e-09,-0.0058515,0.0043651396,0.0043651396,2.0387024e-19,6.606857e-20,-1.678184e-20,-0.004859263,0.0041666925,0.0041666925,7.031069e-20,3.4789866e-20,-5.196906e-21,826282.6,-826282.6,-826282.6,826282.6,826282.6,-826282.6,-826282.6,826282.6,-1.02435005e-10,8.352394e-11,0.0,0.0,-1.2602018e-10,5.9938755e-11,0.0,0.0,-5.1400047e-11,1.3974919e-12,8.903797e-12,-4.389374e-11,0.0,0.0,0.0,0.0,-3305130.5,8.49925e-11,8.49925e-11,1.8536898e-10,4.3412107e-11,-1.6078876e-11,1e-45,-0.0058515,-0.0058515,1e-45,1e-45,-0.0058515,-0.0058515,1e-45,-0.0,-0.0,0.0043651396,0.0043651396,0.0,0.0,0.0043651396,0.0043651396,0.0,0.0,0.0,-0.0,0.0043651396,0.0043651396,0.0043651396,0.0043651396,Uniaxial,0.9835000038146973
1.4157970836964793e-28,127058.3828125,1699.767822265625,0.0,0.9087399840354919,1.0534413341645177e-09,-0.0058695,0.0043687397,0.0043687397,2.0503491e-19,7.3691866e-20,-2.6522719e-20,-0.004859263,0.0041666925,0.0041666925,7.031069e-20,3.4789866e-20,-5.196906e-21,841272.06,-841272.06,-841272.06,841272.06,841272.06,-841272.06,-841272.06,841272.06,-1.0438093e-10,8.2386244e-11,0.0,0.0,-1.0363437e-10,8.3132806e-11,0.0,0.0,-1.3871424e-11,4.421635e-11,1.3871424e-11,-4.421635e-11,0.0,0.0,0.0,0.0,-3365088.2,4.249625e-11,0.0,1.8698544e-10,5.3992574e-11,-2.9598362e-11,-1e-45,-0.0058695,-0.0058695,-1e-45,-1e-45,-0.0058695,-0.0058695,-1e-45,-0.0,-0.0,0.0043687397,0.0043687397,-0.0,-0.0,0.0043687397,0.0043687397,-0.0,-0.0,-0.0,-0.0,0.0043687397,0.0043687397,0.0043687397,0.0043687397,Uniaxial,0.9854999780654907
1.6854727760056285e-28,127119.5,1760.8790283203125,0.0,0.9087399840354919,1.0534413341645177e-09,-0.0058875,0.0043723397,0.0043723397,2.046114e-19,8.057401e-20,-6.4056867e-21,-0.004859263,0.0041666925,0.0041666925,7.031069e-20,3.4789866e-20,-5.196906e-21,856261.56,-856261.56,-856261.56,856261.56,856261.56,-856261.56,-856261.56,856261.56,-7.4029935e-11,1.1244334e-10,0.0,0.0,-5.932303e-11,1.2715025e-10,0.0,0.0,1.355432e-11,7.6418e-11,2.8941929e-11,-3.3921747e-11,0.0,0.0,0.0,0.0,-3425046.2,-1.0624062e-10,-8.49925e-11,1.8639763e-10,6.3544385e-11,-1.6776821e-12,1e-45,-0.0058875,-0.0058875,1e-45,1e-45,-0.0058875,-0.0058875,1e-45,-0.0,-0.0,0.0043723397,0.0043723397,-0.0,-0.0,0.0043723397,0.0043723397,-0.0,-0.0,-0.0,-0.0,0.0043723397,0.0043723397,0.0043723397,0.0043723397,Uniaxial,0.987500011920929
1.752891638897605e-28,127181.6875,1823.0694580078125,0.0,0.9087399840354919,1.0534413341645177e-09,-0.0059055,0.0043759397,0.0043759397,2.0450552e-19,7.8774064e-20,-4.923379e-21,-0.004859263,0.0041666925,0.0041666925,7.031069e-20,3.4789866e-20,-5.196906e-21,871251.0,-871251.0,-871251.0,871251.0,871251.0,-871251.0,-871251.0,871251.0,-4.8728067e-11,1.3767174e-10,0.0,0.0,-9.517548e-11,9.122432e-11,0.0,0.0,-3.8675077e-11,7.393776e-12,3.8675077e-11,-7.393776e-12,0.0,0.0,0.0,0.0,-3485004.0,-8.49925e-11,0.0,1.8625068e-10,6.104622e-11,3.7963128e-13,0.0,-0.0059055,-0.0059055,0.0,0.0,-0.0059055,-0.0059055,0.0,-0.0,-0.0,0.0043759397,0.0043759397,0.0,0.0,0.0043759397,0.0043759397,0.0,0.0,-0.0,-0.0,0.0043759397,0.0043759397,0.0043759397,0.0043759397,Uniaxial,0.9894999861717224
1.382087652250491e-28,127244.953125,1886.3392333984375,0.0,0.9087399840354919,1.0534413341645177e-09,-0.0059235,0.0043795398,0.0043795398,2.0450552e-19,3.9281153e-20,-5.029258e-21,-0.004859263,0.0041666925,0.0041666925,7.031069e-20,3.4789866e-20,-5.196906e-21,886240.44,-886240.44,-886240.44,886240.44,886240.44,-886240.44,-886240.44,886240.44,-6.9158755e-11,1.1724105e-10,0.0,0.0,-5.349667e-11,1.3290313e-10,0.0,0.0,2.5333957e-11,4.399646e-11,5.965854e-11,4.099604e-11,0.0,0.0,0.0,0.0,-3544961.8,-1.2748874e-10,-1.69985e-10,1.8625068e-10,6.233515e-12,2.3268033e-13,-1e-45,-0.0059235,-0.0059235,-1e-45,-0.0,-0.0059235,-0.0059235,-0.0,0.0,0.0,0.0043795398,0.0043795398,-0.0,-0.0,0.0043795398,0.0043795398,0.0,0.0,0.0,0.0,0.0043795398,0.0043795398,0.0043795398,0.0043795398,Uniaxial,0.9915000200271606
1.752891638897605e-28,127309.3046875,1950.6881103515625,0.0,0.9087399840354919,1.0534413341645177e-09,-0.0059415,0.00438314,0.00438314,2.046114e-19,5.283368e-20,4.8439697e-20,-0.004859263,0.0041666925,0.0041666925,7.031069e-20,3.4789866e-20,-5.196906e-21,901229.9,-901229.9,-901229.9,901229.9,901229.9,-901229.9,-901229.9,901229.9,-1.4579005e-10,4.068323e-11,0.0,0.0,-6.1931356e-11,1.2454192e-10,0.0,0.0,-4.819015e-11,-2.012279e-11,4.819015e-11,2.012279e-11,0.0,0.0,0.0,0.0,-3604919.5,4.249625e-11,0.0,1.8639763e-10,2.5043237e-11,7.444291e-11,1e-45,-0.0059415,-0.0059415,1e-45,1e-45,-0.0059415,-0.0059415,1e-45,0.0,0.0,0.00438314,0.00438314,0.0,0.0,0.00438314,0.00438314,0.0,0.0,-0.0,-0.0,0.00438314,0.00438314,0.00438314,0.00438314,Uniaxial,0.9934999942779541
1.2472498060959165e-28,127374.734375,2016.1163330078125,0.0,0.9087399840354919,1.0534413341645177e-09,-0.0059595,0.00438674,0.00438674,2.0471728e-19,5.802176e-20,2.1122884e-20,-0.004859263,0.0041666925,0.0041666925,7.031069e-20,3.4789866e-20,-5.196906e-21,916219.4,-916219.4,-916219.4,916219.4,916219.4,-916219.4,-916219.4,916219.4,-1.208027e-10,6.574405e-11,0.0,0.0,-8.699217e-11,9.955457e-11,0.0,0.0,-1.0218585e-10,-8.6063934e-11,-6.779915e-11,-8.3921065e-11,0.0,0.0,0.0,0.0,-3664877.5,4.249625e-11,3.3997e-10,1.8654459e-10,3.2243833e-11,3.6529564e-11,-1e-45,-0.0059595,-0.0059595,-1e-45,-1e-45,-0.0059595,-0.0059595,-1e-45,-0.0,-0.0,0.00438674,0.00438674,-0.0,-0.0,0.00438674,0.00438674,-0.0,-0.0,0.0,0.0,0.00438674,0.00438674,0.00438674,0.00438674,Uniaxial,0.9955000281333923
1.382087652250491e-28,127441.2421875,2082.623779296875,0.0,0.9087399840354919,1.0534413341645177e-09,-0.0059775,0.00439034,0.00439034,2.0482315e-19,1.7364175e-20,5.770412e-21,-0.004859263,0.0041666925,0.0041666925,7.031069e-20,3.4789866e-20,-5.196906e-21,931208.8,-931208.8,-931208.8,931208.8,931208.8,-931208.8,-931208.8,931208.8,-1.2121484e-10,6.5405376e-11,0.0,0.0,-1.2914975e-10,5.7470473e-11,0.0,0.0,-5.580108e-11,-6.7893746e-11,-2.919142e-11,-1.7098755e-11,0.0,0.0,0.0,0.0,-3724835.2,1.2748874e-10,1.69985e-10,1.8669154e-10,-2.4185333e-11,1.5221678e-11,1e-45,-0.0059775,-0.0059775,1e-45,1e-45,-0.0059775,-0.0059775,1e-45,0.0,0.0,0.00439034,0.00439034,0.0,0.0,0.00439034,0.00439034,-0.0,-0.0,-0.0,-0.0,0.00439034,0.00439034,0.00439034,0.00439034,Uniaxial,0.9975000023841858
1.5169254984050656e-28,127508.828125,2150.21044921875,0.0,0.9087399840354919,1.0534413341645177e-09,-0.0059955,0.00439394,0.00439394,2.0482315e-19,2.9328516e-20,4.923379e-21,-0.004859263,0.0041666925,0.0041666925,7.031069e-20,3.4789866e-20,-5.196906e-21,946198.25,-946198.25,-946198.25,946198.25,946198.25,-946198.25,-946198.25,946198.25,-1.7326056e-10,1.3359669e-11,0.0,0.0,-1.1960029e-10,6.701993e-11,0.0,0.0,-1.6165488e-12,-5.406486e-12,1.6165488e-12,5.406486e-12,0.0,0.0,0.0,0.0,-3784793.0,2.1248124e-10,0.0,1.8669154e-10,-7.579874e-12,1.404607e-11,-0.0,-0.0059955,-0.0059955,-0.0,-1e-45,-0.0059955,-0.0059955,-1e-45,0.0,0.0,0.00439394,0.00439394,-0.0,-0.0,0.00439394,0.00439394,-0.0,-0.0,0.0,0.0,0.00439394,0.00439394,0.00439394,0.00439394,Uniaxial,0.9994999766349792
1.2472498060959165e-28,127525.8671875,2153.05517578125,0.0,0.9087399840354919,1.0534413341645177e-09,-0.006,0.0043973043,0.0043973043,2.0545843e-19,3.5045988e-20,1.9428818e-20,-0.004863012,0.004169907,0.004169907,7.099689e-20,3.4791165e-20,-5.07187e-21,946824.06,-946824.06,-946824.06,946824.06,946824.06,-946824.06,-946824.06,946824.06,0.16107543,0.16107543,0.0,0.0,0.16107543,0.16107543,0.0,0.0,0.16107543,0.16107543,0.16107543,0.16107543,0.0,0.0,0.0,0.0,-3787296.2,-0.6443017,-0.6443017,1.8662084e-10,3.536719e-13,3.4004813e-11,2.2045666e-34,-0.006,-0.006,2.2045666e-34,2.2045666e-34,-0.006,-0.006,2.2045666e-34,2.3394684e-35,2.3394684e-35,0.0043973043,0.0043973043,2.3394684e-35,2.3394684e-35,0.0043973043,0.0043973043,2.3394684e-35,2.3394684e-35,2.3394684e-35,2.3394684e-35,0.0043973043,0.0043973043,0.0043973043,0.0043973043,Uniaxial,1.0
