 Abaqus/Standard 2025                  DATE 04-Oct-2026 TIME 19:47:16
 SUMMARY OF JOB INFORMATION:
 STEP  INC ATT SEVERE EQUIL TOTAL  TOTAL      STEP       INC OF       DOF    IF
               DISCON ITERS ITERS  TIME/    TIME/LPF    TIME/LPF    MONITOR RIKS
               ITERS               FREQ
   1     1   1     0     1     1  0.000250   0.000250   0.0002500 
   1     2   1     0     1     1  0.000500   0.000500   0.0002500 
   1     3   1     0     1     1  0.000875   0.000875   0.0003750 
   1     4   1     0     1     1  0.00137    0.00137    0.0005000 
   1     5   1     0     1     1  0.00187    0.00187    0.0005000 
   1     6   1     0     1     1  0.00237    0.00237    0.0005000 
   1     7   1     0     1     1  0.00287    0.00287    0.0005000 
   1     8   1     0     1     1  0.00337    0.00337    0.0005000 
   1     9   1     0     1     1  0.00387    0.00387    0.0005000 
   1    10   1     0     1     1  0.00438    0.00438    0.0005000 
   1    11   1     0     1     1  0.00488    0.00488    0.0005000 
   1    12   1     0     1     1  0.00538    0.00538    0.0005000 
   1    13   1     0     1     1  0.00588    0.00588    0.0005000 
   1    14   1     0     1     1  0.00638    0.00638    0.0005000 
   1    15   1     0     1     1  0.00688    0.00688    0.0005000 
   1    16   1     0     1     1  0.00738    0.00738    0.0005000 
   1    17   1     0     1     1  0.00788    0.00788    0.0005000 
   1    18   1     0     1     1  0.00838    0.00838    0.0005000 
   1    19   1     0     1     1  0.00888    0.00888    0.0005000 
   1    20   1     0     1     1  0.00938    0.00938    0.0005000 
   1    21   1     0     1     1  0.00988    0.00988    0.0005000 
   1    22   1     0     1     1  0.0104     0.0104     0.0005000 
   1    23   1     0     1     1  0.0109     0.0109     0.0005000 
   1    24   1     0     1     1  0.0114     0.0114     0.0005000 
   1    25   1     0     1     1  0.0119     0.0119     0.0005000 
   1    26   1     0     1     1  0.0124     0.0124     0.0005000 
   1    27   1     0     1     1  0.0129     0.0129     0.0005000 
   1    28   1     0     1     1  0.0134     0.0134     0.0005000 
   1    29   1     0     1     1  0.0139     0.0139     0.0005000 
   1    30   1     0     1     1  0.0144     0.0144     0.0005000 
   1    31   1     0     1     1  0.0149     0.0149     0.0005000 
   1    32   1     0     1     1  0.0154     0.0154     0.0005000 
   1    33   1     0     1     1  0.0159     0.0159     0.0005000 
   1    34   1     0     1     1  0.0164     0.0164     0.0005000 
   1    35   1     0     1     1  0.0169     0.0169     0.0005000 
   1    36   1     0     1     1  0.0174     0.0174     0.0005000 
   1    37   1     0     1     1  0.0179     0.0179     0.0005000 
   1    38   1     0     1     1  0.0184     0.0184     0.0005000 
   1    39   1     0     1     1  0.0189     0.0189     0.0005000 
   1    40   1     0     1     1  0.0194     0.0194     0.0005000 
   1    41   1     0     1     1  0.0199     0.0199     0.0005000 
   1    42   1     0     1     1  0.0204     0.0204     0.0005000 
   1    43   1     0     1     1  0.0209     0.0209     0.0005000 
   1    44   1     0     1     1  0.0214     0.0214     0.0005000 
   1    45   1     0     1     1  0.0219     0.0219     0.0005000 
   1    46   1     0     1     1  0.0224     0.0224     0.0005000 
   1    47   1     0     1     1  0.0229     0.0229     0.0005000 
   1    48   1     0     1     1  0.0234     0.0234     0.0005000 
   1    49   1     0     1     1  0.0239     0.0239     0.0005000 
   1    50   1     0     1     1  0.0244     0.0244     0.0005000 
   1    51   1     0     1     1  0.0249     0.0249     0.0005000 
   1    52   1     0     1     1  0.0254     0.0254     0.0005000 
   1    53   1     0     1     1  0.0259     0.0259     0.0005000 
   1    54   1     0     1     1  0.0264     0.0264     0.0005000 
   1    55   1     0     1     1  0.0269     0.0269     0.0005000 
   1    56   1     0     1     1  0.0274     0.0274     0.0005000 
   1    57   1     0     1     1  0.0279     0.0279     0.0005000 
   1    58   1     0     1     1  0.0284     0.0284     0.0005000 
   1    59   1     0     1     1  0.0289     0.0289     0.0005000 
   1    60   1     0     1     1  0.0294     0.0294     0.0005000 
   1    61   1     0     1     1  0.0299     0.0299     0.0005000 
   1    62   1     0     1     1  0.0304     0.0304     0.0005000 
   1    63   1     0     1     1  0.0309     0.0309     0.0005000 
   1    64   1     0     1     1  0.0314     0.0314     0.0005000 
   1    65   1     0     1     1  0.0319     0.0319     0.0005000 
   1    66   1     0     1     1  0.0324     0.0324     0.0005000 
   1    67   1     0     1     1  0.0329     0.0329     0.0005000 
   1    68   1     0     1     1  0.0334     0.0334     0.0005000 
   1    69   1     0     1     1  0.0339     0.0339     0.0005000 
   1    70   1     0     1     1  0.0344     0.0344     0.0005000 
   1    71   1     0     1     1  0.0349     0.0349     0.0005000 
   1    72   1     0     1     1  0.0354     0.0354     0.0005000 
   1    73   1     0     1     1  0.0359     0.0359     0.0005000 
   1    74   1     0     1     1  0.0364     0.0364     0.0005000 
   1    75   1     0     1     1  0.0369     0.0369     0.0005000 
   1    76   1     0     1     1  0.0374     0.0374     0.0005000 
   1    77   1     0     1     1  0.0379     0.0379     0.0005000 
   1    78   1     0     1     1  0.0384     0.0384     0.0005000 
   1    79   1     0     1     1  0.0389     0.0389     0.0005000 
   1    80   1     0     1     1  0.0394     0.0394     0.0005000 
   1    81   1     0     1     1  0.0399     0.0399     0.0005000 
   1    82   1     0     1     1  0.0404     0.0404     0.0005000 
   1    83   1     0     1     1  0.0409     0.0409     0.0005000 
   1    84   1     0     1     1  0.0414     0.0414     0.0005000 
   1    85   1     0     1     1  0.0419     0.0419     0.0005000 
   1    86   1     0     1     1  0.0424     0.0424     0.0005000 
   1    87   1     0     1     1  0.0429     0.0429     0.0005000 
   1    88   1     0     1     1  0.0434     0.0434     0.0005000 
   1    89   1     0     1     1  0.0439     0.0439     0.0005000 
   1    90   1     0     1     1  0.0444     0.0444     0.0005000 
   1    91   1     0     1     1  0.0449     0.0449     0.0005000 
   1    92   1     0     1     1  0.0454     0.0454     0.0005000 
   1    93   1     0     1     1  0.0459     0.0459     0.0005000 
   1    94   1     0     1     1  0.0464     0.0464     0.0005000 
   1    95   1     0     1     1  0.0469     0.0469     0.0005000 
   1    96   1     0     1     1  0.0474     0.0474     0.0005000 
   1    97   1     0     1     1  0.0479     0.0479     0.0005000 
   1    98   1     0     1     1  0.0484     0.0484     0.0005000 
   1    99   1     0     1     1  0.0489     0.0489     0.0005000 
   1   100   1     0     1     1  0.0494     0.0494     0.0005000 
   1   101   1     0     1     1  0.0499     0.0499     0.0005000 
   1   102   1     0     1     1  0.0504     0.0504     0.0005000 
   1   103   1     0     1     1  0.0509     0.0509     0.0005000 
   1   104   1     0     1     1  0.0514     0.0514     0.0005000 
   1   105   1     0     1     1  0.0519     0.0519     0.0005000 
   1   106   1     0     1     1  0.0524     0.0524     0.0005000 
   1   107   1     0     1     1  0.0529     0.0529     0.0005000 
   1   108   1     0     1     1  0.0534     0.0534     0.0005000 
   1   109   1     0     1     1  0.0539     0.0539     0.0005000 
   1   110   1     0     1     1  0.0544     0.0544     0.0005000 
   1   111   1     0     1     1  0.0549     0.0549     0.0005000 
   1   112   1     0     1     1  0.0554     0.0554     0.0005000 
   1   113   1     0     1     1  0.0559     0.0559     0.0005000 
   1   114   1     0     1     1  0.0564     0.0564     0.0005000 
   1   115   1     0     1     1  0.0569     0.0569     0.0005000 
   1   116   1     0     1     1  0.0574     0.0574     0.0005000 
   1   117   1     0     1     1  0.0579     0.0579     0.0005000 
   1   118   1     0     1     1  0.0584     0.0584     0.0005000 
   1   119   1     0     1     1  0.0589     0.0589     0.0005000 
   1   120   1     0     1     1  0.0594     0.0594     0.0005000 
   1   121   1     0     1     1  0.0599     0.0599     0.0005000 
   1   122   1     0     1     1  0.0604     0.0604     0.0005000 
   1   123   1     0     1     1  0.0609     0.0609     0.0005000 
   1   124   1     0     1     1  0.0614     0.0614     0.0005000 
   1   125   1     0     1     1  0.0619     0.0619     0.0005000 
   1   126   1     0     1     1  0.0624     0.0624     0.0005000 
   1   127   1     0     1     1  0.0629     0.0629     0.0005000 
   1   128   1     0     1     1  0.0634     0.0634     0.0005000 
   1   129   1     0     1     1  0.0639     0.0639     0.0005000 
   1   130   1     0     1     1  0.0644     0.0644     0.0005000 
   1   131   1     0     1     1  0.0649     0.0649     0.0005000 
   1   132   1     0     1     1  0.0654     0.0654     0.0005000 
   1   133   1     0     1     1  0.0659     0.0659     0.0005000 
   1   134   1     0     1     1  0.0664     0.0664     0.0005000 
   1   135   1     0     1     1  0.0669     0.0669     0.0005000 
   1   136   1     0     1     1  0.0674     0.0674     0.0005000 
   1   137   1     0     1     1  0.0679     0.0679     0.0005000 
   1   138   1     0     1     1  0.0684     0.0684     0.0005000 
   1   139   1     0     1     1  0.0689     0.0689     0.0005000 
   1   140   1     0     1     1  0.0694     0.0694     0.0005000 
   1   141   1     0     1     1  0.0699     0.0699     0.0005000 
   1   142   1     0     1     1  0.0704     0.0704     0.0005000 
   1   143   1     0     1     1  0.0709     0.0709     0.0005000 
   1   144   1     0     1     1  0.0714     0.0714     0.0005000 
   1   145   1     0     1     1  0.0719     0.0719     0.0005000 
   1   146   1     0     1     1  0.0724     0.0724     0.0005000 
   1   147   1     0     1     1  0.0729     0.0729     0.0005000 
   1   148   1     0     1     1  0.0734     0.0734     0.0005000 
   1   149   1     0     1     1  0.0739     0.0739     0.0005000 
   1   150   1     0     1     1  0.0744     0.0744     0.0005000 
   1   151   1     0     1     1  0.0749     0.0749     0.0005000 
   1   152   1     0     1     1  0.0754     0.0754     0.0005000 
   1   153   1     0     1     1  0.0759     0.0759     0.0005000 
   1   154   1     0     1     1  0.0764     0.0764     0.0005000 
   1   155   1     0     1     1  0.0769     0.0769     0.0005000 
   1   156   1     0     1     1  0.0774     0.0774     0.0005000 
   1   157   1     0     1     1  0.0779     0.0779     0.0005000 
   1   158   1     0     1     1  0.0784     0.0784     0.0005000 
   1   159   1     0     1     1  0.0789     0.0789     0.0005000 
   1   160   1     0     1     1  0.0794     0.0794     0.0005000 
   1   161   1     0     1     1  0.0799     0.0799     0.0005000 
   1   162   1     0     1     1  0.0804     0.0804     0.0005000 
   1   163   1     0     1     1  0.0809     0.0809     0.0005000 
   1   164   1     0     1     1  0.0814     0.0814     0.0005000 
   1   165   1     0     1     1  0.0819     0.0819     0.0005000 
   1   166   1     0     1     1  0.0824     0.0824     0.0005000 
   1   167   1     0     1     1  0.0829     0.0829     0.0005000 
   1   168   1     0     1     1  0.0834     0.0834     0.0005000 
   1   169   1     0     1     1  0.0839     0.0839     0.0005000 
   1   170   1     0     1     1  0.0844     0.0844     0.0005000 
   1   171   1     0     1     1  0.0849     0.0849     0.0005000 
   1   172   1     0     1     1  0.0854     0.0854     0.0005000 
   1   173   1     0     1     1  0.0859     0.0859     0.0005000 
   1   174   1     0     1     1  0.0864     0.0864     0.0005000 
   1   175   1     0     1     1  0.0869     0.0869     0.0005000 
   1   176   1     0     1     1  0.0874     0.0874     0.0005000 
   1   177   1     0     1     1  0.0879     0.0879     0.0005000 
   1   178   1     0     1     1  0.0884     0.0884     0.0005000 
   1   179   1     0     1     1  0.0889     0.0889     0.0005000 
   1   180   1     0     1     1  0.0894     0.0894     0.0005000 
   1   181   1     0     1     1  0.0899     0.0899     0.0005000 
   1   182   1     0     1     1  0.0904     0.0904     0.0005000 
   1   183   1     0     1     1  0.0909     0.0909     0.0005000 
   1   184   1     0     1     1  0.0914     0.0914     0.0005000 
   1   185   1     0     1     1  0.0919     0.0919     0.0005000 
   1   186   1     0     1     1  0.0924     0.0924     0.0005000 
   1   187   1     0     1     1  0.0929     0.0929     0.0005000 
   1   188   1     0     1     1  0.0934     0.0934     0.0005000 
   1   189   1     0     1     1  0.0939     0.0939     0.0005000 
   1   190   1     0     1     1  0.0944     0.0944     0.0005000 
   1   191   1     0     1     1  0.0949     0.0949     0.0005000 
   1   192   1     0     1     1  0.0954     0.0954     0.0005000 
   1   193   1     0     1     1  0.0959     0.0959     0.0005000 
   1   194   1     0     1     1  0.0964     0.0964     0.0005000 
   1   195   1     0     1     1  0.0969     0.0969     0.0005000 
   1   196   1     0     1     1  0.0974     0.0974     0.0005000 
   1   197   1     0     1     1  0.0979     0.0979     0.0005000 
   1   198   1     0     1     1  0.0984     0.0984     0.0005000 
   1   199   1     0     1     1  0.0989     0.0989     0.0005000 
   1   200   1     0     1     1  0.0994     0.0994     0.0005000 
   1   201   1     0     1     1  0.0999     0.0999     0.0005000 
   1   202   1     0     1     1  0.100      0.100      0.0005000 
   1   203   1     0     1     1  0.101      0.101      0.0005000 
   1   204   1     0     1     1  0.101      0.101      0.0005000 
   1   205   1     0     1     1  0.102      0.102      0.0005000 
   1   206   1     0     1     1  0.102      0.102      0.0005000 
   1   207   1     0     1     1  0.103      0.103      0.0005000 
   1   208   1     0     1     1  0.103      0.103      0.0005000 
   1   209   1     0     1     1  0.104      0.104      0.0005000 
   1   210   1     0     1     1  0.104      0.104      0.0005000 
   1   211   1     0     1     1  0.105      0.105      0.0005000 
   1   212   1     0     1     1  0.105      0.105      0.0005000 
   1   213   1     0     1     1  0.106      0.106      0.0005000 
   1   214   1     0     1     1  0.106      0.106      0.0005000 
   1   215   1     0     1     1  0.107      0.107      0.0005000 
   1   216   1     0     1     1  0.107      0.107      0.0005000 
   1   217   1     0     1     1  0.108      0.108      0.0005000 
   1   218   1     0     1     1  0.108      0.108      0.0005000 
   1   219   1     0     1     1  0.109      0.109      0.0005000 
   1   220   1     0     1     1  0.109      0.109      0.0005000 
   1   221   1     0     1     1  0.110      0.110      0.0005000 
   1   222   1     0     1     1  0.110      0.110      0.0005000 
   1   223   1     0     1     1  0.111      0.111      0.0005000 
   1   224   1     0     1     1  0.111      0.111      0.0005000 
   1   225   1     0     1     1  0.112      0.112      0.0005000 
   1   226   1     0     1     1  0.112      0.112      0.0005000 
   1   227   1     0     1     1  0.113      0.113      0.0005000 
   1   228   1     0     1     1  0.113      0.113      0.0005000 
   1   229   1     0     1     1  0.114      0.114      0.0005000 
   1   230   1     0     1     1  0.114      0.114      0.0005000 
   1   231   1     0     1     1  0.115      0.115      0.0005000 
   1   232   1     0     1     1  0.115      0.115      0.0005000 
   1   233   1     0     1     1  0.116      0.116      0.0005000 
   1   234   1     0     1     1  0.116      0.116      0.0005000 
   1   235   1     0     1     1  0.117      0.117      0.0005000 
   1   236   1     0     1     1  0.117      0.117      0.0005000 
   1   237   1     0     1     1  0.118      0.118      0.0005000 
   1   238   1     0     1     1  0.118      0.118      0.0005000 
   1   239   1     0     1     1  0.119      0.119      0.0005000 
   1   240   1     0     1     1  0.119      0.119      0.0005000 
   1   241   1     0     1     1  0.120      0.120      0.0005000 
   1   242   1     0     1     1  0.120      0.120      0.0005000 
   1   243   1     0     1     1  0.121      0.121      0.0005000 
   1   244   1     0     1     1  0.121      0.121      0.0005000 
   1   245   1     0     1     1  0.122      0.122      0.0005000 
   1   246   1     0     1     1  0.122      0.122      0.0005000 
   1   247   1     0     1     1  0.123      0.123      0.0005000 
   1   248   1     0     1     1  0.123      0.123      0.0005000 
   1   249   1     0     1     1  0.124      0.124      0.0005000 
   1   250   1     0     1     1  0.124      0.124      0.0005000 
   1   251   1     0     1     1  0.125      0.125      0.0005000 
   1   252   1     0     1     1  0.125      0.125      0.0005000 
   1   253   1     0     1     1  0.126      0.126      0.0005000 
   1   254   1     0     1     1  0.126      0.126      0.0005000 
   1   255   1     0     1     1  0.127      0.127      0.0005000 
   1   256   1     0     1     1  0.127      0.127      0.0005000 
   1   257   1     0     1     1  0.128      0.128      0.0005000 
   1   258   1     0     1     1  0.128      0.128      0.0005000 
   1   259   1     0     1     1  0.129      0.129      0.0005000 
   1   260   1     0     1     1  0.129      0.129      0.0005000 
   1   261   1     0     1     1  0.130      0.130      0.0005000 
   1   262   1     0     1     1  0.130      0.130      0.0005000 
   1   263   1     0     1     1  0.131      0.131      0.0005000 
   1   264   1     0     1     1  0.131      0.131      0.0005000 
   1   265   1     0     1     1  0.132      0.132      0.0005000 
   1   266   1     0     1     1  0.132      0.132      0.0005000 
   1   267   1     0     1     1  0.133      0.133      0.0005000 
   1   268   1     0     1     1  0.133      0.133      0.0005000 
   1   269   1     0     1     1  0.134      0.134      0.0005000 
   1   270   1     0     1     1  0.134      0.134      0.0005000 
   1   271   1     0     1     1  0.135      0.135      0.0005000 
   1   272   1     0     1     1  0.135      0.135      0.0005000 
   1   273   1     0     1     1  0.136      0.136      0.0005000 
   1   274   1     0     1     1  0.136      0.136      0.0005000 
   1   275   1     0     1     1  0.137      0.137      0.0005000 
   1   276   1     0     1     1  0.137      0.137      0.0005000 
   1   277   1     0     1     1  0.138      0.138      0.0005000 
   1   278   1     0     1     1  0.138      0.138      0.0005000 
   1   279   1     0     1     1  0.139      0.139      0.0005000 
   1   280   1     0     1     1  0.139      0.139      0.0005000 
   1   281   1     0     1     1  0.140      0.140      0.0005000 
   1   282   1     0     1     1  0.140      0.140      0.0005000 
   1   283   1     0     1     1  0.141      0.141      0.0005000 
   1   284   1     0     1     1  0.141      0.141      0.0005000 
   1   285   1     0     1     1  0.142      0.142      0.0005000 
   1   286   1     0     1     1  0.142      0.142      0.0005000 
   1   287   1     0     1     1  0.143      0.143      0.0005000 
   1   288   1     0     1     1  0.143      0.143      0.0005000 
   1   289   1     0     1     1  0.144      0.144      0.0005000 
   1   290   1     0     1     1  0.144      0.144      0.0005000 
   1   291   1     0     1     1  0.145      0.145      0.0005000 
   1   292   1     0     1     1  0.145      0.145      0.0005000 
   1   293   1     0     1     1  0.146      0.146      0.0005000 
   1   294   1     0     1     1  0.146      0.146      0.0005000 
   1   295   1     0     1     1  0.147      0.147      0.0005000 
   1   296   1     0     1     1  0.147      0.147      0.0005000 
   1   297   1     0     1     1  0.148      0.148      0.0005000 
   1   298   1     0     1     1  0.148      0.148      0.0005000 
   1   299   1     0     1     1  0.149      0.149      0.0005000 
   1   300   1     0     1     1  0.149      0.149      0.0005000 
   1   301   1     0     1     1  0.150      0.150      0.0005000 
   1   302   1     0     1     1  0.150      0.150      0.0005000 
   1   303   1     0     1     1  0.151      0.151      0.0005000 
   1   304   1     0     1     1  0.151      0.151      0.0005000 
   1   305   1     0     1     1  0.152      0.152      0.0005000 
   1   306   1     0     1     1  0.152      0.152      0.0005000 
   1   307   1     0     1     1  0.153      0.153      0.0005000 
   1   308   1     0     1     1  0.153      0.153      0.0005000 
   1   309   1     0     1     1  0.154      0.154      0.0005000 
   1   310   1     0     1     1  0.154      0.154      0.0005000 
   1   311   1     0     1     1  0.155      0.155      0.0005000 
   1   312   1     0     1     1  0.155      0.155      0.0005000 
   1   313   1     0     1     1  0.156      0.156      0.0005000 
   1   314   1     0     1     1  0.156      0.156      0.0005000 
   1   315   1     0     1     1  0.157      0.157      0.0005000 
   1   316   1     0     1     1  0.157      0.157      0.0005000 
   1   317   1     0     1     1  0.158      0.158      0.0005000 
   1   318   1     0     1     1  0.158      0.158      0.0005000 
   1   319   1     0     1     1  0.159      0.159      0.0005000 
   1   320   1     0     1     1  0.159      0.159      0.0005000 
   1   321   1     0     1     1  0.160      0.160      0.0005000 
   1   322   1     0     1     1  0.160      0.160      0.0005000 
   1   323   1     0     1     1  0.161      0.161      0.0005000 
   1   324   1     0     1     1  0.161      0.161      0.0005000 
   1   325   1     0     1     1  0.162      0.162      0.0005000 
   1   326   1     0     1     1  0.162      0.162      0.0005000 
   1   327   1     0     1     1  0.163      0.163      0.0005000 
   1   328   1     0     1     1  0.163      0.163      0.0005000 
   1   329   1     0     1     1  0.164      0.164      0.0005000 
   1   330   1     0     1     1  0.164      0.164      0.0005000 
   1   331   1     0     1     1  0.165      0.165      0.0005000 
   1   332   1     0     1     1  0.165      0.165      0.0005000 
   1   333   1     0     1     1  0.166      0.166      0.0005000 
   1   334   1     0     1     1  0.166      0.166      0.0005000 
   1   335   1     0     1     1  0.167      0.167      0.0005000 
   1   336   1     0     1     1  0.167      0.167      0.0005000 
   1   337   1     0     1     1  0.168      0.168      0.0005000 
   1   338   1     0     1     1  0.168      0.168      0.0005000 
   1   339   1     0     1     1  0.169      0.169      0.0005000 
   1   340   1     0     1     1  0.169      0.169      0.0005000 
   1   341   1     0     1     1  0.170      0.170      0.0005000 
   1   342   1     0     1     1  0.170      0.170      0.0005000 
   1   343   1     0     1     1  0.171      0.171      0.0005000 
   1   344   1     0     1     1  0.171      0.171      0.0005000 
   1   345   1     0     1     1  0.172      0.172      0.0005000 
   1   346   1     0     1     1  0.172      0.172      0.0005000 
   1   347   1     0     1     1  0.173      0.173      0.0005000 
   1   348   1     0     1     1  0.173      0.173      0.0005000 
   1   349   1     0     1     1  0.174      0.174      0.0005000 
   1   350   1     0     1     1  0.174      0.174      0.0005000 
   1   351   1     0     1     1  0.175      0.175      0.0005000 
   1   352   1     0     1     1  0.175      0.175      0.0005000 
   1   353   1     0     1     1  0.176      0.176      0.0005000 
   1   354   1     0     1     1  0.176      0.176      0.0005000 
   1   355   1     0     1     1  0.177      0.177      0.0005000 
   1   356   1     0     1     1  0.177      0.177      0.0005000 
   1   357   1     0     1     1  0.178      0.178      0.0005000 
   1   358   1     0     1     1  0.178      0.178      0.0005000 
   1   359   1     0     1     1  0.179      0.179      0.0005000 
   1   360   1     0     1     1  0.179      0.179      0.0005000 
   1   361   1     0     1     1  0.180      0.180      0.0005000 
   1   362   1     0     1     1  0.180      0.180      0.0005000 
   1   363   1     0     1     1  0.181      0.181      0.0005000 
   1   364   1     0     1     1  0.181      0.181      0.0005000 
   1   365   1     0     1     1  0.182      0.182      0.0005000 
   1   366   1     0     1     1  0.182      0.182      0.0005000 
   1   367   1     0     1     1  0.183      0.183      0.0005000 
   1   368   1     0     1     1  0.183      0.183      0.0005000 
   1   369   1     0     1     1  0.184      0.184      0.0005000 
   1   370   1     0     1     1  0.184      0.184      0.0005000 
   1   371   1     0     1     1  0.185      0.185      0.0005000 
   1   372   1     0     1     1  0.185      0.185      0.0005000 
   1   373   1     0     1     1  0.186      0.186      0.0005000 
   1   374   1     0     1     1  0.186      0.186      0.0005000 
   1   375   1     0     1     1  0.187      0.187      0.0005000 
   1   376   1     0     1     1  0.187      0.187      0.0005000 
   1   377   1     0     1     1  0.188      0.188      0.0005000 
   1   378   1     0     1     1  0.188      0.188      0.0005000 
   1   379   1     0     1     1  0.189      0.189      0.0005000 
   1   380   1     0     1     1  0.189      0.189      0.0005000 
   1   381   1     0     1     1  0.190      0.190      0.0005000 
   1   382   1     0     1     1  0.190      0.190      0.0005000 
   1   383   1     0     1     1  0.191      0.191      0.0005000 
   1   384   1     0     1     1  0.191      0.191      0.0005000 
   1   385   1     0     1     1  0.192      0.192      0.0005000 
   1   386   1     0     1     1  0.192      0.192      0.0005000 
   1   387   1     0     1     1  0.193      0.193      0.0005000 
   1   388   1     0     1     1  0.193      0.193      0.0005000 
   1   389   1     0     1     1  0.194      0.194      0.0005000 
   1   390   1     0     1     1  0.194      0.194      0.0005000 
   1   391   1     0     1     1  0.195      0.195      0.0005000 
   1   392   1     0     1     1  0.195      0.195      0.0005000 
   1   393   1     0     1     1  0.196      0.196      0.0005000 
   1   394   1     0     1     1  0.196      0.196      0.0005000 
   1   395   1     0     1     1  0.197      0.197      0.0005000 
   1   396   1     0     1     1  0.197      0.197      0.0005000 
   1   397   1     0     1     1  0.198      0.198      0.0005000 
   1   398   1     0     1     1  0.198      0.198      0.0005000 
   1   399   1     0     1     1  0.199      0.199      0.0005000 
   1   400   1     0     1     1  0.199      0.199      0.0005000 
   1   401   1     0     1     1  0.200      0.200      0.0005000 
   1   402   1     0     1     1  0.200      0.200      0.0005000 
   1   403   1     0     1     1  0.201      0.201      0.0005000 
   1   404   1     0     1     1  0.201      0.201      0.0005000 
   1   405   1     0     1     1  0.202      0.202      0.0005000 
   1   406   1     0     1     1  0.202      0.202      0.0005000 
   1   407   1     0     1     1  0.203      0.203      0.0005000 
   1   408   1     0     1     1  0.203      0.203      0.0005000 
   1   409   1     0     1     1  0.204      0.204      0.0005000 
   1   410   1     0     1     1  0.204      0.204      0.0005000 
   1   411   1     0     1     1  0.205      0.205      0.0005000 
   1   412   1     0     1     1  0.205      0.205      0.0005000 
   1   413   1     0     1     1  0.206      0.206      0.0005000 
   1   414   1     0     1     1  0.206      0.206      0.0005000 
   1   415   1     0     1     1  0.207      0.207      0.0005000 
   1   416   1     0     1     1  0.207      0.207      0.0005000 
   1   417   1     0     1     1  0.208      0.208      0.0005000 
   1   418   1     0     1     1  0.208      0.208      0.0005000 
   1   419   1     0     1     1  0.209      0.209      0.0005000 
   1   420   1     0     1     1  0.209      0.209      0.0005000 
   1   421   1     0     1     1  0.210      0.210      0.0005000 
   1   422   1     0     1     1  0.210      0.210      0.0005000 
   1   423   1     0     1     1  0.211      0.211      0.0005000 
   1   424   1     0     1     1  0.211      0.211      0.0005000 
   1   425   1     0     1     1  0.212      0.212      0.0005000 
   1   426   1     0     1     1  0.212      0.212      0.0005000 
   1   427   1     0     1     1  0.213      0.213      0.0005000 
   1   428   1     0     1     1  0.213      0.213      0.0005000 
   1   429   1     0     1     1  0.214      0.214      0.0005000 
   1   430   1     0     1     1  0.214      0.214      0.0005000 
   1   431   1     0     1     1  0.215      0.215      0.0005000 
   1   432   1     0     1     1  0.215      0.215      0.0005000 
   1   433   1     0     1     1  0.216      0.216      0.0005000 
   1   434   1     0     1     1  0.216      0.216      0.0005000 
   1   435   1     0     1     1  0.217      0.217      0.0005000 
   1   436   1     0     1     1  0.217      0.217      0.0005000 
   1   437   1     0     1     1  0.218      0.218      0.0005000 
   1   438   1     0     1     1  0.218      0.218      0.0005000 
   1   439   1     0     1     1  0.219      0.219      0.0005000 
   1   440   1     0     1     1  0.219      0.219      0.0005000 
   1   441   1     0     1     1  0.220      0.220      0.0005000 
   1   442   1     0     1     1  0.220      0.220      0.0005000 
   1   443   1     0     1     1  0.221      0.221      0.0005000 
   1   444   1     0     1     1  0.221      0.221      0.0005000 
   1   445   1     0     1     1  0.222      0.222      0.0005000 
   1   446   1     0     1     1  0.222      0.222      0.0005000 
   1   447   1     0     1     1  0.223      0.223      0.0005000 
   1   448   1     0     1     1  0.223      0.223      0.0005000 
   1   449   1     0     1     1  0.224      0.224      0.0005000 
   1   450   1     0     1     1  0.224      0.224      0.0005000 
   1   451   1     0     1     1  0.225      0.225      0.0005000 
   1   452   1     0     1     1  0.225      0.225      0.0005000 
   1   453   1     0     1     1  0.226      0.226      0.0005000 
   1   454   1     0     1     1  0.226      0.226      0.0005000 
   1   455   1     0     1     1  0.227      0.227      0.0005000 
   1   456   1     0     1     1  0.227      0.227      0.0005000 
   1   457   1     0     1     1  0.228      0.228      0.0005000 
   1   458   1     0     1     1  0.228      0.228      0.0005000 
   1   459   1     0     1     1  0.229      0.229      0.0005000 
   1   460   1     0     1     1  0.229      0.229      0.0005000 
   1   461   1     0     1     1  0.230      0.230      0.0005000 
   1   462   1     0     1     1  0.230      0.230      0.0005000 
   1   463   1     0     1     1  0.231      0.231      0.0005000 
   1   464   1     0     1     1  0.231      0.231      0.0005000 
   1   465   1     0     1     1  0.232      0.232      0.0005000 
   1   466   1     0     1     1  0.232      0.232      0.0005000 
   1   467   1     0     1     1  0.233      0.233      0.0005000 
   1   468   1     0     1     1  0.233      0.233      0.0005000 
   1   469   1     0     1     1  0.234      0.234      0.0005000 
   1   470   1     0     1     1  0.234      0.234      0.0005000 
   1   471   1     0     1     1  0.235      0.235      0.0005000 
   1   472   1     0     1     1  0.235      0.235      0.0005000 
   1   473   1     0     1     1  0.236      0.236      0.0005000 
   1   474   1     0     1     1  0.236      0.236      0.0005000 
   1   475   1     0     1     1  0.237      0.237      0.0005000 
   1   476   1     0     1     1  0.237      0.237      0.0005000 
   1   477   1     0     1     1  0.238      0.238      0.0005000 
   1   478   1     0     1     1  0.238      0.238      0.0005000 
   1   479   1     0     1     1  0.239      0.239      0.0005000 
   1   480   1     0     1     1  0.239      0.239      0.0005000 
   1   481   1     0     1     1  0.240      0.240      0.0005000 
   1   482   1     0     1     1  0.240      0.240      0.0005000 
   1   483   1     0     1     1  0.241      0.241      0.0005000 
   1   484   1     0     1     1  0.241      0.241      0.0005000 
   1   485   1     0     1     1  0.242      0.242      0.0005000 
   1   486   1     0     1     1  0.242      0.242      0.0005000 
   1   487   1     0     1     1  0.243      0.243      0.0005000 
   1   488   1     0     1     1  0.243      0.243      0.0005000 
   1   489   1     0     1     1  0.244      0.244      0.0005000 
   1   490   1     0     1     1  0.244      0.244      0.0005000 
   1   491   1     0     1     1  0.245      0.245      0.0005000 
   1   492   1     0     1     1  0.245      0.245      0.0005000 
   1   493   1     0     1     1  0.246      0.246      0.0005000 
   1   494   1     0     1     1  0.246      0.246      0.0005000 
   1   495   1     0     1     1  0.247      0.247      0.0005000 
   1   496   1     0     1     1  0.247      0.247      0.0005000 
   1   497   1     0     1     1  0.248      0.248      0.0005000 
   1   498   1     0     1     1  0.248      0.248      0.0005000 
   1   499   1     0     1     1  0.249      0.249      0.0005000 
   1   500   1     0     1     1  0.249      0.249      0.0005000 
   1   501   1     0     1     1  0.250      0.250      0.0005000 
   1   502   1     0     1     1  0.250      0.250      0.0005000 
   1   503   1     0     1     1  0.251      0.251      0.0005000 
   1   504   1     0     1     1  0.251      0.251      0.0005000 
   1   505   1     0     1     1  0.252      0.252      0.0005000 
   1   506   1     0     1     1  0.252      0.252      0.0005000 
   1   507   1     0     1     1  0.253      0.253      0.0005000 
   1   508   1     0     1     1  0.253      0.253      0.0005000 
   1   509   1     0     1     1  0.254      0.254      0.0005000 
   1   510   1     0     1     1  0.254      0.254      0.0005000 
   1   511   1     0     1     1  0.255      0.255      0.0005000 
   1   512   1     0     1     1  0.255      0.255      0.0005000 
   1   513   1     0     1     1  0.256      0.256      0.0005000 
   1   514   1     0     1     1  0.256      0.256      0.0005000 
   1   515   1     0     1     1  0.257      0.257      0.0005000 
   1   516   1     0     1     1  0.257      0.257      0.0005000 
   1   517   1     0     1     1  0.258      0.258      0.0005000 
   1   518   1     0     1     1  0.258      0.258      0.0005000 
   1   519   1     0     1     1  0.259      0.259      0.0005000 
   1   520   1     0     1     1  0.259      0.259      0.0005000 
   1   521   1     0     1     1  0.260      0.260      0.0005000 
   1   522   1     0     1     1  0.260      0.260      0.0005000 
   1   523   1     0     1     1  0.261      0.261      0.0005000 
   1   524   1     0     1     1  0.261      0.261      0.0005000 
   1   525   1     0     1     1  0.262      0.262      0.0005000 
   1   526   1     0     1     1  0.262      0.262      0.0005000 
   1   527   1     0     1     1  0.263      0.263      0.0005000 
   1   528   1     0     1     1  0.263      0.263      0.0005000 
   1   529   1     0     1     1  0.264      0.264      0.0005000 
   1   530   1     0     1     1  0.264      0.264      0.0005000 
   1   531   1     0     1     1  0.265      0.265      0.0005000 
   1   532   1     0     1     1  0.265      0.265      0.0005000 
   1   533   1     0     1     1  0.266      0.266      0.0005000 
   1   534   1     0     1     1  0.266      0.266      0.0005000 
   1   535   1     0     1     1  0.267      0.267      0.0005000 
   1   536   1     0     1     1  0.267      0.267      0.0005000 
   1   537   1     0     1     1  0.268      0.268      0.0005000 
   1   538   1     0     1     1  0.268      0.268      0.0005000 
   1   539   1     0     1     1  0.269      0.269      0.0005000 
   1   540   1     0     1     1  0.269      0.269      0.0005000 
   1   541   1     0     1     1  0.270      0.270      0.0005000 
   1   542   1     0     1     1  0.270      0.270      0.0005000 
   1   543   1     0     1     1  0.271      0.271      0.0005000 
   1   544   1     0     1     1  0.271      0.271      0.0005000 
   1   545   1     0     1     1  0.272      0.272      0.0005000 
   1   546   1     0     1     1  0.272      0.272      0.0005000 
   1   547   1     0     1     1  0.273      0.273      0.0005000 
   1   548   1     0     1     1  0.273      0.273      0.0005000 
   1   549   1     0     1     1  0.274      0.274      0.0005000 
   1   550   1     0     1     1  0.274      0.274      0.0005000 
   1   551   1     0     1     1  0.275      0.275      0.0005000 
   1   552   1     0     1     1  0.275      0.275      0.0005000 
   1   553   1     0     1     1  0.276      0.276      0.0005000 
   1   554   1     0     1     1  0.276      0.276      0.0005000 
   1   555   1     0     1     1  0.277      0.277      0.0005000 
   1   556   1     0     1     1  0.277      0.277      0.0005000 
   1   557   1     0     1     1  0.278      0.278      0.0005000 
   1   558   1     0     1     1  0.278      0.278      0.0005000 
   1   559   1     0     1     1  0.279      0.279      0.0005000 
   1   560   1     0     1     1  0.279      0.279      0.0005000 
   1   561   1     0     1     1  0.280      0.280      0.0005000 
   1   562   1     0     1     1  0.280      0.280      0.0005000 
   1   563   1     0     1     1  0.281      0.281      0.0005000 
   1   564   1     0     1     1  0.281      0.281      0.0005000 
   1   565   1     0     1     1  0.282      0.282      0.0005000 
   1   566   1     0     1     1  0.282      0.282      0.0005000 
   1   567   1     0     1     1  0.283      0.283      0.0005000 
   1   568   1     0     1     1  0.283      0.283      0.0005000 
   1   569   1     0     1     1  0.284      0.284      0.0005000 
   1   570   1     0     1     1  0.284      0.284      0.0005000 
   1   571   1     0     1     1  0.285      0.285      0.0005000 
   1   572   1     0     1     1  0.285      0.285      0.0005000 
   1   573   1     0     1     1  0.286      0.286      0.0005000 
   1   574   1     0     1     1  0.286      0.286      0.0005000 
   1   575   1     0     1     1  0.287      0.287      0.0005000 
   1   576   1     0     1     1  0.287      0.287      0.0005000 
   1   577   1     0     1     1  0.288      0.288      0.0005000 
   1   578   1     0     1     1  0.288      0.288      0.0005000 
   1   579   1     0     1     1  0.289      0.289      0.0005000 
   1   580   1     0     1     1  0.289      0.289      0.0005000 
   1   581   1     0     1     1  0.290      0.290      0.0005000 
   1   582   1     0     1     1  0.290      0.290      0.0005000 
   1   583   1     0     1     1  0.291      0.291      0.0005000 
   1   584   1     0     1     1  0.291      0.291      0.0005000 
   1   585   1     0     1     1  0.292      0.292      0.0005000 
   1   586   1     0     1     1  0.292      0.292      0.0005000 
   1   587   1     0     1     1  0.293      0.293      0.0005000 
   1   588   1     0     1     1  0.293      0.293      0.0005000 
   1   589   1     0     1     1  0.294      0.294      0.0005000 
   1   590   1     0     1     1  0.294      0.294      0.0005000 
   1   591   1     0     1     1  0.295      0.295      0.0005000 
   1   592   1     0     1     1  0.295      0.295      0.0005000 
   1   593   1     0     1     1  0.296      0.296      0.0005000 
   1   594   1     0     1     1  0.296      0.296      0.0005000 
   1   595   1     0     1     1  0.297      0.297      0.0005000 
   1   596   1     0     1     1  0.297      0.297      0.0005000 
   1   597   1     0     1     1  0.298      0.298      0.0005000 
   1   598   1     0     1     1  0.298      0.298      0.0005000 
   1   599   1     0     1     1  0.299      0.299      0.0005000 
   1   600   1     0     1     1  0.299      0.299      0.0005000 
   1   601   1     0     1     1  0.300      0.300      0.0005000 
   1   602   1     0     1     1  0.300      0.300      0.0005000 
   1   603   1     0     1     1  0.301      0.301      0.0005000 
   1   604   1     0     1     1  0.301      0.301      0.0005000 
   1   605   1     0     1     1  0.302      0.302      0.0005000 
   1   606   1     0     1     1  0.302      0.302      0.0005000 
   1   607   1     0     1     1  0.303      0.303      0.0005000 
   1   608   1     0     1     1  0.303      0.303      0.0005000 
   1   609   1     0     1     1  0.304      0.304      0.0005000 
   1   610   1     0     1     1  0.304      0.304      0.0005000 
   1   611   1     0     1     1  0.305      0.305      0.0005000 
   1   612   1     0     1     1  0.305      0.305      0.0005000 
   1   613   1     0     1     1  0.306      0.306      0.0005000 
   1   614   1     0     1     1  0.306      0.306      0.0005000 
   1   615   1     0     1     1  0.307      0.307      0.0005000 
   1   616   1     0     1     1  0.307      0.307      0.0005000 
   1   617   1     0     1     1  0.308      0.308      0.0005000 
   1   618   1     0     1     1  0.308      0.308      0.0005000 
   1   619   1     0     1     1  0.309      0.309      0.0005000 
   1   620   1     0     1     1  0.309      0.309      0.0005000 
   1   621   1     0     1     1  0.310      0.310      0.0005000 
   1   622   1     0     1     1  0.310      0.310      0.0005000 
   1   623   1     0     1     1  0.311      0.311      0.0005000 
   1   624   1     0     1     1  0.311      0.311      0.0005000 
   1   625   1     0     1     1  0.312      0.312      0.0005000 
   1   626   1     0     1     1  0.312      0.312      0.0005000 
   1   627   1     0     1     1  0.313      0.313      0.0005000 
   1   628   1     0     1     1  0.313      0.313      0.0005000 
   1   629   1     0     1     1  0.314      0.314      0.0005000 
   1   630   1     0     1     1  0.314      0.314      0.0005000 
   1   631   1     0     1     1  0.315      0.315      0.0005000 
   1   632   1     0     1     1  0.315      0.315      0.0005000 
   1   633   1     0     1     1  0.316      0.316      0.0005000 
   1   634   1     0     1     1  0.316      0.316      0.0005000 
   1   635   1     0     1     1  0.317      0.317      0.0005000 
   1   636   1     0     1     1  0.317      0.317      0.0005000 
   1   637   1     0     1     1  0.318      0.318      0.0005000 
   1   638   1     0     1     1  0.318      0.318      0.0005000 
   1   639   1     0     1     1  0.319      0.319      0.0005000 
   1   640   1     0     1     1  0.319      0.319      0.0005000 
   1   641   1     0     1     1  0.320      0.320      0.0005000 
   1   642   1     0     1     1  0.320      0.320      0.0005000 
   1   643   1     0     1     1  0.321      0.321      0.0005000 
   1   644   1     0     1     1  0.321      0.321      0.0005000 
   1   645   1     0     1     1  0.322      0.322      0.0005000 
   1   646   1     0     1     1  0.322      0.322      0.0005000 
   1   647   1     0     1     1  0.323      0.323      0.0005000 
   1   648   1     0     1     1  0.323      0.323      0.0005000 
   1   649   1     0     1     1  0.324      0.324      0.0005000 
   1   650   1     0     1     1  0.324      0.324      0.0005000 
   1   651   1     0     1     1  0.325      0.325      0.0005000 
   1   652   1     0     1     1  0.325      0.325      0.0005000 
   1   653   1     0     1     1  0.326      0.326      0.0005000 
   1   654   1     0     1     1  0.326      0.326      0.0005000 
   1   655   1     0     1     1  0.327      0.327      0.0005000 
   1   656   1     0     1     1  0.327      0.327      0.0005000 
   1   657   1     0     1     1  0.328      0.328      0.0005000 
   1   658   1     0     1     1  0.328      0.328      0.0005000 
   1   659   1     0     1     1  0.329      0.329      0.0005000 
   1   660   1     0     1     1  0.329      0.329      0.0005000 
   1   661   1     0     1     1  0.330      0.330      0.0005000 
   1   662   1     0     1     1  0.330      0.330      0.0005000 
   1   663   1     0     1     1  0.331      0.331      0.0005000 
   1   664   1     0     1     1  0.331      0.331      0.0005000 
   1   665   1     0     1     1  0.332      0.332      0.0005000 
   1   666   1     0     1     1  0.332      0.332      0.0005000 
   1   667   1     0     1     1  0.333      0.333      0.0005000 
   1   668   1     0     1     1  0.333      0.333      0.0005000 
   1   669   1     0     1     1  0.334      0.334      0.0005000 
   1   670   1     0     1     1  0.334      0.334      0.0005000 
   1   671   1     0     1     1  0.335      0.335      0.0005000 
   1   672   1     0     1     1  0.335      0.335      0.0005000 
   1   673   1     0     1     1  0.336      0.336      0.0005000 
   1   674   1     0     1     1  0.336      0.336      0.0005000 
   1   675   1     0     1     1  0.337      0.337      0.0005000 
   1   676   1     0     1     1  0.337      0.337      0.0005000 
   1   677   1     0     1     1  0.338      0.338      0.0005000 
   1   678   1     0     1     1  0.338      0.338      0.0005000 
   1   679   1     0     1     1  0.339      0.339      0.0005000 
   1   680   1     0     1     1  0.339      0.339      0.0005000 
   1   681   1     0     1     1  0.340      0.340      0.0005000 
   1   682   1     0     1     1  0.340      0.340      0.0005000 
   1   683   1     0     1     1  0.341      0.341      0.0005000 
   1   684   1     0     1     1  0.341      0.341      0.0005000 
   1   685   1     0     1     1  0.342      0.342      0.0005000 
   1   686   1     0     1     1  0.342      0.342      0.0005000 
   1   687   1     0     1     1  0.343      0.343      0.0005000 
   1   688   1     0     1     1  0.343      0.343      0.0005000 
   1   689   1     0     1     1  0.344      0.344      0.0005000 
   1   690   1     0     1     1  0.344      0.344      0.0005000 
   1   691   1     0     1     1  0.345      0.345      0.0005000 
   1   692   1     0     1     1  0.345      0.345      0.0005000 
   1   693   1     0     1     1  0.346      0.346      0.0005000 
   1   694   1     0     1     1  0.346      0.346      0.0005000 
   1   695   1     0     1     1  0.347      0.347      0.0005000 
   1   696   1     0     1     1  0.347      0.347      0.0005000 
   1   697   1     0     1     1  0.348      0.348      0.0005000 
   1   698   1     0     1     1  0.348      0.348      0.0005000 
   1   699   1     0     1     1  0.349      0.349      0.0005000 
   1   700   1     0     1     1  0.349      0.349      0.0005000 
   1   701   1     0     1     1  0.350      0.350      0.0005000 
   1   702   1     0     1     1  0.350      0.350      0.0005000 
   1   703   1     0     1     1  0.351      0.351      0.0005000 
   1   704   1     0     1     1  0.351      0.351      0.0005000 
   1   705   1     0     1     1  0.352      0.352      0.0005000 
   1   706   1     0     1     1  0.352      0.352      0.0005000 
   1   707   1     0     1     1  0.353      0.353      0.0005000 
   1   708   1     0     1     1  0.353      0.353      0.0005000 
   1   709   1     0     1     1  0.354      0.354      0.0005000 
   1   710   1     0     1     1  0.354      0.354      0.0005000 
   1   711   1     0     1     1  0.355      0.355      0.0005000 
   1   712   1     0     1     1  0.355      0.355      0.0005000 
   1   713   1     0     1     1  0.356      0.356      0.0005000 
   1   714   1     0     1     1  0.356      0.356      0.0005000 
   1   715   1     0     1     1  0.357      0.357      0.0005000 
   1   716   1     0     1     1  0.357      0.357      0.0005000 
   1   717   1     0     1     1  0.358      0.358      0.0005000 
   1   718   1     0     1     1  0.358      0.358      0.0005000 
   1   719   1     0     1     1  0.359      0.359      0.0005000 
   1   720   1     0     1     1  0.359      0.359      0.0005000 
   1   721   1     0     1     1  0.360      0.360      0.0005000 
   1   722   1     0     1     1  0.360      0.360      0.0005000 
   1   723   1     0     1     1  0.361      0.361      0.0005000 
   1   724   1     0     1     1  0.361      0.361      0.0005000 
   1   725   1     0     1     1  0.362      0.362      0.0005000 
   1   726   1     0     1     1  0.362      0.362      0.0005000 
   1   727   1     0     1     1  0.363      0.363      0.0005000 
   1   728   1     0     1     1  0.363      0.363      0.0005000 
   1   729   1     0     1     1  0.364      0.364      0.0005000 
   1   730   1     0     1     1  0.364      0.364      0.0005000 
   1   731   1     0     1     1  0.365      0.365      0.0005000 
   1   732   1     0     1     1  0.365      0.365      0.0005000 
   1   733   1     0     1     1  0.366      0.366      0.0005000 
   1   734   1     0     1     1  0.366      0.366      0.0005000 
   1   735   1     0     1     1  0.367      0.367      0.0005000 
   1   736   1     0     1     1  0.367      0.367      0.0005000 
   1   737   1     0     1     1  0.368      0.368      0.0005000 
   1   738   1     0     1     1  0.368      0.368      0.0005000 
   1   739   1     0     1     1  0.369      0.369      0.0005000 
   1   740   1     0     1     1  0.369      0.369      0.0005000 
   1   741   1     0     1     1  0.370      0.370      0.0005000 
   1   742   1     0     1     1  0.370      0.370      0.0005000 
   1   743   1     0     1     1  0.371      0.371      0.0005000 
   1   744   1     0     1     1  0.371      0.371      0.0005000 
   1   745   1     0     1     1  0.372      0.372      0.0005000 
   1   746   1     0     1     1  0.372      0.372      0.0005000 
   1   747   1     0     1     1  0.373      0.373      0.0005000 
   1   748   1     0     1     1  0.373      0.373      0.0005000 
   1   749   1     0     1     1  0.374      0.374      0.0005000 
   1   750   1     0     1     1  0.374      0.374      0.0005000 
   1   751   1     0     1     1  0.375      0.375      0.0005000 
   1   752   1     0     1     1  0.375      0.375      0.0005000 
   1   753   1     0     1     1  0.376      0.376      0.0005000 
   1   754   1     0     1     1  0.376      0.376      0.0005000 
   1   755   1     0     1     1  0.377      0.377      0.0005000 
   1   756   1     0     1     1  0.377      0.377      0.0005000 
   1   757   1     0     1     1  0.378      0.378      0.0005000 
   1   758   1     0     1     1  0.378      0.378      0.0005000 
   1   759   1     0     1     1  0.379      0.379      0.0005000 
   1   760   1     0     1     1  0.379      0.379      0.0005000 
   1   761   1     0     1     1  0.380      0.380      0.0005000 
   1   762   1     0     1     1  0.380      0.380      0.0005000 
   1   763   1     0     1     1  0.381      0.381      0.0005000 
   1   764   1     0     1     1  0.381      0.381      0.0005000 
   1   765   1     0     1     1  0.382      0.382      0.0005000 
   1   766   1     0     1     1  0.382      0.382      0.0005000 
   1   767   1     0     1     1  0.383      0.383      0.0005000 
   1   768   1     0     1     1  0.383      0.383      0.0005000 
   1   769   1     0     1     1  0.384      0.384      0.0005000 
   1   770   1     0     1     1  0.384      0.384      0.0005000 
   1   771   1     0     1     1  0.385      0.385      0.0005000 
   1   772   1     0     1     1  0.385      0.385      0.0005000 
   1   773   1     0     1     1  0.386      0.386      0.0005000 
   1   774   1     0     1     1  0.386      0.386      0.0005000 
   1   775   1     0     1     1  0.387      0.387      0.0005000 
   1   776   1     0     1     1  0.387      0.387      0.0005000 
   1   777   1     0     1     1  0.388      0.388      0.0005000 
   1   778   1     0     1     1  0.388      0.388      0.0005000 
   1   779   1     0     1     1  0.389      0.389      0.0005000 
   1   780   1     0     1     1  0.389      0.389      0.0005000 
   1   781   1     0     1     1  0.390      0.390      0.0005000 
   1   782   1     0     1     1  0.390      0.390      0.0005000 
   1   783   1     0     1     1  0.391      0.391      0.0005000 
   1   784   1     0     1     1  0.391      0.391      0.0005000 
   1   785   1     0     1     1  0.392      0.392      0.0005000 
   1   786   1     0     1     1  0.392      0.392      0.0005000 
   1   787   1     0     1     1  0.393      0.393      0.0005000 
   1   788   1     0     1     1  0.393      0.393      0.0005000 
   1   789   1     0     1     1  0.394      0.394      0.0005000 
   1   790   1     0     1     1  0.394      0.394      0.0005000 
   1   791   1     0     1     1  0.395      0.395      0.0005000 
   1   792   1     0     1     1  0.395      0.395      0.0005000 
   1   793   1     0     1     1  0.396      0.396      0.0005000 
   1   794   1     0     1     1  0.396      0.396      0.0005000 
   1   795   1     0     1     1  0.397      0.397      0.0005000 
   1   796   1     0     1     1  0.397      0.397      0.0005000 
   1   797   1     0     1     1  0.398      0.398      0.0005000 
   1   798   1     0     1     1  0.398      0.398      0.0005000 
   1   799   1     0     1     1  0.399      0.399      0.0005000 
   1   800   1     0     1     1  0.399      0.399      0.0005000 
   1   801   1     0     1     1  0.400      0.400      0.0005000 
   1   802   1     0     1     1  0.400      0.400      0.0005000 
   1   803   1     0     1     1  0.401      0.401      0.0005000 
   1   804   1     0     1     1  0.401      0.401      0.0005000 
   1   805   1     0     1     1  0.402      0.402      0.0005000 
   1   806   1     0     1     1  0.402      0.402      0.0005000 
   1   807   1     0     1     1  0.403      0.403      0.0005000 
   1   808   1     0     1     1  0.403      0.403      0.0005000 
   1   809   1     0     1     1  0.404      0.404      0.0005000 
   1   810   1     0     1     1  0.404      0.404      0.0005000 
   1   811   1     0     1     1  0.405      0.405      0.0005000 
   1   812   1     0     1     1  0.405      0.405      0.0005000 
   1   813   1     0     1     1  0.406      0.406      0.0005000 
   1   814   1     0     1     1  0.406      0.406      0.0005000 
   1   815   1     0     1     1  0.407      0.407      0.0005000 
   1   816   1     0     1     1  0.407      0.407      0.0005000 
   1   817   1     0     1     1  0.408      0.408      0.0005000 
   1   818   1     0     1     1  0.408      0.408      0.0005000 
   1   819   1     0     1     1  0.409      0.409      0.0005000 
   1   820   1     0     1     1  0.409      0.409      0.0005000 
   1   821   1     0     1     1  0.410      0.410      0.0005000 
   1   822   1     0     1     1  0.410      0.410      0.0005000 
   1   823   1     0     1     1  0.411      0.411      0.0005000 
   1   824   1     0     1     1  0.411      0.411      0.0005000 
   1   825   1     0     1     1  0.412      0.412      0.0005000 
   1   826   1     0     1     1  0.412      0.412      0.0005000 
   1   827   1     0     1     1  0.413      0.413      0.0005000 
   1   828   1     0     1     1  0.413      0.413      0.0005000 
   1   829   1     0     1     1  0.414      0.414      0.0005000 
   1   830   1     0     1     1  0.414      0.414      0.0005000 
   1   831   1     0     1     1  0.415      0.415      0.0005000 
   1   832   1     0     1     1  0.415      0.415      0.0005000 
   1   833   1     0     1     1  0.416      0.416      0.0005000 
   1   834   1     0     1     1  0.416      0.416      0.0005000 
   1   835   1     0     1     1  0.417      0.417      0.0005000 
   1   836   1     0     1     1  0.417      0.417      0.0005000 
   1   837   1     0     1     1  0.418      0.418      0.0005000 
   1   838   1     0     1     1  0.418      0.418      0.0005000 
   1   839   1     0     1     1  0.419      0.419      0.0005000 
   1   840   1     0     1     1  0.419      0.419      0.0005000 
   1   841   1     0     1     1  0.420      0.420      0.0005000 
   1   842   1     0     1     1  0.420      0.420      0.0005000 
   1   843   1     0     1     1  0.421      0.421      0.0005000 
   1   844   1     0     1     1  0.421      0.421      0.0005000 
   1   845   1     0     1     1  0.422      0.422      0.0005000 
   1   846   1     0     1     1  0.422      0.422      0.0005000 
   1   847   1     0     1     1  0.423      0.423      0.0005000 
   1   848   1     0     1     1  0.423      0.423      0.0005000 
   1   849   1     0     1     1  0.424      0.424      0.0005000 
   1   850   1     0     1     1  0.424      0.424      0.0005000 
   1   851   1     0     1     1  0.425      0.425      0.0005000 
   1   852   1     0     1     1  0.425      0.425      0.0005000 
   1   853   1     0     1     1  0.426      0.426      0.0005000 
   1   854   1     0     1     1  0.426      0.426      0.0005000 
   1   855   1     0     1     1  0.427      0.427      0.0005000 
   1   856   1     0     1     1  0.427      0.427      0.0005000 
   1   857   1     0     1     1  0.428      0.428      0.0005000 
   1   858   1     0     1     1  0.428      0.428      0.0005000 
   1   859   1     0     1     1  0.429      0.429      0.0005000 
   1   860   1     0     1     1  0.429      0.429      0.0005000 
   1   861   1     0     1     1  0.430      0.430      0.0005000 
   1   862   1     0     1     1  0.430      0.430      0.0005000 
   1   863   1     0     1     1  0.431      0.431      0.0005000 
   1   864   1     0     1     1  0.431      0.431      0.0005000 
   1   865   1     0     1     1  0.432      0.432      0.0005000 
   1   866   1     0     1     1  0.432      0.432      0.0005000 
   1   867   1     0     1     1  0.433      0.433      0.0005000 
   1   868   1     0     1     1  0.433      0.433      0.0005000 
   1   869   1     0     1     1  0.434      0.434      0.0005000 
   1   870   1     0     1     1  0.434      0.434      0.0005000 
   1   871   1     0     1     1  0.435      0.435      0.0005000 
   1   872   1     0     1     1  0.435      0.435      0.0005000 
   1   873   1     0     1     1  0.436      0.436      0.0005000 
   1   874   1     0     1     1  0.436      0.436      0.0005000 
   1   875   1     0     1     1  0.437      0.437      0.0005000 
   1   876   1     0     1     1  0.437      0.437      0.0005000 
   1   877   1     0     1     1  0.438      0.438      0.0005000 
   1   878   1     0     1     1  0.438      0.438      0.0005000 
   1   879   1     0     1     1  0.439      0.439      0.0005000 
   1   880   1     0     1     1  0.439      0.439      0.0005000 
   1   881   1     0     1     1  0.440      0.440      0.0005000 
   1   882   1     0     1     1  0.440      0.440      0.0005000 
   1   883   1     0     1     1  0.441      0.441      0.0005000 
   1   884   1     0     1     1  0.441      0.441      0.0005000 
   1   885   1     0     1     1  0.442      0.442      0.0005000 
   1   886   1     0     1     1  0.442      0.442      0.0005000 
   1   887   1     0     1     1  0.443      0.443      0.0005000 
   1   888   1     0     1     1  0.443      0.443      0.0005000 
   1   889   1     0     1     1  0.444      0.444      0.0005000 
   1   890   1     0     1     1  0.444      0.444      0.0005000 
   1   891   1     0     1     1  0.445      0.445      0.0005000 
   1   892   1     0     1     1  0.445      0.445      0.0005000 
   1   893   1     0     1     1  0.446      0.446      0.0005000 
   1   894   1     0     1     1  0.446      0.446      0.0005000 
   1   895   1     0     1     1  0.447      0.447      0.0005000 
   1   896   1     0     1     1  0.447      0.447      0.0005000 
   1   897   1     0     1     1  0.448      0.448      0.0005000 
   1   898   1     0     1     1  0.448      0.448      0.0005000 
   1   899   1     0     1     1  0.449      0.449      0.0005000 
   1   900   1     0     1     1  0.449      0.449      0.0005000 
   1   901   1     0     1     1  0.450      0.450      0.0005000 
   1   902   1     0     1     1  0.450      0.450      0.0005000 
   1   903   1     0     1     1  0.451      0.451      0.0005000 
   1   904   1     0     1     1  0.451      0.451      0.0005000 
   1   905   1     0     1     1  0.452      0.452      0.0005000 
   1   906   1     0     1     1  0.452      0.452      0.0005000 
   1   907   1     0     1     1  0.453      0.453      0.0005000 
   1   908   1     0     1     1  0.453      0.453      0.0005000 
   1   909   1     0     1     1  0.454      0.454      0.0005000 
   1   910   1     0     1     1  0.454      0.454      0.0005000 
   1   911   1     0     1     1  0.455      0.455      0.0005000 
   1   912   1     0     1     1  0.455      0.455      0.0005000 
   1   913   1     0     1     1  0.456      0.456      0.0005000 
   1   914   1     0     1     1  0.456      0.456      0.0005000 
   1   915   1     0     1     1  0.457      0.457      0.0005000 
   1   916   1     0     1     1  0.457      0.457      0.0005000 
   1   917   1     0     1     1  0.458      0.458      0.0005000 
   1   918   1     0     1     1  0.458      0.458      0.0005000 
   1   919   1     0     1     1  0.459      0.459      0.0005000 
   1   920   1     0     1     1  0.459      0.459      0.0005000 
   1   921   1     0     1     1  0.460      0.460      0.0005000 
   1   922   1     0     1     1  0.460      0.460      0.0005000 
   1   923   1     0     1     1  0.461      0.461      0.0005000 
   1   924   1     0     1     1  0.461      0.461      0.0005000 
   1   925   1     0     1     1  0.462      0.462      0.0005000 
   1   926   1     0     1     1  0.462      0.462      0.0005000 
   1   927   1     0     1     1  0.463      0.463      0.0005000 
   1   928   1     0     1     1  0.463      0.463      0.0005000 
   1   929   1     0     1     1  0.464      0.464      0.0005000 
   1   930   1     0     1     1  0.464      0.464      0.0005000 
   1   931   1     0     1     1  0.465      0.465      0.0005000 
   1   932   1     0     1     1  0.465      0.465      0.0005000 
   1   933   1     0     1     1  0.466      0.466      0.0005000 
   1   934   1     0     1     1  0.466      0.466      0.0005000 
   1   935   1     0     1     1  0.467      0.467      0.0005000 
   1   936   1     0     1     1  0.467      0.467      0.0005000 
   1   937   1     0     1     1  0.468      0.468      0.0005000 
   1   938   1     0     1     1  0.468      0.468      0.0005000 
   1   939   1     0     1     1  0.469      0.469      0.0005000 
   1   940   1     0     1     1  0.469      0.469      0.0005000 
   1   941   1     0     1     1  0.470      0.470      0.0005000 
   1   942   1     0     1     1  0.470      0.470      0.0005000 
   1   943   1     0     1     1  0.471      0.471      0.0005000 
   1   944   1     0     1     1  0.471      0.471      0.0005000 
   1   945   1     0     1     1  0.472      0.472      0.0005000 
   1   946   1     0     1     1  0.472      0.472      0.0005000 
   1   947   1     0     1     1  0.473      0.473      0.0005000 
   1   948   1     0     1     1  0.473      0.473      0.0005000 
   1   949   1     0     1     1  0.474      0.474      0.0005000 
   1   950   1     0     1     1  0.474      0.474      0.0005000 
   1   951   1     0     1     1  0.475      0.475      0.0005000 
   1   952   1     0     1     1  0.475      0.475      0.0005000 
   1   953   1     0     1     1  0.476      0.476      0.0005000 
   1   954   1     0     1     1  0.476      0.476      0.0005000 
   1   955   1     0     1     1  0.477      0.477      0.0005000 
   1   956   1     0     1     1  0.477      0.477      0.0005000 
   1   957   1     0     1     1  0.478      0.478      0.0005000 
   1   958   1     0     1     1  0.478      0.478      0.0005000 
   1   959   1     0     1     1  0.479      0.479      0.0005000 
   1   960   1     0     1     1  0.479      0.479      0.0005000 
   1   961   1     0     1     1  0.480      0.480      0.0005000 
   1   962   1     0     1     1  0.480      0.480      0.0005000 
   1   963   1     0     1     1  0.481      0.481      0.0005000 
   1   964   1     0     1     1  0.481      0.481      0.0005000 
   1   965   1     0     1     1  0.482      0.482      0.0005000 
   1   966   1     0     1     1  0.482      0.482      0.0005000 
   1   967   1     0     1     1  0.483      0.483      0.0005000 
   1   968   1     0     1     1  0.483      0.483      0.0005000 
   1   969   1     0     1     1  0.484      0.484      0.0005000 
   1   970   1     0     1     1  0.484      0.484      0.0005000 
   1   971   1     0     1     1  0.485      0.485      0.0005000 
   1   972   1     0     1     1  0.485      0.485      0.0005000 
   1   973   1     0     1     1  0.486      0.486      0.0005000 
   1   974   1     0     1     1  0.486      0.486      0.0005000 
   1   975   1     0     1     1  0.487      0.487      0.0005000 
   1   976   1     0     1     1  0.487      0.487      0.0005000 
   1   977   1     0     1     1  0.488      0.488      0.0005000 
   1   978   1     0     1     1  0.488      0.488      0.0005000 
   1   979   1     0     1     1  0.489      0.489      0.0005000 
   1   980   1     0     1     1  0.489      0.489      0.0005000 
   1   981   1     0     1     1  0.490      0.490      0.0005000 
   1   982   1     0     1     1  0.490      0.490      0.0005000 
   1   983   1     0     1     1  0.491      0.491      0.0005000 
   1   984   1     0     1     1  0.491      0.491      0.0005000 
   1   985   1     0     1     1  0.492      0.492      0.0005000 
   1   986   1     0     1     1  0.492      0.492      0.0005000 
   1   987   1     0     1     1  0.493      0.493      0.0005000 
   1   988   1     0     1     1  0.493      0.493      0.0005000 
   1   989   1     0     1     1  0.494      0.494      0.0005000 
   1   990   1     0     1     1  0.494      0.494      0.0005000 
   1   991   1     0     1     1  0.495      0.495      0.0005000 
   1   992   1     0     1     1  0.495      0.495      0.0005000 
   1   993   1     0     1     1  0.496      0.496      0.0005000 
   1   994   1     0     1     1  0.496      0.496      0.0005000 
   1   995   1     0     1     1  0.497      0.497      0.0005000 
   1   996   1     0     1     1  0.497      0.497      0.0005000 
   1   997   1     0     1     1  0.498      0.498      0.0005000 
   1   998   1     0     1     1  0.498      0.498      0.0005000 
   1   999   1     0     1     1  0.499      0.499      0.0005000 
   1  1000   1     0     1     1  0.499      0.499      0.0005000 
   1  1001   1     0     1     1  0.500      0.500      0.0005000 
   1  1002   1     0     1     1  0.500      0.500      0.0005000 
   1  1003   1     0     1     1  0.501      0.501      0.0005000 
   1  1004   1     0     1     1  0.501      0.501      0.0005000 
   1  1005   1     0     1     1  0.502      0.502      0.0005000 
   1  1006   1     0     1     1  0.502      0.502      0.0005000 
   1  1007   1     0     1     1  0.503      0.503      0.0005000 
   1  1008   1     0     1     1  0.503      0.503      0.0005000 
   1  1009   1     0     1     1  0.504      0.504      0.0005000 
   1  1010   1     0     1     1  0.504      0.504      0.0005000 
   1  1011   1     0     1     1  0.505      0.505      0.0005000 
   1  1012   1     0     1     1  0.505      0.505      0.0005000 
   1  1013   1     0     1     1  0.506      0.506      0.0005000 
   1  1014   1     0     1     1  0.506      0.506      0.0005000 
   1  1015   1     0     1     1  0.507      0.507      0.0005000 
   1  1016   1     0     1     1  0.507      0.507      0.0005000 
   1  1017   1     0     1     1  0.508      0.508      0.0005000 
   1  1018   1     0     1     1  0.508      0.508      0.0005000 
   1  1019   1     0     1     1  0.509      0.509      0.0005000 
   1  1020   1     0     1     1  0.509      0.509      0.0005000 
   1  1021   1     0     1     1  0.510      0.510      0.0005000 
   1  1022   1     0     1     1  0.510      0.510      0.0005000 
   1  1023   1     0     1     1  0.511      0.511      0.0005000 
   1  1024   1     0     1     1  0.511      0.511      0.0005000 
   1  1025   1     0     1     1  0.512      0.512      0.0005000 
   1  1026   1     0     1     1  0.512      0.512      0.0005000 
   1  1027   1     0     1     1  0.513      0.513      0.0005000 
   1  1028   1     0     1     1  0.513      0.513      0.0005000 
   1  1029   1     0     1     1  0.514      0.514      0.0005000 
   1  1030   1     0     1     1  0.514      0.514      0.0005000 
   1  1031   1     0     1     1  0.515      0.515      0.0005000 
   1  1032   1     0     1     1  0.515      0.515      0.0005000 
   1  1033   1     0     1     1  0.516      0.516      0.0005000 
   1  1034   1     0     1     1  0.516      0.516      0.0005000 
   1  1035   1     0     1     1  0.517      0.517      0.0005000 
   1  1036   1     0     1     1  0.517      0.517      0.0005000 
   1  1037   1     0     1     1  0.518      0.518      0.0005000 
   1  1038   1     0     1     1  0.518      0.518      0.0005000 
   1  1039   1     0     1     1  0.519      0.519      0.0005000 
   1  1040   1     0     1     1  0.519      0.519      0.0005000 
   1  1041   1     0     1     1  0.520      0.520      0.0005000 
   1  1042   1     0     1     1  0.520      0.520      0.0005000 
   1  1043   1     0     1     1  0.521      0.521      0.0005000 
   1  1044   1     0     1     1  0.521      0.521      0.0005000 
   1  1045   1     0     1     1  0.522      0.522      0.0005000 
   1  1046   1     0     1     1  0.522      0.522      0.0005000 
   1  1047   1     0     1     1  0.523      0.523      0.0005000 
   1  1048   1     0     1     1  0.523      0.523      0.0005000 
   1  1049   1     0     1     1  0.524      0.524      0.0005000 
   1  1050   1     0     1     1  0.524      0.524      0.0005000 
   1  1051   1     0     1     1  0.525      0.525      0.0005000 
   1  1052   1     0     1     1  0.525      0.525      0.0005000 
   1  1053   1     0     1     1  0.526      0.526      0.0005000 
   1  1054   1     0     1     1  0.526      0.526      0.0005000 
   1  1055   1     0     1     1  0.527      0.527      0.0005000 
   1  1056   1     0     1     1  0.527      0.527      0.0005000 
   1  1057   1     0     1     1  0.528      0.528      0.0005000 
   1  1058   1     0     1     1  0.528      0.528      0.0005000 
   1  1059   1     0     1     1  0.529      0.529      0.0005000 
   1  1060   1     0     1     1  0.529      0.529      0.0005000 
   1  1061   1     0     1     1  0.530      0.530      0.0005000 
   1  1062   1     0     1     1  0.530      0.530      0.0005000 
   1  1063   1     0     1     1  0.531      0.531      0.0005000 
   1  1064   1     0     1     1  0.531      0.531      0.0005000 
   1  1065   1     0     1     1  0.532      0.532      0.0005000 
   1  1066   1     0     1     1  0.532      0.532      0.0005000 
   1  1067   1     0     1     1  0.533      0.533      0.0005000 
   1  1068   1     0     1     1  0.533      0.533      0.0005000 
   1  1069   1     0     1     1  0.534      0.534      0.0005000 
   1  1070   1     0     1     1  0.534      0.534      0.0005000 
   1  1071   1     0     1     1  0.535      0.535      0.0005000 
   1  1072   1     0     1     1  0.535      0.535      0.0005000 
   1  1073   1     0     1     1  0.536      0.536      0.0005000 
   1  1074   1     0     1     1  0.536      0.536      0.0005000 
   1  1075   1     0     1     1  0.537      0.537      0.0005000 
   1  1076   1     0     1     1  0.537      0.537      0.0005000 
   1  1077   1     0     1     1  0.538      0.538      0.0005000 
   1  1078   1     0     1     1  0.538      0.538      0.0005000 
   1  1079   1     0     1     1  0.539      0.539      0.0005000 
   1  1080   1     0     1     1  0.539      0.539      0.0005000 
   1  1081   1     0     1     1  0.540      0.540      0.0005000 
   1  1082   1     0     1     1  0.540      0.540      0.0005000 
   1  1083   1     0     1     1  0.541      0.541      0.0005000 
   1  1084   1     0     1     1  0.541      0.541      0.0005000 
   1  1085   1     0     1     1  0.542      0.542      0.0005000 
   1  1086   1     0     1     1  0.542      0.542      0.0005000 
   1  1087   1     0     1     1  0.543      0.543      0.0005000 
   1  1088   1     0     1     1  0.543      0.543      0.0005000 
   1  1089   1     0     1     1  0.544      0.544      0.0005000 
   1  1090   1     0     1     1  0.544      0.544      0.0005000 
   1  1091   1     0     1     1  0.545      0.545      0.0005000 
   1  1092   1     0     1     1  0.545      0.545      0.0005000 
   1  1093   1     0     1     1  0.546      0.546      0.0005000 
   1  1094   1     0     1     1  0.546      0.546      0.0005000 
   1  1095   1     0     1     1  0.547      0.547      0.0005000 
   1  1096   1     0     1     1  0.547      0.547      0.0005000 
   1  1097   1     0     1     1  0.548      0.548      0.0005000 
   1  1098   1     0     1     1  0.548      0.548      0.0005000 
   1  1099   1     0     1     1  0.549      0.549      0.0005000 
   1  1100   1     0     1     1  0.549      0.549      0.0005000 
   1  1101   1     0     1     1  0.550      0.550      0.0005000 
   1  1102   1     0     1     1  0.550      0.550      0.0005000 
   1  1103   1     0     1     1  0.551      0.551      0.0005000 
   1  1104   1     0     1     1  0.551      0.551      0.0005000 
   1  1105   1     0     1     1  0.552      0.552      0.0005000 
   1  1106   1     0     1     1  0.552      0.552      0.0005000 
   1  1107   1     0     1     1  0.553      0.553      0.0005000 
   1  1108   1     0     1     1  0.553      0.553      0.0005000 
   1  1109   1     0     1     1  0.554      0.554      0.0005000 
   1  1110   1     0     1     1  0.554      0.554      0.0005000 
   1  1111   1     0     1     1  0.555      0.555      0.0005000 
   1  1112   1     0     1     1  0.555      0.555      0.0005000 
   1  1113   1     0     1     1  0.556      0.556      0.0005000 
   1  1114   1     0     1     1  0.556      0.556      0.0005000 
   1  1115   1     0     1     1  0.557      0.557      0.0005000 
   1  1116   1     0     1     1  0.557      0.557      0.0005000 
   1  1117   1     0     1     1  0.558      0.558      0.0005000 
   1  1118   1     0     1     1  0.558      0.558      0.0005000 
   1  1119   1     0     1     1  0.559      0.559      0.0005000 
   1  1120   1     0     1     1  0.559      0.559      0.0005000 
   1  1121   1     0     1     1  0.560      0.560      0.0005000 
   1  1122   1     0     1     1  0.560      0.560      0.0005000 
   1  1123   1     0     1     1  0.561      0.561      0.0005000 
   1  1124   1     0     1     1  0.561      0.561      0.0005000 
   1  1125   1     0     1     1  0.562      0.562      0.0005000 
   1  1126   1     0     1     1  0.562      0.562      0.0005000 
   1  1127   1     0     1     1  0.563      0.563      0.0005000 
   1  1128   1     0     1     1  0.563      0.563      0.0005000 
   1  1129   1     0     1     1  0.564      0.564      0.0005000 
   1  1130   1     0     1     1  0.564      0.564      0.0005000 
   1  1131   1     0     1     1  0.565      0.565      0.0005000 
   1  1132   1     0     1     1  0.565      0.565      0.0005000 
   1  1133   1     0     1     1  0.566      0.566      0.0005000 
   1  1134   1     0     1     1  0.566      0.566      0.0005000 
   1  1135   1     0     1     1  0.567      0.567      0.0005000 
   1  1136   1     0     1     1  0.567      0.567      0.0005000 
   1  1137   1     0     1     1  0.568      0.568      0.0005000 
   1  1138   1     0     1     1  0.568      0.568      0.0005000 
   1  1139   1     0     1     1  0.569      0.569      0.0005000 
   1  1140   1     0     1     1  0.569      0.569      0.0005000 
   1  1141   1     0     1     1  0.570      0.570      0.0005000 
   1  1142   1     0     1     1  0.570      0.570      0.0005000 
   1  1143   1     0     1     1  0.571      0.571      0.0005000 
   1  1144   1     0     1     1  0.571      0.571      0.0005000 
   1  1145   1     0     1     1  0.572      0.572      0.0005000 
   1  1146   1     0     1     1  0.572      0.572      0.0005000 
   1  1147   1     0     1     1  0.573      0.573      0.0005000 
   1  1148   1     0     1     1  0.573      0.573      0.0005000 
   1  1149   1     0     1     1  0.574      0.574      0.0005000 
   1  1150   1     0     1     1  0.574      0.574      0.0005000 
   1  1151   1     0     1     1  0.575      0.575      0.0005000 
   1  1152   1     0     1     1  0.575      0.575      0.0005000 
   1  1153   1     0     1     1  0.576      0.576      0.0005000 
   1  1154   1     0     1     1  0.576      0.576      0.0005000 
   1  1155   1     0     1     1  0.577      0.577      0.0005000 
   1  1156   1     0     1     1  0.577      0.577      0.0005000 
   1  1157   1     0     1     1  0.578      0.578      0.0005000 
   1  1158   1     0     1     1  0.578      0.578      0.0005000 
   1  1159   1     0     1     1  0.579      0.579      0.0005000 
   1  1160   1     0     1     1  0.579      0.579      0.0005000 
   1  1161   1     0     1     1  0.580      0.580      0.0005000 
   1  1162   1     0     1     1  0.580      0.580      0.0005000 
   1  1163   1     0     1     1  0.581      0.581      0.0005000 
   1  1164   1     0     1     1  0.581      0.581      0.0005000 
   1  1165   1     0     1     1  0.582      0.582      0.0005000 
   1  1166   1     0     1     1  0.582      0.582      0.0005000 
   1  1167   1     0     1     1  0.583      0.583      0.0005000 
   1  1168   1     0     1     1  0.583      0.583      0.0005000 
   1  1169   1     0     1     1  0.584      0.584      0.0005000 
   1  1170   1     0     1     1  0.584      0.584      0.0005000 
   1  1171   1     0     1     1  0.585      0.585      0.0005000 
   1  1172   1     0     1     1  0.585      0.585      0.0005000 
   1  1173   1     0     1     1  0.586      0.586      0.0005000 
   1  1174   1     0     1     1  0.586      0.586      0.0005000 
   1  1175   1     0     1     1  0.587      0.587      0.0005000 
   1  1176   1     0     1     1  0.587      0.587      0.0005000 
   1  1177   1     0     1     1  0.588      0.588      0.0005000 
   1  1178   1     0     1     1  0.588      0.588      0.0005000 
   1  1179   1     0     1     1  0.589      0.589      0.0005000 
   1  1180   1     0     1     1  0.589      0.589      0.0005000 
   1  1181   1     0     1     1  0.590      0.590      0.0005000 
   1  1182   1     0     1     1  0.590      0.590      0.0005000 
   1  1183   1     0     1     1  0.591      0.591      0.0005000 
   1  1184   1     0     1     1  0.591      0.591      0.0005000 
   1  1185   1     0     1     1  0.592      0.592      0.0005000 
   1  1186   1     0     1     1  0.592      0.592      0.0005000 
   1  1187   1     0     1     1  0.593      0.593      0.0005000 
   1  1188   1     0     1     1  0.593      0.593      0.0005000 
   1  1189   1     0     1     1  0.594      0.594      0.0005000 
   1  1190   1     0     1     1  0.594      0.594      0.0005000 
   1  1191   1     0     1     1  0.595      0.595      0.0005000 
   1  1192   1     0     1     1  0.595      0.595      0.0005000 
   1  1193   1     0     1     1  0.596      0.596      0.0005000 
   1  1194   1     0     1     1  0.596      0.596      0.0005000 
   1  1195   1     0     1     1  0.597      0.597      0.0005000 
   1  1196   1     0     1     1  0.597      0.597      0.0005000 
   1  1197   1     0     1     1  0.598      0.598      0.0005000 
   1  1198   1     0     1     1  0.598      0.598      0.0005000 
   1  1199   1     0     1     1  0.599      0.599      0.0005000 
   1  1200   1     0     1     1  0.599      0.599      0.0005000 
   1  1201   1     0     1     1  0.600      0.600      0.0005000 
   1  1202   1     0     1     1  0.600      0.600      0.0005000 
   1  1203   1     0     1     1  0.601      0.601      0.0005000 
   1  1204   1     0     1     1  0.601      0.601      0.0005000 
   1  1205   1     0     1     1  0.602      0.602      0.0005000 
   1  1206   1     0     1     1  0.602      0.602      0.0005000 
   1  1207   1     0     1     1  0.603      0.603      0.0005000 
   1  1208   1     0     1     1  0.603      0.603      0.0005000 
   1  1209   1     0     1     1  0.604      0.604      0.0005000 
   1  1210   1     0     1     1  0.604      0.604      0.0005000 
   1  1211   1     0     1     1  0.605      0.605      0.0005000 
   1  1212   1     0     1     1  0.605      0.605      0.0005000 
   1  1213   1     0     1     1  0.606      0.606      0.0005000 
   1  1214   1     0     1     1  0.606      0.606      0.0005000 
   1  1215   1     0     1     1  0.607      0.607      0.0005000 
   1  1216   1     0     1     1  0.607      0.607      0.0005000 
   1  1217   1     0     1     1  0.608      0.608      0.0005000 
   1  1218   1     0     1     1  0.608      0.608      0.0005000 
   1  1219   1     0     1     1  0.609      0.609      0.0005000 
   1  1220   1     0     1     1  0.609      0.609      0.0005000 
   1  1221   1     0     1     1  0.610      0.610      0.0005000 
   1  1222   1     0     1     1  0.610      0.610      0.0005000 
   1  1223   1     0     1     1  0.611      0.611      0.0005000 
   1  1224   1     0     1     1  0.611      0.611      0.0005000 
   1  1225   1     0     1     1  0.612      0.612      0.0005000 
   1  1226   1     0     1     1  0.612      0.612      0.0005000 
   1  1227   1     0     1     1  0.613      0.613      0.0005000 
   1  1228   1     0     1     1  0.613      0.613      0.0005000 
   1  1229   1     0     1     1  0.614      0.614      0.0005000 
   1  1230   1     0     1     1  0.614      0.614      0.0005000 
   1  1231   1     0     1     1  0.615      0.615      0.0005000 
   1  1232   1     0     1     1  0.615      0.615      0.0005000 
   1  1233   1     0     1     1  0.616      0.616      0.0005000 
   1  1234   1     0     1     1  0.616      0.616      0.0005000 
   1  1235   1     0     1     1  0.617      0.617      0.0005000 
   1  1236   1     0     1     1  0.617      0.617      0.0005000 
   1  1237   1     0     1     1  0.618      0.618      0.0005000 
   1  1238   1     0     1     1  0.618      0.618      0.0005000 
   1  1239   1     0     1     1  0.619      0.619      0.0005000 
   1  1240   1     0     1     1  0.619      0.619      0.0005000 
   1  1241   1     0     1     1  0.620      0.620      0.0005000 
   1  1242   1     0     1     1  0.620      0.620      0.0005000 
   1  1243   1     0     1     1  0.621      0.621      0.0005000 
   1  1244   1     0     1     1  0.621      0.621      0.0005000 
   1  1245   1     0     1     1  0.622      0.622      0.0005000 
   1  1246   1     0     1     1  0.622      0.622      0.0005000 
   1  1247   1     0     1     1  0.623      0.623      0.0005000 
   1  1248   1     0     1     1  0.623      0.623      0.0005000 
   1  1249   1     0     1     1  0.624      0.624      0.0005000 
   1  1250   1     0     1     1  0.624      0.624      0.0005000 
   1  1251   1     0     1     1  0.625      0.625      0.0005000 
   1  1252   1     0     1     1  0.625      0.625      0.0005000 
   1  1253   1     0     1     1  0.626      0.626      0.0005000 
   1  1254   1     0     1     1  0.626      0.626      0.0005000 
   1  1255   1     0     1     1  0.627      0.627      0.0005000 
   1  1256   1     0     1     1  0.627      0.627      0.0005000 
   1  1257   1     0     1     1  0.628      0.628      0.0005000 
   1  1258   1     0     1     1  0.628      0.628      0.0005000 
   1  1259   1     0     1     1  0.629      0.629      0.0005000 
   1  1260   1     0     1     1  0.629      0.629      0.0005000 
   1  1261   1     0     1     1  0.630      0.630      0.0005000 
   1  1262   1     0     1     1  0.630      0.630      0.0005000 
   1  1263   1     0     1     1  0.631      0.631      0.0005000 
   1  1264   1     0     1     1  0.631      0.631      0.0005000 
   1  1265   1     0     1     1  0.632      0.632      0.0005000 
   1  1266   1     0     1     1  0.632      0.632      0.0005000 
   1  1267   1     0     1     1  0.633      0.633      0.0005000 
   1  1268   1     0     1     1  0.633      0.633      0.0005000 
   1  1269   1     0     1     1  0.634      0.634      0.0005000 
   1  1270   1     0     1     1  0.634      0.634      0.0005000 
   1  1271   1     0     1     1  0.635      0.635      0.0005000 
   1  1272   1     0     1     1  0.635      0.635      0.0005000 
   1  1273   1     0     1     1  0.636      0.636      0.0005000 
   1  1274   1     0     1     1  0.636      0.636      0.0005000 
   1  1275   1     0     1     1  0.637      0.637      0.0005000 
   1  1276   1     0     1     1  0.637      0.637      0.0005000 
   1  1277   1     0     1     1  0.638      0.638      0.0005000 
   1  1278   1     0     1     1  0.638      0.638      0.0005000 
   1  1279   1     0     1     1  0.639      0.639      0.0005000 
   1  1280   1     0     1     1  0.639      0.639      0.0005000 
   1  1281   1     0     1     1  0.640      0.640      0.0005000 
   1  1282   1     0     1     1  0.640      0.640      0.0005000 
   1  1283   1     0     1     1  0.641      0.641      0.0005000 
   1  1284   1     0     1     1  0.641      0.641      0.0005000 
   1  1285   1     0     1     1  0.642      0.642      0.0005000 
   1  1286   1     0     1     1  0.642      0.642      0.0005000 
   1  1287   1     0     1     1  0.643      0.643      0.0005000 
   1  1288   1     0     1     1  0.643      0.643      0.0005000 
   1  1289   1     0     1     1  0.644      0.644      0.0005000 
   1  1290   1     0     1     1  0.644      0.644      0.0005000 
   1  1291   1     0     1     1  0.645      0.645      0.0005000 
   1  1292   1     0     1     1  0.645      0.645      0.0005000 
   1  1293   1     0     1     1  0.646      0.646      0.0005000 
   1  1294   1     0     1     1  0.646      0.646      0.0005000 
   1  1295   1     0     1     1  0.647      0.647      0.0005000 
   1  1296   1     0     1     1  0.647      0.647      0.0005000 
   1  1297   1     0     1     1  0.648      0.648      0.0005000 
   1  1298   1     0     1     1  0.648      0.648      0.0005000 
   1  1299   1     0     1     1  0.649      0.649      0.0005000 
   1  1300   1     0     1     1  0.649      0.649      0.0005000 
   1  1301   1     0     1     1  0.650      0.650      0.0005000 
   1  1302   1     0     1     1  0.650      0.650      0.0005000 
   1  1303   1     0     1     1  0.651      0.651      0.0005000 
   1  1304   1     0     1     1  0.651      0.651      0.0005000 
   1  1305   1     0     1     1  0.652      0.652      0.0005000 
   1  1306   1     0     1     1  0.652      0.652      0.0005000 
   1  1307   1     0     1     1  0.653      0.653      0.0005000 
   1  1308   1     0     1     1  0.653      0.653      0.0005000 
   1  1309   1     0     1     1  0.654      0.654      0.0005000 
   1  1310   1     0     1     1  0.654      0.654      0.0005000 
   1  1311   1     0     1     1  0.655      0.655      0.0005000 
   1  1312   1     0     1     1  0.655      0.655      0.0005000 
   1  1313   1     0     1     1  0.656      0.656      0.0005000 
   1  1314   1     0     1     1  0.656      0.656      0.0005000 
   1  1315   1     0     1     1  0.657      0.657      0.0005000 
   1  1316   1     0     1     1  0.657      0.657      0.0005000 
   1  1317   1     0     1     1  0.658      0.658      0.0005000 
   1  1318   1     0     1     1  0.658      0.658      0.0005000 
   1  1319   1     0     1     1  0.659      0.659      0.0005000 
   1  1320   1     0     1     1  0.659      0.659      0.0005000 
   1  1321   1     0     1     1  0.660      0.660      0.0005000 
   1  1322   1     0     1     1  0.660      0.660      0.0005000 
   1  1323   1     0     1     1  0.661      0.661      0.0005000 
   1  1324   1     0     1     1  0.661      0.661      0.0005000 
   1  1325   1     0     1     1  0.662      0.662      0.0005000 
   1  1326   1     0     1     1  0.662      0.662      0.0005000 
   1  1327   1     0     1     1  0.663      0.663      0.0005000 
   1  1328   1     0     1     1  0.663      0.663      0.0005000 
   1  1329   1     0     1     1  0.664      0.664      0.0005000 
   1  1330   1     0     1     1  0.664      0.664      0.0005000 
   1  1331   1     0     1     1  0.665      0.665      0.0005000 
   1  1332   1     0     1     1  0.665      0.665      0.0005000 
   1  1333   1     0     1     1  0.666      0.666      0.0005000 
   1  1334   1     0     1     1  0.666      0.666      0.0005000 
   1  1335   1     0     1     1  0.667      0.667      0.0005000 
   1  1336   1     0     1     1  0.667      0.667      0.0005000 
   1  1337   1     0     1     1  0.668      0.668      0.0005000 
   1  1338   1     0     1     1  0.668      0.668      0.0005000 
   1  1339   1     0     1     1  0.669      0.669      0.0005000 
   1  1340   1     0     1     1  0.669      0.669      0.0005000 
   1  1341   1     0     1     1  0.670      0.670      0.0005000 
   1  1342   1     0     1     1  0.670      0.670      0.0005000 
   1  1343   1     0     1     1  0.671      0.671      0.0005000 
   1  1344   1     0     1     1  0.671      0.671      0.0005000 
   1  1345   1     0     1     1  0.672      0.672      0.0005000 
   1  1346   1     0     1     1  0.672      0.672      0.0005000 
   1  1347   1     0     1     1  0.673      0.673      0.0005000 
   1  1348   1     0     1     1  0.673      0.673      0.0005000 
   1  1349   1     0     1     1  0.674      0.674      0.0005000 
   1  1350   1     0     1     1  0.674      0.674      0.0005000 
   1  1351   1     0     1     1  0.675      0.675      0.0005000 
   1  1352   1     0     1     1  0.675      0.675      0.0005000 
   1  1353   1     0     1     1  0.676      0.676      0.0005000 
   1  1354   1     0     1     1  0.676      0.676      0.0005000 
   1  1355   1     0     1     1  0.677      0.677      0.0005000 
   1  1356   1     0     1     1  0.677      0.677      0.0005000 
   1  1357   1     0     1     1  0.678      0.678      0.0005000 
   1  1358   1     0     1     1  0.678      0.678      0.0005000 
   1  1359   1     0     1     1  0.679      0.679      0.0005000 
   1  1360   1     0     1     1  0.679      0.679      0.0005000 
   1  1361   1     0     1     1  0.680      0.680      0.0005000 
   1  1362   1     0     1     1  0.680      0.680      0.0005000 
   1  1363   1     0     1     1  0.681      0.681      0.0005000 
   1  1364   1     0     1     1  0.681      0.681      0.0005000 
   1  1365   1     0     1     1  0.682      0.682      0.0005000 
   1  1366   1     0     1     1  0.682      0.682      0.0005000 
   1  1367   1     0     1     1  0.683      0.683      0.0005000 
   1  1368   1     0     1     1  0.683      0.683      0.0005000 
   1  1369   1     0     1     1  0.684      0.684      0.0005000 
   1  1370   1     0     1     1  0.684      0.684      0.0005000 
   1  1371   1     0     1     1  0.685      0.685      0.0005000 
   1  1372   1     0     1     1  0.685      0.685      0.0005000 
   1  1373   1     0     1     1  0.686      0.686      0.0005000 
   1  1374   1     0     1     1  0.686      0.686      0.0005000 
   1  1375   1     0     1     1  0.687      0.687      0.0005000 
   1  1376   1     0     1     1  0.687      0.687      0.0005000 
   1  1377   1     0     1     1  0.688      0.688      0.0005000 
   1  1378   1     0     1     1  0.688      0.688      0.0005000 
   1  1379   1     0     1     1  0.689      0.689      0.0005000 
   1  1380   1     0     1     1  0.689      0.689      0.0005000 
   1  1381   1     0     1     1  0.690      0.690      0.0005000 
   1  1382   1     0     1     1  0.690      0.690      0.0005000 
   1  1383   1     0     1     1  0.691      0.691      0.0005000 
   1  1384   1     0     1     1  0.691      0.691      0.0005000 
   1  1385   1     0     1     1  0.692      0.692      0.0005000 
   1  1386   1     0     1     1  0.692      0.692      0.0005000 
   1  1387   1     0     1     1  0.693      0.693      0.0005000 
   1  1388   1     0     1     1  0.693      0.693      0.0005000 
   1  1389   1     0     1     1  0.694      0.694      0.0005000 
   1  1390   1     0     1     1  0.694      0.694      0.0005000 
   1  1391   1     0     1     1  0.695      0.695      0.0005000 
   1  1392   1     0     1     1  0.695      0.695      0.0005000 
   1  1393   1     0     1     1  0.696      0.696      0.0005000 
   1  1394   1     0     1     1  0.696      0.696      0.0005000 
   1  1395   1     0     1     1  0.697      0.697      0.0005000 
   1  1396   1     0     1     1  0.697      0.697      0.0005000 
   1  1397   1     0     1     1  0.698      0.698      0.0005000 
   1  1398   1     0     1     1  0.698      0.698      0.0005000 
   1  1399   1     0     1     1  0.699      0.699      0.0005000 
   1  1400   1     0     1     1  0.699      0.699      0.0005000 
   1  1401   1     0     1     1  0.700      0.700      0.0005000 
   1  1402   1     0     1     1  0.700      0.700      0.0005000 
   1  1403   1     0     1     1  0.701      0.701      0.0005000 
   1  1404   1     0     1     1  0.701      0.701      0.0005000 
   1  1405   1     0     1     1  0.702      0.702      0.0005000 
   1  1406   1     0     1     1  0.702      0.702      0.0005000 
   1  1407   1     0     1     1  0.703      0.703      0.0005000 
   1  1408   1     0     1     1  0.703      0.703      0.0005000 
   1  1409   1     0     1     1  0.704      0.704      0.0005000 
   1  1410   1     0     1     1  0.704      0.704      0.0005000 
   1  1411   1     0     1     1  0.705      0.705      0.0005000 
   1  1412   1     0     1     1  0.705      0.705      0.0005000 
   1  1413   1     0     1     1  0.706      0.706      0.0005000 
   1  1414   1     0     1     1  0.706      0.706      0.0005000 
   1  1415   1     0     1     1  0.707      0.707      0.0005000 
   1  1416   1     0     1     1  0.707      0.707      0.0005000 
   1  1417   1     0     1     1  0.708      0.708      0.0005000 
   1  1418   1     0     1     1  0.708      0.708      0.0005000 
   1  1419   1     0     1     1  0.709      0.709      0.0005000 
   1  1420   1     0     1     1  0.709      0.709      0.0005000 
   1  1421   1     0     1     1  0.710      0.710      0.0005000 
   1  1422   1     0     1     1  0.710      0.710      0.0005000 
   1  1423   1     0     1     1  0.711      0.711      0.0005000 
   1  1424   1     0     1     1  0.711      0.711      0.0005000 
   1  1425   1     0     1     1  0.712      0.712      0.0005000 
   1  1426   1     0     1     1  0.712      0.712      0.0005000 
   1  1427   1     0     1     1  0.713      0.713      0.0005000 
   1  1428   1     0     1     1  0.713      0.713      0.0005000 
   1  1429   1     0     1     1  0.714      0.714      0.0005000 
   1  1430   1     0     1     1  0.714      0.714      0.0005000 
   1  1431   1     0     1     1  0.715      0.715      0.0005000 
   1  1432   1     0     1     1  0.715      0.715      0.0005000 
   1  1433   1     0     1     1  0.716      0.716      0.0005000 
   1  1434   1     0     1     1  0.716      0.716      0.0005000 
   1  1435   1     0     1     1  0.717      0.717      0.0005000 
   1  1436   1     0     1     1  0.717      0.717      0.0005000 
   1  1437   1     0     1     1  0.718      0.718      0.0005000 
   1  1438   1     0     1     1  0.718      0.718      0.0005000 
   1  1439   1     0     1     1  0.719      0.719      0.0005000 
   1  1440   1     0     1     1  0.719      0.719      0.0005000 
   1  1441   1     0     1     1  0.720      0.720      0.0005000 
   1  1442   1     0     1     1  0.720      0.720      0.0005000 
   1  1443   1     0     1     1  0.721      0.721      0.0005000 
   1  1444   1     0     1     1  0.721      0.721      0.0005000 
   1  1445   1     0     1     1  0.722      0.722      0.0005000 
   1  1446   1     0     1     1  0.722      0.722      0.0005000 
   1  1447   1     0     1     1  0.723      0.723      0.0005000 
   1  1448   1     0     1     1  0.723      0.723      0.0005000 
   1  1449   1     0     1     1  0.724      0.724      0.0005000 
   1  1450   1     0     1     1  0.724      0.724      0.0005000 
   1  1451   1     0     1     1  0.725      0.725      0.0005000 
   1  1452   1     0     1     1  0.725      0.725      0.0005000 
   1  1453   1     0     1     1  0.726      0.726      0.0005000 
   1  1454   1     0     1     1  0.726      0.726      0.0005000 
   1  1455   1     0     1     1  0.727      0.727      0.0005000 
   1  1456   1     0     1     1  0.727      0.727      0.0005000 
   1  1457   1     0     1     1  0.728      0.728      0.0005000 
   1  1458   1     0     1     1  0.728      0.728      0.0005000 
   1  1459   1     0     1     1  0.729      0.729      0.0005000 
   1  1460   1     0     1     1  0.729      0.729      0.0005000 
   1  1461   1     0     1     1  0.730      0.730      0.0005000 
   1  1462   1     0     1     1  0.730      0.730      0.0005000 
   1  1463   1     0     1     1  0.731      0.731      0.0005000 
   1  1464   1     0     1     1  0.731      0.731      0.0005000 
   1  1465   1     0     1     1  0.732      0.732      0.0005000 
   1  1466   1     0     1     1  0.732      0.732      0.0005000 
   1  1467   1     0     1     1  0.733      0.733      0.0005000 
   1  1468   1     0     1     1  0.733      0.733      0.0005000 
   1  1469   1     0     1     1  0.734      0.734      0.0005000 
   1  1470   1     0     1     1  0.734      0.734      0.0005000 
   1  1471   1     0     1     1  0.735      0.735      0.0005000 
   1  1472   1     0     1     1  0.735      0.735      0.0005000 
   1  1473   1     0     1     1  0.736      0.736      0.0005000 
   1  1474   1     0     1     1  0.736      0.736      0.0005000 
   1  1475   1     0     1     1  0.737      0.737      0.0005000 
   1  1476   1     0     1     1  0.737      0.737      0.0005000 
   1  1477   1     0     1     1  0.738      0.738      0.0005000 
   1  1478   1     0     1     1  0.738      0.738      0.0005000 
   1  1479   1     0     1     1  0.739      0.739      0.0005000 
   1  1480   1     0     1     1  0.739      0.739      0.0005000 
   1  1481   1     0     1     1  0.740      0.740      0.0005000 
   1  1482   1     0     1     1  0.740      0.740      0.0005000 
   1  1483   1     0     1     1  0.741      0.741      0.0005000 
   1  1484   1     0     1     1  0.741      0.741      0.0005000 
   1  1485   1     0     1     1  0.742      0.742      0.0005000 
   1  1486   1     0     1     1  0.742      0.742      0.0005000 
   1  1487   1     0     1     1  0.743      0.743      0.0005000 
   1  1488   1     0     1     1  0.743      0.743      0.0005000 
   1  1489   1     0     1     1  0.744      0.744      0.0005000 
   1  1490   1     0     1     1  0.744      0.744      0.0005000 
   1  1491   1     0     1     1  0.745      0.745      0.0005000 
   1  1492   1     0     1     1  0.745      0.745      0.0005000 
   1  1493   1     0     1     1  0.746      0.746      0.0005000 
   1  1494   1     0     1     1  0.746      0.746      0.0005000 
   1  1495   1     0     1     1  0.747      0.747      0.0005000 
   1  1496   1     0     1     1  0.747      0.747      0.0005000 
   1  1497   1     0     1     1  0.748      0.748      0.0005000 
   1  1498   1     0     1     1  0.748      0.748      0.0005000 
   1  1499   1     0     1     1  0.749      0.749      0.0005000 
   1  1500   1     0     1     1  0.749      0.749      0.0005000 
   1  1501   1     0     1     1  0.750      0.750      0.0005000 
   1  1502   1     0     1     1  0.750      0.750      0.0005000 
   1  1503   1     0     1     1  0.751      0.751      0.0005000 
   1  1504   1     0     1     1  0.751      0.751      0.0005000 
   1  1505   1     0     1     1  0.752      0.752      0.0005000 
   1  1506   1     0     1     1  0.752      0.752      0.0005000 
   1  1507   1     0     1     1  0.753      0.753      0.0005000 
   1  1508   1     0     1     1  0.753      0.753      0.0005000 
   1  1509   1     0     1     1  0.754      0.754      0.0005000 
   1  1510   1     0     1     1  0.754      0.754      0.0005000 
   1  1511   1     0     1     1  0.755      0.755      0.0005000 
   1  1512   1     0     1     1  0.755      0.755      0.0005000 
   1  1513   1     0     1     1  0.756      0.756      0.0005000 
   1  1514   1     0     1     1  0.756      0.756      0.0005000 
   1  1515   1     0     1     1  0.757      0.757      0.0005000 
   1  1516   1     0     1     1  0.757      0.757      0.0005000 
   1  1517   1     0     1     1  0.758      0.758      0.0005000 
   1  1518   1     0     1     1  0.758      0.758      0.0005000 
   1  1519   1     0     1     1  0.759      0.759      0.0005000 
   1  1520   1     0     1     1  0.759      0.759      0.0005000 
   1  1521   1     0     1     1  0.760      0.760      0.0005000 
   1  1522   1     0     1     1  0.760      0.760      0.0005000 
   1  1523   1     0     1     1  0.761      0.761      0.0005000 
   1  1524   1     0     1     1  0.761      0.761      0.0005000 
   1  1525   1     0     1     1  0.762      0.762      0.0005000 
   1  1526   1     0     1     1  0.762      0.762      0.0005000 
   1  1527   1     0     1     1  0.763      0.763      0.0005000 
   1  1528   1     0     1     1  0.763      0.763      0.0005000 
   1  1529   1     0     1     1  0.764      0.764      0.0005000 
   1  1530   1     0     1     1  0.764      0.764      0.0005000 
   1  1531   1     0     1     1  0.765      0.765      0.0005000 
   1  1532   1     0     1     1  0.765      0.765      0.0005000 
   1  1533   1     0     1     1  0.766      0.766      0.0005000 
   1  1534   1     0     1     1  0.766      0.766      0.0005000 
   1  1535   1     0     1     1  0.767      0.767      0.0005000 
   1  1536   1     0     1     1  0.767      0.767      0.0005000 
   1  1537   1     0     1     1  0.768      0.768      0.0005000 
   1  1538   1     0     1     1  0.768      0.768      0.0005000 
   1  1539   1     0     1     1  0.769      0.769      0.0005000 
   1  1540   1     0     1     1  0.769      0.769      0.0005000 
   1  1541   1     0     1     1  0.770      0.770      0.0005000 
   1  1542   1     0     1     1  0.770      0.770      0.0005000 
   1  1543   1     0     1     1  0.771      0.771      0.0005000 
   1  1544   1     0     1     1  0.771      0.771      0.0005000 
   1  1545   1     0     1     1  0.772      0.772      0.0005000 
   1  1546   1     0     1     1  0.772      0.772      0.0005000 
   1  1547   1     0     1     1  0.773      0.773      0.0005000 
   1  1548   1     0     1     1  0.773      0.773      0.0005000 
   1  1549   1     0     1     1  0.774      0.774      0.0005000 
   1  1550   1     0     1     1  0.774      0.774      0.0005000 
   1  1551   1     0     1     1  0.775      0.775      0.0005000 
   1  1552   1     0     1     1  0.775      0.775      0.0005000 
   1  1553   1     0     1     1  0.776      0.776      0.0005000 
   1  1554   1     0     1     1  0.776      0.776      0.0005000 
   1  1555   1     0     1     1  0.777      0.777      0.0005000 
   1  1556   1     0     1     1  0.777      0.777      0.0005000 
   1  1557   1     0     1     1  0.778      0.778      0.0005000 
   1  1558   1     0     1     1  0.778      0.778      0.0005000 
   1  1559   1     0     1     1  0.779      0.779      0.0005000 
   1  1560   1     0     1     1  0.779      0.779      0.0005000 
   1  1561   1     0     1     1  0.780      0.780      0.0005000 
   1  1562   1     0     1     1  0.780      0.780      0.0005000 
   1  1563   1     0     1     1  0.781      0.781      0.0005000 
   1  1564   1     0     1     1  0.781      0.781      0.0005000 
   1  1565   1     0     1     1  0.782      0.782      0.0005000 
   1  1566   1     0     1     1  0.782      0.782      0.0005000 
   1  1567   1     0     1     1  0.783      0.783      0.0005000 
   1  1568   1     0     1     1  0.783      0.783      0.0005000 
   1  1569   1     0     1     1  0.784      0.784      0.0005000 
   1  1570   1     0     1     1  0.784      0.784      0.0005000 
   1  1571   1     0     1     1  0.785      0.785      0.0005000 
   1  1572   1     0     1     1  0.785      0.785      0.0005000 
   1  1573   1     0     1     1  0.786      0.786      0.0005000 
   1  1574   1     0     1     1  0.786      0.786      0.0005000 
   1  1575   1     0     1     1  0.787      0.787      0.0005000 
   1  1576   1     0     1     1  0.787      0.787      0.0005000 
   1  1577   1     0     1     1  0.788      0.788      0.0005000 
   1  1578   1     0     1     1  0.788      0.788      0.0005000 
   1  1579   1     0     1     1  0.789      0.789      0.0005000 
   1  1580   1     0     1     1  0.789      0.789      0.0005000 
   1  1581   1     0     1     1  0.790      0.790      0.0005000 
   1  1582   1     0     1     1  0.790      0.790      0.0005000 
   1  1583   1     0     1     1  0.791      0.791      0.0005000 
   1  1584   1     0     1     1  0.791      0.791      0.0005000 
   1  1585   1     0     1     1  0.792      0.792      0.0005000 
   1  1586   1     0     1     1  0.792      0.792      0.0005000 
   1  1587   1     0     1     1  0.793      0.793      0.0005000 
   1  1588   1     0     1     1  0.793      0.793      0.0005000 
   1  1589   1     0     1     1  0.794      0.794      0.0005000 
   1  1590   1     0     1     1  0.794      0.794      0.0005000 
   1  1591   1     0     1     1  0.795      0.795      0.0005000 
   1  1592   1     0     1     1  0.795      0.795      0.0005000 
   1  1593   1     0     1     1  0.796      0.796      0.0005000 
   1  1594   1     0     1     1  0.796      0.796      0.0005000 
   1  1595   1     0     1     1  0.797      0.797      0.0005000 
   1  1596   1     0     1     1  0.797      0.797      0.0005000 
   1  1597   1     0     1     1  0.798      0.798      0.0005000 
   1  1598   1     0     1     1  0.798      0.798      0.0005000 
   1  1599   1     0     1     1  0.799      0.799      0.0005000 
   1  1600   1     0     1     1  0.799      0.799      0.0005000 
   1  1601   1     0     1     1  0.800      0.800      0.0005000 
   1  1602   1     0     2     2  0.800      0.800      0.0005000 
   1  1603   1     0     1     1  0.801      0.801      0.0005000 
   1  1604   1     0     1     1  0.801      0.801      0.0005000 
   1  1605   1     0     1     1  0.802      0.802      0.0005000 
   1  1606   1     0     1     1  0.802      0.802      0.0005000 
   1  1607   1     0     1     1  0.803      0.803      0.0005000 
   1  1608   1     0     1     1  0.803      0.803      0.0005000 
   1  1609   1     0     1     1  0.804      0.804      0.0005000 
   1  1610   1     0     1     1  0.804      0.804      0.0005000 
   1  1611   1     0     1     1  0.805      0.805      0.0005000 
   1  1612   1     0     1     1  0.805      0.805      0.0005000 
   1  1613   1     0     1     1  0.806      0.806      0.0005000 
   1  1614   1     0     1     1  0.806      0.806      0.0005000 
   1  1615   1     0     1     1  0.807      0.807      0.0005000 
   1  1616   1     0     1     1  0.807      0.807      0.0005000 
   1  1617   1     0     1     1  0.808      0.808      0.0005000 
   1  1618   1     0     1     1  0.808      0.808      0.0005000 
   1  1619   1     0     1     1  0.809      0.809      0.0005000 
   1  1620   1     0     1     1  0.809      0.809      0.0005000 
   1  1621   1     0     1     1  0.810      0.810      0.0005000 
   1  1622   1     0     1     1  0.810      0.810      0.0005000 
   1  1623   1     0     1     1  0.811      0.811      0.0005000 
   1  1624   1     0     1     1  0.811      0.811      0.0005000 
   1  1625   1     0     1     1  0.812      0.812      0.0005000 
   1  1626   1     0     1     1  0.812      0.812      0.0005000 
   1  1627   1     0     1     1  0.813      0.813      0.0005000 
   1  1628   1     0     1     1  0.813      0.813      0.0005000 
   1  1629   1     0     1     1  0.814      0.814      0.0005000 
   1  1630   1     0     1     1  0.814      0.814      0.0005000 
   1  1631   1     0     1     1  0.815      0.815      0.0005000 
   1  1632   1     0     1     1  0.815      0.815      0.0005000 
   1  1633   1     0     1     1  0.816      0.816      0.0005000 
   1  1634   1     0     1     1  0.816      0.816      0.0005000 
   1  1635   1     0     1     1  0.817      0.817      0.0005000 
   1  1636   1     0     1     1  0.817      0.817      0.0005000 
   1  1637   1     0     1     1  0.818      0.818      0.0005000 
   1  1638   1     0     1     1  0.818      0.818      0.0005000 
   1  1639   1     0     1     1  0.819      0.819      0.0005000 
   1  1640   1     0     1     1  0.819      0.819      0.0005000 
   1  1641   1     0     1     1  0.820      0.820      0.0005000 
   1  1642   1     0     1     1  0.820      0.820      0.0005000 
   1  1643   1     0     1     1  0.821      0.821      0.0005000 
   1  1644   1     0     1     1  0.821      0.821      0.0005000 
   1  1645   1     0     1     1  0.822      0.822      0.0005000 
   1  1646   1     0     1     1  0.822      0.822      0.0005000 
   1  1647   1     0     1     1  0.823      0.823      0.0005000 
   1  1648   1     0     1     1  0.823      0.823      0.0005000 
   1  1649   1     0     1     1  0.824      0.824      0.0005000 
   1  1650   1     0     1     1  0.824      0.824      0.0005000 
   1  1651   1     0     1     1  0.825      0.825      0.0005000 
   1  1652   1     0     1     1  0.825      0.825      0.0005000 
   1  1653   1     0     1     1  0.826      0.826      0.0005000 
   1  1654   1     0     1     1  0.826      0.826      0.0005000 
   1  1655   1     0     1     1  0.827      0.827      0.0005000 
   1  1656   1     0     1     1  0.827      0.827      0.0005000 
   1  1657   1     0     1     1  0.828      0.828      0.0005000 
   1  1658   1     0     1     1  0.828      0.828      0.0005000 
   1  1659   1     0     1     1  0.829      0.829      0.0005000 
   1  1660   1     0     1     1  0.829      0.829      0.0005000 
   1  1661   1     0     1     1  0.830      0.830      0.0005000 
   1  1662   1     0     1     1  0.830      0.830      0.0005000 
   1  1663   1     0     1     1  0.831      0.831      0.0005000 
   1  1664   1     0     1     1  0.831      0.831      0.0005000 
   1  1665   1     0     1     1  0.832      0.832      0.0005000 
   1  1666   1     0     1     1  0.832      0.832      0.0005000 
   1  1667   1     0     1     1  0.833      0.833      0.0005000 
   1  1668   1     0     1     1  0.833      0.833      0.0005000 
   1  1669   1     0     1     1  0.834      0.834      0.0005000 
   1  1670   1     0     1     1  0.834      0.834      0.0005000 
   1  1671   1     0     1     1  0.835      0.835      0.0005000 
   1  1672   1     0     1     1  0.835      0.835      0.0005000 
   1  1673   1     0     1     1  0.836      0.836      0.0005000 
   1  1674   1     0     1     1  0.836      0.836      0.0005000 
   1  1675   1     0     1     1  0.837      0.837      0.0005000 
   1  1676   1     0     1     1  0.837      0.837      0.0005000 
   1  1677   1     0     1     1  0.838      0.838      0.0005000 
   1  1678   1     0     1     1  0.838      0.838      0.0005000 
   1  1679   1     0     1     1  0.839      0.839      0.0005000 
   1  1680   1     0     1     1  0.839      0.839      0.0005000 
   1  1681   1     0     1     1  0.840      0.840      0.0005000 
   1  1682   1     0     1     1  0.840      0.840      0.0005000 
   1  1683   1     0     1     1  0.841      0.841      0.0005000 
   1  1684   1     0     1     1  0.841      0.841      0.0005000 
   1  1685   1     0     1     1  0.842      0.842      0.0005000 
   1  1686   1     0     1     1  0.842      0.842      0.0005000 
   1  1687   1     0     1     1  0.843      0.843      0.0005000 
   1  1688   1     0     1     1  0.843      0.843      0.0005000 
   1  1689   1     0     1     1  0.844      0.844      0.0005000 
   1  1690   1     0     1     1  0.844      0.844      0.0005000 
   1  1691   1     0     1     1  0.845      0.845      0.0005000 
   1  1692   1     0     1     1  0.845      0.845      0.0005000 
   1  1693   1     0     1     1  0.846      0.846      0.0005000 
   1  1694   1     0     1     1  0.846      0.846      0.0005000 
   1  1695   1     0     1     1  0.847      0.847      0.0005000 
   1  1696   1     0     1     1  0.847      0.847      0.0005000 
   1  1697   1     0     1     1  0.848      0.848      0.0005000 
   1  1698   1     0     1     1  0.848      0.848      0.0005000 
   1  1699   1     0     1     1  0.849      0.849      0.0005000 
   1  1700   1     0     1     1  0.849      0.849      0.0005000 
   1  1701   1     0     1     1  0.850      0.850      0.0005000 
   1  1702   1     0     1     1  0.850      0.850      0.0005000 
   1  1703   1     0     1     1  0.851      0.851      0.0005000 
   1  1704   1     0     1     1  0.851      0.851      0.0005000 
   1  1705   1     0     1     1  0.852      0.852      0.0005000 
   1  1706   1     0     1     1  0.852      0.852      0.0005000 
   1  1707   1     0     1     1  0.853      0.853      0.0005000 
   1  1708   1     0     1     1  0.853      0.853      0.0005000 
   1  1709   1     0     1     1  0.854      0.854      0.0005000 
   1  1710   1     0     1     1  0.854      0.854      0.0005000 
   1  1711   1     0     1     1  0.855      0.855      0.0005000 
   1  1712   1     0     1     1  0.855      0.855      0.0005000 
   1  1713   1     0     1     1  0.856      0.856      0.0005000 
   1  1714   1     0     1     1  0.856      0.856      0.0005000 
   1  1715   1     0     1     1  0.857      0.857      0.0005000 
   1  1716   1     0     1     1  0.857      0.857      0.0005000 
   1  1717   1     0     1     1  0.858      0.858      0.0005000 
   1  1718   1     0     1     1  0.858      0.858      0.0005000 
   1  1719   1     0     1     1  0.859      0.859      0.0005000 
   1  1720   1     0     1     1  0.859      0.859      0.0005000 
   1  1721   1     0     1     1  0.860      0.860      0.0005000 
   1  1722   1     0     1     1  0.860      0.860      0.0005000 
   1  1723   1     0     1     1  0.861      0.861      0.0005000 
   1  1724   1     0     1     1  0.861      0.861      0.0005000 
   1  1725   1     0     1     1  0.862      0.862      0.0005000 
   1  1726   1     0     1     1  0.862      0.862      0.0005000 
   1  1727   1     0     1     1  0.863      0.863      0.0005000 
   1  1728   1     0     1     1  0.863      0.863      0.0005000 
   1  1729   1     0     1     1  0.864      0.864      0.0005000 
   1  1730   1     0     1     1  0.864      0.864      0.0005000 
   1  1731   1     0     1     1  0.865      0.865      0.0005000 
   1  1732   1     0     1     1  0.865      0.865      0.0005000 
   1  1733   1     0     1     1  0.866      0.866      0.0005000 
   1  1734   1     0     1     1  0.866      0.866      0.0005000 
   1  1735   1     0     1     1  0.867      0.867      0.0005000 
   1  1736   1     0     1     1  0.867      0.867      0.0005000 
   1  1737   1     0     1     1  0.868      0.868      0.0005000 
   1  1738   1     0     1     1  0.868      0.868      0.0005000 
   1  1739   1     0     1     1  0.869      0.869      0.0005000 
   1  1740   1     0     1     1  0.869      0.869      0.0005000 
   1  1741   1     0     1     1  0.870      0.870      0.0005000 
   1  1742   1     0     1     1  0.870      0.870      0.0005000 
   1  1743   1     0     1     1  0.871      0.871      0.0005000 
   1  1744   1     0     1     1  0.871      0.871      0.0005000 
   1  1745   1     0     1     1  0.872      0.872      0.0005000 
   1  1746   1     0     1     1  0.872      0.872      0.0005000 
   1  1747   1     0     1     1  0.873      0.873      0.0005000 
   1  1748   1     0     1     1  0.873      0.873      0.0005000 
   1  1749   1     0     1     1  0.874      0.874      0.0005000 
   1  1750   1     0     1     1  0.874      0.874      0.0005000 
   1  1751   1     0     1     1  0.875      0.875      0.0005000 
   1  1752   1     0     1     1  0.875      0.875      0.0005000 
   1  1753   1     0     1     1  0.876      0.876      0.0005000 
   1  1754   1     0     1     1  0.876      0.876      0.0005000 
   1  1755   1     0     1     1  0.877      0.877      0.0005000 
   1  1756   1     0     1     1  0.877      0.877      0.0005000 
   1  1757   1     0     1     1  0.878      0.878      0.0005000 
   1  1758   1     0     1     1  0.878      0.878      0.0005000 
   1  1759   1     0     1     1  0.879      0.879      0.0005000 
   1  1760   1     0     1     1  0.879      0.879      0.0005000 
   1  1761   1     0     1     1  0.880      0.880      0.0005000 
   1  1762   1     0     1     1  0.880      0.880      0.0005000 
   1  1763   1     0     1     1  0.881      0.881      0.0005000 
   1  1764   1     0     1     1  0.881      0.881      0.0005000 
   1  1765   1     0     1     1  0.882      0.882      0.0005000 
   1  1766   1     0     1     1  0.882      0.882      0.0005000 
   1  1767   1     0     1     1  0.883      0.883      0.0005000 
   1  1768   1     0     1     1  0.883      0.883      0.0005000 
   1  1769   1     0     1     1  0.884      0.884      0.0005000 
   1  1770   1     0     1     1  0.884      0.884      0.0005000 
   1  1771   1     0     1     1  0.885      0.885      0.0005000 
   1  1772   1     0     1     1  0.885      0.885      0.0005000 
   1  1773   1     0     1     1  0.886      0.886      0.0005000 
   1  1774   1     0     1     1  0.886      0.886      0.0005000 
   1  1775   1     0     1     1  0.887      0.887      0.0005000 
   1  1776   1     0     1     1  0.887      0.887      0.0005000 
   1  1777   1     0     1     1  0.888      0.888      0.0005000 
   1  1778   1     0     1     1  0.888      0.888      0.0005000 
   1  1779   1     0     1     1  0.889      0.889      0.0005000 
   1  1780   1     0     1     1  0.889      0.889      0.0005000 
   1  1781   1     0     1     1  0.890      0.890      0.0005000 
   1  1782   1     0     1     1  0.890      0.890      0.0005000 
   1  1783   1     0     1     1  0.891      0.891      0.0005000 
   1  1784   1     0     1     1  0.891      0.891      0.0005000 
   1  1785   1     0     1     1  0.892      0.892      0.0005000 
   1  1786   1     0     1     1  0.892      0.892      0.0005000 
   1  1787   1     0     1     1  0.893      0.893      0.0005000 
   1  1788   1     0     1     1  0.893      0.893      0.0005000 
   1  1789   1     0     1     1  0.894      0.894      0.0005000 
   1  1790   1     0     1     1  0.894      0.894      0.0005000 
   1  1791   1     0     1     1  0.895      0.895      0.0005000 
   1  1792   1     0     1     1  0.895      0.895      0.0005000 
   1  1793   1     0     1     1  0.896      0.896      0.0005000 
   1  1794   1     0     1     1  0.896      0.896      0.0005000 
   1  1795   1     0     1     1  0.897      0.897      0.0005000 
   1  1796   1     0     1     1  0.897      0.897      0.0005000 
   1  1797   1     0     1     1  0.898      0.898      0.0005000 
   1  1798   1     0     1     1  0.898      0.898      0.0005000 
   1  1799   1     0     1     1  0.899      0.899      0.0005000 
   1  1800   1     0     1     1  0.899      0.899      0.0005000 
   1  1801   1     0     1     1  0.900      0.900      0.0005000 
   1  1802   1     0     1     1  0.900      0.900      0.0005000 
   1  1803   1     0     1     1  0.901      0.901      0.0005000 
   1  1804   1     0     1     1  0.901      0.901      0.0005000 
   1  1805   1     0     1     1  0.902      0.902      0.0005000 
   1  1806   1     0     1     1  0.902      0.902      0.0005000 
   1  1807   1     0     1     1  0.903      0.903      0.0005000 
   1  1808   1     0     1     1  0.903      0.903      0.0005000 
   1  1809   1     0     1     1  0.904      0.904      0.0005000 
   1  1810   1     0     1     1  0.904      0.904      0.0005000 
   1  1811   1     0     1     1  0.905      0.905      0.0005000 
   1  1812   1     0     1     1  0.905      0.905      0.0005000 
   1  1813   1     0     1     1  0.906      0.906      0.0005000 
   1  1814   1     0     1     1  0.906      0.906      0.0005000 
   1  1815   1     0     1     1  0.907      0.907      0.0005000 
   1  1816   1     0     1     1  0.907      0.907      0.0005000 
   1  1817   1     0     1     1  0.908      0.908      0.0005000 
   1  1818   1     0     1     1  0.908      0.908      0.0005000 
   1  1819   1     0     1     1  0.909      0.909      0.0005000 
   1  1820   1     0     1     1  0.909      0.909      0.0005000 
   1  1821   1     0     1     1  0.910      0.910      0.0005000 
   1  1822   1     0     1     1  0.910      0.910      0.0005000 
   1  1823   1     0     1     1  0.911      0.911      0.0005000 
   1  1824   1     0     1     1  0.911      0.911      0.0005000 
   1  1825   1     0     1     1  0.912      0.912      0.0005000 
   1  1826   1     0     1     1  0.912      0.912      0.0005000 
   1  1827   1     0     1     1  0.913      0.913      0.0005000 
   1  1828   1     0     1     1  0.913      0.913      0.0005000 
   1  1829   1     0     1     1  0.914      0.914      0.0005000 
   1  1830   1     0     1     1  0.914      0.914      0.0005000 
   1  1831   1     0     1     1  0.915      0.915      0.0005000 
   1  1832   1     0     1     1  0.915      0.915      0.0005000 
   1  1833   1     0     1     1  0.916      0.916      0.0005000 
   1  1834   1     0     1     1  0.916      0.916      0.0005000 
   1  1835   1     0     1     1  0.917      0.917      0.0005000 
   1  1836   1     0     1     1  0.917      0.917      0.0005000 
   1  1837   1     0     1     1  0.918      0.918      0.0005000 
   1  1838   1     0     1     1  0.918      0.918      0.0005000 
   1  1839   1     0     1     1  0.919      0.919      0.0005000 
   1  1840   1     0     1     1  0.919      0.919      0.0005000 
   1  1841   1     0     1     1  0.920      0.920      0.0005000 
   1  1842   1     0     1     1  0.920      0.920      0.0005000 
   1  1843   1     0     1     1  0.921      0.921      0.0005000 
   1  1844   1     0     1     1  0.921      0.921      0.0005000 
   1  1845   1     0     1     1  0.922      0.922      0.0005000 
   1  1846   1     0     1     1  0.922      0.922      0.0005000 
   1  1847   1     0     1     1  0.923      0.923      0.0005000 
   1  1848   1     0     1     1  0.923      0.923      0.0005000 
   1  1849   1     0     1     1  0.924      0.924      0.0005000 
   1  1850   1     0     1     1  0.924      0.924      0.0005000 
   1  1851   1     0     1     1  0.925      0.925      0.0005000 
   1  1852   1     0     1     1  0.925      0.925      0.0005000 
   1  1853   1     0     1     1  0.926      0.926      0.0005000 
   1  1854   1     0     1     1  0.926      0.926      0.0005000 
   1  1855   1     0     1     1  0.927      0.927      0.0005000 
   1  1856   1     0     1     1  0.927      0.927      0.0005000 
   1  1857   1     0     1     1  0.928      0.928      0.0005000 
   1  1858   1     0     1     1  0.928      0.928      0.0005000 
   1  1859   1     0     1     1  0.929      0.929      0.0005000 
   1  1860   1     0     1     1  0.929      0.929      0.0005000 
   1  1861   1     0     1     1  0.930      0.930      0.0005000 
   1  1862   1     0     1     1  0.930      0.930      0.0005000 
   1  1863   1     0     1     1  0.931      0.931      0.0005000 
   1  1864   1     0     1     1  0.931      0.931      0.0005000 
   1  1865   1     0     1     1  0.932      0.932      0.0005000 
   1  1866   1     0     1     1  0.932      0.932      0.0005000 
   1  1867   1     0     1     1  0.933      0.933      0.0005000 
   1  1868   1     0     1     1  0.933      0.933      0.0005000 
   1  1869   1     0     1     1  0.934      0.934      0.0005000 
   1  1870   1     0     1     1  0.934      0.934      0.0005000 
   1  1871   1     0     1     1  0.935      0.935      0.0005000 
   1  1872   1     0     1     1  0.935      0.935      0.0005000 
   1  1873   1     0     1     1  0.936      0.936      0.0005000 
   1  1874   1     0     1     1  0.936      0.936      0.0005000 
   1  1875   1     0     1     1  0.937      0.937      0.0005000 
   1  1876   1     0     1     1  0.937      0.937      0.0005000 
   1  1877   1     0     1     1  0.938      0.938      0.0005000 
   1  1878   1     0     1     1  0.938      0.938      0.0005000 
   1  1879   1     0     1     1  0.939      0.939      0.0005000 
   1  1880   1     0     1     1  0.939      0.939      0.0005000 
   1  1881   1     0     1     1  0.940      0.940      0.0005000 
   1  1882   1     0     1     1  0.940      0.940      0.0005000 
   1  1883   1     0     1     1  0.941      0.941      0.0005000 
   1  1884   1     0     1     1  0.941      0.941      0.0005000 
   1  1885   1     0     1     1  0.942      0.942      0.0005000 
   1  1886   1     0     1     1  0.942      0.942      0.0005000 
   1  1887   1     0     1     1  0.943      0.943      0.0005000 
   1  1888   1     0     1     1  0.943      0.943      0.0005000 
   1  1889   1     0     1     1  0.944      0.944      0.0005000 
   1  1890   1     0     1     1  0.944      0.944      0.0005000 
   1  1891   1     0     1     1  0.945      0.945      0.0005000 
   1  1892   1     0     1     1  0.945      0.945      0.0005000 
   1  1893   1     0     1     1  0.946      0.946      0.0005000 
   1  1894   1     0     1     1  0.946      0.946      0.0005000 
   1  1895   1     0     1     1  0.947      0.947      0.0005000 
   1  1896   1     0     1     1  0.947      0.947      0.0005000 
   1  1897   1     0     1     1  0.948      0.948      0.0005000 
   1  1898   1     0     1     1  0.948      0.948      0.0005000 
   1  1899   1     0     1     1  0.949      0.949      0.0005000 
   1  1900   1     0     1     1  0.949      0.949      0.0005000 
   1  1901   1     0     1     1  0.950      0.950      0.0005000 
   1  1902   1     0     1     1  0.950      0.950      0.0005000 
   1  1903   1     0     1     1  0.951      0.951      0.0005000 
   1  1904   1     0     1     1  0.951      0.951      0.0005000 
   1  1905   1     0     1     1  0.952      0.952      0.0005000 
   1  1906   1     0     1     1  0.952      0.952      0.0005000 
   1  1907   1     0     1     1  0.953      0.953      0.0005000 
   1  1908   1     0     1     1  0.953      0.953      0.0005000 
   1  1909   1     0     1     1  0.954      0.954      0.0005000 
   1  1910   1     0     1     1  0.954      0.954      0.0005000 
   1  1911   1     0     1     1  0.955      0.955      0.0005000 
   1  1912   1     0     1     1  0.955      0.955      0.0005000 
   1  1913   1     0     1     1  0.956      0.956      0.0005000 
   1  1914   1     0     1     1  0.956      0.956      0.0005000 
   1  1915   1     0     1     1  0.957      0.957      0.0005000 
   1  1916   1     0     1     1  0.957      0.957      0.0005000 
   1  1917   1     0     1     1  0.958      0.958      0.0005000 
   1  1918   1     0     1     1  0.958      0.958      0.0005000 
   1  1919   1     0     1     1  0.959      0.959      0.0005000 
   1  1920   1     0     1     1  0.959      0.959      0.0005000 
   1  1921   1     0     1     1  0.960      0.960      0.0005000 
   1  1922   1     0     1     1  0.960      0.960      0.0005000 
   1  1923   1     0     1     1  0.961      0.961      0.0005000 
   1  1924   1     0     1     1  0.961      0.961      0.0005000 
   1  1925   1     0     1     1  0.962      0.962      0.0005000 
   1  1926   1     0     1     1  0.962      0.962      0.0005000 
   1  1927   1     0     1     1  0.963      0.963      0.0005000 
   1  1928   1     0     1     1  0.963      0.963      0.0005000 
   1  1929   1     0     1     1  0.964      0.964      0.0005000 
   1  1930   1     0     1     1  0.964      0.964      0.0005000 
   1  1931   1     0     1     1  0.965      0.965      0.0005000 
   1  1932   1     0     1     1  0.965      0.965      0.0005000 
   1  1933   1     0     1     1  0.966      0.966      0.0005000 
   1  1934   1     0     1     1  0.966      0.966      0.0005000 
   1  1935   1     0     1     1  0.967      0.967      0.0005000 
   1  1936   1     0     1     1  0.967      0.967      0.0005000 
   1  1937   1     0     1     1  0.968      0.968      0.0005000 
   1  1938   1     0     1     1  0.968      0.968      0.0005000 
   1  1939   1     0     1     1  0.969      0.969      0.0005000 
   1  1940   1     0     1     1  0.969      0.969      0.0005000 
   1  1941   1     0     1     1  0.970      0.970      0.0005000 
   1  1942   1     0     1     1  0.970      0.970      0.0005000 
   1  1943   1     0     1     1  0.971      0.971      0.0005000 
   1  1944   1     0     1     1  0.971      0.971      0.0005000 
   1  1945   1     0     1     1  0.972      0.972      0.0005000 
   1  1946   1     0     1     1  0.972      0.972      0.0005000 
   1  1947   1     0     1     1  0.973      0.973      0.0005000 
   1  1948   1     0     1     1  0.973      0.973      0.0005000 
   1  1949   1     0     1     1  0.974      0.974      0.0005000 
   1  1950   1     0     1     1  0.974      0.974      0.0005000 
   1  1951   1     0     1     1  0.975      0.975      0.0005000 
   1  1952   1     0     1     1  0.975      0.975      0.0005000 
   1  1953   1     0     1     1  0.976      0.976      0.0005000 
   1  1954   1     0     1     1  0.976      0.976      0.0005000 
   1  1955   1     0     1     1  0.977      0.977      0.0005000 
   1  1956   1     0     1     1  0.977      0.977      0.0005000 
   1  1957   1     0     1     1  0.978      0.978      0.0005000 
   1  1958   1     0     1     1  0.978      0.978      0.0005000 
   1  1959   1     0     1     1  0.979      0.979      0.0005000 
   1  1960   1     0     1     1  0.979      0.979      0.0005000 
   1  1961   1     0     1     1  0.980      0.980      0.0005000 
   1  1962   1     0     1     1  0.980      0.980      0.0005000 
   1  1963   1     0     1     1  0.981      0.981      0.0005000 
   1  1964   1     0     1     1  0.981      0.981      0.0005000 
   1  1965   1     0     1     1  0.982      0.982      0.0005000 
   1  1966   1     0     1     1  0.982      0.982      0.0005000 
   1  1967   1     0     1     1  0.983      0.983      0.0005000 
   1  1968   1     0     1     1  0.983      0.983      0.0005000 
   1  1969   1     0     1     1  0.984      0.984      0.0005000 
   1  1970   1     0     1     1  0.984      0.984      0.0005000 
   1  1971   1     0     1     1  0.985      0.985      0.0005000 
   1  1972   1     0     1     1  0.985      0.985      0.0005000 
   1  1973   1     0     1     1  0.986      0.986      0.0005000 
   1  1974   1     0     1     1  0.986      0.986      0.0005000 
   1  1975   1     0     1     1  0.987      0.987      0.0005000 
   1  1976   1     0     1     1  0.987      0.987      0.0005000 
   1  1977   1     0     1     1  0.988      0.988      0.0005000 
   1  1978   1     0     1     1  0.988      0.988      0.0005000 
   1  1979   1     0     1     1  0.989      0.989      0.0005000 
   1  1980   1     0     1     1  0.989      0.989      0.0005000 
   1  1981   1     0     1     1  0.990      0.990      0.0005000 
   1  1982   1     0     1     1  0.990      0.990      0.0005000 
   1  1983   1     0     1     1  0.991      0.991      0.0005000 
   1  1984   1     0     1     1  0.991      0.991      0.0005000 
   1  1985   1     0     1     1  0.992      0.992      0.0005000 
   1  1986   1     0     1     1  0.992      0.992      0.0005000 
   1  1987   1     0     1     1  0.993      0.993      0.0005000 
   1  1988   1     0     1     1  0.993      0.993      0.0005000 
   1  1989   1     0     1     1  0.994      0.994      0.0005000 
   1  1990   1     0     1     1  0.994      0.994      0.0005000 
   1  1991   1     0     1     1  0.995      0.995      0.0005000 
   1  1992   1     0     1     1  0.995      0.995      0.0005000 
   1  1993   1     0     1     1  0.996      0.996      0.0005000 
   1  1994   1     0     1     1  0.996      0.996      0.0005000 
   1  1995   1     0     1     1  0.997      0.997      0.0005000 
   1  1996   1     0     1     1  0.997      0.997      0.0005000 
   1  1997   1     0     1     1  0.998      0.998      0.0005000 
   1  1998   1     0     1     1  0.998      0.998      0.0005000 
   1  1999   1     0     1     1  0.999      0.999      0.0005000 
   1  2000   1     0     1     1  0.999      0.999      0.0005000 
   1  2001   1     0     1     1  1.00       1.00       0.0005000 
   1  2002   1     0     1     1  1.00       1.00       0.0001250 
                          
 THE ANALYSIS HAS COMPLETED SUCCESSFULLY
