ALLAE,ALLIE,ALLSE,ALLVD,DAMAGEC,DAMAGET,E1,E2,E3,E4,E5,E6,PE1,PE2,PE3,PE4,PE5,PE6,RF1_n1,RF1_n2,RF1_n3,RF1_n4,RF1_n5,RF1_n6,RF1_n7,RF1_n8,RF2_n1,RF2_n2,RF2_n3,RF2_n4,RF2_n5,RF2_n6,RF2_n7,RF2_n8,RF3_n1,RF3_n2,RF3_n3,RF3_n4,RF3_n5,RF3_n6,RF3_n7,RF3_n8,S1,S2,S3,S4,S5,S6,U1_n1,U1_n2,U1_n3,U1_n4,U1_n5,U1_n6,U1_n7,U1_n8,U2_n1,U2_n2,U2_n3,U2_n4,U2_n5,U2_n6,U2_n7,U2_n8,U3_n1,U3_n2,U3_n3,U3_n4,U3_n5,U3_n6,U3_n7,U3_n8,step,time
0.0,0.0,0.0,0.0,0.0,0.0,0.0,0.0,0.0,0.0,0.0,0.0,0.0,0.0,0.0,0.0,0.0,0.0,-0.0,-0.0,-0.0,-0.0,-0.0,-0.0,-0.0,-0.0,-0.0,-0.0,0.0,0.0,-0.0,-0.0,0.0,0.0,-0.0,-0.0,-0.0,-0.0,0.0,0.0,0.0,0.0,0.0,0.0,0.0,0.0,0.0,0.0,0.0,0.0,0.0,0.0,0.0,0.0,0.0,0.0,0.0,0.0,0.0,0.0,0.0,0.0,0.0,0.0,0.0,0.0,0.0,0.0,0.0,0.0,0.0,0.0,Uniaxial,0.0
1.0096964562369703e-32,0.03497656434774399,0.03497656434774399,0.0,0.0,0.0,1.375e-06,-2.75e-07,-2.75e-07,6.617445e-23,0.0,9.264423e-23,0.0,0.0,0.0,0.0,0.0,0.0,-12718.75,12718.75,12718.75,-12718.75,-12718.75,12718.75,12718.75,-12718.75,-1.0461816e-12,-5.399342e-13,0.0,0.0,-3.695605e-13,1.3668686e-13,0.0,0.0,8.036803e-14,8.22917e-14,8.291267e-13,8.27203e-13,0.0,0.0,0.0,0.0,50875.0,1.8189894e-12,-1.8189894e-12,1.0201895e-12,0.0,1.4282652e-12,1.271875e-32,1.375e-06,1.375e-06,1.271875e-32,1.271875e-32,1.375e-06,1.375e-06,1.271875e-32,0.0,0.0,-2.75e-07,-2.75e-07,0.0,0.0,-2.75e-07,-2.75e-07,0.0,0.0,0.0,-0.0,-2.75e-07,-2.75e-07,-2.75e-07,-2.75e-07,Uniaxial,0.0010000000474974513
4.0735280005793505e-37,0.13990625739097595,0.13990625739097595,0.0,0.0,0.0,2.75e-06,-5.5e-07,-5.5e-07,-1.323489e-23,2.646978e-23,-2.646978e-23,0.0,0.0,0.0,0.0,0.0,0.0,-25437.5,25437.5,25437.5,-25437.5,-25437.5,25437.5,25437.5,-25437.5,-5.319781e-13,-6.3014974e-13,0.0,0.0,-7.340923e-13,-8.3226395e-13,0.0,0.0,-9.104565e-13,-7.04495e-13,-9.0853285e-13,-1.1144945e-12,0.0,0.0,0.0,0.0,101750.0,2.728484e-12,3.637979e-12,-2.0403789e-13,4.0807578e-13,-4.0807578e-13,-0.0,2.75e-06,2.75e-06,0.0,0.0,2.75e-06,2.75e-06,0.0,-0.0,-0.0,-5.5e-07,-5.5e-07,-0.0,0.0,-5.5e-07,-5.5e-07,0.0,0.0,0.0,0.0,-5.5e-07,-5.5e-07,-5.5e-07,-5.5e-07,Uniaxial,0.0020000000949949026
1.2220583553322543e-36,0.4284628927707672,0.4284628927707672,0.0,0.0,0.0,4.8125e-06,-9.625e-07,-9.625e-07,-1.323489e-23,3.970467e-23,-1.323489e-23,0.0,0.0,0.0,0.0,0.0,0.0,-44515.625,44515.625,44515.625,-44515.625,-44515.625,44515.625,44515.625,-44515.625,-8.093994e-13,-9.0757106e-13,0.0,0.0,-9.114184e-13,-1.00959e-12,0.0,0.0,-1.0394261e-13,2.0596155e-13,1.0394261e-13,-2.0596155e-13,0.0,0.0,0.0,0.0,178062.5,3.637979e-12,0.0,-2.0403789e-13,6.1211366e-13,-2.0403789e-13,-0.0,4.8125e-06,4.8125e-06,-0.0,0.0,4.8125e-06,4.8125e-06,-0.0,0.0,0.0,-9.625e-07,-9.625e-07,0.0,-0.0,-9.625e-07,-9.625e-07,-0.0,-0.0,-0.0,-0.0,-9.625e-07,-9.625e-07,-9.625e-07,-9.625e-07,Uniaxial,0.0035000001080334187
1.6294112002317402e-36,1.058040976524353,1.058040976524353,0.0,0.0,0.0,7.5625e-06,-1.5125e-06,-1.5125e-06,-3.970467e-23,1.1911401e-22,-6.617445e-23,0.0,0.0,0.0,0.0,0.0,0.0,-69953.125,69953.125,69953.125,-69953.125,-69953.125,69953.125,69953.125,-69953.125,8.570521e-13,5.5869e-13,0.0,0.0,3.5080473e-13,5.2442588e-14,0.0,0.0,-2.024951e-12,-1.1029332e-12,-1.6130279e-12,-2.5350457e-12,0.0,0.0,0.0,0.0,279812.5,-1.8189894e-12,7.275958e-12,-6.1211366e-13,1.836341e-12,-1.0201895e-12,-0.0,7.5625e-06,7.5625e-06,-0.0,-0.0,7.5625e-06,7.5625e-06,-0.0,0.0,0.0,-1.5125e-06,-1.5125e-06,0.0,0.0,-1.5125e-06,-1.5125e-06,0.0,0.0,0.0,0.0,-1.5125e-06,-1.5125e-06,-1.5125e-06,-1.5125e-06,Uniaxial,0.005499999970197678
1.3035289601853922e-35,1.967431664466858,1.967431664466858,0.0,0.0,0.0,1.03125e-05,-2.0625e-06,-2.0625e-06,9.264423e-23,6.617445e-23,-6.617445e-23,0.0,0.0,0.0,0.0,0.0,0.0,-95390.625,95390.625,95390.625,-95390.625,-95390.625,95390.625,95390.625,-95390.625,1.7092757e-12,2.431103e-12,0.0,0.0,1.2068757e-12,1.928703e-12,0.0,0.0,-3.6456736e-12,-3.1201894e-12,-3.6302842e-12,-4.155768e-12,0.0,0.0,0.0,0.0,381562.5,-7.275958e-12,1.4551915e-11,1.4282652e-12,1.0201895e-12,-1.0201895e-12,0.0,1.03125e-05,1.03125e-05,0.0,0.0,1.03125e-05,1.03125e-05,0.0,-0.0,-0.0,-2.0625e-06,-2.0625e-06,-0.0,-0.0,-2.0625e-06,-2.0625e-06,-0.0,-0.0,-0.0,-0.0,-2.0625e-06,-2.0625e-06,-2.0625e-06,-2.0625e-06,Uniaxial,0.007499999832361937
1.3849995291652893e-35,3.15663480758667,3.15663480758667,0.0,0.0,0.0,1.30625e-05,-2.6125e-06,-2.6125e-06,-3.970467e-23,-1.9852335e-22,9.264423e-23,0.0,0.0,0.0,0.0,0.0,0.0,-120828.125,120828.125,120828.125,-120828.125,-120828.125,120828.125,120828.125,-120828.125,-2.0788522e-13,-4.985527e-13,0.0,0.0,4.985527e-13,2.0788522e-13,0.0,0.0,7.676339e-12,6.1691386e-12,6.8755765e-12,8.382776e-12,0.0,0.0,0.0,0.0,483312.5,0.0,-2.910383e-11,-6.1211366e-13,-3.0605683e-12,1.4282652e-12,-0.0,1.30625e-05,1.30625e-05,-0.0,-0.0,1.30625e-05,1.30625e-05,-0.0,0.0,0.0,-2.6125e-06,-2.6125e-06,0.0,0.0,-2.6125e-06,-2.6125e-06,-0.0,-0.0,-0.0,-0.0,-2.6125e-06,-2.6125e-06,-2.6125e-06,-2.6125e-06,Uniaxial,0.009499999694526196
4.073528090262452e-36,4.625650405883789,4.625650405883789,0.0,0.0,0.0,1.58125e-05,-3.1625e-06,-3.1625e-06,6.617445e-23,6.617445e-23,1.323489e-23,0.0,0.0,0.0,0.0,0.0,0.0,-146265.62,146265.62,146265.62,-146265.62,-146265.62,146265.62,146265.62,-146265.62,-1.2193988e-12,-6.939148e-13,0.0,0.0,-1.1250746e-12,-5.995905e-13,0.0,0.0,-3.9440356e-12,-3.4339408e-12,-3.331922e-12,-3.8420165e-12,0.0,0.0,0.0,0.0,585062.5,3.637979e-12,1.4551915e-11,1.0201895e-12,1.0201895e-12,2.0403789e-13,0.0,1.58125e-05,1.58125e-05,0.0,0.0,1.58125e-05,1.58125e-05,0.0,0.0,-0.0,-3.1625e-06,-3.1625e-06,0.0,0.0,-3.1625e-06,-3.1625e-06,0.0,0.0,0.0,0.0,-3.1625e-06,-3.1625e-06,-3.1625e-06,-3.1625e-06,Uniaxial,0.011500000022351742
1.3035289601853922e-35,6.374478340148926,6.374478340148926,0.0,0.0,0.0,1.85625e-05,-3.7125e-06,-3.7125e-06,-1.323489e-23,1.323489e-23,1.323489e-23,0.0,0.0,0.0,0.0,0.0,0.0,-171703.12,171703.12,171703.12,-171703.12,-171703.12,171703.12,171703.12,-171703.12,-1.5389354e-14,-8.662959e-14,0.0,0.0,8.662959e-14,1.5389354e-14,0.0,0.0,-1.02018945e-13,1.2621775e-29,1.02018945e-13,-1.2621775e-29,0.0,0.0,0.0,0.0,686812.5,0.0,0.0,-2.0403789e-13,2.0403789e-13,2.0403789e-13,-0.0,1.85625e-05,1.85625e-05,-0.0,-0.0,1.85625e-05,1.85625e-05,-0.0,-0.0,-0.0,-3.7125e-06,-3.7125e-06,-0.0,-0.0,-3.7125e-06,-3.7125e-06,-0.0,-0.0,-0.0,-0.0,-3.7125e-06,-3.7125e-06,-3.7125e-06,-3.7125e-06,Uniaxial,0.013500000350177288
1.629411236104981e-35,8.403119087219238,8.403119087219238,0.0,0.0,0.0,2.13125e-05,-4.2625e-06,-4.2625e-06,-3.970467e-23,-3.970467e-23,-1.323489e-23,0.0,0.0,0.0,0.0,0.0,0.0,-197140.62,197140.62,197140.62,-197140.62,-197140.62,197140.62,197140.62,-197140.62,1.8095386e-13,-9.432427e-14,0.0,0.0,9.432427e-14,-1.8095386e-13,0.0,0.0,2.0403789e-13,-1.02018945e-13,-2.0403789e-13,1.02018945e-13,0.0,0.0,0.0,0.0,788562.5,0.0,0.0,-6.1211366e-13,-6.1211366e-13,-2.0403789e-13,0.0,2.13125e-05,2.13125e-05,0.0,0.0,2.13125e-05,2.13125e-05,0.0,0.0,0.0,-4.2625e-06,-4.2625e-06,0.0,0.0,-4.2625e-06,-4.2625e-06,0.0,0.0,0.0,0.0,-4.2625e-06,-4.2625e-06,-4.2625e-06,-4.2625e-06,Uniaxial,0.01549999974668026
1.629411236104981e-35,10.711572647094727,10.711572647094727,0.0,0.0,0.0,2.40625e-05,-4.8125e-06,-4.8125e-06,6.617445e-23,-3.970467e-23,-1.323489e-23,0.0,0.0,0.0,0.0,0.0,0.0,-222578.12,222578.12,222578.12,-222578.12,-222578.12,222578.12,222578.12,-222578.12,-2.2712191e-13,3.137515e-13,0.0,0.0,-3.137515e-13,2.2712191e-13,0.0,0.0,2.0403789e-13,-1.02018945e-13,-2.0403789e-13,1.02018945e-13,0.0,0.0,0.0,0.0,890312.5,0.0,0.0,1.0201895e-12,-6.1211366e-13,-2.0403789e-13,0.0,2.40625e-05,2.40625e-05,0.0,0.0,2.40625e-05,2.40625e-05,0.0,0.0,0.0,-4.8125e-06,-4.8125e-06,0.0,0.0,-4.8125e-06,-4.8125e-06,0.0,0.0,0.0,0.0,-4.8125e-06,-4.8125e-06,-4.8125e-06,-4.8125e-06,Uniaxial,0.017500000074505806
6.517644944419924e-35,13.299838066101074,13.299838066101074,0.0,0.0,0.0,2.68125e-05,-5.3625e-06,-5.3625e-06,-1.323489e-23,-1.323489e-23,-6.617445e-23,0.0,0.0,0.0,0.0,0.0,0.0,-248015.62,248015.62,248015.62,-248015.62,-248015.62,248015.62,248015.62,-248015.62,1.11892145e-11,1.1148753e-11,0.0,0.0,1.067912e-11,1.0638658e-11,0.0,0.0,1.4857972e-11,1.4740563e-11,1.4245859e-11,1.4363267e-11,0.0,0.0,0.0,0.0,992062.5,-4.3655746e-11,-5.820766e-11,-2.0403789e-13,-2.0403789e-13,-1.0201895e-12,0.0,2.68125e-05,2.68125e-05,0.0,0.0,2.68125e-05,2.68125e-05,0.0,-0.0,-0.0,-5.3625e-06,-5.3625e-06,-0.0,-0.0,-5.3625e-06,-5.3625e-06,-0.0,-0.0,-0.0,-0.0,-5.3625e-06,-5.3625e-06,-5.3625e-06,-5.3625e-06,Uniaxial,0.019500000402331352
6.191762668500335e-35,16.16791534423828,16.16791534423828,0.0,0.0,0.0,2.95625e-05,-5.9125e-06,-5.9125e-06,-3.970467e-23,-1.323489e-23,-1.323489e-23,0.0,0.0,0.0,0.0,0.0,0.0,-273453.12,273453.12,273453.12,-273453.12,-273453.12,273453.12,273453.12,-273453.12,1.2906185e-11,1.2661686e-11,0.0,0.0,1.2804166e-11,1.2559667e-11,0.0,0.0,1.466163e-11,1.4544221e-11,1.4442202e-11,1.455961e-11,0.0,0.0,0.0,0.0,1093812.5,-5.0931703e-11,-5.820766e-11,-6.1211366e-13,-2.0403789e-13,-2.0403789e-13,-0.0,2.95625e-05,2.95625e-05,-0.0,-0.0,2.95625e-05,2.95625e-05,-0.0,-0.0,-0.0,-5.9125e-06,-5.9125e-06,-0.0,-0.0,-5.9125e-06,-5.9125e-06,0.0,0.0,-0.0,-0.0,-5.9125e-06,-5.9125e-06,-5.9125e-06,-5.9125e-06,Uniaxial,0.0215000007301569
5.214115840741569e-35,19.315807342529297,19.315807342529297,0.0,0.0,0.0,3.23125e-05,-6.4625e-06,-6.4625e-06,6.617445e-23,-1.323489e-23,-1.323489e-23,0.0,0.0,0.0,0.0,0.0,0.0,-298890.62,298890.62,298890.62,-298890.62,-298890.62,298890.62,298890.62,-298890.62,-3.8651005e-12,-3.308838e-12,0.0,0.0,-3.9671196e-12,-3.4108569e-12,0.0,0.0,1.09713616e-13,-2.308403e-14,-1.09713616e-13,2.308403e-14,0.0,0.0,0.0,0.0,1195562.5,1.4551915e-11,0.0,1.0201895e-12,-2.0403789e-13,-2.0403789e-13,0.0,3.23125e-05,3.23125e-05,0.0,0.0,3.23125e-05,3.23125e-05,0.0,0.0,0.0,-6.4625e-06,-6.4625e-06,0.0,0.0,-6.4625e-06,-6.4625e-06,0.0,0.0,0.0,0.0,-6.4625e-06,-6.4625e-06,-6.4625e-06,-6.4625e-06,Uniaxial,0.023499999195337296
7.821173474126427e-35,22.74350929260254,22.74350929260254,0.0,0.0,0.0,3.50625e-05,-7.0125e-06,-7.0125e-06,-3.970467e-23,9.264423e-23,3.970467e-23,0.0,0.0,0.0,0.0,0.0,0.0,-324328.12,324328.12,324328.12,-324328.12,-324328.12,324328.12,324328.12,-324328.12,3.6072e-12,3.3473114e-12,0.0,0.0,3.9286465e-12,3.6687576e-12,0.0,0.0,-4.9470535e-13,1.7325918e-13,4.9470535e-13,-1.7325918e-13,0.0,0.0,0.0,0.0,1297312.5,-1.4551915e-11,0.0,-6.1211366e-13,1.4282652e-12,6.1211366e-13,-0.0,3.50625e-05,3.50625e-05,-0.0,-0.0,3.50625e-05,3.50625e-05,-0.0,-0.0,-0.0,-7.0125e-06,-7.0125e-06,-0.0,-0.0,-7.0125e-06,-7.0125e-06,-0.0,-0.0,-0.0,-0.0,-7.0125e-06,-7.0125e-06,-7.0125e-06,-7.0125e-06,Uniaxial,0.025499999523162842
7.495291198206839e-35,26.451025009155273,26.451025009155273,0.0,0.0,0.0,3.78125e-05,-7.5625e-06,-7.5625e-06,3.970467e-23,-1.1911401e-22,-1.1911401e-22,0.0,0.0,0.0,0.0,0.0,0.0,-349765.62,349765.62,349765.62,-349765.62,-349765.62,349765.62,349765.62,-349765.62,7.55893e-12,7.911155e-12,0.0,0.0,6.64076e-12,6.9929848e-12,0.0,0.0,9.027811e-13,-3.0778707e-14,-9.027811e-13,3.0778707e-14,0.0,0.0,0.0,0.0,1399062.5,-2.910383e-11,0.0,6.1211366e-13,-1.836341e-12,-1.836341e-12,0.0,3.78125e-05,3.78125e-05,0.0,0.0,3.78125e-05,3.78125e-05,0.0,0.0,0.0,-7.5625e-06,-7.5625e-06,0.0,0.0,-7.5625e-06,-7.5625e-06,0.0,0.0,0.0,0.0,-7.5625e-06,-7.5625e-06,-7.5625e-06,-7.5625e-06,Uniaxial,0.027499999850988388
9.124702577804782e-35,30.438352584838867,30.438352584838867,0.0,0.0,0.0,4.05625e-05,-8.1125e-06,-8.1125e-06,-6.617445e-23,1.4558379e-22,-1.323489e-23,0.0,0.0,0.0,0.0,0.0,0.0,-375203.12,375203.12,375203.12,-375203.12,-375203.12,375203.12,375203.12,-375203.12,2.213393e-11,2.1654614e-11,0.0,0.0,2.2001132e-11,2.1521816e-11,0.0,0.0,2.8609125e-11,2.9700555e-11,2.9598535e-11,2.8507106e-11,0.0,0.0,0.0,0.0,1500812.5,-8.731149e-11,-1.1641532e-10,-1.0201895e-12,2.2444167e-12,-2.0403789e-13,0.0,4.05625e-05,4.05625e-05,0.0,0.0,4.05625e-05,4.05625e-05,0.0,-0.0,-0.0,-8.1125e-06,-8.1125e-06,-0.0,-0.0,-8.1125e-06,-8.1125e-06,-0.0,-0.0,-0.0,-0.0,-8.1125e-06,-8.1125e-06,-8.1125e-06,-8.1125e-06,Uniaxial,0.029500000178813934
6.517644944419924e-35,34.70549392700195,34.70549392700195,0.0,0.0,0.0,4.33125e-05,-8.6625e-06,-8.6625e-06,1.323489e-23,-1.323489e-23,6.617445e-23,0.0,0.0,0.0,0.0,0.0,0.0,-400640.62,400640.62,400640.62,-400640.62,-400640.62,400640.62,400640.62,-400640.62,1.4230469e-11,1.4394045e-11,0.0,0.0,1.4709785e-11,1.4873361e-11,0.0,0.0,2.8899792e-11,2.8797773e-11,2.930787e-11,2.9409888e-11,0.0,0.0,0.0,0.0,1602562.5,-5.820766e-11,-1.1641532e-10,2.0403789e-13,-2.0403789e-13,1.0201895e-12,-0.0,4.33125e-05,4.33125e-05,-0.0,-0.0,4.33125e-05,4.33125e-05,-0.0,0.0,-0.0,-8.6625e-06,-8.6625e-06,0.0,-0.0,-8.6625e-06,-8.6625e-06,-0.0,0.0,0.0,-0.0,-8.6625e-06,-8.6625e-06,-8.6625e-06,-8.6625e-06,Uniaxial,0.03150000050663948
3.9105867370632137e-35,39.25244903564453,39.25244903564453,0.0,0.0,0.0,4.60625e-05,-9.2125e-06,-9.2125e-06,3.970467e-23,1.323489e-23,9.264423e-23,0.0,0.0,0.0,0.0,0.0,0.0,-426078.12,426078.12,426078.12,-426078.12,-426078.12,426078.12,426078.12,-426078.12,-7.801442e-12,-7.464606e-12,0.0,0.0,-7.087309e-12,-6.7504734e-12,0.0,0.0,-4.0807578e-13,-3.0605683e-13,4.0807578e-13,3.0605683e-13,0.0,0.0,0.0,0.0,1704312.5,2.910383e-11,0.0,6.1211366e-13,2.0403789e-13,1.4282652e-12,0.0,4.60625e-05,4.60625e-05,0.0,0.0,4.60625e-05,4.60625e-05,0.0,0.0,0.0,-9.2125e-06,-9.2125e-06,0.0,0.0,-9.2125e-06,-9.2125e-06,0.0,0.0,0.0,0.0,-9.2125e-06,-9.2125e-06,-9.2125e-06,-9.2125e-06,Uniaxial,0.03350000083446503
5.214115840741569e-35,44.0792121887207,44.0792121887207,0.0,0.0,0.0,4.88125e-05,-9.7625e-06,-9.7625e-06,-9.264423e-23,-9.264423e-23,-1.323489e-23,0.0,0.0,0.0,0.0,0.0,0.0,-451515.62,451515.62,451515.62,-451515.62,-451515.62,451515.62,451515.62,-451515.62,-3.2606817e-12,-3.9440356e-12,0.0,0.0,-3.331922e-12,-4.015276e-12,0.0,0.0,4.0807578e-13,-3.0605683e-13,-4.0807578e-13,3.0605683e-13,0.0,0.0,0.0,0.0,1806062.5,1.4551915e-11,0.0,-1.4282652e-12,-1.4282652e-12,-2.0403789e-13,-0.0,4.88125e-05,4.88125e-05,-0.0,-0.0,4.88125e-05,4.88125e-05,-0.0,-0.0,-0.0,-9.7625e-06,-9.7625e-06,-0.0,-0.0,-9.7625e-06,-9.7625e-06,-0.0,-0.0,0.0,0.0,-9.7625e-06,-9.7625e-06,-9.7625e-06,-9.7625e-06,Uniaxial,0.03550000116229057
1.1731760785161492e-34,49.185791015625,49.185791015625,0.0,0.0,0.0,5.15625e-05,-1.03125e-05,-1.03125e-05,-1.323489e-23,-1.1911401e-22,-3.970467e-23,0.0,0.0,0.0,0.0,0.0,0.0,-476953.12,476953.12,476953.12,-476953.12,-476953.12,476953.12,476953.12,-476953.12,-1.4363267e-11,-1.4403728e-11,0.0,0.0,-1.4700102e-11,-1.4740563e-11,0.0,0.0,-2.8522495e-11,-2.9440665e-11,-2.9685164e-11,-2.8766996e-11,0.0,0.0,0.0,0.0,1907812.5,5.820766e-11,1.1641532e-10,-2.0403789e-13,-1.836341e-12,-6.1211366e-13,0.0,5.15625e-05,5.15625e-05,0.0,0.0,5.15625e-05,5.15625e-05,0.0,-0.0,-0.0,-1.03125e-05,-1.03125e-05,-0.0,-0.0,-1.03125e-05,-1.03125e-05,-0.0,-0.0,-0.0,-0.0,-1.03125e-05,-1.03125e-05,-1.03125e-05,-1.03125e-05,Uniaxial,0.03750000149011612
1.3035289888839847e-34,54.572181701660156,54.572181701660156,0.0,0.0,0.0,5.43125e-05,-1.08625e-05,-1.08625e-05,3.970467e-23,1.4558379e-22,-3.970467e-23,0.0,0.0,0.0,0.0,0.0,0.0,-502390.62,502390.62,502390.62,-502390.62,-502390.62,502390.62,502390.62,-502390.62,1.4505747e-11,1.4842582e-11,0.0,0.0,1.42612476e-11,1.4598083e-11,0.0,0.0,1.41592285e-11,1.5250658e-11,1.4944601e-11,1.3853172e-11,0.0,0.0,0.0,0.0,2009562.5,-5.820766e-11,-5.820766e-11,6.1211366e-13,2.2444167e-12,-6.1211366e-13,-0.0,5.43125e-05,5.43125e-05,-0.0,-0.0,5.43125e-05,5.43125e-05,-0.0,-0.0,-0.0,-1.08625e-05,-1.08625e-05,-0.0,-0.0,-1.08625e-05,-1.08625e-05,-0.0,-0.0,-0.0,-0.0,-1.08625e-05,-1.08625e-05,-1.08625e-05,-1.08625e-05,Uniaxial,0.039500001817941666
9.124702577804782e-35,60.23838424682617,60.23838424682617,0.0,0.0,0.0,5.70625e-05,-1.14125e-05,-1.14125e-05,3.970467e-23,-1.323489e-23,1.4558379e-22,0.0,0.0,0.0,0.0,0.0,0.0,-527828.1,527828.1,527828.1,-527828.1,-527828.1,527828.1,527828.1,-527828.1,-8.020869e-12,-7.684033e-12,0.0,0.0,-6.8678817e-12,-6.531046e-12,0.0,0.0,-4.9470535e-13,-6.27503e-13,4.9470535e-13,6.27503e-13,0.0,0.0,0.0,0.0,2111312.5,2.910383e-11,0.0,6.1211366e-13,-2.0403789e-13,2.2444167e-12,0.0,5.70625e-05,5.70625e-05,0.0,0.0,5.70625e-05,5.70625e-05,0.0,0.0,0.0,-1.14125e-05,-1.14125e-05,0.0,0.0,-1.14125e-05,-1.14125e-05,0.0,0.0,0.0,0.0,-1.14125e-05,-1.14125e-05,-1.14125e-05,-1.14125e-05,Uniaxial,0.04149999842047691
1.0428231681483137e-34,66.18440246582031,66.18440246582031,0.0,0.0,0.0,5.98125e-05,-1.19625e-05,-1.19625e-05,1.323489e-23,1.1911401e-22,-1.4558379e-22,0.0,0.0,0.0,0.0,0.0,0.0,-553265.6,553265.6,553265.6,-553265.6,-553265.6,553265.6,553265.6,-553265.6,-1.7710578e-11,-1.7608559e-11,0.0,0.0,-1.877123e-11,-1.866921e-11,0.0,0.0,-1.4419118e-11,-1.3531726e-11,-1.4684714e-11,-1.5572104e-11,0.0,0.0,0.0,0.0,2213062.5,7.2759576e-11,5.820766e-11,2.0403789e-13,1.836341e-12,-2.2444167e-12,-0.0,5.98125e-05,5.98125e-05,-0.0,-0.0,5.98125e-05,5.98125e-05,-0.0,-0.0,-0.0,-1.19625e-05,-1.19625e-05,0.0,0.0,-1.19625e-05,-1.19625e-05,-0.0,-0.0,0.0,0.0,-1.19625e-05,-1.19625e-05,-1.19625e-05,-1.19625e-05,Uniaxial,0.04349999874830246
9.124702577804782e-35,72.41022491455078,72.41022491455078,0.0,0.0,0.0,6.25625e-05,-1.25125e-05,-1.25125e-05,-1.323489e-23,-1.7205357e-22,9.264423e-23,0.0,0.0,0.0,0.0,0.0,0.0,-578703.1,578703.1,578703.1,-578703.1,-578703.1,578703.1,578703.1,-578703.1,2.5159794e-11,2.5057775e-11,0.0,0.0,2.5873928e-11,2.5771909e-11,0.0,0.0,2.9394497e-11,2.8037473e-11,2.8813164e-11,3.017019e-11,0.0,0.0,0.0,0.0,2314812.5,-1.0186341e-10,-1.1641532e-10,-2.0403789e-13,-2.6524926e-12,1.4282652e-12,0.0,6.25625e-05,6.25625e-05,0.0,0.0,6.25625e-05,6.25625e-05,0.0,-0.0,-0.0,-1.25125e-05,-1.25125e-05,-0.0,-0.0,-1.25125e-05,-1.25125e-05,-0.0,-0.0,-0.0,-0.0,-1.25125e-05,-1.25125e-05,-1.25125e-05,-1.25125e-05,Uniaxial,0.045499999076128006
6.517644944419924e-35,78.9158706665039,78.9158706665039,0.0,0.0,0.0,6.53125e-05,-1.30625e-05,-1.30625e-05,-3.970467e-23,6.617445e-23,9.264423e-23,0.0,0.0,0.0,0.0,0.0,0.0,-604140.6,604140.6,604140.6,-604140.6,-604140.6,604140.6,604140.6,-604140.6,2.1623835e-11,2.1317777e-11,0.0,0.0,2.2337968e-11,2.2031911e-11,0.0,0.0,2.8537886e-11,2.8986423e-11,2.9669777e-11,2.922124e-11,0.0,0.0,0.0,0.0,2416562.5,-8.731149e-11,-1.1641532e-10,-6.1211366e-13,1.0201895e-12,1.4282652e-12,-0.0,6.53125e-05,6.53125e-05,-0.0,-0.0,6.53125e-05,6.53125e-05,-0.0,-0.0,-0.0,-1.30625e-05,-1.30625e-05,-0.0,-0.0,-1.30625e-05,-1.30625e-05,0.0,-0.0,-0.0,0.0,-1.30625e-05,-1.30625e-05,-1.30625e-05,-1.30625e-05,Uniaxial,0.04749999940395355
2.476705067400134e-34,85.70132446289062,85.70132446289062,0.0,0.0,0.0,6.80625e-05,-1.36125e-05,-1.36125e-05,-1.323489e-23,-6.617445e-23,-1.1911401e-22,0.0,0.0,0.0,0.0,0.0,0.0,-629578.1,629578.1,629578.1,-629578.1,-629578.1,629578.1,629578.1,-629578.1,3.6859103e-11,3.6757083e-11,0.0,0.0,3.6002493e-11,3.5900474e-11,0.0,0.0,2.989491e-11,2.9292478e-11,2.8312751e-11,2.8915183e-11,0.0,0.0,0.0,0.0,2518312.5,-1.4551915e-10,-1.1641532e-10,-2.0403789e-13,-1.0201895e-12,-1.836341e-12,0.0,6.80625e-05,6.80625e-05,0.0,0.0,6.80625e-05,6.80625e-05,0.0,0.0,0.0,-1.36125e-05,-1.36125e-05,0.0,0.0,-1.36125e-05,-1.36125e-05,0.0,0.0,0.0,0.0,-1.36125e-05,-1.36125e-05,-1.36125e-05,-1.36125e-05,Uniaxial,0.0494999997317791
1.5642346948252855e-34,92.76658630371094,92.76658630371094,0.0,0.0,0.0,7.08125e-05,-1.41625e-05,-1.41625e-05,1.323489e-23,-9.264423e-23,1.323489e-23,0.0,0.0,0.0,0.0,0.0,0.0,-655015.6,655015.6,655015.6,-655015.6,-655015.6,655015.6,655015.6,-655015.6,-2.920585e-11,-2.910383e-11,0.0,0.0,-2.910383e-11,-2.9001811e-11,0.0,0.0,3.3683554e-13,-4.696332e-13,-3.3683554e-13,4.696332e-13,0.0,0.0,0.0,0.0,2620062.5,1.1641532e-10,0.0,2.0403789e-13,-1.4282652e-12,2.0403789e-13,-0.0,7.08125e-05,7.08125e-05,-0.0,-0.0,7.08125e-05,7.08125e-05,-0.0,0.0,0.0,-1.41625e-05,-1.41625e-05,0.0,0.0,-1.41625e-05,-1.41625e-05,0.0,0.0,0.0,0.0,-1.41625e-05,-1.41625e-05,-1.41625e-05,-1.41625e-05,Uniaxial,0.051500000059604645
2.0856463362966275e-34,100.11166381835938,100.11166381835938,0.0,0.0,0.0,7.35625e-05,-1.47125e-05,-1.47125e-05,1.323489e-23,3.970467e-23,6.617445e-23,0.0,0.0,0.0,0.0,0.0,0.0,-680453.1,680453.1,680453.1,-680453.1,-680453.1,680453.1,680453.1,-680453.1,-2.213393e-11,-2.2031911e-11,0.0,0.0,-2.1623835e-11,-2.1521816e-11,0.0,0.0,-3.4651836e-13,-1.6357636e-13,3.4651836e-13,1.6357636e-13,0.0,0.0,0.0,0.0,2721812.5,8.731149e-11,0.0,2.0403789e-13,6.1211366e-13,1.0201895e-12,0.0,7.35625e-05,7.35625e-05,0.0,0.0,7.35625e-05,7.35625e-05,0.0,-0.0,-0.0,-1.47125e-05,-1.47125e-05,-0.0,-0.0,-1.47125e-05,-1.47125e-05,-0.0,-0.0,-0.0,-0.0,-1.47125e-05,-1.47125e-05,-1.47125e-05,-1.47125e-05,Uniaxial,0.05350000038743019
2.6070579777679694e-34,107.73655700683594,107.73655700683594,0.0,0.0,0.0,7.63125e-05,-1.52625e-05,-1.52625e-05,-1.323489e-23,9.264423e-23,-3.970467e-23,0.0,0.0,0.0,0.0,0.0,0.0,-705890.6,705890.6,705890.6,-705890.6,-705890.6,705890.6,705890.6,-705890.6,-7.07192e-12,-7.1739385e-12,0.0,0.0,-7.377977e-12,-7.479996e-12,0.0,0.0,2.8992128e-11,2.9583145e-11,2.9215533e-11,2.8624514e-11,0.0,0.0,0.0,0.0,2823562.5,2.910383e-11,-1.1641532e-10,-2.0403789e-13,1.4282652e-12,-6.1211366e-13,0.0,7.63125e-05,7.63125e-05,0.0,0.0,7.63125e-05,7.63125e-05,0.0,-0.0,-0.0,-1.52625e-05,-1.52625e-05,-0.0,-0.0,-1.52625e-05,-1.52625e-05,-0.0,-0.0,-0.0,-0.0,-1.52625e-05,-1.52625e-05,-1.52625e-05,-1.52625e-05,Uniaxial,0.05550000071525574
2.6070579777679694e-34,115.6412582397461,115.6412582397461,0.0,0.0,0.0,7.90625e-05,-1.58125e-05,-1.58125e-05,-1.323489e-23,-1.4558379e-22,-1.323489e-23,0.0,0.0,0.0,0.0,0.0,0.0,-731328.1,731328.1,731328.1,-731328.1,-731328.1,731328.1,731328.1,-731328.1,1.02018945e-13,-0.0,0.0,0.0,-0.0,-1.02018945e-13,0.0,0.0,2.980828e-11,2.8562958e-11,2.839938e-11,2.9644703e-11,0.0,0.0,0.0,0.0,2925312.5,0.0,-1.1641532e-10,-2.0403789e-13,-2.2444167e-12,-2.0403789e-13,-0.0,7.90625e-05,7.90625e-05,-0.0,-0.0,7.90625e-05,7.90625e-05,-0.0,0.0,0.0,-1.58125e-05,-1.58125e-05,0.0,0.0,-1.58125e-05,-1.58125e-05,0.0,0.0,0.0,0.0,-1.58125e-05,-1.58125e-05,-1.58125e-05,-1.58125e-05,Uniaxial,0.057500001043081284
6.256938779301142e-34,123.77220153808594,120.57843780517578,0.0,0.0,0.0023355677258223295,8.18125e-05,-1.6420636e-05,-1.6420636e-05,-1.323489e-23,6.617445e-23,6.617445e-23,9.854571e-07,-2.538305e-07,-2.538305e-07,-1.6696845e-25,8.348422e-25,8.348422e-25,-745896.9,745896.9,745896.9,-745896.9,-745896.9,745896.9,745896.9,-745896.9,17.898836,17.898836,0.0,0.0,17.898836,17.898836,0.0,0.0,17.898836,17.898836,17.898836,17.898836,0.0,0.0,0.0,0.0,2983587.5,-71.595345,-71.595345,-2.0099327e-13,1.0049664e-12,1.0049664e-12,-2.9875228e-34,8.18125e-05,8.18125e-05,-2.9875228e-34,-2.9875228e-34,8.18125e-05,8.18125e-05,-2.9875228e-34,-7.468807e-34,-7.468807e-34,-1.6420636e-05,-1.6420636e-05,-7.468807e-34,-7.468807e-34,-1.6420636e-05,-1.6420636e-05,-7.468807e-34,-7.468807e-34,-7.468807e-34,-7.468807e-34,-1.6420636e-05,-1.6420636e-05,-1.6420636e-05,-1.6420636e-05,Uniaxial,0.05950000137090683
1.5120935765958994e-33,131.9501953125,119.78536224365234,0.0,0.0,0.008882138878107071,8.45625e-05,-1.7127622e-05,-1.7127622e-05,1.323489e-23,-1.323489e-23,9.264423e-23,3.7360762e-06,-9.623252e-07,-9.623252e-07,2.9453648e-25,3.5033848e-25,3.9963804e-24,-741003.7,741003.7,741003.7,-741003.7,-741003.7,741003.7,741003.7,-741003.7,0.15454037,0.15454037,0.0,0.0,0.15454037,0.15454037,0.0,0.0,0.15454037,0.15454037,0.15454037,0.15454037,0.0,0.0,0.0,0.0,2964014.8,-0.6181615,-0.6181615,1.9772515e-13,-2.0757866e-13,1.3545156e-12,-1.986699e-35,8.45625e-05,8.45625e-05,-1.986699e-35,-1.986699e-35,8.45625e-05,8.45625e-05,-1.986699e-35,-1.2916206e-33,-1.2916206e-33,-1.7127622e-05,-1.7127622e-05,-1.2916206e-33,-1.2916206e-33,-1.7127622e-05,-1.7127622e-05,-1.2916206e-33,-1.2916206e-33,-1.2916206e-33,-1.2916206e-33,-1.7127622e-05,-1.7127622e-05,-1.7127622e-05,-1.7127622e-05,Uniaxial,0.061500001698732376
1.3035289200073626e-33,140.07432556152344,118.99431610107422,0.0,0.0,0.015427249483764172,8.73125e-05,-1.7835946e-05,-1.7835946e-05,1.323489e-23,-3.970467e-23,-6.617445e-23,6.486082e-06,-1.6706617e-06,-1.6706617e-06,7.4005314e-25,-1.0286944e-24,1.5805055e-24,-736110.25,736110.25,736110.25,-736110.25,-736110.25,736110.25,736110.25,-736110.25,0.00019699539,0.00019699539,0.0,0.0,0.00019699539,0.00019699539,0.0,0.0,0.00019699539,0.00019699539,0.00019699539,0.00019699539,0.0,0.0,0.0,0.0,2944441.0,-0.00078798155,-0.00078798155,1.89657e-13,-5.8705607e-13,-1.0284409e-12,-2.59973e-37,8.73125e-05,8.73125e-05,-2.59973e-37,-2.59973e-37,8.73125e-05,8.73125e-05,-2.59973e-37,-1.7356365e-35,-1.7356365e-35,-1.7835946e-05,-1.7835946e-05,-1.7356365e-35,-1.7356365e-35,-1.7835946e-05,-1.7835946e-05,-1.7356365e-35,-1.7356365e-35,-1.7356365e-35,-1.7356365e-35,-1.7835946e-05,-1.7835946e-05,-1.7835946e-05,-1.7835946e-05,Uniaxial,0.06350000202655792
1.72065814134894e-33,148.14462280273438,118.20327758789062,0.0,0.0,0.021972347050905228,9.00625e-05,-1.854428e-05,-1.854428e-05,1.323489e-23,-3.970467e-23,1.323489e-23,9.2360815e-06,-2.378997e-06,-2.378997e-06,1.1702305e-24,-2.3602468e-24,1.9817474e-24,-731216.9,731216.9,731216.9,-731216.9,-731216.9,731216.9,731216.9,-731216.9,-0.0010091912,-0.0010091912,0.0,0.0,-0.0010091912,-0.0010091912,0.0,0.0,-0.0010091912,-0.0010091912,-0.0010091912,-0.0010091912,0.0,0.0,0.0,0.0,2924867.5,0.0040367646,0.0040367646,1.8191004e-13,-5.6307644e-13,1.6967405e-13,-2.278286e-39,9.00625e-05,9.00625e-05,-2.278286e-39,-2.278286e-39,9.00625e-05,9.00625e-05,-2.278286e-39,-1.5210331e-37,-1.5210331e-37,-1.854428e-05,-1.854428e-05,-1.5210331e-37,-1.5210331e-37,-1.854428e-05,-1.854428e-05,-1.5210331e-37,-1.5210331e-37,-1.5210331e-37,-1.5210331e-37,-1.854428e-05,-1.854428e-05,-1.854428e-05,-1.854428e-05,Uniaxial,0.06549999862909317
1.8249404696432084e-33,156.16110229492188,117.41224670410156,0.0,0.0,0.02851744368672371,9.28125e-05,-1.9252615e-05,-1.9252615e-05,1.323489e-23,6.617445e-23,-6.617445e-23,1.19860815e-05,-3.087332e-06,-3.087332e-06,1.5855976e-24,-7.061614e-28,-3.647621e-25,-726323.44,726323.44,726323.44,-726323.44,-726323.44,726323.44,726323.44,-726323.44,-2.9211367e-05,-2.9211367e-05,0.0,0.0,-2.921137e-05,-2.921137e-05,0.0,0.0,-2.921137e-05,-2.9211367e-05,-2.921137e-05,-2.921137e-05,0.0,0.0,0.0,0.0,2905293.8,0.00011684548,0.00011684548,1.7447171e-13,9.911068e-13,-9.856331e-13,-3.2942e-41,9.28125e-05,9.28125e-05,-3.2942e-41,-3.2942e-41,9.28125e-05,9.28125e-05,-3.2942e-41,-2.199215e-39,-2.199215e-39,-1.9252615e-05,-1.9252615e-05,-2.199215e-39,-2.199215e-39,-1.9252615e-05,-1.9252615e-05,-2.199215e-39,-2.199215e-39,-2.199215e-39,-2.199215e-39,-1.9252615e-05,-1.9252615e-05,-1.9252615e-05,-1.9252615e-05,Uniaxial,0.06750000268220901
2.1377874545260136e-33,164.12374877929688,116.6212158203125,0.0,0.0,0.03506254032254219,9.55625e-05,-1.9960951e-05,-1.9960951e-05,1.323489e-23,6.617445e-23,-1.323489e-23,1.47360815e-05,-3.7956672e-06,-3.7956672e-06,1.9866641e-24,2.2775992e-24,-8.078602e-25,-721430.06,721430.06,721430.06,-721430.06,-721430.06,721430.06,721430.06,-721430.06,1.8687268e-05,1.8687268e-05,0.0,0.0,1.8687268e-05,1.8687268e-05,0.0,0.0,1.8687268e-05,1.8687268e-05,1.8687268e-05,1.8687268e-05,0.0,0.0,0.0,0.0,2885720.2,-7.474907e-05,-7.474907e-05,1.6732995e-13,9.505372e-13,-1.8486597e-13,1.4044e-41,9.55625e-05,9.55625e-05,1.4044e-41,1.4044e-41,9.55625e-05,9.55625e-05,1.4044e-41,9.37626e-40,9.37626e-40,-1.9960951e-05,-1.9960951e-05,9.37626e-40,9.37626e-40,-1.9960951e-05,-1.9960951e-05,9.37626e-40,9.37626e-40,9.37626e-40,9.37626e-40,-1.9960951e-05,-1.9960951e-05,-1.9960951e-05,-1.9960951e-05,Uniaxial,0.06949999928474426
1.9292227979374768e-33,172.03256225585938,115.83018493652344,0.0,0.0,0.04160763695836067,9.83125e-05,-2.0669286e-05,-2.0669286e-05,-1.323489e-23,-1.9852335e-22,1.7205357e-22,1.7486082e-05,-4.5040024e-06,-4.5040024e-06,1.4626102e-24,-4.6356583e-24,5.1434843e-24,-716536.6,716536.6,716536.6,-716536.6,-716536.6,716536.6,716536.6,-716536.6,1.7525097e-06,1.7525095e-06,0.0,0.0,1.7525109e-06,1.7525108e-06,0.0,0.0,1.7523989e-06,1.7523971e-06,1.7523984e-06,1.7524002e-06,0.0,0.0,0.0,0.0,2866146.5,-7.010041e-06,-7.0095944e-06,-2.1715873e-13,-2.8647323e-12,2.4661325e-12,9.88e-43,9.83125e-05,9.83125e-05,9.88e-43,9.88e-43,9.83125e-05,9.83125e-05,9.88e-43,6.5937e-41,6.5937e-41,-2.0669286e-05,-2.0669286e-05,6.5937e-41,6.5937e-41,-2.0669286e-05,-2.0669286e-05,6.5937e-41,6.5937e-41,6.5937e-41,6.5937e-41,-2.0669286e-05,-2.0669286e-05,-2.0669286e-05,-2.0669286e-05,Uniaxial,0.07150000333786011
2.1377874545260136e-33,179.88754272460938,115.03914642333984,0.0,0.0,0.04815273359417915,0.0001010625,-2.1377622e-05,-2.1377622e-05,-1.323489e-23,-6.617445e-23,-6.617445e-23,2.0236082e-05,-5.212338e-06,-5.212338e-06,9.565987e-25,-6.754341e-24,2.688121e-24,-711643.25,711643.25,711643.25,-711643.25,-711643.25,711643.25,711643.25,-711643.25,-4.968146e-07,-4.968147e-07,0.0,0.0,-4.96815e-07,-4.968151e-07,0.0,0.0,-4.9681427e-07,-4.9681506e-07,-4.968155e-07,-4.9681466e-07,0.0,0.0,0.0,0.0,2846573.0,1.9872596e-06,1.9872596e-06,-2.0825033e-13,-8.719492e-13,-1.0105108e-12,-2.24e-43,0.0001010625,0.0001010625,-2.24e-43,-2.24e-43,0.0001010625,0.0001010625,-2.24e-43,-1.4952e-41,-1.4952e-41,-2.1377622e-05,-2.1377622e-05,-1.4952e-41,-1.4952e-41,-2.1377622e-05,-2.1377622e-05,-1.4952e-41,-1.4952e-41,-1.4952e-41,-1.4952e-41,-2.1377622e-05,-2.1377622e-05,-2.1377622e-05,-2.1377622e-05,Uniaxial,0.07349999994039536
1.4599524124487652e-33,187.68870544433594,114.24811553955078,0.0,0.0,0.054697830229997635,0.0001038125,-2.2085957e-05,-2.2085957e-05,1.323489e-23,1.323489e-23,1.1911401e-22,2.2986082e-05,-5.9206727e-06,-5.9206727e-06,1.3793207e-24,-6.0661435e-24,6.696479e-24,-706749.8,706749.8,706749.8,-706749.8,-706749.8,706749.8,706749.8,-706749.8,-1.0831486e-07,-1.0831477e-07,0.0,0.0,-1.0831404e-07,-1.08313955e-07,0.0,0.0,-1.08314765e-07,-1.0831493e-07,-1.0831405e-07,-1.08313884e-07,0.0,0.0,0.0,0.0,2826999.2,4.332576e-07,4.332576e-07,1.7277605e-13,2.8128183e-13,1.6383066e-12,-4e-44,0.0001038125,0.0001038125,-4e-44,-4e-44,0.0001038125,0.0001038125,-4e-44,-2.716e-42,-2.716e-42,-2.2085957e-05,-2.2085957e-05,-2.716e-42,-2.716e-42,-2.2085957e-05,-2.2085957e-05,-2.716e-42,-2.716e-42,-2.716e-42,-2.716e-42,-2.2085957e-05,-2.2085957e-05,-2.2085957e-05,-2.2085957e-05,Uniaxial,0.0754999965429306
2.1377874545260136e-33,195.43605041503906,113.45708465576172,0.0,0.0,0.061242926865816116,0.0001065625,-2.2794291e-05,-2.2794291e-05,1.323489e-23,-9.264423e-23,6.617445e-23,2.5736083e-05,-6.629008e-06,-6.629008e-06,1.7874892e-24,-9.0468896e-24,8.7442115e-24,-701856.44,701856.44,701856.44,-701856.44,-701856.44,701856.44,701856.44,-701856.44,1.2813438e-08,1.2813521e-08,0.0,0.0,1.2813977e-08,1.281406e-08,0.0,0.0,1.2732033e-08,1.2731059e-08,1.2731536e-08,1.273251e-08,0.0,0.0,0.0,0.0,2807425.8,-5.1254997e-08,-5.0927138e-08,1.6567256e-13,-1.2098629e-12,8.311594e-13,4e-45,0.0001065625,0.0001065625,4e-45,4e-45,0.0001065625,0.0001065625,4e-45,2.75e-43,2.75e-43,-2.2794291e-05,-2.2794291e-05,2.75e-43,2.75e-43,-2.2794291e-05,-2.2794291e-05,2.75e-43,2.75e-43,2.75e-43,2.75e-43,-2.2794291e-05,-2.2794291e-05,-2.2794291e-05,-2.2794291e-05,Uniaxial,0.07750000059604645
2.0856463822143755e-33,203.12954711914062,112.66605377197266,0.0,0.0,0.0677880272269249,0.0001093125,-2.3502627e-05,-2.3502627e-05,1.323489e-23,-3.970467e-23,-6.617445e-23,2.8486082e-05,-7.337343e-06,-7.337343e-06,2.1816049e-24,-1.0102388e-23,6.164881e-24,-696963.06,696963.06,696963.06,-696963.06,-696963.06,696963.06,696963.06,-696963.06,7.081426e-09,7.081444e-09,0.0,0.0,7.080906e-09,7.0809243e-09,0.0,0.0,6.973233e-09,6.972651e-09,6.9720696e-09,6.972652e-09,0.0,0.0,0.0,0.0,2787852.2,-2.83247e-08,-2.7890605e-08,1.588534e-13,-4.2543218e-13,-1.039632e-12,1e-45,0.0001093125,0.0001093125,1e-45,1e-45,0.0001093125,0.0001093125,1e-45,1.32e-43,1.32e-43,-2.3502627e-05,-2.3502627e-05,1.32e-43,1.32e-43,-2.3502627e-05,-2.3502627e-05,1.32e-43,1.32e-43,1.32e-43,1.32e-43,-2.3502627e-05,-2.3502627e-05,-2.3502627e-05,-2.3502627e-05,Uniaxial,0.0794999971985817
2.1377874545260136e-33,210.76922607421875,111.87501525878906,0.0,0.0,0.07433312386274338,0.0001120625,-2.4210962e-05,-2.4210962e-05,-1.323489e-23,-1.1911401e-22,-3.970467e-23,3.1236083e-05,-8.045678e-06,-8.045678e-06,1.6508396e-24,-1.3855485e-23,4.585665e-24,-692069.6,692069.6,692069.6,-692069.6,-692069.6,692069.6,692069.6,-692069.6,1.3491339e-10,1.347456e-10,0.0,0.0,1.3465891e-10,1.3449114e-10,0.0,0.0,1.353897e-10,1.3426929e-10,1.3401483e-10,1.3513522e-10,0.0,0.0,0.0,0.0,2768278.5,-5.3880905e-10,-5.3880905e-10,-2.1242974e-13,-1.5021126e-12,-6.32054e-13,0.0,0.0001120625,0.0001120625,0.0,0.0,0.0001120625,0.0001120625,0.0,1e-45,1e-45,-2.4210962e-05,-2.4210962e-05,1e-45,1e-45,-2.4210962e-05,-2.4210962e-05,1e-45,1e-45,1e-45,1e-45,-2.4210962e-05,-2.4210962e-05,-2.4210962e-05,-2.4210962e-05,Uniaxial,0.08150000125169754
2.5027755117204568e-33,218.35508728027344,111.083984375,0.0,0.0,0.08087822049856186,0.0001148125,-2.4919296e-05,-2.4919296e-05,-1.323489e-23,6.617445e-23,1.323489e-23,3.398608e-05,-8.754014e-06,-8.754014e-06,1.1383475e-24,-1.1100182e-23,4.8834442e-24,-687176.25,687176.25,687176.25,-687176.25,-687176.25,687176.25,687176.25,-687176.25,-4.0119735e-10,-4.0136075e-10,0.0,0.0,-4.0113818e-10,-4.0130158e-10,0.0,0.0,-5.0846033e-10,-5.082822e-10,-5.0803833e-10,-5.0821647e-10,0.0,0.0,0.0,0.0,2748705.0,1.6049979e-09,2.0329973e-09,-2.0366582e-13,1.0949656e-12,1.1833827e-13,-0.0,0.0001148125,0.0001148125,-0.0,-0.0,0.0001148125,0.0001148125,-0.0,-7e-45,-7e-45,-2.4919296e-05,-2.4919296e-05,-7e-45,-7e-45,-2.4919296e-05,-2.4919296e-05,-7e-45,-7e-45,-7e-45,-7e-45,-2.4919296e-05,-2.4919296e-05,-2.4919296e-05,-2.4919296e-05,Uniaxial,0.08349999785423279
3.0241871531917987e-33,225.88711547851562,110.29295349121094,0.0,0.0,0.08742331713438034,0.0001175625,-2.5627633e-05,-2.5627633e-05,-1.323489e-23,-2.2499313e-22,9.264423e-23,3.673608e-05,-9.462348e-06,-9.462348e-06,6.434998e-25,-1.8464176e-23,7.9049085e-24,-682282.8,682282.8,682282.8,-682282.8,-682282.8,682282.8,682282.8,-682282.8,-5.3398966e-11,-5.361971e-11,0.0,0.0,-5.26182e-11,-5.283894e-11,0.0,0.0,-5.2413584e-11,-5.4235744e-11,-5.3824323e-11,-5.2002163e-11,0.0,0.0,0.0,0.0,2729131.2,2.1247581e-10,2.1247581e-10,-1.9525355e-13,-2.9056332e-12,1.1921882e-12,-0.0,0.0001175625,0.0001175625,-0.0,-0.0,0.0001175625,0.0001175625,-0.0,-1e-45,-1e-45,-2.5627633e-05,-2.5627633e-05,-1e-45,-1e-45,-2.5627633e-05,-2.5627633e-05,-1e-45,-1e-45,-1e-45,-1e-45,-2.5627633e-05,-2.5627633e-05,-2.5627633e-05,-2.5627633e-05,Uniaxial,0.08550000190734863
2.1377874545260136e-33,233.3653106689453,109.50192260742188,0.0,0.0,0.09396841377019882,0.0001203125,-2.6335967e-05,-2.6335967e-05,-1.323489e-23,1.323489e-23,-9.264423e-23,3.948608e-05,-1.0170684e-05,-1.0170684e-05,1.656889e-25,-1.7372827e-23,4.4431616e-24,-677389.44,677389.44,677389.44,-677389.44,-677389.44,677389.44,677389.44,-677389.44,7.955435e-11,7.93992e-11,0.0,0.0,7.881473e-11,7.8659586e-11,0.0,0.0,-2.5921392e-11,-2.6076972e-11,-2.6816587e-11,-2.6661007e-11,0.0,0.0,0.0,0.0,2709557.8,-3.1642788e-10,1.0547596e-10,-1.871791e-13,4.2752818e-13,-1.3561154e-12,0.0,0.0001203125,0.0001203125,0.0,0.0,0.0001203125,0.0001203125,0.0,0.0,0.0,-2.6335967e-05,-2.6335967e-05,0.0,0.0,-2.6335967e-05,-2.6335967e-05,0.0,0.0,0.0,0.0,-2.6335967e-05,-2.6335967e-05,-2.6335967e-05,-2.6335967e-05,Uniaxial,0.08749999850988388
2.1377874545260136e-33,240.7896728515625,108.71088409423828,0.0,0.0,0.1005135104060173,0.0001230625,-2.7044303e-05,-2.7044303e-05,-1.323489e-23,-2.2499313e-22,9.264423e-23,4.2236083e-05,-1.0879019e-05,-1.0879019e-05,-2.9567172e-25,-2.4520864e-23,7.479784e-24,-672496.0,672496.0,672496.0,-672496.0,-672496.0,672496.0,672496.0,-672496.0,-7.872434e-11,-7.887561e-11,0.0,0.0,-7.81954e-11,-7.8346676e-11,0.0,0.0,2.67937e-11,2.5034372e-11,2.5563305e-11,2.7322632e-11,0.0,0.0,0.0,0.0,2689984.0,3.1414202e-10,-1.0471401e-10,-1.7942921e-13,-2.7799655e-12,1.1809825e-12,-0.0,0.0001230625,0.0001230625,-0.0,-0.0,0.0001230625,0.0001230625,-0.0,0.0,0.0,-2.7044303e-05,-2.7044303e-05,0.0,0.0,-2.7044303e-05,-2.7044303e-05,0.0,0.0,0.0,0.0,-2.7044303e-05,-2.7044303e-05,-2.7044303e-05,-2.7044303e-05,Uniaxial,0.08950000256299973
2.9199048248975304e-33,248.16021728515625,107.91985321044922,0.0,0.0,0.10705860704183578,0.0001258125,-2.7752638e-05,-2.7752638e-05,-1.323489e-23,1.4558379e-22,-3.970467e-23,4.498608e-05,-1.15873545e-05,-1.15873545e-05,-7.4114843e-25,-1.8664432e-23,5.8552984e-24,-667602.6,667602.6,667602.6,-667602.6,-667602.6,667602.6,667602.6,-667602.6,-2.5634326e-11,-2.578188e-11,0.0,0.0,-2.619415e-11,-2.6341703e-11,0.0,0.0,-2.6181035e-11,-2.5419843e-11,-2.5794995e-11,-2.6556186e-11,0.0,0.0,0.0,0.0,2670410.5,1.0395206e-10,1.0395206e-10,-1.7199108e-13,2.2610705e-12,-6.271867e-13,0.0,0.0001258125,0.0001258125,0.0,0.0,0.0001258125,0.0001258125,0.0,-0.0,-0.0,-2.7752638e-05,-2.7752638e-05,-0.0,-0.0,-2.7752638e-05,-2.7752638e-05,0.0,0.0,0.0,0.0,-2.7752638e-05,-2.7752638e-05,-2.7752638e-05,-2.7752638e-05,Uniaxial,0.09149999916553497
2.554916767703087e-33,255.4769287109375,107.12882232666016,0.0,0.0,0.11360370367765427,0.0001285625,-2.8460972e-05,-2.8460972e-05,-1.323489e-23,-1.7205357e-22,-3.970467e-23,4.773608e-05,-1.2295689e-05,-1.2295689e-05,-1.1712881e-24,-2.3945376e-23,4.286741e-24,-662709.2,662709.2,662709.2,-662709.2,-662709.2,662709.2,662709.2,-662709.2,-2.5544468e-11,-2.5688451e-11,0.0,0.0,-2.5906603e-11,-2.6050587e-11,0.0,0.0,-2.4864246e-11,-2.624556e-11,-2.6730809e-11,-2.5349495e-11,0.0,0.0,0.0,0.0,2650836.8,1.0319011e-10,1.0319011e-10,-1.6485245e-13,-2.0239394e-12,-6.0115476e-13,-0.0,0.0001285625,0.0001285625,-0.0,-0.0,0.0001285625,0.0001285625,-0.0,-0.0,-0.0,-2.8460972e-05,-2.8460972e-05,-0.0,-0.0,-2.8460972e-05,-2.8460972e-05,-0.0,-0.0,-0.0,-0.0,-2.8460972e-05,-2.8460972e-05,-2.8460972e-05,-2.8460972e-05,Uniaxial,0.09350000321865082
2.9199048248975304e-33,262.73980712890625,106.3377914428711,0.0,0.0,0.12014880031347275,0.0001313125,-2.9169309e-05,-2.9169309e-05,-1.323489e-23,-9.264423e-23,-6.617445e-23,5.048608e-05,-1.3004024e-05,-1.3004024e-05,-1.5866188e-24,-2.6310569e-23,1.8608742e-24,-657815.8,657815.8,657815.8,-657815.8,-657815.8,657815.8,657815.8,-657815.8,7.724523e-11,7.710467e-11,0.0,0.0,7.653757e-11,7.6397014e-11,0.0,0.0,-2.4997488e-11,-2.581672e-11,-2.6216591e-11,-2.539736e-11,0.0,0.0,0.0,0.0,2631263.2,-3.0728448e-10,1.0242816e-10,-1.5800149e-13,-8.997745e-13,-9.228565e-13,0.0,0.0001313125,0.0001313125,0.0,0.0,0.0001313125,0.0001313125,0.0,-0.0,-0.0,-2.9169309e-05,-2.9169309e-05,-0.0,-0.0,-2.9169309e-05,-2.9169309e-05,-0.0,-0.0,-0.0,-0.0,-2.9169309e-05,-2.9169309e-05,-2.9169309e-05,-2.9169309e-05,Uniaxial,0.09549999982118607
2.29421085513192e-33,269.9488830566406,105.5467529296875,0.0,0.0,0.12669390439987183,0.0001340625,-2.9877643e-05,-2.9877643e-05,-1.323489e-23,-1.4558379e-22,3.970467e-23,5.3236083e-05,-1.371236e-05,-1.371236e-05,-1.9876502e-24,-3.0416956e-23,3.163776e-24,-652922.4,652922.4,652922.4,-652922.4,-652922.4,652922.4,652922.4,-652922.4,7.625686e-11,7.611959e-11,0.0,0.0,7.637973e-11,7.624246e-11,0.0,0.0,-2.4936457e-11,-2.6081075e-11,-2.5896648e-11,-2.475203e-11,0.0,0.0,0.0,0.0,2611689.5,-3.0499864e-10,1.0166621e-10,-1.5142686e-13,-1.5505451e-12,4.919672e-13,-0.0,0.0001340625,0.0001340625,-0.0,-0.0,0.0001340625,0.0001340625,-0.0,0.0,0.0,-2.9877643e-05,-2.9877643e-05,0.0,0.0,-2.9877643e-05,-2.9877643e-05,0.0,0.0,0.0,0.0,-2.9877643e-05,-2.9877643e-05,-2.9877643e-05,-2.9877643e-05,Uniaxial,0.09749999642372131
1.8770817256258387e-33,277.1041259765625,104.75572204589844,0.0,0.0,0.1332390010356903,0.0001368125,-3.058598e-05,-3.058598e-05,1.323489e-23,-3.970467e-23,3.970467e-23,5.5986082e-05,-1.4420695e-05,-1.4420695e-05,-1.4635624e-24,-3.0736716e-23,4.421821e-24,-648029.0,648029.0,648029.0,-648029.0,-648029.0,648029.0,648029.0,-648029.0,2.518221e-11,2.5280415e-11,0.0,0.0,2.5171715e-11,2.526992e-11,0.0,0.0,-7.558143e-11,-7.588758e-11,-7.577496e-11,-7.546881e-11,0.0,0.0,0.0,0.0,2592116.0,-1.00904264e-10,3.0271277e-10,1.9640902e-13,-1.1983486e-13,4.714694e-13,-0.0,0.0001368125,0.0001368125,-0.0,-0.0,0.0001368125,0.0001368125,-0.0,-0.0,-0.0,-3.058598e-05,-3.058598e-05,-0.0,-0.0,-3.058598e-05,-3.058598e-05,-0.0,-0.0,-0.0,-0.0,-3.058598e-05,-3.058598e-05,-3.058598e-05,-3.058598e-05,Uniaxial,0.09950000047683716
2.7113401683089936e-33,284.20550537109375,103.96469116210938,0.0,0.0,0.1397840976715088,0.0001395625,-3.1294312e-05,-3.1294312e-05,-9.264423e-23,-1.323489e-23,-1.323489e-23,5.873608e-05,-1.512903e-05,-1.512903e-05,-4.602768e-24,-3.0134155e-23,3.8139283e-24,-643135.56,643135.56,643135.56,-643135.56,-643135.56,643135.56,643135.56,-643135.56,7.545515e-11,7.4871366e-11,0.0,0.0,7.53421e-11,7.475832e-11,0.0,0.0,-2.4727295e-11,-2.4861469e-11,-2.534386e-11,-2.5209687e-11,0.0,0.0,0.0,0.0,2572542.2,-3.0042693e-10,1.0014231e-10,-1.1675761e-12,2.2411237e-13,-2.2609566e-13,-0.0,0.0001395625,0.0001395625,0.0,0.0,0.0001395625,0.0001395625,0.0,0.0,0.0,-3.1294312e-05,-3.1294312e-05,0.0,0.0,-3.1294312e-05,-3.1294312e-05,-0.0,-0.0,-0.0,-0.0,-3.1294312e-05,-3.1294312e-05,-3.1294312e-05,-3.1294312e-05,Uniaxial,0.1014999970793724
1.8770817256258387e-33,291.2530822753906,103.17366027832031,0.0,0.0,0.14632919430732727,0.0001423125,-3.200265e-05,-3.200265e-05,-1.323489e-23,-1.323489e-23,-6.617445e-23,6.1486084e-05,-1.5837366e-05,-1.5837366e-05,-4.8999582e-24,-2.9552342e-23,1.4043397e-24,-638242.2,638242.2,638242.2,-638242.2,-638242.2,638242.2,638242.2,-638242.2,3.7288537e-13,3.1803835e-13,0.0,0.0,-3.1803835e-13,-3.7288537e-13,0.0,0.0,2.3021694e-13,9.1362295e-14,-2.3021694e-13,-9.1362295e-14,0.0,0.0,0.0,0.0,2552968.8,0.0,0.0,-1.0969402e-13,2.1475004e-13,-8.893881e-13,0.0,0.0001423125,0.0001423125,-0.0,0.0,0.0001423125,0.0001423125,-0.0,0.0,-0.0,-3.200265e-05,-3.200265e-05,0.0,-0.0,-3.200265e-05,-3.200265e-05,0.0,0.0,-0.0,-0.0,-3.200265e-05,-3.200265e-05,-3.200265e-05,-3.200265e-05,Uniaxial,0.10350000113248825
1.8770817256258387e-33,298.2468566894531,102.38262176513672,0.0,0.0,0.15287429094314575,0.0001450625,-3.2710985e-05,-3.2710985e-05,3.970467e-23,-3.970467e-23,6.617445e-23,6.423608e-05,-1.65457e-05,-1.65457e-05,-3.3642918e-24,-2.990187e-23,3.6342715e-24,-633348.75,633348.75,633348.75,-633348.75,-633348.75,633348.75,633348.75,-633348.75,4.9087512e-11,4.936875e-11,0.0,0.0,4.9249663e-11,4.95309e-11,0.0,0.0,4.9321693e-11,4.901145e-11,4.929672e-11,4.960696e-11,0.0,0.0,0.0,0.0,2533395.0,-1.9723682e-10,-1.9723682e-10,5.624744e-13,-1.2802313e-13,8.1676565e-13,0.0,0.0001450625,0.0001450625,0.0,0.0,0.0001450625,0.0001450625,0.0,-0.0,-0.0,-3.2710985e-05,-3.2710985e-05,-0.0,-0.0,-3.2710985e-05,-3.2710985e-05,-0.0,-0.0,-0.0,-0.0,-3.2710985e-05,-3.2710985e-05,-3.2710985e-05,-3.2710985e-05,Uniaxial,0.1054999977350235
2.7113401683089936e-33,305.186767578125,101.59159088134766,0.0,0.0,0.15941938757896423,0.0001478125,-3.341932e-05,-3.341932e-05,-3.970467e-23,-6.617445e-23,1.323489e-23,6.698608e-05,-1.7254035e-05,-1.7254035e-05,-4.615433e-24,-3.1150678e-23,3.964806e-24,-628455.4,628455.4,628455.4,-628455.4,-628455.4,628455.4,628455.4,-628455.4,-7.33087e-11,-7.353606e-11,0.0,0.0,-7.3248636e-11,-7.3475996e-11,0.0,0.0,2.4855338e-11,2.4382173e-11,2.4072893e-11,2.454606e-11,0.0,0.0,0.0,0.0,2513821.5,2.935694e-10,-9.7856466e-11,-4.547197e-13,-4.5387134e-13,1.2013056e-13,-0.0,0.0001478125,0.0001478125,-0.0,-0.0,0.0001478125,0.0001478125,-0.0,0.0,0.0,-3.341932e-05,-3.341932e-05,0.0,0.0,-3.341932e-05,-3.341932e-05,0.0,0.0,0.0,0.0,-3.341932e-05,-3.341932e-05,-3.341932e-05,-3.341932e-05,Uniaxial,0.10750000178813934
3.128469481486067e-33,312.0728759765625,100.8005599975586,0.0,0.0,0.16596448421478271,0.0001505625,-3.4127654e-05,-3.4127654e-05,3.970467e-23,-9.264423e-23,-3.970467e-23,6.973608e-05,-1.7962371e-05,-1.7962371e-05,-3.0895623e-24,-3.3267804e-23,2.4613352e-24,-623561.94,623561.94,623561.94,-623561.94,-623561.94,623561.94,623561.94,-623561.94,-2.4152532e-11,-2.3877407e-11,0.0,0.0,-2.466985e-11,-2.4394724e-11,0.0,0.0,-2.3762547e-11,-2.4513624e-11,-2.478471e-11,-2.4033633e-11,0.0,0.0,0.0,0.0,2494247.8,9.709451e-11,9.709451e-11,5.502503e-13,-7.634649e-13,-5.421725e-13,0.0,0.0001505625,0.0001505625,0.0,0.0,0.0001505625,0.0001505625,0.0,-0.0,-0.0,-3.4127654e-05,-3.4127654e-05,-0.0,-0.0,-3.4127654e-05,-3.4127654e-05,0.0,0.0,0.0,0.0,-3.4127654e-05,-3.4127654e-05,-3.4127654e-05,-3.4127654e-05,Uniaxial,0.10949999839067459
3.545598794663141e-33,318.9051208496094,100.00952911376953,0.0,0.0,0.1725095808506012,0.0001533125,-3.483599e-05,-3.483599e-05,-3.970467e-23,-2.2499313e-22,-6.617445e-23,7.248608e-05,-1.8670706e-05,-1.8670706e-05,-4.3501624e-24,-3.98686e-23,9.83141e-26,-618668.56,618668.56,618668.56,-618668.56,-618668.56,618668.56,618668.56,-618668.56,9.67798e-11,9.6554285e-11,0.0,0.0,9.611084e-11,9.588533e-11,0.0,0.0,9.744213e-11,9.601507e-11,9.5222996e-11,9.6650056e-11,0.0,0.0,0.0,0.0,2474674.2,-3.8533027e-10,-3.8533027e-10,-4.5102255e-13,-2.3616601e-12,-8.454512e-13,-0.0,0.0001533125,0.0001533125,-0.0,-0.0,0.0001533125,0.0001533125,-0.0,-0.0,-0.0,-3.483599e-05,-3.483599e-05,-0.0,-0.0,-3.483599e-05,-3.483599e-05,-0.0,-0.0,-0.0,-0.0,-3.483599e-05,-3.483599e-05,-3.483599e-05,-3.483599e-05,Uniaxial,0.11150000244379044
4.171292764428751e-33,325.6835632324219,99.21849060058594,0.0,0.0,0.17905467748641968,0.0001560625,-3.5544326e-05,-3.5544326e-05,1.323489e-23,-1.1911401e-22,-1.1911401e-22,7.523608e-05,-1.9379042e-05,-1.9379042e-05,-3.744737e-24,-4.2596895e-23,-4.005977e-24,-613775.1,613775.1,613775.1,-613775.1,-613775.1,613775.1,613775.1,-613775.1,-4.7413264e-11,-4.7182702e-11,0.0,0.0,-4.838791e-11,-4.815735e-11,0.0,0.0,-4.687121e-11,-4.7601645e-11,-4.869941e-11,-4.796897e-11,0.0,0.0,0.0,0.0,2455100.5,1.9114123e-10,1.9114123e-10,2.1489824e-13,-9.68419e-13,-1.4568349e-12,0.0,0.0001560625,0.0001560625,0.0,0.0,0.0001560625,0.0001560625,0.0,0.0,0.0,-3.5544326e-05,-3.5544326e-05,0.0,0.0,-3.5544326e-05,-3.5544326e-05,0.0,0.0,0.0,0.0,-3.5544326e-05,-3.5544326e-05,-3.5544326e-05,-3.5544326e-05,Uniaxial,0.11349999904632568
3.545598794663141e-33,332.4081726074219,98.42745971679688,0.0,0.0,0.18559977412223816,0.0001588125,-3.625266e-05,-3.625266e-05,6.617445e-23,-6.617445e-23,-9.264423e-23,7.798608e-05,-2.0087376e-05,-2.0087376e-05,-1.3375304e-24,-4.3408633e-23,-7.0576506e-24,-608881.75,608881.75,608881.75,-608881.75,-608881.75,608881.75,608881.75,-608881.75,-2.3522318e-11,-2.2975385e-11,0.0,0.0,-2.4428947e-11,-2.3882014e-11,0.0,0.0,-2.3177394e-11,-2.356654e-11,-2.4226938e-11,-2.3837793e-11,0.0,0.0,0.0,0.0,2435527.0,9.480867e-11,9.480867e-11,8.4763566e-13,-2.858325e-13,-1.0745683e-12,0.0,0.0001588125,0.0001588125,0.0,0.0,0.0001588125,0.0001588125,0.0,-0.0,-0.0,-3.625266e-05,-3.625266e-05,-0.0,-0.0,-3.625266e-05,-3.625266e-05,-0.0,-0.0,-0.0,-0.0,-3.625266e-05,-3.625266e-05,-3.625266e-05,-3.625266e-05,Uniaxial,0.11550000309944153
6.674068276149208e-33,339.0789794921875,97.63642883300781,0.0,0.0,0.19214487075805664,0.0001615625,-3.6960995e-05,-3.6960995e-05,-3.970467e-23,6.617445e-23,-1.323489e-23,8.0736085e-05,-2.0795711e-05,-2.0795711e-05,-2.65845e-24,-3.9635862e-23,-7.2703235e-24,-603988.3,603988.3,603988.3,-603988.3,-603988.3,603988.3,603988.3,-603988.3,2.383027e-11,2.372269e-11,0.0,0.0,2.3300667e-11,2.3193088e-11,0.0,0.0,2.3508586e-11,2.3921259e-11,2.3514772e-11,2.3102098e-11,0.0,0.0,0.0,0.0,2415953.2,-9.4046715e-11,-9.4046715e-11,-4.6138966e-13,1.3178074e-12,-7.428529e-14,-0.0,0.0001615625,0.0001615625,-0.0,-0.0,0.0001615625,0.0001615625,-0.0,-0.0,-0.0,-3.6960995e-05,-3.6960995e-05,-0.0,-0.0,-3.6960995e-05,-3.6960995e-05,-0.0,-0.0,-0.0,-0.0,-3.6960995e-05,-3.6960995e-05,-3.6960995e-05,-3.6960995e-05,Uniaxial,0.11749999970197678
2.5027755117204568e-33,345.6959228515625,96.84539794921875,0.0,0.0,0.19868996739387512,0.0001643125,-3.766933e-05,-3.766933e-05,3.970467e-23,-1.1911401e-22,-1.323489e-23,8.3486084e-05,-2.1504047e-05,-2.1504047e-05,-1.1999552e-24,-4.2372168e-23,-7.475674e-24,-599094.94,599094.94,599094.94,-599094.94,-599094.94,599094.94,599094.94,-599094.94,-4.698505e-14,3.2878802e-13,0.0,0.0,-3.2878802e-13,4.698505e-14,0.0,0.0,4.3946707e-13,-2.807789e-13,-4.3946707e-13,2.807789e-13,0.0,0.0,0.0,0.0,2396379.8,0.0,0.0,5.053165e-13,-9.480326e-13,-7.114664e-14,0.0,0.0001643125,0.0001643125,0.0,0.0,0.0001643125,0.0001643125,0.0,0.0,0.0,-3.766933e-05,-3.766933e-05,0.0,0.0,-3.766933e-05,-3.766933e-05,0.0,0.0,0.0,0.0,-3.766933e-05,-3.766933e-05,-3.766933e-05,-3.766933e-05,Uniaxial,0.11949999630451202
8.551149818104054e-33,352.2590637207031,96.05435943603516,0.0,0.0,0.2052350640296936,0.0001670625,-3.8377664e-05,-3.8377664e-05,6.617445e-23,-2.2499313e-22,-6.617445e-23,8.623608e-05,-2.2212382e-05,-2.2212382e-05,1.1196385e-24,-4.8659515e-23,-9.49658e-24,-594201.5,594201.5,594201.5,-594201.5,-594201.5,594201.5,594201.5,-594201.5,-4.6163955e-11,-4.5642292e-11,0.0,0.0,-4.6880524e-11,-4.635886e-11,0.0,0.0,-4.5116754e-11,-4.644326e-11,-4.740606e-11,-4.6079557e-11,0.0,0.0,0.0,0.0,2376806.0,1.8504563e-10,1.8504563e-10,7.9709226e-13,-2.1605497e-12,-6.9445274e-13,0.0,0.0001670625,0.0001670625,0.0,0.0,0.0001670625,0.0001670625,0.0,-0.0,-0.0,-3.8377664e-05,-3.8377664e-05,-0.0,-0.0,-3.8377664e-05,-3.8377664e-05,0.0,0.0,0.0,0.0,-3.8377664e-05,-3.8377664e-05,-3.8377664e-05,-3.8377664e-05,Uniaxial,0.12150000035762787
1.2096748612767195e-32,358.76837158203125,95.2633285522461,0.0,0.0,0.21178016066551208,0.0001698125,-3.9086e-05,-3.9086e-05,6.617445e-23,-3.970467e-23,-6.617445e-23,8.898608e-05,-2.2920716e-05,-2.2920716e-05,3.3593724e-24,-4.8351216e-23,-1.14479084e-23,-589308.1,589308.1,589308.1,-589308.1,-589308.1,589308.1,589308.1,-589308.1,9.1920964e-11,9.254885e-11,0.0,0.0,9.097288e-11,9.160077e-11,0.0,0.0,9.233175e-11,9.213806e-11,9.118998e-11,9.138367e-11,0.0,0.0,0.0,0.0,2357232.5,-3.6704348e-10,-3.6704348e-10,7.633114e-13,1.05070426e-13,-6.6502175e-13,-0.0,0.0001698125,0.0001698125,-0.0,-0.0,0.0001698125,0.0001698125,-0.0,-0.0,-0.0,-3.9086e-05,-3.9086e-05,-0.0,-0.0,-3.9086e-05,-3.9086e-05,-0.0,-0.0,-0.0,-0.0,-3.9086e-05,-3.9086e-05,-3.9086e-05,-3.9086e-05,Uniaxial,0.12349999696016312
1.2096748612767195e-32,365.2238464355469,94.47229766845703,0.0,0.0,0.21832525730133057,0.0001725625,-3.9794337e-05,-3.9794337e-05,-3.970467e-23,-1.7205357e-22,-1.7205357e-22,9.173608e-05,-2.3629053e-05,-2.3629053e-05,1.8767457e-24,-5.261009e-23,-1.6977306e-23,-584414.75,584414.75,584414.75,-584414.75,-584414.75,584414.75,584414.75,-584414.75,4.62766e-11,4.6272288e-11,0.0,0.0,4.472663e-11,4.4722316e-11,0.0,0.0,4.6757407e-11,4.579148e-11,4.424151e-11,4.5207435e-11,0.0,0.0,0.0,0.0,2337659.0,-1.8199783e-10,-1.8199783e-10,-5.010901e-13,-1.4393917e-12,-1.868796e-12,0.0,0.0001725625,0.0001725625,0.0,0.0,0.0001725625,0.0001725625,0.0,0.0,0.0,-3.9794337e-05,-3.9794337e-05,0.0,0.0,-3.9794337e-05,-3.9794337e-05,0.0,0.0,0.0,0.0,-3.9794337e-05,-3.9794337e-05,-3.9794337e-05,-3.9794337e-05,Uniaxial,0.12549999356269836
8.551149818104054e-33,371.62548828125,93.68126678466797,0.0,0.0,0.22487035393714905,0.0001753125,-4.050267e-05,-4.050267e-05,3.970467e-23,9.264423e-23,-6.617445e-23,9.448608e-05,-2.4337387e-05,-2.4337387e-05,3.179101e-24,-4.7609217e-23,-1.8671085e-23,-579521.3,579521.3,579521.3,-579521.3,-579521.3,579521.3,579521.3,-579521.3,2.2715153e-11,2.3179621e-11,0.0,0.0,2.1938862e-11,2.2403331e-11,0.0,0.0,2.258994e-11,2.3181719e-11,2.2528543e-11,2.1936765e-11,0.0,0.0,0.0,0.0,2318085.2,-9.0236964e-11,-9.0236964e-11,4.3647746e-13,1.6760167e-12,-5.6766115e-13,-0.0,0.0001753125,0.0001753125,-0.0,-0.0,0.0001753125,0.0001753125,-0.0,-0.0,-0.0,-4.050267e-05,-4.050267e-05,-0.0,-0.0,-4.050267e-05,-4.050267e-05,-0.0,-0.0,-0.0,-0.0,-4.050267e-05,-4.050267e-05,-4.050267e-05,-4.050267e-05,Uniaxial,0.1274999976158142
7.091197589326281e-33,377.9732971191406,92.89022827148438,0.0,0.0,0.23141545057296753,0.0001780625,-4.1211006e-05,-4.1211006e-05,9.264423e-23,-1.4558379e-22,-1.7205357e-22,9.723608e-05,-2.5045723e-05,-2.5045723e-05,6.2592433e-24,-5.0982326e-23,-2.39518e-23,-574627.94,574627.94,574627.94,-574627.94,-574627.94,574627.94,574627.94,-574627.94,-2.2001262e-11,-2.1243243e-11,0.0,0.0,-2.3494266e-11,-2.2736247e-11,0.0,0.0,-2.1465133e-11,-2.227183e-11,-2.3272375e-11,-2.2465679e-11,0.0,0.0,0.0,0.0,2298511.8,8.947502e-11,8.947502e-11,1.0235767e-12,-1.1209339e-12,-1.7548596e-12,-0.0,0.0001780625,0.0001780625,-0.0,0.0,0.0001780625,0.0001780625,0.0,-0.0,-0.0,-4.1211006e-05,-4.1211006e-05,-0.0,-0.0,-4.1211006e-05,-4.1211006e-05,0.0,0.0,0.0,0.0,-4.1211006e-05,-4.1211006e-05,-4.1211006e-05,-4.1211006e-05,Uniaxial,0.12950000166893005
3.7541634512516775e-33,384.2673034667969,92.09919738769531,0.0,0.0,0.237960547208786,0.0001808125,-4.1919342e-05,-4.1919342e-05,1.323489e-23,-1.7205357e-22,-1.323489e-23,9.998608e-05,-2.5754058e-05,-2.5754058e-05,6.4994037e-24,-5.5150616e-23,-2.3582834e-23,-569734.5,569734.5,569734.5,-569734.5,-569734.5,569734.5,569734.5,-569734.5,-1.1173191e-13,1.7406236e-13,0.0,0.0,-1.7406236e-13,1.1173191e-13,0.0,0.0,6.20742e-13,-3.1218192e-13,-6.20742e-13,3.1218192e-13,0.0,0.0,0.0,0.0,2278938.0,0.0,0.0,7.912922e-14,-1.3733885e-12,1.2156877e-13,0.0,0.0001808125,0.0001808125,0.0,0.0,0.0001808125,0.0001808125,0.0,-0.0,-0.0,-4.1919342e-05,-4.1919342e-05,-0.0,-0.0,-4.1919342e-05,-4.1919342e-05,-0.0,-0.0,-0.0,-0.0,-4.1919342e-05,-4.1919342e-05,-4.1919342e-05,-4.1919342e-05,Uniaxial,0.1315000057220459
8.759714107350606e-33,390.5074768066406,91.30816650390625,0.0,0.0,0.2445056438446045,0.0001835625,-4.262768e-05,-4.262768e-05,9.264423e-23,-1.7205357e-22,-9.264423e-23,0.000102736085,-2.6462392e-05,-2.6462392e-05,9.465233e-24,-5.91754e-23,-2.5960508e-23,-564841.1,564841.1,564841.1,-564841.1,-564841.1,564841.1,564841.1,-564841.1,6.597686e-11,6.6707494e-11,0.0,0.0,6.5219184e-11,6.5949815e-11,0.0,0.0,6.691709e-11,6.60135e-11,6.500959e-11,6.591318e-11,0.0,0.0,0.0,0.0,2259364.5,-2.6385336e-10,-2.6385336e-10,9.688027e-13,-1.3147152e-12,-7.766789e-13,-0.0,0.0001835625,0.0001835625,-0.0,-0.0,0.0001835625,0.0001835625,-0.0,-0.0,-0.0,-4.262768e-05,-4.262768e-05,-0.0,-0.0,-4.262768e-05,-4.262768e-05,-0.0,-0.0,-0.0,-0.0,-4.262768e-05,-4.262768e-05,-4.262768e-05,-4.262768e-05,Uniaxial,0.13349999487400055
8.759714107350606e-33,396.6938171386719,90.51713562011719,0.0,0.0,0.251050740480423,0.0001863125,-4.333601e-05,-4.333601e-05,1.323489e-23,-1.4558379e-22,-6.617445e-23,0.000105486084,-2.7170729e-05,-2.7170729e-05,9.595016e-24,-6.21503e-23,-2.734501e-23,-559947.7,559947.7,559947.7,-559947.7,-559947.7,559947.7,559947.7,-559947.7,6.555501e-11,6.582226e-11,0.0,0.0,6.49615e-11,6.522874e-11,0.0,0.0,6.61757e-11,6.544779e-11,6.4608055e-11,6.533596e-11,0.0,0.0,0.0,0.0,2239790.8,-2.6156752e-10,-2.6156752e-10,4.2027075e-14,-9.633481e-13,-4.4833638e-13,0.0,0.0001863125,0.0001863125,0.0,0.0,0.0001863125,0.0001863125,0.0,0.0,0.0,-4.333601e-05,-4.333601e-05,0.0,0.0,-4.333601e-05,-4.333601e-05,0.0,0.0,0.0,0.0,-4.333601e-05,-4.333601e-05,-4.333601e-05,-4.333601e-05,Uniaxial,0.1354999989271164
8.759714107350606e-33,402.8263244628906,89.7260971069336,0.0,0.0,0.25759583711624146,0.0001890625,-4.4044347e-05,-4.4044347e-05,9.264423e-23,-1.323489e-23,-2.2499313e-22,0.00010823608,-2.7879063e-05,-2.7879063e-05,1.24542685e-23,-6.046622e-23,-3.4149722e-23,-555054.3,555054.3,555054.3,-555054.3,-555054.3,555054.3,555054.3,-555054.3,-2.1105515e-11,-2.0400381e-11,0.0,0.0,-2.2813229e-11,-2.2108095e-11,0.0,0.0,-2.0888093e-11,-2.0864033e-11,-2.2325516e-11,-2.2349577e-11,0.0,0.0,0.0,0.0,2220217.2,8.642722e-11,8.642722e-11,9.17806e-13,5.4058136e-13,-2.1842786e-12,0.0,0.0001890625,0.0001890625,0.0,0.0,0.0001890625,0.0001890625,0.0,-0.0,-0.0,-4.4044347e-05,-4.4044347e-05,-0.0,-0.0,-4.4044347e-05,-4.4044347e-05,-0.0,-0.0,-0.0,-0.0,-4.4044347e-05,-4.4044347e-05,-4.4044347e-05,-4.4044347e-05,Uniaxial,0.13750000298023224
2.2107851394332991e-32,408.9049987792969,88.93506622314453,0.0,0.0,0.26414093375205994,0.0001918125,-4.4752684e-05,-4.4752684e-05,1.323489e-23,-6.617445e-23,-1.9852335e-22,0.00011098608,-2.8587398e-05,-2.8587398e-05,1.2481144e-23,-6.066275e-23,-3.9808843e-23,-550160.9,550160.9,550160.9,-550160.9,-550160.9,550160.9,550160.9,-550160.9,-2.0660534e-11,-2.041003e-11,0.0,0.0,-2.2422605e-11,-2.2172101e-11,0.0,0.0,-2.0396535e-11,-2.0674028e-11,-2.24361e-11,-2.2158607e-11,0.0,0.0,0.0,0.0,2200643.5,8.566527e-11,8.566527e-11,8.55086e-15,-6.252747e-14,-1.8005357e-12,-0.0,0.0001918125,0.0001918125,-0.0,-0.0,0.0001918125,0.0001918125,-0.0,-0.0,-0.0,-4.4752684e-05,-4.4752684e-05,-0.0,-0.0,-4.4752684e-05,-4.4752684e-05,-0.0,-0.0,-0.0,-0.0,-4.4752684e-05,-4.4752684e-05,-4.4752684e-05,-4.4752684e-05,Uniaxial,0.13950000703334808
2.2107851394332991e-32,414.92987060546875,88.14403533935547,0.0,0.0,0.2706860303878784,0.0001945625,-4.5461016e-05,-4.5461016e-05,-3.970467e-23,-2.2499313e-22,-1.9852335e-22,0.00011373608,-2.9295734e-05,-2.9295734e-05,1.0684469e-23,-6.632038e-23,-4.527313e-23,-545267.5,545267.5,545267.5,-545267.5,-545267.5,545267.5,545267.5,-545267.5,-2.0345633e-11,-2.0382682e-11,0.0,0.0,-2.2068979e-11,-2.2106027e-11,0.0,0.0,-1.979503e-11,-2.0933285e-11,-2.265663e-11,-2.1518376e-11,0.0,0.0,0.0,0.0,2181070.0,8.490332e-11,8.490332e-11,-5.6655483e-13,-1.7840513e-12,-1.7230826e-12,0.0,0.0001945625,0.0001945625,0.0,0.0,0.0001945625,0.0001945625,0.0,-0.0,-0.0,-4.5461016e-05,-4.5461016e-05,-0.0,-0.0,-4.5461016e-05,-4.5461016e-05,-0.0,-0.0,-0.0,-0.0,-4.5461016e-05,-4.5461016e-05,-4.5461016e-05,-4.5461016e-05,Uniaxial,0.14149999618530273
2.1690721346471949e-32,420.90087890625,87.3530044555664,0.0,0.0,0.2772311270236969,0.0001973125,-4.6169353e-05,-4.6169353e-05,6.617445e-23,-6.617445e-23,-2.2499313e-22,0.00011648608,-3.0004068e-05,-3.0004068e-05,1.2594901e-23,-6.631536e-23,-5.1460606e-23,-540374.06,540374.06,540374.06,-540374.06,-540374.06,540374.06,540374.06,-540374.06,2.1554165e-11,2.2098904e-11,0.0,0.0,1.9971781e-11,2.051652e-11,0.0,0.0,2.2195487e-11,2.1826927e-11,1.9875199e-11,2.0243758e-11,0.0,0.0,0.0,0.0,2161496.2,-8.414137e-11,-8.414137e-11,5.970201e-13,1.5700864e-15,-1.9336184e-12,-0.0,0.0001973125,0.0001973125,-0.0,-0.0,0.0001973125,0.0001973125,-0.0,0.0,0.0,-4.6169353e-05,-4.6169353e-05,0.0,0.0,-4.6169353e-05,-4.6169353e-05,-0.0,-0.0,-0.0,-0.0,-4.6169353e-05,-4.6169353e-05,-4.6169353e-05,-4.6169353e-05,Uniaxial,0.14350000023841858
1.835368684105536e-32,426.8180847167969,86.56196594238281,0.0,0.0,0.2837762236595154,0.0002000625,-4.687769e-05,-4.687769e-05,3.970467e-23,1.323489e-23,-3.0440247e-22,0.00011923608,-3.0712403e-05,-3.0712403e-05,1.3528248e-23,-6.3576566e-23,-6.016899e-23,-535480.7,535480.7,535480.7,-535480.7,-535480.7,535480.7,535480.7,-535480.7,4.266099e-11,4.2928622e-11,0.0,0.0,4.04508e-11,4.0718432e-11,0.0,0.0,4.264433e-11,4.2699053e-11,4.0735092e-11,4.068037e-11,0.0,0.0,0.0,0.0,2141922.8,-1.6675884e-10,-1.6675884e-10,2.8903437e-13,8.4813547e-13,-2.6967731e-12,0.0,0.0002000625,0.0002000625,0.0,0.0,0.0002000625,0.0002000625,0.0,0.0,0.0,-4.687769e-05,-4.687769e-05,0.0,0.0,-4.687769e-05,-4.687769e-05,0.0,0.0,0.0,0.0,-4.687769e-05,-4.687769e-05,-4.687769e-05,-4.687769e-05,Uniaxial,0.14550000429153442
1.6476606033784483e-32,432.68145751953125,85.77093505859375,0.0,0.0,0.29032132029533386,0.0002028125,-4.758602e-05,-4.758602e-05,1.323489e-23,-1.9852335e-22,-2.2499313e-22,0.00012198608,-3.142074e-05,-3.142074e-05,1.3518148e-23,-6.822257e-23,-6.5843626e-23,-530587.25,530587.25,530587.25,-530587.25,-530587.25,530587.25,530587.25,-530587.25,4.192949e-11,4.2051057e-11,0.0,0.0,4.0566415e-11,4.068798e-11,0.0,0.0,4.271602e-11,4.1633873e-11,3.990145e-11,4.09836e-11,0.0,0.0,0.0,0.0,2122349.0,-1.6523494e-10,-1.6523494e-10,-3.099093e-15,-1.4256051e-12,-1.7412355e-12,0.0,0.0002028125,0.0002028125,0.0,0.0,0.0002028125,0.0002028125,0.0,-0.0,-0.0,-4.758602e-05,-4.758602e-05,-0.0,-0.0,-4.758602e-05,-4.758602e-05,-0.0,0.0,0.0,-0.0,-4.758602e-05,-4.758602e-05,-4.758602e-05,-4.758602e-05,Uniaxial,0.14749999344348907
2.3150673575249721e-32,438.4909973144531,84.97990417480469,0.0,0.0,0.29686641693115234,0.0002055625,-4.8294358e-05,-4.8294358e-05,1.323489e-23,-1.1911401e-22,-1.9852335e-22,0.00012473608,-3.2129075e-05,-3.2129075e-05,1.3508396e-23,-6.997468e-23,-7.041158e-23,-525693.9,525693.9,525693.9,-525693.9,-525693.9,525693.9,525693.9,-525693.9,-8.1138256e-11,-8.1139734e-11,0.0,0.0,-8.2571304e-11,-8.257279e-11,0.0,0.0,-8.069804e-11,-8.133372e-11,-8.3013006e-11,-8.237733e-11,0.0,0.0,0.0,0.0,2102775.5,3.274221e-10,3.274221e-10,-2.9647985e-15,-5.326691e-13,-1.3887285e-12,-0.0,0.0002055625,0.0002055625,-0.0,-0.0,0.0002055625,0.0002055625,-0.0,0.0,0.0,-4.8294358e-05,-4.8294358e-05,0.0,0.0,-4.8294358e-05,-4.8294358e-05,-0.0,-0.0,-0.0,-0.0,-4.8294358e-05,-4.8294358e-05,-4.8294358e-05,-4.8294358e-05,Uniaxial,0.14949999749660492
2.4819190827958016e-32,444.2467346191406,84.18887329101562,0.0,0.0,0.3034115135669708,0.0002083125,-4.9002694e-05,-4.9002694e-05,1.323489e-23,-3.0440247e-22,-1.9852335e-22,0.00012748608,-3.2837408e-05,-3.2837408e-05,1.349898e-23,-7.804566e-23,-7.4822264e-23,-520800.47,520800.47,520800.47,-520800.47,-520800.47,520800.47,520800.47,-520800.47,-1.9386558e-11,-1.951109e-11,0.0,0.0,-2.1035694e-11,-2.1160228e-11,0.0,0.0,-1.8717994e-11,-2.0425885e-11,-2.1828792e-11,-2.0120901e-11,0.0,0.0,0.0,0.0,2083201.9,8.109357e-11,8.109357e-11,-2.8360774e-15,-2.4308622e-12,-1.3284349e-12,-0.0,0.0002083125,0.0002083125,-0.0,-0.0,0.0002083125,0.0002083125,0.0,-0.0,-0.0,-4.9002694e-05,-4.9002694e-05,-0.0,-0.0,-4.9002694e-05,-4.9002694e-05,-0.0,-0.0,-0.0,-0.0,-4.9002694e-05,-4.9002694e-05,-4.9002694e-05,-4.9002694e-05,Uniaxial,0.15150000154972076
2.753053026158304e-32,449.9486083984375,83.39783477783203,0.0,0.0,0.3099566102027893,0.0002110625,-4.9711027e-05,-4.9711027e-05,1.323489e-23,-3.0440247e-22,-2.514629e-22,0.00013023608,-3.3545744e-05,-3.3545744e-05,1.3489888e-23,-8.5838763e-23,-8.090372e-23,-515907.06,515907.06,515907.06,-515907.06,-515907.06,515907.06,515907.06,-515907.06,-3.9219065e-11,-3.9343535e-11,0.0,0.0,-4.0988088e-11,-4.1112558e-11,0.0,0.0,4.193939e-11,4.028437e-11,3.8392234e-11,4.004725e-11,0.0,0.0,0.0,0.0,2063628.2,1.6066325e-10,-1.6066325e-10,-2.7127056e-15,-2.3251175e-12,-1.8144374e-12,0.0,0.0002110625,0.0002110625,0.0,0.0,0.0002110625,0.0002110625,0.0,0.0,0.0,-4.9711027e-05,-4.9711027e-05,0.0,0.0,-4.9711027e-05,-4.9711027e-05,0.0,0.0,0.0,0.0,-4.9711027e-05,-4.9711027e-05,-4.9711027e-05,-4.9711027e-05,Uniaxial,0.1535000056028366
2.419349722553439e-32,455.5966796875,82.60680389404297,0.0,0.0,0.3165017068386078,0.0002138125,-5.0419363e-05,-5.0419363e-05,1.323489e-23,-6.617445e-23,-1.1911401e-22,0.00013298608,-3.425408e-05,-3.425408e-05,1.3481107e-23,-8.516175e-23,-8.2219236e-23,-511013.66,511013.66,511013.66,-511013.66,-511013.66,511013.66,511013.66,-511013.66,-5.908696e-11,-5.9088255e-11,0.0,0.0,-6.026626e-11,-6.0267555e-11,0.0,0.0,2.0555167e-11,2.0162745e-11,1.922967e-11,1.9622092e-11,0.0,0.0,0.0,0.0,2044054.6,2.3870902e-10,-7.956967e-11,-2.5944672e-15,2.0007425e-13,-3.8877e-13,-0.0,0.0002138125,0.0002138125,-0.0,-0.0,0.0002138125,0.0002138125,-0.0,-0.0,-0.0,-5.0419363e-05,-5.0419363e-05,-0.0,-0.0,-5.0419363e-05,-5.0419363e-05,-0.0,-0.0,-0.0,-0.0,-5.0419363e-05,-5.0419363e-05,-5.0419363e-05,-5.0419363e-05,Uniaxial,0.15549999475479126
2.3567803623110764e-32,461.19091796875,81.8157730102539,0.0,0.0,0.32304680347442627,0.0002165625,-5.11277e-05,-5.11277e-05,1.323489e-23,-2.514629e-22,-3.0440247e-22,0.00013573609,-3.4962413e-05,-3.4962413e-05,1.347263e-23,-9.088724e-23,-8.9868656e-23,-506120.25,506120.25,506120.25,-506120.25,-506120.25,506120.25,506120.25,-506120.25,-3.8535716e-11,-3.853696e-11,0.0,0.0,-4.0270766e-11,-4.0272008e-11,0.0,0.0,-3.768648e-11,-3.901685e-11,-4.1121245e-11,-3.9790872e-11,0.0,0.0,0.0,0.0,2024481.0,1.5761545e-10,1.5761545e-10,-2.481155e-15,-1.6758257e-12,-2.2389525e-12,0.0,0.0002165625,0.0002165625,0.0,0.0,0.0002165625,0.0002165625,0.0,0.0,0.0,-5.11277e-05,-5.11277e-05,0.0,0.0,-5.11277e-05,-5.11277e-05,0.0,0.0,0.0,0.0,-5.11277e-05,-5.11277e-05,-5.11277e-05,-5.11277e-05,Uniaxial,0.1574999988079071
2.3567803623110764e-32,466.7313232421875,81.02474212646484,0.0,0.0,0.32959190011024475,0.0002193125,-5.1836032e-05,-5.1836032e-05,1.323489e-23,-1.4558379e-22,-3.838118e-22,0.00013848608,-3.567075e-05,-3.567075e-05,1.3464447e-23,-9.277035e-23,-9.998865e-23,-501226.84,501226.84,501226.84,-501226.84,-501226.84,501226.84,501226.84,-501226.84,-3.7981146e-11,-3.7982333e-11,0.0,0.0,-4.0063442e-11,-4.006463e-11,0.0,0.0,-3.7414374e-11,-3.8179758e-11,-4.06314e-11,-3.9866013e-11,0.0,0.0,0.0,0.0,2004907.4,1.5609154e-10,1.5609154e-10,-2.3725696e-15,-5.4585107e-13,-2.9334423e-12,-0.0,0.0002193125,0.0002193125,-0.0,-0.0,0.0002193125,0.0002193125,-0.0,0.0,0.0,-5.1836032e-05,-5.1836032e-05,-0.0,-0.0,-5.1836032e-05,-5.1836032e-05,0.0,0.0,-0.0,-0.0,-5.1836032e-05,-5.1836032e-05,-5.1836032e-05,-5.1836032e-05,Uniaxial,0.15950000286102295
2.419349722553439e-32,472.2178955078125,80.23370361328125,0.0,0.0,0.33613699674606323,0.0002220625,-5.254437e-05,-5.254437e-05,1.323489e-23,-3.0440247e-22,-2.514629e-22,0.00014123609,-3.6379086e-05,-3.6379086e-05,1.3456542e-23,-1.0005651e-22,-1.0520367e-22,-496333.44,496333.44,496333.44,-496333.44,-496333.44,496333.44,496333.44,-496333.44,-5.7095616e-11,-5.709675e-11,0.0,0.0,-5.882898e-11,-5.883012e-11,0.0,0.0,-5.6450223e-11,-5.7988378e-11,-5.9475515e-11,-5.793736e-11,0.0,0.0,0.0,0.0,1985333.8,2.3185147e-10,2.3185147e-10,-2.2685203e-15,-2.0913898e-12,-1.4968982e-12,-0.0,0.0002220625,0.0002220625,-0.0,-0.0,0.0002220625,0.0002220625,-0.0,-0.0,-0.0,-5.254437e-05,-5.254437e-05,-0.0,-0.0,-5.254437e-05,-5.254437e-05,-0.0,-0.0,-0.0,-0.0,-5.254437e-05,-5.254437e-05,-5.254437e-05,-5.254437e-05,Uniaxial,0.1615000069141388
1.835368684105536e-32,477.6506652832031,79.44267272949219,0.0,0.0,0.3426820933818817,0.0002248125,-5.3252705e-05,-5.3252705e-05,1.323489e-23,-2.7793269e-22,-2.7793269e-22,0.00014398608,-3.7087422e-05,-3.7087422e-05,1.3448911e-23,-1.061805e-22,-1.1115045e-22,-491440.03,491440.03,491440.03,-491440.03,-491440.03,491440.03,491440.03,-491440.03,5.8183822e-11,5.8182736e-11,0.0,0.0,5.6600075e-11,5.6598993e-11,0.0,0.0,-1.7657247e-11,-1.9019945e-11,-2.060369e-11,-1.9240992e-11,0.0,0.0,0.0,0.0,1965760.1,-2.2956563e-10,7.652187e-11,-2.1688232e-15,-1.7404767e-12,-1.6901129e-12,0.0,0.0002248125,0.0002248125,0.0,0.0,0.0002248125,0.0002248125,0.0,0.0,0.0,-5.3252705e-05,-5.3252705e-05,0.0,0.0,-5.3252705e-05,-5.3252705e-05,-0.0,-0.0,-0.0,-0.0,-5.3252705e-05,-5.3252705e-05,-5.3252705e-05,-5.3252705e-05,Uniaxial,0.16349999606609344
2.1690721346471949e-32,483.02960205078125,78.65164184570312,0.0,0.0,0.3492271900177002,0.0002275625,-5.396104e-05,-5.396104e-05,1.323489e-23,-1.1911401e-22,-2.514629e-22,0.00014673609,-3.7795755e-05,-3.7795755e-05,1.3441543e-23,-1.0662578e-22,-1.1598118e-22,-486546.62,486546.62,486546.62,-486546.62,-486546.62,486546.62,486546.62,-486546.62,5.752962e-11,5.76517e-11,0.0,0.0,5.598819e-11,5.611027e-11,0.0,0.0,5.7806655e-11,5.725155e-11,5.5833234e-11,5.638834e-11,0.0,0.0,0.0,0.0,1946186.5,-2.2727978e-10,-2.2727978e-10,-2.0733018e-15,-1.252912e-13,-1.3592539e-12,-0.0,0.0002275625,0.0002275625,-0.0,-0.0,0.0002275625,0.0002275625,-0.0,0.0,0.0,-5.396104e-05,-5.396104e-05,0.0,0.0,-5.396104e-05,-5.396104e-05,0.0,0.0,0.0,0.0,-5.396104e-05,-5.396104e-05,-5.396104e-05,-5.396104e-05,Uniaxial,0.1655000001192093
1.4808088781076189e-32,488.35467529296875,77.86061096191406,0.0,0.0,0.3557722866535187,0.0002303125,-5.4669374e-05,-5.4669374e-05,1.323489e-23,-1.4558379e-22,-2.2499313e-22,0.00014948608,-3.850409e-05,-3.850409e-05,1.3434429e-23,-1.0796705e-22,-1.1973429e-22,-481653.22,481653.22,481653.22,-481653.22,-481653.22,481653.22,481653.22,-481653.22,-1.8302972e-11,-1.818085e-11,0.0,0.0,-1.9318139e-11,-1.9196015e-11,0.0,0.0,-1.7779165e-11,-1.8458426e-11,-1.9719823e-11,-1.904056e-11,0.0,0.0,0.0,0.0,1926612.9,7.499797e-11,7.499797e-11,-1.9817873e-15,-3.736036e-13,-1.0454143e-12,-0.0,0.0002303125,0.0002303125,-0.0,0.0,0.0002303125,0.0002303125,0.0,-0.0,-0.0,-5.4669374e-05,-5.4669374e-05,-0.0,-0.0,-5.4669374e-05,-5.4669374e-05,0.0,0.0,0.0,0.0,-5.4669374e-05,-5.4669374e-05,-5.4669374e-05,-5.4669374e-05,Uniaxial,0.16750000417232513
1.6685171057715004e-32,493.6259460449219,77.06957244873047,0.0,0.0,0.36231738328933716,0.0002330625,-5.537771e-05,-5.537771e-05,1.323489e-23,-1.7205357e-22,-2.514629e-22,0.00015223608,-3.9212428e-05,-3.9212428e-05,1.3427558e-23,-1.1017344e-22,-1.242695e-22,-476759.8,476759.8,476759.8,-476759.8,-476759.8,476759.8,476759.8,-476759.8,5.5931084e-13,6.8147864e-13,0.0,0.0,-6.8147864e-13,-5.5931084e-13,0.0,0.0,1.0802667e-12,2.8363756e-13,-1.0802667e-12,-2.8363756e-13,0.0,0.0,0.0,0.0,1907039.2,0.0,0.0,-1.8941164e-15,-6.083398e-13,-1.2504307e-12,0.0,0.0002330625,0.0002330625,0.0,0.0,0.0002330625,0.0002330625,0.0,-0.0,-0.0,-5.537771e-05,-5.537771e-05,-0.0,-0.0,-5.537771e-05,-5.537771e-05,-0.0,-0.0,-0.0,-0.0,-5.537771e-05,-5.537771e-05,-5.537771e-05,-5.537771e-05,Uniaxial,0.16949999332427979
1.272244294987479e-32,498.8434143066406,76.2785415649414,0.0,0.0,0.36886247992515564,0.0002358125,-5.6086046e-05,-5.6086046e-05,1.323489e-23,-1.9852335e-22,-2.514629e-22,0.00015498608,-3.992076e-05,-3.992076e-05,1.3420925e-23,-1.1321518e-22,-1.2864857e-22,-471866.4,471866.4,471866.4,-471866.4,-471866.4,471866.4,471866.4,-471866.4,5.558943e-11,5.5834753e-11,0.0,0.0,5.437636e-11,5.4621686e-11,0.0,0.0,-1.73698e-11,-1.8277284e-11,-1.9367239e-11,-1.8459753e-11,0.0,0.0,0.0,0.0,1887465.6,-2.2042224e-10,7.3474074e-11,-1.8101333e-15,-8.3005147e-13,-1.194988e-12,-0.0,0.0002358125,0.0002358125,-0.0,-0.0,0.0002358125,0.0002358125,-0.0,-0.0,-0.0,-5.6086046e-05,-5.6086046e-05,-0.0,-0.0,-5.6086046e-05,-5.6086046e-05,-0.0,-0.0,-0.0,-0.0,-5.6086046e-05,-5.6086046e-05,-5.6086046e-05,-5.6086046e-05,Uniaxial,0.17149999737739563
1.6685171057715004e-32,504.00701904296875,75.48751068115234,0.0,0.0,0.3754075765609741,0.0002385625,-5.679438e-05,-5.679438e-05,3.970467e-23,-1.323489e-23,-2.2499313e-22,0.00015773608,-4.0629096e-05,-4.0629096e-05,1.4325832e-23,-1.0977302e-22,-1.3196556e-22,-466973.0,466973.0,466973.0,-466973.0,-466973.0,466973.0,466973.0,-466973.0,9.117612e-11,9.154454e-11,0.0,0.0,9.023578e-11,9.060419e-11,0.0,0.0,1.8785156e-11,1.8757485e-11,1.7570908e-11,1.7598579e-11,0.0,0.0,0.0,0.0,1867892.0,-3.6356063e-10,-7.271213e-11,2.443762e-13,9.295786e-13,-8.9577483e-13,0.0,0.0002385625,0.0002385625,0.0,0.0,0.0002385625,0.0002385625,0.0,0.0,0.0,-5.679438e-05,-5.679438e-05,0.0,0.0,-5.679438e-05,-5.679438e-05,-0.0,-0.0,0.0,0.0,-5.679438e-05,-5.679438e-05,-5.679438e-05,-5.679438e-05,Uniaxial,0.17350000143051147
1.2305312902013747e-32,509.1168212890625,74.69647979736328,0.0,0.0,0.3819526731967926,0.0002413125,-5.7502715e-05,-5.7502715e-05,6.617445e-23,-2.7793269e-22,-3.0440247e-22,0.00016048609,-4.1337433e-05,-4.1337433e-05,1.6110898e-23,-1.1556249e-22,-1.3790229e-22,-462079.6,462079.6,462079.6,-462079.6,-462079.6,462079.6,462079.6,-462079.6,3.3891615e-13,9.467691e-13,0.0,0.0,-9.467691e-13,-3.3891615e-13,0.0,0.0,1.2758474e-12,9.837869e-15,-1.2758474e-12,-9.837869e-15,0.0,0.0,0.0,0.0,1848318.4,0.0,0.0,4.7701697e-13,-1.5471004e-12,-1.5864519e-12,-0.0,0.0002413125,0.0002413125,-0.0,-0.0,0.0002413125,0.0002413125,-0.0,0.0,0.0,-5.7502715e-05,-5.7502715e-05,0.0,0.0,-5.7502715e-05,-5.7502715e-05,-0.0,-0.0,-0.0,-0.0,-5.7502715e-05,-5.7502715e-05,-5.7502715e-05,-5.7502715e-05,Uniaxial,0.17550000548362732
1.272244294987479e-32,514.1727905273438,73.90544128417969,0.0,0.0,0.3884977698326111,0.0002440625,-5.821105e-05,-5.821105e-05,1.1911401e-22,-3.3087225e-22,-3.3087225e-22,0.00016323608,-4.2045765e-05,-4.2045765e-05,1.9657131e-23,-1.2297527e-22,-1.4454594e-22,-457186.2,457186.2,457186.2,-457186.2,-457186.2,457186.2,457186.2,-457186.2,1.8186466e-11,1.8901502e-11,0.0,0.0,1.6692613e-11,1.7407648e-11,0.0,0.0,-5.1969595e-11,-5.3442008e-11,-5.4812748e-11,-5.3340332e-11,0.0,0.0,0.0,0.0,1828744.8,-7.118823e-11,2.1356468e-10,9.376124e-13,-1.9599125e-12,-1.7565589e-12,0.0,0.0002440625,0.0002440625,0.0,-0.0,0.0002440625,0.0002440625,-0.0,-0.0,-0.0,-5.821105e-05,-5.821105e-05,-0.0,-0.0,-5.821105e-05,-5.821105e-05,0.0,0.0,0.0,0.0,-5.821105e-05,-5.821105e-05,-5.821105e-05,-5.821105e-05,Uniaxial,0.17749999463558197
1.6893734612277587e-32,519.1749267578125,73.11441040039062,0.0,0.0,0.39504286646842957,0.0002468125,-5.8919384e-05,-5.8919384e-05,1.1911401e-22,-3.3087225e-22,-1.9852335e-22,0.00016598609,-4.27541e-05,-4.27541e-05,2.3081273e-23,-1.3013283e-22,-1.4640429e-22,-452292.78,452292.78,452292.78,-452292.78,-452292.78,452292.78,452292.78,-452292.78,5.2901992e-11,5.359604e-11,0.0,0.0,5.2043377e-11,5.2737426e-11,0.0,0.0,-1.6401429e-11,-1.7829979e-11,-1.881171e-11,-1.7383161e-11,0.0,0.0,0.0,0.0,1809171.1,-2.1127883e-10,7.0426276e-11,8.9564185e-13,-1.8721806e-12,-4.860843e-13,0.0,0.0002468125,0.0002468125,0.0,0.0,0.0002468125,0.0002468125,0.0,0.0,0.0,-5.8919384e-05,-5.8919384e-05,0.0,0.0,-5.8919384e-05,-5.8919384e-05,0.0,0.0,0.0,0.0,-5.8919384e-05,-5.8919384e-05,-5.8919384e-05,-5.8919384e-05,Uniaxial,0.17949999868869781
1.6476606033784483e-32,524.1267700195312,72.42777252197266,0.0,0.0,0.4007241725921631,0.0002495625,-5.962772e-05,-5.962772e-05,1.1911401e-22,-1.7205357e-22,-3.0440247e-22,0.00016873608,-4.3462438e-05,-4.3462438e-05,2.6387528e-23,-1.3157609e-22,-1.5184392e-22,-448045.2,448045.2,448045.2,-448045.2,-448045.2,448045.2,448045.2,-448045.2,-1.724147e-11,-1.6443782e-11,0.0,0.0,-1.843866e-11,-1.7640974e-11,0.0,0.0,5.3385095e-11,5.2705656e-11,5.1262234e-11,5.1941677e-11,0.0,0.0,0.0,0.0,1792180.8,6.976489e-11,-2.0929466e-10,8.566847e-13,-3.739647e-13,-1.4094633e-12,0.0,0.0002495625,0.0002495625,0.0,-0.0,0.0002495625,0.0002495625,0.0,0.0,0.0,-5.962772e-05,-5.962772e-05,0.0,0.0,-5.962772e-05,-5.962772e-05,-0.0,-0.0,-0.0,-0.0,-5.962772e-05,-5.962772e-05,-5.962772e-05,-5.962772e-05,Uniaxial,0.18150000274181366
2.189928637040247e-32,529.04296875,72.06703186035156,0.0,0.0,0.4037090241909027,0.0002523125,-6.0336057e-05,-6.0336057e-05,1.1911401e-22,1.323489e-23,-3.0440247e-22,0.00017148608,-4.417077e-05,-4.417077e-05,2.9579955e-23,-1.2659048e-22,-1.5709627e-22,-445813.6,445813.6,445813.6,-445813.6,-445813.6,445813.6,445813.6,-445813.6,-6.8976845e-11,-6.831908e-11,0.0,0.0,-7.051573e-11,-6.985797e-11,0.0,0.0,6.327666e-13,7.8300197e-13,-6.327666e-13,-7.8300197e-13,0.0,0.0,0.0,0.0,1783254.4,2.776696e-10,0.0,8.230704e-13,1.2853893e-12,-1.3541592e-12,-0.0,0.0002523125,0.0002523125,-0.0,-0.0,0.0002523125,0.0002523125,-0.0,0.0,0.0,-6.0336057e-05,-6.0336057e-05,-0.0,-0.0,-6.0336057e-05,-6.0336057e-05,-0.0,0.0,0.0,-0.0,-6.0336057e-05,-6.0336057e-05,-6.0336057e-05,-6.0336057e-05,Uniaxial,0.1835000067949295
3.4204599272416217e-32,533.9346923828125,71.70628356933594,0.0,0.0,0.40669387578964233,0.0002550625,-6.104439e-05,-6.104439e-05,1.1911401e-22,-3.5734202e-22,-3.3087225e-22,0.00017423608,-4.4879107e-05,-4.4879107e-05,3.266247e-23,-1.3453489e-22,-1.630791e-22,-443582.0,443582.0,443582.0,-443582.0,-443582.0,443582.0,443582.0,-443582.0,-5.137021e-11,-5.0728602e-11,0.0,0.0,-5.2876283e-11,-5.223468e-11,0.0,0.0,1.9022471e-11,1.7511026e-11,1.551249e-11,1.7023938e-11,0.0,0.0,0.0,0.0,1774328.0,2.0720978e-10,-6.906992e-11,7.907552e-13,-2.0379729e-12,-1.5347708e-12,0.0,0.0002550625,0.0002550625,0.0,0.0,0.0002550625,0.0002550625,0.0,-0.0,-0.0,-6.104439e-05,-6.104439e-05,-0.0,-0.0,-6.104439e-05,-6.104439e-05,-0.0,-0.0,-0.0,-0.0,-6.104439e-05,-6.104439e-05,-6.104439e-05,-6.104439e-05,Uniaxial,0.18549999594688416
3.4204599272416217e-32,538.8018188476562,71.34554290771484,0.0,0.0,0.40967869758605957,0.0002578125,-6.1752726e-05,-6.1752726e-05,1.1911401e-22,-2.7793269e-22,-4.6322114e-22,0.00017698608,-4.5587443e-05,-4.5587443e-05,3.5638858e-23,-1.3947184e-22,-1.7341252e-22,-441350.38,441350.38,441350.38,-441350.38,-441350.38,441350.38,441350.38,-441350.38,-1.6464932e-11,-1.5838858e-11,0.0,0.0,-1.8522364e-11,-1.789629e-11,0.0,0.0,-1.534441e-11,-1.646692e-11,-1.9016812e-11,-1.78943e-11,0.0,0.0,0.0,0.0,1765401.5,6.8722444e-11,6.8722444e-11,7.596895e-13,-1.2601025e-12,-2.6374866e-12,0.0,0.0002578125,0.0002578125,0.0,0.0,0.0002578125,0.0002578125,0.0,0.0,0.0,-6.1752726e-05,-6.1752726e-05,0.0,0.0,-6.1752726e-05,-6.1752726e-05,0.0,0.0,0.0,0.0,-6.1752726e-05,-6.1752726e-05,-6.1752726e-05,-6.1752726e-05,Uniaxial,0.1875
2.0022204093763654e-32,543.6443481445312,70.98479461669922,0.0,0.0,0.4126635491847992,0.0002605625,-6.246106e-05,-6.246106e-05,1.1911401e-22,-3.0440247e-22,-3.838118e-22,0.00017973607,-4.6295776e-05,-4.6295776e-05,3.8512776e-23,-1.4515015e-22,-1.8065623e-22,-439118.78,439118.78,439118.78,-439118.78,-439118.78,439118.78,439118.78,-439118.78,5.192799e-11,5.2539133e-11,0.0,0.0,5.002331e-11,5.063445e-11,0.0,0.0,5.2470948e-11,5.125749e-11,5.0091497e-11,5.1304953e-11,0.0,0.0,0.0,0.0,1756475.1,-2.0512489e-10,-2.0512489e-10,7.2982565e-13,-1.4419931e-12,-1.839527e-12,-0.0,0.0002605625,0.0002605625,-0.0,-0.0,0.0002605625,0.0002605625,-0.0,0.0,0.0,-6.246106e-05,-6.246106e-05,0.0,0.0,-6.246106e-05,-6.246106e-05,-0.0,-0.0,-0.0,-0.0,-6.246106e-05,-6.246106e-05,-6.246106e-05,-6.246106e-05,Uniaxial,0.18950000405311584
2.669627310459683e-32,548.46240234375,70.62405395507812,0.0,0.0,0.4156484007835388,0.0002633125,-6.31694e-05,-6.31694e-05,1.1911401e-22,-3.0440247e-22,-2.514629e-22,0.00018248608,-4.7004112e-05,-4.7004112e-05,4.1287746e-23,-1.5063295e-22,-1.8309399e-22,-436887.2,436887.2,436887.2,-436887.2,-436887.2,436887.2,436887.2,-436887.2,3.423867e-11,3.4835457e-11,0.0,0.0,3.3192022e-11,3.3788812e-11,0.0,0.0,-3.2774755e-11,-3.420608e-11,-3.5252728e-11,-3.38214e-11,0.0,0.0,0.0,0.0,1747548.8,-1.3605496e-10,1.3605496e-10,7.0111766e-13,-1.3852717e-12,-6.159188e-13,0.0,0.0002633125,0.0002633125,0.0,0.0,0.0002633125,0.0002633125,0.0,0.0,0.0,-6.31694e-05,-6.31694e-05,0.0,0.0,-6.31694e-05,-6.31694e-05,0.0,0.0,0.0,0.0,-6.31694e-05,-6.31694e-05,-6.31694e-05,-6.31694e-05,Uniaxial,0.1914999932050705
2.8364790357305126e-32,553.255859375,70.2633056640625,0.0,0.0,0.41863322257995605,0.0002660625,-6.3877735e-05,-6.3877735e-05,1.323489e-23,-1.9852335e-22,-4.3675136e-22,0.00018523609,-4.771245e-05,-4.771245e-05,4.032193e-23,-1.5228175e-22,-1.91827e-22,-434655.6,434655.6,434655.6,-434655.6,-434655.6,434655.6,434655.6,-434655.6,-1.6187393e-11,-1.606255e-11,0.0,0.0,-1.777745e-11,-1.7652607e-11,0.0,0.0,-1.5405784e-11,-1.63517e-11,-1.8434214e-11,-1.74883e-11,0.0,0.0,0.0,0.0,1738622.4,6.768e-11,6.768e-11,-2.4277406e-13,-4.1445135e-13,-2.1951928e-12,-0.0,0.0002660625,0.0002660625,-0.0,-0.0,0.0002660625,0.0002660625,-0.0,-0.0,-0.0,-6.3877735e-05,-6.3877735e-05,-0.0,-0.0,-6.3877735e-05,-6.3877735e-05,-0.0,-0.0,-0.0,-0.0,-6.3877735e-05,-6.3877735e-05,-6.3877735e-05,-6.3877735e-05,Uniaxial,0.19349999725818634
4.004440818752731e-32,558.0248413085938,69.9025650024414,0.0,0.0,0.4216180741786957,0.0002688125,-6.4586064e-05,-6.4586064e-05,6.617445e-23,-2.514629e-22,-5.6910026e-22,0.00018798608,-4.8420785e-05,-4.8420785e-05,4.1211993e-23,-1.5569639e-22,-2.0481592e-22,-432424.0,432424.0,432424.0,-432424.0,-432424.0,432424.0,432424.0,-432424.0,1.248869e-12,1.6063903e-12,0.0,0.0,-1.6063903e-12,-1.248869e-12,0.0,0.0,-6.5568294e-11,-6.698017e-11,-6.909674e-11,-6.7684865e-11,0.0,0.0,0.0,0.0,1729696.0,0.0,2.6933009e-10,2.2258326e-13,-8.539233e-13,-3.248222e-12,-0.0,0.0002688125,0.0002688125,-0.0,-0.0,0.0002688125,0.0002688125,-0.0,-0.0,-0.0,-6.4586064e-05,-6.4586064e-05,-0.0,-0.0,-6.4586064e-05,-6.4586064e-05,-0.0,-0.0,-0.0,-0.0,-6.4586064e-05,-6.4586064e-05,-6.4586064e-05,-6.4586064e-05,Uniaxial,0.19550000131130219
4.254718553595769e-32,562.7692260742188,69.54181671142578,0.0,0.0,0.4246029257774353,0.0002715625,-6.52944e-05,-6.52944e-05,1.1911401e-22,-4.6322114e-22,-4.1028158e-22,0.00019073609,-4.9129118e-05,-4.9129118e-05,4.3894035e-23,-1.6628398e-22,-2.1188978e-22,-430192.4,430192.4,430192.4,-430192.4,-430192.4,430192.4,430192.4,-430192.4,-3.2850018e-11,-3.2270162e-11,0.0,0.0,-3.4714873e-11,-3.4135018e-11,0.0,0.0,-3.1409122e-11,-3.371106e-11,-3.5575917e-11,-3.3273977e-11,0.0,0.0,0.0,0.0,1720769.6,1.3397007e-10,1.3397007e-10,6.672542e-13,-2.634042e-12,-1.7598751e-12,0.0,0.0002715625,0.0002715625,0.0,0.0,0.0002715625,0.0002715625,0.0,0.0,0.0,-6.52944e-05,-6.52944e-05,0.0,0.0,-6.52944e-05,-6.52944e-05,0.0,0.0,0.0,0.0,-6.52944e-05,-6.52944e-05,-6.52944e-05,-6.52944e-05,Uniaxial,0.19750000536441803
3.670737368211072e-32,567.4890747070312,69.18107604980469,0.0,0.0,0.42758774757385254,0.0002743125,-6.6002736e-05,-6.6002736e-05,1.4558379e-22,-4.896909e-22,-4.1028158e-22,0.00019348608,-4.9837454e-05,-4.9837454e-05,4.7395053e-23,-1.7741836e-22,-2.187201e-22,-427960.78,427960.78,427960.78,-427960.78,-427960.78,427960.78,427960.78,-427960.78,4.52226e-13,1.1316981e-12,0.0,0.0,-1.1316981e-12,-4.52226e-13,0.0,0.0,2.0964632e-12,-2.663094e-13,-2.0964632e-12,2.663094e-13,0.0,0.0,0.0,0.0,1711843.1,0.0,0.0,8.6648505e-13,-2.755708e-12,-1.6904705e-12,-0.0,0.0002743125,0.0002743125,-0.0,-0.0,0.0002743125,0.0002743125,-0.0,-0.0,-0.0,-6.6002736e-05,-6.6002736e-05,-0.0,-0.0,-6.6002736e-05,-6.6002736e-05,-0.0,-0.0,-0.0,-0.0,-6.6002736e-05,-6.6002736e-05,-6.6002736e-05,-6.6002736e-05,Uniaxial,0.19949999451637268
3.2536082019707923e-32,572.184326171875,68.82032775878906,0.0,0.0,0.43057259917259216,0.0002770625,-6.671107e-05,-6.671107e-05,1.7205357e-22,-4.896909e-22,-3.0440247e-22,0.00019623608,-5.054579e-05,-5.054579e-05,5.1686848e-23,-1.8816942e-22,-2.2167002e-22,-425729.2,425729.2,425729.2,-425729.2,-425729.2,425729.2,425729.2,-425729.2,-6.600333e-11,-6.522877e-11,0.0,0.0,-6.735138e-11,-6.657683e-11,0.0,0.0,1.5819989e-12,-7.26399e-13,-1.5819989e-12,7.26399e-13,0.0,0.0,0.0,0.0,1702916.8,2.651603e-10,0.0,1.05666e-12,-2.6469586e-12,-7.262812e-13,-0.0,0.0002770625,0.0002770625,-0.0,-0.0,0.0002770625,0.0002770625,-0.0,-0.0,-0.0,-6.671107e-05,-6.671107e-05,-0.0,-0.0,-6.671107e-05,-6.671107e-05,-0.0,-0.0,-0.0,-0.0,-6.671107e-05,-6.671107e-05,-6.671107e-05,-6.671107e-05,Uniaxial,0.20149999856948853
5.339254620919366e-32,576.8551025390625,68.45958709716797,0.0,0.0,0.4335574507713318,0.0002798125,-6.741941e-05,-6.741941e-05,1.7205357e-22,-4.6322114e-22,-4.1028158e-22,0.00019898608,-5.1254123e-05,-5.1254123e-05,5.583088e-23,-1.9763902e-22,-2.281636e-22,-423497.6,423497.6,423497.6,-423497.6,-423497.6,423497.6,423497.6,-423497.6,-1.6095559e-11,-1.5341863e-11,0.0,0.0,-1.7629434e-11,-1.6875739e-11,0.0,0.0,-1.4277097e-11,-1.6421635e-11,-1.8694199e-11,-1.6549663e-11,0.0,0.0,0.0,0.0,1693990.4,6.594259e-11,6.594259e-11,1.0149327e-12,-2.3192375e-12,-1.5903737e-12,0.0,0.0002798125,0.0002798125,0.0,0.0,0.0002798125,0.0002798125,0.0,-0.0,0.0,-6.741941e-05,-6.741941e-05,-0.0,0.0,-6.741941e-05,-6.741941e-05,0.0,0.0,0.0,0.0,-6.741941e-05,-6.741941e-05,-6.741941e-05,-6.741941e-05,Uniaxial,0.20350000262260437
5.923235512430475e-32,581.5012817382812,68.09883880615234,0.0,0.0,0.436542272567749,0.0002825625,-6.8127745e-05,-6.8127745e-05,6.617445e-23,-2.2499313e-22,-5.161607e-22,0.00020173608,-5.196246e-05,-5.196246e-05,5.6186997e-23,-1.9858078e-22,-2.3807888e-22,-421266.0,421266.0,421266.0,-421266.0,-421266.0,421266.0,421266.0,-421266.0,5.014789e-11,5.0437498e-11,0.0,0.0,4.795517e-11,4.824478e-11,0.0,0.0,5.108874e-11,4.9989103e-11,4.7303928e-11,4.8403562e-11,0.0,0.0,0.0,0.0,1685064.0,-1.9678534e-10,-1.9678534e-10,8.675742e-14,-2.2943464e-13,-2.4155966e-12,-0.0,0.0002825625,0.0002825625,-0.0,-0.0,0.0002825625,0.0002825625,-0.0,-0.0,-0.0,-6.8127745e-05,-6.8127745e-05,-0.0,-0.0,-6.8127745e-05,-6.8127745e-05,-0.0,-0.0,-0.0,-0.0,-6.8127745e-05,-6.8127745e-05,-6.8127745e-05,-6.8127745e-05,Uniaxial,0.20550000667572021
6.757493844911035e-32,586.1229248046875,67.73809814453125,0.0,0.0,0.43952712416648865,0.0002853125,-6.883608e-05,-6.883608e-05,1.1911401e-22,-4.3675136e-22,-5.426305e-22,0.00020448609,-5.2670795e-05,-5.2670795e-05,5.8353474e-23,-2.067806e-22,-2.4856411e-22,-419034.4,419034.4,419034.4,-419034.4,-419034.4,419034.4,419034.4,-419034.4,1.7185229e-11,1.7940193e-11,0.0,0.0,1.4683622e-11,1.5438586e-11,0.0,0.0,1.8675058e-11,1.6696594e-11,1.3948757e-11,1.5927221e-11,0.0,0.0,0.0,0.0,1676137.6,-6.5247634e-11,-6.5247634e-11,5.250089e-13,-1.9870908e-12,-2.5409167e-12,-0.0,0.0002853125,0.0002853125,-0.0,-0.0,0.0002853125,0.0002853125,-0.0,0.0,0.0,-6.883608e-05,-6.883608e-05,0.0,0.0,-6.883608e-05,-6.883608e-05,0.0,0.0,0.0,0.0,-6.883608e-05,-6.883608e-05,-6.883608e-05,-6.883608e-05,Uniaxial,0.20749999582767487
8.759714548160988e-32,590.7200317382812,67.37734985351562,0.0,0.0,0.44251197576522827,0.0002880625,-6.954441e-05,-6.954441e-05,1.9852335e-22,-4.896909e-22,-5.9557004e-22,0.00020723608,-5.3379128e-05,-5.3379128e-05,6.3179296e-23,-2.1652076e-22,-2.6051098e-22,-416802.78,416802.78,416802.78,-416802.78,-416802.78,416802.78,416802.78,-416802.78,1.0446922e-12,2.1187659e-12,0.0,0.0,-2.1187659e-12,-1.0446922e-12,0.0,0.0,2.538021e-12,3.7920735e-13,-2.538021e-12,-3.7920735e-13,0.0,0.0,0.0,0.0,1667211.1,0.0,0.0,1.1632289e-12,-2.3477904e-12,-2.879701e-12,0.0,0.0002880625,0.0002880625,0.0,0.0,0.0002880625,0.0002880625,0.0,-0.0,-0.0,-6.954441e-05,-6.954441e-05,-0.0,-0.0,-6.954441e-05,-6.954441e-05,-0.0,-0.0,-0.0,-0.0,-6.954441e-05,-6.954441e-05,-6.954441e-05,-6.954441e-05,Uniaxial,0.2094999998807907
6.590642413513793e-32,595.2926025390625,67.01660919189453,0.0,0.0,0.4454967975616455,0.0002908125,-7.025275e-05,-7.025275e-05,2.514629e-22,-5.161607e-22,-5.6910026e-22,0.00020998609,-5.4087464e-05,-5.4087464e-05,6.9661605e-23,-2.268369e-22,-2.711352e-22,-414571.2,414571.2,414571.2,-414571.2,-414571.2,414571.2,414571.2,-414571.2,3.2893938e-11,3.4409697e-11,0.0,0.0,3.0142968e-11,3.165873e-11,0.0,0.0,3.4516376e-11,3.2294802e-11,3.0036293e-11,3.2257867e-11,0.0,0.0,0.0,0.0,1658284.8,-1.2910534e-10,-1.2910534e-10,1.5541449e-12,-2.473311e-12,-2.5471812e-12,0.0,0.0002908125,0.0002908125,0.0,0.0,0.0002908125,0.0002908125,0.0,0.0,0.0,-7.025275e-05,-7.025275e-05,0.0,0.0,-7.025275e-05,-7.025275e-05,0.0,0.0,0.0,0.0,-7.025275e-05,-7.025275e-05,-7.025275e-05,-7.025275e-05,Uniaxial,0.21150000393390656
7.341474736422144e-32,599.8406372070312,66.65586853027344,0.0,0.0,0.44848164916038513,0.0002935625,-7.096108e-05,-7.096108e-05,3.0440247e-22,-5.426305e-22,-7.0144916e-22,0.00021273608,-5.47958e-05,-5.47958e-05,7.774336e-23,-2.3770916e-22,-2.8595024e-22,-412339.6,412339.6,412339.6,-412339.6,-412339.6,412339.6,412339.6,-412339.6,3.275023e-11,3.445251e-11,0.0,0.0,2.9752676e-11,3.1454957e-11,0.0,0.0,3.4865097e-11,3.2583873e-11,2.934009e-11,3.1621317e-11,0.0,0.0,0.0,0.0,1649358.4,-1.2841038e-10,-1.2841038e-10,1.927186e-12,-2.5926162e-12,-3.5328105e-12,-0.0,0.0002935625,0.0002935625,-0.0,-0.0,0.0002935625,0.0002935625,-0.0,0.0,0.0,-7.096108e-05,-7.096108e-05,0.0,0.0,-7.096108e-05,-7.096108e-05,0.0,0.0,0.0,0.0,-7.096108e-05,-7.096108e-05,-7.096108e-05,-7.096108e-05,Uniaxial,0.2134999930858612
6.590642413513793e-32,604.3640747070312,66.29512023925781,0.0,0.0,0.45146650075912476,0.0002963125,-7.166942e-05,-7.166942e-05,3.3087225e-22,-4.3675136e-22,-6.485096e-22,0.00021548608,-5.5504133e-05,-5.5504133e-05,8.6458183e-23,-2.4456188e-22,-2.984326e-22,-410108.0,410108.0,410108.0,-410108.0,-410108.0,410108.0,410108.0,-410108.0,8.0168636e-11,8.1940774e-11,0.0,0.0,7.770349e-11,7.947563e-11,0.0,0.0,8.2199705e-11,8.040216e-11,7.744456e-11,7.9242106e-11,0.0,0.0,0.0,0.0,1640432.0,-3.1928854e-10,-3.1928854e-10,2.0669018e-12,-1.6252617e-12,-2.9604468e-12,0.0,0.0002963125,0.0002963125,0.0,0.0,0.0002963125,0.0002963125,0.0,0.0,0.0,-7.166942e-05,-7.166942e-05,0.0,0.0,-7.166942e-05,-7.166942e-05,0.0,0.0,0.0,0.0,-7.166942e-05,-7.166942e-05,-7.166942e-05,-7.166942e-05,Uniaxial,0.21549999713897705
8.259159078474912e-32,608.8629760742188,65.93437957763672,0.0,0.0,0.454451322555542,0.0002990625,-7.2377756e-05,-7.2377756e-05,2.2499313e-22,-4.896909e-22,-7.0144916e-22,0.00021823608,-5.621247e-05,-5.621247e-05,9.122772e-23,-2.5300127e-22,-3.123078e-22,-407876.4,407876.4,407876.4,-407876.4,-407876.4,407876.4,407876.4,-407876.4,-4.6849476e-11,-4.5548267e-11,0.0,0.0,-4.971707e-11,-4.841586e-11,0.0,0.0,-4.496251e-11,-4.7189003e-11,-5.0302824e-11,-4.8076335e-11,0.0,0.0,0.0,0.0,1631505.6,1.9053067e-10,1.9053067e-10,1.1250395e-12,-1.9906882e-12,-3.2728898e-12,-0.0,0.0002990625,0.0002990625,-0.0,-0.0,0.0002990625,0.0002990625,-0.0,-0.0,-0.0,-7.2377756e-05,-7.2377756e-05,-0.0,-0.0,-7.2377756e-05,-7.2377756e-05,-0.0,-0.0,-0.0,-0.0,-7.2377756e-05,-7.2377756e-05,-7.2377756e-05,-7.2377756e-05,Uniaxial,0.2175000011920929
6.757493844911035e-32,613.3373413085938,65.5736312866211,0.0,0.0,0.4574361741542816,0.0003018125,-7.308609e-05,-7.308609e-05,2.7793269e-22,-4.6322114e-22,-6.220398e-22,0.00022098608,-5.6920806e-05,-5.6920806e-05,9.765568e-23,-2.602388e-22,-3.229714e-22,-405644.78,405644.78,405644.78,-405644.78,-405644.78,405644.78,405644.78,-405644.78,-1.5172932e-11,-1.39265075e-11,0.0,0.0,-1.7654864e-11,-1.6408439e-11,0.0,0.0,-1.3509683e-11,-1.5589757e-11,-1.8071688e-11,-1.5991614e-11,0.0,0.0,0.0,0.0,1622579.1,6.3162746e-11,6.3162746e-11,1.5079317e-12,-1.697851e-12,-2.5015656e-12,-0.0,0.0003018125,0.0003018125,-0.0,0.0,0.0003018125,0.0003018125,-0.0,-0.0,-0.0,-7.308609e-05,-7.308609e-05,-0.0,-0.0,-7.308609e-05,-7.308609e-05,-0.0,-0.0,-0.0,-0.0,-7.308609e-05,-7.308609e-05,-7.308609e-05,-7.308609e-05,Uniaxial,0.21950000524520874
6.757493844911035e-32,617.7871704101562,65.212890625,0.0,0.0,0.46042099595069885,0.0003045625,-7.379442e-05,-7.379442e-05,1.7205357e-22,-5.6910026e-22,-5.426305e-22,0.00022373607,-5.7629142e-05,-5.7629142e-05,1.0021708e-22,-2.7087242e-22,-3.305339e-22,-403413.2,403413.2,403413.2,-403413.2,-403413.2,403413.2,403413.2,-403413.2,6.610332e-13,1.4522787e-12,0.0,0.0,-1.4522787e-12,-6.610332e-13,0.0,0.0,2.292433e-12,-1.7912093e-13,-2.292433e-12,1.7912093e-13,0.0,0.0,0.0,0.0,1613652.8,0.0,0.0,5.975725e-13,-2.4808111e-12,-1.7643274e-12,-0.0,0.0003045625,0.0003045625,-0.0,-0.0,0.0003045625,0.0003045625,-0.0,-0.0,-0.0,-7.379442e-05,-7.379442e-05,-0.0,-0.0,-7.379442e-05,-7.379442e-05,-0.0,-0.0,-0.0,-0.0,-7.379442e-05,-7.379442e-05,-7.379442e-05,-7.379442e-05,Uniaxial,0.2214999943971634
4.6718477198360486e-32,622.2124633789062,64.85214233398438,0.0,0.0,0.4634058475494385,0.0003073125,-7.450276e-05,-7.450276e-05,2.2499313e-22,-6.485096e-22,-5.6910026e-22,0.00022648608,-5.8337475e-05,-5.8337475e-05,1.0451292e-22,-2.8387386e-22,-3.3874735e-22,-401181.6,401181.6,401181.6,-401181.6,-401181.6,401181.6,401181.6,-401181.6,-1.52666e-11,-1.42758045e-11,0.0,0.0,-1.6958086e-11,-1.596729e-11,0.0,0.0,-1.3278402e-11,-1.6017774e-11,-1.7955488e-11,-1.5216117e-11,0.0,0.0,0.0,0.0,1604726.4,6.246778e-11,6.246778e-11,9.966717e-13,-3.0164467e-12,-1.9055929e-12,0.0,0.0003073125,0.0003073125,0.0,0.0,0.0003073125,0.0003073125,0.0,0.0,0.0,-7.450276e-05,-7.450276e-05,0.0,0.0,-7.450276e-05,-7.450276e-05,0.0,0.0,0.0,0.0,-7.450276e-05,-7.450276e-05,-7.450276e-05,-7.450276e-05,Uniaxial,0.22349999845027924
6.507216403941585e-32,626.6131591796875,64.49140167236328,0.0,0.0,0.4663906991481781,0.0003100625,-7.5211094e-05,-7.5211094e-05,1.7205357e-22,-6.749794e-22,-6.749794e-22,0.00022923609,-5.904581e-05,-5.904581e-05,1.0683823e-22,-2.97339e-22,-3.5032328e-22,-398950.0,398950.0,398950.0,-398950.0,-398950.0,398950.0,398950.0,-398950.0,-1.5119619e-11,-1.4112683e-11,0.0,0.0,-1.6947466e-11,-1.594053e-11,0.0,0.0,-1.2731456e-11,-1.5515929e-11,-1.8328694e-11,-1.554422e-11,0.0,0.0,0.0,0.0,1595800.0,6.21203e-11,6.21203e-11,5.364924e-13,-3.1066497e-12,-2.6707757e-12,0.0,0.0003100625,0.0003100625,0.0,-0.0,0.0003100625,0.0003100625,0.0,0.0,0.0,-7.5211094e-05,-7.5211094e-05,0.0,0.0,-7.5211094e-05,-7.5211094e-05,-0.0,-0.0,-0.0,-0.0,-7.5211094e-05,-7.5211094e-05,-7.5211094e-05,-7.5211094e-05,Uniaxial,0.22550000250339508
4.6718477198360486e-32,630.9893798828125,64.13065338134766,0.0,0.0,0.46937552094459534,0.0003128125,-7.591943e-05,-7.591943e-05,2.7793269e-22,-5.6910026e-22,-4.896909e-22,0.00023198608,-5.9754148e-05,-5.9754148e-05,1.1272874e-22,-3.066953e-22,-3.551215e-22,-396718.4,396718.4,396718.4,-396718.4,-396718.4,396718.4,396718.4,-396718.4,-4.6392265e-11,-4.4977855e-11,0.0,0.0,-4.7681373e-11,-4.6266962e-11,0.0,0.0,1.7239982e-11,1.4935537e-11,1.3646428e-11,1.5950873e-11,0.0,0.0,0.0,0.0,1586873.6,1.8531846e-10,-6.1772816e-11,1.3514443e-12,-2.1465932e-12,-1.1008399e-12,-0.0,0.0003128125,0.0003128125,-0.0,-0.0,0.0003128125,0.0003128125,-0.0,0.0,0.0,-7.591943e-05,-7.591943e-05,0.0,0.0,-7.591943e-05,-7.591943e-05,0.0,0.0,0.0,0.0,-7.591943e-05,-7.591943e-05,-7.591943e-05,-7.591943e-05,Uniaxial,0.22750000655651093
3.086756476699963e-32,635.3410034179688,63.7699089050293,0.0,0.0,0.47236037254333496,0.0003155625,-7.6627766e-05,-7.6627766e-05,3.5734202e-22,-5.161607e-22,-4.6322114e-22,0.00023473609,-6.046248e-05,-6.046248e-05,1.2115039e-22,-3.1390686e-22,-3.588432e-22,-394486.78,394486.78,394486.78,-394486.78,-394486.78,394486.78,394486.78,-394486.78,-3.110384e-11,-2.9650737e-11,0.0,0.0,-3.17746e-11,-3.0321495e-11,0.0,0.0,3.2321156e-11,3.0513626e-11,2.910418e-11,3.091171e-11,0.0,0.0,0.0,0.0,1577947.1,1.2285067e-10,-1.2285067e-10,1.9212876e-12,-1.6452225e-12,-8.4905656e-13,0.0,0.0003155625,0.0003155625,0.0,0.0,0.0003155625,0.0003155625,0.0,-0.0,-0.0,-7.6627766e-05,-7.6627766e-05,-0.0,-0.0,-7.6627766e-05,-7.6627766e-05,0.0,0.0,0.0,0.0,-7.6627766e-05,-7.6627766e-05,-7.6627766e-05,-7.6627766e-05,Uniaxial,0.22949999570846558
4.0878668283249394e-32,639.6680908203125,63.40916442871094,0.0,0.0,0.4753452241420746,0.0003183125,-7.73361e-05,-7.73361e-05,2.514629e-22,-4.6322114e-22,-5.161607e-22,0.00023748608,-6.117082e-05,-6.117082e-05,1.2563684e-22,-3.1904754e-22,-3.642594e-22,-392255.2,392255.2,392255.2,-392255.2,-392255.2,392255.2,392255.2,-392255.2,4.2207142e-13,1.4233983e-12,0.0,0.0,-1.4233983e-12,-4.2207142e-13,0.0,0.0,1.3373842e-12,-2.3060343e-13,-1.3373842e-12,2.3060343e-13,0.0,0.0,0.0,0.0,1569020.8,0.0,0.0,1.017735e-12,-1.1661379e-12,-1.2286428e-12,-0.0,0.0003183125,0.0003183125,0.0,-0.0,0.0003183125,0.0003183125,0.0,-0.0,0.0,-7.73361e-05,-7.73361e-05,-0.0,0.0,-7.73361e-05,-7.73361e-05,-0.0,0.0,0.0,-0.0,-7.73361e-05,-7.73361e-05,-7.73361e-05,-7.73361e-05,Uniaxial,0.23149999976158142
4.0878668283249394e-32,643.9705810546875,63.04841995239258,0.0,0.0,0.4783300459384918,0.0003210625,-7.804444e-05,-7.804444e-05,1.7205357e-22,-6.749794e-22,-3.838118e-22,0.00024023608,-6.187915e-05,-6.187915e-05,1.272349e-22,-3.313017e-22,-3.6493256e-22,-390023.6,390023.6,390023.6,-390023.6,-390023.6,390023.6,390023.6,-390023.6,-3.0047995e-11,-2.937531e-11,0.0,0.0,-3.135506e-11,-3.0682377e-11,0.0,0.0,3.1832835e-11,2.9712146e-11,2.889754e-11,3.1018226e-11,0.0,0.0,0.0,0.0,1560094.4,1.2146074e-10,-1.2146074e-10,3.6045017e-13,-2.7639974e-12,-1.5183475e-13,-0.0,0.0003210625,0.0003210625,-0.0,-0.0,0.0003210625,0.0003210625,-0.0,-0.0,-0.0,-7.804444e-05,-7.804444e-05,-0.0,-0.0,-7.804444e-05,-7.804444e-05,-0.0,-0.0,-0.0,-0.0,-7.804444e-05,-7.804444e-05,-7.804444e-05,-7.804444e-05,Uniaxial,0.23350000381469727
4.3381442692943897e-32,648.2485961914062,62.68767547607422,0.0,0.0,0.48131489753723145,0.0003238125,-7.875277e-05,-7.875277e-05,2.514629e-22,-5.6910026e-22,-6.485096e-22,0.00024298608,-6.258749e-05,-6.258749e-05,1.3151187e-22,-3.3948873e-22,-3.7469565e-22,-387792.0,387792.0,387792.0,-387792.0,-387792.0,387792.0,387792.0,-387792.0,-1.4911251e-11,-1.3939204e-11,0.0,0.0,-1.6252243e-11,-1.5280196e-11,0.0,0.0,-1.2981292e-11,-1.4638013e-11,-1.7210153e-11,-1.5553432e-11,0.0,0.0,0.0,0.0,1551168.0,6.038289e-11,6.038289e-11,9.591759e-13,-1.8360647e-12,-2.1895246e-12,0.0,0.0003238125,0.0003238125,0.0,0.0,0.0003238125,0.0003238125,0.0,-0.0,-0.0,-7.875277e-05,-7.875277e-05,-0.0,-0.0,-7.875277e-05,-7.875277e-05,-0.0,-0.0,-0.0,-0.0,-7.875277e-05,-7.875277e-05,-7.875277e-05,-7.875277e-05,Uniaxial,0.23549999296665192
2.0856462720117801e-32,652.5020141601562,62.32693099975586,0.0,0.0,0.48429974913597107,0.0003265625,-7.9461104e-05,-7.9461104e-05,3.0440247e-22,-5.9557004e-22,-8.073283e-22,0.00024573607,-6.3295825e-05,-6.3295825e-05,1.3746423e-22,-3.483052e-22,-3.895905e-22,-385560.4,385560.4,385560.4,-385560.4,-385560.4,385560.4,385560.4,-385560.4,-1.4264135e-11,-1.3354294e-11,0.0,0.0,-1.6663412e-11,-1.575357e-11,0.0,0.0,-1.3071523e-11,-1.4546907e-11,-1.6946182e-11,-1.5470798e-11,0.0,0.0,0.0,0.0,1542241.6,6.0035414e-11,6.0035414e-11,1.3272223e-12,-1.9658491e-12,-3.3211736e-12,-0.0,0.0003265625,0.0003265625,-0.0,-0.0,0.0003265625,0.0003265625,0.0,-0.0,-0.0,-7.9461104e-05,-7.9461104e-05,-0.0,-0.0,-7.9461104e-05,-7.9461104e-05,-0.0,-0.0,-0.0,-0.0,-7.9461104e-05,-7.9461104e-05,-7.9461104e-05,-7.9461104e-05,Uniaxial,0.23749999701976776
1.6685171057715004e-32,656.7308959960938,61.9661865234375,0.0,0.0,0.4872845709323883,0.0003293125,-8.016944e-05,-8.016944e-05,1.9852335e-22,-5.6910026e-22,-7.543887e-22,0.0002484861,-6.4004154e-05,-6.4004154e-05,1.395664e-22,-3.5590683e-22,-4.0214993e-22,-383328.78,383328.78,383328.78,-383328.78,-383328.78,383328.78,383328.78,-383328.78,-2.91413e-11,-2.866206e-11,0.0,0.0,-3.102587e-11,-3.054663e-11,0.0,0.0,3.1576883e-11,3.0241847e-11,2.8111046e-11,2.9446084e-11,0.0,0.0,0.0,0.0,1533315.1,1.1937586e-10,-1.1937586e-10,4.660172e-13,-1.6851583e-12,-2.7842232e-12,-0.0,0.0003293125,0.0003293125,-0.0,-0.0,0.0003293125,0.0003293125,-0.0,-0.0,-0.0,-8.016944e-05,-8.016944e-05,-0.0,-0.0,-8.016944e-05,-8.016944e-05,-0.0,-0.0,-0.0,-0.0,-8.016944e-05,-8.016944e-05,-8.016944e-05,-8.016944e-05,Uniaxial,0.2395000010728836
3.5038856429402426e-32,660.9352416992188,61.60544204711914,0.0,0.0,0.49026942253112793,0.0003320625,-8.087778e-05,-8.087778e-05,1.1911401e-22,-5.161607e-22,-6.485096e-22,0.00025123608,-6.471249e-05,-6.471249e-05,1.3886225e-22,-3.614241e-22,-4.106317e-22,-381097.2,381097.2,381097.2,-381097.2,-381097.2,381097.2,381097.2,-381097.2,3.0299468e-11,3.0714334e-11,0.0,0.0,2.8626115e-11,2.9040981e-11,0.0,0.0,3.1303352e-11,3.0202906e-11,2.8037095e-11,2.9137543e-11,0.0,0.0,0.0,0.0,1524388.8,-1.186809e-10,-1.186809e-10,-1.551885e-13,-1.2159738e-12,-1.869327e-12,0.0,0.0003320625,0.0003320625,0.0,0.0,0.0003320625,0.0003320625,0.0,-0.0,-0.0,-8.087778e-05,-8.087778e-05,-0.0,-0.0,-8.087778e-05,-8.087778e-05,0.0,0.0,0.0,0.0,-8.087778e-05,-8.087778e-05,-8.087778e-05,-8.087778e-05,Uniaxial,0.24150000512599945
3.5038856429402426e-32,665.1150512695312,61.24469757080078,0.0,0.0,0.49325427412986755,0.0003348125,-8.158611e-05,-8.158611e-05,2.2499313e-22,-4.6322114e-22,-5.6910026e-22,0.00025398607,-6.542083e-05,-6.542083e-05,1.418276e-22,-3.6492882e-22,-4.1608752e-22,-378865.6,378865.6,378865.6,-378865.6,-378865.6,378865.6,378865.6,-378865.6,-4.3738964e-11,-4.2921645e-11,0.0,0.0,-4.5567806e-11,-4.4750488e-11,0.0,0.0,-4.3138333e-11,-4.4014736e-11,-4.535112e-11,-4.4474716e-11,0.0,0.0,0.0,0.0,1515462.4,1.769789e-10,1.769789e-10,6.4971655e-13,-7.678921e-13,-1.195386e-12,0.0,0.0003348125,0.0003348125,0.0,0.0,0.0003348125,0.0003348125,0.0,0.0,0.0,-8.158611e-05,-8.158611e-05,0.0,0.0,-8.158611e-05,-8.158611e-05,0.0,0.0,0.0,0.0,-8.158611e-05,-8.158611e-05,-8.158611e-05,-8.158611e-05,Uniaxial,0.2434999942779541
3.5038856429402426e-32,669.2703247070312,60.88395309448242,0.0,0.0,0.4962390959262848,0.0003375625,-8.229445e-05,-8.229445e-05,3.0440247e-22,-2.2499313e-22,-7.0144916e-22,0.0002567361,-6.612916e-05,-6.612916e-05,1.4742479e-22,-3.6011104e-22,-4.259121e-22,-376634.0,376634.0,376634.0,-376634.0,-376634.0,376634.0,376634.0,-376634.0,2.992228e-11,3.1024308e-11,0.0,0.0,2.7621178e-11,2.8723206e-11,0.0,0.0,3.0210952e-11,3.0243176e-11,2.8434534e-11,2.840231e-11,0.0,0.0,0.0,0.0,1506536.0,-1.1729097e-10,-1.1729097e-10,1.2191379e-12,1.0493682e-12,-2.1399074e-12,-0.0,0.0003375625,0.0003375625,-0.0,-0.0,0.0003375625,0.0003375625,-0.0,-0.0,-0.0,-8.229445e-05,-8.229445e-05,-0.0,-0.0,-8.229445e-05,-8.229445e-05,-0.0,-0.0,-0.0,-0.0,-8.229445e-05,-8.229445e-05,-8.229445e-05,-8.229445e-05,Uniaxial,0.24549999833106995
3.5038856429402426e-32,673.4010009765625,60.52320861816406,0.0,0.0,0.4992239475250244,0.0003403125,-8.300278e-05,-8.300278e-05,2.514629e-22,-4.3675136e-22,-6.749794e-22,0.00025948609,-6.68375e-05,-6.68375e-05,1.5100666e-22,-3.6274965e-22,-4.3448707e-22,-374402.4,374402.4,374402.4,-374402.4,-374402.4,374402.4,374402.4,-374402.4,1.4967897e-11,1.5848132e-11,0.0,0.0,1.3300871e-11,1.4181107e-11,0.0,0.0,-4.2254703e-11,-4.303282e-11,-4.5192305e-11,-4.4414188e-11,0.0,0.0,0.0,0.0,1497609.6,-5.8298005e-11,1.7489402e-10,7.7555215e-13,-5.713152e-13,-1.8566722e-12,0.0,0.0003403125,0.0003403125,0.0,0.0,0.0003403125,0.0003403125,0.0,0.0,0.0,-8.300278e-05,-8.300278e-05,0.0,0.0,-8.300278e-05,-8.300278e-05,0.0,0.0,0.0,0.0,-8.300278e-05,-8.300278e-05,-8.300278e-05,-8.300278e-05,Uniaxial,0.2475000023841858
1.501665380500671e-32,677.5071411132812,60.1624641418457,0.0,0.0,0.5022087693214417,0.0003430625,-8.3711115e-05,-8.3711115e-05,3.3087225e-22,-5.161607e-22,-6.220398e-22,0.00026223608,-6.7545836e-05,-6.7545836e-05,1.5719914e-22,-3.6803135e-22,-4.409442e-22,-372170.78,372170.78,372170.78,-372170.78,-372170.78,372170.78,372170.78,-372170.78,-2.9084136e-11,-2.7925268e-11,0.0,0.0,-3.0025257e-11,-2.8866388e-11,0.0,0.0,-2.7728047e-11,-2.8788898e-11,-3.0222477e-11,-2.9161625e-11,0.0,0.0,0.0,0.0,1488683.1,1.15901046e-10,1.15901046e-10,1.3328162e-12,-1.1367863e-12,-1.3897787e-12,0.0,0.0003430625,0.0003430625,0.0,-0.0,0.0003430625,0.0003430625,-0.0,0.0,0.0,-8.3711115e-05,-8.3711115e-05,0.0,0.0,-8.3711115e-05,-8.3711115e-05,-0.0,-0.0,-0.0,-0.0,-8.3711115e-05,-8.3711115e-05,-8.3711115e-05,-8.3711115e-05,Uniaxial,0.24950000643730164
5.506106052316608e-32,681.5887451171875,59.801719665527344,0.0,0.0,0.5051936507225037,0.0003458125,-8.441945e-05,-8.441945e-05,2.7793269e-22,-5.6910026e-22,-7.543887e-22,0.00026498607,-6.8254165e-05,-6.8254165e-05,1.613558e-22,-3.7495384e-22,-4.517356e-22,-369939.2,369939.2,369939.2,-369939.2,-369939.2,369939.2,369939.2,-369939.2,9.704338e-13,1.9075327e-12,0.0,0.0,-1.9075327e-12,-9.704338e-13,0.0,0.0,1.5630037e-12,3.3004426e-13,-1.5630037e-12,-3.3004426e-13,0.0,0.0,0.0,0.0,1479756.8,0.0,0.0,8.892793e-13,-1.4810003e-12,-2.308718e-12,0.0,0.0003458125,0.0003458125,0.0,0.0,0.0003458125,0.0003458125,0.0,-0.0,-0.0,-8.441945e-05,-8.441945e-05,-0.0,-0.0,-8.441945e-05,-8.441945e-05,0.0,0.0,0.0,0.0,-8.441945e-05,-8.441945e-05,-8.441945e-05,-8.441945e-05,Uniaxial,0.2515000104904175
2.8364790357305126e-32,685.6458129882812,59.440975189208984,0.0,0.0,0.5081784725189209,0.0003485625,-8.512779e-05,-8.512779e-05,2.514629e-22,-5.9557004e-22,-7.2791894e-22,0.0002677361,-6.89625e-05,-6.89625e-05,1.6445805e-22,-3.825493e-22,-4.6124417e-22,-367707.6,367707.6,367707.6,-367707.6,-367707.6,367707.6,367707.6,-367707.6,2.1746068e-13,1.0397663e-12,0.0,0.0,-1.0397663e-12,-2.1746068e-13,0.0,0.0,1.7710965e-12,4.7104904e-13,-1.7710965e-12,-4.7104904e-13,0.0,0.0,0.0,0.0,1470830.4,0.0,0.0,6.596924e-13,-1.6151762e-12,-2.0219946e-12,-0.0,0.0003485625,0.0003485625,-0.0,-0.0,0.0003485625,0.0003485625,-0.0,0.0,0.0,-8.512779e-05,-8.512779e-05,-0.0,-0.0,-8.512779e-05,-8.512779e-05,-0.0,-0.0,0.0,0.0,-8.512779e-05,-8.512779e-05,-8.512779e-05,-8.512779e-05,Uniaxial,0.2535000145435333
2.8364790357305126e-32,689.6783447265625,59.080230712890625,0.0,0.0,0.5111632943153381,0.0003513125,-8.583612e-05,-8.583612e-05,2.514629e-22,-4.896909e-22,-6.485096e-22,0.00027048608,-6.967084e-05,-6.967084e-05,1.6745349e-22,-3.86238e-22,-4.676914e-22,-365476.0,365476.0,365476.0,-365476.0,-365476.0,365476.0,365476.0,-365476.0,-2.7902302e-11,-2.7093286e-11,0.0,0.0,-2.9814793e-11,-2.9005779e-11,0.0,0.0,-2.7549112e-11,-2.8431394e-11,-2.9358967e-11,-2.8476686e-11,0.0,0.0,0.0,0.0,1461904.0,1.1381616e-10,1.1381616e-10,6.3311444e-13,-7.796451e-13,-1.3626878e-12,0.0,0.0003513125,0.0003513125,0.0,0.0,0.0003513125,0.0003513125,0.0,-0.0,-0.0,-8.583612e-05,-8.583612e-05,0.0,0.0,-8.583612e-05,-8.583612e-05,0.0,0.0,-0.0,-0.0,-8.583612e-05,-8.583612e-05,-8.583612e-05,-8.583612e-05,Uniaxial,0.2554999887943268
3.4204599272416217e-32,693.686279296875,58.719486236572266,0.0,0.0,0.5141481757164001,0.0003540625,-8.654446e-05,-8.654446e-05,3.5734202e-22,-5.161607e-22,-6.485096e-22,0.00027323607,-7.0379174e-05,-7.0379174e-05,1.7399105e-22,-3.9071104e-22,-4.739167e-22,-363244.4,363244.4,363244.4,-363244.4,-363244.4,363244.4,363244.4,-363244.4,5.679043e-11,5.7723326e-11,0.0,0.0,5.539787e-11,5.633077e-11,0.0,0.0,1.4236497e-12,4.6136787e-13,-1.4236497e-12,-4.6136787e-13,0.0,0.0,0.0,0.0,1452977.6,-2.262424e-10,0.0,1.3733384e-12,-9.39645e-13,-1.3077386e-12,-0.0,0.0003540625,0.0003540625,-0.0,-0.0,0.0003540625,0.0003540625,-0.0,-0.0,-0.0,-8.654446e-05,-8.654446e-05,-0.0,-0.0,-8.654446e-05,-8.654446e-05,-0.0,-0.0,-0.0,-0.0,-8.654446e-05,-8.654446e-05,-8.654446e-05,-8.654446e-05,Uniaxial,0.2574999928474426
3.003330761001342e-32,697.669677734375,58.358741760253906,0.0,0.0,0.5171329975128174,0.0003568125,-8.725279e-05,-8.725279e-05,3.0440247e-22,-5.426305e-22,-8.073283e-22,0.0002759861,-7.108751e-05,-7.108751e-05,1.784809e-22,-3.959414e-22,-4.8539553e-22,-361012.78,361012.78,361012.78,-361012.78,-361012.78,361012.78,361012.78,-361012.78,-2.7618657e-11,-2.6903734e-11,0.0,0.0,-2.930938e-11,-2.859446e-11,0.0,0.0,-2.6372626e-11,-2.7411077e-11,-2.984049e-11,-2.880204e-11,0.0,0.0,0.0,0.0,1444051.1,1.12426235e-10,1.12426235e-10,9.373852e-13,-1.0919828e-12,-2.3965318e-12,-0.0,0.0003568125,0.0003568125,-0.0,-0.0,0.0003568125,0.0003568125,-0.0,0.0,0.0,-8.725279e-05,-8.725279e-05,0.0,0.0,-8.725279e-05,-8.725279e-05,0.0,0.0,0.0,0.0,-8.725279e-05,-8.725279e-05,-8.725279e-05,-8.725279e-05,Uniaxial,0.25949999690055847
4.7552734355346694e-32,701.6285400390625,57.99799728393555,0.0,0.0,0.5201178193092346,0.0003595625,-8.7961125e-05,-8.7961125e-05,2.514629e-22,-4.6322114e-22,-8.602678e-22,0.0002787361,-7.179585e-05,-7.179585e-05,1.8099356e-22,-3.9825773e-22,-4.983018e-22,-358781.2,358781.2,358781.2,-358781.2,-358781.2,358781.2,358781.2,-358781.2,-2.6901223e-11,-2.639432e-11,0.0,0.0,-2.9471318e-11,-2.8964414e-11,0.0,0.0,2.9584248e-11,2.8851482e-11,2.6281389e-11,2.7014153e-11,0.0,0.0,0.0,0.0,1435124.8,1.1173127e-10,-1.1173127e-10,5.213451e-13,-4.8061126e-13,-2.6778913e-12,0.0,0.0003595625,0.0003595625,0.0,0.0,0.0003595625,0.0003595625,0.0,-0.0,-0.0,-8.7961125e-05,-8.7961125e-05,-0.0,-0.0,-8.7961125e-05,-8.7961125e-05,-0.0,-0.0,-0.0,-0.0,-8.7961125e-05,-8.7961125e-05,-8.7961125e-05,-8.7961125e-05,Uniaxial,0.2615000009536743
3.003330761001342e-32,705.5628662109375,57.63725280761719,0.0,0.0,0.5231027007102966,0.0003623125,-8.866946e-05,-8.866946e-05,1.9852335e-22,-5.161607e-22,-8.602678e-22,0.00028148608,-7.250418e-05,-7.250418e-05,1.8159708e-22,-4.0231694e-22,-5.107637e-22,-356549.6,356549.6,356549.6,-356549.6,-356549.6,356549.6,356549.6,-356549.6,-4.090421e-11,-4.0595756e-11,0.0,0.0,-4.2681476e-11,-4.2373022e-11,0.0,0.0,2.9472536e-11,2.8561575e-11,2.604562e-11,2.695658e-11,0.0,0.0,0.0,0.0,1426198.4,1.6655446e-10,-1.1103631e-10,1.244447e-13,-8.3699833e-13,-2.5696127e-12,0.0,0.0003623125,0.0003623125,0.0,0.0,0.0003623125,0.0003623125,0.0,0.0,0.0,-8.866946e-05,-8.866946e-05,0.0,0.0,-8.866946e-05,-8.866946e-05,0.0,0.0,0.0,0.0,-8.866946e-05,-8.866946e-05,-8.866946e-05,-8.866946e-05,Uniaxial,0.26350000500679016
6.840919854483243e-32,709.47265625,57.27650833129883,0.0,0.0,0.5260875225067139,0.0003650625,-8.93778e-05,-8.93778e-05,1.7205357e-22,-5.426305e-22,-7.808585e-22,0.00028423607,-7.321251e-05,-7.321251e-05,1.8126852e-22,-4.0714772e-22,-5.2006265e-22,-354318.0,354318.0,354318.0,-354318.0,-354318.0,354318.0,354318.0,-354318.0,-2.6476578e-11,-2.6017782e-11,0.0,0.0,-2.9152892e-11,-2.8694096e-11,0.0,0.0,2.9170957e-11,2.818357e-11,2.5999715e-11,2.6987104e-11,0.0,0.0,0.0,0.0,1417272.0,1.1034135e-10,-1.1034135e-10,-6.732582e-14,-9.898575e-13,-1.905414e-12,-0.0,0.0003650625,0.0003650625,-0.0,-0.0,0.0003650625,0.0003650625,-0.0,-0.0,-0.0,-8.93778e-05,-8.93778e-05,-0.0,-0.0,-8.93778e-05,-8.93778e-05,-0.0,-0.0,-0.0,-0.0,-8.93778e-05,-8.93778e-05,-8.93778e-05,-8.93778e-05,Uniaxial,0.265500009059906
3.5038856429402426e-32,713.35791015625,56.91576385498047,0.0,0.0,0.5290723443031311,0.0003678125,-9.0086134e-05,-9.0086134e-05,3.0440247e-22,-6.749794e-22,-6.485096e-22,0.0002869861,-7.392085e-05,-7.392085e-05,1.8550782e-22,-4.1636874e-22,-5.2448486e-22,-352086.4,352086.4,352086.4,-352086.4,-352086.4,352086.4,352086.4,-352086.4,4.149605e-11,4.2420106e-11,0.0,0.0,3.9814683e-11,4.073874e-11,0.0,0.0,4.2427464e-11,4.099623e-11,3.9807324e-11,4.1238558e-11,0.0,0.0,0.0,0.0,1408345.6,-1.6446958e-10,-1.6446958e-10,8.631911e-13,-1.877548e-12,-9.004363e-13,0.0,0.0003678125,0.0003678125,0.0,0.0,0.0003678125,0.0003678125,0.0,0.0,-0.0,-9.0086134e-05,-9.0086134e-05,0.0,-0.0,-9.0086134e-05,-9.0086134e-05,-0.0,-0.0,-0.0,-0.0,-9.0086134e-05,-9.0086134e-05,-9.0086134e-05,-9.0086134e-05,Uniaxial,0.26750001311302185
5.422680630491575e-32,717.2185668945312,56.55501937866211,0.0,0.0,0.5320572257041931,0.0003705625,-9.079447e-05,-9.079447e-05,4.1028158e-22,-6.485096e-22,-9.132074e-22,0.00028973608,-7.4629184e-05,-7.4629184e-05,1.9324642e-22,-4.2436097e-22,-5.3786793e-22,-349854.8,349854.8,349854.8,-349854.8,-349854.8,349854.8,349854.8,-349854.8,1.4273778e-11,1.5549097e-11,0.0,0.0,1.1688759e-11,1.2964077e-11,0.0,0.0,1.568504e-11,1.4137835e-11,1.1552815e-11,1.3100021e-11,0.0,0.0,0.0,0.0,1399419.2,-5.4475712e-11,-5.4475712e-11,1.5657173e-12,-1.6170346e-12,-2.707743e-12,0.0,0.0003705625,0.0003705625,0.0,-0.0,0.0003705625,0.0003705625,-0.0,0.0,0.0,-9.079447e-05,-9.079447e-05,0.0,0.0,-9.079447e-05,-9.079447e-05,0.0,0.0,0.0,0.0,-9.079447e-05,-9.079447e-05,-9.079447e-05,-9.079447e-05,Uniaxial,0.2694999873638153
4.6718477198360486e-32,721.0546875,56.19427490234375,0.0,0.0,0.5350420475006104,0.0003733125,-9.150281e-05,-9.150281e-05,4.6322114e-22,-5.161607e-22,-9.396772e-22,0.00029248607,-7.533752e-05,-7.533752e-05,2.0254122e-22,-4.275215e-22,-5.517016e-22,-347623.2,347623.2,347623.2,-347623.2,-347623.2,347623.2,347623.2,-347623.2,5.4725693e-11,5.615244e-11,0.0,0.0,5.210402e-11,5.353077e-11,0.0,0.0,1.7159096e-12,6.595332e-13,-1.7159096e-12,-6.595332e-13,0.0,0.0,0.0,0.0,1390492.8,-2.1651292e-10,0.0,1.8685802e-12,-6.353749e-13,-2.7810484e-12,-0.0,0.0003733125,0.0003733125,-0.0,-0.0,0.0003733125,0.0003733125,-0.0,-0.0,0.0,-9.150281e-05,-9.150281e-05,-0.0,0.0,-9.150281e-05,-9.150281e-05,0.0,0.0,-0.0,-0.0,-9.150281e-05,-9.150281e-05,-9.150281e-05,-9.150281e-05,Uniaxial,0.27149999141693115
5.506106052316608e-32,724.8662719726562,55.83353042602539,0.0,0.0,0.5380268692970276,0.0003760625,-9.2211136e-05,-9.2211136e-05,3.5734202e-22,-5.426305e-22,-9.396772e-22,0.0002952361,-7.604586e-05,-7.604586e-05,2.0787077e-22,-4.314845e-22,-5.6505897e-22,-345391.6,345391.6,345391.6,-345391.6,-345391.6,345391.6,345391.6,-345391.6,1.3969181e-11,1.4993914e-11,0.0,0.0,1.189646e-11,1.2921194e-11,0.0,0.0,1.5418134e-11,1.4529879e-11,1.1472241e-11,1.23604954e-11,0.0,0.0,0.0,0.0,1381566.4,-5.3780747e-11,-5.3780747e-11,1.064547e-12,-7.9159113e-13,-2.6680628e-12,0.0,0.0003760625,0.0003760625,0.0,0.0,0.0003760625,0.0003760625,0.0,0.0,0.0,-9.2211136e-05,-9.2211136e-05,0.0,0.0,-9.2211136e-05,-9.2211136e-05,-0.0,0.0,0.0,-0.0,-9.2211136e-05,-9.2211136e-05,-9.2211136e-05,-9.2211136e-05,Uniaxial,0.273499995470047
5.506106052316608e-32,728.6533203125,55.47278594970703,0.0,0.0,0.5410117506980896,0.0003788125,-9.291947e-05,-9.291947e-05,2.7793269e-22,-4.3675136e-22,-9.926167e-22,0.0002979861,-7.675419e-05,-7.675419e-05,2.1028289e-22,-4.3166585e-22,-5.7977914e-22,-343160.0,343160.0,343160.0,-343160.0,-343160.0,343160.0,343160.0,-343160.0,-3.8848733e-11,-3.8116926e-11,0.0,0.0,-4.2032974e-11,-4.1301167e-11,0.0,0.0,1.4713205e-11,1.4202752e-11,1.20034295e-11,1.2513881e-11,0.0,0.0,0.0,0.0,1372640.0,1.602998e-10,-5.3433268e-11,4.786946e-13,-3.598551e-14,-2.9212674e-12,0.0,0.0003788125,0.0003788125,0.0,0.0,0.0003788125,0.0003788125,0.0,0.0,0.0,-9.291947e-05,-9.291947e-05,0.0,0.0,-9.291947e-05,-9.291947e-05,0.0,0.0,0.0,0.0,-9.291947e-05,-9.291947e-05,-9.291947e-05,-9.291947e-05,Uniaxial,0.27549999952316284
4.838699445106878e-32,732.415771484375,55.11204147338867,0.0,0.0,0.5439965724945068,0.0003815625,-9.362781e-05,-9.362781e-05,3.3087225e-22,-4.896909e-22,-1.0984959e-21,0.00030073608,-7.746252e-05,-7.746252e-05,2.1443458e-22,-4.3366357e-22,-5.9763774e-22,-340928.4,340928.4,340928.4,-340928.4,-340928.4,340928.4,340928.4,-340928.4,-1.2226478e-11,-1.1324737e-11,0.0,0.0,-1.5218157e-11,-1.4316415e-11,0.0,0.0,4.1654877e-11,4.096548e-11,3.79738e-11,3.8663198e-11,0.0,0.0,0.0,0.0,1363713.6,5.3085786e-11,-1.5925736e-10,8.1856283e-13,-3.938754e-13,-3.521059e-12,0.0,0.0003815625,0.0003815625,-0.0,0.0,0.0003815625,0.0003815625,0.0,-0.0,-0.0,-9.362781e-05,-9.362781e-05,-0.0,-0.0,-9.362781e-05,-9.362781e-05,0.0,0.0,0.0,0.0,-9.362781e-05,-9.362781e-05,-9.362781e-05,-9.362781e-05,Uniaxial,0.2775000035762787
5.506106052316608e-32,736.1537475585938,54.75129699707031,0.0,0.0,0.5469813942909241,0.0003843125,-9.4336145e-05,-9.4336145e-05,3.838118e-22,-6.749794e-22,-9.396772e-22,0.00030348607,-7.817086e-05,-7.817086e-05,2.2026597e-22,-4.419717e-22,-6.094136e-22,-338696.8,338696.8,338696.8,-338696.8,-338696.8,338696.8,338696.8,-338696.8,-2.5954947e-11,-2.4891382e-11,0.0,0.0,-2.7846923e-11,-2.6783359e-11,0.0,0.0,-2.4277642e-11,-2.558377e-11,-2.8460663e-11,-2.7154536e-11,0.0,0.0,0.0,0.0,1354787.2,1.0547661e-10,1.0547661e-10,1.14221e-12,-1.6273343e-12,-2.306573e-12,-0.0,0.0003843125,0.0003843125,-0.0,-0.0,0.0003843125,0.0003843125,-0.0,-0.0,-0.0,-9.4336145e-05,-9.4336145e-05,-0.0,-0.0,-9.4336145e-05,-9.4336145e-05,0.0,0.0,0.0,0.0,-9.4336145e-05,-9.4336145e-05,-9.4336145e-05,-9.4336145e-05,Uniaxial,0.27950000762939453
6.340364972544343e-32,739.8671264648438,54.39055252075195,0.0,0.0,0.5499662756919861,0.0003870625,-9.504448e-05,-9.504448e-05,4.3675136e-22,-8.073283e-22,-1.0720261e-21,0.0003062361,-7.8879195e-05,-7.8879195e-05,2.2771923e-22,-4.5455034e-22,-6.253406e-22,-336465.2,336465.2,336465.2,-336465.2,-336465.2,336465.2,336465.2,-336465.2,7.936779e-11,8.083161e-11,0.0,0.0,7.634086e-11,7.780468e-11,0.0,0.0,2.844389e-11,2.672764e-11,2.3946935e-11,2.5663185e-11,0.0,0.0,0.0,0.0,1345860.8,-3.1434494e-10,-1.0478165e-10,1.4502692e-12,-2.4475805e-12,-3.0991128e-12,0.0,0.0003870625,0.0003870625,0.0,0.0,0.0003870625,0.0003870625,0.0,0.0,0.0,-9.504448e-05,-9.504448e-05,0.0,0.0,-9.504448e-05,-9.504448e-05,0.0,0.0,0.0,0.0,-9.504448e-05,-9.504448e-05,-9.504448e-05,-9.504448e-05,Uniaxial,0.2815000116825104
4.0878668283249394e-32,743.5559692382812,54.029808044433594,0.0,0.0,0.5529510974884033,0.0003898125,-9.575282e-05,-9.575282e-05,5.161607e-22,-6.485096e-22,-9.396772e-22,0.00030898608,-7.958753e-05,-7.958753e-05,2.3764981e-22,-4.61228e-22,-6.3616273e-22,-334233.6,334233.6,334233.6,-334233.6,-334233.6,334233.6,334233.6,-334233.6,3.9321817e-11,4.1020257e-11,0.0,0.0,3.704476e-11,3.8743196e-11,0.0,0.0,-1.154962e-11,-1.2687452e-11,-1.4472052e-11,-1.333422e-11,0.0,0.0,0.0,0.0,1336934.4,-1.5613003e-10,5.2043342e-11,1.9194982e-12,-1.2907453e-12,-2.0918228e-12,0.0,0.0003898125,0.0003898125,0.0,-0.0,0.0003898125,0.0003898125,-0.0,0.0,0.0,-9.575282e-05,-9.575282e-05,0.0,0.0,-9.575282e-05,-9.575282e-05,-0.0,-0.0,-0.0,-0.0,-9.575282e-05,-9.575282e-05,-9.575282e-05,-9.575282e-05,Uniaxial,0.28349998593330383
3.5038856429402426e-32,747.2202758789062,53.669063568115234,0.0,0.0,0.5559359192848206,0.0003925625,-9.6461146e-05,-9.6461146e-05,5.6910026e-22,-6.220398e-22,-9.926167e-22,0.00031173608,-8.029587e-05,-8.029587e-05,2.4906113e-22,-4.6676453e-22,-6.484349e-22,-332002.0,332002.0,332002.0,-332002.0,-332002.0,332002.0,332002.0,-332002.0,-3.836123e-11,-3.677328e-11,0.0,0.0,-4.0770512e-11,-3.918256e-11,0.0,0.0,-3.7301502e-11,-3.8325468e-11,-4.024229e-11,-3.9218323e-11,0.0,0.0,0.0,0.0,1328008.0,1.5508758e-10,1.5508758e-10,2.190984e-12,-1.0630127e-12,-2.356265e-12,-0.0,0.0003925625,0.0003925625,-0.0,-0.0,0.0003925625,0.0003925625,-0.0,-0.0,-0.0,-9.6461146e-05,-9.6461146e-05,-0.0,-0.0,-9.6461146e-05,-9.6461146e-05,-0.0,-0.0,-0.0,-0.0,-9.6461146e-05,-9.6461146e-05,-9.6461146e-05,-9.6461146e-05,Uniaxial,0.2854999899864197
3.5038856429402426e-32,750.8599853515625,53.308319091796875,0.0,0.0,0.5589208006858826,0.0003953125,-9.716948e-05,-9.716948e-05,4.6322114e-22,-5.9557004e-22,-8.602678e-22,0.00031448607,-8.1004204e-05,-8.1004204e-05,2.5643432e-22,-4.711991e-22,-6.5572794e-22,-329770.4,329770.4,329770.4,-329770.4,-329770.4,329770.4,329770.4,-329770.4,-3.839199e-11,-3.7196458e-11,0.0,0.0,-3.982611e-11,-3.863058e-11,0.0,0.0,1.4258045e-11,1.3342726e-11,1.1416145e-11,1.2331464e-11,0.0,0.0,0.0,0.0,1319081.6,1.5404514e-10,-5.134838e-11,1.4061445e-12,-8.457189e-13,-1.3908655e-12,0.0,0.0003953125,0.0003953125,0.0,0.0,0.0003953125,0.0003953125,0.0,-0.0,-0.0,-9.716948e-05,-9.716948e-05,-0.0,-0.0,-9.716948e-05,-9.716948e-05,-0.0,-0.0,-0.0,-0.0,-9.716948e-05,-9.716948e-05,-9.716948e-05,-9.716948e-05,Uniaxial,0.2874999940395355
2.8364790357305126e-32,754.4752197265625,52.947574615478516,0.0,0.0,0.5619056224822998,0.0003980625,-9.787782e-05,-9.787782e-05,3.5734202e-22,-5.9557004e-22,-9.926167e-22,0.0003172361,-8.171253e-05,-8.171253e-05,2.5990841e-22,-4.75481e-22,-6.673265e-22,-327538.8,327538.8,327538.8,-327538.8,-327538.8,327538.8,327538.8,-327538.8,-2.4746372e-11,-2.3924881e-11,0.0,0.0,-2.7076017e-11,-2.6254526e-11,0.0,0.0,2.6621812e-11,2.5723814e-11,2.4379087e-11,2.5277084e-11,0.0,0.0,0.0,0.0,1310155.2,1.02001796e-10,-1.02001796e-10,6.580623e-13,-8.110761e-13,-2.1969958e-12,-0.0,0.0003980625,0.0003980625,-0.0,-0.0,0.0003980625,0.0003980625,-0.0,-0.0,-0.0,-9.787782e-05,-9.787782e-05,-0.0,-0.0,-9.787782e-05,-9.787782e-05,0.0,0.0,0.0,0.0,-9.787782e-05,-9.787782e-05,-9.787782e-05,-9.787782e-05,Uniaxial,0.28949999809265137
2.8364790357305126e-32,758.0658569335938,52.586830139160156,0.0,0.0,0.564890444278717,0.0004008125,-9.8586155e-05,-9.8586155e-05,3.0440247e-22,-5.9557004e-22,-7.2791894e-22,0.00031998608,-8.242087e-05,-8.242087e-05,2.6144027e-22,-4.7961546e-22,-6.6941257e-22,-325307.2,325307.2,325307.2,-325307.2,-325307.2,325307.2,325307.2,-325307.2,1.3058766e-11,1.3695319e-11,0.0,0.0,1.1631389e-11,1.2267943e-11,0.0,0.0,6.397868e-11,6.309732e-11,6.265486e-11,6.3536225e-11,0.0,0.0,0.0,0.0,1301228.8,-5.065342e-11,-2.5326707e-10,2.8818782e-13,-7.7781623e-13,-3.9245706e-13,-0.0,0.0004008125,0.0004008125,-0.0,-0.0,0.0004008125,0.0004008125,-0.0,0.0,0.0,-9.8586155e-05,-9.8586155e-05,0.0,0.0,-9.8586155e-05,-9.8586155e-05,0.0,0.0,0.0,0.0,-9.8586155e-05,-9.8586155e-05,-9.8586155e-05,-9.8586155e-05,Uniaxial,0.2915000021457672
5.506106052316608e-32,761.6319580078125,52.2260856628418,0.0,0.0,0.567875325679779,0.0004035625,-9.929449e-05,-9.929449e-05,3.838118e-22,-7.0144916e-22,-7.0144916e-22,0.00032273607,-8.3129205e-05,-8.3129205e-05,2.6565331e-22,-4.8725285e-22,-6.7051556e-22,-323075.6,323075.6,323075.6,-323075.6,-323075.6,323075.6,323075.6,-323075.6,2.5130812e-11,2.6016852e-11,0.0,0.0,2.4289085e-11,2.5175124e-11,0.0,0.0,-2.3636676e-11,-2.4842614e-11,-2.666926e-11,-2.5463322e-11,0.0,0.0,0.0,0.0,1292302.4,-1.0061187e-10,1.0061187e-10,7.8716265e-13,-1.4269592e-12,-2.0607732e-13,0.0,0.0004035625,0.0004035625,0.0,0.0,0.0004035625,0.0004035625,0.0,0.0,0.0,-9.929449e-05,-9.929449e-05,0.0,0.0,-9.929449e-05,-9.929449e-05,0.0,0.0,0.0,0.0,-9.929449e-05,-9.929449e-05,-9.929449e-05,-9.929449e-05,Uniaxial,0.29350000619888306
3.5038856429402426e-32,765.1735229492188,51.86534118652344,0.0,0.0,0.5708601474761963,0.0004063125,-0.00010000283,-0.00010000283,4.6322114e-22,-5.6910026e-22,-9.132074e-22,0.0003254861,-8.383754e-05,-8.383754e-05,2.7245526e-22,-4.9007074e-22,-6.7887103e-22,-320844.0,320844.0,320844.0,-320844.0,-320844.0,320844.0,320844.0,-320844.0,-1.2294435e-11,-1.11709305e-11,0.0,0.0,-1.38082965e-11,-1.2684793e-11,0.0,0.0,-1.110951e-11,-1.1863396e-11,-1.3869717e-11,-1.3115832e-11,0.0,0.0,0.0,0.0,1283376.0,4.9958454e-11,4.9958454e-11,1.2620892e-12,-5.22852e-13,-1.5503473e-12,-0.0,0.0004063125,0.0004063125,-0.0,-0.0,0.0004063125,0.0004063125,-0.0,-0.0,-0.0,-0.00010000283,-0.00010000283,-0.0,-0.0,-0.00010000283,-0.00010000283,-0.0,-0.0,-0.0,-0.0,-0.00010000283,-0.00010000283,-0.00010000283,-0.00010000283,Uniaxial,0.2955000102519989
3.5038856429402426e-32,768.6905517578125,51.50459671020508,0.0,0.0,0.5738449692726135,0.0004090625,-0.000100711164,-0.000100711164,5.161607e-22,-5.9557004e-22,-1.1249656e-21,0.00032823608,-8.454588e-05,-8.454588e-05,2.8084567e-22,-4.937029e-22,-6.9422935e-22,-318612.4,318612.4,318612.4,-318612.4,-318612.4,318612.4,318612.4,-318612.4,-3.676414e-11,-3.5498684e-11,0.0,0.0,-3.8917775e-11,-3.765232e-11,0.0,0.0,-3.547164e-11,-3.6298728e-11,-3.894482e-11,-3.8117735e-11,0.0,0.0,0.0,0.0,1274449.6,1.4883292e-10,1.4883292e-10,1.5459939e-12,-6.6925594e-13,-2.8298898e-12,-0.0,0.0004090625,0.0004090625,-0.0,-0.0,0.0004090625,0.0004090625,-0.0,-0.0,-0.0,-0.000100711164,-0.000100711164,-0.0,-0.0,-0.000100711164,-0.000100711164,-0.0,-0.0,-0.0,-0.0,-0.000100711164,-0.000100711164,-0.000100711164,-0.000100711164,Uniaxial,0.29750001430511475
3.5038856429402426e-32,772.1829833984375,51.14385223388672,0.0,0.0,0.5768298506736755,0.0004118125,-0.00010141949,-0.00010141949,4.3675136e-22,-6.220398e-22,-1.1779052e-21,0.00033098608,-8.5254214e-05,-8.5254214e-05,2.8621325e-22,-4.981213e-22,-7.1088156e-22,-316380.8,316380.8,316380.8,-316380.8,-316380.8,316380.8,316380.8,-316380.8,8.8552234e-13,1.8690275e-12,0.0,0.0,-1.8690275e-12,-8.8552234e-13,0.0,0.0,-4.768411e-11,-4.8580785e-11,-5.0842875e-11,-4.99462e-11,0.0,0.0,0.0,0.0,1265523.2,0.0,1.9705397e-10,9.820917e-13,-8.084286e-13,-3.046803e-12,0.0,0.0004118125,0.0004118125,0.0,0.0,0.0004118125,0.0004118125,0.0,-0.0,-0.0,-0.00010141949,-0.00010141949,-0.0,-0.0,-0.00010141949,-0.00010141949,-0.0,-0.0,-0.0,-0.0,-0.00010141949,-0.00010141949,-0.00010141949,-0.00010141949,Uniaxial,0.2994999885559082
3.5038856429402426e-32,775.6509399414062,50.78310775756836,0.0,0.0,0.5798146724700928,0.0004145625,-0.00010212783,-0.00010212783,4.896909e-22,-7.543887e-22,-1.1249656e-21,0.00033373607,-8.596255e-05,-8.596255e-05,2.9321866e-22,-5.0694423e-22,-7.251378e-22,-314149.2,314149.2,314149.2,-314149.2,-314149.2,314149.2,314149.2,-314149.2,2.5156677e-11,2.6285496e-11,0.0,0.0,2.2630516e-11,2.3759335e-11,0.0,0.0,2.6121815e-11,2.48279e-11,2.2794197e-11,2.4088112e-11,0.0,0.0,0.0,0.0,1256596.8,-9.783202e-11,-9.783202e-11,1.2727192e-12,-1.6029102e-12,-2.5900276e-12,0.0,0.0004145625,0.0004145625,0.0,0.0,0.0004145625,0.0004145625,0.0,0.0,0.0,-0.00010212783,-0.00010212783,0.0,0.0,-0.00010212783,-0.00010212783,-0.0,-0.0,-0.0,-0.0,-0.00010212783,-0.00010212783,-0.00010212783,-0.00010212783,Uniaxial,0.30149999260902405
3.5038856429402426e-32,779.0942993164062,50.42236328125,0.0,0.0,0.58279949426651,0.0004173125,-0.000102836166,-0.000102836166,4.3675136e-22,-7.543887e-22,-1.0720261e-21,0.0003364861,-8.667088e-05,-8.667088e-05,2.9816027e-22,-5.154633e-22,-7.3708063e-22,-311917.6,311917.6,311917.6,-311917.6,-311917.6,311917.6,311917.6,-311917.6,-2.384542e-11,-2.2907263e-11,0.0,0.0,-2.5661267e-11,-2.4723109e-11,0.0,0.0,2.606883e-11,2.4808006e-11,2.24997e-11,2.3760525e-11,0.0,0.0,0.0,0.0,1247670.4,9.713706e-11,-9.713706e-11,8.9139595e-13,-1.53673e-12,-2.1543158e-12,-0.0,0.0004173125,0.0004173125,-0.0,-0.0,0.0004173125,0.0004173125,-0.0,-0.0,-0.0,-0.000102836166,-0.000102836166,-0.0,-0.0,-0.000102836166,-0.000102836166,0.0,0.0,0.0,0.0,-0.000102836166,-0.000102836166,-0.000102836166,-0.000102836166,Uniaxial,0.3034999966621399
4.838699445106878e-32,782.5131225585938,50.06161880493164,0.0,0.0,0.585784375667572,0.0004200625,-0.0001035445,-0.0001035445,4.1028158e-22,-6.485096e-22,-9.926167e-22,0.00033923608,-8.7379216e-05,-8.7379216e-05,3.020204e-22,-5.200439e-22,-7.458783e-22,-309686.0,309686.0,309686.0,-309686.0,-309686.0,309686.0,309686.0,-309686.0,-3.532914e-11,-3.449101e-11,0.0,0.0,-3.784056e-11,-3.7002432e-11,0.0,0.0,-3.5197446e-11,-3.6100085e-11,-3.713413e-11,-3.623149e-11,0.0,0.0,0.0,0.0,1238744.0,1.4466314e-10,1.4466314e-10,6.913368e-13,-8.203594e-13,-1.5756282e-12,0.0,0.0004200625,0.0004200625,0.0,0.0,0.0004200625,0.0004200625,0.0,-0.0,-0.0,-0.0001035445,-0.0001035445,-0.0,-0.0,-0.0001035445,-0.0001035445,0.0,0.0,0.0,0.0,-0.0001035445,-0.0001035445,-0.0001035445,-0.0001035445,Uniaxial,0.30550000071525574
3.5038856429402426e-32,785.9073486328125,49.70087432861328,0.0,0.0,0.5887691974639893,0.0004228125,-0.00010425284,-0.00010425284,4.896909e-22,-7.0144916e-22,-9.926167e-22,0.00034198607,-8.808755e-05,-8.808755e-05,3.0848162e-22,-5.2628937e-22,-7.5437317e-22,-307454.4,307454.4,307454.4,-307454.4,-307454.4,307454.4,307454.4,-307454.4,-1.175488e-11,-1.0688005e-11,0.0,0.0,-1.3248779e-11,-1.2181903e-11,0.0,0.0,-1.0451364e-11,-1.1499062e-11,-1.348542e-11,-1.2437721e-11,0.0,0.0,0.0,0.0,1229817.6,4.7873566e-11,4.7873566e-11,1.1488322e-12,-1.1104793e-12,-1.5104187e-12,-0.0,0.0004228125,0.0004228125,-0.0,0.0,0.0004228125,0.0004228125,-0.0,-0.0,-0.0,-0.00010425284,-0.00010425284,-0.0,-0.0,-0.00010425284,-0.00010425284,-0.0,-0.0,-0.0,-0.0,-0.00010425284,-0.00010425284,-0.00010425284,-0.00010425284,Uniaxial,0.3075000047683716
3.5038856429402426e-32,789.277099609375,49.34012985229492,0.0,0.0,0.5917540192604065,0.0004255625,-0.000104961175,-0.000104961175,4.3675136e-22,-7.2791894e-22,-9.926167e-22,0.0003447361,-8.879589e-05,-8.879589e-05,3.1289775e-22,-5.332312e-22,-7.625755e-22,-305222.8,305222.8,305222.8,-305222.8,-305222.8,305222.8,305222.8,-305222.8,3.593476e-11,3.6816973e-11,0.0,0.0,3.4472154e-11,3.535437e-11,0.0,0.0,3.7174656e-11,3.6069536e-11,3.411447e-11,3.5219595e-11,0.0,0.0,0.0,0.0,1220891.2,-1.4257825e-10,-1.4257825e-10,7.7950894e-13,-1.2253242e-12,-1.4478318e-12,-0.0,0.0004255625,0.0004255625,-0.0,-0.0,0.0004255625,0.0004255625,-0.0,0.0,0.0,-0.000104961175,-0.000104961175,0.0,0.0,-0.000104961175,-0.000104961175,0.0,0.0,0.0,0.0,-0.000104961175,-0.000104961175,-0.000104961175,-0.000104961175,Uniaxial,0.3095000088214874
3.5038856429402426e-32,792.6222534179688,48.97938537597656,0.0,0.0,0.5947389006614685,0.0004283125,-0.000105669504,-0.000105669504,5.161607e-22,-6.485096e-22,-8.867376e-22,0.0003474861,-8.9504225e-05,-8.9504225e-05,3.1989577e-22,-5.3720004e-22,-7.668502e-22,-302991.2,302991.2,302991.2,-302991.2,-302991.2,302991.2,302991.2,-302991.2,4.718242e-11,4.828799e-11,0.0,0.0,4.6069218e-11,4.717479e-11,0.0,0.0,4.8401526e-11,4.7561347e-11,4.5955684e-11,4.6795862e-11,0.0,0.0,0.0,0.0,1211964.8,-1.8871442e-10,-1.8871442e-10,1.2262193e-12,-6.954372e-13,-7.490297e-13,0.0,0.0004283125,0.0004283125,0.0,0.0,0.0004283125,0.0004283125,0.0,0.0,0.0,-0.000105669504,-0.000105669504,0.0,0.0,-0.000105669504,-0.000105669504,0.0,0.0,0.0,0.0,-0.000105669504,-0.000105669504,-0.000105669504,-0.000105669504,Uniaxial,0.31150001287460327
2.8364790357305126e-32,795.9429321289062,48.6186408996582,0.0,0.0,0.5977237224578857,0.0004310625,-0.00010637784,-0.00010637784,4.896909e-22,-7.0144916e-22,-1.0455563e-21,0.00035023608,-9.021256e-05,-9.021256e-05,3.2574154e-22,-5.428549e-22,-7.764456e-22,-300759.6,300759.6,300759.6,-300759.6,-300759.6,300759.6,300759.6,-300759.6,5.9071296e-11,6.007214e-11,0.0,0.0,5.7005668e-11,5.8006513e-11,0.0,0.0,5.957138e-11,5.8587135e-11,5.750643e-11,5.849067e-11,0.0,0.0,0.0,0.0,1203038.4,-2.341556e-10,-2.341556e-10,1.0167747e-12,-9.835636e-13,-1.6689598e-12,0.0,0.0004310625,0.0004310625,0.0,0.0,0.0004310625,0.0004310625,0.0,0.0,0.0,-0.00010637784,-0.00010637784,0.0,0.0,-0.00010637784,-0.00010637784,0.0,0.0,0.0,0.0,-0.00010637784,-0.00010637784,-0.00010637784,-0.00010637784,Uniaxial,0.31349998712539673
2.8364790357305126e-32,799.23974609375,48.28068923950195,0.0,0.0,0.6005200147628784,0.0004338125,-0.000107086176,-0.000107086176,5.6910026e-22,-8.602678e-22,-1.204375e-21,0.00035298607,-9.092089e-05,-9.092089e-05,3.3412e-22,-5.537829e-22,-7.911785e-22,-298668.97,298668.97,298668.97,-298668.97,-298668.97,298668.97,298668.97,-298668.97,-5.7488257e-11,-5.6272216e-11,0.0,0.0,-5.999177e-11,-5.877573e-11,0.0,0.0,-1.01489876e-11,-1.1585214e-11,-1.310381e-11,-1.16675836e-11,0.0,0.0,0.0,0.0,1194675.9,2.3252797e-10,4.6505595e-11,1.4471613e-12,-1.8875335e-12,-2.5447324e-12,-0.0,0.0004338125,0.0004338125,-0.0,-0.0,0.0004338125,0.0004338125,-0.0,-0.0,-0.0,-0.000107086176,-0.000107086176,-0.0,-0.0,-0.000107086176,-0.000107086176,-0.0,-0.0,-0.0,-0.0,-0.000107086176,-0.000107086176,-0.000107086176,-0.000107086176,Uniaxial,0.3154999911785126
1.501665380500671e-32,802.51611328125,48.01594924926758,0.0,0.0,0.602710485458374,0.0004365625,-0.00010779451,-0.00010779451,5.161607e-22,-7.543887e-22,-1.2573145e-21,0.0003557361,-9.162923e-05,-9.162923e-05,3.4038737e-22,-5.606894e-22,-8.0722685e-22,-297031.28,297031.28,297031.28,-297031.28,-297031.28,297031.28,297031.28,-297031.28,-4.6199898e-11,-4.5169143e-11,0.0,0.0,-4.7332034e-11,-4.630128e-11,0.0,0.0,-4.4649236e-11,-4.5734885e-11,-4.785194e-11,-4.676629e-11,0.0,0.0,0.0,0.0,1188125.1,1.8500235e-10,1.8500235e-10,1.0765906e-12,-1.1863849e-12,-2.756733e-12,-0.0,0.0004365625,0.0004365625,-0.0,-0.0,0.0004365625,0.0004365625,-0.0,-0.0,-0.0,-0.00010779451,-0.00010779451,-0.0,-0.0,-0.00010779451,-0.00010779451,-0.0,-0.0,-0.0,-0.0,-0.00010779451,-0.00010779451,-0.00010779451,-0.00010779451,Uniaxial,0.3174999952316284
2.8364790357305126e-32,805.7744750976562,47.7512092590332,0.0,0.0,0.6049009561538696,0.0004393125,-0.00010850285,-0.00010850285,5.6910026e-22,-6.749794e-22,-1.0190865e-21,0.00035848608,-9.233756e-05,-9.233756e-05,3.482616e-22,-5.646243e-22,-8.145208e-22,-295393.56,295393.56,295393.56,-295393.56,-295393.56,295393.56,295393.56,-295393.56,-4.6143478e-11,-4.497844e-11,0.0,0.0,-4.7012724e-11,-4.5847687e-11,0.0,0.0,-4.4654225e-11,-4.5482777e-11,-4.733694e-11,-4.6508387e-11,0.0,0.0,0.0,0.0,1181574.2,1.8398233e-10,1.8398233e-10,1.3451527e-12,-6.7218523e-13,-1.246032e-12,0.0,0.0004393125,0.0004393125,0.0,0.0,0.0004393125,0.0004393125,0.0,-0.0,-0.0,-0.00010850285,-0.00010850285,-0.0,-0.0,-0.00010850285,-0.00010850285,-0.0,-0.0,-0.0,-0.0,-0.00010850285,-0.00010850285,-0.00010850285,-0.00010850285,Uniaxial,0.31949999928474426
1.501665380500671e-32,809.0147705078125,47.48646926879883,0.0,0.0,0.6070914268493652,0.0004420625,-0.000109211185,-0.000109211185,5.9557004e-22,-6.220398e-22,-8.3379806e-22,0.00036123607,-9.30459e-05,-9.30459e-05,3.5677601e-22,-5.66601e-22,-8.151845e-22,-293755.88,293755.88,293755.88,-293755.88,-293755.88,293755.88,293755.88,-293755.88,-1.1645456e-11,-1.0429768e-11,0.0,0.0,-1.2440519e-11,-1.1224832e-11,0.0,0.0,-1.0953659e-11,-1.1614025e-11,-1.1916628e-11,-1.1256263e-11,0.0,0.0,0.0,0.0,1175023.5,4.5740575e-11,4.5740575e-11,1.4464566e-12,-3.358119e-13,-1.1274847e-13,-0.0,0.0004420625,0.0004420625,-0.0,-0.0,0.0004420625,0.0004420625,0.0,-0.0,-0.0,-0.000109211185,-0.000109211185,-0.0,-0.0,-0.000109211185,-0.000109211185,-0.0,-0.0,-0.0,-0.0,-0.000109211185,-0.000109211185,-0.000109211185,-0.000109211185,Uniaxial,0.3215000033378601
1.501665380500671e-32,812.237060546875,47.22172927856445,0.0,0.0,0.6092819571495056,0.0004448125,-0.00010991952,-0.00010991952,5.161607e-22,-5.9557004e-22,-9.132074e-22,0.0003639861,-9.3754235e-05,-9.3754235e-05,3.6226338e-22,-5.675983e-22,-8.185593e-22,-292118.16,292118.16,292118.16,-292118.16,-292118.16,292118.16,292118.16,-292118.16,1.1405284e-11,1.2361249e-11,0.0,0.0,1.0381536e-11,1.13375e-11,0.0,0.0,-3.380641e-11,-3.4383114e-11,-3.4421944e-11,-3.384524e-11,0.0,0.0,0.0,0.0,1168472.6,-4.548557e-11,1.3645671e-10,9.270113e-13,-1.6848949e-13,-5.701194e-13,-0.0,0.0004448125,0.0004448125,-0.0,-0.0,0.0004448125,0.0004448125,-0.0,0.0,0.0,-0.00010991952,-0.00010991952,0.0,0.0,-0.00010991952,-0.00010991952,-0.0,-0.0,-0.0,-0.0,-0.00010991952,-0.00010991952,-0.00010991952,-0.00010991952,Uniaxial,0.32350000739097595
1.501665380500671e-32,815.4413452148438,46.95698928833008,0.0,0.0,0.6114724278450012,0.0004475625,-0.00011062785,-0.00011062785,5.426305e-22,-5.9557004e-22,-8.602678e-22,0.0003667361,-9.446257e-05,-9.446257e-05,3.6847314e-22,-5.6856136e-22,-8.1999524e-22,-290480.47,290480.47,290480.47,-290480.47,-290480.47,290480.47,290480.47,-290480.47,4.4660733e-11,4.5674776e-11,0.0,0.0,4.478635e-11,4.5800395e-11,0.0,0.0,7.1632446e-13,1.4297686e-13,-7.1632446e-13,-1.4297686e-13,0.0,0.0,0.0,0.0,1161921.9,-1.8092225e-10,0.0,1.0431677e-12,-1.6177658e-13,-2.4122468e-13,0.0,0.0004475625,0.0004475625,0.0,0.0,0.0004475625,0.0004475625,0.0,0.0,0.0,-0.00011062785,-0.00011062785,0.0,0.0,-0.00011062785,-0.00011062785,0.0,0.0,0.0,0.0,-0.00011062785,-0.00011062785,-0.00011062785,-0.00011062785,Uniaxial,0.3255000114440918
2.1690721346471949e-32,818.6276245117188,46.6922492980957,0.0,0.0,0.6136628985404968,0.0004503125,-0.00011133619,-0.00011133619,5.6910026e-22,-7.2791894e-22,-7.543887e-22,0.00036948608,-9.517091e-05,-9.517091e-05,3.753804e-22,-5.740478e-22,-8.1773655e-22,-288842.75,288842.75,288842.75,-288842.75,-288842.75,288842.75,288842.75,-288842.75,1.0984228e-11,1.2053588e-11,0.0,0.0,1.043419e-11,1.150355e-11,0.0,0.0,1.1994254e-11,1.1043564e-11,1.0493525e-11,1.1444215e-11,0.0,0.0,0.0,0.0,1155371.0,-4.4975558e-11,-4.4975558e-11,1.1538012e-12,-9.164612e-13,3.773015e-13,-0.0,0.0004503125,0.0004503125,-0.0,-0.0,0.0004503125,0.0004503125,0.0,0.0,0.0,-0.00011133619,-0.00011133619,0.0,0.0,-0.00011133619,-0.00011133619,-0.0,-0.0,-0.0,-0.0,-0.00011133619,-0.00011133619,-0.00011133619,-0.00011133619,Uniaxial,0.32749998569488525
2.753053026158304e-32,821.7958984375,46.42750930786133,0.0,0.0,0.6158533692359924,0.0004530625,-0.00011204452,-0.00011204452,5.9557004e-22,-9.396772e-22,-8.867376e-22,0.00037223607,-9.587924e-05,-9.587924e-05,3.829612e-22,-5.8663584e-22,-8.201121e-22,-287205.03,287205.03,287205.03,-287205.03,-287205.03,287205.03,287205.03,-287205.03,-9.3023035e-14,1.0289987e-12,0.0,0.0,-1.0289987e-12,9.3023035e-14,0.0,0.0,1.360033e-12,-4.240573e-13,-1.360033e-12,4.240573e-13,0.0,0.0,0.0,0.0,1148820.1,0.0,0.0,1.259125e-12,-2.0908028e-12,-3.9457348e-13,-0.0,0.0004530625,0.0004530625,-0.0,-0.0,0.0004530625,0.0004530625,-0.0,0.0,0.0,-0.00011204452,-0.00011204452,0.0,0.0,-0.00011204452,-0.00011204452,0.0,0.0,0.0,0.0,-0.00011204452,-0.00011204452,-0.00011204452,-0.00011204452,Uniaxial,0.3294999897480011
3.086756476699963e-32,824.9461669921875,46.16276931762695,0.0,0.0,0.6180438995361328,0.0004558125,-0.00011275286,-0.00011275286,5.9557004e-22,-9.926167e-22,-9.926167e-22,0.0003749861,-9.658757e-05,-9.658757e-05,3.9028097e-22,-6.006131e-22,-8.2605117e-22,-285567.34,285567.34,285567.34,-285567.34,-285567.34,285567.34,285567.34,-285567.34,-2.2412893e-11,-2.1316011e-11,0.0,0.0,-2.3149533e-11,-2.2052651e-11,0.0,0.0,2.4039973e-11,2.19009e-11,2.0425571e-11,2.2564645e-11,0.0,0.0,0.0,0.0,1142269.4,8.893109e-11,-8.893109e-11,1.2088426e-12,-2.3083096e-12,-9.808196e-13,0.0,0.0004558125,0.0004558125,0.0,0.0,0.0004558125,0.0004558125,0.0,-0.0,-0.0,-0.00011275286,-0.00011275286,-0.0,-0.0,-0.00011275286,-0.00011275286,0.0,0.0,0.0,0.0,-0.00011275286,-0.00011275286,-0.00011275286,-0.00011275286,Uniaxial,0.33149999380111694
3.7541633777832806e-32,828.078369140625,45.89802932739258,0.0,0.0,0.6202343702316284,0.0004585625,-0.000113461196,-0.000113461196,5.9557004e-22,-1.0455563e-21,-1.0984959e-21,0.00037773608,-9.729591e-05,-9.729591e-05,3.9734876e-22,-6.159318e-22,-8.35431e-22,-283929.62,283929.62,283929.62,-283929.62,-283929.62,283929.62,283929.62,-283929.62,1.127066e-11,1.2343384e-11,0.0,0.0,9.761885e-12,1.0834609e-11,0.0,0.0,-3.115911e-11,-3.3401695e-11,-3.5156697e-11,-3.2914112e-11,0.0,0.0,0.0,0.0,1135718.5,-4.4210538e-11,1.3263161e-10,1.1605302e-12,-2.5153313e-12,-1.540171e-12,-0.0,0.0004585625,0.0004585625,-0.0,-0.0,0.0004585625,0.0004585625,-0.0,-0.0,-0.0,-0.000113461196,-0.000113461196,-0.0,-0.0,-0.000113461196,-0.000113461196,-0.0,-0.0,-0.0,-0.0,-0.000113461196,-0.000113461196,-0.000113461196,-0.000113461196,Uniaxial,0.3334999978542328
4.0878668283249394e-32,831.192626953125,45.63329315185547,0.0,0.0,0.622424840927124,0.0004613125,-0.00011416953,-0.00011416953,5.9557004e-22,-1.0720261e-21,-1.1249656e-21,0.00038048608,-9.8004246e-05,-9.8004246e-05,4.041732e-22,-6.316344e-22,-8.4539924e-22,-282291.94,282291.94,282291.94,-282291.94,-282291.94,282291.94,282291.94,-282291.94,-1.0491231e-11,-9.441716e-12,0.0,0.0,-1.253605e-11,-1.1486535e-11,0.0,0.0,-9.202484e-12,-1.1469152e-11,-1.2775282e-11,-1.0508615e-11,0.0,0.0,0.0,0.0,1129167.8,4.3955534e-11,4.3955534e-11,1.1141115e-12,-2.563498e-12,-1.627342e-12,-0.0,0.0004613125,0.0004613125,-0.0,-0.0,0.0004613125,0.0004613125,-0.0,0.0,0.0,-0.00011416953,-0.00011416953,0.0,0.0,-0.00011416953,-0.00011416953,0.0,0.0,0.0,0.0,-0.00011416953,-0.00011416953,-0.00011416953,-0.00011416953,Uniaxial,0.33550000190734863
3.7541633777832806e-32,834.288818359375,45.368553161621094,0.0,0.0,0.6246153116226196,0.0004640625,-0.00011487786,-0.00011487786,5.9557004e-22,-8.602678e-22,-1.1779052e-21,0.0003832361,-9.871258e-05,-9.871258e-05,4.1076268e-22,-6.395059e-22,-8.568469e-22,-280654.22,280654.22,280654.22,-280654.22,-280654.22,280654.22,280654.22,-280654.22,4.4020766e-11,4.5047983e-11,0.0,0.0,4.235307e-11,4.3380285e-11,0.0,0.0,4.5469347e-11,4.3845635e-11,4.1931705e-11,4.3555416e-11,0.0,0.0,0.0,0.0,1122616.9,-1.748021e-10,-1.748021e-10,1.0695135e-12,-1.2775893e-12,-1.8580222e-12,0.0,0.0004640625,0.0004640625,0.0,0.0,0.0004640625,0.0004640625,0.0,0.0,0.0,-0.00011487786,-0.00011487786,0.0,0.0,-0.00011487786,-0.00011487786,0.0,0.0,0.0,0.0,-0.00011487786,-0.00011487786,-0.00011487786,-0.00011487786,Uniaxial,0.3375000059604645
3.086756476699963e-32,837.3670043945312,45.10381317138672,0.0,0.0,0.62680584192276,0.0004668125,-0.0001155862,-0.0001155862,5.9557004e-22,-1.0455563e-21,-1.1249656e-21,0.0003859861,-9.942092e-05,-9.942092e-05,4.171253e-22,-6.5348556e-22,-8.660778e-22,-279016.53,279016.53,279016.53,-279016.53,-279016.53,279016.53,279016.53,-279016.53,4.343811e-11,4.4443903e-11,0.0,0.0,4.2447136e-11,4.345293e-11,0.0,0.0,1.9212266e-12,-1.9156397e-13,-1.9212266e-12,1.9156397e-13,0.0,0.0,0.0,0.0,1116066.1,-1.7378207e-10,0.0,1.0266657e-12,-2.2557438e-12,-1.4894879e-12,-0.0,0.0004668125,0.0004668125,-0.0,-0.0,0.0004668125,0.0004668125,-0.0,-0.0,-0.0,-0.0001155862,-0.0001155862,-0.0,-0.0,-0.0001155862,-0.0001155862,-0.0,-0.0,-0.0,-0.0,-0.0001155862,-0.0001155862,-0.0001155862,-0.0001155862,Uniaxial,0.3395000100135803
2.9199047514291334e-32,840.4271850585938,44.839073181152344,0.0,0.0,0.6289963126182556,0.0004695625,-0.000116294534,-0.000116294534,5.9557004e-22,-1.0720261e-21,-1.1514354e-21,0.00038873608,-0.00010012925,-0.00010012925,4.2326888e-22,-6.6789523e-22,-8.759022e-22,-277378.8,277378.8,277378.8,-277378.8,-277378.8,277378.8,277378.8,-277378.8,-3.2368386e-11,-3.1136947e-11,0.0,0.0,-3.3648823e-11,-3.241738e-11,0.0,0.0,-3.068234e-11,-3.2822998e-11,-3.4103432e-11,-3.1962773e-11,0.0,0.0,0.0,0.0,1109515.2,1.2957153e-10,1.2957153e-10,9.855006e-13,-2.311483e-12,-1.5759508e-12,-0.0,0.0004695625,0.0004695625,-0.0,-0.0,0.0004695625,0.0004695625,-0.0,-0.0,-0.0,-0.000116294534,-0.000116294534,0.0,0.0,-0.000116294534,-0.000116294534,0.0,-0.0,-0.0,0.0,-0.000116294534,-0.000116294534,-0.000116294534,-0.000116294534,Uniaxial,0.34150001406669617
3.337034211543001e-32,843.4693603515625,44.57433319091797,0.0,0.0,0.6311867833137512,0.0004723125,-0.00011700287,-0.00011700287,6.220398e-22,-1.0720261e-21,-1.1779052e-21,0.00039148607,-0.000100837584,-0.000100837584,4.3011226e-22,-6.818088e-22,-8.862997e-22,-275741.12,275741.12,275741.12,-275741.12,-275741.12,275741.12,275741.12,-275741.12,-1.0838418e-11,-9.307861e-12,0.0,0.0,-1.2159892e-11,-1.0629336e-11,0.0,0.0,-9.025999e-12,-1.112028e-11,-1.2441755e-11,-1.0347474e-11,0.0,0.0,0.0,0.0,1102964.5,4.2935506e-11,4.2935506e-11,1.0912753e-12,-2.2187246e-12,-1.658031e-12,0.0,0.0004723125,0.0004723125,0.0,0.0,0.0004723125,0.0004723125,0.0,-0.0,-0.0,-0.00011700287,-0.00011700287,-0.0,-0.0,-0.00011700287,-0.00011700287,-0.0,-0.0,-0.0,-0.0,-0.00011700287,-0.00011700287,-0.00011700287,-0.00011700287,Uniaxial,0.3434999883174896
3.337034211543001e-32,846.4934692382812,44.309593200683594,0.0,0.0,0.6333773136138916,0.0004750625,-0.000117711206,-0.000117711206,7.0144916e-22,-9.66147e-22,-1.1249656e-21,0.0003942361,-0.00010154592,-0.00010154592,4.3945394e-22,-6.915981e-22,-8.945166e-22,-274103.4,274103.4,274103.4,-274103.4,-274103.4,274103.4,274103.4,-274103.4,2.1049445e-11,2.2774775e-11,0.0,0.0,1.9905725e-11,2.1631056e-11,0.0,0.0,-3.055811e-11,-3.231892e-11,-3.346264e-11,-3.1701832e-11,0.0,0.0,0.0,0.0,1096413.6,-8.5361e-11,1.2804151e-10,1.4808232e-12,-1.5517775e-12,-1.3025211e-12,0.0,0.0004750625,0.0004750625,0.0,0.0,0.0004750625,0.0004750625,-0.0,0.0,0.0,-0.000117711206,-0.000117711206,0.0,0.0,-0.000117711206,-0.000117711206,0.0,0.0,0.0,0.0,-0.000117711206,-0.000117711206,-0.000117711206,-0.000117711206,Uniaxial,0.34549999237060547
3.337034211543001e-32,849.4996337890625,44.04485321044922,0.0,0.0,0.6355677843093872,0.0004778125,-0.00011841954,-0.00011841954,8.073283e-22,-9.926167e-22,-9.926167e-22,0.00039698608,-0.00010225426,-0.00010225426,4.521193e-22,-7.019617e-22,-8.978941e-22,-272465.7,272465.7,272465.7,-272465.7,-272465.7,272465.7,272465.7,-272465.7,-3.2431224e-11,-3.0448467e-11,0.0,0.0,-3.3189777e-11,-3.1207016e-11,0.0,0.0,-3.0539137e-11,-3.2340554e-11,-3.3099103e-11,-3.129769e-11,0.0,0.0,0.0,0.0,1089862.8,1.2727648e-10,1.2727648e-10,1.9956814e-12,-1.6329958e-12,-5.3218356e-13,-0.0,0.0004778125,0.0004778125,-0.0,-0.0,0.0004778125,0.0004778125,-0.0,-0.0,-0.0,-0.00011841954,-0.00011841954,-0.0,-0.0,-0.00011841954,-0.00011841954,-0.0,-0.0,-0.0,-0.0,-0.00011841954,-0.00011841954,-0.00011841954,-0.00011841954,Uniaxial,0.3474999964237213
3.337034211543001e-32,852.4877319335938,43.780113220214844,0.0,0.0,0.6377582550048828,0.0004805625,-0.00011912788,-0.00011912788,9.132074e-22,-1.1514354e-21,-9.66147e-22,0.00039973608,-0.00010296259,-0.00010296259,4.679938e-22,-7.174364e-22,-9.002438e-22,-270828.0,270828.0,270828.0,-270828.0,-270828.0,270828.0,270828.0,-270828.0,9.766822e-12,1.1994902e-11,0.0,0.0,9.090343e-12,1.1318423e-11,0.0,0.0,1.1979245e-11,9.782479e-12,9.106e-12,1.1302765e-11,0.0,0.0,0.0,0.0,1083312.0,-4.217049e-11,-4.217049e-11,2.4863221e-12,-2.4236936e-12,-3.6803985e-13,0.0,0.0004805625,0.0004805625,0.0,0.0,0.0004805625,0.0004805625,0.0,0.0,0.0,-0.00011912788,-0.00011912788,0.0,0.0,-0.00011912788,-0.00011912788,-0.0,-0.0,-0.0,-0.0,-0.00011912788,-0.00011912788,-0.00011912788,-0.00011912788,Uniaxial,0.34950000047683716
3.337034211543001e-32,855.4578247070312,43.51537322998047,0.0,0.0,0.6399487257003784,0.0004833125,-0.00011983621,-0.00011983621,9.66147e-22,-1.2573145e-21,-9.926167e-22,0.00040248607,-0.00010367093,-0.00010367093,4.851444e-22,-7.3602353e-22,-9.034241e-22,-269190.28,269190.28,269190.28,-269190.28,-269190.28,269190.28,269190.28,-269190.28,9.688928e-12,1.2008818e-11,0.0,0.0,8.948923e-12,1.1268814e-11,0.0,0.0,1.2064726e-11,9.633019e-12,8.893015e-12,1.1324722e-11,0.0,0.0,0.0,0.0,1076761.1,-4.191548e-11,-4.191548e-11,2.6699441e-12,-2.8935769e-12,-4.950896e-13,-0.0,0.0004833125,0.0004833125,0.0,-0.0,0.0004833125,0.0004833125,-0.0,-0.0,-0.0,-0.00011983621,-0.00011983621,-0.0,-0.0,-0.00011983621,-0.00011983621,-0.0,-0.0,-0.0,-0.0,-0.00011983621,-0.00011983621,-0.00011983621,-0.00011983621,Uniaxial,0.351500004529953
3.337034211543001e-32,858.409912109375,43.250633239746094,0.0,0.0,0.6421392560005188,0.0004860625,-0.000120544544,-0.000120544544,9.926167e-22,-1.1249656e-21,-1.0455563e-21,0.0004052361,-0.000104379265,-0.000104379265,5.0261587e-22,-7.4941417e-22,-9.083175e-22,-267552.6,267552.6,267552.6,-267552.6,-267552.6,267552.6,267552.6,-267552.6,3.051258e-11,3.2849168e-11,0.0,0.0,2.9641546e-11,3.1978135e-11,0.0,0.0,3.2691315e-11,3.0670435e-11,2.97994e-11,3.182028e-11,0.0,0.0,0.0,0.0,1070210.4,-1.2498143e-10,-1.2498143e-10,2.7033445e-12,-2.0719249e-12,-7.571493e-13,0.0,0.0004860625,0.0004860625,0.0,-0.0,0.0004860625,0.0004860625,0.0,0.0,0.0,-0.000120544544,-0.000120544544,0.0,0.0,-0.000120544544,-0.000120544544,0.0,0.0,0.0,0.0,-0.000120544544,-0.000120544544,-0.000120544544,-0.000120544544,Uniaxial,0.35350000858306885
3.337034211543001e-32,861.343994140625,42.98589324951172,0.0,0.0,0.6443297266960144,0.0004888125,-0.00012125288,-0.00012125288,9.926167e-22,-1.0190865e-21,-1.1514354e-21,0.00040798608,-0.000105087594,-0.000105087594,5.1948583e-22,-7.586986e-22,-9.166877e-22,-265914.88,265914.88,265914.88,-265914.88,-265914.88,265914.88,265914.88,-265914.88,9.7783595e-12,1.2060426e-11,0.0,0.0,8.64231e-12,1.0924376e-11,0.0,0.0,1.1768794e-11,1.006999e-11,8.93394e-12,1.0632745e-11,0.0,0.0,0.0,0.0,1063659.5,-4.140547e-11,-4.140547e-11,2.594295e-12,-1.4277722e-12,-1.2871806e-12,-0.0,0.0004888125,0.0004888125,0.0,0.0,0.0004888125,0.0004888125,0.0,0.0,0.0,-0.00012125288,-0.00012125288,0.0,0.0,-0.00012125288,-0.00012125288,0.0,0.0,0.0,0.0,-0.00012125288,-0.00012125288,-0.00012125288,-0.00012125288,Uniaxial,0.3555000126361847
3.337034211543001e-32,864.2600708007812,42.72115707397461,0.0,0.0,0.64652019739151,0.0004915625,-0.00012196122,-0.00012196122,8.867376e-22,-1.0720261e-21,-1.2837843e-21,0.00041073607,-0.00010579593,-0.00010579593,5.321297e-22,-7.6948593e-22,-9.293262e-22,-264277.2,264277.2,264277.2,-264277.2,-264277.2,264277.2,264277.2,-264277.2,1.0041182e-11,1.1992315e-11,0.0,0.0,8.5829165e-12,1.0534049e-11,0.0,0.0,5.3071842e-11,5.126258e-11,4.9804317e-11,5.1613578e-11,0.0,0.0,0.0,0.0,1057108.8,-4.1150465e-11,-2.0575232e-10,1.9324286e-12,-1.6486864e-12,-1.9316124e-12,-0.0,0.0004915625,0.0004915625,-0.0,-0.0,0.0004915625,0.0004915625,-0.0,0.0,0.0,-0.00012196122,-0.00012196122,0.0,0.0,-0.00012196122,-0.00012196122,0.0,0.0,0.0,0.0,-0.00012196122,-0.00012196122,-0.00012196122,-0.00012196122,Uniaxial,0.35749998688697815
5.672958071461025e-32,867.1580810546875,42.456417083740234,0.0,0.0,0.6487106680870056,0.0004943125,-0.00012266955,-0.00012266955,9.132074e-22,-1.2308448e-21,-1.0190865e-21,0.0004134861,-0.00010650427,-0.00010650427,5.4524965e-22,-7.853698e-22,-9.324165e-22,-262639.47,262639.47,262639.47,-262639.47,-262639.47,262639.47,262639.47,-262639.47,-2.1321032e-11,-1.8847278e-11,0.0,0.0,-2.2048181e-11,-1.9574425e-11,0.0,0.0,2.1906903e-11,1.9715703e-11,1.8988554e-11,2.1179754e-11,0.0,0.0,0.0,0.0,1050557.9,8.1790914e-11,-8.1790914e-11,1.9927525e-12,-2.4125632e-12,-4.6937963e-13,0.0,0.0004943125,0.0004943125,0.0,0.0,0.0004943125,0.0004943125,0.0,0.0,0.0,-0.00012266955,-0.00012266955,0.0,0.0,-0.00012266955,-0.00012266955,0.0,0.0,0.0,0.0,-0.00012266955,-0.00012266955,-0.00012266955,-0.00012266955,Uniaxial,0.359499990940094
8.342585088047121e-32,870.0380859375,42.19167709350586,0.0,0.0,0.650901198387146,0.0004970625,-0.00012337789,-0.00012337789,9.926167e-22,-1.2573145e-21,-9.396772e-22,0.0004162361,-0.0001072126,-0.0001072126,5.6065175e-22,-8.016181e-22,-9.326664e-22,-261001.77,261001.77,261001.77,-261001.77,-261001.77,261001.77,261001.77,-261001.77,-1.0642289e-12,1.5755538e-12,0.0,0.0,-1.5755538e-12,1.0642289e-12,0.0,0.0,1.8537138e-12,-3.574703e-13,-1.8537138e-12,3.574703e-13,0.0,0.0,0.0,0.0,1044007.06,0.0,0.0,2.3248096e-12,-2.4525308e-12,-3.7731123e-14,0.0,0.0004970625,0.0004970625,0.0,0.0,0.0004970625,0.0004970625,0.0,-0.0,-0.0,-0.00012337789,-0.00012337789,-0.0,-0.0,-0.00012337789,-0.00012337789,0.0,0.0,0.0,0.0,-0.00012337789,-0.00012337789,-0.00012337789,-0.00012337789,Uniaxial,0.36149999499320984
8.342585088047121e-32,872.900146484375,41.926937103271484,0.0,0.0,0.6530916690826416,0.0004998125,-0.00012408622,-0.00012408622,1.0720261e-21,-1.2837843e-21,-7.808585e-22,0.00041898608,-0.00010792094,-0.00010792094,5.7825756e-22,-8.1821834e-22,-9.2744e-22,-259364.06,259364.06,259364.06,-259364.06,-259364.06,259364.06,259364.06,-259364.06,-4.1734078e-11,-3.8936323e-11,0.0,0.0,-4.1834567e-11,-3.9036812e-11,0.0,0.0,1.6576441e-12,-5.722375e-13,-1.6576441e-12,5.722375e-13,0.0,0.0,0.0,0.0,1037456.25,1.6154178e-10,0.0,2.6407578e-12,-2.489926e-12,7.839427e-13,-0.0,0.0004998125,0.0004998125,-0.0,-0.0,0.0004998125,0.0004998125,-0.0,-0.0,-0.0,-0.00012408622,-0.00012408622,0.0,0.0,-0.00012408622,-0.00012408622,-0.0,-0.0,-0.0,-0.0,-0.00012408622,-0.00012408622,-0.00012408622,-0.00012408622,Uniaxial,0.3634999990463257
9.343695439672097e-32,875.744140625,41.66219711303711,0.0,0.0,0.6552821397781372,0.0005025625,-0.00012479456,-0.00012479456,1.1514354e-21,-1.2837843e-21,-9.132074e-22,0.00042173607,-0.000108629276,-0.000108629276,5.979912e-22,-8.3424704e-22,-9.2695e-22,-257726.36,257726.36,257726.36,-257726.36,-257726.36,257726.36,257726.36,-257726.36,9.032815e-12,1.1980805e-11,0.0,0.0,8.084414e-12,1.1032404e-11,0.0,0.0,1.1842755e-11,9.663326e-12,8.222464e-12,1.0401894e-11,0.0,0.0,0.0,0.0,1030905.44,-4.013044e-11,-4.013044e-11,2.941224e-12,-2.389021e-12,7.303354e-14,-0.0,0.0005025625,0.0005025625,-0.0,-0.0,0.0005025625,0.0005025625,-0.0,-0.0,-0.0,-0.00012479456,-0.00012479456,-0.0,-0.0,-0.00012479456,-0.00012479456,0.0,0.0,0.0,0.0,-0.00012479456,-0.00012479456,-0.00012479456,-0.00012479456,Uniaxial,0.36550000309944153
1.0678509241838733e-31,878.5701293945312,41.397457122802734,0.0,0.0,0.6574726700782776,0.0005053125,-0.00012550289,-0.00012550289,1.2308448e-21,-1.1514354e-21,-1.3102541e-21,0.0004244861,-0.000109337605,-0.000109337605,6.197793e-22,-8.451673e-22,-9.401465e-22,-256088.66,256088.66,256088.66,-256088.66,-256088.66,256088.66,256088.66,-256088.66,1.9865843e-11,2.2956626e-11,0.0,0.0,1.6918807e-11,2.000959e-11,0.0,0.0,2.1569328e-11,1.9775764e-11,1.8306105e-11,2.0099668e-11,0.0,0.0,0.0,0.0,1024354.6,-7.9750866e-11,-7.9750866e-11,3.2268105e-12,-1.6172886e-12,-1.9544013e-12,0.0,0.0005053125,0.0005053125,0.0,0.0,0.0005053125,0.0005053125,0.0,-0.0,-0.0,-0.00012550289,-0.00012550289,0.0,0.0,-0.00012550289,-0.00012550289,-0.0,-0.0,-0.0,-0.0,-0.00012550289,-0.00012550289,-0.00012550289,-0.00012550289,Uniaxial,0.3675000071525574
1.2347025906799851e-31,881.3780517578125,41.13271713256836,0.0,0.0,0.6596631407737732,0.0005080625,-0.00012621122,-0.00012621122,1.2837843e-21,-1.0455563e-21,-1.6543612e-21,0.00042723608,-0.00011004594,-0.00011004594,6.4263997e-22,-8.520664e-22,-9.647358e-22,-254450.95,254450.95,254450.95,-254450.95,-254450.95,254450.95,254450.95,-254450.95,1.9873807e-11,2.3525642e-11,0.0,0.0,1.6094785e-11,1.974662e-11,0.0,0.0,2.1707297e-11,2.0214773e-11,1.791313e-11,1.9405654e-11,0.0,0.0,0.0,0.0,1017803.8,-7.924085e-11,-7.924085e-11,3.3639946e-12,-1.0152145e-12,-3.6183682e-12,-0.0,0.0005080625,0.0005080625,-0.0,-0.0,0.0005080625,0.0005080625,-0.0,-0.0,-0.0,-0.00012621122,-0.00012621122,-0.0,-0.0,-0.00012621122,-0.00012621122,-0.0,-0.0,-0.0,-0.0,-0.00012621122,-0.00012621122,-0.00012621122,-0.00012621122,Uniaxial,0.3695000112056732
1.2347025906799851e-31,884.1680297851562,40.867977142333984,0.0,0.0,0.6618536114692688,0.0005108125,-0.00012691956,-0.00012691956,1.3896634e-21,-1.0984959e-21,-1.7867101e-21,0.00042998607,-0.00011075428,-0.00011075428,6.683588e-22,-8.605506e-22,-9.930351e-22,-252813.23,252813.23,252813.23,-252813.23,-252813.23,252813.23,252813.23,-252813.23,1.9777029e-11,2.3626979e-11,0.0,0.0,1.5738442e-11,1.9588392e-11,0.0,0.0,2.176588e-11,2.0160748e-11,1.7599538e-11,1.9204673e-11,0.0,0.0,0.0,0.0,1011252.94,-7.873084e-11,-7.873084e-11,3.760226e-12,-1.2404303e-12,-4.1374994e-12,0.0,0.0005108125,0.0005108125,-0.0,0.0,0.0005108125,0.0005108125,0.0,0.0,0.0,-0.00012691956,-0.00012691956,0.0,0.0,-0.00012691956,-0.00012691956,0.0,0.0,0.0,0.0,-0.00012691956,-0.00012691956,-0.00012691956,-0.00012691956,Uniaxial,0.3714999854564667
1.3681839708966487e-31,886.93994140625,40.60323715209961,0.0,0.0,0.6640440821647644,0.0005135625,-0.00012762789,-0.00012762789,1.4690728e-21,-1.2837843e-21,-1.7073008e-21,0.0004327361,-0.000111462614,-0.000111462614,6.959261e-22,-8.751218e-22,-1.0176261e-21,-251175.53,251175.53,251175.53,-251175.53,-251175.53,251175.53,251175.53,-251175.53,2.873227e-11,3.2211834e-11,0.0,0.0,2.6453787e-11,2.993335e-11,0.0,0.0,3.247858e-11,3.0435363e-11,2.6187044e-11,2.8230258e-11,0.0,0.0,0.0,0.0,1004702.1,-1.1733124e-10,-1.1733124e-10,4.004374e-12,-2.1165938e-12,-3.5720459e-12,0.0,0.0005135625,0.0005135625,0.0,0.0,0.0005135625,0.0005135625,0.0,0.0,0.0,-0.00012762789,-0.00012762789,0.0,0.0,-0.00012762789,-0.00012762789,0.0,0.0,0.0,0.0,-0.00012762789,-0.00012762789,-0.00012762789,-0.00012762789,Uniaxial,0.3734999895095825
8.676288538588779e-32,889.6939086914062,40.338497161865234,0.0,0.0,0.6662346124649048,0.0005163125,-0.00012833624,-0.00012833624,1.3631936e-21,-1.3367239e-21,-1.7337706e-21,0.0004354861,-0.00011217095,-0.00011217095,7.1889907e-22,-8.910141e-22,-1.0422818e-21,-249537.83,249537.83,249537.83,-249537.83,-249537.83,249537.83,249537.83,-249537.83,5.859005e-11,6.1232595e-11,0.0,0.0,5.533363e-11,5.7976172e-11,0.0,0.0,6.097714e-11,5.884551e-11,5.5589085e-11,5.7720714e-11,0.0,0.0,0.0,0.0,998151.3,-2.3313246e-10,-2.3313246e-10,3.31525e-12,-2.2934222e-12,-3.55809e-12,-0.0,0.0005163125,0.0005163125,-0.0,-0.0,0.0005163125,0.0005163125,-0.0,0.0,0.0,-0.00012833624,-0.00012833624,0.0,0.0,-0.00012833624,-0.00012833624,0.0,0.0,0.0,0.0,-0.00012833624,-0.00012833624,-0.00012833624,-0.00012833624,Uniaxial,0.37549999356269836
1.401554257176097e-31,892.4298095703125,40.07375717163086,0.0,0.0,0.6684250831604004,0.0005190625,-0.00012904457,-0.00012904457,1.0984959e-21,-1.3631936e-21,-1.6543612e-21,0.00043823608,-0.00011287929,-0.00011287929,7.3196795e-22,-9.072704e-22,-1.0633547e-21,-247900.12,247900.12,247900.12,-247900.12,-247900.12,247900.12,247900.12,-247900.12,1.9833302e-11,2.1755025e-11,0.0,0.0,1.6845376e-11,1.8767099e-11,0.0,0.0,2.2361727e-11,2.0211518e-11,1.6238675e-11,1.8388882e-11,0.0,0.0,0.0,0.0,991600.5,-7.72008e-11,-7.72008e-11,1.87361e-12,-2.330579e-12,-3.021095e-12,0.0,0.0005190625,0.0005190625,0.0,0.0,0.0005190625,0.0005190625,0.0,0.0,0.0,-0.00012904457,-0.00012904457,0.0,0.0,-0.00012904457,-0.00012904457,0.0,0.0,0.0,0.0,-0.00012904457,-0.00012904457,-0.00012904457,-0.00012904457,Uniaxial,0.3774999976158142
8.676288538588779e-32,895.147705078125,39.809017181396484,0.0,0.0,0.670615553855896,0.0005218125,-0.00012975291,-0.00012975291,9.926167e-22,-1.2573145e-21,-1.4161332e-21,0.00044098607,-0.00011358762,-0.00011358762,7.409417e-22,-9.193219e-22,-1.0755003e-21,-246262.42,246262.42,246262.42,-246262.42,-246262.42,246262.42,246262.42,-246262.42,-4.757258e-11,-4.5948658e-11,0.0,0.0,-4.991483e-11,-4.8290906e-11,0.0,0.0,2.092665e-12,2.4958144e-13,-2.092665e-12,-2.4958144e-13,0.0,0.0,0.0,0.0,985049.7,1.9172698e-10,0.0,1.2780084e-12,-1.71633e-12,-1.7297371e-12,0.0,0.0005218125,0.0005218125,0.0,0.0,0.0005218125,0.0005218125,0.0,-0.0,-0.0,-0.00012975291,-0.00012975291,-0.0,-0.0,-0.00012975291,-0.00012975291,-0.0,-0.0,-0.0,-0.0,-0.00012975291,-0.00012975291,-0.00012975291,-0.00012975291,Uniaxial,0.37950000166893005
1.3681839708966487e-31,897.8475952148438,39.544281005859375,0.0,0.0,0.6728060245513916,0.0005245625,-0.00013046124,-0.00013046124,9.132074e-22,-1.1779052e-21,-1.5484821e-21,0.0004437361,-0.00011429595,-0.00011429595,7.4687255e-22,-9.282245e-22,-1.0917844e-21,-244624.72,244624.72,244624.72,-244624.72,-244624.72,244624.72,244624.72,-244624.72,-2.7709168e-11,-2.6797191e-11,0.0,0.0,-3.033839e-11,-2.9426416e-11,0.0,0.0,1.213699e-11,1.0522347e-11,6.908204e-12,8.522847e-12,0.0,0.0,0.0,0.0,978498.9,1.1427117e-10,-3.809039e-11,8.39033e-13,-1.2594493e-12,-2.303693e-12,-0.0,0.0005245625,0.0005245625,-0.0,-0.0,0.0005245625,0.0005245625,-0.0,0.0,-0.0,-0.00013046124,-0.00013046124,0.0,-0.0,-0.00013046124,-0.00013046124,0.0,0.0,0.0,0.0,-0.00013046124,-0.00013046124,-0.00013046124,-0.00013046124,Uniaxial,0.3815000057220459
7.007771285880485e-32,900.5294189453125,39.279541015625,0.0,0.0,0.674996554851532,0.0005273125,-0.00013116957,-0.00013116957,8.073283e-22,-1.3367239e-21,-1.7867101e-21,0.00044648608,-0.00011500429,-0.00011500429,7.4895393e-22,-9.422885e-22,-1.1157095e-21,-242987.02,242987.02,242987.02,-242987.02,-242987.02,242987.02,242987.02,-242987.02,-1.7165387e-11,-1.7019145e-11,0.0,0.0,-2.0816238e-11,-2.0669997e-11,0.0,0.0,-1.6844418e-11,-1.8817491e-11,-2.0990964e-11,-1.9017891e-11,0.0,0.0,0.0,0.0,971948.06,7.567077e-11,7.567077e-11,2.9248294e-13,-1.9763067e-12,-3.3620283e-12,-0.0,0.0005273125,0.0005273125,-0.0,-0.0,0.0005273125,0.0005273125,0.0,-0.0,-0.0,-0.00013116957,-0.00013116957,-0.0,-0.0,-0.00013116957,-0.00013116957,-0.0,-0.0,-0.0,-0.0,-0.00013116957,-0.00013116957,-0.00013116957,-0.00013116957,Uniaxial,0.38350000977516174
9.677398890213756e-32,903.1932983398438,39.014801025390625,0.0,0.0,0.6771870255470276,0.0005300625,-0.00013187791,-0.00013187791,6.749794e-22,-1.4690728e-21,-1.9455288e-21,0.00044923607,-0.000115712624,-0.000115712624,7.464071e-22,-9.604248e-22,-1.1442789e-21,-241349.31,241349.31,241349.31,-241349.31,-241349.31,241349.31,241349.31,-241349.31,-4.4904788e-11,-4.5082525e-11,0.0,0.0,-4.8868416e-11,-4.9046153e-11,0.0,0.0,-4.411458e-11,-4.6365193e-11,-4.983636e-11,-4.7585748e-11,0.0,0.0,0.0,0.0,965397.25,1.8790189e-10,1.8790189e-10,-3.5547436e-13,-2.531388e-12,-3.9875802e-12,0.0,0.0005300625,0.0005300625,0.0,0.0,0.0005300625,0.0005300625,0.0,-0.0,-0.0,-0.00013187791,-0.00013187791,-0.0,-0.0,-0.00013187791,-0.00013187791,-0.0,-0.0,-0.0,-0.0,-0.00013187791,-0.00013187791,-0.00013187791,-0.00013187791,Uniaxial,0.3855000138282776
1.0678509241838733e-31,905.839111328125,38.75006103515625,0.0,0.0,0.6793774962425232,0.0005328125,-0.00013258624,-0.00013258624,6.749794e-22,-1.4690728e-21,-1.8925892e-21,0.0004519861,-0.00011642096,-0.00011642096,7.4394794e-22,-9.779368e-22,-1.170042e-21,-239711.6,239711.6,239711.6,-239711.6,-239711.6,239711.6,239711.6,-239711.6,-2.7262156e-11,-2.694015e-11,0.0,0.0,-2.9047906e-11,-2.87259e-11,0.0,0.0,-2.4770632e-11,-2.6969376e-11,-3.1217424e-11,-2.901868e-11,0.0,0.0,0.0,0.0,958846.4,1.1197611e-10,1.1197611e-10,-3.4090685e-13,-2.4276507e-12,-3.5715003e-12,-0.0,0.0005328125,0.0005328125,-0.0,-0.0,0.0005328125,0.0005328125,-0.0,-0.0,-0.0,-0.00013258624,-0.00013258624,-0.0,-0.0,-0.00013258624,-0.00013258624,-0.0,-0.0,-0.0,-0.0,-0.00013258624,-0.00013258624,-0.00013258624,-0.00013258624,Uniaxial,0.38749998807907104
1.3681839708966487e-31,908.4669189453125,38.485321044921875,0.0,0.0,0.6815679669380188,0.0005355625,-0.00013329458,-0.00013329458,7.543887e-22,-1.442603e-21,-1.81318e-21,0.0004547361,-0.0001171293,-0.0001171293,7.443074e-22,-9.939345e-22,-1.1921843e-21,-238073.89,238073.89,238073.89,-238073.89,-238073.89,238073.89,238073.89,-238073.89,-2.6068085e-11,-2.555088e-11,0.0,0.0,-3.0054667e-11,-2.953746e-11,0.0,0.0,-2.5258837e-11,-2.7345048e-11,-3.034671e-11,-2.8260498e-11,0.0,0.0,0.0,0.0,952295.56,1.11211096e-10,1.11211096e-10,4.9490715e-14,-2.2025853e-12,-3.048567e-12,0.0,0.0005355625,0.0005355625,-0.0,0.0,0.0005355625,0.0005355625,-0.0,-0.0,-0.0,-0.00013329458,-0.00013329458,-0.0,-0.0,-0.00013329458,-0.00013329458,-0.0,-0.0,-0.0,-0.0,-0.00013329458,-0.00013329458,-0.00013329458,-0.00013329458,Uniaxial,0.3894999921321869
1.2013323044005368e-31,911.0767211914062,38.2205810546875,0.0,0.0,0.6837584972381592,0.0005383125,-0.00013400291,-0.00013400291,8.602678e-22,-1.4161332e-21,-1.7867101e-21,0.00045748608,-0.00011783763,-0.00011783763,7.4829977e-22,-1.0084701e-21,-1.2126528e-21,-236436.19,236436.19,236436.19,-236436.19,-236436.19,236436.19,236436.19,-236436.19,1.9217124e-11,1.9982528e-11,0.0,0.0,1.683283e-11,1.7598234e-11,0.0,0.0,2.1327854e-11,1.9349177e-11,1.5487504e-11,1.7466181e-11,0.0,0.0,0.0,0.0,945744.75,-7.363072e-11,-7.363072e-11,5.458881e-13,-1.9875165e-12,-2.7987532e-12,0.0,0.0005383125,0.0005383125,0.0,0.0,0.0005383125,0.0005383125,0.0,0.0,0.0,-0.00013400291,-0.00013400291,-0.0,-0.0,-0.00013400291,-0.00013400291,-0.0,-0.0,0.0,0.0,-0.00013400291,-0.00013400291,-0.00013400291,-0.00013400291,Uniaxial,0.39149999618530273
1.5016653511133122e-31,913.6685180664062,37.955841064453125,0.0,0.0,0.6859489679336548,0.0005410625,-0.00013471126,-0.00013471126,9.66147e-22,-1.3896634e-21,-1.9984684e-21,0.00046023607,-0.00011854596,-0.00011854596,7.557999e-22,-1.021594e-21,-1.2397073e-21,-234798.48,234798.48,234798.48,-234798.48,-234798.48,234798.48,234798.48,-234798.48,1.9928897e-11,2.0438108e-11,0.0,0.0,1.6122244e-11,1.6631455e-11,0.0,0.0,2.1367704e-11,1.949176e-11,1.5192647e-11,1.7068591e-11,0.0,0.0,0.0,0.0,939193.94,-7.3120704e-11,-7.3120704e-11,1.0184206e-12,-1.7820523e-12,-3.673633e-12,-0.0,0.0005410625,0.0005410625,-0.0,-0.0,0.0005410625,0.0005410625,-0.0,0.0,0.0,-0.00013471126,-0.00013471126,0.0,0.0,-0.00013471126,-0.00013471126,-0.0,-0.0,-0.0,-0.0,-0.00013471126,-0.00013471126,-0.00013471126,-0.00013471126,Uniaxial,0.3935000002384186
1.5016653511133122e-31,916.2423095703125,37.69110107421875,0.0,0.0,0.6881394386291504,0.0005438125,-0.00013541958,-0.00013541958,9.926167e-22,-1.3896634e-21,-2.3161057e-21,0.0004629861,-0.0001192543,-0.0001192543,7.639531e-22,-1.0342661e-21,-1.2767659e-21,-233160.78,233160.78,233160.78,-233160.78,-233160.78,233160.78,233160.78,-233160.78,3.8264666e-11,3.8814358e-11,0.0,0.0,3.3796334e-11,3.4346026e-11,0.0,0.0,3.9705374e-11,3.786611e-11,3.2905317e-11,3.4744582e-11,0.0,0.0,0.0,0.0,932643.1,-1.4522138e-10,-1.4522138e-10,1.0993805e-12,-1.7086972e-12,-4.99699e-12,-0.0,0.0005438125,0.0005438125,0.0,-0.0,0.0005438125,0.0005438125,0.0,-0.0,0.0,-0.00013541958,-0.00013541958,-0.0,0.0,-0.00013541958,-0.00013541958,0.0,0.0,0.0,0.0,-0.00013541958,-0.00013541958,-0.00013541958,-0.00013541958,Uniaxial,0.3955000042915344
9.677398890213756e-32,918.798095703125,37.426361083984375,0.0,0.0,0.6903299689292908,0.0005465625,-0.00013612791,-0.00013612791,8.867376e-22,-1.5220123e-21,-2.4749244e-21,0.00046573608,-0.000119962635,-0.000119962635,7.681804e-22,-1.0510584e-21,-1.3180166e-21,-231523.08,231523.08,231523.08,-231523.08,-231523.08,231523.08,231523.08,-231523.08,3.827455e-11,3.855755e-11,0.0,0.0,3.3543127e-11,3.382613e-11,0.0,0.0,3.9224374e-11,3.711527e-11,3.2876306e-11,3.498541e-11,0.0,0.0,0.0,0.0,926092.3,-1.4420136e-10,-1.4420136e-10,5.660017e-13,-2.2483718e-12,-5.5231705e-12,0.0,0.0005465625,0.0005465625,0.0,0.0,0.0005465625,0.0005465625,0.0,0.0,0.0,-0.00013612791,-0.00013612791,0.0,0.0,-0.00013612791,-0.00013612791,0.0,0.0,0.0,0.0,-0.00013612791,-0.00013612791,-0.00013612791,-0.00013612791,Uniaxial,0.39750000834465027
9.677398890213756e-32,921.3358154296875,37.16162109375,0.0,0.0,0.6925204396247864,0.0005493125,-0.00013683626,-0.00013683626,7.808585e-22,-1.5220123e-21,-2.5543337e-21,0.00046848608,-0.00012067097,-0.00012067097,7.686169e-22,-1.0672726e-21,-1.360581e-21,-229885.38,229885.38,229885.38,-229885.38,-229885.38,229885.38,229885.38,-229885.38,-2.44614e-11,-2.4432385e-11,0.0,0.0,-2.9260615e-11,-2.92316e-11,0.0,0.0,1.2133573e-11,1.007085e-11,5.7640936e-12,7.8268165e-12,0.0,0.0,0.0,0.0,919541.5,1.07386e-10,-3.5795332e-11,5.802909e-14,-2.1556073e-12,-5.6587578e-12,-0.0,0.0005493125,0.0005493125,-0.0,-0.0,0.0005493125,0.0005493125,-0.0,0.0,0.0,-0.00013683626,-0.00013683626,0.0,0.0,-0.00013683626,-0.00013683626,0.0,0.0,0.0,0.0,-0.00013683626,-0.00013683626,-0.00013683626,-0.00013683626,Uniaxial,0.3995000123977661
1.5016653511133122e-31,923.8555297851562,36.896881103515625,0.0,0.0,0.694710910320282,0.0005520625,-0.00013754459,-0.00013754459,7.0144916e-22,-1.4161332e-21,-2.5543337e-21,0.00047123607,-0.00012137931,-0.00012137931,7.663044e-22,-1.0792833e-21,-1.4016801e-21,-228247.67,228247.67,228247.67,-228247.67,-228247.67,228247.67,228247.67,-228247.67,2.0187645e-11,2.0035024e-11,0.0,0.0,1.5505304e-11,1.5352681e-11,0.0,0.0,2.1246373e-11,1.9468756e-11,1.4293954e-11,1.6071571e-11,0.0,0.0,0.0,0.0,912990.7,-7.1080655e-11,-7.1080655e-11,-3.0524379e-13,-1.5853976e-12,-5.4250107e-12,0.0,0.0005520625,0.0005520625,0.0,0.0,0.0005520625,0.0005520625,0.0,-0.0,-0.0,-0.00013754459,-0.00013754459,-0.0,-0.0,-0.00013754459,-0.00013754459,-0.0,-0.0,-0.0,-0.0,-0.00013754459,-0.00013754459,-0.00013754459,-0.00013754459,Uniaxial,0.40149998664855957
1.5016653511133122e-31,926.3572387695312,36.63214111328125,0.0,0.0,0.6969013810157776,0.0005548125,-0.00013825293,-0.00013825293,7.2791894e-22,-1.4690728e-21,-2.2631662e-21,0.0004739861,-0.00012208764,-0.00012208764,7.6498283e-22,-1.0927032e-21,-1.4313396e-21,-226609.95,226609.95,226609.95,-226609.95,-226609.95,226609.95,226609.95,-226609.95,-3.328537e-11,-3.3371965e-11,0.0,0.0,-3.7198675e-11,-3.7285272e-11,0.0,0.0,-3.2150307e-11,-3.401457e-11,-3.8420333e-11,-3.655607e-11,0.0,0.0,0.0,0.0,906439.8,1.4114128e-10,1.4114128e-10,-1.7319112e-13,-1.7586888e-12,-3.886934e-12,-0.0,0.0005548125,0.0005548125,-0.0,-0.0,0.0005548125,0.0005548125,-0.0,-0.0,-0.0,-0.00013825293,-0.00013825293,-0.0,-0.0,-0.00013825293,-0.00013825293,-0.0,-0.0,-0.0,-0.0,-0.00013825293,-0.00013825293,-0.00013825293,-0.00013825293,Uniaxial,0.4034999907016754
9.677398890213756e-32,928.8409423828125,36.36740493774414,0.0,0.0,0.699091911315918,0.0005575625,-0.00013896126,-0.00013896126,7.543887e-22,-1.5220123e-21,-2.2631662e-21,0.00047673608,-0.00012279597,-0.00012279597,7.646181e-22,-1.1074836e-21,-1.4599781e-21,-224972.25,224972.25,224972.25,-224972.25,-224972.25,224972.25,224972.25,-224972.25,-6.8292993e-12,-6.8530264e-12,0.0,0.0,-1.0662131e-11,-1.06858584e-11,0.0,0.0,2.8916132e-11,2.6969713e-11,2.362934e-11,2.5575759e-11,0.0,0.0,0.0,0.0,899889.0,3.5030315e-11,-1.0509094e-10,-4.7454137e-14,-1.9229989e-12,-3.7259896e-12,0.0,0.0005575625,0.0005575625,0.0,0.0,0.0005575625,0.0005575625,0.0,-0.0,-0.0,-0.00013896126,-0.00013896126,0.0,0.0,-0.00013896126,-0.00013896126,0.0,0.0,0.0,0.0,-0.00013896126,-0.00013896126,-0.00013896126,-0.00013896126,Uniaxial,0.40549999475479126
9.677398890213756e-32,931.306640625,36.102664947509766,0.0,0.0,0.7012823820114136,0.0005603125,-0.0001396696,-0.0001396696,7.808585e-22,-1.5749519e-21,-2.3161057e-21,0.00047948607,-0.00012350432,-0.00012350432,7.6517726e-22,-1.1235777e-21,-1.4894532e-21,-223334.55,223334.55,223334.55,-223334.55,-223334.55,223334.55,223334.55,-223334.55,-1.5469058e-11,-1.543295e-11,0.0,0.0,-1.9342358e-11,-1.930625e-11,0.0,0.0,2.0090204e-11,1.8065945e-11,1.4685104e-11,1.6709363e-11,0.0,0.0,0.0,0.0,893338.2,6.9550615e-11,-6.9550615e-11,7.2215806e-14,-2.0786816e-12,-3.806925e-12,-0.0,0.0005603125,0.0005603125,-0.0,-0.0,0.0005603125,0.0005603125,-0.0,0.0,0.0,-0.0001396696,-0.0001396696,0.0,0.0,-0.0001396696,-0.0001396696,0.0,0.0,0.0,0.0,-0.0001396696,-0.0001396696,-0.0001396696,-0.0001396696,Uniaxial,0.4074999988079071
9.677398890213756e-32,933.7543334960938,35.83792495727539,0.0,0.0,0.7034728527069092,0.0005630625,-0.00014037793,-0.00014037793,8.073283e-22,-1.6278914e-21,-2.289636e-21,0.0004822361,-0.00012421265,-0.00012421265,7.666284e-22,-1.1409405e-21,-1.5170022e-21,-221696.84,221696.84,221696.84,-221696.84,-221696.84,221696.84,221696.84,-221696.84,-1.543873e-11,-1.5345702e-11,0.0,0.0,-1.91746e-11,-1.9081571e-11,0.0,0.0,-1.4589467e-11,-1.6687424e-11,-1.9930835e-11,-1.7832878e-11,0.0,0.0,0.0,0.0,886787.4,6.904061e-11,6.904061e-11,1.8605773e-13,-2.226077e-12,-3.5320642e-12,-0.0,0.0005630625,0.0005630625,-0.0,-0.0,0.0005630625,0.0005630625,-0.0,-0.0,-0.0,-0.00014037793,-0.00014037793,-0.0,-0.0,-0.00014037793,-0.00014037793,0.0,-0.0,-0.0,0.0,-0.00014037793,-0.00014037793,-0.00014037793,-0.00014037793,Uniaxial,0.40950000286102295
9.677398890213756e-32,936.1839599609375,35.573184967041016,0.0,0.0,0.7056633234024048,0.0005658125,-0.00014108626,-0.00014108626,8.3379806e-22,-1.5749519e-21,-2.2631662e-21,0.00048498609,-0.00012492099,-0.00012492099,7.6894097e-22,-1.1558828e-21,-1.5426914e-21,-220059.14,220059.14,220059.14,-220059.14,-220059.14,220059.14,220059.14,-220059.14,1.029499e-11,1.0442141e-11,0.0,0.0,6.6905075e-12,6.837658e-12,0.0,0.0,1.10901965e-11,9.154475e-12,6.0424517e-12,7.978173e-12,0.0,0.0,0.0,0.0,880236.56,-3.4265295e-11,-3.4265295e-11,2.9430134e-13,-1.9016056e-12,-3.2692909e-12,0.0,0.0005658125,0.0005658125,0.0,0.0,0.0005658125,0.0005658125,0.0,0.0,0.0,-0.00014108626,-0.00014108626,0.0,0.0,-0.00014108626,-0.00014108626,0.0,0.0,0.0,0.0,-0.00014108626,-0.00014108626,-0.00014108626,-0.00014108626,Uniaxial,0.4115000069141388
1.5016653511133122e-31,938.5956420898438,35.30844497680664,0.0,0.0,0.7078538537025452,0.0005685625,-0.0001417946,-0.0001417946,8.3379806e-22,-1.6543612e-21,-2.1837568e-21,0.00048773608,-0.00012562932,-0.00012562932,7.711739e-22,-1.1730446e-21,-1.5647624e-21,-218421.44,218421.44,218421.44,-218421.44,-218421.44,218421.44,218421.44,-218421.44,1.8616525e-11,1.8757553e-11,0.0,0.0,1.5252737e-11,1.5393764e-11,0.0,0.0,1.996768e-11,1.7898856e-11,1.4042609e-11,1.6111433e-11,0.0,0.0,0.0,0.0,873685.75,-6.802058e-11,-6.802058e-11,2.820542e-13,-2.1678115e-12,-2.7879016e-12,0.0,0.0005685625,0.0005685625,0.0,0.0,0.0005685625,0.0005685625,0.0,0.0,0.0,-0.0001417946,-0.0001417946,0.0,0.0,-0.0001417946,-0.0001417946,-0.0,-0.0,-0.0,-0.0,-0.0001417946,-0.0001417946,-0.0001417946,-0.0001417946,Uniaxial,0.41350001096725464
2.002220468151083e-31,940.9892578125,35.043704986572266,0.0,0.0,0.7100443243980408,0.0005713125,-0.00014250293,-0.00014250293,7.2791894e-22,-1.6014217e-21,-2.395515e-21,0.0004904861,-0.00012633765,-0.00012633765,7.696847e-22,-1.187793e-21,-1.5933638e-21,-216783.73,216783.73,216783.73,-216783.73,-216783.73,216783.73,216783.73,-216783.73,5.2314722e-11,5.1728913e-11,0.0,0.0,4.9536937e-11,4.8951128e-11,0.0,0.0,5.4207673e-11,5.2298263e-11,4.705818e-11,4.8967587e-11,0.0,0.0,0.0,0.0,867134.94,-2.025317e-10,-2.025317e-10,-1.8669922e-13,-1.8489823e-12,-3.5857363e-12,-0.0,0.0005713125,0.0005713125,-0.0,-0.0,0.0005713125,0.0005713125,-0.0,0.0,0.0,-0.00014250293,-0.00014250293,0.0,0.0,-0.00014250293,-0.00014250293,0.0,0.0,0.0,0.0,-0.00014250293,-0.00014250293,-0.00014250293,-0.00014250293,Uniaxial,0.4154999852180481
2.16907225219663e-31,943.3648681640625,34.77896499633789,0.0,0.0,0.7122347950935364,0.0005740625,-0.00014321128,-0.00014321128,5.9557004e-22,-1.5749519e-21,-2.6072733e-21,0.00049323606,-0.00012704599,-0.00012704599,7.636902e-22,-1.2011222e-21,-1.6282711e-21,-215146.03,215146.03,215146.03,-215146.03,-215146.03,215146.03,215146.03,-215146.03,1.1124715e-11,1.0751793e-11,0.0,0.0,5.9983464e-12,5.6254237e-12,0.0,0.0,1.1599096e-11,9.784952e-12,5.151043e-12,6.9651867e-12,0.0,0.0,0.0,0.0,860584.1,-3.350028e-11,-3.350028e-11,-7.4584495e-13,-1.6584504e-12,-4.343226e-12,0.0,0.0005740625,0.0005740625,0.0,0.0,0.0005740625,0.0005740625,0.0,-0.0,-0.0,-0.00014321128,-0.00014321128,0.0,0.0,-0.00014321128,-0.00014321128,0.0,0.0,-0.0,-0.0,-0.00014321128,-0.00014321128,-0.00014321128,-0.00014321128,Uniaxial,0.41749998927116394
2.26918322858441e-31,945.7224731445312,34.514225006103516,0.0,0.0,0.714425265789032,0.0005768125,-0.0001439196,-0.0001439196,6.485096e-22,-1.680831e-21,-2.766092e-21,0.0004959861,-0.00012775432,-0.00012775432,7.5972475e-22,-1.2176378e-21,-1.6674445e-21,-213508.31,213508.31,213508.31,-213508.31,-213508.31,213508.31,213508.31,-213508.31,-1.4059849e-11,-1.3812208e-11,0.0,0.0,-1.9433063e-11,-1.9185422e-11,0.0,0.0,-1.3179984e-11,-1.5184532e-11,-2.0065286e-11,-1.8060739e-11,0.0,0.0,0.0,0.0,854033.25,6.649054e-11,6.649054e-11,-4.896368e-13,-2.039259e-12,-4.8369165e-12,-0.0,0.0005768125,0.0005768125,-0.0,-0.0,0.0005768125,0.0005768125,-0.0,-0.0,-0.0,-0.0001439196,-0.0001439196,-0.0,-0.0,-0.0001439196,-0.0001439196,-0.0,-0.0,-0.0,-0.0,-0.0001439196,-0.0001439196,-0.0001439196,-0.0001439196,Uniaxial,0.4194999933242798
1.3681839708966487e-31,948.0620727539062,34.24948501586914,0.0,0.0,0.7166157960891724,0.0005795625,-0.00014462793,-0.00014462793,7.808585e-22,-1.6543612e-21,-2.9513804e-21,0.0004987361,-0.00012846266,-0.00012846266,7.604523e-22,-1.2326735e-21,-1.7116483e-21,-211870.61,211870.61,211870.61,-211870.61,-211870.61,211870.61,211870.61,-211870.61,-2.291848e-11,-2.2381444e-11,0.0,0.0,-2.7103953e-11,-2.6566919e-11,0.0,0.0,-2.1204472e-11,-2.3110534e-11,-2.8280926e-11,-2.6374864e-11,0.0,0.0,0.0,0.0,847482.44,9.89708e-11,9.89708e-11,8.9151295e-14,-1.842286e-12,-5.416191e-12,-0.0,0.0005795625,0.0005795625,-0.0,-0.0,0.0005795625,0.0005795625,-0.0,-0.0,-0.0,-0.00014462793,-0.00014462793,-0.0,-0.0,-0.00014462793,-0.00014462793,-0.0,-0.0,-0.0,-0.0,-0.00014462793,-0.00014462793,-0.00014462793,-0.00014462793,Uniaxial,0.42149999737739563
1.3681839708966487e-31,950.3836059570312,33.984745025634766,0.0,0.0,0.718806266784668,0.0005823125,-0.00014533628,-0.00014533628,9.132074e-22,-1.7337706e-21,-2.9778502e-21,0.00050148607,-0.00012917099,-0.00012917099,7.6571146e-22,-1.2499255e-21,-1.7552417e-21,-210232.9,210232.9,210232.9,-210232.9,-210232.9,210232.9,210232.9,-210232.9,-1.4709999e-11,-1.3897836e-11,0.0,0.0,-1.8837423e-11,-1.802526e-11,0.0,0.0,-1.2794623e-11,-1.4828293e-11,-1.9940636e-11,-1.7906966e-11,0.0,0.0,0.0,0.0,840931.6,6.547052e-11,6.547052e-11,6.394053e-13,-2.0975023e-12,-5.3000937e-12,-0.0,0.0005823125,0.0005823125,-0.0,-0.0,0.0005823125,0.0005823125,-0.0,-0.0,-0.0,-0.00014533628,-0.00014533628,-0.0,-0.0,-0.00014533628,-0.00014533628,-0.0,-0.0,-0.0,-0.0,-0.00014533628,-0.00014533628,-0.00014533628,-0.00014533628,Uniaxial,0.4235000014305115
8.008881637505462e-32,952.6871948242188,33.72000503540039,0.0,0.0,0.7209967374801636,0.0005850625,-0.00014604461,-0.00014604461,1.0190865e-21,-1.680831e-21,-2.766092e-21,0.0005042361,-0.00012987932,-0.00012987932,7.744347e-22,-1.2647609e-21,-1.7900437e-21,-208595.2,208595.2,208595.2,-208595.2,-208595.2,208595.2,208595.2,-208595.2,-3.0955075e-11,-2.9936456e-11,0.0,0.0,-3.502405e-11,-3.400543e-11,0.0,0.0,2.2356687e-12,3.559289e-13,-2.2356687e-12,-3.559289e-13,0.0,0.0,0.0,0.0,834380.8,1.29921e-10,0.0,1.0523207e-12,-1.7896423e-12,-4.1982767e-12,0.0,0.0005850625,0.0005850625,0.0,0.0,0.0005850625,0.0005850625,0.0,-0.0,-0.0,-0.00014604461,-0.00014604461,-0.0,-0.0,-0.00014604461,-0.00014604461,-0.0,-0.0,-0.0,-0.0,-0.00014604461,-0.00014604461,-0.00014604461,-0.00014604461,Uniaxial,0.4255000054836273
8.342585088047121e-32,954.9727172851562,33.455265045166016,0.0,0.0,0.723187267780304,0.0005878125,-0.00014675295,-0.00014675295,1.1249656e-21,-1.6543612e-21,-2.5543337e-21,0.0005069861,-0.00013058766,-0.00013058766,7.8650296e-22,-1.2781742e-21,-1.816357e-21,-206957.5,206957.5,206957.5,-206957.5,-206957.5,206957.5,206957.5,-206957.5,-3.130655e-11,-3.0091894e-11,0.0,0.0,-3.43586e-11,-3.314394e-11,0.0,0.0,2.4198302e-12,6.322168e-13,-2.4198302e-12,-6.322168e-13,0.0,0.0,0.0,0.0,827830.0,1.2890099e-10,0.0,1.4443996e-12,-1.6053893e-12,-3.149338e-12,-0.0,0.0005878125,0.0005878125,-0.0,-0.0,0.0005878125,0.0005878125,-0.0,-0.0,-0.0,-0.00014675295,-0.00014675295,-0.0,-0.0,-0.00014675295,-0.00014675295,0.0,0.0,0.0,0.0,-0.00014675295,-0.00014675295,-0.00014675295,-0.00014675295,Uniaxial,0.42750000953674316
1.9354797780427512e-31,957.240234375,33.190528869628906,0.0,0.0,0.7253777384757996,0.0005905625,-0.00014746128,-0.00014746128,1.204375e-21,-1.6543612e-21,-2.5543337e-21,0.00050973607,-0.000131296,-0.000131296,8.0088966e-22,-1.2911257e-21,-1.8417643e-21,-205319.8,205319.8,205319.8,-205319.8,-205319.8,205319.8,205319.8,-205319.8,9.0583955e-12,1.0897444e-11,0.0,0.0,5.0876755e-12,6.926724e-12,0.0,0.0,1.0854842e-11,9.100998e-12,5.1302777e-12,6.884122e-12,0.0,0.0,0.0,0.0,821279.2,-3.197024e-11,-3.197024e-11,1.70826e-12,-1.5378519e-12,-3.0168478e-12,0.0,0.0005905625,0.0005905625,0.0,0.0,0.0005905625,0.0005905625,0.0,-0.0,-0.0,-0.00014746128,-0.00014746128,0.0,0.0,-0.00014746128,-0.00014746128,-0.0,0.0,0.0,-0.0,-0.00014746128,-0.00014746128,-0.00014746128,-0.00014746128,Uniaxial,0.429500013589859
1.9354797780427512e-31,959.48974609375,32.92578887939453,0.0,0.0,0.7275682091712952,0.0005933125,-0.00014816962,-0.00014816962,1.3102541e-21,-1.7867101e-21,-2.5808035e-21,0.0005124861,-0.00013200434,-0.00013200434,8.1842625e-22,-1.308188e-21,-1.8672082e-21,-203682.1,203682.1,203682.1,-203682.1,-203682.1,203682.1,203682.1,-203682.1,8.900353e-12,1.09181076e-11,0.0,0.0,4.9395097e-12,6.957264e-12,0.0,0.0,1.0904136e-11,8.914323e-12,4.9534803e-12,6.9432936e-12,0.0,0.0,0.0,0.0,814728.4,-3.1715235e-11,-3.1715235e-11,2.065672e-12,-2.0097884e-12,-2.997093e-12,-0.0,0.0005933125,0.0005933125,-0.0,-0.0,0.0005933125,0.0005933125,-0.0,0.0,0.0,-0.00014816962,-0.00014816962,0.0,0.0,-0.00014816962,-0.00014816962,0.0,0.0,0.0,0.0,-0.00014816962,-0.00014816962,-0.00014816962,-0.00014816962,Uniaxial,0.43149998784065247
8.676288538588779e-32,961.7212524414062,32.661048889160156,0.0,0.0,0.7297586798667908,0.0005960625,-0.00014887795,-0.00014887795,1.3896634e-21,-1.7867101e-21,-2.8455013e-21,0.00051523605,-0.00013271267,-0.00013271267,8.3809305e-22,-1.3246627e-21,-1.9008893e-21,-202044.39,202044.39,202044.39,-202044.39,-202044.39,202044.39,202044.39,-202044.39,3.998089e-11,4.211479e-11,0.0,0.0,3.653578e-11,3.8669682e-11,0.0,0.0,1.0561318e-11,8.613904e-12,5.1687955e-12,7.11621e-12,0.0,0.0,0.0,0.0,808177.56,-1.5730114e-10,-3.1460227e-11,2.2979637e-12,-1.9249912e-12,-3.9354613e-12,0.0,0.0005960625,0.0005960625,0.0,0.0,0.0005960625,0.0005960625,0.0,0.0,0.0,-0.00014887795,-0.00014887795,0.0,0.0,-0.00014887795,-0.00014887795,0.0,0.0,0.0,0.0,-0.00014887795,-0.00014887795,-0.00014887795,-0.00014887795,Uniaxial,0.4334999918937683
1.9354797780427512e-31,963.9347534179688,32.39630889892578,0.0,0.0,0.7319492101669312,0.0005988125,-0.00014958628,-0.00014958628,1.442603e-21,-1.8925892e-21,-2.9778502e-21,0.0005179861,-0.00013342101,-0.00013342101,8.589054e-22,-1.3442154e-21,-1.9379674e-21,-200406.67,200406.67,200406.67,-200406.67,-200406.67,200406.67,200406.67,-200406.67,1.681259e-11,1.900356e-11,0.0,0.0,1.22016616e-11,1.4392631e-11,0.0,0.0,1.8967066e-11,1.6849085e-11,1.2238156e-11,1.4356138e-11,0.0,0.0,0.0,0.0,801626.7,-6.2410445e-11,-6.2410445e-11,2.4121013e-12,-2.2661272e-12,-4.297264e-12,-0.0,0.0005988125,0.0005988125,-0.0,-0.0,0.0005988125,0.0005988125,-0.0,0.0,0.0,-0.00014958628,-0.00014958628,0.0,0.0,-0.00014958628,-0.00014958628,0.0,0.0,0.0,0.0,-0.00014958628,-0.00014958628,-0.00014958628,-0.00014958628,Uniaxial,0.43549999594688416
8.676288538588779e-32,966.1301879882812,32.131568908691406,0.0,0.0,0.7341396808624268,0.0006015625,-0.00015029463,-0.00015029463,1.4690728e-21,-2.0778777e-21,-3.0307898e-21,0.0005207361,-0.00013412934,-0.00013412934,8.799125e-22,-1.3694743e-21,-1.9755914e-21,-198768.97,198768.97,198768.97,-198768.97,-198768.97,198768.97,198768.97,-198768.97,7.2376474e-13,2.9160732e-12,0.0,0.0,-2.9160732e-12,-7.2376474e-13,0.0,0.0,3.038258e-12,6.0157993e-13,-3.038258e-12,-6.0157993e-13,0.0,0.0,0.0,0.0,795075.9,0.0,0.0,2.4147797e-12,-2.9035188e-12,-4.3249198e-12,0.0,0.0006015625,0.0006015625,0.0,0.0,0.0006015625,0.0006015625,0.0,0.0,0.0,-0.00015029463,-0.00015029463,0.0,0.0,-0.00015029463,-0.00015029463,0.0,0.0,0.0,0.0,-0.00015029463,-0.00015029463,-0.00015029463,-0.00015029463,Uniaxial,0.4375
8.676288538588779e-32,968.3076171875,31.86682891845703,0.0,0.0,0.7363301515579224,0.0006043125,-0.00015100295,-0.00015100295,1.4690728e-21,-2.1043475e-21,-3.1631387e-21,0.00052348606,-0.00013483767,-0.00013483767,9.001963e-22,-1.3947748e-21,-2.016477e-21,-197131.27,197131.27,197131.27,-197131.27,-197131.27,197131.27,197131.27,-197131.27,8.507193e-12,1.0648328e-11,0.0,0.0,4.699277e-12,6.8404115e-12,0.0,0.0,1.0791307e-11,8.364214e-12,4.5562976e-12,6.9833904e-12,0.0,0.0,0.0,0.0,788525.06,-3.069521e-11,-3.069521e-11,2.3124317e-12,-2.884349e-12,-4.661077e-12,-0.0,0.0006043125,0.0006043125,-0.0,-0.0,0.0006043125,0.0006043125,-0.0,-0.0,-0.0,-0.00015100295,-0.00015100295,0.0,0.0,-0.00015100295,-0.00015100295,-0.0,-0.0,-0.0,-0.0,-0.00015100295,-0.00015100295,-0.00015100295,-0.00015100295,Uniaxial,0.43950000405311584
1.9354797780427512e-31,970.4671020507812,31.602088928222656,0.0,0.0,0.738520622253418,0.0006070625,-0.0001517113,-0.0001517113,1.3631936e-21,-2.0778777e-21,-3.1896084e-21,0.0005262361,-0.00013554601,-0.00013554601,9.161366e-22,-1.4182929e-21,-2.056866e-21,-195493.56,195493.56,195493.56,-195493.56,-195493.56,195493.56,195493.56,-195493.56,1.4297125e-12,3.315706e-12,0.0,0.0,-3.315706e-12,-1.4297125e-12,0.0,0.0,3.529888e-12,1.2155303e-12,-3.529888e-12,-1.2155303e-12,0.0,0.0,0.0,0.0,781974.25,0.0,0.0,1.8021497e-12,-2.6588783e-12,-4.5662437e-12,0.0,0.0006070625,0.0006070625,0.0,0.0,0.0006070625,0.0006070625,0.0,-0.0,-0.0,-0.0001517113,-0.0001517113,-0.0,-0.0,-0.0001517113,-0.0001517113,0.0,0.0,0.0,0.0,-0.0001517113,-0.0001517113,-0.0001517113,-0.0001517113,Uniaxial,0.4415000081062317
1.9354797780427512e-31,972.6085205078125,31.33734893798828,0.0,0.0,0.7407111525535583,0.0006098125,-0.00015241963,-0.00015241963,1.3896634e-21,-2.0249381e-21,-3.1101991e-21,0.0005289861,-0.00013625434,-0.00013625434,9.324393e-22,-1.4391789e-21,-2.0931305e-21,-193855.86,193855.86,193855.86,-193855.86,-193855.86,193855.86,193855.86,-193855.86,1.2981654e-12,3.196931e-12,0.0,0.0,-3.196931e-12,-1.2981654e-12,0.0,0.0,3.3253816e-12,1.1697146e-12,-3.3253816e-12,-1.1697146e-12,0.0,0.0,0.0,0.0,775423.44,0.0,0.0,1.8276938e-12,-2.3414968e-12,-4.0655994e-12,-0.0,0.0006098125,0.0006098125,-0.0,-0.0,0.0006098125,0.0006098125,-0.0,0.0,0.0,-0.00015241963,-0.00015241963,0.0,0.0,-0.00015241963,-0.00015241963,0.0,0.0,0.0,0.0,-0.00015241963,-0.00015241963,-0.00015241963,-0.00015241963,Uniaxial,0.44350001215934753
8.676288538588779e-32,974.73193359375,31.07261085510254,0.0,0.0,0.742901623249054,0.0006125625,-0.00015312797,-0.00015312797,1.4161332e-21,-1.7602403e-21,-3.242548e-21,0.00053173606,-0.00013696268,-0.00013696268,9.490921e-22,-1.4502324e-21,-2.132703e-21,-192218.16,192218.16,192218.16,-192218.16,-192218.16,192218.16,192218.16,-192218.16,8.365732e-12,1.0276232e-11,0.0,0.0,4.688863e-12,6.599364e-12,0.0,0.0,1.0120628e-11,8.5213355e-12,4.8444673e-12,6.4437596e-12,0.0,0.0,0.0,0.0,768872.6,-2.993019e-11,-2.993019e-11,1.851164e-12,-1.2287474e-12,-4.398981e-12,0.0,0.0006125625,0.0006125625,0.0,0.0,0.0006125625,0.0006125625,0.0,-0.0,-0.0,-0.00015312797,-0.00015312797,0.0,0.0,-0.00015312797,-0.00015312797,-0.0,-0.0,0.0,0.0,-0.00015312797,-0.00015312797,-0.00015312797,-0.00015312797,Uniaxial,0.445499986410141
1.9354797780427512e-31,976.8372802734375,30.807870864868164,0.0,0.0,0.7450920939445496,0.0006153125,-0.0001538363,-0.0001538363,1.4690728e-21,-1.7602403e-21,-3.374897e-21,0.0005344861,-0.00013767101,-0.00013767101,9.669942e-22,-1.4609056e-21,-2.1754699e-21,-190580.45,190580.45,190580.45,-190580.45,-190580.45,190580.45,190580.45,-190580.45,-1.3413788e-11,-1.1442328e-11,0.0,0.0,-1.8232856e-11,-1.6261397e-11,0.0,0.0,1.803367e-11,1.6460583e-11,1.1641515e-11,1.32146e-11,0.0,0.0,0.0,0.0,762321.8,5.9350365e-11,-5.9350365e-11,1.9730832e-12,-1.176335e-12,-4.7135442e-12,-0.0,0.0006153125,0.0006153125,-0.0,-0.0,0.0006153125,0.0006153125,-0.0,-0.0,-0.0,-0.0001538363,-0.0001538363,-0.0,-0.0,-0.0001538363,-0.0001538363,-0.0,0.0,0.0,-0.0,-0.0001538363,-0.0001538363,-0.0001538363,-0.0001538363,Uniaxial,0.44749999046325684
8.676288538588779e-32,978.9246826171875,30.54313087463379,0.0,0.0,0.7472826242446899,0.0006180625,-0.00015454463,-0.00015454463,1.5220123e-21,-1.7867101e-21,-3.2690178e-21,0.0005372361,-0.00013837936,-0.00013837936,9.861027e-22,-1.4721225e-21,-2.2131191e-21,-188942.75,188942.75,188942.75,-188942.75,-188942.75,188942.75,188942.75,-188942.75,1.5462796e-11,1.7491682e-11,0.0,0.0,1.19284955e-11,1.3957382e-11,0.0,0.0,1.7276111e-11,1.5678367e-11,1.2144066e-11,1.37418115e-11,0.0,0.0,0.0,0.0,755771.0,-5.8840356e-11,-5.8840356e-11,2.0879362e-12,-1.2256524e-12,-4.113845e-12,0.0,0.0006180625,0.0006180625,0.0,0.0,0.0006180625,0.0006180625,0.0,0.0,0.0,-0.00015454463,-0.00015454463,0.0,0.0,-0.00015454463,-0.00015454463,0.0,0.0,0.0,0.0,-0.00015454463,-0.00015454463,-0.00015454463,-0.00015454463,Uniaxial,0.4494999945163727
8.676288538588779e-32,980.9940185546875,30.278390884399414,0.0,0.0,0.7494730949401855,0.0006208125,-0.00015525297,-0.00015525297,1.5749519e-21,-1.8396497e-21,-3.4278365e-21,0.00053998607,-0.00013908769,-0.00013908769,1.0063758e-21,-1.4847759e-21,-2.2549398e-21,-187305.05,187305.05,187305.05,-187305.05,-187305.05,187305.05,187305.05,-187305.05,-2.8335426e-11,-2.6252505e-11,0.0,0.0,-3.2077837e-11,-2.9994916e-11,0.0,0.0,-2.645885e-11,-2.8129082e-11,-3.187149e-11,-3.020126e-11,0.0,0.0,0.0,0.0,749220.2,1.1666068e-10,1.1666068e-10,2.1960057e-12,-1.3706257e-12,-4.530067e-12,-0.0,0.0006208125,0.0006208125,-0.0,-0.0,0.0006208125,0.0006208125,-0.0,-0.0,-0.0,-0.00015525297,-0.00015525297,0.0,0.0,-0.00015525297,-0.00015525297,-0.0,-0.0,0.0,0.0,-0.00015525297,-0.00015525297,-0.00015525297,-0.00015525297,Uniaxial,0.4514999985694885
1.9354797780427512e-31,983.04541015625,30.01365089416504,0.0,0.0,0.7516635656356812,0.0006235625,-0.0001559613,-0.0001559613,1.4955425e-21,-2.0249381e-21,-3.4278365e-21,0.0005427361,-0.00013979601,-0.00013979601,1.0232171e-21,-1.5033728e-21,-2.2953208e-21,-185667.33,185667.33,185667.33,-185667.33,-185667.33,185667.33,185667.33,-185667.33,8.598118e-12,1.0487191e-11,0.0,0.0,3.967892e-12,5.8569647e-12,0.0,0.0,-2.5603387e-11,-2.7586718e-11,-3.2216944e-11,-3.0233614e-11,0.0,0.0,0.0,0.0,742669.3,-2.8910166e-11,1.15640664e-10,1.8083077e-12,-1.9968235e-12,-4.335859e-12,0.0,0.0006235625,0.0006235625,0.0,0.0,0.0006235625,0.0006235625,0.0,-0.0,-0.0,-0.0001559613,-0.0001559613,-0.0,-0.0,-0.0001559613,-0.0001559613,-0.0,-0.0,-0.0,-0.0,-0.0001559613,-0.0001559613,-0.0001559613,-0.0001559613,Uniaxial,0.45350000262260437
1.9354797780427512e-31,985.0787353515625,29.748910903930664,0.0,0.0,0.7538540363311768,0.0006263125,-0.00015666964,-0.00015666964,1.5220123e-21,-1.9719986e-21,-3.2954876e-21,0.0005454861,-0.00014050436,-0.00014050436,1.0403897e-21,-1.5195069e-21,-2.329755e-21,-184029.62,184029.62,184029.62,-184029.62,-184029.62,184029.62,184029.62,-184029.62,-4.178478e-11,-3.9886042e-11,0.0,0.0,-4.6079435e-11,-4.4180697e-11,0.0,0.0,-3.991368e-11,-4.1757146e-11,-4.6051798e-11,-4.420833e-11,0.0,0.0,0.0,0.0,736118.5,1.7193096e-10,1.7193096e-10,1.8276372e-12,-1.7170932e-12,-3.664714e-12,-0.0,0.0006263125,0.0006263125,-0.0,-0.0,0.0006263125,0.0006263125,-0.0,0.0,0.0,-0.00015666964,-0.00015666964,0.0,0.0,-0.00015666964,-0.00015666964,-0.0,-0.0,-0.0,-0.0,-0.00015666964,-0.00015666964,-0.00015666964,-0.00015666964,Uniaxial,0.4555000066757202
8.676288538588779e-32,987.0940551757812,29.484172821044922,0.0,0.0,0.7560445666313171,0.0006290625,-0.00015737797,-0.00015737797,1.5484821e-21,-2.0249381e-21,-3.3219573e-21,0.0005482361,-0.00014121269,-0.00014121269,1.0578825e-21,-1.536908e-21,-2.363915e-21,-182391.92,182391.92,182391.92,-182391.92,-182391.92,182391.92,182391.92,-182391.92,1.4885817e-11,1.6793303e-11,0.0,0.0,1.160685e-11,1.3514336e-11,0.0,0.0,-1.8709303e-11,-2.0611958e-11,-2.3890926e-11,-2.198827e-11,0.0,0.0,0.0,0.0,729567.7,-5.6800308e-11,8.520046e-11,1.845135e-12,-1.8354717e-12,-3.6031785e-12,0.0,0.0006290625,0.0006290625,0.0,0.0,0.0006290625,0.0006290625,0.0,-0.0,-0.0,-0.00015737797,-0.00015737797,-0.0,-0.0,-0.00015737797,-0.00015737797,-0.0,-0.0,-0.0,-0.0,-0.00015737797,-0.00015737797,-0.00015737797,-0.00015737797,Uniaxial,0.45750001072883606
1.9354797780427512e-31,989.0913696289062,29.219432830810547,0.0,0.0,0.7582350373268127,0.0006318125,-0.0001580863,-0.0001580863,1.5749519e-21,-1.9719986e-21,-3.3219573e-21,0.0005509861,-0.00014192103,-0.00014192103,1.0756845e-21,-1.5518875e-21,-2.3968988e-21,-180754.22,180754.22,180754.22,-180754.22,-180754.22,180754.22,180754.22,-180754.22,-5.9008445e-12,-3.9854886e-12,0.0,0.0,-1.0087085e-11,-8.171729e-12,0.0,0.0,-4.059247e-12,-5.8270866e-12,-1.0013327e-11,-8.245487e-12,0.0,0.0,0.0,0.0,723016.9,2.8145148e-11,2.8145148e-11,1.8608745e-12,-1.5658423e-12,-3.4478876e-12,-0.0,0.0006318125,0.0006318125,-0.0,-0.0,0.0006318125,0.0006318125,-0.0,-0.0,-0.0,-0.0001580863,-0.0001580863,0.0,0.0,-0.0001580863,-0.0001580863,-0.0,-0.0,-0.0,-0.0,-0.0001580863,-0.0001580863,-0.0001580863,-0.0001580863,Uniaxial,0.4595000147819519
8.676288538588779e-32,991.0706176757812,28.954692840576172,0.0,0.0,0.7604255080223083,0.0006345625,-0.00015879465,-0.00015879465,1.6014217e-21,-2.157287e-21,-3.2160782e-21,0.00055373606,-0.00014262936,-0.00014262936,1.0937847e-21,-1.5727305e-21,-2.425102e-21,-179116.52,179116.52,179116.52,-179116.52,-179116.52,179116.52,179116.52,-179116.52,-6.4646812e-12,-4.5422993e-12,0.0,0.0,-9.402771e-12,-7.48039e-12,0.0,0.0,-4.471275e-12,-6.5357056e-12,-9.473796e-12,-7.409365e-12,0.0,0.0,0.0,0.0,716466.06,2.789014e-11,2.789014e-11,1.8749264e-12,-2.1590247e-12,-2.921424e-12,0.0,0.0006345625,0.0006345625,0.0,0.0,0.0006345625,0.0006345625,0.0,-0.0,-0.0,-0.00015879465,-0.00015879465,-0.0,-0.0,-0.00015879465,-0.00015879465,0.0,0.0,0.0,0.0,-0.00015879465,-0.00015879465,-0.00015879465,-0.00015879465,Uniaxial,0.46149998903274536
8.676288538588779e-32,993.0319213867188,28.689952850341797,0.0,0.0,0.762615978717804,0.0006373125,-0.00015950298,-0.00015950298,1.6278914e-21,-2.2102266e-21,-3.3219573e-21,0.0005564861,-0.0001433377,-0.0001433377,1.1121732e-21,-1.5946784e-21,-2.4559792e-21,-177478.81,177478.81,177478.81,-177478.81,-177478.81,177478.81,177478.81,-177478.81,8.347209e-11,8.540069e-11,0.0,0.0,8.0410116e-11,8.233871e-11,0.0,0.0,8.549202e-11,8.3380754e-11,8.031878e-11,8.243005e-11,0.0,0.0,0.0,0.0,709915.25,-3.3162162e-10,-3.3162162e-10,1.8873585e-12,-2.2527032e-12,-3.1691945e-12,-0.0,0.0006373125,0.0006373125,-0.0,-0.0,0.0006373125,0.0006373125,-0.0,0.0,0.0,-0.00015950298,-0.00015950298,0.0,0.0,-0.00015950298,-0.00015950298,0.0,0.0,0.0,0.0,-0.00015950298,-0.00015950298,-0.00015950298,-0.00015950298,Uniaxial,0.4634999930858612
1.9354797780427512e-31,994.9751586914062,28.425212860107422,0.0,0.0,0.7648065090179443,0.0006400625,-0.00016021132,-0.00016021132,1.6543612e-21,-2.3690453e-21,-3.4543062e-21,0.0005592361,-0.00014404603,-0.00014404603,1.1308398e-21,-1.6213386e-21,-2.49035e-21,-175841.11,175841.11,175841.11,-175841.11,-175841.11,175841.11,175841.11,-175841.11,2.1673028e-11,2.3607064e-11,0.0,0.0,1.7463128e-11,1.9397164e-11,0.0,0.0,2.3810284e-11,2.146981e-11,1.7259909e-11,1.9600382e-11,0.0,0.0,0.0,0.0,703364.44,-8.2140385e-11,-8.2140385e-11,1.8982361e-12,-2.7111095e-12,-3.4952091e-12,0.0,0.0006400625,0.0006400625,0.0,0.0,0.0006400625,0.0006400625,0.0,0.0,0.0,-0.00016021132,-0.00016021132,0.0,0.0,-0.00016021132,-0.00016021132,0.0,0.0,0.0,0.0,-0.00016021132,-0.00016021132,-0.00016021132,-0.00016021132,Uniaxial,0.46549999713897705
1.9354797780427512e-31,996.900390625,28.160472869873047,0.0,0.0,0.7669969797134399,0.0006428125,-0.00016091965,-0.00016091965,1.680831e-21,-2.395515e-21,-3.5072458e-21,0.00056198606,-0.00014475436,-0.00014475436,1.1497752e-21,-1.6479923e-21,-2.52536e-21,-174203.4,174203.4,174203.4,-174203.4,-174203.4,174203.4,174203.4,-174203.4,1.1435489e-12,3.0822784e-12,0.0,0.0,-3.0822784e-12,-1.1435489e-12,0.0,0.0,3.2766726e-12,9.491545e-13,-3.2766726e-12,-9.491545e-13,0.0,0.0,0.0,0.0,696813.6,0.0,0.0,1.9076216e-12,-2.6851989e-12,-3.5270612e-12,-0.0,0.0006428125,0.0006428125,-0.0,-0.0,0.0006428125,0.0006428125,-0.0,-0.0,-0.0,-0.00016091965,-0.00016091965,-0.0,-0.0,-0.00016091965,-0.00016091965,-0.0,-0.0,-0.0,-0.0,-0.00016091965,-0.00016091965,-0.00016091965,-0.00016091965,Uniaxial,0.4675000011920929
8.676288538588779e-32,998.8076171875,27.895734786987305,0.0,0.0,0.7691874504089355,0.0006455625,-0.00016162799,-0.00016162799,1.7073008e-21,-2.289636e-21,-3.6925343e-21,0.0005647361,-0.0001454627,-0.0001454627,1.1689699e-21,-1.6700831e-21,-2.565544e-21,-172565.69,172565.69,172565.69,-172565.69,-172565.69,172565.69,172565.69,-172565.69,7.6989516e-13,2.7126012e-12,0.0,0.0,-2.7126012e-12,-7.6989516e-13,0.0,0.0,2.7848555e-12,6.976409e-13,-2.7848555e-12,-6.976409e-13,0.0,0.0,0.0,0.0,690262.75,0.0,0.0,1.9155751e-12,-2.2045922e-12,-4.010237e-12,0.0,0.0006455625,0.0006455625,0.0,0.0,0.0006455625,0.0006455625,0.0,-0.0,-0.0,-0.00016162799,-0.00016162799,-0.0,-0.0,-0.00016162799,-0.00016162799,-0.0,-0.0,-0.0,-0.0,-0.00016162799,-0.00016162799,-0.00016162799,-0.00016162799,Uniaxial,0.46950000524520874
1.9354797780427512e-31,1000.6968383789062,27.63099479675293,0.0,0.0,0.7713779211044312,0.0006483125,-0.00016233632,-0.00016233632,1.7337706e-21,-2.289636e-21,-3.9307623e-21,0.0005674861,-0.00014617103,-0.00014617103,1.1884151e-21,-1.6914133e-21,-2.6125464e-21,-170927.98,170927.98,170927.98,-170927.98,-170927.98,170927.98,170927.98,-170927.98,-2.5195417e-11,-2.3249421e-11,0.0,0.0,-2.99808e-11,-2.8034802e-11,0.0,0.0,-2.3202837e-11,-2.5242001e-11,-3.0027383e-11,-2.798822e-11,0.0,0.0,0.0,0.0,683711.94,1.0646044e-10,1.0646044e-10,1.9221545e-12,-2.1084896e-12,-4.6461706e-12,-0.0,0.0006483125,0.0006483125,-0.0,-0.0,0.0006483125,0.0006483125,-0.0,-0.0,-0.0,-0.00016233632,-0.00016233632,-0.0,-0.0,-0.00016233632,-0.00016233632,-0.0,-0.0,-0.0,-0.0,-0.00016233632,-0.00016233632,-0.00016233632,-0.00016233632,Uniaxial,0.4715000092983246
8.676288538588779e-32,1002.5680541992188,27.366254806518555,0.0,0.0,0.7735684514045715,0.0006510625,-0.00016304465,-0.00016304465,1.7602403e-21,-2.289636e-21,-3.957232e-21,0.00057023606,-0.00014687938,-0.00014687938,1.2081021e-21,-1.7120092e-21,-2.6588416e-21,-169290.28,169290.28,169290.28,-169290.28,-169290.28,169290.28,169290.28,-169290.28,-3.2052642e-11,-3.0104017e-11,0.0,0.0,-3.5796244e-11,-3.3847616e-11,0.0,0.0,-3.008177e-11,-3.2074884e-11,-3.5818487e-11,-3.3825373e-11,0.0,0.0,0.0,0.0,677161.1,1.3180051e-10,1.3180051e-10,1.927415e-12,-2.0163912e-12,-4.532447e-12,0.0,0.0006510625,0.0006510625,0.0,0.0,0.0006510625,0.0006510625,0.0,-0.0,-0.0,-0.00016304465,-0.00016304465,-0.0,-0.0,-0.00016304465,-0.00016304465,-0.0,-0.0,-0.0,-0.0,-0.00016304465,-0.00016304465,-0.00016304465,-0.00016304465,Uniaxial,0.47350001335144043
8.676288538588779e-32,1004.4212646484375,27.10151481628418,0.0,0.0,0.7757589221000671,0.0006538125,-0.000163753,-0.000163753,1.7867101e-21,-2.289636e-21,-4.19546e-21,0.0005729861,-0.0001475877,-0.0001475877,1.2280227e-21,-1.7318959e-21,-2.711745e-21,-167652.58,167652.58,167652.58,-167652.58,-167652.58,167652.58,167652.58,-167652.58,-2.50594e-11,-2.3108777e-11,0.0,0.0,-2.9101417e-11,-2.7150794e-11,0.0,0.0,-2.3109596e-11,-2.5058582e-11,-2.9100599e-11,-2.7151613e-11,0.0,0.0,0.0,0.0,670610.3,1.0442039e-10,1.0442039e-10,1.9314103e-12,-1.9281352e-12,-5.129277e-12,-0.0,0.0006538125,0.0006538125,-0.0,-0.0,0.0006538125,0.0006538125,-0.0,-0.0,-0.0,-0.000163753,-0.000163753,-0.0,-0.0,-0.000163753,-0.000163753,-0.0,-0.0,-0.0,-0.0,-0.000163753,-0.000163753,-0.000163753,-0.000163753,Uniaxial,0.4754999876022339
1.9354797780427512e-31,1006.2564086914062,26.836774826049805,0.0,0.0,0.7779493927955627,0.0006565625,-0.00016446132,-0.00016446132,1.81318e-21,-2.3161057e-21,-4.1160507e-21,0.0005757361,-0.00014829604,-0.00014829604,1.2481687e-21,-1.7520093e-21,-2.760093e-21,-166014.88,166014.88,166014.88,-166014.88,-166014.88,166014.88,166014.88,-166014.88,-1.1509449e-11,-9.557435e-12,0.0,0.0,-1.6292656e-11,-1.4340642e-11,0.0,0.0,-9.558217e-12,-1.15086655e-11,-1.6291874e-11,-1.4341426e-11,0.0,0.0,0.0,0.0,664059.5,5.1700182e-11,5.1700182e-11,1.9341915e-12,-1.93106e-12,-4.641823e-12,0.0,0.0006565625,0.0006565625,0.0,0.0,0.0006565625,0.0006565625,0.0,-0.0,-0.0,-0.00016446132,-0.00016446132,-0.0,-0.0,-0.00016446132,-0.00016446132,-0.0,-0.0,-0.0,-0.0,-0.00016446132,-0.00016446132,-0.00016446132,-0.00016446132,Uniaxial,0.47749999165534973
1.9354797780427512e-31,1008.0735473632812,26.57203483581543,0.0,0.0,0.7801399230957031,0.0006593125,-0.00016516967,-0.00016516967,1.8396497e-21,-2.3425755e-21,-4.0366414e-21,0.00057848607,-0.00014900438,-0.00014900438,1.2685325e-21,-1.7723415e-21,-2.8040425e-21,-164377.17,164377.17,164377.17,-164377.17,-164377.17,164377.17,164377.17,-164377.17,4.609061e-11,4.8043434e-11,0.0,0.0,4.1539362e-11,4.3492186e-11,0.0,0.0,4.8042684e-11,4.609136e-11,4.154011e-11,4.3491436e-11,0.0,0.0,0.0,0.0,657508.7,-1.791656e-10,-1.791656e-10,1.9358074e-12,-1.9328135e-12,-4.177906e-12,-0.0,0.0006593125,0.0006593125,-0.0,-0.0,0.0006593125,0.0006593125,-0.0,0.0,0.0,-0.00016516967,-0.00016516967,0.0,0.0,-0.00016516967,-0.00016516967,0.0,0.0,0.0,0.0,-0.00016516967,-0.00016516967,-0.00016516967,-0.00016516967,Uniaxial,0.4794999957084656
8.676288538588779e-32,1009.8727416992188,26.307296752929688,0.0,0.0,0.7823303937911987,0.0006620625,-0.000165878,-0.000165878,1.8661195e-21,-2.3690453e-21,-4.0101716e-21,0.0005812361,-0.00014971271,-0.00014971271,1.2891065e-21,-1.792885e-21,-2.8455677e-21,-162739.47,162739.47,162739.47,-162739.47,-162739.47,162739.47,162739.47,-162739.47,1.340922e-11,1.5362291e-11,0.0,0.0,9.977788e-12,1.1930859e-11,0.0,0.0,1.5361575e-11,1.3409935e-11,9.978503e-12,1.19301435e-11,0.0,0.0,0.0,0.0,650957.9,-5.0680158e-11,-5.0680158e-11,1.9363057e-12,-1.9334436e-12,-3.9081078e-12,0.0,0.0006620625,0.0006620625,0.0,0.0,0.0006620625,0.0006620625,0.0,0.0,0.0,-0.000165878,-0.000165878,0.0,0.0,-0.000165878,-0.000165878,0.0,0.0,0.0,0.0,-0.000165878,-0.000165878,-0.000165878,-0.000165878,Uniaxial,0.4814999997615814
8.676288538588779e-32,1011.6538696289062,26.042556762695312,0.0,0.0,0.7845208644866943,0.0006648125,-0.00016658634,-0.00016658634,1.8925892e-21,-2.395515e-21,-4.19546e-21,0.00058398605,-0.00015042105,-0.00015042105,1.3098834e-21,-1.8136327e-21,-2.8920423e-21,-161101.77,161101.77,161101.77,-161101.77,-161101.77,161101.77,161101.77,-161101.77,3.2201117e-11,3.41539e-11,0.0,0.0,2.855878e-11,3.0511565e-11,0.0,0.0,3.4153215e-11,3.22018e-11,2.8559464e-11,3.0510882e-11,0.0,0.0,0.0,0.0,644407.06,-1.2542536e-10,-1.2542536e-10,1.9357313e-12,-1.9329956e-12,-4.3299145e-12,-0.0,0.0006648125,0.0006648125,-0.0,-0.0,0.0006648125,0.0006648125,-0.0,0.0,0.0,-0.00016658634,-0.00016658634,0.0,0.0,-0.00016658634,-0.00016658634,0.0,0.0,0.0,0.0,-0.00016658634,-0.00016658634,-0.00016658634,-0.00016658634,Uniaxial,0.48350000381469727
8.676288538588779e-32,1013.4169311523438,25.777816772460938,0.0,0.0,0.7867113351821899,0.0006675625,-0.00016729467,-0.00016729467,1.919059e-21,-2.3161057e-21,-4.063111e-21,0.0005867361,-0.00015112938,-0.00015112938,1.3308564e-21,-1.8309322e-21,-2.9323603e-21,-159464.05,159464.05,159464.05,-159464.05,-159464.05,159464.05,159464.05,-159464.05,-1.17228015e-11,-9.770819e-12,0.0,0.0,-1.5059247e-11,-1.3107264e-11,0.0,0.0,-9.855514e-12,-1.1638106e-11,-1.4974553e-11,-1.319196e-11,0.0,0.0,0.0,0.0,637856.2,4.9660134e-11,4.9660134e-11,1.934128e-12,-1.5953479e-12,-3.7181347e-12,-0.0,0.0006675625,0.0006675625,-0.0,-0.0,0.0006675625,0.0006675625,-0.0,-0.0,-0.0,-0.00016729467,-0.00016729467,-0.0,-0.0,-0.00016729467,-0.00016729467,-0.0,-0.0,-0.0,-0.0,-0.00016729467,-0.00016729467,-0.00016729467,-0.00016729467,Uniaxial,0.4855000078678131
8.676288538588779e-32,1015.1620483398438,25.513076782226562,0.0,0.0,0.7889018654823303,0.0006703125,-0.000168003,-0.000168003,1.9455288e-21,-2.3690453e-21,-3.9307623e-21,0.0005894861,-0.00015183772,-0.00015183772,1.3520185e-21,-1.8494585e-21,-2.9667338e-21,-157826.34,157826.34,157826.34,-157826.34,-157826.34,157826.34,157826.34,-157826.34,-1.788361e-11,-1.5932922e-11,0.0,0.0,-2.0929668e-11,-1.8978982e-11,0.0,0.0,-1.5993066e-11,-1.7823465e-11,-2.0869523e-11,-1.9039126e-11,0.0,0.0,0.0,0.0,631305.4,7.372518e-11,7.372518e-11,1.9315376e-12,-1.6909589e-12,-3.1373632e-12,-0.0,0.0006703125,0.0006703125,-0.0,-0.0,0.0006703125,0.0006703125,-0.0,-0.0,-0.0,-0.000168003,-0.000168003,-0.0,-0.0,-0.000168003,-0.000168003,-0.0,-0.0,-0.0,-0.0,-0.000168003,-0.000168003,-0.000168003,-0.000168003,Uniaxial,0.48750001192092896
1.9354797780427512e-31,1016.88916015625,25.248336791992188,0.0,0.0,0.7910923361778259,0.0006730625,-0.00016871134,-0.00016871134,1.9719986e-21,-2.3161057e-21,-3.9042925e-21,0.00059223606,-0.00015254605,-0.00015254605,1.3733635e-21,-1.8655243e-21,-2.9990124e-21,-156188.64,156188.64,156188.64,-156188.64,-156188.64,156188.64,156188.64,-156188.64,4.9625696e-11,5.1574616e-11,0.0,0.0,4.57056e-11,4.765452e-11,0.0,0.0,5.1455406e-11,4.9744903e-11,4.582481e-11,4.7535312e-11,0.0,0.0,0.0,0.0,624754.56,-1.9456042e-10,-1.9456042e-10,1.928e-12,-1.4511693e-12,-2.9155992e-12,0.0,0.0006730625,0.0006730625,0.0,0.0,0.0006730625,0.0006730625,0.0,0.0,0.0,-0.00016871134,-0.00016871134,0.0,0.0,-0.00016871134,-0.00016871134,0.0,0.0,0.0,0.0,-0.00016871134,-0.00016871134,-0.00016871134,-0.00016871134,Uniaxial,0.4894999861717224
1.9354797780427512e-31,1018.5982055664062,24.983596801757812,0.0,0.0,0.7932828068733215,0.0006758125,-0.00016941967,-0.00016941967,1.9984684e-21,-2.395515e-21,-3.824883e-21,0.0005949861,-0.00015325438,-0.00015325438,1.3948848e-21,-1.8837712e-21,-3.027446e-21,-154550.94,154550.94,154550.94,-154550.94,-154550.94,154550.94,154550.94,-154550.94,-5.1231254e-12,-3.1764294e-12,0.0,0.0,-8.856095e-12,-6.9093984e-12,0.0,0.0,-3.2496002e-12,-5.0499544e-12,-8.782923e-12,-6.982569e-12,0.0,0.0,0.0,0.0,618203.75,2.4065047e-11,2.4065047e-11,1.9235542e-12,-1.6308715e-12,-2.541345e-12,-0.0,0.0006758125,0.0006758125,-0.0,-0.0,0.0006758125,0.0006758125,-0.0,-0.0,-0.0,-0.00016941967,-0.00016941967,-0.0,-0.0,-0.00016941967,-0.00016941967,0.0,0.0,0.0,0.0,-0.00016941967,-0.00016941967,-0.00016941967,-0.00016941967,Uniaxial,0.49149999022483826
8.676288538588779e-32,1020.2892456054688,24.71885871887207,0.0,0.0,0.7954732775688171,0.0006785625,-0.00017012801,-0.00017012801,2.0249381e-21,-2.3690453e-21,-3.9042925e-21,0.0005977361,-0.00015396273,-0.00015396273,1.4165766e-21,-1.9004784e-21,-3.0576344e-21,-152913.23,152913.23,152913.23,-152913.23,-152913.23,152913.23,152913.23,-152913.23,4.3407414e-13,2.3781112e-12,0.0,0.0,-2.3781112e-12,-4.3407414e-13,0.0,0.0,-2.1542127e-11,-2.326577e-11,-2.6077956e-11,-2.4354312e-11,0.0,0.0,0.0,0.0,611652.94,0.0,9.524016e-11,1.918237e-12,-1.4774477e-12,-2.669615e-12,0.0,0.0006785625,0.0006785625,0.0,0.0,0.0006785625,0.0006785625,0.0,-0.0,-0.0,-0.00017012801,-0.00017012801,-0.0,-0.0,-0.00017012801,-0.00017012801,-0.0,-0.0,-0.0,-0.0,-0.00017012801,-0.00017012801,-0.00017012801,-0.00017012801,Uniaxial,0.4934999942779541
8.676288538588779e-32,1021.9622802734375,24.454118728637695,0.0,0.0,0.7976638078689575,0.0006813125,-0.00017083634,-0.00017083634,2.051408e-21,-2.5808035e-21,-4.089581e-21,0.00060048606,-0.00015467106,-0.00015467106,1.4384328e-21,-1.923901e-21,-3.0931625e-21,-151275.53,151275.53,151275.53,-151275.53,-151275.53,151275.53,151275.53,-151275.53,-1.1232264e-11,-9.291304e-12,0.0,0.0,-1.4263731e-11,-1.232277e-11,0.0,0.0,-9.257047e-12,-1.1266521e-11,-1.4297987e-11,-1.2288514e-11,0.0,0.0,0.0,0.0,605102.1,4.711007e-11,4.711007e-11,1.912084e-12,-2.0491091e-12,-3.1081776e-12,-0.0,0.0006813125,0.0006813125,-0.0,-0.0,0.0006813125,0.0006813125,-0.0,-0.0,-0.0,-0.00017083634,-0.00017083634,-0.0,-0.0,-0.00017083634,-0.00017083634,-0.0,-0.0,-0.0,-0.0,-0.00017083634,-0.00017083634,-0.00017083634,-0.00017083634,Uniaxial,0.49549999833106995
8.676288538588779e-32,1023.6173095703125,24.18937873840332,0.0,0.0,0.7998542785644531,0.0006840625,-0.00017154469,-0.00017154469,2.0778777e-21,-2.766092e-21,-4.3807485e-21,0.0006032361,-0.0001553794,-0.0001553794,1.4604479e-21,-1.952896e-21,-3.137492e-21,-149637.83,149637.83,149637.83,-149637.83,-149637.83,149637.83,149637.83,-149637.83,-2.8396048e-11,-2.6458565e-11,0.0,0.0,-3.1791507e-11,-2.9854026e-11,0.0,0.0,-2.6307552e-11,-2.854706e-11,-3.194252e-11,-2.970301e-11,0.0,0.0,0.0,0.0,598551.3,1.1650014e-10,1.1650014e-10,1.905129e-12,-2.5091806e-12,-3.836167e-12,-0.0,0.0006840625,0.0006840625,-0.0,-0.0,0.0006840625,0.0006840625,-0.0,-0.0,-0.0,-0.00017154469,-0.00017154469,-0.0,-0.0,-0.00017154469,-0.00017154469,-0.0,-0.0,-0.0,-0.0,-0.00017154469,-0.00017154469,-0.00017154469,-0.00017154469,Uniaxial,0.4975000023841858
8.676288538588779e-32,1025.2542724609375,23.924638748168945,0.0,0.0,0.8020447492599487,0.0006868125,-0.00017225301,-0.00017225301,2.1043475e-21,-2.6866826e-21,-4.4866276e-21,0.0006059861,-0.00015608773,-0.00015608773,1.4826163e-21,-1.9781592e-21,-3.1839408e-21,-148000.12,148000.12,148000.12,-148000.12,-148000.12,148000.12,148000.12,-148000.12,-1.07567445e-11,-8.823124e-12,0.0,0.0,-1.4221899e-11,-1.2288278e-11,0.0,0.0,-8.756905e-12,-1.0822963e-11,-1.42881176e-11,-1.2222059e-11,0.0,0.0,0.0,0.0,592000.5,4.6090045e-11,4.6090045e-11,1.8974054e-12,-2.1622786e-12,-3.975553e-12,0.0,0.0006868125,0.0006868125,0.0,-0.0,0.0006868125,0.0006868125,-0.0,-0.0,-0.0,-0.00017225301,-0.00017225301,-0.0,-0.0,-0.00017225301,-0.00017225301,-0.0,-0.0,-0.0,-0.0,-0.00017225301,-0.00017225301,-0.00017225301,-0.00017225301,Uniaxial,0.49950000643730164
1.9354797780427512e-31,1026.873291015625,23.65989875793457,0.0,0.0,0.8042352199554443,0.0006895625,-0.00017296134,-0.00017296134,2.1308173e-21,-2.7131524e-21,-4.4866276e-21,0.00060873607,-0.00015679607,-0.00015679607,1.5049328e-21,-2.003464e-21,-3.22879e-21,-146362.4,146362.4,146362.4,-146362.4,-146362.4,146362.4,146362.4,-146362.4,-1.0179504e-11,-8.250113e-12,0.0,0.0,-1.4539903e-11,-1.26105125e-11,0.0,0.0,-8.186883e-12,-1.02427355e-11,-1.4603135e-11,-1.2547281e-11,0.0,0.0,0.0,0.0,585449.6,4.5580033e-11,4.5580033e-11,1.888944e-12,-2.1418683e-12,-3.796204e-12,0.0,0.0006895625,0.0006895625,0.0,0.0,0.0006895625,0.0006895625,0.0,-0.0,-0.0,-0.00017296134,-0.00017296134,-0.0,-0.0,-0.00017296134,-0.00017296134,-0.0,-0.0,-0.0,-0.0,-0.00017296134,-0.00017296134,-0.00017296134,-0.00017296134,Uniaxial,0.5015000104904175
1.9354797780427512e-31,1028.4742431640625,23.395158767700195,0.0,0.0,0.8064257502555847,0.0006923125,-0.00017366969,-0.00017366969,2.157287e-21,-2.7396222e-21,-4.4866276e-21,0.0006114861,-0.0001575044,-0.0001575044,1.5273923e-21,-2.0288087e-21,-3.2720955e-21,-144724.7,144724.7,144724.7,-144724.7,-144724.7,144724.7,144724.7,-144724.7,-1.5726389e-11,-1.3801583e-11,0.0,0.0,-2.0000931e-11,-1.8076126e-11,0.0,0.0,-1.3741212e-11,-1.578676e-11,-2.0061303e-11,-1.8015756e-11,0.0,0.0,0.0,0.0,578898.8,6.760503e-11,6.760503e-11,1.8797756e-12,-2.1212593e-12,-3.6244918e-12,-0.0,0.0006923125,0.0006923125,-0.0,-0.0,0.0006923125,0.0006923125,-0.0,-0.0,-0.0,-0.00017366969,-0.00017366969,-0.0,-0.0,-0.00017366969,-0.00017366969,-0.0,-0.0,-0.0,-0.0,-0.00017366969,-0.00017366969,-0.00017366969,-0.00017366969,Uniaxial,0.5034999847412109
8.676288538588779e-32,1030.0572509765625,23.130420684814453,0.0,0.0,0.8086162209510803,0.0006950625,-0.00017437802,-0.00017437802,2.2102266e-21,-2.766092e-21,-4.671916e-21,0.0006142361,-0.00015821273,-0.00015821273,1.5509012e-21,-2.0541922e-21,-3.320289e-21,-143087.0,143087.0,143087.0,-143087.0,-143087.0,143087.0,143087.0,-143087.0,3.9746897e-11,4.1704484e-11,0.0,0.0,3.627553e-11,3.8233118e-11,0.0,0.0,4.1743265e-11,3.9708115e-11,3.623675e-11,3.82719e-11,0.0,0.0,0.0,0.0,572348.0,-1.5596002e-10,-1.5596002e-10,1.9453393e-12,-2.1004602e-12,-3.9879753e-12,0.0,0.0006950625,0.0006950625,0.0,0.0,0.0006950625,0.0006950625,0.0,0.0,0.0,-0.00017437802,-0.00017437802,0.0,0.0,-0.00017437802,-0.00017437802,0.0,0.0,0.0,0.0,-0.00017437802,-0.00017437802,-0.00017437802,-0.00017437802,Uniaxial,0.5055000185966492
8.676288538588779e-32,1031.6221923828125,22.865680694580078,0.0,0.0,0.8108066916465759,0.0006978125,-0.00017508636,-0.00017508636,2.2631662e-21,-2.6866826e-21,-4.910144e-21,0.0006169861,-0.00015892107,-0.00015892107,1.5754234e-21,-2.0759679e-21,-3.3750253e-21,-141449.3,141449.3,141449.3,-141449.3,-141449.3,141449.3,141449.3,-141449.3,2.839537e-11,3.038327e-11,0.0,0.0,2.4679227e-11,2.6667125e-11,0.0,0.0,3.03271e-11,2.8451536e-11,2.4735394e-11,2.6610958e-11,0.0,0.0,0.0,0.0,565797.2,-1.10124986e-10,-1.10124986e-10,2.0059599e-12,-1.7812902e-12,-4.4775273e-12,-0.0,0.0006978125,0.0006978125,-0.0,-0.0,0.0006978125,0.0006978125,-0.0,0.0,0.0,-0.00017508636,-0.00017508636,0.0,0.0,-0.00017508636,-0.00017508636,0.0,0.0,0.0,0.0,-0.00017508636,-0.00017508636,-0.00017508636,-0.00017508636,Uniaxial,0.5074999928474426
1.9354797780427512e-31,1033.169189453125,22.600940704345703,0.0,0.0,0.8129972219467163,0.0007005625,-0.00017579469,-0.00017579469,2.3161057e-21,-2.633743e-21,-4.9630837e-21,0.0006197361,-0.0001596294,-0.0001596294,1.600924e-21,-2.0951711e-21,-3.4296996e-21,-139811.6,139811.6,139811.6,-139811.6,-139811.6,139811.6,139811.6,-139811.6,2.854089e-11,3.0556727e-11,0.0,0.0,2.3868251e-11,2.588409e-11,0.0,0.0,3.042944e-11,2.8668179e-11,2.399554e-11,2.57568e-11,0.0,0.0,0.0,0.0,559246.4,-1.0884996e-10,-1.0884996e-10,2.0618405e-12,-1.5526814e-12,-4.4206847e-12,0.0,0.0007005625,0.0007005625,0.0,0.0,0.0007005625,0.0007005625,0.0,0.0,0.0,-0.00017579469,-0.00017579469,0.0,0.0,-0.00017579469,-0.00017579469,0.0,0.0,0.0,0.0,-0.00017579469,-0.00017579469,-0.00017579469,-0.00017579469,Uniaxial,0.5095000267028809
8.676288538588779e-32,1034.6981201171875,22.336200714111328,0.0,0.0,0.8151876926422119,0.0007033125,-0.00017650302,-0.00017650302,2.3690453e-21,-2.5808035e-21,-4.804265e-21,0.00062248606,-0.00016033775,-0.00016033775,1.6273691e-21,-2.1118907e-21,-3.477024e-21,-138173.89,138173.89,138173.89,-138173.89,-138173.89,138173.89,138173.89,-138173.89,1.1420819e-11,1.3462326e-11,0.0,0.0,8.05266e-12,1.0094167e-11,0.0,0.0,-8.246948e-12,-9.899878e-12,-1.3268037e-11,-1.1615107e-11,0.0,0.0,0.0,0.0,552695.56,-4.3029972e-11,4.3029972e-11,2.1131762e-12,-1.3360217e-12,-3.7815627e-12,-0.0,0.0007033125,0.0007033125,-0.0,-0.0,0.0007033125,0.0007033125,-0.0,0.0,0.0,-0.00017650302,-0.00017650302,-0.0,-0.0,-0.00017650302,-0.00017650302,0.0,0.0,-0.0,-0.0,-0.00017650302,-0.00017650302,-0.00017650302,-0.00017650302,Uniaxial,0.5115000009536743
1.9354797780427512e-31,1036.208984375,22.071460723876953,0.0,0.0,0.8173781633377075,0.0007060625,-0.00017721136,-0.00017721136,2.4219848e-21,-2.5543337e-21,-4.8836743e-21,0.0006252361,-0.00016104607,-0.00016104607,1.6547264e-21,-2.1271232e-21,-3.5254523e-21,-136536.19,136536.19,136536.19,-136536.19,-136536.19,136536.19,136536.19,-136536.19,-2.0105338e-11,-1.8040342e-11,0.0,0.0,-2.4479616e-11,-2.241462e-11,0.0,0.0,-1.8279687e-11,-1.9865993e-11,-2.4240273e-11,-2.2653966e-11,0.0,0.0,0.0,0.0,546144.75,8.503992e-11,8.503992e-11,2.1601544e-12,-1.2027768e-12,-3.823965e-12,0.0,0.0007060625,0.0007060625,0.0,0.0,0.0007060625,0.0007060625,0.0,-0.0,-0.0,-0.00017721136,-0.00017721136,-0.0,-0.0,-0.00017721136,-0.00017721136,-0.0,-0.0,-0.0,-0.0,-0.00017721136,-0.00017721136,-0.00017721136,-0.00017721136,Uniaxial,0.5134999752044678
1.9354797780427512e-31,1037.701904296875,21.806720733642578,0.0,0.0,0.8195686340332031,0.0007088125,-0.00017791969,-0.00017791969,2.3690453e-21,-2.6602128e-21,-4.9895535e-21,0.0006279861,-0.0001617544,-0.0001617544,1.6793193e-21,-2.1454767e-21,-3.575859e-21,-134898.48,134898.48,134898.48,-134898.48,-134898.48,134898.48,134898.48,-134898.48,-3.0265315e-11,-2.8321108e-11,0.0,0.0,-3.469381e-11,-3.2749605e-11,0.0,0.0,-2.8442797e-11,-3.0143624e-11,-3.4572123e-11,-3.2871296e-11,0.0,0.0,0.0,0.0,539593.94,1.2602984e-10,1.2602984e-10,1.918576e-12,-1.4318157e-12,-3.9324026e-12,-0.0,0.0007088125,0.0007088125,-0.0,-0.0,0.0007088125,0.0007088125,-0.0,-0.0,-0.0,-0.00017791969,-0.00017791969,-0.0,-0.0,-0.00017791969,-0.00017791969,-0.0,-0.0,-0.0,-0.0,-0.00017791969,-0.00017791969,-0.00017791969,-0.00017791969,Uniaxial,0.515500009059906
8.676288538588779e-32,1039.1767578125,21.541982650756836,0.0,0.0,0.8217591643333435,0.0007115625,-0.00017862803,-0.00017862803,2.4219848e-21,-2.766092e-21,-5.0954326e-21,0.00063073606,-0.00016246275,-0.00016246275,1.7048881e-21,-2.1668434e-21,-3.6281757e-21,-133260.77,133260.77,133260.77,-133260.77,-133260.77,133260.77,133260.77,-133260.77,-1.99884e-11,-1.8018233e-11,0.0,0.0,-2.3481701e-11,-2.1511534e-11,0.0,0.0,-1.809919e-11,-1.9907442e-11,-2.3400741e-11,-2.1592492e-11,0.0,0.0,0.0,0.0,533043.06,8.2999864e-11,8.2999864e-11,1.9704956e-12,-1.6466628e-12,-4.031846e-12,0.0,0.0007115625,0.0007115625,0.0,0.0,0.0007115625,0.0007115625,0.0,-0.0,-0.0,-0.00017862803,-0.00017862803,-0.0,-0.0,-0.00017862803,-0.00017862803,-0.0,-0.0,-0.0,-0.0,-0.00017862803,-0.00017862803,-0.00017862803,-0.00017862803,Uniaxial,0.5174999833106995
8.676288538588779e-32,1040.633544921875,21.27724266052246,0.0,0.0,0.8239496350288391,0.0007143125,-0.00017933636,-0.00017933636,2.4749244e-21,-3.00432e-21,-5.280721e-21,0.0006334861,-0.00016317108,-0.00016317108,1.7313993e-21,-2.1956764e-21,-3.6850702e-21,-131623.06,131623.06,131623.06,-131623.06,-131623.06,131623.06,131623.06,-131623.06,-1.45468e-11,-1.2552877e-11,0.0,0.0,-1.8189564e-11,-1.619564e-11,0.0,0.0,-3.3003652e-11,-3.5085945e-11,-3.8728708e-11,-3.6646415e-11,0.0,0.0,0.0,0.0,526492.25,6.148488e-11,1.4346473e-10,2.018009e-12,-2.1947472e-12,-4.330772e-12,-0.0,0.0007143125,0.0007143125,-0.0,-0.0,0.0007143125,0.0007143125,-0.0,-0.0,-0.0,-0.00017933636,-0.00017933636,-0.0,-0.0,-0.00017933636,-0.00017933636,-0.0,-0.0,-0.0,-0.0,-0.00017933636,-0.00017933636,-0.00017933636,-0.00017933636,Uniaxial,0.5195000171661377
1.9354797780427512e-31,1042.0723876953125,21.012502670288086,0.0,0.0,0.8261401057243347,0.0007170625,-0.0001800447,-0.0001800447,2.527864e-21,-3.2160782e-21,-5.3336606e-21,0.0006362361,-0.00016387942,-0.00016387942,1.7588202e-21,-2.2308074e-21,-3.7418286e-21,-129985.36,129985.36,129985.36,-129985.36,-129985.36,129985.36,129985.36,-129985.36,-2.4009916e-11,-2.1994347e-11,0.0,0.0,-2.8605538e-11,-2.658997e-11,0.0,0.0,-2.1849458e-11,-2.4154807e-11,-2.8750429e-11,-2.6445079e-11,0.0,0.0,0.0,0.0,519941.44,1.0119977e-10,1.0119977e-10,2.0612984e-12,-2.6408608e-12,-4.2666513e-12,0.0,0.0007170625,0.0007170625,0.0,0.0,0.0007170625,0.0007170625,0.0,-0.0,-0.0,-0.0001800447,-0.0001800447,-0.0,-0.0,-0.0001800447,-0.0001800447,-0.0,-0.0,-0.0,-0.0,-0.0001800447,-0.0001800447,-0.0001800447,-0.0001800447,Uniaxial,0.5214999914169312
8.676288538588779e-32,1043.4932861328125,20.74776268005371,0.0,0.0,0.8283305764198303,0.0007198125,-0.00018075304,-0.00018075304,2.5808035e-21,-3.2954876e-21,-5.2277815e-21,0.00063898606,-0.00016458775,-0.00016458775,1.7871199e-21,-2.2674626e-21,-3.7929874e-21,-128347.66,128347.66,128347.66,-128347.66,-128347.66,128347.66,128347.66,-128347.66,2.0655363e-11,2.2690553e-11,0.0,0.0,1.7279345e-11,1.9314533e-11,0.0,0.0,4.283055e-11,4.048526e-11,3.7109243e-11,3.945453e-11,0.0,0.0,0.0,0.0,513390.62,-7.993979e-11,-1.5987958e-10,2.1005394e-12,-2.72074e-12,-3.7972824e-12,-0.0,0.0007198125,0.0007198125,-0.0,-0.0,0.0007198125,0.0007198125,-0.0,0.0,0.0,-0.00018075304,-0.00018075304,0.0,0.0,-0.00018075304,-0.00018075304,0.0,0.0,0.0,0.0,-0.00018075304,-0.00018075304,-0.00018075304,-0.00018075304,Uniaxial,0.5235000252723694
1.9354797780427512e-31,1044.8961181640625,20.483022689819336,0.0,0.0,0.8305211067199707,0.0007225625,-0.00018146136,-0.00018146136,2.633743e-21,-3.3484271e-21,-5.2013117e-21,0.0006417361,-0.0001652961,-0.0001652961,1.8162677e-21,-2.3046785e-21,-3.841474e-21,-126709.95,126709.95,126709.95,-126709.95,-126709.95,126709.95,126709.95,-126709.95,2.0822902e-11,2.287577e-11,0.0,0.0,1.6584113e-11,1.8636983e-11,0.0,0.0,4.2753513e-11,4.0405044e-11,3.6166254e-11,3.8514726e-11,0.0,0.0,0.0,0.0,506839.8,-7.891977e-11,-1.5783953e-10,2.1358995e-12,-2.7271063e-12,-3.552984e-12,0.0,0.0007225625,0.0007225625,0.0,0.0,0.0007225625,0.0007225625,0.0,0.0,0.0,-0.00018146136,-0.00018146136,0.0,0.0,-0.00018146136,-0.00018146136,0.0,0.0,0.0,0.0,-0.00018146136,-0.00018146136,-0.00018146136,-0.00018146136,Uniaxial,0.5254999995231628
1.9354797780427512e-31,1046.2808837890625,20.21828269958496,0.0,0.0,0.8327115774154663,0.0007253125,-0.00018216971,-0.00018216971,2.6866826e-21,-3.2690178e-21,-5.2277815e-21,0.0006444861,-0.00016600442,-0.00016600442,1.8462348e-21,-2.3378792e-21,-3.889202e-21,-125072.25,125072.25,125072.25,-125072.25,-125072.25,125072.25,125072.25,-125072.25,1.0797331e-11,1.2866019e-11,0.0,0.0,6.608916e-12,8.677605e-12,0.0,0.0,1.2924493e-11,1.0738857e-11,6.5504425e-12,8.736079e-12,0.0,0.0,0.0,0.0,500289.0,-3.894987e-11,-3.894987e-11,2.1675402e-12,-2.4014345e-12,-3.452236e-12,-0.0,0.0007253125,0.0007253125,-0.0,-0.0,0.0007253125,0.0007253125,-0.0,0.0,0.0,-0.00018216971,-0.00018216971,0.0,0.0,-0.00018216971,-0.00018216971,0.0,0.0,0.0,0.0,-0.00018216971,-0.00018216971,-0.00018216971,-0.00018216971,Uniaxial,0.5274999737739563
8.676288538588779e-32,1047.647705078125,19.95354461669922,0.0,0.0,0.8349020481109619,0.0007280625,-0.00018287804,-0.00018287804,2.7396222e-21,-3.1896084e-21,-5.3336606e-21,0.00064723607,-0.00016671275,-0.00016671275,1.8769926e-21,-2.367203e-21,-3.9389327e-21,-123434.54,123434.54,123434.54,-123434.54,-123434.54,123434.54,123434.54,-123434.54,-4.2201707e-12,-2.1374437e-12,0.0,0.0,-7.472521e-12,-5.389794e-12,0.0,0.0,-2.1630388e-12,-4.1945752e-12,-7.446926e-12,-5.4153895e-12,0.0,0.0,0.0,0.0,493738.16,1.921993e-11,1.921993e-11,2.1956163e-12,-2.0932362e-12,-3.549945e-12,0.0,0.0007280625,0.0007280625,0.0,0.0,0.0007280625,0.0007280625,0.0,0.0,0.0,-0.00018287804,-0.00018287804,0.0,0.0,-0.00018287804,-0.00018287804,-0.0,-0.0,-0.0,-0.0,-0.00018287804,-0.00018287804,-0.00018287804,-0.00018287804,Uniaxial,0.5295000076293945
8.676288538588779e-32,1048.9964599609375,19.688804626464844,0.0,0.0,0.8370925784111023,0.0007308125,-0.00018358638,-0.00018358638,2.6866826e-21,-3.1101991e-21,-5.545419e-21,0.0006499861,-0.0001674211,-0.0001674211,1.904869e-21,-2.3927829e-21,-3.9942415e-21,-121796.836,121796.836,121796.836,-121796.836,-121796.836,121796.836,121796.836,-121796.836,-2.2976862e-11,-2.1010185e-11,0.0,0.0,-2.6402124e-11,-2.4435447e-11,0.0,0.0,-2.1050618e-11,-2.2936429e-11,-2.636169e-11,-2.447588e-11,0.0,0.0,0.0,0.0,487187.34,9.482461e-11,9.482461e-11,1.963517e-12,-1.8017833e-12,-3.8957665e-12,-0.0,0.0007308125,0.0007308125,-0.0,-0.0,0.0007308125,0.0007308125,-0.0,-0.0,-0.0,-0.00018358638,-0.00018358638,0.0,0.0,-0.00018358638,-0.00018358638,-0.0,-0.0,0.0,0.0,-0.00018358638,-0.00018358638,-0.00018358638,-0.00018358638,Uniaxial,0.531499981880188
1.9354797780427512e-31,1050.3272705078125,19.42406463623047,0.0,0.0,0.8392830491065979,0.0007335625,-0.00018429471,-0.00018429471,2.633743e-21,-3.1631387e-21,-5.5983584e-21,0.00065273605,-0.00016812942,-0.00016812942,1.929963e-21,-2.4193052e-21,-4.0494687e-21,-120159.13,120159.13,120159.13,-120159.13,-120159.13,120159.13,120159.13,-120159.13,4.335949e-11,4.5216293e-11,0.0,0.0,3.8978334e-11,4.0835137e-11,0.0,0.0,4.5241103e-11,4.333468e-11,3.8953524e-11,4.0859947e-11,0.0,0.0,0.0,0.0,480636.53,-1.6838925e-10,-1.6838925e-10,1.74377e-12,-1.8430112e-12,-3.837715e-12,0.0,0.0007335625,0.0007335625,0.0,0.0,0.0007335625,0.0007335625,0.0,0.0,0.0,-0.00018429471,-0.00018429471,0.0,0.0,-0.00018429471,-0.00018429471,0.0,0.0,0.0,0.0,-0.00018429471,-0.00018429471,-0.00018429471,-0.00018429471,Uniaxial,0.5335000157356262
8.676288538588779e-32,1051.6400146484375,19.159324645996094,0.0,0.0,0.8414735198020935,0.0007363125,-0.00018500305,-0.00018500305,2.6072733e-21,-3.1101991e-21,-5.651298e-21,0.0006554861,-0.00016883777,-0.00016883777,1.9532816e-21,-2.4430915e-21,-4.1046172e-21,-118521.43,118521.43,118521.43,-118521.43,-118521.43,118521.43,118521.43,-118521.43,5.4053793e-12,7.189459e-12,0.0,0.0,2.037996e-12,3.822076e-12,0.0,0.0,7.197473e-12,5.3973657e-12,2.0299823e-12,3.83009e-12,0.0,0.0,0.0,0.0,474085.72,-1.8454911e-11,-1.8454911e-11,1.5983227e-12,-1.6303776e-12,-3.7800106e-12,-0.0,0.0007363125,0.0007363125,-0.0,-0.0,0.0007363125,0.0007363125,-0.0,0.0,0.0,-0.00018500305,-0.00018500305,-0.0,-0.0,-0.00018500305,-0.00018500305,0.0,0.0,0.0,0.0,-0.00018500305,-0.00018500305,-0.00018500305,-0.00018500305,Uniaxial,0.5354999899864197
1.9354797780427512e-31,1052.9346923828125,18.89458465576172,0.0,0.0,0.8436639904975891,0.0007390625,-0.00018571138,-0.00018571138,2.7131524e-21,-3.1896084e-21,-5.889526e-21,0.0006582361,-0.0001695461,-0.0001695461,1.9794428e-21,-2.4687928e-21,-4.1660685e-21,-116883.73,116883.73,116883.73,-116883.73,-116883.73,116883.73,116883.73,-116883.73,5.8850325e-12,7.754138e-12,0.0,0.0,1.345815e-12,3.2149196e-12,0.0,0.0,-1.04535365e-11,-1.2307102e-11,-1.6846321e-11,-1.4992754e-11,0.0,0.0,0.0,0.0,467534.9,-1.8199905e-11,5.4599714e-11,1.768372e-12,-1.7372951e-12,-4.153842e-12,0.0,0.0007390625,0.0007390625,0.0,0.0,0.0007390625,0.0007390625,0.0,-0.0,-0.0,-0.00018571138,-0.00018571138,-0.0,-0.0,-0.00018571138,-0.00018571138,-0.0,-0.0,-0.0,-0.0,-0.00018571138,-0.00018571138,-0.00018571138,-0.00018571138,Uniaxial,0.5375000238418579
1.9354797780427512e-31,1054.21142578125,18.629846572875977,0.0,0.0,0.8458545207977295,0.0007418125,-0.00018641971,-0.00018641971,2.8190315e-21,-3.2690178e-21,-5.9159957e-21,0.00066098606,-0.00017025444,-0.00017025444,2.0083485e-21,-2.4963434e-21,-4.2263158e-21,-115246.016,115246.016,115246.016,-115246.016,-115246.016,115246.016,115246.016,-115246.016,-1.2197771e-11,-1.0249595e-11,0.0,0.0,-1.6667754e-11,-1.4719576e-11,0.0,0.0,-2.8217075e-11,-3.0120087e-11,-3.459007e-11,-3.2687058e-11,0.0,0.0,0.0,0.0,460984.06,5.3834694e-11,1.2561428e-10,1.9265152e-12,-1.8361911e-12,-4.0153722e-12,-0.0,0.0007418125,0.0007418125,-0.0,-0.0,0.0007418125,0.0007418125,-0.0,-0.0,-0.0,-0.00018641971,-0.00018641971,-0.0,-0.0,-0.00018641971,-0.00018641971,-0.0,-0.0,-0.0,-0.0,-0.00018641971,-0.00018641971,-0.00018641971,-0.00018641971,Uniaxial,0.5394999980926514
8.676288538588779e-32,1055.4700927734375,18.3651065826416,0.0,0.0,0.8480449914932251,0.0007445625,-0.00018712805,-0.00018712805,2.9249106e-21,-3.3484271e-21,-5.995405e-21,0.0006637361,-0.00017096277,-0.00017096277,2.0399043e-21,-2.5256793e-21,-4.2872226e-21,-113608.31,113608.31,113608.31,-113608.31,-113608.31,113608.31,113608.31,-113608.31,-1.696156e-11,-1.4940018e-11,0.0,0.0,-2.0439768e-11,-1.8418224e-11,0.0,0.0,-3.7088846e-11,-3.9037464e-11,-4.251567e-11,-4.056705e-11,0.0,0.0,0.0,0.0,454433.25,7.075957e-11,1.5920903e-10,2.073251e-12,-1.927402e-12,-4.001656e-12,0.0,0.0007445625,0.0007445625,0.0,0.0,0.0007445625,0.0007445625,0.0,-0.0,-0.0,-0.00018712805,-0.00018712805,-0.0,-0.0,-0.00018712805,-0.00018712805,-0.0,-0.0,-0.0,-0.0,-0.00018712805,-0.00018712805,-0.00018712805,-0.00018712805,Uniaxial,0.5414999723434448
8.676288538588779e-32,1056.7108154296875,18.100366592407227,0.0,0.0,0.8502354621887207,0.0007473125,-0.00018783638,-0.00018783638,3.0307898e-21,-3.3219573e-21,-6.2865727e-21,0.0006664861,-0.0001716711,-0.0001716711,2.0740189e-21,-2.5530938e-21,-4.356057e-21,-111970.61,111970.61,111970.61,-111970.61,-111970.61,111970.61,111970.61,-111970.61,-2.9702758e-11,-2.7613311e-11,0.0,0.0,-3.340879e-11,-3.1319343e-11,0.0,0.0,-2.7721773e-11,-2.9594296e-11,-3.3300328e-11,-3.1427805e-11,0.0,0.0,0.0,0.0,447882.44,1.2204421e-10,1.2204421e-10,2.2090593e-12,-1.7752057e-12,-4.457309e-12,-0.0,0.0007473125,0.0007473125,-0.0,-0.0,0.0007473125,0.0007473125,-0.0,-0.0,-0.0,-0.00018783638,-0.00018783638,-0.0,-0.0,-0.00018783638,-0.00018783638,-0.0,-0.0,-0.0,-0.0,-0.00018783638,-0.00018783638,-0.00018783638,-0.00018783638,Uniaxial,0.5435000061988831
1.9354797780427512e-31,1057.9334716796875,17.83562660217285,0.0,0.0,0.8524259328842163,0.0007500625,-0.00018854473,-0.00018854473,3.0307898e-21,-3.2954876e-21,-6.365982e-21,0.00066923606,-0.00017237944,-0.00017237944,2.106959e-21,-2.5786534e-21,-4.4252555e-21,-110332.91,110332.91,110332.91,-110332.91,-110332.91,110332.91,110332.91,-110332.91,-2.0157776e-11,-1.8121954e-11,0.0,0.0,-2.4827746e-11,-2.2791923e-11,0.0,0.0,-1.8239688e-11,-2.004004e-11,-2.4710012e-11,-2.2909659e-11,0.0,0.0,0.0,0.0,441331.62,8.58994e-11,8.58994e-11,2.1018072e-12,-1.6308696e-12,-4.415346e-12,0.0,0.0007500625,0.0007500625,0.0,0.0,0.0007500625,0.0007500625,0.0,-0.0,-0.0,-0.00018854473,-0.00018854473,-0.0,-0.0,-0.00018854473,-0.00018854473,-0.0,-0.0,-0.0,-0.0,-0.00018854473,-0.00018854473,-0.00018854473,-0.00018854473,Uniaxial,0.5454999804496765
8.676288538588779e-32,1059.1380615234375,17.570886611938477,0.0,0.0,0.8546164631843567,0.0007528125,-0.00018925306,-0.00018925306,3.0307898e-21,-3.2954876e-21,-6.3395122e-21,0.0006719861,-0.00017308777,-0.00017308777,2.1387651e-21,-2.6033327e-21,-4.4911606e-21,-108695.195,108695.195,108695.195,-108695.195,-108695.195,108695.195,108695.195,-108695.195,-7.680346e-12,-5.6957668e-12,0.0,0.0,-1.1229107e-11,-9.244528e-12,0.0,0.0,-2.2732633e-11,-2.4493225e-11,-2.8041987e-11,-2.6281395e-11,0.0,0.0,0.0,0.0,434780.78,3.3849746e-11,1.0154924e-10,1.9993217e-12,-1.5513473e-12,-4.142766e-12,-0.0,0.0007528125,0.0007528125,-0.0,-0.0,0.0007528125,0.0007528125,-0.0,-0.0,-0.0,-0.00018925306,-0.00018925306,-0.0,-0.0,-0.00018925306,-0.00018925306,-0.0,-0.0,-0.0,-0.0,-0.00018925306,-0.00018925306,-0.00018925306,-0.00018925306,Uniaxial,0.5475000143051147
1.9354797780427512e-31,1060.32470703125,17.3061466217041,0.0,0.0,0.8568069338798523,0.0007555625,-0.0001899614,-0.0001899614,3.0307898e-21,-3.4278365e-21,-6.4453913e-21,0.0006747361,-0.00017379611,-0.00017379611,2.169476e-21,-2.6317191e-21,-4.5584417e-21,-107057.49,107057.49,107057.49,-107057.49,-107057.49,107057.49,107057.49,-107057.49,9.639661e-12,1.1575281e-11,0.0,0.0,5.094587e-12,7.0302063e-12,0.0,0.0,1.1539299e-11,9.675642e-12,5.1305683e-12,6.994225e-12,0.0,0.0,0.0,0.0,428229.97,-3.3339734e-11,-3.3339734e-11,1.9014016e-12,-1.7574768e-12,-4.1655546e-12,0.0,0.0007555625,0.0007555625,0.0,0.0,0.0007555625,0.0007555625,0.0,0.0,0.0,-0.0001899614,-0.0001899614,0.0,0.0,-0.0001899614,-0.0001899614,-0.0,-0.0,-0.0,-0.0,-0.0001899614,-0.0001899614,-0.0001899614,-0.0001899614,Uniaxial,0.5494999885559082
1.9354797780427512e-31,1061.493408203125,17.04140853881836,0.0,0.0,0.8589974045753479,0.0007583125,-0.00019066973,-0.00019066973,3.0307898e-21,-3.5601854e-21,-6.498331e-21,0.00067748607,-0.00017450444,-0.00017450444,2.1991297e-21,-2.6636847e-21,-4.625229e-21,-105419.79,105419.79,105419.79,-105419.79,-105419.79,105419.79,105419.79,-105419.79,5.4083734e-12,7.297219e-12,0.0,0.0,9.102116e-13,2.7990574e-12,0.0,0.0,7.332457e-12,5.373136e-12,8.749742e-13,2.8342949e-12,0.0,0.0,0.0,0.0,421679.16,-1.641486e-11,-1.641486e-11,1.8078542e-12,-1.948804e-12,-4.07173e-12,-0.0,0.0007583125,0.0007583125,-0.0,-0.0,0.0007583125,0.0007583125,-0.0,0.0,0.0,-0.00019066973,-0.00019066973,0.0,0.0,-0.00019066973,-0.00019066973,0.0,0.0,0.0,0.0,-0.00019066973,-0.00019066973,-0.00019066973,-0.00019066973,Uniaxial,0.5515000224113464
8.676288538588779e-32,1062.6439208984375,16.776668548583984,0.0,0.0,0.8611878752708435,0.0007610625,-0.00019137806,-0.00019137806,3.0572595e-21,-3.6925343e-21,-6.3924518e-21,0.0006802361,-0.00017521279,-0.00017521279,2.2286738e-21,-2.6991063e-21,-4.6860715e-21,-103782.086,103782.086,103782.086,-103782.086,-103782.086,103782.086,103782.086,-103782.086,1.687571e-11,1.8747223e-11,0.0,0.0,1.3572487e-11,1.5444e-11,0.0,0.0,1.8835414e-11,1.6787518e-11,1.3484296e-11,1.5532192e-11,0.0,0.0,0.0,0.0,415128.34,-6.463942e-11,-6.463942e-11,1.77319e-12,-2.1259554e-12,-3.6516875e-12,0.0,0.0007610625,0.0007610625,0.0,0.0,0.0007610625,0.0007610625,0.0,0.0,0.0,-0.00019137806,-0.00019137806,0.0,0.0,-0.00019137806,-0.00019137806,0.0,0.0,0.0,0.0,-0.00019137806,-0.00019137806,-0.00019137806,-0.00019137806,Uniaxial,0.5534999966621399
8.676288538588779e-32,1063.776611328125,16.51192855834961,0.0,0.0,0.8633784055709839,0.0007638125,-0.0001920864,-0.0001920864,3.0837293e-21,-3.824883e-21,-6.60421e-21,0.0006829861,-0.00017592112,-0.00017592112,2.258112e-21,-2.737865e-21,-4.7521102e-21,-102144.375,102144.375,102144.375,-102144.375,-102144.375,102144.375,102144.375,-102144.375,8.739161e-12,1.0593558e-11,0.0,0.0,5.3112905e-12,7.1656873e-12,0.0,0.0,1.07312015e-11,8.601517e-12,5.1736467e-12,7.3033316e-12,0.0,0.0,0.0,0.0,408577.5,-3.1809697e-11,-3.1809697e-11,1.7389564e-12,-2.2895316e-12,-3.9009854e-12,-0.0,0.0007638125,0.0007638125,-0.0,-0.0,0.0007638125,0.0007638125,-0.0,0.0,0.0,-0.0001920864,-0.0001920864,0.0,0.0,-0.0001920864,-0.0001920864,0.0,0.0,0.0,0.0,-0.0001920864,-0.0001920864,-0.0001920864,-0.0001920864,Uniaxial,0.5554999709129333
1.9354797780427512e-31,1064.89111328125,16.247188568115234,0.0,0.0,0.8655688762664795,0.0007665625,-0.00019279473,-0.00019279473,3.2160782e-21,-3.9307623e-21,-6.6571496e-21,0.0006857361,-0.00017662944,-0.00017662944,2.2910932e-21,-2.7789347e-21,-4.8176974e-21,-100506.67,100506.67,100506.67,-100506.67,-100506.67,100506.67,100506.67,-100506.67,1.6862334e-11,1.880576e-11,0.0,0.0,1.2493925e-11,1.443735e-11,0.0,0.0,1.8923292e-11,1.6744803e-11,1.2376393e-11,1.4554882e-11,0.0,0.0,0.0,0.0,402026.7,-6.259937e-11,-6.259937e-11,1.9170128e-12,-2.3871395e-12,-3.8122274e-12,0.0,0.0007665625,0.0007665625,0.0,0.0,0.0007665625,0.0007665625,0.0,0.0,0.0,-0.00019279473,-0.00019279473,0.0,0.0,-0.00019279473,-0.00019279473,0.0,0.0,0.0,0.0,-0.00019279473,-0.00019279473,-0.00019279473,-0.00019279473,Uniaxial,0.5575000047683716
1.9354797780427512e-31,1065.9876708984375,15.98244857788086,0.0,0.0,0.8677593469619751,0.0007693125,-0.00019350307,-0.00019350307,3.3484271e-21,-3.9042925e-21,-6.736559e-21,0.0006884861,-0.00017733779,-0.00017733779,2.3274956e-21,-2.8176789e-21,-4.8837608e-21,-98868.97,98868.97,98868.97,-98868.97,-98868.97,98868.97,98868.97,-98868.97,1.1626725e-12,3.1882828e-12,0.0,0.0,-3.1882828e-12,-1.1626725e-12,0.0,0.0,3.2217594e-12,1.1291959e-12,-3.2217594e-12,-1.1291959e-12,0.0,0.0,0.0,0.0,395475.88,0.0,0.0,2.0813832e-12,-2.2152898e-12,-3.7773174e-12,-0.0,0.0007693125,0.0007693125,-0.0,-0.0,0.0007693125,0.0007693125,-0.0,0.0,0.0,-0.00019350307,-0.00019350307,0.0,0.0,-0.00019350307,-0.00019350307,0.0,0.0,0.0,0.0,-0.00019350307,-0.00019350307,-0.00019350307,-0.00019350307,Uniaxial,0.559499979019165
1.9354797780427512e-31,1067.0662841796875,15.7177095413208,0.0,0.0,0.8699498772621155,0.0007720625,-0.0001942114,-0.0001942114,3.4543062e-21,-3.7719436e-21,-6.948317e-21,0.00069123605,-0.00017804612,-0.00017804612,2.3662899e-21,-2.8505326e-21,-4.95484e-21,-97231.266,97231.266,97231.266,-97231.266,-97231.266,97231.266,97231.266,-97231.266,4.977495e-12,7.053117e-12,0.0,0.0,5.1679776e-13,2.5924202e-12,0.0,0.0,6.969609e-12,5.0610033e-12,6.003063e-13,2.5089115e-12,0.0,0.0,0.0,0.0,388925.06,-1.513983e-11,-1.513983e-11,2.1814074e-12,-1.8473734e-12,-3.996801e-12,0.0,0.0007720625,0.0007720625,0.0,-0.0,0.0007720625,0.0007720625,0.0,0.0,0.0,-0.0001942114,-0.0001942114,0.0,0.0,-0.0001942114,-0.0001942114,0.0,0.0,0.0,0.0,-0.0001942114,-0.0001942114,-0.0001942114,-0.0001942114,Uniaxial,0.5615000128746033
1.9354797780427512e-31,1068.1268310546875,15.452969551086426,0.0,0.0,0.8721403479576111,0.0007748125,-0.00019491973,-0.00019491973,3.5337156e-21,-3.7719436e-21,-7.160075e-21,0.0006939861,-0.00017875446,-0.00017875446,2.4064825e-21,-2.8822555e-21,-5.030763e-21,-95593.555,95593.555,95593.555,-95593.555,-95593.555,95593.555,95593.555,-95593.555,5.332939e-11,5.5425293e-11,0.0,0.0,4.8768475e-11,5.086438e-11,0.0,0.0,4.0423408e-11,3.8561626e-11,3.4000712e-11,3.5862494e-11,0.0,0.0,0.0,0.0,382374.22,-2.0838753e-10,-1.4884824e-10,2.2219678e-12,-1.7537264e-12,-4.1972363e-12,0.0,0.0007748125,0.0007748125,0.0,0.0,0.0007748125,0.0007748125,0.0,0.0,0.0,-0.00019491973,-0.00019491973,0.0,0.0,-0.00019491973,-0.00019491973,0.0,0.0,0.0,0.0,-0.00019491973,-0.00019491973,-0.00019491973,-0.00019491973,Uniaxial,0.5634999871253967
8.676288538588779e-32,1069.1693115234375,15.18822956085205,0.0,0.0,0.8743308186531067,0.0007775625,-0.00019562808,-0.00019562808,3.613125e-21,-3.8778227e-21,-7.2659545e-21,0.0006967361,-0.00017946279,-0.00017946279,2.4480253e-21,-2.9165312e-21,-5.107717e-21,-93955.85,93955.85,93955.85,-93955.85,-93955.85,93955.85,93955.85,-93955.85,2.998689e-11,3.210044e-11,0.0,0.0,2.6418829e-11,2.853238e-11,0.0,0.0,3.2001728e-11,3.0085604e-11,2.6517543e-11,2.8433665e-11,0.0,0.0,0.0,0.0,375823.4,-1.1703855e-10,-1.1703855e-10,2.2572638e-12,-1.8624058e-12,-4.181369e-12,0.0,0.0007775625,0.0007775625,0.0,0.0,0.0007775625,0.0007775625,0.0,0.0,0.0,-0.00019562808,-0.00019562808,0.0,0.0,-0.00019562808,-0.00019562808,0.0,0.0,0.0,0.0,-0.00019562808,-0.00019562808,-0.00019562808,-0.00019562808,Uniaxial,0.565500020980835
8.676288538588779e-32,1070.19384765625,14.923490524291992,0.0,0.0,0.8765212893486023,0.0007803125,-0.0001963364,-0.0001963364,3.6660645e-21,-3.8778227e-21,-7.5041825e-21,0.00069948606,-0.00018017112,-0.00018017112,2.4899605e-21,-2.949627e-21,-5.1902235e-21,-92318.15,92318.15,92318.15,-92318.15,-92318.15,92318.15,92318.15,-92318.15,2.9537366e-11,3.1641717e-11,0.0,0.0,2.5857528e-11,2.796188e-11,0.0,0.0,3.1523735e-11,2.9655348e-11,2.5975508e-11,2.7843897e-11,0.0,0.0,0.0,0.0,369272.6,-1.1499849e-10,-1.1499849e-10,2.2388669e-12,-1.7669411e-12,-4.4049213e-12,-0.0,0.0007803125,0.0007803125,-0.0,-0.0,0.0007803125,0.0007803125,-0.0,0.0,0.0,-0.0001963364,-0.0001963364,0.0,0.0,-0.0001963364,-0.0001963364,0.0,0.0,0.0,0.0,-0.0001963364,-0.0001963364,-0.0001963364,-0.0001963364,Uniaxial,0.5674999952316284
1.6351467313299758e-31,1071.2003173828125,14.658750534057617,0.0,0.0,0.8787118196487427,0.0007830625,-0.00019704475,-0.00019704475,3.719004e-21,-3.8778227e-21,-7.583592e-21,0.0007022361,-0.00018087946,-0.00018087946,2.5322745e-21,-2.9815832e-21,-5.2726233e-21,-90680.445,90680.445,90680.445,-90680.445,-90680.445,90680.445,90680.445,-90680.445,4.994486e-11,5.2531746e-11,0.0,0.0,4.630689e-11,4.8893774e-11,0.0,0.0,5.2642182e-11,5.0819342e-11,4.6196453e-11,4.8019293e-11,0.0,0.0,0.0,0.0,362721.78,-1.9767728e-10,-1.9767728e-10,2.219018e-12,-1.6758421e-12,-4.321187e-12,0.0,0.0007830625,0.0007830625,0.0,0.0,0.0007830625,0.0007830625,0.0,0.0,0.0,-0.00019704475,-0.00019704475,0.0,0.0,-0.00019704475,-0.00019704475,0.0,0.0,0.0,0.0,-0.00019704475,-0.00019704475,-0.00019704475,-0.00019704475,Uniaxial,0.5695000290870667
1.4682949472844288e-31,1072.1888427734375,14.394010543823242,0.0,0.0,0.8809022903442383,0.0007858125,-0.00019775308,-0.00019775308,3.824883e-21,-3.8778227e-21,-7.583592e-21,0.0007049861,-0.00018158779,-0.00018158779,2.5767769e-21,-3.0124393e-21,-5.3521865e-21,-89042.734,89042.734,89042.734,-89042.734,-89042.734,89042.734,89042.734,-89042.734,3.4867123e-11,3.749032e-11,0.0,0.0,3.1833675e-11,3.445687e-11,0.0,0.0,2.3942301e-11,2.2162923e-11,1.7652095e-11,1.9431476e-11,0.0,0.0,0.0,0.0,356170.94,-1.38648e-10,-8.3188796e-11,2.2916352e-12,-1.5889215e-12,-4.097061e-12,-0.0,0.0007858125,0.0007858125,-0.0,-0.0,0.0007858125,0.0007858125,-0.0,0.0,0.0,-0.00019775308,-0.00019775308,0.0,0.0,-0.00019775308,-0.00019775308,0.0,0.0,0.0,0.0,-0.00019775308,-0.00019775308,-0.00019775308,-0.00019775308,Uniaxial,0.5715000033378601
1.1012212104633216e-31,1073.1593017578125,14.129271507263184,0.0,0.0,0.8830927610397339,0.0007885625,-0.00019846142,-0.00019846142,3.9307623e-21,-4.0101716e-21,-7.557122e-21,0.00070773606,-0.00018229613,-0.00018229613,2.6233924e-21,-3.0467897e-21,-5.428099e-21,-87405.03,87405.03,87405.03,-87405.03,-87405.03,87405.03,87405.03,-87405.03,7.175117e-12,9.830644e-12,0.0,0.0,3.7791484e-12,6.4346757e-12,0.0,0.0,-4.180372e-12,-6.033452e-12,-9.429421e-12,-7.576341e-12,0.0,0.0,0.0,0.0,349620.12,-2.7219586e-11,2.7219586e-11,2.3562985e-12,-1.7363222e-12,-3.8371806e-12,0.0,0.0007885625,0.0007885625,0.0,0.0,0.0007885625,0.0007885625,0.0,0.0,0.0,-0.00019846142,-0.00019846142,0.0,0.0,-0.00019846142,-0.00019846142,0.0,0.0,0.0,0.0,-0.00019846142,-0.00019846142,-0.00019846142,-0.00019846142,Uniaxial,0.5734999775886536
1.3348136846172003e-31,1074.1116943359375,13.864531517028809,0.0,0.0,0.8852832317352295,0.0007913125,-0.00019916975,-0.00019916975,4.063111e-21,-3.9307623e-21,-7.530652e-21,0.0007104861,-0.00018300446,-0.00018300446,2.6729596e-21,-3.0772236e-21,-5.5004865e-21,-85767.33,85767.33,85767.33,-85767.33,-85767.33,85767.33,85767.33,-85767.33,7.2065973e-12,9.913252e-12,0.0,0.0,3.4415353e-12,6.148189e-12,0.0,0.0,2.2538322e-11,2.079864e-11,1.7526038e-11,1.926572e-11,0.0,0.0,0.0,0.0,343069.3,-2.6709574e-11,-8.0128716e-11,2.4585522e-12,-1.5095258e-12,-3.5904493e-12,-0.0,0.0007913125,0.0007913125,-0.0,-0.0,0.0007913125,0.0007913125,-0.0,-0.0,-0.0,-0.00019916975,-0.00019916975,-0.0,-0.0,-0.00019916975,-0.00019916975,0.0,0.0,0.0,0.0,-0.00019916975,-0.00019916975,-0.00019916975,-0.00019916975,Uniaxial,0.5755000114440918
6.006661522002684e-32,1075.046142578125,13.59979248046875,0.0,0.0,0.8874737620353699,0.0007940625,-0.00019987808,-0.00019987808,4.22193e-21,-4.089581e-21,-7.557122e-21,0.0007132361,-0.00018371281,-0.00018371281,2.7262883e-21,-3.1120774e-21,-5.5712933e-21,-84129.625,84129.625,84129.625,-84129.625,-84129.625,84129.625,84129.625,-84129.625,-6.0910686e-12,-3.8088456e-12,0.0,0.0,-9.290934e-12,-7.0087118e-12,0.0,0.0,8.5737615e-12,6.7409663e-12,4.526019e-12,6.358814e-12,0.0,0.0,0.0,0.0,336518.5,2.619956e-11,-2.619956e-11,2.5946088e-12,-1.6957535e-12,-3.4449759e-12,0.0,0.0007940625,0.0007940625,0.0,0.0,0.0007940625,0.0007940625,0.0,-0.0,-0.0,-0.00019987808,-0.00019987808,-0.0,-0.0,-0.00019987808,-0.00019987808,-0.0,-0.0,-0.0,-0.0,-0.00019987808,-0.00019987808,-0.00019987808,-0.00019987808,Uniaxial,0.5774999856948853
8.676288538588779e-32,1075.9625244140625,13.335052490234375,0.0,0.0,0.8896642327308655,0.0007968125,-0.00020058642,-0.00020058642,4.327809e-21,-4.2483996e-21,-7.5041825e-21,0.00071598607,-0.00018442114,-0.00018442114,2.7814261e-21,-3.151199e-21,-5.6378393e-21,-82491.914,82491.914,82491.914,-82491.914,-82491.914,82491.914,82491.914,-82491.914,-1.5673674e-11,-1.337355e-11,0.0,0.0,-1.8738386e-11,-1.643826e-11,0.0,0.0,-1.3564565e-11,-1.5482659e-11,-1.854737e-11,-1.6629278e-11,0.0,0.0,0.0,0.0,329967.66,6.422387e-11,6.422387e-11,2.6304124e-12,-1.8663489e-12,-3.1746678e-12,-0.0,0.0007968125,0.0007968125,-0.0,-0.0,0.0007968125,0.0007968125,-0.0,-0.0,-0.0,-0.00020058642,-0.00020058642,-0.0,-0.0,-0.00020058642,-0.00020058642,-0.0,-0.0,-0.0,-0.0,-0.00020058642,-0.00020058642,-0.00020058642,-0.00020058642,Uniaxial,0.5795000195503235
4.004440818752731e-32,1076.8609619140625,13.0703125,0.0,0.0,0.8918547034263611,0.0007995625,-0.00020129475,-0.00020129475,4.433688e-21,-4.4072183e-21,-7.345364e-21,0.0007187361,-0.00018512947,-0.00018512947,2.8383107e-21,-3.1944419e-21,-5.696627e-21,-80854.21,80854.21,80854.21,-80854.21,-80854.21,80854.21,80854.21,-80854.21,-4.3795717e-11,-4.197332e-11,0.0,0.0,-4.6155055e-11,-4.433266e-11,0.0,0.0,-2.9543024e-11,-3.1538938e-11,-3.3405816e-11,-3.1409902e-11,0.0,0.0,0.0,0.0,323416.84,1.7625675e-10,1.2589768e-10,2.6598764e-12,-2.0219891e-12,-2.74884e-12,0.0,0.0007995625,0.0007995625,0.0,0.0,0.0007995625,0.0007995625,0.0,-0.0,-0.0,-0.00020129475,-0.00020129475,-0.0,-0.0,-0.00020129475,-0.00020129475,-0.0,-0.0,-0.0,-0.0,-0.00020129475,-0.00020129475,-0.00020129475,-0.00020129475,Uniaxial,0.5814999938011169
5.672958071461025e-32,1077.7413330078125,12.805573463439941,0.0,0.0,0.8940451741218567,0.0008023125,-0.0002020031,-0.0002020031,4.327809e-21,-4.566037e-21,-7.239485e-21,0.0007214861,-0.00018583781,-0.00018583781,2.8895919e-21,-3.2416637e-21,-5.749745e-21,-79216.51,79216.51,79216.51,-79216.51,-79216.51,79216.51,79216.51,-79216.51,-4.0066936e-11,-3.8399835e-11,0.0,0.0,-4.1776117e-11,-4.0109017e-11,0.0,0.0,-3.7707636e-11,-3.9774215e-11,-4.2468317e-11,-4.0401734e-11,0.0,0.0,0.0,0.0,316866.03,1.603519e-10,1.603519e-10,2.3492842e-12,-2.1633238e-12,-2.433445e-12,-0.0,0.0008023125,0.0008023125,-0.0,-0.0,0.0008023125,0.0008023125,-0.0,-0.0,-0.0,-0.0002020031,-0.0002020031,-0.0,-0.0,-0.0002020031,-0.0002020031,-0.0,-0.0,-0.0,-0.0,-0.0002020031,-0.0002020031,-0.0002020031,-0.0002020031,Uniaxial,0.5835000276565552
1.1012212104633216e-31,1078.603759765625,12.540833473205566,0.0,0.0,0.8962357044219971,0.0008050625,-0.00020271142,-0.00020271142,4.089581e-21,-4.6189765e-21,-7.107136e-21,0.0007242361,-0.00018654614,-0.00018654614,2.9309057e-21,-3.2890824e-21,-5.796478e-21,-77578.805,77578.805,77578.805,-77578.805,-77578.805,77578.805,77578.805,-77578.805,-2.4666979e-12,-1.5399315e-12,0.0,0.0,-4.4999464e-12,-3.57318e-12,0.0,0.0,-2.403086e-13,-2.288943e-12,-5.799569e-12,-3.750935e-12,0.0,0.0,0.0,0.0,310315.22,1.2079756e-11,1.2079756e-11,1.8535327e-12,-2.1274313e-12,-2.0966594e-12,0.0,0.0008050625,0.0008050625,0.0,0.0,0.0008050625,0.0008050625,0.0,-0.0,-0.0,-0.00020271142,-0.00020271142,-0.0,-0.0,-0.00020271142,-0.00020271142,0.0,0.0,-0.0,-0.0,-0.00020271142,-0.00020271142,-0.00020271142,-0.00020271142,Uniaxial,0.5855000019073486
5.672958071461025e-32,1079.4481201171875,12.276093482971191,0.0,0.0,0.8984261751174927,0.0008078125,-0.00020341977,-0.00020341977,3.7719436e-21,-4.7777952e-21,-6.8953776e-21,0.0007269861,-0.00018725448,-0.00018725448,2.9598612e-21,-3.3403365e-21,-5.8343113e-21,-75941.09,75941.09,75941.09,-75941.09,-75941.09,75941.09,75941.09,-75941.09,2.423943e-11,2.4875263e-11,0.0,0.0,2.2423735e-11,2.3059566e-11,0.0,0.0,2.5858775e-11,2.3748377e-11,2.1440221e-11,2.355062e-11,0.0,0.0,0.0,0.0,303764.38,-9.4597996e-11,-9.4597996e-11,1.271664e-12,-2.2509596e-12,-1.6615556e-12,-0.0,0.0008078125,0.0008078125,-0.0,-0.0,0.0008078125,0.0008078125,-0.0,0.0,0.0,-0.00020341977,-0.00020341977,0.0,0.0,-0.00020341977,-0.00020341977,0.0,0.0,0.0,0.0,-0.00020341977,-0.00020341977,-0.00020341977,-0.00020341977,Uniaxial,0.5874999761581421
7.007771285880485e-32,1080.2755126953125,12.042290687561035,0.0,0.0,0.9003607034683228,0.0008105625,-0.0002041281,-0.0002041281,3.4278365e-21,-4.910144e-21,-6.868908e-21,0.00072973606,-0.00018796281,-0.00018796281,2.9759729e-21,-3.3943825e-21,-5.8699305e-21,-74494.766,74494.766,74494.766,-74494.766,-74494.766,74494.766,74494.766,-74494.766,5.3392964e-11,5.374002e-11,0.0,0.0,5.065586e-11,5.1002917e-11,0.0,0.0,3.940293e-11,3.7253825e-11,3.5994097e-11,3.81432e-11,0.0,0.0,0.0,0.0,297979.06,-2.0879176e-10,-1.5079404e-10,6.941104e-13,-2.3283708e-12,-1.5345349e-12,0.0,0.0008105625,0.0008105625,0.0,0.0,0.0008105625,0.0008105625,0.0,0.0,0.0,-0.0002041281,-0.0002041281,0.0,0.0,-0.0002041281,-0.0002041281,0.0,0.0,0.0,0.0,-0.0002041281,-0.0002041281,-0.0002041281,-0.0002041281,Uniaxial,0.5895000100135803
5.672958071461025e-32,1081.0897216796875,11.887443542480469,0.0,0.0,0.9016419053077698,0.0008133125,-0.00020483643,-0.00020483643,3.0837293e-21,-5.0160232e-21,-6.974787e-21,0.0007324861,-0.00018867115,-0.00018867115,2.9796827e-21,-3.4502127e-21,-5.907969e-21,-73536.87,73536.87,73536.87,-73536.87,-73536.87,73536.87,73536.87,-73536.87,2.0895613e-11,2.09745e-11,0.0,0.0,1.9101859e-11,1.9180744e-11,0.0,0.0,2.2267327e-11,2.0095247e-11,1.7809032e-11,1.9981112e-11,0.0,0.0,0.0,0.0,294147.47,-8.015272e-11,-8.015272e-11,1.5777146e-13,-2.3743223e-12,-1.6176732e-12,-0.0,0.0008133125,0.0008133125,-0.0,-0.0,0.0008133125,0.0008133125,-0.0,0.0,0.0,-0.00020483643,-0.00020483643,0.0,0.0,-0.00020483643,-0.00020483643,0.0,0.0,0.0,0.0,-0.00020483643,-0.00020483643,-0.00020483643,-0.00020483643,Uniaxial,0.5914999842643738
7.007771285880485e-32,1081.893310546875,11.732595443725586,0.0,0.0,0.9029231667518616,0.0008160625,-0.00020554477,-0.00020554477,2.7396222e-21,-5.1219024e-21,-7.239485e-21,0.0007352361,-0.00018937948,-0.00018937948,2.9714177e-21,-3.5077664e-21,-5.953811e-21,-72578.97,72578.97,72578.97,-72578.97,-72578.97,72578.97,72578.97,-72578.97,2.1329839e-11,2.1156386e-11,0.0,0.0,1.839793e-11,1.8224477e-11,0.0,0.0,1.0299579e-11,8.106801e-12,6.652271e-12,8.845049e-12,0.0,0.0,0.0,0.0,290315.88,-7.9108636e-11,-3.39037e-11,-3.469057e-13,-2.4157182e-12,-1.9241412e-12,0.0,0.0008160625,0.0008160625,0.0,0.0,0.0008160625,0.0008160625,0.0,0.0,0.0,-0.00020554477,-0.00020554477,0.0,0.0,-0.00020554477,-0.00020554477,0.0,0.0,0.0,0.0,-0.00020554477,-0.00020554477,-0.00020554477,-0.00020554477,Uniaxial,0.593500018119812
5.672958071461025e-32,1082.6864013671875,11.57774829864502,0.0,0.0,0.9042043685913086,0.0008188125,-0.0002062531,-0.0002062531,2.4219848e-21,-5.0160232e-21,-7.451243e-21,0.00073798606,-0.00019008781,-0.00019008781,2.9525016e-21,-3.5596934e-21,-6.005365e-21,-71621.06,71621.06,71621.06,-71621.06,-71621.06,71621.06,71621.06,-71621.06,9.586228e-12,9.194481e-12,0.0,0.0,7.533638e-12,7.141891e-12,0.0,0.0,-4.853407e-13,-2.5456492e-12,-5.0906987e-12,-3.0303904e-12,0.0,0.0,0.0,0.0,286484.25,-3.3456238e-11,1.1152079e-11,-7.834935e-13,-2.1507798e-12,-2.1353436e-12,-0.0,0.0008188125,0.0008188125,-0.0,-0.0,0.0008188125,0.0008188125,-0.0,0.0,0.0,-0.0002062531,-0.0002062531,0.0,0.0,-0.0002062531,-0.0002062531,-0.0,-0.0,-0.0,-0.0,-0.0002062531,-0.0002062531,-0.0002062531,-0.0002062531,Uniaxial,0.5954999923706055
1.2680729945088686e-31,1083.468994140625,11.422900199890137,0.0,0.0,0.9054855704307556,0.0008215625,-0.00020696144,-0.00020696144,2.157287e-21,-5.1219024e-21,-7.6365314e-21,0.0007407361,-0.00019079616,-0.00019079616,2.9251237e-21,-3.613478e-21,-6.0615238e-21,-70663.164,70663.164,70663.164,-70663.164,-70663.164,70663.164,70663.164,-70663.164,-1.8155451e-11,-1.8714856e-11,0.0,0.0,-1.9795379e-11,-2.0354786e-11,0.0,0.0,-1.6408295e-11,-1.8492175e-11,-2.210194e-11,-2.0018062e-11,0.0,0.0,0.0,0.0,282652.66,7.702047e-11,7.702047e-11,-1.1188126e-12,-2.1979209e-12,-2.294939e-12,0.0,0.0008215625,0.0008215625,0.0,0.0,0.0008215625,0.0008215625,0.0,-0.0,-0.0,-0.00020696144,-0.00020696144,-0.0,-0.0,-0.00020696144,-0.00020696144,-0.0,-0.0,-0.0,-0.0,-0.00020696144,-0.00020696144,-0.00020696144,-0.00020696144,Uniaxial,0.5975000262260437
1.0678509241838733e-31,1084.240966796875,11.26805305480957,0.0,0.0,0.9067668318748474,0.0008243125,-0.00020766977,-0.00020766977,2.051408e-21,-5.0954326e-21,-7.76888e-21,0.0007434861,-0.00019150448,-0.00019150448,2.895043e-21,-3.664499e-21,-6.1203053e-21,-69705.26,69705.26,69705.26,-69705.26,-69705.26,69705.26,69705.26,-69705.26,-6.013638e-12,-7.1123944e-12,0.0,0.0,-9.168261e-12,-1.0267017e-11,0.0,0.0,-1.665637e-11,-1.8669661e-11,-2.1331825e-11,-1.9318535e-11,0.0,0.0,0.0,0.0,278821.03,3.256131e-11,7.597639e-11,-1.2125946e-12,-2.0567447e-12,-2.3695707e-12,-0.0,0.0008243125,0.0008243125,-0.0,-0.0,0.0008243125,0.0008243125,-0.0,-0.0,-0.0,-0.00020766977,-0.00020766977,-0.0,-0.0,-0.00020766977,-0.00020766977,-0.0,-0.0,-0.0,-0.0,-0.00020766977,-0.00020766977,-0.00020766977,-0.00020766977,Uniaxial,0.5995000004768372
8.008881637505462e-32,1085.00244140625,11.113204956054688,0.0,0.0,0.9080480337142944,0.0008270625,-0.0002083781,-0.0002083781,1.81318e-21,-4.9630837e-21,-8.060048e-21,0.00074623607,-0.00019221283,-0.00019221283,2.8577963e-21,-3.7092075e-21,-6.1870876e-21,-68747.36,68747.36,68747.36,-68747.36,-68747.36,68747.36,68747.36,-68747.36,-2.4496407e-11,-2.5729287e-11,0.0,0.0,-2.7793792e-11,-2.9026672e-11,0.0,0.0,-2.4914706e-11,-2.6788367e-11,-2.8608373e-11,-2.6734712e-11,0.0,0.0,0.0,0.0,274989.44,1.0704616e-10,1.0704616e-10,-1.4808404e-12,-1.7774857e-12,-2.6550947e-12,0.0,0.0008270625,0.0008270625,0.0,0.0,0.0008270625,0.0008270625,0.0,-0.0,-0.0,-0.0002083781,-0.0002083781,-0.0,-0.0,-0.0002083781,-0.0002083781,-0.0,-0.0,-0.0,-0.0,-0.0002083781,-0.0002083781,-0.0002083781,-0.0002083781,Uniaxial,0.6014999747276306
2.202442420926643e-31,1085.75341796875,10.958357810974121,0.0,0.0,0.9093292951583862,0.0008298125,-0.00020908644,-0.00020908644,1.7073008e-21,-4.936614e-21,-8.245336e-21,0.0007489861,-0.00019292116,-0.00019292116,2.8181866e-21,-3.751465e-21,-6.2579497e-21,-67789.45,67789.45,67789.45,-67789.45,-67789.45,67789.45,67789.45,-67789.45,-3.4630243e-11,-3.6391584e-11,0.0,0.0,-3.7496645e-11,-3.9257986e-11,0.0,0.0,-3.3619375e-11,-3.5432615e-11,-4.0268854e-11,-3.8455614e-11,0.0,0.0,0.0,0.0,271157.8,1.4777646e-10,1.4777646e-10,-1.5528409e-12,-1.6566489e-12,-2.778049e-12,-0.0,0.0008298125,0.0008298125,-0.0,-0.0,0.0008298125,0.0008298125,-0.0,-0.0,-0.0,-0.00020908644,-0.00020908644,-0.0,-0.0,-0.00020908644,-0.00020908644,-0.0,-0.0,-0.0,-0.0,-0.00020908644,-0.00020908644,-0.00020908644,-0.00020908644,Uniaxial,0.6035000085830688
1.3681839708966487e-31,1086.493896484375,10.803509712219238,0.0,0.0,0.9106104969978333,0.0008325625,-0.00020979477,-0.00020979477,1.4690728e-21,-4.936614e-21,-8.695323e-21,0.0007517361,-0.0001936295,-0.0001936295,2.7717386e-21,-3.7922677e-21,-6.3418645e-21,-66831.555,66831.555,66831.555,-66831.555,-66831.555,66831.555,66831.555,-66831.555,-2.588035e-11,-2.7270405e-11,0.0,0.0,-2.9964285e-11,-3.1354336e-11,0.0,0.0,-1.8376394e-11,-2.0149818e-11,-2.3248832e-11,-2.1475408e-11,0.0,0.0,0.0,0.0,267326.22,1.1446938e-10,8.3250455e-11,-1.7951883e-12,-1.5770097e-12,-3.2432722e-12,0.0,0.0008325625,0.0008325625,0.0,0.0,0.0008325625,0.0008325625,0.0,-0.0,-0.0,-0.00020979477,-0.00020979477,-0.0,-0.0,-0.00020979477,-0.00020979477,-0.0,-0.0,-0.0,-0.0,-0.00020979477,-0.00020979477,-0.00020979477,-0.00020979477,Uniaxial,0.6054999828338623
6.674068423086002e-32,1087.2237548828125,10.648662567138672,0.0,0.0,0.911891758441925,0.0008353125,-0.00021050312,-0.00021050312,1.4161332e-21,-4.9630837e-21,-9.0658995e-21,0.0007544861,-0.00019433783,-0.00019433783,2.7250674e-21,-3.832577e-21,-6.435649e-21,-65873.65,65873.65,65873.65,-65873.65,-65873.65,65873.65,65873.65,-65873.65,-3.1259374e-11,-3.2640817e-11,0.0,0.0,-3.4030674e-11,-3.5412118e-11,0.0,0.0,-2.0570351e-11,-2.2323074e-11,-2.5586835e-11,-2.3834112e-11,0.0,0.0,0.0,0.0,263494.6,1.3334298e-10,9.231437e-11,-1.7779721e-12,-1.5356076e-12,-3.5727636e-12,-0.0,0.0008353125,0.0008353125,-0.0,-0.0,0.0008353125,0.0008353125,-0.0,-0.0,-0.0,-0.00021050312,-0.00021050312,-0.0,-0.0,-0.00021050312,-0.00021050312,-0.0,-0.0,-0.0,-0.0,-0.00021050312,-0.00021050312,-0.00021050312,-0.00021050312,Uniaxial,0.6075000166893005
6.006661522002684e-32,1087.943115234375,10.493814468383789,0.0,0.0,0.9131729602813721,0.0008380625,-0.00021121145,-0.00021121145,1.3896634e-21,-5.1219024e-21,-9.251188e-21,0.0007572361,-0.00019504616,-0.00019504616,2.6790916e-21,-3.8769665e-21,-6.5325834e-21,-64915.75,64915.75,64915.75,-64915.75,-64915.75,64915.75,64915.75,-64915.75,-2.5224574e-11,-2.7072497e-11,0.0,0.0,-2.8521492e-11,-3.0369415e-11,0.0,0.0,-1.30969255e-11,-1.491507e-11,-1.7227069e-11,-1.5408924e-11,0.0,0.0,0.0,0.0,259663.0,1.11187975e-10,6.064799e-11,-1.7260072e-12,-1.6664506e-12,-3.6390795e-12,0.0,0.0008380625,0.0008380625,0.0,0.0,0.0008380625,0.0008380625,0.0,-0.0,-0.0,-0.00021121145,-0.00021121145,-0.0,-0.0,-0.00021121145,-0.00021121145,-0.0,-0.0,-0.0,-0.0,-0.00021121145,-0.00021121145,-0.00021121145,-0.00021121145,Uniaxial,0.609499990940094
8.342585088047121e-32,1088.65185546875,10.338967323303223,0.0,0.0,0.9144541621208191,0.0008408125,-0.00021191979,-0.00021191979,1.204375e-21,-5.280721e-21,-9.489416e-21,0.00075998605,-0.0001957545,-0.0001957545,2.6283193e-21,-3.9252955e-21,-6.6343823e-21,-63957.848,63957.848,63957.848,-63957.848,-63957.848,63957.848,63957.848,-63957.848,-1.0052823e-11,-1.1484254e-11,0.0,0.0,-1.3412855e-11,-1.4844286e-11,0.0,0.0,-9.829185e-12,-1.17078925e-11,-1.5067924e-11,-1.3189216e-11,0.0,0.0,0.0,0.0,255831.39,4.9794217e-11,4.9794217e-11,-1.8779425e-12,-1.7875776e-12,-3.7653075e-12,-0.0,0.0008408125,0.0008408125,-0.0,-0.0,0.0008408125,0.0008408125,-0.0,-0.0,-0.0,-0.00021191979,-0.00021191979,-0.0,-0.0,-0.00021191979,-0.00021191979,-0.0,-0.0,-0.0,-0.0,-0.00021191979,-0.00021191979,-0.00021191979,-0.00021191979,Uniaxial,0.6115000247955322
4.004440818752731e-32,1089.35009765625,10.18411922454834,0.0,0.0,0.9157354235649109,0.0008435625,-0.00021262812,-0.00021262812,1.204375e-21,-5.2277815e-21,-9.5423555e-21,0.0007627361,-0.00019646283,-0.00019646283,2.5792952e-21,-3.970138e-21,-6.7344994e-21,-62999.945,62999.945,62999.945,-62999.945,-62999.945,62999.945,62999.945,-62999.945,-2.8077163e-12,-4.193241e-12,0.0,0.0,-5.6164483e-12,-7.001973e-12,0.0,0.0,-2.8458043e-12,-4.6476117e-12,-6.9638848e-12,-5.162077e-12,0.0,0.0,0.0,0.0,251999.78,1.9619377e-11,1.9619377e-11,-1.7861301e-12,-1.6337782e-12,-3.6476273e-12,0.0,0.0008435625,0.0008435625,0.0,0.0,0.0008435625,0.0008435625,0.0,-0.0,-0.0,-0.00021262812,-0.00021262812,-0.0,-0.0,-0.00021262812,-0.00021262812,-0.0,-0.0,-0.0,-0.0,-0.00021262812,-0.00021262812,-0.00021262812,-0.00021262812,Uniaxial,0.6134999990463257
5.672958071461025e-32,1090.037841796875,10.029272079467773,0.0,0.0,0.9170166254043579,0.0008463125,-0.00021333645,-0.00021333645,1.2308448e-21,-5.3866e-21,-9.489416e-21,0.0007654861,-0.00019717118,-0.00019717118,2.5328703e-21,-4.0189047e-21,-6.829347e-21,-62042.043,62042.043,62042.043,-62042.043,-62042.043,62042.043,62042.043,-62042.043,-2.5781452e-12,-3.9034626e-12,0.0,0.0,-5.757072e-12,-7.0823894e-12,0.0,0.0,6.8571633e-12,4.9973797e-12,2.8033715e-12,4.663155e-12,0.0,0.0,0.0,0.0,248168.17,1.9321069e-11,-1.9321069e-11,-1.6657161e-12,-1.7497296e-12,-3.403098e-12,-0.0,0.0008463125,0.0008463125,-0.0,-0.0,0.0008463125,0.0008463125,-0.0,-0.0,-0.0,-0.00021333645,-0.00021333645,-0.0,-0.0,-0.00021333645,-0.00021333645,0.0,0.0,-0.0,-0.0,-0.00021333645,-0.00021333645,-0.00021333645,-0.00021333645,Uniaxial,0.6154999732971191
5.672958071461025e-32,1090.715087890625,9.874424934387207,0.0,0.0,0.9182978868484497,0.0008490625,-0.00021404479,-0.00021404479,1.3896634e-21,-5.545419e-21,-9.330597e-21,0.00076823606,-0.0001978795,-0.0001978795,2.4935113e-21,-4.07146e-21,-6.915461e-21,-61084.14,61084.14,61084.14,-61084.14,-61084.14,61084.14,61084.14,-61084.14,8.7341e-12,8.038911e-12,0.0,0.0,6.2281595e-12,5.53297e-12,0.0,0.0,2.147856e-11,1.9565361e-11,1.6566961e-11,1.848016e-11,0.0,0.0,0.0,0.0,244336.56,-2.853414e-11,-7.609104e-11,-1.3903788e-12,-1.856561e-12,-3.0420445e-12,0.0,0.0008490625,0.0008490625,0.0,0.0,0.0008490625,0.0008490625,0.0,0.0,0.0,-0.00021404479,-0.00021404479,0.0,0.0,-0.00021404479,-0.00021404479,0.0,0.0,0.0,0.0,-0.00021404479,-0.00021404479,-0.00021404479,-0.00021404479,Uniaxial,0.6175000071525574
6.674068423086002e-32,1091.3817138671875,9.719576835632324,0.0,0.0,0.9195790886878967,0.0008518125,-0.00021475312,-0.00021475312,1.6278914e-21,-5.7042375e-21,-9.171779e-21,0.0007709861,-0.00019858783,-0.00019858783,2.4637096e-21,-4.127674e-21,-6.9931424e-21,-60126.24,60126.24,60126.24,-60126.24,-60126.24,60126.24,60126.24,-60126.24,1.5716374e-11,1.4705782e-11,0.0,0.0,1.33808945e-11,1.2370303e-11,0.0,0.0,1.6438432e-11,1.4476184e-11,1.1648245e-11,1.3610493e-11,0.0,0.0,0.0,0.0,240504.95,-5.6173354e-11,-5.6173354e-11,-1.0362659e-12,-1.9546587e-12,-2.701122e-12,-0.0,0.0008518125,0.0008518125,-0.0,-0.0,0.0008518125,0.0008518125,-0.0,0.0,0.0,-0.00021475312,-0.00021475312,0.0,0.0,-0.00021475312,-0.00021475312,0.0,0.0,0.0,0.0,-0.00021475312,-0.00021475312,-0.00021475312,-0.00021475312,Uniaxial,0.6194999814033508
1.3681839708966487e-31,1092.037841796875,9.564729690551758,0.0,0.0,0.9208602905273438,0.0008545625,-0.00021546146,-0.00021546146,1.81318e-21,-5.757177e-21,-9.145309e-21,0.0007737361,-0.00019929618,-0.00019929618,2.4413127e-21,-4.1837753e-21,-7.067238e-21,-59168.336,59168.336,59168.336,-59168.336,-59168.336,59168.336,59168.336,-59168.336,1.7933233e-11,1.705759e-11,0.0,0.0,1.518816e-11,1.43125164e-11,0.0,0.0,1.8960245e-11,1.7015497e-11,1.3285504e-11,1.5230253e-11,0.0,0.0,0.0,0.0,236673.34,-6.44915e-11,-6.44915e-11,-7.6636614e-13,-1.9196604e-12,-2.535392e-12,0.0,0.0008545625,0.0008545625,0.0,0.0,0.0008545625,0.0008545625,0.0,0.0,0.0,-0.00021546146,-0.00021546146,0.0,0.0,-0.00021546146,-0.00021546146,0.0,0.0,0.0,0.0,-0.00021546146,-0.00021546146,-0.00021546146,-0.00021546146,Uniaxial,0.6215000152587891
1.1012212104633216e-31,1092.6834716796875,9.409881591796875,0.0,0.0,0.9221415519714355,0.0008573125,-0.00021616979,-0.00021616979,1.9984684e-21,-5.9159957e-21,-9.01296e-21,0.00077648606,-0.0002000045,-0.0002000045,2.4260664e-21,-4.2434127e-21,-7.134226e-21,-58210.434,58210.434,58210.434,-58210.434,-58210.434,58210.434,58210.434,-58210.434,1.9312376e-11,1.9055748e-11,0.0,0.0,1.7199919e-11,1.6943292e-11,0.0,0.0,2.0917119e-11,1.8928385e-11,1.5338548e-11,1.7327284e-11,0.0,0.0,0.0,0.0,232841.73,-7.251134e-11,-7.251134e-11,-5.132535e-13,-2.007631e-12,-2.2550779e-12,-0.0,0.0008573125,0.0008573125,-0.0,-0.0,0.0008573125,0.0008573125,-0.0,0.0,0.0,-0.00021616979,-0.00021616979,0.0,0.0,-0.00021616979,-0.00021616979,0.0,0.0,0.0,0.0,-0.00021616979,-0.00021616979,-0.00021616979,-0.00021616979,Uniaxial,0.6234999895095825
1.2013323044005368e-31,1093.3184814453125,9.255034446716309,0.0,0.0,0.9234227538108826,0.0008600625,-0.00021687814,-0.00021687814,2.2366964e-21,-6.0483446e-21,-9.01296e-21,0.0007792361,-0.00020071285,-0.00020071285,2.4195467e-21,-4.305554e-21,-7.198908e-21,-57252.53,57252.53,57252.53,-57252.53,-57252.53,57252.53,57252.53,-57252.53,2.5843654e-11,2.524326e-11,0.0,0.0,2.3787932e-11,2.3187539e-11,0.0,0.0,1.8374214e-11,1.6360555e-11,1.2827455e-11,1.4841113e-11,0.0,0.0,0.0,0.0,229010.12,-9.8062385e-11,-6.240334e-11,-2.1586675e-13,-2.057479e-12,-2.1416074e-12,0.0,0.0008600625,0.0008600625,0.0,0.0,0.0008600625,0.0008600625,-0.0,0.0,0.0,-0.00021687814,-0.00021687814,0.0,0.0,-0.00021687814,-0.00021687814,0.0,0.0,0.0,0.0,-0.00021687814,-0.00021687814,-0.00021687814,-0.00021687814,Uniaxial,0.6255000233650208
1.568406041221644e-31,1093.9429931640625,9.100186347961426,0.0,0.0,0.9247040152549744,0.0008628125,-0.00021758646,-0.00021758646,2.395515e-21,-6.1806935e-21,-9.251188e-21,0.0007819861,-0.00020142118,-0.00020142118,2.4187193e-21,-4.370112e-21,-7.2695645e-21,-56294.63,56294.63,56294.63,-56294.63,-56294.63,56294.63,56294.63,-56294.63,1.0824793e-11,1.0318866e-11,0.0,0.0,7.2123496e-12,6.7064223e-12,0.0,0.0,1.1097266e-11,9.553934e-12,6.4339493e-12,7.977282e-12,0.0,0.0,0.0,0.0,225178.52,-3.5062432e-11,-3.5062432e-11,-2.6935785e-14,-2.1017474e-12,-2.3002947e-12,-0.0,0.0008628125,0.0008628125,0.0,-0.0,0.0008628125,0.0008628125,0.0,0.0,0.0,-0.00021758646,-0.00021758646,0.0,0.0,-0.00021758646,-0.00021758646,0.0,0.0,0.0,0.0,-0.00021758646,-0.00021758646,-0.00021758646,-0.00021758646,Uniaxial,0.6274999976158142
1.9021093742138678e-31,1094.5570068359375,8.94533920288086,0.0,0.0,0.9259852170944214,0.0008655625,-0.0002182948,-0.0002182948,2.4219848e-21,-6.127754e-21,-9.648235e-21,0.00078473607,-0.00020212952,-0.00020212952,2.4188318e-21,-4.4306245e-21,-7.351459e-21,-55336.727,55336.727,55336.727,-55336.727,-55336.727,55336.727,55336.727,-55336.727,3.46896e-11,3.370648e-11,0.0,0.0,3.0916922e-11,2.9933802e-11,0.0,0.0,2.4157834e-11,2.2697112e-11,1.8924433e-11,2.0385157e-11,0.0,0.0,0.0,0.0,221346.9,-1.2924681e-10,-8.6164534e-11,3.597899e-15,-1.9365282e-12,-2.620762e-12,0.0,0.0008655625,0.0008655625,0.0,0.0,0.0008655625,0.0008655625,0.0,0.0,0.0,-0.0002182948,-0.0002182948,0.0,0.0,-0.0002182948,-0.0002182948,0.0,0.0,0.0,0.0,-0.0002182948,-0.0002182948,-0.0002182948,-0.0002182948,Uniaxial,0.6294999718666077
1.401554257176097e-31,1095.160400390625,8.790491104125977,0.0,0.0,0.9272664785385132,0.0008683125,-0.00021900314,-0.00021900314,2.2631662e-21,-6.1542238e-21,-1.0283509e-20,0.0007874861,-0.00020283785,-0.00020283785,2.4134723e-21,-4.4899654e-21,-7.4524046e-21,-54378.824,54378.824,54378.824,-54378.824,-54378.824,54378.824,54378.824,-54378.824,8.909853e-12,7.840664e-12,0.0,0.0,4.8602845e-12,3.791096e-12,0.0,0.0,3.7449617e-13,-1.5434962e-12,-4.608146e-12,-2.6901532e-12,0.0,0.0,0.0,0.0,217515.3,-2.5401898e-11,8.467299e-12,-1.6853972e-13,-1.8661474e-12,-3.174543e-12,-0.0,0.0008683125,0.0008683125,-0.0,-0.0,0.0008683125,0.0008683125,-0.0,0.0,0.0,-0.00021900314,-0.00021900314,0.0,0.0,-0.00021900314,-0.00021900314,0.0,0.0,0.0,0.0,-0.00021900314,-0.00021900314,-0.00021900314,-0.00021900314,Uniaxial,0.6315000057220459
1.401554257176097e-31,1095.7532958984375,8.63564395904541,0.0,0.0,0.9285476803779602,0.0008710625,-0.00021971147,-0.00021971147,2.051408e-21,-6.101284e-21,-1.0812905e-20,0.0007902361,-0.00020354618,-0.00020354618,2.401007e-21,-4.5454407e-21,-7.568101e-21,-53420.92,53420.92,53420.92,-53420.92,-53420.92,53420.92,53420.92,-53420.92,2.0936834e-11,1.9759363e-11,0.0,0.0,1.7672287e-11,1.6494818e-11,0.0,0.0,1.3443335e-11,1.16014915e-11,7.352027e-12,9.1938705e-12,0.0,0.0,0.0,0.0,213683.69,-7.48633e-11,-4.1590724e-11,-3.8510327e-13,-1.7138498e-12,-3.574335e-12,0.0,0.0008710625,0.0008710625,0.0,0.0,0.0008710625,0.0008710625,0.0,0.0,0.0,-0.00021971147,-0.00021971147,0.0,0.0,-0.00021971147,-0.00021971147,0.0,0.0,0.0,0.0,-0.00021971147,-0.00021971147,-0.00021971147,-0.00021971147,Uniaxial,0.6334999799728394
1.6351467313299758e-31,1096.335693359375,8.480795860290527,0.0,0.0,0.9298288822174072,0.0008738125,-0.00022041981,-0.00022041981,1.7867101e-21,-6.1806935e-21,-1.13423006e-20,0.0007929861,-0.00020425452,-0.00020425452,2.3798578e-21,-4.60174e-21,-7.698041e-21,-52463.02,52463.02,52463.02,-52463.02,-52463.02,52463.02,52463.02,-52463.02,3.1214854e-11,2.9416643e-11,0.0,0.0,2.776629e-11,2.5968077e-11,0.0,0.0,3.1727697e-11,2.988872e-11,2.5455235e-11,2.7294212e-11,0.0,0.0,0.0,0.0,209852.08,-1.14365864e-10,-1.14365864e-10,-6.4166977e-13,-1.708119e-12,-3.942376e-12,-0.0,0.0008738125,0.0008738125,-0.0,-0.0,0.0008738125,0.0008738125,-0.0,0.0,0.0,-0.00022041981,-0.00022041981,0.0,0.0,-0.00022041981,-0.00022041981,0.0,0.0,0.0,0.0,-0.00022041981,-0.00022041981,-0.00022041981,-0.00022041981,Uniaxial,0.6355000138282776
1.8687390879344194e-31,1096.907470703125,8.325948715209961,0.0,0.0,0.931110143661499,0.0008765625,-0.00022112814,-0.00022112814,1.204375e-21,-6.2865727e-21,-1.1898166e-20,0.0007957361,-0.00020496285,-0.00020496285,2.3393877e-21,-4.659746e-21,-7.842644e-21,-51505.12,51505.12,51505.12,-51505.12,-51505.12,51505.12,51505.12,-51505.12,3.1171187e-11,2.9091087e-11,0.0,0.0,2.7047762e-11,2.4967663e-11,0.0,0.0,3.130177e-11,2.9452964e-11,2.483708e-11,2.6685886e-11,0.0,0.0,0.0,0.0,206020.48,-1.122777e-10,-1.122777e-10,-1.2054428e-12,-1.7277747e-12,-4.3071753e-12,-0.0,0.0008765625,0.0008765625,0.0,-0.0,0.0008765625,0.0008765625,0.0,0.0,0.0,-0.00022112814,-0.00022112814,0.0,0.0,-0.00022112814,-0.00022112814,0.0,0.0,0.0,0.0,-0.00022112814,-0.00022112814,-0.00022112814,-0.00022112814,Uniaxial,0.637499988079071
1.134591614292205e-31,1097.46875,8.171100616455078,0.0,0.0,0.932391345500946,0.0008793125,-0.00022183648,-0.00022183648,5.9557004e-22,-6.2865727e-21,-1.2348152e-20,0.00079848606,-0.0002056712,-0.0002056712,2.279351e-21,-4.715755e-21,-7.997762e-21,-50547.22,50547.22,50547.22,-50547.22,-50547.22,50547.22,50547.22,-50547.22,1.9037324e-11,1.7174904e-11,0.0,0.0,1.4307822e-11,1.24454015e-11,0.0,0.0,1.802297e-11,1.621942e-11,1.3459755e-11,1.5263305e-11,0.0,0.0,0.0,0.0,202188.88,-6.296545e-11,-6.296545e-11,-1.7550046e-12,-1.637263e-12,-4.534411e-12,-0.0,0.0008793125,0.0008793125,0.0,-0.0,0.0008793125,0.0008793125,0.0,0.0,0.0,-0.00022183648,-0.00022183648,0.0,0.0,-0.00022183648,-0.00022183648,0.0,0.0,0.0,0.0,-0.00022183648,-0.00022183648,-0.00022183648,-0.00022183648,Uniaxial,0.6395000219345093
1.401554257176097e-31,1098.01953125,8.016253471374512,0.0,0.0,0.9336726069450378,0.0008820625,-0.00022254481,-0.00022254481,1.323489e-23,-6.4189216e-21,-1.2771669e-20,0.0008012361,-0.00020637953,-0.00020637953,2.2013322e-21,-4.7743924e-21,-8.16212e-21,-49589.316,49589.316,49589.316,-49589.316,-49589.316,49589.316,49589.316,-49589.316,8.760022e-12,6.6563872e-12,0.0,0.0,4.925903e-12,2.8222678e-12,0.0,0.0,9.113526e-12,7.287802e-12,2.4687643e-12,4.294488e-12,0.0,0.0,0.0,0.0,198357.27,-2.3164581e-11,-2.3164581e-11,-2.2374335e-12,-1.6816095e-12,-4.713483e-12,0.0,0.0008820625,0.0008820625,0.0,0.0,0.0008820625,0.0008820625,0.0,0.0,0.0,-0.00022254481,-0.00022254481,0.0,0.0,-0.00022254481,-0.00022254481,0.0,0.0,0.0,0.0,-0.00022254481,-0.00022254481,-0.00022254481,-0.00022254481,Uniaxial,0.6414999961853027
1.6017763275010923e-31,1098.5596923828125,7.861405849456787,0.0,0.0,0.9349538087844849,0.0008848125,-0.00022325314,-0.00022325314,-4.3675136e-22,-6.4453913e-21,-1.3009897e-20,0.0008039861,-0.00020708787,-0.00020708787,2.1105071e-21,-4.8319222e-21,-8.329021e-21,-48631.414,48631.414,48631.414,-48631.414,-48631.414,48631.414,48631.414,-48631.414,-2.6360463e-12,-4.405695e-12,0.0,0.0,-6.9528636e-12,-8.722512e-12,0.0,0.0,-2.3776868e-12,-4.1715954e-12,-8.980872e-12,-7.1869633e-12,0.0,0.0,0.0,0.0,194525.66,2.2717116e-11,2.2717116e-11,-2.554379e-12,-1.6179794e-12,-4.69396e-12,-0.0,0.0008848125,0.0008848125,-0.0,-0.0,0.0008848125,0.0008848125,-0.0,-0.0,-0.0,-0.00022325314,-0.00022325314,-0.0,-0.0,-0.00022325314,-0.00022325314,-0.0,-0.0,-0.0,-0.0,-0.00022325314,-0.00022325314,-0.00022325314,-0.00022325314,Uniaxial,0.6434999704360962
8.342585088047121e-32,1099.08935546875,7.7065582275390625,0.0,0.0,0.9362350702285767,0.0008875625,-0.00022396148,-0.00022396148,-7.0144916e-22,-6.60421e-21,-1.3248125e-20,0.00080673606,-0.0002077962,-0.0002077962,2.0136959e-21,-4.8929393e-21,-8.498378e-21,-47673.51,47673.51,47673.51,-47673.51,-47673.51,47673.51,47673.51,-47673.51,-2.7479173e-12,-4.574929e-12,0.0,0.0,-6.559898e-12,-8.38691e-12,0.0,0.0,-2.7484005e-12,-4.574446e-12,-8.386426e-12,-6.560381e-12,0.0,0.0,0.0,0.0,190694.05,2.2269653e-11,2.2269653e-11,-2.6691045e-12,-1.682253e-12,-4.6692056e-12,0.0,0.0008875625,0.0008875625,0.0,0.0,0.0008875625,0.0008875625,0.0,-0.0,-0.0,-0.00022396148,-0.00022396148,-0.0,-0.0,-0.00022396148,-0.00022396148,-0.0,0.0,0.0,-0.0,-0.00022396148,-0.00022396148,-0.00022396148,-0.00022396148,Uniaxial,0.6455000042915344
1.0678509241838733e-31,1099.6085205078125,7.551710605621338,0.0,0.0,0.9375162720680237,0.0008903125,-0.00022466981,-0.00022466981,-8.867376e-22,-6.7894985e-21,-1.3327534e-20,0.0008094861,-0.00020850453,-0.00020850453,1.9138387e-21,-4.9582345e-21,-8.6646386e-21,-46715.61,46715.61,46715.61,-46715.61,-46715.61,46715.61,46715.61,-46715.61,-1.1519606e-11,-1.33609495e-11,0.0,0.0,-1.5735305e-11,-1.7576648e-11,0.0,0.0,-1.1753038e-11,-1.3619976e-11,-1.7343217e-11,-1.5476278e-11,0.0,0.0,0.0,0.0,186862.44,5.819251e-11,5.819251e-11,-2.6977695e-12,-1.7640397e-12,-4.4917247e-12,-0.0,0.0008903125,0.0008903125,-0.0,-0.0,0.0008903125,0.0008903125,-0.0,-0.0,-0.0,-0.00022466981,-0.00022466981,-0.0,-0.0,-0.00022466981,-0.00022466981,-0.0,-0.0,-0.0,-0.0,-0.00022466981,-0.00022466981,-0.00022466981,-0.00022466981,Uniaxial,0.6474999785423279
8.342585088047121e-32,1100.1171875,7.396862983703613,0.0,0.0,0.9387974739074707,0.0008930625,-0.00022537816,-0.00022537816,-9.132074e-22,-6.868908e-21,-1.33804736e-20,0.0008122361,-0.00020921287,-0.00020921287,1.816508e-21,-5.024016e-21,-8.826997e-21,-45757.707,45757.707,45757.707,-45757.707,-45757.707,45757.707,45757.707,-45757.707,-1.5109362e-11,-1.6889616e-11,0.0,0.0,-1.8734929e-11,-2.0515185e-11,0.0,0.0,-7.946938e-12,-9.802221e-12,-1.3427788e-11,-1.1572507e-11,0.0,0.0,0.0,0.0,183030.83,7.124909e-11,4.2749453e-11,-2.5755916e-12,-1.7407265e-12,-4.296381e-12,0.0,0.0008930625,0.0008930625,0.0,0.0,0.0008930625,0.0008930625,0.0,-0.0,-0.0,-0.00022537816,-0.00022537816,-0.0,-0.0,-0.00022537816,-0.00022537816,-0.0,-0.0,-0.0,-0.0,-0.00022537816,-0.00022537816,-0.00022537816,-0.00022537816,Uniaxial,0.6495000123977661
1.5016653511133122e-31,1100.615234375,7.242015361785889,0.0,0.0,0.9400787353515625,0.0008958125,-0.00022608649,-0.00022608649,-8.867376e-22,-7.160075e-21,-1.3618702e-20,0.00081498607,-0.0002099212,-0.0002099212,1.7234395e-21,-5.097557e-21,-8.991968e-21,-44799.805,44799.805,44799.805,-44799.805,-44799.805,44799.805,44799.805,-44799.805,-2.0014945e-11,-2.1220567e-11,0.0,0.0,-2.4121838e-11,-2.532746e-11,0.0,0.0,-1.24269805e-11,-1.43645625e-11,-1.8963916e-11,-1.7026333e-11,0.0,0.0,0.0,0.0,179199.22,9.068481e-11,6.2781794e-11,-2.411246e-12,-1.9053262e-12,-4.2741136e-12,-0.0,0.0008958125,0.0008958125,-0.0,-0.0,0.0008958125,0.0008958125,-0.0,-0.0,-0.0,-0.00022608649,-0.00022608649,-0.0,-0.0,-0.00022608649,-0.00022608649,-0.0,-0.0,-0.0,-0.0,-0.00022608649,-0.00022608649,-0.00022608649,-0.00022608649,Uniaxial,0.6514999866485596
9.677398890213756e-32,1101.102783203125,7.087167739868164,0.0,0.0,0.9413599371910095,0.0008985625,-0.00022679481,-0.00022679481,-6.485096e-22,-7.345364e-21,-1.3698111e-20,0.0008177361,-0.00021062954,-0.00021062954,1.641777e-21,-5.1749457e-21,-9.153993e-21,-43841.902,43841.902,43841.902,-43841.902,-43841.902,43841.902,43841.902,-43841.902,-1.9656898e-11,-2.0692148e-11,0.0,0.0,-2.3680755e-11,-2.4716004e-11,0.0,0.0,-1.943776e-11,-2.1403745e-11,-2.493514e-11,-2.2969156e-11,0.0,0.0,0.0,0.0,175367.61,8.87458e-11,8.87458e-11,-2.0704972e-12,-1.962132e-12,-4.1080377e-12,0.0,0.0008985625,0.0008985625,0.0,0.0,0.0008985625,0.0008985625,0.0,-0.0,-0.0,-0.00022679481,-0.00022679481,-0.0,-0.0,-0.00022679481,-0.00022679481,-0.0,-0.0,-0.0,-0.0,-0.00022679481,-0.00022679481,-0.00022679481,-0.00022679481,Uniaxial,0.6535000205039978
9.677398890213756e-32,1101.5797119140625,6.9323201179504395,0.0,0.0,0.9426411986351013,0.0009013125,-0.00022750316,-0.00022750316,-2.2499313e-22,-7.6365314e-21,-1.385693e-20,0.0008204861,-0.00021133787,-0.00021133787,1.5775071e-21,-5.259694e-21,-9.3159076e-21,-42884.0,42884.0,42884.0,-42884.0,-42884.0,42884.0,42884.0,-42884.0,-1.5975691e-11,-1.6772651e-11,0.0,0.0,-1.9953301e-11,-2.075026e-11,0.0,0.0,-1.5602493e-11,-1.763831e-11,-2.1123459e-11,-1.9087643e-11,0.0,0.0,0.0,0.0,171536.0,7.3451904e-11,7.3451904e-11,-1.5939182e-12,-2.101794e-12,-4.0155435e-12,-0.0,0.0009013125,0.0009013125,-0.0,-0.0,0.0009013125,0.0009013125,-0.0,-0.0,-0.0,-0.00022750316,-0.00022750316,-0.0,-0.0,-0.00022750316,-0.00022750316,-0.0,-0.0,-0.0,-0.0,-0.00022750316,-0.00022750316,-0.00022750316,-0.00022750316,Uniaxial,0.6554999947547913
1.5016653511133122e-31,1102.046142578125,6.777472972869873,0.0,0.0,0.9439224004745483,0.0009040625,-0.00022821149,-0.00022821149,2.514629e-22,-7.82182e-21,-1.3989279e-20,0.00082323607,-0.0002120462,-0.0002120462,1.5318535e-21,-5.347904e-21,-9.476804e-21,-41926.098,41926.098,41926.098,-41926.098,-41926.098,41926.098,41926.098,-41926.098,-1.8980002e-11,-1.953347e-11,0.0,0.0,-2.2900423e-11,-2.3453892e-11,0.0,0.0,-1.7983354e-11,-2.0037659e-11,-2.4450539e-11,-2.2396234e-11,0.0,0.0,0.0,0.0,167704.39,8.4867786e-11,8.4867786e-11,-1.1069356e-12,-2.1387735e-12,-3.9011676e-12,0.0,0.0009040625,0.0009040625,0.0,0.0,0.0009040625,0.0009040625,0.0,-0.0,-0.0,-0.00022821149,-0.00022821149,-0.0,-0.0,-0.00022821149,-0.00022821149,-0.0,-0.0,-0.0,-0.0,-0.00022821149,-0.00022821149,-0.00022821149,-0.00022821149,Uniaxial,0.6575000286102295
1.3681839708966487e-31,1102.5020751953125,6.622625350952148,0.0,0.0,0.9452036023139954,0.0009068125,-0.00022891983,-0.00022891983,8.602678e-22,-7.901229e-21,-1.4095158e-20,0.0008259861,-0.00021275454,-0.00021275454,1.5087319e-21,-5.435811e-21,-9.635807e-21,-40968.195,40968.195,40968.195,-40968.195,-40968.195,40968.195,40968.195,-40968.195,-2.2350562e-11,-2.2132006e-11,0.0,0.0,-2.571152e-11,-2.5492964e-11,0.0,0.0,-2.0735684e-11,-2.2761968e-11,-2.7107844e-11,-2.508156e-11,0.0,0.0,0.0,0.0,163872.78,9.5687056e-11,9.5687056e-11,-5.4780773e-13,-2.0827294e-12,-3.767159e-12,-0.0,0.0009068125,0.0009068125,-0.0,-0.0,0.0009068125,0.0009068125,-0.0,-0.0,-0.0,-0.00022891983,-0.00022891983,-0.0,-0.0,-0.00022891983,-0.00022891983,-0.0,-0.0,-0.0,-0.0,-0.00022891983,-0.00022891983,-0.00022891983,-0.00022891983,Uniaxial,0.659500002861023
1.401554257176097e-31,1102.947509765625,6.467777729034424,0.0,0.0,0.9464848637580872,0.0009095625,-0.00022962816,-0.00022962816,1.5220123e-21,-8.086518e-21,-1.4174567e-20,0.00082873605,-0.00021346287,-0.00021346287,1.5091891e-21,-5.5270706e-21,-9.792069e-21,-40010.293,40010.293,40010.293,-40010.293,-40010.293,40010.293,40010.293,-40010.293,1.6399618e-12,2.6301702e-12,0.0,0.0,-2.6301702e-12,-1.6399618e-12,0.0,0.0,7.335455e-12,5.294732e-12,2.0095189e-12,4.0502415e-12,0.0,0.0,0.0,0.0,160041.17,0.0,-1.8689947e-11,1.0579471e-14,-2.111608e-12,-3.615671e-12,0.0,0.0009095625,0.0009095625,0.0,0.0,0.0009095625,0.0009095625,0.0,0.0,0.0,-0.00022962816,-0.00022962816,0.0,0.0,-0.00022962816,-0.00022962816,0.0,0.0,0.0,0.0,-0.00022962816,-0.00022962816,-0.00022962816,-0.00022962816,Uniaxial,0.6614999771118164
1.401554257176097e-31,1103.38232421875,6.312930107116699,0.0,0.0,0.9477660655975342,0.0009123125,-0.0002303365,-0.0002303365,2.3690453e-21,-8.271806e-21,-1.4359855e-20,0.0008314861,-0.00021417122,-0.00021417122,1.5387926e-21,-5.6215675e-21,-9.949331e-21,-39052.39,39052.39,39052.39,-39052.39,-39052.39,39052.39,39052.39,-39052.39,4.0074177e-12,5.3266263e-12,0.0,0.0,7.5420177e-13,2.0734105e-12,0.0,0.0,6.185482e-12,4.1334805e-12,-1.0465387e-13,1.9473474e-12,0.0,0.0,0.0,0.0,156209.56,-1.2161656e-11,-1.2161656e-11,6.6857994e-13,-2.1341652e-12,-3.5516759e-12,-0.0,0.0009123125,0.0009123125,-0.0,-0.0,0.0009123125,0.0009123125,-0.0,0.0,-0.0,-0.0002303365,-0.0002303365,0.0,-0.0,-0.0002303365,-0.0002303365,0.0,0.0,0.0,0.0,-0.0002303365,-0.0002303365,-0.0002303365,-0.0002303365,Uniaxial,0.6635000109672546
1.401554257176097e-31,1103.806640625,6.158082485198975,0.0,0.0,0.949047327041626,0.0009150625,-0.00023104483,-0.00023104483,3.242548e-21,-8.430625e-21,-1.4598083e-20,0.0008342361,-0.00021487955,-0.00021487955,1.5974501e-21,-5.718279e-21,-1.010938e-20,-38094.49,38094.49,38094.49,-38094.49,-38094.49,38094.49,38094.49,-38094.49,2.5023811e-11,2.6654859e-11,0.0,0.0,2.079853e-11,2.2429577e-11,0.0,0.0,2.6371986e-11,2.4321765e-11,2.1081402e-11,2.3131623e-11,0.0,0.0,0.0,0.0,152377.95,-9.490678e-11,-9.490678e-11,1.2922582e-12,-2.1306036e-12,-3.5259692e-12,0.0,0.0009150625,0.0009150625,0.0,0.0,0.0009150625,0.0009150625,0.0,0.0,0.0,-0.00023104483,-0.00023104483,0.0,0.0,-0.00023104483,-0.00023104483,0.0,0.0,0.0,0.0,-0.00023104483,-0.00023104483,-0.00023104483,-0.00023104483,Uniaxial,0.6654999852180481
1.401554257176097e-31,1104.220458984375,6.00323486328125,0.0,0.0,0.950328528881073,0.0009178125,-0.00023175316,-0.00023175316,4.1160507e-21,-8.5894435e-21,-1.4889251e-20,0.00083698606,-0.00021558789,-0.00021558789,1.6841616e-21,-5.8171287e-21,-1.02739435e-20,-37136.59,37136.59,37136.59,-37136.59,-37136.59,37136.59,37136.59,-37136.59,2.5732394e-11,2.7648444e-11,0.0,0.0,2.1502968e-11,2.3419018e-11,0.0,0.0,2.1438637e-11,1.9392243e-11,1.6147738e-11,1.819413e-11,0.0,0.0,0.0,0.0,148546.36,-9.8302824e-11,-7.517275e-11,1.8622638e-12,-2.1229511e-12,-3.5342567e-12,-0.0,0.0009178125,0.0009178125,-0.0,-0.0,0.0009178125,0.0009178125,-0.0,0.0,0.0,-0.00023175316,-0.00023175316,0.0,0.0,-0.00023175316,-0.00023175316,0.0,0.0,0.0,0.0,-0.00023175316,-0.00023175316,-0.00023175316,-0.00023175316,Uniaxial,0.6675000190734863
1.401554257176097e-31,1104.6236572265625,5.848387241363525,0.0,0.0,0.9516097903251648,0.0009205625,-0.0002324615,-0.0002324615,4.9895535e-21,-8.748262e-21,-1.507454e-20,0.0008397361,-0.00021629622,-0.00021629622,1.797961e-21,-5.9180427e-21,-1.043922e-20,-36178.688,36178.688,36178.688,-36178.688,-36178.688,36178.688,36178.688,-36178.688,2.445729e-11,2.66327e-11,0.0,0.0,2.12509e-11,2.342631e-11,0.0,0.0,2.0016055e-11,1.797544e-11,1.37841336e-11,1.5824746e-11,0.0,0.0,0.0,0.0,144714.75,-9.57672e-11,-6.760038e-11,2.3809793e-12,-2.1113892e-12,-3.458023e-12,0.0,0.0009205625,0.0009205625,0.0,0.0,0.0009205625,0.0009205625,0.0,0.0,0.0,-0.0002324615,-0.0002324615,0.0,0.0,-0.0002324615,-0.0002324615,0.0,0.0,0.0,0.0,-0.0002324615,-0.0002324615,-0.0002324615,-0.0002324615,Uniaxial,0.6694999933242798
2.436034777531087e-31,1105.016357421875,5.693539619445801,0.0,0.0,0.9528909921646118,0.0009233125,-0.00023316983,-0.00023316983,5.7307073e-21,-8.880611e-21,-1.5418647e-20,0.0008424861,-0.00021700455,-0.00021700455,1.9333592e-21,-6.020039e-21,-1.0610654e-20,-35220.785,35220.785,35220.785,-35220.785,-35220.785,35220.785,35220.785,-35220.785,2.212034e-11,2.4976656e-11,0.0,0.0,1.8897026e-11,2.1753342e-11,0.0,0.0,2.5545259e-11,2.3521575e-11,1.8328424e-11,2.0352107e-11,0.0,0.0,0.0,0.0,140883.14,-8.7747365e-11,-8.7747365e-11,2.7578766e-12,-2.07753e-12,-3.4918715e-12,-0.0,0.0009233125,0.0009233125,-0.0,-0.0,0.0009233125,0.0009233125,-0.0,0.0,0.0,-0.00023316983,-0.00023316983,0.0,0.0,-0.00023316983,-0.00023316983,0.0,0.0,0.0,0.0,-0.00023316983,-0.00023316983,-0.00023316983,-0.00023316983,Uniaxial,0.671500027179718
2.536145989017737e-31,1105.3985595703125,5.538691997528076,0.0,0.0,0.9541721940040588,0.0009260625,-0.00023387818,-0.00023387818,6.60421e-21,-9.01296e-21,-1.5895103e-20,0.00084523606,-0.00021771289,-0.00021771289,2.094169e-21,-6.123081e-21,-1.0792589e-20,-34262.883,34262.883,34262.883,-34262.883,-34262.883,34262.883,34262.883,-34262.883,1.8182268e-11,2.1252843e-11,0.0,0.0,1.3425019e-11,1.6495595e-11,0.0,0.0,2.0474218e-11,1.8468433e-11,1.4203644e-11,1.620943e-11,0.0,0.0,0.0,0.0,137051.53,-6.935572e-11,-6.935572e-11,3.1863962e-12,-2.041733e-12,-3.6049852e-12,0.0,0.0009260625,0.0009260625,0.0,0.0,0.0009260625,0.0009260625,0.0,0.0,0.0,-0.00023387818,-0.00023387818,0.0,0.0,-0.00023387818,-0.00023387818,0.0,0.0,0.0,0.0,-0.00023387818,-0.00023387818,-0.00023387818,-0.00023387818,Uniaxial,0.6735000014305115
1.5016653511133122e-31,1105.7701416015625,5.383844375610352,0.0,0.0,0.9554534554481506,0.0009288125,-0.0002345865,-0.0002345865,7.345364e-21,-8.933551e-21,-1.6477438e-20,0.0008479861,-0.00021842122,-0.00021842122,2.2749595e-21,-6.219841e-21,-1.0988309e-20,-33304.98,33304.98,33304.98,-33304.98,-33304.98,33304.98,33304.98,-33304.98,1.1740169e-11,1.545108e-11,0.0,0.0,7.885476e-12,1.1596387e-11,0.0,0.0,1.430777e-11,1.2391019e-11,9.0287855e-12,1.0945537e-11,0.0,0.0,0.0,0.0,133219.92,-4.6673113e-11,-4.6673113e-11,3.4821477e-12,-1.8636657e-12,-3.7697102e-12,-0.0,0.0009288125,0.0009288125,-0.0,-0.0,0.0009288125,0.0009288125,-0.0,0.0,0.0,-0.0002345865,-0.0002345865,0.0,0.0,-0.0002345865,-0.0002345865,0.0,0.0,0.0,0.0,-0.0002345865,-0.0002345865,-0.0002345865,-0.0002345865,Uniaxial,0.6754999756813049
2.16907225219663e-31,1106.1312255859375,5.228996753692627,0.0,0.0,0.9567346572875977,0.0009315625,-0.00023529485,-0.00023529485,8.245336e-21,-9.092369e-21,-1.7086243e-20,0.0008507361,-0.00021912956,-0.00021912956,2.48051e-21,-6.3187374e-21,-1.11982516e-20,-32347.078,32347.078,32347.078,-32347.078,-32347.078,32347.078,32347.078,-32347.078,9.3273046e-12,1.2727272e-11,0.0,0.0,4.901342e-12,8.30131e-12,0.0,0.0,1.19822555e-11,1.0072321e-11,5.6463584e-12,7.556293e-12,0.0,0.0,0.0,0.0,129388.31,-3.5257228e-11,-3.5257228e-11,3.8451803e-12,-1.8500323e-12,-3.927332e-12,0.0,0.0009315625,0.0009315625,0.0,0.0,0.0009315625,0.0009315625,0.0,0.0,0.0,-0.00023529485,-0.00023529485,0.0,0.0,-0.00023529485,-0.00023529485,0.0,0.0,0.0,0.0,-0.00023529485,-0.00023529485,-0.00023529485,-0.00023529485,Uniaxial,0.6775000095367432
1.401554257176097e-31,1106.4818115234375,5.074149131774902,0.0,0.0,0.9580159187316895,0.0009343125,-0.00023600318,-0.00023600318,8.98649e-21,-9.145309e-21,-1.7668578e-20,0.00085348607,-0.0002198379,-0.0002198379,2.7045005e-21,-6.416052e-21,-1.1421014e-20,-31389.176,31389.176,31389.176,-31389.176,-31389.176,31389.176,31389.176,-31389.176,7.572048e-12,1.0589991e-11,0.0,0.0,4.072787e-12,7.0907295e-12,0.0,0.0,5.6199763e-12,3.7517953e-12,-7.3238404e-13,1.1357971e-12,0.0,0.0,0.0,0.0,125556.7,-2.9325556e-11,-9.775185e-12,4.0660483e-12,-1.766525e-12,-4.0437658e-12,-0.0,0.0009343125,0.0009343125,-0.0,-0.0,0.0009343125,0.0009343125,-0.0,0.0,0.0,-0.00023600318,-0.00023600318,0.0,0.0,-0.00023600318,-0.00023600318,0.0,0.0,0.0,0.0,-0.00023600318,-0.00023600318,-0.00023600318,-0.00023600318,Uniaxial,0.6794999837875366
1.401554257176097e-31,1106.82177734375,4.919301509857178,0.0,0.0,0.9592971205711365,0.0009370625,-0.00023671151,-0.00023671151,9.515886e-21,-9.1982484e-21,-1.8197973e-20,0.0008562361,-0.00022054624,-0.00022054624,2.9390058e-21,-6.5118384e-21,-1.1654334e-20,-30431.273,30431.273,30431.273,-30431.273,-30431.273,30431.273,30431.273,-30431.273,-4.5113522e-13,2.597288e-12,0.0,0.0,-4.9665072e-12,-1.9180837e-12,0.0,0.0,7.417556e-12,5.589773e-12,2.0593197e-12,3.887103e-12,0.0,0.0,0.0,0.0,121725.09,4.738438e-12,-1.8953752e-11,4.1270095e-12,-1.6857294e-12,-4.1061507e-12,0.0,0.0009370625,0.0009370625,0.0,0.0,0.0009370625,0.0009370625,0.0,0.0,0.0,-0.00023671151,-0.00023671151,0.0,0.0,-0.00023671151,-0.00023671151,0.0,0.0,0.0,0.0,-0.00023671151,-0.00023671151,-0.00023671151,-0.00023671151,Uniaxial,0.6815000176429749
2.002220468151083e-31,1107.1512451171875,4.764453887939453,0.0,0.0,0.9605783820152283,0.0009398125,-0.00023741985,-0.00023741985,9.859993e-21,-9.357067e-21,-1.8859718e-20,0.0008589861,-0.00022125457,-0.00022125457,3.1772843e-21,-6.609795e-21,-1.19024044e-20,-29473.371,29473.371,29473.371,-29473.371,-29473.371,29473.371,29473.371,-29473.371,-6.1035135e-12,-2.5954263e-12,0.0,0.0,-1.1172424e-11,-7.664337e-12,0.0,0.0,6.1476024e-12,4.3278558e-12,7.36323e-13,2.5560695e-12,0.0,0.0,0.0,0.0,117893.484,2.7535701e-11,-1.3767851e-11,4.0614187e-12,-1.6696556e-12,-4.22831e-12,-0.0,0.0009398125,0.0009398125,-0.0,-0.0,0.0009398125,0.0009398125,-0.0,-0.0,-0.0,-0.00023741985,-0.00023741985,-0.0,-0.0,-0.00023741985,-0.00023741985,0.0,0.0,0.0,0.0,-0.00023741985,-0.00023741985,-0.00023741985,-0.00023741985,Uniaxial,0.6834999918937683
8.676288538588779e-32,1107.47021484375,4.6096062660217285,0.0,0.0,0.9618595838546753,0.0009425625,-0.00023812818,-0.00023812818,1.02041e-20,-9.5423555e-21,-1.9415583e-20,0.0008617361,-0.0002219629,-0.0002219629,3.4192064e-21,-6.7107584e-21,-1.2161071e-20,-28515.469,28515.469,28515.469,-28515.469,-28515.469,28515.469,28515.469,-28515.469,-5.234898e-12,-2.255227e-12,0.0,0.0,-8.845096e-12,-5.865425e-12,0.0,0.0,6.0438985e-12,4.226493e-12,6.1629526e-13,2.4337008e-12,0.0,0.0,0.0,0.0,114061.875,2.2200646e-11,-1.3320387e-11,3.9895045e-12,-1.6649737e-12,-4.2656395e-12,0.0,0.0009425625,0.0009425625,0.0,0.0,0.0009425625,0.0009425625,0.0,-0.0,-0.0,-0.00023812818,-0.00023812818,-0.0,-0.0,-0.00023812818,-0.00023812818,-0.0,-0.0,-0.0,-0.0,-0.00023812818,-0.00023812818,-0.00023812818,-0.00023812818,Uniaxial,0.6855000257492065
3.337034211543001e-32,1107.778564453125,4.454759120941162,0.0,0.0,0.9631407856941223,0.0009453125,-0.00023883652,-0.00023883652,1.0442328e-20,-9.727644e-21,-1.986557e-20,0.0008644861,-0.00022267124,-0.00022267124,3.6610012e-21,-6.814625e-21,-1.2426325e-20,-27557.566,27557.566,27557.566,-27557.566,-27557.566,27557.566,27557.566,-27557.566,1.3792903e-11,1.6704553e-11,0.0,0.0,1.1186783e-11,1.40984325e-11,0.0,0.0,2.0445989e-11,1.8633414e-11,1.6027296e-11,1.783987e-11,0.0,0.0,0.0,0.0,110230.266,-5.578267e-11,-7.294657e-11,3.853461e-12,-1.655311e-12,-4.2273203e-12,-0.0,0.0009453125,0.0009453125,-0.0,-0.0,0.0009453125,0.0009453125,-0.0,0.0,0.0,-0.00023883652,-0.00023883652,0.0,0.0,-0.00023883652,-0.00023883652,0.0,0.0,0.0,0.0,-0.00023883652,-0.00023883652,-0.00023883652,-0.00023883652,Uniaxial,0.6875
1.1012212104633216e-31,1108.076416015625,4.2999114990234375,0.0,0.0,0.9644220471382141,0.0009480625,-0.00023954485,-0.00023954485,1.0495268e-20,-1.00188116e-20,-2.0156737e-20,0.00086723606,-0.00022337957,-0.00022337957,3.896294e-21,-6.9249404e-21,-1.2692471e-20,-26599.666,26599.666,26599.666,-26599.666,-26599.666,26599.666,26599.666,-26599.666,8.402293e-12,1.0704499e-11,0.0,0.0,5.8627816e-12,8.164989e-12,0.0,0.0,1.5596836e-11,1.3763433e-11,9.254085e-12,1.10874886e-11,0.0,0.0,0.0,0.0,106398.664,-3.313456e-11,-4.9701843e-11,3.619495e-12,-1.6969687e-12,-4.0941027e-12,0.0,0.0009480625,0.0009480625,0.0,0.0,0.0009480625,0.0009480625,0.0,0.0,0.0,-0.00023954485,-0.00023954485,0.0,0.0,-0.00023954485,-0.00023954485,0.0,0.0,0.0,0.0,-0.00023954485,-0.00023954485,-0.00023954485,-0.00023954485,Uniaxial,0.6894999742507935
1.1012212104633216e-31,1108.36376953125,4.145063877105713,0.0,0.0,0.9657032489776611,0.0009508125,-0.0002402532,-0.0002402532,1.0336449e-20,-1.0098221e-20,-2.0394965e-20,0.0008699861,-0.00022408791,-0.00022408791,4.1180185e-21,-7.034191e-21,-1.2957655e-20,-25641.764,25641.764,25641.764,-25641.764,-25641.764,25641.764,25641.764,-25641.764,-3.4458913e-13,1.2993816e-12,0.0,0.0,-3.2957144e-12,-1.6517437e-12,0.0,0.0,6.10623e-12,4.311272e-12,-1.1723145e-13,1.6777269e-12,0.0,0.0,0.0,0.0,102567.055,3.992666e-12,-1.1977998e-11,3.2879413e-12,-1.6200793e-12,-3.9324134e-12,-0.0,0.0009508125,0.0009508125,-0.0,-0.0,0.0009508125,0.0009508125,-0.0,-0.0,0.0,-0.0002402532,-0.0002402532,0.0,0.0,-0.0002402532,-0.0002402532,0.0,0.0,0.0,0.0,-0.0002402532,-0.0002402532,-0.0002402532,-0.0002402532,Uniaxial,0.6915000081062317
8.342585088047121e-32,1108.640625,3.9902162551879883,0.0,0.0,0.9669845104217529,0.0009535625,-0.00024096153,-0.00024096153,9.833523e-21,-1.0309979e-20,-2.0580254e-20,0.0008727361,-0.00022479624,-0.00022479624,4.314794e-21,-7.146971e-21,-1.32200894e-20,-24683.861,24683.861,24683.861,-24683.861,-24683.861,24683.861,24683.861,-24683.861,-2.6242751e-12,-1.7122479e-12,0.0,0.0,-5.974775e-12,-5.0627475e-12,0.0,0.0,2.5701934e-12,7.8030643e-13,-2.5701934e-12,-7.8030643e-13,0.0,0.0,0.0,0.0,98735.445,1.5374046e-11,0.0,2.8089729e-12,-1.6099366e-12,-3.7462438e-12,0.0,0.0009535625,0.0009535625,0.0,0.0,0.0009535625,0.0009535625,0.0,-0.0,0.0,-0.00024096153,-0.00024096153,-0.0,0.0,-0.00024096153,-0.00024096153,0.0,0.0,0.0,0.0,-0.00024096153,-0.00024096153,-0.00024096153,-0.00024096153,Uniaxial,0.6934999823570251
1.0678509241838733e-31,1108.9068603515625,3.8353686332702637,0.0,0.0,0.9682657122612,0.0009563125,-0.00024166986,-0.00024166986,9.0658995e-21,-1.0548207e-20,-2.0633193e-20,0.00087548606,-0.00022550458,-0.00022550458,4.478367e-21,-7.264071e-21,-1.3475311e-20,-23725.959,23725.959,23725.959,-23725.959,-23725.959,23725.959,23725.959,-23725.959,-1.2252418e-12,-5.955062e-13,0.0,0.0,-4.9460293e-12,-4.3162934e-12,0.0,0.0,-2.6246418e-13,-2.0507433e-12,-5.279071e-12,-3.490792e-12,0.0,0.0,0.0,0.0,94903.836,1.1083071e-11,1.1083071e-11,2.24439e-12,-1.6067208e-12,-3.5019002e-12,-0.0,0.0009563125,0.0009563125,-0.0,-0.0,0.0009563125,0.0009563125,-0.0,-0.0,-0.0,-0.00024166986,-0.00024166986,-0.0,-0.0,-0.00024166986,-0.00024166986,-0.0,-0.0,-0.0,-0.0,-0.00024166986,-0.00024166986,-0.00024166986,-0.00024166986,Uniaxial,0.6955000162124634
3.003330761001342e-32,1109.16259765625,3.680521011352539,0.0,0.0,0.969546914100647,0.0009590625,-0.0002423782,-0.0002423782,8.086518e-21,-1.0786435e-20,-2.0739072e-20,0.0008782361,-0.00022621291,-0.00022621291,4.60259e-21,-7.38534e-21,-1.372539e-20,-22768.057,22768.057,22768.057,-22768.057,-22768.057,22768.057,22768.057,-22768.057,-7.069955e-12,-6.2521295e-12,0.0,0.0,-9.7012814e-12,-8.8834565e-12,0.0,0.0,-1.0447125e-11,-1.2230425e-11,-1.4369292e-11,-1.2585992e-11,0.0,0.0,0.0,0.0,91072.23,3.190682e-11,4.9632836e-11,1.6356504e-12,-1.596762e-12,-3.2928159e-12,0.0,0.0009590625,0.0009590625,0.0,0.0,0.0009590625,0.0009590625,0.0,-0.0,-0.0,-0.0002423782,-0.0002423782,-0.0,-0.0,-0.0002423782,-0.0002423782,-0.0,-0.0,-0.0,-0.0,-0.0002423782,-0.0002423782,-0.0002423782,-0.0002423782,Uniaxial,0.6974999904632568
5.672958071461025e-32,1109.40771484375,3.5256733894348145,0.0,0.0,0.9708281755447388,0.0009618125,-0.00024308653,-0.00024308653,7.107136e-21,-1.1024663e-20,-2.0633193e-20,0.0008809861,-0.00022692124,-0.00022692124,4.6888176e-21,-7.510636e-21,-1.3963214e-20,-21810.154,21810.154,21810.154,-21810.154,-21810.154,21810.154,21810.154,-21810.154,-1.0423222e-11,-1.0371884e-11,0.0,0.0,-1.3400453e-11,-1.3349114e-11,0.0,0.0,-1.2549496e-11,-1.43246005e-11,-1.6316913e-11,-1.4541808e-11,0.0,0.0,0.0,0.0,87240.62,4.7544673e-11,5.7732815e-11,1.0875959e-12,-1.5803718e-12,-2.999705e-12,-0.0,0.0009618125,0.0009618125,-0.0,-0.0,0.0009618125,0.0009618125,-0.0,-0.0,-0.0,-0.00024308653,-0.00024308653,-0.0,-0.0,-0.00024308653,-0.00024308653,-0.0,-0.0,-0.0,-0.0,-0.00024308653,-0.00024308653,-0.00024308653,-0.00024308653,Uniaxial,0.6995000243186951
6.674068423086002e-32,1109.642333984375,3.37082576751709,0.0,0.0,0.9721093773841858,0.0009645625,-0.00024379487,-0.00024379487,5.9159957e-21,-1.14746495e-20,-2.0368495e-20,0.00088373607,-0.00022762959,-0.00022762959,4.7310676e-21,-7.64711e-21,-1.4183739e-20,-20852.252,20852.252,20852.252,-20852.252,-20852.252,20852.252,20852.252,-20852.252,-9.276259e-12,-9.51397e-12,0.0,0.0,-1.15908385e-11,-1.1828549e-11,0.0,0.0,-1.1491878e-11,-1.3299679e-11,-1.6106718e-11,-1.4298916e-11,0.0,0.0,0.0,0.0,83409.01,4.2209618e-11,5.519719e-11,5.094956e-13,-1.6457657e-12,-2.6593226e-12,-0.0,0.0009645625,0.0009645625,0.0,-0.0,0.0009645625,0.0009645625,0.0,-0.0,-0.0,-0.00024379487,-0.00024379487,-0.0,-0.0,-0.00024379487,-0.00024379487,-0.0,-0.0,-0.0,-0.0,-0.00024379487,-0.00024379487,-0.00024379487,-0.00024379487,Uniaxial,0.7014999985694885
1.2013323044005368e-31,1109.866455078125,3.2159781455993652,0.0,0.0,0.9733906388282776,0.0009673125,-0.0002445032,-0.0002445032,4.6454463e-21,-1.1765817e-20,-1.9971449e-20,0.0008864861,-0.00022833791,-0.00022833791,4.7281195e-21,-7.788911e-21,-1.4383e-20,-19894.35,19894.35,19894.35,-19894.35,-19894.35,19894.35,19894.35,-19894.35,7.920969e-13,7.7513945e-13,0.0,0.0,-2.324009e-12,-2.3409664e-12,0.0,0.0,-4.7220253e-12,-7.507581e-12,-7.6689315e-12,-4.8833754e-12,0.0,0.0,0.0,0.0,79577.4,3.097739e-12,2.4781913e-11,-3.3914942e-14,-1.6314377e-12,-2.2925375e-12,-0.0,0.0009673125,0.0009673125,0.0,-0.0,0.0009673125,0.0009673125,0.0,-0.0,-0.0,-0.0002445032,-0.0002445032,-0.0,0.0,-0.0002445032,-0.0002445032,-0.0,-0.0,-0.0,-0.0,-0.0002445032,-0.0002445032,-0.0002445032,-0.0002445032,Uniaxial,0.703499972820282
6.674068423086002e-32,1110.080078125,3.0611305236816406,0.0,0.0,0.9746718406677246,0.0009700625,-0.00024521153,-0.00024521153,3.4013667e-21,-1.2136394e-20,-1.9600872e-20,0.0008892361,-0.00022904626,-0.00022904626,4.6824416e-21,-7.938588e-21,-1.4562644e-20,-18936.45,18936.45,18936.45,-18936.45,-18936.45,18936.45,18936.45,-18936.45,-8.574088e-13,-1.1075231e-12,0.0,0.0,-1.8410616e-12,-2.091176e-12,0.0,0.0,-4.992472e-12,-7.78188e-12,-9.750451e-12,-6.9610437e-12,0.0,0.0,0.0,0.0,75745.8,5.8971695e-12,2.9485848e-11,-5.002286e-13,-1.639141e-12,-1.9673054e-12,0.0,0.0009700625,0.0009700625,0.0,0.0,0.0009700625,0.0009700625,0.0,-0.0,-0.0,-0.00024521153,-0.00024521153,-0.0,-0.0,-0.00024521153,-0.00024521153,-0.0,-0.0,-0.0,-0.0,-0.00024521153,-0.00024521153,-0.00024521153,-0.00024521153,Uniaxial,0.7055000066757202
1.8687390879344194e-31,1110.2830810546875,2.906283140182495,0.0,0.0,0.9759531021118164,0.0009728125,-0.00024591986,-0.00024591986,2.1837568e-21,-1.258638e-20,-1.9045006e-20,0.00089198607,-0.00022975459,-0.00022975459,4.596416e-21,-8.098604e-21,-1.4716963e-20,-17978.547,17978.547,17978.547,-17978.547,-17978.547,17978.547,17978.547,-17978.547,1.1171933e-12,6.6997867e-13,0.0,0.0,-6.6997867e-13,-1.1171933e-12,0.0,0.0,-2.6045674e-12,-5.4062666e-12,-7.1934386e-12,-4.3917396e-12,0.0,0.0,0.0,0.0,71914.19,0.0,1.9596012e-11,-8.9442917e-13,-1.6637235e-12,-1.6045066e-12,-0.0,0.0009728125,0.0009728125,-0.0,-0.0,0.0009728125,0.0009728125,-0.0,-0.0,-0.0,-0.00024591986,-0.00024591986,0.0,0.0,-0.00024591986,-0.00024591986,-0.0,-0.0,-0.0,-0.0,-0.00024591986,-0.00024591986,-0.00024591986,-0.00024591986,Uniaxial,0.7074999809265137
2.9365898945688576e-31,1110.4755859375,2.7514355182647705,0.0,0.0,0.9772343039512634,0.0009755625,-0.00024662822,-0.00024662822,1.1249656e-21,-1.3221655e-20,-1.862149e-20,0.0008947361,-0.00023046292,-0.00023046292,4.4768994e-21,-8.274982e-21,-1.4851391e-20,-17020.645,17020.645,17020.645,-17020.645,-17020.645,17020.645,17020.645,-17020.645,-3.5206163e-12,-4.108832e-12,0.0,0.0,-5.1671328e-12,-5.755349e-12,0.0,0.0,-3.3985592e-12,-6.236466e-12,-9.85282e-12,-7.014913e-12,0.0,0.0,0.0,0.0,68082.58,1.855193e-11,2.6502758e-11,-1.1764321e-12,-1.7361392e-12,-1.3231961e-12,0.0,0.0009755625,0.0009755625,0.0,0.0,0.0009755625,0.0009755625,0.0,-0.0,-0.0,-0.00024662822,-0.00024662822,-0.0,-0.0,-0.00024662822,-0.00024662822,-0.0,-0.0,-0.0,-0.0,-0.00024662822,-0.00024662822,-0.00024662822,-0.00024662822,Uniaxial,0.7095000147819519
2.803108514352194e-31,1110.6575927734375,2.596587896347046,0.0,0.0,0.9785155057907104,0.0009783125,-0.00024733655,-0.00024733655,1.1911401e-22,-1.4042218e-20,-1.8250913e-20,0.00089748605,-0.00023117126,-0.00023117126,4.326868e-21,-8.47354e-21,-1.4968431e-20,-16062.742,16062.742,16062.742,-16062.742,-16062.742,16062.742,16062.742,-16062.742,2.5900642e-12,1.8932204e-12,0.0,0.0,-1.8932204e-12,-2.5900642e-12,0.0,0.0,-3.4172272e-12,-6.3092903e-12,-7.837819e-12,-4.945756e-12,0.0,0.0,0.0,0.0,64250.97,0.0,2.2510093e-11,-1.3936876e-12,-1.8444517e-12,-1.0872202e-12,-0.0,0.0009783125,0.0009783125,-0.0,-0.0,0.0009783125,0.0009783125,-0.0,-0.0,-0.0,-0.00024733655,-0.00024733655,-0.0,-0.0,-0.00024733655,-0.00024733655,-0.0,-0.0,-0.0,-0.0,-0.00024733655,-0.00024733655,-0.00024733655,-0.00024733655,Uniaxial,0.7114999890327454
2.26918322858441e-31,1110.8289794921875,2.4417402744293213,0.0,0.0,0.9797967672348022,0.0009810625,-0.00024804487,-0.00024804487,-8.3379806e-22,-1.494219e-20,-1.8250913e-20,0.0009002361,-0.00023187959,-0.00023187959,4.1491945e-21,-8.696245e-21,-1.5081441e-20,-15104.84,15104.84,15104.84,-15104.84,-15104.84,15104.84,15104.84,-15104.84,2.7957072e-12,2.0196893e-12,0.0,0.0,3.3227766e-13,-4.4374031e-13,0.0,0.0,2.55485e-13,-2.6870541e-12,-6.1354025e-12,-3.1928633e-12,0.0,0.0,0.0,0.0,60419.36,-4.703934e-12,1.1759834e-11,-1.552036e-12,-1.9454037e-12,-9.871847e-13,0.0,0.0009810625,0.0009810625,0.0,0.0,0.0009810625,0.0009810625,0.0,0.0,0.0,-0.00024804487,-0.00024804487,0.0,0.0,-0.00024804487,-0.00024804487,-0.0,-0.0,0.0,0.0,-0.00024804487,-0.00024804487,-0.00024804487,-0.00024804487,Uniaxial,0.7135000228881836
2.803108514352194e-31,1110.9898681640625,2.2868926525115967,0.0,0.0,0.9810779690742493,0.0009838125,-0.0002487532,-0.0002487532,-1.6014217e-21,-1.6000982e-20,-1.8489141e-20,0.0009029861,-0.00023258793,-0.00023258793,3.9512095e-21,-8.9477355e-21,-1.5198764e-20,-14146.938,14146.938,14146.938,-14146.938,-14146.938,14146.938,14146.938,-14146.938,4.817558e-12,4.0076666e-12,0.0,0.0,3.9795822e-13,-4.1193305e-13,0.0,0.0,-9.560071e-13,-3.954611e-12,-3.4496178e-12,-4.5101382e-13,0.0,0.0,0.0,0.0,56587.754,-8.81125e-12,8.81125e-12,-1.6197825e-12,-2.0575336e-12,-9.598506e-13,-0.0,0.0009838125,0.0009838125,-0.0,0.0,0.0009838125,0.0009838125,0.0,0.0,-0.0,-0.0002487532,-0.0002487532,0.0,0.0,-0.0002487532,-0.0002487532,-0.0,-0.0,-0.0,-0.0,-0.0002487532,-0.0002487532,-0.0002487532,-0.0002487532,Uniaxial,0.715499997138977
1.2013323044005368e-31,1111.14013671875,2.132045030593872,0.0,0.0,0.9823592305183411,0.0009865625,-0.00024946156,-0.00024946156,-2.3161057e-21,-1.7245061e-20,-1.8806778e-20,0.00090573606,-0.00023329626,-0.00023329626,3.735436e-21,-9.233399e-21,-1.5322981e-20,-13189.036,13189.036,13189.036,-13189.036,-13189.036,13189.036,13189.036,-13189.036,1.6332314e-12,8.103363e-13,0.0,0.0,-8.103363e-13,-1.6332314e-12,0.0,0.0,-1.8483557e-12,-4.9076273e-12,-6.3662764e-12,-3.3070048e-12,0.0,0.0,0.0,0.0,52756.145,0.0,1.6429264e-11,-1.6457903e-12,-2.1788688e-12,-9.47461e-13,-0.0,0.0009865625,0.0009865625,-0.0,0.0,0.0009865625,0.0009865625,0.0,0.0,0.0,-0.00024946156,-0.00024946156,-0.0,-0.0,-0.00024946156,-0.00024946156,-0.0,-0.0,-0.0,-0.0,-0.00024946156,-0.00024946156,-0.00024946156,-0.00024946156,Uniaxial,0.7174999713897705
3.8709595560855024e-31,1111.280029296875,1.977197527885437,0.0,0.0,0.9836404323577881,0.0009893125,-0.0002501699,-0.0002501699,-2.871971e-21,-1.8436201e-20,-1.9256765e-20,0.0009084861,-0.0002340046,-0.0002340046,3.5079534e-21,-9.550237e-21,-1.5458416e-20,-12231.134,12231.134,12231.134,-12231.134,-12231.134,12231.134,12231.134,-12231.134,3.0223948e-12,2.2178548e-12,0.0,0.0,2.5434043e-12,1.7388642e-12,0.0,0.0,4.7231186e-12,1.6327171e-12,-3.770867e-12,-6.804653e-13,0.0,0.0,0.0,0.0,48924.535,-9.522518e-12,-1.9045037e-12,-1.6090802e-12,-2.2411283e-12,-9.579813e-13,-0.0,0.0009893125,0.0009893125,-0.0,-0.0,0.0009893125,0.0009893125,-0.0,-0.0,-0.0,-0.0002501699,-0.0002501699,-0.0,-0.0,-0.0002501699,-0.0002501699,-0.0,-0.0,-0.0,-0.0,-0.0002501699,-0.0002501699,-0.0002501699,-0.0002501699,Uniaxial,0.7195000052452087
1.2013323044005368e-31,1111.4093017578125,1.8223499059677124,0.0,0.0,0.9849216938018799,0.0009920625,-0.00025087822,-0.00025087822,-3.374897e-21,-1.989204e-20,-1.981263e-20,0.0009112361,-0.00023471293,-0.00023471293,3.270988e-21,-9.906289e-21,-1.5608325e-20,-11273.231,11273.231,11273.231,-11273.231,-11273.231,11273.231,11273.231,-11273.231,1.1766338e-12,4.041904e-13,0.0,0.0,-1.281865e-12,-2.0543083e-12,0.0,0.0,1.07838306e-13,-3.022631e-12,-4.496211e-12,-1.3657418e-12,0.0,0.0,0.0,0.0,45092.926,1.7553491e-12,8.776746e-12,-1.5448868e-12,-2.3212643e-12,-9.773231e-13,0.0,0.0009920625,0.0009920625,0.0,0.0,0.0009920625,0.0009920625,0.0,-0.0,-0.0,-0.00025087822,-0.00025087822,-0.0,-0.0,-0.00025087822,-0.00025087822,-0.0,-0.0,-0.0,-0.0,-0.00025087822,-0.00025087822,-0.00025087822,-0.00025087822,Uniaxial,0.7214999794960022
2.803108514352194e-31,1111.528076171875,1.6675022840499878,0.0,0.0,0.9862028956413269,0.0009948125,-0.00025158655,-0.00025158655,-3.719004e-21,-2.1506696e-20,-2.0686133e-20,0.00091398606,-0.00023542126,-0.00023542126,3.0303336e-21,-1.0305672e-20,-1.5783144e-20,-10315.33,10315.33,10315.33,-10315.33,-10315.33,10315.33,10315.33,-10315.33,3.3925627e-12,2.6747523e-12,0.0,0.0,-1.0685578e-12,-1.786368e-12,0.0,0.0,9.472632e-13,-2.213833e-12,-1.7503606e-12,1.4107358e-12,0.0,0.0,0.0,0.0,41261.32,-3.2123893e-12,1.6061947e-12,-1.4356206e-12,-2.3825182e-12,-1.042892e-12,-0.0,0.0009948125,0.0009948125,-0.0,-0.0,0.0009948125,0.0009948125,-0.0,0.0,0.0,-0.00025158655,-0.00025158655,0.0,0.0,-0.00025158655,-0.00025158655,0.0,0.0,0.0,0.0,-0.00025158655,-0.00025158655,-0.00025158655,-0.00025158655,Uniaxial,0.7235000133514404
1.0678509241838733e-31,1111.63623046875,1.5126547813415527,0.0,0.0,0.9874840974807739,0.0009975625,-0.00025229488,-0.00025229488,-4.0101716e-21,-2.3280171e-20,-2.1771394e-20,0.0009167361,-0.0002361296,-0.0002361296,2.7879402e-21,-1.0752364e-20,-1.598931e-20,-9357.428,9357.428,9357.428,-9357.428,-9357.428,9357.428,9357.428,-9357.428,-1.7069126e-12,-1.3778525e-12,0.0,0.0,-2.264748e-12,-1.9356882e-12,0.0,0.0,-9.177249e-13,-4.096202e-12,-5.6389563e-12,-2.460479e-12,0.0,0.0,0.0,0.0,37429.71,7.285201e-12,1.3113363e-11,-1.3117171e-12,-2.4172801e-12,-1.1156711e-12,0.0,0.0009975625,0.0009975625,0.0,0.0,0.0009975625,0.0009975625,0.0,0.0,0.0,-0.00025229488,-0.00025229488,-0.0,-0.0,-0.00025229488,-0.00025229488,-0.0,-0.0,0.0,0.0,-0.00025229488,-0.00025229488,-0.00025229488,-0.00025229488,Uniaxial,0.7254999876022339
2.26918322858441e-31,1111.73388671875,1.3578071594238281,0.0,0.0,0.9887653589248657,0.0010003125,-0.00025300324,-0.00025300324,-3.9307623e-21,-2.5106586e-20,-2.2803715e-20,0.0009194861,-0.00023683794,-0.00023683794,2.5566258e-21,-1.1246557e-20,-1.622392e-20,-8399.525,8399.525,8399.525,-8399.525,-8399.525,8399.525,8399.525,-8399.525,3.8355265e-12,4.2586342e-12,0.0,0.0,2.2807947e-12,2.7039026e-12,0.0,0.0,5.3091745e-12,2.1390522e-12,-1.3855168e-12,1.7846052e-12,0.0,0.0,0.0,0.0,33598.1,-1.3078858e-11,-7.847315e-12,-1.1236216e-12,-2.4005698e-12,-1.1396266e-12,0.0,0.0010003125,0.0010003125,-0.0,0.0,0.0010003125,0.0010003125,-0.0,0.0,0.0,-0.00025300324,-0.00025300324,0.0,0.0,-0.00025300324,-0.00025300324,0.0,0.0,0.0,0.0,-0.00025300324,-0.00025300324,-0.00025300324,-0.00025300324,Uniaxial,0.7275000214576721
2.6696273692344007e-31,1111.8211669921875,1.2085883617401123,0.0,0.0,0.9900000095367432,0.0010030625,-0.00025371157,-0.00025371157,-3.6660645e-21,-2.709182e-20,-2.4286023e-20,0.00092223607,-0.00023754628,-0.00023754628,2.3423885e-21,-1.1792084e-20,-1.6501486e-20,-7476.444,7476.444,7476.444,-7476.444,-7476.444,7476.444,7476.444,-7476.444,5.0986004e-12,5.6203675e-12,0.0,0.0,2.5287051e-12,3.0504722e-12,0.0,0.0,6.262386e-12,3.1131942e-12,-4.4161986e-13,2.707572e-12,0.0,0.0,0.0,0.0,29905.775,-1.6298145e-11,-1.1641532e-11,-9.263032e-13,-2.3587091e-12,-1.2001162e-12,0.0,0.0010030625,0.0010030625,-0.0,0.0,0.0010030625,0.0010030625,-0.0,0.0,0.0,-0.00025371157,-0.00025371157,0.0,0.0,-0.00025371157,-0.00025371157,0.0,0.0,0.0,0.0,-0.00025371157,-0.00025371157,-0.00025371157,-0.00025371157,Uniaxial,0.7294999957084656
2.26918322858441e-31,1111.9034423828125,1.2085883617401123,0.0,0.0,0.9900000095367432,0.0010058125,-0.0002544199,-0.0002544199,-3.1896084e-21,-2.9024113e-20,-2.5635982e-20,0.0009249861,-0.00023825461,-0.00023825461,2.1519308e-21,-1.2385355e-20,-1.6815971e-20,-7476.444,7476.444,7476.444,-7476.444,-7476.444,7476.444,7476.444,-7476.444,3.4561928e-12,4.0293676e-12,0.0,0.0,1.7913984e-12,2.3645734e-12,0.0,0.0,6.353903e-12,3.1014948e-12,-5.3313685e-13,2.7192712e-12,0.0,0.0,0.0,0.0,29905.775,-1.1641532e-11,-1.1641532e-11,-8.234873e-13,-2.565142e-12,-1.3597515e-12,-0.0,0.0010058125,0.0010058125,-0.0,-0.0,0.0010058125,0.0010058125,-0.0,0.0,0.0,-0.0002544199,-0.0002544199,0.0,0.0,-0.0002544199,-0.0002544199,0.0,0.0,0.0,0.0,-0.0002544199,-0.0002544199,-0.0002544199,-0.0002544199,Uniaxial,0.7315000295639038
3.8709595560855024e-31,1111.9857177734375,1.2085883617401123,0.0,0.0,0.9900000095367432,0.0010085625,-0.00025512822,-0.00025512822,-2.5013942e-21,-3.1009347e-20,-2.7330047e-20,0.0009277361,-0.00023896295,-0.00023896295,1.991724e-21,-1.302655e-20,-1.7177955e-20,-7476.444,7476.444,7476.444,-7476.444,-7476.444,7476.444,7476.444,-7476.444,6.8998626e-12,6.553518e-12,0.0,0.0,2.1776311e-12,1.8312864e-12,0.0,0.0,7.912237e-12,4.5562256e-12,8.189125e-13,4.1749234e-12,0.0,0.0,0.0,0.0,29905.775,-1.7462299e-11,-1.7462299e-11,-6.9268907e-13,-2.7723479e-12,-1.5651144e-12,0.0,0.0010085625,0.0010085625,0.0,0.0,0.0010085625,0.0010085625,0.0,0.0,-0.0,-0.00025512822,-0.00025512822,0.0,0.0,-0.00025512822,-0.00025512822,0.0,0.0,0.0,0.0,-0.00025512822,-0.00025512822,-0.00025512822,-0.00025512822,Uniaxial,0.7335000038146973
2.26918322858441e-31,1112.06787109375,1.2085883617401123,0.0,0.0,0.9900000095367432,0.0010113125,-0.00025583655,-0.00025583655,-1.9719986e-21,-3.312693e-20,-2.944763e-20,0.0009304861,-0.00023967128,-0.00023967128,1.8552595e-21,-1.3718574e-20,-1.7600379e-20,-7476.444,7476.444,7476.444,-7476.444,-7476.444,7476.444,7476.444,-7476.444,5.0815e-12,4.786482e-12,0.0,0.0,2.1984372e-12,1.9034195e-12,0.0,0.0,7.1593994e-12,3.6935012e-12,-1.7448e-13,3.291418e-12,0.0,0.0,0.0,0.0,29905.775,-1.3969838e-11,-1.3969838e-11,-5.900356e-13,-2.9921215e-12,-1.826451e-12,-0.0,0.0010113125,0.0010113125,-0.0,-0.0,0.0010113125,0.0010113125,-0.0,0.0,0.0,-0.00025583655,-0.00025583655,0.0,0.0,-0.00025583655,-0.00025583655,-0.0,-0.0,0.0,0.0,-0.00025583655,-0.00025583655,-0.00025583655,-0.00025583655,Uniaxial,0.7354999780654907
3.8709595560855024e-31,1112.150146484375,1.2085883617401123,0.0,0.0,0.9900000095367432,0.0010140626,-0.0002565449,-0.0002565449,-1.442603e-21,-3.527098e-20,-3.17505e-20,0.0009332361,-0.00024037961,-0.00024037961,1.7417193e-21,-1.4460589e-20,-1.8087546e-20,-7476.444,7476.444,7476.444,-7476.444,-7476.444,7476.444,7476.444,-7476.444,4.9474656e-12,4.7020074e-12,0.0,0.0,-4.5394756e-14,-2.9085293e-13,0.0,0.0,6.119263e-12,2.5452917e-12,-1.4626503e-12,2.1113213e-12,0.0,0.0,0.0,0.0,29905.775,-9.3132255e-12,-9.3132255e-12,-4.9091634e-13,-3.2082687e-12,-2.1063722e-12,0.0,0.0010140626,0.0010140626,0.0,0.0,0.0010140626,0.0010140626,0.0,0.0,0.0,-0.0002565449,-0.0002565449,0.0,0.0,-0.0002565449,-0.0002565449,0.0,0.0,0.0,0.0,-0.0002565449,-0.0002565449,-0.0002565449,-0.0002565449,Uniaxial,0.737500011920929
4.404884841853286e-31,1112.232421875,1.2085883617401123,0.0,0.0,0.9900000095367432,0.0010168125,-0.00025725324,-0.00025725324,-9.132074e-22,-3.7520913e-20,-3.431807e-20,0.00093598606,-0.00024108795,-0.00024108795,1.6503144e-21,-1.5254519e-20,-1.8646338e-20,-7476.444,7476.444,7476.444,-7476.444,-7476.444,7476.444,7476.444,-7476.444,4.0160423e-12,3.8184373e-12,0.0,0.0,8.3817556e-13,6.4057077e-13,0.0,0.0,7.23772e-12,3.5515152e-12,-2.5811072e-12,1.1050978e-12,0.0,0.0,0.0,0.0,29905.775,-9.3132255e-12,-9.3132255e-12,-3.952096e-13,-3.4327356e-12,-2.4160587e-12,0.0,0.0010168125,0.0010168125,-0.0,0.0,0.0010168125,0.0010168125,0.0,0.0,0.0,-0.00025725324,-0.00025725324,0.0,0.0,-0.00025725324,-0.00025725324,-0.0,0.0,0.0,0.0,-0.00025725324,-0.00025725324,-0.00025725324,-0.00025725324,Uniaxial,0.7394999861717224
2.803108514352194e-31,1112.314697265625,1.2085883617401123,0.0,0.0,0.9900000095367432,0.0010195625,-0.00025796157,-0.00025796157,-3.838118e-22,-3.9770844e-20,-3.7150336e-20,0.0009387361,-0.00024179628,-0.00024179628,1.5802826e-21,-1.6098578e-20,-1.9283401e-20,-7476.444,7476.444,7476.444,-7476.444,-7476.444,7476.444,7476.444,-7476.444,3.6072731e-12,3.455874e-12,0.0,0.0,-1.7096444e-12,-1.8610432e-12,0.0,0.0,3.951483e-12,1.5690848e-13,-2.2052531e-12,1.5893213e-12,0.0,0.0,0.0,0.0,29905.775,-3.4924596e-12,-3.4924596e-12,-3.027979e-13,-3.6494744e-12,-2.7544859e-12,0.0,0.0010195625,0.0010195625,-0.0,0.0,0.0010195625,0.0010195625,0.0,-0.0,-0.0,-0.00025796157,-0.00025796157,0.0,0.0,-0.00025796157,-0.00025796157,0.0,0.0,0.0,0.0,-0.00025796157,-0.00025796157,-0.00025796157,-0.00025796157,Uniaxial,0.7415000200271606
2.1357018483677465e-31,1112.3968505859375,1.2085883617401123,0.0,0.0,0.9900000095367432,0.0010223126,-0.0002586699,-0.0002586699,2.514629e-22,-4.1914896e-20,-4.030024e-20,0.0009414861,-0.00024250463,-0.00024250463,1.5345335e-21,-1.6987393e-20,-2.0006977e-20,-7476.444,7476.444,7476.444,-7476.444,-7476.444,7476.444,7476.444,-7476.444,3.67454e-12,2.590718e-12,0.0,0.0,-8.444882e-13,-1.9283102e-12,0.0,0.0,3.6009173e-12,1.6794221e-12,-1.8546874e-12,6.680767e-14,0.0,0.0,0.0,0.0,29905.775,-3.4924596e-12,-3.4924596e-12,-1.9780671e-13,-3.84299e-12,-3.1285447e-12,-0.0,0.0010223126,0.0010223126,-0.0,-0.0,0.0010223126,0.0010223126,-0.0,0.0,0.0,-0.0002586699,-0.0002586699,0.0,0.0,-0.0002586699,-0.0002586699,-0.0,-0.0,0.0,0.0,-0.0002586699,-0.0002586699,-0.0002586699,-0.0002586699,Uniaxial,0.7434999942779541
9.343695439672097e-32,1112.4791259765625,1.2085883617401123,0.0,0.0,0.9900000095367432,0.0010250625,-0.00025937823,-0.00025937823,5.426305e-22,-4.36619e-20,-4.3344264e-20,0.00094423606,-0.00024321295,-0.00024321295,1.5003839e-21,-1.7905753e-20,-2.0810442e-20,-7476.444,7476.444,7476.444,-7476.444,-7476.444,7476.444,7476.444,-7476.444,3.2558973e-12,2.1971517e-12,0.0,0.0,-4.5092201e-13,-1.5096675e-12,0.0,0.0,2.7342909e-12,7.4892105e-13,-9.88061e-13,9.973088e-13,0.0,0.0,0.0,0.0,29905.775,-3.4924596e-12,-3.4924596e-12,-1.4765364e-13,-3.9707395e-12,-3.4739642e-12,0.0,0.0010250625,0.0010250625,0.0,0.0,0.0010250625,0.0010250625,0.0,-0.0,0.0,-0.00025937823,-0.00025937823,0.0,0.0,-0.00025937823,-0.00025937823,0.0,-0.0,-0.0,0.0,-0.00025937823,-0.00025937823,-0.00025937823,-0.00025937823,Uniaxial,0.7455000281333923
9.343695439672097e-32,1112.5614013671875,1.2085883617401123,0.0,0.0,0.9900000095367432,0.0010278125,-0.00026008658,-0.00026008658,7.808585e-22,-4.495892e-20,-4.641476e-20,0.0009469861,-0.0002439213,-0.0002439213,1.4756118e-21,-1.8837151e-20,-2.1691959e-20,-7476.444,7476.444,7476.444,-7476.444,-7476.444,7476.444,7476.444,-7476.444,2.345209e-12,1.3067366e-12,0.0,0.0,4.3949325e-13,-5.9897925e-13,0.0,0.0,3.817668e-12,1.8041149e-12,-2.071438e-12,-5.788508e-14,0.0,0.0,0.0,0.0,29905.775,-3.4924596e-12,-3.4924596e-12,-1.0710779e-13,-4.0271063e-12,-3.8114316e-12,-0.0,0.0010278125,0.0010278125,-0.0,-0.0,0.0010278125,0.0010278125,-0.0,0.0,0.0,-0.00026008658,-0.00026008658,-0.0,0.0,-0.00026008658,-0.00026008658,0.0,-0.0,0.0,0.0,-0.00026008658,-0.00026008658,-0.00026008658,-0.00026008658,Uniaxial,0.7475000023841858
5.339254620919366e-32,1112.6435546875,1.2085883617401123,0.0,0.0,0.9900000095367432,0.0010305624,-0.0002607949,-0.0002607949,8.602678e-22,-4.6017712e-20,-4.9167616e-20,0.0009497361,-0.00024462963,-0.00024462963,1.4544265e-21,-1.9772935e-20,-2.2637901e-20,-7476.444,7476.444,7476.444,-7476.444,-7476.444,7476.444,7476.444,-7476.444,3.1944712e-12,2.1637527e-12,0.0,0.0,1.6455369e-13,-8.6616467e-13,0.0,0.0,3.19817e-12,1.1751352e-12,-8.6986364e-13,1.1531713e-12,0.0,0.0,0.0,0.0,29905.775,-4.6566128e-12,-4.6566128e-12,-9.159945e-14,-4.04607e-12,-4.0899974e-12,0.0,0.0010305624,0.0010305624,0.0,0.0,0.0010305624,0.0010305624,0.0,-0.0,-0.0,-0.0002607949,-0.0002607949,0.0,0.0,-0.0002607949,-0.0002607949,0.0,0.0,-0.0,0.0,-0.0002607949,-0.0002607949,-0.0002607949,-0.0002607949,Uniaxial,0.7494999766349792
5.339254620919366e-32,1112.725830078125,1.2085883617401123,0.0,0.0,0.9900000095367432,0.0010333125,-0.00026150324,-0.00026150324,7.543887e-22,-4.6732396e-20,-5.1761654e-20,0.00095248607,-0.00024533796,-0.00024533796,1.4303252e-21,-2.0701106e-20,-2.3640586e-20,-7476.444,7476.444,7476.444,-7476.444,-7476.444,7476.444,7476.444,-7476.444,2.2740377e-12,2.2219342e-12,0.0,0.0,1.0637211e-13,5.4268672e-14,0.0,0.0,2.7810024e-12,7.744238e-13,-3.3630791e-12,-1.3565004e-12,0.0,0.0,0.0,0.0,29905.775,-4.6566128e-12,1.1641532e-12,-1.0420688e-13,-4.0131574e-12,-4.335331e-12,0.0,0.0010333125,0.0010333125,0.0,-0.0,0.0010333125,0.0010333125,-0.0,0.0,0.0,-0.00026150324,-0.00026150324,-0.0,-0.0,-0.00026150324,-0.00026150324,0.0,-0.0,-0.0,0.0,-0.00026150324,-0.00026150324,-0.00026150324,-0.00026150324,Uniaxial,0.7515000104904175
5.339254620919366e-32,1112.80810546875,1.2085883617401123,0.0,0.0,0.9900000095367432,0.0010360625,-0.00026221157,-0.00026221157,8.3379806e-22,-4.7208852e-20,-5.438216e-20,0.0009552361,-0.0002460463,-0.0002460463,1.4097878e-21,-2.1613725e-20,-2.469897e-20,-7476.444,7476.444,7476.444,-7476.444,-7476.444,7476.444,7476.444,-7476.444,7.389847e-12,7.345448e-12,0.0,0.0,3.1319307e-12,3.0875315e-12,0.0,0.0,5.9140167e-12,3.941059e-12,1.6529794e-12,3.625937e-12,0.0,0.0,0.0,0.0,29905.775,-2.0954759e-11,-1.5133991e-11,-8.8798414e-14,-3.945915e-12,-4.576159e-12,0.0,0.0010360625,0.0010360625,0.0,-0.0,0.0010360625,0.0010360625,-0.0,0.0,0.0,-0.00026221157,-0.00026221157,0.0,0.0,-0.00026221157,-0.00026221157,0.0,0.0,0.0,0.0,-0.00026221157,-0.00026221157,-0.00026221157,-0.00026221157,Uniaxial,0.7534999847412109
5.339254620919366e-32,1112.890380859375,1.2085883617401123,0.0,0.0,0.9900000095367432,0.0010388125,-0.00026291993,-0.00026291993,9.132074e-22,-4.744708e-20,-5.6632093e-20,0.0009579861,-0.00024675464,-0.00024675464,1.3926912e-21,-2.2503127e-20,-2.5798377e-20,-7476.444,7476.444,7476.444,-7476.444,-7476.444,7476.444,7476.444,-7476.444,9.646974e-12,9.610013e-12,0.0,0.0,7.2702083e-12,7.233248e-12,0.0,0.0,1.041064e-11,8.487878e-12,4.1412746e-12,6.0640377e-12,0.0,0.0,0.0,0.0,29905.775,-3.3760442e-11,-2.910383e-11,-7.392043e-14,-3.8455263e-12,-4.7535313e-12,-0.0,0.0010388125,0.0010388125,-0.0,-0.0,0.0010388125,0.0010388125,-0.0,0.0,0.0,-0.00026291993,-0.00026291993,0.0,0.0,-0.00026291993,-0.00026291993,0.0,0.0,0.0,0.0,-0.00026291993,-0.00026291993,-0.00026291993,-0.00026291993,Uniaxial,0.7555000185966492
5.339254620919366e-32,1112.9725341796875,1.2085883617401123,0.0,0.0,0.9900000095367432,0.0010415625,-0.00026362826,-0.00026362826,9.926167e-22,-4.755296e-20,-5.856439e-20,0.00096073607,-0.00024746297,-0.00024746297,1.3789174e-21,-2.3365553e-20,-2.6926458e-20,-7476.444,7476.444,7476.444,-7476.444,-7476.444,7476.444,7476.444,-7476.444,1.3278641e-11,1.3248864e-11,0.0,0.0,8.870047e-12,8.84027e-12,0.0,0.0,1.2046903e-11,1.0182458e-11,7.743701e-12,9.608147e-12,0.0,0.0,0.0,0.0,29905.775,-4.4237822e-11,-3.958121e-11,-5.9554676e-14,-3.7288918e-12,-4.877514e-12,0.0,0.0010415625,0.0010415625,0.0,0.0,0.0010415625,0.0010415625,0.0,0.0,0.0,-0.00026362826,-0.00026362826,0.0,0.0,-0.00026362826,-0.00026362826,0.0,0.0,0.0,0.0,-0.00026362826,-0.00026362826,-0.00026362826,-0.00026362826,Uniaxial,0.7574999928474426
5.339254620919366e-32,1113.0548095703125,1.2085883617401123,0.0,0.0,0.9900000095367432,0.0010443125,-0.0002643366,-0.0002643366,1.0720261e-21,-4.742061e-20,-6.044374e-20,0.0009634861,-0.0002481713,-0.0002481713,1.3683516e-21,-2.419373e-20,-2.8080404e-20,-7476.444,7476.444,7476.444,-7476.444,-7476.444,7476.444,7476.444,-7476.444,1.4937558e-11,1.4914717e-11,0.0,0.0,1.2442884e-11,1.2420042e-11,0.0,0.0,1.5642106e-11,1.38517e-11,9.387189e-12,1.11775944e-11,0.0,0.0,0.0,0.0,29905.775,-5.47152e-11,-5.005859e-11,-4.5683516e-14,-3.5808108e-12,-4.989348e-12,-0.0,0.0010443125,0.0010443125,-0.0,-0.0,0.0010443125,0.0010443125,-0.0,0.0,0.0,-0.0002643366,-0.0002643366,0.0,0.0,-0.0002643366,-0.0002643366,0.0,0.0,0.0,0.0,-0.0002643366,-0.0002643366,-0.0002643366,-0.0002643366,Uniaxial,0.7595000267028809
5.339254620919366e-32,1113.1370849609375,1.2085883617401123,0.0,0.0,0.9900000095367432,0.0010470625,-0.00026504492,-0.00026504492,1.1514354e-21,-4.7050033e-20,-6.20584e-20,0.00096623605,-0.00024887963,-0.00024887963,1.3608835e-21,-2.4980636e-20,-2.9250215e-20,-7476.444,7476.444,7476.444,-7476.444,-7476.444,7476.444,7476.444,-7476.444,1.7682503e-11,1.7666358e-11,0.0,0.0,1.31837015e-11,1.3167557e-11,0.0,0.0,1.7540103e-11,1.583892e-11,1.33099564e-11,1.501114e-11,0.0,0.0,0.0,0.0,29905.775,-6.170012e-11,-6.170012e-11,-3.2289912e-14,-3.4023654e-12,-5.0579285e-12,0.0,0.0010470625,0.0010470625,0.0,0.0,0.0010470625,0.0010470625,0.0,0.0,0.0,-0.00026504492,-0.00026504492,0.0,0.0,-0.00026504492,-0.00026504492,0.0,0.0,0.0,0.0,-0.00026504492,-0.00026504492,-0.00026504492,-0.00026504492,Uniaxial,0.7615000009536743
5.339254620919366e-32,1113.21923828125,1.2085883617401123,0.0,0.0,0.9900000095367432,0.0010498125,-0.00026575325,-0.00026575325,1.2308448e-21,-4.636182e-20,-6.338189e-20,0.0009689861,-0.00024958796,-0.00024958796,1.3564065e-21,-2.5716756e-20,-3.0425312e-20,-7476.444,7476.444,7476.444,-7476.444,-7476.444,7476.444,7476.444,-7476.444,1.9319416e-11,1.9309736e-11,0.0,0.0,1.6779012e-11,1.6769334e-11,0.0,0.0,2.2259344e-11,2.0667953e-11,1.6157712e-11,1.7749103e-11,0.0,0.0,0.0,0.0,29905.775,-7.21775e-11,-7.6834115e-11,-1.935743e-14,-3.1827804e-12,-5.080805e-12,0.0,0.0010498125,0.0010498125,0.0,-0.0,0.0010498125,0.0010498125,-0.0,0.0,0.0,-0.00026575325,-0.00026575325,0.0,0.0,-0.00026575325,-0.00026575325,0.0,0.0,0.0,0.0,-0.00026575325,-0.00026575325,-0.00026575325,-0.00026575325,Uniaxial,0.7634999752044678
5.339254620919366e-32,1113.301513671875,1.2085883617401123,0.0,0.0,0.9900000095367432,0.0010525625,-0.0002664616,-0.0002664616,1.3367239e-21,-4.5567726e-20,-6.444068e-20,0.0009717361,-0.00025029632,-0.00025029632,1.3557288e-21,-2.6400193e-20,-3.159641e-20,-7476.444,7476.444,7476.444,-7476.444,-7476.444,7476.444,7476.444,-7476.444,2.2915244e-11,2.2913779e-11,0.0,0.0,1.8413661e-11,1.8412195e-11,0.0,0.0,2.2668341e-11,2.1190844e-11,1.8659099e-11,2.0136596e-11,0.0,0.0,0.0,0.0,29905.775,-8.2654876e-11,-8.2654876e-11,-2.9299308e-15,-2.9549945e-12,-5.0634917e-12,0.0,0.0010525625,0.0010525625,0.0,-0.0,0.0010525625,0.0010525625,-0.0,0.0,0.0,-0.0002664616,-0.0002664616,0.0,0.0,-0.0002664616,-0.0002664616,0.0,0.0,0.0,0.0,-0.0002664616,-0.0002664616,-0.0002664616,-0.0002664616,Uniaxial,0.765500009059906
5.339254620919366e-32,1113.3837890625,1.2085883617401123,0.0,0.0,0.9900000095367432,0.0010553125,-0.00026716993,-0.00026716993,1.442603e-21,-4.4455995e-20,-6.549947e-20,0.00097448606,-0.00025100465,-0.00025100465,1.3587198e-21,-2.7021826e-20,-3.2763635e-20,-7476.444,7476.444,7476.444,-7476.444,-7476.444,7476.444,7476.444,-7476.444,1.9302835e-11,1.93093e-11,0.0,0.0,1.6779448e-11,1.6785915e-11,0.0,0.0,2.2127081e-11,2.0783198e-11,1.6289975e-11,1.7633858e-11,0.0,0.0,0.0,0.0,29905.775,-7.21775e-11,-7.6834115e-11,1.2931997e-14,-2.6877675e-12,-5.046774e-12,-0.0,0.0010553125,0.0010553125,-0.0,-0.0,0.0010553125,0.0010553125,-0.0,0.0,0.0,-0.00026716993,-0.00026716993,0.0,0.0,-0.00026716993,-0.00026716993,0.0,0.0,0.0,0.0,-0.00026716993,-0.00026716993,-0.00026716993,-0.00026716993,Uniaxial,0.7674999833106995
5.339254620919366e-32,1113.466064453125,1.2085883617401123,0.0,0.0,0.9900000095367432,0.0010580625,-0.00026787826,-0.00026787826,1.5484821e-21,-4.3158976e-20,-6.629356e-20,0.0009772361,-0.00025171298,-0.00025171298,1.365253e-21,-2.7577404e-20,-3.3918018e-20,-7476.444,7476.444,7476.444,-7476.444,-7476.444,7476.444,7476.444,-7476.444,1.5904465e-11,1.5918588e-11,0.0,0.0,1.1439012e-11,1.1453136e-11,0.0,0.0,1.5527147e-11,1.4326068e-11,1.1830453e-11,1.30315325e-11,0.0,0.0,0.0,0.0,29905.775,-5.47152e-11,-5.47152e-11,2.8247824e-14,-2.4021592e-12,-4.9912297e-12,0.0,0.0010580625,0.0010580625,0.0,0.0,0.0010580625,0.0010580625,0.0,0.0,0.0,-0.00026787826,-0.00026787826,0.0,0.0,-0.00026787826,-0.00026787826,0.0,0.0,0.0,0.0,-0.00026787826,-0.00026787826,-0.00026787826,-0.00026787826,Uniaxial,0.7695000171661377
5.339254620919366e-32,1113.5482177734375,1.2085883617401123,0.0,0.0,0.9900000095367432,0.0010608125,-0.0002685866,-0.0002685866,1.6543612e-21,-4.1782547e-20,-6.68759e-20,0.000979986,-0.0002524213,-0.0002524213,1.3752065e-21,-2.8066464e-20,-3.5052706e-20,-7476.444,7476.444,7476.444,-7476.444,-7476.444,7476.444,7476.444,-7476.444,8.782756e-12,8.804274e-12,0.0,0.0,6.329718e-12,6.351236e-12,0.0,0.0,1.2635381e-11,1.1578099e-11,7.1552243e-12,8.212505e-12,0.0,0.0,0.0,0.0,29905.775,-3.0267983e-11,-3.958121e-11,4.303635e-14,-2.1145629e-12,-4.9060755e-12,-0.0,0.0010608125,0.0010608125,-0.0,-0.0,0.0010608125,0.0010608125,-0.0,0.0,0.0,-0.0002685866,-0.0002685866,0.0,0.0,-0.0002685866,-0.0002685866,0.0,0.0,0.0,0.0,-0.0002685866,-0.0002685866,-0.0002685866,-0.0002685866,Uniaxial,0.7714999914169312
5.339254620919366e-32,1113.6304931640625,1.2085883617401123,0.0,0.0,0.9900000095367432,0.0010635625,-0.00026929492,-0.00026929492,1.7602403e-21,-4.02473e-20,-6.7352354e-20,0.0009827361,-0.00025312966,-0.00025312966,1.3884626e-21,-2.848583e-20,-3.616473e-20,-7476.444,7476.444,7476.444,-7476.444,-7476.444,7476.444,7476.444,-7476.444,3.6278042e-12,3.656462e-12,0.0,0.0,-7.46079e-13,-7.1742113e-13,0.0,0.0,5.4388278e-12,4.5322144e-12,2.1281683e-12,3.0347816e-12,0.0,0.0,0.0,0.0,29905.775,-5.820766e-12,-1.5133991e-11,5.731573e-14,-1.8132265e-12,-4.808092e-12,0.0,0.0010635625,0.0010635625,0.0,0.0,0.0010635625,0.0010635625,0.0,0.0,0.0,-0.00026929492,-0.00026929492,0.0,0.0,-0.00026929492,-0.00026929492,0.0,0.0,0.0,0.0,-0.00026929492,-0.00026929492,-0.00026929492,-0.00026929492,Uniaxial,0.7735000252723694
5.339254620919366e-32,1113.7127685546875,1.2085883617401123,0.0,0.0,0.9900000095367432,0.0010663125,-0.00027000328,-0.00027000328,1.8661195e-21,-3.8447355e-20,-6.756411e-20,0.0009854861,-0.000253838,-0.000253838,1.4049076e-21,-2.882879e-20,-3.7245762e-20,-7476.444,7476.444,7476.444,-7476.444,-7476.444,7476.444,7476.444,-7476.444,-1.4686008e-12,-1.4330491e-12,0.0,0.0,-3.8056403e-12,-3.7700884e-12,0.0,0.0,1.0689624e-12,3.2753132e-13,-3.9793455e-12,-3.2379143e-12,0.0,0.0,0.0,0.0,29905.775,1.0477379e-11,5.820766e-12,7.1103496e-14,-1.4828621e-12,-4.674079e-12,0.0,0.0010663125,0.0010663125,0.0,-0.0,0.0010663125,0.0010663125,-0.0,-0.0,-0.0,-0.00027000328,-0.00027000328,-0.0,-0.0,-0.00027000328,-0.00027000328,-0.0,-0.0,-0.0,-0.0,-0.00027000328,-0.00027000328,-0.00027000328,-0.00027000328,Uniaxial,0.7754999995231628
5.339254620919366e-32,1113.794921875,1.2085883617401123,0.0,0.0,0.9900000095367432,0.0010690625,-0.0002707116,-0.0002707116,1.9719986e-21,-3.659447e-20,-6.756411e-20,0.000988236,-0.00025454632,-0.00025454632,1.4244317e-21,-2.909615e-20,-3.8289573e-20,-7476.444,7476.444,7476.444,-7476.444,-7476.444,7476.444,7476.444,-7476.444,9.279508e-13,9.701591e-13,0.0,0.0,-3.2984655e-12,-3.2562572e-12,0.0,0.0,1.1262489e-12,5.482534e-13,-1.7083255e-12,-1.13033e-12,0.0,0.0,0.0,0.0,29905.775,4.6566128e-12,1.1641532e-12,8.441657e-14,-1.1559911e-12,-4.513158e-12,0.0,0.0010690625,0.0010690625,0.0,-0.0,0.0010690625,0.0010690625,-0.0,-0.0,-0.0,-0.0002707116,-0.0002707116,-0.0,-0.0,-0.0002707116,-0.0002707116,0.0,0.0,-0.0,-0.0,-0.0002707116,-0.0002707116,-0.0002707116,-0.0002707116,Uniaxial,0.7774999737739563
5.339254620919366e-32,1113.877197265625,1.2085883617401123,0.0,0.0,0.9900000095367432,0.0010718125,-0.00027141994,-0.00027141994,2.0778777e-21,-3.4715116e-20,-6.7352354e-20,0.0009909861,-0.00025525465,-0.00025525465,1.4469287e-21,-2.9289603e-20,-3.929016e-20,-7476.444,7476.444,7476.444,-7476.444,-7476.444,7476.444,7476.444,-7476.444,1.6393225e-12,1.6879581e-12,0.0,0.0,-5.2380496e-13,-4.751693e-13,0.0,0.0,4.0218206e-12,3.6036037e-12,-5.293609e-13,-1.1114416e-13,0.0,0.0,0.0,0.0,29905.775,-2.3283064e-12,-6.984919e-12,9.72713e-14,-8.3643346e-13,-4.326255e-12,-0.0,0.0010718125,0.0010718125,-0.0,-0.0,0.0010718125,0.0010718125,-0.0,0.0,0.0,-0.00027141994,-0.00027141994,-0.0,-0.0,-0.00027141994,-0.00027141994,0.0,0.0,0.0,0.0,-0.00027141994,-0.00027141994,-0.00027141994,-0.00027141994,Uniaxial,0.7795000076293945
5.339254620919366e-32,1113.95947265625,1.2085883617401123,0.0,0.0,0.9900000095367432,0.0010745625,-0.00027212827,-0.00027212827,2.1837568e-21,-3.2703413e-20,-6.703472e-20,0.0009937361,-0.00025596298,-0.00025596298,1.4722966e-21,-2.9407133e-20,-4.024536e-20,-7476.444,7476.444,7476.444,-7476.444,-7476.444,7476.444,7476.444,-7476.444,4.609349e-12,4.6641905e-12,0.0,0.0,5.7449884e-13,6.2934055e-13,0.0,0.0,5.8161635e-12,5.562075e-12,3.4970624e-12,3.7511504e-12,0.0,0.0,0.0,0.0,29905.775,-1.0477379e-11,-1.8626451e-11,1.09683455e-13,-5.0817635e-13,-4.1300257e-12,0.0,0.0010745625,0.0010745625,0.0,0.0,0.0010745625,0.0010745625,0.0,0.0,0.0,-0.00027212827,-0.00027212827,0.0,0.0,-0.00027212827,-0.00027212827,0.0,0.0,0.0,0.0,-0.00027212827,-0.00027212827,-0.00027212827,-0.00027212827,Uniaxial,0.781499981880188
5.339254620919366e-32,1114.041748046875,1.2085883617401123,0.0,0.0,0.9900000095367432,0.0010773125,-0.0002728366,-0.0002728366,2.289636e-21,-3.058583e-20,-6.658473e-20,0.000996486,-0.00025667134,-0.00025667134,1.5004363e-21,-2.9447714e-20,-4.1152184e-20,-7476.444,7476.444,7476.444,-7476.444,-7476.444,7476.444,7476.444,-7476.444,-2.8337022e-12,-2.772868e-12,0.0,0.0,-4.7941278e-12,-4.7332936e-12,0.0,0.0,5.538047e-13,4.6607493e-13,-3.4641877e-12,-3.376458e-12,0.0,0.0,0.0,0.0,29905.775,1.5133991e-11,5.820766e-12,1.2166829e-13,-1.7545953e-13,-3.920851e-12,-0.0,0.0010773125,0.0010773125,-0.0,-0.0,0.0010773125,0.0010773125,-0.0,-0.0,-0.0,-0.0002728366,-0.0002728366,-0.0,-0.0,-0.0002728366,-0.0002728366,-0.0,-0.0,0.0,0.0,-0.0002728366,-0.0002728366,-0.0002728366,-0.0002728366,Uniaxial,0.7835000157356262
5.339254620919366e-32,1114.1239013671875,1.2085883617401123,0.0,0.0,0.9900000095367432,0.0010800625,-0.00027354495,-0.00027354495,2.395515e-21,-2.8468248e-20,-6.6002395e-20,0.0009992361,-0.00025737967,-0.00025737967,1.5312524e-21,-2.9413993e-20,-4.2007737e-20,-7476.444,7476.444,7476.444,-7476.444,-7476.444,7476.444,7476.444,-7476.444,4.212111e-13,4.8783135e-13,0.0,0.0,-3.3982144e-12,-3.3315941e-12,0.0,0.0,1.4704201e-12,1.5433214e-12,-3.0626692e-13,-3.791681e-13,0.0,0.0,0.0,0.0,29905.775,5.820766e-12,-2.3283064e-12,1.3324049e-13,1.4580236e-13,-3.6991764e-12,0.0,0.0010800625,0.0010800625,0.0,0.0,0.0010800625,0.0010800625,0.0,-0.0,-0.0,-0.00027354495,-0.00027354495,-0.0,-0.0,-0.00027354495,-0.00027354495,0.0,0.0,-0.0,-0.0,-0.00027354495,-0.00027354495,-0.00027354495,-0.00027354495,Uniaxial,0.7854999899864197
5.339254620919366e-32,1114.2061767578125,1.2085883617401123,0.0,0.0,0.9900000095367432,0.0010828126,-0.00027425328,-0.00027425328,2.5013942e-21,-2.6588894e-20,-6.534065e-20,0.0010019861,-0.000258088,-0.000258088,1.5646528e-21,-2.931673e-20,-4.2811052e-20,-7476.444,7476.444,7476.444,-7476.444,-7476.444,7476.444,7476.444,-7476.444,1.9963779e-12,2.068585e-12,0.0,0.0,2.5972136e-13,3.319285e-13,0.0,0.0,4.949533e-12,5.1598036e-12,1.4533098e-12,1.2430391e-12,0.0,0.0,0.0,0.0,29905.775,-4.6566128e-12,-1.2805685e-11,1.4441429e-13,4.2054134e-13,-3.4733132e-12,-0.0,0.0010828126,0.0010828126,-0.0,0.0,0.0010828126,0.0010828126,0.0,0.0,0.0,-0.00027425328,-0.00027425328,-0.0,-0.0,-0.00027425328,-0.00027425328,0.0,0.0,0.0,0.0,-0.00027425328,-0.00027425328,-0.00027425328,-0.00027425328,Uniaxial,0.7875000238418579
5.339254620919366e-32,1114.2884521484375,1.2085883617401123,0.0,0.0,0.9900000095367432,0.0010855625,-0.0002749616,-0.0002749616,2.6072733e-21,-2.470954e-20,-6.449362e-20,0.001004736,-0.00025879632,-0.00025879632,1.6005486e-21,-2.915811e-20,-4.3557547e-20,-7476.444,7476.444,7476.444,-7476.444,-7476.444,7476.444,7476.444,-7476.444,-3.776699e-12,-3.6990975e-12,0.0,0.0,-7.360358e-12,-7.282757e-12,0.0,0.0,-2.2749274e-12,-1.9320166e-12,-3.5458388e-12,-3.8887496e-12,0.0,0.0,0.0,0.0,29905.775,2.2118911e-11,1.1641532e-11,1.5520339e-13,6.8582146e-13,-3.227644e-12,-0.0,0.0010855625,0.0010855625,-0.0,0.0,0.0010855625,0.0010855625,0.0,-0.0,-0.0,-0.0002749616,-0.0002749616,-0.0,-0.0,-0.0002749616,-0.0002749616,-0.0,-0.0,-0.0,-0.0,-0.0002749616,-0.0002749616,-0.0002749616,-0.0002749616,Uniaxial,0.7894999980926514
5.339254620919366e-32,1114.37060546875,1.2085883617401123,0.0,0.0,0.9900000095367432,0.0010883125,-0.00027566994,-0.00027566994,2.6866826e-21,-2.2856655e-20,-6.3725994e-20,0.0010074861,-0.00025950465,-0.00025950465,1.6379425e-21,-2.8941163e-20,-4.4251917e-20,-7476.444,7476.444,7476.444,-7476.444,-7476.444,7476.444,7476.444,-7476.444,-1.6181632e-12,-1.5373228e-12,0.0,0.0,-3.11929e-12,-3.0384497e-12,0.0,0.0,1.500975e-12,1.969989e-12,-1.500975e-12,-1.969989e-12,0.0,0.0,0.0,0.0,29905.775,9.3132255e-12,0.0,1.6168077e-13,9.380282e-13,-3.0022538e-12,-0.0,0.0010883125,0.0010883125,-0.0,-0.0,0.0010883125,0.0010883125,-0.0,-0.0,-0.0,-0.00027566994,-0.00027566994,-0.0,-0.0,-0.00027566994,-0.00027566994,-0.0,-0.0,0.0,0.0,-0.00027566994,-0.00027566994,-0.00027566994,-0.00027566994,Uniaxial,0.7914999723434448
5.339254620919366e-32,1114.452880859375,1.2085883617401123,0.0,0.0,0.9900000095367432,0.0010910626,-0.0002763783,-0.0002763783,2.6602128e-21,-2.105671e-20,-6.274661e-20,0.0010102361,-0.000260213,-0.000260213,1.6731376e-21,-2.8669712e-20,-4.488866e-20,-7476.444,7476.444,7476.444,-7476.444,-7476.444,7476.444,7476.444,-7476.444,1.7995886e-13,2.5604592e-13,0.0,0.0,-3.166429e-12,-3.090342e-12,0.0,0.0,9.76934e-13,1.5637697e-12,1.8721915e-13,-3.996165e-13,0.0,0.0,0.0,0.0,29905.775,5.820766e-12,-2.3283064e-12,1.521741e-13,1.1736713e-12,-2.7531011e-12,0.0,0.0010910626,0.0010910626,0.0,0.0,0.0010910626,0.0010910626,0.0,-0.0,-0.0,-0.0002763783,-0.0002763783,-0.0,-0.0,-0.0002763783,-0.0002763783,0.0,0.0,-0.0,-0.0,-0.0002763783,-0.0002763783,-0.0002763783,-0.0002763783,Uniaxial,0.7935000061988831
5.339254620919366e-32,1114.53515625,1.2085883617401123,0.0,0.0,0.9900000095367432,0.0010938125,-0.00027708663,-0.00027708663,2.633743e-21,-1.9494993e-20,-6.174076e-20,0.0010129861,-0.00026092134,-0.00026092134,1.7062097e-21,-2.8353842e-20,-4.5468852e-20,-7476.444,7476.444,7476.444,-7476.444,-7476.444,7476.444,7476.444,-7476.444,1.1734745e-12,1.2449719e-12,0.0,0.0,-8.081863e-14,-9.321273e-15,0.0,0.0,4.1810136e-12,4.863883e-12,1.6397527e-12,9.56883e-13,0.0,0.0,0.0,0.0,29905.775,-2.3283064e-12,-1.1641532e-11,1.4299472e-13,1.3657392e-12,-2.5085862e-12,-0.0,0.0010938125,0.0010938125,-0.0,-0.0,0.0010938125,0.0010938125,-0.0,0.0,0.0,-0.00027708663,-0.00027708663,-0.0,-0.0,-0.00027708663,-0.00027708663,0.0,0.0,0.0,0.0,-0.00027708663,-0.00027708663,-0.00027708663,-0.00027708663,Uniaxial,0.7954999804496765
5.339254620919366e-32,1114.617431640625,1.2085883617401123,0.0,0.0,0.9900000095367432,0.0010965625,-0.00027779496,-0.00027779496,2.6072733e-21,-1.7880336e-20,-6.078785e-20,0.0010157361,-0.00026162967,-0.00026162967,1.737232e-21,-2.7993256e-20,-4.599626e-20,-7476.444,7476.444,7476.444,-7476.444,-7476.444,7476.444,7476.444,-7476.444,-4.0082495e-12,-3.9411838e-12,0.0,0.0,-7.1182717e-12,-7.051206e-12,0.0,0.0,-2.7300592e-12,-1.9505218e-12,-3.0907067e-12,-3.8702444e-12,0.0,0.0,0.0,0.0,29905.775,2.2118911e-11,1.1641532e-11,1.3413138e-13,1.5590751e-12,-2.2803701e-12,0.0,0.0010965625,0.0010965625,0.0,0.0,0.0010965625,0.0010965625,0.0,-0.0,-0.0,-0.00027779496,-0.00027779496,-0.0,-0.0,-0.00027779496,-0.00027779496,-0.0,-0.0,-0.0,-0.0,-0.00027779496,-0.00027779496,-0.00027779496,-0.00027779496,Uniaxial,0.7975000143051147
5.339254620919366e-32,1114.6995849609375,1.2085883617401123,0.0,0.0,0.9900000095367432,0.0010993124,-0.00027850328,-0.00027850328,2.5808035e-21,-1.6556847e-20,-5.983494e-20,0.0010184861,-0.000262338,-0.000262338,1.7662748e-21,-2.7599518e-20,-4.6472703e-20,-7476.444,7476.444,7476.444,-7476.444,-7476.444,7476.444,7476.444,-7476.444,-1.844697e-12,-1.7819103e-12,0.0,0.0,-2.8747024e-12,-2.8119158e-12,0.0,0.0,7.832801e-13,1.6344861e-12,-1.3653567e-12,-2.2165627e-12,0.0,0.0,0.0,0.0,29905.775,9.3132255e-12,1.1641532e-12,1.2557319e-13,1.7024118e-12,-2.060011e-12,-0.0,0.0010993124,0.0010993124,-0.0,0.0,0.0010993124,0.0010993124,0.0,-0.0,-0.0,-0.00027850328,-0.00027850328,-0.0,-0.0,-0.00027850328,-0.00027850328,-0.0,-0.0,0.0,0.0,-0.00027850328,-0.00027850328,-0.00027850328,-0.00027850328,Uniaxial,0.7994999885559082
1.4682949472844288e-31,1114.646728515625,1.1557228565216064,0.0,0.0,0.9900000095367432,0.001097525,-0.0002781458,-0.0002781458,8.8276715e-21,-2.809767e-20,-5.488509e-20,0.0010184861,-0.000262338,-0.000262338,1.7662748e-21,-2.7599518e-20,-4.6472703e-20,-7311.1,7311.1,7311.1,-7311.1,-7311.1,7311.1,7311.1,-7311.1,8.1870925e-13,3.7810662e-13,0.0,0.0,-8.146641e-13,-1.2552667e-12,0.0,0.0,8.358863e-13,1.7824056e-12,-8.358863e-13,-1.7824056e-12,0.0,0.0,0.0,0.0,29244.4,8.731149e-13,0.0,1.088632e-12,-7.6798566e-14,-1.2969094e-12,-5.288076e-36,0.001097525,0.001097525,-5.288076e-36,-5.288076e-36,0.001097525,0.001097525,-5.288076e-36,-1.322019e-35,-1.322019e-35,-0.0002781458,-0.0002781458,-1.322019e-35,-1.322019e-35,-0.0002781458,-0.0002781458,-1.322019e-35,-1.322019e-35,-1.322019e-35,-1.322019e-35,-0.0002781458,-0.0002781458,-0.0002781458,-0.0002781458,Uniaxial,0.8015000224113464
2.803108514352194e-31,1114.55224609375,1.061231017112732,0.0,0.0,0.9900000095367432,0.001094225,-0.0002774858,-0.0002774858,-4.9895535e-21,-2.0289086e-20,-7.367863e-20,0.0010184861,-0.000262338,-0.000262338,1.7662748e-21,-2.7599518e-20,-4.6472703e-20,-7005.85,7005.85,7005.85,-7005.85,-7005.85,7005.85,7005.85,-7005.85,2.9318399e-12,2.411078e-12,0.0,0.0,-2.1200398e-12,-2.6408014e-12,0.0,0.0,1.0578439e-12,2.606275e-12,-4.757673e-13,-2.0241983e-12,0.0,0.0,0.0,0.0,28023.4,-5.820766e-13,-1.1641532e-12,-1.0415235e-12,1.1270249e-12,-4.1942474e-12,-1.3990625e-34,0.001094225,0.001094225,-1.3990625e-34,-1.3990625e-34,0.001094225,0.001094225,-1.3990625e-34,-0.0,-0.0,-0.0002774858,-0.0002774858,0.0,0.0,-0.0002774858,-0.0002774858,-0.0,-0.0,-0.0,-0.0,-0.0002774858,-0.0002774858,-0.0002774858,-0.0002774858,Uniaxial,0.8034999966621399
2.803108514352194e-31,1114.4617919921875,0.9707684516906738,0.0,0.0,0.9900000095367432,0.001090925,-0.0002768258,-0.0002768258,-1.6278914e-21,-1.372458e-20,-7.420803e-20,0.0010184861,-0.000262338,-0.000262338,1.7662748e-21,-2.7599518e-20,-4.6472703e-20,-6700.6,6700.6,6700.6,-6700.6,-6700.6,6700.6,6700.6,-6700.6,2.3861221e-12,2.1244885e-12,0.0,0.0,-2.706565e-12,-2.9681986e-12,0.0,0.0,1.519121e-12,2.5886474e-12,-1.519121e-12,-2.5886474e-12,0.0,0.0,0.0,0.0,26802.4,1.1641532e-12,0.0,-5.232673e-13,2.1390528e-12,-4.2758627e-12,-0.0,0.001090925,0.001090925,-0.0,-0.0,0.001090925,0.001090925,-0.0,0.0,0.0,-0.0002768258,-0.0002768258,-0.0,-0.0,-0.0002768258,-0.0002768258,0.0,0.0,0.0,0.0,-0.0002768258,-0.0002768258,-0.0002768258,-0.0002768258,Uniaxial,0.8054999709129333
1.3348136846172003e-31,1114.3753662109375,0.8843351602554321,0.0,0.0,0.9900000095367432,0.001087625,-0.00027616578,-0.00027616578,1.7337706e-21,-2.4286023e-20,-8.1540156e-20,0.0010184861,-0.000262338,-0.000262338,1.7662748e-21,-2.7599518e-20,-4.6472703e-20,-6395.35,6395.35,6395.35,-6395.35,-6395.35,6395.35,6395.35,-6395.35,2.209068e-12,1.2216439e-12,0.0,0.0,-4.9404816e-13,-1.4814723e-12,0.0,0.0,2.2983863e-12,3.5387203e-12,-1.1342331e-12,-2.3745671e-12,0.0,0.0,0.0,0.0,25581.4,-1.4551915e-12,-2.3283064e-12,-5.011062e-15,5.1083053e-13,-5.4062323e-12,0.0,0.001087625,0.001087625,0.0,0.0,0.001087625,0.001087625,0.0,-0.0,-0.0,-0.00027616578,-0.00027616578,-0.0,-0.0,-0.00027616578,-0.00027616578,-0.0,-0.0,-0.0,-0.0,-0.00027616578,-0.00027616578,-0.00027616578,-0.00027616578,Uniaxial,0.8075000047683716
1.0678509241838733e-31,1114.29296875,0.8019312024116516,0.0,0.0,0.9900000095367432,0.001084325,-0.0002755058,-0.0002755058,-9.754114e-21,-1.7933276e-20,-8.1778384e-20,0.0010184861,-0.000262338,-0.000262338,1.7662748e-21,-2.7599518e-20,-4.6472703e-20,-6090.1,6090.1,6090.1,-6090.1,-6090.1,6090.1,6090.1,-6090.1,2.7169137e-12,1.8288838e-12,0.0,0.0,-1.974403e-12,-2.862433e-12,0.0,0.0,2.2641437e-12,3.0092498e-12,-1.682067e-12,-2.4271733e-12,0.0,0.0,0.0,0.0,24360.4,2.910383e-13,-1.1641532e-12,-1.7760599e-12,1.4902124e-12,-5.442959e-12,-0.0,0.001084325,0.001084325,-0.0,-0.0,0.001084325,0.001084325,-0.0,0.0,0.0,-0.0002755058,-0.0002755058,0.0,0.0,-0.0002755058,-0.0002755058,0.0,0.0,-0.0,0.0,-0.0002755058,-0.0002755058,-0.0002755058,-0.0002755058,Uniaxial,0.809499979019165
1.0678509241838733e-31,1114.214599609375,0.7235565185546875,0.0,0.0,0.9900000095367432,0.001081025,-0.00027484578,-0.00027484578,-2.8190315e-21,-2.6403605e-20,-8.384303e-20,0.0010184861,-0.000262338,-0.000262338,1.7662748e-21,-2.7599518e-20,-4.6472703e-20,-5784.85,5784.85,5784.85,-5784.85,-5784.85,5784.85,5784.85,-5784.85,2.7110978e-12,2.3576473e-12,0.0,0.0,-2.1393685e-12,-2.492819e-12,0.0,0.0,2.3791407e-12,2.4713257e-12,-2.3791407e-12,-2.4713257e-12,0.0,0.0,0.0,0.0,23139.4,-4.3655745e-13,0.0,-7.069014e-13,1.8436993e-13,-5.7612582e-12,0.0,0.001081025,0.001081025,0.0,0.0,0.001081025,0.001081025,0.0,-0.0,-0.0,-0.00027484578,-0.00027484578,-0.0,-0.0,-0.00027484578,-0.00027484578,-0.0,-0.0,0.0,0.0,-0.00027484578,-0.00027484578,-0.00027484578,-0.00027484578,Uniaxial,0.8115000128746033
1.0678509241838733e-31,1114.1402587890625,0.6492111682891846,0.0,0.0,0.9900000095367432,0.001077725,-0.0002741858,-0.0002741858,2.871971e-21,-3.1088756e-20,-7.653737e-20,0.0010184861,-0.000262338,-0.000262338,1.7662748e-21,-2.7599518e-20,-4.6472703e-20,-5479.6,5479.6,5479.6,-5479.6,-5479.6,5479.6,5479.6,-5479.6,2.0646657e-12,2.1498966e-12,0.0,0.0,-2.222656e-12,-2.1374254e-12,0.0,0.0,2.2781419e-12,2.00918e-12,-2.2781419e-12,-2.00918e-12,0.0,0.0,0.0,0.0,21918.4,1.4551915e-13,0.0,1.7046152e-13,-5.379242e-13,-4.634969e-12,-0.0,0.001077725,0.001077725,-0.0,-0.0,0.001077725,0.001077725,-0.0,0.0,0.0,-0.0002741858,-0.0002741858,0.0,0.0,-0.0002741858,-0.0002741858,0.0,0.0,-0.0,-0.0,-0.0002741858,-0.0002741858,-0.0002741858,-0.0002741858,Uniaxial,0.8134999871253967
1.0678509241838733e-31,1114.0699462890625,0.578895092010498,0.0,0.0,0.9900000095367432,0.001074425,-0.0002735258,-0.0002735258,5.1219024e-21,-3.164462e-20,-7.1164e-20,0.0010184861,-0.000262338,-0.000262338,1.7662748e-21,-2.7599518e-20,-4.6472703e-20,-5174.35,5174.35,5174.35,-5174.35,-5174.35,5174.35,5174.35,-5174.35,1.6980916e-12,1.9567546e-12,0.0,0.0,-2.1750334e-12,-1.9163703e-12,0.0,0.0,1.9469482e-12,1.6351383e-12,-2.2379867e-12,-1.9261767e-12,0.0,0.0,0.0,0.0,20697.4,4.3655745e-13,5.820766e-13,5.1732593e-13,-6.236201e-13,-3.8065753e-12,0.0,0.001074425,0.001074425,0.0,0.0,0.001074425,0.001074425,0.0,-0.0,-0.0,-0.0002735258,-0.0002735258,-0.0,-0.0,-0.0002735258,-0.0002735258,-0.0,-0.0,0.0,0.0,-0.0002735258,-0.0002735258,-0.0002735258,-0.0002735258,Uniaxial,0.815500020980835
1.0678509241838733e-31,1114.003662109375,0.5126082897186279,0.0,0.0,0.9900000095367432,0.001071125,-0.0002728658,-0.0002728658,4.433688e-21,-2.9738797e-20,-6.991992e-20,0.0010184861,-0.000262338,-0.000262338,1.7662748e-21,-2.7599518e-20,-4.6472703e-20,-4869.1,4869.1,4869.1,-4869.1,-4869.1,4869.1,4869.1,-4869.1,1.6766676e-12,1.8822808e-12,0.0,0.0,-2.1005595e-12,-1.8949464e-12,0.0,0.0,1.8255458e-12,1.660643e-12,-2.116584e-12,-1.9516814e-12,0.0,0.0,0.0,0.0,19476.4,4.3655745e-13,5.820766e-13,4.1122623e-13,-3.2980555e-13,-3.6147797e-12,-0.0,0.001071125,0.001071125,-0.0,-0.0,0.001071125,0.001071125,-0.0,-0.0,-0.0,-0.0002728658,-0.0002728658,0.0,0.0,-0.0002728658,-0.0002728658,-0.0,-0.0,0.0,0.0,-0.0002728658,-0.0002728658,-0.0002728658,-0.0002728658,Uniaxial,0.8174999952316284
1.0678509241838733e-31,1113.94140625,0.4503508508205414,0.0,0.0,0.9900000095367432,0.001067825,-0.0002722058,-0.0002722058,2.6866826e-21,-2.7780034e-20,-7.108459e-20,0.0010184861,-0.000262338,-0.000262338,1.7662748e-21,-2.7599518e-20,-4.6472703e-20,-4563.85,4563.85,4563.85,-4563.85,-4563.85,4563.85,4563.85,-4563.85,2.043547e-12,2.1144952e-12,0.0,0.0,-1.8234568e-12,-1.7525087e-12,0.0,0.0,2.0859785e-12,2.0720637e-12,-1.7949401e-12,-1.7810254e-12,0.0,0.0,0.0,0.0,18255.4,-5.820766e-13,-5.820766e-13,1.4189622e-13,-2.7829472e-14,-3.7943333e-12,0.0,0.001067825,0.001067825,0.0,0.0,0.001067825,0.001067825,0.0,-0.0,-0.0,-0.0002722058,-0.0002722058,-0.0,-0.0,-0.0002722058,-0.0002722058,-0.0,-0.0,-0.0,-0.0,-0.0002722058,-0.0002722058,-0.0002722058,-0.0002722058,Uniaxial,0.8195000290870667
1.0678509241838733e-31,1113.8831787109375,0.39212265610694885,0.0,0.0,0.9900000095367432,0.001064525,-0.00027154578,-0.00027154578,1.3631936e-21,-2.6694773e-20,-7.1984566e-20,0.0010184861,-0.000262338,-0.000262338,1.7662748e-21,-2.7599518e-20,-4.6472703e-20,-4258.6,4258.6,4258.6,-4258.6,-4258.6,4258.6,4258.6,-4258.6,1.8745845e-12,1.8435136e-12,0.0,0.0,-2.0617924e-12,-2.0928632e-12,0.0,0.0,1.7877988e-12,1.8575395e-12,-2.078837e-12,-2.148578e-12,0.0,0.0,0.0,0.0,17034.4,4.3655745e-13,5.820766e-13,-6.214167e-14,1.3948159e-13,-3.9330787e-12,-0.0,0.001064525,0.001064525,-0.0,-0.0,0.001064525,0.001064525,-0.0,0.0,0.0,-0.00027154578,-0.00027154578,0.0,0.0,-0.00027154578,-0.00027154578,0.0,0.0,0.0,0.0,-0.00027154578,-0.00027154578,-0.00027154578,-0.00027154578,Uniaxial,0.8215000033378601
1.0678509241838733e-31,1113.8289794921875,0.3379237949848175,0.0,0.0,0.9900000095367432,0.001061225,-0.0002708858,-0.0002708858,9.132074e-22,-2.6641833e-20,-7.232867e-20,0.0010184861,-0.000262338,-0.000262338,1.7662748e-21,-2.7599518e-20,-4.6472703e-20,-3953.3499,3953.3499,3953.3499,-3953.3499,-3953.3499,3953.3499,3953.3499,-3953.3499,1.8688102e-12,1.803053e-12,0.0,0.0,-2.0940914e-12,-2.1598487e-12,0.0,0.0,1.6535018e-12,1.7273233e-12,-2.2355783e-12,-2.3093999e-12,0.0,0.0,0.0,0.0,15813.399,5.820766e-13,1.1641532e-12,-1.3151455e-13,1.4764311e-13,-3.9861287e-12,0.0,0.001061225,0.001061225,0.0,0.0,0.001061225,0.001061225,0.0,-0.0,-0.0,-0.0002708858,-0.0002708858,-0.0,-0.0,-0.0002708858,-0.0002708858,-0.0,-0.0,-0.0,-0.0,-0.0002708858,-0.0002708858,-0.0002708858,-0.0002708858,Uniaxial,0.8234999775886536
1.0678509241838733e-31,1113.77880859375,0.28775423765182495,0.0,0.0,0.9900000095367432,0.001057925,-0.00027022578,-0.00027022578,1.1249656e-21,-2.714476e-20,-7.2196324e-20,0.0010184861,-0.000262338,-0.000262338,1.7662748e-21,-2.7599518e-20,-4.6472703e-20,-3648.0999,3648.0999,3648.0999,-3648.0999,-3648.0999,3648.0999,3648.0999,-3648.0999,2.001067e-12,1.9516326e-12,0.0,0.0,-1.9516326e-12,-2.001067e-12,0.0,0.0,2.1043419e-12,2.139396e-12,-1.8133035e-12,-1.8483578e-12,0.0,0.0,0.0,0.0,14592.399,0.0,-5.820766e-13,-9.886849e-14,7.0108714e-14,-3.965725e-12,0.0,0.001057925,0.001057925,0.0,0.0,0.001057925,0.001057925,0.0,0.0,0.0,-0.00027022578,-0.00027022578,0.0,0.0,-0.00027022578,-0.00027022578,-0.0,-0.0,-0.0,-0.0,-0.00027022578,-0.00027022578,-0.00027022578,-0.00027022578,Uniaxial,0.8255000114440918
1.0678509241838733e-31,1113.732666015625,0.2416139543056488,0.0,0.0,0.9900000095367432,0.001054625,-0.0002695658,-0.0002695658,1.6543612e-21,-2.7515336e-20,-7.2063975e-20,0.0010184861,-0.000262338,-0.000262338,1.7662748e-21,-2.7599518e-20,-4.6472703e-20,-3342.8499,3342.8499,3342.8499,-3342.8499,-3342.8499,3342.8499,3342.8499,-3342.8499,1.9391825e-12,1.9305558e-12,0.0,0.0,-2.0033153e-12,-2.011942e-12,0.0,0.0,1.9680043e-12,1.9744935e-12,-1.9680043e-12,-1.9744935e-12,0.0,0.0,0.0,0.0,13371.399,1.4551915e-13,0.0,-1.7253336e-14,1.2978105e-14,-3.945321e-12,-0.0,0.001054625,0.001054625,-0.0,-0.0,0.001054625,0.001054625,-0.0,-0.0,-0.0,-0.0002695658,-0.0002695658,-0.0,-0.0,-0.0002695658,-0.0002695658,0.0,0.0,0.0,0.0,-0.0002695658,-0.0002695658,-0.0002695658,-0.0002695658,Uniaxial,0.8274999856948853
1.0678509241838733e-31,1113.6905517578125,0.19950298964977264,0.0,0.0,0.9900000095367432,0.001051325,-0.0002689058,-0.0002689058,1.8661195e-21,-2.7806503e-20,-7.2090445e-20,0.0010184861,-0.000262338,-0.000262338,1.7662748e-21,-2.7599518e-20,-4.6472703e-20,-3037.5999,3037.5999,3037.5999,-3037.5999,-3037.5999,3037.5999,3037.5999,-3037.5999,2.0048006e-12,2.0124972e-12,0.0,0.0,-1.9397374e-12,-1.9320411e-12,0.0,0.0,1.8347275e-12,1.8187723e-12,-2.1257657e-12,-2.1098106e-12,0.0,0.0,0.0,0.0,12150.399,-1.4551915e-13,5.820766e-13,1.5392727e-14,-3.1910228e-14,-3.949402e-12,0.0,0.001051325,0.001051325,0.0,0.0,0.001051325,0.001051325,0.0,0.0,0.0,-0.0002689058,-0.0002689058,0.0,0.0,-0.0002689058,-0.0002689058,-0.0,-0.0,0.0,0.0,-0.0002689058,-0.0002689058,-0.0002689058,-0.0002689058,Uniaxial,0.8295000195503235
1.0678509241838733e-31,1113.6524658203125,0.16142132878303528,0.0,0.0,0.9900000095367432,0.001048025,-0.00026824579,-0.00026824579,1.9984684e-21,-2.7753564e-20,-7.2063975e-20,0.0010184861,-0.000262338,-0.000262338,1.7662748e-21,-2.7599518e-20,-4.6472703e-20,-2732.3499,2732.3499,2732.3499,-2732.3499,-2732.3499,2732.3499,2732.3499,-2732.3499,1.9622997e-12,1.9801981e-12,0.0,0.0,-1.9801981e-12,-1.9622997e-12,0.0,0.0,1.977186e-12,1.9653118e-12,-1.977186e-12,-1.9653118e-12,0.0,0.0,0.0,0.0,10929.399,0.0,0.0,3.5796514e-14,-2.3748713e-14,-3.945321e-12,-0.0,0.001048025,0.001048025,-0.0,-0.0,0.001048025,0.001048025,-0.0,0.0,0.0,-0.00026824579,-0.00026824579,0.0,0.0,-0.00026824579,-0.00026824579,-0.0,-0.0,-0.0,-0.0,-0.00026824579,-0.00026824579,-0.00026824579,-0.00026824579,Uniaxial,0.8314999938011169
1.0678509241838733e-31,1113.618408203125,0.1273689568042755,0.0,0.0,0.9900000095367432,0.001044725,-0.0002675858,-0.0002675858,1.919059e-21,-2.7780034e-20,-7.2037505e-20,0.0010184861,-0.000262338,-0.000262338,1.7662748e-21,-2.7599518e-20,-4.6472703e-20,-2427.0999,2427.0999,2427.0999,-2427.0999,-2427.0999,2427.0999,2427.0999,-2427.0999,1.8370108e-12,1.848788e-12,0.0,0.0,-2.1034465e-12,-2.0916695e-12,0.0,0.0,1.831667e-12,1.8177522e-12,-2.1227052e-12,-2.1087906e-12,0.0,0.0,0.0,0.0,9708.399,5.0931704e-13,5.820766e-13,2.3554241e-14,-2.7829472e-14,-3.9412406e-12,-0.0,0.001044725,0.001044725,-0.0,-0.0,0.001044725,0.001044725,-0.0,0.0,0.0,-0.0002675858,-0.0002675858,0.0,0.0,-0.0002675858,-0.0002675858,0.0,0.0,0.0,0.0,-0.0002675858,-0.0002675858,-0.0002675858,-0.0002675858,Uniaxial,0.8335000276565552
1.0678509241838733e-31,1113.58837890625,0.09734588116407394,0.0,0.0,0.9900000095367432,0.001041425,-0.00026692578,-0.00026692578,1.7073008e-21,-2.7647685e-20,-7.2090445e-20,0.0010184861,-0.000262338,-0.000262338,1.7662748e-21,-2.7599518e-20,-4.6472703e-20,-2121.8499,2121.8499,2121.8499,-2121.8499,-2121.8499,2121.8499,2121.8499,-2121.8499,2.0291117e-12,2.0245658e-12,0.0,0.0,-1.9154264e-12,-1.9199724e-12,0.0,0.0,1.9741255e-12,1.9704128e-12,-1.9741255e-12,-1.9704128e-12,0.0,0.0,0.0,0.0,8487.399,-2.1827872e-13,0.0,-9.0918196e-15,-7.425683e-15,-3.949402e-12,0.0,0.001041425,0.001041425,0.0,0.0,0.001041425,0.001041425,0.0,-0.0,-0.0,-0.00026692578,-0.00026692578,-0.0,-0.0,-0.00026692578,-0.00026692578,-0.0,-0.0,-0.0,-0.0,-0.00026692578,-0.00026692578,-0.00026692578,-0.00026692578,Uniaxial,0.8355000019073486
1.0678509241838733e-31,1113.5623779296875,0.07135211676359177,0.0,0.0,0.9900000095367432,0.001038125,-0.0002662658,-0.0002662658,1.680831e-21,-2.7541806e-20,-7.1958096e-20,0.0010184861,-0.000262338,-0.000262338,1.7662748e-21,-2.7599518e-20,-4.6472703e-20,-1816.6,1816.6,1816.6,-1816.6,-1816.6,1816.6,1816.6,-1816.6,1.9340816e-12,1.9274953e-12,0.0,0.0,-2.0002548e-12,-2.006841e-12,0.0,0.0,1.9649438e-12,1.9693925e-12,-1.9649438e-12,-1.9693925e-12,0.0,0.0,0.0,0.0,7266.4,1.4551915e-13,0.0,-1.3172578e-14,8.897348e-15,-3.928998e-12,-0.0,0.001038125,0.001038125,-0.0,-0.0,0.001038125,0.001038125,-0.0,0.0,0.0,-0.0002662658,-0.0002662658,0.0,0.0,-0.0002662658,-0.0002662658,0.0,0.0,0.0,0.0,-0.0002662658,-0.0002662658,-0.0002662658,-0.0002662658,Uniaxial,0.8374999761581421
1.0678509241838733e-31,1113.5404052734375,0.04938764497637749,0.0,0.0,0.9900000095367432,0.001034825,-0.00026560578,-0.00026560578,1.680831e-21,-2.7462396e-20,-7.2011035e-20,0.0010184861,-0.000262338,-0.000262338,1.7662748e-21,-2.7599518e-20,-4.6472703e-20,-1511.35,1511.35,1511.35,-1511.35,-1511.35,1511.35,1511.35,-1511.35,1.8815522e-12,1.874966e-12,0.0,0.0,-2.0568649e-12,-2.0634512e-12,0.0,0.0,1.891164e-12,1.9017338e-12,-2.036683e-12,-2.047253e-12,0.0,0.0,0.0,0.0,6045.4,3.6379789e-13,2.910383e-13,-1.3172578e-14,2.113962e-14,-3.9371596e-12,0.0,0.001034825,0.001034825,0.0,0.0,0.001034825,0.001034825,0.0,-0.0,-0.0,-0.00026560578,-0.00026560578,-0.0,-0.0,-0.00026560578,-0.00026560578,-0.0,-0.0,0.0,0.0,-0.00026560578,-0.00026560578,-0.00026560578,-0.00026560578,Uniaxial,0.8395000100135803
1.0678509241838733e-31,1113.5224609375,0.031452476978302,0.0,0.0,0.9900000095367432,0.001031525,-0.0002649458,-0.0002649458,1.81318e-21,-2.7435927e-20,-7.2037505e-20,0.0010184861,-0.000262338,-0.000262338,1.7662748e-21,-2.7599518e-20,-4.6472703e-20,-1206.1,1206.1,1206.1,-1206.1,-1206.1,1206.1,1206.1,-1206.1,1.959326e-12,1.9629415e-12,0.0,0.0,-1.9811314e-12,-1.9775158e-12,0.0,0.0,2.0003034e-12,2.0129137e-12,-1.9275438e-12,-1.940154e-12,0.0,0.0,0.0,0.0,4824.4,3.6379787e-14,-1.4551915e-13,7.231211e-15,2.5220379e-14,-3.9412406e-12,0.0,0.001031525,0.001031525,0.0,0.0,0.001031525,0.001031525,0.0,-0.0,-0.0,-0.0002649458,-0.0002649458,-0.0,-0.0,-0.0002649458,-0.0002649458,0.0,0.0,-0.0,-0.0,-0.0002649458,-0.0002649458,-0.0002649458,-0.0002649458,Uniaxial,0.8414999842643738
1.0678509241838733e-31,1113.508544921875,0.017546607181429863,0.0,0.0,0.9900000095367432,0.001028225,-0.0002642858,-0.0002642858,1.7867101e-21,-2.7674155e-20,-7.1984566e-20,0.0010184861,-0.000262338,-0.000262338,1.7662748e-21,-2.7599518e-20,-4.6472703e-20,-900.8499,900.8499,900.8499,-900.8499,-900.8499,900.8499,900.8499,-900.8499,1.9764956e-12,1.978071e-12,0.0,0.0,-1.959881e-12,-1.9583057e-12,0.0,0.0,1.9346853e-12,1.9289318e-12,-2.0074448e-12,-2.0016916e-12,0.0,0.0,0.0,0.0,3603.3997,-3.6379787e-14,1.4551915e-13,3.150453e-15,-1.1506441e-14,-3.9330787e-12,-0.0,0.001028225,0.001028225,-0.0,-0.0,0.001028225,0.001028225,-0.0,-0.0,-0.0,-0.0002642858,-0.0002642858,-0.0,-0.0,-0.0002642858,-0.0002642858,0.0,0.0,-0.0,-0.0,-0.0002642858,-0.0002642858,-0.0002642858,-0.0002642858,Uniaxial,0.843500018119812
1.0678509241838733e-31,1113.4986572265625,0.007670038845390081,0.0,0.0,0.9900000095367432,0.001024925,-0.00026362579,-0.00026362579,1.7602403e-21,-2.7727094e-20,-7.2011035e-20,0.0010184861,-0.000262338,-0.000262338,1.7662748e-21,-2.7599518e-20,-4.6472703e-20,-595.5999,595.5999,595.5999,-595.5999,-595.5999,595.5999,595.5999,-595.5999,1.969441e-12,1.968976e-12,0.0,0.0,-1.968976e-12,-1.969441e-12,0.0,0.0,1.9741255e-12,1.9642916e-12,-1.9741255e-12,-1.9642916e-12,0.0,0.0,0.0,0.0,2382.3997,0.0,0.0,-9.303045e-16,-1.9667956e-14,-3.9371596e-12,-0.0,0.001024925,0.001024925,-0.0,-0.0,0.001024925,0.001024925,-0.0,0.0,0.0,-0.00026362579,-0.00026362579,0.0,0.0,-0.00026362579,-0.00026362579,-0.0,-0.0,-0.0,-0.0,-0.00026362579,-0.00026362579,-0.00026362579,-0.00026362579,Uniaxial,0.8454999923706055
1.0678509241838733e-31,1113.492919921875,0.001822769409045577,0.0,0.0,0.9900000095367432,0.001021625,-0.0002629658,-0.0002629658,1.7337706e-21,-2.7727094e-20,-7.2011035e-20,0.0010184861,-0.000262338,-0.000262338,1.7662748e-21,-2.7599518e-20,-4.6472703e-20,-290.34995,290.34995,290.34995,-290.34995,-290.34995,290.34995,290.34995,-290.34995,1.9772825e-12,1.974777e-12,0.0,0.0,-1.9611346e-12,-1.9636402e-12,0.0,0.0,1.9832204e-12,1.9733865e-12,-1.9650306e-12,-1.9551966e-12,0.0,0.0,0.0,0.0,1161.3998,-2.728484e-14,-3.6379787e-14,-5.011062e-15,-1.9667956e-14,-3.9371596e-12,0.0,0.001021625,0.001021625,0.0,0.0,0.001021625,0.001021625,0.0,-0.0,-0.0,-0.0002629658,-0.0002629658,-0.0,-0.0,-0.0002629658,-0.0002629658,0.0,-0.0,-0.0,0.0,-0.0002629658,-0.0002629658,-0.0002629658,-0.0002629658,Uniaxial,0.8475000262260437
1.1281844835915227e-28,1113.4915771484375,0.0004800254537258297,0.0,0.0,0.9900000095367432,0.001018325,-0.00026230578,-0.00026230578,4.7248557e-21,-2.105671e-20,1.6462747e-18,0.0010184861,-0.000262338,-0.000262338,1.7662748e-21,-2.7599518e-20,-4.6472703e-20,1490.006,-1490.006,-1490.006,1490.006,1490.006,-1490.006,-1490.006,1490.006,-6.7233703e-09,-6.7005645e-09,0.0,0.0,6.259886e-09,6.2826917e-09,0.0,0.0,-6.9022055e-09,-6.851771e-09,6.133455e-09,6.0830208e-09,0.0,0.0,0.0,0.0,-5960.024,8.813572e-10,1.5375008e-09,4.5611456e-11,1.008683e-10,2.6096522e-08,-0.0,0.001018325,0.001018325,-0.0,-0.0,0.001018325,0.001018325,-0.0,0.0,0.0,-0.00026230578,-0.00026230578,-0.0,-0.0,-0.00026230578,-0.00026230578,0.0,0.0,-0.0,-0.0,-0.00026230578,-0.00026230578,-0.00026230578,-0.00026230578,Uniaxial,0.8495000004768372
1.913218634190957e-24,1113.712646484375,0.2216131091117859,0.0,0.0,0.9900000095367432,0.001015025,-0.0002616458,-0.0002616458,-2.9851294e-19,-6.9450084e-19,-2.2956922e-16,0.0010184861,-0.000262338,-0.000262338,1.7662748e-21,-2.7599518e-20,-4.6472703e-20,32015.006,-32015.006,-32015.006,32015.006,32015.006,-32015.006,-32015.006,32015.006,9.253576e-07,9.230646e-07,0.0,0.0,-8.35543e-07,-8.37836e-07,0.0,0.0,9.593517e-07,9.542593e-07,-8.0664034e-07,-8.0154786e-07,0.0,0.0,0.0,0.0,-128060.02,-1.7504317e-07,-3.0542287e-07,-4.6293045e-09,-1.0281395e-08,-3.538476e-06,4.3e-44,0.001015025,0.001015025,4.3e-44,4.3e-44,0.001015025,0.001015025,4.3e-44,-6e-45,-6e-45,-0.0002616458,-0.0002616458,4e-45,4e-45,-0.0002616458,-0.0002616458,-6e-45,-6e-45,4e-45,4e-45,-0.0002616458,-0.0002616458,-0.0002616458,-0.0002616458,Uniaxial,0.8514999747276306
3.4919940084460373e-20,1114.336669921875,0.8456761837005615,0.0,0.0,0.9900000095367432,0.001011725,-0.00026098578,-0.00026098578,3.0751862e-17,6.826703e-17,3.0999722e-14,0.0010184861,-0.000262338,-0.000262338,1.7662748e-21,-2.7599518e-20,-4.6472703e-20,62540.008,-62540.008,-62540.008,62540.008,62540.008,-62540.008,-62540.008,62540.008,-0.0001277191,-0.00012748431,0.0,0.0,0.000110111,0.0001103458,0.0,0.0,-0.0001343324,-0.00013381093,0.00010401918,0.00010349771,0.0,0.0,0.0,0.0,-250160.03,3.4746612e-05,6.0626444e-05,4.7406397e-07,1.0528755e-06,0.0004779131,-8.635e-42,0.001011725,0.001011725,-8.638e-42,-8.64e-42,0.001011725,0.001011725,-8.642e-42,7.29e-43,7.29e-43,-0.00026098578,-0.00026098578,-5.54e-43,-5.54e-43,-0.00026098578,-0.00026098578,7.95e-43,7.95e-43,-4.88e-43,-4.88e-43,-0.00026098578,-0.00026098578,-0.00026098578,-0.00026098578,Uniaxial,0.8535000085830688
6.370130867462871e-16,1115.36376953125,1.872668981552124,0.0,0.0,0.9900000095367432,0.001008425,-0.0002603258,-0.0002603258,-3.1491747e-15,-6.9942505e-15,-4.1869494e-12,0.0010184861,-0.000262338,-0.000262338,1.7662748e-21,-2.7599518e-20,-4.6472703e-20,93064.99,-93064.99,-93064.99,93064.99,93064.99,-93064.99,-93064.99,93064.99,0.01779744,0.017773394,0.0,0.0,-0.014324814,-0.01434886,0.0,0.0,0.019096397,0.019042993,-0.013079261,-0.013025857,0.0,0.0,0.0,0.0,-372259.97,-0.0068971594,-0.012034272,-4.85498e-05,-0.00010782759,-0.06454879,1.71433e-39,0.001008425,0.001008425,1.714578e-39,1.71488e-39,0.001008425,0.001008425,1.715128e-39,-1.03993e-40,-1.03979e-40,-0.0002603258,-0.0002603258,6.9144e-41,6.916e-41,-0.0002603258,-0.0002603258,-1.16975e-40,-1.16943e-40,5.6195e-41,5.6164e-41,-0.0002603258,-0.0002603258,-0.0002603258,-0.0002603258,Uniaxial,0.8554999828338623
1.3652474411873906e-28,1116.7935791015625,3.3025922775268555,0.0,0.0,0.9900000095367432,0.001005125,-0.0002596658,-0.0002596658,3.2954876e-21,-2.455072e-20,1.807661e-18,0.0010184861,-0.000262338,-0.000262338,1.7662748e-21,-2.7599518e-20,-4.6472703e-20,123590.01,-123590.01,-123590.01,123590.01,123590.01,-123590.01,-123590.01,123590.01,-7.890632e-09,-7.87786e-09,0.0,0.0,6.3317187e-09,6.344491e-09,0.0,0.0,-8.4612095e-09,-8.437708e-09,5.7836576e-09,5.7601564e-09,0.0,0.0,0.0,0.0,-494360.03,3.092282e-09,5.355105e-09,2.3575364e-11,4.7002298e-11,2.858456e-08,-2.542142e-38,0.001005125,0.001005125,-2.5470205e-38,-2.5529775e-38,0.001005125,0.001005125,-2.557856e-38,3.5722595e-38,3.567427e-38,-0.0002596658,-0.0002596658,-2.8759737e-38,-2.8808065e-38,-0.0002596658,-0.0002596658,3.8327124e-38,3.8219793e-38,-2.6262542e-38,-2.6155208e-38,-0.0002596658,-0.0002596658,-0.0002596658,-0.0002596658,Uniaxial,0.8575000166893005
5.905215376813443e-29,1118.62646484375,5.135445594787598,0.0,0.0,0.9900000095367432,0.001001825,-0.00025900578,-0.00025900578,9.132074e-22,-2.9659388e-20,-1.3988881e-18,0.0010184861,-0.000262338,-0.000262338,1.7662748e-21,-2.7599518e-20,-4.6472703e-20,154115.0,-154115.0,-154115.0,154115.0,154115.0,-154115.0,-154115.0,154115.0,5.7486953e-09,5.743104e-09,0.0,0.0,-4.6298827e-09,-4.635474e-09,0.0,0.0,6.172699e-09,6.155836e-09,-4.222742e-09,-4.205879e-09,0.0,0.0,0.0,0.0,-616460.0,-2.226443e-09,-3.8999133e-09,-1.3151455e-11,-3.1756327e-11,-2.0849738e-08,1.2660041e-38,0.001001825,0.001001825,1.2684315e-38,1.2713954e-38,0.001001825,0.001001825,1.2738229e-38,-1.7797456e-38,-1.777341e-38,-0.00025900578,-0.00025900578,1.4324827e-38,1.4348873e-38,-0.00025900578,-0.00025900578,-1.9096415e-38,-1.904301e-38,1.3079274e-38,1.3025868e-38,-0.00025900578,-0.00025900578,-0.00025900578,-0.00025900578,Uniaxial,0.859499990940094
3.2035526550021847e-31,1120.8623046875,7.3712286949157715,0.0,0.0,0.9900000095367432,0.000998525,-0.0002583458,-0.0002583458,1.8925892e-21,-2.7859443e-20,-4.6891215e-20,0.0010184861,-0.000262338,-0.000262338,1.7662748e-21,-2.7599518e-20,-4.6472703e-20,184640.0,-184640.0,-184640.0,184640.0,184640.0,-184640.0,-184640.0,184640.0,9.879514e-12,1.1838107e-11,0.0,0.0,2.7138081e-12,4.672401e-12,0.0,0.0,4.092187e-12,1.1876281e-13,-4.092187e-12,-1.1876281e-13,0.0,0.0,0.0,0.0,-738560.0,-2.910383e-11,0.0,1.9473483e-12,-4.0071744e-12,-6.452063e-12,-1.4e-44,0.000998525,0.000998525,-1.4e-44,-1.4e-44,0.000998525,0.000998525,-1.4e-44,2e-44,2e-44,-0.0002583458,-0.0002583458,-1.5e-44,-1.5e-44,-0.0002583458,-0.0002583458,2.1e-44,2.1e-44,-1.4e-44,-1.4e-44,-0.0002583458,-0.0002583458,-0.0002583458,-0.0002583458,Uniaxial,0.8615000247955322
3.3370340352188482e-31,1123.5009765625,10.009941101074219,0.0,0.0,0.9900000095367432,0.000995225,-0.00025768578,-0.00025768578,1.680831e-21,-2.7965322e-20,-4.6732396e-20,0.0010184861,-0.000262338,-0.000262338,1.7662748e-21,-2.7599518e-20,-4.6472703e-20,215165.0,-215165.0,-215165.0,215165.0,215165.0,-215165.0,-215165.0,215165.0,4.9614577e-13,8.224355e-13,0.0,0.0,-4.4604142e-12,-4.1341245e-12,0.0,0.0,4.873068e-12,8.349201e-14,-4.873068e-12,-8.349201e-14,0.0,0.0,0.0,0.0,-860660.0,7.275958e-12,0.0,-1.3172577e-12,-5.6394776e-12,-4.003608e-12,1e-45,0.000995225,0.000995225,1e-45,1e-45,0.000995225,0.000995225,3e-45,-6e-45,-6e-45,-0.00025768578,-0.00025768578,4e-45,4e-45,-0.00025768578,-0.00025768578,-6e-45,-6e-45,4e-45,4e-45,-0.00025768578,-0.00025768578,-0.00025768578,-0.00025768578,Uniaxial,0.8634999990463257
1.2013323044005368e-31,1126.5426025390625,13.051584243774414,0.0,0.0,0.9900000095367432,0.000991925,-0.0002570258,-0.0002570258,1.8925892e-21,-2.7859443e-20,-4.6600047e-20,0.0010184861,-0.000262338,-0.000262338,1.7662748e-21,-2.7599518e-20,-4.6472703e-20,245690.0,-245690.0,-245690.0,245690.0,245690.0,-245690.0,-245690.0,245690.0,9.888889e-13,1.9625631e-12,0.0,0.0,-1.9625631e-12,-9.888889e-13,0.0,0.0,1.0245937e-11,6.272512e-12,4.3059788e-12,8.279403e-12,0.0,0.0,0.0,0.0,-982760.0,0.0,-2.910383e-11,1.9473483e-12,-4.0071744e-12,-1.9632295e-12,-0.0,0.000991925,0.000991925,-0.0,-0.0,0.000991925,0.000991925,-0.0,-0.0,-0.0,-0.0002570258,-0.0002570258,-0.0,-0.0,-0.0002570258,-0.0002570258,-0.0,-0.0,-0.0,-0.0,-0.0002570258,-0.0002570258,-0.0002570258,-0.0002570258,Uniaxial,0.8654999732971191
1.2013323044005368e-31,1129.9871826171875,16.496158599853516,0.0,0.0,0.9900000095367432,0.000988625,-0.00025636578,-0.00025636578,1.6543612e-21,-2.7912383e-20,-4.6891215e-20,0.0010184861,-0.000262338,-0.000262338,1.7662748e-21,-2.7599518e-20,-4.6472703e-20,276215.0,-276215.0,-276215.0,276215.0,276215.0,-276215.0,-276215.0,276215.0,6.6672466e-12,5.80458e-12,0.0,0.0,1.4713778e-12,6.0871105e-13,0.0,0.0,4.2962253e-12,-8.527507e-14,-4.2962253e-12,8.527507e-14,0.0,0.0,0.0,0.0,-1104860.0,-1.4551915e-11,0.0,-1.7253335e-12,-4.823326e-12,-6.452063e-12,1e-45,0.000988625,0.000988625,1e-45,1e-45,0.000988625,0.000988625,1e-45,0.0,0.0,-0.00025636578,-0.00025636578,0.0,0.0,-0.00025636578,-0.00025636578,0.0,0.0,0.0,0.0,-0.00025636578,-0.00025636578,-0.00025636578,-0.00025636578,Uniaxial,0.8675000071525574
1.2013323044005368e-31,1133.834716796875,20.343660354614258,0.0,0.0,0.9900000095367432,0.000985325,-0.0002557058,-0.0002557058,1.81318e-21,-2.7912383e-20,-4.6467698e-20,0.0010184861,-0.000262338,-0.000262338,1.7662748e-21,-2.7599518e-20,-4.6472703e-20,306740.0,-306740.0,-306740.0,306740.0,306740.0,-306740.0,-306740.0,306740.0,-2.8531279e-12,-2.4915673e-12,0.0,0.0,-4.7843903e-12,-4.4228297e-12,0.0,0.0,1.7215838e-11,1.2834337e-11,1.1887993e-11,1.6269493e-11,0.0,0.0,0.0,0.0,-1226960.0,1.4551915e-11,-5.820766e-11,7.231211e-13,-4.823326e-12,7.714933e-14,-0.0,0.000985325,0.000985325,-0.0,-0.0,0.000985325,0.000985325,-0.0,0.0,0.0,-0.0002557058,-0.0002557058,-0.0,-0.0,-0.0002557058,-0.0002557058,-0.0,-0.0,-0.0,-0.0,-0.0002557058,-0.0002557058,-0.0002557058,-0.0002557058,Uniaxial,0.8694999814033508
1.2013323044005368e-31,1138.0850830078125,24.594093322753906,0.0,0.0,0.9900000095367432,0.000982025,-0.0002550458,-0.0002550458,1.7602403e-21,-2.7885913e-20,-4.6573577e-20,0.0010184861,-0.000262338,-0.000262338,1.7662748e-21,-2.7599518e-20,-4.6472703e-20,337265.0,-337265.0,-337265.0,337265.0,337265.0,-337265.0,-337265.0,337265.0,1.3969647e-12,1.3504495e-12,0.0,0.0,-1.3504495e-12,-1.3969647e-12,0.0,0.0,2.9699789e-12,-1.2074834e-12,-2.9699789e-12,1.2074834e-12,0.0,0.0,0.0,0.0,-1349060.0,0.0,0.0,-9.303045e-14,-4.4152503e-12,-1.5551538e-12,0.0,0.000982025,0.000982025,0.0,0.0,0.000982025,0.000982025,0.0,-0.0,-0.0,-0.0002550458,-0.0002550458,-0.0,-0.0,-0.0002550458,-0.0002550458,0.0,0.0,0.0,0.0,-0.0002550458,-0.0002550458,-0.0002550458,-0.0002550458,Uniaxial,0.8715000152587891
3.2035526550021847e-31,1142.738525390625,29.24745750427246,0.0,0.0,0.9900000095367432,0.000978725,-0.00025438578,-0.00025438578,1.7337706e-21,-2.7727094e-20,-4.6732396e-20,0.0010184861,-0.000262338,-0.000262338,1.7662748e-21,-2.7599518e-20,-4.6472703e-20,367790.0,-367790.0,-367790.0,367790.0,367790.0,-367790.0,-367790.0,367790.0,-1.5268816e-12,-2.7623533e-12,0.0,0.0,-4.5136043e-12,-5.749076e-12,0.0,0.0,-1.0104559e-11,-1.4042712e-11,-1.8999273e-11,-1.5061119e-11,0.0,0.0,0.0,0.0,-1471160.0,1.4551915e-11,5.820766e-11,-5.011062e-13,-1.9667956e-12,-4.003608e-12,-1e-45,0.000978725,0.000978725,-1e-45,-1e-45,0.000978725,0.000978725,-1e-45,0.0,0.0,-0.00025438578,-0.00025438578,0.0,0.0,-0.00025438578,-0.00025438578,-0.0,-0.0,-0.0,-0.0,-0.00025438578,-0.00025438578,-0.00025438578,-0.00025438578,Uniaxial,0.8734999895095825
4.53836645716882e-31,1147.7947998046875,34.303749084472656,0.0,0.0,0.9900000095367432,0.000975425,-0.0002537258,-0.0002537258,1.4955425e-21,-2.815061e-20,-4.6891215e-20,0.0010184861,-0.000262338,-0.000262338,1.7662748e-21,-2.7599518e-20,-4.6472703e-20,398315.0,-398315.0,-398315.0,398315.0,398315.0,-398315.0,-398315.0,398315.0,1.2394717e-11,9.322904e-12,0.0,0.0,5.229011e-12,2.1571982e-12,0.0,0.0,6.199314e-12,-1.0034456e-12,-6.199314e-12,1.0034456e-12,0.0,0.0,0.0,0.0,-1593260.0,-2.910383e-11,0.0,-4.173788e-12,-8.496008e-12,-6.452063e-12,1e-45,0.000975425,0.000975425,1e-45,1e-45,0.000975425,0.000975425,1e-45,-0.0,-0.0,-0.0002537258,-0.0002537258,-0.0,-0.0,-0.0002537258,-0.0002537258,-0.0,-0.0,-0.0,-0.0,-0.0002537258,-0.0002537258,-0.0002537258,-0.0002537258,Uniaxial,0.8755000233650208
4.004440936302166e-31,1153.2540283203125,39.76297378540039,0.0,0.0,0.9900000095367432,0.000972125,-0.00025306578,-0.00025306578,1.6543612e-21,-2.7965322e-20,-4.6652987e-20,0.0010184861,-0.000262338,-0.000262338,1.7662748e-21,-2.7599518e-20,-4.6472703e-20,428840.0,-428840.0,-428840.0,428840.0,428840.0,-428840.0,-428840.0,428840.0,1.618638e-12,-2.2894742e-13,0.0,0.0,2.2894742e-13,-1.618638e-12,0.0,0.0,-8.999986e-12,-1.477448e-11,-2.0103846e-11,-1.432935e-11,0.0,0.0,0.0,0.0,-1715360.0,0.0,5.820766e-11,-1.7253335e-12,-5.6394776e-12,-2.7793811e-12,-1e-45,0.000972125,0.000972125,-1e-45,-1e-45,0.000972125,0.000972125,-1e-45,0.0,0.0,-0.00025306578,-0.00025306578,0.0,0.0,-0.00025306578,-0.00025306578,0.0,0.0,0.0,0.0,-0.00025306578,-0.00025306578,-0.00025306578,-0.00025306578,Uniaxial,0.8774999976158142
2.6696273692344007e-31,1159.1162109375,45.625125885009766,0.0,0.0,0.9900000095367432,0.000968825,-0.0002524058,-0.0002524058,1.6014217e-21,-2.809767e-20,-4.6838275e-20,0.0010184861,-0.000262338,-0.000262338,1.7662748e-21,-2.7599518e-20,-4.6472703e-20,459365.0,-459365.0,-459365.0,459365.0,459365.0,-459365.0,-459365.0,459365.0,6.6672466e-12,4.4115852e-12,0.0,0.0,2.8643722e-12,6.0871105e-13,0.0,0.0,1.9850694e-11,1.4040929e-11,9.2531365e-12,1.5062902e-11,0.0,0.0,0.0,0.0,-1837460.0,-1.4551915e-11,-5.820766e-11,-2.541485e-12,-7.679857e-12,-5.6359114e-12,-0.0,0.000968825,0.000968825,-0.0,-0.0,0.000968825,0.000968825,-0.0,-0.0,-0.0,-0.0002524058,-0.0002524058,-0.0,-0.0,-0.0002524058,-0.0002524058,-0.0,-0.0,-0.0,-0.0,-0.0002524058,-0.0002524058,-0.0002524058,-0.0002524058,Uniaxial,0.8794999718666077
1.2013323044005368e-31,1165.3812255859375,51.89020919799805,0.0,0.0,0.9900000095367432,0.000965525,-0.00025174578,-0.00025174578,1.7073008e-21,-2.7780034e-20,-4.6626517e-20,0.0010184861,-0.000262338,-0.000262338,1.7662748e-21,-2.7599518e-20,-4.6472703e-20,489890.0,-489890.0,-489890.0,489890.0,489890.0,-489890.0,-489890.0,489890.0,1.6356956e-11,1.5902364e-11,0.0,0.0,1.3201466e-11,1.2746875e-11,0.0,0.0,1.7317855e-11,1.3956545e-11,1.1785974e-11,1.5147284e-11,0.0,0.0,0.0,0.0,-1959560.0,-5.820766e-11,-5.820766e-11,-9.0918196e-13,-2.7829473e-12,-2.3713052e-12,0.0,0.000965525,0.000965525,0.0,0.0,0.000965525,0.000965525,0.0,-0.0,-0.0,-0.00025174578,-0.00025174578,-0.0,-0.0,-0.00025174578,-0.00025174578,0.0,0.0,0.0,0.0,-0.00025174578,-0.00025174578,-0.00025174578,-0.00025174578,Uniaxial,0.8815000057220459
3.070071274785521e-31,1172.04931640625,58.558223724365234,0.0,0.0,0.9900000095367432,0.000962225,-0.0002510858,-0.0002510858,1.8661195e-21,-2.7885913e-20,-4.6785335e-20,0.0010184861,-0.000262338,-0.000262338,1.7662748e-21,-2.7599518e-20,-4.6472703e-20,520415.0,-520415.0,-520415.0,520415.0,520415.0,-520415.0,-520415.0,520415.0,4.95056e-12,6.7051148e-12,0.0,0.0,5.7084274e-13,2.3253977e-12,0.0,0.0,-1.0273326e-11,-1.4450788e-11,-1.8830505e-11,-1.4653043e-11,0.0,0.0,0.0,0.0,-2081660.0,-1.4551915e-11,5.820766e-11,1.5392726e-12,-4.4152503e-12,-4.81976e-12,0.0,0.000962225,0.000962225,0.0,0.0,0.000962225,0.000962225,0.0,0.0,0.0,-0.0002510858,-0.0002510858,0.0,0.0,-0.0002510858,-0.0002510858,0.0,0.0,0.0,0.0,-0.0002510858,-0.0002510858,-0.0002510858,-0.0002510858,Uniaxial,0.8834999799728394
2.1357018483677465e-31,1179.1202392578125,65.62916564941406,0.0,0.0,0.9900000095367432,0.000958925,-0.0002504258,-0.0002504258,2.0249381e-21,-2.7700624e-20,-4.6758866e-20,0.0010184861,-0.000262338,-0.000262338,1.7662748e-21,-2.7599518e-20,-4.6472703e-20,550940.0,-550940.0,-550940.0,550940.0,550940.0,-550940.0,-550940.0,550940.0,1.0598922e-13,3.0847714e-12,0.0,0.0,-3.0847714e-12,-1.0598922e-13,0.0,0.0,2.4775197e-12,-2.7167756e-13,-2.4775197e-12,2.7167756e-13,0.0,0.0,0.0,0.0,-2203760.0,0.0,0.0,3.9877272e-12,-1.5587198e-12,-4.411684e-12,-0.0,0.000958925,0.000958925,-0.0,-0.0,0.000958925,0.000958925,-0.0,0.0,0.0,-0.0002504258,-0.0002504258,0.0,0.0,-0.0002504258,-0.0002504258,-0.0,-0.0,-0.0,-0.0,-0.0002504258,-0.0002504258,-0.0002504258,-0.0002504258,Uniaxial,0.8855000138282776
2.1357018483677465e-31,1186.5941162109375,73.10303497314453,0.0,0.0,0.9900000095367432,0.000955625,-0.00024976578,-0.00024976578,1.81318e-21,-2.7806503e-20,-4.625594e-20,0.0010184861,-0.000262338,-0.000262338,1.7662748e-21,-2.7599518e-20,-4.6472703e-20,581465.0,-581465.0,-581465.0,581465.0,581465.0,-581465.0,-581465.0,581465.0,2.0811654e-11,2.2158133e-11,0.0,0.0,2.1497613e-11,2.2844091e-11,0.0,0.0,9.472355e-13,-2.6181132e-12,-9.472355e-13,2.6181132e-12,0.0,0.0,0.0,0.0,-2325860.0,-8.731149e-11,0.0,7.231211e-13,-3.191023e-12,3.3417555e-12,1e-45,0.000955625,0.000955625,1e-45,1e-45,0.000955625,0.000955625,1e-45,-0.0,-0.0,-0.00024976578,-0.00024976578,-0.0,-0.0,-0.00024976578,-0.00024976578,-0.0,-0.0,-0.0,-0.0,-0.00024976578,-0.00024976578,-0.00024976578,-0.00024976578,Uniaxial,0.887499988079071
2.002220468151083e-31,1194.4708251953125,80.97984313964844,0.0,0.0,0.9900000095367432,0.000952325,-0.0002491058,-0.0002491058,1.9455288e-21,-2.7991792e-20,-4.6467698e-20,0.0010184861,-0.000262338,-0.000262338,1.7662748e-21,-2.7599518e-20,-4.6472703e-20,611990.0,-611990.0,-611990.0,611990.0,611990.0,-611990.0,-611990.0,611990.0,-3.0306452e-11,-2.7939784e-11,0.0,0.0,-3.026788e-11,-2.7901209e-11,0.0,0.0,3.4624382e-12,-2.5160943e-12,-3.4624382e-12,2.5160943e-12,0.0,0.0,0.0,0.0,-2447960.0,1.1641532e-10,0.0,2.7635e-12,-6.0475535e-12,7.714933e-14,-1e-45,0.000952325,0.000952325,-1e-45,-1e-45,0.000952325,0.000952325,-1e-45,0.0,0.0,-0.0002491058,-0.0002491058,0.0,0.0,-0.0002491058,-0.0002491058,-0.0,-0.0,0.0,0.0,-0.0002491058,-0.0002491058,-0.0002491058,-0.0002491058,Uniaxial,0.8895000219345093
2.536145989017737e-31,1202.7506103515625,89.25957489013672,0.0,0.0,0.9900000095367432,0.000949025,-0.00024844578,-0.00024844578,1.8661195e-21,-2.815061e-20,-4.6838275e-20,0.0010184861,-0.000262338,-0.000262338,1.7662748e-21,-2.7599518e-20,-4.6472703e-20,642515.0,-642515.0,-642515.0,642515.0,642515.0,-642515.0,-642515.0,642515.0,-5.7593388e-12,-4.0047835e-12,0.0,0.0,-1.0547132e-11,-8.792577e-12,0.0,0.0,5.502817e-12,-1.6999427e-12,-5.502817e-12,1.6999427e-12,0.0,0.0,0.0,0.0,-2570060.0,2.910383e-11,0.0,1.5392726e-12,-8.496008e-12,-5.6359114e-12,-1e-45,0.000949025,0.000949025,-1e-45,-1e-45,0.000949025,0.000949025,-1e-45,-0.0,-0.0,-0.00024844578,-0.00024844578,-0.0,-0.0,-0.00024844578,-0.00024844578,0.0,0.0,0.0,0.0,-0.00024844578,-0.00024844578,-0.00024844578,-0.00024844578,Uniaxial,0.8914999961853027
3.070071274785521e-31,1211.4332275390625,97.9422378540039,0.0,0.0,0.9900000095367432,0.000945725,-0.0002477858,-0.0002477858,1.8396497e-21,-2.7832973e-20,-4.638829e-20,0.0010184861,-0.000262338,-0.000262338,1.7662748e-21,-2.7599518e-20,-4.6472703e-20,673040.0,-673040.0,-673040.0,673040.0,673040.0,-673040.0,-673040.0,673040.0,-1.417514e-11,-1.2624623e-11,0.0,0.0,-1.6479207e-11,-1.492869e-11,0.0,0.0,2.0518084e-12,-2.7024969e-12,-2.0518084e-12,2.7024969e-12,0.0,0.0,0.0,0.0,-2692160.0,5.820766e-11,0.0,1.1311968e-12,-3.5990987e-12,1.3013766e-12,1e-45,0.000945725,0.000945725,1e-45,1e-45,0.000945725,0.000945725,1e-45,0.0,0.0,-0.0002477858,-0.0002477858,0.0,0.0,-0.0002477858,-0.0002477858,0.0,0.0,-0.0,-0.0,-0.0002477858,-0.0002477858,-0.0002477858,-0.0002477858,Uniaxial,0.8934999704360962
2.6696273692344007e-31,1220.5189208984375,107.02783203125,0.0,0.0,0.9900000095367432,0.000942425,-0.00024712578,-0.00024712578,1.9719986e-21,-2.7965322e-20,-4.6520638e-20,0.0010184861,-0.000262338,-0.000262338,1.7662748e-21,-2.7599518e-20,-4.6472703e-20,703565.0,-703565.0,-703565.0,703565.0,703565.0,-703565.0,-703565.0,703565.0,-6.0814336e-13,9.776445e-13,0.0,0.0,-9.776445e-13,6.0814336e-13,0.0,0.0,-5.3658286e-11,-6.04177e-11,-6.2757036e-11,-5.5997623e-11,0.0,0.0,0.0,0.0,-2814260.0,0.0,2.3283064e-10,3.1715756e-12,-5.6394776e-12,-7.3900223e-13,-1e-45,0.000942425,0.000942425,-1e-45,-1e-45,0.000942425,0.000942425,-1e-45,-0.0,-0.0,-0.00024712578,-0.00024712578,-0.0,-0.0,-0.00024712578,-0.00024712578,-0.0,-0.0,0.0,0.0,-0.00024712578,-0.00024712578,-0.00024712578,-0.00024712578,Uniaxial,0.8955000042915344
2.6696273692344007e-31,1230.0074462890625,116.516357421875,0.0,0.0,0.9900000095367432,0.000939125,-0.0002464658,-0.0002464658,1.5484821e-21,-2.836237e-20,-4.6652987e-20,0.0010184861,-0.000262338,-0.000262338,1.7662748e-21,-2.7599518e-20,-4.6472703e-20,734090.0,-734090.0,-734090.0,734090.0,734090.0,-734090.0,-734090.0,734090.0,1.5342544e-12,-1.4456389e-13,0.0,0.0,1.4456389e-13,-1.5342544e-12,0.0,0.0,-2.2514076e-11,-3.233406e-11,-3.5693584e-11,-2.5873604e-11,0.0,0.0,0.0,0.0,-2936360.0,0.0,1.1641532e-10,-3.3576367e-12,-1.1760614e-11,-2.7793811e-12,1e-45,0.000939125,0.000939125,1e-45,1e-45,0.000939125,0.000939125,1e-45,0.0,0.0,-0.0002464658,-0.0002464658,0.0,0.0,-0.0002464658,-0.0002464658,-0.0,-0.0,-0.0,-0.0,-0.0002464658,-0.0002464658,-0.0002464658,-0.0002464658,Uniaxial,0.8974999785423279
2.6696273692344007e-31,1239.8988037109375,126.40780639648438,0.0,0.0,0.9900000095367432,0.000935825,-0.0002458058,-0.0002458058,1.7602403e-21,-2.8018262e-20,-4.6547107e-20,0.0010184861,-0.000262338,-0.000262338,1.7662748e-21,-2.7599518e-20,-4.6472703e-20,764615.0,-764615.0,-764615.0,764615.0,764615.0,-764615.0,-764615.0,764615.0,8.5709035e-12,8.524388e-12,0.0,0.0,6.027527e-12,5.9810117e-12,0.0,0.0,3.2974345e-11,2.5806855e-11,2.5233317e-11,3.2400804e-11,0.0,0.0,0.0,0.0,-3058460.0,-2.910383e-11,-1.1641532e-10,-9.303045e-14,-6.455629e-12,-1.147078e-12,-1e-45,0.000935825,0.000935825,-1e-45,-1e-45,0.000935825,0.000935825,-1e-45,-0.0,-0.0,-0.0002458058,-0.0002458058,-0.0,-0.0,-0.0002458058,-0.0002458058,-0.0,-0.0,-0.0,-0.0,-0.0002458058,-0.0002458058,-0.0002458058,-0.0002458058,Uniaxial,0.8995000123977661
1.5697407868451383e-29,1234.9027099609375,121.41171264648438,0.0,0.0,0.9900000095367432,0.000937475,-0.00024613578,-0.00024613578,1.0190865e-21,-2.94741e-20,-7.333585e-19,0.0010184861,-0.000262338,-0.000262338,1.7662748e-21,-2.7599518e-20,-4.6472703e-20,749352.5,-749352.5,-749352.5,749352.5,749352.5,-749352.5,-749352.5,749352.5,2.9139344e-09,2.9081748e-09,0.0,0.0,-2.355202e-09,-2.3609616e-09,0.0,0.0,3.1113943e-09,3.0930047e-09,-2.1800717e-09,-2.1616822e-09,0.0,0.0,0.0,0.0,-2997410.0,-1.1059456e-09,-1.8626451e-09,-1.1519152e-11,-2.8899796e-11,-1.0589489e-08,4.57875e-32,0.000937475,0.000937475,4.57875e-32,4.57875e-32,0.000937475,0.000937475,4.57875e-32,0.0,0.0,-0.00024613578,-0.00024613578,-0.0,-0.0,-0.00024613578,-0.00024613578,0.0,0.0,0.0,0.0,-0.00024613578,-0.00024613578,-0.00024613578,-0.00024613578,Uniaxial,0.9014999866485596
1.7619539367413146e-30,1225.2127685546875,111.72172546386719,0.0,0.0,0.9900000095367432,0.000940775,-0.0002467958,-0.0002467958,1.5749519e-21,-2.8547657e-20,-2.755901e-19,0.0010184861,-0.000262338,-0.000262338,1.7662748e-21,-2.7599518e-20,-4.6472703e-20,718827.5,-718827.5,-718827.5,718827.5,718827.5,-718827.5,-718827.5,718827.5,9.681508e-10,9.656911e-10,0.0,0.0,-7.910681e-10,-7.935278e-10,0.0,0.0,1.0302603e-09,1.019012e-09,-7.3922196e-10,-7.2797374e-10,0.0,0.0,0.0,0.0,-2875310.0,-3.4924597e-10,-5.820766e-10,-2.9495607e-12,-1.4617144e-11,-3.5322267e-09,1.52625e-32,0.000940775,0.000940775,1.52625e-32,1.52625e-32,0.000940775,0.000940775,1.52625e-32,6e-45,6e-45,-0.0002467958,-0.0002467958,-4e-45,-4e-45,-0.0002467958,-0.0002467958,6e-45,6e-45,-4e-45,-4e-45,-0.0002467958,-0.0002467958,-0.0002467958,-0.0002467958,Uniaxial,0.9035000205039978
2.6696273692344007e-31,1215.9256591796875,102.4346694946289,0.0,0.0,0.9900000095367432,0.000944075,-0.00024745578,-0.00024745578,1.5220123e-21,-2.828296e-20,-4.6652987e-20,0.0010184861,-0.000262338,-0.000262338,1.7662748e-21,-2.7599518e-20,-4.6472703e-20,688302.5,-688302.5,-688302.5,688302.5,688302.5,-688302.5,-688302.5,688302.5,3.1725022e-11,2.8857248e-11,0.0,0.0,2.9350414e-11,2.6482639e-11,0.0,0.0,5.298779e-12,-3.9090888e-12,-5.298779e-12,3.9090888e-12,0.0,0.0,0.0,0.0,-2753210.0,-1.1641532e-10,0.0,-3.7657126e-12,-1.0536387e-11,-2.7793811e-12,-0.0,0.000944075,0.000944075,-0.0,-0.0,0.000944075,0.000944075,-0.0,-1e-45,-1e-45,-0.00024745578,-0.00024745578,1e-45,1e-45,-0.00024745578,-0.00024745578,-1e-45,-1e-45,0.0,0.0,-0.00024745578,-0.00024745578,-0.00024745578,-0.00024745578,Uniaxial,0.9054999947547913
3.3370340352188482e-31,1207.0416259765625,93.550537109375,0.0,0.0,0.9900000095367432,0.000947375,-0.0002481158,-0.0002481158,1.5484821e-21,-2.804473e-20,-4.641476e-20,0.0010184861,-0.000262338,-0.000262338,1.7662748e-21,-2.7599518e-20,-4.6472703e-20,657777.5,-657777.5,-657777.5,657777.5,657777.5,-657777.5,-657777.5,657777.5,-2.8980205e-11,-3.0659024e-11,0.0,0.0,-2.7548637e-11,-2.9227454e-11,0.0,0.0,-2.5641392e-11,-3.301292e-11,-3.256627e-11,-2.5194742e-11,0.0,0.0,0.0,0.0,-2631110.0,1.1641532e-10,1.1641532e-10,-3.3576367e-12,-6.863705e-12,8.933009e-13,3e-45,0.000947375,0.000947375,3e-45,3e-45,0.000947375,0.000947375,3e-45,-1e-45,-1e-45,-0.0002481158,-0.0002481158,1e-45,1e-45,-0.0002481158,-0.0002481158,-1e-45,-1e-45,1e-45,1e-45,-0.0002481158,-0.0002481158,-0.0002481158,-0.0002481158,Uniaxial,0.9075000286102295
3.3370340352188482e-31,1198.5604248046875,85.06934356689453,0.0,0.0,0.9900000095367432,0.000950675,-0.0002487758,-0.0002487758,1.9455288e-21,-2.80712e-20,-4.6626517e-20,0.0010184861,-0.000262338,-0.000262338,1.7662748e-21,-2.7599518e-20,-4.6472703e-20,627252.5,-627252.5,-627252.5,627252.5,627252.5,-627252.5,-627252.5,627252.5,6.6854495e-12,8.0672e-12,0.0,0.0,6.4847155e-12,7.866465e-12,0.0,0.0,-2.4723222e-11,-3.2298785e-11,-3.3484437e-11,-2.5908874e-11,0.0,0.0,0.0,0.0,-2509010.0,-2.910383e-11,1.1641532e-10,2.7635e-12,-7.271781e-12,-2.3713052e-12,-1e-45,0.000950675,0.000950675,-1e-45,-1e-45,0.000950675,0.000950675,-1e-45,-0.0,-0.0,-0.0002487758,-0.0002487758,-0.0,-0.0,-0.0002487758,-0.0002487758,-0.0,-0.0,-0.0,-0.0,-0.0002487758,-0.0002487758,-0.0002487758,-0.0002487758,Uniaxial,0.909500002861023
2.1357018483677465e-31,1190.4820556640625,76.99107360839844,0.0,0.0,0.9900000095367432,0.000953975,-0.00024943578,-0.00024943578,1.7602403e-21,-2.823002e-20,-4.630888e-20,0.0010184861,-0.000262338,-0.000262338,1.7662748e-21,-2.7599518e-20,-4.6472703e-20,596727.5,-596727.5,-596727.5,596727.5,596727.5,-596727.5,-596727.5,596727.5,1.39437715e-11,1.3897257e-11,0.0,0.0,1.5206574e-11,1.5160059e-11,0.0,0.0,3.768495e-12,-5.031297e-12,-3.768495e-12,5.031297e-12,0.0,0.0,0.0,0.0,-2386910.0,-5.820766e-11,0.0,-9.303045e-14,-9.720235e-12,2.5256039e-12,1e-45,0.000953975,0.000953975,1e-45,1e-45,0.000953975,0.000953975,1e-45,0.0,0.0,-0.00024943578,-0.00024943578,0.0,0.0,-0.00024943578,-0.00024943578,0.0,0.0,-0.0,-0.0,-0.00024943578,-0.00024943578,-0.00024943578,-0.00024943578,Uniaxial,0.9114999771118164
3.8709595560855024e-31,1182.8067626953125,69.31573486328125,0.0,0.0,0.9900000095367432,0.000957275,-0.0002500958,-0.0002500958,1.7867101e-21,-2.815061e-20,-4.6600047e-20,0.0010184861,-0.000262338,-0.000262338,1.7662748e-21,-2.7599518e-20,-4.6472703e-20,566202.5,-566202.5,-566202.5,566202.5,566202.5,-566202.5,-566202.5,566202.5,2.2732378e-11,2.28899e-11,0.0,0.0,2.0765846e-11,2.0923367e-11,0.0,0.0,3.4673396e-11,2.6485716e-11,2.3534265e-11,3.1721945e-11,0.0,0.0,0.0,0.0,-2264810.0,-8.731149e-11,-1.1641532e-10,3.1504533e-13,-8.496008e-12,-1.9632295e-12,-0.0,0.000957275,0.000957275,-0.0,-0.0,0.000957275,0.000957275,-0.0,-0.0,-0.0,-0.0002500958,-0.0002500958,-0.0,-0.0,-0.0002500958,-0.0002500958,-0.0,-0.0,-0.0,-0.0,-0.0002500958,-0.0002500958,-0.0002500958,-0.0002500958,Uniaxial,0.9135000109672546
3.2035526550021847e-31,1175.534423828125,62.04332733154297,0.0,0.0,0.9900000095367432,0.000960575,-0.00025075578,-0.00025075578,1.7867101e-21,-2.7991792e-20,-4.6732396e-20,0.0010184861,-0.000262338,-0.000262338,1.7662748e-21,-2.7599518e-20,-4.6472703e-20,535677.5,-535677.5,-535677.5,535677.5,535677.5,-535677.5,-535677.5,535677.5,1.2820996e-11,1.2978518e-11,0.0,0.0,8.849354e-12,9.006877e-12,0.0,0.0,2.0019462e-11,1.305601e-11,9.084369e-12,1.604782e-11,0.0,0.0,0.0,0.0,-2142710.0,-4.3655746e-11,-5.820766e-11,3.1504533e-13,-6.0475535e-12,-4.003608e-12,-1e-45,0.000960575,0.000960575,-1e-45,-1e-45,0.000960575,0.000960575,-1e-45,0.0,0.0,-0.00025075578,-0.00025075578,0.0,0.0,-0.00025075578,-0.00025075578,0.0,0.0,0.0,0.0,-0.00025075578,-0.00025075578,-0.00025075578,-0.00025075578,Uniaxial,0.9154999852180481
3.070071274785521e-31,1168.6649169921875,55.173851013183594,0.0,0.0,0.9900000095367432,0.000963875,-0.0002514158,-0.0002514158,1.7867101e-21,-2.80712e-20,-4.6705926e-20,0.0010184861,-0.000262338,-0.000262338,1.7662748e-21,-2.7599518e-20,-4.6472703e-20,505152.5,-505152.5,-505152.5,505152.5,505152.5,-505152.5,-505152.5,505152.5,-8.4801973e-13,-1.6754157e-12,0.0,0.0,-5.6005417e-12,-6.427938e-12,0.0,0.0,1.8746121e-11,1.2155475e-11,1.0357709e-11,1.6948356e-11,0.0,0.0,0.0,0.0,-2020610.0,1.4551915e-11,-5.820766e-11,3.1504533e-13,-7.271781e-12,-3.5955325e-12,1e-45,0.000963875,0.000963875,1e-45,1e-45,0.000963875,0.000963875,1e-45,0.0,0.0,-0.0002514158,-0.0002514158,0.0,0.0,-0.0002514158,-0.0002514158,0.0,0.0,0.0,0.0,-0.0002514158,-0.0002514158,-0.0002514158,-0.0002514158,Uniaxial,0.9175000190734863
3.2035526550021847e-31,1162.1983642578125,48.70730209350586,0.0,0.0,0.9900000095367432,0.000967175,-0.00025207578,-0.00025207578,1.5484821e-21,-2.7991792e-20,-4.6705926e-20,0.0010184861,-0.000262338,-0.000262338,1.7662748e-21,-2.7599518e-20,-4.6472703e-20,474627.5,-474627.5,-474627.5,474627.5,474627.5,-474627.5,-474627.5,474627.5,3.546502e-11,3.3786203e-11,0.0,0.0,3.1697416e-11,3.00186e-11,0.0,0.0,1.9917443e-11,1.393891e-11,9.186388e-12,1.516492e-11,0.0,0.0,0.0,0.0,-1898510.0,-1.3096724e-10,-5.820766e-11,-3.3576367e-12,-6.0475535e-12,-3.5955325e-12,-1e-45,0.000967175,0.000967175,-1e-45,-1e-45,0.000967175,0.000967175,-1e-45,-0.0,-0.0,-0.00025207578,-0.00025207578,-0.0,-0.0,-0.00025207578,-0.00025207578,-0.0,-0.0,-0.0,-0.0,-0.00025207578,-0.00025207578,-0.00025207578,-0.00025207578,Uniaxial,0.9194999933242798
4.137922081419959e-31,1156.134765625,42.64368438720703,0.0,0.0,0.9900000095367432,0.000970475,-0.0002527358,-0.0002527358,1.81318e-21,-2.7859443e-20,-4.6917684e-20,0.0010184861,-0.000262338,-0.000262338,1.7662748e-21,-2.7599518e-20,-4.6472703e-20,444102.5,-444102.5,-444102.5,444102.5,444102.5,-444102.5,-444102.5,444102.5,7.1420704e-12,7.503631e-12,0.0,0.0,-2.2767338e-13,1.3388716e-13,0.0,0.0,5.179125e-12,2.2078175e-13,-5.179125e-12,-2.2078175e-13,0.0,0.0,0.0,0.0,-1776410.0,-1.4551915e-11,0.0,7.231211e-13,-4.0071744e-12,-6.8601388e-12,1e-45,0.000970475,0.000970475,1e-45,1e-45,0.000970475,0.000970475,1e-45,0.0,0.0,-0.0002527358,-0.0002527358,0.0,0.0,-0.0002527358,-0.0002527358,0.0,0.0,-0.0,-0.0,-0.0002527358,-0.0002527358,-0.0002527358,-0.0002527358,Uniaxial,0.921500027179718
4.938810362719941e-31,1150.4739990234375,36.982994079589844,0.0,0.0,0.9900000095367432,0.000973775,-0.0002533958,-0.0002533958,1.81318e-21,-2.80712e-20,-4.6811805e-20,0.0010184861,-0.000262338,-0.000262338,1.7662748e-21,-2.7599518e-20,-4.6472703e-20,413577.5,-413577.5,-413577.5,413577.5,413577.5,-413577.5,-413577.5,413577.5,1.3517493e-11,1.3879053e-11,0.0,0.0,7.9488196e-12,8.31038e-12,0.0,0.0,2.0631575e-11,1.4040929e-11,8.472255e-12,1.5062902e-11,0.0,0.0,0.0,0.0,-1654310.0,-4.3655746e-11,-5.820766e-11,7.231211e-13,-7.271781e-12,-5.2278355e-12,-1e-45,0.000973775,0.000973775,-1e-45,-1e-45,0.000973775,0.000973775,-1e-45,-0.0,-0.0,-0.0002533958,-0.0002533958,-0.0,-0.0,-0.0002533958,-0.0002533958,-0.0,0.0,0.0,-0.0,-0.0002533958,-0.0002533958,-0.0002533958,-0.0002533958,Uniaxial,0.9235000014305115
3.6039967956521753e-31,1145.21630859375,31.725236892700195,0.0,0.0,0.9900000095367432,0.000977075,-0.00025405578,-0.00025405578,1.680831e-21,-2.7912383e-20,-4.6917684e-20,0.0010184861,-0.000262338,-0.000262338,1.7662748e-21,-2.7599518e-20,-4.6472703e-20,383052.5,-383052.5,-383052.5,383052.5,383052.5,-383052.5,-383052.5,383052.5,4.0141866e-12,2.3706388e-12,0.0,0.0,-2.3706388e-12,-4.0141866e-12,0.0,0.0,5.3831627e-12,1.6743871e-14,-5.3831627e-12,-1.6743871e-14,0.0,0.0,0.0,0.0,-1532210.0,0.0,0.0,-1.3172577e-12,-4.823326e-12,-6.8601388e-12,1e-45,0.000977075,0.000977075,1e-45,1e-45,0.000977075,0.000977075,1e-45,0.0,0.0,-0.00025405578,-0.00025405578,0.0,0.0,-0.00025405578,-0.00025405578,0.0,-0.0,-0.0,0.0,-0.00025405578,-0.00025405578,-0.00025405578,-0.00025405578,Uniaxial,0.9254999756813049
4.271403696735493e-31,1140.3614501953125,26.87040901184082,0.0,0.0,0.9900000095367432,0.000980375,-0.0002547158,-0.0002547158,1.5220123e-21,-2.80712e-20,-4.6785335e-20,0.0010184861,-0.000262338,-0.000262338,1.7662748e-21,-2.7599518e-20,-4.6472703e-20,352527.5,-352527.5,-352527.5,352527.5,352527.5,-352527.5,-352527.5,352527.5,-6.797731e-12,-9.665506e-12,0.0,0.0,-1.2162367e-11,-1.5030142e-11,0.0,0.0,-8.574274e-12,-1.6149838e-11,-2.0529555e-11,-1.2953991e-11,0.0,0.0,0.0,0.0,-1410110.0,4.3655746e-11,5.820766e-11,-3.7657126e-12,-7.271781e-12,-4.81976e-12,-1e-45,0.000980375,0.000980375,-1e-45,-1e-45,0.000980375,0.000980375,-1e-45,0.0,0.0,-0.0002547158,-0.0002547158,0.0,0.0,-0.0002547158,-0.0002547158,0.0,0.0,0.0,0.0,-0.0002547158,-0.0002547158,-0.0002547158,-0.0002547158,Uniaxial,0.9275000095367432
3.3370340352188482e-31,1135.9095458984375,22.41851043701172,0.0,0.0,0.9900000095367432,0.000983675,-0.00025537578,-0.00025537578,1.7073008e-21,-2.825649e-20,-4.6758866e-20,0.0010184861,-0.000262338,-0.000262338,1.7662748e-21,-2.7599518e-20,-4.6472703e-20,322002.5,-322002.5,-322002.5,322002.5,322002.5,-322002.5,-322002.5,322002.5,-4.468363e-12,-6.8927915e-12,0.0,0.0,-7.659124e-12,-1.0083552e-11,0.0,0.0,6.589755e-12,-1.4291567e-12,-6.589755e-12,1.4291567e-12,0.0,0.0,0.0,0.0,-1288010.0,2.910383e-11,0.0,-9.0918196e-13,-1.0128311e-11,-4.411684e-12,1e-45,0.000983675,0.000983675,1e-45,1e-45,0.000983675,0.000983675,1e-45,-0.0,-0.0,-0.00025537578,-0.00025537578,-0.0,-0.0,-0.00025537578,-0.00025537578,-0.0,-0.0,-0.0,-0.0,-0.00025537578,-0.00025537578,-0.00025537578,-0.00025537578,Uniaxial,0.9294999837875366
5.339254738468801e-31,1131.860595703125,18.369543075561523,0.0,0.0,0.9900000095367432,0.000986975,-0.0002560358,-0.0002560358,1.3367239e-21,-2.7832973e-20,-4.6732396e-20,0.0010184861,-0.000262338,-0.000262338,1.7662748e-21,-2.7599518e-20,-4.6472703e-20,291477.5,-291477.5,-291477.5,291477.5,291477.5,-291477.5,-291477.5,291477.5,9.249198e-12,2.9833202e-12,0.0,0.0,4.2926374e-12,-1.9732397e-12,0.0,0.0,4.8554325e-12,-8.837912e-13,-4.8554325e-12,8.837912e-13,0.0,0.0,0.0,0.0,-1165910.0,-1.4551915e-11,0.0,-6.6222427e-12,-3.5990987e-12,-4.003608e-12,-4e-45,0.000986975,0.000986975,-4e-45,-4e-45,0.000986975,0.000986975,-4e-45,-0.0,-0.0,-0.0002560358,-0.0002560358,-0.0,-0.0,-0.0002560358,-0.0002560358,0.0,-0.0,-0.0,0.0,-0.0002560358,-0.0002560358,-0.0002560358,-0.0002560358,Uniaxial,0.9315000176429749
3.3370340352188482e-31,1128.214599609375,14.723505020141602,0.0,0.0,0.9900000095367432,0.000990275,-0.00025669578,-0.00025669578,1.204375e-21,-2.825649e-20,-4.6891215e-20,0.0010184861,-0.000262338,-0.000262338,1.7662748e-21,-2.7599518e-20,-4.6472703e-20,260952.5,-260952.5,-260952.5,260952.5,260952.5,-260952.5,-260952.5,260952.5,3.4370597e-12,-2.8640883e-12,0.0,0.0,-7.7389045e-13,-7.0750385e-12,0.0,0.0,7.0998494e-12,-1.9039807e-12,-7.0998494e-12,1.9039807e-12,0.0,0.0,0.0,0.0,-1043810.0,7.275958e-12,0.0,-8.662622e-12,-1.0128311e-11,-6.452063e-12,4e-45,0.000990275,0.000990275,4e-45,4e-45,0.000990275,0.000990275,4e-45,0.0,0.0,-0.00025669578,-0.00025669578,0.0,0.0,-0.00025669578,-0.00025669578,0.0,0.0,0.0,0.0,-0.00025669578,-0.00025669578,-0.00025669578,-0.00025669578,Uniaxial,0.9334999918937683
4.404884841853286e-31,1124.971435546875,11.48039722442627,0.0,0.0,0.9900000095367432,0.000993575,-0.0002573558,-0.0002573558,1.6543612e-21,-2.809767e-20,-4.6600047e-20,0.0010184861,-0.000262338,-0.000262338,1.7662748e-21,-2.7599518e-20,-4.6472703e-20,230427.5,-230427.5,-230427.5,230427.5,230427.5,-230427.5,-230427.5,230427.5,-2.535415e-13,-3.0860455e-12,0.0,0.0,-4.1899123e-12,-7.022416e-12,0.0,0.0,-1.9104304e-12,-9.690033e-12,-1.2641485e-11,-4.861882e-12,0.0,0.0,0.0,0.0,-921710.0,1.4551915e-11,2.910383e-11,-1.7253335e-12,-7.679857e-12,-1.9632295e-12,0.0,0.000993575,0.000993575,0.0,0.0,0.000993575,0.000993575,-0.0,0.0,-0.0,-0.0002573558,-0.0002573558,0.0,-0.0,-0.0002573558,-0.0002573558,0.0,0.0,0.0,0.0,-0.0002573558,-0.0002573558,-0.0002573558,-0.0002573558,Uniaxial,0.9355000257492065
4.404884841853286e-31,1122.1312255859375,8.640218734741211,0.0,0.0,0.9900000095367432,0.000996875,-0.0002580158,-0.0002580158,1.4955425e-21,-2.812414e-20,-4.6732396e-20,0.0010184861,-0.000262338,-0.000262338,1.7662748e-21,-2.7599518e-20,-4.6472703e-20,199902.5,-199902.5,-199902.5,199902.5,199902.5,-199902.5,-199902.5,199902.5,4.5066455e-12,4.4991436e-13,0.0,0.0,-4.4991436e-13,-4.5066455e-12,0.0,0.0,1.3253599e-11,5.269958e-12,1.2983166e-12,9.281957e-12,0.0,0.0,0.0,0.0,-799610.0,0.0,-2.910383e-11,-4.173788e-12,-8.087932e-12,-4.003608e-12,-1e-45,0.000996875,0.000996875,-1e-45,-1e-45,0.000996875,0.000996875,-1e-45,-0.0,-0.0,-0.0002580158,-0.0002580158,-0.0,-0.0,-0.0002580158,-0.0002580158,-0.0,-0.0,-0.0,-0.0,-0.0002580158,-0.0002580158,-0.0002580158,-0.0002580158,Uniaxial,0.9375
3.3370340352188482e-31,1119.6939697265625,6.202970504760742,0.0,0.0,0.9900000095367432,0.001000175,-0.00025867578,-0.00025867578,1.5220123e-21,-2.8018262e-20,-4.6917684e-20,0.0010184861,-0.000262338,-0.000262338,1.7662748e-21,-2.7599518e-20,-4.6472703e-20,169377.5,-169377.5,-169377.5,169377.5,169377.5,-169377.5,-169377.5,169377.5,7.77182e-12,3.919126e-12,0.0,0.0,3.3568315e-12,-4.9586187e-13,0.0,0.0,-9.922598e-13,-8.159749e-12,-1.3559655e-11,-6.3921663e-12,0.0,0.0,0.0,0.0,-677510.0,-1.4551915e-11,2.910383e-11,-3.7657126e-12,-6.455629e-12,-6.8601388e-12,1e-45,0.001000175,0.001000175,1e-45,1e-45,0.001000175,0.001000175,1e-45,0.0,0.0,-0.00025867578,-0.00025867578,0.0,0.0,-0.00025867578,-0.00025867578,0.0,0.0,0.0,0.0,-0.00025867578,-0.00025867578,-0.00025867578,-0.00025867578,Uniaxial,0.9394999742507935
4.6718476022866135e-31,1117.65966796875,4.168652534484863,0.0,0.0,0.9900000095367432,0.001003475,-0.0002593358,-0.0002593358,1.5220123e-21,-2.823002e-20,-4.6600047e-20,0.0010184861,-0.000262338,-0.000262338,1.7662748e-21,-2.7599518e-20,-4.6472703e-20,138852.5,-138852.5,-138852.5,138852.5,138852.5,-138852.5,-138852.5,138852.5,6.623016e-12,1.7854041e-12,0.0,0.0,3.671564e-12,-1.1660479e-12,0.0,0.0,5.875622e-12,-2.92417e-12,-5.875622e-12,2.92417e-12,0.0,0.0,0.0,0.0,-555410.0,-1.0913936e-11,0.0,-3.7657126e-12,-9.720235e-12,-1.9632295e-12,-4e-45,0.001003475,0.001003475,-4e-45,-4e-45,0.001003475,0.001003475,-4e-45,-0.0,-0.0,-0.0002593358,-0.0002593358,-0.0,-0.0,-0.0002593358,-0.0002593358,-0.0,-0.0,-0.0,-0.0,-0.0002593358,-0.0002593358,-0.0002593358,-0.0002593358,Uniaxial,0.9415000081062317
3.3370340352188482e-31,1116.0283203125,2.537264585494995,0.0,0.0,0.9900000095367432,0.001006775,-0.00025999578,-0.00025999578,1.2837843e-21,-2.80712e-20,-4.6494168e-20,0.0010184861,-0.000262338,-0.000262338,1.7662748e-21,-2.7599518e-20,-4.6472703e-20,108327.51,-108327.51,-108327.51,108327.51,108327.51,-108327.51,-108327.51,108327.51,6.91224e-13,-4.9978103e-12,0.0,0.0,-4.5915783e-13,-6.148192e-12,0.0,0.0,4.8554325e-12,-2.720132e-12,-4.8554325e-12,2.720132e-12,0.0,0.0,0.0,0.0,-433310.03,1.0913936e-11,0.0,-7.4383945e-12,-7.271781e-12,-3.3092642e-13,4e-45,0.001006775,0.001006775,4e-45,4e-45,0.001006775,0.001006775,4e-45,0.0,0.0,-0.00025999578,-0.00025999578,0.0,0.0,-0.00025999578,-0.00025999578,0.0,0.0,0.0,0.0,-0.00025999578,-0.00025999578,-0.00025999578,-0.00025999578,Uniaxial,0.9434999823570251
4.404884841853286e-31,1114.7998046875,1.3088064193725586,0.0,0.0,0.9900000095367432,0.001010075,-0.0002606558,-0.0002606558,1.5484821e-21,-2.812414e-20,-4.7076503e-20,0.0010184861,-0.000262338,-0.000262338,1.7662748e-21,-2.7599518e-20,-4.6472703e-20,77802.51,-77802.51,-77802.51,77802.51,77802.51,-77802.51,-77802.51,77802.51,7.4478436e-12,3.799188e-12,0.0,0.0,-1.6120909e-13,-3.8098648e-12,0.0,0.0,7.3038875e-12,-6.7975335e-13,-7.3038875e-12,6.7975335e-13,0.0,0.0,0.0,0.0,-311210.03,-7.275958e-12,0.0,-3.3576367e-12,-8.087932e-12,-9.308593e-12,-0.0,0.001010075,0.001010075,-0.0,-0.0,0.001010075,0.001010075,-0.0,-0.0,-0.0,-0.0002606558,-0.0002606558,-0.0,-0.0,-0.0002606558,-0.0002606558,-0.0,-0.0,0.0,0.0,-0.0002606558,-0.0002606558,-0.0002606558,-0.0002606558,Uniaxial,0.9455000162124634
4.404884841853286e-31,1113.974365234375,0.48327839374542236,0.0,0.0,0.9900000095367432,0.001013375,-0.00026131578,-0.00026131578,1.5749519e-21,-2.804473e-20,-4.6573577e-20,0.0010184861,-0.000262338,-0.000262338,1.7662748e-21,-2.7599518e-20,-4.6472703e-20,47277.508,-47277.508,-47277.508,47277.508,47277.508,-47277.508,-47277.508,47277.508,2.6789805e-12,-7.656372e-13,0.0,0.0,-1.0533523e-12,-4.4979697e-12,0.0,0.0,5.0594706e-12,-2.3120564e-12,-5.0594706e-12,2.3120564e-12,0.0,0.0,0.0,0.0,-189110.03,3.637979e-12,0.0,-2.9495607e-12,-6.863705e-12,-1.5551538e-12,-1e-45,0.001013375,0.001013375,-1e-45,-1e-45,0.001013375,0.001013375,-1e-45,0.0,0.0,-0.00026131578,-0.00026131578,0.0,0.0,-0.00026131578,-0.00026131578,0.0,0.0,-0.0,-0.0,-0.00026131578,-0.00026131578,-0.00026131578,-0.00026131578,Uniaxial,0.9474999904632568
3.3370340352188482e-31,1113.5517578125,0.060680314898490906,0.0,0.0,0.9900000095367432,0.001016675,-0.0002619758,-0.0002619758,1.442603e-21,-2.825649e-20,-4.6705926e-20,0.0010184861,-0.000262338,-0.000262338,1.7662748e-21,-2.7599518e-20,-4.6472703e-20,16752.506,-16752.506,-16752.506,16752.506,16752.506,-16752.506,-16752.506,16752.506,4.874301e-12,4.0949413e-13,0.0,0.0,2.0916164e-12,-2.3731908e-12,0.0,0.0,7.749959e-12,-1.2538711e-12,-5.0214746e-12,3.9823552e-12,0.0,0.0,0.0,0.0,-67010.02,-5.002221e-12,-5.456968e-12,-4.98994e-12,-1.0128311e-11,-3.5955325e-12,1e-45,0.001016675,0.001016675,1e-45,1e-45,0.001016675,0.001016675,1e-45,-0.0,-0.0,-0.0002619758,-0.0002619758,-0.0,-0.0,-0.0002619758,-0.0002619758,-0.0,-0.0,0.0,0.0,-0.0002619758,-0.0002619758,-0.0002619758,-0.0002619758,Uniaxial,0.9495000243186951
3.6039967956521753e-31,1113.491455078125,0.00041012236033566296,0.0,0.0,0.9900000095367432,0.001019975,-0.0002626358,-0.0002626358,1.0720261e-21,-2.8918234e-20,-4.731473e-20,0.0010184861,-0.000262338,-0.000262338,1.7662748e-21,-2.7599518e-20,-4.6472703e-20,-137.72495,137.72495,137.72495,-137.72495,-137.72495,137.72495,137.72495,-137.72495,1.5570522e-12,5.186186e-13,0.0,0.0,-4.7769135e-13,-1.516125e-12,0.0,0.0,3.0653195e-12,-9.760061e-13,-3.0107496e-12,1.0305758e-12,0.0,0.0,0.0,0.0,550.8998,-8.1854526e-14,-1.0913936e-13,-1.07030006e-13,-2.0330206e-13,-1.2981276e-13,-4e-45,0.001019975,0.001019975,-4e-45,-4e-45,0.001019975,0.001019975,-4e-45,-0.0,0.0,-0.0002626358,-0.0002626358,0.0,0.0,-0.0002626358,-0.0002626358,-0.0,0.0,0.0,-0.0,-0.0002626358,-0.0002626358,-0.0002626358,-0.0002626358,Uniaxial,0.9514999985694885
3.3370340352188482e-31,1113.4952392578125,0.0042427415028214455,0.0,0.0,0.9900000095367432,0.001023275,-0.00026329578,-0.00026329578,7.2791894e-22,-3.0029965e-20,-4.8002945e-20,0.0010184861,-0.000262338,-0.000262338,1.7662748e-21,-2.7599518e-20,-4.6472703e-20,-442.97495,442.97495,442.97495,-442.97495,-442.97495,442.97495,442.97495,-442.97495,1.6082084e-12,-4.4166884e-13,0.0,0.0,5.0533346e-13,-1.5445437e-12,0.0,0.0,3.1619772e-12,-9.650443e-13,-3.0528377e-12,1.0741836e-12,0.0,0.0,0.0,0.0,1771.8998,-1.2732926e-13,-2.1827872e-13,-1.6007985e-13,-3.7469387e-13,-2.3591245e-13,4e-45,0.001023275,0.001023275,4e-45,4e-45,0.001023275,0.001023275,4e-45,-0.0,-0.0,-0.00026329578,-0.00026329578,0.0,0.0,-0.00026329578,-0.00026329578,-0.0,0.0,0.0,-0.0,-0.00026329578,-0.00026329578,-0.00026329578,-0.00026329578,Uniaxial,0.953499972820282
4.404884841853286e-31,1113.503173828125,0.012104661203920841,0.0,0.0,0.9900000095367432,0.001026575,-0.0002639558,-0.0002639558,-1.323489e-23,-3.169756e-20,-4.8876448e-20,0.0010184861,-0.000262338,-0.000262338,1.7662748e-21,-2.7599518e-20,-4.6472703e-20,-748.2249,748.2249,748.2249,-748.2249,-748.2249,748.2249,748.2249,-748.2249,2.6871907e-12,5.8018304e-13,0.0,0.0,-4.5285376e-13,-2.5598616e-12,0.0,0.0,3.2781052e-12,-9.774601e-13,-3.132586e-12,1.1229792e-12,0.0,0.0,0.0,0.0,2992.8997,-2.5465852e-13,-2.910383e-13,-2.7434107e-13,-6.3178163e-13,-3.7057746e-13,-0.0,0.001026575,0.001026575,0.0,0.0,0.001026575,0.001026575,0.0,-0.0,0.0,-0.0002639558,-0.0002639558,-0.0,0.0,-0.0002639558,-0.0002639558,-0.0,0.0,0.0,0.0,-0.0002639558,-0.0002639558,-0.0002639558,-0.0002639558,Uniaxial,0.9555000066757202
4.404884841853286e-31,1113.5150146484375,0.023995880037546158,0.0,0.0,0.9900000095367432,0.001029875,-0.00026461578,-0.00026461578,-9.66147e-22,-3.3788674e-20,-4.996171e-20,0.0010184861,-0.000262338,-0.000262338,1.7662748e-21,-2.7599518e-20,-4.6472703e-20,-1053.475,1053.475,1053.475,-1053.475,-1053.475,1053.475,1053.475,-1053.475,2.7566504e-12,5.7618905e-13,0.0,0.0,-4.670497e-13,-2.6475111e-12,0.0,0.0,3.400528e-12,-1.0162272e-12,-3.2550087e-12,1.1617465e-12,0.0,0.0,0.0,0.0,4213.9,-2.1827872e-13,-2.910383e-13,-4.2124835e-13,-9.541614e-13,-5.3788853e-13,-1e-45,0.001029875,0.001029875,-1e-45,-1e-45,0.001029875,0.001029875,-1e-45,-0.0,0.0,-0.00026461578,-0.00026461578,0.0,0.0,-0.00026461578,-0.00026461578,-0.0,0.0,0.0,-0.0,-0.00026461578,-0.00026461578,-0.00026461578,-0.00026461578,Uniaxial,0.9574999809265137
3.3370340352188482e-31,1113.531005859375,0.039916399866342545,0.0,0.0,0.9900000095367432,0.001033175,-0.0002652758,-0.0002652758,-2.1308173e-21,-3.6197424e-20,-5.1364607e-20,0.0010184861,-0.000262338,-0.000262338,1.7662748e-21,-2.7599518e-20,-4.6472703e-20,-1358.725,1358.725,1358.725,-1358.725,-1358.725,1358.725,1358.725,-1358.725,1.8888801e-12,-3.8135798e-13,0.0,0.0,5.2687715e-13,-1.743361e-12,0.0,0.0,3.5474351e-12,-1.0549945e-12,-3.4019161e-12,1.2005136e-12,0.0,0.0,0.0,0.0,5434.9,-2.910383e-13,-2.910383e-13,-6.008017e-13,-1.3255104e-12,-7.541687e-13,1e-45,0.001033175,0.001033175,1e-45,1e-45,0.001033175,0.001033175,1e-45,-0.0,0.0,-0.0002652758,-0.0002652758,0.0,0.0,-0.0002652758,-0.0002652758,-0.0,0.0,0.0,-0.0,-0.0002652758,-0.0002652758,-0.0002652758,-0.0002652758,Uniaxial,0.9595000147819519
4.6718476022866135e-31,1113.5509033203125,0.05986621975898743,0.0,0.0,0.9900000095367432,0.001036475,-0.00026593579,-0.00026593579,-3.5072458e-21,-3.902969e-20,-5.2926324e-20,0.0010184861,-0.000262338,-0.000262338,1.7662748e-21,-2.7599518e-20,-4.6472703e-20,-1663.975,1663.975,1663.975,-1663.975,-1663.975,1663.975,1663.975,-1663.975,3.0416095e-12,-3.1964698e-13,0.0,0.0,5.7430547e-13,-2.786951e-12,0.0,0.0,3.7895464e-12,-1.031204e-12,-3.498508e-12,1.3222423e-12,0.0,0.0,0.0,0.0,6655.9,-5.0931704e-13,-5.820766e-13,-8.130011e-13,-1.7621515e-12,-9.949334e-13,-4e-45,0.001036475,0.001036475,-4e-45,-4e-45,0.001036475,0.001036475,-4e-45,-0.0,0.0,-0.00026593579,-0.00026593579,0.0,0.0,-0.00026593579,-0.00026593579,-0.0,0.0,0.0,-0.0,-0.00026593579,-0.00026593579,-0.00026593579,-0.00026593579,Uniaxial,0.9614999890327454
3.3370340352188482e-31,1113.5748291015625,0.0838453397154808,0.0,0.0,0.9900000095367432,0.001039775,-0.0002665958,-0.0002665958,-5.307191e-21,-4.2232533e-20,-5.456745e-20,0.0010184861,-0.000262338,-0.000262338,1.7662748e-21,-2.7599518e-20,-4.6472703e-20,-1969.225,1969.225,1969.225,-1969.225,-1969.225,1969.225,1969.225,-1969.225,2.1165558e-12,-3.985277e-13,0.0,0.0,5.0766704e-13,-2.0074166e-12,0.0,0.0,3.9034813e-12,-1.1641547e-12,-3.7579623e-12,1.3096739e-12,0.0,0.0,0.0,0.0,7876.9,-2.1827872e-13,-2.910383e-13,-1.0904926e-12,-2.255923e-12,-1.2479403e-12,4e-45,0.001039775,0.001039775,4e-45,4e-45,0.001039775,0.001039775,4e-45,-0.0,0.0,-0.0002665958,-0.0002665958,-0.0,0.0,-0.0002665958,-0.0002665958,-0.0,0.0,0.0,-0.0,-0.0002665958,-0.0002665958,-0.0002665958,-0.0002665958,Uniaxial,0.9635000228881836
4.404884841853286e-31,1113.6029052734375,0.11185375601053238,0.0,0.0,0.9900000095367432,0.001043075,-0.0002672558,-0.0002672558,-7.133606e-21,-4.5805954e-20,-5.6605624e-20,0.0010184861,-0.000262338,-0.000262338,1.7662748e-21,-2.7599518e-20,-4.6472703e-20,-2274.4749,2274.4749,2274.4749,-2274.4749,-2274.4749,2274.4749,2274.4749,-2274.4749,3.3413717e-12,6.855019e-13,0.0,0.0,-3.9446362e-13,-3.0503332e-12,0.0,0.0,4.192521e-12,-1.1505662e-12,-3.901483e-12,1.4416044e-12,0.0,0.0,0.0,0.0,9097.899,-5.820766e-13,-5.820766e-13,-1.3720649e-12,-2.8068255e-12,-1.5621587e-12,-0.0,0.001043075,0.001043075,0.0,0.0,0.001043075,0.001043075,0.0,-0.0,-0.0,-0.0002672558,-0.0002672558,0.0,0.0,-0.0002672558,-0.0002672558,-0.0,-0.0,0.0,0.0,-0.0002672558,-0.0002672558,-0.0002672558,-0.0002672558,Uniaxial,0.965499997138977
4.404884841853286e-31,1113.6348876953125,0.14389146864414215,0.0,0.0,0.9900000095367432,0.001046375,-0.00026791578,-0.00026791578,-9.03943e-21,-4.9511723e-20,-5.845851e-20,0.0010184861,-0.000262338,-0.000262338,1.7662748e-21,-2.7599518e-20,-4.6472703e-20,-2579.7249,2579.7249,2579.7249,-2579.7249,-2579.7249,2579.7249,2579.7249,-2579.7249,3.4680485e-12,6.6527166e-13,0.0,0.0,-4.106131e-13,-3.21339e-12,0.0,0.0,4.406761e-12,-1.2219794e-12,-4.1157225e-12,1.5130177e-12,0.0,0.0,0.0,0.0,10318.899,-5.0931704e-13,-5.820766e-13,-1.6658795e-12,-3.3781315e-12,-1.8478118e-12,-1e-45,0.001046375,0.001046375,-1e-45,-1e-45,0.001046375,0.001046375,-1e-45,-0.0,0.0,-0.00026791578,-0.00026791578,-0.0,0.0,-0.00026791578,-0.00026791578,-0.0,0.0,0.0,-0.0,-0.00026791578,-0.00026791578,-0.00026791578,-0.00026791578,Uniaxial,0.9674999713897705
3.3370340352188482e-31,1113.6710205078125,0.1799584925174713,0.0,0.0,0.9900000095367432,0.001049675,-0.0002685758,-0.0002685758,-1.1130542e-20,-5.3667478e-20,-6.06555e-20,0.0010184861,-0.000262338,-0.000262338,1.7662748e-21,-2.7599518e-20,-4.6472703e-20,-2884.9749,2884.9749,2884.9749,-2884.9749,-2884.9749,2884.9749,2884.9749,-2884.9749,2.5028816e-12,-4.610854e-13,0.0,0.0,4.2470557e-13,-2.5392613e-12,0.0,0.0,4.5060873e-12,-1.4429925e-12,-4.5060873e-12,1.4429925e-12,0.0,0.0,0.0,0.0,11539.899,7.2759575e-14,0.0,-1.9882594e-12,-4.0188105e-12,-2.1865146e-12,1e-45,0.001049675,0.001049675,1e-45,1e-45,0.001049675,0.001049675,1e-45,-0.0,0.0,-0.0002685758,-0.0002685758,-0.0,0.0,-0.0002685758,-0.0002685758,-0.0,0.0,0.0,-0.0,-0.0002685758,-0.0002685758,-0.0002685758,-0.0002685758,Uniaxial,0.9695000052452087
3.3370340352188482e-31,1113.7110595703125,0.22005482017993927,0.0,0.0,0.9900000095367432,0.001052975,-0.00026923578,-0.00026923578,-1.33804736e-20,-5.792911e-20,-6.298484e-20,0.0010184861,-0.000262338,-0.000262338,1.7662748e-21,-2.7599518e-20,-4.6472703e-20,-3190.2249,3190.2249,3190.2249,-3190.2249,-3190.2249,3190.2249,3190.2249,-3190.2249,2.6611844e-12,-4.762147e-13,0.0,0.0,4.0345513e-13,-2.733944e-12,0.0,0.0,4.760114e-12,-1.5174664e-12,-4.760114e-12,1.5174664e-12,0.0,0.0,0.0,0.0,12760.899,1.4551915e-13,0.0,-2.3351236e-12,-4.6758127e-12,-2.5456213e-12,-1e-45,0.001052975,0.001052975,-1e-45,-1e-45,0.001052975,0.001052975,-1e-45,-0.0,0.0,-0.00026923578,-0.00026923578,0.0,0.0,-0.00026923578,-0.00026923578,-0.0,-0.0,0.0,0.0,-0.00026923578,-0.00026923578,-0.00026923578,-0.00026923578,Uniaxial,0.9714999794960022
3.3370340352188482e-31,1113.7552490234375,0.26418042182922363,0.0,0.0,0.9900000095367432,0.001056275,-0.0002698958,-0.0002698958,-1.5683344e-20,-6.2402505e-20,-6.528771e-20,0.0010184861,-0.000262338,-0.000262338,1.7662748e-21,-2.7599518e-20,-4.6472703e-20,-3495.4749,3495.4749,3495.4749,-3495.4749,-3495.4749,3495.4749,3495.4749,-3495.4749,2.9114569e-12,-4.0345513e-13,0.0,0.0,4.762147e-13,-2.8386974e-12,0.0,0.0,5.021283e-12,-1.6011219e-12,-5.021283e-12,1.6011219e-12,0.0,0.0,0.0,0.0,13981.899,-1.4551915e-13,0.0,-2.6901495e-12,-5.3654607e-12,-2.9006472e-12,-0.0,0.001056275,0.001056275,-0.0,0.0,0.001056275,0.001056275,0.0,-0.0,0.0,-0.0002698958,-0.0002698958,-0.0,0.0,-0.0002698958,-0.0002698958,-0.0,0.0,0.0,-0.0,-0.0002698958,-0.0002698958,-0.0002698958,-0.0002698958,Uniaxial,0.9735000133514404
4.404884841853286e-31,1113.8033447265625,0.312335342168808,0.0,0.0,0.9900000095367432,0.001059575,-0.00027055579,-0.00027055579,-1.8012685e-20,-6.692884e-20,-6.7458233e-20,0.0010184861,-0.000262338,-0.000262338,1.7662748e-21,-2.7599518e-20,-4.6472703e-20,-3800.7249,3800.7249,3800.7249,-3800.7249,-3800.7249,3800.7249,3800.7249,-3800.7249,4.1061876e-12,6.1172215e-13,0.0,0.0,-4.66203e-13,-3.960668e-12,0.0,0.0,5.2793906e-12,-1.6919188e-12,-5.2793906e-12,1.6919188e-12,0.0,0.0,0.0,0.0,15202.899,-2.910383e-13,0.0,-3.0492564e-12,-6.06327e-12,-3.2352693e-12,1e-45,0.001059575,0.001059575,1e-45,1e-45,0.001059575,0.001059575,1e-45,-0.0,0.0,-0.00027055579,-0.00027055579,0.0,0.0,-0.00027055579,-0.00027055579,0.0,0.0,0.0,-0.0,-0.00027055579,-0.00027055579,-0.00027055579,-0.00027055579,Uniaxial,0.9754999876022339
4.404884841853286e-31,1113.8555908203125,0.36451956629753113,0.0,0.0,0.9900000095367432,0.001062875,-0.0002712158,-0.0002712158,-2.0342026e-20,-7.171987e-20,-6.9655225e-20,0.0010184861,-0.000262338,-0.000262338,1.7662748e-21,-2.7599518e-20,-4.6472703e-20,-4105.975,4105.975,4105.975,-4105.975,-4105.975,4105.975,4105.975,-4105.975,4.3533996e-12,6.7938076e-13,0.0,0.0,-3.8834246e-13,-4.062361e-12,0.0,0.0,5.69424e-12,-1.6463782e-12,-5.4032018e-12,1.9374166e-12,0.0,0.0,0.0,0.0,16423.9,-5.820766e-13,-5.820766e-13,-3.408363e-12,-6.801887e-12,-3.5739723e-12,-1e-45,0.001062875,0.001062875,-1e-45,-1e-45,0.001062875,0.001062875,-1e-45,0.0,0.0,-0.0002712158,-0.0002712158,0.0,0.0,-0.0002712158,-0.0002712158,0.0,0.0,0.0,-0.0,-0.0002712158,-0.0002712158,-0.0002712158,-0.0002712158,Uniaxial,0.9775000214576721
3.3370340352188482e-31,1113.9117431640625,0.42073309421539307,0.0,0.0,0.9900000095367432,0.001066175,-0.0002718758,-0.0002718758,-2.2671366e-20,-7.661678e-20,-7.1958096e-20,0.0010184861,-0.000262338,-0.000262338,1.7662748e-21,-2.7599518e-20,-4.6472703e-20,-4411.225,4411.225,4411.225,-4411.225,-4411.225,4411.225,4411.225,-4411.225,3.728913e-12,-1.2465909e-13,0.0,0.0,7.794953e-13,-3.0740768e-12,0.0,0.0,6.1172504e-12,-1.6008376e-12,-5.535174e-12,2.1829142e-12,0.0,0.0,0.0,0.0,17644.9,-1.3096724e-12,-1.1641532e-12,-3.76747e-12,-7.5568276e-12,-3.928998e-12,1e-45,0.001066175,0.001066175,1e-45,1e-45,0.001066175,0.001066175,1e-45,-0.0,0.0,-0.0002718758,-0.0002718758,-0.0,0.0,-0.0002718758,-0.0002718758,-0.0,-0.0,0.0,0.0,-0.0002718758,-0.0002718758,-0.0002718758,-0.0002718758,Uniaxial,0.9794999957084656
3.3370340352188482e-31,1113.9720458984375,0.4809758961200714,0.0,0.0,0.9900000095367432,0.001069475,-0.00027253578,-0.00027253578,-2.4974237e-20,-8.138134e-20,-7.4313906e-20,0.0010184861,-0.000262338,-0.000262338,1.7662748e-21,-2.7599518e-20,-4.6472703e-20,-4716.475,4716.475,4716.475,-4716.475,-4716.475,4716.475,4716.475,-4716.475,3.7993267e-12,-2.3175808e-13,0.0,0.0,6.6831555e-13,-3.3627695e-12,0.0,0.0,6.3916815e-12,-1.6936748e-12,-5.809605e-12,2.2757514e-12,0.0,0.0,0.0,0.0,18865.9,-8.731149e-13,-1.1641532e-12,-4.1224957e-12,-8.291364e-12,-4.2921855e-12,-1e-45,0.001069475,0.001069475,-1e-45,-1e-45,0.001069475,0.001069475,-1e-45,0.0,0.0,-0.00027253578,-0.00027253578,0.0,0.0,-0.00027253578,-0.00027253578,-0.0,-0.0,0.0,0.0,-0.00027253578,-0.00027253578,-0.00027253578,-0.00027253578,Uniaxial,0.9815000295639038
3.3370340352188482e-31,1114.0362548828125,0.5452480316162109,0.0,0.0,0.9900000095367432,0.001072775,-0.0002731958,-0.0002731958,-2.7250638e-20,-8.611943e-20,-7.656384e-20,0.0010184861,-0.000262338,-0.000262338,1.7662748e-21,-2.7599518e-20,-4.6472703e-20,-5021.725,5021.725,5021.725,-5021.725,-5021.725,5021.725,5021.725,-5021.725,4.0465387e-12,-1.6001869e-13,0.0,0.0,7.420953e-13,-3.4644622e-12,0.0,0.0,6.6610116e-12,-1.7895726e-12,-6.078935e-12,2.3716493e-12,0.0,0.0,0.0,0.0,20086.9,-1.1641532e-12,-1.1641532e-12,-4.4734407e-12,-9.02182e-12,-4.63905e-12,0.0,0.001072775,0.001072775,0.0,-0.0,0.001072775,0.001072775,-0.0,0.0,0.0,-0.0002731958,-0.0002731958,0.0,-0.0,-0.0002731958,-0.0002731958,0.0,0.0,-0.0,-0.0,-0.0002731958,-0.0002731958,-0.0002731958,-0.0002731958,Uniaxial,0.9835000038146973
4.404884841853286e-31,1114.1046142578125,0.6135494709014893,0.0,0.0,0.9900000095367432,0.001076075,-0.00027385578,-0.00027385578,-2.950057e-20,-9.059282e-20,-7.868142e-20,0.0010184861,-0.000262338,-0.000262338,1.7662748e-21,-2.7599518e-20,-4.6472703e-20,-5326.975,5326.975,5326.975,-5326.975,-5326.975,5326.975,5326.975,-5326.975,5.0906493e-12,7.106596e-13,0.0,0.0,-3.4686173e-13,-4.7268517e-12,0.0,0.0,6.7695194e-12,-2.0258886e-12,-6.4784814e-12,2.316927e-12,0.0,0.0,0.0,0.0,21307.9,-7.2759577e-13,-5.820766e-13,-4.820305e-12,-9.711468e-12,-4.9655106e-12,1e-45,0.001076075,0.001076075,1e-45,1e-45,0.001076075,0.001076075,1e-45,0.0,0.0,-0.00027385578,-0.00027385578,0.0,-0.0,-0.00027385578,-0.00027385578,0.0,0.0,-0.0,0.0,-0.00027385578,-0.00027385578,-0.00027385578,-0.00027385578,Uniaxial,0.9854999780654907
4.404884841853286e-31,1114.1768798828125,0.685880184173584,0.0,0.0,0.9900000095367432,0.001079375,-0.0002745158,-0.0002745158,-3.172403e-20,-9.4986804e-20,-8.071959e-20,0.0010184861,-0.000262338,-0.000262338,1.7662748e-21,-2.7599518e-20,-4.6472703e-20,-5632.225,5632.225,5632.225,-5632.225,-5632.225,5632.225,5632.225,-5632.225,5.3276593e-12,7.7627786e-13,0.0,0.0,-2.6696082e-13,-4.8183423e-12,0.0,0.0,7.1629447e-12,-1.9711663e-12,-6.5808682e-12,2.553243e-12,0.0,0.0,0.0,0.0,22528.9,-1.0186341e-12,-1.1641532e-12,-5.1630887e-12,-1.0388873e-11,-5.279729e-12,-1e-45,0.001079375,0.001079375,-1e-45,-1e-45,0.001079375,0.001079375,-1e-45,0.0,0.0,-0.0002745158,-0.0002745158,0.0,-0.0,-0.0002745158,-0.0002745158,0.0,0.0,-0.0,0.0,-0.0002745158,-0.0002745158,-0.0002745158,-0.0002745158,Uniaxial,0.987500011920929
4.404884841853286e-31,1114.2532958984375,0.7622401714324951,0.0,0.0,0.9900000095367432,0.001082675,-0.0002751758,-0.0002751758,-3.3788674e-20,-9.916903e-20,-8.2678357e-20,0.0010184861,-0.000262338,-0.000262338,1.7662748e-21,-2.7599518e-20,-4.6472703e-20,-5937.475,5937.475,5937.475,-5937.475,-5937.475,5937.475,5937.475,-5937.475,5.3735887e-12,6.6305777e-13,0.0,0.0,-3.7201945e-13,-5.0825507e-12,0.0,0.0,7.10859e-12,-2.3479005e-12,-7.10859e-12,2.3479005e-12,0.0,0.0,0.0,0.0,23749.9,-5.820766e-13,0.0,-5.481388e-12,-1.1033633e-11,-5.5817052e-12,0.0,0.001082675,0.001082675,0.0,-0.0,0.001082675,0.001082675,-0.0,0.0,0.0,-0.0002751758,-0.0002751758,0.0,-0.0,-0.0002751758,-0.0002751758,0.0,-0.0,-0.0,0.0,-0.0002751758,-0.0002751758,-0.0002751758,-0.0002751758,Uniaxial,0.9894999861717224
3.3370340352188482e-31,1114.3336181640625,0.8426294922828674,0.0,0.0,0.9900000095367432,0.001085975,-0.0002758358,-0.0002758358,-3.5694498e-20,-1.0303362e-19,-8.450477e-20,0.0010184861,-0.000262338,-0.000262338,1.7662748e-21,-2.7599518e-20,-4.6472703e-20,-6242.725,6242.725,6242.725,-6242.725,-6242.725,6242.725,6242.725,-6242.725,4.6052767e-12,-2.5216187e-13,0.0,0.0,6.887193e-13,-4.168719e-12,0.0,0.0,7.61897e-12,-2.1354168e-12,-7.0368928e-12,2.7174935e-12,0.0,0.0,0.0,0.0,24970.9,-8.731149e-13,-1.1641532e-12,-5.7752024e-12,-1.1629424e-11,-5.8632773e-12,1e-45,0.001085975,0.001085975,1e-45,1e-45,0.001085975,0.001085975,1e-45,0.0,0.0,-0.0002758358,-0.0002758358,0.0,-0.0,-0.0002758358,-0.0002758358,0.0,-0.0,-0.0,0.0,-0.0002758358,-0.0002758358,-0.0002758358,-0.0002758358,Uniaxial,0.9915000200271606
3.3370340352188482e-31,1114.4180908203125,0.9270481467247009,0.0,0.0,0.9900000095367432,0.001089275,-0.0002764958,-0.0002764958,-3.7547382e-20,-1.0665998e-19,-8.6410596e-20,0.0010184861,-0.000262338,-0.000262338,1.7662748e-21,-2.7599518e-20,-4.6472703e-20,-6547.975,6547.975,6547.975,-6547.975,-6547.975,6547.975,6547.975,-6547.975,4.7501434e-12,-2.5012148e-13,0.0,0.0,6.8667896e-13,-4.313586e-12,0.0,0.0,7.832189e-12,-2.2017293e-12,-7.2501124e-12,2.7838057e-12,0.0,0.0,0.0,0.0,26191.9,-8.731149e-13,-1.1641532e-12,-6.0608554e-12,-1.2188487e-11,-6.1570918e-12,-1e-45,0.001089275,0.001089275,-1e-45,-1e-45,0.001089275,0.001089275,-1e-45,0.0,0.0,-0.0002764958,-0.0002764958,0.0,-0.0,-0.0002764958,-0.0002764958,0.0,-0.0,-0.0,0.0,-0.0002764958,-0.0002764958,-0.0002764958,-0.0002764958,Uniaxial,0.9934999942779541
4.404884841853286e-31,1114.506591796875,1.015496015548706,0.0,0.0,0.9900000095367432,0.001092575,-0.00027715578,-0.00027715578,-3.921498e-20,-1.1012752e-19,-8.791937e-20,0.0010184861,-0.000262338,-0.000262338,1.7662748e-21,-2.7599518e-20,-4.6472703e-20,-6853.225,6853.225,6853.225,-6853.225,-6853.225,6853.225,6853.225,-6853.225,5.8574846e-12,7.28676e-13,0.0,0.0,-2.9211854e-13,-5.420927e-12,0.0,0.0,8.023984e-12,-2.2772231e-12,-7.441908e-12,2.8592998e-12,0.0,0.0,0.0,0.0,27412.9,-8.731149e-13,-1.1641532e-12,-6.317943e-12,-1.27230665e-11,-6.389695e-12,1e-45,0.001092575,0.001092575,1e-45,1e-45,0.001092575,0.001092575,1e-45,0.0,0.0,-0.00027715578,-0.00027715578,0.0,-0.0,-0.00027715578,-0.00027715578,0.0,0.0,-0.0,0.0,-0.00027715578,-0.00027715578,-0.00027715578,-0.00027715578,Uniaxial,0.9955000281333923
4.404884841853286e-31,1114.5989990234375,1.1079732179641724,0.0,0.0,0.9900000095367432,0.001095875,-0.0002778158,-0.0002778158,-4.0697286e-20,-1.131186e-19,-8.926933e-20,0.0010184861,-0.000262338,-0.000262338,1.7662748e-21,-2.7599518e-20,-4.6472703e-20,-7158.475,7158.475,7158.475,-7158.475,-7158.475,7158.475,7158.475,-7158.475,6.0394047e-12,7.963346e-13,0.0,0.0,-2.1425801e-13,-5.457328e-12,0.0,0.0,8.191296e-12,-2.340475e-12,-7.609219e-12,2.9225515e-12,0.0,0.0,0.0,0.0,28633.9,-1.1641532e-12,-1.1641532e-12,-6.5464656e-12,-1.31841925e-11,-6.597814e-12,-1e-45,0.001095875,0.001095875,-1e-45,-1e-45,0.001095875,0.001095875,-1e-45,0.0,0.0,-0.0002778158,-0.0002778158,0.0,-0.0,-0.0002778158,-0.0002778158,0.0,0.0,-0.0,0.0,-0.0002778158,-0.0002778158,-0.0002778158,-0.0002778158,Uniaxial,0.9975000023841858
4.404884841853286e-31,1114.695556640625,1.2044798135757446,0.0,0.0,0.9900000095367432,0.001099175,-0.00027847578,-0.00027847578,-4.1967836e-20,-1.1581852e-19,-9.061929e-20,0.0010184861,-0.000262338,-0.000262338,1.7662748e-21,-2.7599518e-20,-4.6472703e-20,-7463.725,7463.725,7463.725,-7463.725,-7463.725,7463.725,7463.725,-7463.725,6.213163e-12,8.721548e-13,0.0,0.0,-1.44559e-13,-5.4855673e-12,0.0,0.0,8.347384e-12,-2.3925046e-12,-7.765308e-12,2.9745813e-12,0.0,0.0,0.0,0.0,29854.9,-1.4551915e-12,-1.1641532e-12,-6.742342e-12,-1.360043e-11,-6.805932e-12,0.0,0.001099175,0.001099175,0.0,-0.0,0.001099175,0.001099175,-0.0,0.0,0.0,-0.00027847578,-0.00027847578,0.0,-0.0,-0.00027847578,-0.00027847578,0.0,-0.0,-0.0,0.0,-0.00027847578,-0.00027847578,-0.00027847578,-0.00027847578,Uniaxial,0.9994999766349792
4.447383607900297e-24,1114.72021484375,1.2080512046813965,0.0,0.0,0.9900000095367432,0.0011,-0.0002786412,-0.0002786412,2.2004328e-19,4.661196e-19,3.4969152e-16,0.0010191916,-0.00026251972,-0.00026251972,3.7460583e-21,-2.312146e-20,3.1256684e-18,-7476.846,7476.846,7476.846,-7476.846,-7476.846,7476.846,7476.846,-7476.846,-5.166245,-5.166245,0.0,0.0,-5.166245,-5.166245,0.0,0.0,-5.166245,-5.166245,-5.166245,-5.166245,0.0,0.0,0.0,0.0,29907.385,20.66498,20.66498,3.3345823e-11,7.542466e-11,5.3428902e-08,-7.255554e-36,0.0011,0.0011,-7.255554e-36,-7.255554e-36,0.0011,0.0011,-7.255554e-36,-5.2198227e-36,-5.2198227e-36,-0.0002786412,-0.0002786412,-5.2198227e-36,-5.2198227e-36,-0.0002786412,-0.0002786412,-5.2198227e-36,-5.2198227e-36,-5.2198227e-36,-5.2198227e-36,-0.0002786412,-0.0002786412,-0.0002786412,-0.0002786412,Uniaxial,1.0
