ALLAE,ALLIE,ALLSE,ALLVD,DAMAGEC,DAMAGET,E1,E2,E3,E4,E5,E6,PE1,PE2,PE3,PE4,PE5,PE6,RF1_n1,RF1_n2,RF1_n3,RF1_n4,RF1_n5,RF1_n6,RF1_n7,RF1_n8,RF2_n1,RF2_n2,RF2_n3,RF2_n4,RF2_n5,RF2_n6,RF2_n7,RF2_n8,RF3_n1,RF3_n2,RF3_n3,RF3_n4,RF3_n5,RF3_n6,RF3_n7,RF3_n8,S1,S2,S3,S4,S5,S6,U1_n1,U1_n2,U1_n3,U1_n4,U1_n5,U1_n6,U1_n7,U1_n8,U2_n1,U2_n2,U2_n3,U2_n4,U2_n5,U2_n6,U2_n7,U2_n8,U3_n1,U3_n2,U3_n3,U3_n4,U3_n5,U3_n6,U3_n7,U3_n8,step,time
0.0,0.0,0.0,0.0,0.0,0.0,0.0,0.0,0.0,0.0,0.0,0.0,0.0,0.0,0.0,0.0,0.0,0.0,-0.0,-0.0,-0.0,-0.0,-0.0,-0.0,-0.0,-0.0,-0.0,-0.0,0.0,0.0,-0.0,-0.0,0.0,0.0,-0.0,-0.0,-0.0,-0.0,0.0,0.0,0.0,0.0,0.0,0.0,0.0,0.0,0.0,0.0,0.0,0.0,0.0,0.0,0.0,0.0,0.0,0.0,0.0,0.0,0.0,0.0,0.0,0.0,0.0,0.0,0.0,0.0,0.0,0.0,0.0,0.0,0.0,0.0,Uniaxial,0.0
3.304697831319818e-32,1.0265624523162842,1.0265624523162842,0.0,0.0,0.0,-7.5e-06,1.5e-06,1.5e-06,-2.1175824e-22,2.1175824e-22,5.293956e-23,0.0,0.0,0.0,0.0,0.0,0.0,68437.5,-68437.5,-68437.5,68437.5,68437.5,-68437.5,-68437.5,68437.5,5.218428e-12,3.62716e-12,0.0,0.0,4.558292e-12,2.967024e-12,0.0,0.0,2.888284e-13,1.8687105e-12,3.3491504e-12,1.7692682e-12,0.0,0.0,0.0,0.0,-273750.0,-1.6370905e-11,-7.275958e-12,-3.2204898e-12,3.2204898e-12,8.0512246e-13,-6.84375e-32,-7.5e-06,-7.5e-06,-6.84375e-32,-6.84375e-32,-7.5e-06,-7.5e-06,-6.84375e-32,-0.0,-0.0,1.5e-06,1.5e-06,0.0,0.0,1.5e-06,1.5e-06,0.0,0.0,-0.0,0.0,1.5e-06,1.5e-06,1.5e-06,1.5e-06,Uniaxial,0.0010000000474974513
2.0092401218481403e-35,4.106249809265137,4.106249809265137,0.0,0.0,0.0,-1.5e-05,3e-06,3e-06,-5.293956e-23,4.2351647e-22,-1.5881868e-22,0.0,0.0,0.0,0.0,0.0,0.0,136875.0,-136875.0,-136875.0,136875.0,136875.0,-136875.0,-136875.0,136875.0,1.7032311e-12,1.3158513e-12,0.0,0.0,5.031381e-13,1.1575829e-13,0.0,0.0,-9.988124e-13,2.1913146e-12,9.988124e-13,-2.1913146e-12,0.0,0.0,0.0,0.0,-547500.0,-3.637979e-12,0.0,-8.0512246e-13,6.4409797e-12,-2.4153674e-12,0.0,-1.5e-05,-1.5e-05,0.0,0.0,-1.5e-05,-1.5e-05,0.0,0.0,0.0,3e-06,3e-06,0.0,0.0,3e-06,3e-06,0.0,0.0,0.0,0.0,3e-06,3e-06,3e-06,3e-06,Uniaxial,0.0020000000949949026
4.1792193386497617e-35,12.575390815734863,12.575390815734863,0.0,0.0,0.0,-2.625e-05,5.25e-06,5.25e-06,1.5881868e-22,-1.0587912e-22,-4.7645603e-22,0.0,0.0,0.0,0.0,0.0,0.0,239531.25,-239531.25,-239531.25,239531.25,239531.25,-239531.25,-239531.25,239531.25,-7.887263e-12,-6.6795796e-12,0.0,0.0,-1.1510314e-11,-1.0302631e-11,0.0,0.0,-5.0694613e-12,-5.9049467e-12,-9.482454e-12,-8.6469686e-12,0.0,0.0,0.0,0.0,-958125.0,3.6379788e-11,2.910383e-11,2.4153674e-12,-1.6102449e-12,-7.246102e-12,0.0,-2.625e-05,-2.625e-05,0.0,0.0,-2.625e-05,-2.625e-05,0.0,0.0,0.0,5.25e-06,5.25e-06,0.0,0.0,5.25e-06,5.25e-06,0.0,0.0,-0.0,-0.0,5.25e-06,5.25e-06,5.25e-06,5.25e-06,Uniaxial,0.0035000001080334187
1.2859136779828098e-34,31.053516387939453,31.053516387939453,0.0,0.0,0.0,-4.125e-05,8.25e-06,8.25e-06,1.5881868e-22,-3.1763736e-22,-5.8233515e-22,0.0,0.0,0.0,0.0,0.0,0.0,376406.25,-376406.25,-376406.25,376406.25,376406.25,-376406.25,-376406.25,376406.25,1.5647007e-12,2.8027472e-12,0.0,0.0,-2.8027472e-12,-1.5647007e-12,0.0,0.0,1.7988867e-11,1.5543136e-11,1.1114963e-11,1.3560693e-11,0.0,0.0,0.0,0.0,-1505625.0,0.0,-5.820766e-11,2.4153674e-12,-4.8307348e-12,-8.856347e-12,-0.0,-4.125e-05,-4.125e-05,-0.0,-0.0,-4.125e-05,-4.125e-05,-0.0,-0.0,-0.0,8.25e-06,8.25e-06,-0.0,-0.0,8.25e-06,8.25e-06,-0.0,-0.0,-0.0,-0.0,8.25e-06,8.25e-06,8.25e-06,8.25e-06,Uniaxial,0.005499999970197678
2.1860532984885248e-34,57.744140625,57.744140625,0.0,0.0,0.0,-5.625e-05,1.125e-05,1.125e-05,-1.5881868e-22,0.0,2.646978e-22,0.0,0.0,0.0,0.0,0.0,0.0,513281.25,-513281.25,-513281.25,513281.25,513281.25,-513281.25,-513281.25,513281.25,-1.498484e-11,-1.6101434e-11,0.0,0.0,-1.3002396e-11,-1.41189916e-11,0.0,0.0,-9.912216e-13,-1.0519473e-12,9.912216e-13,1.0519473e-12,0.0,0.0,0.0,0.0,-2053125.0,5.820766e-11,0.0,-2.4153674e-12,0.0,4.0256123e-12,-0.0,-5.625e-05,-5.625e-05,-0.0,-0.0,-5.625e-05,-5.625e-05,-0.0,0.0,0.0,1.125e-05,1.125e-05,0.0,0.0,1.125e-05,1.125e-05,0.0,0.0,0.0,0.0,1.125e-05,1.125e-05,1.125e-05,1.125e-05,Uniaxial,0.007499999832361937
2.3146445744513096e-34,92.64726257324219,92.64726257324219,0.0,0.0,0.0,-7.125e-05,1.425e-05,1.425e-05,1.5881868e-22,4.2351647e-22,-5.293956e-23,0.0,0.0,0.0,0.0,0.0,0.0,650156.25,-650156.25,-650156.25,650156.25,650156.25,-650156.25,-650156.25,650156.25,2.1379768e-11,2.2648177e-11,0.0,0.0,2.1007569e-11,2.2275978e-11,0.0,0.0,2.7679685e-11,3.083945e-11,3.0527976e-11,2.7368212e-11,0.0,0.0,0.0,0.0,-2600625.0,-8.731149e-11,-1.1641532e-10,2.4153674e-12,6.4409797e-12,-8.0512246e-13,0.0,-7.125e-05,-7.125e-05,0.0,0.0,-7.125e-05,-7.125e-05,0.0,-0.0,-0.0,1.425e-05,1.425e-05,-0.0,-0.0,1.425e-05,1.425e-05,-0.0,-0.0,0.0,0.0,1.425e-05,1.425e-05,1.425e-05,1.425e-05,Uniaxial,0.009499999694526196
4.629289148902619e-34,135.7628936767578,135.7628936767578,0.0,0.0,0.0,-8.625e-05,1.725e-05,1.725e-05,-1.5881868e-22,0.0,-4.7645603e-22,0.0,0.0,0.0,0.0,0.0,0.0,787031.25,-787031.25,-787031.25,787031.25,787031.25,-787031.25,-787031.25,787031.25,5.3255983e-11,5.216975e-11,0.0,0.0,4.9693655e-11,4.8607424e-11,0.0,0.0,5.995846e-11,5.995846e-11,5.645686e-11,5.645686e-11,0.0,0.0,0.0,0.0,-3148125.0,-2.0372681e-10,-2.3283064e-10,-2.4153674e-12,0.0,-7.246102e-12,-0.0,-8.625e-05,-8.625e-05,-0.0,-0.0,-8.625e-05,-8.625e-05,-0.0,-0.0,-0.0,1.725e-05,1.725e-05,-0.0,-0.0,1.725e-05,1.725e-05,-0.0,-0.0,-0.0,-0.0,1.725e-05,1.725e-05,1.725e-05,1.725e-05,Uniaxial,0.011500000022351742
1.1316040549919719e-33,187.0910186767578,187.0910186767578,0.0,0.0,0.0,-0.00010125,2.025e-05,2.025e-05,2.646978e-22,-2.1175824e-22,-5.293956e-23,0.0,0.0,0.0,0.0,0.0,0.0,923906.25,-923906.25,-923906.25,923906.25,923906.25,-923906.25,-923906.25,923906.25,3.5422852e-11,3.755711e-11,0.0,0.0,3.5202466e-11,3.7336724e-11,0.0,0.0,3.0140595e-11,2.8530352e-11,2.8067064e-11,2.967731e-11,0.0,0.0,0.0,0.0,-3695625.0,-1.4551915e-10,-1.1641532e-10,4.0256123e-12,-3.2204898e-12,-8.0512246e-13,0.0,-0.00010125,-0.00010125,0.0,0.0,-0.00010125,-0.00010125,0.0,0.0,0.0,2.025e-05,2.025e-05,0.0,0.0,2.025e-05,2.025e-05,0.0,0.0,0.0,0.0,2.025e-05,2.025e-05,2.025e-05,2.025e-05,Uniaxial,0.013500000350177288
4.114923585873999e-34,246.6316375732422,246.6316375732422,0.0,0.0,0.0,-0.00011625,2.325e-05,2.325e-05,-5.293956e-23,-2.1175824e-22,2.646978e-22,0.0,0.0,0.0,0.0,0.0,0.0,1060781.2,-1060781.2,-1060781.2,1060781.2,1060781.2,-1060781.2,-1060781.2,1060781.2,6.4587405e-11,6.4306296e-11,0.0,0.0,6.666094e-11,6.637983e-11,0.0,0.0,-1.7091783e-13,-1.8418884e-12,1.7091783e-13,1.8418884e-12,0.0,0.0,0.0,0.0,-4243125.0,-2.6193447e-10,0.0,-8.0512246e-13,-3.2204898e-12,4.0256123e-12,-0.0,-0.00011625,-0.00011625,-0.0,-0.0,-0.00011625,-0.00011625,-0.0,-0.0,-0.0,2.325e-05,2.325e-05,-0.0,-0.0,2.325e-05,2.325e-05,-0.0,-0.0,-0.0,-0.0,2.325e-05,2.325e-05,2.325e-05,2.325e-05,Uniaxial,0.01549999974668026
1.0287309423862479e-33,314.384765625,314.384765625,0.0,0.0,0.0,-0.00013125,2.625e-05,2.625e-05,2.646978e-22,7.4115383e-22,-4.7645603e-22,0.0,0.0,0.0,0.0,0.0,0.0,1197656.2,-1197656.2,-1197656.2,1197656.2,1197656.2,-1197656.2,-1197656.2,1197656.2,2.987859e-11,3.2012847e-11,0.0,0.0,2.6194814e-11,2.832907e-11,0.0,0.0,-9.760403e-13,4.4776405e-12,9.760403e-13,-4.4776405e-12,0.0,0.0,0.0,0.0,-4790625.0,-1.1641532e-10,0.0,4.0256123e-12,1.12717145e-11,-7.246102e-12,0.0,-0.00013125,-0.00013125,0.0,0.0,-0.00013125,-0.00013125,0.0,0.0,0.0,2.625e-05,2.625e-05,0.0,0.0,2.625e-05,2.625e-05,-0.0,-0.0,0.0,0.0,2.625e-05,2.625e-05,2.625e-05,2.625e-05,Uniaxial,0.017500000074505806
4.114923585873999e-34,390.35040283203125,390.35040283203125,0.0,0.0,0.0,-0.00014625,2.925e-05,2.925e-05,-1.5881868e-22,-4.2351647e-22,5.8233515e-22,0.0,0.0,0.0,0.0,0.0,0.0,1334531.2,-1334531.2,-1334531.2,1334531.2,1334531.2,-1334531.2,-1334531.2,1334531.2,-3.0744438e-11,-3.183067e-11,0.0,0.0,-2.6376991e-11,-2.7463223e-11,0.0,0.0,-5.734791e-13,-3.8546943e-12,5.734791e-13,3.8546943e-12,0.0,0.0,0.0,0.0,-5338125.0,1.1641532e-10,0.0,-2.4153674e-12,-6.4409797e-12,8.856347e-12,0.0,-0.00014625,-0.00014625,0.0,0.0,-0.00014625,-0.00014625,0.0,-0.0,-0.0,2.925e-05,2.925e-05,-0.0,-0.0,2.925e-05,2.925e-05,0.0,0.0,0.0,0.0,2.925e-05,2.925e-05,2.925e-05,2.925e-05,Uniaxial,0.019500000402331352
1.4402233009736478e-33,474.52850341796875,474.52850341796875,0.0,0.0,0.0,-0.00016125,3.225e-05,3.225e-05,1.5881868e-22,0.0,5.293956e-23,0.0,0.0,0.0,0.0,0.0,0.0,1471406.2,-1471406.2,-1471406.2,1471406.2,1471406.2,-1471406.2,-1471406.2,1471406.2,-3.009113e-11,-2.8761995e-11,0.0,0.0,-2.9445665e-11,-2.8116532e-11,0.0,0.0,-5.8408944e-11,-5.8408944e-11,-5.800638e-11,-5.800638e-11,0.0,0.0,0.0,0.0,-5885625.0,1.1641532e-10,2.3283064e-10,2.4153674e-12,0.0,8.0512246e-13,-0.0,-0.00016125,-0.00016125,-0.0,-0.0,-0.00016125,-0.00016125,-0.0,-0.0,-0.0,3.225e-05,3.225e-05,-0.0,-0.0,3.225e-05,3.225e-05,-0.0,-0.0,-0.0,-0.0,3.225e-05,3.225e-05,3.225e-05,3.225e-05,Uniaxial,0.0215000007301569
1.6459694343495996e-33,566.9191284179688,566.9191284179688,0.0,0.0,0.0,-0.00017625,3.525e-05,3.525e-05,-1.5881868e-22,2.1175824e-22,-5.8233515e-22,0.0,0.0,0.0,0.0,0.0,0.0,1608281.2,-1608281.2,-1608281.2,1608281.2,1608281.2,-1608281.2,-1608281.2,1608281.2,3.192176e-11,3.0835525e-11,0.0,0.0,2.7372134e-11,2.6285902e-11,0.0,0.0,5.949517e-11,6.110542e-11,5.692015e-11,5.5309902e-11,0.0,0.0,0.0,0.0,-6433125.0,-1.1641532e-10,-2.3283064e-10,-2.4153674e-12,3.2204898e-12,-8.856347e-12,-0.0,-0.00017625,-0.00017625,-0.0,-0.0,-0.00017625,-0.00017625,-0.0,-0.0,-0.0,3.525e-05,3.525e-05,-0.0,-0.0,3.525e-05,3.525e-05,-0.0,-0.0,-0.0,-0.0,3.525e-05,3.525e-05,3.525e-05,3.525e-05,Uniaxial,0.023499999195337296
2.2632081099839437e-33,667.5222778320312,667.5222778320312,0.0,0.0,0.0,-0.00019125,3.825e-05,3.825e-05,-2.646978e-22,-2.1175824e-22,5.8233515e-22,0.0,0.0,0.0,0.0,0.0,0.0,1745156.2,-1745156.2,-1745156.2,1745156.2,1745156.2,-1745156.2,-1745156.2,1745156.2,-3.049369e-11,-3.2385046e-11,0.0,0.0,-2.5822615e-11,-2.771397e-11,0.0,0.0,-1.4089643e-12,-2.8977582e-12,1.4089643e-12,2.8977582e-12,0.0,0.0,0.0,0.0,-6980625.0,1.1641532e-10,0.0,-4.0256123e-12,-3.2204898e-12,8.856347e-12,0.0,-0.00019125,-0.00019125,0.0,0.0,-0.00019125,-0.00019125,0.0,0.0,0.0,3.825e-05,3.825e-05,0.0,0.0,3.825e-05,3.825e-05,0.0,0.0,0.0,0.0,3.825e-05,3.825e-05,3.825e-05,3.825e-05,Uniaxial,0.025499999523162842
0.0,776.337890625,776.337890625,0.0,0.0,0.0,-0.00020625,4.125e-05,4.125e-05,2.646978e-22,-3.1763736e-22,-1.5881868e-22,0.0,0.0,0.0,0.0,0.0,0.0,1882031.2,-1882031.2,-1882031.2,1882031.2,1882031.2,-1882031.2,-1882031.2,1882031.2,-1.4954477e-11,-1.294167e-11,0.0,0.0,-1.616216e-11,-1.41493536e-11,0.0,0.0,1.8115255e-12,-6.0384185e-13,-1.8115255e-12,6.0384185e-13,0.0,0.0,0.0,0.0,-7528125.0,5.820766e-11,0.0,4.0256123e-12,-4.8307348e-12,-2.4153674e-12,-0.0,-0.00020625,-0.00020625,-0.0,-0.0,-0.00020625,-0.00020625,-0.0,-0.0,-0.0,4.125e-05,4.125e-05,-0.0,-0.0,4.125e-05,4.125e-05,-0.0,-0.0,-0.0,-0.0,4.125e-05,4.125e-05,4.125e-05,4.125e-05,Uniaxial,0.027499999850988388
0.0,893.3660278320312,893.3660278320312,0.0,0.0,0.0,-0.00022125,4.425e-05,4.425e-05,5.293956e-23,2.1175824e-22,3.7057691e-22,0.0,0.0,0.0,0.0,0.0,0.0,2018906.2,-2018906.2,-2018906.2,2018906.2,2018906.2,-2018906.2,-2018906.2,2018906.2,-1.6102449e-12,-1.2076837e-12,0.0,0.0,1.2076837e-12,1.6102449e-12,0.0,0.0,-2.2140868e-12,-6.0384185e-13,2.2140868e-12,6.0384185e-13,0.0,0.0,0.0,0.0,-8075625.0,0.0,0.0,8.0512246e-13,3.2204898e-12,5.6358572e-12,-0.0,-0.00022125,-0.00022125,-0.0,-0.0,-0.00022125,-0.00022125,-0.0,-0.0,-0.0,4.425e-05,4.425e-05,-0.0,-0.0,4.425e-05,4.425e-05,-0.0,-0.0,-0.0,-0.0,4.425e-05,4.425e-05,4.425e-05,4.425e-05,Uniaxial,0.029500000178813934
2.6747003767358475e-33,1018.6066284179688,1018.6066284179688,0.0,0.0,0.0,-0.00023625,4.725e-05,4.725e-05,-5.293956e-23,-4.2351647e-22,-4.7645603e-22,0.0,0.0,0.0,0.0,0.0,0.0,2155781.2,-2155781.2,-2155781.2,2155781.2,2155781.2,-2155781.2,-2155781.2,2155781.2,6.015974e-11,5.975718e-11,0.0,0.0,5.665814e-11,5.625558e-11,0.0,0.0,3.4217705e-12,7.98295e-14,-3.4217705e-12,-7.98295e-14,0.0,0.0,0.0,0.0,-8623125.0,-2.3283064e-10,0.0,-8.0512246e-13,-6.4409797e-12,-7.246102e-12,0.0,-0.00023625,-0.00023625,0.0,0.0,-0.00023625,-0.00023625,0.0,0.0,0.0,4.725e-05,4.725e-05,0.0,0.0,4.725e-05,4.725e-05,0.0,0.0,0.0,0.0,4.725e-05,4.725e-05,4.725e-05,4.725e-05,Uniaxial,0.03150000050663948
2.2632081099839437e-33,1152.059814453125,1152.059814453125,0.0,0.0,0.0,-0.00025125,5.025e-05,5.025e-05,2.646978e-22,7.4115383e-22,5.8233515e-22,0.0,0.0,0.0,0.0,0.0,0.0,2292656.2,-2292656.2,-2292656.2,2292656.2,2292656.2,-2292656.2,-2292656.2,2292656.2,9.852147e-11,1.0065572e-10,0.0,0.0,1.0307109e-10,1.05205344e-10,0.0,0.0,1.1132258e-10,1.1683698e-10,1.2150807e-10,1.1599366e-10,0.0,0.0,0.0,0.0,-9170625.0,-4.0745363e-10,-4.656613e-10,4.0256123e-12,1.12717145e-11,8.856347e-12,-0.0,-0.00025125,-0.00025125,-0.0,-0.0,-0.00025125,-0.00025125,-0.0,-0.0,-0.0,5.025e-05,5.025e-05,-0.0,-0.0,5.025e-05,5.025e-05,-0.0,-0.0,-0.0,-0.0,5.025e-05,5.025e-05,5.025e-05,5.025e-05,Uniaxial,0.03350000083446503
3.4976852775816396e-33,1293.725341796875,1293.725341796875,0.0,0.0,0.0,-0.00026625,5.325e-05,5.325e-05,-1.5881868e-22,-7.4115383e-22,-1.5881868e-22,0.0,0.0,0.0,0.0,0.0,0.0,2429531.2,-2429531.2,-2429531.2,2429531.2,2429531.2,-2429531.2,-2429531.2,2429531.2,-2.8199774e-11,-2.9164556e-11,0.0,0.0,-2.9043105e-11,-3.0007885e-11,0.0,0.0,3.4217705e-12,-2.3355378e-12,-3.4217705e-12,2.3355378e-12,0.0,0.0,0.0,0.0,-9718125.0,1.1641532e-10,0.0,-2.4153674e-12,-1.12717145e-11,-2.4153674e-12,0.0,-0.00026625,-0.00026625,0.0,0.0,-0.00026625,-0.00026625,0.0,0.0,0.0,5.325e-05,5.325e-05,0.0,0.0,5.325e-05,5.325e-05,0.0,0.0,0.0,0.0,5.325e-05,5.325e-05,5.325e-05,5.325e-05,Uniaxial,0.03550000116229057
3.7034313191220954e-33,1443.603515625,1443.603515625,0.0,0.0,0.0,-0.00028125,5.625e-05,5.625e-05,1.5881868e-22,6.352747e-22,-5.293956e-23,0.0,0.0,0.0,0.0,0.0,0.0,2566406.2,-2566406.2,-2566406.2,2566406.2,2566406.2,-2566406.2,-2566406.2,2566406.2,-5.891385e-11,-5.7463263e-11,0.0,0.0,-5.895206e-11,-5.7501472e-11,0.0,0.0,-2.1533613e-12,2.4344712e-12,2.1533613e-12,-2.4344712e-12,0.0,0.0,0.0,0.0,-10265625.0,2.3283064e-10,0.0,2.4153674e-12,9.6614695e-12,-8.0512246e-13,-0.0,-0.00028125,-0.00028125,-0.0,-0.0,-0.00028125,-0.00028125,-0.0,-0.0,-0.0,5.625e-05,5.625e-05,-0.0,-0.0,5.625e-05,5.625e-05,-0.0,-0.0,-0.0,-0.0,5.625e-05,5.625e-05,5.625e-05,5.625e-05,Uniaxial,0.03750000149011612
6.583877737398399e-33,1601.694091796875,1601.694091796875,0.0,0.0,0.0,-0.00029625,5.925e-05,5.925e-05,-1.5881868e-22,-2.1175824e-22,-5.293956e-23,0.0,0.0,0.0,0.0,0.0,0.0,2703281.2,-2703281.2,-2703281.2,2703281.2,2703281.2,-2703281.2,-2703281.2,2703281.2,5.014947e-13,-4.632868e-13,0.0,0.0,4.632868e-13,-5.014947e-13,0.0,0.0,8.2422643e-13,-9.0746963e-13,-8.2422643e-13,9.0746963e-13,0.0,0.0,0.0,0.0,-10813125.0,0.0,0.0,-2.4153674e-12,-3.2204898e-12,-8.0512246e-13,0.0,-0.00029625,-0.00029625,0.0,0.0,-0.00029625,-0.00029625,0.0,0.0,0.0,5.925e-05,5.925e-05,0.0,0.0,5.925e-05,5.925e-05,0.0,0.0,0.0,0.0,5.925e-05,5.925e-05,5.925e-05,5.925e-05,Uniaxial,0.039500001817941666
7.406862638244191e-33,1767.997314453125,1767.997314453125,0.0,0.0,0.0,-0.00031125,6.225e-05,6.225e-05,2.646978e-22,3.1763736e-22,4.7645603e-22,0.0,0.0,0.0,0.0,0.0,0.0,2840156.2,-2840156.2,-2840156.2,2840156.2,2840156.2,-2840156.2,-2840156.2,2840156.2,-6.138994e-11,-5.889133e-11,0.0,0.0,-5.752399e-11,-5.502538e-11,0.0,0.0,-3.0192092e-12,-8.4674406e-13,3.0192092e-12,8.4674406e-13,0.0,0.0,0.0,0.0,-11360625.0,2.3283064e-10,0.0,4.0256123e-12,4.8307348e-12,7.246102e-12,-0.0,-0.00031125,-0.00031125,-0.0,-0.0,-0.00031125,-0.00031125,-0.0,0.0,0.0,6.225e-05,6.225e-05,0.0,0.0,6.225e-05,6.225e-05,-0.0,-0.0,-0.0,-0.0,6.225e-05,6.225e-05,6.225e-05,6.225e-05,Uniaxial,0.04149999842047691
1.2344771308634974e-32,1942.512939453125,1942.512939453125,0.0,0.0,0.0,-0.00032625,6.525e-05,6.525e-05,-5.293956e-23,-4.2351647e-22,1.5881868e-22,0.0,0.0,0.0,0.0,0.0,0.0,2977031.2,-2977031.2,-2977031.2,2977031.2,2977031.2,-2977031.2,-2977031.2,2977031.2,-8.819986e-11,-8.787371e-11,0.0,0.0,-8.6749274e-11,-8.6423126e-11,0.0,0.0,1.1278542e-12,-2.3355378e-12,-1.1278542e-12,2.3355378e-12,0.0,0.0,0.0,0.0,-11908125.0,3.4924597e-10,0.0,-8.0512246e-13,-6.4409797e-12,2.4153674e-12,0.0,-0.00032625,-0.00032625,0.0,0.0,-0.00032625,-0.00032625,0.0,-0.0,-0.0,6.525e-05,6.525e-05,0.0,0.0,6.525e-05,6.525e-05,-0.0,-0.0,0.0,0.0,6.525e-05,6.525e-05,6.525e-05,6.525e-05,Uniaxial,0.04349999874830246
1.2344771308634974e-32,2125.240966796875,2125.240966796875,0.0,0.0,0.0,-0.00034125,6.825e-05,6.825e-05,2.646978e-22,2.1175824e-22,-3.7057691e-22,0.0,0.0,0.0,0.0,0.0,0.0,3113906.2,-3113906.2,-3113906.2,3113906.2,3113906.2,-3113906.2,-3113906.2,3113906.2,2.914204e-11,3.188355e-11,0.0,0.0,2.632411e-11,2.9065623e-11,0.0,0.0,-2.3222681e-10,-2.3085946e-10,-2.334345e-10,-2.3480182e-10,0.0,0.0,0.0,0.0,-12455625.0,-1.1641532e-10,9.313226e-10,4.0256123e-12,3.2204898e-12,-5.6358572e-12,-0.0,-0.00034125,-0.00034125,-0.0,-0.0,-0.00034125,-0.00034125,-0.0,-0.0,-0.0,6.825e-05,6.825e-05,-0.0,-0.0,6.825e-05,6.825e-05,0.0,0.0,0.0,0.0,6.825e-05,6.825e-05,6.825e-05,6.825e-05,Uniaxial,0.045499999076128006
1.3990741110326559e-32,2316.181640625,2316.181640625,0.0,0.0,0.0,-0.00035625,7.125e-05,7.125e-05,-5.293956e-23,0.0,-1.5881868e-22,0.0,0.0,0.0,0.0,0.0,0.0,3250781.2,-3250781.2,-3250781.2,3250781.2,3250781.2,-3250781.2,-3250781.2,3250781.2,-8.699217e-11,-8.666603e-11,0.0,0.0,-8.7956954e-11,-8.763081e-11,0.0,0.0,-1.15447124e-10,-1.1593293e-10,-1.1738352e-10,-1.1689771e-10,0.0,0.0,0.0,0.0,-13003125.0,3.4924597e-10,4.656613e-10,-8.0512246e-13,0.0,-2.4153674e-12,0.0,-0.00035625,-0.00035625,0.0,0.0,-0.00035625,-0.00035625,0.0,0.0,0.0,7.125e-05,7.125e-05,0.0,0.0,7.125e-05,7.125e-05,-0.0,-0.0,-0.0,-0.0,7.125e-05,7.125e-05,7.125e-05,7.125e-05,Uniaxial,0.04749999940395355
8.229847539089983e-33,2515.334716796875,2515.334716796875,0.0,0.0,0.0,-0.00037125,7.425e-05,7.425e-05,2.646978e-22,-2.1175824e-22,-5.293956e-23,0.0,0.0,0.0,0.0,0.0,0.0,3387656.2,-3387656.2,-3387656.2,3387656.2,3387656.2,-3387656.2,-3387656.2,3387656.2,-1.1694758e-12,1.3291348e-12,0.0,0.0,-1.3291348e-12,1.1694758e-12,0.0,0.0,1.3707564e-12,-7.25293e-13,-1.3707564e-12,7.25293e-13,0.0,0.0,0.0,0.0,-13550625.0,0.0,0.0,4.0256123e-12,-3.2204898e-12,-8.0512246e-13,-0.0,-0.00037125,-0.00037125,-0.0,-0.0,-0.00037125,-0.00037125,-0.0,-0.0,-0.0,7.425e-05,7.425e-05,-0.0,-0.0,7.425e-05,7.425e-05,-0.0,-0.0,-0.0,-0.0,7.425e-05,7.425e-05,7.425e-05,7.425e-05,Uniaxial,0.0494999997317791
6.583877737398399e-33,2722.700439453125,2722.700439453125,0.0,0.0,0.0,-0.00038625,7.725e-05,7.725e-05,-1.5881868e-22,-6.352747e-22,-5.293956e-23,0.0,0.0,0.0,0.0,0.0,0.0,3524531.2,-3524531.2,-3524531.2,3524531.2,3524531.2,-3524531.2,-3524531.2,3524531.2,-2.8663062e-11,-2.938494e-11,0.0,0.0,-2.882272e-11,-2.95446e-11,0.0,0.0,2.738099e-12,-2.3355378e-12,-2.738099e-12,2.3355378e-12,0.0,0.0,0.0,0.0,-14098125.0,1.1641532e-10,0.0,-2.4153674e-12,-9.6614695e-12,-8.0512246e-13,0.0,-0.00038625,-0.00038625,0.0,0.0,-0.00038625,-0.00038625,0.0,0.0,0.0,7.725e-05,7.725e-05,0.0,0.0,7.725e-05,7.725e-05,0.0,0.0,0.0,0.0,7.725e-05,7.725e-05,7.725e-05,7.725e-05,Uniaxial,0.051500000059604645
1.6459695078179966e-32,2938.278564453125,2938.278564453125,0.0,0.0,0.0,-0.00040125,8.025e-05,8.025e-05,1.5881868e-22,3.1763736e-22,5.8233515e-22,0.0,0.0,0.0,0.0,0.0,0.0,3661406.2,-3661406.2,-3661406.2,3661406.2,3661406.2,-3661406.2,-3661406.2,3661406.2,-1.7731946e-10,-1.7562597e-10,0.0,0.0,-1.7362e-10,-1.719265e-10,0.0,0.0,-3.5432215e-12,-1.3707564e-12,3.5432215e-12,1.3707564e-12,0.0,0.0,0.0,0.0,-14645625.0,6.9849193e-10,0.0,2.4153674e-12,4.8307348e-12,8.856347e-12,0.0,-0.00040125,-0.00040125,0.0,0.0,-0.00040125,-0.00040125,0.0,0.0,0.0,8.025e-05,8.025e-05,0.0,0.0,8.025e-05,8.025e-05,0.0,0.0,0.0,0.0,8.025e-05,8.025e-05,8.025e-05,8.025e-05,Uniaxial,0.05350000038743019
4.1149237695449914e-33,3162.069091796875,3162.069091796875,0.0,0.0,0.0,-0.00041625,8.325e-05,8.325e-05,-1.5881868e-22,2.1175824e-22,-2.646978e-22,0.0,0.0,0.0,0.0,0.0,0.0,3798281.2,-3798281.2,-3798281.2,3798281.2,3798281.2,-3798281.2,-3798281.2,3798281.2,2.3431942e-10,2.3359756e-10,0.0,0.0,2.3206373e-10,2.3134185e-10,0.0,0.0,1.166166e-10,1.1822684e-10,1.1621404e-10,1.146038e-10,0.0,0.0,0.0,0.0,-15193125.0,-9.313226e-10,-4.656613e-10,-2.4153674e-12,3.2204898e-12,-4.0256123e-12,-0.0,-0.00041625,-0.00041625,-0.0,-0.0,-0.00041625,-0.00041625,-0.0,-0.0,-0.0,8.325e-05,8.325e-05,-0.0,-0.0,8.325e-05,8.325e-05,-0.0,-0.0,-0.0,-0.0,8.325e-05,8.325e-05,8.325e-05,8.325e-05,Uniaxial,0.05550000071525574
7.406862638244191e-33,3394.072265625,3394.072265625,0.0,0.0,0.0,-0.00043125,8.625e-05,8.625e-05,1.5881868e-22,-4.2351647e-22,2.646978e-22,0.0,0.0,0.0,0.0,0.0,0.0,3935156.2,-3935156.2,-3935156.2,3935156.2,3935156.2,-3935156.2,-3935156.2,3935156.2,1.1444072e-10,1.1613421e-10,0.0,0.0,1.1669643e-10,1.1838992e-10,0.0,0.0,2.334345e-10,2.304569e-10,2.3222681e-10,2.3520438e-10,0.0,0.0,0.0,0.0,-15740625.0,-4.656613e-10,-9.313226e-10,2.4153674e-12,-6.4409797e-12,4.0256123e-12,0.0,-0.00043125,-0.00043125,0.0,0.0,-0.00043125,-0.00043125,0.0,0.0,0.0,8.625e-05,8.625e-05,0.0,0.0,8.625e-05,8.625e-05,0.0,0.0,-0.0,-0.0,8.625e-05,8.625e-05,8.625e-05,8.625e-05,Uniaxial,0.057500001043081284
1.3167755474796797e-32,3634.287841796875,3634.287841796875,0.0,0.0,0.0,-0.00044625,8.925e-05,8.925e-05,2.646978e-22,3.1763736e-22,-6.8821427e-22,0.0,0.0,0.0,0.0,0.0,0.0,4072031.2,-4072031.2,-4072031.2,4072031.2,4072031.2,-4072031.2,-4072031.2,4072031.2,1.7316961e-12,4.2303066e-12,0.0,0.0,-4.2303066e-12,-1.7316961e-12,0.0,0.0,1.2875132e-12,3.945783e-12,-1.2875132e-12,-3.945783e-12,0.0,0.0,0.0,0.0,-16288125.0,0.0,0.0,4.0256123e-12,4.8307348e-12,-1.0466592e-11,-0.0,-0.00044625,-0.00044625,-0.0,-0.0,-0.00044625,-0.00044625,-0.0,0.0,0.0,8.925e-05,8.925e-05,0.0,0.0,8.925e-05,8.925e-05,0.0,0.0,0.0,0.0,8.925e-05,8.925e-05,8.925e-05,8.925e-05,Uniaxial,0.05950000137090683
6.583877737398399e-33,3882.716064453125,3882.716064453125,0.0,0.0,0.0,-0.00046125,9.225e-05,9.225e-05,-1.5881868e-22,1.0587912e-22,5.293956e-23,0.0,0.0,0.0,0.0,0.0,0.0,4208906.5,-4208906.5,-4208906.5,4208906.5,4208906.5,-4208906.5,-4208906.5,4208906.5,2.6233704e-10,2.6137226e-10,0.0,0.0,2.624967e-10,2.615319e-10,0.0,0.0,2.3222681e-10,2.3327482e-10,2.334345e-10,2.3238646e-10,0.0,0.0,0.0,0.0,-16835626.0,-1.0477379e-09,-9.313226e-10,-2.4153674e-12,1.6102449e-12,8.0512246e-13,0.0,-0.00046125,-0.00046125,0.0,0.0,-0.00046125,-0.00046125,0.0,-0.0,-0.0,9.225e-05,9.225e-05,-0.0,-0.0,9.225e-05,9.225e-05,-0.0,-0.0,-0.0,-0.0,9.225e-05,9.225e-05,9.225e-05,9.225e-05,Uniaxial,0.061500001698732376
5.760893203894591e-33,4139.3564453125,4139.3564453125,0.0,0.0,0.0,-0.00047625,9.525e-05,9.525e-05,5.293956e-23,-5.293956e-22,3.7057691e-22,0.0,0.0,0.0,0.0,0.0,0.0,4345781.5,-4345781.5,-4345781.5,4345781.5,4345781.5,-4345781.5,-4345781.5,4345781.5,1.7313419e-10,1.7377966e-10,0.0,0.0,1.7546631e-10,1.7611178e-10,0.0,0.0,2.334345e-10,2.2940887e-10,2.3222681e-10,2.362524e-10,0.0,0.0,0.0,0.0,-17383126.0,-6.9849193e-10,-9.313226e-10,8.0512246e-13,-8.051225e-12,5.6358572e-12,-0.0,-0.00047625,-0.00047625,-0.0,-0.0,-0.00047625,-0.00047625,-0.0,0.0,0.0,9.525e-05,9.525e-05,0.0,0.0,9.525e-05,9.525e-05,0.0,0.0,0.0,0.0,9.525e-05,9.525e-05,9.525e-05,9.525e-05,Uniaxial,0.06350000202655792
4.1149237695449914e-33,4404.2099609375,4404.2099609375,0.0,0.0,0.0,-0.00049125,9.825e-05,9.825e-05,1.5881868e-22,3.1763736e-22,1.5881868e-22,0.0,0.0,0.0,0.0,0.0,0.0,4482656.5,-4482656.5,-4482656.5,4482656.5,4482656.5,-4482656.5,-4482656.5,4482656.5,-1.4684828e-10,-1.451548e-10,0.0,0.0,-1.458835e-10,-1.4419002e-10,0.0,0.0,-1.1822684e-10,-1.1581148e-10,-1.146038e-10,-1.1701916e-10,0.0,0.0,0.0,0.0,-17930626.0,5.820766e-10,4.656613e-10,2.4153674e-12,4.8307348e-12,2.4153674e-12,0.0,-0.00049125,-0.00049125,0.0,0.0,-0.00049125,-0.00049125,0.0,0.0,0.0,9.825e-05,9.825e-05,0.0,0.0,9.825e-05,9.825e-05,0.0,0.0,0.0,0.0,9.825e-05,9.825e-05,9.825e-05,9.825e-05,Uniaxial,0.06549999862909317
1.4813725276488381e-32,4677.275390625,4677.275390625,0.0,0.0,0.0,-0.00050625,0.00010125,0.00010125,1.5881868e-22,6.352747e-22,-5.293956e-23,0.0,0.0,0.0,0.0,0.0,0.0,4619531.5,-4619531.5,-4619531.5,4619531.5,4619531.5,-4619531.5,-4619531.5,4619531.5,-3.0113648e-11,-2.8177257e-11,0.0,0.0,-3.0030405e-11,-2.8094013e-11,0.0,0.0,-2.3355378e-12,2.738099e-12,2.3355378e-12,-2.738099e-12,0.0,0.0,0.0,0.0,-18478126.0,1.1641532e-10,0.0,2.4153674e-12,9.6614695e-12,-8.0512246e-13,-1e-45,-0.00050625,-0.00050625,-1e-45,-1e-45,-0.00050625,-0.00050625,-1e-45,-0.0,-0.0,0.00010125,0.00010125,-0.0,-0.0,0.00010125,0.00010125,-1e-45,-0.0,-0.0,-1e-45,0.00010125,0.00010125,0.00010125,0.00010125,Uniaxial,0.06750000268220901
1.9751634681563134e-32,4958.5537109375,4958.5537109375,0.0,0.0,0.0,-0.00052125,0.00010425,0.00010425,-2.646978e-22,1.0587912e-22,-2.646978e-22,0.0,0.0,0.0,0.0,0.0,0.0,4756406.5,-4756406.5,-4756406.5,4756406.5,4756406.5,-4756406.5,-4756406.5,4756406.5,1.7614998e-10,1.7486589e-10,0.0,0.0,1.7438008e-10,1.7309598e-10,0.0,0.0,2.3319158e-10,2.3448252e-10,2.3246971e-10,2.3117877e-10,0.0,0.0,0.0,0.0,-19025626.0,-6.9849193e-10,-9.313226e-10,-4.0256123e-12,1.6102449e-12,-4.0256123e-12,0.0,-0.00052125,-0.00052125,0.0,0.0,-0.00052125,-0.00052125,0.0,0.0,0.0,0.00010425,0.00010425,0.0,0.0,0.00010425,0.00010425,0.0,0.0,0.0,0.0,0.00010425,0.00010425,0.00010425,0.00010425,Uniaxial,0.06949999928474426
1.9751634681563134e-32,5248.0439453125,5248.0439453125,0.0,0.0,0.0,-0.00053625,0.00010725,0.00010725,1.5881868e-22,-2.1175824e-22,4.7645603e-22,0.0,0.0,0.0,0.0,0.0,0.0,4893281.5,-4893281.5,-4893281.5,4893281.5,4893281.5,-4893281.5,-4893281.5,4893281.5,-2.901172e-12,-9.647814e-13,0.0,0.0,9.647814e-13,2.901172e-12,0.0,0.0,-1.2493053e-12,-2.3737457e-12,1.2493053e-12,2.3737457e-12,0.0,0.0,0.0,0.0,-19573126.0,0.0,0.0,2.4153674e-12,-3.2204898e-12,7.246102e-12,1e-45,-0.00053625,-0.00053625,1e-45,1e-45,-0.00053625,-0.00053625,1e-45,0.0,0.0,0.00010725,0.00010725,0.0,0.0,0.00010725,0.00010725,0.0,0.0,0.0,0.0,0.00010725,0.00010725,0.00010725,0.00010725,Uniaxial,0.07150000333786011
1.2344771308634974e-32,5545.7470703125,5545.7470703125,0.0,0.0,0.0,-0.00055125,0.00011025,0.00011025,2.646978e-22,2.1175824e-22,2.646978e-22,0.0,0.0,0.0,0.0,0.0,0.0,5030156.5,-5030156.5,-5030156.5,5030156.5,5030156.5,-5030156.5,-5030156.5,5030156.5,3.468688e-10,3.496103e-10,0.0,0.0,3.4888162e-10,3.5162312e-10,0.0,0.0,4.6360685e-10,4.6546e-10,4.677157e-10,4.6586257e-10,0.0,0.0,0.0,0.0,-20120626.0,-1.3969839e-09,-1.8626451e-09,4.0256123e-12,3.2204898e-12,4.0256123e-12,-1e-45,-0.00055125,-0.00055125,-1e-45,-1e-45,-0.00055125,-0.00055125,-1e-45,-0.0,-0.0,0.00011025,0.00011025,-0.0,-0.0,0.00011025,0.00011025,-0.0,-0.0,-0.0,-0.0,0.00011025,0.00011025,0.00011025,0.00011025,Uniaxial,0.07349999994039536
1.3167755474796797e-32,5851.6630859375,5851.6630859375,0.0,0.0,0.0,-0.00056625,0.00011325,0.00011325,-2.646978e-22,-4.2351647e-22,-1.5881868e-22,0.0,0.0,0.0,0.0,0.0,0.0,5167031.5,-5167031.5,-5167031.5,5167031.5,5167031.5,-5167031.5,-5167031.5,5167031.5,1.7574742e-10,1.7446332e-10,0.0,0.0,1.7478265e-10,1.7349855e-10,0.0,0.0,2.3480182e-10,2.3182424e-10,2.3085946e-10,2.3383703e-10,0.0,0.0,0.0,0.0,-20668126.0,-6.9849193e-10,-9.313226e-10,-4.0256123e-12,-6.4409797e-12,-2.4153674e-12,0.0,-0.00056625,-0.00056625,0.0,0.0,-0.00056625,-0.00056625,0.0,0.0,0.0,0.00011325,0.00011325,0.0,0.0,0.00011325,0.00011325,0.0,0.0,0.0,0.0,0.00011325,0.00011325,0.00011325,0.00011325,Uniaxial,0.0754999965429306
9.875817340781567e-33,6165.791015625,6165.791015625,0.0,0.0,0.0,-0.00058125,0.00011625,0.00011625,5.293956e-23,7.4115383e-22,2.646978e-22,0.0,0.0,0.0,0.0,0.0,0.0,5303906.5,-5303906.5,-5303906.5,5303906.5,5303906.5,-5303906.5,-5303906.5,5303906.5,-5.95368e-11,-5.864843e-11,0.0,0.0,-5.7766892e-11,-5.6878526e-11,0.0,0.0,-4.188685e-12,1.6900744e-12,4.188685e-12,-1.6900744e-12,0.0,0.0,0.0,0.0,-21215626.0,2.3283064e-10,0.0,8.0512246e-13,1.12717145e-11,4.0256123e-12,0.0,-0.00058125,-0.00058125,0.0,0.0,-0.00058125,-0.00058125,0.0,0.0,0.0,0.00011625,0.00011625,0.0,0.0,0.00011625,0.00011625,0.0,0.0,0.0,0.0,0.00011625,0.00011625,0.00011625,0.00011625,Uniaxial,0.07750000059604645
8.229847539089983e-33,6488.1318359375,6488.1318359375,0.0,0.0,0.0,-0.00059625,0.00011925,0.00011925,2.646978e-22,-3.1763736e-22,-3.7057691e-22,0.0,0.0,0.0,0.0,0.0,0.0,5440781.5,-5440781.5,-5440781.5,5440781.5,5440781.5,-5440781.5,-5440781.5,5440781.5,3.820789e-14,2.5368184e-12,0.0,0.0,-2.5368184e-12,-3.820789e-14,0.0,0.0,2.495197e-12,5.6563397e-13,-2.495197e-12,-5.6563397e-13,0.0,0.0,0.0,0.0,-21763126.0,0.0,0.0,4.0256123e-12,-4.8307348e-12,-5.6358572e-12,-0.0,-0.00059625,-0.00059625,-0.0,-0.0,-0.00059625,-0.00059625,-0.0,-0.0,-0.0,0.00011925,0.00011925,-0.0,-0.0,0.00011925,0.00011925,-0.0,-0.0,-0.0,-0.0,0.00011925,0.00011925,0.00011925,0.00011925,Uniaxial,0.0794999971985817
1.3167755474796797e-32,6818.6845703125,6818.6845703125,0.0,0.0,0.0,-0.00061125,0.00012225,0.00012225,-5.293956e-23,6.352747e-22,-1.5881868e-22,0.0,0.0,0.0,0.0,0.0,0.0,5577656.5,-5577656.5,-5577656.5,5577656.5,5577656.5,-5577656.5,-5577656.5,5577656.5,-1.156102e-10,-1.15526956e-10,0.0,0.0,-1.1730368e-10,-1.1722044e-10,0.0,0.0,-1.8115255e-12,3.0192092e-12,1.8115255e-12,-3.0192092e-12,0.0,0.0,0.0,0.0,-22310626.0,4.656613e-10,0.0,-8.0512246e-13,9.6614695e-12,-2.4153674e-12,1e-45,-0.00061125,-0.00061125,1e-45,1e-45,-0.00061125,-0.00061125,1e-45,0.0,0.0,0.00012225,0.00012225,0.0,0.0,0.00012225,0.00012225,0.0,-0.0,-0.0,0.0,0.00012225,0.00012225,0.00012225,0.00012225,Uniaxial,0.08150000125169754
9.875817340781567e-33,7157.4501953125,7157.4501953125,0.0,0.0,0.0,-0.00062625,0.00012525,0.00012525,-1.5881868e-22,-1.0587912e-22,1.5881868e-22,0.0,0.0,0.0,0.0,0.0,0.0,5714531.5,-5714531.5,-5714531.5,5714531.5,5714531.5,-5714531.5,-5714531.5,5714531.5,-5.820766e-11,-5.941535e-11,0.0,0.0,-5.6999978e-11,-5.820766e-11,0.0,0.0,4.162161e-14,-1.2493053e-12,-4.162161e-14,1.2493053e-12,0.0,0.0,0.0,0.0,-22858126.0,2.3283064e-10,0.0,-2.4153674e-12,-1.6102449e-12,2.4153674e-12,-1e-45,-0.00062625,-0.00062625,-1e-45,-1e-45,-0.00062625,-0.00062625,-1e-45,0.0,-0.0,0.00012525,0.00012525,0.0,-0.0,0.00012525,0.00012525,-0.0,0.0,0.0,-0.0,0.00012525,0.00012525,0.00012525,0.00012525,Uniaxial,0.08349999785423279
0.0,7504.4287109375,7504.4287109375,0.0,0.0,0.0,-0.00064125,0.00012825,0.00012825,2.646978e-22,-1.0587912e-22,-4.7645603e-22,0.0,0.0,0.0,0.0,0.0,0.0,5851406.5,-5851406.5,-5851406.5,5851406.5,5851406.5,-5851406.5,-5851406.5,5851406.5,8.0512246e-13,2.8179286e-12,0.0,0.0,-2.8179286e-12,-8.0512246e-13,0.0,0.0,2.2140868e-12,1.4089643e-12,-2.2140868e-12,-1.4089643e-12,0.0,0.0,0.0,0.0,-23405626.0,0.0,0.0,4.0256123e-12,-1.6102449e-12,-7.246102e-12,-0.0,-0.00064125,-0.00064125,-0.0,-0.0,-0.00064125,-0.00064125,-0.0,-0.0,-0.0,0.00012825,0.00012825,-0.0,-0.0,0.00012825,0.00012825,-0.0,-0.0,-0.0,-0.0,0.00012825,0.00012825,0.00012825,0.00012825,Uniaxial,0.08550000190734863
2.6335510949593594e-32,7859.619140625,7859.619140625,0.0,0.0,0.0,-0.00065625,0.00013125,0.00013125,-5.293956e-23,-4.2351647e-22,1.5881868e-22,0.0,0.0,0.0,0.0,0.0,0.0,5988281.5,-5988281.5,-5988281.5,5988281.5,5988281.5,-5988281.5,-5988281.5,5988281.5,5.829091e-11,5.7888343e-11,0.0,0.0,5.852698e-11,5.812442e-11,0.0,0.0,5.2059865e-13,-2.6998913e-12,-5.2059865e-13,2.6998913e-12,0.0,0.0,0.0,0.0,-23953126.0,-2.3283064e-10,0.0,-8.0512246e-13,-6.4409797e-12,2.4153674e-12,0.0,-0.00065625,-0.00065625,0.0,0.0,-0.00065625,-0.00065625,0.0,0.0,0.0,0.00013125,0.00013125,0.0,0.0,0.00013125,0.00013125,0.0,0.0,0.0,0.0,0.00013125,0.00013125,0.00013125,0.00013125,Uniaxial,0.08749999850988388
1.3167755474796797e-32,8223.0224609375,8223.0224609375,0.0,0.0,0.0,-0.00067125,0.00013425,0.00013425,-1.5881868e-22,5.293956e-22,4.7645603e-22,0.0,0.0,0.0,0.0,0.0,0.0,6125156.5,-6125156.5,-6125156.5,6125156.5,6125156.5,-6125156.5,-6125156.5,6125156.5,1.15207635e-10,1.13999955e-10,0.0,0.0,1.188307e-10,1.1762301e-10,0.0,0.0,-2.3616917e-10,-2.3262936e-10,-2.2949212e-10,-2.3303193e-10,0.0,0.0,0.0,0.0,-24500626.0,-4.656613e-10,9.313226e-10,-2.4153674e-12,8.051225e-12,7.246102e-12,1e-45,-0.00067125,-0.00067125,1e-45,1e-45,-0.00067125,-0.00067125,1e-45,-0.0,-0.0,0.00013425,0.00013425,-0.0,-0.0,0.00013425,0.00013425,-0.0,-0.0,-0.0,-0.0,0.00013425,0.00013425,0.00013425,0.00013425,Uniaxial,0.08950000256299973
9.875817340781567e-33,8594.6376953125,8594.6376953125,0.0,0.0,0.0,-0.00068625,0.00013725,0.00013725,3.7057691e-22,-9.529121e-22,-2.646978e-22,0.0,0.0,0.0,0.0,0.0,0.0,6262031.5,-6262031.5,-6262031.5,6262031.5,6262031.5,-6262031.5,-6262031.5,6262031.5,-5.861022e-11,-5.5792294e-11,0.0,0.0,-6.062303e-11,-5.78051e-11,0.0,0.0,-2.2795829e-10,-2.356902e-10,-2.37703e-10,-2.299711e-10,0.0,0.0,0.0,0.0,-25048126.0,2.3283064e-10,9.313226e-10,5.6358572e-12,-1.4492204e-11,-4.0256123e-12,-1e-45,-0.00068625,-0.00068625,-1e-45,-1e-45,-0.00068625,-0.00068625,-1e-45,0.0,0.0,0.00013725,0.00013725,0.0,0.0,0.00013725,0.00013725,-0.0,0.0,0.0,-0.0,0.00013725,0.00013725,0.00013725,0.00013725,Uniaxial,0.09149999916553497
2.9627450552976763e-32,8974.4658203125,8974.4658203125,0.0,0.0,0.0,-0.00070125,0.00014025,0.00014025,-5.293956e-23,0.0,5.293956e-23,0.0,0.0,0.0,0.0,0.0,0.0,6398906.5,-6398906.5,-6398906.5,6398906.5,6398906.5,-6398906.5,-6398906.5,6398906.5,1.1690113e-10,1.1649856e-10,0.0,0.0,1.16332076e-10,1.15929516e-10,0.0,0.0,2.3287228e-10,2.3190065e-10,2.3278902e-10,2.3376062e-10,0.0,0.0,0.0,0.0,-25595626.0,-4.656613e-10,-9.313226e-10,-8.0512246e-13,0.0,8.0512246e-13,-0.0,-0.00070125,-0.00070125,-0.0,-0.0,-0.00070125,-0.00070125,-0.0,-0.0,-0.0,0.00014025,0.00014025,-0.0,-0.0,0.00014025,0.00014025,-0.0,-0.0,-0.0,-0.0,0.00014025,0.00014025,0.00014025,0.00014025,Uniaxial,0.09350000321865082
1.6459695078179966e-32,9362.5068359375,9362.5068359375,0.0,0.0,0.0,-0.00071625,0.00014325,0.00014325,2.646978e-22,4.2351647e-22,-1.5881868e-22,0.0,0.0,0.0,0.0,0.0,0.0,6535781.5,-6535781.5,-6535781.5,6535781.5,6535781.5,-6535781.5,-6535781.5,6535781.5,-1.1681789e-10,-1.14805075e-10,0.0,0.0,-1.1802556e-10,-1.1601276e-10,0.0,0.0,-2.776964e-13,1.9711845e-12,2.776964e-13,-1.9711845e-12,0.0,0.0,0.0,0.0,-26143126.0,4.656613e-10,0.0,4.0256123e-12,6.4409797e-12,-2.4153674e-12,0.0,-0.00071625,-0.00071625,0.0,0.0,-0.00071625,-0.00071625,0.0,0.0,0.0,0.00014325,0.00014325,0.0,0.0,0.00014325,0.00014325,0.0,0.0,1e-45,0.0,0.00014325,0.00014325,0.00014325,0.00014325,Uniaxial,0.09549999982118607
4.279520602777356e-32,9758.759765625,9758.759765625,0.0,0.0,0.0,-0.00073125,0.00014625,0.00014625,-1.5881868e-22,-1.0587912e-22,-5.293956e-23,0.0,0.0,0.0,0.0,0.0,0.0,6672656.5,-6672656.5,-6672656.5,6672656.5,6672656.5,-6672656.5,-6672656.5,6672656.5,8.0512246e-13,-4.0256123e-13,0.0,0.0,4.0256123e-13,-8.0512246e-13,0.0,0.0,1.818353e-12,4.162161e-14,-1.818353e-12,-4.162161e-14,0.0,0.0,0.0,0.0,-26690626.0,0.0,0.0,-2.4153674e-12,-1.6102449e-12,-8.0512246e-13,1e-45,-0.00073125,-0.00073125,1e-45,1e-45,-0.00073125,-0.00073125,1e-45,-0.0,-0.0,0.00014625,0.00014625,-0.0,-0.0,0.00014625,0.00014625,-0.0,-0.0,-0.0,-0.0,0.00014625,0.00014625,0.00014625,0.00014625,Uniaxial,0.09749999642372131
1.6459695078179966e-32,10163.2255859375,10163.2255859375,0.0,0.0,0.0,-0.00074625,0.00014925,0.00014925,1.5881868e-22,-4.2351647e-22,5.293956e-23,0.0,0.0,0.0,0.0,0.0,0.0,6809531.5,-6809531.5,-6809531.5,6809531.5,6809531.5,-6809531.5,-6809531.5,6809531.5,5.7402538e-11,5.861022e-11,0.0,0.0,5.78051e-11,5.901278e-11,0.0,0.0,1.6518666e-12,-2.5402321e-12,-1.6518666e-12,2.5402321e-12,0.0,0.0,0.0,0.0,-27238126.0,-2.3283064e-10,0.0,2.4153674e-12,-6.4409797e-12,8.0512246e-13,-1e-45,-0.00074625,-0.00074625,-1e-45,-1e-45,-0.00074625,-0.00074625,-1e-45,0.0,0.0,0.00014925,0.00014925,0.0,0.0,0.00014925,0.00014925,0.0,0.0,0.0,0.0,0.00014925,0.00014925,0.00014925,0.00014925,Uniaxial,0.09950000047683716
2.9627450552976763e-32,10575.9033203125,10575.9033203125,0.0,0.0,0.0,-0.00076125,0.00015225,0.00015225,-1.5881868e-22,-1.0587912e-22,-2.646978e-22,0.0,0.0,0.0,0.0,0.0,0.0,6946406.5,-6946406.5,-6946406.5,6946406.5,6946406.5,-6946406.5,-6946406.5,6946406.5,6.030371e-11,5.909603e-11,0.0,0.0,5.7319295e-11,5.6111612e-11,0.0,0.0,1.6518666e-12,-1.2486483e-13,-1.6518666e-12,1.2486483e-13,0.0,0.0,0.0,0.0,-27785626.0,-2.3283064e-10,0.0,-2.4153674e-12,-1.6102449e-12,-4.0256123e-12,-1e-45,-0.00076125,-0.00076125,-1e-45,-1e-45,-0.00076125,-0.00076125,-1e-45,-0.0,-0.0,0.00015225,0.00015225,-0.0,-0.0,0.00015225,0.00015225,-0.0,-0.0,-0.0,-0.0,0.00015225,0.00015225,0.00015225,0.00015225,Uniaxial,0.1014999970793724
2.9627450552976763e-32,10996.7939453125,10996.7939453125,0.0,0.0,0.0,-0.00077625,0.00015525,0.00015525,-2.646978e-22,1.0587912e-22,6.8821427e-22,0.0,0.0,0.0,0.0,0.0,0.0,7083281.5,-7083281.5,-7083281.5,7083281.5,7083281.5,-7083281.5,-7083281.5,7083281.5,-1.1851137e-10,-1.2052417e-10,0.0,0.0,-1.1230647e-10,-1.1431927e-10,0.0,0.0,-2.2905026e-12,-2.456989e-12,2.2905026e-12,2.456989e-12,0.0,0.0,0.0,0.0,-28333126.0,4.656613e-10,0.0,-4.0256123e-12,1.6102449e-12,1.0466592e-11,3e-45,-0.00077625,-0.00077625,3e-45,3e-45,-0.00077625,-0.00077625,3e-45,0.0,0.0,0.00015525,0.00015525,0.0,0.0,0.00015525,0.00015525,0.0,0.0,0.0,0.0,0.00015525,0.00015525,0.00015525,0.00015525,Uniaxial,0.10350000113248825
1.6459695078179966e-32,11425.8974609375,11425.8974609375,0.0,0.0,0.0,-0.00079125,0.00015825,0.00015825,2.646978e-22,0.0,-4.7645603e-22,0.0,0.0,0.0,0.0,0.0,0.0,7220156.5,-7220156.5,-7220156.5,7220156.5,7220156.5,-7220156.5,-7220156.5,7220156.5,8.0512246e-13,2.8179286e-12,0.0,0.0,-2.8179286e-12,-8.0512246e-13,0.0,0.0,2.5402321e-12,1.5686233e-12,-2.5402321e-12,-1.5686233e-12,0.0,0.0,0.0,0.0,-28880626.0,0.0,0.0,4.0256123e-12,0.0,-7.246102e-12,-1e-45,-0.00079125,-0.00079125,-1e-45,-1e-45,-0.00079125,-0.00079125,-1e-45,-1e-45,-1e-45,0.00015825,0.00015825,-1e-45,-1e-45,0.00015825,0.00015825,-1e-45,-1e-45,-1e-45,-1e-45,0.00015825,0.00015825,0.00015825,0.00015825,Uniaxial,0.1054999977350235
1.6459695078179966e-32,11863.212890625,11863.212890625,0.0,0.0,0.0,-0.00080625,0.00016125,0.00016125,5.293956e-23,-5.293956e-22,-5.293956e-23,0.0,0.0,0.0,0.0,0.0,0.0,7357031.5,-7357031.5,-7357031.5,7357031.5,7357031.5,-7357031.5,-7357031.5,7357031.5,5.820766e-11,5.861022e-11,0.0,0.0,5.78051e-11,5.820766e-11,0.0,0.0,2.9427934e-12,-2.0544278e-12,-2.9427934e-12,2.0544278e-12,0.0,0.0,0.0,0.0,-29428126.0,-2.3283064e-10,0.0,8.0512246e-13,-8.051225e-12,-8.0512246e-13,0.0,-0.00080625,-0.00080625,0.0,0.0,-0.00080625,-0.00080625,0.0,0.0,0.0,0.00016125,0.00016125,0.0,0.0,0.00016125,0.00016125,1e-45,1e-45,0.0,0.0,0.00016125,0.00016125,0.00016125,0.00016125,Uniaxial,0.10750000178813934
3.62113297597431e-32,12308.7412109375,12308.7412109375,0.0,0.0,0.0,-0.00082125,0.00016425,0.00016425,-5.293956e-23,-1.0587912e-22,3.7057691e-22,0.0,0.0,0.0,0.0,0.0,0.0,7493906.5,-7493906.5,-7493906.5,7493906.5,7493906.5,-7493906.5,-7493906.5,7493906.5,-1.7583067e-10,-1.7623322e-10,0.0,0.0,-1.7301274e-10,-1.734153e-10,0.0,0.0,-2.3310834e-10,-2.353709e-10,-2.3255295e-10,-2.3029041e-10,0.0,0.0,0.0,0.0,-29975626.0,6.9849193e-10,9.313226e-10,-8.0512246e-13,-1.6102449e-12,5.6358572e-12,-0.0,-0.00082125,-0.00082125,-0.0,-0.0,-0.00082125,-0.00082125,-0.0,-0.0,-0.0,0.00016425,0.00016425,-0.0,-0.0,0.00016425,0.00016425,-0.0,-0.0,-0.0,-0.0,0.00016425,0.00016425,0.00016425,0.00016425,Uniaxial,0.10949999839067459
3.950326936312627e-32,12762.4814453125,12762.4814453125,0.0,0.0,0.0,-0.00083625,0.00016725,0.00016725,-5.293956e-23,0.0,-2.646978e-22,0.0,0.0,0.0,0.0,0.0,0.0,7630781.5,-7630781.5,-7630781.5,7630781.5,7630781.5,-7630781.5,-7630781.5,7630781.5,1.1762301e-10,1.1722044e-10,0.0,0.0,1.156102e-10,1.15207635e-10,0.0,0.0,1.4922075e-12,3.4794172e-14,-1.4922075e-12,-3.4794172e-14,0.0,0.0,0.0,0.0,-30523126.0,-4.656613e-10,0.0,-8.0512246e-13,0.0,-4.0256123e-12,-0.0,-0.00083625,-0.00083625,-0.0,-0.0,-0.00083625,-0.00083625,-0.0,-0.0,-0.0,0.00016725,0.00016725,-0.0,-0.0,0.00016725,0.00016725,-0.0,-0.0,0.0,0.0,0.00016725,0.00016725,0.00016725,0.00016725,Uniaxial,0.11150000244379044
4.93790852345399e-32,13223.35546875,13102.2470703125,0.0,0.0,0.0,-0.00085125,0.00017284098,0.00017284098,-4.7645603e-22,-2.1175824e-22,1.0058516e-21,-3.9417173e-06,3.3799315e-06,3.3799315e-06,-3.4063807e-24,-1.5139469e-24,7.191248e-24,7731691.0,-7731691.0,-7731691.0,7731691.0,7731691.0,-7731691.0,-7731691.0,7731691.0,7.58025,7.58025,0.0,0.0,7.58025,7.58025,0.0,0.0,7.58025,7.58025,7.58025,7.58025,0.0,0.0,0.0,0.0,-30926764.0,-30.321,-30.321,-7.194297e-12,-3.1974653e-12,1.518796e-11,2.380065e-33,-0.00085125,-0.00085125,2.380065e-33,2.380065e-33,-0.00085125,-0.00085125,2.380065e-33,5.644783e-34,5.644783e-34,0.00017284098,0.00017284098,5.644783e-34,5.644783e-34,0.00017284098,0.00017284098,5.644783e-34,5.644783e-34,5.644783e-34,5.644783e-34,0.00017284098,0.00017284098,0.00017284098,0.00017284098,Uniaxial,0.11349999904632568
7.571459618413349e-32,13689.1103515625,13312.5654296875,0.0,0.0,0.0,-0.00086625,0.00018124883,0.00018124883,-5.293956e-23,-2.1175824e-22,-1.9587637e-21,-1.2168237e-05,1.0433982e-05,1.0433982e-05,-4.149029e-24,-4.6026768e-24,-2.1586242e-23,7793503.5,-7793503.5,-7793503.5,7793503.5,7793503.5,-7793503.5,-7793503.5,7793503.5,18.983374,18.983374,0.0,0.0,18.983374,18.983374,0.0,0.0,18.983374,18.983374,18.983374,18.983374,0.0,0.0,0.0,0.0,-31174014.0,-75.933495,-75.933495,-7.4202265e-13,-3.1504907e-12,-2.946124e-11,3.6922696e-33,-0.00086625,-0.00086625,3.6922696e-33,3.6922696e-33,-0.00086625,-0.00086625,3.6922696e-33,8.971054e-34,8.971054e-34,0.00018124883,0.00018124883,8.971054e-34,8.971054e-34,0.00018124883,0.00018124883,8.971054e-34,8.971054e-34,8.971054e-34,8.971054e-34,0.00018124883,0.00018124883,0.00018124883,0.00018124883,Uniaxial,0.11550000309944153
6.913071697736715e-32,14158.5439453125,13521.08984375,0.0,0.0,0.0,-0.00088125,0.0001897316,0.0001897316,-5.293956e-23,-2.1175824e-22,-6.8821427e-22,-2.0505175e-05,1.7582712e-05,1.7582712e-05,-4.869871e-24,-7.662922e-24,-3.152647e-23,7854297.0,-7854297.0,-7854297.0,7854297.0,7854297.0,-7854297.0,-7854297.0,7854297.0,1.0438318,1.0438318,0.0,0.0,1.0438318,1.0438318,0.0,0.0,1.0438318,1.0438318,1.0438318,1.0438318,0.0,0.0,0.0,0.0,-31417188.0,-4.1753273,-4.1753273,-7.3105985e-13,-3.1039496e-12,-9.987127e-12,8.9499155e-34,-0.00088125,-0.00088125,8.9499155e-34,8.9499155e-34,-0.00088125,-0.00088125,8.9499155e-34,2.081567e-34,2.081567e-34,0.0001897316,0.0001897316,2.081567e-34,2.081567e-34,0.0001897316,0.0001897316,2.081567e-34,2.081567e-34,2.081567e-34,2.081567e-34,0.0001897316,0.0001897316,0.0001897316,0.0001897316,Uniaxial,0.11749999970197678
6.254684364807257e-32,14631.626953125,13731.3857421875,0.0,0.0,0.0,-0.00089625,0.00019820989,0.00019820989,-5.293956e-23,2.1175824e-22,1.4293681e-21,-2.8837365e-05,2.4727371e-05,2.4727371e-05,-5.5742166e-24,-4.4789653e-24,-1.0276697e-23,7915140.5,-7915140.5,-7915140.5,7915140.5,7915140.5,-7915140.5,-7915140.5,7915140.5,0.0036707837,0.0036707837,0.0,0.0,0.0036707837,0.0036707837,0.0,0.0,0.0036707837,0.0036707837,0.0036707837,0.0036707837,0.0,0.0,0.0,0.0,-31660562.0,-0.014683135,-0.014683135,-7.2034793e-13,3.2886075e-12,2.1894597e-11,-5.3356343e-35,-0.00089625,-0.00089625,-5.3356343e-35,-5.3356343e-35,-0.00089625,-0.00089625,-5.3356343e-35,-1.2196058e-35,-1.2196058e-35,0.00019820989,0.00019820989,-1.2196058e-35,-1.2196058e-35,0.00019820989,0.00019820989,-1.2196058e-35,-1.2196058e-35,-1.2196058e-35,-1.2196058e-35,0.00019820989,0.00019820989,0.00019820989,0.00019820989,Uniaxial,0.11949999630451202
5.267102189918719e-32,15108.361328125,13943.3212890625,0.0,0.0,0.0,-0.00091125,0.00020668775,0.00020668775,-5.293956e-23,-6.352747e-22,-1.5352472e-21,-3.7169e-05,3.1871554e-05,3.1871554e-05,-6.2629777e-24,-1.3590057e-23,-3.223663e-23,7975989.0,-7975989.0,-7975989.0,7975989.0,7975989.0,-7975989.0,-7975989.0,7975989.0,-0.004521319,-0.004521319,0.0,0.0,-0.004521319,-0.004521319,0.0,0.0,-0.00452132,-0.00452132,-0.00452132,-0.00452132,0.0,0.0,0.0,0.0,-31903956.0,0.018085277,0.01808528,-7.09873e-13,-9.454788e-12,-2.2858286e-11,-5.359428e-36,-0.00091125,-0.00091125,-5.359428e-36,-5.359428e-36,-0.00091125,-0.00091125,-5.359428e-36,-1.2250444e-36,-1.2250444e-36,0.00020668775,0.00020668775,-1.2250444e-36,-1.2250444e-36,0.00020668775,0.00020668775,-1.2250444e-36,-1.2250444e-36,-1.2250444e-36,-1.2250444e-36,0.00020668775,0.00020668775,0.00020668775,0.00020668775,Uniaxial,0.12150000035762787
7.900653872625254e-32,15588.74609375,14156.880859375,0.0,0.0,0.0,-0.00092625,0.0002151656,0.0002151656,-5.293956e-23,-2.1175824e-22,1.8528846e-21,-4.5500616e-05,3.901572e-05,3.901572e-05,-6.936657e-24,-1.6480535e-23,-5.2729238e-24,8036838.0,-8036838.0,-8036838.0,8036838.0,8036838.0,-8036838.0,-8036838.0,8036838.0,-0.00029822768,-0.00029822768,0.0,0.0,-0.00029822768,-0.00029822768,0.0,0.0,-0.00029822675,-0.00029822678,-0.00029822675,-0.00029822675,0.0,0.0,0.0,0.0,-32147352.0,0.0011929107,0.001192907,-6.996275e-13,-2.9698483e-12,2.8259478e-11,-1.6566023e-37,-0.00092625,-0.00092625,-1.6566023e-37,-1.6566023e-37,-0.00092625,-0.00092625,-1.6566023e-37,-3.7866193e-38,-3.7866193e-38,0.0002151656,0.0002151656,-3.7866193e-38,-3.7866193e-38,0.0002151656,0.0002151656,-3.7866193e-38,-3.7866193e-38,-3.7866193e-38,-3.7866193e-38,0.0002151656,0.0002151656,0.0002151656,0.0002151656,Uniaxial,0.12349999696016312
6.254684364807257e-32,16072.78125,14372.0625,0.0,0.0,0.0,-0.00094125,0.00022364344,0.00022364344,-5.293956e-23,-2.1175824e-22,-6.8821427e-22,-5.3832235e-05,4.6159883e-05,4.6159883e-05,-7.595694e-24,-1.9278233e-23,-1.4875468e-23,8097687.0,-8097687.0,-8097687.0,8097687.0,8097687.0,-8097687.0,-8097687.0,8097687.0,9.731377e-06,9.731377e-06,0.0,0.0,9.731371e-06,9.731371e-06,0.0,0.0,9.731377e-06,9.731374e-06,9.73137e-06,9.731372e-06,0.0,0.0,0.0,0.0,-32390748.0,-3.8925496e-05,-3.8925493e-05,-6.896046e-13,-2.9273001e-12,-1.0240361e-11,3.531631e-39,-0.00094125,-0.00094125,3.531631e-39,3.531631e-39,-0.00094125,-0.00094125,3.531631e-39,8.0725e-40,8.0725e-40,0.00022364344,0.00022364344,8.0725e-40,8.0725e-40,0.00022364344,0.00022364344,8.07252e-40,8.07252e-40,8.07252e-40,8.07252e-40,0.00022364344,0.00022364344,0.00022364344,0.00022364344,Uniaxial,0.12549999356269836
3.950326936312627e-32,16560.46875,14588.8681640625,0.0,0.0,0.0,-0.00095625,0.00023212128,0.00023212128,3.7057691e-22,2.1175824e-22,-2.646978e-22,-6.2163854e-05,5.3304047e-05,5.3304047e-05,-2.2480207e-24,-1.6022934e-23,-1.8457392e-23,8158536.0,-8158536.0,-8158536.0,8158536.0,8158536.0,-8158536.0,-8158536.0,8158536.0,-3.083304e-05,-3.0833035e-05,0.0,0.0,-3.083304e-05,-3.083304e-05,0.0,0.0,-3.0832107e-05,-3.0832107e-05,-3.083211e-05,-3.083211e-05,0.0,0.0,0.0,0.0,-32634144.0,0.00012333215,0.00012332844,5.670046e-12,3.4641719e-12,-3.7449063e-12,-8.327342e-39,-0.00095625,-0.00095625,-8.327342e-39,-8.327342e-39,-0.00095625,-0.00095625,-8.327342e-39,-1.903443e-39,-1.903443e-39,0.00023212128,0.00023212128,-1.903443e-39,-1.903443e-39,0.00023212128,0.00023212128,-1.903443e-39,-1.903443e-39,-1.903443e-39,-1.903443e-39,0.00023212128,0.00023212128,0.00023212128,0.00023212128,Uniaxial,0.1274999976158142
4.608714563115673e-32,17051.806640625,14807.296875,0.0,0.0,0.0,-0.00097125,0.00024059911,0.00024059911,-5.293956e-23,-2.1175824e-22,1.0058516e-21,-7.0495465e-05,6.0448212e-05,6.0448212e-05,-2.933809e-24,-1.8756283e-23,-4.0874197e-24,8219385.0,-8219385.0,-8219385.0,8219385.0,8219385.0,-8219385.0,-8219385.0,8219385.0,-4.6212626e-05,-4.6212626e-05,0.0,0.0,-4.621262e-05,-4.621262e-05,0.0,0.0,-4.6214016e-05,-4.621402e-05,-4.6214012e-05,-4.621401e-05,0.0,0.0,0.0,0.0,-32877540.0,0.00018485049,0.00018485606,-7.6050413e-13,-2.935238e-12,1.535949e-11,-9.955156e-39,-0.00097125,-0.00097125,-9.955156e-39,-9.955156e-39,-0.00097125,-0.00097125,-9.955156e-39,-2.275525e-39,-2.275525e-39,0.00024059911,0.00024059911,-2.275525e-39,-2.275525e-39,0.00024059911,0.00024059911,-2.275524e-39,-2.275524e-39,-2.275524e-39,-2.275524e-39,0.00024059911,0.00024059911,0.00024059911,0.00024059911,Uniaxial,0.12950000166893005
1.7118082411109424e-31,17546.794921875,15027.3486328125,0.0,0.0,0.0,-0.00098625,0.00024907695,0.00024907695,3.7057691e-22,-6.352747e-22,-6.8821427e-22,-7.8827085e-05,6.759237e-05,6.759237e-05,2.271177e-24,-2.7366617e-23,-1.3556608e-23,8280234.0,-8280234.0,-8280234.0,8280234.0,8280234.0,-8280234.0,-8280234.0,8280234.0,-5.404161e-05,-5.4041608e-05,0.0,0.0,-5.4041615e-05,-5.404161e-05,0.0,0.0,-5.4041604e-05,-5.404161e-05,-5.4041615e-05,-5.404161e-05,0.0,0.0,0.0,0.0,-33120936.0,0.00021616645,0.00021616645,5.6013163e-12,-9.245269e-12,-1.0260418e-11,-9.69549e-39,-0.00098625,-0.00098625,-9.69549e-39,-9.69549e-39,-0.00098625,-0.00098625,-9.69549e-39,-2.21617e-39,-2.21617e-39,0.00024907695,0.00024907695,-2.21617e-39,-2.21617e-39,0.00024907695,0.00024907695,-2.216172e-39,-2.216172e-39,-2.216172e-39,-2.216172e-39,0.00024907695,0.00024907695,0.00024907695,0.00024907695,Uniaxial,0.1315000057220459
1.448453190389724e-31,18045.43359375,15249.0224609375,0.0,0.0,0.0,-0.00100125,0.00025755478,0.00025755478,3.7057691e-22,2.1175824e-22,-2.646978e-22,-8.71587e-05,7.4736534e-05,7.4736534e-05,7.395535e-24,-2.4098415e-23,-1.707986e-23,8341083.0,-8341083.0,-8341083.0,8341083.0,8341083.0,-8341083.0,-8341083.0,8341083.0,-6.142366e-05,-6.1423656e-05,0.0,0.0,-6.142366e-05,-6.142366e-05,0.0,0.0,-6.142366e-05,-6.142366e-05,-6.142366e-05,-6.142366e-05,0.0,0.0,0.0,0.0,-33364332.0,0.00024569465,0.00024569465,5.5233834e-12,3.5869866e-12,-3.765856e-12,-9.452641e-39,-0.00100125,-0.00100125,-9.452641e-39,-9.452641e-39,-0.00100125,-0.00100125,-9.452641e-39,-2.160661e-39,-2.160661e-39,0.00025755478,0.00025755478,-2.160661e-39,-2.160661e-39,0.00025755478,0.00025755478,-2.16066e-39,-2.16066e-39,-2.16066e-39,-2.16066e-39,0.00025755478,0.00025755478,0.00025755478,0.00025755478,Uniaxial,0.13349999487400055
1.448453190389724e-31,18547.724609375,15472.3203125,0.0,0.0,0.0,-0.00101625,0.00026603264,0.00026603264,-4.7645603e-22,2.1175824e-22,5.8233515e-22,-9.549032e-05,8.1880695e-05,8.1880695e-05,7.7008394e-25,-2.0840504e-23,-8.858121e-24,8401932.0,-8401932.0,-8401932.0,8401932.0,8401932.0,-8401932.0,-8401932.0,8401932.0,-6.856029e-05,-6.85603e-05,0.0,0.0,-6.8560286e-05,-6.856029e-05,0.0,0.0,-6.856215e-05,-6.856215e-05,-6.856214e-05,-6.856215e-05,0.0,0.0,0.0,0.0,-33607730.0,0.00027424117,0.0002742486,-7.2578137e-12,3.5374392e-12,8.991064e-12,-9.246517e-39,-0.00101625,-0.00101625,-9.246517e-39,-9.246517e-39,-0.00101625,-0.00101625,-9.246517e-39,-2.113545e-39,-2.113545e-39,0.00026603264,0.00026603264,-2.113545e-39,-2.113545e-39,0.00026603264,0.00026603264,-2.113546e-39,-2.113546e-39,-2.113546e-39,-2.113546e-39,0.00026603264,0.00026603264,0.00026603264,0.00026603264,Uniaxial,0.1354999989271164
1.448453190389724e-31,19053.666015625,15697.2412109375,0.0,0.0,0.0,-0.00103125,0.00027451047,0.00027451047,-5.293956e-23,-6.352747e-22,1.5881868e-22,-0.000103821934,8.9024856e-05,8.9024856e-05,4.5643677e-27,-2.9210087e-23,-6.529387e-24,8462781.0,-8462781.0,-8462781.0,8462781.0,8462781.0,-8462781.0,-8462781.0,8462781.0,-7.531954e-05,-7.531954e-05,0.0,0.0,-7.531954e-05,-7.531954e-05,0.0,0.0,-7.5319535e-05,-7.531954e-05,-7.531954e-05,-7.5319535e-05,0.0,0.0,0.0,0.0,-33851124.0,0.00030127817,0.00030127814,-8.051919e-13,-9.217233e-12,2.5146684e-12,-9.048315e-39,-0.00103125,-0.00103125,-9.048315e-39,-9.048315e-39,-0.00103125,-0.00103125,-9.048315e-39,-2.068241e-39,-2.068241e-39,0.00027451047,0.00027451047,-2.068241e-39,-2.068241e-39,0.00027451047,0.00027451047,-2.068241e-39,-2.068241e-39,-2.068241e-39,-2.068241e-39,0.00027451047,0.00027451047,0.00027451047,0.00027451047,Uniaxial,0.13750000298023224
3.0285838473653397e-31,19563.2578125,15923.78515625,0.0,0.0,0.0,-0.00104625,0.0002829883,0.0002829883,-5.293956e-23,2.1175824e-22,-1.5352472e-21,-0.00011215355,9.616902e-05,9.616902e-05,-7.166656e-25,-2.5985673e-23,-2.7234407e-23,8523630.0,-8523630.0,-8523630.0,8523630.0,8523630.0,-8523630.0,-8523630.0,8523630.0,-8.1699e-05,-8.1699e-05,0.0,0.0,-8.169901e-05,-8.169901e-05,0.0,0.0,-8.169713e-05,-8.169713e-05,-8.1697144e-05,-8.1697144e-05,0.0,0.0,0.0,0.0,-34094520.0,0.000326796,0.00032678855,-7.942232e-13,3.6156887e-12,-2.2934361e-11,-8.855195e-39,-0.00104625,-0.00104625,-8.855195e-39,-8.855195e-39,-0.00104625,-0.00104625,-8.855195e-39,-2.024099e-39,-2.024099e-39,0.0002829883,0.0002829883,-2.024099e-39,-2.024099e-39,0.0002829883,0.0002829883,-2.024099e-39,-2.024099e-39,-2.024099e-39,-2.024099e-39,0.0002829883,0.0002829883,0.0002829883,0.0002829883,Uniaxial,0.13950000703334808
2.896906380779448e-31,20076.501953125,16151.9521484375,0.0,0.0,0.0,-0.00106125,0.00029146613,0.00029146613,-5.293956e-23,-6.352747e-22,2.6999175e-21,-0.00012048517,0.00010331318,0.00010331318,-1.422956e-24,-3.41689e-23,9.362588e-24,8584479.0,-8584479.0,-8584479.0,8584479.0,8584479.0,-8584479.0,-8584479.0,8584479.0,-8.771792e-05,-8.771792e-05,0.0,0.0,-8.77179e-05,-8.77179e-05,0.0,0.0,-8.7719774e-05,-8.771978e-05,-8.771976e-05,-8.771975e-05,0.0,0.0,0.0,0.0,-34337916.0,0.00035087162,0.00035087907,-7.834817e-13,-9.1418175e-12,4.0918855e-11,-8.667394e-39,-0.00106125,-0.00106125,-8.667394e-39,-8.667394e-39,-0.00106125,-0.00106125,-8.667394e-39,-1.981173e-39,-1.981173e-39,0.00029146613,0.00029146613,-1.981173e-39,-1.981173e-39,0.00029146613,0.00029146613,-1.98117e-39,-1.98117e-39,-1.98117e-39,-1.98117e-39,0.00029146613,0.00029146613,0.00029146613,0.00029146613,Uniaxial,0.14149999618530273
1.0534204379837438e-31,20593.396484375,16381.7421875,0.0,0.0,0.0,-0.00107625,0.000299944,0.000299944,-5.293956e-23,2.1175824e-22,-1.9587637e-21,-0.00012881678,0.00011045733,0.00011045733,-2.1148546e-24,-3.092267e-23,-1.6758455e-23,8645328.0,-8645328.0,-8645328.0,8645328.0,8645328.0,-8645328.0,-8645328.0,8645328.0,-9.3398725e-05,-9.339873e-05,0.0,0.0,-9.339874e-05,-9.339874e-05,0.0,0.0,-9.339873e-05,-9.339873e-05,-9.339875e-05,-9.339875e-05,0.0,0.0,0.0,0.0,-34581310.0,0.00037359493,0.00037359496,-7.7295906e-13,3.690772e-12,-2.9534663e-11,-8.484855e-39,-0.00107625,-0.00107625,-8.484855e-39,-8.484855e-39,-0.00107625,-0.00107625,-8.484855e-39,-1.939445e-39,-1.939445e-39,0.000299944,0.000299944,-1.939445e-39,-1.939445e-39,0.000299944,0.000299944,-1.939449e-39,-1.939449e-39,-1.939449e-39,-1.939449e-39,0.000299944,0.000299944,0.000299944,0.000299944,Uniaxial,0.14350000023841858
9.217429126231346e-32,21113.94140625,16613.154296875,0.0,0.0,0.0,-0.00109125,0.00030842182,0.00030842182,-5.293956e-23,2.1175824e-22,5.8233515e-22,-0.00013714841,0.00011760149,0.00011760149,-2.7927532e-24,-2.768608e-23,-8.936019e-24,8706177.0,-8706177.0,-8706177.0,8706177.0,8706177.0,-8706177.0,-8706177.0,8706177.0,-9.875977e-05,-9.8759774e-05,0.0,0.0,-9.875977e-05,-9.875977e-05,0.0,0.0,-9.875977e-05,-9.875977e-05,-9.875976e-05,-9.875977e-05,0.0,0.0,0.0,0.0,-34824708.0,0.00039503907,0.00039503907,-7.6264933e-13,3.641549e-12,8.992249e-12,-8.307393e-39,-0.00109125,-0.00109125,-8.307393e-39,-8.307393e-39,-0.00109125,-0.00109125,-8.307393e-39,-1.898883e-39,-1.898883e-39,0.00030842182,0.00030842182,-1.898883e-39,-1.898883e-39,0.00030842182,0.00030842182,-1.898883e-39,-1.898883e-39,-1.898883e-39,-1.898883e-39,0.00030842182,0.00030842182,0.00030842182,0.00030842182,Uniaxial,0.14550000429153442
5.267102189918719e-32,21638.13671875,16846.19140625,0.0,0.0,0.0,-0.00110625,0.00031689965,0.00031689965,-4.7645603e-22,2.1175824e-22,-1.1117307e-21,-0.00014548002,0.00012474565,0.00012474565,-9.039081e-24,-2.4514255e-23,-2.3432725e-23,8767026.0,-8767026.0,-8767026.0,8767026.0,8767026.0,-8767026.0,-8767026.0,8767026.0,-0.00010381281,-0.00010381282,0.0,0.0,-0.00010381282,-0.000103812825,0.0,0.0,-0.000103810955,-0.000103810955,-0.00010381096,-0.00010381096,0.0,0.0,0.0,0.0,-35068104.0,0.00041525127,0.00041524382,-7.1086327e-12,3.5933108e-12,-1.65512e-11,-8.134837e-39,-0.00110625,-0.00110625,-8.134837e-39,-8.134837e-39,-0.00110625,-0.00110625,-8.134837e-39,-1.85944e-39,-1.85944e-39,0.00031689965,0.00031689965,-1.85944e-39,-1.85944e-39,0.00031689965,0.00031689965,-1.85944e-39,-1.85944e-39,-1.85944e-39,-1.85944e-39,0.00031689965,0.00031689965,0.00031689965,0.00031689965,Uniaxial,0.14749999344348907
3.950326936312627e-32,22165.984375,17080.849609375,0.0,0.0,0.0,-0.00112125,0.00032537748,0.00032537748,-5.293956e-23,-2.1175824e-22,1.8528846e-21,-0.00015381163,0.0001318898,0.0001318898,-9.644431e-24,-2.6949814e-23,1.0581971e-24,8827875.0,-8827875.0,-8827875.0,8827875.0,8827875.0,-8827875.0,-8827875.0,8827875.0,-0.00010857474,-0.00010857474,0.0,0.0,-0.00010857473,-0.00010857473,0.0,0.0,-0.00010857474,-0.00010857474,-0.000108574735,-0.00010857473,0.0,0.0,0.0,0.0,-35311500.0,0.00043429894,0.00043429894,-6.584467e-13,-2.810628e-12,2.8163192e-11,-7.967008e-39,-0.00112125,-0.00112125,-7.967008e-39,-7.967008e-39,-0.00112125,-0.00112125,-7.967008e-39,-1.82108e-39,-1.82108e-39,0.00032537748,0.00032537748,-1.82108e-39,-1.82108e-39,0.00032537748,0.00032537748,-1.821077e-39,-1.821077e-39,-1.821077e-39,-1.821077e-39,0.00032537748,0.00032537748,0.00032537748,0.00032537748,Uniaxial,0.14949999749660492
1.448453190389724e-31,22697.482421875,17317.1328125,0.0,0.0,0.0,-0.00113625,0.0003338553,0.0003338553,-5.293956e-23,-2.1175824e-22,5.8233515e-22,-0.00016214325,0.00013903396,0.00013903396,-1.0210333e-23,-2.9364678e-23,8.736294e-24,8888724.0,-8888724.0,-8888724.0,8888724.0,8888724.0,-8888724.0,-8888724.0,8888724.0,-0.00011305389,-0.00011305389,0.0,0.0,-0.00011305388,-0.00011305388,0.0,0.0,-0.00011305388,-0.00011305388,-0.00011305387,-0.00011305387,0.0,0.0,0.0,0.0,-35554896.0,0.00045221552,0.00045221552,-6.498403e-13,-2.773902e-12,8.723483e-12,-7.803774e-39,-0.00113625,-0.00113625,-7.803774e-39,-7.803774e-39,-0.00113625,-0.00113625,-7.803774e-39,-1.783766e-39,-1.783766e-39,0.0003338553,0.0003338553,-1.783766e-39,-1.783766e-39,0.0003338553,0.0003338553,-1.783767e-39,-1.783767e-39,-1.783767e-39,-1.783767e-39,0.0003338553,0.0003338553,0.0003338553,0.0003338553,Uniaxial,0.15150000154972076
1.1850980221190705e-31,23232.630859375,17555.037109375,0.0,0.0,0.0,-0.00115125,0.00034233314,0.00034233314,-5.293956e-23,2.1175824e-22,-1.1117307e-21,-0.00017047487,0.0001461781,0.0001461781,-1.07649545e-23,-2.6262465e-23,-5.6966963e-24,8949573.0,-8949573.0,-8949573.0,8949573.0,8949573.0,-8949573.0,-8949573.0,8949573.0,-0.00011727073,-0.000117270734,0.0,0.0,-0.000117270734,-0.00011727074,0.0,0.0,-0.0001172726,-0.00011727259,-0.000117272604,-0.000117272604,0.0,0.0,0.0,0.0,-35798292.0,0.00046908294,0.0004690904,-6.4140544e-13,3.6198982e-12,-1.6820935e-11,-7.644928e-39,-0.00115125,-0.00115125,-7.644928e-39,-7.644928e-39,-0.00115125,-0.00115125,-7.644928e-39,-1.74746e-39,-1.74746e-39,0.00034233314,0.00034233314,-1.74746e-39,-1.74746e-39,0.00034233314,0.00034233314,-1.747457e-39,-1.747457e-39,-1.747457e-39,-1.747457e-39,0.00034233314,0.00034233314,0.00034233314,0.00034233314,Uniaxial,0.1535000056028366
1.1850980221190705e-31,23771.4296875,17794.56640625,0.0,0.0,0.0,-0.00116625,0.00035081097,0.00035081097,-4.7645603e-22,-6.352747e-22,1.4293681e-21,-0.00017880648,0.00015332227,0.00015332227,-1.6741926e-23,-3.4060114e-23,1.2642552e-23,9010422.0,-9010422.0,-9010422.0,9010422.0,9010422.0,-9010422.0,-9010422.0,9010422.0,-0.00012123661,-0.00012123662,0.0,0.0,-0.0001212366,-0.000121236604,0.0,0.0,-0.00012123847,-0.000121238474,-0.00012123846,-0.00012123845,0.0,0.0,0.0,0.0,-36041690.0,0.00048494642,0.00048495384,-6.9914855e-12,-9.143472e-12,2.1546034e-11,-7.490376e-39,-0.00116625,-0.00116625,-7.490376e-39,-7.490376e-39,-0.00116625,-0.00116625,-7.490376e-39,-1.712129e-39,-1.712129e-39,0.00035081097,0.00035081097,-1.712129e-39,-1.712129e-39,0.00035081097,0.00035081097,-1.712133e-39,-1.712133e-39,-1.712133e-39,-1.712133e-39,0.00035081097,0.00035081097,0.00035081097,0.00035081097,Uniaxial,0.15549999475479126
1.0534204379837438e-31,24313.880859375,18035.716796875,0.0,0.0,0.0,-0.00118125,0.0003592888,0.0003592888,-4.7645603e-22,-2.1175824e-22,-2.646978e-22,-0.0001871381,0.00016046641,0.00016046641,-2.2629796e-23,-3.6362963e-23,9.198248e-24,9071271.0,-9071271.0,-9071271.0,9071271.0,9071271.0,-9071271.0,-9071271.0,9071271.0,-0.00012496169,-0.00012496169,0.0,0.0,-0.00012496169,-0.00012496169,0.0,0.0,-0.00012496354,-0.00012496354,-0.00012496355,-0.00012496354,0.0,0.0,0.0,0.0,-36285084.0,0.00049984676,0.00049985416,-6.901941e-12,-2.6674698e-12,-4.165502e-12,-7.339972e-39,-0.00118125,-0.00118125,-7.339972e-39,-7.339972e-39,-0.00118125,-0.00118125,-7.339972e-39,-1.677754e-39,-1.677754e-39,0.0003592888,0.0003592888,-1.677754e-39,-1.677754e-39,0.0003592888,0.0003592888,-1.677751e-39,-1.677751e-39,-1.677751e-39,-1.677751e-39,0.0003592888,0.0003592888,0.0003592888,0.0003592888,Uniaxial,0.1574999988079071
6.583878031271986e-32,24859.982421875,18278.4921875,0.0,0.0,0.0,-0.00119625,0.00036776662,0.00036776662,-4.7645603e-22,2.1175824e-22,1.0058516e-21,-0.00019546972,0.00016761057,0.00016761057,-2.840415e-23,-3.3233066e-23,2.1798944e-23,9132120.0,-9132120.0,-9132120.0,9132120.0,9132120.0,-9132120.0,-9132120.0,9132120.0,-0.00012845996,-0.00012845996,0.0,0.0,-0.00012845994,-0.00012845996,0.0,0.0,-0.00012845996,-0.00012845994,-0.00012845994,-0.00012845994,0.0,0.0,0.0,0.0,-36528480.0,0.0005138398,0.00051383977,-6.8141226e-12,3.7259093e-12,1.4965801e-11,-7.193525e-39,-0.00119625,-0.00119625,-7.193525e-39,-7.193525e-39,-0.00119625,-0.00119625,-7.193525e-39,-1.644277e-39,-1.644277e-39,0.00036776662,0.00036776662,-1.644277e-39,-1.644277e-39,0.00036776662,0.00036776662,-1.644278e-39,-1.644278e-39,-1.644278e-39,-1.64428e-39,0.00036776662,0.00036776662,0.00036776662,0.00036776662,Uniaxial,0.15950000286102295
1.5801307745250507e-31,25409.736328125,18522.888671875,0.0,0.0,0.0,-0.00121125,0.00037624445,0.00037624445,-5.293956e-23,-6.352747e-22,-1.1117307e-21,-0.00020380133,0.00017475472,0.00017475472,-2.87411e-23,-4.078971e-23,7.6041695e-24,9192969.0,-9192969.0,-9192969.0,9192969.0,9192969.0,-9192969.0,-9192969.0,9192969.0,-0.00013173962,-0.00013173962,0.0,0.0,-0.00013173964,-0.00013173964,0.0,0.0,-0.00013174102,-0.00013174102,-0.00013174104,-0.00013174104,0.0,0.0,0.0,0.0,-36771876.0,0.00052695855,0.0005269641,-3.6801822e-13,-9.041126e-12,-1.7023218e-11,-7.050981e-39,-0.00121125,-0.00121125,-7.050981e-39,-7.050981e-39,-0.00121125,-0.00121125,-7.050981e-39,-1.611696e-39,-1.611696e-39,0.00037624445,0.00037624445,-1.611696e-39,-1.611696e-39,0.00037624445,0.00037624445,-1.611694e-39,-1.611694e-39,-1.611694e-39,-1.611694e-39,0.00037624445,0.00037624445,0.00037624445,0.00037624445,Uniaxial,0.1615000069141388
3.291939015635993e-31,25963.138671875,18768.91015625,0.0,0.0,0.0,-0.00122625,0.00038472228,0.00038472228,-5.293956e-23,6.352747e-22,-2.646978e-22,-0.00021213295,0.00018189888,0.00018189888,-2.904513e-23,-3.2379026e-23,4.131868e-24,9253818.0,-9253818.0,-9253818.0,9253818.0,9253818.0,-9253818.0,-9253818.0,9253818.0,-0.00013481219,-0.0001348122,0.0,0.0,-0.00013481219,-0.0001348122,0.0,0.0,-0.00013481219,-0.00013481219,-0.00013481219,-0.0001348122,0.0,0.0,0.0,0.0,-37015270.0,0.0005392488,0.00053924875,-3.6339445e-13,1.01539e-11,-4.088451e-12,-6.912167e-39,-0.00122625,-0.00122625,-6.912167e-39,-6.912167e-39,-0.00122625,-0.00122625,-6.912167e-39,-1.579964e-39,-1.579964e-39,0.00038472228,0.00038472228,-1.579964e-39,-1.579964e-39,0.00038472228,0.00038472228,-1.579968e-39,-1.579968e-39,-1.579968e-39,-1.579968e-39,0.00038472228,0.00038472228,0.00038472228,0.00038472228,Uniaxial,0.16349999606609344
1.5801307745250507e-31,26520.193359375,19016.552734375,0.0,0.0,0.0,-0.00124125,0.0003932001,0.0003932001,-5.293956e-23,-2.1175824e-22,5.8233515e-22,-0.00022046456,0.00018904303,0.00018904303,-2.9343272e-23,-3.4564688e-23,1.1293174e-23,9314667.0,-9314667.0,-9314667.0,9314667.0,9314667.0,-9314667.0,-9314667.0,9314667.0,-0.00013768829,-0.00013768829,0.0,0.0,-0.00013768829,-0.00013768829,0.0,0.0,-0.00013768829,-0.00013768829,-0.00013768829,-0.00013768829,0.0,0.0,0.0,0.0,-37258668.0,0.00055075315,0.00055075315,-3.588602e-13,-2.6948185e-12,8.6845964e-12,-6.776974e-39,-0.00124125,-0.00124125,-6.776974e-39,-6.776974e-39,-0.00124125,-0.00124125,-6.776974e-39,-1.549065e-39,-1.549065e-39,0.0003932001,0.0003932001,-1.549065e-39,-1.549065e-39,0.0003932001,0.0003932001,-1.549061e-39,-1.549061e-39,-1.549061e-39,-1.549061e-39,0.0003932001,0.0003932001,0.0003932001,0.0003932001,Uniaxial,0.1655000001192093
1.3167756062543973e-31,27080.8359375,19257.39453125,0.0,0.0,0.0,-0.00125625,0.00040181796,0.00040181796,-4.7645603e-22,-1.0587912e-21,-1.5352472e-21,-0.0002290209,0.00019637986,0.00019637986,-3.5008896e-23,-4.755064e-23,-8.2637006e-24,9373505.0,-9373505.0,-9373505.0,9373505.0,9373505.0,-9373505.0,-9373505.0,9373505.0,97.77786,97.77786,0.0,0.0,97.77786,97.77786,0.0,0.0,97.77786,97.77786,97.77786,97.77786,0.0,0.0,0.0,0.0,-37494020.0,-391.11145,-391.11145,-6.713675e-12,-1.5379283e-11,-2.3222875e-11,1.676957e-33,-0.00125625,-0.00125625,1.676957e-33,1.676957e-33,-0.00125625,-0.00125625,1.676957e-33,3.8331457e-34,3.8331457e-34,0.00040181796,0.00040181796,3.8331457e-34,3.8331457e-34,0.00040181796,0.00040181796,3.8331457e-34,3.8331457e-34,3.8331457e-34,3.8331457e-34,0.00040181796,0.00040181796,0.00040181796,0.00040181796,Uniaxial,0.16750000417232513
1.1850980221190705e-31,27644.421875,19420.369140625,0.0,0.0,0.0,-0.00127125,0.0004118169,0.0004118169,-5.293956e-23,2.1175824e-22,1.5881868e-22,-0.00023968332,0.00020552264,0.00020552264,-3.5317896e-23,-4.3546785e-23,-5.73866e-24,9413143.0,-9413143.0,-9413143.0,9413143.0,9413143.0,-9413143.0,-9413143.0,9413143.0,241.48119,241.48119,0.0,0.0,241.48119,241.48119,0.0,0.0,241.48119,241.48119,241.48119,241.48119,0.0,0.0,0.0,0.0,-37652572.0,-965.92474,-965.92474,-2.6799613e-13,3.882764e-12,2.5026428e-12,1.6882346e-32,-0.00127125,-0.00127125,1.6882346e-32,1.6882346e-32,-0.00127125,-0.00127125,1.6882346e-32,3.2881453e-33,3.2881453e-33,0.0004118169,0.0004118169,3.2881453e-33,3.2881453e-33,0.0004118169,0.0004118169,3.2881453e-33,3.2881453e-33,3.2881453e-33,3.2881453e-33,0.0004118169,0.0004118169,0.0004118169,0.0004118169,Uniaxial,0.16949999332427979
3.291939015635993e-31,28210.30078125,19572.541015625,0.0,0.0,0.0,-0.00128625,0.00042204562,0.00042204562,-5.293956e-23,2.1175824e-22,5.8233515e-22,-0.00025064967,0.00021492601,0.00021492601,-3.560224e-23,-3.9429502e-23,3.712375e-24,9449855.0,-9449855.0,-9449855.0,9449855.0,9449855.0,-9449855.0,-9449855.0,9449855.0,5.6343527,5.6343527,0.0,0.0,5.6343527,5.6343527,0.0,0.0,5.6343527,5.6343527,5.6343527,5.6343527,0.0,0.0,0.0,0.0,-37799420.0,-22.53741,-22.53741,-2.6367176e-13,3.820147e-12,8.799888e-12,2.8593182e-33,-0.00128625,-0.00128625,2.8593182e-33,2.8593182e-33,-0.00128625,-0.00128625,2.8593182e-33,4.741873e-34,4.741873e-34,0.00042204562,0.00042204562,4.741873e-34,4.741873e-34,0.00042204562,0.00042204562,4.741873e-34,4.741873e-34,4.741873e-34,4.741873e-34,0.00042204562,0.00042204562,0.00042204562,0.00042204562,Uniaxial,0.17149999737739563
3.6869716504925383e-31,28778.43359375,19730.46484375,0.0,0.0,0.0,-0.00130125,0.00043216674,0.00043216674,-4.7645603e-22,-6.352747e-22,-1.1117307e-21,-0.00026148013,0.00022421285,0.00022421285,-4.2564142e-23,-4.881697e-23,-1.3852757e-23,9487900.0,-9487900.0,-9487900.0,9487900.0,9487900.0,-9487900.0,-9487900.0,9487900.0,1.1591892,1.1591892,0.0,0.0,1.1591892,1.1591892,0.0,0.0,1.1591892,1.1591892,1.1591892,1.1591892,0.0,0.0,0.0,0.0,-37951600.0,-4.636757,-4.636757,-6.5987723e-12,-8.919045e-12,-1.6696894e-11,-1.3447687e-33,-0.00130125,-0.00130125,-1.3447687e-33,-1.3447687e-33,-0.00130125,-0.00130125,-1.3447687e-33,-2.1386157e-34,-2.1386157e-34,0.00043216674,0.00043216674,-2.1386157e-34,-2.1386157e-34,0.00043216674,0.00043216674,-2.1386157e-34,-2.1386157e-34,-2.1386157e-34,-2.1386157e-34,0.00043216674,0.00043216674,0.00043216674,0.00043216674,Uniaxial,0.17350000143051147
1.3167756062543973e-31,29348.8515625,19889.265625,0.0,0.0,0.0,-0.00131625,0.0004422834,0.0004422834,-4.7645603e-22,2.1175824e-22,2.276401e-21,-0.00027230426,0.00023349424,0.00023349424,-4.941831e-23,-4.4767115e-23,2.2060328e-23,9526005.0,-9526005.0,-9526005.0,9526005.0,9526005.0,-9526005.0,-9526005.0,9526005.0,0.0020858583,0.0020858583,0.0,0.0,0.0020858583,0.0020858583,0.0,0.0,0.0020858583,0.0020858583,0.0020858583,0.0020858583,0.0,0.0,0.0,0.0,-38104020.0,-0.008343433,-0.008343433,-6.494532e-12,3.901323e-12,3.4284766e-11,-5.5446243e-35,-0.00131625,-0.00131625,-5.5446243e-35,-5.5446243e-35,-0.00131625,-0.00131625,-5.5446243e-35,-8.894271e-36,-8.894271e-36,0.0004422834,0.0004422834,-8.894271e-36,-8.894271e-36,0.0004422834,0.0004422834,-8.894271e-36,-8.894271e-36,-8.894271e-36,-8.894271e-36,0.0004422834,0.0004422834,0.0004422834,0.0004422834,Uniaxial,0.17550000548362732
1.3167756062543973e-31,29921.5546875,20048.73828125,0.0,0.0,0.0,-0.00133125,0.00045239937,0.00045239937,-5.293956e-23,-6.352747e-22,-2.3822802e-21,-0.00028312742,0.00024277484,0.00024277484,-4.9507e-23,-5.399194e-23,-1.5404813e-23,9564119.0,-9564119.0,-9564119.0,9564119.0,9564119.0,-9564119.0,-9564119.0,9564119.0,-0.0029316794,-0.0029316794,0.0,0.0,-0.0029316794,-0.0029316794,0.0,0.0,-0.0029316794,-0.0029316794,-0.0029316794,-0.0029316794,0.0,0.0,0.0,0.0,-38256476.0,0.011726717,0.011726717,-5.2203477e-14,-8.8403425e-12,-3.599623e-11,-8.8024904e-36,-0.00133125,-0.00133125,-8.8024904e-36,-8.8024904e-36,-0.00133125,-0.00133125,-8.8024904e-36,-1.4120296e-36,-1.4120296e-36,0.00045239937,0.00045239937,-1.4120296e-36,-1.4120296e-36,0.00045239937,0.00045239937,-1.4120296e-36,-1.4120296e-36,-1.4120296e-36,-1.4120296e-36,0.00045239937,0.00045239937,0.00045239937,0.00045239937,Uniaxial,0.17749999463558197
2.370196044238141e-31,30496.544921875,20208.84765625,0.0,0.0,0.0,-0.00134625,0.0004625153,0.0004625153,-4.7645603e-22,-6.352747e-22,-2.646978e-22,-0.00029395055,0.0002520554,0.0002520554,-5.6165376e-23,-6.3101766e-23,-1.9475815e-23,9602232.0,-9602232.0,-9602232.0,9602232.0,9602232.0,-9602232.0,-9602232.0,9602232.0,-0.00021420523,-0.00021420524,0.0,0.0,-0.00021420524,-0.00021420524,0.0,0.0,-0.00021420524,-0.00021420524,-0.00021420524,-0.00021420524,0.0,0.0,0.0,0.0,-38408930.0,0.00085682096,0.00085682096,-6.3919204e-12,-8.701797e-12,-3.729418e-12,-2.9499413e-37,-0.00134625,-0.00134625,-2.9499413e-37,-2.9499413e-37,-0.00134625,-0.00134625,-2.9499413e-37,-4.732075e-38,-4.732075e-38,0.0004625153,0.0004625153,-4.732075e-38,-4.732075e-38,0.0004625153,0.0004625153,-4.732075e-38,-4.732075e-38,-4.732075e-38,-4.732075e-38,0.0004625153,0.0004625153,0.0004625153,0.0004625153,Uniaxial,0.17949999868869781
1.3167756062543973e-31,31073.822265625,20369.595703125,0.0,0.0,0.0,-0.00136125,0.00047263125,0.00047263125,-5.293956e-23,-1.0587912e-21,1.0058516e-21,-0.00030477368,0.00026133598,0.00026133598,-5.6147875e-23,-7.861295e-23,-3.5688004e-24,9640346.0,-9640346.0,-9640346.0,9640346.0,9640346.0,-9640346.0,-9640346.0,9640346.0,1.3257807e-06,1.3257787e-06,0.0,0.0,1.3257893e-06,1.3257874e-06,0.0,0.0,1.3239251e-06,1.3239156e-06,1.3239223e-06,1.3239318e-06,0.0,0.0,0.0,0.0,-38561384.0,-5.303136e-06,-5.295695e-06,4.8793136e-14,-1.4906878e-11,1.5351602e-11,1.180195e-39,-0.00136125,-0.00136125,1.180195e-39,1.180195e-39,-0.00136125,-0.00136125,1.180195e-39,1.89318e-40,1.89318e-40,0.00047263125,0.00047263125,1.89318e-40,1.89318e-40,0.00047263125,0.00047263125,1.89318e-40,1.89318e-40,1.89318e-40,1.89318e-40,0.00047263125,0.00047263125,0.00047263125,0.00047263125,Uniaxial,0.18150000274181366
1.3167756062543973e-31,31653.38671875,20530.978515625,0.0,0.0,0.0,-0.00137625,0.0004827472,0.0004827472,-4.7645603e-22,2.1175824e-22,1.0058516e-21,-0.00031559682,0.00027061653,0.00027061653,-6.2651346e-23,-7.4195915e-23,1.2128176e-23,9678460.0,-9678460.0,-9678460.0,9678460.0,9678460.0,-9678460.0,-9678460.0,9678460.0,-5.972008e-06,-5.972013e-06,0.0,0.0,-5.972001e-06,-5.9720064e-06,0.0,0.0,-5.9701497e-06,-5.9701492e-06,-5.970143e-06,-5.970143e-06,0.0,0.0,0.0,0.0,-38713840.0,2.3888027e-05,2.3880584e-05,-6.2932797e-12,4.3488863e-12,1.5112878e-11,-3.935544e-39,-0.00137625,-0.00137625,-3.935544e-39,-3.935544e-39,-0.00137625,-0.00137625,-3.935544e-39,-6.31309e-40,-6.31309e-40,0.0004827472,0.0004827472,-6.31309e-40,-6.31309e-40,0.0004827472,0.0004827472,-6.31313e-40,-6.31313e-40,-6.31312e-40,-6.31312e-40,0.0004827472,0.0004827472,0.0004827472,0.0004827472,Uniaxial,0.1835000067949295
5.267102425017589e-31,32235.23828125,20693.0,0.0,0.0,0.0,-0.00139125,0.0004928631,0.0004928631,-4.7645603e-22,-2.1175824e-22,-2.646978e-22,-0.00032641998,0.0002798971,0.0002798971,-6.9061396e-23,-7.6294607e-23,7.938191e-24,9716574.0,-9716574.0,-9716574.0,9716574.0,9716574.0,-9716574.0,-9716574.0,9716574.0,-1.0234198e-05,-1.0234206e-05,0.0,0.0,-1.0234198e-05,-1.0234206e-05,0.0,0.0,-1.02342065e-05,-1.0234211e-05,-1.0234211e-05,-1.02342065e-05,0.0,0.0,0.0,0.0,-38866296.0,4.0936808e-05,4.0936837e-05,-6.1957934e-12,-2.060176e-12,-4.146339e-12,-5.358247e-39,-0.00139125,-0.00139125,-5.358247e-39,-5.358247e-39,-0.00139125,-0.00139125,-5.358247e-39,-8.59533e-40,-8.59533e-40,0.0004928631,0.0004928631,-8.59533e-40,-8.59533e-40,0.0004928631,0.0004928631,-8.59527e-40,-8.59527e-40,-8.59527e-40,-8.59527e-40,0.0004928631,0.0004928631,0.0004928631,0.0004928631,Uniaxial,0.18549999594688416
5.267102425017589e-31,32819.375,20855.658203125,0.0,0.0,0.0,-0.00140625,0.00050297903,0.00050297903,-4.7645603e-22,-1.0587912e-21,-6.8821427e-22,-0.0003372431,0.00028917767,0.00028917767,-7.534803e-23,-9.1390375e-23,-2.7712262e-24,9754688.0,-9754688.0,-9754688.0,9754688.0,9754688.0,-9754688.0,-9754688.0,9754688.0,-1.2218317e-05,-1.2218325e-05,0.0,0.0,-1.2218325e-05,-1.2218331e-05,0.0,0.0,-1.2218315e-05,-1.2218326e-05,-1.2218329e-05,-1.2218318e-05,0.0,0.0,0.0,0.0,-39018750.0,4.88733e-05,4.8873288e-05,-6.100184e-12,-1.4712554e-11,-1.0424446e-11,-5.311365e-39,-0.00140625,-0.00140625,-5.311365e-39,-5.311365e-39,-0.00140625,-0.00140625,-5.311365e-39,-8.52008e-40,-8.52008e-40,0.00050297903,0.00050297903,-8.52008e-40,-8.52008e-40,0.00050297903,0.00050297903,-8.52012e-40,-8.52012e-40,-8.52012e-40,-8.52012e-40,0.00050297903,0.00050297903,0.00050297903,0.00050297903,Uniaxial,0.1875
5.267102425017589e-31,33405.80078125,21018.951171875,0.0,0.0,0.0,-0.00142125,0.000513095,0.000513095,-4.7645603e-22,-6.352747e-22,5.8233515e-22,-0.00034806624,0.00029845824,0.00029845824,-8.151393e-23,-9.978325e-23,6.1257467e-24,9792802.0,-9792802.0,-9792802.0,9792802.0,9792802.0,-9792802.0,-9792802.0,9792802.0,-1.4033312e-05,-1.40333195e-05,0.0,0.0,-1.40333095e-05,-1.4033317e-05,0.0,0.0,-1.4033311e-05,-1.40333195e-05,-1.4033313e-05,-1.4033305e-05,0.0,0.0,0.0,0.0,-39171210.0,5.613326e-05,5.613325e-05,-6.006411e-12,-8.143933e-12,8.763185e-12,-5.21828e-39,-0.00142125,-0.00142125,-5.21828e-39,-5.21828e-39,-0.00142125,-0.00142125,-5.21828e-39,-8.37078e-40,-8.37078e-40,0.000513095,0.000513095,-8.37078e-40,-8.37078e-40,0.000513095,0.000513095,-8.37077e-40,-8.37077e-40,-8.37077e-40,-8.37077e-40,0.000513095,0.000513095,0.000513095,0.000513095,Uniaxial,0.18950000405311584
1.0534204850035178e-30,33994.51171875,21182.8828125,0.0,0.0,0.0,-0.00143625,0.0005232109,0.0005232109,-4.7645603e-22,-6.352747e-22,1.5881868e-22,-0.00035888937,0.00030773878,0.00030773878,-8.756187e-23,-1.0798365e-22,8.4959144e-24,9830916.0,-9830916.0,-9830916.0,9830916.0,9830916.0,-9830916.0,-9830916.0,9830916.0,-1.5804839e-05,-1.5804844e-05,0.0,0.0,-1.5804835e-05,-1.5804839e-05,0.0,0.0,-1.5804831e-05,-1.580484e-05,-1.5804844e-05,-1.5804837e-05,0.0,0.0,0.0,0.0,-39323664.0,6.3219355e-05,6.3219355e-05,-5.914432e-12,-8.019218e-12,2.2861587e-12,-5.138176e-39,-0.00143625,-0.00143625,-5.138176e-39,-5.138176e-39,-0.00143625,-0.00143625,-5.138176e-39,-8.24228e-40,-8.24228e-40,0.0005232109,0.0005232109,-8.24228e-40,-8.24228e-40,0.0005232109,0.0005232109,-8.24228e-40,-8.24228e-40,-8.24228e-40,-8.24228e-40,0.0005232109,0.0005232109,0.0005232109,0.0005232109,Uniaxial,0.1914999932050705
4.740392088476282e-31,34585.51171875,21347.451171875,0.0,0.0,0.0,-0.00145125,0.0005333269,0.0005333269,3.7057691e-22,-2.1175824e-22,-2.646978e-22,-0.0003697125,0.00031701935,0.00031701935,-8.0637393e-23,-1.0959903e-22,4.360706e-24,9869030.0,-9869030.0,-9869030.0,9869030.0,9869030.0,-9869030.0,-9869030.0,9869030.0,-1.7516712e-05,-1.751671e-05,0.0,0.0,-1.7516715e-05,-1.7516713e-05,0.0,0.0,-1.7516713e-05,-1.7516719e-05,-1.7516722e-05,-1.7516717e-05,0.0,0.0,0.0,0.0,-39476120.0,7.0066846e-05,7.0066875e-05,6.8622174e-12,-1.5536713e-12,-4.0919312e-12,-5.061217e-39,-0.00145125,-0.00145125,-5.061217e-39,-5.061217e-39,-0.00145125,-0.00145125,-5.061217e-39,-8.11883e-40,-8.11883e-40,0.0005333269,0.0005333269,-8.11883e-40,-8.11883e-40,0.0005333269,0.0005333269,-8.11882e-40,-8.11882e-40,-8.11882e-40,-8.11882e-40,0.0005333269,0.0005333269,0.0005333269,0.0005333269,Uniaxial,0.19349999725818634
4.213681751934975e-31,35178.796875,21512.65625,0.0,0.0,0.0,-0.00146625,0.0005434428,0.0005434428,-4.7645603e-22,-1.4823077e-21,-6.8821427e-22,-0.00038053564,0.00032629992,0.00032629992,-8.658885e-23,-1.303644e-22,-6.1323522e-24,9907143.0,-9907143.0,-9907143.0,9907143.0,9907143.0,-9907143.0,-9907143.0,9907143.0,-1.9167905e-05,-1.916791e-05,0.0,0.0,-1.916791e-05,-1.9167916e-05,0.0,0.0,-1.9167903e-05,-1.9167917e-05,-1.9167925e-05,-1.916791e-05,0.0,0.0,0.0,0.0,-39628572.0,7.667164e-05,7.6671655e-05,-5.92923e-12,-2.0560803e-11,-1.0373329e-11,-4.986095e-39,-0.00146625,-0.00146625,-4.986095e-39,-4.986095e-39,-0.00146625,-0.00146625,-4.986095e-39,-7.99832e-40,-7.99832e-40,0.0005434428,0.0005434428,-7.99832e-40,-7.99832e-40,0.0005434428,0.0005434428,-7.99833e-40,-7.99833e-40,-7.99833e-40,-7.99833e-40,0.0005434428,0.0005434428,0.0005434428,0.0005434428,Uniaxial,0.19550000131130219
2.6335512125087945e-31,35774.3671875,21678.498046875,0.0,0.0,0.0,-0.00148125,0.0005535587,0.0005535587,-4.7645603e-22,-2.1175824e-22,-6.8821427e-22,-0.0003913588,0.0003355805,0.0003355805,-9.249115e-23,-1.316923e-22,-1.645896e-23,9945257.0,-9945257.0,-9945257.0,9945257.0,9945257.0,-9945257.0,-9945257.0,9945257.0,-2.0759118e-05,-2.0759122e-05,0.0,0.0,-2.0759124e-05,-2.0759127e-05,0.0,0.0,-2.0759118e-05,-2.0759124e-05,-2.0759131e-05,-2.0759126e-05,0.0,0.0,0.0,0.0,-39781028.0,8.303649e-05,8.3036495e-05,-5.839466e-12,-1.2176694e-12,-1.0216278e-11,-4.912852e-39,-0.00148125,-0.00148125,-4.912852e-39,-4.912852e-39,-0.00148125,-0.00148125,-4.912852e-39,-7.88083e-40,-7.88083e-40,0.0005535587,0.0005535587,-7.88083e-40,-7.88083e-40,0.0005535587,0.0005535587,-7.88083e-40,-7.88083e-40,-7.88083e-40,-7.88083e-40,0.0005535587,0.0005535587,0.0005535587,0.0005535587,Uniaxial,0.19750000536441803
7.373943300985077e-31,36372.2265625,21844.974609375,0.0,0.0,0.0,-0.00149625,0.00056367466,0.00056367466,-5.293956e-23,-6.352747e-22,5.8233515e-22,-0.00040218193,0.00034486104,0.00034486104,-9.1926485e-23,-1.3925648e-22,-7.522974e-24,9983371.0,-9983371.0,-9983371.0,9983371.0,9983371.0,-9983371.0,-9983371.0,9983371.0,-2.229254e-05,-2.229254e-05,0.0,0.0,-2.2292537e-05,-2.2292537e-05,0.0,0.0,-2.2292536e-05,-2.2292543e-05,-2.2292541e-05,-2.2292534e-05,0.0,0.0,0.0,0.0,-39933484.0,8.917015e-05,8.917015e-05,5.929262e-13,-7.543611e-12,8.970759e-12,-4.841478e-39,-0.00149625,-0.00149625,-4.841478e-39,-4.841478e-39,-0.00149625,-0.00149625,-4.841478e-39,-7.76633e-40,-7.76633e-40,0.00056367466,0.00056367466,-7.76633e-40,-7.76633e-40,0.00056367466,0.00056367466,-7.76633e-40,-7.76633e-40,-7.76633e-40,-7.76633e-40,0.00056367466,0.00056367466,0.00056367466,0.00056367466,Uniaxial,0.19949999451637268
4.740392088476282e-31,36972.37109375,22012.08984375,0.0,0.0,0.0,-0.00151125,0.0005737906,0.0005737906,-5.293956e-23,-2.1175824e-22,1.5881868e-22,-0.00041300507,0.0003541416,0.0003541416,-9.1340803e-23,-1.4037756e-22,-4.9921138e-24,10021485.0,-10021485.0,-10021485.0,10021485.0,10021485.0,-10021485.0,-10021485.0,10021485.0,-2.3774064e-05,-2.3774062e-05,0.0,0.0,-2.3774066e-05,-2.3774064e-05,0.0,0.0,-2.3774062e-05,-2.3774068e-05,-2.3774064e-05,-2.377406e-05,0.0,0.0,0.0,0.0,-40085940.0,9.509626e-05,9.509626e-05,5.8401894e-13,-1.0855811e-12,2.491289e-12,-4.771865e-39,-0.00151125,-0.00151125,-4.771865e-39,-4.771865e-39,-0.00151125,-0.00151125,-4.771865e-39,-7.65466e-40,-7.65466e-40,0.0005737906,0.0005737906,-7.65466e-40,-7.65466e-40,0.0005737906,0.0005737906,-7.65466e-40,-7.65466e-40,-7.65466e-40,-7.65466e-40,0.0005737906,0.0005737906,0.0005737906,0.0005737906,Uniaxial,0.20149999856948853
4.740392088476282e-31,37574.8046875,22179.841796875,0.0,0.0,0.0,-0.00152625,0.00058390654,0.00058390654,-5.293956e-23,-1.0587912e-21,-2.3822802e-21,-0.0004238282,0.00036342218,0.00036342218,-9.076592e-23,-1.5406354e-22,-4.0391266e-23,10059599.0,-10059599.0,-10059599.0,10059599.0,10059599.0,-10059599.0,-10059599.0,10059599.0,-2.5201702e-05,-2.52017e-05,0.0,0.0,-2.5201722e-05,-2.5201718e-05,0.0,0.0,-2.5203555e-05,-2.5203564e-05,-2.5203584e-05,-2.5203573e-05,0.0,0.0,0.0,0.0,-40238396.0,0.00010080684,0.00010081428,5.752759e-13,-1.37594e-11,-3.561623e-11,-4.704125e-39,-0.00152625,-0.00152625,-4.704125e-39,-4.704125e-39,-0.00152625,-0.00152625,-4.704125e-39,-7.54602e-40,-7.54602e-40,0.00058390654,0.00058390654,-7.54602e-40,-7.54602e-40,0.00058390654,0.00058390654,-7.54599e-40,-7.54599e-40,-7.54599e-40,-7.54599e-40,0.00058390654,0.00058390654,0.00058390654,0.00058390654,Uniaxial,0.20350000262260437
4.213681751934975e-31,38179.5234375,22348.23046875,0.0,0.0,0.0,-0.00154125,0.00059402245,0.00059402245,-5.293956e-23,-2.1175824e-22,1.8528846e-21,-0.00043465133,0.00037270272,0.00037270272,-9.0201745e-23,-1.5498683e-22,-1.2467806e-23,10097713.0,-10097713.0,-10097713.0,10097713.0,10097713.0,-10097713.0,-10097713.0,10097713.0,-2.658362e-05,-2.6583619e-05,0.0,0.0,-2.6583608e-05,-2.6583604e-05,0.0,0.0,-2.658362e-05,-2.6583624e-05,-2.6583612e-05,-2.6583608e-05,0.0,0.0,0.0,0.0,-40390852.0,0.00010633445,0.00010633446,5.666957e-13,-8.633985e-13,2.8368901e-11,-4.638071e-39,-0.00154125,-0.00154125,-4.638071e-39,-4.638071e-39,-0.00154125,-0.00154125,-4.638071e-39,-7.44004e-40,-7.44004e-40,0.00059402245,0.00059402245,-7.44004e-40,-7.44004e-40,0.00059402245,0.00059402245,-7.44005e-40,-7.44005e-40,-7.44005e-40,-7.44005e-40,0.00059402245,0.00059402245,0.00059402245,0.00059402245,Uniaxial,0.20550000667572021
5.267102425017589e-31,38786.53125,22517.255859375,0.0,0.0,0.0,-0.00155625,0.0006041384,0.0006041384,3.7057691e-22,-2.1175824e-22,1.5881868e-22,-0.00044547446,0.0003819833,0.0003819833,-8.3386176e-23,-1.5583074e-22,-9.798407e-24,10135827.0,-10135827.0,-10135827.0,10135827.0,10135827.0,-10135827.0,-10135827.0,10135827.0,-2.7915676e-05,-2.7915668e-05,0.0,0.0,-2.7915676e-05,-2.7915668e-05,0.0,0.0,-2.791381e-05,-2.7913813e-05,-2.7913813e-05,-2.791381e-05,0.0,0.0,0.0,0.0,-40543308.0,0.00011166269,0.000111655245,6.904022e-12,-8.50564e-13,2.564385e-12,-4.573756e-39,-0.00155625,-0.00155625,-4.573756e-39,-4.573756e-39,-0.00155625,-0.00155625,-4.573756e-39,-7.33686e-40,-7.33686e-40,0.0006041384,0.0006041384,-7.33686e-40,-7.33686e-40,0.0006041384,0.0006041384,-7.33689e-40,-7.33689e-40,-7.33689e-40,-7.33689e-40,0.0006041384,0.0006041384,0.0006041384,0.0006041384,Uniaxial,0.20749999582767487
9.480784176952564e-31,39395.78125,22681.099609375,0.0,0.0,0.0,-0.00157125,0.0006143454,0.0006143454,7.940934e-22,-1.4823077e-21,-2.646978e-22,-0.00045644058,0.00039138645,0.00039138645,-7.025603e-23,-1.756331e-22,-1.3589806e-23,10172651.0,-10172651.0,-10172651.0,10172651.0,10172651.0,-10172651.0,-10172651.0,10172651.0,37.20308,37.20308,0.0,0.0,37.20308,37.20308,0.0,0.0,37.20308,37.20308,37.20308,37.20308,0.0,0.0,0.0,0.0,-40690604.0,-148.81232,-148.81232,1.3145314e-11,-1.9872342e-11,-3.818934e-12,1.1371936e-33,-0.00157125,-0.00157125,1.1371936e-33,1.1371936e-33,-0.00157125,-0.00157125,1.1371936e-33,1.8242008e-34,1.8242008e-34,0.0006143454,0.0006143454,1.8242008e-34,1.8242008e-34,0.0006143454,0.0006143454,1.8242008e-34,1.8242008e-34,1.8242008e-34,1.8242008e-34,0.0006143454,0.0006143454,0.0006143454,0.0006143454,Uniaxial,0.2094999998807907
1.0534204850035178e-30,40006.57421875,22746.513671875,0.0,0.0,0.0,-0.00158625,0.0006261384,0.0006261384,3.7057691e-22,-2.1175824e-22,-1.5352472e-21,-0.00046983417,0.0004028711,0.0004028711,-6.218692e-23,-1.763858e-22,-4.123972e-23,10187375.0,-10187375.0,-10187375.0,10187375.0,10187375.0,-10187375.0,-10187375.0,10187375.0,200.69197,200.69197,0.0,0.0,200.69197,200.69197,0.0,0.0,200.69197,200.69197,200.69197,200.69197,0.0,0.0,0.0,0.0,-40749500.0,-802.7679,-802.7679,6.5816168e-12,-5.379557e-13,-2.2721365e-11,1.997003e-32,-0.00158625,-0.00158625,1.997003e-32,1.997003e-32,-0.00158625,-0.00158625,1.997003e-32,2.9379645e-33,2.9379645e-33,0.0006261384,0.0006261384,2.9379645e-33,2.9379645e-33,0.0006261384,0.0006261384,2.9379645e-33,2.9379645e-33,2.9379645e-33,2.9379645e-33,0.0006261384,0.0006261384,0.0006261384,0.0006261384,Uniaxial,0.21150000393390656
1.0534204850035178e-30,40618.1328125,22795.962890625,0.0,0.0,0.0,-0.00160125,0.00063821854,0.00063821854,1.2176099e-21,-1.0587912e-21,1.8528846e-21,-0.00048362132,0.00041469323,0.00041469323,-3.8281476e-23,-1.9284486e-22,-6.0524765e-24,10198364.0,-10198364.0,-10198364.0,10198364.0,10198364.0,-10198364.0,-10198364.0,10198364.0,5.5908976,5.5908976,0.0,0.0,5.5908976,5.5908976,0.0,0.0,5.5908976,5.5908976,5.5908976,5.5908976,0.0,0.0,0.0,0.0,-40793456.0,-22.36359,-22.36359,1.9100013e-11,-1.3169601e-11,2.8271335e-11,3.658578e-33,-0.00160125,-0.00160125,3.658578e-33,3.658578e-33,-0.00160125,-0.00160125,3.658578e-33,4.683298e-34,4.683298e-34,0.00063821854,0.00063821854,4.683298e-34,4.683298e-34,0.00063821854,0.00063821854,4.683298e-34,4.683298e-34,4.683298e-34,4.683298e-34,0.00063821854,0.00063821854,0.00063821854,0.00063821854,Uniaxial,0.2134999930858612
8.954074310608997e-31,41230.40625,22851.275390625,0.0,0.0,0.0,-0.00161625,0.0006501901,0.0006501901,3.7057691e-22,-6.352747e-22,1.5881868e-22,-0.00049726624,0.00042639338,0.00042639338,-3.062785e-23,-2.0108097e-22,-2.8414235e-24,10210727.0,-10210727.0,-10210727.0,10210727.0,10210727.0,-10210727.0,-10210727.0,10210727.0,0.72923774,0.72923774,0.0,0.0,0.72923774,0.72923774,0.0,0.0,0.72923774,0.72923774,0.72923774,0.72923774,0.0,0.0,0.0,0.0,-40842908.0,-2.916951,-2.916951,6.1016556e-12,-6.603363e-12,2.4585806e-12,-1.3872695e-33,-0.00161625,-0.00161625,-1.3872695e-33,-1.3872695e-33,-0.00161625,-0.00161625,-1.3872695e-33,-1.7118551e-34,-1.7118551e-34,0.0006501901,0.0006501901,-1.7118551e-34,-1.7118551e-34,0.0006501901,0.0006501901,-1.7118551e-34,-1.7118551e-34,-1.7118551e-34,-1.7118551e-34,0.0006501901,0.0006501901,0.0006501901,0.0006501901,Uniaxial,0.21549999713897705
1.1060914716378745e-30,41843.42578125,22907.025390625,0.0,0.0,0.0,-0.00163125,0.00066215533,0.00066215533,3.7057691e-22,-1.0587912e-21,1.0058516e-21,-0.0005109021,0.00043808576,0.00043808576,-2.3207977e-23,-2.1690378e-22,1.5735042e-23,10223175.0,-10223175.0,-10223175.0,10223175.0,10223175.0,-10223175.0,-10223175.0,10223175.0,0.0015529953,0.0015529953,0.0,0.0,0.0015529953,0.0015529953,0.0,0.0,0.0015529953,0.0015529953,0.0015529953,0.0015529953,0.0,0.0,0.0,0.0,-40892700.0,-0.006211981,-0.006211981,5.988812e-12,-1.2803704e-11,1.5058023e-11,-8.0421974e-35,-0.00163125,-0.00163125,-8.0421974e-35,-8.0421974e-35,-0.00163125,-0.00163125,-8.0421974e-35,-1.0003183e-35,-1.0003183e-35,0.00066215533,0.00066215533,-1.0003183e-35,-1.0003183e-35,0.00066215533,0.00066215533,-1.0003183e-35,-1.0003183e-35,-1.0003183e-35,-1.0003183e-35,0.00066215533,0.00066215533,0.00066215533,0.00066215533,Uniaxial,0.2175000011920929
2.1068409700070356e-30,42457.1875,22962.8828125,0.0,0.0,0.0,-0.00164625,0.0006741199,0.0006741199,3.7057691e-22,-1.0587912e-21,-1.5352472e-21,-0.00052453694,0.00044977732,0.00044977732,-1.5934916e-23,-2.3245292e-22,-1.2677605e-23,10235632.0,-10235632.0,-10235632.0,10235632.0,10235632.0,-10235632.0,-10235632.0,10235632.0,-0.00046631016,-0.00046631013,0.0,0.0,-0.00046631016,-0.00046631016,0.0,0.0,-0.00046631013,-0.00046631016,-0.00046631016,-0.00046631013,0.0,0.0,0.0,0.0,-40942530.0,0.0018652406,0.0018652406,5.8782007e-12,-1.2567228e-11,-2.3155746e-11,-8.8494155e-36,-0.00164625,-0.00164625,-8.8494155e-36,-8.8494155e-36,-0.00164625,-0.00164625,-8.8494155e-36,-1.100723e-36,-1.100723e-36,0.0006741199,0.0006741199,-1.100723e-36,-1.100723e-36,0.0006741199,0.0006741199,-1.100723e-36,-1.100723e-36,-1.100723e-36,-1.100723e-36,0.0006741199,0.0006741199,0.0006741199,0.0006741199,Uniaxial,0.21950000524520874
2.5282092392400812e-30,43071.69921875,23018.810546875,0.0,0.0,0.0,-0.00166125,0.0006860845,0.0006860845,1.2176099e-21,-2.3293406e-21,-2.646978e-22,-0.0005381718,0.00046146882,0.00046146882,6.743108e-24,-2.7101858e-22,-1.7442347e-23,10248089.0,-10248089.0,-10248089.0,10248089.0,10248089.0,-10248089.0,-10248089.0,10248089.0,-5.1131654e-05,-5.113164e-05,0.0,0.0,-5.1131658e-05,-5.1131643e-05,0.0,0.0,-5.1131632e-05,-5.113166e-05,-5.1131665e-05,-5.1131636e-05,0.0,0.0,0.0,0.0,-40992356.0,0.00020452659,0.00020452659,1.8415266e-11,-3.1303647e-11,-3.760343e-12,-3.4319073e-37,-0.00166125,-0.00166125,-3.4319073e-37,-3.4319073e-37,-0.00166125,-0.00166125,-3.4319073e-37,-4.2687332e-38,-4.2687332e-38,0.0006860845,0.0006860845,-4.2687332e-38,-4.2687332e-38,0.0006860845,0.0006860845,-4.2687332e-38,-4.2687332e-38,-4.2687332e-38,-4.2687332e-38,0.0006860845,0.0006860845,0.0006860845,0.0006860845,Uniaxial,0.2214999943971634
2.1068409700070356e-30,43686.95703125,23074.806640625,0.0,0.0,0.0,-0.00167625,0.000698049,0.000698049,7.940934e-22,-2.3293406e-21,1.5881868e-22,-0.0005518066,0.00047316035,0.00047316035,2.128895e-23,-3.089437e-22,-1.4234088e-23,10260546.0,-10260546.0,-10260546.0,10260546.0,10260546.0,-10260546.0,-10260546.0,10260546.0,-3.0523922e-06,-3.0523804e-06,0.0,0.0,-3.052393e-06,-3.052381e-06,0.0,0.0,-3.052376e-06,-3.052401e-06,-3.0524018e-06,-3.0523768e-06,0.0,0.0,0.0,0.0,-41042184.0,1.2209546e-05,1.2209556e-05,1.1753067e-11,-3.072687e-11,2.6318442e-12,-1.2290668e-38,-0.00167625,-0.00167625,-1.2290668e-38,-1.2290668e-38,-0.00167625,-0.00167625,-1.2290668e-38,-1.528759e-39,-1.528759e-39,0.000698049,0.000698049,-1.528759e-39,-1.528759e-39,0.000698049,0.000698049,-1.528759e-39,-1.528759e-39,-1.528759e-39,-1.528759e-39,0.000698049,0.000698049,0.000698049,0.000698049,Uniaxial,0.22349999845027924
2.738893185777508e-30,44302.96484375,23130.869140625,0.0,0.0,0.0,-0.00169125,0.00071001356,0.00071001356,1.2176099e-21,-6.352747e-22,-3.2293131e-21,-0.00056544144,0.00048485186,0.00048485186,4.326694e-23,-3.1510467e-22,-7.309275e-23,10273003.0,-10273003.0,-10273003.0,10273003.0,10273003.0,-10273003.0,-10273003.0,10273003.0,-6.443314e-07,-6.443167e-07,0.0,0.0,-6.443593e-07,-6.4434454e-07,0.0,0.0,-6.424582e-07,-6.424723e-07,-6.4249826e-07,-6.4248417e-07,0.0,0.0,0.0,0.0,-41092012.0,2.577352e-06,2.5699128e-06,1.7859799e-11,-4.869253e-12,-4.800085e-11,-1.849846e-39,-0.00169125,-0.00169125,-1.849846e-39,-1.849846e-39,-0.00169125,-0.00169125,-1.849846e-39,-2.3009e-40,-2.3009e-40,0.00071001356,0.00071001356,-2.30089e-40,-2.3009e-40,0.00071001356,0.00071001356,-2.30092e-40,-2.30092e-40,-2.30092e-40,-2.30092e-40,0.00071001356,0.00071001356,0.00071001356,0.00071001356,Uniaxial,0.22550000250339508
2.1068409700070356e-30,44919.71875,23187.001953125,0.0,0.0,0.0,-0.00170625,0.00072197814,0.00072197814,7.940934e-22,-2.3293406e-21,3.123434e-21,-0.0005790763,0.00049654336,0.00049654336,5.7107017e-23,-3.5197547e-22,-1.4915192e-23,10285460.0,-10285460.0,-10285460.0,10285460.0,10285460.0,-10285460.0,-10285460.0,10285460.0,-7.879145e-07,-7.87903e-07,0.0,0.0,-7.8789253e-07,-7.878811e-07,0.0,0.0,-7.878975e-07,-7.879222e-07,-7.879003e-07,-7.8787554e-07,0.0,0.0,0.0,0.0,-41141840.0,3.151591e-06,3.1515956e-06,1.1208335e-11,-3.0072427e-11,4.772906e-11,-1.763712e-39,-0.00170625,-0.00170625,-1.763712e-39,-1.763712e-39,-0.00170625,-0.00170625,-1.763712e-39,-2.19379e-40,-2.19379e-40,0.00072197814,0.00072197814,-2.19379e-40,-2.19379e-40,0.00072197814,0.00072197814,-2.19376e-40,-2.19376e-40,-2.19376e-40,-2.19376e-40,0.00072197814,0.00072197814,0.00072197814,0.00072197814,Uniaxial,0.22750000655651093
3.37094540154798e-30,45537.21875,23243.201171875,0.0,0.0,0.0,-0.00172125,0.00073394267,0.00073394267,7.940934e-22,-1.9058241e-21,-1.5352472e-21,-0.0005927111,0.0005082349,0.0005082349,7.06382e-23,-3.8054193e-22,-4.2405167e-23,10297917.0,-10297917.0,-10297917.0,10297917.0,10297917.0,-10297917.0,-10297917.0,10297917.0,-9.658789e-07,-9.658677e-07,0.0,0.0,-9.658982e-07,-9.658868e-07,0.0,0.0,-9.658694e-07,-9.658927e-07,-9.659021e-07,-9.658788e-07,0.0,0.0,0.0,0.0,-41191668.0,3.8635317e-06,3.863543e-06,1.1002548e-11,-2.3197e-11,-2.270364e-11,-1.773298e-39,-0.00172125,-0.00172125,-1.773298e-39,-1.773298e-39,-0.00172125,-0.00172125,-1.773298e-39,-2.20569e-40,-2.20569e-40,0.00073394267,0.00073394267,-2.20569e-40,-2.20569e-40,0.00073394267,0.00073394267,-2.2057e-40,-2.2057e-40,-2.2057e-40,-2.2057e-40,0.00073394267,0.00073394267,0.00073394267,0.00073394267,Uniaxial,0.22949999570846558
3.0022483070283873e-30,46155.46875,23299.46875,0.0,0.0,0.0,-0.00173625,0.0007459072,0.0007459072,7.940934e-22,-1.4823077e-21,-6.8821427e-22,-0.00060634594,0.00051992637,0.00051992637,8.390501e-23,-4.007851e-22,-5.432336e-23,10310375.0,-10310375.0,-10310375.0,10310375.0,10310375.0,-10310375.0,-10310375.0,10310375.0,-1.1391708e-06,-1.1391596e-06,0.0,0.0,-1.1391776e-06,-1.1391663e-06,0.0,0.0,-1.1391544e-06,-1.1391743e-06,-1.139185e-06,-1.1391651e-06,0.0,0.0,0.0,0.0,-41241500.0,4.5566744e-06,4.556679e-06,1.0800781e-11,-1.6448155e-11,-9.640424e-12,-1.768374e-39,-0.00173625,-0.00173625,-1.768374e-39,-1.768374e-39,-0.00173625,-0.00173625,-1.768374e-39,-2.19956e-40,-2.19956e-40,0.0007459072,0.0007459072,-2.19956e-40,-2.19956e-40,0.0007459072,0.0007459072,-2.19956e-40,-2.19956e-40,-2.19956e-40,-2.19956e-40,0.0007459072,0.0007459072,0.0007459072,0.0007459072,Uniaxial,0.23149999976158142
2.6335512125087945e-30,46774.46484375,23355.8046875,0.0,0.0,0.0,-0.00175125,0.0007578718,0.0007578718,7.940934e-22,-1.9058241e-21,1.0058516e-21,-0.00061998074,0.0005316179,0.0005316179,9.69131e-23,-4.2831356e-22,-3.505971e-23,10322832.0,-10322832.0,-10322832.0,10322832.0,10322832.0,-10322832.0,-10322832.0,10322832.0,-1.310181e-06,-1.3101718e-06,0.0,0.0,-1.310175e-06,-1.3101659e-06,0.0,0.0,-1.3101636e-06,-1.3101865e-06,-1.3101844e-06,-1.3101615e-06,0.0,0.0,0.0,0.0,-41291330.0,5.2406936e-06,5.240696e-06,1.060295e-11,-2.2470473e-11,1.5830526e-11,-1.762633e-39,-0.00175125,-0.00175125,-1.762633e-39,-1.762633e-39,-0.00175125,-0.00175125,-1.762633e-39,-2.19243e-40,-2.19243e-40,0.0007578718,0.0007578718,-2.19243e-40,-2.19243e-40,0.0007578718,0.0007578718,-2.19243e-40,-2.19243e-40,-2.19243e-40,-2.19243e-40,0.0007578718,0.0007578718,0.0007578718,0.0007578718,Uniaxial,0.23350000381469727
3.37094540154798e-30,47394.2109375,23412.20703125,0.0,0.0,0.0,-0.00176625,0.0007698363,0.0007698363,-5.293956e-23,-1.4823077e-21,-1.5352472e-21,-0.0006336156,0.00054330943,0.00054330943,9.424878e-23,-4.4763446e-22,-6.227442e-23,10335289.0,-10335289.0,-10335289.0,10335289.0,10335289.0,-10335289.0,-10335289.0,10335289.0,-1.479561e-06,-1.4795583e-06,0.0,0.0,-1.479578e-06,-1.4795753e-06,0.0,0.0,-1.4781548e-06,-1.4781763e-06,-1.4781875e-06,-1.478166e-06,0.0,0.0,0.0,0.0,-41341156.0,5.9182726e-06,5.9126846e-06,-2.2384893e-12,-1.5735654e-11,-2.2401461e-11,-1.756952e-39,-0.00176625,-0.00176625,-1.756952e-39,-1.756952e-39,-0.00176625,-0.00176625,-1.756952e-39,-2.18535e-40,-2.18535e-40,0.0007698363,0.0007698363,-2.18535e-40,-2.18535e-40,0.0007698363,0.0007698363,-2.18537e-40,-2.18537e-40,-2.18537e-40,-2.18537e-40,0.0007698363,0.0007698363,0.0007698363,0.0007698363,Uniaxial,0.23549999296665192
3.423616576261433e-30,48014.69921875,23468.6796875,0.0,0.0,0.0,-0.00178125,0.00078180083,0.00078180083,7.940934e-22,-1.9058241e-21,-6.8821427e-22,-0.00064725045,0.0005550009,0.0005550009,1.0696039e-22,-4.7424177e-22,-7.378823e-23,10347746.0,-10347746.0,-10347746.0,10347746.0,10347746.0,-10347746.0,-10347746.0,10347746.0,-1.6460657e-06,-1.6460566e-06,0.0,0.0,-1.6460762e-06,-1.6460671e-06,0.0,0.0,-1.6460551e-06,-1.6460796e-06,-1.6460823e-06,-1.6460579e-06,0.0,0.0,0.0,0.0,-41390984.0,6.5842655e-06,6.5842746e-06,1.0450148e-11,-2.1771982e-11,-9.344396e-12,-1.751242e-39,-0.00178125,-0.00178125,-1.751242e-39,-1.751242e-39,-0.00178125,-0.00178125,-1.751242e-39,-2.17828e-40,-2.17828e-40,0.00078180083,0.00078180083,-2.17828e-40,-2.17828e-40,0.00078180083,0.00078180083,-2.17825e-40,-2.17825e-40,-2.17825e-40,-2.17825e-40,0.00078180083,0.00078180083,0.00078180083,0.00078180083,Uniaxial,0.23749999701976776
3.6343005227988595e-30,48635.9375,23525.21875,0.0,0.0,0.0,-0.00179625,0.0007937654,0.0007937654,7.940934e-22,-2.752857e-21,-1.5352472e-21,-0.00066088524,0.00056669244,0.00056669244,1.1950123e-22,-5.1575277e-22,-1.00385453e-22,10360203.0,-10360203.0,-10360203.0,10360203.0,10360203.0,-10360203.0,-10360203.0,10360203.0,-1.8120363e-06,-1.8120273e-06,0.0,0.0,-1.8120453e-06,-1.8120363e-06,0.0,0.0,-1.8096956e-06,-1.8097281e-06,-1.809739e-06,-1.8097065e-06,0.0,0.0,0.0,0.0,-41440812.0,7.2481453e-06,7.2388693e-06,1.0259423e-11,-3.402263e-11,-2.1821857e-11,-1.745624e-39,-0.00179625,-0.00179625,-1.745624e-39,-1.745624e-39,-0.00179625,-0.00179625,-1.745624e-39,-2.17126e-40,-2.17126e-40,0.0007937654,0.0007937654,-2.17126e-40,-2.17126e-40,0.0007937654,0.0007937654,-2.17128e-40,-2.17128e-40,-2.17128e-40,-2.17128e-40,0.0007937654,0.0007937654,0.0007937654,0.0007937654,Uniaxial,0.2395000010728836
3.8449848454944784e-30,49257.92578125,23581.828125,0.0,0.0,0.0,-0.00181125,0.00080572994,0.00080572994,7.940934e-22,-3.59989e-21,4.3939834e-21,-0.0006745201,0.000578384,0.000578384,1.3179904e-22,-5.7189927e-22,-1.8991137e-23,10372661.0,-10372661.0,-10372661.0,10372661.0,10372661.0,-10372661.0,-10372661.0,10372661.0,-1.9776974e-06,-1.9776883e-06,0.0,0.0,-1.977662e-06,-1.9776528e-06,0.0,0.0,-1.9762758e-06,-1.9763145e-06,-1.976285e-06,-1.9762463e-06,0.0,0.0,0.0,0.0,-41490644.0,7.9107e-06,7.9051215e-06,1.00723934e-11,-4.605069e-11,6.711399e-11,-1.739963e-39,-0.00181125,-0.00181125,-1.739963e-39,-1.739963e-39,-0.00181125,-0.00181125,-1.739963e-39,-2.16424e-40,-2.16424e-40,0.00080572994,0.00080572994,-2.16424e-40,-2.16424e-40,0.00080572994,0.00080572994,-2.16424e-40,-2.16424e-40,-2.16424e-40,-2.16424e-40,0.00080572994,0.00080572994,0.00080572994,0.00080572994,Uniaxial,0.24150000512599945
3.6343005227988595e-30,49880.40625,23609.923828125,0.0,0.00045974861131981015,0.0,-0.00182625,0.0008179732,0.0008179732,7.940934e-22,-2.752857e-21,-2.8057966e-21,-0.00068858283,0.0005904424,0.0005904424,1.4423442e-22,-6.129258e-22,-7.066682e-23,10376477.0,-10376477.0,-10376477.0,10376477.0,10376477.0,-10376477.0,-10376477.0,10376477.0,33.24891,33.24891,0.0,0.0,33.24891,33.24891,0.0,0.0,33.24891,33.24891,33.24891,33.24891,0.0,0.0,0.0,0.0,-41505908.0,-132.99564,-132.99564,9.878751e-12,-3.25299e-11,-4.1577738e-11,3.560609e-33,-0.00182625,-0.00182625,3.560609e-33,3.560609e-33,-0.00182625,-0.00182625,3.560609e-33,4.4288173e-34,4.4288173e-34,0.0008179732,0.0008179732,4.4288173e-34,4.4288173e-34,0.0008179732,0.0008179732,4.4288173e-34,4.4288173e-34,4.4288173e-34,4.4288173e-34,0.0008179732,0.0008179732,0.0008179732,0.0008179732,Uniaxial,0.2434999942779541
4.1610107653006184e-30,50502.58984375,23580.087890625,0.0,0.0017783893272280693,0.0,-0.00184125,0.0008308171,0.0008308171,3.7057691e-22,-2.3293406e-21,1.8528846e-21,-0.00070355367,0.0006032795,0.0006032795,1.4879261e-22,-6.472319e-22,-3.2696748e-23,10363094.0,-10363094.0,-10363094.0,10363094.0,10363094.0,-10363094.0,-10363094.0,10363094.0,21.061222,21.061222,0.0,0.0,21.061222,21.061222,0.0,0.0,21.061222,21.061222,21.061222,21.061222,0.0,0.0,0.0,0.0,-41452376.0,-84.24489,-84.24489,3.3669935e-12,-2.5536743e-11,2.8625739e-11,8.4208345e-33,-0.00184125,-0.00184125,8.4208345e-33,8.4208345e-33,-0.00184125,-0.00184125,8.4208345e-33,9.14984e-34,9.14984e-34,0.0008308171,0.0008308171,9.14984e-34,9.14984e-34,0.0008308171,0.0008308171,9.14984e-34,9.14984e-34,9.14984e-34,9.14984e-34,0.0008308171,0.0008308171,0.0008308171,0.0008308171,Uniaxial,0.24549999833106995
4.0029979934766446e-30,51123.95703125,23548.1015625,0.0,0.003100817557424307,0.0,-0.00185625,0.00084369275,0.00084369275,7.940934e-22,-3.59989e-21,-2.3822802e-21,-0.0007185717,0.00061615714,0.00061615714,1.6167357e-22,-7.062361e-22,-7.933119e-23,10349192.0,-10349192.0,-10349192.0,10349192.0,10349192.0,-10349192.0,-10349192.0,10349192.0,0.05506197,0.05506197,0.0,0.0,0.05506197,0.05506197,0.0,0.0,0.05506197,0.05506197,0.05506197,0.05506197,0.0,0.0,0.0,0.0,-41396770.0,-0.22024788,-0.22024788,9.588291e-12,-4.3871486e-11,-3.4915643e-11,4.469369e-34,-0.00185625,-0.00185625,4.469369e-34,4.469369e-34,-0.00185625,-0.00185625,4.469369e-34,4.6256983e-35,4.6256983e-35,0.00084369275,0.00084369275,4.6256983e-35,4.6256983e-35,0.00084369275,0.00084369275,4.6256983e-35,4.6256983e-35,4.6256983e-35,4.6256983e-35,0.00084369275,0.00084369275,0.00084369275,0.00084369275,Uniaxial,0.2475000023841858
5.214431250304136e-30,51744.49609375,23516.8671875,0.0,0.004421695601195097,0.0,-0.00187125,0.0008565554,0.0008565554,1.2176099e-21,-2.3293406e-21,2.6999175e-21,-0.0007335726,0.0006290199,0.0006290199,1.8275361e-22,-7.3882986e-22,-2.4240728e-23,10335472.0,-10335472.0,-10335472.0,10335472.0,10335472.0,-10335472.0,-10335472.0,10335472.0,-0.079765946,-0.079765946,0.0,0.0,-0.079765946,-0.079765946,0.0,0.0,-0.07976594,-0.07976594,-0.07976594,-0.07976594,0.0,0.0,0.0,0.0,-41341890.0,0.31906378,0.31906375,1.5668952e-11,-2.408222e-11,4.124699e-11,-1.8284148e-34,-0.00187125,-0.00187125,-1.8284148e-34,-1.8284148e-34,-0.00187125,-0.00187125,-1.8284148e-34,-1.8923688e-35,-1.8923688e-35,0.0008565554,0.0008565554,-1.8923688e-35,-1.8923688e-35,0.0008565554,0.0008565554,-1.8923688e-35,-1.8923688e-35,-1.8923688e-35,-1.8923688e-35,0.0008565554,0.0008565554,0.0008565554,0.0008565554,Uniaxial,0.24950000643730164
5.0037473037667096e-30,52364.21484375,23485.673828125,0.0,0.005742496810853481,0.0,-0.00188625,0.00086941745,0.00086941745,7.940934e-22,-3.1763736e-21,-1.9587637e-21,-0.00074857246,0.00064188195,0.00064188195,1.9502373e-22,-7.875026e-22,-6.247446e-23,10321762.0,-10321762.0,-10321762.0,10321762.0,10321762.0,-10321762.0,-10321762.0,10321762.0,1.411693e-05,1.411694e-05,0.0,0.0,1.4116914e-05,1.4116924e-05,0.0,0.0,1.4116951e-05,1.4116916e-05,1.4116902e-05,1.4116938e-05,0.0,0.0,0.0,0.0,-41287050.0,-5.646771e-05,-5.6467707e-05,9.058592e-12,-3.6122355e-11,-2.867398e-11,-8.9777434e-36,-0.00188625,-0.00188625,-8.9777434e-36,-8.9777434e-36,-0.00188625,-0.00188625,-8.9777434e-36,-9.265022e-37,-9.265022e-37,0.00086941745,0.00086941745,-9.265022e-37,-9.265022e-37,0.00086941745,0.00086941745,-9.265022e-37,-9.265022e-37,-9.265022e-37,-9.265022e-37,0.00086941745,0.00086941745,0.00086941745,0.00086941745,Uniaxial,0.2515000104904175
4.687721007802377e-30,52983.109375,23454.478515625,0.0,0.007063301745802164,0.0,-0.00190125,0.0008822795,0.0008822795,1.2176099e-21,-2.752857e-21,-6.8821427e-22,-0.00076357235,0.000654744,0.000654744,2.154359e-22,-8.26856e-22,-7.511485e-23,10308051.0,-10308051.0,-10308051.0,10308051.0,10308051.0,-10308051.0,-10308051.0,10308051.0,5.1990282e-05,5.1990293e-05,0.0,0.0,5.1990275e-05,5.199029e-05,0.0,0.0,5.1990304e-05,5.199027e-05,5.1990268e-05,5.1990297e-05,0.0,0.0,0.0,0.0,-41232204.0,-0.00020796114,-0.00020796114,1.5133842e-11,-2.9084568e-11,-9.258422e-12,3.909909e-37,-0.00190125,-0.00190125,3.909909e-37,3.909909e-37,-0.00190125,-0.00190125,3.909909e-37,4.0350218e-38,4.0350218e-38,0.0008822795,0.0008822795,4.0350218e-38,4.0350218e-38,0.0008822795,0.0008822795,4.0350218e-38,4.0350218e-38,4.0350218e-38,4.0350218e-38,0.0008822795,0.0008822795,0.0008822795,0.0008822795,Uniaxial,0.2535000145435333
5.214431250304136e-30,53601.1796875,23423.283203125,0.0,0.008384106680750847,0.0,-0.00191625,0.00089514157,0.00089514157,3.7057691e-22,-2.752857e-21,-1.9587637e-21,-0.0007785722,0.000667606,0.000667606,2.1862314e-22,-8.653807e-22,-1.1266636e-22,10294340.0,-10294340.0,-10294340.0,10294340.0,10294340.0,-10294340.0,-10294340.0,10294340.0,3.1928305e-06,3.1928334e-06,0.0,0.0,3.1928107e-06,3.1928137e-06,0.0,0.0,3.1914608e-06,3.1914292e-06,3.1914112e-06,3.191443e-06,0.0,0.0,0.0,0.0,-41177360.0,-1.2771288e-05,-1.2765744e-05,2.2916035e-12,-2.8464892e-11,-2.7840856e-11,1.1810076e-38,-0.00191625,-0.00191625,1.1810076e-38,1.1810076e-38,-0.00191625,-0.00191625,1.1810076e-38,1.218798e-39,1.218798e-39,0.00089514157,0.00089514157,1.218798e-39,1.218798e-39,0.00089514157,0.00089514157,1.218799e-39,1.218799e-39,1.218799e-39,1.218799e-39,0.00089514157,0.00089514157,0.00089514157,0.00089514157,Uniaxial,0.2554999887943268
5.583128720981921e-30,54218.4296875,23392.087890625,0.0,0.009704912081360817,0.0,-0.00193125,0.0009080036,0.0009080036,3.7057691e-22,-4.0234065e-21,-2.646978e-22,-0.00079357217,0.00068046805,0.00068046805,2.21663e-22,-9.28422e-22,-1.158753e-22,10280629.0,-10280629.0,-10280629.0,10280629.0,10280629.0,-10280629.0,-10280629.0,10280629.0,-8.3950886e-07,-8.3950385e-07,0.0,0.0,-8.395119e-07,-8.3950687e-07,0.0,0.0,-8.3948845e-07,-8.395312e-07,-8.3953427e-07,-8.394915e-07,0.0,0.0,0.0,0.0,-41122516.0,3.3580316e-06,3.3580454e-06,2.2427685e-12,-4.661306e-11,-2.2413915e-12,-2.062617e-39,-0.00193125,-0.00193125,-2.062617e-39,-2.062617e-39,-0.00193125,-0.00193125,-2.062617e-39,-2.1286e-40,-2.1286e-40,0.0009080036,0.0009080036,-2.12861e-40,-2.12861e-40,0.0009080036,0.0009080036,-2.12863e-40,-2.12863e-40,-2.12863e-40,-2.12863e-40,0.0009080036,0.0009080036,0.0009080036,0.0009080036,Uniaxial,0.2574999928474426
6.0044966140567746e-30,54834.85546875,23360.892578125,0.0,0.011025716550648212,0.0,-0.00194625,0.0009208656,0.0009208656,7.940934e-22,-3.1763736e-21,-6.8821427e-22,-0.00080857205,0.0006933301,0.0006933301,2.3307078e-22,-9.734699e-22,-1.2728209e-22,10266918.0,-10266918.0,-10266918.0,10266918.0,10266918.0,-10266918.0,-10266918.0,10266918.0,-1.2349723e-06,-1.2349642e-06,0.0,0.0,-1.2349824e-06,-1.2349743e-06,0.0,0.0,-1.2349511e-06,-1.2349872e-06,-1.2349933e-06,-1.2349573e-06,0.0,0.0,0.0,0.0,-41067670.0,4.939893e-06,4.9398886e-06,8.4382015e-12,-3.3133326e-11,-8.4368415e-12,-2.266798e-39,-0.00194625,-0.00194625,-2.266798e-39,-2.266798e-39,-0.00194625,-0.00194625,-2.266799e-39,-2.33933e-40,-2.33933e-40,0.0009208656,0.0009208656,-2.33933e-40,-2.33933e-40,0.0009208656,0.0009208656,-2.33933e-40,-2.33933e-40,-2.33933e-40,-2.33933e-40,0.0009208656,0.0009208656,0.0009208656,0.0009208656,Uniaxial,0.25949999690055847
6.583878031271986e-30,55450.4609375,23329.697265625,0.0,0.012346521951258183,0.0,-0.00196125,0.0009337277,0.0009337277,7.940934e-22,-4.0234065e-21,2.276401e-21,-0.000823572,0.0007061921,0.0007061921,2.4429232e-22,-1.0343918e-21,-7.94977e-23,10253207.0,-10253207.0,-10253207.0,10253207.0,10253207.0,-10253207.0,-10253207.0,10253207.0,-1.532858e-06,-1.53285e-06,0.0,0.0,-1.5328442e-06,-1.5328362e-06,0.0,0.0,-1.5346667e-06,-1.5347086e-06,-1.5346968e-06,-1.5346549e-06,0.0,0.0,0.0,0.0,-41012828.0,6.1313885e-06,6.138727e-06,8.2583775e-12,-4.4896985e-11,3.5387162e-11,-2.251808e-39,-0.00196125,-0.00196125,-2.251808e-39,-2.251808e-39,-0.00196125,-0.00196125,-2.251808e-39,-2.32387e-40,-2.32387e-40,0.0009337277,0.0009337277,-2.32387e-40,-2.32387e-40,0.0009337277,0.0009337277,-2.32386e-40,-2.32386e-40,-2.32386e-40,-2.32386e-40,0.0009337277,0.0009337277,0.0009337277,0.0009337277,Uniaxial,0.2615000009536743
6.583878031271986e-30,56065.2421875,23298.501953125,0.0,0.013667326420545578,0.0,-0.00197625,0.00094658975,0.00094658975,7.940934e-22,-4.0234065e-21,-1.1117307e-21,-0.00083857187,0.00071905414,0.00071905414,2.552896e-22,-1.0941786e-21,-9.9809036e-23,10239497.0,-10239497.0,-10239497.0,10239497.0,10239497.0,-10239497.0,-10239497.0,10239497.0,-1.849076e-06,-1.8490682e-06,0.0,0.0,-1.8490875e-06,-1.8490797e-06,0.0,0.0,-1.849055e-06,-1.8490964e-06,-1.8491098e-06,-1.8490684e-06,0.0,0.0,0.0,0.0,-40957988.0,7.3963115e-06,7.3963297e-06,8.082367e-12,-4.394011e-11,-1.517941e-11,-2.258924e-39,-0.00197625,-0.00197625,-2.258924e-39,-2.258924e-39,-0.00197625,-0.00197625,-2.258924e-39,-2.3312e-40,-2.3312e-40,0.00094658975,0.00094658975,-2.3312e-40,-2.3312e-40,0.00094658975,0.00094658975,-2.33121e-40,-2.33121e-40,-2.33121e-40,-2.33121e-40,0.00094658975,0.00094658975,0.00094658975,0.00094658975,Uniaxial,0.26350000500679016
6.425865259448012e-30,56679.19921875,23267.306640625,0.0,0.014988130889832973,0.0,-0.00199125,0.0009594518,0.0009594518,1.2176099e-21,-3.59989e-21,-1.9587637e-21,-0.0008535718,0.00073191617,0.00073191617,2.7449608e-22,-1.1443408e-21,-1.3690646e-22,10225786.0,-10225786.0,-10225786.0,10225786.0,10225786.0,-10225786.0,-10225786.0,10225786.0,-2.1679657e-06,-2.1679548e-06,0.0,0.0,-2.1679853e-06,-2.1679743e-06,0.0,0.0,-2.1679425e-06,-2.1679803e-06,-2.1679998e-06,-2.1679618e-06,0.0,0.0,0.0,0.0,-40903144.0,8.67188e-06,8.671885e-06,1.4128306e-11,-3.6785328e-11,-2.7292313e-11,-2.268048e-39,-0.00199125,-0.00199125,-2.268048e-39,-2.268048e-39,-0.00199125,-0.00199125,-2.268048e-39,-2.34062e-40,-2.34062e-40,0.0009594518,0.0009594518,-2.34062e-40,-2.34062e-40,0.0009594518,0.0009594518,-2.34062e-40,-2.34062e-40,-2.34062e-40,-2.34062e-40,0.0009594518,0.0009594518,0.0009594518,0.0009594518,Uniaxial,0.265500009059906
7.268601045597719e-30,57292.3359375,23236.111328125,0.0,0.01630893535912037,0.0,-0.00200625,0.00097231386,0.00097231386,7.940934e-22,-4.0234065e-21,-2.646978e-22,-0.0008685717,0.0007447782,0.0007447782,2.8493116e-22,-1.2018868e-21,-1.3963073e-22,10212075.0,-10212075.0,-10212075.0,10212075.0,10212075.0,-10212075.0,-10212075.0,10212075.0,-2.4888718e-06,-2.488864e-06,0.0,0.0,-2.4888825e-06,-2.4888748e-06,0.0,0.0,-2.4888525e-06,-2.488893e-06,-2.4888998e-06,-2.4888593e-06,0.0,0.0,0.0,0.0,-40848300.0,9.955494e-06,9.9555045e-06,7.617271e-12,-4.221107e-11,-1.8710537e-12,-2.277188e-39,-0.00200625,-0.00200625,-2.277188e-39,-2.277188e-39,-0.00200625,-0.00200625,-2.277188e-39,-2.35006e-40,-2.35006e-40,0.00097231386,0.00097231386,-2.35006e-40,-2.35006e-40,0.00097231386,0.00097231386,-2.35006e-40,-2.35006e-40,-2.35006e-40,-2.35006e-40,0.00097231386,0.00097231386,0.00097231386,0.00097231386,Uniaxial,0.26750001311302185
7.373943395024625e-30,57904.6484375,23204.916015625,0.0,0.01762974075973034,0.0,-0.00202125,0.0009851758,0.0009851758,1.2176099e-21,-4.446923e-21,-6.8821427e-22,-0.0008835716,0.0007576402,0.0007576402,3.0354494e-22,-1.2667526e-21,-1.5056236e-22,10198364.0,-10198364.0,-10198364.0,10198364.0,10198364.0,-10198364.0,-10198364.0,10198364.0,-2.8112015e-06,-2.8111908e-06,0.0,0.0,-2.8112095e-06,-2.8111988e-06,0.0,0.0,-2.8111717e-06,-2.8112147e-06,-2.8112265e-06,-2.8111833e-06,0.0,0.0,0.0,0.0,-40793456.0,1.1244801e-05,1.1244796e-05,1.3656418e-11,-4.7512747e-11,-8.032689e-12,-2.286364e-39,-0.00202125,-0.00202125,-2.286364e-39,-2.286364e-39,-0.00202125,-0.00202125,-2.286364e-39,-2.35952e-40,-2.35952e-40,0.0009851758,0.0009851758,-2.35952e-40,-2.35952e-40,0.0009851758,0.0009851758,-2.35952e-40,-2.35952e-40,-2.35952e-40,-2.35952e-40,0.0009851758,0.0009851758,0.0009851758,0.0009851758,Uniaxial,0.2694999873638153
4.213681940014071e-30,58515.75390625,23144.525390625,0.0,0.02019263617694378,0.0,-0.00203625,0.000998038,0.000998038,7.940934e-22,-4.0234065e-21,-1.5352472e-21,-0.00089857157,0.0007705023,0.0007705023,3.1339901e-22,-1.3219342e-21,-1.7817486e-22,10171822.0,-10171822.0,-10171822.0,10171822.0,10171822.0,-10171822.0,-10171822.0,10171822.0,0.00095474505,0.00095474505,0.0,0.0,0.00095474505,0.00095474505,0.0,0.0,0.00095474505,0.00095474505,0.00095474505,0.00095474505,0.0,0.0,0.0,0.0,-40687290.0,-0.0038189802,-0.0038189802,7.163034e-12,-4.0255806e-11,-2.022232e-11,6.3825486e-37,-0.00203625,-0.00203625,6.3825486e-37,6.3825486e-37,-0.00203625,-0.00203625,6.3825486e-37,6.586784e-38,6.586784e-38,0.000998038,0.000998038,6.586784e-38,6.586784e-38,0.000998038,0.000998038,6.586784e-38,6.586784e-38,6.586784e-38,6.586784e-38,0.000998038,0.000998038,0.000998038,0.000998038,Uniaxial,0.27149999141693115
4.8457341557845435e-30,59124.9453125,23059.666015625,0.0,0.023790268227458,0.0,-0.00205125,0.0010109001,0.0010109001,-4.7645603e-22,-2.752857e-21,1.8528846e-21,-0.0009135716,0.00078336446,0.00078336446,2.977266e-22,-1.3506828e-21,-1.378854e-22,10134527.0,-10134527.0,-10134527.0,10134527.0,10134527.0,-10134527.0,-10134527.0,10134527.0,0.0010818394,0.0010818394,0.0,0.0,0.0010818394,0.0010818394,0.0,0.0,0.0010818377,0.0010818377,0.0010818377,0.0010818377,0.0,0.0,0.0,0.0,-40538108.0,-0.0043273577,-0.0043273508,-1.1494132e-11,-2.0817795e-11,2.9556555e-11,5.7890693e-37,-0.00205125,-0.00205125,5.7890693e-37,5.7890693e-37,-0.00205125,-0.00205125,5.7890693e-37,5.974314e-38,5.974314e-38,0.0010109001,0.0010109001,5.974314e-38,5.974314e-38,0.0010109001,0.0010109001,5.974314e-38,5.974314e-38,5.974314e-38,5.974314e-38,0.0010109001,0.0010109001,0.0010109001,0.0010109001,Uniaxial,0.273499995470047
5.0564184784801624e-30,59731.89453125,22974.68359375,0.0,0.02738790214061737,0.0,-0.00206625,0.0010237623,0.0010237623,-8.999725e-22,-3.1763736e-21,-3.6528296e-21,-0.0009285717,0.0007962266,0.0007962266,2.7381243e-22,-1.3871597e-21,-2.0764677e-22,10097179.0,-10097179.0,-10097179.0,10097179.0,10097179.0,-10097179.0,-10097179.0,10097179.0,8.725065e-05,8.725064e-05,0.0,0.0,8.725061e-05,8.7250606e-05,0.0,0.0,8.7250664e-05,8.7250635e-05,8.72506e-05,8.725063e-05,0.0,0.0,0.0,0.0,-40388716.0,-0.0003490025,-0.0003490025,-1.7362724e-11,-2.6466199e-11,-5.096143e-11,3.8910342e-38,-0.00206625,-0.00206625,3.8910342e-38,3.8910342e-38,-0.00206625,-0.00206625,3.8910342e-38,4.015545e-39,4.015545e-39,0.0010237623,0.0010237623,4.015545e-39,4.015545e-39,0.0010237623,0.0010237623,4.015541e-39,4.015541e-39,4.015543e-39,4.015543e-39,0.0010237623,0.0010237623,0.0010237623,0.0010237623,Uniaxial,0.27549999952316284
8.216679933490716e-30,60336.60546875,22889.701171875,0.0,0.03098553605377674,0.0,-0.00208125,0.0010366244,0.0010366244,7.940934e-22,-3.59989e-21,-6.8821427e-22,-0.00094357174,0.00080908876,0.00080908876,2.8405096e-22,-1.4313774e-21,-2.1755163e-22,10059830.0,-10059830.0,-10059830.0,10059830.0,10059830.0,-10059830.0,-10059830.0,10059830.0,-1.1503239e-05,-1.1503231e-05,0.0,0.0,-1.1503243e-05,-1.1503234e-05,0.0,0.0,-1.1500964e-05,-1.1501e-05,-1.1501015e-05,-1.150098e-05,0.0,0.0,0.0,0.0,-40239320.0,4.601295e-05,4.600396e-05,7.5166835e-12,-3.195817e-11,-6.936329e-12,-4.397289e-39,-0.00208125,-0.00208125,-4.397289e-39,-4.397289e-39,-0.00208125,-0.00208125,-4.397289e-39,-4.538e-40,-4.538e-40,0.0010366244,0.0010366244,-4.538e-40,-4.538e-40,0.0010366244,0.0010366244,-4.53799e-40,-4.53799e-40,-4.53799e-40,-4.53799e-40,0.0010366244,0.0010366244,0.0010366244,0.0010366244,Uniaxial,0.2775000035762787
1.221967792696736e-29,60939.07421875,22804.71875,0.0,0.03458316996693611,0.0,-0.00209625,0.0010494866,0.0010494866,1.2176099e-21,-4.0234065e-21,-6.8821427e-22,-0.00095857173,0.0008219509,0.0008219509,3.0268149e-22,-1.4831821e-21,-2.269675e-22,10022482.0,-10022482.0,-10022482.0,10022482.0,10022482.0,-10022482.0,-10022482.0,10022482.0,4.6379746e-06,4.637989e-06,0.0,0.0,4.6379596e-06,4.637974e-06,0.0,0.0,4.6380046e-06,4.637963e-06,4.6379478e-06,4.6379896e-06,0.0,0.0,0.0,0.0,-40089930.0,-1.8551898e-05,-1.8551904e-05,1.3433577e-11,-3.7297238e-11,-6.772327e-12,1.551684e-39,-0.00209625,-0.00209625,1.551684e-39,1.551684e-39,-0.00209625,-0.00209625,1.551684e-39,1.60133e-40,1.60133e-40,0.0010494866,0.0010494866,1.60133e-40,1.60133e-40,0.0010494866,0.0010494866,1.60133e-40,1.60133e-40,1.60133e-40,1.60133e-40,0.0010494866,0.0010494866,0.0010494866,0.0010494866,Uniaxial,0.27950000762939453
8.848731773102996e-30,61539.3046875,22719.736328125,0.0,0.03818080201745033,0.0,-0.00211125,0.0010623487,0.0010623487,1.6411263e-21,-5.7174724e-21,-1.1117307e-21,-0.0009735718,0.00083481305,0.00083481305,3.2941135e-22,-1.5677096e-21,-2.4462281e-22,9985133.0,-9985133.0,-9985133.0,9985133.0,9985133.0,-9985133.0,-9985133.0,9985133.0,1.0244788e-05,1.0244806e-05,0.0,0.0,1.02447775e-05,1.0244796e-05,0.0,0.0,1.0244826e-05,1.0244772e-05,1.0244762e-05,1.0244816e-05,0.0,0.0,0.0,0.0,-39940532.0,-4.097917e-05,-4.0979176e-05,1.918769e-11,-6.0702485e-11,-1.2684003e-11,3.046454e-39,-0.00211125,-0.00211125,3.046454e-39,3.046454e-39,-0.00211125,-0.00211125,3.046454e-39,3.14394e-40,3.14394e-40,0.0010623487,0.0010623487,3.14394e-40,3.14394e-40,0.0010623487,0.0010623487,3.14394e-40,3.14394e-40,3.14394e-40,3.14394e-40,0.0010623487,0.0010623487,0.0010623487,0.0010623487,Uniaxial,0.2815000116825104
1.0534204850035178e-29,62137.29296875,22634.755859375,0.0,0.04177843779325485,0.0,-0.00212625,0.0010752109,0.0010752109,1.2176099e-21,-5.293956e-21,-1.5352472e-21,-0.0009885719,0.0008476752,0.0008476752,3.4721946e-22,-1.642285e-21,-2.7039615e-22,9947785.0,-9947785.0,-9947785.0,9947785.0,9947785.0,-9947785.0,-9947785.0,9947785.0,1.1494455e-05,1.149447e-05,0.0,0.0,1.1494434e-05,1.1494449e-05,0.0,0.0,1.14927025e-05,1.1492652e-05,1.1492639e-05,1.1492689e-05,0.0,0.0,0.0,0.0,-39791140.0,-4.5977806e-05,-4.5970683e-05,1.2684397e-11,-5.3216626e-11,-1.8432962e-11,3.076385e-39,-0.00212625,-0.00212625,3.076385e-39,3.076385e-39,-0.00212625,-0.00212625,3.076385e-39,3.17482e-40,3.17482e-40,0.0010752109,0.0010752109,3.17482e-40,3.17482e-40,0.0010752109,0.0010752109,3.17484e-40,3.17484e-40,3.17484e-40,3.17484e-40,0.0010752109,0.0010752109,0.0010752109,0.0010752109,Uniaxial,0.28349998593330383
6.952575501949771e-30,62733.0390625,22549.7734375,0.0,0.045376069843769073,0.0,-0.00214125,0.001088073,0.001088073,1.2176099e-21,-4.446923e-21,-1.5352472e-21,-0.0010035719,0.00086053734,0.00086053734,3.6462964e-22,-1.6984692e-21,-2.9569612e-22,9910436.0,-9910436.0,-9910436.0,9910436.0,9910436.0,-9910436.0,-9910436.0,9910436.0,1.2610045e-05,1.2610059e-05,0.0,0.0,1.2610032e-05,1.2610046e-05,0.0,0.0,1.2610076e-05,1.2610037e-05,1.2610024e-05,1.2610063e-05,0.0,0.0,0.0,0.0,-39641744.0,-5.0440183e-05,-5.0440198e-05,1.2384004e-11,-3.990346e-11,-1.7996438e-11,3.068654e-39,-0.00214125,-0.00214125,3.068654e-39,3.068654e-39,-0.00214125,-0.00214125,3.068654e-39,3.16686e-40,3.16686e-40,0.001088073,0.001088073,3.16686e-40,3.16686e-40,0.001088073,0.001088073,3.16684e-40,3.16684e-40,3.16684e-40,3.16684e-40,0.001088073,0.001088073,0.001088073,0.001088073,Uniaxial,0.2854999899864197
6.74189080309596e-30,63326.54296875,22464.791015625,0.0,0.04897370561957359,0.0,-0.00215625,0.001100935,0.001100935,2.0646428e-21,-3.59989e-21,-6.8821427e-22,-0.0010185719,0.0008733995,0.0008733995,3.9854982e-22,-1.7365871e-21,-3.0363173e-22,9873088.0,-9873088.0,-9873088.0,9873088.0,9873088.0,-9873088.0,-9873088.0,9873088.0,1.3891256e-05,1.3891276e-05,0.0,0.0,1.3891249e-05,1.3891269e-05,0.0,0.0,1.3891278e-05,1.38912455e-05,1.3891243e-05,1.3891276e-05,0.0,0.0,0.0,0.0,-39492350.0,-5.556505e-05,-5.556504e-05,2.4098033e-11,-2.6950438e-11,-5.5625244e-12,3.098836e-39,-0.00215625,-0.00215625,3.098836e-39,3.098836e-39,-0.00215625,-0.00215625,3.098836e-39,3.19797e-40,3.19797e-40,0.001100935,0.001100935,3.19797e-40,3.19797e-40,0.001100935,0.001100935,3.19802e-40,3.19802e-40,3.19802e-40,3.19802e-40,0.001100935,0.001100935,0.001100935,0.001100935,Uniaxial,0.2874999940395355
5.267102425017589e-30,63917.80859375,22379.80859375,0.0,0.05257134139537811,0.0,-0.00217125,0.0011137972,0.0011137972,1.6411263e-21,-4.446923e-21,-1.5352472e-21,-0.001033572,0.00088626164,0.00088626164,4.2344617e-22,-1.7907168e-21,-3.2818323e-22,9835739.0,-9835739.0,-9835739.0,9835739.0,9835739.0,-9835739.0,-9835739.0,9835739.0,1.5225762e-05,1.5225778e-05,0.0,0.0,1.5225749e-05,1.5225765e-05,0.0,0.0,1.5225788e-05,1.52257535e-05,1.5225737e-05,1.5225772e-05,0.0,0.0,0.0,0.0,-39342956.0,-6.0903054e-05,-6.090305e-05,1.7545656e-11,-3.82735e-11,-1.7392686e-11,3.135093e-39,-0.00217125,-0.00217125,3.135093e-39,3.135093e-39,-0.00217125,-0.00217125,3.135093e-39,3.23542e-40,3.23542e-40,0.0011137972,0.0011137972,3.23542e-40,3.23542e-40,0.0011137972,0.0011137972,3.2354e-40,3.2354e-40,3.2354e-40,3.2354e-40,0.0011137972,0.0011137972,0.0011137972,0.0011137972,Uniaxial,0.28949999809265137
6.10983896348368e-30,64506.83203125,22294.826171875,0.0,0.056168973445892334,0.0,-0.00218625,0.0011266593,0.0011266593,1.6411263e-21,-3.1763736e-21,-3.6528296e-21,-0.001048572,0.0008991238,0.0008991238,4.4780304e-22,-1.8185594e-21,-3.944733e-22,9798391.0,-9798391.0,-9798391.0,9798391.0,9798391.0,-9798391.0,-9798391.0,9798391.0,1.6585995e-05,1.6586011e-05,0.0,0.0,1.6585958e-05,1.6585975e-05,0.0,0.0,1.6586011e-05,1.6585986e-05,1.6585962e-05,1.6585987e-05,0.0,0.0,0.0,0.0,-39193564.0,-6.634394e-05,-6.634394e-05,1.7129406e-11,-1.9490569e-11,-4.6771653e-11,3.171232e-39,-0.00218625,-0.00218625,3.171232e-39,3.171232e-39,-0.00218625,-0.00218625,3.171232e-39,3.2727e-40,3.2727e-40,0.0011266593,0.0011266593,3.2727e-40,3.2727e-40,0.0011266593,0.0011266593,3.2727e-40,3.2727e-40,3.2727e-40,3.2727e-40,0.0011266593,0.0011266593,0.0011266593,0.0011266593,Uniaxial,0.2915000021457672
9.48078436503166e-30,65093.6171875,22209.84375,0.0,0.059766609221696854,0.0,-0.00220125,0.0011395215,0.0011395215,1.6411263e-21,-4.446923e-21,-2.646978e-22,-0.0010635721,0.00091198593,0.00091198593,4.7167243e-22,-1.8710074e-21,-3.9221356e-22,9761042.0,-9761042.0,-9761042.0,9761042.0,9761042.0,-9761042.0,-9761042.0,9761042.0,1.7971272e-05,1.7971288e-05,0.0,0.0,1.797126e-05,1.7971277e-05,0.0,0.0,1.7973478e-05,1.7973443e-05,1.7973429e-05,1.7973463e-05,0.0,0.0,0.0,0.0,-39044170.0,-7.188509e-05,-7.189382e-05,1.6722788e-11,-3.683471e-11,1.8234318e-12,3.207628e-39,-0.00220125,-0.00220125,3.207628e-39,3.207628e-39,-0.00220125,-0.00220125,3.207628e-39,3.31027e-40,3.31027e-40,0.0011395215,0.0011395215,3.31027e-40,3.31027e-40,0.0011395215,0.0011395215,3.31027e-40,3.31027e-40,3.31027e-40,3.31027e-40,0.0011395215,0.0011395215,0.0011395215,0.0011395215,Uniaxial,0.29350000619888306
6.952575501949771e-30,65677.8203125,22099.400390625,0.0,0.06444750726222992,0.0,-0.00221625,0.0011523836,0.0011523836,1.6411263e-21,-3.1763736e-21,-6.8821427e-22,-0.0010785721,0.0009248481,0.0009248481,4.9506447e-22,-1.8972437e-21,-3.9809385e-22,9712504.0,-9712504.0,-9712504.0,9712504.0,9712504.0,-9712504.0,-9712504.0,9712504.0,0.0005609264,0.00056092645,0.0,0.0,0.0005609264,0.0005609264,0.0,0.0,0.0005609277,0.0005609277,0.00056092767,0.0005609277,0.0,0.0,0.0,0.0,-38850016.0,-0.0022437056,-0.002243711,1.6306798e-11,-1.8200162e-11,-4.1279927e-12,9.2127757e-38,-0.00221625,-0.00221625,9.2127757e-38,9.2127757e-38,-0.00221625,-0.00221625,9.2127757e-38,9.507575e-39,9.507575e-39,0.0011523836,0.0011523836,9.507575e-39,9.507575e-39,0.0011523836,0.0011523836,9.507575e-39,9.507575e-39,9.507575e-39,9.507575e-39,0.0011523836,0.0011523836,0.0011523836,0.0011523836,Uniaxial,0.2955000102519989
9.48078436503166e-30,66258.90625,21972.923828125,0.0,0.06980519741773605,0.0,-0.00223125,0.0011652458,0.0011652458,1.6411263e-21,-4.8704394e-21,-4.4998625e-21,-0.0010935722,0.0009377103,0.0009377103,5.179886e-22,-1.9565471e-21,-4.7976e-22,9656919.0,-9656919.0,-9656919.0,9656919.0,9656919.0,-9656919.0,-9656919.0,9656919.0,0.00049873407,0.00049873407,0.0,0.0,0.000498734,0.000498734,0.0,0.0,0.0004987358,0.00049873575,0.0004987357,0.00049873575,0.0,0.0,0.0,0.0,-38627676.0,-0.001994936,-0.001994943,1.5889165e-11,-4.1223185e-11,-5.687287e-11,7.506172e-38,-0.00223125,-0.00223125,7.506172e-38,7.506172e-38,-0.00223125,-0.00223125,7.506172e-38,7.746362e-39,7.746362e-39,0.0011652458,0.0011652458,7.746362e-39,7.746362e-39,0.0011652458,0.0011652458,7.746362e-39,7.746362e-39,7.746362e-39,7.746362e-39,0.0011652458,0.0011652458,0.0011652458,0.0011652458,Uniaxial,0.29750001430511475
6.952575501949771e-30,66836.6484375,21846.3671875,0.0,0.07516288757324219,0.0,-0.00224625,0.0011781079,0.0011781079,2.0646428e-21,-4.446923e-21,-6.8821427e-22,-0.0011085722,0.00095057243,0.00095057243,5.488834e-22,-2.0064023e-21,-4.843071e-22,9601298.0,-9601298.0,-9601298.0,9601298.0,9601298.0,-9601298.0,-9601298.0,9601298.0,9.605905e-05,9.605907e-05,0.0,0.0,9.605903e-05,9.6059055e-05,0.0,0.0,9.605907e-05,9.605904e-05,9.6059026e-05,9.605906e-05,0.0,0.0,0.0,0.0,-38405190.0,-0.00038423622,-0.0003842362,2.1320124e-11,-3.4327482e-11,-2.8680851e-12,1.3340462e-38,-0.00224625,-0.00224625,1.3340462e-38,1.3340462e-38,-0.00224625,-0.00224625,1.3340462e-38,1.376734e-39,1.376734e-39,0.0011781079,0.0011781079,1.376734e-39,1.376734e-39,0.0011781079,0.0011781079,1.376735e-39,1.376735e-39,1.376735e-39,1.376735e-39,0.0011781079,0.0011781079,0.0011781079,0.0011781079,Uniaxial,0.2994999885559082
7.795311288099478e-30,67411.0625,21719.80859375,0.0,0.08052057772874832,0.0,-0.00226125,0.0011909701,0.0011909701,1.6411263e-21,-4.8704394e-21,-2.8057966e-21,-0.0011235724,0.0009634346,0.0009634346,5.7077295e-22,-2.0636482e-21,-5.3053387e-22,9545678.0,-9545678.0,-9545678.0,9545678.0,9545678.0,-9545678.0,-9545678.0,9545678.0,2.9248702e-05,2.9248717e-05,0.0,0.0,2.9248682e-05,2.9248697e-05,0.0,0.0,2.9250443e-05,2.9250408e-05,2.9250377e-05,2.9250412e-05,0.0,0.0,0.0,0.0,-38182710.0,-0.0001169948,-0.00011700164,1.496799e-11,-3.925061e-11,-3.1817632e-11,3.770743e-39,-0.00226125,-0.00226125,3.770743e-39,3.770743e-39,-0.00226125,-0.00226125,3.770743e-39,3.8914e-40,3.8914e-40,0.0011909701,0.0011909701,3.8914e-40,3.8914e-40,0.0011909701,0.0011909701,3.89139e-40,3.89139e-40,3.89139e-40,3.89139e-40,0.0011909701,0.0011909701,0.0011909701,0.0011909701,Uniaxial,0.30149999260902405
6.952575501949771e-30,67982.1328125,21593.251953125,0.0,0.08587827533483505,0.0,-0.00227625,0.0012038323,0.0012038323,1.6411263e-21,-4.0234065e-21,-3.2293131e-21,-0.0011385723,0.0009762968,0.0009762968,5.921829e-22,-2.1029324e-21,-5.844731e-22,9490057.0,-9490057.0,-9490057.0,9490057.0,9490057.0,-9490057.0,-9490057.0,9490057.0,5.038025e-05,5.0380266e-05,0.0,0.0,5.0380222e-05,5.0380237e-05,0.0,0.0,5.0380266e-05,5.038024e-05,5.038021e-05,5.038024e-05,0.0,0.0,0.0,0.0,-37960228.0,-0.00020152098,-0.00020152096,1.458312e-11,-2.6699727e-11,-3.6770354e-11,6.060505e-39,-0.00227625,-0.00227625,6.060505e-39,6.060505e-39,-0.00227625,-0.00227625,6.060505e-39,6.25443e-40,6.25443e-40,0.0012038323,0.0012038323,6.25443e-40,6.25443e-40,0.0012038323,0.0012038323,6.25444e-40,6.25444e-40,6.25444e-40,6.25444e-40,0.0012038323,0.0012038323,0.0012038323,0.0012038323,Uniaxial,0.3034999966621399
6.952575501949771e-30,68549.8671875,21466.6953125,0.0,0.09123596549034119,0.0,-0.00229125,0.0012166945,0.0012166945,1.6411263e-21,-4.8704394e-21,-6.8821427e-22,-0.0011535725,0.0009891589,0.0009891589,6.1316444e-22,-2.1582057e-21,-5.868008e-22,9434437.0,-9434437.0,-9434437.0,9434437.0,9434437.0,-9434437.0,-9434437.0,9434437.0,6.437745e-05,6.437747e-05,0.0,0.0,6.437744e-05,6.4377455e-05,0.0,0.0,6.437748e-05,6.437744e-05,6.437743e-05,6.437747e-05,0.0,0.0,0.0,0.0,-37737748.0,-0.00025750982,-0.00025750982,1.420766e-11,-3.748631e-11,-1.4016552e-12,7.258831e-39,-0.00229125,-0.00229125,7.258831e-39,7.258831e-39,-0.00229125,-0.00229125,7.258831e-39,7.4911e-40,7.4911e-40,0.0012166945,0.0012166945,7.4911e-40,7.4911e-40,0.0012166945,0.0012166945,7.4911e-40,7.4911e-40,7.4911e-40,7.4911e-40,0.0012166945,0.0012166945,0.0012166945,0.0012166945,Uniaxial,0.30550000071525574
6.952575501949771e-30,69114.265625,21340.13671875,0.0,0.09659365564584732,0.0,-0.00230625,0.0012295566,0.0012295566,1.6411263e-21,-4.446923e-21,5.8233515e-22,-0.0011685726,0.0010020211,0.0010020211,6.3372627e-22,-2.2040276e-21,-5.6354284e-22,9378817.0,-9378817.0,-9378817.0,9378817.0,9378817.0,-9378817.0,-9378817.0,9378817.0,7.014119e-05,7.014121e-05,0.0,0.0,7.014119e-05,7.014121e-05,0.0,0.0,7.013955e-05,7.013951e-05,7.013951e-05,7.013955e-05,0.0,0.0,0.0,0.0,-37515268.0,-0.0002805648,-0.0002805581,1.3841386e-11,-3.0816738e-11,1.5744033e-11,7.441982e-39,-0.00230625,-0.00230625,7.441982e-39,7.441982e-39,-0.00230625,-0.00230625,7.441982e-39,7.68012e-40,7.68012e-40,0.0012295566,0.0012295566,7.68012e-40,7.68012e-40,0.0012295566,0.0012295566,7.68011e-40,7.68011e-40,7.68011e-40,7.68011e-40,0.0012295566,0.0012295566,0.0012295566,0.0012295566,Uniaxial,0.3075000047683716
6.10983896348368e-30,69675.328125,21213.580078125,0.0,0.10195134580135345,0.0,-0.00232125,0.0012424188,0.0012424188,2.0646428e-21,-4.446923e-21,-3.6528296e-21,-0.0011835726,0.0010148833,0.0010148833,6.623061e-22,-2.2488914e-21,-6.2491557e-22,9323196.0,-9323196.0,-9323196.0,9323196.0,9323196.0,-9323196.0,-9323196.0,9323196.0,7.485999e-05,7.486001e-05,0.0,0.0,7.4859956e-05,7.485998e-05,0.0,0.0,7.486001e-05,7.485998e-05,7.4859956e-05,7.4859985e-05,0.0,0.0,0.0,0.0,-37292784.0,-0.00029943994,-0.00029943994,1.915344e-11,-3.002122e-11,-4.135595e-11,7.500231e-39,-0.00232125,-0.00232125,7.500231e-39,7.500231e-39,-0.00232125,-0.00232125,7.500231e-39,7.74023e-40,7.74023e-40,0.0012424188,0.0012424188,7.74023e-40,7.74023e-40,0.0012424188,0.0012424188,7.74023e-40,7.74023e-40,7.74023e-40,7.74023e-40,0.0012424188,0.0012424188,0.0012424188,0.0012424188,Uniaxial,0.3095000088214874
5.267102425017589e-30,70233.046875,21087.021484375,0.0,0.10730904340744019,0.0,-0.00233625,0.0012552809,0.0012552809,2.0646428e-21,-4.446923e-21,-1.9587637e-21,-0.0011985727,0.0010277454,0.0010277454,6.903562e-22,-2.2928576e-21,-6.517624e-22,9267576.0,-9267576.0,-9267576.0,9267576.0,9267576.0,-9267576.0,-9267576.0,9267576.0,8.023313e-05,8.023314e-05,0.0,0.0,8.023311e-05,8.023313e-05,0.0,0.0,8.0233156e-05,8.023313e-05,8.0233105e-05,8.0233134e-05,0.0,0.0,0.0,0.0,-37070304.0,-0.0003209325,-0.0003209325,1.8658346e-11,-2.9245207e-11,-1.7744828e-11,7.614147e-39,-0.00233625,-0.00233625,7.614147e-39,7.614147e-39,-0.00233625,-0.00233625,7.614147e-39,7.8578e-40,7.8578e-40,0.0012552809,0.0012552809,7.8578e-40,7.8578e-40,0.0012552809,0.0012552809,7.8578e-40,7.8578e-40,7.8578e-40,7.8578e-40,0.0012552809,0.0012552809,0.0012552809,0.0012552809,Uniaxial,0.31150001287460327
4.424365886551498e-30,70787.4375,20960.46484375,0.0,0.11266673356294632,0.0,-0.00235125,0.0012681431,0.0012681431,2.0646428e-21,-4.446923e-21,1.4293681e-21,-0.0012135727,0.0010406076,0.0010406076,7.1784535e-22,-2.3359443e-21,-6.1047247e-22,9211955.0,-9211955.0,-9211955.0,9211955.0,9211955.0,-9211955.0,-9211955.0,9211955.0,8.601447e-05,8.6014494e-05,0.0,0.0,8.601449e-05,8.60145e-05,0.0,0.0,8.60145e-05,8.6014465e-05,8.601448e-05,8.601451e-05,0.0,0.0,0.0,0.0,-36847820.0,-0.00034405795,-0.00034405795,1.8175392e-11,-2.8488222e-11,2.7528195e-11,7.753774e-39,-0.00235125,-0.00235125,7.753774e-39,7.753774e-39,-0.00235125,-0.00235125,7.753774e-39,8.00188e-40,8.00188e-40,0.0012681431,0.0012681431,8.00188e-40,8.00188e-40,0.0012681431,0.0012681431,8.00189e-40,8.00189e-40,8.00189e-40,8.00189e-40,0.0012681431,0.0012681431,0.0012681431,0.0012681431,Uniaxial,0.31349998712539673
6.10983896348368e-30,71338.484375,20833.90625,0.0,0.11802443116903305,0.0,-0.00236625,0.0012810052,0.0012810052,2.0646428e-21,-4.8704394e-21,-2.8057966e-21,-0.0012285728,0.0010534697,0.0010534697,7.4478476e-22,-2.3865984e-21,-6.539648e-22,9156335.0,-9156335.0,-9156335.0,9156335.0,9156335.0,-9156335.0,-9156335.0,9156335.0,9.199977e-05,9.1999784e-05,0.0,0.0,9.199977e-05,9.1999784e-05,0.0,0.0,9.200103e-05,9.2001e-05,9.2000984e-05,9.200101e-05,0.0,0.0,0.0,0.0,-36625340.0,-0.0003679991,-0.00036800402,1.7704293e-11,-3.331771e-11,-2.8864211e-11,7.897407e-39,-0.00236625,-0.00236625,7.897407e-39,7.897407e-39,-0.00236625,-0.00236625,7.897407e-39,8.15012e-40,8.15012e-40,0.0012810052,0.0012810052,8.15012e-40,8.15012e-40,0.0012810052,0.0012810052,8.1501e-40,8.1501e-40,8.1501e-40,8.1501e-40,0.0012810052,0.0012810052,0.0012810052,0.0012810052,Uniaxial,0.3154999911785126
4.424365886551498e-30,71885.8359375,20679.98828125,0.0,0.12454631924629211,0.0,-0.00238125,0.0012938674,0.0012938674,1.6411263e-21,-4.8704394e-21,5.8233515e-22,-0.0012435728,0.0010663319,0.0010663319,7.6275595e-22,-2.4362812e-21,-6.295708e-22,9088689.0,-9088689.0,-9088689.0,9088689.0,9088689.0,-9088689.0,-9088689.0,9088689.0,-0.005569963,-0.005569963,0.0,0.0,-0.005569963,-0.005569963,0.0,0.0,-0.005569963,-0.005569963,-0.005569963,-0.005569963,0.0,0.0,0.0,0.0,-36354756.0,0.022279851,0.022279851,1.1695227e-11,-3.2410054e-11,1.6136148e-11,-4.5190207e-37,-0.00238125,-0.00238125,-4.5190207e-37,-4.5190207e-37,-0.00238125,-0.00238125,-4.5190207e-37,-4.663625e-38,-4.663625e-38,0.0012938674,0.0012938674,-4.663625e-38,-4.663625e-38,0.0012938674,0.0012938674,-4.663625e-38,-4.663625e-38,-4.663625e-38,-4.663625e-38,0.0012938674,0.0012938674,0.0012938674,0.0012938674,Uniaxial,0.3174999952316284
5.267102425017589e-30,72429.046875,20519.84375,0.0,0.13132739067077637,0.0,-0.00239625,0.0013067294,0.0013067294,2.0646428e-21,-4.8704394e-21,5.8233515e-22,-0.0012585728,0.001079194,0.001079194,7.887549e-22,-2.4849703e-21,-6.0533137e-22,9018307.0,-9018307.0,-9018307.0,9018307.0,9018307.0,-9018307.0,-9018307.0,9018307.0,-0.00294909,-0.00294909,0.0,0.0,-0.00294909,-0.00294909,0.0,0.0,-0.00294909,-0.00294909,-0.00294909,-0.00294909,0.0,0.0,0.0,0.0,-36073228.0,0.01179636,0.01179636,1.6856494e-11,-3.151581e-11,1.5690949e-11,-2.2634365e-37,-0.00239625,-0.00239625,-2.2634365e-37,-2.2634365e-37,-0.00239625,-0.00239625,-2.2634365e-37,-2.3358643e-38,-2.3358643e-38,0.0013067294,0.0013067294,-2.3358643e-38,-2.3358643e-38,0.0013067294,0.0013067294,-2.3358642e-38,-2.3358642e-38,-2.3358642e-38,-2.3358642e-38,0.0013067294,0.0013067294,0.0013067294,0.0013067294,Uniaxial,0.31949999928474426
4.424365886551498e-30,72968.03125,20359.666015625,0.0,0.13810846209526062,0.0,-0.00241125,0.0013195915,0.0013195915,2.0646428e-21,-4.446923e-21,-2.646978e-22,-0.0012735728,0.0010920562,0.0010920562,8.1427555e-22,-2.5242563e-21,-5.984336e-22,8947910.0,-8947910.0,-8947910.0,8947910.0,8947910.0,-8947910.0,-8947910.0,8947910.0,-0.00016036833,-0.00016036832,0.0,0.0,-0.00016036832,-0.0001603683,0.0,0.0,-0.0001603683,-0.00016036833,-0.00016036833,-0.0001603683,0.0,0.0,0.0,0.0,-35791640.0,0.0006414733,0.0006414733,1.6390375e-11,-2.5203178e-11,4.374759e-12,-1.1677495e-38,-0.00241125,-0.00241125,-1.1677495e-38,-1.1677495e-38,-0.00241125,-0.00241125,-1.1677495e-38,-1.205117e-39,-1.205117e-39,0.0013195915,0.0013195915,-1.205117e-39,-1.205117e-39,0.0013195915,0.0013195915,-1.205117e-39,-1.205117e-39,-1.205117e-39,-1.205117e-39,0.0013195915,0.0013195915,0.0013195915,0.0013195915,Uniaxial,0.3215000033378601
5.267102425017589e-30,73502.796875,20199.490234375,0.0,0.14488951861858368,0.0,-0.00242625,0.0013324537,0.0013324537,2.0646428e-21,-4.8704394e-21,1.5881868e-22,-0.0012885728,0.0011049182,0.0011049182,8.3928595e-22,-2.5711437e-21,-5.8332843e-22,8877514.0,-8877514.0,-8877514.0,8877514.0,8877514.0,-8877514.0,-8877514.0,8877514.0,0.00035546444,0.00035546444,0.0,0.0,0.00035546444,0.00035546446,0.0,0.0,0.00035546444,0.0003554644,0.00035546444,0.00035546446,0.0,0.0,0.0,0.0,-35510056.0,-0.0014218577,-0.0014218577,1.5936159e-11,-2.9903077e-11,9.651861e-12,2.462179e-38,-0.00242625,-0.00242625,2.462179e-38,2.462179e-38,-0.00242625,-0.00242625,2.462179e-38,2.540967e-39,2.540967e-39,0.0013324537,0.0013324537,2.540967e-39,2.540967e-39,0.0013324537,0.0013324537,2.540966e-39,2.540966e-39,2.540966e-39,2.540966e-39,0.0013324537,0.0013324537,0.0013324537,0.0013324537,Uniaxial,0.32350000739097595
8.638047826565569e-30,74033.3359375,20039.314453125,0.0,0.15167059004306793,0.0,-0.00244125,0.0013453157,0.0013453157,2.0646428e-21,-5.7174724e-21,-2.646978e-22,-0.0013035728,0.0011177803,0.0011177803,8.637961e-22,-2.6339935e-21,-5.769131e-22,8807118.0,-8807118.0,-8807118.0,8807118.0,8807118.0,-8807118.0,-8807118.0,8807118.0,0.00013879822,0.00013879823,0.0,0.0,0.00013879823,0.00013879825,0.0,0.0,0.00013879825,0.0001387982,0.00013879822,0.00013879826,0.0,0.0,0.0,0.0,-35228470.0,-0.00055519294,-0.00055519294,1.5493554e-11,-3.9783635e-11,4.0282617e-12,9.167089e-39,-0.00244125,-0.00244125,9.167089e-39,9.167089e-39,-0.00244125,-0.00244125,9.167089e-39,9.46043e-40,9.46043e-40,0.0013453157,0.0013453157,9.46043e-40,9.46043e-40,0.0013453157,0.0013453157,9.46043e-40,9.46043e-40,9.46043e-40,9.46043e-40,0.0013453157,0.0013453157,0.0013453157,0.0013453157,Uniaxial,0.3255000114440918
1.1798309281576123e-29,74559.6484375,19879.13671875,0.0,0.15845166146755219,0.0,-0.00245625,0.0013581779,0.0013581779,2.0646428e-21,-6.5645053e-21,1.0058516e-21,-0.0013185728,0.0011306425,0.0011306425,8.878159e-22,-2.7125286e-21,-5.4538016e-22,8736721.0,-8736721.0,-8736721.0,8736721.0,8736721.0,-8736721.0,-8736721.0,8736721.0,-6.653806e-06,-6.6537905e-06,0.0,0.0,-6.653784e-06,-6.653769e-06,0.0,0.0,-6.655341e-06,-6.6553853e-06,-6.65536e-06,-6.6553157e-06,0.0,0.0,0.0,0.0,-34946884.0,2.661515e-05,2.6621403e-05,1.5062281e-11,-4.9301695e-11,1.9854314e-11,-4.19954e-40,-0.00245625,-0.00245625,-4.19954e-40,-4.19954e-40,-0.00245625,-0.00245625,-4.19954e-40,-4.334e-41,-4.334e-41,0.0013581779,0.0013581779,-4.334e-41,-4.334e-41,0.0013581779,0.0013581779,-4.3338e-41,-4.3338e-41,-4.3338e-41,-4.3338e-41,0.0013581779,0.0013581779,0.0013581779,0.0013581779,Uniaxial,0.32749998569488525
9.270100418494234e-30,75081.7421875,19718.9609375,0.0,0.16523273289203644,0.0,-0.00247125,0.00137104,0.00137104,2.0646428e-21,-6.140989e-21,1.4293681e-21,-0.0013335728,0.0011435045,0.0011435045,9.113553e-22,-2.781148e-21,-5.0592313e-22,8666325.0,-8666325.0,-8666325.0,8666325.0,8666325.0,-8666325.0,-8666325.0,8666325.0,-2.4217008e-05,-2.4216992e-05,0.0,0.0,-2.4216983e-05,-2.4216968e-05,0.0,0.0,-2.4216977e-05,-2.4217017e-05,-2.4216997e-05,-2.4216957e-05,0.0,0.0,0.0,0.0,-34665300.0,9.686795e-05,9.6867945e-05,1.4642062e-11,-4.265632e-11,2.4570332e-11,-1.463391e-39,-0.00247125,-0.00247125,-1.463391e-39,-1.463391e-39,-0.00247125,-0.00247125,-1.463391e-39,-1.51021e-40,-1.51021e-40,0.00137104,0.00137104,-1.51021e-40,-1.51021e-40,0.00137104,0.00137104,-1.51024e-40,-1.51024e-40,-1.51024e-40,-1.51024e-40,0.00137104,0.00137104,0.00137104,0.00137104,Uniaxial,0.3294999897480011
8.638047826565569e-30,75599.609375,19558.783203125,0.0,0.1720138043165207,0.0,-0.00248625,0.0013839022,0.0013839022,2.4881593e-21,-5.293956e-21,1.8528846e-21,-0.0013485728,0.0011563667,0.0011563667,9.428531e-22,-2.8314948e-21,-4.587836e-22,8595929.0,-8595929.0,-8595929.0,8595929.0,8595929.0,-8595929.0,-8595929.0,8595929.0,-7.742143e-06,-7.7421255e-06,0.0,0.0,-7.742125e-06,-7.742107e-06,0.0,0.0,-7.744047e-06,-7.744082e-06,-7.744055e-06,-7.744021e-06,0.0,0.0,0.0,0.0,-34383716.0,3.09685e-05,3.0976207e-05,1.945974e-11,-3.1009296e-11,2.9110388e-11,-4.48853e-40,-0.00248625,-0.00248625,-4.48853e-40,-4.48853e-40,-0.00248625,-0.00248625,-4.48853e-40,-4.6323e-41,-4.6323e-41,0.0013839022,0.0013839022,-4.6323e-41,-4.6323e-41,0.0013839022,0.0013839022,-4.632e-41,-4.632e-41,-4.632e-41,-4.632e-41,0.0013839022,0.0013839022,0.0013839022,0.0013839022,Uniaxial,0.33149999380111694
6.952575501949771e-30,76113.25,19398.607421875,0.0,0.17879486083984375,0.0,-0.00250125,0.0013967642,0.0013967642,2.4881593e-21,-5.7174724e-21,2.6999175e-21,-0.0013635728,0.0011692288,0.0011692288,9.737628e-22,-2.8891797e-21,-3.9568637e-22,8525532.0,-8525532.0,-8525532.0,8525532.0,8525532.0,-8525532.0,-8525532.0,8525532.0,1.2148641e-06,1.2148814e-06,0.0,0.0,1.2148952e-06,1.2149123e-06,0.0,0.0,1.2133659e-06,1.2133327e-06,1.2133598e-06,1.213393e-06,0.0,0.0,0.0,0.0,-34102130.0,-4.859553e-06,-4.853451e-06,1.8914323e-11,-3.5324462e-11,3.8663094e-11,6.7564e-41,-0.00250125,-0.00250125,6.7564e-41,6.7564e-41,-0.00250125,-0.00250125,6.7564e-41,6.974e-42,6.974e-42,0.0013967642,0.0013967642,6.974e-42,6.974e-42,0.0013967642,0.0013967642,6.971e-42,6.971e-42,6.971e-42,6.971e-42,0.0013967642,0.0013967642,0.0013967642,0.0013967642,Uniaxial,0.3334999978542328
8.427363880028142e-30,76622.671875,19238.4296875,0.0,0.185575932264328,0.0,-0.00251625,0.0014096263,0.0014096263,2.9116758e-21,-4.8704394e-21,1.4293681e-21,-0.0013785728,0.0011820908,0.0011820908,1.0124837e-21,-2.9288937e-21,-3.590548e-22,8455136.0,-8455136.0,-8455136.0,8455136.0,8455136.0,-8455136.0,-8455136.0,8455136.0,1.8501217e-06,1.8501452e-06,0.0,0.0,1.8501445e-06,1.8501679e-06,0.0,0.0,1.8512874e-06,1.8512599e-06,1.8512787e-06,1.8513063e-06,0.0,0.0,0.0,0.0,-33820544.0,-7.4005793e-06,-7.4051322e-06,2.3524434e-11,-2.404905e-11,2.2152386e-11,9.918e-41,-0.00251625,-0.00251625,9.918e-41,9.918e-41,-0.00251625,-0.00251625,9.918e-41,1.0236e-41,1.0236e-41,0.0014096263,0.0014096263,1.0236e-41,1.0236e-41,0.0014096263,0.0014096263,1.0235e-41,1.0235e-41,1.0235e-41,1.0235e-41,0.0014096263,0.0014096263,0.0014096263,0.0014096263,Uniaxial,0.33550000190734863
1.0112836956960325e-29,77127.8671875,19078.25390625,0.0,0.19235700368881226,0.0,-0.00253125,0.0014224885,0.0014224885,3.7587087e-21,-5.293956e-21,2.276401e-21,-0.0013935728,0.001194953,0.001194953,1.0673304e-21,-2.976159e-21,-3.064229e-22,8384739.5,-8384739.5,-8384739.5,8384739.5,8384739.5,-8384739.5,-8384739.5,8384739.5,5.2435905e-07,5.2438725e-07,0.0,0.0,5.243866e-07,5.2441476e-07,0.0,0.0,5.2439674e-07,5.243631e-07,5.243828e-07,5.2441646e-07,0.0,0.0,0.0,0.0,-33538958.0,-2.0975476e-06,-2.0975592e-06,3.305933e-11,-2.847047e-11,3.172591e-11,2.7097e-41,-0.00253125,-0.00253125,2.7097e-41,2.7097e-41,-0.00253125,-0.00253125,2.7097e-41,2.794e-42,2.794e-42,0.0014224885,0.0014224885,2.794e-42,2.794e-42,0.0014224885,0.0014224885,2.798e-42,2.798e-42,2.798e-42,2.798e-42,0.0014224885,0.0014224885,0.0014224885,0.0014224885,Uniaxial,0.3375000059604645
8.848731773102996e-30,77628.8359375,18918.078125,0.0,0.1991380751132965,0.0,-0.00254625,0.0014353505,0.0014353505,3.7587087e-21,-6.140989e-21,-1.1117307e-21,-0.0014085728,0.0012078151,0.0012078151,1.1211642e-21,-3.0393788e-21,-3.2219427e-22,8314343.5,-8314343.5,-8314343.5,8314343.5,8314343.5,-8314343.5,-8314343.5,8314343.5,-1.3475771e-07,-1.3472999e-07,0.0,0.0,-1.3476252e-07,-1.3473479e-07,0.0,0.0,-1.3472716e-07,-1.3476547e-07,-1.3476252e-07,-1.3472419e-07,0.0,0.0,0.0,0.0,-33257374.0,5.38985e-07,5.3897935e-07,3.212606e-11,-3.7778513e-11,-9.616784e-12,-6.704e-42,-0.00254625,-0.00254625,-6.704e-42,-6.704e-42,-0.00254625,-0.00254625,-6.704e-42,-6.92e-43,-6.92e-43,0.0014353505,0.0014353505,-6.92e-43,-6.92e-43,0.0014353505,0.0014353505,-6.92e-43,-6.92e-43,-6.92e-43,-6.92e-43,0.0014353505,0.0014353505,0.0014353505,0.0014353505,Uniaxial,0.3395000100135803
9.270100418494234e-30,78125.5859375,18757.900390625,0.0,0.20591914653778076,0.0,-0.00256125,0.0014482127,0.0014482127,2.9116758e-21,-6.5645053e-21,1.0058516e-21,-0.0014235728,0.0012206772,0.0012206772,1.157063e-21,-3.1098475e-21,-2.9583917e-22,8243947.0,-8243947.0,-8243947.0,8243947.0,8243947.0,-8243947.0,-8243947.0,8243947.0,-1.6280218e-07,-1.6277603e-07,0.0,0.0,-1.6279431e-07,-1.6276817e-07,0.0,0.0,-1.6092655e-07,-1.6096685e-07,-1.609551e-07,-1.6091481e-07,0.0,0.0,0.0,0.0,-32975788.0,6.511407e-07,6.437633e-07,2.1190742e-11,-4.1722462e-11,1.572073e-11,-7.777e-42,-0.00256125,-0.00256125,-7.777e-42,-7.777e-42,-0.00256125,-0.00256125,-7.777e-42,-8.02e-43,-8.02e-43,0.0014482127,0.0014482127,-8.02e-43,-8.02e-43,0.0014482127,0.0014482127,-8.03e-43,-8.03e-43,-8.03e-43,-8.03e-43,0.0014482127,0.0014482127,0.0014482127,0.0014482127,Uniaxial,0.34150001406669617
9.059416471956807e-30,78618.109375,18597.724609375,0.0,0.21270020306110382,0.0,-0.00257625,0.0014610748,0.0014610748,3.7587087e-21,-6.140989e-21,-1.1117307e-21,-0.0014385728,0.0012335393,0.0012335393,1.2090184e-21,-3.1705197e-21,-3.119493e-22,8173550.5,-8173550.5,-8173550.5,8173550.5,8173550.5,-8173550.5,-8173550.5,8173550.5,-4.373386e-08,-4.3703047e-08,0.0,0.0,-4.3738645e-08,-4.3707836e-08,0.0,0.0,-4.3702975e-08,-4.3740194e-08,-4.374498e-08,-4.3707765e-08,0.0,0.0,0.0,0.0,-32694202.0,1.7488338e-07,1.7489592e-07,3.0530075e-11,-3.5568496e-11,-9.5766095e-12,-2.053e-42,-0.00257625,-0.00257625,-2.053e-42,-2.053e-42,-0.00257625,-0.00257625,-2.053e-42,-2.13e-43,-2.13e-43,0.0014610748,0.0014610748,-2.13e-43,-2.13e-43,0.0014610748,0.0014610748,-2.1e-43,-2.1e-43,-2.1e-43,-2.1e-43,0.0014610748,0.0014610748,0.0014610748,0.0014610748,Uniaxial,0.3434999883174896
9.059416471956807e-30,79106.4140625,18437.546875,0.0,0.21948127448558807,0.0,-0.00259125,0.0014739368,0.0014739368,4.182225e-21,-6.140989e-21,-1.9587637e-21,-0.0014535728,0.0012464015,0.0012464015,1.2684472e-21,-3.2299365e-21,-3.4480429e-22,8103154.5,-8103154.5,-8103154.5,8103154.5,8103154.5,-8103154.5,-8103154.5,8103154.5,1.3997724e-08,1.4026678e-08,0.0,0.0,1.3995916e-08,1.4024871e-08,0.0,0.0,1.29434445e-08,1.29067335e-08,1.290104e-08,1.2937751e-08,0.0,0.0,0.0,0.0,-32412618.0,-5.6045188e-08,-5.1688968e-08,3.458918e-11,-3.4556826e-11,-1.9159159e-11,6.14e-43,-0.00259125,-0.00259125,6.14e-43,6.14e-43,-0.00259125,-0.00259125,6.14e-43,6.4e-44,6.4e-44,0.0014739368,0.0014739368,6.4e-44,6.4e-44,0.0014739368,0.0014739368,6.2e-44,6.2e-44,6.2e-44,6.2e-44,0.0014739368,0.0014739368,0.0014739368,0.0014739368,Uniaxial,0.34549999237060547
8.216679933490716e-30,79590.4921875,18277.37109375,0.0,0.22626234591007233,0.0,-0.00260625,0.001486799,0.001486799,3.7587087e-21,-6.5645053e-21,5.8233515e-22,-0.0014685728,0.0012592636,0.0012592636,1.3183005e-21,-3.2965938e-21,-3.2651167e-22,8032758.0,-8032758.0,-8032758.0,8032758.0,8032758.0,-8032758.0,-8032758.0,8032758.0,1.6338602e-08,1.636462e-08,0.0,0.0,1.6347835e-08,1.6373853e-08,0.0,0.0,1.6370576e-08,1.6331915e-08,1.6337262e-08,1.6375923e-08,0.0,0.0,0.0,0.0,-32131032.0,-6.5424906e-08,-6.5415676e-08,2.8718177e-11,-3.845605e-11,1.0695105e-11,7.13e-43,-0.00260625,-0.00260625,7.13e-43,7.13e-43,-0.00260625,-0.00260625,7.13e-43,7.4e-44,7.4e-44,0.001486799,0.001486799,7.4e-44,7.4e-44,0.001486799,0.001486799,7.4e-44,7.4e-44,7.4e-44,7.4e-44,0.001486799,0.001486799,0.001486799,0.001486799,Uniaxial,0.3474999964237213
1.2008993228113549e-29,80070.34375,18117.193359375,0.0,0.23304341733455658,0.0,-0.00262125,0.0014996611,0.0014996611,3.3351922e-21,-6.5645053e-21,2.6999175e-21,-0.0014835729,0.0012721256,0.0012721256,1.3586856e-21,-3.3619599e-21,-2.661877e-22,7962361.5,-7962361.5,-7962361.5,7962361.5,7962361.5,-7962361.5,-7962361.5,7962361.5,3.0568066e-09,3.0799936e-09,0.0,0.0,3.0857652e-09,3.1089522e-09,0.0,0.0,4.522235e-09,4.4802384e-09,4.4936512e-09,4.535648e-09,0.0,0.0,0.0,0.0,-31849446.0,-1.2331517e-08,-1.8031773e-08,2.3055252e-11,-3.7356562e-11,3.459857e-11,2.02e-43,-0.00262125,-0.00262125,2.02e-43,2.02e-43,-0.00262125,-0.00262125,2.02e-43,2.1e-44,2.1e-44,0.0014996611,0.0014996611,2.1e-44,2.1e-44,0.0014996611,0.0014996611,2e-44,2e-44,2e-44,2e-44,0.0014996611,0.0014996611,0.0014996611,0.0014996611,Uniaxial,0.34950000047683716
1.2641045820042214e-29,80545.9765625,17957.017578125,0.0,0.23982448875904083,0.0,-0.00263625,0.0015125232,0.0015125232,2.9116758e-21,-7.411538e-21,1.4293681e-21,-0.0014985729,0.0012849878,0.0012849878,1.3897916e-21,-3.442877e-21,-2.3214705e-22,7891965.5,-7891965.5,-7891965.5,7891965.5,7891965.5,-7891965.5,-7891965.5,7891965.5,-2.428732e-09,-2.4082751e-09,0.0,0.0,-2.4113542e-09,-2.3908973e-09,0.0,0.0,-2.395133e-09,-2.4413935e-09,-2.4201294e-09,-2.3738689e-09,0.0,0.0,0.0,0.0,-31567862.0,9.639258e-09,9.630525e-09,1.7595292e-11,-4.588375e-11,1.9209637e-11,-6.7e-44,-0.00263625,-0.00263625,-6.7e-44,-6.7e-44,-0.00263625,-0.00263625,-6.7e-44,-8e-45,-8e-45,0.0015125232,0.0015125232,-8e-45,-8e-45,0.0015125232,0.0015125232,-6e-45,-6e-45,-6e-45,-6e-45,0.0015125232,0.0015125232,0.0015125232,0.0015125232,Uniaxial,0.351500004529953
1.2008993228113549e-29,81017.3828125,17796.841796875,0.0,0.2466055452823639,0.0,-0.00265125,0.0015253853,0.0015253853,2.9116758e-21,-8.258571e-21,1.5881868e-22,-0.0015135729,0.0012978499,0.0012978499,1.4202332e-21,-3.539118e-21,-2.2419972e-22,7821569.0,-7821569.0,-7821569.0,7821569.0,7821569.0,-7821569.0,-7821569.0,7821569.0,-4.014992e-10,-3.8129513e-10,0.0,0.0,-3.9541836e-10,-3.752143e-10,0.0,0.0,-3.710205e-10,-4.213778e-10,-4.075241e-10,-3.571668e-10,0.0,0.0,0.0,0.0,-31286276.0,1.553427e-09,1.5570892e-09,1.708953e-11,-5.4077333e-11,4.388774e-12,-8.1e-44,-0.00265125,-0.00265125,-8.1e-44,-8.1e-44,-0.00265125,-0.00265125,-8.1e-44,-8e-45,-8e-45,0.0015253853,0.0015253853,-8e-45,-8e-45,0.0015253853,0.0015253853,-8e-45,-8e-45,-8e-45,-8e-45,0.0015253853,0.0015253853,0.0015253853,0.0015253853,Uniaxial,0.35350000858306885
1.2008993228113549e-29,81484.5625,17636.6640625,0.0,0.25338661670684814,0.0,-0.00266625,0.0015382475,0.0015382475,3.3351922e-21,-8.682088e-21,1.5881868e-22,-0.0015285729,0.001310712,0.001310712,1.4584949e-21,-3.6419474e-21,-2.1653777e-22,7751172.5,-7751172.5,-7751172.5,7751172.5,7751172.5,-7751172.5,-7751172.5,7751172.5,3.1454258e-12,2.9346362e-11,0.0,0.0,1.3049432e-11,3.925037e-11,0.0,0.0,3.8465182e-11,-1.3469487e-11,-7.451916e-12,4.448275e-11,0.0,0.0,0.0,0.0,-31004690.0,-8.479159e-11,-6.202653e-11,2.1310387e-11,-5.7232108e-11,4.2622707e-12,-2e-44,-0.00266625,-0.00266625,-2e-44,-2e-44,-0.00266625,-0.00266625,-2e-44,-1e-45,-3e-45,0.0015382475,0.0015382475,-3e-45,-3e-45,0.0015382475,0.0015382475,-3e-45,-3e-45,-3e-45,-3e-45,0.0015382475,0.0015382475,0.0015382475,0.0015382475,Uniaxial,0.3555000126361847
1.3694466305045731e-29,81947.5234375,17476.48828125,0.0,0.2601676881313324,0.0,-0.00268125,0.0015511095,0.0015511095,4.6057417e-21,-8.258571e-21,-1.1117307e-21,-0.0015435729,0.0013235741,0.0013235741,1.5213209e-21,-3.734333e-21,-2.3431739e-22,7680776.5,-7680776.5,-7680776.5,7680776.5,7680776.5,-7680776.5,-7680776.5,7680776.5,3.3129563e-10,3.641945e-10,0.0,0.0,3.341321e-10,3.6703102e-10,0.0,0.0,3.6552922e-10,3.1675693e-10,3.2347985e-10,3.7225215e-10,0.0,0.0,0.0,0.0,-30723106.0,-1.3966532e-09,-1.3780181e-09,3.470631e-11,-5.0907327e-11,-9.872771e-12,1.1e-44,-0.00268125,-0.00268125,1.1e-44,1.1e-44,-0.00268125,-0.00268125,1.1e-44,1e-45,1e-45,0.0015511095,0.0015511095,1e-45,1e-45,0.0015511095,0.0015511095,1e-45,1e-45,1e-45,1e-45,0.0015511095,0.0015511095,0.0015511095,0.0015511095,Uniaxial,0.35749998688697815
1.0955572743110031e-29,82406.2578125,17316.310546875,0.0,0.26694875955581665,0.0,-0.00269625,0.0015639716,0.0015639716,4.6057417e-21,-8.682088e-21,-2.646978e-22,-0.0015585729,0.0013364363,0.0013364363,1.5830162e-21,-3.8332584e-21,-2.3500873e-22,7610380.0,-7610380.0,-7610380.0,7610380.0,7610380.0,-7610380.0,-7610380.0,7610380.0,5.899686e-10,6.1847805e-10,0.0,0.0,5.9757593e-10,6.260854e-10,0.0,0.0,-7.307272e-10,-7.810756e-10,-7.773547e-10,-7.2700623e-10,0.0,0.0,0.0,0.0,-30441520.0,-2.4321078e-09,3.0161638e-09,3.3700376e-11,-5.4059614e-11,-3.3100343e-13,2e-44,-0.00269625,-0.00269625,2e-44,2e-44,-0.00269625,-0.00269625,2e-44,1e-45,1e-45,0.0015639716,0.0015639716,1e-45,1e-45,0.0015639716,0.0015639716,1e-45,1e-45,1e-45,1e-45,0.0015639716,0.0015639716,0.0015639716,0.0015639716,Uniaxial,0.359499990940094
1.3694466305045731e-29,82860.765625,17156.134765625,0.0,0.2737298309803009,0.0,-0.00271125,0.0015768338,0.0015768338,3.3351922e-21,-7.411538e-21,1.8528846e-21,-0.0015735729,0.0013492983,0.0013492983,1.6181905e-21,-3.904959e-21,-1.9345692e-22,7539983.5,-7539983.5,-7539983.5,7539983.5,7539983.5,-7539983.5,-7539983.5,7539983.5,-6.834713e-11,-4.7204927e-11,0.0,0.0,-4.5386004e-11,-2.4243805e-11,0.0,0.0,-1.7199195e-09,-1.7626047e-09,-1.7396437e-09,-1.6969584e-09,0.0,0.0,0.0,0.0,-30159934.0,1.8518187e-10,6.919126e-09,1.8965787e-11,-3.8733235e-11,2.260363e-11,-7e-45,-0.00271125,-0.00271125,-7e-45,-7e-45,-0.00271125,-0.00271125,-7e-45,-1e-45,-1e-45,0.0015768338,0.0015768338,-1e-45,-1e-45,0.0015768338,0.0015768338,-1e-45,-1e-45,-1e-45,-1e-45,0.0015768338,0.0015768338,0.0015768338,0.0015768338,Uniaxial,0.36149999499320984
1.6011991973906578e-29,83311.0546875,16995.95703125,0.0,0.28051090240478516,0.0,-0.00272625,0.0015896958,0.0015896958,2.9116758e-21,-8.258571e-21,3.5469505e-21,-0.0015885729,0.0013621604,0.0013621604,1.6441061e-21,-3.991958e-21,-1.1880927e-22,7469587.5,-7469587.5,-7469587.5,7469587.5,7469587.5,-7469587.5,-7469587.5,7469587.5,2.5761074e-10,2.762054e-10,0.0,0.0,2.8544037e-10,3.0403502e-10,0.0,0.0,2.83615e-10,2.3695215e-10,2.7644106e-10,3.231039e-10,0.0,0.0,0.0,0.0,-29878350.0,-1.1232916e-09,-1.1201121e-09,1.3870693e-11,-4.6688462e-11,4.011348e-11,3e-45,-0.00272625,-0.00272625,3e-45,3e-45,-0.00272625,-0.00272625,3e-45,0.0,0.0,0.0015896958,0.0015896958,0.0,0.0,0.0015896958,0.0015896958,0.0,0.0,0.0,0.0,0.0015896958,0.0015896958,0.0015896958,0.0015896958,Uniaxial,0.3634999990463257
1.3694466305045731e-29,83757.1171875,16835.78125,0.0,0.2872919738292694,0.0,-0.00274125,0.001602558,0.001602558,3.3351922e-21,-8.682088e-21,2.6999175e-21,-0.0016035729,0.0013750226,0.0013750226,1.6778899e-21,-4.0857294e-21,-6.23444e-23,7399191.0,-7399191.0,-7399191.0,7399191.0,7399191.0,-7399191.0,-7399191.0,7399191.0,-3.9306788e-10,-3.724263e-10,0.0,0.0,-3.6643766e-10,-3.457961e-10,0.0,0.0,-3.5910452e-10,-4.0733453e-10,-3.8070427e-10,-3.3247427e-10,0.0,0.0,0.0,0.0,-29596764.0,1.4777279e-09,1.4796177e-09,1.7964522e-11,-4.9822764e-11,2.994186e-11,-4e-45,-0.00274125,-0.00274125,-4e-45,-4e-45,-0.00274125,-0.00274125,-4e-45,-0.0,-0.0,0.001602558,0.001602558,-0.0,-0.0,0.001602558,0.001602558,-0.0,-0.0,-0.0,-0.0,0.001602558,0.001602558,0.001602558,0.001602558,Uniaxial,0.36550000309944153
1.4537202091195438e-29,84198.953125,16675.60546875,0.0,0.29407304525375366,0.0,-0.00275625,0.0016154201,0.0016154201,4.182225e-21,-8.258571e-21,1.0058516e-21,-0.0016185729,0.0013878846,0.0013878846,1.7278983e-21,-4.1692387e-21,-4.0808873e-23,7328794.5,-7328794.5,-7328794.5,7328794.5,7328794.5,-7328794.5,-7328794.5,7328794.5,-6.339064e-11,-3.4669472e-11,0.0,0.0,-4.2226167e-11,-1.3505e-11,0.0,0.0,-1.9784953e-11,-6.50561e-11,-5.555094e-11,-1.02797874e-11,0.0,0.0,0.0,0.0,-29315178.0,1.5379129e-10,1.5067178e-10,2.6350852e-11,-4.3905074e-11,1.1237458e-11,-0.0,-0.00275625,-0.00275625,-0.0,-0.0,-0.00275625,-0.00275625,-0.0,-0.0,-0.0,0.0016154201,0.0016154201,-0.0,-0.0,0.0016154201,0.0016154201,-0.0,-0.0,-0.0,-0.0,0.0016154201,0.0016154201,0.0016154201,0.0016154201,Uniaxial,0.3675000071525574
1.2008993228113549e-29,84636.5703125,16515.427734375,0.0,0.3008540868759155,0.0,-0.00277125,0.0016282822,0.0016282822,5.029258e-21,-8.682088e-21,1.4293681e-21,-0.0016335729,0.0014007468,0.0014007468,1.7938488e-21,-4.2594644e-21,-1.1443048e-23,7258398.5,-7258398.5,-7258398.5,7258398.5,7258398.5,-7258398.5,-7258398.5,7258398.5,-3.7475245e-10,-3.4200506e-10,0.0,0.0,-3.5931924e-10,-3.2657185e-10,0.0,0.0,9.651258e-10,9.1829344e-10,9.298402e-10,9.766725e-10,0.0,0.0,0.0,0.0,-29033594.0,1.4026487e-09,-3.789932e-09,3.4403272e-11,-4.702734e-11,1.5320663e-11,-7e-45,-0.00277125,-0.00277125,-7e-45,-7e-45,-0.00277125,-0.00277125,-7e-45,-0.0,-0.0,0.0016282822,0.0016282822,-0.0,-0.0,0.0016282822,0.0016282822,-0.0,-0.0,-0.0,-0.0,0.0016282822,0.0016282822,0.0016282822,0.0016282822,Uniaxial,0.3695000112056732
1.4537202091195438e-29,85069.9609375,16355.251953125,0.0,0.3076351583003998,0.0,-0.00278625,0.0016411443,0.0016411443,5.029258e-21,-9.105604e-21,5.8233515e-22,-0.0016485729,0.0014136089,0.0014136089,1.8585646e-21,-4.3563568e-21,5.1805245e-25,7188002.0,-7188002.0,-7188002.0,7188002.0,7188002.0,-7188002.0,-7188002.0,7188002.0,5.941385e-10,6.2637834e-10,0.0,0.0,6.1274763e-10,6.449874e-10,0.0,0.0,6.3826133e-10,5.899374e-10,5.9688715e-10,6.452111e-10,0.0,0.0,0.0,0.0,-28752008.0,-2.4782518e-09,-2.470297e-09,3.3388136e-11,-5.001067e-11,6.126668e-12,1e-45,-0.00278625,-0.00278625,1e-45,1e-45,-0.00278625,-0.00278625,1e-45,-0.0,-0.0,0.0016411443,0.0016411443,-0.0,-0.0,0.0016411443,0.0016411443,1e-45,1e-45,1e-45,1e-45,0.0016411443,0.0016411443,0.0016411443,0.0016411443,Uniaxial,0.3714999854564667
1.2851730518896025e-29,85499.1328125,16195.0751953125,0.0,0.31441622972488403,0.0,-0.00280125,0.0016540064,0.0016540064,5.029258e-21,-9.529121e-21,2.6999175e-21,-0.0016635729,0.0014264709,0.0014264709,1.921986e-21,-4.4597822e-21,5.430232e-23,7117605.5,-7117605.5,-7117605.5,7117605.5,7117605.5,-7117605.5,-7117605.5,7117605.5,-6.639568e-11,-3.465002e-11,0.0,0.0,-5.2602634e-11,-2.085697e-11,0.0,0.0,-3.2387454e-11,-8.213532e-11,-5.6682964e-11,-6.935097e-12,0.0,0.0,0.0,0.0,-28470422.0,1.7450531e-10,1.7814084e-10,3.2399843e-11,-5.2858506e-11,2.75861e-11,4e-45,-0.00280125,-0.00280125,4e-45,4e-45,-0.00280125,-0.00280125,4e-45,1e-45,1e-45,0.0016540064,0.0016540064,1e-45,1e-45,0.0016540064,0.0016540064,-0.0,-0.0,-0.0,-0.0,0.0016540064,0.0016540064,0.0016540064,0.0016540064,Uniaxial,0.3734999895095825
1.4537202091195438e-29,85924.078125,16034.8984375,0.0,0.3211973011493683,0.0,-0.00281625,0.0016668686,0.0016668686,4.6057417e-21,-9.105604e-21,2.6999175e-21,-0.0016785729,0.0014393331,0.0014393331,1.97571e-21,-4.552752e-21,1.0722004e-22,7047209.5,-7047209.5,-7047209.5,7047209.5,7047209.5,-7047209.5,-7047209.5,7047209.5,1.1819299e-09,1.2110518e-09,0.0,0.0,1.2108591e-09,1.239981e-09,0.0,0.0,1.222581e-09,1.1757607e-09,1.1930306e-09,1.2398509e-09,0.0,0.0,0.0,0.0,-28188838.0,-4.843822e-09,-4.8312234e-09,2.7152378e-11,-4.7003523e-11,2.676694e-11,6e-45,-0.00281625,-0.00281625,6e-45,6e-45,-0.00281625,-0.00281625,6e-45,-0.0,-0.0,0.0016668686,0.0016668686,-0.0,-0.0,0.0016668686,0.0016668686,1e-45,1e-45,1e-45,1e-45,0.0016668686,0.0016668686,0.0016668686,0.0016668686,Uniaxial,0.37549999356269836
1.7065412458910096e-29,86345.0,15889.9501953125,0.0,0.32733047008514404,0.0,-0.00283125,0.0016797306,0.0016797306,4.6057417e-21,-9.529121e-21,1.8528846e-21,-0.0016935728,0.0014521952,0.0014521952,2.0283171e-21,-4.6522496e-21,1.4222188e-22,6983505.5,-6983505.5,-6983505.5,6983505.5,6983505.5,-6983505.5,-6983505.5,6983505.5,5.6652794e-10,5.9525807e-10,0.0,0.0,5.8305144e-10,6.117815e-10,0.0,0.0,5.960749e-10,5.478095e-10,5.7599225e-10,6.2425765e-10,0.0,0.0,0.0,0.0,-27934022.0,-2.356619e-09,-2.3441342e-09,2.6368725e-11,-4.9893555e-11,1.750119e-11,-4e-45,-0.00283125,-0.00283125,-4e-45,-4e-45,-0.00283125,-0.00283125,-4e-45,0.0,0.0,0.0016797306,0.0016797306,0.0,0.0,0.0016797306,0.0016797306,-1e-45,-1e-45,-1e-45,-1e-45,0.0016797306,0.0016797306,0.0016797306,0.0016797306,Uniaxial,0.3774999976158142
1.2008993228113549e-29,86762.171875,15750.5908203125,0.0,0.33322903513908386,0.0,-0.00284625,0.0016925927,0.0016925927,5.029258e-21,-9.952637e-21,1.8528846e-21,-0.0017085728,0.0014650573,0.0014650573,2.0883013e-21,-4.758228e-21,1.7643974e-22,6922258.5,-6922258.5,-6922258.5,6922258.5,6922258.5,-6922258.5,-6922258.5,6922258.5,5.6784105e-10,5.982988e-10,0.0,0.0,5.8411426e-10,6.14572e-10,0.0,0.0,6.1020977e-10,5.605531e-10,5.729399e-10,6.225966e-10,0.0,0.0,0.0,0.0,-27689034.0,-2.3648261e-09,-2.3662994e-09,2.982402e-11,-5.2676107e-11,1.70007e-11,3e-45,-0.00284625,-0.00284625,3e-45,3e-45,-0.00284625,-0.00284625,3e-45,0.0,0.0,0.0016925927,0.0016925927,0.0,0.0,0.0016925927,0.0016925927,0.0,0.0,0.0,0.0,0.0016925927,0.0016925927,0.0016925927,0.0016925927,Uniaxial,0.37950000166893005
1.3694466305045731e-29,87175.671875,15611.259765625,0.0,0.3391276001930237,0.0,-0.00286125,0.0017054549,0.0017054549,5.029258e-21,-9.105604e-21,1.8528846e-21,-0.0017235728,0.0014779194,0.0014779194,2.1471272e-21,-4.8452702e-21,2.0997272e-22,6861023.5,-6861023.5,-6861023.5,6861023.5,6861023.5,-6861023.5,-6861023.5,6861023.5,1.1938245e-09,1.2238547e-09,0.0,0.0,1.209854e-09,1.2398842e-09,0.0,0.0,1.6742816e-12,-4.30551e-11,-2.3139162e-11,2.159022e-11,0.0,0.0,0.0,0.0,-27444094.0,-4.8674176e-09,4.2929764e-11,2.8968921e-11,-4.2821538e-11,1.6513263e-11,-8e-45,-0.00286125,-0.00286125,-8e-45,-8e-45,-0.00286125,-0.00286125,-8e-45,-1e-45,-1e-45,0.0017054549,0.0017054549,-1e-45,-1e-45,0.0017054549,0.0017054549,-0.0,-0.0,-0.0,-0.0,0.0017054549,0.0017054549,0.0017054549,0.0017054549,Uniaxial,0.3815000057220459
1.3694466305045731e-29,87585.4921875,15471.9296875,0.0,0.3450261354446411,0.0,-0.00287625,0.0017183169,0.0017183169,5.4527746e-21,-9.529121e-21,1.0058516e-21,-0.0017385728,0.0014907815,0.0014907815,2.2132061e-21,-4.938917e-21,2.2597654e-22,6799789.0,-6799789.0,-6799789.0,6799789.0,6799789.0,-6799789.0,-6799789.0,6799789.0,-5.625645e-11,-2.4575213e-11,0.0,0.0,-4.4599213e-11,-1.2917977e-11,0.0,0.0,-2.266924e-11,-6.885053e-11,-5.330686e-11,-7.125566e-12,0.0,0.0,0.0,0.0,-27199156.0,1.3834886e-10,1.519522e-10,3.227099e-11,-4.5725358e-11,7.768733e-12,6e-45,-0.00287625,-0.00287625,6e-45,6e-45,-0.00287625,-0.00287625,6e-45,1e-45,1e-45,0.0017183169,0.0017183169,1e-45,1e-45,0.0017183169,0.0017183169,-0.0,-0.0,-0.0,-0.0,0.0017183169,0.0017183169,0.0017183169,0.0017183169,Uniaxial,0.38350000977516174
1.622267516812762e-29,87991.6484375,15332.5986328125,0.0,0.35092470049858093,0.0,-0.00289125,0.0017311791,0.0017311791,5.4527746e-21,-9.952637e-21,2.276401e-21,-0.0017535728,0.0015036437,0.0015036437,2.2780053e-21,-5.0391613e-21,2.6686402e-22,6738554.5,-6738554.5,-6738554.5,6738554.5,6738554.5,-6738554.5,-6738554.5,6738554.5,-3.8472203e-10,-3.5350595e-10,0.0,0.0,-3.592574e-10,-3.2804132e-10,0.0,0.0,-3.418794e-10,-3.8945044e-10,-3.6787226e-10,-3.2030123e-10,0.0,0.0,0.0,0.0,-26954218.0,1.4255267e-09,1.4195034e-09,3.1340694e-11,-4.850486e-11,1.9837751e-11,8e-45,-0.00289125,-0.00289125,8e-45,8e-45,-0.00289125,-0.00289125,8e-45,1e-45,1e-45,0.0017311791,0.0017311791,1e-45,1e-45,0.0017311791,0.0017311791,0.0,0.0,0.0,0.0,0.0017311791,0.0017311791,0.0017311791,0.0017311791,Uniaxial,0.3855000138282776
1.1798309281576123e-29,88394.1171875,15193.2685546875,0.0,0.35682326555252075,0.0,-0.00290625,0.0017440412,0.0017440412,5.4527746e-21,-9.952637e-21,3.970467e-21,-0.0017685728,0.0015165057,0.0015165057,2.3415084e-21,-5.1374427e-21,3.4077592e-22,6677319.5,-6677319.5,-6677319.5,6677319.5,6677319.5,-6677319.5,-6677319.5,6677319.5,-9.836916e-10,-9.529285e-10,0.0,0.0,-9.581658e-10,-9.2740265e-10,0.0,0.0,-5.28295e-11,-9.5813024e-11,-6.6400725e-11,-2.3417202e-11,0.0,0.0,0.0,0.0,-26709278.0,3.8221883e-09,2.3846045e-10,3.04347e-11,-4.710269e-11,3.550598e-11,-3e-45,-0.00290625,-0.00290625,-3e-45,-3e-45,-0.00290625,-0.00290625,-3e-45,-1e-45,-1e-45,0.0017440412,0.0017440412,-1e-45,-1e-45,0.0017440412,0.0017440412,0.0,0.0,0.0,0.0,0.0017440412,0.0017440412,0.0017440412,0.0017440412,Uniaxial,0.38749998807907104
1.6644043061202474e-29,88792.921875,15053.9375,0.0,0.36272183060646057,0.0,-0.00292125,0.0017569032,0.0017569032,5.4527746e-21,-9.105604e-21,5.8233515e-22,-0.0017835728,0.0015293679,0.0015293679,2.4037412e-21,-5.2168997e-21,3.45944e-22,6616085.0,-6616085.0,-6616085.0,6616085.0,6616085.0,-6616085.0,-6616085.0,6616085.0,2.3776017e-10,2.7196856e-10,0.0,0.0,2.505651e-10,2.8477345e-10,0.0,0.0,2.7353841e-10,2.3526084e-10,2.5195218e-10,2.9022976e-10,0.0,0.0,0.0,0.0,-26464340.0,-1.0450673e-09,-1.0509812e-09,2.9552413e-11,-3.769083e-11,2.2911946e-12,-4e-45,-0.00292125,-0.00292125,-4e-45,-4e-45,-0.00292125,-0.00292125,-4e-45,-0.0,-0.0,0.0017569032,0.0017569032,-0.0,-0.0,0.0017569032,0.0017569032,-0.0,-0.0,-0.0,-0.0,0.0017569032,0.0017569032,0.0017569032,0.0017569032,Uniaxial,0.3894999921321869
1.4115834198120585e-29,89188.0546875,14914.6064453125,0.0,0.3686203956604004,0.0,-0.00293625,0.0017697654,0.0017697654,6.2998075e-21,-9.105604e-21,1.8528846e-21,-0.0017985728,0.00154223,0.00154223,2.4815879e-21,-5.2946837e-21,3.7596174e-22,6554850.0,-6554850.0,-6554850.0,6554850.0,6554850.0,-6554850.0,-6554850.0,6554850.0,-6.070202e-11,-2.293727e-11,0.0,0.0,-4.583794e-11,-8.0731906e-12,0.0,0.0,-2.566528e-11,-6.3394984e-11,-4.464447e-11,-6.9147648e-12,0.0,0.0,0.0,0.0,-26219400.0,1.3755042e-10,1.406195e-10,3.6665143e-11,-3.659505e-11,1.4182417e-11,-6e-45,-0.00293625,-0.00293625,-6e-45,-6e-45,-0.00293625,-0.00293625,-6e-45,-1e-45,-1e-45,0.0017697654,0.0017697654,-1e-45,-1e-45,0.0017697654,0.0017697654,-0.0,-0.0,-0.0,-0.0,0.0017697654,0.0017697654,0.0017697654,0.0017697654,Uniaxial,0.39149999618530273
1.0744888796572605e-29,89579.5078125,14775.2763671875,0.0,0.3745189309120178,0.0,-0.00295125,0.0017826275,0.0017826275,6.723324e-21,-9.105604e-21,1.4293681e-21,-0.0018135728,0.001555092,0.001555092,2.5663905e-21,-5.3709116e-21,3.9707396e-22,6493615.5,-6493615.5,-6493615.5,6493615.5,6493615.5,-6493615.5,-6493615.5,6493615.5,5.4946137e-10,5.847795e-10,0.0,0.0,5.6214433e-10,5.9746247e-10,0.0,0.0,5.875842e-10,5.50388e-10,5.63071e-10,6.0026717e-10,0.0,0.0,0.0,0.0,-25974462.0,-2.2938476e-09,-2.3013105e-09,3.9544798e-11,-3.5528032e-11,9.820186e-12,-6e-45,-0.00295125,-0.00295125,-6e-45,-6e-45,-0.00295125,-0.00295125,-6e-45,-0.0,-0.0,0.0017826275,0.0017826275,-0.0,-0.0,0.0017826275,0.0017826275,-1e-45,-1e-45,-1e-45,-1e-45,0.0017826275,0.0017826275,0.0017826275,0.0017826275,Uniaxial,0.3935000002384186
9.902152258106514e-30,89967.28125,14635.9453125,0.0,0.38041749596595764,0.0,-0.00296625,0.0017954896,0.0017954896,5.876291e-21,-9.105604e-21,3.970467e-21,-0.0018285728,0.0015679542,0.0015679542,2.6326806e-21,-5.4456143e-21,4.6829787e-22,6432380.5,-6432380.5,-6432380.5,6432380.5,6432380.5,-6432380.5,-6432380.5,6432380.5,-6.373373e-11,-3.679172e-11,0.0,0.0,-3.945992e-11,-1.2517911e-11,0.0,0.0,-1.4753095e-09,-1.5080999e-09,-1.4760532e-09,-1.443263e-09,0.0,0.0,0.0,0.0,-25729522.0,1.5250327e-10,5.9027254e-09,3.0565404e-11,-3.4489054e-11,3.300187e-11,8e-45,-0.00296625,-0.00296625,8e-45,8e-45,-0.00296625,-0.00296625,8e-45,0.0,0.0,0.0017954896,0.0017954896,0.0,0.0,0.0017954896,0.0017954896,1e-45,1e-45,1e-45,1e-45,0.0017954896,0.0017954896,0.0017954896,0.0017954896,Uniaxial,0.3955000042915344
8.427363880028142e-30,90351.390625,14496.6142578125,0.0,0.38631606101989746,0.0,-0.00298125,0.0018083517,0.0018083517,4.6057417e-21,-8.682088e-21,4.3939834e-21,-0.0018435728,0.0015808163,0.0015808163,2.6722734e-21,-5.510394e-21,5.467778e-22,6371146.0,-6371146.0,-6371146.0,6371146.0,6371146.0,-6371146.0,-6371146.0,6371146.0,7.9838103e-10,8.190634e-10,0.0,0.0,8.2799434e-10,8.4867674e-10,0.0,0.0,-3.1762334e-10,-3.4797068e-10,-3.2224376e-10,-2.918964e-10,0.0,0.0,0.0,0.0,-25484584.0,-3.2941154e-09,1.2797342e-09,1.804614e-11,-2.9603188e-11,3.590812e-11,3e-45,-0.00298125,-0.00298125,3e-45,3e-45,-0.00298125,-0.00298125,3e-45,0.0,0.0,0.0018083517,0.0018083517,0.0,0.0,0.0018083517,0.0018083517,0.0,0.0,0.0,0.0,0.0018083517,0.0018083517,0.0018083517,0.0018083517,Uniaxial,0.39750000834465027
1.0955572743110031e-29,90731.8203125,14357.2841796875,0.0,0.3922146260738373,0.0,-0.00299625,0.0018212139,0.0018212139,4.182225e-21,-7.835055e-21,3.970467e-21,-0.0018585728,0.0015936784,0.0015936784,2.702519e-21,-5.5569775e-21,6.1530186e-22,6309911.0,-6309911.0,-6309911.0,6309911.0,6309911.0,-6309911.0,-6309911.0,6309911.0,7.8184453e-10,8.0422935e-10,0.0,0.0,8.128976e-10,8.352824e-10,0.0,0.0,-3.2110145e-10,-3.4717632e-10,-3.238961e-10,-2.9782127e-10,0.0,0.0,0.0,0.0,-25239644.0,-3.234254e-09,1.2899951e-09,1.36781845e-11,-2.1058209e-11,3.1014646e-11,3e-45,-0.00299625,-0.00299625,3e-45,3e-45,-0.00299625,-0.00299625,3e-45,1e-45,1e-45,0.0018212139,0.0018212139,1e-45,1e-45,0.0018212139,0.0018212139,-0.0,-0.0,-0.0,-0.0,0.0018212139,0.0018212139,0.0018212139,0.0018212139,Uniaxial,0.3995000123977661
8.427363880028142e-30,91108.578125,14217.953125,0.0,0.3981131613254547,0.0,-0.00301125,0.0018340759,0.0018340759,5.4527746e-21,-7.835055e-21,3.970467e-21,-0.0018735728,0.0016065405,0.0016065405,2.7574046e-21,-5.6025448e-21,6.8241355e-22,6248676.5,-6248676.5,-6248676.5,6248676.5,6248676.5,-6248676.5,-6248676.5,6248676.5,2.0398407e-10,2.3186672e-10,0.0,0.0,2.268066e-10,2.5468924e-10,0.0,0.0,-8.8123264e-10,-9.0699676e-10,-8.8417423e-10,-8.584101e-10,0.0,0.0,0.0,0.0,-24994706.0,-9.1734664e-10,3.5308136e-09,2.4673805e-11,-2.0436717e-11,3.0099315e-11,1e-45,-0.00301125,-0.00301125,1e-45,1e-45,-0.00301125,-0.00301125,1e-45,0.0,0.0,0.0018340759,0.0018340759,0.0,0.0,0.0018340759,0.0018340759,-0.0,-0.0,-0.0,-0.0,0.0018340759,0.0018340759,0.0018340759,0.0018340759,Uniaxial,0.40149998664855957
8.427363880028142e-30,91481.6640625,14078.6220703125,0.0,0.40401172637939453,0.0,-0.00302625,0.001846938,0.001846938,5.876291e-21,-9.105604e-21,5.8233515e-22,-0.0018885728,0.0016194027,0.0016194027,2.819747e-21,-5.6724884e-21,6.807489e-22,6187441.5,-6187441.5,-6187441.5,6187441.5,6187441.5,-6187441.5,-6187441.5,6187441.5,2.1768101e-10,2.470797e-10,0.0,0.0,2.2500785e-10,2.5440652e-10,0.0,0.0,2.493157e-10,2.1821034e-10,2.2553717e-10,2.5664254e-10,0.0,0.0,0.0,0.0,-24749766.0,-9.441751e-10,-9.497058e-10,2.770585e-11,-3.1119263e-11,-8.920653e-13,-6e-45,-0.00302625,-0.00302625,-6e-45,-6e-45,-0.00302625,-0.00302625,-6e-45,-0.0,-0.0,0.001846938,0.001846938,-0.0,-0.0,0.001846938,0.001846938,-0.0,-0.0,-0.0,-0.0,0.001846938,0.001846938,0.001846938,0.001846938,Uniaxial,0.4034999907016754
8.427363880028142e-30,91851.0703125,13939.2919921875,0.0,0.40991029143333435,0.0,-0.00304125,0.0018598002,0.0018598002,6.2998075e-21,-9.529121e-21,-1.5352472e-21,-0.0019035728,0.0016322647,0.0016322647,2.8893144e-21,-5.7495874e-21,6.36636e-22,6126207.0,-6126207.0,-6126207.0,6126207.0,6126207.0,-6126207.0,-6126207.0,6126207.0,2.360233e-10,2.668732e-10,0.0,0.0,2.3405017e-10,2.6490002e-10,0.0,0.0,2.6880942e-10,2.3630353e-10,2.343304e-10,2.6683628e-10,0.0,0.0,0.0,0.0,-24504828.0,-1.0018467e-09,-1.0062796e-09,3.0608252e-11,-3.3920287e-11,-1.9492064e-11,-0.0,-0.00304125,-0.00304125,-0.0,-0.0,-0.00304125,-0.00304125,-0.0,-0.0,-0.0,0.0018598002,0.0018598002,-0.0,-0.0,0.0018598002,0.0018598002,0.0,0.0,0.0,0.0,0.0018598002,0.0018598002,0.0018598002,0.0018598002,Uniaxial,0.40549999475479126
8.427363880028142e-30,92216.8125,13799.9609375,0.0,0.41580885648727417,0.0,-0.00305625,0.0018726623,0.0018726623,6.723324e-21,-9.105604e-21,5.8233515e-22,-0.0019185728,0.0016451268,0.0016451268,2.9659617e-21,-5.816758e-21,6.3534014e-22,6064972.0,-6064972.0,-6064972.0,6064972.0,6064972.0,-6064972.0,-6064972.0,6064972.0,-3.144008e-11,7.9778534e-13,0.0,0.0,-2.3902685e-11,8.3351815e-12,0.0,0.0,4.6701835e-13,-2.968946e-11,-2.2152065e-11,8.004414e-12,0.0,0.0,0.0,0.0,-24259888.0,4.62098e-11,4.3370092e-11,3.3384247e-11,-2.9221472e-11,-4.709507e-13,-6e-45,-0.00305625,-0.00305625,-6e-45,-6e-45,-0.00305625,-0.00305625,-6e-45,-0.0,-0.0,0.0018726623,0.0018726623,-0.0,-0.0,0.0018726623,0.0018726623,-0.0,-0.0,-0.0,-0.0,0.0018726623,0.0018726623,0.0018726623,0.0018726623,Uniaxial,0.4074999988079071
8.427363880028142e-30,92578.8671875,13660.6298828125,0.0,0.421707421541214,0.0,-0.00307125,0.0018855244,0.0018855244,7.1468405e-21,-7.835055e-21,6.0880493e-21,-0.0019335728,0.001657989,0.001657989,3.0495471e-21,-5.8572554e-21,7.4385873e-22,6003737.5,-6003737.5,-6003737.5,6003737.5,6003737.5,-6003737.5,-6003737.5,6003737.5,4.797643e-10,5.133285e-10,0.0,0.0,5.1103904e-10,5.446033e-10,0.0,0.0,5.096903e-10,4.8544685e-10,5.1672167e-10,5.409651e-10,0.0,0.0,0.0,0.0,-24014950.0,-2.0487352e-09,-2.052824e-09,3.6036986e-11,-1.7395368e-11,4.700384e-11,7e-45,-0.00307125,-0.00307125,7e-45,7e-45,-0.00307125,-0.00307125,7e-45,1e-45,1e-45,0.0018855244,0.0018855244,1e-45,1e-45,0.0018855244,0.0018855244,1e-45,1e-45,1e-45,1e-45,0.0018855244,0.0018855244,0.0018855244,0.0018855244,Uniaxial,0.40950000286102295
8.427363880028142e-30,92937.2578125,13521.2998046875,0.0,0.4276059567928314,0.0,-0.00308625,0.0018983865,0.0018983865,7.1468405e-21,-8.258571e-21,2.6999175e-21,-0.0019485728,0.001670851,0.001670851,3.1315028e-21,-5.905246e-21,7.833191e-22,5942503.0,-5942503.0,-5942503.0,5942503.0,5942503.0,-5942503.0,-5942503.0,5942503.0,-3.5409028e-10,-3.2106656e-10,0.0,0.0,-3.3797484e-10,-3.0495112e-10,0.0,0.0,-3.239882e-10,-3.4977748e-10,-3.3366204e-10,-3.0787276e-10,0.0,0.0,0.0,0.0,-23770012.0,1.3180829e-09,1.3153004e-09,3.4955955e-11,-2.0487126e-11,1.6685153e-11,1e-44,-0.00308625,-0.00308625,1e-44,1e-44,-0.00308625,-0.00308625,1e-44,1e-45,1e-45,0.0018983865,0.0018983865,1e-45,1e-45,0.0018983865,0.0018983865,1e-45,1e-45,1e-45,1e-45,0.0018983865,0.0018983865,0.0018983865,0.0018983865,Uniaxial,0.4115000069141388
8.427363880028142e-30,93291.96875,13381.96875,0.0,0.43350452184677124,0.0,-0.00310125,0.0019112487,0.0019112487,7.1468405e-21,-9.529121e-21,1.4293681e-21,-0.0019635728,0.0016837132,0.0016837132,3.2118193e-21,-5.9776058e-21,7.9636975e-22,5881268.0,-5881268.0,-5881268.0,5881268.0,5881268.0,-5881268.0,-5881268.0,5881268.0,2.2752297e-10,2.600206e-10,0.0,0.0,2.3802277e-10,2.7052038e-10,0.0,0.0,2.5957003e-10,2.2872454e-10,2.3922433e-10,2.7006983e-10,0.0,0.0,0.0,0.0,-23525072.0,-9.960868e-10,-9.975888e-10,3.390375e-11,-3.05995e-11,5.4538505e-12,-1.5e-44,-0.00310125,-0.00310125,-1.5e-44,-1.5e-44,-0.00310125,-0.00310125,-1.5e-44,-1e-45,-1e-45,0.0019112487,0.0019112487,-1e-45,-1e-45,0.0019112487,0.0019112487,-1e-45,-1e-45,-1e-45,-1e-45,0.0019112487,0.0019112487,0.0019112487,0.0019112487,Uniaxial,0.41350001096725464
8.427363880028142e-30,93643.0078125,13242.6376953125,0.0,0.43940308690071106,0.0,-0.00311625,0.0019241107,0.0019241107,7.1468405e-21,-9.952637e-21,2.276401e-21,-0.001978573,0.0016965753,0.0016965753,3.2905293e-21,-6.0570733e-21,8.2589036e-22,5820033.5,-5820033.5,-5820033.5,5820033.5,5820033.5,-5820033.5,-5820033.5,5820033.5,4.819636e-10,5.1394916e-10,0.0,0.0,4.9592014e-10,5.2790566e-10,0.0,0.0,5.1434246e-10,4.8218957e-10,4.961461e-10,5.28299e-10,0.0,0.0,0.0,0.0,-23280134.0,-2.0197386e-09,-2.0209772e-09,3.2879654e-11,-3.321433e-11,1.2367335e-11,-6e-45,-0.00311625,-0.00311625,-6e-45,-6e-45,-0.00311625,-0.00311625,-6e-45,-0.0,-0.0,0.0019241107,0.0019241107,-0.0,-0.0,0.0019241107,0.0019241107,-0.0,-0.0,-0.0,-0.0,0.0019241107,0.0019241107,0.0019241107,0.0019241107,Uniaxial,0.4154999852180481
8.427363880028142e-30,93990.375,13103.3076171875,0.0,0.4453016519546509,0.0,-0.00313125,0.0019369728,0.0019369728,7.1468405e-21,-1.0376154e-20,3.970467e-21,-0.0019935728,0.0017094373,0.0017094373,3.367665e-21,-6.143423e-21,8.886206e-22,5758798.5,-5758798.5,-5758798.5,5758798.5,5758798.5,-5758798.5,-5758798.5,5758798.5,4.6092943e-10,4.9241666e-10,0.0,0.0,4.817023e-10,5.131895e-10,0.0,0.0,-7.930937e-10,-8.2649415e-10,-8.0572127e-10,-7.723209e-10,0.0,0.0,0.0,0.0,-23035194.0,-1.9482378e-09,3.19763e-09,3.188296e-11,-3.570937e-11,2.5999954e-11,1.3e-44,-0.00313125,-0.00313125,1.3e-44,1.3e-44,-0.00313125,-0.00313125,1.3e-44,1e-45,1e-45,0.0019369728,0.0019369728,1e-45,1e-45,0.0019369728,0.0019369728,1e-45,1e-45,1e-45,1e-45,0.0019369728,0.0019369728,0.0019369728,0.0019369728,Uniaxial,0.41749998927116394
8.427363880028142e-30,94334.0625,12963.9765625,0.0,0.4512002170085907,0.0,-0.00314625,0.001949835,0.001949835,7.1468405e-21,-9.952637e-21,1.8528846e-21,-0.002008573,0.0017222995,0.0017222995,3.4432576e-21,-6.2196587e-21,9.081181e-22,5697564.0,-5697564.0,-5697564.0,5697564.0,5697564.0,-5697564.0,-5697564.0,5697564.0,1.8969107e-10,2.206933e-10,0.0,0.0,2.0140681e-10,2.3240905e-10,0.0,0.0,2.1948143e-10,1.8835651e-10,2.0007226e-10,2.3119717e-10,0.0,0.0,0.0,0.0,-22790256.0,-8.442002e-10,-8.391074e-10,3.0912987e-11,-3.1158347e-11,7.885757e-12,3e-45,-0.00314625,-0.00314625,3e-45,3e-45,-0.00314625,-0.00314625,3e-45,0.0,0.0,0.001949835,0.001949835,0.0,0.0,0.001949835,0.001949835,0.0,0.0,0.0,0.0,0.001949835,0.001949835,0.001949835,0.001949835,Uniaxial,0.4194999933242798
8.427363880028142e-30,94674.078125,12824.6455078125,0.0,0.45709875226020813,0.0,-0.00316125,0.0019626971,0.0019626971,7.1468405e-21,-9.952637e-21,4.3939834e-21,-0.0020235728,0.0017351616,0.0017351616,3.5173384e-21,-6.2943275e-21,9.775921e-22,5636329.0,-5636329.0,-5636329.0,5636329.0,5636329.0,-5636329.0,-5636329.0,5636329.0,-5.1994256e-11,-2.1463985e-11,0.0,0.0,-3.011669e-11,4.1357946e-13,0.0,0.0,-2.0804743e-11,-5.145395e-11,-2.9576383e-11,1.0728211e-12,0.0,0.0,0.0,0.0,-22545316.0,1.03161354e-10,1.0076225e-10,2.996906e-11,-3.0206924e-11,2.8209388e-11,-6e-45,-0.00316125,-0.00316125,-6e-45,-6e-45,-0.00316125,-0.00316125,-6e-45,-0.0,-0.0,0.0019626971,0.0019626971,-0.0,-0.0,0.0019626971,0.0019626971,-1e-45,-1e-45,-1e-45,-1e-45,0.0019626971,0.0019626971,0.0019626971,0.0019626971,Uniaxial,0.42149999737739563
1.7697463546205992e-29,95010.421875,12685.3154296875,0.0,0.46299731731414795,0.0,-0.00317625,0.0019755592,0.0019755592,7.9938734e-21,-9.952637e-21,2.276401e-21,-0.002038573,0.0017480238,0.0017480238,3.606796e-21,-6.3675027e-21,1.0037809e-21,5575094.5,-5575094.5,-5575094.5,5575094.5,5575094.5,-5575094.5,-5575094.5,5575094.5,-5.62459e-10,-5.2899785e-10,0.0,0.0,-5.4171634e-10,-5.0825516e-10,0.0,0.0,4.726556e-10,4.4246926e-10,4.554391e-10,4.8562543e-10,0.0,0.0,0.0,0.0,-22300378.0,2.1414284e-09,-1.8561893e-09,3.5830863e-11,-2.92811e-11,1.0393952e-11,-0.0,-0.00317625,-0.00317625,-0.0,-0.0,-0.00317625,-0.00317625,-0.0,-0.0,-0.0,0.0019755592,0.0019755592,-0.0,-0.0,0.0019755592,0.0019755592,-0.0,-0.0,-0.0,-0.0,0.0019755592,0.0019755592,0.0019755592,0.0019755592,Uniaxial,0.4235000014305115
8.427363880028142e-30,95343.09375,12545.984375,0.0,0.46889588236808777,0.0,-0.00319125,0.0019884212,0.0019884212,7.9938734e-21,-1.0376154e-20,2.276401e-21,-0.0020535728,0.0017608858,0.0017608858,3.6945477e-21,-6.4476435e-21,1.0292375e-21,5513859.5,-5513859.5,-5513859.5,5513859.5,5513859.5,-5513859.5,-5513859.5,5513859.5,2.0902088e-10,2.4193086e-10,0.0,0.0,2.2183085e-10,2.547408e-10,0.0,0.0,2.4552393e-10,2.1411162e-10,2.2692156e-10,2.5833388e-10,0.0,0.0,0.0,0.0,-22055438.0,-9.275234e-10,-9.44891e-10,3.472848e-11,-3.1733158e-11,1.0074159e-11,-1e-45,-0.00319125,-0.00319125,-1e-45,-1e-45,-0.00319125,-0.00319125,-1e-45,-0.0,-0.0,0.0019884212,0.0019884212,-0.0,-0.0,0.0019884212,0.0019884212,0.0,0.0,0.0,0.0,0.0019884212,0.0019884212,0.0019884212,0.0019884212,Uniaxial,0.4255000054836273
1.4326518896974396e-29,95672.0859375,12406.654296875,0.0,0.4747944474220276,0.0,-0.00320625,0.0020012835,0.0020012835,7.570357e-21,-1.0376154e-20,1.0058516e-21,-0.002068573,0.001773748,0.001773748,3.7721152e-21,-6.5262228e-21,1.0288962e-21,5452625.0,-5452625.0,-5452625.0,5452625.0,5452625.0,-5452625.0,-5452625.0,5452625.0,4.3157888e-10,4.622947e-10,0.0,0.0,4.3148685e-10,4.6220267e-10,0.0,0.0,4.684312e-10,4.3750895e-10,4.2964401e-10,4.6056628e-10,0.0,0.0,0.0,0.0,-21810500.0,-1.7875631e-09,-1.7961505e-09,3.0340164e-11,-3.0753053e-11,-1.8407835e-13,3e-45,-0.00320625,-0.00320625,3e-45,3e-45,-0.00320625,-0.00320625,3e-45,-0.0,-0.0,0.0020012835,0.0020012835,-0.0,-0.0,0.0020012835,0.0020012835,1e-45,1e-45,1e-45,1e-45,0.0020012835,0.0020012835,0.0020012835,0.0020012835,Uniaxial,0.42750000953674316
1.4326518896974396e-29,95997.40625,12267.3232421875,0.0,0.480692982673645,0.0,-0.00322125,0.0020141455,0.0020141455,7.1468405e-21,-9.952637e-21,1.4293681e-21,-0.0020835728,0.0017866101,0.0017866101,3.8396605e-21,-6.5948016e-21,1.036865e-21,5391390.0,-5391390.0,-5391390.0,5391390.0,5391390.0,-5391390.0,-5391390.0,5391390.0,4.3497023e-10,4.713493e-10,0.0,0.0,4.4429313e-10,4.8067217e-10,0.0,0.0,-4.9564014e-10,-5.2444643e-10,-5.151235e-10,-4.8631726e-10,0.0,0.0,0.0,0.0,-21565560.0,-1.8312848e-09,2.0215274e-09,2.612091e-11,-2.6520999e-11,3.1000844e-12,4e-45,-0.00322125,-0.00322125,4e-45,4e-45,-0.00322125,-0.00322125,4e-45,0.0,0.0,0.0020141455,0.0020141455,0.0,0.0,0.0020141455,0.0020141455,0.0,0.0,0.0,0.0,0.0020141455,0.0020141455,0.0020141455,0.0020141455,Uniaxial,0.429500013589859
1.4326518896974396e-29,96319.0546875,12127.9921875,0.0,0.48659154772758484,0.0,-0.00323625,0.0020270075,0.0020270075,9.687939e-21,-9.529121e-21,1.4293681e-21,-0.002098573,0.0017994721,0.0017994721,3.956388e-21,-6.6535375e-21,1.0447159e-21,5330155.5,-5330155.5,-5330155.5,5330155.5,5330155.5,-5330155.5,-5330155.5,5330155.5,-7.212361e-11,-2.6427485e-11,0.0,0.0,-6.2848955e-11,-1.7152828e-11,0.0,0.0,-2.9874585e-11,-5.6647374e-11,-6.291846e-11,-3.614567e-11,0.0,0.0,0.0,0.0,-21320622.0,1.7855288e-10,1.8558609e-10,4.4755023e-11,-2.245409e-11,3.0035707e-12,3e-45,-0.00323625,-0.00323625,3e-45,3e-45,-0.00323625,-0.00323625,3e-45,0.0,0.0,0.0020270075,0.0020270075,0.0,0.0,0.0020270075,0.0020270075,0.0,0.0,0.0,0.0,0.0020270075,0.0020270075,0.0020270075,0.0020270075,Uniaxial,0.43149998784065247
1.348378160619192e-29,96637.0234375,11988.662109375,0.0,0.49249011278152466,0.0,-0.00325125,0.0020398698,0.0020398698,1.1382005e-20,-9.952637e-21,2.6999175e-21,-0.0021135728,0.0018123343,0.0018123343,4.1047485e-21,-6.7194858e-21,1.0776975e-21,5268920.5,-5268920.5,-5268920.5,5268920.5,5268920.5,-5268920.5,-5268920.5,5268920.5,-4.441955e-11,6.9850085e-12,0.0,0.0,-3.8158733e-11,1.3245827e-11,0.0,0.0,-1.06663125e-11,-3.8690124e-11,-2.4656435e-11,3.367378e-12,0.0,0.0,0.0,0.0,-21075682.0,6.2347454e-11,7.064549e-11,5.6171894e-11,-2.495614e-11,1.2521637e-11,-8e-45,-0.00325125,-0.00325125,-8e-45,-8e-45,-0.00325125,-0.00325125,-8e-45,-0.0,-0.0,0.0020398698,0.0020398698,-0.0,-0.0,0.0020398698,0.0020398698,-1e-45,-1e-45,-1e-45,-1e-45,0.0020398698,0.0020398698,0.0020398698,0.0020398698,Uniaxial,0.4334999918937683
1.4326518896974396e-29,96951.328125,11849.3310546875,0.0,0.4983886778354645,0.0,-0.00326625,0.0020527318,0.0020527318,1.1382005e-20,-1.079967e-20,1.5881868e-22,-0.002128573,0.0018251964,0.0018251964,4.2503105e-21,-6.801015e-21,1.0595699e-21,5207686.0,-5207686.0,-5207686.0,5207686.0,5207686.0,-5207686.0,-5207686.0,5207686.0,4.2838325e-10,4.7890614e-10,0.0,0.0,4.171744e-10,4.676973e-10,0.0,0.0,-4.6372198e-10,-4.945208e-10,-5.057297e-10,-4.749308e-10,0.0,0.0,0.0,0.0,-20830744.0,-1.7921611e-09,1.9389033e-09,5.440856e-11,-3.0506223e-11,-6.87194e-12,-4e-45,-0.00326625,-0.00326625,-4e-45,-4e-45,-0.00326625,-0.00326625,-4e-45,-0.0,-0.0,0.0020527318,0.0020527318,-0.0,-0.0,0.0020527318,0.0020527318,-0.0,-0.0,-0.0,-0.0,0.0020527318,0.0020527318,0.0020527318,0.0020527318,Uniaxial,0.43549999594688416
1.348378160619192e-29,97261.9453125,11710.0,0.0,0.5042872428894043,0.0,-0.00328125,0.0020655938,0.0020655938,1.0958489e-20,-1.12231866e-20,-1.5352472e-21,-0.0021435728,0.0018380585,0.0018380585,4.3845326e-21,-6.8894266e-21,1.0078371e-21,5146451.5,-5146451.5,-5146451.5,5146451.5,5146451.5,-5146451.5,-5146451.5,5146451.5,-3.2783772e-11,1.5316729e-11,0.0,0.0,-4.2370454e-11,5.7300475e-12,0.0,0.0,-3.4781322e-13,-3.223056e-11,-3.404437e-11,-2.1616242e-12,0.0,0.0,0.0,0.0,-20585806.0,5.4107448e-11,6.878437e-11,4.9563777e-11,-3.267401e-11,-1.9173364e-11,4e-45,-0.00328125,-0.00328125,4e-45,4e-45,-0.00328125,-0.00328125,4e-45,1e-45,1e-45,0.0020655938,0.0020655938,1e-45,1e-45,0.0020655938,0.0020655938,-0.0,-0.0,-0.0,-0.0,0.0020655938,0.0020655938,0.0020655938,0.0020655938,Uniaxial,0.4375
1.6854727760056285e-29,97568.8984375,11570.669921875,0.0,0.5101857781410217,0.0,-0.00329625,0.002078456,0.002078456,1.0958489e-20,-1.12231866e-20,-2.3822802e-21,-0.002158573,0.0018509206,0.0018509206,4.516028e-21,-6.9761125e-21,9.401116e-22,5085216.5,-5085216.5,-5085216.5,5085216.5,5085216.5,-5085216.5,-5085216.5,5085216.5,1.8738225e-10,2.346981e-10,0.0,0.0,1.5946108e-10,2.0677692e-10,0.0,0.0,9.063379e-10,8.7497243e-10,8.5482416e-10,8.861896e-10,0.0,0.0,0.0,0.0,-20340866.0,-7.8831836e-10,-3.5223242e-09,4.7994442e-11,-3.163946e-11,-2.4750842e-11,7e-45,-0.00329625,-0.00329625,7e-45,7e-45,-0.00329625,-0.00329625,7e-45,0.0,0.0,0.002078456,0.002078456,0.0,0.0,0.002078456,0.002078456,0.0,0.0,0.0,0.0,0.002078456,0.002078456,0.002078456,0.002078456,Uniaxial,0.43950000405311584
1.4326518896974396e-29,97872.171875,11431.3388671875,0.0,0.5160843729972839,0.0,-0.00331125,0.0020913181,0.0020913181,1.0958489e-20,-1.079967e-20,1.0058516e-21,-0.0021735728,0.0018637828,0.0018637828,4.644893e-21,-7.052635e-21,9.410898e-22,5023982.0,-5023982.0,-5023982.0,5023982.0,5023982.0,-5023982.0,-5023982.0,5023982.0,-7.2359563e-10,-6.7704303e-10,0.0,0.0,-7.311302e-10,-6.8457756e-10,0.0,0.0,4.377859e-10,4.0845105e-10,4.0091652e-10,4.3025133e-10,0.0,0.0,0.0,0.0,-20095928.0,2.8163465e-09,-1.6774048e-09,4.646806e-11,-2.7578176e-11,4.76647e-13,-0.0,-0.00331125,-0.00331125,-0.0,-0.0,-0.00331125,-0.00331125,-0.0,-0.0,-0.0,0.0020913181,0.0020913181,-0.0,-0.0,0.0020913181,0.0020913181,0.0,0.0,0.0,0.0,0.0020913181,0.0020913181,0.0020913181,0.0020913181,Uniaxial,0.4415000081062317
1.4326518896974396e-29,98171.7734375,11292.0078125,0.0,0.5219829082489014,0.0,-0.00332625,0.0021041802,0.0021041802,1.1382005e-20,-1.079967e-20,3.123434e-21,-0.002188573,0.0018766448,0.0018766448,4.7796095e-21,-7.127585e-21,9.845296e-22,4962747.0,-4962747.0,-4962747.0,4962747.0,4962747.0,-4962747.0,-4962747.0,4962747.0,-5.2155147e-10,-4.7423215e-10,0.0,0.0,-5.215491e-10,-4.742298e-10,0.0,0.0,-4.7737153e-10,-5.0626586e-10,-5.062635e-10,-4.773692e-10,0.0,0.0,0.0,0.0,-19850988.0,1.9915625e-09,1.9672701e-09,4.8001346e-11,-2.669713e-11,1.5550458e-11,8e-45,-0.00332625,-0.00332625,8e-45,8e-45,-0.00332625,-0.00332625,8e-45,1e-45,1e-45,0.0021041802,0.0021041802,1e-45,1e-45,0.0021041802,0.0021041802,1e-45,1e-45,1e-45,1e-45,0.0021041802,0.0021041802,0.0021041802,0.0021041802,Uniaxial,0.44350001215934753
1.6854727760056285e-29,98467.703125,11152.677734375,0.0,0.5278814435005188,0.0,-0.00334125,0.0021170424,0.0021170424,1.1805522e-20,-1.20702195e-20,1.8528846e-21,-0.0022035728,0.0018895069,0.0018895069,4.9201026e-21,-7.226323e-21,1.0020242e-21,4901512.5,-4901512.5,-4901512.5,4901512.5,4901512.5,-4901512.5,-4901512.5,4901512.5,4.030901e-10,4.5112938e-10,0.0,0.0,3.905992e-10,4.3863846e-10,0.0,0.0,4.3223175e-10,3.9929499e-10,4.101227e-10,4.4305945e-10,0.0,0.0,0.0,0.0,-19606050.0,-1.6834572e-09,-1.6847089e-09,4.9441336e-11,-3.4782007e-11,6.109675e-12,-1.4e-44,-0.00334125,-0.00334125,-1.4e-44,-1.4e-44,-0.00334125,-0.00334125,-1.4e-44,-1e-45,-1e-45,0.0021170424,0.0021170424,-1e-45,-1e-45,0.0021170424,0.0021170424,-1e-45,-1e-45,-1e-45,-1e-45,0.0021170424,0.0021170424,0.0021170424,0.0021170424,Uniaxial,0.445499986410141
1.6854727760056285e-29,98759.9609375,11013.3466796875,0.0,0.533780038356781,0.0,-0.00335625,0.0021299045,0.0021299045,1.1805522e-20,-1.20702195e-20,-3.2293131e-21,-0.002218573,0.0019023691,0.0019023691,5.0578274e-21,-7.3232125e-21,9.178935e-22,4840277.5,-4840277.5,-4840277.5,4840277.5,4840277.5,-4840277.5,-4840277.5,4840277.5,-2.4856844e-10,-2.0132629e-10,0.0,0.0,-2.7881783e-10,-2.3157569e-10,0.0,0.0,-2.2340606e-10,-2.5578203e-10,-2.6271282e-10,-2.3033686e-10,0.0,0.0,0.0,0.0,-19361110.0,9.602883e-10,9.722377e-10,4.7847074e-11,-3.3660446e-11,-2.9407334e-11,3e-45,-0.00335625,-0.00335625,3e-45,3e-45,-0.00335625,-0.00335625,3e-45,0.0,0.0,0.0021299045,0.0021299045,0.0,0.0,0.0021299045,0.0021299045,0.0,0.0,0.0,0.0,0.0021299045,0.0021299045,0.0021299045,0.0021299045,Uniaxial,0.44749999046325684
1.4326518896974396e-29,99048.5546875,10875.1484375,0.0,0.5396304130554199,0.0,-0.00337125,0.0021427665,0.0021427665,1.1805522e-20,-1.2493736e-20,-4.923379e-21,-0.0022335728,0.0019152311,0.0019152311,5.192798e-21,-7.426593e-21,8.012249e-22,4779540.5,-4779540.5,-4779540.5,4779540.5,4779540.5,-4779540.5,-4779540.5,4779540.5,1.6950585e-10,2.1597528e-10,0.0,0.0,1.5723717e-10,2.037066e-10,0.0,0.0,2.193432e-10,1.8605764e-10,1.5824322e-10,1.9152878e-10,0.0,0.0,0.0,0.0,-19118162.0,-7.4642487e-10,-7.5517287e-10,4.6301626e-11,-3.5479623e-11,-4.00831e-11,-0.0,-0.00337125,-0.00337125,-0.0,-0.0,-0.00337125,-0.00337125,-0.0,1e-45,1e-45,0.0021427665,0.0021427665,1e-45,1e-45,0.0021427665,0.0021427665,-1e-45,-1e-45,-1e-45,-1e-45,0.0021427665,0.0021427665,0.0021427665,0.0021427665,Uniaxial,0.4494999945163727
1.4326518896974396e-29,99334.609375,10820.8427734375,0.0,0.5419116616249084,0.0,-0.00338625,0.0021556288,0.0021556288,1.1805522e-20,-1.20702195e-20,1.5881868e-22,-0.002248573,0.0019280933,0.0019280933,5.3250685e-21,-7.519519e-21,7.878703e-22,4755674.0,-4755674.0,-4755674.0,4755674.0,4755674.0,-4755674.0,-4755674.0,4755674.0,6.00161e-10,6.4605404e-10,0.0,0.0,6.0574257e-10,6.5163563e-10,0.0,0.0,-2.0682424e-10,-2.382222e-10,-2.326406e-10,-2.0124265e-10,0.0,0.0,0.0,0.0,-19022696.0,-2.5035933e-09,8.7892965e-10,4.51489e-11,-3.1704434e-11,-4.382562e-12,-6e-45,-0.00338625,-0.00338625,-6e-45,-6e-45,-0.00338625,-0.00338625,-6e-45,-0.0,-0.0,0.0021556288,0.0021556288,-0.0,-0.0,0.0021556288,0.0021556288,-0.0,-0.0,-0.0,-0.0,0.0021556288,0.0021556288,0.0021556288,0.0021556288,Uniaxial,0.4514999985694885
2.022567391392065e-29,99619.2421875,10766.955078125,0.0,0.544192910194397,0.0,-0.00340125,0.0021684908,0.0021684908,1.1805522e-20,-1.2493736e-20,4.3939834e-21,-0.0022635728,0.0019409554,0.0019409554,5.4546935e-21,-7.618974e-21,8.595774e-22,4731990.5,-4731990.5,-4731990.5,4731990.5,4731990.5,-4731990.5,-4731990.5,4731990.5,3.796323e-10,4.2496365e-10,0.0,0.0,3.9188297e-10,4.3721432e-10,0.0,0.0,1.2497395e-09,1.2172973e-09,1.2528666e-09,1.2853089e-09,0.0,0.0,0.0,0.0,-18927962.0,-1.6336932e-09,-5.0052122e-09,4.4025464e-11,-3.379302e-11,2.4501349e-11,8e-45,-0.00340125,-0.00340125,8e-45,8e-45,-0.00340125,-0.00340125,8e-45,1e-45,1e-45,0.0021684908,0.0021684908,1e-45,1e-45,0.0021684908,0.0021684908,1e-45,1e-45,1e-45,1e-45,0.0021684908,0.0021684908,0.0021684908,0.0021684908,Uniaxial,0.45350000262260437
2.1068409700070356e-29,99902.4453125,10713.0693359375,0.0,0.5464741587638855,0.0,-0.00341625,0.0021813528,0.0021813528,1.2229038e-20,-1.2493736e-20,1.0323214e-20,-0.0022785729,0.0019538174,0.0019538174,5.5901544e-21,-7.71648e-21,1.0482811e-21,4708308.0,-4708308.0,-4708308.0,4708308.0,4708308.0,-4708308.0,-4708308.0,4708308.0,3.4354442e-10,3.9753192e-10,0.0,0.0,3.910773e-10,4.450648e-10,0.0,0.0,3.9539544e-10,3.6337403e-10,4.0313403e-10,4.3515544e-10,0.0,0.0,0.0,0.0,-18833232.0,-1.5772185e-09,-1.5970589e-09,4.5792002e-11,-3.2951336e-11,6.397427e-11,0.0,-0.00341625,-0.00341625,0.0,0.0,-0.00341625,-0.00341625,0.0,-0.0,-0.0,0.0021813528,0.0021813528,-0.0,-0.0,0.0021813528,0.0021813528,0.0,0.0,0.0,0.0,0.0021813528,0.0021813528,0.0021813528,0.0021813528,Uniaxial,0.4555000066757202
2.443935585393472e-29,100184.234375,10659.18359375,0.0,0.548755407333374,0.0,-0.00343125,0.002194215,0.002194215,1.4770137e-20,-1.20702195e-20,8.205632e-21,-0.0022935728,0.0019666797,0.0019666797,5.7735236e-21,-7.803608e-21,1.1916533e-21,4684625.5,-4684625.5,-4684625.5,4684625.5,4684625.5,-4684625.5,-4684625.5,4684625.5,-4.902217e-10,-4.28259e-10,0.0,0.0,-4.661538e-10,-4.0419107e-10,0.0,0.0,-4.581993e-10,-4.883856e-10,-4.4099907e-10,-4.1081277e-10,0.0,0.0,0.0,0.0,-18738502.0,1.7888255e-09,1.7983968e-09,6.1742424e-11,-2.928112e-11,4.813589e-11,4e-45,-0.00343125,-0.00343125,4e-45,4e-45,-0.00343125,-0.00343125,4e-45,1e-45,1e-45,0.002194215,0.002194215,1e-45,1e-45,0.002194215,0.002194215,0.0,0.0,0.0,0.0,0.002194215,0.002194215,0.002194215,0.002194215,Uniaxial,0.45750001072883606
2.1068409700070356e-29,100464.6015625,10605.2978515625,0.0,0.5510366559028625,0.0,-0.00344625,0.002207077,0.002207077,1.6464203e-20,-1.1646703e-20,5.2410164e-21,-0.0023085729,0.0019795417,0.0019795417,5.9871935e-21,-7.8805214e-21,1.2729465e-21,4660943.0,-4660943.0,-4660943.0,4660943.0,4660943.0,-4660943.0,-4660943.0,4660943.0,-3.1734484e-10,-2.5048402e-10,0.0,0.0,-2.882518e-10,-2.2139097e-10,0.0,0.0,-2.6686767e-10,-2.9527145e-10,-2.7395128e-10,-2.455475e-10,0.0,0.0,0.0,0.0,-18643772.0,1.0774717e-09,1.0816379e-09,7.153867e-11,-2.5716079e-11,2.7094604e-11,7e-45,-0.00344625,-0.00344625,7e-45,7e-45,-0.00344625,-0.00344625,7e-45,0.0,0.0,0.002207077,0.002207077,0.0,0.0,0.002207077,0.002207077,0.0,0.0,0.0,0.0,0.002207077,0.002207077,0.002207077,0.002207077,Uniaxial,0.4595000147819519
2.1068409700070356e-29,100743.546875,10551.4111328125,0.0,0.5533179640769958,0.0,-0.00346125,0.0022199394,0.0022199394,1.688772e-20,-1.29172524e-20,3.123434e-21,-0.0023235728,0.0019924038,0.0019924038,6.2051875e-21,-7.981143e-21,1.310173e-21,4637261.0,-4637261.0,-4637261.0,4637261.0,4637261.0,-4637261.0,-4637261.0,4637261.0,-2.8303127e-10,-2.1565408e-10,0.0,0.0,-2.6132635e-10,-1.9394918e-10,0.0,0.0,-2.2984285e-10,-2.6215524e-10,-2.482232e-10,-2.1591082e-10,0.0,0.0,0.0,0.0,-18549044.0,9.539608e-10,9.561321e-10,7.2571386e-11,-3.353328e-11,1.2318322e-11,-3e-45,-0.00346125,-0.00346125,-3e-45,-3e-45,-0.00346125,-0.00346125,-3e-45,-0.0,-0.0,0.0022199394,0.0022199394,-0.0,-0.0,0.0022199394,0.0022199394,-0.0,-0.0,-0.0,-0.0,0.0022199394,0.0022199394,0.0022199394,0.0022199394,Uniaxial,0.46149998903274536
1.6854727760056285e-29,101021.078125,10497.525390625,0.0,0.5555992126464844,0.0,-0.00347625,0.0022328014,0.0022328014,1.6464203e-20,-1.2493736e-20,3.970467e-21,-0.0023385729,0.002005266,0.002005266,6.410435e-21,-8.071447e-21,1.3633022e-21,4613578.5,-4613578.5,-4613578.5,4613578.5,4613578.5,-4613578.5,-4613578.5,4613578.5,-6.8871336e-10,-6.236463e-10,0.0,0.0,-6.7990275e-10,-6.1483574e-10,0.0,0.0,-6.4762745e-10,-6.7034495e-10,-6.537615e-10,-6.31044e-10,0.0,0.0,0.0,0.0,-18454314.0,2.607098e-09,2.6027778e-09,6.7951096e-11,-2.988923e-11,1.7621224e-11,-6e-45,-0.00347625,-0.00347625,-6e-45,-6e-45,-0.00347625,-0.00347625,-6e-45,-0.0,-0.0,0.0022328014,0.0022328014,-0.0,-0.0,0.0022328014,0.0022328014,-0.0,-0.0,-0.0,-0.0,0.0022328014,0.0022328014,0.0022328014,0.0022328014,Uniaxial,0.4634999930858612
1.9382936623138174e-29,101297.1796875,10443.6396484375,0.0,0.5578804612159729,0.0,-0.00349125,0.0022456634,0.0022456634,1.6040686e-20,-1.079967e-20,2.6999175e-21,-0.0023535728,0.002018128,0.002018128,6.6031058e-21,-8.126187e-21,1.3901638e-21,4589896.0,-4589896.0,-4589896.0,4589896.0,4589896.0,-4589896.0,-4589896.0,4589896.0,-1.0640357e-09,-1.0012148e-09,0.0,0.0,-1.0596324e-09,-9.968114e-10,0.0,0.0,-1.949951e-10,-2.1175632e-10,-2.2289863e-10,-2.0613741e-10,0.0,0.0,0.0,0.0,-18359584.0,4.121694e-09,8.357875e-10,6.3459e-11,-1.7976702e-11,8.806882e-12,-6e-45,-0.00349125,-0.00349125,-6e-45,-6e-45,-0.00349125,-0.00349125,-6e-45,-0.0,-0.0,0.0022456634,0.0022456634,-0.0,-0.0,0.0022456634,0.0022456634,-0.0,-0.0,-0.0,-0.0,0.0022456634,0.0022456634,0.0022456634,0.0022456634,Uniaxial,0.46549999713897705
2.1068409700070356e-29,101571.859375,10389.75390625,0.0,0.5601617097854614,0.0,-0.00350625,0.0022585257,0.0022585257,1.561717e-20,-9.952637e-21,-3.2293131e-21,-0.0023685729,0.00203099,0.00203099,6.783451e-21,-8.162806e-21,1.2983536e-21,4566213.5,-4566213.5,-4566213.5,4566213.5,4566213.5,-4566213.5,-4566213.5,4566213.5,-8.4848994e-10,-7.878524e-10,0.0,0.0,-8.7917934e-10,-8.185418e-10,0.0,0.0,4.8776525e-12,-1.6654523e-11,-3.9571037e-11,-1.8038862e-11,0.0,0.0,0.0,0.0,-18264854.0,3.3340635e-09,6.938677e-11,5.9092106e-11,-1.1972866e-11,-3.0287287e-11,-0.0,-0.00350625,-0.00350625,-0.0,-0.0,-0.00350625,-0.00350625,-0.0,-0.0,-0.0,0.0022585257,0.0022585257,-0.0,-0.0,0.0022585257,0.0022585257,0.0,0.0,0.0,0.0,0.0022585257,0.0022585257,0.0022585257,0.0022585257,Uniaxial,0.4675000011920929
1.7697463546205992e-29,101845.125,10335.8681640625,0.0,0.56244295835495,0.0,-0.00352125,0.0022713877,0.0022713877,1.561717e-20,-1.20702195e-20,-6.617445e-21,-0.0023835727,0.0020438523,0.0020438523,6.960147e-21,-8.240753e-21,1.1403584e-21,4542531.0,-4542531.0,-4542531.0,4542531.0,4542531.0,-4542531.0,-4542531.0,4542531.0,-3.149486e-11,2.8401512e-11,0.0,0.0,-5.7307735e-11,2.5886368e-12,0.0,0.0,6.181583e-10,5.898706e-10,5.7183064e-10,6.001183e-10,0.0,0.0,0.0,0.0,-18170124.0,5.7812446e-11,-2.3799778e-09,5.760977e-11,-2.54839e-11,-5.162575e-11,-0.0,-0.00352125,-0.00352125,-0.0,-0.0,-0.00352125,-0.00352125,-0.0,-0.0,-0.0,0.0022713877,0.0022713877,-0.0,-0.0,0.0022713877,0.0022713877,-0.0,-0.0,-0.0,-0.0,0.0022713877,0.0022713877,0.0022713877,0.0022713877,Uniaxial,0.46950000524520874
1.7697463546205992e-29,102116.96875,10281.9814453125,0.0,0.5647242069244385,0.0,-0.00353625,0.0022842498,0.0022842498,1.561717e-20,-1.3764285e-20,-2.3822802e-21,-0.0023985729,0.0020567144,0.0020567144,7.133309e-21,-8.351068e-21,1.0694773e-21,4518848.5,-4518848.5,-4518848.5,4518848.5,4518848.5,-4518848.5,-4518848.5,4518848.5,-4.5371598e-10,-3.9454295e-10,0.0,0.0,-4.651413e-10,-4.0596826e-10,0.0,0.0,-4.0327086e-10,-4.3673434e-10,-4.5593251e-10,-4.2246906e-10,0.0,0.0,0.0,0.0,-18075394.0,1.7193685e-09,1.7184068e-09,5.6163095e-11,-3.5835463e-11,-2.2850609e-11,-1e-45,-0.00353625,-0.00353625,-1e-45,-1e-45,-0.00353625,-0.00353625,-1e-45,-0.0,-0.0,0.0022842498,0.0022842498,-0.0,-0.0,0.0022842498,0.0022842498,-0.0,-0.0,-0.0,-0.0,0.0022842498,0.0022842498,0.0022842498,0.0022842498,Uniaxial,0.4715000092983246
1.7697463546205992e-29,102387.3828125,10228.095703125,0.0,0.5670055150985718,0.0,-0.00355125,0.002297112,0.002297112,1.6040686e-20,-1.4611318e-20,5.8233515e-22,-0.0024135727,0.0020695764,0.0020695764,7.3114365e-21,-8.476203e-21,1.0594361e-21,4495166.0,-4495166.0,-4495166.0,4495166.0,4495166.0,-4495166.0,-4495166.0,4495166.0,-5.1709175e-11,8.124669e-12,0.0,0.0,-5.32801e-11,6.553743e-12,0.0,0.0,-7.327083e-12,-4.307361e-11,-3.6871665e-11,-1.1251384e-12,0.0,0.0,0.0,0.0,-17980664.0,9.031086e-11,8.83975e-11,5.7484715e-11,-4.0401568e-11,-3.1418522e-12,1e-45,-0.00355125,-0.00355125,1e-45,1e-45,-0.00355125,-0.00355125,1e-45,0.0,0.0,0.002297112,0.002297112,0.0,0.0,0.002297112,0.002297112,0.0,0.0,0.0,0.0,0.002297112,0.002297112,0.002297112,0.002297112,Uniaxial,0.47350001335144043
1.7697463546205992e-29,102656.3828125,10174.2099609375,0.0,0.5692867636680603,0.0,-0.00356625,0.002309974,0.002309974,1.688772e-20,-1.4611318e-20,3.123434e-21,-0.0024285729,0.0020824387,0.0020824387,7.5029005e-21,-8.59892e-21,1.1004668e-21,4471483.5,-4471483.5,-4471483.5,4471483.5,4471483.5,-4471483.5,-4471483.5,4471483.5,7.35556e-10,7.973856e-10,0.0,0.0,7.4218187e-10,8.0401147e-10,0.0,0.0,7.7972767e-10,7.4448947e-10,7.588882e-10,7.941264e-10,0.0,0.0,0.0,0.0,-17885934.0,-3.079135e-09,-3.0772316e-09,6.1476234e-11,-3.9384846e-11,1.3251658e-11,1e-45,-0.00356625,-0.00356625,1e-45,1e-45,-0.00356625,-0.00356625,1e-45,0.0,0.0,0.002309974,0.002309974,0.0,0.0,0.002309974,0.002309974,0.0,0.0,0.0,0.0,0.002309974,0.002309974,0.002309974,0.002309974,Uniaxial,0.4754999876022339
1.7697463546205992e-29,102923.9609375,10120.32421875,0.0,0.5715680122375488,0.0,-0.00358125,0.002322836,0.002322836,1.7311236e-20,-1.4187802e-20,5.2410164e-21,-0.0024435727,0.0020953007,0.0020953007,7.699049e-21,-8.710753e-21,1.1830759e-21,4447801.5,-4447801.5,-4447801.5,4447801.5,4447801.5,-4447801.5,-4447801.5,4447801.5,3.331121e-10,3.9551964e-10,0.0,0.0,3.4633268e-10,4.0874024e-10,0.0,0.0,3.7542042e-10,3.4203068e-10,3.6302414e-10,3.9641387e-10,0.0,0.0,0.0,0.0,-17791206.0,-1.4837047e-09,-1.4768892e-09,6.263214e-11,-3.568796e-11,2.6441176e-11,6e-45,-0.00358125,-0.00358125,6e-45,6e-45,-0.00358125,-0.00358125,6e-45,0.0,0.0,0.002322836,0.002322836,0.0,0.0,0.002322836,0.002322836,0.0,0.0,0.0,0.0,0.002322836,0.002322836,0.002322836,0.002322836,Uniaxial,0.47749999165534973
2.1068409700070356e-29,103190.125,10066.4384765625,0.0,0.5738492608070374,0.0,-0.00359625,0.0023356983,0.0023356983,1.7734752e-20,-1.3764285e-20,3.123434e-21,-0.0024585729,0.0021081627,0.0021081627,7.899745e-21,-8.811878e-21,1.2220975e-21,4424119.0,-4424119.0,-4424119.0,4424119.0,4424119.0,-4424119.0,-4424119.0,4424119.0,-4.9037746e-10,-4.2741455e-10,0.0,0.0,-4.686702e-10,-4.0570733e-10,0.0,0.0,-4.316748e-10,-4.6326937e-10,-4.6488075e-10,-4.3328618e-10,0.0,0.0,0.0,0.0,-17696476.0,1.7921695e-09,1.7931111e-09,6.37428e-11,-3.209762e-11,1.23229725e-11,4e-45,-0.00359625,-0.00359625,4e-45,4e-45,-0.00359625,-0.00359625,4e-45,1e-45,1e-45,0.0023356983,0.0023356983,1e-45,1e-45,0.0023356983,0.0023356983,-0.0,-0.0,-0.0,-0.0,0.0023356983,0.0023356983,0.0023356983,0.0023356983,Uniaxial,0.4794999957084656
1.7697463546205992e-29,103454.859375,10012.5517578125,0.0,0.5761305093765259,0.0,-0.00361125,0.0023485604,0.0023485604,1.8158269e-20,-1.2493736e-20,4.3939834e-21,-0.0024735727,0.002121025,0.002121025,8.104898e-21,-8.885651e-21,1.2854176e-21,4400436.5,-4400436.5,-4400436.5,4400436.5,4400436.5,-4400436.5,-4400436.5,4400436.5,-2.6339625e-10,-1.9990012e-10,0.0,0.0,-2.5337654e-10,-1.898804e-10,0.0,0.0,-2.1244141e-10,-2.3961697e-10,-2.3737012e-10,-2.1019457e-10,0.0,0.0,0.0,0.0,-17601746.0,9.0655333e-10,8.9962304e-10,6.480927e-11,-2.3259597e-11,2.0039437e-11,-3e-45,-0.00361125,-0.00361125,-3e-45,-3e-45,-0.00361125,-0.00361125,-3e-45,-0.0,-0.0,0.0023485604,0.0023485604,-0.0,-0.0,0.0023485604,0.0023485604,-0.0,-0.0,-0.0,-0.0,0.0023485604,0.0023485604,0.0023485604,0.0023485604,Uniaxial,0.4814999997615814
1.7697463546205992e-29,103718.171875,9958.666015625,0.0,0.5784117579460144,0.0,-0.00362625,0.0023614224,0.0023614224,1.8581785e-20,-1.2493736e-20,3.5469505e-21,-0.0024885728,0.002133887,0.002133887,8.31442e-21,-8.957822e-21,1.3307374e-21,4376754.0,-4376754.0,-4376754.0,4376754.0,4376754.0,-4376754.0,-4376754.0,4376754.0,-2.5925173e-10,-1.9524396e-10,0.0,0.0,-2.5214675e-10,-1.8813898e-10,0.0,0.0,-2.0894257e-10,-2.3582414e-10,-2.3649202e-10,-2.0961045e-10,0.0,0.0,0.0,0.0,-17507016.0,8.947814e-10,8.908692e-10,6.583258e-11,-2.267167e-11,1.4209976e-11,-6e-45,-0.00362625,-0.00362625,-6e-45,-6e-45,-0.00362625,-0.00362625,-6e-45,-1e-45,-1e-45,0.0023614224,0.0023614224,-1e-45,-1e-45,0.0023614224,0.0023614224,-0.0,-0.0,-0.0,-0.0,0.0023614224,0.0023614224,0.0023614224,0.0023614224,Uniaxial,0.48350000381469727
1.7697463546205992e-29,103980.0703125,9904.7802734375,0.0,0.5806930661201477,0.0,-0.00364125,0.0023742847,0.0023742847,1.8581785e-20,-1.29172524e-20,1.8528846e-21,-0.0025035727,0.002146749,0.002146749,8.5197915e-21,-9.036978e-21,1.3413506e-21,4353071.5,-4353071.5,-4353071.5,4353071.5,4353071.5,-4353071.5,-4353071.5,4353071.5,-6.2157346e-10,-5.5839866e-10,0.0,0.0,-6.1994243e-10,-5.567676e-10,0.0,0.0,-5.7167726e-10,-5.9959554e-10,-6.0573735e-10,-5.7781907e-10,0.0,0.0,0.0,0.0,-17412286.0,2.3566822e-09,2.3548292e-09,6.416668e-11,-2.4745025e-11,3.2621204e-12,-8e-45,-0.00364125,-0.00364125,-8e-45,-8e-45,-0.00364125,-0.00364125,-8e-45,-1e-45,-1e-45,0.0023742847,0.0023742847,-1e-45,-1e-45,0.0023742847,0.0023742847,-0.0,-0.0,-0.0,-0.0,0.0023742847,0.0023742847,0.0023742847,0.0023742847,Uniaxial,0.4855000078678131
1.7697463546205992e-29,104240.546875,9850.89453125,0.0,0.5829743146896362,0.0,-0.00365625,0.0023871467,0.0023871467,1.8581785e-20,-1.4611318e-20,-1.5352472e-21,-0.0025185728,0.0021596113,0.0021596113,8.721056e-21,-9.14831e-21,1.2841496e-21,4329389.0,-4329389.0,-4329389.0,4329389.0,4329389.0,-4329389.0,-4329389.0,4329389.0,7.352884e-10,7.9765045e-10,0.0,0.0,7.263475e-10,7.887095e-10,0.0,0.0,4.44197e-12,-2.8428173e-11,-2.9596228e-11,3.2739143e-12,0.0,0.0,0.0,0.0,-17317556.0,-3.0479959e-09,5.0308514e-11,6.2541076e-11,-3.4648798e-11,-1.7881854e-11,1e-45,-0.00365625,-0.00365625,1e-45,1e-45,-0.00365625,-0.00365625,1e-45,0.0,0.0,0.0023871467,0.0023871467,0.0,0.0,0.0023871467,0.0023871467,0.0,0.0,0.0,0.0,0.0023871467,0.0023871467,0.0023871467,0.0023871467,Uniaxial,0.48750001192092896
2.443935585393472e-29,104499.59375,9797.0087890625,0.0,0.5852555632591248,0.0,-0.00367125,0.0024000087,0.0024000087,1.8581785e-20,-1.5034835e-20,1.5881868e-22,-0.0025335727,0.0021724734,0.0021724734,8.918295e-21,-9.266012e-21,1.2614734e-21,4305706.5,-4305706.5,-4305706.5,4305706.5,4305706.5,-4305706.5,-4305706.5,4305706.5,3.4739553e-10,4.0896445e-10,0.0,0.0,3.439179e-10,4.054868e-10,0.0,0.0,-3.880022e-10,-4.2174209e-10,-4.0190112e-10,-3.6816125e-10,0.0,0.0,0.0,0.0,-17222826.0,-1.5057647e-09,1.5798066e-09,6.095484e-11,-3.6388264e-11,-6.955265e-12,1e-45,-0.00367125,-0.00367125,1e-45,1e-45,-0.00367125,-0.00367125,1e-45,0.0,0.0,0.0024000087,0.0024000087,0.0,0.0,0.0024000087,0.0024000087,-0.0,-0.0,-0.0,-0.0,0.0024000087,0.0024000087,0.0024000087,0.0024000087,Uniaxial,0.4894999861717224
1.7697463546205992e-29,104757.2265625,9743.1220703125,0.0,0.5875368118286133,0.0,-0.00368625,0.002412871,0.002412871,1.9005302e-20,-1.5458351e-20,3.970467e-21,-0.0025485728,0.0021853354,0.0021853354,9.120018e-21,-9.389831e-21,1.3152797e-21,4282024.0,-4282024.0,-4282024.0,4282024.0,4282024.0,-4282024.0,-4282024.0,4282024.0,1.341565e-10,1.9625343e-10,0.0,0.0,1.4248457e-10,2.045815e-10,0.0,0.0,1.7833504e-10,1.4375523e-10,1.5985617e-10,1.9443598e-10,0.0,0.0,0.0,0.0,-17128096.0,-6.77476e-10,-6.7638245e-10,6.2010896e-11,-3.8068135e-11,1.6656124e-11,7e-45,-0.00368625,-0.00368625,7e-45,7e-45,-0.00368625,-0.00368625,7e-45,1e-45,1e-45,0.002412871,0.002412871,1e-45,1e-45,0.002412871,0.002412871,0.0,0.0,0.0,0.0,0.002412871,0.002412871,0.002412871,0.002412871,Uniaxial,0.49149999022483826
1.7697463546205992e-29,105013.4375,9689.236328125,0.0,0.5898180603981018,0.0,-0.00370125,0.002425733,0.002425733,1.9428818e-20,-1.5881868e-20,2.6999175e-21,-0.0025635727,0.0021981976,0.0021981976,9.326176e-21,-9.519645e-21,1.3431004e-21,4258342.0,-4258342.0,-4258342.0,4258342.0,4258342.0,-4258342.0,-4258342.0,4258342.0,3.3956205e-10,4.021655e-10,0.0,0.0,3.4379422e-10,4.0639764e-10,0.0,0.0,3.8421952e-10,3.4882885e-10,3.608339e-10,3.9622455e-10,0.0,0.0,0.0,0.0,-17033368.0,-1.4919194e-09,-1.4901068e-09,6.3023885e-11,-3.9689814e-11,8.464309e-12,-4e-45,-0.00370125,-0.00370125,-4e-45,-4e-45,-0.00370125,-0.00370125,-4e-45,-0.0,-0.0,0.002425733,0.002425733,-0.0,-0.0,0.002425733,0.002425733,-0.0,-0.0,-0.0,-0.0,0.002425733,0.002425733,0.002425733,0.002425733,Uniaxial,0.4934999942779541
2.1068409700070356e-29,105268.2265625,9635.3505859375,0.0,0.5920993089675903,0.0,-0.00371625,0.002438595,0.002438595,1.9852335e-20,-1.5458351e-20,5.8233515e-22,-0.0025785728,0.0022110597,0.0022110597,9.5366824e-21,-9.6384765e-21,1.3280946e-21,4234659.5,-4234659.5,-4234659.5,4234659.5,4234659.5,-4234659.5,-4234659.5,4234659.5,1.2365703e-10,1.8674592e-10,0.0,0.0,1.3688956e-10,1.9997845e-10,0.0,0.0,1.8528203e-10,1.5168401e-10,1.4159791e-10,1.7519594e-10,0.0,0.0,0.0,0.0,-16938638.0,-6.4727096e-10,-6.537599e-10,6.399482e-11,-3.6104543e-11,-4.62644e-12,4e-45,-0.00371625,-0.00371625,4e-45,4e-45,-0.00371625,-0.00371625,4e-45,0.0,0.0,0.002438595,0.002438595,0.0,0.0,0.002438595,0.002438595,0.0,0.0,0.0,0.0,0.002438595,0.002438595,0.002438595,0.002438595,Uniaxial,0.49549999833106995
2.1068409700070356e-29,105521.6015625,9581.46484375,0.0,0.5943806171417236,0.0,-0.00373125,0.0024514573,0.0024514573,2.0275851e-20,-1.5458351e-20,4.3939834e-21,-0.0025935727,0.0022239217,0.0022239217,9.75145e-21,-9.7548885e-21,1.3890416e-21,4210977.0,-4210977.0,-4210977.0,4210977.0,4210977.0,-4210977.0,-4210977.0,4210977.0,-5.4804113e-11,8.749725e-12,0.0,0.0,-2.9989674e-11,3.3564162e-11,0.0,0.0,5.6337873e-10,5.3024074e-10,5.4728233e-10,5.804203e-10,0.0,0.0,0.0,0.0,-16843908.0,4.2479895e-11,-2.2213222e-09,6.4924705e-11,-3.5184487e-11,1.8537392e-11,1e-45,-0.00373125,-0.00373125,1e-45,1e-45,-0.00373125,-0.00373125,1e-45,-0.0,-0.0,0.0024514573,0.0024514573,-0.0,-0.0,0.0024514573,0.0024514573,0.0,0.0,0.0,0.0,0.0024514573,0.0024514573,0.0024514573,0.0024514573,Uniaxial,0.4975000023841858
2.1068409700070356e-29,105773.546875,9527.5791015625,0.0,0.5966618657112122,0.0,-0.00374625,0.0024643193,0.0024643193,2.0699368e-20,-1.5458351e-20,3.5469505e-21,-0.0026085728,0.002236784,0.002236784,9.9703924e-21,-9.8689715e-21,1.4322875e-21,4187294.5,-4187294.5,-4187294.5,4187294.5,4187294.5,-4187294.5,-4187294.5,4187294.5,1.3650399e-10,2.0050271e-10,0.0,0.0,1.2744421e-10,1.9144293e-10,0.0,0.0,1.7363419e-10,1.4094506e-10,1.5520389e-10,1.8789303e-10,0.0,0.0,0.0,0.0,-16749178.0,-6.5589384e-10,-6.576762e-10,6.581448e-11,-3.4286792e-11,1.2971924e-11,-3e-45,-0.00374625,-0.00374625,-3e-45,-3e-45,-0.00374625,-0.00374625,-3e-45,-1e-45,-1e-45,0.0024643193,0.0024643193,-1e-45,-1e-45,0.0024643193,0.0024643193,-0.0,-0.0,-0.0,-0.0,0.0024643193,0.0024643193,0.0024643193,0.0024643193,Uniaxial,0.49950000643730164
2.1068409700070356e-29,106024.0703125,9473.6923828125,0.0,0.5989431142807007,0.0,-0.00376125,0.0024771814,0.0024771814,2.1122884e-20,-1.4611318e-20,4.3939834e-21,-0.0026235727,0.002249646,0.002249646,1.01934275e-20,-9.963914e-21,1.4914447e-21,4163612.0,-4163612.0,-4163612.0,4163612.0,4163612.0,-4163612.0,-4163612.0,4163612.0,3.0937242e-10,3.7379647e-10,0.0,0.0,3.337703e-10,3.9819434e-10,0.0,0.0,3.5869122e-10,3.2897188e-10,3.4559688e-10,3.7531622e-10,0.0,0.0,0.0,0.0,-16654448.0,-1.4151335e-09,-1.4085763e-09,6.66651e-11,-2.8347215e-11,1.7704269e-11,-0.0,-0.00376125,-0.00376125,-0.0,-0.0,-0.00376125,-0.00376125,-0.0,-0.0,-0.0,0.0024771814,0.0024771814,-0.0,-0.0,0.0024771814,0.0024771814,-0.0,-0.0,-0.0,-0.0,0.0024771814,0.0024771814,0.0024771814,0.0024771814,Uniaxial,0.5015000104904175
1.7697463546205992e-29,106273.1796875,9419.806640625,0.0,0.6012243628501892,0.0,-0.00377625,0.0024900436,0.0024900436,2.0699368e-20,-1.4611318e-20,3.123434e-21,-0.0026385728,0.002262508,0.002262508,1.0403614e-20,-1.0056874e-20,1.5242145e-21,4139929.5,-4139929.5,-4139929.5,4139929.5,4139929.5,-4139929.5,-4139929.5,4139929.5,4.981064e-10,5.6041916e-10,0.0,0.0,5.0295595e-10,5.652687e-10,0.0,0.0,-2.013738e-10,-2.3073064e-10,-2.1810824e-10,-1.887514e-10,0.0,0.0,0.0,0.0,-16559718.0,-2.12675e-09,8.389641e-10,6.244258e-11,-2.7622188e-11,9.699084e-12,3e-45,-0.00377625,-0.00377625,3e-45,3e-45,-0.00377625,-0.00377625,3e-45,0.0,0.0,0.0024900436,0.0024900436,0.0,0.0,0.0024900436,0.0024900436,0.0,0.0,-0.0,-0.0,0.0024900436,0.0024900436,0.0024900436,0.0024900436,Uniaxial,0.5034999847412109
2.696756321238384e-29,106520.8671875,9365.9208984375,0.0,0.6035056114196777,0.0,-0.00379125,0.0025029057,0.0025029057,2.0699368e-20,-1.3764285e-20,2.6999175e-21,-0.0026535727,0.0022753703,0.0022753703,1.0609554e-20,-1.0131116e-20,1.5477742e-21,4116247.2,-4116247.2,-4116247.2,4116247.2,4116247.2,-4116247.2,-4116247.2,4116247.2,-2.4832578e-10,-1.8681254e-10,0.0,0.0,-2.2930621e-10,-1.6779297e-10,0.0,0.0,-1.9886774e-10,-2.2536785e-10,-2.2189402e-10,-1.9539392e-10,0.0,0.0,0.0,0.0,-16464989.0,8.322375e-10,8.415235e-10,6.084351e-11,-2.1908713e-11,6.9476456e-12,1e-45,-0.00379125,-0.00379125,1e-45,1e-45,-0.00379125,-0.00379125,1e-45,0.0,0.0,0.0025029057,0.0025029057,0.0,0.0,0.0025029057,0.0025029057,0.0,0.0,0.0,0.0,0.0025029057,0.0025029057,0.0025029057,0.0025029057,Uniaxial,0.5055000185966492
2.696756321238384e-29,106767.1328125,9312.03515625,0.0,0.6057868599891663,0.0,-0.00380625,0.0025157677,0.0025157677,2.1122884e-20,-1.3764285e-20,2.276401e-21,-0.0026685728,0.0022882323,0.0022882323,1.0819804e-20,-1.0203788e-20,1.5623909e-21,4092564.8,-4092564.8,-4092564.8,4092564.8,4092564.8,-4092564.8,-4092564.8,4092564.8,-6.448113e-11,-2.5035967e-12,0.0,0.0,-4.6794964e-11,1.5182569e-11,0.0,0.0,-1.3567981e-11,-3.97872e-11,-3.7646778e-11,-1.1427558e-11,0.0,0.0,0.0,0.0,-16370259.0,9.859712e-11,1.02429516e-10,6.1772094e-11,-2.1346954e-11,4.2808465e-12,-6e-45,-0.00380625,-0.00380625,-6e-45,-6e-45,-0.00380625,-0.00380625,-6e-45,-0.0,-0.0,0.0025157677,0.0025157677,-0.0,-0.0,0.0025157677,0.0025157677,-1e-45,-1e-45,-1e-45,-1e-45,0.0025157677,0.0025157677,0.0025157677,0.0025157677,Uniaxial,0.5074999928474426
1.7697463546205992e-29,107011.96875,9258.1494140625,0.0,0.6080681681632996,0.0,-0.00382125,0.00252863,0.00252863,2.15464e-20,-1.5034835e-20,3.5469505e-21,-0.002683573,0.0023010944,0.0023010944,1.103432e-20,-1.03002945e-20,1.6019607e-21,4068882.2,-4068882.2,-4068882.2,4068882.2,4068882.2,-4068882.2,-4068882.2,4068882.2,-7.916503e-10,-7.2922857e-10,0.0,0.0,-7.8585344e-10,-7.234317e-10,0.0,0.0,-7.5014706e-10,-7.798036e-10,-7.662339e-10,-7.365773e-10,0.0,0.0,0.0,0.0,-16275529.0,3.030164e-09,3.0327618e-09,6.266045e-11,-2.8221666e-11,1.15937026e-11,3e-45,-0.00382125,-0.00382125,3e-45,3e-45,-0.00382125,-0.00382125,3e-45,0.0,0.0,0.00252863,0.00252863,0.0,0.0,0.00252863,0.00252863,0.0,0.0,0.0,0.0,0.00252863,0.00252863,0.00252863,0.00252863,Uniaxial,0.5095000267028809
2.1068409700070356e-29,107255.3984375,9204.2626953125,0.0,0.6103494167327881,0.0,-0.00383625,0.002541492,0.002541492,2.1969917e-20,-1.6305384e-20,3.970467e-21,-0.0026985728,0.0023139566,0.0023139566,1.1253016e-20,-1.0420284e-20,1.6492938e-21,4045199.8,-4045199.8,-4045199.8,4045199.8,4045199.8,-4045199.8,-4045199.8,4045199.8,-6.064445e-10,-5.435982e-10,0.0,0.0,-6.1511246e-10,-5.5226623e-10,0.0,0.0,-5.695001e-10,-6.0248373e-10,-5.878331e-10,-5.548495e-10,0.0,0.0,0.0,0.0,-16180799.0,2.3174214e-09,2.3146665e-09,6.350953e-11,-3.487575e-11,1.3755526e-11,-0.0,-0.00383625,-0.00383625,-0.0,-0.0,-0.00383625,-0.00383625,-0.0,-0.0,-0.0,0.002541492,0.002541492,-0.0,-0.0,0.002541492,0.002541492,-0.0,-0.0,-0.0,-0.0,0.002541492,0.002541492,0.002541492,0.002541492,Uniaxial,0.5115000009536743
1.7697463546205992e-29,107497.3984375,9150.376953125,0.0,0.6126306653022766,0.0,-0.00385125,0.002554354,0.002554354,2.2393434e-20,-1.6305384e-20,2.276401e-21,-0.002713573,0.0023268186,0.0023268186,1.14758094e-20,-1.0538e-20,1.6620059e-21,4021517.5,-4021517.5,-4021517.5,4021517.5,4021517.5,-4021517.5,-4021517.5,4021517.5,-5.94629e-10,-5.3137744e-10,0.0,0.0,-5.928192e-10,-5.295676e-10,0.0,0.0,1.7715852e-10,1.4462374e-10,1.3866071e-10,1.7119547e-10,0.0,0.0,0.0,0.0,-16086070.0,2.2483932e-09,-6.3163846e-10,6.432026e-11,-3.397806e-11,3.6196573e-12,-6e-45,-0.00385125,-0.00385125,-6e-45,-6e-45,-0.00385125,-0.00385125,-6e-45,-0.0,-0.0,0.002554354,0.002554354,-0.0,-0.0,0.002554354,0.002554354,-0.0,-0.0,-0.0,-0.0,0.002554354,0.002554354,0.002554354,0.002554354,Uniaxial,0.5134999752044678
1.7697463546205992e-29,107737.9765625,9096.4912109375,0.0,0.6149119138717651,0.0,-0.00386625,0.0025672163,0.0025672163,2.281695e-20,-1.6305384e-20,1.5881868e-22,-0.0027285728,0.0023396807,0.0023396807,1.1702618e-20,-1.0653362e-20,1.63215e-21,3997835.0,-3997835.0,-3997835.0,3997835.0,3997835.0,-3997835.0,-3997835.0,3997835.0,-5.3783176e-11,9.855082e-12,0.0,0.0,-5.8097624e-11,5.5406365e-12,0.0,0.0,-1.1357792e-12,-3.3232684e-11,-4.532e-11,-1.3223096e-11,0.0,0.0,0.0,0.0,-15991340.0,9.648508e-11,9.291156e-11,6.509355e-11,-3.3102323e-11,-8.628891e-12,1e-45,-0.00386625,-0.00386625,1e-45,1e-45,-0.00386625,-0.00386625,1e-45,-0.0,-0.0,0.0025672163,0.0025672163,-0.0,-0.0,0.0025672163,0.0025672163,0.0,0.0,0.0,0.0,0.0025672163,0.0025672163,0.0025672163,0.0025672163,Uniaxial,0.515500009059906
2.443935585393472e-29,107977.140625,9042.60546875,0.0,0.6171931624412537,0.0,-0.00388125,0.0025800783,0.0025800783,2.3240466e-20,-1.67289e-20,-1.9587637e-21,-0.002743573,0.002352543,0.002352543,1.1933361e-20,-1.0774845e-20,1.5605348e-21,3974152.5,-3974152.5,-3974152.5,3974152.5,3974152.5,-3974152.5,-3974152.5,3974152.5,-4.0850512e-10,-3.4449849e-10,0.0,0.0,-4.1874984e-10,-3.547432e-10,0.0,0.0,1.8483004e-10,1.5195196e-10,1.1838862e-10,1.5126671e-10,0.0,0.0,0.0,0.0,-15896610.0,1.5264967e-09,-6.0643734e-10,6.583028e-11,-3.4664674e-11,-2.0489452e-11,1e-45,-0.00388125,-0.00388125,1e-45,1e-45,-0.00388125,-0.00388125,1e-45,0.0,0.0,0.0025800783,0.0025800783,0.0,0.0,0.0025800783,0.0025800783,0.0,0.0,0.0,0.0,0.0025800783,0.0025800783,0.0025800783,0.0025800783,Uniaxial,0.5174999833106995
2.1068409700070356e-29,108214.875,8988.7197265625,0.0,0.6194744110107422,0.0,-0.00389625,0.0025929403,0.0025929403,2.281695e-20,-1.5881868e-20,-2.8057966e-21,-0.0027585728,0.002365405,0.002365405,1.2151101e-20,-1.0877082e-20,1.4732828e-21,3950470.0,-3950470.0,-3950470.0,3950470.0,3950470.0,-3950470.0,-3950470.0,3950470.0,-3.8774572e-10,-3.257908e-10,0.0,0.0,-4.156737e-10,-3.5371878e-10,0.0,0.0,-3.4522035e-10,-3.7524828e-10,-3.9540338e-10,-3.6537545e-10,0.0,0.0,0.0,0.0,-15801880.0,1.482929e-09,1.4812475e-09,6.1726825e-11,-2.8964362e-11,-2.4764458e-11,-1e-45,-0.00389625,-0.00389625,-1e-45,-1e-45,-0.00389625,-0.00389625,-1e-45,-0.0,-0.0,0.0025929403,0.0025929403,-0.0,-0.0,0.0025929403,0.0025929403,-0.0,-0.0,-0.0,-0.0,0.0025929403,0.0025929403,0.0025929403,0.0025929403,Uniaxial,0.5195000171661377
1.7697463546205992e-29,108451.1953125,8934.8330078125,0.0,0.6217557191848755,0.0,-0.00391125,0.0026058026,0.0026058026,2.3240466e-20,-1.5881868e-20,-1.5352472e-21,-0.002773573,0.0023782672,0.0023782672,1.2372873e-20,-1.097719e-20,1.4129789e-21,3926787.8,-3926787.8,-3926787.8,3926787.8,3926787.8,-3926787.8,-3926787.8,3926787.8,-2.6057554e-11,3.62926e-11,0.0,0.0,-3.4537595e-11,2.7812561e-11,0.0,0.0,2.383054e-11,-5.8226215e-12,-2.2075532e-11,7.577629e-12,0.0,0.0,0.0,0.0,-15707151.0,-3.5100148e-12,-3.5100148e-12,6.251734e-11,-2.8214838e-11,-1.6960081e-11,-3e-45,-0.00391125,-0.00391125,-3e-45,-3e-45,-0.00391125,-0.00391125,-3e-45,-0.0,-0.0,0.0026058026,0.0026058026,-0.0,-0.0,0.0026058026,0.0026058026,-0.0,-0.0,-0.0,-0.0,0.0026058026,0.0026058026,0.0026058026,0.0026058026,Uniaxial,0.5214999914169312
2.1068409700070356e-29,108686.09375,8880.947265625,0.0,0.624036967754364,0.0,-0.00392625,0.0026186646,0.0026186646,2.3240466e-20,-1.6305384e-20,-2.8057966e-21,-0.0027885728,0.0023911293,0.0023911293,1.2590251e-20,-1.1083725e-20,1.3287188e-21,3903105.2,-3903105.2,-3903105.2,3903105.2,3903105.2,-3903105.2,-3903105.2,3903105.2,4.891695e-10,5.5070964e-10,0.0,0.0,4.618033e-10,5.233434e-10,0.0,0.0,5.310826e-10,5.0060833e-10,4.8101495e-10,5.114893e-10,0.0,0.0,0.0,0.0,-15612421.0,-2.025026e-09,-2.0241953e-09,6.089734e-11,-2.985716e-11,-2.3640931e-11,7e-45,-0.00392625,-0.00392625,7e-45,7e-45,-0.00392625,-0.00392625,7e-45,0.0,0.0,0.0026186646,0.0026186646,1e-45,1e-45,0.0026186646,0.0026186646,1e-45,1e-45,0.0,0.0,0.0026186646,0.0026186646,0.0026186646,0.0026186646,Uniaxial,0.5235000252723694
2.443935585393472e-29,108919.5625,8827.0615234375,0.0,0.6263182163238525,0.0,-0.00394125,0.0026315267,0.0026315267,2.3240466e-20,-1.67289e-20,-6.8821427e-22,-0.002803573,0.0024039913,0.0024039913,1.2803282e-20,-1.11966e-20,1.2881652e-21,3879422.8,-3879422.8,-3879422.8,3879422.8,3879422.8,-3879422.8,-3879422.8,3879422.8,-3.9621406e-10,-3.3546402e-10,0.0,0.0,-4.0183018e-10,-3.4108014e-10,0.0,0.0,-3.3875291e-10,-3.7001938e-10,-3.9895412e-10,-3.6768766e-10,0.0,0.0,0.0,0.0,-15517691.0,1.4745883e-09,1.475414e-09,5.9317135e-11,-3.1441454e-11,-1.123226e-11,-0.0,-0.00394125,-0.00394125,-0.0,-0.0,-0.00394125,-0.00394125,-0.0,-0.0,-0.0,0.0026315267,0.0026315267,-0.0,-0.0,0.0026315267,0.0026315267,-0.0,-0.0,-0.0,-0.0,0.0026315267,0.0026315267,0.0026315267,0.0026315267,Uniaxial,0.5254999995231628
2.1068409700070356e-29,109151.6171875,8773.17578125,0.0,0.6285994648933411,0.0,-0.00395625,0.002644389,0.002644389,2.3240466e-20,-1.7575934e-20,-1.9587637e-21,-0.0028185728,0.0024168536,0.0024168536,1.3012051e-20,-1.1324118e-20,1.2233441e-21,3855740.2,-3855740.2,-3855740.2,3855740.2,3855740.2,-3855740.2,-3855740.2,3855740.2,3.0944886e-10,3.6942824e-10,0.0,0.0,2.8491595e-10,3.4489533e-10,0.0,0.0,3.5108663e-10,3.1788402e-10,3.0112401e-10,3.3432662e-10,0.0,0.0,0.0,0.0,-15422961.0,-1.3086884e-09,-1.3044212e-09,5.7775784e-11,-3.5313735e-11,-1.7974315e-11,-6e-45,-0.00395625,-0.00395625,-6e-45,-6e-45,-0.00395625,-0.00395625,-6e-45,-0.0,-0.0,0.002644389,0.002644389,-0.0,-0.0,0.002644389,0.002644389,-0.0,-0.0,-0.0,-0.0,0.002644389,0.002644389,0.002644389,0.002644389,Uniaxial,0.5274999737739563
2.1068409700070356e-29,109382.2578125,8719.2900390625,0.0,0.6308807134628296,0.0,-0.00397125,0.002657251,0.002657251,2.3240466e-20,-1.8422967e-20,-1.5352472e-21,-0.002833573,0.0024297156,0.0024297156,1.3216644e-20,-1.1466027e-20,1.1681239e-21,3832058.0,-3832058.0,-3832058.0,3832058.0,3832058.0,-3832058.0,-3832058.0,3832058.0,1.412314e-10,2.0045907e-10,0.0,0.0,1.1809749e-10,1.7732515e-10,0.0,0.0,1.8343528e-10,1.4836188e-10,1.3300083e-10,1.6807422e-10,0.0,0.0,0.0,0.0,-15328232.0,-6.371131e-10,-6.328722e-10,5.627236e-11,-3.90553e-11,-1.5176353e-11,1e-45,-0.00397125,-0.00397125,1e-45,1e-45,-0.00397125,-0.00397125,1e-45,0.0,0.0,0.002657251,0.002657251,0.0,0.0,0.002657251,0.002657251,0.0,0.0,0.0,0.0,0.002657251,0.002657251,0.002657251,0.002657251,Uniaxial,0.5295000076293945
1.348378160619192e-29,109611.46875,8665.4033203125,0.0,0.6331619620323181,0.0,-0.00398625,0.002670113,0.002670113,2.40875e-20,-1.799945e-20,-2.8057966e-21,-0.0028485728,0.0024425776,0.0024425776,1.3434004e-20,-1.1596753e-20,1.088762e-21,3808375.5,-3808375.5,-3808375.5,3808375.5,3808375.5,-3808375.5,-3808375.5,3808375.5,2.8913869e-10,3.4217612e-10,0.0,0.0,2.782745e-10,3.3131192e-10,0.0,0.0,3.362066e-10,3.028e-10,2.8416294e-10,3.1756953e-10,0.0,0.0,0.0,0.0,-15233502.0,-1.2409012e-09,-1.2407391e-09,5.943765e-11,-3.572172e-11,-2.1728399e-11,4e-45,-0.00398625,-0.00398625,4e-45,4e-45,-0.00398625,-0.00398625,4e-45,0.0,0.0,0.002670113,0.002670113,0.0,0.0,0.002670113,0.002670113,-0.0,-0.0,-0.0,-0.0,0.002670113,0.002670113,0.002670113,0.002670113,Uniaxial,0.531499981880188
1.4326518896974396e-29,109839.2578125,8611.517578125,0.0,0.6354432702064514,0.0,-0.00400125,0.0026829753,0.0026829753,2.3240466e-20,-1.7575934e-20,-1.1117307e-21,-0.002863573,0.00245544,0.00245544,1.363024e-20,-1.1716394e-20,1.0445789e-21,3784693.0,-3784693.0,-3784693.0,3784693.0,3784693.0,-3784693.0,-3784693.0,3784693.0,1.131878e-10,1.6314823e-10,0.0,0.0,9.9437125e-11,1.4939756e-10,0.0,0.0,1.4753852e-10,1.15748744e-10,1.1754381e-10,1.4933359e-10,0.0,0.0,0.0,0.0,-15138772.0,-5.2517074e-10,-5.301647e-10,5.328365e-11,-3.2488068e-11,-1.1955603e-11,3e-45,-0.00400125,-0.00400125,3e-45,3e-45,-0.00400125,-0.00400125,3e-45,0.0,0.0,0.0026829753,0.0026829753,0.0,0.0,0.0026829753,0.0026829753,0.0,0.0,0.0,0.0,0.0026829753,0.0026829753,0.0026829753,0.0026829753,Uniaxial,0.5335000157356262
8.427363880028142e-30,110065.6328125,8557.6318359375,0.0,0.6377245187759399,0.0,-0.00401625,0.0026958373,0.0026958373,2.2393434e-20,-1.7575934e-20,-1.1117307e-21,-0.0028785728,0.002468302,0.002468302,1.380561e-20,-1.1833599e-20,1.0014466e-21,3761010.5,-3761010.5,-3761010.5,3761010.5,3761010.5,-3761010.5,-3761010.5,3761010.5,-7.157481e-10,-6.765439e-10,0.0,0.0,-7.2934253e-10,-6.901383e-10,0.0,0.0,1.5318245e-10,1.2181722e-10,1.2376852e-10,1.5513375e-10,0.0,0.0,0.0,0.0,-15044042.0,2.8117728e-09,-5.539019e-10,4.7317015e-11,-3.1639e-11,-1.1643142e-11,-4e-45,-0.00401625,-0.00401625,-4e-45,-4e-45,-0.00401625,-0.00401625,-4e-45,-0.0,-0.0,0.0026958373,0.0026958373,-0.0,-0.0,0.0026958373,0.0026958373,-0.0,-0.0,-0.0,-0.0,0.0026958373,0.0026958373,0.0026958373,0.0026958373,Uniaxial,0.5354999899864197
1.5169254683124103e-29,110290.578125,8503.74609375,0.0,0.6400057673454285,0.0,-0.00403125,0.0027086996,0.0027086996,1.9852335e-20,-1.7152417e-20,1.5881868e-22,-0.002893573,0.002481164,0.002481164,1.3926813e-20,-1.1940031e-20,9.844655e-22,3737328.2,-3737328.2,-3737328.2,3737328.2,3737328.2,-3737328.2,-3737328.2,3737328.2,-2.1551817e-10,-1.8375106e-10,0.0,0.0,-1.9445981e-10,-1.6269269e-10,0.0,0.0,-1.6687479e-10,-1.9668966e-10,-2.0672278e-10,-1.769079e-10,0.0,0.0,0.0,0.0,-14949313.0,7.564217e-10,7.4719514e-10,3.244274e-11,-2.8538264e-11,-4.5204873e-12,-1e-45,-0.00403125,-0.00403125,-1e-45,-1e-45,-0.00403125,-0.00403125,-1e-45,-0.0,-0.0,0.0027086996,0.0027086996,-0.0,-0.0,0.0027086996,0.0027086996,-0.0,-0.0,-0.0,-0.0,0.0027086996,0.0027086996,0.0027086996,0.0027086996,Uniaxial,0.5375000238418579
1.5169254683124103e-29,110514.109375,8449.8603515625,0.0,0.642287015914917,0.0,-0.00404625,0.0027215616,0.0027215616,1.8158269e-20,-1.6305384e-20,1.0058516e-21,-0.0029085728,0.0024940262,0.0024940262,1.4011622e-20,-1.2027433e-20,9.848084e-22,3713645.8,-3713645.8,-3713645.8,3713645.8,3713645.8,-3713645.8,-3713645.8,3713645.8,-1.9526115e-10,-1.6843572e-10,0.0,0.0,-2.1852253e-10,-1.916971e-10,0.0,0.0,-1.731452e-10,-2.0032782e-10,-2.0804344e-10,-1.8086084e-10,0.0,0.0,0.0,0.0,-14854583.0,7.7391654e-10,7.6237733e-10,2.255938e-11,-2.327373e-11,1.1448343e-13,0.0,-0.00404625,-0.00404625,0.0,0.0,-0.00404625,-0.00404625,0.0,-0.0,-0.0,0.0027215616,0.0027215616,-0.0,-0.0,0.0027215616,0.0027215616,0.0,0.0,0.0,0.0,0.0027215616,0.0027215616,0.0027215616,0.0027215616,Uniaxial,0.5394999980926514
8.427363880028142e-30,110736.21875,8395.9736328125,0.0,0.6445682644844055,0.0,-0.00406125,0.0027344236,0.0027344236,1.7734752e-20,-1.6305384e-20,1.5881868e-22,-0.002923573,0.0025068882,0.0025068882,1.4086138e-20,-1.2113003e-20,9.683704e-22,3689963.2,-3689963.2,-3689963.2,3689963.2,3689963.2,-3689963.2,-3689963.2,3689963.2,-1.866574e-10,-1.6125e-10,0.0,0.0,-1.9661837e-10,-1.7121098e-10,0.0,0.0,-1.6605162e-10,-1.9292874e-10,-2.028897e-10,-1.760126e-10,0.0,0.0,0.0,0.0,-14759853.0,7.1573675e-10,7.3788264e-10,1.972331e-11,-2.2662745e-11,-4.376192e-12,6e-45,-0.00406125,-0.00406125,6e-45,6e-45,-0.00406125,-0.00406125,6e-45,0.0,0.0,0.0027344236,0.0027344236,0.0,0.0,0.0027344236,0.0027344236,1e-45,1e-45,1e-45,1e-45,0.0027344236,0.0027344236,0.0027344236,0.0027344236,Uniaxial,0.5414999723434448
1.5169254683124103e-29,110956.90625,8342.087890625,0.0,0.646849513053894,0.0,-0.00407625,0.0027472859,0.0027472859,1.8581785e-20,-1.7152417e-20,-2.646978e-22,-0.0029385728,0.0025197503,0.0025197503,1.4175977e-20,-1.2213719e-20,9.437487e-22,3666280.8,-3666280.8,-3666280.8,3666280.8,3666280.8,-3666280.8,-3666280.8,3666280.8,-4.0903125e-11,-1.3525576e-11,0.0,0.0,-6.7467025e-11,-4.0089473e-11,0.0,0.0,-2.6708072e-11,-5.5516695e-11,-6.6534854e-11,-3.772623e-11,0.0,0.0,0.0,0.0,-14665123.0,1.6198519e-10,1.8648584e-10,2.3663611e-11,-2.6525764e-11,-6.49057e-12,-1e-45,-0.00407625,-0.00407625,-1e-45,-1e-45,-0.00407625,-0.00407625,-1e-45,0.0,0.0,0.0027472859,0.0027472859,0.0,0.0,0.0027472859,0.0027472859,-0.0,-0.0,-0.0,-0.0,0.0027472859,0.0027472859,0.0027472859,0.0027472859,Uniaxial,0.5435000061988831
2.865303779394879e-29,111176.171875,8288.2021484375,0.0,0.6491308212280273,0.0,-0.00409125,0.002760148,0.002760148,1.9852335e-20,-1.799945e-20,-6.8821427e-22,-0.002953573,0.0025326125,0.0025326125,1.4289392e-20,-1.2329363e-20,9.111477e-22,3642598.5,-3642598.5,-3642598.5,3642598.5,3642598.5,-3642598.5,-3642598.5,3642598.5,-1.8908802e-10,-1.586995e-10,0.0,0.0,-1.8558251e-10,-1.5519397e-10,0.0,0.0,-1.4112973e-10,-1.7180414e-10,-2.1493585e-10,-1.8426143e-10,0.0,0.0,0.0,0.0,-14570394.0,6.88564e-10,7.1213113e-10,2.9685587e-11,-3.025734e-11,-8.53469e-12,-1e-45,-0.00409125,-0.00409125,-1e-45,-1e-45,-0.00409125,-0.00409125,-1e-45,0.0,0.0,0.002760148,0.002760148,0.0,0.0,0.002760148,0.002760148,-0.0,-0.0,-0.0,-0.0,0.002760148,0.002760148,0.002760148,0.002760148,Uniaxial,0.5454999804496765
1.5169254683124103e-29,111394.015625,8234.31640625,0.0,0.6514120697975159,0.0,-0.00410625,0.00277301,0.00277301,2.1122884e-20,-1.8422967e-20,-2.8057966e-21,-0.0029685728,0.0025454746,0.0025454746,1.442595e-20,-1.2451208e-20,8.370107e-22,3618916.0,-3618916.0,-3618916.0,3618916.0,3618916.0,-3618916.0,-3618916.0,3618916.0,1.4155438e-10,1.7485241e-10,0.0,0.0,1.0857939e-10,1.4187741e-10,0.0,0.0,1.5953931e-10,1.2816359e-10,1.2628008e-10,1.576558e-10,0.0,0.0,0.0,0.0,-14475664.0,-5.6686356e-10,-5.716388e-10,3.5504565e-11,-3.1659966e-11,-1.9312763e-11,-1e-45,-0.00410625,-0.00410625,-1e-45,-1e-45,-0.00410625,-0.00410625,-1e-45,-0.0,-0.0,0.00277301,0.00277301,-0.0,-0.0,0.00277301,0.00277301,-0.0,-0.0,-0.0,-0.0,0.00277301,0.00277301,0.00277301,0.00277301,Uniaxial,0.5475000143051147
1.5169254683124103e-29,111610.4453125,8180.43017578125,0.0,0.6536933183670044,0.0,-0.00412125,0.0027858722,0.0027858722,2.15464e-20,-1.927e-20,-8.735027e-21,-0.002983573,0.0025583366,0.0025583366,1.4568334e-20,-1.2587516e-20,6.4613767e-22,3595233.5,-3595233.5,-3595233.5,3595233.5,3595233.5,-3595233.5,-3595233.5,3595233.5,-4.8138593e-10,-4.4746373e-10,0.0,0.0,-5.2940946e-10,-4.9548726e-10,0.0,0.0,1.8763989e-10,1.5449608e-10,1.2201828e-10,1.5516209e-10,0.0,0.0,0.0,0.0,-14380934.0,1.9537465e-09,-6.193164e-10,3.6752924e-11,-3.5196117e-11,-4.9409855e-11,-3e-45,-0.00412125,-0.00412125,-3e-45,-3e-45,-0.00412125,-0.00412125,-3e-45,-0.0,-0.0,0.0027858722,0.0027858722,-0.0,-0.0,0.0027858722,0.0027858722,-0.0,-0.0,-0.0,-0.0,0.0027858722,0.0027858722,0.0027858722,0.0027858722,Uniaxial,0.5494999885559082
1.4326518896974396e-29,111825.4453125,8126.54443359375,0.0,0.6559745669364929,0.0,-0.00413625,0.0027987342,0.0027987342,2.15464e-20,-1.9693516e-20,-1.0429093e-20,-0.0029985728,0.0025711989,0.0025711989,1.4707913e-20,-1.272961e-20,4.2477754e-22,3571551.0,-3571551.0,-3571551.0,3571551.0,3571551.0,-3571551.0,-3571551.0,3571551.0,3.096304e-10,3.430664e-10,0.0,0.0,2.7346259e-10,3.068986e-10,0.0,0.0,3.4810504e-10,3.221138e-10,2.7040026e-10,2.963915e-10,0.0,0.0,0.0,0.0,-14286204.0,-1.233058e-09,-1.2370106e-09,3.578052e-11,-3.6436736e-11,-5.6789913e-11,-3e-45,-0.00413625,-0.00413625,-3e-45,-3e-45,-0.00413625,-0.00413625,-3e-45,-0.0,-0.0,0.0027987342,0.0027987342,-0.0,-0.0,0.0027987342,0.0027987342,0.0,0.0,-0.0,-0.0,0.0027987342,0.0027987342,0.0027987342,0.0027987342,Uniaxial,0.5515000224113464
1.5169254683124103e-29,112039.03125,8072.658203125,0.0,0.6582558155059814,0.0,-0.00415125,0.0028115963,0.0028115963,2.1122884e-20,-1.7152417e-20,-9.58206e-21,-0.003013573,0.002584061,0.002584061,1.483627e-20,-1.281833e-20,2.245329e-22,3547868.8,-3547868.8,-3547868.8,3547868.8,3547868.8,-3547868.8,-3547868.8,3547868.8,-1.7204031e-10,-1.4015712e-10,0.0,0.0,-2.2084397e-10,-1.8896079e-10,0.0,0.0,-1.4967425e-10,-1.7648327e-10,-2.097412e-10,-1.8293217e-10,0.0,0.0,0.0,0.0,-14191475.0,7.220022e-10,7.188309e-10,3.2674884e-11,-2.252656e-11,-5.097009e-11,6e-45,-0.00415125,-0.00415125,6e-45,6e-45,-0.00415125,-0.00415125,6e-45,0.0,0.0,0.0028115963,0.0028115963,0.0,0.0,0.0028115963,0.0028115963,0.0,0.0,0.0,0.0,0.0028115963,0.0028115963,0.0028115963,0.0028115963,Uniaxial,0.5534999966621399
1.5169254683124103e-29,112251.1875,8018.7724609375,0.0,0.66053706407547,0.0,-0.00416625,0.0028244585,0.0028244585,2.0699368e-20,-1.799945e-20,-6.1939284e-21,-0.0030285728,0.002596923,0.002596923,1.4953589e-20,-1.2921882e-20,9.5810426e-23,3524186.2,-3524186.2,-3524186.2,3524186.2,3524186.2,-3524186.2,-3524186.2,3524186.2,-1.8965288e-10,-1.5927486e-10,0.0,0.0,-1.9811645e-10,-1.6773845e-10,0.0,0.0,-1.4444158e-10,-1.7309465e-10,-2.1264972e-10,-1.8399665e-10,0.0,0.0,0.0,0.0,-14096745.0,7.147826e-10,7.141826e-10,2.966453e-11,-2.6214664e-11,-3.2472906e-11,0.0,-0.00416625,-0.00416625,0.0,0.0,-0.00416625,-0.00416625,0.0,0.0,0.0,0.0028244585,0.0028244585,0.0,0.0,0.0028244585,0.0028244585,-0.0,-0.0,-0.0,-0.0,0.0028244585,0.0028244585,0.0028244585,0.0028244585,Uniaxial,0.5554999709129333
1.4326518896974396e-29,112461.9296875,7964.88671875,0.0,0.6628183722496033,0.0,-0.00418125,0.0028373206,0.0028373206,2.0275851e-20,-1.799945e-20,-7.040961e-21,-0.003043573,0.0026097852,0.0026097852,1.506009e-20,-1.3023446e-20,-4.6859827e-23,3500503.8,-3500503.8,-3500503.8,3500503.8,3500503.8,-3500503.8,-3500503.8,3500503.8,-3.2195396e-10,-2.9303465e-10,0.0,0.0,-3.4766023e-10,-3.187409e-10,0.0,0.0,3.3630215e-10,3.002247e-10,2.7451846e-10,3.105959e-10,0.0,0.0,0.0,0.0,-14002015.0,1.2813898e-09,-1.2216412e-09,2.6747183e-11,-2.5517671e-11,-3.5866764e-11,-6e-45,-0.00418125,-0.00418125,-6e-45,-6e-45,-0.00418125,-0.00418125,-6e-45,-0.0,-0.0,0.0028373206,0.0028373206,-0.0,-0.0,0.0028373206,0.0028373206,-0.0,-0.0,-0.0,-0.0,0.0028373206,0.0028373206,0.0028373206,0.0028373206,Uniaxial,0.5575000047683716
1.4326518896974396e-29,112671.25,7911.00048828125,0.0,0.6650996208190918,0.0,-0.00419625,0.0028501826,0.0028501826,1.9852335e-20,-2.0964065e-20,-3.6528296e-21,-0.0030585728,0.0026226472,0.0026226472,1.5155988e-20,-1.31819826e-20,-1.1932478e-22,3476821.2,-3476821.2,-3476821.2,3476821.2,3476821.2,-3476821.2,-3476821.2,3476821.2,-1.7566752e-10,-1.4816148e-10,0.0,0.0,-1.9243926e-10,-1.6493322e-10,0.0,0.0,-1.3919886e-10,-1.823363e-10,-1.9910804e-10,-1.559706e-10,0.0,0.0,0.0,0.0,-13907285.0,6.812015e-10,6.7661377e-10,2.3920609e-11,-3.9637654e-11,-1.7997732e-11,1e-45,-0.00419625,-0.00419625,1e-45,1e-45,-0.00419625,-0.00419625,1e-45,0.0,0.0,0.0028501826,0.0028501826,0.0,0.0,0.0028501826,0.0028501826,0.0,0.0,0.0,0.0,0.0028501826,0.0028501826,0.0028501826,0.0028501826,Uniaxial,0.559499979019165
2.696756321238384e-29,112879.1484375,7857.11474609375,0.0,0.6673808693885803,0.0,-0.00421125,0.0028630449,0.0028630449,2.0275851e-20,-2.3081648e-20,-2.3822802e-21,-0.0030735729,0.0026355092,0.0026355092,1.5258356e-20,-1.3379788e-20,-1.6471753e-22,3453139.0,-3453139.0,-3453139.0,3453139.0,3453139.0,-3453139.0,-3453139.0,3453139.0,2.8866923e-10,3.169061e-10,0.0,0.0,2.752873e-10,3.0352418e-10,0.0,0.0,3.381924e-10,2.903341e-10,2.5363356e-10,3.0149183e-10,0.0,0.0,0.0,0.0,-13812556.0,-1.1843868e-09,-1.1836518e-09,2.5382287e-11,-4.9079348e-11,-1.1218109e-11,-1e-45,-0.00421125,-0.00421125,-1e-45,-1e-45,-0.00421125,-0.00421125,-1e-45,-0.0,-0.0,0.0028630449,0.0028630449,-0.0,-0.0,0.0028630449,0.0028630449,0.0,0.0,0.0,0.0,0.0028630449,0.0028630449,0.0028630449,0.0028630449,Uniaxial,0.5615000128746033
2.022567391392065e-29,113085.625,7803.228515625,0.0,0.6696621179580688,0.0,-0.00422625,0.0028759069,0.0028759069,2.1122884e-20,-2.4352197e-20,-4.076346e-21,-0.0030885728,0.0026483715,0.0026483715,1.5375577e-20,-1.3599135e-20,-2.4279172e-22,3429456.5,-3429456.5,-3429456.5,3429456.5,3429456.5,-3429456.5,-3429456.5,3429456.5,1.3041487e-10,1.6039803e-10,0.0,0.0,9.746625e-11,1.2744941e-10,0.0,0.0,1.5854752e-10,1.0821689e-10,9.8586875e-11,1.4891752e-10,0.0,0.0,0.0,0.0,-13717826.0,-5.1572857e-10,-5.142688e-10,2.8874833e-11,-5.4024053e-11,-1.9260015e-11,4e-45,-0.00422625,-0.00422625,4e-45,4e-45,-0.00422625,-0.00422625,4e-45,0.0,0.0,0.0028759069,0.0028759069,0.0,0.0,0.0028759069,0.0028759069,0.0,0.0,0.0,0.0,0.0028759069,0.0028759069,0.0028759069,0.0028759069,Uniaxial,0.5634999871253967
4.1294083613991006e-29,113290.6875,7749.3427734375,0.0,0.6719433665275574,0.0,-0.00424125,0.002888769,0.002888769,2.1969917e-20,-2.519923e-20,-5.3468955e-21,-0.0031035729,0.0026612335,0.0026612335,1.5507394e-20,-1.383108e-20,-3.4475897e-22,3405774.0,-3405774.0,-3405774.0,3405774.0,3405774.0,-3405774.0,-3405774.0,3405774.0,-1.628538e-10,-1.311861e-10,0.0,0.0,-2.1419691e-10,-1.8252921e-10,0.0,0.0,-1.2956966e-10,-1.8124821e-10,-2.1704558e-10,-1.6536703e-10,0.0,0.0,0.0,0.0,-13623096.0,6.9076606e-10,6.932305e-10,3.2243905e-11,-5.6719882e-11,-2.49575e-11,1e-45,-0.00424125,-0.00424125,1e-45,1e-45,-0.00424125,-0.00424125,1e-45,0.0,0.0,0.002888769,0.002888769,0.0,0.0,0.002888769,0.002888769,0.0,0.0,0.0,0.0,0.002888769,0.002888769,0.002888769,0.002888769,Uniaxial,0.565500020980835
4.1294083613991006e-29,113494.3203125,7695.45703125,0.0,0.6742246150970459,0.0,-0.00425625,0.0029016312,0.0029016312,2.2393434e-20,-2.4775714e-20,-1.0429093e-20,-0.0031185728,0.0026740956,0.0026740956,1.5645089e-20,-1.405004e-20,-5.459639e-22,3382091.5,-3382091.5,-3382091.5,3382091.5,3382091.5,-3382091.5,-3382091.5,3382091.5,4.4065201e-10,4.7291565e-10,0.0,0.0,3.773038e-10,4.0956746e-10,0.0,0.0,-1.3077825e-10,-1.8066797e-10,-2.2847042e-10,-1.785807e-10,0.0,0.0,0.0,0.0,-13528366.0,-1.7004389e-09,7.184974e-10,3.3435844e-11,-5.314221e-11,-4.896768e-11,-4e-45,-0.00425625,-0.00425625,-4e-45,-4e-45,-0.00425625,-0.00425625,-4e-45,-0.0,-0.0,0.0029016312,0.0029016312,-0.0,-0.0,0.0029016312,0.0029016312,-0.0,-0.0,-0.0,-0.0,0.0029016312,0.0029016312,0.0029016312,0.0029016312,Uniaxial,0.5674999952316284
3.7080401673976934e-29,113696.53125,7641.57080078125,0.0,0.6765058636665344,0.0,-0.00427125,0.0029144932,0.0029144932,2.281695e-20,-2.392868e-20,-1.5511291e-20,-0.0031335729,0.0026869578,0.0026869578,1.5788501e-20,-1.4247722e-20,-8.4479874e-22,3358409.2,-3358409.2,-3358409.2,3358409.2,3358409.2,-3358409.2,-3358409.2,3358409.2,2.940539e-10,3.2688954e-10,0.0,0.0,2.191101e-10,2.5194577e-10,0.0,0.0,-1.2748616e-10,-1.7461983e-10,-2.26245e-10,-1.7911132e-10,0.0,0.0,0.0,0.0,-13433637.0,-1.0919993e-09,7.074623e-10,3.457982e-11,-4.7630115e-11,-7.215884e-11,-1e-45,-0.00427125,-0.00427125,-1e-45,-1e-45,-0.00427125,-0.00427125,-1e-45,0.0,0.0,0.0029144932,0.0029144932,0.0,0.0,0.0029144932,0.0029144932,-0.0,-0.0,-0.0,-0.0,0.0029144932,0.0029144932,0.0029144932,0.0029144932,Uniaxial,0.5695000290870667
5.14069220755841e-29,113897.328125,7587.68505859375,0.0,0.6787871718406677,0.0,-0.00428625,0.0029273552,0.0029273552,2.3240466e-20,-2.3081648e-20,-1.8899423e-20,-0.0031485728,0.0026998199,0.0026998199,1.5937517e-20,-1.4424508e-20,-1.2055955e-21,3334726.8,-3334726.8,-3334726.8,3334726.8,3334726.8,-3334726.8,-3334726.8,3334726.8,1.8165338e-12,3.5200773e-11,0.0,0.0,-8.026752e-11,-4.6883282e-11,0.0,0.0,4.166374e-11,-1.0574049e-11,-8.488523e-11,-3.2647447e-11,0.0,0.0,0.0,0.0,-13338907.0,9.01335e-11,8.644299e-11,3.5676993e-11,-4.2292603e-11,-8.64394e-11,1e-45,-0.00428625,-0.00428625,1e-45,1e-45,-0.00428625,-0.00428625,1e-45,0.0,0.0,0.0029273552,0.0029273552,0.0,0.0,0.0029273552,0.0029273552,0.0,0.0,0.0,0.0,0.0029273552,0.0029273552,0.0029273552,0.0029273552,Uniaxial,0.5715000033378601
5.646333679248234e-29,114096.703125,7533.798828125,0.0,0.6810684204101562,0.0,-0.00430125,0.0029402175,0.0029402175,2.3240466e-20,-2.519923e-20,-2.1017005e-20,-0.0031635729,0.002712682,0.002712682,1.6083593e-20,-1.4639817e-20,-1.6016598e-21,3311044.2,-3311044.2,-3311044.2,3311044.2,3311044.2,-3311044.2,-3311044.2,3311044.2,-5.873585e-10,-5.4668237e-10,0.0,0.0,-6.499922e-10,-6.093161e-10,0.0,0.0,6.929393e-11,1.25927515e-11,-8.113243e-11,-2.4431247e-11,0.0,0.0,0.0,0.0,-13244177.0,2.3933493e-09,2.3676991e-11,3.4715068e-11,-5.1219393e-11,-9.417591e-11,3e-45,-0.00430125,-0.00430125,3e-45,3e-45,-0.00430125,-0.00430125,3e-45,0.0,0.0,0.0029402175,0.0029402175,0.0,0.0,0.0029402175,0.0029402175,0.0,0.0,0.0,0.0,0.0029402175,0.0029402175,0.0029402175,0.0029402175,Uniaxial,0.5734999775886536
5.730607558789758e-29,114294.65625,7479.9130859375,0.0,0.6833496689796448,0.0,-0.00431625,0.0029530795,0.0029530795,2.4934532e-20,-2.774033e-20,-2.1440521e-20,-0.0031785727,0.0027255442,0.0027255442,1.6260466e-20,-1.4901607e-20,-1.9984423e-21,3287361.8,-3287361.8,-3287361.8,3287361.8,3287361.8,-3287361.8,-3287361.8,3287361.8,-1.4760392e-12,4.2729282e-11,0.0,0.0,-8.715592e-11,-4.29506e-11,0.0,0.0,4.8652943e-11,-1.33535275e-11,-9.126054e-11,-2.925407e-11,0.0,0.0,0.0,0.0,-13149447.0,8.8853286e-11,8.5215196e-11,4.1773415e-11,-6.182997e-11,-9.3631054e-11,0.0,-0.00431625,-0.00431625,0.0,0.0,-0.00431625,-0.00431625,0.0,-0.0,-0.0,0.0029530795,0.0029530795,-0.0,-0.0,0.0029530795,0.0029530795,0.0,0.0,0.0,0.0,0.0029530795,0.0029530795,0.0029530795,0.0029530795,Uniaxial,0.5755000114440918
5.477786522018293e-29,114491.1875,7426.02734375,0.0,0.6856309175491333,0.0,-0.00433125,0.0029659416,0.0029659416,2.6628598e-20,-2.985791e-20,-2.1017005e-20,-0.0031935729,0.0027384062,0.0027384062,1.6467685e-20,-1.5200557e-20,-2.3789018e-21,3263679.5,-3263679.5,-3263679.5,3263679.5,3263679.5,-3263679.5,-3263679.5,3263679.5,-1.3660303e-10,-9.6766595e-11,0.0,0.0,-2.0447792e-10,-1.6464148e-10,0.0,0.0,-7.1404146e-11,-1.3753552e-10,-2.2872904e-10,-1.6259766e-10,0.0,0.0,0.0,0.0,-13054718.0,6.0248906e-10,6.0026634e-10,4.8581396e-11,-7.007979e-11,-8.911256e-11,-3e-45,-0.00433125,-0.00433125,-3e-45,-3e-45,-0.00433125,-0.00433125,-3e-45,-0.0,-0.0,0.0029659416,0.0029659416,-0.0,-0.0,0.0029659416,0.0029659416,-0.0,-0.0,-0.0,-0.0,0.0029659416,0.0029659416,0.0029659416,0.0029659416,Uniaxial,0.5774999856948853
6.65761722448099e-29,114686.296875,7372.14111328125,0.0,0.6879121661186218,0.0,-0.00434625,0.0029788038,0.0029788038,2.5781565e-20,-3.1551977e-20,-2.0593489e-20,-0.0032085727,0.0027512682,0.0027512682,1.6654068e-20,-1.5527456e-20,-2.7432805e-21,3239997.0,-3239997.0,-3239997.0,3239997.0,3239997.0,-3239997.0,-3239997.0,3239997.0,-1.4830936e-10,-1.0332887e-10,0.0,0.0,-2.3730967e-10,-1.923292e-10,0.0,0.0,-9.865186e-11,-1.6777361e-10,-2.4122818e-10,-1.7210643e-10,0.0,0.0,0.0,0.0,-12959988.0,6.812771e-10,6.797601e-10,4.332375e-11,-7.606053e-11,-8.472617e-11,-0.0,-0.00434625,-0.00434625,-0.0,-0.0,-0.00434625,-0.00434625,-0.0,-0.0,-0.0,0.0029788038,0.0029788038,-0.0,-0.0,0.0029788038,0.0029788038,-0.0,-0.0,-0.0,-0.0,0.0029788038,0.0029788038,0.0029788038,0.0029788038,Uniaxial,0.5795000195503235
5.393512642476768e-29,114879.984375,7318.25537109375,0.0,0.6901934146881104,0.0,-0.00436125,0.0029916659,0.0029916659,2.6205082e-20,-3.1551977e-20,-1.7628873e-20,-0.0032235729,0.0027641305,0.0027641305,1.684507e-20,-1.5847984e-20,-3.0413238e-21,3216314.5,-3216314.5,-3216314.5,3216314.5,3216314.5,-3216314.5,-3216314.5,3216314.5,1.4323123e-10,1.9637403e-10,0.0,0.0,7.777283e-11,1.3091564e-10,0.0,0.0,2.0384695e-10,1.3575831e-10,7.029991e-11,1.3838855e-10,0.0,0.0,0.0,0.0,-12865258.0,-5.4829374e-10,-5.4829374e-10,4.4102645e-11,-7.3994304e-11,-6.873383e-11,0.0,-0.00436125,-0.00436125,0.0,0.0,-0.00436125,-0.00436125,0.0,0.0,0.0,0.0029916659,0.0029916659,0.0,0.0,0.0029916659,0.0029916659,0.0,0.0,0.0,0.0,0.0029916659,0.0029916659,0.0029916659,0.0029916659,Uniaxial,0.5814999938011169
5.730607558789758e-29,115072.25,7264.369140625,0.0,0.6924747228622437,0.0,-0.00437625,0.003004528,0.003004528,2.9169697e-20,-3.112846e-20,-1.4240741e-20,-0.0032385727,0.0027769925,0.0027769925,1.7091296e-20,-1.6153674e-20,-3.2656782e-21,3192632.0,-3192632.0,-3192632.0,3192632.0,3192632.0,-3192632.0,-3192632.0,3192632.0,-2.9938124e-10,-2.4781657e-10,0.0,0.0,-3.6391146e-10,-3.1234676e-10,0.0,0.0,-2.3997934e-10,-3.0609026e-10,-3.628476e-10,-2.9673666e-10,0.0,0.0,0.0,0.0,-12770528.0,1.223456e-09,1.2056539e-09,5.6492134e-11,-7.003889e-11,-5.1331696e-11,-3e-45,-0.00437625,-0.00437625,-3e-45,-3e-45,-0.00437625,-0.00437625,-3e-45,-0.0,-0.0,0.003004528,0.003004528,-0.0,-0.0,0.003004528,0.003004528,-0.0,-0.0,-0.0,-0.0,0.003004528,0.003004528,0.003004528,0.003004528,Uniaxial,0.5835000276565552
5.14069220755841e-29,115263.1015625,7210.4833984375,0.0,0.6947559714317322,0.0,-0.00439125,0.0030173901,0.0030173901,2.9593214e-20,-3.112846e-20,-1.2970192e-20,-0.0032535729,0.0027898545,0.0027898545,1.7341323e-20,-1.6453206e-20,-3.4599204e-21,3168949.8,-3168949.8,-3168949.8,3168949.8,3168949.8,-3168949.8,-3168949.8,3168949.8,1.4157635e-10,1.8556133e-10,0.0,0.0,8.0636615e-11,1.2462162e-10,0.0,0.0,1.9279989e-10,1.27644e-10,7.4477154e-11,1.3963304e-10,0.0,0.0,0.0,0.0,-12675799.0,-5.323959e-10,-5.3455407e-10,5.6878505e-11,-6.8128794e-11,-4.415074e-11,3e-45,-0.00439125,-0.00439125,3e-45,3e-45,-0.00439125,-0.00439125,3e-45,0.0,0.0,0.0030173901,0.0030173901,0.0,0.0,0.0030173901,0.0030173901,-0.0,-0.0,-0.0,0.0,0.0030173901,0.0030173901,0.0030173901,0.0030173901,Uniaxial,0.5855000019073486
3.792313746012664e-29,115452.53125,7156.59765625,0.0,0.6970372200012207,0.0,-0.00440625,0.0030302522,0.0030302522,2.7052115e-20,-3.0281428e-20,-1.4664258e-20,-0.0032685727,0.0028027168,0.0028027168,1.7535814e-20,-1.6729888e-20,-3.6838666e-21,3145267.2,-3145267.2,-3145267.2,3145267.2,3145267.2,-3145267.2,-3145267.2,3145267.2,4.021536e-10,4.3962362e-10,0.0,0.0,3.5353764e-10,3.9100767e-10,0.0,0.0,4.558978e-10,3.9358536e-10,3.3719652e-10,3.9950895e-10,0.0,0.0,0.0,0.0,-12581069.0,-1.5863225e-09,-1.5861886e-09,4.3848567e-11,-6.244187e-11,-5.0594706e-11,6e-45,-0.00440625,-0.00440625,6e-45,6e-45,-0.00440625,-0.00440625,6e-45,0.0,0.0,0.0030302522,0.0030302522,0.0,0.0,0.0030302522,0.0030302522,1e-45,1e-45,1e-45,1e-45,0.0030302522,0.0030302522,0.0030302522,0.0030302522,Uniaxial,0.5874999761581421
3.792313746012664e-29,115640.53125,7102.71142578125,0.0,0.6993184685707092,0.0,-0.00442125,0.0030431142,0.0030431142,2.4511016e-20,-2.9434395e-20,-1.7205357e-20,-0.0032835728,0.0028155788,0.0028155788,1.767559e-20,-1.6984094e-20,-3.9540756e-21,3121584.8,-3121584.8,-3121584.8,3121584.8,3121584.8,-3121584.8,-3121584.8,3121584.8,-1.5161093e-10,-1.2043586e-10,0.0,0.0,-2.0522885e-10,-1.7405377e-10,0.0,0.0,-1.0252337e-10,-1.6208271e-10,-2.234735e-10,-1.6391416e-10,0.0,0.0,0.0,0.0,-12486339.0,6.513294e-10,6.5199374e-10,3.1258666e-11,-5.6935703e-11,-6.0598616e-11,-4e-45,-0.00442125,-0.00442125,-4e-45,-4e-45,-0.00442125,-0.00442125,-4e-45,-0.0,-0.0,0.0030431142,0.0030431142,-0.0,-0.0,0.0030431142,0.0030431142,-0.0,-0.0,-0.0,-0.0,0.0030431142,0.0030431142,0.0030431142,0.0030431142,Uniaxial,0.5895000100135803
3.792313746012664e-29,115827.1171875,7048.82568359375,0.0,0.7015997171401978,0.0,-0.00443625,0.0030559765,0.0030559765,2.281695e-20,-2.9434395e-20,-2.0169972e-20,-0.0032985727,0.0028284409,0.0028284409,1.77786e-20,-1.7233132e-20,-4.278137e-21,3097902.2,-3097902.2,-3097902.2,3097902.2,3097902.2,-3097902.2,-3097902.2,3097902.2,1.2854715e-10,1.5552577e-10,0.0,0.0,6.916723e-11,9.6145855e-11,0.0,0.0,1.749494e-10,1.16171156e-10,4.901836e-11,1.0779661e-10,0.0,0.0,0.0,0.0,-12391609.0,-4.49386e-10,-4.4793552e-10,2.286577e-11,-5.5373536e-11,-7.212262e-11,3e-45,-0.00443625,-0.00443625,3e-45,3e-45,-0.00443625,-0.00443625,3e-45,0.0,0.0,0.0030559765,0.0030559765,0.0,0.0,0.0030559765,0.0030559765,0.0,0.0,0.0,0.0,0.0030559765,0.0030559765,0.0030559765,0.0030559765,Uniaxial,0.5914999842643738
5.056418328016885e-29,116012.28125,6994.939453125,0.0,0.7038809657096863,0.0,-0.00445125,0.0030688385,0.0030688385,2.2393434e-20,-2.985791e-20,-2.1017005e-20,-0.0033135728,0.0028413031,0.0028413031,1.787095e-20,-1.7485616e-20,-4.6128692e-21,3074220.0,-3074220.0,-3074220.0,3074220.0,3074220.0,-3074220.0,-3074220.0,3074220.0,4.2887885e-10,4.4683557e-10,0.0,0.0,3.5307526e-10,3.7103196e-10,0.0,0.0,4.6347934e-10,4.045276e-10,3.3649689e-10,3.9544862e-10,0.0,0.0,0.0,0.0,-12296880.0,-1.5998216e-09,-1.5999525e-09,2.0367681e-11,-5.572049e-11,-7.387849e-11,-0.0,-0.00445125,-0.00445125,-0.0,-0.0,-0.00445125,-0.00445125,-0.0,-0.0,-0.0,0.0030688385,0.0030688385,-0.0,-0.0,0.0030688385,0.0030688385,-0.0,-0.0,-0.0,-0.0,0.0030688385,0.0030688385,0.0030688385,0.0030688385,Uniaxial,0.593500018119812
4.297955518629042e-29,116196.0234375,6941.0537109375,0.0,0.7061622738838196,0.0,-0.00446625,0.0030817005,0.0030817005,2.0699368e-20,-3.112846e-20,-2.2287554e-20,-0.0033285727,0.0028541652,0.0028541652,1.7927694e-20,-1.7758379e-20,-4.9662793e-21,3050537.5,-3050537.5,-3050537.5,3050537.5,3050537.5,-3050537.5,-3050537.5,3050537.5,1.397121e-10,1.5367822e-10,0.0,0.0,6.991661e-11,8.388273e-11,0.0,0.0,1.7701617e-10,1.1604953e-10,4.6254042e-11,1.0722068e-10,0.0,0.0,0.0,0.0,-12202150.0,-4.4718965e-10,-4.4654042e-10,1.2386486e-11,-5.975031e-11,-7.740802e-11,-1e-45,-0.00446625,-0.00446625,-1e-45,-1e-45,-0.00446625,-0.00446625,-1e-45,-0.0,-0.0,0.0030817005,0.0030817005,-0.0,-0.0,0.0030817005,0.0030817005,-0.0,-0.0,-0.0,-0.0,0.0030817005,0.0030817005,0.0030817005,0.0030817005,Uniaxial,0.5954999923706055
4.297955518629042e-29,116378.34375,6887.16796875,0.0,0.7084435224533081,0.0,-0.00448125,0.0030945628,0.0030945628,1.9852335e-20,-3.1975494e-20,-2.1440521e-20,-0.0033435728,0.0028670274,0.0028670274,1.7966277e-20,-1.804267e-20,-5.295888e-21,3026855.0,-3026855.0,-3026855.0,3026855.0,3026855.0,-3026855.0,-3026855.0,3026855.0,1.3839536e-10,1.5034987e-10,0.0,0.0,7.150911e-11,8.346362e-11,0.0,0.0,1.7520276e-10,1.1322038e-10,4.6334128e-11,1.0831651e-10,0.0,0.0,0.0,0.0,-12107420.0,-4.4371795e-10,-4.4307377e-10,8.363274e-12,-6.178178e-11,-7.158953e-11,-0.0,-0.00448125,-0.00448125,-0.0,-0.0,-0.00448125,-0.00448125,-0.0,-0.0,-0.0,0.0030945628,0.0030945628,-0.0,-0.0,0.0030945628,0.0030945628,-0.0,-0.0,-0.0,-0.0,0.0030945628,0.0030945628,0.0030945628,0.0030945628,Uniaxial,0.5975000262260437
2.696756321238384e-29,116559.25,6833.28173828125,0.0,0.7107247710227966,0.0,-0.00449625,0.0031074248,0.0031074248,1.9852335e-20,-3.3246043e-20,-2.1017005e-20,-0.0033585727,0.0028798894,0.0028798894,1.8004003e-20,-1.834665e-20,-5.6103913e-21,3003172.5,-3003172.5,-3003172.5,3003172.5,3003172.5,-3003172.5,-3003172.5,3003172.5,2.6211097e-10,2.7394978e-10,0.0,0.0,2.0490114e-10,2.1673993e-10,0.0,0.0,2.959176e-10,2.3205067e-10,1.8261372e-10,2.4648064e-10,0.0,0.0,0.0,0.0,-12012690.0,-9.577018e-10,-9.570627e-10,8.13186e-12,-6.555089e-11,-6.778244e-11,3e-45,-0.00449625,-0.00449625,3e-45,3e-45,-0.00449625,-0.00449625,3e-45,0.0,0.0,0.0031074248,0.0031074248,0.0,0.0,0.0031074248,0.0031074248,0.0,0.0,0.0,0.0,0.0031074248,0.0031074248,0.0031074248,0.0031074248,Uniaxial,0.5995000004768372
2.696756321238384e-29,116738.7265625,6779.39599609375,0.0,0.7130060195922852,0.0,-0.00451125,0.0031202869,0.0031202869,2.0699368e-20,-3.4093076e-20,-1.5934807e-20,-0.0033735728,0.0028927515,0.0028927515,1.8057833e-20,-1.866153e-20,-5.817411e-21,2979490.2,-2979490.2,-2979490.2,2979490.2,2979490.2,-2979490.2,-2979490.2,2979490.2,1.4310131e-10,1.5663916e-10,0.0,0.0,9.770212e-11,1.11239976e-10,0.0,0.0,-3.4974929e-10,-4.1451914e-10,-4.5214546e-10,-3.873756e-10,0.0,0.0,0.0,0.0,-11917961.0,-5.086826e-10,1.6037895e-09,1.1529966e-11,-6.7356745e-11,-4.4161154e-11,1e-45,-0.00451125,-0.00451125,1e-45,1e-45,-0.00451125,-0.00451125,1e-45,0.0,0.0,0.0031202869,0.0031202869,0.0,0.0,0.0031202869,0.0031202869,0.0,0.0,0.0,0.0,0.0031202869,0.0031202869,0.0031202869,0.0031202869,Uniaxial,0.6014999747276306
2.2753882777002538e-29,116916.7890625,6725.509765625,0.0,0.7152872681617737,0.0,-0.00452625,0.0031331491,0.0031331491,2.15464e-20,-3.4093076e-20,-1.2970192e-20,-0.0033885727,0.0029056137,0.0029056137,1.8127527e-20,-1.8970198e-20,-5.9607814e-21,2955807.8,-2955807.8,-2955807.8,2955807.8,2955807.8,-2955807.8,-2955807.8,2955807.8,3.8936673e-10,4.0454176e-10,0.0,0.0,3.5864497e-10,3.7382003e-10,0.0,0.0,-1.00490546e-10,-1.6432442e-10,-1.9504616e-10,-1.3121229e-10,0.0,0.0,0.0,0.0,-11823231.0,-1.5263735e-09,5.910734e-10,1.4804331e-11,-6.548477e-11,-3.0352006e-11,-4e-45,-0.00452625,-0.00452625,-4e-45,-4e-45,-0.00452625,-0.00452625,-4e-45,-0.0,-0.0,0.0031331491,0.0031331491,-0.0,-0.0,0.0031331491,0.0031331491,-0.0,-0.0,-0.0,-0.0,0.0031331491,0.0031331491,0.0031331491,0.0031331491,Uniaxial,0.6035000085830688
2.022567391392065e-29,117093.421875,6671.6240234375,0.0,0.7175685167312622,0.0,-0.00454125,0.0031460111,0.0031460111,2.1969917e-20,-3.4093076e-20,-1.0005577e-20,-0.0034035728,0.0029184758,0.0029184758,1.8204342e-20,-1.9272693e-20,-6.0419837e-21,2932125.2,-2932125.2,-2932125.2,2932125.2,2932125.2,-2932125.2,-2932125.2,2932125.2,-2.6671204e-10,-2.5862457e-10,0.0,0.0,-2.9077057e-10,-2.8268307e-10,0.0,0.0,-2.3201861e-10,-2.9494046e-10,-3.18999e-10,-2.5607713e-10,0.0,0.0,0.0,0.0,-11728501.0,1.0987903e-09,1.1020352e-09,1.617497e-11,-6.3660736e-11,-1.7025555e-11,-1e-45,-0.00454125,-0.00454125,-1e-45,-1e-45,-0.00454125,-0.00454125,-1e-45,0.0,0.0,0.0031460111,0.0031460111,0.0,0.0,0.0031460111,0.0031460111,-0.0,-0.0,-0.0,-0.0,0.0031460111,0.0031460111,0.0031460111,0.0031460111,Uniaxial,0.6054999828338623
2.2753882777002538e-29,117268.640625,6617.73828125,0.0,0.7198498249053955,0.0,-0.00455625,0.0031588732,0.0031588732,2.0699368e-20,-3.4093076e-20,-6.617445e-21,-0.0034185727,0.0029313378,0.0029313378,1.8254375e-20,-1.9569137e-20,-6.053833e-21,2908442.8,-2908442.8,-2908442.8,2908442.8,2908442.8,-2908442.8,-2908442.8,2908442.8,-2.5893715e-10,-2.5372837e-10,0.0,0.0,-2.9122937e-10,-2.8602057e-10,0.0,0.0,-2.4555302e-10,-2.9981337e-10,-3.0101407e-10,-2.4675373e-10,0.0,0.0,0.0,0.0,-11633771.0,1.0899155e-09,1.0931341e-09,1.0417602e-11,-6.188347e-11,-2.4014324e-12,4e-45,-0.00455625,-0.00455625,4e-45,4e-45,-0.00455625,-0.00455625,4e-45,0.0,0.0,0.0031588732,0.0031588732,0.0,0.0,0.0031588732,0.0031588732,0.0,0.0,0.0,0.0,0.0031588732,0.0031588732,0.0031588732,0.0031588732,Uniaxial,0.6075000166893005
3.370945552011257e-29,117442.4375,6563.85205078125,0.0,0.722131073474884,0.0,-0.00457125,0.0031717354,0.0031717354,1.9005302e-20,-3.1975494e-20,-8.311511e-21,-0.0034335728,0.0029442,0.0029442,1.8269565e-20,-1.9817506e-20,-6.0988253e-21,2884760.5,-2884760.5,-2884760.5,2884760.5,2884760.5,-2884760.5,-2884760.5,2884760.5,-2.5478739e-10,-2.532327e-10,0.0,0.0,-2.7500863e-10,-2.7345398e-10,0.0,0.0,-2.1769274e-10,-2.6670177e-10,-3.1024164e-10,-2.6123262e-10,0.0,0.0,0.0,0.0,-11539042.0,1.0564827e-09,1.0558687e-09,3.1092956e-12,-5.1380837e-11,-9.351023e-12,-1e-45,-0.00457125,-0.00457125,-1e-45,-1e-45,-0.00457125,-0.00457125,-1e-45,-0.0,-0.0,0.0031717354,0.0031717354,-0.0,-0.0,0.0031717354,0.0031717354,-0.0,-0.0,-0.0,-0.0,0.0031717354,0.0031717354,0.0031717354,0.0031717354,Uniaxial,0.609499990940094
3.0338509366248205e-29,117614.8125,6509.96630859375,0.0,0.7244123220443726,0.0,-0.00458625,0.0031845975,0.0031845975,1.7311236e-20,-3.0281428e-20,-1.5087774e-20,-0.0034485727,0.002957062,0.002957062,1.8250566e-20,-2.002698e-20,-6.277951e-21,2861078.0,-2861078.0,-2861078.0,2861078.0,2861078.0,-2861078.0,-2861078.0,2861078.0,1.1847843e-11,9.879289e-12,0.0,0.0,-3.77064e-11,-3.9674954e-11,0.0,0.0,2.9868694e-11,-1.4940181e-11,-5.6721555e-11,-1.19126774e-11,0.0,0.0,0.0,0.0,-11444312.0,5.5654224e-11,5.3705717e-11,-3.9371085e-12,-4.2980525e-11,-3.6925518e-11,3e-45,-0.00458625,-0.00458625,3e-45,3e-45,-0.00458625,-0.00458625,3e-45,0.0,0.0,0.0031845975,0.0031845975,0.0,0.0,0.0031845975,0.0031845975,0.0,0.0,0.0,0.0,0.0031845975,0.0031845975,0.0031845975,0.0031845975,Uniaxial,0.6115000247955322
3.623766588782723e-29,117785.765625,6456.080078125,0.0,0.7266935706138611,0.0,-0.00460125,0.0031974597,0.0031974597,1.6464203e-20,-2.9434395e-20,-2.2287554e-20,-0.0034635728,0.0029699241,0.0029699241,1.821492e-20,-2.0215236e-20,-6.597462e-21,2837395.5,-2837395.5,-2837395.5,2837395.5,2837395.5,-2837395.5,-2837395.5,2837395.5,-1.0325727e-10,-1.0689588e-10,0.0,0.0,-1.6695832e-10,-1.7059694e-10,0.0,0.0,-8.302171e-11,-1.25501e-10,-1.8920206e-10,-1.4672276e-10,0.0,0.0,0.0,0.0,-11349582.0,5.4770843e-10,5.4444754e-10,-7.277216e-12,-3.832136e-11,-6.521914e-11,-0.0,-0.00460125,-0.00460125,-0.0,-0.0,-0.00460125,-0.00460125,-0.0,-0.0,-0.0,0.0031974597,0.0031974597,-0.0,-0.0,0.0031974597,0.0031974597,-0.0,-0.0,-0.0,-0.0,0.0031974597,0.0031974597,0.0031974597,0.0031974597,Uniaxial,0.6134999990463257
3.0338509366248205e-29,117955.296875,6402.1943359375,0.0,0.7289748191833496,0.0,-0.00461625,0.0032103218,0.0032103218,1.6040686e-20,-2.901088e-20,-2.6522719e-20,-0.003478573,0.0029827864,0.0029827864,1.8171471e-20,-2.0391212e-20,-6.995591e-21,2813713.0,-2813713.0,-2813713.0,2813713.0,2813713.0,-2813713.0,-2813713.0,2813713.0,-1.2030421e-10,-1.2469577e-10,0.0,0.0,-1.760955e-10,-1.8048707e-10,0.0,0.0,-9.0598196e-11,-1.3945488e-10,-2.1079191e-10,-1.6193523e-10,0.0,0.0,0.0,0.0,-11254852.0,6.0158256e-10,6.027802e-10,-8.783127e-12,-3.5530388e-11,-8.049111e-11,-3e-45,-0.00461625,-0.00461625,-3e-45,-3e-45,-0.00461625,-0.00461625,-3e-45,-0.0,-0.0,0.0032103218,0.0032103218,-0.0,-0.0,0.0032103218,0.0032103218,-0.0,-0.0,-0.0,-0.0,0.0032103218,0.0032103218,0.0032103218,0.0032103218,Uniaxial,0.6154999732971191
3.0338509366248205e-29,118123.4140625,6348.30859375,0.0,0.7312560677528381,0.0,-0.00463125,0.0032231838,0.0032231838,1.6464203e-20,-3.112846e-20,-2.5675686e-20,-0.0034935728,0.0029956484,0.0029956484,1.813728e-20,-2.0605773e-20,-7.3693206e-21,2790030.8,-2790030.8,-2790030.8,2790030.8,2790030.8,-2790030.8,-2790030.8,2790030.8,-8.748713e-11,-9.090633e-11,0.0,0.0,-1.5599061e-10,-1.594098e-10,0.0,0.0,-7.0493326e-11,-1.2308961e-10,-1.7604734e-10,-1.2345105e-10,0.0,0.0,0.0,0.0,-11160123.0,4.937939e-10,4.9308135e-10,-6.8384022e-12,-4.3009596e-11,-7.482398e-11,-4e-45,-0.00463125,-0.00463125,-4e-45,-4e-45,-0.00463125,-0.00463125,-4e-45,-0.0,-0.0,0.0032231838,0.0032231838,-0.0,-0.0,0.0032231838,0.0032231838,-0.0,-0.0,-0.0,-0.0,0.0032231838,0.0032231838,0.0032231838,0.0032231838,Uniaxial,0.6175000071525574
3.0338509366248205e-29,118290.1015625,6294.42236328125,0.0,0.7335373759269714,0.0,-0.00464625,0.003236046,0.003236046,1.7734752e-20,-3.4516593e-20,-2.2711071e-20,-0.003508573,0.0030085105,0.0030085105,1.8129103e-20,-2.0883685e-20,-7.676489e-21,2766348.2,-2766348.2,-2766348.2,2766348.2,2766348.2,-2766348.2,-2766348.2,2766348.2,2.6479127e-10,2.6399222e-10,0.0,0.0,2.1878077e-10,2.1798169e-10,0.0,0.0,-1.9299586e-10,-2.5171187e-10,-3.1326813e-10,-2.545521e-10,0.0,0.0,0.0,0.0,-11065393.0,-9.65546e-10,1.012528e-09,-1.5981511e-12,-5.5249076e-11,-6.092954e-11,1e-45,-0.00464625,-0.00464625,1e-45,1e-45,-0.00464625,-0.00464625,1e-45,0.0,0.0,0.003236046,0.003236046,0.0,0.0,0.003236046,0.003236046,0.0,0.0,0.0,0.0,0.003236046,0.003236046,0.003236046,0.003236046,Uniaxial,0.6194999814033508
3.0338509366248205e-29,118455.375,6240.53662109375,0.0,0.73581862449646,0.0,-0.00466125,0.003248908,0.003248908,1.9005302e-20,-3.7904724e-20,-1.8899423e-20,-0.0035235728,0.0030213727,0.0030213727,1.8146501e-20,-2.1223808e-20,-7.901355e-21,2742665.8,-2742665.8,-2742665.8,2742665.8,2742665.8,-2742665.8,-2742665.8,2742665.8,1.4107103e-10,1.4279633e-10,0.0,0.0,8.78848e-11,8.9610104e-11,0.0,0.0,1.661704e-10,1.0156752e-10,6.392703e-11,1.2852991e-10,0.0,0.0,0.0,0.0,-10970663.0,-4.6136225e-10,-4.6019485e-10,3.4506035e-12,-6.702278e-11,-4.4189485e-11,1e-45,-0.00466125,-0.00466125,1e-45,1e-45,-0.00466125,-0.00466125,1e-45,0.0,0.0,0.003248908,0.003248908,0.0,0.0,0.003248908,0.003248908,0.0,0.0,0.0,0.0,0.003248908,0.003248908,0.003248908,0.003248908,Uniaxial,0.6215000152587891
2.6124827426234134e-29,118619.2265625,6186.650390625,0.0,0.7380998730659485,0.0,-0.00467625,0.0032617701,0.0032617701,1.9428818e-20,-4.0022307e-20,-1.805239e-20,-0.003538573,0.0030342347,0.0030342347,1.8172108e-20,-2.1599612e-20,-8.104487e-21,2718983.2,-2718983.2,-2718983.2,2718983.2,2718983.2,-2718983.2,-2718983.2,2718983.2,6.012286e-10,6.037315e-10,0.0,0.0,5.6587046e-10,5.6837335e-10,0.0,0.0,1.5374337e-10,9.3733764e-11,4.2829847e-11,1.0283945e-10,0.0,0.0,0.0,0.0,-10875933.0,-2.339204e-09,-3.9314643e-10,5.0057775e-12,-7.3381974e-11,-3.9624862e-11,6e-45,-0.00467625,-0.00467625,6e-45,6e-45,-0.00467625,-0.00467625,6e-45,0.0,0.0,0.0032617701,0.0032617701,0.0,0.0,0.0032617701,0.0032617701,0.0,0.0,0.0,0.0,0.0032617701,0.0032617701,0.0032617701,0.0032617701,Uniaxial,0.6234999895095825
1.348378160619192e-29,118781.6484375,6132.7646484375,0.0,0.740381121635437,0.0,-0.00469125,0.0032746324,0.0032746324,1.9852335e-20,-3.9175274e-20,-1.6358324e-20,-0.0035535728,0.0030470968,0.0030470968,1.8205673e-20,-2.1951252e-20,-8.269753e-21,2695301.0,-2695301.0,-2695301.0,2695301.0,2695301.0,-2695301.0,-2695301.0,2695301.0,1.0944002e-10,1.12690975e-10,0.0,0.0,7.792524e-11,8.11762e-11,0.0,0.0,-3.468662e-10,-4.0418974e-10,-4.2793163e-10,-3.7060813e-10,0.0,0.0,0.0,0.0,-10781204.0,-3.8123243e-10,1.5495957e-09,6.5019123e-12,-6.8009806e-11,-3.1938077e-11,1e-45,-0.00469125,-0.00469125,1e-45,1e-45,-0.00469125,-0.00469125,1e-45,0.0,0.0,0.0032746324,0.0032746324,0.0,0.0,0.0032746324,0.0032746324,0.0,0.0,0.0,0.0,0.0032746324,0.0032746324,0.0032746324,0.0032746324,Uniaxial,0.6255000233650208
2.6124827426234134e-29,118942.65625,6078.87890625,0.0,0.7426623702049255,0.0,-0.00470625,0.0032874944,0.0032874944,1.9852335e-20,-3.7481208e-20,-1.5087774e-20,-0.003568573,0.003059959,0.003059959,1.823861e-20,-2.2262057e-20,-8.406258e-21,2671618.5,-2671618.5,-2671618.5,2671618.5,2671618.5,-2671618.5,-2671618.5,2671618.5,-1.2455374e-10,-1.213958e-10,0.0,0.0,-1.5317471e-10,-1.5001678e-10,0.0,0.0,-9.030013e-11,-1.4340147e-10,-1.8756818e-10,-1.3446684e-10,0.0,0.0,0.0,0.0,-10686474.0,5.49141e-10,5.557366e-10,6.3158723e-12,-5.9565464e-11,-2.6150453e-11,0.0,-0.00470625,-0.00470625,0.0,0.0,-0.00470625,-0.00470625,0.0,0.0,0.0,0.0032874944,0.0032874944,0.0,0.0,0.0032874944,0.0032874944,-0.0,-0.0,-0.0,-0.0,0.0032874944,0.0032874944,0.0032874944,0.0032874944,Uniaxial,0.6274999976158142
2.022567391392065e-29,119102.2421875,6024.99267578125,0.0,0.7449436187744141,0.0,-0.00472125,0.0033003564,0.0033003564,1.9428818e-20,-3.5787142e-20,-1.6358324e-20,-0.0035835728,0.003072821,0.003072821,1.826246e-20,-2.2532762e-20,-8.565193e-21,2647936.0,-2647936.0,-2647936.0,2647936.0,2647936.0,-2647936.0,-2647936.0,2647936.0,-1.1347201e-10,-1.1120977e-10,0.0,0.0,-1.4413314e-10,-1.4187089e-10,0.0,0.0,-5.5782745e-10,-6.0685396e-10,-6.4528793e-10,-5.9626143e-10,0.0,0.0,0.0,0.0,-10591744.0,5.106858e-10,2.4062308e-09,4.5244845e-12,-5.1415802e-11,-3.023077e-11,-1e-45,-0.00472125,-0.00472125,-1e-45,-1e-45,-0.00472125,-0.00472125,-1e-45,-0.0,-0.0,0.0033003564,0.0033003564,-0.0,-0.0,0.0033003564,0.0033003564,-0.0,-0.0,-0.0,-0.0,0.0033003564,0.0033003564,0.0033003564,0.0033003564,Uniaxial,0.6294999718666077
2.6124827426234134e-29,119260.4140625,5971.10693359375,0.0,0.7472249269485474,0.0,-0.00473625,0.0033132187,0.0033132187,1.9005302e-20,-3.4093076e-20,-1.5511291e-20,-0.003598573,0.003085683,0.003085683,1.8277362e-20,-2.2764166e-20,-8.704215e-21,2624253.5,-2624253.5,-2624253.5,2624253.5,2624253.5,-2624253.5,-2624253.5,2624253.5,-1.2842216e-10,-1.1925001e-10,0.0,0.0,-1.492798e-10,-1.4010766e-10,0.0,0.0,-9.066232e-11,-1.3575771e-10,-1.7993397e-10,-1.3483857e-10,0.0,0.0,0.0,0.0,-10497014.0,5.370596e-10,5.411926e-10,2.7985396e-12,-4.355356e-11,-2.616954e-11,-1e-45,-0.00473625,-0.00473625,-1e-45,-1e-45,-0.00473625,-0.00473625,-1e-45,-0.0,-0.0,0.0033132187,0.0033132187,-0.0,-0.0,0.0033132187,0.0033132187,-0.0,-0.0,-0.0,-0.0,0.0033132187,0.0033132187,0.0033132187,0.0033132187,Uniaxial,0.6315000057220459
1.6011991973906578e-29,119417.15625,5917.220703125,0.0,0.7495061755180359,0.0,-0.00475125,0.0033260807,0.0033260807,2.0275851e-20,-3.3246043e-20,-1.5087774e-20,-0.0036135728,0.0030985454,0.0030985454,1.831721e-20,-2.2973914e-20,-8.831945e-21,2600571.2,-2600571.2,-2600571.2,2600571.2,2600571.2,-2600571.2,-2600571.2,2600571.2,-2.6472906e-12,8.856565e-12,0.0,0.0,-3.010966e-11,-1.8605806e-11,0.0,0.0,2.0827154e-11,-2.205867e-11,-4.174817e-11,1.137654e-12,0.0,0.0,0.0,0.0,-10402285.0,4.2506193e-11,4.1842033e-11,7.4619685e-12,-3.913442e-11,-2.3833257e-11,-4e-45,-0.00475125,-0.00475125,-4e-45,-4e-45,-0.00475125,-0.00475125,-4e-45,-0.0,-0.0,0.0033260807,0.0033260807,-0.0,-0.0,0.0033260807,0.0033260807,-0.0,-0.0,-0.0,-0.0,0.0033260807,0.0033260807,0.0033260807,0.0033260807,Uniaxial,0.6334999799728394
2.865303779394879e-29,119572.4765625,5863.3349609375,0.0,0.7517874240875244,0.0,-0.00476625,0.0033389428,0.0033389428,2.15464e-20,-3.2822527e-20,-1.5511291e-20,-0.003628573,0.0031114074,0.0031114074,1.8381674e-20,-2.3170953e-20,-8.965505e-21,2576888.8,-2576888.8,-2576888.8,2576888.8,2576888.8,-2576888.8,-2576888.8,2576888.8,1.0971527e-10,1.2346167e-10,0.0,0.0,8.181412e-11,9.5560525e-11,0.0,0.0,1.4597956e-10,1.04443246e-10,6.0996354e-11,1.0253266e-10,0.0,0.0,0.0,0.0,-10307555.0,-4.105516e-10,-4.1395182e-10,1.19470735e-11,-3.6435396e-11,-2.4710818e-11,3e-45,-0.00476625,-0.00476625,3e-45,3e-45,-0.00476625,-0.00476625,3e-45,0.0,0.0,0.0033389428,0.0033389428,0.0,0.0,0.0033389428,0.0033389428,0.0,0.0,0.0,0.0,0.0033389428,0.0033389428,0.0033389428,0.0033389428,Uniaxial,0.6355000138282776
2.022567391392065e-29,119726.3828125,5809.44921875,0.0,0.7540686726570129,0.0,-0.00478125,0.003351805,0.003351805,2.281695e-20,-3.3246043e-20,-1.5511291e-20,-0.0036435728,0.0031242694,0.0031242694,1.8470263e-20,-2.3372437e-20,-9.096437e-21,2553206.2,-2553206.2,-2553206.2,2553206.2,2553206.2,-2553206.2,-2553206.2,2553206.2,-2.2827139e-10,-2.1236939e-10,0.0,0.0,-2.4804125e-10,-2.3213925e-10,0.0,0.0,2.6533187e-10,2.2354774e-10,1.8823212e-10,2.3001626e-10,0.0,0.0,0.0,0.0,-10212825.0,9.208213e-10,-9.07128e-10,1.6258255e-11,-3.6931028e-11,-2.3993984e-11,-0.0,-0.00478125,-0.00478125,-0.0,-0.0,-0.00478125,-0.00478125,-0.0,-0.0,-0.0,0.003351805,0.003351805,-0.0,-0.0,0.003351805,0.003351805,0.0,0.0,0.0,0.0,0.003351805,0.003351805,0.003351805,0.003351805,Uniaxial,0.637499988079071
3.792313746012664e-29,119878.8671875,5755.56298828125,0.0,0.7563499212265015,0.0,-0.00479625,0.003364667,0.003364667,2.40875e-20,-3.366956e-20,-1.678184e-20,-0.003658573,0.0031371317,0.0031371317,1.8582495e-20,-2.3578363e-20,-9.250038e-21,2529523.8,-2529523.8,-2529523.8,2529523.8,2529523.8,-2529523.8,-2529523.8,2529523.8,-2.3458643e-10,-2.0884078e-10,0.0,0.0,-2.8740604e-10,-2.616604e-10,0.0,0.0,-2.154169e-10,-2.652058e-10,-2.7916103e-10,-2.2937215e-10,0.0,0.0,0.0,0.0,-10118095.0,9.924936e-10,9.891559e-10,2.0399812e-11,-3.7394796e-11,-2.7910488e-11,0.0,-0.00479625,-0.00479625,0.0,0.0,-0.00479625,-0.00479625,0.0,-0.0,-0.0,0.003364667,0.003364667,-0.0,-0.0,0.003364667,0.003364667,-0.0,-0.0,-0.0,-0.0,0.003364667,0.003364667,0.003364667,0.003364667,Uniaxial,0.6395000219345093
2.1068409700070356e-29,120029.921875,5701.67724609375,0.0,0.75863116979599,0.0,-0.00481125,0.003377529,0.003377529,2.7052115e-20,-3.6634175e-20,-1.6358324e-20,-0.0036735728,0.0031499937,0.0031499937,1.8751613e-20,-2.3839216e-20,-9.392262e-21,2505841.5,-2505841.5,-2505841.5,2505841.5,2505841.5,-2505841.5,-2505841.5,2505841.5,-1.3022451e-10,-9.9443245e-11,0.0,0.0,-1.5078357e-10,-1.2000229e-10,0.0,0.0,-8.325918e-11,-1.3783576e-10,-1.6616766e-10,-1.115911e-10,0.0,0.0,0.0,0.0,-10023366.0,5.004536e-10,4.988537e-10,3.0471067e-11,-4.6970178e-11,-2.5572348e-11,-1e-45,-0.00481125,-0.00481125,-1e-45,-1e-45,-0.00481125,-0.00481125,-1e-45,-0.0,-0.0,0.003377529,0.003377529,-0.0,-0.0,0.003377529,0.003377529,0.0,0.0,0.0,0.0,0.003377529,0.003377529,0.003377529,0.003377529,Uniaxial,0.6414999961853027
2.1068409700070356e-29,120179.5625,5647.791015625,0.0,0.7609124779701233,0.0,-0.00482625,0.0033903914,0.0033903914,2.9169697e-20,-4.1292856e-20,-1.678184e-20,-0.003688573,0.0031628557,0.0031628557,1.8959787e-20,-2.4187866e-20,-9.54003e-21,2482159.0,-2482159.0,-2482159.0,2482159.0,2482159.0,-2482159.0,-2482159.0,2482159.0,-1.4575607e-10,-1.116472e-10,0.0,0.0,-1.6669563e-10,-1.3258676e-10,0.0,0.0,-9.3587686e-11,-1.5577858e-10,-1.84491e-10,-1.2230011e-10,0.0,0.0,0.0,0.0,-9928636.0,5.5668564e-10,5.561574e-10,3.712626e-11,-6.2198816e-11,-2.6333371e-11,4e-45,-0.00482625,-0.00482625,4e-45,4e-45,-0.00482625,-0.00482625,4e-45,0.0,0.0,0.0033903914,0.0033903914,0.0,0.0,0.0033903914,0.0033903914,0.0,0.0,0.0,0.0,0.0033903914,0.0033903914,0.0033903914,0.0033903914,Uniaxial,0.6434999704360962
2.7810302007799085e-29,120327.78125,5593.9052734375,0.0,0.7631937265396118,0.0,-0.00484125,0.0034032534,0.0034032534,3.0440247e-20,-4.4680988e-20,-1.9322939e-20,-0.0037035728,0.003175718,0.003175718,1.9189298e-20,-2.4597439e-20,-9.735459e-21,2458476.5,-2458476.5,-2458476.5,2458476.5,2458476.5,-2458476.5,-2458476.5,2458476.5,-1.1928727e-10,-8.348081e-11,0.0,0.0,-1.5987103e-10,-1.2406458e-10,0.0,0.0,-7.232169e-11,-1.3957965e-10,-1.7239055e-10,-1.0513258e-10,0.0,0.0,0.0,0.0,-9833906.0,4.867037e-10,4.8942445e-10,4.0521447e-11,-7.233296e-11,-3.4530292e-11,-1e-45,-0.00484125,-0.00484125,-1e-45,-1e-45,-0.00484125,-0.00484125,-1e-45,-0.0,-0.0,0.0034032534,0.0034032534,-0.0,-0.0,0.0034032534,0.0034032534,-0.0,-0.0,-0.0,-0.0,0.0034032534,0.0034032534,0.0034032534,0.0034032534,Uniaxial,0.6455000042915344
2.7810302007799085e-29,120474.5859375,5540.01953125,0.0,0.7654749751091003,0.0,-0.00485625,0.0034161154,0.0034161154,3.0863763e-20,-4.6375054e-20,-2.0169972e-20,-0.003718573,0.00318858,0.00318858,1.9422773e-20,-2.5032875e-20,-9.944089e-21,2434794.0,-2434794.0,-2434794.0,2434794.0,2434794.0,-2434794.0,-2434794.0,2434794.0,9.418474e-11,1.3013497e-10,0.0,0.0,5.2628735e-11,8.8578964e-11,0.0,0.0,1.4220283e-10,7.3048546e-11,3.926541e-11,1.084197e-10,0.0,0.0,0.0,0.0,-9739176.0,-3.6552741e-10,-3.629365e-10,4.0808967e-11,-7.61256e-11,-3.647479e-11,-1e-45,-0.00485625,-0.00485625,-1e-45,-1e-45,-0.00485625,-0.00485625,-1e-45,-0.0,-0.0,0.0034161154,0.0034161154,-0.0,-0.0,0.0034161154,0.0034161154,-0.0,-0.0,-0.0,-0.0,0.0034161154,0.0034161154,0.0034161154,0.0034161154,Uniaxial,0.6474999785423279
2.7810302007799085e-29,120619.9609375,5486.13330078125,0.0,0.7677562236785889,0.0,-0.00487125,0.0034289777,0.0034289777,3.128728e-20,-4.6375054e-20,-2.1864038e-20,-0.0037335728,0.003201442,0.003201442,1.9660049e-20,-2.545977e-20,-1.0182348e-20,2411111.8,-2411111.8,-2411111.8,2411111.8,2411111.8,-2411111.8,-2411111.8,2411111.8,2.11758e-10,2.4783867e-10,0.0,0.0,1.6780827e-10,2.0388895e-10,0.0,0.0,2.5925986e-10,1.9122975e-10,1.550529e-10,2.2308301e-10,0.0,0.0,0.0,0.0,-9644447.0,-8.3129387e-10,-8.2862556e-10,4.106987e-11,-7.3877265e-11,-4.126223e-11,-3e-45,-0.00487125,-0.00487125,-3e-45,-3e-45,-0.00487125,-0.00487125,-3e-45,0.0,0.0,0.0034289777,0.0034289777,0.0,0.0,0.0034289777,0.0034289777,-0.0,-0.0,-0.0,-0.0,0.0034289777,0.0034289777,0.0034289777,0.0034289777,Uniaxial,0.6495000123977661
2.7810302007799085e-29,120763.9140625,5432.24755859375,0.0,0.7700374722480774,0.0,-0.00488625,0.0034418397,0.0034418397,3.128728e-20,-4.6375054e-20,-1.9746456e-20,-0.003748573,0.0032143043,0.0032143043,1.9892621e-20,-2.5878126e-20,-1.03738635e-20,2387429.2,-2387429.2,-2387429.2,2387429.2,2387429.2,-2387429.2,-2387429.2,2387429.2,-1.2363739e-10,-8.8165135e-11,0.0,0.0,-1.6334642e-10,-1.2787416e-10,0.0,0.0,3.5043682e-10,2.8350114e-10,2.51565e-10,3.1850067e-10,0.0,0.0,0.0,0.0,-9549717.0,5.030231e-10,-1.2040037e-09,3.9853044e-11,-7.168842e-11,-3.278083e-11,0.0,-0.00488625,-0.00488625,0.0,0.0,-0.00488625,-0.00488625,0.0,0.0,0.0,0.0034418397,0.0034418397,0.0,0.0,0.0034418397,0.0034418397,-0.0,-0.0,-0.0,-0.0,0.0034418397,0.0034418397,0.0034418397,0.0034418397,Uniaxial,0.6514999866485596
2.7810302007799085e-29,120906.453125,5378.36181640625,0.0,0.7723187208175659,0.0,-0.00490125,0.0034547017,0.0034547017,3.0863763e-20,-4.5951537e-20,-1.9322939e-20,-0.0037635728,0.0032271664,0.0032271664,2.0112113e-20,-2.6279685e-20,-1.055291e-20,2363746.8,-2363746.8,-2363746.8,2363746.8,2363746.8,-2363746.8,-2363746.8,2363746.8,3.012676e-10,3.354289e-10,0.0,0.0,2.6276445e-10,2.9692573e-10,0.0,0.0,3.4756584e-10,2.8241423e-10,2.5168395e-10,3.1683553e-10,0.0,0.0,0.0,0.0,-9454987.0,-1.1963867e-09,-1.1984995e-09,3.723109e-11,-6.81202e-11,-3.0369082e-11,0.0,-0.00490125,-0.00490125,0.0,0.0,-0.00490125,-0.00490125,0.0,-0.0,-0.0,0.0034547017,0.0034547017,-0.0,-0.0,0.0034547017,0.0034547017,0.0,0.0,0.0,0.0,0.0034547017,0.0034547017,0.0034547017,0.0034547017,Uniaxial,0.6535000205039978
3.118124515239791e-29,121047.5625,5324.4755859375,0.0,0.7746000289916992,0.0,-0.00491625,0.003467564,0.003467564,3.001673e-20,-4.552802e-20,-2.1440521e-20,-0.003778573,0.0032400284,0.0032400284,2.0310315e-20,-2.666474e-20,-1.0770478e-20,2340064.2,-2340064.2,-2340064.2,2340064.2,2340064.2,-2340064.2,-2340064.2,2340064.2,-1.272963e-10,-9.511312e-11,0.0,0.0,-1.3781258e-10,-1.0562941e-10,0.0,0.0,-5.953741e-11,-1.2296181e-10,-1.7234245e-10,-1.08918055e-10,0.0,0.0,0.0,0.0,-9360257.0,4.658514e-10,4.637597e-10,3.3274872e-11,-6.466581e-11,-3.6578313e-11,1e-45,-0.00491625,-0.00491625,1e-45,1e-45,-0.00491625,-0.00491625,1e-45,0.0,0.0,0.003467564,0.003467564,0.0,0.0,0.003467564,0.003467564,0.0,0.0,0.0,0.0,0.003467564,0.003467564,0.003467564,0.003467564,Uniaxial,0.6554999947547913
3.5394927092411983e-29,121187.2578125,5270.58984375,0.0,0.7768812775611877,0.0,-0.00493125,0.003480426,0.003480426,2.9169697e-20,-4.552802e-20,-2.1017005e-20,-0.0037935728,0.0032528907,0.0032528907,2.0487608e-20,-2.7042053e-20,-1.0975475e-20,2316382.0,-2316382.0,-2316382.0,2316382.0,2316382.0,-2316382.0,-2316382.0,2316382.0,-2.1996634e-10,-1.8191666e-10,0.0,0.0,-2.5254973e-10,-2.1450006e-10,0.0,0.0,1.4132681e-10,8.6642714e-11,3.8513574e-11,9.319768e-11,0.0,0.0,0.0,0.0,-9265528.0,8.6893276e-10,-3.5968079e-10,2.9462127e-11,-6.273098e-11,-3.4075305e-11,3e-45,-0.00493125,-0.00493125,3e-45,3e-45,-0.00493125,-0.00493125,3e-45,0.0,0.0,0.003480426,0.003480426,0.0,0.0,0.003480426,0.003480426,0.0,0.0,0.0,0.0,0.003480426,0.003480426,0.003480426,0.003480426,Uniaxial,0.6575000286102295
2.696756321238384e-29,121325.53125,5216.70361328125,0.0,0.7791625261306763,0.0,-0.00494625,0.003493288,0.003493288,3.0863763e-20,-4.3833955e-20,-2.0593489e-20,-0.003808573,0.0032657527,0.0032657527,2.069499e-20,-2.73781e-20,-1.1167901e-20,2292699.5,-2292699.5,-2292699.5,2292699.5,2292699.5,-2292699.5,-2292699.5,2292699.5,-1.9312272e-11,2.1083493e-11,0.0,0.0,-5.845995e-11,-1.8064186e-11,0.0,0.0,1.5759723e-11,-3.519439e-11,-5.879632e-11,-7.842214e-12,0.0,0.0,0.0,0.0,-9170798.0,7.475292e-11,8.6073204e-11,3.4154304e-11,-5.5270993e-11,-3.165813e-11,0.0,-0.00494625,-0.00494625,0.0,0.0,-0.00494625,-0.00494625,0.0,-0.0,-0.0,0.003493288,0.003493288,-0.0,-0.0,0.003493288,0.003493288,-0.0,-0.0,-0.0,-0.0,0.003493288,0.003493288,0.003493288,0.003493288,Uniaxial,0.659500002861023
2.1068409700070356e-29,121462.3828125,5162.81787109375,0.0,0.7814437747001648,0.0,-0.00496125,0.0035061503,0.0035061503,3.2981345e-20,-4.213989e-20,-2.1017005e-20,-0.0038235728,0.0032786147,0.0032786147,2.0940534e-20,-2.767354e-20,-1.13648655e-20,2269017.0,-2269017.0,-2269017.0,2269017.0,2269017.0,-2269017.0,-2269017.0,2269017.0,-3.256499e-10,-2.9009203e-10,0.0,0.0,-3.4946485e-10,-3.1390698e-10,0.0,0.0,-2.7566857e-10,-3.3080347e-10,-3.623913e-10,-3.0725641e-10,0.0,0.0,0.0,0.0,-9076068.0,1.2791138e-09,1.2761198e-09,4.002425e-11,-4.808685e-11,-3.208419e-11,-3e-45,-0.00496125,-0.00496125,-3e-45,-3e-45,-0.00496125,-0.00496125,-3e-45,-0.0,-0.0,0.0035061503,0.0035061503,-0.0,-0.0,0.0035061503,0.0035061503,-0.0,-0.0,-0.0,-0.0,0.0035061503,0.0035061503,0.0035061503,0.0035061503,Uniaxial,0.6614999771118164
2.1068409700070356e-29,121597.8125,5108.93212890625,0.0,0.7837250232696533,0.0,-0.00497625,0.0035190124,0.0035190124,3.3404862e-20,-4.213989e-20,-2.0593489e-20,-0.003838573,0.003291477,0.003291477,2.1189808e-20,-2.7962905e-20,-1.1549502e-20,2245334.5,-2245334.5,-2245334.5,2245334.5,2245334.5,-2245334.5,-2245334.5,2245334.5,-1.1723886e-10,-8.160329e-11,0.0,0.0,-1.3988617e-10,-1.042506e-10,0.0,0.0,-6.7828854e-11,-1.222369e-10,-1.526571e-10,-9.8249034e-11,0.0,0.0,0.0,0.0,-8981338.0,4.429789e-10,4.409719e-10,4.017965e-11,-4.6633135e-11,-2.9748884e-11,-3e-45,-0.00497625,-0.00497625,-3e-45,-3e-45,-0.00497625,-0.00497625,-3e-45,-0.0,-0.0,0.0035190124,0.0035190124,-0.0,-0.0,0.0035190124,0.0035190124,-0.0,-0.0,-0.0,-0.0,0.0035190124,0.0035190124,0.0035190124,0.0035190124,Uniaxial,0.6635000109672546
2.1068409700070356e-29,121731.8203125,5055.0458984375,0.0,0.7860062718391418,0.0,-0.00499125,0.0035318744,0.0035318744,3.3404862e-20,-4.341044e-20,-2.1017005e-20,-0.0038535728,0.003304339,0.003304339,2.1434138e-20,-2.8271767e-20,-1.17388335e-20,2221652.2,-2221652.2,-2221652.2,2221652.2,2221652.2,-2221652.2,-2221652.2,2221652.2,-1.0584286e-10,-7.08168e-11,0.0,0.0,-1.2871439e-10,-9.3688314e-11,0.0,0.0,-5.646163e-11,-1.1218874e-10,-1.4283313e-10,-8.7106024e-11,0.0,0.0,0.0,0.0,-8886609.0,3.9906234e-10,3.9858952e-10,3.8960647e-11,-4.9271243e-11,-3.0197303e-11,-3e-45,-0.00499125,-0.00499125,-3e-45,-3e-45,-0.00499125,-0.00499125,-3e-45,-0.0,-0.0,0.0035318744,0.0035318744,-0.0,-0.0,0.0035318744,0.0035318744,-0.0,-0.0,-0.0,-0.0,0.0035318744,0.0035318744,0.0035318744,0.0035318744,Uniaxial,0.6654999852180481
3.792313746012664e-29,121864.4140625,5001.16015625,0.0,0.7882875800132751,0.0,-0.00500625,0.0035447367,0.0035447367,3.255783e-20,-4.5951537e-20,-2.0593489e-20,-0.0038685729,0.0033172013,0.0033172013,2.1656724e-20,-2.862515e-20,-1.191599e-20,2197969.8,-2197969.8,-2197969.8,2197969.8,2197969.8,-2197969.8,-2197969.8,2197969.8,1.9478373e-10,2.2788008e-10,0.0,0.0,1.4194876e-10,1.7504509e-10,0.0,0.0,2.2190763e-10,1.6292095e-10,1.4895032e-10,2.07937e-10,0.0,0.0,0.0,0.0,-8791879.0,-7.3965767e-10,-7.417159e-10,3.5101196e-11,-5.5790386e-11,-2.7941259e-11,-0.0,-0.00500625,-0.00500625,-0.0,-0.0,-0.00500625,-0.00500625,-0.0,-0.0,-0.0,0.0035447367,0.0035447367,-0.0,-0.0,0.0035447367,0.0035447367,-0.0,-0.0,-0.0,-0.0,0.0035447367,0.0035447367,0.0035447367,0.0035447367,Uniaxial,0.6675000190734863
2.7810302007799085e-29,121995.578125,4947.27392578125,0.0,0.7905688285827637,0.0,-0.00502125,0.0035575987,0.0035575987,3.1710796e-20,-4.8492636e-20,-2.0169972e-20,-0.0038835728,0.0033300633,0.0033300633,2.1857915e-20,-2.9022297e-20,-1.2081132e-20,2174287.2,-2174287.2,-2174287.2,2174287.2,2174287.2,-2174287.2,-2174287.2,2174287.2,3.8118997e-10,4.1242776e-10,0.0,0.0,3.449888e-10,3.7622658e-10,0.0,0.0,4.2371825e-10,3.616176e-10,3.3318928e-10,3.9528994e-10,0.0,0.0,0.0,0.0,-8697149.0,-1.5148331e-09,-1.5138151e-09,3.1384114e-11,-6.201834e-11,-2.576516e-11,1e-45,-0.00502125,-0.00502125,1e-45,1e-45,-0.00502125,-0.00502125,1e-45,0.0,0.0,0.0035575987,0.0035575987,0.0,0.0,0.0035575987,0.0035575987,0.0,0.0,0.0,0.0,0.0035575987,0.0035575987,0.0035575987,0.0035575987,Uniaxial,0.6694999933242798
3.118124515239791e-29,122125.328125,4893.38818359375,0.0,0.7928500771522522,0.0,-0.00503625,0.0035704607,0.0035704607,3.128728e-20,-5.0186702e-20,-2.0593489e-20,-0.0038985729,0.0033429253,0.0033429253,2.2046567e-20,-2.9445465e-20,-1.2251358e-20,2150604.8,-2150604.8,-2150604.8,2150604.8,2150604.8,-2150604.8,-2150604.8,2150604.8,3.6425307e-10,3.943556e-10,0.0,0.0,3.5888467e-10,3.889872e-10,0.0,0.0,4.630945e-11,-1.7455483e-11,-6.168824e-11,2.0766947e-12,0.0,0.0,0.0,0.0,-8602419.0,-1.5064806e-09,3.0757577e-11,2.911359e-11,-6.5346895e-11,-2.6282537e-11,4e-45,-0.00503625,-0.00503625,4e-45,4e-45,-0.00503625,-0.00503625,4e-45,0.0,0.0,0.0035704607,0.0035704607,0.0,0.0,0.0035704607,0.0035704607,0.0,0.0,0.0,0.0,0.0035704607,0.0035704607,0.0035704607,0.0035704607,Uniaxial,0.671500027179718
2.6124827426234134e-29,122253.6484375,4839.50244140625,0.0,0.7951313257217407,0.0,-0.00505125,0.003583323,0.003583323,3.128728e-20,-5.1880768e-20,-2.1017005e-20,-0.003913573,0.0033557876,0.0033557876,2.2231405e-20,-2.989406e-20,-1.242665e-20,2126922.5,-2126922.5,-2126922.5,2126922.5,2126922.5,-2126922.5,-2126922.5,2126922.5,-7.576127e-12,2.9851017e-11,0.0,0.0,-3.6505146e-11,9.219978e-13,0.0,0.0,3.5109374e-11,-3.023614e-11,-4.3619414e-11,2.1726095e-11,0.0,0.0,0.0,0.0,-8507690.0,1.3308258e-11,1.7020085e-11,2.821706e-11,-6.850805e-11,-2.6766554e-11,1e-45,-0.00505125,-0.00505125,1e-45,1e-45,-0.00505125,-0.00505125,1e-45,0.0,0.0,0.003583323,0.003583323,0.0,0.0,0.003583323,0.003583323,0.0,0.0,0.0,0.0,0.003583323,0.003583323,0.003583323,0.003583323,Uniaxial,0.6735000014305115
2.94957735800985e-29,122380.5546875,4785.6162109375,0.0,0.7974125742912292,0.0,-0.00506625,0.003596185,0.003596185,3.3828378e-20,-5.3151317e-20,-2.2711071e-20,-0.003928573,0.0033686496,0.0033686496,2.246312e-20,-3.035913e-20,-1.2632195e-20,2103240.0,-2103240.0,-2103240.0,2103240.0,2103240.0,-2103240.0,-2103240.0,2103240.0,-1.1602179e-10,-7.519391e-11,0.0,0.0,-1.47095e-10,-1.0626712e-10,0.0,0.0,-6.308725e-11,-1.2929227e-10,-1.6036547e-10,-9.416046e-11,0.0,0.0,0.0,0.0,-8412960.0,4.4457782e-10,4.4690546e-10,3.5018526e-11,-7.022706e-11,-3.1054936e-11,-0.0,-0.00506625,-0.00506625,-0.0,-0.0,-0.00506625,-0.00506625,-0.0,0.0,0.0,0.003596185,0.003596185,0.0,0.0,0.003596185,0.003596185,-0.0,-0.0,-0.0,-0.0,0.003596185,0.003596185,0.003596185,0.003596185,Uniaxial,0.6754999756813049
4.466502976785537e-29,122506.0390625,4731.73046875,0.0,0.7996938228607178,0.0,-0.00508125,0.003609047,0.003609047,3.6792994e-20,-5.3574834e-20,-1.9322939e-20,-0.0039435728,0.0033815117,0.0033815117,2.2749456e-20,-3.082346e-20,-1.2766362e-20,2079557.5,-2079557.5,-2079557.5,2079557.5,2079557.5,-2079557.5,-2079557.5,2079557.5,-1.10740674e-10,-5.825739e-11,0.0,0.0,-1.4404658e-10,-9.15633e-11,0.0,0.0,-5.599857e-11,-1.2174604e-10,-1.4727908e-10,-8.153161e-11,0.0,0.0,0.0,0.0,-8318230.0,4.0460796e-10,4.065553e-10,4.2783586e-11,-6.931197e-11,-1.9974586e-11,-6e-45,-0.00508125,-0.00508125,-6e-45,-6e-45,-0.00508125,-0.00508125,-6e-45,-0.0,-0.0,0.003609047,0.003609047,-0.0,-0.0,0.003609047,0.003609047,-0.0,-0.0,-0.0,-0.0,0.003609047,0.003609047,0.003609047,0.003609047,Uniaxial,0.6775000095367432
3.370945552011257e-29,122630.1015625,4677.84423828125,0.0,0.8019751310348511,0.0,-0.00509625,0.0036219093,0.0036219093,4.187519e-20,-5.3574834e-20,-1.9746456e-20,-0.0039585726,0.003394374,0.003394374,2.313151e-20,-3.1278542e-20,-1.2905941e-20,2055875.1,-2055875.1,-2055875.1,2055875.1,2055875.1,-2055875.1,-2055875.1,2055875.1,-2.2607696e-10,-1.6675936e-10,0.0,0.0,-2.5192384e-10,-1.9260624e-10,0.0,0.0,-1.6397503e-10,-2.2864252e-10,-2.544894e-10,-1.8982191e-10,0.0,0.0,0.0,0.0,-8223500.5,8.373664e-10,8.3692886e-10,5.645226e-11,-6.715201e-11,-2.0602277e-11,1e-45,-0.00509625,-0.00509625,1e-45,1e-45,-0.00509625,-0.00509625,1e-45,0.0,0.0,0.0036219093,0.0036219093,0.0,0.0,0.0036219093,0.0036219093,0.0,0.0,0.0,0.0,0.0036219093,0.0036219093,0.0036219093,0.0036219093,Uniaxial,0.6794999837875366
3.370945552011257e-29,122752.7421875,4623.95849609375,0.0,0.8042563796043396,0.0,-0.00511125,0.0036347713,0.0036347713,4.695739e-20,-5.3574834e-20,-2.2711071e-20,-0.003973573,0.003407236,0.003407236,2.3607578e-20,-3.1724522e-20,-1.3101773e-20,2032192.6,-2032192.6,-2032192.6,2032192.6,2032192.6,-2032192.6,-2032192.6,2032192.6,-1.7437368e-11,4.8411573e-11,0.0,0.0,-4.728707e-11,1.856187e-11,0.0,0.0,4.7619905e-11,-1.5996949e-11,-4.584665e-11,1.7770202e-11,0.0,0.0,0.0,0.0,-8128770.5,-2.2490052e-12,-3.5465084e-12,6.951491e-11,-6.5050736e-11,-2.860792e-11,-4e-45,-0.00511125,-0.00511125,-4e-45,-4e-45,-0.00511125,-0.00511125,-4e-45,-0.0,-0.0,0.0036347713,0.0036347713,-0.0,-0.0,0.0036347713,0.0036347713,-0.0,-0.0,-0.0,-0.0,0.0036347713,0.0036347713,0.0036347713,0.0036347713,Uniaxial,0.6815000176429749
4.04513478278413e-29,122873.96875,4570.07275390625,0.0,0.8065376281738281,0.0,-0.00512625,0.0036476334,0.0036476334,5.034552e-20,-5.3574834e-20,-2.5675686e-20,-0.003988573,0.003420098,0.003420098,2.4142063e-20,-3.2161584e-20,-1.3352985e-20,2008510.2,-2008510.2,-2008510.2,2008510.2,2008510.2,-2008510.2,-2008510.2,2008510.2,7.4383756e-11,1.4402596e-10,0.0,0.0,2.5163031e-11,9.4805226e-11,0.0,0.0,1.2506339e-10,6.246858e-11,4.433933e-11,1.0693414e-10,0.0,0.0,0.0,0.0,-8034041.0,-3.3837796e-10,-3.3880543e-10,7.710142e-11,-6.300665e-11,-3.6258486e-11,0.0,-0.00512625,-0.00512625,0.0,0.0,-0.00512625,-0.00512625,0.0,-0.0,-0.0,0.0036476334,0.0036476334,-0.0,-0.0,0.0036476334,0.0036476334,0.0,0.0,0.0,0.0,0.0036476334,0.0036476334,0.0036476334,0.0036476334,Uniaxial,0.6834999918937683
2.6124827426234134e-29,122993.765625,4516.1865234375,0.0,0.8088188767433167,0.0,-0.00514125,0.0036604956,0.0036604956,5.2463103e-20,-5.3574834e-20,-2.4828653e-20,-0.0040035727,0.0034329602,0.0034329602,2.4708339e-20,-3.25899e-20,-1.358261e-20,1984827.8,-1984827.8,-1984827.8,1984827.8,1984827.8,-1984827.8,-1984827.8,1984827.8,2.3697336e-10,3.0841638e-10,0.0,0.0,2.2062317e-10,2.920662e-10,0.0,0.0,3.07276e-10,2.5344823e-10,2.2155233e-10,2.753801e-10,0.0,0.0,0.0,0.0,-7939311.0,-1.0580791e-09,-1.0576566e-09,8.0703076e-11,-6.101831e-11,-3.2700346e-11,3e-45,-0.00514125,-0.00514125,3e-45,3e-45,-0.00514125,-0.00514125,3e-45,0.0,0.0,0.0036604956,0.0036604956,0.0,0.0,0.0036604956,0.0036604956,0.0,0.0,0.0,0.0,0.0036604956,0.0036604956,0.0036604956,0.0036604956,Uniaxial,0.6855000257492065
3.370945552011257e-29,123112.1484375,4462.30078125,0.0,0.8111001253128052,0.0,-0.00515625,0.0036733577,0.0036733577,5.3310136e-20,-5.145725e-20,-2.4828653e-20,-0.0040185726,0.0034458223,0.0034458223,2.528036e-20,-3.2967503e-20,-1.3807557e-20,1961145.4,-1961145.4,-1961145.4,1961145.4,1961145.4,-1961145.4,-1961145.4,1961145.4,5.3636436e-11,1.2499306e-10,0.0,0.0,2.2258747e-11,9.3615365e-11,0.0,0.0,-3.2004593e-10,-3.699253e-10,-4.0907586e-10,-3.5919648e-10,0.0,0.0,0.0,0.0,-7844581.5,-2.945036e-10,1.4582435e-09,8.053026e-11,-5.3121518e-11,-3.166389e-11,4e-45,-0.00515625,-0.00515625,4e-45,4e-45,-0.00515625,-0.00515625,4e-45,0.0,0.0,0.0036733577,0.0036733577,0.0,0.0,0.0036733577,0.0036733577,0.0,0.0,0.0,0.0,0.0036733577,0.0036733577,0.0036733577,0.0036733577,Uniaxial,0.6875
4.3822290972440125e-29,123229.1015625,4408.41455078125,0.0,0.8133813738822937,0.0,-0.00517125,0.00368622,0.00368622,5.288662e-20,-4.933967e-20,-2.6946236e-20,-0.004033573,0.0034586843,0.0034586843,2.5832594e-20,-3.32952e-20,-1.4070153e-20,1937462.9,-1937462.9,-1937462.9,1937462.9,1937462.9,-1937462.9,-1937462.9,1937462.9,-2.2286312e-11,4.719932e-11,0.0,0.0,-7.1651095e-11,-2.1654612e-12,0.0,0.0,3.041847e-11,-2.3442777e-11,-5.7261813e-11,-3.4005682e-12,0.0,0.0,0.0,0.0,-7749851.5,4.8903544e-11,5.368669e-11,7.678829e-11,-4.5539524e-11,-3.6546592e-11,1e-45,-0.00517125,-0.00517125,1e-45,1e-45,-0.00517125,-0.00517125,1e-45,0.0,0.0,0.00368622,0.00368622,0.0,0.0,0.00368622,0.00368622,0.0,0.0,0.0,0.0,0.00368622,0.00368622,0.00368622,0.00368622,Uniaxial,0.6894999742507935
4.3822290972440125e-29,123344.640625,4354.52880859375,0.0,0.815662682056427,0.0,-0.00518625,0.003699082,0.003699082,5.161607e-20,-4.9763186e-20,-2.86403e-20,-0.004048573,0.0034715466,0.0034715466,2.6348454e-20,-3.362456e-20,-1.4361421e-20,1913780.5,-1913780.5,-1913780.5,1913780.5,1913780.5,-1913780.5,-1913780.5,1913780.5,3.2455283e-10,3.9106493e-10,0.0,0.0,2.7344496e-10,3.3995706e-10,0.0,0.0,-5.103623e-11,-1.04751145e-10,-1.4031329e-10,-8.6598374e-11,0.0,0.0,0.0,0.0,-7655122.0,-1.3290198e-09,3.8269904e-10,7.0841236e-11,-4.524686e-11,-4.00328e-11,0.0,-0.00518625,-0.00518625,0.0,0.0,-0.00518625,-0.00518625,0.0,0.0,0.0,0.003699082,0.003699082,0.0,0.0,0.003699082,0.003699082,-0.0,-0.0,-0.0,-0.0,0.003699082,0.003699082,0.003699082,0.003699082,Uniaxial,0.6915000081062317
4.3822290972440125e-29,123458.7578125,4300.64306640625,0.0,0.8179439306259155,0.0,-0.00520125,0.003711944,0.003711944,5.034552e-20,-5.145725e-20,-2.9487334e-20,-0.0040635727,0.0034844086,0.0034844086,2.682858e-20,-3.3981087e-20,-1.4663891e-20,1890098.0,-1890098.0,-1890098.0,1890098.0,1890098.0,-1890098.0,-1890098.0,1890098.0,1.5143738e-10,2.1508739e-10,0.0,0.0,1.1536899e-10,1.7901901e-10,0.0,0.0,2.1753219e-10,1.6224544e-10,1.10631324e-10,1.6591806e-10,0.0,0.0,0.0,0.0,-7560392.0,-6.6091277e-10,-6.56327e-10,6.511707e-11,-4.8390507e-11,-4.104527e-11,1e-45,-0.00520125,-0.00520125,1e-45,1e-45,-0.00520125,-0.00520125,1e-45,0.0,0.0,0.003711944,0.003711944,0.0,0.0,0.003711944,0.003711944,0.0,0.0,0.0,0.0,0.003711944,0.003711944,0.003711944,0.003711944,Uniaxial,0.6934999823570251
4.3822290972440125e-29,123571.453125,4246.7568359375,0.0,0.820225179195404,0.0,-0.00521625,0.0037248062,0.0037248062,4.9498488e-20,-5.399835e-20,-3.245195e-20,-0.0040785726,0.0034972706,0.0034972706,2.728212e-20,-3.4381226e-20,-1.5019401e-20,1866415.6,-1866415.6,-1866415.6,1866415.6,1866415.6,-1866415.6,-1866415.6,1866415.6,2.1980123e-10,2.8126526e-10,0.0,0.0,1.8042302e-10,2.4188704e-10,0.0,0.0,-1.3017663e-10,-1.8808717e-10,-2.430111e-10,-1.8510059e-10,0.0,0.0,0.0,0.0,-7465662.5,-9.2337654e-10,7.463755e-10,6.074508e-11,-5.36381e-11,-4.766493e-11,1e-45,-0.00521625,-0.00521625,1e-45,1e-45,-0.00521625,-0.00521625,1e-45,0.0,0.0,0.0037248062,0.0037248062,0.0,0.0,0.0037248062,0.0037248062,0.0,0.0,0.0,0.0,0.0037248062,0.0037248062,0.0037248062,0.0037248062,Uniaxial,0.6955000162124634
3.9608609032426054e-29,123682.7265625,4192.87109375,0.0,0.8225064277648926,0.0,-0.00523125,0.0037376683,0.0037376683,4.9498488e-20,-5.738648e-20,-3.4146016e-20,-0.004093573,0.003510133,0.003510133,2.77265e-20,-3.484105e-20,-1.540181e-20,1842733.1,-1842733.1,-1842733.1,1842733.1,1842733.1,-1842733.1,-1842733.1,1842733.1,-2.2926964e-11,3.7551857e-11,0.0,0.0,-7.9318954e-11,-1.8840134e-11,0.0,0.0,-3.0309452e-10,-3.5684447e-10,-3.976907e-10,-3.439408e-10,0.0,0.0,0.0,0.0,-7370932.5,8.35342e-11,1.4015705e-09,5.877467e-11,-6.0862634e-11,-5.0601013e-11,-1e-45,-0.00523125,-0.00523125,-1e-45,-1e-45,-0.00523125,-0.00523125,-1e-45,-0.0,-0.0,0.0037376683,0.0037376683,-0.0,-0.0,0.0037376683,0.0037376683,-0.0,-0.0,-0.0,-0.0,0.0037376683,0.0037376683,0.0037376683,0.0037376683,Uniaxial,0.6974999904632568
4.3822290972440125e-29,123792.578125,4138.98486328125,0.0,0.8247876763343811,0.0,-0.00524625,0.0037505303,0.0037505303,4.9498488e-20,-5.738648e-20,-3.6687115e-20,-0.004108573,0.003522995,0.003522995,2.8161994e-20,-3.5292013e-20,-1.5827314e-20,1819050.8,-1819050.8,-1819050.8,1819050.8,1819050.8,-1819050.8,-1819050.8,1819050.8,-2.6287533e-10,-2.0335446e-10,0.0,0.0,-3.2176106e-10,-2.6224017e-10,0.0,0.0,-2.107385e-10,-2.6349645e-10,-3.1460928e-10,-2.6185135e-10,0.0,0.0,0.0,0.0,-7276203.0,1.050231e-09,1.0506955e-09,5.6858785e-11,-5.887869e-11,-5.5588464e-11,-6e-45,-0.00524625,-0.00524625,-6e-45,-6e-45,-0.00524625,-0.00524625,-6e-45,-0.0,-0.0,0.0037505303,0.0037505303,-0.0,-0.0,0.0037505303,0.0037505303,-0.0,-0.0,-0.0,-0.0,0.0037505303,0.0037505303,0.0037505303,0.0037505303,Uniaxial,0.6995000243186951
4.3822290972440125e-29,123901.015625,4085.09912109375,0.0,0.8270689249038696,0.0,-0.00526125,0.0037633926,0.0037633926,4.9498488e-20,-5.781e-20,-4.1769312e-20,-0.0041235727,0.003535857,0.003535857,2.8588777e-20,-3.5742384e-20,-1.6345711e-20,1795368.2,-1795368.2,-1795368.2,1795368.2,1795368.2,-1795368.2,-1795368.2,1795368.2,-3.2166317e-10,-2.6307367e-10,0.0,0.0,-3.861888e-10,-3.275993e-10,0.0,0.0,-2.7000874e-10,-3.2234812e-10,-3.791009e-10,-3.267615e-10,0.0,0.0,0.0,0.0,-7181473.0,1.298525e-09,1.2982193e-09,5.4996025e-11,-5.8041502e-11,-6.686831e-11,-4e-45,-0.00526125,-0.00526125,-4e-45,-4e-45,-0.00526125,-0.00526125,-4e-45,-0.0,-0.0,0.0037633926,0.0037633926,-0.0,-0.0,0.0037633926,0.0037633926,-0.0,-0.0,-0.0,-0.0,0.0037633926,0.0037633926,0.0037633926,0.0037633926,Uniaxial,0.7014999985694885
4.297955518629042e-29,124008.0234375,4031.213134765625,0.0,0.8293501734733582,0.0,-0.00527625,0.0037762546,0.0037762546,4.9922004e-20,-5.8233515e-20,-4.4733928e-20,-0.0041385726,0.0035487192,0.0035487192,2.901545e-20,-3.6192218e-20,-1.6913247e-20,1771685.9,-1771685.9,-1771685.9,1771685.9,1771685.9,-1771685.9,-1771685.9,1771685.9,-1.7381131e-10,-1.0781576e-10,0.0,0.0,-2.3323382e-10,-1.6723828e-10,0.0,0.0,1.1858198e-10,6.6659574e-11,1.5009924e-11,6.693233e-11,0.0,0.0,0.0,0.0,-7086743.5,6.820992e-10,-2.671838e-10,5.4262386e-11,-5.7207575e-11,-7.220781e-11,1e-45,-0.00527625,-0.00527625,1e-45,1e-45,-0.00527625,-0.00527625,1e-45,-0.0,-0.0,0.0037762546,0.0037762546,-0.0,-0.0,0.0037762546,0.0037762546,0.0,0.0,0.0,0.0,0.0037762546,0.0037762546,0.0037762546,0.0037762546,Uniaxial,0.703499972820282
5.309239364788351e-29,124113.6171875,3977.3271484375,0.0,0.8316314816474915,0.0,-0.00529125,0.0037891166,0.0037891166,5.3310136e-20,-5.738648e-20,-4.5157444e-20,-0.004153573,0.0035615813,0.0035615813,2.9501067e-20,-3.6616242e-20,-1.7478155e-20,1748003.4,-1748003.4,-1748003.4,1748003.4,1748003.4,-1748003.4,-1748003.4,1748003.4,6.626142e-11,1.3561065e-10,0.0,0.0,-2.7032518e-13,6.907891e-11,0.0,0.0,1.2180129e-10,7.188869e-11,1.3129813e-11,6.304242e-11,0.0,0.0,0.0,0.0,-6992013.5,-2.7068064e-10,-2.6986222e-10,6.096975e-11,-5.3187985e-11,-7.0880524e-11,-0.0,-0.00529125,-0.00529125,-0.0,-0.0,-0.00529125,-0.00529125,-0.0,-0.0,-0.0,0.0037891166,0.0037891166,-0.0,-0.0,0.0037891166,0.0037891166,0.0,0.0,0.0,0.0,0.0037891166,0.0037891166,0.0037891166,0.0037891166,Uniaxial,0.7055000066757202
4.972144749401915e-29,124217.7890625,3923.44140625,0.0,0.83391273021698,0.0,-0.00530625,0.003801979,0.003801979,5.7121784e-20,-5.6962966e-20,-4.2616345e-20,-0.004168573,0.0035744433,0.0035744433,3.0053168e-20,-3.7023267e-20,-1.7981234e-20,1724321.0,-1724321.0,-1724321.0,1724321.0,1724321.0,-1724321.0,-1724321.0,1724321.0,-1.6953947e-10,-1.0425918e-10,0.0,0.0,-2.3174614e-10,-1.6646584e-10,0.0,0.0,-1.12812815e-10,-1.6131611e-10,-2.2352278e-10,-1.7501949e-10,0.0,0.0,0.0,0.0,-6897284.0,6.720106e-10,6.726712e-10,6.837761e-11,-5.0369355e-11,-6.223037e-11,1e-45,-0.00530625,-0.00530625,1e-45,1e-45,-0.00530625,-0.00530625,1e-45,0.0,0.0,0.003801979,0.003801979,0.0,0.0,0.003801979,0.003801979,0.0,0.0,0.0,0.0,0.003801979,0.003801979,0.003801979,0.003801979,Uniaxial,0.7074999809265137
4.3822290972440125e-29,124320.53125,3869.555419921875,0.0,0.8361939787864685,0.0,-0.00532125,0.003814841,0.003814841,5.9239367e-20,-5.5692416e-20,-4.1345796e-20,-0.0041835727,0.0035873055,0.0035873055,3.063675e-20,-3.7396823e-20,-1.844871e-20,1700638.5,-1700638.5,-1700638.5,1700638.5,1700638.5,-1700638.5,-1700638.5,1700638.5,-8.584615e-12,5.813701e-11,0.0,0.0,-6.8198884e-11,-1.4772632e-12,0.0,0.0,4.325675e-11,-2.8525934e-12,-5.4693992e-11,-8.5846495e-12,0.0,0.0,0.0,0.0,-6802554.0,2.0123757e-11,2.2874485e-11,7.1260275e-11,-4.558146e-11,-5.7045573e-11,0.0,-0.00532125,-0.00532125,0.0,0.0,-0.00532125,-0.00532125,0.0,0.0,0.0,0.003814841,0.003814841,0.0,0.0,0.003814841,0.003814841,0.0,0.0,0.0,0.0,0.003814841,0.003814841,0.003814841,0.003814841,Uniaxial,0.7095000147819519
6.65761722448099e-29,124421.859375,3815.66943359375,0.0,0.838475227355957,0.0,-0.00533625,0.003827703,0.003827703,6.093343e-20,-5.52689e-20,-4.0075246e-20,-0.0041985726,0.0036001676,0.0036001676,3.1242586e-20,-3.7754352e-20,-1.888142e-20,1676956.1,-1676956.1,-1676956.1,1676956.1,1676956.1,-1676956.1,-1676956.1,1676956.1,-1.5977326e-10,-9.221109e-11,0.0,0.0,-2.1689814e-10,-1.4933597e-10,0.0,0.0,-9.617777e-11,-1.4101034e-10,-2.1368096e-10,-1.6884838e-10,0.0,0.0,0.0,0.0,-6707824.5,6.182185e-10,6.1971744e-10,7.2941375e-11,-4.302792e-11,-5.2066785e-11,-0.0,-0.00533625,-0.00533625,-0.0,-0.0,-0.00533625,-0.00533625,-0.0,-0.0,-0.0,0.003827703,0.003827703,-0.0,-0.0,0.003827703,0.003827703,-0.0,-0.0,-0.0,-0.0,0.003827703,0.003827703,0.003827703,0.003827703,Uniaxial,0.7114999890327454
6.65761722448099e-29,124521.7734375,3761.783447265625,0.0,0.8407564759254456,0.0,-0.00535125,0.0038405652,0.0038405652,6.1780466e-20,-5.442187e-20,-4.1769312e-20,-0.004213573,0.0036130296,0.0036130296,3.1853336e-20,-3.8087825e-20,-1.9339066e-20,1653273.6,-1653273.6,-1653273.6,1653273.6,1653273.6,-1653273.6,-1653273.6,1653273.6,2.854441e-10,3.527774e-10,0.0,0.0,2.2718959e-10,2.9452285e-10,0.0,0.0,3.4806374e-10,3.0496458e-10,2.3116432e-10,2.7426347e-10,0.0,0.0,0.0,0.0,-6613094.5,-1.1599339e-09,-1.1584561e-09,7.248357e-11,-3.9561077e-11,-5.4326096e-11,-1e-45,-0.00535125,-0.00535125,-1e-45,-1e-45,-0.00535125,-0.00535125,-1e-45,0.0,0.0,0.0038405652,0.0038405652,0.0,0.0,0.0038405652,0.0038405652,-0.0,-0.0,-0.0,-0.0,0.0038405652,0.0038405652,0.0038405652,0.0038405652,Uniaxial,0.7135000228881836
6.067701873249641e-29,124620.2578125,3707.8974609375,0.0,0.8430377244949341,0.0,-0.00536625,0.0038534272,0.0038534272,6.1780466e-20,-5.4845383e-20,-4.431041e-20,-0.004228573,0.0036258919,0.0036258919,3.245195e-20,-3.8422976e-20,-1.98383e-20,1629591.2,-1629591.2,-1629591.2,1629591.2,1629591.2,-1629591.2,-1629591.2,1629591.2,2.0606324e-10,2.7216282e-10,0.0,0.0,1.3021478e-10,1.9631435e-10,0.0,0.0,3.0245962e-11,-1.2675319e-11,-6.520516e-11,-2.228388e-11,0.0,0.0,0.0,0.0,-6518365.0,-8.047552e-10,6.99184e-11,7.001619e-11,-3.9205337e-11,-5.8422454e-11,3e-45,-0.00536625,-0.00536625,3e-45,3e-45,-0.00536625,-0.00536625,3e-45,0.0,0.0,0.0038534272,0.0038534272,0.0,0.0,0.0038534272,0.0038534272,0.0,0.0,0.0,0.0,0.0038534272,0.0038534272,0.0038534272,0.0038534272,Uniaxial,0.715499997138977
7.163259298023921e-29,124717.3203125,3654.01171875,0.0,0.8453190326690674,0.0,-0.00538125,0.0038662893,0.0038662893,6.1780466e-20,-5.5692416e-20,-4.8545576e-20,-0.0042435727,0.003638754,0.003638754,3.3038592e-20,-3.8768324e-20,-2.0412094e-20,1605908.8,-1605908.8,-1605908.8,1605908.8,1605908.8,-1605908.8,-1605908.8,1605908.8,2.1145861e-10,2.7635935e-10,0.0,0.0,1.4727353e-10,2.1217426e-10,0.0,0.0,2.7078306e-10,2.353294e-10,1.478257e-10,1.8327936e-10,0.0,0.0,0.0,0.0,-6423635.0,-8.4726576e-10,-8.372175e-10,6.761852e-11,-3.981585e-11,-6.618721e-11,-1e-45,-0.00538125,-0.00538125,-1e-45,-1e-45,-0.00538125,-0.00538125,-1e-45,0.0,0.0,0.0038662893,0.0038662893,-0.0,-0.0,0.0038662893,0.0038662893,-0.0,-0.0,0.0,-0.0,0.0038662893,0.0038662893,0.0038662893,0.0038662893,Uniaxial,0.7174999713897705
7.163259298023921e-29,124812.9609375,3600.125732421875,0.0,0.8476002812385559,0.0,-0.00539625,0.0038791515,0.0038791515,6.1780466e-20,-5.442187e-20,-5.2357224e-20,-0.004258573,0.003651616,0.003651616,3.36135e-20,-3.9081557e-20,-2.1050692e-20,1582226.4,-1582226.4,-1582226.4,1582226.4,1582226.4,-1582226.4,-1582226.4,1582226.4,2.7060282e-10,3.3433867e-10,0.0,0.0,2.0322831e-10,2.6696417e-10,0.0,0.0,3.3070813e-10,2.973836e-10,2.0669048e-10,2.4001504e-10,0.0,0.0,0.0,0.0,-6328905.5,-1.075134e-09,-1.0747973e-09,6.5288754e-11,-3.55576e-11,-7.2566016e-11,1e-45,-0.00539625,-0.00539625,1e-45,1e-45,-0.00539625,-0.00539625,1e-45,0.0,0.0,0.0038791515,0.0038791515,0.0,0.0,0.0038791515,0.0038791515,0.0,0.0,0.0,0.0,0.0038791515,0.0038791515,0.0038791515,0.0038791515,Uniaxial,0.7195000052452087
5.477786522018293e-29,124907.1875,3546.23974609375,0.0,0.8498815298080444,0.0,-0.00541125,0.0038920136,0.0038920136,6.1780466e-20,-5.3151317e-20,-5.786294e-20,-0.004273573,0.0036644782,0.0036644782,3.417691e-20,-3.9363115e-20,-2.1786477e-20,1558543.9,-1558543.9,-1558543.9,1558543.9,1558543.9,-1558543.9,-1558543.9,1558543.9,2.2041731e-10,2.8302136e-10,0.0,0.0,1.3259474e-10,1.9519879e-10,0.0,0.0,2.5588573e-10,2.245992e-10,1.6009524e-10,1.9138177e-10,0.0,0.0,0.0,0.0,-6234175.5,-8.312322e-10,-8.3196194e-10,6.302514e-11,-3.148157e-11,-8.237069e-11,0.0,-0.00541125,-0.00541125,0.0,0.0,-0.00541125,-0.00541125,0.0,0.0,0.0,0.0038920136,0.0038920136,0.0,0.0,0.0038920136,0.0038920136,0.0,0.0,0.0,0.0,0.0038920136,0.0038920136,0.0038920136,0.0038920136,Uniaxial,0.7214999794960022
5.477786522018293e-29,124999.9921875,3492.353759765625,0.0,0.852162778377533,0.0,-0.00542625,0.0039048756,0.0039048756,6.1780466e-20,-5.1880768e-20,-6.336865e-20,-0.004288573,0.0036773402,0.0036773402,3.4729046e-20,-3.9613625e-20,-2.2617672e-20,1534861.5,-1534861.5,-1534861.5,1534861.5,1534861.5,-1534861.5,-1534861.5,1534861.5,2.1455471e-10,2.7605918e-10,0.0,0.0,1.2210256e-10,1.8360702e-10,0.0,0.0,2.4821828e-10,2.18881e-10,1.4974746e-10,1.7908473e-10,0.0,0.0,0.0,0.0,-6139446.0,-7.9632345e-10,-7.959315e-10,6.0825955e-11,-2.758305e-11,-9.162985e-11,0.0,-0.00542625,-0.00542625,0.0,0.0,-0.00542625,-0.00542625,0.0,0.0,0.0,0.0039048756,0.0039048756,-0.0,-0.0,0.0039048756,0.0039048756,-0.0,-0.0,0.0,0.0,0.0039048756,0.0039048756,0.0039048756,0.0039048756,Uniaxial,0.7235000133514404
5.730607558789758e-29,125091.375,3438.4677734375,0.0,0.8544440269470215,0.0,-0.00544125,0.003917738,0.003917738,6.220398e-20,-4.8916153e-20,-6.760382e-20,-0.0043035727,0.0036902023,0.0036902023,3.5278568e-20,-3.9799996e-20,-2.3517081e-20,1511179.1,-1511179.1,-1511179.1,1511179.1,1511179.1,-1511179.1,-1511179.1,1511179.1,1.4295864e-10,2.0385438e-10,0.0,0.0,4.7520998e-11,1.0841672e-10,0.0,0.0,1.7077555e-10,1.606847e-10,8.0792796e-11,9.088364e-11,0.0,0.0,0.0,0.0,-6044716.5,-5.0275073e-10,-5.031367e-10,5.960847e-11,-2.0181688e-11,-9.7600844e-11,0.0,-0.00544125,-0.00544125,0.0,0.0,-0.00544125,-0.00544125,0.0,0.0,0.0,0.003917738,0.003917738,0.0,0.0,0.003917738,0.003917738,0.0,0.0,0.0,0.0,0.003917738,0.003917738,0.003917738,0.003917738,Uniaxial,0.7254999876022339
5.730607558789758e-29,125181.328125,3384.58203125,0.0,0.85672527551651,0.0,-0.00545625,0.0039306,0.0039306,6.26275e-20,-4.552802e-20,-7.0144916e-20,-0.004318573,0.0037030645,0.0037030645,3.5825574e-20,-3.991491e-20,-2.4449496e-20,1487496.6,-1487496.6,-1487496.6,1487496.6,1487496.6,-1487496.6,-1487496.6,1487496.6,7.541355e-11,1.3570765e-10,0.0,0.0,-2.1012098e-11,3.9281998e-11,0.0,0.0,1.0092482e-10,9.480893e-11,1.3929021e-11,2.0044908e-11,0.0,0.0,0.0,0.0,-5949986.5,-2.293911e-10,-2.2970767e-10,5.8405225e-11,-1.22317755e-11,-9.957685e-11,0.0,-0.00545625,-0.00545625,0.0,0.0,-0.00545625,-0.00545625,0.0,0.0,0.0,0.0039306,0.0039306,0.0,0.0,0.0039306,0.0039306,0.0,0.0,0.0,0.0,0.0039306,0.0039306,0.0039306,0.0039306,Uniaxial,0.7275000214576721
7.078985418482397e-29,125269.8671875,3330.696044921875,0.0,0.8590065836906433,0.0,-0.00547125,0.003943462,0.003943462,6.347453e-20,-4.213989e-20,-7.056843e-20,-0.004333573,0.0037159265,0.0037159265,3.6378534e-20,-3.995975e-20,-2.5371945e-20,1463814.2,-1463814.2,-1463814.2,1463814.2,1463814.2,-1463814.2,-1463814.2,1463814.2,-6.747919e-11,-7.33472e-12,0.0,0.0,-1.3148571e-10,-7.134124e-11,0.0,0.0,2.4856817e-10,2.4623056e-10,1.3558683e-10,1.3792442e-10,0.0,0.0,0.0,0.0,-5855257.0,2.7764085e-10,-7.6831e-10,5.8105975e-11,-4.6751934e-12,-9.692155e-11,1e-45,-0.00547125,-0.00547125,1e-45,1e-45,-0.00547125,-0.00547125,1e-45,0.0,0.0,0.003943462,0.003943462,0.0,0.0,0.003943462,0.003943462,0.0,0.0,0.0,0.0,0.003943462,0.003943462,0.003943462,0.003943462,Uniaxial,0.7294999957084656
5.730607558789758e-29,125356.9921875,3276.81005859375,0.0,0.8612878322601318,0.0,-0.00548625,0.003956324,0.003956324,6.474508e-20,-3.8751757e-20,-7.056843e-20,-0.004348573,0.0037287886,0.0037287886,3.694581e-20,-3.9935928e-20,-2.6275983e-20,1440131.8,-1440131.8,-1440131.8,1440131.8,1440131.8,-1440131.8,-1440131.8,1440131.8,8.043376e-12,6.845968e-11,0.0,0.0,-8.531695e-11,-2.4900642e-11,0.0,0.0,2.9930704e-11,3.1179857e-11,-4.6634724e-11,-4.7883877e-11,0.0,0.0,0.0,0.0,-5760527.0,3.3714535e-11,3.3408037e-11,5.864964e-11,2.4983084e-12,-9.3446195e-11,-1e-45,-0.00548625,-0.00548625,-1e-45,-1e-45,-0.00548625,-0.00548625,-1e-45,-0.0,-0.0,0.003956324,0.003956324,-0.0,-0.0,0.003956324,0.003956324,-0.0,-0.0,-0.0,-0.0,0.003956324,0.003956324,0.003956324,0.003956324,Uniaxial,0.7315000295639038
5.730607558789758e-29,125442.6875,3222.924072265625,0.0,0.8635690808296204,0.0,-0.00550125,0.0039691865,0.0039691865,6.643915e-20,-3.6634175e-20,-6.97214e-20,-0.0043635727,0.0037416508,0.0037416508,3.753558e-20,-3.9870096e-20,-2.7145082e-20,1416449.4,-1416449.4,-1416449.4,1416449.4,1416449.4,-1416449.4,-1416449.4,1416449.4,-6.108591e-11,-6.099348e-15,0.0,0.0,-1.5189736e-10,-9.081754e-11,0.0,0.0,-4.022365e-11,-3.6866284e-11,-1.12131984e-10,-1.1548935e-10,0.0,0.0,0.0,0.0,-5665797.5,3.038069e-10,3.0471126e-10,5.997665e-11,6.7147334e-12,-8.8348426e-11,1e-45,-0.00550125,-0.00550125,1e-45,1e-45,-0.00550125,-0.00550125,1e-45,0.0,0.0,0.0039691865,0.0039691865,0.0,0.0,0.0039691865,0.0039691865,0.0,0.0,0.0,0.0,0.0039691865,0.0039691865,0.0039691865,0.0039691865,Uniaxial,0.7335000038146973
6.741891104022514e-29,125526.9609375,3169.0380859375,0.0,0.8658503293991089,0.0,-0.00551625,0.0039820485,0.0039820485,6.813321e-20,-3.5363626e-20,-6.71803e-20,-0.004378573,0.0037545129,0.0037545129,3.8147437e-20,-3.9780085e-20,-2.794614e-20,1392766.9,-1392766.9,-1392766.9,1392766.9,1392766.9,-1392766.9,-1392766.9,1392766.9,5.980631e-11,1.0594304e-10,0.0,0.0,4.234541e-12,5.0371266e-11,0.0,0.0,1.03851566e-10,1.08357164e-10,6.148164e-12,1.6425677e-12,0.0,0.0,0.0,0.0,-5571067.5,-2.2035516e-10,-2.1999946e-10,6.118197e-11,9.011193e-12,-8.005206e-11,-0.0,-0.00551625,-0.00551625,-0.0,-0.0,-0.00551625,-0.00551625,-0.0,-0.0,-0.0,0.0039820485,0.0039820485,-0.0,-0.0,0.0039820485,0.0039820485,-0.0,-0.0,-0.0,-0.0,0.0039820485,0.0039820485,0.0039820485,0.0039820485,Uniaxial,0.7354999780654907
3.7080401673976934e-29,125609.8203125,3115.15234375,0.0,0.8681315779685974,0.0,-0.00553125,0.0039949105,0.0039949105,6.5592114e-20,-3.4516593e-20,-6.8874367e-20,-0.004393573,0.003767375,0.003767375,3.869665e-20,-3.9674888e-20,-2.8764634e-20,1369084.5,-1369084.5,-1369084.5,1369084.5,1369084.5,-1369084.5,-1369084.5,1369084.5,-2.9472114e-10,-2.5220365e-10,0.0,0.0,-3.660361e-10,-3.2351863e-10,0.0,0.0,-2.7642763e-10,-2.712547e-10,-3.425697e-10,-3.477426e-10,0.0,0.0,0.0,0.0,-5476338.0,1.2364795e-09,1.2379946e-09,5.3943485e-11,1.0345846e-11,-8.044697e-11,-1e-45,-0.00553125,-0.00553125,-1e-45,-1e-45,-0.00553125,-0.00553125,-1e-45,-0.0,-0.0,0.0039949105,0.0039949105,-0.0,-0.0,0.0039949105,0.0039949105,-0.0,-0.0,-0.0,-0.0,0.0039949105,0.0039949105,0.0039949105,0.0039949105,Uniaxial,0.737500011920929
3.7080401673976934e-29,125691.25,3061.266357421875,0.0,0.8704128265380859,0.0,-0.00554625,0.0040077725,0.0040077725,6.135695e-20,-3.4516593e-20,-6.8027334e-20,-0.004408573,0.0037802372,0.0037802372,3.9150332e-20,-3.9571707e-20,-2.9550068e-20,1345402.0,-1345402.0,-1345402.0,1345402.0,1345402.0,-1345402.0,-1345402.0,1345402.0,-1.1273128e-10,-7.530117e-11,0.0,0.0,-1.8174169e-10,-1.4431158e-10,0.0,0.0,-9.710841e-11,-9.212665e-11,-1.6113705e-10,-1.6611881e-10,0.0,0.0,0.0,0.0,-5381608.0,5.140857e-10,5.164909e-10,4.3768753e-11,9.963521e-12,-7.583784e-11,1e-45,-0.00554625,-0.00554625,1e-45,1e-45,-0.00554625,-0.00554625,1e-45,0.0,0.0,0.0040077725,0.0040077725,0.0,0.0,0.0040077725,0.0040077725,-0.0,-0.0,-0.0,-0.0,0.0040077725,0.0040077725,0.0040077725,0.0040077725,Uniaxial,0.7394999861717224
5.393512642476768e-29,125771.265625,3007.38037109375,0.0,0.8726941347122192,0.0,-0.00556125,0.0040206346,0.0040206346,5.7121784e-20,-3.494011e-20,-6.71803e-20,-0.0044235727,0.0037930992,0.0037930992,3.951023e-20,-3.9479024e-20,-3.030285e-20,1321719.6,-1321719.6,-1321719.6,1321719.6,1321719.6,-1321719.6,-1321719.6,1321719.6,-4.3328098e-11,-1.0731872e-11,0.0,0.0,-1.2566793e-10,-9.30717e-11,0.0,0.0,-3.692969e-11,-3.2535377e-11,-9.932947e-11,-1.0372378e-10,0.0,0.0,0.0,0.0,-5286878.5,2.7279962e-10,2.725183e-10,3.410097e-11,8.788625e-12,-7.1405215e-11,-1e-45,-0.00556125,-0.00556125,-1e-45,-1e-45,-0.00556125,-0.00556125,-1e-45,-0.0,-0.0,0.0040206346,0.0040206346,-0.0,-0.0,0.0040206346,0.0040206346,-0.0,-0.0,-0.0,-0.0,0.0040206346,0.0040206346,0.0040206346,0.0040206346,Uniaxial,0.7415000200271606
5.730607558789758e-29,125849.859375,2953.494384765625,0.0,0.8749753832817078,0.0,-0.00557625,0.0040334966,0.0040334966,5.3733653e-20,-3.6634175e-20,-6.760382e-20,-0.004438573,0.0038059615,0.0038059615,3.979507e-20,-3.942195e-20,-3.104892e-20,1298037.1,-1298037.1,-1298037.1,1298037.1,1298037.1,-1298037.1,-1298037.1,1298037.1,1.345534e-11,5.7799557e-11,0.0,0.0,-6.79381e-11,-2.359388e-11,0.0,0.0,2.6377336e-11,2.9027938e-11,-3.6819756e-11,-3.9470358e-11,0.0,0.0,0.0,0.0,-5192148.5,2.027708e-11,2.088484e-11,2.6505463e-11,5.3012044e-12,-6.951242e-11,-0.0,-0.00557625,-0.00557625,-0.0,-0.0,-0.00557625,-0.00557625,-0.0,-0.0,-0.0,0.0040334966,0.0040334966,-0.0,-0.0,0.0040334966,0.0040334966,-0.0,-0.0,0.0,0.0,0.0040334966,0.0040334966,0.0040334966,0.0040334966,Uniaxial,0.7434999942779541
3.0338509366248205e-29,125927.03125,2899.6083984375,0.0,0.8772566318511963,0.0,-0.00559125,0.004046359,0.004046359,5.542772e-20,-3.832824e-20,-6.6756784e-20,-0.004453573,0.0038188235,0.0038188235,4.0107597e-20,-3.9399905e-20,-3.1763248e-20,1274354.8,-1274354.8,-1274354.8,1274354.8,1274354.8,-1274354.8,-1274354.8,1274354.8,-5.7525682e-11,-1.2133664e-11,0.0,0.0,-1.05736066e-10,-6.034405e-11,0.0,0.0,-2.9482593e-11,-2.8482253e-11,-9.223838e-11,-9.323872e-11,0.0,0.0,0.0,0.0,-5097419.0,2.3573946e-10,2.4344193e-10,2.860107e-11,2.0006826e-12,-6.532928e-11,-0.0,-0.00559125,-0.00559125,-0.0,-0.0,-0.00559125,-0.00559125,-0.0,0.0,-0.0,0.004046359,0.004046359,0.0,-0.0,0.004046359,0.004046359,0.0,0.0,-0.0,-0.0,0.004046359,0.004046359,0.004046359,0.004046359,Uniaxial,0.7455000281333923
3.0338509366248205e-29,126002.78125,2845.72265625,0.0,0.8795378804206848,0.0,-0.00560625,0.004059221,0.004059221,5.9239367e-20,-3.959879e-20,-6.633327e-20,-0.004468573,0.0038316855,0.0038316855,4.0489896e-20,-3.9403753e-20,-3.2454774e-20,1250672.2,-1250672.2,-1250672.2,1250672.2,1250672.2,-1250672.2,-1250672.2,1250672.2,-1.2212524e-10,-7.385735e-11,0.0,0.0,-1.6870709e-10,-1.204392e-10,0.0,0.0,1.8743725e-10,1.8725857e-10,1.2513098e-10,1.2530965e-10,0.0,0.0,0.0,0.0,-5002689.0,4.851289e-10,-6.2513644e-10,3.4352805e-11,-3.573446e-13,-6.207222e-11,1e-45,-0.00560625,-0.00560625,1e-45,1e-45,-0.00560625,-0.00560625,1e-45,0.0,0.0,0.004059221,0.004059221,0.0,0.0,0.004059221,0.004059221,0.0,0.0,0.0,0.0,0.004059221,0.004059221,0.004059221,0.004059221,Uniaxial,0.7475000023841858
5.730607558789758e-29,126077.109375,2791.836669921875,0.0,0.8818191289901733,0.0,-0.00562125,0.004072083,0.004072083,6.474508e-20,-4.0445823e-20,-6.8874367e-20,-0.0044835727,0.0038445478,0.0038445478,4.097451e-20,-3.9424514e-20,-3.3183003e-20,1226989.9,-1226989.9,-1226989.9,1226989.9,1226989.9,-1226989.9,-1226989.9,1226989.9,-9.8256854e-11,-4.580148e-11,0.0,0.0,-1.7697183e-10,-1.2451645e-10,0.0,0.0,1.3828588e-10,1.3736798e-10,7.4198744e-11,7.5116656e-11,0.0,0.0,0.0,0.0,-4907959.5,4.455466e-10,-4.2496925e-10,4.2727773e-11,-1.8358115e-12,-6.4155486e-11,-0.0,-0.00562125,-0.00562125,-0.0,-0.0,-0.00562125,-0.00562125,-0.0,-0.0,-0.0,0.004072083,0.004072083,0.0,-0.0,0.004072083,0.004072083,0.0,-0.0,-0.0,-0.0,0.004072083,0.004072083,0.004072083,0.004072083,Uniaxial,0.7494999766349792
3.0338509366248205e-29,126150.0234375,2737.95068359375,0.0,0.8841003775596619,0.0,-0.00563625,0.004084945,0.004084945,7.109783e-20,-4.086934e-20,-6.633327e-20,-0.004498573,0.0038574098,0.0038574098,4.1576414e-20,-3.945337e-20,-3.384634e-20,1203307.4,-1203307.4,-1203307.4,1203307.4,1203307.4,-1203307.4,-1203307.4,1203307.4,-2.3258385e-10,-1.75472e-10,0.0,0.0,-2.7676378e-10,-2.1965194e-10,0.0,0.0,-3.2089626e-11,-3.333767e-11,-9.306335e-11,-9.18153e-11,0.0,0.0,0.0,0.0,-4813229.5,9.044716e-10,2.5030594e-10,5.2040733e-11,-2.4960882e-12,-5.726838e-11,0.0,-0.00563625,-0.00563625,0.0,0.0,-0.00563625,-0.00563625,0.0,-0.0,-0.0,0.004084945,0.004084945,-0.0,-0.0,0.004084945,0.004084945,-0.0,-0.0,-0.0,-0.0,0.004084945,0.004084945,0.004084945,0.004084945,Uniaxial,0.7515000104904175
2.696756321238384e-29,126221.5078125,2684.064697265625,0.0,0.8863816857337952,0.0,-0.00565125,0.004097807,0.004097807,7.829761e-20,-4.0445823e-20,-6.633327e-20,-0.004513573,0.0038702718,0.0038702718,4.231021e-20,-3.9473266e-20,-3.449616e-20,1179625.0,-1179625.0,-1179625.0,1179625.0,1179625.0,-1179625.0,-1179625.0,1179625.0,1.00009126e-10,1.4665012e-10,0.0,0.0,5.6954226e-11,1.0359522e-10,0.0,0.0,1.3001634e-10,1.29176e-10,7.057536e-11,7.141571e-11,0.0,0.0,0.0,0.0,-4718500.0,-4.0720868e-10,-4.0118342e-10,6.219051e-11,-1.6806972e-12,-5.5018313e-11,0.0,-0.00565125,-0.00565125,0.0,0.0,-0.00565125,-0.00565125,0.0,0.0,0.0,0.004097807,0.004097807,0.0,0.0,0.004097807,0.004097807,0.0,0.0,0.0,0.0,0.004097807,0.004097807,0.004097807,0.004097807,Uniaxial,0.7534999847412109
2.3596618563152245e-29,126291.578125,2630.1787109375,0.0,0.8886629343032837,0.0,-0.00566625,0.0041106693,0.0041106693,8.083871e-20,-4.0445823e-20,-6.506272e-20,-0.004528573,0.003883134,0.003883134,4.3080616e-20,-3.9492717e-20,-3.510769e-20,1155942.5,-1155942.5,-1155942.5,1155942.5,1155942.5,-1155942.5,-1155942.5,1155942.5,-1.1922377e-10,-7.170778e-11,0.0,0.0,-1.4458706e-10,-9.707107e-11,0.0,0.0,1.253756e-10,1.2456859e-10,6.811381e-11,6.892082e-11,0.0,0.0,0.0,0.0,-4623770.0,4.325897e-10,-3.8697884e-10,6.394049e-11,-1.6140117e-12,-5.0726586e-11,1e-45,-0.00566625,-0.00566625,1e-45,1e-45,-0.00566625,-0.00566625,1e-45,-0.0,-0.0,0.0041106693,0.0041106693,-0.0,-0.0,0.0041106693,0.0041106693,0.0,0.0,0.0,0.0,0.0041106693,0.0041106693,0.0041106693,0.0041106693,Uniaxial,0.7555000185966492
5.730607558789758e-29,126360.21875,2576.29296875,0.0,0.8909441828727722,0.0,-0.00568125,0.0041235317,0.0041235317,8.083871e-20,-4.0022307e-20,-6.6756784e-20,-0.0045435727,0.0038959961,0.0038959961,4.383587e-20,-3.9503354e-20,-3.5740584e-20,1132260.1,-1132260.1,-1132260.1,1132260.1,1132260.1,-1132260.1,-1132260.1,1132260.1,5.0448663e-11,1.1222902e-10,0.0,0.0,-2.1912328e-11,3.986803e-11,0.0,0.0,7.5612565e-11,7.5182166e-11,1.8366916e-11,1.8797318e-11,0.0,0.0,0.0,0.0,-4529040.5,-1.8063338e-10,-1.8795897e-10,6.137774e-11,-8.608038e-13,-5.1447527e-11,-1e-45,-0.00568125,-0.00568125,-1e-45,-1e-45,-0.00568125,-0.00568125,-1e-45,-0.0,-0.0,0.0041235317,0.0041235317,-0.0,-0.0,0.0041235317,0.0041235317,-0.0,-0.0,-0.0,-0.0,0.0041235317,0.0041235317,0.0041235317,0.0041235317,Uniaxial,0.7574999928474426
5.730607558789758e-29,126427.4453125,2522.406982421875,0.0,0.8932254314422607,0.0,-0.00569625,0.004136394,0.004136394,8.3379806e-20,-3.959879e-20,-6.760382e-20,-0.004558573,0.003908858,0.003908858,4.462659e-20,-3.9505306e-20,-3.637784e-20,1108577.6,-1108577.6,-1108577.6,1108577.6,1108577.6,-1108577.6,-1108577.6,1108577.6,9.903089e-11,1.6159069e-10,0.0,0.0,2.7037596e-11,8.95974e-11,0.0,0.0,1.2449873e-10,1.2442282e-10,6.7975264e-11,6.8051176e-11,0.0,0.0,0.0,0.0,-4434310.5,-3.772566e-10,-3.84948e-10,6.2936635e-11,-1.5182387e-13,-5.071213e-11,-0.0,-0.00569625,-0.00569625,-0.0,-0.0,-0.00569625,-0.00569625,-0.0,-0.0,-0.0,0.004136394,0.004136394,-0.0,-0.0,0.004136394,0.004136394,-0.0,-0.0,-0.0,-0.0,0.004136394,0.004136394,0.004136394,0.004136394,Uniaxial,0.7595000267028809
5.730607558789758e-29,126493.25,2468.52099609375,0.0,0.8955066800117493,0.0,-0.00571125,0.004149256,0.004149256,8.5920905e-20,-3.9175274e-20,-6.97214e-20,-0.004573573,0.00392172,0.00392172,4.5452324e-20,-3.9498747e-20,-3.7044583e-20,1084895.2,-1084895.2,-1084895.2,1084895.2,1084895.2,-1084895.2,-1084895.2,1084895.2,-2.9561045e-10,-2.3235976e-10,0.0,0.0,-3.6821501e-10,-3.049643e-10,0.0,0.0,1.6566654e-10,1.659236e-10,1.0886478e-10,1.0860772e-10,0.0,0.0,0.0,0.0,-4339581.0,1.2011495e-09,-5.4906263e-10,6.431843e-11,5.1410764e-13,-5.1934654e-11,1e-45,-0.00571125,-0.00571125,1e-45,1e-45,-0.00571125,-0.00571125,1e-45,-0.0,-0.0,0.004149256,0.004149256,-0.0,-0.0,0.004149256,0.004149256,0.0,0.0,0.0,0.0,0.004149256,0.004149256,0.004149256,0.004149256,Uniaxial,0.7615000009536743
5.730607558789758e-29,126557.6328125,2414.635009765625,0.0,0.8977879285812378,0.0,-0.00572625,0.004162118,0.004162118,8.761497e-20,-3.9175274e-20,-7.438008e-20,-0.004588573,0.003934582,0.003934582,4.6295512e-20,-3.9492275e-20,-3.779092e-20,1061212.8,-1061212.8,-1061212.8,1061212.8,1061212.8,-1061212.8,-1061212.8,1061212.8,-2.9529077e-12,6.025719e-11,0.0,0.0,-7.8031775e-11,-1.4821677e-11,0.0,0.0,2.5840924e-10,2.5865565e-10,1.9912254e-10,1.9887612e-10,0.0,0.0,0.0,0.0,-4244851.0,3.5549168e-11,-9.150636e-10,6.423723e-11,4.928265e-13,-5.688328e-11,-0.0,-0.00572625,-0.00572625,-0.0,-0.0,-0.00572625,-0.00572625,-0.0,-0.0,-0.0,0.004162118,0.004162118,-0.0,-0.0,0.004162118,0.004162118,0.0,0.0,0.0,0.0,0.004162118,0.004162118,0.004162118,0.004162118,Uniaxial,0.7634999752044678
7.078985418482397e-29,126620.59375,2360.7490234375,0.0,0.9000692367553711,0.0,-0.00574125,0.00417498,0.00417498,8.9309036e-20,-3.9175274e-20,-7.8615245e-20,-0.0046035727,0.0039474447,0.0039474447,4.715572e-20,-3.9485935e-20,-3.860708e-20,1037530.3,-1037530.3,-1037530.3,1037530.3,1037530.3,-1037530.3,-1037530.3,1037530.3,1.7044652e-10,2.3357355e-10,0.0,0.0,1.2449548e-10,1.8762253e-10,0.0,0.0,2.2560806e-10,2.2584416e-10,1.332559e-10,1.330198e-10,0.0,0.0,0.0,0.0,-4150121.2,-7.161381e-10,-7.1772793e-10,6.4071116e-11,4.7219065e-13,-6.081058e-11,-0.0,-0.00574125,-0.00574125,-0.0,-0.0,-0.00574125,-0.00574125,-0.0,-0.0,-0.0,0.00417498,0.00417498,-0.0,-0.0,0.00417498,0.00417498,0.0,0.0,0.0,0.0,0.00417498,0.00417498,0.00417498,0.00417498,Uniaxial,0.765500009059906
5.730607558789758e-29,126682.140625,2306.86328125,0.0,0.9023504853248596,0.0,-0.00575625,0.004187842,0.004187842,9.10031e-20,-3.9175274e-20,-8.7085575e-20,-0.004618573,0.0039603068,0.0039603068,4.8032604e-20,-3.947972e-20,-3.9575923e-20,1013847.9,-1013847.9,-1013847.9,1013847.9,1013847.9,-1013847.9,-1013847.9,1013847.9,-4.2866377e-11,2.013629e-11,0.0,0.0,-1.247857e-10,-6.178303e-11,0.0,0.0,1.1655592e-10,1.1678201e-10,5.0408434e-11,5.0182344e-11,0.0,0.0,0.0,0.0,-4055391.5,2.0929881e-10,-3.3392872e-10,6.3822364e-11,4.5218313e-13,-7.0564186e-11,1e-45,-0.00575625,-0.00575625,1e-45,1e-45,-0.00575625,-0.00575625,1e-45,0.0,0.0,0.004187842,0.004187842,0.0,0.0,0.004187842,0.004187842,0.0,0.0,0.0,0.0,0.004187842,0.004187842,0.004187842,0.004187842,Uniaxial,0.7674999833106995
5.730607558789758e-29,126742.2578125,2252.977294921875,0.0,0.9046317338943481,0.0,-0.00577125,0.0042007044,0.0042007044,9.227365e-20,-3.8751757e-20,-9.343832e-20,-0.004633573,0.003973169,0.003973169,4.8917403e-20,-3.94652e-20,-4.0652667e-20,990165.44,-990165.44,-990165.44,990165.44,990165.44,-990165.44,-990165.44,990165.44,4.6100082e-11,1.0863711e-10,0.0,0.0,-3.8821682e-11,2.3715353e-11,0.0,0.0,-6.367689e-11,-6.315944e-11,-1.3253545e-10,-1.3305292e-10,0.0,0.0,0.0,0.0,-3960661.8,-1.3963088e-10,3.924247e-10,6.2891095e-11,1.0348985e-12,-7.656907e-11,1e-45,-0.00577125,-0.00577125,1e-45,1e-45,-0.00577125,-0.00577125,1e-45,0.0,0.0,0.0042007044,0.0042007044,0.0,0.0,0.0042007044,0.0042007044,0.0,0.0,0.0,0.0,0.0042007044,0.0042007044,0.0042007044,0.0042007044,Uniaxial,0.7695000171661377
5.730607558789758e-29,126800.9609375,2199.09130859375,0.0,0.9069129824638367,0.0,-0.00578625,0.0042135664,0.0042135664,9.35442e-20,-3.832824e-20,-9.979107e-20,-0.0046485728,0.003986031,0.003986031,4.980992e-20,-3.9442502e-20,-4.1834944e-20,966483.0,-966483.0,-966483.0,966483.0,966483.0,-966483.0,-966483.0,966483.0,-2.1144828e-10,-1.4939572e-10,0.0,0.0,-2.9911473e-10,-2.3706218e-10,0.0,0.0,-1.8928863e-10,-1.8849981e-10,-2.6062053e-10,-2.6140934e-10,0.0,0.0,0.0,0.0,-3865932.0,8.970209e-10,8.998183e-10,6.1922134e-11,1.5776514e-12,-8.205844e-11,-3e-45,-0.00578625,-0.00578625,-3e-45,-3e-45,-0.00578625,-0.00578625,-3e-45,-0.0,-0.0,0.0042135664,0.0042135664,-0.0,-0.0,0.0042135664,0.0042135664,-0.0,-0.0,-0.0,-0.0,0.0042135664,0.0042135664,0.0042135664,0.0042135664,Uniaxial,0.7714999914169312
7.078985418482397e-29,126858.375,2155.8818359375,0.0,0.9087399840354919,0.0,-0.00580125,0.0042264285,0.0042264285,9.481475e-20,-3.832824e-20,-1.057203e-19,-0.0046635726,0.003998893,0.003998893,5.071e-20,-3.9420216e-20,-4.3112214e-20,947492.75,-947492.75,-947492.75,947492.75,947492.75,-947492.75,-947492.75,947492.75,-9.132819e-11,-2.962687e-11,0.0,0.0,-1.5032556e-10,-8.862424e-11,0.0,0.0,-2.0764976e-10,-2.0689189e-10,-3.125265e-10,-3.1328434e-10,0.0,0.0,0.0,0.0,-3789971.0,3.5990486e-10,1.0403525e-09,6.121967e-11,1.5157159e-12,-8.6903255e-11,-1e-45,-0.00580125,-0.00580125,-1e-45,-1e-45,-0.00580125,-0.00580125,-1e-45,0.0,0.0,0.0042264285,0.0042264285,0.0,0.0,0.0042264285,0.0042264285,-0.0,-0.0,-0.0,-0.0,0.0042264285,0.0042264285,0.0042264285,0.0042264285,Uniaxial,0.7735000252723694
7.078985418482397e-29,126915.2265625,2155.666748046875,0.0,0.9087399840354919,0.0,-0.00581625,0.0042392905,0.0042392905,9.60853e-20,-3.832824e-20,-1.1546118e-19,-0.004678573,0.004011755,0.004011755,5.1617492e-20,-3.9398373e-20,-4.4558397e-20,947398.3,-947398.3,-947398.3,947398.3,947398.3,-947398.3,-947398.3,947398.3,1.2380898e-10,1.8575919e-10,0.0,0.0,5.9059785e-11,1.2101e-10,0.0,0.0,-1.1974323e-10,-1.190006e-10,-2.3038703e-10,-2.3112964e-10,0.0,0.0,0.0,0.0,-3789593.2,-4.8963794e-10,7.002605e-10,6.171746e-11,1.4852497e-12,-9.840691e-11,-0.0,-0.00581625,-0.00581625,-0.0,-0.0,-0.00581625,-0.00581625,-0.0,-0.0,-0.0,0.0042392905,0.0042392905,-0.0,-0.0,0.0042392905,0.0042392905,-0.0,-0.0,-0.0,-0.0,0.0042392905,0.0042392905,0.0042392905,0.0042392905,Uniaxial,0.7754999995231628
1.1124120803119634e-28,126972.0703125,2155.665771484375,0.0,0.9087399840354919,0.0,-0.00583125,0.0042521525,0.0042521525,9.735585e-20,-3.9175274e-20,-1.2223744e-19,-0.004693573,0.0040246174,0.0040246174,5.2532244e-20,-3.9393827e-20,-4.611149e-20,947397.8,-947397.8,-947397.8,947397.8,947397.8,-947397.8,-947397.8,947397.8,2.4935912e-10,3.1155623e-10,0.0,0.0,1.1880233e-10,1.8099944e-10,0.0,0.0,8.6696164e-11,8.684783e-11,2.9282635e-12,2.7765982e-12,0.0,0.0,0.0,0.0,-3789591.2,-8.607171e-10,-1.7924885e-10,6.221124e-11,3.0333087e-13,-1.05656164e-10,-0.0,-0.00583125,-0.00583125,-0.0,-0.0,-0.00583125,-0.00583125,-0.0,0.0,0.0,0.0042521525,0.0042521525,0.0,0.0,0.0042521525,0.0042521525,-0.0,-0.0,-0.0,-0.0,0.0042521525,0.0042521525,0.0042521525,0.0042521525,Uniaxial,0.7774999737739563
5.730607558789758e-29,127028.9140625,2155.665771484375,0.0,0.9087399840354919,0.0,-0.00584625,0.0042650145,0.0042650145,9.86264e-20,-4.0022307e-20,-1.2774316e-19,-0.0047085728,0.0040374794,0.0040374794,5.345411e-20,-3.9406312e-20,-4.774377e-20,947397.8,-947397.8,-947397.8,947397.8,947397.8,-947397.8,-947397.8,947397.8,3.0933694e-10,3.7177603e-10,0.0,0.0,2.0718366e-10,2.6962274e-10,0.0,0.0,3.569428e-11,3.5266807e-11,-5.134075e-11,-5.0913277e-11,0.0,0.0,0.0,0.0,-3789591.2,-1.1579194e-09,3.1292937e-11,6.269518e-11,-8.5494665e-13,-1.1103215e-10,1e-45,-0.00584625,-0.00584625,1e-45,1e-45,-0.00584625,-0.00584625,1e-45,0.0,0.0,0.0042650145,0.0042650145,0.0,0.0,0.0042650145,0.0042650145,-0.0,-0.0,-0.0,-0.0,0.0042650145,0.0042650145,0.0042650145,0.0042650145,Uniaxial,0.7795000076293945
7.078985418482397e-29,127085.7578125,2155.665771484375,0.0,0.9087399840354919,0.0,-0.00586125,0.004277877,0.004277877,9.989695e-20,-4.0022307e-20,-1.3197832e-19,-0.0047235726,0.0040503414,0.0040503414,5.438296e-20,-3.9418633e-20,-4.9428242e-20,947397.8,-947397.8,-947397.8,947397.8,947397.8,-947397.8,-947397.8,947397.8,3.0043518e-10,3.631114e-10,0.0,0.0,2.2760331e-10,2.9027952e-10,0.0,0.0,2.2738746e-10,2.2696853e-10,1.0749941e-10,1.0791834e-10,0.0,0.0,0.0,0.0,-3789591.2,-1.1814294e-09,-6.6977374e-10,6.316944e-11,-8.3784623e-13,-1.1457228e-10,1e-45,-0.00586125,-0.00586125,1e-45,1e-45,-0.00586125,-0.00586125,1e-45,0.0,0.0,0.004277877,0.004277877,0.0,0.0,0.004277877,0.004277877,0.0,0.0,0.0,0.0,0.004277877,0.004277877,0.004277877,0.004277877,Uniaxial,0.781499981880188
5.730607558789758e-29,127142.6015625,2155.665771484375,0.0,0.9087399840354919,0.0,-0.00587625,0.004290739,0.004290739,1.011675e-19,-4.086934e-20,-1.3282535e-19,-0.004738573,0.0040632035,0.0040632035,5.5318634e-20,-3.9447565e-20,-5.1096304e-20,947397.8,-947397.8,-947397.8,947397.8,947397.8,-947397.8,-947397.8,947397.8,2.675819e-10,3.304905e-10,0.0,0.0,1.6422828e-10,2.2713688e-10,0.0,0.0,1.2178276e-10,1.2079611e-10,3.298824e-11,3.397489e-11,0.0,0.0,0.0,0.0,-3789591.2,-9.894375e-10,-3.09542e-10,6.363421e-11,-1.9732967e-12,-1.1343277e-10,1e-45,-0.00587625,-0.00587625,1e-45,1e-45,-0.00587625,-0.00587625,1e-45,0.0,0.0,0.004290739,0.004290739,0.0,0.0,0.004290739,0.004290739,0.0,0.0,0.0,0.0,0.004290739,0.004290739,0.004290739,0.004290739,Uniaxial,0.7835000157356262
7.078985418482397e-29,127199.4453125,2155.665771484375,0.0,0.9087399840354919,0.0,-0.00589125,0.004303601,0.004303601,1.0201453e-19,-4.0445823e-20,-1.3197832e-19,-0.004753573,0.0040760655,0.0040760655,5.625258e-20,-3.9467576e-20,-5.2714224e-20,947397.8,-947397.8,-947397.8,947397.8,947397.8,-947397.8,-947397.8,947397.8,8.6671066e-11,1.4951934e-10,0.0,0.0,1.6119505e-11,7.8967784e-11,0.0,0.0,1.411786e-10,1.4049974e-10,2.3310956e-11,2.3989815e-11,0.0,0.0,0.0,0.0,-3789591.2,-3.312777e-10,-3.2897912e-10,6.351358e-11,-1.3577219e-12,-1.1001163e-10,1e-45,-0.00589125,-0.00589125,1e-45,1e-45,-0.00589125,-0.00589125,1e-45,0.0,0.0,0.004303601,0.004303601,0.0,0.0,0.004303601,0.004303601,0.0,0.0,0.0,0.0,0.004303601,0.004303601,0.004303601,0.004303601,Uniaxial,0.7854999899864197
5.730607558789758e-29,127256.2890625,2155.665771484375,0.0,0.9087399840354919,0.0,-0.00590625,0.004316463,0.004316463,1.0243805e-19,-4.0022307e-20,-1.2689612e-19,-0.0047685727,0.004088928,0.004088928,5.717636e-20,-3.9478713e-20,-5.419855e-20,947397.8,-947397.8,-947397.8,947397.8,947397.8,-947397.8,-947397.8,947397.8,9.3609384e-11,1.561105e-10,0.0,0.0,-3.4767762e-12,5.902434e-11,0.0,0.0,-9.4354906e-11,-9.473213e-11,-1.7627255e-10,-1.7589533e-10,0.0,0.0,0.0,0.0,-3789591.2,-3.0526745e-10,5.4125493e-10,6.2819264e-11,-7.5445905e-13,-1.0089787e-10,1e-45,-0.00590625,-0.00590625,1e-45,1e-45,-0.00590625,-0.00590625,1e-45,0.0,0.0,0.004316463,0.004316463,0.0,0.0,0.004316463,0.004316463,0.0,0.0,0.0,0.0,0.004316463,0.004316463,0.004316463,0.004316463,Uniaxial,0.7875000238418579
1.1124120803119634e-28,127313.1328125,2155.665771484375,0.0,0.9087399840354919,0.0,-0.00592125,0.004329325,0.004329325,1.02861564e-19,-4.0022307e-20,-1.2308448e-19,-0.0047835726,0.00410179,0.00410179,5.8090135e-20,-3.9489586e-20,-5.557682e-20,947397.8,-947397.8,-947397.8,947397.8,947397.8,-947397.8,-947397.8,947397.8,-1.4396835e-10,-8.180745e-11,0.0,0.0,-2.685444e-10,-2.0638352e-10,0.0,0.0,-1.3591077e-10,-1.3628046e-10,-2.142193e-10,-2.1384962e-10,0.0,0.0,0.0,0.0,-3789591.2,7.007037e-10,7.002601e-10,6.213883e-11,-7.393677e-13,-9.369472e-11,0.0,-0.00592125,-0.00592125,0.0,0.0,-0.00592125,-0.00592125,0.0,-0.0,-0.0,0.004329325,0.004329325,-0.0,-0.0,0.004329325,0.004329325,0.0,0.0,0.0,0.0,0.004329325,0.004329325,0.004329325,0.004329325,Uniaxial,0.7894999980926514
7.078985418482397e-29,127369.9765625,2155.665771484375,0.0,0.9087399840354919,0.0,-0.00593625,0.004342187,0.004342187,1.0328508e-19,-3.959879e-20,-1.1757876e-19,-0.004798573,0.004114652,0.004114652,5.89941e-20,-3.9491813e-20,-5.6817556e-20,947397.8,-947397.8,-947397.8,947397.8,947397.8,-947397.8,-947397.8,947397.8,-2.2389113e-10,-1.6206364e-10,0.0,0.0,-2.816025e-10,-2.1977499e-10,0.0,0.0,-4.2090827e-11,-4.2165063e-11,-1.4651365e-10,-1.4643942e-10,0.0,0.0,0.0,0.0,-3789591.2,8.8733226e-10,3.7720896e-10,6.147201e-11,-1.4847376e-13,-8.433123e-11,-1e-45,-0.00593625,-0.00593625,-1e-45,-1e-45,-0.00593625,-0.00593625,-1e-45,-0.0,-0.0,0.004342187,0.004342187,-0.0,-0.0,0.004342187,0.004342187,-0.0,-0.0,-0.0,-0.0,0.004342187,0.004342187,0.004342187,0.004342187,Uniaxial,0.7914999723434448
1.1124120803119634e-28,127426.8203125,2155.665771484375,0.0,0.9087399840354919,0.0,-0.00595125,0.0043550497,0.0043550497,1.03708596e-19,-3.959879e-20,-1.1630821e-19,-0.004813573,0.004127514,0.004127514,5.988846e-20,-3.9493955e-20,-5.800764e-20,947397.8,-947397.8,-947397.8,947397.8,947397.8,-947397.8,-947397.8,947397.8,-2.7510977e-10,-2.1360903e-10,0.0,0.0,-3.9329653e-10,-3.3179579e-10,0.0,0.0,2.924809e-11,2.917534e-11,-4.2374187e-11,-4.2301437e-11,0.0,0.0,0.0,0.0,-3789591.2,1.2138112e-09,2.6252195e-11,6.081852e-11,-1.4550364e-13,-8.0916086e-11,-3e-45,-0.00595125,-0.00595125,-3e-45,-3e-45,-0.00595125,-0.00595125,-3e-45,-0.0,-0.0,0.0043550497,0.0043550497,-0.0,-0.0,0.0043550497,0.0043550497,-0.0,-0.0,-0.0,-0.0,0.0043550497,0.0043550497,0.0043550497,0.0043550497,Uniaxial,0.7935000061988831
1.1124120803119634e-28,127483.6640625,2155.665771484375,0.0,0.9087399840354919,0.0,-0.00596625,0.0043679117,0.0043679117,1.04979146e-19,-3.959879e-20,-1.1546118e-19,-0.0048285727,0.004140376,0.004140376,6.079025e-20,-3.9496052e-20,-5.915694e-20,947397.8,-947397.8,-947397.8,947397.8,947397.8,-947397.8,-947397.8,947397.8,-1.1233811e-10,-5.0581466e-11,0.0,0.0,-2.291395e-10,-1.6738286e-10,0.0,0.0,6.513032e-11,6.505902e-11,-5.10514e-12,-5.033843e-12,0.0,0.0,0.0,0.0,-3789591.2,5.5944194e-10,-1.2005036e-10,6.1330316e-11,-1.4259321e-13,-7.814535e-11,-1e-45,-0.00596625,-0.00596625,-1e-45,-1e-45,-0.00596625,-0.00596625,-1e-45,-0.0,-0.0,0.0043679117,0.0043679117,-0.0,-0.0,0.0043679117,0.0043679117,-0.0,-0.0,-0.0,-0.0,0.0043679117,0.0043679117,0.0043679117,0.0043679117,Uniaxial,0.7954999804496765
9.775742341573888e-29,127540.5078125,2155.665771484375,0.0,0.9087399840354919,0.0,-0.00598125,0.0043807738,0.0043807738,1.06249695e-19,-3.9175274e-20,-1.1419063e-19,-0.0048435726,0.004153238,0.004153238,6.169943e-20,-3.9489677e-20,-6.025788e-20,947397.8,-947397.8,-947397.8,947397.8,947397.8,-947397.8,-947397.8,947397.8,-3.3491787e-10,-2.7291044e-10,0.0,0.0,-4.1898207e-10,-3.5697464e-10,0.0,0.0,-1.2620592e-10,-1.2598773e-10,-2.2559768e-10,-2.2581587e-10,0.0,0.0,0.0,0.0,-3789591.2,1.383785e-09,7.0360723e-10,6.183187e-11,4.3636378e-13,-7.485394e-11,-3e-45,-0.00598125,-0.00598125,-3e-45,-3e-45,-0.00598125,-0.00598125,-3e-45,-0.0,-0.0,0.0043807738,0.0043807738,-0.0,-0.0,0.0043807738,0.0043807738,-0.0,-0.0,-0.0,-0.0,0.0043807738,0.0043807738,0.0043807738,0.0043807738,Uniaxial,0.7975000143051147
9.775742341573888e-29,127597.3515625,2155.665771484375,0.0,0.9087399840354919,0.0,-0.00599625,0.004393636,0.004393636,1.07520245e-19,-3.8751757e-20,-1.1673173e-19,-0.004858573,0.0041661006,0.0041661006,6.261583e-20,-3.947496e-20,-6.138724e-20,947397.8,-947397.8,-947397.8,947397.8,947397.8,-947397.8,-947397.8,947397.8,-2.0800807e-10,-1.457549e-10,0.0,0.0,-2.9305194e-10,-2.3079877e-10,0.0,0.0,5.6393415e-13,1.0658045e-12,-9.952382e-11,-1.0002569e-10,0.0,0.0,0.0,0.0,-3789591.2,8.776137e-10,1.9791976e-10,6.23234e-11,1.0037405e-12,-7.6813306e-11,-1e-45,-0.00599625,-0.00599625,-1e-45,-1e-45,-0.00599625,-0.00599625,-1e-45,-0.0,-0.0,0.004393636,0.004393636,-0.0,-0.0,0.004393636,0.004393636,0.0,0.0,-0.0,-0.0,0.004393636,0.004393636,0.004393636,0.004393636,Uniaxial,0.7994999885559082
1.5169254984050656e-28,127560.28125,2118.59521484375,0.0,0.9087399840354919,0.0,-0.0059865,0.004391735,0.004391735,1.07308487e-19,-3.7904724e-20,-1.1694349e-19,-0.0048586475,0.0041661644,0.0041661644,6.262039e-20,-3.9474884e-20,-6.139286e-20,939216.4,-939216.4,-939216.4,939216.4,939216.4,-939216.4,-939216.4,939216.4,3.6491064e-11,9.859413e-11,0.0,0.0,-7.978736e-11,-1.7684285e-11,0.0,0.0,6.9848995e-11,7.0938616e-11,-2.979406e-11,-3.0883684e-11,0.0,0.0,0.0,0.0,-3756865.5,-3.7613558e-11,-8.010986e-11,6.202317e-11,2.1792466e-12,-7.709941e-11,2.6622455e-33,-0.0059865,-0.0059865,2.6622455e-33,2.6622455e-33,-0.0059865,-0.0059865,2.6622455e-33,6.655614e-33,6.655614e-33,0.004391735,0.004391735,6.655614e-33,6.655614e-33,0.004391735,0.004391735,6.655614e-33,6.655614e-33,6.655614e-33,6.655614e-33,0.004391735,0.004391735,0.004391735,0.004391735,Uniaxial,0.8015000224113464
1.6517633445596402e-28,127493.1953125,2051.509765625,0.0,0.9087399840354919,0.0,-0.0059685,0.0043881354,0.0043881354,1.0720261e-19,-4.0234065e-20,-1.8131799e-19,-0.004858648,0.004166165,0.004166165,6.262041e-20,-3.9474884e-20,-6.1392886e-20,924226.6,-924226.6,-924226.6,924226.6,924226.6,-924226.6,-924226.6,924226.6,4.447594e-11,1.0650552e-10,0.0,0.0,-8.538406e-11,-2.3354482e-11,0.0,0.0,9.9072764e-11,9.854593e-11,-7.7951305e-11,-7.742447e-11,0.0,0.0,0.0,0.0,-3696906.5,-4.2242917e-11,-4.2242917e-11,6.187619e-11,-1.0536749e-12,-1.6644555e-10,6.84758e-33,-0.0059685,-0.0059685,6.84758e-33,6.84758e-33,-0.0059685,-0.0059685,6.84758e-33,-5.64662e-35,-5.64662e-35,0.0043881354,0.0043881354,-5.64662e-35,-5.64662e-35,0.0043881354,0.0043881354,-5.64662e-35,-5.64662e-35,-5.64662e-35,-5.64662e-35,0.0043881354,0.0043881354,0.0043881354,0.0043881354,Uniaxial,0.8034999966621399
9.775742341573888e-29,127427.1875,1985.505126953125,0.0,0.9087399840354919,0.0,-0.0059505,0.0043845354,0.0043845354,1.07308487e-19,-3.949291e-20,-1.6670667e-19,-0.004858648,0.004166165,0.004166165,6.262041e-20,-3.9474884e-20,-6.1392886e-20,909237.2,-909237.2,-909237.2,909237.2,909237.2,-909237.2,-909237.2,909237.2,4.1671094e-11,1.0377415e-10,0.0,0.0,-7.8049296e-11,-1.5946239e-11,0.0,0.0,2.7381436e-11,2.7368927e-11,-1.07897205e-10,-1.07884694e-10,0.0,0.0,0.0,0.0,-3636948.8,-5.144971e-11,1.6103154e-10,6.202314e-11,-2.5018265e-14,-1.4616632e-10,-1.1237055e-37,-0.0059505,-0.0059505,-1.1237055e-37,-1.1237055e-37,-0.0059505,-0.0059505,-1.1237055e-37,-2.8092637e-37,-2.8092637e-37,0.0043845354,0.0043845354,-2.8092637e-37,-2.8092637e-37,0.0043845354,0.0043845354,-2.8092637e-37,-2.8092637e-37,-2.8092637e-37,-2.8092637e-37,0.0043845354,0.0043845354,0.0043845354,0.0043845354,Uniaxial,0.8054999709129333
1.5169254984050656e-28,127362.265625,1920.5797119140625,0.0,0.9087399840354919,0.0,-0.0059325,0.0043809353,0.0043809353,1.07414366e-19,-3.8222362e-20,-1.609892e-19,-0.004858648,0.004166165,0.004166165,6.262041e-20,-3.9474884e-20,-6.1392886e-20,894247.7,-894247.7,-894247.7,894247.7,894247.7,-894247.7,-894247.7,894247.7,1.01989e-10,1.6416553e-10,0.0,0.0,-4.4855196e-11,1.7321334e-11,0.0,0.0,7.174948e-11,7.261868e-11,-5.867977e-11,-5.954897e-11,0.0,0.0,0.0,0.0,-3576990.8,-2.3862068e-10,-2.6139424e-11,6.217009e-11,1.7383932e-12,-1.3823097e-10,-5.59056e-40,-0.0059325,-0.0059325,-5.59056e-40,-5.59056e-40,-0.0059325,-0.0059325,-5.59056e-40,-1.397644e-39,-1.397644e-39,0.0043809353,0.0043809353,-1.397644e-39,-1.397644e-39,0.0043809353,0.0043809353,-1.397644e-39,-1.397644e-39,-1.397644e-39,-1.397644e-39,0.0043809353,0.0043809353,0.0043809353,0.0043809353,Uniaxial,0.8075000047683716
1.5169254984050656e-28,127298.421875,1856.7335205078125,0.0,0.9087399840354919,0.0,-0.0059145,0.0043773353,0.0043773353,1.07520245e-19,-3.981055e-20,-1.4087217e-19,-0.004858648,0.004166165,0.004166165,6.262041e-20,-3.9474884e-20,-6.1392886e-20,879258.25,-879258.25,-879258.25,879258.25,879258.25,-879258.25,-879258.25,879258.25,5.7476073e-11,1.1972608e-10,0.0,0.0,-7.5407784e-11,-1.3157777e-11,0.0,0.0,1.02192796e-10,1.01959864e-10,-1.5378252e-11,-1.5145317e-11,0.0,0.0,0.0,0.0,-3517033.0,-8.863659e-11,-1.7362908e-10,6.231704e-11,-4.658711e-13,-1.1031029e-10,-2.782e-42,-0.0059145,-0.0059145,-2.782e-42,-2.782e-42,-0.0059145,-0.0059145,-2.782e-42,-6.953e-42,-6.953e-42,0.0043773353,0.0043773353,-6.953e-42,-6.953e-42,0.0043773353,0.0043773353,-6.953e-42,-6.953e-42,-6.953e-42,-6.953e-42,0.0043773353,0.0043773353,0.0043773353,0.0043773353,Uniaxial,0.809499979019165
1.5169254984050656e-28,127235.6484375,1793.966552734375,0.0,0.9087399840354919,0.0,-0.0058965,0.0043737353,0.0043737353,1.07626124e-19,-3.970467e-20,-1.6014217e-19,-0.004858648,0.004166165,0.004166165,6.262041e-20,-3.9474884e-20,-6.1392886e-20,864268.8,-864268.8,-864268.8,864268.8,864268.8,-864268.8,-864268.8,864268.8,2.2469016e-11,8.47925e-11,0.0,0.0,-1.2378738e-10,-6.1463896e-11,0.0,0.0,5.656168e-11,5.6402216e-11,-7.4308434e-11,-7.414897e-11,0.0,0.0,0.0,0.0,-3457075.2,7.798976e-11,3.5493507e-11,6.246399e-11,-3.1892016e-13,-1.3705537e-10,-1.4e-44,-0.0058965,-0.0058965,-1.4e-44,-1.4e-44,-0.0058965,-0.0058965,-1.4e-44,-3.5e-44,-3.5e-44,0.0043737353,0.0043737353,-3.5e-44,-3.5e-44,0.0043737353,0.0043737353,-3.5e-44,-3.5e-44,-3.5e-44,-3.5e-44,0.0043737353,0.0043737353,0.0043737353,0.0043737353,Uniaxial,0.8115000128746033
9.775742341573888e-29,127173.9609375,1732.27880859375,0.0,0.9087399840354919,0.0,-0.0058785,0.0043701353,0.0043701353,1.07626124e-19,-3.959879e-20,-1.630009e-19,-0.004858648,0.004166165,0.004166165,6.262041e-20,-3.9474884e-20,-6.1392886e-20,849279.4,-849279.4,-849279.4,849279.4,849279.4,-849279.4,-849279.4,849279.4,2.3851286e-11,8.617477e-11,0.0,0.0,-9.329746e-11,-3.0973977e-11,0.0,0.0,5.751686e-11,5.7430876e-11,-7.5263615e-11,-7.517763e-11,0.0,0.0,0.0,0.0,-3397117.5,1.4245384e-11,3.5493507e-11,6.246399e-11,-1.7196922e-13,-1.4102304e-10,0.0,-0.0058785,-0.0058785,0.0,0.0,-0.0058785,-0.0058785,0.0,-0.0,-0.0,0.0043701353,0.0043701353,-0.0,-0.0,0.0043701353,0.0043701353,-0.0,-0.0,-0.0,-0.0,0.0043701353,0.0043701353,0.0043701353,0.0043701353,Uniaxial,0.8134999871253967
1.449506635513089e-28,127113.3515625,1671.6702880859375,0.0,0.9087399840354919,0.0,-0.0058605,0.004366535,0.004366535,1.07520245e-19,-3.8645878e-20,-1.6215387e-19,-0.004858648,0.004166165,0.004166165,6.262041e-20,-3.9474884e-20,-6.1392886e-20,834289.9,-834289.9,-834289.9,834289.9,834289.9,-834289.9,-834289.9,834289.9,-8.278065e-12,3.84262e-11,0.0,0.0,-1.0929326e-10,-6.2589e-11,0.0,0.0,5.1189934e-11,5.176523e-11,-1.1143294e-10,-1.12008236e-10,0.0,0.0,0.0,0.0,-3337159.5,1.4173414e-10,1.2048601e-10,6.231704e-11,1.1505894e-12,-1.3984743e-10,-1e-45,-0.0058605,-0.0058605,-1e-45,-1e-45,-0.0058605,-0.0058605,-1e-45,0.0,0.0,0.004366535,0.004366535,0.0,0.0,0.004366535,0.004366535,0.0,0.0,0.0,0.0,0.004366535,0.004366535,0.004366535,0.004366535,Uniaxial,0.815500020980835
1.3483782208045028e-28,127053.828125,1612.1409912109375,0.0,0.9087399840354919,0.0,-0.0058425,0.004362935,0.004362935,6.6756784e-20,-4.0234065e-20,-1.6204799e-19,-0.004858648,0.004166165,0.004166165,6.262041e-20,-3.9474884e-20,-6.1392886e-20,819300.44,-819300.44,-819300.44,819300.44,819300.44,-819300.44,-819300.44,819300.44,3.4459872e-11,5.2876075e-11,0.0,0.0,-1.1311908e-10,-9.470288e-11,0.0,0.0,1.4910398e-11,-1.1621831e-12,-1.1764965e-10,-1.01577066e-10,0.0,0.0,0.0,0.0,-3277201.8,1.2048601e-10,2.0547851e-10,5.7409255e-12,-1.0536749e-12,-1.3970047e-10,1e-45,-0.0058425,-0.0058425,1e-45,1e-45,-0.0058425,-0.0058425,1e-45,-0.0,-0.0,0.004362935,0.004362935,-0.0,-0.0,0.004362935,0.004362935,-0.0,-0.0,-0.0,-0.0,0.004362935,0.004362935,0.004362935,0.004362935,Uniaxial,0.8174999952316284
1.752891638897605e-28,126995.375,1553.6910400390625,0.0,0.9087399840354919,0.0,-0.0058245,0.004359335,0.004359335,7.9779916e-20,-7.9726976e-20,-1.5198947e-19,-0.004858648,0.004166165,0.004166165,6.262041e-20,-3.9474884e-20,-6.1392886e-20,804311.0,-804311.0,-804311.0,804311.0,804311.0,-804311.0,-804311.0,804311.0,4.031665e-11,8.331608e-11,0.0,0.0,-6.9190646e-11,-2.6191216e-11,0.0,0.0,1.12186475e-10,6.870754e-11,-8.743698e-11,-4.395805e-11,0.0,0.0,0.0,0.0,-3217244.0,-2.8250865e-11,-4.9498988e-11,2.3815892e-11,-5.586638e-11,-1.2574014e-10,0.0,-0.0058245,-0.0058245,-0.0,0.0,-0.0058245,-0.0058245,-0.0,0.0,0.0,0.004359335,0.004359335,-0.0,-0.0,0.004359335,0.004359335,-0.0,-0.0,0.0,-0.0,0.004359335,0.004359335,0.004359335,0.004359335,Uniaxial,0.8195000290870667
2.764175304500982e-28,126938.0078125,1496.3203125,0.0,0.9087399840354919,0.0,-0.0058065,0.004355735,0.004355735,1.2562557e-19,-6.702148e-20,-1.7168299e-19,-0.004858648,0.004166165,0.004166165,6.262041e-20,-3.9474884e-20,-6.1392886e-20,789321.5,-789321.5,-789321.5,789321.5,789321.5,-789321.5,-789321.5,789321.5,9.42061e-11,1.6902041e-10,0.0,0.0,-9.115061e-11,-1.6336293e-11,0.0,0.0,1.1461117e-10,6.4403545e-11,-8.9861674e-11,-3.9654054e-11,0.0,0.0,0.0,0.0,-3157286.0,-1.5573962e-10,-4.9498988e-11,8.7445655e-11,-3.8232265e-11,-1.5307301e-10,-1e-45,-0.0058065,-0.0058065,-1e-45,-1e-45,-0.0058065,-0.0058065,-1e-45,-0.0,-0.0,0.004355735,0.004355735,0.0,0.0,0.004355735,0.004355735,0.0,0.0,0.0,0.0,0.004355735,0.004355735,0.004355735,0.004355735,Uniaxial,0.8215000033378601
1.6517633445596402e-28,126881.7109375,1440.0286865234375,0.0,0.9087399840354919,0.0,-0.0057885,0.004352135,0.004352135,1.1366123e-19,-1.02596866e-19,-1.8502376e-19,-0.004858648,0.004166165,0.004166165,6.262041e-20,-3.9474884e-20,-6.1392886e-20,774332.06,-774332.06,-774332.06,774332.06,774332.06,-774332.06,-774332.06,774332.06,2.1235463e-11,1.0329279e-10,0.0,0.0,-1.4228767e-10,-6.023034e-11,0.0,0.0,7.354201e-11,-1.3533684e-12,-1.3378501e-10,-5.8889636e-11,0.0,0.0,0.0,0.0,-3097328.2,7.798976e-11,1.2048601e-10,7.0840195e-11,-8.760779e-11,-1.7158884e-10,1e-45,-0.0057885,-0.0057885,1e-45,1e-45,-0.0057885,-0.0057885,1e-45,0.0,0.0,0.004352135,0.004352135,0.0,0.0,0.004352135,0.004352135,-0.0,0.0,0.0,0.0,0.004352135,0.004352135,0.004352135,0.004352135,Uniaxial,0.8234999775886536
1.8877294850521796e-28,126826.5,1384.81640625,0.0,0.9087399840354919,0.0,-0.0057705,0.004348535,0.004348535,1.4743667e-19,-8.92561e-20,-1.533659e-19,-0.004858648,0.004166165,0.004166165,6.262041e-20,-3.9474884e-20,-6.1392886e-20,759342.6,-759342.6,-759342.6,759342.6,759342.6,-759342.6,-759342.6,759342.6,-3.5801487e-11,6.9694514e-11,0.0,0.0,-1.618097e-10,-5.6313704e-11,0.0,0.0,7.347421e-11,7.836745e-12,-1.3371722e-10,-6.807975e-11,0.0,0.0,0.0,0.0,-3037370.5,1.8423038e-10,1.2048601e-10,1.1771754e-10,-6.909197e-11,-1.276505e-10,-1e-45,-0.0057705,-0.0057705,-1e-45,-1e-45,-0.0057705,-0.0057705,-1e-45,-0.0,-0.0,0.004348535,0.004348535,-0.0,-0.0,0.004348535,0.004348535,0.0,-0.0,-0.0,-0.0,0.004348535,0.004348535,0.004348535,0.004348535,Uniaxial,0.8255000114440918
1.5169254984050656e-28,126772.3671875,1330.683349609375,0.0,0.9087399840354919,0.0,-0.0057525,0.004344935,0.004344935,1.3420178e-19,-8.396214e-20,-1.4955425e-19,-0.004858648,0.004166165,0.004166165,6.262041e-20,-3.9474884e-20,-6.1392886e-20,744353.2,-744353.2,-744353.2,744353.2,744353.2,-744353.2,-744353.2,744353.2,1.8127643e-11,1.2998495e-10,0.0,0.0,-1.0523546e-10,6.6218515e-12,0.0,0.0,1.185134e-10,5.6549706e-11,-5.1267657e-11,1.0696039e-11,0.0,0.0,0.0,0.0,-2977412.8,-4.9498988e-11,-1.3449149e-10,9.934868e-11,-6.1744415e-11,-1.2236026e-10,0.0,-0.0057525,-0.0057525,1e-45,0.0,-0.0057525,-0.0057525,1e-45,-0.0,-0.0,0.004344935,0.004344935,-0.0,-0.0,0.004344935,0.004344935,-0.0,-0.0,-0.0,-0.0,0.004344935,0.004344935,0.004344935,0.004344935,Uniaxial,0.8274999856948853
2.663046889792396e-28,126719.3125,1277.629638671875,0.0,0.9087399840354919,0.0,-0.0057345,0.004341335,0.004341335,1.6988305e-19,-8.375038e-20,-1.615186e-19,-0.004858648,0.004166165,0.004166165,6.262041e-20,-3.9474884e-20,-6.1392886e-20,729363.7,-729363.7,-729363.7,729363.7,729363.7,-729363.7,-729363.7,729363.7,1.5210421e-11,1.5182897e-10,0.0,0.0,-1.1645541e-10,2.0163137e-11,0.0,0.0,1.3243465e-10,5.5072162e-11,-1.0768515e-10,-3.0322668e-11,0.0,0.0,0.0,0.0,-2917454.8,-7.0747116e-11,-4.9498988e-11,1.4887115e-10,-6.145052e-11,-1.3896573e-10,-0.0,-0.0057345,-0.0057345,-1e-45,-0.0,-0.0057345,-0.0057345,-1e-45,0.0,0.0,0.004341335,0.004341335,0.0,0.0,0.004341335,0.004341335,0.0,0.0,0.0,0.0,0.004341335,0.004341335,0.004341335,0.004341335,Uniaxial,0.8295000195503235
2.2922430235159034e-28,126667.3359375,1225.655029296875,0.0,0.9087399840354919,0.0,-0.0057165,0.004337735,0.004337735,1.5760107e-19,-1.2451384e-19,-1.6225975e-19,-0.004858648,0.004166165,0.004166165,6.262041e-20,-3.9474884e-20,-6.1392886e-20,714374.25,-714374.25,-714374.25,714374.25,714374.25,-714374.25,-714374.25,714374.25,1.44171316e-11,1.4251253e-10,0.0,0.0,-1.1776302e-10,1.03323634e-11,0.0,0.0,1.3906297e-10,3.3412426e-11,-1.14313475e-10,-8.6629315e-12,0.0,0.0,0.0,0.0,-2857497.0,-4.9498988e-11,-4.9498988e-11,1.3182484e-10,-1.1802663e-10,-1.3999438e-10,-1e-45,-0.0057165,-0.0057165,-1e-45,-1e-45,-0.0057165,-0.0057165,-0.0,0.0,0.0,0.004337735,0.004337735,0.0,0.0,0.004337735,0.004337735,-0.0,-0.0,-0.0,-0.0,0.004337735,0.004337735,0.004337735,0.004337735,Uniaxial,0.8314999938011169
1.5169254984050656e-28,126616.4453125,1174.7596435546875,0.0,0.9087399840354919,0.0,-0.0056985,0.004334135,0.004334135,1.5103656e-19,-1.1244362e-19,-1.5156596e-19,-0.004858648,0.004166165,0.004166165,6.262041e-20,-3.9474884e-20,-6.1392886e-20,699384.8,-699384.8,-699384.8,699384.8,699384.8,-699384.8,-699384.8,699384.8,-2.4199857e-11,9.934005e-11,0.0,0.0,-1.48959e-10,-2.5419084e-11,0.0,0.0,6.53495e-11,-1.6379103e-11,-1.255925e-10,-4.38639e-11,0.0,0.0,0.0,0.0,-2797539.2,9.923788e-11,1.2048601e-10,1.2271388e-10,-1.01274225e-10,-1.2515233e-10,1e-45,-0.0056985,-0.0056985,1e-45,1e-45,-0.0056985,-0.0056985,1e-45,0.0,0.0,0.004334135,0.004334135,0.0,0.0,0.004334135,0.004334135,0.0,-0.0,-0.0,0.0,0.004334135,0.004334135,0.004334135,0.004334135,Uniaxial,0.8335000276565552
2.663046889792396e-28,126566.625,1124.943603515625,0.0,0.9087399840354919,0.0,-0.0056805,0.004330535,0.004330535,1.5146008e-19,-6.511566e-20,-1.4055453e-19,-0.004858648,0.004166165,0.004166165,6.262041e-20,-3.9474884e-20,-6.1392886e-20,684395.4,-684395.4,-684395.4,684395.4,684395.4,-684395.4,-684395.4,684395.4,9.016684e-12,1.328505e-10,0.0,0.0,-1.08101e-10,1.5732811e-11,0.0,0.0,1.1869473e-10,5.4263934e-11,-9.394524e-11,-2.9514436e-11,0.0,0.0,0.0,0.0,-2737581.5,-4.9498988e-11,-4.9498988e-11,1.2330169e-10,-3.5587148e-11,-1.0986943e-10,-1e-45,-0.0056805,-0.0056805,-1e-45,-1e-45,-0.0056805,-0.0056805,-1e-45,-0.0,-0.0,0.004330535,0.004330535,-0.0,-0.0,0.004330535,0.004330535,-0.0,-0.0,-0.0,-0.0,0.004330535,0.004330535,0.004330535,0.004330535,Uniaxial,0.8355000019073486
2.2922430235159034e-28,126517.890625,1076.206787109375,0.0,0.9087399840354919,0.0,-0.0056625,0.0043269354,0.0043269354,1.5294239e-19,-1.1900813e-19,-1.5971865e-19,-0.004858648,0.004166165,0.004166165,6.262041e-20,-3.9474884e-20,-6.1392886e-20,669405.9,-669405.9,-669405.9,669405.9,669405.9,-669405.9,-669405.9,669405.9,2.5775949e-11,1.5063842e-10,0.0,0.0,-1.046408e-10,2.022167e-11,0.0,0.0,1.5751903e-10,5.5689207e-11,-9.027328e-11,1.1556536e-11,0.0,0.0,0.0,0.0,-2677623.5,-9.199524e-11,-1.3449149e-10,1.25359e-10,-1.1038518e-10,-1.3646756e-10,0.0,-0.0056625,-0.0056625,0.0,1e-45,-0.0056625,-0.0056625,1e-45,0.0,0.0,0.0043269354,0.0043269354,0.0,0.0,0.0043269354,0.0043269354,-0.0,0.0,0.0,0.0,0.0043269354,0.0043269354,0.0043269354,0.0043269354,Uniaxial,0.8374999761581421
2.1236957459153405e-28,126470.234375,1028.5491943359375,0.0,0.9087399840354919,0.0,-0.0056445,0.0043233354,0.0043233354,1.5251887e-19,-1.1149071e-19,-1.5273063e-19,-0.004858648,0.004166165,0.004166165,6.262041e-20,-3.9474884e-20,-6.1392886e-20,654416.44,-654416.44,-654416.44,654416.44,654416.44,-654416.44,-654416.44,654416.44,2.841989e-11,1.3744271e-10,0.0,0.0,-1.1269322e-10,-3.6703943e-12,0.0,0.0,1.2346496e-10,2.6851901e-11,-9.8715466e-11,-2.102406e-12,0.0,0.0,0.0,0.0,-2617665.8,-4.9498988e-11,-4.9498988e-11,1.247712e-10,-9.9951665e-11,-1.2676879e-10,-0.0,-0.0056445,-0.0056445,-0.0,-1e-45,-0.0056445,-0.0056445,-1e-45,0.0,0.0,0.0043233354,0.0043233354,0.0,0.0,0.0043233354,0.0043233354,0.0,0.0,-0.0,0.0,0.0043233354,0.0043233354,0.0043233354,0.0043233354,Uniaxial,0.8395000100135803
2.1236957459153405e-28,126423.65625,981.9708251953125,0.0,0.9087399840354919,0.0,-0.0056265,0.0043197353,0.0043197353,1.1154365e-19,-1.0778494e-19,-1.8237678e-19,-0.004858648,0.004166165,0.004166165,6.262041e-20,-3.9474884e-20,-6.1392886e-20,639427.0,-639427.0,-639427.0,639427.0,639427.0,-639427.0,-639427.0,639427.0,3.4527027e-11,1.1511484e-10,0.0,0.0,-1.11613475e-10,-3.1025658e-11,0.0,0.0,1.1899046e-10,2.4949034e-11,-1.367372e-10,-4.2695788e-11,0.0,0.0,0.0,0.0,-2557708.0,-7.0027404e-12,3.5493507e-11,6.790118e-11,-9.480838e-11,-1.6791506e-10,-0.0,-0.0056265,-0.0056265,0.0,-0.0,-0.0056265,-0.0056265,0.0,-0.0,0.0,0.0043197353,0.0043197353,-0.0,0.0,0.0043197353,0.0043197353,-0.0,-0.0,0.0,0.0,0.0043197353,0.0043197353,0.0043197353,0.0043197353,Uniaxial,0.8414999842643738
2.764175304500982e-28,126378.15625,936.4716796875,0.0,0.9087399840354919,0.0,-0.0056085,0.0043161353,0.0043161353,1.2361387e-19,-1.05243844e-19,-1.8640019e-19,-0.004858648,0.004166165,0.004166165,6.262041e-20,-3.9474884e-20,-6.1392886e-20,624437.5,-624437.5,-624437.5,624437.5,624437.5,-624437.5,-624437.5,624437.5,4.689035e-11,1.2030862e-10,0.0,0.0,-1.4867944e-10,-7.5261165e-11,0.0,0.0,1.1173191e-10,3.4999646e-11,-1.2947866e-10,-5.27464e-11,0.0,0.0,0.0,0.0,-2497750.0,5.6741632e-11,3.5493507e-11,8.465359e-11,-9.128156e-11,-1.734992e-10,1e-45,-0.0056085,-0.0056085,1e-45,1e-45,-0.0056085,-0.0056085,1e-45,0.0,0.0,0.0043161353,0.0043161353,0.0,-0.0,0.0043161353,0.0043161353,0.0,0.0,0.0,-0.0,0.0043161353,0.0043161353,0.0043161353,0.0043161353,Uniaxial,0.843500018119812
2.1236957459153405e-28,126333.734375,892.0518188476562,0.0,0.9087399840354919,0.0,-0.0055905,0.0043125353,0.0043125353,8.983843e-20,-6.638621e-20,-1.6268327e-19,-0.004858648,0.004166165,0.004166165,6.262041e-20,-3.9474884e-20,-6.1392886e-20,609448.06,-609448.06,-609448.06,609448.06,609448.06,-609448.06,-609448.06,609448.06,3.7685886e-11,1.0321123e-10,0.0,0.0,-1.1033392e-10,-4.4808577e-11,0.0,0.0,9.001991e-11,2.47074e-11,-1.07766664e-10,-4.2454155e-11,0.0,0.0,0.0,0.0,-2437792.2,1.4245384e-11,3.5493507e-11,3.7776234e-11,-3.735056e-11,-1.4058218e-10,-0.0,-0.0055905,-0.0055905,0.0,-0.0,-0.0055905,-0.0055905,-0.0,-0.0,0.0,0.0043125353,0.0043125353,-0.0,-0.0,0.0043125353,0.0043125353,-0.0,-0.0,-0.0,-0.0,0.0043125353,0.0043125353,0.0043125353,0.0043125353,Uniaxial,0.8454999923706055
2.1236957459153405e-28,126290.3984375,848.711181640625,0.0,0.9087399840354919,0.0,-0.0055725,0.0043089353,0.0043089353,1.4362502e-19,-1.201728e-19,-1.7189475e-19,-0.004858648,0.004166165,0.004166165,6.262041e-20,-3.9474884e-20,-6.1392886e-20,594458.6,-594458.6,-594458.6,594458.6,594458.6,-594458.6,-594458.6,594458.6,3.038252e-11,1.3323341e-10,0.0,0.0,-1.0848391e-10,-5.6330236e-12,0.0,0.0,1.4089986e-10,3.8261807e-11,-1.1615036e-10,-1.3512313e-11,0.0,0.0,0.0,0.0,-2377834.5,-4.9498988e-11,-4.9498988e-11,1.1242732e-10,-1.12001644e-10,-1.5336692e-10,-1e-45,-0.0055725,-0.0055725,-1e-45,-1e-45,-0.0055725,-0.0055725,-1e-45,0.0,-0.0,0.0043089353,0.0043089353,0.0,0.0,0.0043089353,0.0043089353,-0.0,0.0,0.0,-0.0,0.0043089353,0.0043089353,0.0043089353,0.0043089353,Uniaxial,0.8475000262260437
2.764175304500982e-28,126248.1328125,806.4497680664062,0.0,0.9087399840354919,0.0,-0.0055545,0.004305335,0.004305335,1.3631936e-19,-1.1297302e-19,-1.842826e-19,-0.004858648,0.004166165,0.004166165,6.262041e-20,-3.9474884e-20,-6.1392886e-20,579469.2,-579469.2,-579469.2,579469.2,579469.2,-579469.2,-579469.2,579469.2,5.237113e-11,1.3460646e-10,0.0,0.0,-1.4172916e-10,-5.949382e-11,0.0,0.0,1.1367901e-10,3.1583035e-11,-1.3142576e-10,-4.932979e-11,0.0,0.0,0.0,0.0,-2317876.8,1.4245384e-11,3.5493507e-11,1.022877e-10,-1.0200898e-10,-1.7056018e-10,1e-45,-0.0055545,-0.0055545,1e-45,1e-45,-0.0055545,-0.0055545,1e-45,-0.0,0.0,0.004305335,0.004305335,-0.0,0.0,0.004305335,0.004305335,0.0,-0.0,-0.0,0.0,0.004305335,0.004305335,0.004305335,0.004305335,Uniaxial,0.8495000004768372
2.764175304500982e-28,126206.953125,765.267578125,0.0,0.9087399840354919,0.0,-0.0055365,0.004301735,0.004301735,8.877964e-20,-6.638621e-20,-1.6363618e-19,-0.004858648,0.004166165,0.004166165,6.262041e-20,-3.9474884e-20,-6.1392886e-20,564479.7,-564479.7,-564479.7,564479.7,564479.7,-564479.7,-564479.7,564479.7,8.295064e-11,1.3219549e-10,0.0,0.0,-9.682193e-11,-4.757708e-11,0.0,0.0,1.11598675e-10,6.183191e-11,-8.6849174e-11,-3.708241e-11,0.0,0.0,0.0,0.0,-2257918.8,-7.0747116e-11,-4.9498988e-11,3.6306725e-11,-3.735056e-11,-1.4190474e-10,-1e-45,-0.0055365,-0.0055365,-1e-45,-1e-45,-0.0055365,-0.0055365,-1e-45,-0.0,-0.0,0.004301735,0.004301735,-0.0,-0.0,0.004301735,0.004301735,-0.0,-0.0,-0.0,-0.0,0.004301735,0.004301735,0.004301735,0.004301735,Uniaxial,0.8514999747276306
2.764175304500982e-28,126166.8515625,725.1646728515625,0.0,0.9087399840354919,0.0,-0.0055185,0.004298135,0.004298135,1.0084986e-19,-7.782115e-20,-2.3637513e-19,-0.004858648,0.004166165,0.004166165,6.262041e-20,-3.9474884e-20,-6.1392886e-20,549490.25,-549490.25,-549490.25,549490.25,549490.25,-549490.25,-549490.25,549490.25,7.2519525e-11,1.3014058e-10,0.0,0.0,-1.2663921e-10,-6.901816e-11,0.0,0.0,1.3510279e-10,7.7400676e-11,-1.5284955e-10,-9.514743e-11,0.0,0.0,0.0,0.0,-2197961.0,-7.0027404e-12,3.5493507e-11,5.3059133e-11,-5.3221264e-11,-2.4286004e-10,1e-45,-0.0055185,-0.0055185,1e-45,1e-45,-0.0055185,-0.0055185,1e-45,0.0,0.0,0.004298135,0.004298135,0.0,0.0,0.004298135,0.004298135,0.0,0.0,0.0,0.0,0.004298135,0.004298135,0.004298135,0.004298135,Uniaxial,0.8535000085830688
2.764175304500982e-28,126127.828125,686.1409912109375,0.0,0.9087399840354919,0.0,-0.0055005,0.004294535,0.004294535,1.0794376e-19,-8.3644504e-20,-2.015409e-19,-0.004858648,0.004166165,0.004166165,6.262041e-20,-3.9474884e-20,-6.1392886e-20,534500.8,-534500.8,-534500.8,534500.8,534500.8,-534500.8,-534500.8,534500.8,6.2893066e-11,1.2543697e-10,0.0,0.0,-1.4318373e-10,-8.0639814e-11,0.0,0.0,1.3073903e-10,6.899577e-11,-1.0598954e-10,-4.424627e-11,0.0,0.0,0.0,0.0,-2138003.2,3.5493507e-11,-4.9498988e-11,6.290485e-11,-6.1303566e-11,-1.9451318e-10,-0.0,-0.0055005,-0.0055005,-0.0,-0.0,-0.0055005,-0.0055005,-0.0,0.0,0.0,0.004294535,0.004294535,-0.0,-0.0,0.004294535,0.004294535,0.0,0.0,-0.0,-0.0,0.004294535,0.004294535,0.004294535,0.004294535,Uniaxial,0.8554999828338623
2.224824160623927e-28,126089.8828125,648.196533203125,0.0,0.9087399840354919,0.0,-0.0054825,0.004290935,0.004290935,1.0815552e-19,-8.544445e-20,-1.9370585e-19,-0.004858648,0.004166165,0.004166165,6.262041e-20,-3.9474884e-20,-6.1392886e-20,519511.34,-519511.34,-519511.34,519511.34,519511.34,-519511.34,-519511.34,519511.34,6.541303e-11,1.2810389e-10,0.0,0.0,-1.3522658e-10,-7.253572e-11,0.0,0.0,7.060299e-11,7.6106395e-12,-1.30846e-10,-6.7853646e-11,0.0,0.0,0.0,0.0,-2078045.4,1.4245384e-11,1.2048601e-10,6.3198745e-11,-6.3801735e-11,-1.8363881e-10,-1e-45,-0.0054825,-0.0054825,-1e-45,-1e-45,-0.0054825,-0.0054825,-1e-45,-0.0,-0.0,0.004290935,0.004290935,-0.0,-0.0,0.004290935,0.004290935,0.0,0.0,0.0,0.0,0.004290935,0.004290935,0.004290935,0.004290935,Uniaxial,0.8575000166893005
2.460790301116466e-28,126053.015625,611.3313598632812,0.0,0.9087399840354919,0.0,-0.0054645,0.004287335,0.004287335,1.0794376e-19,-8.41739e-20,-1.9529403e-19,-0.004858648,0.004166165,0.004166165,6.262041e-20,-3.9474884e-20,-6.1392886e-20,504521.88,-504521.88,-504521.88,504521.88,504521.88,-504521.88,-504521.88,504521.88,2.1861181e-11,9.995083e-11,0.0,0.0,-1.1769759e-10,-3.9607935e-11,0.0,0.0,1.4430093e-10,8.219029e-11,-1.1955144e-10,-5.74408e-11,0.0,0.0,0.0,0.0,-2018087.5,3.5493507e-11,-4.9498988e-11,6.290485e-11,-6.203832e-11,-1.8584308e-10,-0.0,-0.0054645,-0.0054645,-0.0,-0.0,-0.0054645,-0.0054645,-0.0,0.0,0.0,0.004287335,0.004287335,-0.0,-0.0,0.004287335,0.004287335,-0.0,-0.0,0.0,0.0,0.004287335,0.004287335,0.004287335,0.004287335,Uniaxial,0.859499990940094
1.4157970836964793e-28,126017.2265625,575.54541015625,0.0,0.9087399840354919,0.0,-0.0054465,0.004283735,0.004283735,1.4817783e-19,-8.438566e-20,-1.7443585e-19,-0.004858648,0.004166165,0.004166165,6.262041e-20,-3.9474884e-20,-6.1392886e-20,489532.44,-489532.44,-489532.44,489532.44,489532.44,-489532.44,-489532.44,489532.44,3.1243458e-12,9.3588935e-11,0.0,0.0,-1.2195975e-10,-3.1495164e-11,0.0,0.0,1.2159133e-10,5.933374e-11,-9.684184e-11,-3.4584245e-11,0.0,0.0,0.0,0.0,-1958129.8,5.6741632e-11,-4.9498988e-11,1.1874621e-10,-6.233222e-11,-1.5689373e-10,-1e-45,-0.0054465,-0.0054465,-1e-45,-1e-45,-0.0054465,-0.0054465,-1e-45,-0.0,-0.0,0.004283735,0.004283735,0.0,0.0,0.004283735,0.004283735,0.0,0.0,-0.0,-0.0,0.004283735,0.004283735,0.004283735,0.004283735,Uniaxial,0.8615000247955322
3.370945552011257e-28,125982.5234375,540.8386840820312,0.0,0.9087399840354919,0.0,-0.0054285,0.004280135,0.004280135,9.4179476e-20,-8.533857e-20,-1.513542e-19,-0.004858648,0.004166165,0.004166165,6.262041e-20,-3.9474884e-20,-6.1392886e-20,474542.97,-474542.97,-474542.97,474542.97,474542.97,-474542.97,-474542.97,474542.97,5.5957662e-11,1.244955e-10,0.0,0.0,-9.974601e-11,-3.1208168e-11,0.0,0.0,1.0821077e-10,4.5291892e-11,-1.2595752e-10,-6.3038644e-11,0.0,0.0,0.0,0.0,-1898171.9,-4.9498988e-11,3.5493507e-11,4.3801223e-11,-6.365478e-11,-1.2485843e-10,1e-45,-0.0054285,-0.0054285,1e-45,1e-45,-0.0054285,-0.0054285,1e-45,-0.0,0.0,0.004280135,0.004280135,-0.0,0.0,0.004280135,0.004280135,0.0,0.0,0.0,0.0,0.004280135,0.004280135,0.004280135,0.004280135,Uniaxial,0.8634999990463257
1.9551484683147777e-28,125948.8984375,507.2112121582031,0.0,0.9087399840354919,0.0,-0.0054105,0.004276535,0.004276535,1.417192e-19,-8.290335e-20,-1.7178887e-19,-0.004858648,0.004166165,0.004166165,6.262041e-20,-3.9474884e-20,-6.1392886e-20,459553.53,-459553.53,-459553.53,459553.53,459553.53,-459553.53,-459553.53,459553.53,3.061671e-11,1.165993e-10,0.0,0.0,-1.2372199e-10,-3.7739402e-11,0.0,0.0,7.7662314e-11,1.6433375e-11,-1.3790531e-10,-7.667638e-11,0.0,0.0,0.0,0.0,-1838214.1,1.4245384e-11,1.2048601e-10,1.097822e-10,-6.027491e-11,-1.5321996e-10,0.0,-0.0054105,-0.0054105,-0.0,0.0,-0.0054105,-0.0054105,-0.0,0.0,-0.0,0.004276535,0.004276535,0.0,0.0,0.004276535,0.004276535,-0.0,-0.0,0.0,0.0,0.004276535,0.004276535,0.004276535,0.004276535,Uniaxial,0.8654999732971191
2.7304659934256154e-28,125916.3515625,474.6629943847656,0.0,0.9087399840354919,0.0,-0.0053925,0.004272935,0.004272935,9.460299e-20,-8.385626e-20,-2.2748129e-19,-0.004858648,0.004166165,0.004166165,6.262041e-20,-3.9474884e-20,-6.1392886e-20,444564.06,-444564.06,-444564.06,444564.06,444564.06,-444564.06,-444564.06,444564.06,9.777089e-11,1.5105689e-10,0.0,0.0,-1.263074e-10,-7.3021394e-11,0.0,0.0,1.3204038e-10,8.569591e-11,-1.0729089e-10,-6.0946415e-11,0.0,0.0,0.0,0.0,-1778256.2,-4.9498988e-11,-4.9498988e-11,4.4389027e-11,-6.159747e-11,-2.3051616e-10,-1e-45,-0.0053925,-0.0053925,-0.0,-1e-45,-0.0053925,-0.0053925,-0.0,-0.0,0.0,0.004272935,0.004272935,-0.0,0.0,0.004272935,0.004272935,-0.0,-0.0,0.0,0.0,0.004272935,0.004272935,0.004272935,0.004272935,Uniaxial,0.8675000071525574
2.629337578717029e-28,125884.875,443.1940002441406,0.0,0.9087399840354919,0.0,-0.0053745,0.004269335,0.004269335,1.0169689e-19,-4.3939834e-20,-1.7814162e-19,-0.004858648,0.004166165,0.004166165,6.262041e-20,-3.9474884e-20,-6.1392886e-20,429574.62,-429574.62,-429574.62,429574.62,429574.62,-429574.62,-429574.62,429574.62,6.756561e-11,1.1022872e-10,0.0,0.0,-1.06727356e-10,-6.406424e-11,0.0,0.0,9.821928e-11,7.9575055e-11,-9.471791e-11,-7.607369e-11,0.0,0.0,0.0,0.0,-1718298.5,-7.0027404e-12,-7.0027404e-12,5.4234738e-11,-6.1969583e-12,-1.6203702e-10,0.0,-0.0053745,-0.0053745,-0.0,0.0,-0.0053745,-0.0053745,-0.0,0.0,0.0,0.004269335,0.004269335,-0.0,-0.0,0.004269335,0.004269335,0.0,0.0,-0.0,-0.0,0.004269335,0.004269335,0.004269335,0.004269335,Uniaxial,0.8694999814033508
2.2585334716992936e-28,125854.4921875,412.8042297363281,0.0,0.9087399840354919,0.0,-0.0053565,0.0042657354,0.0042657354,6.760382e-20,-5.643357e-20,-2.1382288e-19,-0.004858648,0.004166165,0.004166165,6.262041e-20,-3.9474884e-20,-6.1392886e-20,414585.16,-414585.16,-414585.16,414585.16,414585.16,-414585.16,-414585.16,414585.16,7.6034866e-11,9.503887e-11,0.0,0.0,-1.0747359e-10,-8.8469586e-11,0.0,0.0,1.1493495e-10,8.762062e-11,-1.1143358e-10,-8.411925e-11,0.0,0.0,0.0,0.0,-1658340.6,2.4869447e-11,-7.0027404e-12,6.916533e-12,-2.353717e-11,-2.1155949e-10,-0.0,-0.0053565,-0.0053565,-0.0,0.0,-0.0053565,-0.0053565,0.0,-0.0,-0.0,0.0042657354,0.0042657354,-0.0,0.0,0.0042657354,0.0042657354,-0.0,-0.0,0.0,0.0,0.0042657354,0.0042657354,0.0042657354,0.0042657354,Uniaxial,0.8715000152587891
2.1574050569907072e-28,125825.1796875,383.4937438964844,0.0,0.9087399840354919,0.0,-0.0053385,0.0042621354,0.0042621354,7.9674037e-20,-6.3209834e-20,-2.1996387e-19,-0.004858648,0.004166165,0.004166165,6.262041e-20,-3.9474884e-20,-6.1392886e-20,399595.7,-399595.7,-399595.7,399595.7,399595.7,-399595.7,-399595.7,399595.7,1.081154e-10,1.1994987e-10,0.0,0.0,-9.5200375e-11,-8.3365904e-11,0.0,0.0,1.1164408e-10,7.9627326e-11,-1.0814271e-10,-7.612595e-11,0.0,0.0,0.0,0.0,-1598382.8,-4.9498988e-11,-7.0027404e-12,2.3668942e-11,-3.294203e-11,-2.2008265e-10,1e-45,-0.0053385,-0.0053385,1e-45,1e-45,-0.0053385,-0.0053385,0.0,-0.0,-0.0,0.0042621354,0.0042621354,0.0,-0.0,0.0042621354,0.0042621354,0.0,0.0,-0.0,-0.0,0.0042621354,0.0042621354,0.0042621354,0.0042621354,Uniaxial,0.8734999895095825
2.5282091640084427e-28,125796.9453125,355.262451171875,0.0,0.9087399840354919,0.0,-0.0053205,0.0042585353,0.0042585353,4.547508e-20,-6.2045163e-20,-1.868237e-19,-0.004858648,0.004166165,0.004166165,6.262041e-20,-3.9474884e-20,-6.1392886e-20,384606.25,-384606.25,-384606.25,384606.25,384606.25,-384606.25,-384606.25,384606.25,1.00514735e-10,8.861662e-11,0.0,0.0,-7.980322e-11,-9.1701334e-11,0.0,0.0,1.0751393e-10,7.63054e-11,-1.04012556e-10,-7.280403e-11,0.0,0.0,0.0,0.0,-1538425.0,-1.7626803e-11,-7.0027404e-12,-2.3796217e-11,-3.132557e-11,-1.74087e-10,-1e-45,-0.0053205,-0.0053205,-1e-45,-1e-45,-0.0053205,-0.0053205,-1e-45,0.0,0.0,0.0042585353,0.0042585353,0.0,0.0,0.0042585353,0.0042585353,0.0,0.0,0.0,0.0,0.0042585353,0.0042585353,0.0042585353,0.0042585353,Uniaxial,0.8755000233650208
2.32595233459127e-28,125769.796875,328.1104431152344,0.0,0.9087399840354919,0.0,-0.0053025,0.0042549353,0.0042549353,5.743942e-20,-6.3103955e-20,-1.8332969e-19,-0.004858648,0.004166165,0.004166165,6.262041e-20,-3.9474884e-20,-6.1392886e-20,369616.78,-369616.78,-369616.78,369616.78,369616.78,-369616.78,-369616.78,369616.78,9.2495005e-11,8.889963e-11,0.0,0.0,-8.539826e-11,-8.899364e-11,0.0,0.0,9.112321e-11,7.472568e-11,-8.762185e-11,-7.1224304e-11,0.0,0.0,0.0,0.0,-1478467.1,-7.0027404e-12,-7.0027404e-12,-7.1907584e-12,-3.279508e-11,-1.6923762e-10,1e-45,-0.0053025,-0.0053025,1e-45,1e-45,-0.0053025,-0.0053025,1e-45,-0.0,-0.0,0.0042549353,0.0042549353,0.0,-0.0,0.0042549353,0.0042549353,-0.0,-0.0,0.0,0.0,0.0042549353,0.0042549353,0.0042549353,0.0042549353,Uniaxial,0.8774999976158142
2.4270807492998564e-28,125743.71875,302.03765869140625,0.0,0.9087399840354919,0.0,-0.0052845,0.0042513353,0.0042513353,6.379217e-20,-2.0011153e-20,-2.1604634e-19,-0.004858648,0.004166165,0.004166165,6.262041e-20,-3.9474884e-20,-6.1392886e-20,354627.34,-354627.34,-354627.34,354627.34,354627.34,-354627.34,-354627.34,354627.34,1.175788e-10,1.1839195e-10,0.0,0.0,-8.301839e-11,-8.220524e-11,0.0,0.0,1.0591985e-10,1.1942683e-10,-8.1170355e-11,-9.4677335e-11,0.0,0.0,0.0,0.0,-1418509.4,-7.0747116e-11,-4.9498988e-11,1.6262988e-12,2.7013957e-11,-2.1464547e-10,-1e-45,-0.0052845,-0.0052845,-1e-45,-1e-45,-0.0052845,-0.0052845,-1e-45,-0.0,-0.0,0.0042513353,0.0042513353,-0.0,-0.0,0.0042513353,0.0042513353,-0.0,-0.0,-0.0,-0.0,0.0042513353,0.0042513353,0.0042513353,0.0042513353,Uniaxial,0.8794999718666077
2.5282091640084427e-28,125718.7265625,277.0440979003906,0.0,0.9087399840354919,0.0,-0.0052665,0.0042477353,0.0042477353,6.336865e-20,-3.483423e-20,-2.0905832e-19,-0.004858648,0.004166165,0.004166165,6.262041e-20,-3.9474884e-20,-6.1392886e-20,339637.88,-339637.88,-339637.88,339637.88,339637.88,-339637.88,-339637.88,339637.88,9.936496e-11,9.988421e-11,0.0,0.0,-9.638284e-11,-9.5863595e-11,0.0,0.0,1.05787254e-10,9.3461926e-11,-1.0228588e-10,-8.996055e-11,0.0,0.0,0.0,0.0,-1358551.5,-7.0027404e-12,-7.0027404e-12,1.0384949e-12,6.4408236e-12,-2.049467e-10,1e-45,-0.0052665,-0.0052665,1e-45,1e-45,-0.0052665,-0.0052665,1e-45,0.0,0.0,0.0042477353,0.0042477353,0.0,0.0,0.0042477353,0.0042477353,0.0,0.0,0.0,0.0,0.0042477353,0.0042477353,0.0042477353,0.0042477353,Uniaxial,0.8815000057220459
2.2585334716992936e-28,125694.8125,253.12979125976562,0.0,0.9087399840354919,0.0,-0.0052485,0.004244135,0.004244135,6.283926e-20,-8.057401e-20,-1.7496524e-19,-0.004858648,0.004166165,0.004166165,6.262041e-20,-3.9474884e-20,-6.1392886e-20,324648.44,-324648.44,-324648.44,324648.44,324648.44,-324648.44,-324648.44,324648.44,7.197818e-11,8.76758e-11,0.0,0.0,-1.0011052e-10,-8.441291e-11,0.0,0.0,1.0205553e-10,5.7988798e-11,-9.8554165e-11,-5.4487425e-11,0.0,0.0,0.0,0.0,-1298593.8,2.4869447e-11,-7.0027404e-12,3.037402e-13,-5.704199e-11,-1.576285e-10,-1e-45,-0.0052485,-0.0052485,-1e-45,-1e-45,-0.0052485,-0.0052485,-1e-45,-0.0,-0.0,0.004244135,0.004244135,-0.0,-0.0,0.004244135,0.004244135,-0.0,-0.0,-0.0,-0.0,0.004244135,0.004244135,0.004244135,0.004244135,Uniaxial,0.8834999799728394
1.5843443612970422e-28,125671.9765625,230.2947235107422,0.0,0.9087399840354919,0.0,-0.0052305,0.004240535,0.004240535,1.0307332e-19,-6.7445e-20,-1.5008365e-19,-0.004858648,0.004166165,0.004166165,6.262041e-20,-3.9474884e-20,-6.1392886e-20,309658.97,-309658.97,-309658.97,309658.97,309658.97,-309658.97,-309658.97,309658.97,5.2235664e-11,9.585396e-11,0.0,0.0,-8.7040555e-11,-4.3422262e-11,0.0,0.0,8.109381e-11,4.6138038e-11,-7.7592446e-11,-4.2636665e-11,0.0,0.0,0.0,0.0,-1238635.9,-1.7626803e-11,-7.0027404e-12,5.6145102e-11,-3.882007e-11,-1.2309502e-10,0.0,-0.0052305,-0.0052305,0.0,-0.0,-0.0052305,-0.0052305,-0.0,0.0,-0.0,0.004240535,0.004240535,0.0,-0.0,0.004240535,0.004240535,0.0,-0.0,-0.0,0.0,0.004240535,0.004240535,0.004240535,0.004240535,Uniaxial,0.8855000138282776
1.752891638897605e-28,125650.2265625,208.5388946533203,0.0,0.9087399840354919,0.0,-0.0052125,0.004236935,0.004236935,8.983843e-20,-6.119813e-20,-1.6067156e-19,-0.004858648,0.004166165,0.004166165,6.262041e-20,-3.9474884e-20,-6.1392886e-20,294669.53,-294669.53,-294669.53,294669.53,294669.53,-294669.53,-294669.53,294669.53,7.073537e-11,8.962348e-11,0.0,0.0,-9.1434145e-11,-7.254603e-11,0.0,0.0,6.420313e-11,4.9128146e-11,-8.1949884e-11,-6.68749e-11,0.0,0.0,0.0,0.0,-1178678.1,3.621322e-12,3.5493507e-11,3.7776234e-11,-3.0149962e-11,-1.3779011e-10,1e-45,-0.0052125,-0.0052125,1e-45,1e-45,-0.0052125,-0.0052125,1e-45,-0.0,0.0,0.004236935,0.004236935,0.0,0.0,0.004236935,0.004236935,-0.0,-0.0,0.0,0.0,0.004236935,0.004236935,0.004236935,0.004236935,Uniaxial,0.887499988079071
1.752891638897605e-28,125629.546875,187.86231994628906,0.0,0.9087399840354919,0.0,-0.0051945,0.004233335,0.004233335,4.3992774e-20,-2.0011153e-20,-1.8396497e-19,-0.004858648,0.004166165,0.004166165,6.262041e-20,-3.9474884e-20,-6.1392886e-20,279680.06,-279680.06,-279680.06,279680.06,279680.06,-279680.06,-279680.06,279680.06,8.44914e-11,7.1564636e-11,0.0,0.0,-6.2751235e-11,-7.5678e-11,0.0,0.0,8.416425e-11,9.767123e-11,-8.0662886e-11,-9.416986e-11,0.0,0.0,0.0,0.0,-1118720.2,-1.7626803e-11,-7.0027404e-12,-2.585353e-11,2.7013957e-11,-1.7011932e-10,-1e-45,-0.0051945,-0.0051945,-1e-45,-1e-45,-0.0051945,-0.0051945,-1e-45,-0.0,0.0,0.004233335,0.004233335,-0.0,-0.0,0.004233335,0.004233335,-0.0,-0.0,-0.0,-0.0,0.004233335,0.004233335,0.004233335,0.004233335,Uniaxial,0.8895000219345093
1.752891638897605e-28,125609.953125,168.2649688720703,0.0,0.9087399840354919,0.0,-0.0051765,0.004229735,0.004229735,5.7015905e-20,-3.59989e-20,-1.75177e-19,-0.004858648,0.004166165,0.004166165,6.262041e-20,-3.9474884e-20,-6.1392886e-20,264690.6,-264690.6,-264690.6,264690.6,264690.6,-264690.6,-264690.6,264690.6,8.981315e-11,8.592387e-11,0.0,0.0,-8.24225e-11,-8.6311784e-11,0.0,0.0,7.1116675e-11,7.352886e-11,-6.761531e-11,-7.002749e-11,0.0,0.0,0.0,0.0,-1058762.4,-7.0027404e-12,-7.0027404e-12,-7.7785625e-12,4.824363e-12,-1.579224e-10,1e-45,-0.0051765,-0.0051765,0.0,1e-45,-0.0051765,-0.0051765,1e-45,0.0,-0.0,0.004229735,0.004229735,0.0,0.0,0.004229735,0.004229735,0.0,0.0,0.0,-0.0,0.004229735,0.004229735,0.004229735,0.004229735,Uniaxial,0.8914999961853027
1.752891638897605e-28,125591.4296875,149.7468719482422,0.0,0.9087399840354919,0.0,-0.0051585,0.004226135,0.004226135,6.3262773e-20,-3.959879e-20,-1.731653e-19,-0.004858648,0.004166165,0.004166165,6.262041e-20,-3.9474884e-20,-6.1392886e-20,249701.16,-249701.16,-249701.16,249701.16,249701.16,-249701.16,-249701.16,249701.16,6.343382e-11,6.387959e-11,0.0,0.0,-7.6314316e-11,-7.586854e-11,0.0,0.0,7.658942e-11,7.650344e-11,-9.433618e-11,-9.425019e-11,0.0,0.0,0.0,0.0,-998804.6,2.4869447e-11,3.5493507e-11,8.91544e-13,-1.7196922e-13,-1.5513033e-10,-1e-45,-0.0051585,-0.0051585,-1e-45,-1e-45,-0.0051585,-0.0051585,-1e-45,0.0,0.0,0.004226135,0.004226135,-0.0,-0.0,0.004226135,0.004226135,-0.0,-0.0,0.0,0.0,0.004226135,0.004226135,0.004226135,0.004226135,Uniaxial,0.8934999704360962
1.752891638897605e-28,125573.9921875,132.30799865722656,0.0,0.9087399840354919,0.0,-0.0051405,0.004222535,0.004222535,6.3051015e-20,-3.981055e-20,-1.7284766e-19,-0.004858648,0.004166165,0.004166165,6.262041e-20,-3.9474884e-20,-6.1392886e-20,234711.7,-234711.7,-234711.7,234711.7,234711.7,-234711.7,-234711.7,234711.7,7.8942824e-11,7.924165e-11,0.0,0.0,-9.167637e-11,-9.1377544e-11,0.0,0.0,7.163101e-11,7.139807e-11,-6.8129634e-11,-6.78967e-11,0.0,0.0,0.0,0.0,-938846.8,2.4869447e-11,-7.0027404e-12,5.976421e-13,-4.658711e-13,-1.5468947e-10,1e-45,-0.0051405,-0.0051405,1e-45,1e-45,-0.0051405,-0.0051405,1e-45,-0.0,-0.0,0.004222535,0.004222535,0.0,0.0,0.004222535,0.004222535,0.0,0.0,-0.0,-0.0,0.004222535,0.004222535,0.004222535,0.004222535,Uniaxial,0.8955000042915344
1.752891638897605e-28,125557.6328125,115.94837951660156,0.0,0.9087399840354919,0.0,-0.0051225,0.004218935,0.004218935,6.273338e-20,-4.065758e-20,-1.7348294e-19,-0.004858648,0.004166165,0.004166165,6.262041e-20,-3.9474884e-20,-6.1392886e-20,219722.23,-219722.23,-219722.23,219722.23,219722.23,-219722.23,-219722.23,219722.23,7.435178e-11,7.443018e-11,0.0,0.0,-6.5616776e-11,-6.553838e-11,0.0,0.0,8.769108e-11,8.687034e-11,-8.4189704e-11,-8.3368965e-11,0.0,0.0,0.0,0.0,-878888.94,-1.7626803e-11,-7.0027404e-12,1.5678924e-13,-1.6414787e-12,-1.5557118e-10,-1e-45,-0.0051225,-0.0051225,-1e-45,-1e-45,-0.0051225,-0.0051225,-1e-45,0.0,0.0,0.004218935,0.004218935,-0.0,-0.0,0.004218935,0.004218935,-0.0,-0.0,0.0,0.0,0.004218935,0.004218935,0.004218935,0.004218935,Uniaxial,0.8974999785423279
1.752891638897605e-28,125542.3515625,100.66799926757812,0.0,0.9087399840354919,0.0,-0.0051045,0.004215335,0.004215335,6.252162e-20,-3.8116483e-20,-1.7327118e-19,-0.004858648,0.004166165,0.004166165,6.262041e-20,-3.9474884e-20,-6.1392886e-20,204732.78,-204732.78,-204732.78,204732.78,204732.78,-204732.78,-204732.78,204732.78,9.255354e-11,9.2484985e-11,0.0,0.0,-7.8359555e-11,-7.842811e-11,0.0,0.0,7.6502187e-11,7.7444856e-11,-6.237675e-11,-6.3319426e-11,0.0,0.0,0.0,0.0,-818931.1,-2.8250865e-11,-2.8250865e-11,-1.3711267e-13,1.885344e-12,-1.5527728e-10,-0.0,-0.0051045,-0.0051045,-0.0,-0.0,-0.0051045,-0.0051045,-0.0,-0.0,-0.0,0.004215335,0.004215335,0.0,0.0,0.004215335,0.004215335,0.0,0.0,-0.0,-0.0,0.004215335,0.004215335,0.004215335,0.004215335,Uniaxial,0.8995000123977661
1.5843443612970422e-28,125549.859375,108.17328643798828,0.0,0.9087399840354919,0.0,-0.0051135,0.0042171353,0.0042171353,6.3156894e-20,-4.0234065e-20,-1.7443585e-19,-0.004858648,0.004166165,0.004166165,6.262041e-20,-3.9474884e-20,-6.1392886e-20,212227.52,-212227.52,-212227.52,212227.52,212227.52,-212227.52,-212227.52,212227.52,5.6138538e-11,7.2056576e-11,0.0,0.0,-8.44913e-11,-6.8573265e-11,0.0,0.0,7.7250706e-11,6.1178125e-11,-9.499746e-11,-7.892488e-11,0.0,0.0,0.0,0.0,-848910.06,2.4869447e-11,3.5493507e-11,7.44593e-13,-1.0536749e-12,-1.5689373e-10,-2.2484183e-32,-0.0051135,-0.0051135,-2.2484183e-32,-2.2484183e-32,-0.0051135,-0.0051135,-2.2484183e-32,0.0,0.0,0.0042171353,0.0042171353,-0.0,-0.0,0.0042171353,0.0042171353,-0.0,0.0,0.0,0.0,0.0042171353,0.0042171353,0.0042171353,0.0042171353,Uniaxial,0.9014999866485596
1.5843443612970422e-28,125565.6796875,123.9932861328125,0.0,0.9087399840354919,0.0,-0.0051315,0.0042207353,0.0042207353,1.03708596e-19,-8.0997526e-20,-1.7337706e-19,-0.004858648,0.004166165,0.004166165,6.262041e-20,-3.9474884e-20,-6.1392886e-20,227216.97,-227216.97,-227216.97,227216.97,227216.97,-227216.97,-227216.97,227216.97,6.009754e-11,1.0415669e-10,0.0,0.0,-9.534329e-11,-5.128414e-11,0.0,0.0,9.3878544e-11,4.9517907e-11,-9.037718e-11,-4.6016538e-11,0.0,0.0,0.0,0.0,-908867.9,-1.7626803e-11,-7.0027404e-12,5.7026807e-11,-5.762979e-11,-1.5542423e-10,-7.494727e-33,-0.0051315,-0.0051315,-7.494727e-33,-7.494727e-33,-0.0051315,-0.0051315,-7.494727e-33,-0.0,-0.0,0.0042207353,0.0042207353,0.0,-0.0,0.0042207353,0.0042207353,-0.0,-0.0,-0.0,-0.0,0.0042207353,0.0042207353,0.0042207353,0.0042207353,Uniaxial,0.9035000205039978
1.9214389164981679e-28,125582.578125,140.8925323486328,0.0,0.9087399840354919,0.0,-0.0051495,0.0042243353,0.0042243353,9.110898e-20,-6.755088e-20,-1.8396497e-19,-0.004858648,0.004166165,0.004166165,6.262041e-20,-3.9474884e-20,-6.1392886e-20,242206.42,-242206.42,-242206.42,242206.42,242206.42,-242206.42,-242206.42,242206.42,6.833828e-11,1.191996e-10,0.0,0.0,-9.4450094e-11,-4.3588785e-11,0.0,0.0,1.1128356e-10,7.625431e-11,-8.6534065e-11,-5.1504814e-11,0.0,0.0,0.0,0.0,-968825.7,-4.9498988e-11,-4.9498988e-11,3.9539646e-11,-3.896702e-11,-1.7011932e-10,1e-45,-0.0051495,-0.0051495,1e-45,1e-45,-0.0051495,-0.0051495,1e-45,-0.0,0.0,0.0042243353,0.0042243353,-0.0,0.0,0.0042243353,0.0042243353,0.0,-0.0,0.0,0.0,0.0042243353,0.0042243353,0.0042243353,0.0042243353,Uniaxial,0.9054999947547913
9.775742341573888e-29,125600.5546875,158.8710174560547,0.0,0.9087399840354919,0.0,-0.0051675,0.0042279353,0.0042279353,1.2456678e-19,-6.098637e-20,-1.6416557e-19,-0.004858648,0.004166165,0.004166165,6.262041e-20,-3.9474884e-20,-6.1392886e-20,257195.88,-257195.88,-257195.88,257195.88,257195.88,-257195.88,-257195.88,257195.88,2.3689394e-11,9.776895e-11,0.0,0.0,-9.426758e-11,-2.0188023e-11,0.0,0.0,7.596606e-11,6.103803e-11,-7.246469e-11,-5.753666e-11,0.0,0.0,0.0,0.0,-1028783.5,-7.0027404e-12,-7.0027404e-12,8.597614e-11,-2.9856062e-11,-1.426395e-10,-1e-45,-0.0051675,-0.0051675,-1e-45,-1e-45,-0.0051675,-0.0051675,-1e-45,0.0,0.0,0.0042279353,0.0042279353,0.0,0.0,0.0042279353,0.0042279353,0.0,0.0,-0.0,-0.0,0.0042279353,0.0042279353,0.0042279353,0.0042279353,Uniaxial,0.9075000286102295
1.618053913113652e-28,125619.6171875,177.92874145507812,0.0,0.9087399840354919,0.0,-0.0051855,0.0042315354,0.0042315354,1.1217893e-19,-1.9799395e-20,-1.5029541e-19,-0.004858648,0.004166165,0.004166165,6.262041e-20,-3.9474884e-20,-6.1392886e-20,272185.34,-272185.34,-272185.34,272185.34,272185.34,-272185.34,-272185.34,272185.34,4.1376826e-11,1.0685975e-10,0.0,0.0,-9.804635e-11,-3.2563424e-11,0.0,0.0,6.4635304e-11,6.274349e-11,-6.113394e-11,-5.9242125e-11,0.0,0.0,0.0,0.0,-1088741.4,-1.7626803e-11,-7.0027404e-12,6.878288e-11,2.7307859e-11,-1.2338892e-10,-0.0,-0.0051855,-0.0051855,0.0,-0.0,-0.0051855,-0.0051855,0.0,-0.0,0.0,0.0042315354,0.0042315354,-0.0,-0.0,0.0042315354,0.0042315354,-0.0,-0.0,-0.0,0.0,0.0042315354,0.0042315354,0.0042315354,0.0042315354,Uniaxial,0.909500002861023
2.764175304500982e-28,125639.75,198.06570434570312,0.0,0.9087399840354919,0.0,-0.0052035,0.0042351354,0.0042351354,1.0667321e-19,-7.475066e-20,-1.6162447e-19,-0.004858648,0.004166165,0.004166165,6.262041e-20,-3.9474884e-20,-6.1392886e-20,287174.78,-287174.78,-287174.78,287174.78,287174.78,-287174.78,-287174.78,287174.78,4.948379e-11,1.1114599e-10,0.0,0.0,-1.2889274e-10,-6.723054e-11,0.0,0.0,1.03178875e-10,4.7607546e-11,-9.96775e-11,-4.4106177e-11,0.0,0.0,0.0,0.0,-1148699.1,3.5493507e-11,-7.0027404e-12,6.114143e-11,-4.8959684e-11,-1.3911268e-10,0.0,-0.0052035,-0.0052035,0.0,1e-45,-0.0052035,-0.0052035,1e-45,0.0,-0.0,0.0042351354,0.0042351354,0.0,0.0,0.0042351354,0.0042351354,-0.0,0.0,0.0,-0.0,0.0042351354,0.0042351354,0.0042351354,0.0042351354,Uniaxial,0.9114999771118164
2.224824160623927e-28,125660.96875,219.2819061279297,0.0,0.9087399840354919,0.0,-0.0052215,0.004238735,0.004238735,1.06461454e-19,-1.0916137e-19,-1.8364733e-19,-0.004858648,0.004166165,0.004166165,6.262041e-20,-3.9474884e-20,-6.1392886e-20,302164.25,-302164.25,-302164.25,302164.25,302164.25,-302164.25,-302164.25,302164.25,3.673129e-11,9.824654e-11,0.0,0.0,-9.474517e-11,-3.3229922e-11,0.0,0.0,1.3830583e-10,5.8854976e-11,-1.3480446e-10,-5.5353604e-11,0.0,0.0,0.0,0.0,-1208657.0,-7.0027404e-12,-7.0027404e-12,6.0847535e-11,-9.6718744e-11,-1.6967847e-10,-0.0,-0.0052215,-0.0052215,-0.0,-0.0,-0.0052215,-0.0052215,-0.0,-0.0,-0.0,0.004238735,0.004238735,-0.0,-0.0,0.004238735,0.004238735,-0.0,-0.0,0.0,0.0,0.004238735,0.004238735,0.004238735,0.004238735,Uniaxial,0.9135000109672546
1.4157970836964793e-28,125683.265625,241.5773468017578,0.0,0.9087399840354919,0.0,-0.0052395,0.004242335,0.004242335,1.07626124e-19,-8.87267e-20,-1.9624695e-19,-0.004858648,0.004166165,0.004166165,6.262041e-20,-3.9474884e-20,-6.1392886e-20,317153.7,-317153.7,-317153.7,317153.7,317153.7,-317153.7,-317153.7,317153.7,4.2964632e-11,1.0528811e-10,0.0,0.0,-1.283469e-10,-6.6023416e-11,0.0,0.0,9.387169e-11,2.86016e-11,-1.11618444e-10,-4.6348356e-11,0.0,0.0,0.0,0.0,-1268614.8,4.611757e-11,3.5493507e-11,6.246399e-11,-6.835721e-11,-1.8716563e-10,0.0,-0.0052395,-0.0052395,0.0,-0.0,-0.0052395,-0.0052395,-0.0,0.0,0.0,0.004242335,0.004242335,0.0,0.0,0.004242335,0.004242335,0.0,0.0,-0.0,0.0,0.004242335,0.004242335,0.004242335,0.004242335,Uniaxial,0.9154999852180481
2.2585334716992936e-28,125706.640625,264.9520263671875,0.0,0.9087399840354919,0.0,-0.0052575,0.004245935,0.004245935,1.07308487e-19,-8.396214e-20,-1.746476e-19,-0.004858648,0.004166165,0.004166165,6.262041e-20,-3.9474884e-20,-6.1392886e-20,332143.16,-332143.16,-332143.16,332143.16,332143.16,-332143.16,-332143.16,332143.16,6.440617e-11,1.1096348e-10,0.0,0.0,-1.0746211e-10,-6.0904795e-11,0.0,0.0,1.0312093e-10,5.6702976e-11,-9.9619556e-11,-5.3201606e-11,0.0,0.0,0.0,0.0,-1328572.6,-7.0027404e-12,-7.0027404e-12,6.202314e-11,-6.1744415e-11,-1.5718764e-10,-1e-45,-0.0052575,-0.0052575,-1e-45,-1e-45,-0.0052575,-0.0052575,-1e-45,0.0,0.0,0.004245935,0.004245935,-0.0,-0.0,0.004245935,0.004245935,-0.0,-0.0,0.0,-0.0,0.004245935,0.004245935,0.004245935,0.004245935,Uniaxial,0.9175000190734863
2.2585334716992936e-28,125731.09375,289.4059753417969,0.0,0.9087399840354919,0.0,-0.0052755,0.004249535,0.004249535,6.6545026e-20,-4.341044e-20,-1.726359e-19,-0.004858648,0.004166165,0.004166165,6.262041e-20,-3.9474884e-20,-6.1392886e-20,347132.6,-347132.6,-347132.6,347132.6,347132.6,-347132.6,-347132.6,347132.6,7.007931e-11,8.8348565e-11,0.0,0.0,-8.484719e-11,-6.657794e-11,0.0,0.0,9.6125226e-11,7.784838e-11,-9.262386e-11,-7.4347015e-11,0.0,0.0,0.0,0.0,-1388530.4,-7.0027404e-12,-7.0027404e-12,5.4470235e-12,-5.4622036e-12,-1.5439557e-10,1e-45,-0.0052755,-0.0052755,1e-45,0.0,-0.0052755,-0.0052755,1e-45,-0.0,-0.0,0.004249535,0.004249535,0.0,0.0,0.004249535,0.004249535,0.0,-0.0,-0.0,-0.0,0.004249535,0.004249535,0.004249535,0.004249535,Uniaxial,0.9194999933242798
1.4157970836964793e-28,125756.625,314.93914794921875,0.0,0.9087399840354919,0.0,-0.0052935,0.004253135,0.004253135,7.9674037e-20,-5.505714e-20,-1.6268327e-19,-0.004858648,0.004166165,0.004166165,6.262041e-20,-3.9474884e-20,-6.1392886e-20,362122.06,-362122.06,-362122.06,362122.06,362122.06,-362122.06,-362122.06,362122.06,5.6953626e-11,9.9879584e-11,0.0,0.0,-9.106618e-11,-4.8140224e-11,0.0,0.0,8.116729e-11,3.92624e-11,-7.766592e-11,-3.576103e-11,0.0,0.0,0.0,0.0,-1448488.2,-1.7626803e-11,-7.0027404e-12,2.3668942e-11,-2.1626808e-11,-1.4058218e-10,-1e-45,-0.0052935,-0.0052935,-1e-45,-0.0,-0.0052935,-0.0052935,-1e-45,0.0,-0.0,0.004253135,0.004253135,0.0,-0.0,0.004253135,0.004253135,0.0,0.0,0.0,-0.0,0.004253135,0.004253135,0.004253135,0.004253135,Uniaxial,0.921500027179718
1.4157970836964793e-28,125783.234375,341.5515441894531,0.0,0.9087399840354919,0.0,-0.0053115,0.004256735,0.004256735,1.2647261e-19,-1.0429093e-19,-1.828003e-19,-0.004858648,0.004166165,0.004166165,6.262041e-20,-3.9474884e-20,-6.1392886e-20,377111.53,-377111.53,-377111.53,377111.53,377111.53,-377111.53,-377111.53,377111.53,2.9103607e-11,1.04505724e-10,0.0,0.0,-1.3287654e-10,-5.747442e-11,0.0,0.0,8.3982384e-11,7.911397e-12,-1.2297727e-10,-4.6906277e-11,0.0,0.0,0.0,0.0,-1508446.1,5.6741632e-11,7.798976e-11,8.862126e-11,-8.9959e-11,-1.6850286e-10,1e-45,-0.0053115,-0.0053115,1e-45,1e-45,-0.0053115,-0.0053115,1e-45,0.0,-0.0,0.004256735,0.004256735,0.0,-0.0,0.004256735,0.004256735,-0.0,0.0,0.0,0.0,0.004256735,0.004256735,0.004256735,0.004256735,Uniaxial,0.9235000014305115
2.2922430235159034e-28,125810.9296875,369.2431945800781,0.0,0.9087399840354919,0.0,-0.0053295,0.004260335,0.004260335,1.1376711e-19,-9.0844284e-20,-1.5378942e-19,-0.004858648,0.004166165,0.004166165,6.262041e-20,-3.9474884e-20,-6.1392886e-20,392100.97,-392100.97,-392100.97,392100.97,392100.97,-392100.97,-392100.97,392100.97,5.2271815e-11,1.0331113e-10,0.0,0.0,-1.0512179e-10,-5.4082475e-11,0.0,0.0,1.06044416e-10,3.9304816e-11,-1.02543044e-10,-3.5803447e-11,0.0,0.0,0.0,0.0,-1568403.9,3.621322e-12,-7.0027404e-12,7.098715e-11,-7.129623e-11,-1.2823831e-10,-1e-45,-0.0053295,-0.0053295,-1e-45,-1e-45,-0.0053295,-0.0053295,-1e-45,0.0,0.0,0.004260335,0.004260335,-0.0,-0.0,0.004260335,0.004260335,0.0,-0.0,-0.0,-0.0,0.004260335,0.004260335,0.004260335,0.004260335,Uniaxial,0.9254999756813049
1.9214389164981679e-28,125839.6953125,398.01409912109375,0.0,0.9087399840354919,0.0,-0.0053475,0.004263935,0.004263935,6.580387e-20,-8.300923e-20,-1.7073008e-19,-0.004858648,0.004166165,0.004166165,6.262041e-20,-3.9474884e-20,-6.1392886e-20,407090.44,-407090.44,-407090.44,407090.44,407090.44,-407090.44,-407090.44,407090.44,4.5771054e-11,6.3525976e-11,0.0,0.0,-1.0783289e-10,-9.007796e-11,0.0,0.0,8.795574e-11,2.6653324e-11,-1.2695062e-10,-6.56482e-11,0.0,0.0,0.0,0.0,-1628361.8,8.861382e-11,7.798976e-11,4.4183667e-12,-6.042186e-11,-1.5175046e-10,1e-45,-0.0053475,-0.0053475,1e-45,1e-45,-0.0053475,-0.0053475,1e-45,-0.0,-0.0,0.004263935,0.004263935,0.0,0.0,0.004263935,0.004263935,0.0,0.0,0.0,-0.0,0.004263935,0.004263935,0.004263935,0.004263935,Uniaxial,0.9275000095367432
2.4270807492998564e-28,125869.546875,427.8642272949219,0.0,0.9087399840354919,0.0,-0.0053655,0.004267535,0.004267535,7.8721125e-20,-8.3538624e-20,-1.2139041e-19,-0.004858648,0.004166165,0.004166165,6.262041e-20,-3.9474884e-20,-6.1392886e-20,422079.88,-422079.88,-422079.88,422079.88,422079.88,-422079.88,-422079.88,422079.88,3.7644516e-11,6.436345e-11,0.0,0.0,-6.617411e-11,-3.9455175e-11,0.0,0.0,1.0781351e-10,4.6143717e-11,-1.04312135e-10,-4.2642345e-11,0.0,0.0,0.0,0.0,-1688319.5,3.621322e-12,-7.0027404e-12,2.2346383e-11,-6.1156614e-11,-8.327131e-11,0.0,-0.0053655,-0.0053655,-0.0,0.0,-0.0053655,-0.0053655,-0.0,0.0,-0.0,0.004267535,0.004267535,-0.0,-0.0,0.004267535,0.004267535,-0.0,0.0,-0.0,-0.0,0.004267535,0.004267535,0.004267535,0.004267535,Uniaxial,0.9294999837875366
1.382087652250491e-28,125900.4765625,458.7935791015625,0.0,0.9087399840354919,0.0,-0.0053835,0.004271135,0.004271135,8.6026784e-20,-8.41739e-20,-2.1075239e-19,-0.004858648,0.004166165,0.004166165,6.262041e-20,-3.9474884e-20,-6.1392886e-20,437069.34,-437069.34,-437069.34,437069.34,437069.34,-437069.34,-437069.34,437069.34,9.2481245e-11,1.2426998e-10,0.0,0.0,-8.8896425e-11,-5.7107687e-11,0.0,0.0,1.1857317e-10,5.646252e-11,-9.382367e-11,-3.171302e-11,0.0,0.0,0.0,0.0,-1748277.4,-7.0747116e-11,-4.9498988e-11,3.2486e-11,-6.203832e-11,-2.0729791e-10,0.0,-0.0053835,-0.0053835,0.0,0.0,-0.0053835,-0.0053835,0.0,-0.0,-0.0,0.004271135,0.004271135,0.0,0.0,0.004271135,0.004271135,0.0,0.0,0.0,0.0,0.004271135,0.004271135,0.004271135,0.004271135,Uniaxial,0.9315000176429749
1.5169254984050656e-28,125932.484375,490.8022155761719,0.0,0.9087399840354919,0.0,-0.0054015,0.004274735,0.004274735,8.539151e-20,-8.375038e-20,-1.6956541e-19,-0.004858648,0.004166165,0.004166165,6.262041e-20,-3.9474884e-20,-6.1392886e-20,452058.78,-452058.78,-452058.78,452058.78,452058.78,-452058.78,-452058.78,452058.78,7.309866e-11,8.89008e-11,0.0,0.0,-6.415131e-11,-4.834916e-11,0.0,0.0,1.1968097e-10,5.786423e-11,-9.493148e-11,-3.3114737e-11,0.0,0.0,0.0,0.0,-1808235.1,-4.9498988e-11,-4.9498988e-11,3.1604292e-11,-6.145052e-11,-1.5013399e-10,-1e-45,-0.0054015,-0.0054015,-1e-45,-1e-45,-0.0054015,-0.0054015,-1e-45,0.0,0.0,0.004274735,0.004274735,-0.0,-0.0,0.004274735,0.004274735,0.0,0.0,-0.0,-0.0,0.004274735,0.004274735,0.004274735,0.004274735,Uniaxial,0.9334999918937683
9.775742341573888e-29,125965.578125,523.8900756835938,0.0,0.9087399840354919,0.0,-0.0054195,0.0042783353,0.0042783353,4.4204532e-20,-8.4597416e-20,-1.2848431e-19,-0.004858648,0.004166165,0.004166165,6.262041e-20,-3.9474884e-20,-6.1392886e-20,467048.25,-467048.25,-467048.25,467048.25,467048.25,-467048.25,-467048.25,467048.25,7.844743e-11,6.566761e-11,0.0,0.0,-3.0294055e-11,-4.307387e-11,0.0,0.0,6.892677e-11,6.5222194e-12,-8.667352e-11,-2.4268974e-11,0.0,0.0,0.0,0.0,-1868193.0,-7.0747116e-11,3.5493507e-11,-2.5559627e-11,-6.2626127e-11,-9.311703e-11,-0.0,-0.0054195,-0.0054195,0.0,-0.0,-0.0054195,-0.0054195,0.0,-0.0,-0.0,0.0042783353,0.0042783353,-0.0,-0.0,0.0042783353,0.0042783353,0.0,0.0,0.0,0.0,0.0042783353,0.0042783353,0.0042783353,0.0042783353,Uniaxial,0.9355000257492065
1.382087652250491e-28,125999.7421875,558.05712890625,0.0,0.9087399840354919,0.0,-0.0054375,0.0042819353,0.0042819353,5.7121784e-20,-8.491505e-20,-1.5855398e-19,-0.004858648,0.004166165,0.004166165,6.262041e-20,-3.9474884e-20,-6.1392886e-20,482037.72,-482037.72,-482037.72,482037.72,482037.72,-482037.72,-482037.72,482037.72,7.338453e-11,5.402298e-11,0.0,0.0,-7.1769736e-11,-9.113128e-11,0.0,0.0,1.0071862e-10,3.809365e-11,-7.596913e-11,-1.3344154e-11,0.0,0.0,0.0,0.0,-1928150.9,3.5493507e-11,-4.9498988e-11,-7.6316115e-12,-6.3066975e-11,-1.348511e-10,1e-45,-0.0054375,-0.0054375,1e-45,1e-45,-0.0054375,-0.0054375,1e-45,0.0,-0.0,0.0042819353,0.0042819353,0.0,0.0,0.0042819353,0.0042819353,-0.0,-0.0,-0.0,-0.0,0.0042819353,0.0042819353,0.0042819353,0.0042819353,Uniaxial,0.9375
1.4832160669590774e-28,126034.9921875,593.303466796875,0.0,0.9087399840354919,0.0,-0.0054555,0.0042855353,0.0042855353,2.2711071e-20,-8.300923e-20,-1.6331854e-19,-0.004858648,0.004166165,0.004166165,6.262041e-20,-3.9474884e-20,-6.1392886e-20,497027.16,-497027.16,-497027.16,497027.16,497027.16,-497027.16,-497027.16,497027.16,8.205581e-11,5.4360474e-11,0.0,0.0,-5.0859105e-11,-7.855444e-11,0.0,0.0,8.823529e-11,4.2478614e-11,-1.0598204e-10,-6.0225366e-11,0.0,0.0,0.0,0.0,-1988108.6,-7.0027404e-12,3.5493507e-11,-5.539067e-11,-6.042186e-11,-1.4146388e-10,-1e-45,-0.0054555,-0.0054555,-1e-45,-1e-45,-0.0054555,-0.0054555,-1e-45,-0.0,-0.0,0.0042855353,0.0042855353,-0.0,-0.0,0.0042855353,0.0042855353,0.0,0.0,0.0,0.0,0.0042855353,0.0042855353,0.0042855353,0.0042855353,Uniaxial,0.9394999742507935
2.2585334716992936e-28,126071.3125,629.6290893554688,0.0,0.9087399840354919,0.0,-0.0054735,0.0042891353,0.0042891353,7.6180026e-20,-4.5210384e-20,-1.7305942e-19,-0.004858648,0.004166165,0.004166165,6.262041e-20,-3.9474884e-20,-6.1392886e-20,512016.62,-512016.62,-512016.62,512016.62,512016.62,-512016.62,-512016.62,512016.62,6.1571095e-11,8.652661e-11,0.0,0.0,-9.364931e-11,-6.869379e-11,0.0,0.0,1.2876891e-10,1.0924298e-10,-6.152316e-11,-4.1997236e-11,0.0,0.0,0.0,0.0,-2048066.5,1.4245384e-11,-1.3449149e-10,1.881956e-11,-7.960369e-12,-1.5498337e-10,1e-45,-0.0054735,-0.0054735,1e-45,1e-45,-0.0054735,-0.0054735,1e-45,0.0,-0.0,0.0042891353,0.0042891353,0.0,0.0,0.0042891353,0.0042891353,-0.0,-0.0,-0.0,-0.0,0.0042891353,0.0042891353,0.0042891353,0.0042891353,Uniaxial,0.9415000081062317
1.4157970836964793e-28,126108.71875,667.0338745117188,0.0,0.9087399840354919,0.0,-0.0054915,0.0042927354,0.0042927354,1.0932019e-19,-5.495126e-20,-1.8523552e-19,-0.004858648,0.004166165,0.004166165,6.262041e-20,-3.9474884e-20,-6.1392886e-20,527006.06,-527006.06,-527006.06,527006.06,527006.06,-527006.06,-527006.06,527006.06,5.183618e-11,1.1533527e-10,0.0,0.0,-1.11833896e-10,-4.8334812e-11,0.0,0.0,9.9579754e-11,5.7748337e-11,-7.483026e-11,-3.2998843e-11,0.0,0.0,0.0,0.0,-2108024.2,-7.0027404e-12,-4.9498988e-11,6.481521e-11,-2.1479858e-11,-1.7188273e-10,-1e-45,-0.0054915,-0.0054915,-1e-45,-1e-45,-0.0054915,-0.0054915,-1e-45,0.0,0.0,0.0042927354,0.0042927354,-0.0,0.0,0.0042927354,0.0042927354,0.0,0.0,0.0,0.0,0.0042927354,0.0042927354,0.0042927354,0.0042927354,Uniaxial,0.9434999823570251
2.2585334716992936e-28,126147.203125,705.5179443359375,0.0,0.9087399840354919,0.0,-0.0055095,0.0042963354,0.0042963354,1.3081365e-19,-1.0323214e-19,-1.8502376e-19,-0.004858648,0.004166165,0.004166165,6.262041e-20,-3.9474884e-20,-6.1392886e-20,541995.5,-541995.5,-541995.5,541995.5,541995.5,-541995.5,-541995.5,541995.5,7.578678e-11,1.3865564e-10,0.0,0.0,-1.0328209e-10,-4.0413225e-11,0.0,0.0,1.4527968e-10,8.548919e-11,-7.8033933e-11,-1.8243448e-11,0.0,0.0,0.0,0.0,-2167982.0,-7.0747116e-11,-1.3449149e-10,9.464625e-11,-8.8489494e-11,-1.7158884e-10,-0.0,-0.0055095,-0.0055095,-0.0,-0.0,-0.0055095,-0.0055095,-0.0,-0.0,-0.0,0.0042963354,0.0042963354,-0.0,-0.0,0.0042963354,0.0042963354,-0.0,-0.0,-0.0,-0.0,0.0042963354,0.0042963354,0.0042963354,0.0042963354,Uniaxial,0.9455000162124634
2.2585334716992936e-28,126186.765625,745.0812377929688,0.0,0.9087399840354919,0.0,-0.0055275,0.004299935,0.004299935,7.099195e-20,-4.912791e-20,-1.7390645e-19,-0.004858648,0.004166165,0.004166165,6.262041e-20,-3.9474884e-20,-6.1392886e-20,556985.0,-556985.0,-556985.0,556985.0,556985.0,-556985.0,-556985.0,556985.0,5.8353114e-11,7.970834e-11,0.0,0.0,-9.745509e-11,-7.609987e-11,0.0,0.0,4.5429608e-11,2.3185088e-11,-1.4816887e-10,-1.2592434e-10,0.0,0.0,0.0,0.0,-2227940.0,3.5493507e-11,2.0547851e-10,1.1618964e-11,-1.3397555e-11,-1.5615899e-10,1e-45,-0.0055275,-0.0055275,1e-45,0.0,-0.0055275,-0.0055275,1e-45,-0.0,0.0,0.004299935,0.004299935,0.0,0.0,0.004299935,0.004299935,0.0,0.0,0.0,0.0,0.004299935,0.004299935,0.004299935,0.004299935,Uniaxial,0.9474999904632568
1.4157970836964793e-28,126227.40625,785.7237548828125,0.0,0.9087399840354919,0.0,-0.0055455,0.004303535,0.004303535,7.8509366e-20,-5.5798295e-20,-1.6278914e-19,-0.004858648,0.004166165,0.004166165,6.262041e-20,-3.9474884e-20,-6.1392886e-20,571974.44,-571974.44,-571974.44,571974.44,571974.44,-571974.44,-571974.44,571974.44,4.41144e-11,8.6232126e-11,0.0,0.0,-1.0397888e-10,-6.1861155e-11,0.0,0.0,9.2085256e-11,4.9666035e-11,-6.733576e-11,-2.4916541e-11,0.0,0.0,0.0,0.0,-2287897.8,3.5493507e-11,-4.9498988e-11,2.2052481e-11,-2.2655464e-11,-1.4072914e-10,-0.0,-0.0055455,-0.0055455,-0.0,0.0,-0.0055455,-0.0055455,-0.0,0.0,-0.0,0.004303535,0.004303535,0.0,-0.0,0.004303535,0.004303535,-0.0,-0.0,-0.0,-0.0,0.004303535,0.004303535,0.004303535,0.004303535,Uniaxial,0.9495000243186951
1.4157970836964793e-28,126269.1328125,827.445556640625,0.0,0.9087399840354919,0.0,-0.0055635,0.004307135,0.004307135,1.2541382e-19,-1.029145e-19,-1.8343557e-19,-0.004858648,0.004166165,0.004166165,6.262041e-20,-3.9474884e-20,-6.1392886e-20,586963.9,-586963.9,-586963.9,586963.9,586963.9,-586963.9,-586963.9,586963.9,6.1563595e-11,1.3623096e-10,0.0,0.0,-1.008574e-10,-2.619004e-11,0.0,0.0,1.1559741e-10,4.04816e-11,-9.084791e-11,-1.5732107e-11,0.0,0.0,0.0,0.0,-2347855.5,-7.0747116e-11,-4.9498988e-11,8.715175e-11,-8.804864e-11,-1.6938458e-10,1e-45,-0.0055635,-0.0055635,0.0,1e-45,-0.0055635,-0.0055635,1e-45,-0.0,-0.0,0.004307135,0.004307135,-0.0,-0.0,0.004307135,0.004307135,-0.0,0.0,0.0,0.0,0.004307135,0.004307135,0.004307135,0.004307135,Uniaxial,0.9514999985694885
2.7304659934256154e-28,126311.9296875,870.24658203125,0.0,0.9087399840354919,0.0,-0.0055815,0.004310735,0.004310735,1.1408475e-19,-9.147956e-20,-1.5347178e-19,-0.004858648,0.004166165,0.004166165,6.262041e-20,-3.9474884e-20,-6.1392886e-20,601953.3,-601953.3,-601953.3,601953.3,601953.3,-601953.3,-601953.3,601953.3,3.877131e-11,1.055768e-10,0.0,0.0,-1.3394762e-10,-6.7142125e-11,0.0,0.0,1.0900582e-10,5.737111e-11,-8.4256324e-11,-3.2621617e-11,0.0,0.0,0.0,0.0,-2407813.2,5.6741632e-11,-4.9498988e-11,7.1428e-11,-7.217794e-11,-1.2779745e-10,-1e-45,-0.0055815,-0.0055815,-1e-45,-1e-45,-0.0055815,-0.0055815,-1e-45,0.0,0.0,0.004310735,0.004310735,0.0,0.0,0.004310735,0.004310735,0.0,0.0,0.0,0.0,0.004310735,0.004310735,0.004310735,0.004310735,Uniaxial,0.953499972820282
2.2922430235159034e-28,126355.8125,914.1268310546875,0.0,0.9087399840354919,0.0,-0.0055995,0.004314335,0.004314335,1.0656733e-19,-4.213989e-20,-1.919059e-19,-0.004858648,0.004166165,0.004166165,6.262041e-20,-3.9474884e-20,-6.1392886e-20,616942.8,-616942.8,-616942.8,616942.8,616942.8,-616942.8,-616942.8,616942.8,7.1041936e-11,1.3263066e-10,0.0,0.0,-9.7257105e-11,-3.5668375e-11,0.0,0.0,1.12994704e-10,9.559957e-11,-8.824521e-11,-7.085007e-11,0.0,0.0,0.0,0.0,-2467771.2,-7.0747116e-11,-4.9498988e-11,6.099448e-11,-3.698792e-12,-1.8114064e-10,-0.0,-0.0055995,-0.0055995,-0.0,-0.0,-0.0055995,-0.0055995,-0.0,-0.0,-0.0,0.004314335,0.004314335,-0.0,-0.0,0.004314335,0.004314335,-0.0,-0.0,-0.0,-0.0,0.004314335,0.004314335,0.004314335,0.004314335,Uniaxial,0.9555000066757202
2.191114608807317e-28,126400.7734375,959.0863037109375,0.0,0.9087399840354919,0.0,-0.0056175,0.004317935,0.004317935,1.06249695e-19,-5.632769e-20,-1.9804689e-19,-0.004858648,0.004166165,0.004166165,6.262041e-20,-3.9474884e-20,-6.1392886e-20,631932.25,-631932.25,-631932.25,631932.25,631932.25,-631932.25,-631932.25,631932.25,4.1410746e-11,1.0277905e-10,0.0,0.0,-1.3114987e-10,-6.978156e-11,0.0,0.0,9.102735e-11,7.933225e-11,-1.0877411e-10,-9.7079e-11,0.0,0.0,0.0,0.0,-2527729.0,5.6741632e-11,3.5493507e-11,6.055363e-11,-2.339022e-11,-1.896638e-10,1e-45,-0.0056175,-0.0056175,1e-45,1e-45,-0.0056175,-0.0056175,1e-45,0.0,0.0,0.004317935,0.004317935,0.0,0.0,0.004317935,0.004317935,-0.0,0.0,0.0,-0.0,0.004317935,0.004317935,0.004317935,0.004317935,Uniaxial,0.9574999809265137
2.32595233459127e-28,126446.8125,1005.1250610351562,0.0,0.9087399840354919,0.0,-0.0056355,0.004321535,0.004321535,1.07414366e-19,-2.1811098e-20,-1.4246035e-19,-0.004858648,0.004166165,0.004166165,6.262041e-20,-3.9474884e-20,-6.1392886e-20,646921.7,-646921.7,-646921.7,646921.7,646921.7,-646921.7,-646921.7,646921.7,4.7889127e-11,1.1006566e-10,0.0,0.0,-1.1718834e-10,-5.5011818e-11,0.0,0.0,4.42178e-11,5.6475692e-11,-6.196455e-11,-7.422245e-11,0.0,0.0,0.0,0.0,-2587686.8,1.4245384e-11,3.5493507e-11,6.217009e-11,2.451579e-11,-1.1251455e-10,0.0,-0.0056355,-0.0056355,0.0,-0.0,-0.0056355,-0.0056355,-0.0,-0.0,-0.0,0.004321535,0.004321535,-0.0,-0.0,0.004321535,0.004321535,0.0,0.0,-0.0,-0.0,0.004321535,0.004321535,0.004321535,0.004321535,Uniaxial,0.9595000147819519
1.6517633445596402e-28,126493.9296875,1052.2430419921875,0.0,0.9087399840354919,0.0,-0.0056535,0.004325135,0.004325135,1.0804964e-19,-3.5575384e-20,-1.7994156e-19,-0.004858648,0.004166165,0.004166165,6.262041e-20,-3.9474884e-20,-6.1392886e-20,661911.2,-661911.2,-661911.2,661911.2,661911.2,-661911.2,-661911.2,661911.2,4.0206435e-11,1.0282382e-10,0.0,0.0,-8.869839e-11,-2.6081004e-11,0.0,0.0,9.879273e-11,1.01498816e-10,-7.404324e-11,-7.674932e-11,0.0,0.0,0.0,0.0,-2647644.8,-2.8250865e-11,-4.9498988e-11,6.30518e-11,5.412167e-12,-1.6453519e-10,-0.0,-0.0056535,-0.0056535,-0.0,0.0,-0.0056535,-0.0056535,0.0,0.0,0.0,0.004325135,0.004325135,0.0,0.0,0.004325135,0.004325135,-0.0,-0.0,0.0,0.0,0.004325135,0.004325135,0.004325135,0.004325135,Uniaxial,0.9614999890327454
2.191114608807317e-28,126542.125,1100.4403076171875,0.0,0.9087399840354919,0.0,-0.0056715,0.004328735,0.004328735,1.07308487e-19,-3.8963516e-20,-1.8618843e-19,-0.004858648,0.004166165,0.004166165,6.262041e-20,-3.9474884e-20,-6.1392886e-20,676900.6,-676900.6,-676900.6,676900.6,676900.6,-676900.6,-676900.6,676900.6,7.411296e-11,1.3621601e-10,0.0,0.0,-9.0218395e-11,-2.8115343e-11,0.0,0.0,1.2338398e-10,1.2373885e-10,-5.6138243e-11,-5.6493112e-11,0.0,0.0,0.0,0.0,-2707602.5,-9.199524e-11,-1.3449149e-10,6.202314e-11,7.0973647e-13,-1.732053e-10,-1e-45,-0.0056715,-0.0056715,-1e-45,-1e-45,-0.0056715,-0.0056715,-1e-45,-0.0,-0.0,0.004328735,0.004328735,0.0,0.0,0.004328735,0.004328735,0.0,0.0,-0.0,-0.0,0.004328735,0.004328735,0.004328735,0.004328735,Uniaxial,0.9635000228881836
2.32595233459127e-28,126591.3984375,1149.716796875,0.0,0.9087399840354919,0.0,-0.0056895,0.004332335,0.004332335,1.0699085e-19,-4.1081098e-20,-1.640597e-19,-0.004858648,0.004166165,0.004166165,6.262041e-20,-3.9474884e-20,-6.1392886e-20,691890.06,-691890.06,-691890.06,691890.06,691890.06,-691890.06,-691890.06,691890.06,7.1466666e-11,1.3334929e-10,0.0,0.0,-1.085998e-10,-4.6717172e-11,0.0,0.0,7.964669e-11,7.853205e-11,-5.4897194e-11,-5.3782555e-11,0.0,0.0,0.0,0.0,-2767560.2,-4.9498988e-11,-4.9498988e-11,6.158229e-11,-2.2292825e-12,-1.4249255e-10,0.0,-0.0056895,-0.0056895,0.0,0.0,-0.0056895,-0.0056895,0.0,0.0,0.0,0.004332335,0.004332335,0.0,0.0,0.004332335,0.004332335,0.0,0.0,0.0,0.0,0.004332335,0.004332335,0.004332335,0.004332335,Uniaxial,0.965499997138977
1.6517633445596402e-28,126641.7578125,1200.072509765625,0.0,0.9087399840354919,0.0,-0.0057075,0.004335935,0.004335935,1.0783788e-19,-3.981055e-20,-1.8142387e-19,-0.004858648,0.004166165,0.004166165,6.262041e-20,-3.9474884e-20,-6.1392886e-20,706879.5,-706879.5,-706879.5,706879.5,706879.5,-706879.5,-706879.5,706879.5,8.922052e-12,7.139248e-11,0.0,0.0,-1.2101142e-10,-5.854099e-11,0.0,0.0,7.9528446e-11,7.929551e-11,-9.7275195e-11,-9.704226e-11,0.0,0.0,0.0,0.0,-2827518.0,9.923788e-11,3.5493507e-11,6.2757896e-11,-4.658711e-13,-1.665925e-10,1e-45,-0.0057075,-0.0057075,1e-45,1e-45,-0.0057075,-0.0057075,1e-45,0.0,0.0,0.004335935,0.004335935,-0.0,-0.0,0.004335935,0.004335935,-0.0,-0.0,0.0,0.0,0.004335935,0.004335935,0.004335935,0.004335935,Uniaxial,0.9674999713897705
1.5169254984050656e-28,126693.1953125,1251.5074462890625,0.0,0.9087399840354919,0.0,-0.0057255,0.0043395353,0.0043395353,1.07308487e-19,-3.8963516e-20,-1.8523552e-19,-0.004858648,0.004166165,0.004166165,6.262041e-20,-3.9474884e-20,-6.1392886e-20,721869.0,-721869.0,-721869.0,721869.0,721869.0,-721869.0,-721869.0,721869.0,5.7846228e-11,1.1994929e-10,0.0,0.0,-1.0582385e-10,-4.3720798e-11,0.0,0.0,8.6259486e-11,8.661435e-11,-6.1509985e-11,-6.1864854e-11,0.0,0.0,0.0,0.0,-2887476.0,-2.8250865e-11,-4.9498988e-11,6.202314e-11,7.0973647e-13,-1.7188273e-10,-1e-45,-0.0057255,-0.0057255,-1e-45,-1e-45,-0.0057255,-0.0057255,-1e-45,-0.0,-0.0,0.0043395353,0.0043395353,-0.0,-0.0,0.0043395353,0.0043395353,-0.0,-0.0,-0.0,-0.0,0.0043395353,0.0043395353,0.0043395353,0.0043395353,Uniaxial,0.9695000052452087
2.32595233459127e-28,126745.703125,1304.0216064453125,0.0,0.9087399840354919,0.0,-0.0057435,0.0043431353,0.0043431353,1.0783788e-19,-3.949291e-20,-1.6374206e-19,-0.004858648,0.004166165,0.004166165,6.262041e-20,-3.9474884e-20,-6.1392886e-20,736858.44,-736858.44,-736858.44,736858.44,736858.44,-736858.44,-736858.44,736858.44,6.043849e-11,1.2290892e-10,0.0,0.0,-1.1940755e-10,-5.693712e-11,0.0,0.0,5.7737287e-11,5.7724776e-11,-7.548404e-11,-7.547153e-11,0.0,0.0,0.0,0.0,-2947433.8,-7.0027404e-12,3.5493507e-11,6.2757896e-11,-2.5018265e-14,-1.4205169e-10,-1e-45,-0.0057435,-0.0057435,-1e-45,-1e-45,-0.0057435,-0.0057435,-1e-45,0.0,0.0,0.0043431353,0.0043431353,0.0,0.0,0.0043431353,0.0043431353,0.0,0.0,0.0,0.0,0.0043431353,0.0043431353,0.0043431353,0.0043431353,Uniaxial,0.9714999794960022
1.6517633445596402e-28,126799.296875,1357.614990234375,0.0,0.9087399840354919,0.0,-0.0057615,0.0043467353,0.0043467353,1.0709673e-19,-3.8963516e-20,-1.6183623e-19,-0.004858648,0.004166165,0.004166165,6.262041e-20,-3.9474884e-20,-6.1392886e-20,751847.9,-751847.9,-751847.9,751847.9,751847.9,-751847.9,-751847.9,751847.9,1.3006797e-11,7.4962904e-11,0.0,0.0,-1.0333372e-10,-4.1377613e-11,0.0,0.0,7.243806e-11,7.279293e-11,-9.018481e-11,-9.053968e-11,0.0,0.0,0.0,0.0,-3007391.5,5.6741632e-11,3.5493507e-11,6.172924e-11,7.0973647e-13,-1.3940657e-10,3e-45,-0.0057615,-0.0057615,3e-45,3e-45,-0.0057615,-0.0057615,3e-45,0.0,0.0,0.0043467353,0.0043467353,0.0,0.0,0.0043467353,0.0043467353,0.0,0.0,0.0,0.0,0.0043467353,0.0043467353,0.0043467353,0.0043467353,Uniaxial,0.9735000133514404
2.191114608807317e-28,126853.96875,1412.2877197265625,0.0,0.9087399840354919,0.0,-0.0057795,0.0043503353,0.0043503353,1.07626124e-19,-3.8857636e-20,-1.828003e-19,-0.004858648,0.004166165,0.004166165,6.262041e-20,-3.9474884e-20,-6.1392886e-20,766837.4,-766837.4,-766837.4,766837.4,766837.4,-766837.4,-766837.4,766837.4,7.282714e-11,1.3515063e-10,0.0,0.0,-8.9153004e-11,-2.6829521e-11,0.0,0.0,1.2217165e-10,1.2259999e-10,-5.49259e-11,-5.5354242e-11,0.0,0.0,0.0,0.0,-3067349.5,-9.199524e-11,-1.3449149e-10,6.246399e-11,8.5668744e-13,-1.6850286e-10,-1e-45,-0.0057795,-0.0057795,-1e-45,-1e-45,-0.0057795,-0.0057795,-1e-45,-0.0,-0.0,0.0043503353,0.0043503353,-0.0,-0.0,0.0043503353,0.0043503353,-0.0,-0.0,-0.0,-0.0,0.0043503353,0.0043503353,0.0043503353,0.0043503353,Uniaxial,0.9754999876022339
2.32595233459127e-28,126909.7265625,1468.03955078125,0.0,0.9087399840354919,0.0,-0.0057975,0.0043539354,0.0043539354,1.0699085e-19,-3.9916428e-20,-1.6437733e-19,-0.004858648,0.004166165,0.004166165,6.262041e-20,-3.9474884e-20,-6.1392886e-20,781826.8,-781826.8,-781826.8,781826.8,781826.8,-781826.8,-781826.8,781826.8,9.2825005e-11,1.5470764e-10,0.0,0.0,-8.746189e-11,-2.5579263e-11,0.0,0.0,1.0060091e-10,1.002945e-10,-3.335517e-11,-3.3048758e-11,0.0,0.0,0.0,0.0,-3127307.2,-1.3449149e-10,-1.3449149e-10,6.158229e-11,-6.128221e-13,-1.429334e-10,1e-45,-0.0057975,-0.0057975,1e-45,1e-45,-0.0057975,-0.0057975,1e-45,0.0,0.0,0.0043539354,0.0043539354,0.0,0.0,0.0043539354,0.0043539354,0.0,0.0,-0.0,-0.0,0.0043539354,0.0043539354,0.0043539354,0.0043539354,Uniaxial,0.9775000214576721
1.6517633445596402e-28,126966.5546875,1524.8707275390625,0.0,0.9087399840354919,0.0,-0.0058155,0.0043575354,0.0043575354,1.07626124e-19,-3.8645878e-20,-1.8311794e-19,-0.004858648,0.004166165,0.004166165,6.262041e-20,-3.9474884e-20,-6.1392886e-20,796816.25,-796816.25,-796816.25,796816.25,796816.25,-796816.25,-796816.25,796816.25,3.0831455e-11,9.3154935e-11,0.0,0.0,-1.00277626e-10,-3.7954147e-11,0.0,0.0,1.00960254e-10,1.0153555e-10,-7.621076e-11,-7.678606e-11,0.0,0.0,0.0,0.0,-3187265.0,1.4245384e-11,-4.9498988e-11,6.246399e-11,1.1505894e-12,-1.6894372e-10,0.0,-0.0058155,-0.0058155,0.0,0.0,-0.0058155,-0.0058155,0.0,0.0,0.0,0.0043575354,0.0043575354,0.0,0.0,0.0043575354,0.0043575354,-0.0,-0.0,0.0,0.0,0.0043575354,0.0043575354,0.0043575354,0.0043575354,Uniaxial,0.9794999957084656
2.4270807492998564e-28,127024.46875,1582.7811279296875,0.0,0.9087399840354919,0.0,-0.0058335,0.004361135,0.004361135,1.0709673e-19,-4.086934e-20,-1.8470612e-19,-0.004858648,0.004166165,0.004166165,6.262041e-20,-3.9474884e-20,-6.1392886e-20,811805.7,-811805.7,-811805.7,811805.7,811805.7,-811805.7,-811805.7,811805.7,7.65233e-11,1.5402514e-10,0.0,0.0,-8.67794e-11,-9.277556e-12,0.0,0.0,1.02282814e-10,1.0131512e-10,-7.753332e-11,-7.656563e-11,0.0,0.0,0.0,0.0,-3247222.8,-1.3449149e-10,-4.9498988e-11,6.172924e-11,-1.9353807e-12,-1.7114798e-10,-1e-45,-0.0058335,-0.0058335,-1e-45,-1e-45,-0.0058335,-0.0058335,-1e-45,-0.0,-0.0,0.004361135,0.004361135,-0.0,-0.0,0.004361135,0.004361135,-0.0,-0.0,-0.0,-0.0,0.004361135,0.004361135,0.004361135,0.004361135,Uniaxial,0.9815000295639038
2.224824160623927e-28,127083.453125,1641.770751953125,0.0,0.9087399840354919,0.0,-0.0058515,0.004364735,0.004364735,1.4838958e-19,-3.8857636e-20,-2.0736425e-19,-0.004858648,0.004166165,0.004166165,6.262041e-20,-3.9474884e-20,-6.1392886e-20,826795.2,-826795.2,-826795.2,826795.2,826795.2,-826795.2,-826795.2,826795.2,1.9397987e-11,1.2555527e-10,0.0,0.0,-1.7517421e-10,-6.901693e-11,0.0,0.0,6.4879935e-11,8.0854025e-11,-8.262669e-11,-9.860077e-11,0.0,0.0,0.0,0.0,-3307180.8,9.923788e-11,3.5493507e-11,1.1904011e-10,8.5668744e-13,-2.0259548e-10,1e-45,-0.0058515,-0.0058515,1e-45,1e-45,-0.0058515,-0.0058515,1e-45,0.0,0.0,0.004364735,0.004364735,0.0,0.0,0.004364735,0.004364735,0.0,0.0,0.0,0.0,0.004364735,0.004364735,0.004364735,0.004364735,Uniaxial,0.9835000038146973
2.1574050569907072e-28,127143.5234375,1701.839599609375,0.0,0.9087399840354919,0.0,-0.0058695,0.004368335,0.004368335,1.3547233e-19,1.6940659e-21,-1.6469497e-19,-0.004858648,0.004166165,0.004166165,6.262041e-20,-3.9474884e-20,-6.1392886e-20,841784.6,-841784.6,-841784.6,841784.6,841784.6,-841784.6,-841784.6,841784.6,5.4422123e-11,1.516154e-10,0.0,0.0,-9.4993714e-11,2.1995587e-12,0.0,0.0,6.502507e-11,1.09140266e-10,-4.0275575e-11,-8.4390765e-11,0.0,0.0,0.0,0.0,-3367138.5,-1.13243366e-10,-4.9498988e-11,1.0111209e-10,5.71389e-11,-1.4337426e-10,-1e-45,-0.0058695,-0.0058695,-1e-45,-1e-45,-0.0058695,-0.0058695,-1e-45,-0.0,-0.0,0.004368335,0.004368335,-0.0,-0.0,0.004368335,0.004368335,-0.0,-0.0,-0.0,-0.0,0.004368335,0.004368335,0.004368335,0.004368335,Uniaxial,0.9854999780654907
2.224824160623927e-28,127204.671875,1762.98779296875,0.0,0.9087399840354919,0.0,-0.0058875,0.004371935,0.004371935,1.2922546e-19,-1.2599615e-20,-1.7094184e-19,-0.004858648,0.004166165,0.004166165,6.262041e-20,-3.9474884e-20,-6.1392886e-20,856774.06,-856774.06,-856774.06,856774.06,856774.06,-856774.06,-856774.06,856774.06,4.5672275e-11,1.3853049e-10,0.0,0.0,-9.253288e-11,3.2534582e-13,0.0,0.0,1.0117319e-10,1.3536919e-10,-3.3927444e-11,-6.8123444e-11,0.0,0.0,0.0,0.0,-3427096.2,-9.199524e-11,-1.3449149e-10,9.2441985e-11,3.7300524e-11,-1.5204436e-10,1e-45,-0.0058875,-0.0058875,1e-45,1e-45,-0.0058875,-0.0058875,1e-45,0.0,0.0,0.004371935,0.004371935,0.0,0.0,0.004371935,0.004371935,-0.0,-0.0,0.0,-0.0,0.004371935,0.004371935,0.004371935,0.004371935,Uniaxial,0.987500011920929
2.6967564416090056e-28,127266.8984375,1825.215087890625,0.0,0.9087399840354919,0.0,-0.0059055,0.004375535,0.004375535,1.2869607e-19,-1.9058241e-20,-1.7390645e-19,-0.004858648,0.004166165,0.004166165,6.262041e-20,-3.9474884e-20,-6.1392886e-20,871763.56,-871763.56,-871763.56,871763.56,871763.56,-871763.56,-871763.56,871763.56,3.3409366e-11,1.4144595e-10,0.0,0.0,-1.3794459e-10,-2.9907996e-11,0.0,0.0,5.4173725e-11,8.388772e-11,-7.1920477e-11,-1.0163448e-10,0.0,0.0,0.0,0.0,-3487054.2,-7.0027404e-12,3.5493507e-11,9.170723e-11,2.8336515e-11,-1.5615899e-10,0.0,-0.0059055,-0.0059055,0.0,0.0,-0.0059055,-0.0059055,0.0,0.0,0.0,0.004375535,0.004375535,0.0,0.0,0.004375535,0.004375535,0.0,0.0,0.0,0.0,0.004375535,0.004375535,0.004375535,0.004375535,Uniaxial,0.9894999861717224
2.191114608807317e-28,127330.203125,1888.521728515625,0.0,0.9087399840354919,0.0,-0.0059235,0.004379135,0.004379135,1.7041244e-19,-1.6517142e-20,-1.949764e-19,-0.004858648,0.004166165,0.004166165,6.262041e-20,-3.9474884e-20,-6.1392886e-20,886753.0,-886753.0,-886753.0,886753.0,886753.0,-886753.0,-886753.0,886753.0,3.686957e-11,1.5830975e-10,0.0,0.0,-1.3356026e-10,-1.2120074e-11,0.0,0.0,5.282996e-11,9.985311e-11,-7.057671e-11,-1.1759986e-10,0.0,0.0,0.0,0.0,-3547012.0,-4.9498988e-11,3.5493507e-11,1.4960591e-10,3.186334e-11,-1.8540222e-10,-1e-45,-0.0059235,-0.0059235,-1e-45,-1e-45,-0.0059235,-0.0059235,-1e-45,-0.0,-0.0,0.004379135,0.004379135,-0.0,-0.0,0.004379135,0.004379135,-0.0,-0.0,-0.0,-0.0,0.004379135,0.004379135,0.004379135,0.004379135,Uniaxial,0.9915000200271606
2.224824160623927e-28,127394.59375,1952.9075927734375,0.0,0.9087399840354919,0.0,-0.0059415,0.004382735,0.004382735,1.1726112e-19,2.3611043e-20,-1.853414e-19,-0.004858648,0.004166165,0.004166165,6.262041e-20,-3.9474884e-20,-6.1392886e-20,901742.44,-901742.44,-901742.44,901742.44,901742.44,-901742.44,-901742.44,901742.44,1.2323721e-11,9.687921e-11,0.0,0.0,-1.3587409e-10,-5.13186e-11,0.0,0.0,5.1108964e-11,1.1043358e-10,-6.885572e-11,-1.2818034e-10,0.0,0.0,0.0,0.0,-3606969.8,7.798976e-11,3.5493507e-11,7.583653e-11,8.7557746e-11,-1.7202968e-10,1e-45,-0.0059415,-0.0059415,1e-45,0.0,-0.0059415,-0.0059415,1e-45,0.0,0.0,0.004382735,0.004382735,0.0,0.0,0.004382735,0.004382735,0.0,0.0,0.0,0.0,0.004382735,0.004382735,0.004382735,0.004382735,Uniaxial,0.9934999942779541
2.5956280269004193e-28,127460.0546875,2018.37255859375,0.0,0.9087399840354919,0.0,-0.0059595,0.004386335,0.004386335,1.2350799e-19,-3.0493186e-20,-1.5230711e-19,-0.004858648,0.004166165,0.004166165,6.262041e-20,-3.9474884e-20,-6.1392886e-20,916731.9,-916731.9,-916731.9,916731.9,916731.9,-916731.9,-916731.9,916731.9,3.5487887e-11,1.0883269e-10,0.0,0.0,-1.0533132e-10,-3.1986518e-11,0.0,0.0,9.314315e-11,1.3046754e-10,-2.5897407e-11,-6.3221796e-11,0.0,0.0,0.0,0.0,-3666927.5,-7.0027404e-12,-1.3449149e-10,8.450664e-11,1.2465812e-11,-1.26181e-10,-1e-45,-0.0059595,-0.0059595,-1e-45,-0.0,-0.0059595,-0.0059595,-1e-45,0.0,-0.0,0.004386335,0.004386335,-0.0,-0.0,0.004386335,0.004386335,-0.0,0.0,0.0,-0.0,0.004386335,0.004386335,0.004386335,0.004386335,Uniaxial,0.9955000281333923
2.4270807492998564e-28,127526.6015625,2084.9169921875,0.0,0.9087399840354919,0.0,-0.0059775,0.004389935,0.004389935,8.909728e-20,1.8846483e-20,-1.5018953e-19,-0.004858648,0.004166165,0.004166165,6.262041e-20,-3.9474884e-20,-6.1392886e-20,931721.4,-931721.4,-931721.4,931721.4,931721.4,-931721.4,-931721.4,931721.4,1.1535895e-10,1.6482422e-10,0.0,0.0,-5.508223e-11,-5.6169583e-12,0.0,0.0,6.7515736e-11,1.2353396e-10,-2.6999548e-13,-5.6288217e-11,0.0,0.0,0.0,0.0,-3726885.5,-2.1948399e-10,-1.3449149e-10,3.6747577e-11,8.094496e-11,-1.2324197e-10,1e-45,-0.0059775,-0.0059775,1e-45,1e-45,-0.0059775,-0.0059775,1e-45,-0.0,-0.0,0.004389935,0.004389935,-0.0,0.0,0.004389935,0.004389935,0.0,-0.0,-0.0,0.0,0.004389935,0.004389935,0.004389935,0.004389935,Uniaxial,0.9975000023841858
1.6517633445596402e-28,127594.2265625,2152.54052734375,0.0,0.9087399840354919,0.0,-0.0059955,0.004393535,0.004393535,1.031792e-19,-3.0493186e-20,-2.0387024e-19,-0.004858648,0.004166165,0.004166165,6.262041e-20,-3.9474884e-20,-6.1392886e-20,946710.8,-946710.8,-946710.8,946710.8,946710.8,-946710.8,-946710.8,946710.8,1.3014883e-11,7.225239e-11,0.0,0.0,-1.324954e-10,-7.3257886e-11,0.0,0.0,8.408392e-11,9.031683e-11,-1.01830676e-10,-1.08063586e-10,0.0,0.0,0.0,0.0,-3786843.2,1.2048601e-10,3.5493507e-11,5.6292054e-11,1.2465812e-11,-1.977461e-10,-1e-45,-0.0059955,-0.0059955,-1e-45,-0.0,-0.0059955,-0.0059955,-0.0,0.0,0.0,0.004393535,0.004393535,0.0,0.0,0.004393535,0.004393535,0.0,0.0,0.0,0.0,0.004393535,0.004393535,0.004393535,0.004393535,Uniaxial,0.9994999766349792
2.32595233459127e-28,127611.2734375,2155.6259765625,0.0,0.9087399840354919,0.0,-0.006,0.004396858,0.004396858,1.07520245e-19,-4.1186977e-20,-1.8587079e-19,-0.004862333,0.004169325,0.004169325,6.284443e-20,-3.9483428e-20,-6.2013957e-20,947389.1,-947389.1,-947389.1,947389.1,947389.1,-947389.1,-947389.1,947389.1,0.11526136,0.11526136,0.0,0.0,0.11526136,0.11526136,0.0,0.0,0.11526136,0.11526136,0.11526136,0.11526136,0.0,0.0,0.0,0.0,-3789556.5,-0.46104544,-0.46104544,6.2006116e-11,-2.3643776e-12,-1.7190245e-10,1.7762341e-34,-0.006,-0.006,1.7762341e-34,1.7762341e-34,-0.006,-0.006,1.7762341e-34,2.2812465e-35,2.2812465e-35,0.004396858,0.004396858,2.2812465e-35,2.2812465e-35,0.004396858,0.004396858,2.2812465e-35,2.2812465e-35,2.2812465e-35,2.2812465e-35,0.004396858,0.004396858,0.004396858,0.004396858,Uniaxial,1.0
