source_id	pdf_page	caption	score	keywords	text	context
REF008_He2024	4	False	1	DTU	(2) 多体动力学模型建立：本文以现实中的混合式塔架与 DTU 10MW 风力机	下的广义荷载。 | (2) 多体动力学模型建立：本文以现实中的混合式塔架与 DTU 10MW 风力机 | 为基础，并采用欧拉-拉格朗日方程推导简化模型的动力学方程，建立 8 自由度的
REF008_He2024	4	False	1	OpenFAST	混塔式风力机的多体动力学数值模型。同时采用 OpenFAST 软件对其进行了验证。	为基础，并采用欧拉-拉格朗日方程推导简化模型的动力学方程，建立 8 自由度的 | 混塔式风力机的多体动力学数值模型。同时采用 OpenFAST 软件对其进行了验证。 | (3) 多体动力学-有限元混合模型建立：本文在多体动力学数值模型基础上，引
REF008_He2024	5	False	1	steel-concrete	The steel-concrete hybrid tower of a wind turbine is composed of an upper steel	The steel-concrete hybrid tower of a wind turbine is composed of an upper steel | frame and a lower concrete frame. Due to the structural differences between the hybrid
REF008_He2024	5	False	1	DTU	hybrid tower and the DTU 10MW wind turbine, deriving the dynamics equations of a	(2) Dynamic Model Development: This paper bases its study on a real-world | hybrid tower and the DTU 10MW wind turbine, deriving the dynamics equations of a | simplified model using Euler-Lagrange equations and establishing an 8-degree-of-
REF008_He2024	5	False	1	OpenFAST	model is validated using the OpenFAST software.	freedom multi-body dynamics numerical model of the hybrid tower wind turbine. The | model is validated using the OpenFAST software. | (3) Multi-Body Dynamics-Finite Element Hybrid Model: Building on the multi-
REF008_He2024	5	False	1	finite element	(3) Multi-Body Dynamics-Finite Element Hybrid Model: Building on the multi-	model is validated using the OpenFAST software. | (3) Multi-Body Dynamics-Finite Element Hybrid Model: Building on the multi- | body dynamics numerical model, the finite element method is introduced to compute
REF008_He2024	5	False	1	finite element	body dynamics numerical model, the finite element method is introduced to compute	(3) Multi-Body Dynamics-Finite Element Hybrid Model: Building on the multi- | body dynamics numerical model, the finite element method is introduced to compute | the hybrid tower model, resulting in a multi-body dynamics-finite element hybrid
REF008_He2024	5	False	1	finite element	the hybrid tower model, resulting in a multi-body dynamics-finite element hybrid	body dynamics numerical model, the finite element method is introduced to compute | the hybrid tower model, resulting in a multi-body dynamics-finite element hybrid | model. The model’s validity is confirmed by comparing the frequency spectrum and
REF008_He2024	5	False	1	finite element	dynamics numerical model and the multi-body dynamics-finite element hybrid model	(4) Model Response Analysis: The paper analyzes the response of the multi-body | dynamics numerical model and the multi-body dynamics-finite element hybrid model | under different load conditions, further elucidating the advantages and disadvantages
REF008_He2024	5	False	1	finite element	dynamics-finite element hybrid model.	of both modeling approaches and demonstrating the necessity of the multi-body | dynamics-finite element hybrid model.
REF008_He2024	6	False	1	finite element	Finite element modeling; Reliability analysis	Key Words: Large onshore hybrid wind turbines; Multi-body dynamics modeling; | Finite element modeling; Reliability analysis
REF008_He2024	9	True	3		图 2-1 风速场示意图 .................................................................................................9	图 2-1 风速场示意图 .................................................................................................9 | 图 2-2 轮毂中心处风速时程图 ..................................................................................9
REF008_He2024	9	True	3		图 2-2 轮毂中心处风速时程图 ..................................................................................9	图 2-1 风速场示意图 .................................................................................................9 | 图 2-2 轮毂中心处风速时程图 ..................................................................................9 | 图 2-3 轮毂中心处自谱对比 ......................................................................................9
REF008_He2024	9	True	3		图 2-3 轮毂中心处自谱对比 ......................................................................................9	图 2-2 轮毂中心处风速时程图 ..................................................................................9 | 图 2-3 轮毂中心处自谱对比 ......................................................................................9 | 图 2-4 动量理论模型 ............................................................................................... 10
REF008_He2024	9	True	3		图 2-4 动量理论模型 ............................................................................................... 10	图 2-3 轮毂中心处自谱对比 ......................................................................................9 | 图 2-4 动量理论模型 ............................................................................................... 10 | 图 2-5 叶片与叶素示意图 ........................................................................................ 10
REF008_He2024	9	True	3		图 2-5 叶片与叶素示意图 ........................................................................................ 10	图 2-4 动量理论模型 ............................................................................................... 10 | 图 2-5 叶片与叶素示意图 ........................................................................................ 10 | 图 3-1 混塔式风力机示意图 .................................................................................... 17
REF008_He2024	9	True	3		图 3-1 混塔式风力机示意图 .................................................................................... 17	图 2-5 叶片与叶素示意图 ........................................................................................ 10 | 图 3-1 混塔式风力机示意图 .................................................................................... 17 | 图 3-2 叶片局部图示意图 ........................................................................................ 17
REF008_He2024	9	True	3		图 3-2 叶片局部图示意图 ........................................................................................ 17	图 3-1 混塔式风力机示意图 .................................................................................... 17 | 图 3-2 叶片局部图示意图 ........................................................................................ 17 | 图 3-3 钢筋混凝土段截面图 .................................................................................... 20
REF008_He2024	9	True	3		图 3-3 钢筋混凝土段截面图 .................................................................................... 20	图 3-2 叶片局部图示意图 ........................................................................................ 17 | 图 3-3 钢筋混凝土段截面图 .................................................................................... 20 | 图 3-4 混塔示意简图 ............................................................................................... 24
REF008_He2024	9	True	3		图 3-4 混塔示意简图 ............................................................................................... 24	图 3-3 钢筋混凝土段截面图 .................................................................................... 20 | 图 3-4 混塔示意简图 ............................................................................................... 24 | 图 3-5 有限元模型 ................................................................................................... 24
REF008_He2024	9	True	3		图 3-5 有限元模型 ................................................................................................... 24	图 3-4 混塔示意简图 ............................................................................................... 24 | 图 3-5 有限元模型 ................................................................................................... 24 | 图 3-6Abaqus 振型图 ............................................................................................... 25
REF008_He2024	9	True	3		图 3-6Abaqus 振型图 ............................................................................................... 25	图 3-5 有限元模型 ................................................................................................... 24 | 图 3-6Abaqus 振型图 ............................................................................................... 25 | 图 3-7 振型拟合图 ................................................................................................... 25
REF008_He2024	9	True	3		图 3-7 振型拟合图 ................................................................................................... 25	图 3-6Abaqus 振型图 ............................................................................................... 25 | 图 3-7 振型拟合图 ................................................................................................... 25 | 图 3-8 自由衰减频谱对比 ........................................................................................ 26
REF008_He2024	9	True	3		图 3-8 自由衰减频谱对比 ........................................................................................ 26	图 3-7 振型拟合图 ................................................................................................... 25 | 图 3-8 自由衰减频谱对比 ........................................................................................ 26 | 图 3-9 自由衰减时程对比 ........................................................................................ 26
REF008_He2024	9	True	3		图 3-9 自由衰减时程对比 ........................................................................................ 26	图 3-8 自由衰减频谱对比 ........................................................................................ 26 | 图 3-9 自由衰减时程对比 ........................................................................................ 26 | 图 3-10 位移时程响应对比 ...................................................................................... 27
REF008_He2024	9	True	3		图 3-10 位移时程响应对比 ...................................................................................... 27	图 3-9 自由衰减时程对比 ........................................................................................ 26 | 图 3-10 位移时程响应对比 ...................................................................................... 27 | 图 4-1 联合仿真模型简图 ........................................................................................ 29
REF008_He2024	9	True	3		图 4-1 联合仿真模型简图 ........................................................................................ 29	图 3-10 位移时程响应对比 ...................................................................................... 27 | 图 4-1 联合仿真模型简图 ........................................................................................ 29 | 图 4-2 联合仿真模型：力-力耦合 ........................................................................... 29
REF008_He2024	9	True	3		图 4-2 联合仿真模型：力-力耦合 ........................................................................... 29	图 4-1 联合仿真模型简图 ........................................................................................ 29 | 图 4-2 联合仿真模型：力-力耦合 ........................................................................... 29 | 图 4-3 联合仿真系统简图 ........................................................................................ 29
REF008_He2024	9	True	3		图 4-3 联合仿真系统简图 ........................................................................................ 29	图 4-2 联合仿真模型：力-力耦合 ........................................................................... 29 | 图 4-3 联合仿真系统简图 ........................................................................................ 29 | 图 4-4 混塔式风力机联合仿真模型（混合模型）架构 ......................................... 31
REF008_He2024	9	True	4	31	图 4-4 混塔式风力机联合仿真模型（混合模型）架构 ......................................... 31	图 4-3 联合仿真系统简图 ........................................................................................ 29 | 图 4-4 混塔式风力机联合仿真模型（混合模型）架构 ......................................... 31 | 图 4-5 求解迭代流程图 ........................................................................................... 32
REF008_He2024	9	True	3		图 4-5 求解迭代流程图 ........................................................................................... 32	图 4-4 混塔式风力机联合仿真模型（混合模型）架构 ......................................... 31 | 图 4-5 求解迭代流程图 ........................................................................................... 32 | 图 4-6 OpenSEES 钢筋混凝土塔段截面示意图 ...................................................... 33
REF008_He2024	9	True	3		图 4-6 OpenSEES 钢筋混凝土塔段截面示意图 ...................................................... 33	图 4-5 求解迭代流程图 ........................................................................................... 32 | 图 4-6 OpenSEES 钢筋混凝土塔段截面示意图 ...................................................... 33 | 图 4-7 OpenSEES 混塔模型图 ................................................................................. 33
REF008_He2024	9	True	3		图 4-7 OpenSEES 混塔模型图 ................................................................................. 33	图 4-6 OpenSEES 钢筋混凝土塔段截面示意图 ...................................................... 33 | 图 4-7 OpenSEES 混塔模型图 ................................................................................. 33 | 图 4-8 位移-力曲线对比 .......................................................................................... 34
REF008_He2024	9	True	3		图 4-8 位移-力曲线对比 .......................................................................................... 34	图 4-7 OpenSEES 混塔模型图 ................................................................................. 33 | 图 4-8 位移-力曲线对比 .......................................................................................... 34 | 图 4-9 OpenSEES，Abaqus 应力对比 ..................................................................... 35
REF008_He2024	9	True	3		图 4-9 OpenSEES，Abaqus 应力对比 ..................................................................... 35	图 4-8 位移-力曲线对比 .......................................................................................... 34 | 图 4-9 OpenSEES，Abaqus 应力对比 ..................................................................... 35 | 图 4-10 混合模型时程响应对比 ............................................................................. 37
REF008_He2024	9	True	3		图 4-10 混合模型时程响应对比 ............................................................................. 37	图 4-9 OpenSEES，Abaqus 应力对比 ..................................................................... 35 | 图 4-10 混合模型时程响应对比 ............................................................................. 37 | 图 4-11 小风速下非线性混合模型的时程响应对比 ............................................... 37
REF008_He2024	9	True	3		图 4-11 小风速下非线性混合模型的时程响应对比 ............................................... 37	图 4-10 混合模型时程响应对比 ............................................................................. 37 | 图 4-11 小风速下非线性混合模型的时程响应对比 ............................................... 37 | 图 5-1 1973-2023 年 10m 高度处风速 ..................................................................... 40
REF008_He2024	9	True	3		图 5-1 1973-2023 年 10m 高度处风速 ..................................................................... 40	图 4-11 小风速下非线性混合模型的时程响应对比 ............................................... 37 | 图 5-1 1973-2023 年 10m 高度处风速 ..................................................................... 40 | 图 5-2 不同启动方式对模型动态响应的影响 ......................................................... 41
REF008_He2024	9	True	3		图 5-2 不同启动方式对模型动态响应的影响 ......................................................... 41	图 5-1 1973-2023 年 10m 高度处风速 ..................................................................... 40 | 图 5-2 不同启动方式对模型动态响应的影响 ......................................................... 41 | 图 5-3 不同风况下塔顶位移时程响应 .................................................................... 42
REF008_He2024	9	True	3		图 5-3 不同风况下塔顶位移时程响应 .................................................................... 42	图 5-2 不同启动方式对模型动态响应的影响 ......................................................... 41 | 图 5-3 不同风况下塔顶位移时程响应 .................................................................... 42 | 图 5-4 正常风速下底层塔应力应变时程 ................................................................ 43
REF008_He2024	9	True	3		图 5-4 正常风速下底层塔应力应变时程 ................................................................ 43	图 5-3 不同风况下塔顶位移时程响应 .................................................................... 42 | 图 5-4 正常风速下底层塔应力应变时程 ................................................................ 43 | 图 5-5 极端风速下底层塔应力应变时程 ................................................................ 44
REF008_He2024	9	True	3		图 5-5 极端风速下底层塔应力应变时程 ................................................................ 44	图 5-4 正常风速下底层塔应力应变时程 ................................................................ 43 | 图 5-5 极端风速下底层塔应力应变时程 ................................................................ 44
REF008_He2024	10	True	3		图 5-6 人工地震波时程曲线 .................................................................................... 46	图 5-6 人工地震波时程曲线 .................................................................................... 46 | 图 5-7 天然地震波作用下风力机塔架顶部位移时程响应 ..................................... 48
REF008_He2024	10	True	3		图 5-7 天然地震波作用下风力机塔架顶部位移时程响应 ..................................... 48	图 5-6 人工地震波时程曲线 .................................................................................... 46 | 图 5-7 天然地震波作用下风力机塔架顶部位移时程响应 ..................................... 48 | 图 5-8 天然地震波下风力机塔顶前后向加速度时程 ............................................. 49
REF008_He2024	10	True	3		图 5-8 天然地震波下风力机塔顶前后向加速度时程 ............................................. 49	图 5-7 天然地震波作用下风力机塔架顶部位移时程响应 ..................................... 48 | 图 5-8 天然地震波下风力机塔顶前后向加速度时程 ............................................. 49 | 图 5-9 天然地震作用下风力机底层塔应力时程 ..................................................... 50
REF008_He2024	10	True	3		图 5-9 天然地震作用下风力机底层塔应力时程 ..................................................... 50	图 5-8 天然地震波下风力机塔顶前后向加速度时程 ............................................. 49 | 图 5-9 天然地震作用下风力机底层塔应力时程 ..................................................... 50 | 图 5-10 人工地震波作用下塔体位移时程 ............................................................... 51
REF008_He2024	10	True	3		图 5-10 人工地震波作用下塔体位移时程 ............................................................... 51	图 5-9 天然地震作用下风力机底层塔应力时程 ..................................................... 50 | 图 5-10 人工地震波作用下塔体位移时程 ............................................................... 51 | 图 5-11 人工地震波下风力机塔顶前后向加速度时程 ........................................... 52
REF008_He2024	10	True	3		图 5-11 人工地震波下风力机塔顶前后向加速度时程 ........................................... 52	图 5-10 人工地震波作用下塔体位移时程 ............................................................... 51 | 图 5-11 人工地震波下风力机塔顶前后向加速度时程 ........................................... 52 | 图 6-1 风力机模拟软件框架 .................................................................................... 55
REF008_He2024	10	True	3		图 6-1 风力机模拟软件框架 .................................................................................... 55	图 5-11 人工地震波下风力机塔顶前后向加速度时程 ........................................... 52 | 图 6-1 风力机模拟软件框架 .................................................................................... 55 | 图 6-2 OpenSEES 交互模块 ..................................................................................... 57
REF008_He2024	10	True	3		图 6-2 OpenSEES 交互模块 ..................................................................................... 57	图 6-1 风力机模拟软件框架 .................................................................................... 55 | 图 6-2 OpenSEES 交互模块 ..................................................................................... 57 | 图 6-3 OpenSEES 交互模块：时变荷载时间序列 .................................................. 57
REF008_He2024	10	True	3		图 6-3 OpenSEES 交互模块：时变荷载时间序列 .................................................. 57	图 6-2 OpenSEES 交互模块 ..................................................................................... 57 | 图 6-3 OpenSEES 交互模块：时变荷载时间序列 .................................................. 57 | 图 6-4 OpenSEES 交互模块：步进器接口 .............................................................. 58
REF008_He2024	10	True	3		图 6-4 OpenSEES 交互模块：步进器接口 .............................................................. 58	图 6-3 OpenSEES 交互模块：时变荷载时间序列 .................................................. 57 | 图 6-4 OpenSEES 交互模块：步进器接口 .............................................................. 58 | 图 6-5 OpenSEES 交互模块：结果输出接口 .......................................................... 59
REF008_He2024	10	True	3		图 6-5 OpenSEES 交互模块：结果输出接口 .......................................................... 59	图 6-4 OpenSEES 交互模块：步进器接口 .............................................................. 58 | 图 6-5 OpenSEES 交互模块：结果输出接口 .......................................................... 59 | 图 6-6 风场计算 Python 示例代码 ........................................................................... 60
REF008_He2024	10	True	3		图 6-6 风场计算 Python 示例代码 ........................................................................... 60	图 6-5 OpenSEES 交互模块：结果输出接口 .......................................................... 59 | 图 6-6 风场计算 Python 示例代码 ........................................................................... 60 | 图 6-7 风力机动态响应求解 Python 示例代码 ....................................................... 61
REF008_He2024	10	True	3		图 6-7 风力机动态响应求解 Python 示例代码 ....................................................... 61	图 6-6 风场计算 Python 示例代码 ........................................................................... 60 | 图 6-7 风力机动态响应求解 Python 示例代码 ....................................................... 61 | 图 6-8 系统矩阵计算函数示例 ................................................................................ 61
REF008_He2024	10	True	3		图 6-8 系统矩阵计算函数示例 ................................................................................ 61	图 6-7 风力机动态响应求解 Python 示例代码 ....................................................... 61 | 图 6-8 系统矩阵计算函数示例 ................................................................................ 61 | 图 6-9 系统矩阵函数传入示例 ................................................................................ 62
REF008_He2024	10	True	3		图 6-9 系统矩阵函数传入示例 ................................................................................ 62	图 6-8 系统矩阵计算函数示例 ................................................................................ 61 | 图 6-9 系统矩阵函数传入示例 ................................................................................ 62 | 图 6-10 Python 中执行 TCL 语句示例 .................................................................... 62
REF008_He2024	10	True	3		图 6-10 Python 中执行 TCL 语句示例 .................................................................... 62	图 6-9 系统矩阵函数传入示例 ................................................................................ 62 | 图 6-10 Python 中执行 TCL 语句示例 .................................................................... 62 | 图 6-11 SimpleSolverGUI 软件主界面 .................................................................... 63
REF008_He2024	10	True	3		图 6-11 SimpleSolverGUI 软件主界面 .................................................................... 63	图 6-10 Python 中执行 TCL 语句示例 .................................................................... 62 | 图 6-11 SimpleSolverGUI 软件主界面 .................................................................... 63 | 图 6-12 SimpleSolverGUI 软件各模块参数设置界面 ............................................. 64
REF008_He2024	10	True	3		图 6-12 SimpleSolverGUI 软件各模块参数设置界面 ............................................. 64	图 6-11 SimpleSolverGUI 软件主界面 .................................................................... 63 | 图 6-12 SimpleSolverGUI 软件各模块参数设置界面 ............................................. 64 | 图 6-13 SimpleSolverGUI 数据绘图界面 ................................................................ 64
REF008_He2024	10	True	3		图 6-13 SimpleSolverGUI 数据绘图界面 ................................................................ 64	图 6-12 SimpleSolverGUI 软件各模块参数设置界面 ............................................. 64 | 图 6-13 SimpleSolverGUI 数据绘图界面 ................................................................ 64 | 图 7-1 不同风速下线性模型与非线性模型在机舱前后方向位移极值的概率密度曲
REF008_He2024	10	True	3		图 7-1 不同风速下线性模型与非线性模型在机舱前后方向位移极值的概率密度曲	图 6-13 SimpleSolverGUI 数据绘图界面 ................................................................ 64 | 图 7-1 不同风速下线性模型与非线性模型在机舱前后方向位移极值的概率密度曲 | 线对比 ....................................................................................................................... 68
REF008_He2024	10	True	3		图 7-2 不同风速下线性模型与非线性模型在机舱前后方向位移极值的超越概率曲	线对比 ....................................................................................................................... 68 | 图 7-2 不同风速下线性模型与非线性模型在机舱前后方向位移极值的超越概率曲 | 线对比 ....................................................................................................................... 68
REF008_He2024	10	True	3		图 7-3 不同风速线性模型机舱前后位移极值分布曲线 ......................................... 69	线对比 ....................................................................................................................... 68 | 图 7-3 不同风速线性模型机舱前后位移极值分布曲线 ......................................... 69 | 图 7-4 不同风速非线性模型机舱前后位移极值分布曲线 ..................................... 69
REF008_He2024	10	True	3		图 7-4 不同风速非线性模型机舱前后位移极值分布曲线 ..................................... 69	图 7-3 不同风速线性模型机舱前后位移极值分布曲线 ......................................... 69 | 图 7-4 不同风速非线性模型机舱前后位移极值分布曲线 ..................................... 69 | 图 7-5 混塔塔顶前后方向加速度柱状图 ................................................................ 70
REF008_He2024	10	True	3		图 7-5 混塔塔顶前后方向加速度柱状图 ................................................................ 70	图 7-4 不同风速非线性模型机舱前后位移极值分布曲线 ..................................... 69 | 图 7-5 混塔塔顶前后方向加速度柱状图 ................................................................ 70 | 图 7-6 风力机风荷载易损性曲线 ............................................................................ 71
REF008_He2024	10	True	3		图 7-6 风力机风荷载易损性曲线 ............................................................................ 71	图 7-5 混塔塔顶前后方向加速度柱状图 ................................................................ 70 | 图 7-6 风力机风荷载易损性曲线 ............................................................................ 71
REF008_He2024	11	False	1	DTU	表格 3-1 DTU 10MW 风力机参数 ........................................................................... 22	表格 2-1 不同场地类别与风切变指数取值 ...............................................................8 | 表格 3-1 DTU 10MW 风力机参数 ........................................................................... 22 | 表格 3-2 钢筋混凝土塔段几何属性 ........................................................................ 23
REF008_He2024	14	False	1	31	估计高振型下塔的抗震设计力。Zhang 等 [31] 利用 OpenSEES 建立了风力机塔架有	合式塔架的结论。Huang 等 [30] 导出了一组快速计算固有频率和振型的方程，用于 | 估计高振型下塔的抗震设计力。Zhang 等 [31] 利用 OpenSEES 建立了风力机塔架有
REF008_He2024	15	False	1	OpenFAST	限元模型，并利用 OpenFAST 等软件对荷载进行了验证。	限元模型，并利用 OpenFAST 等软件对荷载进行了验证。 | 然而，上述的研究多数将研究的重点集中模态、频率上，并采用模态法评估
REF008_He2024	16	False	1	OpenFAST	型，并介绍了本文所采用的风力机模型信息。最后采用 OpenFAST 软件对本文建	第 3 章：主要基于欧拉-拉格朗日方程推导了混塔式风力机的多体动力学模 | 型，并介绍了本文所采用的风力机模型信息。最后采用 OpenFAST 软件对本文建 | 立的动力学模型进行了校验。
REF008_He2024	19	False	1	31	31× 31 网格点平面，网格平面的高和宽均为 180 m。为了在最大程度上覆盖风力机	采用快速傅里叶变换模拟生成所需的风速时程场 [10,51] 。如图 2-1 所示，建立一个 | 31× 31 网格点平面，网格平面的高和宽均为 180 m。为了在最大程度上覆盖风力机 | 的同时减小网格平面的尺寸，网格的上边缘被设置为略高于风力机叶片能达到的
REF008_He2024	20	True	3		图 2-1 风速场示意图	图 2-1 风速场示意图
REF008_He2024	20	True	3		图 2-2 轮毂中心处风速时程图 图 2-3 轮毂中心处自谱对比	图 2-2 轮毂中心处风速时程图 图 2-3 轮毂中心处自谱对比
REF008_He2024	21	True	3		图 2-4 动量理论模型	图 2-4 动量理论模型 | 而根据叶素理论，可以将叶片离散为多个叶素单元，每个叶素单元位于上述
REF008_He2024	21	True	3		图 2-5 叶片与叶素示意图	a.叶片离散 b.叶素截面 | 图 2-5 叶片与叶素示意图 | 定义入流 角 φ 为相对风 速 Vrel 流入 的方向 与叶片 转动平面 方向的夹角 ，则有：
REF008_He2024	26	False	1	31	M 1tow = ∫ M φt1ow dl (2.31)	H tow | M 1tow = ∫ M φt1ow dl (2.31) | 0
REF008_He2024	27	False	1	DTU	获得，因此本研究参考了开源的 DTU 10MW 的风力机模型 [55] 来构建风力机的叶	的风机项目，将建立混合塔式风力机的塔体部分。鉴于风力机上部结构通常难以 | 获得，因此本研究参考了开源的 DTU 10MW 的风力机模型 [55] 来构建风力机的叶 | 轮部分。本文将以此建立的混合塔式风力机作为研究分析的对象。
REF008_He2024	28	True	3		图 3-1 混塔式风力机示意图	a.混塔式风力机示意图-正视图 b.混塔式风力机示意图-侧视图 | 图 3-1 混塔式风力机示意图 | 在正常运行条件下，为了将风能转换为电能，叶片将绕着轮毂中心旋转，因
REF008_He2024	28	True	3		图 3-2 叶片局部图示意图	叶片局部图-正视图 叶片局部图-侧视图 | 图 3-2 叶片局部图示意图 | 对于上述描述的 8 自由度（8-DOF）简化模型，可以基于欧拉-拉格朗日方程
REF008_He2024	31	True	3		图 3-3 钢筋混凝土段截面图	图 3-3 钢筋混凝土段截面图
REF008_He2024	32	False	1	DTU	10MW（DTU-10MW）风力机叶轮模型。	上，因此将不考虑基础的作用。而上部的叶轮则是采用了丹麦技术大学提供的 | 10MW（DTU-10MW）风力机叶轮模型。 | 其中叶轮的相关参数列于表格 3-1 中，而其余相关参数，如叶片的气动特性
REF008_He2024	32	False	1	DTU	等则可从 DTU 10MW 风力涡轮机说明中取用 [55] 。其中，对于 3.2 节中的叶片在摆	其中叶轮的相关参数列于表格 3-1 中，而其余相关参数，如叶片的气动特性 | 等则可从 DTU 10MW 风力涡轮机说明中取用 [55] 。其中，对于 3.2 节中的叶片在摆
REF008_He2024	33	False	1	DTU	表格 3-1 DTU 10MW 风力机参数	其中 r 为叶片上某点相对于叶片根部的相对距离，即 r = r / 89.2 。 | 表格 3-1 DTU 10MW 风力机参数
REF008_He2024	33	False	1	158	全长为 158m ，其中钢筋混凝土塔段长 112m ，钢塔段长 46m 。表格 3-2 与表格 3-3	如图 3-4 所示，该模型的塔体下部为钢筋混凝土塔和上部为钢塔，整体塔身 | 全长为 158m ，其中钢筋混凝土塔段长 112m ，钢塔段长 46m 。表格 3-2 与表格 3-3 | 展示了各个塔节相对应几何属性，值得注意的是，表中的几何尺寸均为每一塔段
REF008_He2024	34	False	1	31	32.76 6.90 312.50 96 96	29.12 7.06 307.50 96 96 | 32.76 6.90 312.50 96 96 | 36.40 6.74 320.00 96 96
REF008_He2024	35	True	3		图 3-4 混塔示意简图 图 3-5 有限元模型	图 3-4 混塔示意简图 图 3-5 有限元模型 | 对上述的有限元模型进行振型分析，并在其一阶振型时沿着塔身高度抽样，
REF008_He2024	35	False	1	31	−0.99689h6 + 3.31473h5 − 4.57971h 4 + 3.08299h3 + 0.17888h 2 (3.24)	φ1t (h) = | −0.99689h6 + 3.31473h5 − 4.57971h 4 + 3.08299h3 + 0.17888h 2 (3.24) | 考虑到钢筋混凝土结构与钢结构不同的性质而导致其具有不同的位移角限值，
REF008_He2024	35	True	3		图 3-7 列出了钢筋混凝土塔塔顶的振型因子，可以看出本文所研究的混塔结构中，	考虑到钢筋混凝土结构与钢结构不同的性质而导致其具有不同的位移角限值， | 图 3-7 列出了钢筋混凝土塔塔顶的振型因子，可以看出本文所研究的混塔结构中， | 钢筋混凝土塔体的抗弯刚度是明显大于钢塔塔体的，这也说明了混塔结构的抗弯
REF008_He2024	36	True	3		图 3-6Abaqus 振型图 图 3-7 振型拟合图	图 3-6Abaqus 振型图 图 3-7 振型拟合图
REF008_He2024	36	False	1	OpenFAST	本节将分别采用本文建立的动力学模型和 OpenFAST 软件对本文建立的风力	本节将分别采用本文建立的动力学模型和 OpenFAST 软件对本文建立的风力 | 机模型进行建模以及响应计算，以此验证本文模型的准确性。OpenFAST 软件是
REF008_He2024	36	False	1	OpenFAST	机模型进行建模以及响应计算，以此验证本文模型的准确性。OpenFAST 软件是	本节将分别采用本文建立的动力学模型和 OpenFAST 软件对本文建立的风力 | 机模型进行建模以及响应计算，以此验证本文模型的准确性。OpenFAST 软件是 | 一个开源的风力机多体动力学仿真软件，能将气动力学、流体动力学、结构动力
REF008_He2024	36	False	2	DTU;OpenFAST	节将以 DTU 10MW 模型为基础，在 OpenFAST 软件中建立与本文一致的混塔式	学以及控制系统等进行耦合计算仿真，以计算风力机在时域响应的软件框架。本 | 节将以 DTU 10MW 模型为基础，在 OpenFAST 软件中建立与本文一致的混塔式 | 风力机模型用以验证。出于简化，两者的分析都将忽视叶片和机舱对塔身顶部产
REF008_He2024	36	False	1	OpenFAST	8-DOF 模型 OpenFAST Abaqus 混合模型（非线性）	8-DOF 模型 OpenFAST Abaqus 混合模型（非线性）
REF008_He2024	36	False	1	31	运行状态 0.1395 0.131 -- 0.1213	自由衰减 0.139 0.1289 0.1361 0.1349 | 运行状态 0.1395 0.131 -- 0.1213
REF008_He2024	36	False	1	OpenFAST	有频率与 OpenFAST 中大体一致，与 Abaqus 中的频率也十分接近。同时，亦可以	如表格 3-4 中第一行所示以及图 3-8，可知本章建立的多体动力学模型的固 | 有频率与 OpenFAST 中大体一致，与 Abaqus 中的频率也十分接近。同时，亦可以 | 对比本文建立的模型与 OpenFAST 中模型的自由衰减曲线，如图 3-9 所示，本文
REF008_He2024	36	False	1	OpenFAST	对比本文建立的模型与 OpenFAST 中模型的自由衰减曲线，如图 3-9 所示，本文	有频率与 OpenFAST 中大体一致，与 Abaqus 中的频率也十分接近。同时，亦可以 | 对比本文建立的模型与 OpenFAST 中模型的自由衰减曲线，如图 3-9 所示，本文 | 提出的模型与 OpenFAST 中的模型位移时程十分相近。
REF008_He2024	36	False	1	OpenFAST	提出的模型与 OpenFAST 中的模型位移时程十分相近。	对比本文建立的模型与 OpenFAST 中模型的自由衰减曲线，如图 3-9 所示，本文 | 提出的模型与 OpenFAST 中的模型位移时程十分相近。
REF008_He2024	37	True	3		图 3-8 自由衰减频谱对比	图 3-8 自由衰减频谱对比
REF008_He2024	37	True	3		图 3-9 自由衰减时程对比	图 3-9 自由衰减时程对比
REF008_He2024	37	False	1	OpenFAST	本小节将对本章提出的模型以及 OpenFAST 软件中的模型施加湍流风速，用	3.4.2 结构风荷载作用下的响应时程对比 | 本小节将对本章提出的模型以及 OpenFAST 软件中的模型施加湍流风速，用 | 以对比两者的位移时程响应与频谱，以此说明本章提出的动力学模型的准确性。
REF008_He2024	37	False	1	OpenFAST	如图 3-10 所示，本章提出的动力学模型与 OpenFAST 之间比较接近。其中	的位移响应进行对比验证。 | 如图 3-10 所示，本章提出的动力学模型与 OpenFAST 之间比较接近。其中 | 时程响应的主要区别位于前 100s 左右，此时风力机处于启动阶段，一般会将其舍
REF008_He2024	38	True	3		图 3-10 位移时程响应对比	图 3-10 位移时程响应对比
REF008_He2024	38	False	1	DTU	本 章 主要在基于现有 的陆上混 塔式风力机 与 DTU 10MW 风力机建立了 8-	本 章 主要在基于现有 的陆上混 塔式风力机 与 DTU 10MW 风力机建立了 8- | DOF 的混塔式风力机数值模型，并对其进行了频率、时程位移等的验证。具体研
REF008_He2024	38	False	1	DTU	(2) 本章研究的模型在 DTU 10MW 风力机模型的基础上，将其下部的支撑	格朗日方程推导了风力机的动力学方程。 | (2) 本章研究的模型在 DTU 10MW 风力机模型的基础上，将其下部的支撑 | 结构替换为现有的钢-钢筋混凝土混合塔架，并在 OpenFAST 中建立了相对应的风
REF008_He2024	38	False	1	OpenFAST	结构替换为现有的钢-钢筋混凝土混合塔架，并在 OpenFAST 中建立了相对应的风	(2) 本章研究的模型在 DTU 10MW 风力机模型的基础上，将其下部的支撑 | 结构替换为现有的钢-钢筋混凝土混合塔架，并在 OpenFAST 中建立了相对应的风 | 力机结构用以计算。同时采用大型商用有限元软件 Abaqus 建立混合塔架的有限
REF008_He2024	38	False	1	OpenFAST	(3) 最后本章采用 OpenFAST 软件模拟的风力机结果与本章建立的数值模型	元模型用于计算模态与频率。 | (3) 最后本章采用 OpenFAST 软件模拟的风力机结果与本章建立的数值模型 | 在自由衰减与湍流风场中的计算结果进行对比，说明了本章建立的数值模型的准
REF008_He2024	40	True	3		图 4-1 联合仿真模型简图 图 4-2 联合仿真模型：力-力耦合	图 4-1 联合仿真模型简图 图 4-2 联合仿真模型：力-力耦合 | 如图 4-2 所示，以及根据式(4.1)，可采用力-力耦合方式分离两个系统。每个
REF008_He2024	40	True	3		图 4-3 联合仿真系统简图	图 4-3 联合仿真系统简图 | 如图 4-3 所示，对于多体系统，可以使用欧拉-拉格朗日方程等方法推导其动
REF008_He2024	42	True	3		图 4-4 混塔式风力机联合仿真模型（混合模型）架构	图 4-4 混塔式风力机联合仿真模型（混合模型）架构 | 图 4-4 展示了混塔式风力机联合仿真系统的基本结构，本节将在该系统的基
REF008_He2024	42	True	3		图 4-4 展示了混塔式风力机联合仿真系统的基本结构，本节将在该系统的基	图 4-4 混塔式风力机联合仿真模型（混合模型）架构 | 图 4-4 展示了混塔式风力机联合仿真系统的基本结构，本节将在该系统的基 | 础上建立混塔式风力机的多体动力学-有限元混合模型（混合模型）。由图可见，
REF008_He2024	43	True	3		图 4-5 求解迭代流程图	图 4-5 求解迭代流程图 | 如图 4-5 所示，在实际的迭代求解中，对于每一个时间步，将会分解为多个
REF008_He2024	43	False	1	31	OpenSEES 中的混合塔架将由 31 节钢筋混凝土塔节与 4 节钢塔节组成，每个塔架	分 别 建 立 线 性与非线 性的 OpenSEES 有限元模型。与 Abaqus 中的模型一致， | OpenSEES 中的混合塔架将由 31 节钢筋混凝土塔节与 4 节钢塔节组成，每个塔架 | 将为一个单元。塔体底部为固定约束，由于塔体顶部的风力机轮毂荷载将由多体
REF008_He2024	44	True	3		图 4-6 OpenSEES 钢筋混凝土塔段截面示意图 图 4-7 OpenSEES 混塔模型图	图 4-6 OpenSEES 钢筋混凝土塔段截面示意图 图 4-7 OpenSEES 混塔模型图 | 对于线性模型与非线性模型，都将采用基于位移的梁柱单元建立，采用纤维的
REF008_He2024	45	True	3		图 4-8 位移-力曲线对比	图 4-8 位移-力曲线对比 | 在推覆计算中，Abaqus 模型与 OpenSEES 模型均采用位移的方式施加荷载，
REF008_He2024	46	True	3		图 4-9 OpenSEES，Abaqus 应力对比	c. OpenSEES 应力图-背面 d. OpenSEES 应力图-背面 | 图 4-9 OpenSEES，Abaqus 应力对比 | OpenSEES 的最大压应力为 29.7Mpa，出现在塔身偏上的位置；最大的拉应力
REF008_He2024	48	True	3		图 4-10 混合模型时程响应对比	图 4-10 混合模型时程响应对比
REF008_He2024	48	True	3		图 4-11 小风速下非线性混合模型的时程响应对比	图 4-11 小风速下非线性混合模型的时程响应对比
REF008_He2024	51	True	3		图 5-1 展示了该地从 1973 年至 2023 年在 10m 高度处的合成风速记录。	长期风速，采用风轮廓方程即可计算轮毂高度处的具体风速，如表格 5-1 所示。 | 图 5-1 展示了该地从 1973 年至 2023 年在 10m 高度处的合成风速记录。 | 表格 5-1 风速与湍流强度
REF008_He2024	51	True	3		图 5-1 1973-2023 年 10m 高度处风速	图 5-1 1973-2023 年 10m 高度处风速 | 根据规范《风力发电机组 设计要求》GBT 18451.1-2022，湍流标准差可以写
REF008_He2024	52	True	3		图 5-3 所示即为两种风况下塔顶位移时程的响应。对于正常风速的情况，多	影响，避免上一章提出的非线性模型提前进入塑性阶段。 | 图 5-3 所示即为两种风况下塔顶位移时程的响应。对于正常风速的情况，多 | 体动力学模型计算结果与非线性混合模型的计算结果接近，多体动力学模型的最
REF008_He2024	52	True	3		图 5-2 不同启动方式对模型动态响应的影响	图 5-2 不同启动方式对模型动态响应的影响
REF008_He2024	53	True	3		图 5-3 不同风况下塔顶位移时程响应	图 5-3 不同风况下塔顶位移时程响应 | 而对于极端风速工况下，如图 5-3 及表格 5-2 中所示，多体动力学模型中前
REF008_He2024	54	True	3		图 5-4 正常风速下底层塔应力应变时程	图 5-4 正常风速下底层塔应力应变时程
REF008_He2024	55	True	3		图 5-5 极端风速下底层塔应力应变时程	图 5-5 极端风速下底层塔应力应变时程
REF008_He2024	56	False	1	31	析的地震加速度时程的最大值为 310cm / s 2 。在本节分析中，将分别计算七条地震	地类别为二类场地。根据《建筑抗震设计规范》[70] ，对于罕遇地震其用作时程分 | 析的地震加速度时程的最大值为 310cm / s 2 。在本节分析中，将分别计算七条地震 | 波下风力机的动力响应。其中四条为天然地震波，三条为人工地震波。
REF008_He2024	56	False	1	31	预定的 310m / s 2 。以此能更准确地评估结构在不同强度地震作用下的响应和性能。	对于获取的地震波的原始数据，还将调幅处理，确保其最大加速度时程值达到了 | 预定的 310m / s 2 。以此能更准确地评估结构在不同强度地震作用下的响应和性能。 | 通过这种方法，将能够模拟结构在实际地震中可能遭受的影响，从而为结构设计
REF008_He2024	57	True	3		图 5-6 人工地震波时程曲线	c.人工地震波-2 | 图 5-6 人工地震波时程曲线 | 而式(5.5)中的 C (ω , t ) 表示为时频调制函数, 其有不同的表示方式，本文采用 [73] ：
REF008_He2024	59	True	3		图 5-7 天然地震波作用下风力机塔架顶部位移时程响应	图 5-7 天然地震波作用下风力机塔架顶部位移时程响应 | 此外，尽管 在天然地 震波的作用 下风力机 塔顶的位移 远小于湍 流风场作用下
REF008_He2024	60	True	3		图 5-9 展示了风力机塔底在自然地震波作用下各个应力应变监测点的应力分	风力机时，仅使用多体动力学模型可能存在的局限性。 | 图 5-9 展示了风力机塔底在自然地震波作用下各个应力应变监测点的应力分 | 布情况，与 5.2.2 节中描述的高风速状态下的应力相比较，当塔顶位移较小的情况
REF008_He2024	60	True	3		图 5-8 天然地震波下风力机塔顶前后向加速度时程	图 5-8 天然地震波下风力机塔顶前后向加速度时程 | 如图 5-10 所示，对风力机塔顶在人工地震波作用下的位移时程曲线进行分析。
REF008_He2024	61	True	3		图 5-9 天然地震作用下风力机底层塔应力时程	图 5-9 天然地震作用下风力机底层塔应力时程 | 与天然地震 波作用下 的塔顶位移 响应相似 ，人工地震 波作用下 多体动力学模
REF008_He2024	62	True	3		图 5-10 人工地震波作用下塔体位移时程	图 5-10 人工地震波作用下塔体位移时程 | 在人工地震 动的影响 下，风力机 塔顶加速 度在两种不 同的分析 模型中表现出
REF008_He2024	63	True	3		图 5-11 人工地震波下风力机塔顶前后向加速度时程	图 5-11 人工地震波下风力机塔顶前后向加速度时程
REF008_He2024	65	False	1	OpenFAST	例如 OpenFAST、GH-Bladed、HAWC2 等 [74] 。这些软件都能很好的模拟各种海上、	力机在复杂的环境荷载中的精确动态响应。现阶段，也有许多风力机仿真的软件， | 例如 OpenFAST、GH-Bladed、HAWC2 等 [74] 。这些软件都能很好的模拟各种海上、 | 陆上风力机在复杂风场中的动态响应，同时也在实际工程上得到了很好的应用。
REF008_He2024	66	True	3		图 6-1 风力机模拟软件框架	图 6-1 风力机模拟软件框架 | Python 扩展模块作为一个交互模块，使用简单易学的 Python 脚本来控制程序
REF008_He2024	68	True	3		图 6-2 OpenSEES 交互模块	图 6-2 OpenSEES 交互模块 | 在 OpenSEES 交互模块的设计中，求解控制器是一个关键组成部分，它涵盖
REF008_He2024	68	True	3		图 6-3 OpenSEES 交互模块：时变荷载时间序列	图 6-3 OpenSEES 交互模块：时变荷载时间序列 | 正如前文所 述，风力 机在随机风 场或地震 荷载作用下 的荷载是 依赖于上一时
REF008_He2024	69	True	3		图 6-4 OpenSEES 交互模块：步进器接口	图 6-4 OpenSEES 交互模块：步进器接口 | 输出模块负责 OpenSEES 有限元模型计算结果的输出。其不仅负责输出有限
REF008_He2024	70	True	3		图 6-5 OpenSEES 交互模块：结果输出接口	图 6-5 OpenSEES 交互模块：结果输出接口
REF008_He2024	71	True	3		图 6-6 风场计算 Python 示例代码	图 6-6 风场计算 Python 示例代码 | 如图 6-7，在计算结构响应时，需要指定风场计算的结果文件、气动力学求解
REF008_He2024	72	True	3		图 6-7 风力机动态响应求解 Python 示例代码	图 6-7 风力机动态响应求解 Python 示例代码
REF008_He2024	72	True	3		图 6-8 系统矩阵计算函数示例	图 6-8 系统矩阵计算函数示例 | 在定义与编写系统矩阵计算函数后，如图 6-9 所示，即可通过“VoidPointer”
REF008_He2024	73	True	3		图 6-9 系统矩阵函数传入示例	图 6-9 系统矩阵函数传入示例 | 实际上，此处求解器接受的仅为一个 C 风格的函数指针，采用“numba”编译
REF008_He2024	73	False	1	OpenFAST	如 OpenFAST 即可定义外部控制模块添加对风力机控制等的功能，但由于这类方	灵活性的问题，也能解决与风力机控制等相关模块或有限元二次开发的问题。例 | 如 OpenFAST 即可定义外部控制模块添加对风力机控制等的功能，但由于这类方 | 式通常采用动态库的方式进行，在编写诸如 C、Fortran 等难度较大的代码后还需
REF008_He2024	73	True	3		图 6-10 Python 中执行 TCL 语句示例	图 6-10 Python 中执行 TCL 语句示例 | 在仿真分析中，结果输出的管理和优化是提高计算效率和数据处理效率的重
REF008_He2024	74	True	3		图 6-11 SimpleSolverGUI 软件主界面	图 6-11 SimpleSolverGUI 软件主界面
REF008_He2024	75	True	3		图 6-12 SimpleSolverGUI 软件各模块参数设置界面	图 6-12 SimpleSolverGUI 软件各模块参数设置界面
REF008_He2024	75	True	3		图 6-13 SimpleSolverGUI 数据绘图界面	图 6-13 SimpleSolverGUI 数据绘图界面
REF008_He2024	77	False	1	31	下部的钢筋混凝土塔体由 31 节塔节组成，而上部的钢塔体则由 4 节塔节组成，在	混塔式风力 机的塔架 由下部的钢 筋混凝土 塔体与上部 的钢塔体 组成，而对于 | 下部的钢筋混凝土塔体由 31 节塔节组成，而上部的钢塔体则由 4 节塔节组成，在 | 本节中，将将各节塔节的厚度作为考察的随机变量之一。除此之外，还将钢材密
REF008_He2024	78	True	3		图 7-1，图 7-2 展示了不同风速下线性模型与非线性模型在机舱前后方向位	塔身前后方向的位移作为主要分析的对象。 | 图 7-1，图 7-2 展示了不同风速下线性模型与非线性模型在机舱前后方向位 | 移极值分布。可以发现，对于线性模型与非线性模型，在风速较小的条件下非线
REF008_He2024	79	True	3		图 7-1 不同风速下线性模型与非线性模型在机舱前后方向位移极值的概率密度曲线对比	图 7-1 不同风速下线性模型与非线性模型在机舱前后方向位移极值的概率密度曲线对比
REF008_He2024	79	True	3		图 7-2 不同风速下线性模型与非线性模型在机舱前后方向位移极值的超越概率曲线对比	图 7-2 不同风速下线性模型与非线性模型在机舱前后方向位移极值的超越概率曲线对比
REF008_He2024	80	True	3		图 7-3 不同风速线性模型机舱前后位移极值分布曲线	a.PDF b.POE | 图 7-3 不同风速线性模型机舱前后位移极值分布曲线
REF008_He2024	80	True	3		图 7-4 不同风速非线性模型机舱前后位移极值分布曲线	a.PDF b.POE | 图 7-4 不同风速非线性模型机舱前后位移极值分布曲线
REF008_He2024	81	True	3		图 7-5 混塔塔顶前后方向加速度柱状图	图 7-5 混塔塔顶前后方向加速度柱状图 | 规范中，对于线性分析与非线性分析具有不同的极限状态阈值，在本节中，对
REF008_He2024	81	True	3		图 7-6 展示了风力机塔顶前后方向位移的易损性曲线。可以看到，非线性模	非线性段，因此对于非线性模型，将同时采用两种极限位移作为分析的阈值。 | 图 7-6 展示了风力机塔顶前后方向位移的易损性曲线。可以看到，非线性模 | 型在使用 1.36m 为极限状态下的位移时，其在较大风速下的失效概率略大于线性
REF008_He2024	82	True	3		图 7-6 风力机风荷载易损性曲线	图 7-6 风力机风荷载易损性曲线
REF008_He2024	83	False	1	OpenFAST	文建立的多体动力学模型，本文采用 OpenFAST 软件进行了频率与位移时程的验	法，计算生成了覆盖风力机的湍流风场时程，用于风力机的动力学计算。对于本 | 文建立的多体动力学模型，本文采用 OpenFAST 软件进行了频率与位移时程的验 | 证，验证结果表面本文建立的多体动力学模型的准确性。
REF008_He2024	85	False	1	prestress	[13] Ma H, Zhang D. Seismic Response of a Prestressed Concrete Wind Turbine Tower.	with guaranteed convergence. Wind Energy, 2014, 17(9): 1327-1345 | [13] Ma H, Zhang D. Seismic Response of a Prestressed Concrete Wind Turbine Tower. | International Journal of Civil Engineering, 2016, 14(8): 561-571
REF008_He2024	86	False	1	prestress	[25] Lotfy I．Prestressed concrete wind turbine supporting system．Department of Civil	学硕士学位论文］．天津大学，2011 | [25] Lotfy I．Prestressed concrete wind turbine supporting system．Department of Civil | and Environmental Engineering: Dissertations, Theses, and Student Research，
REF008_He2024	86	False	1	prestress	[28] De Lana J A, Júnior P A A M, Magalhães C A. Behavior study of prestressed	Sustainable Buildings Symposium (ISBS 2017). 2018, 674-688 | [28] De Lana J A, Júnior P A A M, Magalhães C A. Behavior study of prestressed | concrete wind-turbine tower in circular cross-section. Engineering Structures,
REF008_He2024	87	False	1	31	[31] Zhang Z, De Risi R, Sextos A. Multi‐hazard fragility assessment of monopile	hybrid wind turbine towers. Structures, 2022, 35: 1125-1137 | [31] Zhang Z, De Risi R, Sextos A. Multi‐hazard fragility assessment of monopile | offshore wind turbines under earthquake, wind and wave loads. Earthquake
REF008_He2024	87	False	1	modal	complexity for modal behaviour analysis of wind turbine gearboxes. Renewable	[38] Helsen J, Vanhollebeke F, Marrant B, et al. Multibody modelling of varying | complexity for modal behaviour analysis of wind turbine gearboxes. Renewable | Energy, 2011, 36(11): 3098-3113
REF008_He2024	87	False	1	31	Energy, 2011, 36(11): 3098-3113	complexity for modal behaviour analysis of wind turbine gearboxes. Renewable | Energy, 2011, 36(11): 3098-3113 | [39] He J, Jin X, Xie S Y, et al. Multi-body dynamics modeling and TMD optimization
REF008_He2024	88	False	1	finite element	[47] Sudret B，Defaux G，Pendola M．Time-variant finite element reliability analysis–	科学版)，2011，39：474-481 | [47] Sudret B，Defaux G，Pendola M．Time-variant finite element reliability analysis– | application to the durability of cooling towers．Structural Safety，2005，27(2)：
REF008_He2024	88	False	1	31	500-36881, 15014831	[54] Moriarty P J, Hansen A C. AeroDyn Theory Manual. Routledge, 2005, NREL/TP- | 500-36881, 15014831 | [55] Bak C，Zahle F，Bitsche R．Description of the DTU 10 MW reference wind
REF008_He2024	88	False	1	DTU	[55] Bak C，Zahle F，Bitsche R．Description of the DTU 10 MW reference wind	500-36881, 15014831 | [55] Bak C，Zahle F，Bitsche R．Description of the DTU 10 MW reference wind | turbine．DTU Wind Energy Report-I-0092，2013，5
REF008_He2024	88	False	1	DTU	turbine．DTU Wind Energy Report-I-0092，2013，5	[55] Bak C，Zahle F，Bitsche R．Description of the DTU 10 MW reference wind | turbine．DTU Wind Energy Report-I-0092，2013，5 | [56] Hamed E, Frostig Y. Natural frequencies of bonded and unbonded prestressed
REF008_He2024	88	False	1	prestress	[56] Hamed E, Frostig Y. Natural frequencies of bonded and unbonded prestressed	turbine．DTU Wind Energy Report-I-0092，2013，5 | [56] Hamed E, Frostig Y. Natural frequencies of bonded and unbonded prestressed | beams–prestress force effects. Journal of Sound and Vibration, 2006, 295(1-2):
REF008_He2024	88	False	1	prestress	beams–prestress force effects. Journal of Sound and Vibration, 2006, 295(1-2):	[56] Hamed E, Frostig Y. Natural frequencies of bonded and unbonded prestressed | beams–prestress force effects. Journal of Sound and Vibration, 2006, 295(1-2): | 28-39
REF008_He2024	90	False	1	finite element	[79] McKenna F T ． Object-oriented finite element programming: frameworks for	source tools，2011：191-200 | [79] McKenna F T ． Object-oriented finite element programming: frameworks for | analysis, algorithms and parallel computing．University of California, Berkeley，
REF005_Li2023	1	False	2	two-scale;experiment	Experimental and two-scale numerical studies on the behavior of	Experimental and two-scale numerical studies on the behavior of | prestressed concrete-steel hybrid wind turbine tower models
REF005_Li2023	1	False	1	prestress	prestressed concrete-steel hybrid wind turbine tower models	Experimental and two-scale numerical studies on the behavior of | prestressed concrete-steel hybrid wind turbine tower models | Zeyu Li a, Bin Xu b, c, *, Jiang Wang b, Hongbing Chen d, Hanbin Ge e
REF005_Li2023	1	False	1	prestress	Keywords: Prestressed concrete-steel hybrid (PCSH) wind turbine tower has been recognized as an efficient alternative to	Keywords: Prestressed concrete-steel hybrid (PCSH) wind turbine tower has been recognized as an efficient alternative to | Prestressed concrete (PC) traditional steel tube supporting towers for wind farms in harsh sites such as mountain regions. To investigate the
REF005_Li2023	1	False	1	prestress	Prestressed concrete (PC) traditional steel tube supporting towers for wind farms in harsh sites such as mountain regions. To investigate the	Keywords: Prestressed concrete-steel hybrid (PCSH) wind turbine tower has been recognized as an efficient alternative to | Prestressed concrete (PC) traditional steel tube supporting towers for wind farms in harsh sites such as mountain regions. To investigate the | Prestressed concrete-steel hybrid (PCSH) wind global and local mechanical behavior including failure patterns of a full scale PCSH wind turbine towers, an
REF005_Li2023	1	False	1	prestress	Prestressed concrete-steel hybrid (PCSH) wind global and local mechanical behavior including failure patterns of a full scale PCSH wind turbine towers, an	Prestressed concrete (PC) traditional steel tube supporting towers for wind farms in harsh sites such as mountain regions. To investigate the | Prestressed concrete-steel hybrid (PCSH) wind global and local mechanical behavior including failure patterns of a full scale PCSH wind turbine towers, an | turbine tower
REF005_Li2023	1	False	1	experiment	experimental study on a substructure of a scaled PCSH tower is carried out firstly. Then, a material subroutine for	turbine tower | experimental study on a substructure of a scaled PCSH tower is carried out firstly. Then, a material subroutine for | Two-scale simulation
REF005_Li2023	1	False	1	two-scale	Two-scale simulation	experimental study on a substructure of a scaled PCSH tower is carried out firstly. Then, a material subroutine for | Two-scale simulation | three-dimensional (3D) fiber beam elements suitable for implicit analysis on the mechanical behavior of the
REF005_Li2023	1	False	1	finite element	Finite element model	three-dimensional (3D) fiber beam elements suitable for implicit analysis on the mechanical behavior of the | Finite element model | 3D fiber beam element substructure of the scaled PCSH tower is developed. A two-scale numerical model of the substructure of the
REF005_Li2023	1	False	1	two-scale	3D fiber beam element substructure of the scaled PCSH tower is developed. A two-scale numerical model of the substructure of the	Finite element model | 3D fiber beam element substructure of the scaled PCSH tower is developed. A two-scale numerical model of the substructure of the | scaled PCSH wind turbine tower employing the developed 3D fiber beam elements and solid elements is
REF005_Li2023	1	False	1	two-scale	developed. The accuracy and efficiency of the developed two-scale numerical model for the behavior simulation	scaled PCSH wind turbine tower employing the developed 3D fiber beam elements and solid elements is | developed. The accuracy and efficiency of the developed two-scale numerical model for the behavior simulation | of the substructure of the scaled PCSH wind turbine tower is illustrated by comparing the numerical results with
REF005_Li2023	1	False	2	two-scale;experiment	the experimental measurements. Additional comparison of the simulation results using the developed two-scale	of the substructure of the scaled PCSH wind turbine tower is illustrated by comparing the numerical results with | the experimental measurements. Additional comparison of the simulation results using the developed two-scale | numerical model is made with them of a model using sole 3D fiber beam elements and a model using sole solid
REF005_Li2023	1	False	1	two-scale	elements, respectively. Results show that the force–displacement curve determined with the developed two-scale	numerical model is made with them of a model using sole 3D fiber beam elements and a model using sole solid | elements, respectively. Results show that the force–displacement curve determined with the developed two-scale | model is close to the test result and coincident well with that of the two models using 3D fiber beam elements and
REF005_Li2023	1	False	1	two-scale	the solid elements. The developed two-scale model can describe the global behavior, the local failure patterns	model is close to the test result and coincident well with that of the two models using 3D fiber beam elements and | the solid elements. The developed two-scale model can describe the global behavior, the local failure patterns | and the stress distribution of the tested specimen accurately with improved simulation efficiency. Finally, the
REF005_Li2023	1	False	3	two-scale;modal;fatigue	validated two-scale modelling approach is employed to analyze the static behavior, modal parameter, and fatigue	and the stress distribution of the tested specimen accurately with improved simulation efficiency. Finally, the | validated two-scale modelling approach is employed to analyze the static behavior, modal parameter, and fatigue | of the optimized full-scale PCSH wind turbine tower previously developed by the authors. The simulation results
REF005_Li2023	1	False	1	two-scale	show that the two-scale model can reflect the stress of the PCSH wind turbine tower at the critical position as well	of the optimized full-scale PCSH wind turbine tower previously developed by the authors. The simulation results | show that the two-scale model can reflect the stress of the PCSH wind turbine tower at the critical position as well | as the global mechanical behavior with higher computational efficiency. The fiber beam model can be used for
REF005_Li2023	1	False	1	prestress	1. Introduction prestressed concrete (PC) towers can be either cast on site or precast in a	1. Introduction prestressed concrete (PC) towers can be either cast on site or precast in a | factory and then assembled on site in pieces. The PC towers usually have
REF005_Li2023	1	False	1	experiment	turbines with better static and dynamic properties, transportation and which is testified by numerical simulation. Cao et al. [4] experimentally	necessary to develop novel and efficient supporting systems for wind of modular prefabricated post-tensioned concrete wind turbine towers | turbines with better static and dynamic properties, transportation and which is testified by numerical simulation. Cao et al. [4] experimentally | construction convenience and economic advantages [1]. The application and numerically studied the seismic performance of prestressed
REF005_Li2023	1	False	1	prestress	construction convenience and economic advantages [1]. The application and numerically studied the seismic performance of prestressed	turbines with better static and dynamic properties, transportation and which is testified by numerical simulation. Cao et al. [4] experimentally | construction convenience and economic advantages [1]. The application and numerically studied the seismic performance of prestressed | of traditional steel tube towers with large diameters for large capacity segmental concrete wind turbine towers. In recent years, as a new
REF005_Li2023	1	False	1	prestress	wind turbines in mountain regions is limited due to the difficulty and alternative of supporting structure for wind turbine, prestressed	of traditional steel tube towers with large diameters for large capacity segmental concrete wind turbine towers. In recent years, as a new | wind turbines in mountain regions is limited due to the difficulty and alternative of supporting structure for wind turbine, prestressed | risk in transportation and extra investment in temporary road con­ concrete-steel hybrid (PCSH) wind turbine tower has shown its advan­
REF005_Li2023	2	False	1	two-scale	transportation, longer service life and less costs in the form of the lev­ critical parts with limited computation cost. In the two-scale model, the	transportation, longer service life and less costs in the form of the lev­ critical parts with limited computation cost. In the two-scale model, the | elized cost of energy (LCOE) [5,6]. interested PC segment is simulated with solid elements and the rest of
REF005_Li2023	2	False	3	finite element;prestress;tendon	task because of the massive number of finite elements required [7]. action between the concrete and the prestressing tendons is simulated by	modern wind turbine is usually a time-consuming and cost-inefficient 3D fiber beam elements for the PC segment are developed. The inter­ | task because of the massive number of finite elements required [7]. action between the concrete and the prestressing tendons is simulated by | Moreover, to properly understand the behavior of different type of wind a customized connection type. The accuracy and efficiency of the
REF005_Li2023	2	False	1	two-scale	turbine towers, it is of significance to take both geometric and material developed two-scale model for the behavior investigation of the scaled	Moreover, to properly understand the behavior of different type of wind a customized connection type. The accuracy and efficiency of the | turbine towers, it is of significance to take both geometric and material developed two-scale model for the behavior investigation of the scaled | nonlinearity into account. At present, most of the dynamic behavior PCSH tower specimen is presented by comparing the numerical results
REF005_Li2023	2	False	1	experiment	analysis for PC wind turbine towers is carried out by simplifying the with the experimental measurements, the simulation results of the	nonlinearity into account. At present, most of the dynamic behavior PCSH tower specimen is presented by comparing the numerical results | analysis for PC wind turbine towers is carried out by simplifying the with the experimental measurements, the simulation results of the | wind turbine towers into multi-degree-of-freedom (MDOF) models or models adopting 3D fiber beam elements and solid elements only,
REF005_Li2023	2	False	1	two-scale	converting the dynamic problem into a static problem. Harte and Basu respectively. In addition, the validated two-scale modeling approach	wind turbine towers into multi-degree-of-freedom (MDOF) models or models adopting 3D fiber beam elements and solid elements only, | converting the dynamic problem into a static problem. Harte and Basu respectively. In addition, the validated two-scale modeling approach | [8] developed an MDOF model for a horizontal axis wind turbine sup­ and the developed material subroutine are adopted to investigate the
REF005_Li2023	2	False	1	experiment	wind and earthquake are converted into static loads. However, the 2. Experimental study on a substructure of a scaled PCSH tower	approach for a PC wind turbine tower where the dynamic loads such as | wind and earthquake are converted into static loads. However, the 2. Experimental study on a substructure of a scaled PCSH tower | shortages of the employed MDOF models are the simulated global
REF005_Li2023	2	False	1	experiment	behavior is not accurate enough and the local failure pattern of the wind Experimental study on the mechanic behavior of a scaled PCSH wind	shortages of the employed MDOF models are the simulated global | behavior is not accurate enough and the local failure pattern of the wind Experimental study on the mechanic behavior of a scaled PCSH wind | turbine towers cannot be described with acceptable accuracy. Seismic turbine tower specimen under static loadings is carried out firstly. The
REF005_Li2023	2	False	1	experiment	response analysis of a PC wind turbine tower is carried out adopting a experimental results of the tested scaled specimen are used to verify the	turbine towers cannot be described with acceptable accuracy. Seismic turbine tower specimen under static loadings is carried out firstly. The | response analysis of a PC wind turbine tower is carried out adopting a experimental results of the tested scaled specimen are used to verify the | static load determined by the response spectrum [10]. To properly two-scale model, the model with sole 3D fiber beam elements and sole
REF005_Li2023	2	False	1	two-scale	static load determined by the response spectrum [10]. To properly two-scale model, the model with sole 3D fiber beam elements and sole	response analysis of a PC wind turbine tower is carried out adopting a experimental results of the tested scaled specimen are used to verify the | static load determined by the response spectrum [10]. To properly two-scale model, the model with sole 3D fiber beam elements and sole | investigate the behavior of PC towers including material and geometric solid elements.
REF005_Li2023	2	False	1	finite element	non-linearity, Kenna and Basu [11] suggested a finite element method	investigate the behavior of PC towers including material and geometric solid elements. | non-linearity, Kenna and Basu [11] suggested a finite element method | (FEM) employing shell elements and spring elements with large stiff­ 2.1. Substructure of the scaled PCSH wind turbine model and test
REF005_Li2023	2	False	1	prestress	(DOF) between the truss elements for prestressed reinforcements and In this section, a substructure of a specimen of a 77.5 m full scale	ness, which are used to constrain the translation degree-of-freedom | (DOF) between the truss elements for prestressed reinforcements and In this section, a substructure of a specimen of a 77.5 m full scale | shell elements for concrete. To model the wind-induced response of PCSH wind turbine tower with geometric similarity ratio of 0.1 is
REF005_Li2023	2	False	1	prestress	ciency. Zhao et al. [13] introduced a fast convolution integration Table 1 and Table 2. The area of the reinforcement and prestressed	enhanced deep learning (KEDL) algorithm with high accuracy and effi­ tower and the parameters of the wind turbine are respectively listed in | ciency. Zhao et al. [13] introduced a fast convolution integration Table 1 and Table 2. The area of the reinforcement and prestressed | method to accelerate the computation of the dynamic analysis of non- tendons are 47,100 mm2 and 48,020 mm2, respectively. Two sets of load
REF005_Li2023	2	False	1	tendon	method to accelerate the computation of the dynamic analysis of non- tendons are 47,100 mm2 and 48,020 mm2, respectively. Two sets of load	ciency. Zhao et al. [13] introduced a fast convolution integration Table 1 and Table 2. The area of the reinforcement and prestressed | method to accelerate the computation of the dynamic analysis of non- tendons are 47,100 mm2 and 48,020 mm2, respectively. Two sets of load | proportionally damped structures. In practice, traditional FEM ana­ combinations are considered in the prototype tower design. One corre­
REF005_Li2023	2	False	1	prestress	[17] introduced a multi-scale beam lattice method to explore meso­ prestressing force of 544.8kN is applied on the concrete tube with six ΦS	structures by combining FEM and discrete element method. Sun et al. prototype tower and the corresponding references[23]. The vertical | [17] introduced a multi-scale beam lattice method to explore meso­ prestressing force of 544.8kN is applied on the concrete tube with six ΦS | scopic fracture mechanisms with higher computational efficiency. Chen 1 × 7 prestressed tendons of 12.7 mm diameter. The axial force of
REF005_Li2023	2	False	2	prestress;tendon	scopic fracture mechanisms with higher computational efficiency. Chen 1 × 7 prestressed tendons of 12.7 mm diameter. The axial force of	[17] introduced a multi-scale beam lattice method to explore meso­ prestressing force of 544.8kN is applied on the concrete tube with six ΦS | scopic fracture mechanisms with higher computational efficiency. Chen 1 × 7 prestressed tendons of 12.7 mm diameter. The axial force of | et al. [18] proposed a XFEM-based multiscale modeling approach to 42.3kN was applied to the top of the specimen, which is determined by
REF005_Li2023	2	False	1	experiment	fied the method by experimental measurement. Sadowski [20] explored and 34.5kN, respectively[23]. Horizontal displacement control is used	stressing, creep, shrinkage, and temperature of PC structures and veri­ divided into three stages divided by two target lateral forces of 24.1kN | fied the method by experimental measurement. Sadowski [20] explored and 34.5kN, respectively[23]. Horizontal displacement control is used | a hybrid beam-shell modeling technique for steel tube wind turbine during the loading process, and the loading rate is 0.5 mm/min. As
REF005_Li2023	2	False	1	finite element	finite element model with shell elements for the joints to evaluate the and 2,400 mm above the base, respectively. The horizontal reaction	measurements of an actual tower, Szafran et al.[21] established a beam 140 mm, 470 mm, 780 mm, 1,050 mm, 1,550 mm, 1,620 mm, 2,120 mm | finite element model with shell elements for the joints to evaluate the and 2,400 mm above the base, respectively. The horizontal reaction | response of a steel lattice tower under random wind loads. force can be measured from the actuator directly. The test loading device
REF005_Li2023	2	False	2	two-scale;experiment	This paper aims at the experimental and two-scale numerical is illustrated in Fig. (g). A 50 t force sensor is arranged on the top of the	response of a steel lattice tower under random wind loads. force can be measured from the actuator directly. The test loading device | This paper aims at the experimental and two-scale numerical is illustrated in Fig. (g). A 50 t force sensor is arranged on the top of the | investigation on the mechanical behavior of PCSH wind turbine towers. specimen. The measured average compressive strength for the concrete
REF005_Li2023	2	False	2	two-scale;experiment	two-scale models, experimental study on a substructure of a reduced- MPa and 526.85 MPa, respectively.	In order to develop three-dimensional (3D) fiber beam elements for the is 48.9 MPa. The ultimate strength of 6 and 8 reinforcements are 530.98 | two-scale models, experimental study on a substructure of a reduced- MPa and 526.85 MPa, respectively. | scale PCSH tower specimen is carried out at first. The test results are
REF005_Li2023	2	False	1	experiment	used to validate the 3D fiber beam elements. Combining the 3D fiber 2.2. Experimental observation	scale PCSH tower specimen is carried out at first. The test results are | used to validate the 3D fiber beam elements. Combining the 3D fiber 2.2. Experimental observation | beam elements and solid elements, a two-scale finite element modelling
REF005_Li2023	2	False	2	two-scale;finite element	beam elements and solid elements, a two-scale finite element modelling	used to validate the 3D fiber beam elements. Combining the 3D fiber 2.2. Experimental observation | beam elements and solid elements, a two-scale finite element modelling | approach is utilized to investigate both the global mechanical behavior No collapse of the steel segment and no separation between the
REF005_Li2023	3	True	3		Fig. 1. Test setup.	Fig. 1. Test setup.
REF005_Li2023	3	True	3		Table 1	Table 1 | Parameters of the full scale PCSH wind turbine tower.
REF005_Li2023	3	True	3		Table 2	Table 2 | Parameters of the wind turbine. Fig. 2. Load-displacement curve.
REF005_Li2023	3	True	3		Fig. 2. According to Fig. 2, the structural stiffness does not have obvious	The specimen top displacement versus top horizontal load is shown in | Fig. 2. According to Fig. 2, the structural stiffness does not have obvious | change until the top displacement reached 6.84 mm, then decreases
REF005_Li2023	4	False	1	two-scale	3. Two-scale mode and simulation for the substructure of the ⎪	⎪ | 3. Two-scale mode and simulation for the substructure of the ⎪ | ⎨ εc0 εc0
REF005_Li2023	4	False	2	two-scale;finite element	imen, a two-scale finite element modeling approach is proposed by f − Ecu εcu	terns of the substructure of the scaled PCSH wind turbine tower spec­ | imen, a two-scale finite element modeling approach is proposed by f − Ecu εcu | εr = cu (2)
REF005_Li2023	4	False	1	two-scale	simulate the rest part of the windturbine support in the two-scale model. σt = ft (5)	( ) | simulate the rest part of the windturbine support in the two-scale model. σt = ft (5) | ⎪
REF005_Li2023	4	False	1	CDP	The concrete damage plasticity (CDP) constitutive law shown in	the protective layer, t is the thickness of the equivalent circular section | The concrete damage plasticity (CDP) constitutive law shown in | of the reinforcement, As and I are the area and the moment of inertia of
REF005_Li2023	4	True	3		Fig. 6 is utilized to simulate the solid concrete elements. The curve under	of the reinforcement, As and I are the area and the moment of inertia of | Fig. 6 is utilized to simulate the solid concrete elements. The curve under | the reinforcement, respectively.
REF005_Li2023	4	True	3		Fig. 4. Longitudinal reinforcement and section equivalence.	Fig. 4. Longitudinal reinforcement and section equivalence.
REF005_Li2023	5	True	3		Fig. 5. Constitutive models of concrete and reinforcement for the 3D fiber beam element.	Fig. 5. Constitutive models of concrete and reinforcement for the 3D fiber beam element.
REF005_Li2023	5	False	2	prestress;tendon	model the steel segment and the bilinear model for prestressed tendon	The elastic-perfectly plastic stress–strain relationship is utilized to | model the steel segment and the bilinear model for prestressed tendon | and steel reinforcement in the segment with solid elements.
REF005_Li2023	5	False	1	two-scale	model, two-scale element model and fiber beam model are considered.	In this study, three different models including the solid element | model, two-scale element model and fiber beam model are considered. | The employed elements in each FEM model are listed in Table 3[29].
REF005_Li2023	5	False	1	two-scale	3D fiber beam element in the two-scale element model and the C3D8R	The B31 element is adopted to simulate the PC segment modeled by the | 3D fiber beam element in the two-scale element model and the C3D8R | and T3D2 element are used to simulate the concrete and reinforcement
REF005_Li2023	5	True	3		Fig. 6. The loading and unloading rules for uniaxial load cycle.	of the rest part of the PC segment, respectively. | Fig. 6. The loading and unloading rules for uniaxial load cycle.
REF005_Li2023	5	False	1	two-scale	For the two-scale element model, the 3D fiber beam elements and the	For the two-scale element model, the 3D fiber beam elements and the | solid elements are connected by coupling based on the plane-section
REF005_Li2023	5	False	1	prestress	assumption. Since the prestressing force applied on the flange can pre­	solid elements are connected by coupling based on the plane-section | assumption. Since the prestressing force applied on the flange can pre­ | vent the separation of steel and concrete, the steel flange and concrete
REF005_Li2023	5	True	3		Table 3	Table 3 | Elements employed in different FEM models.
REF005_Li2023	5	True	3		Fig. 7. Post-failure stress-fracture energy curve. Reinforcement T3D2	Concrete C3D8R | Fig. 7. Post-failure stress-fracture energy curve. Reinforcement T3D2 | Prestressed tendon T3D2
REF005_Li2023	5	False	2	prestress;tendon	Prestressed tendon T3D2	Fig. 7. Post-failure stress-fracture energy curve. Reinforcement T3D2 | Prestressed tendon T3D2 | Flange C3D8R
REF005_Li2023	5	False	1	two-scale	means the area of the stirrup section, D and S are the diameter and Two-scale element model Steel B31	Flange C3D8R | means the area of the stirrup section, D and S are the diameter and Two-scale element model Steel B31 | spacing of the stirrups, respectively, wc and wt are the compressive and Concrete C3D8R/ B31
REF005_Li2023	5	False	2	prestress;tendon	Prestressed tendon T3D2	tensile stiffness recovery factor, respectively. Reinforcement T3D2/ B31 | Prestressed tendon T3D2 | Instead of the tensile stress–strain curve, the fracture energy pre­ Flange C3D8R
REF005_Li2023	5	False	1	mesh	sented in Eqs (10) and Fig. 7 is used to alleviate the mesh sensitivity Fiber beam model Steel B31	Instead of the tensile stress–strain curve, the fracture energy pre­ Flange C3D8R | sented in Eqs (10) and Fig. 7 is used to alleviate the mesh sensitivity Fiber beam model Steel B31 | problem[28]. Concrete B31
REF005_Li2023	5	False	2	prestress;tendon	μt0 = 2Gf /σ t0 (10) Prestressed tendon T3D2	Reinforcement B31 | μt0 = 2Gf /σ t0 (10) Prestressed tendon T3D2
REF005_Li2023	6	True	5	prestress;tendon	Fig. 8. Fiber beam elements with prestressed tendons overlay.	Fig. 8. Fiber beam elements with prestressed tendons overlay.
REF005_Li2023	6	False	2	prestress;tendon	nodes on the prestressed tendons are mapped onto the nodes on the fiber	nodes on the prestressed tendons are mapped onto the nodes on the fiber | Table 4
REF005_Li2023	6	True	3		Table 4	nodes on the prestressed tendons are mapped onto the nodes on the fiber | Table 4 | beam element used as anchorage locations. As shown in Fig. 8, the
REF005_Li2023	6	False	2	prestress;tendon	Material property of the steel, reinforcement, and prestressed tendon of the	beam element used as anchorage locations. As shown in Fig. 8, the | Material property of the steel, reinforcement, and prestressed tendon of the | elasticity rigid connector perpendicular to the tendons is utilized to
REF005_Li2023	6	False	1	tendon	elasticity rigid connector perpendicular to the tendons is utilized to	Material property of the steel, reinforcement, and prestressed tendon of the | elasticity rigid connector perpendicular to the tendons is utilized to | scaled PCSH tower.
REF005_Li2023	6	False	1	prestress	restrain the translational DOF of the nodes on unbonded and prestressed	scaled PCSH tower. | restrain the translational DOF of the nodes on unbonded and prestressed | Material Elastic Density Poisson’s Yield Tensile
REF005_Li2023	6	False	1	tendon	tendons laterally against the nodes on the concrete segment of the tower	Material Elastic Density Poisson’s Yield Tensile | tendons laterally against the nodes on the concrete segment of the tower | modulus (kg/m3) ratio strength strength
REF005_Li2023	6	False	1	two-scale	in the two-scale element model, which do not allow the vertical load (MPa) (MPa) (MPa)	modulus (kg/m3) ratio strength strength | in the two-scale element model, which do not allow the vertical load (MPa) (MPa) (MPa) | transfer between the tendons and the concrete segment.
REF005_Li2023	6	False	1	tendon	transfer between the tendons and the concrete segment.	in the two-scale element model, which do not allow the vertical load (MPa) (MPa) (MPa) | transfer between the tendons and the concrete segment. | Q345 206,000 7,850 0.28 345 –
REF005_Li2023	6	False	1	two-scale	4. Two-scale simulation for the substructure of the scaled PCSH 6 rebar 200,000 7,850 0.3 393 531	HPB300 200,000 7,850 0.3 300 420 | 4. Two-scale simulation for the substructure of the scaled PCSH 6 rebar 200,000 7,850 0.3 393 531 | wind turbine tower 8 rebar 200,000 7,850 0.3 390 527
REF005_Li2023	6	False	1	two-scale	a solid element model, a two-scale model, and a fiber beam model for	4.2. Numerical simulation results of different models and their | a solid element model, a two-scale model, and a fiber beam model for | comparison
REF005_Li2023	6	False	1	experiment	with the experiment result are shown in Fig. 10 and Table 6. From	material parameters are listed in Tables 4 and 5. | with the experiment result are shown in Fig. 10 and Table 6. From | In the solid element model, both the PC and the steel tube of the
REF005_Li2023	6	True	3		Fig. 10, the load–displacement curves determined by the three numer­	In the solid element model, both the PC and the steel tube of the | Fig. 10, the load–displacement curves determined by the three numer­ | specimen are modeled as solid elements as shown in Fig. 9(a). Since the
REF005_Li2023	6	False	1	experiment	simply and clear and no steel tube failure is observed in the experiment	For safety, the maximum deformation of the tested substructure of the | simply and clear and no steel tube failure is observed in the experiment | PCSH tower was 16.50 mm, which is over the displacement of the
REF005_Li2023	6	False	1	two-scale	generated by the solid element model, the two-scale model and fiber	solid elements and the rest of the PC segment is modeled with 3D fiber | generated by the solid element model, the two-scale model and fiber | beam elements as shown in Fig. 9(b) because of the complicated stress
REF005_Li2023	6	True	3		Fig. 9. Multiscale modeling approaches.	Fig. 9. Multiscale modeling approaches.
REF005_Li2023	7	True	3		Table 5	Table 5 | Material property of the concrete of the scaled PCSH tower.
REF005_Li2023	7	False	1	two-scale	According to Figs. 10 and 11, the two-scale model in this paper can	two-scale model. | According to Figs. 10 and 11, the two-scale model in this paper can | be used to mimic the global behavior of the tested specimen with
REF005_Li2023	7	False	1	experiment	solid elements, the model with fiber beam elements and the experiment	acceptable accuracy when compared with the traditional model with | solid elements, the model with fiber beam elements and the experiment | result. Compared with the fiber beam model, the established two-scale
REF005_Li2023	7	False	1	two-scale	result. Compared with the fiber beam model, the established two-scale	solid elements, the model with fiber beam elements and the experiment | result. Compared with the fiber beam model, the established two-scale | model is used to simulate the local behavior including the stress and
REF005_Li2023	7	True	3		Fig. 10. Comparison of load–displacement curves. The tensile and compressive stress in concrete, and the stress of non-	specimen with different models | Fig. 10. Comparison of load–displacement curves. The tensile and compressive stress in concrete, and the stress of non- | prestressed reinforcement and the prestressing tendon of the solid
REF005_Li2023	7	False	2	prestress;tendon	prestressed reinforcement and the prestressing tendon of the solid	Fig. 10. Comparison of load–displacement curves. The tensile and compressive stress in concrete, and the stress of non- | prestressed reinforcement and the prestressing tendon of the solid | element model and the two-scale model when the horizontal deforma­
REF005_Li2023	7	False	1	two-scale	element model and the two-scale model when the horizontal deforma­	prestressed reinforcement and the prestressing tendon of the solid | element model and the two-scale model when the horizontal deforma­ | Table 6 tion is 16.50 mm are presented in Figs. 12 and 13, respectively. The
REF005_Li2023	7	True	3		Table 6 tion is 16.50 mm are presented in Figs. 12 and 13, respectively. The	element model and the two-scale model when the horizontal deforma­ | Table 6 tion is 16.50 mm are presented in Figs. 12 and 13, respectively. The | Load comparison when the horizontal deformation is 16.50 mm.
REF005_Li2023	7	False	1	prestress	Model Force Relative Ultimate load Relative and the maximum stress in the non-prestressed reinforcement and the	comparison of the maximum tensile and compression stress in concrete | Model Force Relative Ultimate load Relative and the maximum stress in the non-prestressed reinforcement and the | (kN) Error (%) bearing capacity Error (%)
REF005_Li2023	7	False	2	prestress;tendon	prestressing tendon of the above three numerical models are summa­	(kN) Error (%) bearing capacity Error (%) | prestressing tendon of the above three numerical models are summa­ | (kN)
REF005_Li2023	7	False	1	experiment	Experiment 72.22 – – – model can be calculated by the section forces and moments with ma­	rized in Table 7. The stress value and distribution of the fiber beam | Experiment 72.22 – – – model can be calculated by the section forces and moments with ma­ | Solid element 68.79 4.75 91.73
REF005_Li2023	7	False	1	two-scale	Two-scale 67.56 6.45 90.29 1.57 According to Figs. 12 and 13, it can be observed that the maximum	model | Two-scale 67.56 6.45 90.29 1.57 According to Figs. 12 and 13, it can be observed that the maximum | model stress of the reinforcement is located at the bottom of the longitudinal
REF005_Li2023	7	False	1	two-scale	developed two-scale modeling approach can be employed to simulate two-scale element model and that of the model with solid elements are	the three numerical simulation models are close, which testifies that the According to Table 7, the relative errors between the stress of the | developed two-scale modeling approach can be employed to simulate two-scale element model and that of the model with solid elements are | the stiffness and ultimate load bearing capacity of the substructure of the smaller than 5 %, which exhibits that the two-scale models can simulate
REF005_Li2023	7	False	1	two-scale	the stiffness and ultimate load bearing capacity of the substructure of the smaller than 5 %, which exhibits that the two-scale models can simulate	developed two-scale modeling approach can be employed to simulate two-scale element model and that of the model with solid elements are | the stiffness and ultimate load bearing capacity of the substructure of the smaller than 5 %, which exhibits that the two-scale models can simulate | PCSH tower structure with acceptable accuracy. the maximum structural stress at the critical location of the tested
REF005_Li2023	7	False	1	two-scale	4.2.2. Deformation along the height of the tested specimen maximum stress of the model with solid elements, the two-scale models	specimen with acceptable accuracy. The stress distribution and | 4.2.2. Deformation along the height of the tested specimen maximum stress of the model with solid elements, the two-scale models | The comparison of the deflection of the tested specimen and the are close.
REF005_Li2023	7	False	1	prestress	sive stress in concrete, maximum stress of non-prestressed reinforce­	displacement measurement along the height of the specimen and them including maximum tensile stress in concrete, the maximum compres­ | sive stress in concrete, maximum stress of non-prestressed reinforce­ | ment, and maximum stress in prestressing tendon, is similar to that of
REF005_Li2023	7	False	2	prestress;tendon	ment, and maximum stress in prestressing tendon, is similar to that of	sive stress in concrete, maximum stress of non-prestressed reinforce­ | ment, and maximum stress in prestressing tendon, is similar to that of | the model with solid elements. However, the maximum stresses derived
REF005_Li2023	7	True	3		Fig. 11. Deflection curve. damage is low, and the tensile damage is mainly concentrated at the	15 when the horizontal deformation is 16.50 mm. The compressive | Fig. 11. Deflection curve. damage is low, and the tensile damage is mainly concentrated at the
REF005_Li2023	8	True	3		Fig. 12. Stress nephogram of the solid element model.	Fig. 12. Stress nephogram of the solid element model.
REF005_Li2023	8	True	4	two-scale	Fig. 13. Stress nephogram of the two-scale model.	Fig. 13. Stress nephogram of the two-scale model.
REF005_Li2023	8	True	3		Table 7	Table 7 | Stress comparison of the three models.
REF005_Li2023	8	False	1	two-scale	Model Solid element Two-scale Fiber beam	Stress comparison of the three models. | Model Solid element Two-scale Fiber beam | model model model
REF005_Li2023	8	False	1	prestress	prestressed reinforcement (MPa)	Maximum Mises stress of non- 394.7 396.0 385.2 | prestressed reinforcement (MPa) | Relative Error (%) – 0.33 2.41
REF005_Li2023	8	False	2	prestress;tendon	prestressing tendon (MPa)	Maximum Mises stress in 1,393 1,394 1,361 | prestressing tendon (MPa) | Relative Error (%) – 0.07 2.30
REF005_Li2023	9	True	3		Table 9	Table 9 | PCSH wind turbine tower parameter.
REF005_Li2023	9	False	1	prestress	Prestressed duct number 36	Longitudinal reinforcement 1820 | Prestressed duct number 36 | Prestressed reinforcement 4 ΦS 1 × 7(d = 21.6 mm)
REF005_Li2023	9	False	1	prestress	Prestressed reinforcement 4 ΦS 1 × 7(d = 21.6 mm)	Prestressed duct number 36 | Prestressed reinforcement 4 ΦS 1 × 7(d = 21.6 mm) | Prestressed reinforcement area (mm2) 41,040
REF005_Li2023	9	False	1	prestress	Prestressed reinforcement area (mm2) 41,040	Prestressed reinforcement 4 ΦS 1 × 7(d = 21.6 mm) | Prestressed reinforcement area (mm2) 41,040
REF005_Li2023	9	False	1	two-scale	including a fiber beam model, a two-scale model, and a solid element	For comparison, the three models for the PCSH wind turbine tower, | including a fiber beam model, a two-scale model, and a solid element | Fig. 15. Damage distribution of the two-scale model. model as shown in Fig. 16, are established. Post-tensioned tendons are
REF005_Li2023	9	True	5	two-scale;tendon	Fig. 15. Damage distribution of the two-scale model. model as shown in Fig. 16, are established. Post-tensioned tendons are	including a fiber beam model, a two-scale model, and a solid element | Fig. 15. Damage distribution of the two-scale model. model as shown in Fig. 16, are established. Post-tensioned tendons are | unbonded to the surrounding concrete of the optimized full-scale PCSH
REF005_Li2023	9	False	1	prestress	4.2.5. Computational efficiency comparison between different models wind turbine tower. Prestress losses including anchorage, friction, stress	unbonded to the surrounding concrete of the optimized full-scale PCSH | 4.2.5. Computational efficiency comparison between different models wind turbine tower. Prestress losses including anchorage, friction, stress | The numerical simulation for all the three numerical models is based relaxation, creep, and shrinkage have been incorporated. The optimized
REF005_Li2023	9	True	4	two-scale	Table 8. with a certain mass [33]. For the two-scale model and fiber beam model,	simulation time between the three numerical models are presented in and the wind turbine on the top of the tower is regarded as a rigid body | Table 8. with a certain mass [33]. For the two-scale model and fiber beam model, | It can be observed from Table 8 that the solid element model has the the steel segment is modeled as beam elements for simplicity[34].
REF005_Li2023	9	False	1	modal	while the fiber beam model has the least number of fiber elements and 5.2. Natural frequencies and modal shapes	largest number of elements and takes the longest computation time, | while the fiber beam model has the least number of fiber elements and 5.2. Natural frequencies and modal shapes | computation time. The analysis time of the two-scale model was greatly
REF005_Li2023	9	False	1	two-scale	computation time. The analysis time of the two-scale model was greatly	while the fiber beam model has the least number of fiber elements and 5.2. Natural frequencies and modal shapes | computation time. The analysis time of the two-scale model was greatly | reduced due to the reduction of the total element number when In this section, the first two fundamental natural frequencies and
REF005_Li2023	9	False	2	two-scale;modal	compared with that of the model with solid elements. The two-scale modal shapes of the optimized full-scale PCSH wind turbine tower	reduced due to the reduction of the total element number when In this section, the first two fundamental natural frequencies and | compared with that of the model with solid elements. The two-scale modal shapes of the optimized full-scale PCSH wind turbine tower | models are qualified of providing both global and local behavior of structure are simulated with the above three models and compared. The
REF005_Li2023	9	False	2	two-scale;modal	5. Two-scale numerical simulation on a full-scale optimized Table 12, the natural frequencies and modal shapes of the three models	frequencies determined by the three models. According to Fig. 17 and | 5. Two-scale numerical simulation on a full-scale optimized Table 12, the natural frequencies and modal shapes of the three models | PCSH wind turbine tower and the comparison with sole solid and are close to each other, which testify that the proposed two-scale
REF005_Li2023	9	False	1	two-scale	PCSH wind turbine tower and the comparison with sole solid and are close to each other, which testify that the proposed two-scale	5. Two-scale numerical simulation on a full-scale optimized Table 12, the natural frequencies and modal shapes of the three models | PCSH wind turbine tower and the comparison with sole solid and are close to each other, which testify that the proposed two-scale | fiber element models modeling approach for the full-scale PCSH tower can be used to deter­
REF005_Li2023	9	False	1	two-scale	After validating the effectiveness of the two-scale models described accuracy.	mine the natural frequency and mode shape effectively with acceptable | After validating the effectiveness of the two-scale models described accuracy. | above, in this section, the two-scale modelling approach is utilized to
REF005_Li2023	9	False	1	two-scale	above, in this section, the two-scale modelling approach is utilized to	After validating the effectiveness of the two-scale models described accuracy. | above, in this section, the two-scale modelling approach is utilized to | study the global and local behavior of an optimized full-scale PCSH wind 5.3. Structural analysis on the behavior of the full-scale PCSH tower with
REF005_Li2023	9	False	1	two-scale	distance from the gravity center of the wind turbine to the center of the two-scale model are shown in Fig. 18 and Fig. 19 when the PCSH tower	m/s, respectively. The weight of the wind turbine is 128.5 t and the stress nephograms of the PC segment of the solid element model and | distance from the gravity center of the wind turbine to the center of the two-scale model are shown in Fig. 18 and Fig. 19 when the PCSH tower | tower is 3.7 m. The dimensions of the PCSH wind turbine tower are is under ULS as an example. The stress value and distribution of the fiber
REF005_Li2023	9	False	1	two-scale	and local behavior of the optimized full-scale PCSH model is simulated model and two-scale model. The wind direction is the x-direction. No	steel section through a steel flange with a thickness of 90 mm.The global material mechanics and compared with the results of the solid element | and local behavior of the optimized full-scale PCSH model is simulated model and two-scale model. The wind direction is the x-direction. No | with the solid element model, two-scale model, and fiber beam model collapse of the steel segment is found, and no separation occurs between
REF005_Li2023	9	False	1	two-scale	with the solid element model, two-scale model, and fiber beam model collapse of the steel segment is found, and no separation occurs between	and local behavior of the optimized full-scale PCSH model is simulated model and two-scale model. The wind direction is the x-direction. No | with the solid element model, two-scale model, and fiber beam model collapse of the steel segment is found, and no separation occurs between | for comparison. The detailed material parameters are listed in Tables 10 the steel flange and the PC segment. The maximum compressive stresses
REF005_Li2023	9	False	1	two-scale	distribution of the two-scale element model and solid element are	the concrete and flange at the compression side. The compressive stress | distribution of the two-scale element model and solid element are | Table 8
REF005_Li2023	9	True	3		Table 8	distribution of the two-scale element model and solid element are | Table 8 | similar and have stress concentration phenomenon which is difficult to
REF005_Li2023	9	False	1	two-scale	concrete of the solid element model and the two-scale model are located	Model Numbers of elements CPU time/s | concrete of the solid element model and the two-scale model are located | Solid element model 36,096 140,328 near the connection at the tensile side while the maximum tensile
REF005_Li2023	9	False	1	two-scale	Two-scale model 15,642 84,202 stresses of concrete of the fiber beam model are located near the bottom	Solid element model 36,096 140,328 near the connection at the tensile side while the maximum tensile | Two-scale model 15,642 84,202 stresses of concrete of the fiber beam model are located near the bottom | Fiber beam model 31 70
REF005_Li2023	10	True	3		Table 10	Table 10 | Material property of concrete of the optimized full-scale PCSH wind turbine model.
REF005_Li2023	10	True	3		Table 11	larger error due to the fact that the stress of the fiber beam model is | Table 11 | estimated by the section internal force, which may be affected by the
REF005_Li2023	10	False	2	prestress;tendon	Material property of steel, reinforcement and prestressed tendon of the opti­	estimated by the section internal force, which may be affected by the | Material property of steel, reinforcement and prestressed tendon of the opti­ | stress concentration phenomenon. Therefore, it is necessary to analyze
REF005_Li2023	10	False	1	mesh	locations using finer mesh. When only the global behavior of the wind	Material Elastic Density Poisson’s Yield Tensile | locations using finer mesh. When only the global behavior of the wind | modulus (kg/m3) ratio strength strength
REF005_Li2023	10	False	1	two-scale	comparison of the three models are exhibited in Table 13. According to load–displacement curve of the two-scale model are close to that of the	PCSH towers show a ductile behavior. The load-carrying capacity and | comparison of the three models are exhibited in Table 13. According to load–displacement curve of the two-scale model are close to that of the | Table 13, the top displacements and the maximum stress in the rein­ solid element model. As the loading proceeds, the stiffness degradation
REF005_Li2023	10	True	3		Table 13, the top displacements and the maximum stress in the rein­ solid element model. As the loading proceeds, the stiffness degradation	comparison of the three models are exhibited in Table 13. According to load–displacement curve of the two-scale model are close to that of the | Table 13, the top displacements and the maximum stress in the rein­ solid element model. As the loading proceeds, the stiffness degradation | forcement and prestressed tendons of the three models are similar. The of the fiber beam model is worse than that of the solid element model
REF005_Li2023	10	False	2	prestress;tendon	forcement and prestressed tendons of the three models are similar. The of the fiber beam model is worse than that of the solid element model	Table 13, the top displacements and the maximum stress in the rein­ solid element model. As the loading proceeds, the stiffness degradation | forcement and prestressed tendons of the three models are similar. The of the fiber beam model is worse than that of the solid element model | maximum tensile and compressive stresses of concrete of the two-scale
REF005_Li2023	10	False	1	two-scale	maximum tensile and compressive stresses of concrete of the two-scale	forcement and prestressed tendons of the three models are similar. The of the fiber beam model is worse than that of the solid element model | maximum tensile and compressive stresses of concrete of the two-scale | model are close to that of the solid element model. The errors of the
REF005_Li2023	10	True	3		Table 12	model are close to that of the solid element model. The errors of the | Table 12 | tensile and compressive stresses of the concrete reckoned by the fiber
REF005_Li2023	10	False	1	two-scale	the number of elements. As the element number decreases, so does the Model Solid element Two-scale Fiber beam	beam model are large. Besides, the use of fiber beam elements reduces | the number of elements. As the element number decreases, so does the Model Solid element Two-scale Fiber beam | model model model
REF005_Li2023	10	False	1	two-scale	computation time. The two-scale model can reflect the stress of the wind	model model model | computation time. The two-scale model can reflect the stress of the wind | turbine tower at the critical position and accelerate the computing speed First-order frequency 0.563 0.556 0.539
REF005_Li2023	10	True	3		Fig. 16. Different FEM models for the full-scale optimized PCSH wind turbine tower.	Fig. 16. Different FEM models for the full-scale optimized PCSH wind turbine tower.
REF005_Li2023	10	True	3		Fig. 17. Comparison of the first two mode shapes of the three numerical models of the optimized full scale PCSH tower.	Fig. 17. Comparison of the first two mode shapes of the three numerical models of the optimized full scale PCSH tower.
REF005_Li2023	11	True	3		Fig. 18. Stress nephogram of the solid element model.	Fig. 18. Stress nephogram of the solid element model.
REF005_Li2023	11	True	4	two-scale	Fig. 19. Stress nephogram of the two-scale model.	Fig. 19. Stress nephogram of the two-scale model.
REF005_Li2023	11	False	1	two-scale	and the two-scale element model. The possible reason for the difference	and the two-scale element model. The possible reason for the difference | Table 13
REF005_Li2023	11	True	3		Table 13	and the two-scale element model. The possible reason for the difference | Table 13 | may be the fact that the stirrup cannot be considered in the beam ele­
REF005_Li2023	11	False	1	two-scale	Model Solid element Two-scale Fiber beam parts of the optimized full-scale PCSH tower. Fig. 20 also depicts the	ments, and it is difficult to precisely model the behavior of the critical | Model Solid element Two-scale Fiber beam parts of the optimized full-scale PCSH tower. Fig. 20 also depicts the | model model model
REF005_Li2023	11	False	1	two-scale	concrete (MPa) element model and the two-scale model.	Maximum tensile stress of 2.368 2.297 − 1.326 | concrete (MPa) element model and the two-scale model. | Relative Error (%) – 3.00 156.00
REF005_Li2023	11	False	1	fatigue	Maximum compressive stress of − 29.99 − 31.87 − 26.59 5.4. Fatigue of the full-scale wind turbine tower	Relative Error (%) – 3.00 156.00 | Maximum compressive stress of − 29.99 − 31.87 − 26.59 5.4. Fatigue of the full-scale wind turbine tower | concrete (MPa)
REF005_Li2023	11	False	2	two-scale;fatigue	Maximum stress of non- 163.8 149.4 174.7 Adopting the proposed two-scale approach, wind-induced fatigue	Relative Error (%) – 6.27 11.34 | Maximum stress of non- 163.8 149.4 174.7 Adopting the proposed two-scale approach, wind-induced fatigue | prestressed reinforcement analysis of the optimized PCSH wind turbine tower in section 5 is carried
REF005_Li2023	11	False	1	prestress	prestressed reinforcement analysis of the optimized PCSH wind turbine tower in section 5 is carried	Maximum stress of non- 163.8 149.4 174.7 Adopting the proposed two-scale approach, wind-induced fatigue | prestressed reinforcement analysis of the optimized PCSH wind turbine tower in section 5 is carried | (MPa) out. Dynamic response of the wind turbine towers corresponding to
REF005_Li2023	11	False	1	prestress	Maximum stress of prestressed 1,176 1,155 1094	different wind speed under normal operational state is considered (be­ | Maximum stress of prestressed 1,176 1,155 1094 | reinforcement (MPa) tween 3 and 25 m/s)[38]. Due to the long calculation time of solid
REF005_Li2023	11	False	1	two-scale	Relative Error (%) – 1.79 6.97 element model, only the fiber beam model and the two-scale model are	reinforcement (MPa) tween 3 and 25 m/s)[38]. Due to the long calculation time of solid | Relative Error (%) – 1.79 6.97 element model, only the fiber beam model and the two-scale model are | Element number 233,375 18,745 331 adopted here. Based on the rain flow method, the mean value and
REF005_Li2023	11	False	1	fatigue	In the fatigue analysis, four critical regions, namely, the connection	example. | In the fatigue analysis, four critical regions, namely, the connection | region between the steel tube and the flange, leeward side of the top and
REF005_Li2023	11	False	2	prestress;tendon	bottom region of the PC segment, and the prestressed tendons, are	region between the steel tube and the flange, leeward side of the top and | bottom region of the PC segment, and the prestressed tendons, are | selected to carry out the wind-induced fatigue life analysis of the wind
REF005_Li2023	11	False	1	fatigue	selected to carry out the wind-induced fatigue life analysis of the wind	bottom region of the PC segment, and the prestressed tendons, are | selected to carry out the wind-induced fatigue life analysis of the wind | turbine tower. The fatigue reference compressive strength of concrete,
REF005_Li2023	11	False	1	fatigue	turbine tower. The fatigue reference compressive strength of concrete,	selected to carry out the wind-induced fatigue life analysis of the wind | turbine tower. The fatigue reference compressive strength of concrete, | the fatigue strength corresponding to the stress cycle number 2 × 106
REF005_Li2023	11	False	1	fatigue	the fatigue strength corresponding to the stress cycle number 2 × 106	turbine tower. The fatigue reference compressive strength of concrete, | the fatigue strength corresponding to the stress cycle number 2 × 106 | and the minimum fatigue stress range of prestressing steel are 34 MPa,
REF005_Li2023	11	False	2	prestress;fatigue	and the minimum fatigue stress range of prestressing steel are 34 MPa,	the fatigue strength corresponding to the stress cycle number 2 × 106 | and the minimum fatigue stress range of prestressing steel are 34 MPa, | 69 MPa and 170 MPa, respectively. Adopting the time domain analysis
REF005_Li2023	11	False	1	fatigue	method, the shortest fatigue life of different tower models is listed in	69 MPa and 170 MPa, respectively. Adopting the time domain analysis | method, the shortest fatigue life of different tower models is listed in | Table 14[39]. According to Table 14, the fatigue life of each part of the
REF005_Li2023	11	True	4	fatigue	Table 14[39]. According to Table 14, the fatigue life of each part of the	method, the shortest fatigue life of different tower models is listed in | Table 14[39]. According to Table 14, the fatigue life of each part of the | towers is more than 20 years and meets the design requirements. The
REF005_Li2023	11	False	1	fatigue	fatigue life on the top region of the PC segment is shorter than the	towers is more than 20 years and meets the design requirements. The | fatigue life on the top region of the PC segment is shorter than the | bottom region, because the stress value of the top region is larger than
REF005_Li2023	11	True	5	two-scale;fatigue	Fig. 20. Load-displacement curves of the three numerical models of the full- of the two-scale model has the shortest fatigue life. This is because the	that of the bottom region. The leeward side of the top region of concrete | Fig. 20. Load-displacement curves of the three numerical models of the full- of the two-scale model has the shortest fatigue life. This is because the | scale optimized PCSH tower model. influence of prestressed reinforcement leads to the stress concentration
REF005_Li2023	11	False	1	prestress	scale optimized PCSH tower model. influence of prestressed reinforcement leads to the stress concentration	Fig. 20. Load-displacement curves of the three numerical models of the full- of the two-scale model has the shortest fatigue life. This is because the | scale optimized PCSH tower model. influence of prestressed reinforcement leads to the stress concentration | phenomenon on the top of the concrete. Because it is difficult for the
REF005_Li2023	12	False	1	two-scale	element model, the two-scale model can not only significantly reduce	dicting only global, but not local, behavior. Compared with the solid | element model, the two-scale model can not only significantly reduce | simulation time but describe the local failure behavior in critical parts of
REF005_Li2023	12	False	1	modal	3) Aiming at the static behavior and modal parameter of the full-	occur. | 3) Aiming at the static behavior and modal parameter of the full- | scale PCSH wind turbine tower optimized by the authors in the previ­
REF005_Li2023	12	False	1	two-scale	ous study, the validated two-scale modeling approach is employed. The	scale PCSH wind turbine tower optimized by the authors in the previ­ | ous study, the validated two-scale modeling approach is employed. The | first two order frequencies and the corresponding modal shapes of the
REF005_Li2023	12	False	1	modal	first two order frequencies and the corresponding modal shapes of the	ous study, the validated two-scale modeling approach is employed. The | first two order frequencies and the corresponding modal shapes of the | optimized PCSH tower are analyzed by the use of the two-scale model
REF005_Li2023	12	False	1	two-scale	optimized PCSH tower are analyzed by the use of the two-scale model	first two order frequencies and the corresponding modal shapes of the | optimized PCSH tower are analyzed by the use of the two-scale model | and the results are compared with those of the solid element model and
REF005_Li2023	12	False	1	two-scale	the fiber beam model. Results show the developed two-scale model can	and the results are compared with those of the solid element model and | the fiber beam model. Results show the developed two-scale model can | be used to determine both the natural frequencies and model shapes and
REF005_Li2023	12	False	1	fatigue	4) The proposed method can be used to calculate the fatigue of PCSH	the static load–displacement curves with accuracy and high efficiency. | 4) The proposed method can be used to calculate the fatigue of PCSH | wind turbine tower. The leeward side of the top region of the PC segment
REF005_Li2023	12	True	3		Fig. 21. The mean value and amplitude of stress and corresponding	wind turbine tower. The leeward side of the top region of the PC segment | Fig. 21. The mean value and amplitude of stress and corresponding | cycle number. has the shortest fatigue life of the PCSH tower because of the stress
REF005_Li2023	12	False	1	fatigue	cycle number. has the shortest fatigue life of the PCSH tower because of the stress	Fig. 21. The mean value and amplitude of stress and corresponding | cycle number. has the shortest fatigue life of the PCSH tower because of the stress | concentration. The top region of the PC segment is the critical location of
REF005_Li2023	12	False	1	fatigue	the PCSH wind turbine tower in the fatigue analysis. Because it is	concentration. The top region of the PC segment is the critical location of | the PCSH wind turbine tower in the fatigue analysis. Because it is | Table 14 difficult for the fiber beam model to simulate the stress concentration,
REF005_Li2023	12	True	3		Table 14 difficult for the fiber beam model to simulate the stress concentration,	the PCSH wind turbine tower in the fatigue analysis. Because it is | Table 14 difficult for the fiber beam model to simulate the stress concentration, | The fatigue life calculation results. the fatigue life calculated by the fiber beam model may arise security
REF005_Li2023	12	False	1	fatigue	The fatigue life calculation results. the fatigue life calculated by the fiber beam model may arise security	Table 14 difficult for the fiber beam model to simulate the stress concentration, | The fatigue life calculation results. the fatigue life calculated by the fiber beam model may arise security | Fatigue Connection region Top region Bottom Prestressed risks.
REF005_Li2023	12	False	2	prestress;fatigue	Fatigue Connection region Top region Bottom Prestressed risks.	The fatigue life calculation results. the fatigue life calculated by the fiber beam model may arise security | Fatigue Connection region Top region Bottom Prestressed risks. | life between the steel of the PC region of the tendons
REF005_Li2023	12	False	1	tendon	life between the steel of the PC region of the tendons	Fatigue Connection region Top region Bottom Prestressed risks. | life between the steel of the PC region of the tendons | tube and the flange segment PC segment CRediT authorship contribution statement
REF005_Li2023	12	False	1	two-scale	Two-scale 65.19 26.13 6.74 × 106 6.26 × 1010	tube and the flange segment PC segment CRediT authorship contribution statement | Two-scale 65.19 26.13 6.74 × 106 6.26 × 1010 | model Zeyu Li: Data curation, Writing – original draft, Visualization,
REF005_Li2023	12	False	1	validation	model Wang: Software, Validation, Data curation. Hongbing Chen: Software,	beam | model Wang: Software, Validation, Data curation. Hongbing Chen: Software, | (year) Validation, Visualization. Hanbin Ge: Methodology, Writing – review &
REF005_Li2023	12	False	1	validation	(year) Validation, Visualization. Hanbin Ge: Methodology, Writing – review &	model Wang: Software, Validation, Data curation. Hongbing Chen: Software, | (year) Validation, Visualization. Hanbin Ge: Methodology, Writing – review & | editing, Supervision.
REF005_Li2023	12	False	1	fatigue	the fatigue life calculated by the fiber beam model is longer than the	the fatigue life calculated by the fiber beam model is longer than the | Declaration of Competing Interest
REF005_Li2023	12	False	1	two-scale	result of two-scale model, which may arise security risks.	Declaration of Competing Interest | result of two-scale model, which may arise security risks. | The authors declare that they have no known competing financial
REF005_Li2023	12	False	2	two-scale;finite element	a two-scale finite element modeling approach is proposed. Based on both	Data availability | a two-scale finite element modeling approach is proposed. Based on both | the experimental and numerical simulation results, the following main
REF005_Li2023	12	False	1	experiment	the experimental and numerical simulation results, the following main	a two-scale finite element modeling approach is proposed. Based on both | the experimental and numerical simulation results, the following main | No data was used for the research described in the article.
REF005_Li2023	12	False	1	two-scale	1) To establish the two-scale model for the optimized full-scale PCSH	conclusions can be made. | 1) To establish the two-scale model for the optimized full-scale PCSH | Acknowledgement
REF005_Li2023	12	False	1	two-scale	ements, a two-scale modeling approach for the substructure of a scaled	The authors gratefully acknowledge the supports provided by the | ements, a two-scale modeling approach for the substructure of a scaled | National Natural Science Foundation of China (No. 51878305,
REF005_Li2023	12	False	2	two-scale;experiment	two-scale models. The experimental results of the substructure of the	(605-50Y18016) to the second author. | two-scale models. The experimental results of the substructure of the | scaled PCSH model indicate that the designed specimen can meet the
REF005_Li2023	12	False	1	two-scale	developed two-scale model is validated with the test results of the sub­ [1] E. Lantz, O. Roberts, J. Nunemaker, E. DeMeo, K. Dykes, G. Scott, Increasing Wind	design requirements under the ULS and SLS with redundancy. The | developed two-scale model is validated with the test results of the sub­ [1] E. Lantz, O. Roberts, J. Nunemaker, E. DeMeo, K. Dykes, G. Scott, Increasing Wind | structure of the scaled PCSH tower and the comparison of the numerical Turbine Tower Heights: Opportunities and Challenges, National Renewable Energy
REF005_Li2023	12	False	1	two-scale	results of the two-scale model with those of the solid element model and Laboratory (NREL), Golden, Colorado, 2019.	structure of the scaled PCSH tower and the comparison of the numerical Turbine Tower Heights: Opportunities and Challenges, National Renewable Energy | results of the two-scale model with those of the solid element model and Laboratory (NREL), Golden, Colorado, 2019. | [2] Kang C, Hartwig S, Marx S. Behavior of externally prestressed segmental towers’
REF005_Li2023	12	False	1	prestress	[2] Kang C, Hartwig S, Marx S. Behavior of externally prestressed segmental towers’	results of the two-scale model with those of the solid element model and Laboratory (NREL), Golden, Colorado, 2019. | [2] Kang C, Hartwig S, Marx S. Behavior of externally prestressed segmental towers’ | the fiber beam model also show the accuracy and efficiency of the dry joint under torsion effects. Struct Concr 2019;20:1350–7.
REF005_Li2023	12	False	1	two-scale	developed two-scale model. [3] E. Ercan, E. Hokelekli, A. Ozdemir, Dynamic Analysis of a Reinforced-Concrete Post	the fiber beam model also show the accuracy and efficiency of the dry joint under torsion effects. Struct Concr 2019;20:1350–7. | developed two-scale model. [3] E. Ercan, E. Hokelekli, A. Ozdemir, Dynamic Analysis of a Reinforced-Concrete Post | 2) The developed fiber beam model can simulate the global behavior Tensioned Wind Turbine Tower, Proceedings of 3rd International Sustainable
REF005_Li2023	12	False	1	prestress	centration phenomenon and the local failure mechanism at critical lo­ analysis of a prestressed segmental concrete tower for wind turbines. Adv Struct	of the PCSH wind turbine tower but is hard to simulate the stress con­ [4] Cao Y, He M, Ma R, Yang R, Liang F. Beam-column modeling and seismic fragility | centration phenomenon and the local failure mechanism at critical lo­ analysis of a prestressed segmental concrete tower for wind turbines. Adv Struct | cations of the substructure of the scaled PCSH tower. Moreover, with the Eng 2020;23:1715–27.
REF005_Li2023	13	False	1	mesh	[7] Chen S, Li Q, Liu Y, Xia J, Xue Z. Dynamic elastoplastic analysis using the meshless Standardization Administration of China, Beijing, 2012.	of energy model. J Clean Prod 2019;240:118001. [23] SAC, GB50009-2012: Load Code for the Design of Building Structures, | [7] Chen S, Li Q, Liu Y, Xia J, Xue Z. Dynamic elastoplastic analysis using the meshless Standardization Administration of China, Beijing, 2012. | local natural neighbor interpolation method. Int J Comput Methods 2011;8: [24] S. Mazzoni, F. McKenna, M.H. Scott, G.L. Fenves, OpenSees users manual, PEER,
REF005_Li2023	13	False	1	prestress	Dynamics and Materials Conference, American Institute of Aeronautics and [26] M.M. Yassin, Nonlinear analysis of prestressed concrete structures under	Offshore Wind Turbines, 53rd AIAA/ASME/ASCE/AHS/ASC Structures, Structural Structural Engineering Laboratory, University of California, Berkeley 1966. | Dynamics and Materials Conference, American Institute of Aeronautics and [26] M.M. Yassin, Nonlinear analysis of prestressed concrete structures under | Astronautics, Honolulu, Hawaii, 2012, pp. 1-12. monotonic and cyclic loads, University of California, Berkeley., 1994.
REF005_Li2023	13	False	1	prestress	[9] Ma H, Meng R. Optimization design of prestressed concrete wind-turbine tower. [27] Mander JB, Priestley MJ, Park R. Theoretical Stress-Strain Model for Confined	Astronautics, Honolulu, Hawaii, 2012, pp. 1-12. monotonic and cyclic loads, University of California, Berkeley., 1994. | [9] Ma H, Meng R. Optimization design of prestressed concrete wind-turbine tower. [27] Mander JB, Priestley MJ, Park R. Theoretical Stress-Strain Model for Confined | Science China 2014;57:414–22. Concrete. J Struct Eng 1988;114:1804–26.
REF005_Li2023	13	False	1	prestress	[10] Ma H, Zhang D. Seismic Response of a Prestressed Concrete Wind Turbine Tower, [28] Chen H, Xu B, Mo Y, Zhou T. Behavior of meso-scale heterogeneous concrete under	Science China 2014;57:414–22. Concrete. J Struct Eng 1988;114:1804–26. | [10] Ma H, Zhang D. Seismic Response of a Prestressed Concrete Wind Turbine Tower, [28] Chen H, Xu B, Mo Y, Zhou T. Behavior of meso-scale heterogeneous concrete under | International. J Civ Eng 2016;14:561–71. uniaxial tensile and compressive loadings. Constr Build Mater 2018;178:418–31.
REF005_Li2023	13	False	1	finite element	[11] Kenna A, Basu B. A finite element model for pre-stressed or post-tensioned concrete [29] D. Systèmes, Analysis user’s guide volume IV: elements, 2016.	International. J Civ Eng 2016;14:561–71. uniaxial tensile and compressive loadings. Constr Build Mater 2018;178:418–31. | [11] Kenna A, Basu B. A finite element model for pre-stressed or post-tensioned concrete [29] D. Systèmes, Analysis user’s guide volume IV: elements, 2016. | wind turbine towers. Wind Energy 2015;18:1593–610. [30] H.G. KWAK, F.C. FILIPPOU, Finite element analysis of reinforced concrete
REF005_Li2023	13	False	1	finite element	wind turbine towers. Wind Energy 2015;18:1593–610. [30] H.G. KWAK, F.C. FILIPPOU, Finite element analysis of reinforced concrete	[11] Kenna A, Basu B. A finite element model for pre-stressed or post-tensioned concrete [29] D. Systèmes, Analysis user’s guide volume IV: elements, 2016. | wind turbine towers. Wind Energy 2015;18:1593–610. [30] H.G. KWAK, F.C. FILIPPOU, Finite element analysis of reinforced concrete | [12] Wang H, Wu T. Knowledge-Enhanced Deep Learning for Wind-Induced Nonlinear structures under monotonic loads, Department of Civil Engineering, University of
REF005_Li2023	13	False	1	prestress	[13] Zhao N, Huang G, Yang Q, Zhou X, Kareem A. Fast Convolution Integration-Based [31] Z.Y. Li, H.B. Chen, B. Xu, Dimension Optimization for a Prestressed Concrete-Steel	Structural Dynamic Analysis. J Struct Eng 2020;146:04020235. California, 1990. | [13] Zhao N, Huang G, Yang Q, Zhou X, Kareem A. Fast Convolution Integration-Based [31] Z.Y. Li, H.B. Chen, B. Xu, Dimension Optimization for a Prestressed Concrete-Steel | Nonstationary Response Analysis of Linear and Nonlinear Structures with Hybrid Wind Turbine Tower with Particle Swarm Approach, 3rd International
REF005_Li2023	13	False	1	prestress	[19] Moyeda A, Fish J. Multiscale analysis of prestressed concrete structures. Int J [38] K. Thomsen, P.H. Madsen, E. Jørgensen, Status og perspektiver for forskning i	2020;10:7899. Steel Structures 2018;18:1318–24. | [19] Moyeda A, Fish J. Multiscale analysis of prestressed concrete structures. Int J [38] K. Thomsen, P.H. Madsen, E. Jørgensen, Status og perspektiver for forskning i | Multiscale Comput Eng 2018;16:285–301. aeroelasticitet. Lastgrundlag og sikkerhed, Denmark, Forskningscenter Risoe,
REF005_Li2023	13	False	1	finite element	[20] Sadowski AJ. On the advantages of hybrid beam-shell structural finite element 1997.	Multiscale Comput Eng 2018;16:285–301. aeroelasticitet. Lastgrundlag og sikkerhed, Denmark, Forskningscenter Risoe, | [20] Sadowski AJ. On the advantages of hybrid beam-shell structural finite element 1997. | models for the efficient analysis of metal wind turbine support towers. Finite [39] Huo T, Tong L. An approach to wind-induced fatigue analysis of wind turbine
REF005_Li2023	13	False	1	fatigue	models for the efficient analysis of metal wind turbine support towers. Finite [39] Huo T, Tong L. An approach to wind-induced fatigue analysis of wind turbine	[20] Sadowski AJ. On the advantages of hybrid beam-shell structural finite element 1997. | models for the efficient analysis of metal wind turbine support towers. Finite [39] Huo T, Tong L. An approach to wind-induced fatigue analysis of wind turbine | Elements in Analysis Design 2019;162:19–33. tubular towers. J Constr Steel Res 2020;166:105917.
REF005_Li2023	13	False	1	experiment	[21] Szafran J, Juszczyk K, Kaminski MM. Experiment-based reliability analysis of	Elements in Analysis Design 2019;162:19–33. tubular towers. J Constr Steel Res 2020;166:105917. | [21] Szafran J, Juszczyk K, Kaminski MM. Experiment-based reliability analysis of | structural joints in a steel lattice tower. J Constr Steel Res 2019;154:278–92.
REF010_Cheng2024	1	False	1	RNA	journal homepage: www.elsevier.com/locate/structures	Structures | journal homepage: www.elsevier.com/locate/structures
REF010_Cheng2024	1	False	1	frequency	Natural frequency Accurate analysis of dynamic characteristics plays an important role in the design of wind turbine tower	Steel-concrete hybrid wind turbine tower associated with traditional steel towers, making it increasingly popular in onshore low-wind-speed wind farms. | Natural frequency Accurate analysis of dynamic characteristics plays an important role in the design of wind turbine tower | Adaptive vibration mode
REF010_Cheng2024	1	False	1	RNA	Rotor-nacelle assembly (RNA)	Intelligent analysis | Rotor-nacelle assembly (RNA) | displacement and the generalized coordinates method, considering the mass eccentricity and moment of inertia
REF010_Cheng2024	1	False	2	eccentric;mass	displacement and the generalized coordinates method, considering the mass eccentricity and moment of inertia	Rotor-nacelle assembly (RNA) | displacement and the generalized coordinates method, considering the mass eccentricity and moment of inertia | of the rotor-nacelle assembly, variable cross-sections of the tower, and prestress. An adaptive vibration mode for
REF010_Cheng2024	1	False	1	prestress	of the rotor-nacelle assembly, variable cross-sections of the tower, and prestress. An adaptive vibration mode for	displacement and the generalized coordinates method, considering the mass eccentricity and moment of inertia | of the rotor-nacelle assembly, variable cross-sections of the tower, and prestress. An adaptive vibration mode for | the hybrid tower was constructed, and an intelligent optimization algorithm was employed to solve the natural
REF010_Cheng2024	1	False	1	Abaqus	frequencies. A refined finite element model was developed using ABAQUS software to predict the natural fre­	the hybrid tower was constructed, and an intelligent optimization algorithm was employed to solve the natural | frequencies. A refined finite element model was developed using ABAQUS software to predict the natural fre­ | quencies and vibration modes of the hybrid tower, validating the reliability of the intelligent analysis approach.
REF010_Cheng2024	1	False	1	prestress	coal, oil, and natural gas are facing supply shortages. Consequently, the middle, and a traditional steel upper section. Vertical prestress is applied	increasing consumption of energy, traditional energy sources such as conical concrete lower section, a concrete transition segment in the | coal, oil, and natural gas are facing supply shortages. Consequently, the middle, and a traditional steel upper section. Vertical prestress is applied | development of new renewable energy sources has become a critical to the concrete using external prestressed steel strands, as shown in
REF010_Cheng2024	1	False	2	RNA;prestress	development of new renewable energy sources has become a critical to the concrete using external prestressed steel strands, as shown in	coal, oil, and natural gas are facing supply shortages. Consequently, the middle, and a traditional steel upper section. Vertical prestress is applied | development of new renewable energy sources has become a critical to the concrete using external prestressed steel strands, as shown in | strategic demand for many countries. Wind power, as a clean and effi­ Fig. 1. This hybrid tower combines the advantages of both concrete and
REF010_Cheng2024	1	False	1	frequency	the height of support structures pose new and significant challenges to loads and their own vibration loads. When the operational frequency of	towards larger scales. The increasing length of wind turbine blades and Wind turbines will experience significant vibrations under wind | the height of support structures pose new and significant challenges to loads and their own vibration loads. When the operational frequency of | the mechanical performance and economic feasibility of wind turbine the wind turbine approaches the natural frequency of the overall
REF010_Cheng2024	1	False	1	frequency	the mechanical performance and economic feasibility of wind turbine the wind turbine approaches the natural frequency of the overall	the height of support structures pose new and significant challenges to loads and their own vibration loads. When the operational frequency of | the mechanical performance and economic feasibility of wind turbine the wind turbine approaches the natural frequency of the overall | towers [4]. For hub heights exceeding 100 m, traditional steel towers structure, resonance occurs, which can affect the performance of the
REF010_Cheng2024	2	False	1	frequency	between the tower and the wind turbine, the first-order frequency of the curacy of numerical results. Analytical solutions of natural frequencies	wind turbine and even lead to structural failure. To avoid resonance mechanism and serves as a supplementary method to validate the ac­ | between the tower and the wind turbine, the first-order frequency of the curacy of numerical results. Analytical solutions of natural frequencies | tower should steer clear of the ± 10 % range of the wind turbine rota­ are useful for preliminary tower design, avoiding the need for repetitive
REF010_Cheng2024	2	False	1	frequency	tional frequency f1p and the blade passing frequency f3p. Wind turbine numerical modeling and enhancing design efficiency. Vugst [18] and	tower should steer clear of the ± 10 % range of the wind turbine rota­ are useful for preliminary tower design, avoiding the need for repetitive | tional frequency f1p and the blade passing frequency f3p. Wind turbine numerical modeling and enhancing design efficiency. Vugst [18] and | towers are generally designed with three strategies: the stiff-stiff strat­ Tempel [19] treated tower structures as cantilever beams, with nacelles
REF010_Cheng2024	2	False	1	mass	egy with natural frequencies greater than 1.1 f3p, the soft-stiff strategy and wind rotors equivalent to concentrated masses at the top, deriving	towers are generally designed with three strategies: the stiff-stiff strat­ Tempel [19] treated tower structures as cantilever beams, with nacelles | egy with natural frequencies greater than 1.1 f3p, the soft-stiff strategy and wind rotors equivalent to concentrated masses at the top, deriving | with natural frequencies between 1.1 f1p and 0.9 f3p, and the soft-soft analytical formulas for natural frequencies based on structural dynamics
REF010_Cheng2024	2	False	1	mass	terms of numerical simulations, Tian et al. [12] treated the wind turbine Lei et al. [21] considered the effects of wind turbine mass and eccen­	primarily involves analytical calculations and numerical simulations. In tors influencing natural frequencies in offshore wind turbine structures. | terms of numerical simulations, Tian et al. [12] treated the wind turbine Lei et al. [21] considered the effects of wind turbine mass and eccen­ | rotor, nacelle, and flange as equivalent mass points, and utilized shell tricity, deriving analytical methods for calculating natural frequencies
REF010_Cheng2024	2	False	1	mass	rotor, nacelle, and flange as equivalent mass points, and utilized shell tricity, deriving analytical methods for calculating natural frequencies	terms of numerical simulations, Tian et al. [12] treated the wind turbine Lei et al. [21] considered the effects of wind turbine mass and eccen­ | rotor, nacelle, and flange as equivalent mass points, and utilized shell tricity, deriving analytical methods for calculating natural frequencies | elements to construct a finite element (FE) model of the tower structure for steel tower using energy methods. Huang et al. [22] obtained the
REF010_Cheng2024	2	False	1	frequency	for natural frequency calculations, validated through experimental natural frequencies of steel-concrete hybrid towers by solving free vi­	elements to construct a finite element (FE) model of the tower structure for steel tower using energy methods. Huang et al. [22] obtained the | for natural frequency calculations, validated through experimental natural frequencies of steel-concrete hybrid towers by solving free vi­ | verification of computational accuracy. Alkhoury et al. [13] used point bration equations, and analyzed their correlation with geometric di­
REF010_Cheng2024	2	False	1	mass	masses and beam elements to construct a nacelle model, studying the mensions. Zhang et al. [23] used flexibility matrices to calculated	verification of computational accuracy. Alkhoury et al. [13] used point bration equations, and analyzed their correlation with geometric di­ | masses and beam elements to construct a nacelle model, studying the mensions. Zhang et al. [23] used flexibility matrices to calculated | characteristic modes and frequencies of the wind turbine structure. Cao natural frequencies of precast concrete towers and studied the impact of
REF010_Cheng2024	2	False	1	mass	et al. [14] adopted shell elements to develop a detailed FE model of a top concentrated mass as well as precast segmental thickness on struc­	characteristic modes and frequencies of the wind turbine structure. Cao natural frequencies of precast concrete towers and studied the impact of | et al. [14] adopted shell elements to develop a detailed FE model of a top concentrated mass as well as precast segmental thickness on struc­ | monopile-tower-blade system, considering soil reactions, wind-wave tural dynamic characteristics. Li et al. [24] employed the Rayleigh-Ritz
REF010_Cheng2024	2	False	1	frequency	combinations. Shi et al. [15] investigated the impact of four different method to establish frequency equations for steel-concrete hybrid	monopile-tower-blade system, considering soil reactions, wind-wave tural dynamic characteristics. Li et al. [24] employed the Rayleigh-Ritz | combinations. Shi et al. [15] investigated the impact of four different method to establish frequency equations for steel-concrete hybrid | simplified rotor-nacelle assembly (RNA) models on the characteristic towers, systematically considering turbine mass, rotational inertia,
REF010_Cheng2024	2	False	2	RNA;mass	simplified rotor-nacelle assembly (RNA) models on the characteristic towers, systematically considering turbine mass, rotational inertia,	combinations. Shi et al. [15] investigated the impact of four different method to establish frequency equations for steel-concrete hybrid | simplified rotor-nacelle assembly (RNA) models on the characteristic towers, systematically considering turbine mass, rotational inertia, | frequencies and seismic responses of offshore wind turbine structures, elastic foundation stiffness, and prestress effects on structural natural
REF010_Cheng2024	2	False	1	prestress	frequencies and seismic responses of offshore wind turbine structures, elastic foundation stiffness, and prestress effects on structural natural	simplified rotor-nacelle assembly (RNA) models on the characteristic towers, systematically considering turbine mass, rotational inertia, | frequencies and seismic responses of offshore wind turbine structures, elastic foundation stiffness, and prestress effects on structural natural | finding that simplified RNA models will affect higher-order modes. Lana frequencies. However, top wind turbines have large moment of inertia
REF010_Cheng2024	2	False	1	RNA	finding that simplified RNA models will affect higher-order modes. Lana frequencies. However, top wind turbines have large moment of inertia	frequencies and seismic responses of offshore wind turbine structures, elastic foundation stiffness, and prestress effects on structural natural | finding that simplified RNA models will affect higher-order modes. Lana frequencies. However, top wind turbines have large moment of inertia | et al. [17] established a solid model of a prestressed concrete tower to and their center of mass deviates from the tower axis. Scholars often
REF010_Cheng2024	2	False	2	prestress;mass	et al. [17] established a solid model of a prestressed concrete tower to and their center of mass deviates from the tower axis. Scholars often	finding that simplified RNA models will affect higher-order modes. Lana frequencies. However, top wind turbines have large moment of inertia | et al. [17] established a solid model of a prestressed concrete tower to and their center of mass deviates from the tower axis. Scholars often | calculate the first five natural frequencies and modes, and optimized the simplify top units into concentrated mass point, neglecting rotational
REF010_Cheng2024	2	False	1	mass	calculate the first five natural frequencies and modes, and optimized the simplify top units into concentrated mass point, neglecting rotational	et al. [17] established a solid model of a prestressed concrete tower to and their center of mass deviates from the tower axis. Scholars often | calculate the first five natural frequencies and modes, and optimized the simplify top units into concentrated mass point, neglecting rotational | shape and dimensions of the hybrid tower using a genetic algorithm. inertia, mass eccentricity, and asymmetric effects in two directions on
REF010_Cheng2024	2	False	2	eccentric;mass	shape and dimensions of the hybrid tower using a genetic algorithm. inertia, mass eccentricity, and asymmetric effects in two directions on	calculate the first five natural frequencies and modes, and optimized the simplify top units into concentrated mass point, neglecting rotational | shape and dimensions of the hybrid tower using a genetic algorithm. inertia, mass eccentricity, and asymmetric effects in two directions on | Kenna et al. [16] created a detailed FE model of a prestressed concrete overall structural natural frequencies. Additionally, the accuracy of
REF010_Cheng2024	2	False	1	prestress	Kenna et al. [16] created a detailed FE model of a prestressed concrete overall structural natural frequencies. Additionally, the accuracy of	shape and dimensions of the hybrid tower using a genetic algorithm. inertia, mass eccentricity, and asymmetric effects in two directions on | Kenna et al. [16] created a detailed FE model of a prestressed concrete overall structural natural frequencies. Additionally, the accuracy of | tower using two-dimensional continuum shell elements and energy method solutions for tower natural frequencies depends on the
REF010_Cheng2024	2	False	1	prestress	one-dimensional beam elements, exploring the impact of prestress selection of mode shapes, and conventional mode shape constructions	tower using two-dimensional continuum shell elements and energy method solutions for tower natural frequencies depends on the | one-dimensional beam elements, exploring the impact of prestress selection of mode shapes, and conventional mode shape constructions | design and concrete compressive strength on tower stiffness. Although often struggle to meet engineering accuracy requirements.
REF010_Cheng2024	2	False	1	mass	stages of the towers. towards larger scales, the impact of top unit rotational inertia and mass	unsuitable for simplified and rapid calculations during the early design tower cross-sections at the transition segment. As wind turbines trend | stages of the towers. towards larger scales, the impact of top unit rotational inertia and mass | Analytical calculation of tower natural frequencies offers a clear eccentricity on structural natural frequencies becomes significant and
REF010_Cheng2024	2	False	1	eccentric	Analytical calculation of tower natural frequencies offers a clear eccentricity on structural natural frequencies becomes significant and	stages of the towers. towards larger scales, the impact of top unit rotational inertia and mass | Analytical calculation of tower natural frequencies offers a clear eccentricity on structural natural frequencies becomes significant and
REF010_Cheng2024	2	True	3		Fig. 1. Steel-concrete hybrid wind turbine tower.	Fig. 1. Steel-concrete hybrid wind turbine tower.
REF010_Cheng2024	3	False	2	eccentric;mass	Considering the influence of wind turbine mass eccentricity, moment necting the nacelle and rotor center of gravity with the tower axis is at a	engineering practical needs. D(x) and wall thickness t(x). The intersection point W of the line con­ | Considering the influence of wind turbine mass eccentricity, moment necting the nacelle and rotor center of gravity with the tower axis is at a | inertia, and prestress in concrete tower segments, the differential distance a from the top of the tower. The masses of the nacelle and rotor
REF010_Cheng2024	3	False	2	prestress;mass	inertia, and prestress in concrete tower segments, the differential distance a from the top of the tower. The masses of the nacelle and rotor	Considering the influence of wind turbine mass eccentricity, moment necting the nacelle and rotor center of gravity with the tower axis is at a | inertia, and prestress in concrete tower segments, the differential distance a from the top of the tower. The masses of the nacelle and rotor | equation governing the free vibration of hybrid towers is derived based are mN and mR, respectively. The rotational inertias of the nacelle about
REF010_Cheng2024	3	False	1	eccentric	and natural frequencies are solved using a combination of the energy The centroids of the nacelle and rotor are eccentrically located only in	on the principle of virtual displacement and the adaptive mode shapes, the u and v axes are JNu and JNv, while those of the rotor are JRu and JRv. | and natural frequencies are solved using a combination of the energy The centroids of the nacelle and rotor are eccentrically located only in | method and intelligent optimization algorithm. A refined FE model of the u direction, with eccentric distances ΔN and ΔR, respectively.
REF010_Cheng2024	3	False	1	eccentric	method and intelligent optimization algorithm. A refined FE model of the u direction, with eccentric distances ΔN and ΔR, respectively.	and natural frequencies are solved using a combination of the energy The centroids of the nacelle and rotor are eccentrically located only in | method and intelligent optimization algorithm. A refined FE model of the u direction, with eccentric distances ΔN and ΔR, respectively. | hybrid towers in ABAQUS was developed, validating the reliability of
REF010_Cheng2024	3	False	1	Abaqus	hybrid towers in ABAQUS was developed, validating the reliability of	method and intelligent optimization algorithm. A refined FE model of the u direction, with eccentric distances ΔN and ΔR, respectively. | hybrid towers in ABAQUS was developed, validating the reliability of | proposed analytical solutions. The feature importance of the geometric
REF010_Cheng2024	3	False	1	prestress	derivation of the virtual work performed by the prestress, tower, and top	hybrid towers. | derivation of the virtual work performed by the prestress, tower, and top | RNA components corresponding to their respective virtual displace­
REF010_Cheng2024	3	False	1	RNA	RNA components corresponding to their respective virtual displace­	derivation of the virtual work performed by the prestress, tower, and top | RNA components corresponding to their respective virtual displace­ | 2. Development of governing equation
REF010_Cheng2024	3	False	1	prestress	(a) Virtual Work Done by prestress	2.1. Mechanical model | (a) Virtual Work Done by prestress | The prestressed steel strands at the top of the transition section
REF010_Cheng2024	3	False	1	prestress	The prestressed steel strands at the top of the transition section	(a) Virtual Work Done by prestress | The prestressed steel strands at the top of the transition section | The steel-concrete hybrid tower primarily is composed of of the top
REF010_Cheng2024	3	False	1	RNA	RNA, the concrete tower segment, the transition segment, and the steel	in the hybrid tower are anchored, while their bottoms are | RNA, the concrete tower segment, the transition segment, and the steel | anchored within cavities inside the foundation. Therefore,
REF010_Cheng2024	3	False	1	RNA	tower segment. The RNA comprises the nacelle and rotor, which can be	anchored within cavities inside the foundation. Therefore, | tower segment. The RNA comprises the nacelle and rotor, which can be | prestress is considered to exert an axial force P at the top of the
REF010_Cheng2024	3	False	1	prestress	prestress is considered to exert an axial force P at the top of the	tower segment. The RNA comprises the nacelle and rotor, which can be | prestress is considered to exert an axial force P at the top of the | modeled as rigid points N and R with concentrated mass and rotational
REF010_Cheng2024	3	False	1	mass	modeled as rigid points N and R with concentrated mass and rotational	prestress is considered to exert an axial force P at the top of the | modeled as rigid points N and R with concentrated mass and rotational | transition section. u(x,t) and δu(x,t) respectively represent the
REF010_Cheng2024	3	False	2	eccentric;mass	Bernoulli cantilever beam with eccentrically concentrated mass and	lateral displacement and virtual displacement along the u-direc­ | Bernoulli cantilever beam with eccentrically concentrated mass and | tion at any height x of the hybrid tower varying continuously
REF010_Cheng2024	3	True	3		Fig. 2. Simplified analysis model of the steel-concrete hybrid tower.	Fig. 2. Simplified analysis model of the steel-concrete hybrid tower.
REF010_Cheng2024	4	False	1	prestress	work done by the prestress during this process. Substituting the	tical position of the transition section changes, which affects the (11) | work done by the prestress during this process. Substituting the | height of the prestress application point (hc+ht) into Eq. (2) to The total virtual work done by the tower’s bending moment on
REF010_Cheng2024	4	False	1	prestress	height of the prestress application point (hc+ht) into Eq. (2) to The total virtual work done by the tower’s bending moment on	work done by the prestress during this process. Substituting the | height of the prestress application point (hc+ht) into Eq. (2) to The total virtual work done by the tower’s bending moment on | determine the vertical virtual displacement and displacement δw the virtual curvature is
REF010_Cheng2024	4	False	1	prestress	(hc+ht, t). Therefore, the virtual work done by the prestress P on	determine the vertical virtual displacement and displacement δw the virtual curvature is | (hc+ht, t). Therefore, the virtual work done by the prestress P on | the vertical virtual displacement δWP is δWTM = δWTMu + δWTMv (12)
REF010_Cheng2024	4	False	1	RNA	0 (c) Virtual Work Done by RNA	δWP = Pδw(hc + ht , t) = P [uʹ(z, t)δuʹ(z, t) + vʹ(z, t)δvʹ(z, t)]dz | 0 (c) Virtual Work Done by RNA | (3)
REF010_Cheng2024	4	False	1	eccentric	Due to the eccentricity of the nacelle and rotor in the u-direction,	(3) | Due to the eccentricity of the nacelle and rotor in the u-direction, | there is an additional bending moment caused by the eccentricity of the
REF010_Cheng2024	4	False	1	eccentric	there is an additional bending moment caused by the eccentricity of the	Due to the eccentricity of the nacelle and rotor in the u-direction, | there is an additional bending moment caused by the eccentricity of the | (b) Virtual Work Done by tower mass at the tower top. To determine the work done by the top RNA, the
REF010_Cheng2024	4	False	2	RNA;mass	(b) Virtual Work Done by tower mass at the tower top. To determine the work done by the top RNA, the	there is an additional bending moment caused by the eccentricity of the | (b) Virtual Work Done by tower mass at the tower top. To determine the work done by the top RNA, the | The hybrid tower is typically a variable cross-section beam, gravity of the nacelle and blades is shifted to point W on the tower axis.
REF010_Cheng2024	4	False	2	RNA;mass	where the bending stiffness EI(x) and mass per unit length m(x) The work done by the top RNA can be divided into four parts: one part is	The hybrid tower is typically a variable cross-section beam, gravity of the nacelle and blades is shifted to point W on the tower axis. | where the bending stiffness EI(x) and mass per unit length m(x) The work done by the top RNA can be divided into four parts: one part is | vary arbitrarily along the height x of the tower. Ei and ρi represent the virtual work δW WTG done by the self-weight of the RNA on its cor­
REF010_Cheng2024	4	False	1	RNA	vary arbitrarily along the height x of the tower. Ei and ρi represent the virtual work δW WTG done by the self-weight of the RNA on its cor­	where the bending stiffness EI(x) and mass per unit length m(x) The work done by the top RNA can be divided into four parts: one part is | vary arbitrarily along the height x of the tower. Ei and ρi represent the virtual work δW WTG done by the self-weight of the RNA on its cor­ | the elastic modulus and mass density of each segment, respec­ responding vertical virtual displacement; a second part is the virtual
REF010_Cheng2024	4	False	1	mass	the elastic modulus and mass density of each segment, respec­ responding vertical virtual displacement; a second part is the virtual	vary arbitrarily along the height x of the tower. Ei and ρi represent the virtual work δW WTG done by the self-weight of the RNA on its cor­ | the elastic modulus and mass density of each segment, respec­ responding vertical virtual displacement; a second part is the virtual | tively. Then, m(x) and EI(x) can be respectively expressed as: work δW WTI done by the inertial force generated by the mass of the RNA
REF010_Cheng2024	4	False	2	RNA;mass	tively. Then, m(x) and EI(x) can be respectively expressed as: work δW WTI done by the inertial force generated by the mass of the RNA	the elastic modulus and mass density of each segment, respec­ responding vertical virtual displacement; a second part is the virtual | tively. Then, m(x) and EI(x) can be respectively expressed as: work δW WTI done by the inertial force generated by the mass of the RNA | m(x) = πρi [D(x) − t(x)]t(x) (4) on its corresponding lateral virtual displacement; a third part is the
REF010_Cheng2024	4	False	1	RNA	virtual work δW WT J done by the rotational inertia of the RNA on its	m(x) = πρi [D(x) − t(x)]t(x) (4) on its corresponding lateral virtual displacement; a third part is the | virtual work δW WT J done by the rotational inertia of the RNA on its | π { } corresponding virtual angular displacement; and the fourth part is the
REF010_Cheng2024	4	False	3	RNA;eccentric;mass	the mass eccentricity of the RNA on its virtual angular displacement.	64 virtual work δWWTE done by the additional bending moment caused by | the mass eccentricity of the RNA on its virtual angular displacement. | The displacements uw, vw and ww at point W on the tower axis are
REF010_Cheng2024	4	False	1	mass	mass of the tower in its corresponding lateral virtual displace­ vw = v(H, t) + avʹ(H, t) (14)	is the virtual work done by the inertial force of the distributed | mass of the tower in its corresponding lateral virtual displace­ vw = v(H, t) + avʹ(H, t) (14) | ment δWTI ; and the third part is the virtual work done by the in­
REF010_Cheng2024	4	False	1	RNA	ternal bending moment of the tower in its corresponding virtual 1 ∂u(z, t) 2 ∂v(z, t) 2 1 1	∫ H [( ) ( ) ] | ternal bending moment of the tower in its corresponding virtual 1 ∂u(z, t) 2 ∂v(z, t) 2 1 1 | ww = dz + a[uʹ(H, t)]2 + a[vʹ(H, t)]2
REF010_Cheng2024	5	False	2	RNA;mass	The total mass of the top RNA is mw (mN +mR). The virtual work done { }	The total mass of the top RNA is mw (mN +mR). The virtual work done { } | Mv = (JNv + JRv ) [φʹ(H)]2 + 2aφʹʹ(H)φʹ(H) + a2 [φʹ(H)]2
REF010_Cheng2024	5	False	1	RNA	by the self-weight of the top RNA on the vertical virtual displacement is	Mv = (JNv + JRv ) [φʹ(H)]2 + 2aφʹʹ(H)φʹ(H) + a2 [φʹ(H)]2 | by the self-weight of the top RNA on the vertical virtual displacement is | ∫H (38)
REF010_Cheng2024	5	False	1	RNA	of the RNA on their corresponding lateral virtual displacements are	If for any variation δTu and δTv, Eq. (34) holds true, then | of the RNA on their corresponding lateral virtual displacements are | respectively represented as: Mu T̈ u + Ku Tu + Cu = 0 (39)
REF010_Cheng2024	5	False	1	RNA	The total virtual work done by the inertia forces of the RNA on	equations of the tower along the u and v directions. By substituting the | The total virtual work done by the inertia forces of the RNA on | shape function φi(x) for the i-th mode of tower vibration, the generalized
REF010_Cheng2024	5	False	1	mass	masses Mui and Mvi , and the generalized stiffnesses Kui and Kvi along the u	corresponding virtual displacements is | masses Mui and Mvi , and the generalized stiffnesses Kui and Kvi along the u | δWWT
REF010_Cheng2024	5	False	1	RNA	RNA on their corresponding virtual angular displacements are respec­ √̅̅̅̅̅̅̅	The virtual work done by the rotational inertia moments of the top directions are respectively represented as: | RNA on their corresponding virtual angular displacements are respec­ √̅̅̅̅̅̅̅ | tively represented as: Kui
REF010_Cheng2024	5	False	1	RNA	top RNA is expressed as: Eqs. (41) and (42) respectively yield the natural frequencies of tower	The total virtual work done by the rotational inertia moments of the | top RNA is expressed as: Eqs. (41) and (42) respectively yield the natural frequencies of tower | vibration along the u and v directions. This is because the rotational
REF010_Cheng2024	5	False	2	eccentric;mass	inertia and eccentric mass of the wind turbine atop the tower differ	J | inertia and eccentric mass of the wind turbine atop the tower differ | The virtual work done by the additional moment caused by the mass around the u and v axes, resulting in different natural frequencies of
REF010_Cheng2024	5	False	1	mass	The virtual work done by the additional moment caused by the mass around the u and v axes, resulting in different natural frequencies of	inertia and eccentric mass of the wind turbine atop the tower differ | The virtual work done by the additional moment caused by the mass around the u and v axes, resulting in different natural frequencies of | eccentricity of the top wind turbine on its virtual angular displacement is vibration along each direction for each vibration mode.
REF010_Cheng2024	5	False	1	eccentric	eccentricity of the top wind turbine on its virtual angular displacement is vibration along each direction for each vibration mode.	The virtual work done by the additional moment caused by the mass around the u and v axes, resulting in different natural frequencies of | eccentricity of the top wind turbine on its virtual angular displacement is vibration along each direction for each vibration mode.
REF010_Cheng2024	5	False	1	frequency	E = 0 (31) The accuracy of the natural frequency calculation depends on the	G + δWJ + δW I + δWWT | E = 0 (31) The accuracy of the natural frequency calculation depends on the | similarity between the assumed vibration mode function and the actual
REF010_Cheng2024	6	False	1	mass	selected as a case study. The mass of this wind turbine is 234 t. The rated	will yield the third vibration mode. In this study, a 5.0 MW hybrid tower with a height of 160 m is | selected as a case study. The mass of this wind turbine is 234 t. The rated | 3.2. Equation solving wind speed and cut-out wind speed are 11 m/s and 25 m/s, respectively.
REF010_Cheng2024	6	False	1	frequency	According to the Rayleigh method, the frequency obtained by the 36,000 MPa and a density of 2500 kg/m3. The steel grade of steel tower	The concrete tower is made of C80 concrete, with an elastic modulus of | According to the Rayleigh method, the frequency obtained by the 36,000 MPa and a density of 2500 kg/m3. The steel grade of steel tower | actual vibration mode is the lowest. Therefore, when selecting the is Q355, with an elastic modulus of 2.06 × 105 MPa. To account for the
REF010_Cheng2024	6	False	1	mass	approximate results obtained using this method, the one with the lowest contributions of welding, bolts, coating, and flanges to the mass of the	actual vibration mode is the lowest. Therefore, when selecting the is Q355, with an elastic modulus of 2.06 × 105 MPa. To account for the | approximate results obtained using this method, the one with the lowest contributions of welding, bolts, coating, and flanges to the mass of the | frequency is always the best approximation [25]. This can be framed as steel tower, the equivalent density of the steel tower is taken as 8500 kg/
REF010_Cheng2024	6	False	1	frequency	frequency is always the best approximation [25]. This can be framed as steel tower, the equivalent density of the steel tower is taken as 8500 kg/	approximate results obtained using this method, the one with the lowest contributions of welding, bolts, coating, and flanges to the mass of the | frequency is always the best approximation [25]. This can be framed as steel tower, the equivalent density of the steel tower is taken as 8500 kg/ | an optimization problem aimed at minimizing a function subject to m3 to consider the effect of paint and connections [15,24]. A prestress
REF010_Cheng2024	6	False	1	prestress	an optimization problem aimed at minimizing a function subject to m3 to consider the effect of paint and connections [15,24]. A prestress	frequency is always the best approximation [25]. This can be framed as steel tower, the equivalent density of the steel tower is taken as 8500 kg/ | an optimization problem aimed at minimizing a function subject to m3 to consider the effect of paint and connections [15,24]. A prestress | specified constraints, represented by the following mathematical model: value of 80 MN is applied to the top of the transition segment. The
REF010_Cheng2024	6	False	1	mass	geometric parameters of the tower and the mass characteristics of the	specified constraints, represented by the following mathematical model: value of 80 MN is applied to the top of the transition segment. The | geometric parameters of the tower and the mass characteristics of the | find : q = {q1 , q2 , …, qn }
REF010_Cheng2024	6	False	1	mass	makes it particularly suitable for complex, nonlinear, and non-smooth u -axis compared to the v -axis, the generalized mass along the v -di­	mechanisms, enabling it to search for the optimal solution globally. This significant increase in the moment of inertia of wind turbines around the | makes it particularly suitable for complex, nonlinear, and non-smooth u -axis compared to the v -axis, the generalized mass along the v -di­ | objective function optimization problems, avoiding local optima [26, rection of the tower is greater than along the u-direction. Therefore, the
REF010_Cheng2024	6	False	1	frequency	as follows: the number of population size was 50, the number of itera­ pronounced than in the first frequency, indicating that moments of	acteristics of hybrid tower. The main parameters of algorithms were set second and third natural frequencies along both directions are more | as follows: the number of population size was 50, the number of itera­ pronounced than in the first frequency, indicating that moments of | tions imax was 100, the crossover probability was set to 0.8, and the inertia and eccentric mass primarily influence the higher-order natural
REF010_Cheng2024	6	False	2	eccentric;mass	tions imax was 100, the crossover probability was set to 0.8, and the inertia and eccentric mass primarily influence the higher-order natural	as follows: the number of population size was 50, the number of itera­ pronounced than in the first frequency, indicating that moments of | tions imax was 100, the crossover probability was set to 0.8, and the inertia and eccentric mass primarily influence the higher-order natural | mutation probability was set to 0.01. frequencies of the tower vibration.
REF010_Cheng2024	6	False	1	Abaqus	by ABAQUS software. The model comprises components such as con­	A FE analysis model was established for steel-concrete hybrid tower | by ABAQUS software. The model comprises components such as con­ | crete tower segment, transition segment, prestressed steel strands, and
REF010_Cheng2024	6	False	1	prestress	crete tower segment, transition segment, prestressed steel strands, and	by ABAQUS software. The model comprises components such as con­ | crete tower segment, transition segment, prestressed steel strands, and | steel tower segment. C3D8R solid elements were adopted for concrete
REF010_Cheng2024	6	False	1	prestress	beam element was adopted for prestressed steel strands. Both steel and	tower segment, transition segment, and steel tower segment, while B31 | beam element was adopted for prestressed steel strands. Both steel and | concrete materials employed elastic constitutive laws as detailed in
REF010_Cheng2024	6	False	1	prestress	nodes of the prestressed steel strands were constrained to the anchor	utilized to simulate the connections between tower segments. The upper | nodes of the prestressed steel strands were constrained to the anchor | faces at the top of the transition segment using MPC (multi-point
REF010_Cheng2024	6	False	1	prestress	tions. To apply the prestress, initial temperatures were defined for the	translational degrees of freedom to simulate hinged boundary condi­ | tions. To apply the prestress, initial temperatures were defined for the | strands, with subsequent definitions of final temperatures in the loading
REF010_Cheng2024	6	False	1	prestress	for the prestressed steel strands was set to 1e-5. Reference points were	steps to account for tendon shrinkage. The linear expansion coefficient | for the prestressed steel strands was set to 1e-5. Reference points were | established at the center of the nacelle and rotor, respectively, and
REF010_Cheng2024	6	True	3		Table 1	Table 1 | The geometric parameters of the hybrid tower.
REF010_Cheng2024	6	True	3		Fig. 3. The flowchart of the dynamic characteristics of hybrid tower.	Height of the steel tower segment 50 | Fig. 3. The flowchart of the dynamic characteristics of hybrid tower.
REF010_Cheng2024	7	True	5	eccentric;mass	Table 2 were employed: point mass (PM), eccentric point mass (EPM), eccentric	Table 2 were employed: point mass (PM), eccentric point mass (EPM), eccentric | The mass characteristics of the RNA. point mass with moment of inertia (EPMJ), and eccentric double points
REF010_Cheng2024	7	False	3	RNA;eccentric;mass	The mass characteristics of the RNA. point mass with moment of inertia (EPMJ), and eccentric double points	Table 2 were employed: point mass (PM), eccentric point mass (EPM), eccentric | The mass characteristics of the RNA. point mass with moment of inertia (EPMJ), and eccentric double points | Component Mass/t Centroid/m Moment of inertia mass with moment of inertia (EDPMJ), as depicted in Fig. 7.
REF010_Cheng2024	7	False	1	mass	Component Mass/t Centroid/m Moment of inertia mass with moment of inertia (EDPMJ), as depicted in Fig. 7.	The mass characteristics of the RNA. point mass with moment of inertia (EPMJ), and eccentric double points | Component Mass/t Centroid/m Moment of inertia mass with moment of inertia (EDPMJ), as depicted in Fig. 7. | Based on the FE calculation results, the relative errors between the
REF010_Cheng2024	7	False	1	RNA	RNA 246 (− 2.315,0,2.5) 9.99 × 107 5.59 × 107	Blade 121 (− 5.825,0,2.5) 9.99 × 107 5.30 × 107 | RNA 246 (− 2.315,0,2.5) 9.99 × 107 5.59 × 107 | top RNA’s asymmetry, the natural frequencies of the tower along both
REF010_Cheng2024	7	False	1	RNA	top RNA’s asymmetry, the natural frequencies of the tower along both	RNA 246 (− 2.315,0,2.5) 9.99 × 107 5.59 × 107 | top RNA’s asymmetry, the natural frequencies of the tower along both | directions are the same. The PM and EPM models fail to consider the
REF010_Cheng2024	7	False	2	RNA;mass	Note: The coordinates of the center of mass position are relative to the tower top moment of inertia of the RNA, slightly overestimating the first natural	directions are the same. The PM and EPM models fail to consider the | Note: The coordinates of the center of mass position are relative to the tower top moment of inertia of the RNA, slightly overestimating the first natural | coordinate system.
REF010_Cheng2024	7	False	1	frequency	frequency of the hybrid tower. For the second and third structural	coordinate system. | frequency of the hybrid tower. For the second and third structural | modes, relative deviations exceeding 10 % were observed in some re­
REF010_Cheng2024	7	False	1	mass	concentrated masses and moments of inertia are applied on the two sults. Both the EPMJ and EDPMJ models comprehensively account for	modes, relative deviations exceeding 10 % were observed in some re­ | concentrated masses and moments of inertia are applied on the two sults. Both the EPMJ and EDPMJ models comprehensively account for | reference points to consider the influence of RNA. Each reference point the effects of the RNA’s mass eccentricity and moment of inertia,
REF010_Cheng2024	7	False	3	RNA;eccentric;mass	reference points to consider the influence of RNA. Each reference point the effects of the RNA’s mass eccentricity and moment of inertia,	concentrated masses and moments of inertia are applied on the two sults. Both the EPMJ and EDPMJ models comprehensively account for | reference points to consider the influence of RNA. Each reference point the effects of the RNA’s mass eccentricity and moment of inertia, | coupled with the tower’s top section to simulate their motion. The base yielding results closer to each other. In summary, for the first bending
REF010_Cheng2024	7	False	1	RNA	ciency, a mesh size of 0.25 m was selected for the FE model. Fig. 5 modes, the RNA models that neglect moments of inertia show relative	tions in three directions. Considering computational accuracy and effi­ quirements for engineering applications. However, for other bending | ciency, a mesh size of 0.25 m was selected for the FE model. Fig. 5 modes, the RNA models that neglect moments of inertia show relative | illustrates the FE model of hybrid tower. frequency deviations exceeding 10 %.
REF010_Cheng2024	7	False	1	frequency	illustrates the FE model of hybrid tower. frequency deviations exceeding 10 %.	ciency, a mesh size of 0.25 m was selected for the FE model. Fig. 5 modes, the RNA models that neglect moments of inertia show relative | illustrates the FE model of hybrid tower. frequency deviations exceeding 10 %. | The model first applied prestress in the static general analysis step,
REF010_Cheng2024	7	False	1	prestress	The model first applied prestress in the static general analysis step,	illustrates the FE model of hybrid tower. frequency deviations exceeding 10 %. | The model first applied prestress in the static general analysis step, | and then conducted frequency analysis in the linear perturbation anal­
REF010_Cheng2024	7	False	1	frequency	and then conducted frequency analysis in the linear perturbation anal­	The model first applied prestress in the static general analysis step, | and then conducted frequency analysis in the linear perturbation anal­ | ysis step. The NLGEOM parameter was employed in the analysis steps to
REF010_Cheng2024	7	False	1	prestress	ensure the final shape post prestressing serves as the base state for fre­	ysis step. The NLGEOM parameter was employed in the analysis steps to | ensure the final shape post prestressing serves as the base state for fre­ | quency analysis. Modal analysis was conducted using the Lanczos
REF010_Cheng2024	7	False	1	modal	quency analysis. Modal analysis was conducted using the Lanczos	ensure the final shape post prestressing serves as the base state for fre­ | quency analysis. Modal analysis was conducted using the Lanczos | method within ABAQUS.
REF010_Cheng2024	7	False	1	Abaqus	method within ABAQUS.	quency analysis. Modal analysis was conducted using the Lanczos | method within ABAQUS.
REF010_Cheng2024	7	True	3		Table 3, and the corresponding vibration modes are illustrated in Fig. 6.	lations. The comparison of the first three natural frequencies is shown in | Table 3, and the corresponding vibration modes are illustrated in Fig. 6. | As seen, for the first three natural frequencies and vibration modes of the
REF010_Cheng2024	7	False	1	RNA	5.1. Effect of different RNA simplified models on natural vibration	5.1. Effect of different RNA simplified models on natural vibration | frequency
REF010_Cheng2024	7	False	1	RNA	To explore the effect of different simplified models of the RNA on the	To explore the effect of different simplified models of the RNA on the | Fig. 5. FE model of hybrid tower.
REF010_Cheng2024	7	True	3		Fig. 5. FE model of hybrid tower.	To explore the effect of different simplified models of the RNA on the | Fig. 5. FE model of hybrid tower. | natural frequencies of hybrid tower, four commonly used RNA models
REF010_Cheng2024	7	False	1	RNA	natural frequencies of hybrid tower, four commonly used RNA models	Fig. 5. FE model of hybrid tower. | natural frequencies of hybrid tower, four commonly used RNA models
REF010_Cheng2024	7	True	3		Fig. 4. Calculation results of the first three natural frequencies of hybrid tower.	Fig. 4. Calculation results of the first three natural frequencies of hybrid tower.
REF010_Cheng2024	8	True	3		Table 3	Table 3 | Comparison of the first three natural frequencies between theoretical solutions and FE results.
REF010_Cheng2024	8	True	3		Fig. 6. Comparison of the first three vibration modes between theoretical solutions and FE results.	Fig. 6. Comparison of the first three vibration modes between theoretical solutions and FE results.
REF010_Cheng2024	8	False	1	frequency	frequency schemes for the tower more effectively.	5.2. Effect of different geometric dimensions on natural vibration tower’s natural frequencies. This aids in adjusting preliminary design | frequency schemes for the tower more effectively. | To eliminate multicollinearity issues among features, independent
REF010_Cheng2024	8	False	1	prestress	and prestress level. To simplify the initial design process, it is essential to quencies for each sample were calculated using the theoretical method.	tower segment thicknesses, the proportion of concrete tower segment, total sample size of 4096 was designed, and the first three natural fre­ | and prestress level. To simplify the initial design process, it is essential to quencies for each sample were calculated using the theoretical method. | determine the significance of these different features and complete the The dataset was randomly shuffled and divided into training and testing
REF010_Cheng2024	9	True	4	RNA	Fig. 7. Different RNA simplified models.	Fig. 7. Different RNA simplified models.
REF010_Cheng2024	9	True	3		Table 4	Table 4 | Natural frequencies calculated by different RNA simplified models.
REF010_Cheng2024	9	False	1	RNA	Natural frequencies calculated by different RNA simplified models.	Table 4 | Natural frequencies calculated by different RNA simplified models. | Direction Order PM (Hz) Error (%) EPM (Hz) Error (%) EPMJ (Hz) Error (%) EDPMJ (Hz) Error (%)
REF010_Cheng2024	9	True	3		Table 5	concrete segment also significantly impacts the structural stiffness, | Table 5 | ranking high in importance, while the diameters of other sections
REF010_Cheng2024	9	False	2	prestress;frequency	Dcb Bottom diameter of concrete m [6,10] 0.05 the impact of prestress on the first natural frequency of the tower is	in the feature importance analysis for natural frequencies. Additionally, | Dcb Bottom diameter of concrete m [6,10] 0.05 the impact of prestress on the first natural frequency of the tower is | tower segment notable and even exceeds the influence of the wall thickness of the tower
REF010_Cheng2024	9	False	1	frequency	γsc Concrete tower segment m [0.1,0.9] 0.1 natural frequency of the towers with heights of 100 m, 120 m, 140 m,	segment diameter of concrete segment increases from 6 m to 10 m, the first | γsc Concrete tower segment m [0.1,0.9] 0.1 natural frequency of the towers with heights of 100 m, 120 m, 140 m, | proportion and 160 m increases by 80.1 %, 93.3 %, 116.0 %, and 161.7 %,
REF010_Cheng2024	9	False	1	prestress	P Prestress MN [0100] 10	proportion and 160 m increases by 80.1 %, 93.3 %, 116.0 %, and 161.7 %, | P Prestress MN [0100] 10 | respectively. The increase in the wall thickness of both the concrete and
REF010_Cheng2024	9	False	1	frequency	as follows: the number of decision trees was 100, the maximum tree tionship with the first natural frequency of the tower, initially increasing	learning framework in Python [29]. The main hyper parameters were set height proportion of the concrete segment exhibits a non-linear rela­ | as follows: the number of decision trees was 100, the maximum tree tionship with the first natural frequency of the tower, initially increasing | depth (max_depth) was set to 2, and the learning rate was set to 0.1. As and then decreasing. This behavior is due to the combined effects of
REF010_Cheng2024	9	False	1	mass	shown in Fig. 8, the training results indicate that the goodness of fit R2 increased generalized stiffness and mass of the tower. This is primarily	depth (max_depth) was set to 2, and the learning rate was set to 0.1. As and then decreasing. This behavior is due to the combined effects of | shown in Fig. 8, the training results indicate that the goodness of fit R2 increased generalized stiffness and mass of the tower. This is primarily | exceeded 0.98, demonstrating the model’s excellent prediction accuracy because an increase in the height proportion of the concrete tower
REF010_Cheng2024	9	False	1	mass	effectively used for feature importance analysis of the hybrid tower’s increasing its generalized mass. When the proportion of the concrete	for the natural frequencies of the hybrid tower. Thus, this model can be segment enhances the generalized stiffness of the tower while also | effectively used for feature importance analysis of the hybrid tower’s increasing its generalized mass. When the proportion of the concrete | natural frequencies. segment height is less than 0.7, the generalized stiffness of the tower
REF010_Cheng2024	9	False	1	frequency	the average reduction in impurity brought by each feature. Fig. 9 il­ quency. The maximum first natural frequency is achieved when the	In the trained GBDT model, feature importance is measured based on dominates, leading to a continuous increase in the first natural fre­ | the average reduction in impurity brought by each feature. Fig. 9 il­ quency. The maximum first natural frequency is achieved when the | lustrates the contribution of each feature to the model’s predictions. height proportion is about 0.7. Beyond this proportion, the generalized
REF010_Cheng2024	9	False	1	mass	Among the features, the total height of the tower and the proportion of mass of the tower dominates, causing a gradual decline in the first	lustrates the contribution of each feature to the model’s predictions. height proportion is about 0.7. Beyond this proportion, the generalized | Among the features, the total height of the tower and the proportion of mass of the tower dominates, causing a gradual decline in the first | the concrete segment are the most significant, with their importance natural frequency. Additionally, an increase in prestress leads to a
REF010_Cheng2024	9	False	2	prestress;frequency	the concrete segment are the most significant, with their importance natural frequency. Additionally, an increase in prestress leads to a	Among the features, the total height of the tower and the proportion of mass of the tower dominates, causing a gradual decline in the first | the concrete segment are the most significant, with their importance natural frequency. Additionally, an increase in prestress leads to a | substantially surpassing other features. The bottom diameter of the reduction in the generalized stiffness of the tower, thus decreasing the
REF010_Cheng2024	10	True	3		Fig. 8. Prediction performance of GBDT models. Note: f1_cal, f2_cal, and f3_cal are the theoretical calculation results of the first-order, second-order, and third-order	Fig. 8. Prediction performance of GBDT models. Note: f1_cal, f2_cal, and f3_cal are the theoretical calculation results of the first-order, second-order, and third-order | natural frequencies, respectively; f1_pre, f2_pre, and f3_pre are the machine learning predicted results of the first-order, second-order, and third-order natural fre­
REF010_Cheng2024	10	True	4	frequency	Fig. 9. Analysis of the feature importance of natural frequency.	Fig. 9. Analysis of the feature importance of natural frequency.
REF010_Cheng2024	10	False	1	frequency	natural frequency of the structure, particularly the first natural closely agree well with the FE results, with relative errors not	natural frequency of the structure, particularly the first natural closely agree well with the FE results, with relative errors not | frequency. exceeding 10 %.
REF010_Cheng2024	10	False	1	frequency	frequency. exceeding 10 %.	natural frequency of the structure, particularly the first natural closely agree well with the FE results, with relative errors not | frequency. exceeding 10 %. | (3) The influence on the natural frequencies of four different
REF010_Cheng2024	10	False	3	RNA;eccentric;mass	6. Conclusion simplified RNA models of point mass, eccentric point mass,	(3) The influence on the natural frequencies of four different | 6. Conclusion simplified RNA models of point mass, eccentric point mass, | eccentric point mass with moment of inertia, and eccentric dou­
REF010_Cheng2024	10	False	2	eccentric;mass	eccentric point mass with moment of inertia, and eccentric dou­	6. Conclusion simplified RNA models of point mass, eccentric point mass, | eccentric point mass with moment of inertia, and eccentric dou­ | An intelligent analysis of the dynamic characteristics is proposed for ble points mass with moment of inertia was explored. Results
REF010_Cheng2024	10	False	1	mass	An intelligent analysis of the dynamic characteristics is proposed for ble points mass with moment of inertia was explored. Results	eccentric point mass with moment of inertia, and eccentric dou­ | An intelligent analysis of the dynamic characteristics is proposed for ble points mass with moment of inertia was explored. Results | steel-concrete hybrid wind turbine tower, and the conclusion is sum­ showed that all four simplified models met the engineering ac­
REF010_Cheng2024	10	False	1	frequency	marized as follows: curacy requirements for the first natural frequency of the hybrid	steel-concrete hybrid wind turbine tower, and the conclusion is sum­ showed that all four simplified models met the engineering ac­ | marized as follows: curacy requirements for the first natural frequency of the hybrid | tower, whereas models neglecting moments of inertia over­
REF010_Cheng2024	10	False	2	eccentric;mass	method, considering the effects of mass eccentricity and moment frequencies of the hybrid tower were trained using GBDT, and the	the virtual displacement principle and generalized coordinate (4) Machine learning models for predicting the first three natural | method, considering the effects of mass eccentricity and moment frequencies of the hybrid tower were trained using GBDT, and the | of inertia of the RNA, variable cross-sections of the tower, and goodness of fit R2 of the models exceeded 0.98, indicating
REF010_Cheng2024	10	False	1	RNA	of inertia of the RNA, variable cross-sections of the tower, and goodness of fit R2 of the models exceeded 0.98, indicating	method, considering the effects of mass eccentricity and moment frequencies of the hybrid tower were trained using GBDT, and the | of inertia of the RNA, variable cross-sections of the tower, and goodness of fit R2 of the models exceeded 0.98, indicating | prestress. By employing the Rayleigh energy method and intel­ excellent training efficacy. Feature importance analysis based on
REF010_Cheng2024	10	False	1	prestress	prestress. By employing the Rayleigh energy method and intel­ excellent training efficacy. Feature importance analysis based on	of inertia of the RNA, variable cross-sections of the tower, and goodness of fit R2 of the models exceeded 0.98, indicating | prestress. By employing the Rayleigh energy method and intel­ excellent training efficacy. Feature importance analysis based on | ligent optimization algorithms, an adaptive vibration mode was these models highlighted tower height, proportion of concrete
REF010_Cheng2024	10	False	1	Abaqus	(2) A refined finite element model using ABAQUS software was (5) Parameter analysis was conducted on the natural frequencies of	was achieved. as significant factors influencing natural frequencies. | (2) A refined finite element model using ABAQUS software was (5) Parameter analysis was conducted on the natural frequencies of | established to compute the natural frequencies and vibration hybrid towers with hub heights of 100 m, 120 m, 140 m, and
REF010_Cheng2024	11	True	3		Fig. 10. Parametric analysis on natural frequencies.	Fig. 10. Parametric analysis on natural frequencies.
REF010_Cheng2024	12	False	1	prestress	showed an initial increase followed by a decreasing trend in the [8] Xu B, Li ZY, Chen HB. Geometry optimization on prestressed concrete and steel	showed an initial increase followed by a decreasing trend in the [8] Xu B, Li ZY, Chen HB. Geometry optimization on prestressed concrete and steel | segments of wind turbine towers. J Hunan Univ (Nat Sci) 2016;43(7):25–31.
REF010_Cheng2024	12	False	2	prestress;frequency	first natural frequency. Prestress exhibited a negative correlation	segments of wind turbine towers. J Hunan Univ (Nat Sci) 2016;43(7):25–31. | first natural frequency. Prestress exhibited a negative correlation | https://doi.org/10.16339/j.cnki.hdxbzkb.2016.07.004.
REF010_Cheng2024	12	False	1	RNA	with structural natural frequencies, while the increase in wall [9] Anwer AK. Optimization of alternative wind turbine towers in low wind resource	https://doi.org/10.16339/j.cnki.hdxbzkb.2016.07.004. | with structural natural frequencies, while the increase in wall [9] Anwer AK. Optimization of alternative wind turbine towers in low wind resource | thickness of tower segments showed slight effects on natural regions. Nebraska: Florida State Universty,; 2017. p. 13–6.
REF010_Cheng2024	12	False	1	frequency	frequency enhancements. [10] Harte R, Van Zijl GPAG. Structural stability of concrete wind turbines and solar	thickness of tower segments showed slight effects on natural regions. Nebraska: Florida State Universty,; 2017. p. 13–6. | frequency enhancements. [10] Harte R, Van Zijl GPAG. Structural stability of concrete wind turbines and solar | chimney towers exposed to dynamic wind action. J Wind Eng Ind Aerodyn 2007;95
REF010_Cheng2024	12	False	1	prestress	Ribeiro MSDB. Behavior study of prestressed concrete wind-turbine tower in	the work reported in this paper. [17] Lana JA, Júnior PAAM, Magalh CA, Magalhaes ALMA, Junior ACDA, | Ribeiro MSDB. Behavior study of prestressed concrete wind-turbine tower in | circular cross-section. Eng Struct 2021;227:111403. https://doi.org/10.1016/j.
REF010_Cheng2024	12	False	1	frequency	frequency of monopile supported offshore wind turbine system design. Earthq Eng	the Chongqing Academicians Leading the Special Project for Science and [20] Yang CB, Wang R, Zhang JM. A simplified method for analyzing the fundamental | frequency of monopile supported offshore wind turbine system design. Earthq Eng | Technology Innovation Guidance China (Grant No. 2022YSZX- Eng Vib 2018;17:893–901. https://doi.org/10.1007/s11803-018-0482-5.
REF010_Cheng2024	12	False	1	frequency	Universities (Grant No. 531118010784). frequency of wind turbine towers based on Rayleigh method. J Vib Shock 2022;41	JCX0009CSTB), and the Fundamental Research Funds for the Central [21] Lei ZB, Liu G, Yang W, Li Y. Analytical calculation method for the pre-stress basic | Universities (Grant No. 531118010784). frequency of wind turbine towers based on Rayleigh method. J Vib Shock 2022;41 | (10):23–9. https://doi.org/10.6052/j.issn.1000-4750.2021.11.0887.
REF010_Cheng2024	12	False	1	frequency	[3] Offshore Wind in Europe-Key Trends and Statistics 2019; WindEurope: Brussels, frequency of steel-concrete hybrid wind turbine tower. Int J Struct Stab Dyn 2023;	[2] GWEC. Global Wind Report; 2023, 〈http://www.gwec.net/〉. [24] Li SZ, Zhou XH, Wang YH, Gan D, Deng XW. Closed-form solution of fundamental | [3] Offshore Wind in Europe-Key Trends and Statistics 2019; WindEurope: Brussels, frequency of steel-concrete hybrid wind turbine tower. Int J Struct Stab Dyn 2023; | Belgium, 2020. 23:2350031. https://doi.org/10.1142/S0219455423500311.
REF010_Cheng2024	12	False	1	prestress	[7] Ma HW, Meng R. Optimization design of prestressed concrete wind-turbine tower. learn, Machine learning in Python. J Mach Learn Res 2011;12:2825–30.	https://doi.org/10.1002/tal.1741. [29] Pedregosa F, Varoquaux G, Gramfort A, Michel V, Thirion B, Grisel O, et al. Scikit- | [7] Ma HW, Meng R. Optimization design of prestressed concrete wind-turbine tower. learn, Machine learning in Python. J Mach Learn Res 2011;12:2825–30. | Sci China Technol Sci 2014;57(2):414–22. https://doi.org/10.1007/s11431-013-
REF039_Frequency2023	1	False	1	frequency	Closed-form solution of fundamental frequency of steel-	Closed-form solution of fundamental frequency of steel- | concrete hybrid wind turbine tower
REF039_Frequency2023	1	False	1	hybrid tower	With the development of wind power energy, the steel-concrete hybrid tower has	With the development of wind power energy, the steel-concrete hybrid tower has
REF039_Frequency2023	1	False	2	frequency;hybrid tower	frequency of the hybrid tower must be carefully analyzed. This study develops a closed-	frequency of the hybrid tower must be carefully analyzed. This study develops a closed-
REF039_Frequency2023	1	False	2	frequency;hybrid tower	form solution of the fundamental frequency of the hybrid tower, where the abrupt	form solution of the fundamental frequency of the hybrid tower, where the abrupt
REF039_Frequency2023	1	False	2	prestress;mass	changes of cross-section and material properties, the effect of prestressing, and the mass	changes of cross-section and material properties, the effect of prestressing, and the mass
REF039_Frequency2023	1	False	1	rotary inertia	and rotary inertia of the wind turbine are taken into account. It provides an effective	and rotary inertia of the wind turbine are taken into account. It provides an effective
REF039_Frequency2023	1	False	2	frequency;hybrid tower	way to obtain the fundamental frequency in the preliminary design of the hybrid tower.	way to obtain the fundamental frequency in the preliminary design of the hybrid tower.
REF039_Frequency2023	1	False	1	finite element	of finite element analysis, showing good agreement. By using the proposed solution, a	of finite element analysis, showing good agreement. By using the proposed solution, a
REF039_Frequency2023	1	False	1	frequency	frequency to the design parameters. It indicates that with the variation of the proportion	frequency to the design parameters. It indicates that with the variation of the proportion
REF039_Frequency2023	1	False	1	frequency	of the concrete/steel segments, the correlations between the fundamental frequency and	of the concrete/steel segments, the correlations between the fundamental frequency and
REF039_Frequency2023	2	False	1	hybrid tower	design of the hybrid tower.	design of the hybrid tower.
REF039_Frequency2023	2	False	1	frequency	solution, Fundamental frequency, Parametric analysis.	solution, Fundamental frequency, Parametric analysis.
REF039_Frequency2023	2	False	1	frequency	of the fundamental frequency. In consequence, the high tubular steel tower may	of the fundamental frequency. In consequence, the high tubular steel tower may
REF039_Frequency2023	3	False	1	hybrid tower	construct the steel-concrete hybrid tower (SCHT), as shown in Fig. 1, which consists	construct the steel-concrete hybrid tower (SCHT), as shown in Fig. 1, which consists
REF039_Frequency2023	3	False	1	prestress	of several lower hollow concrete segments with prestressing force and upper tubular	of several lower hollow concrete segments with prestressing force and upper tubular
REF039_Frequency2023	3	False	1	mass	and stiffness for supporting wind turbines with increasing size and mass.	and stiffness for supporting wind turbines with increasing size and mass.
REF039_Frequency2023	3	True	4	hybrid tower	Fig. 1 On-site photos of concrete-steel hybrid tower in China.	Fig. 1 On-site photos of concrete-steel hybrid tower in China.
REF039_Frequency2023	3	False	1	frequency	The fundamental frequency is a vital parameter affecting the dynamic response of	The fundamental frequency is a vital parameter affecting the dynamic response of
REF039_Frequency2023	4	False	1	frequency	the structure. When the frequency of the applied load becomes close to the fundamental	the structure. When the frequency of the applied load becomes close to the fundamental
REF039_Frequency2023	4	False	1	frequency	frequency, the structure resonance may occur. It means that the dynamic amplification	frequency, the structure resonance may occur. It means that the dynamic amplification
REF039_Frequency2023	4	False	1	frequency	response [20-22]. Therefore, in the structure design, the fundamental frequency of the	response [20-22]. Therefore, in the structure design, the fundamental frequency of the
REF039_Frequency2023	4	False	1	frequency	structure must be kept away from the frequency ranges where resonance may occur. For	structure must be kept away from the frequency ranges where resonance may occur. For
REF039_Frequency2023	4	False	1	frequency	the wind turbine tower, the frequency ranges causing the structure resonance include	the wind turbine tower, the frequency ranges causing the structure resonance include
REF039_Frequency2023	4	False	1	frequency	the rotor frequency (f1p) and the blade passing frequency (f3p), and the permissible	the rotor frequency (f1p) and the blade passing frequency (f3p), and the permissible
REF039_Frequency2023	4	False	1	frequency	fundamental frequency lies between f1p and f3p [23,24]. For a three-bladed turbine,	fundamental frequency lies between f1p and f3p [23,24]. For a three-bladed turbine,
REF039_Frequency2023	4	False	1	frequency	per minute [25], which means that the range of rotor frequency f1p is 0.115 Hz~0.202	per minute [25], which means that the range of rotor frequency f1p is 0.115 Hz~0.202
REF039_Frequency2023	4	False	1	frequency	Hz, and the range of blade passing frequency f3p is 0.345 Hz~0.606 Hz. Fig. 2 shows	Hz, and the range of blade passing frequency f3p is 0.345 Hz~0.606 Hz. Fig. 2 shows
REF039_Frequency2023	4	False	1	frequency	the range of permissible frequency considering a relative deviation of ±10%, where	the range of permissible frequency considering a relative deviation of ±10%, where
REF039_Frequency2023	4	False	1	frequency	the above analysis, the fundamental frequency lying in the range of [0.222 Hz, 0.310	the above analysis, the fundamental frequency lying in the range of [0.222 Hz, 0.310
REF039_Frequency2023	5	True	4	frequency	Fig. 2 Range of permissible frequency.	Fig. 2 Range of permissible frequency.
REF039_Frequency2023	5	False	1	finite element	mainly carried out through the finite element method (FEM) [26-30], and the related	mainly carried out through the finite element method (FEM) [26-30], and the related
REF039_Frequency2023	5	False	1	frequency	an efficient way to obtain the fundamental frequency of the SCHT, and it also can be	an efficient way to obtain the fundamental frequency of the SCHT, and it also can be
REF039_Frequency2023	5	False	1	frequency	employed to investigate the variation rules of the fundamental frequency to the design	employed to investigate the variation rules of the fundamental frequency to the design
REF039_Frequency2023	5	False	1	frequency	fundamental frequency of the SCHT.	fundamental frequency of the SCHT.
REF039_Frequency2023	5	False	1	frequency	Previous studies on the fundamental frequency of wind turbine towers [31-34] are	Previous studies on the fundamental frequency of wind turbine towers [31-34] are
REF039_Frequency2023	6	False	1	mass	tower as a constant cross-section cantilever beam with a lumped mass at its free end	tower as a constant cross-section cantilever beam with a lumped mass at its free end
REF039_Frequency2023	6	False	1	frequency	and obtained the approximate expression for calculating the fundamental frequency of	and obtained the approximate expression for calculating the fundamental frequency of
REF039_Frequency2023	6	False	1	frequency	fundamental frequency, Yang et al [33] simplified the wind turbine tower to a linearly	fundamental frequency, Yang et al [33] simplified the wind turbine tower to a linearly
REF039_Frequency2023	6	False	1	mass	tapered cantilever beam with a lumped mass at its free end and put forward a simplified	tapered cantilever beam with a lumped mass at its free end and put forward a simplified
REF039_Frequency2023	6	False	1	frequency	method for calculating the fundamental frequency of the tubular steel tower based on	method for calculating the fundamental frequency of the tubular steel tower based on
REF039_Frequency2023	6	False	1	Rayleigh	the Rayleigh-Ritz method. Based on the transfer matrix method of multibody system,	the Rayleigh-Ritz method. Based on the transfer matrix method of multibody system,
REF039_Frequency2023	6	False	1	mass	steel/concrete segment, resulting in discontinuity of bending stiffness and mass along	steel/concrete segment, resulting in discontinuity of bending stiffness and mass along
REF039_Frequency2023	6	False	1	prestress	superior compressive performance of concrete, the prestress is applied by arranging	superior compressive performance of concrete, the prestress is applied by arranging
REF039_Frequency2023	6	False	1	frequency	the fundamental frequency of the structure [35-37]. Therefore, the existing analytical	the fundamental frequency of the structure [35-37]. Therefore, the existing analytical
REF039_Frequency2023	6	False	1	frequency	solutions to the fundamental frequency of the wind turbine tower are no longer	solutions to the fundamental frequency of the wind turbine tower are no longer
REF039_Frequency2023	7	False	1	frequency	the fundamental frequency of a numerical example. Despite this, the analytical solution	the fundamental frequency of a numerical example. Despite this, the analytical solution
REF039_Frequency2023	7	False	1	frequency	for calculating the fundamental frequency of SCHT is still lacking in the investigation.	for calculating the fundamental frequency of SCHT is still lacking in the investigation.
REF039_Frequency2023	7	True	4	hybrid tower	Fig. 3 Conceptual drawing of steel-concrete hybrid tower.	Fig. 3 Conceptual drawing of steel-concrete hybrid tower.
REF039_Frequency2023	7	False	1	frequency	This study aims to obtain a closed-form solution of the fundamental frequency of	This study aims to obtain a closed-form solution of the fundamental frequency of
REF039_Frequency2023	7	False	1	prestress	prestress applied along the concrete portion. By comparing the results of the proposed	prestress applied along the concrete portion. By comparing the results of the proposed
REF039_Frequency2023	7	False	1	frequency	correlation between the fundamental frequency and different design parameters, so as	correlation between the fundamental frequency and different design parameters, so as
REF039_Frequency2023	8	False	1	mass	regarded as a lumped mass. Therefore, the wind turbine tower is simplified as an Euler-	regarded as a lumped mass. Therefore, the wind turbine tower is simplified as an Euler-
REF039_Frequency2023	8	False	1	mass	Bernoulli beam with a lumped mass at its free end, as shown in Fig. 4, where o denotes	Bernoulli beam with a lumped mass at its free end, as shown in Fig. 4, where o denotes
REF039_Frequency2023	8	False	1	hybrid tower	coordinates respectively, u(x, t) denotes the transverse displacement of the hybrid tower,	coordinates respectively, u(x, t) denotes the transverse displacement of the hybrid tower,
REF039_Frequency2023	8	False	1	hybrid tower	vibration equation of the hybrid tower can be written as	vibration equation of the hybrid tower can be written as
REF039_Frequency2023	8	False	1	mass	mass per unit length.	mass per unit length.
REF039_Frequency2023	9	True	4	hybrid tower	Fig. 4 Simplified configuration of steel-concrete hybrid tower.	Fig. 4 Simplified configuration of steel-concrete hybrid tower.
REF039_Frequency2023	9	False	1	mass	As shown in Fig. 5, the lumped mass is taken as the isolated body to analyze the	As shown in Fig. 5, the lumped mass is taken as the isolated body to analyze the
REF039_Frequency2023	9	False	2	rotary inertia;mass	boundary conditions at the top end, where mwt and Jwt denote the mass and rotary inertia	boundary conditions at the top end, where mwt and Jwt denote the mass and rotary inertia
REF039_Frequency2023	10	True	3		Fig. 5 Force analysis of the isolated body.	Fig. 5 Force analysis of the isolated body.
REF039_Frequency2023	10	False	1	mass	From the equilibrium conditions of force and moment acting on the lumped mass,	From the equilibrium conditions of force and moment acting on the lumped mass,
REF039_Frequency2023	10	False	1	hybrid tower	Since the cross-section dimensions and material properties of the hybrid tower	Since the cross-section dimensions and material properties of the hybrid tower
REF039_Frequency2023	10	False	1	mass	ρ3 denote the mass density of each portion, and t1, t2, and t3 denote the thickness of each	ρ3 denote the mass density of each portion, and t1, t2, and t3 denote the thickness of each
REF039_Frequency2023	11	False	1	frequency	2.2 Derivation of vibration frequency	2.2 Derivation of vibration frequency
REF039_Frequency2023	11	False	1	hybrid tower	The transverse free vibration equation of the hybrid tower, Eq. (1), is a partial	The transverse free vibration equation of the hybrid tower, Eq. (1), is a partial
REF039_Frequency2023	11	False	1	prestress	SCHT, where the influence of mwt, Jwt, and prestressing force are taken into	SCHT, where the influence of mwt, Jwt, and prestressing force are taken into
REF039_Frequency2023	11	False	1	frequency	consideration. Then, a frequency equation of the SCHT is established based on the	consideration. Then, a frequency equation of the SCHT is established based on the
REF039_Frequency2023	11	False	1	Rayleigh	Rayleigh-Ritz method [20], from which the natural frequencies and the corresponding	Rayleigh-Ritz method [20], from which the natural frequencies and the corresponding
REF039_Frequency2023	12	False	1	mass	microelement with a length of dx is cut from the tower. The mass and velocity in the	microelement with a length of dx is cut from the tower. The mass and velocity in the
REF039_Frequency2023	12	True	3		Fig. 6 Kinetic energy analysis of SCHT.	Fig. 6 Kinetic energy analysis of SCHT.
REF039_Frequency2023	13	False	2	prestress;hybrid tower	the hybrid tower and the steel strands. Therefore, the prestress effect applied by the steel	the hybrid tower and the steel strands. Therefore, the prestress effect applied by the steel
REF039_Frequency2023	13	False	1	gravity	vibration, the work done by the axial force and the gravity of the wind turbine would	vibration, the work done by the axial force and the gravity of the wind turbine would
REF039_Frequency2023	14	False	1	gravity	energy, U2 and U3 denote the work done by the axial force and the gravity of the wind	energy, U2 and U3 denote the work done by the axial force and the gravity of the wind
REF039_Frequency2023	14	True	3		Fig. 7 Potential energy analysis of SCHT.	Fig. 7 Potential energy analysis of SCHT.
REF039_Frequency2023	15	False	1	gravity	The work done by the gravity of the wind turbine is	The work done by the gravity of the wind turbine is | 2
REF039_Frequency2023	15	False	1	gravity	where g denotes the acceleration of gravity. Since both the Wwt and Wpre are positive,	where g denotes the acceleration of gravity. Since both the Wwt and Wpre are positive,
REF039_Frequency2023	16	False	1	hybrid tower	The transverse displacement of the hybrid tower can be expressed as	The transverse displacement of the hybrid tower can be expressed as
REF039_Frequency2023	16	False	1	frequency	where y(x) denotes the vibration mode, ω and φ denote the natural frequency and	where y(x) denotes the vibration mode, ω and φ denote the natural frequency and
REF039_Frequency2023	17	False	1	frequency	frequency [20], that is	frequency [20], that is
REF039_Frequency2023	18	False	1	mass	where K and M denote the stiffness matrix and mass matrix of the SCHT, q is a vector	where K and M denote the stiffness matrix and mass matrix of the SCHT, q is a vector
REF039_Frequency2023	18	False	1	frequency	which is called the frequency equation of the SCHT. Theoretically, the first n+1 orders	which is called the frequency equation of the SCHT. Theoretically, the first n+1 orders
REF039_Frequency2023	18	False	1	frequency	Taking the damping into consideration, the expression of natural frequency f is	Taking the damping into consideration, the expression of natural frequency f is | 
REF039_Frequency2023	18	False	1	frequency	damping ratio and structural damping ratio. Substituting the natural frequency ωi into	damping ratio and structural damping ratio. Substituting the natural frequency ωi into
REF039_Frequency2023	19	False	1	frequency	Then, the natural frequency can also be expressed as	0   | Then, the natural frequency can also be expressed as
REF039_Frequency2023	19	False	1	mass	where Meq(i) and Keq(i) denote the equivalent mass per unit length and bending stiffness,	where Meq(i) and Keq(i) denote the equivalent mass per unit length and bending stiffness,
REF039_Frequency2023	20	False	1	mass	One SCHT with a top mass of 250 tons and pretension force of 48 MN is applied	One SCHT with a top mass of 250 tons and pretension force of 48 MN is applied
REF039_Frequency2023	20	True	3		Table 1 Dimensions of numerical example.	Table 1 Dimensions of numerical example.
REF039_Frequency2023	20	False	1	rotary inertia	2 lists the main parameters of the wind turbine, where Jx and Jy denote the rotary inertia	2 lists the main parameters of the wind turbine, where Jx and Jy denote the rotary inertia
REF039_Frequency2023	20	True	3		Table 2 Main parameters of wind turbine	Table 2 Main parameters of wind turbine
REF039_Frequency2023	21	False	1	mass	Blade Hub Nacelle Total mass d Jx (kg·m2) Jy (kg·m2)	Blade Hub Nacelle Total mass d Jx (kg·m2) Jy (kg·m2) | diameter diameter dimension
REF039_Frequency2023	21	True	3		Fig. 8 Schematic of wind turbine.	Fig. 8 Schematic of wind turbine.
REF039_Frequency2023	22	False	1	prestress	strand, which was definite to simulate the effect of prestressing with the method of	strand, which was definite to simulate the effect of prestressing with the method of
REF039_Frequency2023	23	True	5	finite element;hybrid tower	Fig 9 Finite element model of hybrid tower.	Fig 9 Finite element model of hybrid tower.
REF039_Frequency2023	23	True	3		Table 3 Definitions of material properties.	Table 3 Definitions of material properties.
REF039_Frequency2023	24	True	3		Fig.10 First three vibration modes of SCHT.	Fig.10 First three vibration modes of SCHT.
REF039_Frequency2023	25	False	1	frequency	(a) Simulation of 1st order frequency. (b) Simulation of 2nd order frequency.	(a) Simulation of 1st order frequency. (b) Simulation of 2nd order frequency.
REF039_Frequency2023	25	False	1	frequency	(c) Simulation of 3rd order frequency.	(c) Simulation of 3rd order frequency.
REF039_Frequency2023	25	True	3		Fig 11 Sensitivity analysis of mesh size.	Fig 11 Sensitivity analysis of mesh size.
REF039_Frequency2023	25	False	1	frequency	the foundation, respectively, f is the fundamental frequency of the SCHT, ξf-e is the	the foundation, respectively, f is the fundamental frequency of the SCHT, ξf-e is the
REF039_Frequency2023	26	True	3		Table 4 Simulation results of the FE models with different dynamic rotational stiffness	Table 4 Simulation results of the FE models with different dynamic rotational stiffness
REF039_Frequency2023	26	False	1	frequency	fundamental frequency of the SCHT. Besides, the calculation method in Ref. [48] has	fundamental frequency of the SCHT. Besides, the calculation method in Ref. [48] has
REF039_Frequency2023	27	True	3		Fig. 12 shows the convergence trend of the first three orders natural frequencies.	Fig. 12 shows the convergence trend of the first three orders natural frequencies.
REF039_Frequency2023	27	True	3		Table 5 lists the convergence results obtained from constructing ϕ0(x) with Eq. (57)~Eq.	Table 5 lists the convergence results obtained from constructing ϕ0(x) with Eq. (57)~Eq.
REF039_Frequency2023	27	False	1	frequency	that the natural frequency decreases and tends to converge as the number of polynomials	that the natural frequency decreases and tends to converge as the number of polynomials
REF039_Frequency2023	27	False	1	frequency	structure, resulting in the overestimation of the natural frequency. Therefore, the	structure, resulting in the overestimation of the natural frequency. Therefore, the
REF039_Frequency2023	28	False	1	frequency	(a) 1st order frequency SS. (b) 1st order frequency AF.	(a) 1st order frequency SS. (b) 1st order frequency AF.
REF039_Frequency2023	28	False	1	frequency	(c) 2nd order frequency SS. (d) 2nd order frequency AF.	(c) 2nd order frequency SS. (d) 2nd order frequency AF.
REF039_Frequency2023	28	False	1	frequency	(e) 3rd order frequency SS. (f) 3rd order frequency AF.	(e) 3rd order frequency SS. (f) 3rd order frequency AF.
REF039_Frequency2023	28	True	3		Fig. 12 Convergence analysis for first three order frequencies.	Fig. 12 Convergence analysis for first three order frequencies.
REF039_Frequency2023	28	True	3		Table 5 Convergence results obtained from constructing ϕ0(x) with different curves.	Table 5 Convergence results obtained from constructing ϕ0(x) with different curves.
REF039_Frequency2023	29	True	4	frequency	Table 6 Comparison of 1st order natural frequency.	Table 6 Comparison of 1st order natural frequency.
REF039_Frequency2023	29	False	1	frequency	1st order natural frequency (SS) 1st order natural frequency (AF)	1st order natural frequency (SS) 1st order natural frequency (AF) | P/MN
REF039_Frequency2023	29	True	4	frequency	Table 7 Comparison of 2nd order natural frequency.	Table 7 Comparison of 2nd order natural frequency.
REF039_Frequency2023	29	False	1	frequency	1st order natural frequency (SS) 1st order natural frequency (AF)	1st order natural frequency (SS) 1st order natural frequency (AF) | P/MN
REF039_Frequency2023	29	True	4	frequency	Table 8 Comparison of 3rd order natural frequency.	Table 8 Comparison of 3rd order natural frequency.
REF039_Frequency2023	29	False	1	frequency	1st order natural frequency (SS) 1st order natural frequency (AF)	1st order natural frequency (SS) 1st order natural frequency (AF) | P/MN
REF039_Frequency2023	30	False	1	frequency	the 1st order natural frequency are 0.004% (0.143%), while those about the 2nd and 3rd	the 1st order natural frequency are 0.004% (0.143%), while those about the 2nd and 3rd
REF039_Frequency2023	30	False	1	prestress	as the prestress increases. Taking the side-to-side vibration as an example, when the	as the prestress increases. Taking the side-to-side vibration as an example, when the
REF039_Frequency2023	30	False	1	prestress	prestressing force P increases from 0 to 48 MN, the first three natural frequencies	prestressing force P increases from 0 to 48 MN, the first three natural frequencies
REF039_Frequency2023	30	False	1	prestress	decrease by 2.24%, 1.54%, and 0.42%, respectively. It indicates that the prestress	decrease by 2.24%, 1.54%, and 0.42%, respectively. It indicates that the prestress
REF039_Frequency2023	30	False	2	frequency;hybrid tower	As mentioned above, the fundamental frequency of the hybrid tower (1 st order	As mentioned above, the fundamental frequency of the hybrid tower (1 st order
REF039_Frequency2023	30	False	1	frequency	natural frequency) needs to be kept away from the frequency range formed by f1p and	natural frequency) needs to be kept away from the frequency range formed by f1p and
REF039_Frequency2023	30	False	1	frequency	frequency and the design parameters, a parametric analysis is conducted based on the	frequency and the design parameters, a parametric analysis is conducted based on the
REF039_Frequency2023	31	True	4	frequency	Fig. 13 shows the variation of the fundamental frequency to the ratio of steel	Fig. 13 shows the variation of the fundamental frequency to the ratio of steel
REF039_Frequency2023	31	False	1	frequency	fundamental frequency increases at first and then decreases. In addition, Fig. 13 also	fundamental frequency increases at first and then decreases. In addition, Fig. 13 also
REF039_Frequency2023	31	False	1	frequency	illustrates the variation trends of the fundamental frequency to the other parameters.	illustrates the variation trends of the fundamental frequency to the other parameters.
REF039_Frequency2023	31	False	1	frequency	The fundamental frequency has a positive correlation with the dimensions of the	The fundamental frequency has a positive correlation with the dimensions of the
REF039_Frequency2023	31	False	1	frequency	frequency shows a negative correlation with D3b, D3t, and t3, while the correlation	frequency shows a negative correlation with D3b, D3t, and t3, while the correlation
REF039_Frequency2023	32	True	4	frequency	Fig. 13 Variation of fundamental frequency to rsc.	Fig. 13 Variation of fundamental frequency to rsc.
REF039_Frequency2023	32	False	1	frequency	To study the sensitivity of the fundamental frequency to the parameters, the	To study the sensitivity of the fundamental frequency to the parameters, the
REF039_Frequency2023	33	False	1	frequency	the fundamental frequency to the parameters are related to the value of rsc, which are	the fundamental frequency to the parameters are related to the value of rsc, which are
REF039_Frequency2023	33	False	1	frequency	a slight increase at first and then decreases significantly. 2) The fundamental frequency	a slight increase at first and then decreases significantly. 2) The fundamental frequency
REF039_Frequency2023	33	False	1	frequency	fundamental frequency shows little sensitivity to D3b when rsc is small, while the	fundamental frequency shows little sensitivity to D3b when rsc is small, while the
REF039_Frequency2023	33	False	1	frequency	sensitivity of the fundamental frequency to the parameters D3t and t3 shows a trend of	sensitivity of the fundamental frequency to the parameters D3t and t3 shows a trend of
REF039_Frequency2023	33	False	1	frequency	value does not affect the fundamental frequency of the overall structure.	value does not affect the fundamental frequency of the overall structure.
REF039_Frequency2023	34	True	4	frequency	Fig. 14 Sensitivity analysis of fundamental frequency.	Fig. 14 Sensitivity analysis of fundamental frequency.
REF039_Frequency2023	35	False	1	mass	K eq decreases, but equivalent mass per unit length M eq remains unchanged.	(1) (1) | K eq decreases, but equivalent mass per unit length M eq remains unchanged.
REF039_Frequency2023	35	False	1	frequency	Therefore, the fundamental frequency would decrease with the increase of the	Therefore, the fundamental frequency would decrease with the increase of the
REF039_Frequency2023	35	False	1	frequency	effect on the fundamental frequency fades as the proportion of the concrete portion	effect on the fundamental frequency fades as the proportion of the concrete portion
REF039_Frequency2023	35	False	1	frequency	decreases. Therefore, the sensitivity of fundamental frequency to P decreases with the	decreases. Therefore, the sensitivity of fundamental frequency to P decreases with the
REF039_Frequency2023	35	False	1	mass	power of the cross-section dimensions (diameters and wall thickness), while the mass	power of the cross-section dimensions (diameters and wall thickness), while the mass
REF039_Frequency2023	35	False	1	frequency	dimension increase. In addition, in the formula to compute fundamental frequency Eq.	dimension increase. In addition, in the formula to compute fundamental frequency Eq.
REF039_Frequency2023	35	False	1	mass	(50), the term representing stiffness is the numerator while the term representing mass	(50), the term representing stiffness is the numerator while the term representing mass
REF039_Frequency2023	35	False	1	frequency	per unit length is the denominator. Therefore, in general, the fundamental frequency	per unit length is the denominator. Therefore, in general, the fundamental frequency
REF039_Frequency2023	35	False	1	mass	the parameters of the steel portion, also enlarge the mass of the upper part of the SCHT.	the parameters of the steel portion, also enlarge the mass of the upper part of the SCHT.
REF039_Frequency2023	35	False	1	mass	As proved in Ref. [20], the increase of mass at the free end of a cantilever beam would	As proved in Ref. [20], the increase of mass at the free end of a cantilever beam would
REF039_Frequency2023	35	False	1	frequency	reduce the fundamental frequency of the overall structure. Therefore, the correlations	reduce the fundamental frequency of the overall structure. Therefore, the correlations
REF039_Frequency2023	35	False	1	frequency	between the fundamental frequency and parameters (D1b, D1t, t1, D3b, D3t, t3) are	between the fundamental frequency and parameters (D1b, D1t, t1, D3b, D3t, t3) are
REF039_Frequency2023	35	False	1	mass	The increase of parameter D1b does not affect the upper mass of the concrete	The increase of parameter D1b does not affect the upper mass of the concrete
REF039_Frequency2023	36	False	1	frequency	portion, thus increasing fundamental frequency. However, the increase of D1t and t1	portion, thus increasing fundamental frequency. However, the increase of D1t and t1
REF039_Frequency2023	36	False	1	mass	increase the upper mass of the concrete portion, which weakens the positive correlation	increase the upper mass of the concrete portion, which weakens the positive correlation
REF039_Frequency2023	36	False	1	frequency	between the fundamental frequency and parameters D1t and t1. Besides, the influence	between the fundamental frequency and parameters D1t and t1. Besides, the influence
REF039_Frequency2023	36	False	1	frequency	of such an effect on the fundamental frequency declines with the increase of rsc,	of such an effect on the fundamental frequency declines with the increase of rsc,
REF039_Frequency2023	36	False	1	frequency	resulting in the sensitivity of fundamental frequency to parameters D1t and t1 increase	resulting in the sensitivity of fundamental frequency to parameters D1t and t1 increase
REF039_Frequency2023	36	False	1	frequency	concrete portion on the fundamental frequency of the overall structure. Therefore, the	concrete portion on the fundamental frequency of the overall structure. Therefore, the
REF039_Frequency2023	36	False	1	frequency	sensitivity of fundamental frequency to parameters D1t and t1 presents a variation trend	sensitivity of fundamental frequency to parameters D1t and t1 presents a variation trend
REF039_Frequency2023	36	False	1	mass	effect on M(x) and K(x), but affect the mass of upper part of the SCHT apparently.	effect on M(x) and K(x), but affect the mass of upper part of the SCHT apparently.
REF039_Frequency2023	36	False	1	frequency	Therefore, the fundamental frequency decreases with the increase of D3b, D3t, and t3	Therefore, the fundamental frequency decreases with the increase of D3b, D3t, and t3
REF039_Frequency2023	36	False	1	frequency	causes the reason for fundamental frequency to increase with D3b, D3t, and t3 when rsc	causes the reason for fundamental frequency to increase with D3b, D3t, and t3 when rsc
REF039_Frequency2023	36	False	1	frequency	unchanged, the fundamental frequency f is directly related to the equivalent section	unchanged, the fundamental frequency f is directly related to the equivalent section
REF039_Frequency2023	36	False	1	mass	bending stiffness K eq(1) and the equivalent mass per unit length M eq(1) . Therefore, to	bending stiffness K eq(1) and the equivalent mass per unit length M eq(1) . Therefore, to
REF039_Frequency2023	36	False	1	frequency	investigate the influence mechanism of parameters rsc on the fundamental frequency f,	investigate the influence mechanism of parameters rsc on the fundamental frequency f,
REF039_Frequency2023	37	True	3		Fig. 15 Variations of Keq , Meq , and f to rsc.	(1) (1) | Fig. 15 Variations of Keq , Meq , and f to rsc.
REF039_Frequency2023	37	False	1	frequency	This paper developed a closed-form solution of the fundamental frequency of the	This paper developed a closed-form solution of the fundamental frequency of the
REF039_Frequency2023	37	False	1	hybrid tower	steel-concrete hybrid tower (SCHT). In the theoretical derivation, the kinetic energy	steel-concrete hybrid tower (SCHT). In the theoretical derivation, the kinetic energy
REF039_Frequency2023	37	False	3	rotary inertia;prestress;mass	section and material properties, the effect of prestressing, and the mass and rotary inertia	section and material properties, the effect of prestressing, and the mass and rotary inertia
REF039_Frequency2023	37	False	1	frequency	of the wind turbine are taken into account. The frequency equation is established based	of the wind turbine are taken into account. The frequency equation is established based
REF039_Frequency2023	38	False	1	frequency	frequency to the design parameters.	frequency to the design parameters.
REF039_Frequency2023	38	False	1	frequency	The parametric analysis indicates that the fundamental frequency f increases with	The parametric analysis indicates that the fundamental frequency f increases with
REF039_Frequency2023	38	False	1	frequency	increase of the pretension force P. The variation rules of the fundamental frequency f	increase of the pretension force P. The variation rules of the fundamental frequency f
REF039_Frequency2023	38	False	1	frequency	of steel/concrete portion in the SCHT. When rsc is small, the fundamental frequency f	of steel/concrete portion in the SCHT. When rsc is small, the fundamental frequency f
REF039_Frequency2023	38	False	1	frequency	rsc remain unchanged, the fundamental frequency f performs a variation trend of initial	rsc remain unchanged, the fundamental frequency f performs a variation trend of initial
REF039_Frequency2023	38	False	1	frequency	each parameter to the fundamental frequency f is also related to the value of rsc. With	each parameter to the fundamental frequency f is also related to the value of rsc. With
REF039_Frequency2023	38	False	1	frequency	the increase of rsc, the sensitivities of the fundamental frequency f to the cross-section	the increase of rsc, the sensitivities of the fundamental frequency f to the cross-section
REF039_Frequency2023	38	False	2	prestress;frequency	The influence of prestress on the natural frequency is mainly reflected by Eq. (49), from	The influence of prestress on the natural frequency is mainly reflected by Eq. (49), from
REF039_Frequency2023	38	False	1	prestress	which it can be seen that the increase of prestress would reduce the equivalent bending	which it can be seen that the increase of prestress would reduce the equivalent bending
REF039_Frequency2023	39	False	1	frequency	stiffness, thereby causing the decrease of the natural frequency.	stiffness, thereby causing the decrease of the natural frequency.
REF039_Frequency2023	39	False	1	frequency	fundamental frequency of the SCHT, and the results of the parametric analysis	fundamental frequency of the SCHT, and the results of the parametric analysis
REF039_Frequency2023	41	False	1	prestress	[17] Chen YJ, Zhang YJ, Lin CH, Zhou JK. Optimization and analysis on prestressed	[17] Chen YJ, Zhang YJ, Lin CH, Zhou JK. Optimization and analysis on prestressed
REF039_Frequency2023	42	False	1	finite element	[27] Kenna A, Basu B. A finite element model for pre-stressed or post-tensioned	[27] Kenna A, Basu B. A finite element model for pre-stressed or post-tensioned
REF039_Frequency2023	43	False	1	prestress	[30] de Lana JA, Júnior PAAM, Magalhães CA, et al. Behavior study of prestressed	[30] de Lana JA, Júnior PAAM, Magalhães CA, et al. Behavior study of prestressed
REF039_Frequency2023	43	False	1	frequency	frequency of monopile supported offshore wind turbine system design. Earthquake	frequency of monopile supported offshore wind turbine system design. Earthquake
REF039_Frequency2023	43	False	1	prestress	[35] Liu HB, Wang LL, Tan GJ, Cheng YC, Wu CX. Effect of prestress force on natural	[35] Liu HB, Wang LL, Tan GJ, Cheng YC, Wu CX. Effect of prestress force on natural
REF039_Frequency2023	43	False	2	prestress;frequency	frequency of external prestressed simply supported steel beam. Journal of Jilin	frequency of external prestressed simply supported steel beam. Journal of Jilin
REF039_Frequency2023	43	False	1	prestress	[36] Abraham MA, Stubbs N. Loss of prestress prediction based on nondestructive	[36] Abraham MA, Stubbs N. Loss of prestress prediction based on nondestructive
REF039_Frequency2023	44	False	2	prestress;frequency	[37] Saiidi M, Douglas B, Feng S. Prestress Force Effect on Vibration Frequency of	[37] Saiidi M, Douglas B, Feng S. Prestress Force Effect on Vibration Frequency of
REF039_Frequency2023	44	False	1	Rayleigh	polynomials in Rayleigh-Ritz method. Journal of sound and vibration,1985;102(4):493-	polynomials in Rayleigh-Ritz method. Journal of sound and vibration,1985;102(4):493-
REF039_Frequency2023	45	False	1	prestress	[46] Li P, Wang JL. Comparison of FEM simulation methods of prestressed reinforced	[46] Li P, Wang JL. Comparison of FEM simulation methods of prestressed reinforced
REF039_Frequency2023	45	False	1	finite element	[47] Singiresu SR. The Finite Element Method in Engineering. Butterworth-Heinemann,	[47] Singiresu SR. The Finite Element Method in Engineering. Butterworth-Heinemann,
REF061_Xu2025	1	False	1	nonlinear	Nonlinear dynamic response analyses of Onshore Wind Turbines with	Nonlinear dynamic response analyses of Onshore Wind Turbines with | Steel–Concrete Hybrid Tower using a co-simulation approach
REF061_Xu2025	1	False	1	100	a College of Civil Engineering, Hunan University, Changsha, 410082, PR China	Jun Xu a,b ,∗, Zeyu He a , Dan Wang a , Guangling He c , Qiang Wu c , Zili Zhang d | a College of Civil Engineering, Hunan University, Changsha, 410082, PR China | b
REF061_Xu2025	1	False	1	100	State Key Laboratory of Bridge Engineering Safety and Resilience, Hunan University, 410082, PR China	b | State Key Laboratory of Bridge Engineering Safety and Resilience, Hunan University, 410082, PR China | c
REF061_Xu2025	1	False	1	100	Hunan Sany Intelligent New Energy Design Co., Ltd, Changsha, 410100, PR China	c | Hunan Sany Intelligent New Energy Design Co., Ltd, Changsha, 410100, PR China | d
REF061_Xu2025	1	False	1	nonlinear	nonlinear dynamic response analysis. First, the multi-flexible body system of the OWT is divided into the	Onshore wind turbines | nonlinear dynamic response analysis. First, the multi-flexible body system of the OWT is divided into the | Time history analysis
REF061_Xu2025	1	False	1	nonlinear	SCHT, incorporating material nonlinearity. This model captures the distinct structural responses of the steel	employing beam elements is developed with OpenSEES software to describe the structural behavior of the | SCHT, incorporating material nonlinearity. This model captures the distinct structural responses of the steel | and concrete sections. The interactions between these two separate systems are then integrated using an
REF061_Xu2025	1	False	1	nonlinear	proposed co-simulation model. Additionally, both linear and nonlinear dynamic response analyses of OWTs	of the overall turbine behavior. Numerical investigations are conducted to verify the effectiveness of the | proposed co-simulation model. Additionally, both linear and nonlinear dynamic response analyses of OWTs | with SCHT under extreme wind conditions are performed.
REF061_Xu2025	1	False	1	nonlinear	ditionally, since the concrete section can exhibit nonlinear behaviors, a By accounting for the flexibility and movements of these components,	wind turbines capable of withstanding diverse environmental loads. Ad- and the evaluation of various operational conditions and external loads. | ditionally, since the concrete section can exhibit nonlinear behaviors, a By accounting for the flexibility and movements of these components, | nonlinear dynamic response analysis of OWTs with SCHTs is crucial for
REF061_Xu2025	1	False	1	nonlinear	nonlinear dynamic response analysis of OWTs with SCHTs is crucial for	ditionally, since the concrete section can exhibit nonlinear behaviors, a By accounting for the flexibility and movements of these components, | nonlinear dynamic response analysis of OWTs with SCHTs is crucial for
REF061_Xu2025	2	False	1	10 MW	teraction [5]. Xi et al. (2021) designed a monopile for a 10 MW hub as rigid bodies. In practical engineering applications, the initial	MBD for hydro-servo-elastic analysis, incorporating soil–structure in- the tower base to be a fixed support and considers the nacelle and | teraction [5]. Xi et al. (2021) designed a monopile for a 10 MW hub as rigid bodies. In practical engineering applications, the initial | offshore wind turbine specific to an ocean site, developing a new soil– section of the tower may contain openings; however, these are typically
REF061_Xu2025	2	False	1	nonlinear	nonlinear deformations, which may not be realistically considered by 𝑜′ 𝑥′ 𝑦′ 𝑧′ is established parallel to the global coordinates 𝑂𝑋 𝑌 𝑍, with	the extreme loading conditions, the OWT with SCHT may experience For the blades, as depicted in Fig. 2, a local coordinate system | nonlinear deformations, which may not be realistically considered by 𝑜′ 𝑥′ 𝑦′ 𝑧′ is established parallel to the global coordinates 𝑂𝑋 𝑌 𝑍, with | MBD approach. the hub center as the origin. In this coordinate system, 𝑞1 , 𝑞2 , and 𝑞3 rep-
REF061_Xu2025	2	False	1	10 MW	stiffness variations. The dynamic responses of contemporary NREL 5 In this section, the 10 MW (DTU-10 MW) wind turbine blade model	dynamic effects of blade rotation, which can induce position shifts and | stiffness variations. The dynamic responses of contemporary NREL 5 In this section, the 10 MW (DTU-10 MW) wind turbine blade model | MW wind turbines under combined wind and sea wave loads have provided by the Technical University of Denmark [27] is selected
REF061_Xu2025	2	False	1	10 MW	The SCHT turbine blades are modeled after those of the DTU 10 MW	OWT with SCHT. The methodology involves segregating the OWT with | The SCHT turbine blades are modeled after those of the DTU 10 MW | SCHT into two distinct systems: the blade system is simulated using
REF061_Xu2025	2	False	1	100	𝜙1f (𝑟) = −0.62450 × 𝑟6 + 0.08439 × 𝑟5 + 1.26100 × 𝑟4 + 0.14430 × 𝑟3	remarks are provided in the last section. | 𝜙1f (𝑟) = −0.62450 × 𝑟6 + 0.08439 × 𝑟5 + 1.26100 × 𝑟4 + 0.14430 × 𝑟3 | 2. Model description of OWTs with SCHT + 0.13510 × 𝑟2
REF061_Xu2025	3	True	3		Fig. 1. Schematic illustration of OWTs with SCHT.	Fig. 1. Schematic illustration of OWTs with SCHT.
REF061_Xu2025	3	True	3		Fig. 2. Schematic illustration of wind turbine blades.	Fig. 2. Schematic illustration of wind turbine blades.
REF061_Xu2025	3	True	3		Table 1	Table 1 | Parameters of the DTU 10 MW turbine.
REF061_Xu2025	3	False	1	10 MW	Parameters of the DTU 10 MW turbine.	Table 1 | Parameters of the DTU 10 MW turbine. | Gross properties Rating 10 MW
REF061_Xu2025	3	False	1	10 MW	Gross properties Rating 10 MW	Parameters of the DTU 10 MW turbine. | Gross properties Rating 10 MW | Rotor orientation, Configuration Upwind, 3 Blades
REF061_Xu2025	4	True	3		Fig. 4(b) depicts the time history of wind speed at a specific point in	the effects of turbulent wind-induced loadings on the wind turbine. | Fig. 4(b) depicts the time history of wind speed at a specific point in | the turbulent wind field.
REF061_Xu2025	4	True	3		Fig. 3. Simplified diagram of SCHT model.	tional fluid dynamics, while also maintaining a high level of accuracy. | Fig. 3. Simplified diagram of SCHT model. | BEM theory combines blade element theory and momentum theory to
REF061_Xu2025	4	True	3		Table 2 blade elements, based on the aerodynamic characteristics of the blades	determine the normal forces 𝑃N and tangential forces 𝑃T acting on | Table 2 blade elements, based on the aerodynamic characteristics of the blades | Material parameters.
REF061_Xu2025	4	False	1	HRB335	HRB335 Yield strength 335 MPa the generalized aerodynamic loads acting on each degree of freedom	Elastic modulus 36 500 MPa normal forces 𝑃N and tangential forces 𝑃T , through the BEM theory, | HRB335 Yield strength 335 MPa the generalized aerodynamic loads acting on each degree of freedom | Ultimate strength 455 MPa are calculated using the principle of virtual work. The virtual work
REF061_Xu2025	4	False	1	Q345	Q345 Yield strength 345 MPa 𝑅 [ ]	} | Q345 Yield strength 345 MPa 𝑅 [ ] | Ultimate strength 470 MPa + 𝑃N𝑗 (𝑟, 𝑡) 𝜙1f (𝑟)𝛿 𝑞𝑗+3 + 𝛿 𝑢fnac
REF061_Xu2025	4	False	1	158	total height of 158 m. The concrete section extends from 0 m to 112 m, 𝑄𝑗 = (5)	𝜕 𝑊wl | total height of 158 m. The concrete section extends from 0 m to 112 m, 𝑄𝑗 = (5) | 𝜕 𝑞𝑗
REF061_Xu2025	4	False	1	HRB335	crete. The reinforcement for the concrete sections employs HRB335 ∑	as per Chinese standards, while the remaining sections use C65 con- ∫0 ∫0 | crete. The reinforcement for the concrete sections employs HRB335 ∑ | 3 𝑅 ∑
REF061_Xu2025	4	False	1	1280	15.2 mm and an initial prestress of 1280 MPa. For the steel sections (6)	15.2 mm and an initial prestress of 1280 MPa. For the steel sections (6) | of the tower, Q345 steel is used. Detailed material parameters are
REF061_Xu2025	4	False	1	Q345	of the tower, Q345 steel is used. Detailed material parameters are	15.2 mm and an initial prestress of 1280 MPa. For the steel sections (6) | of the tower, Q345 steel is used. Detailed material parameters are | provided in Table 2.
REF061_Xu2025	4	False	1	nonlinear	section will introduce a CS approach to perform nonlinear dynamic	𝜙1t (𝑧) = 0.36850 ×𝑧6 − 2.55828 ×𝑧5 + 3.47648 ×𝑧4 − 1.87776 ×𝑧3 + 1.59106 ×𝑧2 been described. With this foundational information, the subsequent | section will introduce a CS approach to perform nonlinear dynamic | (3)
REF061_Xu2025	5	True	3		Fig. 4. Wind speed.	Fig. 4. Wind speed.
REF061_Xu2025	6	True	3		Fig. 7. Diagram of the CS model.	Fig. 7. Diagram of the CS model.
REF061_Xu2025	6	False	1	nonlinear	computer performance is strong enough or the interaction cost between accurately capture the structural behaviors of the SCHT, a nonlinear	calculates the generalized forces acting on the other system. When the ent segment configurations for both reinforcement and geometry. To | computer performance is strong enough or the interaction cost between accurately capture the structural behaviors of the SCHT, a nonlinear | the two systems is low, using smaller macro time steps can reduce FE model needs to be established and applied. For this purpose, the
REF061_Xu2025	6	False	1	nonlinear	Both linear and nonlinear models will be established using	For dynamic response analysis of an OWT with SCHT, the flexible | Both linear and nonlinear models will be established using | multi-body system comprises the blades and nacelle, while the sub-
REF061_Xu2025	6	False	1	nonlinear	the equation of motion for the blade system, which is derived from In the nonlinear models, both material and geometric nonlineari-	As mentioned, the dynamic responses of blades are evaluated using | the equation of motion for the blade system, which is derived from In the nonlinear models, both material and geometric nonlineari- | the Euler–Lagrange method and solved with appropriate numerical ties are incorporated within OpenSEES. For material nonlinearity, the
REF061_Xu2025	6	False	1	nonlinear	the Euler–Lagrange method and solved with appropriate numerical ties are incorporated within OpenSEES. For material nonlinearity, the	the equation of motion for the blade system, which is derived from In the nonlinear models, both material and geometric nonlineari- | the Euler–Lagrange method and solved with appropriate numerical ties are incorporated within OpenSEES. For material nonlinearity, the | algorithms such as the Runge–Kutta or Newmark algorithm. These ‘‘Concrete D’’ material model is used to simulate the nonlinear behavior
REF061_Xu2025	6	False	1	nonlinear	algorithms such as the Runge–Kutta or Newmark algorithm. These ‘‘Concrete D’’ material model is used to simulate the nonlinear behavior	the Euler–Lagrange method and solved with appropriate numerical ties are incorporated within OpenSEES. For material nonlinearity, the | algorithms such as the Runge–Kutta or Newmark algorithm. These ‘‘Concrete D’’ material model is used to simulate the nonlinear behavior | responses include displacements, velocities, and accelerations, which of concrete fibers [45], while steel fibers and steel tower sections are
REF061_Xu2025	6	False	1	nonlinear	been thoroughly derived for the OWT with SCHT based on the Euler– elements. Geometric nonlinearity of the P-𝛥 effect is incorporated via	In our previous work, an 8-DOF multi-body dynamic model has bars, subjected to uniaxial tension only, are represented using truss | been thoroughly derived for the OWT with SCHT based on the Euler– elements. Geometric nonlinearity of the P-𝛥 effect is incorporated via | Lagrange equations [29], which can be expressed as the ‘‘geomTransf PDelta’’ transformation, capturing significant tower
REF061_Xu2025	7	True	3		Fig. 8. OpenSEES model.	𝐌blade 𝐪̈ blade + 𝐂blade 𝐪̇ blade + 𝐊blade 𝐪blade = 𝐟blade (12) | Fig. 8. OpenSEES model.
REF061_Xu2025	7	True	3		Fig. 9. First tower section in OpenSEES. parts of an OWT with SCHT can be described using standard equations	The equations above demonstrate that both the upper and lower | Fig. 9. First tower section in OpenSEES. parts of an OWT with SCHT can be described using standard equations | of motion. The Eq. (12) is effectively analogous to Eq. (9), indicating
REF061_Xu2025	7	False	1	nonlinear	to develop a detailed and sophisticated nonlinear tower model for anal-	rotor blades interacts with that of the tower. As shown in Appendix A.3 | to develop a detailed and sophisticated nonlinear tower model for anal- | and Eq. (8), the model actually combines the six degrees of freedom of
REF061_Xu2025	8	True	3		Fig. 10. Cross-sectional view of OpenSEES model.	Fig. 10. Cross-sectional view of OpenSEES model.
REF061_Xu2025	8	False	1	nonlinear	ing on each system at a given time step using the responses from Due to the introduction of material nonlinearity and other proper-	Non-iterative coupling involves calculating the external forces act- iterative process. | ing on each system at a given time step using the responses from Due to the introduction of material nonlinearity and other proper- | the previous time steps for both systems. This approach avoids the ties, the stiffness of the tower system may change, leading to discrep-
REF061_Xu2025	8	False	1	nonlinear	of the wind turbine system at each time step for error control. coupled nonlinear dynamic systems. The iterative procedure for each	this section will employ an iterative approach to simulate the response enhancing iterative stability and accelerating convergence in solving | of the wind turbine system at each time step for error control. coupled nonlinear dynamic systems. The iterative procedure for each | According to Eq. (16), the generalized forces 𝝀c between systems time step is explained as follows:
REF061_Xu2025	9	True	3		Fig. 11. CS model architecture for an OWT with SCHT.	Fig. 11. CS model architecture for an OWT with SCHT.
REF061_Xu2025	9	True	3		Fig. 12. Flowchart of the iterative process for generalized forces.	Fig. 12. Flowchart of the iterative process for generalized forces.
REF061_Xu2025	10	True	3		Fig. 13. OpenSEES interactive module.	Fig. 13. OpenSEES interactive module.
REF061_Xu2025	10	False	1	OpenFAST	OpenFAST software [29]. Therefore, this paper does not include a	The accuracy of the MBD model has already been validated using | OpenFAST software [29]. Therefore, this paper does not include a | verification of the MBD model. Instead, the dynamic responses of the
REF061_Xu2025	10	True	3		Fig. 14 illustrates the FE model of the SCHT developed using	solver. Fig. 14. Model overview and connection detail in Abaqus. | Fig. 14 illustrates the FE model of the SCHT developed using | Abaqus software. This model employs three-dimensional elements, with
REF061_Xu2025	10	True	3		Fig. 15. Comparison of pushover analysis results.	In the pushover analysis, both Abaqus and OpenSEES models apply | Fig. 15. Comparison of pushover analysis results. | loads via displacement. Initially, gravity loads and tendon prestressing
REF061_Xu2025	11	True	3		Table 3	Table 3 | Comparison of MBD, LCS and NLCS models.
REF061_Xu2025	11	False	1	nonlinear	MBD Modal synthesis method Modal synthesis method Fast but limited in handling nonlinear effects.	Model Blade subsystem Tower subsystem Key features | MBD Modal synthesis method Modal synthesis method Fast but limited in handling nonlinear effects. | LCS Modal synthesis method Linear fiber beam element For co-simulation validation.
REF061_Xu2025	11	False	1	nonlinear	NLCS Modal synthesis method Nonlinear fiber beam element Highly accurate for nonlinear dynamic behavior.	LCS Modal synthesis method Linear fiber beam element For co-simulation validation. | NLCS Modal synthesis method Nonlinear fiber beam element Highly accurate for nonlinear dynamic behavior.
REF061_Xu2025	11	True	4	nonlinear	Table 3 presents a comparison of the Multi-Body Dynamics Model displacement response, the NLCS model, which accounts for nonlinear	wind speed of 12 m/s and a turbulence intensity of 10%. mark. While the LCS model accurately replicates the MBD model’s | Table 3 presents a comparison of the Multi-Body Dynamics Model displacement response, the NLCS model, which accounts for nonlinear | (denoted as ‘‘MBD Model’’), the Linear Co-Simulation Model (denoted effects, shows significantly larger responses, especially in the fore-aft
REF061_Xu2025	11	False	1	nonlinear	as ‘‘LCS Model’’) and the Nonlinear Co-Simulation Model (denoted as direction, under high wind conditions. This emphasizes the need to	(denoted as ‘‘MBD Model’’), the Linear Co-Simulation Model (denoted effects, shows significantly larger responses, especially in the fore-aft | as ‘‘LCS Model’’) and the Nonlinear Co-Simulation Model (denoted as direction, under high wind conditions. This emphasizes the need to | ‘‘NLCS Model’’), highlighting their respective modeling techniques and consider nonlinearities for accurate predictions under extreme loading
REF061_Xu2025	11	False	1	nonlinear	‘‘NLCS Model’’), highlighting their respective modeling techniques and consider nonlinearities for accurate predictions under extreme loading	as ‘‘LCS Model’’) and the Nonlinear Co-Simulation Model (denoted as direction, under high wind conditions. This emphasizes the need to | ‘‘NLCS Model’’), highlighting their respective modeling techniques and consider nonlinearities for accurate predictions under extreme loading | applications. In the MBD Model, both the blade and tower subsystems scenarios. The frequency spectra of the LCS model closely match those
REF061_Xu2025	11	False	1	nonlinear	is limited in accounting for nonlinear dynamic effects, making it less provides a reliable approximation under normal operating conditions,	cient computation for linear response analysis. However, this model capturing the turbine’s dynamic characteristics. Thus, the LCS model | is limited in accounting for nonlinear dynamic effects, making it less provides a reliable approximation under normal operating conditions, | suitable for scenarios involving complex structural interactions. The while the NLCS model is essential for more accurate predictions when
REF061_Xu2025	11	False	1	nonlinear	LCS Model provides a more refined representation by combining the nonlinear deformations become significant at higher wind speeds.	suitable for scenarios involving complex structural interactions. The while the NLCS model is essential for more accurate predictions when | LCS Model provides a more refined representation by combining the nonlinear deformations become significant at higher wind speeds. | modal synthesis method for the blade with a linear fiber beam element
REF061_Xu2025	11	False	1	nonlinear	for the tower. This approach facilitates co-simulation validation and 4.3. Nonlinear dynamic response analysis of OWTs with SCHT under	modal synthesis method for the blade with a linear fiber beam element | for the tower. This approach facilitates co-simulation validation and 4.3. Nonlinear dynamic response analysis of OWTs with SCHT under | is particularly effective for fast and efficient linear dynamic analyses. extreme wind conditions
REF061_Xu2025	11	False	1	nonlinear	a nonlinear fiber beam element for the tower, while still utilizing the In this section, the dynamic responses of the MBD and NLCS models	In contrast, the NLCS Model achieves higher accuracy by employing | a nonlinear fiber beam element for the tower, while still utilizing the In this section, the dynamic responses of the MBD and NLCS models | modal synthesis method for the blade. This configuration is highly under various loading conditions will be analyzed. Differences and sim-
REF061_Xu2025	11	False	1	nonlinear	accurate in capturing nonlinear dynamic behavior of SCHT. ilarities across different load scenarios will be compared to evaluate the	modal synthesis method for the blade. This configuration is highly under various loading conditions will be analyzed. Differences and sim- | accurate in capturing nonlinear dynamic behavior of SCHT. ilarities across different load scenarios will be compared to evaluate the | As illustrated in Fig. 16, the dynamic responses obtained from the robustness of the results. This comparative analysis aims to highlight
REF061_Xu2025	11	False	1	nonlinear	in the fore-aft direction due to nonlinear effects. This highlights the It is well-established that ERA5, the fifth-generation reanalysis of	motion. However, the NLCS model shows significantly larger responses analysis. | in the fore-aft direction due to nonlinear effects. This highlights the It is well-established that ERA5, the fifth-generation reanalysis of | great necessity of the NLCS model in capturing nonlinear dynamic global climate and weather data from the European Centre for Medium-
REF061_Xu2025	11	False	1	nonlinear	great necessity of the NLCS model in capturing nonlinear dynamic global climate and weather data from the European Centre for Medium-	in the fore-aft direction due to nonlinear effects. This highlights the It is well-established that ERA5, the fifth-generation reanalysis of | great necessity of the NLCS model in capturing nonlinear dynamic global climate and weather data from the European Centre for Medium- | Range Weather Forecasts (ECMWF), offers comprehensive data span-
REF061_Xu2025	11	False	1	nonlinear	NLCS model will enter the nonlinear state. This transition results in	data are crucial for calculating the annual average wind speed under | NLCS model will enter the nonlinear state. This transition results in | typical operational conditions and the maximum average wind speed
REF061_Xu2025	11	False	1	nonlinear	not entered the nonlinear state. Under these conditions, the fore-aft (17)	displacement is quite small in both directions, indicating that it has 𝜎 = 𝐼r ef (0.75𝑉hub + 𝑏) | not entered the nonlinear state. Under these conditions, the fore-aft (17) | displacement of the NLCS model closely agrees with that of the MBD 𝑏 = 5.6 m∕s
REF061_Xu2025	12	True	3		Fig. 16. Comparison of dynamic responses in fore-aft direction.	Fig. 16. Comparison of dynamic responses in fore-aft direction.
REF061_Xu2025	12	True	3		Fig. 17. Comparison of dynamic responses under low wind speed conditions.	Fig. 17. Comparison of dynamic responses under low wind speed conditions.
REF061_Xu2025	12	False	1	600	Turbulence is classified into four categories, as outlined in GB/T least 600 s. During simulations, to avoid the influence of transient	Turbulence is classified into four categories, as outlined in GB/T least 600 s. During simulations, to avoid the influence of transient | 18451.1-2022. In this paper, the highest class of turbulence characteris- responses—which can introduce significant outliers and anomalies in
REF061_Xu2025	12	False	1	nonlinear	and extreme wind speeds (i.e., the 50-year return period maximum). impact on the subsequent steady-state dynamics. However, nonlinear	using Eq. (18), with the resulting values presented in Table 4 for normal phase of the wind turbine can be disregarded, as it has negligible | and extreme wind speeds (i.e., the 50-year return period maximum). impact on the subsequent steady-state dynamics. However, nonlinear | 𝜎 models present a more complex scenario. In these systems, large tran-
REF061_Xu2025	13	True	3		Fig. 18. Wind speed from 1973 to 2023.	Fig. 18. Wind speed from 1973 to 2023.
REF061_Xu2025	13	True	3		Fig. 19. Comparison of start-up process in fore-aft direction.	Fig. 19. Comparison of start-up process in fore-aft direction.
REF061_Xu2025	13	False	1	100	analysis will focus exclusively on data collected after the first 100 s ferences between the MBD model and the NLCS model become more	operational rotational speed within 5 s. After this initial phase, the In extreme wind speed conditions, as shown in Fig. 21, the dif- | analysis will focus exclusively on data collected after the first 100 s ferences between the MBD model and the NLCS model become more | of operation. This approach ensures that the data reflects the turbine’s pronounced. The MBD model indicates a maximum fore-aft displace-
REF061_Xu2025	13	False	1	nonlinear	As illustrated in Fig. 19, both linear and nonlinear models exhibit side-side displacement reaching 0.62 m. This significant discrepancy	scenarios. maximum fore-aft displacement reaching 5.90 m and the maximum | As illustrated in Fig. 19, both linear and nonlinear models exhibit side-side displacement reaching 0.62 m. This significant discrepancy | the elimination of initial transient responses when the blade is started under extreme wind conditions highlights the limitations of the MBD
REF061_Xu2025	13	False	1	nonlinear	tively mitigate transient response effects on wind turbine structures. It demonstrates its ability to account for nonlinear interactions and more	highlights that employing a controlled linear start-up method can effec- OWTs with SCHT under severe loading scenarios. The NLCS model | tively mitigate transient response effects on wind turbine structures. It demonstrates its ability to account for nonlinear interactions and more | allows the nonlinear model to transition more smoothly and promptly complex dynamics, reflecting a higher sensitivity to extreme wind
REF061_Xu2025	13	False	1	nonlinear	allows the nonlinear model to transition more smoothly and promptly complex dynamics, reflecting a higher sensitivity to extreme wind	tively mitigate transient response effects on wind turbine structures. It demonstrates its ability to account for nonlinear interactions and more | allows the nonlinear model to transition more smoothly and promptly complex dynamics, reflecting a higher sensitivity to extreme wind | to the nonlinear stage during simulation. forces.
REF061_Xu2025	13	False	1	nonlinear	to the nonlinear stage during simulation. forces.	allows the nonlinear model to transition more smoothly and promptly complex dynamics, reflecting a higher sensitivity to extreme wind | to the nonlinear stage during simulation. forces. | The top displacements of the tower under two wind conditions are
REF061_Xu2025	13	False	1	nonlinear	be attributed to the inherent nonlinearities accounted for the NLCS performance and ensuring structural integrity in the face of extreme	OWTs with SCHT. The slight discrepancy in fore-aft displacement may wind turbine’s response, making it essential for accurately predicting | be attributed to the inherent nonlinearities accounted for the NLCS performance and ensuring structural integrity in the face of extreme | model, which makes it slightly more sensitive to dynamic variations wind conditions.
REF061_Xu2025	14	True	3		Fig. 20. Comparison of dynamic responses under normal wind speed conditions.	Fig. 20. Comparison of dynamic responses under normal wind speed conditions.
REF061_Xu2025	14	True	3		Fig. 21. Comparison of dynamic responses under extreme wind speed conditions.	Fig. 21. Comparison of dynamic responses under extreme wind speed conditions.
REF061_Xu2025	14	False	1	nonlinear	vestigate the nonlinear dynamic response of OWTs with SCHT. This to other types of wind turbine systems and loading scenarios.	In this paper, a co-simulation method has been developed to in- finements to enhance computational efficiency and extend the method | vestigate the nonlinear dynamic response of OWTs with SCHT. This to other types of wind turbine systems and loading scenarios. | approach involves breaking down the SCHT wind turbine into blade
REF061_Xu2025	14	False	1	nonlinear	under both linear and nonlinear conditions. Replication of results	demonstrate that the co-simulation approach yields reliable results | under both linear and nonlinear conditions. Replication of results | 2. Effectiveness of Force–Force Coupling: The force–force cou-
REF061_Xu2025	14	False	1	nonlinear	3. Nonlinear Dynamic Behavior: The NLCS model effectively cap- Declaration of competing interest	without sacrificing accuracy. | 3. Nonlinear Dynamic Behavior: The NLCS model effectively cap- Declaration of competing interest | tures the nonlinear dynamic behavior of the system, especially under
REF061_Xu2025	14	False	1	nonlinear	tures the nonlinear dynamic behavior of the system, especially under	3. Nonlinear Dynamic Behavior: The NLCS model effectively cap- Declaration of competing interest | tures the nonlinear dynamic behavior of the system, especially under | high wind speed conditions. The ability to transition smoothly into the The authors declare that they have no known competing finan-
REF061_Xu2025	14	False	1	nonlinear	nonlinear state and accurately predict larger displacements highlights cial interests or personal relationships that could have appeared to	high wind speed conditions. The ability to transition smoothly into the The authors declare that they have no known competing finan- | nonlinear state and accurately predict larger displacements highlights cial interests or personal relationships that could have appeared to | the model’s robustness. influence the work reported in this paper.
REF061_Xu2025	16	False	1	10 MW	⎢ Dynamic analysis of 10 MW monopile supported offshore wind turbine based on	⎢ 0 0 𝑘b3,e 0 0 0 0 0 ⎥⎥ [6] Renqiang Xi, Xiuli Du, Piguang Wang, Chengshun Xu, Endi Zhai, Suyu Wang, | ⎢ Dynamic analysis of 10 MW monopile supported offshore wind turbine based on | ⎢ 0 0 0 𝑘b1,f 0 0 0 0⎥ fully coupled model, Ocean Eng. 234 (2021) 109346.
REF061_Xu2025	17	False	1	nonlinear	[22] I. Prowell, M. Veletzos, A. Elgamal, J. Restrepo, Experimental and numerical on Multibody Systems, Nonlinear Dynamics, and Control, American Society of	303–315. dure for multibody reeving systems, in: Volume 6: 14th International Conference | [22] I. Prowell, M. Veletzos, A. Elgamal, J. Restrepo, Experimental and numerical on Multibody Systems, Nonlinear Dynamics, and Control, American Society of | seismic response of a 65 kW wind turbine, J. Earthq. Eng. 13 (2009) 1172–1190. Mechanical Engineers, 2018, V006T09A018.
REF061_Xu2025	17	False	2	nonlinear;100	hybrid wind turbine tower based on improved genetic algorithm, Struct. Des. J. Comput. Nonlinear Dyn. 15 (4) (2020) 041001.	[26] Junling Chen, Jinwei Li, Xinheng He, Design optimization of steel–concrete simulation of multibody systems with contact using reduced interface models, | hybrid wind turbine tower based on improved genetic algorithm, Struct. Des. J. Comput. Nonlinear Dyn. 15 (4) (2020) 041001. | Tall Spec. Build. 29 (10) (2020) e1741. [44] Bernhard Schweizer, Pu Li, Daixing Lu, Explicit and implicit cosimulation meth-
REF061_Xu2025	17	False	1	10 MW	[27] Christian Bak, Frederik Zahle, Robert Bitsche, Description of the DTU 10 MW ods: Stability and convergence analysis for different solver coupling approaches,	Tall Spec. Build. 29 (10) (2020) e1741. [44] Bernhard Schweizer, Pu Li, Daixing Lu, Explicit and implicit cosimulation meth- | [27] Christian Bak, Frederik Zahle, Robert Bitsche, Description of the DTU 10 MW ods: Stability and convergence analysis for different solver coupling approaches, | Reference Wind Turbine, DTU Wind Energy Report-I-0092, vol. 5, 2013. J. Comput. Nonlinear Dyn. 10 (5) (2015) 051007.
REF061_Xu2025	17	False	2	nonlinear;100	Reference Wind Turbine, DTU Wind Energy Report-I-0092, vol. 5, 2013. J. Comput. Nonlinear Dyn. 10 (5) (2015) 051007.	[27] Christian Bak, Frederik Zahle, Robert Bitsche, Description of the DTU 10 MW ods: Stability and convergence analysis for different solver coupling approaches, | Reference Wind Turbine, DTU Wind Energy Report-I-0092, vol. 5, 2013. J. Comput. Nonlinear Dyn. 10 (5) (2015) 051007. | [28] Xinqi Liu, Jun Xu, Guangling He, Chao Chen, Lateral vibration mitigation of [45] Jian Ying Wu, Jie Li, Rui Faria, An energy release rate-based plastic-damage
REF061_Xu2025	17	False	1	nonlinear	[32] Martin Otto Laver Hansen, Aerodynamics of Wind Turbines, third ed., Earthscan, patterns for nonlinear beam-column models, J. Struct. Eng. 134 (4) (2008)	Electrotech. Comm. 177 (2005). [49] Michael H. Scott, Gregory L. Fenves, Frank McKenna, Filip C. Filippou, Software | [32] Martin Otto Laver Hansen, Aerodynamics of Wind Turbines, third ed., Earthscan, patterns for nonlinear beam-column models, J. Struct. Eng. 134 (4) (2008) | London, UK, 2015. 562–571.
REF061_Xu2025	17	False	1	nonlinear	[33] Hong-bing Xia, Pounding Tuned Mass Damper for Vibration Control of Offshore [50] Frank McKenna, Michael H. Scott, Gregory L. Fenves, Nonlinear finite-element	London, UK, 2015. 562–571. | [33] Hong-bing Xia, Pounding Tuned Mass Damper for Vibration Control of Offshore [50] Frank McKenna, Michael H. Scott, Gregory L. Fenves, Nonlinear finite-element | Wind Turbine Subject to Combined Wind and Wave Excitation (Master’s thesis), analysis software architecture using object composition, J. Comput. Civ. Eng. 24
REF061_Xu2025	17	False	1	OpenFAST	[35] J. Jonkman, M. Sprague, OpenFAST Documentation Release v3. 0.0, National 2240–2253.	equations with guaranteed convergence, Wind Energy 17 (9) (2014) 1327–1345. of steel–concrete hybrid wind turbine tower, J. Vib. Control 28 (17) (2022) | [35] J. Jonkman, M. Sprague, OpenFAST Documentation Release v3. 0.0, National 2240–2253. | Renewable Energy Laboratory, Golden, CO, USA, 2021. [52] Zhao Zhi, Dai Kao-shan, Mao Zhen-xi, Zhang Cai-wei, Failure analyses of a wind
REF001_DTU10MW	1	False	1	DTU 10 MW	DTU 10 MW Reference Wind Turbine	Description of the | DTU 10 MW Reference Wind Turbine | Department of
REF001_DTU10MW	3	False	1	DTU 10 MW	Title: Description of the DTU 10 MW Reference Wind	Anand Natarajan, Morten Hansen Publication Date: July 2013 | Title: Description of the DTU 10 MW Reference Wind | Turbine
REF001_DTU10MW	5	False	1	mass	4.1.3. Cross Section Stiffness and Mass Properties . . . . . . . . . . . . . . 47	4.1.2. Blade Internal Structure and Composite Layup Definition . . . . . . 42 | 4.1.3. Cross Section Stiffness and Mass Properties . . . . . . . . . . . . . . 47 | 4.1.4. Strength Analysis . . . . . . . . . . . . . . . . . . . . . . . . . . . . 53
REF001_DTU10MW	5	False	1	mass	4.2.3. Cross Section Stiffness and Mass Properties . . . . . . . . . . . . . . 59	4.2.2. Geometry and Material Thickness . . . . . . . . . . . . . . . . . . . 59 | 4.2.3. Cross Section Stiffness and Mass Properties . . . . . . . . . . . . . . 59 | 4.2.4. Loads and Boundary Conditions . . . . . . . . . . . . . . . . . . . . 60
REF001_DTU10MW	7	False	1	mass	Upscaling causes a challenge because the mass of the turbine increases with the cube of	From the late 1970’ies until now there has been a continuous upscaling of wind turbines. | Upscaling causes a challenge because the mass of the turbine increases with the cube of | the rotor radius with linear upscaling. The largest wind turbines on the market or on the
REF001_DTU10MW	7	False	1	mass	were used. Therefore, a significant reduction in rotor mass was not expected compared to	the blade weight was minimized using existing methods, but no new concepts or materials | were used. Therefore, a significant reduction in rotor mass was not expected compared to | existing upscaled rotors.
REF001_DTU10MW	9	True	3		Table 1.1.: List of the data directories in the repository.	Table 1.1.: List of the data directories in the repository.
REF001_DTU10MW	10	True	4	DTU 10 MW	Table 1.2.: Revision history of the DTU 10 MW Reference Wind Turbine.	Table 1.2.: Revision history of the DTU 10 MW Reference Wind Turbine.
REF001_DTU10MW	11	False	1	mass	The mass, m, was scaled by:	achieve twice as much power output the rotor area was doubled. | The mass, m, was scaled by:
REF001_DTU10MW	11	False	2	mass;inertia	the 1st Mass Moment of Inertia, I1 , is scaled by:	the 1st Mass Moment of Inertia, I1 , is scaled by:
REF001_DTU10MW	11	False	2	mass;inertia	the 2nd Mass Moment of Inertia, I2 , is scaled by:	the 2nd Mass Moment of Inertia, I2 , is scaled by:
REF001_DTU10MW	12	False	1	mass	nacelle mass than expected for very large wind turbine designs, depending on the scaled	scaling factor. One of the weaknesses by this method was that it might lead to a higher | nacelle mass than expected for very large wind turbine designs, depending on the scaled | turbine. Therefore, the nacelle and hub masses and inertias were reduced in the design of
REF001_DTU10MW	12	False	2	mass;inertia	turbine. Therefore, the nacelle and hub masses and inertias were reduced in the design of	nacelle mass than expected for very large wind turbine designs, depending on the scaled | turbine. Therefore, the nacelle and hub masses and inertias were reduced in the design of | the upscaled DTU 10MW RWT. This is described in detail in section 6.2.1
REF001_DTU10MW	12	False	1	rated power	The wind turbine had a rated power of 10MW, was designed for offshore siting for an IEC	The wind turbine had a rated power of 10MW, was designed for offshore siting for an IEC | class 1A wind climate and was in general a traditional three-bladed, upwind wind turbine.
REF001_DTU10MW	12	False	1	hub height	• The hub height is lower, because a shorter tower is possible offshore	climate | • The hub height is lower, because a shorter tower is possible offshore | • The drivetrain conecept changed from a high speed to a medium speed
REF001_DTU10MW	13	False	1	rated wind speed	Rated wind speed 11.4 m/s Same	Cut out wind speed 25 m/s Same | Rated wind speed 11.4 m/s Same | Rated power 10 MW Same
REF001_DTU10MW	13	False	1	rated power	Rated power 10 MW Same	Rated wind speed 11.4 m/s Same | Rated power 10 MW Same | Number of blades 3 Same
REF001_DTU10MW	13	False	1	rotor diameter	Rotor Diameter 178.3 m Same	Number of blades 3 Same | Rotor Diameter 178.3 m Same | Hub Diameter 5.6 m 4.24 m
REF001_DTU10MW	13	False	1	hub height	Hub Height 119.0 m 127.0	Hub Diameter 5.6 m 4.24 m | Hub Height 119.0 m 127.0 | Drivetrain Medium Speed, Multiple- High Speed, Multiple-
REF001_DTU10MW	13	False	1	mass	Rotor Mass 227,962 kg 311,127 kg	Blade Prebend 3.332 m 0.000 m | Rotor Mass 227,962 kg 311,127 kg | Nacelle Mass 446,036 kg 678,823 kg
REF001_DTU10MW	13	False	1	mass	Nacelle Mass 446,036 kg 678,823 kg	Rotor Mass 227,962 kg 311,127 kg | Nacelle Mass 446,036 kg 678,823 kg | Tower Mass 628,442 kg 982,765 kg
REF001_DTU10MW	13	False	1	mass	Tower Mass 628,442 kg 982,765 kg	Nacelle Mass 446,036 kg 678,823 kg | Tower Mass 628,442 kg 982,765 kg
REF001_DTU10MW	13	True	4	DTU 10 MW	Table 2.1.: Key parameters of the DTU 10 MW Reference Wind Turbine compard to a	Table 2.1.: Key parameters of the DTU 10 MW Reference Wind Turbine compard to a | direct upscale of the NREL 5 MW Reference Wind Turbine.
REF001_DTU10MW	15	False	1	inertia	with high relative thickness were selected to increase the moment of inertia and thereby	It was decided to design a rotor that was relatively light weight. To enable this, airfoils | with high relative thickness were selected to increase the moment of inertia and thereby | increase the stiffness. Since the DTU 10MW RWT were to become a publically available
REF001_DTU10MW	15	True	3		Figure 3.1 shows the FFA-W3 airfoil series. Analysis showed that the aerodynamic per-	Figure 3.1 shows the FFA-W3 airfoil series. Analysis showed that the aerodynamic per- | formance at the inner part of the blade increased significantly when using Gurney flaps.
REF001_DTU10MW	16	True	3		Figure 3.1.: The FFA-W3-xxx airfoil series with airfoils of relative thickness of 21.1%,	Figure 3.1.: The FFA-W3-xxx airfoil series with airfoils of relative thickness of 21.1%, | 24.1%, 30.1%, and 36%.
REF001_DTU10MW	17	True	3		Figure 3.2.: 2D mesh around the FFA-W3-336 airfoil fitted with a Gurney flap.	Figure 3.2.: 2D mesh around the FFA-W3-336 airfoil fitted with a Gurney flap.
REF001_DTU10MW	17	True	3		Figure 3.3.: Lift and drag polars for the FFA-W3-241 airfoil, computed using EllipSys2D	Figure 3.3.: Lift and drag polars for the FFA-W3-241 airfoil, computed using EllipSys2D | assuming fully turbulent flow and transition from laminar to turbulent flow
REF001_DTU10MW	18	True	3		Figure 3.4.: Lift and drag polars for the FFA-W3-301 airfoil, computed using EllipSys2D	Figure 3.4.: Lift and drag polars for the FFA-W3-301 airfoil, computed using EllipSys2D | assuming fully turbulent flow and transition from laminar to turbulent flow
REF001_DTU10MW	18	True	3		Figure 3.5.: Lift and drag polars for the FFA-W3-360 airfoil fitted with a 1.27% Gurney	Figure 3.5.: Lift and drag polars for the FFA-W3-360 airfoil fitted with a 1.27% Gurney | flap, computed using EllipSys2D assuming fully turbulent flow and transition
REF001_DTU10MW	19	True	3		Figure 3.6.: Lift and drag polars for the FFA-W3-480 airfoil fitted with a 2.50% Gurney	Figure 3.6.: Lift and drag polars for the FFA-W3-480 airfoil fitted with a 2.50% Gurney | flap, computed using EllipSys2D assuming fully turbulent flow and transition
REF001_DTU10MW	19	True	3		Figure 3.7.: Lift and drag polars for the FFA-W3-600 airfoil fitted with a 3.50% Gurney	Figure 3.7.: Lift and drag polars for the FFA-W3-600 airfoil fitted with a 3.50% Gurney | flap, computed using EllipSys2D assuming fully turbulent flow and transition
REF001_DTU10MW	20	True	3		Figure 3.8.: 3D corrected lift coefficient as function of angle of attack for the six airfoil	Figure 3.8.: 3D corrected lift coefficient as function of angle of attack for the six airfoil | thicknesses defined for the DTU 10MW RWT.
REF001_DTU10MW	20	True	3		Figure 3.9.: 3D corrected drag coefficient as function of angle of attack for the six airfoil	Figure 3.9.: 3D corrected drag coefficient as function of angle of attack for the six airfoil | thicknesses defined for the DTU 10MW RWT.
REF001_DTU10MW	21	True	3		Figure 3.10.: 3D corrected moment coefficient as function of angle of attack for the six	Figure 3.10.: 3D corrected moment coefficient as function of angle of attack for the six | airfoil thicknesses defined for the DTU 10MW RWT.
REF001_DTU10MW	22	True	4	DTU 10 MW	Figure 3.11.: The DTU 10 MW RWT blade planform parameters vs normalized blade	Figure 3.11.: The DTU 10 MW RWT blade planform parameters vs normalized blade | span. Note that the twist if defined positive nose up in order to conform to
REF001_DTU10MW	23	True	3		Figure 3.12.: Mechanical power based on the BEM based tool HAWTOPT	Figure 3.12.: Mechanical power based on the BEM based tool HAWTOPT
REF001_DTU10MW	23	True	3		Figure 3.16 and Figure 3.17 show the local power and thrust coefficients along the blade	the power and thrust coefficients using the computational BEM based tool HAWTOPT. | Figure 3.16 and Figure 3.17 show the local power and thrust coefficients along the blade | at the design TSR. The control of the rotor is chosen so that it operates at TSR=7.5 and
REF001_DTU10MW	23	False	1	rated power	rated power and at rated power the blades were pitched to obtained rated power. In the	pitch=0 deg up to a rotational speed of 9.6RPM. At 9.6RPM the power was very close to | rated power and at rated power the blades were pitched to obtained rated power. In the | optimization process the controller was not considered, but tuned after the structural lay
REF001_DTU10MW	24	True	3		Figure 3.13.: Thrust based on the BEM based tool HAWTOPT	Figure 3.13.: Thrust based on the BEM based tool HAWTOPT
REF001_DTU10MW	24	True	3		Figure 3.14.: Mechanical power coefficient based on the BEM based tool HAWTOPT	Figure 3.14.: Mechanical power coefficient based on the BEM based tool HAWTOPT
REF001_DTU10MW	25	True	3		Figure 3.15.: Thrust coefficient based on the BEM based tool HAWTOPT	Figure 3.15.: Thrust coefficient based on the BEM based tool HAWTOPT
REF001_DTU10MW	25	True	3		Figure 3.16.: Local mechanical power coefficient at maximum global power coefficient	Figure 3.16.: Local mechanical power coefficient at maximum global power coefficient | based on the BEM based tool HAWTOPT
REF001_DTU10MW	26	True	3		Figure 3.17.: Local thrust coefficient at maximum global power coefficient based on the	Figure 3.17.: Local thrust coefficient at maximum global power coefficient based on the | BEM based tool HAWTOPT
REF001_DTU10MW	27	True	3		Figure 3.18.: The FFA-W3-480 airfoil fitted with a 2.5% chord Gurney flap with a base	Figure 3.18.: The FFA-W3-480 airfoil fitted with a 2.5% chord Gurney flap with a base | length factor of 3.
REF001_DTU10MW	27	True	3		Table 3.1.: Gurney flap height to chord ratio (hgf /c) and length to height factor (lgf /hgf )	Table 3.1.: Gurney flap height to chord ratio (hgf /c) and length to height factor (lgf /hgf ) | as function of normalized radius.
REF001_DTU10MW	27	True	3		Figure 3.22 shows a detailed view of the root part of the blade where the Gurney flap	data. See Appendix A and B for details. Figure 3.21 shows the final blade shape, and | Figure 3.22 shows a detailed view of the root part of the blade where the Gurney flap
REF001_DTU10MW	28	True	3		Figure 3.19.: The normalized leading edge offset (x/c)pitch relative to the blade axis vs	Figure 3.19.: The normalized leading edge offset (x/c)pitch relative to the blade axis vs | normalized blade span.
REF001_DTU10MW	28	True	3		Figure 3.20.: The prebend shape of the DTU 10MW RWT blade.	Figure 3.20.: The prebend shape of the DTU 10MW RWT blade.
REF001_DTU10MW	29	True	3		Figure 3.21.: 3D blade shape for the straight blade.	Figure 3.21.: 3D blade shape for the straight blade.
REF001_DTU10MW	29	True	3		Figure 3.22.: Detailed view of the root of the blade showing the Gurney flaps.	Figure 3.22.: Detailed view of the root of the blade showing the Gurney flaps.
REF001_DTU10MW	30	True	3		Table 3.2 summarises the steady state operational parameters computed using HAWC-	Table 3.2 summarises the steady state operational parameters computed using HAWC- | Stab2 [18] using the controller described in Section 5. Two sets of data were computed;
REF001_DTU10MW	31	True	3		Figure 3.23.: Volume mesh around the rotor cut along a constant y-plane at 60 m radius.	Figure 3.23.: Volume mesh around the rotor cut along a constant y-plane at 60 m radius.
REF001_DTU10MW	31	True	3		Figure 3.24.: Surface mesh on the rotor.	Figure 3.24.: Surface mesh on the rotor.
REF001_DTU10MW	32	True	3		Figure 3.25.: Surface mesh on the rotor and nacelle configuration.	Figure 3.25.: Surface mesh on the rotor and nacelle configuration.
REF001_DTU10MW	32	False	1	rated power	Tables 3.3 to 3.5 list the integrated power, thrust, and power and thrust coefficients as	Tables 3.3 to 3.5 list the integrated power, thrust, and power and thrust coefficients as | function of wind speed for the fully turbulent CFD simulations and simulations taking into
REF001_DTU10MW	32	False	1	rated power	simulations. The integrated power and thrust are plotted against wind speed in Figure	account transition from laminar to turbulent flow as well as the BEM-based HAWCStab2 | simulations. The integrated power and thrust are plotted against wind speed in Figure | 3.26 and corresponding power and thrust coefficients in 3.27 for the CFD simulations in
REF001_DTU10MW	32	False	1	rated power	below rated power than HAWCStab2, and an approximately 3% higher thrust. This dif-	presented in Section 3.1.2. The CFD simulations predict a 4.5% higher power production | below rated power than HAWCStab2, and an approximately 3% higher thrust. This dif- | ference primarily stems from the difference in the BEM airfoil data for the thick airfoil
REF001_DTU10MW	33	True	3		Table 3.2.: Operational parameters based on HAWCStab2 computations for the rotor sim-	Table 3.2.: Operational parameters based on HAWCStab2 computations for the rotor sim- | ulated (a) with and (b) without prebend, cone, tilt and structural deflections,
REF001_DTU10MW	33	True	3		Table 3.3.: Integrated rotor thrust, power and thrust and power coefficients as function of	Table 3.3.: Integrated rotor thrust, power and thrust and power coefficients as function of | wind speed for the fully turbulent CFD simulations.
REF001_DTU10MW	34	True	3		Table 3.4.: Integrated rotor thrust, power and thrust and power coefficients as function	Table 3.4.: Integrated rotor thrust, power and thrust and power coefficients as function | of wind speed for the CFD simulations taking into account transition from
REF001_DTU10MW	34	True	3		Table 3.5.: Integrated rotor thrust, power and thrust and power coefficients as function of	Table 3.5.: Integrated rotor thrust, power and thrust and power coefficients as function of | wind speed for the BEM-based HAWCStab2 simulations.
REF001_DTU10MW	35	True	3		Figure 3.26.: Power and thrust as function of wind speed for the rotor computed using	Figure 3.26.: Power and thrust as function of wind speed for the rotor computed using | EllipSys3D compared to HAWCStab2 simulations.
REF001_DTU10MW	35	True	3		Figure 3.27.: Power and thrust coefficients as function of wind speed for the rotor com-	Figure 3.27.: Power and thrust coefficients as function of wind speed for the rotor com- | puted using EllipSys3D compared to HAWCStab2 simulations.
REF001_DTU10MW	36	True	3		Figure 3.28.: Normal and tangential forces as function of radius for a range of wind speeds	Figure 3.28.: Normal and tangential forces as function of radius for a range of wind speeds | computed using EllipSys3D taking into account transition from laminar to
REF001_DTU10MW	36	True	3		Figure 3.29.: Local power and thrust coefficients as function of radius for a range of wind	Figure 3.29.: Local power and thrust coefficients as function of radius for a range of wind | speeds computed using EllipSys3D taking into account transition from lam-
REF001_DTU10MW	38	False	1	mass	The apparent mass density of the unidirectional laminae was computed as	where E2 and G23 are given by equations (4.2) and (4.4), respectively. | The apparent mass density of the unidirectional laminae was computed as
REF001_DTU10MW	38	False	1	mass	where ρf is the mass density of the fibers, and ρm is the mass density of the matrix.	where ρf is the mass density of the fibers, and ρm is the mass density of the matrix. | Finally, the remaining elastic properties of the unidirectional laminae are determined by
REF001_DTU10MW	39	False	1	mass	Mass density ρm 1140.0 kg/m3	Shear modulus Gm (a) 1.4815 GPa | Mass density ρm 1140.0 kg/m3 | (a) G = E /(2(1 + ν ))
REF001_DTU10MW	39	True	3		Table 4.1.: Mechanical properties of the epoxy matrix [23].	Table 4.1.: Mechanical properties of the epoxy matrix [23].
REF001_DTU10MW	39	False	1	mass	Mass density ρf 2550.0 kg/m3	Transverse shear modulus Gf23 (b) 31.25 GPa | Mass density ρf 2550.0 kg/m3 | (a) chosen as G
REF001_DTU10MW	39	True	3		Table 4.2.: Mechanical properties of E-glass fibers [23].	Table 4.2.: Mechanical properties of E-glass fibers [23].
REF001_DTU10MW	40	False	1	mass	Mass density ρ 1845.0 1915.5 kg/m3	Out-of-plane Poisson’s ratio ν23 0.3329 0.3301 − | Mass density ρ 1845.0 1915.5 kg/m3
REF001_DTU10MW	40	True	3		Table 4.3.: Apparent mechanical properties of two unidirectional laminae.	Table 4.3.: Apparent mechanical properties of two unidirectional laminae.
REF001_DTU10MW	40	False	1	mass	Mass density ρ 1915.5 1845.0 1845.0 kg/m3	Shear modulus G13 = G23 (a) 5.046 98 4.538 64 4.538 64 GPa | Mass density ρ 1915.5 1845.0 1845.0 kg/m3 | (a) not computed but chosen identical to the values of the respective laminae in
REF001_DTU10MW	40	True	3		Table 4.3.	Table 4.3. | Table 4.4.: Fiber orientation and apparent mechanical properties of the multidirectional
REF001_DTU10MW	40	True	3		Table 4.4.: Fiber orientation and apparent mechanical properties of the multidirectional	Table 4.3. | Table 4.4.: Fiber orientation and apparent mechanical properties of the multidirectional | plies.
REF001_DTU10MW	41	False	1	mass	Mass density ρ 110 kg/m3	Poisson’s ratio ν23 tangential-axial 0.013 − | Mass density ρ 110 kg/m3 | (a) Computed assuming trans. isotropy: G
REF001_DTU10MW	41	True	3		Table 4.5.: Mechanical properties of balsa wood [24] [25]. The indices 1, 2 and 3 refer the	Table 4.5.: Mechanical properties of balsa wood [24] [25]. The indices 1, 2 and 3 refer the | the blade’s longitudinal, transverse and out-of-plane direction, respectively.
REF001_DTU10MW	42	True	3		Table 4.6.: Characteristic values of the longitudinal tensile and compressive strain to fail-	Table 4.6.: Characteristic values of the longitudinal tensile and compressive strain to fail- | ure of the multidirectional plies (5% fractile values with a confidence level of
REF001_DTU10MW	42	True	3		Table 4.6 are assumed to be characteristic values. That is, they are assumed to be 5%	pressive strain to failure were assumed for the multidirectional plies. The values given in | Table 4.6 are assumed to be characteristic values. That is, they are assumed to be 5% | fractile values with a confidence level of 95%.
REF001_DTU10MW	42	True	3		Figure 4.4 is a cubic spline defined in Table A.6 in Appendix A. The authors are aware	cap width varies along the length of the blade, as shown in Figure 4.4. The curve in | Figure 4.4 is a cubic spline defined in Table A.6 in Appendix A. The authors are aware | that a constant cap width would be beneficial from a manufacturing perspective.
REF001_DTU10MW	43	True	3		Figure 4.1.: For composite layup definition the blade was partitioned into 11 regions cir-	Figure 4.1.: For composite layup definition the blade was partitioned into 11 regions cir- | cumferentially.
REF001_DTU10MW	43	True	3		Figure 4.2.: For composite layup definition the blade was partitioned into 11 regions cir-	Figure 4.2.: For composite layup definition the blade was partitioned into 11 regions cir- | cumferentially and 100 regions radially.
REF001_DTU10MW	44	True	3		Figure 4.3.: Internal geometry and regions for layup definition.	Figure 4.3.: Internal geometry and regions for layup definition.
REF001_DTU10MW	44	True	3		Figure 4.4.: Cap width a along radial position r.	Figure 4.4.: Cap width a along radial position r.
REF001_DTU10MW	45	True	3		Figure 4.5.: Distance b between the pitch axis (PA) and the cap center (CC) along radial	Figure 4.5.: Distance b between the pitch axis (PA) and the cap center (CC) along radial | position r.
REF001_DTU10MW	45	True	3		Table 4.7.: Regions with identical layup definition.	Table 4.7.: Regions with identical layup definition.
REF001_DTU10MW	45	True	3		Figure 4.3 represent the outer surface of the airfoil and the mid-surface of the three shear	extends from 97 % to 100 % of the chord length, as shown in Figure 4.3. The blue lines in | Figure 4.3 represent the outer surface of the airfoil and the mid-surface of the three shear | webs.
REF001_DTU10MW	46	True	3		Figure 4.6.: Composite layup of the regions: Caps, leading panels, nose, trailing panels,	Figure 4.6.: Composite layup of the regions: Caps, leading panels, nose, trailing panels, | tail A and web A.
REF001_DTU10MW	47	True	3		Table 4.8.: Example layup definition table for one circumferential region.	Table 4.8.: Example layup definition table for one circumferential region.
REF001_DTU10MW	47	False	1	mass	4.1.3. Cross Section Stiffness and Mass Properties	4.1.3. Cross Section Stiffness and Mass Properties
REF001_DTU10MW	47	False	1	mass	The cross section stiffness and mass properties of the blade were computed using BECAS,	The cross section stiffness and mass properties of the blade were computed using BECAS, | the BEam Cross section Analysis Software. BECAS determines cross section stiffness
REF001_DTU10MW	47	False	1	mass	and mass properties using a finite element based approach. It handles arbitrary cross	the BEam Cross section Analysis Software. BECAS determines cross section stiffness | and mass properties using a finite element based approach. It handles arbitrary cross | section geometries, any number of arbitrarily oriented anisotropic materials, and correctly
REF001_DTU10MW	47	False	1	mass	mesh together with the elastic center, shear center, mass center and elastic axes orientation	procedure (BECAS element type: Q8). Figure 4.7 shows an example 2D finite element | mesh together with the elastic center, shear center, mass center and elastic axes orientation | computed by BECAS.
REF001_DTU10MW	47	False	1	mass	Tables 4.9 and 4.10 list the cross section stiffness and mass properties obtained, which	Tables 4.9 and 4.10 list the cross section stiffness and mass properties obtained, which | served as input to the aero-elastic analysis in Chapter 6. The structural twist angle is the
REF001_DTU10MW	47	True	3		Figure 4.8 shows how the different materials (multiaxial plies) contribute to the blade	Figure 4.8 shows how the different materials (multiaxial plies) contribute to the blade | mass.
REF001_DTU10MW	48	True	3		Figure 4.7.: BECAS input: Example 2D finite element mesh together with the elastic	Figure 4.7.: BECAS input: Example 2D finite element mesh together with the elastic | center, shear center, mass center and elastic axes orientation computed by
REF001_DTU10MW	48	False	1	mass	center, shear center, mass center and elastic axes orientation computed by	Figure 4.7.: BECAS input: Example 2D finite element mesh together with the elastic | center, shear center, mass center and elastic axes orientation computed by | BECAS.
REF001_DTU10MW	48	False	1	mass	mass per length [kg/m]	1200 | mass per length [kg/m]
REF001_DTU10MW	48	True	4	mass	Figure 4.8.: Blade mass: Contribution of the different materials.	Figure 4.8.: Blade mass: Contribution of the different materials.
REF001_DTU10MW	50	True	3		Table 4.9.: Reference blade cross section stiffness properties.	Table 4.9.: Reference blade cross section stiffness properties.
REF001_DTU10MW	51	False	1	mass	Radius Mass Flapwise Edgewise Mass Mass Elastic Elastic Shear Shear	Radius Mass Flapwise Edgewise Mass Mass Elastic Elastic Shear Shear | per Rad. of Rad. of Center Center Center Center Center Center
REF001_DTU10MW	51	True	4	mass	Table 4.10.: Reference blade cross section mass properties and centers.	Table 4.10.: Reference blade cross section mass properties and centers.
REF001_DTU10MW	52	True	4	mass	Figure 4.9.: Elastic center, shear center, mass center and elastic axes orientation at	Figure 4.9.: Elastic center, shear center, mass center and elastic axes orientation at | r = 2.8 m, 20.498 m, 37.778 m, 55.051 m, 72.324 m, 88.713 m.
REF001_DTU10MW	53	True	3		Figure 4.10.: Example 2D cross section mesh with longitudinal strain (background) and	Figure 4.10.: Example 2D cross section mesh with longitudinal strain (background) and | warping displacements (foreground) as computed by BECAS.
REF001_DTU10MW	53	False	1	mass	stiffness and mass properties.) Longitudinal strains were evaluated at the element centers	purpose [29, 30]. (In Section 4.1.3 the same software was used to compute cross section | stiffness and mass properties.) Longitudinal strains were evaluated at the element centers | and compared to allowable values on an element-by-element basis. As a consequence, for
REF001_DTU10MW	54	True	3		Table 4.11.: Reduction factors for the material safety factor according to [31].	Table 4.11.: Reduction factors for the material safety factor according to [31].
REF001_DTU10MW	54	True	3		Table 4.12.: Design values of the longitudinal tensile and compressive strain to failure of	Table 4.12.: Design values of the longitudinal tensile and compressive strain to failure of | the multidirectional plies.
REF001_DTU10MW	54	True	3		Table 4.12 shows the design values of the longitudinal strain to failure of the multidirec-	Table 4.12 shows the design values of the longitudinal strain to failure of the multidirec- | tional plies, which is the characteristic values (see Table 4.6) divided by partial safety
REF001_DTU10MW	55	True	3		Figure 4.11.: Strength: Minimum value of the left hand side of Equation (4.19) found at	Figure 4.11.: Strength: Minimum value of the left hand side of Equation (4.19) found at | each section.
REF001_DTU10MW	55	True	3		Figure 4.11 shows the minimum value of the left hand side of Equation (4.19) found at	Figure 4.11 shows the minimum value of the left hand side of Equation (4.19) found at | each section. The minima occur mainly due to negative flapwise bending moments causing
REF001_DTU10MW	56	True	3		Figure 4.12.: Example buckling model with the cross section investigated highlighted (left)	Figure 4.12.: Example buckling model with the cross section investigated highlighted (left) | and first eigenmode (right).
REF001_DTU10MW	56	True	3		Table 4.13.: Reduction factors for the material safety factor according to [31].	Table 4.13.: Reduction factors for the material safety factor according to [31].
REF001_DTU10MW	57	True	3		Figure 4.13.: Buckling: Minimum value of the left hand side of Equation (4.24) found at	Figure 4.13.: Buckling: Minimum value of the left hand side of Equation (4.24) found at | each section.
REF001_DTU10MW	57	False	1	mass	Mass density ρ (a) 7855(8500) kg/m3	Poisson’s ratio ν 0.3 − | Mass density ρ (a) 7855(8500) kg/m3 | Minimum yield strength σy 355 MPa
REF001_DTU10MW	57	False	1	mass	(a) The mass density was taken as 8500 kg/m3 in or-	Minimum yield strength σy 355 MPa | (a) The mass density was taken as 8500 kg/m3 in or-
REF001_DTU10MW	57	False	1	mass	der to account for the mass of secondary structures.	der to account for the mass of secondary structures. | Table 4.14.: Mechanical properties of steel S355.
REF001_DTU10MW	57	True	3		Table 4.14.: Mechanical properties of steel S355.	der to account for the mass of secondary structures. | Table 4.14.: Mechanical properties of steel S355.
REF001_DTU10MW	57	True	3		Figure 4.13 shows the minimum value of the left hand side of Equation (4.24) found at	Figure 4.13 shows the minimum value of the left hand side of Equation (4.24) found at | each section. The minima occur mainly due to negative flapwise bending moments causing
REF001_DTU10MW	57	True	3		Figure 4.14 shows some typical buckling modes. It can be observed that the various sub-	Figure 4.14 shows some typical buckling modes. It can be observed that the various sub- | structures of the blade interact when the blade buckles. For example, from the first two
REF001_DTU10MW	57	False	1	mass	Material parameters are given in Table 4.14. For the calculation of the cross section mass	The tower is made from steel S355, as defined in the European standard DIN EN 10025-2. | Material parameters are given in Table 4.14. For the calculation of the cross section mass | properties the mass density was increased by approximately 8 % (ρ = 8500 kg/m3 ) in order
REF001_DTU10MW	57	False	1	mass	properties the mass density was increased by approximately 8 % (ρ = 8500 kg/m3 ) in order	Material parameters are given in Table 4.14. For the calculation of the cross section mass | properties the mass density was increased by approximately 8 % (ρ = 8500 kg/m3 ) in order | to account for the mass of secondary structures.
REF001_DTU10MW	57	False	1	mass	to account for the mass of secondary structures.	properties the mass density was increased by approximately 8 % (ρ = 8500 kg/m3 ) in order | to account for the mass of secondary structures.
REF001_DTU10MW	58	True	3		Figure 4.14.: Typical buckling modes. From left to right, top to bottom: Buckling of the	Figure 4.14.: Typical buckling modes. From left to right, top to bottom: Buckling of the | pressure side cap, buckling of the suction side cap, buckling of the trailing
REF001_DTU10MW	59	True	3		Table 4.15.: Wall thickness distribution of the tower.	Table 4.15.: Wall thickness distribution of the tower.
REF001_DTU10MW	59	False	1	mass	4.2.3. Cross Section Stiffness and Mass Properties	4.2.3. Cross Section Stiffness and Mass Properties
REF001_DTU10MW	59	False	1	mass	The cross section stiffness and mass properties of the tower were derived using the following	The cross section stiffness and mass properties of the tower were derived using the following | simple text book formulas:
REF001_DTU10MW	59	False	1	mass	The mass per length m is:	where D is the outer diameter and d is the inner diameter. | The mass per length m is: | m = Aρ , (4.26)
REF001_DTU10MW	59	False	1	mass	where ρ is the mass density.	m = Aρ , (4.26) | where ρ is the mass density.
REF001_DTU10MW	60	False	1	mass	height cross mass radius second torsional	height cross mass radius second torsional | section per of moment of stiffness
REF001_DTU10MW	60	True	4	mass	Table 4.16.: Cross section stiffness and mass properties of the tower.	Table 4.16.: Cross section stiffness and mass properties of the tower.
REF001_DTU10MW	60	True	4	mass	Table 4.16 list the stiffness and mass properties of the tower. The total mass is 628 442 kg.	Table 4.16 list the stiffness and mass properties of the tower. The total mass is 628 442 kg.
REF001_DTU10MW	61	True	3		Figure 4.15.: Tower finite element model and loads.	Figure 4.15.: Tower finite element model and loads.
REF001_DTU10MW	61	False	1	mass	• A concentrated force corresponding to the tower top mass of 674 002 kg.	• A concentrated force corresponding to the tower top mass of 674 002 kg.
REF001_DTU10MW	61	True	3		Figure 4.15 shows the finite element model and the loads applied. The model is encastred	Figure 4.15 shows the finite element model and the loads applied. The model is encastred | at the bottom (h = 0 m).
REF001_DTU10MW	61	True	3		Figure 4.17).	small element size (high number of elements) is dictated by the buckling wave length (see | Figure 4.17).
REF001_DTU10MW	62	True	3		Figure 4.16.: Tower von Mises stress.	Figure 4.16.: Tower von Mises stress.
REF001_DTU10MW	62	True	3		Figure 4.17.: Tower buckling mode.	Figure 4.17.: Tower buckling mode.
REF001_DTU10MW	62	True	3		Figure 4.16 shows the left hand side of Equation 4.30. The design is safe as all values are	factor for the loads. | Figure 4.16 shows the left hand side of Equation 4.30. The design is safe as all values are | larger than 1.
REF001_DTU10MW	62	False	1	mass	The tower mass and tower top mass were applied to the model as “dead loads” and	See Section 4.1.5 for further details about the analysis procedure. | The tower mass and tower top mass were applied to the model as “dead loads” and | buckling was analyzed with respect to a change in the thrust force, see Section 4.2.4.
REF001_DTU10MW	63	False	1	mass	the controller where the desired properties for a simplified mass-spring-damper formulation	Using a method documented in [33], HAWCStab2 is used to derive tuning parameters for | the controller where the desired properties for a simplified mass-spring-damper formulation | of the closed-loop system: For the partial load controller is a natural frequency of 0.05 Hz
REF001_DTU10MW	63	False	1	rated power	constant 1 10000.0 ; Rated power [kW]	; Overall parameters | constant 1 10000.0 ; Rated power [kW] | constant 2 0.628 ; Minimum rotor speed [rad/s]
REF001_DTU10MW	65	False	2	mass;inertia	As mentioned in Chapter 2 the mass and inertia of the hub and nacelle has been reduced	top to the shaft is 2.75 m. | As mentioned in Chapter 2 the mass and inertia of the hub and nacelle has been reduced | relative to an upscaled version of the NREL 5MW reference turbine [1] to give a presumed
REF001_DTU10MW	65	False	1	mass	more realistic value. This is done by scaling the total mass of the nacelle and hub of	relative to an upscaled version of the NREL 5MW reference turbine [1] to give a presumed | more realistic value. This is done by scaling the total mass of the nacelle and hub of | the Vestas V-164 8MW turbine by substituting f s in equation 2.1 by sf = 178.2/164
REF001_DTU10MW	65	False	1	rotor diameter	corresponding to the difference in rotor diameter. The distribution of nacelle and hub	the Vestas V-164 8MW turbine by substituting f s in equation 2.1 by sf = 178.2/164 | corresponding to the difference in rotor diameter. The distribution of nacelle and hub | mass of the total hub and nacelle mass are kept at the same ratios as in the NREL
REF001_DTU10MW	65	False	1	mass	mass of the total hub and nacelle mass are kept at the same ratios as in the NREL	corresponding to the difference in rotor diameter. The distribution of nacelle and hub | mass of the total hub and nacelle mass are kept at the same ratios as in the NREL | 5MW reference turbine. The inertias are scaled to the same levels as an equal weighing
REF001_DTU10MW	65	False	1	inertia	5MW reference turbine. The inertias are scaled to the same levels as an equal weighing	mass of the total hub and nacelle mass are kept at the same ratios as in the NREL | 5MW reference turbine. The inertias are scaled to the same levels as an equal weighing
REF001_DTU10MW	66	True	3		Table 6.1.: Nacelle and hub Properties	Table 6.1.: Nacelle and hub Properties | Elevation of Yaw Bearing above Ground 119 m
REF001_DTU10MW	66	False	1	mass	Hub Mass 105,520 kg	Distance along Shaft from Hub Center to Main Bearing 2.7 | Hub Mass 105,520 kg | Hub Inertia about Low-Speed Shaft 325,671 kgm2
REF001_DTU10MW	66	False	1	inertia	Hub Inertia about Low-Speed Shaft 325,671 kgm2	Hub Mass 105,520 kg | Hub Inertia about Low-Speed Shaft 325,671 kgm2 | Nacelle Mass 446,036 kg
REF001_DTU10MW	66	False	1	mass	Nacelle Mass 446,036 kg	Hub Inertia about Low-Speed Shaft 325,671 kgm2 | Nacelle Mass 446,036 kg | Nacelle Inertia about Yaw Axis 7,326,346 kgm2
REF001_DTU10MW	66	False	1	inertia	Nacelle Inertia about Yaw Axis 7,326,346 kgm2	Nacelle Mass 446,036 kg | Nacelle Inertia about Yaw Axis 7,326,346 kgm2 | Nacelle CM Location Downwind of Yaw Axis 2.687 m
REF001_DTU10MW	66	False	1	mass	component of the scaled NREL 5MW reference turbine [1]. This gives a hub mass of	component of the scaled NREL 5MW reference turbine [1]. This gives a hub mass of | 105,520 kg and a hub inertia of 325,671 kgm2 with center of mass (CM) located in the
REF001_DTU10MW	66	False	2	mass;inertia	105,520 kg and a hub inertia of 325,671 kgm2 with center of mass (CM) located in the	component of the scaled NREL 5MW reference turbine [1]. This gives a hub mass of | 105,520 kg and a hub inertia of 325,671 kgm2 with center of mass (CM) located in the | center of the hub. The nacelle mass is 446,036 kg with CM located 2.687 m downwind of
REF001_DTU10MW	66	False	1	mass	center of the hub. The nacelle mass is 446,036 kg with CM located 2.687 m downwind of	105,520 kg and a hub inertia of 325,671 kgm2 with center of mass (CM) located in the | center of the hub. The nacelle mass is 446,036 kg with CM located 2.687 m downwind of | the yaw axis and 2.45 m above the yaw bearing. The nacelle inertia about the yaw axis is
REF001_DTU10MW	66	False	1	inertia	the yaw axis and 2.45 m above the yaw bearing. The nacelle inertia about the yaw axis is	center of the hub. The nacelle mass is 446,036 kg with CM located 2.687 m downwind of | the yaw axis and 2.45 m above the yaw bearing. The nacelle inertia about the yaw axis is | 7,326,346 kgm2 . The nacelle and hub properties are summarized in Table 6.1.
REF001_DTU10MW	66	False	1	inertia	is taken to be 94%. The generator inertia about the medium-speed shaft is 1500.5 kgm2 .	a double-stage gearbox with no frictional losses. The electrical efficiency of the generator | is taken to be 94%. The generator inertia about the medium-speed shaft is 1500.5 kgm2 . | The driveshaft was designed to have a natural frequency of 1.8 Hz and a structural-
REF001_DTU10MW	66	True	3		Table 6.2.: Natural frequency for the shaft torsion mode	Table 6.2.: Natural frequency for the shaft torsion mode | Shaft torsion mode Nat. freq. [Hz] Logarithmic Damping[%] Critical Damping[%]
REF001_DTU10MW	67	True	3		Table 6.3.: Drivetrain Properties	Table 6.3.: Drivetrain Properties | Rated Rotor Speed 9.6 rpm
REF001_DTU10MW	67	False	1	inertia	Generator Inertia about High-Speed Shaft 1500.5 kgm2	Electrical Generator Efficiency 94 | Generator Inertia about High-Speed Shaft 1500.5 kgm2 | Equivalent Drive-Shaft Torsional-Spring Constant 2,317,025,352 Nm/rad
REF001_DTU10MW	67	False	1	mass	tower mass is 628,442 kg with CM located at 47.6 m along the tower centreline above the	The tower properties are summarized in Table 4.15. The resulting overall (integrated) | tower mass is 628,442 kg with CM located at 47.6 m along the tower centreline above the | ground. The structural damping ratio is specified to be 1% critical in all modes of the
REF001_DTU10MW	67	False	1	mass	isolated tower (without the rotor-nacelle assembly mass present).	ground. The structural damping ratio is specified to be 1% critical in all modes of the | isolated tower (without the rotor-nacelle assembly mass present).
REF001_DTU10MW	68	True	3		Table 6.4.: Natural frequency for the isolated blade	Table 6.4.: Natural frequency for the isolated blade | Mode Natural frequency[Hz] Logarithmic Damping[%]
REF001_DTU10MW	68	True	3		Table 6.5.	frequencies and damping values for different modes of the whole turbine are addressed in | Table 6.5.
REF001_DTU10MW	68	True	3		Figure 6.1 presents wind steps (red line), pitch angles (black line), and generator power	A simple wind step condition was investigated in order to verify the controller performance. | Figure 6.1 presents wind steps (red line), pitch angles (black line), and generator power | (blue line), respectively. It can be seen that the controller performs very well. In the
REF001_DTU10MW	69	True	3		Table 6.5.: Natural frequency of the whole turbine	Table 6.5.: Natural frequency of the whole turbine | Mode Natural frequency[Hz] Logarithmic Damping[%]
REF001_DTU10MW	69	True	3		Figure 6.1.: A wind step case, red line: wind speed, black line: pitch angle, and blue line:	Figure 6.1.: A wind step case, red line: wind speed, black line: pitch angle, and blue line: | generator power.
REF001_DTU10MW	70	True	3		"Figure 6.2.: Statistic analysis for DLC1.1: ”$”: 0 deg. yaw, ”%”: 10 deg. yaw, ”""”:"	"Figure 6.2.: Statistic analysis for DLC1.1: ”$”: 0 deg. yaw, ”%”: 10 deg. yaw, ”""”: | -10 deg. yaw, blue: the maximum value, red: the mean value, and black: the"
REF001_DTU10MW	71	True	3		Table 6.6.: The maximum and the minimum tower top thrust and the simultaneous tower	Table 6.6.: The maximum and the minimum tower top thrust and the simultaneous tower | top bending moment for the design load case 1.3.
REF001_DTU10MW	72	True	3		Table 6.7.: The tower clearance.	Table 6.7.: The tower clearance. | Design Load Case Blade tip deflection in Margin [m(%)]
REF001_DTU10MW	72	True	3		Figure 6.3.: Tower bottom bending moments	Figure 6.3.: Tower bottom bending moments
REF001_DTU10MW	73	True	3		Figure 6.4.: Tower top (yaw bearing) bending moments	Figure 6.4.: Tower top (yaw bearing) bending moments
REF001_DTU10MW	73	True	3		Figure 6.5.: Blade root bending moments	Figure 6.5.: Blade root bending moments
REF001_DTU10MW	73	True	3		Figure 6.6.: Blade tip deflection measured at hub coordinate system between 175 deg. and	Figure 6.6.: Blade tip deflection measured at hub coordinate system between 175 deg. and | 185 deg. in azimuth (blade is pointing upward at 0 deg. in azimuth).
REF001_DTU10MW	74	True	3		Table 6.8.: The distributed hours during the life time for DLC1.1	Table 6.8.: The distributed hours during the life time for DLC1.1
REF001_DTU10MW	74	True	3		Figure 6.7 - 6.9 show the life time fatigue loads for the tower bottom bending moments	Figure 6.7 - 6.9 show the life time fatigue loads for the tower bottom bending moments | (m = 3), the shaft bending moments (m = 3), and the blade root bending moments
REF001_DTU10MW	75	True	3		Figure 6.7.: Life time equivalent fatigue loads for the tower bottom bending moment: blue:	Figure 6.7.: Life time equivalent fatigue loads for the tower bottom bending moment: blue: | tower bottom fore-aft bending moment, red: tower bottom side-side bending
REF001_DTU10MW	75	True	3		Figure 6.8.: Life time equivalent fatigue loads for the shaft bending moment: blue: shaft	Figure 6.8.: Life time equivalent fatigue loads for the shaft bending moment: blue: shaft | tilt bending moment, red: shaft yaw bending moment.
REF001_DTU10MW	76	True	3		Figure 6.9.: Life time equivalent fatigue loads for the blade root bending moment: blue:	Figure 6.9.: Life time equivalent fatigue loads for the blade root bending moment: blue: | blade root flapwise bending moment, red: blade root edgewise bending mo-
REF001_DTU10MW	77	True	3		Figure 6.10.: A sketch of tower clearance.	Figure 6.10.: A sketch of tower clearance.
REF001_DTU10MW	78	True	3		Figure 6.11.: Blade root edgewise bending moments when wind comes from ±30 deg..	Figure 6.11.: Blade root edgewise bending moments when wind comes from ±30 deg..
REF001_DTU10MW	80	True	3		Figure 6.12.: Blade root edgewise bending moments when wind comes from ±30 deg. with	Figure 6.12.: Blade root edgewise bending moments when wind comes from ±30 deg. with | using the different pitch setup.
REF001_DTU10MW	81	True	3		Figure 6.13.: An edgewise vibration from an extreme turbulence wind condition.	Figure 6.13.: An edgewise vibration from an extreme turbulence wind condition.
REF001_DTU10MW	82	False	1	mass	rotor mass is being accelerated in the process, which requires slightly positive aerodynamic	speeds at increasing wind speed are not identical to terminal rotor speeds, because the | rotor mass is being accelerated in the process, which requires slightly positive aerodynamic | torque. A combination of large AOA variations and flapwise blade vibrations usually
REF001_DTU10MW	83	True	3		Figure 6.14.: Time series from run-away HAWC2 simulation. The initial speed is 4.5 m/s.	Figure 6.14.: Time series from run-away HAWC2 simulation. The initial speed is 4.5 m/s. | The dominating edgewise vibration indicate a non-flutter like mode.
REF001_DTU10MW	85	False	1	DTU 10 MW	wind turbine is called ”DTU 10 MW Reference Wind Turbine” or in short ”DTU 10MW	was consistent both for low fidelity models and for high fidelity models. The 10 MW | wind turbine is called ”DTU 10 MW Reference Wind Turbine” or in short ”DTU 10MW | RWT”.
REF001_DTU10MW	85	False	1	DTU 10 MW	The DTU 10 MW RWT is a wind turbine that is designed rather light weight and is	turbulent flow. | The DTU 10 MW RWT is a wind turbine that is designed rather light weight and is | an attempt to design a wind turbine that is on the limit of maximum stress and strain
REF001_DTU10MW	85	False	1	rated power	traditional layout such as the specific power, which is the ratio between the rated power	values. However, it is designed using traditional techniques and design methods and also | traditional layout such as the specific power, which is the ratio between the rated power | and the swept rotor area. It is the hope that this rotor and the entire wind turbine can
REF001_DTU10MW	102	False	1	DTU 10 MW	Figure B.1.: Plots of the DTU 10 MW RWT geometry.	Figure B.1.: Plots of the DTU 10 MW RWT geometry.
REF080_ERA5	1	False	1	ERA5	ERA5: The new champion of wind power modelling?	ERA5: The new champion of wind power modelling? | Jon Olauson a, b, *
REF080_ERA5	1	False	1	ERA5	Received 27 September 2017 wind power. Recently, the ﬁrst batch of the new ERA5 reanalysis was released. The main purpose of this	Article history: Output from meteorological reanalyses are used extensively in both academia and industry for modelling | Received 27 September 2017 wind power. Recently, the ﬁrst batch of the new ERA5 reanalysis was released. The main purpose of this | Received in revised form paper is to compare the performance of ERA5 and MERRA-2 (a commonly used reanalysis today) in terms
REF080_ERA5	1	False	2	ERA5;MERRA	Received in revised form paper is to compare the performance of ERA5 and MERRA-2 (a commonly used reanalysis today) in terms	Received 27 September 2017 wind power. Recently, the ﬁrst batch of the new ERA5 reanalysis was released. The main purpose of this | Received in revised form paper is to compare the performance of ERA5 and MERRA-2 (a commonly used reanalysis today) in terms | 28 February 2018
REF080_ERA5	1	False	3	ERA5;MERRA;correlation	ments. In conclusion, ERA5 performs better than MERRA-2 in all analysed aspects; correlations are	individual wind turbines in Sweden. The modelled wind power generation was compared to measure- | ments. In conclusion, ERA5 performs better than MERRA-2 in all analysed aspects; correlations are | higher, mean absolute and root mean square errors are in average around 20% lower and distributions of
REF080_ERA5	1	False	1	MERRA	MERRA-2 that the uncertainty related to long-term correction (using one year of measurements and reanalysis data	both hourly data and changes in hourly data are more similar to those for measurements. It is also shown | MERRA-2 that the uncertainty related to long-term correction (using one year of measurements and reanalysis data | Wind power modelling to predict the energy production during the remaining 1e5 years) is 20% lower for ERA5. In fact, using
REF080_ERA5	1	False	1	ERA5	Wind power modelling to predict the energy production during the remaining 1e5 years) is 20% lower for ERA5. In fact, using	MERRA-2 that the uncertainty related to long-term correction (using one year of measurements and reanalysis data | Wind power modelling to predict the energy production during the remaining 1e5 years) is 20% lower for ERA5. In fact, using | Long-term correction one year sample data and ERA5 gives slightly more accurate estimates than using two years of sample
REF080_ERA5	1	False	1	ERA5	Long-term correction one year sample data and ERA5 gives slightly more accurate estimates than using two years of sample	Wind power modelling to predict the energy production during the remaining 1e5 years) is 20% lower for ERA5. In fact, using | Long-term correction one year sample data and ERA5 gives slightly more accurate estimates than using two years of sample | Reanalyses data and MERRA-2. Additionally, a new metric for quantifying the system size and dispersion of wind
REF080_ERA5	1	False	1	MERRA	Reanalyses data and MERRA-2. Additionally, a new metric for quantifying the system size and dispersion of wind	Long-term correction one year sample data and ERA5 gives slightly more accurate estimates than using two years of sample | Reanalyses data and MERRA-2. Additionally, a new metric for quantifying the system size and dispersion of wind | farms is proposed.
REF080_ERA5	1	False	1	MERRA	1. Introduction that MERRA gives good results in terms of country-wise wind po-	1. Introduction that MERRA gives good results in terms of country-wise wind po- | wer generation (relatively low errors when comparing to
REF080_ERA5	1	False	1	ERA5	changing data assimilation system is used to provide a consistent During 2017e2018, a new reanalysis named ERA5 [15] will be	Quoting Ref. [1], “reanalysis is the process whereby an un- measurements). | changing data assimilation system is used to provide a consistent During 2017e2018, a new reanalysis named ERA5 [15] will be | reprocessing of meteorological observations, typically spanning an released. Contrary to its predecessor ERA-Interim [16], ERA5 has
REF080_ERA5	1	False	1	ERA5	reprocessing of meteorological observations, typically spanning an released. Contrary to its predecessor ERA-Interim [16], ERA5 has	changing data assimilation system is used to provide a consistent During 2017e2018, a new reanalysis named ERA5 [15] will be | reprocessing of meteorological observations, typically spanning an released. Contrary to its predecessor ERA-Interim [16], ERA5 has | extended segment of the historical data record”. The products from hourly resolution and wind speed data is freely available at 100 m
REF080_ERA5	1	False	1	wind speed	extended segment of the historical data record”. The products from hourly resolution and wind speed data is freely available at 100 m	reprocessing of meteorological observations, typically spanning an released. Contrary to its predecessor ERA-Interim [16], ERA5 has | extended segment of the historical data record”. The products from hourly resolution and wind speed data is freely available at 100 m | a reanalysis include many variables such as wind speeds, temper- height, i.e. relevant for modern wind turbines (WTs). The horizontal
REF080_ERA5	1	False	1	wind speed	a reanalysis include many variables such as wind speeds, temper- height, i.e. relevant for modern wind turbines (WTs). The horizontal	extended segment of the historical data record”. The products from hourly resolution and wind speed data is freely available at 100 m | a reanalysis include many variables such as wind speeds, temper- height, i.e. relevant for modern wind turbines (WTs). The horizontal | ature and atmospheric pressure and are used extensively for resolution is around 31 km, which is better than ERA-Interim and
REF080_ERA5	1	False	1	MERRA	modelling wind power both in academia and industry. Examples of MERRA. The main objective of this paper is to compare the per-	ature and atmospheric pressure and are used extensively for resolution is around 31 km, which is better than ERA-Interim and | modelling wind power both in academia and industry. Examples of MERRA. The main objective of this paper is to compare the per- | applications include generation of long wind power time series for formance of MERRA-2 and ERA5 in terms of modelling wind power,
REF080_ERA5	1	False	2	ERA5;MERRA	applications include generation of long wind power time series for formance of MERRA-2 and ERA5 in terms of modelling wind power,	modelling wind power both in academia and industry. Examples of MERRA. The main objective of this paper is to compare the per- | applications include generation of long wind power time series for formance of MERRA-2 and ERA5 in terms of modelling wind power, | grid integration studies and long-term correction (LTC) of wind both for countries and for individual WTs. For the former, the
REF080_ERA5	1	False	1	MERRA	high-resolved in time and space [2]. During the last years, MERRA than 1000 Swedish units were obtained.	Over the decades, new reanalyses have gradually become more per. For the analysis of individual WTs, hourly time series for more | high-resolved in time and space [2]. During the last years, MERRA than 1000 Swedish units were obtained. | [3] and MERRA-2 [1] (both produced by NASA) have been very The most common approach for modelling country-wise wind
REF080_ERA5	1	False	1	MERRA	[3] and MERRA-2 [1] (both produced by NASA) have been very The most common approach for modelling country-wise wind	high-resolved in time and space [2]. During the last years, MERRA than 1000 Swedish units were obtained. | [3] and MERRA-2 [1] (both produced by NASA) have been very The most common approach for modelling country-wise wind | popular for modelling wind power generation [4e14] due to, e.g., power from reanalyses is to i) generate wind speed time series for
REF080_ERA5	1	False	1	wind speed	popular for modelling wind power generation [4e14] due to, e.g., power from reanalyses is to i) generate wind speed time series for	[3] and MERRA-2 [1] (both produced by NASA) have been very The most common approach for modelling country-wise wind | popular for modelling wind power generation [4e14] due to, e.g., power from reanalyses is to i) generate wind speed time series for | the hourly temporal resolution and adequate height for wind each site, ii) transform wind speed to power via a power curve (PC)
REF080_ERA5	1	False	1	wind speed	the hourly temporal resolution and adequate height for wind each site, ii) transform wind speed to power via a power curve (PC)	popular for modelling wind power generation [4e14] due to, e.g., power from reanalyses is to i) generate wind speed time series for | the hourly temporal resolution and adequate height for wind each site, ii) transform wind speed to power via a power curve (PC) | speeds (50 m). A general conclusion from the studies cited above is and iii) aggregate. Regarding point i), the reanalysis wind speeds
REF080_ERA5	1	False	1	wind speed	speeds (50 m). A general conclusion from the studies cited above is and iii) aggregate. Regarding point i), the reanalysis wind speeds	the hourly temporal resolution and adequate height for wind each site, ii) transform wind speed to power via a power curve (PC) | speeds (50 m). A general conclusion from the studies cited above is and iii) aggregate. Regarding point i), the reanalysis wind speeds | can either be scaled so that a desired mean generation is met [9,10]
REF080_ERA5	1	False	1	wind speed	transforming wind speed to power, some authors [4,9] use one	* Kungliga Tekniska Ho € gskolan, SE-100 44, Stockholm, Sweden. | transforming wind speed to power, some authors [4,9] use one | E-mail address: olauson@gmail.com.
REF080_ERA5	2	False	1	MERRA	generic PC while others [6,12] use farm speciﬁc ditto. It is common (50 m for MERRA-2 and 100 m for ERA-I) and that the colors thus	generic PC while others [6,12] use farm speciﬁc ditto. It is common (50 m for MERRA-2 and 100 m for ERA-I) and that the colors thus | to alter the original PCs, e.g. using smoother “multi-turbine” power represent different ranges of mean wind speeds. Although ERA5
REF080_ERA5	2	False	2	ERA5;wind speed	to alter the original PCs, e.g. using smoother “multi-turbine” power represent different ranges of mean wind speeds. Although ERA5	generic PC while others [6,12] use farm speciﬁc ditto. It is common (50 m for MERRA-2 and 100 m for ERA-I) and that the colors thus | to alter the original PCs, e.g. using smoother “multi-turbine” power represent different ranges of mean wind speeds. Although ERA5 | curves [4,12]. Especially for larger countries, it may be important to gives more correct patterns than MERRA-2 e.g. along the coast, it is
REF080_ERA5	2	False	1	MERRA	curves [4,12]. Especially for larger countries, it may be important to gives more correct patterns than MERRA-2 e.g. along the coast, it is	to alter the original PCs, e.g. using smoother “multi-turbine” power represent different ranges of mean wind speeds. Although ERA5 | curves [4,12]. Especially for larger countries, it may be important to gives more correct patterns than MERRA-2 e.g. along the coast, it is | handle the maximum country-wise output, which can be consid- obvious that none of the reanalyses are capable of resolving the
REF080_ERA5	2	False	1	wind speed	of the outputs at any of steps i-iii) is possible for improving the alyses directly for determining the mean wind speed at a site is	erably lower than the installed capacity [4,10,12]. Post-processing local variations, especially in more complex terrain. Using rean- | of the outputs at any of steps i-iii) is possible for improving the alyses directly for determining the mean wind speed at a site is | results. Examples include correction of seasonal and diurnal biases therefore not recommended.
REF080_ERA5	2	False	1	bias	results. Examples include correction of seasonal and diurnal biases therefore not recommended.	of the outputs at any of steps i-iii) is possible for improving the alyses directly for determining the mean wind speed at a site is | results. Examples include correction of seasonal and diurnal biases therefore not recommended. | [10] and noise addition for a better representation of observed wind
REF080_ERA5	2	False	2	ERA5;MERRA	In this work, the performance of MERRA-2 and ERA5 are For Germany, Denmark and France, data were retrieved from the	In this work, the performance of MERRA-2 and ERA5 are For Germany, Denmark and France, data were retrieved from the | compared. Other freely available reanalyses also exist (e.g. ERA- “Open Power System Data” (OPSD) database (data packages
REF080_ERA5	2	False	1	wind speed	and heights for wind speed data. version 2017-07-09). Primary data are from various sources, for a	Interim and JRA-55), but have lower spatiotemporal resolutions “Renewable power plants” version 2017-07-03 and “Time series” | and heights for wind speed data. version 2017-07-09). Primary data are from various sources, for a | The ﬁrst version of MERRA, the “Modern-Era Retrospective complete list see Ref. [19]. Since coordinates for German offshore
REF080_ERA5	2	False	1	MERRA	The ﬁrst version of MERRA, the “Modern-Era Retrospective complete list see Ref. [19]. Since coordinates for German offshore	and heights for wind speed data. version 2017-07-09). Primary data are from various sources, for a | The ﬁrst version of MERRA, the “Modern-Era Retrospective complete list see Ref. [19]. Since coordinates for German offshore | Analysis for Research and Applications”, was released in 2009. In farms were lacking or seemed suspicious, these were instead ob-
REF080_ERA5	2	False	1	MERRA	early 2016 the production stopped and was replaced by MERRA-2 tained from wikipedia.org. The latter source was also used for	Analysis for Research and Applications”, was released in 2009. In farms were lacking or seemed suspicious, these were instead ob- | early 2016 the production stopped and was replaced by MERRA-2 tained from wikipedia.org. The latter source was also used for | which is now updated in “near real-time”, i.e. data is available country-wise installed capacities (linear interpolation of end-of-
REF080_ERA5	2	False	1	ERA5	The ﬁrst batch of the ERA5 dataset, produced by the European from Ref. [20]. Coordinates for BPA farms were obtained from on-	power, these two reanalyses perform similarly [12]. time series and farm metadata except coordinates were retrieved | The ﬁrst batch of the ERA5 dataset, produced by the European from Ref. [20]. Coordinates for BPA farms were obtained from on- | Centre for Medium-Range Weather Forecasts (ECMWF), was line sources; thewindpower.net, wikipedia.org and farm de-
REF080_ERA5	2	False	1	ERA5	quently, ERA5 will span 1950 to near real-time. Some important ﬁve-minute resolution, so the data were averaged into hourly	released in July 2017 and covers the period 2010e2016. Subse- velopers' web pages. The BPA generation time series is given with | quently, ERA5 will span 1950 to near real-time. Some important ﬁve-minute resolution, so the data were averaged into hourly | properties of MERRA-2 and ERA5 are shown in Table 1. For com- blocks.
REF080_ERA5	2	False	2	ERA5;MERRA	properties of MERRA-2 and ERA5 are shown in Table 1. For com- blocks.	quently, ERA5 will span 1950 to near real-time. Some important ﬁve-minute resolution, so the data were averaged into hourly | properties of MERRA-2 and ERA5 are shown in Table 1. For com- blocks. | parison, data for ERA-Interim, the predecessor of ERA5, are also Generation measurements for individual Swedish WTs were
REF080_ERA5	2	False	1	ERA5	parison, data for ERA-Interim, the predecessor of ERA5, are also Generation measurements for individual Swedish WTs were	properties of MERRA-2 and ERA5 are shown in Table 1. For com- blocks. | parison, data for ERA-Interim, the predecessor of ERA5, are also Generation measurements for individual Swedish WTs were | given. ECMWF reanalyses are produced on reduced Gaussian grids, obtained from the Cesar database. This dataset can be retrieved by
REF080_ERA5	2	False	2	ERA5;MERRA	The spatial resolutions of ERA5 and MERRA-2 are illustrated In total, 1e6 year long time series for 1051 WTs remained to be	implies an interpolation of the data. measurements taken for farms in aggregation were also excluded. | The spatial resolutions of ERA5 and MERRA-2 are illustrated In total, 1e6 year long time series for 1051 WTs remained to be | qualitatively in Fig. 1. For comparison, mean wind speeds from the analysed.
REF080_ERA5	2	False	1	wind speed	qualitatively in Fig. 1. For comparison, mean wind speeds from the analysed.	The spatial resolutions of ERA5 and MERRA-2 are illustrated In total, 1e6 year long time series for 1051 WTs remained to be | qualitatively in Fig. 1. For comparison, mean wind speeds from the analysed. | meso-scale model MIUU [18] (spatial resolution 0.5 km) are also For Sweden, generation time series for individual WTs but no
REF080_ERA5	2	False	1	correlation	from the reanalyses grid points with the highest correlation be-	shown. Note that data from the native model heights are shown coordinates were available. The latter were therefore estimated | from the reanalyses grid points with the highest correlation be- | tween modelled and measured generation. Since choosing the best
REF080_ERA5	2	True	3		Table 1	tween modelled and measured generation. Since choosing the best | Table 1 | ﬁtting data could potentially give overly optimistic results, a test
REF080_ERA5	2	False	2	ERA5;MERRA	Information on the two reanalyses considered in this study (MERRA-2 and ERA5).	ﬁtting data could potentially give overly optimistic results, a test | Information on the two reanalyses considered in this study (MERRA-2 and ERA5). | For comparison, data for ERA-Interim, the predecessor of ERA5, is also shown. The was performed. Relatively exact coordinates for ten randomly
REF080_ERA5	2	False	1	ERA5	For comparison, data for ERA-Interim, the predecessor of ERA5, is also shown. The was performed. Relatively exact coordinates for ten randomly	Information on the two reanalyses considered in this study (MERRA-2 and ERA5). | For comparison, data for ERA-Interim, the predecessor of ERA5, is also shown. The was performed. Relatively exact coordinates for ten randomly | spatial resolutions of the ERA reanalyses are approximate (see Section 2.1). In gen- chosen WTs were found from the developers/owners web pages
REF080_ERA5	2	False	1	wind speed	eral, wind speed data are available at several heights or pressure levels. Only the and reanalyses time series were computed for these sites. The	spatial resolutions of the ERA reanalyses are approximate (see Section 2.1). In gen- chosen WTs were found from the developers/owners web pages | eral, wind speed data are available at several heights or pressure levels. Only the and reanalyses time series were computed for these sites. The | most proper for modelling wind power is given here.
REF080_ERA5	2	False	1	correlation	corresponding correlations to measurements were in principle	most proper for modelling wind power is given here. | corresponding correlations to measurements were in principle | MERRA-2 ERA-Interim ERA5 identical to those obtained from the best ﬁtting time series; the
REF080_ERA5	2	False	2	ERA5;MERRA	MERRA-2 ERA-Interim ERA5 identical to those obtained from the best ﬁtting time series; the	corresponding correlations to measurements were in principle | MERRA-2 ERA-Interim ERA5 identical to those obtained from the best ﬁtting time series; the | Temporal resolution 1h 6h 1h largest difference for a single WT was 0.001 and the average cor-
REF080_ERA5	2	False	1	wind speed	Wind speed height 50 m 10 m 100 m	soon 1950e ﬁtting reanalyses grid points does not skew the results (neither | Wind speed height 50 m 10 m 100 m | positively nor negatively). It can be mentioned that the mean
REF080_ERA5	3	True	6	ERA5;MERRA;wind speed	Fig. 1. Mean wind speeds for ERA5 (at 100 m above ground) and MERRA-2 (50 m). For comparison, mean wind speeds from the meso-scale model MIUU [18] with a spatial	Fig. 1. Mean wind speeds for ERA5 (at 100 m above ground) and MERRA-2 (50 m). For comparison, mean wind speeds from the meso-scale model MIUU [18] with a spatial | resolution of 0.5 km are also shown. No numeric color bars are given since the comparison should only be seen as qualitative (one particular color does not represent the same mean
REF080_ERA5	3	False	1	wind speed	wind speed in the three panels).	resolution of 0.5 km are also shown. No numeric color bars are given since the comparison should only be seen as qualitative (one particular color does not represent the same mean | wind speed in the three panels).
REF080_ERA5	3	False	2	ERA5;MERRA	36 km for MERRA-2 and 15 km for ERA5.	distances between the correct and the estimated locations were 3.1. Modelling hourly generation | 36 km for MERRA-2 and 15 km for ERA5. | Summary statistics of the country-wide measurements are The hourly energy production for each unit (WT or farm) was
REF080_ERA5	3	False	1	wind speed	shown in Table 2. “Capacity 1” and “Capacity 2” give the ﬁrst and modelled from reanalyses wind speeds and subsequently aggre-	Summary statistics of the country-wide measurements are The hourly energy production for each unit (WT or farm) was | shown in Table 2. “Capacity 1” and “Capacity 2” give the ﬁrst and modelled from reanalyses wind speeds and subsequently aggre- | last samples of the capacity time series that were used to normalise gated to country-wise time series. The model was deliberately kept
REF080_ERA5	3	False	1	validation	differ. Note that for France, no commissioning and decom- separate training, validation and test sets were used. No formal	sometimes, as described in the numbered list opening this section, mining parameters) were used for all countries. Because of this, no | differ. Note that for France, no commissioning and decom- separate training, validation and test sets were used. No formal | missioning dates were available (Capacity 2 is constant), so all optimisation procedure was employed for trimming parameter
REF080_ERA5	3	False	1	capacity factor	generation, see Section 3.4. The capacity factor (CF) is the average topography. Based on earlier studies [2,6,17,21], statistical or	wind power variability as well as the difﬁculty of modelling the grid points was employed, thus neglecting the impact from local | generation, see Section 3.4. The capacity factor (CF) is the average topography. Based on earlier studies [2,6,17,21], statistical or | p.u.-generation during the whole period. Note that aggregated
REF080_ERA5	3	True	3		Table 3	series for individual WTs were studied for the whole concurrent | Table 3 | periods of measurements and ERA5 data (between one and six Parameter values used for modelling hourly generation for countries and individual
REF080_ERA5	3	False	1	ERA5	periods of measurements and ERA5 data (between one and six Parameter values used for modelling hourly generation for countries and individual	Table 3 | periods of measurements and ERA5 data (between one and six Parameter values used for modelling hourly generation for countries and individual | years during 2010e2015). wind turbines (WTs). See Section 3.1 for parameter descriptions. No formal opti-
REF080_ERA5	3	True	3		Table 2	Table 2 | Information on country-wise wind power measurements. “Capacity 1” and “Capacity 2” give the ﬁrst and last samples of the capacity time series that were used to normalise
REF080_ERA5	3	False	1	capacity factor	Capacity factor 0.186 0.303 0.215 0.329 0.266	radius, req (km) | Capacity factor 0.186 0.303 0.215 0.329 0.266
REF080_ERA5	4	False	1	correlation	better results in terms of e.g. correlations with measurements. As due to downtime.	dynamical downscaling does, however, not necessarily implies measured generation is zero for an extended period of time, this is | better results in terms of e.g. correlations with measurements. As due to downtime. | described below, the mean wind speed was also not taken directly For each WT, a generation time series was ﬁrst calculated with
REF080_ERA5	4	False	1	wind speed	described below, the mean wind speed was also not taken directly For each WT, a generation time series was ﬁrst calculated with	better results in terms of e.g. correlations with measurements. As due to downtime. | described below, the mean wind speed was also not taken directly For each WT, a generation time series was ﬁrst calculated with | from reanalysis data. the method given in the previous section. For periods with zero
REF080_ERA5	4	False	1	wind speed	wind speed is required in order to give a certain output) but does 3. The corresponding reanalysis mean is at least 0.15 p.u.	mild icing, degraded blades etc. shift the power curve (a higher reanalysis mean is at least 0.05 p.u. | wind speed is required in order to give a certain output) but does 3. The corresponding reanalysis mean is at least 0.15 p.u. | not affect the maximum generation level. Downtime and some
REF080_ERA5	4	False	1	wind speed	timate the diversity of wind speeds; in reality, all farms in a country ﬁve hours was to be lowered to three hours, additional downtime	at least for a country. Furthermore, reanalyses generally underes- negative downtime classiﬁcations. If, for example, the threshold of | timate the diversity of wind speeds; in reality, all farms in a country ﬁve hours was to be lowered to three hours, additional downtime | will never have wind speeds above rated simultaneously and thus events would be correctly captured at the expense of increasing the
REF080_ERA5	4	False	1	wind speed	will never have wind speeds above rated simultaneously and thus events would be correctly captured at the expense of increasing the	timate the diversity of wind speeds; in reality, all farms in a country ﬁve hours was to be lowered to three hours, additional downtime | will never have wind speeds above rated simultaneously and thus events would be correctly captured at the expense of increasing the | the generation in countries like Germany, France and Sweden will number of events falsely classiﬁed as downtime. The chosen pa-
REF080_ERA5	4	False	1	wind speed	suitable for determining the mean wind speed at a particular site. In measured CF. Note that downtime data was only removed for the	As has been showed in Section 2.1, reanalyses are generally not reanalysis generation was performed based on the new (higher) | suitable for determining the mean wind speed at a particular site. In measured CF. Note that downtime data was only removed for the | the present study, hub heights were also not available, i.e. it was not analysis of individual WTs, not for the analysis of aggregated
REF080_ERA5	4	False	1	wind speed	possible to interpolate/extrapolate the wind speeds from different Swedish data.	the present study, hub heights were also not available, i.e. it was not analysis of individual WTs, not for the analysis of aggregated | possible to interpolate/extrapolate the wind speeds from different Swedish data. | reanalysis model heights. The mean wind speeds were therefore
REF080_ERA5	4	False	1	wind speed	reanalysis model heights. The mean wind speeds were therefore	possible to interpolate/extrapolate the wind speeds from different Swedish data. | reanalysis model heights. The mean wind speeds were therefore | determined from the estimated CF of each farm (CFi), which was 3.3. Long-term correction
REF080_ERA5	4	False	1	wind speed	CFi ¼ CFcountry þ b ui  ucountry ; (1) estimate of the long-term wind speed distribution at a site given a	  Long-term correction (LTC) is routinely used for ﬁnding the best | CFi ¼ CFcountry þ b ui  ucountry ; (1) estimate of the long-term wind speed distribution at a site given a | shorter (one or a few years) measurement. A LTC can also be used to
REF080_ERA5	4	False	1	wind speed	ucountry are the mean reanalyses wind speeds for the particular site e.g. to see whether a new farm performs according to plan or to	where CFcountry is the measured CF of the country in question, ui and determine the long-term CF given a shorter generation time series, | ucountry are the mean reanalyses wind speeds for the particular site e.g. to see whether a new farm performs according to plan or to | and the capacity-weighted mean for all sites in the country, analyse the value of a farm that is to be sold. All types of LTC
REF080_ERA5	4	False	1	wind speed	wind speeds inﬂuence the CFs. Note that ui and ucountry were reference time series. A relationship is established between the site	respectively, and b is a parameter determining how much the mean methods require some sort of long, preferably at least ten years, | wind speeds inﬂuence the CFs. Note that ui and ucountry were reference time series. A relationship is established between the site | computed for the reanalyses model heights, i.e. 50 m for MERRA-2 measurement and the reference during the period with concurrent
REF080_ERA5	4	False	1	MERRA	computed for the reanalyses model heights, i.e. 50 m for MERRA-2 measurement and the reference during the period with concurrent	wind speeds inﬂuence the CFs. Note that ui and ucountry were reference time series. A relationship is established between the site | computed for the reanalyses model heights, i.e. 50 m for MERRA-2 measurement and the reference during the period with concurrent | and 100 m for ERA. For Denmark and Germany, separate calcula- data. This relationship is subsequently “fed” with the whole refer-
REF080_ERA5	4	False	1	wind speed	means (the mean wind speeds that corresponds to the desired CFs), In recent years, reanalyses wind speeds have become the de	speed time series were subsequently linearly scaled to the desired mean of the variable of interest. | means (the mean wind speeds that corresponds to the desired CFs), In recent years, reanalyses wind speeds have become the de | i.e. assuming constant wind shears. Although this is obviously not facto standard as reference time series due to their consistency and
REF080_ERA5	4	False	1	wind speed	entirely correct, using time-varying wind shears give little or no long records. Wind speed measurements from meteorological	i.e. assuming constant wind shears. Although this is obviously not facto standard as reference time series due to their consistency and | entirely correct, using time-varying wind shears give little or no long records. Wind speed measurements from meteorological | improvement of the model performance [10]. masts, generally 10 m high, can also be used but often have con-
REF080_ERA5	4	False	1	wind speed	since this gives a somewhat better representation of the output period) and reanalyses wind speeds were used for predicting the	The multi-turbine smoothing parameter was lowered to 0.5 m/s randomly chosen year of measurements (sample data/training | since this gives a somewhat better representation of the output period) and reanalyses wind speeds were used for predicting the | from individual WTs. energy production for the remaining 1e5 years (out-of-sample
REF080_ERA5	4	False	3	ERA5;MERRA;wind speed	modelled from ERA5 and MERRA-2 data. The mean wind speeds	3.2. Identifying downtime 2. Generation time series for the entire measurement period were | modelled from ERA5 and MERRA-2 data. The mean wind speeds | When evaluating the performance of reanalyses in terms of were linearly scaled so that the CF during the training period
REF080_ERA5	5	False	1	correlation	unit time series for farm i) and ri;j is the correlation between the	uncertainty is thus worth a lot in monetary terms. | unit time series for farm i) and ri;j is the correlation between the | outputs for farms i and j. Assuming the same si for all farms and
REF080_ERA5	5	False	1	correlation	using the common [24] correlation model	outputs for farms i and j. Assuming the same si for all farms and | using the common [24] correlation model
REF080_ERA5	5	False	1	correlation	assuming that the correlation between generation of two farms preq	has the same combined variance as the actual wind farm ﬂeet, dP ¼ : (6) | assuming that the correlation between generation of two farms preq | 2
REF080_ERA5	5	True	3		Fig. 2. Illustration of the equivalent system radius (req ) for Germany and BPA. Note that BPA farms are concentrated in a relatively small area which gives a small req as compared to	Fig. 2. Illustration of the equivalent system radius (req ) for Germany and BPA. Note that BPA farms are concentrated in a relatively small area which gives a small req as compared to | the total system dimensions. In particular, the small farm at around (300,100) does not impact req much. For Germany, wind turbines with the same coordinates are plotted like
REF080_ERA5	6	False	1	ERA5	by the model; the standard deviation of ERA5 step changes are	by the model; the standard deviation of ERA5 step changes are | Equation (10) was solved numerically for req using D ¼ 500 km, around 8% lower than that for measurements (in relative terms),
REF080_ERA5	6	False	1	ERA5	(10) can be computed easily, let us denote this sum x. A good measured CFs agree well. For February 2014, ERA5 predicts 0.40 but	approximate solution of Eq. (10) sufﬁce. The left-hand side of Eq. predicted monthly CFs. For all months but one, the modelled and | (10) can be computed easily, let us denote this sum x. A good measured CFs agree well. For February 2014, ERA5 predicts 0.40 but | polynomial approximation of req for 0:22  x  1 is given in Fig. 3, the actual outcome was 0.32. A likely explanation for at least part of
REF080_ERA5	6	False	1	MERRA	0.5 km. Quantitative results for all countries and for both MERRA-2 and	using D ¼ 500 km as before. The mean absolute residual of the ﬁt is the difference is icing losses (which are not modelled). | 0.5 km. Quantitative results for all countries and for both MERRA-2 and | Rather than quantifying variability by looking at the variance of ERA5 are presented in Table 4. The metrics considered are corre-
REF080_ERA5	6	False	1	ERA5	Rather than quantifying variability by looking at the variance of ERA5 are presented in Table 4. The metrics considered are corre-	0.5 km. Quantitative results for all countries and for both MERRA-2 and | Rather than quantifying variability by looking at the variance of ERA5 are presented in Table 4. The metrics considered are corre- | generation, one might want to study the variance of changes in lations, root-mean-square errors (RMSE), mean absolute errors
REF080_ERA5	6	False	1	correlation	generation. As the correlation of changes is much lower than that (MAE), relative errors in the standard deviation of one hour step	generation, one might want to study the variance of changes in lations, root-mean-square errors (RMSE), mean absolute errors | generation. As the correlation of changes is much lower than that (MAE), relative errors in the standard deviation of one hour step | for generation itself, a lower value of D must be used. Since D ap- changes (sDP ) and RMSE of the duration curves (RMSEdur ). Note
REF080_ERA5	6	False	1	correlation	correlations become more sensitive to farm separation distances. data.	quires a higher quality of the farm coordinates since the estimated p.u. versus 0.03 p.u.). All metrics in Table 4 are calculated for hourly | correlations become more sensitive to farm separation distances. data.
REF080_ERA5	6	False	1	correlation	partially cancelled out; the correlations between errors reduce with 0.3 0.4 0.5 0.6 0.7 0.8 0.9 1	0 | partially cancelled out; the correlations between errors reduce with 0.3 0.4 0.5 0.6 0.7 0.8 0.9 1 | separation distance. Because of this, the most important results of x
REF080_ERA5	6	False	2	ERA5;MERRA	performance between MERRA-2 and ERA5. Fig. 3. Polynomial approximation of the equivalent system radius (req ) as a function of	this paper are not the absolute errors but rather the difference in | performance between MERRA-2 and ERA5. Fig. 3. Polynomial approximation of the equivalent system radius (req ) as a function of | x, the left-hand side of Eq. (10). The variable x can be interpreted as the per unit
REF080_ERA5	6	False	2	ERA5;correlation	modelled with ERA5 data) are shown in Fig. 4. As an overall mining how fast correlations decline with WT separation distance.	that will soon be presented, some graphical examples (Sweden (WTs). The approximation is valid for D ¼ 500 km, where D is the parameter deter- | modelled with ERA5 data) are shown in Fig. 4. As an overall mining how fast correlations decline with WT separation distance.
REF080_ERA5	7	False	1	ERA5	One hour change (p.u.) ERA5	0 0.5 1 -0.1 -0.05 0 0.05 0.1 | One hour change (p.u.) ERA5 | Exceedance probability
REF080_ERA5	7	True	4	ERA5	Fig. 4. Illustration of the model performance (ERA5 data used for modelling the Swedish wind power generation). Panel a shows a representative 4000 sample excerpt of the time	Fig. 4. Illustration of the model performance (ERA5 data used for modelling the Swedish wind power generation). Panel a shows a representative 4000 sample excerpt of the time | series of measured and modelled generation. Panel b gives duration curves (generation sorted from highest to lowest) of all data. Panel c shows the distribution of one hour step
REF080_ERA5	7	False	1	capacity factor	changes, i.e. the changes in average power from one hour to the next. In panel d, a scatter plot of modelled and measured monthly capacity factors (CFs) is given. The straight line	series of measured and modelled generation. Panel b gives duration curves (generation sorted from highest to lowest) of all data. Panel c shows the distribution of one hour step | changes, i.e. the changes in average power from one hour to the next. In panel d, a scatter plot of modelled and measured monthly capacity factors (CFs) is given. The straight line | shows the desired one-to-one relationship.
REF080_ERA5	7	True	3		Table 4 1.2	Table 4 1.2 | Quantitative results for the modelling of hourly, county-wise wind power. The
REF080_ERA5	7	False	2	ERA5;MERRA	Errors for ERA5 relative MERRA-2	RMSE | Errors for ERA5 relative MERRA-2
REF080_ERA5	7	False	1	correlation	metrics considered are correlations, root-mean-square errors (RMSE), mean abso-	metrics considered are correlations, root-mean-square errors (RMSE), mean abso- | 1 MAE
REF080_ERA5	7	False	1	correlation	Country Reanalysis Correlation RMSE MAE Error sDP RMSEdur	Country Reanalysis Correlation RMSE MAE Error sDP RMSEdur | 0.4
REF080_ERA5	7	False	1	MERRA	Germany MERRA-2 0.982 2.82% 2.06% þ12.8% 0.43%	0.4 | Germany MERRA-2 0.982 2.82% 2.06% þ12.8% 0.43% | ERA5 0.987 2.35% 1.66% þ7.5% 0.44%
REF080_ERA5	7	False	1	ERA5	ERA5 0.987 2.35% 1.66% þ7.5% 0.44%	Germany MERRA-2 0.982 2.82% 2.06% þ12.8% 0.43% | ERA5 0.987 2.35% 1.66% þ7.5% 0.44% | Denmark MERRA-2 0.973 5.40% 3.75% 11.7% 1.75% 0.2
REF080_ERA5	7	False	1	MERRA	Denmark MERRA-2 0.973 5.40% 3.75% 11.7% 1.75% 0.2	ERA5 0.987 2.35% 1.66% þ7.5% 0.44% | Denmark MERRA-2 0.973 5.40% 3.75% 11.7% 1.75% 0.2 | ERA5 0.973 5.45% 3.71% 6.0% 1.52%
REF080_ERA5	7	False	1	ERA5	ERA5 0.973 5.45% 3.71% 6.0% 1.52%	Denmark MERRA-2 0.973 5.40% 3.75% 11.7% 1.75% 0.2 | ERA5 0.973 5.45% 3.71% 6.0% 1.52% | France MERRA-2 0.975 3.49% 2.63% þ17.2% 0.79%
REF080_ERA5	7	False	1	MERRA	France MERRA-2 0.975 3.49% 2.63% þ17.2% 0.79%	ERA5 0.973 5.45% 3.71% 6.0% 1.52% | France MERRA-2 0.975 3.49% 2.63% þ17.2% 0.79% | 0
REF080_ERA5	7	False	1	ERA5	ERA5 0.982 2.97% 2.25% þ14.3% 1.00% DE DK FR SE BPA	0 | ERA5 0.982 2.97% 2.25% þ14.3% 1.00% DE DK FR SE BPA | Sweden MERRA-2 0.950 6.10% 4.58% 8.7% 1.27%
REF080_ERA5	7	False	1	MERRA	Sweden MERRA-2 0.950 6.10% 4.58% 8.7% 1.27%	ERA5 0.982 2.97% 2.25% þ14.3% 1.00% DE DK FR SE BPA | Sweden MERRA-2 0.950 6.10% 4.58% 8.7% 1.27% | ERA5 0.975 4.40% 3.21% 7.9% 0.52% Fig. 5. Root-mean-square errors (RMSE) and mean absolute errors (MAE) for ERA5 in
REF080_ERA5	7	False	1	ERA5	ERA5 0.975 4.40% 3.21% 7.9% 0.52% Fig. 5. Root-mean-square errors (RMSE) and mean absolute errors (MAE) for ERA5 in	Sweden MERRA-2 0.950 6.10% 4.58% 8.7% 1.27% | ERA5 0.975 4.40% 3.21% 7.9% 0.52% Fig. 5. Root-mean-square errors (RMSE) and mean absolute errors (MAE) for ERA5 in | BPA MERRA-2 0.756 18.4% 13.3% 10.4% 6.09% relation to those for MERRA-2. A bar of e.g. height 0.8 thus implies that the considered
REF080_ERA5	7	False	1	MERRA	BPA MERRA-2 0.756 18.4% 13.3% 10.4% 6.09% relation to those for MERRA-2. A bar of e.g. height 0.8 thus implies that the considered	ERA5 0.975 4.40% 3.21% 7.9% 0.52% Fig. 5. Root-mean-square errors (RMSE) and mean absolute errors (MAE) for ERA5 in | BPA MERRA-2 0.756 18.4% 13.3% 10.4% 6.09% relation to those for MERRA-2. A bar of e.g. height 0.8 thus implies that the considered | ERA5 0.945 9.10% 6.06% 1.5% 2.34% metric is 20% lower for ERA5 than for MERRA-2. In average, the RMSE is reduced with
REF080_ERA5	7	False	2	ERA5;MERRA	ERA5 0.945 9.10% 6.06% 1.5% 2.34% metric is 20% lower for ERA5 than for MERRA-2. In average, the RMSE is reduced with	BPA MERRA-2 0.756 18.4% 13.3% 10.4% 6.09% relation to those for MERRA-2. A bar of e.g. height 0.8 thus implies that the considered | ERA5 0.945 9.10% 6.06% 1.5% 2.34% metric is 20% lower for ERA5 than for MERRA-2. In average, the RMSE is reduced with | 22% and the MAE is reduced with 24% by using ERA5 data.
REF080_ERA5	7	False	1	ERA5	22% and the MAE is reduced with 24% by using ERA5 data.	ERA5 0.945 9.10% 6.06% 1.5% 2.34% metric is 20% lower for ERA5 than for MERRA-2. In average, the RMSE is reduced with | 22% and the MAE is reduced with 24% by using ERA5 data.
REF080_ERA5	7	True	5	ERA5;MERRA	Fig. 5 shows the RMSE and MAE of ERA5 normalised to those for The performance of MERRA for modelling wind generation in	For a clearer comparison of the performance of the reanalyses, using a reanalysis with higher spatial resolution. | Fig. 5 shows the RMSE and MAE of ERA5 normalised to those for The performance of MERRA for modelling wind generation in | MERRA-2 (a bar of e.g. height 0.8 thus implies that the errors are several different European countries has been evaluated earlier
REF080_ERA5	7	False	1	MERRA	MERRA-2 (a bar of e.g. height 0.8 thus implies that the errors are several different European countries has been evaluated earlier	Fig. 5 shows the RMSE and MAE of ERA5 normalised to those for The performance of MERRA for modelling wind generation in | MERRA-2 (a bar of e.g. height 0.8 thus implies that the errors are several different European countries has been evaluated earlier | 20% lower for ERA5 than for MERRA-2). In average, the RMSE is 22% [6,12]. The results in this work (correlation and RMSE) for MERRA-2
REF080_ERA5	7	False	3	ERA5;MERRA;correlation	20% lower for ERA5 than for MERRA-2). In average, the RMSE is 22% [6,12]. The results in this work (correlation and RMSE) for MERRA-2	MERRA-2 (a bar of e.g. height 0.8 thus implies that the errors are several different European countries has been evaluated earlier | 20% lower for ERA5 than for MERRA-2). In average, the RMSE is 22% [6,12]. The results in this work (correlation and RMSE) for MERRA-2 | lower and the MAE is 24% lower. Large differences however exist are comparable or better, which indicates that the methodology
REF080_ERA5	7	False	2	ERA5;MERRA	between the ﬁve countries. For Denmark, the MERRA-2 and ERA5 and measurement data quality are adequate. One should be careful	lower and the MAE is 24% lower. Large differences however exist are comparable or better, which indicates that the methodology | between the ﬁve countries. For Denmark, the MERRA-2 and ERA5 and measurement data quality are adequate. One should be careful | results are very similar. Likely, this can be explained by the ﬂat in drawing too far-reaching conclusions on the pros and cons of the
REF080_ERA5	7	False	1	ERA5	are around 50% lower for ERA5. In comparison to Denmark, the were used. With that said, it is interesting to note that the perfor-	limited for such conditions. For BPA, on the other hand, the errors time periods were not the same and that different WT databases | are around 50% lower for ERA5. In comparison to Denmark, the were used. With that said, it is interesting to note that the perfor- | equivalent system radius of BPA is much lower and the surrounding mance of ERA5 seem to be better than that of “EMHIRES”, a dataset
REF080_ERA5	7	False	1	ERA5	equivalent system radius of BPA is much lower and the surrounding mance of ERA5 seem to be better than that of “EMHIRES”, a dataset	are around 50% lower for ERA5. In comparison to Denmark, the were used. With that said, it is interesting to note that the perfor- | equivalent system radius of BPA is much lower and the surrounding mance of ERA5 seem to be better than that of “EMHIRES”, a dataset | terrain is more complex. As a consequence, the generation is more obtained by statistically downscaling MERRA data [6], for the
REF080_ERA5	7	False	1	MERRA	terrain is more complex. As a consequence, the generation is more obtained by statistically downscaling MERRA data [6], for the	equivalent system radius of BPA is much lower and the surrounding mance of ERA5 seem to be better than that of “EMHIRES”, a dataset | terrain is more complex. As a consequence, the generation is more obtained by statistically downscaling MERRA data [6], for the | volatile in the BPA area; the standard deviation of one hour step countries studied here.
REF080_ERA5	7	False	1	correlation	Denmark. Taken together, these factors increase the beneﬁts of the errors are somewhat higher and the correlation is lower. The	changes is for instance 0.048 p.u. as compared to 0.028 p.u. for When comparing the Swedish results here to those in Ref. [10], | Denmark. Taken together, these factors increase the beneﬁts of the errors are somewhat higher and the correlation is lower. The
REF080_ERA5	8	False	1	correlation	main explanation is that only modern WTs were included in this a) Correlation b) RMSE (p.u.)	main explanation is that only modern WTs were included in this a) Correlation b) RMSE (p.u.) | study. These are generally located in more complex terrain (hilly
REF080_ERA5	8	False	1	bias	sonal/diurnal biases and direction dependent losses. Finally, 0.1	model in Ref. [10] was also more detailed, e.g. accounting for sea- 0.6 | sonal/diurnal biases and direction dependent losses. Finally, 0.1 | MERRA-2 seem to perform slightly worse than MERRA in Sweden MERRA-2 ERA5 MERRA-2 ERA5
REF080_ERA5	8	False	2	ERA5;MERRA	MERRA-2 seem to perform slightly worse than MERRA in Sweden MERRA-2 ERA5 MERRA-2 ERA5	sonal/diurnal biases and direction dependent losses. Finally, 0.1 | MERRA-2 seem to perform slightly worse than MERRA in Sweden MERRA-2 ERA5 MERRA-2 ERA5 | [12]. A ﬁnal note on the modelling of Swedish, aggregated gener-
REF080_ERA5	8	False	2	ERA5;MERRA	In this section, results are given for modelling of individual MERRA-2 ERA5 MERRA-2 ERA5	0.05 | In this section, results are given for modelling of individual MERRA-2 ERA5 MERRA-2 ERA5 | Swedish WTs. As described in Section 3.2, periods classiﬁed as
REF080_ERA5	8	False	1	correlation	values of correlations, RMSE, MAE and RMSE of duration curves for	mark is the median, the edges of the box represent the 25th and 75th percentiles and | values of correlations, RMSE, MAE and RMSE of duration curves for | whiskers extend to the most extreme data. For an explanation of the metrics, see
REF080_ERA5	8	False	1	correlation	the 1051 analysed WTs. In the last column, correlations of monthly Table 4.	whiskers extend to the most extreme data. For an explanation of the metrics, see | the 1051 analysed WTs. In the last column, correlations of monthly Table 4. | generation are given (only months with at least 300 valid data
REF080_ERA5	8	False	2	ERA5;MERRA	and Fig. 6 that ERA5 performs better than MERRA-2 in all ana- Measurements	whiskers extend to the most extreme data. It is clear from Table 5 | and Fig. 6 that ERA5 performs better than MERRA-2 in all ana- Measurements | 100
REF080_ERA5	8	False	2	ERA5;MERRA	Neither MERRA-2 nor ERA5 is capable of reproducing the vari-	better than mean. This is due to very large errors for a few WTs. | Neither MERRA-2 nor ERA5 is capable of reproducing the vari- | ability of individual WTs; the measured ﬂuctuations are much 10-2
REF080_ERA5	8	False	1	ERA5	not surprising since coarse models are not able to reproduce the ERA5	larger in magnitude than those obtained from reanalyses. This is | not surprising since coarse models are not able to reproduce the ERA5 | ﬂuctuations at a local site. In average, the standard deviation of one
REF080_ERA5	8	False	2	ERA5;MERRA	models based on MERRA-2 and ERA5 data, respectively. A Welch	MERRA-2 | models based on MERRA-2 and ERA5 data, respectively. A Welch | power spectral density estimate [25] can be used to illustrate the
REF080_ERA5	8	True	3		Fig. 7. Representative example of Welch power spectral density (PSD) estimates for	noise and make the graph easier to interpret. For frequencies higher | Fig. 7. Representative example of Welch power spectral density (PSD) estimates for | than around ð1 dayÞ1 , the spectra for modelled generation start to one wind turbine (WT). It is clear that the variability of the generation for a single WT
REF080_ERA5	8	False	1	ERA5	deviate from that for measurements. At the highest resolvable is underestimated by both reanalyses (however, somewhat less by ERA5).	than around ð1 dayÞ1 , the spectra for modelled generation start to one wind turbine (WT). It is clear that the variability of the generation for a single WT | deviate from that for measurements. At the highest resolvable is underestimated by both reanalyses (however, somewhat less by ERA5). | frequency, the difference is large, in particular for MERRA-2.
REF080_ERA5	8	False	1	MERRA	frequency, the difference is large, in particular for MERRA-2.	deviate from that for measurements. At the highest resolvable is underestimated by both reanalyses (however, somewhat less by ERA5). | frequency, the difference is large, in particular for MERRA-2. | Although the variability of an individual WT is underestimated,
REF080_ERA5	8	False	1	correlation	because the correlations between different time series are over- results given in this section are means from ten different realisa-	that for aggregated country-wise generation might not be. This is during the remaining 1e5 years (out-of-sample data). Note that all | because the correlations between different time series are over- results given in this section are means from ten different realisa- | estimated by the models and consequently the modelled genera- tions. Results for the 893 studied WTs are shown in Table 6. For
REF080_ERA5	8	False	1	capacity factor	as quantiﬁed by the standard deviation of one hour step changes is simply assuming the same capacity factor as for the sample data. All	tion is smoothed more by aggregation. From Table 4, the variability comparison, results are also given for the “Naïve estimate” which is | as quantiﬁed by the standard deviation of one hour step changes is simply assuming the same capacity factor as for the sample data. All | overestimated for some countries and underestimated for some. three estimates are in principle unbiased which implies that the
REF080_ERA5	8	False	1	bias	overestimated for some countries and underestimated for some. three estimates are in principle unbiased which implies that the	as quantiﬁed by the standard deviation of one hour step changes is simply assuming the same capacity factor as for the sample data. All | overestimated for some countries and underestimated for some. three estimates are in principle unbiased which implies that the | The absolute mismatch is always lower for ERA5. standard deviations of the errors are similar to the RMSEs.
REF080_ERA5	8	False	1	ERA5	The absolute mismatch is always lower for ERA5. standard deviations of the errors are similar to the RMSEs.	overestimated for some countries and underestimated for some. three estimates are in principle unbiased which implies that the | The absolute mismatch is always lower for ERA5. standard deviations of the errors are similar to the RMSEs. | Next, energy errors from long-term correction (LTC) are evalu- First, one should note that the errors are considerably lower
REF080_ERA5	8	True	3		Table 5	Table 5 | Results for the modelling of generation for individual wind turbines. Means and medians for the 1051 analysed WTs are given. For an explanation of the metrics, see Table 4.
REF080_ERA5	8	False	1	correlation	Correlation RMSE MAE RMSEdur Monthly correlation	Correlation RMSE MAE RMSEdur Monthly correlation
REF080_ERA5	8	False	1	MERRA	MERRA-2 (mean) 0.802 19.1% 13.2% 2.94% 0.922	MERRA-2 (mean) 0.802 19.1% 13.2% 2.94% 0.922 | ERA5 (mean) 0.868 15.8% 10.6% 1.92% 0.964
REF080_ERA5	8	False	1	ERA5	ERA5 (mean) 0.868 15.8% 10.6% 1.92% 0.964	MERRA-2 (mean) 0.802 19.1% 13.2% 2.94% 0.922 | ERA5 (mean) 0.868 15.8% 10.6% 1.92% 0.964 | MERRA-2 (median) 0.812 18.3% 12.6% 2.71% 0.935
REF080_ERA5	8	False	1	MERRA	MERRA-2 (median) 0.812 18.3% 12.6% 2.71% 0.935	ERA5 (mean) 0.868 15.8% 10.6% 1.92% 0.964 | MERRA-2 (median) 0.812 18.3% 12.6% 2.71% 0.935 | ERA5 (median) 0.874 15.3% 10.3% 1.66% 0.973
REF080_ERA5	8	False	1	ERA5	ERA5 (median) 0.874 15.3% 10.3% 1.66% 0.973	MERRA-2 (median) 0.812 18.3% 12.6% 2.71% 0.935 | ERA5 (median) 0.874 15.3% 10.3% 1.66% 0.973
REF080_ERA5	9	True	3		Table 6 energy production during the remaining period). As a matter of	Table 6 energy production during the remaining period). As a matter of | Energy errors in long-term correction for 893 individual Swedish wind turbines fact, using one year of measurements long-term corrected with
REF080_ERA5	9	False	1	ERA5	ERA5 gives slightly more accurate estimates than using two years of	given. For each WT, one randomly chosen year of data was used to train a model | ERA5 gives slightly more accurate estimates than using two years of | which was subsequently used to predict the energy production during the measurements long-term corrected with MERRA-2. The latter
REF080_ERA5	9	False	1	MERRA	which was subsequently used to predict the energy production during the measurements long-term corrected with MERRA-2. The latter	ERA5 gives slightly more accurate estimates than using two years of | which was subsequently used to predict the energy production during the measurements long-term corrected with MERRA-2. The latter | remaining 1e5 years of out-of-sample data. The Naïve estimator assumes the same result is however not statistically signiﬁcant. This is good news for
REF080_ERA5	9	False	1	capacity factor	capacity factor as for the training period. The results are means from ten realisations the wind industry since lower uncertainties imply reduced risks	remaining 1e5 years of out-of-sample data. The Naïve estimator assumes the same result is however not statistically signiﬁcant. This is good news for | capacity factor as for the training period. The results are means from ten realisations the wind industry since lower uncertainties imply reduced risks | and normalised to the measured generation.
REF080_ERA5	9	False	1	ERA5	MAE RMSE ERA5 will also soon be available from 1950 to near real-time, i.e. for	and increased project values. Apart from the better performance, | MAE RMSE ERA5 will also soon be available from 1950 to near real-time, i.e. for | Naïve estimate 7.42% 9.26% a longer period than most other reanalyses.
REF080_ERA5	9	False	1	MERRA	MERRA-2 3.07% 4.00% The proposed metric “equivalent system radius” has its advan-	Naïve estimate 7.42% 9.26% a longer period than most other reanalyses. | MERRA-2 3.07% 4.00% The proposed metric “equivalent system radius” has its advan- | ERA5 2.43% 3.23% tages as compared to earlier metrics for quantifying the size of a
REF080_ERA5	9	False	1	ERA5	ERA5 2.43% 3.23% tages as compared to earlier metrics for quantifying the size of a	MERRA-2 3.07% 4.00% The proposed metric “equivalent system radius” has its advan- | ERA5 2.43% 3.23% tages as compared to earlier metrics for quantifying the size of a | wind power system. Most importantly, it is based on the smoothing
REF080_ERA5	9	False	2	ERA5;MERRA	energy errors are around 20% lower for ERA5 than for MERRA-2. If often an important characteristic when the system size is to be	of wind power ﬂuctuations from geographical dispersion, which is | energy errors are around 20% lower for ERA5 than for MERRA-2. If often an important characteristic when the system size is to be | two years' worth of data are used for training the models, the errors quantiﬁed. Unfortunately, the equation for req turned out to be
REF080_ERA5	9	False	1	ERA5	one year of measurements long-term corrected with ERA5 actually polynomial approximation works ﬁne for practical purposes, an	for both reanalyses are reduced with around 18%. This means that quite cumbersome and had to be solved numerically. Although a | one year of measurements long-term corrected with ERA5 actually polynomial approximation works ﬁne for practical purposes, an | gives slightly more accurate estimates than two years of mea- analytic solution to the integral would be a welcome contribution.
REF080_ERA5	9	False	1	MERRA	surements long-term corrected with MERRA-2. In this work, a relatively simple and generic wind power model	gives slightly more accurate estimates than two years of mea- analytic solution to the integral would be a welcome contribution. | surements long-term corrected with MERRA-2. In this work, a relatively simple and generic wind power model | In order to validate the robustness of the results, two-tailed t- was chosen and data on e.g. hub heights and farm speciﬁc power
REF080_ERA5	9	False	2	ERA5;MERRA	ences in absolute errors, i.e. EERA5;i   EMERRA2;i , come from a results (generally equally or better than in earlier work) were still	    | ences in absolute errors, i.e. EERA5;i   EMERRA2;i , come from a results (generally equally or better than in earlier work) were still | (normal) distribution with mean equal to zero. Using one year obtained. By including bias-correction and trimming the model
REF080_ERA5	9	False	1	bias	(normal) distribution with mean equal to zero. Using one year obtained. By including bias-correction and trimming the model	ences in absolute errors, i.e. EERA5;i   EMERRA2;i , come from a results (generally equally or better than in earlier work) were still | (normal) distribution with mean equal to zero. Using one year obtained. By including bias-correction and trimming the model | sample data for both reanalyses, the mean difference is 0.64 harder for a speciﬁc country, somewhat better results can however
REF080_ERA5	9	False	2	MERRA;bias	(0.79, 0.49) pp. The null hypothesis can thus be rejected on the MERRA-2 since e.g. the biases in seasonal and diurnal wind pat-	percentage points (pp) and the 95% conﬁdence interval is be achieved [10]. Likely, the improvement would be larger for | (0.79, 0.49) pp. The null hypothesis can thus be rejected on the MERRA-2 since e.g. the biases in seasonal and diurnal wind pat- | 0.05 signiﬁcance level (or any other meaningful level) and we can terns are larger. In practice, the models used in both research and
REF080_ERA5	9	False	2	ERA5;MERRA	conclude that ERA5 performs better than MERRA-2. With one year industry are however also relatively simple, i.e. the results pre-	0.05 signiﬁcance level (or any other meaningful level) and we can terns are larger. In practice, the models used in both research and | conclude that ERA5 performs better than MERRA-2. With one year industry are however also relatively simple, i.e. the results pre- | training data for ERA5 and two years training data for MERRA-2, the sented here are representative for the beneﬁts of using the more
REF080_ERA5	9	False	2	ERA5;MERRA	training data for ERA5 and two years training data for MERRA-2, the sented here are representative for the beneﬁts of using the more	conclude that ERA5 performs better than MERRA-2. With one year industry are however also relatively simple, i.e. the results pre- | training data for ERA5 and two years training data for MERRA-2, the sented here are representative for the beneﬁts of using the more | corresponding ﬁgures are 0.11 (0.31, 0.09) pp, i.e. the difference high-resolved ERA5.
REF080_ERA5	9	False	1	ERA5	corresponding ﬁgures are 0.11 (0.31, 0.09) pp, i.e. the difference high-resolved ERA5.	training data for ERA5 and two years training data for MERRA-2, the sented here are representative for the beneﬁts of using the more | corresponding ﬁgures are 0.11 (0.31, 0.09) pp, i.e. the difference high-resolved ERA5. | is not statistically signiﬁcant. For veriﬁcation, 10,000 samples A common application of reanalysis based wind power models
REF080_ERA5	9	False	2	capacity factor;correlation	In Ref. [21], correlations between measurements and generation lower speciﬁc rating, the capacity factors will be higher and the	within the precision given above. a future with more offshore wind power, higher hub heights and | In Ref. [21], correlations between measurements and generation lower speciﬁc rating, the capacity factors will be higher and the | modelled from MERRA, ERA-Interim and ConWx (a dataset WTs will more often generate at or near rated capacity. Even for
REF080_ERA5	9	False	1	MERRA	modelled from MERRA, ERA-Interim and ConWx (a dataset WTs will more often generate at or near rated capacity. Even for	In Ref. [21], correlations between measurements and generation lower speciﬁc rating, the capacity factors will be higher and the | modelled from MERRA, ERA-Interim and ConWx (a dataset WTs will more often generate at or near rated capacity. Even for | dynamically downscaled from ERA-Interim) were analysed. It was large countries, the maximum generation will thus be closer to 1
REF080_ERA5	9	False	1	MERRA	concluded that MERRA and ConWx performed similarly, which was p.u. than today. Here, the maximum generation in a country was	dynamically downscaled from ERA-Interim) were analysed. It was large countries, the maximum generation will thus be closer to 1 | concluded that MERRA and ConWx performed similarly, which was p.u. than today. Here, the maximum generation in a country was | somewhat surprising given the higher spatial resolution of ConWx. determined from measurements (around 0.8 p.u. for larger coun-
REF080_ERA5	9	False	1	wind speed	higher resolution does not guarantee better performance. As has add multivariate noise to the wind speed time series and simulate	Similar results have however been seen also in earlier work [2]; a tries). A better modelling approach for future scenarios might be to | higher resolution does not guarantee better performance. As has add multivariate noise to the wind speed time series and simulate | already been mentioned, the WTs chosen for the current work are downtime stochastically. If a proper model is set up, the spectra,
REF080_ERA5	9	False	1	correlation	more often located in complex terrain and suffer more severe icing correlations, maximum generation etc. will be correct both for in-	already been mentioned, the WTs chosen for the current work are downtime stochastically. If a proper model is set up, the spectra, | more often located in complex terrain and suffer more severe icing correlations, maximum generation etc. will be correct both for in- | losses than Swedish WTs in general. The average correlation obtain dividual WTs and country-wise generation (at the expense of
REF080_ERA5	9	False	1	correlation	losses than Swedish WTs in general. The average correlation obtain dividual WTs and country-wise generation (at the expense of	more often located in complex terrain and suffer more severe icing correlations, maximum generation etc. will be correct both for in- | losses than Swedish WTs in general. The average correlation obtain dividual WTs and country-wise generation (at the expense of | for MERRA-2 here is thus lower than that for MERRA in Ref. [21] increasing the errors to some extent).
REF080_ERA5	9	False	1	MERRA	for MERRA-2 here is thus lower than that for MERRA in Ref. [21] increasing the errors to some extent).	losses than Swedish WTs in general. The average correlation obtain dividual WTs and country-wise generation (at the expense of | for MERRA-2 here is thus lower than that for MERRA in Ref. [21] increasing the errors to some extent). | (0.80 versus 0.84). Despite the tougher modelling conditions, the
REF080_ERA5	9	False	2	ERA5;correlation	average correlation for ERA5 is however higher (0.87). Acknowledgements	(0.80 versus 0.84). Despite the tougher modelling conditions, the | average correlation for ERA5 is however higher (0.87). Acknowledgements
REF080_ERA5	9	False	2	ERA5;MERRA	In this work, MERRA-2 and the new reanalysis ERA5 were OPSD provided data. The Matlab function for projecting latitudes	contract 40290-1. Energimyndigheten, ECMWF, NASA, BPA and | In this work, MERRA-2 and the new reanalysis ERA5 were OPSD provided data. The Matlab function for projecting latitudes | compared in terms of modelling wind power, both for countries and longitudes onto an azimuthal equidistant image was written by
REF080_ERA5	9	False	1	ERA5	and for individual wind turbines. The main conclusion is that ERA5 Kurt von Laven. The method for solving quadruple integrals in	compared in terms of modelling wind power, both for countries and longitudes onto an azimuthal equidistant image was written by | and for individual wind turbines. The main conclusion is that ERA5 Kurt von Laven. The method for solving quadruple integrals in | performs better in all analysed aspects. As an average for the ﬁve Matlab was inspired by Mike Hosea. Dorothe e Vallot and Jonatan
REF080_ERA5	9	False	1	ERA5	ERA5. For the small BPA system, the errors were roughly 50% lower. for the idea of approximating unknown WT coordinates from co-	generation (when compared to measurements) were 24% lower for equivalent system radius method. Lasse Johansson is acknowledged | ERA5. For the small BPA system, the errors were roughly 50% lower. for the idea of approximating unknown WT coordinates from co- | Correlations were also higher and the mismatches in standard ordinates of the best ﬁtting reanalyses time series.
REF080_ERA5	9	False	1	correlation	Correlations were also higher and the mismatches in standard ordinates of the best ﬁtting reanalyses time series.	ERA5. For the small BPA system, the errors were roughly 50% lower. for the idea of approximating unknown WT coordinates from co- | Correlations were also higher and the mismatches in standard ordinates of the best ﬁtting reanalyses time series. | deviations of one hour step changes, a common variability metric,
REF080_ERA5	9	False	1	ERA5	ERA5 also performed better in terms of modelling generation for	were lower. References | ERA5 also performed better in terms of modelling generation for | the 1051 individual Swedish WTs that were studied. The average rez, R. Todling, A. Molod, L. Takacs, C.A. Randles,
REF080_ERA5	9	False	1	correlation	correlation in hourly data was 6.6% points higher and the average A. Darmenov, M.G. Bosilovich, R. Reichle, K. Wargan, L. Coy, R. Cullather,	[1] R. Gelaro, W. McCarty, M.J. Sua | correlation in hourly data was 6.6% points higher and the average A. Darmenov, M.G. Bosilovich, R. Reichle, K. Wargan, L. Coy, R. Cullather, | C. Draper, S. Akella, V. Buchard, A. Conaty, A.M. da Silva, W. Gu, G.-K. Kim,
REF080_ERA5	10	False	1	MERRA	Era retrospective analysis for research and applications, version 2 (MERRA-2), [13] M. McPherson, T. Sotiropoulos-Michalakakos, L.D. Harvey, B. Karney, An open-	Era retrospective analysis for research and applications, version 2 (MERRA-2), [13] M. McPherson, T. Sotiropoulos-Michalakakos, L.D. Harvey, B. Karney, An open- | J. Clim. 30 (14) (2017) 5419e5454, https://doi.org/10.1175/JCLI-D-16-0758.1. access web-based tool to access global, hourly wind and solar PV generation
REF080_ERA5	10	False	1	MERRA	[2] S. Lile time-series derived from the MERRA reanalysis dataset, Energies 10 (7)	o, E. Berge, O. Undheim, R. Klinkert, R.E. Bredesen, Long-term Correction | [2] S. Lile time-series derived from the MERRA reanalysis dataset, Energies 10 (7) | of Wind Measurements - State-of-the-art, Guidelines and Future Work, Tech. (2017) 1007, https://doi.org/10.3390/en10071007.
REF080_ERA5	10	False	1	ERA5	T. Owens, S. Pawson, P. Pegion, C.R. Redder, R. Reichle, F.R. Robertson, [15] ERA5 data documentation, Available online: https://software.ecmwf.int/wiki/	A. Conaty, A. da Silva, W. Gu, J. Joiner, R.D. Koster, R. Lucchesi, A. Molod, doi.org/10.1016/j.apenergy.2017.06.086. | T. Owens, S. Pawson, P. Pegion, C.R. Redder, R. Reichle, F.R. Robertson, [15] ERA5 data documentation, Available online: https://software.ecmwf.int/wiki/ | A.G. Ruddick, M. Sienkiewicz, J. Woollen, MERRA: NASA's modern-era retro- display/CKB/ERA5þdataþdocumentation (Accessed: 2017-07-18).
REF080_ERA5	10	False	2	ERA5;MERRA	A.G. Ruddick, M. Sienkiewicz, J. Woollen, MERRA: NASA's modern-era retro- display/CKB/ERA5þdataþdocumentation (Accessed: 2017-07-18).	T. Owens, S. Pawson, P. Pegion, C.R. Redder, R. Reichle, F.R. Robertson, [15] ERA5 data documentation, Available online: https://software.ecmwf.int/wiki/ | A.G. Ruddick, M. Sienkiewicz, J. Woollen, MERRA: NASA's modern-era retro- display/CKB/ERA5þdataþdocumentation (Accessed: 2017-07-18). | spective analysis for research and applications, J. Clim. 24 (2011) 3624e3648, [16] D.P. Dee, S.M. Uppala, A.J. Simmons, P. Berrisford, P. Poli, S. Kobayashi,
REF080_ERA5	10	False	1	MERRA	MERRA reanalysis data, Renew. Energy 76 (2015) 717e725. https://doi.org/10. distribution on the reliability of wind energy, Appl. Geogr. 40 (2013) 83e89.	[10] J. Olauson, M. Bergkvist, Modelling the Swedish wind power production using [23] S.M. Fisher, J.T. Schoof, C.L. Lant, M.D. Therrell, The effects of geographical | MERRA reanalysis data, Renew. Energy 76 (2015) 717e725. https://doi.org/10. distribution on the reliability of wind energy, Appl. Geogr. 40 (2013) 83e89. | 1016/j.renene.2014.11.085. https://doi.org/10.1016/j.apgeog.2013.01.010.
REF080_ERA5	10	False	1	correlation	D. Lingfors, R. Waters, J. Widen, Net load variability in Nordic countries with a wind plants: correlation length and its dependence on variability time scale,	[11] J. Olauson, M.N. Ayob, M. Bergkvist, N. Carpman, V. Castellucci, A. Goude, [24] C.M. St Martin, J.K. Lundquist, M.A. Handschy, Variability of interconnected | D. Lingfors, R. Waters, J. Widen, Net load variability in Nordic countries with a wind plants: correlation length and its dependence on variability time scale, | highly or fully renewable power system, Nature Energy 1 (2016) 16175, Environ. Res. Lett. 10 (4) (2015), 044004, https://doi.org/10.1088/1748-9326/
REF080_ERA5	10	False	1	bias	[12] I. Staffell, S. Pfenninger, Using bias-corrected reanalysis to simulate current [25] P.D. Welch, The use of fast fourier transform for the estimation of power	https://doi.org/10.1038/nenergy.2016.175. 10/4/044004. | [12] I. Staffell, S. Pfenninger, Using bias-corrected reanalysis to simulate current [25] P.D. Welch, The use of fast fourier transform for the estimation of power | and future wind power output, Energy 114 (2016) 1224e1239, https:// spectra: a method based on time averaging over short, modiﬁed periodo-
REF083_PowerLaw	1	False	1	power law	The role of the power law exponent in wind energy	The role of the power law exponent in wind energy | assessment: A global analysis
REF083_PowerLaw	1	False	1	power law	Germany The power law is most often applied to extrapolate the near-surface wind speed	Summary | Germany The power law is most often applied to extrapolate the near-surface wind speed | to the wind turbine hub height. Due to variations of the meteorological condi-
REF083_PowerLaw	1	False	1	hub height	to the wind turbine hub height. Due to variations of the meteorological condi-	Germany The power law is most often applied to extrapolate the near-surface wind speed | to the wind turbine hub height. Due to variations of the meteorological condi- | Correspondence
REF083_PowerLaw	1	False	1	power law	Christopher Jung, Environmental tions, the power law exponent varies over time. Usually, no long-term wind	Correspondence | Christopher Jung, Environmental tions, the power law exponent varies over time. Usually, no long-term wind | Meteorology, Albert-Ludwigs-University speed measurements from multiple heights are available which would allow
REF083_PowerLaw	1	False	1	power law	time-dependent and spatially explicit power law exponent estimations. Instead,	of Freiburg, Werthmannstrasse | time-dependent and spatially explicit power law exponent estimations. Instead, | 10, D-79085 Freiburg, Germany.
REF083_PowerLaw	1	False	1	power law	Email: christopher.jung@mail.unr.uni- often the mean of the power law exponent or a constant value of 0.14 is	10, D-79085 Freiburg, Germany. | Email: christopher.jung@mail.unr.uni- often the mean of the power law exponent or a constant value of 0.14 is | freiburg.de assumed. The goal of this study was to quantify the error in wind potential
REF083_PowerLaw	1	False	1	power law	assessments resulting from applying the mean of the power law exponent or a	Funding information | assessments resulting from applying the mean of the power law exponent or a | ALBERT-LUDWIGS-UNIVERSITAET value of 0.14. The data base for this study are the hourly wind speed time series
REF083_PowerLaw	1	False	1	hourly	ALBERT-LUDWIGS-UNIVERSITAET value of 0.14. The data base for this study are the hourly wind speed time series	assessments resulting from applying the mean of the power law exponent or a | ALBERT-LUDWIGS-UNIVERSITAET value of 0.14. The data base for this study are the hourly wind speed time series | FREIBURG at 10 and 100 m above ground available for the period 2007 to 2018 from the
REF083_PowerLaw	1	False	1	100 m	FREIBURG at 10 and 100 m above ground available for the period 2007 to 2018 from the	ALBERT-LUDWIGS-UNIVERSITAET value of 0.14. The data base for this study are the hourly wind speed time series | FREIBURG at 10 and 100 m above ground available for the period 2007 to 2018 from the | ERA5 reanalysis project at a global 0.25 × 0.25 grid. The errors in the estima-
REF083_PowerLaw	1	False	1	ERA5	ERA5 reanalysis project at a global 0.25 × 0.25 grid. The errors in the estima-	FREIBURG at 10 and 100 m above ground available for the period 2007 to 2018 from the | ERA5 reanalysis project at a global 0.25 × 0.25 grid. The errors in the estima- | tion of the wind power density and the capacity factor were calculated. It was
REF083_PowerLaw	1	False	1	power law	to the wind power density using the mean of the power law exponent is 7.5%.	found that, onshore, the global median of the absolute percentage error related | to the wind power density using the mean of the power law exponent is 7.5%. | Assuming a constant value of 0.14, the power law is less accurate (absolute per-
REF083_PowerLaw	1	False	1	power law	Assuming a constant value of 0.14, the power law is less accurate (absolute per-	to the wind power density using the mean of the power law exponent is 7.5%. | Assuming a constant value of 0.14, the power law is less accurate (absolute per- | centage error: 37.1%). For the estimation of the capacity factor the absolute per-
REF083_PowerLaw	1	False	1	power law	time-dependent and spatially explicit power law exponents is suggested. In the	centage errors are 5.5% and 36.9%. Based on the results of this study, the use of | time-dependent and spatially explicit power law exponents is suggested. In the | absence of long-term wind speed measurements from multiple heights, the
REF083_PowerLaw	1	False	1	power law	from using the mean of the power law exponent or assuming a value of 0.14.	results provide a comprehensive global overview of the errors to be expected | from using the mean of the power law exponent or assuming a value of 0.14. | In many regions where the wind resource is abundant, using the mean of the
REF083_PowerLaw	1	False	1	power law	power law exponent only leads to minor errors in capacity factor estimation.	In many regions where the wind resource is abundant, using the mean of the | power law exponent only leads to minor errors in capacity factor estimation. | There, the assessment of wind resources with small errors is possible, even in
REF083_PowerLaw	1	False	1	power law	ABBREVIATIONS: DJF, December, January, February; JJA, June, July, August; EV, variant of the power law exponent; GloWiSMo, Global Wind	ABBREVIATIONS: DJF, December, January, February; JJA, June, July, August; EV, variant of the power law exponent; GloWiSMo, Global Wind | Speed Model; LIDAR, Light Detection and Ranging; MAM, March, April, May; SON, September, October, November; Wak, five-parameter Wakeby
REF083_PowerLaw	2	False	1	10 m	The ongoing global warming requires a rapid reduction Ug measurements are made at a height of 10 m above	national weather services for several decades.18 Usually, | The ongoing global warming requires a rapid reduction Ug measurements are made at a height of 10 m above | in global greenhouse gas emissions. An important pillar ground level. However, the wind energy is commonly
REF083_PowerLaw	2	False	1	hub height	for mitigating climate change is the conversion of the exploited in the wind turbine hub height (hhub) range	in global greenhouse gas emissions. An important pillar ground level. However, the wind energy is commonly | for mitigating climate change is the conversion of the exploited in the wind turbine hub height (hhub) range | power supply based on conventional to renewable ener- from 80 to 140 m above ground level. Thus, an important
REF083_PowerLaw	2	False	1	power law	gation of climate change is wind energy.4 is the power law19:	one of the most effective renewable energies for the miti- The most common approach to extrapolate Ug to hhub | gation of climate change is wind energy.4 is the power law19: | The need for climate change mitigation and the tech-
REF083_PowerLaw	2	False	1	hourly	hourly15 to multi-decadal scales.16 Considering the tem- the value of 0.14 (E014).28 The advantage of using E014 is	extends over several time scales, ranging from sub- applied approach is the assumption that E is constant at | hourly15 to multi-decadal scales.16 Considering the tem- the value of 0.14 (E014).28 The advantage of using E014 is | poral variability of wind resources in wind potential that neither measurements nor knowledge of the local
REF083_PowerLaw	3	False	1	power law	Previous studies reveal that applying the power law is probability density functions f() of UE (f(UE)), UEM (f	ral variability of E. (WPDEM), and UE014 (WPDE014), (g) estimation of the | Previous studies reveal that applying the power law is probability density functions f() of UE (f(UE)), UEM (f | fundamental in wind potential assessments and using (UEM)), and UE014 (f(UE014)), and (h) calculation of the
REF083_PowerLaw	3	False	1	power law	EM or E014 as the power law exponent is widespread. capacity factors (cf ) using f(UE), f(UEM), and f(UE014)	fundamental in wind potential assessments and using (UEM)), and UE014 (f(UE014)), and (h) calculation of the | EM or E014 as the power law exponent is widespread. capacity factors (cf ) using f(UE), f(UEM), and f(UE014) | Thus, quantifying the errors in the application of EM and yielding cfE, cfEM, and cfE014 by applying an exemplary
REF083_PowerLaw	3	False	1	hourly	scale. Besides, the regionally influenced temporal vari- Time series of hourly wind vector components (u (zonal),	tion, it is essential to conduct investigations on a global | scale. Besides, the regionally influenced temporal vari- Time series of hourly wind vector components (u (zonal), | ability of E must be considered as a potential cause of EM v (meridional)) in 10 m (u10, v10) and 100 m (u100, v100) in
REF083_PowerLaw	3	False	2	10 m;100 m	ability of E must be considered as a potential cause of EM v (meridional)) in 10 m (u10, v10) and 100 m (u100, v100) in	scale. Besides, the regionally influenced temporal vari- Time series of hourly wind vector components (u (zonal), | ability of E must be considered as a potential cause of EM v (meridional)) in 10 m (u10, v10) and 100 m (u100, v100) in | and E014 errors. the period January 1, 2007 to December 31, 2018 were
REF083_PowerLaw	3	False	1	ERA5	Thus, the goals of this study are (a) the evaluation of obtained from the ERA5 reanalysis project30 for all onshore	and E014 errors. the period January 1, 2007 to December 31, 2018 were | Thus, the goals of this study are (a) the evaluation of obtained from the ERA5 reanalysis project30 for all onshore | the spatiotemporal variability of E and (b) the quantifica- areas and offshore regions with sea depth < 200 m.
REF083_PowerLaw	3	False	1	100 m	wind resource and technical wind potential assessments. The wind speed in 10 and 100 m was calculated by:	tion of the error in the application of EM and E014 for The horizontal resolution of u and v is 0.25 × 0.25 . | wind resource and technical wind potential assessments. The wind speed in 10 and 100 m was calculated by: | pﬃﬃﬃﬃﬃﬃﬃﬃﬃﬃﬃﬃﬃﬃﬃﬃﬃﬃﬃﬃﬃ
REF083_PowerLaw	3	False	2	10 m;100 m	The methodology to assess the influence of E on the with he = {10 m, 100 m} being the height above ground	The methodology to assess the influence of E on the with he = {10 m, 100 m} being the height above ground | accuracy of wind potential assessments includes the fol- level.
REF083_PowerLaw	3	False	2	10 m;100 m	series in 100 m (U100) and 10 m (U10) on a global grid,	lowing steps (Figure 1): (a) Obtaining wind speed time | series in 100 m (U100) and 10 m (U10) on a global grid, | (b) calculation of E from U100 and U10, (c) calculation of 2.2 | The power law
REF083_PowerLaw	3	False	1	power law	(b) calculation of E from U100 and U10, (c) calculation of 2.2 | The power law	series in 100 m (U100) and 10 m (U10) on a global grid, | (b) calculation of E from U100 and U10, (c) calculation of 2.2 | The power law | EM, (d) extrapolation of U10 to hhub = 100 m by assuming
REF083_PowerLaw	3	False	1	100 m	EM, (d) extrapolation of U10 to hhub = 100 m by assuming	(b) calculation of E from U100 and U10, (c) calculation of 2.2 | The power law | EM, (d) extrapolation of U10 to hhub = 100 m by assuming | variants of E yielding U100, UEM, and UE014, Hourly values of E available at the grid cells were com-
REF083_PowerLaw	3	False	1	hourly	variants of E yielding U100, UEM, and UE014, Hourly values of E available at the grid cells were com-	EM, (d) extrapolation of U10 to hhub = 100 m by assuming | variants of E yielding U100, UEM, and UE014, Hourly values of E available at the grid cells were com- | (e) investigation of the seasonal variability and inter- puted from U10 and U100 by Reference 19:
REF083_PowerLaw	3	False	1	power law	F I G U R E 1 Methodology applied to assess the influence of the power law exponent (E) on the accuracy of wind potential assessments	F I G U R E 1 Methodology applied to assess the influence of the power law exponent (E) on the accuracy of wind potential assessments | with U100 being the wind speed in 100 m, U10 being the wind speed in 10 m, EM being the mean of E, E014 being E = 0.14, WPD being the
REF083_PowerLaw	3	False	2	10 m;100 m	with U100 being the wind speed in 100 m, U10 being the wind speed in 10 m, EM being the mean of E, E014 being E = 0.14, WPD being the	F I G U R E 1 Methodology applied to assess the influence of the power law exponent (E) on the accuracy of wind potential assessments | with U100 being the wind speed in 100 m, U10 being the wind speed in 10 m, EM being the mean of E, E014 being E = 0.14, WPD being the | wind power density, f() being the probability density function and cf being the capacity factor. The subscripts denote the E variants (EV = {E,
REF083_PowerLaw	4	False	2	100 m;hourly	Hourly extrapolated wind speed in 100 m was calculated parameters (α, γ), and two shape parameters (β, δ). The	EM varies only at the grid cells, and E014 is a constant. Wak consists of a location parameter (ε), two scale | Hourly extrapolated wind speed in 100 m was calculated parameters (α, γ), and two shape parameters (β, δ). The | based on the variants of E by applying the power law19: probability density function of Wak is defined as:
REF083_PowerLaw	4	False	1	power law	based on the variants of E by applying the power law19: probability density function of Wak is defined as:	Hourly extrapolated wind speed in 100 m was calculated parameters (α, γ), and two shape parameters (β, δ). The | based on the variants of E by applying the power law19: probability density function of Wak is defined as:
REF083_PowerLaw	4	False	1	power law	of the power law exponent	2.3 | Analysis of the temporal variability | of the power law exponent
REF083_PowerLaw	4	False	1	power law	2.4 | Influence of the power law	2.4 | Influence of the power law | exponent on the wind resource and
REF083_PowerLaw	5	False	2	100 m;hub height	years. It has a hub height of 100 m, a rated power (PR) of	quently installed wind turbines in Germany in recent AERWPV = jWPV EV −WPV E j: ð13Þ | years. It has a hub height of 100 m, a rated power (PR) of | 2400 kW, and a rotor diameter of 117 m. The third quality measure is the percentage
REF083_PowerLaw	5	False	1	power law	The power law accuracy applying EM and E014 was	WPV E | The power law accuracy applying EM and E014 was | evaluated using four quality measures. The quality mea-
REF083_PowerLaw	5	False	1	hourly	investigation period that were calculated from hourly	the wind potential variables WPV = {cf, WPD} in the 3 | RESULTS A ND DISCUSSION | investigation period that were calculated from hourly | E (WPVE) and from the variants (EV = {EM, E014}) of 3.1 | Mean power law exponent
REF083_PowerLaw	5	False	1	power law	E (WPVE) and from the variants (EV = {EM, E014}) of 3.1 | Mean power law exponent	investigation period that were calculated from hourly | E (WPVE) and from the variants (EV = {EM, E014}) of 3.1 | Mean power law exponent | E (WPVEV).
REF083_PowerLaw	5	False	1	power law	F I G U R E 3 Global pattern of the mean power law exponent (EM). The legend values indicate the highest class values [Colour figure can	F I G U R E 3 Global pattern of the mean power law exponent (EM). The legend values indicate the highest class values [Colour figure can | be viewed at wileyonlinelibrary.com]
REF083_PowerLaw	6	False	1	power law	of the mean power law exponent (EM)	~ | of the mean power law exponent (EM) | of the countries with the largest China 0.203 Canada 0.209 Chad 0.179
REF083_PowerLaw	7	False	1	power law	F I G U R E 4 Global pattern of the mean power law exponent (EM) in A, winter (EMDJF), B, spring (EMMAM), C, summer (EMJJA), and D,	F I G U R E 4 Global pattern of the mean power law exponent (EM) in A, winter (EMDJF), B, spring (EMMAM), C, summer (EMJJA), and D, | autumn EMSON. The legend values indicate the highest class values [Colour figure can be viewed at wileyonlinelibrary.com]
REF083_PowerLaw	8	False	1	power law	F I G U R E 5 Global pattern of the sd of the mean power law exponent (EM) on the A, annual scale (sda) and B, monthly scale (sdm) as	F I G U R E 5 Global pattern of the sd of the mean power law exponent (EM) on the A, annual scale (sda) and B, monthly scale (sdm) as | well as the range (r) of the mean power law exponent (EM) on the C, annual scale (ra) and D, monthly scale (rm). The legend values indicate
REF083_PowerLaw	8	False	1	power law	well as the range (r) of the mean power law exponent (EM) on the C, annual scale (ra) and D, monthly scale (rm). The legend values indicate	F I G U R E 5 Global pattern of the sd of the mean power law exponent (EM) on the A, annual scale (sda) and B, monthly scale (sdm) as | well as the range (r) of the mean power law exponent (EM) on the C, annual scale (ra) and D, monthly scale (rm). The legend values indicate | the highest class values [Colour figure can be viewed at wileyonlinelibrary.com]
REF083_PowerLaw	9	False	1	power law	F I G U R E 6 Global pattern of the error in the wind power density estimation (ERWPD) using A, the mean power law exponent (EM)	F I G U R E 6 Global pattern of the error in the wind power density estimation (ERWPD) using A, the mean power law exponent (EM) | and B, assuming E = 0.14 (E014) as well as the percentage error in the wind power density estimation (PERWPD) using C, the mean power
REF083_PowerLaw	9	False	1	power law	where the installed wind capacity is high, such as the power law is in northeastern Canada, northwestern Russia,	trast, WPD is often overestimated in onshore regions close. According to PERWPD, the highest accuracy of the | where the installed wind capacity is high, such as the power law is in northeastern Canada, northwestern Russia, | United Kingdom and the Midwest of the USA. An impor- and in many deserts around the world. The global onshore
REF083_PowerLaw	10	False	1	power law	golia. Areas, where ERcf is positive, are less abundant than accuracy of the power law is also high in many offshore	occurs in parts of North Africa, northern China, and Mon- Europe and the northeastern part of North America. The | golia. Areas, where ERcf is positive, are less abundant than accuracy of the power law is also high in many offshore
REF083_PowerLaw	10	False	1	power law	F I G U R E 7 Global pattern of the error in the capacity factor estimation (ERcf) using A, the mean power law exponent (EM) and B,	F I G U R E 7 Global pattern of the error in the capacity factor estimation (ERcf) using A, the mean power law exponent (EM) and B, | assuming E = 0.14 (E014) as well as the percentage error in the capacity factor estimation (PERcf) using C, the mean power law exponent
REF083_PowerLaw	10	False	1	power law	assuming E = 0.14 (E014) as well as the percentage error in the capacity factor estimation (PERcf) using C, the mean power law exponent	F I G U R E 7 Global pattern of the error in the capacity factor estimation (ERcf) using A, the mean power law exponent (EM) and B, | assuming E = 0.14 (E014) as well as the percentage error in the capacity factor estimation (PERcf) using C, the mean power law exponent | (EM) and D, assuming E = 0.14 (E014). The legend values indicate the highest class values [Colour figure can be viewed at
REF083_PowerLaw	11	False	1	power law	the power law due to the use of E014 compared to EM. EM~ median of mean power law exponent	cf is 36.9%, which indicates a much greater inaccuracy of APER~ median of absolute percentage error (%) | the power law due to the use of E014 compared to EM. EM~ median of mean power law exponent | Supporting information on the country-related cf ER~ median of error
REF083_PowerLaw	11	False	1	power law	errors by applying the power law using EM and E014 are ~r median of range	Supporting information on the country-related cf ER~ median of error | errors by applying the power law using EM and E014 are ~r median of range | presented in Figure S1. ~
REF083_PowerLaw	11	False	1	power law	This study provides a global overview of the errors in E power law exponent	cf capacity factor | This study provides a global overview of the errors in E power law exponent | wind energy assessments resulting from applying mean E014 power law exponent = 0.14
REF083_PowerLaw	11	False	1	power law	wind energy assessments resulting from applying mean E014 power law exponent = 0.14	This study provides a global overview of the errors in E power law exponent | wind energy assessments resulting from applying mean E014 power law exponent = 0.14 | and constant power law exponents. It was found that, EM mean power law exponent
REF083_PowerLaw	11	False	1	power law	and constant power law exponents. It was found that, EM mean power law exponent	wind energy assessments resulting from applying mean E014 power law exponent = 0.14 | and constant power law exponents. It was found that, EM mean power law exponent | onshore, the global median absolute percentage error in ER error
REF083_PowerLaw	11	False	1	power law	the wind turbine capacity factor estimations are 5.5% EV variant of power law exponent {E, EM, E014}	onshore, the global median absolute percentage error in ER error | the wind turbine capacity factor estimations are 5.5% EV variant of power law exponent {E, EM, E014} | applying mean power law exponents and 36.9% assuming f() probability density function
REF083_PowerLaw	11	False	1	power law	applying mean power law exponents and 36.9% assuming f() probability density function	the wind turbine capacity factor estimations are 5.5% EV variant of power law exponent {E, EM, E014} | applying mean power law exponents and 36.9% assuming f() probability density function | the power law exponent being 0.14. F() cumulative distribution function
REF083_PowerLaw	11	False	1	power law	the power law exponent being 0.14. F() cumulative distribution function	applying mean power law exponents and 36.9% assuming f() probability density function | the power law exponent being 0.14. F() cumulative distribution function | The application of mean and constant power law F−1() quantile function
REF083_PowerLaw	11	False	1	power law	The application of mean and constant power law F−1() quantile function	the power law exponent being 0.14. F() cumulative distribution function | The application of mean and constant power law F−1() quantile function | exponents is not suitable to reproduce the spatiotemporal h height (m)
REF083_PowerLaw	11	False	1	power law	variability of daily power law exponents. It was revealed PER percentage error (%)	exponents is not suitable to reproduce the spatiotemporal h height (m) | variability of daily power law exponents. It was revealed PER percentage error (%) | that the errors produced from the use of mean and con- PR rated power (MW)
REF083_PowerLaw	11	False	1	power law	stant power law exponents differ on the spatial scale. In PW(U) wind turbine power curve (MW)	that the errors produced from the use of mean and con- PR rated power (MW) | stant power law exponents differ on the spatial scale. In PW(U) wind turbine power curve (MW) | many regions, where the wind resource is abundant, PWM mean wind turbine power output (MW)
REF083_PowerLaw	11	False	1	power law	explicit estimates of mean power law exponents available WPD wind power density (W/m2)	value-based assessments is the availability of spatially v meridional wind vector component (m/s) | explicit estimates of mean power law exponents available WPD wind power density (W/m2) | from global wind speed models such as GloWiSMo.12 WPV wind potential variable {cf, WPD}
REF083_PowerLaw	11	False	1	power law	law exponents. Using values of mean power law expo- α first Wakeby scale parameter	zontal resolution: 250 m × 250 m) grid of mean power y y direction | law exponents. Using values of mean power law expo- α first Wakeby scale parameter | nents from GloWiSMo enables minimizing the error cau- β first Wakeby shape parameter
REF083_PowerLaw	11	False	1	power law	driving the spatiotemporal pattern of the power law expo- ε Wakeby location parameter	At the local scale, there are further influencing factors δ second Wakeby shape parameter | driving the spatiotemporal pattern of the power law expo- ε Wakeby location parameter | nent that are not integrated at the spatial resolution of
REF083_PowerLaw	11	False	1	ERA5	the ERA5 data. Locally, the errors in assessing wind	nent that are not integrated at the spatial resolution of | the ERA5 data. Locally, the errors in assessing wind | power densities and capacity factors may deviate from
REF083_PowerLaw	11	False	1	power law	study. This may offer the potential to derive an atlas of E time-dependent power law exponent	face properties into the error assessment of the current a annual scale | study. This may offer the potential to derive an atlas of E time-dependent power law exponent | spatially explicit correction factors for using mean power g near-surface (10 m)
REF083_PowerLaw	11	False	1	10 m	spatially explicit correction factors for using mean power g near-surface (10 m)	study. This may offer the potential to derive an atlas of E time-dependent power law exponent | spatially explicit correction factors for using mean power g near-surface (10 m) | law coefficients in wind energy assessments. he height above ground level
REF083_PowerLaw	12	False	1	10 m	10 10 m height above ground level 13. Jung C, Schindler D. Achieving Germany's wind energy expan-	WPD wind power density Convers Manage. 2020;2010:112733. | 10 10 m height above ground level 13. Jung C, Schindler D. Achieving Germany's wind energy expan- | sion target with an improved wind turbine siting approach.
REF083_PowerLaw	12	False	1	100 m	100 100 m height above ground level	sion target with an improved wind turbine siting approach. | 100 100 m height above ground level | Energy Convers Manage. 2018;173:383-398.
REF083_PowerLaw	12	False	1	power law	21. Touma JS. Dependence of the wind profile power law on stabil-	2. Dupont E, Koppelaar R, Jeanmart H. Global available wind | 21. Touma JS. Dependence of the wind profile power law on stabil- | energy with physical and energy return on investment con-
REF083_PowerLaw	12	False	1	hub height	hub height: a case study on coastal location in Southern Italy.	ios. Energy Convers Manage. 2018;156:403-415. | hub height: a case study on coastal location in Southern Italy. | 4. Mekonnen MM, Gerbens-Leenes PW, Hoekstra AY. Future
REF083_PowerLaw	13	False	2	ERA5;hourly	30. ERA5 hourly data on single levels from 1979 to present. Available 37. Lledó L, Torralba V, Soret A, Ramon J, Doblas-Reyes FJ. Seasonal	30. ERA5 hourly data on single levels from 1979 to present. Available 37. Lledó L, Torralba V, Soret A, Ramon J, Doblas-Reyes FJ. Seasonal | from: https://cds.climate.copernicus.eu/cdsapp#!/dataset/reanaly forecasts of wind power generation. Renewable Energy. 2019;143:
REF083_PowerLaw	13	False	1	ERA5	sis-era5-single-levels?tab=overview. Accessed July 15, 2020. 91-100.	from: https://cds.climate.copernicus.eu/cdsapp#!/dataset/reanaly forecasts of wind power generation. Renewable Energy. 2019;143: | sis-era5-single-levels?tab=overview. Accessed July 15, 2020. 91-100. | 31. Houghton JC. Birth of a parent: the Wakeby distribution 38. DeCastro M, Salvador S, Gómez-Gesteira M, et al. Europe,
REF083_PowerLaw	13	False	1	power law	36. Cortesi N, Torralba V, González-Reviriego N, Soret A, The role of the power law exponent in wind energy	How to cite this article: Jung C, Schindler D. | 36. Cortesi N, Torralba V, González-Reviriego N, Soret A, The role of the power law exponent in wind energy | Doblas-Reyes FJ. Characterization of European wind speed assessment: A global analysis. Int J Energy Res.
REF093_DynamicAlpha	1	False	2	power law exponent;spatiotemporal	Spatiotemporal variation of power law exponent on the use of wind energy	Spatiotemporal variation of power law exponent on the use of wind energy | Xinrong Yang a, Xin Jiang a, Shijing Liang a, Yingzuo Qin a, Fan Ye a, b, Bin Ye a, Jiayu Xu a,
REF093_DynamicAlpha	1	False	2	power law exponent;spatiotemporal	• Assess the spatiotemporal variation of the power law exponent (α) in global wind energy assessments.	• Assess the spatiotemporal variation of the power law exponent (α) in global wind energy assessments. | • The power law exponent α values vary with geography, seasons, diurnal cycles, latitudes, land and ocean.
REF093_DynamicAlpha	1	False	1	power law exponent	• The power law exponent α values vary with geography, seasons, diurnal cycles, latitudes, land and ocean.	• Assess the spatiotemporal variation of the power law exponent (α) in global wind energy assessments. | • The power law exponent α values vary with geography, seasons, diurnal cycles, latitudes, land and ocean. | • The power law is generally applicable and has important implications for wind energy resource assessments and turbine design.
REF093_DynamicAlpha	1	False	1	power law exponent	Keywords: The power law, a common method in wind energy assessments, often assumes a global power law exponent (α) of	Keywords: The power law, a common method in wind energy assessments, often assumes a global power law exponent (α) of | Power law exponent 1/7, potentially leading to inaccuracies in estimating wind conditions and energy potential. This study uses high-
REF093_DynamicAlpha	1	False	1	power law exponent	Power law exponent 1/7, potentially leading to inaccuracies in estimating wind conditions and energy potential. This study uses high-	Keywords: The power law, a common method in wind energy assessments, often assumes a global power law exponent (α) of | Power law exponent 1/7, potentially leading to inaccuracies in estimating wind conditions and energy potential. This study uses high- | Multiple heights frequency measurements from eight wind towers to assess the power law’s reliability and demonstrates its
REF093_DynamicAlpha	1	False	1	wind tower	Multiple heights frequency measurements from eight wind towers to assess the power law’s reliability and demonstrates its	Power law exponent 1/7, potentially leading to inaccuracies in estimating wind conditions and energy potential. This study uses high- | Multiple heights frequency measurements from eight wind towers to assess the power law’s reliability and demonstrates its | Spatiotemporal variation
REF093_DynamicAlpha	1	False	1	spatiotemporal	Spatiotemporal variation	Multiple heights frequency measurements from eight wind towers to assess the power law’s reliability and demonstrates its | Spatiotemporal variation | general applicability, except in complex topography. The α value is found to differ significantly from 1/7 in
REF093_DynamicAlpha	1	False	2	ERA5;validation	validation sites, yet it can be reliably used in ERA5 data based on regional verification. To evaluate the global	Wind energy | validation sites, yet it can be reliably used in ERA5 data based on regional verification. To evaluate the global | spatiotemporal variation of α, we analyze the hourly α from 1980 to 2022 using ERA5 wind speed data at 10 m
REF093_DynamicAlpha	1	False	3	10 m;ERA5;spatiotemporal	spatiotemporal variation of α, we analyze the hourly α from 1980 to 2022 using ERA5 wind speed data at 10 m	validation sites, yet it can be reliably used in ERA5 data based on regional verification. To evaluate the global | spatiotemporal variation of α, we analyze the hourly α from 1980 to 2022 using ERA5 wind speed data at 10 m | and 100 m. Our findings reveal varying α value with time and geography, with particular disparities between
REF093_DynamicAlpha	1	False	1	100 m	and 100 m. Our findings reveal varying α value with time and geography, with particular disparities between	spatiotemporal variation of α, we analyze the hourly α from 1980 to 2022 using ERA5 wind speed data at 10 m | and 100 m. Our findings reveal varying α value with time and geography, with particular disparities between | land and ocean. Additionally, we observe changes related to diurnal cycles, seasons, and latitudes. This analysis
REF093_DynamicAlpha	1	False	1	10 m	The Paris Agreement calls for an accelerated reduction in global wind speed data are mostly at the height of 10 m. Problems emerge	heights usually range from 50 to 150 m above ground. Yet available | The Paris Agreement calls for an accelerated reduction in global wind speed data are mostly at the height of 10 m. Problems emerge | greenhouse gas emissions in the background of global warming. Con­ when extrapolating the observed near-surface wind speeds to the tur­
REF093_DynamicAlpha	2	False	1	spatiotemporal	into account the influence of atmospheric stability on the surface wind stability [34]. We recommend incorporating spatiotemporally differ­	formulas or others. The logarithm law is a calculation method to take analysis because such data has a considerable degree of accuracy and | into account the influence of atmospheric stability on the surface wind stability [34]. We recommend incorporating spatiotemporally differ­ | profile [5,6]. However, the parameters that this model needs to entiated α value in wind energy estimation research at any location on
REF093_DynamicAlpha	2	False	1	power law exponent	The wind power law is widely utilized to convert near-surface wind temporal variation and trends in the power law exponent α, including	conventional 1/7 exponent value. Then examines the global spatio­ | The wind power law is widely utilized to convert near-surface wind temporal variation and trends in the power law exponent α, including | speed at h1 (u1 ) to wind speed at hub-height h2 (u2 ), where α is the diurnal, seasonal, and interannual variability. Section 4 compares the
REF093_DynamicAlpha	2	False	1	power law exponent	empirically derived wind power law exponent that varies with the at­ results in this study with other published findings and discusses the	speed at h1 (u1 ) to wind speed at hub-height h2 (u2 ), where α is the diurnal, seasonal, and interannual variability. Section 4 compares the | empirically derived wind power law exponent that varies with the at­ results in this study with other published findings and discusses the | mospheric stability, surface roughness, wind speed and height interval limitations of the ERA5 results. Finally, Section 5 offers concluding re­
REF093_DynamicAlpha	2	False	1	ERA5	mospheric stability, surface roughness, wind speed and height interval limitations of the ERA5 results. Finally, Section 5 offers concluding re­	empirically derived wind power law exponent that varies with the at­ results in this study with other published findings and discusses the | mospheric stability, surface roughness, wind speed and height interval limitations of the ERA5 results. Finally, Section 5 offers concluding re­ | [7]. For this reason, an accurate α value determines whether the wind marks and summary comments.
REF093_DynamicAlpha	2	False	1	power law exponent	using a constant 1/7 value worldwide as the wind power law exponent 2.1. Data source	However, wind power law is oversimplified in previous studies by | using a constant 1/7 value worldwide as the wind power law exponent 2.1. Data source | [9–13]. The α value of 1/7 and its characteristics are debated especially
REF093_DynamicAlpha	2	False	1	ERA5	in recent studies [14–17]. In realistic circumstances, the observed power This study utilized two data sources. One is the ERA5 global rean­	[9–13]. The α value of 1/7 and its characteristics are debated especially | in recent studies [14–17]. In realistic circumstances, the observed power This study utilized two data sources. One is the ERA5 global rean­ | law exponent α exhibits spatiotemporal variation regarding the condi­ alysis hourly averaged data (https://cds.climate.copernicus.eu/cdsa
REF093_DynamicAlpha	2	False	1	spatiotemporal	law exponent α exhibits spatiotemporal variation regarding the condi­ alysis hourly averaged data (https://cds.climate.copernicus.eu/cdsa	in recent studies [14–17]. In realistic circumstances, the observed power This study utilized two data sources. One is the ERA5 global rean­ | law exponent α exhibits spatiotemporal variation regarding the condi­ alysis hourly averaged data (https://cds.climate.copernicus.eu/cdsa | tions including atmospheric stability and surface roughness [18–20]. pp#!/dataset/reanalysis-era5-single-levels?tab=form) [35]. ERA5 data
REF093_DynamicAlpha	2	False	1	ERA5	tions including atmospheric stability and surface roughness [18–20]. pp#!/dataset/reanalysis-era5-single-levels?tab=form) [35]. ERA5 data	law exponent α exhibits spatiotemporal variation regarding the condi­ alysis hourly averaged data (https://cds.climate.copernicus.eu/cdsa | tions including atmospheric stability and surface roughness [18–20]. pp#!/dataset/reanalysis-era5-single-levels?tab=form) [35]. ERA5 data | Besides, the 1/7 α value has poor representativeness in many regions is the fifth-generation data provided by the European Centre for
REF093_DynamicAlpha	2	False	1	power law exponent	to analyze the characteristics of the power law exponent α of the wind data in the world, assuring the reliability of the data used in this study.	studies using in-situ measurements [19], lidars and sodars [26,27] data of the largest supercomputers facilitating and archiving meteorological | to analyze the characteristics of the power law exponent α of the wind data in the world, assuring the reliability of the data used in this study. | profile, which claim that α value with spatial and temporal variation can Some studies have shown that the near-surface wind speeds from the
REF093_DynamicAlpha	2	False	1	ERA5	be more accurate in estimating wind energy than using fixed value. ERA5 reanalysis data are closer to the measured data than several other	profile, which claim that α value with spatial and temporal variation can Some studies have shown that the near-surface wind speeds from the | be more accurate in estimating wind energy than using fixed value. ERA5 reanalysis data are closer to the measured data than several other | However, these early studies using measurement data are plagued by reanalysis data products [36]. The ERA5 reanalysis data are widely used
REF093_DynamicAlpha	2	False	1	ERA5	However, these early studies using measurement data are plagued by reanalysis data products [36]. The ERA5 reanalysis data are widely used	be more accurate in estimating wind energy than using fixed value. ERA5 reanalysis data are closer to the measured data than several other | However, these early studies using measurement data are plagued by reanalysis data products [36]. The ERA5 reanalysis data are widely used | spatial and temporal data limitations, making global analysis difficult. as the data source for many studies on wind speeds and the wind power
REF093_DynamicAlpha	2	False	1	ERA5	There are also remote sensing data [28,29] and reanalysis data [30,31] law [32,37,38]. Here we used ERA5 global hourly averaged reanalysis	spatial and temporal data limitations, making global analysis difficult. as the data source for many studies on wind speeds and the wind power | There are also remote sensing data [28,29] and reanalysis data [30,31] law [32,37,38]. Here we used ERA5 global hourly averaged reanalysis | that are used for wind speed extrapolation on a large regional scale, data from 1980 to 2022 to investigate the spatial and temporal variation
REF093_DynamicAlpha	2	False	1	power law exponent	though the data from satellites are normally limited over the ocean. of the power law exponent on a global scale. This 0.25◦ × 0.25◦ reso­	that are used for wind speed extrapolation on a large regional scale, data from 1980 to 2022 to investigate the spatial and temporal variation | though the data from satellites are normally limited over the ocean. of the power law exponent on a global scale. This 0.25◦ × 0.25◦ reso­ | With the ascendance of offshore wind turbines, assessments of offshore lution gridded dataset provides the u-component and v-component of
REF093_DynamicAlpha	2	False	2	10 m;100 m	wind energy potential are becoming increasingly critical as well as the wind speeds at 10 m and 100 m.	With the ascendance of offshore wind turbines, assessments of offshore lution gridded dataset provides the u-component and v-component of | wind energy potential are becoming increasingly critical as well as the wind speeds at 10 m and 100 m. | onshore wind energy. While Jung’s study has analyzed the properties of Another data source is the anemometer wind tower data provided by
REF093_DynamicAlpha	2	False	1	wind tower	onshore wind energy. While Jung’s study has analyzed the properties of Another data source is the anemometer wind tower data provided by	wind energy potential are becoming increasingly critical as well as the wind speeds at 10 m and 100 m. | onshore wind energy. While Jung’s study has analyzed the properties of Another data source is the anemometer wind tower data provided by | α using global land data, it ignored the broader ocean and compute the Mingyang Smart Energy Company (http://www.myse.com.cn/). There
REF093_DynamicAlpha	2	False	1	spatiotemporal	urgent and necessary for a global assessment of spatiotemporal variation capable of measuring wind speed at multiple heights. Table 1 depicts the	global grids only on the seasonal temporal scale [32]. Therefore, it is are a total of eight towers positioned across China, each of which is | urgent and necessary for a global assessment of spatiotemporal variation capable of measuring wind speed at multiple heights. Table 1 depicts the | of α on covering both land and ocean for more accurate and efficient information for each tower. The data range from over a year to more
REF093_DynamicAlpha	2	False	2	wind tower;validation	In this study, we use wind tower data as a regional validation to test Table 1	done globally before. | In this study, we use wind tower data as a regional validation to test Table 1 | whether the wind profile follows the power law and calculate the The information of the 8-wind tower measured data.
REF093_DynamicAlpha	2	False	1	wind tower	whether the wind profile follows the power law and calculate the The information of the 8-wind tower measured data.	In this study, we use wind tower data as a regional validation to test Table 1 | whether the wind profile follows the power law and calculate the The information of the 8-wind tower measured data. | exponent α for each tower using a statistical model. The measured α Wind tower Location Terrain Time of data Height of data
REF093_DynamicAlpha	2	False	1	wind tower	exponent α for each tower using a statistical model. The measured α Wind tower Location Terrain Time of data Height of data	whether the wind profile follows the power law and calculate the The information of the 8-wind tower measured data. | exponent α for each tower using a statistical model. The measured α Wind tower Location Terrain Time of data Height of data | values are then compared to the commonly used 1/7 value and rean­
REF093_DynamicAlpha	2	False	1	wind tower	sons. In our study, the wind tower data are accessible only in China, they 88◦ E m	reanalysis may underestimate α value [33], but rarely other compari­ Xinjiang 43◦ N Dessert 2018.1–2018.12 10/30/50/70 | sons. In our study, the wind tower data are accessible only in China, they 88◦ E m | Jiangxi 26◦ N Mountain 2016.1–2016.12 10/30/50/70/
REF093_DynamicAlpha	2	False	1	spatiotemporal	we use global reanalysis data to investigate the spatiotemporal features, 113◦ E 80/90 m	values follow the power law and how close they are to 1/7. Meanwhile, Shanxi 37◦ N Mountain 2019.5–2020.4 10/30/50/70/ | we use global reanalysis data to investigate the spatiotemporal features, 113◦ E 80/90 m | diurnal, seasonal and interannual variation, and trends of α at a global Anhui 33◦ N Plain 2018.11–2019.10 10/30/50/70/
REF093_DynamicAlpha	2	False	1	100 m	120◦ E 80/90/100 m	studies mentioned above use short-term high-frequency observation | 120◦ E 80/90/100 m
REF093_DynamicAlpha	3	False	1	10 m	towers are at several different heights range from 10 m to 140 m above ln hh12	value. It is important to note that the measured wind speeds of eight α= ( ) (2) | towers are at several different heights range from 10 m to 140 m above ln hh12 | ground level. Each tower contains at least four different heights, because
REF093_DynamicAlpha	3	False	1	100 m	towers range in altitudes from below 100 m to over 3000 m. The satellite	regressions or directly using data from two heights. It should be noted | towers range in altitudes from below 100 m to over 3000 m. The satellite | that we used the square root of u-component squared plus v-component
REF093_DynamicAlpha	3	False	2	10 m;100 m	squared of the 10 m and 100 m wind speeds respectively to directly	images surrounding the towers are obtained from Google Earth, allow­ | squared of the 10 m and 100 m wind speeds respectively to directly | ing the topography around the towers to be approximated. These towers
REF093_DynamicAlpha	3	False	1	ERA5	calculate the α value for the ERA5 reanalysis wind speed data:	ing the topography around the towers to be approximated. These towers | calculate the α value for the ERA5 reanalysis wind speed data: | can be found in various terrains, including plains, deserts and moun­
REF093_DynamicAlpha	3	False	1	wind tower	high in the specification as the anemometer wind towers data used in √̅̅̅̅̅̅̅̅̅̅̅̅̅̅̅̅̅̅̅̅̅̅̅̅̅̅̅̅̅̅̅̅̅̅̅̅̅̅̅̅̅̅̅̅̅̅̅̅̅̅̅	used in previous studies which we have mentioned before are rarely as | high in the specification as the anemometer wind towers data used in √̅̅̅̅̅̅̅̅̅̅̅̅̅̅̅̅̅̅̅̅̅̅̅̅̅̅̅̅̅̅̅̅̅̅̅̅̅̅̅̅̅̅̅̅̅̅̅̅̅̅̅ | this study, whether in terms of the diverse topography, high temporal u100 = (uwind100 )2 + (vwind100 )2 (4)
REF093_DynamicAlpha	3	False	1	power law exponent	power law exponent as follows: ( )α	made a simple transformation of the way it is written to calculate the based on the least-squared approach and the transformation of Eq. (1): | power law exponent as follows: ( )α | h
REF093_DynamicAlpha	3	False	1	10 m	where h is the height correspond to Table 1 except 10 m, u is the cor­	where h is the height correspond to Table 1 except 10 m, u is the cor­ | responding wind speed and u10 is the wind speed at 10 m, b is the error
REF093_DynamicAlpha	3	False	1	10 m	responding wind speed and u10 is the wind speed at 10 m, b is the error	where h is the height correspond to Table 1 except 10 m, u is the cor­ | responding wind speed and u10 is the wind speed at 10 m, b is the error
REF093_DynamicAlpha	3	True	4	wind tower	Fig. 1. The location of eight wind towers. The towers are distributed in China, and their images are obtained from the screenshots on Google Earth.	Fig. 1. The location of eight wind towers. The towers are distributed in China, and their images are obtained from the screenshots on Google Earth.
REF093_DynamicAlpha	4	False	1	wind tower	term according to statistical principle. This equation designates u as the data from the eight wind towers (Table 1). First, Gap test, Syntax test	term according to statistical principle. This equation designates u as the data from the eight wind towers (Table 1). First, Gap test, Syntax test | dependent variable because the source of errors lies in the deviations of and Gross range test are used for the quality control of the tower data in
REF093_DynamicAlpha	4	False	1	wind tower	viation of u, which is also consistent with the physical mechanism of within the normal range of wind tower monitoring and can be used	wind speed, making our regression procedure aim to minimize the de­ order to make sure the data ensure that the data are time-continuous, | viation of u, which is also consistent with the physical mechanism of within the normal range of wind tower monitoring and can be used | power law. We use the coefficient of determination (denoted R2) as the for calculation through coding [42]. Then derive hourly α values from
REF093_DynamicAlpha	4	True	3		Fig. 2 depicts the one-year monthly and diurnal mean α results of	2,j | Fig. 2 depicts the one-year monthly and diurnal mean α results of | eight towers. The α value between each tower varies greatly, the range is
REF093_DynamicAlpha	4	False	1	validation	2.3. Validation of measured data based on linear regression depicts similar characteristics but generally	teristic that α values are lower in the daytime and higher at night. Fig. S2 | 2.3. Validation of measured data based on linear regression depicts similar characteristics but generally | larger values. Generally, the result shows that the α value has spatio­
REF093_DynamicAlpha	4	False	1	wind tower	For the comparison of reanalysis data and wind tower data, we temporal variation and significantly different from 1/7, which requires	larger values. Generally, the result shows that the α value has spatio­ | For the comparison of reanalysis data and wind tower data, we temporal variation and significantly different from 1/7, which requires | compare the errors among hourly reanalysis α value, measured α value more accurate estimation.
REF093_DynamicAlpha	4	False	1	ERA5	3.2. Compare ERA5 α values and 1/7 against in-situ measurements	following equation: | 3.2. Compare ERA5 α values and 1/7 against in-situ measurements | |αt − αe |
REF093_DynamicAlpha	4	False	1	ERA5	from the ERA5 reanalysis global gridded data for the eight anemometer	|αt − 1∕7| We extracted the gridded data with corresponding space and time | from the ERA5 reanalysis global gridded data for the eight anemometer | where αt and αe are the α values from wind tower data and ERA5 wind tower locations (Fig. 1) and calculate the hourly α value. It is very
REF093_DynamicAlpha	4	False	2	ERA5;wind tower	where αt and αe are the α values from wind tower data and ERA5 wind tower locations (Fig. 1) and calculate the hourly α value. It is very	from the ERA5 reanalysis global gridded data for the eight anemometer | where αt and αe are the α values from wind tower data and ERA5 wind tower locations (Fig. 1) and calculate the hourly α value. It is very | reanalysis data respectively. important that the ERA5 data results can show the fluctuation of α value.
REF093_DynamicAlpha	4	False	1	ERA5	reanalysis data respectively. important that the ERA5 data results can show the fluctuation of α value.	where αt and αe are the α values from wind tower data and ERA5 wind tower locations (Fig. 1) and calculate the hourly α value. It is very | reanalysis data respectively. important that the ERA5 data results can show the fluctuation of α value. | Fig. 3 exhibits the mean value of diurnal and monthly fluctuations in
REF093_DynamicAlpha	4	True	3		Fig. 3 exhibits the mean value of diurnal and monthly fluctuations in	reanalysis data respectively. important that the ERA5 data results can show the fluctuation of α value. | Fig. 3 exhibits the mean value of diurnal and monthly fluctuations in | 3. Result tower Jiangsu_Seaside. Comparing the ERA5 data with the measured
REF093_DynamicAlpha	4	False	1	ERA5	3. Result tower Jiangsu_Seaside. Comparing the ERA5 data with the measured	Fig. 3 exhibits the mean value of diurnal and monthly fluctuations in | 3. Result tower Jiangsu_Seaside. Comparing the ERA5 data with the measured | data, the variation of the α value between day and night and between
REF093_DynamicAlpha	4	False	1	validation	3.1. Validation of power law months can be well displayed (i.e., α value is lower in the day and higher	data, the variation of the α value between day and night and between | 3.1. Validation of power law months can be well displayed (i.e., α value is lower in the day and higher | at night), and the reflection of such fluctuations probably cause the 1/7
REF093_DynamicAlpha	4	False	2	wind tower;validation	wind tower data to determine the α value. If the validation results are from Section 2.3 is used to verify the measured data (Fig. 4 & S3).	heights conform to the power law distribution, we used the anemometer discrepancy is more favorable or not than uniformly using 1/7, Eq. (7) | wind tower data to determine the α value. If the validation results are from Section 2.3 is used to verify the measured data (Fig. 4 & S3). | not aligned with the power law, we will need to consider whether Assuming that the fitted α from the measured data to be the accurate
REF093_DynamicAlpha	4	False	1	ERA5	wind speeds at various heights. from ERA5 is closer to the measured value compared to the 1/7. From	alternative equations, such as the log law, should be used to calculate value, as long as the ratio is less than 1, we believe that the result derived | wind speeds at various heights. from ERA5 is closer to the measured value compared to the 1/7. From | The validation of the power law exponent is used for the measured the original hourly data, only three towers have a ratio less than 1 for
REF093_DynamicAlpha	4	False	2	power law exponent;validation	The validation of the power law exponent is used for the measured the original hourly data, only three towers have a ratio less than 1 for	wind speeds at various heights. from ERA5 is closer to the measured value compared to the 1/7. From | The validation of the power law exponent is used for the measured the original hourly data, only three towers have a ratio less than 1 for
REF093_DynamicAlpha	4	True	3		Table 2	Table 2 | Validation of power law in 8 towers. The first row refers to the percentage of determination coefficient R2 which calculated from the fitted α value that larger than 0.5
REF093_DynamicAlpha	4	False	1	validation	Validation of power law in 8 towers. The first row refers to the percentage of determination coefficient R2 which calculated from the fitted α value that larger than 0.5	Table 2 | Validation of power law in 8 towers. The first row refers to the percentage of determination coefficient R2 which calculated from the fitted α value that larger than 0.5 | among all the hourly data in one year. The second row is the percentage of p-value of the nonlinear fitting that smaller than 0.05 among all the hourly data in one year.
REF093_DynamicAlpha	5	True	3		Fig. 2. Mean α value of eight towers. (a) is annual and monthly mean of hourly α value. (b) is the diurnal mean of hourly α value.	Fig. 2. Mean α value of eight towers. (a) is annual and monthly mean of hourly α value. (b) is the diurnal mean of hourly α value.
REF093_DynamicAlpha	5	True	3		Fig. 3. An example of analysis in tower Jiangsu_Seaside. The major figure shows the diurnal variation of α value calculated from measured and reanalysis data. The	Fig. 3. An example of analysis in tower Jiangsu_Seaside. The major figure shows the diurnal variation of α value calculated from measured and reanalysis data. The | small figure shows the monthly variation. Two data are compared with 1/7.
REF093_DynamicAlpha	5	False	2	100 m;ERA5	reanalysis data of ERA5 in wind energy production as a calculation basis small wind speed at 100 m and large near-surface wind, which has	to the results of linear model). Overall, the calculation error of using the find that these abnormal regions are mainly caused by the relatively | reanalysis data of ERA5 in wind energy production as a calculation basis small wind speed at 100 m and large near-surface wind, which has | is smaller than that of uniformly using 1/7, illustrating that using ERA5 similar patterns in other studies [45]. This could be related to the desert
REF093_DynamicAlpha	5	False	1	ERA5	is smaller than that of uniformly using 1/7, illustrating that using ERA5 similar patterns in other studies [45]. This could be related to the desert	reanalysis data of ERA5 in wind energy production as a calculation basis small wind speed at 100 m and large near-surface wind, which has | is smaller than that of uniformly using 1/7, illustrating that using ERA5 similar patterns in other studies [45]. This could be related to the desert | data are valuable for reference. climate or the sudden increase in elevation that have influence on sur­
REF093_DynamicAlpha	5	False	1	spatiotemporal	To make the spatiotemporal variation of α value analysis be exam­ For example, when the prevailing wind direction is consistent with the	large near-surface wind speed at the direction of the mountain gap [47]. | To make the spatiotemporal variation of α value analysis be exam­ For example, when the prevailing wind direction is consistent with the | ined on larger spatial and temporal scales, the global gridded wind speed direction of a canyon, the narrow space can accelerate the 10 m wind
REF093_DynamicAlpha	5	False	1	10 m	ined on larger spatial and temporal scales, the global gridded wind speed direction of a canyon, the narrow space can accelerate the 10 m wind	To make the spatiotemporal variation of α value analysis be exam­ For example, when the prevailing wind direction is consistent with the | ined on larger spatial and temporal scales, the global gridded wind speed direction of a canyon, the narrow space can accelerate the 10 m wind | reanalysis data are used for the subsequent analyses. speed, while the wind speed at upper-level has little effect, which has a
REF093_DynamicAlpha	5	True	3		Fig. 5 illustrates the multi-year mean α value from 1980 to 2022, time pattern of fluctuation. The relevant study also considers smaller α	reanalysis data are used for the subsequent analyses. speed, while the wind speed at upper-level has little effect, which has a | Fig. 5 illustrates the multi-year mean α value from 1980 to 2022, time pattern of fluctuation. The relevant study also considers smaller α | derived from the 10 m and 100 m wind speeds. The annual values vary value in mountainous regions with stronger mixing of atmospheric
REF093_DynamicAlpha	5	False	2	10 m;100 m	derived from the 10 m and 100 m wind speeds. The annual values vary value in mountainous regions with stronger mixing of atmospheric	Fig. 5 illustrates the multi-year mean α value from 1980 to 2022, time pattern of fluctuation. The relevant study also considers smaller α | derived from the 10 m and 100 m wind speeds. The annual values vary value in mountainous regions with stronger mixing of atmospheric | from the winter and summer values, represented by January and July, turbulence [41]. However, some studies also find that there may be
REF093_DynamicAlpha	5	False	1	ERA5	respectively, and the spatial variation are also shown as well. Most land biases when applying ERA5 data to mountainous and coastal regions	from the winter and summer values, represented by January and July, turbulence [41]. However, some studies also find that there may be | respectively, and the spatial variation are also shown as well. Most land biases when applying ERA5 data to mountainous and coastal regions | areas have α values higher than 1/7, while most ocean areas have α [48]. The average α value in the ocean increases as it moves from the
REF093_DynamicAlpha	5	False	2	10 m;100 m	negative, indicating that the 10 m wind speed is greater than the 100 m roughness, which leads to obvious regional variation. In the ocean,	are a few regions in the low latitude ocean area where the α value is winters. The difference in α values on land is mainly caused by surface | negative, indicating that the 10 m wind speed is greater than the 100 m roughness, which leads to obvious regional variation. In the ocean, | wind speed due to the smooth surface of the ocean. A region with a however, surface roughness is very low, so the difference in α is mainly
REF093_DynamicAlpha	6	True	3		Fig. 4. Comparison of reanalysis data and 1/7 with measured data. (a). The ratio is calculated from the original hourly value in one year. (b). The ratio is calculated	Fig. 4. Comparison of reanalysis data and 1/7 with measured data. (a). The ratio is calculated from the original hourly value in one year. (b). The ratio is calculated | from the monthly mean value in one year.
REF093_DynamicAlpha	7	True	3		Fig. 5. Spatial pattern of multi-year average α value calculated from annual, January, and July data on a global scale. (a) The multi-year average α value of the 43	Fig. 5. Spatial pattern of multi-year average α value calculated from annual, January, and July data on a global scale. (a) The multi-year average α value of the 43 | years. (b) The multi-year average α value in January of the 43 years. (c) The multi-year average α value in July of the 43 years.
REF093_DynamicAlpha	7	True	3		Fig. 7 shows small fluctuations in monthly average values when sepa­ 3.6. Interannual variability	upper-level wind speed estimation at different periods. For example, | Fig. 7 shows small fluctuations in monthly average values when sepa­ 3.6. Interannual variability | rating land and ocean areas in the Northern and Southern Hemispheres.
REF093_DynamicAlpha	8	True	3		Table 3	Table 3 | National multi-year average α value from maximum to minimum for 172 major countries and regions.
REF093_DynamicAlpha	8	False	1	ERA5	3.7. Trend of α value 4.1. ERA5 α value and other studies’ results	3.7. Trend of α value 4.1. ERA5 α value and other studies’ results
REF093_DynamicAlpha	8	False	1	power law exponent	average α value of roughly 0.168 for global land and 0.064 for ocean in analyze the power law exponent α value and the influence of wind speed	The multi-year global average α value is lower than 0.1, with the Previous research used the global reanalysis wind speed dataset to | average α value of roughly 0.168 for global land and 0.064 for ocean in analyze the power law exponent α value and the influence of wind speed | Fig. 10. The interannual fluctuation of α value is not obvious compared on wind energy [32]. Still, their analyses are restrained only to the land
REF093_DynamicAlpha	8	True	3		Fig. 10. The interannual fluctuation of α value is not obvious compared on wind energy [32]. Still, their analyses are restrained only to the land	average α value of roughly 0.168 for global land and 0.064 for ocean in analyze the power law exponent α value and the influence of wind speed | Fig. 10. The interannual fluctuation of α value is not obvious compared on wind energy [32]. Still, their analyses are restrained only to the land | with diurnal and monthly temporal variation and spatial variation, so area. In this study, we use the global data and compare the land α values
REF093_DynamicAlpha	8	False	1	ERA5	tically significant refer to p-value larger than0.05, which stands for there first combined the measured data with the ERA5 data for analysis, which	the global, land and ocean mean values, and the trends are not statis­ smaller than 1/7. The obvious difference from our research is that we | tically significant refer to p-value larger than0.05, which stands for there first combined the measured data with the ERA5 data for analysis, which | is no obvious trend when the global mean values are considered. is verified by the real value. This makes it more reliable when using
REF093_DynamicAlpha	8	False	1	ERA5	Although there is no significant trend when calculating the results of the ERA5 data for global analysis. Similar analyzes in Jung’s study to ours	is no obvious trend when the global mean values are considered. is verified by the real value. This makes it more reliable when using | Although there is no significant trend when calculating the results of the ERA5 data for global analysis. Similar analyzes in Jung’s study to ours | entire land or ocean, we need to know if there is a clear trend in some are presented in Figs. 6 and 10 of this study. From the view of the dis­
REF093_DynamicAlpha	9	True	3		Table 4 the ocean at a global scale [15,20,26,27,41]. Similar to previous studies,	Table 4 the ocean at a global scale [15,20,26,27,41]. Similar to previous studies, | Multi-year average α value in different climate types according to the Koppen our results also show that the α value is smaller in unstable conditions
REF093_DynamicAlpha	9	False	1	10 m	Dsc Cold-Dry_Summer-Cold_Summer 0.210 mountainous terrain, which has a similar result as the previous research	Cwa Temperate-Dry_Winter-Hot_Summer 0.210 | Dsc Cold-Dry_Summer-Cold_Summer 0.210 mountainous terrain, which has a similar result as the previous research | Cwb Temperate-Dry_Winter-Warm_Summer 0.192 [32]. As for wind energy assessment, the trends of global wind speed
REF093_DynamicAlpha	9	False	1	wind tower	Dwd Cold-Dry_Winter-Very_Cold_Winter 0.190 conducted using wind towers or lidar measurements. These studies focus	Dsd Cold-Dry_Summer-Very_Cold_Winter 0.213 | Dwd Cold-Dry_Winter-Very_Cold_Winter 0.190 conducted using wind towers or lidar measurements. These studies focus | on one region and have spatial limitations. Some studies use measured
REF093_DynamicAlpha	9	False	1	wind tower	the monthly variation of α is calculated by distinguishing between land to do using wind towers, radar, remote sensing data, or reanalysis data	the spatial and temporal variation of α is analyzed in more detail, and spatial breadth. This is something that many previous studies have failed | the monthly variation of α is calculated by distinguishing between land to do using wind towers, radar, remote sensing data, or reanalysis data | and ocean, and latitudes. We also analyzed the diurnal and interannual alone.
REF093_DynamicAlpha	9	False	1	ERA5	4.2. Limitations of the ERA5 results	It is consistent with previous findings that the ocean α value is about | 4.2. Limitations of the ERA5 results | 0.11 under near-neutral stable conditions, deduced from several site
REF093_DynamicAlpha	9	False	1	ERA5	Since each grid in the ERA5 reanalysis data covers a certain spatial	Our α results have smaller values on the coastal areas compared to wind | Since each grid in the ERA5 reanalysis data covers a certain spatial | tower results in another study [21]. The clear differences and opposite
REF093_DynamicAlpha	9	False	2	ERA5;wind tower	of ERA5 will not be as accurate as the one using a wind tower data	with previous studies [26]. In our study, α values on land are smaller in | of ERA5 will not be as accurate as the one using a wind tower data | summer and larger in winter, this feature also appears in many studies
REF093_DynamicAlpha	9	True	3		Fig. 6. Diurnal variation of α value. Global land raster data is used to separate the land and ocean areas. The local time is based on UTC time zone. Buffer areas refer	Fig. 6. Diurnal variation of α value. Global land raster data is used to separate the land and ocean areas. The local time is based on UTC time zone. Buffer areas refer | to the 12 interannual monthly mean value in every hour during 1980–2022. (a) Global averaged α value in each hour. (b) Global land averaged α value in each hour.
REF093_DynamicAlpha	10	True	3		Fig. 7. Seasonal variation of α value in land and ocean in the Northern and Southern Hemispheres. (a) is the land mean α value in North and South Hemisphere	Fig. 7. Seasonal variation of α value in land and ocean in the Northern and Southern Hemispheres. (a) is the land mean α value in North and South Hemisphere | differentiated over the 12 months. (b) is the ocean mean α value in Northern and Southern Hemisphere differentiated over the 12 months.
REF093_DynamicAlpha	10	True	3		Fig. 8. The seasonal and latitudinal variation of α value. Global land raster data is used to separate the land and ocean areas.	Fig. 8. The seasonal and latitudinal variation of α value. Global land raster data is used to separate the land and ocean areas.
REF093_DynamicAlpha	10	False	1	wind tower	accurate especially in complex terrain. the wind profile by using the anemometer wind tower data located in	proves, the α results associated with this study will also become more In this study, we first verified the characteristics of the power law of | accurate especially in complex terrain. the wind profile by using the anemometer wind tower data located in | When calculating α, the ERA5 α is calculated directly using the two China. Our findings confirmed that, the power law is appliable at
REF093_DynamicAlpha	10	False	1	ERA5	When calculating α, the ERA5 α is calculated directly using the two China. Our findings confirmed that, the power law is appliable at	accurate especially in complex terrain. the wind profile by using the anemometer wind tower data located in | When calculating α, the ERA5 α is calculated directly using the two China. Our findings confirmed that, the power law is appliable at | heights of 10 m and 100 m, which will bring errors. These errors arise different time scales and spatial ranges. And there are obvious differ­
REF093_DynamicAlpha	10	False	2	10 m;100 m	heights of 10 m and 100 m, which will bring errors. These errors arise different time scales and spatial ranges. And there are obvious differ­	When calculating α, the ERA5 α is calculated directly using the two China. Our findings confirmed that, the power law is appliable at | heights of 10 m and 100 m, which will bring errors. These errors arise different time scales and spatial ranges. And there are obvious differ­ | from variation in the height ranges utilized and variation in the number ences between the power law exponent and 1/7. Then we compared the
REF093_DynamicAlpha	10	False	1	power law exponent	from variation in the height ranges utilized and variation in the number ences between the power law exponent and 1/7. Then we compared the	heights of 10 m and 100 m, which will bring errors. These errors arise different time scales and spatial ranges. And there are obvious differ­ | from variation in the height ranges utilized and variation in the number ences between the power law exponent and 1/7. Then we compared the | and intervals of adjacent heights employed (a challenge inherent in measured data and reanalysis data, which regional verification can serve
REF093_DynamicAlpha	10	False	1	ERA5	tower α as well). A study investigated α values within three height as a reliability for global research using ERA5 data. This comparison	and intervals of adjacent heights employed (a challenge inherent in measured data and reanalysis data, which regional verification can serve | tower α as well). A study investigated α values within three height as a reliability for global research using ERA5 data. This comparison | ranges spanning 10 m to 80 m using a meteorological tower. Different provided compelling evidence regarding the importance and reliability
REF093_DynamicAlpha	10	False	1	10 m	ranges spanning 10 m to 80 m using a meteorological tower. Different provided compelling evidence regarding the importance and reliability	tower α as well). A study investigated α values within three height as a reliability for global research using ERA5 data. This comparison | ranges spanning 10 m to 80 m using a meteorological tower. Different provided compelling evidence regarding the importance and reliability | ranges imply discrepancies in the number of heights considered and the of using ERA5 reanalysis data to analyze the power law exponent α.
REF093_DynamicAlpha	10	False	2	ERA5;power law exponent	ranges imply discrepancies in the number of heights considered and the of using ERA5 reanalysis data to analyze the power law exponent α.	ranges spanning 10 m to 80 m using a meteorological tower. Different provided compelling evidence regarding the importance and reliability | ranges imply discrepancies in the number of heights considered and the of using ERA5 reanalysis data to analyze the power law exponent α. | height intervals used, especially including the 10 m wind speed. This Afterwards, we used reanalysis data from ERA5 to determine the global
REF093_DynamicAlpha	10	False	2	10 m;ERA5	height intervals used, especially including the 10 m wind speed. This Afterwards, we used reanalysis data from ERA5 to determine the global	ranges imply discrepancies in the number of heights considered and the of using ERA5 reanalysis data to analyze the power law exponent α. | height intervals used, especially including the 10 m wind speed. This Afterwards, we used reanalysis data from ERA5 to determine the global | variation stems from the heightened atmospheric instability near the power law exponent, after validating the power law with measured data
REF093_DynamicAlpha	10	False	1	power law exponent	variation stems from the heightened atmospheric instability near the power law exponent, after validating the power law with measured data	height intervals used, especially including the 10 m wind speed. This Afterwards, we used reanalysis data from ERA5 to determine the global | variation stems from the heightened atmospheric instability near the power law exponent, after validating the power law with measured data | ground [19]. Due to data constraints, our calculations are limited to two obtained from wind towers. This approach allowed us to establish a
REF093_DynamicAlpha	10	False	1	wind tower	ground [19]. Due to data constraints, our calculations are limited to two obtained from wind towers. This approach allowed us to establish a	variation stems from the heightened atmospheric instability near the power law exponent, after validating the power law with measured data | ground [19]. Due to data constraints, our calculations are limited to two obtained from wind towers. This approach allowed us to establish a | heights. In the absence of such constraints, we would prefer utilizing as comprehensive characterization of the power law exponent on a global
REF093_DynamicAlpha	10	False	1	power law exponent	heights. In the absence of such constraints, we would prefer utilizing as comprehensive characterization of the power law exponent on a global	ground [19]. Due to data constraints, our calculations are limited to two obtained from wind towers. This approach allowed us to establish a | heights. In the absence of such constraints, we would prefer utilizing as comprehensive characterization of the power law exponent on a global | many heights as possible to mitigate errors, akin to the approach taken scale. On the temporal scale, we distinguished the diurnal, monthly and
REF093_DynamicAlpha	10	False	1	wind tower	with wind tower data. annual average data, and then analyzed the average value, STD and	many heights as possible to mitigate errors, akin to the approach taken scale. On the temporal scale, we distinguished the diurnal, monthly and | with wind tower data. annual average data, and then analyzed the average value, STD and | In addition, when we use wind tower data to compare and verify the trend of the power law exponent α. On the spatial scale, we categorized
REF093_DynamicAlpha	10	False	2	power law exponent;wind tower	In addition, when we use wind tower data to compare and verify the trend of the power law exponent α. On the spatial scale, we categorized	with wind tower data. annual average data, and then analyzed the average value, STD and | In addition, when we use wind tower data to compare and verify the trend of the power law exponent α. On the spatial scale, we categorized | ERA5 results, all wind towers are located in China due to difficulties in the data into land, ocean, and different latitudes for a comprehensive
REF093_DynamicAlpha	10	False	2	ERA5;wind tower	ERA5 results, all wind towers are located in China due to difficulties in the data into land, ocean, and different latitudes for a comprehensive	In addition, when we use wind tower data to compare and verify the trend of the power law exponent α. On the spatial scale, we categorized | ERA5 results, all wind towers are located in China due to difficulties in the data into land, ocean, and different latitudes for a comprehensive | obtaining data. This only shows that the ERA5 results are reliable at analysis of the global characteristic of α.
REF093_DynamicAlpha	10	False	1	ERA5	obtaining data. This only shows that the ERA5 results are reliable at analysis of the global characteristic of α.	ERA5 results, all wind towers are located in China due to difficulties in the data into land, ocean, and different latitudes for a comprehensive | obtaining data. This only shows that the ERA5 results are reliable at analysis of the global characteristic of α. | these locations, not a global validation. In the future, we hope to expand The α value exhibits varying degrees of spatiotemporal variation
REF093_DynamicAlpha	10	False	2	validation;spatiotemporal	these locations, not a global validation. In the future, we hope to expand The α value exhibits varying degrees of spatiotemporal variation	obtaining data. This only shows that the ERA5 results are reliable at analysis of the global characteristic of α. | these locations, not a global validation. In the future, we hope to expand The α value exhibits varying degrees of spatiotemporal variation | the location of measurement around the world and conduct global across different scales of analysis scenarios. Generally, α values on land
REF093_DynamicAlpha	11	True	3		Fig. 9. Spatial pattern of the standard variation (STD) of α value. (a) STD of α value of the 43 years. (b) STD of α value in January of the 43 years. (c) STD of α value	Fig. 9. Spatial pattern of the standard variation (STD) of α value. (a) STD of α value of the 43 years. (b) STD of α value in January of the 43 years. (c) STD of α value | in July of 43 years.
REF093_DynamicAlpha	11	True	3		Fig. 10. Time series of α value. (a)-(c) are the interannual average α value data of the globe, land, and ocean areas. Red lines show their trends fitted by least square	Fig. 10. Time series of α value. (a)-(c) are the interannual average α value data of the globe, land, and ocean areas. Red lines show their trends fitted by least square | linear regression, and p-value based on t-test. (For interpretation of the references to colour in this figure legend, the reader is referred to the web version of
REF093_DynamicAlpha	11	False	1	spatiotemporal	smaller than 1/7. The results illustrate a gradual decrease in the α value Our results show significant spatiotemporal variation in the α value	smaller than 1/7. The results illustrate a gradual decrease in the α value Our results show significant spatiotemporal variation in the α value | from the equator to the poles on land, while in the ocean, it exhibits an across different regions of the globe. Furthermore, the α value obtained
REF093_DynamicAlpha	12	True	3		Fig. 11. Spatial pattern of the trend in α value. (a) The trend of α value of the 43 years. (b) The trend of α value in January of the 43 years. (c) The trend of α value in	Fig. 11. Spatial pattern of the trend in α value. (a) The trend of α value of the 43 years. (b) The trend of α value in January of the 43 years. (c) The trend of α value in | July of the 43 years. The black dot shows the least squares linear fitted trend’s p-value less than 0.05 that based on t-test, defined as significant.
REF093_DynamicAlpha	12	False	1	power law exponent	same time, our improved estimations of the power law exponent α can	world, which cannot be provided by previous regional studies. At the | same time, our improved estimations of the power law exponent α can | be applied by renewable energy developers to assess wind energy po­ Declaration of Competing Interest
REF093_DynamicAlpha	12	False	1	ERA5	and spatial variation calculated by ERA5 public, and readers can access	research, we will make the data of the global α value with temporal | and spatial variation calculated by ERA5 public, and readers can access | This study was supported by the National Natural Science Founda­
REF093_DynamicAlpha	13	False	1	power law exponent	[5] Kelly M, Gryning SE. Long-term mean wind profiles based on similarity theory. [32] Jung C, Schindler D. The role of the power law exponent in wind energy	[4] DTU. Global Wind Atlas. Available online: https://globalwindatlas.info/en/; 2023. 2021;12(1). https://doi.org/10.1038/s41467-021-26355-z. | [5] Kelly M, Gryning SE. Long-term mean wind profiles based on similarity theory. [32] Jung C, Schindler D. The role of the power law exponent in wind energy | Bound-Layer Meteorol 2010;136(3):377–90. https://doi.org/10.1007/s10546- assessment: a global analysis. Int J Energy Res 2021;45(6):8484–96. https://doi.
REF093_DynamicAlpha	13	False	1	ERA5	[8] Sharma PK, Warudkar V, Ahmed S. Effect of atmospheric stability on the wind [35] Hersbach H, et al. The ERA5 global reanalysis. Q J R Meteorol Soc 2020;146(730):	org/10.1016/j.rser.2018.12.015. Renew Energy 2022;190:156–66. https://doi.org/10.1016/j.renene.2022.03.110. | [8] Sharma PK, Warudkar V, Ahmed S. Effect of atmospheric stability on the wind [35] Hersbach H, et al. The ERA5 global reanalysis. Q J R Meteorol Soc 2020;146(730): | resource extrapolating models for large capacity wind turbines: a comparative 1999–2049. https://doi.org/10.1002/qj.3803.
REF093_DynamicAlpha	13	False	1	ERA5	locations. J Air Pollut Control Assoc 1977;27(9):863–6. https://doi.org/10.1080/ modelling using the new ERA5 climate reanalysis. Clim Dyn 2020;54(1–2):	[9] Touma JS. Dependence of the wind profile power law on stability for various [37] Dullaart JCM, Muis S, Bloemendaal N, Aerts J. Advancing global storm surge | locations. J Air Pollut Control Assoc 1977;27(9):863–6. https://doi.org/10.1080/ modelling using the new ERA5 climate reanalysis. Clim Dyn 2020;54(1–2): | 00022470.1977.10470503. 1007–21. https://doi.org/10.1007/s00382-019-05044-0.
REF093_DynamicAlpha	13	False	1	ERA5	islands - an analysis of wind power and wind turbine characteristics. Renew Energy offshore wind farms in Europe using ERA5 reanalysis. Energy 2021;229. https://	[10] Lu L, Yang HX, Burnett J. Investigation on wind power potential on Hong Kong [38] Hayes L, Stocks M, Blakers A. Accurate long-term power generation model for | islands - an analysis of wind power and wind turbine characteristics. Renew Energy offshore wind farms in Europe using ERA5 reanalysis. Energy 2021;229. https:// | 2002;27(1):1–12. https://doi.org/10.1016/s0960-1481(01)00164-1. doi.org/10.1016/j.energy.2021.120603.
REF093_DynamicAlpha	13	False	1	wind tower	2010;87(3):856–65. https://doi.org/10.1016/j.apenergy.2009.08.038. super-large aperture radio telescope site based on single-point wind tower and	[18] Kwon S-D. Uncertainty analysis of wind energy potential assessment. Appl Energy [47] He FL, Xu Q, Wang N, Zhu CH. A method to obtain the wind field characteristics of | 2010;87(3):856–65. https://doi.org/10.1016/j.apenergy.2009.08.038. super-large aperture radio telescope site based on single-point wind tower and | [19] Gualtieri G. Atmospheric stability varying wind shear coefficients to improve wind numerical simulation. Res Astron Astrophys 2020;20(12). https://doi.org/
REF093_DynamicAlpha	13	False	1	ERA5	https://doi.org/10.1016/j.renene.2015.10.034. [48] Gualtieri G. Reliability of ERA5 reanalysis data for wind resource assessment: a	resource extrapolation: a temporal analysis. Renew Energy 2016;87:376–90. 10.1088/1674-4527/20/12/199. | https://doi.org/10.1016/j.renene.2015.10.034. [48] Gualtieri G. Reliability of ERA5 reanalysis data for wind resource assessment: a | [20] Crippa P, Alifa M, Bolster D, Genton MG, Castruccio S. A temporal model for comparison against tall towers. Energies 2021;14(14). https://doi.org/10.3390/
REF093_DynamicAlpha	13	False	1	validation	Doppler-LiDAR for wind energy applications. Appl Energy 2016;169:150–63. [53] Bañuelos-Ruedas F, Angeles-Camacho C, Rios-Marcuello S. Analysis and validation	[25] Shu ZR, Li QS, He YC, Chan PW. Observations of offshore wind characteristics by https://doi.org/10.1016/j.apenergy.2015.07.027. | Doppler-LiDAR for wind energy applications. Appl Energy 2016;169:150–63. [53] Bañuelos-Ruedas F, Angeles-Camacho C, Rios-Marcuello S. Analysis and validation | https://doi.org/10.1016/j.apenergy.2016.01.135. of the methodology used in the extrapolation of wind speed data at different
REF090_ReanalysisReview	1	False	1	reanalysis	Analysing the uncertainties of reanalysis data used for wind resource	Analysing the uncertainties of reanalysis data used for wind resource | assessment: A critical review
REF090_ReanalysisReview	1	False	1	reanalysis	Keywords: This review critically updates the state of the art on the uncertainties associated with reanalysis data directly	Keywords: This review critically updates the state of the art on the uncertainties associated with reanalysis data directly | Wind resource used for wind resource assessment. Performances were analysed from 15 (9 global and 6 regional) reanalysis
REF090_ReanalysisReview	1	False	1	reanalysis	Wind resource used for wind resource assessment. Performances were analysed from 15 (9 global and 6 regional) reanalysis	Keywords: This review critically updates the state of the art on the uncertainties associated with reanalysis data directly | Wind resource used for wind resource assessment. Performances were analysed from 15 (9 global and 6 regional) reanalysis | Wind energy yield products applied on 322 very heterogeneous locations worldwide. Reanalysis scores were assessed by location
REF090_ReanalysisReview	1	False	1	reanalysis	Wind energy yield products applied on 322 very heterogeneous locations worldwide. Reanalysis scores were assessed by location	Wind resource used for wind resource assessment. Performances were analysed from 15 (9 global and 6 regional) reanalysis | Wind energy yield products applied on 322 very heterogeneous locations worldwide. Reanalysis scores were assessed by location | Reanalysis
REF090_ReanalysisReview	1	False	2	ERA5;reanalysis	Height able over space. Reanalysis data (particularly by ERA5) are sufficiently reliable on offshore and flat onshore	The results confirmed that reanalyses can predict wind resource pattern over time, while they are not similarly | Height able over space. Reanalysis data (particularly by ERA5) are sufficiently reliable on offshore and flat onshore | locations. Uncertainties are greater on mountainous and coastal sites, where wind speed and energy yield are
REF090_ReanalysisReview	1	False	1	terrain	products should be preferred over global datasets as they are better suited to resolving detailed terrain features as	significantly under- and over-estimated, respectively. On these locations, the use of higher-resolution regional | products should be preferred over global datasets as they are better suited to resolving detailed terrain features as | well as roughness and topographical discontinuities. Comparison between older and newer reanalysis versions
REF090_ReanalysisReview	1	False	1	reanalysis	well as roughness and topographical discontinuities. Comparison between older and newer reanalysis versions	products should be preferred over global datasets as they are better suited to resolving detailed terrain features as | well as roughness and topographical discontinuities. Comparison between older and newer reanalysis versions | revealed that the latter do not always outperform the former. In many cases, however, improvements by the
REF090_ReanalysisReview	1	False	1	observations	advances in forecasting models will enable current problems in assimilating surface land wind observations by	vations, thus more suitably meeting the needs of modern wind power industry. In perspective, it is desirable that | advances in forecasting models will enable current problems in assimilating surface land wind observations by | global reanalyses to be overcome. Refinements in global datasets could also positively reflect on regional
REF090_ReanalysisReview	1	False	1	reanalysis	1. Introduction atmospheric reanalysis data. Global reanalysis products integrate three	A valid (and relatively cheap) way to tackle this problem is to use | 1. Introduction atmospheric reanalysis data. Global reanalysis products integrate three | components (a global forecasting model, input observations and an
REF090_ReanalysisReview	1	False	1	observations	components (a global forecasting model, input observations and an	1. Introduction atmospheric reanalysis data. Global reanalysis products integrate three | components (a global forecasting model, input observations and an | The highly fluctuating nature of wind requires a probabilistic assimilation scheme) in order to accurately simulate past states of the
REF090_ReanalysisReview	1	False	1	observations	approach to perform a site’s wind resource assessment. Wind data atmosphere [9]. Observations are input every 6–12 h through an un­	The highly fluctuating nature of wind requires a probabilistic assimilation scheme) in order to accurately simulate past states of the | approach to perform a site’s wind resource assessment. Wind data atmosphere [9]. Observations are input every 6–12 h through an un­ | should be collected over a long time period (spanning several years) [1] changing (“frozen”) combination of forecasting model and assimilation
REF090_ReanalysisReview	1	False	1	reanalysis	tion, device updates, and changes in local topography [8]. annual averages, reanalyses provide actual 4D information. Reanalysis	ever, met masts may be affected by limited temporal coverage, reloca­ atlases, which only retrieve summarized statistics such as monthly or | tion, device updates, and changes in local topography [8]. annual averages, reanalyses provide actual 4D information. Reanalysis
REF090_ReanalysisReview	2	False	1	reanalysis	UERRA Uncertainties in Ensembles of Regional ReAnalysis	Nomenclature SMHI Swedish Meteorological and Hydrological Institute | UERRA Uncertainties in Ensembles of Regional ReAnalysis | Abbreviations UM Unified Model
REF090_ReanalysisReview	2	False	1	reanalysis	CFSR Climate Forecast System Reanalysis	ANN Artificial neural network WT Wind turbine | CFSR Climate Forecast System Reanalysis | CFSv2 Climate Forecast System Reanalysis version 2 Variables
REF090_ReanalysisReview	2	False	1	reanalysis	CFSv2 Climate Forecast System Reanalysis version 2 Variables	CFSR Climate Forecast System Reanalysis | CFSv2 Climate Forecast System Reanalysis version 2 Variables | CRAN Comprehensive R Archive Network AEY annual energy yield [GWh/y] = Pave* 8760 * (1-Ftot),
REF090_ReanalysisReview	2	False	1	observations	LIDAR Laser Detection and Ranging N number of predictions/observations	IQR Interquartile range (Q3–Q1) Statistical skill scores | LIDAR Laser Detection and Ranging N number of predictions/observations | MERA Met Éireann ReAnalysis Pi predictions [m/s or GWh/y]
REF090_ReanalysisReview	2	False	1	reanalysis	MERA Met Éireann ReAnalysis Pi predictions [m/s or GWh/y]	LIDAR Laser Detection and Ranging N number of predictions/observations | MERA Met Éireann ReAnalysis Pi predictions [m/s or GWh/y] | MERRA Modern-Era Retrospective Analysis for Research and ∑N
REF090_ReanalysisReview	2	False	1	observations	Oi observations [m/s or GWh/y]	Application | Oi observations [m/s or GWh/y] | MERRA2 Second Modern-Era Retrospective analysis for Research ∑
REF090_ReanalysisReview	2	False	1	observations	and Applications O mean observations [m/s or GWh/y] = N1 Ni=1 Oi	MERRA2 Second Modern-Era Retrospective analysis for Research ∑ | and Applications O mean observations [m/s or GWh/y] = N1 Ni=1 Oi | ∑N
REF090_ReanalysisReview	2	False	1	bias	MM5 Fifth-Generation NCAR/Penn State Mesoscale Model MB wind speed mean bias [m/s] = N1 i=1 (Pi − Oi )	∑N | MM5 Fifth-Generation NCAR/Penn State Mesoscale Model MB wind speed mean bias [m/s] = N1 i=1 (Pi − Oi ) | NARR North American Regional Reanalysis RMSE wind speed root mean square error [m/s] =
REF090_ReanalysisReview	2	False	1	reanalysis	NARR North American Regional Reanalysis RMSE wind speed root mean square error [m/s] =	MM5 Fifth-Generation NCAR/Penn State Mesoscale Model MB wind speed mean bias [m/s] = N1 i=1 (Pi − Oi ) | NARR North American Regional Reanalysis RMSE wind speed root mean square error [m/s] = | √̅̅̅̅̅̅̅̅̅̅̅̅̅̅̅̅̅̅̅̅̅̅̅̅̅̅̅̅̅̅̅̅̅̅̅
REF090_ReanalysisReview	2	False	1	reanalysis	R1 NCEP/NCAR Reanalysis 1 PE AEY percent error [%] = 100*(P − O) /O	R1 NCEP/NCAR Reanalysis 1 PE AEY percent error [%] = 100*(P − O) /O | R2 NCEP/NCAR Reanalysis 2
REF090_ReanalysisReview	2	False	1	reanalysis	R2 NCEP/NCAR Reanalysis 2	R1 NCEP/NCAR Reanalysis 1 PE AEY percent error [%] = 100*(P − O) /O | R2 NCEP/NCAR Reanalysis 2 | RAMS Regional Atmospheric Modeling System
REF090_ReanalysisReview	2	False	1	reanalysis	climatological studies. In recent years, they have been rapidly gaining reanalyses [28]. Furthermore, they depend on the global reanalysis used	data are massively used within various scientific disciplines, mainly spatial coverage are the price to pay for higher spatial detail than global | climatological studies. In recent years, they have been rapidly gaining reanalyses [28]. Furthermore, they depend on the global reanalysis used | popularity in the wind energy sector as they offer a number of advan­ as boundary conditions, so can be affected by any potential issue
REF090_ReanalysisReview	2	False	1	reanalysis	loaded; (ii) global (worldwide) coverage, so that the wind resource can In the last few years, remarkable improvements in reanalysis datasets	tages, including: (i) public availability, as they can be freely down­ (including phasing out) of global reanalyses [11]. | loaded; (ii) global (worldwide) coverage, so that the wind resource can In the last few years, remarkable improvements in reanalysis datasets | also be assessed at remote land locations or sites far offshore; (iii) have encouraged their use as a direct input for wind resource assessment
REF090_ReanalysisReview	2	False	1	reanalysis	project, but also to predict changes in wind farm performance over their reanalysis datasets directly used for wind energy applications. This was	year-to-year wind speed anomalies that increase the risks of a wind farm critical understanding of the advances in (both global and regional) | project, but also to predict changes in wind farm performance over their reanalysis datasets directly used for wind energy applications. This was | lifetime [12]; (iv) spatial and temporal completeness, thus addressing done by reviewing the most prominent research studies that assessed
REF090_ReanalysisReview	2	False	1	reanalysis	spatial discontinuities and temporal gaps. A clear limitation of rean­ reanalysis accuracy while meeting the following conditions: (i) a com­	lifetime [12]; (iv) spatial and temporal completeness, thus addressing done by reviewing the most prominent research studies that assessed | spatial discontinuities and temporal gaps. A clear limitation of rean­ reanalysis accuracy while meeting the following conditions: (i) a com­ | alysis data is their coarse spatial resolution (from tens to hundreds of parison is made with individual in-situ observations; (ii) a minimum
REF090_ReanalysisReview	2	False	1	observations	alysis data is their coarse spatial resolution (from tens to hundreds of parison is made with individual in-situ observations; (ii) a minimum	spatial discontinuities and temporal gaps. A clear limitation of rean­ reanalysis accuracy while meeting the following conditions: (i) a com­ | alysis data is their coarse spatial resolution (from tens to hundreds of parison is made with individual in-situ observations; (ii) a minimum | kilometres), which prevents them from fully resolving not only complex period of ~1 year with a time resolution not exceeding 6 h is considered;
REF090_ReanalysisReview	2	False	1	complex	kilometres), which prevents them from fully resolving not only complex period of ~1 year with a time resolution not exceeding 6 h is considered;	alysis data is their coarse spatial resolution (from tens to hundreds of parison is made with individual in-situ observations; (ii) a minimum | kilometres), which prevents them from fully resolving not only complex period of ~1 year with a time resolution not exceeding 6 h is considered; | topographic features of a specific area (e.g. Ref. [13]), but also marked (iii) at least one variable between wind speed and energy yield is
REF090_ReanalysisReview	2	False	1	bias	land use heterogeneity, and thus highly changing roughness conditions addressed; (iv) at least one metric is calculated among bias, root mean	topographic features of a specific area (e.g. Ref. [13]), but also marked (iii) at least one variable between wind speed and energy yield is | land use heterogeneity, and thus highly changing roughness conditions addressed; (iv) at least one metric is calculated among bias, root mean | (e.g. Ref. [14]). To address this issue, the prevailing approach is to use square error and correlation coefficient (for wind speed), and percent
REF090_ReanalysisReview	2	False	1	reanalysis	NWP models to downscale reanalysis data into smaller and more error (for energy yield). Indeed, several studies in the literature have	(e.g. Ref. [14]). To address this issue, the prevailing approach is to use square error and correlation coefficient (for wind speed), and percent | NWP models to downscale reanalysis data into smaller and more error (for energy yield). Indeed, several studies in the literature have | detailed spatial grids [10]. Previous wind energy applications include, already focused on assessing reanalysis uncertainties on a global
REF090_ReanalysisReview	2	False	1	reanalysis	detailed spatial grids [10]. Previous wind energy applications include, already focused on assessing reanalysis uncertainties on a global	NWP models to downscale reanalysis data into smaller and more error (for energy yield). Indeed, several studies in the literature have | detailed spatial grids [10]. Previous wind energy applications include, already focused on assessing reanalysis uncertainties on a global | for example, the RAMS model [15] forced by the R2 reanalysis [16], [38–40], continental [41], country [10,37,42,43] and regional [3,
REF090_ReanalysisReview	2	False	1	reanalysis	for example, the RAMS model [15] forced by the R2 reanalysis [16], [38–40], continental [41], country [10,37,42,43] and regional [3,	detailed spatial grids [10]. Previous wind energy applications include, already focused on assessing reanalysis uncertainties on a global | for example, the RAMS model [15] forced by the R2 reanalysis [16], [38–40], continental [41], country [10,37,42,43] and regional [3, | MM5 [17] forced by NARR [18], ALADIN [19] forced by ERA40 [20], as 44–46] scale. However, with a few exceptions (e.g. Refs. [2,27]), these
REF090_ReanalysisReview	2	False	1	ERA5	[26], and ERA5 [27]. However, this downscaling process is costly in instead to critically update the current state of the art according to a	[22], R2 [23], CFSR [24], MERRA2 [25], ERA40 [22], ERA-Interim aggregated by region or country. The main contribution of this review is | [26], and ERA5 [27]. However, this downscaling process is costly in instead to critically update the current state of the art according to a | terms of time, expertise, hardware/software requirements, computation more thorough and comprehensive overview by analyzing applications:
REF090_ReanalysisReview	2	False	1	reanalysis	resources and data demands [10]. Unlike global reanalysis products (i) of the broadest spectrum of existing reanalysis datasets (both global	terms of time, expertise, hardware/software requirements, computation more thorough and comprehensive overview by analyzing applications: | resources and data demands [10]. Unlike global reanalysis products (i) of the broadest spectrum of existing reanalysis datasets (both global | (covering the whole world), several regional reanalysis products and regional); (ii) performed worldwide across the longest time series;
REF090_ReanalysisReview	2	False	1	reanalysis	(covering the whole world), several regional reanalysis products and regional); (ii) performed worldwide across the longest time series;	resources and data demands [10]. Unlike global reanalysis products (i) of the broadest spectrum of existing reanalysis datasets (both global | (covering the whole world), several regional reanalysis products and regional); (ii) performed worldwide across the longest time series; | (limited to specific areas such as continents, subcontinents or even (iii) against the most heterogeneous locations, after having classified the
REF090_ReanalysisReview	2	False	1	reanalysis	They are refinements of a global reanalysis performed by means of dy­ as a function of height above the ground.	countries) have been developed to provide higher spatial resolution. sites into four types based on environment, altitude and topography; (iv) | They are refinements of a global reanalysis performed by means of dy­ as a function of height above the ground. | namic downscaling and data assimilation techniques [12], so that they
REF090_ReanalysisReview	3	True	3		Table 1	Table 1 | Characteristics of the selected reanalysis productsa,b.
REF090_ReanalysisReview	3	False	1	reanalysis	Characteristics of the selected reanalysis productsa,b.	Table 1 | Characteristics of the selected reanalysis productsa,b. | Product Institution Spatial Release Temporal Time Spatial resolution (Lat- Levels Wind speed height(s) (m a.g. Ref.
REF090_ReanalysisReview	3	False	1	ERA5	ERA5 ECMWF World 2019 1950–present 1 0.25◦ × 0.25◦ (~31 km) 137 up to 10, 100 [55]	0.01 hPa | ERA5 ECMWF World 2019 1950–present 1 0.25◦ × 0.25◦ (~31 km) 137 up to 10, 100 [55] | 0.01 hPa
REF090_ReanalysisReview	3	False	1	reanalysis	Regional reanalysis	Regional reanalysis
REF090_ReanalysisReview	3	False	1	ERA5	Implemented data assimilation system: 3D-Var for R1, R2, ERA40, CFSR, CFSv2, MERRA2, NARR, HARMONIEv1, and MÉRA; 4D-Var for ERA-Interim, ERA5 and	b | Implemented data assimilation system: 3D-Var for R1, R2, ERA40, CFSR, CFSv2, MERRA2, NARR, HARMONIEv1, and MÉRA; 4D-Var for ERA-Interim, ERA5 and | UM; Nudging for COSMO-REA2 and COSMO-REA6.
REF090_ReanalysisReview	3	False	1	reanalysis	2. Reanalysis products radiosondes, aircraft, ships, buoys and satellites. NCEP upgraded CFSR	2. Reanalysis products radiosondes, aircraft, ships, buoys and satellites. NCEP upgraded CFSR | to version 2 (CFSv2) in March 2011 through finer spatial resolution
REF090_ReanalysisReview	3	False	1	reanalysis	Only reanalysis products for which articles meeting the current se­ (0.205◦ × 0.205◦ ) and massive use of satellite data. Data are available as	to version 2 (CFSv2) in March 2011 through finer spatial resolution | Only reanalysis products for which articles meeting the current se­ (0.205◦ × 0.205◦ ) and massive use of satellite data. Data are available as | lection criteria have been found in the literature (see later) will be 1-h averages from 2011 to the present [50]. Both CFSR and CFSv2
REF090_ReanalysisReview	3	False	1	reanalysis	MERRA is a global reanalysis released by NASA in 2009 [51].	described and analysed. products implement GDAS and are still operational at NCEP/NCAR. | MERRA is a global reanalysis released by NASA in 2009 [51]. | MERRA spatial resolution is 0.5◦ × 0.667◦ (~55 km), while atmospheric
REF090_ReanalysisReview	3	False	1	reanalysis	In 1995, the NCEP/NCAR released the NCEP/NCAR Reanalysis 1 from balloons, radiosondes, ships, buoys, aircraft and satellites. MERRA	available as 1-h averages from 1979 to 2016. Wind data are collected | In 1995, the NCEP/NCAR released the NCEP/NCAR Reanalysis 1 from balloons, radiosondes, ships, buoys, aircraft and satellites. MERRA | (R1, [47]) to cover a 40-year period (1957–1996). This period was then implements the GEOS-5 v. 5.2.0 model. Notably, MERRA was the first
REF090_ReanalysisReview	3	False	1	reanalysis	extended to span from 1948 to the present (Table 1). R1 provides 6-h reanalysis dataset providing wind speed not only at 10 m (as earlier	(R1, [47]) to cover a 40-year period (1957–1996). This period was then implements the GEOS-5 v. 5.2.0 model. Notably, MERRA was the first | extended to span from 1948 to the present (Table 1). R1 provides 6-h reanalysis dataset providing wind speed not only at 10 m (as earlier | estimations (including 10-m wind speed) gridded according to a products did), but also at 50 m. MERRA was terminated in March 2016.
REF090_ReanalysisReview	3	False	1	reanalysis	from satellites (offshore). In 2000, the NCEP/NCAR Reanalysis 2 (R2, porating estimations from newer satellite instruments. MERRA2 has the	surface winds are neither assimilated from land stations (onshore) nor modelling (GEOS-5 v. 5.12.4) and data assimilation, while also incor­ | from satellites (offshore). In 2000, the NCEP/NCAR Reanalysis 2 (R2, porating estimations from newer satellite instruments. MERRA2 has the | [48]) was released. R2 corrected various processing errors encountered same temporal resolution and coverage as MERRA, while spatial reso­
REF090_ReanalysisReview	3	False	1	reanalysis	assimilates a limited amount of satellite data, it assimilates ocean sur­ ERA40 is a global reanalysis product developed in 2003 by the	taining the same spatial, vertical and temporal resolutions. Although R2 operational at NCEP/NCAR. | assimilates a limited amount of satellite data, it assimilates ocean sur­ ERA40 is a global reanalysis product developed in 2003 by the | face winds from satellites. Both R1 and R2 products implement CDAS ECMWF. Data are available from Sept. 1957 through Aug. 2002, as 6-h
REF090_ReanalysisReview	4	False	1	ERA5	over 60 vertical levels [54]. Released in 2019, ERA5 is currently the Criteria set for paper selection.	include 6-h estimates spaced at a resolution of 0.75◦ × 0.75◦ (~79 km) Table 2 | over 60 vertical levels [54]. Released in 2019, ERA5 is currently the Criteria set for paper selection. | latest version of the ECMWF global reanalysis products. It provides 1-h Item Criteria Comments
REF090_ReanalysisReview	4	False	1	reanalysis	latest version of the ECMWF global reanalysis products. It provides 1-h Item Criteria Comments	over 60 vertical levels [54]. Released in 2019, ERA5 is currently the Criteria set for paper selection. | latest version of the ECMWF global reanalysis products. It provides 1-h Item Criteria Comments | estimates of several variables spaced at a resolution of 0.25◦ × 0.25◦
REF090_ReanalysisReview	4	False	1	reanalysis	its predecessors), but also at 100 m, currently the highest elevation reanalysis not considered	regional operational forecast, or NWP models | its predecessors), but also at 100 m, currently the highest elevation reanalysis not considered | among all global reanalyses. ERA5 implements the Cy41r2 IFS [55]. Applications Direct use of Model coupling/downscaling,
REF090_ReanalysisReview	4	False	1	ERA5	among all global reanalyses. ERA5 implements the Cy41r2 IFS [55]. Applications Direct use of Model coupling/downscaling,	its predecessors), but also at 100 m, currently the highest elevation reanalysis not considered | among all global reanalyses. ERA5 implements the Cy41r2 IFS [55]. Applications Direct use of Model coupling/downscaling, | Other relevant global reanalysis products – not covered in this review reanalysis statistical (e.g. ANN-based)
REF090_ReanalysisReview	4	False	1	reanalysis	Other relevant global reanalysis products – not covered in this review reanalysis statistical (e.g. ANN-based)	among all global reanalyses. ERA5 implements the Cy41r2 IFS [55]. Applications Direct use of Model coupling/downscaling, | Other relevant global reanalysis products – not covered in this review reanalysis statistical (e.g. ANN-based) | – are available, such as, e.g., the Japanese 55-year Reanalysis (JRA55, manipulation, or bias correction not
REF090_ReanalysisReview	4	False	2	reanalysis;bias	– are available, such as, e.g., the Japanese 55-year Reanalysis (JRA55, manipulation, or bias correction not	Other relevant global reanalysis products – not covered in this review reanalysis statistical (e.g. ANN-based) | – are available, such as, e.g., the Japanese 55-year Reanalysis (JRA55, manipulation, or bias correction not | considered
REF090_ReanalysisReview	4	False	1	observations	ments in the model/assimilation schemes have resulted in a more ac­ Spatial and vertical adjustments of either observations or estimations	while lateral boundary conditions are provided by R2 [57]. Improve­ | ments in the model/assimilation schemes have resulted in a more ac­ Spatial and vertical adjustments of either observations or estimations | curate dataset than previous global reanalysis datasets, particularly in Spatial interpolation No filter
REF090_ReanalysisReview	4	False	1	reanalysis	curate dataset than previous global reanalysis datasets, particularly in Spatial interpolation No filter	ments in the model/assimilation schemes have resulted in a more ac­ Spatial and vertical adjustments of either observations or estimations | curate dataset than previous global reanalysis datasets, particularly in Spatial interpolation No filter | wind speed simulation. Vertical interpolation No filter
REF090_ReanalysisReview	4	False	1	reanalysis	Several regional reanalysis products have recently been developed to or extrapolation	wind speed simulation. Vertical interpolation No filter | Several regional reanalysis products have recently been developed to or extrapolation | cover Europe (or a part of it) within the framework of the UERRA Target of computations
REF090_ReanalysisReview	4	False	1	reanalysis	versity of Bonn produced the deterministic regional reanalysis COSMO- Time aggregation Overall Sub-yearly analysis (e.g. seasonal,	Within the DWD Hans Ertel Centre for Weather Research, the Uni­ • AEY or CF | versity of Bonn produced the deterministic regional reanalysis COSMO- Time aggregation Overall Sub-yearly analysis (e.g. seasonal, | monthly, etc.) not considered
REF090_ReanalysisReview	4	False	1	reanalysis	global reanalysis, so that COSMO-REA6 was discontinued when it was	AEY or CF • PE (%) | global reanalysis, so that COSMO-REA6 was discontinued when it was | ERA-Interim (i.e. in Aug. 2019). The COSMO model is used to perform
REF090_ReanalysisReview	4	False	1	reanalysis	the dynamic downscaling. Wind data are provided as 1-h averages at worldwide, including, e.g., the Arctic System Reanalysis (ASR v2, [63])	ERA-Interim (i.e. in Aug. 2019). The COSMO model is used to perform | the dynamic downscaling. Wind data are provided as 1-h averages at worldwide, including, e.g., the Arctic System Reanalysis (ASR v2, [63]) | various heights. COSMO-REA2 is a regional reanalysis product covering or the Bureau of Meteorology Atmospheric high-resolution Regional
REF090_ReanalysisReview	4	False	1	reanalysis	various heights. COSMO-REA2 is a regional reanalysis product covering or the Bureau of Meteorology Atmospheric high-resolution Regional	the dynamic downscaling. Wind data are provided as 1-h averages at worldwide, including, e.g., the Arctic System Reanalysis (ASR v2, [63]) | various heights. COSMO-REA2 is a regional reanalysis product covering or the Bureau of Meteorology Atmospheric high-resolution Regional | central Europe (i.e. Germany and parts of the neighbouring countries) Reanalysis for Australia (BARRA v1, [64]).
REF090_ReanalysisReview	4	False	1	reanalysis	central Europe (i.e. Germany and parts of the neighbouring countries) Reanalysis for Australia (BARRA v1, [64]).	various heights. COSMO-REA2 is a regional reanalysis product covering or the Bureau of Meteorology Atmospheric high-resolution Regional | central Europe (i.e. Germany and parts of the neighbouring countries) Reanalysis for Australia (BARRA v1, [64]). | with a 0.018◦ × 0.018◦ (~2 km) spatial resolution over 50 vertical
REF090_ReanalysisReview	4	False	1	observations	COSMO-REA2 assimilates the same wind observations as 2.3. Data assimilation system	levels. Lateral boundary conditions are provided by COSMO-REA6. | COSMO-REA2 assimilates the same wind observations as 2.3. Data assimilation system | COSMO-REA6. At present, data cover the period 2007–2013 and are
REF090_ReanalysisReview	4	False	1	reanalysis	HARMONIEv1 is a regional reanalysis product developed by the characterising the reanalysis products. Variational assimilation is the	available as 1-h averages on several vertical levels [59]. The implemented data assimilation system is a further feature | HARMONIEv1 is a regional reanalysis product developed by the characterising the reanalysis products. Variational assimilation is the | SMHI covering Europe with a 0.11◦ × 0.11◦ (~12 km) spatial resolution most widely used of such systems, aimed at minimizing the sum of de­
REF090_ReanalysisReview	4	False	1	reanalysis	UM is a deterministic reanalysis product developed by the UK Met [54,55], albeit requiring greater computer resources [56]. Nudging is a	over 12 heights (from 10 to 500 m) [60]. each window [54]. The latter is a major step forward from the former | UM is a deterministic reanalysis product developed by the UK Met [54,55], albeit requiring greater computer resources [56]. Nudging is a | Office covering Europe from 1979 to 2016. Data are available with a 6-h simpler yet less accurate method than both 3D-Var and 4D-Var, aimed at
REF090_ReanalysisReview	4	False	1	observations	time step at a resolution of 0.11◦ × 0.11◦ (~12 km). As with HARMO­ dynamically adjusting model’s forecast toward the observations by	Office covering Europe from 1979 to 2016. Data are available with a 6-h simpler yet less accurate method than both 3D-Var and 4D-Var, aimed at | time step at a resolution of 0.11◦ × 0.11◦ (~12 km). As with HARMO­ dynamically adjusting model’s forecast toward the observations by | NIEv1, wind data are available at 12 heights (from 10 to 500 m). Sat­ introducing a relaxation term [58]. Among all considered reanalysis
REF090_ReanalysisReview	4	False	1	reanalysis	NIEv1, wind data are available at 12 heights (from 10 to 500 m). Sat­ introducing a relaxation term [58]. Among all considered reanalysis	time step at a resolution of 0.11◦ × 0.11◦ (~12 km). As with HARMO­ dynamically adjusting model’s forecast toward the observations by | NIEv1, wind data are available at 12 heights (from 10 to 500 m). Sat­ introducing a relaxation term [58]. Among all considered reanalysis | ellite, conventional surface and upper air wind data are assimilated. UM products, only ERA-Interim, ERA5 and UM implement the 4D-Var
REF090_ReanalysisReview	4	False	1	ERA5	ellite, conventional surface and upper air wind data are assimilated. UM products, only ERA-Interim, ERA5 and UM implement the 4D-Var	NIEv1, wind data are available at 12 heights (from 10 to 500 m). Sat­ introducing a relaxation term [58]. Among all considered reanalysis | ellite, conventional surface and upper air wind data are assimilated. UM products, only ERA-Interim, ERA5 and UM implement the 4D-Var | is forced by ERA-Interim global reanalysis, whose boundary data are assimilation system, while 3D-Var is implemented by all other prod­
REF090_ReanalysisReview	4	False	1	reanalysis	is forced by ERA-Interim global reanalysis, whose boundary data are assimilation system, while 3D-Var is implemented by all other prod­	ellite, conventional surface and upper air wind data are assimilated. UM products, only ERA-Interim, ERA5 and UM implement the 4D-Var | is forced by ERA-Interim global reanalysis, whose boundary data are assimilation system, while 3D-Var is implemented by all other prod­ | downscaled using the UM model [61]. ucts except the COSMO datasets, which use the nudging technique
REF090_ReanalysisReview	4	False	1	reanalysis	reanalysis and implements the HARMONIE-AROME model to perform	vertical levels up to 10 hPa. MERA was forced by ERA-Interim global 3. Methods | reanalysis and implements the HARMONIE-AROME model to perform | the downscaling. Data are available as 3-h averages at various heights 3.1. Literature analysis and paper selection
REF090_ReanalysisReview	4	False	1	reanalysis	Other relevant regional reanalysis products have been developed The flowchart of paper selection procedure is presented in Fig. S1.	over a 35-y period (1981–2015) [62]. | Other relevant regional reanalysis products have been developed The flowchart of paper selection procedure is presented in Fig. S1.
REF090_ReanalysisReview	5	True	3		Table 3	Table 3 | Summary of the studies revieweda.
REF090_ReanalysisReview	5	False	2	reanalysis;observations	Publication Reanalysis products Locations Observations Calculated	Summary of the studies revieweda. | Publication Reanalysis products Locations Observations Calculated | variables
REF090_ReanalysisReview	5	False	1	ERA5	[70] 2021 ERA5 57 Offshore UK, Denmark, Belgium Wind farm 58–165 5 1 X	[1] 2021 MERRA2 1 Coastal India Met mast 50 1 1 X | [70] 2021 ERA5 57 Offshore UK, Denmark, Belgium Wind farm 58–165 5 1 X | [14] 2021 ERA5 6 Offshore, Coastal, Australia, Germany, Met mast 40–100 1–2 1 X X
REF090_ReanalysisReview	5	False	1	ERA5	[14] 2021 ERA5 6 Offshore, Coastal, Australia, Germany, Met mast 40–100 1–2 1 X X	[70] 2021 ERA5 57 Offshore UK, Denmark, Belgium Wind farm 58–165 5 1 X | [14] 2021 ERA5 6 Offshore, Coastal, Australia, Germany, Met mast 40–100 1–2 1 X X | Inland, Iran, Netherlands,
REF090_ReanalysisReview	5	False	1	ERA5	[29] 2021 ERA5 13 Coastal Colombia Met station 10 10 1 X	Mountainous South Africa, USA | [29] 2021 ERA5 13 Coastal Colombia Met station 10 10 1 X | [30] 2021 ERA-Interim 8 Coastal, Inland, India Met station 10 8 1 X
REF090_ReanalysisReview	5	False	1	ERA5	[71] 2021 ERA5, MERA, MERRA2 7 Coastal, Inland, Ireland Met station 10 25 1 X	Mountainous | [71] 2021 ERA5, MERA, MERRA2 7 Coastal, Inland, Ireland Met station 10 25 1 X | Mountainous
REF090_ReanalysisReview	5	False	1	ERA5	[72] 2021 ERA5 8 Offshore USA Buoy 10 1.5 1 X	Mountainous | [72] 2021 ERA5 8 Offshore USA Buoy 10 1.5 1 X | [73] 2021 ERA5 15 Offshore Brazil Buoy 10 1–17 1 X
REF090_ReanalysisReview	5	False	1	ERA5	[73] 2021 ERA5 15 Offshore Brazil Buoy 10 1–17 1 X	[72] 2021 ERA5 8 Offshore USA Buoy 10 1.5 1 X | [73] 2021 ERA5 15 Offshore Brazil Buoy 10 1–17 1 X | [74] 2021 ERA5, MERRA2, 8 Coastal, Inland, Denmark, Germany Met mast, 60–200 1–3 1 X
REF090_ReanalysisReview	5	False	1	ERA5	[74] 2021 ERA5, MERRA2, 8 Coastal, Inland, Denmark, Germany Met mast, 60–200 1–3 1 X	[73] 2021 ERA5 15 Offshore Brazil Buoy 10 1–17 1 X | [74] 2021 ERA5, MERRA2, 8 Coastal, Inland, Denmark, Germany Met mast, 60–200 1–3 1 X | COSMO-REA2 Mountainous LIDAR
REF090_ReanalysisReview	5	False	1	ERA5	[75] 2021 ERA5 2 Coastal Romania Wind farm 39.7–42.6 2.5 1 X	COSMO-REA2 Mountainous LIDAR | [75] 2021 ERA5 2 Coastal Romania Wind farm 39.7–42.6 2.5 1 X | [76] 2020 MERRA2 1 Offshore USA LIDAR 120 1.1 1 X
REF090_ReanalysisReview	5	False	1	ERA5	[45] 2020 ERA5, MERRA2, NARR 2 Offshore USA Buoy 90 30 1 X	[76] 2020 MERRA2 1 Offshore USA LIDAR 120 1.1 1 X | [45] 2020 ERA5, MERRA2, NARR 2 Offshore USA Buoy 90 30 1 X | [77] 2020 MERRA2 25 Coastal, Inland, Mexico Met station 80 1–2 1 X X
REF090_ReanalysisReview	5	False	1	ERA5	[78] 2020 ERA5, HARMONIEv1, 4 Offshore Denmark, Finland, LIDAR 150, 300 1–3.1 1 X	Mountainous | [78] 2020 ERA5, HARMONIEv1, 4 Offshore Denmark, Finland, LIDAR 150, 300 1–3.1 1 X | MERRA2 Germany, Sweden
REF090_ReanalysisReview	5	False	1	ERA5	[80] 2020 CFSv2, ERA5, MERRA2 5 Offshore Brazil Buoy 10 1.25–7.75 1 X	MERRA2 | [80] 2020 CFSv2, ERA5, MERRA2 5 Offshore Brazil Buoy 10 1.25–7.75 1 X | [81] 2020 COSMO-REA2, 4 Coastal, Inland Germany, Netherlands Met mast 10–250 5.4–7 3 X X
REF090_ReanalysisReview	5	False	1	ERA5	[13] 2020 COSMO-REA6, ERA5, 8 Coastal, Inland, France Met mast, 55–100 1–3 1 X	Interim, MERRA2 | [13] 2020 COSMO-REA6, ERA5, 8 Coastal, Inland, France Met mast, 55–100 1–3 1 X | MERRA2 Mountainous LIDAR
REF090_ReanalysisReview	5	False	1	ERA5	[85] 2019 ERA5, MERRA 14 Coastal, Inland, Poland Met station 100 2 1 X	COSMO-REA6 Mountainous | [85] 2019 ERA5, MERRA 14 Coastal, Inland, Poland Met station 100 2 1 X | Mountainous
REF090_ReanalysisReview	5	False	1	ERA5	[90] 2017 ERA5b 5 Coastal, Inland Latvia Met station 10 2 2 X	[89] 2017 MERRA 11 Coastal, Inland Ireland Met station 10 1 1 X | [90] 2017 ERA5b 5 Coastal, Inland Latvia Met station 10 2 2 X | [91] 2015 MERRA 7 Inland Germany Wind farm 79–140 1.5–2.5 1 X
REF090_ReanalysisReview	5	False	1	ERA5	The first batch of ERA5 (released in July 2017) covering the period 2010–2016 with a 2-h time resolution was used.	b | The first batch of ERA5 (released in July 2017) covering the period 2010–2016 with a 2-h time resolution was used.
REF090_ReanalysisReview	5	False	1	reanalysis	(TITLE-ABS-KEY (“reanalysis”) AND TITLE-ABS-KEY (“wind speed”) LIMIT-TO (SUBJAREA, “ENVI”)).	The query equation applied is the following: LIMIT-TO (SUBJAREA, “EART”) OR LIMIT-TO (SUBJAREA, “ENGI”) OR | (TITLE-ABS-KEY (“reanalysis”) AND TITLE-ABS-KEY (“wind speed”) LIMIT-TO (SUBJAREA, “ENVI”)). | AND TITLE-ABS-KEY (“wind resource” OR “wind power” OR “wind The entire body of articles has later been subjected to careful analysis
REF090_ReanalysisReview	6	False	1	reanalysis	with (global or regional) reanalysis products, thus ignoring, e.g., anal­	As detailed in Table 2, these criteria focus on those articles solely dealing | with (global or regional) reanalysis products, thus ignoring, e.g., anal­ | ysis, forecasting, or NWP models. Only applications that use reanalysis
REF090_ReanalysisReview	6	False	1	reanalysis	ysis, forecasting, or NWP models. Only applications that use reanalysis	with (global or regional) reanalysis products, thus ignoring, e.g., anal­ | ysis, forecasting, or NWP models. Only applications that use reanalysis | data as direct input have been considered, so that, e.g., model coupling/
REF090_ReanalysisReview	6	False	1	reanalysis	downscaling (use of reanalysis as initial and/or boundary conditions),	data as direct input have been considered, so that, e.g., model coupling/ | downscaling (use of reanalysis as initial and/or boundary conditions), | statistical manipulation, or bias correction have been discarded. As a
REF090_ReanalysisReview	6	False	1	bias	statistical manipulation, or bias correction have been discarded. As a	downscaling (use of reanalysis as initial and/or boundary conditions), | statistical manipulation, or bias correction have been discarded. As a | reference for comparison, only observed data (e.g. from met stations,
REF090_ReanalysisReview	6	False	1	reanalysis	reanalysis data are generally spatially interpolated from original grid	To increase their accuracy – without using model downscaling –, | reanalysis data are generally spatially interpolated from original grid | points to the target location(s) using methods such as nearest neighbour,
REF090_ReanalysisReview	6	False	1	reanalysis	match their height for comparison, either reanalysis or observation data	bilinear interpolation, inverse distance weighting, etc. [65]. Likewise, to | match their height for comparison, either reanalysis or observation data | may be vertically interpolated or extrapolated using models such as the
REF090_ReanalysisReview	6	False	1	reanalysis	The review is limited to those articles that validate the reanalysis	cedures performed in the literature, no filter has been applied here. | The review is limited to those articles that validate the reanalysis | products through at least one variable between mean wind speed and
REF090_ReanalysisReview	6	False	2	reanalysis;observations	as the difference between mean predictions and mean observations. The Fig. 1. Pie chart and share (%) of the overall sample (N) of all reanalysis	For convenience, when MB is not available, this value is approximated | as the difference between mean predictions and mean observations. The Fig. 1. Pie chart and share (%) of the overall sample (N) of all reanalysis | equations for AEY and CF, as well as of the four statistical scores are products calculating (a) wind speed and (b) AEY.
REF090_ReanalysisReview	6	False	1	reanalysis	In order to discriminate reanalysis scores by site characteristics, lo­	4.1. Overview on the selected studies | In order to discriminate reanalysis scores by site characteristics, lo­ | cations have been classified based on their environment, altitude and A total of 264 research articles were initially retrieved after applying
REF090_ReanalysisReview	6	False	3	reanalysis;terrain;complex	mountainous sites, i.e. sites above 500 m with possibly complex terrain performances of 15 (9 global and 6 regional) reanalysis products were	cally flat or at most rolling sites with elevation lower than 500 m; (iv) which constitute the definitive body of literature reviewed. Overall, | mountainous sites, i.e. sites above 500 m with possibly complex terrain performances of 15 (9 global and 6 regional) reanalysis products were | and/or land use (thus possibly including forested sites). evaluated (Table 1). Details of the studies reviewed are presented in
REF090_ReanalysisReview	6	True	3		Table 3.	and/or land use (thus possibly including forested sites). evaluated (Table 1). Details of the studies reviewed are presented in | Table 3. | 3.3. Computation of reanalysis performance Overall, studies range from 2004 to 2021. A significant boost has
REF090_ReanalysisReview	6	False	1	reanalysis	3.3. Computation of reanalysis performance Overall, studies range from 2004 to 2021. A significant boost has	Table 3. | 3.3. Computation of reanalysis performance Overall, studies range from 2004 to 2021. A significant boost has | been received following the release of products such as MERRA (2009),
REF090_ReanalysisReview	6	False	1	ERA5	All computations have been performed using the CRAN “R-stat” MERRA2 (2015) and ERA5 (2019), particularly as they are the only	been received following the release of products such as MERRA (2009), | All computations have been performed using the CRAN “R-stat” MERRA2 (2015) and ERA5 (2019), particularly as they are the only | environment v. 4.0.3 [66]. Performances of all reanalysis products in global reanalyses that provide wind data at WT hub heights (Table 1),
REF090_ReanalysisReview	6	False	1	reanalysis	environment v. 4.0.3 [66]. Performances of all reanalysis products in global reanalyses that provide wind data at WT hub heights (Table 1),	All computations have been performed using the CRAN “R-stat” MERRA2 (2015) and ERA5 (2019), particularly as they are the only | environment v. 4.0.3 [66]. Performances of all reanalysis products in global reanalyses that provide wind data at WT hub heights (Table 1), | simulating wind speed over each location type have been assessed by trying to somehow meet the needs of the wind power industry [12].
REF090_ReanalysisReview	6	False	1	observations	to the observations. Frequency distributions have been analysed through than 75% since 2015. A total of 322 different locations worldwide were	calculating the frequency distribution of MB, RMSE and R with respect More than 50% of studies have been published since 2019, and more | to the observations. Frequency distributions have been analysed through than 75% since 2015. A total of 322 different locations worldwide were | boxplots (Fig. S2) using the “boxplot” function implemented in the R analysed: all continents (except Antarctica) were involved, mostly
REF090_ReanalysisReview	6	False	1	reanalysis	Graphics Package [67]. Capability of reanalysis products in estimating Europe (55%) and America (32%), for a total of 30 countries. In the vast	boxplots (Fig. S2) using the “boxplot” function implemented in the R analysed: all continents (except Antarctica) were involved, mostly | Graphics Package [67]. Capability of reanalysis products in estimating Europe (55%) and America (32%), for a total of 30 countries. In the vast | AEY on each location type has been assessed by calculating the PE with majority of cases, reanalysis products were assessed in calculating wind
REF090_ReanalysisReview	6	False	1	reanalysis	AEY on each location type has been assessed by calculating the PE with majority of cases, reanalysis products were assessed in calculating wind	Graphics Package [67]. Capability of reanalysis products in estimating Europe (55%) and America (32%), for a total of 30 countries. In the vast | AEY on each location type has been assessed by calculating the PE with majority of cases, reanalysis products were assessed in calculating wind | respect to the values observed at each height. This has been done using speed (653 applications), while in fewer cases in calculating AEY (169
REF090_ReanalysisReview	6	False	1	reanalysis	and then calculating the confidence interval. The “boot” R package [69] In Fig. S3, the breakdown by location type of reanalysis applications	level, which required applying a bootstrap resampling to each dataset 1-h time bin. | and then calculating the confidence interval. The “boot” R package [69] In Fig. S3, the breakdown by location type of reanalysis applications | has been used to perform this procedure, by using the “boot” function for in calculating wind speed (Fig. S3a) and AEY (Fig. S3b) is presented. The
REF090_ReanalysisReview	7	True	3		Table 4 4.2. Overall scores by location and height	Table 4 4.2. Overall scores by location and height | Statistics by location type of wind speed scores achieved from all reanalysis
REF090_ReanalysisReview	7	False	1	reanalysis	Statistics by location type of wind speed scores achieved from all reanalysis	Table 4 4.2. Overall scores by location and height | Statistics by location type of wind speed scores achieved from all reanalysis | productsa. 4.2.1. Wind speed
REF090_ReanalysisReview	7	False	1	reanalysis	Locations Valid data sample Range Mean Std. Median The statistics of all reanalysis products assessed in calculating wind	productsa. 4.2.1. Wind speed | Locations Valid data sample Range Mean Std. Median The statistics of all reanalysis products assessed in calculating wind | (%)b dev. speed by location type are summarized in Table 4 through the MB, RMSE
REF090_ReanalysisReview	7	False	1	reanalysis	Overall, the reanalysis products show a slight median wind speed	MB (m/s) 71 (16.5) − 11.11; +0.23 2.08 +0.55 created for zero size samples. | Overall, the reanalysis products show a slight median wind speed | +6.63
REF090_ReanalysisReview	7	False	1	bias	R 289 (49.4) 0.635–0.940 0.843 0.062 0.855 [10]. Wind speed may be significantly biased, also when applying a	s) speed variation over time, while they are not similarly able over space | R 289 (49.4) 0.635–0.940 0.843 0.062 0.855 [10]. Wind speed may be significantly biased, also when applying a | Mountainous
REF090_ReanalysisReview	7	False	1	reanalysis	MB (m/s) 74 (17.2) − 4.36; +1.88 − 0.57 1.33 − 0.40 increase with reanalysis spatial coarseness [45]. Thus, a proper cali­	Height (m) 86 (13.5) 10–200 80.6 52.1 80.0 | MB (m/s) 74 (17.2) − 4.36; +1.88 − 0.57 1.33 − 0.40 increase with reanalysis spatial coarseness [45]. Thus, a proper cali­ | RMSE (m/ 63 (19.7) 0.56–5.24 2.17 1.03 1.91 bration (or bias correction) should be addressed before using reanalysis
REF090_ReanalysisReview	7	False	2	reanalysis;bias	RMSE (m/ 63 (19.7) 0.56–5.24 2.17 1.03 1.91 bration (or bias correction) should be addressed before using reanalysis	MB (m/s) 74 (17.2) − 4.36; +1.88 − 0.57 1.33 − 0.40 increase with reanalysis spatial coarseness [45]. Thus, a proper cali­ | RMSE (m/ 63 (19.7) 0.56–5.24 2.17 1.03 1.91 bration (or bias correction) should be addressed before using reanalysis | s) data [40]. According to Ref. [10], the main reasons for this bias include
REF090_ReanalysisReview	7	False	1	bias	s) data [40]. According to Ref. [10], the main reasons for this bias include	RMSE (m/ 63 (19.7) 0.56–5.24 2.17 1.03 1.91 bration (or bias correction) should be addressed before using reanalysis | s) data [40]. According to Ref. [10], the main reasons for this bias include | R 83 (14.2) 0.390–0.909 0.756 0.135 0.820
REF090_ReanalysisReview	7	False	1	observations	Height (m) 637 (100) 10–200 59.4 55.5 42.0 ness, and inadequate wind speed observations in the assimilation	All | Height (m) 637 (100) 10–200 59.4 55.5 42.0 ness, and inadequate wind speed observations in the assimilation | MB (m/s) 431 (100) − 1.66; +2.00 +0.14 0.74 +0.08 scheme.
REF090_ReanalysisReview	7	False	2	reanalysis;bias	RMSE (m/ 319 (100) 1.00–4.68 1.88 0.62 1.76 Indeed, reanalysis bias correction has recently become a major	MB (m/s) 431 (100) − 1.66; +2.00 +0.14 0.74 +0.08 scheme. | RMSE (m/ 319 (100) 1.00–4.68 1.88 0.62 1.76 Indeed, reanalysis bias correction has recently become a major | s) research line. As shown, e.g., by Ref. [65], most studies have focused on
REF090_ReanalysisReview	7	False	1	bias	Statistics are calculated at 95% confidence level after bootstrap resampling. generally return significantly biased wind speed estimates due to the	a | Statistics are calculated at 95% confidence level after bootstrap resampling. generally return significantly biased wind speed estimates due to the | b
REF090_ReanalysisReview	7	False	2	ERA5;bias	samples. bias correction also involved CFSR [107] and ERA5 [31,37,40,42]. Bias	For each location type, values in brackets are normalized to the overall coarse spatial resolution of their underlying models. To a lesser extent, | samples. bias correction also involved CFSR [107] and ERA5 [31,37,40,42]. Bias | correction is generally performed using historical wind speed or AEY
REF090_ReanalysisReview	7	False	1	observations	above ground. As expected, wind speed uncertainties (Fig. S4a) were observations (e.g. Refs. [10,37,104]) or, more conveniently, estimations	correction is generally performed using historical wind speed or AEY | above ground. As expected, wind speed uncertainties (Fig. S4a) were observations (e.g. Refs. [10,37,104]) or, more conveniently, estimations | mostly assessed based on 10-m monitors (40.7%), particularly located provided by the GWA (e.g. Refs. [40,42,44,106]). GWA v. 3.1 is a
REF090_ReanalysisReview	7	False	2	ERA5;reanalysis	profilers. A remarkable 20.7% studies were found assessing wind speed chain including a global forcing (~31 km) by the ERA5 reanalysis, a	prevailed thanks to the availability of several met masts and LIDAR 200 m [108]. Estimations by the GWA are derived from a 3-level model | profilers. A remarkable 20.7% studies were found assessing wind speed chain including a global forcing (~31 km) by the ERA5 reanalysis, a | uncertainties between 100 and 300 m. Performances of reanalysis mesoscale downscaling (3 km) by the WRF model [21], and an ultimate
REF090_ReanalysisReview	7	False	1	reanalysis	uncertainties between 100 and 300 m. Performances of reanalysis mesoscale downscaling (3 km) by the WRF model [21], and an ultimate	profilers. A remarkable 20.7% studies were found assessing wind speed chain including a global forcing (~31 km) by the ERA5 reanalysis, a | uncertainties between 100 and 300 m. Performances of reanalysis mesoscale downscaling (3 km) by the WRF model [21], and an ultimate | products in estimating AEY (Fig. S4b) were mainly found across the microscale downscaling (250 m) by the WAsP model [109]. An incon­
REF090_ReanalysisReview	7	False	2	reanalysis;bias	offshore (20.7%), inland (17.8%) and mountainous (11.8%) locations. tion of reanalysis bias correction by geographical area such as country or	60–100 m range typical of modern WT hub heights (52.7%), markedly at sistency often detected within such procedures is an uncritical applica­ | offshore (20.7%), inland (17.8%) and mountainous (11.8%) locations. tion of reanalysis bias correction by geographical area such as country or | Across the 100–150 m range typical of modern offshore WT hub heights, region (e.g. Refs. [10,40,102,103]). Before applying any bias correction,
REF090_ReanalysisReview	7	False	1	bias	Across the 100–150 m range typical of modern offshore WT hub heights, region (e.g. Refs. [10,40,102,103]). Before applying any bias correction,	offshore (20.7%), inland (17.8%) and mountainous (11.8%) locations. tion of reanalysis bias correction by geographical area such as country or | Across the 100–150 m range typical of modern offshore WT hub heights, region (e.g. Refs. [10,40,102,103]). Before applying any bias correction, | most AEY applications were expectedly found offshore (11.8%). a critical understanding of the universal features accounting for rean­
REF090_ReanalysisReview	7	True	4	reanalysis	Fig. 1 shows the overall distribution of reanalysis products that assess alyses performances would be preferable, for example by assessing un­	most AEY applications were expectedly found offshore (11.8%). a critical understanding of the universal features accounting for rean­ | Fig. 1 shows the overall distribution of reanalysis products that assess alyses performances would be preferable, for example by assessing un­ | wind speed (Fig. 1a) and AEY (Fig. 1b), while Fig. S5 and Fig. S6 show certainties as a function of site characteristics and height above the
REF090_ReanalysisReview	7	False	1	ERA5	the corresponding distribution detailed by location type. ERA5 (19.6%) ground.	wind speed (Fig. 1a) and AEY (Fig. 1b), while Fig. S5 and Fig. S6 show certainties as a function of site characteristics and height above the | the corresponding distribution detailed by location type. ERA5 (19.6%) ground. | and MERRA2 (18.1%) were the products most frequently applied for The best reanalysis scores are achieved at offshore sites, as wind
REF090_ReanalysisReview	7	False	1	reanalysis	and MERRA2 (18.1%) were the products most frequently applied for The best reanalysis scores are achieved at offshore sites, as wind	the corresponding distribution detailed by location type. ERA5 (19.6%) ground. | and MERRA2 (18.1%) were the products most frequently applied for The best reanalysis scores are achieved at offshore sites, as wind | calculating wind speed (Fig. 1a), particularly over the most challenging speed is slightly under-predicted (median MB = − 0.10 m/s) and its time
REF090_ReanalysisReview	7	False	2	reanalysis;bias	certainties were assessed for only six reanalysis datasets (Fig. 1b), with substantially unbiased up to 60 m, while at most it is under-predicted by	offshore (Fig. S5a) and inland (Fig. S5c) locations. Overall, AEY un­ MB, and 0.572 to 0.956 for R. In terms of median values, wind speed is | certainties were assessed for only six reanalysis datasets (Fig. 1b), with substantially unbiased up to 60 m, while at most it is under-predicted by | ERA5 being the predominant choice (46.8%). The latter was the only − 0.42 m/s across the 150–300 m range (Fig. 2a). Notably, among all
REF090_ReanalysisReview	7	False	1	ERA5	ERA5 being the predominant choice (46.8%). The latter was the only − 0.42 m/s across the 150–300 m range (Fig. 2a). Notably, among all	certainties were assessed for only six reanalysis datasets (Fig. 1b), with substantially unbiased up to 60 m, while at most it is under-predicted by | ERA5 being the predominant choice (46.8%). The latter was the only − 0.42 m/s across the 150–300 m range (Fig. 2a). Notably, among all | product applied offshore (Fig. S6a) and the one mainly applied on locations, offshore applications return the lowest RMSE median values
REF090_ReanalysisReview	7	False	1	reanalysis	mountainous locations (Fig. S6d). The European regional reanalysis between 20 and 100 m (1.35 m/s, Fig. 2b), and the highest R median	product applied offshore (Fig. S6a) and the one mainly applied on locations, offshore applications return the lowest RMSE median values | mountainous locations (Fig. S6d). The European regional reanalysis between 20 and 100 m (1.35 m/s, Fig. 2b), and the highest R median | products COSMO-REA2 and COSMO-REA6 were also frequently applied values between 10 and 150 m (up to 0.950, Fig. 2c). Concurring with
REF090_ReanalysisReview	7	False	1	bias	(23.1% on aggregate, Fig. 1b), particularly on coastal (Fig. S6b) and several Authors (e.g. Ref. [74]), wind speed bias is lower over the sea	products COSMO-REA2 and COSMO-REA6 were also frequently applied values between 10 and 150 m (up to 0.950, Fig. 2c). Concurring with | (23.1% on aggregate, Fig. 1b), particularly on coastal (Fig. S6b) and several Authors (e.g. Ref. [74]), wind speed bias is lower over the sea | inland (Fig. S6c) locations. than land. Particularly over large areas relatively far from the coast,
REF090_ReanalysisReview	7	False	1	reanalysis	accurately reproduced using reanalysis data [93]. Maritime sites are	offshore winds are more uniform and less turbulent, so they can be | accurately reproduced using reanalysis data [93]. Maritime sites are | quite homogeneous environments in terms of wind resource, thus
REF090_ReanalysisReview	8	True	4	bias	Fig. 2. Boxplots of (a) mean bias (m/s), (b) root mean square error (m/s), and (c) correlation coefficient in predicting wind speed per height and location type by all	Fig. 2. Boxplots of (a) mean bias (m/s), (b) root mean square error (m/s), and (c) correlation coefficient in predicting wind speed per height and location type by all | reanalysis products. Statistics are calculated at 95% confidence level after bootstrap resampling: the confidence intervals are given in the “Range” column of Table 4.
REF090_ReanalysisReview	8	False	1	reanalysis	reanalysis products. Statistics are calculated at 95% confidence level after bootstrap resampling: the confidence intervals are given in the “Range” column of Table 4.	Fig. 2. Boxplots of (a) mean bias (m/s), (b) root mean square error (m/s), and (c) correlation coefficient in predicting wind speed per height and location type by all | reanalysis products. Statistics are calculated at 95% confidence level after bootstrap resampling: the confidence intervals are given in the “Range” column of Table 4.
REF090_ReanalysisReview	8	False	1	reanalysis	coarser reanalysis products. It should be noted, however, that these RMSE and lower R median values. Fewer applications have been found	proving to be the “simplest” locations to be addressed, even by the and under-estimations (− 0.40 m/s), respectively, as well as higher | coarser reanalysis products. It should be noted, however, that these RMSE and lower R median values. Fewer applications have been found | offshore wind speed scores are predominantly obtained at an elevation on these more challenging sites (Fig. S3a): coastal winds are mostly
REF090_ReanalysisReview	8	False	1	reanalysis	(mostly flat) locations, where a mere +0.27 m/s median wind speed (Fig. S4a). Reanalysis products generally under-estimate wind resource	of 10 m (Fig. S4a). Rather low uncertainties are also found at inland assessed at 10 m, while mountainous winds are at between 60 and 100 m | (mostly flat) locations, where a mere +0.27 m/s median wind speed (Fig. S4a). Reanalysis products generally under-estimate wind resource | over-prediction and the lowest overall RMSE median value (1.53 m/s) on mountainous locations, also showing a relevant range (− 4.36 to
REF090_ReanalysisReview	8	False	2	terrain;complex	0.855 median value with an overall range of 0.635–0.940. These sta­ able to resolve the complex terrain of mountainous regions [10]. Since	than 1.74 m/s. Time variation is also well captured, with R showing a (Fig. 2c). Because of their coarse spatial resolution, reanalyses are un­ | 0.855 median value with an overall range of 0.635–0.940. These sta­ able to resolve the complex terrain of mountainous regions [10]. Since | tistics are particularly meaningful not only because inland sites largely providing winds averaged over a large area (grid-averaged winds),
REF090_ReanalysisReview	8	False	1	reanalysis	prevail among all reanalysis applications (46.7%, Fig. S3a), but also as reanalyses tend to under-estimate speed-up effects occurring at sites	tistics are particularly meaningful not only because inland sites largely providing winds averaged over a large area (grid-averaged winds), | prevail among all reanalysis applications (46.7%, Fig. S3a), but also as reanalyses tend to under-estimate speed-up effects occurring at sites | they are mostly referred to elevations between 20 and 100 m (Fig. S4a). such as hilltops or ridges, where winds are usually stronger than the
REF090_ReanalysisReview	9	True	3		Table 5	Table 5
REF090_ReanalysisReview	9	False	1	reanalysis	Statistics by location type of AEY scores achieved from all reanalysis productsa.	+0.08 | Statistics by location type of AEY scores achieved from all reanalysis productsa.
REF090_ReanalysisReview	9	False	1	reanalysis	Median values by reanalysis product and location type of wind speed scores achieved from all reviewed studiesa,b,c.	1.57 | Median values by reanalysis product and location type of wind speed scores achieved from all reviewed studiesa,b,c.
REF090_ReanalysisReview	9	False	1	complex	challenge compared to inland/flat or open sea locations. Complex flow	10 and 60 m. These results confirm that coastal regions pose a modelling | challenge compared to inland/flat or open sea locations. Complex flow
REF090_ReanalysisReview	9	False	1	reanalysis	For each reanalysis and location, scores finer than overall scores (“All” column) are highlighted in bold.	For each reanalysis and location, scores finer than overall scores (“All” column) are highlighted in bold. | MERRA2
REF090_ReanalysisReview	9	False	1	reanalysis	stability variations) [24]. Furthermore, as shown by Ref. [94], reanalysis	continuities as well as thermal gradients (and hence strong atmospheric | stability variations) [24]. Furthermore, as shown by Ref. [94], reanalysis | MERRA
REF090_ReanalysisReview	9	False	1	reanalysis	The statistics of reanalysis performances in calculating AEY by	0.663 | The statistics of reanalysis performances in calculating AEY by | location type in terms of PE values are summarized in Table 5, while PE
REF090_ReanalysisReview	9	False	1	reanalysis	Energy production is generally over-estimated by the reanalysis	Energy production is generally over-estimated by the reanalysis | þ0.47
REF090_ReanalysisReview	9	False	1	reanalysis	Reanalysis product	section 4.2.1), these AEY offshore scores are predominantly achieved at | Reanalysis product
REF090_ReanalysisReview	9	True	3		Table 6	Coastal | Table 6
REF090_ReanalysisReview	10	True	4	reanalysis	Fig. 3. Boxplots of percent error (%) in predicting AEY per height and location type by all reanalysis products. Statistics are calculated at 95% confidence level after	Fig. 3. Boxplots of percent error (%) in predicting AEY per height and location type by all reanalysis products. Statistics are calculated at 95% confidence level after | bootstrap resampling: the confidence intervals are given in the “Range” column of Table 5.
REF090_ReanalysisReview	10	True	5	reanalysis;bias	Fig. 4. Boxplots of (a) mean bias (m/s), (b) root mean square error (m/s), and (c) correlation coefficient in predicting wind speed by reanalysis product at all	Fig. 4. Boxplots of (a) mean bias (m/s), (b) root mean square error (m/s), and (c) correlation coefficient in predicting wind speed by reanalysis product at all | locations. Statistics are calculated at 95% confidence level after bootstrap resampling: the confidence intervals are given in the “Range” column of Table 4.
REF090_ReanalysisReview	11	True	5	reanalysis;bias	Fig. 5. Boxplots of mean bias (m/s) in predicting wind speed by reanalysis product at: (a) offshore, (b) coastal, (c) inland, and (d) mountainous locations. Statistics	Fig. 5. Boxplots of mean bias (m/s) in predicting wind speed by reanalysis product at: (a) offshore, (b) coastal, (c) inland, and (d) mountainous locations. Statistics | are calculated at 95% confidence level after bootstrap resampling: the confidence intervals are given in the “Range” column of Table 4.
REF090_ReanalysisReview	11	False	1	reanalysis	4.3. Detailed scores by reanalysis product noting that a time step coarser than 1-h was used for NARR (3-h) and for	4.3. Detailed scores by reanalysis product noting that a time step coarser than 1-h was used for NARR (3-h) and for | R2, ERA40 and UM (6-h), while this was often the case for ERA-Interim
REF090_ReanalysisReview	11	False	2	ERA5;reanalysis	Wind speed uncertainties overall exhibited by each reanalysis Analysing Fig. 4 and the “All” rows of Table 6, CFSR and ERA5 are	4.3.1. Wind speed (3-h or 6-h) as well as R1 and HARMONIEv1 (6-h, Table 3). | Wind speed uncertainties overall exhibited by each reanalysis Analysing Fig. 4 and the “All” rows of Table 6, CFSR and ERA5 are | product are plotted in Fig. 4 in terms of frequency distribution of MB, among the best-performing global reanalysis datasets, as they exhibit
REF090_ReanalysisReview	11	False	1	reanalysis	product are plotted in Fig. 4 in terms of frequency distribution of MB, among the best-performing global reanalysis datasets, as they exhibit	Wind speed uncertainties overall exhibited by each reanalysis Analysing Fig. 4 and the “All” rows of Table 6, CFSR and ERA5 are | product are plotted in Fig. 4 in terms of frequency distribution of MB, among the best-performing global reanalysis datasets, as they exhibit | RMSE and R. For each reanalysis, the boxplots of MB, RMSE and R scores MB distributions tightly peaked around a near zero median value (Q2),
REF090_ReanalysisReview	11	False	1	reanalysis	RMSE and R. For each reanalysis, the boxplots of MB, RMSE and R scores MB distributions tightly peaked around a near zero median value (Q2),	product are plotted in Fig. 4 in terms of frequency distribution of MB, among the best-performing global reanalysis datasets, as they exhibit | RMSE and R. For each reanalysis, the boxplots of MB, RMSE and R scores MB distributions tightly peaked around a near zero median value (Q2), | as a function of location type are presented in Figs. 5–7, respectively. rather low RMSE distributions with a still low interquartile range (IQR),
REF090_ReanalysisReview	11	True	5	ERA5;reanalysis	Table 6 summarizes the MB, RMSE and R median values by all reanalysis and moderately high R distributions with Q1 greater than 0.818. ERA5	as a function of location type are presented in Figs. 5–7, respectively. rather low RMSE distributions with a still low interquartile range (IQR), | Table 6 summarizes the MB, RMSE and R median values by all reanalysis and moderately high R distributions with Q1 greater than 0.818. ERA5 | products assessed in calculating wind speed by location type. It is worth scores, however, are more meaningful due to their larger sample size
REF090_ReanalysisReview	12	True	3		Fig. 6. Same as Fig. 5, but for root mean square error (m/s).	Fig. 6. Same as Fig. 5, but for root mean square error (m/s).
REF090_ReanalysisReview	12	False	1	reanalysis	global reanalysis products, uncertainties are higher for MERRA and Consistently with [84], although they have different resolution, no sig­	than CFSR (19.6 vs. 11.8%, Fig. 1a). Among the most frequently applied Table 6), rather low RMSE distributions, and rather high R distributions. | global reanalysis products, uncertainties are higher for MERRA and Consistently with [84], although they have different resolution, no sig­ | MERRA2: while their RMSE and R distributions are quite similar, nificant difference in accuracy has been identified between
REF090_ReanalysisReview	12	False	1	reanalysis	the European regional reanalyses. COSMO-REA6 and COSMO-REA2, regional reanalysis products applied on quite simple locations – a higher	and + 1.35 m/s, Fig. 4a). Wind resource is generally better predicted by This outcome suggests that – at least when dealing with high-resolution | the European regional reanalyses. COSMO-REA6 and COSMO-REA2, regional reanalysis products applied on quite simple locations – a higher | applied on aggregate in 19.5% of studies (Fig. 1a), return narrow MB spatial resolution does not always lead to a better simulation. Overall
REF090_ReanalysisReview	13	True	3		Fig. 7. Same as Fig. 5, but for correlation coefficient.	Fig. 7. Same as Fig. 5, but for correlation coefficient.
REF090_ReanalysisReview	13	False	1	ERA5	above 0.885). those of its predecessor R1 (Table 6). Overall, CFSR and ERA5 return the	quite rarely applied (3%), they exhibit the highest R distributions (Q1 Confirming findings from Ref. [12], the scores of R2 are worse than | above 0.885). those of its predecessor R1 (Table 6). Overall, CFSR and ERA5 return the | The analysis by location type sheds more light on reanalysis best offshore performances, as they show both the lowest discrepancies
REF090_ReanalysisReview	13	False	1	reanalysis	The analysis by location type sheds more light on reanalysis best offshore performances, as they show both the lowest discrepancies	above 0.885). those of its predecessor R1 (Table 6). Overall, CFSR and ERA5 return the | The analysis by location type sheds more light on reanalysis best offshore performances, as they show both the lowest discrepancies | uncertainties. (Fig. 5a) and lowest RMSE values (Fig. 6a), as well as quite high R values
REF090_ReanalysisReview	14	False	1	observations	limited offshore observations used for assimilation. In its spatial reso­	limited offshore observations used for assimilation. In its spatial reso­
REF090_ReanalysisReview	14	False	1	ERA5	lution (~32 km), NARR has effectively been replaced by ERA5 [11].	+14.0 | lution (~32 km), NARR has effectively been replaced by ERA5 [11].
REF090_ReanalysisReview	14	False	1	ERA5	lowest median RMSE (1.45 m/s), ERA5 exhibits the best offshore scores	With a mere +0.07 m/s wind speed median over-prediction and the | lowest median RMSE (1.45 m/s), ERA5 exhibits the best offshore scores | (Table 6): its IQR of MB varies between − 0.28 and + 0.48 m/s (Fig. 5a).
REF090_ReanalysisReview	14	False	1	ERA5	and ERA5, the products most frequently applied on offshore sites (28.2	these scores, however, are achieved at different elevations. For CFSR | and ERA5, the products most frequently applied on offshore sites (28.2 | and 23%, respectively, Fig. S5a), their median height is at their native
REF090_ReanalysisReview	14	False	1	reanalysis	(Table 1) was necessary. On offshore sites, global reanalysis down­	so a vertical extrapolation from MERRA2 50-m wind speed records | (Table 1) was necessary. On offshore sites, global reanalysis down­ | scaling performed by the regional reanalysis products is quite limited.
REF090_ReanalysisReview	14	False	1	reanalysis	scaling performed by the regional reanalysis products is quite limited.	(Table 1) was necessary. On offshore sites, global reanalysis down­ | scaling performed by the regional reanalysis products is quite limited. | This is also reflected in the fact that accuracy of global reanalyses is only
REF090_ReanalysisReview	14	False	1	ERA5	At inland locations, ERA-Interim and ERA5 performances are the	time variation (Table 6). | At inland locations, ERA-Interim and ERA5 performances are the | þ18.7
REF090_ReanalysisReview	14	False	1	bias	finest: wind speed magnitude is very slightly biased (Figs. 5c and 6c) and	finest: wind speed magnitude is very slightly biased (Figs. 5c and 6c) and | Mean values are calculated at 95% confidence level after bootstrap resampling: the confidence intervals are given in the “Range” column of Table 5.
REF090_ReanalysisReview	14	False	1	ERA5	its time variation is well captured (Fig. 7c). ERA5 returns among the best	its time variation is well captured (Fig. 7c). ERA5 returns among the best | median values of MB (− 0.09 m/s), RMSE (1.34 m/s) and R (0.860,
REF090_ReanalysisReview	14	True	4	ERA5	Table 6). These ERA5 inland scores are similar to those achieved	Table 6). These ERA5 inland scores are similar to those achieved | offshore, yet they are referred to a median height of 100 m rather than
REF090_ReanalysisReview	14	False	1	ERA5	10 m. This ERA5 accuracy is likely due to its availability of 100-m wind	10 m. This ERA5 accuracy is likely due to its availability of 100-m wind | speed data (Table 1). Although quite similar to those by ERA5, ERA-
REF090_ReanalysisReview	14	False	1	ERA5	speed data (Table 1). Although quite similar to those by ERA5, ERA-	10 m. This ERA5 accuracy is likely due to its availability of 100-m wind | speed data (Table 1). Although quite similar to those by ERA5, ERA- | Interim scores are referred to a median height of 30 m. With fairly
REF090_ReanalysisReview	14	False	1	ERA5	comparable application sample sizes (Fig. S5c), ERA5 scores are in line	Interim scores are referred to a median height of 30 m. With fairly | comparable application sample sizes (Fig. S5c), ERA5 scores are in line | NARR
REF090_ReanalysisReview	14	False	1	ERA5	median height (80 m). ERA5 performances are also slightly more ac­	with those from COSMO-REA6, which however are achieved at a lower | median height (80 m). ERA5 performances are also slightly more ac­ | curate than COSMO-REA2 ones, mostly achieved at 30 m. Current MB
REF090_ReanalysisReview	14	False	1	ERA5	inland scores by ERA5 (Fig. 5c) are better than those found by Ref. [27]:	inland scores by ERA5 (Fig. 5c) are better than those found by Ref. [27]: | based on a comparison against 110 European masts at heights between
REF090_ReanalysisReview	14	False	1	reanalysis	For each reanalysis and location, scores finer than overall scores (“All” column) are highlighted in bold.	40 and 150 m, over flat sites they achieved an MB variation range (μ±σ) | For each reanalysis and location, scores finer than overall scores (“All” column) are highlighted in bold. | Mean values by reanalysis product and location type of AEY scores achieved from all reviewed studiesa,b,c.
REF090_ReanalysisReview	14	False	1	reanalysis	Mean values by reanalysis product and location type of AEY scores achieved from all reviewed studiesa,b,c.	For each reanalysis and location, scores finer than overall scores (“All” column) are highlighted in bold. | Mean values by reanalysis product and location type of AEY scores achieved from all reviewed studiesa,b,c.
REF090_ReanalysisReview	14	False	1	ERA5	of − 0.72 ± 0.69 m/s for ERA5, while here this is − 0.01 ± 0.37 m/s.	of − 0.72 ± 0.69 m/s for ERA5, while here this is − 0.01 ± 0.37 m/s. | +78.2
REF090_ReanalysisReview	14	False	1	ERA5	Therefore, also on inland locations the use of ERA5 should overall be	Therefore, also on inland locations the use of ERA5 should overall be | preferred over higher-resolution regional products. Unfortunately,
REF090_ReanalysisReview	14	False	1	ERA5	ERA5 and COSMO-REA6 in capturing wind resource time variation	1.80 and 2.10 m/s (Fig. 6d). However, MERRA2 is outperformed by | ERA5 and COSMO-REA6 in capturing wind resource time variation | ERA40
REF090_ReanalysisReview	14	False	1	reanalysis	Reanalysis product	MERRA2 over-rather under-estimate wind resource on mountainous | Reanalysis product
REF090_ReanalysisReview	14	False	1	complex	southern (more complex) part. Here, scores from COSMO-REA6 are	values higher over the northern (flatter) part of the country than the | southern (more complex) part. Here, scores from COSMO-REA6 are | Mountainous
REF090_ReanalysisReview	14	True	3		Table 7	PE (%) | Table 7
REF090_ReanalysisReview	14	False	1	ERA5	results also confirm that ERA5 tends to under-estimate the wind	results also confirm that ERA5 tends to under-estimate the wind | All
REF090_ReanalysisReview	15	True	4	reanalysis	Fig. 8. Percent error (%) in predicting AEY by the reanalysis products at: (a) offshore, (b) coastal, (c) inland, and (d) mountainous locations. The overall boxplots by	Fig. 8. Percent error (%) in predicting AEY by the reanalysis products at: (a) offshore, (b) coastal, (c) inland, and (d) mountainous locations. The overall boxplots by | location are also shown. Statistics are calculated at 95% confidence level after bootstrap resampling: the confidence intervals are given in the “Range” column
REF090_ReanalysisReview	16	False	1	ERA5	− 0.18 m/s, Fig. 5d). ERA5 scores are achieved at a median height of other advances implemented over the years played a role, which led, e.	− 0.18 m/s, Fig. 5d). ERA5 scores are achieved at a median height of other advances implemented over the years played a role, which led, e. | 87.5 m, thus not exactly the 100-m native height of its wind data. g., to choose ERA5 to force WRF to create (via WAsP) the New European
REF090_ReanalysisReview	16	False	1	ERA5	87.5 m, thus not exactly the 100-m native height of its wind data. g., to choose ERA5 to force WRF to create (via WAsP) the New European	− 0.18 m/s, Fig. 5d). ERA5 scores are achieved at a median height of other advances implemented over the years played a role, which led, e. | 87.5 m, thus not exactly the 100-m native height of its wind data. g., to choose ERA5 to force WRF to create (via WAsP) the New European | However, with an MB variation range (μ±σ) of − 0.86 ± 0.84 m/s, ERA5 Wind Atlas [27].
REF090_ReanalysisReview	16	False	1	ERA5	However, with an MB variation range (μ±σ) of − 0.86 ± 0.84 m/s, ERA5 Wind Atlas [27].	87.5 m, thus not exactly the 100-m native height of its wind data. g., to choose ERA5 to force WRF to create (via WAsP) the New European | However, with an MB variation range (μ±σ) of − 0.86 ± 0.84 m/s, ERA5 Wind Atlas [27]. | scores are again better than those reported by Ref. [27] after comparison
REF090_ReanalysisReview	16	False	1	complex	vs. 85 masts located on highly complex sites in Europe (μ±σ = − 2.64 ± 4.3.2. Energy yield	scores are again better than those reported by Ref. [27] after comparison | vs. 85 masts located on highly complex sites in Europe (μ±σ = − 2.64 ± 4.3.2. Energy yield | 1.17 m/s). Fig. 8 presents the PE values in predicting AEY by height returned by
REF090_ReanalysisReview	16	False	1	reanalysis	On coastal locations, disagreeing with [111], ERA-Interim is the best the six reanalysis datasets as a function of location type. The same	1.17 m/s). Fig. 8 presents the PE values in predicting AEY by height returned by | On coastal locations, disagreeing with [111], ERA-Interim is the best the six reanalysis datasets as a function of location type. The same | performing reanalysis in predicting wind speed magnitude (Figs. 5b and scores, aggregated for all location types, are presented in Fig. S7. Energy
REF090_ReanalysisReview	16	False	1	reanalysis	performing reanalysis in predicting wind speed magnitude (Figs. 5b and scores, aggregated for all location types, are presented in Fig. S7. Energy	On coastal locations, disagreeing with [111], ERA-Interim is the best the six reanalysis datasets as a function of location type. The same | performing reanalysis in predicting wind speed magnitude (Figs. 5b and scores, aggregated for all location types, are presented in Fig. S7. Energy | 6b), outperforming its successor ERA5 also in predicting wind speed yield PE mean values by location type for each reanalysis product are
REF090_ReanalysisReview	16	False	2	ERA5;reanalysis	6b), outperforming its successor ERA5 also in predicting wind speed yield PE mean values by location type for each reanalysis product are	performing reanalysis in predicting wind speed magnitude (Figs. 5b and scores, aggregated for all location types, are presented in Fig. S7. Energy | 6b), outperforming its successor ERA5 also in predicting wind speed yield PE mean values by location type for each reanalysis product are | time variation (Fig. 7b). ERA-Interim, however, was applied over summarized in Table 7.
REF090_ReanalysisReview	16	False	1	ERA5	significantly fewer case studies than ERA5 (Fig. S5b). Unlike elsewhere, Overall, the best scores are achieved by ERA5 and COSMO-REA6, as	time variation (Fig. 7b). ERA-Interim, however, was applied over summarized in Table 7. | significantly fewer case studies than ERA5 (Fig. S5b). Unlike elsewhere, Overall, the best scores are achieved by ERA5 and COSMO-REA6, as | the use of regional datasets implementing a proper downscaling of they exhibit mean PE values of − 1.5% and +13.7%, respectively
REF090_ReanalysisReview	16	False	2	ERA5;reanalysis	global reanalysis wind speed time series is recommended on coastal (Table 7). Scores from ERA5 are however more meaningful as it is by far	the use of regional datasets implementing a proper downscaling of they exhibit mean PE values of − 1.5% and +13.7%, respectively | global reanalysis wind speed time series is recommended on coastal (Table 7). Scores from ERA5 are however more meaningful as it is by far | sites. There, the most frequently used ERA5 (30.7%) and MERRA2 the most frequently applied dataset (46.8%, Fig. 1b). AEY uncertainties
REF090_ReanalysisReview	16	False	1	ERA5	sites. There, the most frequently used ERA5 (30.7%) and MERRA2 the most frequently applied dataset (46.8%, Fig. 1b). AEY uncertainties	global reanalysis wind speed time series is recommended on coastal (Table 7). Scores from ERA5 are however more meaningful as it is by far | sites. There, the most frequently used ERA5 (30.7%) and MERRA2 the most frequently applied dataset (46.8%, Fig. 1b). AEY uncertainties | (27.3%) datasets are outperformed by COSMO-REA6 and are higher for COSMO-REA2 (mean PE = +17.8%), which is once again
REF090_ReanalysisReview	16	False	1	ERA5	sea-land differences on coastal locations [71]. Here, scores by MERRA Authors (e.g. Refs. [37,40]), ERA5 outperforms MERRA2 in predicting	for MERRA2, which, due to its low spatial resolution, fails to resolve the +50.8% are returned, respectively. Confirming outcomes from various | sea-land differences on coastal locations [71]. Here, scores by MERRA Authors (e.g. Refs. [37,40]), ERA5 outperforms MERRA2 in predicting | are slightly better than those by MERRA2. Conversely, due to their AEY over all location types.
REF090_ReanalysisReview	16	False	1	ERA5	higher resolution, regional datasets are able to mitigate the land mask­ As the only product applied offshore (Fig. S6a), ERA5 exhibits fine	are slightly better than those by MERRA2. Conversely, due to their AEY over all location types. | higher resolution, regional datasets are able to mitigate the land mask­ As the only product applied offshore (Fig. S6a), ERA5 exhibits fine | ing effects across these areas [94]. It is noteworthy that these coastal scores, as a slight mean AEY over-estimation is returned (PE = − 4.2%,
REF090_ReanalysisReview	16	False	1	ERA5	scores are obtained at median heights of 10 m (ERA5 and MERRA), 50 m Table 7) with a small standard deviation (6.9%, Table 5). These scores	ing effects across these areas [94]. It is noteworthy that these coastal scores, as a slight mean AEY over-estimation is returned (PE = − 4.2%, | scores are obtained at median heights of 10 m (ERA5 and MERRA), 50 m Table 7) with a small standard deviation (6.9%, Table 5). These scores | (ERA-Interim), 80 m (MERRA2), 105 m (COSMO-REA6) and 110 m mostly derive from elevations between 60 and 100 m (Fig. 8a and S4b)
REF090_ReanalysisReview	16	False	1	ERA5	(which are quite similar) are even more meaningful as they are ach­ matching the 100-m ERA5 native wind data elevation. With AEY on	(COSMO-REA2). Thus, scores by COSMO-REA6 and COSMO-REA2 and are mostly achieved at a median height of 97 m, thus basically | (which are quite similar) are even more meaningful as they are ach­ matching the 100-m ERA5 native wind data elevation. With AEY on | ieved at more challenging elevations. average under-predicted by − 3.7%, COSMO-REA2 is the best reanalysis
REF090_ReanalysisReview	16	False	1	reanalysis	ieved at more challenging elevations. average under-predicted by − 3.7%, COSMO-REA2 is the best reanalysis	(which are quite similar) are even more meaningful as they are ach­ matching the 100-m ERA5 native wind data elevation. With AEY on | ieved at more challenging elevations. average under-predicted by − 3.7%, COSMO-REA2 is the best reanalysis | Overall, it is confirmed that ERA5 outperforms MERRA2 in repro­ dataset applied on mountainous locations (Table 7), where application
REF090_ReanalysisReview	16	False	1	ERA5	Overall, it is confirmed that ERA5 outperforms MERRA2 in repro­ dataset applied on mountainous locations (Table 7), where application	ieved at more challenging elevations. average under-predicted by − 3.7%, COSMO-REA2 is the best reanalysis | Overall, it is confirmed that ERA5 outperforms MERRA2 in repro­ dataset applied on mountainous locations (Table 7), where application | ducing both wind speed magnitude and its time variation on offshore heights are limited between 50 and 100 m (Fig. 8d). This outcome
REF090_ReanalysisReview	16	False	2	terrain;complex	rent scores reflect all the improvements implemented in reanalyses olution is more urgent over complex terrain locations. On the contrary,	applies on mountainous locations [13] (Table 6). More in general, cur­ COSMO-REA6 only on highly uneven sites, so that a higher spatial res­ | rent scores reflect all the improvements implemented in reanalyses olution is more urgent over complex terrain locations. On the contrary, | across the years, such as larger number and wider spectrum of assimi­ consistently with the literature (e.g. Ref. [85]), ERA5 exhibits a signif­
REF090_ReanalysisReview	16	False	1	ERA5	across the years, such as larger number and wider spectrum of assimi­ consistently with the literature (e.g. Ref. [85]), ERA5 exhibits a signif­	rent scores reflect all the improvements implemented in reanalyses olution is more urgent over complex terrain locations. On the contrary, | across the years, such as larger number and wider spectrum of assimi­ consistently with the literature (e.g. Ref. [85]), ERA5 exhibits a signif­ | lated observations or improved forecasting model [113]. In particular, icantly wide (both positive and negative) discrepancy range (μ±σ =
REF090_ReanalysisReview	16	False	1	observations	lated observations or improved forecasting model [113]. In particular, icantly wide (both positive and negative) discrepancy range (μ±σ =	across the years, such as larger number and wider spectrum of assimi­ consistently with the literature (e.g. Ref. [85]), ERA5 exhibits a signif­ | lated observations or improved forecasting model [113]. In particular, icantly wide (both positive and negative) discrepancy range (μ±σ = | various Authors (e.g. Refs. [71,112]) highlighted the data assimilation − 12.0 ± 74.2%), which is not dissimilar to that (− 69.4 ± 24.9%) re­
REF090_ReanalysisReview	16	False	1	complex	scheme being pivotal, suggesting that reanalyses implementing the ported by Ref. [27] on highly complex sites in Europe. Notably, AEY is	various Authors (e.g. Refs. [71,112]) highlighted the data assimilation − 12.0 ± 74.2%), which is not dissimilar to that (− 69.4 ± 24.9%) re­ | scheme being pivotal, suggesting that reanalyses implementing the ported by Ref. [27] on highly complex sites in Europe. Notably, AEY is | newer 4D-Var scheme have a major advantage over those implementing greatly under-predicted by MERRA2 (PE = − 58.6%), while even more
REF090_ReanalysisReview	16	False	1	reanalysis	surface winds from land stations [2,83], while no global reanalysis does production at inland sites: it shows a PE mean value (+11.1%) lower	regional reanalyses (COSMO-REA2, COSMO-REA6 and UM) assimilate prediction, ERA-Interim is also the best-performing dataset for energy | surface winds from land stations [2,83], while no global reanalysis does production at inland sites: it shows a PE mean value (+11.1%) lower | [9,12] (see section 2). According to Ref. [10], this lack is a primary than those of both COSMO-REA6 (+13.8%) and COSMO-REA2
REF090_ReanalysisReview	16	False	1	ERA5	source of error by global reanalyses. As pointed out by Ref. [12], this is (+22.5%), and particularly of its successor ERA5 (+24.6%). Here,	[9,12] (see section 2). According to Ref. [10], this lack is a primary than those of both COSMO-REA6 (+13.8%) and COSMO-REA2 | source of error by global reanalyses. As pointed out by Ref. [12], this is (+22.5%), and particularly of its successor ERA5 (+24.6%). Here, | an issue particularly over areas with inhomogeneous terrain (moun­ COSMO-REA6 is better than COSMO-REA2. Current ERA5 scores in
REF090_ReanalysisReview	16	False	2	ERA5;terrain	an issue particularly over areas with inhomogeneous terrain (moun­ COSMO-REA6 is better than COSMO-REA2. Current ERA5 scores in	source of error by global reanalyses. As pointed out by Ref. [12], this is (+22.5%), and particularly of its successor ERA5 (+24.6%). Here, | an issue particularly over areas with inhomogeneous terrain (moun­ COSMO-REA6 is better than COSMO-REA2. Current ERA5 scores in | tainous or coastal regions), where winds undergo strong local influences predicting AEY on inland locations (μ±σ = +24.6 ± 67.7%) are worse
REF090_ReanalysisReview	16	False	1	terrain	that global reanalyses fail to properly capture. However, clear reasons than those (− 20.5 ± 20.5%) found by Ref. [27] over simple terrain sites	tainous or coastal regions), where winds undergo strong local influences predicting AEY on inland locations (μ±σ = +24.6 ± 67.7%) are worse | that global reanalyses fail to properly capture. However, clear reasons than those (− 20.5 ± 20.5%) found by Ref. [27] over simple terrain sites | lie behind the choice of not assimilating wind observations from surface in Europe after comparison vs. 110 masts at heights between 40 and 150
REF090_ReanalysisReview	16	False	1	observations	lie behind the choice of not assimilating wind observations from surface in Europe after comparison vs. 110 masts at heights between 40 and 150	that global reanalyses fail to properly capture. However, clear reasons than those (− 20.5 ± 20.5%) found by Ref. [27] over simple terrain sites | lie behind the choice of not assimilating wind observations from surface in Europe after comparison vs. 110 masts at heights between 40 and 150 | land stations by global reanalyses (a choice also applying to NWPs). On m. Overall, the highest reanalysis uncertainties are observed between 50
REF090_ReanalysisReview	16	False	1	reanalysis	land stations by global reanalyses (a choice also applying to NWPs). On m. Overall, the highest reanalysis uncertainties are observed between 50	lie behind the choice of not assimilating wind observations from surface in Europe after comparison vs. 110 masts at heights between 40 and 150 | land stations by global reanalyses (a choice also applying to NWPs). On m. Overall, the highest reanalysis uncertainties are observed between 50 | the one hand, it was reported that 10-m wind observations over land and 100 m, while they are lower further up (Fig. 8c). Here, MERRA2
REF090_ReanalysisReview	16	False	1	observations	the one hand, it was reported that 10-m wind observations over land and 100 m, while they are lower further up (Fig. 8c). Here, MERRA2	land stations by global reanalyses (a choice also applying to NWPs). On m. Overall, the highest reanalysis uncertainties are observed between 50 | the one hand, it was reported that 10-m wind observations over land and 100 m, while they are lower further up (Fig. 8c). Here, MERRA2 | have little impact on wind forecast; on the other, assimilation of 10-m improves the performances of its predecessor. AEY is largely
REF090_ReanalysisReview	16	False	1	observations	land wind observations generally causes problems to the forecasting over-predicted at coastal sites (Fig. 8b), where the lowest discrepancies	have little impact on wind forecast; on the other, assimilation of 10-m improves the performances of its predecessor. AEY is largely | land wind observations generally causes problems to the forecasting over-predicted at coastal sites (Fig. 8b), where the lowest discrepancies | model in consistently adapting the boundary layer, resulting in too are shown by COSMO-REA2 (mean PE = +18.7%) and COSMO-REA6
REF090_ReanalysisReview	16	False	1	reanalysis	Another key goal fostering application of the reanalysis products is to COSMO-REA6. As on inland locations, ERA-Interim (μ±σ = +24.2 ±	strong wind forecast at night [114]. (+23.4%, Table 7). Here, COSMO-REA2 is slightly better than | Another key goal fostering application of the reanalysis products is to COSMO-REA6. As on inland locations, ERA-Interim (μ±σ = +24.2 ± | provide accurate initial and boundary conditions to MWP models for 25.8%) is also slightly more accurate than ERA5 (+28.8 ± 68.7%) and
REF090_ReanalysisReview	16	False	1	ERA5	provide accurate initial and boundary conditions to MWP models for 25.8%) is also slightly more accurate than ERA5 (+28.8 ± 68.7%) and	Another key goal fostering application of the reanalysis products is to COSMO-REA6. As on inland locations, ERA-Interim (μ±σ = +24.2 ± | provide accurate initial and boundary conditions to MWP models for 25.8%) is also slightly more accurate than ERA5 (+28.8 ± 68.7%) and | wind simulation. In this regard, for example, after testing datasets as R2, significantly so than MERRA2 (+78.2 ± 72.3%). Uncertainties from the
REF090_ReanalysisReview	16	False	1	reanalysis	accurate product to force the WRF model, both onshore [113] and coastal sites reanalysis uncertainties decrease as application height in­	ERA-Interim, CFSR and MERRA, ERA-Interim was found as the most latter, however, are lower than those from its predecessor. Again, on | accurate product to force the WRF model, both onshore [113] and coastal sites reanalysis uncertainties decrease as application height in­ | offshore [24]. A similar outcome was achieved by Ref. [115] after creases, particularly above 150 m (Fig. 3).
REF090_ReanalysisReview	16	False	1	reanalysis	comparing R2 and ERA-Interim in forcing WRF over several coastal lo­ In general, if comparing reanalysis scores in estimating wind speed	offshore [24]. A similar outcome was achieved by Ref. [115] after creases, particularly above 150 m (Fig. 3). | comparing R2 and ERA-Interim in forcing WRF over several coastal lo­ In general, if comparing reanalysis scores in estimating wind speed | cations in the Persian Gulf. The Authors suggested that a strong reason and AEY (as is the case of ERA5 in Figs. 5a and 8a), an over-estimation of
REF090_ReanalysisReview	16	False	1	ERA5	cations in the Persian Gulf. The Authors suggested that a strong reason and AEY (as is the case of ERA5 in Figs. 5a and 8a), an over-estimation of	comparing R2 and ERA-Interim in forcing WRF over several coastal lo­ In general, if comparing reanalysis scores in estimating wind speed | cations in the Persian Gulf. The Authors suggested that a strong reason and AEY (as is the case of ERA5 in Figs. 5a and 8a), an over-estimation of | supporting this outcome is the 4D-Var data assimilation system imple­ the former may be contrasted by an under-estimation of the latter, or
REF090_ReanalysisReview	16	False	3	ERA5;terrain;complex	vs. its successor ERA5 over complex terrain in Norway, wind simulations (those comprised between cut-in and cut-off wind speeds of WT) is used	the same 4D-Var scheme were compared, as was the case of ERA-Interim tion), but mostly because only a selected range of wind speed values | vs. its successor ERA5 over complex terrain in Norway, wind simulations (those comprised between cut-in and cut-off wind speeds of WT) is used | by WRF forced by ERA5 proved to be finer [116]. This means that all for AEY estimation, while the full range is used for wind speed
REF090_ReanalysisReview	16	False	1	ERA5	by WRF forced by ERA5 proved to be finer [116]. This means that all for AEY estimation, while the full range is used for wind speed	vs. its successor ERA5 over complex terrain in Norway, wind simulations (those comprised between cut-in and cut-off wind speeds of WT) is used | by WRF forced by ERA5 proved to be finer [116]. This means that all for AEY estimation, while the full range is used for wind speed
REF090_ReanalysisReview	17	False	1	observations	Although not directly providing air density, reanalyses generally against met mast observations over four offshore wind farms in the UK	estimation. Potisomporn and Vogel [124] conducted a validation of MERRA2 | Although not directly providing air density, reanalyses generally against met mast observations over four offshore wind farms in the UK | deliver time-varying values of air temperature, pressure, and humidity, using 18 years (2000–2017) of 1-h wind speed data at 100 m. Current
REF090_ReanalysisReview	17	False	1	ERA5	considering a constant (yearly) air density value. In recent years, rean­ Ahmad et al. [125] assessed 100-m wind speed by ERA5 on a coastal	[117]. For wind energy purposes, this represents a clear benefit than (Fig. 5a) and R (Fig. 7a). | considering a constant (yearly) air density value. In recent years, rean­ Ahmad et al. [125] assessed 100-m wind speed by ERA5 on a coastal | alysis datasets have been used to assess temporal variations of air den­ site in Pakistan using 2 years (May 2009 to Apr. 2011) of 1-h observa­
REF090_ReanalysisReview	17	False	1	ERA5	the resulting deviations in wind power density and AEY. For example, currently achieved for ERA5 (Fig. 5b), while they are comparable in	sity, both at local [117–120] and global [121] scale, and thus to quantify tions collected from a met mast. Their scores are better than MB values | the resulting deviations in wind power density and AEY. For example, currently achieved for ERA5 (Fig. 5b), while they are comparable in | over the Black Sea region [118], air density changes relative to the terms of RMSE (Fig. 6b).
REF090_ReanalysisReview	17	False	1	ERA5	annual average were found ranging between − 4% in summer to +4% in Pronk et al. [126] compared one year of 1-h wind profiles from ERA5	over the Black Sea region [118], air density changes relative to the terms of RMSE (Fig. 6b). | annual average were found ranging between − 4% in summer to +4% in Pronk et al. [126] compared one year of 1-h wind profiles from ERA5 | winter. Offshore in Lebanon [119], seasonal oscillations in power den­ to those observed in the US by two LIDARs deployed offshore and one
REF090_ReanalysisReview	17	False	1	ERA5	similar to pitch misalignments or control and regulation faults. More in offshore and inland locations, present ERA5 scores are better in terms of	iations distort the real WT power curve in its U3 zone, with effects 31, 2018 at six heights between 65 and 195 m were used. Both on | similar to pitch misalignments or control and regulation faults. More in offshore and inland locations, present ERA5 scores are better in terms of | general, within their study worldwide [121], the Authors observed the MB, while they are slightly worse for R (Table 6).
REF090_ReanalysisReview	17	False	1	reanalysis	highest seasonal air density changes occurring over northern extra­ An example of regional reanalysis validation is presented by Hadji­	general, within their study worldwide [121], the Authors observed the MB, while they are slightly worse for R (Table 6). | highest seasonal air density changes occurring over northern extra­ An example of regional reanalysis validation is presented by Hadji­ | tropical continental regions (North America, Europe and Asia), with petrou et al. [127], who compared 10 years (Jan. 2009 to July 2019) of
REF090_ReanalysisReview	17	False	1	bias	− 10% during warm seasons. Over these areas, they reported AEY vari­ coastal sites in Cyprus, ultimately reporting remarkably biased pre­	increases up to +10% during cold seasons and negative changes up to 6-h wind speed by HARMONIEv1 against five met stations located on | − 10% during warm seasons. Over these areas, they reported AEY vari­ coastal sites in Cyprus, ultimately reporting remarkably biased pre­ | ations from − 6 to +6% from summers to winters. Conversely, a smaller dictions (Table S1). Unfortunately, no HARMONIEv1 application on
REF090_ReanalysisReview	17	False	1	reanalysis	[120], Floors and Nielsen [117] highlighted that air density (and thus In the last few years, the use of global reanalysis datasets for direct	density is generally recognised as small and in most cases negligible | [120], Floors and Nielsen [117] highlighted that air density (and thus In the last few years, the use of global reanalysis datasets for direct | AEY) may be slightly over-predicted when the effects of humidity are wind resource assessment has received a significant boost, particularly
REF090_ReanalysisReview	17	False	1	ERA5	reviewed in the present study ([28,70,77,81,85], Table 3) assumed energy purposes, such as in the case of MERRA2 (50 m) and ERA5 (100	ignored. It should be noted that the majority of works calculating AEY thanks to availability of wind records at elevations suitable for wind | reviewed in the present study ([28,70,77,81,85], Table 3) assumed energy purposes, such as in the case of MERRA2 (50 m) and ERA5 (100 | (either directly or indirectly) a constant value for air density, which thus m). Since its release in 2019, for example, ERA5 has been used in
REF090_ReanalysisReview	17	False	1	ERA5	(either directly or indirectly) a constant value for air density, which thus m). Since its release in 2019, for example, ERA5 has been used in	reviewed in the present study ([28,70,77,81,85], Table 3) assumed energy purposes, such as in the case of MERRA2 (50 m) and ERA5 (100 | (either directly or indirectly) a constant value for air density, which thus m). Since its release in 2019, for example, ERA5 has been used in | represents a further source of error in AEY prediction. Only in Ref. [14] countless applications as a direct input for wind resource assessment (e.
REF090_ReanalysisReview	17	False	1	reanalysis	the hourly air density values were considered, being calculated based on g. Refs. [4,29,31–33,37]). Several regional reanalysis products,	represents a further source of error in AEY prediction. Only in Ref. [14] countless applications as a direct input for wind resource assessment (e. | the hourly air density values were considered, being calculated based on g. Refs. [4,29,31–33,37]). Several regional reanalysis products, | air temperature and pressure 1-h values retrieved from ERA5, while dynamically downscaling global reanalysis data to specific areas, have
REF090_ReanalysisReview	17	False	2	ERA5;reanalysis	air temperature and pressure 1-h values retrieved from ERA5, while dynamically downscaling global reanalysis data to specific areas, have	the hourly air density values were considered, being calculated based on g. Refs. [4,29,31–33,37]). Several regional reanalysis products, | air temperature and pressure 1-h values retrieved from ERA5, while dynamically downscaling global reanalysis data to specific areas, have | humidity was ignored. also been developed to gain higher spatial resolution, and thus better
REF090_ReanalysisReview	17	False	1	reanalysis	4.4. Comparison of reanalysis scores against newer studies uncertainties assessed in the literature by reanalysis datasets in esti­	wind resource assessment. This paper presents a critical review on the | 4.4. Comparison of reanalysis scores against newer studies uncertainties assessed in the literature by reanalysis datasets in esti­ | mating wind resource and energy yield. A total of 40 articles were
REF090_ReanalysisReview	17	False	1	reanalysis	Current reanalysis scores have been checked through a comparison reviewed, assessing scores achieved by 15 (9 global and 6 regional)	mating wind resource and energy yield. A total of 40 articles were | Current reanalysis scores have been checked through a comparison reviewed, assessing scores achieved by 15 (9 global and 6 regional) | against those returned by a number of articles published after the query reanalysis products on 322 different locations over 30 countries
REF090_ReanalysisReview	17	False	1	reanalysis	against those returned by a number of articles published after the query reanalysis products on 322 different locations over 30 countries	Current reanalysis scores have been checked through a comparison reviewed, assessing scores achieved by 15 (9 global and 6 regional) | against those returned by a number of articles published after the query reanalysis products on 322 different locations over 30 countries | running date (Nov. 16, 2021, see section 4.1) that report applications worldwide.
REF090_ReanalysisReview	17	False	1	reanalysis	these factors matched. Only reanalysis applications for wind speed time, while they are not similarly able over space. As well-recognised (e.	by product and location type, so that it was only applied when both are generally well capable of predicting the wind resource pattern over | these factors matched. Only reanalysis applications for wind speed time, while they are not similarly able over space. As well-recognised (e. | prediction have been found. The summary of the scores derived from g. Ref. [93]), reanalysis data (particularly by ERA5) are sufficiently
REF090_ReanalysisReview	17	False	2	ERA5;reanalysis	prediction have been found. The summary of the scores derived from g. Ref. [93]), reanalysis data (particularly by ERA5) are sufficiently	these factors matched. Only reanalysis applications for wind speed time, while they are not similarly able over space. As well-recognised (e. | prediction have been found. The summary of the scores derived from g. Ref. [93]), reanalysis data (particularly by ERA5) are sufficiently | these studies is summarized in Table S1. reliable to assess both wind resource and AEY on offshore locations.
REF090_ReanalysisReview	17	False	1	observations	using 2–3 years of 6-h observations collected by met masts deployed on locations, where most wind speed applications were found (46.7%).	Kanwal et al. [122] assessed 10-m wind speed by R1, R2 and CFSR Rather low uncertainties were also detected at inland (basically flat) | using 2–3 years of 6-h observations collected by met masts deployed on locations, where most wind speed applications were found (46.7%). | three coastal and three inland locations in Pakistan. On coastal sites, Here, ERA5 is again the best dataset in assessing wind resource, while in
REF090_ReanalysisReview	17	False	1	ERA5	three coastal and three inland locations in Pakistan. On coastal sites, Here, ERA5 is again the best dataset in assessing wind resource, while in	using 2–3 years of 6-h observations collected by met masts deployed on locations, where most wind speed applications were found (46.7%). | three coastal and three inland locations in Pakistan. On coastal sites, Here, ERA5 is again the best dataset in assessing wind resource, while in | current median values for CFSR (Table 6) are slightly worse than those predicting AEY it is outperformed by COSMO-REA6 and ERA-Interim.
REF090_ReanalysisReview	17	False	1	reanalysis	reported by Ref. [122] (Table S1). On inland sites, present IQRs of R Consistently with various Authors (e.g. Refs. [10,110]), reanalysis	current median values for CFSR (Table 6) are slightly worse than those predicting AEY it is outperformed by COSMO-REA6 and ERA-Interim. | reported by Ref. [122] (Table S1). On inland sites, present IQRs of R Consistently with various Authors (e.g. Refs. [10,110]), reanalysis | return comparable scores for R2 (0.70–0.83), whereas better scores for products generally under-estimate both wind resource and AEY on
REF090_ReanalysisReview	17	False	1	complex	achieved R2 scores worse than those by R1, while the opposite applies to resolve the complex topography of these locations as grid-averaged	CFSR (0.82–0.86, Fig. 7c). Furthermore, on coastal sites Ref. [122] mountainous regions. Because of their coarse spatial resolution, they fail | achieved R2 scores worse than those by R1, while the opposite applies to resolve the complex topography of these locations as grid-averaged | on inland sites (Table S1). winds tend to under-estimate speed-up effects occurring there.
REF090_ReanalysisReview	17	False	1	ERA5	CFSv2, MERRA2 and ERA5 against 1 year of 1-h wind speed observa­ cations, while AEY is best predicted by COSMO-REA2. The worst overall	De Assis Tavares et al. [123] performed an intercomparison of MERRA2 returns the lowest wind speed discrepancies on mountain lo­ | CFSv2, MERRA2 and ERA5 against 1 year of 1-h wind speed observa­ cations, while AEY is best predicted by COSMO-REA2. The worst overall | tions collected at 10 m on one offshore and six coastal sites located in the performances were found on coastal sites. On these regions, strong
REF090_ReanalysisReview	17	False	1	reanalysis	better for all products in terms of median R (0.670–0.870) and median [24], associated with land masking issues [94], prevent reanalysis	state of Rio de Janeiro (Brazil, Table S1). Current offshore scores are roughness and topographical discontinuities as well as thermal gradients | better for all products in terms of median R (0.670–0.870) and median [24], associated with land masking issues [94], prevent reanalysis | MB for ERA5 (+0.07 m/s), while they are worse for median MB for products from accurately simulating wind resource. Here, both wind
REF090_ReanalysisReview	17	False	1	ERA5	MB for ERA5 (+0.07 m/s), while they are worse for median MB for products from accurately simulating wind resource. Here, both wind	better for all products in terms of median R (0.670–0.870) and median [24], associated with land masking issues [94], prevent reanalysis | MB for ERA5 (+0.07 m/s), while they are worse for median MB for products from accurately simulating wind resource. Here, both wind | MERRA2 (− 0.44 m/s) and median RMSE for ERA5 (1.45 m/s). Present speed and AEY are over-estimated. Scores achieved by ERA-Interim, the
REF090_ReanalysisReview	17	False	1	ERA5	MERRA2 (− 0.44 m/s) and median RMSE for ERA5 (1.45 m/s). Present speed and AEY are over-estimated. Scores achieved by ERA-Interim, the	MB for ERA5 (+0.07 m/s), while they are worse for median MB for products from accurately simulating wind resource. Here, both wind | MERRA2 (− 0.44 m/s) and median RMSE for ERA5 (1.45 m/s). Present speed and AEY are over-estimated. Scores achieved by ERA-Interim, the | scores on coastal sites are slightly better for ERA5, whereas slightly best among global products, are improved by regional datasets as
REF090_ReanalysisReview	17	False	1	ERA5	scores on coastal sites are slightly better for ERA5, whereas slightly best among global products, are improved by regional datasets as	MERRA2 (− 0.44 m/s) and median RMSE for ERA5 (1.45 m/s). Present speed and AEY are over-estimated. Scores achieved by ERA-Interim, the | scores on coastal sites are slightly better for ERA5, whereas slightly best among global products, are improved by regional datasets as | worse for MERRA2 (Table 6). COSMO-REA6 and COSMO-REA2. In general, reanalysis performances
REF090_ReanalysisReview	17	False	1	reanalysis	worse for MERRA2 (Table 6). COSMO-REA6 and COSMO-REA2. In general, reanalysis performances	scores on coastal sites are slightly better for ERA5, whereas slightly best among global products, are improved by regional datasets as | worse for MERRA2 (Table 6). COSMO-REA6 and COSMO-REA2. In general, reanalysis performances
REF090_ReanalysisReview	18	False	1	reanalysis	Comparison between older and newer versions of reanalysis datasets Data from reanalysis products reviewed in the present paper may be	those reported by several more recently published articles. | Comparison between older and newer versions of reanalysis datasets Data from reanalysis products reviewed in the present paper may be | (e.g., MERRA vs. MERRA2, ERA-Interim vs. ERA5, COSMO-REA6 vs. downloaded at the following addresses (all accessed December 16,
REF090_ReanalysisReview	18	False	1	ERA5	(e.g., MERRA vs. MERRA2, ERA-Interim vs. ERA5, COSMO-REA6 vs. downloaded at the following addresses (all accessed December 16,	Comparison between older and newer versions of reanalysis datasets Data from reanalysis products reviewed in the present paper may be | (e.g., MERRA vs. MERRA2, ERA-Interim vs. ERA5, COSMO-REA6 vs. downloaded at the following addresses (all accessed December 16, | COSMO-REA2) allowed to address to what extent all technical advances 2021):
REF090_ReanalysisReview	18	False	1	reanalysis	implemented over the years (finer spatial and temporal resolution, R1: https://psl.noaa.gov/data/gridded/data.ncep.reanalysis.html.	COSMO-REA2) allowed to address to what extent all technical advances 2021): | implemented over the years (finer spatial and temporal resolution, R1: https://psl.noaa.gov/data/gridded/data.ncep.reanalysis.html. | larger number and wider spectrum of assimilated observations, R2: https://psl.noaa.gov/data/gridded/data.ncep.reanalysis2.html.
REF090_ReanalysisReview	18	False	2	reanalysis;observations	larger number and wider spectrum of assimilated observations, R2: https://psl.noaa.gov/data/gridded/data.ncep.reanalysis2.html.	implemented over the years (finer spatial and temporal resolution, R1: https://psl.noaa.gov/data/gridded/data.ncep.reanalysis.html. | larger number and wider spectrum of assimilated observations, R2: https://psl.noaa.gov/data/gridded/data.ncep.reanalysis2.html. | improved data assimilation system, improved forecasting model, wind CFSR: https://climatedataguide.ucar.edu/climate-data/climate-fore
REF090_ReanalysisReview	18	False	1	reanalysis	speed availability at higher elevation, etc.) actually result in higher cast-system-reanalysis-cfsr; CFSv2: https://rda.ucar.edu/datasets/ds	improved data assimilation system, improved forecasting model, wind CFSR: https://climatedataguide.ucar.edu/climate-data/climate-fore | speed availability at higher elevation, etc.) actually result in higher cast-system-reanalysis-cfsr; CFSv2: https://rda.ucar.edu/datasets/ds | prediction accuracy. Surprisingly, scores by the newer versions were not 094.1.
REF090_ReanalysisReview	18	False	1	reanalysis	elevations, thus more suitably meeting the needs of the modern wind merra2-reanalysis.	itself – in pushing a given accuracy towards higher (more challenging) MERRA2: https://climatedataguide.ucar.edu/climate-data/nasas- | elevations, thus more suitably meeting the needs of the modern wind merra2-reanalysis. | power industry. ERA40: https://apps.ecmwf.int/datasets/data/era40-daily/levtype
REF090_ReanalysisReview	18	False	2	ERA5;reanalysis	global reanalysis data (particularly by ERA5) should be preferred over ERA-Interim: https://apps.ecmwf.int/datasets/data/interim-full-	To summarise, on offshore and flat onshore locations the use of =sfc. | global reanalysis data (particularly by ERA5) should be preferred over ERA-Interim: https://apps.ecmwf.int/datasets/data/interim-full- | higher-resolution regional products – at least when assessing wind daily/levtype=sfc.
REF090_ReanalysisReview	18	False	1	ERA5	resource potential of a country/region for strategic planning [34] or ERA5: https://cds.climate.copernicus.eu/cdsapp#!/dataset/reanaly	higher-resolution regional products – at least when assessing wind daily/levtype=sfc. | resource potential of a country/region for strategic planning [34] or ERA5: https://cds.climate.copernicus.eu/cdsapp#!/dataset/reanaly | future projected scenarios [128] – as they are more efficient in terms of sis-era5-single-levels?tab=overview.
REF090_ReanalysisReview	18	False	1	ERA5	future projected scenarios [128] – as they are more efficient in terms of sis-era5-single-levels?tab=overview.	resource potential of a country/region for strategic planning [34] or ERA5: https://cds.climate.copernicus.eu/cdsapp#!/dataset/reanaly | future projected scenarios [128] – as they are more efficient in terms of sis-era5-single-levels?tab=overview. | time, cost, computation resources and data requirements. Conversely, NARR: https://climatedataguide.ucar.edu/climate-data/ncep-narr.
REF090_ReanalysisReview	18	False	1	reanalysis	regional reanalyses (particularly COSMO-REA6) should be used – COSMO-REA6: https://reanalysis.meteo.uni-bonn.de/?COSMO-RE	time, cost, computation resources and data requirements. Conversely, NARR: https://climatedataguide.ucar.edu/climate-data/ncep-narr. | regional reanalyses (particularly COSMO-REA6) should be used – COSMO-REA6: https://reanalysis.meteo.uni-bonn.de/?COSMO-RE | clearly, where coverage is available – to address fine-scale aspects A6.
REF090_ReanalysisReview	18	False	1	reanalysis	involving WTs or wind farms such as, e.g., vertical wind gradients or COSMO-REA2: https://reanalysis.meteo.uni-bonn.de/?COSMO-RE	clearly, where coverage is available – to address fine-scale aspects A6. | involving WTs or wind farms such as, e.g., vertical wind gradients or COSMO-REA2: https://reanalysis.meteo.uni-bonn.de/?COSMO-RE | wind speed changes per time interval (ramp rates) [81]. The use of A2.
REF090_ReanalysisReview	18	False	1	terrain	is needed to adequately resolve detailed terrain features as well as land UM: https://apps.ecmwf.int/datasets/data/uerra-um-4dvar/levtype	coastal and mountainous sites, where downscaling of global reanalyses onie-v1/levtype=sfc/stream=oper/type=an. | is needed to adequately resolve detailed terrain features as well as land UM: https://apps.ecmwf.int/datasets/data/uerra-um-4dvar/levtype | use discontinuities and strong stability variations [94]. Thus, a bias =sfc/stream=oper/type=an.
REF090_ReanalysisReview	18	False	1	bias	use discontinuities and strong stability variations [94]. Thus, a bias =sfc/stream=oper/type=an.	is needed to adequately resolve detailed terrain features as well as land UM: https://apps.ecmwf.int/datasets/data/uerra-um-4dvar/levtype | use discontinuities and strong stability variations [94]. Thus, a bias =sfc/stream=oper/type=an. | correction of reanalysis data, e.g. addressed by using high-resolution MERA: https://www.met.ie/climate/available-data/mera.
REF090_ReanalysisReview	18	False	1	reanalysis	correction of reanalysis data, e.g. addressed by using high-resolution MERA: https://www.met.ie/climate/available-data/mera.	use discontinuities and strong stability variations [94]. Thus, a bias =sfc/stream=oper/type=an. | correction of reanalysis data, e.g. addressed by using high-resolution MERA: https://www.met.ie/climate/available-data/mera. | outputs from the GWA, may (possibly) be implemented on offshore or
REF090_ReanalysisReview	18	False	1	reanalysis	to improve global reanalysis products should be made at the beginning The author wishes to warmly thank the following Authors for kindly	coastal or mountainous sites. It must be mentioned, however, that efforts | to improve global reanalysis products should be made at the beginning The author wishes to warmly thank the following Authors for kindly | (rather than at the end) of the entire flowchart. For example, while most providing, upon request, the raw data of computations they performed
REF090_ReanalysisReview	18	False	1	reanalysis	no global reanalysis does [9,12], resulting in a primary source of error College Dublin); Dr. Katharina Gruber (University of Natural Resources	regional reanalyses assimilate surface winds from land stations [2,83], within their studies, namely: Dr. Eadaoin Doddy Clarke (University | no global reanalysis does [9,12], resulting in a primary source of error College Dublin); Dr. Katharina Gruber (University of Natural Resources | [10]. In view of future reanalysis improvements, it is desirable that and Life Sciences, Vienna); Dr. Christoffer Hallgren (Uppsala Univer­
REF090_ReanalysisReview	18	False	1	reanalysis	[10]. In view of future reanalysis improvements, it is desirable that and Life Sciences, Vienna); Dr. Christoffer Hallgren (Uppsala Univer­	no global reanalysis does [9,12], resulting in a primary source of error College Dublin); Dr. Katharina Gruber (University of Natural Resources | [10]. In view of future reanalysis improvements, it is desirable that and Life Sciences, Vienna); Dr. Christoffer Hallgren (Uppsala Univer­ | advances in forecasting models will enable current problems in assimi­ sity); Dr. Bénédicte Jourdier (EDF Lab Paris-Saclay); Dr. Andrea Kaiser-
REF090_ReanalysisReview	18	False	1	observations	lating surface land wind observations by the global reanalyses to be Weiss (Deutscher Wetterdienst); Dr. Deborah Niermann (Deutscher	advances in forecasting models will enable current problems in assimi­ sity); Dr. Bénédicte Jourdier (EDF Lab Paris-Saclay); Dr. Andrea Kaiser- | lating surface land wind observations by the global reanalyses to be Weiss (Deutscher Wetterdienst); Dr. Deborah Niermann (Deutscher | overcome. However at ECMWF, for example, it is not certain that this Wetterdienst); Dr. Jon Olauson (KTH Royal Institute of Technology,
REF090_ReanalysisReview	18	False	1	reanalysis	will happen within the new ERA6 global reanalysis product [55]. Stockholm); Dr. Milad Shadman (Universidade Federal do Rio de	overcome. However at ECMWF, for example, it is not certain that this Wetterdienst); Dr. Jon Olauson (KTH Royal Institute of Technology, | will happen within the new ERA6 global reanalysis product [55]. Stockholm); Dr. Milad Shadman (Universidade Federal do Rio de | Importantly, refinements in global datasets could also have a positive Janeiro); Dr. Lindsay Sheridan (Pacific Northwest National Laboratory,
REF090_ReanalysisReview	18	False	1	reanalysis	quality of the global reanalysis they use as boundary conditions [71]. thanked for insightful explanation of wind data assimilation problems in	effect on regional products, whose accuracy strictly depends on the Richland). Dr Hans Hersbach and Dr Bruce Ingleby (ECMWF) are also | quality of the global reanalysis they use as boundary conditions [71]. thanked for insightful explanation of wind data assimilation problems in | Although reanalyses (indirectly) deliver time-varying air density values, global reanalysis forecast models.
REF090_ReanalysisReview	18	False	1	reanalysis	Although reanalyses (indirectly) deliver time-varying air density values, global reanalysis forecast models.	quality of the global reanalysis they use as boundary conditions [71]. thanked for insightful explanation of wind data assimilation problems in | Although reanalyses (indirectly) deliver time-varying air density values, global reanalysis forecast models. | this review showed that in AEY prediction only one out of the selected
REF090_ReanalysisReview	18	False	1	reanalysis	[1] Samal RK. Assessment of wind energy potential using reanalysis data: a	[1] Samal RK. Assessment of wind energy potential using reanalysis data: a | Giovanni Gualtieri performed the whole work. comparison with mast measurements. J Clean Prod 2021:127933.
REF090_ReanalysisReview	18	False	1	observations	station observations and other reanalyses. Meteorol Z 2019;28(4):347–60.	Funding energy-relevant parameters of COSMO-REA6 by comparison with satellite data, | station observations and other reanalyses. Meteorol Z 2019;28(4):347–60. | [3] Pryor SC, Letson FW, Barthelmie RJ. Variability in wind energy generation across
REF090_ReanalysisReview	18	False	1	reanalysis	the new ERA-5 reanalysis. Environ Res Lett 2020;15:1040a2.	[4] Soares PM, Lima DC, Nogueira M. Global offshore wind energy resources using | the new ERA-5 reanalysis. Environ Res Lett 2020;15:1040a2. | [5] Gualtieri G. Improving investigation of wind turbine optimal site matching
REF090_ReanalysisReview	19	False	1	bias	2020;12:429–39. from MERRA-2 and ERA-5 reanalyses bias-corrected with the global wind atlas.	Dataset A unique initiative to boost wind energy research. Earth Syst Sci Data of wind power simulations: a multi-country assessment of wind power simulation | 2020;12:429–39. from MERRA-2 and ERA-5 reanalyses bias-corrected with the global wind atlas. | [8] Jiménez PA, González-Rouco JF, Navarro J, Montávez JP, García-Bustamante E. Energy 2022;238:121520.
REF090_ReanalysisReview	19	False	1	observations	Quality assurance of surface wind observations from automated weather stations. [41] Stopa JE, Cheung KF. Intercomparison of wind and wave data from the ECMWF	[8] Jiménez PA, González-Rouco JF, Navarro J, Montávez JP, García-Bustamante E. Energy 2022;238:121520. | Quality assurance of surface wind observations from automated weather stations. [41] Stopa JE, Cheung KF. Intercomparison of wind and wave data from the ECMWF | J Atmos Ocean Technol 2010;27(7):1101–22. reanalysis interim and the NCEP climate forecast system reanalysis. Ocean Model
REF090_ReanalysisReview	19	False	1	reanalysis	J Atmos Ocean Technol 2010;27(7):1101–22. reanalysis interim and the NCEP climate forecast system reanalysis. Ocean Model	Quality assurance of surface wind observations from automated weather stations. [41] Stopa JE, Cheung KF. Intercomparison of wind and wave data from the ECMWF | J Atmos Ocean Technol 2010;27(7):1101–22. reanalysis interim and the NCEP climate forecast system reanalysis. Ocean Model | [9] Fujiwara M, Wright JS, Manney GL, Gray LJ, Anstey J, Birner T, et al. 2014;75:65–83.
REF090_ReanalysisReview	19	False	1	reanalysis	Introduction to the SPARC reanalysis intercomparison project (S-RIP) and [42] Murcia JP, Koivisto MJ, Luzia G, Olsen BT, Hahmann AN, Sørensen PE, Als M.	[9] Fujiwara M, Wright JS, Manney GL, Gray LJ, Anstey J, Birner T, et al. 2014;75:65–83. | Introduction to the SPARC reanalysis intercomparison project (S-RIP) and [42] Murcia JP, Koivisto MJ, Luzia G, Olsen BT, Hahmann AN, Sørensen PE, Als M. | overview of the reanalysis systems. Atmos Chem Phys 2017;17(2):1417–52. Validation of European-scale simulated wind speed and wind generation time
REF090_ReanalysisReview	19	False	1	reanalysis	overview of the reanalysis systems. Atmos Chem Phys 2017;17(2):1417–52. Validation of European-scale simulated wind speed and wind generation time	Introduction to the SPARC reanalysis intercomparison project (S-RIP) and [42] Murcia JP, Koivisto MJ, Luzia G, Olsen BT, Hahmann AN, Sørensen PE, Als M. | overview of the reanalysis systems. Atmos Chem Phys 2017;17(2):1417–52. Validation of European-scale simulated wind speed and wind generation time | [10] Staffell I, Pfenninger S. Using bias-corrected reanalysis to simulate current and series. Appl Energy 2022;305:117794.
REF090_ReanalysisReview	19	False	2	reanalysis;bias	[10] Staffell I, Pfenninger S. Using bias-corrected reanalysis to simulate current and series. Appl Energy 2022;305:117794.	overview of the reanalysis systems. Atmos Chem Phys 2017;17(2):1417–52. Validation of European-scale simulated wind speed and wind generation time | [10] Staffell I, Pfenninger S. Using bias-corrected reanalysis to simulate current and series. Appl Energy 2022;305:117794. | future wind power output. Energy 2016;114:1224–39. [43] Kaspar F, Niermann D, Borsche M, Fiedler S, Keller J, Potthast R, et al. Regional
REF090_ReanalysisReview	19	False	1	reanalysis	[11] McKenna R, Pfenninger S, Heinrichs H, Schmidt J, Staffell I, Bauer C, et al. High- atmospheric reanalysis activities at Deutscher Wetterdienst: review of evaluation	future wind power output. Energy 2016;114:1224–39. [43] Kaspar F, Niermann D, Borsche M, Fiedler S, Keller J, Potthast R, et al. Regional | [11] McKenna R, Pfenninger S, Heinrichs H, Schmidt J, Staffell I, Bauer C, et al. High- atmospheric reanalysis activities at Deutscher Wetterdienst: review of evaluation | resolution large-scale onshore wind energy assessments: a review of potential results and application examples with a focus on renewable energy. Adv Sci Res
REF090_ReanalysisReview	19	False	1	reanalysis	[12] Ramon J, Lledó L, Torralba V, Soret A, Doblas-Reyes FJ. What global reanalysis Bangladesh. Appl Sci 2021;11(17):7924.	659–84. [44] Hussain M, Park SK. Systematic analysis of wind resources for eolic potential in | [12] Ramon J, Lledó L, Torralba V, Soret A, Doblas-Reyes FJ. What global reanalysis Bangladesh. Appl Sci 2021;11(17):7924. | best represents near-surface winds? Q J R Meteorol Soc 2019;145(724):3236–51. [45] Sheridan LM, Krishnamurthy R, Gorton AM, Shaw WJ, Newsom RK. Validation of
REF090_ReanalysisReview	19	False	2	ERA5;reanalysis	[13] Jourdier B. Evaluation of ERA5, MERRA-2, COSMO-REA6, NEWA and AROME to reanalysis-based offshore wind resource characterization using lidar buoy	best represents near-surface winds? Q J R Meteorol Soc 2019;145(724):3236–51. [45] Sheridan LM, Krishnamurthy R, Gorton AM, Shaw WJ, Newsom RK. Validation of | [13] Jourdier B. Evaluation of ERA5, MERRA-2, COSMO-REA6, NEWA and AROME to reanalysis-based offshore wind resource characterization using lidar buoy | simulate wind power production over France. Adv Sci Res 2020;17:63–77. observations. Mar Technol Soc J 2020;54(6):44–61.
REF090_ReanalysisReview	19	False	1	observations	simulate wind power production over France. Adv Sci Res 2020;17:63–77. observations. Mar Technol Soc J 2020;54(6):44–61.	[13] Jourdier B. Evaluation of ERA5, MERRA-2, COSMO-REA6, NEWA and AROME to reanalysis-based offshore wind resource characterization using lidar buoy | simulate wind power production over France. Adv Sci Res 2020;17:63–77. observations. Mar Technol Soc J 2020;54(6):44–61. | [14] Gualtieri G. Reliability of ERA5 reanalysis data for wind resource assessment: a [46] Yu J, Zhou T, Jiang Z, Zou L. Evaluation of near-surface wind speed changes
REF090_ReanalysisReview	19	False	2	ERA5;reanalysis	[14] Gualtieri G. Reliability of ERA5 reanalysis data for wind resource assessment: a [46] Yu J, Zhou T, Jiang Z, Zou L. Evaluation of near-surface wind speed changes	simulate wind power production over France. Adv Sci Res 2020;17:63–77. observations. Mar Technol Soc J 2020;54(6):44–61. | [14] Gualtieri G. Reliability of ERA5 reanalysis data for wind resource assessment: a [46] Yu J, Zhou T, Jiang Z, Zou L. Evaluation of near-surface wind speed changes | comparison against tall towers. Energies 2021;14(14):4169. during 1979 to 2011 over China based on five reanalysis datasets. Atmosphere
REF090_ReanalysisReview	19	False	1	reanalysis	comparison against tall towers. Energies 2021;14(14):4169. during 1979 to 2011 over China based on five reanalysis datasets. Atmosphere	[14] Gualtieri G. Reliability of ERA5 reanalysis data for wind resource assessment: a [46] Yu J, Zhou T, Jiang Z, Zou L. Evaluation of near-surface wind speed changes | comparison against tall towers. Energies 2021;14(14):4169. during 1979 to 2011 over China based on five reanalysis datasets. Atmosphere | [15] Colorado State University. Regional atmospheric modeling system (RAMS) 2019;10(12):804.
REF090_ReanalysisReview	19	False	1	reanalysis	[Accessed 29 December 2021]. Accessed. NCEP/NCAR 40-year reanalysis project. Bull Am Meteorol Soc 1996;77:437–72.	model. 2021. https://vandenheever.atmos.colostate.edu/vdhpage/rams.php. [47] Kalnay E, Kanamitsu M, Kistler R, Collins W, Deaven D, Gandin L, et al. The | [Accessed 29 December 2021]. Accessed. NCEP/NCAR 40-year reanalysis project. Bull Am Meteorol Soc 1996;77:437–72. | [16] Chancham C, Waewsak J, Chaichana T, Landry M, Gagnon Y. Assessment of [48] Kanamitsu M, Ebisuzaki W, Woollen J, Yang SK, Hnilo JJ, Fiorino M, Potter GL.
REF090_ReanalysisReview	19	False	1	reanalysis	onshore wind energy potential using regional atmospheric modeling system NCEP-DOE AMIP-II reanalysis (R-2). Bull Am Meteorol Soc 2002;83:1631–43.	[16] Chancham C, Waewsak J, Chaichana T, Landry M, Gagnon Y. Assessment of [48] Kanamitsu M, Ebisuzaki W, Woollen J, Yang SK, Hnilo JJ, Fiorino M, Potter GL. | onshore wind energy potential using regional atmospheric modeling system NCEP-DOE AMIP-II reanalysis (R-2). Bull Am Meteorol Soc 2002;83:1631–43. | (RAMS) for Thailand. Energy Proc 2014;52:487–96. [49] Saha S, Moorthi S, Pan HL, Wu X, Wang J, Nadiga S, et al. The NCEP climate
REF090_ReanalysisReview	19	False	1	reanalysis	[17] Pennsylvania State University/National Center for Atmospheric Research. MM5 forecast system reanalysis. Bull Am Meteorol Soc 2010;91:1015–58.	(RAMS) for Thailand. Energy Proc 2014;52:487–96. [49] Saha S, Moorthi S, Pan HL, Wu X, Wang J, Nadiga S, et al. The NCEP climate | [17] Pennsylvania State University/National Center for Atmospheric Research. MM5 forecast system reanalysis. Bull Am Meteorol Soc 2010;91:1015–58. | model. 2021. https://www2.mmm.ucar.edu/mm5/mm5v3.html. [Accessed 29 [50] Saha S, Moorthi S, Wu X, Wang J, Nadiga S, Tripp P, et al. The NCEP climate
REF090_ReanalysisReview	19	False	2	terrain;complex	complex terrain of Croatia. In: Proc. EWEC 2009, marseille, France. [53] Uppala SM, Kallberg PW, Simmons AJ, Andrae U, Bechtold VD, Fiorino M, et al.	[20] Horvath K, Bajić A, Ivatek-Šahdan S. Dynamical downscaling of wind resources in (MERRA-2). J Clim 2017;30:5419–54. | complex terrain of Croatia. In: Proc. EWEC 2009, marseille, France. [53] Uppala SM, Kallberg PW, Simmons AJ, Andrae U, Bechtold VD, Fiorino M, et al. | [21] National Center for Atmospheric Research (NCAR). Weather research and The ERA-40 re-analysis. Q J R Meteorol Soc 2005;131:2961–3012.
REF090_ReanalysisReview	19	False	1	reanalysis	-and-forecasting-model. [Accessed 29 December 2021]. Accessed. ERA-Interim reanalysis: configuration and performance of the data assimilation	forecasting (WRF) model. 2021. https://www.mmm.ucar.edu/weather-research [54] Dee DP, Uppala SM, Simmons AJ, Berrisford P, Poli P, Kobayashi S, et al. The | -and-forecasting-model. [Accessed 29 December 2021]. Accessed. ERA-Interim reanalysis: configuration and performance of the data assimilation | [22] Menendez MDCR, García-Díez M, Fita L, Fernández J, Méndez FJ, Gutiérrez JM. system. Q J R Meteorol Soc 2011;137:553–97.
REF090_ReanalysisReview	19	False	2	ERA5;reanalysis	2014;42:1857–72. The ERA5 global reanalysis. Q J R Meteorol Soc 2020;146:1999–2049.	High-resolution sea wind hindcasts over the Mediterranean area. Clim Dynam [55] Hersbach H, Bell B, Berrisford P, Hirahara S, Horányi A, Muñoz-Sabater J, et al. | 2014;42:1857–72. The ERA5 global reanalysis. Q J R Meteorol Soc 2020;146:1999–2049. | [23] Chancham C, Waewsak J, Gagnon Y. Offshore wind resource assessment and wind [56] Kobayashi S, Ota Y, Harada Y, Ebita A, Moriya M, Onoda H, et al. The JRA-55
REF090_ReanalysisReview	19	False	1	reanalysis	power plant optimization in the Gulf of Thailand. Energy 2017;139:706–31. reanalysis: general specifications and basic characteristics. J Meteorol Soc Jpn	[23] Chancham C, Waewsak J, Gagnon Y. Offshore wind resource assessment and wind [56] Kobayashi S, Ota Y, Harada Y, Ebita A, Moriya M, Onoda H, et al. The JRA-55 | power plant optimization in the Gulf of Thailand. Energy 2017;139:706–31. reanalysis: general specifications and basic characteristics. J Meteorol Soc Jpn | [24] Carvalho D, Rocha A, Gómez-Gesteira M, Santos CS. Offshore wind energy 2015;93(Ser. II):5–48.
REF090_ReanalysisReview	19	False	1	reanalysis	data in the Iberian Peninsula. Appl Energy 2014;134:57–64. American regional reanalysis. Bull Am Meteorol Soc 2006;87(3):343–60.	resource simulation forced by different reanalyses: comparison with observed [57] Mesinger F, DiMego G, Kalnay E, Mitchell K, Shafran PC, Ebisuzaki W, et al. North | data in the Iberian Peninsula. Appl Energy 2014;134:57–64. American regional reanalysis. Bull Am Meteorol Soc 2006;87(3):343–60. | [25] Niyomtham L, Lertsathittanakorn C, Waewsak J, Gagnon Y. On the wind resource [58] Bollmeyer C, Keller JD, Ohlwein C, Wahl S, Crewell S, Friederichs P, et al.
REF090_ReanalysisReview	19	False	1	reanalysis	assessment along the western coast of Thailand. Energy Proc 2017;138:1190–5. Towards a high-resolution regional reanalysis for the European CORDEX domain.	[25] Niyomtham L, Lertsathittanakorn C, Waewsak J, Gagnon Y. On the wind resource [58] Bollmeyer C, Keller JD, Ohlwein C, Wahl S, Crewell S, Friederichs P, et al. | assessment along the western coast of Thailand. Energy Proc 2017;138:1190–5. Towards a high-resolution regional reanalysis for the European CORDEX domain. | [26] Lorenz T, Barstad I. A dynamical downscaling of ERA-Interim in the North Sea Q J R Meteorol Soc 2015;141:1–15.
REF090_ReanalysisReview	19	False	1	reanalysis	The making of the new european wind atlas–part 2: production and evaluation. [60] Ridal M, Olsson E, Unden P, Zimmermann K, Ohlsson A. HARMONIE reanalysis	[27] Dörenkämper M, Olsen BT, Witha B, Hahmann AN, Davis NN, Barcons J, et al. of precipitation. Meteorol Z 2017;26:345–61. | The making of the new european wind atlas–part 2: production and evaluation. [60] Ridal M, Olsson E, Unden P, Zimmermann K, Ohlsson A. HARMONIE reanalysis | Geosci Model Dev (GMD) 2020;13. 5079–02. report of results and dataset. C, https://www.uerra.eu/component/dpattachment
REF090_ReanalysisReview	19	False	2	terrain;complex	generation in complex terrain and its correlation with large-scale meteorology. [61] Jermey P, Davie J, Renshaw R. Ensemble variational DA documentation. UERRA	[28] Pickering B, Grams CM, Pfenninger S. Sub-national variability of wind power s/?task=attachment.download&id=297. [Accessed 16 December 2021]. | generation in complex terrain and its correlation with large-scale meteorology. [61] Jermey P, Davie J, Renshaw R. Ensemble variational DA documentation. UERRA | Environ Res Lett 2020;15(4):044025. Deliverable D2.4, https://www.uerra.eu/component/dpattachments/?task=atta
REF090_ReanalysisReview	19	False	3	ERA5;reanalysis;observations	region of Colombia, using ten-minute wind observations and ERA5 data. Renew [62] Gleeson E, Whelan E, Hanley J. Met Éireann high resolution reanalysis for	[29] Ruiz SAG, Barriga JEC, Martínez JA. Wind power assessment in the Caribbean chment.download&id=284. [Accessed 16 December 2021]. | region of Colombia, using ten-minute wind observations and ERA5 data. Renew [62] Gleeson E, Whelan E, Hanley J. Met Éireann high resolution reanalysis for | Energy 2021;172:158–76. Ireland. Adv Sci Res 2017;14:49–61.
REF090_ReanalysisReview	19	False	1	reanalysis	high-resolution global reanalysis data. J Earth Syst Sci 2021;130(2):1–19. reanalysis, version 2. B. Am Meteorol Soc 2018;99:805–28.	[30] Dodla VBR, Desamsetti S. Assessment of wind energy potential over India using [63] Bromwich DH, Wilson B, Bai L, Liu Z, Barlage M, Shih CF, et al. The Arctic system | high-resolution global reanalysis data. J Earth Syst Sci 2021;130(2):1–19. reanalysis, version 2. B. Am Meteorol Soc 2018;99:805–28. | [31] Nefabas KL, Söder L, Mamo M, Olauson J. Modeling of Ethiopian wind power [64] Su CH, Eizenberg N, Steinle P, Jakob D, Fox-Hughes P, White CJ, et al. BARRA
REF090_ReanalysisReview	19	False	2	ERA5;reanalysis	production using ERA5 reanalysis data. Energies 2021;14(9):2573. v1.0: the Bureau of meteorology atmospheric high-resolution regional reanalysis	[31] Nefabas KL, Söder L, Mamo M, Olauson J. Modeling of Ethiopian wind power [64] Su CH, Eizenberg N, Steinle P, Jakob D, Fox-Hughes P, White CJ, et al. BARRA | production using ERA5 reanalysis data. Energies 2021;14(9):2573. v1.0: the Bureau of meteorology atmospheric high-resolution regional reanalysis | [32] Mahmoodi K, Ghassemi H, Razminia A. Wind energy potential assessment in the for Australia. Geosci Model Dev (GMD) 2019;12:2049–68.
REF090_ReanalysisReview	19	False	1	bias	[33] Kumar VS, Asok AB, George J, Amrutha MM. Regional study of changes in wind Wind Atlas and local measurements for bias correction of wind power generation	Persian Gulf: a spatial and temporal analysis. Ocean Eng 2020;216:107674. [65] Gruber K, Klöckl C, Regner P, Baumgartner J, Schmidt J. Assessing the Global | [33] Kumar VS, Asok AB, George J, Amrutha MM. Regional study of changes in wind Wind Atlas and local measurements for bias correction of wind power generation | power in the Indian shelf seas over the last 40 years. Energies 2020;13:2295. simulated from MERRA-2 in Brazil. Energy 2019;189:116212.
REF090_ReanalysisReview	19	False	1	ERA5	[37] Olauson J. ERA5: the new champion of wind power modelling. Renew Energy kages/boot/boot.pdf; 2021.	471–89. [69] R boot package v. 1.3-28. 31/03/2022, https://cran.r-project.org/web/pac | [37] Olauson J. ERA5: the new champion of wind power modelling. Renew Energy kages/boot/boot.pdf; 2021. | 2018;126:322–31. [70] Hayes L, Stocks M, Blakers A. Accurate long-term power generation model for
REF090_ReanalysisReview	19	False	2	ERA5;reanalysis	[38] Miao H, Dong D, Huang G, Hu K, Tian Q, Gong Y. Evaluation of Northern offshore wind farms in Europe using ERA5 reanalysis. Energy 2021;229:120603.	2018;126:322–31. [70] Hayes L, Stocks M, Blakers A. Accurate long-term power generation model for | [38] Miao H, Dong D, Huang G, Hu K, Tian Q, Gong Y. Evaluation of Northern offshore wind farms in Europe using ERA5 reanalysis. Energy 2021;229:120603. | Hemisphere surface wind speed and wind power density in multiple reanalysis [71] Doddy Clarke E, Griffin S, McDermott F, Monteiro Correia J, Sweeney C. Which
REF090_ReanalysisReview	19	False	1	reanalysis	Hemisphere surface wind speed and wind power density in multiple reanalysis [71] Doddy Clarke E, Griffin S, McDermott F, Monteiro Correia J, Sweeney C. Which	[38] Miao H, Dong D, Huang G, Hu K, Tian Q, Gong Y. Evaluation of Northern offshore wind farms in Europe using ERA5 reanalysis. Energy 2021;229:120603. | Hemisphere surface wind speed and wind power density in multiple reanalysis [71] Doddy Clarke E, Griffin S, McDermott F, Monteiro Correia J, Sweeney C. Which | datasets. Energy 2020;200:117382. reanalysis dataset should we use for renewable energy analysis in Ireland?
REF090_ReanalysisReview	19	False	1	reanalysis	datasets. Energy 2020;200:117382. reanalysis dataset should we use for renewable energy analysis in Ireland?	Hemisphere surface wind speed and wind power density in multiple reanalysis [71] Doddy Clarke E, Griffin S, McDermott F, Monteiro Correia J, Sweeney C. Which | datasets. Energy 2020;200:117382. reanalysis dataset should we use for renewable energy analysis in Ireland? | [39] Fan W, Liu Y, Chappell A, Dong L, Xu R, Ekström M, et al. Evaluation of global Atmosphere 2021;12(5):624.
REF090_ReanalysisReview	19	False	1	reanalysis	reanalysis land surface wind speed trends to support wind energy development [72] Borvarán D, Peña A, Gandoin R. Characterization of offshore vertical wind shear	[39] Fan W, Liu Y, Chappell A, Dong L, Xu R, Ekström M, et al. Evaluation of global Atmosphere 2021;12(5):624. | reanalysis land surface wind speed trends to support wind energy development [72] Borvarán D, Peña A, Gandoin R. Characterization of offshore vertical wind shear | using in situ observations. J Appl Meteorol Climatol 2021;60(1):33–50. conditions in Southern New England. Wind Energy 2021;24(5):465–80.
REF090_ReanalysisReview	19	False	1	observations	using in situ observations. J Appl Meteorol Climatol 2021;60(1):33–50. conditions in Southern New England. Wind Energy 2021;24(5):465–80.	reanalysis land surface wind speed trends to support wind energy development [72] Borvarán D, Peña A, Gandoin R. Characterization of offshore vertical wind shear | using in situ observations. J Appl Meteorol Climatol 2021;60(1):33–50. conditions in Southern New England. Wind Energy 2021;24(5):465–80.
REF090_ReanalysisReview	20	False	1	reanalysis	[76] Livingston HG, Lundquist JK. How many offshore wind turbines does New reanalysis data. Appl Energy 2017;199:155–68.	Romanian coastal zone. Inventions 2021;6(2):41. Simulating European wind power generation applying statistical downscaling to | [76] Livingston HG, Lundquist JK. How many offshore wind turbines does New reanalysis data. Appl Energy 2017;199:155–68. | England need? Meteorol Appl 2020;27(6):1969. [104] Staffell I, Green R. How does wind farm performance decline with age? Renew
REF090_ReanalysisReview	20	False	1	reanalysis	Ramos E. Estimating wind speed and capacity factors in Mexico using reanalysis [105] Kubik M, Brayshaw D, Coker P, Barlow J. Exploring the role of reanalysis data in	[77] Morales-Ruvalcaba CF, Rodriguez-Hernandez O, Martinez-Alvarado O, Drew DR, Energy 2014;66:775–86. | Ramos E. Estimating wind speed and capacity factors in Mexico using reanalysis [105] Kubik M, Brayshaw D, Coker P, Barlow J. Exploring the role of reanalysis data in | data. Energy Sustain Develop 2020;58:158–66. simulating regional wind generation variability over Norther Ireland. Renew
REF090_ReanalysisReview	20	False	1	reanalysis	[79] Islek F, Yuksel Y, Sahin C. Spatiotemporal long-term trends of extreme wind [107] Rose S, Apt J. What can reanalysis data tell us about wind power? Renew Energy	Baltic Sea. Energies 2020;13(14):3670. offshore wind energy potentials. Energy 2018;163:766–81. | [79] Islek F, Yuksel Y, Sahin C. Spatiotemporal long-term trends of extreme wind [107] Rose S, Apt J. What can reanalysis data tell us about wind power? Renew Energy | characteristics over the Black Sea. Dynam Atmos Oceans 2020;90:101132. 2015;83:963–9.
REF090_ReanalysisReview	20	False	1	reanalysis	[82] Ren G, Wan J, Liu J, Yu D. Characterization of wind resource in China from a new System Reanalysis data. Int J Climatol 2016;36(5):2173–88.	2020;148:1094–109. resources in China and its surrounding regions: a revisit using Climate Forecast | [82] Ren G, Wan J, Liu J, Yu D. Characterization of wind resource in China from a new System Reanalysis data. Int J Climatol 2016;36(5):2173–88. | perspective. Energy 2019;167:994–1010. [111] Boudia SM, Santos JA. Assessment of large-scale wind resource features in
REF090_ReanalysisReview	20	False	2	reanalysis;observations	[84] Camargo LR, Gruber K, Nitsch F. Assessing variables of regional reanalysis data profiler network observations with global reanalyses. J Atmos Sol Terr Phys 2011;	Commun 2019;1(7):071004. et al. Lower tropospheric horizontal wind over Indonesia: a comparison of wind | [84] Camargo LR, Gruber K, Nitsch F. Assessing variables of regional reanalysis data profiler network observations with global reanalyses. J Atmos Sol Terr Phys 2011; | sets relevant for modelling small-scale renewable energy systems. Renew Energy 73:986–95.
REF090_ReanalysisReview	20	False	1	reanalysis	[85] Piasecki A, Jurasz J, Kies A. Measurements and reanalysis data on wind speed and wind energy production estimates forced by different reanalyses: comparison	2019;133:1468–78. [113] Carvalho D, Rocha A, Gómez-Gesteira M, Santos CS. WRF wind simulation and | [85] Piasecki A, Jurasz J, Kies A. Measurements and reanalysis data on wind speed and wind energy production estimates forced by different reanalyses: comparison | solar irradiation from energy generation perspectives at several locations in with observed data for Portugal. Appl Energy 2014;117:116–26.
REF090_ReanalysisReview	20	False	1	reanalysis	Río Negro province (Patagonia Argentina) using MERRA reanalysis. PBL parameterization schemes. Atmos Res 2021;247:105147.	[87] Guozden TM, Bianchi E, Solarte A, Mulleady C. Wind resource assessment in the simulated 10 m wind over the Persian Gulf to different boundary conditions and | Río Negro province (Patagonia Argentina) using MERRA reanalysis. PBL parameterization schemes. Atmos Res 2021;247:105147. | Meteorologica 2018;43(2):47–61. [116] Solbakken K, Birkelund Y, Samuelsen EM. Evaluation of surface wind using WRF
REF090_ReanalysisReview	20	False	2	terrain;complex	[88] Carvalho D, Rocha A, Gómez-Gesteira M, Santos CS. Offshore winds and wind in complex terrain: atmospheric input data and grid spacing. Environ Model	Meteorologica 2018;43(2):47–61. [116] Solbakken K, Birkelund Y, Samuelsen EM. Evaluation of surface wind using WRF | [88] Carvalho D, Rocha A, Gómez-Gesteira M, Santos CS. Offshore winds and wind in complex terrain: atmospheric input data and grid spacing. Environ Model | energy production estimates derived from ASCAT, OSCAT, numerical weather Software 2021;145:105182.
REF090_ReanalysisReview	20	False	1	observations	prediction models and buoys–A comparative study for the Iberian Peninsula [117] Floors R, Nielsen M. Estimating air density using observations and Re-analysis	energy production estimates derived from ASCAT, OSCAT, numerical weather Software 2021;145:105182. | prediction models and buoys–A comparative study for the Iberian Peninsula [117] Floors R, Nielsen M. Estimating air density using observations and Re-analysis | Atlantic coast. Renew Energy 2017;102:433–44. outputs for wind energy purposes. Energies 2019;12:2038.
REF090_ReanalysisReview	20	False	1	reanalysis	[93] Shar E, Dodds P, Barrett M, Spataru C. Evaluating the accuracy of CFSR reanalysis of reanalysis and analysis datasets against measured wind data for wind resource	Climatol 2015;54(12):2407–25. [122] Kanwal A, Tahir ZUR, Asim M, Hayat N, Farooq M, Abdullah M, et al. Evaluation | [93] Shar E, Dodds P, Barrett M, Spataru C. Evaluating the accuracy of CFSR reanalysis of reanalysis and analysis datasets against measured wind data for wind resource | hourly wind speed forecasts for the UK, using in situ measurements and assessment. Energy Environ 2022. https://doi.org/10.1177/
REF090_ReanalysisReview	20	False	1	reanalysis	analyzed, satellite-retrieved and NWP modelled winds with buoy data along the WRF model and atmospheric reanalysis on the offshore wind resource potential	[94] Carvalho D, Rocha A, Gómez-Gesteira M, Santos CS. Comparison of reanalyzed, [123] de Assis Tavares LF, Shadman M, de Freitas Assad LP, Estefen SF. Influence of the | analyzed, satellite-retrieved and NWP modelled winds with buoy data along the WRF model and atmospheric reanalysis on the offshore wind resource potential | Iberian Peninsula coast. Remote Sens Environ 2014;152:480–92. and cost estimation: a case study for Rio de Janeiro State. Energy 2022;240:
REF090_ReanalysisReview	20	False	1	reanalysis	using the Climate Forecast System Reanalysis winds. Ocean Model 2013;70: 10.1002/we.2685.	[96] Chawla A, Spindler DM, Tolman HL. Validation of a thirty year wave hindcast offshore wind energy in the United Kingdom. Wind Energy 2021. https://doi.org/ | using the Climate Forecast System Reanalysis winds. Ocean Model 2013;70: 10.1002/we.2685. | 189–206. [125] Ahmad S, Abdullah M, Kanwal A, Tahir ZUR, Saeed UB, Manzoor F, et al. Offshore
REF090_ReanalysisReview	20	False	1	reanalysis	[97] Liléo S, Petrik O. Investigation on the use of NCEP/NCAR, MERRA and NCEP/ wind resource assessment using reanalysis data. Wind Eng 2022. https://doi.org/	189–206. [125] Ahmad S, Abdullah M, Kanwal A, Tahir ZUR, Saeed UB, Manzoor F, et al. Offshore | [97] Liléo S, Petrik O. Investigation on the use of NCEP/NCAR, MERRA and NCEP/ wind resource assessment using reanalysis data. Wind Eng 2022. https://doi.org/ | CFSR reanalysis data in wind resource analysis. Sigma 2000;1(2). 10.1177/0309524X211069384.
REF090_ReanalysisReview	20	False	1	reanalysis	CFSR reanalysis data in wind resource analysis. Sigma 2000;1(2). 10.1177/0309524X211069384.	[97] Liléo S, Petrik O. Investigation on the use of NCEP/NCAR, MERRA and NCEP/ wind resource assessment using reanalysis data. Wind Eng 2022. https://doi.org/ | CFSR reanalysis data in wind resource analysis. Sigma 2000;1(2). 10.1177/0309524X211069384. | [98] Kiss P, Varga L, Jánosi IM. Comparison of wind power estimates from the ECMWF [126] Pronk V, Bodini N, Optis M, Lundquist JK, Moriarty P, Draxl C, et al. Can
REF090_ReanalysisReview	20	False	1	reanalysis	reanalyses with direct turbine measurements. J Renew Sustain Energy 2009;1(3): reanalysis products outperform mesoscale numerical weather prediction models	[98] Kiss P, Varga L, Jánosi IM. Comparison of wind power estimates from the ECMWF [126] Pronk V, Bodini N, Optis M, Lundquist JK, Moriarty P, Draxl C, et al. Can | reanalyses with direct turbine measurements. J Renew Sustain Energy 2009;1(3): reanalysis products outperform mesoscale numerical weather prediction models | 033105. in modeling the wind resource in simple terrain? Wind Energy Sci 2022;7:
REF090_ReanalysisReview	20	False	1	terrain	033105. in modeling the wind resource in simple terrain? Wind Energy Sci 2022;7:	reanalyses with direct turbine measurements. J Renew Sustain Energy 2009;1(3): reanalysis products outperform mesoscale numerical weather prediction models | 033105. in modeling the wind resource in simple terrain? Wind Energy Sci 2022;7: | [99] Winterfeldt J, Andersson A, Klepp C, Bakan S, Weisse R. Comparison of HOAPS, 487–504.
REF046_ROSCO	1	False	1	ROSCO	(ROSCO) has been developed to provide a modular reference wind turbine controller that represents indus-	representative, fully dynamic simulations of other wind turbine designs. The Reference Open-Source Controller | (ROSCO) has been developed to provide a modular reference wind turbine controller that represents indus- | try standards and performs comparably to or better than existing reference controllers. The formulation of the
REF046_ROSCO	1	False	1	ROSCO	ROSCO controller logic and tuning processes is presented in this paper. Control capabilities such as tip speed	try standards and performs comparably to or better than existing reference controllers. The formulation of the | ROSCO controller logic and tuning processes is presented in this paper. Control capabilities such as tip speed | ratio tracking generator torque control, minimum pitch saturation, wind speed estimation, and a smoothing algo-
REF046_ROSCO	1	False	2	pitch;torque	ratio tracking generator torque control, minimum pitch saturation, wind speed estimation, and a smoothing algo-	ROSCO controller logic and tuning processes is presented in this paper. Control capabilities such as tip speed | ratio tracking generator torque control, minimum pitch saturation, wind speed estimation, and a smoothing algo- | rithm at near-rated operation are included to provide modern controller features. A floating offshore wind turbine
REF046_ROSCO	1	False	1	ROSCO	work and theoretical basis for the ROSCO controller modules and generic tuning processes. Simulations of the	automated optimization routine can easily improve the controller performance. This article provides the frame- | work and theoretical basis for the ROSCO controller modules and generic tuning processes. Simulations of the | National Renewable Energy Laboratory (NREL) 5 MW reference wind turbine and International Energy Agency
REF046_ROSCO	1	False	1	ROSCO	strate ROSCO’s peak shaving routine to reduce maximum rotor thrusts by over 10 % compared to the NREL	controller’s performance in both fixed and floating configurations, respectively. The simulation results demon- | strate ROSCO’s peak shaving routine to reduce maximum rotor thrusts by over 10 % compared to the NREL | 5 MW reference wind turbine controller on the land-based turbine and to reduce maximum platform pitch angles
REF046_ROSCO	1	False	1	pitch	5 MW reference wind turbine controller on the land-based turbine and to reduce maximum platform pitch angles	strate ROSCO’s peak shaving routine to reduce maximum rotor thrusts by over 10 % compared to the NREL | 5 MW reference wind turbine controller on the land-based turbine and to reduce maximum platform pitch angles | by nearly 30 % when using the platform feedback routine instead of a more traditional low-bandwidth controller.
REF046_ROSCO	2	False	1	ROSCO	easily adapted to a wide variety of different wind turbines. the Reference Open-Source Controller (ROSCO) tool chain	There has been a lack of reference controllers that can be There are numerous motivations for the development of | easily adapted to a wide variety of different wind turbines. the Reference Open-Source Controller (ROSCO) tool chain | The National Renewable Energy Laboratory (NREL) and the and the publication of this paper. Continued development,
REF046_ROSCO	2	False	1	pitch	improved and increased in fidelity, design constraints – such ods for analytical tuning of a feedback term and pitch sat-	2019). As wind turbines have grown and modeling tools have pletely automated fashion. This paper also provides meth- | improved and increased in fidelity, design constraints – such ods for analytical tuning of a feedback term and pitch sat- | as blade tip deflection – have become increasingly important. uration routines to specifically address challenges presented
REF046_ROSCO	2	False	1	ROSCO	that can be implemented consistently by the non-controls en- give a high-level overview of the ROSCO tool chain and im-	bines necessitates a controller and controller tuning process The structure of this paper is as follows. In Sect. 2, we | that can be implemented consistently by the non-controls en- give a high-level overview of the ROSCO tool chain and im- | gineer in a streamlined fashion. plementation methods. Here, we also discuss the structure of
REF046_ROSCO	2	False	1	ROSCO	Finally, completely automated optimization tools for the ROSCO controller and some requisite theoretical back-	gineer in a streamlined fashion. plementation methods. Here, we also discuss the structure of | Finally, completely automated optimization tools for the ROSCO controller and some requisite theoretical back- | medium- to high-fidelity wind turbine designs are becoming ground for the proceeding sections. In Sects. 3 and 4, we dis-
REF046_ROSCO	2	False	2	pitch;torque	well established in research and industry. These tools – such cuss the primary generator torque and collective blade pitch	medium- to high-fidelity wind turbine designs are becoming ground for the proceeding sections. In Sects. 3 and 4, we dis- | well established in research and industry. These tools – such cuss the primary generator torque and collective blade pitch | as the Wind-Plant Integrated System Design & Engineering controllers, respectively. In Sect. 5, we provide details on
REF046_ROSCO	3	False	2	workflow;ROSCO	some cases a brief time-domain simulation result to show- The general workflow for using the ROSCO tool chain is	some cases a brief time-domain simulation result to show- The general workflow for using the ROSCO tool chain is | case its functionality. Then, in Sect. 6, we provide power shown in Fig. 1. The tuning file provides necessary controller
REF046_ROSCO	3	False	1	ROSCO	and loads analysis results for the ROSCO controller on tur- tuning inputs to the ROSCO toolbox. The ROSCO toolbox	case its functionality. Then, in Sect. 6, we provide power shown in Fig. 1. The tuning file provides necessary controller | and loads analysis results for the ROSCO controller on tur- tuning inputs to the ROSCO toolbox. The ROSCO toolbox | bines in both land-based and floating configurations. Finally, then reads an OpenFAST model and writes the DISCON.IN
REF046_ROSCO	3	False	1	OpenFAST	bines in both land-based and floating configurations. Finally, then reads an OpenFAST model and writes the DISCON.IN	and loads analysis results for the ROSCO controller on tur- tuning inputs to the ROSCO toolbox. The ROSCO toolbox | bines in both land-based and floating configurations. Finally, then reads an OpenFAST model and writes the DISCON.IN | Sect. 7 discusses some conclusions and future directions of file. The DISCON.IN file is used as the input file to the
REF046_ROSCO	3	False	1	ROSCO	ROSCO. ROSCO controller and can be directly modified to change the	Sect. 7 discusses some conclusions and future directions of file. The DISCON.IN file is used as the input file to the | ROSCO. ROSCO controller and can be directly modified to change the | controller performance, to turn on and off individual control
REF046_ROSCO	3	False	1	OpenFAST	2 Foundations of the Reference Open-Source modules, or to change the desired control logic. OpenFAST	controller performance, to turn on and off individual control | 2 Foundations of the Reference Open-Source modules, or to change the desired control logic. OpenFAST | Controller communicates with ROSCO using the Bladed-style control
REF046_ROSCO	3	False	1	ROSCO	Controller communicates with ROSCO using the Bladed-style control	2 Foundations of the Reference Open-Source modules, or to change the desired control logic. OpenFAST | Controller communicates with ROSCO using the Bladed-style control | interface.
REF046_ROSCO	3	False	1	ROSCO	ROSCO was developed to provide a modular control systems The work by Mulders and van Wingerden (2018) modu-	interface. | ROSCO was developed to provide a modular control systems The work by Mulders and van Wingerden (2018) modu- | architecture with a Fortran-based software structure simi- larized the controller architecture and established an input
REF046_ROSCO	3	False	1	OpenFAST	lar to that of OpenFAST (NREL, 2019), a complete aero- file framework for the compiled Fortran code. Since then,	architecture with a Fortran-based software structure simi- larized the controller architecture and established an input | lar to that of OpenFAST (NREL, 2019), a complete aero- file framework for the compiled Fortran code. Since then, | servo-hydro-elastic wind turbine simulation tool developed numerous modules and controller features have been intro-
REF046_ROSCO	3	False	1	ROSCO	at NREL. The initial work and foundation for the ROSCO duced and the functionalities of the controller have been ex-	servo-hydro-elastic wind turbine simulation tool developed numerous modules and controller features have been intro- | at NREL. The initial work and foundation for the ROSCO duced and the functionalities of the controller have been ex- | controller was done by researchers at the Delft University panded significantly into what is now ROSCO. In this article,
REF046_ROSCO	3	False	1	ROSCO	controller was done by researchers at the Delft University panded significantly into what is now ROSCO. In this article,	at NREL. The initial work and foundation for the ROSCO duced and the functionalities of the controller have been ex- | controller was done by researchers at the Delft University panded significantly into what is now ROSCO. In this article, | of Technology and presented in Mulders and van Wingerden we provide an overview of the primary controller modules
REF046_ROSCO	3	False	1	ROSCO	(2018). The standard controller functionalities are designed that are generically tuned by the ROSCO toolbox or were	of Technology and presented in Mulders and van Wingerden we provide an overview of the primary controller modules | (2018). The standard controller functionalities are designed that are generically tuned by the ROSCO toolbox or were | to perform comparably with existing reference controllers in added specifically for ROSCO.
REF046_ROSCO	3	False	1	ROSCO	to perform comparably with existing reference controllers in added specifically for ROSCO.	(2018). The standard controller functionalities are designed that are generically tuned by the ROSCO toolbox or were | to perform comparably with existing reference controllers in added specifically for ROSCO. | the literature, such as the NREL 5 MW and DTU 10 MW
REF046_ROSCO	3	False	1	ROSCO	ties. The primary functions of the controller are still to max- dard reference wind turbine controllers, including ROSCO.	to represent more modern wind turbine control functionali- There are generally two methods of actuation in the stan- | ties. The primary functions of the controller are still to max- dard reference wind turbine controllers, including ROSCO. | imize power in below-rated operation and to regulate rotor A variable-speed generator torque controller is used to con-
REF046_ROSCO	3	False	1	torque	imize power in below-rated operation and to regulate rotor A variable-speed generator torque controller is used to con-	ties. The primary functions of the controller are still to max- dard reference wind turbine controllers, including ROSCO. | imize power in below-rated operation and to regulate rotor A variable-speed generator torque controller is used to con- | speed in above-rated operation. The controller was developed trol the generator power, and a collective blade pitch con-
REF046_ROSCO	3	False	1	pitch	speed in above-rated operation. The controller was developed trol the generator power, and a collective blade pitch con-	imize power in below-rated operation and to regulate rotor A variable-speed generator torque controller is used to con- | speed in above-rated operation. The controller was developed trol the generator power, and a collective blade pitch con- | to communicate with wind turbine simulation software (e.g., troller is used to regulate rotor speed. These methods of actu-
REF046_ROSCO	3	False	1	OpenFAST	OpenFAST) using the Bladed-style control interface (DNV- ation are commonly separated into four regions of operation,	to communicate with wind turbine simulation software (e.g., troller is used to regulate rotor speed. These methods of actu- | OpenFAST) using the Bladed-style control interface (DNV- ation are commonly separated into four regions of operation, | GL, 2018). The controller source code is compiled once and with transition logic between them. The steady-state operat-
REF046_ROSCO	3	False	1	ROSCO	To facilitate usage of ROSCO, a related “ROSCO toolbox” In Fig. 2, regions 1 and 4 are considered to be below cut-	and it is generally referred to as the “DISCON.IN” file. a convenient way to visualize the regions of operation. | To facilitate usage of ROSCO, a related “ROSCO toolbox” In Fig. 2, regions 1 and 4 are considered to be below cut- | was developed. The ROSCO toolbox is a Python-based tool in wind speed and above cut-out wind speed, respectively, so
REF046_ROSCO	3	False	1	ROSCO	was developed. The ROSCO toolbox is a Python-based tool in wind speed and above cut-out wind speed, respectively, so	To facilitate usage of ROSCO, a related “ROSCO toolbox” In Fig. 2, regions 1 and 4 are considered to be below cut- | was developed. The ROSCO toolbox is a Python-based tool in wind speed and above cut-out wind speed, respectively, so | set developed for tuning, implementing, and post-processing they are not of particular interest. Here, we provide a brief
REF046_ROSCO	3	False	2	OpenFAST;ROSCO	OpenFAST simulations using ROSCO. Both ROSCO and the overview of each region and compare how they are imple-	set developed for tuning, implementing, and post-processing they are not of particular interest. Here, we provide a brief | OpenFAST simulations using ROSCO. Both ROSCO and the overview of each region and compare how they are imple- | ROSCO toolbox are available for download and implemen- mented in the NREL 5 MW reference wind turbine controller
REF046_ROSCO	3	False	1	ROSCO	ROSCO toolbox are available for download and implemen- mented in the NREL 5 MW reference wind turbine controller	OpenFAST simulations using ROSCO. Both ROSCO and the overview of each region and compare how they are imple- | ROSCO toolbox are available for download and implemen- mented in the NREL 5 MW reference wind turbine controller | tation on GitHub (NREL, 2021): https://github.com/NREL/ versus ROSCO. In the following sections, we provide more
REF046_ROSCO	3	False	1	ROSCO	tation on GitHub (NREL, 2021): https://github.com/NREL/ versus ROSCO. In the following sections, we provide more	ROSCO toolbox are available for download and implemen- mented in the NREL 5 MW reference wind turbine controller | tation on GitHub (NREL, 2021): https://github.com/NREL/ versus ROSCO. In the following sections, we provide more | ROSCO (last access: 10 November 2021). in-depth descriptions of the logic and tuning processes.
REF046_ROSCO	3	False	1	ROSCO	ROSCO (last access: 10 November 2021). in-depth descriptions of the logic and tuning processes.	tation on GitHub (NREL, 2021): https://github.com/NREL/ versus ROSCO. In the following sections, we provide more | ROSCO (last access: 10 November 2021). in-depth descriptions of the logic and tuning processes. | The primary purpose of the ROSCO toolbox is to automat- Region 1 is when the wind speed is below the turbine’s
REF046_ROSCO	3	False	1	ROSCO	The primary purpose of the ROSCO toolbox is to automat- Region 1 is when the wind speed is below the turbine’s	ROSCO (last access: 10 November 2021). in-depth descriptions of the logic and tuning processes. | The primary purpose of the ROSCO toolbox is to automat- Region 1 is when the wind speed is below the turbine’s | ically execute the generalized tuning procedures for a given cut-in wind speed. This region is generally uninteresting for
REF046_ROSCO	3	False	1	OpenFAST	OpenFAST turbine model and to generate the necessary in- standard control purposes, and it is not shown in Fig. 2 for	ically execute the generalized tuning procedures for a given cut-in wind speed. This region is generally uninteresting for | OpenFAST turbine model and to generate the necessary in- standard control purposes, and it is not shown in Fig. 2 for | put file for the controller. A separate .yaml (Ben-Kiki et al., either turbine.
REF046_ROSCO	3	False	1	torque	ori. Only four parameters are necessary for tuning a com- erence controller, a linear transition from no generator torque	troller tuning parameters that are generally available a pri- mal tip speed ratio (TSR). In the traditional NREL 5 MW ref- | ori. Only four parameters are necessary for tuning a com- erence controller, a linear transition from no generator torque | plete controller, though additional tuning inputs are avail- to the minimum optimal generator torque is used. In ROSCO,
REF046_ROSCO	3	False	2	torque;ROSCO	plete controller, though additional tuning inputs are avail- to the minimum optimal generator torque is used. In ROSCO,	ori. Only four parameters are necessary for tuning a com- erence controller, a linear transition from no generator torque | plete controller, though additional tuning inputs are avail- to the minimum optimal generator torque is used. In ROSCO, | able for the user to introduce further modifications and fine- a proportional-integral (PI) controller modifies the generator
REF046_ROSCO	3	False	1	torque	tune the controller performance. In addition to the controller torque to maintain a defined minimum rotor speed, and the	able for the user to introduce further modifications and fine- a proportional-integral (PI) controller modifies the generator | tune the controller performance. In addition to the controller torque to maintain a defined minimum rotor speed, and the | tuning scripts, post-processing scripts, plotting scripts, and blades are pitched to their minimum allowable blade pitch
REF046_ROSCO	3	False	1	pitch	tuning scripts, post-processing scripts, plotting scripts, and blades are pitched to their minimum allowable blade pitch	tune the controller performance. In addition to the controller torque to maintain a defined minimum rotor speed, and the | tuning scripts, post-processing scripts, plotting scripts, and blades are pitched to their minimum allowable blade pitch | a MATLAB/Simulink version (MATLAB, 2019) of ROSCO angle. In turbines designed to operate at a higher TSR in low
REF046_ROSCO	3	False	1	ROSCO	a MATLAB/Simulink version (MATLAB, 2019) of ROSCO angle. In turbines designed to operate at a higher TSR in low	tuning scripts, post-processing scripts, plotting scripts, and blades are pitched to their minimum allowable blade pitch | a MATLAB/Simulink version (MATLAB, 2019) of ROSCO angle. In turbines designed to operate at a higher TSR in low | are available through the ROSCO toolbox. wind speeds because of a minimum rotor speed constraint,
REF046_ROSCO	3	False	1	ROSCO	are available through the ROSCO toolbox. wind speeds because of a minimum rotor speed constraint,	a MATLAB/Simulink version (MATLAB, 2019) of ROSCO angle. In turbines designed to operate at a higher TSR in low | are available through the ROSCO toolbox. wind speeds because of a minimum rotor speed constraint, | minimum blade pitch angles can be scheduled by a wind
REF046_ROSCO	3	False	1	pitch	minimum blade pitch angles can be scheduled by a wind	are available through the ROSCO toolbox. wind speeds because of a minimum rotor speed constraint, | minimum blade pitch angles can be scheduled by a wind | speed estimate to improve power output (see Sect. 5.3.2).
REF046_ROSCO	4	True	5	workflow;ROSCO	Figure 1. The general workflow of the ROSCO tool chain. The orange squares denote ROSCO-related input files, the blue squares denote	Figure 1. The general workflow of the ROSCO tool chain. The orange squares denote ROSCO-related input files, the blue squares denote | the ROSCO software tools themselves, and the green squares denote the OpenFAST wind turbine model and OpenFAST itself.
REF046_ROSCO	4	False	2	OpenFAST;ROSCO	the ROSCO software tools themselves, and the green squares denote the OpenFAST wind turbine model and OpenFAST itself.	Figure 1. The general workflow of the ROSCO tool chain. The orange squares denote ROSCO-related input files, the blue squares denote | the ROSCO software tools themselves, and the green squares denote the OpenFAST wind turbine model and OpenFAST itself.
REF046_ROSCO	4	True	4	ROSCO	Figure 2. The steady-state operating points for the NREL 5 MW and IEA 15 MW wind turbines with the ROSCO controller are shown to	Figure 2. The steady-state operating points for the NREL 5 MW and IEA 15 MW wind turbines with the ROSCO controller are shown to | illustrate how the turbine operation changes in different regions for different types of controller implementation. The plotted operation points
REF046_ROSCO	4	False	1	ROSCO	are based on the turbine parameters needed by the ROSCO toolbox tuning procedures and from the Cp surfaces generated by CCBlade (see	illustrate how the turbine operation changes in different regions for different types of controller implementation. The plotted operation points | are based on the turbine parameters needed by the ROSCO toolbox tuning procedures and from the Cp surfaces generated by CCBlade (see | Sect. 2.3). The different control regions are separated by the vertical grey dashed lines. Regions 1 and 4 are not shown. Region 2.5 is specified
REF046_ROSCO	4	False	1	Region 2	Sect. 2.3). The different control regions are separated by the vertical grey dashed lines. Regions 1 and 4 are not shown. Region 2.5 is specified	are based on the turbine parameters needed by the ROSCO toolbox tuning procedures and from the Cp surfaces generated by CCBlade (see | Sect. 2.3). The different control regions are separated by the vertical grey dashed lines. Regions 1 and 4 are not shown. Region 2.5 is specified | by the shaded area between Region 2 and Region 3 for the NREL 5 MW turbine, and does not specifically exist for the IEA 15 MW turbine
REF046_ROSCO	4	False	2	Region 2;Region 3	by the shaded area between Region 2 and Region 3 for the NREL 5 MW turbine, and does not specifically exist for the IEA 15 MW turbine	Sect. 2.3). The different control regions are separated by the vertical grey dashed lines. Regions 1 and 4 are not shown. Region 2.5 is specified | by the shaded area between Region 2 and Region 3 for the NREL 5 MW turbine, and does not specifically exist for the IEA 15 MW turbine | (Gaertner et al., 2020). Constant torque operation is shown in Region 3 for both turbines. The pitch-saturation routine (see Sect. 5.3) used by
REF046_ROSCO	4	False	3	Region 3;pitch;torque	(Gaertner et al., 2020). Constant torque operation is shown in Region 3 for both turbines. The pitch-saturation routine (see Sect. 5.3) used by	by the shaded area between Region 2 and Region 3 for the NREL 5 MW turbine, and does not specifically exist for the IEA 15 MW turbine | (Gaertner et al., 2020). Constant torque operation is shown in Region 3 for both turbines. The pitch-saturation routine (see Sect. 5.3) used by | the IEA 15 MW wind turbine results in the nonzero blade pitch trajectory in Region 1.5 and in the upper portion of Region 2 and beginning
REF046_ROSCO	4	False	2	Region 2;pitch	the IEA 15 MW wind turbine results in the nonzero blade pitch trajectory in Region 1.5 and in the upper portion of Region 2 and beginning	(Gaertner et al., 2020). Constant torque operation is shown in Region 3 for both turbines. The pitch-saturation routine (see Sect. 5.3) used by | the IEA 15 MW wind turbine results in the nonzero blade pitch trajectory in Region 1.5 and in the upper portion of Region 2 and beginning | of Region 3. Also note that the generator torque is in kNm for the NREL 5 MW turbine and MNm for the IEA 15 MW turbine and that the
REF046_ROSCO	4	False	2	Region 3;torque	of Region 3. Also note that the generator torque is in kNm for the NREL 5 MW turbine and MNm for the IEA 15 MW turbine and that the	the IEA 15 MW wind turbine results in the nonzero blade pitch trajectory in Region 1.5 and in the upper portion of Region 2 and beginning | of Region 3. Also note that the generator torque is in kNm for the NREL 5 MW turbine and MNm for the IEA 15 MW turbine and that the | y axis is shared for both plots.
REF046_ROSCO	4	False	1	ROSCO	ROSCO’s different Region 1.5 behaviors are shown in Fig. 2, turbine operates in transition between regions 2 and 3. In	ROSCO’s different Region 1.5 behaviors are shown in Fig. 2, turbine operates in transition between regions 2 and 3. In | where Region 1.5 does not span a specific range of wind the NREL 5 MW reference controller, a linear transition and
REF046_ROSCO	4	False	2	pitch;ROSCO	of a PI controller, and increased blade pitch angles are seen speeds. In ROSCO, a PI controller is used in both the pitch	speeds for the NREL 5 MW wind turbine because of the use switching logic are used across this transitional range of wind | of a PI controller, and increased blade pitch angles are seen speeds. In ROSCO, a PI controller is used in both the pitch | in low wind speeds for the IEA 15 MW turbine. and torque controllers to regulate the rotor speed to their re-
REF046_ROSCO	4	False	1	torque	in low wind speeds for the IEA 15 MW turbine. and torque controllers to regulate the rotor speed to their re-	of a PI controller, and increased blade pitch angles are seen speeds. In ROSCO, a PI controller is used in both the pitch | in low wind speeds for the IEA 15 MW turbine. and torque controllers to regulate the rotor speed to their re- | Region 2 is when the wind speed is large enough that the spective set points. A set point smoother (see Sect. 5.2) is
REF046_ROSCO	4	False	1	Region 2	Region 2 is when the wind speed is large enough that the spective set points. A set point smoother (see Sect. 5.2) is	in low wind speeds for the IEA 15 MW turbine. and torque controllers to regulate the rotor speed to their re- | Region 2 is when the wind speed is large enough that the spective set points. A set point smoother (see Sect. 5.2) is | turbine can operate at its optimal TSR but is still below rated. used to ensure that only the pitch or torque controller is ac-
REF046_ROSCO	4	False	2	pitch;torque	turbine can operate at its optimal TSR but is still below rated. used to ensure that only the pitch or torque controller is ac-	Region 2 is when the wind speed is large enough that the spective set points. A set point smoother (see Sect. 5.2) is | turbine can operate at its optimal TSR but is still below rated. used to ensure that only the pitch or torque controller is ac- | Here, the torque controller aims to maximize power as much tive at any point in time and that there is a smooth transition
REF046_ROSCO	4	False	1	torque	Here, the torque controller aims to maximize power as much tive at any point in time and that there is a smooth transition	turbine can operate at its optimal TSR but is still below rated. used to ensure that only the pitch or torque controller is ac- | Here, the torque controller aims to maximize power as much tive at any point in time and that there is a smooth transition | as possible, and the blade pitch angle is fixed. In ROSCO, between them.
REF046_ROSCO	4	False	2	pitch;ROSCO	as possible, and the blade pitch angle is fixed. In ROSCO, between them.	Here, the torque controller aims to maximize power as much tive at any point in time and that there is a smooth transition | as possible, and the blade pitch angle is fixed. In ROSCO, between them. | the generator torque controller either follows a traditional Region 3 is when the wind speed is above rated. The blade
REF046_ROSCO	4	False	2	Region 3;torque	the generator torque controller either follows a traditional Region 3 is when the wind speed is above rated. The blade	as possible, and the blade pitch angle is fixed. In ROSCO, between them. | the generator torque controller either follows a traditional Region 3 is when the wind speed is above rated. The blade | squared law (Bossanyi, 2000) or employs a TSR tracking PI pitch controller regulates the rotor speed, and the generator
REF046_ROSCO	4	False	1	pitch	squared law (Bossanyi, 2000) or employs a TSR tracking PI pitch controller regulates the rotor speed, and the generator	the generator torque controller either follows a traditional Region 3 is when the wind speed is above rated. The blade | squared law (Bossanyi, 2000) or employs a TSR tracking PI pitch controller regulates the rotor speed, and the generator | controller (see Sect. 3.1.2) to track a rotor speed reference torque is either constant or maintains constant power output.
REF046_ROSCO	4	False	1	torque	controller (see Sect. 3.1.2) to track a rotor speed reference torque is either constant or maintains constant power output.	squared law (Bossanyi, 2000) or employs a TSR tracking PI pitch controller regulates the rotor speed, and the generator | controller (see Sect. 3.1.2) to track a rotor speed reference torque is either constant or maintains constant power output. | that is based on a wind speed estimate (see Sect. 5.1) and op- In ROSCO, a gain-scheduled PI collective pitch controller
REF046_ROSCO	4	False	2	pitch;ROSCO	that is based on a wind speed estimate (see Sect. 5.1) and op- In ROSCO, a gain-scheduled PI collective pitch controller	controller (see Sect. 3.1.2) to track a rotor speed reference torque is either constant or maintains constant power output. | that is based on a wind speed estimate (see Sect. 5.1) and op- In ROSCO, a gain-scheduled PI collective pitch controller | timal TSR. The blades are pitched to fine pitch, where they is used to regulate the rotor speed. For floating systems,
REF046_ROSCO	4	False	1	pitch	timal TSR. The blades are pitched to fine pitch, where they is used to regulate the rotor speed. For floating systems,	that is based on a wind speed estimate (see Sect. 5.1) and op- In ROSCO, a gain-scheduled PI collective pitch controller | timal TSR. The blades are pitched to fine pitch, where they is used to regulate the rotor speed. For floating systems, | are generally designed to be the most aerodynamically effi- the NREL 5 MW reference controller reduces the pitch con-
REF046_ROSCO	4	False	1	pitch	are generally designed to be the most aerodynamically effi- the NREL 5 MW reference controller reduces the pitch con-	timal TSR. The blades are pitched to fine pitch, where they is used to regulate the rotor speed. For floating systems, | are generally designed to be the most aerodynamically effi- the NREL 5 MW reference controller reduces the pitch con- | cient. troller bandwidth to prevent platform instability. In ROSCO,
REF046_ROSCO	4	False	1	ROSCO	cient. troller bandwidth to prevent platform instability. In ROSCO,	are generally designed to be the most aerodynamically effi- the NREL 5 MW reference controller reduces the pitch con- | cient. troller bandwidth to prevent platform instability. In ROSCO, | Region 2.5 is when the wind speed is larger than the wind an additional feedback term is added to this controller for
REF046_ROSCO	4	False	1	Region 2	Region 2.5 is when the wind speed is larger than the wind an additional feedback term is added to this controller for	cient. troller bandwidth to prevent platform instability. In ROSCO, | Region 2.5 is when the wind speed is larger than the wind an additional feedback term is added to this controller for | speed that corresponds with rated rotor speed, but less than FOWTs (see Sect. 5.5) to help stabilize the platform using
REF046_ROSCO	4	False	1	pitch	the wind speed that corresponds with rated power. Here, the collective pitch, without the need to detune the rotor speed	speed that corresponds with rated rotor speed, but less than FOWTs (see Sect. 5.5) to help stabilize the platform using | the wind speed that corresponds with rated power. Here, the collective pitch, without the need to detune the rotor speed
REF046_ROSCO	5	False	1	torque	controller. The generator torque is either kept constant at and a constant TSR (see Fig. 2); this operation point is de-	controller. The generator torque is either kept constant at and a constant TSR (see Fig. 2); this operation point is de- | its rated torque value, or the controller adjusts the torque to noted by the red dot in Fig. 4. In above-rated wind speeds,
REF046_ROSCO	5	False	1	torque	its rated torque value, or the controller adjusts the torque to noted by the red dot in Fig. 4. In above-rated wind speeds,	controller. The generator torque is either kept constant at and a constant TSR (see Fig. 2); this operation point is de- | its rated torque value, or the controller adjusts the torque to noted by the red dot in Fig. 4. In above-rated wind speeds, | maintain constant power output. the blades pitch to regulate the rotor speed, and there is a re-
REF046_ROSCO	5	False	1	pitch	maintain constant power output. the blades pitch to regulate the rotor speed, and there is a re-	its rated torque value, or the controller adjusts the torque to noted by the red dot in Fig. 4. In above-rated wind speeds, | maintain constant power output. the blades pitch to regulate the rotor speed, and there is a re- | Region 4 is when the wind speed is greater than the tur- duction in TSR (see Fig. 2), as denoted by the dashed blue
REF046_ROSCO	5	False	1	pitch	bine’s cut-out wind speed. Here, the blades are pitched to line in Fig. 4.	Region 4 is when the wind speed is greater than the tur- duction in TSR (see Fig. 2), as denoted by the dashed blue | bine’s cut-out wind speed. Here, the blades are pitched to line in Fig. 4. | reduce rotor thrust to zero. Other than triggering a shutdown In the standard ROSCO toolbox tuning procedure, the
REF046_ROSCO	5	False	1	ROSCO	reduce rotor thrust to zero. Other than triggering a shutdown In the standard ROSCO toolbox tuning procedure, the	bine’s cut-out wind speed. Here, the blades are pitched to line in Fig. 4. | reduce rotor thrust to zero. Other than triggering a shutdown In the standard ROSCO toolbox tuning procedure, the | maneuver, this region is also generally uninteresting for stan- steady-state blade element momentum solver CCBlade
REF046_ROSCO	5	False	2	pitch;torque	In the case of the generator torque and blade pitch con- quickly and efficiently. Similarly, parameter surfaces can be	dard control purposes and is not shown in Fig. 2. (Ning, 2013) is used to find the Cp , Ct , and Cq surfaces | In the case of the generator torque and blade pitch con- quickly and efficiently. Similarly, parameter surfaces can be | trollers, a generator speed signal is low-pass filtered and fed generated and written to a text file using any other blade el-
REF046_ROSCO	5	False	1	ROSCO	chosen as a first- or second-order filter, and the ROSCO tool- complex solvers will, naturally, provide a more realistic Cp	back to the respective controllers. The low-pass filter can be ement momentum or coupled aeroelastic solver. Using more | chosen as a first- or second-order filter, and the ROSCO tool- complex solvers will, naturally, provide a more realistic Cp | box tuning process generically tunes the cutoff frequency for surface, though with a significant increase in computation
REF046_ROSCO	5	False	1	ROSCO	Within the ROSCO toolbox tuning processes, the Cp sur-	2.2 Implementation structure ferent aerodynamic solvers. | Within the ROSCO toolbox tuning processes, the Cp sur- | The high-level block diagram of ROSCO shown in Fig. 3 face is primarily used to facilitate the calculation of the plant
REF046_ROSCO	5	False	1	ROSCO	The high-level block diagram of ROSCO shown in Fig. 3 face is primarily used to facilitate the calculation of the plant	Within the ROSCO toolbox tuning processes, the Cp sur- | The high-level block diagram of ROSCO shown in Fig. 3 face is primarily used to facilitate the calculation of the plant | provides an overview of the control modules that are imple- parameters, as discussed in Sect. 2.4. These parameters are
REF046_ROSCO	5	False	3	pitch;torque;ROSCO	mented in ROSCO. The combination of these modules en- used for tuning the blade pitch and generator torque con-	provides an overview of the control modules that are imple- parameters, as discussed in Sect. 2.4. These parameters are | mented in ROSCO. The combination of these modules en- used for tuning the blade pitch and generator torque con- | sures smooth actuation across the range of operation regions, troller gains and for accurate implementation of the wind
REF046_ROSCO	5	False	1	pitch	of each controller module. minimum blade pitch schedule in low wind speeds, if needed,	as described in Sect. 2.1. Table 1 provides a brief description speed estimator. The Cp surface is also used to determine the | of each controller module. minimum blade pitch schedule in low wind speeds, if needed, | and to determine the optimal below-rated TSR to maximize
REF046_ROSCO	5	False	1	ROSCO	2.3 The power coefficient surface power output. Finally, the Cp surface is used within ROSCO	and to determine the optimal below-rated TSR to maximize | 2.3 The power coefficient surface power output. Finally, the Cp surface is used within ROSCO | itself so that the wind speed estimator can accurately estimate
REF046_ROSCO	5	False	1	pitch	work are based on the so-called Cp surface. The power coeffi- used to determine the minimum blade pitch schedule for the	Many tuning procedures and module implementations in this the operational state of the wind turbine. The Ct surface is | work are based on the so-called Cp surface. The power coeffi- used to determine the minimum blade pitch schedule for the | cient, Cp , is the ratio of the power extracted from the wind to so-called “peak shaving” routine, as described in Sect. 5.3.1.
REF046_ROSCO	5	False	1	pitch	of collective blade pitch angle and TSR. The TSR is the ra- A number of generic tuning processes have been developed	sent the aerodynamic efficiency of the turbine as a function | of collective blade pitch angle and TSR. The TSR is the ra- A number of generic tuning processes have been developed | tio of the speed of the tip of the wind turbine blade to the for the ROSCO controller. The first publication on this work
REF046_ROSCO	5	False	1	ROSCO	tio of the speed of the tip of the wind turbine blade to the for the ROSCO controller. The first publication on this work	of collective blade pitch angle and TSR. The TSR is the ra- A number of generic tuning processes have been developed | tio of the speed of the tip of the wind turbine blade to the for the ROSCO controller. The first publication on this work | rotor-averaged wind speed: (Abbas et al., 2020) provided an initial formulation of the pri-
REF046_ROSCO	5	False	1	ROSCO	mary tuning processes in ROSCO. By using simplified ana-	rotor-averaged wind speed: (Abbas et al., 2020) provided an initial formulation of the pri- | mary tuning processes in ROSCO. By using simplified ana- | ωr R
REF046_ROSCO	5	False	1	OpenFAST	where ωr is the rotor speed, R is the rotor radius, and v is the OpenFAST is avoided. To define the simplified wind turbine	v linearization routines using servo-aeroelastic codes such as | where ωr is the rotor speed, R is the rotor radius, and v is the OpenFAST is avoided. To define the simplified wind turbine | wind speed. Similar parameter surfaces can be generated for for control systems development, a first-order model of the
REF046_ROSCO	5	False	1	torque	the thrust and torque coefficients of the turbine, Ct and Cq , wind turbine is used (Pao and Johnson, 2011):	wind speed. Similar parameter surfaces can be generated for for control systems development, a first-order model of the | the thrust and torque coefficients of the turbine, Ct and Cq , wind turbine is used (Pao and Johnson, 2011): | respectively. An example Cp surface is shown in Fig. 4 for Ng
REF046_ROSCO	5	False	1	torque	resent the expected steady-state operation point of the wind where the aerodynamic torque is	The overlaid lines on the Cp surface shown in Fig. 4 rep- | resent the expected steady-state operation point of the wind where the aerodynamic torque is | turbine. The dashed–dotted black line shows the steady-state 1 Cp (λ, β) 3
REF046_ROSCO	5	False	1	pitch	speed. By imposing a blade pitch angle that is greater than In Eq. (2), ωg is the generator speed, J is the rotor inertia,	because of a constraint on the wind turbine’s minimum rotor | speed. By imposing a blade pitch angle that is greater than In Eq. (2), ωg is the generator speed, J is the rotor inertia, | fine pitch at low wind speeds, the turbine can operate at a Ng is the gearbox ratio, τg is the generator torque, and ηgb is
REF046_ROSCO	5	False	2	pitch;torque	fine pitch at low wind speeds, the turbine can operate at a Ng is the gearbox ratio, τg is the generator torque, and ηgb is	speed. By imposing a blade pitch angle that is greater than In Eq. (2), ωg is the generator speed, J is the rotor inertia, | fine pitch at low wind speeds, the turbine can operate at a Ng is the gearbox ratio, τg is the generator torque, and ηgb is | higher point on the Cp surface. In below-rated operation, the the gearbox efficiency. In Eq. (3), ρ is the air density, and Ar
REF046_ROSCO	5	False	1	pitch	turbine is expected to operate with a fixed blade pitch angle is the rotor area. The power coefficient Cp (λ, β) is found via	higher point on the Cp surface. In below-rated operation, the the gearbox efficiency. In Eq. (3), ρ is the air density, and Ar | turbine is expected to operate with a fixed blade pitch angle is the rotor area. The power coefficient Cp (λ, β) is found via
REF046_ROSCO	6	True	4	ROSCO	Figure 3. A block diagram showing the general controller logic in ROSCO. The shown signals in the figure are the primary time-varying	Figure 3. A block diagram showing the general controller logic in ROSCO. The shown signals in the figure are the primary time-varying | signals passed between various parts of the controller; no constant set points or parameters are shown. The generator torque and collective
REF046_ROSCO	6	False	1	torque	signals passed between various parts of the controller; no constant set points or parameters are shown. The generator torque and collective	Figure 3. A block diagram showing the general controller logic in ROSCO. The shown signals in the figure are the primary time-varying | signals passed between various parts of the controller; no constant set points or parameters are shown. The generator torque and collective | blade pitch controllers described in Sects. 3 and 4, respectively, are shown in blue. The orange squares denote the various controller modules
REF046_ROSCO	6	False	1	pitch	blade pitch controllers described in Sects. 3 and 4, respectively, are shown in blue. The orange squares denote the various controller modules	signals passed between various parts of the controller; no constant set points or parameters are shown. The generator torque and collective | blade pitch controllers described in Sects. 3 and 4, respectively, are shown in blue. The orange squares denote the various controller modules | that are described in Sect. 5. The yellow squares are filters. The details of the floating filter are described in Sect. 5.5, and the standard
REF046_ROSCO	6	False	2	pitch;torque	blade pitch angle, ωg is the generator speed, and τg is the generator torque. For outputs from the controller modules, βfloat is the floating	low-pass filter implementations are provided in Appendix A. For the feedback signals, ẋt is the tower-top fore–aft velocity, β is the collective | blade pitch angle, ωg is the generator speed, and τg is the generator torque. For outputs from the controller modules, βfloat is the floating | controller’s contribution to the blade pitch angle (see Sect. 5.5), βmin is the minimum blade pitch angle (see Sect. 5.3), v̂ is the estimated
REF046_ROSCO	6	False	1	pitch	controller’s contribution to the blade pitch angle (see Sect. 5.5), βmin is the minimum blade pitch angle (see Sect. 5.3), v̂ is the estimated	blade pitch angle, ωg is the generator speed, and τg is the generator torque. For outputs from the controller modules, βfloat is the floating | controller’s contribution to the blade pitch angle (see Sect. 5.5), βmin is the minimum blade pitch angle (see Sect. 5.3), v̂ is the estimated | wind speed (see Sect. 5.1), and 1ω is a controller reference set point shifting term from the set point smoother (see Sect. 5.2).
REF046_ROSCO	6	False	2	pitch;torque	torque and blade pitch controller gains, where	Equation (5) is the plant model used to define the generator | torque and blade pitch controller gains, where
REF046_ROSCO	6	True	3		Figure 4. Cp surface for the IEA 15 MW wind turbine. The dashed–	∂ωg Ng vop | Figure 4. Cp surface for the IEA 15 MW wind turbine. The dashed– | dotted black line shows the below-rated steady-state operating and λ is the tip speed ratio as defined in Eq. (1). The coef-
REF046_ROSCO	6	False	1	pitch	points that result from a Cp -maximizing minimum pitch schedule ficients Bτg and Bβ (vop ) are described in Sects. 3.1.2 and 4,	dotted black line shows the below-rated steady-state operating and λ is the tip speed ratio as defined in Eq. (1). The coef- | points that result from a Cp -maximizing minimum pitch schedule ficients Bτg and Bβ (vop ) are described in Sects. 3.1.2 and 4, | at low wind speeds when the turbine has a minimum rotor speed where the blade pitch and generator torque controllers are de-
REF046_ROSCO	6	False	2	pitch;torque	at low wind speeds when the turbine has a minimum rotor speed where the blade pitch and generator torque controllers are de-	points that result from a Cp -maximizing minimum pitch schedule ficients Bτg and Bβ (vop ) are described in Sects. 3.1.2 and 4, | at low wind speeds when the turbine has a minimum rotor speed where the blade pitch and generator torque controllers are de- | constraint. The dashed blue line shows the expected steady-state scribed, respectively. To calculate the Cp surface gradients, a
REF046_ROSCO	7	True	4	ROSCO	Table 1. The primary ROSCO modules and each of their available functionalities. The flag column shows the flag that must be set in the	Table 1. The primary ROSCO modules and each of their available functionalities. The flag column shows the flag that must be set in the | controller input file to activate each functionality. The functionalities column gives the possible flag values and a high-level description of
REF046_ROSCO	7	False	1	pitch	Blade pitch controller PC_ControlMode (0) Fixed pitch (for debug)	Module Flag Functionalities | Blade pitch controller PC_ControlMode (0) Fixed pitch (for debug) | (Sect. 4) (1)* Gain-scheduled blade pitch control to regulate rotor speed
REF046_ROSCO	7	False	1	pitch	(Sect. 4) (1)* Gain-scheduled blade pitch control to regulate rotor speed	Blade pitch controller PC_ControlMode (0) Fixed pitch (for debug) | (Sect. 4) (1)* Gain-scheduled blade pitch control to regulate rotor speed | Generator torque controller VS_ControlMode (0) Square law below rated, constant torque above rated
REF046_ROSCO	7	False	1	torque	Generator torque controller VS_ControlMode (0) Square law below rated, constant torque above rated	(Sect. 4) (1)* Gain-scheduled blade pitch control to regulate rotor speed | Generator torque controller VS_ControlMode (0) Square law below rated, constant torque above rated | (Sect. 3) (1)* Square law below rated, constant power above rated
REF046_ROSCO	7	False	1	torque	(2) Tip speed ratio tracking below rated, constant torque above rated	(Sect. 3) (1)* Square law below rated, constant power above rated | (2) Tip speed ratio tracking below rated, constant torque above rated | (3) Tip speed ratio tracking below rated, constant power above rated
REF046_ROSCO	7	False	1	pitch	(2) Yaw by individual pitch control	(1) Yaw rate control | (2) Yaw by individual pitch control | Wind speed estimator WE_Mode (0) Filtered hub-height wind speed estimate
REF046_ROSCO	7	False	1	pitch	Individual pitch control IPC_ControlMode (0) No individual pitch control	(2) Extended Kalman filter | Individual pitch control IPC_ControlMode (0) No individual pitch control | (1) 1P reductions
REF046_ROSCO	7	False	1	pitch	Pitch saturation PS_Mode (0) No pitch saturation	(2) 1P and 2P reductions | Pitch saturation PS_Mode (0) No pitch saturation | (Sect. 5.3) (1) Pitch saturation
REF046_ROSCO	7	False	1	pitch	(Sect. 5.3) (1) Pitch saturation	Pitch saturation PS_Mode (0) No pitch saturation | (Sect. 5.3) (1) Pitch saturation | Shutdown SD_Mode (0) No shutdown control
REF046_ROSCO	7	False	1	pitch	(Sect. 5.4) (1) Shutdown at maximum pitch	Shutdown SD_Mode (0) No shutdown control | (Sect. 5.4) (1) Shutdown at maximum pitch | Floating-specific feedback Fl_Mode (0) No floating-specific feedback
REF046_ROSCO	7	False	1	pitch	the standard PI blade pitch controller has inputs and outputs closed-loop transfer function from 1ωg,ref = 0 to 1ωg re-	proportional and integral gains, respectively. For example, take the Laplace transform of this differential equation, the | the standard PI blade pitch controller has inputs and outputs closed-loop transfer function from 1ωg,ref = 0 to 1ωg re- | such that sults in
REF046_ROSCO	7	False	1	torque	and the TSR tracking PI generator torque controller has in- 1ωg,ref (s)	H (s) = | and the TSR tracking PI generator torque controller has in- 1ωg,ref (s) | puts such that B(kp (vop )s + ki (vop ))
REF046_ROSCO	8	True	4	ROSCO	Figure 5. A block diagram showing the closed-loop system used to tune the ROSCO controller in above-rated operation. The blocks C(s)	Figure 5. A block diagram showing the closed-loop system used to tune the ROSCO controller in above-rated operation. The blocks C(s) | and G(s) represent the controller and plant transfer functions, respectively.
REF046_ROSCO	8	False	1	torque	ki (vop ) = , (16) 3.1 Below-rated torque control	ωdes | ki (vop ) = , (16) 3.1 Below-rated torque control | B
REF046_ROSCO	8	False	1	torque	In below-rated operation, the generator torque controller’s	B | In below-rated operation, the generator torque controller’s | goal is to maximize power production. If the blades are
REF046_ROSCO	8	False	1	pitch	pitched to fine pitch, maximum aerodynamic efficiency can	where the closed-loop response is characterized by a desired | pitched to fine pitch, maximum aerodynamic efficiency can | natural frequency, ωdes , and damping ratio, ζdes . For a stan-
REF046_ROSCO	8	False	1	torque	be achieved and power can be maximized if the torque con-	natural frequency, ωdes , and damping ratio, ζdes . For a stan- | be achieved and power can be maximized if the torque con- | dard horizontal-axis wind turbine, B is negative in below-
REF046_ROSCO	8	False	1	ROSCO	Cp surface. In ROSCO, this is done in one of two ways.	and above-rated operation, so ki and kp are negative. There- | Cp surface. In ROSCO, this is done in one of two ways. | fore, based on this formulation, an increase in rotor speed
REF046_ROSCO	8	False	1	torque	results in −1ωg < 0 and an increase in generator torque	fore, based on this formulation, an increase in rotor speed | results in −1ωg < 0 and an increase in generator torque | or blade pitch angle. By defining the desired natural fre- 3.1.1 K ω2 law
REF046_ROSCO	8	False	1	pitch	or blade pitch angle. By defining the desired natural fre- 3.1.1 K ω2 law	results in −1ωg < 0 and an increase in generator torque | or blade pitch angle. By defining the desired natural fre- 3.1.1 K ω2 law | quency and damping ratio of the rotor speed response, the A study of Eq. (2) in steady state, such that ω̇g = 0, pro-
REF046_ROSCO	8	False	1	torque	in the wind speed. Increased desired natural frequencies will mal torque control (Bossanyi, 2000; Johnson et al., 2006). By	user can modify the dynamic response of the rotor to changes vides the foundation for the so-called “Kωg2 law” for opti- | in the wind speed. Increased desired natural frequencies will mal torque control (Bossanyi, 2000; Johnson et al., 2006). By | decrease the response time of the rotor, whereas increased restructuring Eq. (2), and assuming that the wind turbine is
REF046_ROSCO	8	False	1	torque	the authors recommend Franklin et al. (2019) to the curious between the generator speed and demanded generator torque.	sponse. To learn more about second-order system responses, coefficient, Cp,max , one can realize a quadratic relationship | the authors recommend Franklin et al. (2019) to the curious between the generator speed and demanded generator torque. | reader. This relationship is commonly defined as
REF046_ROSCO	8	False	1	torque	that needs to be made by the control designer or optimization 3.1.2 Tip speed ratio tracking torque control	above-rated operating regions is the only parameter decision | that needs to be made by the control designer or optimization 3.1.2 Tip speed ratio tracking torque control | routine, though additional tuning of the individual modules
REF046_ROSCO	8	False	1	ROSCO	mance. TSR tracking controller in ROSCO. First, although the Kωg2	discussed in Sect. 5 might further improve controller perfor- Two primary motivations are behind the development of the | mance. TSR tracking controller in ROSCO. First, although the Kωg2 | law has historically worked reliably in idealized simulation
REF046_ROSCO	8	False	1	ROSCO	Four filters are commonly used in the ROSCO controller (see	as strongly in modern, highly flexible rotors as it has in the | Four filters are commonly used in the ROSCO controller (see | past. Fortunately, modern rotors are still commonly designed
REF046_ROSCO	8	True	3		Fig. 3): first- and second-order low-pass filters, a first-order	past. Fortunately, modern rotors are still commonly designed | Fig. 3): first- and second-order low-pass filters, a first-order | to maximize aerodynamic efficiency at a specific TSR. Sec-
REF046_ROSCO	8	False	1	pitch	If the blades are pitched to their most aerodynamically effi-	linear transform. | If the blades are pitched to their most aerodynamically effi- | cient angle and the wind turbine rotor is operating at its opti-
REF046_ROSCO	8	False	1	torque	3 The generator torque controller suggests that if the wind speed can be measured or estimated	mal TSR, the turbine power is theoretically maximized. This | 3 The generator torque controller suggests that if the wind speed can be measured or estimated | accurately, a generator torque controller can be designed to
REF046_ROSCO	8	False	1	torque	accurately, a generator torque controller can be designed to	3 The generator torque controller suggests that if the wind speed can be measured or estimated | accurately, a generator torque controller can be designed to | Four total variable-speed generator torque control methods maintain the rotor’s λopt and maximize power capture. In
REF046_ROSCO	8	False	1	torque	Four total variable-speed generator torque control methods maintain the rotor’s λopt and maximize power capture. In	accurately, a generator torque controller can be designed to | Four total variable-speed generator torque control methods maintain the rotor’s λopt and maximize power capture. In | are available in ROSCO (see Table 1). Two methods of op- ROSCO, a standard PI controller is used to track a genera-
REF046_ROSCO	8	False	1	ROSCO	are available in ROSCO (see Table 1). Two methods of op- ROSCO, a standard PI controller is used to track a genera-	Four total variable-speed generator torque control methods maintain the rotor’s λopt and maximize power capture. In | are available in ROSCO (see Table 1). Two methods of op- ROSCO, a standard PI controller is used to track a genera- | timal power generation are available for below-rated opera- tor speed reference. For the generator torque controller:
REF046_ROSCO	8	False	1	torque	timal power generation are available for below-rated opera- tor speed reference. For the generator torque controller:	are available in ROSCO (see Table 1). Two methods of op- ROSCO, a standard PI controller is used to track a genera- | timal power generation are available for below-rated opera- tor speed reference. For the generator torque controller: | tion, and two methods of maintaining power output near the λopt v̂
REF046_ROSCO	9	False	1	torque	where v̂ is the estimated rotor-effective wind speed provided than in the constant torque case. As discussed by Jonkman	where v̂ is the estimated rotor-effective wind speed provided than in the constant torque case. As discussed by Jonkman | by the wind speed estimator described in Sect. 5.1. This ref- (2010), using a constant generator torque controller in above-
REF046_ROSCO	9	False	1	torque	by the wind speed estimator described in Sect. 5.1. This ref- (2010), using a constant generator torque controller in above-	where v̂ is the estimated rotor-effective wind speed provided than in the constant torque case. As discussed by Jonkman | by the wind speed estimator described in Sect. 5.1. This ref- (2010), using a constant generator torque controller in above- | erence signal is also constrained by rated operating conditions can help improve FOWT platform
REF046_ROSCO	9	False	1	pitch	where ωg,min is the minimum allowable generator speed, and 4 The blade pitch controller	where ωg,min is the minimum allowable generator speed, and 4 The blade pitch controller | the subscript “rated” denotes the value as calculated at rated
REF046_ROSCO	9	False	1	pitch	A straightforward and automated tuning process has been rated generator speed, so the blade pitch angle, β, saturates	operation. In below-rated operation, the generator speed is less than the | A straightforward and automated tuning process has been rated generator speed, so the blade pitch angle, β, saturates | developed for the PI gains for the TSR tracking torque con- at β = βmin . This is generally the fine-pitch angle, unless
REF046_ROSCO	9	False	2	pitch;torque	developed for the PI gains for the TSR tracking torque con- at β = βmin . This is generally the fine-pitch angle, unless	A straightforward and automated tuning process has been rated generator speed, so the blade pitch angle, β, saturates | developed for the PI gains for the TSR tracking torque con- at β = βmin . This is generally the fine-pitch angle, unless | troller. With the assumption that the blade pitch is held a pitch saturation schedule is implemented, as described in
REF046_ROSCO	9	False	1	pitch	troller. With the assumption that the blade pitch is held a pitch saturation schedule is implemented, as described in	developed for the PI gains for the TSR tracking torque con- at β = βmin . This is generally the fine-pitch angle, unless | troller. With the assumption that the blade pitch is held a pitch saturation schedule is implemented, as described in | constant at fine pitch in below-rated operation, 1β = 0 in Sect. 5.3.
REF046_ROSCO	9	False	1	pitch	constant at fine pitch in below-rated operation, 1β = 0 in Sect. 5.3.	troller. With the assumption that the blade pitch is held a pitch saturation schedule is implemented, as described in | constant at fine pitch in below-rated operation, 1β = 0 in Sect. 5.3. | Eq. (5). This means that B = Bτg in Eqs. (15) and (16) and is In above-rated operation, a PI controller is used to deter-
REF046_ROSCO	9	False	1	pitch	defined as mine the collective blade pitch angle to keep the turbine at a	Eq. (5). This means that B = Bτg in Eqs. (15) and (16) and is In above-rated operation, a PI controller is used to deter- | defined as mine the collective blade pitch angle to keep the turbine at a | rotor speed reference. The above-rated rotor speed reference
REF046_ROSCO	9	False	1	pitch	−Ng2 ωg,ref for the blade pitch controller is generally defined as	rotor speed reference. The above-rated rotor speed reference | −Ng2 ωg,ref for the blade pitch controller is generally defined as | B = Bτg = (20)
REF046_ROSCO	9	False	1	torque	for the generator torque controller. With this, ωdes and ζdes	ωref,β = ωrated . (22) | for the generator torque controller. With this, ωdes and ζdes | can be chosen to describe the below-rated closed-loop ro- It is well established, and common in reference controllers,
REF046_ROSCO	9	False	1	pitch	tor speed response, and Eqs. (15) and (16) can be calculated to employ a gain schedule to improve blade pitch controller	can be chosen to describe the below-rated closed-loop ro- It is well established, and common in reference controllers, | tor speed response, and Eqs. (15) and (16) can be calculated to employ a gain schedule to improve blade pitch controller | for the generator torque controller. Equation (15) suggests performance (Jonkman et al., 2009; Hansen and Henriksen,
REF046_ROSCO	9	False	1	torque	for the generator torque controller. Equation (15) suggests performance (Jonkman et al., 2009; Hansen and Henriksen,	tor speed response, and Eqs. (15) and (16) can be calculated to employ a gain schedule to improve blade pitch controller | for the generator torque controller. Equation (15) suggests performance (Jonkman et al., 2009; Hansen and Henriksen, | that kp (v) and A(v) are both dependent on v; however, it 2013; Mulders and van Wingerden, 2018). In the ROSCO
REF046_ROSCO	9	False	1	ROSCO	that kp (v) and A(v) are both dependent on v; however, it 2013; Mulders and van Wingerden, 2018). In the ROSCO	for the generator torque controller. Equation (15) suggests performance (Jonkman et al., 2009; Hansen and Henriksen, | that kp (v) and A(v) are both dependent on v; however, it 2013; Mulders and van Wingerden, 2018). In the ROSCO | was found that fixing kp,vs = kp (v = vrated ), where the sub- toolbox we use the Cp surface to prescribe this gain schedule,
REF046_ROSCO	9	False	1	torque	script “vs” denotes variable-speed torque control, simplifies rather than using aero-servo-elastic linearization tools.	was found that fixing kp,vs = kp (v = vrated ), where the sub- toolbox we use the Cp surface to prescribe this gain schedule, | script “vs” denotes variable-speed torque control, simplifies rather than using aero-servo-elastic linearization tools. | the controller implementation without negatively affecting When tuning the pitch controller’s gain schedule, we can-
REF046_ROSCO	9	False	1	pitch	the controller implementation without negatively affecting When tuning the pitch controller’s gain schedule, we can-	script “vs” denotes variable-speed torque control, simplifies rather than using aero-servo-elastic linearization tools. | the controller implementation without negatively affecting When tuning the pitch controller’s gain schedule, we can- | power production or generator loads. not directly assume that the generator torque is kept constant
REF046_ROSCO	9	False	1	torque	power production or generator loads. not directly assume that the generator torque is kept constant	the controller implementation without negatively affecting When tuning the pitch controller’s gain schedule, we can- | power production or generator loads. not directly assume that the generator torque is kept constant | because it may change if constant power operation is used.
REF046_ROSCO	9	False	1	torque	3.2 Above-rated torque control In constant power operation, the first-order Taylor series ex-	because it may change if constant power operation is used. | 3.2 Above-rated torque control In constant power operation, the first-order Taylor series ex- | pansion of the generator torque in Eq. (21) is
REF046_ROSCO	9	False	1	torque	pansion of the generator torque in Eq. (21) is	3.2 Above-rated torque control In constant power operation, the first-order Taylor series ex- | pansion of the generator torque in Eq. (21) is | There are two standard methods of actuating the generator
REF046_ROSCO	9	False	1	torque	torque in above-rated operation. Defining P as the generator Prated Prated	There are two standard methods of actuating the generator | torque in above-rated operation. Defining P as the generator Prated Prated | power output, in above-rated operation the generator torque τg,ar (t) = − 2 1ωg . (23)
REF046_ROSCO	9	False	1	torque	power output, in above-rated operation the generator torque τg,ar (t) = − 2 1ωg . (23)	torque in above-rated operation. Defining P as the generator Prated Prated | power output, in above-rated operation the generator torque τg,ar (t) = − 2 1ωg . (23) | ωg,rated ωg,rated
REF046_ROSCO	9	False	1	torque	Prated Prated Considering that the generator torque as defined by Eq. (13)	is defined to be | Prated Prated Considering that the generator torque as defined by Eq. (13) | τg,ar (t) = , or τg,ar (t) = , (21) can be rewritten as τg,ar (t) = τg,rated + 1τg in above-rated
REF046_ROSCO	9	False	1	torque	for constant torque or constant power output, respectively.	wind speeds, we define | for constant torque or constant power output, respectively. | If the Kωg2 law is used for below-rated torque control, the Prated
REF046_ROSCO	9	False	1	torque	If the Kωg2 law is used for below-rated torque control, the Prated	for constant torque or constant power output, respectively. | If the Kωg2 law is used for below-rated torque control, the Prated | 1τg = − 2
REF046_ROSCO	9	False	1	torque	torque controller switches to above-rated operation when the ωg,rated	1ωg . (24) | torque controller switches to above-rated operation when the ωg,rated | blades are pitched beyond an offset, denoted by PC_Switch
REF046_ROSCO	9	False	1	pitch	blades are pitched beyond an offset, denoted by PC_Switch	torque controller switches to above-rated operation when the ωg,rated | blades are pitched beyond an offset, denoted by PC_Switch | in the DISCON.IN file. When the turbine is in above-rated If constant power operation is used, then A(vop ) in Eq. (6) is
REF046_ROSCO	9	False	1	torque	operation, the generator torque is then defined directly by the re-defined to	in the DISCON.IN file. When the turbine is in above-rated If constant power operation is used, then A(vop ) in Eq. (6) is | operation, the generator torque is then defined directly by the re-defined to | relationships in Eq. (21). If the TSR tracking control is used 1 ∂τa ∂λ Prated
REF046_ROSCO	9	False	1	torque	for below-rated operation, the above-rated generator torque A(vop ) = − Bτg 2 . (25)	relationships in Eq. (21). If the TSR tracking control is used 1 ∂τa ∂λ Prated | for below-rated operation, the above-rated generator torque A(vop ) = − Bτg 2 . (25) | J ∂λ ∂ωg ωg,rated
REF046_ROSCO	9	False	1	torque	For constant torque operation, it can be assumed that 1τg =	above-rated operation, the set point smoother (see Sect. 5.2) | For constant torque operation, it can be assumed that 1τg = | shifts the reference generator speed such that the generator
REF046_ROSCO	9	False	1	torque	torque is saturated at its maximum allowable value, resulting	0, so no modifications are made to A(vop ). In both cases, B | torque is saturated at its maximum allowable value, resulting | in Eqs. (15) and (16) is
REF046_ROSCO	9	False	1	torque	in either constant torque or constant power output.	in Eqs. (15) and (16) is | in either constant torque or constant power output. | If constant torque control is used, power output changes Ng ∂τa
REF046_ROSCO	9	False	1	torque	If constant torque control is used, power output changes Ng ∂τa	in either constant torque or constant power output. | If constant torque control is used, power output changes Ng ∂τa | are directly correlated to the changes in the generator speed B = Bβ (vop ) =
REF046_ROSCO	10	False	1	pitch	we can find the expected blade pitch angles, βop (λop ), for y = h(x, u) + ξm , (29)	Through the relationship in Eq. (27) and the Cp surface, ẋ = f (x, u) + ξ s , (28) | we can find the expected blade pitch angles, βop (λop ), for y = h(x, u) + ξm , (29) | any TSR. In steady-state above-rated operation the genera-
REF046_ROSCO	10	False	1	pitch	(16) are then defined for the blade pitch controller to be x = [ωr vt vm ]T , (30)	Bβ (βop ) for controller tuning purposes. Equations (15) and | (16) are then defined for the blade pitch controller to be x = [ωr vt vm ]T , (30) | kp,pc (βop ) and ki,pc (βop ), and the blade pitch controller gain u = [β τg ] ,T
REF046_ROSCO	10	False	1	pitch	kp,pc (βop ) and ki,pc (βop ), and the blade pitch controller gain u = [β τg ] ,T	(16) are then defined for the blade pitch controller to be x = [ωr vt vm ]T , (30) | kp,pc (βop ) and ki,pc (βop ), and the blade pitch controller gain u = [β τg ] ,T | (31)
REF046_ROSCO	10	False	1	pitch	schedule can be implemented as a function of blade pitch an-	(31) | schedule can be implemented as a function of blade pitch an- | gle rather than an estimated wind speed. In the ROSCO im- where vt is the turbulent component of the wind speed, and
REF046_ROSCO	10	False	1	ROSCO	gle rather than an estimated wind speed. In the ROSCO im- where vt is the turbulent component of the wind speed, and	schedule can be implemented as a function of blade pitch an- | gle rather than an estimated wind speed. In the ROSCO im- where vt is the turbulent component of the wind speed, and | plementation of the blade pitch controller, a low-pass-filtered vm is the mean wind speed. The nonlinear state equations are
REF046_ROSCO	10	False	1	pitch	plementation of the blade pitch controller, a low-pass-filtered vm is the mean wind speed. The nonlinear state equations are	gle rather than an estimated wind speed. In the ROSCO im- where vt is the turbulent component of the wind speed, and | plementation of the blade pitch controller, a low-pass-filtered vm is the mean wind speed. The nonlinear state equations are | blade pitch angle, βlpf , is used to interpolate the necessary defined as
REF046_ROSCO	10	False	1	pitch	blade pitch angle, βlpf , is used to interpolate the necessary defined as	plementation of the blade pitch controller, a low-pass-filtered vm is the mean wind speed. The nonlinear state equations are | blade pitch angle, βlpf , is used to interpolate the necessary defined as | pitch controller gains, kp,pc (βlpf (t)) and ki,pc (βlpf (t)), for the 1
REF046_ROSCO	10	False	1	pitch	pitch controller gains, kp,pc (βlpf (t)) and ki,pc (βlpf (t)), for the 1	blade pitch angle, βlpf , is used to interpolate the necessary defined as | pitch controller gains, kp,pc (βlpf (t)) and ki,pc (βlpf (t)), for the 1 | PI controller at each time step. ω̇r = (τa − Ng τg ), (32)
REF046_ROSCO	10	False	2	pitch;ROSCO	pitch controller gain calculation in the ROSCO toolbox. With To complete the state equation definitions, we establish	and B(vop ) are each approximated by a linear fit for the blade | pitch controller gain calculation in the ROSCO toolbox. With To complete the state equation definitions, we establish | this foundation, the blade pitch controller’s gain schedule can π vm
REF046_ROSCO	10	False	1	pitch	this foundation, the blade pitch controller’s gain schedule can π vm	pitch controller gain calculation in the ROSCO toolbox. With To complete the state equation definitions, we establish | this foundation, the blade pitch controller’s gain schedule can π vm | be generated using the ROSCO toolbox for any user-defined a(vm ) = (36)
REF046_ROSCO	10	False	1	ROSCO	be generated using the ROSCO toolbox for any user-defined a(vm ) = (36)	this foundation, the blade pitch controller’s gain schedule can π vm | be generated using the ROSCO toolbox for any user-defined a(vm ) = (36) | 2L
REF046_ROSCO	10	False	1	ROSCO	ROSCO is modularized such that various control methods In the Kalman filter, the covariance matrices are based on	cally defined as L = 3D, where D is the rotor diameter. | ROSCO is modularized such that various control methods In the Kalman filter, the covariance matrices are based on | can be switched on and off without the need to recompile the wind model as defined by Knudsen et al. (2011). In the
REF046_ROSCO	10	False	1	ROSCO	any code. Here, we present the theoretical foundations for the ROSCO implementation of this wind speed estimator, the	can be switched on and off without the need to recompile the wind model as defined by Knudsen et al. (2011). In the | any code. Here, we present the theoretical foundations for the ROSCO implementation of this wind speed estimator, the | module implementations and their respective generic tuning process noise (Q) and measurement noise (Rm ) covariances
REF046_ROSCO	10	False	1	ROSCO	ROSCO. The wind speed estimate is used in the TSR track- where the turbulence intensity is defined as ti = 0.18, the up-	In this section, we discuss the wind speed estimator used in 0 0 600 | ROSCO. The wind speed estimate is used in the TSR track- where the turbulence intensity is defined as ti = 0.18, the up- | ing generator torque controller (see Sect. 3.1.2) and pitch sat- per limit of the turbulence intensity for standard inflow wind
REF046_ROSCO	10	False	2	pitch;torque	ing generator torque controller (see Sect. 3.1.2) and pitch sat- per limit of the turbulence intensity for standard inflow wind	ROSCO. The wind speed estimate is used in the TSR track- where the turbulence intensity is defined as ti = 0.18, the up- | ing generator torque controller (see Sect. 3.1.2) and pitch sat- per limit of the turbulence intensity for standard inflow wind | uration (see Sect. 5.3) routines. The employed wind speed es- conditions as defined by IEC (2019). A continuous–discrete
REF046_ROSCO	11	False	1	pitch	– Measurement update piecewise logic is then implemented to shift the blade pitch	– Measurement update piecewise logic is then implemented to shift the blade pitch | or generator torque reference generator speeds:
REF046_ROSCO	11	False	1	torque	or generator torque reference generator speeds:	– Measurement update piecewise logic is then implemented to shift the blade pitch | or generator torque reference generator speeds: | ỹk = yk − hk (x̂ k|k−1 ) (
REF046_ROSCO	11	False	1	ROSCO	v̂k = [0 1 1] x̂ k|k is necessary. The ROSCO toolbox tuning processes define	Eq. (48) includes normalization terms, so no specific tuning | v̂k = [0 1 1] x̂ k|k is necessary. The ROSCO toolbox tuning processes define | (wind speed estimate) (45) kvs = 1 and kpc = 1 × 10−3 . These values were chosen be-
REF046_ROSCO	11	True	3		Figure 8 shows results from a 10 min time-domain simula-	rated operation. | Figure 8 shows results from a 10 min time-domain simula- | Here the state transition and output Jacobians are defined as tions of the NREL 5 MW wind turbine near rated operation.
REF046_ROSCO	11	False	1	ROSCO	The set point smoother employed in ROSCO provides sig-	Here the state transition and output Jacobians are defined as tions of the NREL 5 MW wind turbine near rated operation. | The set point smoother employed in ROSCO provides sig- | ∂f ∂h nificantly smoother transitions from above- to below-rated
REF046_ROSCO	11	False	1	pitch	∂x x̂ k−1|k−1 ,uk ∂x x̂ k|k−1 operation. When the blade pitch is greater than zero (the	F(t) = , Hk = . (47) | ∂x x̂ k−1|k−1 ,uk ∂x x̂ k|k−1 operation. When the blade pitch is greater than zero (the | first 12 s in Fig. 8), the torque controller set point decreases,
REF046_ROSCO	11	False	1	torque	first 12 s in Fig. 8), the torque controller set point decreases,	∂x x̂ k−1|k−1 ,uk ∂x x̂ k|k−1 operation. When the blade pitch is greater than zero (the | first 12 s in Fig. 8), the torque controller set point decreases, | Wind speed estimator results from a 10 min simulation of which biases the generator torque toward its maximum value.
REF046_ROSCO	11	False	1	torque	Wind speed estimator results from a 10 min simulation of which biases the generator torque toward its maximum value.	first 12 s in Fig. 8), the torque controller set point decreases, | Wind speed estimator results from a 10 min simulation of which biases the generator torque toward its maximum value. | the NREL 5 MW turbine are shown in Fig. 6. In the pre- When the generator torque is less than its rated value (the last
REF046_ROSCO	11	False	1	torque	the NREL 5 MW turbine are shown in Fig. 6. In the pre- When the generator torque is less than its rated value (the last	Wind speed estimator results from a 10 min simulation of which biases the generator torque toward its maximum value. | the NREL 5 MW turbine are shown in Fig. 6. In the pre- When the generator torque is less than its rated value (the last | sented simulation, the root-mean-square error between the 12 s in Fig. 8), the set point for the pitch controller increases,
REF046_ROSCO	11	False	1	pitch	sented simulation, the root-mean-square error between the 12 s in Fig. 8), the set point for the pitch controller increases,	the NREL 5 MW turbine are shown in Fig. 6. In the pre- When the generator torque is less than its rated value (the last | sented simulation, the root-mean-square error between the 12 s in Fig. 8), the set point for the pitch controller increases, | rotor-averaged wind speed and the wind speed estimate is and it biases the pitch to its minimum value. The smoother
REF046_ROSCO	11	False	1	pitch	rotor-averaged wind speed and the wind speed estimate is and it biases the pitch to its minimum value. The smoother	sented simulation, the root-mean-square error between the 12 s in Fig. 8), the set point for the pitch controller increases, | rotor-averaged wind speed and the wind speed estimate is and it biases the pitch to its minimum value. The smoother | 0.48 m s−1 . shifts the saturated controller’s set point linearly depending
REF046_ROSCO	11	False	1	torque	the time history of the NREL 5 MW torque controller’s sig-	5.2 Set point smoothing | the time history of the NREL 5 MW torque controller’s sig- | The generator torque and blade pitch controllers will con- nal between 15 and 25 s can be reduced.
REF046_ROSCO	11	False	2	pitch;torque	The generator torque and blade pitch controllers will con- nal between 15 and 25 s can be reduced.	the time history of the NREL 5 MW torque controller’s sig- | The generator torque and blade pitch controllers will con- nal between 15 and 25 s can be reduced. | flict with each other in near-rated operation if the gener-
REF046_ROSCO	11	False	2	pitch;torque	ator torque and blade pitch reference speeds are defined 5.3 Minimum pitch saturation	flict with each other in near-rated operation if the gener- | ator torque and blade pitch reference speeds are defined 5.3 Minimum pitch saturation | only by Eqs. (19) and (22). To avoid this, we employ a set
REF046_ROSCO	11	False	1	pitch	A method for saturating the minimum blade pitch angle for a	only by Eqs. (19) and (22). To avoid this, we employ a set | A method for saturating the minimum blade pitch angle for a | point smoother regime that is akin to a Region 2.5 controller
REF046_ROSCO	11	False	1	Region 2	point smoother regime that is akin to a Region 2.5 controller	A method for saturating the minimum blade pitch angle for a | point smoother regime that is akin to a Region 2.5 controller | given wind speed estimate is also included in ROSCO. This
REF046_ROSCO	11	False	1	ROSCO	given wind speed estimate is also included in ROSCO. This	point smoother regime that is akin to a Region 2.5 controller | given wind speed estimate is also included in ROSCO. This | (Schlipf, 2019; Zalkind and Pao, 2019). Practically, the so-
REF046_ROSCO	11	False	1	pitch	ment a minimum pitch angle at low wind speeds for power	ence signal of the saturated controller while the unsaturated | ment a minimum pitch angle at low wind speeds for power | controller is active, so the controllers do not have conflict-
REF046_ROSCO	11	False	1	ROSCO	straint. The ROSCO controller simply defines a minimum	ing behaviors. This encourages one controller to stay active | straint. The ROSCO controller simply defines a minimum | while the other is not.
REF046_ROSCO	11	False	1	pitch	blade pitch angle for a given wind speed as specified by a	while the other is not. | blade pitch angle for a given wind speed as specified by a | We first define an offset to the rotor speed set point, 1ω,
REF046_ROSCO	11	False	1	pitch	ample minimum pitch schedule for the IEA 15 MW wind tur-	as | ample minimum pitch schedule for the IEA 15 MW wind tur- | bine with a minimum rotor speed constraint and peak shav-
REF046_ROSCO	11	False	1	pitch	1β 1τ aspects of the minimum pitch schedule in more detail.	| {z } | {z } | 1β 1τ aspects of the minimum pitch schedule in more detail.
REF046_ROSCO	11	False	1	pitch	than 0, and βmax is the blade pitch angle at cut-out wind	5.3.1 Peak shaving | than 0, and βmax is the blade pitch angle at cut-out wind | speed. Equation (48) is defined such that 1β = 0 in below- Thrust limiting, or peak shaving, is often used to reduce peak
REF046_ROSCO	12	True	3		Figure 6. Wind speed estimator results for the NREL 5 MW wind turbine with 10 min of simulation time and an average wind speed of	Figure 6. Wind speed estimator results for the NREL 5 MW wind turbine with 10 min of simulation time and an average wind speed of | 11 m s−1 .
REF046_ROSCO	12	True	4	pitch	Figure 7. A block diagram of the set point smoother logic defined in Eqs. (48)–(49) is shown here. The term 1ω shifts the blade pitch or	Figure 7. A block diagram of the set point smoother logic defined in Eqs. (48)–(49) is shown here. The term 1ω shifts the blade pitch or | generator torque controller to help avoid unwanted controller interactions.
REF046_ROSCO	12	False	1	torque	generator torque controller to help avoid unwanted controller interactions.	Figure 7. A block diagram of the set point smoother logic defined in Eqs. (48)–(49) is shown here. The term 1ω shifts the blade pitch or | generator torque controller to help avoid unwanted controller interactions.
REF046_ROSCO	12	False	1	pitch	loads. It is has also been shown that rotor thrust is corre- the wind speed estimate, the blades are pitched to reduce the	near rated operation and have a strong effect on tower base NREL 5 MW wind turbine in near-rated operation. Based on | loads. It is has also been shown that rotor thrust is corre- the wind speed estimate, the blades are pitched to reduce the | lated to the blade pitch actuation (Bossanyi, 2003; Fischer rotor thrust to stay at or below the maximum allowable thrust
REF046_ROSCO	12	False	1	pitch	lated to the blade pitch actuation (Bossanyi, 2003; Fischer rotor thrust to stay at or below the maximum allowable thrust	loads. It is has also been shown that rotor thrust is corre- the wind speed estimate, the blades are pitched to reduce the | lated to the blade pitch actuation (Bossanyi, 2003; Fischer rotor thrust to stay at or below the maximum allowable thrust | and Shan, 2013; Petrović and Bottasso, 2017). We impose limit.
REF046_ROSCO	12	False	1	pitch	a minimum blade pitch angle, βmin (v), to “shave” the peak Peak shaving algorithms implemented with minimum	and Shan, 2013; Petrović and Bottasso, 2017). We impose limit. | a minimum blade pitch angle, βmin (v), to “shave” the peak Peak shaving algorithms implemented with minimum | of the rotor thrust curve and subsequently reduce tower base pitch saturation can result in power losses because the tur-
REF046_ROSCO	12	False	1	pitch	of the rotor thrust curve and subsequently reduce tower base pitch saturation can result in power losses because the tur-	a minimum blade pitch angle, βmin (v), to “shave” the peak Peak shaving algorithms implemented with minimum | of the rotor thrust curve and subsequently reduce tower base pitch saturation can result in power losses because the tur- | loads near rated. The rotor thrust can be defined by bine will no longer be operating at its highest efficiency
REF046_ROSCO	12	False	1	ROSCO	Tr (v) = ρAr v 2 Ct (λ, β), (50) ROSCO toolbox reduces the maximum rotor thrust by 25 %,	1 | Tr (v) = ρAr v 2 Ct (λ, β), (50) ROSCO toolbox reduces the maximum rotor thrust by 25 %, | 2 ultimately the trade-off between power production and load
REF046_ROSCO	12	False	1	pitch	For all operational TSRs, we can find a blade pitch angle, maximum blade tip speed limits might be imposed for rea-	15 MW wind turbine (Gaertner et al., 2020), minimum or | For all operational TSRs, we can find a blade pitch angle, maximum blade tip speed limits might be imposed for rea- | βmin (Ct,max , λ), through a Ct surface similar to the Cp sur- sons such as tower resonance avoidance or noise avoidance.
REF046_ROSCO	12	False	1	pitch	rameterized by v, so we can define a minimum blade pitch cannot operate at λopt in low wind speeds. A minimum pitch	face shown in Fig. 4. Notably, Ct,max (v) and λ are both pa- If a minimum tip speed constraint exists, the wind turbine | rameterized by v, so we can define a minimum blade pitch cannot operate at λopt in low wind speeds. A minimum pitch | schedule, βmin (v), that is dependent on a wind speed esti- schedule can be implemented such that the power can be
REF046_ROSCO	12	False	1	torque	mate. Figure 10 shows an example 60 s time series for the maximized in low wind speeds while the generator torque	schedule, βmin (v), that is dependent on a wind speed esti- schedule can be implemented such that the power can be | mate. Figure 10 shows an example 60 s time series for the maximized in low wind speeds while the generator torque
REF046_ROSCO	13	True	3		Figure 8. Time-domain simulation results from the NREL 5 MW wind turbine near rated wind speeds. The rotor-averaged wind speed is	Figure 8. Time-domain simulation results from the NREL 5 MW wind turbine near rated wind speeds. The rotor-averaged wind speed is | plotted in the background as grey curves in each plot.
REF046_ROSCO	13	True	4	pitch	Figure 9. Expected steady-state pitch saturation for the IEA 15 MW wind turbine, based on the Ct surface calculated with CCBlade. The	Figure 9. Expected steady-state pitch saturation for the IEA 15 MW wind turbine, based on the Ct surface calculated with CCBlade. The | blade pitch schedule (a) shows the expected steady-state value of the pitch angle along with the imposed minimum pitch angles with pitch
REF046_ROSCO	13	False	1	pitch	blade pitch schedule (a) shows the expected steady-state value of the pitch angle along with the imposed minimum pitch angles with pitch	Figure 9. Expected steady-state pitch saturation for the IEA 15 MW wind turbine, based on the Ct surface calculated with CCBlade. The | blade pitch schedule (a) shows the expected steady-state value of the pitch angle along with the imposed minimum pitch angles with pitch | saturation for both peak shaving and power maximization in low wind speeds. The right-hand plot (b) shows the expected rotor thrust with
REF046_ROSCO	13	False	1	pitch	and without peak shaving. The grey region in the blade pitch schedule corresponds to the pitch angles that result in a rotor thrust above the	saturation for both peak shaving and power maximization in low wind speeds. The right-hand plot (b) shows the expected rotor thrust with | and without peak shaving. The grey region in the blade pitch schedule corresponds to the pitch angles that result in a rotor thrust above the | maximum allowable thrust, shown as the grey region in the right-hand plot (b).
REF046_ROSCO	13	False	1	pitch	controller works to satisfy the minimum rotor speed con- filtered blade pitch angle signal triggers turbine shutdown if	controller works to satisfy the minimum rotor speed con- filtered blade pitch angle signal triggers turbine shutdown if | straints. The black dashed–dotted line in Fig. 4 provides in- it exceeds a certain threshold. If the shutdown is initiated, the
REF046_ROSCO	13	False	1	pitch	sight into how the power output can be improved through a blades are pitched to feather at their maximum pitch rate to	straints. The black dashed–dotted line in Fig. 4 provides in- it exceeds a certain threshold. If the shutdown is initiated, the | sight into how the power output can be improved through a blades are pitched to feather at their maximum pitch rate to | minimum pitch angle at low wind speeds by moving the tur- slow down the rotor. If the TSR tracking torque controller
REF046_ROSCO	13	False	2	pitch;torque	minimum pitch angle at low wind speeds by moving the tur- slow down the rotor. If the TSR tracking torque controller	sight into how the power output can be improved through a blades are pitched to feather at their maximum pitch rate to | minimum pitch angle at low wind speeds by moving the tur- slow down the rotor. If the TSR tracking torque controller | bine’s expected operating point to the “top” of the Cp surface is being used, ωref,τ is set to the minimum rotor speed. This
REF046_ROSCO	13	False	1	torque	for high TSRs. encourages the torque controller to help slow down the ro-	bine’s expected operating point to the “top” of the Cp surface is being used, ωref,τ is set to the minimum rotor speed. This | for high TSRs. encourages the torque controller to help slow down the ro- | Figure 11 shows an example of how the power can be in- tor initially. Once the blades are pitched such that very little
REF046_ROSCO	13	True	4	pitch	Figure 11 shows an example of how the power can be in- tor initially. Once the blades are pitched such that very little	for high TSRs. encourages the torque controller to help slow down the ro- | Figure 11 shows an example of how the power can be in- tor initially. Once the blades are pitched such that very little | creased. A 10 min simulation was run in OpenFAST for an lift is generated and the rotor is nearly stopped, the torque
REF046_ROSCO	13	False	2	torque;OpenFAST	creased. A 10 min simulation was run in OpenFAST for an lift is generated and the rotor is nearly stopped, the torque	Figure 11 shows an example of how the power can be in- tor initially. Once the blades are pitched such that very little | creased. A 10 min simulation was run in OpenFAST for an lift is generated and the rotor is nearly stopped, the torque | inflow wind with normal turbulence and a 5 m s−1 average controller will saturate at zero in an unsuccessful attempt to
REF046_ROSCO	13	False	1	pitch	wind speed. With the pitch saturation module turned on, the speed up the rotor to the minimum rotor speed.	inflow wind with normal turbulence and a 5 m s−1 average controller will saturate at zero in an unsuccessful attempt to | wind speed. With the pitch saturation module turned on, the speed up the rotor to the minimum rotor speed. | blade pitch angle is changed based on the wind speed es- It is shown in Bottasso et al. (2014) that there are shutdown
REF046_ROSCO	13	False	1	pitch	blade pitch angle is changed based on the wind speed es- It is shown in Bottasso et al. (2014) that there are shutdown	wind speed. With the pitch saturation module turned on, the speed up the rotor to the minimum rotor speed. | blade pitch angle is changed based on the wind speed es- It is shown in Bottasso et al. (2014) that there are shutdown | timate and the pitch saturation lookup table, resulting in a methods that could reduce possible design-driving loads dur-
REF046_ROSCO	13	False	1	pitch	timate and the pitch saturation lookup table, resulting in a methods that could reduce possible design-driving loads dur-	blade pitch angle is changed based on the wind speed es- It is shown in Bottasso et al. (2014) that there are shutdown | timate and the pitch saturation lookup table, resulting in a methods that could reduce possible design-driving loads dur- | slightly increased power output. ing shutdown. Future work includes the investigation and in-
REF046_ROSCO	13	False	1	ROSCO	clusion of these methods in the ROSCO controller. Addition-	slightly increased power output. ing shutdown. Future work includes the investigation and in- | clusion of these methods in the ROSCO controller. Addition- | ally, a number of events can trigger wind turbine shutdowns,
REF046_ROSCO	13	False	1	ROSCO	A simple shutdown routine is included in ROSCO for shut- work also includes the addition of improved shutdown event	5.4 Shutdown such as generator overspeeds and yaw misalignment. Future | A simple shutdown routine is included in ROSCO for shut- work also includes the addition of improved shutdown event | down during high wind speed events. A first-order low-pass- detection and control methods for such cases.
REF046_ROSCO	14	True	3		Figure 10. A sample 1 min time series from a 10 min turbulent simulation of the NREL 5 MW wind turbine to showcase the peak shaving	Figure 10. A sample 1 min time series from a 10 min turbulent simulation of the NREL 5 MW wind turbine to showcase the peak shaving | routine in ROSCO. The peak shaving percentage was tuned to 20 % for this simulation. The wind speed is shown in the background of each
REF046_ROSCO	14	False	1	ROSCO	routine in ROSCO. The peak shaving percentage was tuned to 20 % for this simulation. The wind speed is shown in the background of each	Figure 10. A sample 1 min time series from a 10 min turbulent simulation of the NREL 5 MW wind turbine to showcase the peak shaving | routine in ROSCO. The peak shaving percentage was tuned to 20 % for this simulation. The wind speed is shown in the background of each | plot, and the maximum allowable thrust is denoted by the dashed–dotted black line in the lower plot.
REF046_ROSCO	14	True	3		Figure 11. A sample 2 min time series from a 10 min turbulent simulation of the IEA 15 MW wind turbine showing how increased blade	Figure 11. A sample 2 min time series from a 10 min turbulent simulation of the IEA 15 MW wind turbine showing how increased blade | pitch angles can increase power output at low wind speed. The rotor-averaged wind speeds are plotted in grey in the background.
REF046_ROSCO	14	False	1	pitch	pitch angles can increase power output at low wind speed. The rotor-averaged wind speeds are plotted in grey in the background.	Figure 11. A sample 2 min time series from a 10 min turbulent simulation of the IEA 15 MW wind turbine showing how increased blade | pitch angles can increase power output at low wind speed. The rotor-averaged wind speeds are plotted in grey in the background.
REF046_ROSCO	14	False	1	ROSCO	nacelle fore–aft acceleration signal. The ROSCO toolbox	5.5 Floating offshore wind turbine feedback with a second-order low-pass filter are used to filter the | nacelle fore–aft acceleration signal. The ROSCO toolbox | An additional control feedback term is included to account
REF046_ROSCO	14	False	1	pitch	gain feedback, kβfloat . This modifies the blade pitch control	remove the tower fore–aft frequency component of the feed- | gain feedback, kβfloat . This modifies the blade pitch control | back signal for the floating controller. A Bode diagram of
REF046_ROSCO	14	False	1	pitch	is similar to a platform pitching velocity signal that is often	0 | is similar to a platform pitching velocity signal that is often | where xt is the tower-top position in the fore–aft direction. used for FOWT control.
REF046_ROSCO	14	False	1	ROSCO	The block diagram in Fig. 3 provides a visualization of how For consistency with the theme of the ROSCO tool set, a	where xt is the tower-top position in the fore–aft direction. used for FOWT control. | The block diagram in Fig. 3 provides a visualization of how For consistency with the theme of the ROSCO tool set, a | this signal is implemented. generic tuning process has been developed for this floating
REF046_ROSCO	14	False	1	pitch	pitch feedback signal for FOWT control (Fleming et al., order equation of tower-top motion as	Although some research suggests the use of a platform feedback term. We start by defining the simplified second- | pitch feedback signal for FOWT control (Fleming et al., order equation of tower-top motion as | 2014, 2016), the nacelle fore–aft signal is used in ROSCO
REF046_ROSCO	14	False	1	ROSCO	2014, 2016), the nacelle fore–aft signal is used in ROSCO	pitch feedback signal for FOWT control (Fleming et al., order equation of tower-top motion as | 2014, 2016), the nacelle fore–aft signal is used in ROSCO | Jt ẍt + ct ẋt + kt xt = Tr , (53)
REF046_ROSCO	14	False	1	pitch	the structure of the Bladed-style communication interface where Jt is the total system inertia in the platform pitching	so that the overall controller implementation can maintain | the structure of the Bladed-style communication interface where Jt is the total system inertia in the platform pitching | (DNV-GL, 2018). A first-order high-pass filter combined direction, ct is a damping constant, kt is a restoring constant,
REF046_ROSCO	15	True	3		Figure 12. A Bode plot showing the filter used for the tower-top motion feedback signal for the IEA 15 MW turbine on the UMaine	Figure 12. A Bode plot showing the filter used for the tower-top motion feedback signal for the IEA 15 MW turbine on the UMaine | semisubmersible platform. The first platform and tower fore–aft natural frequencies are shown in red and labeled accordingly. These natural
REF046_ROSCO	15	False	1	ROSCO	frequencies are inputs to the ROSCO tuning process to shape this filter.	semisubmersible platform. The first platform and tower fore–aft natural frequencies are shown in red and labeled accordingly. These natural | frequencies are inputs to the ROSCO tuning process to shape this filter.
REF046_ROSCO	15	False	1	pitch	feedback term should be added to the standard blade pitch PI pitching velocity will have no direct effect on the rotor accel-	For the controller, we have suggested that a proportional This suggests that if 0β kβfloat − 0v = 0, then the tower-top | feedback term should be added to the standard blade pitch PI pitching velocity will have no direct effect on the rotor accel- | controller, such that the control input should be defined by eration. To attempt to achieve this, we define
REF046_ROSCO	15	False	1	pitch	tower-top (Eq. 57) and rotor (Eq. 58) dynamics: reduces the need to detune the standard blade pitch PI con-	(5), we arrive at the equations of motion for the closed-loop Including the additional parallel compensation term βfloat | tower-top (Eq. 57) and rotor (Eq. 58) dynamics: reduces the need to detune the standard blade pitch PI con- | troller because of the infamous negative-damping problem
REF046_ROSCO	15	False	1	pitch	dθ̈ = 0β kβfloat − 0v dẋt + 0β ki dθ reduce the tower-top pitching transients and further stabilize	Ng h  back term with a peak shaving routine from Sect. 5.3.1 can | dθ̈ = 0β kβfloat − 0v dẋt + 0β ki dθ reduce the tower-top pitching transients and further stabilize | J
REF046_ROSCO	16	False	1	torque	cause of the torque controller’s linear transition between	6 Example results and analysis reference controller exhibits significantly higher TSRs be- | cause of the torque controller’s linear transition between | In this section, we use ROSCO v2.3.0 and present results regions 1 and 2 (Jonkman et al., 2009) rather than the
REF046_ROSCO	16	False	1	ROSCO	In this section, we use ROSCO v2.3.0 and present results regions 1 and 2 (Jonkman et al., 2009) rather than the	cause of the torque controller’s linear transition between | In this section, we use ROSCO v2.3.0 and present results regions 1 and 2 (Jonkman et al., 2009) rather than the | from both land-based and floating wind turbine simulations. PI controller-based transition that is used in ROSCO. The
REF046_ROSCO	16	False	1	ROSCO	from both land-based and floating wind turbine simulations. PI controller-based transition that is used in ROSCO. The	In this section, we use ROSCO v2.3.0 and present results regions 1 and 2 (Jonkman et al., 2009) rather than the | from both land-based and floating wind turbine simulations. PI controller-based transition that is used in ROSCO. The | First, the ROSCO controller, as tuned by the ROSCO tool- ROSCO controller tracks the optimal TSR of 7.5 well during
REF046_ROSCO	16	False	1	ROSCO	First, the ROSCO controller, as tuned by the ROSCO tool- ROSCO controller tracks the optimal TSR of 7.5 well during	from both land-based and floating wind turbine simulations. PI controller-based transition that is used in ROSCO. The | First, the ROSCO controller, as tuned by the ROSCO tool- ROSCO controller tracks the optimal TSR of 7.5 well during | box, is compared to the NREL 5 MW wind turbine controller below-rated operation.
REF046_ROSCO	16	False	1	ROSCO	sults from the IEA 15 MW atop the UMaine semisubmersible tion from the ROSCO controller without peak shaving is	using the land-based NREL 5 MW wind turbine. Then, re- The power output and subsequent annual energy produc- | sults from the IEA 15 MW atop the UMaine semisubmersible tion from the ROSCO controller without peak shaving is | floating wind turbine configuration are shown to illustrate the 0.1 % greater than that of the NREL 5 MW reference con-
REF046_ROSCO	16	False	1	ROSCO	6.1 NREL 5 MW land-based wind turbine results 1.5 % when using ROSCO instead off the NREL 5 MW ref-	viation of the power output during DLC 1.1 decreased by | 6.1 NREL 5 MW land-based wind turbine results 1.5 % when using ROSCO instead off the NREL 5 MW ref- | erence controller, so no significant power increases are ex-
REF046_ROSCO	16	False	1	ROSCO	The land-based NREL 5 MW turbine with the NREL 5 MW pected. The annual energy production from the ROSCO con-	erence controller, so no significant power increases are ex- | The land-based NREL 5 MW turbine with the NREL 5 MW pected. The annual energy production from the ROSCO con- | wind turbine controller is compared to ROSCO with the troller is 1.7 % less than that of the NREL 5 MW reference
REF046_ROSCO	16	False	1	ROSCO	wind turbine controller is compared to ROSCO with the troller is 1.7 % less than that of the NREL 5 MW reference	The land-based NREL 5 MW turbine with the NREL 5 MW pected. The annual energy production from the ROSCO con- | wind turbine controller is compared to ROSCO with the troller is 1.7 % less than that of the NREL 5 MW reference | ROSCO toolbox generic tuning values and ROSCO with controller when the peak shaving routine is implemented in
REF046_ROSCO	16	False	1	ROSCO	ROSCO toolbox generic tuning values and ROSCO with controller when the peak shaving routine is implemented in	wind turbine controller is compared to ROSCO with the troller is 1.7 % less than that of the NREL 5 MW reference | ROSCO toolbox generic tuning values and ROSCO with controller when the peak shaving routine is implemented in | minimal manual tuning and peak shaving implemented. As ROSCO. This is expected because rotor thrust reductions re-
REF046_ROSCO	16	False	1	ROSCO	minimal manual tuning and peak shaving implemented. As ROSCO. This is expected because rotor thrust reductions re-	ROSCO toolbox generic tuning values and ROSCO with controller when the peak shaving routine is implemented in | minimal manual tuning and peak shaving implemented. As ROSCO. This is expected because rotor thrust reductions re- | previously stated, there are only four necessary tuning pa- duce the wind turbine’s power output as well. Notably, the
REF046_ROSCO	16	False	1	ROSCO	rameters when tuning ROSCO using the generic ROSCO maximum rotor thrust seen is slightly higher than the ex-	previously stated, there are only four necessary tuning pa- duce the wind turbine’s power output as well. Notably, the | rameters when tuning ROSCO using the generic ROSCO maximum rotor thrust seen is slightly higher than the ex- | toolbox tuning functionalities. For the NREL 5 MW configu- pected maximum rotor thrust (see Fig. 10). This is attributed
REF046_ROSCO	16	False	2	pitch;ROSCO	The controller tuning parameters used for ROSCO’s pitch wind speed estimate, and it could likely be improved through	ration, the choices for ζdes and ωdes are shown in Table 3. to the imperfect nature of a peak shaving routine based on a | The controller tuning parameters used for ROSCO’s pitch wind speed estimate, and it could likely be improved through | controller in the results presented in this section were cho- an observer-based rotor thrust shaving algorithm or similar.
REF046_ROSCO	16	False	1	ROSCO	the NREL 5 MW reference controller. ROSCO’s TSR track- troduced by the initial ROSCO tuning and reduce them fur-	sen to be the same as those used for scheduling the gains of The peak shaving also helps to both mitigate rotor thrusts in- | the NREL 5 MW reference controller. ROSCO’s TSR track- troduced by the initial ROSCO tuning and reduce them fur- | ing torque controller was tuned manually so that below-rated ther than those from the simulations using the NREL 5 MW
REF046_ROSCO	16	False	1	torque	ing torque controller was tuned manually so that below-rated ther than those from the simulations using the NREL 5 MW	the NREL 5 MW reference controller. ROSCO’s TSR track- troduced by the initial ROSCO tuning and reduce them fur- | ing torque controller was tuned manually so that below-rated ther than those from the simulations using the NREL 5 MW | simulations resulted in consistent TSR tracking. reference controller.
REF046_ROSCO	16	False	1	pitch	The collective blade pitch controller gain schedules from	simulations resulted in consistent TSR tracking. reference controller. | The collective blade pitch controller gain schedules from | the ROSCO tuning process are similar to those from the 6.2 IEA 15 MW on the UMaine semisubmersible FOWT
REF046_ROSCO	16	False	1	ROSCO	the ROSCO tuning process are similar to those from the 6.2 IEA 15 MW on the UMaine semisubmersible FOWT	The collective blade pitch controller gain schedules from | the ROSCO tuning process are similar to those from the 6.2 IEA 15 MW on the UMaine semisubmersible FOWT | NREL 5 MW reference controller’s tuning process, but they results
REF046_ROSCO	16	False	2	pitch;ROSCO	namic power to the collective blade pitch angle, a value that a semisubmersible floating turbine platform for the ROSCO	gain schedule is based on the turbine’s sensitivity of aerody- We compare results from the IEA 15 MW wind turbine on | namic power to the collective blade pitch angle, a value that a semisubmersible floating turbine platform for the ROSCO | has generally been found using more computationally expen- controller with and without the floating feedback and peak
REF046_ROSCO	16	False	1	ROSCO	sive aeroelastic solvers, whereas the ROSCO tuning process shaving modules enabled (see Fig. 3). Larsen and Hanson	has generally been found using more computationally expen- controller with and without the floating feedback and peak | sive aeroelastic solvers, whereas the ROSCO tuning process shaving modules enabled (see Fig. 3). Larsen and Hanson | depends directly on the Cp surface. (2007) suggest that the tuned bandwidth of a rotor speed-
REF046_ROSCO	16	False	2	pitch;ROSCO	High-level comparison results of the ROSCO controller regulating collective blade pitch controller should not be	depends directly on the Cp surface. (2007) suggest that the tuned bandwidth of a rotor speed- | High-level comparison results of the ROSCO controller regulating collective blade pitch controller should not be | compared to the NREL 5 MW reference controller are shown higher than the platform’s first fore–aft eigenfrequency. This
REF046_ROSCO	16	False	2	pitch;ROSCO	in Fig. 13. Results are shown from both the generic ROSCO method of “derating” the blade pitch controller has tradition-	compared to the NREL 5 MW reference controller are shown higher than the platform’s first fore–aft eigenfrequency. This | in Fig. 13. Results are shown from both the generic ROSCO method of “derating” the blade pitch controller has tradition- | controller and a ROSCO controller with peak shaving. For ally been employed in baseline FOWT controllers, such as
REF046_ROSCO	16	False	1	ROSCO	controller and a ROSCO controller with peak shaving. For ally been employed in baseline FOWT controllers, such as	in Fig. 13. Results are shown from both the generic ROSCO method of “derating” the blade pitch controller has tradition- | controller and a ROSCO controller with peak shaving. For ally been employed in baseline FOWT controllers, such as | the ROSCO controller with peak shaving, all controller tun- the NREL 5 MW OC3- and OC4-Hywind FOWT models
REF046_ROSCO	16	False	1	ROSCO	the ROSCO controller with peak shaving, all controller tun- the NREL 5 MW OC3- and OC4-Hywind FOWT models	controller and a ROSCO controller with peak shaving. For ally been employed in baseline FOWT controllers, such as | the ROSCO controller with peak shaving, all controller tun- the NREL 5 MW OC3- and OC4-Hywind FOWT models | ing input parameters were kept the same as for the generic (Jonkman, 2010; Robertson et al., 2014). Though derating
REF046_ROSCO	16	False	1	ROSCO	ROSCO controller with the exception of implementing the the turbine can provide stable platform dynamics, genera-	ing input parameters were kept the same as for the generic (Jonkman, 2010; Robertson et al., 2014). Though derating | ROSCO controller with the exception of implementing the the turbine can provide stable platform dynamics, genera- | standard peak shaving routine. The results from the generic tor overspeeds can generally be very high with this method
REF046_ROSCO	16	False	1	ROSCO	ROSCO controller are consistent with the expected steady- of control. The standard distribution of the IEA 15 MW	standard peak shaving routine. The results from the generic tor overspeeds can generally be very high with this method | ROSCO controller are consistent with the expected steady- of control. The standard distribution of the IEA 15 MW | state operating points shown in Fig. 2. In the results from wind turbine on the UMaine semisubmersible platform (IEA
REF046_ROSCO	16	False	2	pitch;ROSCO	the generic ROSCO controller, there is a noticeable increase Wind Task 37, 2021) employs ROSCO, and the pitch con-	state operating points shown in Fig. 2. In the results from wind turbine on the UMaine semisubmersible platform (IEA | the generic ROSCO controller, there is a noticeable increase Wind Task 37, 2021) employs ROSCO, and the pitch con- | in rotor thrust compared to the NREL 5 MW reference con- troller bandwidth is 0.2 rad s−1 , which is already less than
REF046_ROSCO	16	False	1	pitch	troller. This is attributed to the difference in pitch controller the UMaine semisubmersible’s first platform eigenfrequency	in rotor thrust compared to the NREL 5 MW reference con- troller bandwidth is 0.2 rad s−1 , which is already less than | troller. This is attributed to the difference in pitch controller the UMaine semisubmersible’s first platform eigenfrequency | gains, and it can be mitigated with slightly different con- of ∼ 0.21 rad s−1 . Also, the IEA 15 MW wind turbine uses
REF046_ROSCO	16	False	1	torque	troller tuning parameters. Also, note that the NREL 5 MW constant generator torque control in above-rated operation.	gains, and it can be mitigated with slightly different con- of ∼ 0.21 rad s−1 . Also, the IEA 15 MW wind turbine uses | troller tuning parameters. Also, note that the NREL 5 MW constant generator torque control in above-rated operation.
REF046_ROSCO	17	True	3		Table 2. Simulated DLCs to showcase the difference in controller performance. The wind speeds were separated by increments of 2 m s−1 ,	Table 2. Simulated DLCs to showcase the difference in controller performance. The wind speeds were separated by increments of 2 m s−1 , | with normal and extreme turbulence models defined by the IEC (2019) standards. The sea-state-related inputs are relevant only for the FOWT
REF046_ROSCO	17	True	3		Figure 13. Results from simulations of the NREL 5 MW land-based wind turbine. Average power, maximum rotor speeds, average TSRs,	Figure 13. Results from simulations of the NREL 5 MW land-based wind turbine. Average power, maximum rotor speeds, average TSRs, | and maximum rotor thrusts are shown for DLCs 1.1 and 1.3. The dynamic results from the ROSCO controller are comparable to those from
REF046_ROSCO	17	False	1	ROSCO	and maximum rotor thrusts are shown for DLCs 1.1 and 1.3. The dynamic results from the ROSCO controller are comparable to those from	Figure 13. Results from simulations of the NREL 5 MW land-based wind turbine. Average power, maximum rotor speeds, average TSRs, | and maximum rotor thrusts are shown for DLCs 1.1 and 1.3. The dynamic results from the ROSCO controller are comparable to those from | the NREL 5 MW reference controller. “ROSCO - generic” refers to ROSCO with the most generic tuning methods, and “ROSCO - peak
REF046_ROSCO	17	False	1	ROSCO	the NREL 5 MW reference controller. “ROSCO - generic” refers to ROSCO with the most generic tuning methods, and “ROSCO - peak	and maximum rotor thrusts are shown for DLCs 1.1 and 1.3. The dynamic results from the ROSCO controller are comparable to those from | the NREL 5 MW reference controller. “ROSCO - generic” refers to ROSCO with the most generic tuning methods, and “ROSCO - peak | shaving” refers to ROSCO with peak shaving implemented.
REF046_ROSCO	17	False	1	ROSCO	shaving” refers to ROSCO with peak shaving implemented.	the NREL 5 MW reference controller. “ROSCO - generic” refers to ROSCO with the most generic tuning methods, and “ROSCO - peak | shaving” refers to ROSCO with peak shaving implemented.
REF046_ROSCO	17	True	5	pitch;ROSCO	Table 3. ROSCO controller tuning values for the collective blade ing controller because the standard pitch controller for rotor	Table 3. ROSCO controller tuning values for the collective blade ing controller because the standard pitch controller for rotor | pitch and TSR tracking torque controllers for the DLC simulations speed regulation is the same. Similarly, the average power
REF046_ROSCO	17	False	2	pitch;torque	pitch and TSR tracking torque controllers for the DLC simulations speed regulation is the same. Similarly, the average power	Table 3. ROSCO controller tuning values for the collective blade ing controller because the standard pitch controller for rotor | pitch and TSR tracking torque controllers for the DLC simulations speed regulation is the same. Similarly, the average power | of the NREL 5 MW wind turbine. output is expected to drop when peak shaving is introduced,
REF046_ROSCO	17	False	2	pitch;ROSCO	Collective blade pitch 0.7 0.6 erations of the ROSCO controller for the IEA 15 MW wind	ζdes (−) ωdes (rad s−1 ) Figure 15 shows a comparison of the three presented it- | Collective blade pitch 0.7 0.6 erations of the ROSCO controller for the IEA 15 MW wind | controller turbine on the UMaine semisubmersible platform. In Fig. 15,
REF046_ROSCO	17	False	2	pitch;ROSCO	ROSCO with FOWT tuning, low wind-speed pitch satura-	controller turbine on the UMaine semisubmersible platform. In Fig. 15, | ROSCO with FOWT tuning, low wind-speed pitch satura- | Tip speed ratio tracking 0.7 0.15
REF046_ROSCO	17	False	2	pitch;ROSCO	ing ROSCO without any pitch saturation and without the	ber of metrics of interest, the percent difference when us- | ing ROSCO without any pitch saturation and without the | FOWT feedback term is shown. As expected, by remov-
REF046_ROSCO	17	False	1	pitch	For this comparison, the floating feedback and peak shaving ing the pitch saturation term, the annual energy production	FOWT feedback term is shown. As expected, by remov- | For this comparison, the floating feedback and peak shaving ing the pitch saturation term, the annual energy production | modules are either enabled or disabled, and the rest of the (AEP) increases by 1.6 %. This is directly related to the re-
REF046_ROSCO	17	True	4	pitch	Figure 14 presents results from the DLC 1.1 and 1.3 sim- power-maximizing pitch saturation and in near-rated wind	controller is not changed at all. duced power output in low wind speeds because there is not | Figure 14 presents results from the DLC 1.1 and 1.3 sim- power-maximizing pitch saturation and in near-rated wind | ulations. With the peak shaving enabled, slight decreases in speeds where the thrust is being reduced. When the pitch
REF046_ROSCO	17	False	1	pitch	ulations. With the peak shaving enabled, slight decreases in speeds where the thrust is being reduced. When the pitch	Figure 14 presents results from the DLC 1.1 and 1.3 sim- power-maximizing pitch saturation and in near-rated wind | ulations. With the peak shaving enabled, slight decreases in speeds where the thrust is being reduced. When the pitch | power production are seen at near-rated wind speeds. This saturation module is kept on and the floating feedback term
REF046_ROSCO	17	False	1	pitch	presented reduction in platform pitching motion of about feedback term also helps increase AEP. Overall, maximum	fore–aft bending moments and related loads near rated. The the increased platform damping that results from the floating | presented reduction in platform pitching motion of about feedback term also helps increase AEP. Overall, maximum | 15 % resulting from the floating-specific feedback term has platform deflections and tower damage equivalent loads are
REF046_ROSCO	18	True	3		Figure 14. Results from DLC 1.1 and 1.3 simulations for the IEA 15 MW wind turbine on the UMaine semisubmersible platform. Output	Figure 14. Results from DLC 1.1 and 1.3 simulations for the IEA 15 MW wind turbine on the UMaine semisubmersible platform. Output | statistics from the platform pitch angles, tower base fore–aft bending moments, rotor speed, and generator power are shown. Simulations
REF046_ROSCO	18	False	1	pitch	statistics from the platform pitch angles, tower base fore–aft bending moments, rotor speed, and generator power are shown. Simulations	Figure 14. Results from DLC 1.1 and 1.3 simulations for the IEA 15 MW wind turbine on the UMaine semisubmersible platform. Output | statistics from the platform pitch angles, tower base fore–aft bending moments, rotor speed, and generator power are shown. Simulations | using the FOWT feedback loop (βfloat ) and pitch saturation (at low wind speeds and for peak shaving) are compared to those with the pitch
REF046_ROSCO	18	False	1	pitch	using the FOWT feedback loop (βfloat ) and pitch saturation (at low wind speeds and for peak shaving) are compared to those with the pitch	statistics from the platform pitch angles, tower base fore–aft bending moments, rotor speed, and generator power are shown. Simulations | using the FOWT feedback loop (βfloat ) and pitch saturation (at low wind speeds and for peak shaving) are compared to those with the pitch | saturation or FOWT feedback modules turned off.
REF046_ROSCO	18	True	3		Figure 15. An AEP and load comparison of the IEA 15 MW wind turbine on the UMaine semisubmersible platform. The presented values	Figure 15. An AEP and load comparison of the IEA 15 MW wind turbine on the UMaine semisubmersible platform. The presented values | show the percent change of the metrics identified along the x axis with respect to the ROSCO controller with FOWT tuning and pitch
REF046_ROSCO	18	False	2	pitch;ROSCO	show the percent change of the metrics identified along the x axis with respect to the ROSCO controller with FOWT tuning and pitch	Figure 15. An AEP and load comparison of the IEA 15 MW wind turbine on the UMaine semisubmersible platform. The presented values | show the percent change of the metrics identified along the x axis with respect to the ROSCO controller with FOWT tuning and pitch | saturation (at low wind speeds and for peak shaving) routines enabled. The AEP and DELs were calculated using DLC 1.1 results, and the
REF046_ROSCO	18	False	1	ROSCO	term enabled, while AEP is not detrimentally affected. In been developed for the ROSCO controller and made avail-	term enabled, while AEP is not detrimentally affected. In been developed for the ROSCO controller and made avail- | this work, no specific tuning of the floating feedback term or able through the Python-based ROSCO toolbox. The tuning
REF046_ROSCO	18	False	1	ROSCO	this work, no specific tuning of the floating feedback term or able through the Python-based ROSCO toolbox. The tuning	term enabled, while AEP is not detrimentally affected. In been developed for the ROSCO controller and made avail- | this work, no specific tuning of the floating feedback term or able through the Python-based ROSCO toolbox. The tuning | blade pitch controller gains was done outside of the methods methods can be implemented easily by the interested non-
REF046_ROSCO	18	False	1	pitch	blade pitch controller gains was done outside of the methods methods can be implemented easily by the interested non-	this work, no specific tuning of the floating feedback term or able through the Python-based ROSCO toolbox. The tuning | blade pitch controller gains was done outside of the methods methods can be implemented easily by the interested non- | presented in Sects. 5.5 and 2.5, so overall controller perfor- controls engineer or in a completely automated fashion for
REF046_ROSCO	18	False	1	ROSCO	7 Conclusions and future work shown that the generically tuned ROSCO controller performs	On the NREL 5 MW land-based wind turbine, we have | 7 Conclusions and future work shown that the generically tuned ROSCO controller performs | comparably to the NREL 5 MW reference controller. We
REF046_ROSCO	18	False	1	ROSCO	ence open-source controller (ROSCO) for fixed and float- controller tuning, ROSCO’s performance can be further im-	We have provided the research community with a refer- have also shown that, through a small amount of additional | ence open-source controller (ROSCO) for fixed and float- controller tuning, ROSCO’s performance can be further im- | ing offshore wind turbines. Generic tuning methods have proved to reduce rotor thrusts without significant reductions
REF046_ROSCO	19	False	1	ROSCO	peak shaving and wind speed estimation. A TSR tracking Four filters are used in the ROSCO controller. For the filters	of more modern, industry standard control methods, such as | peak shaving and wind speed estimation. A TSR tracking Four filters are used in the ROSCO controller. For the filters | controller is shown to generate below-rated turbine power presented, ωf is a cornering frequency in rad s−1 , and ζf is a
REF046_ROSCO	19	False	1	pitch	pitch controller, but automated tuning methods have been FL1 (s) = (A1)	to the implementation of the above-rated collective blade ωf | pitch controller, but automated tuning methods have been FL1 (s) = (A1) | s + ωf
REF046_ROSCO	19	False	1	pitch	developed to easily generate pitch-dependent gain schedules	s + ωf | developed to easily generate pitch-dependent gain schedules | for the blade pitch controller based on the Cp surface. A set
REF046_ROSCO	19	False	1	pitch	for the blade pitch controller based on the Cp surface. A set	developed to easily generate pitch-dependent gain schedules | for the blade pitch controller based on the Cp surface. A set | Second-order low-pass filter
REF046_ROSCO	19	False	2	pitch;torque	sition between the primary blade pitch and generator torque ωf2	point smoother has been implemented to improve the tran- | sition between the primary blade pitch and generator torque ωf2 | controller regions. A Kalman filter-based wind speed estima- FL2 (s) = (A2)
REF046_ROSCO	19	False	1	ROSCO	tor is implemented in ROSCO to enable the TSR tracking and	s 2 + 2ζf ωf s + ωf2 | tor is implemented in ROSCO to enable the TSR tracking and | blade pitch saturation capabilities. Pitch saturation routines
REF046_ROSCO	19	False	1	pitch	blade pitch saturation capabilities. Pitch saturation routines	tor is implemented in ROSCO to enable the TSR tracking and | blade pitch saturation capabilities. Pitch saturation routines | First-order high-pass filter
REF046_ROSCO	19	False	1	ROSCO	in ROSCO and has shown improvements over previously s 2 + 2ωf ζf1 s + ωf2	Additionally, a FOWT-specific feedback loop is included Notch filter | in ROSCO and has shown improvements over previously s 2 + 2ωf ζf1 s + ωf2 | published open-source FOWT control methods. The combi- FN = (A4)
REF046_ROSCO	19	False	2	pitch;ROSCO	pitch motions and maximum rotor speeds compared to a sim- Code availability. The ROSCO controller and toolbox are avail-	ing routine has been shown to significantly reduce platform | pitch motions and maximum rotor speeds compared to a sim- Code availability. The ROSCO controller and toolbox are avail- | ple pitch controller with a bandwidth below the first fore– able for download at https://github.com/NREL/ROSCO (NREL,
REF046_ROSCO	19	False	2	pitch;ROSCO	ple pitch controller with a bandwidth below the first fore– able for download at https://github.com/NREL/ROSCO (NREL,	pitch motions and maximum rotor speeds compared to a sim- Code availability. The ROSCO controller and toolbox are avail- | ple pitch controller with a bandwidth below the first fore– able for download at https://github.com/NREL/ROSCO (NREL, | aft natural frequency of the platform. Notably, all the results 2021; https://doi.org/10.5281/zenodo.5748043, nikhar-abbas et al.,
REF046_ROSCO	19	False	1	ROSCO	are shown for the generalized ROSCO tuning values, and	shown for the IEA 15 MW on the UMaine semisubmersible 2021). | are shown for the generalized ROSCO tuning values, and | there is potential to further improve controller performance
REF046_ROSCO	19	False	1	ROSCO	ROSCO toolbox. able upon request.	through additional fine-tuning of the input parameters to the Data availability. The data presented in work can be made avail- | ROSCO toolbox. able upon request. | Several other capabilities are also being incorporated in
REF046_ROSCO	19	False	1	ROSCO	ROSCO and the ROSCO toolbox generic tuning logic. These	Several other capabilities are also being incorporated in | ROSCO and the ROSCO toolbox generic tuning logic. These | capabilities and tuning methods are currently being devel- Author contributions. NA developed the generic tuning pro-
REF046_ROSCO	19	False	1	pitch	oped, some of which include individual pitch control, dis- cesses, formalized the control concepts, and collected the theoret-	capabilities and tuning methods are currently being devel- Author contributions. NA developed the generic tuning pro- | oped, some of which include individual pitch control, dis- cesses, formalized the control concepts, and collected the theoret- | tributed aerodynamic control, and improved FOWT feedback ical foundations discussed in this article. He also contributed the
REF046_ROSCO	19	False	1	ROSCO	majority of the code found in ROSCO and the ROSCO toolbox and	tributed aerodynamic control, and improved FOWT feedback ical foundations discussed in this article. He also contributed the | majority of the code found in ROSCO and the ROSCO toolbox and | term tuning methods. A number of specific improvements for
REF046_ROSCO	19	False	1	ROSCO	plemented. These include additional functionalities for the much of the testing and verification of the ROSCO toolchain. He has	primary contributor to the writing of the article. DZ contributed to | plemented. These include additional functionalities for the much of the testing and verification of the ROSCO toolchain. He has | blade pitch and torque controller, such as power-reference also served in an advisory role during the development of many of
REF046_ROSCO	19	False	2	pitch;torque	blade pitch and torque controller, such as power-reference also served in an advisory role during the development of many of	plemented. These include additional functionalities for the much of the testing and verification of the ROSCO toolchain. He has | blade pitch and torque controller, such as power-reference also served in an advisory role during the development of many of | tracking control and tower resonance avoidance methods. ROSCO’s modules and reviewed this article multiple times before
REF046_ROSCO	19	False	1	ROSCO	tracking control and tower resonance avoidance methods. ROSCO’s modules and reviewed this article multiple times before	blade pitch and torque controller, such as power-reference also served in an advisory role during the development of many of | tracking control and tower resonance avoidance methods. ROSCO’s modules and reviewed this article multiple times before | Improved shutdown and yaw methods are also being actively its submittal. AW contributed the original theoretical idea behind
REF046_ROSCO	19	False	1	ROSCO	Finally, the authors would like to reiterate that ROSCO and and reviewed this article multiple times. LP served in a supervisory	investigated. the tuning of the floating feedback term, served in an advisory role, | Finally, the authors would like to reiterate that ROSCO and and reviewed this article multiple times. LP served in a supervisory | the ROSCO toolbox are open-source tools. We invite the re- role, guided the theoretical foundations discussed in this article, and
REF046_ROSCO	19	False	1	ROSCO	the ROSCO toolbox are open-source tools. We invite the re- role, guided the theoretical foundations discussed in this article, and	Finally, the authors would like to reiterate that ROSCO and and reviewed this article multiple times. LP served in a supervisory | the ROSCO toolbox are open-source tools. We invite the re- role, guided the theoretical foundations discussed in this article, and | search community to download, use, and contribute to these reviewed this article extensively.
REF046_ROSCO	20	False	1	ROSCO	which provided much of the foundations upon which the ROSCO design parameters: a systems engineering approach, in: 32nd	Technology for their contributions to the Delft Research Controller, Sensitivity analysis of wind plant performance to key turbine | which provided much of the foundations upon which the ROSCO design parameters: a systems engineering approach, in: 32nd | controller has been built. ASME Wind Energy Symposium, National Harbor, Maryland,
REF046_ROSCO	20	False	1	ROSCO	Renewable Energy Laboratory, who have put the entire ROSCO Fischer, B. and Shan, M.: A survey on control methods for the mit-	Additionally, we thank the many researchers at the National 13–17 January 2014, AIAA 2014-1087 p. 1087, 2014. | Renewable Energy Laboratory, who have put the entire ROSCO Fischer, B. and Shan, M.: A survey on control methods for the mit- | toolchain through its paces in numerous applications. In particu- igation of tower loads, Fraunhofer IWES Report, 2013.
REF046_ROSCO	20	False	1	ROSCO	Siemens Gamesa), who helped ROSCO through perhaps the most D.: Evaluating methods for control of an offshore floating tur-	lar, the authors thank Pietro Bortolotti and Evan Gaertner (now at Fleming, P. A., Pineda, I., Rossetti, M., Wright, A. D., and Arora, | Siemens Gamesa), who helped ROSCO through perhaps the most D.: Evaluating methods for control of an offshore floating tur- | challenging software bugs. A special thanks to Paul Fleming as well bine, in: ASME 2014 33rd International Conference on Ocean,
REF046_ROSCO	20	False	1	ROSCO	for his initial inspiration on the structure of the ROSCO toolbox. Offshore and Arctic Engineering, American Society of Mechan-	challenging software bugs. A special thanks to Paul Fleming as well bine, in: ASME 2014 33rd International Conference on Ocean, | for his initial inspiration on the structure of the ROSCO toolbox. Offshore and Arctic Engineering, American Society of Mechan- | ical Engineers Digital Collection, San Francisco, California,
REF046_ROSCO	21	False	1	pitch	trol approaches using trailing edge flaps and individual pitch con- Wayman, E. N., Sclavounos, P., Butterfield, S., Jonkman, J., and	Lackner, M. A. and van Kuik, G.: A comparison of smart rotor con- eaau2027, https://doi.org/10.1126/science.aau2027, 2019. | trol approaches using trailing edge flaps and individual pitch con- Wayman, E. N., Sclavounos, P., Butterfield, S., Jonkman, J., and | trol, Wind Energy, 13, 117–134, 2010. Musial, W.: Coupled dynamic modeling of floating wind tur-
REF046_ROSCO	21	False	1	pitch	low frequent tower vibrations for a floating, pitch controlled wind tory, Golden, CO, USA, 2006.	Larsen, T. J. and Hanson, T. D.: A method to avoid negative damped bine systems, Tech. rep., National Renewable Energy Labora- | low frequent tower vibrations for a floating, pitch controlled wind tory, Golden, CO, USA, 2006. | turbine, J. Phys. Conf. Ser., 75, 012073, 2007. Zahle, F., Tibaldi, C., Verelst, D. R., Bak, C., Bitche, R., and
REF046_ROSCO	21	False	1	ROSCO	heff, Hylander, G., and Bortolotti, P.: NREL/ROSCO: https://doi.org/10.23919/ACC.2019.8814860, 3494–3499,	nikhar-abbas, dzalkind, Mudafort, R. M., Mulders, S., david- Conference, Philadelphia, PA, USA, 10–12 July 2019, | heff, Hylander, G., and Bortolotti, P.: NREL/ROSCO: https://doi.org/10.23919/ACC.2019.8814860, 3494–3499, | Zenodo Integration (v2.4.1-z), Zenodo [code], 2019.
REF046_ROSCO	21	False	1	OpenFAST	NREL: OpenFAST, Version 2.1.0, GitHub [code], https://github. 2020, 2020.	tional Renewable Energy Laboratory, Golden, CO, USA, 2013. Energ. Sci., 5, 1579–1600, https://doi.org/10.5194/wes-5-1579- | NREL: OpenFAST, Version 2.1.0, GitHub [code], https://github. 2020, 2020. | com/openfast/openfast (last access: 1 December 2021), 2019.
REF046_ROSCO	21	False	1	OpenFAST	com/openfast/openfast (last access: 1 December 2021), 2019.	NREL: OpenFAST, Version 2.1.0, GitHub [code], https://github. 2020, 2020. | com/openfast/openfast (last access: 1 December 2021), 2019. | NREL: ROSCO, Version 2.4.1, GitHub [code], https://github.com/
REF046_ROSCO	21	False	1	ROSCO	NREL: ROSCO, Version 2.4.1, GitHub [code], https://github.com/	com/openfast/openfast (last access: 1 December 2021), 2019. | NREL: ROSCO, Version 2.4.1, GitHub [code], https://github.com/ | NREL/ROSCO (last access: 1 December 2021), 2021.
REF046_ROSCO	21	False	1	ROSCO	NREL/ROSCO (last access: 1 December 2021), 2021.	NREL: ROSCO, Version 2.4.1, GitHub [code], https://github.com/ | NREL/ROSCO (last access: 1 December 2021), 2021.
REF009_Brown2024	1	False	2	validation;one-to-one	One-to-one aeroservoelastic validation of operational	One-to-one aeroservoelastic validation of operational | loads and performance of a 2.8 MW wind
REF009_Brown2024	1	False	2	loads;performance	loads and performance of a 2.8 MW wind	One-to-one aeroservoelastic validation of operational | loads and performance of a 2.8 MW wind | turbine model in OpenFAST
REF009_Brown2024	1	False	1	OpenFAST	turbine model in OpenFAST	loads and performance of a 2.8 MW wind | turbine model in OpenFAST | Kenneth Brown1 , Pietro Bortolotti2 , Emmanuel Branlard3 , Mayank Chetan2 , Scott Dana2 ,
REF009_Brown2024	1	False	2	validation;OpenFAST	Abstract. This article presents a validation study of the popular aeroservoelastic code suite OpenFAST leverag-	Abstract. This article presents a validation study of the popular aeroservoelastic code suite OpenFAST leverag- | ing weeks of measurements obtained during normal operation of a 2.8 MW land-based wind turbine. Measured
REF009_Brown2024	1	False	1	one-to-one	wind conditions were used to generate one-to-one turbulent flow fields (i.e., comparing simulation to measure-	ing weeks of measurements obtained during normal operation of a 2.8 MW land-based wind turbine. Measured | wind conditions were used to generate one-to-one turbulent flow fields (i.e., comparing simulation to measure- | ment in 10 min increments, or bins) through unconstrained and constrained assimilation methods using the kine-
REF009_Brown2024	1	False	2	loads;performance	were selected for analysis, and a statistical comparison in terms of performance and loads is presented. We show	matic turbulence generators TurbSim and PyConTurb. A total of 253 bins of 10 min of normal turbine operation | were selected for analysis, and a statistical comparison in terms of performance and loads is presented. We show | that successful validation of the model was not strongly dependent on the type of inflow assimilation method
REF009_Brown2024	1	False	1	validation	that successful validation of the model was not strongly dependent on the type of inflow assimilation method	were selected for analysis, and a statistical comparison in terms of performance and loads is presented. We show | that successful validation of the model was not strongly dependent on the type of inflow assimilation method | used for mean quantities of interest, which had median modeling errors per wind-speed interval generally within
REF009_Brown2024	1	False	1	fatigue	5 %–10 % of the measurement. The type of inflow assimilation method did have a larger effect on the fatigue	used for mean quantities of interest, which had median modeling errors per wind-speed interval generally within | 5 %–10 % of the measurement. The type of inflow assimilation method did have a larger effect on the fatigue | predictions for blade-root flapwise and tower-base fore–aft quantities, which surprisingly saw larger errors from
REF009_Brown2024	1	False	1	fatigue	up to ∼ 40 % median overprediction of fatigue for these quantities.	improvements to the aerodynamic, structural, and controller modeling that may offer insight on the origin of the | up to ∼ 40 % median overprediction of fatigue for these quantities.
REF009_Brown2024	2	False	3	validation;OpenFAST;one-to-one	1792 K. Brown et al.: One-to-one aeroservoelastic validation of a 2.8 MW wind turbine model in OpenFAST	1792 K. Brown et al.: One-to-one aeroservoelastic validation of a 2.8 MW wind turbine model in OpenFAST
REF009_Brown2024	2	False	1	OpenFAST	multiphysics tool, OpenFAST (Jonkman and Sprague, 2021), constrained and constrained approaches. They found that the	multiphysics tool, OpenFAST (Jonkman and Sprague, 2021), constrained and constrained approaches. They found that the | which is actively developed at the National Renewable En- unconstrained approach produced 27 % and 12 % underpre-
REF009_Brown2024	2	False	1	OpenFAST	OpenFAST has been subject to several rounds of verification DELs, respectively, compared to the constrained approach.	ergy Laboratory, is one of these models. Over the years, diction of the tower-bottom fore–aft and blade-root flapwise | OpenFAST has been subject to several rounds of verification DELs, respectively, compared to the constrained approach. | against other aeroservoelastic solvers (Rinker et al., 2020) Rather than using a meteorological tower or an on-blade sen-
REF009_Brown2024	2	False	1	validation	and validation against measurement (Guntur et al., 2017; sor, Rinker (2022) constrained the turbulence fields to data	against other aeroservoelastic solvers (Rinker et al., 2020) Rather than using a meteorological tower or an on-blade sen- | and validation against measurement (Guntur et al., 2017; sor, Rinker (2022) constrained the turbulence fields to data | Schepers et al., 2021; Asmuth et al., 2022; Boorsma et al., generated from a turbine-mounted virtual lidar that sampled
REF009_Brown2024	2	False	1	OpenFAST	an ongoing need to validate OpenFAST at scales relevant predictions for the tower-base fore–aft bending moment im-	bility, blade aerodynamics, and atmospheric forcing, suggest tities of interest (QoIs) versus unconstrained results. DEL | an ongoing need to validate OpenFAST at scales relevant predictions for the tower-base fore–aft bending moment im- | to industry. Importantly, this validation should be accom- proved when the constraint points from the lidar extended to
REF009_Brown2024	2	False	1	validation	to industry. Importantly, this validation should be accom- proved when the constraint points from the lidar extended to	an ongoing need to validate OpenFAST at scales relevant predictions for the tower-base fore–aft bending moment im- | to industry. Importantly, this validation should be accom- proved when the constraint points from the lidar extended to | plished with suitable assimilation of measured inflow into at least 40 % of the rotor span from the axis of rotation.
REF009_Brown2024	2	False	1	OpenFAST	that matches as closely as possible the inflow experienced by the OpenFAST code suite, the objective of this current effort	the simulation environment to obtain a synthetic wind field Similar to the above three studies but considering instead | that matches as closely as possible the inflow experienced by the OpenFAST code suite, the objective of this current effort | the turbine. is to assess the value of existing inflow assimilation tools of
REF009_Brown2024	2	False	2	validation;OpenFAST	So far, validation of OpenFAST relative to full-scale mea- different levels of fidelity (i.e., including both unconstrained	the turbine. is to assess the value of existing inflow assimilation tools of | So far, validation of OpenFAST relative to full-scale mea- different levels of fidelity (i.e., including both unconstrained | surements has adopted either (1) non-turbulent and uni- and constrained turbulence assimilation methods) for vali-
REF009_Brown2024	2	False	1	loads	(2) purely stochastic turbulent inflow (i.e., based on the formance and loads. In addition to performing such a com-	form inflow (Schepers et al., 2021; Boorsma et al., 2023); dation of simulations of megawatt-scale wind turbine per- | (2) purely stochastic turbulent inflow (i.e., based on the formance and loads. In addition to performing such a com- | spectral magnitudes of a reference flow but with random parison across three levels of fidelity for the first time with
REF009_Brown2024	2	False	2	validation;OpenFAST	phases) that matches time-averaged statistics of hub-height OpenFAST, we here consider other validation quantities (i.e.,	spectral magnitudes of a reference flow but with random parison across three levels of fidelity for the first time with | phases) that matches time-averaged statistics of hub-height OpenFAST, we here consider other validation quantities (i.e., | wind speed, hub-height turbulence intensity, and shear pro- damage equivalent loads) not included in the previous, re-
REF009_Brown2024	2	False	1	loads	wind speed, hub-height turbulence intensity, and shear pro- damage equivalent loads) not included in the previous, re-	phases) that matches time-averaged statistics of hub-height OpenFAST, we here consider other validation quantities (i.e., | wind speed, hub-height turbulence intensity, and shear pro- damage equivalent loads) not included in the previous, re- | file (Schepers et al., 2021); (3) time-resolved inflow at a sin- cent studies involving OpenFAST that employed one of the
REF009_Brown2024	2	False	1	OpenFAST	file (Schepers et al., 2021); (3) time-resolved inflow at a sin- cent studies involving OpenFAST that employed one of the	wind speed, hub-height turbulence intensity, and shear pro- damage equivalent loads) not included in the previous, re- | file (Schepers et al., 2021); (3) time-resolved inflow at a sin- cent studies involving OpenFAST that employed one of the | gle point in the domain (i.e., with more distant points revert- four inflow assimilation approaches listed previously (Gun-
REF009_Brown2024	2	False	1	validation	Recent efforts on other code suites have also compared The approach is an end-to-end validation, meaning that the	tions across different levels of inflow assimilation methods. | Recent efforts on other code suites have also compared The approach is an end-to-end validation, meaning that the | across different levels of inflow assimilation methods. The accuracy of the inflow modeling, turbine aeroelastic model-
REF009_Brown2024	2	False	1	loads	loads (DELs) considered, and they attributed this to possi- voted to matching the behavior of the field turbine by incor-	errors by several percentage points for all damage equivalent troller modeling, a significant amount of attention was de- | loads (DELs) considered, and they attributed this to possi- voted to matching the behavior of the field turbine by incor- | bly unmet assumptions about frozen turbulence and about porating proprietary information about the characteristics of
REF009_Brown2024	2	False	1	OpenFAST	tor disk. However, the constrained approach did outperform modules of OpenFAST.	the measured flow field passing completely through the ro- the turbine and controller as closely as possible into the sub- | tor disk. However, the constrained approach did outperform modules of OpenFAST. | the unconstrained approach when considering inflow data The study is part of the Rotor Aerodynamics, Aeroelas-
REF009_Brown2024	3	False	3	validation;OpenFAST;one-to-one	K. Brown et al.: One-to-one aeroservoelastic validation of a 2.8 MW wind turbine model in OpenFAST 1793	K. Brown et al.: One-to-one aeroservoelastic validation of a 2.8 MW wind turbine model in OpenFAST 1793
REF009_Brown2024	3	True	3		Figure 1. Illustration of the prototype wind turbine and surrounding instrumentation during the RAAW project.	Figure 1. Illustration of the prototype wind turbine and surrounding instrumentation during the RAAW project.
REF009_Brown2024	3	False	2	validation;OpenFAST	as shown in Fig. 1. The validation of the OpenFAST model mation and turbine sensor data. The next sections elaborate	suite of measurements on a test turbine and its environment (Abbas et al., 2022), which was tuned to the reference infor- | as shown in Fig. 1. The validation of the OpenFAST model mation and turbine sensor data. The next sections elaborate | presented here is based on measurements collected prior to on the process used to develop this model and on the verifi-
REF009_Brown2024	3	False	1	validation	the RAAW field campaign and is intended to benchmark cation and validation steps that were performed.	presented here is based on measurements collected prior to on the process used to develop this model and on the verifi- | the RAAW field campaign and is intended to benchmark cation and validation steps that were performed. | the model performance. The inflow and wind turbine mea-
REF009_Brown2024	3	False	1	performance	the model performance. The inflow and wind turbine mea-	the RAAW field campaign and is intended to benchmark cation and validation steps that were performed. | the model performance. The inflow and wind turbine mea- | surements are therefore limited to instrumentation already 2.1 Aerodynamics
REF009_Brown2024	3	False	1	OpenFAST	The rest of the paper is organized as follows: the devel- OpenFAST can simulate rotor aerodynamics at different lev-	present at the site before RAAW as indicated in the figure. | The rest of the paper is organized as follows: the devel- OpenFAST can simulate rotor aerodynamics at different lev- | opment of the turbine aeroservoelastic model is described els of fidelity with models implemented in the module Aero-
REF009_Brown2024	3	False	1	OpenFAST	OpenFAST model of the turbine. This step was performed angles of attack over which to apply the correction and to	Sect. 3. The first step of this study consisted of building the root. This led to some arbitrary decisions about the range of | OpenFAST model of the turbine. This step was performed angles of attack over which to apply the correction and to | by combining different data sets shared by GE describing the the decision of limiting the corrections to airfoils up to 0.7
REF009_Brown2024	3	False	1	OpenFAST	this information was used to develop an accurate OpenFAST to OpenFAST as precomputed inputs.	blade and numerical results from its in-house solvers. All dynamic model at each blade spanwise station were provided | this information was used to develop an accurate OpenFAST to OpenFAST as precomputed inputs. | model. GE’s proprietary controller was replaced by the pub- A dynamic BEMT model that implements a continuous-
REF009_Brown2024	4	False	3	validation;OpenFAST;one-to-one	1794 K. Brown et al.: One-to-one aeroservoelastic validation of a 2.8 MW wind turbine model in OpenFAST	1794 K. Brown et al.: One-to-one aeroservoelastic validation of a 2.8 MW wind turbine model in OpenFAST
REF009_Brown2024	4	False	1	OpenFAST	rection model was used with a flow expansion function of damping ratios between OpenFAST and reference data including	(Branlard et al., 2022). Also, the Glauert skewed wake cor- Table 1. Comparison of blade natural frequencies and structural | rection model was used with a flow expansion function of damping ratios between OpenFAST and reference data including | 15/32π (Pitt and Peters, 1980). Other corrections to the experimental and numerical values shared by GE. The values pro-
REF009_Brown2024	4	False	1	OpenFAST	sent higher frequencies and damping in OpenFAST relative to the	wake swirl (tangential induction), and the influence of drag (“Exp”) and numerical (“Num”) reference. Positive values repre- | sent higher frequencies and damping in OpenFAST relative to the | on the induction factors. The effect of the tower on the in-
REF009_Brown2024	4	False	1	OpenFAST	coming wind was accounted for using OpenFAST’s baseline	values shared by GE. | coming wind was accounted for using OpenFAST’s baseline | potential flow model for two of the three inflow assimilation
REF009_Brown2024	4	False	1	validation	validation steps that were performed to ensure the accuracy The comparisons of structural damping show larger rela-	by GE. The next subsections elaborate on the verification and of clamping of the blade root during laboratory testing. | validation steps that were performed to ensure the accuracy The comparisons of structural damping show larger rela- | of the elastic model. tive errors. Damping is an input to aeroelastic solvers, and
REF009_Brown2024	4	True	3		Figure 2 shows the static deflections and rotations for a sin- set based on the experimental data from GE to match the	were converted to the BeamDyn coordinate system correctly. of flapwise, edgewise, and torsional damping were initially | Figure 2 shows the static deflections and rotations for a sin- set based on the experimental data from GE to match the | gle blade clamped at the root and subjected to gravitational first modes. These values achieved differences of −5.9 % for
REF009_Brown2024	4	False	1	loads	loads in flapwise and edgewise directions. This verification the first flap mode and 1.3 % for the first edge mode. Be-	gle blade clamped at the root and subjected to gravitational first modes. These values achieved differences of −5.9 % for | loads in flapwise and edgewise directions. This verification the first flap mode and 1.3 % for the first edge mode. Be- | step returned maximum differences of 0.02 m in deflections cause of the stiffness-proportional formulation, damping in
REF009_Brown2024	4	False	1	OpenFAST	and 0.5° in rotations and was considered satisfactory. the second modes was greatly overpredicted by OpenFAST	step returned maximum differences of 0.02 m in deflections cause of the stiffness-proportional formulation, damping in | and 0.5° in rotations and was considered satisfactory. the second modes was greatly overpredicted by OpenFAST | Next, a verification and validation step was performed by compared to the results obtained in the laboratory. Despite
REF009_Brown2024	4	False	1	validation	Next, a verification and validation step was performed by compared to the results obtained in the laboratory. Despite	and 0.5° in rotations and was considered satisfactory. the second modes was greatly overpredicted by OpenFAST | Next, a verification and validation step was performed by compared to the results obtained in the laboratory. Despite | comparing numerical and experimental values of natural fre- this overprediction, the turbine in OpenFAST suffered from
REF009_Brown2024	4	False	1	OpenFAST	comparing numerical and experimental values of natural fre- this overprediction, the turbine in OpenFAST suffered from	Next, a verification and validation step was performed by compared to the results obtained in the laboratory. Despite | comparing numerical and experimental values of natural fre- this overprediction, the turbine in OpenFAST suffered from | quencies and values of structural damping for a single blade. edgewise instabilities, which were resolved by artificially in-
REF009_Brown2024	4	False	1	OpenFAST	erated at GE and in OpenFAST. The match was again satis- recent work has verified OpenFAST against other aeroelastic	tween the laboratory test and the numerical predictions gen- solvers, which will be investigated in future work. Note that | erated at GE and in OpenFAST. The match was again satis- recent work has verified OpenFAST against other aeroelastic | factory, although some important discrepancies emerged, as solvers, where there was no need to increase the edgewise
REF009_Brown2024	4	False	1	validation	first flap, edge, and torsional modes. The validation step also tively high fidelity, the tower of the turbine was modeled in	modes match within 3 %, with negligible differences for the While the elastic response of blades was modeled at rela- | first flap, edge, and torsional modes. The validation step also tively high fidelity, the tower of the turbine was modeled in | shows a good match between the experimental results and ElastoDyn, which implements a reduced-order beam model
REF009_Brown2024	4	False	1	OpenFAST	the predictions of OpenFAST, with the exception of the first using the first two tower fore–aft and side–side modes. The	shows a good match between the experimental results and ElastoDyn, which implements a reduced-order beam model | the predictions of OpenFAST, with the exception of the first using the first two tower fore–aft and side–side modes. The | flap mode. Here, both models underpredict the natural fre- fore–aft and side–side stiffness distributions and unit mass
REF009_Brown2024	5	False	3	validation;OpenFAST;one-to-one	K. Brown et al.: One-to-one aeroservoelastic validation of a 2.8 MW wind turbine model in OpenFAST 1795	K. Brown et al.: One-to-one aeroservoelastic validation of a 2.8 MW wind turbine model in OpenFAST 1795
REF009_Brown2024	5	True	3		Figure 2. Deflection (a, b) and rotation (c, d) profiles of the blade loaded under gravity in the flapwise (a, c) and edgewise (b, d) directions.	Figure 2. Deflection (a, b) and rotation (c, d) profiles of the blade loaded under gravity in the flapwise (a, c) and edgewise (b, d) directions. | The dashed lines were generated by GE, and the solid lines were generated with BeamDyn, the beam model of OpenFAST implementing
REF009_Brown2024	5	False	1	OpenFAST	The dashed lines were generated by GE, and the solid lines were generated with BeamDyn, the beam model of OpenFAST implementing	Figure 2. Deflection (a, b) and rotation (c, d) profiles of the blade loaded under gravity in the flapwise (a, c) and edgewise (b, d) directions. | The dashed lines were generated by GE, and the solid lines were generated with BeamDyn, the beam model of OpenFAST implementing | the geometrically exact beam theory. Results are expressed in the BeamDyn coordinate system, and rotations are expressed in terms of
REF009_Brown2024	5	True	3		Table 2. Comparison of tower natural frequencies with and with- to the different model fidelity and to different discretization	Table 2. Comparison of tower natural frequencies with and with- to the different model fidelity and to different discretization | out rotor nacelle assembly (RNA) between OpenFAST and the nu- of the tower properties along its height. In terms of damp-
REF009_Brown2024	5	False	1	OpenFAST	out rotor nacelle assembly (RNA) between OpenFAST and the nu- of the tower properties along its height. In terms of damp-	Table 2. Comparison of tower natural frequencies with and with- to the different model fidelity and to different discretization | out rotor nacelle assembly (RNA) between OpenFAST and the nu- of the tower properties along its height. In terms of damp- | merical values shared by GE. The values provided are in terms of ing, the values for the tower structure were assigned to the
REF009_Brown2024	5	False	1	OpenFAST	ond side–side and fore–aft tower modes. Positive values represent OpenFAST currently models the drivetrain as an assem-	percent difference for the first four modes, namely the first and sec- individual modes. | ond side–side and fore–aft tower modes. Positive values represent OpenFAST currently models the drivetrain as an assem- | higher frequencies in OpenFAST relative to the numerical values
REF009_Brown2024	5	False	1	OpenFAST	higher frequencies in OpenFAST relative to the numerical values	ond side–side and fore–aft tower modes. Positive values represent OpenFAST currently models the drivetrain as an assem- | higher frequencies in OpenFAST relative to the numerical values | bly of lumped masses. The only exception is the torsional
REF009_Brown2024	5	False	1	OpenFAST	First side–side −1.0 +0.2 ity of the nacelle in OpenFAST. Results were impacted to a	were conducted including the nodding and yawing flexibil- | First side–side −1.0 +0.2 ity of the nacelle in OpenFAST. Results were impacted to a | First fore–aft −1.0 −1.1 negligible amount.
REF009_Brown2024	5	False	1	OpenFAST	stiff. Work is planned in OpenFAST to include tower tor-	GE. Note that ElastoDyn models the tower as torsionally | stiff. Work is planned in OpenFAST to include tower tor- | sion within its elastic model ElastoDyn. A workaround con- 2.3.1 Experimental modal analysis
REF009_Brown2024	5	False	1	modal	sion within its elastic model ElastoDyn. A workaround con- 2.3.1 Experimental modal analysis	stiff. Work is planned in OpenFAST to include tower tor- | sion within its elastic model ElastoDyn. A workaround con- 2.3.1 Experimental modal analysis | sisted of modeling the tower in the module SubDyn, but this
REF009_Brown2024	5	False	1	OpenFAST	ural frequencies by OpenFAST and natural frequencies by method with a Hanning window was used to convert time-	The comparison returned small discrepancies between nat- In this scenario, Welch’s averaged, modified periodogram | ural frequencies by OpenFAST and natural frequencies by method with a Hanning window was used to convert time- | the numerical solver at GE. The discrepancies were attributed series data to the frequency domain. This method was pre-
REF009_Brown2024	6	False	3	validation;OpenFAST;one-to-one	1796 K. Brown et al.: One-to-one aeroservoelastic validation of a 2.8 MW wind turbine model in OpenFAST	1796 K. Brown et al.: One-to-one aeroservoelastic validation of a 2.8 MW wind turbine model in OpenFAST
REF009_Brown2024	6	False	1	modal	The analysis of the experimental data used for modal anal- edgewise modes and by a more precise determination of the	duce noise in the power spectra. plained by the small impact that rotor aerodynamics have on | The analysis of the experimental data used for modal anal- edgewise modes and by a more precise determination of the | ysis was split into two sections: emergency stop and normal experimental frequencies of the system. Note that edgewise
REF009_Brown2024	6	False	1	modal	Conducting the experimental modal analysis with the ex-	to rated. 2.4 Controls | Conducting the experimental modal analysis with the ex- | isting set of installed sensors came with several challenges. While the ideal validation process would incorporate the ac-
REF009_Brown2024	6	False	1	validation	isting set of installed sensors came with several challenges. While the ideal validation process would incorporate the ac-	Conducting the experimental modal analysis with the ex- | isting set of installed sensors came with several challenges. While the ideal validation process would incorporate the ac- | A critical limitation was that the only measurement location tual turbine controller in the turbine model, such as in Zierath
REF009_Brown2024	6	False	1	modal	garding modal shapes. Fundamentally, the gauge measure- the ROSCO controller (Abbas et al., 2022), which was cou-	Therefore, it was not possible to extract any information re- tellectual property. The solution to this problem was to adopt | garding modal shapes. Fundamentally, the gauge measure- the ROSCO controller (Abbas et al., 2022), which was cou- | ments only allowed us to derive the PSDs of the blade-root pled to OpenFAST to match the steady-state and transient
REF009_Brown2024	6	False	1	OpenFAST	ments only allowed us to derive the PSDs of the blade-root pled to OpenFAST to match the steady-state and transient	garding modal shapes. Fundamentally, the gauge measure- the ROSCO controller (Abbas et al., 2022), which was cou- | ments only allowed us to derive the PSDs of the blade-root pled to OpenFAST to match the steady-state and transient | strain. behavior of the field controller observed through historical
REF009_Brown2024	6	False	1	OpenFAST	We tried to apply a method known as time-synchronous av- Because of the long run times for OpenFAST simulations	stances where there was no energy in the expected region. SCADA data would have remained the same. | We tried to apply a method known as time-synchronous av- Because of the long run times for OpenFAST simulations | eraging, which can help remove the rotor passing frequen- with BeamDyn, we ran 72 step wind simulations in parallel
REF009_Brown2024	6	False	2	validation;modal	2.3.2 Validation of modal analysis	in generator speed and rotor thrust response between the GE | 2.3.2 Validation of modal analysis | reference and our controlled OpenFAST model. The simula-
REF009_Brown2024	6	False	1	OpenFAST	reference and our controlled OpenFAST model. The simula-	2.3.2 Validation of modal analysis | reference and our controlled OpenFAST model. The simula- | tion parameters with the lowest error were used to prescribe
REF009_Brown2024	6	False	1	OpenFAST	cies estimated using OpenFAST is shown in Fig. 3 across a of low generator speed and rotor thrust error was used to se-	tracted using the strain gauge data and the numerical frequen- design space. From these simulations, the best combination | cies estimated using OpenFAST is shown in Fig. 3 across a of low generator speed and rotor thrust error was used to se- | range of rotor speeds. For the first flapwise modes, we ob- lect the set of ROSCO tuning parameters. Since both the gen-
REF009_Brown2024	6	False	1	OpenFAST	site to the one reported in Table 1, where OpenFAST un- more weight to the generator speed response error as it is a	discrepancies at higher speeds. Note that this trend is oppo- neously optimized, some judgment was used to give slightly | site to the one reported in Table 1, where OpenFAST un- more weight to the generator speed response error as it is a | derpredicts the natural frequency of the first flapwise struc- more direct measure of the controller’s desired behavior.
REF009_Brown2024	7	False	3	validation;OpenFAST;one-to-one	K. Brown et al.: One-to-one aeroservoelastic validation of a 2.8 MW wind turbine model in OpenFAST 1797	K. Brown et al.: One-to-one aeroservoelastic validation of a 2.8 MW wind turbine model in OpenFAST 1797
REF009_Brown2024	7	True	4	OpenFAST	Figure 3. Relative differences between numerical (OpenFAST) and experimental (from strain gauges) natural frequencies for first tower	Figure 3. Relative differences between numerical (OpenFAST) and experimental (from strain gauges) natural frequencies for first tower | modes (a), first rotor flap modes (b), first rotor edge modes (c), and second rotor edge modes (d). For the tower, fore–aft (FA) and side–side
REF009_Brown2024	7	False	1	OpenFAST	values represent higher frequencies in OpenFAST relative to experimental values.	(SS) modes are reported. For the rotor, backward whirling (BW), collective (C), and forward whirling (FW) modes are reported. Positive | values represent higher frequencies in OpenFAST relative to experimental values.
REF009_Brown2024	7	False	1	fatigue	crepancies in fatigue load results. ultrasonic data that ranged between −9 and 14° between the	changes in transient behavior and could lead to small dis- data were used to remove static wind-direction offsets in the | crepancies in fatigue load results. ultrasonic data that ranged between −9 and 14° between the | various anemometers, likely due to misalignment during in-
REF009_Brown2024	7	False	1	one-to-one	one-to-one inflow bins for the numerical simulations. and 179.5 m. The historical data analyzed herein were output	This section describes how field data were used to generate of the rotor and were mounted onto booms at 52.6, 110.5, | one-to-one inflow bins for the numerical simulations. and 179.5 m. The historical data analyzed herein were output | at a frequency of 1 Hz (note that this value was later raised to
REF009_Brown2024	7	False	2	validation;OpenFAST	The validation of the OpenFAST model presented here is Related to measurements on the turbine, the layout of in-	3.1 Experimental campaign within the RAAW experiment). | The validation of the OpenFAST model presented here is Related to measurements on the turbine, the layout of in- | based on measurements collected prior to the RAAW field struments on the turbine are shown in Fig. 5. In line with the
REF009_Brown2024	7	False	1	validation	the latter of which provided only 10 min statistics during the The validation data in this article were collected between	020WD wind vanes, and a ground-sitting WindCube lidar, over such intervals. | the latter of which provided only 10 min statistics during the The validation data in this article were collected between | period considered here. In this study we preferred to use data 22 September 2021 and 14 May 2022, and data are orga-
REF009_Brown2024	7	False	1	validation	the inclusion of the w component of velocity in the ultra- to render the data appropriate for model validation. First, fol-	cup anemometers with co-elevated wind vanes because of eral preprocessing steps were applied to the ultrasonic data | the inclusion of the w component of velocity in the ultra- to render the data appropriate for model validation. First, fol-
REF009_Brown2024	8	False	3	validation;OpenFAST;one-to-one	1798 K. Brown et al.: One-to-one aeroservoelastic validation of a 2.8 MW wind turbine model in OpenFAST	1798 K. Brown et al.: One-to-one aeroservoelastic validation of a 2.8 MW wind turbine model in OpenFAST
REF009_Brown2024	8	True	3		Figure 4. Planform view of the test site, including inset showing the cup and sonic anemometers in relation to the wake of the tower lattice	Figure 4. Planform view of the test site, including inset showing the cup and sonic anemometers in relation to the wake of the tower lattice | for the wind sector retained in this study.
REF009_Brown2024	8	True	3		Figure 5. Illustration of instrumentation on the prototype wind tur- tion analyses. These filters included bounds to eliminate bins	ing processes to be deemed valid and useful for the valida- | Figure 5. Illustration of instrumentation on the prototype wind tur- tion analyses. These filters included bounds to eliminate bins | bine. The channels discussed in this article are outlined in blue. that included malfunctioning sensors, bins with an idling tur-
REF009_Brown2024	9	False	3	validation;OpenFAST;one-to-one	K. Brown et al.: One-to-one aeroservoelastic validation of a 2.8 MW wind turbine model in OpenFAST 1799	K. Brown et al.: One-to-one aeroservoelastic validation of a 2.8 MW wind turbine model in OpenFAST 1799
REF009_Brown2024	9	False	1	validation	10 min, or 1.8 d, for validation analysis. Figure 6 displays locations. In TurbSim TIMESR, only one point in the domain	The above filtering reduced the data set to 253 bins of match the wind series provided at one or more measurement | 10 min, or 1.8 d, for validation analysis. Figure 6 displays locations. In TurbSim TIMESR, only one point in the domain | 10 min inflow statistics from these bins, which demonstrate can be constrained. PyConTurb, in contrast, is able to apply
REF009_Brown2024	9	False	1	operating	broad range of turbine operating conditions. The lack of the simulations performed here, TurbSim TIMESR is con-	a diversity of inflow conditions and thus imply a relatively the same constraints to an arbitrary number of points. For | broad range of turbine operating conditions. The lack of the simulations performed here, TurbSim TIMESR is con- | cases with turbulence intensity above 0.15 in Fig. 6a is a strained based on the near-hub-height ultrasonic anemometer
REF009_Brown2024	9	False	1	validation	tained in the data set, though some validation error should be 4554 turbulent inflows were produced (253 bins of 10 min,	teristic of the site, and cases with these conditions were re- non-constrained data of the turbulence grids. As a result, | tained in the data set, though some validation error should be 4554 turbulent inflows were produced (253 bins of 10 min, | expected for such cases since IPC was not included in our six random seeds, and three different approaches).
REF009_Brown2024	10	False	3	validation;OpenFAST;one-to-one	1800 K. Brown et al.: One-to-one aeroservoelastic validation of a 2.8 MW wind turbine model in OpenFAST	1800 K. Brown et al.: One-to-one aeroservoelastic validation of a 2.8 MW wind turbine model in OpenFAST
REF009_Brown2024	10	True	4	validation	Figure 6. Mean inflow conditions for the 253 bins of 10 min selected for model validation: (a) horizontal turbulence intensity near hub	Figure 6. Mean inflow conditions for the 253 bins of 10 min selected for model validation: (a) horizontal turbulence intensity near hub | height, (b) shear exponent calculated from a power-law fit over the rotor span, and (c) veer calculated from a linear fit over the rotor span.
REF009_Brown2024	10	True	3		Table 3. Comparison of inflow assimilation methods. Single-point constraints are enforced from the ultrasonic anemometer near hub height	Table 3. Comparison of inflow assimilation methods. Single-point constraints are enforced from the ultrasonic anemometer near hub height | (i.e., z = 110.5 m), and three-point constraints are enforced from all three ultrasonic anemometers.
REF009_Brown2024	10	True	3		Figure 7. Image of the 2.8 MW GE wind turbine in Lubbock, terpolation.	roughly capture the shape within the limitations of linear in- | Figure 7. Image of the 2.8 MW GE wind turbine in Lubbock, terpolation. | Texas, USA, with turbulence grid overlaid. A note is appropriate about the frequency of the wind field
REF009_Brown2024	10	False	1	OpenFAST	input to OpenFAST, which is unaltered from the 1 Hz sam-	Texas, USA, with turbulence grid overlaid. A note is appropriate about the frequency of the wind field | input to OpenFAST, which is unaltered from the 1 Hz sam- | pling frequency of the meteorological tower described previ-
REF009_Brown2024	11	False	3	validation;OpenFAST;one-to-one	K. Brown et al.: One-to-one aeroservoelastic validation of a 2.8 MW wind turbine model in OpenFAST 1801	K. Brown et al.: One-to-one aeroservoelastic validation of a 2.8 MW wind turbine model in OpenFAST 1801
REF009_Brown2024	11	True	3		Figure 8. Comparison of time series of simulated inflow to measured inflow for an example 10 min bin for the sonic anemometers near (a) top	Figure 8. Comparison of time series of simulated inflow to measured inflow for an example 10 min bin for the sonic anemometers near (a) top | tip, (b) hub height, and (c) bottom tip. The simulated data have been interpolated from the computational grid to the exact measurement
REF009_Brown2024	11	True	3		Figure 9. Comparison of turbulence spectra of simulated inflow to measured inflow for an example 10 min bin for the sonic anemometers	Figure 9. Comparison of turbulence spectra of simulated inflow to measured inflow for an example 10 min bin for the sonic anemometers | near (a) top tip, (b) hub height, and (c) bottom tip. Before calculating the spectra, the simulated data have been interpolated from the
REF009_Brown2024	12	False	3	validation;OpenFAST;one-to-one	1802 K. Brown et al.: One-to-one aeroservoelastic validation of a 2.8 MW wind turbine model in OpenFAST	1802 K. Brown et al.: One-to-one aeroservoelastic validation of a 2.8 MW wind turbine model in OpenFAST
REF009_Brown2024	12	True	3		Figure 10. Comparison of vertical profiles of simulated inflow to measured inflow for an example 10 min bin for (a) horizontal wind speed	Figure 10. Comparison of vertical profiles of simulated inflow to measured inflow for an example 10 min bin for (a) horizontal wind speed | and (b) direction, as well as (c) the three components of turbulence intensity, which are calculated as the standard deviation of the given
REF009_Brown2024	12	True	3		Figure 11. Analog to Fig. 10 except for an example 10 min bin that includes a non-monotonic shear profile.	Figure 11. Analog to Fig. 10 except for an example 10 min bin that includes a non-monotonic shear profile.
REF009_Brown2024	12	False	1	OpenFAST	was calculated as in the OpenFAST Python toolbox (Bran- Region II).	erages and DELs were calculated for each bin, and the latter as there are corresponding to below-rated conditions (i.e., | was calculated as in the OpenFAST Python toolbox (Bran- Region II). | lard et al., 2023) at a frequency of 50 Hz, which was the rate
REF009_Brown2024	12	False	2	validation;one-to-one	This section describes the results of the one-to-one validation over the 253 bins of 10 min compared to the measurements	blade pitch. Figure 13 shows statistics of the model errors | This section describes the results of the one-to-one validation over the 253 bins of 10 min compared to the measurements | beginning with analysis of the basic operability (i.e., mean for rotor speed and blade pitch. For the rotor speed, the me-
REF009_Brown2024	13	False	3	validation;OpenFAST;one-to-one	K. Brown et al.: One-to-one aeroservoelastic validation of a 2.8 MW wind turbine model in OpenFAST 1803	K. Brown et al.: One-to-one aeroservoelastic validation of a 2.8 MW wind turbine model in OpenFAST 1803
REF009_Brown2024	13	True	3		Figure 13. Comparison of (a) mean rotor speed and (b) mean blade pitch between models and measurement. The plots consist of statistics	Figure 13. Comparison of (a) mean rotor speed and (b) mean blade pitch between models and measurement. The plots consist of statistics | calculated within each wind-speed interval including the median (solid lines) and interquartile range (shaded areas). The median value
REF009_Brown2024	13	True	3		Figure 16a shows the near-root flapwise moment mean at	0.5 rpm, or within 4 %. This error is not very sensitive to the | Figure 16a shows the near-root flapwise moment mean at | inflow assimilation method, though the spread of error (i.e.,
REF009_Brown2024	13	True	3		Fig. 16b and c. The edgewise comparisons in Fig. 16c show	The cause for the underpredicted pitch by all three models in | Fig. 16b and c. The edgewise comparisons in Fig. 16c show | Region III could be related to aerodynamic modeling errors
REF009_Brown2024	13	True	3		Figure 14 is analogous to Fig. 13 except it shows errors in	congruous with Rezaeiha et al. (2017), whose study demon- | Figure 14 is analogous to Fig. 13 except it shows errors in | strated that aerodynamics (i.e., turbulence, wind shear, and
REF009_Brown2024	13	False	2	loads;fatigue	yaw) account for < 20 % of lifetime equivalent fatigue loads	the standard deviation rather than the mean. The median error | yaw) account for < 20 % of lifetime equivalent fatigue loads | in the standard deviation of rotor speed is less than 0.3 rpm,
REF009_Brown2024	13	False	1	fatigue	gravity that dominate the edgewise fatigue budget. Thus,	or 2 % of the nominal rotor speed at rated. The maximum er- | gravity that dominate the edgewise fatigue budget. Thus, | ror in the standard deviation of blade pitch is around 0.5°.
REF009_Brown2024	13	False	1	fatigue	Unlike the edgewise case, the flapwise fatigue comparison	bins had persistent IPC activity in this data set. | Unlike the edgewise case, the flapwise fatigue comparison | shown in Fig. 16b shows significant errors on the order of
REF009_Brown2024	13	True	3		Figure 15 shows the comparison of simulated-to-measured Given the magnitude of the model errors for the flapwise	4.2 Power 8 %–18 % for the overall medians. | Figure 15 shows the comparison of simulated-to-measured Given the magnitude of the model errors for the flapwise | power. The scatterplot in Fig. 15a indicates generally good DELs, a closer investigation is warranted. The results from
REF009_Brown2024	13	False	1	performance	performance of the models with increased scatter apparent Rezaeiha et al. (2017) for a turbulence intensity similar to the	power. The scatterplot in Fig. 15a indicates generally good DELs, a closer investigation is warranted. The results from | performance of the models with increased scatter apparent Rezaeiha et al. (2017) for a turbulence intensity similar to the | below 10 m s−1 that could be related to, for instance, span- mean of our study (i.e., ∼ 8 %) show that around half of the
REF009_Brown2024	13	False	2	loads;fatigue	wise inhomogeneity in the inflow that cannot be captured contribution to flapwise lifetime equivalent fatigue loads was	below 10 m s−1 that could be related to, for instance, span- mean of our study (i.e., ∼ 8 %) show that around half of the | wise inhomogeneity in the inflow that cannot be captured contribution to flapwise lifetime equivalent fatigue loads was | by the vertically aligned met tower sensors. In addition to from turbulence, and more than 8 % was from wind shear.
REF009_Brown2024	13	False	1	performance	troller, blade twist, airfoil performance, or rotor aerodynam- itive correlation with wind shear exponent, at least until the	could plausibly be related to errors in modeling of the con- in Fig. 17a. However, the flapwise DEL error shows a pos- | troller, blade twist, airfoil performance, or rotor aerodynam- itive correlation with wind shear exponent, at least until the | ics. We note also that the underprediction of the models at very highest shear exponents where the sample size is small.
REF009_Brown2024	14	False	3	validation;OpenFAST;one-to-one	1804 K. Brown et al.: One-to-one aeroservoelastic validation of a 2.8 MW wind turbine model in OpenFAST	1804 K. Brown et al.: One-to-one aeroservoelastic validation of a 2.8 MW wind turbine model in OpenFAST
REF009_Brown2024	14	True	3		Figure 14. Comparison of (a) standard deviation of rotor speed and (b) standard deviation of blade pitch between models and measurement.	Figure 14. Comparison of (a) standard deviation of rotor speed and (b) standard deviation of blade pitch between models and measurement. | See Fig. 13 for explanation of the lines, shading, and legend.
REF009_Brown2024	14	False	1	OpenFAST	as found in OpenFAST, which include induced velocities	(2020) suggest that such locally computed induction fields | as found in OpenFAST, which include induced velocities | from bound and wake vorticity, are still not accurate. They
REF009_Brown2024	14	False	1	OpenFAST	OpenFAST to be overpredicted and found OpenFAST to con-	observed the 1P fluctuations of the local angle of attack in | OpenFAST to be overpredicted and found OpenFAST to con- | sequently predict 9 % higher lifetime DELs for the out-of-
REF009_Brown2024	14	True	3		Figure 15. Comparison of (a) mean electrical power and (b) mean	a correlation between the inflow wind speed and shear expo- | Figure 15. Comparison of (a) mean electrical power and (b) mean | nent.
REF009_Brown2024	14	False	1	performance	nent (and thus the likelihood of IPC activity) tends to zero. shear goes to zero may give an indication of the performance	three inflow assimilation methods as the inflow shear expo- uniquely in each method. Considering the error as the wind | nent (and thus the likelihood of IPC activity) tends to zero. shear goes to zero may give an indication of the performance | More specific insight on the effect of IPC on the flapwise of the models apart from the possible modeling errors re-
REF009_Brown2024	14	False	1	OpenFAST	OpenFAST. The last 10 years have seen awareness of over- tower, and they concluded that measurements taken at large	wise DELs stems from the computation of induction in strained and constrained turbulence from a meteorological | OpenFAST. The last 10 years have seen awareness of over- tower, and they concluded that measurements taken at large | prediction of some unsteady QoIs from BEMT models versus distances from the turbine should not be used to constrain
REF009_Brown2024	15	False	3	validation;OpenFAST;one-to-one	K. Brown et al.: One-to-one aeroservoelastic validation of a 2.8 MW wind turbine model in OpenFAST 1805	K. Brown et al.: One-to-one aeroservoelastic validation of a 2.8 MW wind turbine model in OpenFAST 1805
REF009_Brown2024	15	True	3		Figure 16. Comparison of (a, b) flapwise and (c) edgewise bending moment QoIs for blade 1 at 1.25 m from the root. See Fig. 13 for	Figure 16. Comparison of (a, b) flapwise and (c) edgewise bending moment QoIs for blade 1 at 1.25 m from the root. See Fig. 13 for | explanation of the lines, shading, and legend.
REF009_Brown2024	15	True	3		Figure 17. Comparison of the flapwise bending moment DEL from Fig. 16b except plotted versus (a) near-hub-height turbulence intensity	Figure 17. Comparison of the flapwise bending moment DEL from Fig. 16b except plotted versus (a) near-hub-height turbulence intensity | and (b) rotor-height wind shear exponent. See Fig. 13 for explanation of the lines and shading.
REF009_Brown2024	16	False	3	validation;OpenFAST;one-to-one	1806 K. Brown et al.: One-to-one aeroservoelastic validation of a 2.8 MW wind turbine model in OpenFAST	1806 K. Brown et al.: One-to-one aeroservoelastic validation of a 2.8 MW wind turbine model in OpenFAST
REF009_Brown2024	16	False	1	validation	5 Suggestions for a future validation campaign	5 Suggestions for a future validation campaign
REF009_Brown2024	16	False	1	validation	may aid the design of future validation studies.	Below are recorded lessons from the preceding analysis that | may aid the design of future validation studies.
REF009_Brown2024	16	True	3		Figure 18. Comparison of time series of blade-root flapwise mo-	This study leveraged meteorological tower data to define tur- | Figure 18. Comparison of time series of blade-root flapwise mo- | bulence grids. Shortcomings of this approach include low
REF009_Brown2024	16	False	1	loads	fully reconstruct the variations in blade loads on the longer	bulence assimilation methods, which are able to more faith- dicted by BEMT models. | fully reconstruct the variations in blade loads on the longer | timescales. The generally larger amplitude of the oscillations
REF009_Brown2024	16	True	3		Figure 19 shows the comparison of tower-base bending mo- lead to more informed selection of the roughness condition of	turbine blades during the measurement period might also | Figure 19 shows the comparison of tower-base bending mo- lead to more informed selection of the roughness condition of | ments. The median errors of the model in Fig. 19a are gener- airfoil polars to be used in models. Better information about
REF009_Brown2024	16	False	1	modal	the underprediction of mean flapwise loading in this region 5.3 Experimental modal analysis	diction of steady tower loading in Region II that is related to | the underprediction of mean flapwise loading in this region 5.3 Experimental modal analysis | as noted above. Note that the more negative mean error for
REF009_Brown2024	16	False	1	modal	the PyConTurb cases compared to the TurbSim ones is a re- From the initial modal analysis discussed in Sect. 2.3.1, ar-	as noted above. Note that the more negative mean error for | the PyConTurb cases compared to the TurbSim ones is a re- From the initial modal analysis discussed in Sect. 2.3.1, ar- | sult of the absence of tower nodes and tower aerodynamics eas for improvement were identified. As mentioned, time-
REF009_Brown2024	17	False	3	validation;OpenFAST;one-to-one	K. Brown et al.: One-to-one aeroservoelastic validation of a 2.8 MW wind turbine model in OpenFAST 1807	K. Brown et al.: One-to-one aeroservoelastic validation of a 2.8 MW wind turbine model in OpenFAST 1807
REF009_Brown2024	17	True	3		Figure 19. Comparison of fore–aft bending moment QoIs for the tower at 8.6 m from the base. See Fig. 13 for explanation of the lines,	Figure 19. Comparison of fore–aft bending moment QoIs for the tower at 8.6 m from the base. See Fig. 13 for explanation of the lines, | shading, and legend.
REF009_Brown2024	17	False	1	modal	modal analysis. This method can be used not only to under- troller that was tuned to match the proprietary field controller.	cies. A final method for future consideration is operational The model controller used above was an open-source con- | modal analysis. This method can be used not only to under- troller that was tuned to match the proprietary field controller. | stand the spectral content for structural frequencies but also The complexity of the proprietary controller is significant
REF009_Brown2024	17	False	1	modal	To develop a full-turbine modal estimate, the instrumen-	quate) are estimated. | To develop a full-turbine modal estimate, the instrumen- | 6 Conclusions
REF009_Brown2024	17	False	1	one-to-one	value of one-to-one time-series-matched inflow for aeroser-	blade span can be challenging, but their addition will allow | value of one-to-one time-series-matched inflow for aeroser- | for a modal map of acceptable spatial resolution to resolve
REF009_Brown2024	17	False	1	modal	for a modal map of acceptable spatial resolution to resolve	value of one-to-one time-series-matched inflow for aeroser- | for a modal map of acceptable spatial resolution to resolve | voelastic simulation and what are the residual errors in tur-
REF009_Brown2024	17	False	1	OpenFAST	bine in OpenFAST. The work included ingestion of 253 bins	and tower top will also provide insight into the stiffness and | bine in OpenFAST. The work included ingestion of 253 bins | damping of the coupled components. Accelerometers should
REF009_Brown2024	17	False	1	OpenFAST	flow fields were input to an OpenFAST model that was devel-	blade, for example, provides limited entry, which makes it | flow fields were input to an OpenFAST model that was devel- | difficult to install sensors beyond 18 m for the turbine in con-
REF009_Brown2024	17	False	1	validation	turbine. Subsequent bin-by-bin validation revealed that the	sideration. Exterior installation allows for instrumenting the | turbine. Subsequent bin-by-bin validation revealed that the | full span of the rotor but comes with installation, mainte-
REF009_Brown2024	17	False	1	operating	nance, and safety challenges for an operating turbine.	median errors of steady QoIs for power, blade loading, and | nance, and safety challenges for an operating turbine. | tower loading within each wind-speed interval were gener-
REF009_Brown2024	17	False	1	modal	through an in situ modal test. This test would be designed	mixed results. Simulated edgewise blade-root DELs were | through an in situ modal test. This test would be designed | consistently predicted with less than 5 % error. However, the
REF009_Brown2024	17	False	1	modal	ing common modal parameter estimation techniques. Also,	overprediction, which the authors speculate could be a re- | ing common modal parameter estimation techniques. Also, | sult of inaccurate aerodynamic modeling in sheared condi-
REF009_Brown2024	17	False	1	modal	modal shapes can be extracted, and modal scaling can be	sult of inaccurate aerodynamic modeling in sheared condi- | modal shapes can be extracted, and modal scaling can be | tions (note this shortcoming is being addressed currently by
REF009_Brown2024	17	False	1	OpenFAST	NREL in the ongoing development of OpenFAST) and omis-	more accurately approximated. | NREL in the ongoing development of OpenFAST) and omis- | Lastly, to achieve a full-turbine excitation, a snap-back test
REF009_Brown2024	18	False	3	validation;OpenFAST;one-to-one	1808 K. Brown et al.: One-to-one aeroservoelastic validation of a 2.8 MW wind turbine model in OpenFAST	1808 K. Brown et al.: One-to-one aeroservoelastic validation of a 2.8 MW wind turbine model in OpenFAST
REF009_Brown2024	18	False	1	OpenFAST	https://github.com/OpenFAST/openfast (last access: 14 Au- Review statement. This paper was edited by Alessandro Croce	in this work are open-source and can be found at | https://github.com/OpenFAST/openfast (last access: 14 Au- Review statement. This paper was edited by Alessandro Croce | gust 2024) (https://doi.org/10.5281/zenodo.7632926, Jonkman and reviewed by four anonymous referees.
REF009_Brown2024	18	False	1	OpenFAST	et al., 2023). OpenFAST v3.4.1 and ROSCO v2.7.0 were used in	14 August 2024) (https://doi.org/10.5281/zenodo.7629837, Abbas | et al., 2023). OpenFAST v3.4.1 and ROSCO v2.7.0 were used in | this study. The specific turbine model used is proprietary. The data
REF009_Brown2024	18	False	1	validation	analyzed the validation comparisons, and led the writing of the	bines, Wind Energ. Sci., 7, 53–73, https://doi.org/10.5194/wes- | analyzed the validation comparisons, and led the writing of the | 7-53-2022, 2022.
REF009_Brown2024	18	False	1	validation	FAST model, conducted the verification and validation steps pre-	Abbas, N. J., Zalkind, D., Mudafort, R. M., Hylander, G., Mulders, | FAST model, conducted the verification and validation steps pre- | S., Heffernan, D., and Bortolotti, P.: NREL/ROSCO: Version
REF009_Brown2024	18	False	1	modal	experimental modal analysis. NdV ran the simulations and helped	2.7.0, Zenodo [code], https://doi.org/10.5281/zenodo.7629837, | experimental modal analysis. NdV ran the simulations and helped | 2023.
REF009_Brown2024	18	False	1	validation	with the model validation. PD and NH lead the RAAW experimen-	2023. | with the model validation. PD and NH lead the RAAW experimen- | Asmuth, H., Navarro Diaz, G. P., Madsen, H. A., Branlard, E.,
REF009_Brown2024	18	False	1	OpenFAST	tal campaign. JJ leads the development of OpenFAST. CK co-leads	Asmuth, H., Navarro Diaz, G. P., Madsen, H. A., Branlard, E., | tal campaign. JJ leads the development of OpenFAST. CK co-leads | Meyer Forsting, A. R., Nilsson, K., Jonkman, J., and Ivanell, S.:
REF009_Brown2024	18	False	1	validation	RAAW and supervised this validation study. DZ led the tuning of	Meyer Forsting, A. R., Nilsson, K., Jonkman, J., and Ivanell, S.: | RAAW and supervised this validation study. DZ led the tuning of | Wind turbine response in waked inflow: A modelling benchmark
REF009_Brown2024	18	False	1	validation	the ROSCO controller and helped with the model validation. All au-	Wind turbine response in waked inflow: A modelling benchmark | the ROSCO controller and helped with the model validation. All au- | against full-scale measurements, Renew. Energ., 191, 868–887,
REF009_Brown2024	18	False	1	validation	Disclaimer. The views expressed in the article do not necessarily Vijayakumar, G.: Progress in the validation of rotor aerody-	ing, L., Greco, L., Testa, C., Branlard, E., Jonkman, J., and | Disclaimer. The views expressed in the article do not necessarily Vijayakumar, G.: Progress in the validation of rotor aerody- | represent the views of the U.S. Department of Energy or the United namic codes using field data, Wind Energ. Sci., 8, 211–230,
REF009_Brown2024	18	False	1	modal	J.: Dynamic inflow and unsteady aerodynamics models for modal	lies with the authors. Branlard, E., Jonkman, B., Pirrung, G. R., Dixon, K., and Jonkman, | J.: Dynamic inflow and unsteady aerodynamics models for modal | and stability analyses in OpenFAST, J. Phys. Conf. Ser., 2265, 1–
REF009_Brown2024	18	False	1	OpenFAST	and stability analyses in OpenFAST, J. Phys. Conf. Ser., 2265, 1–	J.: Dynamic inflow and unsteady aerodynamics models for modal | and stability analyses in OpenFAST, J. Phys. Conf. Ser., 2265, 1– | 12, https://doi.org/10.1088/1742-6596/2265/3/032044, 2022.
REF009_Brown2024	19	False	3	validation;OpenFAST;one-to-one	K. Brown et al.: One-to-one aeroservoelastic validation of a 2.8 MW wind turbine model in OpenFAST 1809	K. Brown et al.: One-to-one aeroservoelastic validation of a 2.8 MW wind turbine model in OpenFAST 1809
REF009_Brown2024	19	False	1	OpenFAST	D., Stanislawski, B., and Thedin, R.: pyFAST – OpenFAST tools, https://doi.org/10.1088/1742-6596/2018/1/012028, 2021.	Branlard, E., Mudafort, R., Bortolotti, P., Hammond, R., Zalkind, bottom-fixed wind turbine, J. Phys. Conf. Ser., 2018, 012028, | D., Stanislawski, B., and Thedin, R.: pyFAST – OpenFAST tools, https://doi.org/10.1088/1742-6596/2018/1/012028, 2021. | National Renewable Energy Lab. (NREL), Golden, CO (United Pedersen, M. M., Larsen, T. J., Madsen, H. A., and Larsen, G.
REF009_Brown2024	19	False	1	loads	https://doi.org/10.1088/1742-6596/2767/5/052042, 2024. ory overestimating wind turbine loads? – An aeroelastic com-	turbine, TORQUE 2024, J. Phys.: Conf. Ser., 2767, 052042, and Paschereit, C. O.: Is the Blade Element Momentum the- | https://doi.org/10.1088/1742-6596/2767/5/052042, 2024. ory overestimating wind turbine loads? – An aeroelastic com- | Damiani, R. R. and Hayman, G.: The Unsteady Aerodynamics parison between OpenFAST’s AeroDyn and QBlade’s Lifting-
REF009_Brown2024	19	False	1	OpenFAST	Damiani, R. R. and Hayman, G.: The Unsteady Aerodynamics parison between OpenFAST’s AeroDyn and QBlade’s Lifting-	https://doi.org/10.1088/1742-6596/2767/5/052042, 2024. ory overestimating wind turbine loads? – An aeroelastic com- | Damiani, R. R. and Hayman, G.: The Unsteady Aerodynamics parison between OpenFAST’s AeroDyn and QBlade’s Lifting- | Module For FAST8, National Renewable Energy Lab. (NREL), Line Free Vortex Wake method, Wind Energ. Sci., 5, 721–743,
REF009_Brown2024	19	False	1	performance	axis wind turbine performance prediction, AIAA, 1998 ASME craft forum, No. 47, 16–19 September 1980, Bristol, England,	Du, Z. and Selig, M.: A 3-D stall-delay model for horizontal flow derivatives, sixth European rotorcraft and powered lift air- | axis wind turbine performance prediction, AIAA, 1998 ASME craft forum, No. 47, 16–19 September 1980, Bristol, England, | Wind Energy Symposium, 12–15 January 1998, Reno, NV, USA, 1980.
REF009_Brown2024	19	False	2	loads;fatigue	Guntur, S., Jonkman, J., Sievers, R., Sprague, M. A., Schreck, of attack and lift coefficient and the resultant fatigue loads for a	https://doi.org/10.2514/6.1998-21, 1998. Rezaeiha, A., Pereira, R., and Kotsonis, M.: Fluctuations of angle | Guntur, S., Jonkman, J., Sievers, R., Sprague, M. A., Schreck, of attack and lift coefficient and the resultant fatigue loads for a | S., and Wang, Q.: A validation and code-to-code verifica- large horizontal axis wind turbine, Renew. Energ., 114, 904–916,
REF009_Brown2024	19	False	1	validation	S., and Wang, Q.: A validation and code-to-code verifica- large horizontal axis wind turbine, Renew. Energ., 114, 904–916,	Guntur, S., Jonkman, J., Sievers, R., Sprague, M. A., Schreck, of attack and lift coefficient and the resultant fatigue loads for a | S., and Wang, Q.: A validation and code-to-code verifica- large horizontal axis wind turbine, Renew. Energ., 114, 904–916, | tion of FAST for a megawatt-scale wind turbine with aeroe- 2017.
REF009_Brown2024	19	False	2	OpenFAST;loads	International Electrotechnical Commission and others: IEC 61400- loads from HAWC2 and OpenFAST for the IEA Wind 15 MW	https://doi.org/10.5194/wes-2-443-2017, 2017. Bredmose, H., Barter, G., and Dykes, K.: Comparison of | International Electrotechnical Commission and others: IEC 61400- loads from HAWC2 and OpenFAST for the IEA Wind 15 MW | 1 Ed. 3: Wind Turbines-Part 1: Design Requirements, In- Reference Wind Turbine, J. Phys. Conf. Ser., 1618, 052052,
REF009_Brown2024	19	False	1	loads	Energy Lab, https://www.nrel.gov/wind/nwtc/assets/downloads/ Rybchuk, A., Hassanaly, M., Hamilton, N., Doubrawa, P., Fulton,	Jonkman, B.: TurbSim user’s guide v2.00.00, Natl. Renew. https://doi.org/10.1088/1742-6596/2265/3/032011, 2022. | Energy Lab, https://www.nrel.gov/wind/nwtc/assets/downloads/ Rybchuk, A., Hassanaly, M., Hamilton, N., Doubrawa, P., Fulton, | TurbSim/TurbSim_v2.00.pdf (last access: 1 July 2022), 2014. M. J., and Martínez-Tossas, L. A.: Ensemble flow reconstruc-
REF009_Brown2024	19	False	1	OpenFAST	Jonkman, J. and Sprague, M.: OpenFAST Documentation Release tion in the atmospheric boundary layer from spatially limited	TurbSim/TurbSim_v2.00.pdf (last access: 1 July 2022), 2014. M. J., and Martínez-Tossas, L. A.: Ensemble flow reconstruc- | Jonkman, J. and Sprague, M.: OpenFAST Documentation Release tion in the atmospheric boundary layer from spatially limited | v3.0.0, National Renewable Energy Laboratory, Golden, CO, measurements through latent diffusion models, Phys. Fluids, 35,
REF009_Brown2024	19	False	1	OpenFAST	FAST/openfast: v3.4.1 (v3.4.1), Zenodo [code], Guma, G., Lutz, T., Potentier, T., Braud, C., Guilmineau, E.,	Jonkman, B., Mudafort, R. M., Platt, A., et al.: Open- Schepers, J., Boorsma, K., Madsen, H., Pirrung, G., Bangga, G., | FAST/openfast: v3.4.1 (v3.4.1), Zenodo [code], Guma, G., Lutz, T., Potentier, T., Braud, C., Guilmineau, E., | https://doi.org/10.5281/zenodo.7632926, 2023. Croce, A., Cacciola, S., Schaffarczyk, A. P., Lobo, B. A., Ivanell,
REF009_Brown2024	19	False	1	loads	Madsen, H. A., Larsen, T. J., Pirrung, G. R., Li, A., and Zahle, F.: flow representations for wind turbine loads analysis, Energies, 5,	with advanced model results, Wind Energy, 15, 63–81, 2012. Sim, C., Basu, S., and Manuel, L.: On space-time resolution of in- | Madsen, H. A., Larsen, T. J., Pirrung, G. R., Li, A., and Zahle, F.: flow representations for wind turbine loads analysis, Energies, 5, | Implementation of the blade element momentum model on a po- 2071–2092, 2012.
REF009_Brown2024	20	False	3	validation;OpenFAST;one-to-one	1810 K. Brown et al.: One-to-one aeroservoelastic validation of a 2.8 MW wind turbine model in OpenFAST	1810 K. Brown et al.: One-to-one aeroservoelastic validation of a 2.8 MW wind turbine model in OpenFAST
REF009_Brown2024	20	False	1	validation	Volk, D. M., Kallesøe, B. S., Johnson, S., Pirrung, G. R., Zierath, J., Rachholz, R., and Woernle, C.: Field test validation of	1-1-2016, 2016. https://doi.org/10.1002/we.2101, 2017. | Volk, D. M., Kallesøe, B. S., Johnson, S., Pirrung, G. R., Zierath, J., Rachholz, R., and Woernle, C.: Field test validation of | Riva, R., and Barnaud, F.: Large wind turbine edge insta- Flex5, MSC. Adams, alaska/Wind and SIMPACK for load calcu-
REF009_Brown2024	20	False	1	validation	bility field validation, J. Phys. Conf. Ser., 1618, 052014, lations on wind turbines, Wind Energy, 19, 1201–1222, 2016.	Riva, R., and Barnaud, F.: Large wind turbine edge insta- Flex5, MSC. Adams, alaska/Wind and SIMPACK for load calcu- | bility field validation, J. Phys. Conf. Ser., 1618, 052014, lations on wind turbines, Wind Energy, 19, 1201–1222, 2016. | https://doi.org/10.1088/1742-6596/1618/5/052014, 2020.
