part,element,edge_ratio,min_edge_m,max_edge_m,axial_edge_mean_m,radial_edge_mean_m,circ_edge_mean_m
SSEG_01,1,98.72067457483573,0.01941679999999968,1.9168395940846386,1.9168390362542373,0.019458400650266765,0.4258248229667112
SSEG_01,2,99.14680384117469,0.019333347247843635,1.9168395871752675,1.9168390270798268,0.01937509493200428,0.42134355152978065
SSEG_01,3,99.57531312428624,0.019250149999999966,1.9168397139394753,1.916839156208,0.01929178925172813,0.4168622954715514
SSEG_01,4,100.00837570948003,0.01916678941060374,1.9168394765201422,1.9168389162674884,0.019208547292418086,0.41238103720236363
SSEG_01,5,100.44612913119845,0.019083258795184622,1.916839477185193,1.9168389162348212,0.01912506455144702,0.4078997789331722
SSEG_01,6,100.8863935437366,0.01899998480060373,1.9168399439187218,1.9168393853630379,0.01904163839894714,0.4034185305954464
SSEG_01,7,98.7228194221948,0.019416389527200262,1.9168407171247857,1.9168401545259122,0.01945816485615482,0.42921661455363974
SSEG_01,8,99.14688846792703,0.01933334203841858,1.9168407067953719,1.916840146170971,0.019374920391404746,0.42472082770240177
SSEG_01,9,99.57704496984843,0.019249826480510237,1.916840837111547,1.916840275305078,0.019291614629732216,0.4202250437781038
SSEG_01,10,100.01010082364353,0.019166470000000047,1.9168405971333435,1.9168400361049946,0.019208189779588998,0.4157292698767214
SSEG_01,11,100.44618147703014,0.019083259999999935,1.9168405971333435,1.9168400369440841,0.019124885320276907,0.4112334885038758
SSEG_01,12,100.88776299711785,0.018999738027848104,1.9168410671608669,1.9168405052687356,0.01904151916777749,0.4067377019016873
SSEG_01,13,98.72120765718958,0.01941669516243433,1.916839595147028,1.9168390360688532,0.019458401682930393,0.42582480411319135
SSEG_01,14,99.14680381361839,0.019333347247843635,1.9168395866425119,1.9168390268065734,0.019375082874168205,0.42134354986539657
SSEG_01,15,99.57628068216833,0.019249962963066008,1.9168397151316057,1.9168391559875007,0.0192917566440499,0.41686229497057414
SSEG_01,16,100.00837570948003,0.01916678941060374,1.9168394765201422,1.9168389160108474,0.019208513215895277,0.41238103154956907
SSEG_01,17,100.44612921237207,0.019083258795184622,1.9168394787342502,1.9168389169372686,0.01912508462767106,0.40789975556843494
SSEG_01,18,100.88639359221312,0.01899998480060373,1.9168399448397748,1.916839385761029,0.01904164857125971,0.4034185248930053
SSEG_01,19,98.7228194221948,0.019416389527200262,1.9168407171247857,1.9168401552534993,0.019458201807840636,0.42921660392231964
SSEG_01,20,99.14750925129286,0.019333220998167686,1.91684070777312,1.916840146007902,0.01937489436244491,0.4247208418817864
SSEG_01,21,99.57704496984843,0.019249826480510237,1.916840837111547,1.9168402752248201,0.019291590383767467,0.42022507130270637
SSEG_01,22,100.01102701913719,0.019166292507088453,1.9168405977831098,1.9168400358222926,0.019208158410854433,0.4157292990486922
SSEG_01,23,100.44613598258768,0.019083268643261972,1.9168405971333435,1.916840037052708,0.01912484607683696,0.4112334914609763
SSEG_01,24,100.88776305673376,0.018999738027848104,1.9168410682935535,1.916840505881718,0.019041518170483968,0.4067376859537644
SSEG_01,25,98.72120765718958,0.01941669516243433,1.916839595147028,1.9168390357245253,0.01945840460275705,0.42582478508210614
SSEG_01,26,99.1467424122362,0.019333359220135727,1.9168395865620285,1.9168390268954685,0.019375079221122395,0.42134350522082475
SSEG_01,27,99.57628071399577,0.019249962963066008,1.9168397157442827,1.9168391566080472,0.019291721045231414,0.41686231580104666
SSEG_01,28,100.00840524418089,0.0191667837159287,1.9168394730901648,1.9168389147963232,0.01920847320033501,0.41238110192803773
SSEG_01,29,100.44596720580523,0.019083289574053374,1.9168394787342502,1.916838917261772,0.01912510901540193,0.4078998088684712
SSEG_01,30,100.8863640932964,0.01899999036557672,1.9168399457906966,1.9168393867109819,0.019041675773902585,0.4034185120902546
SSEG_01,31,98.72214725630255,0.019416521709474575,1.9168407154079443,1.9168401545788254,0.019458227310170093,0.42921664154971534
SSEG_01,32,99.14817408471777,0.019333091374045635,1.916840709149632,1.916840147257506,0.019374864741920253,0.4247208271135253
SSEG_01,33,99.57649621846275,0.019249932544975378,1.9168408352704038,1.9168402752040967,0.019291554233790517,0.42022503780784604
SSEG_01,34,100.01102701913719,0.019166292507088453,1.9168405977831098,1.916840034568922,0.01920817698496409,0.41572925267398275
SSEG_01,35,100.4467647699973,0.0190831491947347,1.91684059823428,1.916840037307821,0.019124808272698517,0.4112334549281479
SSEG_01,36,100.88751102656063,0.01899978549167406,1.9168410682935535,1.9168405061246414,0.01904153547774031,0.40673767878345946
SSEG_01,37,98.72046640601295,0.019416840952389727,1.9168395949512864,1.9168390361837337,0.019458435905708556,0.4258248951695958
SSEG_01,38,99.1467424361613,0.019333359220135727,1.9168395870245813,1.9168390271570885,0.019375116504060992,0.42134363099042854
SSEG_01,39,99.57573247982585,0.01925006894759862,1.9168397157442827,1.9168391568993313,0.019291748376814317,0.4168622727935828
SSEG_01,40,100.0084052774189,0.0191667837159287,1.9168394737272305,1.9168389147343219,0.019208451673794875,0.41238099529256184
SSEG_01,41,100.44558569589115,0.019083362040783133,1.9168394772331985,1.9168389174062486,0.019125079719804688,0.40789977002737177
SSEG_01,42,100.8863640932964,0.01899999036557672,1.9168399457906966,1.9168393857952586,0.019041687897300347,0.40341850480937835
SSEG_01,43,98.72263541505579,0.019416425697949567,1.9168407152421953,1.9168401544884528,0.019458128284321672,0.429216662615421
SSEG_01,44,99.14817408471777,0.019333091374045635,1.916840709149632,1.9168401472505692,0.01937482063477661,0.4247208781564061
SSEG_01,45,99.57649622093142,0.019249932544975378,1.9168408353179254,1.9168402751897777,0.019291562781709404,0.4202250566209802
SSEG_01,46,100.00988752718924,0.019166510869819166,1.9168405963792647,1.916840034686625,0.019208243629982566,0.4157292867074405
SSEG_01,47,100.4467647699973,0.0190831491947347,1.91684059823428,1.9168400373669279,0.019124875681861962,0.4112335174078454
SSEG_01,48,100.88711947137952,0.01899985921275476,1.9168410663365802,1.9168405053466597,0.019041557530207094,0.4067377192233586
SSEG_01,49,98.72046640601295,0.019416840952389727,1.9168395949512864,1.9168390365660253,0.01945847467123018,0.42582478419276176
SSEG_01,50,99.1464310079749,0.019333419948020108,1.9168395870245813,1.916839027607824,0.01937513045020492,0.4213435586066024
SSEG_01,51,99.57573244255454,0.01925006894759862,1.9168397150268075,1.9168391560819855,0.019291744447809366,0.4168622941295699
SSEG_01,52,100.00827522803986,0.019166808640149368,1.9168394737272305,1.9168389153916683,0.019208438793873996,0.41238103318807134
SSEG_01,53,100.44557284462627,0.019083364482357545,1.9168394772331985,1.9168389176610736,0.019125086561253456,0.40789981467297975
SSEG_01,54,100.88612857301743,0.019000034700483996,1.9168399436848211,1.9168393848842655,0.01904169959142077,0.40341855019594747
SSEG_01,55,98.72263541505579,0.019416425697949567,1.9168407152421953,1.9168401550967409,0.01945805585167478,0.4292165880388165
SSEG_01,56,99.14739245497172,0.01933324375763667,1.9168407062660349,1.916840146645308,0.019374834727793118,0.42472082433723596
SSEG_01,57,99.57623289800848,0.019249983450179926,1.9168408353179254,1.9168402751723663,0.019291613603908297,0.42022506770672313
SSEG_01,58,100.00969558456909,0.019166547654955787,1.9168405963792647,1.9168400350532475,0.019208265552567855,0.41572926511426955
SSEG_01,59,100.44599722589413,0.019083295007938192,1.916840597428279,1.9168400373307386,0.01912492133144699,0.41123345898628205
SSEG_01,60,100.88711947137952,0.01899985921275476,1.9168410663365802,1.9168405050107007,0.019041577110346476,0.4067376528582946
SSEG_01,61,98.72046640601295,0.019416840952389727,1.9168395949512864,1.9168390361837337,0.019458435905708553,0.4258248951695958
SSEG_01,62,99.1467424361613,0.019333359220135727,1.9168395870245813,1.9168390271570885,0.019375116504060992,0.42134363099042854
SSEG_01,63,99.57573247982585,0.01925006894759862,1.9168397157442827,1.9168391568993313,0.019291748376814317,0.4168622727935828
SSEG_01,64,100.0084052774189,0.0191667837159287,1.9168394737272305,1.9168389147343219,0.019208451673794875,0.41238099529256184
SSEG_01,65,100.44558569589115,0.019083362040783133,1.9168394772331985,1.9168389174062486,0.019125079719804688,0.40789977002737177
SSEG_01,66,100.8863640932964,0.01899999036557672,1.9168399457906966,1.9168393857952588,0.019041687897300347,0.40341850480937835
SSEG_01,67,98.72263541505579,0.019416425697949567,1.9168407152421953,1.9168401544884528,0.019458128284321672,0.429216662615421
SSEG_01,68,99.14817408471777,0.019333091374045635,1.916840709149632,1.9168401472505692,0.019374820634776614,0.4247208781564061
SSEG_01,69,99.57649622093142,0.019249932544975378,1.9168408353179254,1.9168402751897775,0.019291562781709404,0.4202250566209802
SSEG_01,70,100.00988752718924,0.019166510869819166,1.9168405963792647,1.9168400346866248,0.019208243629982562,0.4157292867074405
SSEG_01,71,100.4467647699973,0.0190831491947347,1.91684059823428,1.9168400373669279,0.019124875681861962,0.4112335174078454
SSEG_01,72,100.88711947137952,0.01899985921275476,1.9168410663365802,1.9168405053466597,0.019041557530207094,0.4067377192233586
SSEG_01,73,98.72120765718958,0.01941669516243433,1.916839595147028,1.9168390357245253,0.019458404602757055,0.42582478508210614
SSEG_01,74,99.1467424122362,0.019333359220135727,1.9168395865620285,1.9168390268954683,0.019375079221122395,0.42134350522082475
SSEG_01,75,99.57628071399577,0.019249962963066008,1.9168397157442827,1.9168391566080472,0.019291721045231414,0.41686231580104666
SSEG_01,76,100.00840524418089,0.0191667837159287,1.9168394730901648,1.9168389147963234,0.01920847320033501,0.41238110192803773
SSEG_01,77,100.44596720580523,0.019083289574053374,1.9168394787342502,1.916838917261772,0.01912510901540193,0.4078998088684712
SSEG_01,78,100.8863640932964,0.01899999036557672,1.9168399457906966,1.9168393867109819,0.019041675773902585,0.4034185120902546
SSEG_01,79,98.72214725630255,0.019416521709474575,1.9168407154079443,1.9168401545788254,0.019458227310170093,0.42921664154971534
SSEG_01,80,99.14817408471777,0.019333091374045635,1.916840709149632,1.916840147257506,0.019374864741920253,0.4247208271135253
SSEG_01,81,99.57649621846275,0.019249932544975378,1.9168408352704038,1.9168402752040967,0.019291554233790517,0.42022503780784604
SSEG_01,82,100.01102701913719,0.019166292507088453,1.9168405977831098,1.9168400345689223,0.01920817698496409,0.41572925267398275
SSEG_01,83,100.4467647699973,0.0190831491947347,1.91684059823428,1.9168400373078212,0.019124808272698517,0.4112334549281479
SSEG_01,84,100.88751102656063,0.01899978549167406,1.9168410682935535,1.9168405061246414,0.01904153547774031,0.40673767878345946
SSEG_01,85,98.72120765718958,0.01941669516243433,1.916839595147028,1.9168390360688532,0.019458401682930393,0.42582480411319135
SSEG_01,86,99.14680381361839,0.019333347247843635,1.9168395866425119,1.9168390268065734,0.019375082874168205,0.42134354986539657
SSEG_01,87,99.57628068216833,0.019249962963066008,1.9168397151316057,1.9168391559875007,0.0192917566440499,0.41686229497057414
SSEG_01,88,100.00837570948003,0.01916678941060374,1.9168394765201422,1.9168389160108477,0.019208513215895277,0.41238103154956907
SSEG_01,89,100.44612921237207,0.019083258795184622,1.9168394787342502,1.9168389169372688,0.01912508462767106,0.40789975556843494
SSEG_01,90,100.88639359221312,0.01899998480060373,1.9168399448397748,1.916839385761029,0.019041648571259708,0.4034185248930053
SSEG_01,91,98.7228194221948,0.019416389527200262,1.9168407171247857,1.9168401552534993,0.019458201807840636,0.42921660392231964
SSEG_01,92,99.14750925129286,0.019333220998167686,1.91684070777312,1.916840146007902,0.01937489436244491,0.4247208418817864
SSEG_01,93,99.57704496984843,0.019249826480510237,1.916840837111547,1.9168402752248201,0.019291590383767467,0.42022507130270637
SSEG_01,94,100.01102701913719,0.019166292507088453,1.9168405977831098,1.9168400358222926,0.019208158410854433,0.4157292990486922
SSEG_01,95,100.44613598258768,0.019083268643261972,1.9168405971333435,1.916840037052708,0.01912484607683696,0.4112334914609763
SSEG_01,96,100.88776305673376,0.018999738027848104,1.9168410682935535,1.916840505881718,0.01904151817048397,0.4067376859537644
SSEG_01,97,98.72067457483573,0.01941679999999968,1.9168395940846386,1.9168390362542373,0.019458400650266765,0.4258248229667112
SSEG_01,98,99.14680384117469,0.019333347247843635,1.9168395871752675,1.9168390270798268,0.01937509493200428,0.42134355152978065
SSEG_01,99,99.57531312428624,0.019250149999999966,1.9168397139394753,1.916839156208,0.01929178925172813,0.4168622954715514
SSEG_01,100,100.00837570948003,0.01916678941060374,1.9168394765201422,1.9168389162674884,0.019208547292418086,0.41238103720236363
SSEG_01,101,100.44612913119845,0.019083258795184622,1.916839477185193,1.9168389162348212,0.019125064551447024,0.4078997789331722
SSEG_01,102,100.8863935437366,0.01899998480060373,1.9168399439187218,1.9168393853630379,0.01904163839894714,0.4034185305954464
SSEG_01,103,98.7228194221948,0.019416389527200262,1.9168407171247857,1.9168401545259122,0.01945816485615482,0.42921661455363974
SSEG_01,104,99.14688846792703,0.01933334203841858,1.9168407067953719,1.9168401461709712,0.019374920391404746,0.42472082770240177
SSEG_01,105,99.57704496984843,0.019249826480510237,1.916840837111547,1.916840275305078,0.019291614629732216,0.4202250437781038
SSEG_01,106,100.01010082364353,0.019166470000000047,1.9168405971333435,1.9168400361049946,0.019208189779588998,0.4157292698767214
SSEG_01,107,100.44618147703014,0.019083259999999935,1.9168405971333435,1.9168400369440841,0.019124885320276907,0.4112334885038758
SSEG_01,108,100.88776299711785,0.018999738027848104,1.9168410671608669,1.9168405052687354,0.01904151916777749,0.4067377019016873
SSEG_01,109,98.72067457483573,0.01941679999999968,1.9168395940846386,1.9168390362542373,0.019458400650266765,0.4258248229667112
SSEG_01,110,99.14680384117469,0.019333347247843635,1.9168395871752675,1.9168390270798268,0.01937509493200428,0.42134355152978065
SSEG_01,111,99.57531312428624,0.019250149999999966,1.9168397139394753,1.916839156208,0.01929178925172813,0.4168622954715514
SSEG_01,112,100.00837570948003,0.01916678941060374,1.9168394765201422,1.9168389162674884,0.019208547292418086,0.41238103720236363
SSEG_01,113,100.44612913119845,0.019083258795184622,1.916839477185193,1.9168389162348212,0.01912506455144702,0.4078997789331722
SSEG_01,114,100.8863935437366,0.01899998480060373,1.9168399439187218,1.9168393853630379,0.01904163839894714,0.4034185305954464
SSEG_01,115,98.7228194221948,0.019416389527200262,1.9168407171247857,1.9168401545259122,0.01945816485615482,0.42921661455363974
SSEG_01,116,99.14688846792703,0.01933334203841858,1.9168407067953719,1.916840146170971,0.019374920391404746,0.42472082770240177
SSEG_01,117,99.57704496984843,0.019249826480510237,1.916840837111547,1.916840275305078,0.019291614629732216,0.4202250437781038
SSEG_01,118,100.01010082364353,0.019166470000000047,1.9168405971333435,1.9168400361049946,0.019208189779588998,0.4157292698767214
SSEG_01,119,100.44618147703014,0.019083259999999935,1.9168405971333435,1.9168400369440841,0.019124885320276907,0.4112334885038758
SSEG_01,120,100.88776299711785,0.018999738027848104,1.9168410671608669,1.9168405052687356,0.01904151916777749,0.4067377019016873
SSEG_01,121,98.72120765718958,0.01941669516243433,1.916839595147028,1.9168390360688532,0.019458401682930393,0.42582480411319135
SSEG_01,122,99.14680381361839,0.019333347247843635,1.9168395866425119,1.9168390268065734,0.019375082874168205,0.42134354986539657
SSEG_01,123,99.57628068216833,0.019249962963066008,1.9168397151316057,1.9168391559875007,0.0192917566440499,0.41686229497057414
SSEG_01,124,100.00837570948003,0.01916678941060374,1.9168394765201422,1.9168389160108474,0.019208513215895277,0.41238103154956907
SSEG_01,125,100.44612921237207,0.019083258795184622,1.9168394787342502,1.9168389169372686,0.01912508462767106,0.40789975556843494
SSEG_01,126,100.88639359221312,0.01899998480060373,1.9168399448397748,1.916839385761029,0.01904164857125971,0.4034185248930053
SSEG_01,127,98.7228194221948,0.019416389527200262,1.9168407171247857,1.9168401552534993,0.019458201807840636,0.42921660392231964
SSEG_01,128,99.14750925129286,0.019333220998167686,1.91684070777312,1.916840146007902,0.01937489436244491,0.4247208418817864
SSEG_01,129,99.57704496984843,0.019249826480510237,1.916840837111547,1.9168402752248201,0.019291590383767467,0.42022507130270637
SSEG_01,130,100.01102701913719,0.019166292507088453,1.9168405977831098,1.9168400358222926,0.019208158410854433,0.4157292990486922
SSEG_01,131,100.44613598258768,0.019083268643261972,1.9168405971333435,1.916840037052708,0.01912484607683696,0.4112334914609763
SSEG_01,132,100.88776305673376,0.018999738027848104,1.9168410682935535,1.916840505881718,0.019041518170483968,0.4067376859537644
SSEG_01,133,98.72120765718958,0.01941669516243433,1.916839595147028,1.9168390357245253,0.01945840460275705,0.42582478508210614
SSEG_01,134,99.1467424122362,0.019333359220135727,1.9168395865620285,1.9168390268954685,0.019375079221122395,0.42134350522082475
SSEG_01,135,99.57628071399577,0.019249962963066008,1.9168397157442827,1.9168391566080472,0.019291721045231414,0.41686231580104666
SSEG_01,136,100.00840524418089,0.0191667837159287,1.9168394730901648,1.9168389147963232,0.01920847320033501,0.41238110192803773
SSEG_01,137,100.44596720580523,0.019083289574053374,1.9168394787342502,1.916838917261772,0.01912510901540193,0.4078998088684712
SSEG_01,138,100.8863640932964,0.01899999036557672,1.9168399457906966,1.9168393867109819,0.019041675773902585,0.4034185120902546
SSEG_01,139,98.72214725630255,0.019416521709474575,1.9168407154079443,1.9168401545788254,0.019458227310170093,0.42921664154971534
SSEG_01,140,99.14817408471777,0.019333091374045635,1.916840709149632,1.916840147257506,0.019374864741920253,0.4247208271135253
SSEG_01,141,99.57649621846275,0.019249932544975378,1.9168408352704038,1.9168402752040967,0.019291554233790517,0.42022503780784604
SSEG_01,142,100.01102701913719,0.019166292507088453,1.9168405977831098,1.916840034568922,0.01920817698496409,0.41572925267398275
SSEG_01,143,100.4467647699973,0.0190831491947347,1.91684059823428,1.916840037307821,0.019124808272698517,0.4112334549281479
SSEG_01,144,100.88751102656063,0.01899978549167406,1.9168410682935535,1.9168405061246414,0.01904153547774031,0.40673767878345946
SSEG_01,145,98.72046640601295,0.019416840952389727,1.9168395949512864,1.9168390361837337,0.019458435905708556,0.4258248951695958
SSEG_01,146,99.1467424361613,0.019333359220135727,1.9168395870245813,1.9168390271570885,0.019375116504060992,0.42134363099042854
SSEG_01,147,99.57573247982585,0.01925006894759862,1.9168397157442827,1.9168391568993313,0.019291748376814317,0.4168622727935828
SSEG_01,148,100.0084052774189,0.0191667837159287,1.9168394737272305,1.9168389147343219,0.019208451673794875,0.41238099529256184
SSEG_01,149,100.44558569589115,0.019083362040783133,1.9168394772331985,1.9168389174062486,0.019125079719804688,0.40789977002737177
SSEG_01,150,100.8863640932964,0.01899999036557672,1.9168399457906966,1.9168393857952586,0.019041687897300347,0.40341850480937835
SSEG_01,151,98.72263541505579,0.019416425697949567,1.9168407152421953,1.9168401544884528,0.019458128284321672,0.429216662615421
SSEG_01,152,99.14817408471777,0.019333091374045635,1.916840709149632,1.9168401472505692,0.01937482063477661,0.4247208781564061
SSEG_01,153,99.57649622093142,0.019249932544975378,1.9168408353179254,1.9168402751897777,0.019291562781709404,0.4202250566209802
SSEG_01,154,100.00988752718924,0.019166510869819166,1.9168405963792647,1.916840034686625,0.019208243629982566,0.4157292867074405
SSEG_01,155,100.4467647699973,0.0190831491947347,1.91684059823428,1.9168400373669279,0.019124875681861962,0.4112335174078454
SSEG_01,156,100.88711947137952,0.01899985921275476,1.9168410663365802,1.9168405053466597,0.019041557530207094,0.4067377192233586
SSEG_01,157,98.72046640601295,0.019416840952389727,1.9168395949512864,1.9168390365660253,0.01945847467123018,0.42582478419276176
SSEG_01,158,99.1464310079749,0.019333419948020108,1.9168395870245813,1.916839027607824,0.01937513045020492,0.4213435586066024
SSEG_01,159,99.57573244255454,0.01925006894759862,1.9168397150268075,1.9168391560819855,0.019291744447809366,0.4168622941295699
SSEG_01,160,100.00827522803986,0.019166808640149368,1.9168394737272305,1.9168389153916683,0.019208438793873996,0.41238103318807134
SSEG_01,161,100.44557284462627,0.019083364482357545,1.9168394772331985,1.9168389176610736,0.019125086561253456,0.40789981467297975
SSEG_01,162,100.88612857301743,0.019000034700483996,1.9168399436848211,1.9168393848842655,0.01904169959142077,0.40341855019594747
SSEG_01,163,98.72263541505579,0.019416425697949567,1.9168407152421953,1.9168401550967409,0.01945805585167478,0.4292165880388165
SSEG_01,164,99.14739245497172,0.01933324375763667,1.9168407062660349,1.916840146645308,0.019374834727793118,0.42472082433723596
SSEG_01,165,99.57623289800848,0.019249983450179926,1.9168408353179254,1.9168402751723663,0.019291613603908297,0.42022506770672313
SSEG_01,166,100.00969558456909,0.019166547654955787,1.9168405963792647,1.9168400350532475,0.019208265552567855,0.41572926511426955
SSEG_01,167,100.44599722589413,0.019083295007938192,1.916840597428279,1.9168400373307386,0.01912492133144699,0.41123345898628205
SSEG_01,168,100.88711947137952,0.01899985921275476,1.9168410663365802,1.9168405050107007,0.019041577110346476,0.4067376528582946
SSEG_01,169,98.72046640601295,0.019416840952389727,1.9168395949512864,1.9168390361837337,0.019458435905708553,0.4258248951695958
SSEG_01,170,99.1467424361613,0.019333359220135727,1.9168395870245813,1.9168390271570885,0.019375116504060992,0.42134363099042854
SSEG_01,171,99.57573247982585,0.01925006894759862,1.9168397157442827,1.9168391568993313,0.019291748376814317,0.4168622727935828
SSEG_01,172,100.0084052774189,0.0191667837159287,1.9168394737272305,1.9168389147343219,0.019208451673794875,0.41238099529256184
SSEG_01,173,100.44558569589115,0.019083362040783133,1.9168394772331985,1.9168389174062486,0.019125079719804688,0.40789977002737177
SSEG_01,174,100.8863640932964,0.01899999036557672,1.9168399457906966,1.9168393857952588,0.019041687897300347,0.40341850480937835
SSEG_01,175,98.72263541505579,0.019416425697949567,1.9168407152421953,1.9168401544884528,0.019458128284321672,0.429216662615421
SSEG_01,176,99.14817408471777,0.019333091374045635,1.916840709149632,1.9168401472505692,0.019374820634776614,0.4247208781564061
SSEG_01,177,99.57649622093142,0.019249932544975378,1.9168408353179254,1.9168402751897775,0.019291562781709404,0.4202250566209802
SSEG_01,178,100.00988752718924,0.019166510869819166,1.9168405963792647,1.9168400346866248,0.019208243629982562,0.4157292867074405
SSEG_01,179,100.4467647699973,0.0190831491947347,1.91684059823428,1.9168400373669279,0.019124875681861962,0.4112335174078454
SSEG_01,180,100.88711947137952,0.01899985921275476,1.9168410663365802,1.9168405053466597,0.019041557530207094,0.4067377192233586
SSEG_01,181,98.72120765718958,0.01941669516243433,1.916839595147028,1.9168390357245253,0.019458404602757055,0.42582478508210614
SSEG_01,182,99.1467424122362,0.019333359220135727,1.9168395865620285,1.9168390268954683,0.019375079221122395,0.42134350522082475
SSEG_01,183,99.57628071399577,0.019249962963066008,1.9168397157442827,1.9168391566080472,0.019291721045231414,0.41686231580104666
SSEG_01,184,100.00840524418089,0.0191667837159287,1.9168394730901648,1.9168389147963234,0.01920847320033501,0.41238110192803773
SSEG_01,185,100.44596720580523,0.019083289574053374,1.9168394787342502,1.916838917261772,0.01912510901540193,0.4078998088684712
SSEG_01,186,100.8863640932964,0.01899999036557672,1.9168399457906966,1.9168393867109819,0.019041675773902585,0.4034185120902546
SSEG_01,187,98.72214725630255,0.019416521709474575,1.9168407154079443,1.9168401545788254,0.019458227310170093,0.42921664154971534
SSEG_01,188,99.14817408471777,0.019333091374045635,1.916840709149632,1.916840147257506,0.019374864741920253,0.4247208271135253
SSEG_01,189,99.57649621846275,0.019249932544975378,1.9168408352704038,1.9168402752040967,0.019291554233790517,0.42022503780784604
SSEG_01,190,100.01102701913719,0.019166292507088453,1.9168405977831098,1.9168400345689223,0.01920817698496409,0.41572925267398275
SSEG_01,191,100.4467647699973,0.0190831491947347,1.91684059823428,1.9168400373078212,0.019124808272698517,0.4112334549281479
SSEG_01,192,100.88751102656063,0.01899978549167406,1.9168410682935535,1.9168405061246414,0.01904153547774031,0.40673767878345946
SSEG_01,193,98.72120765718958,0.01941669516243433,1.916839595147028,1.9168390360688532,0.019458401682930393,0.42582480411319135
SSEG_01,194,99.14680381361839,0.019333347247843635,1.9168395866425119,1.9168390268065734,0.019375082874168205,0.42134354986539657
SSEG_01,195,99.57628068216833,0.019249962963066008,1.9168397151316057,1.9168391559875007,0.0192917566440499,0.41686229497057414
SSEG_01,196,100.00837570948003,0.01916678941060374,1.9168394765201422,1.9168389160108477,0.019208513215895277,0.41238103154956907
SSEG_01,197,100.44612921237207,0.019083258795184622,1.9168394787342502,1.9168389169372688,0.01912508462767106,0.40789975556843494
SSEG_01,198,100.88639359221312,0.01899998480060373,1.9168399448397748,1.916839385761029,0.019041648571259708,0.4034185248930053
SSEG_01,199,98.7228194221948,0.019416389527200262,1.9168407171247857,1.9168401552534993,0.019458201807840636,0.42921660392231964
SSEG_01,200,99.14750925129286,0.019333220998167686,1.91684070777312,1.916840146007902,0.01937489436244491,0.4247208418817864
SSEG_01,201,99.57704496984843,0.019249826480510237,1.916840837111547,1.9168402752248201,0.019291590383767467,0.42022507130270637
SSEG_01,202,100.01102701913719,0.019166292507088453,1.9168405977831098,1.9168400358222926,0.019208158410854433,0.4157292990486922
SSEG_01,203,100.44613598258768,0.019083268643261972,1.9168405971333435,1.916840037052708,0.01912484607683696,0.4112334914609763
SSEG_01,204,100.88776305673376,0.018999738027848104,1.9168410682935535,1.916840505881718,0.01904151817048397,0.4067376859537644
SSEG_01,205,98.72067457483573,0.01941679999999968,1.9168395940846386,1.9168390362542373,0.019458400650266765,0.4258248229667112
SSEG_01,206,99.14680384117469,0.019333347247843635,1.9168395871752675,1.9168390270798268,0.01937509493200428,0.42134355152978065
SSEG_01,207,99.57531312428624,0.019250149999999966,1.9168397139394753,1.916839156208,0.01929178925172813,0.4168622954715514
SSEG_01,208,100.00837570948003,0.01916678941060374,1.9168394765201422,1.9168389162674884,0.019208547292418086,0.41238103720236363
SSEG_01,209,100.44612913119845,0.019083258795184622,1.916839477185193,1.9168389162348212,0.019125064551447024,0.4078997789331722
SSEG_01,210,100.8863935437366,0.01899998480060373,1.9168399439187218,1.9168393853630379,0.01904163839894714,0.4034185305954464
SSEG_01,211,98.7228194221948,0.019416389527200262,1.9168407171247857,1.9168401545259122,0.01945816485615482,0.42921661455363974
SSEG_01,212,99.14688846792703,0.01933334203841858,1.9168407067953719,1.9168401461709712,0.019374920391404746,0.42472082770240177
SSEG_01,213,99.57704496984843,0.019249826480510237,1.916840837111547,1.916840275305078,0.019291614629732216,0.4202250437781038
SSEG_01,214,100.01010082364353,0.019166470000000047,1.9168405971333435,1.9168400361049946,0.019208189779588998,0.4157292698767214
SSEG_01,215,100.44618147703014,0.019083259999999935,1.9168405971333435,1.9168400369440841,0.019124885320276907,0.4112334885038758
SSEG_01,216,100.88776299711785,0.018999738027848104,1.9168410671608669,1.9168405052687354,0.01904151916777749,0.4067377019016873
SSEG_01,217,98.72067457483573,0.01941679999999968,1.9168395940846386,1.9168390362542373,0.019458400650266765,0.4258248229667112
SSEG_01,218,99.14680384117469,0.019333347247843635,1.9168395871752675,1.9168390270798268,0.01937509493200428,0.42134355152978065
SSEG_01,219,99.57531312428624,0.019250149999999966,1.9168397139394753,1.916839156208,0.01929178925172813,0.4168622954715514
SSEG_01,220,100.00837570948003,0.01916678941060374,1.9168394765201422,1.9168389162674884,0.019208547292418086,0.41238103720236363
SSEG_01,221,100.44612913119845,0.019083258795184622,1.916839477185193,1.9168389162348212,0.01912506455144702,0.4078997789331722
SSEG_01,222,100.8863935437366,0.01899998480060373,1.9168399439187218,1.9168393853630379,0.01904163839894714,0.4034185305954464
SSEG_01,223,98.7228194221948,0.019416389527200262,1.9168407171247857,1.9168401545259122,0.01945816485615482,0.42921661455363974
SSEG_01,224,99.14688846792703,0.01933334203841858,1.9168407067953719,1.916840146170971,0.019374920391404746,0.42472082770240177
SSEG_01,225,99.57704496984843,0.019249826480510237,1.916840837111547,1.916840275305078,0.019291614629732216,0.4202250437781038
SSEG_01,226,100.01010082364353,0.019166470000000047,1.9168405971333435,1.9168400361049946,0.019208189779588998,0.4157292698767214
SSEG_01,227,100.44618147703014,0.019083259999999935,1.9168405971333435,1.9168400369440841,0.019124885320276907,0.4112334885038758
SSEG_01,228,100.88776299711785,0.018999738027848104,1.9168410671608669,1.9168405052687356,0.01904151916777749,0.4067377019016873
SSEG_01,229,98.72120765718958,0.01941669516243433,1.916839595147028,1.9168390360688532,0.019458401682930393,0.42582480411319135
SSEG_01,230,99.14680381361839,0.019333347247843635,1.9168395866425119,1.9168390268065734,0.019375082874168205,0.42134354986539657
SSEG_01,231,99.57628068216833,0.019249962963066008,1.9168397151316057,1.9168391559875007,0.0192917566440499,0.41686229497057414
SSEG_01,232,100.00837570948003,0.01916678941060374,1.9168394765201422,1.9168389160108474,0.019208513215895277,0.41238103154956907
SSEG_01,233,100.44612921237207,0.019083258795184622,1.9168394787342502,1.9168389169372686,0.01912508462767106,0.40789975556843494
SSEG_01,234,100.88639359221312,0.01899998480060373,1.9168399448397748,1.916839385761029,0.01904164857125971,0.4034185248930053
SSEG_01,235,98.7228194221948,0.019416389527200262,1.9168407171247857,1.9168401552534993,0.019458201807840636,0.42921660392231964
SSEG_01,236,99.14750925129286,0.019333220998167686,1.91684070777312,1.916840146007902,0.01937489436244491,0.4247208418817864
SSEG_01,237,99.57704496984843,0.019249826480510237,1.916840837111547,1.9168402752248201,0.019291590383767467,0.42022507130270637
SSEG_01,238,100.01102701913719,0.019166292507088453,1.9168405977831098,1.9168400358222926,0.019208158410854433,0.4157292990486922
SSEG_01,239,100.44613598258768,0.019083268643261972,1.9168405971333435,1.916840037052708,0.01912484607683696,0.4112334914609763
SSEG_01,240,100.88776305673376,0.018999738027848104,1.9168410682935535,1.916840505881718,0.019041518170483968,0.4067376859537644
SSEG_01,241,98.72120765718958,0.01941669516243433,1.916839595147028,1.9168390357245253,0.01945840460275705,0.42582478508210614
SSEG_01,242,99.1467424122362,0.019333359220135727,1.9168395865620285,1.9168390268954685,0.019375079221122395,0.42134350522082475
SSEG_01,243,99.57628071399577,0.019249962963066008,1.9168397157442827,1.9168391566080472,0.019291721045231414,0.41686231580104666
SSEG_01,244,100.00840524418089,0.0191667837159287,1.9168394730901648,1.9168389147963232,0.01920847320033501,0.41238110192803773
SSEG_01,245,100.44596720580523,0.019083289574053374,1.9168394787342502,1.916838917261772,0.01912510901540193,0.4078998088684712
SSEG_01,246,100.8863640932964,0.01899999036557672,1.9168399457906966,1.9168393867109819,0.019041675773902585,0.4034185120902546
SSEG_01,247,98.72214725630255,0.019416521709474575,1.9168407154079443,1.9168401545788254,0.019458227310170093,0.42921664154971534
SSEG_01,248,99.14817408471777,0.019333091374045635,1.916840709149632,1.916840147257506,0.019374864741920253,0.4247208271135253
SSEG_01,249,99.57649621846275,0.019249932544975378,1.9168408352704038,1.9168402752040967,0.019291554233790517,0.42022503780784604
SSEG_01,250,100.01102701913719,0.019166292507088453,1.9168405977831098,1.916840034568922,0.01920817698496409,0.41572925267398275
SSEG_01,251,100.4467647699973,0.0190831491947347,1.91684059823428,1.916840037307821,0.019124808272698517,0.4112334549281479
SSEG_01,252,100.88751102656063,0.01899978549167406,1.9168410682935535,1.9168405061246414,0.01904153547774031,0.40673767878345946
SSEG_01,253,98.72046640601295,0.019416840952389727,1.9168395949512864,1.9168390361837337,0.019458435905708556,0.4258248951695958
SSEG_01,254,99.1467424361613,0.019333359220135727,1.9168395870245813,1.9168390271570885,0.019375116504060992,0.42134363099042854
SSEG_01,255,99.57573247982585,0.01925006894759862,1.9168397157442827,1.9168391568993313,0.019291748376814317,0.4168622727935828
SSEG_01,256,100.0084052774189,0.0191667837159287,1.9168394737272305,1.9168389147343219,0.019208451673794875,0.41238099529256184
SSEG_01,257,100.44558569589115,0.019083362040783133,1.9168394772331985,1.9168389174062486,0.019125079719804688,0.40789977002737177
SSEG_01,258,100.8863640932964,0.01899999036557672,1.9168399457906966,1.9168393857952586,0.019041687897300347,0.40341850480937835
SSEG_01,259,98.72263541505579,0.019416425697949567,1.9168407152421953,1.9168401544884528,0.019458128284321672,0.429216662615421
SSEG_01,260,99.14817408471777,0.019333091374045635,1.916840709149632,1.9168401472505692,0.01937482063477661,0.4247208781564061
SSEG_01,261,99.57649622093142,0.019249932544975378,1.9168408353179254,1.9168402751897777,0.019291562781709404,0.4202250566209802
SSEG_01,262,100.00988752718924,0.019166510869819166,1.9168405963792647,1.916840034686625,0.019208243629982566,0.4157292867074405
SSEG_01,263,100.4467647699973,0.0190831491947347,1.91684059823428,1.9168400373669279,0.019124875681861962,0.4112335174078454
SSEG_01,264,100.88711947137952,0.01899985921275476,1.9168410663365802,1.9168405053466597,0.019041557530207094,0.4067377192233586
SSEG_01,265,98.72046640601295,0.019416840952389727,1.9168395949512864,1.9168390365660253,0.01945847467123018,0.42582478419276176
SSEG_01,266,99.1464310079749,0.019333419948020108,1.9168395870245813,1.916839027607824,0.01937513045020492,0.4213435586066024
SSEG_01,267,99.57573244255454,0.01925006894759862,1.9168397150268075,1.9168391560819855,0.019291744447809366,0.4168622941295699
SSEG_01,268,100.00827522803986,0.019166808640149368,1.9168394737272305,1.9168389153916683,0.019208438793873996,0.41238103318807134
SSEG_01,269,100.44557284462627,0.019083364482357545,1.9168394772331985,1.9168389176610736,0.019125086561253456,0.40789981467297975
SSEG_01,270,100.88612857301743,0.019000034700483996,1.9168399436848211,1.9168393848842655,0.01904169959142077,0.40341855019594747
SSEG_01,271,98.72263541505579,0.019416425697949567,1.9168407152421953,1.9168401550967409,0.01945805585167478,0.4292165880388165
SSEG_01,272,99.14739245497172,0.01933324375763667,1.9168407062660349,1.916840146645308,0.019374834727793118,0.42472082433723596
SSEG_01,273,99.57623289800848,0.019249983450179926,1.9168408353179254,1.9168402751723663,0.019291613603908297,0.42022506770672313
SSEG_01,274,100.00969558456909,0.019166547654955787,1.9168405963792647,1.9168400350532475,0.019208265552567855,0.41572926511426955
SSEG_01,275,100.44599722589413,0.019083295007938192,1.916840597428279,1.9168400373307386,0.01912492133144699,0.41123345898628205
SSEG_01,276,100.88711947137952,0.01899985921275476,1.9168410663365802,1.9168405050107007,0.019041577110346476,0.4067376528582946
SSEG_01,277,98.72046640601295,0.019416840952389727,1.9168395949512864,1.9168390361837337,0.019458435905708553,0.4258248951695958
SSEG_01,278,99.1467424361613,0.019333359220135727,1.9168395870245813,1.9168390271570885,0.019375116504060992,0.42134363099042854
SSEG_01,279,99.57573247982585,0.01925006894759862,1.9168397157442827,1.9168391568993313,0.019291748376814317,0.4168622727935828
SSEG_01,280,100.0084052774189,0.0191667837159287,1.9168394737272305,1.9168389147343219,0.019208451673794875,0.41238099529256184
SSEG_01,281,100.44558569589115,0.019083362040783133,1.9168394772331985,1.9168389174062486,0.019125079719804688,0.40789977002737177
SSEG_01,282,100.8863640932964,0.01899999036557672,1.9168399457906966,1.9168393857952588,0.019041687897300347,0.40341850480937835
SSEG_01,283,98.72263541505579,0.019416425697949567,1.9168407152421953,1.9168401544884528,0.019458128284321672,0.429216662615421
SSEG_01,284,99.14817408471777,0.019333091374045635,1.916840709149632,1.9168401472505692,0.019374820634776614,0.4247208781564061
SSEG_01,285,99.57649622093142,0.019249932544975378,1.9168408353179254,1.9168402751897775,0.019291562781709404,0.4202250566209802
SSEG_01,286,100.00988752718924,0.019166510869819166,1.9168405963792647,1.9168400346866248,0.019208243629982562,0.4157292867074405
SSEG_01,287,100.4467647699973,0.0190831491947347,1.91684059823428,1.9168400373669279,0.019124875681861962,0.4112335174078454
SSEG_01,288,100.88711947137952,0.01899985921275476,1.9168410663365802,1.9168405053466597,0.019041557530207094,0.4067377192233586
SSEG_01,289,98.72120765718958,0.01941669516243433,1.916839595147028,1.9168390357245253,0.019458404602757055,0.42582478508210614
SSEG_01,290,99.1467424122362,0.019333359220135727,1.9168395865620285,1.9168390268954683,0.019375079221122395,0.42134350522082475
SSEG_01,291,99.57628071399577,0.019249962963066008,1.9168397157442827,1.9168391566080472,0.019291721045231414,0.41686231580104666
SSEG_01,292,100.00840524418089,0.0191667837159287,1.9168394730901648,1.9168389147963234,0.01920847320033501,0.41238110192803773
SSEG_01,293,100.44596720580523,0.019083289574053374,1.9168394787342502,1.916838917261772,0.01912510901540193,0.4078998088684712
SSEG_01,294,100.8863640932964,0.01899999036557672,1.9168399457906966,1.9168393867109819,0.019041675773902585,0.4034185120902546
SSEG_01,295,98.72214725630255,0.019416521709474575,1.9168407154079443,1.9168401545788254,0.019458227310170093,0.42921664154971534
SSEG_01,296,99.14817408471777,0.019333091374045635,1.916840709149632,1.916840147257506,0.019374864741920253,0.4247208271135253
SSEG_01,297,99.57649621846275,0.019249932544975378,1.9168408352704038,1.9168402752040967,0.019291554233790517,0.42022503780784604
SSEG_01,298,100.01102701913719,0.019166292507088453,1.9168405977831098,1.9168400345689223,0.01920817698496409,0.41572925267398275
SSEG_01,299,100.4467647699973,0.0190831491947347,1.91684059823428,1.9168400373078212,0.019124808272698517,0.4112334549281479
SSEG_01,300,100.88751102656063,0.01899978549167406,1.9168410682935535,1.9168405061246414,0.01904153547774031,0.40673767878345946
SSEG_01,301,98.72120765718958,0.01941669516243433,1.916839595147028,1.9168390360688532,0.019458401682930393,0.42582480411319135
SSEG_01,302,99.14680381361839,0.019333347247843635,1.9168395866425119,1.9168390268065734,0.019375082874168205,0.42134354986539657
SSEG_01,303,99.57628068216833,0.019249962963066008,1.9168397151316057,1.9168391559875007,0.0192917566440499,0.41686229497057414
SSEG_01,304,100.00837570948003,0.01916678941060374,1.9168394765201422,1.9168389160108477,0.019208513215895277,0.41238103154956907
SSEG_01,305,100.44612921237207,0.019083258795184622,1.9168394787342502,1.9168389169372688,0.01912508462767106,0.40789975556843494
SSEG_01,306,100.88639359221312,0.01899998480060373,1.9168399448397748,1.916839385761029,0.019041648571259708,0.4034185248930053
SSEG_01,307,98.7228194221948,0.019416389527200262,1.9168407171247857,1.9168401552534993,0.019458201807840636,0.42921660392231964
SSEG_01,308,99.14750925129286,0.019333220998167686,1.91684070777312,1.916840146007902,0.01937489436244491,0.4247208418817864
SSEG_01,309,99.57704496984843,0.019249826480510237,1.916840837111547,1.9168402752248201,0.019291590383767467,0.42022507130270637
SSEG_01,310,100.01102701913719,0.019166292507088453,1.9168405977831098,1.9168400358222926,0.019208158410854433,0.4157292990486922
SSEG_01,311,100.44613598258768,0.019083268643261972,1.9168405971333435,1.916840037052708,0.01912484607683696,0.4112334914609763
SSEG_01,312,100.88776305673376,0.018999738027848104,1.9168410682935535,1.916840505881718,0.01904151817048397,0.4067376859537644
SSEG_01,313,98.72067457483573,0.01941679999999968,1.9168395940846386,1.9168390362542373,0.019458400650266765,0.4258248229667112
SSEG_01,314,99.14680384117469,0.019333347247843635,1.9168395871752675,1.9168390270798268,0.01937509493200428,0.42134355152978065
SSEG_01,315,99.57531312428624,0.019250149999999966,1.9168397139394753,1.916839156208,0.01929178925172813,0.4168622954715514
SSEG_01,316,100.00837570948003,0.01916678941060374,1.9168394765201422,1.9168389162674884,0.019208547292418086,0.41238103720236363
SSEG_01,317,100.44612913119845,0.019083258795184622,1.916839477185193,1.9168389162348212,0.019125064551447024,0.4078997789331722
SSEG_01,318,100.8863935437366,0.01899998480060373,1.9168399439187218,1.9168393853630379,0.01904163839894714,0.4034185305954464
SSEG_01,319,98.7228194221948,0.019416389527200262,1.9168407171247857,1.9168401545259122,0.01945816485615482,0.42921661455363974
SSEG_01,320,99.14688846792703,0.01933334203841858,1.9168407067953719,1.9168401461709712,0.019374920391404746,0.42472082770240177
SSEG_01,321,99.57704496984843,0.019249826480510237,1.916840837111547,1.916840275305078,0.019291614629732216,0.4202250437781038
SSEG_01,322,100.01010082364353,0.019166470000000047,1.9168405971333435,1.9168400361049946,0.019208189779588998,0.4157292698767214
SSEG_01,323,100.44618147703014,0.019083259999999935,1.9168405971333435,1.9168400369440841,0.019124885320276907,0.4112334885038758
SSEG_01,324,100.88776299711785,0.018999738027848104,1.9168410671608669,1.9168405052687354,0.01904151916777749,0.4067377019016873
SSEG_01,325,98.72067457483573,0.01941679999999968,1.9168395940846386,1.9168390362542373,0.019458400650266765,0.4258248229667112
SSEG_01,326,99.14680384117469,0.019333347247843635,1.9168395871752675,1.9168390270798268,0.01937509493200428,0.42134355152978065
SSEG_01,327,99.57531312428624,0.019250149999999966,1.9168397139394753,1.916839156208,0.01929178925172813,0.4168622954715514
SSEG_01,328,100.00837570948003,0.01916678941060374,1.9168394765201422,1.9168389162674884,0.019208547292418086,0.41238103720236363
SSEG_01,329,100.44612913119845,0.019083258795184622,1.916839477185193,1.9168389162348212,0.01912506455144702,0.4078997789331722
SSEG_01,330,100.8863935437366,0.01899998480060373,1.9168399439187218,1.9168393853630379,0.01904163839894714,0.4034185305954464
SSEG_01,331,98.7228194221948,0.019416389527200262,1.9168407171247857,1.9168401545259122,0.01945816485615482,0.42921661455363974
SSEG_01,332,99.14688846792703,0.01933334203841858,1.9168407067953719,1.916840146170971,0.019374920391404746,0.42472082770240177
SSEG_01,333,99.57704496984843,0.019249826480510237,1.916840837111547,1.916840275305078,0.019291614629732216,0.4202250437781038
SSEG_01,334,100.01010082364353,0.019166470000000047,1.9168405971333435,1.9168400361049946,0.019208189779588998,0.4157292698767214
SSEG_01,335,100.44618147703014,0.019083259999999935,1.9168405971333435,1.9168400369440841,0.019124885320276907,0.4112334885038758
SSEG_01,336,100.88776299711785,0.018999738027848104,1.9168410671608669,1.9168405052687356,0.01904151916777749,0.4067377019016873
SSEG_01,337,98.72120765718958,0.01941669516243433,1.916839595147028,1.9168390360688532,0.019458401682930393,0.42582480411319135
SSEG_01,338,99.14680381361839,0.019333347247843635,1.9168395866425119,1.9168390268065734,0.019375082874168205,0.42134354986539657
SSEG_01,339,99.57628068216833,0.019249962963066008,1.9168397151316057,1.9168391559875007,0.0192917566440499,0.41686229497057414
SSEG_01,340,100.00837570948003,0.01916678941060374,1.9168394765201422,1.9168389160108474,0.019208513215895277,0.41238103154956907
SSEG_01,341,100.44612921237207,0.019083258795184622,1.9168394787342502,1.9168389169372686,0.01912508462767106,0.40789975556843494
SSEG_01,342,100.88639359221312,0.01899998480060373,1.9168399448397748,1.916839385761029,0.01904164857125971,0.4034185248930053
SSEG_01,343,98.7228194221948,0.019416389527200262,1.9168407171247857,1.9168401552534993,0.019458201807840636,0.42921660392231964
SSEG_01,344,99.14750925129286,0.019333220998167686,1.91684070777312,1.916840146007902,0.01937489436244491,0.4247208418817864
SSEG_01,345,99.57704496984843,0.019249826480510237,1.916840837111547,1.9168402752248201,0.019291590383767467,0.42022507130270637
SSEG_01,346,100.01102701913719,0.019166292507088453,1.9168405977831098,1.9168400358222926,0.019208158410854433,0.4157292990486922
SSEG_01,347,100.44613598258768,0.019083268643261972,1.9168405971333435,1.916840037052708,0.01912484607683696,0.4112334914609763
SSEG_01,348,100.88776305673376,0.018999738027848104,1.9168410682935535,1.916840505881718,0.019041518170483968,0.4067376859537644
SSEG_01,349,98.72120765718958,0.01941669516243433,1.916839595147028,1.9168390357245253,0.01945840460275705,0.42582478508210614
SSEG_01,350,99.1467424122362,0.019333359220135727,1.9168395865620285,1.9168390268954685,0.019375079221122395,0.42134350522082475
SSEG_01,351,99.57628071399577,0.019249962963066008,1.9168397157442827,1.9168391566080472,0.019291721045231414,0.41686231580104666
SSEG_01,352,100.00840524418089,0.0191667837159287,1.9168394730901648,1.9168389147963232,0.01920847320033501,0.41238110192803773
SSEG_01,353,100.44596720580523,0.019083289574053374,1.9168394787342502,1.916838917261772,0.01912510901540193,0.4078998088684712
SSEG_01,354,100.8863640932964,0.01899999036557672,1.9168399457906966,1.9168393867109819,0.019041675773902585,0.4034185120902546
SSEG_01,355,98.72214725630255,0.019416521709474575,1.9168407154079443,1.9168401545788254,0.019458227310170093,0.42921664154971534
SSEG_01,356,99.14817408471777,0.019333091374045635,1.916840709149632,1.916840147257506,0.019374864741920253,0.4247208271135253
SSEG_01,357,99.57649621846275,0.019249932544975378,1.9168408352704038,1.9168402752040967,0.019291554233790517,0.42022503780784604
SSEG_01,358,100.01102701913719,0.019166292507088453,1.9168405977831098,1.916840034568922,0.01920817698496409,0.41572925267398275
SSEG_01,359,100.4467647699973,0.0190831491947347,1.91684059823428,1.916840037307821,0.019124808272698517,0.4112334549281479
SSEG_01,360,100.88751102656063,0.01899978549167406,1.9168410682935535,1.9168405061246414,0.01904153547774031,0.40673767878345946
SSEG_01,361,98.72046640601295,0.019416840952389727,1.9168395949512864,1.9168390361837337,0.019458435905708556,0.4258248951695958
SSEG_01,362,99.1467424361613,0.019333359220135727,1.9168395870245813,1.9168390271570885,0.019375116504060992,0.42134363099042854
SSEG_01,363,99.57573247982585,0.01925006894759862,1.9168397157442827,1.9168391568993313,0.019291748376814317,0.4168622727935828
SSEG_01,364,100.0084052774189,0.0191667837159287,1.9168394737272305,1.9168389147343219,0.019208451673794875,0.41238099529256184
SSEG_01,365,100.44558569589115,0.019083362040783133,1.9168394772331985,1.9168389174062486,0.019125079719804688,0.40789977002737177
SSEG_01,366,100.8863640932964,0.01899999036557672,1.9168399457906966,1.9168393857952586,0.019041687897300347,0.40341850480937835
SSEG_01,367,98.72263541505579,0.019416425697949567,1.9168407152421953,1.9168401544884528,0.019458128284321672,0.429216662615421
SSEG_01,368,99.14817408471777,0.019333091374045635,1.916840709149632,1.9168401472505692,0.01937482063477661,0.4247208781564061
SSEG_01,369,99.57649622093142,0.019249932544975378,1.9168408353179254,1.9168402751897777,0.019291562781709404,0.4202250566209802
SSEG_01,370,100.00988752718924,0.019166510869819166,1.9168405963792647,1.916840034686625,0.019208243629982566,0.4157292867074405
SSEG_01,371,100.4467647699973,0.0190831491947347,1.91684059823428,1.9168400373669279,0.019124875681861962,0.4112335174078454
SSEG_01,372,100.88711947137952,0.01899985921275476,1.9168410663365802,1.9168405053466597,0.019041557530207094,0.4067377192233586
SSEG_01,373,98.72046640601295,0.019416840952389727,1.9168395949512864,1.9168390365660253,0.01945847467123018,0.42582478419276176
SSEG_01,374,99.1464310079749,0.019333419948020108,1.9168395870245813,1.916839027607824,0.01937513045020492,0.4213435586066024
SSEG_01,375,99.57573244255454,0.01925006894759862,1.9168397150268075,1.9168391560819855,0.019291744447809366,0.4168622941295699
SSEG_01,376,100.00827522803986,0.019166808640149368,1.9168394737272305,1.9168389153916683,0.019208438793873996,0.41238103318807134
SSEG_01,377,100.44557284462627,0.019083364482357545,1.9168394772331985,1.9168389176610736,0.019125086561253456,0.40789981467297975
SSEG_01,378,100.88612857301743,0.019000034700483996,1.9168399436848211,1.9168393848842655,0.01904169959142077,0.40341855019594747
SSEG_01,379,98.72263541505579,0.019416425697949567,1.9168407152421953,1.9168401550967409,0.01945805585167478,0.4292165880388165
SSEG_01,380,99.14739245497172,0.01933324375763667,1.9168407062660349,1.916840146645308,0.019374834727793118,0.42472082433723596
SSEG_01,381,99.57623289800848,0.019249983450179926,1.9168408353179254,1.9168402751723663,0.019291613603908297,0.42022506770672313
SSEG_01,382,100.00969558456909,0.019166547654955787,1.9168405963792647,1.9168400350532475,0.019208265552567855,0.41572926511426955
SSEG_01,383,100.44599722589413,0.019083295007938192,1.916840597428279,1.9168400373307386,0.01912492133144699,0.41123345898628205
SSEG_01,384,100.88711947137952,0.01899985921275476,1.9168410663365802,1.9168405050107007,0.019041577110346476,0.4067376528582946
SSEG_01,385,98.72046640601295,0.019416840952389727,1.9168395949512864,1.9168390361837337,0.019458435905708553,0.4258248951695958
SSEG_01,386,99.1467424361613,0.019333359220135727,1.9168395870245813,1.9168390271570885,0.019375116504060992,0.42134363099042854
SSEG_01,387,99.57573247982585,0.01925006894759862,1.9168397157442827,1.9168391568993313,0.019291748376814317,0.4168622727935828
SSEG_01,388,100.0084052774189,0.0191667837159287,1.9168394737272305,1.9168389147343219,0.019208451673794875,0.41238099529256184
SSEG_01,389,100.44558569589115,0.019083362040783133,1.9168394772331985,1.9168389174062486,0.019125079719804688,0.40789977002737177
SSEG_01,390,100.8863640932964,0.01899999036557672,1.9168399457906966,1.9168393857952588,0.019041687897300347,0.40341850480937835
SSEG_01,391,98.72263541505579,0.019416425697949567,1.9168407152421953,1.9168401544884528,0.019458128284321672,0.429216662615421
SSEG_01,392,99.14817408471777,0.019333091374045635,1.916840709149632,1.9168401472505692,0.019374820634776614,0.4247208781564061
SSEG_01,393,99.57649622093142,0.019249932544975378,1.9168408353179254,1.9168402751897775,0.019291562781709404,0.4202250566209802
SSEG_01,394,100.00988752718924,0.019166510869819166,1.9168405963792647,1.9168400346866248,0.019208243629982562,0.4157292867074405
SSEG_01,395,100.4467647699973,0.0190831491947347,1.91684059823428,1.9168400373669279,0.019124875681861962,0.4112335174078454
SSEG_01,396,100.88711947137952,0.01899985921275476,1.9168410663365802,1.9168405053466597,0.019041557530207094,0.4067377192233586
SSEG_01,397,98.72120765718958,0.01941669516243433,1.916839595147028,1.9168390357245253,0.019458404602757055,0.42582478508210614
SSEG_01,398,99.1467424122362,0.019333359220135727,1.9168395865620285,1.9168390268954683,0.019375079221122395,0.42134350522082475
SSEG_01,399,99.57628071399577,0.019249962963066008,1.9168397157442827,1.9168391566080472,0.019291721045231414,0.41686231580104666
SSEG_01,400,100.00840524418089,0.0191667837159287,1.9168394730901648,1.9168389147963234,0.01920847320033501,0.41238110192803773
SSEG_01,401,100.44596720580523,0.019083289574053374,1.9168394787342502,1.916838917261772,0.01912510901540193,0.4078998088684712
SSEG_01,402,100.8863640932964,0.01899999036557672,1.9168399457906966,1.9168393867109819,0.019041675773902585,0.4034185120902546
SSEG_01,403,98.72214725630255,0.019416521709474575,1.9168407154079443,1.9168401545788254,0.019458227310170093,0.42921664154971534
SSEG_01,404,99.14817408471777,0.019333091374045635,1.916840709149632,1.916840147257506,0.019374864741920253,0.4247208271135253
SSEG_01,405,99.57649621846275,0.019249932544975378,1.9168408352704038,1.9168402752040967,0.019291554233790517,0.42022503780784604
SSEG_01,406,100.01102701913719,0.019166292507088453,1.9168405977831098,1.9168400345689223,0.01920817698496409,0.41572925267398275
SSEG_01,407,100.4467647699973,0.0190831491947347,1.91684059823428,1.9168400373078212,0.019124808272698517,0.4112334549281479
SSEG_01,408,100.88751102656063,0.01899978549167406,1.9168410682935535,1.9168405061246414,0.01904153547774031,0.40673767878345946
SSEG_01,409,98.72120765718958,0.01941669516243433,1.916839595147028,1.9168390360688532,0.019458401682930393,0.42582480411319135
SSEG_01,410,99.14680381361839,0.019333347247843635,1.9168395866425119,1.9168390268065734,0.019375082874168205,0.42134354986539657
SSEG_01,411,99.57628068216833,0.019249962963066008,1.9168397151316057,1.9168391559875007,0.0192917566440499,0.41686229497057414
SSEG_01,412,100.00837570948003,0.01916678941060374,1.9168394765201422,1.9168389160108477,0.019208513215895277,0.41238103154956907
SSEG_01,413,100.44612921237207,0.019083258795184622,1.9168394787342502,1.9168389169372688,0.01912508462767106,0.40789975556843494
SSEG_01,414,100.88639359221312,0.01899998480060373,1.9168399448397748,1.916839385761029,0.019041648571259708,0.4034185248930053
SSEG_01,415,98.7228194221948,0.019416389527200262,1.9168407171247857,1.9168401552534993,0.019458201807840636,0.42921660392231964
SSEG_01,416,99.14750925129286,0.019333220998167686,1.91684070777312,1.916840146007902,0.01937489436244491,0.4247208418817864
SSEG_01,417,99.57704496984843,0.019249826480510237,1.916840837111547,1.9168402752248201,0.019291590383767467,0.42022507130270637
SSEG_01,418,100.01102701913719,0.019166292507088453,1.9168405977831098,1.9168400358222926,0.019208158410854433,0.4157292990486922
SSEG_01,419,100.44613598258768,0.019083268643261972,1.9168405971333435,1.916840037052708,0.01912484607683696,0.4112334914609763
SSEG_01,420,100.88776305673376,0.018999738027848104,1.9168410682935535,1.916840505881718,0.01904151817048397,0.4067376859537644
SSEG_01,421,98.72067457483573,0.01941679999999968,1.9168395940846386,1.9168390362542373,0.019458400650266765,0.4258248229667112
SSEG_01,422,99.14680384117469,0.019333347247843635,1.9168395871752675,1.9168390270798268,0.01937509493200428,0.42134355152978065
SSEG_01,423,99.57531312428624,0.019250149999999966,1.9168397139394753,1.916839156208,0.01929178925172813,0.4168622954715514
SSEG_01,424,100.00837570948003,0.01916678941060374,1.9168394765201422,1.9168389162674884,0.019208547292418086,0.41238103720236363
SSEG_01,425,100.44612913119845,0.019083258795184622,1.916839477185193,1.9168389162348212,0.019125064551447024,0.4078997789331722
SSEG_01,426,100.8863935437366,0.01899998480060373,1.9168399439187218,1.9168393853630379,0.01904163839894714,0.4034185305954464
SSEG_01,427,98.7228194221948,0.019416389527200262,1.9168407171247857,1.9168401545259122,0.01945816485615482,0.42921661455363974
SSEG_01,428,99.14688846792703,0.01933334203841858,1.9168407067953719,1.9168401461709712,0.019374920391404746,0.42472082770240177
SSEG_01,429,99.57704496984843,0.019249826480510237,1.916840837111547,1.916840275305078,0.019291614629732216,0.4202250437781038
SSEG_01,430,100.01010082364353,0.019166470000000047,1.9168405971333435,1.9168400361049946,0.019208189779588998,0.4157292698767214
SSEG_01,431,100.44618147703014,0.019083259999999935,1.9168405971333435,1.9168400369440841,0.019124885320276907,0.4112334885038758
SSEG_01,432,100.88776299711785,0.018999738027848104,1.9168410671608669,1.9168405052687354,0.01904151916777749,0.4067377019016873
SSEG_02,1,101.32329190031358,0.018916459394660946,1.9166779369656601,1.916677794279812,0.01895827604881618,0.40060775028426165
SSEG_02,2,101.77014908285881,0.018833399999999667,1.9166779257370792,1.9166777836632476,0.018874970281710535,0.39946746016493856
SSEG_02,3,102.22207778716559,0.018750137911246335,1.9166780560835055,1.9166779138399184,0.018791784910856937,0.3983271922109489
SSEG_02,4,102.68003056554696,0.01866651000000008,1.9166778173520962,1.9166776744910776,0.018708361301769526,0.3971868948380595
SSEG_02,5,103.1408427971997,0.018583111831402988,1.9166778160855173,1.9166776736622868,0.018624879781808698,0.396046584764363
SSEG_02,6,103.60392870353205,0.018500054097227166,1.9166782857006093,1.9166781436526192,0.01854163648215751,0.39490630432745566
SSEG_02,7,101.32255395498325,0.018916600000000283,1.9166782241448648,1.9166780804064256,0.018958212203037145,0.403912405927149
SSEG_02,8,101.77146130255895,0.018833160000000237,1.9166782141449252,1.9166780697991546,0.01887490894136646,0.4027575876615572
SSEG_02,9,102.22442609214535,0.01874970999999981,1.916678344144139,1.916678199975077,0.018791482727564146,0.4016027766806973
SSEG_02,10,102.6787807697321,0.018666740000000015,1.9166781041455905,1.9166779606136755,0.018708298615666606,0.4004479584462704
SSEG_02,11,103.13981392678339,0.01858329999999997,1.9166781041455905,1.9166779599852464,0.018625117047180218,0.3992931397449081
SSEG_02,12,103.60532313047642,0.018499807895295074,1.9166785748437851,1.9166784300023016,0.018541631887610193,0.39813833421127776
SSEG_02,13,101.32329190031358,0.018916459394660946,1.9166779369656601,1.916677794186565,0.018958332227981635,0.40060776710314644
SSEG_02,14,101.77031327722149,0.018833369616378534,1.916677925924548,1.9166777835495363,0.018875016086171495,0.3994674326177126
SSEG_02,15,102.22207778716559,0.018750137911246335,1.9166780560835055,1.916677913883714,0.01879176501882504,0.398327149642151
SSEG_02,16,102.68052232916162,0.018666420603802834,1.9166778176142993,1.9166776745872536,0.0187083266565936,0.39718688219575027
SSEG_02,17,103.1408427971997,0.018583111831402988,1.9166778160855173,1.9166776735546054,0.018624889350601876,0.3960465939045533
SSEG_02,18,103.60392871003097,0.018500054097227166,1.9166782858208395,1.9166781437053348,0.018541698247899665,0.3949063185666567
SSEG_02,19,101.32267600578267,0.018916577211983362,1.916678223988162,1.916678080136637,0.01895820037895144,0.4039123750654566
SSEG_02,20,101.77160924995205,0.018833132623886778,1.9166782143507293,1.916678069897473,0.018874896400333865,0.40275755411504144
SSEG_02,21,102.22464645094672,0.018749669584144608,1.9166783443112518,1.9166782000469127,0.01879146577957198,0.4016028003677271
SSEG_02,22,102.67812875558678,0.01866685853357515,1.9166781039727532,1.9166779605781334,0.018708326556115394,0.400447981510185
SSEG_02,23,103.14024839808536,0.018583221721115848,1.916678104352584,1.9166779598902104,0.018625135521871772,0.39929311838721626
SSEG_02,24,103.60571367410009,0.018499738159932454,1.9166785748437851,1.9166784300919812,0.01854158435787228,0.3981383182042066
SSEG_02,25,101.32272605771882,0.01891656503015798,1.9166779365037205,1.9166777940419018,0.01895836002809914,0.40060773265420857
SSEG_02,26,101.77031327722149,0.018833369616378534,1.916677925924548,1.9166777835939612,0.01887504327732905,0.3994674954098769
SSEG_02,27,102.22206193984492,0.01875014081549355,1.9166780558221959,1.9166779137337402,0.01879179316630345,0.398327207128907
SSEG_02,28,102.68052232916162,0.018666420603802834,1.9166778176142993,1.9166776746564462,0.018708341660518293,0.397186867284264
SSEG_02,29,103.13979787009359,0.018583300098599254,1.9166778159288174,1.916677673678287,0.018624924056130525,0.3960465870025168
SSEG_02,30,103.60394601728886,0.018500051006754073,1.9166782858208395,1.9166781436573042,0.01854174454208046,0.39490631125962705
SSEG_02,31,101.32267602092682,0.018916577211983362,1.9166782242746374,1.916678080092771,0.018958240505634622,0.4039123910456598
SSEG_02,32,101.77160924995205,0.018833132623886778,1.9166782143507293,1.9166780700378303,0.01887488020107919,0.40275760789756043
SSEG_02,33,102.22464645094672,0.018749669584144608,1.9166783443112518,1.9166781999497178,0.01879140549517147,0.401602786873817
SSEG_02,34,102.67883338739865,0.0186667304340236,1.916678104122593,1.9166779607182038,0.018708243403376696,0.4004479510389214
SSEG_02,35,103.14024839808536,0.018583221721115848,1.916678104352584,1.916677959844002,0.018625062088633626,0.399293140561124
SSEG_02,36,103.60571364909714,0.018499738159932454,1.9166785743812371,1.9166784300066313,0.01854155933155825,0.3981383327356653
SSEG_02,37,101.32272605771882,0.01891656503015798,1.9166779365037205,1.9166777940473967,0.018958314927078695,0.4006077200500417
SSEG_02,38,101.77006878459319,0.018833414861314936,1.9166779258848006,1.9166777837509554,0.018875018399776778,0.3994674339954795
SSEG_02,39,102.22148100715525,0.018750247372026786,1.9166780556190985,1.9166779136780125,0.018791833727923354,0.3983271665821487
SSEG_02,40,102.67976735291299,0.01866655785075001,1.9166778173947026,1.9166776746291907,0.018708424383360893,0.39718685882090915
SSEG_02,41,103.13980310464503,0.01858329915545958,1.9166778159288174,1.9166776737659152,0.018624950208165517,0.39604657624816847
SSEG_02,42,103.60401411207536,0.018500038848005242,1.9166782858826776,1.9166781436439175,0.01854167227720454,0.3949063074009005
SSEG_02,43,101.32255982534775,0.01891659890530267,1.9166782242746374,1.916678080253114,0.018958264359234624,0.40391239883571106
SSEG_02,44,101.77157827757334,0.018833138354966292,1.9166782143048207,1.9166780699308608,0.01887491605170289,0.40275756874675334
SSEG_02,45,102.22458193187954,0.018749681417688215,1.9166783442791082,1.9166781998909077,0.01879145387726671,0.4016027108117199
SSEG_02,46,102.67884391022122,0.01866672852278349,1.9166781043053602,1.9166779607963096,0.018708220444461347,0.400447891996719
SSEG_02,47,103.13935092601626,0.018583383420405428,1.916678103989908,1.9166779599431711,0.018625061599739305,0.3992931401520764
SSEG_02,48,103.60505539592775,0.018499855699829038,1.9166785745974573,1.9166784300761455,0.01854162914135479,0.3981383405922575
SSEG_02,49,101.32216587411129,0.018916669612096076,1.9166779362225592,1.9166777939587853,0.018958352156290034,0.4006077759919936
SSEG_02,50,101.77001888567281,0.018833424095538127,1.9166779258848006,1.9166777838259155,0.0188750468538171,0.399467495596652
SSEG_02,51,102.22147440626051,0.01875024858281356,1.9166780556190985,1.916677913680599,0.018791836339175843,0.39832721166577667
SSEG_02,52,102.67929496627367,0.018666643727853222,1.9166778173625834,1.9166776746850158,0.01870844615533339,0.39718692419936735
SSEG_02,53,103.13980310362929,0.01858329915545958,1.9166778159099416,1.9166776736829287,0.018624971441656403,0.39604655895121227
SSEG_02,54,103.60401411207536,0.018500038848005242,1.9166782858826776,1.9166781437987381,0.01854166900173241,0.3949062820914049
SSEG_02,55,101.32255981143945,0.01891659890530267,1.9166782240115396,1.9166780801170495,0.018958229059028713,0.4039123829653264
SSEG_02,56,101.77095153426673,0.01883325433306226,1.916678213962598,1.9166780699236994,0.018874926619182462,0.40275760334543664
SSEG_02,57,102.224254886878,0.01874974140335008,1.9166783442791082,1.9166781999491034,0.01879149786820617,0.4016028626164198
SSEG_02,58,102.67884391022122,0.01866672852278349,1.9166781043053602,1.916677960833972,0.018708234963066783,0.4004480405701233
SSEG_02,59,103.13935092601626,0.018583383420405428,1.916678103989908,1.9166779599499248,0.01862505597159446,0.3992931336710131
SSEG_02,60,103.60505539592775,0.018499855699829038,1.9166785745974573,1.9166784302400672,0.018541619560117233,0.39813830808918266
SSEG_02,61,101.32272605771882,0.01891656503015798,1.9166779365037205,1.916677794047397,0.018958314927078692,0.4006077200500417
SSEG_02,62,101.77006878459319,0.018833414861314936,1.9166779258848006,1.9166777837509552,0.018875018399776778,0.3994674339954795
SSEG_02,63,102.22148100715525,0.018750247372026786,1.9166780556190985,1.9166779136780123,0.018791833727923354,0.3983271665821487
SSEG_02,64,102.67976735291299,0.01866655785075001,1.9166778173947026,1.9166776746291911,0.018708424383360893,0.39718685882090915
SSEG_02,65,103.13980310464503,0.01858329915545958,1.9166778159288174,1.9166776737659155,0.018624950208165517,0.39604657624816847
SSEG_02,66,103.60401411207536,0.018500038848005242,1.9166782858826776,1.9166781436439175,0.018541672277204536,0.3949063074009005
SSEG_02,67,101.32255982534775,0.01891659890530267,1.9166782242746374,1.9166780802531143,0.018958264359234624,0.40391239883571106
SSEG_02,68,101.77157827757334,0.018833138354966292,1.9166782143048207,1.9166780699308608,0.01887491605170289,0.40275756874675334
SSEG_02,69,102.22458193187954,0.018749681417688215,1.9166783442791082,1.9166781998909075,0.01879145387726671,0.4016027108117199
SSEG_02,70,102.67884391022122,0.01866672852278349,1.9166781043053602,1.9166779607963098,0.018708220444461347,0.400447891996719
SSEG_02,71,103.13935092601626,0.018583383420405428,1.916678103989908,1.9166779599431711,0.018625061599739305,0.3992931401520764
SSEG_02,72,103.60505539592775,0.018499855699829038,1.9166785745974573,1.9166784300761455,0.01854162914135479,0.3981383405922575
SSEG_02,73,101.32272605771882,0.01891656503015798,1.9166779365037205,1.9166777940419018,0.01895836002809914,0.40060773265420857
SSEG_02,74,101.77031327722149,0.018833369616378534,1.916677925924548,1.9166777835939612,0.01887504327732905,0.3994674954098769
SSEG_02,75,102.22206193984492,0.01875014081549355,1.9166780558221959,1.9166779137337402,0.01879179316630345,0.398327207128907
SSEG_02,76,102.68052232916162,0.018666420603802834,1.9166778176142993,1.9166776746564462,0.018708341660518293,0.397186867284264
SSEG_02,77,103.13979787009359,0.018583300098599254,1.9166778159288174,1.916677673678287,0.01862492405613052,0.3960465870025168
SSEG_02,78,103.60394601728886,0.018500051006754073,1.9166782858208395,1.9166781436573044,0.01854174454208046,0.39490631125962705
SSEG_02,79,101.32267602092682,0.018916577211983362,1.9166782242746374,1.916678080092771,0.018958240505634626,0.4039123910456598
SSEG_02,80,101.77160924995205,0.018833132623886778,1.9166782143507293,1.9166780700378305,0.01887488020107919,0.40275760789756043
SSEG_02,81,102.22464645094672,0.018749669584144608,1.9166783443112518,1.9166781999497178,0.018791405495171474,0.401602786873817
SSEG_02,82,102.67883338739865,0.0186667304340236,1.916678104122593,1.9166779607182036,0.018708243403376696,0.4004479510389214
SSEG_02,83,103.14024839808536,0.018583221721115848,1.916678104352584,1.9166779598440025,0.018625062088633626,0.399293140561124
SSEG_02,84,103.60571364909714,0.018499738159932454,1.9166785743812371,1.916678430006631,0.01854155933155825,0.3981383327356653
SSEG_02,85,101.32329190031358,0.018916459394660946,1.9166779369656601,1.916677794186565,0.018958332227981635,0.40060776710314644
SSEG_02,86,101.77031327722149,0.018833369616378534,1.916677925924548,1.916677783549536,0.018875016086171495,0.3994674326177126
SSEG_02,87,102.22207778716559,0.018750137911246335,1.9166780560835055,1.916677913883714,0.01879176501882504,0.398327149642151
SSEG_02,88,102.68052232916162,0.018666420603802834,1.9166778176142993,1.9166776745872536,0.018708326656593603,0.39718688219575027
SSEG_02,89,103.1408427971997,0.018583111831402988,1.9166778160855173,1.9166776735546054,0.018624889350601876,0.3960465939045533
SSEG_02,90,103.60392871003097,0.018500054097227166,1.9166782858208395,1.9166781437053348,0.01854169824789967,0.3949063185666567
SSEG_02,91,101.32267600578267,0.018916577211983362,1.916678223988162,1.916678080136637,0.01895820037895144,0.4039123750654566
SSEG_02,92,101.77160924995205,0.018833132623886778,1.9166782143507293,1.9166780698974728,0.018874896400333865,0.40275755411504144
SSEG_02,93,102.22464645094672,0.018749669584144608,1.9166783443112518,1.916678200046913,0.018791465779571977,0.4016028003677271
SSEG_02,94,102.67812875558678,0.01866685853357515,1.9166781039727532,1.9166779605781334,0.018708326556115394,0.400447981510185
SSEG_02,95,103.14024839808536,0.018583221721115848,1.916678104352584,1.9166779598902102,0.018625135521871776,0.39929311838721626
SSEG_02,96,103.60571367410009,0.018499738159932454,1.9166785748437851,1.9166784300919815,0.01854158435787228,0.3981383182042066
SSEG_02,97,101.32329190031358,0.018916459394660946,1.9166779369656601,1.9166777942798123,0.01895827604881618,0.40060775028426165
SSEG_02,98,101.77014908285881,0.018833399999999667,1.9166779257370792,1.9166777836632476,0.018874970281710535,0.39946746016493856
SSEG_02,99,102.22207778716559,0.018750137911246335,1.9166780560835055,1.9166779138399186,0.018791784910856937,0.3983271922109489
SSEG_02,100,102.68003056554696,0.01866651000000008,1.9166778173520962,1.9166776744910778,0.018708361301769526,0.3971868948380595
SSEG_02,101,103.1408427971997,0.018583111831402988,1.9166778160855173,1.9166776736622868,0.018624879781808698,0.396046584764363
SSEG_02,102,103.60392870353205,0.018500054097227166,1.9166782857006093,1.9166781436526192,0.01854163648215751,0.39490630432745566
SSEG_02,103,101.32255395498325,0.018916600000000283,1.9166782241448648,1.9166780804064256,0.018958212203037145,0.403912405927149
SSEG_02,104,101.77146130255895,0.018833160000000237,1.9166782141449252,1.9166780697991546,0.01887490894136646,0.4027575876615572
SSEG_02,105,102.22442609214535,0.01874970999999981,1.916678344144139,1.916678199975077,0.018791482727564146,0.4016027766806973
SSEG_02,106,102.6787807697321,0.018666740000000015,1.9166781041455905,1.9166779606136757,0.018708298615666606,0.4004479584462704
SSEG_02,107,103.13981392678339,0.01858329999999997,1.9166781041455905,1.9166779599852464,0.018625117047180218,0.3992931397449081
SSEG_02,108,103.60532313047642,0.018499807895295074,1.9166785748437851,1.9166784300023014,0.018541631887610193,0.39813833421127776
SSEG_02,109,101.32329190031358,0.018916459394660946,1.9166779369656601,1.916677794279812,0.01895827604881618,0.40060775028426165
SSEG_02,110,101.77014908285881,0.018833399999999667,1.9166779257370792,1.9166777836632476,0.018874970281710535,0.39946746016493856
SSEG_02,111,102.22207778716559,0.018750137911246335,1.9166780560835055,1.9166779138399184,0.018791784910856937,0.3983271922109489
SSEG_02,112,102.68003056554696,0.01866651000000008,1.9166778173520962,1.9166776744910776,0.018708361301769526,0.3971868948380595
SSEG_02,113,103.1408427971997,0.018583111831402988,1.9166778160855173,1.9166776736622868,0.018624879781808698,0.396046584764363
SSEG_02,114,103.60392870353205,0.018500054097227166,1.9166782857006093,1.9166781436526192,0.01854163648215751,0.39490630432745566
SSEG_02,115,101.32255395498325,0.018916600000000283,1.9166782241448648,1.9166780804064256,0.018958212203037145,0.403912405927149
SSEG_02,116,101.77146130255895,0.018833160000000237,1.9166782141449252,1.9166780697991546,0.01887490894136646,0.4027575876615572
SSEG_02,117,102.22442609214535,0.01874970999999981,1.916678344144139,1.916678199975077,0.018791482727564146,0.4016027766806973
SSEG_02,118,102.6787807697321,0.018666740000000015,1.9166781041455905,1.9166779606136755,0.018708298615666606,0.4004479584462704
SSEG_02,119,103.13981392678339,0.01858329999999997,1.9166781041455905,1.9166779599852464,0.018625117047180218,0.3992931397449081
SSEG_02,120,103.60532313047642,0.018499807895295074,1.9166785748437851,1.9166784300023016,0.018541631887610193,0.39813833421127776
SSEG_02,121,101.32329190031358,0.018916459394660946,1.9166779369656601,1.916677794186565,0.018958332227981635,0.40060776710314644
SSEG_02,122,101.77031327722149,0.018833369616378534,1.916677925924548,1.9166777835495363,0.018875016086171495,0.3994674326177126
SSEG_02,123,102.22207778716559,0.018750137911246335,1.9166780560835055,1.916677913883714,0.01879176501882504,0.398327149642151
SSEG_02,124,102.68052232916162,0.018666420603802834,1.9166778176142993,1.9166776745872536,0.0187083266565936,0.39718688219575027
SSEG_02,125,103.1408427971997,0.018583111831402988,1.9166778160855173,1.9166776735546054,0.018624889350601876,0.3960465939045533
SSEG_02,126,103.60392871003097,0.018500054097227166,1.9166782858208395,1.9166781437053348,0.018541698247899665,0.3949063185666567
SSEG_02,127,101.32267600578267,0.018916577211983362,1.916678223988162,1.916678080136637,0.01895820037895144,0.4039123750654566
SSEG_02,128,101.77160924995205,0.018833132623886778,1.9166782143507293,1.916678069897473,0.018874896400333865,0.40275755411504144
SSEG_02,129,102.22464645094672,0.018749669584144608,1.9166783443112518,1.9166782000469127,0.01879146577957198,0.4016028003677271
SSEG_02,130,102.67812875558678,0.01866685853357515,1.9166781039727532,1.9166779605781334,0.018708326556115394,0.400447981510185
SSEG_02,131,103.14024839808536,0.018583221721115848,1.916678104352584,1.9166779598902104,0.018625135521871772,0.39929311838721626
SSEG_02,132,103.60571367410009,0.018499738159932454,1.9166785748437851,1.9166784300919812,0.01854158435787228,0.3981383182042066
SSEG_02,133,101.32272605771882,0.01891656503015798,1.9166779365037205,1.9166777940419018,0.01895836002809914,0.40060773265420857
SSEG_02,134,101.77031327722149,0.018833369616378534,1.916677925924548,1.9166777835939612,0.01887504327732905,0.3994674954098769
SSEG_02,135,102.22206193984492,0.01875014081549355,1.9166780558221959,1.9166779137337402,0.01879179316630345,0.398327207128907
SSEG_02,136,102.68052232916162,0.018666420603802834,1.9166778176142993,1.9166776746564462,0.018708341660518293,0.397186867284264
SSEG_02,137,103.13979787009359,0.018583300098599254,1.9166778159288174,1.916677673678287,0.018624924056130525,0.3960465870025168
SSEG_02,138,103.60394601728886,0.018500051006754073,1.9166782858208395,1.9166781436573042,0.01854174454208046,0.39490631125962705
SSEG_02,139,101.32267602092682,0.018916577211983362,1.9166782242746374,1.916678080092771,0.018958240505634622,0.4039123910456598
SSEG_02,140,101.77160924995205,0.018833132623886778,1.9166782143507293,1.9166780700378303,0.01887488020107919,0.40275760789756043
SSEG_02,141,102.22464645094672,0.018749669584144608,1.9166783443112518,1.9166781999497178,0.01879140549517147,0.401602786873817
SSEG_02,142,102.67883338739865,0.0186667304340236,1.916678104122593,1.9166779607182038,0.018708243403376696,0.4004479510389214
SSEG_02,143,103.14024839808536,0.018583221721115848,1.916678104352584,1.916677959844002,0.018625062088633626,0.399293140561124
SSEG_02,144,103.60571364909714,0.018499738159932454,1.9166785743812371,1.9166784300066313,0.01854155933155825,0.3981383327356653
SSEG_02,145,101.32272605771882,0.01891656503015798,1.9166779365037205,1.9166777940473967,0.018958314927078695,0.4006077200500417
SSEG_02,146,101.77006878459319,0.018833414861314936,1.9166779258848006,1.9166777837509554,0.018875018399776778,0.3994674339954795
SSEG_02,147,102.22148100715525,0.018750247372026786,1.9166780556190985,1.9166779136780125,0.018791833727923354,0.3983271665821487
SSEG_02,148,102.67976735291299,0.01866655785075001,1.9166778173947026,1.9166776746291907,0.018708424383360893,0.39718685882090915
SSEG_02,149,103.13980310464503,0.01858329915545958,1.9166778159288174,1.9166776737659152,0.018624950208165517,0.39604657624816847
SSEG_02,150,103.60401411207536,0.018500038848005242,1.9166782858826776,1.9166781436439175,0.01854167227720454,0.3949063074009005
SSEG_02,151,101.32255982534775,0.01891659890530267,1.9166782242746374,1.916678080253114,0.018958264359234624,0.40391239883571106
SSEG_02,152,101.77157827757334,0.018833138354966292,1.9166782143048207,1.9166780699308608,0.01887491605170289,0.40275756874675334
SSEG_02,153,102.22458193187954,0.018749681417688215,1.9166783442791082,1.9166781998909077,0.01879145387726671,0.4016027108117199
SSEG_02,154,102.67884391022122,0.01866672852278349,1.9166781043053602,1.9166779607963096,0.018708220444461347,0.400447891996719
SSEG_02,155,103.13935092601626,0.018583383420405428,1.916678103989908,1.9166779599431711,0.018625061599739305,0.3992931401520764
SSEG_02,156,103.60505539592775,0.018499855699829038,1.9166785745974573,1.9166784300761455,0.01854162914135479,0.3981383405922575
SSEG_02,157,101.32216587411129,0.018916669612096076,1.9166779362225592,1.9166777939587853,0.018958352156290034,0.4006077759919936
SSEG_02,158,101.77001888567281,0.018833424095538127,1.9166779258848006,1.9166777838259155,0.0188750468538171,0.399467495596652
SSEG_02,159,102.22147440626051,0.01875024858281356,1.9166780556190985,1.916677913680599,0.018791836339175843,0.39832721166577667
SSEG_02,160,102.67929496627367,0.018666643727853222,1.9166778173625834,1.9166776746850158,0.01870844615533339,0.39718692419936735
SSEG_02,161,103.13980310362929,0.01858329915545958,1.9166778159099416,1.9166776736829287,0.018624971441656403,0.39604655895121227
SSEG_02,162,103.60401411207536,0.018500038848005242,1.9166782858826776,1.9166781437987381,0.01854166900173241,0.3949062820914049
SSEG_02,163,101.32255981143945,0.01891659890530267,1.9166782240115396,1.9166780801170495,0.018958229059028713,0.4039123829653264
SSEG_02,164,101.77095153426673,0.01883325433306226,1.916678213962598,1.9166780699236994,0.018874926619182462,0.40275760334543664
SSEG_02,165,102.224254886878,0.01874974140335008,1.9166783442791082,1.9166781999491034,0.01879149786820617,0.4016028626164198
SSEG_02,166,102.67884391022122,0.01866672852278349,1.9166781043053602,1.916677960833972,0.018708234963066783,0.4004480405701233
SSEG_02,167,103.13935092601626,0.018583383420405428,1.916678103989908,1.9166779599499248,0.01862505597159446,0.3992931336710131
SSEG_02,168,103.60505539592775,0.018499855699829038,1.9166785745974573,1.9166784302400672,0.018541619560117233,0.39813830808918266
SSEG_02,169,101.32272605771882,0.01891656503015798,1.9166779365037205,1.916677794047397,0.018958314927078692,0.4006077200500417
SSEG_02,170,101.77006878459319,0.018833414861314936,1.9166779258848006,1.9166777837509552,0.018875018399776778,0.3994674339954795
SSEG_02,171,102.22148100715525,0.018750247372026786,1.9166780556190985,1.9166779136780123,0.018791833727923354,0.3983271665821487
SSEG_02,172,102.67976735291299,0.01866655785075001,1.9166778173947026,1.9166776746291911,0.018708424383360893,0.39718685882090915
SSEG_02,173,103.13980310464503,0.01858329915545958,1.9166778159288174,1.9166776737659155,0.018624950208165517,0.39604657624816847
SSEG_02,174,103.60401411207536,0.018500038848005242,1.9166782858826776,1.9166781436439175,0.018541672277204536,0.3949063074009005
SSEG_02,175,101.32255982534775,0.01891659890530267,1.9166782242746374,1.9166780802531143,0.018958264359234624,0.40391239883571106
SSEG_02,176,101.77157827757334,0.018833138354966292,1.9166782143048207,1.9166780699308608,0.01887491605170289,0.40275756874675334
SSEG_02,177,102.22458193187954,0.018749681417688215,1.9166783442791082,1.9166781998909075,0.01879145387726671,0.4016027108117199
SSEG_02,178,102.67884391022122,0.01866672852278349,1.9166781043053602,1.9166779607963098,0.018708220444461347,0.400447891996719
SSEG_02,179,103.13935092601626,0.018583383420405428,1.916678103989908,1.9166779599431711,0.018625061599739305,0.3992931401520764
SSEG_02,180,103.60505539592775,0.018499855699829038,1.9166785745974573,1.9166784300761455,0.01854162914135479,0.3981383405922575
SSEG_02,181,101.32272605771882,0.01891656503015798,1.9166779365037205,1.9166777940419018,0.01895836002809914,0.40060773265420857
SSEG_02,182,101.77031327722149,0.018833369616378534,1.916677925924548,1.9166777835939612,0.01887504327732905,0.3994674954098769
SSEG_02,183,102.22206193984492,0.01875014081549355,1.9166780558221959,1.9166779137337402,0.01879179316630345,0.398327207128907
SSEG_02,184,102.68052232916162,0.018666420603802834,1.9166778176142993,1.9166776746564462,0.018708341660518293,0.397186867284264
SSEG_02,185,103.13979787009359,0.018583300098599254,1.9166778159288174,1.916677673678287,0.01862492405613052,0.3960465870025168
SSEG_02,186,103.60394601728886,0.018500051006754073,1.9166782858208395,1.9166781436573044,0.01854174454208046,0.39490631125962705
SSEG_02,187,101.32267602092682,0.018916577211983362,1.9166782242746374,1.916678080092771,0.018958240505634626,0.4039123910456598
SSEG_02,188,101.77160924995205,0.018833132623886778,1.9166782143507293,1.9166780700378305,0.01887488020107919,0.40275760789756043
SSEG_02,189,102.22464645094672,0.018749669584144608,1.9166783443112518,1.9166781999497178,0.018791405495171474,0.401602786873817
SSEG_02,190,102.67883338739865,0.0186667304340236,1.916678104122593,1.9166779607182036,0.018708243403376696,0.4004479510389214
SSEG_02,191,103.14024839808536,0.018583221721115848,1.916678104352584,1.9166779598440025,0.018625062088633626,0.399293140561124
SSEG_02,192,103.60571364909714,0.018499738159932454,1.9166785743812371,1.916678430006631,0.01854155933155825,0.3981383327356653
SSEG_02,193,101.32329190031358,0.018916459394660946,1.9166779369656601,1.916677794186565,0.018958332227981635,0.40060776710314644
SSEG_02,194,101.77031327722149,0.018833369616378534,1.916677925924548,1.916677783549536,0.018875016086171495,0.3994674326177126
SSEG_02,195,102.22207778716559,0.018750137911246335,1.9166780560835055,1.916677913883714,0.01879176501882504,0.398327149642151
SSEG_02,196,102.68052232916162,0.018666420603802834,1.9166778176142993,1.9166776745872536,0.018708326656593603,0.39718688219575027
SSEG_02,197,103.1408427971997,0.018583111831402988,1.9166778160855173,1.9166776735546054,0.018624889350601876,0.3960465939045533
SSEG_02,198,103.60392871003097,0.018500054097227166,1.9166782858208395,1.9166781437053348,0.01854169824789967,0.3949063185666567
SSEG_02,199,101.32267600578267,0.018916577211983362,1.916678223988162,1.916678080136637,0.01895820037895144,0.4039123750654566
SSEG_02,200,101.77160924995205,0.018833132623886778,1.9166782143507293,1.9166780698974728,0.018874896400333865,0.40275755411504144
SSEG_02,201,102.22464645094672,0.018749669584144608,1.9166783443112518,1.916678200046913,0.018791465779571977,0.4016028003677271
SSEG_02,202,102.67812875558678,0.01866685853357515,1.9166781039727532,1.9166779605781334,0.018708326556115394,0.400447981510185
SSEG_02,203,103.14024839808536,0.018583221721115848,1.916678104352584,1.9166779598902102,0.018625135521871776,0.39929311838721626
SSEG_02,204,103.60571367410009,0.018499738159932454,1.9166785748437851,1.9166784300919815,0.01854158435787228,0.3981383182042066
SSEG_02,205,101.32329190031358,0.018916459394660946,1.9166779369656601,1.9166777942798123,0.01895827604881618,0.40060775028426165
SSEG_02,206,101.77014908285881,0.018833399999999667,1.9166779257370792,1.9166777836632476,0.018874970281710535,0.39946746016493856
SSEG_02,207,102.22207778716559,0.018750137911246335,1.9166780560835055,1.9166779138399186,0.018791784910856937,0.3983271922109489
SSEG_02,208,102.68003056554696,0.01866651000000008,1.9166778173520962,1.9166776744910778,0.018708361301769526,0.3971868948380595
SSEG_02,209,103.1408427971997,0.018583111831402988,1.9166778160855173,1.9166776736622868,0.018624879781808698,0.396046584764363
SSEG_02,210,103.60392870353205,0.018500054097227166,1.9166782857006093,1.9166781436526192,0.01854163648215751,0.39490630432745566
SSEG_02,211,101.32255395498325,0.018916600000000283,1.9166782241448648,1.9166780804064256,0.018958212203037145,0.403912405927149
SSEG_02,212,101.77146130255895,0.018833160000000237,1.9166782141449252,1.9166780697991546,0.01887490894136646,0.4027575876615572
SSEG_02,213,102.22442609214535,0.01874970999999981,1.916678344144139,1.916678199975077,0.018791482727564146,0.4016027766806973
SSEG_02,214,102.6787807697321,0.018666740000000015,1.9166781041455905,1.9166779606136757,0.018708298615666606,0.4004479584462704
SSEG_02,215,103.13981392678339,0.01858329999999997,1.9166781041455905,1.9166779599852464,0.018625117047180218,0.3992931397449081
SSEG_02,216,103.60532313047642,0.018499807895295074,1.9166785748437851,1.9166784300023014,0.018541631887610193,0.39813833421127776
SSEG_02,217,101.32329190031358,0.018916459394660946,1.9166779369656601,1.916677794279812,0.01895827604881618,0.40060775028426165
SSEG_02,218,101.77014908285881,0.018833399999999667,1.9166779257370792,1.9166777836632476,0.018874970281710535,0.39946746016493856
SSEG_02,219,102.22207778716559,0.018750137911246335,1.9166780560835055,1.9166779138399184,0.018791784910856937,0.3983271922109489
SSEG_02,220,102.68003056554696,0.01866651000000008,1.9166778173520962,1.9166776744910776,0.018708361301769526,0.3971868948380595
SSEG_02,221,103.1408427971997,0.018583111831402988,1.9166778160855173,1.9166776736622868,0.018624879781808698,0.396046584764363
SSEG_02,222,103.60392870353205,0.018500054097227166,1.9166782857006093,1.9166781436526192,0.01854163648215751,0.39490630432745566
SSEG_02,223,101.32255395498325,0.018916600000000283,1.9166782241448648,1.9166780804064256,0.018958212203037145,0.403912405927149
SSEG_02,224,101.77146130255895,0.018833160000000237,1.9166782141449252,1.9166780697991546,0.01887490894136646,0.4027575876615572
SSEG_02,225,102.22442609214535,0.01874970999999981,1.916678344144139,1.916678199975077,0.018791482727564146,0.4016027766806973
SSEG_02,226,102.6787807697321,0.018666740000000015,1.9166781041455905,1.9166779606136755,0.018708298615666606,0.4004479584462704
SSEG_02,227,103.13981392678339,0.01858329999999997,1.9166781041455905,1.9166779599852464,0.018625117047180218,0.3992931397449081
SSEG_02,228,103.60532313047642,0.018499807895295074,1.9166785748437851,1.9166784300023016,0.018541631887610193,0.39813833421127776
SSEG_02,229,101.32329190031358,0.018916459394660946,1.9166779369656601,1.916677794186565,0.018958332227981635,0.40060776710314644
SSEG_02,230,101.77031327722149,0.018833369616378534,1.916677925924548,1.9166777835495363,0.018875016086171495,0.3994674326177126
SSEG_02,231,102.22207778716559,0.018750137911246335,1.9166780560835055,1.916677913883714,0.01879176501882504,0.398327149642151
SSEG_02,232,102.68052232916162,0.018666420603802834,1.9166778176142993,1.9166776745872536,0.0187083266565936,0.39718688219575027
SSEG_02,233,103.1408427971997,0.018583111831402988,1.9166778160855173,1.9166776735546054,0.018624889350601876,0.3960465939045533
SSEG_02,234,103.60392871003097,0.018500054097227166,1.9166782858208395,1.9166781437053348,0.018541698247899665,0.3949063185666567
SSEG_02,235,101.32267600578267,0.018916577211983362,1.916678223988162,1.916678080136637,0.01895820037895144,0.4039123750654566
SSEG_02,236,101.77160924995205,0.018833132623886778,1.9166782143507293,1.916678069897473,0.018874896400333865,0.40275755411504144
SSEG_02,237,102.22464645094672,0.018749669584144608,1.9166783443112518,1.9166782000469127,0.01879146577957198,0.4016028003677271
SSEG_02,238,102.67812875558678,0.01866685853357515,1.9166781039727532,1.9166779605781334,0.018708326556115394,0.400447981510185
SSEG_02,239,103.14024839808536,0.018583221721115848,1.916678104352584,1.9166779598902104,0.018625135521871772,0.39929311838721626
SSEG_02,240,103.60571367410009,0.018499738159932454,1.9166785748437851,1.9166784300919812,0.01854158435787228,0.3981383182042066
SSEG_02,241,101.32272605771882,0.01891656503015798,1.9166779365037205,1.9166777940419018,0.01895836002809914,0.40060773265420857
SSEG_02,242,101.77031327722149,0.018833369616378534,1.916677925924548,1.9166777835939612,0.01887504327732905,0.3994674954098769
SSEG_02,243,102.22206193984492,0.01875014081549355,1.9166780558221959,1.9166779137337402,0.01879179316630345,0.398327207128907
SSEG_02,244,102.68052232916162,0.018666420603802834,1.9166778176142993,1.9166776746564462,0.018708341660518293,0.397186867284264
SSEG_02,245,103.13979787009359,0.018583300098599254,1.9166778159288174,1.916677673678287,0.018624924056130525,0.3960465870025168
SSEG_02,246,103.60394601728886,0.018500051006754073,1.9166782858208395,1.9166781436573042,0.01854174454208046,0.39490631125962705
SSEG_02,247,101.32267602092682,0.018916577211983362,1.9166782242746374,1.916678080092771,0.018958240505634622,0.4039123910456598
SSEG_02,248,101.77160924995205,0.018833132623886778,1.9166782143507293,1.9166780700378303,0.01887488020107919,0.40275760789756043
SSEG_02,249,102.22464645094672,0.018749669584144608,1.9166783443112518,1.9166781999497178,0.01879140549517147,0.401602786873817
SSEG_02,250,102.67883338739865,0.0186667304340236,1.916678104122593,1.9166779607182038,0.018708243403376696,0.4004479510389214
SSEG_02,251,103.14024839808536,0.018583221721115848,1.916678104352584,1.916677959844002,0.018625062088633626,0.399293140561124
SSEG_02,252,103.60571364909714,0.018499738159932454,1.9166785743812371,1.9166784300066313,0.01854155933155825,0.3981383327356653
SSEG_02,253,101.32272605771882,0.01891656503015798,1.9166779365037205,1.9166777940473967,0.018958314927078695,0.4006077200500417
SSEG_02,254,101.77006878459319,0.018833414861314936,1.9166779258848006,1.9166777837509554,0.018875018399776778,0.3994674339954795
SSEG_02,255,102.22148100715525,0.018750247372026786,1.9166780556190985,1.9166779136780125,0.018791833727923354,0.3983271665821487
SSEG_02,256,102.67976735291299,0.01866655785075001,1.9166778173947026,1.9166776746291907,0.018708424383360893,0.39718685882090915
SSEG_02,257,103.13980310464503,0.01858329915545958,1.9166778159288174,1.9166776737659152,0.018624950208165517,0.39604657624816847
SSEG_02,258,103.60401411207536,0.018500038848005242,1.9166782858826776,1.9166781436439175,0.01854167227720454,0.3949063074009005
SSEG_02,259,101.32255982534775,0.01891659890530267,1.9166782242746374,1.916678080253114,0.018958264359234624,0.40391239883571106
SSEG_02,260,101.77157827757334,0.018833138354966292,1.9166782143048207,1.9166780699308608,0.01887491605170289,0.40275756874675334
SSEG_02,261,102.22458193187954,0.018749681417688215,1.9166783442791082,1.9166781998909077,0.01879145387726671,0.4016027108117199
SSEG_02,262,102.67884391022122,0.01866672852278349,1.9166781043053602,1.9166779607963096,0.018708220444461347,0.400447891996719
SSEG_02,263,103.13935092601626,0.018583383420405428,1.916678103989908,1.9166779599431711,0.018625061599739305,0.3992931401520764
SSEG_02,264,103.60505539592775,0.018499855699829038,1.9166785745974573,1.9166784300761455,0.01854162914135479,0.3981383405922575
SSEG_02,265,101.32216587411129,0.018916669612096076,1.9166779362225592,1.9166777939587853,0.018958352156290034,0.4006077759919936
SSEG_02,266,101.77001888567281,0.018833424095538127,1.9166779258848006,1.9166777838259155,0.0188750468538171,0.399467495596652
SSEG_02,267,102.22147440626051,0.01875024858281356,1.9166780556190985,1.916677913680599,0.018791836339175843,0.39832721166577667
SSEG_02,268,102.67929496627367,0.018666643727853222,1.9166778173625834,1.9166776746850158,0.01870844615533339,0.39718692419936735
SSEG_02,269,103.13980310362929,0.01858329915545958,1.9166778159099416,1.9166776736829287,0.018624971441656403,0.39604655895121227
SSEG_02,270,103.60401411207536,0.018500038848005242,1.9166782858826776,1.9166781437987381,0.01854166900173241,0.3949062820914049
SSEG_02,271,101.32255981143945,0.01891659890530267,1.9166782240115396,1.9166780801170495,0.018958229059028713,0.4039123829653264
SSEG_02,272,101.77095153426673,0.01883325433306226,1.916678213962598,1.9166780699236994,0.018874926619182462,0.40275760334543664
SSEG_02,273,102.224254886878,0.01874974140335008,1.9166783442791082,1.9166781999491034,0.01879149786820617,0.4016028626164198
SSEG_02,274,102.67884391022122,0.01866672852278349,1.9166781043053602,1.916677960833972,0.018708234963066783,0.4004480405701233
SSEG_02,275,103.13935092601626,0.018583383420405428,1.916678103989908,1.9166779599499248,0.01862505597159446,0.3992931336710131
SSEG_02,276,103.60505539592775,0.018499855699829038,1.9166785745974573,1.9166784302400672,0.018541619560117233,0.39813830808918266
SSEG_02,277,101.32272605771882,0.01891656503015798,1.9166779365037205,1.916677794047397,0.018958314927078692,0.4006077200500417
SSEG_02,278,101.77006878459319,0.018833414861314936,1.9166779258848006,1.9166777837509552,0.018875018399776778,0.3994674339954795
SSEG_02,279,102.22148100715525,0.018750247372026786,1.9166780556190985,1.9166779136780123,0.018791833727923354,0.3983271665821487
SSEG_02,280,102.67976735291299,0.01866655785075001,1.9166778173947026,1.9166776746291911,0.018708424383360893,0.39718685882090915
SSEG_02,281,103.13980310464503,0.01858329915545958,1.9166778159288174,1.9166776737659155,0.018624950208165517,0.39604657624816847
SSEG_02,282,103.60401411207536,0.018500038848005242,1.9166782858826776,1.9166781436439175,0.018541672277204536,0.3949063074009005
SSEG_02,283,101.32255982534775,0.01891659890530267,1.9166782242746374,1.9166780802531143,0.018958264359234624,0.40391239883571106
SSEG_02,284,101.77157827757334,0.018833138354966292,1.9166782143048207,1.9166780699308608,0.01887491605170289,0.40275756874675334
SSEG_02,285,102.22458193187954,0.018749681417688215,1.9166783442791082,1.9166781998909075,0.01879145387726671,0.4016027108117199
SSEG_02,286,102.67884391022122,0.01866672852278349,1.9166781043053602,1.9166779607963098,0.018708220444461347,0.400447891996719
SSEG_02,287,103.13935092601626,0.018583383420405428,1.916678103989908,1.9166779599431711,0.018625061599739305,0.3992931401520764
SSEG_02,288,103.60505539592775,0.018499855699829038,1.9166785745974573,1.9166784300761455,0.01854162914135479,0.3981383405922575
SSEG_02,289,101.32272605771882,0.01891656503015798,1.9166779365037205,1.9166777940419018,0.01895836002809914,0.40060773265420857
SSEG_02,290,101.77031327722149,0.018833369616378534,1.916677925924548,1.9166777835939612,0.01887504327732905,0.3994674954098769
SSEG_02,291,102.22206193984492,0.01875014081549355,1.9166780558221959,1.9166779137337402,0.01879179316630345,0.398327207128907
SSEG_02,292,102.68052232916162,0.018666420603802834,1.9166778176142993,1.9166776746564462,0.018708341660518293,0.397186867284264
SSEG_02,293,103.13979787009359,0.018583300098599254,1.9166778159288174,1.916677673678287,0.01862492405613052,0.3960465870025168
SSEG_02,294,103.60394601728886,0.018500051006754073,1.9166782858208395,1.9166781436573044,0.01854174454208046,0.39490631125962705
SSEG_02,295,101.32267602092682,0.018916577211983362,1.9166782242746374,1.916678080092771,0.018958240505634626,0.4039123910456598
SSEG_02,296,101.77160924995205,0.018833132623886778,1.9166782143507293,1.9166780700378305,0.01887488020107919,0.40275760789756043
SSEG_02,297,102.22464645094672,0.018749669584144608,1.9166783443112518,1.9166781999497178,0.018791405495171474,0.401602786873817
SSEG_02,298,102.67883338739865,0.0186667304340236,1.916678104122593,1.9166779607182036,0.018708243403376696,0.4004479510389214
SSEG_02,299,103.14024839808536,0.018583221721115848,1.916678104352584,1.9166779598440025,0.018625062088633626,0.399293140561124
SSEG_02,300,103.60571364909714,0.018499738159932454,1.9166785743812371,1.916678430006631,0.01854155933155825,0.3981383327356653
SSEG_02,301,101.32329190031358,0.018916459394660946,1.9166779369656601,1.916677794186565,0.018958332227981635,0.40060776710314644
SSEG_02,302,101.77031327722149,0.018833369616378534,1.916677925924548,1.916677783549536,0.018875016086171495,0.3994674326177126
SSEG_02,303,102.22207778716559,0.018750137911246335,1.9166780560835055,1.916677913883714,0.01879176501882504,0.398327149642151
SSEG_02,304,102.68052232916162,0.018666420603802834,1.9166778176142993,1.9166776745872536,0.018708326656593603,0.39718688219575027
SSEG_02,305,103.1408427971997,0.018583111831402988,1.9166778160855173,1.9166776735546054,0.018624889350601876,0.3960465939045533
SSEG_02,306,103.60392871003097,0.018500054097227166,1.9166782858208395,1.9166781437053348,0.01854169824789967,0.3949063185666567
SSEG_02,307,101.32267600578267,0.018916577211983362,1.916678223988162,1.916678080136637,0.01895820037895144,0.4039123750654566
SSEG_02,308,101.77160924995205,0.018833132623886778,1.9166782143507293,1.9166780698974728,0.018874896400333865,0.40275755411504144
SSEG_02,309,102.22464645094672,0.018749669584144608,1.9166783443112518,1.916678200046913,0.018791465779571977,0.4016028003677271
SSEG_02,310,102.67812875558678,0.01866685853357515,1.9166781039727532,1.9166779605781334,0.018708326556115394,0.400447981510185
SSEG_02,311,103.14024839808536,0.018583221721115848,1.916678104352584,1.9166779598902102,0.018625135521871776,0.39929311838721626
SSEG_02,312,103.60571367410009,0.018499738159932454,1.9166785748437851,1.9166784300919815,0.01854158435787228,0.3981383182042066
SSEG_02,313,101.32329190031358,0.018916459394660946,1.9166779369656601,1.9166777942798123,0.01895827604881618,0.40060775028426165
SSEG_02,314,101.77014908285881,0.018833399999999667,1.9166779257370792,1.9166777836632476,0.018874970281710535,0.39946746016493856
SSEG_02,315,102.22207778716559,0.018750137911246335,1.9166780560835055,1.9166779138399186,0.018791784910856937,0.3983271922109489
SSEG_02,316,102.68003056554696,0.01866651000000008,1.9166778173520962,1.9166776744910778,0.018708361301769526,0.3971868948380595
SSEG_02,317,103.1408427971997,0.018583111831402988,1.9166778160855173,1.9166776736622868,0.018624879781808698,0.396046584764363
SSEG_02,318,103.60392870353205,0.018500054097227166,1.9166782857006093,1.9166781436526192,0.01854163648215751,0.39490630432745566
SSEG_02,319,101.32255395498325,0.018916600000000283,1.9166782241448648,1.9166780804064256,0.018958212203037145,0.403912405927149
SSEG_02,320,101.77146130255895,0.018833160000000237,1.9166782141449252,1.9166780697991546,0.01887490894136646,0.4027575876615572
SSEG_02,321,102.22442609214535,0.01874970999999981,1.916678344144139,1.916678199975077,0.018791482727564146,0.4016027766806973
SSEG_02,322,102.6787807697321,0.018666740000000015,1.9166781041455905,1.9166779606136757,0.018708298615666606,0.4004479584462704
SSEG_02,323,103.13981392678339,0.01858329999999997,1.9166781041455905,1.9166779599852464,0.018625117047180218,0.3992931397449081
SSEG_02,324,103.60532313047642,0.018499807895295074,1.9166785748437851,1.9166784300023014,0.018541631887610193,0.39813833421127776
SSEG_02,325,101.32329190031358,0.018916459394660946,1.9166779369656601,1.916677794279812,0.01895827604881618,0.40060775028426165
SSEG_02,326,101.77014908285881,0.018833399999999667,1.9166779257370792,1.9166777836632476,0.018874970281710535,0.39946746016493856
SSEG_02,327,102.22207778716559,0.018750137911246335,1.9166780560835055,1.9166779138399184,0.018791784910856937,0.3983271922109489
SSEG_02,328,102.68003056554696,0.01866651000000008,1.9166778173520962,1.9166776744910776,0.018708361301769526,0.3971868948380595
SSEG_02,329,103.1408427971997,0.018583111831402988,1.9166778160855173,1.9166776736622868,0.018624879781808698,0.396046584764363
SSEG_02,330,103.60392870353205,0.018500054097227166,1.9166782857006093,1.9166781436526192,0.01854163648215751,0.39490630432745566
SSEG_02,331,101.32255395498325,0.018916600000000283,1.9166782241448648,1.9166780804064256,0.018958212203037145,0.403912405927149
SSEG_02,332,101.77146130255895,0.018833160000000237,1.9166782141449252,1.9166780697991546,0.01887490894136646,0.4027575876615572
SSEG_02,333,102.22442609214535,0.01874970999999981,1.916678344144139,1.916678199975077,0.018791482727564146,0.4016027766806973
SSEG_02,334,102.6787807697321,0.018666740000000015,1.9166781041455905,1.9166779606136755,0.018708298615666606,0.4004479584462704
SSEG_02,335,103.13981392678339,0.01858329999999997,1.9166781041455905,1.9166779599852464,0.018625117047180218,0.3992931397449081
SSEG_02,336,103.60532313047642,0.018499807895295074,1.9166785748437851,1.9166784300023016,0.018541631887610193,0.39813833421127776
SSEG_02,337,101.32329190031358,0.018916459394660946,1.9166779369656601,1.916677794186565,0.018958332227981635,0.40060776710314644
SSEG_02,338,101.77031327722149,0.018833369616378534,1.916677925924548,1.9166777835495363,0.018875016086171495,0.3994674326177126
SSEG_02,339,102.22207778716559,0.018750137911246335,1.9166780560835055,1.916677913883714,0.01879176501882504,0.398327149642151
SSEG_02,340,102.68052232916162,0.018666420603802834,1.9166778176142993,1.9166776745872536,0.0187083266565936,0.39718688219575027
SSEG_02,341,103.1408427971997,0.018583111831402988,1.9166778160855173,1.9166776735546054,0.018624889350601876,0.3960465939045533
SSEG_02,342,103.60392871003097,0.018500054097227166,1.9166782858208395,1.9166781437053348,0.018541698247899665,0.3949063185666567
SSEG_02,343,101.32267600578267,0.018916577211983362,1.916678223988162,1.916678080136637,0.01895820037895144,0.4039123750654566
SSEG_02,344,101.77160924995205,0.018833132623886778,1.9166782143507293,1.916678069897473,0.018874896400333865,0.40275755411504144
SSEG_02,345,102.22464645094672,0.018749669584144608,1.9166783443112518,1.9166782000469127,0.01879146577957198,0.4016028003677271
SSEG_02,346,102.67812875558678,0.01866685853357515,1.9166781039727532,1.9166779605781334,0.018708326556115394,0.400447981510185
SSEG_02,347,103.14024839808536,0.018583221721115848,1.916678104352584,1.9166779598902104,0.018625135521871772,0.39929311838721626
SSEG_02,348,103.60571367410009,0.018499738159932454,1.9166785748437851,1.9166784300919812,0.01854158435787228,0.3981383182042066
SSEG_02,349,101.32272605771882,0.01891656503015798,1.9166779365037205,1.9166777940419018,0.01895836002809914,0.40060773265420857
SSEG_02,350,101.77031327722149,0.018833369616378534,1.916677925924548,1.9166777835939612,0.01887504327732905,0.3994674954098769
SSEG_02,351,102.22206193984492,0.01875014081549355,1.9166780558221959,1.9166779137337402,0.01879179316630345,0.398327207128907
SSEG_02,352,102.68052232916162,0.018666420603802834,1.9166778176142993,1.9166776746564462,0.018708341660518293,0.397186867284264
SSEG_02,353,103.13979787009359,0.018583300098599254,1.9166778159288174,1.916677673678287,0.018624924056130525,0.3960465870025168
SSEG_02,354,103.60394601728886,0.018500051006754073,1.9166782858208395,1.9166781436573042,0.01854174454208046,0.39490631125962705
SSEG_02,355,101.32267602092682,0.018916577211983362,1.9166782242746374,1.916678080092771,0.018958240505634622,0.4039123910456598
SSEG_02,356,101.77160924995205,0.018833132623886778,1.9166782143507293,1.9166780700378303,0.01887488020107919,0.40275760789756043
SSEG_02,357,102.22464645094672,0.018749669584144608,1.9166783443112518,1.9166781999497178,0.01879140549517147,0.401602786873817
SSEG_02,358,102.67883338739865,0.0186667304340236,1.916678104122593,1.9166779607182038,0.018708243403376696,0.4004479510389214
SSEG_02,359,103.14024839808536,0.018583221721115848,1.916678104352584,1.916677959844002,0.018625062088633626,0.399293140561124
SSEG_02,360,103.60571364909714,0.018499738159932454,1.9166785743812371,1.9166784300066313,0.01854155933155825,0.3981383327356653
SSEG_02,361,101.32272605771882,0.01891656503015798,1.9166779365037205,1.9166777940473967,0.018958314927078695,0.4006077200500417
SSEG_02,362,101.77006878459319,0.018833414861314936,1.9166779258848006,1.9166777837509554,0.018875018399776778,0.3994674339954795
SSEG_02,363,102.22148100715525,0.018750247372026786,1.9166780556190985,1.9166779136780125,0.018791833727923354,0.3983271665821487
SSEG_02,364,102.67976735291299,0.01866655785075001,1.9166778173947026,1.9166776746291907,0.018708424383360893,0.39718685882090915
SSEG_02,365,103.13980310464503,0.01858329915545958,1.9166778159288174,1.9166776737659152,0.018624950208165517,0.39604657624816847
SSEG_02,366,103.60401411207536,0.018500038848005242,1.9166782858826776,1.9166781436439175,0.01854167227720454,0.3949063074009005
SSEG_02,367,101.32255982534775,0.01891659890530267,1.9166782242746374,1.916678080253114,0.018958264359234624,0.40391239883571106
SSEG_02,368,101.77157827757334,0.018833138354966292,1.9166782143048207,1.9166780699308608,0.01887491605170289,0.40275756874675334
SSEG_02,369,102.22458193187954,0.018749681417688215,1.9166783442791082,1.9166781998909077,0.01879145387726671,0.4016027108117199
SSEG_02,370,102.67884391022122,0.01866672852278349,1.9166781043053602,1.9166779607963096,0.018708220444461347,0.400447891996719
SSEG_02,371,103.13935092601626,0.018583383420405428,1.916678103989908,1.9166779599431711,0.018625061599739305,0.3992931401520764
SSEG_02,372,103.60505539592775,0.018499855699829038,1.9166785745974573,1.9166784300761455,0.01854162914135479,0.3981383405922575
SSEG_02,373,101.32216587411129,0.018916669612096076,1.9166779362225592,1.9166777939587853,0.018958352156290034,0.4006077759919936
SSEG_02,374,101.77001888567281,0.018833424095538127,1.9166779258848006,1.9166777838259155,0.0188750468538171,0.399467495596652
SSEG_02,375,102.22147440626051,0.01875024858281356,1.9166780556190985,1.916677913680599,0.018791836339175843,0.39832721166577667
SSEG_02,376,102.67929496627367,0.018666643727853222,1.9166778173625834,1.9166776746850158,0.01870844615533339,0.39718692419936735
SSEG_02,377,103.13980310362929,0.01858329915545958,1.9166778159099416,1.9166776736829287,0.018624971441656403,0.39604655895121227
SSEG_02,378,103.60401411207536,0.018500038848005242,1.9166782858826776,1.9166781437987381,0.01854166900173241,0.3949062820914049
SSEG_02,379,101.32255981143945,0.01891659890530267,1.9166782240115396,1.9166780801170495,0.018958229059028713,0.4039123829653264
SSEG_02,380,101.77095153426673,0.01883325433306226,1.916678213962598,1.9166780699236994,0.018874926619182462,0.40275760334543664
SSEG_02,381,102.224254886878,0.01874974140335008,1.9166783442791082,1.9166781999491034,0.01879149786820617,0.4016028626164198
SSEG_02,382,102.67884391022122,0.01866672852278349,1.9166781043053602,1.916677960833972,0.018708234963066783,0.4004480405701233
SSEG_02,383,103.13935092601626,0.018583383420405428,1.916678103989908,1.9166779599499248,0.01862505597159446,0.3992931336710131
SSEG_02,384,103.60505539592775,0.018499855699829038,1.9166785745974573,1.9166784302400672,0.018541619560117233,0.39813830808918266
SSEG_02,385,101.32272605771882,0.01891656503015798,1.9166779365037205,1.916677794047397,0.018958314927078692,0.4006077200500417
SSEG_02,386,101.77006878459319,0.018833414861314936,1.9166779258848006,1.9166777837509552,0.018875018399776778,0.3994674339954795
SSEG_02,387,102.22148100715525,0.018750247372026786,1.9166780556190985,1.9166779136780123,0.018791833727923354,0.3983271665821487
SSEG_02,388,102.67976735291299,0.01866655785075001,1.9166778173947026,1.9166776746291911,0.018708424383360893,0.39718685882090915
SSEG_02,389,103.13980310464503,0.01858329915545958,1.9166778159288174,1.9166776737659155,0.018624950208165517,0.39604657624816847
SSEG_02,390,103.60401411207536,0.018500038848005242,1.9166782858826776,1.9166781436439175,0.018541672277204536,0.3949063074009005
SSEG_02,391,101.32255982534775,0.01891659890530267,1.9166782242746374,1.9166780802531143,0.018958264359234624,0.40391239883571106
SSEG_02,392,101.77157827757334,0.018833138354966292,1.9166782143048207,1.9166780699308608,0.01887491605170289,0.40275756874675334
SSEG_02,393,102.22458193187954,0.018749681417688215,1.9166783442791082,1.9166781998909075,0.01879145387726671,0.4016027108117199
SSEG_02,394,102.67884391022122,0.01866672852278349,1.9166781043053602,1.9166779607963098,0.018708220444461347,0.400447891996719
SSEG_02,395,103.13935092601626,0.018583383420405428,1.916678103989908,1.9166779599431711,0.018625061599739305,0.3992931401520764
SSEG_02,396,103.60505539592775,0.018499855699829038,1.9166785745974573,1.9166784300761455,0.01854162914135479,0.3981383405922575
SSEG_02,397,101.32272605771882,0.01891656503015798,1.9166779365037205,1.9166777940419018,0.01895836002809914,0.40060773265420857
SSEG_02,398,101.77031327722149,0.018833369616378534,1.916677925924548,1.9166777835939612,0.01887504327732905,0.3994674954098769
SSEG_02,399,102.22206193984492,0.01875014081549355,1.9166780558221959,1.9166779137337402,0.01879179316630345,0.398327207128907
SSEG_02,400,102.68052232916162,0.018666420603802834,1.9166778176142993,1.9166776746564462,0.018708341660518293,0.397186867284264
SSEG_02,401,103.13979787009359,0.018583300098599254,1.9166778159288174,1.916677673678287,0.01862492405613052,0.3960465870025168
SSEG_02,402,103.60394601728886,0.018500051006754073,1.9166782858208395,1.9166781436573044,0.01854174454208046,0.39490631125962705
SSEG_02,403,101.32267602092682,0.018916577211983362,1.9166782242746374,1.916678080092771,0.018958240505634626,0.4039123910456598
SSEG_02,404,101.77160924995205,0.018833132623886778,1.9166782143507293,1.9166780700378305,0.01887488020107919,0.40275760789756043
SSEG_02,405,102.22464645094672,0.018749669584144608,1.9166783443112518,1.9166781999497178,0.018791405495171474,0.401602786873817
SSEG_02,406,102.67883338739865,0.0186667304340236,1.916678104122593,1.9166779607182036,0.018708243403376696,0.4004479510389214
SSEG_02,407,103.14024839808536,0.018583221721115848,1.916678104352584,1.9166779598440025,0.018625062088633626,0.399293140561124
SSEG_02,408,103.60571364909714,0.018499738159932454,1.9166785743812371,1.916678430006631,0.01854155933155825,0.3981383327356653
SSEG_02,409,101.32329190031358,0.018916459394660946,1.9166779369656601,1.916677794186565,0.018958332227981635,0.40060776710314644
SSEG_02,410,101.77031327722149,0.018833369616378534,1.916677925924548,1.916677783549536,0.018875016086171495,0.3994674326177126
SSEG_02,411,102.22207778716559,0.018750137911246335,1.9166780560835055,1.916677913883714,0.01879176501882504,0.398327149642151
SSEG_02,412,102.68052232916162,0.018666420603802834,1.9166778176142993,1.9166776745872536,0.018708326656593603,0.39718688219575027
SSEG_02,413,103.1408427971997,0.018583111831402988,1.9166778160855173,1.9166776735546054,0.018624889350601876,0.3960465939045533
SSEG_02,414,103.60392871003097,0.018500054097227166,1.9166782858208395,1.9166781437053348,0.01854169824789967,0.3949063185666567
SSEG_02,415,101.32267600578267,0.018916577211983362,1.916678223988162,1.916678080136637,0.01895820037895144,0.4039123750654566
SSEG_02,416,101.77160924995205,0.018833132623886778,1.9166782143507293,1.9166780698974728,0.018874896400333865,0.40275755411504144
SSEG_02,417,102.22464645094672,0.018749669584144608,1.9166783443112518,1.916678200046913,0.018791465779571977,0.4016028003677271
SSEG_02,418,102.67812875558678,0.01866685853357515,1.9166781039727532,1.9166779605781334,0.018708326556115394,0.400447981510185
SSEG_02,419,103.14024839808536,0.018583221721115848,1.916678104352584,1.9166779598902102,0.018625135521871776,0.39929311838721626
SSEG_02,420,103.60571367410009,0.018499738159932454,1.9166785748437851,1.9166784300919815,0.01854158435787228,0.3981383182042066
SSEG_02,421,101.32329190031358,0.018916459394660946,1.9166779369656601,1.9166777942798123,0.01895827604881618,0.40060775028426165
SSEG_02,422,101.77014908285881,0.018833399999999667,1.9166779257370792,1.9166777836632476,0.018874970281710535,0.39946746016493856
SSEG_02,423,102.22207778716559,0.018750137911246335,1.9166780560835055,1.9166779138399186,0.018791784910856937,0.3983271922109489
SSEG_02,424,102.68003056554696,0.01866651000000008,1.9166778173520962,1.9166776744910778,0.018708361301769526,0.3971868948380595
SSEG_02,425,103.1408427971997,0.018583111831402988,1.9166778160855173,1.9166776736622868,0.018624879781808698,0.396046584764363
SSEG_02,426,103.60392870353205,0.018500054097227166,1.9166782857006093,1.9166781436526192,0.01854163648215751,0.39490630432745566
SSEG_02,427,101.32255395498325,0.018916600000000283,1.9166782241448648,1.9166780804064256,0.018958212203037145,0.403912405927149
SSEG_02,428,101.77146130255895,0.018833160000000237,1.9166782141449252,1.9166780697991546,0.01887490894136646,0.4027575876615572
SSEG_02,429,102.22442609214535,0.01874970999999981,1.916678344144139,1.916678199975077,0.018791482727564146,0.4016027766806973
SSEG_02,430,102.6787807697321,0.018666740000000015,1.9166781041455905,1.9166779606136757,0.018708298615666606,0.4004479584462704
SSEG_02,431,103.13981392678339,0.01858329999999997,1.9166781041455905,1.9166779599852464,0.018625117047180218,0.3992931397449081
SSEG_02,432,103.60532313047642,0.018499807895295074,1.9166785748437851,1.9166784300023014,0.018541631887610193,0.39813833421127776
SSEG_03,1,104.07239529328021,0.01841677546401006,1.916677936118039,1.9166777938533432,0.01845844989030921,0.393766029586832
SSEG_03,2,104.54551748153226,0.018333429999999762,1.916677926561423,1.9166777840683016,0.018375145387583225,0.3926257469389709
SSEG_03,3,105.0236239024512,0.01824997068036059,1.9166780569649524,1.9166779142791133,0.01829172169167096,0.3914854491303018
SSEG_03,4,105.50505245539341,0.0181666922208653,1.9166778157033808,1.9166776734508542,0.018208358225306524,0.3903451467459568
SSEG_03,5,105.99093394106991,0.018083412843132172,1.9166778160855173,1.9166776738539664,0.018125113765999363,0.3892048735626208
SSEG_03,6,106.4814171530499,0.018000119999999953,1.9166782865249516,1.9166781440663372,0.01804180665853363,0.3880645909147564
SSEG_03,7,104.07453270698208,0.0184164,1.9166782241448648,1.9166780799887801,0.01845814534428012,0.3969835218910104
SSEG_03,8,104.54684474859255,0.01833320000000027,1.9166782141449252,1.9166780701952995,0.01837484078024454,0.39582871066110237
SSEG_03,9,105.02352845914558,0.01824999000000016,1.916678344144139,1.916678200406054,0.01829165790941351,0.3946738844882762
SSEG_03,10,105.50644536056687,0.018166455122495272,1.9166781047767376,1.9166779599831627,0.01820829678024919,0.39351907917253987
SSEG_03,11,105.9927835462712,0.01808310000000013,1.9166781041455905,1.9166779599983397,0.018124811577245683,0.39236428833278125
SSEG_03,12,106.48286950565378,0.017999877191898748,1.9166785741427481,1.9166784302017221,0.01804150459459651,0.3912094626268879
SSEG_03,13,104.07239529328021,0.01841677546401006,1.916677936118039,1.9166777939479003,0.018458504971422346,0.3937660429872708
SSEG_03,14,104.54613368149472,0.018333321942886643,1.9166779266669076,1.9166777839435258,0.018375143606518422,0.39262573103395015
SSEG_03,15,105.0236239024512,0.01824997068036059,1.9166780569649524,1.9166779141590364,0.018291710373227372,0.39148541828186995
SSEG_03,16,105.50505246766811,0.0181666922208653,1.9166778159263715,1.9166776735459952,0.01820838500227965,0.390345151241029
SSEG_03,17,105.99093394106991,0.018083412843132172,1.9166778160855173,1.9166776739058704,0.018125134094616517,0.38920488524042984
SSEG_03,18,106.48139473870398,0.018000123791002468,1.9166782867352705,1.91667814415802,0.018041821376152647,0.3880646033051382
SSEG_03,19,104.07402679622392,0.018416489521851435,1.9166782239895432,1.9166780799252963,0.0184581397647261,0.3969835110182225
SSEG_03,20,104.54661871421091,0.018333239639152454,1.9166782143507293,1.9166780702731216,0.018374878426474225,0.3958286989995563
SSEG_03,21,105.02446501954807,0.018249827257162215,1.916678344382628,1.9166782003323728,0.01829163248947085,0.39467390146979453
SSEG_03,22,105.50644536056687,0.018166455122495272,1.9166781047767376,1.9166779599202701,0.018208265749307933,0.39351904406804783
SSEG_03,23,105.99275945265222,0.018083104112788708,1.9166781043840797,1.916677960087208,0.018124822260211056,0.3923642166843051
SSEG_03,24,106.48286951708741,0.017999877191898748,1.9166785743485522,1.9166784303057527,0.01804150716657414,0.3912094480425371
SSEG_03,25,104.07178468132425,0.01841688351740583,1.916677935924489,1.9166777937852004,0.018458531212153018,0.39376600080340873
SSEG_03,26,104.54613368149472,0.018333321942886643,1.9166779266669076,1.9166777840158757,0.018375162058846754,0.3926257225681707
SSEG_03,27,105.02382206702252,0.018249936244055846,1.9166780568302264,1.9166779140919377,0.018291693203130576,0.3914854561619921
SSEG_03,28,105.50460799096275,0.01816676875469315,1.9166778159263715,1.9166776737864828,0.018208395526660426,0.3903451796557085
SSEG_03,29,105.98979600273555,0.0180836069899148,1.9166778158547124,1.916677673752875,0.018125202498701087,0.38920487772574597
SSEG_03,30,106.48128772835649,0.01800014188056114,1.9166782867352705,1.916678144223658,0.01804188801164876,0.38806456386111376
SSEG_03,31,104.07482756587832,0.018416347825236816,1.91667822430476,1.916678079874818,0.018458112232615176,0.39698353805166786
SSEG_03,32,104.54687899742385,0.018333193996139842,1.9166782143507293,1.9166780703555186,0.01837482310157392,0.3958287156587077
SSEG_03,33,105.02446501954807,0.018249827257162215,1.916678344382628,1.9166782003774954,0.018291577205800595,0.39467387996428993
SSEG_03,34,105.50612912240697,0.018166509568857896,1.9166781042753631,1.9166779598685952,0.01820823548798148,0.3935191222593961
SSEG_03,35,105.99290528135015,0.018083079233429847,1.9166781043840797,1.9166779599386703,0.018124817883537384,0.39236431180110753
SSEG_03,36,106.48317743488857,0.017999825141586767,1.9166785743485522,1.9166784304644997,0.018041476165731818,0.3912094529487783
SSEG_03,37,104.07237091568756,0.018416779773111635,1.9166779356198063,1.9166777936078654,0.018458438286319195,0.39376603998757465
SSEG_03,38,104.54533589914365,0.018333461842240894,1.9166779264912073,1.9166777841276985,0.01837515954263561,0.3926257834233344
SSEG_03,39,105.02382206702252,0.018249936244055846,1.9166780568302264,1.9166779142693648,0.01829172571732797,0.39148545640691834
SSEG_03,40,105.50486202540245,0.018166725009877125,1.916677815620514,1.9166776736020696,0.01820835543846429,0.39034515457900437
SSEG_03,41,105.9900462840116,0.018083564288192754,1.9166778158854494,1.9166776738161442,0.018125166994601406,0.3892048906474997
SSEG_03,42,106.48098383337734,0.018000193250476502,1.9166782865016563,1.9166781440526313,0.018041894879926763,0.3880645814523166
SSEG_03,43,104.07482756587832,0.018416347825236816,1.91667822430476,1.9166780798720033,0.018458127735372906,0.3969835223912024
SSEG_03,44,104.54699480231587,0.01833317368553518,1.9166782140116003,1.9166780701596642,0.018374787374974402,0.3958287361319706
SSEG_03,45,105.0233183818357,0.018250026506832728,1.9166783443040343,1.9166782004747234,0.018291619464751552,0.39467390542906905
SSEG_03,46,105.50627041475471,0.01816648524342019,1.9166781045779415,1.916677960018859,0.018208276247402316,0.3935190700207189
SSEG_03,47,105.99290525931524,0.018083079233429847,1.9166781039856207,1.9166779598467398,0.01812480207220766,0.3923642710748355
SSEG_03,48,106.48317743066457,0.017999825141586767,1.9166785742725208,1.9166784302455044,0.018041476531483115,0.3912094581931672
SSEG_03,49,104.07237091568756,0.018416779773111635,1.9166779356198063,1.9166777935396064,0.01845840931055844,0.39376603705140245
SSEG_03,50,104.54504394615913,0.018333513037784084,1.9166779262226183,1.9166777841256164,0.018375146405447858,0.3926257106941202
SSEG_03,51,105.02350266987465,0.018249991745231047,1.916678056780463,1.916677914248292,0.018291752391507564,0.39148543383431267
SSEG_03,52,105.50486202540245,0.018166725009877125,1.916677815620514,1.9166776735273159,0.018208358377554086,0.3903451499034374
SSEG_03,53,105.9900462840116,0.018083564288192754,1.9166778158854494,1.9166776739703377,0.01812514464903494,0.38920486243702823
SSEG_03,54,106.48087257527239,0.01800021205539519,1.916678286198417,1.9166781439566078,0.018041888171793974,0.3880646209325597
SSEG_03,55,104.07434059669411,0.01841643399298578,1.9166782239625375,1.916678079791172,0.01845814484640741,0.3969835249337591
SSEG_03,56,104.54699480231587,0.01833317368553518,1.9166782140116003,1.9166780701171093,0.01837480383926048,0.3958287028874625
SSEG_03,57,105.02298940593404,0.018250083670498456,1.9166783439841693,1.9166782003823162,0.018291628678016817,0.39467388437670003
SSEG_03,58,105.50627041475471,0.01816648524342019,1.9166781045779415,1.9166779600992276,0.018208284456959323,0.3935190587948696
SSEG_03,59,105.99258282421712,0.01808313424312271,1.9166781039856207,1.916677959935535,0.01812480974327145,0.3923642756394461
SSEG_03,60,106.48292678707698,0.017999867507793144,1.916678574009423,1.9166784301039201,0.018041500875457927,0.39120949601955646
SSEG_03,61,104.07237091568756,0.018416779773111635,1.9166779356198063,1.9166777936078654,0.018458438286319195,0.39376603998757465
SSEG_03,62,104.54533589914365,0.018333461842240894,1.9166779264912073,1.9166777841276983,0.018375159542635612,0.3926257834233344
SSEG_03,63,105.02382206702252,0.018249936244055846,1.9166780568302264,1.916677914269365,0.018291725717327966,0.39148545640691834
SSEG_03,64,105.50486202540245,0.018166725009877125,1.916677815620514,1.9166776736020696,0.018208355438464295,0.39034515457900437
SSEG_03,65,105.9900462840116,0.018083564288192754,1.9166778158854494,1.9166776738161444,0.01812516699460141,0.3892048906474997
SSEG_03,66,106.48098383337734,0.018000193250476502,1.9166782865016563,1.9166781440526313,0.018041894879926763,0.3880645814523166
SSEG_03,67,104.07482756587832,0.018416347825236816,1.91667822430476,1.9166780798720033,0.018458127735372906,0.3969835223912024
SSEG_03,68,104.54699480231587,0.01833317368553518,1.9166782140116003,1.9166780701596642,0.018374787374974402,0.3958287361319706
SSEG_03,69,105.0233183818357,0.018250026506832728,1.9166783443040343,1.9166782004747234,0.018291619464751552,0.39467390542906905
SSEG_03,70,105.50627041475471,0.01816648524342019,1.9166781045779415,1.916677960018859,0.018208276247402316,0.3935190700207189
SSEG_03,71,105.99290525931524,0.018083079233429847,1.9166781039856207,1.9166779598467398,0.01812480207220766,0.3923642710748355
SSEG_03,72,106.48317743066457,0.017999825141586767,1.9166785742725208,1.9166784302455042,0.018041476531483115,0.3912094581931672
SSEG_03,73,104.07178468132425,0.01841688351740583,1.916677935924489,1.9166777937852004,0.018458531212153018,0.39376600080340873
SSEG_03,74,104.54613368149472,0.018333321942886643,1.9166779266669076,1.9166777840158757,0.018375162058846754,0.3926257225681707
SSEG_03,75,105.02382206702252,0.018249936244055846,1.9166780568302264,1.9166779140919377,0.018291693203130573,0.3914854561619921
SSEG_03,76,105.50460799096275,0.01816676875469315,1.9166778159263715,1.916677673786483,0.018208395526660426,0.3903451796557085
SSEG_03,77,105.98979600273555,0.0180836069899148,1.9166778158547124,1.916677673752875,0.018125202498701087,0.38920487772574597
SSEG_03,78,106.48128772835649,0.01800014188056114,1.9166782867352705,1.9166781442236578,0.01804188801164876,0.38806456386111376
SSEG_03,79,104.07482756587832,0.018416347825236816,1.91667822430476,1.916678079874818,0.018458112232615176,0.39698353805166786
SSEG_03,80,104.54687899742385,0.018333193996139842,1.9166782143507293,1.9166780703555186,0.018374823101573918,0.3958287156587077
SSEG_03,81,105.02446501954807,0.018249827257162215,1.916678344382628,1.9166782003774954,0.01829157720580059,0.39467387996428993
SSEG_03,82,105.50612912240697,0.018166509568857896,1.9166781042753631,1.9166779598685952,0.01820823548798148,0.3935191222593961
SSEG_03,83,105.99290528135015,0.018083079233429847,1.9166781043840797,1.9166779599386703,0.018124817883537384,0.39236431180110753
SSEG_03,84,106.48317743488857,0.017999825141586767,1.9166785743485522,1.9166784304645,0.018041476165731818,0.3912094529487783
SSEG_03,85,104.07239529328021,0.01841677546401006,1.916677936118039,1.9166777939479003,0.018458504971422346,0.3937660429872708
SSEG_03,86,104.54613368149472,0.018333321942886643,1.9166779266669076,1.9166777839435258,0.018375143606518422,0.39262573103395015
SSEG_03,87,105.0236239024512,0.01824997068036059,1.9166780569649524,1.9166779141590364,0.018291710373227372,0.39148541828186995
SSEG_03,88,105.50505246766811,0.0181666922208653,1.9166778159263715,1.916677673545995,0.01820838500227965,0.390345151241029
SSEG_03,89,105.99093394106991,0.018083412843132172,1.9166778160855173,1.9166776739058702,0.018125134094616514,0.38920488524042984
SSEG_03,90,106.48139473870398,0.018000123791002468,1.9166782867352705,1.9166781441580203,0.018041821376152643,0.3880646033051382
SSEG_03,91,104.07402679622392,0.018416489521851435,1.9166782239895432,1.9166780799252963,0.0184581397647261,0.3969835110182225
SSEG_03,92,104.54661871421091,0.018333239639152454,1.9166782143507293,1.9166780702731216,0.018374878426474228,0.3958286989995563
SSEG_03,93,105.02446501954807,0.018249827257162215,1.916678344382628,1.9166782003323726,0.01829163248947085,0.39467390146979453
SSEG_03,94,105.50644536056687,0.018166455122495272,1.9166781047767376,1.9166779599202701,0.018208265749307933,0.39351904406804783
SSEG_03,95,105.99275945265222,0.018083104112788708,1.9166781043840797,1.916677960087208,0.018124822260211056,0.3923642166843051
SSEG_03,96,106.48286951708741,0.017999877191898748,1.9166785743485522,1.9166784303057527,0.01804150716657414,0.3912094480425371
SSEG_03,97,104.07239529328021,0.01841677546401006,1.916677936118039,1.9166777938533432,0.018458449890309207,0.393766029586832
SSEG_03,98,104.54551748153226,0.018333429999999762,1.916677926561423,1.9166777840683016,0.018375145387583225,0.3926257469389709
SSEG_03,99,105.0236239024512,0.01824997068036059,1.9166780569649524,1.9166779142791135,0.01829172169167096,0.3914854491303018
SSEG_03,100,105.50505245539341,0.0181666922208653,1.9166778157033808,1.9166776734508542,0.018208358225306524,0.3903451467459568
SSEG_03,101,105.99093394106991,0.018083412843132172,1.9166778160855173,1.9166776738539664,0.018125113765999366,0.3892048735626208
SSEG_03,102,106.4814171530499,0.018000119999999953,1.9166782865249516,1.9166781440663372,0.01804180665853363,0.3880645909147564
SSEG_03,103,104.07453270698208,0.0184164,1.9166782241448648,1.9166780799887801,0.01845814534428012,0.3969835218910104
SSEG_03,104,104.54684474859255,0.01833320000000027,1.9166782141449252,1.9166780701952995,0.01837484078024454,0.39582871066110237
SSEG_03,105,105.02352845914558,0.01824999000000016,1.916678344144139,1.9166782004060543,0.01829165790941351,0.3946738844882762
SSEG_03,106,105.50644536056687,0.018166455122495272,1.9166781047767376,1.9166779599831627,0.01820829678024919,0.39351907917253987
SSEG_03,107,105.9927835462712,0.01808310000000013,1.9166781041455905,1.9166779599983395,0.018124811577245683,0.39236428833278125
SSEG_03,108,106.48286950565378,0.017999877191898748,1.9166785741427481,1.916678430201722,0.018041504594596514,0.3912094626268879
SSEG_03,109,104.07239529328021,0.01841677546401006,1.916677936118039,1.9166777938533432,0.01845844989030921,0.393766029586832
SSEG_03,110,104.54551748153226,0.018333429999999762,1.916677926561423,1.9166777840683016,0.018375145387583225,0.3926257469389709
SSEG_03,111,105.0236239024512,0.01824997068036059,1.9166780569649524,1.9166779142791133,0.01829172169167096,0.3914854491303018
SSEG_03,112,105.50505245539341,0.0181666922208653,1.9166778157033808,1.9166776734508542,0.018208358225306524,0.3903451467459568
SSEG_03,113,105.99093394106991,0.018083412843132172,1.9166778160855173,1.9166776738539664,0.018125113765999363,0.3892048735626208
SSEG_03,114,106.4814171530499,0.018000119999999953,1.9166782865249516,1.9166781440663372,0.01804180665853363,0.3880645909147564
SSEG_03,115,104.07453270698208,0.0184164,1.9166782241448648,1.9166780799887801,0.01845814534428012,0.3969835218910104
SSEG_03,116,104.54684474859255,0.01833320000000027,1.9166782141449252,1.9166780701952995,0.01837484078024454,0.39582871066110237
SSEG_03,117,105.02352845914558,0.01824999000000016,1.916678344144139,1.916678200406054,0.01829165790941351,0.3946738844882762
SSEG_03,118,105.50644536056687,0.018166455122495272,1.9166781047767376,1.9166779599831627,0.01820829678024919,0.39351907917253987
SSEG_03,119,105.9927835462712,0.01808310000000013,1.9166781041455905,1.9166779599983397,0.018124811577245683,0.39236428833278125
SSEG_03,120,106.48286950565378,0.017999877191898748,1.9166785741427481,1.9166784302017221,0.01804150459459651,0.3912094626268879
SSEG_03,121,104.07239529328021,0.01841677546401006,1.916677936118039,1.9166777939479003,0.018458504971422346,0.3937660429872708
SSEG_03,122,104.54613368149472,0.018333321942886643,1.9166779266669076,1.9166777839435258,0.018375143606518422,0.39262573103395015
SSEG_03,123,105.0236239024512,0.01824997068036059,1.9166780569649524,1.9166779141590364,0.018291710373227372,0.39148541828186995
SSEG_03,124,105.50505246766811,0.0181666922208653,1.9166778159263715,1.9166776735459952,0.01820838500227965,0.390345151241029
SSEG_03,125,105.99093394106991,0.018083412843132172,1.9166778160855173,1.9166776739058704,0.018125134094616517,0.38920488524042984
SSEG_03,126,106.48139473870398,0.018000123791002468,1.9166782867352705,1.91667814415802,0.018041821376152647,0.3880646033051382
SSEG_03,127,104.07402679622392,0.018416489521851435,1.9166782239895432,1.9166780799252963,0.0184581397647261,0.3969835110182225
SSEG_03,128,104.54661871421091,0.018333239639152454,1.9166782143507293,1.9166780702731216,0.018374878426474225,0.3958286989995563
SSEG_03,129,105.02446501954807,0.018249827257162215,1.916678344382628,1.9166782003323728,0.01829163248947085,0.39467390146979453
SSEG_03,130,105.50644536056687,0.018166455122495272,1.9166781047767376,1.9166779599202701,0.018208265749307933,0.39351904406804783
SSEG_03,131,105.99275945265222,0.018083104112788708,1.9166781043840797,1.916677960087208,0.018124822260211056,0.3923642166843051
SSEG_03,132,106.48286951708741,0.017999877191898748,1.9166785743485522,1.9166784303057527,0.01804150716657414,0.3912094480425371
SSEG_03,133,104.07178468132425,0.01841688351740583,1.916677935924489,1.9166777937852004,0.018458531212153018,0.39376600080340873
SSEG_03,134,104.54613368149472,0.018333321942886643,1.9166779266669076,1.9166777840158757,0.018375162058846754,0.3926257225681707
SSEG_03,135,105.02382206702252,0.018249936244055846,1.9166780568302264,1.9166779140919377,0.018291693203130576,0.3914854561619921
SSEG_03,136,105.50460799096275,0.01816676875469315,1.9166778159263715,1.9166776737864828,0.018208395526660426,0.3903451796557085
SSEG_03,137,105.98979600273555,0.0180836069899148,1.9166778158547124,1.916677673752875,0.018125202498701087,0.38920487772574597
SSEG_03,138,106.48128772835649,0.01800014188056114,1.9166782867352705,1.916678144223658,0.01804188801164876,0.38806456386111376
SSEG_03,139,104.07482756587832,0.018416347825236816,1.91667822430476,1.916678079874818,0.018458112232615176,0.39698353805166786
SSEG_03,140,104.54687899742385,0.018333193996139842,1.9166782143507293,1.9166780703555186,0.01837482310157392,0.3958287156587077
SSEG_03,141,105.02446501954807,0.018249827257162215,1.916678344382628,1.9166782003774954,0.018291577205800595,0.39467387996428993
SSEG_03,142,105.50612912240697,0.018166509568857896,1.9166781042753631,1.9166779598685952,0.01820823548798148,0.3935191222593961
SSEG_03,143,105.99290528135015,0.018083079233429847,1.9166781043840797,1.9166779599386703,0.018124817883537384,0.39236431180110753
SSEG_03,144,106.48317743488857,0.017999825141586767,1.9166785743485522,1.9166784304644997,0.018041476165731818,0.3912094529487783
SSEG_03,145,104.07237091568756,0.018416779773111635,1.9166779356198063,1.9166777936078654,0.018458438286319195,0.39376603998757465
SSEG_03,146,104.54533589914365,0.018333461842240894,1.9166779264912073,1.9166777841276985,0.01837515954263561,0.3926257834233344
SSEG_03,147,105.02382206702252,0.018249936244055846,1.9166780568302264,1.9166779142693648,0.01829172571732797,0.39148545640691834
SSEG_03,148,105.50486202540245,0.018166725009877125,1.916677815620514,1.9166776736020696,0.01820835543846429,0.39034515457900437
SSEG_03,149,105.9900462840116,0.018083564288192754,1.9166778158854494,1.9166776738161442,0.018125166994601406,0.3892048906474997
SSEG_03,150,106.48098383337734,0.018000193250476502,1.9166782865016563,1.9166781440526313,0.018041894879926763,0.3880645814523166
SSEG_03,151,104.07482756587832,0.018416347825236816,1.91667822430476,1.9166780798720033,0.018458127735372906,0.3969835223912024
SSEG_03,152,104.54699480231587,0.01833317368553518,1.9166782140116003,1.9166780701596642,0.018374787374974402,0.3958287361319706
SSEG_03,153,105.0233183818357,0.018250026506832728,1.9166783443040343,1.9166782004747234,0.018291619464751552,0.39467390542906905
SSEG_03,154,105.50627041475471,0.01816648524342019,1.9166781045779415,1.916677960018859,0.018208276247402316,0.3935190700207189
SSEG_03,155,105.99290525931524,0.018083079233429847,1.9166781039856207,1.9166779598467398,0.01812480207220766,0.3923642710748355
SSEG_03,156,106.48317743066457,0.017999825141586767,1.9166785742725208,1.9166784302455044,0.018041476531483115,0.3912094581931672
SSEG_03,157,104.07237091568756,0.018416779773111635,1.9166779356198063,1.9166777935396064,0.01845840931055844,0.39376603705140245
SSEG_03,158,104.54504394615913,0.018333513037784084,1.9166779262226183,1.9166777841256164,0.018375146405447858,0.3926257106941202
SSEG_03,159,105.02350266987465,0.018249991745231047,1.916678056780463,1.916677914248292,0.018291752391507564,0.39148543383431267
SSEG_03,160,105.50486202540245,0.018166725009877125,1.916677815620514,1.9166776735273159,0.018208358377554086,0.3903451499034374
SSEG_03,161,105.9900462840116,0.018083564288192754,1.9166778158854494,1.9166776739703377,0.01812514464903494,0.38920486243702823
SSEG_03,162,106.48087257527239,0.01800021205539519,1.916678286198417,1.9166781439566078,0.018041888171793974,0.3880646209325597
SSEG_03,163,104.07434059669411,0.01841643399298578,1.9166782239625375,1.916678079791172,0.01845814484640741,0.3969835249337591
SSEG_03,164,104.54699480231587,0.01833317368553518,1.9166782140116003,1.9166780701171093,0.01837480383926048,0.3958287028874625
SSEG_03,165,105.02298940593404,0.018250083670498456,1.9166783439841693,1.9166782003823162,0.018291628678016817,0.39467388437670003
SSEG_03,166,105.50627041475471,0.01816648524342019,1.9166781045779415,1.9166779600992276,0.018208284456959323,0.3935190587948696
SSEG_03,167,105.99258282421712,0.01808313424312271,1.9166781039856207,1.916677959935535,0.01812480974327145,0.3923642756394461
SSEG_03,168,106.48292678707698,0.017999867507793144,1.916678574009423,1.9166784301039201,0.018041500875457927,0.39120949601955646
SSEG_03,169,104.07237091568756,0.018416779773111635,1.9166779356198063,1.9166777936078654,0.018458438286319195,0.39376603998757465
SSEG_03,170,104.54533589914365,0.018333461842240894,1.9166779264912073,1.9166777841276983,0.018375159542635612,0.3926257834233344
SSEG_03,171,105.02382206702252,0.018249936244055846,1.9166780568302264,1.916677914269365,0.018291725717327966,0.39148545640691834
SSEG_03,172,105.50486202540245,0.018166725009877125,1.916677815620514,1.9166776736020696,0.018208355438464295,0.39034515457900437
SSEG_03,173,105.9900462840116,0.018083564288192754,1.9166778158854494,1.9166776738161444,0.01812516699460141,0.3892048906474997
SSEG_03,174,106.48098383337734,0.018000193250476502,1.9166782865016563,1.9166781440526313,0.018041894879926763,0.3880645814523166
SSEG_03,175,104.07482756587832,0.018416347825236816,1.91667822430476,1.9166780798720033,0.018458127735372906,0.3969835223912024
SSEG_03,176,104.54699480231587,0.01833317368553518,1.9166782140116003,1.9166780701596642,0.018374787374974402,0.3958287361319706
SSEG_03,177,105.0233183818357,0.018250026506832728,1.9166783443040343,1.9166782004747234,0.018291619464751552,0.39467390542906905
SSEG_03,178,105.50627041475471,0.01816648524342019,1.9166781045779415,1.916677960018859,0.018208276247402316,0.3935190700207189
SSEG_03,179,105.99290525931524,0.018083079233429847,1.9166781039856207,1.9166779598467398,0.01812480207220766,0.3923642710748355
SSEG_03,180,106.48317743066457,0.017999825141586767,1.9166785742725208,1.9166784302455042,0.018041476531483115,0.3912094581931672
SSEG_03,181,104.07178468132425,0.01841688351740583,1.916677935924489,1.9166777937852004,0.018458531212153018,0.39376600080340873
SSEG_03,182,104.54613368149472,0.018333321942886643,1.9166779266669076,1.9166777840158757,0.018375162058846754,0.3926257225681707
SSEG_03,183,105.02382206702252,0.018249936244055846,1.9166780568302264,1.9166779140919377,0.018291693203130573,0.3914854561619921
SSEG_03,184,105.50460799096275,0.01816676875469315,1.9166778159263715,1.916677673786483,0.018208395526660426,0.3903451796557085
SSEG_03,185,105.98979600273555,0.0180836069899148,1.9166778158547124,1.916677673752875,0.018125202498701087,0.38920487772574597
SSEG_03,186,106.48128772835649,0.01800014188056114,1.9166782867352705,1.9166781442236578,0.01804188801164876,0.38806456386111376
SSEG_03,187,104.07482756587832,0.018416347825236816,1.91667822430476,1.916678079874818,0.018458112232615176,0.39698353805166786
SSEG_03,188,104.54687899742385,0.018333193996139842,1.9166782143507293,1.9166780703555186,0.018374823101573918,0.3958287156587077
SSEG_03,189,105.02446501954807,0.018249827257162215,1.916678344382628,1.9166782003774954,0.01829157720580059,0.39467387996428993
SSEG_03,190,105.50612912240697,0.018166509568857896,1.9166781042753631,1.9166779598685952,0.01820823548798148,0.3935191222593961
SSEG_03,191,105.99290528135015,0.018083079233429847,1.9166781043840797,1.9166779599386703,0.018124817883537384,0.39236431180110753
SSEG_03,192,106.48317743488857,0.017999825141586767,1.9166785743485522,1.9166784304645,0.018041476165731818,0.3912094529487783
SSEG_03,193,104.07239529328021,0.01841677546401006,1.916677936118039,1.9166777939479003,0.018458504971422346,0.3937660429872708
SSEG_03,194,104.54613368149472,0.018333321942886643,1.9166779266669076,1.9166777839435258,0.018375143606518422,0.39262573103395015
SSEG_03,195,105.0236239024512,0.01824997068036059,1.9166780569649524,1.9166779141590364,0.018291710373227372,0.39148541828186995
SSEG_03,196,105.50505246766811,0.0181666922208653,1.9166778159263715,1.916677673545995,0.01820838500227965,0.390345151241029
SSEG_03,197,105.99093394106991,0.018083412843132172,1.9166778160855173,1.9166776739058702,0.018125134094616514,0.38920488524042984
SSEG_03,198,106.48139473870398,0.018000123791002468,1.9166782867352705,1.9166781441580203,0.018041821376152643,0.3880646033051382
SSEG_03,199,104.07402679622392,0.018416489521851435,1.9166782239895432,1.9166780799252963,0.0184581397647261,0.3969835110182225
SSEG_03,200,104.54661871421091,0.018333239639152454,1.9166782143507293,1.9166780702731216,0.018374878426474228,0.3958286989995563
SSEG_03,201,105.02446501954807,0.018249827257162215,1.916678344382628,1.9166782003323726,0.01829163248947085,0.39467390146979453
SSEG_03,202,105.50644536056687,0.018166455122495272,1.9166781047767376,1.9166779599202701,0.018208265749307933,0.39351904406804783
SSEG_03,203,105.99275945265222,0.018083104112788708,1.9166781043840797,1.916677960087208,0.018124822260211056,0.3923642166843051
SSEG_03,204,106.48286951708741,0.017999877191898748,1.9166785743485522,1.9166784303057527,0.01804150716657414,0.3912094480425371
SSEG_03,205,104.07239529328021,0.01841677546401006,1.916677936118039,1.9166777938533432,0.018458449890309207,0.393766029586832
SSEG_03,206,104.54551748153226,0.018333429999999762,1.916677926561423,1.9166777840683016,0.018375145387583225,0.3926257469389709
SSEG_03,207,105.0236239024512,0.01824997068036059,1.9166780569649524,1.9166779142791135,0.01829172169167096,0.3914854491303018
SSEG_03,208,105.50505245539341,0.0181666922208653,1.9166778157033808,1.9166776734508542,0.018208358225306524,0.3903451467459568
SSEG_03,209,105.99093394106991,0.018083412843132172,1.9166778160855173,1.9166776738539664,0.018125113765999366,0.3892048735626208
SSEG_03,210,106.4814171530499,0.018000119999999953,1.9166782865249516,1.9166781440663372,0.01804180665853363,0.3880645909147564
SSEG_03,211,104.07453270698208,0.0184164,1.9166782241448648,1.9166780799887801,0.01845814534428012,0.3969835218910104
SSEG_03,212,104.54684474859255,0.01833320000000027,1.9166782141449252,1.9166780701952995,0.01837484078024454,0.39582871066110237
SSEG_03,213,105.02352845914558,0.01824999000000016,1.916678344144139,1.9166782004060543,0.01829165790941351,0.3946738844882762
SSEG_03,214,105.50644536056687,0.018166455122495272,1.9166781047767376,1.9166779599831627,0.01820829678024919,0.39351907917253987
SSEG_03,215,105.9927835462712,0.01808310000000013,1.9166781041455905,1.9166779599983395,0.018124811577245683,0.39236428833278125
SSEG_03,216,106.48286950565378,0.017999877191898748,1.9166785741427481,1.916678430201722,0.018041504594596514,0.3912094626268879
SSEG_03,217,104.07239529328021,0.01841677546401006,1.916677936118039,1.9166777938533432,0.01845844989030921,0.393766029586832
SSEG_03,218,104.54551748153226,0.018333429999999762,1.916677926561423,1.9166777840683016,0.018375145387583225,0.3926257469389709
SSEG_03,219,105.0236239024512,0.01824997068036059,1.9166780569649524,1.9166779142791133,0.01829172169167096,0.3914854491303018
SSEG_03,220,105.50505245539341,0.0181666922208653,1.9166778157033808,1.9166776734508542,0.018208358225306524,0.3903451467459568
SSEG_03,221,105.99093394106991,0.018083412843132172,1.9166778160855173,1.9166776738539664,0.018125113765999363,0.3892048735626208
SSEG_03,222,106.4814171530499,0.018000119999999953,1.9166782865249516,1.9166781440663372,0.01804180665853363,0.3880645909147564
SSEG_03,223,104.07453270698208,0.0184164,1.9166782241448648,1.9166780799887801,0.01845814534428012,0.3969835218910104
SSEG_03,224,104.54684474859255,0.01833320000000027,1.9166782141449252,1.9166780701952995,0.01837484078024454,0.39582871066110237
SSEG_03,225,105.02352845914558,0.01824999000000016,1.916678344144139,1.916678200406054,0.01829165790941351,0.3946738844882762
SSEG_03,226,105.50644536056687,0.018166455122495272,1.9166781047767376,1.9166779599831627,0.01820829678024919,0.39351907917253987
SSEG_03,227,105.9927835462712,0.01808310000000013,1.9166781041455905,1.9166779599983397,0.018124811577245683,0.39236428833278125
SSEG_03,228,106.48286950565378,0.017999877191898748,1.9166785741427481,1.9166784302017221,0.01804150459459651,0.3912094626268879
SSEG_03,229,104.07239529328021,0.01841677546401006,1.916677936118039,1.9166777939479003,0.018458504971422346,0.3937660429872708
SSEG_03,230,104.54613368149472,0.018333321942886643,1.9166779266669076,1.9166777839435258,0.018375143606518422,0.39262573103395015
SSEG_03,231,105.0236239024512,0.01824997068036059,1.9166780569649524,1.9166779141590364,0.018291710373227372,0.39148541828186995
SSEG_03,232,105.50505246766811,0.0181666922208653,1.9166778159263715,1.9166776735459952,0.01820838500227965,0.390345151241029
SSEG_03,233,105.99093394106991,0.018083412843132172,1.9166778160855173,1.9166776739058704,0.018125134094616517,0.38920488524042984
SSEG_03,234,106.48139473870398,0.018000123791002468,1.9166782867352705,1.91667814415802,0.018041821376152647,0.3880646033051382
SSEG_03,235,104.07402679622392,0.018416489521851435,1.9166782239895432,1.9166780799252963,0.0184581397647261,0.3969835110182225
SSEG_03,236,104.54661871421091,0.018333239639152454,1.9166782143507293,1.9166780702731216,0.018374878426474225,0.3958286989995563
SSEG_03,237,105.02446501954807,0.018249827257162215,1.916678344382628,1.9166782003323728,0.01829163248947085,0.39467390146979453
SSEG_03,238,105.50644536056687,0.018166455122495272,1.9166781047767376,1.9166779599202701,0.018208265749307933,0.39351904406804783
SSEG_03,239,105.99275945265222,0.018083104112788708,1.9166781043840797,1.916677960087208,0.018124822260211056,0.3923642166843051
SSEG_03,240,106.48286951708741,0.017999877191898748,1.9166785743485522,1.9166784303057527,0.01804150716657414,0.3912094480425371
SSEG_03,241,104.07178468132425,0.01841688351740583,1.916677935924489,1.9166777937852004,0.018458531212153018,0.39376600080340873
SSEG_03,242,104.54613368149472,0.018333321942886643,1.9166779266669076,1.9166777840158757,0.018375162058846754,0.3926257225681707
SSEG_03,243,105.02382206702252,0.018249936244055846,1.9166780568302264,1.9166779140919377,0.018291693203130576,0.3914854561619921
SSEG_03,244,105.50460799096275,0.01816676875469315,1.9166778159263715,1.9166776737864828,0.018208395526660426,0.3903451796557085
SSEG_03,245,105.98979600273555,0.0180836069899148,1.9166778158547124,1.916677673752875,0.018125202498701087,0.38920487772574597
SSEG_03,246,106.48128772835649,0.01800014188056114,1.9166782867352705,1.916678144223658,0.01804188801164876,0.38806456386111376
SSEG_03,247,104.07482756587832,0.018416347825236816,1.91667822430476,1.916678079874818,0.018458112232615176,0.39698353805166786
SSEG_03,248,104.54687899742385,0.018333193996139842,1.9166782143507293,1.9166780703555186,0.01837482310157392,0.3958287156587077
SSEG_03,249,105.02446501954807,0.018249827257162215,1.916678344382628,1.9166782003774954,0.018291577205800595,0.39467387996428993
SSEG_03,250,105.50612912240697,0.018166509568857896,1.9166781042753631,1.9166779598685952,0.01820823548798148,0.3935191222593961
SSEG_03,251,105.99290528135015,0.018083079233429847,1.9166781043840797,1.9166779599386703,0.018124817883537384,0.39236431180110753
SSEG_03,252,106.48317743488857,0.017999825141586767,1.9166785743485522,1.9166784304644997,0.018041476165731818,0.3912094529487783
SSEG_03,253,104.07237091568756,0.018416779773111635,1.9166779356198063,1.9166777936078654,0.018458438286319195,0.39376603998757465
SSEG_03,254,104.54533589914365,0.018333461842240894,1.9166779264912073,1.9166777841276985,0.01837515954263561,0.3926257834233344
SSEG_03,255,105.02382206702252,0.018249936244055846,1.9166780568302264,1.9166779142693648,0.01829172571732797,0.39148545640691834
SSEG_03,256,105.50486202540245,0.018166725009877125,1.916677815620514,1.9166776736020696,0.01820835543846429,0.39034515457900437
SSEG_03,257,105.9900462840116,0.018083564288192754,1.9166778158854494,1.9166776738161442,0.018125166994601406,0.3892048906474997
SSEG_03,258,106.48098383337734,0.018000193250476502,1.9166782865016563,1.9166781440526313,0.018041894879926763,0.3880645814523166
SSEG_03,259,104.07482756587832,0.018416347825236816,1.91667822430476,1.9166780798720033,0.018458127735372906,0.3969835223912024
SSEG_03,260,104.54699480231587,0.01833317368553518,1.9166782140116003,1.9166780701596642,0.018374787374974402,0.3958287361319706
SSEG_03,261,105.0233183818357,0.018250026506832728,1.9166783443040343,1.9166782004747234,0.018291619464751552,0.39467390542906905
SSEG_03,262,105.50627041475471,0.01816648524342019,1.9166781045779415,1.916677960018859,0.018208276247402316,0.3935190700207189
SSEG_03,263,105.99290525931524,0.018083079233429847,1.9166781039856207,1.9166779598467398,0.01812480207220766,0.3923642710748355
SSEG_03,264,106.48317743066457,0.017999825141586767,1.9166785742725208,1.9166784302455044,0.018041476531483115,0.3912094581931672
SSEG_03,265,104.07237091568756,0.018416779773111635,1.9166779356198063,1.9166777935396064,0.01845840931055844,0.39376603705140245
SSEG_03,266,104.54504394615913,0.018333513037784084,1.9166779262226183,1.9166777841256164,0.018375146405447858,0.3926257106941202
SSEG_03,267,105.02350266987465,0.018249991745231047,1.916678056780463,1.916677914248292,0.018291752391507564,0.39148543383431267
SSEG_03,268,105.50486202540245,0.018166725009877125,1.916677815620514,1.9166776735273159,0.018208358377554086,0.3903451499034374
SSEG_03,269,105.9900462840116,0.018083564288192754,1.9166778158854494,1.9166776739703377,0.01812514464903494,0.38920486243702823
SSEG_03,270,106.48087257527239,0.01800021205539519,1.916678286198417,1.9166781439566078,0.018041888171793974,0.3880646209325597
SSEG_03,271,104.07434059669411,0.01841643399298578,1.9166782239625375,1.916678079791172,0.01845814484640741,0.3969835249337591
SSEG_03,272,104.54699480231587,0.01833317368553518,1.9166782140116003,1.9166780701171093,0.01837480383926048,0.3958287028874625
SSEG_03,273,105.02298940593404,0.018250083670498456,1.9166783439841693,1.9166782003823162,0.018291628678016817,0.39467388437670003
SSEG_03,274,105.50627041475471,0.01816648524342019,1.9166781045779415,1.9166779600992276,0.018208284456959323,0.3935190587948696
SSEG_03,275,105.99258282421712,0.01808313424312271,1.9166781039856207,1.916677959935535,0.01812480974327145,0.3923642756394461
SSEG_03,276,106.48292678707698,0.017999867507793144,1.916678574009423,1.9166784301039201,0.018041500875457927,0.39120949601955646
SSEG_03,277,104.07237091568756,0.018416779773111635,1.9166779356198063,1.9166777936078654,0.018458438286319195,0.39376603998757465
SSEG_03,278,104.54533589914365,0.018333461842240894,1.9166779264912073,1.9166777841276983,0.018375159542635612,0.3926257834233344
SSEG_03,279,105.02382206702252,0.018249936244055846,1.9166780568302264,1.916677914269365,0.018291725717327966,0.39148545640691834
SSEG_03,280,105.50486202540245,0.018166725009877125,1.916677815620514,1.9166776736020696,0.018208355438464295,0.39034515457900437
SSEG_03,281,105.9900462840116,0.018083564288192754,1.9166778158854494,1.9166776738161444,0.01812516699460141,0.3892048906474997
SSEG_03,282,106.48098383337734,0.018000193250476502,1.9166782865016563,1.9166781440526313,0.018041894879926763,0.3880645814523166
SSEG_03,283,104.07482756587832,0.018416347825236816,1.91667822430476,1.9166780798720033,0.018458127735372906,0.3969835223912024
SSEG_03,284,104.54699480231587,0.01833317368553518,1.9166782140116003,1.9166780701596642,0.018374787374974402,0.3958287361319706
SSEG_03,285,105.0233183818357,0.018250026506832728,1.9166783443040343,1.9166782004747234,0.018291619464751552,0.39467390542906905
SSEG_03,286,105.50627041475471,0.01816648524342019,1.9166781045779415,1.916677960018859,0.018208276247402316,0.3935190700207189
SSEG_03,287,105.99290525931524,0.018083079233429847,1.9166781039856207,1.9166779598467398,0.01812480207220766,0.3923642710748355
SSEG_03,288,106.48317743066457,0.017999825141586767,1.9166785742725208,1.9166784302455042,0.018041476531483115,0.3912094581931672
SSEG_03,289,104.07178468132425,0.01841688351740583,1.916677935924489,1.9166777937852004,0.018458531212153018,0.39376600080340873
SSEG_03,290,104.54613368149472,0.018333321942886643,1.9166779266669076,1.9166777840158757,0.018375162058846754,0.3926257225681707
SSEG_03,291,105.02382206702252,0.018249936244055846,1.9166780568302264,1.9166779140919377,0.018291693203130573,0.3914854561619921
SSEG_03,292,105.50460799096275,0.01816676875469315,1.9166778159263715,1.916677673786483,0.018208395526660426,0.3903451796557085
SSEG_03,293,105.98979600273555,0.0180836069899148,1.9166778158547124,1.916677673752875,0.018125202498701087,0.38920487772574597
SSEG_03,294,106.48128772835649,0.01800014188056114,1.9166782867352705,1.9166781442236578,0.01804188801164876,0.38806456386111376
SSEG_03,295,104.07482756587832,0.018416347825236816,1.91667822430476,1.916678079874818,0.018458112232615176,0.39698353805166786
SSEG_03,296,104.54687899742385,0.018333193996139842,1.9166782143507293,1.9166780703555186,0.018374823101573918,0.3958287156587077
SSEG_03,297,105.02446501954807,0.018249827257162215,1.916678344382628,1.9166782003774954,0.01829157720580059,0.39467387996428993
SSEG_03,298,105.50612912240697,0.018166509568857896,1.9166781042753631,1.9166779598685952,0.01820823548798148,0.3935191222593961
SSEG_03,299,105.99290528135015,0.018083079233429847,1.9166781043840797,1.9166779599386703,0.018124817883537384,0.39236431180110753
SSEG_03,300,106.48317743488857,0.017999825141586767,1.9166785743485522,1.9166784304645,0.018041476165731818,0.3912094529487783
SSEG_03,301,104.07239529328021,0.01841677546401006,1.916677936118039,1.9166777939479003,0.018458504971422346,0.3937660429872708
SSEG_03,302,104.54613368149472,0.018333321942886643,1.9166779266669076,1.9166777839435258,0.018375143606518422,0.39262573103395015
SSEG_03,303,105.0236239024512,0.01824997068036059,1.9166780569649524,1.9166779141590364,0.018291710373227372,0.39148541828186995
SSEG_03,304,105.50505246766811,0.0181666922208653,1.9166778159263715,1.916677673545995,0.01820838500227965,0.390345151241029
SSEG_03,305,105.99093394106991,0.018083412843132172,1.9166778160855173,1.9166776739058702,0.018125134094616514,0.38920488524042984
SSEG_03,306,106.48139473870398,0.018000123791002468,1.9166782867352705,1.9166781441580203,0.018041821376152643,0.3880646033051382
SSEG_03,307,104.07402679622392,0.018416489521851435,1.9166782239895432,1.9166780799252963,0.0184581397647261,0.3969835110182225
SSEG_03,308,104.54661871421091,0.018333239639152454,1.9166782143507293,1.9166780702731216,0.018374878426474228,0.3958286989995563
SSEG_03,309,105.02446501954807,0.018249827257162215,1.916678344382628,1.9166782003323726,0.01829163248947085,0.39467390146979453
SSEG_03,310,105.50644536056687,0.018166455122495272,1.9166781047767376,1.9166779599202701,0.018208265749307933,0.39351904406804783
SSEG_03,311,105.99275945265222,0.018083104112788708,1.9166781043840797,1.916677960087208,0.018124822260211056,0.3923642166843051
SSEG_03,312,106.48286951708741,0.017999877191898748,1.9166785743485522,1.9166784303057527,0.01804150716657414,0.3912094480425371
SSEG_03,313,104.07239529328021,0.01841677546401006,1.916677936118039,1.9166777938533432,0.018458449890309207,0.393766029586832
SSEG_03,314,104.54551748153226,0.018333429999999762,1.916677926561423,1.9166777840683016,0.018375145387583225,0.3926257469389709
SSEG_03,315,105.0236239024512,0.01824997068036059,1.9166780569649524,1.9166779142791135,0.01829172169167096,0.3914854491303018
SSEG_03,316,105.50505245539341,0.0181666922208653,1.9166778157033808,1.9166776734508542,0.018208358225306524,0.3903451467459568
SSEG_03,317,105.99093394106991,0.018083412843132172,1.9166778160855173,1.9166776738539664,0.018125113765999366,0.3892048735626208
SSEG_03,318,106.4814171530499,0.018000119999999953,1.9166782865249516,1.9166781440663372,0.01804180665853363,0.3880645909147564
SSEG_03,319,104.07453270698208,0.0184164,1.9166782241448648,1.9166780799887801,0.01845814534428012,0.3969835218910104
SSEG_03,320,104.54684474859255,0.01833320000000027,1.9166782141449252,1.9166780701952995,0.01837484078024454,0.39582871066110237
SSEG_03,321,105.02352845914558,0.01824999000000016,1.916678344144139,1.9166782004060543,0.01829165790941351,0.3946738844882762
SSEG_03,322,105.50644536056687,0.018166455122495272,1.9166781047767376,1.9166779599831627,0.01820829678024919,0.39351907917253987
SSEG_03,323,105.9927835462712,0.01808310000000013,1.9166781041455905,1.9166779599983395,0.018124811577245683,0.39236428833278125
SSEG_03,324,106.48286950565378,0.017999877191898748,1.9166785741427481,1.916678430201722,0.018041504594596514,0.3912094626268879
SSEG_03,325,104.07239529328021,0.01841677546401006,1.916677936118039,1.9166777938533432,0.01845844989030921,0.393766029586832
SSEG_03,326,104.54551748153226,0.018333429999999762,1.916677926561423,1.9166777840683016,0.018375145387583225,0.3926257469389709
SSEG_03,327,105.0236239024512,0.01824997068036059,1.9166780569649524,1.9166779142791133,0.01829172169167096,0.3914854491303018
SSEG_03,328,105.50505245539341,0.0181666922208653,1.9166778157033808,1.9166776734508542,0.018208358225306524,0.3903451467459568
SSEG_03,329,105.99093394106991,0.018083412843132172,1.9166778160855173,1.9166776738539664,0.018125113765999363,0.3892048735626208
SSEG_03,330,106.4814171530499,0.018000119999999953,1.9166782865249516,1.9166781440663372,0.01804180665853363,0.3880645909147564
SSEG_03,331,104.07453270698208,0.0184164,1.9166782241448648,1.9166780799887801,0.01845814534428012,0.3969835218910104
SSEG_03,332,104.54684474859255,0.01833320000000027,1.9166782141449252,1.9166780701952995,0.01837484078024454,0.39582871066110237
SSEG_03,333,105.02352845914558,0.01824999000000016,1.916678344144139,1.916678200406054,0.01829165790941351,0.3946738844882762
SSEG_03,334,105.50644536056687,0.018166455122495272,1.9166781047767376,1.9166779599831627,0.01820829678024919,0.39351907917253987
SSEG_03,335,105.9927835462712,0.01808310000000013,1.9166781041455905,1.9166779599983397,0.018124811577245683,0.39236428833278125
SSEG_03,336,106.48286950565378,0.017999877191898748,1.9166785741427481,1.9166784302017221,0.01804150459459651,0.3912094626268879
SSEG_03,337,104.07239529328021,0.01841677546401006,1.916677936118039,1.9166777939479003,0.018458504971422346,0.3937660429872708
SSEG_03,338,104.54613368149472,0.018333321942886643,1.9166779266669076,1.9166777839435258,0.018375143606518422,0.39262573103395015
SSEG_03,339,105.0236239024512,0.01824997068036059,1.9166780569649524,1.9166779141590364,0.018291710373227372,0.39148541828186995
SSEG_03,340,105.50505246766811,0.0181666922208653,1.9166778159263715,1.9166776735459952,0.01820838500227965,0.390345151241029
SSEG_03,341,105.99093394106991,0.018083412843132172,1.9166778160855173,1.9166776739058704,0.018125134094616517,0.38920488524042984
SSEG_03,342,106.48139473870398,0.018000123791002468,1.9166782867352705,1.91667814415802,0.018041821376152647,0.3880646033051382
SSEG_03,343,104.07402679622392,0.018416489521851435,1.9166782239895432,1.9166780799252963,0.0184581397647261,0.3969835110182225
SSEG_03,344,104.54661871421091,0.018333239639152454,1.9166782143507293,1.9166780702731216,0.018374878426474225,0.3958286989995563
SSEG_03,345,105.02446501954807,0.018249827257162215,1.916678344382628,1.9166782003323728,0.01829163248947085,0.39467390146979453
SSEG_03,346,105.50644536056687,0.018166455122495272,1.9166781047767376,1.9166779599202701,0.018208265749307933,0.39351904406804783
SSEG_03,347,105.99275945265222,0.018083104112788708,1.9166781043840797,1.916677960087208,0.018124822260211056,0.3923642166843051
SSEG_03,348,106.48286951708741,0.017999877191898748,1.9166785743485522,1.9166784303057527,0.01804150716657414,0.3912094480425371
SSEG_03,349,104.07178468132425,0.01841688351740583,1.916677935924489,1.9166777937852004,0.018458531212153018,0.39376600080340873
SSEG_03,350,104.54613368149472,0.018333321942886643,1.9166779266669076,1.9166777840158757,0.018375162058846754,0.3926257225681707
SSEG_03,351,105.02382206702252,0.018249936244055846,1.9166780568302264,1.9166779140919377,0.018291693203130576,0.3914854561619921
SSEG_03,352,105.50460799096275,0.01816676875469315,1.9166778159263715,1.9166776737864828,0.018208395526660426,0.3903451796557085
SSEG_03,353,105.98979600273555,0.0180836069899148,1.9166778158547124,1.916677673752875,0.018125202498701087,0.38920487772574597
SSEG_03,354,106.48128772835649,0.01800014188056114,1.9166782867352705,1.916678144223658,0.01804188801164876,0.38806456386111376
SSEG_03,355,104.07482756587832,0.018416347825236816,1.91667822430476,1.916678079874818,0.018458112232615176,0.39698353805166786
SSEG_03,356,104.54687899742385,0.018333193996139842,1.9166782143507293,1.9166780703555186,0.01837482310157392,0.3958287156587077
SSEG_03,357,105.02446501954807,0.018249827257162215,1.916678344382628,1.9166782003774954,0.018291577205800595,0.39467387996428993
SSEG_03,358,105.50612912240697,0.018166509568857896,1.9166781042753631,1.9166779598685952,0.01820823548798148,0.3935191222593961
SSEG_03,359,105.99290528135015,0.018083079233429847,1.9166781043840797,1.9166779599386703,0.018124817883537384,0.39236431180110753
SSEG_03,360,106.48317743488857,0.017999825141586767,1.9166785743485522,1.9166784304644997,0.018041476165731818,0.3912094529487783
SSEG_03,361,104.07237091568756,0.018416779773111635,1.9166779356198063,1.9166777936078654,0.018458438286319195,0.39376603998757465
SSEG_03,362,104.54533589914365,0.018333461842240894,1.9166779264912073,1.9166777841276985,0.01837515954263561,0.3926257834233344
SSEG_03,363,105.02382206702252,0.018249936244055846,1.9166780568302264,1.9166779142693648,0.01829172571732797,0.39148545640691834
SSEG_03,364,105.50486202540245,0.018166725009877125,1.916677815620514,1.9166776736020696,0.01820835543846429,0.39034515457900437
SSEG_03,365,105.9900462840116,0.018083564288192754,1.9166778158854494,1.9166776738161442,0.018125166994601406,0.3892048906474997
SSEG_03,366,106.48098383337734,0.018000193250476502,1.9166782865016563,1.9166781440526313,0.018041894879926763,0.3880645814523166
SSEG_03,367,104.07482756587832,0.018416347825236816,1.91667822430476,1.9166780798720033,0.018458127735372906,0.3969835223912024
SSEG_03,368,104.54699480231587,0.01833317368553518,1.9166782140116003,1.9166780701596642,0.018374787374974402,0.3958287361319706
SSEG_03,369,105.0233183818357,0.018250026506832728,1.9166783443040343,1.9166782004747234,0.018291619464751552,0.39467390542906905
SSEG_03,370,105.50627041475471,0.01816648524342019,1.9166781045779415,1.916677960018859,0.018208276247402316,0.3935190700207189
SSEG_03,371,105.99290525931524,0.018083079233429847,1.9166781039856207,1.9166779598467398,0.01812480207220766,0.3923642710748355
SSEG_03,372,106.48317743066457,0.017999825141586767,1.9166785742725208,1.9166784302455044,0.018041476531483115,0.3912094581931672
SSEG_03,373,104.07237091568756,0.018416779773111635,1.9166779356198063,1.9166777935396064,0.01845840931055844,0.39376603705140245
SSEG_03,374,104.54504394615913,0.018333513037784084,1.9166779262226183,1.9166777841256164,0.018375146405447858,0.3926257106941202
SSEG_03,375,105.02350266987465,0.018249991745231047,1.916678056780463,1.916677914248292,0.018291752391507564,0.39148543383431267
SSEG_03,376,105.50486202540245,0.018166725009877125,1.916677815620514,1.9166776735273159,0.018208358377554086,0.3903451499034374
SSEG_03,377,105.9900462840116,0.018083564288192754,1.9166778158854494,1.9166776739703377,0.01812514464903494,0.38920486243702823
SSEG_03,378,106.48087257527239,0.01800021205539519,1.916678286198417,1.9166781439566078,0.018041888171793974,0.3880646209325597
SSEG_03,379,104.07434059669411,0.01841643399298578,1.9166782239625375,1.916678079791172,0.01845814484640741,0.3969835249337591
SSEG_03,380,104.54699480231587,0.01833317368553518,1.9166782140116003,1.9166780701171093,0.01837480383926048,0.3958287028874625
SSEG_03,381,105.02298940593404,0.018250083670498456,1.9166783439841693,1.9166782003823162,0.018291628678016817,0.39467388437670003
SSEG_03,382,105.50627041475471,0.01816648524342019,1.9166781045779415,1.9166779600992276,0.018208284456959323,0.3935190587948696
SSEG_03,383,105.99258282421712,0.01808313424312271,1.9166781039856207,1.916677959935535,0.01812480974327145,0.3923642756394461
SSEG_03,384,106.48292678707698,0.017999867507793144,1.916678574009423,1.9166784301039201,0.018041500875457927,0.39120949601955646
SSEG_03,385,104.07237091568756,0.018416779773111635,1.9166779356198063,1.9166777936078654,0.018458438286319195,0.39376603998757465
SSEG_03,386,104.54533589914365,0.018333461842240894,1.9166779264912073,1.9166777841276983,0.018375159542635612,0.3926257834233344
SSEG_03,387,105.02382206702252,0.018249936244055846,1.9166780568302264,1.916677914269365,0.018291725717327966,0.39148545640691834
SSEG_03,388,105.50486202540245,0.018166725009877125,1.916677815620514,1.9166776736020696,0.018208355438464295,0.39034515457900437
SSEG_03,389,105.9900462840116,0.018083564288192754,1.9166778158854494,1.9166776738161444,0.01812516699460141,0.3892048906474997
SSEG_03,390,106.48098383337734,0.018000193250476502,1.9166782865016563,1.9166781440526313,0.018041894879926763,0.3880645814523166
SSEG_03,391,104.07482756587832,0.018416347825236816,1.91667822430476,1.9166780798720033,0.018458127735372906,0.3969835223912024
SSEG_03,392,104.54699480231587,0.01833317368553518,1.9166782140116003,1.9166780701596642,0.018374787374974402,0.3958287361319706
SSEG_03,393,105.0233183818357,0.018250026506832728,1.9166783443040343,1.9166782004747234,0.018291619464751552,0.39467390542906905
SSEG_03,394,105.50627041475471,0.01816648524342019,1.9166781045779415,1.916677960018859,0.018208276247402316,0.3935190700207189
SSEG_03,395,105.99290525931524,0.018083079233429847,1.9166781039856207,1.9166779598467398,0.01812480207220766,0.3923642710748355
SSEG_03,396,106.48317743066457,0.017999825141586767,1.9166785742725208,1.9166784302455042,0.018041476531483115,0.3912094581931672
SSEG_03,397,104.07178468132425,0.01841688351740583,1.916677935924489,1.9166777937852004,0.018458531212153018,0.39376600080340873
SSEG_03,398,104.54613368149472,0.018333321942886643,1.9166779266669076,1.9166777840158757,0.018375162058846754,0.3926257225681707
SSEG_03,399,105.02382206702252,0.018249936244055846,1.9166780568302264,1.9166779140919377,0.018291693203130573,0.3914854561619921
SSEG_03,400,105.50460799096275,0.01816676875469315,1.9166778159263715,1.916677673786483,0.018208395526660426,0.3903451796557085
SSEG_03,401,105.98979600273555,0.0180836069899148,1.9166778158547124,1.916677673752875,0.018125202498701087,0.38920487772574597
SSEG_03,402,106.48128772835649,0.01800014188056114,1.9166782867352705,1.9166781442236578,0.01804188801164876,0.38806456386111376
SSEG_03,403,104.07482756587832,0.018416347825236816,1.91667822430476,1.916678079874818,0.018458112232615176,0.39698353805166786
SSEG_03,404,104.54687899742385,0.018333193996139842,1.9166782143507293,1.9166780703555186,0.018374823101573918,0.3958287156587077
SSEG_03,405,105.02446501954807,0.018249827257162215,1.916678344382628,1.9166782003774954,0.01829157720580059,0.39467387996428993
SSEG_03,406,105.50612912240697,0.018166509568857896,1.9166781042753631,1.9166779598685952,0.01820823548798148,0.3935191222593961
SSEG_03,407,105.99290528135015,0.018083079233429847,1.9166781043840797,1.9166779599386703,0.018124817883537384,0.39236431180110753
SSEG_03,408,106.48317743488857,0.017999825141586767,1.9166785743485522,1.9166784304645,0.018041476165731818,0.3912094529487783
SSEG_03,409,104.07239529328021,0.01841677546401006,1.916677936118039,1.9166777939479003,0.018458504971422346,0.3937660429872708
SSEG_03,410,104.54613368149472,0.018333321942886643,1.9166779266669076,1.9166777839435258,0.018375143606518422,0.39262573103395015
SSEG_03,411,105.0236239024512,0.01824997068036059,1.9166780569649524,1.9166779141590364,0.018291710373227372,0.39148541828186995
SSEG_03,412,105.50505246766811,0.0181666922208653,1.9166778159263715,1.916677673545995,0.01820838500227965,0.390345151241029
SSEG_03,413,105.99093394106991,0.018083412843132172,1.9166778160855173,1.9166776739058702,0.018125134094616514,0.38920488524042984
SSEG_03,414,106.48139473870398,0.018000123791002468,1.9166782867352705,1.9166781441580203,0.018041821376152643,0.3880646033051382
SSEG_03,415,104.07402679622392,0.018416489521851435,1.9166782239895432,1.9166780799252963,0.0184581397647261,0.3969835110182225
SSEG_03,416,104.54661871421091,0.018333239639152454,1.9166782143507293,1.9166780702731216,0.018374878426474228,0.3958286989995563
SSEG_03,417,105.02446501954807,0.018249827257162215,1.916678344382628,1.9166782003323726,0.01829163248947085,0.39467390146979453
SSEG_03,418,105.50644536056687,0.018166455122495272,1.9166781047767376,1.9166779599202701,0.018208265749307933,0.39351904406804783
SSEG_03,419,105.99275945265222,0.018083104112788708,1.9166781043840797,1.916677960087208,0.018124822260211056,0.3923642166843051
SSEG_03,420,106.48286951708741,0.017999877191898748,1.9166785743485522,1.9166784303057527,0.01804150716657414,0.3912094480425371
SSEG_03,421,104.07239529328021,0.01841677546401006,1.916677936118039,1.9166777938533432,0.018458449890309207,0.393766029586832
SSEG_03,422,104.54551748153226,0.018333429999999762,1.916677926561423,1.9166777840683016,0.018375145387583225,0.3926257469389709
SSEG_03,423,105.0236239024512,0.01824997068036059,1.9166780569649524,1.9166779142791135,0.01829172169167096,0.3914854491303018
SSEG_03,424,105.50505245539341,0.0181666922208653,1.9166778157033808,1.9166776734508542,0.018208358225306524,0.3903451467459568
SSEG_03,425,105.99093394106991,0.018083412843132172,1.9166778160855173,1.9166776738539664,0.018125113765999366,0.3892048735626208
SSEG_03,426,106.4814171530499,0.018000119999999953,1.9166782865249516,1.9166781440663372,0.01804180665853363,0.3880645909147564
SSEG_03,427,104.07453270698208,0.0184164,1.9166782241448648,1.9166780799887801,0.01845814534428012,0.3969835218910104
SSEG_03,428,104.54684474859255,0.01833320000000027,1.9166782141449252,1.9166780701952995,0.01837484078024454,0.39582871066110237
SSEG_03,429,105.02352845914558,0.01824999000000016,1.916678344144139,1.9166782004060543,0.01829165790941351,0.3946738844882762
SSEG_03,430,105.50644536056687,0.018166455122495272,1.9166781047767376,1.9166779599831627,0.01820829678024919,0.39351907917253987
SSEG_03,431,105.9927835462712,0.01808310000000013,1.9166781041455905,1.9166779599983395,0.018124811577245683,0.39236428833278125
SSEG_03,432,106.48286950565378,0.017999877191898748,1.9166785741427481,1.916678430201722,0.018041504594596514,0.3912094626268879
SSEG_04,1,106.97772108412258,0.017916608406779843,1.9166779369139397,1.9166777942626125,0.017958383049445543,0.3869242935418632
SSEG_04,2,107.4778896771411,0.017833229999999922,1.9166779265270748,1.9166777840596003,0.01787495683565418,0.38578401111189276
SSEG_04,3,107.98461718300766,0.01774954717593386,1.9166780569649524,1.91667791407873,0.017791469027942784,0.38464370897660016
SSEG_04,4,108.49213114642993,0.017666514571004432,1.916677815737728,1.9166776736598488,0.017708107936734704,0.38350340593858534
SSEG_04,5,109.0060084407644,0.017583230901994727,1.9166778161187468,1.9166776738497724,0.01762492386824987,0.38236313051312987
SSEG_04,6,109.52347211310969,0.017500159999999987,1.9166782857349562,1.916678143665568,0.01754173733774568,0.38122285530556715
SSEG_04,7,106.97730964357653,0.017916679999999907,1.9166782241448648,1.9166780803894619,0.017958319180349118,0.3900546369209972
SSEG_04,8,107.47645938479428,0.017833469999999796,1.9166782141449252,1.9166780702038722,0.017875133766099234,0.3888998112151089
SSEG_04,9,107.9802968966559,0.017750259999999685,1.9166783447928013,1.9166782006070502,0.01779189307115575,0.3877449837340427
SSEG_04,10,108.49069250863343,0.017666751495692277,1.9166781041455905,1.9166779597910097,0.017708529561353922,0.38659017795136524
SSEG_04,11,109.00516249988368,0.017583370000000098,1.9166781041455905,1.9166779599894967,0.017625102144480334,0.3854353744108024
SSEG_04,12,109.52492805072605,0.017499930000000052,1.9166785741427481,1.9166784297879444,0.017541679695048412,0.38428057111929165
SSEG_04,13,106.97772108412258,0.017916608406779843,1.9166779369139397,1.9166777943282278,0.017958377969166116,0.386924321611323
SSEG_04,14,107.47798770553769,0.017833213731216237,1.9166779261538847,1.916677783766198,0.017874942218038533,0.38578399437034544
SSEG_04,15,107.98461718300766,0.01774954717593386,1.9166780569649524,1.916677914162037,0.01779144991774858,0.38464368152849904
SSEG_04,16,108.49215452182989,0.017666510766059705,1.916677815892921,1.916677673729272,0.017708075585251296,0.3835034151223438
SSEG_04,17,109.0060084407644,0.017583230901994727,1.9166778161187468,1.9166776739270022,0.01762488968137014,0.3823631410785391
SSEG_04,18,109.52329404290583,0.01750018844898791,1.916678285304767,1.9166781435414415,0.01754175299860717,0.3812228508585479
SSEG_04,19,106.97714202334454,0.017916708074841914,1.9166782243131673,1.9166780804918928,0.017958327742840105,0.39005466555893936
SSEG_04,20,107.47657967046104,0.017833450039686977,1.916678213989604,1.9166780699262338,0.01787513579473153,0.38889985290558354
SSEG_04,21,107.98047344802467,0.017750230977782992,1.9166783447928013,1.9166782007369947,0.017791880825523375,0.3877450014541757
SSEG_04,22,108.49069252213275,0.017666751495692277,1.9166781043840797,1.9166779598894306,0.017708509204747216,0.3865901740580928
SSEG_04,23,109.00456064932456,0.01758346708222933,1.916678103990269,1.9166779599089832,0.017625121152636113,0.38543536880090234
SSEG_04,24,109.52562324044433,0.017499818925234552,1.9166785743812371,1.9166784297007824,0.01754168403556535,0.3842805484201406
SSEG_04,25,106.97754558769515,0.017916637798321016,1.9166779368481084,1.916677794282622,0.01795840889539845,0.3869242488538349
SSEG_04,26,107.4779877244531,0.017833213731216237,1.9166779264912073,1.9166777838259443,0.017874937539709493,0.3857839824476606
SSEG_04,27,107.98359386911633,0.017749715378912578,1.9166780567689041,1.916677914122213,0.017791473728800397,0.38464370450557694
SSEG_04,28,108.49215452182989,0.017666510766059705,1.916677815892921,1.9166776737778302,0.01770812596562695,0.38350339050045845
SSEG_04,29,109.00561851387893,0.017583293797693373,1.9166778159288174,1.9166776738577145,0.017624913734925775,0.38236310207902124
SSEG_04,30,109.52359746795297,0.01750013996858307,1.916678285551927,1.9166781435698141,0.01754175660243062,0.38122284022390407
SSEG_04,31,106.97714202334454,0.017916708074841914,1.9166782243131673,1.916678080468251,0.01795829899172532,0.39005459318038865
SSEG_04,32,107.47657968644751,0.017833450039686977,1.9166782142746979,1.916678070081838,0.017875108378261763,0.3888997795207487
SSEG_04,33,107.98047342709648,0.017750230977782992,1.9166783444213211,1.9166782004918814,0.01779185681285677,0.3877449963726503
SSEG_04,34,108.49059365228075,0.0176667675957895,1.9166781043840797,1.9166779599481283,0.017708515095057976,0.3865901647095591
SSEG_04,35,109.00495966110161,0.017583402720705094,1.9166781042753631,1.9166779599327741,0.01762512328729944,0.3854353669298272
SSEG_04,36,109.52562324044433,0.017499818925234552,1.9166785743812371,1.9166784297555393,0.01754167186701782,0.3842805957164114
SSEG_04,37,106.97772828393803,0.017916607200340825,1.9166779368481084,1.9166777942035116,0.017958418789611914,0.3869242630310481
SSEG_04,38,107.4778536537748,0.017833235977065588,1.916677926516287,1.9166777841968765,0.0178749401993347,0.3857839818922484
SSEG_04,39,107.98359385246042,0.017749715378912578,1.9166780564732664,1.9166779139584182,0.017791490612478887,0.3846437173468008
SSEG_04,40,108.49192652848058,0.017666547889528334,1.9166778156425917,1.916677673672985,0.0177081448730511,0.383503434160121
SSEG_04,41,109.00561851387893,0.017583293797693373,1.9166778159288174,1.9166776738282918,0.017624925393703236,0.38236310632370457
SSEG_04,42,109.52360310360268,0.017500139068456044,1.916678285591431,1.9166781436644116,0.017541718156200092,0.38122281822126247
SSEG_04,43,106.9772837688144,0.017916684335068756,1.9166782243089222,1.9166780804703731,0.017958285889949827,0.39005464879331864
SSEG_04,44,107.47663988482937,0.017833440051052828,1.9166782142746979,1.9166780703838604,0.017875099946159937,0.3888998340740828
SSEG_04,45,107.98043428641516,0.0177502374107896,1.9166783443040343,1.9166782003076182,0.017791860790715236,0.3877449828923798
SSEG_04,46,108.49024482485405,0.017666824395869817,1.9166781039856207,1.9166779597859311,0.017708538463882657,0.3865901700107101
SSEG_04,47,109.00507209095053,0.01758338458537771,1.9166781043320056,1.916677960105409,0.017625111718243203,0.38543537577027487
SSEG_04,48,109.52525298275509,0.017499878083189622,1.9166785742287145,1.916678429828312,0.017541658193642676,0.38428055756921947
SSEG_04,49,106.97772828020196,0.017916607200340825,1.9166779367811708,1.9166777941072994,0.01795840962786801,0.38692433700168427
SSEG_04,50,107.47773920061778,0.017833254967697255,1.916677926516287,1.9166777842724507,0.01787493108401904,0.38578396821799527
SSEG_04,51,107.98334595883368,0.017749756126240135,1.9166780564647161,1.9166779139726158,0.017791505546968695,0.3846436418607131
SSEG_04,52,108.49185155809073,0.017666560097523345,1.9166778156425917,1.9166776736691467,0.01770815811188174,0.3835034003562446
SSEG_04,53,109.00558136238483,0.01758329979006789,1.9166778158854494,1.916677673801475,0.017624929943795616,0.382363204813717
SSEG_04,54,109.52360310360268,0.017500139068456044,1.916678285591431,1.9166781436781957,0.017541719429261967,0.38122292795390955
SSEG_04,55,106.9772837688144,0.017916684335068756,1.9166782243089222,1.9166780805450467,0.017958275921430948,0.3900546244757851
SSEG_04,56,107.47663988362667,0.017833440051052828,1.9166782142532497,1.9166780703847683,0.017875062193060794,0.38889975646754793
SSEG_04,57,107.98031584433637,0.017750256877851013,1.9166783439884565,1.9166782002265863,0.01779184846445192,0.3877449733121243
SSEG_04,58,108.4901786557473,0.017666835171020193,1.9166781039856207,1.9166779598141064,0.017708546024435605,0.3865901936922347
SSEG_04,59,109.00507209095053,0.01758338458537771,1.9166781043320056,1.9166779601087276,0.01762510987819895,0.3854353751814721
SSEG_04,60,109.52525298275509,0.017499878083189622,1.9166785742287145,1.9166784299100728,0.017541631334283665,0.3842805955615825
SSEG_04,61,106.97772828393803,0.017916607200340825,1.9166779368481084,1.9166777942035118,0.017958418789611914,0.3869242630310481
SSEG_04,62,107.4778536537748,0.017833235977065588,1.916677926516287,1.9166777841968765,0.0178749401993347,0.3857839818922484
SSEG_04,63,107.98359385246042,0.017749715378912578,1.9166780564732664,1.9166779139584182,0.017791490612478887,0.3846437173468008
SSEG_04,64,108.49192652848058,0.017666547889528334,1.9166778156425917,1.9166776736729851,0.0177081448730511,0.383503434160121
SSEG_04,65,109.00561851387893,0.017583293797693373,1.9166778159288174,1.9166776738282918,0.017624925393703233,0.38236310632370457
SSEG_04,66,109.52360310360268,0.017500139068456044,1.916678285591431,1.9166781436644114,0.017541718156200092,0.38122281822126247
SSEG_04,67,106.9772837688144,0.017916684335068756,1.9166782243089222,1.9166780804703731,0.017958285889949827,0.39005464879331864
SSEG_04,68,107.47663988482937,0.017833440051052828,1.9166782142746979,1.9166780703838604,0.017875099946159937,0.3888998340740828
SSEG_04,69,107.98043428641516,0.0177502374107896,1.9166783443040343,1.9166782003076184,0.017791860790715236,0.3877449828923798
SSEG_04,70,108.49024482485405,0.017666824395869817,1.9166781039856207,1.9166779597859311,0.017708538463882657,0.3865901700107101
SSEG_04,71,109.00507209095053,0.01758338458537771,1.9166781043320056,1.916677960105409,0.017625111718243203,0.38543537577027487
SSEG_04,72,109.52525298275509,0.017499878083189622,1.9166785742287145,1.9166784298283117,0.017541658193642676,0.38428055756921947
SSEG_04,73,106.97754558769515,0.017916637798321016,1.9166779368481084,1.916677794282622,0.01795840889539845,0.3869242488538349
SSEG_04,74,107.4779877244531,0.017833213731216237,1.9166779264912073,1.9166777838259443,0.017874937539709496,0.3857839824476606
SSEG_04,75,107.98359386911633,0.017749715378912578,1.9166780567689041,1.9166779141222132,0.017791473728800397,0.38464370450557694
SSEG_04,76,108.49215452182989,0.017666510766059705,1.916677815892921,1.9166776737778304,0.01770812596562695,0.38350339050045845
SSEG_04,77,109.00561851387893,0.017583293797693373,1.9166778159288174,1.9166776738577145,0.01762491373492578,0.38236310207902124
SSEG_04,78,109.52359746795297,0.01750013996858307,1.916678285551927,1.9166781435698141,0.01754175660243062,0.38122284022390407
SSEG_04,79,106.97714202334454,0.017916708074841914,1.9166782243131673,1.916678080468251,0.017958298991725317,0.39005459318038865
SSEG_04,80,107.47657968644751,0.017833450039686977,1.9166782142746979,1.9166780700818378,0.017875108378261763,0.3888997795207487
SSEG_04,81,107.98047342709648,0.017750230977782992,1.9166783444213211,1.9166782004918814,0.01779185681285677,0.3877449963726503
SSEG_04,82,108.49059365228075,0.0176667675957895,1.9166781043840797,1.9166779599481285,0.017708515095057976,0.3865901647095591
SSEG_04,83,109.00495966110161,0.017583402720705094,1.9166781042753631,1.9166779599327743,0.01762512328729944,0.3854353669298272
SSEG_04,84,109.52562324044433,0.017499818925234552,1.9166785743812371,1.9166784297555393,0.01754167186701782,0.3842805957164114
SSEG_04,85,106.97772108412258,0.017916608406779843,1.9166779369139397,1.916677794328228,0.017958377969166116,0.386924321611323
SSEG_04,86,107.47798770553769,0.017833213731216237,1.9166779261538847,1.9166777837661977,0.017874942218038533,0.38578399437034544
SSEG_04,87,107.98461718300766,0.01774954717593386,1.9166780569649524,1.9166779141620367,0.01779144991774858,0.38464368152849904
SSEG_04,88,108.49215452182989,0.017666510766059705,1.916677815892921,1.916677673729272,0.017708075585251296,0.3835034151223438
SSEG_04,89,109.0060084407644,0.017583230901994727,1.9166778161187468,1.9166776739270022,0.01762488968137014,0.3823631410785391
SSEG_04,90,109.52329404290583,0.01750018844898791,1.916678285304767,1.9166781435414415,0.01754175299860717,0.3812228508585479
SSEG_04,91,106.97714202334454,0.017916708074841914,1.9166782243131673,1.9166780804918928,0.017958327742840105,0.39005466555893936
SSEG_04,92,107.47657967046104,0.017833450039686977,1.916678213989604,1.9166780699262338,0.01787513579473153,0.38889985290558354
SSEG_04,93,107.98047344802467,0.017750230977782992,1.9166783447928013,1.9166782007369947,0.017791880825523375,0.3877450014541757
SSEG_04,94,108.49069252213275,0.017666751495692277,1.9166781043840797,1.9166779598894301,0.017708509204747216,0.3865901740580928
SSEG_04,95,109.00456064932456,0.01758346708222933,1.916678103990269,1.9166779599089832,0.017625121152636113,0.38543536880090234
SSEG_04,96,109.52562324044433,0.017499818925234552,1.9166785743812371,1.9166784297007824,0.01754168403556535,0.3842805484201406
SSEG_04,97,106.97772108412258,0.017916608406779843,1.9166779369139397,1.9166777942626128,0.017958383049445543,0.3869242935418632
SSEG_04,98,107.4778896771411,0.017833229999999922,1.9166779265270748,1.9166777840596005,0.017874956835654175,0.38578401111189276
SSEG_04,99,107.98461718300766,0.01774954717593386,1.9166780569649524,1.91667791407873,0.017791469027942784,0.38464370897660016
SSEG_04,100,108.49213114642993,0.017666514571004432,1.916677815737728,1.9166776736598488,0.017708107936734704,0.38350340593858534
SSEG_04,101,109.0060084407644,0.017583230901994727,1.9166778161187468,1.9166776738497724,0.01762492386824987,0.38236313051312987
SSEG_04,102,109.52347211310969,0.017500159999999987,1.9166782857349562,1.916678143665568,0.01754173733774568,0.38122285530556715
SSEG_04,103,106.97730964357653,0.017916679999999907,1.9166782241448648,1.9166780803894619,0.017958319180349118,0.3900546369209972
SSEG_04,104,107.47645938479428,0.017833469999999796,1.9166782141449252,1.9166780702038722,0.017875133766099234,0.3888998112151089
SSEG_04,105,107.9802968966559,0.017750259999999685,1.9166783447928013,1.9166782006070502,0.01779189307115575,0.3877449837340427
SSEG_04,106,108.49069250863343,0.017666751495692277,1.9166781041455905,1.9166779597910097,0.017708529561353926,0.38659017795136524
SSEG_04,107,109.00516249988368,0.017583370000000098,1.9166781041455905,1.9166779599894967,0.017625102144480334,0.3854353744108024
SSEG_04,108,109.52492805072605,0.017499930000000052,1.9166785741427481,1.9166784297879444,0.017541679695048412,0.38428057111929165
SSEG_04,109,106.97772108412258,0.017916608406779843,1.9166779369139397,1.9166777942626125,0.017958383049445543,0.3869242935418632
SSEG_04,110,107.4778896771411,0.017833229999999922,1.9166779265270748,1.9166777840596003,0.01787495683565418,0.38578401111189276
SSEG_04,111,107.98461718300766,0.01774954717593386,1.9166780569649524,1.91667791407873,0.017791469027942784,0.38464370897660016
SSEG_04,112,108.49213114642993,0.017666514571004432,1.916677815737728,1.9166776736598488,0.017708107936734704,0.38350340593858534
SSEG_04,113,109.0060084407644,0.017583230901994727,1.9166778161187468,1.9166776738497724,0.01762492386824987,0.38236313051312987
SSEG_04,114,109.52347211310969,0.017500159999999987,1.9166782857349562,1.916678143665568,0.01754173733774568,0.38122285530556715
SSEG_04,115,106.97730964357653,0.017916679999999907,1.9166782241448648,1.9166780803894619,0.017958319180349118,0.3900546369209972
SSEG_04,116,107.47645938479428,0.017833469999999796,1.9166782141449252,1.9166780702038722,0.017875133766099234,0.3888998112151089
SSEG_04,117,107.9802968966559,0.017750259999999685,1.9166783447928013,1.9166782006070502,0.01779189307115575,0.3877449837340427
SSEG_04,118,108.49069250863343,0.017666751495692277,1.9166781041455905,1.9166779597910097,0.017708529561353922,0.38659017795136524
SSEG_04,119,109.00516249988368,0.017583370000000098,1.9166781041455905,1.9166779599894967,0.017625102144480334,0.3854353744108024
SSEG_04,120,109.52492805072605,0.017499930000000052,1.9166785741427481,1.9166784297879444,0.017541679695048412,0.38428057111929165
SSEG_04,121,106.97772108412258,0.017916608406779843,1.9166779369139397,1.9166777943282278,0.017958377969166116,0.386924321611323
SSEG_04,122,107.47798770553769,0.017833213731216237,1.9166779261538847,1.916677783766198,0.017874942218038533,0.38578399437034544
SSEG_04,123,107.98461718300766,0.01774954717593386,1.9166780569649524,1.916677914162037,0.01779144991774858,0.38464368152849904
SSEG_04,124,108.49215452182989,0.017666510766059705,1.916677815892921,1.916677673729272,0.017708075585251296,0.3835034151223438
SSEG_04,125,109.0060084407644,0.017583230901994727,1.9166778161187468,1.9166776739270022,0.01762488968137014,0.3823631410785391
SSEG_04,126,109.52329404290583,0.01750018844898791,1.916678285304767,1.9166781435414415,0.01754175299860717,0.3812228508585479
SSEG_04,127,106.97714202334454,0.017916708074841914,1.9166782243131673,1.9166780804918928,0.017958327742840105,0.39005466555893936
SSEG_04,128,107.47657967046104,0.017833450039686977,1.916678213989604,1.9166780699262338,0.01787513579473153,0.38889985290558354
SSEG_04,129,107.98047344802467,0.017750230977782992,1.9166783447928013,1.9166782007369947,0.017791880825523375,0.3877450014541757
SSEG_04,130,108.49069252213275,0.017666751495692277,1.9166781043840797,1.9166779598894306,0.017708509204747216,0.3865901740580928
SSEG_04,131,109.00456064932456,0.01758346708222933,1.916678103990269,1.9166779599089832,0.017625121152636113,0.38543536880090234
SSEG_04,132,109.52562324044433,0.017499818925234552,1.9166785743812371,1.9166784297007824,0.01754168403556535,0.3842805484201406
SSEG_04,133,106.97754558769515,0.017916637798321016,1.9166779368481084,1.916677794282622,0.01795840889539845,0.3869242488538349
SSEG_04,134,107.4779877244531,0.017833213731216237,1.9166779264912073,1.9166777838259443,0.017874937539709493,0.3857839824476606
SSEG_04,135,107.98359386911633,0.017749715378912578,1.9166780567689041,1.916677914122213,0.017791473728800397,0.38464370450557694
SSEG_04,136,108.49215452182989,0.017666510766059705,1.916677815892921,1.9166776737778302,0.01770812596562695,0.38350339050045845
SSEG_04,137,109.00561851387893,0.017583293797693373,1.9166778159288174,1.9166776738577145,0.017624913734925775,0.38236310207902124
SSEG_04,138,109.52359746795297,0.01750013996858307,1.916678285551927,1.9166781435698141,0.01754175660243062,0.38122284022390407
SSEG_04,139,106.97714202334454,0.017916708074841914,1.9166782243131673,1.916678080468251,0.01795829899172532,0.39005459318038865
SSEG_04,140,107.47657968644751,0.017833450039686977,1.9166782142746979,1.916678070081838,0.017875108378261763,0.3888997795207487
SSEG_04,141,107.98047342709648,0.017750230977782992,1.9166783444213211,1.9166782004918814,0.01779185681285677,0.3877449963726503
SSEG_04,142,108.49059365228075,0.0176667675957895,1.9166781043840797,1.9166779599481283,0.017708515095057976,0.3865901647095591
SSEG_04,143,109.00495966110161,0.017583402720705094,1.9166781042753631,1.9166779599327741,0.01762512328729944,0.3854353669298272
SSEG_04,144,109.52562324044433,0.017499818925234552,1.9166785743812371,1.9166784297555393,0.01754167186701782,0.3842805957164114
SSEG_04,145,106.97772828393803,0.017916607200340825,1.9166779368481084,1.9166777942035116,0.017958418789611914,0.3869242630310481
SSEG_04,146,107.4778536537748,0.017833235977065588,1.916677926516287,1.9166777841968765,0.0178749401993347,0.3857839818922484
SSEG_04,147,107.98359385246042,0.017749715378912578,1.9166780564732664,1.9166779139584182,0.017791490612478887,0.3846437173468008
SSEG_04,148,108.49192652848058,0.017666547889528334,1.9166778156425917,1.916677673672985,0.0177081448730511,0.383503434160121
SSEG_04,149,109.00561851387893,0.017583293797693373,1.9166778159288174,1.9166776738282918,0.017624925393703236,0.38236310632370457
SSEG_04,150,109.52360310360268,0.017500139068456044,1.916678285591431,1.9166781436644116,0.017541718156200092,0.38122281822126247
SSEG_04,151,106.9772837688144,0.017916684335068756,1.9166782243089222,1.9166780804703731,0.017958285889949827,0.39005464879331864
SSEG_04,152,107.47663988482937,0.017833440051052828,1.9166782142746979,1.9166780703838604,0.017875099946159937,0.3888998340740828
SSEG_04,153,107.98043428641516,0.0177502374107896,1.9166783443040343,1.9166782003076182,0.017791860790715236,0.3877449828923798
SSEG_04,154,108.49024482485405,0.017666824395869817,1.9166781039856207,1.9166779597859311,0.017708538463882657,0.3865901700107101
SSEG_04,155,109.00507209095053,0.01758338458537771,1.9166781043320056,1.916677960105409,0.017625111718243203,0.38543537577027487
SSEG_04,156,109.52525298275509,0.017499878083189622,1.9166785742287145,1.916678429828312,0.017541658193642676,0.38428055756921947
SSEG_04,157,106.97772828020196,0.017916607200340825,1.9166779367811708,1.9166777941072994,0.01795840962786801,0.38692433700168427
SSEG_04,158,107.47773920061778,0.017833254967697255,1.916677926516287,1.9166777842724507,0.01787493108401904,0.38578396821799527
SSEG_04,159,107.98334595883368,0.017749756126240135,1.9166780564647161,1.9166779139726158,0.017791505546968695,0.3846436418607131
SSEG_04,160,108.49185155809073,0.017666560097523345,1.9166778156425917,1.9166776736691467,0.01770815811188174,0.3835034003562446
SSEG_04,161,109.00558136238483,0.01758329979006789,1.9166778158854494,1.916677673801475,0.017624929943795616,0.382363204813717
SSEG_04,162,109.52360310360268,0.017500139068456044,1.916678285591431,1.9166781436781957,0.017541719429261967,0.38122292795390955
SSEG_04,163,106.9772837688144,0.017916684335068756,1.9166782243089222,1.9166780805450467,0.017958275921430948,0.3900546244757851
SSEG_04,164,107.47663988362667,0.017833440051052828,1.9166782142532497,1.9166780703847683,0.017875062193060794,0.38889975646754793
SSEG_04,165,107.98031584433637,0.017750256877851013,1.9166783439884565,1.9166782002265863,0.01779184846445192,0.3877449733121243
SSEG_04,166,108.4901786557473,0.017666835171020193,1.9166781039856207,1.9166779598141064,0.017708546024435605,0.3865901936922347
SSEG_04,167,109.00507209095053,0.01758338458537771,1.9166781043320056,1.9166779601087276,0.01762510987819895,0.3854353751814721
SSEG_04,168,109.52525298275509,0.017499878083189622,1.9166785742287145,1.9166784299100728,0.017541631334283665,0.3842805955615825
SSEG_04,169,106.97772828393803,0.017916607200340825,1.9166779368481084,1.9166777942035118,0.017958418789611914,0.3869242630310481
SSEG_04,170,107.4778536537748,0.017833235977065588,1.916677926516287,1.9166777841968765,0.0178749401993347,0.3857839818922484
SSEG_04,171,107.98359385246042,0.017749715378912578,1.9166780564732664,1.9166779139584182,0.017791490612478887,0.3846437173468008
SSEG_04,172,108.49192652848058,0.017666547889528334,1.9166778156425917,1.9166776736729851,0.0177081448730511,0.383503434160121
SSEG_04,173,109.00561851387893,0.017583293797693373,1.9166778159288174,1.9166776738282918,0.017624925393703233,0.38236310632370457
SSEG_04,174,109.52360310360268,0.017500139068456044,1.916678285591431,1.9166781436644114,0.017541718156200092,0.38122281822126247
SSEG_04,175,106.9772837688144,0.017916684335068756,1.9166782243089222,1.9166780804703731,0.017958285889949827,0.39005464879331864
SSEG_04,176,107.47663988482937,0.017833440051052828,1.9166782142746979,1.9166780703838604,0.017875099946159937,0.3888998340740828
SSEG_04,177,107.98043428641516,0.0177502374107896,1.9166783443040343,1.9166782003076184,0.017791860790715236,0.3877449828923798
SSEG_04,178,108.49024482485405,0.017666824395869817,1.9166781039856207,1.9166779597859311,0.017708538463882657,0.3865901700107101
SSEG_04,179,109.00507209095053,0.01758338458537771,1.9166781043320056,1.916677960105409,0.017625111718243203,0.38543537577027487
SSEG_04,180,109.52525298275509,0.017499878083189622,1.9166785742287145,1.9166784298283117,0.017541658193642676,0.38428055756921947
SSEG_04,181,106.97754558769515,0.017916637798321016,1.9166779368481084,1.916677794282622,0.01795840889539845,0.3869242488538349
SSEG_04,182,107.4779877244531,0.017833213731216237,1.9166779264912073,1.9166777838259443,0.017874937539709496,0.3857839824476606
SSEG_04,183,107.98359386911633,0.017749715378912578,1.9166780567689041,1.9166779141222132,0.017791473728800397,0.38464370450557694
SSEG_04,184,108.49215452182989,0.017666510766059705,1.916677815892921,1.9166776737778304,0.01770812596562695,0.38350339050045845
SSEG_04,185,109.00561851387893,0.017583293797693373,1.9166778159288174,1.9166776738577145,0.01762491373492578,0.38236310207902124
SSEG_04,186,109.52359746795297,0.01750013996858307,1.916678285551927,1.9166781435698141,0.01754175660243062,0.38122284022390407
SSEG_04,187,106.97714202334454,0.017916708074841914,1.9166782243131673,1.916678080468251,0.017958298991725317,0.39005459318038865
SSEG_04,188,107.47657968644751,0.017833450039686977,1.9166782142746979,1.9166780700818378,0.017875108378261763,0.3888997795207487
SSEG_04,189,107.98047342709648,0.017750230977782992,1.9166783444213211,1.9166782004918814,0.01779185681285677,0.3877449963726503
SSEG_04,190,108.49059365228075,0.0176667675957895,1.9166781043840797,1.9166779599481285,0.017708515095057976,0.3865901647095591
SSEG_04,191,109.00495966110161,0.017583402720705094,1.9166781042753631,1.9166779599327743,0.01762512328729944,0.3854353669298272
SSEG_04,192,109.52562324044433,0.017499818925234552,1.9166785743812371,1.9166784297555393,0.01754167186701782,0.3842805957164114
SSEG_04,193,106.97772108412258,0.017916608406779843,1.9166779369139397,1.916677794328228,0.017958377969166116,0.386924321611323
SSEG_04,194,107.47798770553769,0.017833213731216237,1.9166779261538847,1.9166777837661977,0.017874942218038533,0.38578399437034544
SSEG_04,195,107.98461718300766,0.01774954717593386,1.9166780569649524,1.9166779141620367,0.01779144991774858,0.38464368152849904
SSEG_04,196,108.49215452182989,0.017666510766059705,1.916677815892921,1.916677673729272,0.017708075585251296,0.3835034151223438
SSEG_04,197,109.0060084407644,0.017583230901994727,1.9166778161187468,1.9166776739270022,0.01762488968137014,0.3823631410785391
SSEG_04,198,109.52329404290583,0.01750018844898791,1.916678285304767,1.9166781435414415,0.01754175299860717,0.3812228508585479
SSEG_04,199,106.97714202334454,0.017916708074841914,1.9166782243131673,1.9166780804918928,0.017958327742840105,0.39005466555893936
SSEG_04,200,107.47657967046104,0.017833450039686977,1.916678213989604,1.9166780699262338,0.01787513579473153,0.38889985290558354
SSEG_04,201,107.98047344802467,0.017750230977782992,1.9166783447928013,1.9166782007369947,0.017791880825523375,0.3877450014541757
SSEG_04,202,108.49069252213275,0.017666751495692277,1.9166781043840797,1.9166779598894301,0.017708509204747216,0.3865901740580928
SSEG_04,203,109.00456064932456,0.01758346708222933,1.916678103990269,1.9166779599089832,0.017625121152636113,0.38543536880090234
SSEG_04,204,109.52562324044433,0.017499818925234552,1.9166785743812371,1.9166784297007824,0.01754168403556535,0.3842805484201406
SSEG_04,205,106.97772108412258,0.017916608406779843,1.9166779369139397,1.9166777942626128,0.017958383049445543,0.3869242935418632
SSEG_04,206,107.4778896771411,0.017833229999999922,1.9166779265270748,1.9166777840596005,0.017874956835654175,0.38578401111189276
SSEG_04,207,107.98461718300766,0.01774954717593386,1.9166780569649524,1.91667791407873,0.017791469027942784,0.38464370897660016
SSEG_04,208,108.49213114642993,0.017666514571004432,1.916677815737728,1.9166776736598488,0.017708107936734704,0.38350340593858534
SSEG_04,209,109.0060084407644,0.017583230901994727,1.9166778161187468,1.9166776738497724,0.01762492386824987,0.38236313051312987
SSEG_04,210,109.52347211310969,0.017500159999999987,1.9166782857349562,1.916678143665568,0.01754173733774568,0.38122285530556715
SSEG_04,211,106.97730964357653,0.017916679999999907,1.9166782241448648,1.9166780803894619,0.017958319180349118,0.3900546369209972
SSEG_04,212,107.47645938479428,0.017833469999999796,1.9166782141449252,1.9166780702038722,0.017875133766099234,0.3888998112151089
SSEG_04,213,107.9802968966559,0.017750259999999685,1.9166783447928013,1.9166782006070502,0.01779189307115575,0.3877449837340427
SSEG_04,214,108.49069250863343,0.017666751495692277,1.9166781041455905,1.9166779597910097,0.017708529561353926,0.38659017795136524
SSEG_04,215,109.00516249988368,0.017583370000000098,1.9166781041455905,1.9166779599894967,0.017625102144480334,0.3854353744108024
SSEG_04,216,109.52492805072605,0.017499930000000052,1.9166785741427481,1.9166784297879444,0.017541679695048412,0.38428057111929165
SSEG_04,217,106.97772108412258,0.017916608406779843,1.9166779369139397,1.9166777942626125,0.017958383049445543,0.3869242935418632
SSEG_04,218,107.4778896771411,0.017833229999999922,1.9166779265270748,1.9166777840596003,0.01787495683565418,0.38578401111189276
SSEG_04,219,107.98461718300766,0.01774954717593386,1.9166780569649524,1.91667791407873,0.017791469027942784,0.38464370897660016
SSEG_04,220,108.49213114642993,0.017666514571004432,1.916677815737728,1.9166776736598488,0.017708107936734704,0.38350340593858534
SSEG_04,221,109.0060084407644,0.017583230901994727,1.9166778161187468,1.9166776738497724,0.01762492386824987,0.38236313051312987
SSEG_04,222,109.52347211310969,0.017500159999999987,1.9166782857349562,1.916678143665568,0.01754173733774568,0.38122285530556715
SSEG_04,223,106.97730964357653,0.017916679999999907,1.9166782241448648,1.9166780803894619,0.017958319180349118,0.3900546369209972
SSEG_04,224,107.47645938479428,0.017833469999999796,1.9166782141449252,1.9166780702038722,0.017875133766099234,0.3888998112151089
SSEG_04,225,107.9802968966559,0.017750259999999685,1.9166783447928013,1.9166782006070502,0.01779189307115575,0.3877449837340427
SSEG_04,226,108.49069250863343,0.017666751495692277,1.9166781041455905,1.9166779597910097,0.017708529561353922,0.38659017795136524
SSEG_04,227,109.00516249988368,0.017583370000000098,1.9166781041455905,1.9166779599894967,0.017625102144480334,0.3854353744108024
SSEG_04,228,109.52492805072605,0.017499930000000052,1.9166785741427481,1.9166784297879444,0.017541679695048412,0.38428057111929165
SSEG_04,229,106.97772108412258,0.017916608406779843,1.9166779369139397,1.9166777943282278,0.017958377969166116,0.386924321611323
SSEG_04,230,107.47798770553769,0.017833213731216237,1.9166779261538847,1.916677783766198,0.017874942218038533,0.38578399437034544
SSEG_04,231,107.98461718300766,0.01774954717593386,1.9166780569649524,1.916677914162037,0.01779144991774858,0.38464368152849904
SSEG_04,232,108.49215452182989,0.017666510766059705,1.916677815892921,1.916677673729272,0.017708075585251296,0.3835034151223438
SSEG_04,233,109.0060084407644,0.017583230901994727,1.9166778161187468,1.9166776739270022,0.01762488968137014,0.3823631410785391
SSEG_04,234,109.52329404290583,0.01750018844898791,1.916678285304767,1.9166781435414415,0.01754175299860717,0.3812228508585479
SSEG_04,235,106.97714202334454,0.017916708074841914,1.9166782243131673,1.9166780804918928,0.017958327742840105,0.39005466555893936
SSEG_04,236,107.47657967046104,0.017833450039686977,1.916678213989604,1.9166780699262338,0.01787513579473153,0.38889985290558354
SSEG_04,237,107.98047344802467,0.017750230977782992,1.9166783447928013,1.9166782007369947,0.017791880825523375,0.3877450014541757
SSEG_04,238,108.49069252213275,0.017666751495692277,1.9166781043840797,1.9166779598894306,0.017708509204747216,0.3865901740580928
SSEG_04,239,109.00456064932456,0.01758346708222933,1.916678103990269,1.9166779599089832,0.017625121152636113,0.38543536880090234
SSEG_04,240,109.52562324044433,0.017499818925234552,1.9166785743812371,1.9166784297007824,0.01754168403556535,0.3842805484201406
SSEG_04,241,106.97754558769515,0.017916637798321016,1.9166779368481084,1.916677794282622,0.01795840889539845,0.3869242488538349
SSEG_04,242,107.4779877244531,0.017833213731216237,1.9166779264912073,1.9166777838259443,0.017874937539709493,0.3857839824476606
SSEG_04,243,107.98359386911633,0.017749715378912578,1.9166780567689041,1.916677914122213,0.017791473728800397,0.38464370450557694
SSEG_04,244,108.49215452182989,0.017666510766059705,1.916677815892921,1.9166776737778302,0.01770812596562695,0.38350339050045845
SSEG_04,245,109.00561851387893,0.017583293797693373,1.9166778159288174,1.9166776738577145,0.017624913734925775,0.38236310207902124
SSEG_04,246,109.52359746795297,0.01750013996858307,1.916678285551927,1.9166781435698141,0.01754175660243062,0.38122284022390407
SSEG_04,247,106.97714202334454,0.017916708074841914,1.9166782243131673,1.916678080468251,0.01795829899172532,0.39005459318038865
SSEG_04,248,107.47657968644751,0.017833450039686977,1.9166782142746979,1.916678070081838,0.017875108378261763,0.3888997795207487
SSEG_04,249,107.98047342709648,0.017750230977782992,1.9166783444213211,1.9166782004918814,0.01779185681285677,0.3877449963726503
SSEG_04,250,108.49059365228075,0.0176667675957895,1.9166781043840797,1.9166779599481283,0.017708515095057976,0.3865901647095591
SSEG_04,251,109.00495966110161,0.017583402720705094,1.9166781042753631,1.9166779599327741,0.01762512328729944,0.3854353669298272
SSEG_04,252,109.52562324044433,0.017499818925234552,1.9166785743812371,1.9166784297555393,0.01754167186701782,0.3842805957164114
SSEG_04,253,106.97772828393803,0.017916607200340825,1.9166779368481084,1.9166777942035116,0.017958418789611914,0.3869242630310481
SSEG_04,254,107.4778536537748,0.017833235977065588,1.916677926516287,1.9166777841968765,0.0178749401993347,0.3857839818922484
SSEG_04,255,107.98359385246042,0.017749715378912578,1.9166780564732664,1.9166779139584182,0.017791490612478887,0.3846437173468008
SSEG_04,256,108.49192652848058,0.017666547889528334,1.9166778156425917,1.916677673672985,0.0177081448730511,0.383503434160121
SSEG_04,257,109.00561851387893,0.017583293797693373,1.9166778159288174,1.9166776738282918,0.017624925393703236,0.38236310632370457
SSEG_04,258,109.52360310360268,0.017500139068456044,1.916678285591431,1.9166781436644116,0.017541718156200092,0.38122281822126247
SSEG_04,259,106.9772837688144,0.017916684335068756,1.9166782243089222,1.9166780804703731,0.017958285889949827,0.39005464879331864
SSEG_04,260,107.47663988482937,0.017833440051052828,1.9166782142746979,1.9166780703838604,0.017875099946159937,0.3888998340740828
SSEG_04,261,107.98043428641516,0.0177502374107896,1.9166783443040343,1.9166782003076182,0.017791860790715236,0.3877449828923798
SSEG_04,262,108.49024482485405,0.017666824395869817,1.9166781039856207,1.9166779597859311,0.017708538463882657,0.3865901700107101
SSEG_04,263,109.00507209095053,0.01758338458537771,1.9166781043320056,1.916677960105409,0.017625111718243203,0.38543537577027487
SSEG_04,264,109.52525298275509,0.017499878083189622,1.9166785742287145,1.916678429828312,0.017541658193642676,0.38428055756921947
SSEG_04,265,106.97772828020196,0.017916607200340825,1.9166779367811708,1.9166777941072994,0.01795840962786801,0.38692433700168427
SSEG_04,266,107.47773920061778,0.017833254967697255,1.916677926516287,1.9166777842724507,0.01787493108401904,0.38578396821799527
SSEG_04,267,107.98334595883368,0.017749756126240135,1.9166780564647161,1.9166779139726158,0.017791505546968695,0.3846436418607131
SSEG_04,268,108.49185155809073,0.017666560097523345,1.9166778156425917,1.9166776736691467,0.01770815811188174,0.3835034003562446
SSEG_04,269,109.00558136238483,0.01758329979006789,1.9166778158854494,1.916677673801475,0.017624929943795616,0.382363204813717
SSEG_04,270,109.52360310360268,0.017500139068456044,1.916678285591431,1.9166781436781957,0.017541719429261967,0.38122292795390955
SSEG_04,271,106.9772837688144,0.017916684335068756,1.9166782243089222,1.9166780805450467,0.017958275921430948,0.3900546244757851
SSEG_04,272,107.47663988362667,0.017833440051052828,1.9166782142532497,1.9166780703847683,0.017875062193060794,0.38889975646754793
SSEG_04,273,107.98031584433637,0.017750256877851013,1.9166783439884565,1.9166782002265863,0.01779184846445192,0.3877449733121243
SSEG_04,274,108.4901786557473,0.017666835171020193,1.9166781039856207,1.9166779598141064,0.017708546024435605,0.3865901936922347
SSEG_04,275,109.00507209095053,0.01758338458537771,1.9166781043320056,1.9166779601087276,0.01762510987819895,0.3854353751814721
SSEG_04,276,109.52525298275509,0.017499878083189622,1.9166785742287145,1.9166784299100728,0.017541631334283665,0.3842805955615825
SSEG_04,277,106.97772828393803,0.017916607200340825,1.9166779368481084,1.9166777942035118,0.017958418789611914,0.3869242630310481
SSEG_04,278,107.4778536537748,0.017833235977065588,1.916677926516287,1.9166777841968765,0.0178749401993347,0.3857839818922484
SSEG_04,279,107.98359385246042,0.017749715378912578,1.9166780564732664,1.9166779139584182,0.017791490612478887,0.3846437173468008
SSEG_04,280,108.49192652848058,0.017666547889528334,1.9166778156425917,1.9166776736729851,0.0177081448730511,0.383503434160121
SSEG_04,281,109.00561851387893,0.017583293797693373,1.9166778159288174,1.9166776738282918,0.017624925393703233,0.38236310632370457
SSEG_04,282,109.52360310360268,0.017500139068456044,1.916678285591431,1.9166781436644114,0.017541718156200092,0.38122281822126247
SSEG_04,283,106.9772837688144,0.017916684335068756,1.9166782243089222,1.9166780804703731,0.017958285889949827,0.39005464879331864
SSEG_04,284,107.47663988482937,0.017833440051052828,1.9166782142746979,1.9166780703838604,0.017875099946159937,0.3888998340740828
SSEG_04,285,107.98043428641516,0.0177502374107896,1.9166783443040343,1.9166782003076184,0.017791860790715236,0.3877449828923798
SSEG_04,286,108.49024482485405,0.017666824395869817,1.9166781039856207,1.9166779597859311,0.017708538463882657,0.3865901700107101
SSEG_04,287,109.00507209095053,0.01758338458537771,1.9166781043320056,1.916677960105409,0.017625111718243203,0.38543537577027487
SSEG_04,288,109.52525298275509,0.017499878083189622,1.9166785742287145,1.9166784298283117,0.017541658193642676,0.38428055756921947
SSEG_04,289,106.97754558769515,0.017916637798321016,1.9166779368481084,1.916677794282622,0.01795840889539845,0.3869242488538349
SSEG_04,290,107.4779877244531,0.017833213731216237,1.9166779264912073,1.9166777838259443,0.017874937539709496,0.3857839824476606
SSEG_04,291,107.98359386911633,0.017749715378912578,1.9166780567689041,1.9166779141222132,0.017791473728800397,0.38464370450557694
SSEG_04,292,108.49215452182989,0.017666510766059705,1.916677815892921,1.9166776737778304,0.01770812596562695,0.38350339050045845
SSEG_04,293,109.00561851387893,0.017583293797693373,1.9166778159288174,1.9166776738577145,0.01762491373492578,0.38236310207902124
SSEG_04,294,109.52359746795297,0.01750013996858307,1.916678285551927,1.9166781435698141,0.01754175660243062,0.38122284022390407
SSEG_04,295,106.97714202334454,0.017916708074841914,1.9166782243131673,1.916678080468251,0.017958298991725317,0.39005459318038865
SSEG_04,296,107.47657968644751,0.017833450039686977,1.9166782142746979,1.9166780700818378,0.017875108378261763,0.3888997795207487
SSEG_04,297,107.98047342709648,0.017750230977782992,1.9166783444213211,1.9166782004918814,0.01779185681285677,0.3877449963726503
SSEG_04,298,108.49059365228075,0.0176667675957895,1.9166781043840797,1.9166779599481285,0.017708515095057976,0.3865901647095591
SSEG_04,299,109.00495966110161,0.017583402720705094,1.9166781042753631,1.9166779599327743,0.01762512328729944,0.3854353669298272
SSEG_04,300,109.52562324044433,0.017499818925234552,1.9166785743812371,1.9166784297555393,0.01754167186701782,0.3842805957164114
SSEG_04,301,106.97772108412258,0.017916608406779843,1.9166779369139397,1.916677794328228,0.017958377969166116,0.386924321611323
SSEG_04,302,107.47798770553769,0.017833213731216237,1.9166779261538847,1.9166777837661977,0.017874942218038533,0.38578399437034544
SSEG_04,303,107.98461718300766,0.01774954717593386,1.9166780569649524,1.9166779141620367,0.01779144991774858,0.38464368152849904
SSEG_04,304,108.49215452182989,0.017666510766059705,1.916677815892921,1.916677673729272,0.017708075585251296,0.3835034151223438
SSEG_04,305,109.0060084407644,0.017583230901994727,1.9166778161187468,1.9166776739270022,0.01762488968137014,0.3823631410785391
SSEG_04,306,109.52329404290583,0.01750018844898791,1.916678285304767,1.9166781435414415,0.01754175299860717,0.3812228508585479
SSEG_04,307,106.97714202334454,0.017916708074841914,1.9166782243131673,1.9166780804918928,0.017958327742840105,0.39005466555893936
SSEG_04,308,107.47657967046104,0.017833450039686977,1.916678213989604,1.9166780699262338,0.01787513579473153,0.38889985290558354
SSEG_04,309,107.98047344802467,0.017750230977782992,1.9166783447928013,1.9166782007369947,0.017791880825523375,0.3877450014541757
SSEG_04,310,108.49069252213275,0.017666751495692277,1.9166781043840797,1.9166779598894301,0.017708509204747216,0.3865901740580928
SSEG_04,311,109.00456064932456,0.01758346708222933,1.916678103990269,1.9166779599089832,0.017625121152636113,0.38543536880090234
SSEG_04,312,109.52562324044433,0.017499818925234552,1.9166785743812371,1.9166784297007824,0.01754168403556535,0.3842805484201406
SSEG_04,313,106.97772108412258,0.017916608406779843,1.9166779369139397,1.9166777942626128,0.017958383049445543,0.3869242935418632
SSEG_04,314,107.4778896771411,0.017833229999999922,1.9166779265270748,1.9166777840596005,0.017874956835654175,0.38578401111189276
SSEG_04,315,107.98461718300766,0.01774954717593386,1.9166780569649524,1.91667791407873,0.017791469027942784,0.38464370897660016
SSEG_04,316,108.49213114642993,0.017666514571004432,1.916677815737728,1.9166776736598488,0.017708107936734704,0.38350340593858534
SSEG_04,317,109.0060084407644,0.017583230901994727,1.9166778161187468,1.9166776738497724,0.01762492386824987,0.38236313051312987
SSEG_04,318,109.52347211310969,0.017500159999999987,1.9166782857349562,1.916678143665568,0.01754173733774568,0.38122285530556715
SSEG_04,319,106.97730964357653,0.017916679999999907,1.9166782241448648,1.9166780803894619,0.017958319180349118,0.3900546369209972
SSEG_04,320,107.47645938479428,0.017833469999999796,1.9166782141449252,1.9166780702038722,0.017875133766099234,0.3888998112151089
SSEG_04,321,107.9802968966559,0.017750259999999685,1.9166783447928013,1.9166782006070502,0.01779189307115575,0.3877449837340427
SSEG_04,322,108.49069250863343,0.017666751495692277,1.9166781041455905,1.9166779597910097,0.017708529561353926,0.38659017795136524
SSEG_04,323,109.00516249988368,0.017583370000000098,1.9166781041455905,1.9166779599894967,0.017625102144480334,0.3854353744108024
SSEG_04,324,109.52492805072605,0.017499930000000052,1.9166785741427481,1.9166784297879444,0.017541679695048412,0.38428057111929165
SSEG_04,325,106.97772108412258,0.017916608406779843,1.9166779369139397,1.9166777942626125,0.017958383049445543,0.3869242935418632
SSEG_04,326,107.4778896771411,0.017833229999999922,1.9166779265270748,1.9166777840596003,0.01787495683565418,0.38578401111189276
SSEG_04,327,107.98461718300766,0.01774954717593386,1.9166780569649524,1.91667791407873,0.017791469027942784,0.38464370897660016
SSEG_04,328,108.49213114642993,0.017666514571004432,1.916677815737728,1.9166776736598488,0.017708107936734704,0.38350340593858534
SSEG_04,329,109.0060084407644,0.017583230901994727,1.9166778161187468,1.9166776738497724,0.01762492386824987,0.38236313051312987
SSEG_04,330,109.52347211310969,0.017500159999999987,1.9166782857349562,1.916678143665568,0.01754173733774568,0.38122285530556715
SSEG_04,331,106.97730964357653,0.017916679999999907,1.9166782241448648,1.9166780803894619,0.017958319180349118,0.3900546369209972
SSEG_04,332,107.47645938479428,0.017833469999999796,1.9166782141449252,1.9166780702038722,0.017875133766099234,0.3888998112151089
SSEG_04,333,107.9802968966559,0.017750259999999685,1.9166783447928013,1.9166782006070502,0.01779189307115575,0.3877449837340427
SSEG_04,334,108.49069250863343,0.017666751495692277,1.9166781041455905,1.9166779597910097,0.017708529561353922,0.38659017795136524
SSEG_04,335,109.00516249988368,0.017583370000000098,1.9166781041455905,1.9166779599894967,0.017625102144480334,0.3854353744108024
SSEG_04,336,109.52492805072605,0.017499930000000052,1.9166785741427481,1.9166784297879444,0.017541679695048412,0.38428057111929165
SSEG_04,337,106.97772108412258,0.017916608406779843,1.9166779369139397,1.9166777943282278,0.017958377969166116,0.386924321611323
SSEG_04,338,107.47798770553769,0.017833213731216237,1.9166779261538847,1.916677783766198,0.017874942218038533,0.38578399437034544
SSEG_04,339,107.98461718300766,0.01774954717593386,1.9166780569649524,1.916677914162037,0.01779144991774858,0.38464368152849904
SSEG_04,340,108.49215452182989,0.017666510766059705,1.916677815892921,1.916677673729272,0.017708075585251296,0.3835034151223438
SSEG_04,341,109.0060084407644,0.017583230901994727,1.9166778161187468,1.9166776739270022,0.01762488968137014,0.3823631410785391
SSEG_04,342,109.52329404290583,0.01750018844898791,1.916678285304767,1.9166781435414415,0.01754175299860717,0.3812228508585479
SSEG_04,343,106.97714202334454,0.017916708074841914,1.9166782243131673,1.9166780804918928,0.017958327742840105,0.39005466555893936
SSEG_04,344,107.47657967046104,0.017833450039686977,1.916678213989604,1.9166780699262338,0.01787513579473153,0.38889985290558354
SSEG_04,345,107.98047344802467,0.017750230977782992,1.9166783447928013,1.9166782007369947,0.017791880825523375,0.3877450014541757
SSEG_04,346,108.49069252213275,0.017666751495692277,1.9166781043840797,1.9166779598894306,0.017708509204747216,0.3865901740580928
SSEG_04,347,109.00456064932456,0.01758346708222933,1.916678103990269,1.9166779599089832,0.017625121152636113,0.38543536880090234
SSEG_04,348,109.52562324044433,0.017499818925234552,1.9166785743812371,1.9166784297007824,0.01754168403556535,0.3842805484201406
SSEG_04,349,106.97754558769515,0.017916637798321016,1.9166779368481084,1.916677794282622,0.01795840889539845,0.3869242488538349
SSEG_04,350,107.4779877244531,0.017833213731216237,1.9166779264912073,1.9166777838259443,0.017874937539709493,0.3857839824476606
SSEG_04,351,107.98359386911633,0.017749715378912578,1.9166780567689041,1.916677914122213,0.017791473728800397,0.38464370450557694
SSEG_04,352,108.49215452182989,0.017666510766059705,1.916677815892921,1.9166776737778302,0.01770812596562695,0.38350339050045845
SSEG_04,353,109.00561851387893,0.017583293797693373,1.9166778159288174,1.9166776738577145,0.017624913734925775,0.38236310207902124
SSEG_04,354,109.52359746795297,0.01750013996858307,1.916678285551927,1.9166781435698141,0.01754175660243062,0.38122284022390407
SSEG_04,355,106.97714202334454,0.017916708074841914,1.9166782243131673,1.916678080468251,0.01795829899172532,0.39005459318038865
SSEG_04,356,107.47657968644751,0.017833450039686977,1.9166782142746979,1.916678070081838,0.017875108378261763,0.3888997795207487
SSEG_04,357,107.98047342709648,0.017750230977782992,1.9166783444213211,1.9166782004918814,0.01779185681285677,0.3877449963726503
SSEG_04,358,108.49059365228075,0.0176667675957895,1.9166781043840797,1.9166779599481283,0.017708515095057976,0.3865901647095591
SSEG_04,359,109.00495966110161,0.017583402720705094,1.9166781042753631,1.9166779599327741,0.01762512328729944,0.3854353669298272
SSEG_04,360,109.52562324044433,0.017499818925234552,1.9166785743812371,1.9166784297555393,0.01754167186701782,0.3842805957164114
SSEG_04,361,106.97772828393803,0.017916607200340825,1.9166779368481084,1.9166777942035116,0.017958418789611914,0.3869242630310481
SSEG_04,362,107.4778536537748,0.017833235977065588,1.916677926516287,1.9166777841968765,0.0178749401993347,0.3857839818922484
SSEG_04,363,107.98359385246042,0.017749715378912578,1.9166780564732664,1.9166779139584182,0.017791490612478887,0.3846437173468008
SSEG_04,364,108.49192652848058,0.017666547889528334,1.9166778156425917,1.916677673672985,0.0177081448730511,0.383503434160121
SSEG_04,365,109.00561851387893,0.017583293797693373,1.9166778159288174,1.9166776738282918,0.017624925393703236,0.38236310632370457
SSEG_04,366,109.52360310360268,0.017500139068456044,1.916678285591431,1.9166781436644116,0.017541718156200092,0.38122281822126247
SSEG_04,367,106.9772837688144,0.017916684335068756,1.9166782243089222,1.9166780804703731,0.017958285889949827,0.39005464879331864
SSEG_04,368,107.47663988482937,0.017833440051052828,1.9166782142746979,1.9166780703838604,0.017875099946159937,0.3888998340740828
SSEG_04,369,107.98043428641516,0.0177502374107896,1.9166783443040343,1.9166782003076182,0.017791860790715236,0.3877449828923798
SSEG_04,370,108.49024482485405,0.017666824395869817,1.9166781039856207,1.9166779597859311,0.017708538463882657,0.3865901700107101
SSEG_04,371,109.00507209095053,0.01758338458537771,1.9166781043320056,1.916677960105409,0.017625111718243203,0.38543537577027487
SSEG_04,372,109.52525298275509,0.017499878083189622,1.9166785742287145,1.916678429828312,0.017541658193642676,0.38428055756921947
SSEG_04,373,106.97772828020196,0.017916607200340825,1.9166779367811708,1.9166777941072994,0.01795840962786801,0.38692433700168427
SSEG_04,374,107.47773920061778,0.017833254967697255,1.916677926516287,1.9166777842724507,0.01787493108401904,0.38578396821799527
SSEG_04,375,107.98334595883368,0.017749756126240135,1.9166780564647161,1.9166779139726158,0.017791505546968695,0.3846436418607131
SSEG_04,376,108.49185155809073,0.017666560097523345,1.9166778156425917,1.9166776736691467,0.01770815811188174,0.3835034003562446
SSEG_04,377,109.00558136238483,0.01758329979006789,1.9166778158854494,1.916677673801475,0.017624929943795616,0.382363204813717
SSEG_04,378,109.52360310360268,0.017500139068456044,1.916678285591431,1.9166781436781957,0.017541719429261967,0.38122292795390955
SSEG_04,379,106.9772837688144,0.017916684335068756,1.9166782243089222,1.9166780805450467,0.017958275921430948,0.3900546244757851
SSEG_04,380,107.47663988362667,0.017833440051052828,1.9166782142532497,1.9166780703847683,0.017875062193060794,0.38889975646754793
SSEG_04,381,107.98031584433637,0.017750256877851013,1.9166783439884565,1.9166782002265863,0.01779184846445192,0.3877449733121243
SSEG_04,382,108.4901786557473,0.017666835171020193,1.9166781039856207,1.9166779598141064,0.017708546024435605,0.3865901936922347
SSEG_04,383,109.00507209095053,0.01758338458537771,1.9166781043320056,1.9166779601087276,0.01762510987819895,0.3854353751814721
SSEG_04,384,109.52525298275509,0.017499878083189622,1.9166785742287145,1.9166784299100728,0.017541631334283665,0.3842805955615825
SSEG_04,385,106.97772828393803,0.017916607200340825,1.9166779368481084,1.9166777942035118,0.017958418789611914,0.3869242630310481
SSEG_04,386,107.4778536537748,0.017833235977065588,1.916677926516287,1.9166777841968765,0.0178749401993347,0.3857839818922484
SSEG_04,387,107.98359385246042,0.017749715378912578,1.9166780564732664,1.9166779139584182,0.017791490612478887,0.3846437173468008
SSEG_04,388,108.49192652848058,0.017666547889528334,1.9166778156425917,1.9166776736729851,0.0177081448730511,0.383503434160121
SSEG_04,389,109.00561851387893,0.017583293797693373,1.9166778159288174,1.9166776738282918,0.017624925393703233,0.38236310632370457
SSEG_04,390,109.52360310360268,0.017500139068456044,1.916678285591431,1.9166781436644114,0.017541718156200092,0.38122281822126247
SSEG_04,391,106.9772837688144,0.017916684335068756,1.9166782243089222,1.9166780804703731,0.017958285889949827,0.39005464879331864
SSEG_04,392,107.47663988482937,0.017833440051052828,1.9166782142746979,1.9166780703838604,0.017875099946159937,0.3888998340740828
SSEG_04,393,107.98043428641516,0.0177502374107896,1.9166783443040343,1.9166782003076184,0.017791860790715236,0.3877449828923798
SSEG_04,394,108.49024482485405,0.017666824395869817,1.9166781039856207,1.9166779597859311,0.017708538463882657,0.3865901700107101
SSEG_04,395,109.00507209095053,0.01758338458537771,1.9166781043320056,1.916677960105409,0.017625111718243203,0.38543537577027487
SSEG_04,396,109.52525298275509,0.017499878083189622,1.9166785742287145,1.9166784298283117,0.017541658193642676,0.38428055756921947
SSEG_04,397,106.97754558769515,0.017916637798321016,1.9166779368481084,1.916677794282622,0.01795840889539845,0.3869242488538349
SSEG_04,398,107.4779877244531,0.017833213731216237,1.9166779264912073,1.9166777838259443,0.017874937539709496,0.3857839824476606
SSEG_04,399,107.98359386911633,0.017749715378912578,1.9166780567689041,1.9166779141222132,0.017791473728800397,0.38464370450557694
SSEG_04,400,108.49215452182989,0.017666510766059705,1.916677815892921,1.9166776737778304,0.01770812596562695,0.38350339050045845
SSEG_04,401,109.00561851387893,0.017583293797693373,1.9166778159288174,1.9166776738577145,0.01762491373492578,0.38236310207902124
SSEG_04,402,109.52359746795297,0.01750013996858307,1.916678285551927,1.9166781435698141,0.01754175660243062,0.38122284022390407
SSEG_04,403,106.97714202334454,0.017916708074841914,1.9166782243131673,1.916678080468251,0.017958298991725317,0.39005459318038865
SSEG_04,404,107.47657968644751,0.017833450039686977,1.9166782142746979,1.9166780700818378,0.017875108378261763,0.3888997795207487
SSEG_04,405,107.98047342709648,0.017750230977782992,1.9166783444213211,1.9166782004918814,0.01779185681285677,0.3877449963726503
SSEG_04,406,108.49059365228075,0.0176667675957895,1.9166781043840797,1.9166779599481285,0.017708515095057976,0.3865901647095591
SSEG_04,407,109.00495966110161,0.017583402720705094,1.9166781042753631,1.9166779599327743,0.01762512328729944,0.3854353669298272
SSEG_04,408,109.52562324044433,0.017499818925234552,1.9166785743812371,1.9166784297555393,0.01754167186701782,0.3842805957164114
SSEG_04,409,106.97772108412258,0.017916608406779843,1.9166779369139397,1.916677794328228,0.017958377969166116,0.386924321611323
SSEG_04,410,107.47798770553769,0.017833213731216237,1.9166779261538847,1.9166777837661977,0.017874942218038533,0.38578399437034544
SSEG_04,411,107.98461718300766,0.01774954717593386,1.9166780569649524,1.9166779141620367,0.01779144991774858,0.38464368152849904
SSEG_04,412,108.49215452182989,0.017666510766059705,1.916677815892921,1.916677673729272,0.017708075585251296,0.3835034151223438
SSEG_04,413,109.0060084407644,0.017583230901994727,1.9166778161187468,1.9166776739270022,0.01762488968137014,0.3823631410785391
SSEG_04,414,109.52329404290583,0.01750018844898791,1.916678285304767,1.9166781435414415,0.01754175299860717,0.3812228508585479
SSEG_04,415,106.97714202334454,0.017916708074841914,1.9166782243131673,1.9166780804918928,0.017958327742840105,0.39005466555893936
SSEG_04,416,107.47657967046104,0.017833450039686977,1.916678213989604,1.9166780699262338,0.01787513579473153,0.38889985290558354
SSEG_04,417,107.98047344802467,0.017750230977782992,1.9166783447928013,1.9166782007369947,0.017791880825523375,0.3877450014541757
SSEG_04,418,108.49069252213275,0.017666751495692277,1.9166781043840797,1.9166779598894301,0.017708509204747216,0.3865901740580928
SSEG_04,419,109.00456064932456,0.01758346708222933,1.916678103990269,1.9166779599089832,0.017625121152636113,0.38543536880090234
SSEG_04,420,109.52562324044433,0.017499818925234552,1.9166785743812371,1.9166784297007824,0.01754168403556535,0.3842805484201406
SSEG_04,421,106.97772108412258,0.017916608406779843,1.9166779369139397,1.9166777942626128,0.017958383049445543,0.3869242935418632
SSEG_04,422,107.4778896771411,0.017833229999999922,1.9166779265270748,1.9166777840596005,0.017874956835654175,0.38578401111189276
SSEG_04,423,107.98461718300766,0.01774954717593386,1.9166780569649524,1.91667791407873,0.017791469027942784,0.38464370897660016
SSEG_04,424,108.49213114642993,0.017666514571004432,1.916677815737728,1.9166776736598488,0.017708107936734704,0.38350340593858534
SSEG_04,425,109.0060084407644,0.017583230901994727,1.9166778161187468,1.9166776738497724,0.01762492386824987,0.38236313051312987
SSEG_04,426,109.52347211310969,0.017500159999999987,1.9166782857349562,1.916678143665568,0.01754173733774568,0.38122285530556715
SSEG_04,427,106.97730964357653,0.017916679999999907,1.9166782241448648,1.9166780803894619,0.017958319180349118,0.3900546369209972
SSEG_04,428,107.47645938479428,0.017833469999999796,1.9166782141449252,1.9166780702038722,0.017875133766099234,0.3888998112151089
SSEG_04,429,107.9802968966559,0.017750259999999685,1.9166783447928013,1.9166782006070502,0.01779189307115575,0.3877449837340427
SSEG_04,430,108.49069250863343,0.017666751495692277,1.9166781041455905,1.9166779597910097,0.017708529561353926,0.38659017795136524
SSEG_04,431,109.00516249988368,0.017583370000000098,1.9166781041455905,1.9166779599894967,0.017625102144480334,0.3854353744108024
SSEG_04,432,109.52492805072605,0.017499930000000052,1.9166785741427481,1.9166784297879444,0.017541679695048412,0.38428057111929165
