time,dt,r_from_converged_stress,S11_Pa,S22_Pa,S33_Pa,max_shear_Pa,PE11,PEEQT,PEEQ,delta_max_diagonal_PE,delta_PEEQT,delta_PEEQ,r_inferred_from_delta_kappa_over_delta_max_PE,cumulative_current_r_diagonal_increment_PEEQT,cumulative_previous_r_diagonal_increment_PEEQT,cumulative_current_r_diagonal_increment_PEEQ,DAMAGET,expected_damage_at_PEEQT,damage_error_at_PEEQT,SDEG_minus_DAMAGET
0.0,0.0,1.0,0.0,0.0,0.0,0.0,0.0,0.0,0.0,0.0,0.0,0.0,,0.0,0.0,0.0,0.0,0.0,0.0,0.0
0.0010000000474974513,0.0010000000474974513,1.0,50187.5,4.092726157978177e-12,0.0,2.415367385266709e-12,0.0,0.0,0.0,0.0,0.0,0.0,,0.0,0.0,0.0,0.0,0.0,0.0,0.0
0.0020000000949949026,0.0010000000474974513,1.0,100375.0,-1.8189894035458565e-12,0.0,6.038418463166773e-13,0.0,0.0,0.0,0.0,0.0,0.0,,0.0,0.0,0.0,0.0,0.0,0.0,0.0
0.0035000001080334187,0.001500000013038516,0.9999999999999999,175656.25,-9.094947017729282e-12,-7.275957614183426e-12,2.415367385266709e-12,0.0,0.0,0.0,0.0,0.0,0.0,,0.0,0.0,0.0,0.0,0.0,0.0,0.0
0.005499999970197678,0.001999999862164259,1.0,276031.25,3.637978807091713e-12,7.275957614183426e-12,1.6102449235111393e-12,0.0,0.0,0.0,0.0,0.0,0.0,,0.0,0.0,0.0,0.0,0.0,0.0,0.0
0.007499999832361937,0.001999999862164259,1.0,376406.25,-7.275957614183426e-12,0.0,2.817928616144494e-12,0.0,0.0,0.0,0.0,0.0,0.0,,0.0,0.0,0.0,0.0,0.0,0.0,0.0
0.009499999694526196,0.001999999862164259,1.0,476781.25,7.275957614183426e-12,0.0,2.817928616144494e-12,0.0,0.0,0.0,0.0,0.0,0.0,,0.0,0.0,0.0,0.0,0.0,0.0,0.0
0.011500000022351742,0.0020000003278255463,1.0,577156.25,-2.9103830456733704e-11,-1.4551915228366852e-11,4.0256123087778484e-13,0.0,0.0,0.0,0.0,0.0,0.0,,0.0,0.0,0.0,0.0,0.0,0.0,0.0
0.013500000350177288,0.0020000003278255463,0.9999999999999998,677531.25,-3.637978807091713e-11,-5.820766091346741e-11,2.012806154388924e-12,0.0,0.0,0.0,0.0,0.0,0.0,,0.0,0.0,0.0,0.0,0.0,0.0,0.0
0.01549999974668026,0.0019999993965029716,1.0,777906.25,-7.275957614183426e-12,2.9103830456733704e-11,2.012806154388924e-12,0.0,0.0,0.0,0.0,0.0,0.0,,0.0,0.0,0.0,0.0,0.0,0.0,0.0
0.017500000074505806,0.0020000003278255463,1.0,878281.25,2.1827872842550278e-11,0.0,1.6102449235111393e-12,0.0,0.0,0.0,0.0,0.0,0.0,,0.0,0.0,0.0,0.0,0.0,0.0,0.0
0.019500000402331352,0.0020000003278255463,1.0,978656.25,-1.4551915228366852e-11,0.0,8.051224617555697e-13,0.0,0.0,0.0,0.0,0.0,0.0,,0.0,0.0,0.0,0.0,0.0,0.0,0.0
0.0215000007301569,0.0020000003278255463,1.0,1079031.25,2.1827872842550278e-11,2.9103830456733704e-11,1.6102449235111393e-12,0.0,0.0,0.0,0.0,0.0,0.0,,0.0,0.0,0.0,0.0,0.0,0.0,0.0
0.023499999195337296,0.001999998465180397,1.0,1179406.25,3.637978807091713e-11,2.9103830456733704e-11,4.0256123087778484e-13,0.0,0.0,0.0,0.0,0.0,0.0,,0.0,0.0,0.0,0.0,0.0,0.0,0.0
0.025499999523162842,0.0020000003278255463,1.0,1279781.25,0.0,-5.820766091346741e-11,1.2076836926333545e-12,0.0,0.0,0.0,0.0,0.0,0.0,,0.0,0.0,0.0,0.0,0.0,0.0,0.0
0.027499999850988388,0.0020000003278255463,1.0,1380156.25,1.4551915228366852e-11,5.820766091346741e-11,1.2076836926333545e-12,0.0,0.0,0.0,0.0,0.0,0.0,,0.0,0.0,0.0,0.0,0.0,0.0,0.0
0.029500000178813934,0.0020000003278255463,1.0,1480531.25,1.4551915228366852e-11,-5.820766091346741e-11,2.012806154388924e-12,0.0,0.0,0.0,0.0,0.0,0.0,,0.0,0.0,0.0,0.0,0.0,0.0,0.0
0.03150000050663948,0.0020000003278255463,1.0,1580906.25,2.9103830456733704e-11,0.0,2.012806154388924e-12,0.0,0.0,0.0,0.0,0.0,0.0,,0.0,0.0,0.0,0.0,0.0,0.0,0.0
0.03350000083446503,0.0020000003278255463,1.0,1681281.25,0.0,0.0,8.051224617555697e-13,0.0,0.0,0.0,0.0,0.0,0.0,,0.0,0.0,0.0,0.0,0.0,0.0,0.0
0.03550000116229057,0.0020000003278255463,1.0,1781656.25,-1.4551915228366852e-11,0.0,1.6102449235111393e-12,0.0,0.0,0.0,0.0,0.0,0.0,,0.0,0.0,0.0,0.0,0.0,0.0,0.0
0.03750000149011612,0.0020000003278255463,0.9999999999999999,1882031.25,0.0,-1.1641532182693481e-10,1.6102449235111393e-12,0.0,0.0,0.0,0.0,0.0,0.0,,0.0,0.0,0.0,0.0,0.0,0.0,0.0
0.039500001817941666,0.0020000003278255463,1.0,1982406.25,8.731149137020111e-11,1.1641532182693481e-10,2.415367385266709e-12,0.0,0.0,0.0,0.0,0.0,0.0,,0.0,0.0,0.0,0.0,0.0,0.0,0.0
0.04149999842047691,0.001999996602535248,1.0,2082781.25,4.3655745685100555e-11,5.820766091346741e-11,8.051224617555697e-13,0.0,0.0,0.0,0.0,0.0,0.0,,0.0,0.0,0.0,0.0,0.0,0.0,0.0
0.04349999874830246,0.0020000003278255463,1.0,2183156.25,-4.3655745685100555e-11,-5.820766091346741e-11,1.2076836926333545e-12,0.0,0.0,0.0,0.0,0.0,0.0,,0.0,0.0,0.0,0.0,0.0,0.0,0.0
0.045499999076128006,0.0020000003278255463,1.0,2283531.25,-5.820766091346741e-11,-5.820766091346741e-11,1.2076836926333545e-12,0.0,0.0,0.0,0.0,0.0,0.0,,0.0,0.0,0.0,0.0,0.0,0.0,0.0
0.04749999940395355,0.0020000003278255463,1.0,2383906.25,-1.1641532182693481e-10,-1.1641532182693481e-10,4.0256123087778484e-13,0.0,0.0,0.0,0.0,0.0,0.0,,0.0,0.0,0.0,0.0,0.0,0.0,0.0
0.0494999997317791,0.0020000003278255463,1.0,2484281.25,-8.731149137020111e-11,0.0,1.2076836926333545e-12,0.0,0.0,0.0,0.0,0.0,0.0,,0.0,0.0,0.0,0.0,0.0,0.0,0.0
0.051500000059604645,0.0020000003278255463,1.0,2584656.25,0.0,0.0,2.012806154388924e-12,0.0,0.0,0.0,0.0,0.0,0.0,,0.0,0.0,0.0,0.0,0.0,0.0,0.0
0.05350000038743019,0.0020000003278255463,1.0,2685031.25,0.0,0.0,0.0,0.0,0.0,0.0,0.0,0.0,0.0,,0.0,0.0,0.0,0.0,0.0,0.0,0.0
0.05550000071525574,0.0020000003278255463,1.0,2785406.25,-8.731149137020111e-11,1.1641532182693481e-10,2.012806154388924e-12,0.0,0.0,0.0,0.0,0.0,0.0,,0.0,0.0,0.0,0.0,0.0,0.0,0.0
0.057500001043081284,0.0020000003278255463,1.0,2885781.25,8.731149137020111e-11,1.1641532182693481e-10,1.2076836926333545e-12,0.0,0.0,0.0,0.0,0.0,0.0,,0.0,0.0,0.0,0.0,0.0,0.0,0.0
0.05838106945157051,0.0008810684084892273,1.0,2930000.0,-2.9103830456733704e-11,1.1641532182693481e-10,6.038418463166773e-13,0.0,0.0,0.0,0.0,0.0,0.0,,0.0,0.0,0.0,0.0,0.0,0.0,0.0
0.06038106977939606,0.0020000003278255463,0.9998924980841633,2911510.25,-156.51329040527344,-156.51329040527344,2.1239329739408674e-12,2.733703922785935e-06,2.7246649096923647e-06,7.475636776277383e-11,2.733703922785935e-06,2.7246649096923647e-06,7.475636776277383e-11,0.9966934922914554,2.733410044376905e-06,2.733703922785935e-06,7.56961614222651e-11,0.006491531617939472,0.006491531932361051,-3.1442157905070545e-10,-6.980262696743011e-07
0.0623810701072216,0.0020000003278255463,1.0,2892371.75,1.489055466663558e-05,1.4890094462316483e-05,2.9492500022015866e-12,5.4850770538905635e-06,5.467291430250043e-06,7.475636776277383e-11,2.7513731311046286e-06,2.7426265205576783e-06,0.0,0.996821001685279,5.484783175481534e-06,5.484781276007788e-06,7.56961614222651e-11,0.013025857508182526,0.013025857519851603,-1.1669077162879127e-11,0.0
0.06438107043504715,0.0020000003278255463,1.0,2873232.25,1.0239803791046143,1.0239803791046143,1.7439282440009918e-12,8.235086170316208e-06,8.208554390876088e-06,7.475636776277383e-11,2.7500091164256446e-06,2.7412629606260452e-06,0.0,0.996819590252498,8.234792291907179e-06,8.234790392433433e-06,7.56961614222651e-11,0.019556934013962746,0.019556934416904516,-4.0294177022781597e-10,0.0
0.066381074488163,0.0020000040531158447,0.9999999999865035,2854092.75,-1.9260249246144667e-05,-1.9260249246144667e-05,2.0979953885280622e-12,1.0985077096847817e-05,1.0949799616355449e-05,7.475638164056164e-11,2.749990926531609e-06,2.7412452254793607e-06,1.3877787807814457e-17,0.996819734578805,1.0984783218401673e-05,1.0984781318965042e-05,7.569617098230632e-11,0.026087967678904533,0.02608796905985469,-1.3809501563100124e-09,0.0
0.06838107109069824,0.001999996602535248,0.9999999952268933,2834953.25,-0.006765767466276884,-0.006765767000615597,2.0445819516601293e-12,1.3735077118326444e-05,1.3691053027287126e-05,7.475971924852942e-11,2.750000021478627e-06,2.7412534109316766e-06,3.337607967779377e-15,0.9968194143714052,1.3734783226754257e-05,1.3734781340406554e-05,7.569955194161828e-11,0.03261902183294296,0.032619023204698436,-1.3717554731007553e-09,0.0
0.07038106769323349,0.001999996602535248,0.9999999998722386,2815813.75,-0.00017987604951485991,-0.00017987604951485991,3.6405587745813595e-12,1.648507713980507e-05,1.6432306438218802e-05,7.475980945415017e-11,2.750000021478627e-06,2.7412534109316766e-06,9.020562075079397e-17,0.9968194143714052,1.648478324788154e-05,1.6484781348759138e-05,7.569964243945113e-11,0.03915007784962654,0.039150077349542185,5.000843558700119e-10,0.0
0.07238107174634933,0.0020000040531158447,1.0,2796674.0,0.0001270249194931239,0.0001270244683837518,1.701516098157052e-12,1.9235076251788996e-05,1.917355984915048e-05,7.475980945415017e-11,2.749999111983925e-06,2.7412534109316766e-06,0.0,0.9968197440449575,1.9234782359865466e-05,1.923478046039172e-05,7.569964243945113e-11,0.04568113386631012,0.04568113149438593,2.371924191779673e-09,0.0
0.07438106834888458,0.001999996602535248,1.0,2777534.5,1.1522495697136037e-05,1.1523377906996757e-05,1.6755094490658595e-12,2.1985077182762325e-05,2.191481507907156e-05,7.475980945415017e-11,2.7500009309733286e-06,2.74125522992108e-06,0.0,0.9968197461485393,2.1984783290838795e-05,2.198478139136505e-05,7.569964243945113e-11,0.0522121898829937,0.052212189972983804,-8.999010564503251e-11,0.0
0.07638107240200043,0.0020000040531158447,0.9999999999975113,2758395.0,-3.4321617476962274e-06,-3.4325998967688065e-06,1.6857481122817264e-12,2.473507629474625e-05,2.4656068490003236e-05,7.475980945415017e-11,2.749999111983925e-06,2.7412534109316766e-06,0.0,0.9968197440449575,2.4734782402815876e-05,2.4734780503348974e-05,7.569964420226838e-11,0.05874324217438698,0.058743244117827546,-1.9434405681972855e-09,0.0
0.07838106900453568,0.001999996602535248,0.9999999999994661,2739255.5,-7.31463785541564e-07,-7.310285354833468e-07,1.2354104284711953e-12,2.748507722571958e-05,2.7397321900934912e-05,7.475980945415017e-11,2.7500009309733286e-06,2.7412534109316766e-06,0.0,0.996819084698071,2.7484783333787738e-05,2.748478143431546e-05,7.569964458045283e-11,0.06527429819107056,0.0652742982626713,-7.160073922651833e-11,0.0
0.08038107305765152,0.0020000040531158447,1.0,2720116.0,9.06590500449056e-08,9.119933253032286e-08,2.343645243152448e-12,3.0235076337703504e-05,3.013857531186659e-05,7.475980945415017e-11,2.749999111983925e-06,2.7412534109316766e-06,0.0,0.9968197440449575,3.0234782445771663e-05,3.0234780546297917e-05,7.569964458045283e-11,0.07180535048246384,0.07180535240751504,-1.9250512017787713e-09,0.0
0.08238106966018677,0.001999996602535248,1.0,2700976.25,4.828309485560567e-08,4.828309485560567e-08,1.9384049487064514e-12,3.298507726867683e-05,3.287983054178767e-05,7.475980945415017e-11,2.7500009309733286e-06,2.74125522992108e-06,0.0,0.9968197461485393,3.298478337674499e-05,3.298478147727125e-05,7.569964458045283e-11,0.07833641022443771,0.07833641088611291,-6.616752007415627e-10,0.0
0.08438107371330261,0.0020000040531158447,1.0,2681836.75,6.392126827847733e-10,6.392126827847733e-10,1.6983384100097143e-12,3.573507638066076e-05,3.5621083952719346e-05,7.475980945415017e-11,2.749999111983925e-06,2.7412534109316766e-06,0.0,0.9968197440449575,3.5734782488728916e-05,3.5734780589255174e-05,7.569964458045283e-11,0.084867462515831,0.08486746503095666,-2.5151256632938157e-09,0.0
0.08638107031583786,0.001999996602535248,0.9999999999999978,2662697.25,-3.0674789375240152e-09,-3.0674789375240152e-09,2.632940306751541e-12,3.848507549264468e-05,3.836233736365102e-05,7.475980945415017e-11,2.749999111983925e-06,2.7412534109316766e-06,0.0,0.9968197440449575,3.8484781600712835e-05,3.84847797012391e-05,7.569964458202565e-11,0.09139851480722427,0.0913985191758004,-4.368576125846069e-09,0.0
0.0883810743689537,0.0020000040531158447,0.9999999999999998,2643557.75,-3.150444627397775e-10,-3.150444627397775e-10,2.0337848159052152e-12,4.1235078242607415e-05,4.11035907745827e-05,7.475980945415017e-11,2.750002749962732e-06,2.7412534109316766e-06,0.0,0.9968184253520568,4.123478435067557e-05,4.1234782451201825e-05,7.569964458218293e-11,0.09792957454919815,0.09792957332064416,1.2285539946477186e-09,0.0
0.09038107097148895,0.001999996602535248,1.0,2624418.25,4.1701800346238826e-10,0.0,1.532258694925126e-12,4.398507735459134e-05,4.3844844185514376e-05,7.475980945415017e-11,2.749999111983925e-06,2.7412534109316766e-06,0.0,0.9968197440449575,4.398478346265949e-05,4.398478156318575e-05,7.569964458218293e-11,0.10446062684059143,0.1044606274654879,-6.248964679045343e-10,0.0
0.0923810675740242,0.001999996602535248,0.9999999999999998,2605278.5,0.0,-4.1397676953103257e-10,8.95945264593051e-13,4.6735076466575265e-05,4.658609759644605e-05,7.475980945415017e-11,2.749999111983925e-06,2.7412534109316766e-06,0.0,0.9968197440449575,4.673478257464342e-05,4.6734780675169675e-05,7.569964458234021e-11,0.11099168658256531,0.11099168161033164,4.972233666467041e-09,0.0
0.09438107162714005,0.0020000040531158447,0.9999999999999998,2586139.0,2.0546775392205063e-10,-2.0546775392205063e-10,9.340903701568481e-13,4.948507557855919e-05,4.932735100737773e-05,7.475980945415017e-11,2.749999111983925e-06,2.7412534109316766e-06,0.0,0.9968197440449575,4.948478168662734e-05,4.94847797871536e-05,7.56996445824975e-11,0.11752273887395859,0.11752273575517538,3.118783203914788e-09,0.0
0.09638106822967529,0.001999996602535248,0.9999999999999998,2566999.5,0.0,-4.0789424615716996e-10,8.950497678086866e-13,5.223507832852192e-05,5.2068604418309405e-05,7.475980945415017e-11,2.750002749962732e-06,2.7412534109316766e-06,0.0,0.9968184253520568,5.2234784436590074e-05,5.223478253711633e-05,7.569964458265477e-11,0.12405379116535187,0.12405378990001914,1.265332727484747e-09,0.0
0.09838107228279114,0.0020000040531158447,0.9999999999999998,2547860.0,-1.0121324611755966e-10,-5.060662444655861e-10,2.183194163646318e-12,5.498507744050585e-05,5.480986146721989e-05,7.475980945415017e-11,2.749999111983925e-06,2.7412570489104837e-06,0.0,0.9968210669467691,5.4984783548574e-05,5.498478164910026e-05,7.569964458281206e-11,0.13058485090732574,0.13058485271237114,-1.8050453909346231e-09,0.0
0.10038106888532639,0.001999996602535248,1.0,2528720.5,-1.0045293069582684e-10,-1.0045293069582684e-10,1.2615595417278525e-12,5.773507655248977e-05,5.7551114878151566e-05,7.475980945415017e-11,2.749999111983925e-06,2.7412534109316766e-06,0.0,0.9968197440449575,5.7734782660557925e-05,5.773478076108418e-05,7.569964458281206e-11,0.13711591064929962,0.1371159068572149,3.792084729559164e-09,0.0
0.10238107293844223,0.0020000040531158447,1.0,2509580.75,0.0,0.0,1.4536856961233635e-12,6.04850756644737e-05,6.029236828908324e-05,7.475980945415017e-11,2.749999111983925e-06,2.7412534109316766e-06,0.0,0.9968197440449575,6.048478177254185e-05,6.048477987306811e-05,7.569964458281206e-11,0.1436469554901123,0.14364696100205862,-5.511946316039129e-09,0.0
0.10438106954097748,0.001999996602535248,1.0,2490441.25,-9.893229985236118e-11,-9.893229985236118e-11,1.5049866734784256e-12,6.323507841443643e-05,6.303362170001492e-05,7.475980945415017e-11,2.750002749962732e-06,2.7412534109316766e-06,0.0,0.9968184253520568,6.323478452250459e-05,6.323478262303085e-05,7.569964458281206e-11,0.15017801523208618,0.15017801514690238,8.518380445465823e-11,0.0
0.10638107359409332,0.0020000040531158447,1.0,2471301.75,-9.817198443062836e-11,2.945159671696729e-10,1.1880288419696683e-12,6.598507752642035e-05,6.57748751109466e-05,7.475980945415017e-11,2.749999111983925e-06,2.7412534109316766e-06,0.0,0.9968197440449575,6.598478363448851e-05,6.598478173501477e-05,7.569964458281206e-11,0.15670907497406006,0.1567090692917461,5.682313952704021e-09,0.0
0.10838107019662857,0.001999996602535248,0.9999999999999998,2452162.25,-2.922350139655805e-10,9.741166900889553e-11,5.621098747056463e-13,6.873507663840428e-05,6.851612852187827e-05,7.475980945415017e-11,2.749999111983925e-06,2.7412534109316766e-06,0.0,0.9968197440449575,6.873478274647244e-05,6.87347808469987e-05,7.569964458296934e-11,0.16324011981487274,0.16324012343658986,-3.6217171206498477e-09,0.0
0.11038107424974442,0.0020000040531158447,1.0,2433022.75,-9.66513535871627e-11,-9.66513535871627e-11,2.687972891143864e-12,7.14850757503882e-05,7.125738193280995e-05,7.475980945415017e-11,2.749999111983925e-06,2.7412534109316766e-06,0.0,0.9968197440449575,7.148478185845636e-05,7.148477995898262e-05,7.569964458296934e-11,0.16977117955684662,0.16977117758143362,1.9754129998439396e-09,0.0
0.11238107085227966,0.001999996602535248,1.0,2413883.0,3.835641526617195e-10,0.0,1.783182867858002e-12,7.423507486237213e-05,7.399863534374163e-05,7.475980945415017e-11,2.749999111983925e-06,2.7412534109316766e-06,0.0,0.9968197440449575,7.423478097044029e-05,7.423477907096655e-05,7.569964458296934e-11,0.1763022392988205,0.17630223172627735,7.572543148093303e-09,0.0
0.11438106745481491,0.001999996602535248,1.0,2394743.5,2.8539218210887896e-10,-9.513072274369705e-11,2.102985537447144e-12,7.698507397435606e-05,7.67398887546733e-05,7.475980945415017e-11,2.749999111983925e-06,2.7412534109316766e-06,0.0,0.9968197440449575,7.698478008242421e-05,7.698477818295047e-05,7.569964458296934e-11,0.18283328413963318,0.1828332858711211,-1.7314879252605664e-09,0.0
0.11638107150793076,0.0020000040531158447,1.0,2375604.0,-9.437040732196422e-11,2.8311122890478657e-10,1.451361383505989e-12,7.97350803622976e-05,7.948114216560498e-05,7.475980945415017e-11,2.7500063879415393e-06,2.7412534109316766e-06,0.0,0.996817106662645,7.973478647036575e-05,7.973478457089201e-05,7.569964458296934e-11,0.18936434388160706,0.18936434001596486,3.865642195233221e-09,0.0
0.118381068110466,0.001999996602535248,0.9999999999999998,2356464.5,0.0,-3.744403953565012e-10,1.2192514792924714e-12,8.248507947428152e-05,8.222239557653666e-05,7.475980945415017e-11,2.749999111983925e-06,2.7412534109316766e-06,0.0,0.9968197440449575,8.248478558234968e-05,8.248478368287594e-05,7.569964458312662e-11,0.19589540362358093,0.1958953941608086,9.462772343482584e-09,0.0
0.11943212896585464,0.0010510608553886414,1.0,2346406.0,3.3555789258343793e-09,3.3555789258343793e-09,8.014260912889148e-13,8.393028110731393e-05,8.366300608031452e-05,7.475980945415017e-11,1.4452016330324113e-06,1.4406105037778616e-06,0.0,0.9968231912076404,8.392998721538209e-05,8.392998531590835e-05,7.569964458312662e-11,0.19932766258716583,0.19932765808952216,4.497643674161722e-09,0.0
0.12143213301897049,0.0020000040531158447,0.9999999999999928,2327266.5,-8.320519384596992e-09,-8.320519384596992e-09,2.8367872287327067e-12,8.668028021929786e-05,8.64042594912462e-05,7.475980945415017e-11,2.749999111983925e-06,2.7412534109316766e-06,0.0,0.9968197440449575,8.6679986327366e-05,8.667998442789227e-05,7.56996445882383e-11,0.2058587223291397,0.20585871223436591,1.009477379465551e-08,0.0
0.12343212962150574,0.001999996602535248,0.9999999999999998,2308127.0,-1.833797974581941e-10,-1.833797974581941e-10,9.569300647022105e-13,8.943027933128178e-05,8.914551290217787e-05,7.475980945415017e-11,2.749999111983925e-06,2.7412534109316766e-06,0.0,0.9968197440449575,8.942998543934993e-05,8.942998353987618e-05,7.569964458839558e-11,0.2123897671699524,0.21238976637920967,7.907427213016405e-10,0.0
0.12543213367462158,0.0020000040531158447,1.0,2288987.5,1.4548733329178276e-09,1.4548733329178276e-09,1.3923559570930277e-12,9.218028571922332e-05,9.188676631310955e-05,7.475980945415017e-11,2.7500063879415393e-06,2.7412534109316766e-06,0.0,0.996817106662645,9.217999182729147e-05,9.217998992781772e-05,7.569964458839558e-11,0.21892082691192627,0.2189208205240534,6.3878728695510034e-09,0.0
0.12743212282657623,0.001999989151954651,1.0,2269848.0,1.803385357712628e-10,5.410156211915762e-10,1.3761184032567986e-12,9.493028483120725e-05,9.462801972404122e-05,7.475980945415017e-11,2.749999111983925e-06,2.7412534109316766e-06,0.0,0.9968197440449575,9.492999093927539e-05,9.492998903980165e-05,7.569964458839558e-11,0.22545188665390015,0.22545187466889716,1.198500299004479e-08,0.0
0.12943212687969208,0.0020000040531158447,0.9999999999999998,2250708.25,-2.682268573916957e-10,8.940895246389857e-11,1.7947299462556243e-12,9.768028394319117e-05,9.73692731349729e-05,7.475980945415017e-11,2.749999111983925e-06,2.7412534109316766e-06,0.0,0.9968197440449575,9.767999005125932e-05,9.767998815178557e-05,7.569964458855286e-11,0.23198293149471283,0.2319829288137409,2.680971916690922e-09,0.0
0.13143213093280792,0.0020000040531158447,1.0,2231568.75,0.0,0.0,6.49573765002659e-13,0.0001004302830551751,0.00010011052654590458,7.475980945415017e-11,2.749999111983925e-06,2.7412534109316766e-06,0.0,0.9968197440449575,0.00010042998916324324,0.0001004299872637695,7.569964458855286e-11,0.2385139912366867,0.23851398295858467,8.278102037184709e-09,0.0
0.13343213498592377,0.0020000040531158447,1.0,2212429.25,0.0,0.0,2.0886105345230277e-12,0.00010318028216715902,0.00010285177995683625,7.475980945415017e-11,2.749999111983925e-06,2.7412534109316766e-06,0.0,0.9968197440449575,0.00010317998827522717,0.00010317998637575342,7.569964458855286e-11,0.24504505097866058,0.2450450371034284,1.3875232185434072e-08,0.0
0.13543212413787842,0.001999989151954651,0.9999999999999998,2193289.75,-3.4851202479480037e-10,0.0,7.305136855671746e-13,0.00010593028127914295,0.00010559304064372554,7.475980945415017e-11,2.749999111983925e-06,2.741260686889291e-06,0.0,0.9968223898485806,0.00010592998738721109,0.00010592998548773735,7.569964458871014e-11,0.25157609581947327,0.25157610858328866,-1.2763815393501687e-08,0.0
0.13743212819099426,0.0020000040531158447,1.0,2174150.25,0.0,0.0,8.904663573346128e-13,0.00010868028039112687,0.00010833429405465722,7.475980945415017e-11,2.749999111983925e-06,2.7412534109316766e-06,0.0,0.9968197440449575,0.00010867998649919502,0.00010867998459972127,7.569964458871014e-11,0.25810715556144714,0.2581071627281324,-7.1666852452523244e-09,0.0
0.1394321322441101,0.0020000040531158447,1.0,2155010.5,2.5682214688238503e-10,-8.560738229412834e-11,2.280895958217677e-12,0.0001114302795031108,0.0001110755474655889,7.475980945415017e-11,2.749999111983925e-06,2.7412534109316766e-06,0.0,0.9968197440449575,0.00011142998561117894,0.0001114299837117052,7.569964458871014e-11,0.264638215303421,0.2646382168729762,-1.5695551525141127e-09,0.0
0.14143213629722595,0.0020000040531158447,1.0,2135871.0,-8.484706687239552e-11,-8.484706687239552e-11,1.4798544334393426e-12,0.00011418028589105234,0.00011381680087652057,7.475980945415017e-11,2.7500063879415393e-06,2.7412534109316766e-06,0.0,0.996817106662645,0.00011417999199912048,0.00011417999009964674,7.569964458871014e-11,0.2711692750453949,0.2711692710178199,4.02757499573525e-09,0.0
0.1434321254491806,0.001999989151954651,1.0,2116731.5,-8.408675145066269e-11,2.5226024047420026e-10,7.426942090840716e-13,0.00011693028500303626,0.00011655805428745225,7.475980945415017e-11,2.749999111983925e-06,2.7412534109316766e-06,0.0,0.9968197440449575,0.0001169299911111044,0.00011692998921163066,7.569964458871014e-11,0.2777003347873688,0.27770032516266363,9.624705143984613e-09,0.0
0.14543212950229645,0.0020000040531158447,0.9999999999999998,2097592.0,-1.6665287205785972e-10,-1.6665287205785972e-10,7.104764367972527e-13,0.00011968028411502019,0.00011929930769838393,7.475980945415017e-11,2.749999111983925e-06,2.7412534109316766e-06,0.0,0.9968197440449575,0.00011967999022308833,0.00011967998832361459,7.569964458886742e-11,0.28423136472702026,0.2842313793075074,-1.4580487150972488e-08,0.0
0.1474321335554123,0.0020000040531158447,1.0,2078452.375,-8.256612060719704e-11,2.476983618215911e-10,8.695537237306261e-13,0.0001224302832270041,0.0001220405611093156,7.475980945415017e-11,2.749999111983925e-06,2.7412534109316766e-06,0.0,0.9968197440449575,0.00012242998933507227,0.0001224299874355985,7.569964458886742e-11,0.29076242446899414,0.29076243345235114,-8.983357002723125e-09,0.0
0.14943212270736694,0.001999989151954651,1.0,2059312.875,8.180580518546421e-11,8.180580518546421e-11,6.500096142759981e-13,0.00012518028961494565,0.00012478181452024728,7.475980945415017e-11,2.7500063879415393e-06,2.7412534109316766e-06,0.0,0.996817106662645,0.0001251799957230138,0.00012517999382354004,7.569964458886742e-11,0.297293484210968,0.29729348759719487,-3.3862268544737617e-09,0.0
0.1514321267604828,0.0020000040531158447,1.0,2040173.25,0.0,0.0,6.216542038084416e-13,0.00012793028145097196,0.00012752306065522134,7.475980945415017e-11,2.749991836026311e-06,2.7412461349740624e-06,0.0,0.9968197356306026,0.00012792998755904012,0.00012792998565956635,7.569964458886742e-11,0.3038245439529419,0.3038245244070221,1.9545919771601916e-08,0.0
0.15343213081359863,0.0020000040531158447,0.9999999999999999,2021033.75,0.0,-3.211406973679942e-10,1.666500162693374e-12,0.0001306802878389135,0.00013026432134211063,7.475980945415017e-11,2.7500063879415393e-06,2.741260686889291e-06,0.0,0.996819752459268,0.00013067999394698166,0.0001306799920475079,7.569964458894606e-11,0.31035560369491577,0.3103555958868824,7.808033386513813e-09,0.0
0.15543213486671448,0.0020000040531158447,1.0,2001894.25,0.0,3.180994356810629e-10,1.0152176408567692e-12,0.0001334302796749398,0.00013300558202899992,7.475980945415017e-11,2.749991836026311e-06,2.741260686889291e-06,0.0,0.9968250272518494,0.00013342998578300797,0.0001334299838835342,7.569964458894606e-11,0.31688666343688965,0.31688666736674265,-3.92985299857429e-09,0.0
0.15743212401866913,0.001999989151954651,1.0,1982754.625,-7.87645434985329e-11,2.362936235567048e-10,7.985866200092839e-13,0.00013618028606288135,0.000135746828163974,7.475980945415017e-11,2.7500063879415393e-06,2.7412461349740624e-06,0.0,0.9968144608660221,0.0001361799921709495,0.00013617999027147574,7.569964458894606e-11,0.32341769337654114,0.3234177041765699,-1.0800028760193925e-08,0.0
0.15943212807178497,0.0020000040531158447,1.0,1963615.125,0.0,0.0,1.6668877649700375e-12,0.00013893027789890766,0.00013848808885086328,7.475980945415017e-11,2.749991836026311e-06,2.741260686889291e-06,0.0,0.9968250272518494,0.00013892998400697582,0.00013892998210750205,7.569964458894606e-11,0.329948753118515,0.32994877565643016,-2.2537915145282028e-08,0.0
0.16143213212490082,0.0020000040531158447,0.9999999999999999,1944475.5,-7.724391265506725e-11,-7.724391265506725e-11,7.566387837457111e-13,0.0001416802842868492,0.00014122933498583734,7.475980945415017e-11,2.7500063879415393e-06,2.7412461349740624e-06,0.0,0.9968144608660221,0.00014167999039491736,0.0001416799884954436,7.569964458902471e-11,0.3364798128604889,0.33647981246625736,3.94231536304801e-10,0.0
0.16343213617801666,0.0020000040531158447,1.0,1925336.0,2.2945080557779107e-10,-7.648360417222833e-11,1.8479315300190535e-12,0.0001444302761228755,0.00014397059567272663,7.475980945415017e-11,2.749991836026311e-06,2.741260686889291e-06,0.0,0.9968250272518494,0.00014442998223094367,0.0001444299803314699,7.569964458902471e-11,0.34301087260246277,0.3430108839461177,-1.1343654904294453e-08,0.0
0.1654321253299713,0.001999989151954651,1.0,1906196.5,0.0,0.0,1.2980546542154525e-12,0.00014718028251081705,0.0001467118418077007,7.475980945415017e-11,2.7500063879415393e-06,2.7412461349740624e-06,0.0,0.9968144608660221,0.0001471799886188852,0.00014717998671941144,7.569964458902471e-11,0.34954193234443665,0.3495419207559449,1.1588491721781224e-08,0.0
0.16743212938308716,0.0020000040531158447,1.0,1887056.875,0.0,0.0,1.4958770984049852e-12,0.0001499302888987586,0.00014945310249458998,7.475980945415017e-11,2.7500063879415393e-06,2.741260686889291e-06,0.0,0.996819752459268,0.00014992999500682675,0.00014992999310735298,7.569964458902471e-11,0.3560729920864105,0.35607299223580513,-1.4939460779572755e-10,0.0
0.169432133436203,0.0020000040531158447,1.0,1867917.375,0.0,0.0,4.765967351674782e-13,0.0001526802807347849,0.00015219434862956405,7.475980945415017e-11,2.749991836026311e-06,2.7412461349740624e-06,0.0,0.9968197356306026,0.00015267998684285306,0.0001526799849433793,7.569964458902471e-11,0.362604022026062,0.3626040290456324,-7.019570369415362e-09,0.0
0.17143212258815765,0.001999989151954651,1.0,1848777.75,0.0,0.0,1.0156025326280016e-12,0.00015543028712272644,0.00015493560931645334,7.475980945415017e-11,2.7500063879415393e-06,2.741260686889291e-06,0.0,0.996819752459268,0.0001554299932307946,0.00015542999133132083,7.569964458902471e-11,0.3691350817680359,0.36913510052549264,-1.8757456754503465e-08,0.0
0.1734321266412735,0.0020000040531158447,1.0,1829638.25,2.9072810825425677e-10,0.0,1.2484439480472953e-12,0.00015818027895875275,0.0001576768554514274,7.475980945415017e-11,2.749991836026311e-06,2.7412461349740624e-06,0.0,0.9968197356306026,0.0001581799850668209,0.00015817998316734714,7.569964458902471e-11,0.37566614151000977,0.3756661373353199,4.1746898715722125e-09,0.0
0.17543213069438934,0.0020000040531158447,1.0,1810498.75,0.0,0.0,1.0929805237952506e-12,0.0001609302853466943,0.0001604181161383167,7.475980945415017e-11,2.7500063879415393e-06,2.741260686889291e-06,0.0,0.996819752459268,0.00016092999145476245,0.00016092998955528868,7.569964458902471e-11,0.38219720125198364,0.38219720881518016,-7.56319651351589e-09,0.0
0.1774321347475052,0.0020000040531158447,0.9999999999999999,1791359.125,-1.4232279244019708e-10,-1.4232279244019708e-10,1.6301213850988816e-12,0.0001636802771827206,0.00016315936227329075,7.475980945415017e-11,2.749991836026311e-06,2.7412461349740624e-06,0.0,0.9968197356306026,0.00016367998329078876,0.000163679981391315,7.569964458910336e-11,0.3887282609939575,0.3887282456250074,1.5368950112559787e-08,0.0
0.17943212389945984,0.001999989151954651,1.0,1772219.625,1.4080216159673142e-10,1.4080216159673142e-10,9.789267920584654e-13,0.00016643028357066214,0.00016590062296018004,7.475980945415017e-11,2.7500063879415393e-06,2.741260686889291e-06,0.0,0.996819752459268,0.0001664299896787303,0.00016642998777925653,7.569964458910336e-11,0.3952593207359314,0.3952593171048676,3.631063782982835e-09,0.0
0.18048319220542908,0.0010510683059692383,1.0,1762161.25,5.600121255611157e-09,5.600121255611157e-09,7.177675337768918e-13,0.00016787549247965217,0.0001673412334639579,7.475980945415017e-11,1.4452089089900255e-06,1.4406105037778616e-06,0.0,0.9968181726644784,0.00016787519858772033,0.00016787519668824656,7.569964458910336e-11,0.3986915647983551,0.3986915810335812,-1.623522610794126e-08,0.0
0.18248318135738373,0.001999989151954651,0.9999999999999886,1751342.125,-1.0018329277272642e-08,-1.0018329277272642e-08,1.1036315090973137e-12,0.00017062548431567848,0.00017008247959893197,7.475980945415017e-11,2.749991836026311e-06,2.7412461349740624e-06,0.0,0.9968197356306026,0.0001706251904237466,0.00017062518852427287,7.569964459720336e-11,0.40238338708877563,0.4023833930700333,-5.981257655829353e-09,0.0
0.18448318541049957,0.0020000040531158447,0.9999999999999949,1742607.625,-4.430384059617154e-09,-4.430384059617154e-09,6.774790147281995e-13,0.00017337549070362002,0.00017282374028582126,7.475980945415017e-11,2.7500063879415393e-06,2.741260686889291e-06,0.0,0.996819752459268,0.00017337519681168812,0.00017337519491221438,7.569964460082085e-11,0.40536391735076904,0.40536391183891796,5.511851086659192e-09,0.0
0.18648318946361542,0.0020000040531158447,1.0,1733873.125,3.4438887852594746e-10,3.4438887852594746e-10,9.587459949209065e-13,0.00017612548253964633,0.00017556498642079532,7.475980945415017e-11,2.749991836026311e-06,2.7412461349740624e-06,0.0,0.9968197356306026,0.00017612518864771443,0.00017612518674824066,7.569964460082085e-11,0.40834441781044006,0.40834441478579175,3.024648309590816e-09,0.0
0.18848319351673126,0.0020000040531158447,1.0,1725138.625,1.9188624023058765e-09,1.9188624023058765e-09,9.911152844613302e-13,0.00017887548892758787,0.0001783062471076846,7.475980945415017e-11,2.7500063879415393e-06,2.741260686889291e-06,0.0,0.996819752459268,0.00017887519503565597,0.0001788751931361822,7.569964460082085e-11,0.4113249182701111,0.4113249335546765,-1.5284565391127103e-08,0.0
0.1904831826686859,0.001999989151954651,1.0,1716404.125,1.5000440889423317e-09,1.5000440889423317e-09,5.614687859610556e-13,0.00018162548076361418,0.00018104749324265867,7.475980945415017e-11,2.749991836026311e-06,2.7412461349740624e-06,0.0,0.9968197356306026,0.00018162518687168228,0.0001816251849722085,7.569964460082085e-11,0.4143054485321045,0.4143054365015503,1.2030554219499834e-08,0.0
0.19248318672180176,0.0020000040531158447,1.0,1707669.5,6.105315697446656e-10,3.3918420849765596e-10,1.1339320324724178e-12,0.00018437548715155572,0.00018378875392954797,7.475980945415017e-11,2.7500063879415393e-06,2.741260686889291e-06,0.0,0.996819752459268,0.00018437519325962382,0.00018437519136015005,7.569964460082085e-11,0.4172859489917755,0.41728595527043494,-6.278659425706934e-09,0.0
0.1944831907749176,0.0020000040531158447,0.9999999999999998,1698935.0,-2.6995947144392574e-10,-2.6995947144392574e-10,1.07310872427685e-12,0.00018712549353949726,0.00018653000006452203,7.475980945415017e-11,2.7500063879415393e-06,2.7412461349740624e-06,0.0,0.9968144608660221,0.00018712519964756536,0.0001871251977480916,7.569964460097813e-11,0.4202664792537689,0.42026645821730874,2.1036460184920003e-08,0.0
0.19648319482803345,0.0020000040531158447,0.9999999999999993,1690200.5,-6.042860101196368e-10,-6.042860101196368e-10,6.928006887792215e-13,0.00018987548537552357,0.00018927126075141132,7.475980945415017e-11,2.749991836026311e-06,2.741260686889291e-06,0.0,0.9968250272518494,0.00018987519148359167,0.0001898751895841179,7.569964460144997e-11,0.42324697971343994,0.42324697698619346,2.727246484202084e-09,0.0
0.1984831839799881,0.001999989151954651,0.9999999999999998,1681466.0,-2.671836363266067e-10,-2.671836363266067e-10,2.2656147249076886e-13,0.0001926254917634651,0.00019201250688638538,7.475980945415017e-11,2.7500063879415393e-06,2.7412461349740624e-06,0.0,0.9968144608660221,0.0001926251978715332,0.00019262519597205944,7.569964460160725e-11,0.42622748017311096,0.42622747993306725,2.4004370713370804e-10,0.0
0.20048318803310394,0.0020000040531158447,1.0,1672731.5,6.64489366308807e-11,6.64489366308807e-11,8.830248815136499e-13,0.00019537548359949142,0.00019475376757327467,7.475980945415017e-11,2.749991836026311e-06,2.741260686889291e-06,0.0,0.9968250272518494,0.00019537518970755952,0.00019537518780808575,7.569964460160725e-11,0.42920801043510437,0.4292079987019519,1.1733152449622253e-08,0.0
0.2024831920862198,0.0020000040531158447,1.0,1663997.0,2.6440782896486326e-10,2.6440782896486326e-10,6.966328555679802e-13,0.00019812548998743296,0.00019749502826016396,7.475980945415017e-11,2.7500063879415393e-06,2.741260686889291e-06,0.0,0.996819752459268,0.00019812519609550106,0.0001981251941960273,7.569964460160725e-11,0.4321885108947754,0.43218851747083664,-6.576061251095666e-09,0.0
0.20448318123817444,0.001999989151954651,1.0,1655262.375,-6.575497785155093e-11,1.972649404935467e-10,8.15575309110611e-13,0.00020087548182345927,0.00020023627439513803,7.475980945415017e-11,2.749991836026311e-06,2.7412461349740624e-06,0.0,0.9968197356306026,0.00020087518793152737,0.0002008751860320536,7.569964460160725e-11,0.4351690113544464,0.43516902041771044,-9.063264028164042e-09,0.0
0.20648318529129028,0.0020000040531158447,0.9999999999999999,1646527.875,-1.308160108015599e-10,-1.308160108015599e-10,5.268910308053876e-13,0.0002036254882114008,0.00020297753508202732,7.475980945415017e-11,2.7500063879415393e-06,2.741260686889291e-06,0.0,0.996819752459268,0.0002036251943194689,0.00020362519241999514,7.56996446016859e-11,0.4381495416164398,0.4381495391865951,2.4298447143245028e-09,0.0
0.20848318934440613,0.0020000040531158447,0.9999999999999999,1637793.375,6.506102601111508e-11,-2.602441040444603e-10,8.733555328585552e-13,0.00020637549459934235,0.00020571878121700138,7.475980945415017e-11,2.7500063879415393e-06,2.7412461349740624e-06,0.0,0.9968144608660221,0.00020637520070741045,0.00020637519880793668,7.569964460176455e-11,0.44113004207611084,0.4411300421334689,-5.7358062743873006e-11,0.0
0.21048319339752197,0.0020000040531158447,1.0,1629058.875,1.294280932429004e-10,-1.294280932429004e-10,6.735809284473537e-13,0.00020912548643536866,0.00020846004190389067,7.475980945415017e-11,2.749991836026311e-06,2.741260686889291e-06,0.0,0.9968250272518494,0.00020912519254343676,0.000209125190643963,7.569964460176455e-11,0.44411054253578186,0.44411056090235357,-1.836657170795064e-08,0.0
0.21248318254947662,0.001999989151954651,1.0,1620324.375,0.0,0.0,6.46754351463219e-13,0.0002118754928233102,0.00021120128803886473,7.475980945415017e-11,2.7500063879415393e-06,2.7412461349740624e-06,0.0,0.9968144608660221,0.0002118751989313783,0.00021187519703190453,7.569964460176455e-11,0.44709107279777527,0.44709106384922737,8.948547902676296e-09,0.0
0.21448318660259247,0.0020000040531158447,0.9999999999999999,1611589.875,-6.402009478101434e-11,-6.402009478101434e-11,5.27531577448892e-13,0.0002146254846593365,0.00021394254872575402,7.475980945415017e-11,2.749991836026311e-06,2.741260686889291e-06,0.0,0.9968250272518494,0.0002146251907674046,0.00021462518886793084,7.56996446018432e-11,0.4500715732574463,0.4500715826181121,-9.360665798041623e-09,0.0
0.2164831906557083,0.0020000040531158447,1.0,1602855.25,1.273462307826989e-10,1.273462307826989e-10,2.9394146621938844e-13,0.00021737549104727805,0.00021668379486072809,7.475980945415017e-11,2.7500063879415393e-06,2.7412461349740624e-06,0.0,0.9968144608660221,0.00021737519715534615,0.00021737519525587238,7.56996446018432e-11,0.4530521035194397,0.4530520855649859,1.7954453812585314e-08,0.0
0.21848319470882416,0.0020000040531158447,1.0,1594120.75,0.0,0.0,8.484637146512208e-13,0.00022012548288330436,0.00021942505554761738,7.475980945415017e-11,2.749991836026311e-06,2.741260686889291e-06,0.0,0.9968250272518494,0.00022012518899137246,0.0002201251870918987,7.56996446018432e-11,0.4560326039791107,0.45603260433387055,-3.5475983262145405e-10,0.0
0.2204831838607788,0.001999989151954651,1.0,1585386.25,0.0,0.0,1.0775306428373321e-12,0.0002228754892712459,0.00022216630168259144,7.475980945415017e-11,2.7500063879415393e-06,2.7412461349740624e-06,0.0,0.9968144608660221,0.000222875195379314,0.00022287519347984023,7.56996446018432e-11,0.45901310443878174,0.45901310728074435,-2.84196260968983e-09,0.0
0.22248318791389465,0.0020000040531158447,1.0,1576651.75,0.0,0.0,4.0723500960293535e-13,0.0002256254811072722,0.00022490756236948073,7.475980945415017e-11,2.749991836026311e-06,2.741260686889291e-06,0.0,0.9968250272518494,0.0002256251872153403,0.00022562518531586654,7.56996446018432e-11,0.46199363470077515,0.461993626049629,8.651146132798715e-09,0.0
0.2244831919670105,0.0020000040531158447,1.0,1567917.25,0.0,0.0,2.32806531214394e-13,0.00022837548749521375,0.0002276488085044548,7.475980945415017e-11,2.7500063879415393e-06,2.7412461349740624e-06,0.0,0.9968144608660221,0.00022837519360328185,0.00022837519170380808,7.56996446018432e-11,0.46497413516044617,0.4649741289965028,6.163943355730339e-09,0.0
0.22648318111896515,0.001999989151954651,1.0,1559182.75,1.8581469696243857e-10,1.8581469696243857e-10,3.967902124490247e-13,0.00023112549388315529,0.00023039006919134408,7.475980945415017e-11,2.7500063879415393e-06,2.741260686889291e-06,0.0,0.996819752459268,0.0002311251999912234,0.00023112519809174962,7.56996446018432e-11,0.4679546356201172,0.46795464776538753,-1.214527034498758e-08,0.0
0.228483185172081,0.0020000040531158447,1.0,1550448.125,1.2318250586229595e-10,1.2318250586229595e-10,7.920972905361978e-13,0.0002338754857191816,0.00023313131532631814,7.475980945415017e-11,2.749991836026311e-06,2.7412461349740624e-06,0.0,0.9968197356306026,0.0002338751918272497,0.00023387518992777593,7.56996446018432e-11,0.4709351658821106,0.47093515071226133,1.5169849265639357e-08,0.0
0.23048318922519684,0.0020000040531158447,1.0,1541713.625,0.0,0.0,5.807168439696253e-13,0.00023662549210712314,0.00023587257601320744,7.475980945415017e-11,2.7500063879415393e-06,2.741260686889291e-06,0.0,0.996819752459268,0.00023662519821519124,0.00023662519631571747,7.56996446018432e-11,0.4739156663417816,0.473915669481146,-3.139364379567411e-09,0.0
0.23248319327831268,0.0020000040531158447,0.9999999999999999,1532979.125,-1.2179460218142424e-10,-1.2179460218142424e-10,6.64977675788464e-13,0.00023937548394314945,0.0002386138221481815,7.475980945415017e-11,2.749991836026311e-06,2.7412461349740624e-06,0.0,0.9968197356306026,0.00023937519005121755,0.00023937518815174378,7.569964460192184e-11,0.47689616680145264,0.4768961724280198,-5.626567156635787e-09,0.0
0.23448318243026733,0.001999989151954651,0.9999999999999999,1524244.625,-2.4220128680418895e-10,0.0,4.615859560894164e-13,0.000242125490331091,0.0002413550828350708,7.475980945415017e-11,2.7500063879415393e-06,2.741260686889291e-06,0.0,0.996819752459268,0.0002421251964391591,0.00024212519453968532,7.569964460200049e-11,0.47987669706344604,0.47987669119690446,5.866541585852758e-09,0.0
0.23648318648338318,0.0020000040531158447,0.9999999999999999,1515510.125,-1.2040668462276471e-10,-1.2040668462276471e-10,1.2469100188136628e-12,0.0002448754967190325,0.00024409632897004485,7.475980945415017e-11,2.7500063879415393e-06,2.7412461349740624e-06,0.0,0.9968144608660221,0.00024487520282710063,0.00024487520092762683,7.569964460207913e-11,0.48285719752311707,0.48285719414377826,3.3793388087843823e-09,0.0
0.23848319053649902,0.0020000040531158447,1.0,1506775.5,0.0,0.0,9.969563152453786e-13,0.00024762548855505884,0.00024683758965693414,7.475980945415017e-11,2.749991836026311e-06,2.741260686889291e-06,0.0,0.9968250272518494,0.00024762519466312694,0.00024762519276365315,7.569964460207913e-11,0.4858376979827881,0.485837712912663,-1.4929874891933537e-08,0.0
0.24048319458961487,0.0020000040531158447,1.0,1498041.0,5.95093904709465e-11,5.95093904709465e-11,3.6087761468364676e-13,0.00025037548039108515,0.00024957885034382343,7.475980945415017e-11,2.749991836026311e-06,2.741260686889291e-06,0.0,0.9968250272518494,0.00025037518649915325,0.00025037518459967946,7.569964460207913e-11,0.4888182282447815,0.4888182316815477,-3.436766204956143e-09,0.0
0.24248318374156952,0.001999989151954651,1.0,1489306.5,1.7748724712163266e-10,1.7748724712163266e-10,5.524202514699261e-13,0.0002531255013309419,0.0002523201110307127,7.475980945415017e-11,2.7500209398567677e-06,2.741260686889291e-06,0.0,0.9968144777225103,0.00025312520743901,0.0002531252055395362,7.569964460207913e-11,0.4917987287044525,0.49179875045043236,-2.174597985016291e-08,0.0
0.24448318779468536,0.0020000040531158447,0.9999999999999999,1480572.0,0.0,-2.3526175452204257e-10,1.441437572601012e-12,0.0002558754931669682,0.00025506134261377156,7.475980945415017e-11,2.749991836026311e-06,2.741231583058834e-06,0.0,0.9968144440093556,0.00025587519927503633,0.00025587519737556253,7.569964460215778e-11,0.4947792589664459,0.49477923757529524,2.139115068411357e-08,0.0
0.2464831918478012,0.0020000040531158447,0.9999999999999999,1471837.5,-1.1693691848169152e-10,-1.1693691848169152e-10,2.1222161126956823e-13,0.00025862548500299454,0.00025780260330066085,7.475980945415017e-11,2.749991836026311e-06,2.741260686889291e-06,0.0,0.9968250272518494,0.00025862519111106264,0.00025862518921158885,7.569964460223643e-11,0.49775975942611694,0.49775975634417996,3.08193698339565e-09,0.0
0.24848318099975586,0.001999989151954651,1.0,1463103.0,1.7436445343133045e-10,1.7436445343133045e-10,5.724213420973956e-13,0.00026137547683902085,0.00026054386398755014,7.475980945415017e-11,2.749991836026311e-06,2.741260686889291e-06,0.0,0.9968250272518494,0.00026137518294708895,0.00026137518104761516,7.569964460223643e-11,0.5007402896881104,0.5007402751130646,1.4575045725884195e-08,0.0
0.2504831850528717,0.0020000040531158447,1.0,1454368.375,1.155490078619259e-10,4.044215240472937e-10,1.0925825131777311e-13,0.0002641254977788776,0.00026328512467443943,7.475980945415017e-11,2.7500209398567677e-06,2.741260686889291e-06,0.0,0.9968144777225103,0.0002641252038869457,0.0002641252019874719,7.569964460223643e-11,0.503720760345459,0.5037207938819493,-3.353649036252904e-08,0.0
0.25248318910598755,0.0020000040531158447,1.0,1445633.875,5.742752801074502e-11,5.742752801074502e-11,1.6204777320352748e-12,0.0002668754896149039,0.00026602635625749826,7.475980945415017e-11,2.749991836026311e-06,2.741231583058834e-06,0.0,0.9968144440093556,0.00026687519572297203,0.00026687519382349824,7.569964460223643e-11,0.5067012906074524,0.5067012810068122,9.600640171747443e-09,0.0
0.2544831931591034,0.0020000040531158447,0.9999999999999999,1436899.375,-1.1416110418105418e-10,-1.1416110418105418e-10,1.5548750438229564e-12,0.00026962548145093024,0.00026876761694438756,7.475980945415017e-11,2.749991836026311e-06,2.741260686889291e-06,0.0,0.9968250272518494,0.00026962518755899834,0.00026962518565952455,7.569964460231507e-11,0.5096818208694458,0.5096817997756969,2.1093748858724837e-08,0.0
0.25648319721221924,0.0020000040531158447,0.9999999999999997,1428164.875,-2.2693429080344885e-10,-2.2693429080344885e-10,3.5556109380559253e-13,0.000272375502390787,0.00027150887763127685,7.475980945415017e-11,2.7500209398567677e-06,2.741260686889291e-06,0.0,0.9968144777225103,0.0002723752084988551,0.0002723752065993813,7.5699644602551e-11,0.5126622915267944,0.5126623185445816,-2.7017787118666092e-08,0.0
0.2584832012653351,0.0020000040531158447,0.9999999999999999,1419430.375,0.0,-2.2554638712257713e-10,1.3529022737171492e-12,0.0002751254942268133,0.00027425013831816614,7.475980945415017e-11,2.749991836026311e-06,2.741260686889291e-06,0.0,0.9968250272518494,0.0002751252003348814,0.0002751251984354076,7.569964460262965e-11,0.5156428217887878,0.5156428373134663,-1.55246784316887e-08,0.0
0.26048317551612854,0.001999974250793457,0.9999999999999999,1410695.875,-1.681188521729382e-10,-1.681188521729382e-10,1.4850551344203211e-12,0.00027787548606283963,0.00027699136990122497,7.475980945415017e-11,2.749991836026311e-06,2.741231583058834e-06,0.0,0.9968144440093556,0.00027787519217090773,0.00027787519027143394,7.56996446027083e-11,0.5186233520507812,0.5186233244383291,2.761245210258778e-08,0.0
0.2624831795692444,0.0020000040531158447,1.0,1401961.25,-5.569264147076147e-11,1.6707792094283747e-10,4.0703177590570294e-13,0.00028062547789886594,0.00027973263058811426,7.475980945415017e-11,2.749991836026311e-06,2.741260686889291e-06,0.0,0.9968250272518494,0.00028062518400693404,0.00028062518210746025,7.56996446027083e-11,0.5216038227081299,0.5216038432072139,-2.049908398582545e-08,0.0
0.26448318362236023,0.0020000040531158447,1.0,1393226.75,1.1069133110108709e-10,1.1069133110108709e-10,1.3468839758778994e-12,0.0002833754988387227,0.00028247389127500355,7.475980945415017e-11,2.7500209398567677e-06,2.741260686889291e-06,0.0,0.9968144777225103,0.0002833752049467908,0.000283375203047317,7.56996446027083e-11,0.5245843529701233,0.5245843619760986,-9.005975298848057e-09,0.0
0.2664831876754761,0.0020000040531158447,1.0,1384492.25,2.1999474464351465e-10,2.1999474464351465e-10,9.042103545943425e-13,0.000286125490674749,0.00028521515196189284,7.475980945415017e-11,2.749991836026311e-06,2.741260686889291e-06,0.0,0.9968250272518494,0.0002861251967828171,0.0002861251948833433,7.56996446027083e-11,0.5275648832321167,0.5275648807449833,2.4871333881293367e-09,0.0
0.2684831917285919,0.0020000040531158447,0.9999999999999998,1375757.75,-1.6395512725253525e-10,-1.6395512725253525e-10,7.104774125792079e-13,0.00028887548251077533,0.0002879563835449517,7.475980945415017e-11,2.749991836026311e-06,2.741231583058834e-06,0.0,0.9968144440093556,0.00028887518861884343,0.00028887518671936964,7.569964460286558e-11,0.5305453538894653,0.5305453678698462,-1.3980380852984808e-08,0.0
0.27048319578170776,0.0020000040531158447,1.0,1367023.25,-5.4304734320442805e-11,-5.4304734320442805e-11,6.821302420481623e-13,0.00029162547434680164,0.00029069764423184097,7.475980945415017e-11,2.749991836026311e-06,2.741260686889291e-06,0.0,0.9968250272518494,0.00029162518045486974,0.00029162517855539595,7.569964460286558e-11,0.5335258841514587,0.5335258866387309,-2.487272166007415e-09,0.0
0.2724831998348236,0.0020000040531158447,0.9999999999999998,1358288.75,-1.0791550986155585e-10,-1.0791550986155585e-10,9.486631315572258e-13,0.0002943754952866584,0.00029343890491873026,7.475980945415017e-11,2.7500209398567677e-06,2.741260686889291e-06,0.0,0.9968144777225103,0.0002943752013947265,0.0002943751994952527,7.569964460302286e-11,0.5365064144134521,0.5365064054076155,9.005836631992281e-09,0.0
0.27448317408561707,0.001999974250793457,0.9999999999999998,1349554.125,-1.0722155802111999e-10,-1.0722155802111999e-10,7.30941132273677e-13,0.0002971254871226847,0.00029618016560561955,7.475980945415017e-11,2.749991836026311e-06,2.741260686889291e-06,0.0,0.9968250272518494,0.0002971251932307528,0.000297125191331279,7.569964460318014e-11,0.5394869446754456,0.5394869241765002,2.0498945318969675e-08,0.0
0.2764831781387329,0.0020000040531158447,1.0,1340819.625,1.0652760618068413e-10,1.0652760618068413e-10,7.84208960789845e-13,0.00029987547895871103,0.0002989213971886784,7.475980945415017e-11,2.749991836026311e-06,2.741231583058834e-06,0.0,0.9968144440093556,0.00029987518506677913,0.00029987518316730534,7.569964460318014e-11,0.5424674153327942,0.5424674113013631,4.0314310778555296e-09,0.0
0.27848318219184875,0.0020000040531158447,1.0,1332085.125,3.704177797825281e-10,3.704177797825281e-10,3.50795266315998e-13,0.0003026254998985678,0.0003016626578755677,7.475980945415017e-11,2.7500209398567677e-06,2.741260686889291e-06,0.0,0.9968144777225103,0.0003026252060066359,0.0003026252041071621,7.569964460318014e-11,0.5454479455947876,0.5454479300702478,1.5524539764832923e-08,0.0
0.2804831862449646,0.0020000040531158447,1.0,1323350.625,1.5770953987193082e-10,1.5770953987193082e-10,1.2720636176355438e-12,0.0003053754917345941,0.00030440391856245697,7.475980945415017e-11,2.749991836026311e-06,2.741260686889291e-06,0.0,0.9968250272518494,0.0003053751978426622,0.0003053751959431884,7.569964460318014e-11,0.548428475856781,0.5484284488391326,2.7017648451810317e-08,0.0
0.28248319029808044,0.0020000040531158447,0.9999999999999998,1314616.125,1.0444574372048265e-10,-1.0444574372048265e-10,1.5685362080367082e-12,0.0003081254835706204,0.00030714517924934626,7.475980945415017e-11,2.749991836026311e-06,2.741260686889291e-06,0.0,0.9968250272518494,0.0003081251896786885,0.0003081251877792147,7.569964460333742e-11,0.5514089465141296,0.5514089676080172,-2.1093887525580612e-08,0.0
0.2844831943511963,0.0020000040531158447,1.0,1305881.625,1.5562767741172934e-10,1.5562767741172934e-10,1.5041245159108652e-12,0.00031087547540664673,0.00030988643993623555,7.475980945415017e-11,2.749991836026311e-06,2.741260686889291e-06,0.0,0.9968250272518494,0.00031087518151471483,0.00031087517961524104,7.569964460333742e-11,0.554389476776123,0.5543894863769019,-9.600778838603219e-09,0.0
0.28648319840431213,0.0020000040531158447,0.9999999999999998,1297147.0,-1.0305783310071703e-10,-1.0305783310071703e-10,9.262591778649854e-13,0.0003136254963465035,0.0003126276715192944,7.475980945415017e-11,2.7500209398567677e-06,2.741231583058834e-06,0.0,0.9968038945920203,0.0003136252024545716,0.0003136252005550978,7.56996446034947e-11,0.5573700070381165,0.5573699735017648,3.353635169567326e-08,0.0
0.288483202457428,0.0020000040531158447,0.9999999999999997,1288412.5,-2.0472774864277454e-10,-2.0472774864277454e-10,1.1710135899151153e-12,0.0003163754881825298,0.00031536893220618367,7.475980945415017e-11,2.749991836026311e-06,2.741260686889291e-06,0.0,0.9968250272518494,0.0003163751942905979,0.0003163751923911241,7.569964460373063e-11,0.5603504776954651,0.5603504922706495,-1.457518439273997e-08,0.0
0.29048317670822144,0.001999974250793457,0.9999999999999997,1279678.0,-2.0333984496190283e-10,-2.0333984496190283e-10,1.4621630729100277e-12,0.0003191254800185561,0.00031811019289307296,7.475980945415017e-11,2.749991836026311e-06,2.741260686889291e-06,0.0,0.9968250272518494,0.0003191251861266242,0.0003191251842271504,7.569964460396655e-11,0.5633310079574585,0.5633310110395342,-3.082075705762577e-09,0.0
0.2924831807613373,0.0020000040531158447,1.0,1270943.5,-5.048798532025778e-11,1.5146395249132638e-10,7.277170944834654e-13,0.0003218755009584129,0.00032085145357996225,7.475980945415017e-11,2.7500209398567677e-06,2.741260686889291e-06,0.0,0.9968144777225103,0.000321875207066481,0.0003218752051670072,7.569964460396655e-11,0.5663115382194519,0.5663115298084189,8.411032981214817e-09,0.0
0.2944831848144531,0.0020000040531158447,1.0,1262209.0,2.005640237223716e-10,2.005640237223716e-10,8.781394123143216e-13,0.0003246254927944392,0.0003235926851630211,7.475980945415017e-11,2.749991836026311e-06,2.741231583058834e-06,0.0,0.9968144440093556,0.0003246251989025073,0.0003246251970030335,7.569964460396655e-11,0.5692920088768005,0.5692920169332818,-8.056481259899329e-09,0.0
0.29648318886756897,0.0020000040531158447,0.9999999999999998,1253474.5,-9.958806002074994e-11,-9.958806002074994e-11,1.8391653217736392e-12,0.0003273754846304655,0.0003263339458499104,7.475980945415017e-11,2.749991836026311e-06,2.741260686889291e-06,0.0,0.9968250272518494,0.0003273751907385336,0.0003273751888390598,7.569964460412383e-11,0.572272539138794,0.5722725357021665,3.436627427078065e-09,0.0
0.2984831929206848,0.0020000040531158447,1.0,1244739.875,0.0,0.0,1.928126712111289e-12,0.0003301254764664918,0.00032907520653679967,7.475980945415017e-11,2.749991836026311e-06,2.741260686889291e-06,0.0,0.9968250272518494,0.0003301251825745599,0.0003301251806750861,7.569964460412383e-11,0.5752530694007874,0.5752530544710511,1.492973622507776e-08,0.0
0.30048319697380066,0.0020000040531158447,0.9999999999999997,1236005.375,-9.820014940098432e-11,-2.9460045514184685e-10,2.012157801489778e-12,0.0003328754974063486,0.00033181646722368896,7.475980945415017e-11,2.7500209398567677e-06,2.741260686889291e-06,0.0,0.9968144777225103,0.0003328752035144167,0.0003328752016149429,7.569964460435975e-11,0.578233540058136,0.5782335732399358,-3.318179986333547e-08,0.0
0.3024832010269165,0.0020000040531158447,0.9999999999999997,1227270.875,-2.4376548002358334e-10,-2.4376548002358334e-10,2.5983292665891777e-13,0.0003356254892423749,0.0003345576988067478,7.475980945415017e-11,2.749991836026311e-06,2.741231583058834e-06,0.0,0.9968144440093556,0.000335625195350443,0.0003356251934509692,7.569964460459568e-11,0.5812140703201294,0.5812140603647987,9.95533067094101e-09,0.0
0.30448317527770996,0.001999974250793457,0.9999999999999998,1218536.375,-4.84061228600563e-11,-2.4203061776972845e-10,4.722318998513775e-13,0.0003383754810784012,0.0003372989594936371,7.475980945415017e-11,2.749991836026311e-06,2.741260686889291e-06,0.0,0.9968250272518494,0.0003383751871864693,0.0003383751852869955,7.569964460475296e-11,0.5841946005821228,0.5841945791336834,2.1448439357918403e-08,0.0
0.3064831793308258,0.0020000040531158447,1.0,1209801.875,1.441774338806212e-10,0.0,7.199776799055035e-13,0.000341125502018258,0.0003400402201805264,7.475980945415017e-11,2.7500209398567677e-06,2.741260686889291e-06,0.0,0.9968144777225103,0.0003411252081263261,0.0003411252062268523,7.569964460475296e-11,0.5871750712394714,0.587175097902568,-2.6663096619472526e-08,0.0
0.30848318338394165,0.0020000040531158447,1.0,1201067.25,2.8627300530104094e-10,2.8627300530104094e-10,3.714708120099164e-13,0.0003438754938542843,0.00034278148086741567,7.475980945415017e-11,2.749991836026311e-06,2.741260686889291e-06,0.0,0.9968250272518494,0.0003438751999623524,0.0003438751980628786,7.569964460475296e-11,0.5901556015014648,0.5901556166714528,-1.5169987932495133e-08,0.0
0.3104831874370575,0.0020000040531158447,1.0,1192332.75,9.473037632101722e-11,2.8419114284083946e-10,1.4272388609501419e-13,0.0003466254856903106,0.0003455227124504745,7.475980945415017e-11,2.749991836026311e-06,2.741231583058834e-06,0.0,0.9968144440093556,0.0003466251917983787,0.0003466251898989049,7.569964460475296e-11,0.5931361317634583,0.5931361037963157,2.7967142601781347e-08,0.0
0.31248319149017334,0.0020000040531158447,1.0,1183598.25,-4.701821224029068e-11,-4.701821224029068e-11,9.036162660139291e-13,0.0003493754775263369,0.0003482639731373638,7.475980945415017e-11,2.749991836026311e-06,2.741260686889291e-06,0.0,0.9968250272518494,0.000349375183634405,0.0003493751817349312,7.569964460475296e-11,0.5961166024208069,0.5961166225652004,-2.0144393486631884e-08,0.0
0.3142615258693695,0.001778334379196167,1.0,1175831.875,1.1677423472633564e-09,1.1677423472633564e-09,8.047106817704597e-13,0.0003518206940498203,0.00035070141893811524,7.475980945415017e-11,2.4452165234833956e-06,2.4374458007514477e-06,0.0,0.9968220717235797,0.0003518204001578884,0.0003518203982584146,7.569964460475296e-11,0.5987668037414551,0.5987668093905631,-5.6491080702159024e-09,0.0
0.31626152992248535,0.0020000040531158447,0.9999999999999982,1168459.5,-1.0675870187881742e-09,-1.0675870187881742e-09,4.620631676756359e-13,0.0003545706858858466,0.0003534426505211741,7.475980945415017e-11,2.749991836026311e-06,2.741231583058834e-06,0.0,0.9968144440093556,0.0003545703919939147,0.0003545703900944409,7.569964460601121e-11,0.6012824773788452,0.6012824883905586,-1.1011713429986969e-08,0.0
0.3182615339756012,0.0020000040531158447,0.9999999999999988,1162048.5,-7.847565375307397e-10,-6.001079633222162e-10,3.896158569383079e-13,0.0003573207068257034,0.00035618391120806336,7.475980945415017e-11,2.7500209398567677e-06,2.741260686889291e-06,0.0,0.9968144777225103,0.0003573204129337715,0.0003573204110342977,7.569964460687626e-11,0.6034701466560364,0.603470142681167,3.974869322576069e-09,0.0
0.32026150822639465,0.001999974250793457,0.9999999999999998,1155637.5,-1.3772243068199685e-10,-1.3772243068199685e-10,3.740402898435441e-13,0.0003600706986617297,0.00035892517189495265,7.475980945415017e-11,2.749991836026311e-06,2.741260686889291e-06,0.0,0.9968250272518494,0.0003600704047697978,0.000360070402870324,7.569964460703355e-11,0.6056578159332275,0.6056577969717755,1.8961452075139107e-08,0.0
0.3222615122795105,0.0020000040531158447,0.9999999999999998,1149226.5,-9.130559502912305e-11,-9.130559502912305e-11,4.691269074597049e-13,0.000362820690497756,0.00036166643258184195,7.475980945415017e-11,2.749991836026311e-06,2.741260686889291e-06,0.0,0.9968250272518494,0.0003628203966058241,0.0003628203947063503,7.569964460719083e-11,0.6078454256057739,0.6078454512623839,-2.565660994768848e-08,0.0
0.32426151633262634,0.0020000040531158447,1.0,1142815.5,9.079624552210674e-11,9.079624552210674e-11,9.049824149613694e-13,0.0003655706823337823,0.0003644076641649008,7.475980945415017e-11,2.749991836026311e-06,2.741231583058834e-06,0.0,0.9968144440093556,0.0003655703884418504,0.0003655703865423766,7.569964460719083e-11,0.6100330948829651,0.6100330823267738,1.2556191308910059e-08,0.0
0.3262615203857422,0.0020000040531158447,1.0,1136404.5,3.6114758406036174e-10,3.6114758406036174e-10,5.374564183459329e-13,0.0003683207032736391,0.00036714892485179007,7.475980945415017e-11,2.7500209398567677e-06,2.741260686889291e-06,0.0,0.9968144777225103,0.0003683204093817072,0.0003683204074822334,7.569964460719083e-11,0.6122207641601562,0.6122207366173822,2.7542774061473096e-08,0.0
0.32826152443885803,0.0020000040531158447,1.0,1129993.5,2.6933263952422237e-10,2.6933263952422237e-10,3.831673476770159e-13,0.0003710706951096654,0.00036989018553867936,7.475980945415017e-11,2.749991836026311e-06,2.741260686889291e-06,0.0,0.9968250272518494,0.0003710704012177335,0.0003710703993182597,7.569964460719083e-11,0.6144083738327026,0.6144083909079906,-1.707528796135449e-08,0.0
0.3302615284919739,0.0020000040531158447,1.0,1123582.5,4.017068622186315e-10,2.2317048209430368e-10,6.069906946862269e-13,0.0003738206869456917,0.00037263144622556865,7.475980945415017e-11,2.749991836026311e-06,2.741260686889291e-06,0.0,0.9968250272518494,0.0003738203930537598,0.000373820391154286,7.569964460719083e-11,0.6165960431098938,0.616596045198599,-2.0887052087914526e-09,0.0
0.3322615325450897,0.0020000040531158447,1.0,1117171.5,1.775176811102952e-10,0.0,3.6730544278849864e-13,0.00037657070788554847,0.00037537270691245794,7.475980945415017e-11,2.7500209398567677e-06,2.741260686889291e-06,0.0,0.9968144777225103,0.0003765704139936166,0.0003765704120941428,7.569964460719083e-11,0.618783712387085,0.6187836994892073,1.2897877654793888e-08,0.0
0.3342615067958832,0.001999974250793457,0.9999999999999996,1110760.375,-1.7649898209626258e-10,-1.7649898209626258e-10,3.0926021292454475e-13,0.0003793206997215748,0.0003781139384955168,7.475980945415017e-11,2.749991836026311e-06,2.741231583058834e-06,0.0,0.9968144440093556,0.0003793204058296429,0.0003793204039301691,7.569964460750539e-11,0.6209713220596313,0.6209713305535973,-8.493965975020501e-09,0.0
0.336261510848999,0.0020000040531158447,0.9999999999999998,1104349.375,-1.3161020884222552e-10,-1.3161020884222552e-10,8.064630235317394e-13,0.0003820706915576011,0.00038085519918240607,7.475980945415017e-11,2.749991836026311e-06,2.741260686889291e-06,0.0,0.9968250272518494,0.0003820703976656692,0.0003820703957661954,7.569964460766267e-11,0.6231589913368225,0.6231589848442056,6.4926168885648394e-09,0.0
0.33826151490211487,0.0020000040531158447,0.9999999999999998,1097938.375,-1.7446157019040953e-10,-1.7446157019040953e-10,7.739988663012232e-13,0.0003848206833936274,0.00038359645986929536,7.475980945415017e-11,2.749991836026311e-06,2.741260686889291e-06,0.0,0.9968250272518494,0.0003848203895016955,0.0003848203876022217,7.569964460781995e-11,0.6253466606140137,0.625346639134814,2.1479199641127877e-08,0.0
0.3402615189552307,0.0020000040531158447,0.9999999999999998,1091527.375,8.672143558818846e-11,-8.672143558818846e-11,7.428162360385848e-13,0.00038757070433348417,0.00038633772055618465,7.475980945415017e-11,2.7500209398567677e-06,2.741260686889291e-06,0.0,0.9968144777225103,0.0003875704104415523,0.0003875704085420785,7.569964460797723e-11,0.6275342702865601,0.6275342934254224,-2.313886238169971e-08,0.0
0.34226152300834656,0.0020000040531158447,0.9999999999999998,1085116.375,-8.621207914227824e-11,-8.621207914227824e-11,1.4323379721875584e-12,0.0003903206961695105,0.0003890789521392435,7.475980945415017e-11,2.749991836026311e-06,2.741231583058834e-06,0.0,0.9968144440093556,0.0003903204022775786,0.0003903204003781048,7.569964460813451e-11,0.6297219395637512,0.6297219244898123,1.507393887489883e-08,0.0
0.3442615270614624,0.0020000040531158447,1.0,1078705.375,-4.2851364817630966e-11,-4.2851364817630966e-11,1.8036701689497225e-12,0.0003930706880055368,0.0003918202128261328,7.475980945415017e-11,2.749991836026311e-06,2.741260686889291e-06,0.0,0.9968250272518494,0.0003930703941136049,0.0003930703922141311,7.569964460813451e-11,0.6319096088409424,0.6319095787804208,3.006052162746187e-08,0.0
0.34626153111457825,0.0020000040531158447,1.0,1072294.375,1.2779007019236843e-10,2.9817681657107187e-10,1.4464346604139977e-12,0.0003958206798415631,0.00039456147351302207,7.475980945415017e-11,2.749991836026311e-06,2.741260686889291e-06,0.0,0.9968250272518494,0.0003958203859496312,0.0003958203840501574,7.569964460813451e-11,0.6340972185134888,0.6340972330710292,-1.455754039536572e-08,0.0
0.3482615053653717,0.001999974250793457,1.0,1065883.375,0.0,0.0,9.403755985709639e-13,0.0003985707007814199,0.00039730273419991136,7.475980945415017e-11,2.7500209398567677e-06,2.741260686889291e-06,0.0,0.9968144777225103,0.000398570406889488,0.0003985704049900142,7.569964460813451e-11,0.6362848877906799,0.6362848873616376,4.2904235719731787e-10,0.0
0.35026150941848755,0.0020000040531158447,0.9999999999999996,1059472.375,-3.366986967012764e-10,-1.683493483506382e-10,2.0262821368716155e-12,0.0004013206926174462,0.0004000439657829702,7.475980945415017e-11,2.749991836026311e-06,2.741231583058834e-06,0.0,0.9968144440093556,0.0004013203987255143,0.0004013203968260405,7.569964460844907e-11,0.6384724974632263,0.6384725184260275,-2.096280116159477e-08,0.0
0.3522615134716034,0.0020000040531158447,1.0,1053061.375,1.6733064933660557e-10,1.6733064933660557e-10,1.3856579729118468e-12,0.0004040706844534725,0.0004027852264698595,7.475980945415017e-11,2.749991836026311e-06,2.741260686889291e-06,0.0,0.9968250272518494,0.0004040703905615406,0.0004040703886620668,7.569964460844907e-11,0.6406601667404175,0.6406601727166359,-5.9762184090317305e-09,0.0
0.35426151752471924,0.0020000040531158447,1.0,1046650.4375,2.910459095950557e-10,1.2473395927248276e-10,1.8846747079637183e-12,0.00040682070539332926,0.00040552648715674877,7.475980945415017e-11,2.7500209398567677e-06,2.741260686889291e-06,0.0,0.9968144777225103,0.00040682041150139737,0.00040682040960192357,7.569964460844907e-11,0.6428478360176086,0.6428478270072443,9.010364343531307e-09,0.0
0.3562615215778351,0.0020000040531158447,1.0,1040239.4375,1.6529323743075253e-10,1.6529323743075253e-10,1.8037307758511645e-12,0.0004095706972293556,0.00040826774784363806,7.475980945415017e-11,2.749991836026311e-06,2.741260686889291e-06,0.0,0.9968250272518494,0.0004095704033374237,0.0004095704014379499,7.569964460844907e-11,0.645035445690155,0.6450354812978527,-3.560769767929628e-08,0.0
0.3582615256309509,0.0020000040531158447,1.0,1033828.375,2.0534317302089988e-10,4.1068634604179977e-11,1.88615507761003e-12,0.0004123206890653819,0.0004110089794266969,7.475980945415017e-11,2.749991836026311e-06,2.741231583058834e-06,0.0,0.9968144440093556,0.00041232039517345,0.0004123203932739762,7.569964460844907e-11,0.6472231149673462,0.6472231123622426,2.605103577302259e-09,0.0
0.3602615296840668,0.0020000040531158447,1.0,1027417.375,8.162791276244974e-11,8.162791276244974e-11,2.3544796754620956e-12,0.0004150706809014082,0.0004137502401135862,7.475980945415017e-11,2.749991836026311e-06,2.741260686889291e-06,0.0,0.9968250272518494,0.0004150703870094763,0.0004150703851100025,7.569964460844907e-11,0.6494107842445374,0.649410766652851,1.7591686329865297e-08,0.0
0.3622615337371826,0.0020000040531158447,0.9999999999999999,1021006.375,-1.216778483525971e-10,8.111856325543343e-11,3.071070524621189e-12,0.00041782070184126496,0.0004164915008004755,7.475980945415017e-11,2.7500209398567677e-06,2.741260686889291e-06,0.0,0.9968144777225103,0.00041782040794933307,0.00041782040604985927,7.569964460852772e-11,0.6515983939170837,0.6515984209434594,-2.702637569296229e-08,0.0
0.3642615079879761,0.001999974250793457,0.9999999999999997,1014595.375,-1.6121842749683424e-10,-1.6121842749683424e-10,2.9460398964092915e-12,0.0004205706936772913,0.00041923276148736477,7.475980945415017e-11,2.749991836026311e-06,2.741260686889291e-06,0.0,0.9968250272518494,0.0004205703997853594,0.0004205703978858856,7.569964460876363e-11,0.6537860631942749,0.6537860752340678,-1.2039792940399252e-08,0.0
0.3662615120410919,0.0020000040531158447,0.9999999999999997,1008184.375,-8.009986424140081e-11,-2.803495213754559e-10,2.9596793765795937e-12,0.0004233206855133176,0.0004219739930704236,7.475980945415017e-11,2.749991836026311e-06,2.741231583058834e-06,0.0,0.9968144440093556,0.0004233203916213857,0.0004233203897219119,7.569964460899956e-11,0.6559737324714661,0.6559737062984577,2.6173008316199287e-08,0.0
0.36826151609420776,0.0020000040531158447,0.9999999999999998,1001773.375,-7.95905077954906e-11,-1.9897626601927954e-10,2.742304213571023e-12,0.00042607070645317435,0.0004247152537573129,7.475980945415017e-11,2.7500209398567677e-06,2.741260686889291e-06,0.0,0.9968144777225103,0.00042607041256124246,0.00042607041066176866,7.569964460915684e-11,0.6581613421440125,0.6581613605890662,-1.84450537066283e-08,0.0
0.3702615201473236,0.0020000040531158447,0.9999999999999998,995362.375,-1.1862173743271143e-10,-1.1862173743271143e-10,2.8943241033030365e-12,0.00042882069828920066,0.0004274565144442022,7.475980945415017e-11,2.749991836026311e-06,2.741260686889291e-06,0.0,0.9968250272518494,0.00042882040439726877,0.00042882040249779497,7.569964460931412e-11,0.6603490114212036,0.6603490148796745,-3.45847084304296e-09,0.0
0.37226152420043945,0.0020000040531158447,0.9999999999999999,988951.375,-7.857180878145797e-11,-7.857180878145797e-11,2.776037212603999e-12,0.000431570690125227,0.0004301977751310915,7.475980945415017e-11,2.749991836026311e-06,2.741260686889291e-06,0.0,0.9968250272518494,0.0004315703962332951,0.0004315703943338213,7.569964460939277e-11,0.6625366806983948,0.6625366691702829,1.1528111909520078e-08,0.0
0.3742615282535553,0.0020000040531158447,1.0,982540.375,1.170936819727686e-10,1.170936819727686e-10,2.6960920475327388e-12,0.0004343206819612533,0.00043293903581798077,7.475980945415017e-11,2.749991836026311e-06,2.741260686889291e-06,0.0,0.9968250272518494,0.0004343203880693214,0.0004343203861698476,7.569964460939277e-11,0.6647242903709412,0.6647243234608913,-3.308995011330751e-08,0.0
0.37626153230667114,0.0020000040531158447,1.0,976129.375,0.0,1.551062056570629e-10,3.491782167228119e-12,0.00043707070290111005,0.0004356802674010396,7.475980945415017e-11,2.7500209398567677e-06,2.741231583058834e-06,0.0,0.9968038945920203,0.00043707040900917816,0.00043707040710970436,7.569964460939277e-11,0.6669119596481323,0.6669119545252812,5.1228511432910295e-09,0.0
0.3782615065574646,0.001999974250793457,1.0,969718.375,7.704375332151514e-11,7.704375332151514e-11,4.2487935912605135e-12,0.00043982069473713636,0.0004384215280879289,7.475980945415017e-11,2.749991836026311e-06,2.741260686889291e-06,0.0,0.9968250272518494,0.00043982040084520447,0.00043982039894573067,7.569964460939277e-11,0.6690996289253235,0.6690996088158896,2.0109433895854067e-08,0.0
0.38026151061058044,0.0020000040531158447,1.0,963307.375,0.0,0.0,4.585419717539896e-12,0.0004425706865731627,0.0004411627887748182,7.475980945415017e-11,2.749991836026311e-06,2.741260686889291e-06,0.0,0.9968250272518494,0.0004425703926812308,0.000442570390781757,7.569964460939277e-11,0.6712872385978699,0.671287263106498,-2.450862812697352e-08,0.0
0.3822615146636963,0.0020000040531158447,1.0,956896.375,7.602504736858862e-11,7.602504736858862e-11,4.7777459072362305e-12,0.00044532070751301944,0.00044390404946170747,7.475980945415017e-11,2.7500209398567677e-06,2.741260686889291e-06,0.0,0.9968144777225103,0.00044532041362108755,0.00044532041172161375,7.569964460939277e-11,0.673474907875061,0.6734749173971064,-9.522045374410482e-09,0.0
0.38426151871681213,0.0020000040531158447,0.9999999999999999,950485.375,-1.1327354332291151e-10,7.55156978615723e-11,4.581291943028809e-12,0.00044807069934904575,0.0004466452810447663,7.475980945415017e-11,2.749991836026311e-06,2.741231583058834e-06,0.0,0.9968144440093556,0.00044807040545711386,0.00044807040355764006,7.569964460947141e-11,0.6756625771522522,0.6756625484614963,2.8690755882188057e-08,0.0
0.386261522769928,0.0020000040531158447,1.0,944074.375,3.7503170707831046e-11,3.7503170707831046e-11,3.891950563911228e-12,0.00045082069118507206,0.0004493865417316556,7.475980945415017e-11,2.749991836026311e-06,2.741260686889291e-06,0.0,0.9968250272518494,0.00045082039729314017,0.00045082039539366637,7.569964460947141e-11,0.6778501868247986,0.6778502027521047,-1.592730614063953e-08,0.0
0.3882615268230438,0.0020000040531158447,1.0,937663.375,0.0,0.0,4.974989170625221e-12,0.0004535706830210984,0.0004521278024185449,7.475980945415017e-11,2.749991836026311e-06,2.741260686889291e-06,0.0,0.9968250272518494,0.0004535703891291665,0.0004535703872296927,7.569964460947141e-11,0.6800378561019897,0.6800378570427131,-9.40723388076492e-10,0.0
0.39026153087615967,0.0020000040531158447,0.9999999999999999,931252.375,-7.398764240162947e-11,-7.398764240162947e-11,5.140238061585034e-12,0.00045632070396095514,0.0004548690631054342,7.475980945415017e-11,2.7500209398567677e-06,2.741260686889291e-06,0.0,0.9968144777225103,0.00045632041006902325,0.00045632040816954945,7.569964460955005e-11,0.6822255253791809,0.6822255113333215,1.4045859364486546e-08,0.0
0.3922615051269531,0.001999974250793457,1.0,924841.375,3.673914297785963e-11,3.673914297785963e-11,5.418526738409923e-12,0.00045907069579698145,0.000457610294688493,7.475980945415017e-11,2.749991836026311e-06,2.741231583058834e-06,0.0,0.9968144440093556,0.00045907040190504956,0.00045907040000557576,7.569964460955005e-11,0.6844131350517273,0.6844131423977114,-7.3459841543055404e-09,0.0
0.39426150918006897,0.0020000040531158447,1.0,918430.375,3.6484468224351474e-11,1.8242234112175737e-10,5.438091383452859e-12,0.00046182068763300776,0.0004603515553753823,7.475980945415017e-11,2.749991836026311e-06,2.741260686889291e-06,0.0,0.9968250272518494,0.00046182039374107587,0.0004618203918416021,7.569964460955005e-11,0.6866008043289185,0.6866007966883199,7.640598598257498e-09,0.0
0.3962615132331848,0.0020000040531158447,1.0,912019.375,3.622979347084332e-11,3.622979347084332e-11,5.333952463743019e-12,0.0004645706794690341,0.0004630928160622716,7.475980945415017e-11,2.749991836026311e-06,2.741260686889291e-06,0.0,0.9968250272518494,0.0004645703855771022,0.0004645703836776284,7.569964460955005e-11,0.6887884736061096,0.6887884509789283,2.2627181350820535e-08,0.0
0.39826151728630066,0.0020000040531158447,0.9999999999999999,905608.375,-7.195023743467033e-11,-7.195023743467033e-11,5.2330210477402606e-12,0.00046732070040889084,0.0004658340767491609,7.475980945415017e-11,2.7500209398567677e-06,2.741260686889291e-06,0.0,0.9968144777225103,0.00046732040651695895,0.00046732040461748515,7.56996446096287e-11,0.690976083278656,0.6909761052695367,-2.199088067200705e-08,0.0
0.4002615213394165,0.0020000040531158447,0.9999999999999997,899197.375,-2.500430973384482e-10,-7.144088098876011e-11,5.135170500630837e-12,0.00047007069224491715,0.0004685753083322197,7.475980945415017e-11,2.749991836026311e-06,2.741231583058834e-06,0.0,0.9968144440093556,0.00047007039835298526,0.00047007039645351146,7.569964460986462e-11,0.6931637525558472,0.6931637363339266,1.6221920584591487e-08,0.0
0.40226152539253235,0.0020000040531158447,1.0,892786.375,1.0639729375316875e-10,1.0639729375316875e-10,5.8690097053115675e-12,0.00047282068408094347,0.000471316569019109,7.475980945415017e-11,2.749991836026311e-06,2.741260686889291e-06,0.0,0.9968250272518494,0.00047282039018901157,0.0004728203882895378,7.569964460986462e-11,0.6953514218330383,0.695351390624535,3.1208503337154525e-08,0.0
0.4042615294456482,0.0020000040531158447,1.0,886375.375,0.0,1.4084436394945499e-10,5.389878647565904e-12,0.00047557070502080023,0.0004740578297059983,7.475980945415017e-11,2.7500209398567677e-06,2.741260686889291e-06,0.0,0.9968144777225103,0.00047557041112886834,0.00047557040922939454,7.569964460986462e-11,0.6975390315055847,0.6975390449151433,-1.340955857465076e-08,0.0
0.40626153349876404,0.0020000040531158447,1.0,879964.375,3.1460772875746557e-10,1.747820638220432e-10,5.048791246187179e-12,0.00047832069685682654,0.0004767990903928876,7.475980945415017e-11,2.749991836026311e-06,2.741260686889291e-06,0.0,0.9968250272518494,0.00047832040296489465,0.00047832040106542085,7.569964460986462e-11,0.6997267007827759,0.6997266992057517,1.5770241779122784e-09,0.0
0.4082615077495575,0.001999974250793457,1.0,873553.3125,2.08210421126509e-10,3.4701738010900485e-11,5.185856518513665e-12,0.00048107068869285285,0.0004795403510797769,7.475980945415017e-11,2.749991836026311e-06,2.741260686889291e-06,0.0,0.9968250272518494,0.00048107039480092096,0.00048107039290144716,7.569964460986462e-11,0.701914370059967,0.7019143534963601,1.6563606930475316e-08,0.0
0.41026151180267334,0.0020000040531158447,0.9999999999999998,867142.3125,-1.0334118283328309e-10,-1.0334118283328309e-10,5.314390420785298e-12,0.00048382068052887917,0.0004822815826628357,7.475980945415017e-11,2.749991836026311e-06,2.741231583058834e-06,0.0,0.9968144440093556,0.00048382038663694727,0.0004838203847374735,7.56996446100219e-11,0.7041019797325134,0.70410198456075,-4.82823658831677e-09,0.0
0.4122615158557892,0.0020000040531158447,0.9999999999999999,860731.3125,-6.838477006887445e-11,-6.838477006887445e-11,5.320591623531046e-12,0.00048657070146873593,0.000485022843349725,7.475980945415017e-11,2.7500209398567677e-06,2.741260686889291e-06,0.0,0.9968144777225103,0.00048657040757680404,0.00048657040567733024,7.569964461010055e-11,0.7062896490097046,0.7062896388513584,1.0158346164246268e-08,0.0
0.41426151990890503,0.0020000040531158447,0.9999999999999994,854320.3125,-2.375639684970565e-10,-2.375639684970565e-10,6.2308643487829496e-12,0.0004893207224085927,0.0004877641040366143,7.475980945415017e-11,2.7500209398567677e-06,2.741260686889291e-06,0.0,0.9968144777225103,0.0004893204285166608,0.000489320426617187,7.569964461049376e-11,0.708477258682251,0.7084772931419668,-3.445971585858132e-08,0.0
0.4162615239620209,0.0020000040531158447,0.9999999999999998,847909.3125,-1.3473214210968365e-10,-1.3473214210968365e-10,6.532017114702082e-12,0.0004920706851407886,0.0004905053647235036,7.475980945415017e-11,2.749962732195854e-06,2.741260686889291e-06,0.0,0.9968355770044873,0.0004920703912488566,0.0004920703893493829,7.569964461065104e-11,0.7106649279594421,0.7106649474325752,-1.947313310601828e-08,0.0
0.4182615280151367,0.0020000040531158447,1.0,841498.3125,-1.0028507885229132e-10,6.685671460893161e-11,6.592766697149921e-12,0.0004948207060806453,0.0004932465963065624,7.475980945415017e-11,2.7500209398567677e-06,2.741231583058834e-06,0.0,0.9968038945920203,0.0004948204121887134,0.0004948204102892396,7.569964461065104e-11,0.7128525972366333,0.7128525784969652,1.8739668150580258e-08,0.0
0.42026153206825256,0.0020000040531158447,1.0,835087.3125,9.95210511223199e-11,9.95210511223199e-11,6.648051033286695e-12,0.0004975706688128412,0.0004959878860972822,7.475980945415017e-11,2.749962732195854e-06,2.7412897907197475e-06,0.0,0.9968461603589874,0.0004975703749209092,0.0004975703730214355,7.569964461065104e-11,0.7150402069091797,0.7150402560137921,-4.910461237628283e-08,0.0
0.422261506319046,0.001999974250793457,1.0,828676.3125,0.0,0.0,5.709089017508218e-12,0.0005003206897526979,0.000498729117680341,7.475980945415017e-11,2.7500209398567677e-06,2.741231583058834e-06,0.0,0.9968038945920203,0.000500320395860766,0.0005003203939612923,7.569964461065104e-11,0.7172278761863708,0.717227887078182,-1.0891811119684291e-08,0.0
0.42426151037216187,0.0020000040531158447,1.0,822265.3125,1.3065731829797755e-10,1.3065731829797755e-10,5.141510914935532e-12,0.0005030707106925547,0.0005014703492633998,7.475980945415017e-11,2.7500209398567677e-06,2.741231583058834e-06,0.0,0.9968038945920203,0.0005030704168006228,0.000503070414901149,7.569964461065104e-11,0.719415545463562,0.7194155181425719,2.7320990136914247e-08,0.0
0.4262615144252777,0.0020000040531158447,1.0,815854.3125,3.2409654820986233e-11,3.2409654820986233e-11,5.032843065910786e-12,0.0005058206734247506,0.0005042116390541196,7.475980945415017e-11,2.749962732195854e-06,2.7412897907197475e-06,0.0,0.9968461603589874,0.0005058203795328186,0.0005058203776333449,7.569964461065104e-11,0.7216031551361084,0.7216031956593987,-4.052329027892654e-08,0.0
0.42826151847839355,0.0020000040531158447,1.0,809443.3125,0.0,0.0,5.78631673825436e-12,0.0005085706943646073,0.0005069528706371784,7.475980945415017e-11,2.7500209398567677e-06,2.741231583058834e-06,0.0,0.9968038945920203,0.0005085704004726754,0.0005085703985732016,7.569964461065104e-11,0.7237908244132996,0.7237908267237887,-2.310489133350302e-09,0.0
0.4302615225315094,0.0020000040531158447,1.0,803032.3125,-9.570091247246282e-11,6.380061062793985e-11,6.499967231121673e-12,0.0005113207153044641,0.0005096941022202373,7.475980945415017e-11,2.7500209398567677e-06,2.741231583058834e-06,0.0,0.9968038945920203,0.0005113204214125322,0.0005113204195130584,7.569964461065104e-11,0.7259784936904907,0.7259784577881786,3.590231212324824e-08,0.0
0.43226152658462524,0.0020000040531158447,0.9999999999999996,796621.3125,-1.5822813892452103e-10,-1.5822813892452103e-10,7.1753844185784565e-12,0.00051407067803666,0.000512435392010957,7.475980945415017e-11,2.749962732195854e-06,2.7412897907197475e-06,0.0,0.9968461603589874,0.000514070384144728,0.0005140703822452543,7.56996446109656e-11,0.7281661033630371,0.7281661353050055,-3.194196840361485e-08,0.0
0.4342615306377411,0.0020000040531158447,0.9999999999999997,790210.3125,-1.8834571402503997e-10,-3.139095233750666e-11,7.709308018355454e-12,0.0005168206989765167,0.0005151766235940158,7.475980945415017e-11,2.7500209398567677e-06,2.741231583058834e-06,0.0,0.9968038945920203,0.0005168204050845848,0.000516820403185111,7.569964461120151e-11,0.7303537726402283,0.7303537663693954,6.270832852983688e-09,0.0
0.43626150488853455,0.001999974250793457,0.9999999999999992,783799.3125,-3.1136276890109116e-10,-3.1136276890109116e-10,8.005420978896005e-12,0.0005195707199163735,0.0005179179133847356,7.475980945415017e-11,2.7500209398567677e-06,2.7412897907197475e-06,0.0,0.9968250608530003,0.0005195704260244415,0.0005195704241249678,7.5699644611752e-11,0.7325414419174194,0.7325414438862222,-1.9688027874664726e-09,0.0
0.4382615089416504,0.0020000040531158447,0.9999999999999997,777388.3125,-6.17631987220868e-11,-2.1617120593564465e-10,8.077164805053716e-12,0.0005223206826485693,0.0005206591449677944,7.475980945415017e-11,2.749962732195854e-06,2.741231583058834e-06,0.0,0.9968249936499873,0.0005223203887566374,0.0005223203868571637,7.569964461198793e-11,0.7347290515899658,0.7347290749506121,-2.336064630625856e-08,0.0
0.44026151299476624,0.0020000040531158447,0.9999999999999994,770977.3125,-2.4501539686028195e-10,-2.4501539686028195e-10,8.44864282700808e-12,0.0005250707035884261,0.0005234003765508533,7.475980945415017e-11,2.7500209398567677e-06,2.741231583058834e-06,0.0,0.9968038945920203,0.0005250704096964942,0.0005250704077970204,7.569964461238114e-11,0.736916720867157,0.7369167060150021,1.4852154839317677e-08,0.0
0.4422615170478821,0.0020000040531158447,1.0,764566.3125,6.074449970805418e-11,6.074449970805418e-11,8.696392564400135e-12,0.000527820666320622,0.000526141666341573,7.475980945415017e-11,2.749962732195854e-06,2.7412897907197475e-06,0.0,0.9968461603589874,0.00052782037242869,0.0005278203705292163,7.569964461238114e-11,0.7391043901443481,0.739104383531829,6.612519198867517e-09,0.0
0.4442615211009979,0.0020000040531158447,1.0,758155.3125,1.5058786162480686e-10,1.5058786162480686e-10,8.726809205827912e-12,0.0005305706872604787,0.0005288828979246318,7.475980945415017e-11,2.7500209398567677e-06,2.741231583058834e-06,0.0,0.9968038945920203,0.0005305703933685468,0.000530570391469073,7.569964461238114e-11,0.7412919998168945,0.7412920145962189,-1.477932431992457e-08,0.0
0.44626152515411377,0.0020000040531158447,1.0,751744.3125,2.986289826534261e-10,2.986289826534261e-10,8.054119003675364e-12,0.0005333207082003355,0.0005316241295076907,7.475980945415017e-11,2.7500209398567677e-06,2.741231583058834e-06,0.0,0.9968038945920203,0.0005333204143084036,0.0005333204124089298,7.569964461238114e-11,0.7434796690940857,0.7434796456606088,2.343347693667397e-08,0.0
0.4482615292072296,0.0020000040531158447,1.0,745333.3125,2.664739817692663e-10,2.664739817692663e-10,7.115709063643116e-12,0.0005360706709325314,0.0005343654192984104,7.475980945415017e-11,2.749962732195854e-06,2.7412897907197475e-06,0.0,0.9968461603589874,0.0005360703770405994,0.0005360703751411257,7.569964461238114e-11,0.7456673383712769,0.7456673231774357,1.5193841185201507e-08,0.0
0.45026153326034546,0.0020000040531158447,1.0,738922.3125,2.348283512088045e-10,1.1741417560440226e-10,6.418111701822493e-12,0.0005388206918723881,0.0005371066508814692,7.475980945415017e-11,2.7500209398567677e-06,2.741231583058834e-06,0.0,0.9968038945920203,0.0005388203979804562,0.0005388203960809824,7.569964461238114e-11,0.7478549480438232,0.7478549542418256,-6.19800233359058e-09,0.0
0.45095890760421753,0.0006973743438720703,1.0,736686.8125,6.496772453346011e-09,6.496772453346011e-09,6.769353740748718e-12,0.0005397796048782766,0.0005380625370889902,7.475980945415017e-11,9.58913005888462e-07,9.558862075209618e-07,0.0,0.9968435109870099,0.0005397793109863446,0.0005397793090868709,7.569964461238114e-11,0.7486177682876587,0.7486177961609535,-2.7873294783375968e-08,0.0
0.4529589116573334,0.0020000040531158447,0.9999999999999829,730275.8125,-6.237164118516603e-09,-6.237164118516603e-09,7.930520823373755e-12,0.0005425296258181334,0.000540803768672049,7.475980945415017e-11,2.7500209398567677e-06,2.741231583058834e-06,0.0,0.9968038945920203,0.0005425293319262014,0.0005425293300267277,7.569964462449175e-11,0.7508054375648499,0.7508054272253435,1.0339506362200268e-08,0.0
0.4549589157104492,0.0020000040531158447,0.9999999999999788,723864.8125,-7.735200036051992e-09,-7.620178266165567e-09,8.356431865919056e-12,0.0005452795885503292,0.0005435450002551079,7.475980945415017e-11,2.749962732195854e-06,2.741231583058834e-06,0.0,0.9968249936499873,0.0005452792946583972,0.0005452792927589235,7.569964463951235e-11,0.752993106842041,0.7529930582897334,4.855230761879881e-08,0.0
0.4569588899612427,0.001999974250793457,0.9999999999999802,717453.8125,-7.125178669298293e-09,-7.039676397369021e-09,8.185707320307323e-12,0.000548029609490186,0.0005462862900458276,7.475980945415017e-11,2.7500209398567677e-06,2.7412897907197475e-06,0.0,0.9968250608530003,0.0005480293155982539,0.0005480293136987802,7.569964465351033e-11,0.7551807165145874,0.7551807358065602,-1.929197279704198e-08,0.0
0.4589588940143585,0.0020000040531158447,0.9999999999999861,711042.8125,-5.027794625078741e-09,-4.886564486383804e-09,7.454295861131222e-12,0.0005507795722223818,0.0005490275216288865,7.475980945415017e-11,2.749962732195854e-06,2.741231583058834e-06,0.0,0.9968249936499873,0.0005507792783304498,0.0005507792764309759,7.569964466334057e-11,0.7573683857917786,0.7573683668709502,1.8920828348534258e-08,0.0
0.46095889806747437,0.0020000040531158447,0.9999999999999947,704631.8125,-1.8754213737537384e-09,-1.8754213737537384e-09,6.850797706903222e-12,0.0005535295931622386,0.0005517688114196062,7.475980945415017e-11,2.7500209398567677e-06,2.7412897907197475e-06,0.0,0.9968250608530003,0.0005535292992703065,0.0005535292973708327,7.56996446671153e-11,0.7595560550689697,0.759556044387777,1.0681192708084097e-08,0.0
0.4629589021205902,0.0020000040531158447,1.0,698220.8125,8.59837312461309e-10,8.59837312461309e-10,6.738418850682493e-12,0.0005562796141020954,0.000554510043002665,7.475980945415017e-11,2.7500209398567677e-06,2.741231583058834e-06,0.0,0.9968038945920203,0.0005562793202101633,0.0005562793183106895,7.56996446671153e-11,0.7617436647415161,0.7617436754521669,-1.0710650810707989e-08,0.0
0.46495890617370605,0.0020000040531158447,1.0,691809.8125,2.58330912217275e-09,2.58330912217275e-09,6.3534594252345755e-12,0.0005590295768342912,0.0005572512745857239,7.475980945415017e-11,2.749962732195854e-06,2.741231583058834e-06,0.0,0.9968249936499873,0.0005590292829423592,0.0005590292810428853,7.56996446671153e-11,0.7639313340187073,0.7639313065165569,2.7502150334868247e-08,0.0
0.4669589102268219,0.0020000040531158447,1.0,685398.8125,3.321734887151706e-09,3.321734887151706e-09,6.167357857050915e-12,0.000561779597774148,0.0005599925643764436,7.475980945415017e-11,2.7500209398567677e-06,2.7412897907197475e-06,0.0,0.9968250608530003,0.0005617793038822159,0.0005617793019827421,7.56996446671153e-11,0.7661189436912537,0.7661189840333837,-4.034213008097254e-08,0.0
0.46895891427993774,0.0020000040531158447,1.0,678987.8125,3.128828529597172e-09,3.020937722197914e-09,5.897964842210834e-12,0.0005645296187140048,0.0005627337959595025,7.475980945415017e-11,2.7500209398567677e-06,2.741231583058834e-06,0.0,0.9968038945920203,0.0005645293248220727,0.0005645293229225988,7.56996446671153e-11,0.7683066129684448,0.7683066150977736,-2.1293288243739994e-09,0.0
0.4709589183330536,0.0020000040531158447,1.0,672576.8125,2.1908745928556073e-09,2.1908745928556073e-09,6.2641567280530275e-12,0.0005672795814462006,0.0005654750857502222,7.475980945415017e-11,2.749962732195854e-06,2.7412897907197475e-06,0.0,0.9968461603589874,0.0005672792875542686,0.0005672792856547947,7.56996446671153e-11,0.770494282245636,0.7704942926146006,-1.0368964575846462e-08,0.0
0.47295889258384705,0.001999974250793457,1.0,666165.8125,9.791423227767382e-10,9.791423227767382e-10,6.607827132687483e-12,0.0005700296023860574,0.000568216317333281,7.475980945415017e-11,2.7500209398567677e-06,2.741231583058834e-06,0.0,0.9968038945920203,0.0005700293084941253,0.0005700293065946515,7.56996446671153e-11,0.7726818919181824,0.7726819236789905,-3.176080809463855e-08,0.0
0.4749588966369629,0.0020000040531158447,0.9999999999999994,659754.8125,-1.5725179491887786e-10,-1.5725179491887786e-10,7.192355652024807e-12,0.0005727796233259141,0.0005709575489163399,7.475980945415017e-11,2.7500209398567677e-06,2.741231583058834e-06,0.0,0.9968038945920203,0.0005727793294339821,0.0005727793275345082,7.56996446675085e-11,0.7748695611953735,0.7748695547433804,6.45199316195999e-09,0.0
0.47695890069007874,0.0020000040531158447,0.9999999999999968,653343.8125,-1.0381582260521327e-09,-1.0381582260521327e-09,7.395495674189512e-12,0.00057552958605811,0.0005736988387070596,7.475980945415017e-11,2.749962732195854e-06,2.7412897907197475e-06,0.0,0.9968461603589874,0.0005755292921661779,0.0005755292902667041,7.569964466978906e-11,0.7770572304725647,0.7770572322602072,-1.7876424784901701e-09,0.0
0.4789589047431946,0.0020000040531158447,0.9999999999999959,646932.8125,-1.3620617966836335e-09,-1.3620617966836335e-09,7.498121047666562e-12,0.0005782796069979668,0.0005764400702901185,7.475980945415017e-11,2.7500209398567677e-06,2.741231583058834e-06,0.0,0.9968038945920203,0.0005782793131060347,0.0005782793112065609,7.569964467269881e-11,0.7792448401451111,0.7792448633245972,-2.317948610830456e-08,0.0
0.4809589087963104,0.0020000040531158447,0.999999999999996,640521.8125,-1.2976748564597074e-09,-1.2976748564597074e-09,7.506325422346194e-12,0.0005810295697301626,0.0005791813018731773,7.475980945415017e-11,2.749962732195854e-06,2.741231583058834e-06,0.0,0.9968249936499873,0.0005810292758382306,0.0005810292739387567,7.569964467552986e-11,0.7814325094223022,0.7814324943889871,1.503331514829398e-08,0.0
0.48295891284942627,0.0020000040531158447,0.9999999999999956,634110.75,-1.3854460911844058e-09,-1.3854460911844058e-09,7.594135389976664e-12,0.0005837795906700194,0.000581922591663897,7.475980945415017e-11,2.7500209398567677e-06,2.7412897907197475e-06,0.0,0.9968250608530003,0.0005837792967780873,0.0005837792948786135,7.569964467867554e-11,0.7836201786994934,0.7836201719058139,6.7936795078438195e-09,0.0
0.4849589169025421,0.0020000040531158447,0.9999999999999976,627699.75,-7.729928364064165e-10,-7.729928364064165e-10,7.506587365591066e-12,0.0005865296116098762,0.0005846638232469559,7.475980945415017e-11,2.7500209398567677e-06,2.741231583058834e-06,0.0,0.9968038945920203,0.0005865293177179441,0.0005865293158184702,7.569964468040563e-11,0.7858077883720398,0.7858078029702039,-1.459816412197057e-08,0.0
0.48695889115333557,0.001999974250793457,0.9999999999999987,621288.75,-4.1956979557333796e-10,-4.1956979557333796e-10,7.090077656923821e-12,0.000589279574342072,0.0005874051130376756,7.475980945415017e-11,2.749962732195854e-06,2.7412897907197475e-06,0.0,0.9968461603589874,0.00058927928045014,0.0005892792785506661,7.569964468134933e-11,0.787995457649231,0.7879954804870307,-2.283779976242073e-08,0.0
0.4889588952064514,0.0020000040531158447,1.0,614877.75,0.0,0.0,6.855310590025976e-12,0.0005920295952819288,0.0005901463446207345,7.475980945415017e-11,2.7500209398567677e-06,2.741231583058834e-06,0.0,0.9968038945920203,0.0005920293013899967,0.0005920292994905229,7.569964468134933e-11,0.7901831269264221,0.7901831115514206,1.537500149417781e-08,0.0
0.49095889925956726,0.0020000040531158447,1.0,608466.75,4.5925327429863216e-10,4.5925327429863216e-10,6.710142424343202e-12,0.0005947796162217855,0.0005928875762037933,7.475980945415017e-11,2.7500209398567677e-06,2.741231583058834e-06,0.0,0.9968038945920203,0.0005947793223298535,0.0005947793204303796,7.569964468134933e-11,0.7923707365989685,0.7923707426158106,-6.01684213563658e-09,0.0
0.4929589033126831,0.0020000040531158447,1.0,602055.75,7.892461129088701e-10,7.892461129088701e-10,6.569053460914187e-12,0.0005975295789539814,0.000595628865994513,7.475980945415017e-11,2.749962732195854e-06,2.7412897907197475e-06,0.0,0.9968461603589874,0.0005975292850620493,0.0005975292831625755,7.569964468134933e-11,0.7945584058761597,0.7945584201326374,-1.425647777608674e-08,0.0
0.49495890736579895,0.0020000040531158447,1.0,595644.75,9.464748984555627e-10,9.464748984555627e-10,6.273903271902803e-12,0.0006002795998938382,0.0005983700975775719,7.475980945415017e-11,2.7500209398567677e-06,2.741231583058834e-06,0.0,0.9968038945920203,0.0006002793060019061,0.0006002793041024323,7.569964468134933e-11,0.7967460751533508,0.7967460511970273,2.39563234805118e-08,0.0
0.4969589114189148,0.0020000040531158447,1.0,589233.75,7.490303377544194e-10,7.490303377544194e-10,6.460140582198459e-12,0.0006030296208336949,0.0006011113291606307,7.475980945415017e-11,2.7500209398567677e-06,2.741231583058834e-06,0.0,0.9968038945920203,0.0006030293269417629,0.000603029325042289,7.569964468134933e-11,0.7989336848258972,0.7989336822614173,2.5644799617197123e-09,0.0
0.49895891547203064,0.0020000040531158447,1.0,582822.75,4.862029667762613e-10,4.862029667762613e-10,7.018591437202293e-12,0.0006057795835658908,0.0006038526189513505,7.475980945415017e-11,2.749962732195854e-06,2.7412897907197475e-06,0.0,0.9968461603589874,0.0006057792896739587,0.0006057792877744849,7.569964468134933e-11,0.8011213541030884,0.8011213597782442,-5.6751557897527505e-09,0.0
0.5009589195251465,0.0020000040531158447,1.0,576411.75,2.976719981617748e-10,2.976719981617748e-10,7.083044654271342e-12,0.0006085296045057476,0.0006065938505344093,7.475980945415017e-11,2.7500209398567677e-06,2.741231583058834e-06,0.0,0.9968038945920203,0.0006085293106138155,0.0006085293087143416,7.569964468134933e-11,0.8033090233802795,0.8033089908426341,3.253764546684579e-08,0.0
0.5029588937759399,0.001999974250793457,0.9999999999999993,570000.75,-1.3585901847967818e-10,-2.2643169284020104e-10,7.063906317522628e-12,0.0006112796254456043,0.000609335140325129,7.475980945415017e-11,2.7500209398567677e-06,2.7412897907197475e-06,0.0,0.9968250608530003,0.0006112793315536723,0.0006112793296541984,7.569964468182118e-11,0.8054966330528259,0.8054966683594609,-3.5306634948995e-08,0.0
0.5049589276313782,0.0020000338554382324,0.999999999999999,563589.75,-3.134389137127158e-10,-3.134389137127158e-10,6.817174429130102e-12,0.0006140295881778002,0.0006120763719081879,7.475980945415017e-11,2.749962732195854e-06,2.741231583058834e-06,0.0,0.9968249936499873,0.0006140292942858681,0.0006140292923863943,7.569964468252894e-11,0.8076843023300171,0.8076842994238509,2.906166196581239e-09,0.0
0.5069589018821716,0.001999974250793457,0.9999999999999986,557178.75,-4.205425452319389e-10,-4.205425452319389e-10,6.875523154287189e-12,0.000616779609117657,0.0006148176034912467,7.475980945415017e-11,2.7500209398567677e-06,2.741231583058834e-06,0.0,0.9968038945920203,0.0006167793152257249,0.000616779313326251,7.569964468355128e-11,0.8098719716072083,0.8098719304882408,4.111896745317978e-08,0.0
0.5089588761329651,0.001999974250793457,0.9999999999999981,550767.75,-5.03220298764262e-10,-5.03220298764262e-10,6.85305371478373e-12,0.0006195295718498528,0.0006175588932819664,7.475980945415017e-11,2.749962732195854e-06,2.7412897907197475e-06,0.0,0.9968461603589874,0.0006195292779579207,0.0006195292760584469,7.569964468488816e-11,0.8120595812797546,0.8120596080050676,-2.6725312962661008e-08,0.0
0.5109589099884033,0.0020000338554382324,0.9999999999999987,544356.75,-3.676159376908572e-10,-3.676159376908572e-10,6.97169752483795e-12,0.0006222795927897096,0.0006203001248650253,7.475980945415017e-11,2.7500209398567677e-06,2.741231583058834e-06,0.0,0.9968038945920203,0.0006222792988977775,0.0006222792969983037,7.569964468583187e-11,0.8142472505569458,0.8142472390694576,1.1487488182915229e-08,0.0
0.5129588842391968,0.001999974250793457,0.9999999999999984,537945.75,-4.273958131850719e-10,-4.273958131850719e-10,7.007537779213369e-12,0.0006250296137295663,0.000623041414655745,7.475980945415017e-11,2.7500209398567677e-06,2.7412897907197475e-06,0.0,0.9968250608530003,0.0006250293198376343,0.0006250293179381604,7.569964468693283e-11,0.816434919834137,0.8164349165862844,3.2478525424650684e-09,0.0
0.514958918094635,0.0020000338554382324,0.9999999999999991,531534.75,-2.9561161851709983e-10,-2.111511521185605e-10,7.177499480176541e-12,0.0006277795764617622,0.0006257826462388039,7.475980945415017e-11,2.749962732195854e-06,2.741231583058834e-06,0.0,0.9968249936499873,0.0006277792825698301,0.0006277792806703563,7.569964468756196e-11,0.8186225295066833,0.8186225476506743,-1.8143990976327018e-08,0.0
0.5169588923454285,0.001999974250793457,1.0,525123.75,4.172087675335945e-11,4.172087675335945e-11,6.775587035878772e-12,0.000630529597401619,0.0006285238778218627,7.475980945415017e-11,2.7500209398567677e-06,2.741231583058834e-06,0.0,0.9968038945920203,0.0006305293035096869,0.000630529301610213,7.569964468756196e-11,0.8208101987838745,0.8208101787150643,2.0068810169249218e-08,0.0
0.5189589262008667,0.0020000338554382324,0.9999999999999999,518712.75,-4.121152724634314e-11,-4.121152724634314e-11,6.6673086322743824e-12,0.0006332796183414757,0.0006312651676125824,7.475980945415017e-11,2.7500209398567677e-06,2.7412897907197475e-06,0.0,0.9968250608530003,0.0006332793244495437,0.0006332793225500698,7.56996446876406e-11,0.8229978680610657,0.8229978562318911,1.1829174528799058e-08,0.0
0.5209589004516602,0.001999974250793457,1.0,512301.71875,1.8315979288807682e-10,1.8315979288807682e-10,6.968146545882625e-12,0.0006360295810736716,0.0006340063991956413,7.475980945415017e-11,2.749962732195854e-06,2.741231583058834e-06,0.0,0.9968249936499873,0.0006360292871817395,0.0006360292852822657,7.56996446876406e-11,0.8251854777336121,0.825185487296281,-9.562668989993028e-09,0.0
0.5229588747024536,0.001999974250793457,1.0,505890.71875,3.2154259810290853e-10,3.2154259810290853e-10,7.0450247198483584e-12,0.0006387796020135283,0.0006367476307787001,7.475980945415017e-11,2.7500209398567677e-06,2.741231583058834e-06,0.0,0.9968038945920203,0.0006387793081215963,0.0006387793062221224,7.56996446876406e-11,0.8273731470108032,0.827373118360671,2.865013226660551e-08,0.0
0.5249589085578918,0.0020000338554382324,1.0,499479.71875,3.7699296462356813e-10,3.7699296462356813e-10,6.97966120663529e-12,0.0006415296229533851,0.0006394889205694199,7.475980945415017e-11,2.7500209398567677e-06,2.7412897907197475e-06,0.0,0.9968250608530003,0.0006415293290614531,0.0006415293271619792,7.56996446876406e-11,0.8295608162879944,0.8295607958774979,2.0410496515133048e-08,0.0
0.5269588828086853,0.001999974250793457,1.0,493068.71875,3.1339295047949633e-10,3.1339295047949633e-10,6.38978887163022e-12,0.000644279585685581,0.0006422301521524787,7.475980945415017e-11,2.749962732195854e-06,2.741231583058834e-06,0.0,0.9968249936499873,0.0006442792917936489,0.0006442792898941751,7.56996446876406e-11,0.8317484259605408,0.8317484269418878,-9.813470036590388e-10,0.0
0.5289589166641235,0.0020000338554382324,1.0,486657.71875,2.706533885898921e-10,2.706533885898921e-10,5.8300365403385346e-12,0.0006470296066254377,0.0006449714419431984,7.475980945415017e-11,2.7500209398567677e-06,2.7412897907197475e-06,0.0,0.9968250608530003,0.0006470293127335057,0.0006470293108340318,7.56996446876406e-11,0.8339360952377319,0.8339361044587146,-9.220982644109199e-09,0.0
0.530958890914917,0.001999974250793457,1.0,480246.71875,1.5262166530582988e-10,1.5262166530582988e-10,5.426510803208107e-12,0.0006497795693576336,0.0006477126735262573,7.475980945415017e-11,2.749962732195854e-06,2.741231583058834e-06,0.0,0.9968249936499873,0.0006497792754657015,0.0006497792735662277,7.56996446876406e-11,0.8361237049102783,0.8361237355231046,-3.061282627392359e-08,0.0
0.5329589247703552,0.0020000338554382324,1.0,473835.71875,7.529212669998842e-11,0.0,5.671220004027644e-12,0.0006525295902974904,0.0006504539051093161,7.475980945415017e-11,2.7500209398567677e-06,2.741231583058834e-06,0.0,0.9968038945920203,0.0006525292964055583,0.0006525292945060844,7.56996446876406e-11,0.8383113741874695,0.8383113665874945,7.59997498267495e-09,0.0
0.5349588990211487,0.001999974250793457,0.9999999999999996,467424.71875,-1.1141013805948674e-10,-1.1141013805948674e-10,5.834522101566542e-12,0.0006552796112373471,0.0006531951949000359,7.475980945415017e-11,2.7500209398567677e-06,2.7412897907197475e-06,0.0,0.9968250608530003,0.0006552793173454151,0.0006552793154459412,7.569964468795516e-11,0.8404990434646606,0.8404990441043213,-6.396606577752095e-10,0.0
0.5369589328765869,0.0020000338554382324,0.9999999999999983,461013.71875,-3.296462547375256e-10,-4.029009625927671e-10,6.227572277306415e-12,0.000658029573969543,0.0006559364264830947,7.475980945415017e-11,2.749962732195854e-06,2.741231583058834e-06,0.0,0.9968249936499873,0.0006580292800776109,0.0006580292781781371,7.569964468913478e-11,0.842686653137207,0.8426866751687113,-2.2031504287589598e-08,0.0
0.5389589071273804,0.001999974250793457,0.9999999999999986,454602.71875,-2.7088506437955573e-10,-3.431210870985524e-10,6.83243479154827e-12,0.0006607795949093997,0.0006586777162738144,7.475980945415017e-11,2.7500209398567677e-06,2.7412897907197475e-06,0.0,0.9968250608530003,0.0006607793010174677,0.0006607792991179938,7.569964469015709e-11,0.8448743224143982,0.8448743526855381,-3.027113992803976e-08,0.0
0.5409588813781738,0.001999974250793457,0.9999999999999988,448191.71875,-2.492606121506924e-10,-2.492606121506924e-10,7.275306225518197e-12,0.0006635296158492565,0.0006614189478568733,7.475980945415017e-11,2.7500209398567677e-06,2.741231583058834e-06,0.0,0.9968038945920203,0.0006635293219573245,0.0006635293200578506,7.569964469102216e-11,0.8470619916915894,0.847061983749928,7.94166132855878e-09,0.0
0.5429589152336121,0.0020000338554382324,0.9999999999999992,441780.71875,-1.754965339717529e-10,-1.754965339717529e-10,7.742916550979029e-12,0.0006662795785814524,0.0006641601794399321,7.475980945415017e-11,2.749962732195854e-06,2.741231583058834e-06,0.0,0.9968249936499873,0.0006662792846895203,0.0006662792827900465,7.569964469157263e-11,0.8492496013641357,0.849249614814318,-1.3450182301255609e-08,0.0
0.5449588894844055,0.001999974250793457,0.9999999999999994,435369.6875,-1.7294977949777746e-10,-8.647488974888873e-11,8.289880067124944e-12,0.0006690295995213091,0.0006669014692306519,7.475980945415017e-11,2.7500209398567677e-06,2.7412897907197475e-06,0.0,0.9968250608530003,0.0006690293056293771,0.0006690293037299032,7.569964469196584e-11,0.8514372706413269,0.8514372923311448,-2.168981794170577e-08,0.0
0.5469589233398438,0.0020000338554382324,1.0,428958.6875,5.112090611936182e-11,5.112090611936182e-11,8.567383781576954e-12,0.0006717796204611659,0.0006696427008137107,7.475980945415017e-11,2.7500209398567677e-06,2.741231583058834e-06,0.0,0.9968038945920203,0.0006717793265692338,0.00067177932466976,7.569964469196584e-11,0.8536249399185181,0.8536249233955348,1.652298331489277e-08,0.0
0.5489588975906372,0.001999974250793457,1.0,422547.6875,8.392812833601937e-11,1.6785625667203874e-10,8.819304661566996e-12,0.0006745295831933618,0.0006723839323967695,7.475980945415017e-11,2.749962732195854e-06,2.741231583058834e-06,0.0,0.9968249936499873,0.0006745292893014297,0.0006745292874019559,7.569964469196584e-11,0.8558125495910645,0.8558125544599247,-4.868860203899317e-09,0.0
0.5509589314460754,0.0020000338554382324,1.0,416136.6875,1.157166515386443e-10,1.818404454789757e-10,8.88118138059335e-12,0.0006772796041332185,0.0006751252221874893,7.475980945415017e-11,2.7500209398567677e-06,2.7412897907197475e-06,0.0,0.9968250608530003,0.0006772793102412865,0.0006772793083418126,7.569964469196584e-11,0.8580002188682556,0.8580002319767516,-1.310849595537178e-08,0.0
0.5529589056968689,0.001999974250793457,1.0,409725.6875,2.115915637146415e-10,2.115915637146415e-10,8.550023536391116e-12,0.0006800296250730753,0.0006778664537705481,7.475980945415017e-11,2.7500209398567677e-06,2.741231583058834e-06,0.0,0.9968038945920203,0.0006800293311811432,0.0006800293292816694,7.569964469196584e-11,0.8601878881454468,0.8601878630411415,2.510430530122676e-08,0.0
0.5549588799476624,0.001999974250793457,1.0,403314.6875,1.2817279182453234e-10,1.2817279182453234e-10,8.285057535861728e-12,0.0006827795878052711,0.0006806077435612679,7.475980945415017e-11,2.749962732195854e-06,2.7412897907197475e-06,0.0,0.9968461603589874,0.0006827792939133391,0.0006827792920138652,7.569964469196584e-11,0.8623754978179932,0.8623755405579683,-4.2739975114614026e-08,0.0
0.5569589138031006,0.0020000338554382324,0.9999999999999997,396903.6875,-7.883461244917456e-11,-1.576692248983491e-11,8.028735662413133e-12,0.0006855296087451279,0.0006833489751443267,7.475980945415017e-11,2.7500209398567677e-06,2.741231583058834e-06,0.0,0.9968038945920203,0.0006855293148531959,0.000685529312953722,7.569964469220175e-11,0.8645631670951843,0.8645631716223583,-4.52717396903779e-09,0.0
0.558958888053894,0.001999974250793457,0.9999999999999999,390492.6875,0.0,-6.204898400641312e-11,7.521777471708457e-12,0.0006882795714773238,0.0006860902067273855,7.475980945415017e-11,2.749962732195854e-06,2.741231583058834e-06,0.0,0.9968249936499873,0.0006882792775853917,0.0006882792756859179,7.56996446922804e-11,0.8667508363723755,0.8667508026867482,3.368562728756075e-08,0.0
0.5609589219093323,0.0020000338554382324,0.9999999999999999,384081.6875,-3.051514249619025e-11,-3.051514249619025e-11,7.192861757598923e-12,0.0006910295924171805,0.0006888314965181053,7.475980945415017e-11,2.7500209398567677e-06,2.7412897907197475e-06,0.0,0.9968250608530003,0.0006910292985252485,0.0006910292966257746,7.569964469235905e-11,0.8689384460449219,0.868938480203575,-3.4158653128280037e-08,0.0
0.5629588961601257,0.001999974250793457,0.9999999999999999,377670.6875,1.5002894759863494e-11,-6.001157903945398e-11,6.97796681548013e-12,0.0006937796133570373,0.0006915727281011641,7.475980945415017e-11,2.7500209398567677e-06,2.741231583058834e-06,0.0,0.9968038945920203,0.0006937793194651052,0.0006937793175656314,7.56996446924377e-11,0.871126115322113,0.871126111267965,4.0541480172962e-09,0.0
0.564958930015564,0.0020000338554382324,0.9999999999999991,371259.6875,-1.6223040966156788e-10,-1.6223040966156788e-10,6.572594898890394e-12,0.0006965295760892332,0.0006943139596842229,7.475980945415017e-11,2.749962732195854e-06,2.741231583058834e-06,0.0,0.9968249936499873,0.0006965292821973011,0.0006965292802978273,7.569964469306682e-11,0.8733137845993042,0.8733137423323549,4.226694927389474e-08,0.0
0.5669589042663574,0.001999974250793457,0.9999999999999993,364848.6875,-1.1594834814498967e-10,-1.1594834814498967e-10,6.767482407799008e-12,0.0006992795970290899,0.0006970552494749427,7.475980945415017e-11,2.7500209398567677e-06,2.7412897907197475e-06,0.0,0.9968250608530003,0.0006992793031371579,0.000699279301237684,7.569964469353866e-11,0.8755013942718506,0.8755014198491817,-2.5577331141946047e-08,0.0
0.5689588785171509,0.001999974250793457,0.9999999999999997,358437.65625,-7.119433514946039e-11,-7.119433514946039e-11,6.941034118995715e-12,0.0007020296179689467,0.0006997964810580015,7.475980945415017e-11,2.7500209398567677e-06,2.741231583058834e-06,0.0,0.9968038945920203,0.0007020293240770146,0.0007020293221775408,7.569964469377459e-11,0.8776890635490417,0.8776890509135717,1.263547000363019e-08,0.0
0.5709589123725891,0.0020000338554382324,1.0,352026.65625,2.7968382818044368e-11,2.7968382818044368e-11,7.18753355444246e-12,0.0007047795807011425,0.0007025377708487213,7.475980945415017e-11,2.749962732195854e-06,2.7412897907197475e-06,0.0,0.9968461603589874,0.0007047792868092105,0.0007047792849097366,7.569964469377459e-11,0.8798767328262329,0.8798767284303985,4.395834363180029e-09,0.0
0.5729588866233826,0.001999974250793457,1.0,345615.65625,4.11885456297334e-11,1.0983612630521833e-10,7.270429484146357e-12,0.0007075296016409993,0.0007052790024317801,7.475980945415017e-11,2.7500209398567677e-06,2.741231583058834e-06,0.0,0.9968038945920203,0.0007075293077490673,0.0007075293058495934,7.569964469377459e-11,0.8820643424987793,0.8820643594947885,-1.6996009155612057e-08,0.0
0.5749589204788208,0.0020000338554382324,1.0,339204.65625,1.4822323923802116e-10,8.084903579952396e-11,7.2481612725661115e-12,0.0007102796225808561,0.0007080202340148389,7.475980945415017e-11,2.7500209398567677e-06,2.741231583058834e-06,0.0,0.9968038945920203,0.000710279328688924,0.0007102793267894502,7.569964469377459e-11,0.8842520117759705,0.8842519905591784,2.121679210098648e-08,0.0
0.5769588947296143,0.001999974250793457,1.0,332793.65625,7.932098033958113e-11,1.454217996021967e-10,7.659118131386755e-12,0.0007130295853130519,0.0007107615238055587,7.475980945415017e-11,2.749962732195854e-06,2.7412897907197475e-06,0.0,0.9968461603589874,0.0007130292914211199,0.000713029289521646,7.569964469377459e-11,0.8864396810531616,0.8864396680760053,1.2977156349514019e-08,0.0
0.5789589285850525,0.0020000338554382324,0.9999999999999997,326382.65625,-5.1861952232723496e-11,-5.1861952232723496e-11,7.943781049624121e-12,0.0007157796062529087,0.0007135027553886175,7.475980945415017e-11,2.7500209398567677e-06,2.741231583058834e-06,0.0,0.9968038945920203,0.0007157793123609766,0.0007157793104615028,7.569964469401051e-11,0.888627290725708,0.8886272991403952,-8.414687169278068e-09,0.0
0.580958902835846,0.001999974250793457,1.0,319971.65625,1.2710812437310981e-11,1.2710812437310981e-11,8.32407406892166e-12,0.0007185295689851046,0.0007162440451793373,7.475980945415017e-11,2.749962732195854e-06,2.7412897907197475e-06,0.0,0.9968461603589874,0.0007185292750931725,0.0007185292731936987,7.569964469401051e-11,0.8908149600028992,0.890814976657222,-1.6654322809728228e-08,0.0
0.5829588770866394,0.001999974250793457,0.9999999999999998,313560.65625,-2.4912273632882176e-11,-2.4912273632882176e-11,8.498340919871339e-12,0.0007212795899249613,0.0007189852767623961,7.475980945415017e-11,2.7500209398567677e-06,2.741231583058834e-06,0.0,0.9968038945920203,0.0007212792960330293,0.0007212792941335554,7.56996446941678e-11,0.8930026292800903,0.893002607721612,2.1558478335848008e-08,0.0
0.5849589109420776,0.0020000338554382324,1.0,307149.65625,1.2201460328209457e-11,1.2201460328209457e-11,8.565625639334051e-12,0.0007240296108648181,0.0007217265083454549,7.475980945415017e-11,2.7500209398567677e-06,2.741231583058834e-06,0.0,0.9968038945920203,0.000724029316972886,0.0007240293150734122,7.56996446941678e-11,0.8951902389526367,0.8951902387860019,1.6663481705592176e-10,0.0
0.5869588851928711,0.001999974250793457,1.0,300738.65625,1.1946784707339564e-11,1.1946784707339564e-11,8.694430592148805e-12,0.000726779573597014,0.0007244677981361747,7.475980945415017e-11,2.749962732195854e-06,2.7412897907197475e-06,0.0,0.9968461603589874,0.0007267792797050819,0.000726779277805608,7.56996446941678e-11,0.8973779082298279,0.8973779163028287,-8.073000823394239e-09,0.0
0.5876562595367432,0.0006973743438720703,1.0,298503.1875,3.0830751285293445e-09,3.1423650348472165e-09,8.644618007536131e-12,0.0007277384866029024,0.0007254236261360347,7.475980945415017e-11,9.58913005888462e-07,9.558279998600483e-07,0.0,0.9967828092752216,0.0007277381927109704,0.0007277381908114965,7.56996446941678e-11,0.8981407284736633,0.8981407117695197,1.6704143623869072e-08,0.0
0.5896562933921814,0.0020000338554382324,0.9999999999999907,292491.53125,-1.3594427805685427e-09,-1.3594427805685427e-09,8.332156145596237e-12,0.0007304885075427592,0.0007281648577190936,7.475980945415017e-11,2.7500209398567677e-06,2.741231583058834e-06,0.0,0.9968038945920203,0.0007304882136508271,0.0007304882117513533,7.569964470077358e-11,0.9001920819282532,0.9001920835676738,-1.6394205992753541e-09,0.0
0.5916562676429749,0.001999974250793457,0.9999999999999871,288741.03125,-1.8696395542860955e-09,-1.8696395542860955e-09,7.94030206169305e-12,0.000733238528482616,0.0007309061475098133,7.475980945415017e-11,2.7500209398567677e-06,2.7412897907197475e-06,0.0,0.9968250608530003,0.0007332382345906839,0.00073323823269121,7.569964470989605e-11,0.9014719128608704,0.9014718949689093,1.78919610238637e-08,0.0
0.5936563014984131,0.0020000338554382324,0.9999999999999845,284990.53125,-2.1963115770518016e-09,-2.241596464003237e-09,7.1498883202902874e-12,0.0007359884912148118,0.0007336473790928721,7.475980945415017e-11,2.749962732195854e-06,2.741231583058834e-06,0.0,0.9968249936499873,0.0007359881973228797,0.0007359881954234059,7.56996447209057e-11,0.9027516841888428,0.9027516791950436,4.993799151975509e-09,0.0
0.5956562757492065,0.001999974250793457,0.9999999999999835,281240.03125,-2.2903021701381476e-09,-2.3461632636667673e-09,6.36377148893752e-12,0.0007387385121546686,0.0007363886688835919,7.475980945415017e-11,2.7500209398567677e-06,2.7412897907197475e-06,0.0,0.9968250608530003,0.0007387382182627365,0.0007387382163632627,7.56996447326231e-11,0.9040314555168152,0.9040314905962792,-3.507946400027606e-08,0.0
0.5976563096046448,0.0020000338554382324,0.9999999999999845,277489.53125,-2.1274810801941157e-09,-2.1715740317063137e-09,5.766959392666804e-12,0.0007414884748868644,0.0007391299004666507,7.475980945415017e-11,2.749962732195854e-06,2.741231583058834e-06,0.0,0.9968249936499873,0.0007414881809949324,0.0007414881790954585,7.569964474363298e-11,0.9053112864494324,0.9053112748224135,1.1627018903226372e-08,0.0
0.5996562838554382,0.001999974250793457,0.9999999999999858,273739.03125,-1.935613003212211e-09,-1.935613003212211e-09,5.491884724762031e-12,0.0007442384958267212,0.0007418711320497096,7.475980945415017e-11,2.7500209398567677e-06,2.741231583058834e-06,0.0,0.9968038945920203,0.0007442382019347891,0.0007442382000353153,7.569964475369894e-11,0.9065910577774048,0.9065910590485476,-1.2711428576395178e-09,0.0
0.6016563177108765,0.0020000338554382324,0.999999999999989,269988.5625,-1.4586329921684182e-09,-1.4908088097342898e-09,5.37215888093967e-12,0.000746988516766578,0.0007446124218404293,7.475980945415017e-11,2.7500209398567677e-06,2.7412897907197475e-06,0.0,0.9968250608530003,0.0007469882228746459,0.000746988220975172,7.569964476148449e-11,0.907870888710022,0.9078708704497833,1.8260238654477234e-08,0.0
0.6036562919616699,0.001999974250793457,0.9999999999999934,266238.0625,-8.672529361319903e-10,-8.672529361319903e-10,5.255189079039768e-12,0.0007497384794987738,0.0007473536534234881,7.475980945415017e-11,2.749962732195854e-06,2.741231583058834e-06,0.0,0.9968249936499873,0.0007497381856068418,0.0007497381837073679,7.569964476612427e-11,0.9091506600379944,0.9091506546759176,5.3620767825890425e-09,0.0
0.6056562662124634,0.001999974250793457,0.9999999999999973,262487.5625,-3.232452916446249e-10,-3.649543722783477e-10,5.140858225227696e-12,0.0007524885004386306,0.0007500949432142079,7.475980945415017e-11,2.7500209398567677e-06,2.7412897907197475e-06,0.0,0.9968250608530003,0.0007524882065466985,0.0007524882046472247,7.569964476801164e-11,0.9104304313659668,0.9104304660771532,-3.471118636966253e-08,0.0
0.6076563000679016,0.0020000338554382324,1.0,258737.0625,2.877918459098794e-10,2.5695698346872575e-10,5.097677054782812e-12,0.0007552385213784873,0.0007528361747972667,7.475980945415017e-11,2.7500209398567677e-06,2.741231583058834e-06,0.0,0.9968038945920203,0.0007552382274865553,0.0007552382255870814,7.569964476801164e-11,0.911710262298584,0.9117102503032875,1.1995296533839905e-08,0.0
0.6096562743186951,0.001999974250793457,1.0,254986.5625,7.596969164858081e-10,7.090504294815503e-10,5.2892759616618434e-12,0.0007579884841106832,0.0007555774063803256,7.475980945415017e-11,2.749962732195854e-06,2.741231583058834e-06,0.0,0.9968249936499873,0.0007579881902187511,0.0007579881883192773,7.569964476801164e-11,0.9129900336265564,0.9129900345294216,-9.02865227025984e-10,0.0
0.6116563081741333,0.0020000338554382324,1.0,251236.078125,1.0778729020444189e-09,1.03795161354725e-09,5.464000779609179e-12,0.00076073850505054,0.0007583186961710453,7.475980945415017e-11,2.7500209398567677e-06,2.7412897907197475e-06,0.0,0.9968250608530003,0.0007607382111586079,0.0007607382092591341,7.569964476801164e-11,0.9142698645591736,0.9142698459306573,1.8628516285090768e-08,0.0
0.6136562824249268,0.001999974250793457,1.0,247485.578125,1.297733809302315e-09,1.268239846474728e-09,5.6225666483777914e-12,0.0007634885259903967,0.0007610599277541041,7.475980945415017e-11,2.7500209398567677e-06,2.741231583058834e-06,0.0,0.9968038945920203,0.0007634882320984647,0.0007634882301989908,7.569964476801164e-11,0.915549635887146,0.9155496301567916,5.730354413202576e-09,0.0
0.615656316280365,0.0020000338554382324,1.0,243735.078125,1.3167967827243388e-09,1.3167967827243388e-09,5.894943821277421e-12,0.0007662384887225926,0.000763801159337163,7.475980945415017e-11,2.749962732195854e-06,2.741231583058834e-06,0.0,0.9968249936499873,0.0007662381948306605,0.0007662381929311867,7.569964476801164e-11,0.9168294072151184,0.9168294143829258,-7.167807347663313e-09,0.0
0.6176562905311584,0.001999974250793457,1.0,239984.59375,1.3156010725268175e-09,1.3156010725268175e-09,6.048645525419394e-12,0.0007689885096624494,0.0007665424491278827,7.475980945415017e-11,2.7500209398567677e-06,2.7412897907197475e-06,0.0,0.9968250608530003,0.0007689882157705173,0.0007689882138710435,7.569964476801164e-11,0.9181092381477356,0.9181092257841614,1.2363574164453439e-08,0.0
0.6196562647819519,0.001999974250793457,1.0,236234.09375,1.126122417538511e-09,1.126122417538511e-09,6.029738774254723e-12,0.0007717385306023061,0.0007692836807109416,7.475980945415017e-11,2.7500209398567677e-06,2.741231583058834e-06,0.0,0.9968038945920203,0.0007717382367103741,0.0007717382348109002,7.569964476801164e-11,0.919389009475708,0.9193890100102956,-5.345875964124502e-10,0.0
0.6216562986373901,0.0020000338554382324,1.0,232483.59375,9.327719707741267e-10,8.958305208750517e-10,6.129168353408154e-12,0.000774488493334502,0.0007720249705016613,7.475980945415017e-11,2.749962732195854e-06,2.7412897907197475e-06,0.0,0.9968461603589874,0.0007744881994425699,0.0007744881975430961,7.569964476801164e-11,0.9206687808036804,0.9206688214115313,-4.060785085968632e-08,0.0
0.6236562728881836,0.001999974250793457,1.0,228733.09375,6.36046493251996e-10,6.723919754314522e-10,5.972994234632045e-12,0.0007772385142743587,0.0007747662020847201,7.475980945415017e-11,2.7500209398567677e-06,2.741231583058834e-06,0.0,0.9968038945920203,0.0007772382203824267,0.0007772382184829528,7.569964476801164e-11,0.9219486117362976,0.9219486056376655,6.098632154838413e-09,0.0
0.6256563067436218,0.0020000338554382324,1.0,224982.609375,3.217460464721711e-10,3.217460464721711e-10,5.552142946785299e-12,0.0007799884770065546,0.000777507433667779,7.475980945415017e-11,2.749962732195854e-06,2.741231583058834e-06,0.0,0.9968249936499873,0.0007799881831146225,0.0007799881812151487,7.569964476801164e-11,0.92322838306427,0.9232283898637997,-6.799529717049779e-09,0.0
0.6276562809944153,0.001999974250793457,1.0,221232.109375,1.0546083450968524e-10,1.0546083450968524e-10,4.977037445369481e-12,0.0007827384979464114,0.0007802487234584987,7.475980945415017e-11,2.7500209398567677e-06,2.7412897907197475e-06,0.0,0.9968250608530003,0.0007827382040544793,0.0007827382021550055,7.569964476801164e-11,0.9245082139968872,0.9245082012650354,1.2731851795066973e-08,0.0
0.6296563148498535,0.0020000338554382324,0.999999999999998,217481.609375,-2.1598538235689801e-10,-2.1598538235689801e-10,4.377051672499466e-12,0.0007854885188862681,0.0007829899550415576,7.475980945415017e-11,2.7500209398567677e-06,2.741231583058834e-06,0.0,0.9968038945920203,0.0007854882249943361,0.0007854882230948622,7.56996447694272e-11,0.9257879853248596,0.9257879854911696,-1.6630996579891644e-10,0.0
0.631656289100647,0.001999974250793457,0.9999999999999962,213731.125,-4.075405291015244e-10,-4.075405291015244e-10,3.925776804331038e-12,0.000788238481618464,0.0007857312448322773,7.475980945415017e-11,2.749962732195854e-06,2.7412897907197475e-06,0.0,0.9968461603589874,0.0007882381877265319,0.0007882381858270581,7.569964477210096e-11,0.927067756652832,0.9270677968924053,-4.023957322907279e-08,0.0
0.6336562633514404,0.001999974250793457,0.9999999999999948,209980.625,-5.505350064716197e-10,-5.505350064716197e-10,3.5004835401836187e-12,0.0007909885025583208,0.0007884724764153361,7.475980945415017e-11,2.7500209398567677e-06,2.741231583058834e-06,0.0,0.9968038945920203,0.0007909882086663887,0.0007909882067669149,7.569964477579707e-11,0.9283475875854492,0.9283475811185394,6.466909785451946e-09,0.0
0.6356562972068787,0.0020000338554382324,0.9999999999999932,206230.125,-7.045508620961982e-10,-7.045508620961982e-10,2.9359652729821217e-12,0.0007937385234981775,0.000791213707998395,7.475980945415017e-11,2.7500209398567677e-06,2.741231583058834e-06,0.0,0.9968038945920203,0.0007937382296062455,0.0007937382277067716,7.569964478059422e-11,0.9296273589134216,0.9296273653446737,-6.4312520864362455e-09,0.0
0.6376562714576721,0.001999974250793457,0.9999999999999922,202479.640625,-7.88259513218037e-10,-7.88259513218037e-10,2.728987608807687e-12,0.0007964884862303734,0.0007939549977891147,7.475980945415017e-11,2.749962732195854e-06,2.7412897907197475e-06,0.0,0.9968461603589874,0.0007964881923384413,0.0007964881904389675,7.569964478609905e-11,0.9309071898460388,0.9309071767459094,1.3100129425680507e-08,0.0
0.6396563053131104,0.0020000338554382324,0.999999999999993,198729.140625,-6.947139530311119e-10,-6.947139530311119e-10,2.638334429400091e-12,0.0007992385071702302,0.0007966962293721735,7.475980945415017e-11,2.7500209398567677e-06,2.741231583058834e-06,0.0,0.9968038945920203,0.0007992382132782981,0.0007992382113788242,7.569964479105348e-11,0.9321869611740112,0.9321869609720436,2.0196766481461736e-10,0.0
0.6416562795639038,0.001999974250793457,0.9999999999999931,194978.640625,-6.661120544038113e-10,-6.661120544038113e-10,2.4729918633725756e-12,0.0008019885281100869,0.0007994374609552324,7.475980945415017e-11,2.7500209398567677e-06,2.741231583058834e-06,0.0,0.9968038945920203,0.0008019882342181549,0.000801988232318681,7.569964479592918e-11,0.9334667325019836,0.9334667451981777,-1.2696194096051272e-08,0.0
0.643656313419342,0.0020000338554382324,0.9999999999999939,191228.15625,-5.773340694403828e-10,-5.773340694403828e-10,2.366737882064651e-12,0.0008047384908422828,0.0008021787507459521,7.475980945415017e-11,2.749962732195854e-06,2.7412897907197475e-06,0.0,0.9968461603589874,0.0008047381969503507,0.0008047381950508769,7.569964480025439e-11,0.9347465634346008,0.9347465565994134,6.83518741606548e-09,0.0
0.6456562876701355,0.001999974250793457,0.9999999999999953,187477.65625,-4.394032915300272e-10,-4.394032915300272e-10,2.4388061015123697e-12,0.0008074885117821395,0.000804919982329011,7.475980945415017e-11,2.7500209398567677e-06,2.741231583058834e-06,0.0,0.9968038945920203,0.0008074882178902075,0.0008074882159907336,7.569964480355735e-11,0.9360263347625732,0.9360263408255477,-6.062974455822712e-09,0.0
0.647656261920929,0.001999974250793457,0.9999999999999966,183727.15625,-3.430307149443479e-10,-3.065380727029776e-10,2.5508373625166003e-12,0.0008102384745143354,0.0008076612721197307,7.475980945415017e-11,2.749962732195854e-06,2.7412897907197475e-06,0.0,0.9968461603589874,0.0008102381806224033,0.0008102381787229295,7.569964480599521e-11,0.9373061656951904,0.9373061522267833,1.3468407167316343e-08,0.0
0.6496562957763672,0.0020000338554382324,0.9999999999999983,179976.65625,-1.429907581229628e-10,-1.429907581229628e-10,2.6985766052312066e-12,0.0008129884954541922,0.0008104025037027895,7.475980945415017e-11,2.7500209398567677e-06,2.741231583058834e-06,0.0,0.9968038945920203,0.0008129882015622601,0.0008129881996627863,7.569964480717483e-11,0.9385859370231628,0.9385859364529175,5.702452954281512e-10,0.0
0.6516562700271606,0.001999974250793457,0.9999999999999987,176226.171875,-1.1200880500883414e-10,-1.1200880500883414e-10,2.971422370309784e-12,0.0008157385163940489,0.0008131437352858484,7.475980945415017e-11,2.7500209398567677e-06,2.741231583058834e-06,0.0,0.9968038945920203,0.0008157382225021169,0.000815738220602643,7.569964480811852e-11,0.9398657083511353,0.9398657206790517,-1.2327916465437738e-08,0.0
0.6536563038825989,0.0020000338554382324,1.0,172475.671875,3.4257815334504116e-11,3.4257815334504116e-11,3.1047428083325057e-12,0.0008184884791262448,0.0008158850250765681,7.475980945415017e-11,2.749962732195854e-06,2.7412897907197475e-06,0.0,0.9968461603589874,0.0008184881852343127,0.0008184881833348389,7.569964480811852e-11,0.9411455392837524,0.9411455320802874,7.203465046679014e-09,0.0
0.6556562781333923,0.001999974250793457,1.0,168725.171875,1.340515060066494e-10,1.340515060066494e-10,3.2899746295333987e-12,0.0008212385000661016,0.000818626256659627,7.475980945415017e-11,2.7500209398567677e-06,2.741231583058834e-06,0.0,0.9968038945920203,0.0008212382061741695,0.0008212382042746956,7.569964480811852e-11,0.9424253106117249,0.9424253163064217,-5.694696825209178e-09,0.0
0.6576563119888306,0.0020000338554382324,1.0,164974.6875,2.686970923537757e-10,2.686970923537757e-10,3.3678994922764494e-12,0.0008239885210059583,0.0008213674882426858,7.475980945415017e-11,2.7500209398567677e-06,2.741231583058834e-06,0.0,0.9968038945920203,0.0008239882271140263,0.0008239882252145524,7.569964480811852e-11,0.943705141544342,0.9437051005325559,4.101178618931556e-08,0.0
0.659656286239624,0.001999974250793457,1.0,161224.1875,3.842759721539579e-10,3.842759721539579e-10,3.3483229210096166e-12,0.0008267384837381542,0.0008241087780334055,7.475980945415017e-11,2.749962732195854e-06,2.7412897907197475e-06,0.0,0.9968461603589874,0.0008267381898462221,0.0008267381879467483,7.569964480811852e-11,0.9449849128723145,0.9449849119337915,9.38522926041685e-10,0.0
0.6616562604904175,0.001999974250793457,1.0,157473.6875,4.31637225961623e-10,4.31637225961623e-10,3.40769513301753e-12,0.0008294885046780109,0.0008268500096164644,7.475980945415017e-11,2.7500209398567677e-06,2.741231583058834e-06,0.0,0.9968038945920203,0.0008294882107860789,0.000829488208886605,7.569964480811852e-11,0.9462646842002869,0.9462646961599257,-1.1959638834824204e-08,0.0
0.6636562943458557,0.0020000338554382324,1.0,153723.203125,4.1525044514045817e-10,3.8471734131739765e-10,3.4558857511801655e-12,0.0008322385256178677,0.0008295912994071841,7.475980945415017e-11,2.7500209398567677e-06,2.7412897907197475e-06,0.0,0.9968250608530003,0.0008322382317259357,0.0008322382298264618,7.569964480811852e-11,0.947544515132904,0.9475445075611614,7.571742677292548e-09,0.0
0.6656562685966492,0.001999974250793457,1.0,149972.703125,4.2894982010821536e-10,4.2894982010821536e-10,3.572942072413432e-12,0.0008349884883500636,0.000832332530990243,7.475980945415017e-11,2.749962732195854e-06,2.741231583058834e-06,0.0,0.9968249936499873,0.0008349881944581315,0.0008349881925586577,7.569964480811852e-11,0.9488242864608765,0.9488242917872955,-5.326419083573342e-09,0.0
0.6676563024520874,0.0020000338554382324,1.0,146222.203125,4.0660541600345823e-10,4.0660541600345823e-10,3.6343430435265e-12,0.0008377385092899203,0.0008350737625733018,7.475980945415017e-11,2.7500209398567677e-06,2.741231583058834e-06,0.0,0.9968038945920203,0.0008377382153979883,0.0008377382134985144,7.569964480811852e-11,0.9501040577888489,0.9501040760134298,-1.8224580955461533e-08,0.0
0.6696562767028809,0.001999974250793457,1.0,142471.703125,3.4523933711838595e-10,3.4523933711838595e-10,3.72070646861844e-12,0.0008404885302297771,0.0008378150523640215,7.475980945415017e-11,2.7500209398567677e-06,2.7412897907197475e-06,0.0,0.9968250608530003,0.000840488236337845,0.0008404882344383712,7.569964480811852e-11,0.9513838887214661,0.9513838874146655,1.3068005566552188e-09,0.0
0.6716563105583191,0.0020000338554382324,1.0,138721.21875,2.8655502970487134e-10,3.0308702769765716e-10,3.7547655956648995e-12,0.000843238492961973,0.0008405562839470804,7.475980945415017e-11,2.749962732195854e-06,2.741231583058834e-06,0.0,0.9968249936499873,0.0008432381990700409,0.000843238197170567,7.569964480811852e-11,0.9526636600494385,0.9526636716407997,-1.159136120421067e-08,0.0
0.6736562848091125,0.001999974250793457,1.0,134970.71875,2.251907965655775e-10,2.4127586040201265e-10,3.866726817208788e-12,0.0008459885139018297,0.0008432975737378001,7.475980945415017e-11,2.7500209398567677e-06,2.7412897907197475e-06,0.0,0.9968250608530003,0.0008459882200098977,0.0008459882181104238,7.569964480811852e-11,0.9539434909820557,0.9539434830420354,7.940020307906082e-09,0.0
0.6756563186645508,0.0020000338554382324,1.0,131220.21875,1.563809359783619e-10,1.7723172929251518e-10,4.029235712438295e-12,0.0008487384766340256,0.000846038805320859,7.475980945415017e-11,2.749962732195854e-06,2.741231583058834e-06,0.0,0.9968249936499873,0.0008487381827420935,0.0008487381808426197,7.569964480811852e-11,0.9552232623100281,0.9552232672681695,-4.958141452959808e-09,0.0
0.6776562929153442,0.001999974250793457,1.0,127469.7265625,1.0127420430050549e-10,1.215290507117217e-10,4.031998693254657e-12,0.0008514884975738823,0.0008487800369039178,7.475980945415017e-11,2.7500209398567677e-06,2.741231583058834e-06,0.0,0.9968038945920203,0.0008514882036819503,0.0008514882017824764,7.569964480811852e-11,0.9565030336380005,0.9565030514943038,-1.7856303324848e-08,0.0
0.6796562671661377,0.001999974250793457,1.0,123719.234375,9.829445417330884e-12,3.44030602617007e-11,4.023856334939291e-12,0.0008542385185137391,0.0008515213266946375,7.475980945415017e-11,2.7500209398567677e-06,2.7412897907197475e-06,0.0,0.9968250608530003,0.000854238224621807,0.0008542382227223332,7.569964480811852e-11,0.9577828645706177,0.9577828628955395,1.6750781872687526e-09,0.0
0.6816563010215759,0.0020000338554382324,0.9999999999999996,119968.7421875,-3.812588092455549e-11,-1.9062940462277744e-11,4.0371200306366095e-12,0.000856988481245935,0.0008542625582776964,7.475980945415017e-11,2.749962732195854e-06,2.741231583058834e-06,0.0,0.9968249936499873,0.0008569881873540029,0.0008569881854545291,7.569964480843309e-11,0.9590626358985901,0.9590626471216737,-1.1223083573597137e-08,0.0
0.6836562752723694,0.001999974250793457,0.9999999999999992,116218.2421875,-4.6167472622649086e-11,-4.6167472622649086e-11,4.021976328372201e-12,0.0008597385021857917,0.0008570037898607552,7.475980945415017e-11,2.7500209398567677e-06,2.741231583058834e-06,0.0,0.9968038945920203,0.0008597382082938597,0.0008597382063943858,7.569964480898358e-11,0.9603424668312073,0.960342431347808,3.5483399329905296e-08,0.0
0.6856563091278076,0.0020000338554382324,0.9999999999999978,112467.75,-1.295650253752001e-10,-1.1169398739241387e-10,3.995939863721265e-12,0.0008624885231256485,0.000859745079651475,7.475980945415017e-11,2.7500209398567677e-06,2.7412897907197475e-06,0.0,0.9968250608530003,0.0008624882292337164,0.0008624882273342426,7.569964481055638e-11,0.9616222381591797,0.9616222427490435,-4.589863822346274e-09,0.0
0.6876562833786011,0.001999974250793457,0.9999999999999976,108717.25,-1.338819333174257e-10,-1.338819333174257e-10,4.017175047471566e-12,0.0008652384858578444,0.0008624863112345338,7.475980945415017e-11,2.749962732195854e-06,2.741231583058834e-06,0.0,0.9968249936499873,0.0008652381919659123,0.0008652381900664384,7.569964481228651e-11,0.9629020094871521,0.9629020269751778,-1.7488025694234466e-08,0.0
0.6896563172340393,0.0020000338554382324,0.9999999999999967,104966.7578125,-1.7513093752974385e-10,-1.7513093752974385e-10,3.9251466660283896e-12,0.0008679885067977011,0.0008652276010252535,7.475980945415017e-11,2.7500209398567677e-06,2.7412897907197475e-06,0.0,0.9968250608530003,0.0008679882129057691,0.0008679882110062952,7.569964481464572e-11,0.9641818404197693,0.9641818383764134,2.043355928904589e-09,0.0
0.6916562914848328,0.001999974250793457,0.999999999999996,101216.265625,-1.9299822850982196e-10,-2.1310221642867333e-10,3.828236339042945e-12,0.0008707385277375579,0.0008679688326083124,7.475980945415017e-11,2.7500209398567677e-06,2.741231583058834e-06,0.0,0.9968038945920203,0.0008707382338456258,0.000870738231946152,7.569964481747684e-11,0.9654616117477417,0.9654616226025476,-1.0854805942983603e-08,0.0
0.6936562657356262,0.001999974250793457,0.999999999999996,97465.765625,-1.8971862969507924e-10,-2.0907767184219495e-10,3.649120068616174e-12,0.0008734884904697537,0.0008707100641913712,7.475980945415017e-11,2.749962732195854e-06,2.741231583058834e-06,0.0,0.9968249936499873,0.0008734881965778217,0.0008734881946783478,7.569964482030789e-11,0.9667414426803589,0.9667414068286819,3.585167696051883e-08,0.0
0.6956562995910645,0.0020000338554382324,0.9999999999999954,93715.2734375,-2.1964643992511412e-10,-2.010323435497341e-10,3.486540266564586e-12,0.0008762385114096105,0.000873451353982091,7.475980945415017e-11,2.7500209398567677e-06,2.7412897907197475e-06,0.0,0.9968250608530003,0.0008762382175176785,0.0008762382156182046,7.569964482353213e-11,0.9680212140083313,0.9680212182299175,-4.22158619173274e-09,0.0
0.6976562738418579,0.001999974250793457,0.999999999999995,89964.7734375,-2.3229916601419376e-10,-2.144300015327616e-10,3.2668217089804052e-12,0.0008789884741418064,0.0008761925855651498,7.475980945415017e-11,2.749962732195854e-06,2.741231583058834e-06,0.0,0.9968249936499873,0.0008789881802498743,0.0008789881783504005,7.569964482707102e-11,0.9693009853363037,0.9693010024560518,-1.7119748063620932e-08,0.0
0.6996563076972961,0.0020000338554382324,0.9999999999999952,86214.28125,-2.1234043690032678e-10,-1.9521620431284248e-10,3.079316749504679e-12,0.0008817384950816631,0.0008789338171482086,7.475980945415017e-11,2.7500209398567677e-06,2.741231583058834e-06,0.0,0.9968038945920203,0.0008817382011897311,0.0008817381992902572,7.569964483045256e-11,0.9705808162689209,0.970580786682186,2.9586734950903804e-08,0.0
0.7016562819480896,0.001999974250793457,0.9999999999999954,82463.7890625,-1.8999976592048995e-10,-1.8999976592048995e-10,2.8979774309434436e-12,0.0008844885160215199,0.0008816751069389284,7.475980945415017e-11,2.7500209398567677e-06,2.7412897907197475e-06,0.0,0.9968250608530003,0.0008844882221295878,0.000884488220230114,7.569964483367688e-11,0.9718605875968933,0.9718605980834216,-1.048652831237007e-08,0.0
0.7036563158035278,0.0020000338554382324,0.9999999999999956,78713.2890625,-1.782316100262804e-10,-1.782316100262804e-10,2.7120773075234306e-12,0.0008872384787537158,0.0008844163385219872,7.475980945415017e-11,2.749962732195854e-06,2.741231583058834e-06,0.0,0.9968249936499873,0.0008872381848617837,0.0008872381829623098,7.56996448368225e-11,0.9731404185295105,0.9731403823095558,3.6219954702154666e-08,0.0
0.7056562900543213,0.001999974250793457,0.9999999999999966,74962.796875,-1.3400471010616144e-10,-1.3400471010616144e-10,2.5828208929240537e-12,0.0008899884996935725,0.000887157628312707,7.475980945415017e-11,2.7500209398567677e-06,2.7412897907197475e-06,0.0,0.9968250608530003,0.0008899882058016405,0.0008899882039021666,7.569964483926039e-11,0.9744201898574829,0.9744201937107915,-3.853308561119206e-09,0.0
0.7076562643051147,0.001999974250793457,0.9999999999999971,71212.296875,-9.618242313713665e-11,-1.0749800355425165e-10,2.4346822301291038e-12,0.0008927385206334293,0.0008898988598957658,7.475980945415017e-11,2.7500209398567677e-06,2.741231583058834e-06,0.0,0.9968038945920203,0.0008927382267414972,0.0008927382248420234,7.569964484130504e-11,0.9756999611854553,0.9756999779369258,-1.6751470433007398e-08,0.0
0.709656298160553,0.0020000338554382324,0.9999999999999977,67461.8046875,-8.307712157096248e-11,-8.307712157096248e-11,2.414400276928852e-12,0.0008954884833656251,0.0008926400914788246,7.475980945415017e-11,2.749962732195854e-06,2.741231583058834e-06,0.0,0.9968249936499873,0.0008954881894736931,0.0008954881875742192,7.569964484295648e-11,0.9769797921180725,0.9769797621630599,2.995501258151734e-08,0.0
0.7116562724113464,0.001999974250793457,0.999999999999999,63711.30859375,-2.784011389478369e-11,-4.0494711750493906e-11,2.5475554825404867e-12,0.0008982385043054819,0.0008953813812695444,7.475980945415017e-11,2.7500209398567677e-06,2.7412897907197475e-06,0.0,0.9968250608530003,0.0008982382104135499,0.000898238208514076,7.569964484366426e-11,0.9782595634460449,0.9782595735642956,-1.0118250681756535e-08,0.0
0.7136563062667847,0.0020000338554382324,0.9999999999999999,59960.81640625,9.527726697877714e-12,0.0,2.7597800347084478e-12,0.0009009885252453387,0.0008981226128526032,7.475980945415017e-11,2.7500209398567677e-06,2.741231583058834e-06,0.0,0.9968038945920203,0.0009009882313534066,0.0009009882294539328,7.56996448437429e-11,0.9795393347740173,0.9795393577904298,-2.3016412442622425e-08,0.0
0.7156562805175781,0.001999974250793457,1.0,56210.3203125,2.2329440380053356e-11,1.1164720190026678e-11,3.0267383651499946e-12,0.0009037384879775345,0.0009008639026433229,7.475980945415017e-11,2.749962732195854e-06,2.7412897907197475e-06,0.0,0.9968461603589874,0.0009037381940856025,0.0009037381921861286,7.56996448437429e-11,0.9808191657066345,0.9808191691916655,-3.4850309305056726e-09,0.0
0.7176563143730164,0.0020000338554382324,0.9999999999999998,52459.82421875,0.0,-1.667165190621933e-11,3.2973435180189137e-12,0.0009064885089173913,0.0009036051342263818,7.475980945415017e-11,2.7500209398567677e-06,2.741231583058834e-06,0.0,0.9968038945920203,0.0009064882150254592,0.0009064882131259854,7.569964484390018e-11,0.9820989370346069,0.9820989534177997,-1.6383192802393864e-08,0.0
0.7196562886238098,0.001999974250793457,1.0,48709.328125,3.289446839915833e-11,2.5154593685794424e-11,3.556227361201092e-12,0.0009092385298572481,0.0009063463658094406,7.475980945415017e-11,2.7500209398567677e-06,2.741231583058834e-06,0.0,0.9968038945920203,0.000909238235965316,0.0009092382340658422,7.569964484390018e-11,0.9833787679672241,0.9833787376439339,3.032329021213087e-08,0.0
0.7216562628746033,0.001999974250793457,1.0,44958.83203125,1.7859809117726222e-11,1.071588564410808e-11,3.77081829303072e-12,0.0009119884925894439,0.0009090876556001604,7.475980945415017e-11,2.749962732195854e-06,2.7412897907197475e-06,0.0,0.9968461603589874,0.0009119881986975119,0.000911988196798038,7.569964484390018e-11,0.9846585392951965,0.9846585490451696,-9.749973051143002e-09,0.0
0.7236562967300415,0.0020000338554382324,1.0,41208.33984375,2.291790542063854e-11,8.18496659338308e-12,3.97037741226014e-12,0.0009147385135293007,0.0009118288871832192,7.475980945415017e-11,2.7500209398567677e-06,2.741231583058834e-06,0.0,0.9968038945920203,0.0009147382196373686,0.0009147382177378948,7.569964484390018e-11,0.985938310623169,0.9859383332713038,-2.264813481200889e-08,0.0
0.725656270980835,0.001999974250793457,1.0,37457.84375,2.678410097878281e-11,2.678410097878281e-11,4.099897071146996e-12,0.0009174884762614965,0.000914570118766278,7.475980945415017e-11,2.749962732195854e-06,2.741231583058834e-06,0.0,0.9968249936499873,0.0009174881823695645,0.0009174881804700906,7.569964484390018e-11,0.9872181415557861,0.987218117497438,2.4058348091493542e-08,0.0
0.7276563048362732,0.0020000338554382324,1.0,33707.34765625,4.017053616828248e-12,4.017053616828248e-12,4.160510477801971e-12,0.0009202384972013533,0.0009173114085569978,7.475980945415017e-11,2.7500209398567677e-06,2.7412897907197475e-06,0.0,0.9968250608530003,0.0009202382033094213,0.0009202382014099474,7.569964484390018e-11,0.9884979128837585,0.9884979288986736,-1.6014915060758028e-08,0.0
0.7278565168380737,0.0002002120018005371,1.0,33331.83203125,5.693632232350865e-10,5.693632232350865e-10,4.205500964832298e-12,0.000920513819437474,0.0009175858576782048,7.475980945415017e-11,2.7532223612070084e-07,2.744491212069988e-07,0.0,0.9968287526427061,0.000920513525545542,0.0009205135236460681,7.569964484390018e-11,0.9886260628700256,0.988626059501855,3.368170631290468e-09,0.0
