1
0
1
ASSEMBLY
68
CSEG_01-1
CSEG_01
CSEG_02-1
CSEG_02
CSEG_03-1
CSEG_03
CSEG_04-1
CSEG_04
CSEG_05-1
CSEG_05
CSEG_06-1
CSEG_06
CSEG_07-1
CSEG_07
CSEG_08-1
CSEG_08
CSEG_09-1
CSEG_09
CSEG_10-1
CSEG_10
CSEG_11-1
CSEG_11
CSEG_12-1
CSEG_12
CSEG_13-1
CSEG_13
CSEG_14-1
CSEG_14
CSEG_15-1
CSEG_15
CSEG_16-1
CSEG_16
CSEG_17-1
CSEG_17
CSEG_18-1
CSEG_18
CSEG_19-1
CSEG_19
CSEG_20-1
CSEG_20
CSEG_21-1
CSEG_21
CSEG_22-1
CSEG_22
CSEG_23-1
CSEG_23
CSEG_24-1
CSEG_24
CSEG_25-1
CSEG_25
CSEG_26-1
CSEG_26
CSEG_27-1
CSEG_27
CSEG_28-1
CSEG_28
CSEG_29-1
CSEG_29
CSEG_30-1
CSEG_30
CSEG_31-1
CSEG_31
HOOP_TIE_CAGE_T046-1
HOOP_TIE_CAGE_T046
PT_36X15P2-1
PT_36X15P2
RBLONG_01-1
RBLONG_01
RBLONG_02-1
RBLONG_02
RBLONG_03-1
RBLONG_03
RBLONG_04-1
RBLONG_04
RBLONG_05-1
RBLONG_05
RBLONG_06-1
RBLONG_06
RBLONG_07-1
RBLONG_07
RBLONG_08-1
RBLONG_08
RBLONG_09-1
RBLONG_09
RBLONG_10-1
RBLONG_10
RBLONG_11-1
RBLONG_11
RBLONG_12-1
RBLONG_12
RBLONG_13-1
RBLONG_13
RBLONG_14-1
RBLONG_14
RBLONG_15-1
RBLONG_15
RBLONG_16-1
RBLONG_16
RBLONG_17-1
RBLONG_17
RBLONG_18-1
RBLONG_18
RBLONG_19-1
RBLONG_19
RBLONG_20-1
RBLONG_20
RBLONG_21-1
RBLONG_21
RBLONG_22-1
RBLONG_22
RBLONG_23-1
RBLONG_23
RBLONG_24-1
RBLONG_24
RBLONG_25-1
RBLONG_25
RBLONG_26-1
RBLONG_26
RBLONG_27-1
RBLONG_27
RBLONG_28-1
RBLONG_28
RBLONG_29-1
RBLONG_29
RBLONG_30-1
RBLONG_30
RBLONG_31-1
RBLONG_31
SSEG_01-1
SSEG_01
SSEG_02-1
SSEG_02
SSEG_03-1
SSEG_03
SSEG_04-1
SSEG_04
68
CSEG_01-1
14
-2147483646
0
48 1 16 5 0 1 0 -1 -1 864 1 -1879048189 65 864 
14
48 1 16 5 0 1 0 -1 -1 864 1 -1879048189 1 864 
CSEG_02-1
14
-2147483646
0
48 1 16 5 0 1 0 -1 -1 864 1 -1879048189 929 864 
14
48 1 16 5 0 1 0 -1 -1 864 1 -1879048189 1 864 
CSEG_03-1
14
-2147483646
0
48 1 16 5 0 1 0 -1 -1 864 1 -1879048189 1793 864 
14
48 1 16 5 0 1 0 -1 -1 864 1 -1879048189 1 864 
CSEG_04-1
14
-2147483646
0
48 1 16 5 0 1 0 -1 -1 864 1 -1879048189 2657 864 
14
48 1 16 5 0 1 0 -1 -1 864 1 -1879048189 1 864 
CSEG_05-1
14
-2147483646
0
48 1 16 5 0 1 0 -1 -1 864 1 -1879048189 3521 864 
14
48 1 16 5 0 1 0 -1 -1 864 1 -1879048189 1 864 
CSEG_06-1
14
-2147483646
0
48 1 16 5 0 1 0 -1 -1 864 1 -1879048189 4385 864 
14
48 1 16 5 0 1 0 -1 -1 864 1 -1879048189 1 864 
CSEG_07-1
14
-2147483646
0
48 1 16 5 0 1 0 -1 -1 864 1 -1879048189 5249 864 
14
48 1 16 5 0 1 0 -1 -1 864 1 -1879048189 1 864 
CSEG_08-1
14
-2147483646
0
48 1 16 5 0 1 0 -1 -1 864 1 -1879048189 6113 864 
14
48 1 16 5 0 1 0 -1 -1 864 1 -1879048189 1 864 
CSEG_09-1
14
-2147483646
0
48 1 16 5 0 1 0 -1 -1 864 1 -1879048189 6977 864 
14
48 1 16 5 0 1 0 -1 -1 864 1 -1879048189 1 864 
CSEG_10-1
14
-2147483646
0
48 1 16 5 0 1 0 -1 -1 864 1 -1879048189 7841 864 
14
48 1 16 5 0 1 0 -1 -1 864 1 -1879048189 1 864 
CSEG_11-1
14
-2147483646
0
48 1 16 5 0 1 0 -1 -1 864 1 -1879048189 8705 864 
14
48 1 16 5 0 1 0 -1 -1 864 1 -1879048189 1 864 
CSEG_12-1
14
-2147483646
0
48 1 16 5 0 1 0 -1 -1 864 1 -1879048189 9569 864 
14
48 1 16 5 0 1 0 -1 -1 864 1 -1879048189 1 864 
CSEG_13-1
14
-2147483646
0
48 1 16 5 0 1 0 -1 -1 864 1 -1879048189 10433 864 
14
48 1 16 5 0 1 0 -1 -1 864 1 -1879048189 1 864 
CSEG_14-1
14
-2147483646
0
48 1 16 5 0 1 0 -1 -1 864 1 -1879048189 11297 864 
14
48 1 16 5 0 1 0 -1 -1 864 1 -1879048189 1 864 
CSEG_15-1
14
-2147483646
0
48 1 16 5 0 1 0 -1 -1 864 1 -1879048189 12161 864 
14
48 1 16 5 0 1 0 -1 -1 864 1 -1879048189 1 864 
CSEG_16-1
14
-2147483646
0
48 1 16 5 0 1 0 -1 -1 864 1 -1879048189 13025 864 
14
48 1 16 5 0 1 0 -1 -1 864 1 -1879048189 1 864 
CSEG_17-1
14
-2147483646
0
48 1 16 5 0 1 0 -1 -1 864 1 -1879048189 13889 864 
14
48 1 16 5 0 1 0 -1 -1 864 1 -1879048189 1 864 
CSEG_18-1
14
-2147483646
0
48 1 16 5 0 1 0 -1 -1 864 1 -1879048189 14753 864 
14
48 1 16 5 0 1 0 -1 -1 864 1 -1879048189 1 864 
CSEG_19-1
14
-2147483646
0
48 1 16 5 0 1 0 -1 -1 864 1 -1879048189 15617 864 
14
48 1 16 5 0 1 0 -1 -1 864 1 -1879048189 1 864 
CSEG_20-1
14
-2147483646
0
48 1 16 5 0 1 0 -1 -1 864 1 -1879048189 16481 864 
14
48 1 16 5 0 1 0 -1 -1 864 1 -1879048189 1 864 
CSEG_21-1
14
-2147483646
0
48 1 16 5 0 1 0 -1 -1 864 1 -1879048189 17345 864 
14
48 1 16 5 0 1 0 -1 -1 864 1 -1879048189 1 864 
CSEG_22-1
14
-2147483646
0
48 1 16 5 0 1 0 -1 -1 864 1 -1879048189 18209 864 
14
48 1 16 5 0 1 0 -1 -1 864 1 -1879048189 1 864 
CSEG_23-1
14
-2147483646
0
48 1 16 5 0 1 0 -1 -1 864 1 -1879048189 19073 864 
14
48 1 16 5 0 1 0 -1 -1 864 1 -1879048189 1 864 
CSEG_24-1
14
-2147483646
0
48 1 16 5 0 1 0 -1 -1 864 1 -1879048189 19937 864 
14
48 1 16 5 0 1 0 -1 -1 864 1 -1879048189 1 864 
CSEG_25-1
14
-2147483646
0
48 1 16 5 0 1 0 -1 -1 864 1 -1879048189 20801 864 
14
48 1 16 5 0 1 0 -1 -1 864 1 -1879048189 1 864 
CSEG_26-1
14
-2147483646
0
48 1 16 5 0 1 0 -1 -1 864 1 -1879048189 21665 864 
14
48 1 16 5 0 1 0 -1 -1 864 1 -1879048189 1 864 
CSEG_27-1
14
-2147483646
0
48 1 16 5 0 1 0 -1 -1 864 1 -1879048189 22529 864 
14
48 1 16 5 0 1 0 -1 -1 864 1 -1879048189 1 864 
CSEG_28-1
14
-2147483646
0
48 1 16 5 0 1 0 -1 -1 864 1 -1879048189 23393 864 
14
48 1 16 5 0 1 0 -1 -1 864 1 -1879048189 1 864 
CSEG_29-1
14
-2147483646
0
48 1 16 5 0 1 0 -1 -1 864 1 -1879048189 24257 864 
14
48 1 16 5 0 1 0 -1 -1 864 1 -1879048189 1 864 
CSEG_30-1
14
-2147483646
0
48 1 16 5 0 1 0 -1 -1 864 1 -1879048189 25121 864 
14
48 1 16 5 0 1 0 -1 -1 864 1 -1879048189 1 864 
CSEG_31-1
14
-2147483646
0
48 1 16 5 0 1 0 -1 -1 864 1 -1879048189 25985 864 
14
48 1 16 5 0 1 0 -1 -1 864 1 -1879048189 1 864 
HOOP_TIE_CAGE_T046-1
14
-2147483646
0
48 1 16 5 0 1 0 -1 -1 201456 1 -1879048189 26849 201456 
14
48 1 16 5 0 1 0 -1 -1 201456 1 -1879048189 1 201456 
PT_36X15P2-1
72
228305 1
228306 2
228307 3
228308 4
228309 5
228310 6
228311 7
228312 8
228313 9
228314 10
228315 11
228316 12
228317 13
228318 14
228319 15
228320 16
228321 17
228322 18
228323 19
228324 20
228325 21
228326 22
228327 23
228328 24
228329 25
228330 26
228331 27
228332 28
228333 29
228334 30
228335 31
228336 32
228337 33
228338 34
228339 35
228340 36
228341 37
228342 38
228343 39
228344 40
228345 41
228346 42
228347 43
228348 44
228349 45
228350 46
228351 47
228352 48
228353 49
228354 50
228355 51
228356 52
228357 53
228358 54
228359 55
228360 56
228361 57
228362 58
228363 59
228364 60
228365 61
228366 62
228367 63
228368 64
228369 65
228370 66
228371 67
228372 68
228373 69
228374 70
228375 71
228376 72
-2147483647
RBLONG_01-1
14
-2147483646
0
48 1 16 5 0 1 0 -1 -1 432 1 -1879048189 228377 432 
14
48 1 16 5 0 1 0 -1 -1 432 1 -1879048189 1 432 
RBLONG_02-1
14
-2147483646
0
48 1 16 5 0 1 0 -1 -1 432 1 -1879048189 228809 432 
14
48 1 16 5 0 1 0 -1 -1 432 1 -1879048189 1 432 
RBLONG_03-1
14
-2147483646
0
48 1 16 5 0 1 0 -1 -1 432 1 -1879048189 229241 432 
14
48 1 16 5 0 1 0 -1 -1 432 1 -1879048189 1 432 
RBLONG_04-1
14
-2147483646
0
48 1 16 5 0 1 0 -1 -1 432 1 -1879048189 229673 432 
14
48 1 16 5 0 1 0 -1 -1 432 1 -1879048189 1 432 
RBLONG_05-1
14
-2147483646
0
48 1 16 5 0 1 0 -1 -1 384 1 -1879048189 230105 384 
14
48 1 16 5 0 1 0 -1 -1 384 1 -1879048189 1 384 
RBLONG_06-1
14
-2147483646
0
48 1 16 5 0 1 0 -1 -1 384 1 -1879048189 230489 384 
14
48 1 16 5 0 1 0 -1 -1 384 1 -1879048189 1 384 
RBLONG_07-1
14
-2147483646
0
48 1 16 5 0 1 0 -1 -1 384 1 -1879048189 230873 384 
14
48 1 16 5 0 1 0 -1 -1 384 1 -1879048189 1 384 
RBLONG_08-1
14
-2147483646
0
48 1 16 5 0 1 0 -1 -1 384 1 -1879048189 231257 384 
14
48 1 16 5 0 1 0 -1 -1 384 1 -1879048189 1 384 
RBLONG_09-1
14
-2147483646
0
48 1 16 5 0 1 0 -1 -1 384 1 -1879048189 231641 384 
14
48 1 16 5 0 1 0 -1 -1 384 1 -1879048189 1 384 
RBLONG_10-1
14
-2147483646
0
48 1 16 5 0 1 0 -1 -1 384 1 -1879048189 232025 384 
14
48 1 16 5 0 1 0 -1 -1 384 1 -1879048189 1 384 
RBLONG_11-1
14
-2147483646
0
48 1 16 5 0 1 0 -1 -1 384 1 -1879048189 232409 384 
14
48 1 16 5 0 1 0 -1 -1 384 1 -1879048189 1 384 
RBLONG_12-1
14
-2147483646
0
48 1 16 5 0 1 0 -1 -1 360 1 -1879048189 232793 360 
14
48 1 16 5 0 1 0 -1 -1 360 1 -1879048189 1 360 
RBLONG_13-1
14
-2147483646
0
48 1 16 5 0 1 0 -1 -1 360 1 -1879048189 233153 360 
14
48 1 16 5 0 1 0 -1 -1 360 1 -1879048189 1 360 
RBLONG_14-1
14
-2147483646
0
48 1 16 5 0 1 0 -1 -1 360 1 -1879048189 233513 360 
14
48 1 16 5 0 1 0 -1 -1 360 1 -1879048189 1 360 
RBLONG_15-1
14
-2147483646
0
48 1 16 5 0 1 0 -1 -1 360 1 -1879048189 233873 360 
14
48 1 16 5 0 1 0 -1 -1 360 1 -1879048189 1 360 
RBLONG_16-1
14
-2147483646
0
48 1 16 5 0 1 0 -1 -1 336 1 -1879048189 234233 336 
14
48 1 16 5 0 1 0 -1 -1 336 1 -1879048189 1 336 
RBLONG_17-1
14
-2147483646
0
48 1 16 5 0 1 0 -1 -1 336 1 -1879048189 234569 336 
14
48 1 16 5 0 1 0 -1 -1 336 1 -1879048189 1 336 
RBLONG_18-1
14
-2147483646
0
48 1 16 5 0 1 0 -1 -1 336 1 -1879048189 234905 336 
14
48 1 16 5 0 1 0 -1 -1 336 1 -1879048189 1 336 
RBLONG_19-1
14
-2147483646
0
48 1 16 5 0 1 0 -1 -1 336 1 -1879048189 235241 336 
14
48 1 16 5 0 1 0 -1 -1 336 1 -1879048189 1 336 
RBLONG_20-1
14
-2147483646
0
48 1 16 5 0 1 0 -1 -1 336 1 -1879048189 235577 336 
14
48 1 16 5 0 1 0 -1 -1 336 1 -1879048189 1 336 
RBLONG_21-1
14
-2147483646
0
48 1 16 5 0 1 0 -1 -1 304 1 -1879048189 235913 304 
14
48 1 16 5 0 1 0 -1 -1 304 1 -1879048189 1 304 
RBLONG_22-1
14
-2147483646
0
48 1 16 5 0 1 0 -1 -1 304 1 -1879048189 236217 304 
14
48 1 16 5 0 1 0 -1 -1 304 1 -1879048189 1 304 
RBLONG_23-1
14
-2147483646
0
48 1 16 5 0 1 0 -1 -1 304 1 -1879048189 236521 304 
14
48 1 16 5 0 1 0 -1 -1 304 1 -1879048189 1 304 
RBLONG_24-1
14
-2147483646
0
48 1 16 5 0 1 0 -1 -1 304 1 -1879048189 236825 304 
14
48 1 16 5 0 1 0 -1 -1 304 1 -1879048189 1 304 
RBLONG_25-1
14
-2147483646
0
48 1 16 5 0 1 0 -1 -1 304 1 -1879048189 237129 304 
14
48 1 16 5 0 1 0 -1 -1 304 1 -1879048189 1 304 
RBLONG_26-1
14
-2147483646
0
48 1 16 5 0 1 0 -1 -1 304 1 -1879048189 237433 304 
14
48 1 16 5 0 1 0 -1 -1 304 1 -1879048189 1 304 
RBLONG_27-1
14
-2147483646
0
48 1 16 5 0 1 0 -1 -1 304 1 -1879048189 237737 304 
14
48 1 16 5 0 1 0 -1 -1 304 1 -1879048189 1 304 
RBLONG_28-1
14
-2147483646
0
48 1 16 5 0 1 0 -1 -1 304 1 -1879048189 238041 304 
14
48 1 16 5 0 1 0 -1 -1 304 1 -1879048189 1 304 
RBLONG_29-1
14
-2147483646
0
48 1 16 5 0 1 0 -1 -1 304 1 -1879048189 238345 304 
14
48 1 16 5 0 1 0 -1 -1 304 1 -1879048189 1 304 
RBLONG_30-1
14
-2147483646
0
48 1 16 5 0 1 0 -1 -1 304 1 -1879048189 238649 304 
14
48 1 16 5 0 1 0 -1 -1 304 1 -1879048189 1 304 
RBLONG_31-1
14
-2147483646
0
48 1 16 5 0 1 0 -1 -1 304 1 -1879048189 238953 304 
14
48 1 16 5 0 1 0 -1 -1 304 1 -1879048189 1 304 
SSEG_01-1
14
-2147483646
0
48 1 16 5 0 1 0 -1 -1 756 1 -1879048189 239257 756 
14
48 1 16 5 0 1 0 -1 -1 756 1 -1879048189 1 756 
SSEG_02-1
14
-2147483646
0
48 1 16 5 0 1 0 -1 -1 756 1 -1879048189 240013 756 
14
48 1 16 5 0 1 0 -1 -1 756 1 -1879048189 1 756 
SSEG_03-1
14
-2147483646
0
48 1 16 5 0 1 0 -1 -1 756 1 -1879048189 240769 756 
14
48 1 16 5 0 1 0 -1 -1 756 1 -1879048189 1 756 
SSEG_04-1
14
-2147483646
0
48 1 16 5 0 1 0 -1 -1 756 1 -1879048189 241525 756 
14
48 1 16 5 0 1 0 -1 -1 756 1 -1879048189 1 756 
64
1 1
2 2
3 3
4 4
5 5
6 6
7 7
8 8
9 9
10 10
11 11
12 12
13 13
14 14
15 15
16 16
17 17
18 18
19 19
20 20
21 21
22 22
23 23
24 24
25 25
26 26
27 27
28 28
29 29
30 30
31 31
32 32
33 33
34 34
35 35
36 36
37 37
38 38
39 39
40 40
41 41
42 42
43 43
44 44
45 45
46 46
47 47
48 48
49 49
50 50
51 51
52 52
53 53
54 54
55 55
56 56
57 57
58 58
59 59
60 60
61 61
62 62
63 1000
64 1001
-2147483647
68
CSEG_01-1
14
-2147483646
0
48 1 16 5 0 1 0 -1 -1 432 1 -1879048189 183 432 
14
48 1 16 5 0 1 0 -1 -1 432 1 -1879048189 1 432 
CSEG_02-1
14
-2147483646
0
48 1 16 5 0 1 0 -1 -1 432 1 -1879048189 615 432 
14
48 1 16 5 0 1 0 -1 -1 432 1 -1879048189 1 432 
CSEG_03-1
14
-2147483646
0
48 1 16 5 0 1 0 -1 -1 432 1 -1879048189 1047 432 
14
48 1 16 5 0 1 0 -1 -1 432 1 -1879048189 1 432 
CSEG_04-1
14
-2147483646
0
48 1 16 5 0 1 0 -1 -1 432 1 -1879048189 1479 432 
14
48 1 16 5 0 1 0 -1 -1 432 1 -1879048189 1 432 
CSEG_05-1
14
-2147483646
0
48 1 16 5 0 1 0 -1 -1 432 1 -1879048189 1911 432 
14
48 1 16 5 0 1 0 -1 -1 432 1 -1879048189 1 432 
CSEG_06-1
14
-2147483646
0
48 1 16 5 0 1 0 -1 -1 432 1 -1879048189 2343 432 
14
48 1 16 5 0 1 0 -1 -1 432 1 -1879048189 1 432 
CSEG_07-1
14
-2147483646
0
48 1 16 5 0 1 0 -1 -1 432 1 -1879048189 2775 432 
14
48 1 16 5 0 1 0 -1 -1 432 1 -1879048189 1 432 
CSEG_08-1
14
-2147483646
0
48 1 16 5 0 1 0 -1 -1 432 1 -1879048189 3207 432 
14
48 1 16 5 0 1 0 -1 -1 432 1 -1879048189 1 432 
CSEG_09-1
14
-2147483646
0
48 1 16 5 0 1 0 -1 -1 432 1 -1879048189 3639 432 
14
48 1 16 5 0 1 0 -1 -1 432 1 -1879048189 1 432 
CSEG_10-1
14
-2147483646
0
48 1 16 5 0 1 0 -1 -1 432 1 -1879048189 4071 432 
14
48 1 16 5 0 1 0 -1 -1 432 1 -1879048189 1 432 
CSEG_11-1
14
-2147483646
0
48 1 16 5 0 1 0 -1 -1 432 1 -1879048189 4503 432 
14
48 1 16 5 0 1 0 -1 -1 432 1 -1879048189 1 432 
CSEG_12-1
14
-2147483646
0
48 1 16 5 0 1 0 -1 -1 432 1 -1879048189 4935 432 
14
48 1 16 5 0 1 0 -1 -1 432 1 -1879048189 1 432 
CSEG_13-1
14
-2147483646
0
48 1 16 5 0 1 0 -1 -1 432 1 -1879048189 5367 432 
14
48 1 16 5 0 1 0 -1 -1 432 1 -1879048189 1 432 
CSEG_14-1
14
-2147483646
0
48 1 16 5 0 1 0 -1 -1 432 1 -1879048189 5799 432 
14
48 1 16 5 0 1 0 -1 -1 432 1 -1879048189 1 432 
CSEG_15-1
14
-2147483646
0
48 1 16 5 0 1 0 -1 -1 432 1 -1879048189 6231 432 
14
48 1 16 5 0 1 0 -1 -1 432 1 -1879048189 1 432 
CSEG_16-1
14
-2147483646
0
48 1 16 5 0 1 0 -1 -1 432 1 -1879048189 6663 432 
14
48 1 16 5 0 1 0 -1 -1 432 1 -1879048189 1 432 
CSEG_17-1
14
-2147483646
0
48 1 16 5 0 1 0 -1 -1 432 1 -1879048189 7095 432 
14
48 1 16 5 0 1 0 -1 -1 432 1 -1879048189 1 432 
CSEG_18-1
14
-2147483646
0
48 1 16 5 0 1 0 -1 -1 432 1 -1879048189 7527 432 
14
48 1 16 5 0 1 0 -1 -1 432 1 -1879048189 1 432 
CSEG_19-1
14
-2147483646
0
48 1 16 5 0 1 0 -1 -1 432 1 -1879048189 7959 432 
14
48 1 16 5 0 1 0 -1 -1 432 1 -1879048189 1 432 
CSEG_20-1
14
-2147483646
0
48 1 16 5 0 1 0 -1 -1 432 1 -1879048189 8391 432 
14
48 1 16 5 0 1 0 -1 -1 432 1 -1879048189 1 432 
CSEG_21-1
14
-2147483646
0
48 1 16 5 0 1 0 -1 -1 432 1 -1879048189 8823 432 
14
48 1 16 5 0 1 0 -1 -1 432 1 -1879048189 1 432 
CSEG_22-1
14
-2147483646
0
48 1 16 5 0 1 0 -1 -1 432 1 -1879048189 9255 432 
14
48 1 16 5 0 1 0 -1 -1 432 1 -1879048189 1 432 
CSEG_23-1
14
-2147483646
0
48 1 16 5 0 1 0 -1 -1 432 1 -1879048189 9687 432 
14
48 1 16 5 0 1 0 -1 -1 432 1 -1879048189 1 432 
CSEG_24-1
14
-2147483646
0
48 1 16 5 0 1 0 -1 -1 432 1 -1879048189 10119 432 
14
48 1 16 5 0 1 0 -1 -1 432 1 -1879048189 1 432 
CSEG_25-1
14
-2147483646
0
48 1 16 5 0 1 0 -1 -1 432 1 -1879048189 10551 432 
14
48 1 16 5 0 1 0 -1 -1 432 1 -1879048189 1 432 
CSEG_26-1
14
-2147483646
0
48 1 16 5 0 1 0 -1 -1 432 1 -1879048189 10983 432 
14
48 1 16 5 0 1 0 -1 -1 432 1 -1879048189 1 432 
CSEG_27-1
14
-2147483646
0
48 1 16 5 0 1 0 -1 -1 432 1 -1879048189 11415 432 
14
48 1 16 5 0 1 0 -1 -1 432 1 -1879048189 1 432 
CSEG_28-1
14
-2147483646
0
48 1 16 5 0 1 0 -1 -1 432 1 -1879048189 11847 432 
14
48 1 16 5 0 1 0 -1 -1 432 1 -1879048189 1 432 
CSEG_29-1
14
-2147483646
0
48 1 16 5 0 1 0 -1 -1 432 1 -1879048189 12279 432 
14
48 1 16 5 0 1 0 -1 -1 432 1 -1879048189 1 432 
CSEG_30-1
14
-2147483646
0
48 1 16 5 0 1 0 -1 -1 432 1 -1879048189 12711 432 
14
48 1 16 5 0 1 0 -1 -1 432 1 -1879048189 1 432 
CSEG_31-1
14
-2147483646
0
48 1 16 5 0 1 0 -1 -1 432 1 -1879048189 13143 432 
14
48 1 16 5 0 1 0 -1 -1 432 1 -1879048189 1 432 
HOOP_TIE_CAGE_T046-1
14
-2147483646
0
48 1 16 5 0 1 0 -1 -1 213768 1 -1879048189 13575 213768 
14
48 1 16 5 0 1 0 -1 -1 213768 1 -1879048189 1 213768 
PT_36X15P2-1
36
227343 1
227344 2
227345 3
227346 4
227347 5
227348 6
227349 7
227350 8
227351 9
227352 10
227353 11
227354 12
227355 13
227356 14
227357 15
227358 16
227359 17
227360 18
227361 19
227362 20
227363 21
227364 22
227365 23
227366 24
227367 25
227368 26
227369 27
227370 28
227371 29
227372 30
227373 31
227374 32
227375 33
227376 34
227377 35
227378 36
-2147483647
RBLONG_01-1
216
227379 1
227380 2
227381 3
227382 4
227383 5
227384 6
227385 7
227386 8
227387 9
227388 10
227389 11
227390 12
227391 13
227392 14
227393 15
227394 16
227395 17
227396 18
227397 19
227398 20
227399 21
227400 22
227401 23
227402 24
227403 25
227404 26
227405 27
227406 28
227407 29
227408 30
227409 31
227410 32
227411 33
227412 34
227413 35
227414 36
227415 37
227416 38
227417 39
227418 40
227419 41
227420 42
227421 43
227422 44
227423 45
227424 46
227425 47
227426 48
227427 49
227428 50
227429 51
227430 52
227431 53
227432 54
227433 55
227434 56
227435 57
227436 58
227437 59
227438 60
227439 61
227440 62
227441 63
227442 64
227443 65
227444 66
227445 67
227446 68
227447 69
227448 70
227449 71
227450 72
227451 73
227452 74
227453 75
227454 76
227455 77
227456 78
227457 79
227458 80
227459 81
227460 82
227461 83
227462 84
227463 85
227464 86
227465 87
227466 88
227467 89
227468 90
227469 91
227470 92
227471 93
227472 94
227473 95
227474 96
227475 97
227476 98
227477 99
227478 100
227479 101
227480 102
227481 103
227482 104
227483 105
227484 106
227485 107
227486 108
227487 109
227488 110
227489 111
227490 112
227491 113
227492 114
227493 115
227494 116
227495 117
227496 118
227497 119
227498 120
227499 121
227500 122
227501 123
227502 124
227503 125
227504 126
227505 127
227506 128
227507 129
227508 130
227509 131
227510 132
227511 133
227512 134
227513 135
227514 136
227515 137
227516 138
227517 139
227518 140
227519 141
227520 142
227521 143
227522 144
227523 145
227524 146
227525 147
227526 148
227527 149
227528 150
227529 151
227530 152
227531 153
227532 154
227533 155
227534 156
227535 157
227536 158
227537 159
227538 160
227539 161
227540 162
227541 163
227542 164
227543 165
227544 166
227545 167
227546 168
227547 169
227548 170
227549 171
227550 172
227551 173
227552 174
227553 175
227554 176
227555 177
227556 178
227557 179
227558 180
227559 181
227560 182
227561 183
227562 184
227563 185
227564 186
227565 187
227566 188
227567 189
227568 190
227569 191
227570 192
227571 193
227572 194
227573 195
227574 196
227575 197
227576 198
227577 199
227578 200
227579 201
227580 202
227581 203
227582 204
227583 205
227584 206
227585 207
227586 208
227587 209
227588 210
227589 211
227590 212
227591 213
227592 214
227593 215
227594 216
-2147483647
RBLONG_02-1
216
227595 1
227596 2
227597 3
227598 4
227599 5
227600 6
227601 7
227602 8
227603 9
227604 10
227605 11
227606 12
227607 13
227608 14
227609 15
227610 16
227611 17
227612 18
227613 19
227614 20
227615 21
227616 22
227617 23
227618 24
227619 25
227620 26
227621 27
227622 28
227623 29
227624 30
227625 31
227626 32
227627 33
227628 34
227629 35
227630 36
227631 37
227632 38
227633 39
227634 40
227635 41
227636 42
227637 43
227638 44
227639 45
227640 46
227641 47
227642 48
227643 49
227644 50
227645 51
227646 52
227647 53
227648 54
227649 55
227650 56
227651 57
227652 58
227653 59
227654 60
227655 61
227656 62
227657 63
227658 64
227659 65
227660 66
227661 67
227662 68
227663 69
227664 70
227665 71
227666 72
227667 73
227668 74
227669 75
227670 76
227671 77
227672 78
227673 79
227674 80
227675 81
227676 82
227677 83
227678 84
227679 85
227680 86
227681 87
227682 88
227683 89
227684 90
227685 91
227686 92
227687 93
227688 94
227689 95
227690 96
227691 97
227692 98
227693 99
227694 100
227695 101
227696 102
227697 103
227698 104
227699 105
227700 106
227701 107
227702 108
227703 109
227704 110
227705 111
227706 112
227707 113
227708 114
227709 115
227710 116
227711 117
227712 118
227713 119
227714 120
227715 121
227716 122
227717 123
227718 124
227719 125
227720 126
227721 127
227722 128
227723 129
227724 130
227725 131
227726 132
227727 133
227728 134
227729 135
227730 136
227731 137
227732 138
227733 139
227734 140
227735 141
227736 142
227737 143
227738 144
227739 145
227740 146
227741 147
227742 148
227743 149
227744 150
227745 151
227746 152
227747 153
227748 154
227749 155
227750 156
227751 157
227752 158
227753 159
227754 160
227755 161
227756 162
227757 163
227758 164
227759 165
227760 166
227761 167
227762 168
227763 169
227764 170
227765 171
227766 172
227767 173
227768 174
227769 175
227770 176
227771 177
227772 178
227773 179
227774 180
227775 181
227776 182
227777 183
227778 184
227779 185
227780 186
227781 187
227782 188
227783 189
227784 190
227785 191
227786 192
227787 193
227788 194
227789 195
227790 196
227791 197
227792 198
227793 199
227794 200
227795 201
227796 202
227797 203
227798 204
227799 205
227800 206
227801 207
227802 208
227803 209
227804 210
227805 211
227806 212
227807 213
227808 214
227809 215
227810 216
-2147483647
RBLONG_03-1
216
227811 1
227812 2
227813 3
227814 4
227815 5
227816 6
227817 7
227818 8
227819 9
227820 10
227821 11
227822 12
227823 13
227824 14
227825 15
227826 16
227827 17
227828 18
227829 19
227830 20
227831 21
227832 22
227833 23
227834 24
227835 25
227836 26
227837 27
227838 28
227839 29
227840 30
227841 31
227842 32
227843 33
227844 34
227845 35
227846 36
227847 37
227848 38
227849 39
227850 40
227851 41
227852 42
227853 43
227854 44
227855 45
227856 46
227857 47
227858 48
227859 49
227860 50
227861 51
227862 52
227863 53
227864 54
227865 55
227866 56
227867 57
227868 58
227869 59
227870 60
227871 61
227872 62
227873 63
227874 64
227875 65
227876 66
227877 67
227878 68
227879 69
227880 70
227881 71
227882 72
227883 73
227884 74
227885 75
227886 76
227887 77
227888 78
227889 79
227890 80
227891 81
227892 82
227893 83
227894 84
227895 85
227896 86
227897 87
227898 88
227899 89
227900 90
227901 91
227902 92
227903 93
227904 94
227905 95
227906 96
227907 97
227908 98
227909 99
227910 100
227911 101
227912 102
227913 103
227914 104
227915 105
227916 106
227917 107
227918 108
227919 109
227920 110
227921 111
227922 112
227923 113
227924 114
227925 115
227926 116
227927 117
227928 118
227929 119
227930 120
227931 121
227932 122
227933 123
227934 124
227935 125
227936 126
227937 127
227938 128
227939 129
227940 130
227941 131
227942 132
227943 133
227944 134
227945 135
227946 136
227947 137
227948 138
227949 139
227950 140
227951 141
227952 142
227953 143
227954 144
227955 145
227956 146
227957 147
227958 148
227959 149
227960 150
227961 151
227962 152
227963 153
227964 154
227965 155
227966 156
227967 157
227968 158
227969 159
227970 160
227971 161
227972 162
227973 163
227974 164
227975 165
227976 166
227977 167
227978 168
227979 169
227980 170
227981 171
227982 172
227983 173
227984 174
227985 175
227986 176
227987 177
227988 178
227989 179
227990 180
227991 181
227992 182
227993 183
227994 184
227995 185
227996 186
227997 187
227998 188
227999 189
228000 190
228001 191
228002 192
228003 193
228004 194
228005 195
228006 196
228007 197
228008 198
228009 199
228010 200
228011 201
228012 202
228013 203
228014 204
228015 205
228016 206
228017 207
228018 208
228019 209
228020 210
228021 211
228022 212
228023 213
228024 214
228025 215
228026 216
-2147483647
RBLONG_04-1
216
228027 1
228028 2
228029 3
228030 4
228031 5
228032 6
228033 7
228034 8
228035 9
228036 10
228037 11
228038 12
228039 13
228040 14
228041 15
228042 16
228043 17
228044 18
228045 19
228046 20
228047 21
228048 22
228049 23
228050 24
228051 25
228052 26
228053 27
228054 28
228055 29
228056 30
228057 31
228058 32
228059 33
228060 34
228061 35
228062 36
228063 37
228064 38
228065 39
228066 40
228067 41
228068 42
228069 43
228070 44
228071 45
228072 46
228073 47
228074 48
228075 49
228076 50
228077 51
228078 52
228079 53
228080 54
228081 55
228082 56
228083 57
228084 58
228085 59
228086 60
228087 61
228088 62
228089 63
228090 64
228091 65
228092 66
228093 67
228094 68
228095 69
228096 70
228097 71
228098 72
228099 73
228100 74
228101 75
228102 76
228103 77
228104 78
228105 79
228106 80
228107 81
228108 82
228109 83
228110 84
228111 85
228112 86
228113 87
228114 88
228115 89
228116 90
228117 91
228118 92
228119 93
228120 94
228121 95
228122 96
228123 97
228124 98
228125 99
228126 100
228127 101
228128 102
228129 103
228130 104
228131 105
228132 106
228133 107
228134 108
228135 109
228136 110
228137 111
228138 112
228139 113
228140 114
228141 115
228142 116
228143 117
228144 118
228145 119
228146 120
228147 121
228148 122
228149 123
228150 124
228151 125
228152 126
228153 127
228154 128
228155 129
228156 130
228157 131
228158 132
228159 133
228160 134
228161 135
228162 136
228163 137
228164 138
228165 139
228166 140
228167 141
228168 142
228169 143
228170 144
228171 145
228172 146
228173 147
228174 148
228175 149
228176 150
228177 151
228178 152
228179 153
228180 154
228181 155
228182 156
228183 157
228184 158
228185 159
228186 160
228187 161
228188 162
228189 163
228190 164
228191 165
228192 166
228193 167
228194 168
228195 169
228196 170
228197 171
228198 172
228199 173
228200 174
228201 175
228202 176
228203 177
228204 178
228205 179
228206 180
228207 181
228208 182
228209 183
228210 184
228211 185
228212 186
228213 187
228214 188
228215 189
228216 190
228217 191
228218 192
228219 193
228220 194
228221 195
228222 196
228223 197
228224 198
228225 199
228226 200
228227 201
228228 202
228229 203
228230 204
228231 205
228232 206
228233 207
228234 208
228235 209
228236 210
228237 211
228238 212
228239 213
228240 214
228241 215
228242 216
-2147483647
RBLONG_05-1
192
228243 1
228244 2
228245 3
228246 4
228247 5
228248 6
228249 7
228250 8
228251 9
228252 10
228253 11
228254 12
228255 13
228256 14
228257 15
228258 16
228259 17
228260 18
228261 19
228262 20
228263 21
228264 22
228265 23
228266 24
228267 25
228268 26
228269 27
228270 28
228271 29
228272 30
228273 31
228274 32
228275 33
228276 34
228277 35
228278 36
228279 37
228280 38
228281 39
228282 40
228283 41
228284 42
228285 43
228286 44
228287 45
228288 46
228289 47
228290 48
228291 49
228292 50
228293 51
228294 52
228295 53
228296 54
228297 55
228298 56
228299 57
228300 58
228301 59
228302 60
228303 61
228304 62
228305 63
228306 64
228307 65
228308 66
228309 67
228310 68
228311 69
228312 70
228313 71
228314 72
228315 73
228316 74
228317 75
228318 76
228319 77
228320 78
228321 79
228322 80
228323 81
228324 82
228325 83
228326 84
228327 85
228328 86
228329 87
228330 88
228331 89
228332 90
228333 91
228334 92
228335 93
228336 94
228337 95
228338 96
228339 97
228340 98
228341 99
228342 100
228343 101
228344 102
228345 103
228346 104
228347 105
228348 106
228349 107
228350 108
228351 109
228352 110
228353 111
228354 112
228355 113
228356 114
228357 115
228358 116
228359 117
228360 118
228361 119
228362 120
228363 121
228364 122
228365 123
228366 124
228367 125
228368 126
228369 127
228370 128
228371 129
228372 130
228373 131
228374 132
228375 133
228376 134
228377 135
228378 136
228379 137
228380 138
228381 139
228382 140
228383 141
228384 142
228385 143
228386 144
228387 145
228388 146
228389 147
228390 148
228391 149
228392 150
228393 151
228394 152
228395 153
228396 154
228397 155
228398 156
228399 157
228400 158
228401 159
228402 160
228403 161
228404 162
228405 163
228406 164
228407 165
228408 166
228409 167
228410 168
228411 169
228412 170
228413 171
228414 172
228415 173
228416 174
228417 175
228418 176
228419 177
228420 178
228421 179
228422 180
228423 181
228424 182
228425 183
228426 184
228427 185
228428 186
228429 187
228430 188
228431 189
228432 190
228433 191
228434 192
-2147483647
RBLONG_06-1
192
228435 1
228436 2
228437 3
228438 4
228439 5
228440 6
228441 7
228442 8
228443 9
228444 10
228445 11
228446 12
228447 13
228448 14
228449 15
228450 16
228451 17
228452 18
228453 19
228454 20
228455 21
228456 22
228457 23
228458 24
228459 25
228460 26
228461 27
228462 28
228463 29
228464 30
228465 31
228466 32
228467 33
228468 34
228469 35
228470 36
228471 37
228472 38
228473 39
228474 40
228475 41
228476 42
228477 43
228478 44
228479 45
228480 46
228481 47
228482 48
228483 49
228484 50
228485 51
228486 52
228487 53
228488 54
228489 55
228490 56
228491 57
228492 58
228493 59
228494 60
228495 61
228496 62
228497 63
228498 64
228499 65
228500 66
228501 67
228502 68
228503 69
228504 70
228505 71
228506 72
228507 73
228508 74
228509 75
228510 76
228511 77
228512 78
228513 79
228514 80
228515 81
228516 82
228517 83
228518 84
228519 85
228520 86
228521 87
228522 88
228523 89
228524 90
228525 91
228526 92
228527 93
228528 94
228529 95
228530 96
228531 97
228532 98
228533 99
228534 100
228535 101
228536 102
228537 103
228538 104
228539 105
228540 106
228541 107
228542 108
228543 109
228544 110
228545 111
228546 112
228547 113
228548 114
228549 115
228550 116
228551 117
228552 118
228553 119
228554 120
228555 121
228556 122
228557 123
228558 124
228559 125
228560 126
228561 127
228562 128
228563 129
228564 130
228565 131
228566 132
228567 133
228568 134
228569 135
228570 136
228571 137
228572 138
228573 139
228574 140
228575 141
228576 142
228577 143
228578 144
228579 145
228580 146
228581 147
228582 148
228583 149
228584 150
228585 151
228586 152
228587 153
228588 154
228589 155
228590 156
228591 157
228592 158
228593 159
228594 160
228595 161
228596 162
228597 163
228598 164
228599 165
228600 166
228601 167
228602 168
228603 169
228604 170
228605 171
228606 172
228607 173
228608 174
228609 175
228610 176
228611 177
228612 178
228613 179
228614 180
228615 181
228616 182
228617 183
228618 184
228619 185
228620 186
228621 187
228622 188
228623 189
228624 190
228625 191
228626 192
-2147483647
RBLONG_07-1
192
228627 1
228628 2
228629 3
228630 4
228631 5
228632 6
228633 7
228634 8
228635 9
228636 10
228637 11
228638 12
228639 13
228640 14
228641 15
228642 16
228643 17
228644 18
228645 19
228646 20
228647 21
228648 22
228649 23
228650 24
228651 25
228652 26
228653 27
228654 28
228655 29
228656 30
228657 31
228658 32
228659 33
228660 34
228661 35
228662 36
228663 37
228664 38
228665 39
228666 40
228667 41
228668 42
228669 43
228670 44
228671 45
228672 46
228673 47
228674 48
228675 49
228676 50
228677 51
228678 52
228679 53
228680 54
228681 55
228682 56
228683 57
228684 58
228685 59
228686 60
228687 61
228688 62
228689 63
228690 64
228691 65
228692 66
228693 67
228694 68
228695 69
228696 70
228697 71
228698 72
228699 73
228700 74
228701 75
228702 76
228703 77
228704 78
228705 79
228706 80
228707 81
228708 82
228709 83
228710 84
228711 85
228712 86
228713 87
228714 88
228715 89
228716 90
228717 91
228718 92
228719 93
228720 94
228721 95
228722 96
228723 97
228724 98
228725 99
228726 100
228727 101
228728 102
228729 103
228730 104
228731 105
228732 106
228733 107
228734 108
228735 109
228736 110
228737 111
228738 112
228739 113
228740 114
228741 115
228742 116
228743 117
228744 118
228745 119
228746 120
228747 121
228748 122
228749 123
228750 124
228751 125
228752 126
228753 127
228754 128
228755 129
228756 130
228757 131
228758 132
228759 133
228760 134
228761 135
228762 136
228763 137
228764 138
228765 139
228766 140
228767 141
228768 142
228769 143
228770 144
228771 145
228772 146
228773 147
228774 148
228775 149
228776 150
228777 151
228778 152
228779 153
228780 154
228781 155
228782 156
228783 157
228784 158
228785 159
228786 160
228787 161
228788 162
228789 163
228790 164
228791 165
228792 166
228793 167
228794 168
228795 169
228796 170
228797 171
228798 172
228799 173
228800 174
228801 175
228802 176
228803 177
228804 178
228805 179
228806 180
228807 181
228808 182
228809 183
228810 184
228811 185
228812 186
228813 187
228814 188
228815 189
228816 190
228817 191
228818 192
-2147483647
RBLONG_08-1
192
228819 1
228820 2
228821 3
228822 4
228823 5
228824 6
228825 7
228826 8
228827 9
228828 10
228829 11
228830 12
228831 13
228832 14
228833 15
228834 16
228835 17
228836 18
228837 19
228838 20
228839 21
228840 22
228841 23
228842 24
228843 25
228844 26
228845 27
228846 28
228847 29
228848 30
228849 31
228850 32
228851 33
228852 34
228853 35
228854 36
228855 37
228856 38
228857 39
228858 40
228859 41
228860 42
228861 43
228862 44
228863 45
228864 46
228865 47
228866 48
228867 49
228868 50
228869 51
228870 52
228871 53
228872 54
228873 55
228874 56
228875 57
228876 58
228877 59
228878 60
228879 61
228880 62
228881 63
228882 64
228883 65
228884 66
228885 67
228886 68
228887 69
228888 70
228889 71
228890 72
228891 73
228892 74
228893 75
228894 76
228895 77
228896 78
228897 79
228898 80
228899 81
228900 82
228901 83
228902 84
228903 85
228904 86
228905 87
228906 88
228907 89
228908 90
228909 91
228910 92
228911 93
228912 94
228913 95
228914 96
228915 97
228916 98
228917 99
228918 100
228919 101
228920 102
228921 103
228922 104
228923 105
228924 106
228925 107
228926 108
228927 109
228928 110
228929 111
228930 112
228931 113
228932 114
228933 115
228934 116
228935 117
228936 118
228937 119
228938 120
228939 121
228940 122
228941 123
228942 124
228943 125
228944 126
228945 127
228946 128
228947 129
228948 130
228949 131
228950 132
228951 133
228952 134
228953 135
228954 136
228955 137
228956 138
228957 139
228958 140
228959 141
228960 142
228961 143
228962 144
228963 145
228964 146
228965 147
228966 148
228967 149
228968 150
228969 151
228970 152
228971 153
228972 154
228973 155
228974 156
228975 157
228976 158
228977 159
228978 160
228979 161
228980 162
228981 163
228982 164
228983 165
228984 166
228985 167
228986 168
228987 169
228988 170
228989 171
228990 172
228991 173
228992 174
228993 175
228994 176
228995 177
228996 178
228997 179
228998 180
228999 181
229000 182
229001 183
229002 184
229003 185
229004 186
229005 187
229006 188
229007 189
229008 190
229009 191
229010 192
-2147483647
RBLONG_09-1
192
229011 1
229012 2
229013 3
229014 4
229015 5
229016 6
229017 7
229018 8
229019 9
229020 10
229021 11
229022 12
229023 13
229024 14
229025 15
229026 16
229027 17
229028 18
229029 19
229030 20
229031 21
229032 22
229033 23
229034 24
229035 25
229036 26
229037 27
229038 28
229039 29
229040 30
229041 31
229042 32
229043 33
229044 34
229045 35
229046 36
229047 37
229048 38
229049 39
229050 40
229051 41
229052 42
229053 43
229054 44
229055 45
229056 46
229057 47
229058 48
229059 49
229060 50
229061 51
229062 52
229063 53
229064 54
229065 55
229066 56
229067 57
229068 58
229069 59
229070 60
229071 61
229072 62
229073 63
229074 64
229075 65
229076 66
229077 67
229078 68
229079 69
229080 70
229081 71
229082 72
229083 73
229084 74
229085 75
229086 76
229087 77
229088 78
229089 79
229090 80
229091 81
229092 82
229093 83
229094 84
229095 85
229096 86
229097 87
229098 88
229099 89
229100 90
229101 91
229102 92
229103 93
229104 94
229105 95
229106 96
229107 97
229108 98
229109 99
229110 100
229111 101
229112 102
229113 103
229114 104
229115 105
229116 106
229117 107
229118 108
229119 109
229120 110
229121 111
229122 112
229123 113
229124 114
229125 115
229126 116
229127 117
229128 118
229129 119
229130 120
229131 121
229132 122
229133 123
229134 124
229135 125
229136 126
229137 127
229138 128
229139 129
229140 130
229141 131
229142 132
229143 133
229144 134
229145 135
229146 136
229147 137
229148 138
229149 139
229150 140
229151 141
229152 142
229153 143
229154 144
229155 145
229156 146
229157 147
229158 148
229159 149
229160 150
229161 151
229162 152
229163 153
229164 154
229165 155
229166 156
229167 157
229168 158
229169 159
229170 160
229171 161
229172 162
229173 163
229174 164
229175 165
229176 166
229177 167
229178 168
229179 169
229180 170
229181 171
229182 172
229183 173
229184 174
229185 175
229186 176
229187 177
229188 178
229189 179
229190 180
229191 181
229192 182
229193 183
229194 184
229195 185
229196 186
229197 187
229198 188
229199 189
229200 190
229201 191
229202 192
-2147483647
RBLONG_10-1
192
229203 1
229204 2
229205 3
229206 4
229207 5
229208 6
229209 7
229210 8
229211 9
229212 10
229213 11
229214 12
229215 13
229216 14
229217 15
229218 16
229219 17
229220 18
229221 19
229222 20
229223 21
229224 22
229225 23
229226 24
229227 25
229228 26
229229 27
229230 28
229231 29
229232 30
229233 31
229234 32
229235 33
229236 34
229237 35
229238 36
229239 37
229240 38
229241 39
229242 40
229243 41
229244 42
229245 43
229246 44
229247 45
229248 46
229249 47
229250 48
229251 49
229252 50
229253 51
229254 52
229255 53
229256 54
229257 55
229258 56
229259 57
229260 58
229261 59
229262 60
229263 61
229264 62
229265 63
229266 64
229267 65
229268 66
229269 67
229270 68
229271 69
229272 70
229273 71
229274 72
229275 73
229276 74
229277 75
229278 76
229279 77
229280 78
229281 79
229282 80
229283 81
229284 82
229285 83
229286 84
229287 85
229288 86
229289 87
229290 88
229291 89
229292 90
229293 91
229294 92
229295 93
229296 94
229297 95
229298 96
229299 97
229300 98
229301 99
229302 100
229303 101
229304 102
229305 103
229306 104
229307 105
229308 106
229309 107
229310 108
229311 109
229312 110
229313 111
229314 112
229315 113
229316 114
229317 115
229318 116
229319 117
229320 118
229321 119
229322 120
229323 121
229324 122
229325 123
229326 124
229327 125
229328 126
229329 127
229330 128
229331 129
229332 130
229333 131
229334 132
229335 133
229336 134
229337 135
229338 136
229339 137
229340 138
229341 139
229342 140
229343 141
229344 142
229345 143
229346 144
229347 145
229348 146
229349 147
229350 148
229351 149
229352 150
229353 151
229354 152
229355 153
229356 154
229357 155
229358 156
229359 157
229360 158
229361 159
229362 160
229363 161
229364 162
229365 163
229366 164
229367 165
229368 166
229369 167
229370 168
229371 169
229372 170
229373 171
229374 172
229375 173
229376 174
229377 175
229378 176
229379 177
229380 178
229381 179
229382 180
229383 181
229384 182
229385 183
229386 184
229387 185
229388 186
229389 187
229390 188
229391 189
229392 190
229393 191
229394 192
-2147483647
RBLONG_11-1
192
229395 1
229396 2
229397 3
229398 4
229399 5
229400 6
229401 7
229402 8
229403 9
229404 10
229405 11
229406 12
229407 13
229408 14
229409 15
229410 16
229411 17
229412 18
229413 19
229414 20
229415 21
229416 22
229417 23
229418 24
229419 25
229420 26
229421 27
229422 28
229423 29
229424 30
229425 31
229426 32
229427 33
229428 34
229429 35
229430 36
229431 37
229432 38
229433 39
229434 40
229435 41
229436 42
229437 43
229438 44
229439 45
229440 46
229441 47
229442 48
229443 49
229444 50
229445 51
229446 52
229447 53
229448 54
229449 55
229450 56
229451 57
229452 58
229453 59
229454 60
229455 61
229456 62
229457 63
229458 64
229459 65
229460 66
229461 67
229462 68
229463 69
229464 70
229465 71
229466 72
229467 73
229468 74
229469 75
229470 76
229471 77
229472 78
229473 79
229474 80
229475 81
229476 82
229477 83
229478 84
229479 85
229480 86
229481 87
229482 88
229483 89
229484 90
229485 91
229486 92
229487 93
229488 94
229489 95
229490 96
229491 97
229492 98
229493 99
229494 100
229495 101
229496 102
229497 103
229498 104
229499 105
229500 106
229501 107
229502 108
229503 109
229504 110
229505 111
229506 112
229507 113
229508 114
229509 115
229510 116
229511 117
229512 118
229513 119
229514 120
229515 121
229516 122
229517 123
229518 124
229519 125
229520 126
229521 127
229522 128
229523 129
229524 130
229525 131
229526 132
229527 133
229528 134
229529 135
229530 136
229531 137
229532 138
229533 139
229534 140
229535 141
229536 142
229537 143
229538 144
229539 145
229540 146
229541 147
229542 148
229543 149
229544 150
229545 151
229546 152
229547 153
229548 154
229549 155
229550 156
229551 157
229552 158
229553 159
229554 160
229555 161
229556 162
229557 163
229558 164
229559 165
229560 166
229561 167
229562 168
229563 169
229564 170
229565 171
229566 172
229567 173
229568 174
229569 175
229570 176
229571 177
229572 178
229573 179
229574 180
229575 181
229576 182
229577 183
229578 184
229579 185
229580 186
229581 187
229582 188
229583 189
229584 190
229585 191
229586 192
-2147483647
RBLONG_12-1
180
229587 1
229588 2
229589 3
229590 4
229591 5
229592 6
229593 7
229594 8
229595 9
229596 10
229597 11
229598 12
229599 13
229600 14
229601 15
229602 16
229603 17
229604 18
229605 19
229606 20
229607 21
229608 22
229609 23
229610 24
229611 25
229612 26
229613 27
229614 28
229615 29
229616 30
229617 31
229618 32
229619 33
229620 34
229621 35
229622 36
229623 37
229624 38
229625 39
229626 40
229627 41
229628 42
229629 43
229630 44
229631 45
229632 46
229633 47
229634 48
229635 49
229636 50
229637 51
229638 52
229639 53
229640 54
229641 55
229642 56
229643 57
229644 58
229645 59
229646 60
229647 61
229648 62
229649 63
229650 64
229651 65
229652 66
229653 67
229654 68
229655 69
229656 70
229657 71
229658 72
229659 73
229660 74
229661 75
229662 76
229663 77
229664 78
229665 79
229666 80
229667 81
229668 82
229669 83
229670 84
229671 85
229672 86
229673 87
229674 88
229675 89
229676 90
229677 91
229678 92
229679 93
229680 94
229681 95
229682 96
229683 97
229684 98
229685 99
229686 100
229687 101
229688 102
229689 103
229690 104
229691 105
229692 106
229693 107
229694 108
229695 109
229696 110
229697 111
229698 112
229699 113
229700 114
229701 115
229702 116
229703 117
229704 118
229705 119
229706 120
229707 121
229708 122
229709 123
229710 124
229711 125
229712 126
229713 127
229714 128
229715 129
229716 130
229717 131
229718 132
229719 133
229720 134
229721 135
229722 136
229723 137
229724 138
229725 139
229726 140
229727 141
229728 142
229729 143
229730 144
229731 145
229732 146
229733 147
229734 148
229735 149
229736 150
229737 151
229738 152
229739 153
229740 154
229741 155
229742 156
229743 157
229744 158
229745 159
229746 160
229747 161
229748 162
229749 163
229750 164
229751 165
229752 166
229753 167
229754 168
229755 169
229756 170
229757 171
229758 172
229759 173
229760 174
229761 175
229762 176
229763 177
229764 178
229765 179
229766 180
-2147483647
RBLONG_13-1
180
229767 1
229768 2
229769 3
229770 4
229771 5
229772 6
229773 7
229774 8
229775 9
229776 10
229777 11
229778 12
229779 13
229780 14
229781 15
229782 16
229783 17
229784 18
229785 19
229786 20
229787 21
229788 22
229789 23
229790 24
229791 25
229792 26
229793 27
229794 28
229795 29
229796 30
229797 31
229798 32
229799 33
229800 34
229801 35
229802 36
229803 37
229804 38
229805 39
229806 40
229807 41
229808 42
229809 43
229810 44
229811 45
229812 46
229813 47
229814 48
229815 49
229816 50
229817 51
229818 52
229819 53
229820 54
229821 55
229822 56
229823 57
229824 58
229825 59
229826 60
229827 61
229828 62
229829 63
229830 64
229831 65
229832 66
229833 67
229834 68
229835 69
229836 70
229837 71
229838 72
229839 73
229840 74
229841 75
229842 76
229843 77
229844 78
229845 79
229846 80
229847 81
229848 82
229849 83
229850 84
229851 85
229852 86
229853 87
229854 88
229855 89
229856 90
229857 91
229858 92
229859 93
229860 94
229861 95
229862 96
229863 97
229864 98
229865 99
229866 100
229867 101
229868 102
229869 103
229870 104
229871 105
229872 106
229873 107
229874 108
229875 109
229876 110
229877 111
229878 112
229879 113
229880 114
229881 115
229882 116
229883 117
229884 118
229885 119
229886 120
229887 121
229888 122
229889 123
229890 124
229891 125
229892 126
229893 127
229894 128
229895 129
229896 130
229897 131
229898 132
229899 133
229900 134
229901 135
229902 136
229903 137
229904 138
229905 139
229906 140
229907 141
229908 142
229909 143
229910 144
229911 145
229912 146
229913 147
229914 148
229915 149
229916 150
229917 151
229918 152
229919 153
229920 154
229921 155
229922 156
229923 157
229924 158
229925 159
229926 160
229927 161
229928 162
229929 163
229930 164
229931 165
229932 166
229933 167
229934 168
229935 169
229936 170
229937 171
229938 172
229939 173
229940 174
229941 175
229942 176
229943 177
229944 178
229945 179
229946 180
-2147483647
RBLONG_14-1
180
229947 1
229948 2
229949 3
229950 4
229951 5
229952 6
229953 7
229954 8
229955 9
229956 10
229957 11
229958 12
229959 13
229960 14
229961 15
229962 16
229963 17
229964 18
229965 19
229966 20
229967 21
229968 22
229969 23
229970 24
229971 25
229972 26
229973 27
229974 28
229975 29
229976 30
229977 31
229978 32
229979 33
229980 34
229981 35
229982 36
229983 37
229984 38
229985 39
229986 40
229987 41
229988 42
229989 43
229990 44
229991 45
229992 46
229993 47
229994 48
229995 49
229996 50
229997 51
229998 52
229999 53
230000 54
230001 55
230002 56
230003 57
230004 58
230005 59
230006 60
230007 61
230008 62
230009 63
230010 64
230011 65
230012 66
230013 67
230014 68
230015 69
230016 70
230017 71
230018 72
230019 73
230020 74
230021 75
230022 76
230023 77
230024 78
230025 79
230026 80
230027 81
230028 82
230029 83
230030 84
230031 85
230032 86
230033 87
230034 88
230035 89
230036 90
230037 91
230038 92
230039 93
230040 94
230041 95
230042 96
230043 97
230044 98
230045 99
230046 100
230047 101
230048 102
230049 103
230050 104
230051 105
230052 106
230053 107
230054 108
230055 109
230056 110
230057 111
230058 112
230059 113
230060 114
230061 115
230062 116
230063 117
230064 118
230065 119
230066 120
230067 121
230068 122
230069 123
230070 124
230071 125
230072 126
230073 127
230074 128
230075 129
230076 130
230077 131
230078 132
230079 133
230080 134
230081 135
230082 136
230083 137
230084 138
230085 139
230086 140
230087 141
230088 142
230089 143
230090 144
230091 145
230092 146
230093 147
230094 148
230095 149
230096 150
230097 151
230098 152
230099 153
230100 154
230101 155
230102 156
230103 157
230104 158
230105 159
230106 160
230107 161
230108 162
230109 163
230110 164
230111 165
230112 166
230113 167
230114 168
230115 169
230116 170
230117 171
230118 172
230119 173
230120 174
230121 175
230122 176
230123 177
230124 178
230125 179
230126 180
-2147483647
RBLONG_15-1
180
230127 1
230128 2
230129 3
230130 4
230131 5
230132 6
230133 7
230134 8
230135 9
230136 10
230137 11
230138 12
230139 13
230140 14
230141 15
230142 16
230143 17
230144 18
230145 19
230146 20
230147 21
230148 22
230149 23
230150 24
230151 25
230152 26
230153 27
230154 28
230155 29
230156 30
230157 31
230158 32
230159 33
230160 34
230161 35
230162 36
230163 37
230164 38
230165 39
230166 40
230167 41
230168 42
230169 43
230170 44
230171 45
230172 46
230173 47
230174 48
230175 49
230176 50
230177 51
230178 52
230179 53
230180 54
230181 55
230182 56
230183 57
230184 58
230185 59
230186 60
230187 61
230188 62
230189 63
230190 64
230191 65
230192 66
230193 67
230194 68
230195 69
230196 70
230197 71
230198 72
230199 73
230200 74
230201 75
230202 76
230203 77
230204 78
230205 79
230206 80
230207 81
230208 82
230209 83
230210 84
230211 85
230212 86
230213 87
230214 88
230215 89
230216 90
230217 91
230218 92
230219 93
230220 94
230221 95
230222 96
230223 97
230224 98
230225 99
230226 100
230227 101
230228 102
230229 103
230230 104
230231 105
230232 106
230233 107
230234 108
230235 109
230236 110
230237 111
230238 112
230239 113
230240 114
230241 115
230242 116
230243 117
230244 118
230245 119
230246 120
230247 121
230248 122
230249 123
230250 124
230251 125
230252 126
230253 127
230254 128
230255 129
230256 130
230257 131
230258 132
230259 133
230260 134
230261 135
230262 136
230263 137
230264 138
230265 139
230266 140
230267 141
230268 142
230269 143
230270 144
230271 145
230272 146
230273 147
230274 148
230275 149
230276 150
230277 151
230278 152
230279 153
230280 154
230281 155
230282 156
230283 157
230284 158
230285 159
230286 160
230287 161
230288 162
230289 163
230290 164
230291 165
230292 166
230293 167
230294 168
230295 169
230296 170
230297 171
230298 172
230299 173
230300 174
230301 175
230302 176
230303 177
230304 178
230305 179
230306 180
-2147483647
RBLONG_16-1
168
230307 1
230308 2
230309 3
230310 4
230311 5
230312 6
230313 7
230314 8
230315 9
230316 10
230317 11
230318 12
230319 13
230320 14
230321 15
230322 16
230323 17
230324 18
230325 19
230326 20
230327 21
230328 22
230329 23
230330 24
230331 25
230332 26
230333 27
230334 28
230335 29
230336 30
230337 31
230338 32
230339 33
230340 34
230341 35
230342 36
230343 37
230344 38
230345 39
230346 40
230347 41
230348 42
230349 43
230350 44
230351 45
230352 46
230353 47
230354 48
230355 49
230356 50
230357 51
230358 52
230359 53
230360 54
230361 55
230362 56
230363 57
230364 58
230365 59
230366 60
230367 61
230368 62
230369 63
230370 64
230371 65
230372 66
230373 67
230374 68
230375 69
230376 70
230377 71
230378 72
230379 73
230380 74
230381 75
230382 76
230383 77
230384 78
230385 79
230386 80
230387 81
230388 82
230389 83
230390 84
230391 85
230392 86
230393 87
230394 88
230395 89
230396 90
230397 91
230398 92
230399 93
230400 94
230401 95
230402 96
230403 97
230404 98
230405 99
230406 100
230407 101
230408 102
230409 103
230410 104
230411 105
230412 106
230413 107
230414 108
230415 109
230416 110
230417 111
230418 112
230419 113
230420 114
230421 115
230422 116
230423 117
230424 118
230425 119
230426 120
230427 121
230428 122
230429 123
230430 124
230431 125
230432 126
230433 127
230434 128
230435 129
230436 130
230437 131
230438 132
230439 133
230440 134
230441 135
230442 136
230443 137
230444 138
230445 139
230446 140
230447 141
230448 142
230449 143
230450 144
230451 145
230452 146
230453 147
230454 148
230455 149
230456 150
230457 151
230458 152
230459 153
230460 154
230461 155
230462 156
230463 157
230464 158
230465 159
230466 160
230467 161
230468 162
230469 163
230470 164
230471 165
230472 166
230473 167
230474 168
-2147483647
RBLONG_17-1
168
230475 1
230476 2
230477 3
230478 4
230479 5
230480 6
230481 7
230482 8
230483 9
230484 10
230485 11
230486 12
230487 13
230488 14
230489 15
230490 16
230491 17
230492 18
230493 19
230494 20
230495 21
230496 22
230497 23
230498 24
230499 25
230500 26
230501 27
230502 28
230503 29
230504 30
230505 31
230506 32
230507 33
230508 34
230509 35
230510 36
230511 37
230512 38
230513 39
230514 40
230515 41
230516 42
230517 43
230518 44
230519 45
230520 46
230521 47
230522 48
230523 49
230524 50
230525 51
230526 52
230527 53
230528 54
230529 55
230530 56
230531 57
230532 58
230533 59
230534 60
230535 61
230536 62
230537 63
230538 64
230539 65
230540 66
230541 67
230542 68
230543 69
230544 70
230545 71
230546 72
230547 73
230548 74
230549 75
230550 76
230551 77
230552 78
230553 79
230554 80
230555 81
230556 82
230557 83
230558 84
230559 85
230560 86
230561 87
230562 88
230563 89
230564 90
230565 91
230566 92
230567 93
230568 94
230569 95
230570 96
230571 97
230572 98
230573 99
230574 100
230575 101
230576 102
230577 103
230578 104
230579 105
230580 106
230581 107
230582 108
230583 109
230584 110
230585 111
230586 112
230587 113
230588 114
230589 115
230590 116
230591 117
230592 118
230593 119
230594 120
230595 121
230596 122
230597 123
230598 124
230599 125
230600 126
230601 127
230602 128
230603 129
230604 130
230605 131
230606 132
230607 133
230608 134
230609 135
230610 136
230611 137
230612 138
230613 139
230614 140
230615 141
230616 142
230617 143
230618 144
230619 145
230620 146
230621 147
230622 148
230623 149
230624 150
230625 151
230626 152
230627 153
230628 154
230629 155
230630 156
230631 157
230632 158
230633 159
230634 160
230635 161
230636 162
230637 163
230638 164
230639 165
230640 166
230641 167
230642 168
-2147483647
RBLONG_18-1
168
230643 1
230644 2
230645 3
230646 4
230647 5
230648 6
230649 7
230650 8
230651 9
230652 10
230653 11
230654 12
230655 13
230656 14
230657 15
230658 16
230659 17
230660 18
230661 19
230662 20
230663 21
230664 22
230665 23
230666 24
230667 25
230668 26
230669 27
230670 28
230671 29
230672 30
230673 31
230674 32
230675 33
230676 34
230677 35
230678 36
230679 37
230680 38
230681 39
230682 40
230683 41
230684 42
230685 43
230686 44
230687 45
230688 46
230689 47
230690 48
230691 49
230692 50
230693 51
230694 52
230695 53
230696 54
230697 55
230698 56
230699 57
230700 58
230701 59
230702 60
230703 61
230704 62
230705 63
230706 64
230707 65
230708 66
230709 67
230710 68
230711 69
230712 70
230713 71
230714 72
230715 73
230716 74
230717 75
230718 76
230719 77
230720 78
230721 79
230722 80
230723 81
230724 82
230725 83
230726 84
230727 85
230728 86
230729 87
230730 88
230731 89
230732 90
230733 91
230734 92
230735 93
230736 94
230737 95
230738 96
230739 97
230740 98
230741 99
230742 100
230743 101
230744 102
230745 103
230746 104
230747 105
230748 106
230749 107
230750 108
230751 109
230752 110
230753 111
230754 112
230755 113
230756 114
230757 115
230758 116
230759 117
230760 118
230761 119
230762 120
230763 121
230764 122
230765 123
230766 124
230767 125
230768 126
230769 127
230770 128
230771 129
230772 130
230773 131
230774 132
230775 133
230776 134
230777 135
230778 136
230779 137
230780 138
230781 139
230782 140
230783 141
230784 142
230785 143
230786 144
230787 145
230788 146
230789 147
230790 148
230791 149
230792 150
230793 151
230794 152
230795 153
230796 154
230797 155
230798 156
230799 157
230800 158
230801 159
230802 160
230803 161
230804 162
230805 163
230806 164
230807 165
230808 166
230809 167
230810 168
-2147483647
RBLONG_19-1
168
230811 1
230812 2
230813 3
230814 4
230815 5
230816 6
230817 7
230818 8
230819 9
230820 10
230821 11
230822 12
230823 13
230824 14
230825 15
230826 16
230827 17
230828 18
230829 19
230830 20
230831 21
230832 22
230833 23
230834 24
230835 25
230836 26
230837 27
230838 28
230839 29
230840 30
230841 31
230842 32
230843 33
230844 34
230845 35
230846 36
230847 37
230848 38
230849 39
230850 40
230851 41
230852 42
230853 43
230854 44
230855 45
230856 46
230857 47
230858 48
230859 49
230860 50
230861 51
230862 52
230863 53
230864 54
230865 55
230866 56
230867 57
230868 58
230869 59
230870 60
230871 61
230872 62
230873 63
230874 64
230875 65
230876 66
230877 67
230878 68
230879 69
230880 70
230881 71
230882 72
230883 73
230884 74
230885 75
230886 76
230887 77
230888 78
230889 79
230890 80
230891 81
230892 82
230893 83
230894 84
230895 85
230896 86
230897 87
230898 88
230899 89
230900 90
230901 91
230902 92
230903 93
230904 94
230905 95
230906 96
230907 97
230908 98
230909 99
230910 100
230911 101
230912 102
230913 103
230914 104
230915 105
230916 106
230917 107
230918 108
230919 109
230920 110
230921 111
230922 112
230923 113
230924 114
230925 115
230926 116
230927 117
230928 118
230929 119
230930 120
230931 121
230932 122
230933 123
230934 124
230935 125
230936 126
230937 127
230938 128
230939 129
230940 130
230941 131
230942 132
230943 133
230944 134
230945 135
230946 136
230947 137
230948 138
230949 139
230950 140
230951 141
230952 142
230953 143
230954 144
230955 145
230956 146
230957 147
230958 148
230959 149
230960 150
230961 151
230962 152
230963 153
230964 154
230965 155
230966 156
230967 157
230968 158
230969 159
230970 160
230971 161
230972 162
230973 163
230974 164
230975 165
230976 166
230977 167
230978 168
-2147483647
RBLONG_20-1
168
230979 1
230980 2
230981 3
230982 4
230983 5
230984 6
230985 7
230986 8
230987 9
230988 10
230989 11
230990 12
230991 13
230992 14
230993 15
230994 16
230995 17
230996 18
230997 19
230998 20
230999 21
231000 22
231001 23
231002 24
231003 25
231004 26
231005 27
231006 28
231007 29
231008 30
231009 31
231010 32
231011 33
231012 34
231013 35
231014 36
231015 37
231016 38
231017 39
231018 40
231019 41
231020 42
231021 43
231022 44
231023 45
231024 46
231025 47
231026 48
231027 49
231028 50
231029 51
231030 52
231031 53
231032 54
231033 55
231034 56
231035 57
231036 58
231037 59
231038 60
231039 61
231040 62
231041 63
231042 64
231043 65
231044 66
231045 67
231046 68
231047 69
231048 70
231049 71
231050 72
231051 73
231052 74
231053 75
231054 76
231055 77
231056 78
231057 79
231058 80
231059 81
231060 82
231061 83
231062 84
231063 85
231064 86
231065 87
231066 88
231067 89
231068 90
231069 91
231070 92
231071 93
231072 94
231073 95
231074 96
231075 97
231076 98
231077 99
231078 100
231079 101
231080 102
231081 103
231082 104
231083 105
231084 106
231085 107
231086 108
231087 109
231088 110
231089 111
231090 112
231091 113
231092 114
231093 115
231094 116
231095 117
231096 118
231097 119
231098 120
231099 121
231100 122
231101 123
231102 124
231103 125
231104 126
231105 127
231106 128
231107 129
231108 130
231109 131
231110 132
231111 133
231112 134
231113 135
231114 136
231115 137
231116 138
231117 139
231118 140
231119 141
231120 142
231121 143
231122 144
231123 145
231124 146
231125 147
231126 148
231127 149
231128 150
231129 151
231130 152
231131 153
231132 154
231133 155
231134 156
231135 157
231136 158
231137 159
231138 160
231139 161
231140 162
231141 163
231142 164
231143 165
231144 166
231145 167
231146 168
-2147483647
RBLONG_21-1
152
231147 1
231148 2
231149 3
231150 4
231151 5
231152 6
231153 7
231154 8
231155 9
231156 10
231157 11
231158 12
231159 13
231160 14
231161 15
231162 16
231163 17
231164 18
231165 19
231166 20
231167 21
231168 22
231169 23
231170 24
231171 25
231172 26
231173 27
231174 28
231175 29
231176 30
231177 31
231178 32
231179 33
231180 34
231181 35
231182 36
231183 37
231184 38
231185 39
231186 40
231187 41
231188 42
231189 43
231190 44
231191 45
231192 46
231193 47
231194 48
231195 49
231196 50
231197 51
231198 52
231199 53
231200 54
231201 55
231202 56
231203 57
231204 58
231205 59
231206 60
231207 61
231208 62
231209 63
231210 64
231211 65
231212 66
231213 67
231214 68
231215 69
231216 70
231217 71
231218 72
231219 73
231220 74
231221 75
231222 76
231223 77
231224 78
231225 79
231226 80
231227 81
231228 82
231229 83
231230 84
231231 85
231232 86
231233 87
231234 88
231235 89
231236 90
231237 91
231238 92
231239 93
231240 94
231241 95
231242 96
231243 97
231244 98
231245 99
231246 100
231247 101
231248 102
231249 103
231250 104
231251 105
231252 106
231253 107
231254 108
231255 109
231256 110
231257 111
231258 112
231259 113
231260 114
231261 115
231262 116
231263 117
231264 118
231265 119
231266 120
231267 121
231268 122
231269 123
231270 124
231271 125
231272 126
231273 127
231274 128
231275 129
231276 130
231277 131
231278 132
231279 133
231280 134
231281 135
231282 136
231283 137
231284 138
231285 139
231286 140
231287 141
231288 142
231289 143
231290 144
231291 145
231292 146
231293 147
231294 148
231295 149
231296 150
231297 151
231298 152
-2147483647
RBLONG_22-1
152
231299 1
231300 2
231301 3
231302 4
231303 5
231304 6
231305 7
231306 8
231307 9
231308 10
231309 11
231310 12
231311 13
231312 14
231313 15
231314 16
231315 17
231316 18
231317 19
231318 20
231319 21
231320 22
231321 23
231322 24
231323 25
231324 26
231325 27
231326 28
231327 29
231328 30
231329 31
231330 32
231331 33
231332 34
231333 35
231334 36
231335 37
231336 38
231337 39
231338 40
231339 41
231340 42
231341 43
231342 44
231343 45
231344 46
231345 47
231346 48
231347 49
231348 50
231349 51
231350 52
231351 53
231352 54
231353 55
231354 56
231355 57
231356 58
231357 59
231358 60
231359 61
231360 62
231361 63
231362 64
231363 65
231364 66
231365 67
231366 68
231367 69
231368 70
231369 71
231370 72
231371 73
231372 74
231373 75
231374 76
231375 77
231376 78
231377 79
231378 80
231379 81
231380 82
231381 83
231382 84
231383 85
231384 86
231385 87
231386 88
231387 89
231388 90
231389 91
231390 92
231391 93
231392 94
231393 95
231394 96
231395 97
231396 98
231397 99
231398 100
231399 101
231400 102
231401 103
231402 104
231403 105
231404 106
231405 107
231406 108
231407 109
231408 110
231409 111
231410 112
231411 113
231412 114
231413 115
231414 116
231415 117
231416 118
231417 119
231418 120
231419 121
231420 122
231421 123
231422 124
231423 125
231424 126
231425 127
231426 128
231427 129
231428 130
231429 131
231430 132
231431 133
231432 134
231433 135
231434 136
231435 137
231436 138
231437 139
231438 140
231439 141
231440 142
231441 143
231442 144
231443 145
231444 146
231445 147
231446 148
231447 149
231448 150
231449 151
231450 152
-2147483647
RBLONG_23-1
152
231451 1
231452 2
231453 3
231454 4
231455 5
231456 6
231457 7
231458 8
231459 9
231460 10
231461 11
231462 12
231463 13
231464 14
231465 15
231466 16
231467 17
231468 18
231469 19
231470 20
231471 21
231472 22
231473 23
231474 24
231475 25
231476 26
231477 27
231478 28
231479 29
231480 30
231481 31
231482 32
231483 33
231484 34
231485 35
231486 36
231487 37
231488 38
231489 39
231490 40
231491 41
231492 42
231493 43
231494 44
231495 45
231496 46
231497 47
231498 48
231499 49
231500 50
231501 51
231502 52
231503 53
231504 54
231505 55
231506 56
231507 57
231508 58
231509 59
231510 60
231511 61
231512 62
231513 63
231514 64
231515 65
231516 66
231517 67
231518 68
231519 69
231520 70
231521 71
231522 72
231523 73
231524 74
231525 75
231526 76
231527 77
231528 78
231529 79
231530 80
231531 81
231532 82
231533 83
231534 84
231535 85
231536 86
231537 87
231538 88
231539 89
231540 90
231541 91
231542 92
231543 93
231544 94
231545 95
231546 96
231547 97
231548 98
231549 99
231550 100
231551 101
231552 102
231553 103
231554 104
231555 105
231556 106
231557 107
231558 108
231559 109
231560 110
231561 111
231562 112
231563 113
231564 114
231565 115
231566 116
231567 117
231568 118
231569 119
231570 120
231571 121
231572 122
231573 123
231574 124
231575 125
231576 126
231577 127
231578 128
231579 129
231580 130
231581 131
231582 132
231583 133
231584 134
231585 135
231586 136
231587 137
231588 138
231589 139
231590 140
231591 141
231592 142
231593 143
231594 144
231595 145
231596 146
231597 147
231598 148
231599 149
231600 150
231601 151
231602 152
-2147483647
RBLONG_24-1
152
231603 1
231604 2
231605 3
231606 4
231607 5
231608 6
231609 7
231610 8
231611 9
231612 10
231613 11
231614 12
231615 13
231616 14
231617 15
231618 16
231619 17
231620 18
231621 19
231622 20
231623 21
231624 22
231625 23
231626 24
231627 25
231628 26
231629 27
231630 28
231631 29
231632 30
231633 31
231634 32
231635 33
231636 34
231637 35
231638 36
231639 37
231640 38
231641 39
231642 40
231643 41
231644 42
231645 43
231646 44
231647 45
231648 46
231649 47
231650 48
231651 49
231652 50
231653 51
231654 52
231655 53
231656 54
231657 55
231658 56
231659 57
231660 58
231661 59
231662 60
231663 61
231664 62
231665 63
231666 64
231667 65
231668 66
231669 67
231670 68
231671 69
231672 70
231673 71
231674 72
231675 73
231676 74
231677 75
231678 76
231679 77
231680 78
231681 79
231682 80
231683 81
231684 82
231685 83
231686 84
231687 85
231688 86
231689 87
231690 88
231691 89
231692 90
231693 91
231694 92
231695 93
231696 94
231697 95
231698 96
231699 97
231700 98
231701 99
231702 100
231703 101
231704 102
231705 103
231706 104
231707 105
231708 106
231709 107
231710 108
231711 109
231712 110
231713 111
231714 112
231715 113
231716 114
231717 115
231718 116
231719 117
231720 118
231721 119
231722 120
231723 121
231724 122
231725 123
231726 124
231727 125
231728 126
231729 127
231730 128
231731 129
231732 130
231733 131
231734 132
231735 133
231736 134
231737 135
231738 136
231739 137
231740 138
231741 139
231742 140
231743 141
231744 142
231745 143
231746 144
231747 145
231748 146
231749 147
231750 148
231751 149
231752 150
231753 151
231754 152
-2147483647
RBLONG_25-1
152
231755 1
231756 2
231757 3
231758 4
231759 5
231760 6
231761 7
231762 8
231763 9
231764 10
231765 11
231766 12
231767 13
231768 14
231769 15
231770 16
231771 17
231772 18
231773 19
231774 20
231775 21
231776 22
231777 23
231778 24
231779 25
231780 26
231781 27
231782 28
231783 29
231784 30
231785 31
231786 32
231787 33
231788 34
231789 35
231790 36
231791 37
231792 38
231793 39
231794 40
231795 41
231796 42
231797 43
231798 44
231799 45
231800 46
231801 47
231802 48
231803 49
231804 50
231805 51
231806 52
231807 53
231808 54
231809 55
231810 56
231811 57
231812 58
231813 59
231814 60
231815 61
231816 62
231817 63
231818 64
231819 65
231820 66
231821 67
231822 68
231823 69
231824 70
231825 71
231826 72
231827 73
231828 74
231829 75
231830 76
231831 77
231832 78
231833 79
231834 80
231835 81
231836 82
231837 83
231838 84
231839 85
231840 86
231841 87
231842 88
231843 89
231844 90
231845 91
231846 92
231847 93
231848 94
231849 95
231850 96
231851 97
231852 98
231853 99
231854 100
231855 101
231856 102
231857 103
231858 104
231859 105
231860 106
231861 107
231862 108
231863 109
231864 110
231865 111
231866 112
231867 113
231868 114
231869 115
231870 116
231871 117
231872 118
231873 119
231874 120
231875 121
231876 122
231877 123
231878 124
231879 125
231880 126
231881 127
231882 128
231883 129
231884 130
231885 131
231886 132
231887 133
231888 134
231889 135
231890 136
231891 137
231892 138
231893 139
231894 140
231895 141
231896 142
231897 143
231898 144
231899 145
231900 146
231901 147
231902 148
231903 149
231904 150
231905 151
231906 152
-2147483647
RBLONG_26-1
152
231907 1
231908 2
231909 3
231910 4
231911 5
231912 6
231913 7
231914 8
231915 9
231916 10
231917 11
231918 12
231919 13
231920 14
231921 15
231922 16
231923 17
231924 18
231925 19
231926 20
231927 21
231928 22
231929 23
231930 24
231931 25
231932 26
231933 27
231934 28
231935 29
231936 30
231937 31
231938 32
231939 33
231940 34
231941 35
231942 36
231943 37
231944 38
231945 39
231946 40
231947 41
231948 42
231949 43
231950 44
231951 45
231952 46
231953 47
231954 48
231955 49
231956 50
231957 51
231958 52
231959 53
231960 54
231961 55
231962 56
231963 57
231964 58
231965 59
231966 60
231967 61
231968 62
231969 63
231970 64
231971 65
231972 66
231973 67
231974 68
231975 69
231976 70
231977 71
231978 72
231979 73
231980 74
231981 75
231982 76
231983 77
231984 78
231985 79
231986 80
231987 81
231988 82
231989 83
231990 84
231991 85
231992 86
231993 87
231994 88
231995 89
231996 90
231997 91
231998 92
231999 93
232000 94
232001 95
232002 96
232003 97
232004 98
232005 99
232006 100
232007 101
232008 102
232009 103
232010 104
232011 105
232012 106
232013 107
232014 108
232015 109
232016 110
232017 111
232018 112
232019 113
232020 114
232021 115
232022 116
232023 117
232024 118
232025 119
232026 120
232027 121
232028 122
232029 123
232030 124
232031 125
232032 126
232033 127
232034 128
232035 129
232036 130
232037 131
232038 132
232039 133
232040 134
232041 135
232042 136
232043 137
232044 138
232045 139
232046 140
232047 141
232048 142
232049 143
232050 144
232051 145
232052 146
232053 147
232054 148
232055 149
232056 150
232057 151
232058 152
-2147483647
RBLONG_27-1
152
232059 1
232060 2
232061 3
232062 4
232063 5
232064 6
232065 7
232066 8
232067 9
232068 10
232069 11
232070 12
232071 13
232072 14
232073 15
232074 16
232075 17
232076 18
232077 19
232078 20
232079 21
232080 22
232081 23
232082 24
232083 25
232084 26
232085 27
232086 28
232087 29
232088 30
232089 31
232090 32
232091 33
232092 34
232093 35
232094 36
232095 37
232096 38
232097 39
232098 40
232099 41
232100 42
232101 43
232102 44
232103 45
232104 46
232105 47
232106 48
232107 49
232108 50
232109 51
232110 52
232111 53
232112 54
232113 55
232114 56
232115 57
232116 58
232117 59
232118 60
232119 61
232120 62
232121 63
232122 64
232123 65
232124 66
232125 67
232126 68
232127 69
232128 70
232129 71
232130 72
232131 73
232132 74
232133 75
232134 76
232135 77
232136 78
232137 79
232138 80
232139 81
232140 82
232141 83
232142 84
232143 85
232144 86
232145 87
232146 88
232147 89
232148 90
232149 91
232150 92
232151 93
232152 94
232153 95
232154 96
232155 97
232156 98
232157 99
232158 100
232159 101
232160 102
232161 103
232162 104
232163 105
232164 106
232165 107
232166 108
232167 109
232168 110
232169 111
232170 112
232171 113
232172 114
232173 115
232174 116
232175 117
232176 118
232177 119
232178 120
232179 121
232180 122
232181 123
232182 124
232183 125
232184 126
232185 127
232186 128
232187 129
232188 130
232189 131
232190 132
232191 133
232192 134
232193 135
232194 136
232195 137
232196 138
232197 139
232198 140
232199 141
232200 142
232201 143
232202 144
232203 145
232204 146
232205 147
232206 148
232207 149
232208 150
232209 151
232210 152
-2147483647
RBLONG_28-1
152
232211 1
232212 2
232213 3
232214 4
232215 5
232216 6
232217 7
232218 8
232219 9
232220 10
232221 11
232222 12
232223 13
232224 14
232225 15
232226 16
232227 17
232228 18
232229 19
232230 20
232231 21
232232 22
232233 23
232234 24
232235 25
232236 26
232237 27
232238 28
232239 29
232240 30
232241 31
232242 32
232243 33
232244 34
232245 35
232246 36
232247 37
232248 38
232249 39
232250 40
232251 41
232252 42
232253 43
232254 44
232255 45
232256 46
232257 47
232258 48
232259 49
232260 50
232261 51
232262 52
232263 53
232264 54
232265 55
232266 56
232267 57
232268 58
232269 59
232270 60
232271 61
232272 62
232273 63
232274 64
232275 65
232276 66
232277 67
232278 68
232279 69
232280 70
232281 71
232282 72
232283 73
232284 74
232285 75
232286 76
232287 77
232288 78
232289 79
232290 80
232291 81
232292 82
232293 83
232294 84
232295 85
232296 86
232297 87
232298 88
232299 89
232300 90
232301 91
232302 92
232303 93
232304 94
232305 95
232306 96
232307 97
232308 98
232309 99
232310 100
232311 101
232312 102
232313 103
232314 104
232315 105
232316 106
232317 107
232318 108
232319 109
232320 110
232321 111
232322 112
232323 113
232324 114
232325 115
232326 116
232327 117
232328 118
232329 119
232330 120
232331 121
232332 122
232333 123
232334 124
232335 125
232336 126
232337 127
232338 128
232339 129
232340 130
232341 131
232342 132
232343 133
232344 134
232345 135
232346 136
232347 137
232348 138
232349 139
232350 140
232351 141
232352 142
232353 143
232354 144
232355 145
232356 146
232357 147
232358 148
232359 149
232360 150
232361 151
232362 152
-2147483647
RBLONG_29-1
152
232363 1
232364 2
232365 3
232366 4
232367 5
232368 6
232369 7
232370 8
232371 9
232372 10
232373 11
232374 12
232375 13
232376 14
232377 15
232378 16
232379 17
232380 18
232381 19
232382 20
232383 21
232384 22
232385 23
232386 24
232387 25
232388 26
232389 27
232390 28
232391 29
232392 30
232393 31
232394 32
232395 33
232396 34
232397 35
232398 36
232399 37
232400 38
232401 39
232402 40
232403 41
232404 42
232405 43
232406 44
232407 45
232408 46
232409 47
232410 48
232411 49
232412 50
232413 51
232414 52
232415 53
232416 54
232417 55
232418 56
232419 57
232420 58
232421 59
232422 60
232423 61
232424 62
232425 63
232426 64
232427 65
232428 66
232429 67
232430 68
232431 69
232432 70
232433 71
232434 72
232435 73
232436 74
232437 75
232438 76
232439 77
232440 78
232441 79
232442 80
232443 81
232444 82
232445 83
232446 84
232447 85
232448 86
232449 87
232450 88
232451 89
232452 90
232453 91
232454 92
232455 93
232456 94
232457 95
232458 96
232459 97
232460 98
232461 99
232462 100
232463 101
232464 102
232465 103
232466 104
232467 105
232468 106
232469 107
232470 108
232471 109
232472 110
232473 111
232474 112
232475 113
232476 114
232477 115
232478 116
232479 117
232480 118
232481 119
232482 120
232483 121
232484 122
232485 123
232486 124
232487 125
232488 126
232489 127
232490 128
232491 129
232492 130
232493 131
232494 132
232495 133
232496 134
232497 135
232498 136
232499 137
232500 138
232501 139
232502 140
232503 141
232504 142
232505 143
232506 144
232507 145
232508 146
232509 147
232510 148
232511 149
232512 150
232513 151
232514 152
-2147483647
RBLONG_30-1
152
232515 1
232516 2
232517 3
232518 4
232519 5
232520 6
232521 7
232522 8
232523 9
232524 10
232525 11
232526 12
232527 13
232528 14
232529 15
232530 16
232531 17
232532 18
232533 19
232534 20
232535 21
232536 22
232537 23
232538 24
232539 25
232540 26
232541 27
232542 28
232543 29
232544 30
232545 31
232546 32
232547 33
232548 34
232549 35
232550 36
232551 37
232552 38
232553 39
232554 40
232555 41
232556 42
232557 43
232558 44
232559 45
232560 46
232561 47
232562 48
232563 49
232564 50
232565 51
232566 52
232567 53
232568 54
232569 55
232570 56
232571 57
232572 58
232573 59
232574 60
232575 61
232576 62
232577 63
232578 64
232579 65
232580 66
232581 67
232582 68
232583 69
232584 70
232585 71
232586 72
232587 73
232588 74
232589 75
232590 76
232591 77
232592 78
232593 79
232594 80
232595 81
232596 82
232597 83
232598 84
232599 85
232600 86
232601 87
232602 88
232603 89
232604 90
232605 91
232606 92
232607 93
232608 94
232609 95
232610 96
232611 97
232612 98
232613 99
232614 100
232615 101
232616 102
232617 103
232618 104
232619 105
232620 106
232621 107
232622 108
232623 109
232624 110
232625 111
232626 112
232627 113
232628 114
232629 115
232630 116
232631 117
232632 118
232633 119
232634 120
232635 121
232636 122
232637 123
232638 124
232639 125
232640 126
232641 127
232642 128
232643 129
232644 130
232645 131
232646 132
232647 133
232648 134
232649 135
232650 136
232651 137
232652 138
232653 139
232654 140
232655 141
232656 142
232657 143
232658 144
232659 145
232660 146
232661 147
232662 148
232663 149
232664 150
232665 151
232666 152
-2147483647
RBLONG_31-1
152
232667 1
232668 2
232669 3
232670 4
232671 5
232672 6
232673 7
232674 8
232675 9
232676 10
232677 11
232678 12
232679 13
232680 14
232681 15
232682 16
232683 17
232684 18
232685 19
232686 20
232687 21
232688 22
232689 23
232690 24
232691 25
232692 26
232693 27
232694 28
232695 29
232696 30
232697 31
232698 32
232699 33
232700 34
232701 35
232702 36
232703 37
232704 38
232705 39
232706 40
232707 41
232708 42
232709 43
232710 44
232711 45
232712 46
232713 47
232714 48
232715 49
232716 50
232717 51
232718 52
232719 53
232720 54
232721 55
232722 56
232723 57
232724 58
232725 59
232726 60
232727 61
232728 62
232729 63
232730 64
232731 65
232732 66
232733 67
232734 68
232735 69
232736 70
232737 71
232738 72
232739 73
232740 74
232741 75
232742 76
232743 77
232744 78
232745 79
232746 80
232747 81
232748 82
232749 83
232750 84
232751 85
232752 86
232753 87
232754 88
232755 89
232756 90
232757 91
232758 92
232759 93
232760 94
232761 95
232762 96
232763 97
232764 98
232765 99
232766 100
232767 101
232768 102
232769 103
232770 104
232771 105
232772 106
232773 107
232774 108
232775 109
232776 110
232777 111
232778 112
232779 113
232780 114
232781 115
232782 116
232783 117
232784 118
232785 119
232786 120
232787 121
232788 122
232789 123
232790 124
232791 125
232792 126
232793 127
232794 128
232795 129
232796 130
232797 131
232798 132
232799 133
232800 134
232801 135
232802 136
232803 137
232804 138
232805 139
232806 140
232807 141
232808 142
232809 143
232810 144
232811 145
232812 146
232813 147
232814 148
232815 149
232816 150
232817 151
232818 152
-2147483647
SSEG_01-1
14
-2147483646
0
48 1 16 5 0 1 0 -1 -1 432 1 -1879048189 232819 432 
14
48 1 16 5 0 1 0 -1 -1 432 1 -1879048189 1 432 
SSEG_02-1
14
-2147483646
0
48 1 16 5 0 1 0 -1 -1 432 1 -1879048189 233251 432 
14
48 1 16 5 0 1 0 -1 -1 432 1 -1879048189 1 432 
SSEG_03-1
14
-2147483646
0
48 1 16 5 0 1 0 -1 -1 432 1 -1879048189 233683 432 
14
48 1 16 5 0 1 0 -1 -1 432 1 -1879048189 1 432 
SSEG_04-1
14
-2147483646
0
48 1 16 5 0 1 0 -1 -1 432 1 -1879048189 234115 432 
14
48 1 16 5 0 1 0 -1 -1 432 1 -1879048189 1 432 
182
1 1
2 2
3 3
4 4
5 5
6 6
7 7
8 8
9 9
10 10
11 11
12 12
13 13
14 14
15 15
16 16
17 17
18 18
19 19
20 20
21 21
22 22
23 23
24 24
25 25
26 26
27 27
28 28
29 29
30 30
31 31
32 32
33 33
34 34
35 35
36 36
37 37
38 38
39 39
40 40
41 41
42 42
43 43
44 44
45 45
46 46
47 47
48 48
49 49
50 50
51 51
52 52
53 53
54 54
55 55
56 56
57 57
58 58
59 59
60 60
61 61
62 62
63 63
64 64
65 65
66 66
67 67
68 68
69 69
70 70
71 71
72 72
73 73
74 74
75 75
76 76
77 77
78 78
79 79
80 80
81 81
82 82
83 83
84 84
85 85
86 86
87 87
88 88
89 89
90 90
91 91
92 92
93 93
94 94
95 95
96 96
97 97
98 98
99 99
100 100
101 101
102 102
103 103
104 104
105 105
106 106
107 107
108 108
109 109
110 110
111 111
112 112
113 113
114 114
115 115
116 116
117 117
118 118
119 119
120 120
121 121
122 122
123 123
124 124
125 125
126 126
127 127
128 128
129 129
130 130
131 131
132 132
133 133
134 134
135 135
136 136
137 137
138 138
139 139
140 140
141 141
142 142
143 143
144 144
145 145
146 146
147 147
148 148
149 149
150 150
151 151
152 152
153 153
154 154
155 155
156 156
157 157
158 158
159 159
160 160
161 161
162 162
163 163
164 164
165 165
166 166
167 167
168 168
169 169
170 170
171 171
172 172
173 173
174 174
175 175
176 176
177 177
178 178
179 179
180 180
181 900001
182 900002
-2147483647
189

0
2
0
69

182
1 2 3 4 5 6 7 8 9 10 11 12 13 14 15 16 17 18 19 20 21 22 23 24 25 26 27 28 29 30 31 32 33 34 35 36 37 38 39 40 41 42 43 44 45 46 47 48 49 50 51 52 53 54 55 56 57 58 59 60 61 62 63 64 65 66 67 68 69 70 71 72 73 74 75 76 77 78 79 80 81 82 83 84 85 86 87 88 89 90 91 92 93 94 95 96 97 98 99 100 101 102 103 104 105 106 107 108 109 110 111 112 113 114 115 116 117 118 119 120 121 122 123 124 125 126 127 128 129 130 131 132 133 134 135 136 137 138 139 140 141 142 143 144 145 146 147 148 149 150 151 152 153 154 155 156 157 158 159 160 161 162 163 164 165 166 167 168 169 170 171 172 173 174 175 176 177 178 179 180 181 182 
HOOP_TIE_CAGE_T046-1
14
-2147483647
48 1 16 5 0 1 0 -1 -1 213768 1 -1879048189 13575 213768 
PT_36X15P2-1
36
227343 227344 227345 227346 227347 227348 227349 227350 227351 227352 227353 227354 227355 227356 227357 227358 227359 227360 227361 227362 227363 227364 227365 227366 227367 227368 227369 227370 227371 227372 227373 227374 227375 227376 227377 227378 
RBLONG_01-1
216
227379 227380 227381 227382 227383 227384 227385 227386 227387 227388 227389 227390 227391 227392 227393 227394 227395 227396 227397 227398 227399 227400 227401 227402 227403 227404 227405 227406 227407 227408 227409 227410 227411 227412 227413 227414 227415 227416 227417 227418 227419 227420 227421 227422 227423 227424 227425 227426 227427 227428 227429 227430 227431 227432 227433 227434 227435 227436 227437 227438 227439 227440 227441 227442 227443 227444 227445 227446 227447 227448 227449 227450 227451 227452 227453 227454 227455 227456 227457 227458 227459 227460 227461 227462 227463 227464 227465 227466 227467 227468 227469 227470 227471 227472 227473 227474 227475 227476 227477 227478 227479 227480 227481 227482 227483 227484 227485 227486 227487 227488 227489 227490 227491 227492 227493 227494 227495 227496 227497 227498 227499 227500 227501 227502 227503 227504 227505 227506 227507 227508 227509 227510 227511 227512 227513 227514 227515 227516 227517 227518 227519 227520 227521 227522 227523 227524 227525 227526 227527 227528 227529 227530 227531 227532 227533 227534 227535 227536 227537 227538 227539 227540 227541 227542 227543 227544 227545 227546 227547 227548 227549 227550 227551 227552 227553 227554 227555 227556 227557 227558 227559 227560 227561 227562 227563 227564 227565 227566 227567 227568 227569 227570 227571 227572 227573 227574 227575 227576 227577 227578 227579 227580 227581 227582 227583 227584 227585 227586 227587 227588 227589 227590 227591 227592 227593 227594 
RBLONG_02-1
216
227595 227596 227597 227598 227599 227600 227601 227602 227603 227604 227605 227606 227607 227608 227609 227610 227611 227612 227613 227614 227615 227616 227617 227618 227619 227620 227621 227622 227623 227624 227625 227626 227627 227628 227629 227630 227631 227632 227633 227634 227635 227636 227637 227638 227639 227640 227641 227642 227643 227644 227645 227646 227647 227648 227649 227650 227651 227652 227653 227654 227655 227656 227657 227658 227659 227660 227661 227662 227663 227664 227665 227666 227667 227668 227669 227670 227671 227672 227673 227674 227675 227676 227677 227678 227679 227680 227681 227682 227683 227684 227685 227686 227687 227688 227689 227690 227691 227692 227693 227694 227695 227696 227697 227698 227699 227700 227701 227702 227703 227704 227705 227706 227707 227708 227709 227710 227711 227712 227713 227714 227715 227716 227717 227718 227719 227720 227721 227722 227723 227724 227725 227726 227727 227728 227729 227730 227731 227732 227733 227734 227735 227736 227737 227738 227739 227740 227741 227742 227743 227744 227745 227746 227747 227748 227749 227750 227751 227752 227753 227754 227755 227756 227757 227758 227759 227760 227761 227762 227763 227764 227765 227766 227767 227768 227769 227770 227771 227772 227773 227774 227775 227776 227777 227778 227779 227780 227781 227782 227783 227784 227785 227786 227787 227788 227789 227790 227791 227792 227793 227794 227795 227796 227797 227798 227799 227800 227801 227802 227803 227804 227805 227806 227807 227808 227809 227810 
RBLONG_03-1
216
227811 227812 227813 227814 227815 227816 227817 227818 227819 227820 227821 227822 227823 227824 227825 227826 227827 227828 227829 227830 227831 227832 227833 227834 227835 227836 227837 227838 227839 227840 227841 227842 227843 227844 227845 227846 227847 227848 227849 227850 227851 227852 227853 227854 227855 227856 227857 227858 227859 227860 227861 227862 227863 227864 227865 227866 227867 227868 227869 227870 227871 227872 227873 227874 227875 227876 227877 227878 227879 227880 227881 227882 227883 227884 227885 227886 227887 227888 227889 227890 227891 227892 227893 227894 227895 227896 227897 227898 227899 227900 227901 227902 227903 227904 227905 227906 227907 227908 227909 227910 227911 227912 227913 227914 227915 227916 227917 227918 227919 227920 227921 227922 227923 227924 227925 227926 227927 227928 227929 227930 227931 227932 227933 227934 227935 227936 227937 227938 227939 227940 227941 227942 227943 227944 227945 227946 227947 227948 227949 227950 227951 227952 227953 227954 227955 227956 227957 227958 227959 227960 227961 227962 227963 227964 227965 227966 227967 227968 227969 227970 227971 227972 227973 227974 227975 227976 227977 227978 227979 227980 227981 227982 227983 227984 227985 227986 227987 227988 227989 227990 227991 227992 227993 227994 227995 227996 227997 227998 227999 228000 228001 228002 228003 228004 228005 228006 228007 228008 228009 228010 228011 228012 228013 228014 228015 228016 228017 228018 228019 228020 228021 228022 228023 228024 228025 228026 
RBLONG_04-1
216
228027 228028 228029 228030 228031 228032 228033 228034 228035 228036 228037 228038 228039 228040 228041 228042 228043 228044 228045 228046 228047 228048 228049 228050 228051 228052 228053 228054 228055 228056 228057 228058 228059 228060 228061 228062 228063 228064 228065 228066 228067 228068 228069 228070 228071 228072 228073 228074 228075 228076 228077 228078 228079 228080 228081 228082 228083 228084 228085 228086 228087 228088 228089 228090 228091 228092 228093 228094 228095 228096 228097 228098 228099 228100 228101 228102 228103 228104 228105 228106 228107 228108 228109 228110 228111 228112 228113 228114 228115 228116 228117 228118 228119 228120 228121 228122 228123 228124 228125 228126 228127 228128 228129 228130 228131 228132 228133 228134 228135 228136 228137 228138 228139 228140 228141 228142 228143 228144 228145 228146 228147 228148 228149 228150 228151 228152 228153 228154 228155 228156 228157 228158 228159 228160 228161 228162 228163 228164 228165 228166 228167 228168 228169 228170 228171 228172 228173 228174 228175 228176 228177 228178 228179 228180 228181 228182 228183 228184 228185 228186 228187 228188 228189 228190 228191 228192 228193 228194 228195 228196 228197 228198 228199 228200 228201 228202 228203 228204 228205 228206 228207 228208 228209 228210 228211 228212 228213 228214 228215 228216 228217 228218 228219 228220 228221 228222 228223 228224 228225 228226 228227 228228 228229 228230 228231 228232 228233 228234 228235 228236 228237 228238 228239 228240 228241 228242 
RBLONG_06-1
192
228435 228436 228437 228438 228439 228440 228441 228442 228443 228444 228445 228446 228447 228448 228449 228450 228451 228452 228453 228454 228455 228456 228457 228458 228459 228460 228461 228462 228463 228464 228465 228466 228467 228468 228469 228470 228471 228472 228473 228474 228475 228476 228477 228478 228479 228480 228481 228482 228483 228484 228485 228486 228487 228488 228489 228490 228491 228492 228493 228494 228495 228496 228497 228498 228499 228500 228501 228502 228503 228504 228505 228506 228507 228508 228509 228510 228511 228512 228513 228514 228515 228516 228517 228518 228519 228520 228521 228522 228523 228524 228525 228526 228527 228528 228529 228530 228531 228532 228533 228534 228535 228536 228537 228538 228539 228540 228541 228542 228543 228544 228545 228546 228547 228548 228549 228550 228551 228552 228553 228554 228555 228556 228557 228558 228559 228560 228561 228562 228563 228564 228565 228566 228567 228568 228569 228570 228571 228572 228573 228574 228575 228576 228577 228578 228579 228580 228581 228582 228583 228584 228585 228586 228587 228588 228589 228590 228591 228592 228593 228594 228595 228596 228597 228598 228599 228600 228601 228602 228603 228604 228605 228606 228607 228608 228609 228610 228611 228612 228613 228614 228615 228616 228617 228618 228619 228620 228621 228622 228623 228624 228625 228626 
RBLONG_08-1
192
228819 228820 228821 228822 228823 228824 228825 228826 228827 228828 228829 228830 228831 228832 228833 228834 228835 228836 228837 228838 228839 228840 228841 228842 228843 228844 228845 228846 228847 228848 228849 228850 228851 228852 228853 228854 228855 228856 228857 228858 228859 228860 228861 228862 228863 228864 228865 228866 228867 228868 228869 228870 228871 228872 228873 228874 228875 228876 228877 228878 228879 228880 228881 228882 228883 228884 228885 228886 228887 228888 228889 228890 228891 228892 228893 228894 228895 228896 228897 228898 228899 228900 228901 228902 228903 228904 228905 228906 228907 228908 228909 228910 228911 228912 228913 228914 228915 228916 228917 228918 228919 228920 228921 228922 228923 228924 228925 228926 228927 228928 228929 228930 228931 228932 228933 228934 228935 228936 228937 228938 228939 228940 228941 228942 228943 228944 228945 228946 228947 228948 228949 228950 228951 228952 228953 228954 228955 228956 228957 228958 228959 228960 228961 228962 228963 228964 228965 228966 228967 228968 228969 228970 228971 228972 228973 228974 228975 228976 228977 228978 228979 228980 228981 228982 228983 228984 228985 228986 228987 228988 228989 228990 228991 228992 228993 228994 228995 228996 228997 228998 228999 229000 229001 229002 229003 229004 229005 229006 229007 229008 229009 229010 
RBLONG_20-1
168
230979 230980 230981 230982 230983 230984 230985 230986 230987 230988 230989 230990 230991 230992 230993 230994 230995 230996 230997 230998 230999 231000 231001 231002 231003 231004 231005 231006 231007 231008 231009 231010 231011 231012 231013 231014 231015 231016 231017 231018 231019 231020 231021 231022 231023 231024 231025 231026 231027 231028 231029 231030 231031 231032 231033 231034 231035 231036 231037 231038 231039 231040 231041 231042 231043 231044 231045 231046 231047 231048 231049 231050 231051 231052 231053 231054 231055 231056 231057 231058 231059 231060 231061 231062 231063 231064 231065 231066 231067 231068 231069 231070 231071 231072 231073 231074 231075 231076 231077 231078 231079 231080 231081 231082 231083 231084 231085 231086 231087 231088 231089 231090 231091 231092 231093 231094 231095 231096 231097 231098 231099 231100 231101 231102 231103 231104 231105 231106 231107 231108 231109 231110 231111 231112 231113 231114 231115 231116 231117 231118 231119 231120 231121 231122 231123 231124 231125 231126 231127 231128 231129 231130 231131 231132 231133 231134 231135 231136 231137 231138 231139 231140 231141 231142 231143 231144 231145 231146 
RBLONG_22-1
152
231299 231300 231301 231302 231303 231304 231305 231306 231307 231308 231309 231310 231311 231312 231313 231314 231315 231316 231317 231318 231319 231320 231321 231322 231323 231324 231325 231326 231327 231328 231329 231330 231331 231332 231333 231334 231335 231336 231337 231338 231339 231340 231341 231342 231343 231344 231345 231346 231347 231348 231349 231350 231351 231352 231353 231354 231355 231356 231357 231358 231359 231360 231361 231362 231363 231364 231365 231366 231367 231368 231369 231370 231371 231372 231373 231374 231375 231376 231377 231378 231379 231380 231381 231382 231383 231384 231385 231386 231387 231388 231389 231390 231391 231392 231393 231394 231395 231396 231397 231398 231399 231400 231401 231402 231403 231404 231405 231406 231407 231408 231409 231410 231411 231412 231413 231414 231415 231416 231417 231418 231419 231420 231421 231422 231423 231424 231425 231426 231427 231428 231429 231430 231431 231432 231433 231434 231435 231436 231437 231438 231439 231440 231441 231442 231443 231444 231445 231446 231447 231448 231449 231450 
RBLONG_24-1
152
231603 231604 231605 231606 231607 231608 231609 231610 231611 231612 231613 231614 231615 231616 231617 231618 231619 231620 231621 231622 231623 231624 231625 231626 231627 231628 231629 231630 231631 231632 231633 231634 231635 231636 231637 231638 231639 231640 231641 231642 231643 231644 231645 231646 231647 231648 231649 231650 231651 231652 231653 231654 231655 231656 231657 231658 231659 231660 231661 231662 231663 231664 231665 231666 231667 231668 231669 231670 231671 231672 231673 231674 231675 231676 231677 231678 231679 231680 231681 231682 231683 231684 231685 231686 231687 231688 231689 231690 231691 231692 231693 231694 231695 231696 231697 231698 231699 231700 231701 231702 231703 231704 231705 231706 231707 231708 231709 231710 231711 231712 231713 231714 231715 231716 231717 231718 231719 231720 231721 231722 231723 231724 231725 231726 231727 231728 231729 231730 231731 231732 231733 231734 231735 231736 231737 231738 231739 231740 231741 231742 231743 231744 231745 231746 231747 231748 231749 231750 231751 231752 231753 231754 
RBLONG_26-1
152
231907 231908 231909 231910 231911 231912 231913 231914 231915 231916 231917 231918 231919 231920 231921 231922 231923 231924 231925 231926 231927 231928 231929 231930 231931 231932 231933 231934 231935 231936 231937 231938 231939 231940 231941 231942 231943 231944 231945 231946 231947 231948 231949 231950 231951 231952 231953 231954 231955 231956 231957 231958 231959 231960 231961 231962 231963 231964 231965 231966 231967 231968 231969 231970 231971 231972 231973 231974 231975 231976 231977 231978 231979 231980 231981 231982 231983 231984 231985 231986 231987 231988 231989 231990 231991 231992 231993 231994 231995 231996 231997 231998 231999 232000 232001 232002 232003 232004 232005 232006 232007 232008 232009 232010 232011 232012 232013 232014 232015 232016 232017 232018 232019 232020 232021 232022 232023 232024 232025 232026 232027 232028 232029 232030 232031 232032 232033 232034 232035 232036 232037 232038 232039 232040 232041 232042 232043 232044 232045 232046 232047 232048 232049 232050 232051 232052 232053 232054 232055 232056 232057 232058 
RBLONG_28-1
152
232211 232212 232213 232214 232215 232216 232217 232218 232219 232220 232221 232222 232223 232224 232225 232226 232227 232228 232229 232230 232231 232232 232233 232234 232235 232236 232237 232238 232239 232240 232241 232242 232243 232244 232245 232246 232247 232248 232249 232250 232251 232252 232253 232254 232255 232256 232257 232258 232259 232260 232261 232262 232263 232264 232265 232266 232267 232268 232269 232270 232271 232272 232273 232274 232275 232276 232277 232278 232279 232280 232281 232282 232283 232284 232285 232286 232287 232288 232289 232290 232291 232292 232293 232294 232295 232296 232297 232298 232299 232300 232301 232302 232303 232304 232305 232306 232307 232308 232309 232310 232311 232312 232313 232314 232315 232316 232317 232318 232319 232320 232321 232322 232323 232324 232325 232326 232327 232328 232329 232330 232331 232332 232333 232334 232335 232336 232337 232338 232339 232340 232341 232342 232343 232344 232345 232346 232347 232348 232349 232350 232351 232352 232353 232354 232355 232356 232357 232358 232359 232360 232361 232362 
RBLONG_10-1
192
229203 229204 229205 229206 229207 229208 229209 229210 229211 229212 229213 229214 229215 229216 229217 229218 229219 229220 229221 229222 229223 229224 229225 229226 229227 229228 229229 229230 229231 229232 229233 229234 229235 229236 229237 229238 229239 229240 229241 229242 229243 229244 229245 229246 229247 229248 229249 229250 229251 229252 229253 229254 229255 229256 229257 229258 229259 229260 229261 229262 229263 229264 229265 229266 229267 229268 229269 229270 229271 229272 229273 229274 229275 229276 229277 229278 229279 229280 229281 229282 229283 229284 229285 229286 229287 229288 229289 229290 229291 229292 229293 229294 229295 229296 229297 229298 229299 229300 229301 229302 229303 229304 229305 229306 229307 229308 229309 229310 229311 229312 229313 229314 229315 229316 229317 229318 229319 229320 229321 229322 229323 229324 229325 229326 229327 229328 229329 229330 229331 229332 229333 229334 229335 229336 229337 229338 229339 229340 229341 229342 229343 229344 229345 229346 229347 229348 229349 229350 229351 229352 229353 229354 229355 229356 229357 229358 229359 229360 229361 229362 229363 229364 229365 229366 229367 229368 229369 229370 229371 229372 229373 229374 229375 229376 229377 229378 229379 229380 229381 229382 229383 229384 229385 229386 229387 229388 229389 229390 229391 229392 229393 229394 
RBLONG_12-1
180
229587 229588 229589 229590 229591 229592 229593 229594 229595 229596 229597 229598 229599 229600 229601 229602 229603 229604 229605 229606 229607 229608 229609 229610 229611 229612 229613 229614 229615 229616 229617 229618 229619 229620 229621 229622 229623 229624 229625 229626 229627 229628 229629 229630 229631 229632 229633 229634 229635 229636 229637 229638 229639 229640 229641 229642 229643 229644 229645 229646 229647 229648 229649 229650 229651 229652 229653 229654 229655 229656 229657 229658 229659 229660 229661 229662 229663 229664 229665 229666 229667 229668 229669 229670 229671 229672 229673 229674 229675 229676 229677 229678 229679 229680 229681 229682 229683 229684 229685 229686 229687 229688 229689 229690 229691 229692 229693 229694 229695 229696 229697 229698 229699 229700 229701 229702 229703 229704 229705 229706 229707 229708 229709 229710 229711 229712 229713 229714 229715 229716 229717 229718 229719 229720 229721 229722 229723 229724 229725 229726 229727 229728 229729 229730 229731 229732 229733 229734 229735 229736 229737 229738 229739 229740 229741 229742 229743 229744 229745 229746 229747 229748 229749 229750 229751 229752 229753 229754 229755 229756 229757 229758 229759 229760 229761 229762 229763 229764 229765 229766 
RBLONG_14-1
180
229947 229948 229949 229950 229951 229952 229953 229954 229955 229956 229957 229958 229959 229960 229961 229962 229963 229964 229965 229966 229967 229968 229969 229970 229971 229972 229973 229974 229975 229976 229977 229978 229979 229980 229981 229982 229983 229984 229985 229986 229987 229988 229989 229990 229991 229992 229993 229994 229995 229996 229997 229998 229999 230000 230001 230002 230003 230004 230005 230006 230007 230008 230009 230010 230011 230012 230013 230014 230015 230016 230017 230018 230019 230020 230021 230022 230023 230024 230025 230026 230027 230028 230029 230030 230031 230032 230033 230034 230035 230036 230037 230038 230039 230040 230041 230042 230043 230044 230045 230046 230047 230048 230049 230050 230051 230052 230053 230054 230055 230056 230057 230058 230059 230060 230061 230062 230063 230064 230065 230066 230067 230068 230069 230070 230071 230072 230073 230074 230075 230076 230077 230078 230079 230080 230081 230082 230083 230084 230085 230086 230087 230088 230089 230090 230091 230092 230093 230094 230095 230096 230097 230098 230099 230100 230101 230102 230103 230104 230105 230106 230107 230108 230109 230110 230111 230112 230113 230114 230115 230116 230117 230118 230119 230120 230121 230122 230123 230124 230125 230126 
RBLONG_16-1
168
230307 230308 230309 230310 230311 230312 230313 230314 230315 230316 230317 230318 230319 230320 230321 230322 230323 230324 230325 230326 230327 230328 230329 230330 230331 230332 230333 230334 230335 230336 230337 230338 230339 230340 230341 230342 230343 230344 230345 230346 230347 230348 230349 230350 230351 230352 230353 230354 230355 230356 230357 230358 230359 230360 230361 230362 230363 230364 230365 230366 230367 230368 230369 230370 230371 230372 230373 230374 230375 230376 230377 230378 230379 230380 230381 230382 230383 230384 230385 230386 230387 230388 230389 230390 230391 230392 230393 230394 230395 230396 230397 230398 230399 230400 230401 230402 230403 230404 230405 230406 230407 230408 230409 230410 230411 230412 230413 230414 230415 230416 230417 230418 230419 230420 230421 230422 230423 230424 230425 230426 230427 230428 230429 230430 230431 230432 230433 230434 230435 230436 230437 230438 230439 230440 230441 230442 230443 230444 230445 230446 230447 230448 230449 230450 230451 230452 230453 230454 230455 230456 230457 230458 230459 230460 230461 230462 230463 230464 230465 230466 230467 230468 230469 230470 230471 230472 230473 230474 
RBLONG_18-1
168
230643 230644 230645 230646 230647 230648 230649 230650 230651 230652 230653 230654 230655 230656 230657 230658 230659 230660 230661 230662 230663 230664 230665 230666 230667 230668 230669 230670 230671 230672 230673 230674 230675 230676 230677 230678 230679 230680 230681 230682 230683 230684 230685 230686 230687 230688 230689 230690 230691 230692 230693 230694 230695 230696 230697 230698 230699 230700 230701 230702 230703 230704 230705 230706 230707 230708 230709 230710 230711 230712 230713 230714 230715 230716 230717 230718 230719 230720 230721 230722 230723 230724 230725 230726 230727 230728 230729 230730 230731 230732 230733 230734 230735 230736 230737 230738 230739 230740 230741 230742 230743 230744 230745 230746 230747 230748 230749 230750 230751 230752 230753 230754 230755 230756 230757 230758 230759 230760 230761 230762 230763 230764 230765 230766 230767 230768 230769 230770 230771 230772 230773 230774 230775 230776 230777 230778 230779 230780 230781 230782 230783 230784 230785 230786 230787 230788 230789 230790 230791 230792 230793 230794 230795 230796 230797 230798 230799 230800 230801 230802 230803 230804 230805 230806 230807 230808 230809 230810 
RBLONG_30-1
152
232515 232516 232517 232518 232519 232520 232521 232522 232523 232524 232525 232526 232527 232528 232529 232530 232531 232532 232533 232534 232535 232536 232537 232538 232539 232540 232541 232542 232543 232544 232545 232546 232547 232548 232549 232550 232551 232552 232553 232554 232555 232556 232557 232558 232559 232560 232561 232562 232563 232564 232565 232566 232567 232568 232569 232570 232571 232572 232573 232574 232575 232576 232577 232578 232579 232580 232581 232582 232583 232584 232585 232586 232587 232588 232589 232590 232591 232592 232593 232594 232595 232596 232597 232598 232599 232600 232601 232602 232603 232604 232605 232606 232607 232608 232609 232610 232611 232612 232613 232614 232615 232616 232617 232618 232619 232620 232621 232622 232623 232624 232625 232626 232627 232628 232629 232630 232631 232632 232633 232634 232635 232636 232637 232638 232639 232640 232641 232642 232643 232644 232645 232646 232647 232648 232649 232650 232651 232652 232653 232654 232655 232656 232657 232658 232659 232660 232661 232662 232663 232664 232665 232666 
RBLONG_05-1
192
228243 228244 228245 228246 228247 228248 228249 228250 228251 228252 228253 228254 228255 228256 228257 228258 228259 228260 228261 228262 228263 228264 228265 228266 228267 228268 228269 228270 228271 228272 228273 228274 228275 228276 228277 228278 228279 228280 228281 228282 228283 228284 228285 228286 228287 228288 228289 228290 228291 228292 228293 228294 228295 228296 228297 228298 228299 228300 228301 228302 228303 228304 228305 228306 228307 228308 228309 228310 228311 228312 228313 228314 228315 228316 228317 228318 228319 228320 228321 228322 228323 228324 228325 228326 228327 228328 228329 228330 228331 228332 228333 228334 228335 228336 228337 228338 228339 228340 228341 228342 228343 228344 228345 228346 228347 228348 228349 228350 228351 228352 228353 228354 228355 228356 228357 228358 228359 228360 228361 228362 228363 228364 228365 228366 228367 228368 228369 228370 228371 228372 228373 228374 228375 228376 228377 228378 228379 228380 228381 228382 228383 228384 228385 228386 228387 228388 228389 228390 228391 228392 228393 228394 228395 228396 228397 228398 228399 228400 228401 228402 228403 228404 228405 228406 228407 228408 228409 228410 228411 228412 228413 228414 228415 228416 228417 228418 228419 228420 228421 228422 228423 228424 228425 228426 228427 228428 228429 228430 228431 228432 228433 228434 
RBLONG_07-1
192
228627 228628 228629 228630 228631 228632 228633 228634 228635 228636 228637 228638 228639 228640 228641 228642 228643 228644 228645 228646 228647 228648 228649 228650 228651 228652 228653 228654 228655 228656 228657 228658 228659 228660 228661 228662 228663 228664 228665 228666 228667 228668 228669 228670 228671 228672 228673 228674 228675 228676 228677 228678 228679 228680 228681 228682 228683 228684 228685 228686 228687 228688 228689 228690 228691 228692 228693 228694 228695 228696 228697 228698 228699 228700 228701 228702 228703 228704 228705 228706 228707 228708 228709 228710 228711 228712 228713 228714 228715 228716 228717 228718 228719 228720 228721 228722 228723 228724 228725 228726 228727 228728 228729 228730 228731 228732 228733 228734 228735 228736 228737 228738 228739 228740 228741 228742 228743 228744 228745 228746 228747 228748 228749 228750 228751 228752 228753 228754 228755 228756 228757 228758 228759 228760 228761 228762 228763 228764 228765 228766 228767 228768 228769 228770 228771 228772 228773 228774 228775 228776 228777 228778 228779 228780 228781 228782 228783 228784 228785 228786 228787 228788 228789 228790 228791 228792 228793 228794 228795 228796 228797 228798 228799 228800 228801 228802 228803 228804 228805 228806 228807 228808 228809 228810 228811 228812 228813 228814 228815 228816 228817 228818 
RBLONG_09-1
192
229011 229012 229013 229014 229015 229016 229017 229018 229019 229020 229021 229022 229023 229024 229025 229026 229027 229028 229029 229030 229031 229032 229033 229034 229035 229036 229037 229038 229039 229040 229041 229042 229043 229044 229045 229046 229047 229048 229049 229050 229051 229052 229053 229054 229055 229056 229057 229058 229059 229060 229061 229062 229063 229064 229065 229066 229067 229068 229069 229070 229071 229072 229073 229074 229075 229076 229077 229078 229079 229080 229081 229082 229083 229084 229085 229086 229087 229088 229089 229090 229091 229092 229093 229094 229095 229096 229097 229098 229099 229100 229101 229102 229103 229104 229105 229106 229107 229108 229109 229110 229111 229112 229113 229114 229115 229116 229117 229118 229119 229120 229121 229122 229123 229124 229125 229126 229127 229128 229129 229130 229131 229132 229133 229134 229135 229136 229137 229138 229139 229140 229141 229142 229143 229144 229145 229146 229147 229148 229149 229150 229151 229152 229153 229154 229155 229156 229157 229158 229159 229160 229161 229162 229163 229164 229165 229166 229167 229168 229169 229170 229171 229172 229173 229174 229175 229176 229177 229178 229179 229180 229181 229182 229183 229184 229185 229186 229187 229188 229189 229190 229191 229192 229193 229194 229195 229196 229197 229198 229199 229200 229201 229202 
RBLONG_21-1
152
231147 231148 231149 231150 231151 231152 231153 231154 231155 231156 231157 231158 231159 231160 231161 231162 231163 231164 231165 231166 231167 231168 231169 231170 231171 231172 231173 231174 231175 231176 231177 231178 231179 231180 231181 231182 231183 231184 231185 231186 231187 231188 231189 231190 231191 231192 231193 231194 231195 231196 231197 231198 231199 231200 231201 231202 231203 231204 231205 231206 231207 231208 231209 231210 231211 231212 231213 231214 231215 231216 231217 231218 231219 231220 231221 231222 231223 231224 231225 231226 231227 231228 231229 231230 231231 231232 231233 231234 231235 231236 231237 231238 231239 231240 231241 231242 231243 231244 231245 231246 231247 231248 231249 231250 231251 231252 231253 231254 231255 231256 231257 231258 231259 231260 231261 231262 231263 231264 231265 231266 231267 231268 231269 231270 231271 231272 231273 231274 231275 231276 231277 231278 231279 231280 231281 231282 231283 231284 231285 231286 231287 231288 231289 231290 231291 231292 231293 231294 231295 231296 231297 231298 
RBLONG_23-1
152
231451 231452 231453 231454 231455 231456 231457 231458 231459 231460 231461 231462 231463 231464 231465 231466 231467 231468 231469 231470 231471 231472 231473 231474 231475 231476 231477 231478 231479 231480 231481 231482 231483 231484 231485 231486 231487 231488 231489 231490 231491 231492 231493 231494 231495 231496 231497 231498 231499 231500 231501 231502 231503 231504 231505 231506 231507 231508 231509 231510 231511 231512 231513 231514 231515 231516 231517 231518 231519 231520 231521 231522 231523 231524 231525 231526 231527 231528 231529 231530 231531 231532 231533 231534 231535 231536 231537 231538 231539 231540 231541 231542 231543 231544 231545 231546 231547 231548 231549 231550 231551 231552 231553 231554 231555 231556 231557 231558 231559 231560 231561 231562 231563 231564 231565 231566 231567 231568 231569 231570 231571 231572 231573 231574 231575 231576 231577 231578 231579 231580 231581 231582 231583 231584 231585 231586 231587 231588 231589 231590 231591 231592 231593 231594 231595 231596 231597 231598 231599 231600 231601 231602 
RBLONG_25-1
152
231755 231756 231757 231758 231759 231760 231761 231762 231763 231764 231765 231766 231767 231768 231769 231770 231771 231772 231773 231774 231775 231776 231777 231778 231779 231780 231781 231782 231783 231784 231785 231786 231787 231788 231789 231790 231791 231792 231793 231794 231795 231796 231797 231798 231799 231800 231801 231802 231803 231804 231805 231806 231807 231808 231809 231810 231811 231812 231813 231814 231815 231816 231817 231818 231819 231820 231821 231822 231823 231824 231825 231826 231827 231828 231829 231830 231831 231832 231833 231834 231835 231836 231837 231838 231839 231840 231841 231842 231843 231844 231845 231846 231847 231848 231849 231850 231851 231852 231853 231854 231855 231856 231857 231858 231859 231860 231861 231862 231863 231864 231865 231866 231867 231868 231869 231870 231871 231872 231873 231874 231875 231876 231877 231878 231879 231880 231881 231882 231883 231884 231885 231886 231887 231888 231889 231890 231891 231892 231893 231894 231895 231896 231897 231898 231899 231900 231901 231902 231903 231904 231905 231906 
RBLONG_27-1
152
232059 232060 232061 232062 232063 232064 232065 232066 232067 232068 232069 232070 232071 232072 232073 232074 232075 232076 232077 232078 232079 232080 232081 232082 232083 232084 232085 232086 232087 232088 232089 232090 232091 232092 232093 232094 232095 232096 232097 232098 232099 232100 232101 232102 232103 232104 232105 232106 232107 232108 232109 232110 232111 232112 232113 232114 232115 232116 232117 232118 232119 232120 232121 232122 232123 232124 232125 232126 232127 232128 232129 232130 232131 232132 232133 232134 232135 232136 232137 232138 232139 232140 232141 232142 232143 232144 232145 232146 232147 232148 232149 232150 232151 232152 232153 232154 232155 232156 232157 232158 232159 232160 232161 232162 232163 232164 232165 232166 232167 232168 232169 232170 232171 232172 232173 232174 232175 232176 232177 232178 232179 232180 232181 232182 232183 232184 232185 232186 232187 232188 232189 232190 232191 232192 232193 232194 232195 232196 232197 232198 232199 232200 232201 232202 232203 232204 232205 232206 232207 232208 232209 232210 
RBLONG_29-1
152
232363 232364 232365 232366 232367 232368 232369 232370 232371 232372 232373 232374 232375 232376 232377 232378 232379 232380 232381 232382 232383 232384 232385 232386 232387 232388 232389 232390 232391 232392 232393 232394 232395 232396 232397 232398 232399 232400 232401 232402 232403 232404 232405 232406 232407 232408 232409 232410 232411 232412 232413 232414 232415 232416 232417 232418 232419 232420 232421 232422 232423 232424 232425 232426 232427 232428 232429 232430 232431 232432 232433 232434 232435 232436 232437 232438 232439 232440 232441 232442 232443 232444 232445 232446 232447 232448 232449 232450 232451 232452 232453 232454 232455 232456 232457 232458 232459 232460 232461 232462 232463 232464 232465 232466 232467 232468 232469 232470 232471 232472 232473 232474 232475 232476 232477 232478 232479 232480 232481 232482 232483 232484 232485 232486 232487 232488 232489 232490 232491 232492 232493 232494 232495 232496 232497 232498 232499 232500 232501 232502 232503 232504 232505 232506 232507 232508 232509 232510 232511 232512 232513 232514 
RBLONG_11-1
192
229395 229396 229397 229398 229399 229400 229401 229402 229403 229404 229405 229406 229407 229408 229409 229410 229411 229412 229413 229414 229415 229416 229417 229418 229419 229420 229421 229422 229423 229424 229425 229426 229427 229428 229429 229430 229431 229432 229433 229434 229435 229436 229437 229438 229439 229440 229441 229442 229443 229444 229445 229446 229447 229448 229449 229450 229451 229452 229453 229454 229455 229456 229457 229458 229459 229460 229461 229462 229463 229464 229465 229466 229467 229468 229469 229470 229471 229472 229473 229474 229475 229476 229477 229478 229479 229480 229481 229482 229483 229484 229485 229486 229487 229488 229489 229490 229491 229492 229493 229494 229495 229496 229497 229498 229499 229500 229501 229502 229503 229504 229505 229506 229507 229508 229509 229510 229511 229512 229513 229514 229515 229516 229517 229518 229519 229520 229521 229522 229523 229524 229525 229526 229527 229528 229529 229530 229531 229532 229533 229534 229535 229536 229537 229538 229539 229540 229541 229542 229543 229544 229545 229546 229547 229548 229549 229550 229551 229552 229553 229554 229555 229556 229557 229558 229559 229560 229561 229562 229563 229564 229565 229566 229567 229568 229569 229570 229571 229572 229573 229574 229575 229576 229577 229578 229579 229580 229581 229582 229583 229584 229585 229586 
RBLONG_13-1
180
229767 229768 229769 229770 229771 229772 229773 229774 229775 229776 229777 229778 229779 229780 229781 229782 229783 229784 229785 229786 229787 229788 229789 229790 229791 229792 229793 229794 229795 229796 229797 229798 229799 229800 229801 229802 229803 229804 229805 229806 229807 229808 229809 229810 229811 229812 229813 229814 229815 229816 229817 229818 229819 229820 229821 229822 229823 229824 229825 229826 229827 229828 229829 229830 229831 229832 229833 229834 229835 229836 229837 229838 229839 229840 229841 229842 229843 229844 229845 229846 229847 229848 229849 229850 229851 229852 229853 229854 229855 229856 229857 229858 229859 229860 229861 229862 229863 229864 229865 229866 229867 229868 229869 229870 229871 229872 229873 229874 229875 229876 229877 229878 229879 229880 229881 229882 229883 229884 229885 229886 229887 229888 229889 229890 229891 229892 229893 229894 229895 229896 229897 229898 229899 229900 229901 229902 229903 229904 229905 229906 229907 229908 229909 229910 229911 229912 229913 229914 229915 229916 229917 229918 229919 229920 229921 229922 229923 229924 229925 229926 229927 229928 229929 229930 229931 229932 229933 229934 229935 229936 229937 229938 229939 229940 229941 229942 229943 229944 229945 229946 
RBLONG_15-1
180
230127 230128 230129 230130 230131 230132 230133 230134 230135 230136 230137 230138 230139 230140 230141 230142 230143 230144 230145 230146 230147 230148 230149 230150 230151 230152 230153 230154 230155 230156 230157 230158 230159 230160 230161 230162 230163 230164 230165 230166 230167 230168 230169 230170 230171 230172 230173 230174 230175 230176 230177 230178 230179 230180 230181 230182 230183 230184 230185 230186 230187 230188 230189 230190 230191 230192 230193 230194 230195 230196 230197 230198 230199 230200 230201 230202 230203 230204 230205 230206 230207 230208 230209 230210 230211 230212 230213 230214 230215 230216 230217 230218 230219 230220 230221 230222 230223 230224 230225 230226 230227 230228 230229 230230 230231 230232 230233 230234 230235 230236 230237 230238 230239 230240 230241 230242 230243 230244 230245 230246 230247 230248 230249 230250 230251 230252 230253 230254 230255 230256 230257 230258 230259 230260 230261 230262 230263 230264 230265 230266 230267 230268 230269 230270 230271 230272 230273 230274 230275 230276 230277 230278 230279 230280 230281 230282 230283 230284 230285 230286 230287 230288 230289 230290 230291 230292 230293 230294 230295 230296 230297 230298 230299 230300 230301 230302 230303 230304 230305 230306 
RBLONG_17-1
168
230475 230476 230477 230478 230479 230480 230481 230482 230483 230484 230485 230486 230487 230488 230489 230490 230491 230492 230493 230494 230495 230496 230497 230498 230499 230500 230501 230502 230503 230504 230505 230506 230507 230508 230509 230510 230511 230512 230513 230514 230515 230516 230517 230518 230519 230520 230521 230522 230523 230524 230525 230526 230527 230528 230529 230530 230531 230532 230533 230534 230535 230536 230537 230538 230539 230540 230541 230542 230543 230544 230545 230546 230547 230548 230549 230550 230551 230552 230553 230554 230555 230556 230557 230558 230559 230560 230561 230562 230563 230564 230565 230566 230567 230568 230569 230570 230571 230572 230573 230574 230575 230576 230577 230578 230579 230580 230581 230582 230583 230584 230585 230586 230587 230588 230589 230590 230591 230592 230593 230594 230595 230596 230597 230598 230599 230600 230601 230602 230603 230604 230605 230606 230607 230608 230609 230610 230611 230612 230613 230614 230615 230616 230617 230618 230619 230620 230621 230622 230623 230624 230625 230626 230627 230628 230629 230630 230631 230632 230633 230634 230635 230636 230637 230638 230639 230640 230641 230642 
RBLONG_19-1
168
230811 230812 230813 230814 230815 230816 230817 230818 230819 230820 230821 230822 230823 230824 230825 230826 230827 230828 230829 230830 230831 230832 230833 230834 230835 230836 230837 230838 230839 230840 230841 230842 230843 230844 230845 230846 230847 230848 230849 230850 230851 230852 230853 230854 230855 230856 230857 230858 230859 230860 230861 230862 230863 230864 230865 230866 230867 230868 230869 230870 230871 230872 230873 230874 230875 230876 230877 230878 230879 230880 230881 230882 230883 230884 230885 230886 230887 230888 230889 230890 230891 230892 230893 230894 230895 230896 230897 230898 230899 230900 230901 230902 230903 230904 230905 230906 230907 230908 230909 230910 230911 230912 230913 230914 230915 230916 230917 230918 230919 230920 230921 230922 230923 230924 230925 230926 230927 230928 230929 230930 230931 230932 230933 230934 230935 230936 230937 230938 230939 230940 230941 230942 230943 230944 230945 230946 230947 230948 230949 230950 230951 230952 230953 230954 230955 230956 230957 230958 230959 230960 230961 230962 230963 230964 230965 230966 230967 230968 230969 230970 230971 230972 230973 230974 230975 230976 230977 230978 
RBLONG_31-1
152
232667 232668 232669 232670 232671 232672 232673 232674 232675 232676 232677 232678 232679 232680 232681 232682 232683 232684 232685 232686 232687 232688 232689 232690 232691 232692 232693 232694 232695 232696 232697 232698 232699 232700 232701 232702 232703 232704 232705 232706 232707 232708 232709 232710 232711 232712 232713 232714 232715 232716 232717 232718 232719 232720 232721 232722 232723 232724 232725 232726 232727 232728 232729 232730 232731 232732 232733 232734 232735 232736 232737 232738 232739 232740 232741 232742 232743 232744 232745 232746 232747 232748 232749 232750 232751 232752 232753 232754 232755 232756 232757 232758 232759 232760 232761 232762 232763 232764 232765 232766 232767 232768 232769 232770 232771 232772 232773 232774 232775 232776 232777 232778 232779 232780 232781 232782 232783 232784 232785 232786 232787 232788 232789 232790 232791 232792 232793 232794 232795 232796 232797 232798 232799 232800 232801 232802 232803 232804 232805 232806 232807 232808 232809 232810 232811 232812 232813 232814 232815 232816 232817 232818 
CSEG_01-1
14
-2147483647
48 1 16 5 0 1 0 -1 -1 432 1 -1879048189 183 432 
CSEG_02-1
14
-2147483647
48 1 16 5 0 1 0 -1 -1 432 1 -1879048189 615 432 
CSEG_03-1
14
-2147483647
48 1 16 5 0 1 0 -1 -1 432 1 -1879048189 1047 432 
CSEG_04-1
14
-2147483647
48 1 16 5 0 1 0 -1 -1 432 1 -1879048189 1479 432 
CSEG_05-1
14
-2147483647
48 1 16 5 0 1 0 -1 -1 432 1 -1879048189 1911 432 
CSEG_06-1
14
-2147483647
48 1 16 5 0 1 0 -1 -1 432 1 -1879048189 2343 432 
CSEG_08-1
14
-2147483647
48 1 16 5 0 1 0 -1 -1 432 1 -1879048189 3207 432 
CSEG_20-1
14
-2147483647
48 1 16 5 0 1 0 -1 -1 432 1 -1879048189 8391 432 
CSEG_22-1
14
-2147483647
48 1 16 5 0 1 0 -1 -1 432 1 -1879048189 9255 432 
CSEG_24-1
14
-2147483647
48 1 16 5 0 1 0 -1 -1 432 1 -1879048189 10119 432 
CSEG_26-1
14
-2147483647
48 1 16 5 0 1 0 -1 -1 432 1 -1879048189 10983 432 
CSEG_28-1
14
-2147483647
48 1 16 5 0 1 0 -1 -1 432 1 -1879048189 11847 432 
SSEG_02-1
14
-2147483647
48 1 16 5 0 1 0 -1 -1 432 1 -1879048189 233251 432 
SSEG_04-1
14
-2147483647
48 1 16 5 0 1 0 -1 -1 432 1 -1879048189 234115 432 
CSEG_10-1
14
-2147483647
48 1 16 5 0 1 0 -1 -1 432 1 -1879048189 4071 432 
CSEG_12-1
14
-2147483647
48 1 16 5 0 1 0 -1 -1 432 1 -1879048189 4935 432 
CSEG_14-1
14
-2147483647
48 1 16 5 0 1 0 -1 -1 432 1 -1879048189 5799 432 
CSEG_16-1
14
-2147483647
48 1 16 5 0 1 0 -1 -1 432 1 -1879048189 6663 432 
CSEG_18-1
14
-2147483647
48 1 16 5 0 1 0 -1 -1 432 1 -1879048189 7527 432 
CSEG_30-1
14
-2147483647
48 1 16 5 0 1 0 -1 -1 432 1 -1879048189 12711 432 
CSEG_07-1
14
-2147483647
48 1 16 5 0 1 0 -1 -1 432 1 -1879048189 2775 432 
CSEG_09-1
14
-2147483647
48 1 16 5 0 1 0 -1 -1 432 1 -1879048189 3639 432 
CSEG_21-1
14
-2147483647
48 1 16 5 0 1 0 -1 -1 432 1 -1879048189 8823 432 
CSEG_23-1
14
-2147483647
48 1 16 5 0 1 0 -1 -1 432 1 -1879048189 9687 432 
CSEG_25-1
14
-2147483647
48 1 16 5 0 1 0 -1 -1 432 1 -1879048189 10551 432 
CSEG_27-1
14
-2147483647
48 1 16 5 0 1 0 -1 -1 432 1 -1879048189 11415 432 
CSEG_29-1
14
-2147483647
48 1 16 5 0 1 0 -1 -1 432 1 -1879048189 12279 432 
SSEG_01-1
14
-2147483647
48 1 16 5 0 1 0 -1 -1 432 1 -1879048189 232819 432 
SSEG_03-1
14
-2147483647
48 1 16 5 0 1 0 -1 -1 432 1 -1879048189 233683 432 
CSEG_11-1
14
-2147483647
48 1 16 5 0 1 0 -1 -1 432 1 -1879048189 4503 432 
CSEG_13-1
14
-2147483647
48 1 16 5 0 1 0 -1 -1 432 1 -1879048189 5367 432 
CSEG_15-1
14
-2147483647
48 1 16 5 0 1 0 -1 -1 432 1 -1879048189 6231 432 
CSEG_17-1
14
-2147483647
48 1 16 5 0 1 0 -1 -1 432 1 -1879048189 7095 432 
CSEG_19-1
14
-2147483647
48 1 16 5 0 1 0 -1 -1 432 1 -1879048189 7959 432 
CSEG_31-1
14
-2147483647
48 1 16 5 0 1 0 -1 -1 432 1 -1879048189 13143 432 
0
RNA_R2_EQUIV_MASS
0
1
1
181 
0
0
RNA_R2_EQUIV_ROTARY
0
1
1
182 
0
0
SET_CH4_STRESS_CTRL
0
1
0
3
RBLONG_03-1
1
227920 
PT_36X15P2-1
1
227361 
RBLONG_05-1
1
228339 
0
SET_CSEG_ALL_ACTIVE
0
1
0
31
CSEG_01-1
14
-2147483647
48 1 16 5 0 1 0 -1 -1 432 1 -1879048189 183 432 
CSEG_03-1
14
-2147483647
48 1 16 5 0 1 0 -1 -1 432 1 -1879048189 1047 432 
CSEG_05-1
14
-2147483647
48 1 16 5 0 1 0 -1 -1 432 1 -1879048189 1911 432 
CSEG_10-1
14
-2147483647
48 1 16 5 0 1 0 -1 -1 432 1 -1879048189 4071 432 
CSEG_11-1
14
-2147483647
48 1 16 5 0 1 0 -1 -1 432 1 -1879048189 4503 432 
CSEG_13-1
14
-2147483647
48 1 16 5 0 1 0 -1 -1 432 1 -1879048189 5367 432 
CSEG_12-1
14
-2147483647
48 1 16 5 0 1 0 -1 -1 432 1 -1879048189 4935 432 
CSEG_02-1
14
-2147483647
48 1 16 5 0 1 0 -1 -1 432 1 -1879048189 615 432 
CSEG_04-1
14
-2147483647
48 1 16 5 0 1 0 -1 -1 432 1 -1879048189 1479 432 
CSEG_06-1
14
-2147483647
48 1 16 5 0 1 0 -1 -1 432 1 -1879048189 2343 432 
CSEG_08-1
14
-2147483647
48 1 16 5 0 1 0 -1 -1 432 1 -1879048189 3207 432 
CSEG_20-1
14
-2147483647
48 1 16 5 0 1 0 -1 -1 432 1 -1879048189 8391 432 
CSEG_22-1
14
-2147483647
48 1 16 5 0 1 0 -1 -1 432 1 -1879048189 9255 432 
CSEG_24-1
14
-2147483647
48 1 16 5 0 1 0 -1 -1 432 1 -1879048189 10119 432 
CSEG_26-1
14
-2147483647
48 1 16 5 0 1 0 -1 -1 432 1 -1879048189 10983 432 
CSEG_28-1
14
-2147483647
48 1 16 5 0 1 0 -1 -1 432 1 -1879048189 11847 432 
CSEG_14-1
14
-2147483647
48 1 16 5 0 1 0 -1 -1 432 1 -1879048189 5799 432 
CSEG_16-1
14
-2147483647
48 1 16 5 0 1 0 -1 -1 432 1 -1879048189 6663 432 
CSEG_18-1
14
-2147483647
48 1 16 5 0 1 0 -1 -1 432 1 -1879048189 7527 432 
CSEG_30-1
14
-2147483647
48 1 16 5 0 1 0 -1 -1 432 1 -1879048189 12711 432 
CSEG_07-1
14
-2147483647
48 1 16 5 0 1 0 -1 -1 432 1 -1879048189 2775 432 
CSEG_15-1
14
-2147483647
48 1 16 5 0 1 0 -1 -1 432 1 -1879048189 6231 432 
CSEG_09-1
14
-2147483647
48 1 16 5 0 1 0 -1 -1 432 1 -1879048189 3639 432 
CSEG_21-1
14
-2147483647
48 1 16 5 0 1 0 -1 -1 432 1 -1879048189 8823 432 
CSEG_23-1
14
-2147483647
48 1 16 5 0 1 0 -1 -1 432 1 -1879048189 9687 432 
CSEG_25-1
14
-2147483647
48 1 16 5 0 1 0 -1 -1 432 1 -1879048189 10551 432 
CSEG_27-1
14
-2147483647
48 1 16 5 0 1 0 -1 -1 432 1 -1879048189 11415 432 
CSEG_29-1
14
-2147483647
48 1 16 5 0 1 0 -1 -1 432 1 -1879048189 12279 432 
CSEG_17-1
14
-2147483647
48 1 16 5 0 1 0 -1 -1 432 1 -1879048189 7095 432 
CSEG_19-1
14
-2147483647
48 1 16 5 0 1 0 -1 -1 432 1 -1879048189 7959 432 
CSEG_31-1
14
-2147483647
48 1 16 5 0 1 0 -1 -1 432 1 -1879048189 13143 432 
0
SET_SSEG_ALL_ACTIVE
0
1
0
4
SSEG_01-1
14
-2147483647
48 1 16 5 0 1 0 -1 -1 432 1 -1879048189 232819 432 
SSEG_02-1
14
-2147483647
48 1 16 5 0 1 0 -1 -1 432 1 -1879048189 233251 432 
SSEG_03-1
14
-2147483647
48 1 16 5 0 1 0 -1 -1 432 1 -1879048189 233683 432 
SSEG_04-1
14
-2147483647
48 1 16 5 0 1 0 -1 -1 432 1 -1879048189 234115 432 
0
SET_TOWER_BASE
0
1
0
1
CSEG_01-1
144
183 184 189 190 195 196 201 202 207 208 213 214 219 220 225 226 231 232 237 238 243 244 249 250 255 256 261 262 267 268 273 274 279 280 285 286 291 292 297 298 303 304 309 310 315 316 321 322 327 328 333 334 339 340 345 346 351 352 357 358 363 364 369 370 375 376 381 382 387 388 393 394 399 400 405 406 411 412 417 418 423 424 429 430 435 436 441 442 447 448 453 454 459 460 465 466 471 472 477 478 483 484 489 490 495 496 501 502 507 508 513 514 519 520 525 526 531 532 537 538 543 544 549 550 555 556 561 562 567 568 573 574 579 580 585 586 591 592 597 598 603 604 609 610 
0
SET_TOWER_TOP
0
1
0
1
SSEG_04-1
72
234120 234126 234132 234138 234144 234150 234156 234162 234168 234174 234180 234186 234192 234198 234204 234210 234216 234222 234228 234234 234240 234246 234252 234258 234264 234270 234276 234282 234288 234294 234300 234306 234312 234318 234324 234330 234336 234342 234348 234354 234360 234366 234372 234378 234384 234390 234396 234402 234408 234414 234420 234426 234432 234438 234444 234450 234456 234462 234468 234474 234480 234486 234492 234498 234504 234510 234516 234522 234528 234534 234540 234546 
0
SPR_J01_DOF1-SPRING
0
1
1
1 
0
0
SPR_J01_DOF2-SPRING
0
1
1
2 
0
0
SPR_J01_DOF3-SPRING
0
1
1
3 
0
0
SPR_J01_DOF4-SPRING
0
1
1
4 
0
0
SPR_J01_DOF5-SPRING
0
1
1
5 
0
0
SPR_J01_DOF6-SPRING
0
1
1
6 
0
0
SPR_J02_DOF1-SPRING
0
1
1
7 
0
0
SPR_J02_DOF2-SPRING
0
1
1
8 
0
0
SPR_J02_DOF3-SPRING
0
1
1
9 
0
0
SPR_J02_DOF4-SPRING
0
1
1
10 
0
0
SPR_J02_DOF5-SPRING
0
1
1
11 
0
0
SPR_J02_DOF6-SPRING
0
1
1
12 
0
0
SPR_J03_DOF1-SPRING
0
1
1
13 
0
0
SPR_J03_DOF2-SPRING
0
1
1
14 
0
0
SPR_J03_DOF3-SPRING
0
1
1
15 
0
0
SPR_J03_DOF4-SPRING
0
1
1
16 
0
0
SPR_J03_DOF5-SPRING
0
1
1
17 
0
0
SPR_J03_DOF6-SPRING
0
1
1
18 
0
0
SPR_J04_DOF1-SPRING
0
1
1
19 
0
0
SPR_J04_DOF2-SPRING
0
1
1
20 
0
0
SPR_J04_DOF3-SPRING
0
1
1
21 
0
0
SPR_J04_DOF4-SPRING
0
1
1
22 
0
0
SPR_J04_DOF5-SPRING
0
1
1
23 
0
0
SPR_J04_DOF6-SPRING
0
1
1
24 
0
0
SPR_J05_DOF1-SPRING
0
1
1
25 
0
0
SPR_J05_DOF2-SPRING
0
1
1
26 
0
0
SPR_J05_DOF3-SPRING
0
1
1
27 
0
0
SPR_J05_DOF4-SPRING
0
1
1
28 
0
0
SPR_J05_DOF5-SPRING
0
1
1
29 
0
0
SPR_J05_DOF6-SPRING
0
1
1
30 
0
0
SPR_J06_DOF1-SPRING
0
1
1
31 
0
0
SPR_J06_DOF2-SPRING
0
1
1
32 
0
0
SPR_J06_DOF3-SPRING
0
1
1
33 
0
0
SPR_J06_DOF4-SPRING
0
1
1
34 
0
0
SPR_J06_DOF5-SPRING
0
1
1
35 
0
0
SPR_J06_DOF6-SPRING
0
1
1
36 
0
0
SPR_J07_DOF1-SPRING
0
1
1
37 
0
0
SPR_J07_DOF2-SPRING
0
1
1
38 
0
0
SPR_J07_DOF3-SPRING
0
1
1
39 
0
0
SPR_J07_DOF4-SPRING
0
1
1
40 
0
0
SPR_J07_DOF5-SPRING
0
1
1
41 
0
0
SPR_J07_DOF6-SPRING
0
1
1
42 
0
0
SPR_J08_DOF1-SPRING
0
1
1
43 
0
0
SPR_J08_DOF2-SPRING
0
1
1
44 
0
0
SPR_J08_DOF3-SPRING
0
1
1
45 
0
0
SPR_J08_DOF4-SPRING
0
1
1
46 
0
0
SPR_J08_DOF5-SPRING
0
1
1
47 
0
0
SPR_J08_DOF6-SPRING
0
1
1
48 
0
0
SPR_J09_DOF1-SPRING
0
1
1
49 
0
0
SPR_J09_DOF2-SPRING
0
1
1
50 
0
0
SPR_J09_DOF3-SPRING
0
1
1
51 
0
0
SPR_J09_DOF4-SPRING
0
1
1
52 
0
0
SPR_J09_DOF5-SPRING
0
1
1
53 
0
0
SPR_J09_DOF6-SPRING
0
1
1
54 
0
0
SPR_J10_DOF1-SPRING
0
1
1
55 
0
0
SPR_J10_DOF2-SPRING
0
1
1
56 
0
0
SPR_J10_DOF3-SPRING
0
1
1
57 
0
0
SPR_J10_DOF4-SPRING
0
1
1
58 
0
0
SPR_J10_DOF5-SPRING
0
1
1
59 
0
0
SPR_J10_DOF6-SPRING
0
1
1
60 
0
0
SPR_J11_DOF1-SPRING
0
1
1
61 
0
0
SPR_J11_DOF2-SPRING
0
1
1
62 
0
0
SPR_J11_DOF3-SPRING
0
1
1
63 
0
0
SPR_J11_DOF4-SPRING
0
1
1
64 
0
0
SPR_J11_DOF5-SPRING
0
1
1
65 
0
0
SPR_J11_DOF6-SPRING
0
1
1
66 
0
0
SPR_J12_DOF1-SPRING
0
1
1
67 
0
0
SPR_J12_DOF2-SPRING
0
1
1
68 
0
0
SPR_J12_DOF3-SPRING
0
1
1
69 
0
0
SPR_J12_DOF4-SPRING
0
1
1
70 
0
0
SPR_J12_DOF5-SPRING
0
1
1
71 
0
0
SPR_J12_DOF6-SPRING
0
1
1
72 
0
0
SPR_J13_DOF1-SPRING
0
1
1
73 
0
0
SPR_J13_DOF2-SPRING
0
1
1
74 
0
0
SPR_J13_DOF3-SPRING
0
1
1
75 
0
0
SPR_J13_DOF4-SPRING
0
1
1
76 
0
0
SPR_J13_DOF5-SPRING
0
1
1
77 
0
0
SPR_J13_DOF6-SPRING
0
1
1
78 
0
0
SPR_J14_DOF1-SPRING
0
1
1
79 
0
0
SPR_J14_DOF2-SPRING
0
1
1
80 
0
0
SPR_J14_DOF3-SPRING
0
1
1
81 
0
0
SPR_J14_DOF4-SPRING
0
1
1
82 
0
0
SPR_J14_DOF5-SPRING
0
1
1
83 
0
0
SPR_J14_DOF6-SPRING
0
1
1
84 
0
0
SPR_J15_DOF1-SPRING
0
1
1
85 
0
0
SPR_J15_DOF2-SPRING
0
1
1
86 
0
0
SPR_J15_DOF3-SPRING
0
1
1
87 
0
0
SPR_J15_DOF4-SPRING
0
1
1
88 
0
0
SPR_J15_DOF5-SPRING
0
1
1
89 
0
0
SPR_J15_DOF6-SPRING
0
1
1
90 
0
0
SPR_J16_DOF1-SPRING
0
1
1
91 
0
0
SPR_J16_DOF2-SPRING
0
1
1
92 
0
0
SPR_J16_DOF3-SPRING
0
1
1
93 
0
0
SPR_J16_DOF4-SPRING
0
1
1
94 
0
0
SPR_J16_DOF5-SPRING
0
1
1
95 
0
0
SPR_J16_DOF6-SPRING
0
1
1
96 
0
0
SPR_J17_DOF1-SPRING
0
1
1
97 
0
0
SPR_J17_DOF2-SPRING
0
1
1
98 
0
0
SPR_J17_DOF3-SPRING
0
1
1
99 
0
0
SPR_J17_DOF4-SPRING
0
1
1
100 
0
0
SPR_J17_DOF5-SPRING
0
1
1
101 
0
0
SPR_J17_DOF6-SPRING
0
1
1
102 
0
0
SPR_J18_DOF1-SPRING
0
1
1
103 
0
0
SPR_J18_DOF2-SPRING
0
1
1
104 
0
0
SPR_J18_DOF3-SPRING
0
1
1
105 
0
0
SPR_J18_DOF4-SPRING
0
1
1
106 
0
0
SPR_J18_DOF5-SPRING
0
1
1
107 
0
0
SPR_J18_DOF6-SPRING
0
1
1
108 
0
0
SPR_J19_DOF1-SPRING
0
1
1
109 
0
0
SPR_J19_DOF2-SPRING
0
1
1
110 
0
0
SPR_J19_DOF3-SPRING
0
1
1
111 
0
0
SPR_J19_DOF4-SPRING
0
1
1
112 
0
0
SPR_J19_DOF5-SPRING
0
1
1
113 
0
0
SPR_J19_DOF6-SPRING
0
1
1
114 
0
0
SPR_J20_DOF1-SPRING
0
1
1
115 
0
0
SPR_J20_DOF2-SPRING
0
1
1
116 
0
0
SPR_J20_DOF3-SPRING
0
1
1
117 
0
0
SPR_J20_DOF4-SPRING
0
1
1
118 
0
0
SPR_J20_DOF5-SPRING
0
1
1
119 
0
0
SPR_J20_DOF6-SPRING
0
1
1
120 
0
0
SPR_J21_DOF1-SPRING
0
1
1
121 
0
0
SPR_J21_DOF2-SPRING
0
1
1
122 
0
0
SPR_J21_DOF3-SPRING
0
1
1
123 
0
0
SPR_J21_DOF4-SPRING
0
1
1
124 
0
0
SPR_J21_DOF5-SPRING
0
1
1
125 
0
0
SPR_J21_DOF6-SPRING
0
1
1
126 
0
0
SPR_J22_DOF1-SPRING
0
1
1
127 
0
0
SPR_J22_DOF2-SPRING
0
1
1
128 
0
0
SPR_J22_DOF3-SPRING
0
1
1
129 
0
0
SPR_J22_DOF4-SPRING
0
1
1
130 
0
0
SPR_J22_DOF5-SPRING
0
1
1
131 
0
0
SPR_J22_DOF6-SPRING
0
1
1
132 
0
0
SPR_J23_DOF1-SPRING
0
1
1
133 
0
0
SPR_J23_DOF2-SPRING
0
1
1
134 
0
0
SPR_J23_DOF3-SPRING
0
1
1
135 
0
0
SPR_J23_DOF4-SPRING
0
1
1
136 
0
0
SPR_J23_DOF5-SPRING
0
1
1
137 
0
0
SPR_J23_DOF6-SPRING
0
1
1
138 
0
0
SPR_J24_DOF1-SPRING
0
1
1
139 
0
0
SPR_J24_DOF2-SPRING
0
1
1
140 
0
0
SPR_J24_DOF3-SPRING
0
1
1
141 
0
0
SPR_J24_DOF4-SPRING
0
1
1
142 
0
0
SPR_J24_DOF5-SPRING
0
1
1
143 
0
0
SPR_J24_DOF6-SPRING
0
1
1
144 
0
0
SPR_J25_DOF1-SPRING
0
1
1
145 
0
0
SPR_J25_DOF2-SPRING
0
1
1
146 
0
0
SPR_J25_DOF3-SPRING
0
1
1
147 
0
0
SPR_J25_DOF4-SPRING
0
1
1
148 
0
0
SPR_J25_DOF5-SPRING
0
1
1
149 
0
0
SPR_J25_DOF6-SPRING
0
1
1
150 
0
0
SPR_J26_DOF1-SPRING
0
1
1
151 
0
0
SPR_J26_DOF2-SPRING
0
1
1
152 
0
0
SPR_J26_DOF3-SPRING
0
1
1
153 
0
0
SPR_J26_DOF4-SPRING
0
1
1
154 
0
0
SPR_J26_DOF5-SPRING
0
1
1
155 
0
0
SPR_J26_DOF6-SPRING
0
1
1
156 
0
0
SPR_J27_DOF1-SPRING
0
1
1
157 
0
0
SPR_J27_DOF2-SPRING
0
1
1
158 
0
0
SPR_J27_DOF3-SPRING
0
1
1
159 
0
0
SPR_J27_DOF4-SPRING
0
1
1
160 
0
0
SPR_J27_DOF5-SPRING
0
1
1
161 
0
0
SPR_J27_DOF6-SPRING
0
1
1
162 
0
0
SPR_J28_DOF1-SPRING
0
1
1
163 
0
0
SPR_J28_DOF2-SPRING
0
1
1
164 
0
0
SPR_J28_DOF3-SPRING
0
1
1
165 
0
0
SPR_J28_DOF4-SPRING
0
1
1
166 
0
0
SPR_J28_DOF5-SPRING
0
1
1
167 
0
0
SPR_J28_DOF6-SPRING
0
1
1
168 
0
0
SPR_J29_DOF1-SPRING
0
1
1
169 
0
0
SPR_J29_DOF2-SPRING
0
1
1
170 
0
0
SPR_J29_DOF3-SPRING
0
1
1
171 
0
0
SPR_J29_DOF4-SPRING
0
1
1
172 
0
0
SPR_J29_DOF5-SPRING
0
1
1
173 
0
0
SPR_J29_DOF6-SPRING
0
1
1
174 
0
0
SPR_J30_DOF1-SPRING
0
1
1
175 
0
0
SPR_J30_DOF2-SPRING
0
1
1
176 
0
0
SPR_J30_DOF3-SPRING
0
1
1
177 
0
0
SPR_J30_DOF4-SPRING
0
1
1
178 
0
0
SPR_J30_DOF5-SPRING
0
1
1
179 
0
0
SPR_J30_DOF6-SPRING
0
1
1
180 
0
0
WarnElemAspectRatio
0
1
0
4
SSEG_01-1
216
232822 232823 232824 232828 232829 232830 232834 232835 232836 232840 232841 232842 232846 232847 232848 232852 232853 232854 232858 232859 232860 232864 232865 232866 232870 232871 232872 232876 232877 232878 232882 232883 232884 232888 232889 232890 232894 232895 232896 232900 232901 232902 232906 232907 232908 232912 232913 232914 232918 232919 232920 232924 232925 232926 232930 232931 232932 232936 232937 232938 232942 232943 232944 232948 232949 232950 232954 232955 232956 232960 232961 232962 232966 232967 232968 232972 232973 232974 232978 232979 232980 232984 232985 232986 232990 232991 232992 232996 232997 232998 233002 233003 233004 233008 233009 233010 233014 233015 233016 233020 233021 233022 233026 233027 233028 233032 233033 233034 233038 233039 233040 233044 233045 233046 233050 233051 233052 233056 233057 233058 233062 233063 233064 233068 233069 233070 233074 233075 233076 233080 233081 233082 233086 233087 233088 233092 233093 233094 233098 233099 233100 233104 233105 233106 233110 233111 233112 233116 233117 233118 233122 233123 233124 233128 233129 233130 233134 233135 233136 233140 233141 233142 233146 233147 233148 233152 233153 233154 233158 233159 233160 233164 233165 233166 233170 233171 233172 233176 233177 233178 233182 233183 233184 233188 233189 233190 233194 233195 233196 233200 233201 233202 233206 233207 233208 233212 233213 233214 233218 233219 233220 233224 233225 233226 233230 233231 233232 233236 233237 233238 233242 233243 233244 233248 233249 233250 
SSEG_02-1
14
-2147483647
48 1 16 5 0 1 0 -1 -1 432 1 -1879048189 233251 432 
SSEG_03-1
14
-2147483647
48 1 16 5 0 1 0 -1 -1 432 1 -1879048189 233683 432 
SSEG_04-1
14
-2147483647
48 1 16 5 0 1 0 -1 -1 432 1 -1879048189 234115 432 
0
69
HOOP_TIE_CAGE_T046-1
4
 P      32
0
2
14
-2147483647
48 1 16 5 0 1 0 -1 -1 213768 1 -1879048189 13575 213768 
0
0
SET_ALL
0
1
14
-2147483647
48 1 16 5 0 1 0 -1 -1 213768 1 -1879048189 13575 213768 
0
0
SET_HOOP_ALL
0
1
14
-2147483647
48 1 16 5 0 1 0 -1 -1 201456 1 -1879048189 13575 201456 
0
0
SET_TIE_ALL
0
1
14
-2147483647
48 1 16 5 0 1 0 -1 -1 12312 1 -1879048189 215031 12312 
0
0
0
RBLONG_01-1
2
 P      34
0
2
216
227379 227380 227381 227382 227383 227384 227385 227386 227387 227388 227389 227390 227391 227392 227393 227394 227395 227396 227397 227398 227399 227400 227401 227402 227403 227404 227405 227406 227407 227408 227409 227410 227411 227412 227413 227414 227415 227416 227417 227418 227419 227420 227421 227422 227423 227424 227425 227426 227427 227428 227429 227430 227431 227432 227433 227434 227435 227436 227437 227438 227439 227440 227441 227442 227443 227444 227445 227446 227447 227448 227449 227450 227451 227452 227453 227454 227455 227456 227457 227458 227459 227460 227461 227462 227463 227464 227465 227466 227467 227468 227469 227470 227471 227472 227473 227474 227475 227476 227477 227478 227479 227480 227481 227482 227483 227484 227485 227486 227487 227488 227489 227490 227491 227492 227493 227494 227495 227496 227497 227498 227499 227500 227501 227502 227503 227504 227505 227506 227507 227508 227509 227510 227511 227512 227513 227514 227515 227516 227517 227518 227519 227520 227521 227522 227523 227524 227525 227526 227527 227528 227529 227530 227531 227532 227533 227534 227535 227536 227537 227538 227539 227540 227541 227542 227543 227544 227545 227546 227547 227548 227549 227550 227551 227552 227553 227554 227555 227556 227557 227558 227559 227560 227561 227562 227563 227564 227565 227566 227567 227568 227569 227570 227571 227572 227573 227574 227575 227576 227577 227578 227579 227580 227581 227582 227583 227584 227585 227586 227587 227588 227589 227590 227591 227592 227593 227594 
0
0
SET_ALL
0
1
216
227379 227380 227381 227382 227383 227384 227385 227386 227387 227388 227389 227390 227391 227392 227393 227394 227395 227396 227397 227398 227399 227400 227401 227402 227403 227404 227405 227406 227407 227408 227409 227410 227411 227412 227413 227414 227415 227416 227417 227418 227419 227420 227421 227422 227423 227424 227425 227426 227427 227428 227429 227430 227431 227432 227433 227434 227435 227436 227437 227438 227439 227440 227441 227442 227443 227444 227445 227446 227447 227448 227449 227450 227451 227452 227453 227454 227455 227456 227457 227458 227459 227460 227461 227462 227463 227464 227465 227466 227467 227468 227469 227470 227471 227472 227473 227474 227475 227476 227477 227478 227479 227480 227481 227482 227483 227484 227485 227486 227487 227488 227489 227490 227491 227492 227493 227494 227495 227496 227497 227498 227499 227500 227501 227502 227503 227504 227505 227506 227507 227508 227509 227510 227511 227512 227513 227514 227515 227516 227517 227518 227519 227520 227521 227522 227523 227524 227525 227526 227527 227528 227529 227530 227531 227532 227533 227534 227535 227536 227537 227538 227539 227540 227541 227542 227543 227544 227545 227546 227547 227548 227549 227550 227551 227552 227553 227554 227555 227556 227557 227558 227559 227560 227561 227562 227563 227564 227565 227566 227567 227568 227569 227570 227571 227572 227573 227574 227575 227576 227577 227578 227579 227580 227581 227582 227583 227584 227585 227586 227587 227588 227589 227590 227591 227592 227593 227594 
0
0
0

1
 P       0
0
2
182
1 2 3 4 5 6 7 8 9 10 11 12 13 14 15 16 17 18 19 20 21 22 23 24 25 26 27 28 29 30 31 32 33 34 35 36 37 38 39 40 41 42 43 44 45 46 47 48 49 50 51 52 53 54 55 56 57 58 59 60 61 62 63 64 65 66 67 68 69 70 71 72 73 74 75 76 77 78 79 80 81 82 83 84 85 86 87 88 89 90 91 92 93 94 95 96 97 98 99 100 101 102 103 104 105 106 107 108 109 110 111 112 113 114 115 116 117 118 119 120 121 122 123 124 125 126 127 128 129 130 131 132 133 134 135 136 137 138 139 140 141 142 143 144 145 146 147 148 149 150 151 152 153 154 155 156 157 158 159 160 161 162 163 164 165 166 167 168 169 170 171 172 173 174 175 176 177 178 179 180 181 182 
0
0
0
RBLONG_02-1
2
 P      35
0
2
216
227595 227596 227597 227598 227599 227600 227601 227602 227603 227604 227605 227606 227607 227608 227609 227610 227611 227612 227613 227614 227615 227616 227617 227618 227619 227620 227621 227622 227623 227624 227625 227626 227627 227628 227629 227630 227631 227632 227633 227634 227635 227636 227637 227638 227639 227640 227641 227642 227643 227644 227645 227646 227647 227648 227649 227650 227651 227652 227653 227654 227655 227656 227657 227658 227659 227660 227661 227662 227663 227664 227665 227666 227667 227668 227669 227670 227671 227672 227673 227674 227675 227676 227677 227678 227679 227680 227681 227682 227683 227684 227685 227686 227687 227688 227689 227690 227691 227692 227693 227694 227695 227696 227697 227698 227699 227700 227701 227702 227703 227704 227705 227706 227707 227708 227709 227710 227711 227712 227713 227714 227715 227716 227717 227718 227719 227720 227721 227722 227723 227724 227725 227726 227727 227728 227729 227730 227731 227732 227733 227734 227735 227736 227737 227738 227739 227740 227741 227742 227743 227744 227745 227746 227747 227748 227749 227750 227751 227752 227753 227754 227755 227756 227757 227758 227759 227760 227761 227762 227763 227764 227765 227766 227767 227768 227769 227770 227771 227772 227773 227774 227775 227776 227777 227778 227779 227780 227781 227782 227783 227784 227785 227786 227787 227788 227789 227790 227791 227792 227793 227794 227795 227796 227797 227798 227799 227800 227801 227802 227803 227804 227805 227806 227807 227808 227809 227810 
0
0
SET_ALL
0
1
216
227595 227596 227597 227598 227599 227600 227601 227602 227603 227604 227605 227606 227607 227608 227609 227610 227611 227612 227613 227614 227615 227616 227617 227618 227619 227620 227621 227622 227623 227624 227625 227626 227627 227628 227629 227630 227631 227632 227633 227634 227635 227636 227637 227638 227639 227640 227641 227642 227643 227644 227645 227646 227647 227648 227649 227650 227651 227652 227653 227654 227655 227656 227657 227658 227659 227660 227661 227662 227663 227664 227665 227666 227667 227668 227669 227670 227671 227672 227673 227674 227675 227676 227677 227678 227679 227680 227681 227682 227683 227684 227685 227686 227687 227688 227689 227690 227691 227692 227693 227694 227695 227696 227697 227698 227699 227700 227701 227702 227703 227704 227705 227706 227707 227708 227709 227710 227711 227712 227713 227714 227715 227716 227717 227718 227719 227720 227721 227722 227723 227724 227725 227726 227727 227728 227729 227730 227731 227732 227733 227734 227735 227736 227737 227738 227739 227740 227741 227742 227743 227744 227745 227746 227747 227748 227749 227750 227751 227752 227753 227754 227755 227756 227757 227758 227759 227760 227761 227762 227763 227764 227765 227766 227767 227768 227769 227770 227771 227772 227773 227774 227775 227776 227777 227778 227779 227780 227781 227782 227783 227784 227785 227786 227787 227788 227789 227790 227791 227792 227793 227794 227795 227796 227797 227798 227799 227800 227801 227802 227803 227804 227805 227806 227807 227808 227809 227810 
0
0
0
RBLONG_03-1
3
 P      36
0
2
216
227811 227812 227813 227814 227815 227816 227817 227818 227819 227820 227821 227822 227823 227824 227825 227826 227827 227828 227829 227830 227831 227832 227833 227834 227835 227836 227837 227838 227839 227840 227841 227842 227843 227844 227845 227846 227847 227848 227849 227850 227851 227852 227853 227854 227855 227856 227857 227858 227859 227860 227861 227862 227863 227864 227865 227866 227867 227868 227869 227870 227871 227872 227873 227874 227875 227876 227877 227878 227879 227880 227881 227882 227883 227884 227885 227886 227887 227888 227889 227890 227891 227892 227893 227894 227895 227896 227897 227898 227899 227900 227901 227902 227903 227904 227905 227906 227907 227908 227909 227910 227911 227912 227913 227914 227915 227916 227917 227918 227919 227920 227921 227922 227923 227924 227925 227926 227927 227928 227929 227930 227931 227932 227933 227934 227935 227936 227937 227938 227939 227940 227941 227942 227943 227944 227945 227946 227947 227948 227949 227950 227951 227952 227953 227954 227955 227956 227957 227958 227959 227960 227961 227962 227963 227964 227965 227966 227967 227968 227969 227970 227971 227972 227973 227974 227975 227976 227977 227978 227979 227980 227981 227982 227983 227984 227985 227986 227987 227988 227989 227990 227991 227992 227993 227994 227995 227996 227997 227998 227999 228000 228001 228002 228003 228004 228005 228006 228007 228008 228009 228010 228011 228012 228013 228014 228015 228016 228017 228018 228019 228020 228021 228022 228023 228024 228025 228026 
0
0
 P      36SET_CH4_STRESS_CTRL
0
2
1
227920 
0
0
SET_ALL
0
1
216
227811 227812 227813 227814 227815 227816 227817 227818 227819 227820 227821 227822 227823 227824 227825 227826 227827 227828 227829 227830 227831 227832 227833 227834 227835 227836 227837 227838 227839 227840 227841 227842 227843 227844 227845 227846 227847 227848 227849 227850 227851 227852 227853 227854 227855 227856 227857 227858 227859 227860 227861 227862 227863 227864 227865 227866 227867 227868 227869 227870 227871 227872 227873 227874 227875 227876 227877 227878 227879 227880 227881 227882 227883 227884 227885 227886 227887 227888 227889 227890 227891 227892 227893 227894 227895 227896 227897 227898 227899 227900 227901 227902 227903 227904 227905 227906 227907 227908 227909 227910 227911 227912 227913 227914 227915 227916 227917 227918 227919 227920 227921 227922 227923 227924 227925 227926 227927 227928 227929 227930 227931 227932 227933 227934 227935 227936 227937 227938 227939 227940 227941 227942 227943 227944 227945 227946 227947 227948 227949 227950 227951 227952 227953 227954 227955 227956 227957 227958 227959 227960 227961 227962 227963 227964 227965 227966 227967 227968 227969 227970 227971 227972 227973 227974 227975 227976 227977 227978 227979 227980 227981 227982 227983 227984 227985 227986 227987 227988 227989 227990 227991 227992 227993 227994 227995 227996 227997 227998 227999 228000 228001 228002 228003 228004 228005 228006 228007 228008 228009 228010 228011 228012 228013 228014 228015 228016 228017 228018 228019 228020 228021 228022 228023 228024 228025 228026 
0
0
0
RBLONG_04-1
2
 P      37
0
2
216
228027 228028 228029 228030 228031 228032 228033 228034 228035 228036 228037 228038 228039 228040 228041 228042 228043 228044 228045 228046 228047 228048 228049 228050 228051 228052 228053 228054 228055 228056 228057 228058 228059 228060 228061 228062 228063 228064 228065 228066 228067 228068 228069 228070 228071 228072 228073 228074 228075 228076 228077 228078 228079 228080 228081 228082 228083 228084 228085 228086 228087 228088 228089 228090 228091 228092 228093 228094 228095 228096 228097 228098 228099 228100 228101 228102 228103 228104 228105 228106 228107 228108 228109 228110 228111 228112 228113 228114 228115 228116 228117 228118 228119 228120 228121 228122 228123 228124 228125 228126 228127 228128 228129 228130 228131 228132 228133 228134 228135 228136 228137 228138 228139 228140 228141 228142 228143 228144 228145 228146 228147 228148 228149 228150 228151 228152 228153 228154 228155 228156 228157 228158 228159 228160 228161 228162 228163 228164 228165 228166 228167 228168 228169 228170 228171 228172 228173 228174 228175 228176 228177 228178 228179 228180 228181 228182 228183 228184 228185 228186 228187 228188 228189 228190 228191 228192 228193 228194 228195 228196 228197 228198 228199 228200 228201 228202 228203 228204 228205 228206 228207 228208 228209 228210 228211 228212 228213 228214 228215 228216 228217 228218 228219 228220 228221 228222 228223 228224 228225 228226 228227 228228 228229 228230 228231 228232 228233 228234 228235 228236 228237 228238 228239 228240 228241 228242 
0
0
SET_ALL
0
1
216
228027 228028 228029 228030 228031 228032 228033 228034 228035 228036 228037 228038 228039 228040 228041 228042 228043 228044 228045 228046 228047 228048 228049 228050 228051 228052 228053 228054 228055 228056 228057 228058 228059 228060 228061 228062 228063 228064 228065 228066 228067 228068 228069 228070 228071 228072 228073 228074 228075 228076 228077 228078 228079 228080 228081 228082 228083 228084 228085 228086 228087 228088 228089 228090 228091 228092 228093 228094 228095 228096 228097 228098 228099 228100 228101 228102 228103 228104 228105 228106 228107 228108 228109 228110 228111 228112 228113 228114 228115 228116 228117 228118 228119 228120 228121 228122 228123 228124 228125 228126 228127 228128 228129 228130 228131 228132 228133 228134 228135 228136 228137 228138 228139 228140 228141 228142 228143 228144 228145 228146 228147 228148 228149 228150 228151 228152 228153 228154 228155 228156 228157 228158 228159 228160 228161 228162 228163 228164 228165 228166 228167 228168 228169 228170 228171 228172 228173 228174 228175 228176 228177 228178 228179 228180 228181 228182 228183 228184 228185 228186 228187 228188 228189 228190 228191 228192 228193 228194 228195 228196 228197 228198 228199 228200 228201 228202 228203 228204 228205 228206 228207 228208 228209 228210 228211 228212 228213 228214 228215 228216 228217 228218 228219 228220 228221 228222 228223 228224 228225 228226 228227 228228 228229 228230 228231 228232 228233 228234 228235 228236 228237 228238 228239 228240 228241 228242 
0
0
0
RBLONG_05-1
3
 P      38
0
2
192
228243 228244 228245 228246 228247 228248 228249 228250 228251 228252 228253 228254 228255 228256 228257 228258 228259 228260 228261 228262 228263 228264 228265 228266 228267 228268 228269 228270 228271 228272 228273 228274 228275 228276 228277 228278 228279 228280 228281 228282 228283 228284 228285 228286 228287 228288 228289 228290 228291 228292 228293 228294 228295 228296 228297 228298 228299 228300 228301 228302 228303 228304 228305 228306 228307 228308 228309 228310 228311 228312 228313 228314 228315 228316 228317 228318 228319 228320 228321 228322 228323 228324 228325 228326 228327 228328 228329 228330 228331 228332 228333 228334 228335 228336 228337 228338 228339 228340 228341 228342 228343 228344 228345 228346 228347 228348 228349 228350 228351 228352 228353 228354 228355 228356 228357 228358 228359 228360 228361 228362 228363 228364 228365 228366 228367 228368 228369 228370 228371 228372 228373 228374 228375 228376 228377 228378 228379 228380 228381 228382 228383 228384 228385 228386 228387 228388 228389 228390 228391 228392 228393 228394 228395 228396 228397 228398 228399 228400 228401 228402 228403 228404 228405 228406 228407 228408 228409 228410 228411 228412 228413 228414 228415 228416 228417 228418 228419 228420 228421 228422 228423 228424 228425 228426 228427 228428 228429 228430 228431 228432 228433 228434 
0
0
 P      38SET_CH4_STRESS_CTRL
0
2
1
228339 
0
0
SET_ALL
0
1
192
228243 228244 228245 228246 228247 228248 228249 228250 228251 228252 228253 228254 228255 228256 228257 228258 228259 228260 228261 228262 228263 228264 228265 228266 228267 228268 228269 228270 228271 228272 228273 228274 228275 228276 228277 228278 228279 228280 228281 228282 228283 228284 228285 228286 228287 228288 228289 228290 228291 228292 228293 228294 228295 228296 228297 228298 228299 228300 228301 228302 228303 228304 228305 228306 228307 228308 228309 228310 228311 228312 228313 228314 228315 228316 228317 228318 228319 228320 228321 228322 228323 228324 228325 228326 228327 228328 228329 228330 228331 228332 228333 228334 228335 228336 228337 228338 228339 228340 228341 228342 228343 228344 228345 228346 228347 228348 228349 228350 228351 228352 228353 228354 228355 228356 228357 228358 228359 228360 228361 228362 228363 228364 228365 228366 228367 228368 228369 228370 228371 228372 228373 228374 228375 228376 228377 228378 228379 228380 228381 228382 228383 228384 228385 228386 228387 228388 228389 228390 228391 228392 228393 228394 228395 228396 228397 228398 228399 228400 228401 228402 228403 228404 228405 228406 228407 228408 228409 228410 228411 228412 228413 228414 228415 228416 228417 228418 228419 228420 228421 228422 228423 228424 228425 228426 228427 228428 228429 228430 228431 228432 228433 228434 
0
0
0
RBLONG_06-1
2
 P      39
0
2
192
228435 228436 228437 228438 228439 228440 228441 228442 228443 228444 228445 228446 228447 228448 228449 228450 228451 228452 228453 228454 228455 228456 228457 228458 228459 228460 228461 228462 228463 228464 228465 228466 228467 228468 228469 228470 228471 228472 228473 228474 228475 228476 228477 228478 228479 228480 228481 228482 228483 228484 228485 228486 228487 228488 228489 228490 228491 228492 228493 228494 228495 228496 228497 228498 228499 228500 228501 228502 228503 228504 228505 228506 228507 228508 228509 228510 228511 228512 228513 228514 228515 228516 228517 228518 228519 228520 228521 228522 228523 228524 228525 228526 228527 228528 228529 228530 228531 228532 228533 228534 228535 228536 228537 228538 228539 228540 228541 228542 228543 228544 228545 228546 228547 228548 228549 228550 228551 228552 228553 228554 228555 228556 228557 228558 228559 228560 228561 228562 228563 228564 228565 228566 228567 228568 228569 228570 228571 228572 228573 228574 228575 228576 228577 228578 228579 228580 228581 228582 228583 228584 228585 228586 228587 228588 228589 228590 228591 228592 228593 228594 228595 228596 228597 228598 228599 228600 228601 228602 228603 228604 228605 228606 228607 228608 228609 228610 228611 228612 228613 228614 228615 228616 228617 228618 228619 228620 228621 228622 228623 228624 228625 228626 
0
0
SET_ALL
0
1
192
228435 228436 228437 228438 228439 228440 228441 228442 228443 228444 228445 228446 228447 228448 228449 228450 228451 228452 228453 228454 228455 228456 228457 228458 228459 228460 228461 228462 228463 228464 228465 228466 228467 228468 228469 228470 228471 228472 228473 228474 228475 228476 228477 228478 228479 228480 228481 228482 228483 228484 228485 228486 228487 228488 228489 228490 228491 228492 228493 228494 228495 228496 228497 228498 228499 228500 228501 228502 228503 228504 228505 228506 228507 228508 228509 228510 228511 228512 228513 228514 228515 228516 228517 228518 228519 228520 228521 228522 228523 228524 228525 228526 228527 228528 228529 228530 228531 228532 228533 228534 228535 228536 228537 228538 228539 228540 228541 228542 228543 228544 228545 228546 228547 228548 228549 228550 228551 228552 228553 228554 228555 228556 228557 228558 228559 228560 228561 228562 228563 228564 228565 228566 228567 228568 228569 228570 228571 228572 228573 228574 228575 228576 228577 228578 228579 228580 228581 228582 228583 228584 228585 228586 228587 228588 228589 228590 228591 228592 228593 228594 228595 228596 228597 228598 228599 228600 228601 228602 228603 228604 228605 228606 228607 228608 228609 228610 228611 228612 228613 228614 228615 228616 228617 228618 228619 228620 228621 228622 228623 228624 228625 228626 
0
0
0
RBLONG_08-1
2
 P      41
0
2
192
228819 228820 228821 228822 228823 228824 228825 228826 228827 228828 228829 228830 228831 228832 228833 228834 228835 228836 228837 228838 228839 228840 228841 228842 228843 228844 228845 228846 228847 228848 228849 228850 228851 228852 228853 228854 228855 228856 228857 228858 228859 228860 228861 228862 228863 228864 228865 228866 228867 228868 228869 228870 228871 228872 228873 228874 228875 228876 228877 228878 228879 228880 228881 228882 228883 228884 228885 228886 228887 228888 228889 228890 228891 228892 228893 228894 228895 228896 228897 228898 228899 228900 228901 228902 228903 228904 228905 228906 228907 228908 228909 228910 228911 228912 228913 228914 228915 228916 228917 228918 228919 228920 228921 228922 228923 228924 228925 228926 228927 228928 228929 228930 228931 228932 228933 228934 228935 228936 228937 228938 228939 228940 228941 228942 228943 228944 228945 228946 228947 228948 228949 228950 228951 228952 228953 228954 228955 228956 228957 228958 228959 228960 228961 228962 228963 228964 228965 228966 228967 228968 228969 228970 228971 228972 228973 228974 228975 228976 228977 228978 228979 228980 228981 228982 228983 228984 228985 228986 228987 228988 228989 228990 228991 228992 228993 228994 228995 228996 228997 228998 228999 229000 229001 229002 229003 229004 229005 229006 229007 229008 229009 229010 
0
0
SET_ALL
0
1
192
228819 228820 228821 228822 228823 228824 228825 228826 228827 228828 228829 228830 228831 228832 228833 228834 228835 228836 228837 228838 228839 228840 228841 228842 228843 228844 228845 228846 228847 228848 228849 228850 228851 228852 228853 228854 228855 228856 228857 228858 228859 228860 228861 228862 228863 228864 228865 228866 228867 228868 228869 228870 228871 228872 228873 228874 228875 228876 228877 228878 228879 228880 228881 228882 228883 228884 228885 228886 228887 228888 228889 228890 228891 228892 228893 228894 228895 228896 228897 228898 228899 228900 228901 228902 228903 228904 228905 228906 228907 228908 228909 228910 228911 228912 228913 228914 228915 228916 228917 228918 228919 228920 228921 228922 228923 228924 228925 228926 228927 228928 228929 228930 228931 228932 228933 228934 228935 228936 228937 228938 228939 228940 228941 228942 228943 228944 228945 228946 228947 228948 228949 228950 228951 228952 228953 228954 228955 228956 228957 228958 228959 228960 228961 228962 228963 228964 228965 228966 228967 228968 228969 228970 228971 228972 228973 228974 228975 228976 228977 228978 228979 228980 228981 228982 228983 228984 228985 228986 228987 228988 228989 228990 228991 228992 228993 228994 228995 228996 228997 228998 228999 229000 229001 229002 229003 229004 229005 229006 229007 229008 229009 229010 
0
0
0
RBLONG_20-1
2
 P      53
0
2
168
230979 230980 230981 230982 230983 230984 230985 230986 230987 230988 230989 230990 230991 230992 230993 230994 230995 230996 230997 230998 230999 231000 231001 231002 231003 231004 231005 231006 231007 231008 231009 231010 231011 231012 231013 231014 231015 231016 231017 231018 231019 231020 231021 231022 231023 231024 231025 231026 231027 231028 231029 231030 231031 231032 231033 231034 231035 231036 231037 231038 231039 231040 231041 231042 231043 231044 231045 231046 231047 231048 231049 231050 231051 231052 231053 231054 231055 231056 231057 231058 231059 231060 231061 231062 231063 231064 231065 231066 231067 231068 231069 231070 231071 231072 231073 231074 231075 231076 231077 231078 231079 231080 231081 231082 231083 231084 231085 231086 231087 231088 231089 231090 231091 231092 231093 231094 231095 231096 231097 231098 231099 231100 231101 231102 231103 231104 231105 231106 231107 231108 231109 231110 231111 231112 231113 231114 231115 231116 231117 231118 231119 231120 231121 231122 231123 231124 231125 231126 231127 231128 231129 231130 231131 231132 231133 231134 231135 231136 231137 231138 231139 231140 231141 231142 231143 231144 231145 231146 
0
0
SET_ALL
0
1
168
230979 230980 230981 230982 230983 230984 230985 230986 230987 230988 230989 230990 230991 230992 230993 230994 230995 230996 230997 230998 230999 231000 231001 231002 231003 231004 231005 231006 231007 231008 231009 231010 231011 231012 231013 231014 231015 231016 231017 231018 231019 231020 231021 231022 231023 231024 231025 231026 231027 231028 231029 231030 231031 231032 231033 231034 231035 231036 231037 231038 231039 231040 231041 231042 231043 231044 231045 231046 231047 231048 231049 231050 231051 231052 231053 231054 231055 231056 231057 231058 231059 231060 231061 231062 231063 231064 231065 231066 231067 231068 231069 231070 231071 231072 231073 231074 231075 231076 231077 231078 231079 231080 231081 231082 231083 231084 231085 231086 231087 231088 231089 231090 231091 231092 231093 231094 231095 231096 231097 231098 231099 231100 231101 231102 231103 231104 231105 231106 231107 231108 231109 231110 231111 231112 231113 231114 231115 231116 231117 231118 231119 231120 231121 231122 231123 231124 231125 231126 231127 231128 231129 231130 231131 231132 231133 231134 231135 231136 231137 231138 231139 231140 231141 231142 231143 231144 231145 231146 
0
0
0
RBLONG_22-1
2
 P      55
0
2
152
231299 231300 231301 231302 231303 231304 231305 231306 231307 231308 231309 231310 231311 231312 231313 231314 231315 231316 231317 231318 231319 231320 231321 231322 231323 231324 231325 231326 231327 231328 231329 231330 231331 231332 231333 231334 231335 231336 231337 231338 231339 231340 231341 231342 231343 231344 231345 231346 231347 231348 231349 231350 231351 231352 231353 231354 231355 231356 231357 231358 231359 231360 231361 231362 231363 231364 231365 231366 231367 231368 231369 231370 231371 231372 231373 231374 231375 231376 231377 231378 231379 231380 231381 231382 231383 231384 231385 231386 231387 231388 231389 231390 231391 231392 231393 231394 231395 231396 231397 231398 231399 231400 231401 231402 231403 231404 231405 231406 231407 231408 231409 231410 231411 231412 231413 231414 231415 231416 231417 231418 231419 231420 231421 231422 231423 231424 231425 231426 231427 231428 231429 231430 231431 231432 231433 231434 231435 231436 231437 231438 231439 231440 231441 231442 231443 231444 231445 231446 231447 231448 231449 231450 
0
0
SET_ALL
0
1
152
231299 231300 231301 231302 231303 231304 231305 231306 231307 231308 231309 231310 231311 231312 231313 231314 231315 231316 231317 231318 231319 231320 231321 231322 231323 231324 231325 231326 231327 231328 231329 231330 231331 231332 231333 231334 231335 231336 231337 231338 231339 231340 231341 231342 231343 231344 231345 231346 231347 231348 231349 231350 231351 231352 231353 231354 231355 231356 231357 231358 231359 231360 231361 231362 231363 231364 231365 231366 231367 231368 231369 231370 231371 231372 231373 231374 231375 231376 231377 231378 231379 231380 231381 231382 231383 231384 231385 231386 231387 231388 231389 231390 231391 231392 231393 231394 231395 231396 231397 231398 231399 231400 231401 231402 231403 231404 231405 231406 231407 231408 231409 231410 231411 231412 231413 231414 231415 231416 231417 231418 231419 231420 231421 231422 231423 231424 231425 231426 231427 231428 231429 231430 231431 231432 231433 231434 231435 231436 231437 231438 231439 231440 231441 231442 231443 231444 231445 231446 231447 231448 231449 231450 
0
0
0
RBLONG_24-1
2
 P      57
0
2
152
231603 231604 231605 231606 231607 231608 231609 231610 231611 231612 231613 231614 231615 231616 231617 231618 231619 231620 231621 231622 231623 231624 231625 231626 231627 231628 231629 231630 231631 231632 231633 231634 231635 231636 231637 231638 231639 231640 231641 231642 231643 231644 231645 231646 231647 231648 231649 231650 231651 231652 231653 231654 231655 231656 231657 231658 231659 231660 231661 231662 231663 231664 231665 231666 231667 231668 231669 231670 231671 231672 231673 231674 231675 231676 231677 231678 231679 231680 231681 231682 231683 231684 231685 231686 231687 231688 231689 231690 231691 231692 231693 231694 231695 231696 231697 231698 231699 231700 231701 231702 231703 231704 231705 231706 231707 231708 231709 231710 231711 231712 231713 231714 231715 231716 231717 231718 231719 231720 231721 231722 231723 231724 231725 231726 231727 231728 231729 231730 231731 231732 231733 231734 231735 231736 231737 231738 231739 231740 231741 231742 231743 231744 231745 231746 231747 231748 231749 231750 231751 231752 231753 231754 
0
0
SET_ALL
0
1
152
231603 231604 231605 231606 231607 231608 231609 231610 231611 231612 231613 231614 231615 231616 231617 231618 231619 231620 231621 231622 231623 231624 231625 231626 231627 231628 231629 231630 231631 231632 231633 231634 231635 231636 231637 231638 231639 231640 231641 231642 231643 231644 231645 231646 231647 231648 231649 231650 231651 231652 231653 231654 231655 231656 231657 231658 231659 231660 231661 231662 231663 231664 231665 231666 231667 231668 231669 231670 231671 231672 231673 231674 231675 231676 231677 231678 231679 231680 231681 231682 231683 231684 231685 231686 231687 231688 231689 231690 231691 231692 231693 231694 231695 231696 231697 231698 231699 231700 231701 231702 231703 231704 231705 231706 231707 231708 231709 231710 231711 231712 231713 231714 231715 231716 231717 231718 231719 231720 231721 231722 231723 231724 231725 231726 231727 231728 231729 231730 231731 231732 231733 231734 231735 231736 231737 231738 231739 231740 231741 231742 231743 231744 231745 231746 231747 231748 231749 231750 231751 231752 231753 231754 
0
0
0
RBLONG_26-1
2
 P      59
0
2
152
231907 231908 231909 231910 231911 231912 231913 231914 231915 231916 231917 231918 231919 231920 231921 231922 231923 231924 231925 231926 231927 231928 231929 231930 231931 231932 231933 231934 231935 231936 231937 231938 231939 231940 231941 231942 231943 231944 231945 231946 231947 231948 231949 231950 231951 231952 231953 231954 231955 231956 231957 231958 231959 231960 231961 231962 231963 231964 231965 231966 231967 231968 231969 231970 231971 231972 231973 231974 231975 231976 231977 231978 231979 231980 231981 231982 231983 231984 231985 231986 231987 231988 231989 231990 231991 231992 231993 231994 231995 231996 231997 231998 231999 232000 232001 232002 232003 232004 232005 232006 232007 232008 232009 232010 232011 232012 232013 232014 232015 232016 232017 232018 232019 232020 232021 232022 232023 232024 232025 232026 232027 232028 232029 232030 232031 232032 232033 232034 232035 232036 232037 232038 232039 232040 232041 232042 232043 232044 232045 232046 232047 232048 232049 232050 232051 232052 232053 232054 232055 232056 232057 232058 
0
0
SET_ALL
0
1
152
231907 231908 231909 231910 231911 231912 231913 231914 231915 231916 231917 231918 231919 231920 231921 231922 231923 231924 231925 231926 231927 231928 231929 231930 231931 231932 231933 231934 231935 231936 231937 231938 231939 231940 231941 231942 231943 231944 231945 231946 231947 231948 231949 231950 231951 231952 231953 231954 231955 231956 231957 231958 231959 231960 231961 231962 231963 231964 231965 231966 231967 231968 231969 231970 231971 231972 231973 231974 231975 231976 231977 231978 231979 231980 231981 231982 231983 231984 231985 231986 231987 231988 231989 231990 231991 231992 231993 231994 231995 231996 231997 231998 231999 232000 232001 232002 232003 232004 232005 232006 232007 232008 232009 232010 232011 232012 232013 232014 232015 232016 232017 232018 232019 232020 232021 232022 232023 232024 232025 232026 232027 232028 232029 232030 232031 232032 232033 232034 232035 232036 232037 232038 232039 232040 232041 232042 232043 232044 232045 232046 232047 232048 232049 232050 232051 232052 232053 232054 232055 232056 232057 232058 
0
0
0
RBLONG_28-1
2
 P      61
0
2
152
232211 232212 232213 232214 232215 232216 232217 232218 232219 232220 232221 232222 232223 232224 232225 232226 232227 232228 232229 232230 232231 232232 232233 232234 232235 232236 232237 232238 232239 232240 232241 232242 232243 232244 232245 232246 232247 232248 232249 232250 232251 232252 232253 232254 232255 232256 232257 232258 232259 232260 232261 232262 232263 232264 232265 232266 232267 232268 232269 232270 232271 232272 232273 232274 232275 232276 232277 232278 232279 232280 232281 232282 232283 232284 232285 232286 232287 232288 232289 232290 232291 232292 232293 232294 232295 232296 232297 232298 232299 232300 232301 232302 232303 232304 232305 232306 232307 232308 232309 232310 232311 232312 232313 232314 232315 232316 232317 232318 232319 232320 232321 232322 232323 232324 232325 232326 232327 232328 232329 232330 232331 232332 232333 232334 232335 232336 232337 232338 232339 232340 232341 232342 232343 232344 232345 232346 232347 232348 232349 232350 232351 232352 232353 232354 232355 232356 232357 232358 232359 232360 232361 232362 
0
0
SET_ALL
0
1
152
232211 232212 232213 232214 232215 232216 232217 232218 232219 232220 232221 232222 232223 232224 232225 232226 232227 232228 232229 232230 232231 232232 232233 232234 232235 232236 232237 232238 232239 232240 232241 232242 232243 232244 232245 232246 232247 232248 232249 232250 232251 232252 232253 232254 232255 232256 232257 232258 232259 232260 232261 232262 232263 232264 232265 232266 232267 232268 232269 232270 232271 232272 232273 232274 232275 232276 232277 232278 232279 232280 232281 232282 232283 232284 232285 232286 232287 232288 232289 232290 232291 232292 232293 232294 232295 232296 232297 232298 232299 232300 232301 232302 232303 232304 232305 232306 232307 232308 232309 232310 232311 232312 232313 232314 232315 232316 232317 232318 232319 232320 232321 232322 232323 232324 232325 232326 232327 232328 232329 232330 232331 232332 232333 232334 232335 232336 232337 232338 232339 232340 232341 232342 232343 232344 232345 232346 232347 232348 232349 232350 232351 232352 232353 232354 232355 232356 232357 232358 232359 232360 232361 232362 
0
0
0
RBLONG_10-1
2
 P      43
0
2
192
229203 229204 229205 229206 229207 229208 229209 229210 229211 229212 229213 229214 229215 229216 229217 229218 229219 229220 229221 229222 229223 229224 229225 229226 229227 229228 229229 229230 229231 229232 229233 229234 229235 229236 229237 229238 229239 229240 229241 229242 229243 229244 229245 229246 229247 229248 229249 229250 229251 229252 229253 229254 229255 229256 229257 229258 229259 229260 229261 229262 229263 229264 229265 229266 229267 229268 229269 229270 229271 229272 229273 229274 229275 229276 229277 229278 229279 229280 229281 229282 229283 229284 229285 229286 229287 229288 229289 229290 229291 229292 229293 229294 229295 229296 229297 229298 229299 229300 229301 229302 229303 229304 229305 229306 229307 229308 229309 229310 229311 229312 229313 229314 229315 229316 229317 229318 229319 229320 229321 229322 229323 229324 229325 229326 229327 229328 229329 229330 229331 229332 229333 229334 229335 229336 229337 229338 229339 229340 229341 229342 229343 229344 229345 229346 229347 229348 229349 229350 229351 229352 229353 229354 229355 229356 229357 229358 229359 229360 229361 229362 229363 229364 229365 229366 229367 229368 229369 229370 229371 229372 229373 229374 229375 229376 229377 229378 229379 229380 229381 229382 229383 229384 229385 229386 229387 229388 229389 229390 229391 229392 229393 229394 
0
0
SET_ALL
0
1
192
229203 229204 229205 229206 229207 229208 229209 229210 229211 229212 229213 229214 229215 229216 229217 229218 229219 229220 229221 229222 229223 229224 229225 229226 229227 229228 229229 229230 229231 229232 229233 229234 229235 229236 229237 229238 229239 229240 229241 229242 229243 229244 229245 229246 229247 229248 229249 229250 229251 229252 229253 229254 229255 229256 229257 229258 229259 229260 229261 229262 229263 229264 229265 229266 229267 229268 229269 229270 229271 229272 229273 229274 229275 229276 229277 229278 229279 229280 229281 229282 229283 229284 229285 229286 229287 229288 229289 229290 229291 229292 229293 229294 229295 229296 229297 229298 229299 229300 229301 229302 229303 229304 229305 229306 229307 229308 229309 229310 229311 229312 229313 229314 229315 229316 229317 229318 229319 229320 229321 229322 229323 229324 229325 229326 229327 229328 229329 229330 229331 229332 229333 229334 229335 229336 229337 229338 229339 229340 229341 229342 229343 229344 229345 229346 229347 229348 229349 229350 229351 229352 229353 229354 229355 229356 229357 229358 229359 229360 229361 229362 229363 229364 229365 229366 229367 229368 229369 229370 229371 229372 229373 229374 229375 229376 229377 229378 229379 229380 229381 229382 229383 229384 229385 229386 229387 229388 229389 229390 229391 229392 229393 229394 
0
0
0
RBLONG_12-1
2
 P      45
0
2
180
229587 229588 229589 229590 229591 229592 229593 229594 229595 229596 229597 229598 229599 229600 229601 229602 229603 229604 229605 229606 229607 229608 229609 229610 229611 229612 229613 229614 229615 229616 229617 229618 229619 229620 229621 229622 229623 229624 229625 229626 229627 229628 229629 229630 229631 229632 229633 229634 229635 229636 229637 229638 229639 229640 229641 229642 229643 229644 229645 229646 229647 229648 229649 229650 229651 229652 229653 229654 229655 229656 229657 229658 229659 229660 229661 229662 229663 229664 229665 229666 229667 229668 229669 229670 229671 229672 229673 229674 229675 229676 229677 229678 229679 229680 229681 229682 229683 229684 229685 229686 229687 229688 229689 229690 229691 229692 229693 229694 229695 229696 229697 229698 229699 229700 229701 229702 229703 229704 229705 229706 229707 229708 229709 229710 229711 229712 229713 229714 229715 229716 229717 229718 229719 229720 229721 229722 229723 229724 229725 229726 229727 229728 229729 229730 229731 229732 229733 229734 229735 229736 229737 229738 229739 229740 229741 229742 229743 229744 229745 229746 229747 229748 229749 229750 229751 229752 229753 229754 229755 229756 229757 229758 229759 229760 229761 229762 229763 229764 229765 229766 
0
0
SET_ALL
0
1
180
229587 229588 229589 229590 229591 229592 229593 229594 229595 229596 229597 229598 229599 229600 229601 229602 229603 229604 229605 229606 229607 229608 229609 229610 229611 229612 229613 229614 229615 229616 229617 229618 229619 229620 229621 229622 229623 229624 229625 229626 229627 229628 229629 229630 229631 229632 229633 229634 229635 229636 229637 229638 229639 229640 229641 229642 229643 229644 229645 229646 229647 229648 229649 229650 229651 229652 229653 229654 229655 229656 229657 229658 229659 229660 229661 229662 229663 229664 229665 229666 229667 229668 229669 229670 229671 229672 229673 229674 229675 229676 229677 229678 229679 229680 229681 229682 229683 229684 229685 229686 229687 229688 229689 229690 229691 229692 229693 229694 229695 229696 229697 229698 229699 229700 229701 229702 229703 229704 229705 229706 229707 229708 229709 229710 229711 229712 229713 229714 229715 229716 229717 229718 229719 229720 229721 229722 229723 229724 229725 229726 229727 229728 229729 229730 229731 229732 229733 229734 229735 229736 229737 229738 229739 229740 229741 229742 229743 229744 229745 229746 229747 229748 229749 229750 229751 229752 229753 229754 229755 229756 229757 229758 229759 229760 229761 229762 229763 229764 229765 229766 
0
0
0
RBLONG_14-1
2
 P      47
0
2
180
229947 229948 229949 229950 229951 229952 229953 229954 229955 229956 229957 229958 229959 229960 229961 229962 229963 229964 229965 229966 229967 229968 229969 229970 229971 229972 229973 229974 229975 229976 229977 229978 229979 229980 229981 229982 229983 229984 229985 229986 229987 229988 229989 229990 229991 229992 229993 229994 229995 229996 229997 229998 229999 230000 230001 230002 230003 230004 230005 230006 230007 230008 230009 230010 230011 230012 230013 230014 230015 230016 230017 230018 230019 230020 230021 230022 230023 230024 230025 230026 230027 230028 230029 230030 230031 230032 230033 230034 230035 230036 230037 230038 230039 230040 230041 230042 230043 230044 230045 230046 230047 230048 230049 230050 230051 230052 230053 230054 230055 230056 230057 230058 230059 230060 230061 230062 230063 230064 230065 230066 230067 230068 230069 230070 230071 230072 230073 230074 230075 230076 230077 230078 230079 230080 230081 230082 230083 230084 230085 230086 230087 230088 230089 230090 230091 230092 230093 230094 230095 230096 230097 230098 230099 230100 230101 230102 230103 230104 230105 230106 230107 230108 230109 230110 230111 230112 230113 230114 230115 230116 230117 230118 230119 230120 230121 230122 230123 230124 230125 230126 
0
0
SET_ALL
0
1
180
229947 229948 229949 229950 229951 229952 229953 229954 229955 229956 229957 229958 229959 229960 229961 229962 229963 229964 229965 229966 229967 229968 229969 229970 229971 229972 229973 229974 229975 229976 229977 229978 229979 229980 229981 229982 229983 229984 229985 229986 229987 229988 229989 229990 229991 229992 229993 229994 229995 229996 229997 229998 229999 230000 230001 230002 230003 230004 230005 230006 230007 230008 230009 230010 230011 230012 230013 230014 230015 230016 230017 230018 230019 230020 230021 230022 230023 230024 230025 230026 230027 230028 230029 230030 230031 230032 230033 230034 230035 230036 230037 230038 230039 230040 230041 230042 230043 230044 230045 230046 230047 230048 230049 230050 230051 230052 230053 230054 230055 230056 230057 230058 230059 230060 230061 230062 230063 230064 230065 230066 230067 230068 230069 230070 230071 230072 230073 230074 230075 230076 230077 230078 230079 230080 230081 230082 230083 230084 230085 230086 230087 230088 230089 230090 230091 230092 230093 230094 230095 230096 230097 230098 230099 230100 230101 230102 230103 230104 230105 230106 230107 230108 230109 230110 230111 230112 230113 230114 230115 230116 230117 230118 230119 230120 230121 230122 230123 230124 230125 230126 
0
0
0
RBLONG_16-1
2
 P      49
0
2
168
230307 230308 230309 230310 230311 230312 230313 230314 230315 230316 230317 230318 230319 230320 230321 230322 230323 230324 230325 230326 230327 230328 230329 230330 230331 230332 230333 230334 230335 230336 230337 230338 230339 230340 230341 230342 230343 230344 230345 230346 230347 230348 230349 230350 230351 230352 230353 230354 230355 230356 230357 230358 230359 230360 230361 230362 230363 230364 230365 230366 230367 230368 230369 230370 230371 230372 230373 230374 230375 230376 230377 230378 230379 230380 230381 230382 230383 230384 230385 230386 230387 230388 230389 230390 230391 230392 230393 230394 230395 230396 230397 230398 230399 230400 230401 230402 230403 230404 230405 230406 230407 230408 230409 230410 230411 230412 230413 230414 230415 230416 230417 230418 230419 230420 230421 230422 230423 230424 230425 230426 230427 230428 230429 230430 230431 230432 230433 230434 230435 230436 230437 230438 230439 230440 230441 230442 230443 230444 230445 230446 230447 230448 230449 230450 230451 230452 230453 230454 230455 230456 230457 230458 230459 230460 230461 230462 230463 230464 230465 230466 230467 230468 230469 230470 230471 230472 230473 230474 
0
0
SET_ALL
0
1
168
230307 230308 230309 230310 230311 230312 230313 230314 230315 230316 230317 230318 230319 230320 230321 230322 230323 230324 230325 230326 230327 230328 230329 230330 230331 230332 230333 230334 230335 230336 230337 230338 230339 230340 230341 230342 230343 230344 230345 230346 230347 230348 230349 230350 230351 230352 230353 230354 230355 230356 230357 230358 230359 230360 230361 230362 230363 230364 230365 230366 230367 230368 230369 230370 230371 230372 230373 230374 230375 230376 230377 230378 230379 230380 230381 230382 230383 230384 230385 230386 230387 230388 230389 230390 230391 230392 230393 230394 230395 230396 230397 230398 230399 230400 230401 230402 230403 230404 230405 230406 230407 230408 230409 230410 230411 230412 230413 230414 230415 230416 230417 230418 230419 230420 230421 230422 230423 230424 230425 230426 230427 230428 230429 230430 230431 230432 230433 230434 230435 230436 230437 230438 230439 230440 230441 230442 230443 230444 230445 230446 230447 230448 230449 230450 230451 230452 230453 230454 230455 230456 230457 230458 230459 230460 230461 230462 230463 230464 230465 230466 230467 230468 230469 230470 230471 230472 230473 230474 
0
0
0
RBLONG_18-1
2
 P      51
0
2
168
230643 230644 230645 230646 230647 230648 230649 230650 230651 230652 230653 230654 230655 230656 230657 230658 230659 230660 230661 230662 230663 230664 230665 230666 230667 230668 230669 230670 230671 230672 230673 230674 230675 230676 230677 230678 230679 230680 230681 230682 230683 230684 230685 230686 230687 230688 230689 230690 230691 230692 230693 230694 230695 230696 230697 230698 230699 230700 230701 230702 230703 230704 230705 230706 230707 230708 230709 230710 230711 230712 230713 230714 230715 230716 230717 230718 230719 230720 230721 230722 230723 230724 230725 230726 230727 230728 230729 230730 230731 230732 230733 230734 230735 230736 230737 230738 230739 230740 230741 230742 230743 230744 230745 230746 230747 230748 230749 230750 230751 230752 230753 230754 230755 230756 230757 230758 230759 230760 230761 230762 230763 230764 230765 230766 230767 230768 230769 230770 230771 230772 230773 230774 230775 230776 230777 230778 230779 230780 230781 230782 230783 230784 230785 230786 230787 230788 230789 230790 230791 230792 230793 230794 230795 230796 230797 230798 230799 230800 230801 230802 230803 230804 230805 230806 230807 230808 230809 230810 
0
0
SET_ALL
0
1
168
230643 230644 230645 230646 230647 230648 230649 230650 230651 230652 230653 230654 230655 230656 230657 230658 230659 230660 230661 230662 230663 230664 230665 230666 230667 230668 230669 230670 230671 230672 230673 230674 230675 230676 230677 230678 230679 230680 230681 230682 230683 230684 230685 230686 230687 230688 230689 230690 230691 230692 230693 230694 230695 230696 230697 230698 230699 230700 230701 230702 230703 230704 230705 230706 230707 230708 230709 230710 230711 230712 230713 230714 230715 230716 230717 230718 230719 230720 230721 230722 230723 230724 230725 230726 230727 230728 230729 230730 230731 230732 230733 230734 230735 230736 230737 230738 230739 230740 230741 230742 230743 230744 230745 230746 230747 230748 230749 230750 230751 230752 230753 230754 230755 230756 230757 230758 230759 230760 230761 230762 230763 230764 230765 230766 230767 230768 230769 230770 230771 230772 230773 230774 230775 230776 230777 230778 230779 230780 230781 230782 230783 230784 230785 230786 230787 230788 230789 230790 230791 230792 230793 230794 230795 230796 230797 230798 230799 230800 230801 230802 230803 230804 230805 230806 230807 230808 230809 230810 
0
0
0
RBLONG_30-1
2
 P      63
0
2
152
232515 232516 232517 232518 232519 232520 232521 232522 232523 232524 232525 232526 232527 232528 232529 232530 232531 232532 232533 232534 232535 232536 232537 232538 232539 232540 232541 232542 232543 232544 232545 232546 232547 232548 232549 232550 232551 232552 232553 232554 232555 232556 232557 232558 232559 232560 232561 232562 232563 232564 232565 232566 232567 232568 232569 232570 232571 232572 232573 232574 232575 232576 232577 232578 232579 232580 232581 232582 232583 232584 232585 232586 232587 232588 232589 232590 232591 232592 232593 232594 232595 232596 232597 232598 232599 232600 232601 232602 232603 232604 232605 232606 232607 232608 232609 232610 232611 232612 232613 232614 232615 232616 232617 232618 232619 232620 232621 232622 232623 232624 232625 232626 232627 232628 232629 232630 232631 232632 232633 232634 232635 232636 232637 232638 232639 232640 232641 232642 232643 232644 232645 232646 232647 232648 232649 232650 232651 232652 232653 232654 232655 232656 232657 232658 232659 232660 232661 232662 232663 232664 232665 232666 
0
0
SET_ALL
0
1
152
232515 232516 232517 232518 232519 232520 232521 232522 232523 232524 232525 232526 232527 232528 232529 232530 232531 232532 232533 232534 232535 232536 232537 232538 232539 232540 232541 232542 232543 232544 232545 232546 232547 232548 232549 232550 232551 232552 232553 232554 232555 232556 232557 232558 232559 232560 232561 232562 232563 232564 232565 232566 232567 232568 232569 232570 232571 232572 232573 232574 232575 232576 232577 232578 232579 232580 232581 232582 232583 232584 232585 232586 232587 232588 232589 232590 232591 232592 232593 232594 232595 232596 232597 232598 232599 232600 232601 232602 232603 232604 232605 232606 232607 232608 232609 232610 232611 232612 232613 232614 232615 232616 232617 232618 232619 232620 232621 232622 232623 232624 232625 232626 232627 232628 232629 232630 232631 232632 232633 232634 232635 232636 232637 232638 232639 232640 232641 232642 232643 232644 232645 232646 232647 232648 232649 232650 232651 232652 232653 232654 232655 232656 232657 232658 232659 232660 232661 232662 232663 232664 232665 232666 
0
0
0
RBLONG_07-1
2
 P      40
0
2
192
228627 228628 228629 228630 228631 228632 228633 228634 228635 228636 228637 228638 228639 228640 228641 228642 228643 228644 228645 228646 228647 228648 228649 228650 228651 228652 228653 228654 228655 228656 228657 228658 228659 228660 228661 228662 228663 228664 228665 228666 228667 228668 228669 228670 228671 228672 228673 228674 228675 228676 228677 228678 228679 228680 228681 228682 228683 228684 228685 228686 228687 228688 228689 228690 228691 228692 228693 228694 228695 228696 228697 228698 228699 228700 228701 228702 228703 228704 228705 228706 228707 228708 228709 228710 228711 228712 228713 228714 228715 228716 228717 228718 228719 228720 228721 228722 228723 228724 228725 228726 228727 228728 228729 228730 228731 228732 228733 228734 228735 228736 228737 228738 228739 228740 228741 228742 228743 228744 228745 228746 228747 228748 228749 228750 228751 228752 228753 228754 228755 228756 228757 228758 228759 228760 228761 228762 228763 228764 228765 228766 228767 228768 228769 228770 228771 228772 228773 228774 228775 228776 228777 228778 228779 228780 228781 228782 228783 228784 228785 228786 228787 228788 228789 228790 228791 228792 228793 228794 228795 228796 228797 228798 228799 228800 228801 228802 228803 228804 228805 228806 228807 228808 228809 228810 228811 228812 228813 228814 228815 228816 228817 228818 
0
0
SET_ALL
0
1
192
228627 228628 228629 228630 228631 228632 228633 228634 228635 228636 228637 228638 228639 228640 228641 228642 228643 228644 228645 228646 228647 228648 228649 228650 228651 228652 228653 228654 228655 228656 228657 228658 228659 228660 228661 228662 228663 228664 228665 228666 228667 228668 228669 228670 228671 228672 228673 228674 228675 228676 228677 228678 228679 228680 228681 228682 228683 228684 228685 228686 228687 228688 228689 228690 228691 228692 228693 228694 228695 228696 228697 228698 228699 228700 228701 228702 228703 228704 228705 228706 228707 228708 228709 228710 228711 228712 228713 228714 228715 228716 228717 228718 228719 228720 228721 228722 228723 228724 228725 228726 228727 228728 228729 228730 228731 228732 228733 228734 228735 228736 228737 228738 228739 228740 228741 228742 228743 228744 228745 228746 228747 228748 228749 228750 228751 228752 228753 228754 228755 228756 228757 228758 228759 228760 228761 228762 228763 228764 228765 228766 228767 228768 228769 228770 228771 228772 228773 228774 228775 228776 228777 228778 228779 228780 228781 228782 228783 228784 228785 228786 228787 228788 228789 228790 228791 228792 228793 228794 228795 228796 228797 228798 228799 228800 228801 228802 228803 228804 228805 228806 228807 228808 228809 228810 228811 228812 228813 228814 228815 228816 228817 228818 
0
0
0
RBLONG_09-1
2
 P      42
0
2
192
229011 229012 229013 229014 229015 229016 229017 229018 229019 229020 229021 229022 229023 229024 229025 229026 229027 229028 229029 229030 229031 229032 229033 229034 229035 229036 229037 229038 229039 229040 229041 229042 229043 229044 229045 229046 229047 229048 229049 229050 229051 229052 229053 229054 229055 229056 229057 229058 229059 229060 229061 229062 229063 229064 229065 229066 229067 229068 229069 229070 229071 229072 229073 229074 229075 229076 229077 229078 229079 229080 229081 229082 229083 229084 229085 229086 229087 229088 229089 229090 229091 229092 229093 229094 229095 229096 229097 229098 229099 229100 229101 229102 229103 229104 229105 229106 229107 229108 229109 229110 229111 229112 229113 229114 229115 229116 229117 229118 229119 229120 229121 229122 229123 229124 229125 229126 229127 229128 229129 229130 229131 229132 229133 229134 229135 229136 229137 229138 229139 229140 229141 229142 229143 229144 229145 229146 229147 229148 229149 229150 229151 229152 229153 229154 229155 229156 229157 229158 229159 229160 229161 229162 229163 229164 229165 229166 229167 229168 229169 229170 229171 229172 229173 229174 229175 229176 229177 229178 229179 229180 229181 229182 229183 229184 229185 229186 229187 229188 229189 229190 229191 229192 229193 229194 229195 229196 229197 229198 229199 229200 229201 229202 
0
0
SET_ALL
0
1
192
229011 229012 229013 229014 229015 229016 229017 229018 229019 229020 229021 229022 229023 229024 229025 229026 229027 229028 229029 229030 229031 229032 229033 229034 229035 229036 229037 229038 229039 229040 229041 229042 229043 229044 229045 229046 229047 229048 229049 229050 229051 229052 229053 229054 229055 229056 229057 229058 229059 229060 229061 229062 229063 229064 229065 229066 229067 229068 229069 229070 229071 229072 229073 229074 229075 229076 229077 229078 229079 229080 229081 229082 229083 229084 229085 229086 229087 229088 229089 229090 229091 229092 229093 229094 229095 229096 229097 229098 229099 229100 229101 229102 229103 229104 229105 229106 229107 229108 229109 229110 229111 229112 229113 229114 229115 229116 229117 229118 229119 229120 229121 229122 229123 229124 229125 229126 229127 229128 229129 229130 229131 229132 229133 229134 229135 229136 229137 229138 229139 229140 229141 229142 229143 229144 229145 229146 229147 229148 229149 229150 229151 229152 229153 229154 229155 229156 229157 229158 229159 229160 229161 229162 229163 229164 229165 229166 229167 229168 229169 229170 229171 229172 229173 229174 229175 229176 229177 229178 229179 229180 229181 229182 229183 229184 229185 229186 229187 229188 229189 229190 229191 229192 229193 229194 229195 229196 229197 229198 229199 229200 229201 229202 
0
0
0
RBLONG_21-1
2
 P      54
0
2
152
231147 231148 231149 231150 231151 231152 231153 231154 231155 231156 231157 231158 231159 231160 231161 231162 231163 231164 231165 231166 231167 231168 231169 231170 231171 231172 231173 231174 231175 231176 231177 231178 231179 231180 231181 231182 231183 231184 231185 231186 231187 231188 231189 231190 231191 231192 231193 231194 231195 231196 231197 231198 231199 231200 231201 231202 231203 231204 231205 231206 231207 231208 231209 231210 231211 231212 231213 231214 231215 231216 231217 231218 231219 231220 231221 231222 231223 231224 231225 231226 231227 231228 231229 231230 231231 231232 231233 231234 231235 231236 231237 231238 231239 231240 231241 231242 231243 231244 231245 231246 231247 231248 231249 231250 231251 231252 231253 231254 231255 231256 231257 231258 231259 231260 231261 231262 231263 231264 231265 231266 231267 231268 231269 231270 231271 231272 231273 231274 231275 231276 231277 231278 231279 231280 231281 231282 231283 231284 231285 231286 231287 231288 231289 231290 231291 231292 231293 231294 231295 231296 231297 231298 
0
0
SET_ALL
0
1
152
231147 231148 231149 231150 231151 231152 231153 231154 231155 231156 231157 231158 231159 231160 231161 231162 231163 231164 231165 231166 231167 231168 231169 231170 231171 231172 231173 231174 231175 231176 231177 231178 231179 231180 231181 231182 231183 231184 231185 231186 231187 231188 231189 231190 231191 231192 231193 231194 231195 231196 231197 231198 231199 231200 231201 231202 231203 231204 231205 231206 231207 231208 231209 231210 231211 231212 231213 231214 231215 231216 231217 231218 231219 231220 231221 231222 231223 231224 231225 231226 231227 231228 231229 231230 231231 231232 231233 231234 231235 231236 231237 231238 231239 231240 231241 231242 231243 231244 231245 231246 231247 231248 231249 231250 231251 231252 231253 231254 231255 231256 231257 231258 231259 231260 231261 231262 231263 231264 231265 231266 231267 231268 231269 231270 231271 231272 231273 231274 231275 231276 231277 231278 231279 231280 231281 231282 231283 231284 231285 231286 231287 231288 231289 231290 231291 231292 231293 231294 231295 231296 231297 231298 
0
0
0
RBLONG_23-1
2
 P      56
0
2
152
231451 231452 231453 231454 231455 231456 231457 231458 231459 231460 231461 231462 231463 231464 231465 231466 231467 231468 231469 231470 231471 231472 231473 231474 231475 231476 231477 231478 231479 231480 231481 231482 231483 231484 231485 231486 231487 231488 231489 231490 231491 231492 231493 231494 231495 231496 231497 231498 231499 231500 231501 231502 231503 231504 231505 231506 231507 231508 231509 231510 231511 231512 231513 231514 231515 231516 231517 231518 231519 231520 231521 231522 231523 231524 231525 231526 231527 231528 231529 231530 231531 231532 231533 231534 231535 231536 231537 231538 231539 231540 231541 231542 231543 231544 231545 231546 231547 231548 231549 231550 231551 231552 231553 231554 231555 231556 231557 231558 231559 231560 231561 231562 231563 231564 231565 231566 231567 231568 231569 231570 231571 231572 231573 231574 231575 231576 231577 231578 231579 231580 231581 231582 231583 231584 231585 231586 231587 231588 231589 231590 231591 231592 231593 231594 231595 231596 231597 231598 231599 231600 231601 231602 
0
0
SET_ALL
0
1
152
231451 231452 231453 231454 231455 231456 231457 231458 231459 231460 231461 231462 231463 231464 231465 231466 231467 231468 231469 231470 231471 231472 231473 231474 231475 231476 231477 231478 231479 231480 231481 231482 231483 231484 231485 231486 231487 231488 231489 231490 231491 231492 231493 231494 231495 231496 231497 231498 231499 231500 231501 231502 231503 231504 231505 231506 231507 231508 231509 231510 231511 231512 231513 231514 231515 231516 231517 231518 231519 231520 231521 231522 231523 231524 231525 231526 231527 231528 231529 231530 231531 231532 231533 231534 231535 231536 231537 231538 231539 231540 231541 231542 231543 231544 231545 231546 231547 231548 231549 231550 231551 231552 231553 231554 231555 231556 231557 231558 231559 231560 231561 231562 231563 231564 231565 231566 231567 231568 231569 231570 231571 231572 231573 231574 231575 231576 231577 231578 231579 231580 231581 231582 231583 231584 231585 231586 231587 231588 231589 231590 231591 231592 231593 231594 231595 231596 231597 231598 231599 231600 231601 231602 
0
0
0
RBLONG_25-1
2
 P      58
0
2
152
231755 231756 231757 231758 231759 231760 231761 231762 231763 231764 231765 231766 231767 231768 231769 231770 231771 231772 231773 231774 231775 231776 231777 231778 231779 231780 231781 231782 231783 231784 231785 231786 231787 231788 231789 231790 231791 231792 231793 231794 231795 231796 231797 231798 231799 231800 231801 231802 231803 231804 231805 231806 231807 231808 231809 231810 231811 231812 231813 231814 231815 231816 231817 231818 231819 231820 231821 231822 231823 231824 231825 231826 231827 231828 231829 231830 231831 231832 231833 231834 231835 231836 231837 231838 231839 231840 231841 231842 231843 231844 231845 231846 231847 231848 231849 231850 231851 231852 231853 231854 231855 231856 231857 231858 231859 231860 231861 231862 231863 231864 231865 231866 231867 231868 231869 231870 231871 231872 231873 231874 231875 231876 231877 231878 231879 231880 231881 231882 231883 231884 231885 231886 231887 231888 231889 231890 231891 231892 231893 231894 231895 231896 231897 231898 231899 231900 231901 231902 231903 231904 231905 231906 
0
0
SET_ALL
0
1
152
231755 231756 231757 231758 231759 231760 231761 231762 231763 231764 231765 231766 231767 231768 231769 231770 231771 231772 231773 231774 231775 231776 231777 231778 231779 231780 231781 231782 231783 231784 231785 231786 231787 231788 231789 231790 231791 231792 231793 231794 231795 231796 231797 231798 231799 231800 231801 231802 231803 231804 231805 231806 231807 231808 231809 231810 231811 231812 231813 231814 231815 231816 231817 231818 231819 231820 231821 231822 231823 231824 231825 231826 231827 231828 231829 231830 231831 231832 231833 231834 231835 231836 231837 231838 231839 231840 231841 231842 231843 231844 231845 231846 231847 231848 231849 231850 231851 231852 231853 231854 231855 231856 231857 231858 231859 231860 231861 231862 231863 231864 231865 231866 231867 231868 231869 231870 231871 231872 231873 231874 231875 231876 231877 231878 231879 231880 231881 231882 231883 231884 231885 231886 231887 231888 231889 231890 231891 231892 231893 231894 231895 231896 231897 231898 231899 231900 231901 231902 231903 231904 231905 231906 
0
0
0
RBLONG_27-1
2
 P      60
0
2
152
232059 232060 232061 232062 232063 232064 232065 232066 232067 232068 232069 232070 232071 232072 232073 232074 232075 232076 232077 232078 232079 232080 232081 232082 232083 232084 232085 232086 232087 232088 232089 232090 232091 232092 232093 232094 232095 232096 232097 232098 232099 232100 232101 232102 232103 232104 232105 232106 232107 232108 232109 232110 232111 232112 232113 232114 232115 232116 232117 232118 232119 232120 232121 232122 232123 232124 232125 232126 232127 232128 232129 232130 232131 232132 232133 232134 232135 232136 232137 232138 232139 232140 232141 232142 232143 232144 232145 232146 232147 232148 232149 232150 232151 232152 232153 232154 232155 232156 232157 232158 232159 232160 232161 232162 232163 232164 232165 232166 232167 232168 232169 232170 232171 232172 232173 232174 232175 232176 232177 232178 232179 232180 232181 232182 232183 232184 232185 232186 232187 232188 232189 232190 232191 232192 232193 232194 232195 232196 232197 232198 232199 232200 232201 232202 232203 232204 232205 232206 232207 232208 232209 232210 
0
0
SET_ALL
0
1
152
232059 232060 232061 232062 232063 232064 232065 232066 232067 232068 232069 232070 232071 232072 232073 232074 232075 232076 232077 232078 232079 232080 232081 232082 232083 232084 232085 232086 232087 232088 232089 232090 232091 232092 232093 232094 232095 232096 232097 232098 232099 232100 232101 232102 232103 232104 232105 232106 232107 232108 232109 232110 232111 232112 232113 232114 232115 232116 232117 232118 232119 232120 232121 232122 232123 232124 232125 232126 232127 232128 232129 232130 232131 232132 232133 232134 232135 232136 232137 232138 232139 232140 232141 232142 232143 232144 232145 232146 232147 232148 232149 232150 232151 232152 232153 232154 232155 232156 232157 232158 232159 232160 232161 232162 232163 232164 232165 232166 232167 232168 232169 232170 232171 232172 232173 232174 232175 232176 232177 232178 232179 232180 232181 232182 232183 232184 232185 232186 232187 232188 232189 232190 232191 232192 232193 232194 232195 232196 232197 232198 232199 232200 232201 232202 232203 232204 232205 232206 232207 232208 232209 232210 
0
0
0
RBLONG_29-1
2
 P      62
0
2
152
232363 232364 232365 232366 232367 232368 232369 232370 232371 232372 232373 232374 232375 232376 232377 232378 232379 232380 232381 232382 232383 232384 232385 232386 232387 232388 232389 232390 232391 232392 232393 232394 232395 232396 232397 232398 232399 232400 232401 232402 232403 232404 232405 232406 232407 232408 232409 232410 232411 232412 232413 232414 232415 232416 232417 232418 232419 232420 232421 232422 232423 232424 232425 232426 232427 232428 232429 232430 232431 232432 232433 232434 232435 232436 232437 232438 232439 232440 232441 232442 232443 232444 232445 232446 232447 232448 232449 232450 232451 232452 232453 232454 232455 232456 232457 232458 232459 232460 232461 232462 232463 232464 232465 232466 232467 232468 232469 232470 232471 232472 232473 232474 232475 232476 232477 232478 232479 232480 232481 232482 232483 232484 232485 232486 232487 232488 232489 232490 232491 232492 232493 232494 232495 232496 232497 232498 232499 232500 232501 232502 232503 232504 232505 232506 232507 232508 232509 232510 232511 232512 232513 232514 
0
0
SET_ALL
0
1
152
232363 232364 232365 232366 232367 232368 232369 232370 232371 232372 232373 232374 232375 232376 232377 232378 232379 232380 232381 232382 232383 232384 232385 232386 232387 232388 232389 232390 232391 232392 232393 232394 232395 232396 232397 232398 232399 232400 232401 232402 232403 232404 232405 232406 232407 232408 232409 232410 232411 232412 232413 232414 232415 232416 232417 232418 232419 232420 232421 232422 232423 232424 232425 232426 232427 232428 232429 232430 232431 232432 232433 232434 232435 232436 232437 232438 232439 232440 232441 232442 232443 232444 232445 232446 232447 232448 232449 232450 232451 232452 232453 232454 232455 232456 232457 232458 232459 232460 232461 232462 232463 232464 232465 232466 232467 232468 232469 232470 232471 232472 232473 232474 232475 232476 232477 232478 232479 232480 232481 232482 232483 232484 232485 232486 232487 232488 232489 232490 232491 232492 232493 232494 232495 232496 232497 232498 232499 232500 232501 232502 232503 232504 232505 232506 232507 232508 232509 232510 232511 232512 232513 232514 
0
0
0
RBLONG_11-1
2
 P      44
0
2
192
229395 229396 229397 229398 229399 229400 229401 229402 229403 229404 229405 229406 229407 229408 229409 229410 229411 229412 229413 229414 229415 229416 229417 229418 229419 229420 229421 229422 229423 229424 229425 229426 229427 229428 229429 229430 229431 229432 229433 229434 229435 229436 229437 229438 229439 229440 229441 229442 229443 229444 229445 229446 229447 229448 229449 229450 229451 229452 229453 229454 229455 229456 229457 229458 229459 229460 229461 229462 229463 229464 229465 229466 229467 229468 229469 229470 229471 229472 229473 229474 229475 229476 229477 229478 229479 229480 229481 229482 229483 229484 229485 229486 229487 229488 229489 229490 229491 229492 229493 229494 229495 229496 229497 229498 229499 229500 229501 229502 229503 229504 229505 229506 229507 229508 229509 229510 229511 229512 229513 229514 229515 229516 229517 229518 229519 229520 229521 229522 229523 229524 229525 229526 229527 229528 229529 229530 229531 229532 229533 229534 229535 229536 229537 229538 229539 229540 229541 229542 229543 229544 229545 229546 229547 229548 229549 229550 229551 229552 229553 229554 229555 229556 229557 229558 229559 229560 229561 229562 229563 229564 229565 229566 229567 229568 229569 229570 229571 229572 229573 229574 229575 229576 229577 229578 229579 229580 229581 229582 229583 229584 229585 229586 
0
0
SET_ALL
0
1
192
229395 229396 229397 229398 229399 229400 229401 229402 229403 229404 229405 229406 229407 229408 229409 229410 229411 229412 229413 229414 229415 229416 229417 229418 229419 229420 229421 229422 229423 229424 229425 229426 229427 229428 229429 229430 229431 229432 229433 229434 229435 229436 229437 229438 229439 229440 229441 229442 229443 229444 229445 229446 229447 229448 229449 229450 229451 229452 229453 229454 229455 229456 229457 229458 229459 229460 229461 229462 229463 229464 229465 229466 229467 229468 229469 229470 229471 229472 229473 229474 229475 229476 229477 229478 229479 229480 229481 229482 229483 229484 229485 229486 229487 229488 229489 229490 229491 229492 229493 229494 229495 229496 229497 229498 229499 229500 229501 229502 229503 229504 229505 229506 229507 229508 229509 229510 229511 229512 229513 229514 229515 229516 229517 229518 229519 229520 229521 229522 229523 229524 229525 229526 229527 229528 229529 229530 229531 229532 229533 229534 229535 229536 229537 229538 229539 229540 229541 229542 229543 229544 229545 229546 229547 229548 229549 229550 229551 229552 229553 229554 229555 229556 229557 229558 229559 229560 229561 229562 229563 229564 229565 229566 229567 229568 229569 229570 229571 229572 229573 229574 229575 229576 229577 229578 229579 229580 229581 229582 229583 229584 229585 229586 
0
0
0
RBLONG_13-1
2
 P      46
0
2
180
229767 229768 229769 229770 229771 229772 229773 229774 229775 229776 229777 229778 229779 229780 229781 229782 229783 229784 229785 229786 229787 229788 229789 229790 229791 229792 229793 229794 229795 229796 229797 229798 229799 229800 229801 229802 229803 229804 229805 229806 229807 229808 229809 229810 229811 229812 229813 229814 229815 229816 229817 229818 229819 229820 229821 229822 229823 229824 229825 229826 229827 229828 229829 229830 229831 229832 229833 229834 229835 229836 229837 229838 229839 229840 229841 229842 229843 229844 229845 229846 229847 229848 229849 229850 229851 229852 229853 229854 229855 229856 229857 229858 229859 229860 229861 229862 229863 229864 229865 229866 229867 229868 229869 229870 229871 229872 229873 229874 229875 229876 229877 229878 229879 229880 229881 229882 229883 229884 229885 229886 229887 229888 229889 229890 229891 229892 229893 229894 229895 229896 229897 229898 229899 229900 229901 229902 229903 229904 229905 229906 229907 229908 229909 229910 229911 229912 229913 229914 229915 229916 229917 229918 229919 229920 229921 229922 229923 229924 229925 229926 229927 229928 229929 229930 229931 229932 229933 229934 229935 229936 229937 229938 229939 229940 229941 229942 229943 229944 229945 229946 
0
0
SET_ALL
0
1
180
229767 229768 229769 229770 229771 229772 229773 229774 229775 229776 229777 229778 229779 229780 229781 229782 229783 229784 229785 229786 229787 229788 229789 229790 229791 229792 229793 229794 229795 229796 229797 229798 229799 229800 229801 229802 229803 229804 229805 229806 229807 229808 229809 229810 229811 229812 229813 229814 229815 229816 229817 229818 229819 229820 229821 229822 229823 229824 229825 229826 229827 229828 229829 229830 229831 229832 229833 229834 229835 229836 229837 229838 229839 229840 229841 229842 229843 229844 229845 229846 229847 229848 229849 229850 229851 229852 229853 229854 229855 229856 229857 229858 229859 229860 229861 229862 229863 229864 229865 229866 229867 229868 229869 229870 229871 229872 229873 229874 229875 229876 229877 229878 229879 229880 229881 229882 229883 229884 229885 229886 229887 229888 229889 229890 229891 229892 229893 229894 229895 229896 229897 229898 229899 229900 229901 229902 229903 229904 229905 229906 229907 229908 229909 229910 229911 229912 229913 229914 229915 229916 229917 229918 229919 229920 229921 229922 229923 229924 229925 229926 229927 229928 229929 229930 229931 229932 229933 229934 229935 229936 229937 229938 229939 229940 229941 229942 229943 229944 229945 229946 
0
0
0
RBLONG_15-1
2
 P      48
0
2
180
230127 230128 230129 230130 230131 230132 230133 230134 230135 230136 230137 230138 230139 230140 230141 230142 230143 230144 230145 230146 230147 230148 230149 230150 230151 230152 230153 230154 230155 230156 230157 230158 230159 230160 230161 230162 230163 230164 230165 230166 230167 230168 230169 230170 230171 230172 230173 230174 230175 230176 230177 230178 230179 230180 230181 230182 230183 230184 230185 230186 230187 230188 230189 230190 230191 230192 230193 230194 230195 230196 230197 230198 230199 230200 230201 230202 230203 230204 230205 230206 230207 230208 230209 230210 230211 230212 230213 230214 230215 230216 230217 230218 230219 230220 230221 230222 230223 230224 230225 230226 230227 230228 230229 230230 230231 230232 230233 230234 230235 230236 230237 230238 230239 230240 230241 230242 230243 230244 230245 230246 230247 230248 230249 230250 230251 230252 230253 230254 230255 230256 230257 230258 230259 230260 230261 230262 230263 230264 230265 230266 230267 230268 230269 230270 230271 230272 230273 230274 230275 230276 230277 230278 230279 230280 230281 230282 230283 230284 230285 230286 230287 230288 230289 230290 230291 230292 230293 230294 230295 230296 230297 230298 230299 230300 230301 230302 230303 230304 230305 230306 
0
0
SET_ALL
0
1
180
230127 230128 230129 230130 230131 230132 230133 230134 230135 230136 230137 230138 230139 230140 230141 230142 230143 230144 230145 230146 230147 230148 230149 230150 230151 230152 230153 230154 230155 230156 230157 230158 230159 230160 230161 230162 230163 230164 230165 230166 230167 230168 230169 230170 230171 230172 230173 230174 230175 230176 230177 230178 230179 230180 230181 230182 230183 230184 230185 230186 230187 230188 230189 230190 230191 230192 230193 230194 230195 230196 230197 230198 230199 230200 230201 230202 230203 230204 230205 230206 230207 230208 230209 230210 230211 230212 230213 230214 230215 230216 230217 230218 230219 230220 230221 230222 230223 230224 230225 230226 230227 230228 230229 230230 230231 230232 230233 230234 230235 230236 230237 230238 230239 230240 230241 230242 230243 230244 230245 230246 230247 230248 230249 230250 230251 230252 230253 230254 230255 230256 230257 230258 230259 230260 230261 230262 230263 230264 230265 230266 230267 230268 230269 230270 230271 230272 230273 230274 230275 230276 230277 230278 230279 230280 230281 230282 230283 230284 230285 230286 230287 230288 230289 230290 230291 230292 230293 230294 230295 230296 230297 230298 230299 230300 230301 230302 230303 230304 230305 230306 
0
0
0
RBLONG_17-1
2
 P      50
0
2
168
230475 230476 230477 230478 230479 230480 230481 230482 230483 230484 230485 230486 230487 230488 230489 230490 230491 230492 230493 230494 230495 230496 230497 230498 230499 230500 230501 230502 230503 230504 230505 230506 230507 230508 230509 230510 230511 230512 230513 230514 230515 230516 230517 230518 230519 230520 230521 230522 230523 230524 230525 230526 230527 230528 230529 230530 230531 230532 230533 230534 230535 230536 230537 230538 230539 230540 230541 230542 230543 230544 230545 230546 230547 230548 230549 230550 230551 230552 230553 230554 230555 230556 230557 230558 230559 230560 230561 230562 230563 230564 230565 230566 230567 230568 230569 230570 230571 230572 230573 230574 230575 230576 230577 230578 230579 230580 230581 230582 230583 230584 230585 230586 230587 230588 230589 230590 230591 230592 230593 230594 230595 230596 230597 230598 230599 230600 230601 230602 230603 230604 230605 230606 230607 230608 230609 230610 230611 230612 230613 230614 230615 230616 230617 230618 230619 230620 230621 230622 230623 230624 230625 230626 230627 230628 230629 230630 230631 230632 230633 230634 230635 230636 230637 230638 230639 230640 230641 230642 
0
0
SET_ALL
0
1
168
230475 230476 230477 230478 230479 230480 230481 230482 230483 230484 230485 230486 230487 230488 230489 230490 230491 230492 230493 230494 230495 230496 230497 230498 230499 230500 230501 230502 230503 230504 230505 230506 230507 230508 230509 230510 230511 230512 230513 230514 230515 230516 230517 230518 230519 230520 230521 230522 230523 230524 230525 230526 230527 230528 230529 230530 230531 230532 230533 230534 230535 230536 230537 230538 230539 230540 230541 230542 230543 230544 230545 230546 230547 230548 230549 230550 230551 230552 230553 230554 230555 230556 230557 230558 230559 230560 230561 230562 230563 230564 230565 230566 230567 230568 230569 230570 230571 230572 230573 230574 230575 230576 230577 230578 230579 230580 230581 230582 230583 230584 230585 230586 230587 230588 230589 230590 230591 230592 230593 230594 230595 230596 230597 230598 230599 230600 230601 230602 230603 230604 230605 230606 230607 230608 230609 230610 230611 230612 230613 230614 230615 230616 230617 230618 230619 230620 230621 230622 230623 230624 230625 230626 230627 230628 230629 230630 230631 230632 230633 230634 230635 230636 230637 230638 230639 230640 230641 230642 
0
0
0
RBLONG_19-1
2
 P      52
0
2
168
230811 230812 230813 230814 230815 230816 230817 230818 230819 230820 230821 230822 230823 230824 230825 230826 230827 230828 230829 230830 230831 230832 230833 230834 230835 230836 230837 230838 230839 230840 230841 230842 230843 230844 230845 230846 230847 230848 230849 230850 230851 230852 230853 230854 230855 230856 230857 230858 230859 230860 230861 230862 230863 230864 230865 230866 230867 230868 230869 230870 230871 230872 230873 230874 230875 230876 230877 230878 230879 230880 230881 230882 230883 230884 230885 230886 230887 230888 230889 230890 230891 230892 230893 230894 230895 230896 230897 230898 230899 230900 230901 230902 230903 230904 230905 230906 230907 230908 230909 230910 230911 230912 230913 230914 230915 230916 230917 230918 230919 230920 230921 230922 230923 230924 230925 230926 230927 230928 230929 230930 230931 230932 230933 230934 230935 230936 230937 230938 230939 230940 230941 230942 230943 230944 230945 230946 230947 230948 230949 230950 230951 230952 230953 230954 230955 230956 230957 230958 230959 230960 230961 230962 230963 230964 230965 230966 230967 230968 230969 230970 230971 230972 230973 230974 230975 230976 230977 230978 
0
0
SET_ALL
0
1
168
230811 230812 230813 230814 230815 230816 230817 230818 230819 230820 230821 230822 230823 230824 230825 230826 230827 230828 230829 230830 230831 230832 230833 230834 230835 230836 230837 230838 230839 230840 230841 230842 230843 230844 230845 230846 230847 230848 230849 230850 230851 230852 230853 230854 230855 230856 230857 230858 230859 230860 230861 230862 230863 230864 230865 230866 230867 230868 230869 230870 230871 230872 230873 230874 230875 230876 230877 230878 230879 230880 230881 230882 230883 230884 230885 230886 230887 230888 230889 230890 230891 230892 230893 230894 230895 230896 230897 230898 230899 230900 230901 230902 230903 230904 230905 230906 230907 230908 230909 230910 230911 230912 230913 230914 230915 230916 230917 230918 230919 230920 230921 230922 230923 230924 230925 230926 230927 230928 230929 230930 230931 230932 230933 230934 230935 230936 230937 230938 230939 230940 230941 230942 230943 230944 230945 230946 230947 230948 230949 230950 230951 230952 230953 230954 230955 230956 230957 230958 230959 230960 230961 230962 230963 230964 230965 230966 230967 230968 230969 230970 230971 230972 230973 230974 230975 230976 230977 230978 
0
0
0
RBLONG_31-1
2
 P      64
0
2
152
232667 232668 232669 232670 232671 232672 232673 232674 232675 232676 232677 232678 232679 232680 232681 232682 232683 232684 232685 232686 232687 232688 232689 232690 232691 232692 232693 232694 232695 232696 232697 232698 232699 232700 232701 232702 232703 232704 232705 232706 232707 232708 232709 232710 232711 232712 232713 232714 232715 232716 232717 232718 232719 232720 232721 232722 232723 232724 232725 232726 232727 232728 232729 232730 232731 232732 232733 232734 232735 232736 232737 232738 232739 232740 232741 232742 232743 232744 232745 232746 232747 232748 232749 232750 232751 232752 232753 232754 232755 232756 232757 232758 232759 232760 232761 232762 232763 232764 232765 232766 232767 232768 232769 232770 232771 232772 232773 232774 232775 232776 232777 232778 232779 232780 232781 232782 232783 232784 232785 232786 232787 232788 232789 232790 232791 232792 232793 232794 232795 232796 232797 232798 232799 232800 232801 232802 232803 232804 232805 232806 232807 232808 232809 232810 232811 232812 232813 232814 232815 232816 232817 232818 
0
0
SET_ALL
0
1
152
232667 232668 232669 232670 232671 232672 232673 232674 232675 232676 232677 232678 232679 232680 232681 232682 232683 232684 232685 232686 232687 232688 232689 232690 232691 232692 232693 232694 232695 232696 232697 232698 232699 232700 232701 232702 232703 232704 232705 232706 232707 232708 232709 232710 232711 232712 232713 232714 232715 232716 232717 232718 232719 232720 232721 232722 232723 232724 232725 232726 232727 232728 232729 232730 232731 232732 232733 232734 232735 232736 232737 232738 232739 232740 232741 232742 232743 232744 232745 232746 232747 232748 232749 232750 232751 232752 232753 232754 232755 232756 232757 232758 232759 232760 232761 232762 232763 232764 232765 232766 232767 232768 232769 232770 232771 232772 232773 232774 232775 232776 232777 232778 232779 232780 232781 232782 232783 232784 232785 232786 232787 232788 232789 232790 232791 232792 232793 232794 232795 232796 232797 232798 232799 232800 232801 232802 232803 232804 232805 232806 232807 232808 232809 232810 232811 232812 232813 232814 232815 232816 232817 232818 
0
0
0
PT_36X15P2-1
4
 P      33
0
2
36
227343 227344 227345 227346 227347 227348 227349 227350 227351 227352 227353 227354 227355 227356 227357 227358 227359 227360 227361 227362 227363 227364 227365 227366 227367 227368 227369 227370 227371 227372 227373 227374 227375 227376 227377 227378 
0
0
 P      33SET_CH4_STRESS_CTRL
0
2
1
227361 
0
0
SET_PT_ALL_ELEMS
0
1
36
227343 227344 227345 227346 227347 227348 227349 227350 227351 227352 227353 227354 227355 227356 227357 227358 227359 227360 227361 227362 227363 227364 227365 227366 227367 227368 227369 227370 227371 227372 227373 227374 227375 227376 227377 227378 
0
0
SET_PT_ALL_GEOM
0
1
36
227343 227344 227345 227346 227347 227348 227349 227350 227351 227352 227353 227354 227355 227356 227357 227358 227359 227360 227361 227362 227363 227364 227365 227366 227367 227368 227369 227370 227371 227372 227373 227374 227375 227376 227377 227378 
0
0
0
CSEG_01-1
8
 P       1
0
2
14
-2147483647
48 1 16 5 0 1 0 -1 -1 432 1 -1879048189 183 432 
0
0
 P       1SET_CSEG_ALL_ACTIVE
0
2
14
-2147483647
48 1 16 5 0 1 0 -1 -1 432 1 -1879048189 183 432 
0
0
FACE_BOTTOM
0
1
144
183 184 189 190 195 196 201 202 207 208 213 214 219 220 225 226 231 232 237 238 243 244 249 250 255 256 261 262 267 268 273 274 279 280 285 286 291 292 297 298 303 304 309 310 315 316 321 322 327 328 333 334 339 340 345 346 351 352 357 358 363 364 369 370 375 376 381 382 387 388 393 394 399 400 405 406 411 412 417 418 423 424 429 430 435 436 441 442 447 448 453 454 459 460 465 466 471 472 477 478 483 484 489 490 495 496 501 502 507 508 513 514 519 520 525 526 531 532 537 538 543 544 549 550 555 556 561 562 567 568 573 574 579 580 585 586 591 592 597 598 603 604 609 610 
0
0
FACE_TOP
0
1
144
187 188 193 194 199 200 205 206 211 212 217 218 223 224 229 230 235 236 241 242 247 248 253 254 259 260 265 266 271 272 277 278 283 284 289 290 295 296 301 302 307 308 313 314 319 320 325 326 331 332 337 338 343 344 349 350 355 356 361 362 367 368 373 374 379 380 385 386 391 392 397 398 403 404 409 410 415 416 421 422 427 428 433 434 439 440 445 446 451 452 457 458 463 464 469 470 475 476 481 482 487 488 493 494 499 500 505 506 511 512 517 518 523 524 529 530 535 536 541 542 547 548 553 554 559 560 565 566 571 572 577 578 583 584 589 590 595 596 601 602 607 608 613 614 
0
0
SET_ALL
0
1
14
-2147483647
48 1 16 5 0 1 0 -1 -1 432 1 -1879048189 183 432 
0
0
SET_SOLID
0
1
14
-2147483647
48 1 16 5 0 1 0 -1 -1 432 1 -1879048189 183 432 
0
0
_SURF_BOTTOM_S3
0
2
144
183 184 189 190 195 196 201 202 207 208 213 214 219 220 225 226 231 232 237 238 243 244 249 250 255 256 261 262 267 268 273 274 279 280 285 286 291 292 297 298 303 304 309 310 315 316 321 322 327 328 333 334 339 340 345 346 351 352 357 358 363 364 369 370 375 376 381 382 387 388 393 394 399 400 405 406 411 412 417 418 423 424 429 430 435 436 441 442 447 448 453 454 459 460 465 466 471 472 477 478 483 484 489 490 495 496 501 502 507 508 513 514 519 520 525 526 531 532 537 538 543 544 549 550 555 556 561 562 567 568 573 574 579 580 585 586 591 592 597 598 603 604 609 610 
0
0
_SURF_TOP_S5
0
2
144
187 188 193 194 199 200 205 206 211 212 217 218 223 224 229 230 235 236 241 242 247 248 253 254 259 260 265 266 271 272 277 278 283 284 289 290 295 296 301 302 307 308 313 314 319 320 325 326 331 332 337 338 343 344 349 350 355 356 361 362 367 368 373 374 379 380 385 386 391 392 397 398 403 404 409 410 415 416 421 422 427 428 433 434 439 440 445 446 451 452 457 458 463 464 469 470 475 476 481 482 487 488 493 494 499 500 505 506 511 512 517 518 523 524 529 530 535 536 541 542 547 548 553 554 559 560 565 566 571 572 577 578 583 584 589 590 595 596 601 602 607 608 613 614 
0
0
0
CSEG_02-1
7
 P       2
0
2
14
-2147483647
48 1 16 5 0 1 0 -1 -1 432 1 -1879048189 615 432 
0
0
 P       2SET_CSEG_ALL_ACTIVE
0
2
14
-2147483647
48 1 16 5 0 1 0 -1 -1 432 1 -1879048189 615 432 
0
0
FACE_BOTTOM
0
1
144
615 618 621 624 627 630 633 636 639 642 645 648 651 654 657 660 663 666 669 672 675 678 681 684 687 690 693 696 699 702 705 708 711 714 717 720 723 726 729 732 735 738 741 744 747 750 753 756 759 762 765 768 771 774 777 780 783 786 789 792 795 798 801 804 807 810 813 816 819 822 825 828 831 834 837 840 843 846 849 852 855 858 861 864 867 870 873 876 879 882 885 888 891 894 897 900 903 906 909 912 915 918 921 924 927 930 933 936 939 942 945 948 951 954 957 960 963 966 969 972 975 978 981 984 987 990 993 996 999 1002 1005 1008 1011 1014 1017 1020 1023 1026 1029 1032 1035 1038 1041 1044 
0
0
FACE_TOP
0
1
144
617 620 623 626 629 632 635 638 641 644 647 650 653 656 659 662 665 668 671 674 677 680 683 686 689 692 695 698 701 704 707 710 713 716 719 722 725 728 731 734 737 740 743 746 749 752 755 758 761 764 767 770 773 776 779 782 785 788 791 794 797 800 803 806 809 812 815 818 821 824 827 830 833 836 839 842 845 848 851 854 857 860 863 866 869 872 875 878 881 884 887 890 893 896 899 902 905 908 911 914 917 920 923 926 929 932 935 938 941 944 947 950 953 956 959 962 965 968 971 974 977 980 983 986 989 992 995 998 1001 1004 1007 1010 1013 1016 1019 1022 1025 1028 1031 1034 1037 1040 1043 1046 
0
0
SET_ALL
0
1
14
-2147483647
48 1 16 5 0 1 0 -1 -1 432 1 -1879048189 615 432 
0
0
_SURF_BOTTOM_S6
0
2
144
615 618 621 624 627 630 633 636 639 642 645 648 651 654 657 660 663 666 669 672 675 678 681 684 687 690 693 696 699 702 705 708 711 714 717 720 723 726 729 732 735 738 741 744 747 750 753 756 759 762 765 768 771 774 777 780 783 786 789 792 795 798 801 804 807 810 813 816 819 822 825 828 831 834 837 840 843 846 849 852 855 858 861 864 867 870 873 876 879 882 885 888 891 894 897 900 903 906 909 912 915 918 921 924 927 930 933 936 939 942 945 948 951 954 957 960 963 966 969 972 975 978 981 984 987 990 993 996 999 1002 1005 1008 1011 1014 1017 1020 1023 1026 1029 1032 1035 1038 1041 1044 
0
0
_SURF_TOP_S4
0
2
144
617 620 623 626 629 632 635 638 641 644 647 650 653 656 659 662 665 668 671 674 677 680 683 686 689 692 695 698 701 704 707 710 713 716 719 722 725 728 731 734 737 740 743 746 749 752 755 758 761 764 767 770 773 776 779 782 785 788 791 794 797 800 803 806 809 812 815 818 821 824 827 830 833 836 839 842 845 848 851 854 857 860 863 866 869 872 875 878 881 884 887 890 893 896 899 902 905 908 911 914 917 920 923 926 929 932 935 938 941 944 947 950 953 956 959 962 965 968 971 974 977 980 983 986 989 992 995 998 1001 1004 1007 1010 1013 1016 1019 1022 1025 1028 1031 1034 1037 1040 1043 1046 
0
0
0
CSEG_03-1
7
 P       3
0
2
14
-2147483647
48 1 16 5 0 1 0 -1 -1 432 1 -1879048189 1047 432 
0
0
 P       3SET_CSEG_ALL_ACTIVE
0
2
14
-2147483647
48 1 16 5 0 1 0 -1 -1 432 1 -1879048189 1047 432 
0
0
FACE_BOTTOM
0
1
144
1047 1050 1053 1056 1059 1062 1065 1068 1071 1074 1077 1080 1083 1086 1089 1092 1095 1098 1101 1104 1107 1110 1113 1116 1119 1122 1125 1128 1131 1134 1137 1140 1143 1146 1149 1152 1155 1158 1161 1164 1167 1170 1173 1176 1179 1182 1185 1188 1191 1194 1197 1200 1203 1206 1209 1212 1215 1218 1221 1224 1227 1230 1233 1236 1239 1242 1245 1248 1251 1254 1257 1260 1263 1266 1269 1272 1275 1278 1281 1284 1287 1290 1293 1296 1299 1302 1305 1308 1311 1314 1317 1320 1323 1326 1329 1332 1335 1338 1341 1344 1347 1350 1353 1356 1359 1362 1365 1368 1371 1374 1377 1380 1383 1386 1389 1392 1395 1398 1401 1404 1407 1410 1413 1416 1419 1422 1425 1428 1431 1434 1437 1440 1443 1446 1449 1452 1455 1458 1461 1464 1467 1470 1473 1476 
0
0
FACE_TOP
0
1
144
1049 1052 1055 1058 1061 1064 1067 1070 1073 1076 1079 1082 1085 1088 1091 1094 1097 1100 1103 1106 1109 1112 1115 1118 1121 1124 1127 1130 1133 1136 1139 1142 1145 1148 1151 1154 1157 1160 1163 1166 1169 1172 1175 1178 1181 1184 1187 1190 1193 1196 1199 1202 1205 1208 1211 1214 1217 1220 1223 1226 1229 1232 1235 1238 1241 1244 1247 1250 1253 1256 1259 1262 1265 1268 1271 1274 1277 1280 1283 1286 1289 1292 1295 1298 1301 1304 1307 1310 1313 1316 1319 1322 1325 1328 1331 1334 1337 1340 1343 1346 1349 1352 1355 1358 1361 1364 1367 1370 1373 1376 1379 1382 1385 1388 1391 1394 1397 1400 1403 1406 1409 1412 1415 1418 1421 1424 1427 1430 1433 1436 1439 1442 1445 1448 1451 1454 1457 1460 1463 1466 1469 1472 1475 1478 
0
0
SET_ALL
0
1
14
-2147483647
48 1 16 5 0 1 0 -1 -1 432 1 -1879048189 1047 432 
0
0
_SURF_BOTTOM_S6
0
2
144
1047 1050 1053 1056 1059 1062 1065 1068 1071 1074 1077 1080 1083 1086 1089 1092 1095 1098 1101 1104 1107 1110 1113 1116 1119 1122 1125 1128 1131 1134 1137 1140 1143 1146 1149 1152 1155 1158 1161 1164 1167 1170 1173 1176 1179 1182 1185 1188 1191 1194 1197 1200 1203 1206 1209 1212 1215 1218 1221 1224 1227 1230 1233 1236 1239 1242 1245 1248 1251 1254 1257 1260 1263 1266 1269 1272 1275 1278 1281 1284 1287 1290 1293 1296 1299 1302 1305 1308 1311 1314 1317 1320 1323 1326 1329 1332 1335 1338 1341 1344 1347 1350 1353 1356 1359 1362 1365 1368 1371 1374 1377 1380 1383 1386 1389 1392 1395 1398 1401 1404 1407 1410 1413 1416 1419 1422 1425 1428 1431 1434 1437 1440 1443 1446 1449 1452 1455 1458 1461 1464 1467 1470 1473 1476 
0
0
_SURF_TOP_S4
0
2
144
1049 1052 1055 1058 1061 1064 1067 1070 1073 1076 1079 1082 1085 1088 1091 1094 1097 1100 1103 1106 1109 1112 1115 1118 1121 1124 1127 1130 1133 1136 1139 1142 1145 1148 1151 1154 1157 1160 1163 1166 1169 1172 1175 1178 1181 1184 1187 1190 1193 1196 1199 1202 1205 1208 1211 1214 1217 1220 1223 1226 1229 1232 1235 1238 1241 1244 1247 1250 1253 1256 1259 1262 1265 1268 1271 1274 1277 1280 1283 1286 1289 1292 1295 1298 1301 1304 1307 1310 1313 1316 1319 1322 1325 1328 1331 1334 1337 1340 1343 1346 1349 1352 1355 1358 1361 1364 1367 1370 1373 1376 1379 1382 1385 1388 1391 1394 1397 1400 1403 1406 1409 1412 1415 1418 1421 1424 1427 1430 1433 1436 1439 1442 1445 1448 1451 1454 1457 1460 1463 1466 1469 1472 1475 1478 
0
0
0
CSEG_04-1
7
 P       4
0
2
14
-2147483647
48 1 16 5 0 1 0 -1 -1 432 1 -1879048189 1479 432 
0
0
 P       4SET_CSEG_ALL_ACTIVE
0
2
14
-2147483647
48 1 16 5 0 1 0 -1 -1 432 1 -1879048189 1479 432 
0
0
FACE_BOTTOM
0
1
144
1479 1482 1485 1488 1491 1494 1497 1500 1503 1506 1509 1512 1515 1518 1521 1524 1527 1530 1533 1536 1539 1542 1545 1548 1551 1554 1557 1560 1563 1566 1569 1572 1575 1578 1581 1584 1587 1590 1593 1596 1599 1602 1605 1608 1611 1614 1617 1620 1623 1626 1629 1632 1635 1638 1641 1644 1647 1650 1653 1656 1659 1662 1665 1668 1671 1674 1677 1680 1683 1686 1689 1692 1695 1698 1701 1704 1707 1710 1713 1716 1719 1722 1725 1728 1731 1734 1737 1740 1743 1746 1749 1752 1755 1758 1761 1764 1767 1770 1773 1776 1779 1782 1785 1788 1791 1794 1797 1800 1803 1806 1809 1812 1815 1818 1821 1824 1827 1830 1833 1836 1839 1842 1845 1848 1851 1854 1857 1860 1863 1866 1869 1872 1875 1878 1881 1884 1887 1890 1893 1896 1899 1902 1905 1908 
0
0
FACE_TOP
0
1
144
1481 1484 1487 1490 1493 1496 1499 1502 1505 1508 1511 1514 1517 1520 1523 1526 1529 1532 1535 1538 1541 1544 1547 1550 1553 1556 1559 1562 1565 1568 1571 1574 1577 1580 1583 1586 1589 1592 1595 1598 1601 1604 1607 1610 1613 1616 1619 1622 1625 1628 1631 1634 1637 1640 1643 1646 1649 1652 1655 1658 1661 1664 1667 1670 1673 1676 1679 1682 1685 1688 1691 1694 1697 1700 1703 1706 1709 1712 1715 1718 1721 1724 1727 1730 1733 1736 1739 1742 1745 1748 1751 1754 1757 1760 1763 1766 1769 1772 1775 1778 1781 1784 1787 1790 1793 1796 1799 1802 1805 1808 1811 1814 1817 1820 1823 1826 1829 1832 1835 1838 1841 1844 1847 1850 1853 1856 1859 1862 1865 1868 1871 1874 1877 1880 1883 1886 1889 1892 1895 1898 1901 1904 1907 1910 
0
0
SET_ALL
0
1
14
-2147483647
48 1 16 5 0 1 0 -1 -1 432 1 -1879048189 1479 432 
0
0
_SURF_BOTTOM_S6
0
2
144
1479 1482 1485 1488 1491 1494 1497 1500 1503 1506 1509 1512 1515 1518 1521 1524 1527 1530 1533 1536 1539 1542 1545 1548 1551 1554 1557 1560 1563 1566 1569 1572 1575 1578 1581 1584 1587 1590 1593 1596 1599 1602 1605 1608 1611 1614 1617 1620 1623 1626 1629 1632 1635 1638 1641 1644 1647 1650 1653 1656 1659 1662 1665 1668 1671 1674 1677 1680 1683 1686 1689 1692 1695 1698 1701 1704 1707 1710 1713 1716 1719 1722 1725 1728 1731 1734 1737 1740 1743 1746 1749 1752 1755 1758 1761 1764 1767 1770 1773 1776 1779 1782 1785 1788 1791 1794 1797 1800 1803 1806 1809 1812 1815 1818 1821 1824 1827 1830 1833 1836 1839 1842 1845 1848 1851 1854 1857 1860 1863 1866 1869 1872 1875 1878 1881 1884 1887 1890 1893 1896 1899 1902 1905 1908 
0
0
_SURF_TOP_S4
0
2
144
1481 1484 1487 1490 1493 1496 1499 1502 1505 1508 1511 1514 1517 1520 1523 1526 1529 1532 1535 1538 1541 1544 1547 1550 1553 1556 1559 1562 1565 1568 1571 1574 1577 1580 1583 1586 1589 1592 1595 1598 1601 1604 1607 1610 1613 1616 1619 1622 1625 1628 1631 1634 1637 1640 1643 1646 1649 1652 1655 1658 1661 1664 1667 1670 1673 1676 1679 1682 1685 1688 1691 1694 1697 1700 1703 1706 1709 1712 1715 1718 1721 1724 1727 1730 1733 1736 1739 1742 1745 1748 1751 1754 1757 1760 1763 1766 1769 1772 1775 1778 1781 1784 1787 1790 1793 1796 1799 1802 1805 1808 1811 1814 1817 1820 1823 1826 1829 1832 1835 1838 1841 1844 1847 1850 1853 1856 1859 1862 1865 1868 1871 1874 1877 1880 1883 1886 1889 1892 1895 1898 1901 1904 1907 1910 
0
0
0
CSEG_05-1
7
 P       5
0
2
14
-2147483647
48 1 16 5 0 1 0 -1 -1 432 1 -1879048189 1911 432 
0
0
 P       5SET_CSEG_ALL_ACTIVE
0
2
14
-2147483647
48 1 16 5 0 1 0 -1 -1 432 1 -1879048189 1911 432 
0
0
FACE_BOTTOM
0
1
144
1911 1914 1917 1920 1923 1926 1929 1932 1935 1938 1941 1944 1947 1950 1953 1956 1959 1962 1965 1968 1971 1974 1977 1980 1983 1986 1989 1992 1995 1998 2001 2004 2007 2010 2013 2016 2019 2022 2025 2028 2031 2034 2037 2040 2043 2046 2049 2052 2055 2058 2061 2064 2067 2070 2073 2076 2079 2082 2085 2088 2091 2094 2097 2100 2103 2106 2109 2112 2115 2118 2121 2124 2127 2130 2133 2136 2139 2142 2145 2148 2151 2154 2157 2160 2163 2166 2169 2172 2175 2178 2181 2184 2187 2190 2193 2196 2199 2202 2205 2208 2211 2214 2217 2220 2223 2226 2229 2232 2235 2238 2241 2244 2247 2250 2253 2256 2259 2262 2265 2268 2271 2274 2277 2280 2283 2286 2289 2292 2295 2298 2301 2304 2307 2310 2313 2316 2319 2322 2325 2328 2331 2334 2337 2340 
0
0
FACE_TOP
0
1
144
1913 1916 1919 1922 1925 1928 1931 1934 1937 1940 1943 1946 1949 1952 1955 1958 1961 1964 1967 1970 1973 1976 1979 1982 1985 1988 1991 1994 1997 2000 2003 2006 2009 2012 2015 2018 2021 2024 2027 2030 2033 2036 2039 2042 2045 2048 2051 2054 2057 2060 2063 2066 2069 2072 2075 2078 2081 2084 2087 2090 2093 2096 2099 2102 2105 2108 2111 2114 2117 2120 2123 2126 2129 2132 2135 2138 2141 2144 2147 2150 2153 2156 2159 2162 2165 2168 2171 2174 2177 2180 2183 2186 2189 2192 2195 2198 2201 2204 2207 2210 2213 2216 2219 2222 2225 2228 2231 2234 2237 2240 2243 2246 2249 2252 2255 2258 2261 2264 2267 2270 2273 2276 2279 2282 2285 2288 2291 2294 2297 2300 2303 2306 2309 2312 2315 2318 2321 2324 2327 2330 2333 2336 2339 2342 
0
0
SET_ALL
0
1
14
-2147483647
48 1 16 5 0 1 0 -1 -1 432 1 -1879048189 1911 432 
0
0
_SURF_BOTTOM_S6
0
2
144
1911 1914 1917 1920 1923 1926 1929 1932 1935 1938 1941 1944 1947 1950 1953 1956 1959 1962 1965 1968 1971 1974 1977 1980 1983 1986 1989 1992 1995 1998 2001 2004 2007 2010 2013 2016 2019 2022 2025 2028 2031 2034 2037 2040 2043 2046 2049 2052 2055 2058 2061 2064 2067 2070 2073 2076 2079 2082 2085 2088 2091 2094 2097 2100 2103 2106 2109 2112 2115 2118 2121 2124 2127 2130 2133 2136 2139 2142 2145 2148 2151 2154 2157 2160 2163 2166 2169 2172 2175 2178 2181 2184 2187 2190 2193 2196 2199 2202 2205 2208 2211 2214 2217 2220 2223 2226 2229 2232 2235 2238 2241 2244 2247 2250 2253 2256 2259 2262 2265 2268 2271 2274 2277 2280 2283 2286 2289 2292 2295 2298 2301 2304 2307 2310 2313 2316 2319 2322 2325 2328 2331 2334 2337 2340 
0
0
_SURF_TOP_S4
0
2
144
1913 1916 1919 1922 1925 1928 1931 1934 1937 1940 1943 1946 1949 1952 1955 1958 1961 1964 1967 1970 1973 1976 1979 1982 1985 1988 1991 1994 1997 2000 2003 2006 2009 2012 2015 2018 2021 2024 2027 2030 2033 2036 2039 2042 2045 2048 2051 2054 2057 2060 2063 2066 2069 2072 2075 2078 2081 2084 2087 2090 2093 2096 2099 2102 2105 2108 2111 2114 2117 2120 2123 2126 2129 2132 2135 2138 2141 2144 2147 2150 2153 2156 2159 2162 2165 2168 2171 2174 2177 2180 2183 2186 2189 2192 2195 2198 2201 2204 2207 2210 2213 2216 2219 2222 2225 2228 2231 2234 2237 2240 2243 2246 2249 2252 2255 2258 2261 2264 2267 2270 2273 2276 2279 2282 2285 2288 2291 2294 2297 2300 2303 2306 2309 2312 2315 2318 2321 2324 2327 2330 2333 2336 2339 2342 
0
0
0
CSEG_06-1
7
 P       6
0
2
14
-2147483647
48 1 16 5 0 1 0 -1 -1 432 1 -1879048189 2343 432 
0
0
 P       6SET_CSEG_ALL_ACTIVE
0
2
14
-2147483647
48 1 16 5 0 1 0 -1 -1 432 1 -1879048189 2343 432 
0
0
FACE_BOTTOM
0
1
144
2343 2346 2349 2352 2355 2358 2361 2364 2367 2370 2373 2376 2379 2382 2385 2388 2391 2394 2397 2400 2403 2406 2409 2412 2415 2418 2421 2424 2427 2430 2433 2436 2439 2442 2445 2448 2451 2454 2457 2460 2463 2466 2469 2472 2475 2478 2481 2484 2487 2490 2493 2496 2499 2502 2505 2508 2511 2514 2517 2520 2523 2526 2529 2532 2535 2538 2541 2544 2547 2550 2553 2556 2559 2562 2565 2568 2571 2574 2577 2580 2583 2586 2589 2592 2595 2598 2601 2604 2607 2610 2613 2616 2619 2622 2625 2628 2631 2634 2637 2640 2643 2646 2649 2652 2655 2658 2661 2664 2667 2670 2673 2676 2679 2682 2685 2688 2691 2694 2697 2700 2703 2706 2709 2712 2715 2718 2721 2724 2727 2730 2733 2736 2739 2742 2745 2748 2751 2754 2757 2760 2763 2766 2769 2772 
0
0
FACE_TOP
0
1
144
2345 2348 2351 2354 2357 2360 2363 2366 2369 2372 2375 2378 2381 2384 2387 2390 2393 2396 2399 2402 2405 2408 2411 2414 2417 2420 2423 2426 2429 2432 2435 2438 2441 2444 2447 2450 2453 2456 2459 2462 2465 2468 2471 2474 2477 2480 2483 2486 2489 2492 2495 2498 2501 2504 2507 2510 2513 2516 2519 2522 2525 2528 2531 2534 2537 2540 2543 2546 2549 2552 2555 2558 2561 2564 2567 2570 2573 2576 2579 2582 2585 2588 2591 2594 2597 2600 2603 2606 2609 2612 2615 2618 2621 2624 2627 2630 2633 2636 2639 2642 2645 2648 2651 2654 2657 2660 2663 2666 2669 2672 2675 2678 2681 2684 2687 2690 2693 2696 2699 2702 2705 2708 2711 2714 2717 2720 2723 2726 2729 2732 2735 2738 2741 2744 2747 2750 2753 2756 2759 2762 2765 2768 2771 2774 
0
0
SET_ALL
0
1
14
-2147483647
48 1 16 5 0 1 0 -1 -1 432 1 -1879048189 2343 432 
0
0
_SURF_BOTTOM_S6
0
2
144
2343 2346 2349 2352 2355 2358 2361 2364 2367 2370 2373 2376 2379 2382 2385 2388 2391 2394 2397 2400 2403 2406 2409 2412 2415 2418 2421 2424 2427 2430 2433 2436 2439 2442 2445 2448 2451 2454 2457 2460 2463 2466 2469 2472 2475 2478 2481 2484 2487 2490 2493 2496 2499 2502 2505 2508 2511 2514 2517 2520 2523 2526 2529 2532 2535 2538 2541 2544 2547 2550 2553 2556 2559 2562 2565 2568 2571 2574 2577 2580 2583 2586 2589 2592 2595 2598 2601 2604 2607 2610 2613 2616 2619 2622 2625 2628 2631 2634 2637 2640 2643 2646 2649 2652 2655 2658 2661 2664 2667 2670 2673 2676 2679 2682 2685 2688 2691 2694 2697 2700 2703 2706 2709 2712 2715 2718 2721 2724 2727 2730 2733 2736 2739 2742 2745 2748 2751 2754 2757 2760 2763 2766 2769 2772 
0
0
_SURF_TOP_S4
0
2
144
2345 2348 2351 2354 2357 2360 2363 2366 2369 2372 2375 2378 2381 2384 2387 2390 2393 2396 2399 2402 2405 2408 2411 2414 2417 2420 2423 2426 2429 2432 2435 2438 2441 2444 2447 2450 2453 2456 2459 2462 2465 2468 2471 2474 2477 2480 2483 2486 2489 2492 2495 2498 2501 2504 2507 2510 2513 2516 2519 2522 2525 2528 2531 2534 2537 2540 2543 2546 2549 2552 2555 2558 2561 2564 2567 2570 2573 2576 2579 2582 2585 2588 2591 2594 2597 2600 2603 2606 2609 2612 2615 2618 2621 2624 2627 2630 2633 2636 2639 2642 2645 2648 2651 2654 2657 2660 2663 2666 2669 2672 2675 2678 2681 2684 2687 2690 2693 2696 2699 2702 2705 2708 2711 2714 2717 2720 2723 2726 2729 2732 2735 2738 2741 2744 2747 2750 2753 2756 2759 2762 2765 2768 2771 2774 
0
0
0
CSEG_08-1
7
 P       8
0
2
14
-2147483647
48 1 16 5 0 1 0 -1 -1 432 1 -1879048189 3207 432 
0
0
 P       8SET_CSEG_ALL_ACTIVE
0
2
14
-2147483647
48 1 16 5 0 1 0 -1 -1 432 1 -1879048189 3207 432 
0
0
FACE_BOTTOM
0
1
144
3207 3210 3213 3216 3219 3222 3225 3228 3231 3234 3237 3240 3243 3246 3249 3252 3255 3258 3261 3264 3267 3270 3273 3276 3279 3282 3285 3288 3291 3294 3297 3300 3303 3306 3309 3312 3315 3318 3321 3324 3327 3330 3333 3336 3339 3342 3345 3348 3351 3354 3357 3360 3363 3366 3369 3372 3375 3378 3381 3384 3387 3390 3393 3396 3399 3402 3405 3408 3411 3414 3417 3420 3423 3426 3429 3432 3435 3438 3441 3444 3447 3450 3453 3456 3459 3462 3465 3468 3471 3474 3477 3480 3483 3486 3489 3492 3495 3498 3501 3504 3507 3510 3513 3516 3519 3522 3525 3528 3531 3534 3537 3540 3543 3546 3549 3552 3555 3558 3561 3564 3567 3570 3573 3576 3579 3582 3585 3588 3591 3594 3597 3600 3603 3606 3609 3612 3615 3618 3621 3624 3627 3630 3633 3636 
0
0
FACE_TOP
0
1
144
3209 3212 3215 3218 3221 3224 3227 3230 3233 3236 3239 3242 3245 3248 3251 3254 3257 3260 3263 3266 3269 3272 3275 3278 3281 3284 3287 3290 3293 3296 3299 3302 3305 3308 3311 3314 3317 3320 3323 3326 3329 3332 3335 3338 3341 3344 3347 3350 3353 3356 3359 3362 3365 3368 3371 3374 3377 3380 3383 3386 3389 3392 3395 3398 3401 3404 3407 3410 3413 3416 3419 3422 3425 3428 3431 3434 3437 3440 3443 3446 3449 3452 3455 3458 3461 3464 3467 3470 3473 3476 3479 3482 3485 3488 3491 3494 3497 3500 3503 3506 3509 3512 3515 3518 3521 3524 3527 3530 3533 3536 3539 3542 3545 3548 3551 3554 3557 3560 3563 3566 3569 3572 3575 3578 3581 3584 3587 3590 3593 3596 3599 3602 3605 3608 3611 3614 3617 3620 3623 3626 3629 3632 3635 3638 
0
0
SET_ALL
0
1
14
-2147483647
48 1 16 5 0 1 0 -1 -1 432 1 -1879048189 3207 432 
0
0
_SURF_BOTTOM_S6
0
2
144
3207 3210 3213 3216 3219 3222 3225 3228 3231 3234 3237 3240 3243 3246 3249 3252 3255 3258 3261 3264 3267 3270 3273 3276 3279 3282 3285 3288 3291 3294 3297 3300 3303 3306 3309 3312 3315 3318 3321 3324 3327 3330 3333 3336 3339 3342 3345 3348 3351 3354 3357 3360 3363 3366 3369 3372 3375 3378 3381 3384 3387 3390 3393 3396 3399 3402 3405 3408 3411 3414 3417 3420 3423 3426 3429 3432 3435 3438 3441 3444 3447 3450 3453 3456 3459 3462 3465 3468 3471 3474 3477 3480 3483 3486 3489 3492 3495 3498 3501 3504 3507 3510 3513 3516 3519 3522 3525 3528 3531 3534 3537 3540 3543 3546 3549 3552 3555 3558 3561 3564 3567 3570 3573 3576 3579 3582 3585 3588 3591 3594 3597 3600 3603 3606 3609 3612 3615 3618 3621 3624 3627 3630 3633 3636 
0
0
_SURF_TOP_S4
0
2
144
3209 3212 3215 3218 3221 3224 3227 3230 3233 3236 3239 3242 3245 3248 3251 3254 3257 3260 3263 3266 3269 3272 3275 3278 3281 3284 3287 3290 3293 3296 3299 3302 3305 3308 3311 3314 3317 3320 3323 3326 3329 3332 3335 3338 3341 3344 3347 3350 3353 3356 3359 3362 3365 3368 3371 3374 3377 3380 3383 3386 3389 3392 3395 3398 3401 3404 3407 3410 3413 3416 3419 3422 3425 3428 3431 3434 3437 3440 3443 3446 3449 3452 3455 3458 3461 3464 3467 3470 3473 3476 3479 3482 3485 3488 3491 3494 3497 3500 3503 3506 3509 3512 3515 3518 3521 3524 3527 3530 3533 3536 3539 3542 3545 3548 3551 3554 3557 3560 3563 3566 3569 3572 3575 3578 3581 3584 3587 3590 3593 3596 3599 3602 3605 3608 3611 3614 3617 3620 3623 3626 3629 3632 3635 3638 
0
0
0
CSEG_20-1
7
 P      20
0
2
14
-2147483647
48 1 16 5 0 1 0 -1 -1 432 1 -1879048189 8391 432 
0
0
 P      20SET_CSEG_ALL_ACTIVE
0
2
14
-2147483647
48 1 16 5 0 1 0 -1 -1 432 1 -1879048189 8391 432 
0
0
FACE_BOTTOM
0
1
144
8391 8394 8397 8400 8403 8406 8409 8412 8415 8418 8421 8424 8427 8430 8433 8436 8439 8442 8445 8448 8451 8454 8457 8460 8463 8466 8469 8472 8475 8478 8481 8484 8487 8490 8493 8496 8499 8502 8505 8508 8511 8514 8517 8520 8523 8526 8529 8532 8535 8538 8541 8544 8547 8550 8553 8556 8559 8562 8565 8568 8571 8574 8577 8580 8583 8586 8589 8592 8595 8598 8601 8604 8607 8610 8613 8616 8619 8622 8625 8628 8631 8634 8637 8640 8643 8646 8649 8652 8655 8658 8661 8664 8667 8670 8673 8676 8679 8682 8685 8688 8691 8694 8697 8700 8703 8706 8709 8712 8715 8718 8721 8724 8727 8730 8733 8736 8739 8742 8745 8748 8751 8754 8757 8760 8763 8766 8769 8772 8775 8778 8781 8784 8787 8790 8793 8796 8799 8802 8805 8808 8811 8814 8817 8820 
0
0
FACE_TOP
0
1
144
8393 8396 8399 8402 8405 8408 8411 8414 8417 8420 8423 8426 8429 8432 8435 8438 8441 8444 8447 8450 8453 8456 8459 8462 8465 8468 8471 8474 8477 8480 8483 8486 8489 8492 8495 8498 8501 8504 8507 8510 8513 8516 8519 8522 8525 8528 8531 8534 8537 8540 8543 8546 8549 8552 8555 8558 8561 8564 8567 8570 8573 8576 8579 8582 8585 8588 8591 8594 8597 8600 8603 8606 8609 8612 8615 8618 8621 8624 8627 8630 8633 8636 8639 8642 8645 8648 8651 8654 8657 8660 8663 8666 8669 8672 8675 8678 8681 8684 8687 8690 8693 8696 8699 8702 8705 8708 8711 8714 8717 8720 8723 8726 8729 8732 8735 8738 8741 8744 8747 8750 8753 8756 8759 8762 8765 8768 8771 8774 8777 8780 8783 8786 8789 8792 8795 8798 8801 8804 8807 8810 8813 8816 8819 8822 
0
0
SET_ALL
0
1
14
-2147483647
48 1 16 5 0 1 0 -1 -1 432 1 -1879048189 8391 432 
0
0
_SURF_BOTTOM_S6
0
2
144
8391 8394 8397 8400 8403 8406 8409 8412 8415 8418 8421 8424 8427 8430 8433 8436 8439 8442 8445 8448 8451 8454 8457 8460 8463 8466 8469 8472 8475 8478 8481 8484 8487 8490 8493 8496 8499 8502 8505 8508 8511 8514 8517 8520 8523 8526 8529 8532 8535 8538 8541 8544 8547 8550 8553 8556 8559 8562 8565 8568 8571 8574 8577 8580 8583 8586 8589 8592 8595 8598 8601 8604 8607 8610 8613 8616 8619 8622 8625 8628 8631 8634 8637 8640 8643 8646 8649 8652 8655 8658 8661 8664 8667 8670 8673 8676 8679 8682 8685 8688 8691 8694 8697 8700 8703 8706 8709 8712 8715 8718 8721 8724 8727 8730 8733 8736 8739 8742 8745 8748 8751 8754 8757 8760 8763 8766 8769 8772 8775 8778 8781 8784 8787 8790 8793 8796 8799 8802 8805 8808 8811 8814 8817 8820 
0
0
_SURF_TOP_S4
0
2
144
8393 8396 8399 8402 8405 8408 8411 8414 8417 8420 8423 8426 8429 8432 8435 8438 8441 8444 8447 8450 8453 8456 8459 8462 8465 8468 8471 8474 8477 8480 8483 8486 8489 8492 8495 8498 8501 8504 8507 8510 8513 8516 8519 8522 8525 8528 8531 8534 8537 8540 8543 8546 8549 8552 8555 8558 8561 8564 8567 8570 8573 8576 8579 8582 8585 8588 8591 8594 8597 8600 8603 8606 8609 8612 8615 8618 8621 8624 8627 8630 8633 8636 8639 8642 8645 8648 8651 8654 8657 8660 8663 8666 8669 8672 8675 8678 8681 8684 8687 8690 8693 8696 8699 8702 8705 8708 8711 8714 8717 8720 8723 8726 8729 8732 8735 8738 8741 8744 8747 8750 8753 8756 8759 8762 8765 8768 8771 8774 8777 8780 8783 8786 8789 8792 8795 8798 8801 8804 8807 8810 8813 8816 8819 8822 
0
0
0
CSEG_22-1
7
 P      22
0
2
14
-2147483647
48 1 16 5 0 1 0 -1 -1 432 1 -1879048189 9255 432 
0
0
 P      22SET_CSEG_ALL_ACTIVE
0
2
14
-2147483647
48 1 16 5 0 1 0 -1 -1 432 1 -1879048189 9255 432 
0
0
FACE_BOTTOM
0
1
144
9255 9258 9261 9264 9267 9270 9273 9276 9279 9282 9285 9288 9291 9294 9297 9300 9303 9306 9309 9312 9315 9318 9321 9324 9327 9330 9333 9336 9339 9342 9345 9348 9351 9354 9357 9360 9363 9366 9369 9372 9375 9378 9381 9384 9387 9390 9393 9396 9399 9402 9405 9408 9411 9414 9417 9420 9423 9426 9429 9432 9435 9438 9441 9444 9447 9450 9453 9456 9459 9462 9465 9468 9471 9474 9477 9480 9483 9486 9489 9492 9495 9498 9501 9504 9507 9510 9513 9516 9519 9522 9525 9528 9531 9534 9537 9540 9543 9546 9549 9552 9555 9558 9561 9564 9567 9570 9573 9576 9579 9582 9585 9588 9591 9594 9597 9600 9603 9606 9609 9612 9615 9618 9621 9624 9627 9630 9633 9636 9639 9642 9645 9648 9651 9654 9657 9660 9663 9666 9669 9672 9675 9678 9681 9684 
0
0
FACE_TOP
0
1
144
9257 9260 9263 9266 9269 9272 9275 9278 9281 9284 9287 9290 9293 9296 9299 9302 9305 9308 9311 9314 9317 9320 9323 9326 9329 9332 9335 9338 9341 9344 9347 9350 9353 9356 9359 9362 9365 9368 9371 9374 9377 9380 9383 9386 9389 9392 9395 9398 9401 9404 9407 9410 9413 9416 9419 9422 9425 9428 9431 9434 9437 9440 9443 9446 9449 9452 9455 9458 9461 9464 9467 9470 9473 9476 9479 9482 9485 9488 9491 9494 9497 9500 9503 9506 9509 9512 9515 9518 9521 9524 9527 9530 9533 9536 9539 9542 9545 9548 9551 9554 9557 9560 9563 9566 9569 9572 9575 9578 9581 9584 9587 9590 9593 9596 9599 9602 9605 9608 9611 9614 9617 9620 9623 9626 9629 9632 9635 9638 9641 9644 9647 9650 9653 9656 9659 9662 9665 9668 9671 9674 9677 9680 9683 9686 
0
0
SET_ALL
0
1
14
-2147483647
48 1 16 5 0 1 0 -1 -1 432 1 -1879048189 9255 432 
0
0
_SURF_BOTTOM_S6
0
2
144
9255 9258 9261 9264 9267 9270 9273 9276 9279 9282 9285 9288 9291 9294 9297 9300 9303 9306 9309 9312 9315 9318 9321 9324 9327 9330 9333 9336 9339 9342 9345 9348 9351 9354 9357 9360 9363 9366 9369 9372 9375 9378 9381 9384 9387 9390 9393 9396 9399 9402 9405 9408 9411 9414 9417 9420 9423 9426 9429 9432 9435 9438 9441 9444 9447 9450 9453 9456 9459 9462 9465 9468 9471 9474 9477 9480 9483 9486 9489 9492 9495 9498 9501 9504 9507 9510 9513 9516 9519 9522 9525 9528 9531 9534 9537 9540 9543 9546 9549 9552 9555 9558 9561 9564 9567 9570 9573 9576 9579 9582 9585 9588 9591 9594 9597 9600 9603 9606 9609 9612 9615 9618 9621 9624 9627 9630 9633 9636 9639 9642 9645 9648 9651 9654 9657 9660 9663 9666 9669 9672 9675 9678 9681 9684 
0
0
_SURF_TOP_S4
0
2
144
9257 9260 9263 9266 9269 9272 9275 9278 9281 9284 9287 9290 9293 9296 9299 9302 9305 9308 9311 9314 9317 9320 9323 9326 9329 9332 9335 9338 9341 9344 9347 9350 9353 9356 9359 9362 9365 9368 9371 9374 9377 9380 9383 9386 9389 9392 9395 9398 9401 9404 9407 9410 9413 9416 9419 9422 9425 9428 9431 9434 9437 9440 9443 9446 9449 9452 9455 9458 9461 9464 9467 9470 9473 9476 9479 9482 9485 9488 9491 9494 9497 9500 9503 9506 9509 9512 9515 9518 9521 9524 9527 9530 9533 9536 9539 9542 9545 9548 9551 9554 9557 9560 9563 9566 9569 9572 9575 9578 9581 9584 9587 9590 9593 9596 9599 9602 9605 9608 9611 9614 9617 9620 9623 9626 9629 9632 9635 9638 9641 9644 9647 9650 9653 9656 9659 9662 9665 9668 9671 9674 9677 9680 9683 9686 
0
0
0
CSEG_24-1
7
 P      24
0
2
14
-2147483647
48 1 16 5 0 1 0 -1 -1 432 1 -1879048189 10119 432 
0
0
 P      24SET_CSEG_ALL_ACTIVE
0
2
14
-2147483647
48 1 16 5 0 1 0 -1 -1 432 1 -1879048189 10119 432 
0
0
FACE_BOTTOM
0
1
144
10119 10122 10125 10128 10131 10134 10137 10140 10143 10146 10149 10152 10155 10158 10161 10164 10167 10170 10173 10176 10179 10182 10185 10188 10191 10194 10197 10200 10203 10206 10209 10212 10215 10218 10221 10224 10227 10230 10233 10236 10239 10242 10245 10248 10251 10254 10257 10260 10263 10266 10269 10272 10275 10278 10281 10284 10287 10290 10293 10296 10299 10302 10305 10308 10311 10314 10317 10320 10323 10326 10329 10332 10335 10338 10341 10344 10347 10350 10353 10356 10359 10362 10365 10368 10371 10374 10377 10380 10383 10386 10389 10392 10395 10398 10401 10404 10407 10410 10413 10416 10419 10422 10425 10428 10431 10434 10437 10440 10443 10446 10449 10452 10455 10458 10461 10464 10467 10470 10473 10476 10479 10482 10485 10488 10491 10494 10497 10500 10503 10506 10509 10512 10515 10518 10521 10524 10527 10530 10533 10536 10539 10542 10545 10548 
0
0
FACE_TOP
0
1
144
10121 10124 10127 10130 10133 10136 10139 10142 10145 10148 10151 10154 10157 10160 10163 10166 10169 10172 10175 10178 10181 10184 10187 10190 10193 10196 10199 10202 10205 10208 10211 10214 10217 10220 10223 10226 10229 10232 10235 10238 10241 10244 10247 10250 10253 10256 10259 10262 10265 10268 10271 10274 10277 10280 10283 10286 10289 10292 10295 10298 10301 10304 10307 10310 10313 10316 10319 10322 10325 10328 10331 10334 10337 10340 10343 10346 10349 10352 10355 10358 10361 10364 10367 10370 10373 10376 10379 10382 10385 10388 10391 10394 10397 10400 10403 10406 10409 10412 10415 10418 10421 10424 10427 10430 10433 10436 10439 10442 10445 10448 10451 10454 10457 10460 10463 10466 10469 10472 10475 10478 10481 10484 10487 10490 10493 10496 10499 10502 10505 10508 10511 10514 10517 10520 10523 10526 10529 10532 10535 10538 10541 10544 10547 10550 
0
0
SET_ALL
0
1
14
-2147483647
48 1 16 5 0 1 0 -1 -1 432 1 -1879048189 10119 432 
0
0
_SURF_BOTTOM_S6
0
2
144
10119 10122 10125 10128 10131 10134 10137 10140 10143 10146 10149 10152 10155 10158 10161 10164 10167 10170 10173 10176 10179 10182 10185 10188 10191 10194 10197 10200 10203 10206 10209 10212 10215 10218 10221 10224 10227 10230 10233 10236 10239 10242 10245 10248 10251 10254 10257 10260 10263 10266 10269 10272 10275 10278 10281 10284 10287 10290 10293 10296 10299 10302 10305 10308 10311 10314 10317 10320 10323 10326 10329 10332 10335 10338 10341 10344 10347 10350 10353 10356 10359 10362 10365 10368 10371 10374 10377 10380 10383 10386 10389 10392 10395 10398 10401 10404 10407 10410 10413 10416 10419 10422 10425 10428 10431 10434 10437 10440 10443 10446 10449 10452 10455 10458 10461 10464 10467 10470 10473 10476 10479 10482 10485 10488 10491 10494 10497 10500 10503 10506 10509 10512 10515 10518 10521 10524 10527 10530 10533 10536 10539 10542 10545 10548 
0
0
_SURF_TOP_S4
0
2
144
10121 10124 10127 10130 10133 10136 10139 10142 10145 10148 10151 10154 10157 10160 10163 10166 10169 10172 10175 10178 10181 10184 10187 10190 10193 10196 10199 10202 10205 10208 10211 10214 10217 10220 10223 10226 10229 10232 10235 10238 10241 10244 10247 10250 10253 10256 10259 10262 10265 10268 10271 10274 10277 10280 10283 10286 10289 10292 10295 10298 10301 10304 10307 10310 10313 10316 10319 10322 10325 10328 10331 10334 10337 10340 10343 10346 10349 10352 10355 10358 10361 10364 10367 10370 10373 10376 10379 10382 10385 10388 10391 10394 10397 10400 10403 10406 10409 10412 10415 10418 10421 10424 10427 10430 10433 10436 10439 10442 10445 10448 10451 10454 10457 10460 10463 10466 10469 10472 10475 10478 10481 10484 10487 10490 10493 10496 10499 10502 10505 10508 10511 10514 10517 10520 10523 10526 10529 10532 10535 10538 10541 10544 10547 10550 
0
0
0
CSEG_26-1
7
 P      26
0
2
14
-2147483647
48 1 16 5 0 1 0 -1 -1 432 1 -1879048189 10983 432 
0
0
 P      26SET_CSEG_ALL_ACTIVE
0
2
14
-2147483647
48 1 16 5 0 1 0 -1 -1 432 1 -1879048189 10983 432 
0
0
FACE_BOTTOM
0
1
144
10983 10986 10989 10992 10995 10998 11001 11004 11007 11010 11013 11016 11019 11022 11025 11028 11031 11034 11037 11040 11043 11046 11049 11052 11055 11058 11061 11064 11067 11070 11073 11076 11079 11082 11085 11088 11091 11094 11097 11100 11103 11106 11109 11112 11115 11118 11121 11124 11127 11130 11133 11136 11139 11142 11145 11148 11151 11154 11157 11160 11163 11166 11169 11172 11175 11178 11181 11184 11187 11190 11193 11196 11199 11202 11205 11208 11211 11214 11217 11220 11223 11226 11229 11232 11235 11238 11241 11244 11247 11250 11253 11256 11259 11262 11265 11268 11271 11274 11277 11280 11283 11286 11289 11292 11295 11298 11301 11304 11307 11310 11313 11316 11319 11322 11325 11328 11331 11334 11337 11340 11343 11346 11349 11352 11355 11358 11361 11364 11367 11370 11373 11376 11379 11382 11385 11388 11391 11394 11397 11400 11403 11406 11409 11412 
0
0
FACE_TOP
0
1
144
10985 10988 10991 10994 10997 11000 11003 11006 11009 11012 11015 11018 11021 11024 11027 11030 11033 11036 11039 11042 11045 11048 11051 11054 11057 11060 11063 11066 11069 11072 11075 11078 11081 11084 11087 11090 11093 11096 11099 11102 11105 11108 11111 11114 11117 11120 11123 11126 11129 11132 11135 11138 11141 11144 11147 11150 11153 11156 11159 11162 11165 11168 11171 11174 11177 11180 11183 11186 11189 11192 11195 11198 11201 11204 11207 11210 11213 11216 11219 11222 11225 11228 11231 11234 11237 11240 11243 11246 11249 11252 11255 11258 11261 11264 11267 11270 11273 11276 11279 11282 11285 11288 11291 11294 11297 11300 11303 11306 11309 11312 11315 11318 11321 11324 11327 11330 11333 11336 11339 11342 11345 11348 11351 11354 11357 11360 11363 11366 11369 11372 11375 11378 11381 11384 11387 11390 11393 11396 11399 11402 11405 11408 11411 11414 
0
0
SET_ALL
0
1
14
-2147483647
48 1 16 5 0 1 0 -1 -1 432 1 -1879048189 10983 432 
0
0
_SURF_BOTTOM_S6
0
2
144
10983 10986 10989 10992 10995 10998 11001 11004 11007 11010 11013 11016 11019 11022 11025 11028 11031 11034 11037 11040 11043 11046 11049 11052 11055 11058 11061 11064 11067 11070 11073 11076 11079 11082 11085 11088 11091 11094 11097 11100 11103 11106 11109 11112 11115 11118 11121 11124 11127 11130 11133 11136 11139 11142 11145 11148 11151 11154 11157 11160 11163 11166 11169 11172 11175 11178 11181 11184 11187 11190 11193 11196 11199 11202 11205 11208 11211 11214 11217 11220 11223 11226 11229 11232 11235 11238 11241 11244 11247 11250 11253 11256 11259 11262 11265 11268 11271 11274 11277 11280 11283 11286 11289 11292 11295 11298 11301 11304 11307 11310 11313 11316 11319 11322 11325 11328 11331 11334 11337 11340 11343 11346 11349 11352 11355 11358 11361 11364 11367 11370 11373 11376 11379 11382 11385 11388 11391 11394 11397 11400 11403 11406 11409 11412 
0
0
_SURF_TOP_S4
0
2
144
10985 10988 10991 10994 10997 11000 11003 11006 11009 11012 11015 11018 11021 11024 11027 11030 11033 11036 11039 11042 11045 11048 11051 11054 11057 11060 11063 11066 11069 11072 11075 11078 11081 11084 11087 11090 11093 11096 11099 11102 11105 11108 11111 11114 11117 11120 11123 11126 11129 11132 11135 11138 11141 11144 11147 11150 11153 11156 11159 11162 11165 11168 11171 11174 11177 11180 11183 11186 11189 11192 11195 11198 11201 11204 11207 11210 11213 11216 11219 11222 11225 11228 11231 11234 11237 11240 11243 11246 11249 11252 11255 11258 11261 11264 11267 11270 11273 11276 11279 11282 11285 11288 11291 11294 11297 11300 11303 11306 11309 11312 11315 11318 11321 11324 11327 11330 11333 11336 11339 11342 11345 11348 11351 11354 11357 11360 11363 11366 11369 11372 11375 11378 11381 11384 11387 11390 11393 11396 11399 11402 11405 11408 11411 11414 
0
0
0
CSEG_28-1
7
 P      28
0
2
14
-2147483647
48 1 16 5 0 1 0 -1 -1 432 1 -1879048189 11847 432 
0
0
 P      28SET_CSEG_ALL_ACTIVE
0
2
14
-2147483647
48 1 16 5 0 1 0 -1 -1 432 1 -1879048189 11847 432 
0
0
FACE_BOTTOM
0
1
144
11847 11850 11853 11856 11859 11862 11865 11868 11871 11874 11877 11880 11883 11886 11889 11892 11895 11898 11901 11904 11907 11910 11913 11916 11919 11922 11925 11928 11931 11934 11937 11940 11943 11946 11949 11952 11955 11958 11961 11964 11967 11970 11973 11976 11979 11982 11985 11988 11991 11994 11997 12000 12003 12006 12009 12012 12015 12018 12021 12024 12027 12030 12033 12036 12039 12042 12045 12048 12051 12054 12057 12060 12063 12066 12069 12072 12075 12078 12081 12084 12087 12090 12093 12096 12099 12102 12105 12108 12111 12114 12117 12120 12123 12126 12129 12132 12135 12138 12141 12144 12147 12150 12153 12156 12159 12162 12165 12168 12171 12174 12177 12180 12183 12186 12189 12192 12195 12198 12201 12204 12207 12210 12213 12216 12219 12222 12225 12228 12231 12234 12237 12240 12243 12246 12249 12252 12255 12258 12261 12264 12267 12270 12273 12276 
0
0
FACE_TOP
0
1
144
11849 11852 11855 11858 11861 11864 11867 11870 11873 11876 11879 11882 11885 11888 11891 11894 11897 11900 11903 11906 11909 11912 11915 11918 11921 11924 11927 11930 11933 11936 11939 11942 11945 11948 11951 11954 11957 11960 11963 11966 11969 11972 11975 11978 11981 11984 11987 11990 11993 11996 11999 12002 12005 12008 12011 12014 12017 12020 12023 12026 12029 12032 12035 12038 12041 12044 12047 12050 12053 12056 12059 12062 12065 12068 12071 12074 12077 12080 12083 12086 12089 12092 12095 12098 12101 12104 12107 12110 12113 12116 12119 12122 12125 12128 12131 12134 12137 12140 12143 12146 12149 12152 12155 12158 12161 12164 12167 12170 12173 12176 12179 12182 12185 12188 12191 12194 12197 12200 12203 12206 12209 12212 12215 12218 12221 12224 12227 12230 12233 12236 12239 12242 12245 12248 12251 12254 12257 12260 12263 12266 12269 12272 12275 12278 
0
0
SET_ALL
0
1
14
-2147483647
48 1 16 5 0 1 0 -1 -1 432 1 -1879048189 11847 432 
0
0
_SURF_BOTTOM_S6
0
2
144
11847 11850 11853 11856 11859 11862 11865 11868 11871 11874 11877 11880 11883 11886 11889 11892 11895 11898 11901 11904 11907 11910 11913 11916 11919 11922 11925 11928 11931 11934 11937 11940 11943 11946 11949 11952 11955 11958 11961 11964 11967 11970 11973 11976 11979 11982 11985 11988 11991 11994 11997 12000 12003 12006 12009 12012 12015 12018 12021 12024 12027 12030 12033 12036 12039 12042 12045 12048 12051 12054 12057 12060 12063 12066 12069 12072 12075 12078 12081 12084 12087 12090 12093 12096 12099 12102 12105 12108 12111 12114 12117 12120 12123 12126 12129 12132 12135 12138 12141 12144 12147 12150 12153 12156 12159 12162 12165 12168 12171 12174 12177 12180 12183 12186 12189 12192 12195 12198 12201 12204 12207 12210 12213 12216 12219 12222 12225 12228 12231 12234 12237 12240 12243 12246 12249 12252 12255 12258 12261 12264 12267 12270 12273 12276 
0
0
_SURF_TOP_S4
0
2
144
11849 11852 11855 11858 11861 11864 11867 11870 11873 11876 11879 11882 11885 11888 11891 11894 11897 11900 11903 11906 11909 11912 11915 11918 11921 11924 11927 11930 11933 11936 11939 11942 11945 11948 11951 11954 11957 11960 11963 11966 11969 11972 11975 11978 11981 11984 11987 11990 11993 11996 11999 12002 12005 12008 12011 12014 12017 12020 12023 12026 12029 12032 12035 12038 12041 12044 12047 12050 12053 12056 12059 12062 12065 12068 12071 12074 12077 12080 12083 12086 12089 12092 12095 12098 12101 12104 12107 12110 12113 12116 12119 12122 12125 12128 12131 12134 12137 12140 12143 12146 12149 12152 12155 12158 12161 12164 12167 12170 12173 12176 12179 12182 12185 12188 12191 12194 12197 12200 12203 12206 12209 12212 12215 12218 12221 12224 12227 12230 12233 12236 12239 12242 12245 12248 12251 12254 12257 12260 12263 12266 12269 12272 12275 12278 
0
0
0
SSEG_02-1
8
 P      66
0
2
14
-2147483647
48 1 16 5 0 1 0 -1 -1 432 1 -1879048189 233251 432 
0
0
 P      66SET_SSEG_ALL_ACTIVE
0
2
14
-2147483647
48 1 16 5 0 1 0 -1 -1 432 1 -1879048189 233251 432 
0
0
 P      66WarnElemAspectRatio
0
2
14
-2147483647
48 1 16 5 0 1 0 -1 -1 432 1 -1879048189 233251 432 
0
0
FACE_BOTTOM
0
1
72
233251 233257 233263 233269 233275 233281 233287 233293 233299 233305 233311 233317 233323 233329 233335 233341 233347 233353 233359 233365 233371 233377 233383 233389 233395 233401 233407 233413 233419 233425 233431 233437 233443 233449 233455 233461 233467 233473 233479 233485 233491 233497 233503 233509 233515 233521 233527 233533 233539 233545 233551 233557 233563 233569 233575 233581 233587 233593 233599 233605 233611 233617 233623 233629 233635 233641 233647 233653 233659 233665 233671 233677 
0
0
FACE_TOP
0
1
72
233256 233262 233268 233274 233280 233286 233292 233298 233304 233310 233316 233322 233328 233334 233340 233346 233352 233358 233364 233370 233376 233382 233388 233394 233400 233406 233412 233418 233424 233430 233436 233442 233448 233454 233460 233466 233472 233478 233484 233490 233496 233502 233508 233514 233520 233526 233532 233538 233544 233550 233556 233562 233568 233574 233580 233586 233592 233598 233604 233610 233616 233622 233628 233634 233640 233646 233652 233658 233664 233670 233676 233682 
0
0
SET_ALL
0
1
14
-2147483647
48 1 16 5 0 1 0 -1 -1 432 1 -1879048189 233251 432 
0
0
_SURF_BOTTOM_S6
0
2
72
233251 233257 233263 233269 233275 233281 233287 233293 233299 233305 233311 233317 233323 233329 233335 233341 233347 233353 233359 233365 233371 233377 233383 233389 233395 233401 233407 233413 233419 233425 233431 233437 233443 233449 233455 233461 233467 233473 233479 233485 233491 233497 233503 233509 233515 233521 233527 233533 233539 233545 233551 233557 233563 233569 233575 233581 233587 233593 233599 233605 233611 233617 233623 233629 233635 233641 233647 233653 233659 233665 233671 233677 
0
0
_SURF_TOP_S4
0
2
72
233256 233262 233268 233274 233280 233286 233292 233298 233304 233310 233316 233322 233328 233334 233340 233346 233352 233358 233364 233370 233376 233382 233388 233394 233400 233406 233412 233418 233424 233430 233436 233442 233448 233454 233460 233466 233472 233478 233484 233490 233496 233502 233508 233514 233520 233526 233532 233538 233544 233550 233556 233562 233568 233574 233580 233586 233592 233598 233604 233610 233616 233622 233628 233634 233640 233646 233652 233658 233664 233670 233676 233682 
0
0
0
SSEG_04-1
8
 P      68
0
2
14
-2147483647
48 1 16 5 0 1 0 -1 -1 432 1 -1879048189 234115 432 
0
0
 P      68SET_SSEG_ALL_ACTIVE
0
2
14
-2147483647
48 1 16 5 0 1 0 -1 -1 432 1 -1879048189 234115 432 
0
0
 P      68WarnElemAspectRatio
0
2
14
-2147483647
48 1 16 5 0 1 0 -1 -1 432 1 -1879048189 234115 432 
0
0
FACE_BOTTOM
0
1
72
234115 234121 234127 234133 234139 234145 234151 234157 234163 234169 234175 234181 234187 234193 234199 234205 234211 234217 234223 234229 234235 234241 234247 234253 234259 234265 234271 234277 234283 234289 234295 234301 234307 234313 234319 234325 234331 234337 234343 234349 234355 234361 234367 234373 234379 234385 234391 234397 234403 234409 234415 234421 234427 234433 234439 234445 234451 234457 234463 234469 234475 234481 234487 234493 234499 234505 234511 234517 234523 234529 234535 234541 
0
0
FACE_TOP
0
1
72
234120 234126 234132 234138 234144 234150 234156 234162 234168 234174 234180 234186 234192 234198 234204 234210 234216 234222 234228 234234 234240 234246 234252 234258 234264 234270 234276 234282 234288 234294 234300 234306 234312 234318 234324 234330 234336 234342 234348 234354 234360 234366 234372 234378 234384 234390 234396 234402 234408 234414 234420 234426 234432 234438 234444 234450 234456 234462 234468 234474 234480 234486 234492 234498 234504 234510 234516 234522 234528 234534 234540 234546 
0
0
SET_ALL
0
1
14
-2147483647
48 1 16 5 0 1 0 -1 -1 432 1 -1879048189 234115 432 
0
0
_SURF_BOTTOM_S6
0
2
72
234115 234121 234127 234133 234139 234145 234151 234157 234163 234169 234175 234181 234187 234193 234199 234205 234211 234217 234223 234229 234235 234241 234247 234253 234259 234265 234271 234277 234283 234289 234295 234301 234307 234313 234319 234325 234331 234337 234343 234349 234355 234361 234367 234373 234379 234385 234391 234397 234403 234409 234415 234421 234427 234433 234439 234445 234451 234457 234463 234469 234475 234481 234487 234493 234499 234505 234511 234517 234523 234529 234535 234541 
0
0
_SURF_TOP_S4
0
2
72
234120 234126 234132 234138 234144 234150 234156 234162 234168 234174 234180 234186 234192 234198 234204 234210 234216 234222 234228 234234 234240 234246 234252 234258 234264 234270 234276 234282 234288 234294 234300 234306 234312 234318 234324 234330 234336 234342 234348 234354 234360 234366 234372 234378 234384 234390 234396 234402 234408 234414 234420 234426 234432 234438 234444 234450 234456 234462 234468 234474 234480 234486 234492 234498 234504 234510 234516 234522 234528 234534 234540 234546 
0
0
0
CSEG_10-1
7
 P      10
0
2
14
-2147483647
48 1 16 5 0 1 0 -1 -1 432 1 -1879048189 4071 432 
0
0
 P      10SET_CSEG_ALL_ACTIVE
0
2
14
-2147483647
48 1 16 5 0 1 0 -1 -1 432 1 -1879048189 4071 432 
0
0
FACE_BOTTOM
0
1
144
4071 4074 4077 4080 4083 4086 4089 4092 4095 4098 4101 4104 4107 4110 4113 4116 4119 4122 4125 4128 4131 4134 4137 4140 4143 4146 4149 4152 4155 4158 4161 4164 4167 4170 4173 4176 4179 4182 4185 4188 4191 4194 4197 4200 4203 4206 4209 4212 4215 4218 4221 4224 4227 4230 4233 4236 4239 4242 4245 4248 4251 4254 4257 4260 4263 4266 4269 4272 4275 4278 4281 4284 4287 4290 4293 4296 4299 4302 4305 4308 4311 4314 4317 4320 4323 4326 4329 4332 4335 4338 4341 4344 4347 4350 4353 4356 4359 4362 4365 4368 4371 4374 4377 4380 4383 4386 4389 4392 4395 4398 4401 4404 4407 4410 4413 4416 4419 4422 4425 4428 4431 4434 4437 4440 4443 4446 4449 4452 4455 4458 4461 4464 4467 4470 4473 4476 4479 4482 4485 4488 4491 4494 4497 4500 
0
0
FACE_TOP
0
1
144
4073 4076 4079 4082 4085 4088 4091 4094 4097 4100 4103 4106 4109 4112 4115 4118 4121 4124 4127 4130 4133 4136 4139 4142 4145 4148 4151 4154 4157 4160 4163 4166 4169 4172 4175 4178 4181 4184 4187 4190 4193 4196 4199 4202 4205 4208 4211 4214 4217 4220 4223 4226 4229 4232 4235 4238 4241 4244 4247 4250 4253 4256 4259 4262 4265 4268 4271 4274 4277 4280 4283 4286 4289 4292 4295 4298 4301 4304 4307 4310 4313 4316 4319 4322 4325 4328 4331 4334 4337 4340 4343 4346 4349 4352 4355 4358 4361 4364 4367 4370 4373 4376 4379 4382 4385 4388 4391 4394 4397 4400 4403 4406 4409 4412 4415 4418 4421 4424 4427 4430 4433 4436 4439 4442 4445 4448 4451 4454 4457 4460 4463 4466 4469 4472 4475 4478 4481 4484 4487 4490 4493 4496 4499 4502 
0
0
SET_ALL
0
1
14
-2147483647
48 1 16 5 0 1 0 -1 -1 432 1 -1879048189 4071 432 
0
0
_SURF_BOTTOM_S6
0
2
144
4071 4074 4077 4080 4083 4086 4089 4092 4095 4098 4101 4104 4107 4110 4113 4116 4119 4122 4125 4128 4131 4134 4137 4140 4143 4146 4149 4152 4155 4158 4161 4164 4167 4170 4173 4176 4179 4182 4185 4188 4191 4194 4197 4200 4203 4206 4209 4212 4215 4218 4221 4224 4227 4230 4233 4236 4239 4242 4245 4248 4251 4254 4257 4260 4263 4266 4269 4272 4275 4278 4281 4284 4287 4290 4293 4296 4299 4302 4305 4308 4311 4314 4317 4320 4323 4326 4329 4332 4335 4338 4341 4344 4347 4350 4353 4356 4359 4362 4365 4368 4371 4374 4377 4380 4383 4386 4389 4392 4395 4398 4401 4404 4407 4410 4413 4416 4419 4422 4425 4428 4431 4434 4437 4440 4443 4446 4449 4452 4455 4458 4461 4464 4467 4470 4473 4476 4479 4482 4485 4488 4491 4494 4497 4500 
0
0
_SURF_TOP_S4
0
2
144
4073 4076 4079 4082 4085 4088 4091 4094 4097 4100 4103 4106 4109 4112 4115 4118 4121 4124 4127 4130 4133 4136 4139 4142 4145 4148 4151 4154 4157 4160 4163 4166 4169 4172 4175 4178 4181 4184 4187 4190 4193 4196 4199 4202 4205 4208 4211 4214 4217 4220 4223 4226 4229 4232 4235 4238 4241 4244 4247 4250 4253 4256 4259 4262 4265 4268 4271 4274 4277 4280 4283 4286 4289 4292 4295 4298 4301 4304 4307 4310 4313 4316 4319 4322 4325 4328 4331 4334 4337 4340 4343 4346 4349 4352 4355 4358 4361 4364 4367 4370 4373 4376 4379 4382 4385 4388 4391 4394 4397 4400 4403 4406 4409 4412 4415 4418 4421 4424 4427 4430 4433 4436 4439 4442 4445 4448 4451 4454 4457 4460 4463 4466 4469 4472 4475 4478 4481 4484 4487 4490 4493 4496 4499 4502 
0
0
0
CSEG_12-1
7
 P      12
0
2
14
-2147483647
48 1 16 5 0 1 0 -1 -1 432 1 -1879048189 4935 432 
0
0
 P      12SET_CSEG_ALL_ACTIVE
0
2
14
-2147483647
48 1 16 5 0 1 0 -1 -1 432 1 -1879048189 4935 432 
0
0
FACE_BOTTOM
0
1
144
4935 4938 4941 4944 4947 4950 4953 4956 4959 4962 4965 4968 4971 4974 4977 4980 4983 4986 4989 4992 4995 4998 5001 5004 5007 5010 5013 5016 5019 5022 5025 5028 5031 5034 5037 5040 5043 5046 5049 5052 5055 5058 5061 5064 5067 5070 5073 5076 5079 5082 5085 5088 5091 5094 5097 5100 5103 5106 5109 5112 5115 5118 5121 5124 5127 5130 5133 5136 5139 5142 5145 5148 5151 5154 5157 5160 5163 5166 5169 5172 5175 5178 5181 5184 5187 5190 5193 5196 5199 5202 5205 5208 5211 5214 5217 5220 5223 5226 5229 5232 5235 5238 5241 5244 5247 5250 5253 5256 5259 5262 5265 5268 5271 5274 5277 5280 5283 5286 5289 5292 5295 5298 5301 5304 5307 5310 5313 5316 5319 5322 5325 5328 5331 5334 5337 5340 5343 5346 5349 5352 5355 5358 5361 5364 
0
0
FACE_TOP
0
1
144
4937 4940 4943 4946 4949 4952 4955 4958 4961 4964 4967 4970 4973 4976 4979 4982 4985 4988 4991 4994 4997 5000 5003 5006 5009 5012 5015 5018 5021 5024 5027 5030 5033 5036 5039 5042 5045 5048 5051 5054 5057 5060 5063 5066 5069 5072 5075 5078 5081 5084 5087 5090 5093 5096 5099 5102 5105 5108 5111 5114 5117 5120 5123 5126 5129 5132 5135 5138 5141 5144 5147 5150 5153 5156 5159 5162 5165 5168 5171 5174 5177 5180 5183 5186 5189 5192 5195 5198 5201 5204 5207 5210 5213 5216 5219 5222 5225 5228 5231 5234 5237 5240 5243 5246 5249 5252 5255 5258 5261 5264 5267 5270 5273 5276 5279 5282 5285 5288 5291 5294 5297 5300 5303 5306 5309 5312 5315 5318 5321 5324 5327 5330 5333 5336 5339 5342 5345 5348 5351 5354 5357 5360 5363 5366 
0
0
SET_ALL
0
1
14
-2147483647
48 1 16 5 0 1 0 -1 -1 432 1 -1879048189 4935 432 
0
0
_SURF_BOTTOM_S6
0
2
144
4935 4938 4941 4944 4947 4950 4953 4956 4959 4962 4965 4968 4971 4974 4977 4980 4983 4986 4989 4992 4995 4998 5001 5004 5007 5010 5013 5016 5019 5022 5025 5028 5031 5034 5037 5040 5043 5046 5049 5052 5055 5058 5061 5064 5067 5070 5073 5076 5079 5082 5085 5088 5091 5094 5097 5100 5103 5106 5109 5112 5115 5118 5121 5124 5127 5130 5133 5136 5139 5142 5145 5148 5151 5154 5157 5160 5163 5166 5169 5172 5175 5178 5181 5184 5187 5190 5193 5196 5199 5202 5205 5208 5211 5214 5217 5220 5223 5226 5229 5232 5235 5238 5241 5244 5247 5250 5253 5256 5259 5262 5265 5268 5271 5274 5277 5280 5283 5286 5289 5292 5295 5298 5301 5304 5307 5310 5313 5316 5319 5322 5325 5328 5331 5334 5337 5340 5343 5346 5349 5352 5355 5358 5361 5364 
0
0
_SURF_TOP_S4
0
2
144
4937 4940 4943 4946 4949 4952 4955 4958 4961 4964 4967 4970 4973 4976 4979 4982 4985 4988 4991 4994 4997 5000 5003 5006 5009 5012 5015 5018 5021 5024 5027 5030 5033 5036 5039 5042 5045 5048 5051 5054 5057 5060 5063 5066 5069 5072 5075 5078 5081 5084 5087 5090 5093 5096 5099 5102 5105 5108 5111 5114 5117 5120 5123 5126 5129 5132 5135 5138 5141 5144 5147 5150 5153 5156 5159 5162 5165 5168 5171 5174 5177 5180 5183 5186 5189 5192 5195 5198 5201 5204 5207 5210 5213 5216 5219 5222 5225 5228 5231 5234 5237 5240 5243 5246 5249 5252 5255 5258 5261 5264 5267 5270 5273 5276 5279 5282 5285 5288 5291 5294 5297 5300 5303 5306 5309 5312 5315 5318 5321 5324 5327 5330 5333 5336 5339 5342 5345 5348 5351 5354 5357 5360 5363 5366 
0
0
0
CSEG_14-1
7
 P      14
0
2
14
-2147483647
48 1 16 5 0 1 0 -1 -1 432 1 -1879048189 5799 432 
0
0
 P      14SET_CSEG_ALL_ACTIVE
0
2
14
-2147483647
48 1 16 5 0 1 0 -1 -1 432 1 -1879048189 5799 432 
0
0
FACE_BOTTOM
0
1
144
5799 5802 5805 5808 5811 5814 5817 5820 5823 5826 5829 5832 5835 5838 5841 5844 5847 5850 5853 5856 5859 5862 5865 5868 5871 5874 5877 5880 5883 5886 5889 5892 5895 5898 5901 5904 5907 5910 5913 5916 5919 5922 5925 5928 5931 5934 5937 5940 5943 5946 5949 5952 5955 5958 5961 5964 5967 5970 5973 5976 5979 5982 5985 5988 5991 5994 5997 6000 6003 6006 6009 6012 6015 6018 6021 6024 6027 6030 6033 6036 6039 6042 6045 6048 6051 6054 6057 6060 6063 6066 6069 6072 6075 6078 6081 6084 6087 6090 6093 6096 6099 6102 6105 6108 6111 6114 6117 6120 6123 6126 6129 6132 6135 6138 6141 6144 6147 6150 6153 6156 6159 6162 6165 6168 6171 6174 6177 6180 6183 6186 6189 6192 6195 6198 6201 6204 6207 6210 6213 6216 6219 6222 6225 6228 
0
0
FACE_TOP
0
1
144
5801 5804 5807 5810 5813 5816 5819 5822 5825 5828 5831 5834 5837 5840 5843 5846 5849 5852 5855 5858 5861 5864 5867 5870 5873 5876 5879 5882 5885 5888 5891 5894 5897 5900 5903 5906 5909 5912 5915 5918 5921 5924 5927 5930 5933 5936 5939 5942 5945 5948 5951 5954 5957 5960 5963 5966 5969 5972 5975 5978 5981 5984 5987 5990 5993 5996 5999 6002 6005 6008 6011 6014 6017 6020 6023 6026 6029 6032 6035 6038 6041 6044 6047 6050 6053 6056 6059 6062 6065 6068 6071 6074 6077 6080 6083 6086 6089 6092 6095 6098 6101 6104 6107 6110 6113 6116 6119 6122 6125 6128 6131 6134 6137 6140 6143 6146 6149 6152 6155 6158 6161 6164 6167 6170 6173 6176 6179 6182 6185 6188 6191 6194 6197 6200 6203 6206 6209 6212 6215 6218 6221 6224 6227 6230 
0
0
SET_ALL
0
1
14
-2147483647
48 1 16 5 0 1 0 -1 -1 432 1 -1879048189 5799 432 
0
0
_SURF_BOTTOM_S6
0
2
144
5799 5802 5805 5808 5811 5814 5817 5820 5823 5826 5829 5832 5835 5838 5841 5844 5847 5850 5853 5856 5859 5862 5865 5868 5871 5874 5877 5880 5883 5886 5889 5892 5895 5898 5901 5904 5907 5910 5913 5916 5919 5922 5925 5928 5931 5934 5937 5940 5943 5946 5949 5952 5955 5958 5961 5964 5967 5970 5973 5976 5979 5982 5985 5988 5991 5994 5997 6000 6003 6006 6009 6012 6015 6018 6021 6024 6027 6030 6033 6036 6039 6042 6045 6048 6051 6054 6057 6060 6063 6066 6069 6072 6075 6078 6081 6084 6087 6090 6093 6096 6099 6102 6105 6108 6111 6114 6117 6120 6123 6126 6129 6132 6135 6138 6141 6144 6147 6150 6153 6156 6159 6162 6165 6168 6171 6174 6177 6180 6183 6186 6189 6192 6195 6198 6201 6204 6207 6210 6213 6216 6219 6222 6225 6228 
0
0
_SURF_TOP_S4
0
2
144
5801 5804 5807 5810 5813 5816 5819 5822 5825 5828 5831 5834 5837 5840 5843 5846 5849 5852 5855 5858 5861 5864 5867 5870 5873 5876 5879 5882 5885 5888 5891 5894 5897 5900 5903 5906 5909 5912 5915 5918 5921 5924 5927 5930 5933 5936 5939 5942 5945 5948 5951 5954 5957 5960 5963 5966 5969 5972 5975 5978 5981 5984 5987 5990 5993 5996 5999 6002 6005 6008 6011 6014 6017 6020 6023 6026 6029 6032 6035 6038 6041 6044 6047 6050 6053 6056 6059 6062 6065 6068 6071 6074 6077 6080 6083 6086 6089 6092 6095 6098 6101 6104 6107 6110 6113 6116 6119 6122 6125 6128 6131 6134 6137 6140 6143 6146 6149 6152 6155 6158 6161 6164 6167 6170 6173 6176 6179 6182 6185 6188 6191 6194 6197 6200 6203 6206 6209 6212 6215 6218 6221 6224 6227 6230 
0
0
0
CSEG_16-1
7
 P      16
0
2
14
-2147483647
48 1 16 5 0 1 0 -1 -1 432 1 -1879048189 6663 432 
0
0
 P      16SET_CSEG_ALL_ACTIVE
0
2
14
-2147483647
48 1 16 5 0 1 0 -1 -1 432 1 -1879048189 6663 432 
0
0
FACE_BOTTOM
0
1
144
6663 6666 6669 6672 6675 6678 6681 6684 6687 6690 6693 6696 6699 6702 6705 6708 6711 6714 6717 6720 6723 6726 6729 6732 6735 6738 6741 6744 6747 6750 6753 6756 6759 6762 6765 6768 6771 6774 6777 6780 6783 6786 6789 6792 6795 6798 6801 6804 6807 6810 6813 6816 6819 6822 6825 6828 6831 6834 6837 6840 6843 6846 6849 6852 6855 6858 6861 6864 6867 6870 6873 6876 6879 6882 6885 6888 6891 6894 6897 6900 6903 6906 6909 6912 6915 6918 6921 6924 6927 6930 6933 6936 6939 6942 6945 6948 6951 6954 6957 6960 6963 6966 6969 6972 6975 6978 6981 6984 6987 6990 6993 6996 6999 7002 7005 7008 7011 7014 7017 7020 7023 7026 7029 7032 7035 7038 7041 7044 7047 7050 7053 7056 7059 7062 7065 7068 7071 7074 7077 7080 7083 7086 7089 7092 
0
0
FACE_TOP
0
1
144
6665 6668 6671 6674 6677 6680 6683 6686 6689 6692 6695 6698 6701 6704 6707 6710 6713 6716 6719 6722 6725 6728 6731 6734 6737 6740 6743 6746 6749 6752 6755 6758 6761 6764 6767 6770 6773 6776 6779 6782 6785 6788 6791 6794 6797 6800 6803 6806 6809 6812 6815 6818 6821 6824 6827 6830 6833 6836 6839 6842 6845 6848 6851 6854 6857 6860 6863 6866 6869 6872 6875 6878 6881 6884 6887 6890 6893 6896 6899 6902 6905 6908 6911 6914 6917 6920 6923 6926 6929 6932 6935 6938 6941 6944 6947 6950 6953 6956 6959 6962 6965 6968 6971 6974 6977 6980 6983 6986 6989 6992 6995 6998 7001 7004 7007 7010 7013 7016 7019 7022 7025 7028 7031 7034 7037 7040 7043 7046 7049 7052 7055 7058 7061 7064 7067 7070 7073 7076 7079 7082 7085 7088 7091 7094 
0
0
SET_ALL
0
1
14
-2147483647
48 1 16 5 0 1 0 -1 -1 432 1 -1879048189 6663 432 
0
0
_SURF_BOTTOM_S6
0
2
144
6663 6666 6669 6672 6675 6678 6681 6684 6687 6690 6693 6696 6699 6702 6705 6708 6711 6714 6717 6720 6723 6726 6729 6732 6735 6738 6741 6744 6747 6750 6753 6756 6759 6762 6765 6768 6771 6774 6777 6780 6783 6786 6789 6792 6795 6798 6801 6804 6807 6810 6813 6816 6819 6822 6825 6828 6831 6834 6837 6840 6843 6846 6849 6852 6855 6858 6861 6864 6867 6870 6873 6876 6879 6882 6885 6888 6891 6894 6897 6900 6903 6906 6909 6912 6915 6918 6921 6924 6927 6930 6933 6936 6939 6942 6945 6948 6951 6954 6957 6960 6963 6966 6969 6972 6975 6978 6981 6984 6987 6990 6993 6996 6999 7002 7005 7008 7011 7014 7017 7020 7023 7026 7029 7032 7035 7038 7041 7044 7047 7050 7053 7056 7059 7062 7065 7068 7071 7074 7077 7080 7083 7086 7089 7092 
0
0
_SURF_TOP_S4
0
2
144
6665 6668 6671 6674 6677 6680 6683 6686 6689 6692 6695 6698 6701 6704 6707 6710 6713 6716 6719 6722 6725 6728 6731 6734 6737 6740 6743 6746 6749 6752 6755 6758 6761 6764 6767 6770 6773 6776 6779 6782 6785 6788 6791 6794 6797 6800 6803 6806 6809 6812 6815 6818 6821 6824 6827 6830 6833 6836 6839 6842 6845 6848 6851 6854 6857 6860 6863 6866 6869 6872 6875 6878 6881 6884 6887 6890 6893 6896 6899 6902 6905 6908 6911 6914 6917 6920 6923 6926 6929 6932 6935 6938 6941 6944 6947 6950 6953 6956 6959 6962 6965 6968 6971 6974 6977 6980 6983 6986 6989 6992 6995 6998 7001 7004 7007 7010 7013 7016 7019 7022 7025 7028 7031 7034 7037 7040 7043 7046 7049 7052 7055 7058 7061 7064 7067 7070 7073 7076 7079 7082 7085 7088 7091 7094 
0
0
0
CSEG_18-1
7
 P      18
0
2
14
-2147483647
48 1 16 5 0 1 0 -1 -1 432 1 -1879048189 7527 432 
0
0
 P      18SET_CSEG_ALL_ACTIVE
0
2
14
-2147483647
48 1 16 5 0 1 0 -1 -1 432 1 -1879048189 7527 432 
0
0
FACE_BOTTOM
0
1
144
7527 7530 7533 7536 7539 7542 7545 7548 7551 7554 7557 7560 7563 7566 7569 7572 7575 7578 7581 7584 7587 7590 7593 7596 7599 7602 7605 7608 7611 7614 7617 7620 7623 7626 7629 7632 7635 7638 7641 7644 7647 7650 7653 7656 7659 7662 7665 7668 7671 7674 7677 7680 7683 7686 7689 7692 7695 7698 7701 7704 7707 7710 7713 7716 7719 7722 7725 7728 7731 7734 7737 7740 7743 7746 7749 7752 7755 7758 7761 7764 7767 7770 7773 7776 7779 7782 7785 7788 7791 7794 7797 7800 7803 7806 7809 7812 7815 7818 7821 7824 7827 7830 7833 7836 7839 7842 7845 7848 7851 7854 7857 7860 7863 7866 7869 7872 7875 7878 7881 7884 7887 7890 7893 7896 7899 7902 7905 7908 7911 7914 7917 7920 7923 7926 7929 7932 7935 7938 7941 7944 7947 7950 7953 7956 
0
0
FACE_TOP
0
1
144
7529 7532 7535 7538 7541 7544 7547 7550 7553 7556 7559 7562 7565 7568 7571 7574 7577 7580 7583 7586 7589 7592 7595 7598 7601 7604 7607 7610 7613 7616 7619 7622 7625 7628 7631 7634 7637 7640 7643 7646 7649 7652 7655 7658 7661 7664 7667 7670 7673 7676 7679 7682 7685 7688 7691 7694 7697 7700 7703 7706 7709 7712 7715 7718 7721 7724 7727 7730 7733 7736 7739 7742 7745 7748 7751 7754 7757 7760 7763 7766 7769 7772 7775 7778 7781 7784 7787 7790 7793 7796 7799 7802 7805 7808 7811 7814 7817 7820 7823 7826 7829 7832 7835 7838 7841 7844 7847 7850 7853 7856 7859 7862 7865 7868 7871 7874 7877 7880 7883 7886 7889 7892 7895 7898 7901 7904 7907 7910 7913 7916 7919 7922 7925 7928 7931 7934 7937 7940 7943 7946 7949 7952 7955 7958 
0
0
SET_ALL
0
1
14
-2147483647
48 1 16 5 0 1 0 -1 -1 432 1 -1879048189 7527 432 
0
0
_SURF_BOTTOM_S6
0
2
144
7527 7530 7533 7536 7539 7542 7545 7548 7551 7554 7557 7560 7563 7566 7569 7572 7575 7578 7581 7584 7587 7590 7593 7596 7599 7602 7605 7608 7611 7614 7617 7620 7623 7626 7629 7632 7635 7638 7641 7644 7647 7650 7653 7656 7659 7662 7665 7668 7671 7674 7677 7680 7683 7686 7689 7692 7695 7698 7701 7704 7707 7710 7713 7716 7719 7722 7725 7728 7731 7734 7737 7740 7743 7746 7749 7752 7755 7758 7761 7764 7767 7770 7773 7776 7779 7782 7785 7788 7791 7794 7797 7800 7803 7806 7809 7812 7815 7818 7821 7824 7827 7830 7833 7836 7839 7842 7845 7848 7851 7854 7857 7860 7863 7866 7869 7872 7875 7878 7881 7884 7887 7890 7893 7896 7899 7902 7905 7908 7911 7914 7917 7920 7923 7926 7929 7932 7935 7938 7941 7944 7947 7950 7953 7956 
0
0
_SURF_TOP_S4
0
2
144
7529 7532 7535 7538 7541 7544 7547 7550 7553 7556 7559 7562 7565 7568 7571 7574 7577 7580 7583 7586 7589 7592 7595 7598 7601 7604 7607 7610 7613 7616 7619 7622 7625 7628 7631 7634 7637 7640 7643 7646 7649 7652 7655 7658 7661 7664 7667 7670 7673 7676 7679 7682 7685 7688 7691 7694 7697 7700 7703 7706 7709 7712 7715 7718 7721 7724 7727 7730 7733 7736 7739 7742 7745 7748 7751 7754 7757 7760 7763 7766 7769 7772 7775 7778 7781 7784 7787 7790 7793 7796 7799 7802 7805 7808 7811 7814 7817 7820 7823 7826 7829 7832 7835 7838 7841 7844 7847 7850 7853 7856 7859 7862 7865 7868 7871 7874 7877 7880 7883 7886 7889 7892 7895 7898 7901 7904 7907 7910 7913 7916 7919 7922 7925 7928 7931 7934 7937 7940 7943 7946 7949 7952 7955 7958 
0
0
0
CSEG_30-1
7
 P      30
0
2
14
-2147483647
48 1 16 5 0 1 0 -1 -1 432 1 -1879048189 12711 432 
0
0
 P      30SET_CSEG_ALL_ACTIVE
0
2
14
-2147483647
48 1 16 5 0 1 0 -1 -1 432 1 -1879048189 12711 432 
0
0
FACE_BOTTOM
0
1
144
12711 12714 12717 12720 12723 12726 12729 12732 12735 12738 12741 12744 12747 12750 12753 12756 12759 12762 12765 12768 12771 12774 12777 12780 12783 12786 12789 12792 12795 12798 12801 12804 12807 12810 12813 12816 12819 12822 12825 12828 12831 12834 12837 12840 12843 12846 12849 12852 12855 12858 12861 12864 12867 12870 12873 12876 12879 12882 12885 12888 12891 12894 12897 12900 12903 12906 12909 12912 12915 12918 12921 12924 12927 12930 12933 12936 12939 12942 12945 12948 12951 12954 12957 12960 12963 12966 12969 12972 12975 12978 12981 12984 12987 12990 12993 12996 12999 13002 13005 13008 13011 13014 13017 13020 13023 13026 13029 13032 13035 13038 13041 13044 13047 13050 13053 13056 13059 13062 13065 13068 13071 13074 13077 13080 13083 13086 13089 13092 13095 13098 13101 13104 13107 13110 13113 13116 13119 13122 13125 13128 13131 13134 13137 13140 
0
0
FACE_TOP
0
1
144
12713 12716 12719 12722 12725 12728 12731 12734 12737 12740 12743 12746 12749 12752 12755 12758 12761 12764 12767 12770 12773 12776 12779 12782 12785 12788 12791 12794 12797 12800 12803 12806 12809 12812 12815 12818 12821 12824 12827 12830 12833 12836 12839 12842 12845 12848 12851 12854 12857 12860 12863 12866 12869 12872 12875 12878 12881 12884 12887 12890 12893 12896 12899 12902 12905 12908 12911 12914 12917 12920 12923 12926 12929 12932 12935 12938 12941 12944 12947 12950 12953 12956 12959 12962 12965 12968 12971 12974 12977 12980 12983 12986 12989 12992 12995 12998 13001 13004 13007 13010 13013 13016 13019 13022 13025 13028 13031 13034 13037 13040 13043 13046 13049 13052 13055 13058 13061 13064 13067 13070 13073 13076 13079 13082 13085 13088 13091 13094 13097 13100 13103 13106 13109 13112 13115 13118 13121 13124 13127 13130 13133 13136 13139 13142 
0
0
SET_ALL
0
1
14
-2147483647
48 1 16 5 0 1 0 -1 -1 432 1 -1879048189 12711 432 
0
0
_SURF_BOTTOM_S6
0
2
144
12711 12714 12717 12720 12723 12726 12729 12732 12735 12738 12741 12744 12747 12750 12753 12756 12759 12762 12765 12768 12771 12774 12777 12780 12783 12786 12789 12792 12795 12798 12801 12804 12807 12810 12813 12816 12819 12822 12825 12828 12831 12834 12837 12840 12843 12846 12849 12852 12855 12858 12861 12864 12867 12870 12873 12876 12879 12882 12885 12888 12891 12894 12897 12900 12903 12906 12909 12912 12915 12918 12921 12924 12927 12930 12933 12936 12939 12942 12945 12948 12951 12954 12957 12960 12963 12966 12969 12972 12975 12978 12981 12984 12987 12990 12993 12996 12999 13002 13005 13008 13011 13014 13017 13020 13023 13026 13029 13032 13035 13038 13041 13044 13047 13050 13053 13056 13059 13062 13065 13068 13071 13074 13077 13080 13083 13086 13089 13092 13095 13098 13101 13104 13107 13110 13113 13116 13119 13122 13125 13128 13131 13134 13137 13140 
0
0
_SURF_TOP_S4
0
2
144
12713 12716 12719 12722 12725 12728 12731 12734 12737 12740 12743 12746 12749 12752 12755 12758 12761 12764 12767 12770 12773 12776 12779 12782 12785 12788 12791 12794 12797 12800 12803 12806 12809 12812 12815 12818 12821 12824 12827 12830 12833 12836 12839 12842 12845 12848 12851 12854 12857 12860 12863 12866 12869 12872 12875 12878 12881 12884 12887 12890 12893 12896 12899 12902 12905 12908 12911 12914 12917 12920 12923 12926 12929 12932 12935 12938 12941 12944 12947 12950 12953 12956 12959 12962 12965 12968 12971 12974 12977 12980 12983 12986 12989 12992 12995 12998 13001 13004 13007 13010 13013 13016 13019 13022 13025 13028 13031 13034 13037 13040 13043 13046 13049 13052 13055 13058 13061 13064 13067 13070 13073 13076 13079 13082 13085 13088 13091 13094 13097 13100 13103 13106 13109 13112 13115 13118 13121 13124 13127 13130 13133 13136 13139 13142 
0
0
0
CSEG_07-1
7
 P       7
0
2
14
-2147483647
48 1 16 5 0 1 0 -1 -1 432 1 -1879048189 2775 432 
0
0
 P       7SET_CSEG_ALL_ACTIVE
0
2
14
-2147483647
48 1 16 5 0 1 0 -1 -1 432 1 -1879048189 2775 432 
0
0
FACE_BOTTOM
0
1
144
2775 2778 2781 2784 2787 2790 2793 2796 2799 2802 2805 2808 2811 2814 2817 2820 2823 2826 2829 2832 2835 2838 2841 2844 2847 2850 2853 2856 2859 2862 2865 2868 2871 2874 2877 2880 2883 2886 2889 2892 2895 2898 2901 2904 2907 2910 2913 2916 2919 2922 2925 2928 2931 2934 2937 2940 2943 2946 2949 2952 2955 2958 2961 2964 2967 2970 2973 2976 2979 2982 2985 2988 2991 2994 2997 3000 3003 3006 3009 3012 3015 3018 3021 3024 3027 3030 3033 3036 3039 3042 3045 3048 3051 3054 3057 3060 3063 3066 3069 3072 3075 3078 3081 3084 3087 3090 3093 3096 3099 3102 3105 3108 3111 3114 3117 3120 3123 3126 3129 3132 3135 3138 3141 3144 3147 3150 3153 3156 3159 3162 3165 3168 3171 3174 3177 3180 3183 3186 3189 3192 3195 3198 3201 3204 
0
0
FACE_TOP
0
1
144
2777 2780 2783 2786 2789 2792 2795 2798 2801 2804 2807 2810 2813 2816 2819 2822 2825 2828 2831 2834 2837 2840 2843 2846 2849 2852 2855 2858 2861 2864 2867 2870 2873 2876 2879 2882 2885 2888 2891 2894 2897 2900 2903 2906 2909 2912 2915 2918 2921 2924 2927 2930 2933 2936 2939 2942 2945 2948 2951 2954 2957 2960 2963 2966 2969 2972 2975 2978 2981 2984 2987 2990 2993 2996 2999 3002 3005 3008 3011 3014 3017 3020 3023 3026 3029 3032 3035 3038 3041 3044 3047 3050 3053 3056 3059 3062 3065 3068 3071 3074 3077 3080 3083 3086 3089 3092 3095 3098 3101 3104 3107 3110 3113 3116 3119 3122 3125 3128 3131 3134 3137 3140 3143 3146 3149 3152 3155 3158 3161 3164 3167 3170 3173 3176 3179 3182 3185 3188 3191 3194 3197 3200 3203 3206 
0
0
SET_ALL
0
1
14
-2147483647
48 1 16 5 0 1 0 -1 -1 432 1 -1879048189 2775 432 
0
0
_SURF_BOTTOM_S6
0
2
144
2775 2778 2781 2784 2787 2790 2793 2796 2799 2802 2805 2808 2811 2814 2817 2820 2823 2826 2829 2832 2835 2838 2841 2844 2847 2850 2853 2856 2859 2862 2865 2868 2871 2874 2877 2880 2883 2886 2889 2892 2895 2898 2901 2904 2907 2910 2913 2916 2919 2922 2925 2928 2931 2934 2937 2940 2943 2946 2949 2952 2955 2958 2961 2964 2967 2970 2973 2976 2979 2982 2985 2988 2991 2994 2997 3000 3003 3006 3009 3012 3015 3018 3021 3024 3027 3030 3033 3036 3039 3042 3045 3048 3051 3054 3057 3060 3063 3066 3069 3072 3075 3078 3081 3084 3087 3090 3093 3096 3099 3102 3105 3108 3111 3114 3117 3120 3123 3126 3129 3132 3135 3138 3141 3144 3147 3150 3153 3156 3159 3162 3165 3168 3171 3174 3177 3180 3183 3186 3189 3192 3195 3198 3201 3204 
0
0
_SURF_TOP_S4
0
2
144
2777 2780 2783 2786 2789 2792 2795 2798 2801 2804 2807 2810 2813 2816 2819 2822 2825 2828 2831 2834 2837 2840 2843 2846 2849 2852 2855 2858 2861 2864 2867 2870 2873 2876 2879 2882 2885 2888 2891 2894 2897 2900 2903 2906 2909 2912 2915 2918 2921 2924 2927 2930 2933 2936 2939 2942 2945 2948 2951 2954 2957 2960 2963 2966 2969 2972 2975 2978 2981 2984 2987 2990 2993 2996 2999 3002 3005 3008 3011 3014 3017 3020 3023 3026 3029 3032 3035 3038 3041 3044 3047 3050 3053 3056 3059 3062 3065 3068 3071 3074 3077 3080 3083 3086 3089 3092 3095 3098 3101 3104 3107 3110 3113 3116 3119 3122 3125 3128 3131 3134 3137 3140 3143 3146 3149 3152 3155 3158 3161 3164 3167 3170 3173 3176 3179 3182 3185 3188 3191 3194 3197 3200 3203 3206 
0
0
0
CSEG_09-1
7
 P       9
0
2
14
-2147483647
48 1 16 5 0 1 0 -1 -1 432 1 -1879048189 3639 432 
0
0
 P       9SET_CSEG_ALL_ACTIVE
0
2
14
-2147483647
48 1 16 5 0 1 0 -1 -1 432 1 -1879048189 3639 432 
0
0
FACE_BOTTOM
0
1
144
3639 3642 3645 3648 3651 3654 3657 3660 3663 3666 3669 3672 3675 3678 3681 3684 3687 3690 3693 3696 3699 3702 3705 3708 3711 3714 3717 3720 3723 3726 3729 3732 3735 3738 3741 3744 3747 3750 3753 3756 3759 3762 3765 3768 3771 3774 3777 3780 3783 3786 3789 3792 3795 3798 3801 3804 3807 3810 3813 3816 3819 3822 3825 3828 3831 3834 3837 3840 3843 3846 3849 3852 3855 3858 3861 3864 3867 3870 3873 3876 3879 3882 3885 3888 3891 3894 3897 3900 3903 3906 3909 3912 3915 3918 3921 3924 3927 3930 3933 3936 3939 3942 3945 3948 3951 3954 3957 3960 3963 3966 3969 3972 3975 3978 3981 3984 3987 3990 3993 3996 3999 4002 4005 4008 4011 4014 4017 4020 4023 4026 4029 4032 4035 4038 4041 4044 4047 4050 4053 4056 4059 4062 4065 4068 
0
0
FACE_TOP
0
1
144
3641 3644 3647 3650 3653 3656 3659 3662 3665 3668 3671 3674 3677 3680 3683 3686 3689 3692 3695 3698 3701 3704 3707 3710 3713 3716 3719 3722 3725 3728 3731 3734 3737 3740 3743 3746 3749 3752 3755 3758 3761 3764 3767 3770 3773 3776 3779 3782 3785 3788 3791 3794 3797 3800 3803 3806 3809 3812 3815 3818 3821 3824 3827 3830 3833 3836 3839 3842 3845 3848 3851 3854 3857 3860 3863 3866 3869 3872 3875 3878 3881 3884 3887 3890 3893 3896 3899 3902 3905 3908 3911 3914 3917 3920 3923 3926 3929 3932 3935 3938 3941 3944 3947 3950 3953 3956 3959 3962 3965 3968 3971 3974 3977 3980 3983 3986 3989 3992 3995 3998 4001 4004 4007 4010 4013 4016 4019 4022 4025 4028 4031 4034 4037 4040 4043 4046 4049 4052 4055 4058 4061 4064 4067 4070 
0
0
SET_ALL
0
1
14
-2147483647
48 1 16 5 0 1 0 -1 -1 432 1 -1879048189 3639 432 
0
0
_SURF_BOTTOM_S6
0
2
144
3639 3642 3645 3648 3651 3654 3657 3660 3663 3666 3669 3672 3675 3678 3681 3684 3687 3690 3693 3696 3699 3702 3705 3708 3711 3714 3717 3720 3723 3726 3729 3732 3735 3738 3741 3744 3747 3750 3753 3756 3759 3762 3765 3768 3771 3774 3777 3780 3783 3786 3789 3792 3795 3798 3801 3804 3807 3810 3813 3816 3819 3822 3825 3828 3831 3834 3837 3840 3843 3846 3849 3852 3855 3858 3861 3864 3867 3870 3873 3876 3879 3882 3885 3888 3891 3894 3897 3900 3903 3906 3909 3912 3915 3918 3921 3924 3927 3930 3933 3936 3939 3942 3945 3948 3951 3954 3957 3960 3963 3966 3969 3972 3975 3978 3981 3984 3987 3990 3993 3996 3999 4002 4005 4008 4011 4014 4017 4020 4023 4026 4029 4032 4035 4038 4041 4044 4047 4050 4053 4056 4059 4062 4065 4068 
0
0
_SURF_TOP_S4
0
2
144
3641 3644 3647 3650 3653 3656 3659 3662 3665 3668 3671 3674 3677 3680 3683 3686 3689 3692 3695 3698 3701 3704 3707 3710 3713 3716 3719 3722 3725 3728 3731 3734 3737 3740 3743 3746 3749 3752 3755 3758 3761 3764 3767 3770 3773 3776 3779 3782 3785 3788 3791 3794 3797 3800 3803 3806 3809 3812 3815 3818 3821 3824 3827 3830 3833 3836 3839 3842 3845 3848 3851 3854 3857 3860 3863 3866 3869 3872 3875 3878 3881 3884 3887 3890 3893 3896 3899 3902 3905 3908 3911 3914 3917 3920 3923 3926 3929 3932 3935 3938 3941 3944 3947 3950 3953 3956 3959 3962 3965 3968 3971 3974 3977 3980 3983 3986 3989 3992 3995 3998 4001 4004 4007 4010 4013 4016 4019 4022 4025 4028 4031 4034 4037 4040 4043 4046 4049 4052 4055 4058 4061 4064 4067 4070 
0
0
0
CSEG_21-1
7
 P      21
0
2
14
-2147483647
48 1 16 5 0 1 0 -1 -1 432 1 -1879048189 8823 432 
0
0
 P      21SET_CSEG_ALL_ACTIVE
0
2
14
-2147483647
48 1 16 5 0 1 0 -1 -1 432 1 -1879048189 8823 432 
0
0
FACE_BOTTOM
0
1
144
8823 8826 8829 8832 8835 8838 8841 8844 8847 8850 8853 8856 8859 8862 8865 8868 8871 8874 8877 8880 8883 8886 8889 8892 8895 8898 8901 8904 8907 8910 8913 8916 8919 8922 8925 8928 8931 8934 8937 8940 8943 8946 8949 8952 8955 8958 8961 8964 8967 8970 8973 8976 8979 8982 8985 8988 8991 8994 8997 9000 9003 9006 9009 9012 9015 9018 9021 9024 9027 9030 9033 9036 9039 9042 9045 9048 9051 9054 9057 9060 9063 9066 9069 9072 9075 9078 9081 9084 9087 9090 9093 9096 9099 9102 9105 9108 9111 9114 9117 9120 9123 9126 9129 9132 9135 9138 9141 9144 9147 9150 9153 9156 9159 9162 9165 9168 9171 9174 9177 9180 9183 9186 9189 9192 9195 9198 9201 9204 9207 9210 9213 9216 9219 9222 9225 9228 9231 9234 9237 9240 9243 9246 9249 9252 
0
0
FACE_TOP
0
1
144
8825 8828 8831 8834 8837 8840 8843 8846 8849 8852 8855 8858 8861 8864 8867 8870 8873 8876 8879 8882 8885 8888 8891 8894 8897 8900 8903 8906 8909 8912 8915 8918 8921 8924 8927 8930 8933 8936 8939 8942 8945 8948 8951 8954 8957 8960 8963 8966 8969 8972 8975 8978 8981 8984 8987 8990 8993 8996 8999 9002 9005 9008 9011 9014 9017 9020 9023 9026 9029 9032 9035 9038 9041 9044 9047 9050 9053 9056 9059 9062 9065 9068 9071 9074 9077 9080 9083 9086 9089 9092 9095 9098 9101 9104 9107 9110 9113 9116 9119 9122 9125 9128 9131 9134 9137 9140 9143 9146 9149 9152 9155 9158 9161 9164 9167 9170 9173 9176 9179 9182 9185 9188 9191 9194 9197 9200 9203 9206 9209 9212 9215 9218 9221 9224 9227 9230 9233 9236 9239 9242 9245 9248 9251 9254 
0
0
SET_ALL
0
1
14
-2147483647
48 1 16 5 0 1 0 -1 -1 432 1 -1879048189 8823 432 
0
0
_SURF_BOTTOM_S6
0
2
144
8823 8826 8829 8832 8835 8838 8841 8844 8847 8850 8853 8856 8859 8862 8865 8868 8871 8874 8877 8880 8883 8886 8889 8892 8895 8898 8901 8904 8907 8910 8913 8916 8919 8922 8925 8928 8931 8934 8937 8940 8943 8946 8949 8952 8955 8958 8961 8964 8967 8970 8973 8976 8979 8982 8985 8988 8991 8994 8997 9000 9003 9006 9009 9012 9015 9018 9021 9024 9027 9030 9033 9036 9039 9042 9045 9048 9051 9054 9057 9060 9063 9066 9069 9072 9075 9078 9081 9084 9087 9090 9093 9096 9099 9102 9105 9108 9111 9114 9117 9120 9123 9126 9129 9132 9135 9138 9141 9144 9147 9150 9153 9156 9159 9162 9165 9168 9171 9174 9177 9180 9183 9186 9189 9192 9195 9198 9201 9204 9207 9210 9213 9216 9219 9222 9225 9228 9231 9234 9237 9240 9243 9246 9249 9252 
0
0
_SURF_TOP_S4
0
2
144
8825 8828 8831 8834 8837 8840 8843 8846 8849 8852 8855 8858 8861 8864 8867 8870 8873 8876 8879 8882 8885 8888 8891 8894 8897 8900 8903 8906 8909 8912 8915 8918 8921 8924 8927 8930 8933 8936 8939 8942 8945 8948 8951 8954 8957 8960 8963 8966 8969 8972 8975 8978 8981 8984 8987 8990 8993 8996 8999 9002 9005 9008 9011 9014 9017 9020 9023 9026 9029 9032 9035 9038 9041 9044 9047 9050 9053 9056 9059 9062 9065 9068 9071 9074 9077 9080 9083 9086 9089 9092 9095 9098 9101 9104 9107 9110 9113 9116 9119 9122 9125 9128 9131 9134 9137 9140 9143 9146 9149 9152 9155 9158 9161 9164 9167 9170 9173 9176 9179 9182 9185 9188 9191 9194 9197 9200 9203 9206 9209 9212 9215 9218 9221 9224 9227 9230 9233 9236 9239 9242 9245 9248 9251 9254 
0
0
0
CSEG_23-1
7
 P      23
0
2
14
-2147483647
48 1 16 5 0 1 0 -1 -1 432 1 -1879048189 9687 432 
0
0
 P      23SET_CSEG_ALL_ACTIVE
0
2
14
-2147483647
48 1 16 5 0 1 0 -1 -1 432 1 -1879048189 9687 432 
0
0
FACE_BOTTOM
0
1
144
9687 9690 9693 9696 9699 9702 9705 9708 9711 9714 9717 9720 9723 9726 9729 9732 9735 9738 9741 9744 9747 9750 9753 9756 9759 9762 9765 9768 9771 9774 9777 9780 9783 9786 9789 9792 9795 9798 9801 9804 9807 9810 9813 9816 9819 9822 9825 9828 9831 9834 9837 9840 9843 9846 9849 9852 9855 9858 9861 9864 9867 9870 9873 9876 9879 9882 9885 9888 9891 9894 9897 9900 9903 9906 9909 9912 9915 9918 9921 9924 9927 9930 9933 9936 9939 9942 9945 9948 9951 9954 9957 9960 9963 9966 9969 9972 9975 9978 9981 9984 9987 9990 9993 9996 9999 10002 10005 10008 10011 10014 10017 10020 10023 10026 10029 10032 10035 10038 10041 10044 10047 10050 10053 10056 10059 10062 10065 10068 10071 10074 10077 10080 10083 10086 10089 10092 10095 10098 10101 10104 10107 10110 10113 10116 
0
0
FACE_TOP
0
1
144
9689 9692 9695 9698 9701 9704 9707 9710 9713 9716 9719 9722 9725 9728 9731 9734 9737 9740 9743 9746 9749 9752 9755 9758 9761 9764 9767 9770 9773 9776 9779 9782 9785 9788 9791 9794 9797 9800 9803 9806 9809 9812 9815 9818 9821 9824 9827 9830 9833 9836 9839 9842 9845 9848 9851 9854 9857 9860 9863 9866 9869 9872 9875 9878 9881 9884 9887 9890 9893 9896 9899 9902 9905 9908 9911 9914 9917 9920 9923 9926 9929 9932 9935 9938 9941 9944 9947 9950 9953 9956 9959 9962 9965 9968 9971 9974 9977 9980 9983 9986 9989 9992 9995 9998 10001 10004 10007 10010 10013 10016 10019 10022 10025 10028 10031 10034 10037 10040 10043 10046 10049 10052 10055 10058 10061 10064 10067 10070 10073 10076 10079 10082 10085 10088 10091 10094 10097 10100 10103 10106 10109 10112 10115 10118 
0
0
SET_ALL
0
1
14
-2147483647
48 1 16 5 0 1 0 -1 -1 432 1 -1879048189 9687 432 
0
0
_SURF_BOTTOM_S6
0
2
144
9687 9690 9693 9696 9699 9702 9705 9708 9711 9714 9717 9720 9723 9726 9729 9732 9735 9738 9741 9744 9747 9750 9753 9756 9759 9762 9765 9768 9771 9774 9777 9780 9783 9786 9789 9792 9795 9798 9801 9804 9807 9810 9813 9816 9819 9822 9825 9828 9831 9834 9837 9840 9843 9846 9849 9852 9855 9858 9861 9864 9867 9870 9873 9876 9879 9882 9885 9888 9891 9894 9897 9900 9903 9906 9909 9912 9915 9918 9921 9924 9927 9930 9933 9936 9939 9942 9945 9948 9951 9954 9957 9960 9963 9966 9969 9972 9975 9978 9981 9984 9987 9990 9993 9996 9999 10002 10005 10008 10011 10014 10017 10020 10023 10026 10029 10032 10035 10038 10041 10044 10047 10050 10053 10056 10059 10062 10065 10068 10071 10074 10077 10080 10083 10086 10089 10092 10095 10098 10101 10104 10107 10110 10113 10116 
0
0
_SURF_TOP_S4
0
2
144
9689 9692 9695 9698 9701 9704 9707 9710 9713 9716 9719 9722 9725 9728 9731 9734 9737 9740 9743 9746 9749 9752 9755 9758 9761 9764 9767 9770 9773 9776 9779 9782 9785 9788 9791 9794 9797 9800 9803 9806 9809 9812 9815 9818 9821 9824 9827 9830 9833 9836 9839 9842 9845 9848 9851 9854 9857 9860 9863 9866 9869 9872 9875 9878 9881 9884 9887 9890 9893 9896 9899 9902 9905 9908 9911 9914 9917 9920 9923 9926 9929 9932 9935 9938 9941 9944 9947 9950 9953 9956 9959 9962 9965 9968 9971 9974 9977 9980 9983 9986 9989 9992 9995 9998 10001 10004 10007 10010 10013 10016 10019 10022 10025 10028 10031 10034 10037 10040 10043 10046 10049 10052 10055 10058 10061 10064 10067 10070 10073 10076 10079 10082 10085 10088 10091 10094 10097 10100 10103 10106 10109 10112 10115 10118 
0
0
0
CSEG_25-1
7
 P      25
0
2
14
-2147483647
48 1 16 5 0 1 0 -1 -1 432 1 -1879048189 10551 432 
0
0
 P      25SET_CSEG_ALL_ACTIVE
0
2
14
-2147483647
48 1 16 5 0 1 0 -1 -1 432 1 -1879048189 10551 432 
0
0
FACE_BOTTOM
0
1
144
10551 10554 10557 10560 10563 10566 10569 10572 10575 10578 10581 10584 10587 10590 10593 10596 10599 10602 10605 10608 10611 10614 10617 10620 10623 10626 10629 10632 10635 10638 10641 10644 10647 10650 10653 10656 10659 10662 10665 10668 10671 10674 10677 10680 10683 10686 10689 10692 10695 10698 10701 10704 10707 10710 10713 10716 10719 10722 10725 10728 10731 10734 10737 10740 10743 10746 10749 10752 10755 10758 10761 10764 10767 10770 10773 10776 10779 10782 10785 10788 10791 10794 10797 10800 10803 10806 10809 10812 10815 10818 10821 10824 10827 10830 10833 10836 10839 10842 10845 10848 10851 10854 10857 10860 10863 10866 10869 10872 10875 10878 10881 10884 10887 10890 10893 10896 10899 10902 10905 10908 10911 10914 10917 10920 10923 10926 10929 10932 10935 10938 10941 10944 10947 10950 10953 10956 10959 10962 10965 10968 10971 10974 10977 10980 
0
0
FACE_TOP
0
1
144
10553 10556 10559 10562 10565 10568 10571 10574 10577 10580 10583 10586 10589 10592 10595 10598 10601 10604 10607 10610 10613 10616 10619 10622 10625 10628 10631 10634 10637 10640 10643 10646 10649 10652 10655 10658 10661 10664 10667 10670 10673 10676 10679 10682 10685 10688 10691 10694 10697 10700 10703 10706 10709 10712 10715 10718 10721 10724 10727 10730 10733 10736 10739 10742 10745 10748 10751 10754 10757 10760 10763 10766 10769 10772 10775 10778 10781 10784 10787 10790 10793 10796 10799 10802 10805 10808 10811 10814 10817 10820 10823 10826 10829 10832 10835 10838 10841 10844 10847 10850 10853 10856 10859 10862 10865 10868 10871 10874 10877 10880 10883 10886 10889 10892 10895 10898 10901 10904 10907 10910 10913 10916 10919 10922 10925 10928 10931 10934 10937 10940 10943 10946 10949 10952 10955 10958 10961 10964 10967 10970 10973 10976 10979 10982 
0
0
SET_ALL
0
1
14
-2147483647
48 1 16 5 0 1 0 -1 -1 432 1 -1879048189 10551 432 
0
0
_SURF_BOTTOM_S6
0
2
144
10551 10554 10557 10560 10563 10566 10569 10572 10575 10578 10581 10584 10587 10590 10593 10596 10599 10602 10605 10608 10611 10614 10617 10620 10623 10626 10629 10632 10635 10638 10641 10644 10647 10650 10653 10656 10659 10662 10665 10668 10671 10674 10677 10680 10683 10686 10689 10692 10695 10698 10701 10704 10707 10710 10713 10716 10719 10722 10725 10728 10731 10734 10737 10740 10743 10746 10749 10752 10755 10758 10761 10764 10767 10770 10773 10776 10779 10782 10785 10788 10791 10794 10797 10800 10803 10806 10809 10812 10815 10818 10821 10824 10827 10830 10833 10836 10839 10842 10845 10848 10851 10854 10857 10860 10863 10866 10869 10872 10875 10878 10881 10884 10887 10890 10893 10896 10899 10902 10905 10908 10911 10914 10917 10920 10923 10926 10929 10932 10935 10938 10941 10944 10947 10950 10953 10956 10959 10962 10965 10968 10971 10974 10977 10980 
0
0
_SURF_TOP_S4
0
2
144
10553 10556 10559 10562 10565 10568 10571 10574 10577 10580 10583 10586 10589 10592 10595 10598 10601 10604 10607 10610 10613 10616 10619 10622 10625 10628 10631 10634 10637 10640 10643 10646 10649 10652 10655 10658 10661 10664 10667 10670 10673 10676 10679 10682 10685 10688 10691 10694 10697 10700 10703 10706 10709 10712 10715 10718 10721 10724 10727 10730 10733 10736 10739 10742 10745 10748 10751 10754 10757 10760 10763 10766 10769 10772 10775 10778 10781 10784 10787 10790 10793 10796 10799 10802 10805 10808 10811 10814 10817 10820 10823 10826 10829 10832 10835 10838 10841 10844 10847 10850 10853 10856 10859 10862 10865 10868 10871 10874 10877 10880 10883 10886 10889 10892 10895 10898 10901 10904 10907 10910 10913 10916 10919 10922 10925 10928 10931 10934 10937 10940 10943 10946 10949 10952 10955 10958 10961 10964 10967 10970 10973 10976 10979 10982 
0
0
0
CSEG_27-1
7
 P      27
0
2
14
-2147483647
48 1 16 5 0 1 0 -1 -1 432 1 -1879048189 11415 432 
0
0
 P      27SET_CSEG_ALL_ACTIVE
0
2
14
-2147483647
48 1 16 5 0 1 0 -1 -1 432 1 -1879048189 11415 432 
0
0
FACE_BOTTOM
0
1
144
11415 11418 11421 11424 11427 11430 11433 11436 11439 11442 11445 11448 11451 11454 11457 11460 11463 11466 11469 11472 11475 11478 11481 11484 11487 11490 11493 11496 11499 11502 11505 11508 11511 11514 11517 11520 11523 11526 11529 11532 11535 11538 11541 11544 11547 11550 11553 11556 11559 11562 11565 11568 11571 11574 11577 11580 11583 11586 11589 11592 11595 11598 11601 11604 11607 11610 11613 11616 11619 11622 11625 11628 11631 11634 11637 11640 11643 11646 11649 11652 11655 11658 11661 11664 11667 11670 11673 11676 11679 11682 11685 11688 11691 11694 11697 11700 11703 11706 11709 11712 11715 11718 11721 11724 11727 11730 11733 11736 11739 11742 11745 11748 11751 11754 11757 11760 11763 11766 11769 11772 11775 11778 11781 11784 11787 11790 11793 11796 11799 11802 11805 11808 11811 11814 11817 11820 11823 11826 11829 11832 11835 11838 11841 11844 
0
0
FACE_TOP
0
1
144
11417 11420 11423 11426 11429 11432 11435 11438 11441 11444 11447 11450 11453 11456 11459 11462 11465 11468 11471 11474 11477 11480 11483 11486 11489 11492 11495 11498 11501 11504 11507 11510 11513 11516 11519 11522 11525 11528 11531 11534 11537 11540 11543 11546 11549 11552 11555 11558 11561 11564 11567 11570 11573 11576 11579 11582 11585 11588 11591 11594 11597 11600 11603 11606 11609 11612 11615 11618 11621 11624 11627 11630 11633 11636 11639 11642 11645 11648 11651 11654 11657 11660 11663 11666 11669 11672 11675 11678 11681 11684 11687 11690 11693 11696 11699 11702 11705 11708 11711 11714 11717 11720 11723 11726 11729 11732 11735 11738 11741 11744 11747 11750 11753 11756 11759 11762 11765 11768 11771 11774 11777 11780 11783 11786 11789 11792 11795 11798 11801 11804 11807 11810 11813 11816 11819 11822 11825 11828 11831 11834 11837 11840 11843 11846 
0
0
SET_ALL
0
1
14
-2147483647
48 1 16 5 0 1 0 -1 -1 432 1 -1879048189 11415 432 
0
0
_SURF_BOTTOM_S6
0
2
144
11415 11418 11421 11424 11427 11430 11433 11436 11439 11442 11445 11448 11451 11454 11457 11460 11463 11466 11469 11472 11475 11478 11481 11484 11487 11490 11493 11496 11499 11502 11505 11508 11511 11514 11517 11520 11523 11526 11529 11532 11535 11538 11541 11544 11547 11550 11553 11556 11559 11562 11565 11568 11571 11574 11577 11580 11583 11586 11589 11592 11595 11598 11601 11604 11607 11610 11613 11616 11619 11622 11625 11628 11631 11634 11637 11640 11643 11646 11649 11652 11655 11658 11661 11664 11667 11670 11673 11676 11679 11682 11685 11688 11691 11694 11697 11700 11703 11706 11709 11712 11715 11718 11721 11724 11727 11730 11733 11736 11739 11742 11745 11748 11751 11754 11757 11760 11763 11766 11769 11772 11775 11778 11781 11784 11787 11790 11793 11796 11799 11802 11805 11808 11811 11814 11817 11820 11823 11826 11829 11832 11835 11838 11841 11844 
0
0
_SURF_TOP_S4
0
2
144
11417 11420 11423 11426 11429 11432 11435 11438 11441 11444 11447 11450 11453 11456 11459 11462 11465 11468 11471 11474 11477 11480 11483 11486 11489 11492 11495 11498 11501 11504 11507 11510 11513 11516 11519 11522 11525 11528 11531 11534 11537 11540 11543 11546 11549 11552 11555 11558 11561 11564 11567 11570 11573 11576 11579 11582 11585 11588 11591 11594 11597 11600 11603 11606 11609 11612 11615 11618 11621 11624 11627 11630 11633 11636 11639 11642 11645 11648 11651 11654 11657 11660 11663 11666 11669 11672 11675 11678 11681 11684 11687 11690 11693 11696 11699 11702 11705 11708 11711 11714 11717 11720 11723 11726 11729 11732 11735 11738 11741 11744 11747 11750 11753 11756 11759 11762 11765 11768 11771 11774 11777 11780 11783 11786 11789 11792 11795 11798 11801 11804 11807 11810 11813 11816 11819 11822 11825 11828 11831 11834 11837 11840 11843 11846 
0
0
0
CSEG_29-1
7
 P      29
0
2
14
-2147483647
48 1 16 5 0 1 0 -1 -1 432 1 -1879048189 12279 432 
0
0
 P      29SET_CSEG_ALL_ACTIVE
0
2
14
-2147483647
48 1 16 5 0 1 0 -1 -1 432 1 -1879048189 12279 432 
0
0
FACE_BOTTOM
0
1
144
12279 12282 12285 12288 12291 12294 12297 12300 12303 12306 12309 12312 12315 12318 12321 12324 12327 12330 12333 12336 12339 12342 12345 12348 12351 12354 12357 12360 12363 12366 12369 12372 12375 12378 12381 12384 12387 12390 12393 12396 12399 12402 12405 12408 12411 12414 12417 12420 12423 12426 12429 12432 12435 12438 12441 12444 12447 12450 12453 12456 12459 12462 12465 12468 12471 12474 12477 12480 12483 12486 12489 12492 12495 12498 12501 12504 12507 12510 12513 12516 12519 12522 12525 12528 12531 12534 12537 12540 12543 12546 12549 12552 12555 12558 12561 12564 12567 12570 12573 12576 12579 12582 12585 12588 12591 12594 12597 12600 12603 12606 12609 12612 12615 12618 12621 12624 12627 12630 12633 12636 12639 12642 12645 12648 12651 12654 12657 12660 12663 12666 12669 12672 12675 12678 12681 12684 12687 12690 12693 12696 12699 12702 12705 12708 
0
0
FACE_TOP
0
1
144
12281 12284 12287 12290 12293 12296 12299 12302 12305 12308 12311 12314 12317 12320 12323 12326 12329 12332 12335 12338 12341 12344 12347 12350 12353 12356 12359 12362 12365 12368 12371 12374 12377 12380 12383 12386 12389 12392 12395 12398 12401 12404 12407 12410 12413 12416 12419 12422 12425 12428 12431 12434 12437 12440 12443 12446 12449 12452 12455 12458 12461 12464 12467 12470 12473 12476 12479 12482 12485 12488 12491 12494 12497 12500 12503 12506 12509 12512 12515 12518 12521 12524 12527 12530 12533 12536 12539 12542 12545 12548 12551 12554 12557 12560 12563 12566 12569 12572 12575 12578 12581 12584 12587 12590 12593 12596 12599 12602 12605 12608 12611 12614 12617 12620 12623 12626 12629 12632 12635 12638 12641 12644 12647 12650 12653 12656 12659 12662 12665 12668 12671 12674 12677 12680 12683 12686 12689 12692 12695 12698 12701 12704 12707 12710 
0
0
SET_ALL
0
1
14
-2147483647
48 1 16 5 0 1 0 -1 -1 432 1 -1879048189 12279 432 
0
0
_SURF_BOTTOM_S6
0
2
144
12279 12282 12285 12288 12291 12294 12297 12300 12303 12306 12309 12312 12315 12318 12321 12324 12327 12330 12333 12336 12339 12342 12345 12348 12351 12354 12357 12360 12363 12366 12369 12372 12375 12378 12381 12384 12387 12390 12393 12396 12399 12402 12405 12408 12411 12414 12417 12420 12423 12426 12429 12432 12435 12438 12441 12444 12447 12450 12453 12456 12459 12462 12465 12468 12471 12474 12477 12480 12483 12486 12489 12492 12495 12498 12501 12504 12507 12510 12513 12516 12519 12522 12525 12528 12531 12534 12537 12540 12543 12546 12549 12552 12555 12558 12561 12564 12567 12570 12573 12576 12579 12582 12585 12588 12591 12594 12597 12600 12603 12606 12609 12612 12615 12618 12621 12624 12627 12630 12633 12636 12639 12642 12645 12648 12651 12654 12657 12660 12663 12666 12669 12672 12675 12678 12681 12684 12687 12690 12693 12696 12699 12702 12705 12708 
0
0
_SURF_TOP_S4
0
2
144
12281 12284 12287 12290 12293 12296 12299 12302 12305 12308 12311 12314 12317 12320 12323 12326 12329 12332 12335 12338 12341 12344 12347 12350 12353 12356 12359 12362 12365 12368 12371 12374 12377 12380 12383 12386 12389 12392 12395 12398 12401 12404 12407 12410 12413 12416 12419 12422 12425 12428 12431 12434 12437 12440 12443 12446 12449 12452 12455 12458 12461 12464 12467 12470 12473 12476 12479 12482 12485 12488 12491 12494 12497 12500 12503 12506 12509 12512 12515 12518 12521 12524 12527 12530 12533 12536 12539 12542 12545 12548 12551 12554 12557 12560 12563 12566 12569 12572 12575 12578 12581 12584 12587 12590 12593 12596 12599 12602 12605 12608 12611 12614 12617 12620 12623 12626 12629 12632 12635 12638 12641 12644 12647 12650 12653 12656 12659 12662 12665 12668 12671 12674 12677 12680 12683 12686 12689 12692 12695 12698 12701 12704 12707 12710 
0
0
0
SSEG_01-1
8
 P      65
0
2
14
-2147483647
48 1 16 5 0 1 0 -1 -1 432 1 -1879048189 232819 432 
0
0
 P      65SET_SSEG_ALL_ACTIVE
0
2
14
-2147483647
48 1 16 5 0 1 0 -1 -1 432 1 -1879048189 232819 432 
0
0
 P      65WarnElemAspectRatio
0
2
216
232822 232823 232824 232828 232829 232830 232834 232835 232836 232840 232841 232842 232846 232847 232848 232852 232853 232854 232858 232859 232860 232864 232865 232866 232870 232871 232872 232876 232877 232878 232882 232883 232884 232888 232889 232890 232894 232895 232896 232900 232901 232902 232906 232907 232908 232912 232913 232914 232918 232919 232920 232924 232925 232926 232930 232931 232932 232936 232937 232938 232942 232943 232944 232948 232949 232950 232954 232955 232956 232960 232961 232962 232966 232967 232968 232972 232973 232974 232978 232979 232980 232984 232985 232986 232990 232991 232992 232996 232997 232998 233002 233003 233004 233008 233009 233010 233014 233015 233016 233020 233021 233022 233026 233027 233028 233032 233033 233034 233038 233039 233040 233044 233045 233046 233050 233051 233052 233056 233057 233058 233062 233063 233064 233068 233069 233070 233074 233075 233076 233080 233081 233082 233086 233087 233088 233092 233093 233094 233098 233099 233100 233104 233105 233106 233110 233111 233112 233116 233117 233118 233122 233123 233124 233128 233129 233130 233134 233135 233136 233140 233141 233142 233146 233147 233148 233152 233153 233154 233158 233159 233160 233164 233165 233166 233170 233171 233172 233176 233177 233178 233182 233183 233184 233188 233189 233190 233194 233195 233196 233200 233201 233202 233206 233207 233208 233212 233213 233214 233218 233219 233220 233224 233225 233226 233230 233231 233232 233236 233237 233238 233242 233243 233244 233248 233249 233250 
0
0
FACE_BOTTOM
0
1
72
232819 232825 232831 232837 232843 232849 232855 232861 232867 232873 232879 232885 232891 232897 232903 232909 232915 232921 232927 232933 232939 232945 232951 232957 232963 232969 232975 232981 232987 232993 232999 233005 233011 233017 233023 233029 233035 233041 233047 233053 233059 233065 233071 233077 233083 233089 233095 233101 233107 233113 233119 233125 233131 233137 233143 233149 233155 233161 233167 233173 233179 233185 233191 233197 233203 233209 233215 233221 233227 233233 233239 233245 
0
0
FACE_TOP
0
1
72
232824 232830 232836 232842 232848 232854 232860 232866 232872 232878 232884 232890 232896 232902 232908 232914 232920 232926 232932 232938 232944 232950 232956 232962 232968 232974 232980 232986 232992 232998 233004 233010 233016 233022 233028 233034 233040 233046 233052 233058 233064 233070 233076 233082 233088 233094 233100 233106 233112 233118 233124 233130 233136 233142 233148 233154 233160 233166 233172 233178 233184 233190 233196 233202 233208 233214 233220 233226 233232 233238 233244 233250 
0
0
SET_ALL
0
1
14
-2147483647
48 1 16 5 0 1 0 -1 -1 432 1 -1879048189 232819 432 
0
0
_SURF_BOTTOM_S6
0
2
72
232819 232825 232831 232837 232843 232849 232855 232861 232867 232873 232879 232885 232891 232897 232903 232909 232915 232921 232927 232933 232939 232945 232951 232957 232963 232969 232975 232981 232987 232993 232999 233005 233011 233017 233023 233029 233035 233041 233047 233053 233059 233065 233071 233077 233083 233089 233095 233101 233107 233113 233119 233125 233131 233137 233143 233149 233155 233161 233167 233173 233179 233185 233191 233197 233203 233209 233215 233221 233227 233233 233239 233245 
0
0
_SURF_TOP_S4
0
2
72
232824 232830 232836 232842 232848 232854 232860 232866 232872 232878 232884 232890 232896 232902 232908 232914 232920 232926 232932 232938 232944 232950 232956 232962 232968 232974 232980 232986 232992 232998 233004 233010 233016 233022 233028 233034 233040 233046 233052 233058 233064 233070 233076 233082 233088 233094 233100 233106 233112 233118 233124 233130 233136 233142 233148 233154 233160 233166 233172 233178 233184 233190 233196 233202 233208 233214 233220 233226 233232 233238 233244 233250 
0
0
0
SSEG_03-1
8
 P      67
0
2
14
-2147483647
48 1 16 5 0 1 0 -1 -1 432 1 -1879048189 233683 432 
0
0
 P      67SET_SSEG_ALL_ACTIVE
0
2
14
-2147483647
48 1 16 5 0 1 0 -1 -1 432 1 -1879048189 233683 432 
0
0
 P      67WarnElemAspectRatio
0
2
14
-2147483647
48 1 16 5 0 1 0 -1 -1 432 1 -1879048189 233683 432 
0
0
FACE_BOTTOM
0
1
72
233683 233689 233695 233701 233707 233713 233719 233725 233731 233737 233743 233749 233755 233761 233767 233773 233779 233785 233791 233797 233803 233809 233815 233821 233827 233833 233839 233845 233851 233857 233863 233869 233875 233881 233887 233893 233899 233905 233911 233917 233923 233929 233935 233941 233947 233953 233959 233965 233971 233977 233983 233989 233995 234001 234007 234013 234019 234025 234031 234037 234043 234049 234055 234061 234067 234073 234079 234085 234091 234097 234103 234109 
0
0
FACE_TOP
0
1
72
233688 233694 233700 233706 233712 233718 233724 233730 233736 233742 233748 233754 233760 233766 233772 233778 233784 233790 233796 233802 233808 233814 233820 233826 233832 233838 233844 233850 233856 233862 233868 233874 233880 233886 233892 233898 233904 233910 233916 233922 233928 233934 233940 233946 233952 233958 233964 233970 233976 233982 233988 233994 234000 234006 234012 234018 234024 234030 234036 234042 234048 234054 234060 234066 234072 234078 234084 234090 234096 234102 234108 234114 
0
0
SET_ALL
0
1
14
-2147483647
48 1 16 5 0 1 0 -1 -1 432 1 -1879048189 233683 432 
0
0
_SURF_BOTTOM_S6
0
2
72
233683 233689 233695 233701 233707 233713 233719 233725 233731 233737 233743 233749 233755 233761 233767 233773 233779 233785 233791 233797 233803 233809 233815 233821 233827 233833 233839 233845 233851 233857 233863 233869 233875 233881 233887 233893 233899 233905 233911 233917 233923 233929 233935 233941 233947 233953 233959 233965 233971 233977 233983 233989 233995 234001 234007 234013 234019 234025 234031 234037 234043 234049 234055 234061 234067 234073 234079 234085 234091 234097 234103 234109 
0
0
_SURF_TOP_S4
0
2
72
233688 233694 233700 233706 233712 233718 233724 233730 233736 233742 233748 233754 233760 233766 233772 233778 233784 233790 233796 233802 233808 233814 233820 233826 233832 233838 233844 233850 233856 233862 233868 233874 233880 233886 233892 233898 233904 233910 233916 233922 233928 233934 233940 233946 233952 233958 233964 233970 233976 233982 233988 233994 234000 234006 234012 234018 234024 234030 234036 234042 234048 234054 234060 234066 234072 234078 234084 234090 234096 234102 234108 234114 
0
0
0
CSEG_11-1
7
 P      11
0
2
14
-2147483647
48 1 16 5 0 1 0 -1 -1 432 1 -1879048189 4503 432 
0
0
 P      11SET_CSEG_ALL_ACTIVE
0
2
14
-2147483647
48 1 16 5 0 1 0 -1 -1 432 1 -1879048189 4503 432 
0
0
FACE_BOTTOM
0
1
144
4503 4506 4509 4512 4515 4518 4521 4524 4527 4530 4533 4536 4539 4542 4545 4548 4551 4554 4557 4560 4563 4566 4569 4572 4575 4578 4581 4584 4587 4590 4593 4596 4599 4602 4605 4608 4611 4614 4617 4620 4623 4626 4629 4632 4635 4638 4641 4644 4647 4650 4653 4656 4659 4662 4665 4668 4671 4674 4677 4680 4683 4686 4689 4692 4695 4698 4701 4704 4707 4710 4713 4716 4719 4722 4725 4728 4731 4734 4737 4740 4743 4746 4749 4752 4755 4758 4761 4764 4767 4770 4773 4776 4779 4782 4785 4788 4791 4794 4797 4800 4803 4806 4809 4812 4815 4818 4821 4824 4827 4830 4833 4836 4839 4842 4845 4848 4851 4854 4857 4860 4863 4866 4869 4872 4875 4878 4881 4884 4887 4890 4893 4896 4899 4902 4905 4908 4911 4914 4917 4920 4923 4926 4929 4932 
0
0
FACE_TOP
0
1
144
4505 4508 4511 4514 4517 4520 4523 4526 4529 4532 4535 4538 4541 4544 4547 4550 4553 4556 4559 4562 4565 4568 4571 4574 4577 4580 4583 4586 4589 4592 4595 4598 4601 4604 4607 4610 4613 4616 4619 4622 4625 4628 4631 4634 4637 4640 4643 4646 4649 4652 4655 4658 4661 4664 4667 4670 4673 4676 4679 4682 4685 4688 4691 4694 4697 4700 4703 4706 4709 4712 4715 4718 4721 4724 4727 4730 4733 4736 4739 4742 4745 4748 4751 4754 4757 4760 4763 4766 4769 4772 4775 4778 4781 4784 4787 4790 4793 4796 4799 4802 4805 4808 4811 4814 4817 4820 4823 4826 4829 4832 4835 4838 4841 4844 4847 4850 4853 4856 4859 4862 4865 4868 4871 4874 4877 4880 4883 4886 4889 4892 4895 4898 4901 4904 4907 4910 4913 4916 4919 4922 4925 4928 4931 4934 
0
0
SET_ALL
0
1
14
-2147483647
48 1 16 5 0 1 0 -1 -1 432 1 -1879048189 4503 432 
0
0
_SURF_BOTTOM_S6
0
2
144
4503 4506 4509 4512 4515 4518 4521 4524 4527 4530 4533 4536 4539 4542 4545 4548 4551 4554 4557 4560 4563 4566 4569 4572 4575 4578 4581 4584 4587 4590 4593 4596 4599 4602 4605 4608 4611 4614 4617 4620 4623 4626 4629 4632 4635 4638 4641 4644 4647 4650 4653 4656 4659 4662 4665 4668 4671 4674 4677 4680 4683 4686 4689 4692 4695 4698 4701 4704 4707 4710 4713 4716 4719 4722 4725 4728 4731 4734 4737 4740 4743 4746 4749 4752 4755 4758 4761 4764 4767 4770 4773 4776 4779 4782 4785 4788 4791 4794 4797 4800 4803 4806 4809 4812 4815 4818 4821 4824 4827 4830 4833 4836 4839 4842 4845 4848 4851 4854 4857 4860 4863 4866 4869 4872 4875 4878 4881 4884 4887 4890 4893 4896 4899 4902 4905 4908 4911 4914 4917 4920 4923 4926 4929 4932 
0
0
_SURF_TOP_S4
0
2
144
4505 4508 4511 4514 4517 4520 4523 4526 4529 4532 4535 4538 4541 4544 4547 4550 4553 4556 4559 4562 4565 4568 4571 4574 4577 4580 4583 4586 4589 4592 4595 4598 4601 4604 4607 4610 4613 4616 4619 4622 4625 4628 4631 4634 4637 4640 4643 4646 4649 4652 4655 4658 4661 4664 4667 4670 4673 4676 4679 4682 4685 4688 4691 4694 4697 4700 4703 4706 4709 4712 4715 4718 4721 4724 4727 4730 4733 4736 4739 4742 4745 4748 4751 4754 4757 4760 4763 4766 4769 4772 4775 4778 4781 4784 4787 4790 4793 4796 4799 4802 4805 4808 4811 4814 4817 4820 4823 4826 4829 4832 4835 4838 4841 4844 4847 4850 4853 4856 4859 4862 4865 4868 4871 4874 4877 4880 4883 4886 4889 4892 4895 4898 4901 4904 4907 4910 4913 4916 4919 4922 4925 4928 4931 4934 
0
0
0
CSEG_13-1
7
 P      13
0
2
14
-2147483647
48 1 16 5 0 1 0 -1 -1 432 1 -1879048189 5367 432 
0
0
 P      13SET_CSEG_ALL_ACTIVE
0
2
14
-2147483647
48 1 16 5 0 1 0 -1 -1 432 1 -1879048189 5367 432 
0
0
FACE_BOTTOM
0
1
144
5367 5370 5373 5376 5379 5382 5385 5388 5391 5394 5397 5400 5403 5406 5409 5412 5415 5418 5421 5424 5427 5430 5433 5436 5439 5442 5445 5448 5451 5454 5457 5460 5463 5466 5469 5472 5475 5478 5481 5484 5487 5490 5493 5496 5499 5502 5505 5508 5511 5514 5517 5520 5523 5526 5529 5532 5535 5538 5541 5544 5547 5550 5553 5556 5559 5562 5565 5568 5571 5574 5577 5580 5583 5586 5589 5592 5595 5598 5601 5604 5607 5610 5613 5616 5619 5622 5625 5628 5631 5634 5637 5640 5643 5646 5649 5652 5655 5658 5661 5664 5667 5670 5673 5676 5679 5682 5685 5688 5691 5694 5697 5700 5703 5706 5709 5712 5715 5718 5721 5724 5727 5730 5733 5736 5739 5742 5745 5748 5751 5754 5757 5760 5763 5766 5769 5772 5775 5778 5781 5784 5787 5790 5793 5796 
0
0
FACE_TOP
0
1
144
5369 5372 5375 5378 5381 5384 5387 5390 5393 5396 5399 5402 5405 5408 5411 5414 5417 5420 5423 5426 5429 5432 5435 5438 5441 5444 5447 5450 5453 5456 5459 5462 5465 5468 5471 5474 5477 5480 5483 5486 5489 5492 5495 5498 5501 5504 5507 5510 5513 5516 5519 5522 5525 5528 5531 5534 5537 5540 5543 5546 5549 5552 5555 5558 5561 5564 5567 5570 5573 5576 5579 5582 5585 5588 5591 5594 5597 5600 5603 5606 5609 5612 5615 5618 5621 5624 5627 5630 5633 5636 5639 5642 5645 5648 5651 5654 5657 5660 5663 5666 5669 5672 5675 5678 5681 5684 5687 5690 5693 5696 5699 5702 5705 5708 5711 5714 5717 5720 5723 5726 5729 5732 5735 5738 5741 5744 5747 5750 5753 5756 5759 5762 5765 5768 5771 5774 5777 5780 5783 5786 5789 5792 5795 5798 
0
0
SET_ALL
0
1
14
-2147483647
48 1 16 5 0 1 0 -1 -1 432 1 -1879048189 5367 432 
0
0
_SURF_BOTTOM_S6
0
2
144
5367 5370 5373 5376 5379 5382 5385 5388 5391 5394 5397 5400 5403 5406 5409 5412 5415 5418 5421 5424 5427 5430 5433 5436 5439 5442 5445 5448 5451 5454 5457 5460 5463 5466 5469 5472 5475 5478 5481 5484 5487 5490 5493 5496 5499 5502 5505 5508 5511 5514 5517 5520 5523 5526 5529 5532 5535 5538 5541 5544 5547 5550 5553 5556 5559 5562 5565 5568 5571 5574 5577 5580 5583 5586 5589 5592 5595 5598 5601 5604 5607 5610 5613 5616 5619 5622 5625 5628 5631 5634 5637 5640 5643 5646 5649 5652 5655 5658 5661 5664 5667 5670 5673 5676 5679 5682 5685 5688 5691 5694 5697 5700 5703 5706 5709 5712 5715 5718 5721 5724 5727 5730 5733 5736 5739 5742 5745 5748 5751 5754 5757 5760 5763 5766 5769 5772 5775 5778 5781 5784 5787 5790 5793 5796 
0
0
_SURF_TOP_S4
0
2
144
5369 5372 5375 5378 5381 5384 5387 5390 5393 5396 5399 5402 5405 5408 5411 5414 5417 5420 5423 5426 5429 5432 5435 5438 5441 5444 5447 5450 5453 5456 5459 5462 5465 5468 5471 5474 5477 5480 5483 5486 5489 5492 5495 5498 5501 5504 5507 5510 5513 5516 5519 5522 5525 5528 5531 5534 5537 5540 5543 5546 5549 5552 5555 5558 5561 5564 5567 5570 5573 5576 5579 5582 5585 5588 5591 5594 5597 5600 5603 5606 5609 5612 5615 5618 5621 5624 5627 5630 5633 5636 5639 5642 5645 5648 5651 5654 5657 5660 5663 5666 5669 5672 5675 5678 5681 5684 5687 5690 5693 5696 5699 5702 5705 5708 5711 5714 5717 5720 5723 5726 5729 5732 5735 5738 5741 5744 5747 5750 5753 5756 5759 5762 5765 5768 5771 5774 5777 5780 5783 5786 5789 5792 5795 5798 
0
0
0
CSEG_15-1
7
 P      15
0
2
14
-2147483647
48 1 16 5 0 1 0 -1 -1 432 1 -1879048189 6231 432 
0
0
 P      15SET_CSEG_ALL_ACTIVE
0
2
14
-2147483647
48 1 16 5 0 1 0 -1 -1 432 1 -1879048189 6231 432 
0
0
FACE_BOTTOM
0
1
144
6231 6234 6237 6240 6243 6246 6249 6252 6255 6258 6261 6264 6267 6270 6273 6276 6279 6282 6285 6288 6291 6294 6297 6300 6303 6306 6309 6312 6315 6318 6321 6324 6327 6330 6333 6336 6339 6342 6345 6348 6351 6354 6357 6360 6363 6366 6369 6372 6375 6378 6381 6384 6387 6390 6393 6396 6399 6402 6405 6408 6411 6414 6417 6420 6423 6426 6429 6432 6435 6438 6441 6444 6447 6450 6453 6456 6459 6462 6465 6468 6471 6474 6477 6480 6483 6486 6489 6492 6495 6498 6501 6504 6507 6510 6513 6516 6519 6522 6525 6528 6531 6534 6537 6540 6543 6546 6549 6552 6555 6558 6561 6564 6567 6570 6573 6576 6579 6582 6585 6588 6591 6594 6597 6600 6603 6606 6609 6612 6615 6618 6621 6624 6627 6630 6633 6636 6639 6642 6645 6648 6651 6654 6657 6660 
0
0
FACE_TOP
0
1
144
6233 6236 6239 6242 6245 6248 6251 6254 6257 6260 6263 6266 6269 6272 6275 6278 6281 6284 6287 6290 6293 6296 6299 6302 6305 6308 6311 6314 6317 6320 6323 6326 6329 6332 6335 6338 6341 6344 6347 6350 6353 6356 6359 6362 6365 6368 6371 6374 6377 6380 6383 6386 6389 6392 6395 6398 6401 6404 6407 6410 6413 6416 6419 6422 6425 6428 6431 6434 6437 6440 6443 6446 6449 6452 6455 6458 6461 6464 6467 6470 6473 6476 6479 6482 6485 6488 6491 6494 6497 6500 6503 6506 6509 6512 6515 6518 6521 6524 6527 6530 6533 6536 6539 6542 6545 6548 6551 6554 6557 6560 6563 6566 6569 6572 6575 6578 6581 6584 6587 6590 6593 6596 6599 6602 6605 6608 6611 6614 6617 6620 6623 6626 6629 6632 6635 6638 6641 6644 6647 6650 6653 6656 6659 6662 
0
0
SET_ALL
0
1
14
-2147483647
48 1 16 5 0 1 0 -1 -1 432 1 -1879048189 6231 432 
0
0
_SURF_BOTTOM_S6
0
2
144
6231 6234 6237 6240 6243 6246 6249 6252 6255 6258 6261 6264 6267 6270 6273 6276 6279 6282 6285 6288 6291 6294 6297 6300 6303 6306 6309 6312 6315 6318 6321 6324 6327 6330 6333 6336 6339 6342 6345 6348 6351 6354 6357 6360 6363 6366 6369 6372 6375 6378 6381 6384 6387 6390 6393 6396 6399 6402 6405 6408 6411 6414 6417 6420 6423 6426 6429 6432 6435 6438 6441 6444 6447 6450 6453 6456 6459 6462 6465 6468 6471 6474 6477 6480 6483 6486 6489 6492 6495 6498 6501 6504 6507 6510 6513 6516 6519 6522 6525 6528 6531 6534 6537 6540 6543 6546 6549 6552 6555 6558 6561 6564 6567 6570 6573 6576 6579 6582 6585 6588 6591 6594 6597 6600 6603 6606 6609 6612 6615 6618 6621 6624 6627 6630 6633 6636 6639 6642 6645 6648 6651 6654 6657 6660 
0
0
_SURF_TOP_S4
0
2
144
6233 6236 6239 6242 6245 6248 6251 6254 6257 6260 6263 6266 6269 6272 6275 6278 6281 6284 6287 6290 6293 6296 6299 6302 6305 6308 6311 6314 6317 6320 6323 6326 6329 6332 6335 6338 6341 6344 6347 6350 6353 6356 6359 6362 6365 6368 6371 6374 6377 6380 6383 6386 6389 6392 6395 6398 6401 6404 6407 6410 6413 6416 6419 6422 6425 6428 6431 6434 6437 6440 6443 6446 6449 6452 6455 6458 6461 6464 6467 6470 6473 6476 6479 6482 6485 6488 6491 6494 6497 6500 6503 6506 6509 6512 6515 6518 6521 6524 6527 6530 6533 6536 6539 6542 6545 6548 6551 6554 6557 6560 6563 6566 6569 6572 6575 6578 6581 6584 6587 6590 6593 6596 6599 6602 6605 6608 6611 6614 6617 6620 6623 6626 6629 6632 6635 6638 6641 6644 6647 6650 6653 6656 6659 6662 
0
0
0
CSEG_17-1
7
 P      17
0
2
14
-2147483647
48 1 16 5 0 1 0 -1 -1 432 1 -1879048189 7095 432 
0
0
 P      17SET_CSEG_ALL_ACTIVE
0
2
14
-2147483647
48 1 16 5 0 1 0 -1 -1 432 1 -1879048189 7095 432 
0
0
FACE_BOTTOM
0
1
144
7095 7098 7101 7104 7107 7110 7113 7116 7119 7122 7125 7128 7131 7134 7137 7140 7143 7146 7149 7152 7155 7158 7161 7164 7167 7170 7173 7176 7179 7182 7185 7188 7191 7194 7197 7200 7203 7206 7209 7212 7215 7218 7221 7224 7227 7230 7233 7236 7239 7242 7245 7248 7251 7254 7257 7260 7263 7266 7269 7272 7275 7278 7281 7284 7287 7290 7293 7296 7299 7302 7305 7308 7311 7314 7317 7320 7323 7326 7329 7332 7335 7338 7341 7344 7347 7350 7353 7356 7359 7362 7365 7368 7371 7374 7377 7380 7383 7386 7389 7392 7395 7398 7401 7404 7407 7410 7413 7416 7419 7422 7425 7428 7431 7434 7437 7440 7443 7446 7449 7452 7455 7458 7461 7464 7467 7470 7473 7476 7479 7482 7485 7488 7491 7494 7497 7500 7503 7506 7509 7512 7515 7518 7521 7524 
0
0
FACE_TOP
0
1
144
7097 7100 7103 7106 7109 7112 7115 7118 7121 7124 7127 7130 7133 7136 7139 7142 7145 7148 7151 7154 7157 7160 7163 7166 7169 7172 7175 7178 7181 7184 7187 7190 7193 7196 7199 7202 7205 7208 7211 7214 7217 7220 7223 7226 7229 7232 7235 7238 7241 7244 7247 7250 7253 7256 7259 7262 7265 7268 7271 7274 7277 7280 7283 7286 7289 7292 7295 7298 7301 7304 7307 7310 7313 7316 7319 7322 7325 7328 7331 7334 7337 7340 7343 7346 7349 7352 7355 7358 7361 7364 7367 7370 7373 7376 7379 7382 7385 7388 7391 7394 7397 7400 7403 7406 7409 7412 7415 7418 7421 7424 7427 7430 7433 7436 7439 7442 7445 7448 7451 7454 7457 7460 7463 7466 7469 7472 7475 7478 7481 7484 7487 7490 7493 7496 7499 7502 7505 7508 7511 7514 7517 7520 7523 7526 
0
0
SET_ALL
0
1
14
-2147483647
48 1 16 5 0 1 0 -1 -1 432 1 -1879048189 7095 432 
0
0
_SURF_BOTTOM_S6
0
2
144
7095 7098 7101 7104 7107 7110 7113 7116 7119 7122 7125 7128 7131 7134 7137 7140 7143 7146 7149 7152 7155 7158 7161 7164 7167 7170 7173 7176 7179 7182 7185 7188 7191 7194 7197 7200 7203 7206 7209 7212 7215 7218 7221 7224 7227 7230 7233 7236 7239 7242 7245 7248 7251 7254 7257 7260 7263 7266 7269 7272 7275 7278 7281 7284 7287 7290 7293 7296 7299 7302 7305 7308 7311 7314 7317 7320 7323 7326 7329 7332 7335 7338 7341 7344 7347 7350 7353 7356 7359 7362 7365 7368 7371 7374 7377 7380 7383 7386 7389 7392 7395 7398 7401 7404 7407 7410 7413 7416 7419 7422 7425 7428 7431 7434 7437 7440 7443 7446 7449 7452 7455 7458 7461 7464 7467 7470 7473 7476 7479 7482 7485 7488 7491 7494 7497 7500 7503 7506 7509 7512 7515 7518 7521 7524 
0
0
_SURF_TOP_S4
0
2
144
7097 7100 7103 7106 7109 7112 7115 7118 7121 7124 7127 7130 7133 7136 7139 7142 7145 7148 7151 7154 7157 7160 7163 7166 7169 7172 7175 7178 7181 7184 7187 7190 7193 7196 7199 7202 7205 7208 7211 7214 7217 7220 7223 7226 7229 7232 7235 7238 7241 7244 7247 7250 7253 7256 7259 7262 7265 7268 7271 7274 7277 7280 7283 7286 7289 7292 7295 7298 7301 7304 7307 7310 7313 7316 7319 7322 7325 7328 7331 7334 7337 7340 7343 7346 7349 7352 7355 7358 7361 7364 7367 7370 7373 7376 7379 7382 7385 7388 7391 7394 7397 7400 7403 7406 7409 7412 7415 7418 7421 7424 7427 7430 7433 7436 7439 7442 7445 7448 7451 7454 7457 7460 7463 7466 7469 7472 7475 7478 7481 7484 7487 7490 7493 7496 7499 7502 7505 7508 7511 7514 7517 7520 7523 7526 
0
0
0
CSEG_19-1
7
 P      19
0
2
14
-2147483647
48 1 16 5 0 1 0 -1 -1 432 1 -1879048189 7959 432 
0
0
 P      19SET_CSEG_ALL_ACTIVE
0
2
14
-2147483647
48 1 16 5 0 1 0 -1 -1 432 1 -1879048189 7959 432 
0
0
FACE_BOTTOM
0
1
144
7959 7962 7965 7968 7971 7974 7977 7980 7983 7986 7989 7992 7995 7998 8001 8004 8007 8010 8013 8016 8019 8022 8025 8028 8031 8034 8037 8040 8043 8046 8049 8052 8055 8058 8061 8064 8067 8070 8073 8076 8079 8082 8085 8088 8091 8094 8097 8100 8103 8106 8109 8112 8115 8118 8121 8124 8127 8130 8133 8136 8139 8142 8145 8148 8151 8154 8157 8160 8163 8166 8169 8172 8175 8178 8181 8184 8187 8190 8193 8196 8199 8202 8205 8208 8211 8214 8217 8220 8223 8226 8229 8232 8235 8238 8241 8244 8247 8250 8253 8256 8259 8262 8265 8268 8271 8274 8277 8280 8283 8286 8289 8292 8295 8298 8301 8304 8307 8310 8313 8316 8319 8322 8325 8328 8331 8334 8337 8340 8343 8346 8349 8352 8355 8358 8361 8364 8367 8370 8373 8376 8379 8382 8385 8388 
0
0
FACE_TOP
0
1
144
7961 7964 7967 7970 7973 7976 7979 7982 7985 7988 7991 7994 7997 8000 8003 8006 8009 8012 8015 8018 8021 8024 8027 8030 8033 8036 8039 8042 8045 8048 8051 8054 8057 8060 8063 8066 8069 8072 8075 8078 8081 8084 8087 8090 8093 8096 8099 8102 8105 8108 8111 8114 8117 8120 8123 8126 8129 8132 8135 8138 8141 8144 8147 8150 8153 8156 8159 8162 8165 8168 8171 8174 8177 8180 8183 8186 8189 8192 8195 8198 8201 8204 8207 8210 8213 8216 8219 8222 8225 8228 8231 8234 8237 8240 8243 8246 8249 8252 8255 8258 8261 8264 8267 8270 8273 8276 8279 8282 8285 8288 8291 8294 8297 8300 8303 8306 8309 8312 8315 8318 8321 8324 8327 8330 8333 8336 8339 8342 8345 8348 8351 8354 8357 8360 8363 8366 8369 8372 8375 8378 8381 8384 8387 8390 
0
0
SET_ALL
0
1
14
-2147483647
48 1 16 5 0 1 0 -1 -1 432 1 -1879048189 7959 432 
0
0
_SURF_BOTTOM_S6
0
2
144
7959 7962 7965 7968 7971 7974 7977 7980 7983 7986 7989 7992 7995 7998 8001 8004 8007 8010 8013 8016 8019 8022 8025 8028 8031 8034 8037 8040 8043 8046 8049 8052 8055 8058 8061 8064 8067 8070 8073 8076 8079 8082 8085 8088 8091 8094 8097 8100 8103 8106 8109 8112 8115 8118 8121 8124 8127 8130 8133 8136 8139 8142 8145 8148 8151 8154 8157 8160 8163 8166 8169 8172 8175 8178 8181 8184 8187 8190 8193 8196 8199 8202 8205 8208 8211 8214 8217 8220 8223 8226 8229 8232 8235 8238 8241 8244 8247 8250 8253 8256 8259 8262 8265 8268 8271 8274 8277 8280 8283 8286 8289 8292 8295 8298 8301 8304 8307 8310 8313 8316 8319 8322 8325 8328 8331 8334 8337 8340 8343 8346 8349 8352 8355 8358 8361 8364 8367 8370 8373 8376 8379 8382 8385 8388 
0
0
_SURF_TOP_S4
0
2
144
7961 7964 7967 7970 7973 7976 7979 7982 7985 7988 7991 7994 7997 8000 8003 8006 8009 8012 8015 8018 8021 8024 8027 8030 8033 8036 8039 8042 8045 8048 8051 8054 8057 8060 8063 8066 8069 8072 8075 8078 8081 8084 8087 8090 8093 8096 8099 8102 8105 8108 8111 8114 8117 8120 8123 8126 8129 8132 8135 8138 8141 8144 8147 8150 8153 8156 8159 8162 8165 8168 8171 8174 8177 8180 8183 8186 8189 8192 8195 8198 8201 8204 8207 8210 8213 8216 8219 8222 8225 8228 8231 8234 8237 8240 8243 8246 8249 8252 8255 8258 8261 8264 8267 8270 8273 8276 8279 8282 8285 8288 8291 8294 8297 8300 8303 8306 8309 8312 8315 8318 8321 8324 8327 8330 8333 8336 8339 8342 8345 8348 8351 8354 8357 8360 8363 8366 8369 8372 8375 8378 8381 8384 8387 8390 
0
0
0
CSEG_31-1
7
 P      31
0
2
14
-2147483647
48 1 16 5 0 1 0 -1 -1 432 1 -1879048189 13143 432 
0
0
 P      31SET_CSEG_ALL_ACTIVE
0
2
14
-2147483647
48 1 16 5 0 1 0 -1 -1 432 1 -1879048189 13143 432 
0
0
FACE_BOTTOM
0
1
144
13143 13146 13149 13152 13155 13158 13161 13164 13167 13170 13173 13176 13179 13182 13185 13188 13191 13194 13197 13200 13203 13206 13209 13212 13215 13218 13221 13224 13227 13230 13233 13236 13239 13242 13245 13248 13251 13254 13257 13260 13263 13266 13269 13272 13275 13278 13281 13284 13287 13290 13293 13296 13299 13302 13305 13308 13311 13314 13317 13320 13323 13326 13329 13332 13335 13338 13341 13344 13347 13350 13353 13356 13359 13362 13365 13368 13371 13374 13377 13380 13383 13386 13389 13392 13395 13398 13401 13404 13407 13410 13413 13416 13419 13422 13425 13428 13431 13434 13437 13440 13443 13446 13449 13452 13455 13458 13461 13464 13467 13470 13473 13476 13479 13482 13485 13488 13491 13494 13497 13500 13503 13506 13509 13512 13515 13518 13521 13524 13527 13530 13533 13536 13539 13542 13545 13548 13551 13554 13557 13560 13563 13566 13569 13572 
0
0
FACE_TOP
0
1
144
13145 13148 13151 13154 13157 13160 13163 13166 13169 13172 13175 13178 13181 13184 13187 13190 13193 13196 13199 13202 13205 13208 13211 13214 13217 13220 13223 13226 13229 13232 13235 13238 13241 13244 13247 13250 13253 13256 13259 13262 13265 13268 13271 13274 13277 13280 13283 13286 13289 13292 13295 13298 13301 13304 13307 13310 13313 13316 13319 13322 13325 13328 13331 13334 13337 13340 13343 13346 13349 13352 13355 13358 13361 13364 13367 13370 13373 13376 13379 13382 13385 13388 13391 13394 13397 13400 13403 13406 13409 13412 13415 13418 13421 13424 13427 13430 13433 13436 13439 13442 13445 13448 13451 13454 13457 13460 13463 13466 13469 13472 13475 13478 13481 13484 13487 13490 13493 13496 13499 13502 13505 13508 13511 13514 13517 13520 13523 13526 13529 13532 13535 13538 13541 13544 13547 13550 13553 13556 13559 13562 13565 13568 13571 13574 
0
0
SET_ALL
0
1
14
-2147483647
48 1 16 5 0 1 0 -1 -1 432 1 -1879048189 13143 432 
0
0
_SURF_BOTTOM_S6
0
2
144
13143 13146 13149 13152 13155 13158 13161 13164 13167 13170 13173 13176 13179 13182 13185 13188 13191 13194 13197 13200 13203 13206 13209 13212 13215 13218 13221 13224 13227 13230 13233 13236 13239 13242 13245 13248 13251 13254 13257 13260 13263 13266 13269 13272 13275 13278 13281 13284 13287 13290 13293 13296 13299 13302 13305 13308 13311 13314 13317 13320 13323 13326 13329 13332 13335 13338 13341 13344 13347 13350 13353 13356 13359 13362 13365 13368 13371 13374 13377 13380 13383 13386 13389 13392 13395 13398 13401 13404 13407 13410 13413 13416 13419 13422 13425 13428 13431 13434 13437 13440 13443 13446 13449 13452 13455 13458 13461 13464 13467 13470 13473 13476 13479 13482 13485 13488 13491 13494 13497 13500 13503 13506 13509 13512 13515 13518 13521 13524 13527 13530 13533 13536 13539 13542 13545 13548 13551 13554 13557 13560 13563 13566 13569 13572 
0
0
_SURF_TOP_S4
0
2
144
13145 13148 13151 13154 13157 13160 13163 13166 13169 13172 13175 13178 13181 13184 13187 13190 13193 13196 13199 13202 13205 13208 13211 13214 13217 13220 13223 13226 13229 13232 13235 13238 13241 13244 13247 13250 13253 13256 13259 13262 13265 13268 13271 13274 13277 13280 13283 13286 13289 13292 13295 13298 13301 13304 13307 13310 13313 13316 13319 13322 13325 13328 13331 13334 13337 13340 13343 13346 13349 13352 13355 13358 13361 13364 13367 13370 13373 13376 13379 13382 13385 13388 13391 13394 13397 13400 13403 13406 13409 13412 13415 13418 13421 13424 13427 13430 13433 13436 13439 13442 13445 13448 13451 13454 13457 13460 13463 13466 13469 13472 13475 13478 13481 13484 13487 13490 13493 13496 13499 13502 13505 13508 13511 13514 13517 13520 13523 13526 13529 13532 13535 13538 13541 13544 13547 13550 13553 13556 13559 13562 13565 13568 13571 13574 
0
0
0
164

0
2
0
69

63
2 3 4 5 6 7 8 9 10 11 12 13 14 15 16 17 18 19 20 21 22 23 24 25 26 27 28 29 30 31 32 33 34 35 36 37 38 39 40 41 42 43 44 45 46 47 48 49 50 51 52 53 54 55 56 57 58 59 60 61 62 63 64 
HOOP_TIE_CAGE_T046-1
14
-2147483647
48 1 16 5 0 1 0 -1 -1 201456 1 -1879048189 26849 201456 
PT_36X15P2-1
72
228305 228306 228307 228308 228309 228310 228311 228312 228313 228314 228315 228316 228317 228318 228319 228320 228321 228322 228323 228324 228325 228326 228327 228328 228329 228330 228331 228332 228333 228334 228335 228336 228337 228338 228339 228340 228341 228342 228343 228344 228345 228346 228347 228348 228349 228350 228351 228352 228353 228354 228355 228356 228357 228358 228359 228360 228361 228362 228363 228364 228365 228366 228367 228368 228369 228370 228371 228372 228373 228374 228375 228376 
RBLONG_01-1
14
-2147483647
48 1 16 5 0 1 0 -1 -1 432 1 -1879048189 228377 432 
RBLONG_02-1
14
-2147483647
48 1 16 5 0 1 0 -1 -1 432 1 -1879048189 228809 432 
RBLONG_03-1
14
-2147483647
48 1 16 5 0 1 0 -1 -1 432 1 -1879048189 229241 432 
RBLONG_04-1
14
-2147483647
48 1 16 5 0 1 0 -1 -1 432 1 -1879048189 229673 432 
RBLONG_06-1
14
-2147483647
48 1 16 5 0 1 0 -1 -1 384 1 -1879048189 230489 384 
RBLONG_08-1
14
-2147483647
48 1 16 5 0 1 0 -1 -1 384 1 -1879048189 231257 384 
RBLONG_20-1
14
-2147483647
48 1 16 5 0 1 0 -1 -1 336 1 -1879048189 235577 336 
RBLONG_22-1
14
-2147483647
48 1 16 5 0 1 0 -1 -1 304 1 -1879048189 236217 304 
RBLONG_24-1
14
-2147483647
48 1 16 5 0 1 0 -1 -1 304 1 -1879048189 236825 304 
RBLONG_26-1
14
-2147483647
48 1 16 5 0 1 0 -1 -1 304 1 -1879048189 237433 304 
RBLONG_28-1
14
-2147483647
48 1 16 5 0 1 0 -1 -1 304 1 -1879048189 238041 304 
RBLONG_10-1
14
-2147483647
48 1 16 5 0 1 0 -1 -1 384 1 -1879048189 232025 384 
RBLONG_12-1
14
-2147483647
48 1 16 5 0 1 0 -1 -1 360 1 -1879048189 232793 360 
RBLONG_14-1
14
-2147483647
48 1 16 5 0 1 0 -1 -1 360 1 -1879048189 233513 360 
RBLONG_16-1
14
-2147483647
48 1 16 5 0 1 0 -1 -1 336 1 -1879048189 234233 336 
RBLONG_18-1
14
-2147483647
48 1 16 5 0 1 0 -1 -1 336 1 -1879048189 234905 336 
RBLONG_30-1
14
-2147483647
48 1 16 5 0 1 0 -1 -1 304 1 -1879048189 238649 304 
RBLONG_05-1
14
-2147483647
48 1 16 5 0 1 0 -1 -1 384 1 -1879048189 230105 384 
RBLONG_07-1
14
-2147483647
48 1 16 5 0 1 0 -1 -1 384 1 -1879048189 230873 384 
RBLONG_09-1
14
-2147483647
48 1 16 5 0 1 0 -1 -1 384 1 -1879048189 231641 384 
RBLONG_21-1
14
-2147483647
48 1 16 5 0 1 0 -1 -1 304 1 -1879048189 235913 304 
RBLONG_23-1
14
-2147483647
48 1 16 5 0 1 0 -1 -1 304 1 -1879048189 236521 304 
RBLONG_25-1
14
-2147483647
48 1 16 5 0 1 0 -1 -1 304 1 -1879048189 237129 304 
RBLONG_27-1
14
-2147483647
48 1 16 5 0 1 0 -1 -1 304 1 -1879048189 237737 304 
RBLONG_29-1
14
-2147483647
48 1 16 5 0 1 0 -1 -1 304 1 -1879048189 238345 304 
RBLONG_11-1
14
-2147483647
48 1 16 5 0 1 0 -1 -1 384 1 -1879048189 232409 384 
RBLONG_13-1
14
-2147483647
48 1 16 5 0 1 0 -1 -1 360 1 -1879048189 233153 360 
RBLONG_15-1
14
-2147483647
48 1 16 5 0 1 0 -1 -1 360 1 -1879048189 233873 360 
RBLONG_17-1
14
-2147483647
48 1 16 5 0 1 0 -1 -1 336 1 -1879048189 234569 336 
RBLONG_19-1
14
-2147483647
48 1 16 5 0 1 0 -1 -1 336 1 -1879048189 235241 336 
RBLONG_31-1
14
-2147483647
48 1 16 5 0 1 0 -1 -1 304 1 -1879048189 238953 304 
CSEG_01-1
14
-2147483647
48 1 16 5 0 1 0 -1 -1 864 1 -1879048189 65 864 
CSEG_02-1
14
-2147483647
48 1 16 5 0 1 0 -1 -1 864 1 -1879048189 929 864 
CSEG_03-1
14
-2147483647
48 1 16 5 0 1 0 -1 -1 864 1 -1879048189 1793 864 
CSEG_04-1
14
-2147483647
48 1 16 5 0 1 0 -1 -1 864 1 -1879048189 2657 864 
CSEG_05-1
14
-2147483647
48 1 16 5 0 1 0 -1 -1 864 1 -1879048189 3521 864 
CSEG_06-1
14
-2147483647
48 1 16 5 0 1 0 -1 -1 864 1 -1879048189 4385 864 
CSEG_08-1
14
-2147483647
48 1 16 5 0 1 0 -1 -1 864 1 -1879048189 6113 864 
CSEG_20-1
14
-2147483647
48 1 16 5 0 1 0 -1 -1 864 1 -1879048189 16481 864 
CSEG_22-1
14
-2147483647
48 1 16 5 0 1 0 -1 -1 864 1 -1879048189 18209 864 
CSEG_24-1
14
-2147483647
48 1 16 5 0 1 0 -1 -1 864 1 -1879048189 19937 864 
CSEG_26-1
14
-2147483647
48 1 16 5 0 1 0 -1 -1 864 1 -1879048189 21665 864 
CSEG_28-1
14
-2147483647
48 1 16 5 0 1 0 -1 -1 864 1 -1879048189 23393 864 
SSEG_02-1
14
-2147483647
48 1 16 5 0 1 0 -1 -1 756 1 -1879048189 240013 756 
SSEG_04-1
14
-2147483647
48 1 16 5 0 1 0 -1 -1 756 1 -1879048189 241525 756 
CSEG_10-1
14
-2147483647
48 1 16 5 0 1 0 -1 -1 864 1 -1879048189 7841 864 
CSEG_12-1
14
-2147483647
48 1 16 5 0 1 0 -1 -1 864 1 -1879048189 9569 864 
CSEG_14-1
14
-2147483647
48 1 16 5 0 1 0 -1 -1 864 1 -1879048189 11297 864 
CSEG_16-1
14
-2147483647
48 1 16 5 0 1 0 -1 -1 864 1 -1879048189 13025 864 
CSEG_18-1
14
-2147483647
48 1 16 5 0 1 0 -1 -1 864 1 -1879048189 14753 864 
CSEG_30-1
14
-2147483647
48 1 16 5 0 1 0 -1 -1 864 1 -1879048189 25121 864 
CSEG_07-1
14
-2147483647
48 1 16 5 0 1 0 -1 -1 864 1 -1879048189 5249 864 
CSEG_09-1
14
-2147483647
48 1 16 5 0 1 0 -1 -1 864 1 -1879048189 6977 864 
CSEG_21-1
14
-2147483647
48 1 16 5 0 1 0 -1 -1 864 1 -1879048189 17345 864 
CSEG_23-1
14
-2147483647
48 1 16 5 0 1 0 -1 -1 864 1 -1879048189 19073 864 
CSEG_25-1
14
-2147483647
48 1 16 5 0 1 0 -1 -1 864 1 -1879048189 20801 864 
CSEG_27-1
14
-2147483647
48 1 16 5 0 1 0 -1 -1 864 1 -1879048189 22529 864 
CSEG_29-1
14
-2147483647
48 1 16 5 0 1 0 -1 -1 864 1 -1879048189 24257 864 
SSEG_01-1
14
-2147483647
48 1 16 5 0 1 0 -1 -1 756 1 -1879048189 239257 756 
SSEG_03-1
14
-2147483647
48 1 16 5 0 1 0 -1 -1 756 1 -1879048189 240769 756 
CSEG_11-1
14
-2147483647
48 1 16 5 0 1 0 -1 -1 864 1 -1879048189 8705 864 
CSEG_13-1
14
-2147483647
48 1 16 5 0 1 0 -1 -1 864 1 -1879048189 10433 864 
CSEG_15-1
14
-2147483647
48 1 16 5 0 1 0 -1 -1 864 1 -1879048189 12161 864 
CSEG_17-1
14
-2147483647
48 1 16 5 0 1 0 -1 -1 864 1 -1879048189 13889 864 
CSEG_19-1
14
-2147483647
48 1 16 5 0 1 0 -1 -1 864 1 -1879048189 15617 864 
CSEG_31-1
14
-2147483647
48 1 16 5 0 1 0 -1 -1 864 1 -1879048189 25985 864 
0
SET_CSEG_ALL_ACTIVE
0
1
0
31
CSEG_01-1
14
-2147483647
48 1 16 5 0 1 0 -1 -1 864 1 -1879048189 65 864 
CSEG_03-1
14
-2147483647
48 1 16 5 0 1 0 -1 -1 864 1 -1879048189 1793 864 
CSEG_05-1
14
-2147483647
48 1 16 5 0 1 0 -1 -1 864 1 -1879048189 3521 864 
CSEG_10-1
14
-2147483647
48 1 16 5 0 1 0 -1 -1 864 1 -1879048189 7841 864 
CSEG_11-1
14
-2147483647
48 1 16 5 0 1 0 -1 -1 864 1 -1879048189 8705 864 
CSEG_13-1
14
-2147483647
48 1 16 5 0 1 0 -1 -1 864 1 -1879048189 10433 864 
CSEG_12-1
14
-2147483647
48 1 16 5 0 1 0 -1 -1 864 1 -1879048189 9569 864 
CSEG_02-1
14
-2147483647
48 1 16 5 0 1 0 -1 -1 864 1 -1879048189 929 864 
CSEG_04-1
14
-2147483647
48 1 16 5 0 1 0 -1 -1 864 1 -1879048189 2657 864 
CSEG_06-1
14
-2147483647
48 1 16 5 0 1 0 -1 -1 864 1 -1879048189 4385 864 
CSEG_08-1
14
-2147483647
48 1 16 5 0 1 0 -1 -1 864 1 -1879048189 6113 864 
CSEG_20-1
14
-2147483647
48 1 16 5 0 1 0 -1 -1 864 1 -1879048189 16481 864 
CSEG_22-1
14
-2147483647
48 1 16 5 0 1 0 -1 -1 864 1 -1879048189 18209 864 
CSEG_24-1
14
-2147483647
48 1 16 5 0 1 0 -1 -1 864 1 -1879048189 19937 864 
CSEG_26-1
14
-2147483647
48 1 16 5 0 1 0 -1 -1 864 1 -1879048189 21665 864 
CSEG_28-1
14
-2147483647
48 1 16 5 0 1 0 -1 -1 864 1 -1879048189 23393 864 
CSEG_14-1
14
-2147483647
48 1 16 5 0 1 0 -1 -1 864 1 -1879048189 11297 864 
CSEG_16-1
14
-2147483647
48 1 16 5 0 1 0 -1 -1 864 1 -1879048189 13025 864 
CSEG_18-1
14
-2147483647
48 1 16 5 0 1 0 -1 -1 864 1 -1879048189 14753 864 
CSEG_30-1
14
-2147483647
48 1 16 5 0 1 0 -1 -1 864 1 -1879048189 25121 864 
CSEG_07-1
14
-2147483647
48 1 16 5 0 1 0 -1 -1 864 1 -1879048189 5249 864 
CSEG_15-1
14
-2147483647
48 1 16 5 0 1 0 -1 -1 864 1 -1879048189 12161 864 
CSEG_09-1
14
-2147483647
48 1 16 5 0 1 0 -1 -1 864 1 -1879048189 6977 864 
CSEG_21-1
14
-2147483647
48 1 16 5 0 1 0 -1 -1 864 1 -1879048189 17345 864 
CSEG_23-1
14
-2147483647
48 1 16 5 0 1 0 -1 -1 864 1 -1879048189 19073 864 
CSEG_25-1
14
-2147483647
48 1 16 5 0 1 0 -1 -1 864 1 -1879048189 20801 864 
CSEG_27-1
14
-2147483647
48 1 16 5 0 1 0 -1 -1 864 1 -1879048189 22529 864 
CSEG_29-1
14
-2147483647
48 1 16 5 0 1 0 -1 -1 864 1 -1879048189 24257 864 
CSEG_17-1
14
-2147483647
48 1 16 5 0 1 0 -1 -1 864 1 -1879048189 13889 864 
CSEG_19-1
14
-2147483647
48 1 16 5 0 1 0 -1 -1 864 1 -1879048189 15617 864 
CSEG_31-1
14
-2147483647
48 1 16 5 0 1 0 -1 -1 864 1 -1879048189 25985 864 
0
SET_FLANGE_RP
0
1
1
62 
0
0
SET_J01_LO_RP
0
1
1
2 
0
0
SET_J01_UP_RP
0
1
1
3 
0
0
SET_J02_LO_RP
0
1
1
4 
0
0
SET_J02_UP_RP
0
1
1
5 
0
0
SET_J03_LO_RP
0
1
1
6 
0
0
SET_J03_UP_RP
0
1
1
7 
0
0
SET_J04_LO_RP
0
1
1
8 
0
0
SET_J04_UP_RP
0
1
1
9 
0
0
SET_J05_LO_RP
0
1
1
10 
0
0
SET_J05_UP_RP
0
1
1
11 
0
0
SET_J06_LO_RP
0
1
1
12 
0
0
SET_J06_UP_RP
0
1
1
13 
0
0
SET_J07_LO_RP
0
1
1
14 
0
0
SET_J07_UP_RP
0
1
1
15 
0
0
SET_J08_LO_RP
0
1
1
16 
0
0
SET_J08_UP_RP
0
1
1
17 
0
0
SET_J09_LO_RP
0
1
1
18 
0
0
SET_J09_UP_RP
0
1
1
19 
0
0
SET_J10_LO_RP
0
1
1
20 
0
0
SET_J10_UP_RP
0
1
1
21 
0
0
SET_J11_LO_RP
0
1
1
22 
0
0
SET_J11_UP_RP
0
1
1
23 
0
0
SET_J12_LO_RP
0
1
1
24 
0
0
SET_J12_UP_RP
0
1
1
25 
0
0
SET_J13_LO_RP
0
1
1
26 
0
0
SET_J13_UP_RP
0
1
1
27 
0
0
SET_J14_LO_RP
0
1
1
28 
0
0
SET_J14_UP_RP
0
1
1
29 
0
0
SET_J15_LO_RP
0
1
1
30 
0
0
SET_J15_UP_RP
0
1
1
31 
0
0
SET_J16_LO_RP
0
1
1
32 
0
0
SET_J16_UP_RP
0
1
1
33 
0
0
SET_J17_LO_RP
0
1
1
34 
0
0
SET_J17_UP_RP
0
1
1
35 
0
0
SET_J18_LO_RP
0
1
1
36 
0
0
SET_J18_UP_RP
0
1
1
37 
0
0
SET_J19_LO_RP
0
1
1
38 
0
0
SET_J19_UP_RP
0
1
1
39 
0
0
SET_J20_LO_RP
0
1
1
40 
0
0
SET_J20_UP_RP
0
1
1
41 
0
0
SET_J21_LO_RP
0
1
1
42 
0
0
SET_J21_UP_RP
0
1
1
43 
0
0
SET_J22_LO_RP
0
1
1
44 
0
0
SET_J22_UP_RP
0
1
1
45 
0
0
SET_J23_LO_RP
0
1
1
46 
0
0
SET_J23_UP_RP
0
1
1
47 
0
0
SET_J24_LO_RP
0
1
1
48 
0
0
SET_J24_UP_RP
0
1
1
49 
0
0
SET_J25_LO_RP
0
1
1
50 
0
0
SET_J25_UP_RP
0
1
1
51 
0
0
SET_J26_LO_RP
0
1
1
52 
0
0
SET_J26_UP_RP
0
1
1
53 
0
0
SET_J27_LO_RP
0
1
1
54 
0
0
SET_J27_UP_RP
0
1
1
55 
0
0
SET_J28_LO_RP
0
1
1
56 
0
0
SET_J28_UP_RP
0
1
1
57 
0
0
SET_J29_LO_RP
0
1
1
58 
0
0
SET_J29_UP_RP
0
1
1
59 
0
0
SET_J30_LO_RP
0
1
1
60 
0
0
SET_J30_UP_RP
0
1
1
61 
0
0
SET_PT_TOP_NODE_01
0
1
0
1
PT_36X15P2-1
1
228306 
0
SET_PT_TOP_NODE_02
0
1
0
1
PT_36X15P2-1
1
228308 
0
SET_PT_TOP_NODE_03
0
1
0
1
PT_36X15P2-1
1
228310 
0
SET_PT_TOP_NODE_04
0
1
0
1
PT_36X15P2-1
1
228312 
0
SET_PT_TOP_NODE_05
0
1
0
1
PT_36X15P2-1
1
228314 
0
SET_PT_TOP_NODE_06
0
1
0
1
PT_36X15P2-1
1
228316 
0
SET_PT_TOP_NODE_07
0
1
0
1
PT_36X15P2-1
1
228318 
0
SET_PT_TOP_NODE_08
0
1
0
1
PT_36X15P2-1
1
228320 
0
SET_PT_TOP_NODE_09
0
1
0
1
PT_36X15P2-1
1
228322 
0
SET_PT_TOP_NODE_10
0
1
0
1
PT_36X15P2-1
1
228324 
0
SET_PT_TOP_NODE_11
0
1
0
1
PT_36X15P2-1
1
228326 
0
SET_PT_TOP_NODE_12
0
1
0
1
PT_36X15P2-1
1
228328 
0
SET_PT_TOP_NODE_13
0
1
0
1
PT_36X15P2-1
1
228330 
0
SET_PT_TOP_NODE_14
0
1
0
1
PT_36X15P2-1
1
228332 
0
SET_PT_TOP_NODE_15
0
1
0
1
PT_36X15P2-1
1
228334 
0
SET_PT_TOP_NODE_16
0
1
0
1
PT_36X15P2-1
1
228336 
0
SET_PT_TOP_NODE_17
0
1
0
1
PT_36X15P2-1
1
228338 
0
SET_PT_TOP_NODE_18
0
1
0
1
PT_36X15P2-1
1
228340 
0
SET_PT_TOP_NODE_19
0
1
0
1
PT_36X15P2-1
1
228342 
0
SET_PT_TOP_NODE_20
0
1
0
1
PT_36X15P2-1
1
228344 
0
SET_PT_TOP_NODE_21
0
1
0
1
PT_36X15P2-1
1
228346 
0
SET_PT_TOP_NODE_22
0
1
0
1
PT_36X15P2-1
1
228348 
0
SET_PT_TOP_NODE_23
0
1
0
1
PT_36X15P2-1
1
228350 
0
SET_PT_TOP_NODE_24
0
1
0
1
PT_36X15P2-1
1
228352 
0
SET_PT_TOP_NODE_25
0
1
0
1
PT_36X15P2-1
1
228354 
0
SET_PT_TOP_NODE_26
0
1
0
1
PT_36X15P2-1
1
228356 
0
SET_PT_TOP_NODE_27
0
1
0
1
PT_36X15P2-1
1
228358 
0
SET_PT_TOP_NODE_28
0
1
0
1
PT_36X15P2-1
1
228360 
0
SET_PT_TOP_NODE_29
0
1
0
1
PT_36X15P2-1
1
228362 
0
SET_PT_TOP_NODE_30
0
1
0
1
PT_36X15P2-1
1
228364 
0
SET_PT_TOP_NODE_31
0
1
0
1
PT_36X15P2-1
1
228366 
0
SET_PT_TOP_NODE_32
0
1
0
1
PT_36X15P2-1
1
228368 
0
SET_PT_TOP_NODE_33
0
1
0
1
PT_36X15P2-1
1
228370 
0
SET_PT_TOP_NODE_34
0
1
0
1
PT_36X15P2-1
1
228372 
0
SET_PT_TOP_NODE_35
0
1
0
1
PT_36X15P2-1
1
228374 
0
SET_PT_TOP_NODE_36
0
1
0
1
PT_36X15P2-1
1
228376 
0
SET_RNA_R2_EQUIV_CG
0
1
1
64 
0
0
SET_SSEG_ALL_ACTIVE
0
1
0
4
SSEG_01-1
14
-2147483647
48 1 16 5 0 1 0 -1 -1 756 1 -1879048189 239257 756 
SSEG_02-1
14
-2147483647
48 1 16 5 0 1 0 -1 -1 756 1 -1879048189 240013 756 
SSEG_03-1
14
-2147483647
48 1 16 5 0 1 0 -1 -1 756 1 -1879048189 240769 756 
SSEG_04-1
14
-2147483647
48 1 16 5 0 1 0 -1 -1 756 1 -1879048189 241525 756 
0
SET_TOWER_BASE
0
1
0
1
CSEG_01-1
216
65 66 67 77 78 79 89 90 91 101 102 103 113 114 115 125 126 127 137 138 139 149 150 151 161 162 163 173 174 175 185 186 187 197 198 199 209 210 211 221 222 223 233 234 235 245 246 247 257 258 259 269 270 271 281 282 283 293 294 295 305 306 307 317 318 319 329 330 331 341 342 343 353 354 355 365 366 367 377 378 379 389 390 391 401 402 403 413 414 415 425 426 427 437 438 439 449 450 451 461 462 463 473 474 475 485 486 487 497 498 499 509 510 511 521 522 523 533 534 535 545 546 547 557 558 559 569 570 571 581 582 583 593 594 595 605 606 607 617 618 619 629 630 631 641 642 643 653 654 655 665 666 667 677 678 679 689 690 691 701 702 703 713 714 715 725 726 727 737 738 739 749 750 751 761 762 763 773 774 775 785 786 787 797 798 799 809 810 811 821 822 823 833 834 835 845 846 847 857 858 859 869 870 871 881 882 883 893 894 895 905 906 907 917 918 919 
0
SET_TOWER_TOP
0
1
0
1
SSEG_04-1
108
241531 241538 241545 241552 241559 241566 241573 241580 241587 241594 241601 241608 241615 241622 241629 241636 241643 241650 241657 241664 241671 241678 241685 241692 241699 241706 241713 241720 241727 241734 241741 241748 241755 241762 241769 241776 241783 241790 241797 241804 241811 241818 241825 241832 241839 241846 241853 241860 241867 241874 241881 241888 241895 241902 241909 241916 241923 241930 241937 241944 241951 241958 241965 241972 241979 241986 241993 242000 242007 242014 242021 242028 242035 242042 242049 242056 242063 242070 242077 242084 242091 242098 242105 242112 242119 242126 242133 242140 242147 242154 242161 242168 242175 242182 242189 242196 242203 242210 242217 242224 242231 242238 242245 242252 242259 242266 242273 242280 
0
SET_TOWER_TOP_O
0
1
1
63 
0
0
_PICKEDSET235
0
2
1
2 
0
0
_PICKEDSET236
0
2
1
3 
0
0
_PICKEDSET253
0
2
1
4 
0
0
_PICKEDSET254
0
2
1
5 
0
0
_PICKEDSET271
0
2
1
6 
0
0
_PICKEDSET272
0
2
1
7 
0
0
_PICKEDSET289
0
2
1
8 
0
0
_PICKEDSET290
0
2
1
9 
0
0
_PICKEDSET307
0
2
1
10 
0
0
_PICKEDSET308
0
2
1
11 
0
0
_PICKEDSET325
0
2
1
12 
0
0
_PICKEDSET326
0
2
1
13 
0
0
_PICKEDSET343
0
2
1
14 
0
0
_PICKEDSET344
0
2
1
15 
0
0
_PICKEDSET361
0
2
1
16 
0
0
_PICKEDSET362
0
2
1
17 
0
0
_PICKEDSET379
0
2
1
18 
0
0
_PICKEDSET380
0
2
1
19 
0
0
_PICKEDSET397
0
2
1
20 
0
0
_PICKEDSET398
0
2
1
21 
0
0
_PICKEDSET415
0
2
1
22 
0
0
_PICKEDSET416
0
2
1
23 
0
0
_PICKEDSET433
0
2
1
24 
0
0
_PICKEDSET434
0
2
1
25 
0
0
_PICKEDSET451
0
2
1
26 
0
0
_PICKEDSET452
0
2
1
27 
0
0
_PICKEDSET469
0
2
1
28 
0
0
_PICKEDSET470
0
2
1
29 
0
0
_PICKEDSET487
0
2
1
30 
0
0
_PICKEDSET488
0
2
1
31 
0
0
_PICKEDSET505
0
2
1
32 
0
0
_PICKEDSET506
0
2
1
33 
0
0
_PICKEDSET523
0
2
1
34 
0
0
_PICKEDSET524
0
2
1
35 
0
0
_PICKEDSET541
0
2
1
36 
0
0
_PICKEDSET542
0
2
1
37 
0
0
_PICKEDSET559
0
2
1
38 
0
0
_PICKEDSET560
0
2
1
39 
0
0
_PICKEDSET577
0
2
1
40 
0
0
_PICKEDSET578
0
2
1
41 
0
0
_PICKEDSET595
0
2
1
42 
0
0
_PICKEDSET596
0
2
1
43 
0
0
_PICKEDSET613
0
2
1
44 
0
0
_PICKEDSET614
0
2
1
45 
0
0
_PICKEDSET631
0
2
1
46 
0
0
_PICKEDSET632
0
2
1
47 
0
0
_PICKEDSET649
0
2
1
48 
0
0
_PICKEDSET650
0
2
1
49 
0
0
_PICKEDSET667
0
2
1
50 
0
0
_PICKEDSET668
0
2
1
51 
0
0
_PICKEDSET685
0
2
1
52 
0
0
_PICKEDSET686
0
2
1
53 
0
0
_PICKEDSET703
0
2
1
54 
0
0
_PICKEDSET704
0
2
1
55 
0
0
_PICKEDSET721
0
2
1
56 
0
0
_PICKEDSET722
0
2
1
57 
0
0
_PICKEDSET739
0
2
1
58 
0
0
_PICKEDSET740
0
2
1
59 
0
0
_PICKEDSET757
0
2
1
60 
0
0
_PICKEDSET758
0
2
1
61 
0
0
69
HOOP_TIE_CAGE_T046-1
2
 P      32
0
2
14
-2147483647
48 1 16 5 0 1 0 -1 -1 201456 1 -1879048189 26849 201456 
0
0
SET_ALL
0
1
14
-2147483647
48 1 16 5 0 1 0 -1 -1 201456 1 -1879048189 26849 201456 
0
0
0
RBLONG_01-1
2
 P      34
0
2
14
-2147483647
48 1 16 5 0 1 0 -1 -1 432 1 -1879048189 228377 432 
0
0
SET_ALL
0
1
14
-2147483647
48 1 16 5 0 1 0 -1 -1 432 1 -1879048189 228377 432 
0
0
0

1
 P       0
0
2
63
2 3 4 5 6 7 8 9 10 11 12 13 14 15 16 17 18 19 20 21 22 23 24 25 26 27 28 29 30 31 32 33 34 35 36 37 38 39 40 41 42 43 44 45 46 47 48 49 50 51 52 53 54 55 56 57 58 59 60 61 62 63 64 
0
0
0
RBLONG_02-1
2
 P      35
0
2
14
-2147483647
48 1 16 5 0 1 0 -1 -1 432 1 -1879048189 228809 432 
0
0
SET_ALL
0
1
14
-2147483647
48 1 16 5 0 1 0 -1 -1 432 1 -1879048189 228809 432 
0
0
0
RBLONG_03-1
2
 P      36
0
2
14
-2147483647
48 1 16 5 0 1 0 -1 -1 432 1 -1879048189 229241 432 
0
0
SET_ALL
0
1
14
-2147483647
48 1 16 5 0 1 0 -1 -1 432 1 -1879048189 229241 432 
0
0
0
RBLONG_04-1
2
 P      37
0
2
14
-2147483647
48 1 16 5 0 1 0 -1 -1 432 1 -1879048189 229673 432 
0
0
SET_ALL
0
1
14
-2147483647
48 1 16 5 0 1 0 -1 -1 432 1 -1879048189 229673 432 
0
0
0
RBLONG_05-1
2
 P      38
0
2
14
-2147483647
48 1 16 5 0 1 0 -1 -1 384 1 -1879048189 230105 384 
0
0
SET_ALL
0
1
14
-2147483647
48 1 16 5 0 1 0 -1 -1 384 1 -1879048189 230105 384 
0
0
0
RBLONG_06-1
2
 P      39
0
2
14
-2147483647
48 1 16 5 0 1 0 -1 -1 384 1 -1879048189 230489 384 
0
0
SET_ALL
0
1
14
-2147483647
48 1 16 5 0 1 0 -1 -1 384 1 -1879048189 230489 384 
0
0
0
RBLONG_08-1
2
 P      41
0
2
14
-2147483647
48 1 16 5 0 1 0 -1 -1 384 1 -1879048189 231257 384 
0
0
SET_ALL
0
1
14
-2147483647
48 1 16 5 0 1 0 -1 -1 384 1 -1879048189 231257 384 
0
0
0
RBLONG_20-1
2
 P      53
0
2
14
-2147483647
48 1 16 5 0 1 0 -1 -1 336 1 -1879048189 235577 336 
0
0
SET_ALL
0
1
14
-2147483647
48 1 16 5 0 1 0 -1 -1 336 1 -1879048189 235577 336 
0
0
0
RBLONG_22-1
2
 P      55
0
2
14
-2147483647
48 1 16 5 0 1 0 -1 -1 304 1 -1879048189 236217 304 
0
0
SET_ALL
0
1
14
-2147483647
48 1 16 5 0 1 0 -1 -1 304 1 -1879048189 236217 304 
0
0
0
RBLONG_24-1
2
 P      57
0
2
14
-2147483647
48 1 16 5 0 1 0 -1 -1 304 1 -1879048189 236825 304 
0
0
SET_ALL
0
1
14
-2147483647
48 1 16 5 0 1 0 -1 -1 304 1 -1879048189 236825 304 
0
0
0
RBLONG_26-1
2
 P      59
0
2
14
-2147483647
48 1 16 5 0 1 0 -1 -1 304 1 -1879048189 237433 304 
0
0
SET_ALL
0
1
14
-2147483647
48 1 16 5 0 1 0 -1 -1 304 1 -1879048189 237433 304 
0
0
0
RBLONG_28-1
2
 P      61
0
2
14
-2147483647
48 1 16 5 0 1 0 -1 -1 304 1 -1879048189 238041 304 
0
0
SET_ALL
0
1
14
-2147483647
48 1 16 5 0 1 0 -1 -1 304 1 -1879048189 238041 304 
0
0
0
RBLONG_10-1
2
 P      43
0
2
14
-2147483647
48 1 16 5 0 1 0 -1 -1 384 1 -1879048189 232025 384 
0
0
SET_ALL
0
1
14
-2147483647
48 1 16 5 0 1 0 -1 -1 384 1 -1879048189 232025 384 
0
0
0
RBLONG_12-1
2
 P      45
0
2
14
-2147483647
48 1 16 5 0 1 0 -1 -1 360 1 -1879048189 232793 360 
0
0
SET_ALL
0
1
14
-2147483647
48 1 16 5 0 1 0 -1 -1 360 1 -1879048189 232793 360 
0
0
0
RBLONG_14-1
2
 P      47
0
2
14
-2147483647
48 1 16 5 0 1 0 -1 -1 360 1 -1879048189 233513 360 
0
0
SET_ALL
0
1
14
-2147483647
48 1 16 5 0 1 0 -1 -1 360 1 -1879048189 233513 360 
0
0
0
RBLONG_16-1
2
 P      49
0
2
14
-2147483647
48 1 16 5 0 1 0 -1 -1 336 1 -1879048189 234233 336 
0
0
SET_ALL
0
1
14
-2147483647
48 1 16 5 0 1 0 -1 -1 336 1 -1879048189 234233 336 
0
0
0
RBLONG_18-1
2
 P      51
0
2
14
-2147483647
48 1 16 5 0 1 0 -1 -1 336 1 -1879048189 234905 336 
0
0
SET_ALL
0
1
14
-2147483647
48 1 16 5 0 1 0 -1 -1 336 1 -1879048189 234905 336 
0
0
0
RBLONG_30-1
2
 P      63
0
2
14
-2147483647
48 1 16 5 0 1 0 -1 -1 304 1 -1879048189 238649 304 
0
0
SET_ALL
0
1
14
-2147483647
48 1 16 5 0 1 0 -1 -1 304 1 -1879048189 238649 304 
0
0
0
RBLONG_07-1
2
 P      40
0
2
14
-2147483647
48 1 16 5 0 1 0 -1 -1 384 1 -1879048189 230873 384 
0
0
SET_ALL
0
1
14
-2147483647
48 1 16 5 0 1 0 -1 -1 384 1 -1879048189 230873 384 
0
0
0
RBLONG_09-1
2
 P      42
0
2
14
-2147483647
48 1 16 5 0 1 0 -1 -1 384 1 -1879048189 231641 384 
0
0
SET_ALL
0
1
14
-2147483647
48 1 16 5 0 1 0 -1 -1 384 1 -1879048189 231641 384 
0
0
0
RBLONG_21-1
2
 P      54
0
2
14
-2147483647
48 1 16 5 0 1 0 -1 -1 304 1 -1879048189 235913 304 
0
0
SET_ALL
0
1
14
-2147483647
48 1 16 5 0 1 0 -1 -1 304 1 -1879048189 235913 304 
0
0
0
RBLONG_23-1
2
 P      56
0
2
14
-2147483647
48 1 16 5 0 1 0 -1 -1 304 1 -1879048189 236521 304 
0
0
SET_ALL
0
1
14
-2147483647
48 1 16 5 0 1 0 -1 -1 304 1 -1879048189 236521 304 
0
0
0
RBLONG_25-1
2
 P      58
0
2
14
-2147483647
48 1 16 5 0 1 0 -1 -1 304 1 -1879048189 237129 304 
0
0
SET_ALL
0
1
14
-2147483647
48 1 16 5 0 1 0 -1 -1 304 1 -1879048189 237129 304 
0
0
0
RBLONG_27-1
2
 P      60
0
2
14
-2147483647
48 1 16 5 0 1 0 -1 -1 304 1 -1879048189 237737 304 
0
0
SET_ALL
0
1
14
-2147483647
48 1 16 5 0 1 0 -1 -1 304 1 -1879048189 237737 304 
0
0
0
RBLONG_29-1
2
 P      62
0
2
14
-2147483647
48 1 16 5 0 1 0 -1 -1 304 1 -1879048189 238345 304 
0
0
SET_ALL
0
1
14
-2147483647
48 1 16 5 0 1 0 -1 -1 304 1 -1879048189 238345 304 
0
0
0
RBLONG_11-1
2
 P      44
0
2
14
-2147483647
48 1 16 5 0 1 0 -1 -1 384 1 -1879048189 232409 384 
0
0
SET_ALL
0
1
14
-2147483647
48 1 16 5 0 1 0 -1 -1 384 1 -1879048189 232409 384 
0
0
0
RBLONG_13-1
2
 P      46
0
2
14
-2147483647
48 1 16 5 0 1 0 -1 -1 360 1 -1879048189 233153 360 
0
0
SET_ALL
0
1
14
-2147483647
48 1 16 5 0 1 0 -1 -1 360 1 -1879048189 233153 360 
0
0
0
RBLONG_15-1
2
 P      48
0
2
14
-2147483647
48 1 16 5 0 1 0 -1 -1 360 1 -1879048189 233873 360 
0
0
SET_ALL
0
1
14
-2147483647
48 1 16 5 0 1 0 -1 -1 360 1 -1879048189 233873 360 
0
0
0
RBLONG_17-1
2
 P      50
0
2
14
-2147483647
48 1 16 5 0 1 0 -1 -1 336 1 -1879048189 234569 336 
0
0
SET_ALL
0
1
14
-2147483647
48 1 16 5 0 1 0 -1 -1 336 1 -1879048189 234569 336 
0
0
0
RBLONG_19-1
2
 P      52
0
2
14
-2147483647
48 1 16 5 0 1 0 -1 -1 336 1 -1879048189 235241 336 
0
0
SET_ALL
0
1
14
-2147483647
48 1 16 5 0 1 0 -1 -1 336 1 -1879048189 235241 336 
0
0
0
RBLONG_31-1
2
 P      64
0
2
14
-2147483647
48 1 16 5 0 1 0 -1 -1 304 1 -1879048189 238953 304 
0
0
SET_ALL
0
1
14
-2147483647
48 1 16 5 0 1 0 -1 -1 304 1 -1879048189 238953 304 
0
0
0
PT_36X15P2-1
4
 P      33
0
2
72
228305 228306 228307 228308 228309 228310 228311 228312 228313 228314 228315 228316 228317 228318 228319 228320 228321 228322 228323 228324 228325 228326 228327 228328 228329 228330 228331 228332 228333 228334 228335 228336 228337 228338 228339 228340 228341 228342 228343 228344 228345 228346 228347 228348 228349 228350 228351 228352 228353 228354 228355 228356 228357 228358 228359 228360 228361 228362 228363 228364 228365 228366 228367 228368 228369 228370 228371 228372 228373 228374 228375 228376 
0
0
SET_PT_ALL_GEOM
0
1
72
228305 228306 228307 228308 228309 228310 228311 228312 228313 228314 228315 228316 228317 228318 228319 228320 228321 228322 228323 228324 228325 228326 228327 228328 228329 228330 228331 228332 228333 228334 228335 228336 228337 228338 228339 228340 228341 228342 228343 228344 228345 228346 228347 228348 228349 228350 228351 228352 228353 228354 228355 228356 228357 228358 228359 228360 228361 228362 228363 228364 228365 228366 228367 228368 228369 228370 228371 228372 228373 228374 228375 228376 
0
0
SET_PT_BOTTOM_GEOM
0
1
36
228305 228307 228309 228311 228313 228315 228317 228319 228321 228323 228325 228327 228329 228331 228333 228335 228337 228339 228341 228343 228345 228347 228349 228351 228353 228355 228357 228359 228361 228363 228365 228367 228369 228371 228373 228375 
0
0
SET_PT_TOP_GEOM
0
1
36
228306 228308 228310 228312 228314 228316 228318 228320 228322 228324 228326 228328 228330 228332 228334 228336 228338 228340 228342 228344 228346 228348 228350 228352 228354 228356 228358 228360 228362 228364 228366 228368 228370 228372 228374 228376 
0
0
0
CSEG_01-1
6
 P       1
0
2
14
-2147483647
48 1 16 5 0 1 0 -1 -1 864 1 -1879048189 65 864 
0
0
 P       1SET_CSEG_ALL_ACTIVE
0
2
14
-2147483647
48 1 16 5 0 1 0 -1 -1 864 1 -1879048189 65 864 
0
0
FACE_BOTTOM
0
1
216
65 66 67 77 78 79 89 90 91 101 102 103 113 114 115 125 126 127 137 138 139 149 150 151 161 162 163 173 174 175 185 186 187 197 198 199 209 210 211 221 222 223 233 234 235 245 246 247 257 258 259 269 270 271 281 282 283 293 294 295 305 306 307 317 318 319 329 330 331 341 342 343 353 354 355 365 366 367 377 378 379 389 390 391 401 402 403 413 414 415 425 426 427 437 438 439 449 450 451 461 462 463 473 474 475 485 486 487 497 498 499 509 510 511 521 522 523 533 534 535 545 546 547 557 558 559 569 570 571 581 582 583 593 594 595 605 606 607 617 618 619 629 630 631 641 642 643 653 654 655 665 666 667 677 678 679 689 690 691 701 702 703 713 714 715 725 726 727 737 738 739 749 750 751 761 762 763 773 774 775 785 786 787 797 798 799 809 810 811 821 822 823 833 834 835 845 846 847 857 858 859 869 870 871 881 882 883 893 894 895 905 906 907 917 918 919 
0
0
FACE_TOP
0
1
216
74 75 76 86 87 88 98 99 100 110 111 112 122 123 124 134 135 136 146 147 148 158 159 160 170 171 172 182 183 184 194 195 196 206 207 208 218 219 220 230 231 232 242 243 244 254 255 256 266 267 268 278 279 280 290 291 292 302 303 304 314 315 316 326 327 328 338 339 340 350 351 352 362 363 364 374 375 376 386 387 388 398 399 400 410 411 412 422 423 424 434 435 436 446 447 448 458 459 460 470 471 472 482 483 484 494 495 496 506 507 508 518 519 520 530 531 532 542 543 544 554 555 556 566 567 568 578 579 580 590 591 592 602 603 604 614 615 616 626 627 628 638 639 640 650 651 652 662 663 664 674 675 676 686 687 688 698 699 700 710 711 712 722 723 724 734 735 736 746 747 748 758 759 760 770 771 772 782 783 784 794 795 796 806 807 808 818 819 820 830 831 832 842 843 844 854 855 856 866 867 868 878 879 880 890 891 892 902 903 904 914 915 916 926 927 928 
0
0
SET_ALL
0
1
14
-2147483647
48 1 16 5 0 1 0 -1 -1 864 1 -1879048189 65 864 
0
0
SET_SOLID
0
1
14
-2147483647
48 1 16 5 0 1 0 -1 -1 864 1 -1879048189 65 864 
0
0
0
CSEG_02-1
5
 P       2
0
2
14
-2147483647
48 1 16 5 0 1 0 -1 -1 864 1 -1879048189 929 864 
0
0
 P       2SET_CSEG_ALL_ACTIVE
0
2
14
-2147483647
48 1 16 5 0 1 0 -1 -1 864 1 -1879048189 929 864 
0
0
FACE_BOTTOM
0
1
216
929 933 937 941 945 949 953 957 961 965 969 973 977 981 985 989 993 997 1001 1005 1009 1013 1017 1021 1025 1029 1033 1037 1041 1045 1049 1053 1057 1061 1065 1069 1073 1077 1081 1085 1089 1093 1097 1101 1105 1109 1113 1117 1121 1125 1129 1133 1137 1141 1145 1149 1153 1157 1161 1165 1169 1173 1177 1181 1185 1189 1193 1197 1201 1205 1209 1213 1217 1221 1225 1229 1233 1237 1241 1245 1249 1253 1257 1261 1265 1269 1273 1277 1281 1285 1289 1293 1297 1301 1305 1309 1313 1317 1321 1325 1329 1333 1337 1341 1345 1349 1353 1357 1361 1365 1369 1373 1377 1381 1385 1389 1393 1397 1401 1405 1409 1413 1417 1421 1425 1429 1433 1437 1441 1445 1449 1453 1457 1461 1465 1469 1473 1477 1481 1485 1489 1493 1497 1501 1505 1509 1513 1517 1521 1525 1529 1533 1537 1541 1545 1549 1553 1557 1561 1565 1569 1573 1577 1581 1585 1589 1593 1597 1601 1605 1609 1613 1617 1621 1625 1629 1633 1637 1641 1645 1649 1653 1657 1661 1665 1669 1673 1677 1681 1685 1689 1693 1697 1701 1705 1709 1713 1717 1721 1725 1729 1733 1737 1741 1745 1749 1753 1757 1761 1765 1769 1773 1777 1781 1785 1789 
0
0
FACE_TOP
0
1
216
932 936 940 944 948 952 956 960 964 968 972 976 980 984 988 992 996 1000 1004 1008 1012 1016 1020 1024 1028 1032 1036 1040 1044 1048 1052 1056 1060 1064 1068 1072 1076 1080 1084 1088 1092 1096 1100 1104 1108 1112 1116 1120 1124 1128 1132 1136 1140 1144 1148 1152 1156 1160 1164 1168 1172 1176 1180 1184 1188 1192 1196 1200 1204 1208 1212 1216 1220 1224 1228 1232 1236 1240 1244 1248 1252 1256 1260 1264 1268 1272 1276 1280 1284 1288 1292 1296 1300 1304 1308 1312 1316 1320 1324 1328 1332 1336 1340 1344 1348 1352 1356 1360 1364 1368 1372 1376 1380 1384 1388 1392 1396 1400 1404 1408 1412 1416 1420 1424 1428 1432 1436 1440 1444 1448 1452 1456 1460 1464 1468 1472 1476 1480 1484 1488 1492 1496 1500 1504 1508 1512 1516 1520 1524 1528 1532 1536 1540 1544 1548 1552 1556 1560 1564 1568 1572 1576 1580 1584 1588 1592 1596 1600 1604 1608 1612 1616 1620 1624 1628 1632 1636 1640 1644 1648 1652 1656 1660 1664 1668 1672 1676 1680 1684 1688 1692 1696 1700 1704 1708 1712 1716 1720 1724 1728 1732 1736 1740 1744 1748 1752 1756 1760 1764 1768 1772 1776 1780 1784 1788 1792 
0
0
SET_ALL
0
1
14
-2147483647
48 1 16 5 0 1 0 -1 -1 864 1 -1879048189 929 864 
0
0
0
CSEG_03-1
5
 P       3
0
2
14
-2147483647
48 1 16 5 0 1 0 -1 -1 864 1 -1879048189 1793 864 
0
0
 P       3SET_CSEG_ALL_ACTIVE
0
2
14
-2147483647
48 1 16 5 0 1 0 -1 -1 864 1 -1879048189 1793 864 
0
0
FACE_BOTTOM
0
1
216
1793 1797 1801 1805 1809 1813 1817 1821 1825 1829 1833 1837 1841 1845 1849 1853 1857 1861 1865 1869 1873 1877 1881 1885 1889 1893 1897 1901 1905 1909 1913 1917 1921 1925 1929 1933 1937 1941 1945 1949 1953 1957 1961 1965 1969 1973 1977 1981 1985 1989 1993 1997 2001 2005 2009 2013 2017 2021 2025 2029 2033 2037 2041 2045 2049 2053 2057 2061 2065 2069 2073 2077 2081 2085 2089 2093 2097 2101 2105 2109 2113 2117 2121 2125 2129 2133 2137 2141 2145 2149 2153 2157 2161 2165 2169 2173 2177 2181 2185 2189 2193 2197 2201 2205 2209 2213 2217 2221 2225 2229 2233 2237 2241 2245 2249 2253 2257 2261 2265 2269 2273 2277 2281 2285 2289 2293 2297 2301 2305 2309 2313 2317 2321 2325 2329 2333 2337 2341 2345 2349 2353 2357 2361 2365 2369 2373 2377 2381 2385 2389 2393 2397 2401 2405 2409 2413 2417 2421 2425 2429 2433 2437 2441 2445 2449 2453 2457 2461 2465 2469 2473 2477 2481 2485 2489 2493 2497 2501 2505 2509 2513 2517 2521 2525 2529 2533 2537 2541 2545 2549 2553 2557 2561 2565 2569 2573 2577 2581 2585 2589 2593 2597 2601 2605 2609 2613 2617 2621 2625 2629 2633 2637 2641 2645 2649 2653 
0
0
FACE_TOP
0
1
216
1796 1800 1804 1808 1812 1816 1820 1824 1828 1832 1836 1840 1844 1848 1852 1856 1860 1864 1868 1872 1876 1880 1884 1888 1892 1896 1900 1904 1908 1912 1916 1920 1924 1928 1932 1936 1940 1944 1948 1952 1956 1960 1964 1968 1972 1976 1980 1984 1988 1992 1996 2000 2004 2008 2012 2016 2020 2024 2028 2032 2036 2040 2044 2048 2052 2056 2060 2064 2068 2072 2076 2080 2084 2088 2092 2096 2100 2104 2108 2112 2116 2120 2124 2128 2132 2136 2140 2144 2148 2152 2156 2160 2164 2168 2172 2176 2180 2184 2188 2192 2196 2200 2204 2208 2212 2216 2220 2224 2228 2232 2236 2240 2244 2248 2252 2256 2260 2264 2268 2272 2276 2280 2284 2288 2292 2296 2300 2304 2308 2312 2316 2320 2324 2328 2332 2336 2340 2344 2348 2352 2356 2360 2364 2368 2372 2376 2380 2384 2388 2392 2396 2400 2404 2408 2412 2416 2420 2424 2428 2432 2436 2440 2444 2448 2452 2456 2460 2464 2468 2472 2476 2480 2484 2488 2492 2496 2500 2504 2508 2512 2516 2520 2524 2528 2532 2536 2540 2544 2548 2552 2556 2560 2564 2568 2572 2576 2580 2584 2588 2592 2596 2600 2604 2608 2612 2616 2620 2624 2628 2632 2636 2640 2644 2648 2652 2656 
0
0
SET_ALL
0
1
14
-2147483647
48 1 16 5 0 1 0 -1 -1 864 1 -1879048189 1793 864 
0
0
0
CSEG_04-1
5
 P       4
0
2
14
-2147483647
48 1 16 5 0 1 0 -1 -1 864 1 -1879048189 2657 864 
0
0
 P       4SET_CSEG_ALL_ACTIVE
0
2
14
-2147483647
48 1 16 5 0 1 0 -1 -1 864 1 -1879048189 2657 864 
0
0
FACE_BOTTOM
0
1
216
2657 2661 2665 2669 2673 2677 2681 2685 2689 2693 2697 2701 2705 2709 2713 2717 2721 2725 2729 2733 2737 2741 2745 2749 2753 2757 2761 2765 2769 2773 2777 2781 2785 2789 2793 2797 2801 2805 2809 2813 2817 2821 2825 2829 2833 2837 2841 2845 2849 2853 2857 2861 2865 2869 2873 2877 2881 2885 2889 2893 2897 2901 2905 2909 2913 2917 2921 2925 2929 2933 2937 2941 2945 2949 2953 2957 2961 2965 2969 2973 2977 2981 2985 2989 2993 2997 3001 3005 3009 3013 3017 3021 3025 3029 3033 3037 3041 3045 3049 3053 3057 3061 3065 3069 3073 3077 3081 3085 3089 3093 3097 3101 3105 3109 3113 3117 3121 3125 3129 3133 3137 3141 3145 3149 3153 3157 3161 3165 3169 3173 3177 3181 3185 3189 3193 3197 3201 3205 3209 3213 3217 3221 3225 3229 3233 3237 3241 3245 3249 3253 3257 3261 3265 3269 3273 3277 3281 3285 3289 3293 3297 3301 3305 3309 3313 3317 3321 3325 3329 3333 3337 3341 3345 3349 3353 3357 3361 3365 3369 3373 3377 3381 3385 3389 3393 3397 3401 3405 3409 3413 3417 3421 3425 3429 3433 3437 3441 3445 3449 3453 3457 3461 3465 3469 3473 3477 3481 3485 3489 3493 3497 3501 3505 3509 3513 3517 
0
0
FACE_TOP
0
1
216
2660 2664 2668 2672 2676 2680 2684 2688 2692 2696 2700 2704 2708 2712 2716 2720 2724 2728 2732 2736 2740 2744 2748 2752 2756 2760 2764 2768 2772 2776 2780 2784 2788 2792 2796 2800 2804 2808 2812 2816 2820 2824 2828 2832 2836 2840 2844 2848 2852 2856 2860 2864 2868 2872 2876 2880 2884 2888 2892 2896 2900 2904 2908 2912 2916 2920 2924 2928 2932 2936 2940 2944 2948 2952 2956 2960 2964 2968 2972 2976 2980 2984 2988 2992 2996 3000 3004 3008 3012 3016 3020 3024 3028 3032 3036 3040 3044 3048 3052 3056 3060 3064 3068 3072 3076 3080 3084 3088 3092 3096 3100 3104 3108 3112 3116 3120 3124 3128 3132 3136 3140 3144 3148 3152 3156 3160 3164 3168 3172 3176 3180 3184 3188 3192 3196 3200 3204 3208 3212 3216 3220 3224 3228 3232 3236 3240 3244 3248 3252 3256 3260 3264 3268 3272 3276 3280 3284 3288 3292 3296 3300 3304 3308 3312 3316 3320 3324 3328 3332 3336 3340 3344 3348 3352 3356 3360 3364 3368 3372 3376 3380 3384 3388 3392 3396 3400 3404 3408 3412 3416 3420 3424 3428 3432 3436 3440 3444 3448 3452 3456 3460 3464 3468 3472 3476 3480 3484 3488 3492 3496 3500 3504 3508 3512 3516 3520 
0
0
SET_ALL
0
1
14
-2147483647
48 1 16 5 0 1 0 -1 -1 864 1 -1879048189 2657 864 
0
0
0
CSEG_05-1
5
 P       5
0
2
14
-2147483647
48 1 16 5 0 1 0 -1 -1 864 1 -1879048189 3521 864 
0
0
 P       5SET_CSEG_ALL_ACTIVE
0
2
14
-2147483647
48 1 16 5 0 1 0 -1 -1 864 1 -1879048189 3521 864 
0
0
FACE_BOTTOM
0
1
216
3521 3525 3529 3533 3537 3541 3545 3549 3553 3557 3561 3565 3569 3573 3577 3581 3585 3589 3593 3597 3601 3605 3609 3613 3617 3621 3625 3629 3633 3637 3641 3645 3649 3653 3657 3661 3665 3669 3673 3677 3681 3685 3689 3693 3697 3701 3705 3709 3713 3717 3721 3725 3729 3733 3737 3741 3745 3749 3753 3757 3761 3765 3769 3773 3777 3781 3785 3789 3793 3797 3801 3805 3809 3813 3817 3821 3825 3829 3833 3837 3841 3845 3849 3853 3857 3861 3865 3869 3873 3877 3881 3885 3889 3893 3897 3901 3905 3909 3913 3917 3921 3925 3929 3933 3937 3941 3945 3949 3953 3957 3961 3965 3969 3973 3977 3981 3985 3989 3993 3997 4001 4005 4009 4013 4017 4021 4025 4029 4033 4037 4041 4045 4049 4053 4057 4061 4065 4069 4073 4077 4081 4085 4089 4093 4097 4101 4105 4109 4113 4117 4121 4125 4129 4133 4137 4141 4145 4149 4153 4157 4161 4165 4169 4173 4177 4181 4185 4189 4193 4197 4201 4205 4209 4213 4217 4221 4225 4229 4233 4237 4241 4245 4249 4253 4257 4261 4265 4269 4273 4277 4281 4285 4289 4293 4297 4301 4305 4309 4313 4317 4321 4325 4329 4333 4337 4341 4345 4349 4353 4357 4361 4365 4369 4373 4377 4381 
0
0
FACE_TOP
0
1
216
3524 3528 3532 3536 3540 3544 3548 3552 3556 3560 3564 3568 3572 3576 3580 3584 3588 3592 3596 3600 3604 3608 3612 3616 3620 3624 3628 3632 3636 3640 3644 3648 3652 3656 3660 3664 3668 3672 3676 3680 3684 3688 3692 3696 3700 3704 3708 3712 3716 3720 3724 3728 3732 3736 3740 3744 3748 3752 3756 3760 3764 3768 3772 3776 3780 3784 3788 3792 3796 3800 3804 3808 3812 3816 3820 3824 3828 3832 3836 3840 3844 3848 3852 3856 3860 3864 3868 3872 3876 3880 3884 3888 3892 3896 3900 3904 3908 3912 3916 3920 3924 3928 3932 3936 3940 3944 3948 3952 3956 3960 3964 3968 3972 3976 3980 3984 3988 3992 3996 4000 4004 4008 4012 4016 4020 4024 4028 4032 4036 4040 4044 4048 4052 4056 4060 4064 4068 4072 4076 4080 4084 4088 4092 4096 4100 4104 4108 4112 4116 4120 4124 4128 4132 4136 4140 4144 4148 4152 4156 4160 4164 4168 4172 4176 4180 4184 4188 4192 4196 4200 4204 4208 4212 4216 4220 4224 4228 4232 4236 4240 4244 4248 4252 4256 4260 4264 4268 4272 4276 4280 4284 4288 4292 4296 4300 4304 4308 4312 4316 4320 4324 4328 4332 4336 4340 4344 4348 4352 4356 4360 4364 4368 4372 4376 4380 4384 
0
0
SET_ALL
0
1
14
-2147483647
48 1 16 5 0 1 0 -1 -1 864 1 -1879048189 3521 864 
0
0
0
CSEG_06-1
5
 P       6
0
2
14
-2147483647
48 1 16 5 0 1 0 -1 -1 864 1 -1879048189 4385 864 
0
0
 P       6SET_CSEG_ALL_ACTIVE
0
2
14
-2147483647
48 1 16 5 0 1 0 -1 -1 864 1 -1879048189 4385 864 
0
0
FACE_BOTTOM
0
1
216
4385 4389 4393 4397 4401 4405 4409 4413 4417 4421 4425 4429 4433 4437 4441 4445 4449 4453 4457 4461 4465 4469 4473 4477 4481 4485 4489 4493 4497 4501 4505 4509 4513 4517 4521 4525 4529 4533 4537 4541 4545 4549 4553 4557 4561 4565 4569 4573 4577 4581 4585 4589 4593 4597 4601 4605 4609 4613 4617 4621 4625 4629 4633 4637 4641 4645 4649 4653 4657 4661 4665 4669 4673 4677 4681 4685 4689 4693 4697 4701 4705 4709 4713 4717 4721 4725 4729 4733 4737 4741 4745 4749 4753 4757 4761 4765 4769 4773 4777 4781 4785 4789 4793 4797 4801 4805 4809 4813 4817 4821 4825 4829 4833 4837 4841 4845 4849 4853 4857 4861 4865 4869 4873 4877 4881 4885 4889 4893 4897 4901 4905 4909 4913 4917 4921 4925 4929 4933 4937 4941 4945 4949 4953 4957 4961 4965 4969 4973 4977 4981 4985 4989 4993 4997 5001 5005 5009 5013 5017 5021 5025 5029 5033 5037 5041 5045 5049 5053 5057 5061 5065 5069 5073 5077 5081 5085 5089 5093 5097 5101 5105 5109 5113 5117 5121 5125 5129 5133 5137 5141 5145 5149 5153 5157 5161 5165 5169 5173 5177 5181 5185 5189 5193 5197 5201 5205 5209 5213 5217 5221 5225 5229 5233 5237 5241 5245 
0
0
FACE_TOP
0
1
216
4388 4392 4396 4400 4404 4408 4412 4416 4420 4424 4428 4432 4436 4440 4444 4448 4452 4456 4460 4464 4468 4472 4476 4480 4484 4488 4492 4496 4500 4504 4508 4512 4516 4520 4524 4528 4532 4536 4540 4544 4548 4552 4556 4560 4564 4568 4572 4576 4580 4584 4588 4592 4596 4600 4604 4608 4612 4616 4620 4624 4628 4632 4636 4640 4644 4648 4652 4656 4660 4664 4668 4672 4676 4680 4684 4688 4692 4696 4700 4704 4708 4712 4716 4720 4724 4728 4732 4736 4740 4744 4748 4752 4756 4760 4764 4768 4772 4776 4780 4784 4788 4792 4796 4800 4804 4808 4812 4816 4820 4824 4828 4832 4836 4840 4844 4848 4852 4856 4860 4864 4868 4872 4876 4880 4884 4888 4892 4896 4900 4904 4908 4912 4916 4920 4924 4928 4932 4936 4940 4944 4948 4952 4956 4960 4964 4968 4972 4976 4980 4984 4988 4992 4996 5000 5004 5008 5012 5016 5020 5024 5028 5032 5036 5040 5044 5048 5052 5056 5060 5064 5068 5072 5076 5080 5084 5088 5092 5096 5100 5104 5108 5112 5116 5120 5124 5128 5132 5136 5140 5144 5148 5152 5156 5160 5164 5168 5172 5176 5180 5184 5188 5192 5196 5200 5204 5208 5212 5216 5220 5224 5228 5232 5236 5240 5244 5248 
0
0
SET_ALL
0
1
14
-2147483647
48 1 16 5 0 1 0 -1 -1 864 1 -1879048189 4385 864 
0
0
0
CSEG_08-1
5
 P       8
0
2
14
-2147483647
48 1 16 5 0 1 0 -1 -1 864 1 -1879048189 6113 864 
0
0
 P       8SET_CSEG_ALL_ACTIVE
0
2
14
-2147483647
48 1 16 5 0 1 0 -1 -1 864 1 -1879048189 6113 864 
0
0
FACE_BOTTOM
0
1
216
6113 6117 6121 6125 6129 6133 6137 6141 6145 6149 6153 6157 6161 6165 6169 6173 6177 6181 6185 6189 6193 6197 6201 6205 6209 6213 6217 6221 6225 6229 6233 6237 6241 6245 6249 6253 6257 6261 6265 6269 6273 6277 6281 6285 6289 6293 6297 6301 6305 6309 6313 6317 6321 6325 6329 6333 6337 6341 6345 6349 6353 6357 6361 6365 6369 6373 6377 6381 6385 6389 6393 6397 6401 6405 6409 6413 6417 6421 6425 6429 6433 6437 6441 6445 6449 6453 6457 6461 6465 6469 6473 6477 6481 6485 6489 6493 6497 6501 6505 6509 6513 6517 6521 6525 6529 6533 6537 6541 6545 6549 6553 6557 6561 6565 6569 6573 6577 6581 6585 6589 6593 6597 6601 6605 6609 6613 6617 6621 6625 6629 6633 6637 6641 6645 6649 6653 6657 6661 6665 6669 6673 6677 6681 6685 6689 6693 6697 6701 6705 6709 6713 6717 6721 6725 6729 6733 6737 6741 6745 6749 6753 6757 6761 6765 6769 6773 6777 6781 6785 6789 6793 6797 6801 6805 6809 6813 6817 6821 6825 6829 6833 6837 6841 6845 6849 6853 6857 6861 6865 6869 6873 6877 6881 6885 6889 6893 6897 6901 6905 6909 6913 6917 6921 6925 6929 6933 6937 6941 6945 6949 6953 6957 6961 6965 6969 6973 
0
0
FACE_TOP
0
1
216
6116 6120 6124 6128 6132 6136 6140 6144 6148 6152 6156 6160 6164 6168 6172 6176 6180 6184 6188 6192 6196 6200 6204 6208 6212 6216 6220 6224 6228 6232 6236 6240 6244 6248 6252 6256 6260 6264 6268 6272 6276 6280 6284 6288 6292 6296 6300 6304 6308 6312 6316 6320 6324 6328 6332 6336 6340 6344 6348 6352 6356 6360 6364 6368 6372 6376 6380 6384 6388 6392 6396 6400 6404 6408 6412 6416 6420 6424 6428 6432 6436 6440 6444 6448 6452 6456 6460 6464 6468 6472 6476 6480 6484 6488 6492 6496 6500 6504 6508 6512 6516 6520 6524 6528 6532 6536 6540 6544 6548 6552 6556 6560 6564 6568 6572 6576 6580 6584 6588 6592 6596 6600 6604 6608 6612 6616 6620 6624 6628 6632 6636 6640 6644 6648 6652 6656 6660 6664 6668 6672 6676 6680 6684 6688 6692 6696 6700 6704 6708 6712 6716 6720 6724 6728 6732 6736 6740 6744 6748 6752 6756 6760 6764 6768 6772 6776 6780 6784 6788 6792 6796 6800 6804 6808 6812 6816 6820 6824 6828 6832 6836 6840 6844 6848 6852 6856 6860 6864 6868 6872 6876 6880 6884 6888 6892 6896 6900 6904 6908 6912 6916 6920 6924 6928 6932 6936 6940 6944 6948 6952 6956 6960 6964 6968 6972 6976 
0
0
SET_ALL
0
1
14
-2147483647
48 1 16 5 0 1 0 -1 -1 864 1 -1879048189 6113 864 
0
0
0
CSEG_20-1
5
 P      20
0
2
14
-2147483647
48 1 16 5 0 1 0 -1 -1 864 1 -1879048189 16481 864 
0
0
 P      20SET_CSEG_ALL_ACTIVE
0
2
14
-2147483647
48 1 16 5 0 1 0 -1 -1 864 1 -1879048189 16481 864 
0
0
FACE_BOTTOM
0
1
216
16481 16485 16489 16493 16497 16501 16505 16509 16513 16517 16521 16525 16529 16533 16537 16541 16545 16549 16553 16557 16561 16565 16569 16573 16577 16581 16585 16589 16593 16597 16601 16605 16609 16613 16617 16621 16625 16629 16633 16637 16641 16645 16649 16653 16657 16661 16665 16669 16673 16677 16681 16685 16689 16693 16697 16701 16705 16709 16713 16717 16721 16725 16729 16733 16737 16741 16745 16749 16753 16757 16761 16765 16769 16773 16777 16781 16785 16789 16793 16797 16801 16805 16809 16813 16817 16821 16825 16829 16833 16837 16841 16845 16849 16853 16857 16861 16865 16869 16873 16877 16881 16885 16889 16893 16897 16901 16905 16909 16913 16917 16921 16925 16929 16933 16937 16941 16945 16949 16953 16957 16961 16965 16969 16973 16977 16981 16985 16989 16993 16997 17001 17005 17009 17013 17017 17021 17025 17029 17033 17037 17041 17045 17049 17053 17057 17061 17065 17069 17073 17077 17081 17085 17089 17093 17097 17101 17105 17109 17113 17117 17121 17125 17129 17133 17137 17141 17145 17149 17153 17157 17161 17165 17169 17173 17177 17181 17185 17189 17193 17197 17201 17205 17209 17213 17217 17221 17225 17229 17233 17237 17241 17245 17249 17253 17257 17261 17265 17269 17273 17277 17281 17285 17289 17293 17297 17301 17305 17309 17313 17317 17321 17325 17329 17333 17337 17341 
0
0
FACE_TOP
0
1
216
16484 16488 16492 16496 16500 16504 16508 16512 16516 16520 16524 16528 16532 16536 16540 16544 16548 16552 16556 16560 16564 16568 16572 16576 16580 16584 16588 16592 16596 16600 16604 16608 16612 16616 16620 16624 16628 16632 16636 16640 16644 16648 16652 16656 16660 16664 16668 16672 16676 16680 16684 16688 16692 16696 16700 16704 16708 16712 16716 16720 16724 16728 16732 16736 16740 16744 16748 16752 16756 16760 16764 16768 16772 16776 16780 16784 16788 16792 16796 16800 16804 16808 16812 16816 16820 16824 16828 16832 16836 16840 16844 16848 16852 16856 16860 16864 16868 16872 16876 16880 16884 16888 16892 16896 16900 16904 16908 16912 16916 16920 16924 16928 16932 16936 16940 16944 16948 16952 16956 16960 16964 16968 16972 16976 16980 16984 16988 16992 16996 17000 17004 17008 17012 17016 17020 17024 17028 17032 17036 17040 17044 17048 17052 17056 17060 17064 17068 17072 17076 17080 17084 17088 17092 17096 17100 17104 17108 17112 17116 17120 17124 17128 17132 17136 17140 17144 17148 17152 17156 17160 17164 17168 17172 17176 17180 17184 17188 17192 17196 17200 17204 17208 17212 17216 17220 17224 17228 17232 17236 17240 17244 17248 17252 17256 17260 17264 17268 17272 17276 17280 17284 17288 17292 17296 17300 17304 17308 17312 17316 17320 17324 17328 17332 17336 17340 17344 
0
0
SET_ALL
0
1
14
-2147483647
48 1 16 5 0 1 0 -1 -1 864 1 -1879048189 16481 864 
0
0
0
CSEG_22-1
5
 P      22
0
2
14
-2147483647
48 1 16 5 0 1 0 -1 -1 864 1 -1879048189 18209 864 
0
0
 P      22SET_CSEG_ALL_ACTIVE
0
2
14
-2147483647
48 1 16 5 0 1 0 -1 -1 864 1 -1879048189 18209 864 
0
0
FACE_BOTTOM
0
1
216
18209 18213 18217 18221 18225 18229 18233 18237 18241 18245 18249 18253 18257 18261 18265 18269 18273 18277 18281 18285 18289 18293 18297 18301 18305 18309 18313 18317 18321 18325 18329 18333 18337 18341 18345 18349 18353 18357 18361 18365 18369 18373 18377 18381 18385 18389 18393 18397 18401 18405 18409 18413 18417 18421 18425 18429 18433 18437 18441 18445 18449 18453 18457 18461 18465 18469 18473 18477 18481 18485 18489 18493 18497 18501 18505 18509 18513 18517 18521 18525 18529 18533 18537 18541 18545 18549 18553 18557 18561 18565 18569 18573 18577 18581 18585 18589 18593 18597 18601 18605 18609 18613 18617 18621 18625 18629 18633 18637 18641 18645 18649 18653 18657 18661 18665 18669 18673 18677 18681 18685 18689 18693 18697 18701 18705 18709 18713 18717 18721 18725 18729 18733 18737 18741 18745 18749 18753 18757 18761 18765 18769 18773 18777 18781 18785 18789 18793 18797 18801 18805 18809 18813 18817 18821 18825 18829 18833 18837 18841 18845 18849 18853 18857 18861 18865 18869 18873 18877 18881 18885 18889 18893 18897 18901 18905 18909 18913 18917 18921 18925 18929 18933 18937 18941 18945 18949 18953 18957 18961 18965 18969 18973 18977 18981 18985 18989 18993 18997 19001 19005 19009 19013 19017 19021 19025 19029 19033 19037 19041 19045 19049 19053 19057 19061 19065 19069 
0
0
FACE_TOP
0
1
216
18212 18216 18220 18224 18228 18232 18236 18240 18244 18248 18252 18256 18260 18264 18268 18272 18276 18280 18284 18288 18292 18296 18300 18304 18308 18312 18316 18320 18324 18328 18332 18336 18340 18344 18348 18352 18356 18360 18364 18368 18372 18376 18380 18384 18388 18392 18396 18400 18404 18408 18412 18416 18420 18424 18428 18432 18436 18440 18444 18448 18452 18456 18460 18464 18468 18472 18476 18480 18484 18488 18492 18496 18500 18504 18508 18512 18516 18520 18524 18528 18532 18536 18540 18544 18548 18552 18556 18560 18564 18568 18572 18576 18580 18584 18588 18592 18596 18600 18604 18608 18612 18616 18620 18624 18628 18632 18636 18640 18644 18648 18652 18656 18660 18664 18668 18672 18676 18680 18684 18688 18692 18696 18700 18704 18708 18712 18716 18720 18724 18728 18732 18736 18740 18744 18748 18752 18756 18760 18764 18768 18772 18776 18780 18784 18788 18792 18796 18800 18804 18808 18812 18816 18820 18824 18828 18832 18836 18840 18844 18848 18852 18856 18860 18864 18868 18872 18876 18880 18884 18888 18892 18896 18900 18904 18908 18912 18916 18920 18924 18928 18932 18936 18940 18944 18948 18952 18956 18960 18964 18968 18972 18976 18980 18984 18988 18992 18996 19000 19004 19008 19012 19016 19020 19024 19028 19032 19036 19040 19044 19048 19052 19056 19060 19064 19068 19072 
0
0
SET_ALL
0
1
14
-2147483647
48 1 16 5 0 1 0 -1 -1 864 1 -1879048189 18209 864 
0
0
0
CSEG_24-1
5
 P      24
0
2
14
-2147483647
48 1 16 5 0 1 0 -1 -1 864 1 -1879048189 19937 864 
0
0
 P      24SET_CSEG_ALL_ACTIVE
0
2
14
-2147483647
48 1 16 5 0 1 0 -1 -1 864 1 -1879048189 19937 864 
0
0
FACE_BOTTOM
0
1
216
19937 19941 19945 19949 19953 19957 19961 19965 19969 19973 19977 19981 19985 19989 19993 19997 20001 20005 20009 20013 20017 20021 20025 20029 20033 20037 20041 20045 20049 20053 20057 20061 20065 20069 20073 20077 20081 20085 20089 20093 20097 20101 20105 20109 20113 20117 20121 20125 20129 20133 20137 20141 20145 20149 20153 20157 20161 20165 20169 20173 20177 20181 20185 20189 20193 20197 20201 20205 20209 20213 20217 20221 20225 20229 20233 20237 20241 20245 20249 20253 20257 20261 20265 20269 20273 20277 20281 20285 20289 20293 20297 20301 20305 20309 20313 20317 20321 20325 20329 20333 20337 20341 20345 20349 20353 20357 20361 20365 20369 20373 20377 20381 20385 20389 20393 20397 20401 20405 20409 20413 20417 20421 20425 20429 20433 20437 20441 20445 20449 20453 20457 20461 20465 20469 20473 20477 20481 20485 20489 20493 20497 20501 20505 20509 20513 20517 20521 20525 20529 20533 20537 20541 20545 20549 20553 20557 20561 20565 20569 20573 20577 20581 20585 20589 20593 20597 20601 20605 20609 20613 20617 20621 20625 20629 20633 20637 20641 20645 20649 20653 20657 20661 20665 20669 20673 20677 20681 20685 20689 20693 20697 20701 20705 20709 20713 20717 20721 20725 20729 20733 20737 20741 20745 20749 20753 20757 20761 20765 20769 20773 20777 20781 20785 20789 20793 20797 
0
0
FACE_TOP
0
1
216
19940 19944 19948 19952 19956 19960 19964 19968 19972 19976 19980 19984 19988 19992 19996 20000 20004 20008 20012 20016 20020 20024 20028 20032 20036 20040 20044 20048 20052 20056 20060 20064 20068 20072 20076 20080 20084 20088 20092 20096 20100 20104 20108 20112 20116 20120 20124 20128 20132 20136 20140 20144 20148 20152 20156 20160 20164 20168 20172 20176 20180 20184 20188 20192 20196 20200 20204 20208 20212 20216 20220 20224 20228 20232 20236 20240 20244 20248 20252 20256 20260 20264 20268 20272 20276 20280 20284 20288 20292 20296 20300 20304 20308 20312 20316 20320 20324 20328 20332 20336 20340 20344 20348 20352 20356 20360 20364 20368 20372 20376 20380 20384 20388 20392 20396 20400 20404 20408 20412 20416 20420 20424 20428 20432 20436 20440 20444 20448 20452 20456 20460 20464 20468 20472 20476 20480 20484 20488 20492 20496 20500 20504 20508 20512 20516 20520 20524 20528 20532 20536 20540 20544 20548 20552 20556 20560 20564 20568 20572 20576 20580 20584 20588 20592 20596 20600 20604 20608 20612 20616 20620 20624 20628 20632 20636 20640 20644 20648 20652 20656 20660 20664 20668 20672 20676 20680 20684 20688 20692 20696 20700 20704 20708 20712 20716 20720 20724 20728 20732 20736 20740 20744 20748 20752 20756 20760 20764 20768 20772 20776 20780 20784 20788 20792 20796 20800 
0
0
SET_ALL
0
1
14
-2147483647
48 1 16 5 0 1 0 -1 -1 864 1 -1879048189 19937 864 
0
0
0
CSEG_26-1
5
 P      26
0
2
14
-2147483647
48 1 16 5 0 1 0 -1 -1 864 1 -1879048189 21665 864 
0
0
 P      26SET_CSEG_ALL_ACTIVE
0
2
14
-2147483647
48 1 16 5 0 1 0 -1 -1 864 1 -1879048189 21665 864 
0
0
FACE_BOTTOM
0
1
216
21665 21669 21673 21677 21681 21685 21689 21693 21697 21701 21705 21709 21713 21717 21721 21725 21729 21733 21737 21741 21745 21749 21753 21757 21761 21765 21769 21773 21777 21781 21785 21789 21793 21797 21801 21805 21809 21813 21817 21821 21825 21829 21833 21837 21841 21845 21849 21853 21857 21861 21865 21869 21873 21877 21881 21885 21889 21893 21897 21901 21905 21909 21913 21917 21921 21925 21929 21933 21937 21941 21945 21949 21953 21957 21961 21965 21969 21973 21977 21981 21985 21989 21993 21997 22001 22005 22009 22013 22017 22021 22025 22029 22033 22037 22041 22045 22049 22053 22057 22061 22065 22069 22073 22077 22081 22085 22089 22093 22097 22101 22105 22109 22113 22117 22121 22125 22129 22133 22137 22141 22145 22149 22153 22157 22161 22165 22169 22173 22177 22181 22185 22189 22193 22197 22201 22205 22209 22213 22217 22221 22225 22229 22233 22237 22241 22245 22249 22253 22257 22261 22265 22269 22273 22277 22281 22285 22289 22293 22297 22301 22305 22309 22313 22317 22321 22325 22329 22333 22337 22341 22345 22349 22353 22357 22361 22365 22369 22373 22377 22381 22385 22389 22393 22397 22401 22405 22409 22413 22417 22421 22425 22429 22433 22437 22441 22445 22449 22453 22457 22461 22465 22469 22473 22477 22481 22485 22489 22493 22497 22501 22505 22509 22513 22517 22521 22525 
0
0
FACE_TOP
0
1
216
21668 21672 21676 21680 21684 21688 21692 21696 21700 21704 21708 21712 21716 21720 21724 21728 21732 21736 21740 21744 21748 21752 21756 21760 21764 21768 21772 21776 21780 21784 21788 21792 21796 21800 21804 21808 21812 21816 21820 21824 21828 21832 21836 21840 21844 21848 21852 21856 21860 21864 21868 21872 21876 21880 21884 21888 21892 21896 21900 21904 21908 21912 21916 21920 21924 21928 21932 21936 21940 21944 21948 21952 21956 21960 21964 21968 21972 21976 21980 21984 21988 21992 21996 22000 22004 22008 22012 22016 22020 22024 22028 22032 22036 22040 22044 22048 22052 22056 22060 22064 22068 22072 22076 22080 22084 22088 22092 22096 22100 22104 22108 22112 22116 22120 22124 22128 22132 22136 22140 22144 22148 22152 22156 22160 22164 22168 22172 22176 22180 22184 22188 22192 22196 22200 22204 22208 22212 22216 22220 22224 22228 22232 22236 22240 22244 22248 22252 22256 22260 22264 22268 22272 22276 22280 22284 22288 22292 22296 22300 22304 22308 22312 22316 22320 22324 22328 22332 22336 22340 22344 22348 22352 22356 22360 22364 22368 22372 22376 22380 22384 22388 22392 22396 22400 22404 22408 22412 22416 22420 22424 22428 22432 22436 22440 22444 22448 22452 22456 22460 22464 22468 22472 22476 22480 22484 22488 22492 22496 22500 22504 22508 22512 22516 22520 22524 22528 
0
0
SET_ALL
0
1
14
-2147483647
48 1 16 5 0 1 0 -1 -1 864 1 -1879048189 21665 864 
0
0
0
CSEG_28-1
5
 P      28
0
2
14
-2147483647
48 1 16 5 0 1 0 -1 -1 864 1 -1879048189 23393 864 
0
0
 P      28SET_CSEG_ALL_ACTIVE
0
2
14
-2147483647
48 1 16 5 0 1 0 -1 -1 864 1 -1879048189 23393 864 
0
0
FACE_BOTTOM
0
1
216
23393 23397 23401 23405 23409 23413 23417 23421 23425 23429 23433 23437 23441 23445 23449 23453 23457 23461 23465 23469 23473 23477 23481 23485 23489 23493 23497 23501 23505 23509 23513 23517 23521 23525 23529 23533 23537 23541 23545 23549 23553 23557 23561 23565 23569 23573 23577 23581 23585 23589 23593 23597 23601 23605 23609 23613 23617 23621 23625 23629 23633 23637 23641 23645 23649 23653 23657 23661 23665 23669 23673 23677 23681 23685 23689 23693 23697 23701 23705 23709 23713 23717 23721 23725 23729 23733 23737 23741 23745 23749 23753 23757 23761 23765 23769 23773 23777 23781 23785 23789 23793 23797 23801 23805 23809 23813 23817 23821 23825 23829 23833 23837 23841 23845 23849 23853 23857 23861 23865 23869 23873 23877 23881 23885 23889 23893 23897 23901 23905 23909 23913 23917 23921 23925 23929 23933 23937 23941 23945 23949 23953 23957 23961 23965 23969 23973 23977 23981 23985 23989 23993 23997 24001 24005 24009 24013 24017 24021 24025 24029 24033 24037 24041 24045 24049 24053 24057 24061 24065 24069 24073 24077 24081 24085 24089 24093 24097 24101 24105 24109 24113 24117 24121 24125 24129 24133 24137 24141 24145 24149 24153 24157 24161 24165 24169 24173 24177 24181 24185 24189 24193 24197 24201 24205 24209 24213 24217 24221 24225 24229 24233 24237 24241 24245 24249 24253 
0
0
FACE_TOP
0
1
216
23396 23400 23404 23408 23412 23416 23420 23424 23428 23432 23436 23440 23444 23448 23452 23456 23460 23464 23468 23472 23476 23480 23484 23488 23492 23496 23500 23504 23508 23512 23516 23520 23524 23528 23532 23536 23540 23544 23548 23552 23556 23560 23564 23568 23572 23576 23580 23584 23588 23592 23596 23600 23604 23608 23612 23616 23620 23624 23628 23632 23636 23640 23644 23648 23652 23656 23660 23664 23668 23672 23676 23680 23684 23688 23692 23696 23700 23704 23708 23712 23716 23720 23724 23728 23732 23736 23740 23744 23748 23752 23756 23760 23764 23768 23772 23776 23780 23784 23788 23792 23796 23800 23804 23808 23812 23816 23820 23824 23828 23832 23836 23840 23844 23848 23852 23856 23860 23864 23868 23872 23876 23880 23884 23888 23892 23896 23900 23904 23908 23912 23916 23920 23924 23928 23932 23936 23940 23944 23948 23952 23956 23960 23964 23968 23972 23976 23980 23984 23988 23992 23996 24000 24004 24008 24012 24016 24020 24024 24028 24032 24036 24040 24044 24048 24052 24056 24060 24064 24068 24072 24076 24080 24084 24088 24092 24096 24100 24104 24108 24112 24116 24120 24124 24128 24132 24136 24140 24144 24148 24152 24156 24160 24164 24168 24172 24176 24180 24184 24188 24192 24196 24200 24204 24208 24212 24216 24220 24224 24228 24232 24236 24240 24244 24248 24252 24256 
0
0
SET_ALL
0
1
14
-2147483647
48 1 16 5 0 1 0 -1 -1 864 1 -1879048189 23393 864 
0
0
0
SSEG_02-1
5
 P      66
0
2
14
-2147483647
48 1 16 5 0 1 0 -1 -1 756 1 -1879048189 240013 756 
0
0
 P      66SET_SSEG_ALL_ACTIVE
0
2
14
-2147483647
48 1 16 5 0 1 0 -1 -1 756 1 -1879048189 240013 756 
0
0
FACE_BOTTOM
0
1
108
240013 240020 240027 240034 240041 240048 240055 240062 240069 240076 240083 240090 240097 240104 240111 240118 240125 240132 240139 240146 240153 240160 240167 240174 240181 240188 240195 240202 240209 240216 240223 240230 240237 240244 240251 240258 240265 240272 240279 240286 240293 240300 240307 240314 240321 240328 240335 240342 240349 240356 240363 240370 240377 240384 240391 240398 240405 240412 240419 240426 240433 240440 240447 240454 240461 240468 240475 240482 240489 240496 240503 240510 240517 240524 240531 240538 240545 240552 240559 240566 240573 240580 240587 240594 240601 240608 240615 240622 240629 240636 240643 240650 240657 240664 240671 240678 240685 240692 240699 240706 240713 240720 240727 240734 240741 240748 240755 240762 
0
0
FACE_TOP
0
1
108
240019 240026 240033 240040 240047 240054 240061 240068 240075 240082 240089 240096 240103 240110 240117 240124 240131 240138 240145 240152 240159 240166 240173 240180 240187 240194 240201 240208 240215 240222 240229 240236 240243 240250 240257 240264 240271 240278 240285 240292 240299 240306 240313 240320 240327 240334 240341 240348 240355 240362 240369 240376 240383 240390 240397 240404 240411 240418 240425 240432 240439 240446 240453 240460 240467 240474 240481 240488 240495 240502 240509 240516 240523 240530 240537 240544 240551 240558 240565 240572 240579 240586 240593 240600 240607 240614 240621 240628 240635 240642 240649 240656 240663 240670 240677 240684 240691 240698 240705 240712 240719 240726 240733 240740 240747 240754 240761 240768 
0
0
SET_ALL
0
1
14
-2147483647
48 1 16 5 0 1 0 -1 -1 756 1 -1879048189 240013 756 
0
0
0
SSEG_04-1
5
 P      68
0
2
14
-2147483647
48 1 16 5 0 1 0 -1 -1 756 1 -1879048189 241525 756 
0
0
 P      68SET_SSEG_ALL_ACTIVE
0
2
14
-2147483647
48 1 16 5 0 1 0 -1 -1 756 1 -1879048189 241525 756 
0
0
FACE_BOTTOM
0
1
108
241525 241532 241539 241546 241553 241560 241567 241574 241581 241588 241595 241602 241609 241616 241623 241630 241637 241644 241651 241658 241665 241672 241679 241686 241693 241700 241707 241714 241721 241728 241735 241742 241749 241756 241763 241770 241777 241784 241791 241798 241805 241812 241819 241826 241833 241840 241847 241854 241861 241868 241875 241882 241889 241896 241903 241910 241917 241924 241931 241938 241945 241952 241959 241966 241973 241980 241987 241994 242001 242008 242015 242022 242029 242036 242043 242050 242057 242064 242071 242078 242085 242092 242099 242106 242113 242120 242127 242134 242141 242148 242155 242162 242169 242176 242183 242190 242197 242204 242211 242218 242225 242232 242239 242246 242253 242260 242267 242274 
0
0
FACE_TOP
0
1
108
241531 241538 241545 241552 241559 241566 241573 241580 241587 241594 241601 241608 241615 241622 241629 241636 241643 241650 241657 241664 241671 241678 241685 241692 241699 241706 241713 241720 241727 241734 241741 241748 241755 241762 241769 241776 241783 241790 241797 241804 241811 241818 241825 241832 241839 241846 241853 241860 241867 241874 241881 241888 241895 241902 241909 241916 241923 241930 241937 241944 241951 241958 241965 241972 241979 241986 241993 242000 242007 242014 242021 242028 242035 242042 242049 242056 242063 242070 242077 242084 242091 242098 242105 242112 242119 242126 242133 242140 242147 242154 242161 242168 242175 242182 242189 242196 242203 242210 242217 242224 242231 242238 242245 242252 242259 242266 242273 242280 
0
0
SET_ALL
0
1
14
-2147483647
48 1 16 5 0 1 0 -1 -1 756 1 -1879048189 241525 756 
0
0
0
CSEG_10-1
5
 P      10
0
2
14
-2147483647
48 1 16 5 0 1 0 -1 -1 864 1 -1879048189 7841 864 
0
0
 P      10SET_CSEG_ALL_ACTIVE
0
2
14
-2147483647
48 1 16 5 0 1 0 -1 -1 864 1 -1879048189 7841 864 
0
0
FACE_BOTTOM
0
1
216
7841 7845 7849 7853 7857 7861 7865 7869 7873 7877 7881 7885 7889 7893 7897 7901 7905 7909 7913 7917 7921 7925 7929 7933 7937 7941 7945 7949 7953 7957 7961 7965 7969 7973 7977 7981 7985 7989 7993 7997 8001 8005 8009 8013 8017 8021 8025 8029 8033 8037 8041 8045 8049 8053 8057 8061 8065 8069 8073 8077 8081 8085 8089 8093 8097 8101 8105 8109 8113 8117 8121 8125 8129 8133 8137 8141 8145 8149 8153 8157 8161 8165 8169 8173 8177 8181 8185 8189 8193 8197 8201 8205 8209 8213 8217 8221 8225 8229 8233 8237 8241 8245 8249 8253 8257 8261 8265 8269 8273 8277 8281 8285 8289 8293 8297 8301 8305 8309 8313 8317 8321 8325 8329 8333 8337 8341 8345 8349 8353 8357 8361 8365 8369 8373 8377 8381 8385 8389 8393 8397 8401 8405 8409 8413 8417 8421 8425 8429 8433 8437 8441 8445 8449 8453 8457 8461 8465 8469 8473 8477 8481 8485 8489 8493 8497 8501 8505 8509 8513 8517 8521 8525 8529 8533 8537 8541 8545 8549 8553 8557 8561 8565 8569 8573 8577 8581 8585 8589 8593 8597 8601 8605 8609 8613 8617 8621 8625 8629 8633 8637 8641 8645 8649 8653 8657 8661 8665 8669 8673 8677 8681 8685 8689 8693 8697 8701 
0
0
FACE_TOP
0
1
216
7844 7848 7852 7856 7860 7864 7868 7872 7876 7880 7884 7888 7892 7896 7900 7904 7908 7912 7916 7920 7924 7928 7932 7936 7940 7944 7948 7952 7956 7960 7964 7968 7972 7976 7980 7984 7988 7992 7996 8000 8004 8008 8012 8016 8020 8024 8028 8032 8036 8040 8044 8048 8052 8056 8060 8064 8068 8072 8076 8080 8084 8088 8092 8096 8100 8104 8108 8112 8116 8120 8124 8128 8132 8136 8140 8144 8148 8152 8156 8160 8164 8168 8172 8176 8180 8184 8188 8192 8196 8200 8204 8208 8212 8216 8220 8224 8228 8232 8236 8240 8244 8248 8252 8256 8260 8264 8268 8272 8276 8280 8284 8288 8292 8296 8300 8304 8308 8312 8316 8320 8324 8328 8332 8336 8340 8344 8348 8352 8356 8360 8364 8368 8372 8376 8380 8384 8388 8392 8396 8400 8404 8408 8412 8416 8420 8424 8428 8432 8436 8440 8444 8448 8452 8456 8460 8464 8468 8472 8476 8480 8484 8488 8492 8496 8500 8504 8508 8512 8516 8520 8524 8528 8532 8536 8540 8544 8548 8552 8556 8560 8564 8568 8572 8576 8580 8584 8588 8592 8596 8600 8604 8608 8612 8616 8620 8624 8628 8632 8636 8640 8644 8648 8652 8656 8660 8664 8668 8672 8676 8680 8684 8688 8692 8696 8700 8704 
0
0
SET_ALL
0
1
14
-2147483647
48 1 16 5 0 1 0 -1 -1 864 1 -1879048189 7841 864 
0
0
0
CSEG_12-1
5
 P      12
0
2
14
-2147483647
48 1 16 5 0 1 0 -1 -1 864 1 -1879048189 9569 864 
0
0
 P      12SET_CSEG_ALL_ACTIVE
0
2
14
-2147483647
48 1 16 5 0 1 0 -1 -1 864 1 -1879048189 9569 864 
0
0
FACE_BOTTOM
0
1
216
9569 9573 9577 9581 9585 9589 9593 9597 9601 9605 9609 9613 9617 9621 9625 9629 9633 9637 9641 9645 9649 9653 9657 9661 9665 9669 9673 9677 9681 9685 9689 9693 9697 9701 9705 9709 9713 9717 9721 9725 9729 9733 9737 9741 9745 9749 9753 9757 9761 9765 9769 9773 9777 9781 9785 9789 9793 9797 9801 9805 9809 9813 9817 9821 9825 9829 9833 9837 9841 9845 9849 9853 9857 9861 9865 9869 9873 9877 9881 9885 9889 9893 9897 9901 9905 9909 9913 9917 9921 9925 9929 9933 9937 9941 9945 9949 9953 9957 9961 9965 9969 9973 9977 9981 9985 9989 9993 9997 10001 10005 10009 10013 10017 10021 10025 10029 10033 10037 10041 10045 10049 10053 10057 10061 10065 10069 10073 10077 10081 10085 10089 10093 10097 10101 10105 10109 10113 10117 10121 10125 10129 10133 10137 10141 10145 10149 10153 10157 10161 10165 10169 10173 10177 10181 10185 10189 10193 10197 10201 10205 10209 10213 10217 10221 10225 10229 10233 10237 10241 10245 10249 10253 10257 10261 10265 10269 10273 10277 10281 10285 10289 10293 10297 10301 10305 10309 10313 10317 10321 10325 10329 10333 10337 10341 10345 10349 10353 10357 10361 10365 10369 10373 10377 10381 10385 10389 10393 10397 10401 10405 10409 10413 10417 10421 10425 10429 
0
0
FACE_TOP
0
1
216
9572 9576 9580 9584 9588 9592 9596 9600 9604 9608 9612 9616 9620 9624 9628 9632 9636 9640 9644 9648 9652 9656 9660 9664 9668 9672 9676 9680 9684 9688 9692 9696 9700 9704 9708 9712 9716 9720 9724 9728 9732 9736 9740 9744 9748 9752 9756 9760 9764 9768 9772 9776 9780 9784 9788 9792 9796 9800 9804 9808 9812 9816 9820 9824 9828 9832 9836 9840 9844 9848 9852 9856 9860 9864 9868 9872 9876 9880 9884 9888 9892 9896 9900 9904 9908 9912 9916 9920 9924 9928 9932 9936 9940 9944 9948 9952 9956 9960 9964 9968 9972 9976 9980 9984 9988 9992 9996 10000 10004 10008 10012 10016 10020 10024 10028 10032 10036 10040 10044 10048 10052 10056 10060 10064 10068 10072 10076 10080 10084 10088 10092 10096 10100 10104 10108 10112 10116 10120 10124 10128 10132 10136 10140 10144 10148 10152 10156 10160 10164 10168 10172 10176 10180 10184 10188 10192 10196 10200 10204 10208 10212 10216 10220 10224 10228 10232 10236 10240 10244 10248 10252 10256 10260 10264 10268 10272 10276 10280 10284 10288 10292 10296 10300 10304 10308 10312 10316 10320 10324 10328 10332 10336 10340 10344 10348 10352 10356 10360 10364 10368 10372 10376 10380 10384 10388 10392 10396 10400 10404 10408 10412 10416 10420 10424 10428 10432 
0
0
SET_ALL
0
1
14
-2147483647
48 1 16 5 0 1 0 -1 -1 864 1 -1879048189 9569 864 
0
0
0
CSEG_14-1
5
 P      14
0
2
14
-2147483647
48 1 16 5 0 1 0 -1 -1 864 1 -1879048189 11297 864 
0
0
 P      14SET_CSEG_ALL_ACTIVE
0
2
14
-2147483647
48 1 16 5 0 1 0 -1 -1 864 1 -1879048189 11297 864 
0
0
FACE_BOTTOM
0
1
216
11297 11301 11305 11309 11313 11317 11321 11325 11329 11333 11337 11341 11345 11349 11353 11357 11361 11365 11369 11373 11377 11381 11385 11389 11393 11397 11401 11405 11409 11413 11417 11421 11425 11429 11433 11437 11441 11445 11449 11453 11457 11461 11465 11469 11473 11477 11481 11485 11489 11493 11497 11501 11505 11509 11513 11517 11521 11525 11529 11533 11537 11541 11545 11549 11553 11557 11561 11565 11569 11573 11577 11581 11585 11589 11593 11597 11601 11605 11609 11613 11617 11621 11625 11629 11633 11637 11641 11645 11649 11653 11657 11661 11665 11669 11673 11677 11681 11685 11689 11693 11697 11701 11705 11709 11713 11717 11721 11725 11729 11733 11737 11741 11745 11749 11753 11757 11761 11765 11769 11773 11777 11781 11785 11789 11793 11797 11801 11805 11809 11813 11817 11821 11825 11829 11833 11837 11841 11845 11849 11853 11857 11861 11865 11869 11873 11877 11881 11885 11889 11893 11897 11901 11905 11909 11913 11917 11921 11925 11929 11933 11937 11941 11945 11949 11953 11957 11961 11965 11969 11973 11977 11981 11985 11989 11993 11997 12001 12005 12009 12013 12017 12021 12025 12029 12033 12037 12041 12045 12049 12053 12057 12061 12065 12069 12073 12077 12081 12085 12089 12093 12097 12101 12105 12109 12113 12117 12121 12125 12129 12133 12137 12141 12145 12149 12153 12157 
0
0
FACE_TOP
0
1
216
11300 11304 11308 11312 11316 11320 11324 11328 11332 11336 11340 11344 11348 11352 11356 11360 11364 11368 11372 11376 11380 11384 11388 11392 11396 11400 11404 11408 11412 11416 11420 11424 11428 11432 11436 11440 11444 11448 11452 11456 11460 11464 11468 11472 11476 11480 11484 11488 11492 11496 11500 11504 11508 11512 11516 11520 11524 11528 11532 11536 11540 11544 11548 11552 11556 11560 11564 11568 11572 11576 11580 11584 11588 11592 11596 11600 11604 11608 11612 11616 11620 11624 11628 11632 11636 11640 11644 11648 11652 11656 11660 11664 11668 11672 11676 11680 11684 11688 11692 11696 11700 11704 11708 11712 11716 11720 11724 11728 11732 11736 11740 11744 11748 11752 11756 11760 11764 11768 11772 11776 11780 11784 11788 11792 11796 11800 11804 11808 11812 11816 11820 11824 11828 11832 11836 11840 11844 11848 11852 11856 11860 11864 11868 11872 11876 11880 11884 11888 11892 11896 11900 11904 11908 11912 11916 11920 11924 11928 11932 11936 11940 11944 11948 11952 11956 11960 11964 11968 11972 11976 11980 11984 11988 11992 11996 12000 12004 12008 12012 12016 12020 12024 12028 12032 12036 12040 12044 12048 12052 12056 12060 12064 12068 12072 12076 12080 12084 12088 12092 12096 12100 12104 12108 12112 12116 12120 12124 12128 12132 12136 12140 12144 12148 12152 12156 12160 
0
0
SET_ALL
0
1
14
-2147483647
48 1 16 5 0 1 0 -1 -1 864 1 -1879048189 11297 864 
0
0
0
CSEG_16-1
5
 P      16
0
2
14
-2147483647
48 1 16 5 0 1 0 -1 -1 864 1 -1879048189 13025 864 
0
0
 P      16SET_CSEG_ALL_ACTIVE
0
2
14
-2147483647
48 1 16 5 0 1 0 -1 -1 864 1 -1879048189 13025 864 
0
0
FACE_BOTTOM
0
1
216
13025 13029 13033 13037 13041 13045 13049 13053 13057 13061 13065 13069 13073 13077 13081 13085 13089 13093 13097 13101 13105 13109 13113 13117 13121 13125 13129 13133 13137 13141 13145 13149 13153 13157 13161 13165 13169 13173 13177 13181 13185 13189 13193 13197 13201 13205 13209 13213 13217 13221 13225 13229 13233 13237 13241 13245 13249 13253 13257 13261 13265 13269 13273 13277 13281 13285 13289 13293 13297 13301 13305 13309 13313 13317 13321 13325 13329 13333 13337 13341 13345 13349 13353 13357 13361 13365 13369 13373 13377 13381 13385 13389 13393 13397 13401 13405 13409 13413 13417 13421 13425 13429 13433 13437 13441 13445 13449 13453 13457 13461 13465 13469 13473 13477 13481 13485 13489 13493 13497 13501 13505 13509 13513 13517 13521 13525 13529 13533 13537 13541 13545 13549 13553 13557 13561 13565 13569 13573 13577 13581 13585 13589 13593 13597 13601 13605 13609 13613 13617 13621 13625 13629 13633 13637 13641 13645 13649 13653 13657 13661 13665 13669 13673 13677 13681 13685 13689 13693 13697 13701 13705 13709 13713 13717 13721 13725 13729 13733 13737 13741 13745 13749 13753 13757 13761 13765 13769 13773 13777 13781 13785 13789 13793 13797 13801 13805 13809 13813 13817 13821 13825 13829 13833 13837 13841 13845 13849 13853 13857 13861 13865 13869 13873 13877 13881 13885 
0
0
FACE_TOP
0
1
216
13028 13032 13036 13040 13044 13048 13052 13056 13060 13064 13068 13072 13076 13080 13084 13088 13092 13096 13100 13104 13108 13112 13116 13120 13124 13128 13132 13136 13140 13144 13148 13152 13156 13160 13164 13168 13172 13176 13180 13184 13188 13192 13196 13200 13204 13208 13212 13216 13220 13224 13228 13232 13236 13240 13244 13248 13252 13256 13260 13264 13268 13272 13276 13280 13284 13288 13292 13296 13300 13304 13308 13312 13316 13320 13324 13328 13332 13336 13340 13344 13348 13352 13356 13360 13364 13368 13372 13376 13380 13384 13388 13392 13396 13400 13404 13408 13412 13416 13420 13424 13428 13432 13436 13440 13444 13448 13452 13456 13460 13464 13468 13472 13476 13480 13484 13488 13492 13496 13500 13504 13508 13512 13516 13520 13524 13528 13532 13536 13540 13544 13548 13552 13556 13560 13564 13568 13572 13576 13580 13584 13588 13592 13596 13600 13604 13608 13612 13616 13620 13624 13628 13632 13636 13640 13644 13648 13652 13656 13660 13664 13668 13672 13676 13680 13684 13688 13692 13696 13700 13704 13708 13712 13716 13720 13724 13728 13732 13736 13740 13744 13748 13752 13756 13760 13764 13768 13772 13776 13780 13784 13788 13792 13796 13800 13804 13808 13812 13816 13820 13824 13828 13832 13836 13840 13844 13848 13852 13856 13860 13864 13868 13872 13876 13880 13884 13888 
0
0
SET_ALL
0
1
14
-2147483647
48 1 16 5 0 1 0 -1 -1 864 1 -1879048189 13025 864 
0
0
0
CSEG_18-1
5
 P      18
0
2
14
-2147483647
48 1 16 5 0 1 0 -1 -1 864 1 -1879048189 14753 864 
0
0
 P      18SET_CSEG_ALL_ACTIVE
0
2
14
-2147483647
48 1 16 5 0 1 0 -1 -1 864 1 -1879048189 14753 864 
0
0
FACE_BOTTOM
0
1
216
14753 14757 14761 14765 14769 14773 14777 14781 14785 14789 14793 14797 14801 14805 14809 14813 14817 14821 14825 14829 14833 14837 14841 14845 14849 14853 14857 14861 14865 14869 14873 14877 14881 14885 14889 14893 14897 14901 14905 14909 14913 14917 14921 14925 14929 14933 14937 14941 14945 14949 14953 14957 14961 14965 14969 14973 14977 14981 14985 14989 14993 14997 15001 15005 15009 15013 15017 15021 15025 15029 15033 15037 15041 15045 15049 15053 15057 15061 15065 15069 15073 15077 15081 15085 15089 15093 15097 15101 15105 15109 15113 15117 15121 15125 15129 15133 15137 15141 15145 15149 15153 15157 15161 15165 15169 15173 15177 15181 15185 15189 15193 15197 15201 15205 15209 15213 15217 15221 15225 15229 15233 15237 15241 15245 15249 15253 15257 15261 15265 15269 15273 15277 15281 15285 15289 15293 15297 15301 15305 15309 15313 15317 15321 15325 15329 15333 15337 15341 15345 15349 15353 15357 15361 15365 15369 15373 15377 15381 15385 15389 15393 15397 15401 15405 15409 15413 15417 15421 15425 15429 15433 15437 15441 15445 15449 15453 15457 15461 15465 15469 15473 15477 15481 15485 15489 15493 15497 15501 15505 15509 15513 15517 15521 15525 15529 15533 15537 15541 15545 15549 15553 15557 15561 15565 15569 15573 15577 15581 15585 15589 15593 15597 15601 15605 15609 15613 
0
0
FACE_TOP
0
1
216
14756 14760 14764 14768 14772 14776 14780 14784 14788 14792 14796 14800 14804 14808 14812 14816 14820 14824 14828 14832 14836 14840 14844 14848 14852 14856 14860 14864 14868 14872 14876 14880 14884 14888 14892 14896 14900 14904 14908 14912 14916 14920 14924 14928 14932 14936 14940 14944 14948 14952 14956 14960 14964 14968 14972 14976 14980 14984 14988 14992 14996 15000 15004 15008 15012 15016 15020 15024 15028 15032 15036 15040 15044 15048 15052 15056 15060 15064 15068 15072 15076 15080 15084 15088 15092 15096 15100 15104 15108 15112 15116 15120 15124 15128 15132 15136 15140 15144 15148 15152 15156 15160 15164 15168 15172 15176 15180 15184 15188 15192 15196 15200 15204 15208 15212 15216 15220 15224 15228 15232 15236 15240 15244 15248 15252 15256 15260 15264 15268 15272 15276 15280 15284 15288 15292 15296 15300 15304 15308 15312 15316 15320 15324 15328 15332 15336 15340 15344 15348 15352 15356 15360 15364 15368 15372 15376 15380 15384 15388 15392 15396 15400 15404 15408 15412 15416 15420 15424 15428 15432 15436 15440 15444 15448 15452 15456 15460 15464 15468 15472 15476 15480 15484 15488 15492 15496 15500 15504 15508 15512 15516 15520 15524 15528 15532 15536 15540 15544 15548 15552 15556 15560 15564 15568 15572 15576 15580 15584 15588 15592 15596 15600 15604 15608 15612 15616 
0
0
SET_ALL
0
1
14
-2147483647
48 1 16 5 0 1 0 -1 -1 864 1 -1879048189 14753 864 
0
0
0
CSEG_30-1
5
 P      30
0
2
14
-2147483647
48 1 16 5 0 1 0 -1 -1 864 1 -1879048189 25121 864 
0
0
 P      30SET_CSEG_ALL_ACTIVE
0
2
14
-2147483647
48 1 16 5 0 1 0 -1 -1 864 1 -1879048189 25121 864 
0
0
FACE_BOTTOM
0
1
216
25121 25125 25129 25133 25137 25141 25145 25149 25153 25157 25161 25165 25169 25173 25177 25181 25185 25189 25193 25197 25201 25205 25209 25213 25217 25221 25225 25229 25233 25237 25241 25245 25249 25253 25257 25261 25265 25269 25273 25277 25281 25285 25289 25293 25297 25301 25305 25309 25313 25317 25321 25325 25329 25333 25337 25341 25345 25349 25353 25357 25361 25365 25369 25373 25377 25381 25385 25389 25393 25397 25401 25405 25409 25413 25417 25421 25425 25429 25433 25437 25441 25445 25449 25453 25457 25461 25465 25469 25473 25477 25481 25485 25489 25493 25497 25501 25505 25509 25513 25517 25521 25525 25529 25533 25537 25541 25545 25549 25553 25557 25561 25565 25569 25573 25577 25581 25585 25589 25593 25597 25601 25605 25609 25613 25617 25621 25625 25629 25633 25637 25641 25645 25649 25653 25657 25661 25665 25669 25673 25677 25681 25685 25689 25693 25697 25701 25705 25709 25713 25717 25721 25725 25729 25733 25737 25741 25745 25749 25753 25757 25761 25765 25769 25773 25777 25781 25785 25789 25793 25797 25801 25805 25809 25813 25817 25821 25825 25829 25833 25837 25841 25845 25849 25853 25857 25861 25865 25869 25873 25877 25881 25885 25889 25893 25897 25901 25905 25909 25913 25917 25921 25925 25929 25933 25937 25941 25945 25949 25953 25957 25961 25965 25969 25973 25977 25981 
0
0
FACE_TOP
0
1
216
25124 25128 25132 25136 25140 25144 25148 25152 25156 25160 25164 25168 25172 25176 25180 25184 25188 25192 25196 25200 25204 25208 25212 25216 25220 25224 25228 25232 25236 25240 25244 25248 25252 25256 25260 25264 25268 25272 25276 25280 25284 25288 25292 25296 25300 25304 25308 25312 25316 25320 25324 25328 25332 25336 25340 25344 25348 25352 25356 25360 25364 25368 25372 25376 25380 25384 25388 25392 25396 25400 25404 25408 25412 25416 25420 25424 25428 25432 25436 25440 25444 25448 25452 25456 25460 25464 25468 25472 25476 25480 25484 25488 25492 25496 25500 25504 25508 25512 25516 25520 25524 25528 25532 25536 25540 25544 25548 25552 25556 25560 25564 25568 25572 25576 25580 25584 25588 25592 25596 25600 25604 25608 25612 25616 25620 25624 25628 25632 25636 25640 25644 25648 25652 25656 25660 25664 25668 25672 25676 25680 25684 25688 25692 25696 25700 25704 25708 25712 25716 25720 25724 25728 25732 25736 25740 25744 25748 25752 25756 25760 25764 25768 25772 25776 25780 25784 25788 25792 25796 25800 25804 25808 25812 25816 25820 25824 25828 25832 25836 25840 25844 25848 25852 25856 25860 25864 25868 25872 25876 25880 25884 25888 25892 25896 25900 25904 25908 25912 25916 25920 25924 25928 25932 25936 25940 25944 25948 25952 25956 25960 25964 25968 25972 25976 25980 25984 
0
0
SET_ALL
0
1
14
-2147483647
48 1 16 5 0 1 0 -1 -1 864 1 -1879048189 25121 864 
0
0
0
CSEG_07-1
5
 P       7
0
2
14
-2147483647
48 1 16 5 0 1 0 -1 -1 864 1 -1879048189 5249 864 
0
0
 P       7SET_CSEG_ALL_ACTIVE
0
2
14
-2147483647
48 1 16 5 0 1 0 -1 -1 864 1 -1879048189 5249 864 
0
0
FACE_BOTTOM
0
1
216
5249 5253 5257 5261 5265 5269 5273 5277 5281 5285 5289 5293 5297 5301 5305 5309 5313 5317 5321 5325 5329 5333 5337 5341 5345 5349 5353 5357 5361 5365 5369 5373 5377 5381 5385 5389 5393 5397 5401 5405 5409 5413 5417 5421 5425 5429 5433 5437 5441 5445 5449 5453 5457 5461 5465 5469 5473 5477 5481 5485 5489 5493 5497 5501 5505 5509 5513 5517 5521 5525 5529 5533 5537 5541 5545 5549 5553 5557 5561 5565 5569 5573 5577 5581 5585 5589 5593 5597 5601 5605 5609 5613 5617 5621 5625 5629 5633 5637 5641 5645 5649 5653 5657 5661 5665 5669 5673 5677 5681 5685 5689 5693 5697 5701 5705 5709 5713 5717 5721 5725 5729 5733 5737 5741 5745 5749 5753 5757 5761 5765 5769 5773 5777 5781 5785 5789 5793 5797 5801 5805 5809 5813 5817 5821 5825 5829 5833 5837 5841 5845 5849 5853 5857 5861 5865 5869 5873 5877 5881 5885 5889 5893 5897 5901 5905 5909 5913 5917 5921 5925 5929 5933 5937 5941 5945 5949 5953 5957 5961 5965 5969 5973 5977 5981 5985 5989 5993 5997 6001 6005 6009 6013 6017 6021 6025 6029 6033 6037 6041 6045 6049 6053 6057 6061 6065 6069 6073 6077 6081 6085 6089 6093 6097 6101 6105 6109 
0
0
FACE_TOP
0
1
216
5252 5256 5260 5264 5268 5272 5276 5280 5284 5288 5292 5296 5300 5304 5308 5312 5316 5320 5324 5328 5332 5336 5340 5344 5348 5352 5356 5360 5364 5368 5372 5376 5380 5384 5388 5392 5396 5400 5404 5408 5412 5416 5420 5424 5428 5432 5436 5440 5444 5448 5452 5456 5460 5464 5468 5472 5476 5480 5484 5488 5492 5496 5500 5504 5508 5512 5516 5520 5524 5528 5532 5536 5540 5544 5548 5552 5556 5560 5564 5568 5572 5576 5580 5584 5588 5592 5596 5600 5604 5608 5612 5616 5620 5624 5628 5632 5636 5640 5644 5648 5652 5656 5660 5664 5668 5672 5676 5680 5684 5688 5692 5696 5700 5704 5708 5712 5716 5720 5724 5728 5732 5736 5740 5744 5748 5752 5756 5760 5764 5768 5772 5776 5780 5784 5788 5792 5796 5800 5804 5808 5812 5816 5820 5824 5828 5832 5836 5840 5844 5848 5852 5856 5860 5864 5868 5872 5876 5880 5884 5888 5892 5896 5900 5904 5908 5912 5916 5920 5924 5928 5932 5936 5940 5944 5948 5952 5956 5960 5964 5968 5972 5976 5980 5984 5988 5992 5996 6000 6004 6008 6012 6016 6020 6024 6028 6032 6036 6040 6044 6048 6052 6056 6060 6064 6068 6072 6076 6080 6084 6088 6092 6096 6100 6104 6108 6112 
0
0
SET_ALL
0
1
14
-2147483647
48 1 16 5 0 1 0 -1 -1 864 1 -1879048189 5249 864 
0
0
0
CSEG_09-1
5
 P       9
0
2
14
-2147483647
48 1 16 5 0 1 0 -1 -1 864 1 -1879048189 6977 864 
0
0
 P       9SET_CSEG_ALL_ACTIVE
0
2
14
-2147483647
48 1 16 5 0 1 0 -1 -1 864 1 -1879048189 6977 864 
0
0
FACE_BOTTOM
0
1
216
6977 6981 6985 6989 6993 6997 7001 7005 7009 7013 7017 7021 7025 7029 7033 7037 7041 7045 7049 7053 7057 7061 7065 7069 7073 7077 7081 7085 7089 7093 7097 7101 7105 7109 7113 7117 7121 7125 7129 7133 7137 7141 7145 7149 7153 7157 7161 7165 7169 7173 7177 7181 7185 7189 7193 7197 7201 7205 7209 7213 7217 7221 7225 7229 7233 7237 7241 7245 7249 7253 7257 7261 7265 7269 7273 7277 7281 7285 7289 7293 7297 7301 7305 7309 7313 7317 7321 7325 7329 7333 7337 7341 7345 7349 7353 7357 7361 7365 7369 7373 7377 7381 7385 7389 7393 7397 7401 7405 7409 7413 7417 7421 7425 7429 7433 7437 7441 7445 7449 7453 7457 7461 7465 7469 7473 7477 7481 7485 7489 7493 7497 7501 7505 7509 7513 7517 7521 7525 7529 7533 7537 7541 7545 7549 7553 7557 7561 7565 7569 7573 7577 7581 7585 7589 7593 7597 7601 7605 7609 7613 7617 7621 7625 7629 7633 7637 7641 7645 7649 7653 7657 7661 7665 7669 7673 7677 7681 7685 7689 7693 7697 7701 7705 7709 7713 7717 7721 7725 7729 7733 7737 7741 7745 7749 7753 7757 7761 7765 7769 7773 7777 7781 7785 7789 7793 7797 7801 7805 7809 7813 7817 7821 7825 7829 7833 7837 
0
0
FACE_TOP
0
1
216
6980 6984 6988 6992 6996 7000 7004 7008 7012 7016 7020 7024 7028 7032 7036 7040 7044 7048 7052 7056 7060 7064 7068 7072 7076 7080 7084 7088 7092 7096 7100 7104 7108 7112 7116 7120 7124 7128 7132 7136 7140 7144 7148 7152 7156 7160 7164 7168 7172 7176 7180 7184 7188 7192 7196 7200 7204 7208 7212 7216 7220 7224 7228 7232 7236 7240 7244 7248 7252 7256 7260 7264 7268 7272 7276 7280 7284 7288 7292 7296 7300 7304 7308 7312 7316 7320 7324 7328 7332 7336 7340 7344 7348 7352 7356 7360 7364 7368 7372 7376 7380 7384 7388 7392 7396 7400 7404 7408 7412 7416 7420 7424 7428 7432 7436 7440 7444 7448 7452 7456 7460 7464 7468 7472 7476 7480 7484 7488 7492 7496 7500 7504 7508 7512 7516 7520 7524 7528 7532 7536 7540 7544 7548 7552 7556 7560 7564 7568 7572 7576 7580 7584 7588 7592 7596 7600 7604 7608 7612 7616 7620 7624 7628 7632 7636 7640 7644 7648 7652 7656 7660 7664 7668 7672 7676 7680 7684 7688 7692 7696 7700 7704 7708 7712 7716 7720 7724 7728 7732 7736 7740 7744 7748 7752 7756 7760 7764 7768 7772 7776 7780 7784 7788 7792 7796 7800 7804 7808 7812 7816 7820 7824 7828 7832 7836 7840 
0
0
SET_ALL
0
1
14
-2147483647
48 1 16 5 0 1 0 -1 -1 864 1 -1879048189 6977 864 
0
0
0
CSEG_21-1
5
 P      21
0
2
14
-2147483647
48 1 16 5 0 1 0 -1 -1 864 1 -1879048189 17345 864 
0
0
 P      21SET_CSEG_ALL_ACTIVE
0
2
14
-2147483647
48 1 16 5 0 1 0 -1 -1 864 1 -1879048189 17345 864 
0
0
FACE_BOTTOM
0
1
216
17345 17349 17353 17357 17361 17365 17369 17373 17377 17381 17385 17389 17393 17397 17401 17405 17409 17413 17417 17421 17425 17429 17433 17437 17441 17445 17449 17453 17457 17461 17465 17469 17473 17477 17481 17485 17489 17493 17497 17501 17505 17509 17513 17517 17521 17525 17529 17533 17537 17541 17545 17549 17553 17557 17561 17565 17569 17573 17577 17581 17585 17589 17593 17597 17601 17605 17609 17613 17617 17621 17625 17629 17633 17637 17641 17645 17649 17653 17657 17661 17665 17669 17673 17677 17681 17685 17689 17693 17697 17701 17705 17709 17713 17717 17721 17725 17729 17733 17737 17741 17745 17749 17753 17757 17761 17765 17769 17773 17777 17781 17785 17789 17793 17797 17801 17805 17809 17813 17817 17821 17825 17829 17833 17837 17841 17845 17849 17853 17857 17861 17865 17869 17873 17877 17881 17885 17889 17893 17897 17901 17905 17909 17913 17917 17921 17925 17929 17933 17937 17941 17945 17949 17953 17957 17961 17965 17969 17973 17977 17981 17985 17989 17993 17997 18001 18005 18009 18013 18017 18021 18025 18029 18033 18037 18041 18045 18049 18053 18057 18061 18065 18069 18073 18077 18081 18085 18089 18093 18097 18101 18105 18109 18113 18117 18121 18125 18129 18133 18137 18141 18145 18149 18153 18157 18161 18165 18169 18173 18177 18181 18185 18189 18193 18197 18201 18205 
0
0
FACE_TOP
0
1
216
17348 17352 17356 17360 17364 17368 17372 17376 17380 17384 17388 17392 17396 17400 17404 17408 17412 17416 17420 17424 17428 17432 17436 17440 17444 17448 17452 17456 17460 17464 17468 17472 17476 17480 17484 17488 17492 17496 17500 17504 17508 17512 17516 17520 17524 17528 17532 17536 17540 17544 17548 17552 17556 17560 17564 17568 17572 17576 17580 17584 17588 17592 17596 17600 17604 17608 17612 17616 17620 17624 17628 17632 17636 17640 17644 17648 17652 17656 17660 17664 17668 17672 17676 17680 17684 17688 17692 17696 17700 17704 17708 17712 17716 17720 17724 17728 17732 17736 17740 17744 17748 17752 17756 17760 17764 17768 17772 17776 17780 17784 17788 17792 17796 17800 17804 17808 17812 17816 17820 17824 17828 17832 17836 17840 17844 17848 17852 17856 17860 17864 17868 17872 17876 17880 17884 17888 17892 17896 17900 17904 17908 17912 17916 17920 17924 17928 17932 17936 17940 17944 17948 17952 17956 17960 17964 17968 17972 17976 17980 17984 17988 17992 17996 18000 18004 18008 18012 18016 18020 18024 18028 18032 18036 18040 18044 18048 18052 18056 18060 18064 18068 18072 18076 18080 18084 18088 18092 18096 18100 18104 18108 18112 18116 18120 18124 18128 18132 18136 18140 18144 18148 18152 18156 18160 18164 18168 18172 18176 18180 18184 18188 18192 18196 18200 18204 18208 
0
0
SET_ALL
0
1
14
-2147483647
48 1 16 5 0 1 0 -1 -1 864 1 -1879048189 17345 864 
0
0
0
CSEG_23-1
5
 P      23
0
2
14
-2147483647
48 1 16 5 0 1 0 -1 -1 864 1 -1879048189 19073 864 
0
0
 P      23SET_CSEG_ALL_ACTIVE
0
2
14
-2147483647
48 1 16 5 0 1 0 -1 -1 864 1 -1879048189 19073 864 
0
0
FACE_BOTTOM
0
1
216
19073 19077 19081 19085 19089 19093 19097 19101 19105 19109 19113 19117 19121 19125 19129 19133 19137 19141 19145 19149 19153 19157 19161 19165 19169 19173 19177 19181 19185 19189 19193 19197 19201 19205 19209 19213 19217 19221 19225 19229 19233 19237 19241 19245 19249 19253 19257 19261 19265 19269 19273 19277 19281 19285 19289 19293 19297 19301 19305 19309 19313 19317 19321 19325 19329 19333 19337 19341 19345 19349 19353 19357 19361 19365 19369 19373 19377 19381 19385 19389 19393 19397 19401 19405 19409 19413 19417 19421 19425 19429 19433 19437 19441 19445 19449 19453 19457 19461 19465 19469 19473 19477 19481 19485 19489 19493 19497 19501 19505 19509 19513 19517 19521 19525 19529 19533 19537 19541 19545 19549 19553 19557 19561 19565 19569 19573 19577 19581 19585 19589 19593 19597 19601 19605 19609 19613 19617 19621 19625 19629 19633 19637 19641 19645 19649 19653 19657 19661 19665 19669 19673 19677 19681 19685 19689 19693 19697 19701 19705 19709 19713 19717 19721 19725 19729 19733 19737 19741 19745 19749 19753 19757 19761 19765 19769 19773 19777 19781 19785 19789 19793 19797 19801 19805 19809 19813 19817 19821 19825 19829 19833 19837 19841 19845 19849 19853 19857 19861 19865 19869 19873 19877 19881 19885 19889 19893 19897 19901 19905 19909 19913 19917 19921 19925 19929 19933 
0
0
FACE_TOP
0
1
216
19076 19080 19084 19088 19092 19096 19100 19104 19108 19112 19116 19120 19124 19128 19132 19136 19140 19144 19148 19152 19156 19160 19164 19168 19172 19176 19180 19184 19188 19192 19196 19200 19204 19208 19212 19216 19220 19224 19228 19232 19236 19240 19244 19248 19252 19256 19260 19264 19268 19272 19276 19280 19284 19288 19292 19296 19300 19304 19308 19312 19316 19320 19324 19328 19332 19336 19340 19344 19348 19352 19356 19360 19364 19368 19372 19376 19380 19384 19388 19392 19396 19400 19404 19408 19412 19416 19420 19424 19428 19432 19436 19440 19444 19448 19452 19456 19460 19464 19468 19472 19476 19480 19484 19488 19492 19496 19500 19504 19508 19512 19516 19520 19524 19528 19532 19536 19540 19544 19548 19552 19556 19560 19564 19568 19572 19576 19580 19584 19588 19592 19596 19600 19604 19608 19612 19616 19620 19624 19628 19632 19636 19640 19644 19648 19652 19656 19660 19664 19668 19672 19676 19680 19684 19688 19692 19696 19700 19704 19708 19712 19716 19720 19724 19728 19732 19736 19740 19744 19748 19752 19756 19760 19764 19768 19772 19776 19780 19784 19788 19792 19796 19800 19804 19808 19812 19816 19820 19824 19828 19832 19836 19840 19844 19848 19852 19856 19860 19864 19868 19872 19876 19880 19884 19888 19892 19896 19900 19904 19908 19912 19916 19920 19924 19928 19932 19936 
0
0
SET_ALL
0
1
14
-2147483647
48 1 16 5 0 1 0 -1 -1 864 1 -1879048189 19073 864 
0
0
0
CSEG_25-1
5
 P      25
0
2
14
-2147483647
48 1 16 5 0 1 0 -1 -1 864 1 -1879048189 20801 864 
0
0
 P      25SET_CSEG_ALL_ACTIVE
0
2
14
-2147483647
48 1 16 5 0 1 0 -1 -1 864 1 -1879048189 20801 864 
0
0
FACE_BOTTOM
0
1
216
20801 20805 20809 20813 20817 20821 20825 20829 20833 20837 20841 20845 20849 20853 20857 20861 20865 20869 20873 20877 20881 20885 20889 20893 20897 20901 20905 20909 20913 20917 20921 20925 20929 20933 20937 20941 20945 20949 20953 20957 20961 20965 20969 20973 20977 20981 20985 20989 20993 20997 21001 21005 21009 21013 21017 21021 21025 21029 21033 21037 21041 21045 21049 21053 21057 21061 21065 21069 21073 21077 21081 21085 21089 21093 21097 21101 21105 21109 21113 21117 21121 21125 21129 21133 21137 21141 21145 21149 21153 21157 21161 21165 21169 21173 21177 21181 21185 21189 21193 21197 21201 21205 21209 21213 21217 21221 21225 21229 21233 21237 21241 21245 21249 21253 21257 21261 21265 21269 21273 21277 21281 21285 21289 21293 21297 21301 21305 21309 21313 21317 21321 21325 21329 21333 21337 21341 21345 21349 21353 21357 21361 21365 21369 21373 21377 21381 21385 21389 21393 21397 21401 21405 21409 21413 21417 21421 21425 21429 21433 21437 21441 21445 21449 21453 21457 21461 21465 21469 21473 21477 21481 21485 21489 21493 21497 21501 21505 21509 21513 21517 21521 21525 21529 21533 21537 21541 21545 21549 21553 21557 21561 21565 21569 21573 21577 21581 21585 21589 21593 21597 21601 21605 21609 21613 21617 21621 21625 21629 21633 21637 21641 21645 21649 21653 21657 21661 
0
0
FACE_TOP
0
1
216
20804 20808 20812 20816 20820 20824 20828 20832 20836 20840 20844 20848 20852 20856 20860 20864 20868 20872 20876 20880 20884 20888 20892 20896 20900 20904 20908 20912 20916 20920 20924 20928 20932 20936 20940 20944 20948 20952 20956 20960 20964 20968 20972 20976 20980 20984 20988 20992 20996 21000 21004 21008 21012 21016 21020 21024 21028 21032 21036 21040 21044 21048 21052 21056 21060 21064 21068 21072 21076 21080 21084 21088 21092 21096 21100 21104 21108 21112 21116 21120 21124 21128 21132 21136 21140 21144 21148 21152 21156 21160 21164 21168 21172 21176 21180 21184 21188 21192 21196 21200 21204 21208 21212 21216 21220 21224 21228 21232 21236 21240 21244 21248 21252 21256 21260 21264 21268 21272 21276 21280 21284 21288 21292 21296 21300 21304 21308 21312 21316 21320 21324 21328 21332 21336 21340 21344 21348 21352 21356 21360 21364 21368 21372 21376 21380 21384 21388 21392 21396 21400 21404 21408 21412 21416 21420 21424 21428 21432 21436 21440 21444 21448 21452 21456 21460 21464 21468 21472 21476 21480 21484 21488 21492 21496 21500 21504 21508 21512 21516 21520 21524 21528 21532 21536 21540 21544 21548 21552 21556 21560 21564 21568 21572 21576 21580 21584 21588 21592 21596 21600 21604 21608 21612 21616 21620 21624 21628 21632 21636 21640 21644 21648 21652 21656 21660 21664 
0
0
SET_ALL
0
1
14
-2147483647
48 1 16 5 0 1 0 -1 -1 864 1 -1879048189 20801 864 
0
0
0
CSEG_27-1
5
 P      27
0
2
14
-2147483647
48 1 16 5 0 1 0 -1 -1 864 1 -1879048189 22529 864 
0
0
 P      27SET_CSEG_ALL_ACTIVE
0
2
14
-2147483647
48 1 16 5 0 1 0 -1 -1 864 1 -1879048189 22529 864 
0
0
FACE_BOTTOM
0
1
216
22529 22533 22537 22541 22545 22549 22553 22557 22561 22565 22569 22573 22577 22581 22585 22589 22593 22597 22601 22605 22609 22613 22617 22621 22625 22629 22633 22637 22641 22645 22649 22653 22657 22661 22665 22669 22673 22677 22681 22685 22689 22693 22697 22701 22705 22709 22713 22717 22721 22725 22729 22733 22737 22741 22745 22749 22753 22757 22761 22765 22769 22773 22777 22781 22785 22789 22793 22797 22801 22805 22809 22813 22817 22821 22825 22829 22833 22837 22841 22845 22849 22853 22857 22861 22865 22869 22873 22877 22881 22885 22889 22893 22897 22901 22905 22909 22913 22917 22921 22925 22929 22933 22937 22941 22945 22949 22953 22957 22961 22965 22969 22973 22977 22981 22985 22989 22993 22997 23001 23005 23009 23013 23017 23021 23025 23029 23033 23037 23041 23045 23049 23053 23057 23061 23065 23069 23073 23077 23081 23085 23089 23093 23097 23101 23105 23109 23113 23117 23121 23125 23129 23133 23137 23141 23145 23149 23153 23157 23161 23165 23169 23173 23177 23181 23185 23189 23193 23197 23201 23205 23209 23213 23217 23221 23225 23229 23233 23237 23241 23245 23249 23253 23257 23261 23265 23269 23273 23277 23281 23285 23289 23293 23297 23301 23305 23309 23313 23317 23321 23325 23329 23333 23337 23341 23345 23349 23353 23357 23361 23365 23369 23373 23377 23381 23385 23389 
0
0
FACE_TOP
0
1
216
22532 22536 22540 22544 22548 22552 22556 22560 22564 22568 22572 22576 22580 22584 22588 22592 22596 22600 22604 22608 22612 22616 22620 22624 22628 22632 22636 22640 22644 22648 22652 22656 22660 22664 22668 22672 22676 22680 22684 22688 22692 22696 22700 22704 22708 22712 22716 22720 22724 22728 22732 22736 22740 22744 22748 22752 22756 22760 22764 22768 22772 22776 22780 22784 22788 22792 22796 22800 22804 22808 22812 22816 22820 22824 22828 22832 22836 22840 22844 22848 22852 22856 22860 22864 22868 22872 22876 22880 22884 22888 22892 22896 22900 22904 22908 22912 22916 22920 22924 22928 22932 22936 22940 22944 22948 22952 22956 22960 22964 22968 22972 22976 22980 22984 22988 22992 22996 23000 23004 23008 23012 23016 23020 23024 23028 23032 23036 23040 23044 23048 23052 23056 23060 23064 23068 23072 23076 23080 23084 23088 23092 23096 23100 23104 23108 23112 23116 23120 23124 23128 23132 23136 23140 23144 23148 23152 23156 23160 23164 23168 23172 23176 23180 23184 23188 23192 23196 23200 23204 23208 23212 23216 23220 23224 23228 23232 23236 23240 23244 23248 23252 23256 23260 23264 23268 23272 23276 23280 23284 23288 23292 23296 23300 23304 23308 23312 23316 23320 23324 23328 23332 23336 23340 23344 23348 23352 23356 23360 23364 23368 23372 23376 23380 23384 23388 23392 
0
0
SET_ALL
0
1
14
-2147483647
48 1 16 5 0 1 0 -1 -1 864 1 -1879048189 22529 864 
0
0
0
CSEG_29-1
5
 P      29
0
2
14
-2147483647
48 1 16 5 0 1 0 -1 -1 864 1 -1879048189 24257 864 
0
0
 P      29SET_CSEG_ALL_ACTIVE
0
2
14
-2147483647
48 1 16 5 0 1 0 -1 -1 864 1 -1879048189 24257 864 
0
0
FACE_BOTTOM
0
1
216
24257 24261 24265 24269 24273 24277 24281 24285 24289 24293 24297 24301 24305 24309 24313 24317 24321 24325 24329 24333 24337 24341 24345 24349 24353 24357 24361 24365 24369 24373 24377 24381 24385 24389 24393 24397 24401 24405 24409 24413 24417 24421 24425 24429 24433 24437 24441 24445 24449 24453 24457 24461 24465 24469 24473 24477 24481 24485 24489 24493 24497 24501 24505 24509 24513 24517 24521 24525 24529 24533 24537 24541 24545 24549 24553 24557 24561 24565 24569 24573 24577 24581 24585 24589 24593 24597 24601 24605 24609 24613 24617 24621 24625 24629 24633 24637 24641 24645 24649 24653 24657 24661 24665 24669 24673 24677 24681 24685 24689 24693 24697 24701 24705 24709 24713 24717 24721 24725 24729 24733 24737 24741 24745 24749 24753 24757 24761 24765 24769 24773 24777 24781 24785 24789 24793 24797 24801 24805 24809 24813 24817 24821 24825 24829 24833 24837 24841 24845 24849 24853 24857 24861 24865 24869 24873 24877 24881 24885 24889 24893 24897 24901 24905 24909 24913 24917 24921 24925 24929 24933 24937 24941 24945 24949 24953 24957 24961 24965 24969 24973 24977 24981 24985 24989 24993 24997 25001 25005 25009 25013 25017 25021 25025 25029 25033 25037 25041 25045 25049 25053 25057 25061 25065 25069 25073 25077 25081 25085 25089 25093 25097 25101 25105 25109 25113 25117 
0
0
FACE_TOP
0
1
216
24260 24264 24268 24272 24276 24280 24284 24288 24292 24296 24300 24304 24308 24312 24316 24320 24324 24328 24332 24336 24340 24344 24348 24352 24356 24360 24364 24368 24372 24376 24380 24384 24388 24392 24396 24400 24404 24408 24412 24416 24420 24424 24428 24432 24436 24440 24444 24448 24452 24456 24460 24464 24468 24472 24476 24480 24484 24488 24492 24496 24500 24504 24508 24512 24516 24520 24524 24528 24532 24536 24540 24544 24548 24552 24556 24560 24564 24568 24572 24576 24580 24584 24588 24592 24596 24600 24604 24608 24612 24616 24620 24624 24628 24632 24636 24640 24644 24648 24652 24656 24660 24664 24668 24672 24676 24680 24684 24688 24692 24696 24700 24704 24708 24712 24716 24720 24724 24728 24732 24736 24740 24744 24748 24752 24756 24760 24764 24768 24772 24776 24780 24784 24788 24792 24796 24800 24804 24808 24812 24816 24820 24824 24828 24832 24836 24840 24844 24848 24852 24856 24860 24864 24868 24872 24876 24880 24884 24888 24892 24896 24900 24904 24908 24912 24916 24920 24924 24928 24932 24936 24940 24944 24948 24952 24956 24960 24964 24968 24972 24976 24980 24984 24988 24992 24996 25000 25004 25008 25012 25016 25020 25024 25028 25032 25036 25040 25044 25048 25052 25056 25060 25064 25068 25072 25076 25080 25084 25088 25092 25096 25100 25104 25108 25112 25116 25120 
0
0
SET_ALL
0
1
14
-2147483647
48 1 16 5 0 1 0 -1 -1 864 1 -1879048189 24257 864 
0
0
0
SSEG_01-1
5
 P      65
0
2
14
-2147483647
48 1 16 5 0 1 0 -1 -1 756 1 -1879048189 239257 756 
0
0
 P      65SET_SSEG_ALL_ACTIVE
0
2
14
-2147483647
48 1 16 5 0 1 0 -1 -1 756 1 -1879048189 239257 756 
0
0
FACE_BOTTOM
0
1
108
239257 239264 239271 239278 239285 239292 239299 239306 239313 239320 239327 239334 239341 239348 239355 239362 239369 239376 239383 239390 239397 239404 239411 239418 239425 239432 239439 239446 239453 239460 239467 239474 239481 239488 239495 239502 239509 239516 239523 239530 239537 239544 239551 239558 239565 239572 239579 239586 239593 239600 239607 239614 239621 239628 239635 239642 239649 239656 239663 239670 239677 239684 239691 239698 239705 239712 239719 239726 239733 239740 239747 239754 239761 239768 239775 239782 239789 239796 239803 239810 239817 239824 239831 239838 239845 239852 239859 239866 239873 239880 239887 239894 239901 239908 239915 239922 239929 239936 239943 239950 239957 239964 239971 239978 239985 239992 239999 240006 
0
0
FACE_TOP
0
1
108
239263 239270 239277 239284 239291 239298 239305 239312 239319 239326 239333 239340 239347 239354 239361 239368 239375 239382 239389 239396 239403 239410 239417 239424 239431 239438 239445 239452 239459 239466 239473 239480 239487 239494 239501 239508 239515 239522 239529 239536 239543 239550 239557 239564 239571 239578 239585 239592 239599 239606 239613 239620 239627 239634 239641 239648 239655 239662 239669 239676 239683 239690 239697 239704 239711 239718 239725 239732 239739 239746 239753 239760 239767 239774 239781 239788 239795 239802 239809 239816 239823 239830 239837 239844 239851 239858 239865 239872 239879 239886 239893 239900 239907 239914 239921 239928 239935 239942 239949 239956 239963 239970 239977 239984 239991 239998 240005 240012 
0
0
SET_ALL
0
1
14
-2147483647
48 1 16 5 0 1 0 -1 -1 756 1 -1879048189 239257 756 
0
0
0
SSEG_03-1
5
 P      67
0
2
14
-2147483647
48 1 16 5 0 1 0 -1 -1 756 1 -1879048189 240769 756 
0
0
 P      67SET_SSEG_ALL_ACTIVE
0
2
14
-2147483647
48 1 16 5 0 1 0 -1 -1 756 1 -1879048189 240769 756 
0
0
FACE_BOTTOM
0
1
108
240769 240776 240783 240790 240797 240804 240811 240818 240825 240832 240839 240846 240853 240860 240867 240874 240881 240888 240895 240902 240909 240916 240923 240930 240937 240944 240951 240958 240965 240972 240979 240986 240993 241000 241007 241014 241021 241028 241035 241042 241049 241056 241063 241070 241077 241084 241091 241098 241105 241112 241119 241126 241133 241140 241147 241154 241161 241168 241175 241182 241189 241196 241203 241210 241217 241224 241231 241238 241245 241252 241259 241266 241273 241280 241287 241294 241301 241308 241315 241322 241329 241336 241343 241350 241357 241364 241371 241378 241385 241392 241399 241406 241413 241420 241427 241434 241441 241448 241455 241462 241469 241476 241483 241490 241497 241504 241511 241518 
0
0
FACE_TOP
0
1
108
240775 240782 240789 240796 240803 240810 240817 240824 240831 240838 240845 240852 240859 240866 240873 240880 240887 240894 240901 240908 240915 240922 240929 240936 240943 240950 240957 240964 240971 240978 240985 240992 240999 241006 241013 241020 241027 241034 241041 241048 241055 241062 241069 241076 241083 241090 241097 241104 241111 241118 241125 241132 241139 241146 241153 241160 241167 241174 241181 241188 241195 241202 241209 241216 241223 241230 241237 241244 241251 241258 241265 241272 241279 241286 241293 241300 241307 241314 241321 241328 241335 241342 241349 241356 241363 241370 241377 241384 241391 241398 241405 241412 241419 241426 241433 241440 241447 241454 241461 241468 241475 241482 241489 241496 241503 241510 241517 241524 
0
0
SET_ALL
0
1
14
-2147483647
48 1 16 5 0 1 0 -1 -1 756 1 -1879048189 240769 756 
0
0
0
CSEG_11-1
5
 P      11
0
2
14
-2147483647
48 1 16 5 0 1 0 -1 -1 864 1 -1879048189 8705 864 
0
0
 P      11SET_CSEG_ALL_ACTIVE
0
2
14
-2147483647
48 1 16 5 0 1 0 -1 -1 864 1 -1879048189 8705 864 
0
0
FACE_BOTTOM
0
1
216
8705 8709 8713 8717 8721 8725 8729 8733 8737 8741 8745 8749 8753 8757 8761 8765 8769 8773 8777 8781 8785 8789 8793 8797 8801 8805 8809 8813 8817 8821 8825 8829 8833 8837 8841 8845 8849 8853 8857 8861 8865 8869 8873 8877 8881 8885 8889 8893 8897 8901 8905 8909 8913 8917 8921 8925 8929 8933 8937 8941 8945 8949 8953 8957 8961 8965 8969 8973 8977 8981 8985 8989 8993 8997 9001 9005 9009 9013 9017 9021 9025 9029 9033 9037 9041 9045 9049 9053 9057 9061 9065 9069 9073 9077 9081 9085 9089 9093 9097 9101 9105 9109 9113 9117 9121 9125 9129 9133 9137 9141 9145 9149 9153 9157 9161 9165 9169 9173 9177 9181 9185 9189 9193 9197 9201 9205 9209 9213 9217 9221 9225 9229 9233 9237 9241 9245 9249 9253 9257 9261 9265 9269 9273 9277 9281 9285 9289 9293 9297 9301 9305 9309 9313 9317 9321 9325 9329 9333 9337 9341 9345 9349 9353 9357 9361 9365 9369 9373 9377 9381 9385 9389 9393 9397 9401 9405 9409 9413 9417 9421 9425 9429 9433 9437 9441 9445 9449 9453 9457 9461 9465 9469 9473 9477 9481 9485 9489 9493 9497 9501 9505 9509 9513 9517 9521 9525 9529 9533 9537 9541 9545 9549 9553 9557 9561 9565 
0
0
FACE_TOP
0
1
216
8708 8712 8716 8720 8724 8728 8732 8736 8740 8744 8748 8752 8756 8760 8764 8768 8772 8776 8780 8784 8788 8792 8796 8800 8804 8808 8812 8816 8820 8824 8828 8832 8836 8840 8844 8848 8852 8856 8860 8864 8868 8872 8876 8880 8884 8888 8892 8896 8900 8904 8908 8912 8916 8920 8924 8928 8932 8936 8940 8944 8948 8952 8956 8960 8964 8968 8972 8976 8980 8984 8988 8992 8996 9000 9004 9008 9012 9016 9020 9024 9028 9032 9036 9040 9044 9048 9052 9056 9060 9064 9068 9072 9076 9080 9084 9088 9092 9096 9100 9104 9108 9112 9116 9120 9124 9128 9132 9136 9140 9144 9148 9152 9156 9160 9164 9168 9172 9176 9180 9184 9188 9192 9196 9200 9204 9208 9212 9216 9220 9224 9228 9232 9236 9240 9244 9248 9252 9256 9260 9264 9268 9272 9276 9280 9284 9288 9292 9296 9300 9304 9308 9312 9316 9320 9324 9328 9332 9336 9340 9344 9348 9352 9356 9360 9364 9368 9372 9376 9380 9384 9388 9392 9396 9400 9404 9408 9412 9416 9420 9424 9428 9432 9436 9440 9444 9448 9452 9456 9460 9464 9468 9472 9476 9480 9484 9488 9492 9496 9500 9504 9508 9512 9516 9520 9524 9528 9532 9536 9540 9544 9548 9552 9556 9560 9564 9568 
0
0
SET_ALL
0
1
14
-2147483647
48 1 16 5 0 1 0 -1 -1 864 1 -1879048189 8705 864 
0
0
0
CSEG_13-1
5
 P      13
0
2
14
-2147483647
48 1 16 5 0 1 0 -1 -1 864 1 -1879048189 10433 864 
0
0
 P      13SET_CSEG_ALL_ACTIVE
0
2
14
-2147483647
48 1 16 5 0 1 0 -1 -1 864 1 -1879048189 10433 864 
0
0
FACE_BOTTOM
0
1
216
10433 10437 10441 10445 10449 10453 10457 10461 10465 10469 10473 10477 10481 10485 10489 10493 10497 10501 10505 10509 10513 10517 10521 10525 10529 10533 10537 10541 10545 10549 10553 10557 10561 10565 10569 10573 10577 10581 10585 10589 10593 10597 10601 10605 10609 10613 10617 10621 10625 10629 10633 10637 10641 10645 10649 10653 10657 10661 10665 10669 10673 10677 10681 10685 10689 10693 10697 10701 10705 10709 10713 10717 10721 10725 10729 10733 10737 10741 10745 10749 10753 10757 10761 10765 10769 10773 10777 10781 10785 10789 10793 10797 10801 10805 10809 10813 10817 10821 10825 10829 10833 10837 10841 10845 10849 10853 10857 10861 10865 10869 10873 10877 10881 10885 10889 10893 10897 10901 10905 10909 10913 10917 10921 10925 10929 10933 10937 10941 10945 10949 10953 10957 10961 10965 10969 10973 10977 10981 10985 10989 10993 10997 11001 11005 11009 11013 11017 11021 11025 11029 11033 11037 11041 11045 11049 11053 11057 11061 11065 11069 11073 11077 11081 11085 11089 11093 11097 11101 11105 11109 11113 11117 11121 11125 11129 11133 11137 11141 11145 11149 11153 11157 11161 11165 11169 11173 11177 11181 11185 11189 11193 11197 11201 11205 11209 11213 11217 11221 11225 11229 11233 11237 11241 11245 11249 11253 11257 11261 11265 11269 11273 11277 11281 11285 11289 11293 
0
0
FACE_TOP
0
1
216
10436 10440 10444 10448 10452 10456 10460 10464 10468 10472 10476 10480 10484 10488 10492 10496 10500 10504 10508 10512 10516 10520 10524 10528 10532 10536 10540 10544 10548 10552 10556 10560 10564 10568 10572 10576 10580 10584 10588 10592 10596 10600 10604 10608 10612 10616 10620 10624 10628 10632 10636 10640 10644 10648 10652 10656 10660 10664 10668 10672 10676 10680 10684 10688 10692 10696 10700 10704 10708 10712 10716 10720 10724 10728 10732 10736 10740 10744 10748 10752 10756 10760 10764 10768 10772 10776 10780 10784 10788 10792 10796 10800 10804 10808 10812 10816 10820 10824 10828 10832 10836 10840 10844 10848 10852 10856 10860 10864 10868 10872 10876 10880 10884 10888 10892 10896 10900 10904 10908 10912 10916 10920 10924 10928 10932 10936 10940 10944 10948 10952 10956 10960 10964 10968 10972 10976 10980 10984 10988 10992 10996 11000 11004 11008 11012 11016 11020 11024 11028 11032 11036 11040 11044 11048 11052 11056 11060 11064 11068 11072 11076 11080 11084 11088 11092 11096 11100 11104 11108 11112 11116 11120 11124 11128 11132 11136 11140 11144 11148 11152 11156 11160 11164 11168 11172 11176 11180 11184 11188 11192 11196 11200 11204 11208 11212 11216 11220 11224 11228 11232 11236 11240 11244 11248 11252 11256 11260 11264 11268 11272 11276 11280 11284 11288 11292 11296 
0
0
SET_ALL
0
1
14
-2147483647
48 1 16 5 0 1 0 -1 -1 864 1 -1879048189 10433 864 
0
0
0
CSEG_15-1
5
 P      15
0
2
14
-2147483647
48 1 16 5 0 1 0 -1 -1 864 1 -1879048189 12161 864 
0
0
 P      15SET_CSEG_ALL_ACTIVE
0
2
14
-2147483647
48 1 16 5 0 1 0 -1 -1 864 1 -1879048189 12161 864 
0
0
FACE_BOTTOM
0
1
216
12161 12165 12169 12173 12177 12181 12185 12189 12193 12197 12201 12205 12209 12213 12217 12221 12225 12229 12233 12237 12241 12245 12249 12253 12257 12261 12265 12269 12273 12277 12281 12285 12289 12293 12297 12301 12305 12309 12313 12317 12321 12325 12329 12333 12337 12341 12345 12349 12353 12357 12361 12365 12369 12373 12377 12381 12385 12389 12393 12397 12401 12405 12409 12413 12417 12421 12425 12429 12433 12437 12441 12445 12449 12453 12457 12461 12465 12469 12473 12477 12481 12485 12489 12493 12497 12501 12505 12509 12513 12517 12521 12525 12529 12533 12537 12541 12545 12549 12553 12557 12561 12565 12569 12573 12577 12581 12585 12589 12593 12597 12601 12605 12609 12613 12617 12621 12625 12629 12633 12637 12641 12645 12649 12653 12657 12661 12665 12669 12673 12677 12681 12685 12689 12693 12697 12701 12705 12709 12713 12717 12721 12725 12729 12733 12737 12741 12745 12749 12753 12757 12761 12765 12769 12773 12777 12781 12785 12789 12793 12797 12801 12805 12809 12813 12817 12821 12825 12829 12833 12837 12841 12845 12849 12853 12857 12861 12865 12869 12873 12877 12881 12885 12889 12893 12897 12901 12905 12909 12913 12917 12921 12925 12929 12933 12937 12941 12945 12949 12953 12957 12961 12965 12969 12973 12977 12981 12985 12989 12993 12997 13001 13005 13009 13013 13017 13021 
0
0
FACE_TOP
0
1
216
12164 12168 12172 12176 12180 12184 12188 12192 12196 12200 12204 12208 12212 12216 12220 12224 12228 12232 12236 12240 12244 12248 12252 12256 12260 12264 12268 12272 12276 12280 12284 12288 12292 12296 12300 12304 12308 12312 12316 12320 12324 12328 12332 12336 12340 12344 12348 12352 12356 12360 12364 12368 12372 12376 12380 12384 12388 12392 12396 12400 12404 12408 12412 12416 12420 12424 12428 12432 12436 12440 12444 12448 12452 12456 12460 12464 12468 12472 12476 12480 12484 12488 12492 12496 12500 12504 12508 12512 12516 12520 12524 12528 12532 12536 12540 12544 12548 12552 12556 12560 12564 12568 12572 12576 12580 12584 12588 12592 12596 12600 12604 12608 12612 12616 12620 12624 12628 12632 12636 12640 12644 12648 12652 12656 12660 12664 12668 12672 12676 12680 12684 12688 12692 12696 12700 12704 12708 12712 12716 12720 12724 12728 12732 12736 12740 12744 12748 12752 12756 12760 12764 12768 12772 12776 12780 12784 12788 12792 12796 12800 12804 12808 12812 12816 12820 12824 12828 12832 12836 12840 12844 12848 12852 12856 12860 12864 12868 12872 12876 12880 12884 12888 12892 12896 12900 12904 12908 12912 12916 12920 12924 12928 12932 12936 12940 12944 12948 12952 12956 12960 12964 12968 12972 12976 12980 12984 12988 12992 12996 13000 13004 13008 13012 13016 13020 13024 
0
0
SET_ALL
0
1
14
-2147483647
48 1 16 5 0 1 0 -1 -1 864 1 -1879048189 12161 864 
0
0
0
CSEG_17-1
5
 P      17
0
2
14
-2147483647
48 1 16 5 0 1 0 -1 -1 864 1 -1879048189 13889 864 
0
0
 P      17SET_CSEG_ALL_ACTIVE
0
2
14
-2147483647
48 1 16 5 0 1 0 -1 -1 864 1 -1879048189 13889 864 
0
0
FACE_BOTTOM
0
1
216
13889 13893 13897 13901 13905 13909 13913 13917 13921 13925 13929 13933 13937 13941 13945 13949 13953 13957 13961 13965 13969 13973 13977 13981 13985 13989 13993 13997 14001 14005 14009 14013 14017 14021 14025 14029 14033 14037 14041 14045 14049 14053 14057 14061 14065 14069 14073 14077 14081 14085 14089 14093 14097 14101 14105 14109 14113 14117 14121 14125 14129 14133 14137 14141 14145 14149 14153 14157 14161 14165 14169 14173 14177 14181 14185 14189 14193 14197 14201 14205 14209 14213 14217 14221 14225 14229 14233 14237 14241 14245 14249 14253 14257 14261 14265 14269 14273 14277 14281 14285 14289 14293 14297 14301 14305 14309 14313 14317 14321 14325 14329 14333 14337 14341 14345 14349 14353 14357 14361 14365 14369 14373 14377 14381 14385 14389 14393 14397 14401 14405 14409 14413 14417 14421 14425 14429 14433 14437 14441 14445 14449 14453 14457 14461 14465 14469 14473 14477 14481 14485 14489 14493 14497 14501 14505 14509 14513 14517 14521 14525 14529 14533 14537 14541 14545 14549 14553 14557 14561 14565 14569 14573 14577 14581 14585 14589 14593 14597 14601 14605 14609 14613 14617 14621 14625 14629 14633 14637 14641 14645 14649 14653 14657 14661 14665 14669 14673 14677 14681 14685 14689 14693 14697 14701 14705 14709 14713 14717 14721 14725 14729 14733 14737 14741 14745 14749 
0
0
FACE_TOP
0
1
216
13892 13896 13900 13904 13908 13912 13916 13920 13924 13928 13932 13936 13940 13944 13948 13952 13956 13960 13964 13968 13972 13976 13980 13984 13988 13992 13996 14000 14004 14008 14012 14016 14020 14024 14028 14032 14036 14040 14044 14048 14052 14056 14060 14064 14068 14072 14076 14080 14084 14088 14092 14096 14100 14104 14108 14112 14116 14120 14124 14128 14132 14136 14140 14144 14148 14152 14156 14160 14164 14168 14172 14176 14180 14184 14188 14192 14196 14200 14204 14208 14212 14216 14220 14224 14228 14232 14236 14240 14244 14248 14252 14256 14260 14264 14268 14272 14276 14280 14284 14288 14292 14296 14300 14304 14308 14312 14316 14320 14324 14328 14332 14336 14340 14344 14348 14352 14356 14360 14364 14368 14372 14376 14380 14384 14388 14392 14396 14400 14404 14408 14412 14416 14420 14424 14428 14432 14436 14440 14444 14448 14452 14456 14460 14464 14468 14472 14476 14480 14484 14488 14492 14496 14500 14504 14508 14512 14516 14520 14524 14528 14532 14536 14540 14544 14548 14552 14556 14560 14564 14568 14572 14576 14580 14584 14588 14592 14596 14600 14604 14608 14612 14616 14620 14624 14628 14632 14636 14640 14644 14648 14652 14656 14660 14664 14668 14672 14676 14680 14684 14688 14692 14696 14700 14704 14708 14712 14716 14720 14724 14728 14732 14736 14740 14744 14748 14752 
0
0
SET_ALL
0
1
14
-2147483647
48 1 16 5 0 1 0 -1 -1 864 1 -1879048189 13889 864 
0
0
0
CSEG_19-1
5
 P      19
0
2
14
-2147483647
48 1 16 5 0 1 0 -1 -1 864 1 -1879048189 15617 864 
0
0
 P      19SET_CSEG_ALL_ACTIVE
0
2
14
-2147483647
48 1 16 5 0 1 0 -1 -1 864 1 -1879048189 15617 864 
0
0
FACE_BOTTOM
0
1
216
15617 15621 15625 15629 15633 15637 15641 15645 15649 15653 15657 15661 15665 15669 15673 15677 15681 15685 15689 15693 15697 15701 15705 15709 15713 15717 15721 15725 15729 15733 15737 15741 15745 15749 15753 15757 15761 15765 15769 15773 15777 15781 15785 15789 15793 15797 15801 15805 15809 15813 15817 15821 15825 15829 15833 15837 15841 15845 15849 15853 15857 15861 15865 15869 15873 15877 15881 15885 15889 15893 15897 15901 15905 15909 15913 15917 15921 15925 15929 15933 15937 15941 15945 15949 15953 15957 15961 15965 15969 15973 15977 15981 15985 15989 15993 15997 16001 16005 16009 16013 16017 16021 16025 16029 16033 16037 16041 16045 16049 16053 16057 16061 16065 16069 16073 16077 16081 16085 16089 16093 16097 16101 16105 16109 16113 16117 16121 16125 16129 16133 16137 16141 16145 16149 16153 16157 16161 16165 16169 16173 16177 16181 16185 16189 16193 16197 16201 16205 16209 16213 16217 16221 16225 16229 16233 16237 16241 16245 16249 16253 16257 16261 16265 16269 16273 16277 16281 16285 16289 16293 16297 16301 16305 16309 16313 16317 16321 16325 16329 16333 16337 16341 16345 16349 16353 16357 16361 16365 16369 16373 16377 16381 16385 16389 16393 16397 16401 16405 16409 16413 16417 16421 16425 16429 16433 16437 16441 16445 16449 16453 16457 16461 16465 16469 16473 16477 
0
0
FACE_TOP
0
1
216
15620 15624 15628 15632 15636 15640 15644 15648 15652 15656 15660 15664 15668 15672 15676 15680 15684 15688 15692 15696 15700 15704 15708 15712 15716 15720 15724 15728 15732 15736 15740 15744 15748 15752 15756 15760 15764 15768 15772 15776 15780 15784 15788 15792 15796 15800 15804 15808 15812 15816 15820 15824 15828 15832 15836 15840 15844 15848 15852 15856 15860 15864 15868 15872 15876 15880 15884 15888 15892 15896 15900 15904 15908 15912 15916 15920 15924 15928 15932 15936 15940 15944 15948 15952 15956 15960 15964 15968 15972 15976 15980 15984 15988 15992 15996 16000 16004 16008 16012 16016 16020 16024 16028 16032 16036 16040 16044 16048 16052 16056 16060 16064 16068 16072 16076 16080 16084 16088 16092 16096 16100 16104 16108 16112 16116 16120 16124 16128 16132 16136 16140 16144 16148 16152 16156 16160 16164 16168 16172 16176 16180 16184 16188 16192 16196 16200 16204 16208 16212 16216 16220 16224 16228 16232 16236 16240 16244 16248 16252 16256 16260 16264 16268 16272 16276 16280 16284 16288 16292 16296 16300 16304 16308 16312 16316 16320 16324 16328 16332 16336 16340 16344 16348 16352 16356 16360 16364 16368 16372 16376 16380 16384 16388 16392 16396 16400 16404 16408 16412 16416 16420 16424 16428 16432 16436 16440 16444 16448 16452 16456 16460 16464 16468 16472 16476 16480 
0
0
SET_ALL
0
1
14
-2147483647
48 1 16 5 0 1 0 -1 -1 864 1 -1879048189 15617 864 
0
0
0
CSEG_31-1
5
 P      31
0
2
14
-2147483647
48 1 16 5 0 1 0 -1 -1 864 1 -1879048189 25985 864 
0
0
 P      31SET_CSEG_ALL_ACTIVE
0
2
14
-2147483647
48 1 16 5 0 1 0 -1 -1 864 1 -1879048189 25985 864 
0
0
FACE_BOTTOM
0
1
216
25985 25989 25993 25997 26001 26005 26009 26013 26017 26021 26025 26029 26033 26037 26041 26045 26049 26053 26057 26061 26065 26069 26073 26077 26081 26085 26089 26093 26097 26101 26105 26109 26113 26117 26121 26125 26129 26133 26137 26141 26145 26149 26153 26157 26161 26165 26169 26173 26177 26181 26185 26189 26193 26197 26201 26205 26209 26213 26217 26221 26225 26229 26233 26237 26241 26245 26249 26253 26257 26261 26265 26269 26273 26277 26281 26285 26289 26293 26297 26301 26305 26309 26313 26317 26321 26325 26329 26333 26337 26341 26345 26349 26353 26357 26361 26365 26369 26373 26377 26381 26385 26389 26393 26397 26401 26405 26409 26413 26417 26421 26425 26429 26433 26437 26441 26445 26449 26453 26457 26461 26465 26469 26473 26477 26481 26485 26489 26493 26497 26501 26505 26509 26513 26517 26521 26525 26529 26533 26537 26541 26545 26549 26553 26557 26561 26565 26569 26573 26577 26581 26585 26589 26593 26597 26601 26605 26609 26613 26617 26621 26625 26629 26633 26637 26641 26645 26649 26653 26657 26661 26665 26669 26673 26677 26681 26685 26689 26693 26697 26701 26705 26709 26713 26717 26721 26725 26729 26733 26737 26741 26745 26749 26753 26757 26761 26765 26769 26773 26777 26781 26785 26789 26793 26797 26801 26805 26809 26813 26817 26821 26825 26829 26833 26837 26841 26845 
0
0
FACE_TOP
0
1
216
25988 25992 25996 26000 26004 26008 26012 26016 26020 26024 26028 26032 26036 26040 26044 26048 26052 26056 26060 26064 26068 26072 26076 26080 26084 26088 26092 26096 26100 26104 26108 26112 26116 26120 26124 26128 26132 26136 26140 26144 26148 26152 26156 26160 26164 26168 26172 26176 26180 26184 26188 26192 26196 26200 26204 26208 26212 26216 26220 26224 26228 26232 26236 26240 26244 26248 26252 26256 26260 26264 26268 26272 26276 26280 26284 26288 26292 26296 26300 26304 26308 26312 26316 26320 26324 26328 26332 26336 26340 26344 26348 26352 26356 26360 26364 26368 26372 26376 26380 26384 26388 26392 26396 26400 26404 26408 26412 26416 26420 26424 26428 26432 26436 26440 26444 26448 26452 26456 26460 26464 26468 26472 26476 26480 26484 26488 26492 26496 26500 26504 26508 26512 26516 26520 26524 26528 26532 26536 26540 26544 26548 26552 26556 26560 26564 26568 26572 26576 26580 26584 26588 26592 26596 26600 26604 26608 26612 26616 26620 26624 26628 26632 26636 26640 26644 26648 26652 26656 26660 26664 26668 26672 26676 26680 26684 26688 26692 26696 26700 26704 26708 26712 26716 26720 26724 26728 26732 26736 26740 26744 26748 26752 26756 26760 26764 26768 26772 26776 26780 26784 26788 26792 26796 26800 26804 26808 26812 26816 26820 26824 26828 26832 26836 26840 26844 26848 
0
0
SET_ALL
0
1
14
-2147483647
48 1 16 5 0 1 0 -1 -1 864 1 -1879048189 25985 864 
0
0
0
35
CSEG_01-1
2
SURF_BOTTOM
0
0
1
S3
144
183 184 189 190 195 196 201 202 207 208 213 214 219 220 225 226 231 232 237 238 243 244 249 250 255 256 261 262 267 268 273 274 279 280 285 286 291 292 297 298 303 304 309 310 315 316 321 322 327 328 333 334 339 340 345 346 351 352 357 358 363 364 369 370 375 376 381 382 387 388 393 394 399 400 405 406 411 412 417 418 423 424 429 430 435 436 441 442 447 448 453 454 459 460 465 466 471 472 477 478 483 484 489 490 495 496 501 502 507 508 513 514 519 520 525 526 531 532 537 538 543 544 549 550 555 556 561 562 567 568 573 574 579 580 585 586 591 592 597 598 603 604 609 610 
SURF_TOP
0
0
1
S5
144
187 188 193 194 199 200 205 206 211 212 217 218 223 224 229 230 235 236 241 242 247 248 253 254 259 260 265 266 271 272 277 278 283 284 289 290 295 296 301 302 307 308 313 314 319 320 325 326 331 332 337 338 343 344 349 350 355 356 361 362 367 368 373 374 379 380 385 386 391 392 397 398 403 404 409 410 415 416 421 422 427 428 433 434 439 440 445 446 451 452 457 458 463 464 469 470 475 476 481 482 487 488 493 494 499 500 505 506 511 512 517 518 523 524 529 530 535 536 541 542 547 548 553 554 559 560 565 566 571 572 577 578 583 584 589 590 595 596 601 602 607 608 613 614 
CSEG_02-1
2
SURF_BOTTOM
0
0
1
S6
144
615 618 621 624 627 630 633 636 639 642 645 648 651 654 657 660 663 666 669 672 675 678 681 684 687 690 693 696 699 702 705 708 711 714 717 720 723 726 729 732 735 738 741 744 747 750 753 756 759 762 765 768 771 774 777 780 783 786 789 792 795 798 801 804 807 810 813 816 819 822 825 828 831 834 837 840 843 846 849 852 855 858 861 864 867 870 873 876 879 882 885 888 891 894 897 900 903 906 909 912 915 918 921 924 927 930 933 936 939 942 945 948 951 954 957 960 963 966 969 972 975 978 981 984 987 990 993 996 999 1002 1005 1008 1011 1014 1017 1020 1023 1026 1029 1032 1035 1038 1041 1044 
SURF_TOP
0
0
1
S4
144
617 620 623 626 629 632 635 638 641 644 647 650 653 656 659 662 665 668 671 674 677 680 683 686 689 692 695 698 701 704 707 710 713 716 719 722 725 728 731 734 737 740 743 746 749 752 755 758 761 764 767 770 773 776 779 782 785 788 791 794 797 800 803 806 809 812 815 818 821 824 827 830 833 836 839 842 845 848 851 854 857 860 863 866 869 872 875 878 881 884 887 890 893 896 899 902 905 908 911 914 917 920 923 926 929 932 935 938 941 944 947 950 953 956 959 962 965 968 971 974 977 980 983 986 989 992 995 998 1001 1004 1007 1010 1013 1016 1019 1022 1025 1028 1031 1034 1037 1040 1043 1046 
CSEG_03-1
2
SURF_BOTTOM
0
0
1
S6
144
1047 1050 1053 1056 1059 1062 1065 1068 1071 1074 1077 1080 1083 1086 1089 1092 1095 1098 1101 1104 1107 1110 1113 1116 1119 1122 1125 1128 1131 1134 1137 1140 1143 1146 1149 1152 1155 1158 1161 1164 1167 1170 1173 1176 1179 1182 1185 1188 1191 1194 1197 1200 1203 1206 1209 1212 1215 1218 1221 1224 1227 1230 1233 1236 1239 1242 1245 1248 1251 1254 1257 1260 1263 1266 1269 1272 1275 1278 1281 1284 1287 1290 1293 1296 1299 1302 1305 1308 1311 1314 1317 1320 1323 1326 1329 1332 1335 1338 1341 1344 1347 1350 1353 1356 1359 1362 1365 1368 1371 1374 1377 1380 1383 1386 1389 1392 1395 1398 1401 1404 1407 1410 1413 1416 1419 1422 1425 1428 1431 1434 1437 1440 1443 1446 1449 1452 1455 1458 1461 1464 1467 1470 1473 1476 
SURF_TOP
0
0
1
S4
144
1049 1052 1055 1058 1061 1064 1067 1070 1073 1076 1079 1082 1085 1088 1091 1094 1097 1100 1103 1106 1109 1112 1115 1118 1121 1124 1127 1130 1133 1136 1139 1142 1145 1148 1151 1154 1157 1160 1163 1166 1169 1172 1175 1178 1181 1184 1187 1190 1193 1196 1199 1202 1205 1208 1211 1214 1217 1220 1223 1226 1229 1232 1235 1238 1241 1244 1247 1250 1253 1256 1259 1262 1265 1268 1271 1274 1277 1280 1283 1286 1289 1292 1295 1298 1301 1304 1307 1310 1313 1316 1319 1322 1325 1328 1331 1334 1337 1340 1343 1346 1349 1352 1355 1358 1361 1364 1367 1370 1373 1376 1379 1382 1385 1388 1391 1394 1397 1400 1403 1406 1409 1412 1415 1418 1421 1424 1427 1430 1433 1436 1439 1442 1445 1448 1451 1454 1457 1460 1463 1466 1469 1472 1475 1478 
CSEG_04-1
2
SURF_BOTTOM
0
0
1
S6
144
1479 1482 1485 1488 1491 1494 1497 1500 1503 1506 1509 1512 1515 1518 1521 1524 1527 1530 1533 1536 1539 1542 1545 1548 1551 1554 1557 1560 1563 1566 1569 1572 1575 1578 1581 1584 1587 1590 1593 1596 1599 1602 1605 1608 1611 1614 1617 1620 1623 1626 1629 1632 1635 1638 1641 1644 1647 1650 1653 1656 1659 1662 1665 1668 1671 1674 1677 1680 1683 1686 1689 1692 1695 1698 1701 1704 1707 1710 1713 1716 1719 1722 1725 1728 1731 1734 1737 1740 1743 1746 1749 1752 1755 1758 1761 1764 1767 1770 1773 1776 1779 1782 1785 1788 1791 1794 1797 1800 1803 1806 1809 1812 1815 1818 1821 1824 1827 1830 1833 1836 1839 1842 1845 1848 1851 1854 1857 1860 1863 1866 1869 1872 1875 1878 1881 1884 1887 1890 1893 1896 1899 1902 1905 1908 
SURF_TOP
0
0
1
S4
144
1481 1484 1487 1490 1493 1496 1499 1502 1505 1508 1511 1514 1517 1520 1523 1526 1529 1532 1535 1538 1541 1544 1547 1550 1553 1556 1559 1562 1565 1568 1571 1574 1577 1580 1583 1586 1589 1592 1595 1598 1601 1604 1607 1610 1613 1616 1619 1622 1625 1628 1631 1634 1637 1640 1643 1646 1649 1652 1655 1658 1661 1664 1667 1670 1673 1676 1679 1682 1685 1688 1691 1694 1697 1700 1703 1706 1709 1712 1715 1718 1721 1724 1727 1730 1733 1736 1739 1742 1745 1748 1751 1754 1757 1760 1763 1766 1769 1772 1775 1778 1781 1784 1787 1790 1793 1796 1799 1802 1805 1808 1811 1814 1817 1820 1823 1826 1829 1832 1835 1838 1841 1844 1847 1850 1853 1856 1859 1862 1865 1868 1871 1874 1877 1880 1883 1886 1889 1892 1895 1898 1901 1904 1907 1910 
CSEG_05-1
2
SURF_BOTTOM
0
0
1
S6
144
1911 1914 1917 1920 1923 1926 1929 1932 1935 1938 1941 1944 1947 1950 1953 1956 1959 1962 1965 1968 1971 1974 1977 1980 1983 1986 1989 1992 1995 1998 2001 2004 2007 2010 2013 2016 2019 2022 2025 2028 2031 2034 2037 2040 2043 2046 2049 2052 2055 2058 2061 2064 2067 2070 2073 2076 2079 2082 2085 2088 2091 2094 2097 2100 2103 2106 2109 2112 2115 2118 2121 2124 2127 2130 2133 2136 2139 2142 2145 2148 2151 2154 2157 2160 2163 2166 2169 2172 2175 2178 2181 2184 2187 2190 2193 2196 2199 2202 2205 2208 2211 2214 2217 2220 2223 2226 2229 2232 2235 2238 2241 2244 2247 2250 2253 2256 2259 2262 2265 2268 2271 2274 2277 2280 2283 2286 2289 2292 2295 2298 2301 2304 2307 2310 2313 2316 2319 2322 2325 2328 2331 2334 2337 2340 
SURF_TOP
0
0
1
S4
144
1913 1916 1919 1922 1925 1928 1931 1934 1937 1940 1943 1946 1949 1952 1955 1958 1961 1964 1967 1970 1973 1976 1979 1982 1985 1988 1991 1994 1997 2000 2003 2006 2009 2012 2015 2018 2021 2024 2027 2030 2033 2036 2039 2042 2045 2048 2051 2054 2057 2060 2063 2066 2069 2072 2075 2078 2081 2084 2087 2090 2093 2096 2099 2102 2105 2108 2111 2114 2117 2120 2123 2126 2129 2132 2135 2138 2141 2144 2147 2150 2153 2156 2159 2162 2165 2168 2171 2174 2177 2180 2183 2186 2189 2192 2195 2198 2201 2204 2207 2210 2213 2216 2219 2222 2225 2228 2231 2234 2237 2240 2243 2246 2249 2252 2255 2258 2261 2264 2267 2270 2273 2276 2279 2282 2285 2288 2291 2294 2297 2300 2303 2306 2309 2312 2315 2318 2321 2324 2327 2330 2333 2336 2339 2342 
CSEG_06-1
2
SURF_BOTTOM
0
0
1
S6
144
2343 2346 2349 2352 2355 2358 2361 2364 2367 2370 2373 2376 2379 2382 2385 2388 2391 2394 2397 2400 2403 2406 2409 2412 2415 2418 2421 2424 2427 2430 2433 2436 2439 2442 2445 2448 2451 2454 2457 2460 2463 2466 2469 2472 2475 2478 2481 2484 2487 2490 2493 2496 2499 2502 2505 2508 2511 2514 2517 2520 2523 2526 2529 2532 2535 2538 2541 2544 2547 2550 2553 2556 2559 2562 2565 2568 2571 2574 2577 2580 2583 2586 2589 2592 2595 2598 2601 2604 2607 2610 2613 2616 2619 2622 2625 2628 2631 2634 2637 2640 2643 2646 2649 2652 2655 2658 2661 2664 2667 2670 2673 2676 2679 2682 2685 2688 2691 2694 2697 2700 2703 2706 2709 2712 2715 2718 2721 2724 2727 2730 2733 2736 2739 2742 2745 2748 2751 2754 2757 2760 2763 2766 2769 2772 
SURF_TOP
0
0
1
S4
144
2345 2348 2351 2354 2357 2360 2363 2366 2369 2372 2375 2378 2381 2384 2387 2390 2393 2396 2399 2402 2405 2408 2411 2414 2417 2420 2423 2426 2429 2432 2435 2438 2441 2444 2447 2450 2453 2456 2459 2462 2465 2468 2471 2474 2477 2480 2483 2486 2489 2492 2495 2498 2501 2504 2507 2510 2513 2516 2519 2522 2525 2528 2531 2534 2537 2540 2543 2546 2549 2552 2555 2558 2561 2564 2567 2570 2573 2576 2579 2582 2585 2588 2591 2594 2597 2600 2603 2606 2609 2612 2615 2618 2621 2624 2627 2630 2633 2636 2639 2642 2645 2648 2651 2654 2657 2660 2663 2666 2669 2672 2675 2678 2681 2684 2687 2690 2693 2696 2699 2702 2705 2708 2711 2714 2717 2720 2723 2726 2729 2732 2735 2738 2741 2744 2747 2750 2753 2756 2759 2762 2765 2768 2771 2774 
CSEG_07-1
2
SURF_BOTTOM
0
0
1
S6
144
2775 2778 2781 2784 2787 2790 2793 2796 2799 2802 2805 2808 2811 2814 2817 2820 2823 2826 2829 2832 2835 2838 2841 2844 2847 2850 2853 2856 2859 2862 2865 2868 2871 2874 2877 2880 2883 2886 2889 2892 2895 2898 2901 2904 2907 2910 2913 2916 2919 2922 2925 2928 2931 2934 2937 2940 2943 2946 2949 2952 2955 2958 2961 2964 2967 2970 2973 2976 2979 2982 2985 2988 2991 2994 2997 3000 3003 3006 3009 3012 3015 3018 3021 3024 3027 3030 3033 3036 3039 3042 3045 3048 3051 3054 3057 3060 3063 3066 3069 3072 3075 3078 3081 3084 3087 3090 3093 3096 3099 3102 3105 3108 3111 3114 3117 3120 3123 3126 3129 3132 3135 3138 3141 3144 3147 3150 3153 3156 3159 3162 3165 3168 3171 3174 3177 3180 3183 3186 3189 3192 3195 3198 3201 3204 
SURF_TOP
0
0
1
S4
144
2777 2780 2783 2786 2789 2792 2795 2798 2801 2804 2807 2810 2813 2816 2819 2822 2825 2828 2831 2834 2837 2840 2843 2846 2849 2852 2855 2858 2861 2864 2867 2870 2873 2876 2879 2882 2885 2888 2891 2894 2897 2900 2903 2906 2909 2912 2915 2918 2921 2924 2927 2930 2933 2936 2939 2942 2945 2948 2951 2954 2957 2960 2963 2966 2969 2972 2975 2978 2981 2984 2987 2990 2993 2996 2999 3002 3005 3008 3011 3014 3017 3020 3023 3026 3029 3032 3035 3038 3041 3044 3047 3050 3053 3056 3059 3062 3065 3068 3071 3074 3077 3080 3083 3086 3089 3092 3095 3098 3101 3104 3107 3110 3113 3116 3119 3122 3125 3128 3131 3134 3137 3140 3143 3146 3149 3152 3155 3158 3161 3164 3167 3170 3173 3176 3179 3182 3185 3188 3191 3194 3197 3200 3203 3206 
CSEG_08-1
2
SURF_BOTTOM
0
0
1
S6
144
3207 3210 3213 3216 3219 3222 3225 3228 3231 3234 3237 3240 3243 3246 3249 3252 3255 3258 3261 3264 3267 3270 3273 3276 3279 3282 3285 3288 3291 3294 3297 3300 3303 3306 3309 3312 3315 3318 3321 3324 3327 3330 3333 3336 3339 3342 3345 3348 3351 3354 3357 3360 3363 3366 3369 3372 3375 3378 3381 3384 3387 3390 3393 3396 3399 3402 3405 3408 3411 3414 3417 3420 3423 3426 3429 3432 3435 3438 3441 3444 3447 3450 3453 3456 3459 3462 3465 3468 3471 3474 3477 3480 3483 3486 3489 3492 3495 3498 3501 3504 3507 3510 3513 3516 3519 3522 3525 3528 3531 3534 3537 3540 3543 3546 3549 3552 3555 3558 3561 3564 3567 3570 3573 3576 3579 3582 3585 3588 3591 3594 3597 3600 3603 3606 3609 3612 3615 3618 3621 3624 3627 3630 3633 3636 
SURF_TOP
0
0
1
S4
144
3209 3212 3215 3218 3221 3224 3227 3230 3233 3236 3239 3242 3245 3248 3251 3254 3257 3260 3263 3266 3269 3272 3275 3278 3281 3284 3287 3290 3293 3296 3299 3302 3305 3308 3311 3314 3317 3320 3323 3326 3329 3332 3335 3338 3341 3344 3347 3350 3353 3356 3359 3362 3365 3368 3371 3374 3377 3380 3383 3386 3389 3392 3395 3398 3401 3404 3407 3410 3413 3416 3419 3422 3425 3428 3431 3434 3437 3440 3443 3446 3449 3452 3455 3458 3461 3464 3467 3470 3473 3476 3479 3482 3485 3488 3491 3494 3497 3500 3503 3506 3509 3512 3515 3518 3521 3524 3527 3530 3533 3536 3539 3542 3545 3548 3551 3554 3557 3560 3563 3566 3569 3572 3575 3578 3581 3584 3587 3590 3593 3596 3599 3602 3605 3608 3611 3614 3617 3620 3623 3626 3629 3632 3635 3638 
CSEG_09-1
2
SURF_BOTTOM
0
0
1
S6
144
3639 3642 3645 3648 3651 3654 3657 3660 3663 3666 3669 3672 3675 3678 3681 3684 3687 3690 3693 3696 3699 3702 3705 3708 3711 3714 3717 3720 3723 3726 3729 3732 3735 3738 3741 3744 3747 3750 3753 3756 3759 3762 3765 3768 3771 3774 3777 3780 3783 3786 3789 3792 3795 3798 3801 3804 3807 3810 3813 3816 3819 3822 3825 3828 3831 3834 3837 3840 3843 3846 3849 3852 3855 3858 3861 3864 3867 3870 3873 3876 3879 3882 3885 3888 3891 3894 3897 3900 3903 3906 3909 3912 3915 3918 3921 3924 3927 3930 3933 3936 3939 3942 3945 3948 3951 3954 3957 3960 3963 3966 3969 3972 3975 3978 3981 3984 3987 3990 3993 3996 3999 4002 4005 4008 4011 4014 4017 4020 4023 4026 4029 4032 4035 4038 4041 4044 4047 4050 4053 4056 4059 4062 4065 4068 
SURF_TOP
0
0
1
S4
144
3641 3644 3647 3650 3653 3656 3659 3662 3665 3668 3671 3674 3677 3680 3683 3686 3689 3692 3695 3698 3701 3704 3707 3710 3713 3716 3719 3722 3725 3728 3731 3734 3737 3740 3743 3746 3749 3752 3755 3758 3761 3764 3767 3770 3773 3776 3779 3782 3785 3788 3791 3794 3797 3800 3803 3806 3809 3812 3815 3818 3821 3824 3827 3830 3833 3836 3839 3842 3845 3848 3851 3854 3857 3860 3863 3866 3869 3872 3875 3878 3881 3884 3887 3890 3893 3896 3899 3902 3905 3908 3911 3914 3917 3920 3923 3926 3929 3932 3935 3938 3941 3944 3947 3950 3953 3956 3959 3962 3965 3968 3971 3974 3977 3980 3983 3986 3989 3992 3995 3998 4001 4004 4007 4010 4013 4016 4019 4022 4025 4028 4031 4034 4037 4040 4043 4046 4049 4052 4055 4058 4061 4064 4067 4070 
CSEG_10-1
2
SURF_BOTTOM
0
0
1
S6
144
4071 4074 4077 4080 4083 4086 4089 4092 4095 4098 4101 4104 4107 4110 4113 4116 4119 4122 4125 4128 4131 4134 4137 4140 4143 4146 4149 4152 4155 4158 4161 4164 4167 4170 4173 4176 4179 4182 4185 4188 4191 4194 4197 4200 4203 4206 4209 4212 4215 4218 4221 4224 4227 4230 4233 4236 4239 4242 4245 4248 4251 4254 4257 4260 4263 4266 4269 4272 4275 4278 4281 4284 4287 4290 4293 4296 4299 4302 4305 4308 4311 4314 4317 4320 4323 4326 4329 4332 4335 4338 4341 4344 4347 4350 4353 4356 4359 4362 4365 4368 4371 4374 4377 4380 4383 4386 4389 4392 4395 4398 4401 4404 4407 4410 4413 4416 4419 4422 4425 4428 4431 4434 4437 4440 4443 4446 4449 4452 4455 4458 4461 4464 4467 4470 4473 4476 4479 4482 4485 4488 4491 4494 4497 4500 
SURF_TOP
0
0
1
S4
144
4073 4076 4079 4082 4085 4088 4091 4094 4097 4100 4103 4106 4109 4112 4115 4118 4121 4124 4127 4130 4133 4136 4139 4142 4145 4148 4151 4154 4157 4160 4163 4166 4169 4172 4175 4178 4181 4184 4187 4190 4193 4196 4199 4202 4205 4208 4211 4214 4217 4220 4223 4226 4229 4232 4235 4238 4241 4244 4247 4250 4253 4256 4259 4262 4265 4268 4271 4274 4277 4280 4283 4286 4289 4292 4295 4298 4301 4304 4307 4310 4313 4316 4319 4322 4325 4328 4331 4334 4337 4340 4343 4346 4349 4352 4355 4358 4361 4364 4367 4370 4373 4376 4379 4382 4385 4388 4391 4394 4397 4400 4403 4406 4409 4412 4415 4418 4421 4424 4427 4430 4433 4436 4439 4442 4445 4448 4451 4454 4457 4460 4463 4466 4469 4472 4475 4478 4481 4484 4487 4490 4493 4496 4499 4502 
CSEG_11-1
2
SURF_BOTTOM
0
0
1
S6
144
4503 4506 4509 4512 4515 4518 4521 4524 4527 4530 4533 4536 4539 4542 4545 4548 4551 4554 4557 4560 4563 4566 4569 4572 4575 4578 4581 4584 4587 4590 4593 4596 4599 4602 4605 4608 4611 4614 4617 4620 4623 4626 4629 4632 4635 4638 4641 4644 4647 4650 4653 4656 4659 4662 4665 4668 4671 4674 4677 4680 4683 4686 4689 4692 4695 4698 4701 4704 4707 4710 4713 4716 4719 4722 4725 4728 4731 4734 4737 4740 4743 4746 4749 4752 4755 4758 4761 4764 4767 4770 4773 4776 4779 4782 4785 4788 4791 4794 4797 4800 4803 4806 4809 4812 4815 4818 4821 4824 4827 4830 4833 4836 4839 4842 4845 4848 4851 4854 4857 4860 4863 4866 4869 4872 4875 4878 4881 4884 4887 4890 4893 4896 4899 4902 4905 4908 4911 4914 4917 4920 4923 4926 4929 4932 
SURF_TOP
0
0
1
S4
144
4505 4508 4511 4514 4517 4520 4523 4526 4529 4532 4535 4538 4541 4544 4547 4550 4553 4556 4559 4562 4565 4568 4571 4574 4577 4580 4583 4586 4589 4592 4595 4598 4601 4604 4607 4610 4613 4616 4619 4622 4625 4628 4631 4634 4637 4640 4643 4646 4649 4652 4655 4658 4661 4664 4667 4670 4673 4676 4679 4682 4685 4688 4691 4694 4697 4700 4703 4706 4709 4712 4715 4718 4721 4724 4727 4730 4733 4736 4739 4742 4745 4748 4751 4754 4757 4760 4763 4766 4769 4772 4775 4778 4781 4784 4787 4790 4793 4796 4799 4802 4805 4808 4811 4814 4817 4820 4823 4826 4829 4832 4835 4838 4841 4844 4847 4850 4853 4856 4859 4862 4865 4868 4871 4874 4877 4880 4883 4886 4889 4892 4895 4898 4901 4904 4907 4910 4913 4916 4919 4922 4925 4928 4931 4934 
CSEG_12-1
2
SURF_BOTTOM
0
0
1
S6
144
4935 4938 4941 4944 4947 4950 4953 4956 4959 4962 4965 4968 4971 4974 4977 4980 4983 4986 4989 4992 4995 4998 5001 5004 5007 5010 5013 5016 5019 5022 5025 5028 5031 5034 5037 5040 5043 5046 5049 5052 5055 5058 5061 5064 5067 5070 5073 5076 5079 5082 5085 5088 5091 5094 5097 5100 5103 5106 5109 5112 5115 5118 5121 5124 5127 5130 5133 5136 5139 5142 5145 5148 5151 5154 5157 5160 5163 5166 5169 5172 5175 5178 5181 5184 5187 5190 5193 5196 5199 5202 5205 5208 5211 5214 5217 5220 5223 5226 5229 5232 5235 5238 5241 5244 5247 5250 5253 5256 5259 5262 5265 5268 5271 5274 5277 5280 5283 5286 5289 5292 5295 5298 5301 5304 5307 5310 5313 5316 5319 5322 5325 5328 5331 5334 5337 5340 5343 5346 5349 5352 5355 5358 5361 5364 
SURF_TOP
0
0
1
S4
144
4937 4940 4943 4946 4949 4952 4955 4958 4961 4964 4967 4970 4973 4976 4979 4982 4985 4988 4991 4994 4997 5000 5003 5006 5009 5012 5015 5018 5021 5024 5027 5030 5033 5036 5039 5042 5045 5048 5051 5054 5057 5060 5063 5066 5069 5072 5075 5078 5081 5084 5087 5090 5093 5096 5099 5102 5105 5108 5111 5114 5117 5120 5123 5126 5129 5132 5135 5138 5141 5144 5147 5150 5153 5156 5159 5162 5165 5168 5171 5174 5177 5180 5183 5186 5189 5192 5195 5198 5201 5204 5207 5210 5213 5216 5219 5222 5225 5228 5231 5234 5237 5240 5243 5246 5249 5252 5255 5258 5261 5264 5267 5270 5273 5276 5279 5282 5285 5288 5291 5294 5297 5300 5303 5306 5309 5312 5315 5318 5321 5324 5327 5330 5333 5336 5339 5342 5345 5348 5351 5354 5357 5360 5363 5366 
CSEG_13-1
2
SURF_BOTTOM
0
0
1
S6
144
5367 5370 5373 5376 5379 5382 5385 5388 5391 5394 5397 5400 5403 5406 5409 5412 5415 5418 5421 5424 5427 5430 5433 5436 5439 5442 5445 5448 5451 5454 5457 5460 5463 5466 5469 5472 5475 5478 5481 5484 5487 5490 5493 5496 5499 5502 5505 5508 5511 5514 5517 5520 5523 5526 5529 5532 5535 5538 5541 5544 5547 5550 5553 5556 5559 5562 5565 5568 5571 5574 5577 5580 5583 5586 5589 5592 5595 5598 5601 5604 5607 5610 5613 5616 5619 5622 5625 5628 5631 5634 5637 5640 5643 5646 5649 5652 5655 5658 5661 5664 5667 5670 5673 5676 5679 5682 5685 5688 5691 5694 5697 5700 5703 5706 5709 5712 5715 5718 5721 5724 5727 5730 5733 5736 5739 5742 5745 5748 5751 5754 5757 5760 5763 5766 5769 5772 5775 5778 5781 5784 5787 5790 5793 5796 
SURF_TOP
0
0
1
S4
144
5369 5372 5375 5378 5381 5384 5387 5390 5393 5396 5399 5402 5405 5408 5411 5414 5417 5420 5423 5426 5429 5432 5435 5438 5441 5444 5447 5450 5453 5456 5459 5462 5465 5468 5471 5474 5477 5480 5483 5486 5489 5492 5495 5498 5501 5504 5507 5510 5513 5516 5519 5522 5525 5528 5531 5534 5537 5540 5543 5546 5549 5552 5555 5558 5561 5564 5567 5570 5573 5576 5579 5582 5585 5588 5591 5594 5597 5600 5603 5606 5609 5612 5615 5618 5621 5624 5627 5630 5633 5636 5639 5642 5645 5648 5651 5654 5657 5660 5663 5666 5669 5672 5675 5678 5681 5684 5687 5690 5693 5696 5699 5702 5705 5708 5711 5714 5717 5720 5723 5726 5729 5732 5735 5738 5741 5744 5747 5750 5753 5756 5759 5762 5765 5768 5771 5774 5777 5780 5783 5786 5789 5792 5795 5798 
CSEG_14-1
2
SURF_BOTTOM
0
0
1
S6
144
5799 5802 5805 5808 5811 5814 5817 5820 5823 5826 5829 5832 5835 5838 5841 5844 5847 5850 5853 5856 5859 5862 5865 5868 5871 5874 5877 5880 5883 5886 5889 5892 5895 5898 5901 5904 5907 5910 5913 5916 5919 5922 5925 5928 5931 5934 5937 5940 5943 5946 5949 5952 5955 5958 5961 5964 5967 5970 5973 5976 5979 5982 5985 5988 5991 5994 5997 6000 6003 6006 6009 6012 6015 6018 6021 6024 6027 6030 6033 6036 6039 6042 6045 6048 6051 6054 6057 6060 6063 6066 6069 6072 6075 6078 6081 6084 6087 6090 6093 6096 6099 6102 6105 6108 6111 6114 6117 6120 6123 6126 6129 6132 6135 6138 6141 6144 6147 6150 6153 6156 6159 6162 6165 6168 6171 6174 6177 6180 6183 6186 6189 6192 6195 6198 6201 6204 6207 6210 6213 6216 6219 6222 6225 6228 
SURF_TOP
0
0
1
S4
144
5801 5804 5807 5810 5813 5816 5819 5822 5825 5828 5831 5834 5837 5840 5843 5846 5849 5852 5855 5858 5861 5864 5867 5870 5873 5876 5879 5882 5885 5888 5891 5894 5897 5900 5903 5906 5909 5912 5915 5918 5921 5924 5927 5930 5933 5936 5939 5942 5945 5948 5951 5954 5957 5960 5963 5966 5969 5972 5975 5978 5981 5984 5987 5990 5993 5996 5999 6002 6005 6008 6011 6014 6017 6020 6023 6026 6029 6032 6035 6038 6041 6044 6047 6050 6053 6056 6059 6062 6065 6068 6071 6074 6077 6080 6083 6086 6089 6092 6095 6098 6101 6104 6107 6110 6113 6116 6119 6122 6125 6128 6131 6134 6137 6140 6143 6146 6149 6152 6155 6158 6161 6164 6167 6170 6173 6176 6179 6182 6185 6188 6191 6194 6197 6200 6203 6206 6209 6212 6215 6218 6221 6224 6227 6230 
CSEG_15-1
2
SURF_BOTTOM
0
0
1
S6
144
6231 6234 6237 6240 6243 6246 6249 6252 6255 6258 6261 6264 6267 6270 6273 6276 6279 6282 6285 6288 6291 6294 6297 6300 6303 6306 6309 6312 6315 6318 6321 6324 6327 6330 6333 6336 6339 6342 6345 6348 6351 6354 6357 6360 6363 6366 6369 6372 6375 6378 6381 6384 6387 6390 6393 6396 6399 6402 6405 6408 6411 6414 6417 6420 6423 6426 6429 6432 6435 6438 6441 6444 6447 6450 6453 6456 6459 6462 6465 6468 6471 6474 6477 6480 6483 6486 6489 6492 6495 6498 6501 6504 6507 6510 6513 6516 6519 6522 6525 6528 6531 6534 6537 6540 6543 6546 6549 6552 6555 6558 6561 6564 6567 6570 6573 6576 6579 6582 6585 6588 6591 6594 6597 6600 6603 6606 6609 6612 6615 6618 6621 6624 6627 6630 6633 6636 6639 6642 6645 6648 6651 6654 6657 6660 
SURF_TOP
0
0
1
S4
144
6233 6236 6239 6242 6245 6248 6251 6254 6257 6260 6263 6266 6269 6272 6275 6278 6281 6284 6287 6290 6293 6296 6299 6302 6305 6308 6311 6314 6317 6320 6323 6326 6329 6332 6335 6338 6341 6344 6347 6350 6353 6356 6359 6362 6365 6368 6371 6374 6377 6380 6383 6386 6389 6392 6395 6398 6401 6404 6407 6410 6413 6416 6419 6422 6425 6428 6431 6434 6437 6440 6443 6446 6449 6452 6455 6458 6461 6464 6467 6470 6473 6476 6479 6482 6485 6488 6491 6494 6497 6500 6503 6506 6509 6512 6515 6518 6521 6524 6527 6530 6533 6536 6539 6542 6545 6548 6551 6554 6557 6560 6563 6566 6569 6572 6575 6578 6581 6584 6587 6590 6593 6596 6599 6602 6605 6608 6611 6614 6617 6620 6623 6626 6629 6632 6635 6638 6641 6644 6647 6650 6653 6656 6659 6662 
CSEG_16-1
2
SURF_BOTTOM
0
0
1
S6
144
6663 6666 6669 6672 6675 6678 6681 6684 6687 6690 6693 6696 6699 6702 6705 6708 6711 6714 6717 6720 6723 6726 6729 6732 6735 6738 6741 6744 6747 6750 6753 6756 6759 6762 6765 6768 6771 6774 6777 6780 6783 6786 6789 6792 6795 6798 6801 6804 6807 6810 6813 6816 6819 6822 6825 6828 6831 6834 6837 6840 6843 6846 6849 6852 6855 6858 6861 6864 6867 6870 6873 6876 6879 6882 6885 6888 6891 6894 6897 6900 6903 6906 6909 6912 6915 6918 6921 6924 6927 6930 6933 6936 6939 6942 6945 6948 6951 6954 6957 6960 6963 6966 6969 6972 6975 6978 6981 6984 6987 6990 6993 6996 6999 7002 7005 7008 7011 7014 7017 7020 7023 7026 7029 7032 7035 7038 7041 7044 7047 7050 7053 7056 7059 7062 7065 7068 7071 7074 7077 7080 7083 7086 7089 7092 
SURF_TOP
0
0
1
S4
144
6665 6668 6671 6674 6677 6680 6683 6686 6689 6692 6695 6698 6701 6704 6707 6710 6713 6716 6719 6722 6725 6728 6731 6734 6737 6740 6743 6746 6749 6752 6755 6758 6761 6764 6767 6770 6773 6776 6779 6782 6785 6788 6791 6794 6797 6800 6803 6806 6809 6812 6815 6818 6821 6824 6827 6830 6833 6836 6839 6842 6845 6848 6851 6854 6857 6860 6863 6866 6869 6872 6875 6878 6881 6884 6887 6890 6893 6896 6899 6902 6905 6908 6911 6914 6917 6920 6923 6926 6929 6932 6935 6938 6941 6944 6947 6950 6953 6956 6959 6962 6965 6968 6971 6974 6977 6980 6983 6986 6989 6992 6995 6998 7001 7004 7007 7010 7013 7016 7019 7022 7025 7028 7031 7034 7037 7040 7043 7046 7049 7052 7055 7058 7061 7064 7067 7070 7073 7076 7079 7082 7085 7088 7091 7094 
CSEG_17-1
2
SURF_BOTTOM
0
0
1
S6
144
7095 7098 7101 7104 7107 7110 7113 7116 7119 7122 7125 7128 7131 7134 7137 7140 7143 7146 7149 7152 7155 7158 7161 7164 7167 7170 7173 7176 7179 7182 7185 7188 7191 7194 7197 7200 7203 7206 7209 7212 7215 7218 7221 7224 7227 7230 7233 7236 7239 7242 7245 7248 7251 7254 7257 7260 7263 7266 7269 7272 7275 7278 7281 7284 7287 7290 7293 7296 7299 7302 7305 7308 7311 7314 7317 7320 7323 7326 7329 7332 7335 7338 7341 7344 7347 7350 7353 7356 7359 7362 7365 7368 7371 7374 7377 7380 7383 7386 7389 7392 7395 7398 7401 7404 7407 7410 7413 7416 7419 7422 7425 7428 7431 7434 7437 7440 7443 7446 7449 7452 7455 7458 7461 7464 7467 7470 7473 7476 7479 7482 7485 7488 7491 7494 7497 7500 7503 7506 7509 7512 7515 7518 7521 7524 
SURF_TOP
0
0
1
S4
144
7097 7100 7103 7106 7109 7112 7115 7118 7121 7124 7127 7130 7133 7136 7139 7142 7145 7148 7151 7154 7157 7160 7163 7166 7169 7172 7175 7178 7181 7184 7187 7190 7193 7196 7199 7202 7205 7208 7211 7214 7217 7220 7223 7226 7229 7232 7235 7238 7241 7244 7247 7250 7253 7256 7259 7262 7265 7268 7271 7274 7277 7280 7283 7286 7289 7292 7295 7298 7301 7304 7307 7310 7313 7316 7319 7322 7325 7328 7331 7334 7337 7340 7343 7346 7349 7352 7355 7358 7361 7364 7367 7370 7373 7376 7379 7382 7385 7388 7391 7394 7397 7400 7403 7406 7409 7412 7415 7418 7421 7424 7427 7430 7433 7436 7439 7442 7445 7448 7451 7454 7457 7460 7463 7466 7469 7472 7475 7478 7481 7484 7487 7490 7493 7496 7499 7502 7505 7508 7511 7514 7517 7520 7523 7526 
CSEG_18-1
2
SURF_BOTTOM
0
0
1
S6
144
7527 7530 7533 7536 7539 7542 7545 7548 7551 7554 7557 7560 7563 7566 7569 7572 7575 7578 7581 7584 7587 7590 7593 7596 7599 7602 7605 7608 7611 7614 7617 7620 7623 7626 7629 7632 7635 7638 7641 7644 7647 7650 7653 7656 7659 7662 7665 7668 7671 7674 7677 7680 7683 7686 7689 7692 7695 7698 7701 7704 7707 7710 7713 7716 7719 7722 7725 7728 7731 7734 7737 7740 7743 7746 7749 7752 7755 7758 7761 7764 7767 7770 7773 7776 7779 7782 7785 7788 7791 7794 7797 7800 7803 7806 7809 7812 7815 7818 7821 7824 7827 7830 7833 7836 7839 7842 7845 7848 7851 7854 7857 7860 7863 7866 7869 7872 7875 7878 7881 7884 7887 7890 7893 7896 7899 7902 7905 7908 7911 7914 7917 7920 7923 7926 7929 7932 7935 7938 7941 7944 7947 7950 7953 7956 
SURF_TOP
0
0
1
S4
144
7529 7532 7535 7538 7541 7544 7547 7550 7553 7556 7559 7562 7565 7568 7571 7574 7577 7580 7583 7586 7589 7592 7595 7598 7601 7604 7607 7610 7613 7616 7619 7622 7625 7628 7631 7634 7637 7640 7643 7646 7649 7652 7655 7658 7661 7664 7667 7670 7673 7676 7679 7682 7685 7688 7691 7694 7697 7700 7703 7706 7709 7712 7715 7718 7721 7724 7727 7730 7733 7736 7739 7742 7745 7748 7751 7754 7757 7760 7763 7766 7769 7772 7775 7778 7781 7784 7787 7790 7793 7796 7799 7802 7805 7808 7811 7814 7817 7820 7823 7826 7829 7832 7835 7838 7841 7844 7847 7850 7853 7856 7859 7862 7865 7868 7871 7874 7877 7880 7883 7886 7889 7892 7895 7898 7901 7904 7907 7910 7913 7916 7919 7922 7925 7928 7931 7934 7937 7940 7943 7946 7949 7952 7955 7958 
CSEG_19-1
2
SURF_BOTTOM
0
0
1
S6
144
7959 7962 7965 7968 7971 7974 7977 7980 7983 7986 7989 7992 7995 7998 8001 8004 8007 8010 8013 8016 8019 8022 8025 8028 8031 8034 8037 8040 8043 8046 8049 8052 8055 8058 8061 8064 8067 8070 8073 8076 8079 8082 8085 8088 8091 8094 8097 8100 8103 8106 8109 8112 8115 8118 8121 8124 8127 8130 8133 8136 8139 8142 8145 8148 8151 8154 8157 8160 8163 8166 8169 8172 8175 8178 8181 8184 8187 8190 8193 8196 8199 8202 8205 8208 8211 8214 8217 8220 8223 8226 8229 8232 8235 8238 8241 8244 8247 8250 8253 8256 8259 8262 8265 8268 8271 8274 8277 8280 8283 8286 8289 8292 8295 8298 8301 8304 8307 8310 8313 8316 8319 8322 8325 8328 8331 8334 8337 8340 8343 8346 8349 8352 8355 8358 8361 8364 8367 8370 8373 8376 8379 8382 8385 8388 
SURF_TOP
0
0
1
S4
144
7961 7964 7967 7970 7973 7976 7979 7982 7985 7988 7991 7994 7997 8000 8003 8006 8009 8012 8015 8018 8021 8024 8027 8030 8033 8036 8039 8042 8045 8048 8051 8054 8057 8060 8063 8066 8069 8072 8075 8078 8081 8084 8087 8090 8093 8096 8099 8102 8105 8108 8111 8114 8117 8120 8123 8126 8129 8132 8135 8138 8141 8144 8147 8150 8153 8156 8159 8162 8165 8168 8171 8174 8177 8180 8183 8186 8189 8192 8195 8198 8201 8204 8207 8210 8213 8216 8219 8222 8225 8228 8231 8234 8237 8240 8243 8246 8249 8252 8255 8258 8261 8264 8267 8270 8273 8276 8279 8282 8285 8288 8291 8294 8297 8300 8303 8306 8309 8312 8315 8318 8321 8324 8327 8330 8333 8336 8339 8342 8345 8348 8351 8354 8357 8360 8363 8366 8369 8372 8375 8378 8381 8384 8387 8390 
CSEG_20-1
2
SURF_BOTTOM
0
0
1
S6
144
8391 8394 8397 8400 8403 8406 8409 8412 8415 8418 8421 8424 8427 8430 8433 8436 8439 8442 8445 8448 8451 8454 8457 8460 8463 8466 8469 8472 8475 8478 8481 8484 8487 8490 8493 8496 8499 8502 8505 8508 8511 8514 8517 8520 8523 8526 8529 8532 8535 8538 8541 8544 8547 8550 8553 8556 8559 8562 8565 8568 8571 8574 8577 8580 8583 8586 8589 8592 8595 8598 8601 8604 8607 8610 8613 8616 8619 8622 8625 8628 8631 8634 8637 8640 8643 8646 8649 8652 8655 8658 8661 8664 8667 8670 8673 8676 8679 8682 8685 8688 8691 8694 8697 8700 8703 8706 8709 8712 8715 8718 8721 8724 8727 8730 8733 8736 8739 8742 8745 8748 8751 8754 8757 8760 8763 8766 8769 8772 8775 8778 8781 8784 8787 8790 8793 8796 8799 8802 8805 8808 8811 8814 8817 8820 
SURF_TOP
0
0
1
S4
144
8393 8396 8399 8402 8405 8408 8411 8414 8417 8420 8423 8426 8429 8432 8435 8438 8441 8444 8447 8450 8453 8456 8459 8462 8465 8468 8471 8474 8477 8480 8483 8486 8489 8492 8495 8498 8501 8504 8507 8510 8513 8516 8519 8522 8525 8528 8531 8534 8537 8540 8543 8546 8549 8552 8555 8558 8561 8564 8567 8570 8573 8576 8579 8582 8585 8588 8591 8594 8597 8600 8603 8606 8609 8612 8615 8618 8621 8624 8627 8630 8633 8636 8639 8642 8645 8648 8651 8654 8657 8660 8663 8666 8669 8672 8675 8678 8681 8684 8687 8690 8693 8696 8699 8702 8705 8708 8711 8714 8717 8720 8723 8726 8729 8732 8735 8738 8741 8744 8747 8750 8753 8756 8759 8762 8765 8768 8771 8774 8777 8780 8783 8786 8789 8792 8795 8798 8801 8804 8807 8810 8813 8816 8819 8822 
CSEG_21-1
2
SURF_BOTTOM
0
0
1
S6
144
8823 8826 8829 8832 8835 8838 8841 8844 8847 8850 8853 8856 8859 8862 8865 8868 8871 8874 8877 8880 8883 8886 8889 8892 8895 8898 8901 8904 8907 8910 8913 8916 8919 8922 8925 8928 8931 8934 8937 8940 8943 8946 8949 8952 8955 8958 8961 8964 8967 8970 8973 8976 8979 8982 8985 8988 8991 8994 8997 9000 9003 9006 9009 9012 9015 9018 9021 9024 9027 9030 9033 9036 9039 9042 9045 9048 9051 9054 9057 9060 9063 9066 9069 9072 9075 9078 9081 9084 9087 9090 9093 9096 9099 9102 9105 9108 9111 9114 9117 9120 9123 9126 9129 9132 9135 9138 9141 9144 9147 9150 9153 9156 9159 9162 9165 9168 9171 9174 9177 9180 9183 9186 9189 9192 9195 9198 9201 9204 9207 9210 9213 9216 9219 9222 9225 9228 9231 9234 9237 9240 9243 9246 9249 9252 
SURF_TOP
0
0
1
S4
144
8825 8828 8831 8834 8837 8840 8843 8846 8849 8852 8855 8858 8861 8864 8867 8870 8873 8876 8879 8882 8885 8888 8891 8894 8897 8900 8903 8906 8909 8912 8915 8918 8921 8924 8927 8930 8933 8936 8939 8942 8945 8948 8951 8954 8957 8960 8963 8966 8969 8972 8975 8978 8981 8984 8987 8990 8993 8996 8999 9002 9005 9008 9011 9014 9017 9020 9023 9026 9029 9032 9035 9038 9041 9044 9047 9050 9053 9056 9059 9062 9065 9068 9071 9074 9077 9080 9083 9086 9089 9092 9095 9098 9101 9104 9107 9110 9113 9116 9119 9122 9125 9128 9131 9134 9137 9140 9143 9146 9149 9152 9155 9158 9161 9164 9167 9170 9173 9176 9179 9182 9185 9188 9191 9194 9197 9200 9203 9206 9209 9212 9215 9218 9221 9224 9227 9230 9233 9236 9239 9242 9245 9248 9251 9254 
CSEG_22-1
2
SURF_BOTTOM
0
0
1
S6
144
9255 9258 9261 9264 9267 9270 9273 9276 9279 9282 9285 9288 9291 9294 9297 9300 9303 9306 9309 9312 9315 9318 9321 9324 9327 9330 9333 9336 9339 9342 9345 9348 9351 9354 9357 9360 9363 9366 9369 9372 9375 9378 9381 9384 9387 9390 9393 9396 9399 9402 9405 9408 9411 9414 9417 9420 9423 9426 9429 9432 9435 9438 9441 9444 9447 9450 9453 9456 9459 9462 9465 9468 9471 9474 9477 9480 9483 9486 9489 9492 9495 9498 9501 9504 9507 9510 9513 9516 9519 9522 9525 9528 9531 9534 9537 9540 9543 9546 9549 9552 9555 9558 9561 9564 9567 9570 9573 9576 9579 9582 9585 9588 9591 9594 9597 9600 9603 9606 9609 9612 9615 9618 9621 9624 9627 9630 9633 9636 9639 9642 9645 9648 9651 9654 9657 9660 9663 9666 9669 9672 9675 9678 9681 9684 
SURF_TOP
0
0
1
S4
144
9257 9260 9263 9266 9269 9272 9275 9278 9281 9284 9287 9290 9293 9296 9299 9302 9305 9308 9311 9314 9317 9320 9323 9326 9329 9332 9335 9338 9341 9344 9347 9350 9353 9356 9359 9362 9365 9368 9371 9374 9377 9380 9383 9386 9389 9392 9395 9398 9401 9404 9407 9410 9413 9416 9419 9422 9425 9428 9431 9434 9437 9440 9443 9446 9449 9452 9455 9458 9461 9464 9467 9470 9473 9476 9479 9482 9485 9488 9491 9494 9497 9500 9503 9506 9509 9512 9515 9518 9521 9524 9527 9530 9533 9536 9539 9542 9545 9548 9551 9554 9557 9560 9563 9566 9569 9572 9575 9578 9581 9584 9587 9590 9593 9596 9599 9602 9605 9608 9611 9614 9617 9620 9623 9626 9629 9632 9635 9638 9641 9644 9647 9650 9653 9656 9659 9662 9665 9668 9671 9674 9677 9680 9683 9686 
CSEG_23-1
2
SURF_BOTTOM
0
0
1
S6
144
9687 9690 9693 9696 9699 9702 9705 9708 9711 9714 9717 9720 9723 9726 9729 9732 9735 9738 9741 9744 9747 9750 9753 9756 9759 9762 9765 9768 9771 9774 9777 9780 9783 9786 9789 9792 9795 9798 9801 9804 9807 9810 9813 9816 9819 9822 9825 9828 9831 9834 9837 9840 9843 9846 9849 9852 9855 9858 9861 9864 9867 9870 9873 9876 9879 9882 9885 9888 9891 9894 9897 9900 9903 9906 9909 9912 9915 9918 9921 9924 9927 9930 9933 9936 9939 9942 9945 9948 9951 9954 9957 9960 9963 9966 9969 9972 9975 9978 9981 9984 9987 9990 9993 9996 9999 10002 10005 10008 10011 10014 10017 10020 10023 10026 10029 10032 10035 10038 10041 10044 10047 10050 10053 10056 10059 10062 10065 10068 10071 10074 10077 10080 10083 10086 10089 10092 10095 10098 10101 10104 10107 10110 10113 10116 
SURF_TOP
0
0
1
S4
144
9689 9692 9695 9698 9701 9704 9707 9710 9713 9716 9719 9722 9725 9728 9731 9734 9737 9740 9743 9746 9749 9752 9755 9758 9761 9764 9767 9770 9773 9776 9779 9782 9785 9788 9791 9794 9797 9800 9803 9806 9809 9812 9815 9818 9821 9824 9827 9830 9833 9836 9839 9842 9845 9848 9851 9854 9857 9860 9863 9866 9869 9872 9875 9878 9881 9884 9887 9890 9893 9896 9899 9902 9905 9908 9911 9914 9917 9920 9923 9926 9929 9932 9935 9938 9941 9944 9947 9950 9953 9956 9959 9962 9965 9968 9971 9974 9977 9980 9983 9986 9989 9992 9995 9998 10001 10004 10007 10010 10013 10016 10019 10022 10025 10028 10031 10034 10037 10040 10043 10046 10049 10052 10055 10058 10061 10064 10067 10070 10073 10076 10079 10082 10085 10088 10091 10094 10097 10100 10103 10106 10109 10112 10115 10118 
CSEG_24-1
2
SURF_BOTTOM
0
0
1
S6
144
10119 10122 10125 10128 10131 10134 10137 10140 10143 10146 10149 10152 10155 10158 10161 10164 10167 10170 10173 10176 10179 10182 10185 10188 10191 10194 10197 10200 10203 10206 10209 10212 10215 10218 10221 10224 10227 10230 10233 10236 10239 10242 10245 10248 10251 10254 10257 10260 10263 10266 10269 10272 10275 10278 10281 10284 10287 10290 10293 10296 10299 10302 10305 10308 10311 10314 10317 10320 10323 10326 10329 10332 10335 10338 10341 10344 10347 10350 10353 10356 10359 10362 10365 10368 10371 10374 10377 10380 10383 10386 10389 10392 10395 10398 10401 10404 10407 10410 10413 10416 10419 10422 10425 10428 10431 10434 10437 10440 10443 10446 10449 10452 10455 10458 10461 10464 10467 10470 10473 10476 10479 10482 10485 10488 10491 10494 10497 10500 10503 10506 10509 10512 10515 10518 10521 10524 10527 10530 10533 10536 10539 10542 10545 10548 
SURF_TOP
0
0
1
S4
144
10121 10124 10127 10130 10133 10136 10139 10142 10145 10148 10151 10154 10157 10160 10163 10166 10169 10172 10175 10178 10181 10184 10187 10190 10193 10196 10199 10202 10205 10208 10211 10214 10217 10220 10223 10226 10229 10232 10235 10238 10241 10244 10247 10250 10253 10256 10259 10262 10265 10268 10271 10274 10277 10280 10283 10286 10289 10292 10295 10298 10301 10304 10307 10310 10313 10316 10319 10322 10325 10328 10331 10334 10337 10340 10343 10346 10349 10352 10355 10358 10361 10364 10367 10370 10373 10376 10379 10382 10385 10388 10391 10394 10397 10400 10403 10406 10409 10412 10415 10418 10421 10424 10427 10430 10433 10436 10439 10442 10445 10448 10451 10454 10457 10460 10463 10466 10469 10472 10475 10478 10481 10484 10487 10490 10493 10496 10499 10502 10505 10508 10511 10514 10517 10520 10523 10526 10529 10532 10535 10538 10541 10544 10547 10550 
CSEG_25-1
2
SURF_BOTTOM
0
0
1
S6
144
10551 10554 10557 10560 10563 10566 10569 10572 10575 10578 10581 10584 10587 10590 10593 10596 10599 10602 10605 10608 10611 10614 10617 10620 10623 10626 10629 10632 10635 10638 10641 10644 10647 10650 10653 10656 10659 10662 10665 10668 10671 10674 10677 10680 10683 10686 10689 10692 10695 10698 10701 10704 10707 10710 10713 10716 10719 10722 10725 10728 10731 10734 10737 10740 10743 10746 10749 10752 10755 10758 10761 10764 10767 10770 10773 10776 10779 10782 10785 10788 10791 10794 10797 10800 10803 10806 10809 10812 10815 10818 10821 10824 10827 10830 10833 10836 10839 10842 10845 10848 10851 10854 10857 10860 10863 10866 10869 10872 10875 10878 10881 10884 10887 10890 10893 10896 10899 10902 10905 10908 10911 10914 10917 10920 10923 10926 10929 10932 10935 10938 10941 10944 10947 10950 10953 10956 10959 10962 10965 10968 10971 10974 10977 10980 
SURF_TOP
0
0
1
S4
144
10553 10556 10559 10562 10565 10568 10571 10574 10577 10580 10583 10586 10589 10592 10595 10598 10601 10604 10607 10610 10613 10616 10619 10622 10625 10628 10631 10634 10637 10640 10643 10646 10649 10652 10655 10658 10661 10664 10667 10670 10673 10676 10679 10682 10685 10688 10691 10694 10697 10700 10703 10706 10709 10712 10715 10718 10721 10724 10727 10730 10733 10736 10739 10742 10745 10748 10751 10754 10757 10760 10763 10766 10769 10772 10775 10778 10781 10784 10787 10790 10793 10796 10799 10802 10805 10808 10811 10814 10817 10820 10823 10826 10829 10832 10835 10838 10841 10844 10847 10850 10853 10856 10859 10862 10865 10868 10871 10874 10877 10880 10883 10886 10889 10892 10895 10898 10901 10904 10907 10910 10913 10916 10919 10922 10925 10928 10931 10934 10937 10940 10943 10946 10949 10952 10955 10958 10961 10964 10967 10970 10973 10976 10979 10982 
CSEG_26-1
2
SURF_BOTTOM
0
0
1
S6
144
10983 10986 10989 10992 10995 10998 11001 11004 11007 11010 11013 11016 11019 11022 11025 11028 11031 11034 11037 11040 11043 11046 11049 11052 11055 11058 11061 11064 11067 11070 11073 11076 11079 11082 11085 11088 11091 11094 11097 11100 11103 11106 11109 11112 11115 11118 11121 11124 11127 11130 11133 11136 11139 11142 11145 11148 11151 11154 11157 11160 11163 11166 11169 11172 11175 11178 11181 11184 11187 11190 11193 11196 11199 11202 11205 11208 11211 11214 11217 11220 11223 11226 11229 11232 11235 11238 11241 11244 11247 11250 11253 11256 11259 11262 11265 11268 11271 11274 11277 11280 11283 11286 11289 11292 11295 11298 11301 11304 11307 11310 11313 11316 11319 11322 11325 11328 11331 11334 11337 11340 11343 11346 11349 11352 11355 11358 11361 11364 11367 11370 11373 11376 11379 11382 11385 11388 11391 11394 11397 11400 11403 11406 11409 11412 
SURF_TOP
0
0
1
S4
144
10985 10988 10991 10994 10997 11000 11003 11006 11009 11012 11015 11018 11021 11024 11027 11030 11033 11036 11039 11042 11045 11048 11051 11054 11057 11060 11063 11066 11069 11072 11075 11078 11081 11084 11087 11090 11093 11096 11099 11102 11105 11108 11111 11114 11117 11120 11123 11126 11129 11132 11135 11138 11141 11144 11147 11150 11153 11156 11159 11162 11165 11168 11171 11174 11177 11180 11183 11186 11189 11192 11195 11198 11201 11204 11207 11210 11213 11216 11219 11222 11225 11228 11231 11234 11237 11240 11243 11246 11249 11252 11255 11258 11261 11264 11267 11270 11273 11276 11279 11282 11285 11288 11291 11294 11297 11300 11303 11306 11309 11312 11315 11318 11321 11324 11327 11330 11333 11336 11339 11342 11345 11348 11351 11354 11357 11360 11363 11366 11369 11372 11375 11378 11381 11384 11387 11390 11393 11396 11399 11402 11405 11408 11411 11414 
CSEG_27-1
2
SURF_BOTTOM
0
0
1
S6
144
11415 11418 11421 11424 11427 11430 11433 11436 11439 11442 11445 11448 11451 11454 11457 11460 11463 11466 11469 11472 11475 11478 11481 11484 11487 11490 11493 11496 11499 11502 11505 11508 11511 11514 11517 11520 11523 11526 11529 11532 11535 11538 11541 11544 11547 11550 11553 11556 11559 11562 11565 11568 11571 11574 11577 11580 11583 11586 11589 11592 11595 11598 11601 11604 11607 11610 11613 11616 11619 11622 11625 11628 11631 11634 11637 11640 11643 11646 11649 11652 11655 11658 11661 11664 11667 11670 11673 11676 11679 11682 11685 11688 11691 11694 11697 11700 11703 11706 11709 11712 11715 11718 11721 11724 11727 11730 11733 11736 11739 11742 11745 11748 11751 11754 11757 11760 11763 11766 11769 11772 11775 11778 11781 11784 11787 11790 11793 11796 11799 11802 11805 11808 11811 11814 11817 11820 11823 11826 11829 11832 11835 11838 11841 11844 
SURF_TOP
0
0
1
S4
144
11417 11420 11423 11426 11429 11432 11435 11438 11441 11444 11447 11450 11453 11456 11459 11462 11465 11468 11471 11474 11477 11480 11483 11486 11489 11492 11495 11498 11501 11504 11507 11510 11513 11516 11519 11522 11525 11528 11531 11534 11537 11540 11543 11546 11549 11552 11555 11558 11561 11564 11567 11570 11573 11576 11579 11582 11585 11588 11591 11594 11597 11600 11603 11606 11609 11612 11615 11618 11621 11624 11627 11630 11633 11636 11639 11642 11645 11648 11651 11654 11657 11660 11663 11666 11669 11672 11675 11678 11681 11684 11687 11690 11693 11696 11699 11702 11705 11708 11711 11714 11717 11720 11723 11726 11729 11732 11735 11738 11741 11744 11747 11750 11753 11756 11759 11762 11765 11768 11771 11774 11777 11780 11783 11786 11789 11792 11795 11798 11801 11804 11807 11810 11813 11816 11819 11822 11825 11828 11831 11834 11837 11840 11843 11846 
CSEG_28-1
2
SURF_BOTTOM
0
0
1
S6
144
11847 11850 11853 11856 11859 11862 11865 11868 11871 11874 11877 11880 11883 11886 11889 11892 11895 11898 11901 11904 11907 11910 11913 11916 11919 11922 11925 11928 11931 11934 11937 11940 11943 11946 11949 11952 11955 11958 11961 11964 11967 11970 11973 11976 11979 11982 11985 11988 11991 11994 11997 12000 12003 12006 12009 12012 12015 12018 12021 12024 12027 12030 12033 12036 12039 12042 12045 12048 12051 12054 12057 12060 12063 12066 12069 12072 12075 12078 12081 12084 12087 12090 12093 12096 12099 12102 12105 12108 12111 12114 12117 12120 12123 12126 12129 12132 12135 12138 12141 12144 12147 12150 12153 12156 12159 12162 12165 12168 12171 12174 12177 12180 12183 12186 12189 12192 12195 12198 12201 12204 12207 12210 12213 12216 12219 12222 12225 12228 12231 12234 12237 12240 12243 12246 12249 12252 12255 12258 12261 12264 12267 12270 12273 12276 
SURF_TOP
0
0
1
S4
144
11849 11852 11855 11858 11861 11864 11867 11870 11873 11876 11879 11882 11885 11888 11891 11894 11897 11900 11903 11906 11909 11912 11915 11918 11921 11924 11927 11930 11933 11936 11939 11942 11945 11948 11951 11954 11957 11960 11963 11966 11969 11972 11975 11978 11981 11984 11987 11990 11993 11996 11999 12002 12005 12008 12011 12014 12017 12020 12023 12026 12029 12032 12035 12038 12041 12044 12047 12050 12053 12056 12059 12062 12065 12068 12071 12074 12077 12080 12083 12086 12089 12092 12095 12098 12101 12104 12107 12110 12113 12116 12119 12122 12125 12128 12131 12134 12137 12140 12143 12146 12149 12152 12155 12158 12161 12164 12167 12170 12173 12176 12179 12182 12185 12188 12191 12194 12197 12200 12203 12206 12209 12212 12215 12218 12221 12224 12227 12230 12233 12236 12239 12242 12245 12248 12251 12254 12257 12260 12263 12266 12269 12272 12275 12278 
CSEG_29-1
2
SURF_BOTTOM
0
0
1
S6
144
12279 12282 12285 12288 12291 12294 12297 12300 12303 12306 12309 12312 12315 12318 12321 12324 12327 12330 12333 12336 12339 12342 12345 12348 12351 12354 12357 12360 12363 12366 12369 12372 12375 12378 12381 12384 12387 12390 12393 12396 12399 12402 12405 12408 12411 12414 12417 12420 12423 12426 12429 12432 12435 12438 12441 12444 12447 12450 12453 12456 12459 12462 12465 12468 12471 12474 12477 12480 12483 12486 12489 12492 12495 12498 12501 12504 12507 12510 12513 12516 12519 12522 12525 12528 12531 12534 12537 12540 12543 12546 12549 12552 12555 12558 12561 12564 12567 12570 12573 12576 12579 12582 12585 12588 12591 12594 12597 12600 12603 12606 12609 12612 12615 12618 12621 12624 12627 12630 12633 12636 12639 12642 12645 12648 12651 12654 12657 12660 12663 12666 12669 12672 12675 12678 12681 12684 12687 12690 12693 12696 12699 12702 12705 12708 
SURF_TOP
0
0
1
S4
144
12281 12284 12287 12290 12293 12296 12299 12302 12305 12308 12311 12314 12317 12320 12323 12326 12329 12332 12335 12338 12341 12344 12347 12350 12353 12356 12359 12362 12365 12368 12371 12374 12377 12380 12383 12386 12389 12392 12395 12398 12401 12404 12407 12410 12413 12416 12419 12422 12425 12428 12431 12434 12437 12440 12443 12446 12449 12452 12455 12458 12461 12464 12467 12470 12473 12476 12479 12482 12485 12488 12491 12494 12497 12500 12503 12506 12509 12512 12515 12518 12521 12524 12527 12530 12533 12536 12539 12542 12545 12548 12551 12554 12557 12560 12563 12566 12569 12572 12575 12578 12581 12584 12587 12590 12593 12596 12599 12602 12605 12608 12611 12614 12617 12620 12623 12626 12629 12632 12635 12638 12641 12644 12647 12650 12653 12656 12659 12662 12665 12668 12671 12674 12677 12680 12683 12686 12689 12692 12695 12698 12701 12704 12707 12710 
CSEG_30-1
2
SURF_BOTTOM
0
0
1
S6
144
12711 12714 12717 12720 12723 12726 12729 12732 12735 12738 12741 12744 12747 12750 12753 12756 12759 12762 12765 12768 12771 12774 12777 12780 12783 12786 12789 12792 12795 12798 12801 12804 12807 12810 12813 12816 12819 12822 12825 12828 12831 12834 12837 12840 12843 12846 12849 12852 12855 12858 12861 12864 12867 12870 12873 12876 12879 12882 12885 12888 12891 12894 12897 12900 12903 12906 12909 12912 12915 12918 12921 12924 12927 12930 12933 12936 12939 12942 12945 12948 12951 12954 12957 12960 12963 12966 12969 12972 12975 12978 12981 12984 12987 12990 12993 12996 12999 13002 13005 13008 13011 13014 13017 13020 13023 13026 13029 13032 13035 13038 13041 13044 13047 13050 13053 13056 13059 13062 13065 13068 13071 13074 13077 13080 13083 13086 13089 13092 13095 13098 13101 13104 13107 13110 13113 13116 13119 13122 13125 13128 13131 13134 13137 13140 
SURF_TOP
0
0
1
S4
144
12713 12716 12719 12722 12725 12728 12731 12734 12737 12740 12743 12746 12749 12752 12755 12758 12761 12764 12767 12770 12773 12776 12779 12782 12785 12788 12791 12794 12797 12800 12803 12806 12809 12812 12815 12818 12821 12824 12827 12830 12833 12836 12839 12842 12845 12848 12851 12854 12857 12860 12863 12866 12869 12872 12875 12878 12881 12884 12887 12890 12893 12896 12899 12902 12905 12908 12911 12914 12917 12920 12923 12926 12929 12932 12935 12938 12941 12944 12947 12950 12953 12956 12959 12962 12965 12968 12971 12974 12977 12980 12983 12986 12989 12992 12995 12998 13001 13004 13007 13010 13013 13016 13019 13022 13025 13028 13031 13034 13037 13040 13043 13046 13049 13052 13055 13058 13061 13064 13067 13070 13073 13076 13079 13082 13085 13088 13091 13094 13097 13100 13103 13106 13109 13112 13115 13118 13121 13124 13127 13130 13133 13136 13139 13142 
CSEG_31-1
2
SURF_BOTTOM
0
0
1
S6
144
13143 13146 13149 13152 13155 13158 13161 13164 13167 13170 13173 13176 13179 13182 13185 13188 13191 13194 13197 13200 13203 13206 13209 13212 13215 13218 13221 13224 13227 13230 13233 13236 13239 13242 13245 13248 13251 13254 13257 13260 13263 13266 13269 13272 13275 13278 13281 13284 13287 13290 13293 13296 13299 13302 13305 13308 13311 13314 13317 13320 13323 13326 13329 13332 13335 13338 13341 13344 13347 13350 13353 13356 13359 13362 13365 13368 13371 13374 13377 13380 13383 13386 13389 13392 13395 13398 13401 13404 13407 13410 13413 13416 13419 13422 13425 13428 13431 13434 13437 13440 13443 13446 13449 13452 13455 13458 13461 13464 13467 13470 13473 13476 13479 13482 13485 13488 13491 13494 13497 13500 13503 13506 13509 13512 13515 13518 13521 13524 13527 13530 13533 13536 13539 13542 13545 13548 13551 13554 13557 13560 13563 13566 13569 13572 
SURF_TOP
0
0
1
S4
144
13145 13148 13151 13154 13157 13160 13163 13166 13169 13172 13175 13178 13181 13184 13187 13190 13193 13196 13199 13202 13205 13208 13211 13214 13217 13220 13223 13226 13229 13232 13235 13238 13241 13244 13247 13250 13253 13256 13259 13262 13265 13268 13271 13274 13277 13280 13283 13286 13289 13292 13295 13298 13301 13304 13307 13310 13313 13316 13319 13322 13325 13328 13331 13334 13337 13340 13343 13346 13349 13352 13355 13358 13361 13364 13367 13370 13373 13376 13379 13382 13385 13388 13391 13394 13397 13400 13403 13406 13409 13412 13415 13418 13421 13424 13427 13430 13433 13436 13439 13442 13445 13448 13451 13454 13457 13460 13463 13466 13469 13472 13475 13478 13481 13484 13487 13490 13493 13496 13499 13502 13505 13508 13511 13514 13517 13520 13523 13526 13529 13532 13535 13538 13541 13544 13547 13550 13553 13556 13559 13562 13565 13568 13571 13574 
SSEG_01-1
2
SURF_BOTTOM
0
0
1
S6
72
232819 232825 232831 232837 232843 232849 232855 232861 232867 232873 232879 232885 232891 232897 232903 232909 232915 232921 232927 232933 232939 232945 232951 232957 232963 232969 232975 232981 232987 232993 232999 233005 233011 233017 233023 233029 233035 233041 233047 233053 233059 233065 233071 233077 233083 233089 233095 233101 233107 233113 233119 233125 233131 233137 233143 233149 233155 233161 233167 233173 233179 233185 233191 233197 233203 233209 233215 233221 233227 233233 233239 233245 
SURF_TOP
0
0
1
S4
72
232824 232830 232836 232842 232848 232854 232860 232866 232872 232878 232884 232890 232896 232902 232908 232914 232920 232926 232932 232938 232944 232950 232956 232962 232968 232974 232980 232986 232992 232998 233004 233010 233016 233022 233028 233034 233040 233046 233052 233058 233064 233070 233076 233082 233088 233094 233100 233106 233112 233118 233124 233130 233136 233142 233148 233154 233160 233166 233172 233178 233184 233190 233196 233202 233208 233214 233220 233226 233232 233238 233244 233250 
SSEG_02-1
2
SURF_BOTTOM
0
0
1
S6
72
233251 233257 233263 233269 233275 233281 233287 233293 233299 233305 233311 233317 233323 233329 233335 233341 233347 233353 233359 233365 233371 233377 233383 233389 233395 233401 233407 233413 233419 233425 233431 233437 233443 233449 233455 233461 233467 233473 233479 233485 233491 233497 233503 233509 233515 233521 233527 233533 233539 233545 233551 233557 233563 233569 233575 233581 233587 233593 233599 233605 233611 233617 233623 233629 233635 233641 233647 233653 233659 233665 233671 233677 
SURF_TOP
0
0
1
S4
72
233256 233262 233268 233274 233280 233286 233292 233298 233304 233310 233316 233322 233328 233334 233340 233346 233352 233358 233364 233370 233376 233382 233388 233394 233400 233406 233412 233418 233424 233430 233436 233442 233448 233454 233460 233466 233472 233478 233484 233490 233496 233502 233508 233514 233520 233526 233532 233538 233544 233550 233556 233562 233568 233574 233580 233586 233592 233598 233604 233610 233616 233622 233628 233634 233640 233646 233652 233658 233664 233670 233676 233682 
SSEG_03-1
2
SURF_BOTTOM
0
0
1
S6
72
233683 233689 233695 233701 233707 233713 233719 233725 233731 233737 233743 233749 233755 233761 233767 233773 233779 233785 233791 233797 233803 233809 233815 233821 233827 233833 233839 233845 233851 233857 233863 233869 233875 233881 233887 233893 233899 233905 233911 233917 233923 233929 233935 233941 233947 233953 233959 233965 233971 233977 233983 233989 233995 234001 234007 234013 234019 234025 234031 234037 234043 234049 234055 234061 234067 234073 234079 234085 234091 234097 234103 234109 
SURF_TOP
0
0
1
S4
72
233688 233694 233700 233706 233712 233718 233724 233730 233736 233742 233748 233754 233760 233766 233772 233778 233784 233790 233796 233802 233808 233814 233820 233826 233832 233838 233844 233850 233856 233862 233868 233874 233880 233886 233892 233898 233904 233910 233916 233922 233928 233934 233940 233946 233952 233958 233964 233970 233976 233982 233988 233994 234000 234006 234012 234018 234024 234030 234036 234042 234048 234054 234060 234066 234072 234078 234084 234090 234096 234102 234108 234114 
SSEG_04-1
2
SURF_BOTTOM
0
0
1
S6
72
234115 234121 234127 234133 234139 234145 234151 234157 234163 234169 234175 234181 234187 234193 234199 234205 234211 234217 234223 234229 234235 234241 234247 234253 234259 234265 234271 234277 234283 234289 234295 234301 234307 234313 234319 234325 234331 234337 234343 234349 234355 234361 234367 234373 234379 234385 234391 234397 234403 234409 234415 234421 234427 234433 234439 234445 234451 234457 234463 234469 234475 234481 234487 234493 234499 234505 234511 234517 234523 234529 234535 234541 
SURF_TOP
0
0
1
S4
72
234120 234126 234132 234138 234144 234150 234156 234162 234168 234174 234180 234186 234192 234198 234204 234210 234216 234222 234228 234234 234240 234246 234252 234258 234264 234270 234276 234282 234288 234294 234300 234306 234312 234318 234324 234330 234336 234342 234348 234354 234360 234366 234372 234378 234384 234390 234396 234402 234408 234414 234420 234426 234432 234438 234444 234450 234456 234462 234468 234474 234480 234486 234492 234498 234504 234510 234516 234522 234528 234534 234540 234546 
1
SURF_RNA_R2_EQUIV_CG
0
0
1
1001
1
0
