segment,He_bars_each_layer_LOCKED,bar_d_mm,Abar_mm2,As_total_two_layers_mm2,BF,max_utilization,control_case,control_eta,control_time_s,control_gamma_G,control_gamma_P,N_design_kN,M_design_kNm,Mcap_kNm,min_net_cover_mm_if_T053_centrelines_fixed,min_clear_bar_spacing_mm,PASS
CSEG_01,108,25,490.8738521234052,106028.75205865552,1,1.7721851917887308,U09p343881_ETM_S06,0.7,652.5,1.0,1.0,25352.17182921514,485629.9164352738,274028.87614985084,49.99979380233799,202.29707697741563,FAIL
CSEG_01,108,25,490.8738521234052,106028.75205865552,2,1.6619908040542768,U09p343881_ETM_S06,0.7,652.5,1.0,1.0,25352.17182921514,485629.9164352738,292197.7156856845,49.99979380233799,202.29707697741563,FAIL
CSEG_01,108,25,490.8738521234052,106028.75205865552,3,1.5786835920899298,U09p343881_ETM_S06,0.7,652.5,1.0,1.0,25352.17182921514,485629.9164352738,307617.0037292753,49.99979380233799,202.29707697741563,FAIL
CSEG_01,108,25,490.8738521234052,106028.75205865552,4,1.5127087832573294,U09p343881_ETM_S06,0.7,652.5,1.0,1.0,25352.17182921514,485629.9164352738,321033.3157381175,49.99979380233799,202.29707697741563,FAIL
CSEG_01,108,25,490.8738521234052,106028.75205865552,5,1.4584977857524188,U09p343881_ETM_S06,0.7,652.5,1.0,1.0,25352.17182921514,485629.9164352738,332965.82358864805,49.99979380233799,202.29707697741563,FAIL
CSEG_01,108,25,490.8738521234052,106028.75205865552,6,1.414070072414749,U09p343881_ETM_S06,0.7,652.5,1.0,1.0,25352.17182921514,485629.9164352738,343427.0521021519,49.99979380233799,202.29707697741563,FAIL
CSEG_01,108,25,490.8738521234052,106028.75205865552,7,1.377465332725138,U09p343881_ETM_S06,0.7,652.5,1.0,1.0,25352.17182921514,485629.9164352738,352553.2765855656,49.99979380233799,202.29707697741563,FAIL
CSEG_01,108,25,490.8738521234052,106028.75205865552,8,1.3479770131272142,U09p343881_ETM_S06,0.7,652.5,1.0,1.0,25352.17182921514,485629.9164352738,360265.72538402985,49.99979380233799,202.29707697741563,FAIL
CSEG_01,108,25,490.8738521234052,106028.75205865552,9,1.3242878043368278,U09p343881_ETM_S06,0.7,652.5,1.0,1.0,25352.17182921514,485629.9164352738,366710.2534999677,49.99979380233799,202.29707697741563,FAIL
CSEG_01,108,25,490.8738521234052,106028.75205865552,10,1.3163089223462994,U09p343881_ETM_S06,1.0,652.5,1.35,1.2,47127.831969440434,489592.34826624376,371943.34852152586,49.99979380233799,202.29707697741563,FAIL
CSEG_01,108,25,490.8738521234052,106028.75205865552,11,1.331593035158861,U09p343881_ETM_S06,1.0,652.5,1.35,1.2,48418.07196944044,489947.16424850747,367940.6179757136,49.99979380233799,202.29707697741563,FAIL
CSEG_01,108,25,490.8738521234052,106028.75205865552,12,1.3487582697688563,U09p343881_ETM_S06,1.0,652.5,1.35,1.2,49708.31196944044,490301.9802307711,363521.01871805143,49.99979380233799,202.29707697741563,FAIL
CSEG_01,108,25,490.8738521234052,106028.75205865552,13,1.3686702220615574,U09p343881_ETM_S06,1.0,652.5,1.35,1.2,50998.551969440436,490656.79621303483,358491.6134684247,49.99979380233799,202.29707697741563,FAIL
CSEG_01,108,25,490.8738521234052,106028.75205865552,14,1.391327235562438,U09p343881_ETM_S06,1.0,652.5,1.35,1.2,52288.79196944044,491011.61219529854,352908.7907179573,49.99979380233799,202.29707697741563,FAIL
CSEG_01,108,25,490.8738521234052,106028.75205865552,15,1.416865934797131,U09p343881_ETM_S06,1.0,652.5,1.35,1.2,53579.03196944043,491366.42817756225,346798.10990580195,49.99979380233799,202.29707697741563,FAIL
CSEG_01,108,25,490.8738521234052,106028.75205865552,16,1.4458643452399516,U09p343881_ETM_S06,1.0,652.5,1.35,1.2,54869.27196944044,491721.24415982596,340088.09040672577,49.99979380233799,202.29707697741563,FAIL
CSEG_01,108,28,615.7521601035994,133002.46658237747,1,1.5651775077979009,U09p343881_ETM_S06,0.7,652.5,1.0,1.0,25352.17182921514,485629.9164352738,310271.4637897667,48.49979380233799,199.29707697741563,FAIL
CSEG_01,108,28,615.7521601035994,133002.46658237747,2,1.4878603545804525,U09p343881_ETM_S06,0.7,652.5,1.0,1.0,25352.17182921514,485629.9164352738,326394.8225653286,48.49979380233799,199.29707697741563,FAIL
CSEG_01,108,28,615.7521601035994,133002.46658237747,3,1.4275475329900256,U09p343881_ETM_S06,0.7,652.5,1.0,1.0,25352.17182921514,485629.9164352738,340184.7610763003,48.49979380233799,199.29707697741563,FAIL
CSEG_01,108,28,615.7521601035994,133002.46658237747,4,1.3777236327892124,U09p343881_ETM_S06,0.7,652.5,1.0,1.0,25352.17182921514,485629.9164352738,352487.17876176094,48.49979380233799,199.29707697741563,FAIL
CSEG_01,108,28,615.7521601035994,133002.46658237747,5,1.3363861743012768,U09p343881_ETM_S06,0.7,652.5,1.0,1.0,25352.17182921514,485629.9164352738,363390.4074839618,48.49979380233799,199.29707697741563,FAIL
CSEG_01,108,28,615.7521601035994,133002.46658237747,6,1.302099624139448,U09p343881_ETM_S06,0.7,652.5,1.0,1.0,25352.17182921514,485629.9164352738,372959.109604401,48.49979380233799,199.29707697741563,FAIL
CSEG_01,108,28,615.7521601035994,133002.46658237747,7,1.2738717238438642,U09p343881_ETM_S06,0.7,652.5,1.0,1.0,25352.17182921514,485629.9164352738,381223.56226724474,48.49979380233799,199.29707697741563,FAIL
CSEG_01,108,28,615.7521601035994,133002.46658237747,8,1.250793115534263,U09p343881_ETM_S06,0.7,652.5,1.0,1.0,25352.17182921514,485629.9164352738,388257.5866496052,48.49979380233799,199.29707697741563,FAIL
CSEG_01,108,28,615.7521601035994,133002.46658237747,9,1.2326544007616373,U09p343881_ETM_S06,0.7,652.5,1.0,1.0,25352.17182921514,485629.9164352738,393970.86169100663,48.49979380233799,199.29707697741563,FAIL
CSEG_01,108,28,615.7521601035994,133002.46658237747,10,1.237516096329195,U09p343881_ETM_S06,1.0,652.5,1.35,1.2,47127.831969440434,489592.34826624376,395625.03446905146,48.49979380233799,199.29707697741563,FAIL
CSEG_01,108,28,615.7521601035994,133002.46658237747,11,1.2539617601223143,U09p343881_ETM_S06,1.0,652.5,1.35,1.2,48418.07196944044,489947.16424850747,390719.3822247952,48.49979380233799,199.29707697741563,FAIL
CSEG_01,108,28,615.7521601035994,133002.46658237747,12,1.2716274306337219,U09p343881_ETM_S06,1.0,652.5,1.35,1.2,49708.31196944044,490301.9802307711,385570.46538892813,48.49979380233799,199.29707697741563,FAIL
CSEG_01,108,28,615.7521601035994,133002.46658237747,13,1.2911040774954237,U09p343881_ETM_S06,1.0,652.5,1.35,1.2,50998.551969440436,490656.79621303483,380028.8487701519,48.49979380233799,199.29707697741563,FAIL
CSEG_01,108,28,615.7521601035994,133002.46658237747,14,1.3127953171829096,U09p343881_ETM_S06,1.0,652.5,1.35,1.2,52288.79196944044,491011.61219529854,374019.9296634806,48.49979380233799,199.29707697741563,FAIL
CSEG_01,108,28,615.7521601035994,133002.46658237747,15,1.33660267079461,U09p343881_ETM_S06,1.0,652.5,1.35,1.2,53579.03196944043,491366.42817756225,367623.40740008024,48.49979380233799,199.29707697741563,FAIL
CSEG_01,108,28,615.7521601035994,133002.46658237747,16,1.362907216127899,U09p343881_ETM_S06,1.0,652.5,1.35,1.2,54869.27196944044,491721.24415982596,360788.4956078195,48.49979380233799,199.29707697741563,FAIL
CSEG_01,108,32,804.247719318987,173717.5073729012,1,1.3413028706807686,U09p343881_ETM_S06,0.7,652.5,1.0,1.0,25352.17182921514,485629.9164352738,362058.35911526514,46.49979380233799,195.29707697741563,FAIL
CSEG_01,108,32,804.247719318987,173717.5073729012,2,1.292826137634138,U09p343881_ETM_S06,0.7,652.5,1.0,1.0,25352.17182921514,485629.9164352738,375634.35816974804,46.49979380233799,195.29707697741563,FAIL
CSEG_01,108,32,804.247719318987,173717.5073729012,3,1.2522567033404923,U09p343881_ETM_S06,0.7,652.5,1.0,1.0,25352.17182921514,485629.9164352738,387803.8066315142,46.49979380233799,195.29707697741563,FAIL
CSEG_01,108,32,804.247719318987,173717.5073729012,4,1.2182079990803842,U09p343881_ETM_S06,0.7,652.5,1.0,1.0,25352.17182921514,485629.9164352738,398642.8563938769,46.49979380233799,195.29707697741563,FAIL
CSEG_01,108,32,804.247719318987,173717.5073729012,5,1.18954392018311,U09p343881_ETM_S06,0.7,652.5,1.0,1.0,25352.17182921514,485629.9164352738,408248.8323428355,46.49979380233799,195.29707697741563,FAIL
CSEG_01,108,32,804.247719318987,173717.5073729012,6,1.1656730789159822,U09p343881_ETM_S06,0.7,652.5,1.0,1.0,25352.17182921514,485629.9164352738,416609.01775898034,46.49979380233799,195.29707697741563,FAIL
CSEG_01,108,32,804.247719318987,173717.5073729012,7,1.1459942149179256,U09p343881_ETM_S06,0.7,652.5,1.0,1.0,25352.17182921514,485629.9164352738,423762.9737686362,46.49979380233799,195.29707697741563,FAIL
CSEG_01,108,32,804.247719318987,173717.5073729012,8,1.1298705840329173,U09p343881_ETM_S06,0.7,652.5,1.0,1.0,25352.17182921514,485629.9164352738,429810.21304394415,46.49979380233799,195.29707697741563,FAIL
CSEG_01,108,32,804.247719318987,173717.5073729012,9,1.1241609571822337,U09p343881_ETM_S06,1.0,652.5,1.35,1.2,45837.59196944044,489237.53228398005,435202.3873078448,46.49979380233799,195.29707697741563,FAIL
CSEG_01,108,32,804.247719318987,173717.5073729012,10,1.1340609318282568,U09p343881_ETM_S06,1.0,652.5,1.35,1.2,47127.831969440434,489592.34826624376,431716.0873154813,46.49979380233799,195.29707697741563,FAIL
CSEG_01,108,32,804.247719318987,173717.5073729012,11,1.1506950014599022,U09p343881_ETM_S06,1.0,652.5,1.35,1.2,48418.07196944044,489947.16424850747,425783.6904018049,46.49979380233799,195.29707697741563,FAIL
CSEG_01,108,32,804.247719318987,173717.5073729012,12,1.1684259472583385,U09p343881_ETM_S06,1.0,652.5,1.35,1.2,49708.31196944044,490301.9802307711,419626.06306479557,46.49979380233799,195.29707697741563,FAIL
CSEG_01,108,32,804.247719318987,173717.5073729012,13,1.18714306945722,U09p343881_ETM_S06,1.0,652.5,1.35,1.2,50998.551969440436,490656.79621303483,413308.90002783795,46.49979380233799,195.29707697741563,FAIL
CSEG_01,108,32,804.247719318987,173717.5073729012,14,1.2073170180193105,U09p343881_ETM_S06,1.0,652.5,1.35,1.2,52288.79196944044,491011.61219529854,406696.5054471261,46.49979380233799,195.29707697741563,FAIL
CSEG_01,108,32,804.247719318987,173717.5073729012,15,1.2290168733581306,U09p343881_ETM_S06,1.0,652.5,1.35,1.2,53579.03196944043,491366.42817756225,399804.4606458223,46.49979380233799,195.29707697741563,FAIL
CSEG_01,108,32,804.247719318987,173717.5073729012,16,1.25238634746485,U09p343881_ETM_S06,1.0,652.5,1.35,1.2,54869.27196944044,491721.24415982596,392627.4389330381,46.49979380233799,195.29707697741563,FAIL
CSEG_01,108,36,1017.8760197630929,219861.22026882807,1,1.1631974430682412,U09p343881_ETM_S06,0.7,652.5,1.0,1.0,25352.17182921514,485629.9164352738,417495.6877091272,44.49979380233799,191.29707697741563,FAIL
CSEG_01,108,36,1017.8760197630929,219861.22026882807,2,1.1311236523166597,U09p343881_ETM_S06,0.7,652.5,1.0,1.0,25352.17182921514,485629.9164352738,429334.06567942665,44.49979380233799,191.29707697741563,FAIL
CSEG_01,108,36,1017.8760197630929,219861.22026882807,3,1.1037865208685562,U09p343881_ETM_S06,0.7,652.5,1.0,1.0,25352.17182921514,485629.9164352738,439967.2466131743,44.49979380233799,191.29707697741563,FAIL
CSEG_01,108,36,1017.8760197630929,219861.22026882807,4,1.080531946703422,U09p343881_ETM_S06,0.7,652.5,1.0,1.0,25352.17182921514,485629.9164352738,449435.96338532557,44.49979380233799,191.29707697741563,FAIL
CSEG_01,108,36,1017.8760197630929,219861.22026882807,5,1.0608356731157258,U09p343881_ETM_S06,0.7,652.5,1.0,1.0,25352.17182921514,485629.9164352738,457780.52976758895,44.49979380233799,191.29707697741563,FAIL
CSEG_01,108,36,1017.8760197630929,219861.22026882807,6,1.04447541883528,U09p343881_ETM_S06,0.7,652.5,1.0,1.0,25352.17182921514,485629.9164352738,464951.02486644586,44.49979380233799,191.29707697741563,FAIL
CSEG_01,108,36,1017.8760197630929,219861.22026882807,7,1.0313522810012135,U09p343881_ETM_S06,1.0,652.5,1.0,1.0,25352.17182921514,485629.9164352738,470867.1570143183,44.49979380233799,191.29707697741563,FAIL
CSEG_01,108,36,1017.8760197630929,219861.22026882807,8,1.0218759869072793,U09p343881_ETM_S06,1.0,652.5,1.0,1.0,25352.17182921514,485629.9164352738,475233.7100170431,44.49979380233799,191.29707697741563,FAIL
CSEG_01,108,36,1017.8760197630929,219861.22026882807,9,1.025693412930291,U09p343881_ETM_S06,1.0,652.5,1.35,1.2,45837.59196944044,489237.53228398005,476982.2308659303,44.49979380233799,191.29707697741563,FAIL
CSEG_01,108,36,1017.8760197630929,219861.22026882807,10,1.0350872308246666,U09p343881_ETM_S06,1.0,652.5,1.35,1.2,47127.831969440434,489592.34826624376,472996.2206916412,44.49979380233799,191.29707697741563,FAIL
CSEG_01,108,36,1017.8760197630929,219861.22026882807,11,1.0508076650337457,U09p343881_ETM_S06,1.0,652.5,1.35,1.2,48418.07196944044,489947.16424850747,466257.69924582087,44.49979380233799,191.29707697741563,FAIL
CSEG_01,108,36,1017.8760197630929,219861.22026882807,12,1.0678735108096191,U09p343881_ETM_S06,1.0,652.5,1.35,1.2,49708.31196944044,490301.9802307711,459138.6294983979,44.49979380233799,191.29707697741563,FAIL
CSEG_01,108,36,1017.8760197630929,219861.22026882807,13,1.0855508746056115,U09p343881_ETM_S06,1.0,652.5,1.35,1.2,50998.551969440436,490656.79621303483,451988.76228743675,44.49979380233799,191.29707697741563,FAIL
CSEG_01,108,36,1017.8760197630929,219861.22026882807,14,1.1041098743010542,U09p343881_ETM_S06,1.0,652.5,1.35,1.2,52288.79196944044,491011.61219529854,444712.6356026193,44.49979380233799,191.29707697741563,FAIL
CSEG_01,108,36,1017.8760197630929,219861.22026882807,15,1.1237833172917358,U09p343881_ETM_S06,1.0,652.5,1.35,1.2,53579.03196944043,491366.42817756225,437243.03485989803,44.49979380233799,191.29707697741563,FAIL
CSEG_01,108,36,1017.8760197630929,219861.22026882807,16,1.1445692214285785,U09p343881_ETM_S06,1.0,652.5,1.35,1.2,54869.27196944044,491721.24415982596,429612.4995796155,44.49979380233799,191.29707697741563,FAIL
CSEG_01,108,40,1256.6370614359173,271433.60527015815,1,1.018066681174171,U09p343881_ETM_S06,0.7,652.5,1.0,1.0,25352.17182921514,485629.9164352738,477011.89461890666,42.49979380233799,187.29707697741563,FAIL
CSEG_01,108,40,1256.6370614359173,271433.60527015815,2,0.9965478697904117,U09p343881_ETM_S06,0.7,652.5,1.0,1.0,25352.17182921514,485629.9164352738,487312.18153866375,42.49979380233799,187.29707697741563,PASS
CSEG_01,108,40,1256.6370614359173,271433.60527015815,3,0.9780428297843536,U09p343881_ETM_S06,0.7,652.5,1.0,1.0,25352.17182921514,485629.9164352738,496532.3620258523,42.49979380233799,187.29707697741563,PASS
CSEG_01,108,40,1256.6370614359173,271433.60527015815,4,0.9621996441159929,U09p343881_ETM_S06,0.7,652.5,1.0,1.0,25352.17182921514,485629.9164352738,504708.06074911746,42.49979380233799,187.29707697741563,PASS
CSEG_01,108,40,1256.6370614359173,271433.60527015815,5,0.9488613734816126,U09p343881_ETM_S06,0.7,652.5,1.0,1.0,25352.17182921514,485629.9164352738,511802.8091431045,42.49979380233799,187.29707697741563,PASS
CSEG_01,108,40,1256.6370614359173,271433.60527015815,6,0.938385690496604,U09p343881_ETM_S06,1.0,652.5,1.0,1.0,25352.17182921514,485629.9164352738,517516.3276182025,42.49979380233799,187.29707697741563,PASS
CSEG_01,108,40,1256.6370614359173,271433.60527015815,7,0.9303042363893631,U09p343881_ETM_S06,1.0,652.5,1.0,1.0,25352.17182921514,485629.9164352738,522011.93699823326,42.49979380233799,187.29707697741563,PASS
CSEG_01,108,40,1256.6370614359173,271433.60527015815,8,0.9291896987601761,U09p343881_ETM_S06,1.0,652.5,1.35,1.2,44547.35196944044,488882.7163017164,526138.7604210806,42.49979380233799,187.29707697741563,PASS
CSEG_01,108,40,1256.6370614359173,271433.60527015815,9,0.9340041385956309,U09p343881_ETM_S06,1.0,652.5,1.35,1.2,45837.59196944044,489237.53228398005,523806.6000645327,42.49979380233799,187.29707697741563,PASS
CSEG_01,108,40,1256.6370614359173,271433.60527015815,10,0.9427026253708599,U09p343881_ETM_S06,1.0,652.5,1.35,1.2,47127.831969440434,489592.34826624376,519349.7239637344,42.49979380233799,187.29707697741563,PASS
CSEG_01,108,40,1256.6370614359173,271433.60527015815,11,0.9566362279403495,U09p343881_ETM_S06,1.0,652.5,1.35,1.2,48418.07196944044,489947.16424850747,512156.1884639997,42.49979380233799,187.29707697741563,PASS
CSEG_01,108,40,1256.6370614359173,271433.60527015815,12,0.9725306493909577,U09p343881_ETM_S06,1.0,652.5,1.35,1.2,49708.31196944044,490301.9802307711,504150.67179406655,42.49979380233799,187.29707697741563,PASS
CSEG_01,108,40,1256.6370614359173,271433.60527015815,13,0.9889040527251216,U09p343881_ETM_S06,1.0,652.5,1.35,1.2,50998.551969440436,490656.79621303483,496162.1856649617,42.49979380233799,187.29707697741563,PASS
CSEG_01,108,40,1256.6370614359173,271433.60527015815,14,1.005794476280329,U09p343881_ETM_S06,1.0,652.5,1.35,1.2,52288.79196944044,491011.61219529854,488182.8482605891,42.49979380233799,187.29707697741563,FAIL
CSEG_01,108,40,1256.6370614359173,271433.60527015815,15,1.0234018403626328,U09p343881_ETM_S06,1.0,652.5,1.35,1.2,53579.03196944043,491366.42817756225,480130.4910722568,42.49979380233799,187.29707697741563,FAIL
CSEG_01,108,40,1256.6370614359173,271433.60527015815,16,1.0418759654566914,U09p343881_ETM_S06,1.0,652.5,1.35,1.2,54869.27196944044,491721.24415982596,471957.56545193656,42.49979380233799,187.29707697741563,FAIL
CSEG_01,108,50,1963.4954084936207,424115.0082346221,1,0.7548081248022278,U09p343881_ETM_S06,0.7,652.5,1.0,1.0,25352.17182921514,485629.9164352738,643381.9410231134,37.49979380233799,177.29707697741563,PASS
CSEG_01,108,50,1963.4954084936207,424115.0082346221,2,0.7468763089124959,U09p343881_ETM_S06,1.0,652.5,1.0,1.0,25352.17182921514,485629.9164352738,650214.6481823542,37.49979380233799,177.29707697741563,PASS
CSEG_01,108,50,1963.4954084936207,424115.0082346221,3,0.7402100070761453,U09p343881_ETM_S06,1.0,652.5,1.0,1.0,25352.17182921514,485629.9164352738,656070.4554016076,37.49979380233799,177.29707697741563,PASS
CSEG_01,108,50,1963.4954084936207,424115.0082346221,4,0.7347010284897246,U09p343881_ETM_S06,1.0,652.5,1.0,1.0,25352.17182921514,485629.9164352738,660989.8415870608,37.49979380233799,177.29707697741563,PASS
CSEG_01,108,50,1963.4954084936207,424115.0082346221,5,0.7303505706745392,U09p343881_ETM_S06,1.0,652.5,1.0,1.0,25352.17182921514,485629.9164352738,664927.1403823978,37.49979380233799,177.29707697741563,PASS
CSEG_01,108,50,1963.4954084936207,424115.0082346221,6,0.7288539001108385,U09p343881_ETM_S06,1.0,652.5,1.35,1.2,41966.871969440435,488173.0843371889,669781.8098564765,37.49979380233799,177.29707697741563,PASS
CSEG_01,108,50,1963.4954084936207,424115.0082346221,7,0.7303195384322163,U09p343881_ETM_S06,1.0,652.5,1.35,1.2,43257.11196944044,488527.90031945263,668923.4980186617,37.49979380233799,177.29707697741563,PASS
CSEG_01,108,50,1963.4954084936207,424115.0082346221,8,0.7333742950525807,U09p343881_ETM_S06,1.0,652.5,1.35,1.2,44547.35196944044,488882.7163017164,666621.014125761,37.49979380233799,177.29707697741563,PASS
CSEG_01,108,50,1963.4954084936207,424115.0082346221,9,0.738082520676991,U09p343881_ETM_S06,1.0,652.5,1.35,1.2,45837.59196944044,489237.53228398005,662849.3678934937,37.49979380233799,177.29707697741563,PASS
CSEG_01,108,50,1963.4954084936207,424115.0082346221,10,0.7446973681305912,U09p343881_ETM_S06,1.0,652.5,1.35,1.2,47127.831969440434,489592.34826624376,657437.9999425326,37.49979380233799,177.29707697741563,PASS
CSEG_01,108,50,1963.4954084936207,424115.0082346221,11,0.7537454888639171,U09p343881_ETM_S06,1.0,652.5,1.35,1.2,48418.07196944044,489947.16424850747,650016.7118571817,37.49979380233799,177.29707697741563,PASS
CSEG_01,108,50,1963.4954084936207,424115.0082346221,12,0.7653810447780077,U09p343881_ETM_S06,1.0,652.5,1.35,1.2,49708.31196944044,490301.9802307711,640598.5405256267,37.49979380233799,177.29707697741563,PASS
CSEG_01,108,50,1963.4954084936207,424115.0082346221,13,0.7777586144158761,U09p343881_ETM_S06,1.0,652.5,1.35,1.2,50998.551969440436,490656.79621303483,630859.9957861415,37.49979380233799,177.29707697741563,PASS
CSEG_01,108,50,1963.4954084936207,424115.0082346221,14,0.790436500396659,U09p343881_ETM_S06,1.0,652.5,1.35,1.2,52288.79196944044,491011.61219529854,621190.4586249468,37.49979380233799,177.29707697741563,PASS
CSEG_01,108,50,1963.4954084936207,424115.0082346221,15,0.8034027297477392,U09p343881_ETM_S06,1.0,652.5,1.35,1.2,53579.03196944043,491366.42817756225,611606.6201714881,37.49979380233799,177.29707697741563,PASS
CSEG_01,108,50,1963.4954084936207,424115.0082346221,16,0.8167225942317894,U09p343881_ETM_S06,1.0,652.5,1.35,1.2,54869.27196944044,491721.24415982596,602066.4147565793,37.49979380233799,177.29707697741563,PASS
CSEG_02,108,25,490.8738521234052,106028.75205865552,1,1.7834398086141232,U09p343881_ETM_S06,0.7,652.5,1.0,1.0,24708.6163431166,474319.01186451124,265957.3984911189,49.99991967806227,197.6435219785178,FAIL
CSEG_02,108,25,490.8738521234052,106028.75205865552,2,1.67226279967648,U09p343881_ETM_S06,0.7,652.5,1.0,1.0,24708.6163431166,474319.01186451124,283639.03804848983,49.99991967806227,197.6435219785178,FAIL
CSEG_02,108,25,490.8738521234052,106028.75205865552,3,1.5891057317371267,U09p343881_ETM_S06,0.7,652.5,1.0,1.0,24708.6163431166,474319.01186451124,298481.7198702132,49.99991967806227,197.6435219785178,FAIL
CSEG_02,108,25,490.8738521234052,106028.75205865552,4,1.5227900152066127,U09p343881_ETM_S06,0.7,652.5,1.0,1.0,24708.6163431166,474319.01186451124,311480.2481812671,49.99991967806227,197.6435219785178,FAIL
CSEG_02,108,25,490.8738521234052,106028.75205865552,5,1.4682422607726802,U09p343881_ETM_S06,0.7,652.5,1.0,1.0,24708.6163431166,474319.01186451124,323052.28131418524,49.99991967806227,197.6435219785178,FAIL
CSEG_02,108,25,490.8738521234052,106028.75205865552,6,1.423721348946868,U09p343881_ETM_S06,0.7,652.5,1.0,1.0,24708.6163431166,474319.01186451124,333154.38601476804,49.99991967806227,197.6435219785178,FAIL
CSEG_02,108,25,490.8738521234052,106028.75205865552,7,1.387174616726724,U09p343881_ETM_S06,0.7,652.5,1.0,1.0,24708.6163431166,474319.01186451124,341931.726651507,49.99991967806227,197.6435219785178,FAIL
CSEG_02,108,25,490.8738521234052,106028.75205865552,8,1.3577577481038443,U09p343881_ETM_S06,0.7,652.5,1.0,1.0,24708.6163431166,474319.01186451124,349339.94118384825,49.99991967806227,197.6435219785178,FAIL
CSEG_02,108,25,490.8738521234052,106028.75205865552,9,1.3342547345115474,U09p343881_ETM_S06,0.7,652.5,1.0,1.0,24708.6163431166,474319.01186451124,355493.5947356057,49.99991967806227,197.6435219785178,FAIL
CSEG_02,108,25,490.8738521234052,106028.75205865552,10,1.3333190162979582,U09p343881_ETM_S06,1.0,652.5,1.35,1.2,46259.032063207414,478104.6114225888,358582.3089436431,49.99991967806227,197.6435219785178,FAIL
CSEG_02,108,25,490.8738521234052,106028.75205865552,11,1.349400681654904,U09p343881_ETM_S06,1.0,652.5,1.35,1.2,47549.272063207405,478452.5461356798,354566.6996024531,49.99991967806227,197.6435219785178,FAIL
CSEG_02,108,25,490.8738521234052,106028.75205865552,12,1.367526437801712,U09p343881_ETM_S06,1.0,652.5,1.35,1.2,48839.51206320741,478800.4808487709,350121.5534951111,49.99991967806227,197.6435219785178,FAIL
CSEG_02,108,25,490.8738521234052,106028.75205865552,13,1.3886142231947474,U09p343881_ETM_S06,1.0,652.5,1.35,1.2,50129.752063207416,479148.4155618619,345055.09705892106,49.99991967806227,197.6435219785178,FAIL
CSEG_02,108,25,490.8738521234052,106028.75205865552,14,1.4125790000914358,U09p343881_ETM_S06,1.0,652.5,1.35,1.2,51419.992063207406,479496.35027495294,339447.457624611,49.99991967806227,197.6435219785178,FAIL
CSEG_02,108,25,490.8738521234052,106028.75205865552,15,1.4396395935462711,U09p343881_ETM_S06,1.0,652.5,1.35,1.2,52710.23206320741,479844.28498804395,333308.61914268497,49.99991967806227,197.6435219785178,FAIL
CSEG_02,108,25,490.8738521234052,106028.75205865552,16,1.470469823726121,U09p343881_ETM_S06,1.0,652.5,1.35,1.2,54000.47206320741,480192.219701135,326557.00372303056,49.99991967806227,197.6435219785178,FAIL
CSEG_02,108,28,615.7521601035994,133002.46658237747,1,1.5738141275653512,U09p343881_ETM_S06,0.7,652.5,1.0,1.0,24708.6163431166,474319.01186451124,301381.84907405183,48.49991967806227,194.6435219785178,FAIL
CSEG_02,108,28,615.7521601035994,133002.46658237747,2,1.4967414185141659,U09p343881_ETM_S06,0.7,652.5,1.0,1.0,24708.6163431166,474319.01186451124,316901.1066289418,48.49991967806227,194.6435219785178,FAIL
CSEG_02,108,28,615.7521601035994,133002.46658237747,3,1.436083343563212,U09p343881_ETM_S06,0.7,652.5,1.0,1.0,24708.6163431166,474319.01186451124,330286.54916895716,48.49991967806227,194.6435219785178,FAIL
CSEG_02,108,28,615.7521601035994,133002.46658237747,4,1.386147646023637,U09p343881_ETM_S06,0.7,652.5,1.0,1.0,24708.6163431166,474319.01186451124,342185.05743249157,48.49991967806227,194.6435219785178,FAIL
CSEG_02,108,28,615.7521601035994,133002.46658237747,5,1.3446316225351893,U09p343881_ETM_S06,0.7,652.5,1.0,1.0,24708.6163431166,474319.01186451124,352750.1539568308,48.49991967806227,194.6435219785178,FAIL
CSEG_02,108,28,615.7521601035994,133002.46658237747,6,1.3104156547951697,U09p343881_ETM_S06,0.7,652.5,1.0,1.0,24708.6163431166,474319.01186451124,361960.7337022021,48.49991967806227,194.6435219785178,FAIL
CSEG_02,108,28,615.7521601035994,133002.46658237747,7,1.282167693577446,U09p343881_ETM_S06,0.7,652.5,1.0,1.0,24708.6163431166,474319.01186451124,369935.23876825185,48.49991967806227,194.6435219785178,FAIL
CSEG_02,108,28,615.7521601035994,133002.46658237747,8,1.2593032433434224,U09p343881_ETM_S06,0.7,652.5,1.0,1.0,24708.6163431166,474319.01186451124,376651.94175566855,48.49991967806227,194.6435219785178,FAIL
CSEG_02,108,28,615.7521601035994,133002.46658237747,9,1.2415023945539498,U09p343881_ETM_S06,1.0,652.5,1.0,1.0,24708.6163431166,474319.01186451124,382052.43416781793,48.49991967806227,194.6435219785178,FAIL
CSEG_02,108,28,615.7521601035994,133002.46658237747,10,1.25272290017982,U09p343881_ETM_S06,1.0,652.5,1.35,1.2,46259.032063207414,478104.6114225888,381652.3281836391,48.49991967806227,194.6435219785178,FAIL
CSEG_02,108,28,615.7521601035994,133002.46658237747,11,1.2699143452864738,U09p343881_ETM_S06,1.0,652.5,1.35,1.2,47549.272063207405,478452.5461356798,376759.6987242065,48.49991967806227,194.6435219785178,FAIL
CSEG_02,108,28,615.7521601035994,133002.46658237747,12,1.2883842934200676,U09p343881_ETM_S06,1.0,652.5,1.35,1.2,48839.51206320741,478800.4808487709,371628.62299242715,48.49991967806227,194.6435219785178,FAIL
CSEG_02,108,28,615.7521601035994,133002.46658237747,13,1.3088143989562713,U09p343881_ETM_S06,1.0,652.5,1.35,1.2,50129.752063207416,479148.4155618619,366093.47814630106,48.49991967806227,194.6435219785178,FAIL
CSEG_02,108,28,615.7521601035994,133002.46658237747,14,1.3315862922072081,U09p343881_ETM_S06,1.0,652.5,1.35,1.2,51419.992063207406,479496.35027495294,360094.0870907813,48.49991967806227,194.6435219785178,FAIL
CSEG_02,108,28,615.7521601035994,133002.46658237747,15,1.3566325365282876,U09p343881_ETM_S06,1.0,652.5,1.35,1.2,52710.23206320741,479844.28498804395,353702.47437526245,48.49991967806227,194.6435219785178,FAIL
CSEG_02,108,28,615.7521601035994,133002.46658237747,16,1.3843725174413537,U09p343881_ETM_S06,1.0,652.5,1.35,1.2,54000.47206320741,480192.219701135,346866.33377311134,48.49991967806227,194.6435219785178,FAIL
CSEG_02,108,32,804.247719318987,173717.5073729012,1,1.348184097778526,U09p343881_ETM_S06,0.7,652.5,1.0,1.0,24708.6163431166,474319.01186451124,351820.6546465514,46.49991967806227,190.6435219785178,FAIL
CSEG_02,108,32,804.247719318987,173717.5073729012,2,1.29949216241566,U09p343881_ETM_S06,0.7,652.5,1.0,1.0,24708.6163431166,474319.01186451124,365003.3648396826,46.49991967806227,190.6435219785178,FAIL
CSEG_02,108,32,804.247719318987,173717.5073729012,3,1.2589430822958938,U09p343881_ETM_S06,0.7,652.5,1.0,1.0,24708.6163431166,474319.01186451124,376759.69512419176,46.49991967806227,190.6435219785178,FAIL
CSEG_02,108,32,804.247719318987,173717.5073729012,4,1.2248098486893075,U09p343881_ETM_S06,0.7,652.5,1.0,1.0,24708.6163431166,474319.01186451124,387259.3059013112,46.49991967806227,190.6435219785178,FAIL
CSEG_02,108,32,804.247719318987,173717.5073729012,5,1.1962000111722497,U09p343881_ETM_S06,0.7,652.5,1.0,1.0,24708.6163431166,474319.01186451124,396521.4909166311,46.49991967806227,190.6435219785178,FAIL
CSEG_02,108,32,804.247719318987,173717.5073729012,6,1.1724248603167442,U09p343881_ETM_S06,0.7,652.5,1.0,1.0,24708.6163431166,474319.01186451124,404562.39706173446,46.49991967806227,190.6435219785178,FAIL
CSEG_02,108,32,804.247719318987,173717.5073729012,7,1.1527834870410665,U09p343881_ETM_S06,0.7,652.5,1.0,1.0,24708.6163431166,474319.01186451124,411455.41829539946,46.49991967806227,190.6435219785178,FAIL
CSEG_02,108,32,804.247719318987,173717.5073729012,8,1.1378181101168277,U09p343881_ETM_S06,1.0,652.5,1.0,1.0,24708.6163431166,474319.01186451124,416867.16677045124,46.49991967806227,190.6435219785178,FAIL
CSEG_02,108,32,804.247719318987,173717.5073729012,9,1.1351446974229105,U09p343881_ETM_S06,1.0,652.5,1.35,1.2,44968.79206320741,477756.6767094978,420877.3364260401,46.49991967806227,190.6435219785178,FAIL
CSEG_02,108,32,804.247719318987,173717.5073729012,10,1.146701043403238,U09p343881_ETM_S06,1.0,652.5,1.35,1.2,46259.032063207414,478104.6114225888,416939.19629099267,46.49991967806227,190.6435219785178,FAIL
CSEG_02,108,32,804.247719318987,173717.5073729012,11,1.1642157545408944,U09p343881_ETM_S06,1.0,652.5,1.35,1.2,47549.272063207405,478452.5461356798,410965.53131971345,46.49991967806227,190.6435219785178,FAIL
CSEG_02,108,32,804.247719318987,173717.5073729012,12,1.1826084308040803,U09p343881_ETM_S06,1.0,652.5,1.35,1.2,48839.51206320741,478800.4808487709,404868.1443300927,46.49991967806227,190.6435219785178,FAIL
CSEG_02,108,32,804.247719318987,173717.5073729012,13,1.2020589834530246,U09p343881_ETM_S06,1.0,652.5,1.35,1.2,50129.752063207416,479148.4155618619,398606.4096334642,46.49991967806227,190.6435219785178,FAIL
CSEG_02,108,32,804.247719318987,173717.5073729012,14,1.2230884000103666,U09p343881_ETM_S06,1.0,652.5,1.35,1.2,51419.992063207406,479496.35027495294,392037.36236145225,46.49991967806227,190.6435219785178,FAIL
CSEG_02,108,32,804.247719318987,173717.5073729012,15,1.2457203081365877,U09p343881_ETM_S06,1.0,652.5,1.35,1.2,52710.23206320741,479844.28498804395,385194.2381077656,46.49991967806227,190.6435219785178,FAIL
CSEG_02,108,32,804.247719318987,173717.5073729012,16,1.2701315898761405,U09p343881_ETM_S06,1.0,652.5,1.35,1.2,54000.47206320741,480192.219701135,378064.9371518757,46.49991967806227,190.6435219785178,FAIL
CSEG_02,108,36,1017.8760197630929,219861.22026882807,1,1.1684710512845256,U09p343881_ETM_S06,0.7,652.5,1.0,1.0,24708.6163431166,474319.01186451124,405931.3333805592,44.49991967806227,186.6435219785178,FAIL
CSEG_02,108,36,1017.8760197630929,219861.22026882807,2,1.1363234256059855,U09p343881_ETM_S06,0.7,652.5,1.0,1.0,24708.6163431166,474319.01186451124,417415.5008830901,44.49991967806227,186.6435219785178,FAIL
CSEG_02,108,36,1017.8760197630929,219861.22026882807,3,1.1089719227214858,U09p343881_ETM_S06,0.7,652.5,1.0,1.0,24708.6163431166,474319.01186451124,427710.56881269184,44.49991967806227,186.6435219785178,FAIL
CSEG_02,108,36,1017.8760197630929,219861.22026882807,4,1.0857481012911236,U09p343881_ETM_S06,0.7,652.5,1.0,1.0,24708.6163431166,474319.01186451124,436859.16770240915,44.49991967806227,186.6435219785178,FAIL
CSEG_02,108,36,1017.8760197630929,219861.22026882807,5,1.066209143458879,U09p343881_ETM_S06,0.7,652.5,1.0,1.0,24708.6163431166,474319.01186451124,444864.88863317884,44.49991967806227,186.6435219785178,FAIL
CSEG_02,108,36,1017.8760197630929,219861.22026882807,6,1.0499369876035969,U09p343881_ETM_S06,0.7,652.5,1.0,1.0,24708.6163431166,474319.01186451124,451759.5031556219,44.49991967806227,186.6435219785178,FAIL
CSEG_02,108,36,1017.8760197630929,219861.22026882807,7,1.0376303096491437,U09p343881_ETM_S06,1.0,652.5,1.0,1.0,24708.6163431166,474319.01186451124,457117.5373865994,44.49991967806227,186.6435219785178,FAIL
CSEG_02,108,36,1017.8760197630929,219861.22026882807,8,1.0296671966812747,U09p343881_ETM_S06,1.0,652.5,1.35,1.2,43678.55206320741,477408.74199640675,463653.4440789657,44.49991967806227,186.6435219785178,FAIL
CSEG_02,108,36,1017.8760197630929,219861.22026882807,9,1.0347299261020837,U09p343881_ETM_S06,1.0,652.5,1.35,1.2,44968.79206320741,477756.6767094978,461721.13578395103,44.49991967806227,186.6435219785178,FAIL
CSEG_02,108,36,1017.8760197630929,219861.22026882807,10,1.0454955403621433,U09p343881_ETM_S06,1.0,652.5,1.35,1.2,46259.032063207414,478104.6114225888,457299.5225373997,44.49991967806227,186.6435219785178,FAIL
CSEG_02,108,36,1017.8760197630929,219861.22026882807,11,1.062092558707924,U09p343881_ETM_S06,1.0,652.5,1.35,1.2,47549.272063207405,478452.5461356798,450481.0265479456,44.49991967806227,186.6435219785178,FAIL
CSEG_02,108,36,1017.8760197630929,219861.22026882807,12,1.0796987095514092,U09p343881_ETM_S06,1.0,652.5,1.35,1.2,48839.51206320741,478800.4808487709,443457.4910696168,44.49991967806227,186.6435219785178,FAIL
CSEG_02,108,36,1017.8760197630929,219861.22026882807,13,1.0979513115788657,U09p343881_ETM_S06,1.0,652.5,1.35,1.2,50129.752063207416,479148.4155618619,436402.2434408693,44.49991967806227,186.6435219785178,FAIL
CSEG_02,108,36,1017.8760197630929,219861.22026882807,14,1.1171444637076335,U09p343881_ETM_S06,1.0,652.5,1.35,1.2,51419.992063207406,479496.35027495294,429216.0645755492,44.49991967806227,186.6435219785178,FAIL
CSEG_02,108,36,1017.8760197630929,219861.22026882807,15,1.1375444854571712,U09p343881_ETM_S06,1.0,652.5,1.35,1.2,52710.23206320741,479844.28498804395,421824.63290233247,44.49991967806227,186.6435219785178,FAIL
CSEG_02,108,36,1017.8760197630929,219861.22026882807,16,1.1591242813049853,U09p343881_ETM_S06,1.0,652.5,1.35,1.2,54000.47206320741,480192.219701135,414271.55607551994,44.49991967806227,186.6435219785178,FAIL
CSEG_02,108,40,1256.6370614359173,271433.60527015815,1,1.0220433190501106,U09p343881_ETM_S06,0.7,652.5,1.0,1.0,24708.6163431166,474319.01186451124,464088.95104890893,42.49991967806227,182.6435219785178,FAIL
CSEG_02,108,40,1256.6370614359173,271433.60527015815,2,1.0005567367650872,U09p343881_ETM_S06,0.7,652.5,1.0,1.0,24708.6163431166,474319.01186451124,474055.0879683626,42.49991967806227,182.6435219785178,FAIL
CSEG_02,108,40,1256.6370614359173,271433.60527015815,3,0.9821375857837529,U09p343881_ETM_S06,0.7,652.5,1.0,1.0,24708.6163431166,474319.01186451124,482945.58596492495,42.49991967806227,182.6435219785178,PASS
CSEG_02,108,40,1256.6370614359173,271433.60527015815,4,0.9664200254337681,U09p343881_ETM_S06,0.7,652.5,1.0,1.0,24708.6163431166,474319.01186451124,490800.0655839243,42.49991967806227,182.6435219785178,PASS
CSEG_02,108,40,1256.6370614359173,271433.60527015815,5,0.9534583182108239,U09p343881_ETM_S06,1.0,652.5,1.0,1.0,24708.6163431166,474319.01186451124,497472.2049250948,42.49991967806227,182.6435219785178,PASS
CSEG_02,108,40,1256.6370614359173,271433.60527015815,6,0.94323514534765,U09p343881_ETM_S06,1.0,652.5,1.0,1.0,24708.6163431166,474319.01186451124,502864.0145609614,42.49991967806227,182.6435219785178,PASS
CSEG_02,108,40,1256.6370614359173,271433.60527015815,7,0.9354717107618838,U09p343881_ETM_S06,1.0,652.5,1.0,1.0,24708.6163431166,474319.01186451124,507037.2587517454,42.49991967806227,182.6435219785178,PASS
CSEG_02,108,40,1256.6370614359173,271433.60527015815,8,0.9358543957759581,U09p343881_ETM_S06,1.0,652.5,1.35,1.2,43678.55206320741,477408.74199640675,510131.4308627745,42.49991967806227,182.6435219785178,PASS
CSEG_02,108,40,1256.6370614359173,271433.60527015815,9,0.9413708376191371,U09p343881_ETM_S06,1.0,652.5,1.35,1.2,44968.79206320741,477756.6767094978,507511.6602483815,42.49991967806227,182.6435219785178,PASS
CSEG_02,108,40,1256.6370614359173,271433.60527015815,10,0.9510055358085573,U09p343881_ETM_S06,1.0,652.5,1.35,1.2,46259.032063207414,478104.6114225888,502735.8868275126,42.49991967806227,182.6435219785178,PASS
CSEG_02,108,40,1256.6370614359173,271433.60527015815,11,0.96593055599959,U09p343881_ETM_S06,1.0,652.5,1.35,1.2,47549.272063207405,478452.5461356798,495328.09906873154,42.49991967806227,182.6435219785178,PASS
CSEG_02,108,40,1256.6370614359173,271433.60527015815,12,0.982258418259697,U09p343881_ETM_S06,1.0,652.5,1.35,1.2,48839.51206320741,478800.4808487709,487448.5898497863,42.49991967806227,182.6435219785178,PASS
CSEG_02,108,40,1256.6370614359173,271433.60527015815,13,0.9990856709974733,U09p343881_ETM_S06,1.0,652.5,1.35,1.2,50129.752063207416,479148.4155618619,479586.9157881994,42.49991967806227,182.6435219785178,PASS
CSEG_02,108,40,1256.6370614359173,271433.60527015815,14,1.0164752295319024,U09p343881_ETM_S06,1.0,652.5,1.35,1.2,51419.992063207406,479496.35027495294,471724.5795510099,42.49991967806227,182.6435219785178,FAIL
CSEG_02,108,40,1256.6370614359173,271433.60527015815,15,1.0346097139088481,U09p343881_ETM_S06,1.0,652.5,1.35,1.2,52710.23206320741,479844.28498804395,463792.5572679472,42.49991967806227,182.6435219785178,FAIL
CSEG_02,108,40,1256.6370614359173,271433.60527015815,16,1.0536893152447364,U09p343881_ETM_S06,1.0,652.5,1.35,1.2,54000.47206320741,480192.219701135,455724.67401323374,42.49991967806227,182.6435219785178,FAIL
CSEG_02,108,50,1963.4954084936207,424115.0082346221,1,0.7570414644256378,U09p343881_ETM_S06,1.0,652.5,1.0,1.0,24708.6163431166,474319.01186451124,626542.975719796,37.49991967806227,172.6435219785178,PASS
CSEG_02,108,50,1963.4954084936207,424115.0082346221,2,0.7492832189533789,U09p343881_ETM_S06,1.0,652.5,1.0,1.0,24708.6163431166,474319.01186451124,633030.341353506,37.49991967806227,172.6435219785178,PASS
CSEG_02,108,50,1963.4954084936207,424115.0082346221,3,0.742727001646231,U09p343881_ETM_S06,1.0,652.5,1.0,1.0,24708.6163431166,474319.01186451124,638618.2417135746,37.49991967806227,172.6435219785178,PASS
CSEG_02,108,50,1963.4954084936207,424115.0082346221,4,0.7373336593413826,U09p343881_ETM_S06,1.0,652.5,1.0,1.0,24708.6163431166,474319.01186451124,643289.5146658473,37.49991967806227,172.6435219785178,PASS
CSEG_02,108,50,1963.4954084936207,424115.0082346221,5,0.7331781633845109,U09p343881_ETM_S06,1.0,652.5,1.0,1.2,31159.816343116596,476058.68542996637,649308.3253221499,37.49991967806227,172.6435219785178,PASS
CSEG_02,108,50,1963.4954084936207,424115.0082346221,6,0.7322286279607341,U09p343881_ETM_S06,1.0,652.5,1.35,1.2,41098.07206320741,476712.8725702247,651043.7510451839,37.49991967806227,172.6435219785178,PASS
CSEG_02,108,50,1963.4954084936207,424115.0082346221,7,0.7339468530528116,U09p343881_ETM_S06,1.0,652.5,1.35,1.2,42388.31206320741,477060.80728331575,649993.6682050035,37.49991967806227,172.6435219785178,PASS
CSEG_02,108,50,1963.4954084936207,424115.0082346221,8,0.7372502438110231,U09p343881_ETM_S06,1.0,652.5,1.35,1.2,43678.55206320741,477408.74199640675,647553.1829308955,37.49991967806227,172.6435219785178,PASS
CSEG_02,108,50,1963.4954084936207,424115.0082346221,9,0.7423260350339863,U09p343881_ETM_S06,1.0,652.5,1.35,1.2,44968.79206320741,477756.6767094978,643594.1273265788,37.49991967806227,172.6435219785178,PASS
CSEG_02,108,50,1963.4954084936207,424115.0082346221,10,0.7493845957103697,U09p343881_ETM_S06,1.0,652.5,1.35,1.2,46259.032063207414,478104.6114225888,637996.3161230657,37.49991967806227,172.6435219785178,PASS
CSEG_02,108,50,1963.4954084936207,424115.0082346221,11,0.7590536535050701,U09p343881_ETM_S06,1.0,652.5,1.35,1.2,47549.272063207405,478452.5461356798,630327.7033531648,37.49991967806227,172.6435219785178,PASS
CSEG_02,108,50,1963.4954084936207,424115.0082346221,12,0.7711120343905576,U09p343881_ETM_S06,1.0,652.5,1.35,1.2,48839.51206320741,478800.4808487709,620922.0703281943,37.49991967806227,172.6435219785178,PASS
CSEG_02,108,50,1963.4954084936207,424115.0082346221,13,0.7837326626640949,U09p343881_ETM_S06,1.0,652.5,1.35,1.2,50129.752063207416,479148.4155618619,611367.1643250412,37.49991967806227,172.6435219785178,PASS
CSEG_02,108,50,1963.4954084936207,424115.0082346221,14,0.796681052406253,U09p343881_ETM_S06,1.0,652.5,1.35,1.2,51419.992063207406,479496.35027495294,601867.3957748936,37.49991967806227,172.6435219785178,PASS
CSEG_02,108,50,1963.4954084936207,424115.0082346221,15,0.8099158481342502,U09p343881_ETM_S06,1.0,652.5,1.35,1.2,52710.23206320741,479844.28498804395,592461.9034106192,37.49991967806227,172.6435219785178,PASS
CSEG_02,108,50,1963.4954084936207,424115.0082346221,16,0.8235327481782757,U09p343881_ETM_S06,1.0,652.5,1.35,1.2,54000.47206320741,480192.219701135,583088.190194453,37.49991967806227,172.6435219785178,PASS
CSEG_03,108,25,490.8738521234052,106028.75205865552,1,1.8112597855753814,U09p343881_ETM_S06,0.7,652.5,1.0,1.0,24077.216170834286,462965.94915108505,255604.38808285858,49.99993624828403,192.98996697961996,FAIL
CSEG_03,108,25,490.8738521234052,106028.75205865552,2,1.705101405654398,U09p343881_ETM_S06,0.7,652.5,1.0,1.0,24077.216170834286,462965.94915108505,271518.13236198935,49.99993624828403,192.98996697961996,FAIL
CSEG_03,108,25,490.8738521234052,106028.75205865552,3,1.6257099449848469,U09p343881_ETM_S06,0.7,652.5,1.0,1.0,24077.216170834286,462965.94915108505,284777.7062441482,49.99993624828403,192.98996697961996,FAIL
CSEG_03,108,25,490.8738521234052,106028.75205865552,4,1.5615809616869132,U09p343881_ETM_S06,0.7,652.5,1.0,1.0,24077.216170834286,462965.94915108505,296472.5880436974,49.99993624828403,192.98996697961996,FAIL
CSEG_03,108,25,490.8738521234052,106028.75205865552,5,1.5095442839177544,U09p343881_ETM_S06,0.7,652.5,1.0,1.0,24077.216170834286,462965.94915108505,306692.52573997964,49.99993624828403,192.98996697961996,FAIL
CSEG_03,108,25,490.8738521234052,106028.75205865552,6,1.4673937634465213,U09p343881_ETM_S06,0.7,652.5,1.0,1.0,24077.216170834286,462965.94915108505,315502.1921748529,49.99993624828403,192.98996697961996,FAIL
CSEG_03,108,25,490.8738521234052,106028.75205865552,7,1.4336028770189988,U09p343881_ETM_S06,0.7,652.5,1.0,1.0,24077.216170834286,462965.94915108505,322938.76956620364,49.99993624828403,192.98996697961996,FAIL
CSEG_03,108,25,490.8738521234052,106028.75205865552,8,1.40698569440423,U09p343881_ETM_S06,0.7,652.5,1.0,1.0,24077.216170834286,462965.94915108505,329048.08555791463,49.99993624828403,192.98996697961996,FAIL
CSEG_03,108,25,490.8738521234052,106028.75205865552,9,1.4068977990336113,U09p343881_ETM_S06,1.0,652.5,1.35,1.2,44116.40183062629,466237.19374968956,331393.78998953925,49.99993624828403,192.98996697961996,FAIL
CSEG_03,108,25,490.8738521234052,106028.75205865552,10,1.4268872608101226,U09p343881_ETM_S06,1.0,652.5,1.35,1.2,45406.641830626286,466578.24718420586,326990.2675557588,49.99993624828403,192.98996697961996,FAIL
CSEG_03,108,25,490.8738521234052,106028.75205865552,11,1.4490937583931385,U09p343881_ETM_S06,1.0,652.5,1.35,1.2,46696.881830626284,466919.3006187222,322214.6930896153,49.99993624828403,192.98996697961996,FAIL
CSEG_03,108,25,490.8738521234052,106028.75205865552,12,1.4746332985829445,U09p343881_ETM_S06,1.0,652.5,1.35,1.2,47987.12183062628,467260.3540532385,316865.4569934468,49.99993624828403,192.98996697961996,FAIL
CSEG_03,108,25,490.8738521234052,106028.75205865552,13,1.5037364926690422,U09p343881_ETM_S06,1.0,652.5,1.35,1.2,49277.36183062629,467601.4074877549,310959.6726337275,49.99993624828403,192.98996697961996,FAIL
CSEG_03,108,25,490.8738521234052,106028.75205865552,14,1.5366275885438778,U09p343881_ETM_S06,1.0,652.5,1.35,1.2,50567.601830626285,467942.4609222712,304525.6146713451,49.99993624828403,192.98996697961996,FAIL
CSEG_03,108,25,490.8738521234052,106028.75205865552,15,1.574700859775733,U09p343881_ETM_S06,1.0,652.5,1.35,1.2,51857.84183062628,468283.51435678755,297379.3476073163,49.99993624828403,192.98996697961996,FAIL
CSEG_03,108,25,490.8738521234052,106028.75205865552,16,1.6194744399204608,U09p343881_ETM_S06,1.0,652.5,1.35,1.2,53148.08183062628,468624.56779130385,289368.30136962206,49.99993624828403,192.98996697961996,FAIL
CSEG_03,108,28,615.7521601035994,133002.46658237747,1,1.599448662763553,U09p343881_ETM_S06,0.7,652.5,1.0,1.0,24077.216170834286,462965.94915108505,289453.45976354444,48.49993624828403,189.98996697961996,FAIL
CSEG_03,108,28,615.7521601035994,133002.46658237747,2,1.5275042731720676,U09p343881_ETM_S06,0.7,652.5,1.0,1.0,24077.216170834286,462965.94915108505,303086.51653698756,48.49993624828403,189.98996697961996,FAIL
CSEG_03,108,28,615.7521601035994,133002.46658237747,3,1.4687592484052365,U09p343881_ETM_S06,0.7,652.5,1.0,1.0,24077.216170834286,462965.94915108505,315208.8741934858,48.49993624828403,189.98996697961996,FAIL
CSEG_03,108,28,615.7521601035994,133002.46658237747,4,1.420824766676065,U09p343881_ETM_S06,0.7,652.5,1.0,1.0,24077.216170834286,462965.94915108505,325843.1018444071,48.49993624828403,189.98996697961996,FAIL
CSEG_03,108,28,615.7521601035994,133002.46658237747,5,1.381368743415819,U09p343881_ETM_S06,0.7,652.5,1.0,1.0,24077.216170834286,462965.94915108505,335150.1554945226,48.49993624828403,189.98996697961996,FAIL
CSEG_03,108,28,615.7521601035994,133002.46658237747,6,1.3494525075492978,U09p343881_ETM_S06,0.7,652.5,1.0,1.0,24077.216170834286,462965.94915108505,343076.874926013,48.49993624828403,189.98996697961996,FAIL
CSEG_03,108,28,615.7521601035994,133002.46658237747,7,1.3235186935188694,U09p343881_ETM_S06,0.7,652.5,1.0,1.0,24077.216170834286,462965.94915108505,349799.327669628,48.49993624828403,189.98996697961996,FAIL
CSEG_03,108,28,615.7521601035994,133002.46658237747,8,1.305631995012938,U09p343881_ETM_S06,1.0,652.5,1.0,1.0,24077.216170834286,462965.94915108505,354591.4552641591,48.49993624828403,189.98996697961996,FAIL
CSEG_03,108,28,615.7521601035994,133002.46658237747,9,1.315638212666175,U09p343881_ETM_S06,1.0,652.5,1.35,1.2,44116.40183062629,466237.19374968956,354381.0063139226,48.49993624828403,189.98996697961996,FAIL
CSEG_03,108,28,615.7521601035994,133002.46658237747,10,1.336304553344364,U09p343881_ETM_S06,1.0,652.5,1.35,1.2,45406.641830626286,466578.24718420586,349155.62176040065,48.49993624828403,189.98996697961996,FAIL
CSEG_03,108,28,615.7521601035994,133002.46658237747,11,1.3585846413865525,U09p343881_ETM_S06,1.0,652.5,1.35,1.2,46696.881830626284,466919.3006187222,343680.6853212994,48.49993624828403,189.98996697961996,FAIL
CSEG_03,108,28,615.7521601035994,133002.46658237747,12,1.3829626111428088,U09p343881_ETM_S06,1.0,652.5,1.35,1.2,47987.12183062628,467260.3540532385,337869.11539648834,48.49993624828403,189.98996697961996,FAIL
CSEG_03,108,28,615.7521601035994,133002.46658237747,13,1.410201001285099,U09p343881_ETM_S06,1.0,652.5,1.35,1.2,49277.36183062629,467601.4074877549,331584.9350990642,48.49993624828403,189.98996697961996,FAIL
CSEG_03,108,28,615.7521601035994,133002.46658237747,14,1.440142443772995,U09p343881_ETM_S06,1.0,652.5,1.35,1.2,50567.601830626285,467942.4609222712,324927.9006709363,48.49993624828403,189.98996697961996,FAIL
CSEG_03,108,28,615.7521601035994,133002.46658237747,15,1.4734549493742204,U09p343881_ETM_S06,1.0,652.5,1.35,1.2,51857.84183062628,468283.51435678755,317813.25554314954,48.49993624828403,189.98996697961996,FAIL
CSEG_03,108,28,615.7521601035994,133002.46658237747,16,1.5115064775753997,U09p343881_ETM_S06,1.0,652.5,1.35,1.2,53148.08183062628,468624.56779130385,310038.08104284294,48.49993624828403,189.98996697961996,FAIL
CSEG_03,108,32,804.247719318987,173717.5073729012,1,1.3729854950846316,U09p343881_ETM_S06,0.7,652.5,1.0,1.0,24077.216170834286,462965.94915108505,337196.53325437906,46.49993624828403,185.98996697961996,FAIL
CSEG_03,108,32,804.247719318987,173717.5073729012,2,1.325936965132671,U09p343881_ETM_S06,0.7,652.5,1.0,1.0,24077.216170834286,462965.94915108505,349161.3563279469,46.49993624828403,185.98996697961996,FAIL
CSEG_03,108,32,804.247719318987,173717.5073729012,3,1.2869669888939865,U09p343881_ETM_S06,0.7,652.5,1.0,1.0,24077.216170834286,462965.94915108505,359734.12927161076,46.49993624828403,185.98996697961996,FAIL
CSEG_03,108,32,804.247719318987,173717.5073729012,4,1.2544972566998387,U09p343881_ETM_S06,0.7,652.5,1.0,1.0,24077.216170834286,462965.94915108505,369045.0072158731,46.49993624828403,185.98996697961996,FAIL
CSEG_03,108,32,804.247719318987,173717.5073729012,5,1.227654384640722,U09p343881_ETM_S06,0.7,652.5,1.0,1.0,24077.216170834286,462965.94915108505,377114.239107755,46.49993624828403,185.98996697961996,FAIL
CSEG_03,108,32,804.247719318987,173717.5073729012,6,1.2059496373397933,U09p343881_ETM_S06,1.0,652.5,1.0,1.0,24077.216170834286,462965.94915108505,383901.56173714064,46.49993624828403,185.98996697961996,FAIL
CSEG_03,108,32,804.247719318987,173717.5073729012,7,1.1902689390460754,U09p343881_ETM_S06,1.0,652.5,1.0,1.0,24077.216170834286,462965.94915108505,388959.11164591316,46.49993624828403,185.98996697961996,FAIL
CSEG_03,108,32,804.247719318987,173717.5073729012,8,1.1858086800939212,U09p343881_ETM_S06,1.0,652.5,1.35,1.2,42826.16183062628,465896.1403151732,392893.1775725172,46.49993624828403,185.98996697961996,FAIL
CSEG_03,108,32,804.247719318987,173717.5073729012,9,1.197277614286278,U09p343881_ETM_S06,1.0,652.5,1.35,1.2,44116.40183062629,466237.19374968956,389414.44171878486,46.49993624828403,185.98996697961996,FAIL
CSEG_03,108,32,804.247719318987,173717.5073729012,10,1.2173008528034213,U09p343881_ETM_S06,1.0,652.5,1.35,1.2,45406.641830626286,466578.24718420586,383289.1812321373,46.49993624828403,185.98996697961996,FAIL
CSEG_03,108,32,804.247719318987,173717.5073729012,11,1.2389410613260323,U09p343881_ETM_S06,1.0,652.5,1.35,1.2,46696.881830626284,466919.3006187222,376869.66329050466,46.49993624828403,185.98996697961996,FAIL
CSEG_03,108,32,804.247719318987,173717.5073729012,12,1.2617834559594137,U09p343881_ETM_S06,1.0,652.5,1.35,1.2,47987.12183062628,467260.3540532385,370317.388333445,46.49993624828403,185.98996697961996,FAIL
CSEG_03,108,32,804.247719318987,173717.5073729012,13,1.2863980295437738,U09p343881_ETM_S06,1.0,652.5,1.35,1.2,49277.36183062629,467601.4074877549,363496.67579449853,46.49993624828403,185.98996697961996,FAIL
CSEG_03,108,32,804.247719318987,173717.5073729012,14,1.3129920572763256,U09p343881_ETM_S06,1.0,652.5,1.35,1.2,50567.601830626285,467942.4609222712,356393.9768934873,46.49993624828403,185.98996697961996,FAIL
CSEG_03,108,32,804.247719318987,173717.5073729012,15,1.3416622751382143,U09p343881_ETM_S06,1.0,652.5,1.35,1.2,51857.84183062628,468283.51435678755,349032.33327369683,46.49993624828403,185.98996697961996,FAIL
CSEG_03,108,32,804.247719318987,173717.5073729012,16,1.372942582384871,U09p343881_ETM_S06,1.0,652.5,1.35,1.2,53148.08183062628,468624.56779130385,341328.5987366486,46.49993624828403,185.98996697961996,FAIL
CSEG_03,108,36,1017.8760197630929,219861.22026882807,1,1.1896619389126073,U09p343881_ETM_S06,0.7,652.5,1.0,1.0,24077.216170834286,462965.94915108505,389157.5699011201,44.49993624828403,181.98996697961996,FAIL
CSEG_03,108,36,1017.8760197630929,219861.22026882807,2,1.158955477396106,U09p343881_ETM_S06,0.7,652.5,1.0,1.0,24077.216170834286,462965.94915108505,399468.27827351756,44.49993624828403,181.98996697961996,FAIL
CSEG_03,108,36,1017.8760197630929,219861.22026882807,3,1.1329569403714275,U09p343881_ETM_S06,0.7,652.5,1.0,1.0,24077.216170834286,462965.94915108505,408635.07928139507,44.49993624828403,181.98996697961996,FAIL
CSEG_03,108,36,1017.8760197630929,219861.22026882807,4,1.1110867969005553,U09p343881_ETM_S06,0.7,652.5,1.0,1.0,24077.216170834286,462965.94915108505,416678.47232327564,44.49993624828403,181.98996697961996,FAIL
CSEG_03,108,36,1017.8760197630929,219861.22026882807,5,1.093535245314625,U09p343881_ETM_S06,1.0,652.5,1.0,1.0,24077.216170834286,462965.94915108505,423366.28026825364,44.49993624828403,181.98996697961996,FAIL
CSEG_03,108,36,1017.8760197630929,219861.22026882807,6,1.0801256486834903,U09p343881_ETM_S06,1.0,652.5,1.0,1.0,24077.216170834286,462965.94915108505,428622.3086317508,44.49993624828403,181.98996697961996,FAIL
CSEG_03,108,36,1017.8760197630929,219861.22026882807,7,1.0702110571403372,U09p343881_ETM_S06,1.0,652.5,1.35,1.2,41535.921830626285,465555.08688065683,435012.4059871384,44.49993624828403,181.98996697961996,FAIL
CSEG_03,108,36,1017.8760197630929,219861.22026882807,8,1.0751093976947619,U09p343881_ETM_S06,1.0,652.5,1.35,1.2,42826.16183062628,465896.1403151732,433347.6586793332,44.49993624828403,181.98996697961996,FAIL
CSEG_03,108,36,1017.8760197630929,219861.22026882807,9,1.0857159661469045,U09p343881_ETM_S06,1.0,652.5,1.35,1.2,44116.40183062629,466237.19374968956,429428.3295881868,44.49993624828403,181.98996697961996,FAIL
CSEG_03,108,36,1017.8760197630929,219861.22026882807,10,1.1038299991200533,U09p343881_ETM_S06,1.0,652.5,1.35,1.2,45406.641830626286,466578.24718420586,422690.3124178096,44.49993624828403,181.98996697961996,FAIL
CSEG_03,108,36,1017.8760197630929,219861.22026882807,11,1.1241286982992253,U09p343881_ETM_S06,1.0,652.5,1.35,1.2,46696.881830626284,466919.3006187222,415361.0714904422,44.49993624828403,181.98996697961996,FAIL
CSEG_03,108,36,1017.8760197630929,219861.22026882807,12,1.1452056593912239,U09p343881_ETM_S06,1.0,652.5,1.35,1.2,47987.12183062628,467260.3540532385,408014.35988504277,44.49993624828403,181.98996697961996,FAIL
CSEG_03,108,36,1017.8760197630929,219861.22026882807,13,1.1672747057949329,U09p343881_ETM_S06,1.0,652.5,1.35,1.2,49277.36183062629,467601.4074877549,400592.4271007918,44.49993624828403,181.98996697961996,FAIL
CSEG_03,108,36,1017.8760197630929,219861.22026882807,14,1.190739923545286,U09p343881_ETM_S06,1.0,652.5,1.35,1.2,50567.601830626285,467942.4609222712,392984.6070240329,44.49993624828403,181.98996697961996,FAIL
CSEG_03,108,36,1017.8760197630929,219861.22026882807,15,1.2156659683528055,U09p343881_ETM_S06,1.0,652.5,1.35,1.2,51857.84183062628,468283.51435678755,385207.3896510396,44.49993624828403,181.98996697961996,FAIL
CSEG_03,108,36,1017.8760197630929,219861.22026882807,16,1.2421933830399408,U09p343881_ETM_S06,1.0,652.5,1.35,1.2,53148.08183062628,468624.56779130385,377255.7269983751,44.49993624828403,181.98996697961996,FAIL
CSEG_03,108,40,1256.6370614359173,271433.60527015815,1,1.0404147377654325,U09p343881_ETM_S06,0.7,652.5,1.0,1.0,24077.216170834286,462965.94915108505,444982.113714986,42.49993624828403,177.98996697961996,FAIL
CSEG_03,108,40,1256.6370614359173,271433.60527015815,2,1.0199468248674255,U09p343881_ETM_S06,0.7,652.5,1.0,1.0,24077.216170834286,462965.94915108505,453911.8489939534,42.49993624828403,177.98996697961996,FAIL
CSEG_03,108,40,1256.6370614359173,271433.60527015815,3,1.0025797645876402,U09p343881_ETM_S06,1.0,652.5,1.0,1.0,24077.216170834286,462965.94915108505,461774.6791862515,42.49993624828403,177.98996697961996,FAIL
CSEG_03,108,40,1256.6370614359173,271433.60527015815,4,0.9885395351638364,U09p343881_ETM_S06,1.0,652.5,1.0,1.0,24077.216170834286,462965.94915108505,468333.2660785843,42.49993624828403,177.98996697961996,PASS
CSEG_03,108,40,1256.6370614359173,271433.60527015815,5,0.9774850180315132,U09p343881_ETM_S06,1.0,652.5,1.0,1.0,24077.216170834286,462965.94915108505,473629.7136128171,42.49993624828403,177.98996697961996,PASS
CSEG_03,108,40,1256.6370614359173,271433.60527015815,6,0.9689414523000418,U09p343881_ETM_S06,1.0,652.5,1.0,1.0,24077.216170834286,462965.94915108505,477805.9066955093,42.49993624828403,177.98996697961996,PASS
CSEG_03,108,40,1256.6370614359173,271433.60527015815,7,0.9678912958842321,U09p343881_ETM_S06,1.0,652.5,1.35,1.2,41535.921830626285,465555.08688065683,480999.3527789108,42.49993624828403,177.98996697961996,PASS
CSEG_03,108,40,1256.6370614359173,271433.60527015815,8,0.9733407069095774,U09p343881_ETM_S06,1.0,652.5,1.35,1.2,42826.16183062628,465896.1403151732,478656.79202344775,42.49993624828403,177.98996697961996,PASS
CSEG_03,108,40,1256.6370614359173,271433.60527015815,9,0.9829190101382119,U09p343881_ETM_S06,1.0,652.5,1.35,1.2,44116.40183062629,466237.19374968956,474339.3798886138,42.49993624828403,177.98996697961996,PASS
CSEG_03,108,40,1256.6370614359173,271433.60527015815,10,0.99834027400048,U09p343881_ETM_S06,1.0,652.5,1.35,1.2,45406.641830626286,466578.24718420586,467353.92664724006,42.49993624828403,177.98996697961996,PASS
CSEG_03,108,40,1256.6370614359173,271433.60527015815,11,1.0168462976302297,U09p343881_ETM_S06,1.0,652.5,1.35,1.2,46696.881830626284,466919.3006187222,459183.7544247171,42.49993624828403,177.98996697961996,FAIL
CSEG_03,108,40,1256.6370614359173,271433.60527015815,12,1.0358586991582597,U09p343881_ETM_S06,1.0,652.5,1.35,1.2,47987.12183062628,467260.3540532385,451085.03160994354,42.49993624828403,177.98996697961996,FAIL
CSEG_03,108,40,1256.6370614359173,271433.60527015815,13,1.0555547634469207,U09p343881_ETM_S06,1.0,652.5,1.35,1.2,49277.36183062629,467601.4074877549,442991.13952250057,42.49993624828403,177.98996697961996,FAIL
CSEG_03,108,40,1256.6370614359173,271433.60527015815,14,1.076100672042405,U09p343881_ETM_S06,1.0,652.5,1.35,1.2,50567.601830626285,467942.4609222712,434850.07776654506,42.49993624828403,177.98996697961996,FAIL
CSEG_03,108,40,1256.6370614359173,271433.60527015815,15,1.0977198666774624,U09p343881_ETM_S06,1.0,652.5,1.35,1.2,51857.84183062628,468283.51435678755,426596.55579904065,42.49993624828403,177.98996697961996,FAIL
CSEG_03,108,40,1256.6370614359173,271433.60527015815,16,1.1204454335311067,U09p343881_ETM_S06,1.0,652.5,1.35,1.2,53148.08183062628,468624.56779130385,418248.45170230547,42.49993624828403,177.98996697961996,FAIL
CSEG_03,108,50,1963.4954084936207,424115.0082346221,1,0.7695163631164518,U09p343881_ETM_S06,1.0,652.5,1.0,1.0,24077.216170834286,462965.94915108505,601632.3646142193,37.49993624828403,167.98996697961996,PASS
CSEG_03,108,50,1963.4954084936207,424115.0082346221,2,0.7623624124395444,U09p343881_ETM_S06,1.0,652.5,1.0,1.0,24077.216170834286,462965.94915108505,607278.0367930304,37.49993624828403,167.98996697961996,PASS
CSEG_03,108,50,1963.4954084936207,424115.0082346221,3,0.7565707311928634,U09p343881_ETM_S06,1.0,652.5,1.0,1.0,24077.216170834286,462965.94915108505,611926.8563576862,37.49993624828403,167.98996697961996,PASS
CSEG_03,108,50,1963.4954084936207,424115.0082346221,4,0.7520348556677217,U09p343881_ETM_S06,1.0,652.5,1.0,1.0,24077.216170834286,462965.94915108505,615617.6747153878,37.49993624828403,167.98996697961996,PASS
CSEG_03,108,50,1963.4954084936207,424115.0082346221,5,0.7500646825756009,U09p343881_ETM_S06,1.0,652.5,1.35,1.2,38955.44183062629,464872.9800116242,619777.1883023814,37.49993624828403,167.98996697961996,PASS
CSEG_03,108,50,1963.4954084936207,424115.0082346221,6,0.7515601322772123,U09p343881_ETM_S06,1.0,652.5,1.35,1.2,40245.68183062629,465214.03344614053,618997.7534286594,37.49993624828403,167.98996697961996,PASS
CSEG_03,108,50,1963.4954084936207,424115.0082346221,7,0.7547609053176391,U09p343881_ETM_S06,1.0,652.5,1.35,1.2,41535.921830626285,465555.08688065683,616824.5912057797,37.49993624828403,167.98996697961996,PASS
CSEG_03,108,50,1963.4954084936207,424115.0082346221,8,0.7597875558382255,U09p343881_ETM_S06,1.0,652.5,1.35,1.2,42826.16183062628,465896.1403151732,613192.6440953346,37.49993624828403,167.98996697961996,PASS
CSEG_03,108,50,1963.4954084936207,424115.0082346221,9,0.7667473252477527,U09p343881_ETM_S06,1.0,652.5,1.35,1.2,44116.40183062629,466237.19374968956,608071.4968246394,37.49993624828403,167.98996697961996,PASS
CSEG_03,108,50,1963.4954084936207,424115.0082346221,10,0.7762118223759639,U09p343881_ETM_S06,1.0,652.5,1.35,1.2,45406.641830626286,466578.24718420586,601096.5483056187,37.49993624828403,167.98996697961996,PASS
CSEG_03,108,50,1963.4954084936207,424115.0082346221,11,0.7887364860868802,U09p343881_ETM_S06,1.0,652.5,1.35,1.2,46696.881830626284,466919.3006187222,591983.8993821957,37.49993624828403,167.98996697961996,PASS
CSEG_03,108,50,1963.4954084936207,424115.0082346221,12,0.802535830518216,U09p343881_ETM_S06,1.0,652.5,1.35,1.2,47987.12183062628,467260.3540532385,582229.8971393186,37.49993624828403,167.98996697961996,PASS
CSEG_03,108,50,1963.4954084936207,424115.0082346221,13,0.8166155883999621,U09p343881_ETM_S06,1.0,652.5,1.35,1.2,49277.36183062629,467601.4074877549,572608.9657484386,37.49993624828403,167.98996697961996,PASS
CSEG_03,108,50,1963.4954084936207,424115.0082346221,14,0.831102136435285,U09p343881_ETM_S06,1.0,652.5,1.35,1.2,50567.601830626285,467942.4609222712,563038.4526856624,37.49993624828403,167.98996697961996,PASS
CSEG_03,108,50,1963.4954084936207,424115.0082346221,15,0.8459743181891319,U09p343881_ETM_S06,1.0,652.5,1.35,1.2,51857.84183062628,468283.51435678755,553543.4164942284,37.49993624828403,167.98996697961996,PASS
CSEG_03,108,50,1963.4954084936207,424115.0082346221,16,0.861325836137927,U09p343881_ETM_S06,1.0,652.5,1.35,1.2,53148.08183062628,468624.56779130385,544073.5063661337,37.49993624828403,167.98996697961996,PASS
CSEG_04,108,25,490.8738521234052,106028.75205865552,1,1.8196892797388764,U09p343881_ETM_S06,0.7,652.5,1.0,1.0,23456.99803597398,451565.6899664634,248155.38289661333,49.99982102765716,188.40912377757994,FAIL
CSEG_04,108,25,490.8738521234052,106028.75205865552,2,1.7129418378958956,U09p343881_ETM_S06,0.7,652.5,1.0,1.0,23456.99803597398,451565.6899664634,263619.9782014475,49.99982102765716,188.40912377757994,FAIL
CSEG_04,108,25,490.8738521234052,106028.75205865552,3,1.6328590357184514,U09p343881_ETM_S06,0.7,652.5,1.0,1.0,23456.99803597398,451565.6899664634,276549.09584266494,49.99982102765716,188.40912377757994,FAIL
CSEG_04,108,25,490.8738521234052,106028.75205865552,4,1.568262649359713,U09p343881_ETM_S06,0.7,652.5,1.0,1.0,23456.99803597398,451565.6899664634,287940.09099867794,49.99982102765716,188.40912377757994,FAIL
CSEG_04,108,25,490.8738521234052,106028.75205865552,5,1.5159027850137492,U09p343881_ETM_S06,0.7,652.5,1.0,1.0,23456.99803597398,451565.6899664634,297885.65231929946,49.99982102765716,188.40912377757994,FAIL
CSEG_04,108,25,490.8738521234052,106028.75205865552,6,1.4734385836182753,U09p343881_ETM_S06,0.7,652.5,1.0,1.0,23456.99803597398,451565.6899664634,306470.6564542162,49.99982102765716,188.40912377757994,FAIL
CSEG_04,108,25,490.8738521234052,106028.75205865552,7,1.4395802485504317,U09p343881_ETM_S06,0.7,652.5,1.0,1.0,23456.99803597398,451565.6899664634,313678.7201833049,49.99982102765716,188.40912377757994,FAIL
CSEG_04,108,25,490.8738521234052,106028.75205865552,8,1.4139510101579709,U09p343881_ETM_S06,1.0,652.5,1.0,1.0,23456.99803597398,451565.6899664634,319364.452320037,49.99982102765716,188.40912377757994,FAIL
CSEG_04,108,25,490.8738521234052,106028.75205865552,9,1.4178349119689433,U09p343881_ETM_S06,1.0,652.5,1.35,1.2,43279.107348564874,454677.19219689164,320684.15607391327,49.99982102765716,188.40912377757994,FAIL
CSEG_04,108,25,490.8738521234052,106028.75205865552,10,1.4384158731532084,U09p343881_ETM_S06,1.0,652.5,1.35,1.2,44569.34734856487,455011.57938149717,316328.2524017538,49.99982102765716,188.40912377757994,FAIL
CSEG_04,108,25,490.8738521234052,106028.75205865552,11,1.4613210702226862,U09p343881_ETM_S06,1.0,652.5,1.35,1.2,45859.58734856487,455345.9665661027,311598.85109759896,49.99982102765716,188.40912377757994,FAIL
CSEG_04,108,25,490.8738521234052,106028.75205865552,12,1.487725595738093,U09p343881_ETM_S06,1.0,652.5,1.35,1.2,47149.82734856487,455680.35375070816,306293.2808685295,49.99982102765716,188.40912377757994,FAIL
CSEG_04,108,25,490.8738521234052,106028.75205865552,13,1.5178588056582378,U09p343881_ETM_S06,1.0,652.5,1.35,1.2,48440.06734856487,456014.74093531363,300432.91196479724,49.99982102765716,188.40912377757994,FAIL
CSEG_04,108,25,490.8738521234052,106028.75205865552,14,1.552076887778704,U09p343881_ETM_S06,1.0,652.5,1.35,1.2,49730.30734856487,456349.1281199192,294024.8203637871,49.99982102765716,188.40912377757994,FAIL
CSEG_04,108,25,490.8738521234052,106028.75205865552,15,1.5921851217645424,U09p343881_ETM_S06,1.0,652.5,1.35,1.2,51020.54734856487,456683.51530452474,286828.15148932196,49.99982102765716,188.40912377757994,FAIL
CSEG_04,108,25,490.8738521234052,106028.75205865552,16,1.6392154872063969,U09p343881_ETM_S06,1.0,652.5,1.35,1.2,52310.787348564874,457017.90248913027,278802.82126177,49.99982102765716,188.40912377757994,FAIL
CSEG_04,108,28,615.7521601035994,133002.46658237747,1,1.6058379595220018,U09p343881_ETM_S06,0.7,652.5,1.0,1.0,23456.99803597398,451565.6899664634,281202.52562772756,48.49982102765716,185.40912377757994,FAIL
CSEG_04,108,28,615.7521601035994,133002.46658237747,2,1.5334068937170358,U09p343881_ETM_S06,0.7,652.5,1.0,1.0,23456.99803597398,451565.6899664634,294485.2353388417,48.49982102765716,185.40912377757994,FAIL
CSEG_04,108,28,615.7521601035994,133002.46658237747,3,1.474201204419611,U09p343881_ETM_S06,0.7,652.5,1.0,1.0,23456.99803597398,451565.6899664634,306312.11574965686,48.49982102765716,185.40912377757994,FAIL
CSEG_04,108,28,615.7521601035994,133002.46658237747,4,1.426075832030149,U09p343881_ETM_S06,0.7,652.5,1.0,1.0,23456.99803597398,451565.6899664634,316649.14293065225,48.49982102765716,185.40912377757994,FAIL
CSEG_04,108,28,615.7521601035994,133002.46658237747,5,1.386440688674308,U09p343881_ETM_S06,0.7,652.5,1.0,1.0,23456.99803597398,451565.6899664634,325701.41200792603,48.49982102765716,185.40912377757994,FAIL
CSEG_04,108,28,615.7521601035994,133002.46658237747,6,1.3543762287524173,U09p343881_ETM_S06,0.7,652.5,1.0,1.0,23456.99803597398,451565.6899664634,333412.297395697,48.49982102765716,185.40912377757994,FAIL
CSEG_04,108,28,615.7521601035994,133002.46658237747,7,1.3290987446993612,U09p343881_ETM_S06,1.0,652.5,1.0,1.0,23456.99803597398,451565.6899664634,339753.3040847213,48.49982102765716,185.40912377757994,FAIL
CSEG_04,108,28,615.7521601035994,133002.46658237747,8,1.3119420888953777,U09p343881_ETM_S06,1.0,652.5,1.35,1.2,41988.867348564876,454342.8050122861,346313.1557848193,48.49982102765716,185.40912377757994,FAIL
CSEG_04,108,28,615.7521601035994,133002.46658237747,9,1.3249530462617365,U09p343881_ETM_S06,1.0,652.5,1.35,1.2,43279.107348564874,454677.19219689164,343164.7585397324,48.49982102765716,185.40912377757994,FAIL
CSEG_04,108,28,615.7521601035994,133002.46658237747,10,1.3462951333716515,U09p343881_ETM_S06,1.0,652.5,1.35,1.2,44569.34734856487,455011.57938149717,337973.1294444849,48.49982102765716,185.40912377757994,FAIL
CSEG_04,108,28,615.7521601035994,133002.46658237747,11,1.3691608776272384,U09p343881_ETM_S06,1.0,652.5,1.35,1.2,45859.58734856487,455345.9665661027,332573.0189977523,48.49982102765716,185.40912377757994,FAIL
CSEG_04,108,28,615.7521601035994,133002.46658237747,12,1.394220681012317,U09p343881_ETM_S06,1.0,652.5,1.35,1.2,47149.82734856487,455680.35375070816,326835.1703260114,48.49982102765716,185.40912377757994,FAIL
CSEG_04,108,28,615.7521601035994,133002.46658237747,13,1.4222929054013813,U09p343881_ETM_S06,1.0,652.5,1.35,1.2,48440.06734856487,456014.74093531363,320619.4302197008,48.49982102765716,185.40912377757994,FAIL
CSEG_04,108,28,615.7521601035994,133002.46658237747,14,1.453210876958861,U09p343881_ETM_S06,1.0,652.5,1.35,1.2,49730.30734856487,456349.1281199192,314028.1533502711,48.49982102765716,185.40912377757994,FAIL
CSEG_04,108,28,615.7521601035994,133002.46658237747,15,1.4879947538667064,U09p343881_ETM_S06,1.0,652.5,1.35,1.2,51020.54734856487,456683.51530452474,306912.0466438379,48.49982102765716,185.40912377757994,FAIL
CSEG_04,108,28,615.7521601035994,133002.46658237747,16,1.5278925111560564,U09p343881_ETM_S06,1.0,652.5,1.35,1.2,52310.787348564874,457017.90248913027,299116.52760398353,48.49982102765716,185.40912377757994,FAIL
CSEG_04,108,32,804.247719318987,173717.5073729012,1,1.377239636602191,U09p343881_ETM_S06,0.7,652.5,1.0,1.0,23456.99803597398,451565.6899664634,327877.3555200082,46.49982102765716,181.40912377757994,FAIL
CSEG_04,108,32,804.247719318987,173717.5073729012,2,1.3299064088693553,U09p343881_ETM_S06,0.7,652.5,1.0,1.0,23456.99803597398,451565.6899664634,339546.9688354765,46.49982102765716,181.40912377757994,FAIL
CSEG_04,108,32,804.247719318987,173717.5073729012,3,1.2908496545614896,U09p343881_ETM_S06,0.7,652.5,1.0,1.0,23456.99803597398,451565.6899664634,349820.51424095815,46.49982102765716,181.40912377757994,FAIL
CSEG_04,108,32,804.247719318987,173717.5073729012,4,1.258231456454482,U09p343881_ETM_S06,0.7,652.5,1.0,1.0,23456.99803597398,451565.6899664634,358889.2072678834,46.49982102765716,181.40912377757994,FAIL
CSEG_04,108,32,804.247719318987,173717.5073729012,5,1.2313976392831745,U09p343881_ETM_S06,0.7,652.5,1.0,1.0,23456.99803597398,451565.6899664634,366709.88766011473,46.49982102765716,181.40912377757994,FAIL
CSEG_04,108,32,804.247719318987,173717.5073729012,6,1.210336105062567,U09p343881_ETM_S06,1.0,652.5,1.0,1.0,23456.99803597398,451565.6899664634,373091.1505305547,46.49982102765716,181.40912377757994,FAIL
CSEG_04,108,32,804.247719318987,173717.5073729012,7,1.1948524070670603,U09p343881_ETM_S06,1.0,652.5,1.0,1.0,23456.99803597398,451565.6899664634,377925.91561571806,46.49982102765716,181.40912377757994,FAIL
CSEG_04,108,32,804.247719318987,173717.5073729012,8,1.1921439255879658,U09p343881_ETM_S06,1.0,652.5,1.35,1.2,41988.867348564876,454342.8050122861,381114.0544865035,46.49982102765716,181.40912377757994,FAIL
CSEG_04,108,32,804.247719318987,173717.5073729012,9,1.2046659627870957,U09p343881_ETM_S06,1.0,652.5,1.35,1.2,43279.107348564874,454677.19219689164,377430.09783804126,46.49982102765716,181.40912377757994,FAIL
CSEG_04,108,32,804.247719318987,173717.5073729012,10,1.2253723125208031,U09p343881_ETM_S06,1.0,652.5,1.35,1.2,44569.34734856487,455011.57938149717,371325.16765085014,46.49982102765716,181.40912377757994,FAIL
CSEG_04,108,32,804.247719318987,173717.5073729012,11,1.2474806197254655,U09p343881_ETM_S06,1.0,652.5,1.35,1.2,45859.58734856487,455345.9665661027,365012.4574009905,46.49982102765716,181.40912377757994,FAIL
CSEG_04,108,32,804.247719318987,173717.5073729012,12,1.2708523085486232,U09p343881_ETM_S06,1.0,652.5,1.35,1.2,47149.82734856487,455680.35375070816,358562.7933989575,46.49982102765716,181.40912377757994,FAIL
CSEG_04,108,32,804.247719318987,173717.5073729012,13,1.2960495376871524,U09p343881_ETM_S06,1.0,652.5,1.35,1.2,48440.06734856487,456014.74093531363,351849.7770919224,46.49982102765716,181.40912377757994,FAIL
CSEG_04,108,32,804.247719318987,173717.5073729012,14,1.3233514703740217,U09p343881_ETM_S06,1.0,652.5,1.35,1.2,49730.30734856487,456349.1281199192,344843.481370025,46.49982102765716,181.40912377757994,FAIL
CSEG_04,108,32,804.247719318987,173717.5073729012,15,1.3528331525963369,U09p343881_ETM_S06,1.0,652.5,1.35,1.2,51020.54734856487,456683.51530452474,337575.6385242812,46.49982102765716,181.40912377757994,FAIL
CSEG_04,108,32,804.247719318987,173717.5073729012,16,1.3853622922125122,U09p343881_ETM_S06,1.0,652.5,1.35,1.2,52310.787348564874,457017.90248913027,329890.53120483266,46.49982102765716,181.40912377757994,FAIL
CSEG_04,108,36,1017.8760197630929,219861.22026882807,1,1.192523675714469,U09p343881_ETM_S06,0.7,652.5,1.0,1.0,23456.99803597398,451565.6899664634,378663.9201908673,44.49982102765716,177.40912377757994,FAIL
CSEG_04,108,36,1017.8760197630929,219861.22026882807,2,1.1617255712846448,U09p343881_ETM_S06,0.7,652.5,1.0,1.0,23456.99803597398,451565.6899664634,388702.5482852364,44.49982102765716,177.40912377757994,FAIL
CSEG_04,108,36,1017.8760197630929,219861.22026882807,3,1.1356318531491643,U09p343881_ETM_S06,0.7,652.5,1.0,1.0,23456.99803597398,451565.6899664634,397633.87114780996,44.49982102765716,177.40912377757994,FAIL
CSEG_04,108,36,1017.8760197630929,219861.22026882807,4,1.1137597105786774,U09p343881_ETM_S06,0.7,652.5,1.0,1.0,23456.99803597398,451565.6899664634,405442.65129849507,44.49982102765716,177.40912377757994,FAIL
CSEG_04,108,36,1017.8760197630929,219861.22026882807,5,1.0966658728477292,U09p343881_ETM_S06,1.0,652.5,1.0,1.0,23456.99803597398,451565.6899664634,411762.3253779894,44.49982102765716,177.40912377757994,FAIL
CSEG_04,108,36,1017.8760197630929,219861.22026882807,6,1.0834446160753233,U09p343881_ETM_S06,1.0,652.5,1.0,1.0,23456.99803597398,451565.6899664634,416787.0542402231,44.49982102765716,177.40912377757994,FAIL
CSEG_04,108,36,1017.8760197630929,219861.22026882807,7,1.0745999462889761,U09p343881_ETM_S06,1.0,652.5,1.35,1.2,40698.62734856487,454008.4178276806,422490.63886105095,44.49982102765716,177.40912377757994,FAIL
CSEG_04,108,36,1017.8760197630929,219861.22026882807,8,1.0799803661351826,U09p343881_ETM_S06,1.0,652.5,1.35,1.2,41988.867348564876,454342.8050122861,420695.4304532379,44.49982102765716,177.40912377757994,FAIL
CSEG_04,108,36,1017.8760197630929,219861.22026882807,9,1.0913451733206347,U09p343881_ETM_S06,1.0,652.5,1.35,1.2,43279.107348564874,454677.19219689164,416620.8852268489,44.49982102765716,177.40912377757994,FAIL
CSEG_04,108,36,1017.8760197630929,219861.22026882807,10,1.1102039349035993,U09p343881_ETM_S06,1.0,652.5,1.35,1.2,44569.34734856487,455011.57938149717,409845.0429479036,44.49982102765716,177.40912377757994,FAIL
CSEG_04,108,36,1017.8760197630929,219861.22026882807,11,1.1308676724497113,U09p343881_ETM_S06,1.0,652.5,1.35,1.2,45859.58734856487,455345.9665661027,402651.85543744644,44.49982102765716,177.40912377757994,FAIL
CSEG_04,108,36,1017.8760197630929,219861.22026882807,12,1.1523460766326485,U09p343881_ETM_S06,1.0,652.5,1.35,1.2,47149.82734856487,455680.35375070816,395437.06790088944,44.49982102765716,177.40912377757994,FAIL
CSEG_04,108,36,1017.8760197630929,219861.22026882807,13,1.1748591535079602,U09p343881_ETM_S06,1.0,652.5,1.35,1.2,48440.06734856487,456014.74093531363,388144.17845213134,44.49982102765716,177.40912377757994,FAIL
CSEG_04,108,36,1017.8760197630929,219861.22026882807,14,1.1988279244551139,U09p343881_ETM_S06,1.0,652.5,1.35,1.2,49730.30734856487,456349.1281199192,380662.74467817147,44.49982102765716,177.40912377757994,FAIL
CSEG_04,108,36,1017.8760197630929,219861.22026882807,15,1.2243209359969354,U09p343881_ETM_S06,1.0,652.5,1.35,1.2,51020.54734856487,456683.51530452474,373009.6430415594,44.49982102765716,177.40912377757994,FAIL
CSEG_04,108,36,1017.8760197630929,219861.22026882807,16,1.2515021469304408,U09p343881_ETM_S06,1.0,652.5,1.35,1.2,52310.787348564874,457017.90248913027,365175.48420516733,44.49982102765716,177.40912377757994,FAIL
CSEG_04,108,40,1256.6370614359173,271433.60527015815,1,1.042294031565694,U09p343881_ETM_S06,0.7,652.5,1.0,1.0,23456.99803597398,451565.6899664634,433242.13349676284,42.49982102765716,173.40912377757994,FAIL
CSEG_04,108,40,1256.6370614359173,271433.60527015815,2,1.0217853894777968,U09p343881_ETM_S06,0.7,652.5,1.0,1.0,23456.99803597398,451565.6899664634,441937.9006752531,42.49982102765716,173.40912377757994,FAIL
CSEG_04,108,40,1256.6370614359173,271433.60527015815,3,1.0046510355035216,U09p343881_ETM_S06,1.0,652.5,1.0,1.0,23456.99803597398,451565.6899664634,449475.1650160226,42.49982102765716,173.40912377757994,FAIL
CSEG_04,108,40,1256.6370614359173,271433.60527015815,4,0.9907149153789524,U09p343881_ETM_S06,1.0,652.5,1.0,1.0,23456.99803597398,451565.6899664634,455797.81121367065,42.49982102765716,173.40912377757994,PASS
CSEG_04,108,40,1256.6370614359173,271433.60527015815,5,0.9797933330273811,U09p343881_ETM_S06,1.0,652.5,1.0,1.0,23456.99803597398,451565.6899664634,460878.50850261305,42.49982102765716,173.40912377757994,PASS
CSEG_04,108,40,1256.6370614359173,271433.60527015815,6,0.971395315911237,U09p343881_ETM_S06,1.0,652.5,1.0,1.0,23456.99803597398,451565.6899664634,464862.94773087633,42.49982102765716,173.40912377757994,PASS
CSEG_04,108,40,1256.6370614359173,271433.60527015815,7,0.9712157149347619,U09p343881_ETM_S06,1.0,652.5,1.35,1.2,40698.62734856487,454008.4178276806,467464.03589461796,42.49982102765716,173.40912377757994,PASS
CSEG_04,108,40,1256.6370614359173,271433.60527015815,8,0.976998632057543,U09p343881_ETM_S06,1.0,652.5,1.35,1.2,41988.867348564876,454342.8050122861,465039.3461201145,42.49982102765716,173.40912377757994,PASS
CSEG_04,108,40,1256.6370614359173,271433.60527015815,9,0.9871220612400766,U09p343881_ETM_S06,1.0,652.5,1.35,1.2,43279.107348564874,454677.19219689164,460608.8852129405,42.49982102765716,173.40912377757994,PASS
CSEG_04,108,40,1256.6370614359173,271433.60527015815,10,1.0032598119358016,U09p343881_ETM_S06,1.0,652.5,1.35,1.2,44569.34734856487,455011.57938149717,453533.14661687386,42.49982102765716,173.40912377757994,FAIL
CSEG_04,108,40,1256.6370614359173,271433.60527015815,11,1.0220592672801914,U09p343881_ETM_S06,1.0,652.5,1.35,1.2,45859.58734856487,455345.9665661027,445518.16234476,42.49982102765716,173.40912377757994,FAIL
CSEG_04,108,40,1256.6370614359173,271433.60527015815,12,1.0413774244557834,U09p343881_ETM_S06,1.0,652.5,1.35,1.2,47149.82734856487,455680.35375070816,437574.6420552986,42.49982102765716,173.40912377757994,FAIL
CSEG_04,108,40,1256.6370614359173,271433.60527015815,13,1.0613971093031804,U09p343881_ETM_S06,1.0,652.5,1.35,1.2,48440.06734856487,456014.74093531363,429636.31325008284,42.49982102765716,173.40912377757994,FAIL
CSEG_04,108,40,1256.6370614359173,271433.60527015815,14,1.0823120355423799,U09p343881_ETM_S06,1.0,652.5,1.35,1.2,49730.30734856487,456349.1281199192,421642.8471029879,42.49982102765716,173.40912377757994,FAIL
CSEG_04,108,40,1256.6370614359173,271433.60527015815,15,1.10433715491828,U09p343881_ETM_S06,1.0,652.5,1.35,1.2,51020.54734856487,456683.51530452474,413536.3129553663,42.49982102765716,173.40912377757994,FAIL
CSEG_04,108,40,1256.6370614359173,271433.60527015815,16,1.1275124502531586,U09p343881_ETM_S06,1.0,652.5,1.35,1.2,52310.787348564874,457017.90248913027,405332.90997054335,42.49982102765716,173.40912377757994,FAIL
CSEG_04,108,50,1963.4954084936207,424115.0082346221,1,0.7701102170256126,U09p343881_ETM_S06,1.0,652.5,1.0,1.0,23456.99803597398,451565.6899664634,586365.0163096656,37.49982102765716,163.40912377757994,PASS
CSEG_04,108,50,1963.4954084936207,424115.0082346221,2,0.7630532562770038,U09p343881_ETM_S06,1.0,652.5,1.0,1.0,23456.99803597398,451565.6899664634,591787.9076615013,37.49982102765716,163.40912377757994,PASS
CSEG_04,108,50,1963.4954084936207,424115.0082346221,3,0.7573312279092674,U09p343881_ETM_S06,1.0,652.5,1.0,1.0,23456.99803597398,451565.6899664634,596259.1707898827,37.49982102765716,163.40912377757994,PASS
CSEG_04,108,50,1963.4954084936207,424115.0082346221,4,0.7529040573421899,U09p343881_ETM_S06,1.0,652.5,1.0,1.0,23456.99803597398,451565.6899664634,599765.2497192346,37.49982102765716,163.40912377757994,PASS
CSEG_04,108,50,1963.4954084936207,424115.0082346221,5,0.751201909138386,U09p343881_ETM_S06,1.0,652.5,1.35,1.2,38118.147348564875,453339.6434584696,603485.7445695809,37.49982102765716,163.40912377757994,PASS
CSEG_04,108,50,1963.4954084936207,424115.0082346221,6,0.7528180150592907,U09p343881_ETM_S06,1.0,652.5,1.35,1.2,39408.38734856487,453674.0306430751,602634.3971156754,37.49982102765716,163.40912377757994,PASS
CSEG_04,108,50,1963.4954084936207,424115.0082346221,7,0.7561861335463539,U09p343881_ETM_S06,1.0,652.5,1.35,1.2,40698.62734856487,454008.4178276806,600392.413569496,37.49982102765716,163.40912377757994,PASS
CSEG_04,108,50,1963.4954084936207,424115.0082346221,8,0.7614061495755593,U09p343881_ETM_S06,1.0,652.5,1.35,1.2,41988.867348564876,454342.8050122861,596715.4392771276,37.49982102765716,163.40912377757994,PASS
CSEG_04,108,50,1963.4954084936207,424115.0082346221,9,0.7686069995128565,U09p343881_ETM_S06,1.0,652.5,1.35,1.2,43279.107348564874,454677.19219689164,591560.0462721083,37.49982102765716,163.40912377757994,PASS
CSEG_04,108,50,1963.4954084936207,424115.0082346221,10,0.7784537976026115,U09p343881_ETM_S06,1.0,652.5,1.35,1.2,44569.34734856487,455011.57938149717,584506.8529215057,37.49982102765716,163.40912377757994,PASS
CSEG_04,108,50,1963.4954084936207,424115.0082346221,11,0.7912429027982083,U09p343881_ETM_S06,1.0,652.5,1.35,1.2,45859.58734856487,455345.9665661027,575481.8968432886,37.49982102765716,163.40912377757994,PASS
CSEG_04,108,50,1963.4954084936207,424115.0082346221,12,0.8051926290143782,U09p343881_ETM_S06,1.0,652.5,1.35,1.2,47149.82734856487,455680.35375070816,565927.1301433775,37.49982102765716,163.40912377757994,PASS
CSEG_04,108,50,1963.4954084936207,424115.0082346221,13,0.8194254400573169,U09p343881_ETM_S06,1.0,652.5,1.35,1.2,48440.06734856487,456014.74093531363,556505.4715697092,37.49982102765716,163.40912377757994,PASS
CSEG_04,108,50,1963.4954084936207,424115.0082346221,14,0.834076094357771,U09p343881_ETM_S06,1.0,652.5,1.35,1.2,49730.30734856487,456349.1281199192,547131.2883883847,37.49982102765716,163.40912377757994,PASS
CSEG_04,108,50,1963.4954084936207,424115.0082346221,15,0.849120076190741,U09p343881_ETM_S06,1.0,652.5,1.35,1.2,51020.54734856487,456683.51530452474,537831.4894558424,37.49982102765716,163.40912377757994,PASS
CSEG_04,108,50,1963.4954084936207,424115.0082346221,16,0.8646655870035178,U09p343881_ETM_S06,1.0,652.5,1.35,1.2,52310.787348564874,457017.90248913027,528548.7353242738,37.49982102765716,163.40912377757994,PASS
CSEG_05,96,25,490.8738521234052,94247.7796076938,1,1.9429759682077425,U09p343881_ETM_S06,0.7,652.5,1.0,1.0,22845.436109004844,440111.16532285407,226513.95206335228,49.9998327235262,209.7594192462438,FAIL
CSEG_05,96,25,490.8738521234052,94247.7796076938,2,1.8132775720357228,U09p343881_ETM_S06,0.7,652.5,1.0,1.0,22845.436109004844,440111.16532285407,242715.82691487877,49.9998327235262,209.7594192462438,FAIL
CSEG_05,96,25,490.8738521234052,94247.7796076938,3,1.7193932466338993,U09p343881_ETM_S06,0.7,652.5,1.0,1.0,22845.436109004844,440111.16532285407,255968.88099012317,49.9998327235262,209.7594192462438,FAIL
CSEG_05,96,25,490.8738521234052,94247.7796076938,4,1.6440862125739915,U09p343881_ETM_S06,0.7,652.5,1.0,1.0,22845.436109004844,440111.16532285407,267693.4834419743,49.9998327235262,209.7594192462438,FAIL
CSEG_05,96,25,490.8738521234052,94247.7796076938,5,1.5837111630136247,U09p343881_ETM_S06,0.7,652.5,1.0,1.0,22845.436109004844,440111.16532285407,277898.63177157374,49.9998327235262,209.7594192462438,FAIL
CSEG_05,96,25,490.8738521234052,94247.7796076938,6,1.53486065242883,U09p343881_ETM_S06,0.7,652.5,1.0,1.0,22845.436109004844,440111.16532285407,286743.4021625371,49.9998327235262,209.7594192462438,FAIL
CSEG_05,96,25,490.8738521234052,94247.7796076938,7,1.4958001207264529,U09p343881_ETM_S06,0.7,652.5,1.0,1.0,22845.436109004844,440111.16532285407,294231.267416337,49.9998327235262,209.7594192462438,FAIL
CSEG_05,96,25,490.8738521234052,94247.7796076938,8,1.465651645659432,U09p343881_ETM_S06,1.0,652.5,1.0,1.0,22845.436109004844,440111.16532285407,300283.6087458132,49.9998327235262,209.7594192462438,FAIL
CSEG_05,96,25,490.8738521234052,94247.7796076938,9,1.463036582981145,U09p343881_ETM_S06,1.0,652.5,1.35,1.2,42453.49874715654,443065.94196546415,302839.96115985996,49.9998327235262,209.7594192462438,FAIL
CSEG_05,96,25,490.8738521234052,94247.7796076938,10,1.482889956360539,U09p343881_ETM_S06,1.0,652.5,1.35,1.2,43743.73874715654,443393.6629110757,299006.4508895171,49.9998327235262,209.7594192462438,FAIL
CSEG_05,96,25,490.8738521234052,94247.7796076938,11,1.5056129613416362,U09p343881_ETM_S06,1.0,652.5,1.35,1.2,45033.978747156536,443721.38385668723,294711.45324180234,49.9998327235262,209.7594192462438,FAIL
CSEG_05,96,25,490.8738521234052,94247.7796076938,12,1.5325976759316613,U09p343881_ETM_S06,1.0,652.5,1.35,1.2,46324.218747156534,444049.1048022988,289736.25092597294,49.9998327235262,209.7594192462438,FAIL
CSEG_05,96,25,490.8738521234052,94247.7796076938,13,1.563925151408127,U09p343881_ETM_S06,1.0,652.5,1.35,1.2,47614.45874715654,444376.82574791036,284142.0034378259,49.9998327235262,209.7594192462438,FAIL
CSEG_05,96,25,490.8738521234052,94247.7796076938,14,1.6006877792221768,U09p343881_ETM_S06,1.0,652.5,1.35,1.2,48904.69874715654,444704.5466935219,277820.91702456644,49.9998327235262,209.7594192462438,FAIL
CSEG_05,96,25,490.8738521234052,94247.7796076938,15,1.6443038228025904,U09p343881_ETM_S06,1.0,652.5,1.35,1.2,50194.938747156535,445032.26763913344,270650.87453279155,49.9998327235262,209.7594192462438,FAIL
CSEG_05,96,25,490.8738521234052,94247.7796076938,16,1.6960921194909566,U09p343881_ETM_S06,1.0,652.5,1.35,1.2,51485.17874715653,445359.988584745,262580.0706617336,49.9998327235262,209.7594192462438,FAIL
CSEG_05,96,28,615.7521601035994,118224.41473989109,1,1.7200624212318891,U09p343881_ETM_S06,0.7,652.5,1.0,1.0,22845.436109004844,440111.16532285407,255869.2986314133,48.4998327235262,206.7594192462438,FAIL
CSEG_05,96,28,615.7521601035994,118224.41473989109,2,1.6297242728871253,U09p343881_ETM_S06,0.7,652.5,1.0,1.0,22845.436109004844,440111.16532285407,270052.5313666579,48.4998327235262,206.7594192462438,FAIL
CSEG_05,96,28,615.7521601035994,118224.41473989109,3,1.5595403577675033,U09p343881_ETM_S06,0.7,652.5,1.0,1.0,22845.436109004844,440111.16532285407,282205.69165191555,48.4998327235262,206.7594192462438,FAIL
CSEG_05,96,28,615.7521601035994,118224.41473989109,4,1.5021209964804678,U09p343881_ETM_S06,0.7,652.5,1.0,1.0,22845.436109004844,440111.16532285407,292993.1519192215,48.4998327235262,206.7594192462438,FAIL
CSEG_05,96,28,615.7521601035994,118224.41473989109,5,1.455649631914452,U09p343881_ETM_S06,0.7,652.5,1.0,1.0,22845.436109004844,440111.16532285407,302346.907987759,48.4998327235262,206.7594192462438,FAIL
CSEG_05,96,28,615.7521601035994,118224.41473989109,6,1.4176810191580267,U09p343881_ETM_S06,0.7,652.5,1.0,1.0,22845.436109004844,440111.16532285407,310444.4225290115,48.4998327235262,206.7594192462438,FAIL
CSEG_05,96,28,615.7521601035994,118224.41473989109,7,1.3874198117505945,U09p343881_ETM_S06,1.0,652.5,1.0,1.0,22845.436109004844,440111.16532285407,317215.5692137178,48.4998327235262,206.7594192462438,FAIL
CSEG_05,96,28,615.7521601035994,118224.41473989109,8,1.3667068455241023,U09p343881_ETM_S06,1.0,652.5,1.0,1.0,22845.436109004844,440111.16532285407,322023.092782623,48.4998327235262,206.7594192462438,FAIL
CSEG_05,96,28,615.7521601035994,118224.41473989109,9,1.3747689178924953,U09p343881_ETM_S06,1.0,652.5,1.35,1.2,42453.49874715654,443065.94196546415,322283.9389216619,48.4998327235262,206.7594192462438,FAIL
CSEG_05,96,28,615.7521601035994,118224.41473989109,10,1.3958208539830683,U09p343881_ETM_S06,1.0,652.5,1.35,1.2,43743.73874715654,443393.6629110757,317658.00148767093,48.4998327235262,206.7594192462438,FAIL
CSEG_05,96,28,615.7521601035994,118224.41473989109,11,1.4187236817617173,U09p343881_ETM_S06,1.0,652.5,1.35,1.2,45033.978747156536,443721.38385668723,312760.96223733353,48.4998327235262,206.7594192462438,FAIL
CSEG_05,96,28,615.7521601035994,118224.41473989109,12,1.4444270177708631,U09p343881_ETM_S06,1.0,652.5,1.35,1.2,46324.218747156534,444049.1048022988,307422.3199504986,48.4998327235262,206.7594192462438,FAIL
CSEG_05,96,28,615.7521601035994,118224.41473989109,13,1.4737169996092925,U09p343881_ETM_S06,1.0,652.5,1.35,1.2,47614.45874715654,444376.82574791036,301534.7084044781,48.4998327235262,206.7594192462438,FAIL
CSEG_05,96,28,615.7521601035994,118224.41473989109,14,1.5065499186043299,U09p343881_ETM_S06,1.0,652.5,1.35,1.2,48904.69874715654,444704.5466935219,295180.757837415,48.4998327235262,206.7594192462438,FAIL
CSEG_05,96,28,615.7521601035994,118224.41473989109,15,1.544619336705254,U09p343881_ETM_S06,1.0,652.5,1.35,1.2,50194.938747156535,445032.26763913344,288117.76278057497,48.4998327235262,206.7594192462438,FAIL
CSEG_05,96,28,615.7521601035994,118224.41473989109,16,1.5885942717097414,U09p343881_ETM_S06,1.0,652.5,1.35,1.2,51485.17874715653,445359.988584745,280348.4794801769,48.4998327235262,206.7594192462438,FAIL
CSEG_05,96,32,804.247719318987,154415.5621092455,1,1.478023986986102,U09p343881_ETM_S06,0.7,652.5,1.0,1.0,22845.436109004844,440111.16532285407,297769.97477578314,46.4998327235262,202.7594192462438,FAIL
CSEG_05,96,32,804.247719318987,154415.5621092455,2,1.4202079514812012,U09p343881_ETM_S06,0.7,652.5,1.0,1.0,22845.436109004844,440111.16532285407,309892.0583171229,46.4998327235262,202.7594192462438,FAIL
CSEG_05,96,32,804.247719318987,154415.5621092455,3,1.372374930971116,U09p343881_ETM_S06,0.7,652.5,1.0,1.0,22845.436109004844,440111.16532285407,320693.0958811845,46.4998327235262,202.7594192462438,FAIL
CSEG_05,96,32,804.247719318987,154415.5621092455,4,1.3328385138718633,U09p343881_ETM_S06,0.7,652.5,1.0,1.0,22845.436109004844,440111.16532285407,330205.91822811443,46.4998327235262,202.7594192462438,FAIL
CSEG_05,96,32,804.247719318987,154415.5621092455,5,1.300395014264893,U09p343881_ETM_S06,0.7,652.5,1.0,1.0,22845.436109004844,440111.16532285407,338444.211562628,46.4998327235262,202.7594192462438,FAIL
CSEG_05,96,32,804.247719318987,154415.5621092455,6,1.2741858995246405,U09p343881_ETM_S06,1.0,652.5,1.0,1.0,22845.436109004844,440111.16532285407,345405.7728052445,46.4998327235262,202.7594192462438,FAIL
CSEG_05,96,32,804.247719318987,154415.5621092455,7,1.255114749636298,U09p343881_ETM_S06,1.0,652.5,1.0,1.0,22845.436109004844,440111.16532285407,350654.12580832763,46.4998327235262,202.7594192462438,FAIL
CSEG_05,96,32,804.247719318987,154415.5621092455,8,1.2461238592071273,U09p343881_ETM_S06,1.0,652.5,1.35,1.2,41163.258747156535,442738.2210198526,355292.30722021015,46.4998327235262,202.7594192462438,FAIL
CSEG_05,96,32,804.247719318987,154415.5621092455,9,1.2588355514739393,U09p343881_ETM_S06,1.0,652.5,1.35,1.2,42453.49874715654,443065.94196546415,351964.9103067428,46.4998327235262,202.7594192462438,FAIL
CSEG_05,96,32,804.247719318987,154415.5621092455,10,1.279958911807464,U09p343881_ETM_S06,1.0,652.5,1.35,1.2,43743.73874715654,443393.6629110757,346412.41904003604,46.4998327235262,202.7594192462438,FAIL
CSEG_05,96,32,804.247719318987,154415.5621092455,11,1.302543155561759,U09p343881_ETM_S06,1.0,652.5,1.35,1.2,45033.978747156536,443721.38385668723,340657.72175150673,46.4998327235262,202.7594192462438,FAIL
CSEG_05,96,32,804.247719318987,154415.5621092455,12,1.3266970835625225,U09p343881_ETM_S06,1.0,652.5,1.35,1.2,46324.218747156534,444049.1048022988,334702.70667205576,46.4998327235262,202.7594192462438,FAIL
CSEG_05,96,32,804.247719318987,154415.5621092455,13,1.353204855234449,U09p343881_ETM_S06,1.0,652.5,1.35,1.2,47614.45874715654,444376.82574791036,328388.43581515236,46.4998327235262,202.7594192462438,FAIL
CSEG_05,96,32,804.247719318987,154415.5621092455,14,1.3821478180189553,U09p343881_ETM_S06,1.0,652.5,1.35,1.2,48904.69874715654,444704.5466935219,321748.90478134307,46.4998327235262,202.7594192462438,FAIL
CSEG_05,96,32,804.247719318987,154415.5621092455,15,1.4141278805207573,U09p343881_ETM_S06,1.0,652.5,1.35,1.2,50194.938747156535,445032.26763913344,314704.4010441607,46.4998327235262,202.7594192462438,FAIL
CSEG_05,96,32,804.247719318987,154415.5621092455,16,1.4502529372676052,U09p343881_ETM_S06,1.0,652.5,1.35,1.2,51485.17874715653,445359.988584745,307091.25087092706,46.4998327235262,202.7594192462438,FAIL
CSEG_05,96,36,1017.8760197630929,195432.19579451386,1,1.2838988171571255,U09p343881_ETM_S06,0.7,652.5,1.0,1.0,22845.436109004844,440111.16532285407,342792.71811883955,44.4998327235262,198.7594192462438,FAIL
CSEG_05,96,36,1017.8760197630929,195432.19579451386,2,1.245099488431592,U09p343881_ETM_S06,0.7,652.5,1.0,1.0,22845.436109004844,440111.16532285407,353474.6977345936,44.4998327235262,198.7594192462438,FAIL
CSEG_05,96,36,1017.8760197630929,195432.19579451386,3,1.2126261563670397,U09p343881_ETM_S06,0.7,652.5,1.0,1.0,22845.436109004844,440111.16532285407,362940.51799229084,44.4998327235262,198.7594192462438,FAIL
CSEG_05,96,36,1017.8760197630929,195432.19579451386,4,1.1854726266780444,U09p343881_ETM_S06,0.7,652.5,1.0,1.0,22845.436109004844,440111.16532285407,371253.75602821173,44.4998327235262,198.7594192462438,FAIL
CSEG_05,96,36,1017.8760197630929,195432.19579451386,5,1.1636467280627345,U09p343881_ETM_S06,1.0,652.5,1.0,1.0,22845.436109004844,440111.16532285407,378217.163945935,44.4998327235262,198.7594192462438,FAIL
CSEG_05,96,36,1017.8760197630929,195432.19579451386,6,1.1468148760297339,U09p343881_ETM_S06,1.0,652.5,1.0,1.0,22845.436109004844,440111.16532285407,383768.2737832249,44.4998327235262,198.7594192462438,FAIL
CSEG_05,96,36,1017.8760197630929,195432.19579451386,7,1.1343304746151526,U09p343881_ETM_S06,1.0,652.5,1.0,1.0,22845.436109004844,440111.16532285407,387992.0139430017,44.4998327235262,198.7594192462438,FAIL
CSEG_05,96,36,1017.8760197630929,195432.19579451386,8,1.136144214780453,U09p343881_ETM_S06,1.0,652.5,1.35,1.2,41163.258747156535,442738.2210198526,389684.8791378185,44.4998327235262,198.7594192462438,FAIL
CSEG_05,96,36,1017.8760197630929,195432.19579451386,9,1.1480536365263876,U09p343881_ETM_S06,1.0,652.5,1.35,1.2,42453.49874715654,443065.94196546415,385927.9112655643,44.4998327235262,198.7594192462438,FAIL
CSEG_05,96,36,1017.8760197630929,195432.19579451386,10,1.1679428890764803,U09p343881_ETM_S06,1.0,652.5,1.35,1.2,43743.73874715654,443393.6629110757,379636.4249125892,44.4998327235262,198.7594192462438,FAIL
CSEG_05,96,36,1017.8760197630929,195432.19579451386,11,1.1894438289896063,U09p343881_ETM_S06,1.0,652.5,1.35,1.2,45033.978747156536,443721.38385668723,373049.46483569057,44.4998327235262,198.7594192462438,FAIL
CSEG_05,96,36,1017.8760197630929,195432.19579451386,12,1.2118968876534006,U09p343881_ETM_S06,1.0,652.5,1.35,1.2,46324.218747156534,444049.1048022988,366408.3218021232,44.4998327235262,198.7594192462438,FAIL
CSEG_05,96,36,1017.8760197630929,195432.19579451386,13,1.235737985246577,U09p343881_ETM_S06,1.0,652.5,1.35,1.2,47614.45874715654,444376.82574791036,359604.4072880386,44.4998327235262,198.7594192462438,FAIL
CSEG_05,96,36,1017.8760197630929,195432.19579451386,14,1.2614635214774548,U09p343881_ETM_S06,1.0,652.5,1.35,1.2,48904.69874715654,444704.5466935219,352530.6432743087,44.4998327235262,198.7594192462438,FAIL
CSEG_05,96,36,1017.8760197630929,195432.19579451386,15,1.2889583807549496,U09p343881_ETM_S06,1.0,652.5,1.35,1.2,50194.938747156535,445032.26763913344,345265.04058143107,44.4998327235262,198.7594192462438,FAIL
CSEG_05,96,36,1017.8760197630929,195432.19579451386,16,1.3189276161720405,U09p343881_ETM_S06,1.0,652.5,1.35,1.2,51485.17874715653,445359.988584745,337668.25648652756,44.4998327235262,198.7594192462438,FAIL
CSEG_05,96,40,1256.6370614359173,241274.3157956961,1,1.1247238402317383,U09p343881_ETM_S06,0.7,652.5,1.0,1.0,22845.436109004844,440111.16532285407,391305.98070382635,42.4998327235262,194.7594192462438,FAIL
CSEG_05,96,40,1256.6370614359173,241274.3157956961,2,1.0986346303166328,U09p343881_ETM_S06,0.7,652.5,1.0,1.0,22845.436109004844,440111.16532285407,400598.30008818454,42.4998327235262,194.7594192462438,FAIL
CSEG_05,96,40,1256.6370614359173,241274.3157956961,3,1.076512819792681,U09p343881_ETM_S06,0.7,652.5,1.0,1.0,22845.436109004844,440111.16532285407,408830.398701255,42.4998327235262,194.7594192462438,FAIL
CSEG_05,96,40,1256.6370614359173,241274.3157956961,4,1.0585523263484289,U09p343881_ETM_S06,1.0,652.5,1.0,1.0,22845.436109004844,440111.16532285407,415767.0380273566,42.4998327235262,194.7594192462438,FAIL
CSEG_05,96,40,1256.6370614359173,241274.3157956961,5,1.0443404886270475,U09p343881_ETM_S06,1.0,652.5,1.0,1.0,22845.436109004844,440111.16532285407,421424.9759687576,42.4998327235262,194.7594192462438,FAIL
CSEG_05,96,40,1256.6370614359173,241274.3157956961,6,1.0333010988889277,U09p343881_ETM_S06,1.0,652.5,1.0,1.0,22845.436109004844,440111.16532285407,425927.317599962,42.4998327235262,194.7594192462438,FAIL
CSEG_05,96,40,1256.6370614359173,241274.3157956961,7,1.0284692479152513,U09p343881_ETM_S06,1.0,652.5,1.35,1.2,39873.01874715654,442410.5000742411,430164.05300501216,42.4998327235262,194.7594192462438,FAIL
CSEG_05,96,40,1256.6370614359173,241274.3157956961,8,1.03389028442754,U09p343881_ETM_S06,1.0,652.5,1.35,1.2,41163.258747156535,442738.2210198526,428225.53581204667,42.4998327235262,194.7594192462438,FAIL
CSEG_05,96,40,1256.6370614359173,241274.3157956961,9,1.0446530032835761,U09p343881_ETM_S06,1.0,652.5,1.35,1.2,42453.49874715654,443065.94196546415,424127.38064487407,42.4998327235262,194.7594192462438,FAIL
CSEG_05,96,40,1256.6370614359173,241274.3157956961,10,1.062379441288748,U09p343881_ETM_S06,1.0,652.5,1.35,1.2,43743.73874715654,443393.6629110757,417359.03922726994,42.4998327235262,194.7594192462438,FAIL
CSEG_05,96,40,1256.6370614359173,241274.3157956961,11,1.0822554821534107,U09p343881_ETM_S06,1.0,652.5,1.35,1.2,45033.978747156536,443721.38385668723,409996.89183721715,42.4998327235262,194.7594192462438,FAIL
CSEG_05,96,40,1256.6370614359173,241274.3157956961,12,1.1028371127060408,U09p343881_ETM_S06,1.0,652.5,1.35,1.2,46324.218747156534,444049.1048022988,402642.51147001365,42.4998327235262,194.7594192462438,FAIL
CSEG_05,96,40,1256.6370614359173,241274.3157956961,13,1.1242700685344913,U09p343881_ETM_S06,1.0,652.5,1.35,1.2,47614.45874715654,444376.82574791036,395258.0773827453,42.4998327235262,194.7594192462438,FAIL
CSEG_05,96,40,1256.6370614359173,241274.3157956961,14,1.146829961406077,U09p343881_ETM_S06,1.0,652.5,1.35,1.2,48904.69874715654,444704.5466935219,387768.5111647148,42.4998327235262,194.7594192462438,FAIL
CSEG_05,96,40,1256.6370614359173,241274.3157956961,15,1.1708656966780544,U09p343881_ETM_S06,1.0,652.5,1.35,1.2,50194.938747156535,445032.26763913344,380088.22779740306,42.4998327235262,194.7594192462438,FAIL
CSEG_05,96,40,1256.6370614359173,241274.3157956961,16,1.196252546017717,U09p343881_ETM_S06,1.0,652.5,1.35,1.2,51485.17874715653,445359.988584745,372295.95879844343,42.4998327235262,194.7594192462438,FAIL
CSEG_05,96,50,1963.4954084936207,376991.1184307752,1,0.8351563083546777,U09p343881_ETM_S06,1.0,652.5,1.0,1.0,22845.436109004844,440111.16532285407,526980.5914415075,37.4998327235262,184.7594192462438,PASS
CSEG_05,96,50,1963.4954084936207,376991.1184307752,2,0.8255858905033422,U09p343881_ETM_S06,1.0,652.5,1.0,1.0,22845.436109004844,440111.16532285407,533089.4948489582,37.4998327235262,184.7594192462438,PASS
CSEG_05,96,50,1963.4954084936207,376991.1184307752,3,0.8176899146588348,U09p343881_ETM_S06,1.0,652.5,1.0,1.0,22845.436109004844,440111.16532285407,538237.2430342153,37.4998327235262,184.7594192462438,PASS
CSEG_05,96,50,1963.4954084936207,376991.1184307752,4,0.8113218600956773,U09p343881_ETM_S06,1.0,652.5,1.0,1.0,22845.436109004844,440111.16532285407,542461.8600452264,37.4998327235262,184.7594192462438,PASS
CSEG_05,96,50,1963.4954084936207,376991.1184307752,5,0.807048663139863,U09p343881_ETM_S06,1.0,652.5,1.0,1.2,29296.636109004845,441749.7700509118,547364.4777903012,37.4998327235262,184.7594192462438,PASS
CSEG_05,96,50,1963.4954084936207,376991.1184307752,6,0.8071999088456946,U09p343881_ETM_S06,1.0,652.5,1.35,1.2,38582.77874715654,442082.77912862954,547674.4661193199,37.4998327235262,184.7594192462438,PASS
CSEG_05,96,50,1963.4954084936207,376991.1184307752,7,0.8104588126133798,U09p343881_ETM_S06,1.0,652.5,1.35,1.2,39873.01874715654,442410.5000742411,545876.5987720686,37.4998327235262,184.7594192462438,PASS
CSEG_05,96,50,1963.4954084936207,376991.1184307752,8,0.8158470362031447,U09p343881_ETM_S06,1.0,652.5,1.35,1.2,41163.258747156535,442738.2210198526,542673.076414304,37.4998327235262,184.7594192462438,PASS
CSEG_05,96,50,1963.4954084936207,376991.1184307752,9,0.8238160563122741,U09p343881_ETM_S06,1.0,652.5,1.35,1.2,42453.49874715654,443065.94196546415,537821.4451764903,37.4998327235262,184.7594192462438,PASS
CSEG_05,96,50,1963.4954084936207,376991.1184307752,10,0.8351734662776603,U09p343881_ETM_S06,1.0,652.5,1.35,1.2,43743.73874715654,443393.6629110757,530900.0834129299,37.4998327235262,184.7594192462438,PASS
CSEG_05,96,50,1963.4954084936207,376991.1184307752,11,0.8497055385131809,U09p343881_ETM_S06,1.0,652.5,1.35,1.2,45033.978747156536,443721.38385668723,522206.0628592738,37.4998327235262,184.7594192462438,PASS
CSEG_05,96,50,1963.4954084936207,376991.1184307752,12,0.8650558209861957,U09p343881_ETM_S06,1.0,652.5,1.35,1.2,46324.218747156534,444049.1048022988,513318.4403014205,37.4998327235262,184.7594192462438,PASS
CSEG_05,96,50,1963.4954084936207,376991.1184307752,13,0.8808759982674835,U09p343881_ETM_S06,1.0,652.5,1.35,1.2,47614.45874715654,444376.82574791036,504471.48817985225,37.4998327235262,184.7594192462438,PASS
CSEG_05,96,50,1963.4954084936207,376991.1184307752,14,0.8970973110346383,U09p343881_ETM_S06,1.0,652.5,1.35,1.2,48904.69874715654,444704.5466935219,495714.94778045453,37.4998327235262,184.7594192462438,PASS
CSEG_05,96,50,1963.4954084936207,376991.1184307752,15,0.9138910309202153,U09p343881_ETM_S06,1.0,652.5,1.35,1.2,50194.938747156535,445032.26763913344,486964.257862364,37.4998327235262,184.7594192462438,PASS
CSEG_05,96,50,1963.4954084936207,376991.1184307752,16,0.9312583814027816,U09p343881_ETM_S06,1.0,652.5,1.35,1.2,51485.17874715653,445359.988584745,478234.6097265576,37.4998327235262,184.7594192462438,PASS
CSEG_06,96,25,490.8738521234052,94247.7796076938,1,1.9545596960736487,U09p343881_ETM_S06,0.7,652.5,1.0,1.0,22261.69546284126,429026.83788376616,219500.50374291575,49.99994947973801,203.78818663126964,FAIL
CSEG_06,96,25,490.8738521234052,94247.7796076938,2,1.8224621298235155,U09p343881_ETM_S06,0.7,652.5,1.0,1.0,22261.69546284126,429026.83788376616,235410.56401831104,49.99994947973801,203.78818663126964,FAIL
CSEG_06,96,25,490.8738521234052,94247.7796076938,3,1.7261526413880455,U09p343881_ETM_S06,0.7,652.5,1.0,1.0,22261.69546284126,429026.83788376616,248545.13302993542,49.99994947973801,203.78818663126964,FAIL
CSEG_06,96,25,490.8738521234052,94247.7796076938,4,1.6492642327410454,U09p343881_ETM_S06,0.7,652.5,1.0,1.0,22261.69546284126,429026.83788376616,260132.26344618644,49.99994947973801,203.78818663126964,FAIL
CSEG_06,96,25,490.8738521234052,94247.7796076938,5,1.587574550660714,U09p343881_ETM_S06,0.7,652.5,1.0,1.0,22261.69546284126,429026.83788376616,270240.4354524419,49.99994947973801,203.78818663126964,FAIL
CSEG_06,96,25,490.8738521234052,94247.7796076938,6,1.537578948514299,U09p343881_ETM_S06,0.7,652.5,1.0,1.0,22261.69546284126,429026.83788376616,279027.5180980577,49.99994947973801,203.78818663126964,FAIL
CSEG_06,96,25,490.8738521234052,94247.7796076938,7,1.4975032660765715,U09p343881_ETM_S06,0.7,652.5,1.0,1.0,22261.69546284126,429026.83788376616,286494.75937892805,49.99994947973801,203.78818663126964,FAIL
CSEG_06,96,25,490.8738521234052,94247.7796076938,8,1.4672043460988586,U09p343881_ETM_S06,1.0,652.5,1.0,1.0,22261.69546284126,429026.83788376616,292411.100760779,49.99994947973801,203.78818663126964,FAIL
CSEG_06,96,25,490.8738521234052,94247.7796076938,9,1.4608515564809939,U09p343881_ETM_S06,1.0,652.5,1.35,1.2,41665.4488748357,431819.82393224107,295594.5948214207,49.99994947973801,203.78818663126964,FAIL
CSEG_06,96,25,490.8738521234052,94247.7796076938,10,1.4802503258861084,U09p343881_ETM_S06,1.0,652.5,1.35,1.2,42955.6888748357,432140.2335278955,291937.26626556047,49.99994947973801,203.78818663126964,FAIL
CSEG_06,96,25,490.8738521234052,94247.7796076938,11,1.5023863226702716,U09p343881_ETM_S06,1.0,652.5,1.35,1.2,44245.9288748357,432460.64312354993,287849.1614293416,49.99994947973801,203.78818663126964,FAIL
CSEG_06,96,25,490.8738521234052,94247.7796076938,12,1.5286503723335227,U09p343881_ETM_S06,1.0,652.5,1.35,1.2,45536.1688748357,432781.0527192044,283113.16999095964,49.99994947973801,203.78818663126964,FAIL
CSEG_06,96,25,490.8738521234052,94247.7796076938,13,1.559564326702252,U09p343881_ETM_S06,1.0,652.5,1.35,1.2,46826.4088748357,433101.46231485886,277706.69981318794,49.99994947973801,203.78818663126964,FAIL
CSEG_06,96,25,490.8738521234052,94247.7796076938,14,1.596117094578673,U09p343881_ETM_S06,1.0,652.5,1.35,1.2,48116.6488748357,433421.8719105133,271547.6661346852,49.99994947973801,203.78818663126964,FAIL
CSEG_06,96,25,490.8738521234052,94247.7796076938,15,1.6393434327978353,U09p343881_ETM_S06,1.0,652.5,1.35,1.2,49406.8888748357,433742.2815061677,264582.92559595534,49.99994947973801,203.78818663126964,FAIL
CSEG_06,96,25,490.8738521234052,94247.7796076938,16,1.6906821996643755,U09p343881_ETM_S06,1.0,652.5,1.35,1.2,50697.128874835704,434062.6911018222,256738.19194878248,49.99994947973801,203.78818663126964,FAIL
CSEG_06,96,28,615.7521601035994,118224.41473989109,1,1.7284273827078762,U09p343881_ETM_S06,0.7,652.5,1.0,1.0,22261.69546284126,429026.83788376616,248218.02881392822,48.49994947973801,200.78818663126964,FAIL
CSEG_06,96,28,615.7521601035994,118224.41473989109,2,1.6360652050762095,U09p343881_ETM_S06,0.7,652.5,1.0,1.0,22261.69546284126,429026.83788376616,262230.8918694849,48.49994947973801,200.78818663126964,FAIL
CSEG_06,96,28,615.7521601035994,118224.41473989109,3,1.564486893962867,U09p343881_ETM_S06,0.7,652.5,1.0,1.0,22261.69546284126,429026.83788376616,274228.46400268347,48.49994947973801,200.78818663126964,FAIL
CSEG_06,96,28,615.7521601035994,118224.41473989109,4,1.5060238311061727,U09p343881_ETM_S06,0.7,652.5,1.0,1.0,22261.69546284126,429026.83788376616,284873.87053407147,48.49994947973801,200.78818663126964,FAIL
CSEG_06,96,28,615.7521601035994,118224.41473989109,5,1.4584810561164492,U09p343881_ETM_S06,0.7,652.5,1.0,1.0,22261.69546284126,429026.83788376616,294160.034567848,48.49994947973801,200.78818663126964,FAIL
CSEG_06,96,28,615.7521601035994,118224.41473989109,6,1.4196421279294296,U09p343881_ETM_S06,0.7,652.5,1.0,1.0,22261.69546284126,429026.83788376616,302207.7391500833,48.49994947973801,200.78818663126964,FAIL
CSEG_06,96,28,615.7521601035994,118224.41473989109,7,1.3891041488304297,U09p343881_ETM_S06,1.0,652.5,1.0,1.0,22261.69546284126,429026.83788376616,308851.45526704367,48.49994947973801,200.78818663126964,FAIL
CSEG_06,96,28,615.7521601035994,118224.41473989109,8,1.3677401266529297,U09p343881_ETM_S06,1.0,652.5,1.0,1.0,22261.69546284126,429026.83788376616,313675.6972493458,48.49994947973801,200.78818663126964,FAIL
CSEG_06,96,28,615.7521601035994,118224.41473989109,9,1.3725513524457833,U09p343881_ETM_S06,1.0,652.5,1.35,1.2,41665.4488748357,431819.82393224107,314611.05128254084,48.49994947973801,200.78818663126964,FAIL
CSEG_06,96,28,615.7521601035994,118224.41473989109,10,1.3931612850750008,U09p343881_ETM_S06,1.0,652.5,1.35,1.2,42955.6888748357,432140.2335278955,310186.79470742773,48.49994947973801,200.78818663126964,FAIL
CSEG_06,96,28,615.7521601035994,118224.41473989109,11,1.415657245405746,U09p343881_ETM_S06,1.0,652.5,1.35,1.2,44245.9288748357,432460.64312354993,305484.00365061604,48.49994947973801,200.78818663126964,FAIL
CSEG_06,96,28,615.7521601035994,118224.41473989109,12,1.4407813405072576,U09p343881_ETM_S06,1.0,652.5,1.35,1.2,45536.1688748357,432781.0527192044,300379.4125809782,48.49994947973801,200.78818663126964,FAIL
CSEG_06,96,28,615.7521601035994,118224.41473989109,13,1.4696102023531141,U09p343881_ETM_S06,1.0,652.5,1.35,1.2,46826.4088748357,433101.46231485886,294704.9915830636,48.49994947973801,200.78818663126964,FAIL
CSEG_06,96,28,615.7521601035994,118224.41473989109,14,1.5023145710308565,U09p343881_ETM_S06,1.0,652.5,1.35,1.2,48116.6488748357,433421.8719105133,288502.741215582,48.49994947973801,200.78818663126964,FAIL
CSEG_06,96,28,615.7521601035994,118224.41473989109,15,1.540123615904964,U09p343881_ETM_S06,1.0,652.5,1.35,1.2,49406.8888748357,433742.2815061677,281628.2258299794,48.49994947973801,200.78818663126964,FAIL
CSEG_06,96,28,615.7521601035994,118224.41473989109,16,1.5836881821982831,U09p343881_ETM_S06,1.0,652.5,1.35,1.2,50697.128874835704,434062.6911018222,274083.4313098865,48.49994947973801,200.78818663126964,FAIL
CSEG_06,96,32,804.247719318987,154415.5621092455,1,1.483113799024997,U09p343881_ETM_S06,0.7,652.5,1.0,1.0,22261.69546284126,429026.83788376616,289274.3889011144,46.49994947973801,196.78818663126964,FAIL
CSEG_06,96,32,804.247719318987,154415.5621092455,2,1.4242357728718442,U09p343881_ETM_S06,0.7,652.5,1.0,1.0,22261.69546284126,429026.83788376616,301233.01636966463,46.49994947973801,196.78818663126964,FAIL
CSEG_06,96,32,804.247719318987,154415.5621092455,3,1.3756309632259298,U09p343881_ETM_S06,0.7,652.5,1.0,1.0,22261.69546284126,429026.83788376616,311876.4038850033,46.49994947973801,196.78818663126964,FAIL
CSEG_06,96,32,804.247719318987,154415.5621092455,4,1.3353111909329134,U09p343881_ETM_S06,0.7,652.5,1.0,1.0,22261.69546284126,429026.83788376616,321293.5237845398,46.49994947973801,196.78818663126964,FAIL
CSEG_06,96,32,804.247719318987,154415.5621092455,5,1.3021456385946266,U09p343881_ETM_S06,0.7,652.5,1.0,1.0,22261.69546284126,429026.83788376616,329476.8458824653,46.49994947973801,196.78818663126964,FAIL
CSEG_06,96,32,804.247719318987,154415.5621092455,6,1.2757181281186993,U09p343881_ETM_S06,1.0,652.5,1.0,1.0,22261.69546284126,429026.83788376616,336302.2194538003,46.49994947973801,196.78818663126964,FAIL
CSEG_06,96,32,804.247719318987,154415.5621092455,7,1.2561327512391858,U09p343881_ETM_S06,1.0,652.5,1.0,1.0,22261.69546284126,429026.83788376616,341545.7780720449,46.49994947973801,196.78818663126964,FAIL
CSEG_06,96,32,804.247719318987,154415.5621092455,8,1.2450092717021153,U09p343881_ETM_S06,1.0,652.5,1.35,1.2,40375.208874835706,431499.4143365866,346583.2939112669,46.49994947973801,196.78818663126964,FAIL
CSEG_06,96,32,804.247719318987,154415.5621092455,9,1.2567684313518082,U09p343881_ETM_S06,1.0,652.5,1.35,1.2,41665.4488748357,431819.82393224107,343595.3777640373,46.49994947973801,196.78818663126964,FAIL
CSEG_06,96,32,804.247719318987,154415.5621092455,10,1.2773985907669025,U09p343881_ETM_S06,1.0,652.5,1.35,1.2,42955.6888748357,432140.2335278955,338297.0958723656,46.49994947973801,196.78818663126964,FAIL
CSEG_06,96,32,804.247719318987,154415.5621092455,11,1.2996552543833055,U09p343881_ETM_S06,1.0,652.5,1.35,1.2,44245.9288748357,432460.64312354993,332750.2748632792,46.49994947973801,196.78818663126964,FAIL
CSEG_06,96,32,804.247719318987,154415.5621092455,12,1.3234465318371702,U09p343881_ETM_S06,1.0,652.5,1.35,1.2,45536.1688748357,432781.0527192044,327010.6062527742,46.49994947973801,196.78818663126964,FAIL
CSEG_06,96,32,804.247719318987,154415.5621092455,13,1.349465668063206,U09p343881_ETM_S06,1.0,652.5,1.35,1.2,46826.4088748357,433101.46231485886,320942.9276822279,46.49994947973801,196.78818663126964,FAIL
CSEG_06,96,32,804.247719318987,154415.5621092455,14,1.3781004953601936,U09p343881_ETM_S06,1.0,652.5,1.35,1.2,48116.6488748357,433421.8719105133,314506.723834556,46.49994947973801,196.78818663126964,FAIL
CSEG_06,96,32,804.247719318987,154415.5621092455,15,1.410009657202627,U09p343881_ETM_S06,1.0,652.5,1.35,1.2,49406.8888748357,433742.2815061677,307616.5324758739,46.49994947973801,196.78818663126964,FAIL
CSEG_06,96,32,804.247719318987,154415.5621092455,16,1.4459436401470274,U09p343881_ETM_S06,1.0,652.5,1.35,1.2,50697.128874835704,434062.6911018222,300193.3678809816,46.49994947973801,196.78818663126964,FAIL
CSEG_06,96,36,1017.8760197630929,195432.19579451386,1,1.2870907539750607,U09p343881_ETM_S06,0.7,652.5,1.0,1.0,22261.69546284126,429026.83788376616,333330.681273839,44.49994947973801,192.78818663126964,FAIL
CSEG_06,96,36,1017.8760197630929,195432.19579451386,2,1.2477285165340415,U09p343881_ETM_S06,0.7,652.5,1.0,1.0,22261.69546284126,429026.83788376616,343846.3032611639,44.49994947973801,192.78818663126964,FAIL
CSEG_06,96,36,1017.8760197630929,195432.19579451386,3,1.2146813291402403,U09p343881_ETM_S06,0.7,652.5,1.0,1.0,22261.69546284126,429026.83788376616,353201.1463347628,44.49994947973801,192.78818663126964,FAIL
CSEG_06,96,36,1017.8760197630929,195432.19579451386,4,1.1869856550909068,U09p343881_ETM_S06,0.7,652.5,1.0,1.0,22261.69546284126,429026.83788376616,361442.3106494144,44.49994947973801,192.78818663126964,FAIL
CSEG_06,96,36,1017.8760197630929,195432.19579451386,5,1.1649580049849355,U09p343881_ETM_S06,1.0,652.5,1.0,1.0,22261.69546284126,429026.83788376616,368276.6555085512,44.49994947973801,192.78818663126964,FAIL
CSEG_06,96,36,1017.8760197630929,195432.19579451386,6,1.1477387053230763,U09p343881_ETM_S06,1.0,652.5,1.0,1.0,22261.69546284126,429026.83788376616,373801.83825289714,44.49994947973801,192.78818663126964,FAIL
CSEG_06,96,36,1017.8760197630929,195432.19579451386,7,1.1348752213321134,U09p343881_ETM_S06,1.0,652.5,1.0,1.0,22261.69546284126,429026.83788376616,378038.77450084395,44.49994947973801,192.78818663126964,FAIL
CSEG_06,96,36,1017.8760197630929,195432.19579451386,8,1.13498856406982,U09p343881_ETM_S06,1.0,652.5,1.35,1.2,40375.208874835706,431499.4143365866,380179.52602916484,44.49994947973801,192.78818663126964,FAIL
CSEG_06,96,36,1017.8760197630929,195432.19579451386,9,1.1461218374081874,U09p343881_ETM_S06,1.0,652.5,1.35,1.2,41665.4488748357,431819.82393224107,376766.0730631816,44.49994947973801,192.78818663126964,FAIL
CSEG_06,96,36,1017.8760197630929,195432.19579451386,10,1.1655102715065717,U09p343881_ETM_S06,1.0,652.5,1.35,1.2,42955.6888748357,432140.2335278955,370773.42353173665,44.49994947973801,192.78818663126964,FAIL
CSEG_06,96,36,1017.8760197630929,195432.19579451386,11,1.186760824318469,U09p343881_ETM_S06,1.0,652.5,1.35,1.2,44245.9288748357,432460.64312354993,364404.2120887355,44.49994947973801,192.78818663126964,FAIL
CSEG_06,96,36,1017.8760197630929,195432.19579451386,12,1.2089490477382698,U09p343881_ETM_S06,1.0,652.5,1.35,1.2,45536.1688748357,432781.0527192044,357981.21809092065,44.49994947973801,192.78818663126964,FAIL
CSEG_06,96,36,1017.8760197630929,195432.19579451386,13,1.232472815407345,U09p343881_ETM_S06,1.0,652.5,1.35,1.2,46826.4088748357,433101.46231485886,351408.5316126948,44.49994947973801,192.78818663126964,FAIL
CSEG_06,96,36,1017.8760197630929,195432.19579451386,14,1.2578417091251117,U09p343881_ETM_S06,1.0,652.5,1.35,1.2,48116.6488748357,433421.8719105133,344575.8466794512,44.49994947973801,192.78818663126964,FAIL
CSEG_06,96,36,1017.8760197630929,195432.19579451386,15,1.2850803864941818,U09p343881_ETM_S06,1.0,652.5,1.35,1.2,49406.8888748357,433742.2815061677,337521.51699198893,44.49994947973801,192.78818663126964,FAIL
CSEG_06,96,36,1017.8760197630929,195432.19579451386,16,1.3150080838639964,U09p343881_ETM_S06,1.0,652.5,1.35,1.2,50697.128874835704,434062.6911018222,330083.667490758,44.49994947973801,192.78818663126964,FAIL
CSEG_06,96,40,1256.6370614359173,241274.3157956961,1,1.1268047199583289,U09p343881_ETM_S06,0.7,652.5,1.0,1.0,22261.69546284126,429026.83788376616,380746.39756534947,42.49994947973801,188.78818663126964,FAIL
CSEG_06,96,40,1256.6370614359173,241274.3157956961,2,1.1002826422709762,U09p343881_ETM_S06,0.7,652.5,1.0,1.0,22261.69546284126,429026.83788376616,389924.20801827573,42.49994947973801,188.78818663126964,FAIL
CSEG_06,96,40,1256.6370614359173,241274.3157956961,3,1.0778064328371293,U09p343881_ETM_S06,1.0,652.5,1.0,1.0,22261.69546284126,429026.83788376616,398055.5550725663,42.49994947973801,188.78818663126964,FAIL
CSEG_06,96,40,1256.6370614359173,241274.3157956961,4,1.0596530385562408,U09p343881_ETM_S06,1.0,652.5,1.0,1.0,22261.69546284126,429026.83788376616,404874.8243748802,42.49994947973801,188.78818663126964,FAIL
CSEG_06,96,40,1256.6370614359173,241274.3157956961,5,1.0451044599981074,U09p343881_ETM_S06,1.0,652.5,1.0,1.0,22261.69546284126,429026.83788376616,410510.96259271837,42.49994947973801,188.78818663126964,FAIL
CSEG_06,96,40,1256.6370614359173,241274.3157956961,6,1.0337998969905982,U09p343881_ETM_S06,1.0,652.5,1.0,1.0,22261.69546284126,429026.83788376616,414999.88453536085,42.49994947973801,188.78818663126964,FAIL
CSEG_06,96,40,1256.6370614359173,241274.3157956961,7,1.0277679161529638,U09p343881_ETM_S06,1.0,652.5,1.35,1.2,39084.9688748357,431179.00474093214,419529.54355189204,42.49994947973801,188.78818663126964,FAIL
CSEG_06,96,40,1256.6370614359173,241274.3157956961,8,1.0327583668847728,U09p343881_ETM_S06,1.0,652.5,1.35,1.2,40375.208874835706,431499.4143365866,417812.5572956311,42.49994947973801,188.78818663126964,FAIL
CSEG_06,96,40,1256.6370614359173,241274.3157956961,9,1.0429831484831225,U09p343881_ETM_S06,1.0,652.5,1.35,1.2,41665.4488748357,431819.82393224107,414023.77839015366,42.49994947973801,188.78818663126964,FAIL
CSEG_06,96,40,1256.6370614359173,241274.3157956961,10,1.0601217541252819,U09p343881_ETM_S06,1.0,652.5,1.35,1.2,42955.6888748357,432140.2335278955,407632.6439357517,42.49994947973801,188.78818663126964,FAIL
CSEG_06,96,40,1256.6370614359173,241274.3157956961,11,1.0797920615152234,U09p343881_ETM_S06,1.0,652.5,1.35,1.2,44245.9288748357,432460.64312354993,400503.6326315434,42.49994947973801,188.78818663126964,FAIL
CSEG_06,96,40,1256.6370614359173,241274.3157956961,12,1.1001805768888866,U09p343881_ETM_S06,1.0,652.5,1.35,1.2,45536.1688748357,432781.0527192044,393372.7442662473,42.49994947973801,188.78818663126964,FAIL
CSEG_06,96,40,1256.6370614359173,241274.3157956961,13,1.121376254656275,U09p343881_ETM_S06,1.0,652.5,1.35,1.2,46826.4088748357,433101.46231485886,386223.1436741216,42.49994947973801,188.78818663126964,FAIL
CSEG_06,96,40,1256.6370614359173,241274.3157956961,14,1.1436566263477081,U09p343881_ETM_S06,1.0,652.5,1.35,1.2,48116.6488748357,433421.8719105133,378979.02388294233,42.49994947973801,188.78818663126964,FAIL
CSEG_06,96,40,1256.6370614359173,241274.3157956961,15,1.1674336986291263,U09p343881_ETM_S06,1.0,652.5,1.35,1.2,49406.8888748357,433742.2815061677,371534.83064219845,42.49994947973801,188.78818663126964,FAIL
CSEG_06,96,40,1256.6370614359173,241274.3157956961,16,1.1926133849114668,U09p343881_ETM_S06,1.0,652.5,1.35,1.2,50697.128874835704,434062.6911018222,363959.2650840865,42.49994947973801,188.78818663126964,FAIL
CSEG_06,96,50,1963.4954084936207,376991.1184307752,1,0.8358047199529127,U09p343881_ETM_S06,1.0,652.5,1.0,1.0,22261.69546284126,429026.83788376616,513309.9007958899,37.49994947973801,178.78818663126964,PASS
CSEG_06,96,50,1963.4954084936207,376991.1184307752,2,0.8260723206900842,U09p343881_ETM_S06,1.0,652.5,1.0,1.0,22261.69546284126,429026.83788376616,519357.47892553254,37.49994947973801,178.78818663126964,PASS
CSEG_06,96,50,1963.4954084936207,376991.1184307752,3,0.818052358107272,U09p343881_ETM_S06,1.0,652.5,1.0,1.0,22261.69546284126,429026.83788376616,524449.1182403114,37.49994947973801,178.78818663126964,PASS
CSEG_06,96,50,1963.4954084936207,376991.1184307752,4,0.8115347453633185,U09p343881_ETM_S06,1.0,652.5,1.0,1.0,22261.69546284126,429026.83788376616,528661.083625808,37.49994947973801,178.78818663126964,PASS
CSEG_06,96,50,1963.4954084936207,376991.1184307752,5,0.8070369709361968,U09p343881_ETM_S06,1.0,652.5,1.0,1.2,28712.89546284126,430628.8858620384,533592.5135653833,37.49994947973801,178.78818663126964,PASS
CSEG_06,96,50,1963.4954084936207,376991.1184307752,6,0.8066727859648273,U09p343881_ETM_S06,1.0,652.5,1.35,1.2,37794.7288748357,430858.5951452776,534118.1736160169,37.49994947973801,178.78818663126964,PASS
CSEG_06,96,50,1963.4954084936207,376991.1184307752,7,0.8096962870323784,U09p343881_ETM_S06,1.0,652.5,1.35,1.2,39084.9688748357,431179.00474093214,532519.4293791914,37.49994947973801,178.78818663126964,PASS
CSEG_06,96,50,1963.4954084936207,376991.1184307752,8,0.8148540491265084,U09p343881_ETM_S06,1.0,652.5,1.35,1.2,40375.208874835706,431499.4143365866,529541.9649680051,37.49994947973801,178.78818663126964,PASS
CSEG_06,96,50,1963.4954084936207,376991.1184307752,9,0.8225384696893125,U09p343881_ETM_S06,1.0,652.5,1.35,1.2,41665.4488748357,431819.82393224107,524984.3500880235,37.49994947973801,178.78818663126964,PASS
CSEG_06,96,50,1963.4954084936207,376991.1184307752,10,0.833558525635159,U09p343881_ETM_S06,1.0,652.5,1.35,1.2,42955.6888748357,432140.2335278955,518428.18498990365,37.49994947973801,178.78818663126964,PASS
CSEG_06,96,50,1963.4954084936207,376991.1184307752,11,0.8478472298416962,U09p343881_ETM_S06,1.0,652.5,1.35,1.2,44245.9288748357,432460.64312354993,510069.06421608024,37.49994947973801,178.78818663126964,PASS
CSEG_06,96,50,1963.4954084936207,376991.1184307752,12,0.8630834195524039,U09p343881_ETM_S06,1.0,652.5,1.35,1.2,45536.1688748357,432781.0527192044,501435.9480380763,37.49994947973801,178.78818663126964,PASS
CSEG_06,96,50,1963.4954084936207,376991.1184307752,13,0.8787538424082878,U09p343881_ETM_S06,1.0,652.5,1.35,1.2,46826.4088748357,433101.46231485886,492858.6839835753,37.49994947973801,178.78818663126964,PASS
CSEG_06,96,50,1963.4954084936207,376991.1184307752,14,0.8948498313504193,U09p343881_ETM_S06,1.0,652.5,1.35,1.2,48116.6488748357,433421.8719105133,484351.5154452627,37.49994947973801,178.78818663126964,PASS
CSEG_06,96,50,1963.4954084936207,376991.1184307752,15,0.9114879658039768,U09p343881_ETM_S06,1.0,652.5,1.35,1.2,49406.8888748357,433742.2815061677,475861.7752277024,37.49994947973801,178.78818663126964,PASS
CSEG_06,96,50,1963.4954084936207,376991.1184307752,16,0.9287058804309634,U09p343881_ETM_S06,1.0,652.5,1.35,1.2,50697.128874835704,434062.6911018222,467384.45426919946,37.49994947973801,178.78818663126964,PASS
CSEG_07,96,25,490.8738521234052,94247.7796076938,1,1.9608095655930509,U09p343881_ETM_S06,0.7,652.5,1.0,1.0,21654.818500527694,417455.3430810187,212899.48315544784,49.9999255437956,198.0623471374588,FAIL
CSEG_07,96,25,490.8738521234052,94247.7796076938,2,1.826275128212335,U09p343881_ETM_S06,0.7,652.5,1.0,1.0,21654.818500527694,417455.3430810187,228582.94275170274,49.9999255437956,198.0623471374588,FAIL
CSEG_07,96,25,490.8738521234052,94247.7796076938,3,1.7270242947064918,U09p343881_ETM_S06,0.7,652.5,1.0,1.0,21654.818500527694,417455.3430810187,241719.43866717024,49.9999255437956,198.0623471374588,FAIL
CSEG_07,96,25,490.8738521234052,94247.7796076938,4,1.6486741345984537,U09p343881_ETM_S06,0.7,652.5,1.0,1.0,21654.818500527694,417455.3430810187,253206.70369023105,49.9999255437956,198.0623471374588,FAIL
CSEG_07,96,25,490.8738521234052,94247.7796076938,5,1.585284484481312,U09p343881_ETM_S06,0.7,652.5,1.0,1.0,21654.818500527694,417455.3430810187,263331.5011706593,49.9999255437956,198.0623471374588,FAIL
CSEG_07,96,25,490.8738521234052,94247.7796076938,6,1.5340945289957382,U09p343881_ETM_S06,0.7,652.5,1.0,1.0,21654.818500527694,417455.3430810187,272118.396350906,49.9999255437956,198.0623471374588,FAIL
CSEG_07,96,25,490.8738521234052,94247.7796076938,7,1.4927558040562197,U09p343881_ETM_S06,0.7,652.5,1.0,1.0,21654.818500527694,417455.3430810187,279654.14165309566,49.9999255437956,198.0623471374588,FAIL
CSEG_07,96,25,490.8738521234052,94247.7796076938,8,1.4618972735300135,U09p343881_ETM_S06,1.0,652.5,1.0,1.0,21654.818500527694,417455.3430810187,285557.23486165196,49.9999255437956,198.0623471374588,FAIL
CSEG_07,96,25,490.8738521234052,94247.7796076938,9,1.4493202753927668,U09p343881_ETM_S06,1.0,652.5,1.35,1.2,40846.16497571239,420093.2928559484,289855.38944599585,49.9999255437956,198.0623471374588,FAIL
CSEG_07,96,25,490.8738521234052,94247.7796076938,10,1.467776171430589,U09p343881_ETM_S06,1.0,652.5,1.35,1.2,42136.40497571239,420406.82116954395,286424.339999871,49.9999255437956,198.0623471374588,FAIL
CSEG_07,96,25,490.8738521234052,94247.7796076938,11,1.4889274230672227,U09p343881_ETM_S06,1.0,652.5,1.35,1.2,43426.644975712385,420720.3494831395,282566.0559172498,49.9999255437956,198.0623471374588,FAIL
CSEG_07,96,25,490.8738521234052,94247.7796076938,12,1.5137437860932565,U09p343881_ETM_S06,1.0,652.5,1.35,1.2,44716.88497571238,421033.8777967351,278140.7802725716,49.9999255437956,198.0623471374588,FAIL
CSEG_07,96,25,490.8738521234052,94247.7796076938,13,1.543698737946967,U09p343881_ETM_S06,1.0,652.5,1.35,1.2,46007.12497571239,421347.40611033066,272946.65452062176,49.9999255437956,198.0623471374588,FAIL
CSEG_07,96,25,490.8738521234052,94247.7796076938,14,1.5791857810802727,U09p343881_ETM_S06,1.0,652.5,1.35,1.2,47297.364975712386,421660.9344239262,267011.60780176276,49.9999255437956,198.0623471374588,FAIL
CSEG_07,96,25,490.8738521234052,94247.7796076938,15,1.6209470106569819,U09p343881_ETM_S06,1.0,652.5,1.35,1.2,48587.604975712384,421974.4627375218,260325.88355031572,49.9999255437956,198.0623471374588,FAIL
CSEG_07,96,25,490.8738521234052,94247.7796076938,16,1.6706053301941968,U09p343881_ETM_S06,1.0,652.5,1.35,1.2,49877.84497571239,422287.99105111737,252775.43619595014,49.9999255437956,198.0623471374588,FAIL
CSEG_07,96,28,615.7521601035994,118224.41473989109,1,1.731824046875957,U09p343881_ETM_S06,0.7,652.5,1.0,1.0,21654.818500527694,417455.3430810187,241049.51298838225,48.4999255437956,195.0623471374588,FAIL
CSEG_07,96,28,615.7521601035994,118224.41473989109,2,1.6370372956207975,U09p343881_ETM_S06,0.7,652.5,1.0,1.0,21654.818500527694,417455.3430810187,255006.61725774017,48.4999255437956,195.0623471374588,FAIL
CSEG_07,96,28,615.7521601035994,118224.41473989109,3,1.563931433955681,U09p343881_ETM_S06,0.7,652.5,1.0,1.0,21654.818500527694,417455.3430810187,266926.8831211744,48.4999255437956,195.0623471374588,FAIL
CSEG_07,96,28,615.7521601035994,118224.41473989109,4,1.5044114529663817,U09p343881_ETM_S06,0.7,652.5,1.0,1.0,21654.818500527694,417455.3430810187,277487.48007593595,48.4999255437956,195.0623471374588,FAIL
CSEG_07,96,28,615.7521601035994,118224.41473989109,5,1.4556163183978126,U09p343881_ETM_S06,0.7,652.5,1.0,1.0,21654.818500527694,417455.3430810187,286789.40858571103,48.4999255437956,195.0623471374588,FAIL
CSEG_07,96,28,615.7521601035994,118224.41473989109,6,1.4158972177300044,U09p343881_ETM_S06,0.7,652.5,1.0,1.0,21654.818500527694,417455.3430810187,294834.4963558102,48.4999255437956,195.0623471374588,FAIL
CSEG_07,96,28,615.7521601035994,118224.41473989109,7,1.3847094903352457,U09p343881_ETM_S06,1.0,652.5,1.0,1.0,21654.818500527694,417455.3430810187,301475.0357347161,48.4999255437956,195.0623471374588,FAIL
CSEG_07,96,28,615.7521601035994,118224.41473989109,8,1.3624518192010626,U09p343881_ETM_S06,1.0,652.5,1.0,1.0,21654.818500527694,417455.3430810187,306400.07756444055,48.4999255437956,195.0623471374588,FAIL
CSEG_07,96,28,615.7521601035994,118224.41473989109,9,1.3618830743614363,U09p343881_ETM_S06,1.0,652.5,1.35,1.2,40846.16497571239,420093.2928559484,308465.0222655296,48.4999255437956,195.0623471374588,FAIL
CSEG_07,96,28,615.7521601035994,118224.41473989109,10,1.3814462999816832,U09p343881_ETM_S06,1.0,652.5,1.35,1.2,42136.40497571239,420406.82116954395,304323.67959226365,48.4999255437956,195.0623471374588,FAIL
CSEG_07,96,28,615.7521601035994,118224.41473989109,11,1.4031202811440602,U09p343881_ETM_S06,1.0,652.5,1.35,1.2,43426.644975712385,420720.3494831395,299846.2463532331,48.4999255437956,195.0623471374588,FAIL
CSEG_07,96,28,615.7521601035994,118224.41473989109,12,1.4272476650403532,U09p343881_ETM_S06,1.0,652.5,1.35,1.2,44716.88497571238,421033.8777967351,294997.0689108334,48.4999255437956,195.0623471374588,FAIL
CSEG_07,96,28,615.7521601035994,118224.41473989109,13,1.454933876978446,U09p343881_ETM_S06,1.0,652.5,1.35,1.2,46007.12497571239,421347.40611033066,289599.007059599,48.4999255437956,195.0623471374588,FAIL
CSEG_07,96,28,615.7521601035994,118224.41473989109,14,1.4868372689964218,U09p343881_ETM_S06,1.0,652.5,1.35,1.2,47297.364975712386,421660.9344239262,283595.88720057905,48.4999255437956,195.0623471374588,FAIL
CSEG_07,96,28,615.7521601035994,118224.41473989109,15,1.5235999737814514,U09p343881_ETM_S06,1.0,652.5,1.35,1.2,48587.604975712384,421974.4627375218,276958.82777564996,48.4999255437956,195.0623471374588,FAIL
CSEG_07,96,28,615.7521601035994,118224.41473989109,16,1.5659103950815552,U09p343881_ETM_S06,1.0,652.5,1.35,1.2,49877.84497571239,422287.99105111737,269675.7058242301,48.4999255437956,195.0623471374588,FAIL
CSEG_07,96,32,804.247719318987,154415.5621092455,1,1.4834276766813028,U09p343881_ETM_S06,0.7,652.5,1.0,1.0,21654.818500527694,417455.3430810187,281412.66988825647,46.4999255437956,191.0623471374588,FAIL
CSEG_07,96,32,804.247719318987,154415.5621092455,2,1.423362534475369,U09p343881_ETM_S06,0.7,652.5,1.0,1.0,21654.818500527694,417455.3430810187,293288.13494088966,46.4999255437956,191.0623471374588,FAIL
CSEG_07,96,32,804.247719318987,154415.5621092455,3,1.373968678620573,U09p343881_ETM_S06,0.7,652.5,1.0,1.0,21654.818500527694,417455.3430810187,303831.775481325,46.4999255437956,191.0623471374588,FAIL
CSEG_07,96,32,804.247719318987,154415.5621092455,4,1.332837709570503,U09p343881_ETM_S06,0.7,652.5,1.0,1.0,21654.818500527694,417455.3430810187,313207.9322812232,46.4999255437956,191.0623471374588,FAIL
CSEG_07,96,32,804.247719318987,154415.5621092455,5,1.2987728586826166,U09p343881_ETM_S06,0.7,652.5,1.0,1.0,21654.818500527694,417455.3430810187,321422.9033893239,46.4999255437956,191.0623471374588,FAIL
CSEG_07,96,32,804.247719318987,154415.5621092455,6,1.2719631933523479,U09p343881_ETM_S06,1.0,652.5,1.0,1.0,21654.818500527694,417455.3430810187,328197.6595413787,46.4999255437956,191.0623471374588,FAIL
CSEG_07,96,32,804.247719318987,154415.5621092455,7,1.2516567030658334,U09p343881_ETM_S06,1.0,652.5,1.0,1.0,21654.818500527694,417455.3430810187,333522.2366152757,46.4999255437956,191.0623471374588,FAIL
CSEG_07,96,32,804.247719318987,154415.5621092455,8,1.2372049418697353,U09p343881_ETM_S06,1.0,652.5,1.35,1.2,39555.92497571239,419779.7645423528,339296.8701757346,46.4999255437956,191.0623471374588,FAIL
CSEG_07,96,32,804.247719318987,154415.5621092455,9,1.2471630046871578,U09p343881_ETM_S06,1.0,652.5,1.35,1.2,40846.16497571239,420093.2928559484,336839.1230954817,46.4999255437956,191.0623471374588,FAIL
CSEG_07,96,32,804.247719318987,154415.5621092455,10,1.2667645815245971,U09p343881_ETM_S06,1.0,652.5,1.35,1.2,42136.40497571239,420406.82116954395,331874.46768015024,46.4999255437956,191.0623471374588,FAIL
CSEG_07,96,32,804.247719318987,154415.5621092455,11,1.288379716835889,U09p343881_ETM_S06,1.0,652.5,1.35,1.2,43426.644975712385,420720.3494831395,326549.9634815579,46.4999255437956,191.0623471374588,FAIL
CSEG_07,96,32,804.247719318987,154415.5621092455,12,1.3114248408711493,U09p343881_ETM_S06,1.0,652.5,1.35,1.2,44716.88497571238,421033.8777967351,321050.71116164915,46.4999255437956,191.0623471374588,FAIL
CSEG_07,96,32,804.247719318987,154415.5621092455,13,1.3364804489372466,U09p343881_ETM_S06,1.0,652.5,1.35,1.2,46007.12497571239,421347.40611033066,315266.41968117165,46.4999255437956,191.0623471374588,FAIL
CSEG_07,96,32,804.247719318987,154415.5621092455,14,1.3643931953506445,U09p343881_ETM_S06,1.0,652.5,1.35,1.2,47297.364975712386,421660.9344239262,309046.4947060666,46.4999255437956,191.0623471374588,FAIL
CSEG_07,96,32,804.247719318987,154415.5621092455,15,1.3955808678879913,U09p343881_ETM_S06,1.0,652.5,1.35,1.2,48587.604975712384,421974.4627375218,302364.7518012473,46.4999255437956,191.0623471374588,FAIL
CSEG_07,96,32,804.247719318987,154415.5621092455,16,1.4306435220692169,U09p343881_ETM_S06,1.0,652.5,1.35,1.2,49877.84497571239,422287.99105111737,295173.4548382391,46.4999255437956,191.0623471374588,FAIL
CSEG_07,96,36,1017.8760197630929,195432.19579451386,1,1.2859432426121007,U09p343881_ETM_S06,0.7,652.5,1.0,1.0,21654.818500527694,417455.3430810187,324629.679792907,44.4999255437956,187.0623471374588,FAIL
CSEG_07,96,36,1017.8760197630929,195432.19579451386,2,1.2460035040642923,U09p343881_ETM_S06,0.7,652.5,1.0,1.0,21654.818500527694,417455.3430810187,335035.44871209166,44.4999255437956,187.0623471374588,FAIL
CSEG_07,96,36,1017.8760197630929,195432.19579451386,3,1.21233136610661,U09p343881_ETM_S06,0.7,652.5,1.0,1.0,21654.818500527694,417455.3430810187,344340.95722663053,44.4999255437956,187.0623471374588,FAIL
CSEG_07,96,36,1017.8760197630929,195432.19579451386,4,1.1840706295368086,U09p343881_ETM_S06,0.7,652.5,1.0,1.0,21654.818500527694,417455.3430810187,352559.49490472645,44.4999255437956,187.0623471374588,FAIL
CSEG_07,96,36,1017.8760197630929,195432.19579451386,5,1.1615844308112924,U09p343881_ETM_S06,1.0,652.5,1.0,1.0,21654.818500527694,417455.3430810187,359384.41667081654,44.4999255437956,187.0623471374588,FAIL
CSEG_07,96,36,1017.8760197630929,195432.19579451386,6,1.1439310430000749,U09p343881_ETM_S06,1.0,652.5,1.0,1.0,21654.818500527694,417455.3430810187,364930.513631486,44.4999255437956,187.0623471374588,FAIL
CSEG_07,96,36,1017.8760197630929,195432.19579451386,7,1.1304600934108384,U09p343881_ETM_S06,1.0,652.5,1.0,1.0,21654.818500527694,417455.3430810187,369279.1505991753,44.4999255437956,187.0623471374588,FAIL
CSEG_07,96,36,1017.8760197630929,195432.19579451386,8,1.1279407960878838,U09p343881_ETM_S06,1.0,652.5,1.35,1.2,39555.92497571239,419779.7645423528,372164.71467146545,44.4999255437956,187.0623471374588,FAIL
CSEG_07,96,36,1017.8760197630929,195432.19579451386,9,1.1376833201891947,U09p343881_ETM_S06,1.0,652.5,1.35,1.2,40846.16497571239,420093.2928559484,369253.27584664564,44.4999255437956,187.0623471374588,FAIL
CSEG_07,96,36,1017.8760197630929,195432.19579451386,10,1.155957359233509,U09p343881_ETM_S06,1.0,652.5,1.35,1.2,42136.40497571239,420406.82116954395,363687.1358717824,44.4999255437956,187.0623471374588,FAIL
CSEG_07,96,36,1017.8760197630929,195432.19579451386,11,1.176681647503371,U09p343881_ETM_S06,1.0,652.5,1.35,1.2,43426.644975712385,420720.3494831395,357548.15278695355,44.4999255437956,187.0623471374588,FAIL
CSEG_07,96,36,1017.8760197630929,195432.19579451386,12,1.1983320785997364,U09p343881_ETM_S06,1.0,652.5,1.35,1.2,44716.88497571238,421033.8777967351,351349.91820357303,44.4999255437956,187.0623471374588,FAIL
CSEG_07,96,36,1017.8760197630929,195432.19579451386,13,1.221227757547191,U09p343881_ETM_S06,1.0,652.5,1.35,1.2,46007.12497571239,421347.40611033066,345019.5129503096,44.4999255437956,187.0623471374588,FAIL
CSEG_07,96,36,1017.8760197630929,195432.19579451386,14,1.2457876643799128,U09p343881_ETM_S06,1.0,652.5,1.35,1.2,47297.364975712386,421660.9344239262,338469.344720801,44.4999255437956,187.0623471374588,FAIL
CSEG_07,96,36,1017.8760197630929,195432.19579451386,15,1.272489081673217,U09p343881_ETM_S06,1.0,652.5,1.35,1.2,48587.604975712384,421974.4627375218,331613.42506975424,44.4999255437956,187.0623471374588,FAIL
CSEG_07,96,36,1017.8760197630929,195432.19579451386,16,1.301793096869873,U09p343881_ETM_S06,1.0,652.5,1.35,1.2,49877.84497571239,422287.99105111737,324389.4840635564,44.4999255437956,187.0623471374588,FAIL
CSEG_07,96,40,1256.6370614359173,241274.3157956961,1,1.1250431041076758,U09p343881_ETM_S06,0.7,652.5,1.0,1.0,21654.818500527694,417455.3430810187,371057.1991036042,42.4999255437956,183.0623471374588,FAIL
CSEG_07,96,40,1256.6370614359173,241274.3157956961,2,1.0980420372069968,U09p343881_ETM_S06,0.7,652.5,1.0,1.0,21654.818500527694,417455.3430810187,380181.56767737877,42.4999255437956,183.0623471374588,FAIL
CSEG_07,96,40,1256.6370614359173,241274.3157956961,3,1.0752232139824476,U09p343881_ETM_S06,1.0,652.5,1.0,1.0,21654.818500527694,417455.3430810187,388249.935131919,42.4999255437956,183.0623471374588,FAIL
CSEG_07,96,40,1256.6370614359173,241274.3157956961,4,1.0566976279977063,U09p343881_ETM_S06,1.0,652.5,1.0,1.0,21654.818500527694,417455.3430810187,395056.5724956136,42.4999255437956,183.0623471374588,FAIL
CSEG_07,96,40,1256.6370614359173,241274.3157956961,5,1.0417441434889891,U09p343881_ETM_S06,1.0,652.5,1.0,1.0,21654.818500527694,417455.3430810187,400727.3241612719,42.4999255437956,183.0623471374588,FAIL
CSEG_07,96,40,1256.6370614359173,241274.3157956961,6,1.030019890867336,U09p343881_ETM_S06,1.0,652.5,1.0,1.0,21654.818500527694,417455.3430810187,405288.62285319297,42.4999255437956,183.0623471374588,FAIL
CSEG_07,96,40,1256.6370614359173,241274.3157956961,7,1.0221110198757817,U09p343881_ETM_S06,1.0,652.5,1.35,1.2,38265.684975712385,419466.2362287572,410392.04946614837,42.4999255437956,183.0623471374588,FAIL
CSEG_07,96,40,1256.6370614359173,241274.3157956961,8,1.0264288285007879,U09p343881_ETM_S06,1.0,652.5,1.35,1.2,39555.92497571239,419779.7645423528,408971.136513661,42.4999255437956,183.0623471374588,FAIL
CSEG_07,96,40,1256.6370614359173,241274.3157956961,9,1.03564137068891,U09p343881_ETM_S06,1.0,652.5,1.35,1.2,40846.16497571239,420093.2928559484,405635.8742954636,42.4999255437956,183.0623471374588,FAIL
CSEG_07,96,40,1256.6370614359173,241274.3157956961,10,1.0516342867671902,U09p343881_ETM_S06,1.0,652.5,1.35,1.2,42136.40497571239,420406.82116954395,399765.22871074214,42.4999255437956,183.0623471374588,FAIL
CSEG_07,96,40,1256.6370614359173,241274.3157956961,11,1.0709153977164967,U09p343881_ETM_S06,1.0,652.5,1.35,1.2,43426.644975712385,420720.3494831395,392860.49148255575,42.4999255437956,183.0623471374588,FAIL
CSEG_07,96,40,1256.6370614359173,241274.3157956961,12,1.0908396198272448,U09p343881_ETM_S06,1.0,652.5,1.35,1.2,44716.88497571238,421033.8777967351,385972.30073419394,42.4999255437956,183.0623471374588,FAIL
CSEG_07,96,40,1256.6370614359173,241274.3157956961,13,1.1115450446092368,U09p343881_ETM_S06,1.0,652.5,1.35,1.2,46007.12497571239,421347.40611033066,379064.62554421736,42.4999255437956,183.0623471374588,FAIL
CSEG_07,96,40,1256.6370614359173,241274.3157956961,14,1.1332831959119694,U09p343881_ETM_S06,1.0,652.5,1.35,1.2,47297.364975712386,421660.9344239262,372070.2256461233,42.4999255437956,183.0623471374588,FAIL
CSEG_07,96,40,1256.6370614359173,241274.3157956961,15,1.1564168805036739,U09p343881_ETM_S06,1.0,652.5,1.35,1.2,48587.604975712384,421974.4627375218,364898.2212657879,42.4999255437956,183.0623471374588,FAIL
CSEG_07,96,40,1256.6370614359173,241274.3157956961,16,1.1811662691128524,U09p343881_ETM_S06,1.0,652.5,1.35,1.2,49877.84497571239,422287.99105111737,357517.82123636873,42.4999255437956,183.0623471374588,FAIL
CSEG_07,96,50,1963.4954084936207,376991.1184307752,1,0.8335392105169834,U09p343881_ETM_S06,1.0,652.5,1.0,1.0,21654.818500527694,417455.3430810187,500822.68214125367,37.4999255437956,173.0623471374588,PASS
CSEG_07,96,50,1963.4954084936207,376991.1184307752,2,0.8235903564865411,U09p343881_ETM_S06,1.0,652.5,1.0,1.0,21654.818500527694,417455.3430810187,506872.5487047889,37.4999255437956,173.0623471374588,PASS
CSEG_07,96,50,1963.4954084936207,376991.1184307752,3,0.8154062092039641,U09p343881_ETM_S06,1.0,652.5,1.0,1.0,21654.818500527694,417455.3430810187,511959.97573842027,37.4999255437956,173.0623471374588,PASS
CSEG_07,96,50,1963.4954084936207,376991.1184307752,4,0.8087148961503136,U09p343881_ETM_S06,1.0,652.5,1.0,1.0,21654.818500527694,417455.3430810187,516195.93637783994,37.4999255437956,173.0623471374588,PASS
CSEG_07,96,50,1963.4954084936207,376991.1184307752,5,0.8038057220404783,U09p343881_ETM_S06,1.0,652.5,1.0,1.2,28106.018500527694,419022.9846489966,521298.8327394556,37.4999255437956,173.0623471374588,PASS
CSEG_07,96,50,1963.4954084936207,376991.1184307752,6,0.8026991618051283,U09p343881_ETM_S06,1.0,652.5,1.35,1.2,36975.44497571239,419152.7079151616,522179.07761677663,37.4999255437956,173.0623471374588,PASS
CSEG_07,96,50,1963.4954084936207,376991.1184307752,7,0.8053060773703682,U09p343881_ETM_S06,1.0,652.5,1.35,1.2,38265.684975712385,419466.2362287572,520878.02143313584,37.4999255437956,173.0623471374588,PASS
CSEG_07,96,50,1963.4954084936207,376991.1184307752,8,0.8100654175790194,U09p343881_ETM_S06,1.0,652.5,1.35,1.2,39555.92497571239,419779.7645423528,518204.7714083592,37.4999255437956,173.0623471374588,PASS
CSEG_07,96,50,1963.4954084936207,376991.1184307752,9,0.8172630605211907,U09p343881_ETM_S06,1.0,652.5,1.35,1.2,40846.16497571239,420093.2928559484,514024.5695040267,37.4999255437956,173.0623471374588,PASS
CSEG_07,96,50,1963.4954084936207,376991.1184307752,10,0.8276725677857066,U09p343881_ETM_S06,1.0,652.5,1.35,1.2,42136.40497571239,420406.82116954395,507938.57079771167,37.4999255437956,173.0623471374588,PASS
CSEG_07,96,50,1963.4954084936207,376991.1184307752,11,0.8414473641960253,U09p343881_ETM_S06,1.0,652.5,1.35,1.2,43426.644975712385,420720.3494831395,499996.0394256196,37.4999255437956,173.0623471374588,PASS
CSEG_07,96,50,1963.4954084936207,376991.1184307752,12,0.8564307839173134,U09p343881_ETM_S06,1.0,652.5,1.35,1.2,44716.88497571238,421033.8777967351,491614.6006229793,37.4999255437956,173.0623471374588,PASS
CSEG_07,96,50,1963.4954084936207,376991.1184307752,13,0.8717958737915328,U09p343881_ETM_S06,1.0,652.5,1.35,1.2,46007.12497571239,421347.40611033066,483309.70445850596,37.4999255437956,173.0623471374588,PASS
CSEG_07,96,50,1963.4954084936207,376991.1184307752,14,0.8876114382586019,U09p343881_ETM_S06,1.0,652.5,1.35,1.2,47297.364975712386,421660.9344239262,475051.2625785666,37.4999255437956,173.0623471374588,PASS
CSEG_07,96,50,1963.4954084936207,376991.1184307752,15,0.9039271430391416,U09p343881_ETM_S06,1.0,652.5,1.35,1.2,48587.604975712384,421974.4627375218,466823.5332758998,37.4999255437956,173.0623471374588,PASS
CSEG_07,96,50,1963.4954084936207,376991.1184307752,16,0.9208211854451875,U09p343881_ETM_S06,1.0,652.5,1.35,1.2,49877.84497571239,422287.99105111737,458599.34341861896,37.4999255437956,173.0623471374588,PASS
CSEG_08,96,25,490.8738521234052,94247.7796076938,1,1.9644417203035742,U09p343881_ETM_S06,0.7,652.5,1.0,1.0,21047.890965007977,405839.8467530249,206592.96865793943,49.99983983159473,192.74549617892018,FAIL
CSEG_08,96,25,490.8738521234052,94247.7796076938,2,1.82786986459504,U09p343881_ETM_S06,0.7,652.5,1.0,1.0,21047.890965007977,405839.8467530249,222028.85151396578,49.99983983159473,192.74549617892018,FAIL
CSEG_08,96,25,490.8738521234052,94247.7796076938,3,1.7262976905591527,U09p343881_ETM_S06,0.7,652.5,1.0,1.0,21047.890965007977,405839.8467530249,235092.61987228415,49.99983983159473,192.74549617892018,FAIL
CSEG_08,96,25,490.8738521234052,94247.7796076938,4,1.6467350195199153,U09p343881_ETM_S06,0.7,652.5,1.0,1.0,21047.890965007977,405839.8467530249,246451.21524854822,49.99983983159473,192.74549617892018,FAIL
CSEG_08,96,25,490.8738521234052,94247.7796076938,5,1.5821525427816814,U09p343881_ETM_S06,0.7,652.5,1.0,1.0,21047.890965007977,405839.8467530249,256511.19963407097,49.99983983159473,192.74549617892018,FAIL
CSEG_08,96,25,490.8738521234052,94247.7796076938,6,1.529893599943308,U09p343881_ETM_S06,0.7,652.5,1.0,1.0,21047.890965007977,405839.8467530249,265273.2495698157,49.99983983159473,192.74549617892018,FAIL
CSEG_08,96,25,490.8738521234052,94247.7796076938,7,1.4875564710641873,U09p343881_ETM_S06,0.7,652.5,1.0,1.0,21047.890965007977,405839.8467530249,272823.1530347819,49.99983983159473,192.74549617892018,FAIL
CSEG_08,96,25,490.8738521234052,94247.7796076938,8,1.4566142985824246,U09p343881_ETM_S06,1.0,652.5,1.0,1.0,21047.890965007977,405839.8467530249,278618.60696272703,49.99983983159473,192.74549617892018,FAIL
CSEG_08,96,25,490.8738521234052,94247.7796076938,9,1.4400645896235227,U09p343881_ETM_S06,1.0,652.5,1.35,1.2,40026.81280276077,408331.3532300986,283550.7213859408,49.99983983159473,192.74549617892018,FAIL
CSEG_08,96,25,490.8738521234052,94247.7796076938,10,1.4576965309978818,U09p343881_ETM_S06,1.0,652.5,1.35,1.2,41317.052802760765,408638.43033632153,280331.6202286519,49.99983983159473,192.74549617892018,FAIL
CSEG_08,96,25,490.8738521234052,94247.7796076938,11,1.4781537575931454,U09p343881_ETM_S06,1.0,652.5,1.35,1.2,42607.29280276077,408945.5074425445,276659.6542083849,49.99983983159473,192.74549617892018,FAIL
CSEG_08,96,25,490.8738521234052,94247.7796076938,12,1.5021012886937624,U09p343881_ETM_S06,1.0,652.5,1.35,1.2,43897.53280276077,409252.5845487674,272453.38755062,49.99983983159473,192.74549617892018,FAIL
CSEG_08,96,25,490.8738521234052,94247.7796076938,13,1.5314570024918968,U09p343881_ETM_S06,1.0,652.5,1.35,1.2,45187.772802760766,409559.6616549904,267431.3813502952,49.99983983159473,192.74549617892018,FAIL
CSEG_08,96,25,490.8738521234052,94247.7796076938,14,1.5663688871262276,U09p343881_ETM_S06,1.0,652.5,1.35,1.2,46478.01280276077,409866.7387612134,261666.80283926235,49.99983983159473,192.74549617892018,FAIL
CSEG_08,96,25,490.8738521234052,94247.7796076938,15,1.6074022511555177,U09p343881_ETM_S06,1.0,652.5,1.35,1.2,47768.25280276076,410173.8158674363,255178.07728126142,49.99983983159473,192.74549617892018,FAIL
CSEG_08,96,25,490.8738521234052,94247.7796076938,16,1.6560864059450422,U09p343881_ETM_S06,1.0,652.5,1.35,1.2,49058.49280276077,410480.89297365927,247862.0025501744,49.99983983159473,192.74549617892018,FAIL
CSEG_08,96,28,615.7521601035994,118224.41473989109,1,1.732946184238299,U09p343881_ETM_S06,0.7,652.5,1.0,1.0,21047.890965007977,405839.8467530249,234190.68084414184,48.49983983159473,189.74549617892018,FAIL
CSEG_08,96,28,615.7521601035994,118224.41473989109,2,1.6362773226132024,U09p343881_ETM_S06,0.7,652.5,1.0,1.0,21047.890965007977,405839.8467530249,248026.3223992385,48.49983983159473,189.74549617892018,FAIL
CSEG_08,96,28,615.7521601035994,118224.41473989109,3,1.5619641294081372,U09p343881_ETM_S06,0.7,652.5,1.0,1.0,21047.890965007977,405839.8467530249,259826.61132353058,48.49983983159473,189.74549617892018,FAIL
CSEG_08,96,28,615.7521601035994,118224.41473989109,4,1.501598015951595,U09p343881_ETM_S06,0.7,652.5,1.0,1.0,21047.890965007977,405839.8467530249,270271.96522754827,48.49983983159473,189.74549617892018,FAIL
CSEG_08,96,28,615.7521601035994,118224.41473989109,5,1.4518922368923726,U09p343881_ETM_S06,0.7,652.5,1.0,1.0,21047.890965007977,405839.8467530249,279524.77218397683,48.49983983159473,189.74549617892018,FAIL
CSEG_08,96,28,615.7521601035994,118224.41473989109,6,1.411423476362625,U09p343881_ETM_S06,0.7,652.5,1.0,1.0,21047.890965007977,405839.8467530249,287539.3909409198,48.49983983159473,189.74549617892018,FAIL
CSEG_08,96,28,615.7521601035994,118224.41473989109,7,1.3800263035949087,U09p343881_ETM_S06,1.0,652.5,1.0,1.0,21047.890965007977,405839.8467530249,294081.24011537293,48.49983983159473,189.74549617892018,FAIL
CSEG_08,96,28,615.7521601035994,118224.41473989109,8,1.357115212083101,U09p343881_ETM_S06,1.0,652.5,1.0,1.0,21047.890965007977,405839.8467530249,299045.97866092884,48.49983983159473,189.74549617892018,FAIL
CSEG_08,96,28,615.7521601035994,118224.41473989109,9,1.3530500102476444,U09p343881_ETM_S06,1.0,652.5,1.35,1.2,40026.81280276077,408331.3532300986,301785.8542829197,48.49983983159473,189.74549617892018,FAIL
CSEG_08,96,28,615.7521601035994,118224.41473989109,10,1.3718382013424388,U09p343881_ETM_S06,1.0,652.5,1.35,1.2,41317.052802760765,408638.43033632153,297876.5498266782,48.49983983159473,189.74549617892018,FAIL
CSEG_08,96,28,615.7521601035994,118224.41473989109,11,1.392938697773741,U09p343881_ETM_S06,1.0,652.5,1.35,1.2,42607.29280276077,408945.5074425445,293584.71273440827,48.49983983159473,189.74549617892018,FAIL
CSEG_08,96,28,615.7521601035994,118224.41473989109,12,1.4163985783969353,U09p343881_ETM_S06,1.0,652.5,1.35,1.2,43897.53280276077,409252.5845487674,288938.8557647065,48.49983983159473,189.74549617892018,FAIL
CSEG_08,96,28,615.7521601035994,118224.41473989109,13,1.4433053528611475,U09p343881_ETM_S06,1.0,652.5,1.35,1.2,45187.772802760766,409559.6616549904,283765.0818955924,48.49983983159473,189.74549617892018,FAIL
CSEG_08,96,28,615.7521601035994,118224.41473989109,14,1.474799331861356,U09p343881_ETM_S06,1.0,652.5,1.35,1.2,46478.01280276077,409866.7387612134,277913.56417548505,48.49983983159473,189.74549617892018,FAIL
CSEG_08,96,28,615.7521601035994,118224.41473989109,15,1.5109921685425474,U09p343881_ETM_S06,1.0,652.5,1.35,1.2,47768.25280276076,410173.8158674363,271459.9217698635,48.49983983159473,189.74549617892018,FAIL
CSEG_08,96,28,615.7521601035994,118224.41473989109,16,1.552679004964869,U09p343881_ETM_S06,1.0,652.5,1.35,1.2,49058.49280276077,410480.89297365927,264369.44897245313,48.49983983159473,189.74549617892018,FAIL
CSEG_08,96,32,804.247719318987,154415.5621092455,1,1.482050229570741,U09p343881_ETM_S06,0.7,652.5,1.0,1.0,21047.890965007977,405839.8467530249,273836.7692642724,46.49983983159473,185.74549617892018,FAIL
CSEG_08,96,32,804.247719318987,154415.5621092455,2,1.4211266820207205,U09p343881_ETM_S06,0.7,652.5,1.0,1.0,21047.890965007977,405839.8467530249,285576.12202168733,46.49983983159473,185.74549617892018,FAIL
CSEG_08,96,32,804.247719318987,154415.5621092455,3,1.371072274027112,U09p343881_ETM_S06,0.7,652.5,1.0,1.0,21047.890965007977,405839.8467530249,296001.7895781617,46.49983983159473,185.74549617892018,FAIL
CSEG_08,96,32,804.247719318987,154415.5621092455,4,1.3293137560574215,U09p343881_ETM_S06,0.7,652.5,1.0,1.0,21047.890965007977,405839.8467530249,305300.2685812078,46.49983983159473,185.74549617892018,FAIL
CSEG_08,96,32,804.247719318987,154415.5621092455,5,1.2946400349723597,U09p343881_ETM_S06,0.7,652.5,1.0,1.0,21047.890965007977,405839.8467530249,313476.9787662943,46.49983983159473,185.74549617892018,FAIL
CSEG_08,96,32,804.247719318987,154415.5621092455,6,1.2676483736224504,U09p343881_ETM_S06,1.0,652.5,1.0,1.0,21047.890965007977,405839.8467530249,320151.7512252164,46.49983983159473,185.74549617892018,FAIL
CSEG_08,96,32,804.247719318987,154415.5621092455,7,1.2468721657668163,U09p343881_ETM_S06,1.0,652.5,1.0,1.0,21047.890965007977,405839.8467530249,325486.3312338332,46.49983983159473,185.74549617892018,FAIL
CSEG_08,96,32,804.247719318987,154415.5621092455,8,1.2315270911830971,U09p343881_ETM_S06,1.0,652.5,1.0,1.0,21047.890965007977,405839.8467530249,329541.95620913606,46.49983983159473,185.74549617892018,FAIL
CSEG_08,96,32,804.247719318987,154415.5621092455,9,1.238978062848487,U09p343881_ETM_S06,1.0,652.5,1.35,1.2,40026.81280276077,408331.3532300986,329571.09207512497,46.49983983159473,185.74549617892018,FAIL
CSEG_08,96,32,804.247719318987,154415.5621092455,10,1.2578092597829984,U09p343881_ETM_S06,1.0,652.5,1.35,1.2,41317.052802760765,408638.43033632153,324881.0796692825,46.49983983159473,185.74549617892018,FAIL
CSEG_08,96,32,804.247719318987,154415.5621092455,11,1.2789759291346057,U09p343881_ETM_S06,1.0,652.5,1.35,1.2,42607.29280276077,408945.5074425445,319744.49098447815,46.49983983159473,185.74549617892018,FAIL
CSEG_08,96,32,804.247719318987,154415.5621092455,12,1.3015305662017231,U09p343881_ETM_S06,1.0,652.5,1.35,1.2,43897.53280276077,409252.5845487674,314439.472399865,46.49983983159473,185.74549617892018,FAIL
CSEG_08,96,32,804.247719318987,154415.5621092455,13,1.3259722447417592,U09p343881_ETM_S06,1.0,652.5,1.35,1.2,45187.772802760766,409559.6616549904,308874.9883560002,46.49983983159473,185.74549617892018,FAIL
CSEG_08,96,32,804.247719318987,154415.5621092455,14,1.3534743214351932,U09p343881_ETM_S06,1.0,652.5,1.35,1.2,46478.01280276077,409866.7387612134,302825.6482373453,46.49983983159473,185.74549617892018,FAIL
CSEG_08,96,32,804.247719318987,154415.5621092455,15,1.3842894586400405,U09p343881_ETM_S06,1.0,652.5,1.35,1.2,47768.25280276076,410173.8158674363,296306.39264594344,46.49983983159473,185.74549617892018,FAIL
CSEG_08,96,32,804.247719318987,154415.5621092455,16,1.4187643024842047,U09p343881_ETM_S06,1.0,652.5,1.35,1.2,49058.49280276077,410480.89297365927,289322.82286417985,46.49983983159473,185.74549617892018,FAIL
CSEG_08,96,36,1017.8760197630929,195432.19579451386,1,1.2834224274177737,U09p343881_ETM_S06,0.7,652.5,1.0,1.0,21047.890965007977,405839.8467530249,316216.88859650714,44.49983983159473,181.74549617892018,FAIL
CSEG_08,96,36,1017.8760197630929,195432.19579451386,2,1.24304834194046,U09p343881_ETM_S06,0.7,652.5,1.0,1.0,21047.890965007977,405839.8467530249,326487.5814238156,44.49983983159473,181.74549617892018,FAIL
CSEG_08,96,36,1017.8760197630929,195432.19579451386,3,1.2089055555759665,U09p343881_ETM_S06,0.7,652.5,1.0,1.0,21047.890965007977,405839.8467530249,335708.48018782417,44.49983983159473,181.74549617892018,FAIL
CSEG_08,96,36,1017.8760197630929,195432.19579451386,4,1.180312674683486,U09p343881_ETM_S06,1.0,652.5,1.0,1.0,21047.890965007977,405839.8467530249,343840.96304130205,44.49983983159473,181.74549617892018,FAIL
CSEG_08,96,36,1017.8760197630929,195432.19579451386,5,1.1575597381895895,U09p343881_ETM_S06,1.0,652.5,1.0,1.0,21047.890965007977,405839.8467530249,350599.48386573454,44.49983983159473,181.74549617892018,FAIL
CSEG_08,96,36,1017.8760197630929,195432.19579451386,6,1.1396004453709851,U09p343881_ETM_S06,1.0,652.5,1.0,1.0,21047.890965007977,405839.8467530249,356124.6824722922,44.49983983159473,181.74549617892018,FAIL
CSEG_08,96,36,1017.8760197630929,195432.19579451386,7,1.1256980245583814,U09p343881_ETM_S06,1.0,652.5,1.0,1.0,21047.890965007977,405839.8467530249,360522.8381849906,44.49983983159473,181.74549617892018,FAIL
CSEG_08,96,36,1017.8760197630929,195432.19579451386,8,1.121427671976496,U09p343881_ETM_S06,1.0,652.5,1.35,1.2,38736.57280276077,408024.27612387564,363843.59537404694,44.49983983159473,181.74549617892018,FAIL
CSEG_08,96,36,1017.8760197630929,195432.19579451386,9,1.1303215855885522,U09p343881_ETM_S06,1.0,652.5,1.35,1.2,40026.81280276077,408331.3532300986,361252.37139259157,44.49983983159473,181.74549617892018,FAIL
CSEG_08,96,36,1017.8760197630929,195432.19579451386,10,1.147718963342108,U09p343881_ETM_S06,1.0,652.5,1.35,1.2,41317.052802760765,408638.43033632153,356043.98235817597,44.49983983159473,181.74549617892018,FAIL
CSEG_08,96,36,1017.8760197630929,195432.19579451386,11,1.1680824163314412,U09p343881_ETM_S06,1.0,652.5,1.35,1.2,42607.29280276077,408945.5074425445,350099.8745678464,44.49983983159473,181.74549617892018,FAIL
CSEG_08,96,36,1017.8760197630929,195432.19579451386,12,1.1893485731876305,U09p343881_ETM_S06,1.0,652.5,1.35,1.2,43897.53280276077,409252.5845487674,344098.1002330627,44.49983983159473,181.74549617892018,FAIL
CSEG_08,96,36,1017.8760197630929,195432.19579451386,13,1.2117906148719138,U09p343881_ETM_S06,1.0,652.5,1.35,1.2,45187.772802760766,409559.6616549904,337978.9021540498,44.49983983159473,181.74549617892018,FAIL
CSEG_08,96,36,1017.8760197630929,195432.19579451386,14,1.235774819116252,U09p343881_ETM_S06,1.0,652.5,1.35,1.2,46478.01280276077,409866.7387612134,331667.8187813571,44.49983983159473,181.74549617892018,FAIL
CSEG_08,96,36,1017.8760197630929,195432.19579451386,15,1.26227525943922,U09p343881_ETM_S06,1.0,652.5,1.35,1.2,47768.25280276076,410173.8158674363,324947.9959305078,44.49983983159473,181.74549617892018,FAIL
CSEG_08,96,36,1017.8760197630929,195432.19579451386,16,1.29127030875438,U09p343881_ETM_S06,1.0,652.5,1.35,1.2,49058.49280276077,410480.89297365927,317889.20583919284,44.49983983159473,181.74549617892018,FAIL
CSEG_08,96,40,1256.6370614359173,241274.3157956961,1,1.1220799404144004,U09p343881_ETM_S06,0.7,652.5,1.0,1.0,21047.890965007977,405839.8467530249,361685.3239557445,42.49983983159473,177.74549617892018,FAIL
CSEG_08,96,40,1256.6370614359173,241274.3157956961,2,1.0947287513661184,U09p343881_ETM_S06,0.7,652.5,1.0,1.0,21047.890965007977,405839.8467530249,370721.83063299925,42.49983983159473,177.74549617892018,FAIL
CSEG_08,96,40,1256.6370614359173,241274.3157956961,3,1.0717252501481531,U09p343881_ETM_S06,1.0,652.5,1.0,1.0,21047.890965007977,405839.8467530249,378679.0007018332,42.49983983159473,177.74549617892018,FAIL
CSEG_08,96,40,1256.6370614359173,241274.3157956961,4,1.0529425880110026,U09p343881_ETM_S06,1.0,652.5,1.0,1.0,21047.890965007977,405839.8467530249,385433.9746288087,42.49983983159473,177.74549617892018,FAIL
CSEG_08,96,40,1256.6370614359173,241274.3157956961,5,1.0377337203375232,U09p343881_ETM_S06,1.0,652.5,1.0,1.0,21047.890965007977,405839.8467530249,391082.83637639275,42.49983983159473,177.74549617892018,FAIL
CSEG_08,96,40,1256.6370614359173,241274.3157956961,6,1.0257227121093464,U09p343881_ETM_S06,1.0,652.5,1.0,1.0,21047.890965007977,405839.8467530249,395662.33833161,42.49983983159473,177.74549617892018,FAIL
CSEG_08,96,40,1256.6370614359173,241274.3157956961,7,1.0168259065138203,U09p343881_ETM_S06,1.0,652.5,1.0,1.2,30079.570965007973,407989.3864965856,401238.19021819974,42.49983983159473,177.74549617892018,FAIL
CSEG_08,96,40,1256.6370614359173,241274.3157956961,8,1.0203917187419818,U09p343881_ETM_S06,1.0,652.5,1.35,1.2,38736.57280276077,408024.27612387564,399870.2347632923,42.49983983159473,177.74549617892018,FAIL
CSEG_08,96,40,1256.6370614359173,241274.3157956961,9,1.0289751778053193,U09p343881_ETM_S06,1.0,652.5,1.35,1.2,40026.81280276077,408331.3532300986,396833.0451867852,42.49983983159473,177.74549617892018,FAIL
CSEG_08,96,40,1256.6370614359173,241274.3157956961,10,1.0441411338971789,U09p343881_ETM_S06,1.0,652.5,1.35,1.2,41317.052802760765,408638.43033632153,391363.2142918353,42.49983983159473,177.74549617892018,FAIL
CSEG_08,96,40,1256.6370614359173,241274.3157956961,11,1.0631349672724577,U09p343881_ETM_S06,1.0,652.5,1.35,1.2,42607.29280276077,408945.5074425445,384660.0102823454,42.49983983159473,177.74549617892018,FAIL
CSEG_08,96,40,1256.6370614359173,241274.3157956961,12,1.0827211656442608,U09p343881_ETM_S06,1.0,652.5,1.35,1.2,43897.53280276077,409252.5845487674,377985.20758135023,42.49983983159473,177.74549617892018,FAIL
CSEG_08,96,40,1256.6370614359173,241274.3157956961,13,1.1030754051349645,U09p343881_ETM_S06,1.0,652.5,1.35,1.2,45187.772802760766,409559.6616549904,371288.90713040566,42.49983983159473,177.74549617892018,FAIL
CSEG_08,96,40,1256.6370614359173,241274.3157956961,14,1.1244495085558883,U09p343881_ETM_S06,1.0,652.5,1.35,1.2,46478.01280276077,409866.7387612134,364504.35136709554,42.49983983159473,177.74549617892018,FAIL
CSEG_08,96,40,1256.6370614359173,241274.3157956961,15,1.1470985286296411,U09p343881_ETM_S06,1.0,652.5,1.35,1.2,47768.25280276076,410173.8158674363,357575.05186362885,42.49983983159473,177.74549617892018,FAIL
CSEG_08,96,40,1256.6370614359173,241274.3157956961,16,1.1716927379703215,U09p343881_ETM_S06,1.0,652.5,1.35,1.2,49058.49280276077,410480.89297365927,350331.515824464,42.49983983159473,177.74549617892018,FAIL
CSEG_08,96,50,1963.4954084936207,376991.1184307752,1,0.8304009680848691,U09p343881_ETM_S06,1.0,652.5,1.0,1.0,21047.890965007977,405839.8467530249,488727.5693921723,37.49983983159473,167.74549617892018,PASS
CSEG_08,96,50,1963.4954084936207,376991.1184307752,2,0.8203107965001996,U09p343881_ETM_S06,1.0,652.5,1.0,1.0,21047.890965007977,405839.8467530249,494739.1262976339,37.49983983159473,167.74549617892018,PASS
CSEG_08,96,50,1963.4954084936207,376991.1184307752,3,0.8120235442603061,U09p343881_ETM_S06,1.0,652.5,1.0,1.0,21047.890965007977,405839.8467530249,499788.27537902887,37.49983983159473,167.74549617892018,PASS
CSEG_08,96,50,1963.4954084936207,376991.1184307752,4,0.8052250612948144,U09p343881_ETM_S06,1.0,652.5,1.0,1.0,21047.890965007977,405839.8467530249,504007.9677853396,37.49983983159473,167.74549617892018,PASS
CSEG_08,96,50,1963.4954084936207,376991.1184307752,5,0.8000614476893612,U09p343881_ETM_S06,1.0,652.5,1.0,1.2,27499.090965007978,407375.2322841397,509179.9304424312,37.49983983159473,167.74549617892018,PASS
CSEG_08,96,50,1963.4954084936207,376991.1184307752,6,0.798408057462765,U09p343881_ETM_S06,1.0,652.5,1.35,1.2,36156.092802760766,407410.12191142974,510278.0690942989,37.49983983159473,167.74549617892018,PASS
CSEG_08,96,50,1963.4954084936207,376991.1184307752,7,0.8007257293333082,U09p343881_ETM_S06,1.0,652.5,1.35,1.2,37446.33280276077,407717.19901765266,509184.5860343739,37.49983983159473,167.74549617892018,PASS
CSEG_08,96,50,1963.4954084936207,376991.1184307752,8,0.8052483060680176,U09p343881_ETM_S06,1.0,652.5,1.35,1.2,38736.57280276077,408024.27612387564,506706.15889431094,37.49983983159473,167.74549617892018,PASS
CSEG_08,96,50,1963.4954084936207,376991.1184307752,9,0.8121222659052136,U09p343881_ETM_S06,1.0,652.5,1.35,1.2,40026.81280276077,408331.3532300986,502795.41686369275,37.49983983159473,167.74549617892018,PASS
CSEG_08,96,50,1963.4954084936207,376991.1184307752,10,0.8220921137055427,U09p343881_ETM_S06,1.0,652.5,1.35,1.2,41317.052802760765,408638.43033632153,497071.3421570272,37.49983983159473,167.74549617892018,PASS
CSEG_08,96,50,1963.4954084936207,376991.1184307752,11,0.8354684006986329,U09p343881_ETM_S06,1.0,652.5,1.35,1.2,42607.29280276077,408945.5074425445,489480.5202693211,37.49983983159473,167.74549617892018,PASS
CSEG_08,96,50,1963.4954084936207,376991.1184307752,12,0.8502577950945084,U09p343881_ETM_S06,1.0,652.5,1.35,1.2,43897.53280276077,409252.5845487674,481327.6478144818,37.49983983159473,167.74549617892018,PASS
CSEG_08,96,50,1963.4954084936207,376991.1184307752,13,0.865388498372802,U09p343881_ETM_S06,1.0,652.5,1.35,1.2,45187.772802760766,409559.6616549904,473266.8188046054,37.49983983159473,167.74549617892018,PASS
CSEG_08,96,50,1963.4954084936207,376991.1184307752,14,0.8809931423176034,U09p343881_ETM_S06,1.0,652.5,1.35,1.2,46478.01280276077,409866.7387612134,465232.6097374478,37.49983983159473,167.74549617892018,PASS
CSEG_08,96,50,1963.4954084936207,376991.1184307752,15,0.8970678877448316,U09p343881_ETM_S06,1.0,652.5,1.35,1.2,47768.25280276076,410173.8158674363,457238.32217267936,37.49983983159473,167.74549617892018,PASS
CSEG_08,96,50,1963.4954084936207,376991.1184307752,16,0.9137208085246409,U09p343881_ETM_S06,1.0,652.5,1.35,1.2,49058.49280276077,410480.89297365927,449241.0473134032,37.49983983159473,167.74549617892018,PASS
CSEG_09,96,25,490.8738521234052,94247.7796076938,1,1.9716492119507039,U09p343881_ETM_S06,0.7,652.5,1.0,1.0,20443.938395077595,394172.88612506323,199920.39341271957,49.99990998688372,187.18325209921824,FAIL
CSEG_09,96,25,490.8738521234052,94247.7796076938,2,1.8331198849514105,U09p343881_ETM_S06,0.7,652.5,1.0,1.0,20443.938395077595,394172.88612506323,215028.4274154341,49.99990998688372,187.18325209921824,FAIL
CSEG_09,96,25,490.8738521234052,94247.7796076938,3,1.7299602348501366,U09p343881_ETM_S06,0.7,652.5,1.0,1.0,20443.938395077595,394172.88612506323,227850.83621255014,49.99990998688372,187.18325209921824,FAIL
CSEG_09,96,25,490.8738521234052,94247.7796076938,4,1.649267398365904,U09p343881_ETM_S06,0.7,652.5,1.0,1.0,20443.938395077595,394172.88612506323,238998.77394994296,49.99990998688372,187.18325209921824,FAIL
CSEG_09,96,25,490.8738521234052,94247.7796076938,5,1.5837354542783413,U09p343881_ETM_S06,0.7,652.5,1.0,1.0,20443.938395077595,394172.88612506323,248888.08611326787,49.99990998688372,187.18325209921824,FAIL
CSEG_09,96,25,490.8738521234052,94247.7796076938,6,1.5306738989191875,U09p343881_ETM_S06,0.7,652.5,1.0,1.0,20443.938395077595,394172.88612506323,257515.91269922984,49.99990998688372,187.18325209921824,FAIL
CSEG_09,96,25,490.8738521234052,94247.7796076938,7,1.4879087502640358,U09p343881_ETM_S06,1.0,652.5,1.0,1.0,20443.938395077595,394172.88612506323,264917.37887495826,49.99990998688372,187.18325209921824,FAIL
CSEG_09,96,25,490.8738521234052,94247.7796076938,8,1.4572155635821298,U09p343881_ETM_S06,1.0,652.5,1.0,1.0,20443.938395077595,394172.88612506323,270497.3073140303,49.99990998688372,187.18325209921824,FAIL
CSEG_09,96,25,490.8738521234052,94247.7796076938,9,1.4398567576033652,U09p343881_ETM_S06,1.0,652.5,1.35,1.2,39211.476833354754,396514.06629353215,275384.3840365954,49.99990998688372,187.18325209921824,FAIL
CSEG_09,96,25,490.8738521234052,94247.7796076938,10,1.4573061612799156,U09p343881_ETM_S06,1.0,652.5,1.35,1.2,40501.71683335475,396814.2621257896,272292.9969480659,49.99990998688372,187.18325209921824,FAIL
CSEG_09,96,25,490.8738521234052,94247.7796076938,11,1.477579658414665,U09p343881_ETM_S06,1.0,652.5,1.35,1.2,41791.95683335475,397114.457958047,268760.10081522225,49.99990998688372,187.18325209921824,FAIL
CSEG_09,96,25,490.8738521234052,94247.7796076938,12,1.501421898204221,U09p343881_ETM_S06,1.0,652.5,1.35,1.2,43082.19683335475,397414.65379030444,264692.1922916091,49.99990998688372,187.18325209921824,FAIL
CSEG_09,96,25,490.8738521234052,94247.7796076938,13,1.5310126955568162,U09p343881_ETM_S06,1.0,652.5,1.35,1.2,44372.43683335475,397714.8496225619,259772.40474672642,49.99990998688372,187.18325209921824,FAIL
CSEG_09,96,25,490.8738521234052,94247.7796076938,14,1.5663859517322254,U09p343881_ETM_S06,1.0,652.5,1.35,1.2,45662.67683335475,398015.0454548193,254097.68583193995,49.99990998688372,187.18325209921824,FAIL
CSEG_09,96,25,490.8738521234052,94247.7796076938,15,1.6079848990211967,U09p343881_ETM_S06,1.0,652.5,1.35,1.2,46952.91683335475,398315.24128707673,247710.8096783352,49.99990998688372,187.18325209921824,FAIL
CSEG_09,96,25,490.8738521234052,94247.7796076938,16,1.6571085539715418,U09p343881_ETM_S06,1.0,652.5,1.35,1.2,48243.15683335475,398615.4371193342,240548.77766696975,49.99990998688372,187.18325209921824,FAIL
CSEG_09,96,28,615.7521601035994,118224.41473989109,1,1.7373282284948004,U09p343881_ETM_S06,0.7,652.5,1.0,1.0,20443.938395077595,394172.88612506323,226884.52283226282,48.49990998688372,184.18325209921824,FAIL
CSEG_09,96,28,615.7521601035994,118224.41473989109,2,1.6393592523195673,U09p343881_ETM_S06,0.7,652.5,1.0,1.0,20443.938395077595,394172.88612506323,240443.26194355442,48.49990998688372,184.18325209921824,FAIL
CSEG_09,96,28,615.7521601035994,118224.41473989109,3,1.5640764485831162,U09p343881_ETM_S06,0.7,652.5,1.0,1.0,20443.938395077595,394172.88612506323,252016.38096535573,48.49990998688372,184.18325209921824,FAIL
CSEG_09,96,28,615.7521601035994,118224.41473989109,4,1.5029324195225224,U09p343881_ETM_S06,0.7,652.5,1.0,1.0,20443.938395077595,394172.88612506323,262269.2018649055,48.49990998688372,184.18325209921824,FAIL
CSEG_09,96,28,615.7521601035994,118224.41473989109,5,1.452520270160852,U09p343881_ETM_S06,0.7,652.5,1.0,1.0,20443.938395077595,394172.88612506323,271371.6938913441,48.49990998688372,184.18325209921824,FAIL
CSEG_09,96,28,615.7521601035994,118224.41473989109,6,1.4114602248312675,U09p343881_ETM_S06,0.7,652.5,1.0,1.0,20443.938395077595,394172.88612506323,279266.02478095656,48.49990998688372,184.18325209921824,FAIL
CSEG_09,96,28,615.7521601035994,118224.41473989109,7,1.3804214561533765,U09p343881_ETM_S06,1.0,652.5,1.0,1.0,20443.938395077595,394172.88612506323,285545.31977751816,48.49990998688372,184.18325209921824,FAIL
CSEG_09,96,28,615.7521601035994,118224.41473989109,8,1.3572067894479214,U09p343881_ETM_S06,1.0,652.5,1.0,1.0,20443.938395077595,394172.88612506323,290429.49769312836,48.49990998688372,184.18325209921824,FAIL
CSEG_09,96,28,615.7521601035994,118224.41473989109,9,1.3524676362776755,U09p343881_ETM_S06,1.0,652.5,1.35,1.2,39211.476833354754,396514.06629353215,293178.22893332713,48.49990998688372,184.18325209921824,FAIL
CSEG_09,96,28,615.7521601035994,118224.41473989109,10,1.3710818384706425,U09p343881_ETM_S06,1.0,652.5,1.35,1.2,40501.71683335475,396814.2621257896,289416.9049517945,48.49990998688372,184.18325209921824,FAIL
CSEG_09,96,28,615.7521601035994,118224.41473989109,11,1.3920758968116584,U09p343881_ETM_S06,1.0,652.5,1.35,1.2,41791.95683335475,397114.457958047,285267.82114939153,48.49990998688372,184.18325209921824,FAIL
CSEG_09,96,28,615.7521601035994,118224.41473989109,12,1.4153888621542023,U09p343881_ETM_S06,1.0,652.5,1.35,1.2,43082.19683335475,397414.65379030444,280781.2498859464,48.49990998688372,184.18325209921824,FAIL
CSEG_09,96,28,615.7521601035994,118224.41473989109,13,1.4424600440780568,U09p343881_ETM_S06,1.0,652.5,1.35,1.2,44372.43683335475,397714.8496225619,275719.83796387224,48.49990998688372,184.18325209921824,FAIL
CSEG_09,96,28,615.7521601035994,118224.41473989109,14,1.4743427752383782,U09p343881_ETM_S06,1.0,652.5,1.35,1.2,45662.67683335475,398015.0454548193,269960.9969536877,48.49990998688372,184.18325209921824,FAIL
CSEG_09,96,28,615.7521601035994,118224.41473989109,15,1.5107314670548269,U09p343881_ETM_S06,1.0,652.5,1.35,1.2,46952.91683335475,398315.24128707673,263657.2084273804,48.49990998688372,184.18325209921824,FAIL
CSEG_09,96,28,615.7521601035994,118224.41473989109,16,1.55297650764259,U09p343881_ETM_S06,1.0,652.5,1.35,1.2,48243.15683335475,398615.4371193342,256678.3432702599,48.49990998688372,184.18325209921824,FAIL
CSEG_09,96,32,804.247719318987,154415.5621092455,1,1.4839757620668226,U09p343881_ETM_S06,0.7,652.5,1.0,1.0,20443.938395077595,394172.88612506323,265619.4906957745,46.49990998688372,180.18325209921824,FAIL
CSEG_09,96,32,804.247719318987,154415.5621092455,2,1.4224148966244878,U09p343881_ETM_S06,0.7,652.5,1.0,1.0,20443.938395077595,394172.88612506323,277115.26859038754,46.49990998688372,180.18325209921824,FAIL
CSEG_09,96,32,804.247719318987,154415.5621092455,3,1.3717726732496287,U09p343881_ETM_S06,0.7,652.5,1.0,1.0,20443.938395077595,394172.88612506323,287345.63226959214,46.49990998688372,180.18325209921824,FAIL
CSEG_09,96,32,804.247719318987,154415.5621092455,4,1.3294963611766577,U09p343881_ETM_S06,0.7,652.5,1.0,1.0,20443.938395077595,394172.88612506323,296482.86195849715,46.49990998688372,180.18325209921824,FAIL
CSEG_09,96,32,804.247719318987,154415.5621092455,5,1.294504860206078,U09p343881_ETM_S06,1.0,652.5,1.0,1.0,20443.938395077595,394172.88612506323,304497.0306734214,46.49990998688372,180.18325209921824,FAIL
CSEG_09,96,32,804.247719318987,154415.5621092455,6,1.2676294341157572,U09p343881_ETM_S06,1.0,652.5,1.0,1.0,20443.938395077595,394172.88612506323,310952.7717775195,46.49990998688372,180.18325209921824,FAIL
CSEG_09,96,32,804.247719318987,154415.5621092455,7,1.2466130440151968,U09p343881_ETM_S06,1.0,652.5,1.0,1.0,20443.938395077595,394172.88612506323,316195.0599004466,46.49990998688372,180.18325209921824,FAIL
CSEG_09,96,32,804.247719318987,154415.5621092455,8,1.2310731384989106,U09p343881_ETM_S06,1.0,652.5,1.0,1.0,20443.938395077595,394172.88612506323,320186.40793811134,46.49990998688372,180.18325209921824,FAIL
CSEG_09,96,32,804.247719318987,154415.5621092455,9,1.2379819589963064,U09p343881_ETM_S06,1.0,652.5,1.35,1.2,39211.476833354754,396514.06629353215,320290.66612166615,46.49990998688372,180.18325209921824,FAIL
CSEG_09,96,32,804.247719318987,154415.5621092455,10,1.2566481427488694,U09p343881_ETM_S06,1.0,652.5,1.35,1.2,40501.71683335475,396814.2621257896,315771.9719839586,46.49990998688372,180.18325209921824,FAIL
CSEG_09,96,32,804.247719318987,154415.5621092455,11,1.2777271543145237,U09p343881_ETM_S06,1.0,652.5,1.35,1.2,41791.95683335475,397114.457958047,310797.54125683533,46.49990998688372,180.18325209921824,FAIL
CSEG_09,96,32,804.247719318987,154415.5621092455,12,1.3002007018537556,U09p343881_ETM_S06,1.0,652.5,1.35,1.2,43082.19683335475,397414.65379030444,305656.39075851307,46.49990998688372,180.18325209921824,FAIL
CSEG_09,96,32,804.247719318987,154415.5621092455,13,1.3245796819634181,U09p343881_ETM_S06,1.0,652.5,1.35,1.2,44372.43683335475,397714.8496225619,300257.39865874365,46.49990998688372,180.18325209921824,FAIL
CSEG_09,96,32,804.247719318987,154415.5621092455,14,1.3522830264876409,U09p343881_ETM_S06,1.0,652.5,1.35,1.2,45662.67683335475,398015.0454548193,294328.212111488,46.49990998688372,180.18325209921824,FAIL
CSEG_09,96,32,804.247719318987,154415.5621092455,15,1.383439133172058,U09p343881_ETM_S06,1.0,652.5,1.35,1.2,46952.91683335475,398315.24128707673,287916.70824995986,46.49990998688372,180.18325209921824,FAIL
CSEG_09,96,32,804.247719318987,154415.5621092455,16,1.4181271301907798,U09p343881_ETM_S06,1.0,652.5,1.35,1.2,48243.15683335475,398615.4371193342,281085.82695664855,46.49990998688372,180.18325209921824,FAIL
CSEG_09,96,36,1017.8760197630929,195432.19579451386,1,1.2839511051043195,U09p343881_ETM_S06,0.7,652.5,1.0,1.0,20443.938395077595,394172.88612506323,306999.91966830945,44.49990998688372,176.18325209921824,FAIL
CSEG_09,96,36,1017.8760197630929,195432.19579451386,2,1.2431941155820576,U09p343881_ETM_S06,0.7,652.5,1.0,1.0,20443.938395077595,394172.88612506323,317064.63309674966,44.49990998688372,176.18325209921824,FAIL
CSEG_09,96,36,1017.8760197630929,195432.19579451386,3,1.208692941823755,U09p343881_ETM_S06,0.7,652.5,1.0,1.0,20443.938395077595,394172.88612506323,326114.98957734404,44.49990998688372,176.18325209921824,FAIL
CSEG_09,96,36,1017.8760197630929,195432.19579451386,4,1.1801226419039645,U09p343881_ETM_S06,1.0,652.5,1.0,1.0,20443.938395077595,394172.88612506323,334010.1038050756,44.49990998688372,176.18325209921824,FAIL
CSEG_09,96,36,1017.8760197630929,195432.19579451386,5,1.1571610358735687,U09p343881_ETM_S06,1.0,652.5,1.0,1.0,20443.938395077595,394172.88612506323,340637.883496909,44.49990998688372,176.18325209921824,FAIL
CSEG_09,96,36,1017.8760197630929,195432.19579451386,6,1.1390375851760581,U09p343881_ETM_S06,1.0,652.5,1.0,1.0,20443.938395077595,394172.88612506323,346057.8397543721,44.49990998688372,176.18325209921824,FAIL
CSEG_09,96,36,1017.8760197630929,195432.19579451386,7,1.1249776914236338,U09p343881_ETM_S06,1.0,652.5,1.0,1.0,20443.938395077595,394172.88612506323,350382.84681560786,44.49990998688372,176.18325209921824,FAIL
CSEG_09,96,36,1017.8760197630929,195432.19579451386,8,1.12027394813988,U09p343881_ETM_S06,1.0,652.5,1.35,1.2,37921.23683335475,396213.8704612747,353675.87644000317,44.49990998688372,176.18325209921824,FAIL
CSEG_09,96,36,1017.8760197630929,195432.19579451386,9,1.1290083417058088,U09p343881_ETM_S06,1.0,652.5,1.35,1.2,39211.476833354754,396514.06629353215,351205.6126126071,44.49990998688372,176.18325209921824,FAIL
CSEG_09,96,36,1017.8760197630929,195432.19579451386,10,1.1462556904341477,U09p343881_ETM_S06,1.0,652.5,1.35,1.2,40501.71683335475,396814.2621257896,346183.0248149041,44.49990998688372,176.18325209921824,FAIL
CSEG_09,96,36,1017.8760197630929,195432.19579451386,11,1.166569919166223,U09p343881_ETM_S06,1.0,652.5,1.35,1.2,41791.95683335475,397114.457958047,340412.0502625978,44.49990998688372,176.18325209921824,FAIL
CSEG_09,96,36,1017.8760197630929,195432.19579451386,12,1.1877579815696173,U09p343881_ETM_S06,1.0,652.5,1.35,1.2,43082.19683335475,397414.65379030444,334592.2822300235,44.49990998688372,176.18325209921824,FAIL
CSEG_09,96,36,1017.8760197630929,195432.19579451386,13,1.2101260937299163,U09p343881_ETM_S06,1.0,652.5,1.35,1.2,44372.43683335475,397714.8496225619,328655.7092548129,44.49990998688372,176.18325209921824,FAIL
CSEG_09,96,36,1017.8760197630929,195432.19579451386,14,1.2341189142280964,U09p343881_ETM_S06,1.0,652.5,1.35,1.2,45662.67683335475,398015.0454548193,322509.47689572163,44.49990998688372,176.18325209921824,FAIL
CSEG_09,96,36,1017.8760197630929,195432.19579451386,15,1.2607711820791363,U09p343881_ETM_S06,1.0,652.5,1.35,1.2,46952.91683335475,398315.24128707673,315929.8427413415,44.49990998688372,176.18325209921824,FAIL
CSEG_09,96,36,1017.8760197630929,195432.19579451386,16,1.2900636767314655,U09p343881_ETM_S06,1.0,652.5,1.35,1.2,48243.15683335475,398615.4371193342,308988.96256754955,44.49990998688372,176.18325209921824,FAIL
CSEG_09,96,40,1256.6370614359173,241274.3157956961,1,1.1217822004618523,U09p343881_ETM_S06,0.7,652.5,1.0,1.0,20443.938395077595,394172.88612506323,351380.9418287945,42.49990998688372,172.18325209921824,FAIL
CSEG_09,96,40,1256.6370614359173,241274.3157956961,2,1.094182531965152,U09p343881_ETM_S06,0.7,652.5,1.0,1.0,20443.938395077595,394172.88612506323,360244.1773742528,42.49990998688372,172.18325209921824,FAIL
CSEG_09,96,40,1256.6370614359173,241274.3157956961,3,1.071170934718592,U09p343881_ETM_S06,1.0,652.5,1.0,1.0,20443.938395077595,394172.88612506323,367983.17929399066,42.49990998688372,172.18325209921824,FAIL
CSEG_09,96,40,1256.6370614359173,241274.3157956961,4,1.0522336605060887,U09p343881_ETM_S06,1.0,652.5,1.0,1.0,20443.938395077595,394172.88612506323,374605.85126641876,42.49990998688372,172.18325209921824,FAIL
CSEG_09,96,40,1256.6370614359173,241274.3157956961,5,1.0369212150745455,U09p343881_ETM_S06,1.0,652.5,1.0,1.0,20443.938395077595,394172.88612506323,380137.7389088579,42.49990998688372,172.18325209921824,FAIL
CSEG_09,96,40,1256.6370614359173,241274.3157956961,6,1.0248055055224485,U09p343881_ETM_S06,1.0,652.5,1.0,1.0,20443.938395077595,394172.88612506323,384631.8974683034,42.49990998688372,172.18325209921824,FAIL
CSEG_09,96,40,1256.6370614359173,241274.3157956961,7,1.0158484435592512,U09p343881_ETM_S06,1.0,652.5,1.0,1.2,29475.618395077596,396274.25695086527,390091.90737392893,42.49990998688372,172.18325209921824,FAIL
CSEG_09,96,40,1256.6370614359173,241274.3157956961,8,1.0189941000397063,U09p343881_ETM_S06,1.0,652.5,1.35,1.2,37921.23683335475,396213.8704612747,388828.4244686361,42.49990998688372,172.18325209921824,FAIL
CSEG_09,96,40,1256.6370614359173,241274.3157956961,9,1.0274539159223233,U09p343881_ETM_S06,1.0,652.5,1.35,1.2,39211.476833354754,396514.06629353215,385919.07641676563,42.49990998688372,172.18325209921824,FAIL
CSEG_09,96,40,1256.6370614359173,241274.3157956961,10,1.0424905688143504,U09p343881_ETM_S06,1.0,652.5,1.35,1.2,40501.71683335475,396814.2621257896,380640.6254371165,42.49990998688372,172.18325209921824,FAIL
CSEG_09,96,40,1256.6370614359173,241274.3157956961,11,1.0614185630836621,U09p343881_ETM_S06,1.0,652.5,1.35,1.2,41791.95683335475,397114.457958047,374135.5877594031,42.49990998688372,172.18325209921824,FAIL
CSEG_09,96,40,1256.6370614359173,241274.3157956961,12,1.080927754091667,U09p343881_ETM_S06,1.0,652.5,1.35,1.2,43082.19683335475,397414.65379030444,367660.6991410474,42.49990998688372,172.18325209921824,FAIL
CSEG_09,96,40,1256.6370614359173,241274.3157956961,13,1.1012138164359884,U09p343881_ETM_S06,1.0,652.5,1.35,1.2,44372.43683335475,397714.8496225619,361160.4246936729,42.49990998688372,172.18325209921824,FAIL
CSEG_09,96,40,1256.6370614359173,241274.3157956961,14,1.1225200261633839,U09p343881_ETM_S06,1.0,652.5,1.35,1.2,45662.67683335475,398015.0454548193,354572.7792627263,42.49990998688372,172.18325209921824,FAIL
CSEG_09,96,40,1256.6370614359173,241274.3157956961,15,1.1452360955060565,U09p343881_ETM_S06,1.0,652.5,1.35,1.2,46952.91683335475,398315.24128707673,347801.8574947809,42.49990998688372,172.18325209921824,FAIL
CSEG_09,96,40,1256.6370614359173,241274.3157956961,16,1.1699415120238992,U09p343881_ETM_S06,1.0,652.5,1.35,1.2,48243.15683335475,398615.4371193342,340713.9870007377,42.49990998688372,172.18325209921824,FAIL
CSEG_09,96,50,1963.4954084936207,376991.1184307752,1,0.8292818560407512,U09p343881_ETM_S06,1.0,652.5,1.0,1.0,20443.938395077595,394172.88612506323,475318.35316760314,37.49990998688372,162.18325209921824,PASS
CSEG_09,96,50,1963.4954084936207,376991.1184307752,2,0.8191281691178955,U09p343881_ETM_S06,1.0,652.5,1.0,1.0,20443.938395077595,394172.88612506323,481210.26841201296,37.49990998688372,162.18325209921824,PASS
CSEG_09,96,50,1963.4954084936207,376991.1184307752,3,0.810802806220928,U09p343881_ETM_S06,1.0,652.5,1.0,1.0,20443.938395077595,394172.88612506323,486151.35899968597,37.49990998688372,162.18325209921824,PASS
CSEG_09,96,50,1963.4954084936207,376991.1184307752,4,0.8039656034323904,U09p343881_ETM_S06,1.0,652.5,1.0,1.0,20443.938395077595,394172.88612506323,490285.75904517696,37.49990998688372,162.18325209921824,PASS
CSEG_09,96,50,1963.4954084936207,376991.1184307752,5,0.7987820936868438,U09p343881_ETM_S06,1.0,652.5,1.0,1.2,26895.138395077593,395673.86528635037,495346.4385513268,37.49990998688372,162.18325209921824,PASS
CSEG_09,96,50,1963.4954084936207,376991.1184307752,6,0.7968754810657521,U09p343881_ETM_S06,1.0,652.5,1.35,1.2,35340.75683335475,395613.47879675985,496455.83054916054,37.49990998688372,162.18325209921824,PASS
CSEG_09,96,50,1963.4954084936207,376991.1184307752,7,0.7991135221060796,U09p343881_ETM_S06,1.0,652.5,1.35,1.2,36630.99683335475,395913.67462901725,495441.0902540842,37.49990998688372,162.18325209921824,PASS
CSEG_09,96,50,1963.4954084936207,376991.1184307752,8,0.8035810838568942,U09p343881_ETM_S06,1.0,652.5,1.35,1.2,37921.23683335475,396213.8704612747,493060.22555881186,37.49990998688372,162.18325209921824,PASS
CSEG_09,96,50,1963.4954084936207,376991.1184307752,9,0.8103689754542867,U09p343881_ETM_S06,1.0,652.5,1.35,1.2,39211.476833354754,396514.06629353215,489300.64983207115,37.49990998688372,162.18325209921824,PASS
CSEG_09,96,50,1963.4954084936207,376991.1184307752,10,0.8202912187949274,U09p343881_ETM_S06,1.0,652.5,1.35,1.2,40501.71683335475,396814.2621257896,483748.0312281547,37.49990998688372,162.18325209921824,PASS
CSEG_09,96,50,1963.4954084936207,376991.1184307752,11,0.8335596420163449,U09p343881_ETM_S06,1.0,652.5,1.35,1.2,41791.95683335475,397114.457958047,476407.9712370002,37.49990998688372,162.18325209921824,PASS
CSEG_09,96,50,1963.4954084936207,376991.1184307752,12,0.8482984130695447,U09p343881_ETM_S06,1.0,652.5,1.35,1.2,43082.19683335475,397414.65379030444,468484.49515810166,37.49990998688372,162.18325209921824,PASS
CSEG_09,96,50,1963.4954084936207,376991.1184307752,13,0.863357176090701,U09p343881_ETM_S06,1.0,652.5,1.35,1.2,44372.43683335475,397714.8496225619,460660.84887766023,37.49990998688372,162.18325209921824,PASS
CSEG_09,96,50,1963.4954084936207,376991.1184307752,14,0.8789056584801396,U09p343881_ETM_S06,1.0,652.5,1.35,1.2,45662.67683335475,398015.0454548193,452852.97871798044,37.49990998688372,162.18325209921824,PASS
CSEG_09,96,50,1963.4954084936207,376991.1184307752,15,0.8949175455216359,U09p343881_ETM_S06,1.0,652.5,1.35,1.2,46952.91683335475,398315.24128707673,445085.96717131505,37.49990998688372,162.18325209921824,PASS
CSEG_09,96,50,1963.4954084936207,376991.1184307752,16,0.9115071401181291,U09p343881_ETM_S06,1.0,652.5,1.35,1.2,48243.15683335475,398615.4371193342,437314.66225012194,37.49990998688372,162.18325209921824,PASS
CSEG_10,96,25,490.8738521234052,94247.7796076938,1,1.9778879431999339,U09p343881_ETM_S06,0.7,652.5500000000001,1.0,1.0,19829.615701612704,382413.6317024018,193344.4374425542,49.999885723795614,181.53921031246188,FAIL
CSEG_10,96,25,490.8738521234052,94247.7796076938,2,1.8371562518492912,U09p343881_ETM_S06,0.7,652.5500000000001,1.0,1.0,19829.615701612704,382413.6317024018,208155.20254059075,49.999885723795614,181.53921031246188,FAIL
CSEG_10,96,25,490.8738521234052,94247.7796076938,3,1.7320385501485214,U09p343881_ETM_S06,0.7,652.5,1.0,1.0,19843.82440309657,382466.7746247889,220818.85798211163,49.999885723795614,181.53921031246188,FAIL
CSEG_10,96,25,490.8738521234052,94247.7796076938,4,1.6500620730348339,U09p343881_ETM_S06,0.7,652.5,1.0,1.0,19843.82440309657,382466.7746247889,231789.3253078333,49.999885723795614,181.53921031246188,FAIL
CSEG_10,96,25,490.8738521234052,94247.7796076938,5,1.583415024604984,U09p343881_ETM_S06,0.7,652.5,1.0,1.0,19843.82440309657,382466.7746247889,241545.50050464703,49.999885723795614,181.53921031246188,FAIL
CSEG_10,96,25,490.8738521234052,94247.7796076938,6,1.5294408062281601,U09p343881_ETM_S06,0.7,652.5,1.0,1.0,19843.82440309657,382466.7746247889,250069.68106729913,49.999885723795614,181.53921031246188,FAIL
CSEG_10,96,25,490.8738521234052,94247.7796076938,7,1.4866282873343826,U09p343881_ETM_S06,1.0,652.5,1.0,1.0,19843.82440309657,382466.7746247889,257271.28824554774,49.999885723795614,181.53921031246188,FAIL
CSEG_10,96,25,490.8738521234052,94247.7796076938,8,1.4553148979766841,U09p343881_ETM_S06,1.0,652.5,1.0,1.0,19843.82440309657,382466.7746247889,262806.8847206404,49.999885723795614,181.53921031246188,FAIL
CSEG_10,96,25,490.8738521234052,94247.7796076938,9,1.43566973021221,U09p343881_ETM_S06,1.0,652.5,1.35,1.2,38401.32294418037,384660.19523232244,267930.83892314485,49.999885723795614,181.53921031246188,FAIL
CSEG_10,96,25,490.8738521234052,94247.7796076938,10,1.4525801068586341,U09p343881_ETM_S06,1.0,652.5,1.35,1.2,39691.56294418037,384953.5097824929,265013.61815769156,49.999885723795614,181.53921031246188,FAIL
CSEG_10,96,25,490.8738521234052,94247.7796076938,11,1.4724163041032077,U09p343881_ETM_S06,1.0,652.5,1.35,1.2,40981.80294418037,385246.8243326633,261642.59609126128,49.999885723795614,181.53921031246188,FAIL
CSEG_10,96,25,490.8738521234052,94247.7796076938,12,1.4959999794601124,U09p343881_ETM_S06,1.0,652.5,1.35,1.2,42272.042944180364,385540.1388828337,257714.00011781437,49.999885723795614,181.53921031246188,FAIL
CSEG_10,96,25,490.8738521234052,94247.7796076938,13,1.5253309261252355,U09p343881_ETM_S06,1.0,652.5,1.35,1.2,43562.28294418037,385833.45343300415,252950.65275646668,49.999885723795614,181.53921031246188,FAIL
CSEG_10,96,25,490.8738521234052,94247.7796076938,14,1.560486252206337,U09p343881_ETM_S06,1.0,652.5,1.35,1.2,44852.52294418037,386126.76798317453,247440.03187291042,49.999885723795614,181.53921031246188,FAIL
CSEG_10,96,25,490.8738521234052,94247.7796076938,15,1.602090139460361,U09p343881_ETM_S06,1.0,652.5,1.35,1.2,46142.762944180366,386420.082533345,241197.46636946689,49.999885723795614,181.53921031246188,FAIL
CSEG_10,96,25,490.8738521234052,94247.7796076938,16,1.6509873000872184,U09p343881_ETM_S06,1.0,652.5,1.35,1.2,47433.00294418036,386713.3970835154,234231.6001238084,49.999885723795614,181.53921031246188,FAIL
CSEG_10,96,28,615.7521601035994,118224.41473989109,1,1.7406692642587906,U09p343881_ETM_S06,0.7,652.5500000000001,1.0,1.0,19829.615701612704,382413.6317024018,219693.4475460165,48.499885723795614,178.53921031246188,FAIL
CSEG_10,96,28,615.7521601035994,118224.41473989109,2,1.6410621776946617,U09p343881_ETM_S06,0.7,652.5,1.0,1.0,19843.82440309657,382466.7746247889,233060.50180382087,48.499885723795614,178.53921031246188,FAIL
CSEG_10,96,28,615.7521601035994,118224.41473989109,3,1.5647025942629667,U09p343881_ETM_S06,0.7,652.5,1.0,1.0,19843.82440309657,382466.7746247889,244434.16661231077,48.499885723795614,178.53921031246188,FAIL
CSEG_10,96,28,615.7521601035994,118224.41473989109,4,1.5026375379536905,U09p343881_ETM_S06,0.7,652.5,1.0,1.0,19843.82440309657,382466.7746247889,254530.29420896582,48.499885723795614,178.53921031246188,FAIL
CSEG_10,96,28,615.7521601035994,118224.41473989109,5,1.4514142687914982,U09p343881_ETM_S06,0.7,652.5,1.0,1.0,19843.82440309657,382466.7746247889,263513.1697742265,48.499885723795614,178.53921031246188,FAIL
CSEG_10,96,28,615.7521601035994,118224.41473989109,6,1.409880423911118,U09p343881_ETM_S06,1.0,652.5,1.0,1.0,19843.82440309657,382466.7746247889,271276.0374130143,48.499885723795614,178.53921031246188,FAIL
CSEG_10,96,28,615.7521601035994,118224.41473989109,7,1.3787082926160545,U09p343881_ETM_S06,1.0,652.5,1.0,1.0,19843.82440309657,382466.7746247889,277409.49747902836,48.499885723795614,178.53921031246188,FAIL
CSEG_10,96,28,615.7521601035994,118224.41473989109,8,1.3549970517869545,U09p343881_ETM_S06,1.0,652.5,1.0,1.0,19843.82440309657,382466.7746247889,282263.9164567894,48.499885723795614,178.53921031246188,FAIL
CSEG_10,96,28,615.7521601035994,118224.41473989109,9,1.3482923312297437,U09p343881_ETM_S06,1.0,652.5,1.35,1.2,38401.32294418037,384660.19523232244,285294.3581467111,48.499885723795614,178.53921031246188,FAIL
CSEG_10,96,28,615.7521601035994,118224.41473989109,10,1.366364781944728,U09p343881_ETM_S06,1.0,652.5,1.35,1.2,39691.56294418037,384953.5097824929,281735.5327576534,48.499885723795614,178.53921031246188,FAIL
CSEG_10,96,28,615.7521601035994,118224.41473989109,11,1.387009967377398,U09p343881_ETM_S06,1.0,652.5,1.35,1.2,40981.80294418037,385246.8243326633,277753.4649308254,48.499885723795614,178.53921031246188,FAIL
CSEG_10,96,28,615.7521601035994,118224.41473989109,12,1.4099806887092128,U09p343881_ETM_S06,1.0,652.5,1.35,1.2,42272.042944180364,385540.1388828337,273436.46758437663,48.499885723795614,178.53921031246188,FAIL
CSEG_10,96,28,615.7521601035994,118224.41473989109,13,1.4367680228379112,U09p343881_ETM_S06,1.0,652.5,1.35,1.2,43562.28294418037,385833.45343300415,268542.6229565606,48.499885723795614,178.53921031246188,FAIL
CSEG_10,96,28,615.7521601035994,118224.41473989109,14,1.4686258201363906,U09p343881_ETM_S06,1.0,652.5,1.35,1.2,44852.52294418037,386126.76798317453,262917.0498631947,48.499885723795614,178.53921031246188,FAIL
CSEG_10,96,28,615.7521601035994,118224.41473989109,15,1.5050187933974428,U09p343881_ETM_S06,1.0,652.5,1.35,1.2,46142.762944180366,386420.082533345,256754.3237523545,48.499885723795614,178.53921031246188,FAIL
CSEG_10,96,28,615.7521601035994,118224.41473989109,16,1.547072312665534,U09p343881_ETM_S06,1.0,652.5,1.35,1.2,47433.00294418036,386713.3970835154,249964.6551215348,48.499885723795614,178.53921031246188,FAIL
CSEG_10,96,32,804.247719318987,154415.5621092455,1,1.484738816284855,U09p343881_ETM_S06,0.7,652.5,1.0,1.0,19843.82440309657,382466.7746247889,257598.6903755944,46.499885723795614,174.53921031246188,FAIL
CSEG_10,96,32,804.247719318987,154415.5621092455,2,1.4224718412797837,U09p343881_ETM_S06,0.7,652.5,1.0,1.0,19843.82440309657,382466.7746247889,268874.75978483155,46.499885723795614,174.53921031246188,FAIL
CSEG_10,96,32,804.247719318987,154415.5621092455,3,1.371099344826726,U09p343881_ETM_S06,0.7,652.5,1.0,1.0,19843.82440309657,382466.7746247889,278948.9879547156,46.499885723795614,174.53921031246188,FAIL
CSEG_10,96,32,804.247719318987,154415.5621092455,4,1.3282442930356515,U09p343881_ETM_S06,0.7,652.5,1.0,1.0,19843.82440309657,382466.7746247889,287949.1194731021,46.499885723795614,174.53921031246188,FAIL
CSEG_10,96,32,804.247719318987,154415.5621092455,5,1.293163575526537,U09p343881_ETM_S06,1.0,652.5,1.0,1.0,19843.82440309657,382466.7746247889,295760.55331519834,46.499885723795614,174.53921031246188,FAIL
CSEG_10,96,32,804.247719318987,154415.5621092455,6,1.265884201597404,U09p343881_ETM_S06,1.0,652.5,1.0,1.0,19843.82440309657,382466.7746247889,302134.0926303991,46.499885723795614,174.53921031246188,FAIL
CSEG_10,96,32,804.247719318987,154415.5621092455,7,1.2445066995039828,U09p343881_ETM_S06,1.0,652.5,1.0,1.0,19843.82440309657,382466.7746247889,307323.99815704237,46.499885723795614,174.53921031246188,FAIL
CSEG_10,96,32,804.247719318987,154415.5621092455,8,1.228589467935477,U09p343881_ETM_S06,1.0,652.5,1.0,1.0,19843.82440309657,382466.7746247889,311305.59442894004,46.499885723795614,174.53921031246188,FAIL
CSEG_10,96,32,804.247719318987,154415.5621092455,9,1.2338998554947591,U09p343881_ETM_S06,1.0,652.5,1.35,1.2,38401.32294418037,384660.19523232244,311743.4478327939,46.499885723795614,174.53921031246188,FAIL
CSEG_10,96,32,804.247719318987,154415.5621092455,10,1.2520289937179019,U09p343881_ETM_S06,1.0,652.5,1.35,1.2,39691.56294418037,384953.5097824929,307463.73423779337,46.499885723795614,174.53921031246188,FAIL
CSEG_10,96,32,804.247719318987,154415.5621092455,11,1.2728218068064516,U09p343881_ETM_S06,1.0,652.5,1.35,1.2,40981.80294418037,385246.8243326633,302671.4519444471,46.499885723795614,174.53921031246188,FAIL
CSEG_10,96,32,804.247719318987,154415.5621092455,12,1.2949919044745328,U09p343881_ETM_S06,1.0,652.5,1.35,1.2,42272.042944180364,385540.1388828337,297716.2540944793,46.499885723795614,174.53921031246188,FAIL
CSEG_10,96,32,804.247719318987,154415.5621092455,13,1.319278243347194,U09p343881_ETM_S06,1.0,652.5,1.35,1.2,43562.28294418037,385833.45343300415,292457.9825208749,46.499885723795614,174.53921031246188,FAIL
CSEG_10,96,32,804.247719318987,154415.5621092455,14,1.3467422946945304,U09p343881_ETM_S06,1.0,652.5,1.35,1.2,44852.52294418037,386126.76798317453,286711.69644282706,46.499885723795614,174.53921031246188,FAIL
CSEG_10,96,32,804.247719318987,154415.5621092455,15,1.3778160013523646,U09p343881_ETM_S06,1.0,652.5,1.35,1.2,46142.762944180366,386420.082533345,280458.40820114076,46.499885723795614,174.53921031246188,FAIL
CSEG_10,96,32,804.247719318987,154415.5621092455,16,1.412520480354348,U09p343881_ETM_S06,1.0,652.5,1.35,1.2,47433.00294418036,386713.3970835154,273775.42659523326,46.499885723795614,174.53921031246188,FAIL
CSEG_10,96,36,1017.8760197630929,195432.19579451386,1,1.283427427251555,U09p343881_ETM_S06,0.7,652.5,1.0,1.0,19843.82440309657,382466.7746247889,298004.20849960885,44.499885723795614,170.53921031246188,FAIL
CSEG_10,96,36,1017.8760197630929,195432.19579451386,2,1.242188469525662,U09p343881_ETM_S06,0.7,652.5,1.0,1.0,19843.82440309657,382466.7746247889,307897.5405164052,44.499885723795614,170.53921031246188,FAIL
CSEG_10,96,36,1017.8760197630929,195432.19579451386,3,1.207274065543265,U09p343881_ETM_S06,0.7,652.5,1.0,1.0,19843.82440309657,382466.7746247889,316801.9470812383,44.499885723795614,170.53921031246188,FAIL
CSEG_10,96,36,1017.8760197630929,195432.19579451386,4,1.178618891785673,U09p343881_ETM_S06,1.0,652.5,1.0,1.0,19843.82440309657,382466.7746247889,324504.19494407607,44.499885723795614,170.53921031246188,FAIL
CSEG_10,96,36,1017.8760197630929,195432.19579451386,5,1.1553449996131169,U09p343881_ETM_S06,1.0,652.5,1.0,1.0,19843.82440309657,382466.7746247889,331041.18229001993,44.499885723795614,170.53921031246188,FAIL
CSEG_10,96,36,1017.8760197630929,195432.19579451386,6,1.1369589554864066,U09p343881_ETM_S06,1.0,652.5,1.0,1.0,19843.82440309657,382466.7746247889,336394.5310243538,44.499885723795614,170.53921031246188,FAIL
CSEG_10,96,36,1017.8760197630929,195432.19579451386,7,1.1226214191359145,U09p343881_ETM_S06,1.0,652.5,1.0,1.0,19843.82440309657,382466.7746247889,340690.786854196,44.499885723795614,170.53921031246188,FAIL
CSEG_10,96,36,1017.8760197630929,195432.19579451386,8,1.1168490174434844,U09p343881_ETM_S06,1.0,652.5,1.35,1.2,37111.082944180365,384366.88068215206,344152.9469775462,44.499885723795614,170.53921031246188,FAIL
CSEG_10,96,36,1017.8760197630929,195432.19579451386,9,1.1250743746191318,U09p343881_ETM_S06,1.0,652.5,1.35,1.2,38401.32294418037,384660.19523232244,341897.5704273243,44.499885723795614,170.53921031246188,FAIL
CSEG_10,96,36,1017.8760197630929,195432.19579451386,10,1.141815824388033,U09p343881_ETM_S06,1.0,652.5,1.35,1.2,39691.56294418037,384953.5097824929,337141.5087795024,44.499885723795614,170.53921031246188,FAIL
CSEG_10,96,36,1017.8760197630929,195432.19579451386,11,1.1619326935445375,U09p343881_ETM_S06,1.0,652.5,1.35,1.2,40981.80294418037,385246.8243326633,331556.91932331066,44.499885723795614,170.53921031246188,FAIL
CSEG_10,96,36,1017.8760197630929,195432.19579451386,12,1.182865458779317,U09p343881_ETM_S06,1.0,652.5,1.35,1.2,42272.042944180364,385540.1388828337,325937.4394791272,44.499885723795614,170.53921031246188,FAIL
CSEG_10,96,36,1017.8760197630929,195432.19579451386,13,1.2049758611367611,U09p343881_ETM_S06,1.0,652.5,1.35,1.2,43562.28294418037,385833.45343300415,320200.15161881584,44.499885723795614,170.53921031246188,FAIL
CSEG_10,96,36,1017.8760197630929,195432.19579451386,14,1.228921630045599,U09p343881_ETM_S06,1.0,652.5,1.35,1.2,44852.52294418037,386126.76798317453,314199.6678574592,44.499885723795614,170.53921031246188,FAIL
CSEG_10,96,36,1017.8760197630929,195432.19579451386,15,1.2554629962640118,U09p343881_ETM_S06,1.0,652.5,1.35,1.2,46142.762944180366,386420.082533345,307790.89760769386,44.499885723795614,170.53921031246188,FAIL
CSEG_10,96,36,1017.8760197630929,195432.19579451386,16,1.2846043122456785,U09p343881_ETM_S06,1.0,652.5,1.35,1.2,47433.00294418036,386713.3970835154,301036.97566411184,44.499885723795614,170.53921031246188,FAIL
CSEG_10,96,40,1256.6370614359173,241274.3157956961,1,1.1205231275839973,U09p343881_ETM_S06,0.7,652.5,1.0,1.0,19843.82440309657,382466.7746247889,341328.76440439036,42.499885723795614,166.53921031246188,FAIL
CSEG_10,96,40,1256.6370614359173,241274.3157956961,2,1.0926331752949736,U09p343881_ETM_S06,0.7,652.5,1.0,1.0,19843.82440309657,382466.7746247889,350041.33434035257,42.499885723795614,166.53921031246188,FAIL
CSEG_10,96,40,1256.6370614359173,241274.3157956961,3,1.069508068843891,U09p343881_ETM_S06,1.0,652.5,1.0,1.0,19843.82440309657,382466.7746247889,357609.9945073112,42.499885723795614,166.53921031246188,FAIL
CSEG_10,96,40,1256.6370614359173,241274.3157956961,4,1.050367063619579,U09p343881_ETM_S06,1.0,652.5,1.0,1.0,19843.82440309657,382466.7746247889,364126.7780301519,42.499885723795614,166.53921031246188,FAIL
CSEG_10,96,40,1256.6370614359173,241274.3157956961,5,1.0348550034418755,U09p343881_ETM_S06,1.0,652.5,1.0,1.0,19843.82440309657,382466.7746247889,369584.89194401505,42.499885723795614,166.53921031246188,FAIL
CSEG_10,96,40,1256.6370614359173,241274.3157956961,6,1.022548696505045,U09p343881_ETM_S06,1.0,652.5,1.0,1.0,19843.82440309657,382466.7746247889,374032.8220377345,42.499885723795614,166.53921031246188,FAIL
CSEG_10,96,40,1256.6370614359173,241274.3157956961,7,1.0133139977517687,U09p343881_ETM_S06,1.0,652.5,1.0,1.0,19843.82440309657,382466.7746247889,377441.5190882241,42.499885723795614,166.53921031246188,FAIL
CSEG_10,96,40,1256.6370614359173,241274.3157956961,8,1.0156695423496536,U09p343881_ETM_S06,1.0,652.5,1.35,1.2,37111.082944180365,384366.88068215206,378436.9469157816,42.499885723795614,166.53921031246188,FAIL
CSEG_10,96,40,1256.6370614359173,241274.3157956961,9,1.0237419951644668,U09p343881_ETM_S06,1.0,652.5,1.35,1.2,38401.32294418037,384660.19523232244,375739.39239498106,42.499885723795614,166.53921031246188,FAIL
CSEG_10,96,40,1256.6370614359173,241274.3157956961,10,1.0383417838134752,U09p343881_ETM_S06,1.0,652.5,1.35,1.2,39691.56294418037,384953.5097824929,370738.7257100354,42.499885723795614,166.53921031246188,FAIL
CSEG_10,96,40,1256.6370614359173,241274.3157956961,11,1.0570438737810537,U09p343881_ETM_S06,1.0,652.5,1.35,1.2,40981.80294418037,385246.8243326633,364456.79681642033,42.499885723795614,166.53921031246188,FAIL
CSEG_10,96,40,1256.6370614359173,241274.3157956961,12,1.0763327367723086,U09p343881_ETM_S06,1.0,652.5,1.35,1.2,42272.042944180364,385540.1388828337,358197.91195702733,42.499885723795614,166.53921031246188,FAIL
CSEG_10,96,40,1256.6370614359173,241274.3157956961,13,1.0964046555748412,U09p343881_ETM_S06,1.0,652.5,1.35,1.2,43562.28294418037,385833.45343300415,351907.89410750265,42.499885723795614,166.53921031246188,FAIL
CSEG_10,96,40,1256.6370614359173,241274.3157956961,14,1.1175380041889422,U09p343881_ETM_S06,1.0,652.5,1.35,1.2,44852.52294418037,386126.76798317453,345515.5587871105,42.499885723795614,166.53921031246188,FAIL
CSEG_10,96,40,1256.6370614359173,241274.3157956961,15,1.1401972426564286,U09p343881_ETM_S06,1.0,652.5,1.35,1.2,46142.762944180366,386420.082533345,338906.3471448716,42.499885723795614,166.53921031246188,FAIL
CSEG_10,96,40,1256.6370614359173,241274.3157956961,16,1.1648561021289776,U09p343881_ETM_S06,1.0,652.5,1.35,1.2,47433.00294418036,386713.3970835154,331983.83592336363,42.499885723795614,166.53921031246188,FAIL
CSEG_10,96,50,1963.4954084936207,376991.1184307752,1,0.8274437810646772,U09p343881_ETM_S06,1.0,652.5,1.0,1.0,19843.82440309657,382466.7746247889,462226.9009414349,37.499885723795614,156.53921031246188,PASS
CSEG_10,96,50,1963.4954084936207,376991.1184307752,2,0.8172007701022674,U09p343881_ETM_S06,1.0,652.5,1.0,1.0,19843.82440309657,382466.7746247889,468020.5753806688,37.499885723795614,156.53921031246188,PASS
CSEG_10,96,50,1963.4954084936207,376991.1184307752,3,0.8087818498626448,U09p343881_ETM_S06,1.0,652.5,1.0,1.0,19843.82440309657,382466.7746247889,472892.3809179733,37.499885723795614,156.53921031246188,PASS
CSEG_10,96,50,1963.4954084936207,376991.1184307752,4,0.8018679496936297,U09p343881_ETM_S06,1.0,652.5,1.0,1.0,19843.82440309657,382466.7746247889,476969.77385231346,37.499885723795614,156.53921031246188,PASS
CSEG_10,96,50,1963.4954084936207,376991.1184307752,5,0.7965502555289911,U09p343881_ETM_S06,1.0,652.5,1.0,1.2,26295.02440309657,383933.347375641,481995.1342814772,37.499885723795614,156.53921031246188,PASS
CSEG_10,96,50,1963.4954084936207,376991.1184307752,6,0.7945395873076303,U09p343881_ETM_S06,1.0,652.5,1.0,1.2,27585.264403096568,384226.66192581144,483584.03793044284,37.499885723795614,156.53921031246188,PASS
CSEG_10,96,50,1963.4954084936207,376991.1184307752,7,0.7963015582448025,U09p343881_ETM_S06,1.0,652.5,1.35,1.2,35820.84294418037,384073.5661319816,482321.75631873874,37.499885723795614,156.53921031246188,PASS
CSEG_10,96,50,1963.4954084936207,376991.1184307752,8,0.8006292304433151,U09p343881_ETM_S06,1.0,652.5,1.35,1.2,37111.082944180365,384366.88068215206,480080.9988780011,37.499885723795614,156.53921031246188,PASS
CSEG_10,96,50,1963.4954084936207,376991.1184307752,9,0.8072466003020804,U09p343881_ETM_S06,1.0,652.5,1.35,1.2,38401.32294418037,384660.19523232244,476508.9070531588,37.499885723795614,156.53921031246188,PASS
CSEG_10,96,50,1963.4954084936207,376991.1184307752,10,0.8169071410358902,U09p343881_ETM_S06,1.0,652.5,1.35,1.2,39691.56294418037,384953.5097824929,471232.8861446202,37.499885723795614,156.53921031246188,PASS
CSEG_10,96,50,1963.4954084936207,376991.1184307752,11,0.8299151308175235,U09p343881_ETM_S06,1.0,652.5,1.35,1.2,40981.80294418037,385246.8243326633,464200.26581895025,37.499885723795614,156.53921031246188,PASS
CSEG_10,96,50,1963.4954084936207,376991.1184307752,12,0.8445330131235061,U09p343881_ETM_S06,1.0,652.5,1.35,1.2,42272.042944180364,385540.1388828337,456512.8099100746,37.499885723795614,156.53921031246188,PASS
CSEG_10,96,50,1963.4954084936207,376991.1184307752,13,0.8594604957202167,U09p343881_ETM_S06,1.0,652.5,1.35,1.2,43562.28294418037,385833.45343300415,448925.1749839657,37.499885723795614,156.53921031246188,PASS
CSEG_10,96,50,1963.4954084936207,376991.1184307752,14,0.874840599910186,U09p343881_ETM_S06,1.0,652.5,1.35,1.2,44852.52294418037,386126.76798317453,441368.13954772515,37.499885723795614,156.53921031246188,PASS
CSEG_10,96,50,1963.4954084936207,376991.1184307752,15,0.8906925004416887,U09p343881_ETM_S06,1.0,652.5,1.35,1.2,46142.762944180366,386420.082533345,433842.29949362064,37.499885723795614,156.53921031246188,PASS
CSEG_10,96,50,1963.4954084936207,376991.1184307752,16,0.9071632515674185,U09p343881_ETM_S06,1.0,652.5,1.35,1.2,47433.00294418036,386713.3970835154,426288.64916578436,37.499885723795614,156.53921031246188,PASS
CSEG_11,96,25,490.8738521234052,94247.7796076938,1,1.985212338811758,U09p343881_ETM_S06,0.7,652.5500000000001,1.0,1.0,19254.75709570157,371170.734673905,186967.7753947812,49.999819901870524,175.81337081865104,FAIL
CSEG_11,96,25,490.8738521234052,94247.7796076938,2,1.8420944087131206,U09p343881_ETM_S06,0.7,652.5500000000001,1.0,1.0,19254.75709570157,371170.734673905,201493.87182234778,49.999819901870524,175.81337081865104,FAIL
CSEG_11,96,25,490.8738521234052,94247.7796076938,3,1.7346662068997465,U09p343881_ETM_S06,0.7,652.5500000000001,1.0,1.0,19254.75709570157,371170.734673905,213972.42489508906,49.999819901870524,175.81337081865104,FAIL
CSEG_11,96,25,490.8738521234052,94247.7796076938,4,1.651177331298744,U09p343881_ETM_S06,0.7,652.5500000000001,1.0,1.0,19254.75709570157,371170.734673905,224791.56395755406,49.999819901870524,175.81337081865104,FAIL
CSEG_11,96,25,490.8738521234052,94247.7796076938,5,1.58320427137347,U09p343881_ETM_S06,0.7,652.5500000000001,1.0,1.0,19254.75709570157,371170.734673905,234442.73198676063,49.999819901870524,175.81337081865104,FAIL
CSEG_11,96,25,490.8738521234052,94247.7796076938,6,1.5281300126489816,U09p343881_ETM_S06,0.7,652.5500000000001,1.0,1.0,19254.75709570157,371170.734673905,242892.11755646908,49.999819901870524,175.81337081865104,FAIL
CSEG_11,96,25,490.8738521234052,94247.7796076938,7,1.4850239061780535,U09p343881_ETM_S06,1.0,652.5500000000001,1.0,1.0,19254.75709570157,371170.734673905,249942.59899099692,49.999819901870524,175.81337081865104,FAIL
CSEG_11,96,25,490.8738521234052,94247.7796076938,8,1.4528577427507001,U09p343881_ETM_S06,1.0,652.5500000000001,1.0,1.0,19254.75709570157,371170.734673905,255476.30972538737,49.999819901870524,175.81337081865104,FAIL
CSEG_11,96,25,490.8738521234052,94247.7796076938,9,1.4297894148695687,U09p343881_ETM_S06,1.0,652.5,1.35,1.2,37625.268121752815,373229.22862986446,261037.90162966898,49.999819901870524,175.81337081865104,FAIL
CSEG_11,96,25,490.8738521234052,94247.7796076938,10,1.4458108506512017,U09p343881_ETM_S06,1.0,652.5,1.35,1.2,38915.50812175281,373515.66189437313,258343.3799283907,49.999819901870524,175.81337081865104,FAIL
CSEG_11,96,25,490.8738521234052,94247.7796076938,11,1.4650114994029881,U09p343881_ETM_S06,1.0,652.5,1.35,1.2,40205.74812175281,373802.0951588818,255153.0109567134,49.999819901870524,175.81337081865104,FAIL
CSEG_11,96,25,490.8738521234052,94247.7796076938,12,1.4881143122072324,U09p343881_ETM_S06,1.0,652.5,1.35,1.2,41495.98812175281,374088.52842339047,251384.26890641684,49.999819901870524,175.81337081865104,FAIL
CSEG_11,96,25,490.8738521234052,94247.7796076938,13,1.5167309097500214,U09p343881_ETM_S06,1.0,652.5,1.35,1.2,42786.228121752814,374374.9616878992,246830.17882822827,49.999819901870524,175.81337081865104,FAIL
CSEG_11,96,25,490.8738521234052,94247.7796076938,14,1.5514932771990935,U09p343881_ETM_S06,1.0,652.5,1.35,1.2,44076.46812175281,374661.39495240786,241484.3818265091,49.999819901870524,175.81337081865104,FAIL
CSEG_11,96,25,490.8738521234052,94247.7796076938,15,1.5925099039956165,U09p343881_ETM_S06,1.0,652.5,1.35,1.2,45366.70812175281,374947.82821691653,235444.5817110275,49.999819901870524,175.81337081865104,FAIL
CSEG_11,96,25,490.8738521234052,94247.7796076938,16,1.6408995090322915,U09p343881_ETM_S06,1.0,652.5,1.35,1.2,46656.94812175281,375234.26148142514,228675.95450907096,49.999819901870524,175.81337081865104,FAIL
CSEG_11,96,28,615.7521601035994,118224.41473989109,1,1.7449694959774595,U09p343881_ETM_S06,0.7,652.5500000000001,1.0,1.0,19254.75709570157,371170.734673905,212709.01040364066,48.499819901870524,172.81337081865104,FAIL
CSEG_11,96,28,615.7521601035994,118224.41473989109,2,1.6433727210454256,U09p343881_ETM_S06,0.7,652.5500000000001,1.0,1.0,19254.75709570157,371170.734673905,225859.1309935984,48.499819901870524,172.81337081865104,FAIL
CSEG_11,96,28,615.7521601035994,118224.41473989109,3,1.5658210117998337,U09p343881_ETM_S06,0.7,652.5500000000001,1.0,1.0,19254.75709570157,371170.734673905,237045.44253577403,48.499819901870524,172.81337081865104,FAIL
CSEG_11,96,28,615.7521601035994,118224.41473989109,4,1.5025870415666074,U09p343881_ETM_S06,0.7,652.5500000000001,1.0,1.0,19254.75709570157,371170.734673905,247021.12051154117,48.499819901870524,172.81337081865104,FAIL
CSEG_11,96,28,615.7521601035994,118224.41473989109,5,1.4504406458811179,U09p343881_ETM_S06,0.7,652.5500000000001,1.0,1.0,19254.75709570157,371170.734673905,255902.04999283174,48.499819901870524,172.81337081865104,FAIL
CSEG_11,96,28,615.7521601035994,118224.41473989109,6,1.4085860521386275,U09p343881_ETM_S06,1.0,652.5500000000001,1.0,1.0,19254.75709570157,371170.734673905,263505.8994871943,48.499819901870524,172.81337081865104,FAIL
CSEG_11,96,28,615.7521601035994,118224.41473989109,7,1.3767269453870368,U09p343881_ETM_S06,1.0,652.5500000000001,1.0,1.0,19254.75709570157,371170.734673905,269603.7408998038,48.499819901870524,172.81337081865104,FAIL
CSEG_11,96,28,615.7521601035994,118224.41473989109,8,1.352294802135599,U09p343881_ETM_S06,1.0,652.5500000000001,1.0,1.0,19254.75709570157,371170.734673905,274474.7181514986,48.499819901870524,172.81337081865104,FAIL
CSEG_11,96,28,615.7521601035994,118224.41473989109,9,1.3426007330145324,U09p343881_ETM_S06,1.0,652.5,1.35,1.2,37625.268121752815,373229.22862986446,277989.73995184357,48.499819901870524,172.81337081865104,FAIL
CSEG_11,96,28,615.7521601035994,118224.41473989109,10,1.359842655526761,U09p343881_ETM_S06,1.0,652.5,1.35,1.2,38915.50812175281,373515.66189437313,274675.6474922348,48.499819901870524,172.81337081865104,FAIL
CSEG_11,96,28,615.7521601035994,118224.41473989109,11,1.3799535659332522,U09p343881_ETM_S06,1.0,652.5,1.35,1.2,40205.74812175281,373802.0951588818,270880.1979913594,48.499819901870524,172.81337081865104,FAIL
CSEG_11,96,28,615.7521601035994,118224.41473989109,12,1.4025712716525476,U09p343881_ETM_S06,1.0,652.5,1.35,1.2,41495.98812175281,374088.52842339047,266716.2346642315,48.499819901870524,172.81337081865104,FAIL
CSEG_11,96,28,615.7521601035994,118224.41473989109,13,1.428864522357034,U09p343881_ETM_S06,1.0,652.5,1.35,1.2,42786.228121752814,374374.9616878992,262008.71799261676,48.499819901870524,172.81337081865104,FAIL
CSEG_11,96,28,615.7521601035994,118224.41473989109,14,1.4601031012602772,U09p343881_ETM_S06,1.0,652.5,1.35,1.2,44076.46812175281,374661.39495240786,256599.2734547455,48.499819901870524,172.81337081865104,FAIL
CSEG_11,96,28,615.7521601035994,118224.41473989109,15,1.4961836777217405,U09p343881_ETM_S06,1.0,652.5,1.35,1.2,45366.70812175281,374947.82821691653,250602.80619278958,48.499819901870524,172.81337081865104,FAIL
CSEG_11,96,28,615.7521601035994,118224.41473989109,16,1.537662124557843,U09p343881_ETM_S06,1.0,652.5,1.35,1.2,46656.94812175281,375234.26148142514,244029.07211447658,48.499819901870524,172.81337081865104,FAIL
CSEG_11,96,32,804.247719318987,154415.5621092455,1,1.4861328743130267,U09p343881_ETM_S06,0.7,652.5500000000001,1.0,1.0,19254.75709570157,371170.734673905,249756.08916899897,46.499819901870524,168.81337081865104,FAIL
CSEG_11,96,32,804.247719318987,154415.5621092455,2,1.4230350537759149,U09p343881_ETM_S06,0.7,652.5500000000001,1.0,1.0,19254.75709570157,371170.734673905,260830.3524843129,46.499819901870524,168.81337081865104,FAIL
CSEG_11,96,32,804.247719318987,154415.5621092455,3,1.3707564947810027,U09p343881_ETM_S06,0.7,652.5500000000001,1.0,1.0,19254.75709570157,371170.734673905,270778.0237314905,46.499819901870524,168.81337081865104,FAIL
CSEG_11,96,32,804.247719318987,154415.5621092455,4,1.3272078071601847,U09p343881_ETM_S06,0.7,652.5500000000001,1.0,1.0,19254.75709570157,371170.734673905,279662.86264401645,46.499819901870524,168.81337081865104,FAIL
CSEG_11,96,32,804.247719318987,154415.5621092455,5,1.291911693243285,U09p343881_ETM_S06,1.0,652.5500000000001,1.0,1.0,19254.75709570157,371170.734673905,287303.48723920743,46.499819901870524,168.81337081865104,FAIL
CSEG_11,96,32,804.247719318987,154415.5621092455,6,1.264080870824721,U09p343881_ETM_S06,1.0,652.5500000000001,1.0,1.0,19254.75709570157,371170.734673905,293628.94672375114,46.499819901870524,168.81337081865104,FAIL
CSEG_11,96,32,804.247719318987,154415.5621092455,7,1.2421787418693524,U09p343881_ETM_S06,1.0,652.5500000000001,1.0,1.0,19254.75709570157,371170.734673905,298806.22020252165,46.499819901870524,168.81337081865104,FAIL
CSEG_11,96,32,804.247719318987,154415.5621092455,8,1.2257547872253516,U09p343881_ETM_S06,1.0,652.5,1.0,1.0,19268.96897907616,371179.3610075766,302816.97846580495,46.499819901870524,168.81337081865104,FAIL
CSEG_11,96,32,804.247719318987,154415.5621092455,9,1.228650328825124,U09p343881_ETM_S06,1.0,652.5,1.35,1.2,37625.268121752815,373229.22862986446,303771.7240402797,46.499819901870524,168.81337081865104,FAIL
CSEG_11,96,32,804.247719318987,154415.5621092455,10,1.2459196679303182,U09p343881_ETM_S06,1.0,652.5,1.35,1.2,38915.50812175281,373515.66189437313,299791.12739655626,46.499819901870524,168.81337081865104,FAIL
CSEG_11,96,32,804.247719318987,154415.5621092455,11,1.266328530918732,U09p343881_ETM_S06,1.0,652.5,1.35,1.2,40205.74812175281,373802.0951588818,295185.71684370504,46.499819901870524,168.81337081865104,FAIL
CSEG_11,96,32,804.247719318987,154415.5621092455,12,1.2880366037063544,U09p343881_ETM_S06,1.0,652.5,1.35,1.2,41495.98812175281,374088.52842339047,290433.15022798436,46.499819901870524,168.81337081865104,FAIL
CSEG_11,96,32,804.247719318987,154415.5621092455,13,1.312069036989162,U09p343881_ETM_S06,1.0,652.5,1.35,1.2,42786.228121752814,374374.9616878992,285331.7555202635,46.499819901870524,168.81337081865104,FAIL
CSEG_11,96,32,804.247719318987,154415.5621092455,14,1.339067269141182,U09p343881_ETM_S06,1.0,652.5,1.35,1.2,44076.46812175281,374661.39495240786,279792.8107022576,46.499819901870524,168.81337081865104,FAIL
CSEG_11,96,32,804.247719318987,154415.5621092455,15,1.3697109665545864,U09p343881_ETM_S06,1.0,652.5,1.35,1.2,45366.70812175281,374947.82821691653,273742.2984646695,46.499819901870524,168.81337081865104,FAIL
CSEG_11,96,32,804.247719318987,154415.5621092455,16,1.4041584436551056,U09p343881_ETM_S06,1.0,652.5,1.35,1.2,46656.94812175281,375234.26148142514,267230.71258587367,46.499819901870524,168.81337081865104,FAIL
CSEG_11,96,36,1017.8760197630929,195432.19579451386,1,1.283454002959804,U09p343881_ETM_S06,0.7,652.5500000000001,1.0,1.0,19254.75709570157,371170.734673905,289196.7564228553,44.499819901870524,164.81337081865104,FAIL
CSEG_11,96,36,1017.8760197630929,195432.19579451386,2,1.2415724853807613,U09p343881_ETM_S06,0.7,652.5500000000001,1.0,1.0,19254.75709570157,371170.734673905,298952.1264721613,44.499819901870524,164.81337081865104,FAIL
CSEG_11,96,36,1017.8760197630929,195432.19579451386,3,1.206163653362968,U09p343881_ETM_S06,0.7,652.5500000000001,1.0,1.0,19254.75709570157,371170.734673905,307728.3365644658,44.499819901870524,164.81337081865104,FAIL
CSEG_11,96,36,1017.8760197630929,195432.19579451386,4,1.1772982067028512,U09p343881_ETM_S06,1.0,652.5500000000001,1.0,1.0,19254.75709570157,371170.734673905,315273.3373419536,44.499819901870524,164.81337081865104,FAIL
CSEG_11,96,36,1017.8760197630929,195432.19579451386,5,1.1535970267341922,U09p343881_ETM_S06,1.0,652.5500000000001,1.0,1.0,19254.75709570157,371170.734673905,321750.7726460437,44.499819901870524,164.81337081865104,FAIL
CSEG_11,96,36,1017.8760197630929,195432.19579451386,6,1.1348433552129904,U09p343881_ETM_S06,1.0,652.5500000000001,1.0,1.0,19254.75709570157,371170.734673905,327067.8133408489,44.499819901870524,164.81337081865104,FAIL
CSEG_11,96,36,1017.8760197630929,195432.19579451386,7,1.1201289473954648,U09p343881_ETM_S06,1.0,652.5,1.0,1.0,19268.96897907616,371179.3610075766,331371.9923680632,44.499819901870524,164.81337081865104,FAIL
CSEG_11,96,36,1017.8760197630929,195432.19579451386,8,1.112799951255946,U09p343881_ETM_S06,1.0,652.5,1.35,1.2,36335.02812175281,372942.7953653558,335139.11907026876,44.499819901870524,164.81337081865104,FAIL
CSEG_11,96,36,1017.8760197630929,195432.19579451386,9,1.120306425888883,U09p343881_ETM_S06,1.0,652.5,1.35,1.2,37625.268121752815,373229.22862986446,333149.23489234986,44.499819901870524,164.81337081865104,FAIL
CSEG_11,96,36,1017.8760197630929,195432.19579451386,10,1.1361808133731734,U09p343881_ETM_S06,1.0,652.5,1.35,1.2,38915.50812175281,373515.66189437313,328746.67262286675,44.499819901870524,164.81337081865104,FAIL
CSEG_11,96,36,1017.8760197630929,195432.19579451386,11,1.155994597516964,U09p343881_ETM_S06,1.0,652.5,1.35,1.2,40205.74812175281,373802.0951588818,323359.7250037289,44.499819901870524,164.81337081865104,FAIL
CSEG_11,96,36,1017.8760197630929,195432.19579451386,12,1.1765419304160563,U09p343881_ETM_S06,1.0,652.5,1.35,1.2,41495.98812175281,374088.52842339047,317955.9680385576,44.499819901870524,164.81337081865104,FAIL
CSEG_11,96,36,1017.8760197630929,195432.19579451386,13,1.1983928412263798,U09p343881_ETM_S06,1.0,652.5,1.35,1.2,42786.228121752814,374374.9616878992,312397.5284304779,44.499819901870524,164.81337081865104,FAIL
CSEG_11,96,36,1017.8760197630929,195432.19579451386,14,1.2220644289705485,U09p343881_ETM_S06,1.0,652.5,1.35,1.2,44076.46812175281,374661.39495240786,306580.72199026187,44.499819901870524,164.81337081865104,FAIL
CSEG_11,96,36,1017.8760197630929,195432.19579451386,15,1.2482293004979943,U09p343881_ETM_S06,1.0,652.5,1.35,1.2,45366.70812175281,374947.82821691653,300383.7740928907,44.499819901870524,164.81337081865104,FAIL
CSEG_11,96,36,1017.8760197630929,195432.19579451386,16,1.277020249808283,U09p343881_ETM_S06,1.0,652.5,1.35,1.2,46656.94812175281,375234.26148142514,293835.79589889705,44.499819901870524,164.81337081865104,FAIL
CSEG_11,96,40,1256.6370614359173,241274.3157956961,1,1.1196909404481754,U09p343881_ETM_S06,0.7,652.5500000000001,1.0,1.0,19254.75709570157,371170.734673905,331493.9161027217,42.499819901870524,160.81337081865104,FAIL
CSEG_11,96,40,1256.6370614359173,241274.3157956961,2,1.0915203785163177,U09p343881_ETM_S06,1.0,652.5500000000001,1.0,1.0,19254.75709570157,371170.734673905,340049.2945247895,42.499819901870524,160.81337081865104,FAIL
CSEG_11,96,40,1256.6370614359173,241274.3157956961,3,1.0680910387487688,U09p343881_ETM_S06,1.0,652.5500000000001,1.0,1.0,19254.75709570157,371170.734673905,347508.51866402564,42.499819901870524,160.81337081865104,FAIL
CSEG_11,96,40,1256.6370614359173,241274.3157956961,4,1.0486942455141146,U09p343881_ETM_S06,1.0,652.5500000000001,1.0,1.0,19254.75709570157,371170.734673905,353936.084098508,42.499819901870524,160.81337081865104,FAIL
CSEG_11,96,40,1256.6370614359173,241274.3157956961,5,1.0328714413840023,U09p343881_ETM_S06,1.0,652.5500000000001,1.0,1.0,19254.75709570157,371170.734673905,359358.1154461513,42.499819901870524,160.81337081865104,FAIL
CSEG_11,96,40,1256.6370614359173,241274.3157956961,6,1.0202897893096465,U09p343881_ETM_S06,1.0,652.5,1.0,1.0,19268.96897907616,371179.3610075766,363797.9767088778,42.499819901870524,160.81337081865104,FAIL
CSEG_11,96,40,1256.6370614359173,241274.3157956961,7,1.0107542857191327,U09p343881_ETM_S06,1.0,652.5,1.0,1.0,19268.96897907616,371179.3610075766,367230.06397493475,42.499819901870524,160.81337081865104,FAIL
CSEG_11,96,40,1256.6370614359173,241274.3157956961,8,1.0118719536235936,U09p343881_ETM_S06,1.0,652.5,1.35,1.2,36335.02812175281,372942.7953653558,368567.18286322505,42.499819901870524,160.81337081865104,FAIL
CSEG_11,96,40,1256.6370614359173,241274.3157956961,9,1.019400316760649,U09p343881_ETM_S06,1.0,652.5,1.35,1.2,37625.268121752815,373229.22862986446,366126.26315035485,42.499819901870524,160.81337081865104,FAIL
CSEG_11,96,40,1256.6370614359173,241274.3157956961,10,1.0333518473735583,U09p343881_ETM_S06,1.0,652.5,1.35,1.2,38915.50812175281,373515.66189437313,361460.29335867305,42.499819901870524,160.81337081865104,FAIL
CSEG_11,96,40,1256.6370614359173,241274.3157956961,11,1.0516537650913436,U09p343881_ETM_S06,1.0,652.5,1.35,1.2,40205.74812175281,373802.0951588818,355442.16886478267,42.499819901870524,160.81337081865104,FAIL
CSEG_11,96,40,1256.6370614359173,241274.3157956961,12,1.0706412061911859,U09p343881_ETM_S06,1.0,652.5,1.35,1.2,41495.98812175281,374088.52842339047,349406.06270350196,42.499819901870524,160.81337081865104,FAIL
CSEG_11,96,40,1256.6370614359173,241274.3157956961,13,1.09039787532318,U09p343881_ETM_S06,1.0,652.5,1.35,1.2,42786.228121752814,374374.9616878992,343337.941278489,42.499819901870524,160.81337081865104,FAIL
CSEG_11,96,40,1256.6370614359173,241274.3157956961,14,1.1114198745497992,U09p343881_ETM_S06,1.0,652.5,1.35,1.2,44076.46812175281,374661.39495240786,337101.5792786423,42.499819901870524,160.81337081865104,FAIL
CSEG_11,96,40,1256.6370614359173,241274.3157956961,15,1.1337633608013715,U09p343881_ETM_S06,1.0,652.5,1.35,1.2,45366.70812175281,374947.82821691653,330710.83541797847,42.499819901870524,160.81337081865104,FAIL
CSEG_11,96,40,1256.6370614359173,241274.3157956961,16,1.1581287006801098,U09p343881_ETM_S06,1.0,652.5,1.35,1.2,46656.94812175281,375234.26148142514,324000.48566369974,42.499819901870524,160.81337081865104,FAIL
CSEG_11,96,50,1963.4954084936207,376991.1184307752,1,0.825928015623837,U09p343881_ETM_S06,1.0,652.5500000000001,1.0,1.0,19254.75709570157,371170.734673905,449398.40718873503,37.499819901870524,150.81337081865104,PASS
CSEG_11,96,50,1963.4954084936207,376991.1184307752,2,0.8155634367254594,U09p343881_ETM_S06,1.0,652.5500000000001,1.0,1.0,19254.75709570157,371170.734673905,455109.58186671516,37.499819901870524,150.81337081865104,PASS
CSEG_11,96,50,1963.4954084936207,376991.1184307752,3,0.806995208728059,U09p343881_ETM_S06,1.0,652.5,1.0,1.0,19268.96897907616,371179.3610075766,459952.3726945156,37.499819901870524,150.81337081865104,PASS
CSEG_11,96,50,1963.4954084936207,376991.1184307752,4,0.7999669960821318,U09p343881_ETM_S06,1.0,652.5,1.0,1.0,19268.96897907616,371179.3610075766,463993.34325721103,37.499819901870524,150.81337081865104,PASS
CSEG_11,96,50,1963.4954084936207,376991.1184307752,5,0.794415454484645,U09p343881_ETM_S06,1.0,652.5,1.0,1.2,25720.16897907616,372611.52733012,469038.6185548737,37.499819901870524,150.81337081865104,PASS
CSEG_11,96,50,1963.4954084936207,376991.1184307752,6,0.7922505946329081,U09p343881_ETM_S06,1.0,652.5,1.0,1.2,27010.408979076157,372897.96059462865,470681.8311287126,37.499819901870524,150.81337081865104,PASS
CSEG_11,96,50,1963.4954084936207,376991.1184307752,7,0.793435476516766,U09p343881_ETM_S06,1.0,652.5,1.35,1.2,35044.78812175281,372656.3621008471,469674.4387291996,37.499819901870524,150.81337081865104,PASS
CSEG_11,96,50,1963.4954084936207,376991.1184307752,8,0.7975220539425851,U09p343881_ETM_S06,1.0,652.5,1.35,1.2,36335.02812175281,372942.7953653558,467626.9371131453,37.499819901870524,150.81337081865104,PASS
CSEG_11,96,50,1963.4954084936207,376991.1184307752,9,0.803887749740755,U09p343881_ETM_S06,1.0,652.5,1.35,1.2,37625.268121752815,373229.22862986446,464280.2788700621,37.499819901870524,150.81337081865104,PASS
CSEG_11,96,50,1963.4954084936207,376991.1184307752,10,0.813184449368172,U09p343881_ETM_S06,1.0,652.5,1.35,1.2,38915.50812175281,373515.66189437313,459324.64914274646,37.499819901870524,150.81337081865104,PASS
CSEG_11,96,50,1963.4954084936207,376991.1184307752,11,0.8257884897496836,U09p343881_ETM_S06,1.0,652.5,1.35,1.2,40205.74812175281,373802.0951588818,452660.82029332983,37.499819901870524,150.81337081865104,PASS
CSEG_11,96,50,1963.4954084936207,376991.1184307752,12,0.8402383280162041,U09p343881_ETM_S06,1.0,652.5,1.35,1.2,41495.98812175281,374088.52842339047,445217.16749890527,37.499819901870524,150.81337081865104,PASS
CSEG_11,96,50,1963.4954084936207,376991.1184307752,13,0.8549832404268454,U09p343881_ETM_S06,1.0,652.5,1.35,1.2,42786.228121752814,374374.9616878992,437874.03540330764,37.499819901870524,150.81337081865104,PASS
CSEG_11,96,50,1963.4954084936207,376991.1184307752,14,0.8701305315365127,U09p343881_ETM_S06,1.0,652.5,1.35,1.2,44076.46812175281,374661.39495240786,430580.6788446041,37.499819901870524,150.81337081865104,PASS
CSEG_11,96,50,1963.4954084936207,376991.1184307752,15,0.8857776479429219,U09p343881_ETM_S06,1.0,652.5,1.35,1.2,45366.70812175281,374947.82821691653,423297.9112621247,37.499819901870524,150.81337081865104,PASS
CSEG_11,96,50,1963.4954084936207,376991.1184307752,16,0.9021911977119542,U09p343881_ETM_S06,1.0,652.5,1.35,1.2,46656.94812175281,375234.26148142514,415914.3454658572,37.499819901870524,150.81337081865104,PASS
CSEG_12,90,25,490.8738521234052,88357.29338221293,1,2.06327222443077,U09p343881_ETM_S06,0.7,652.6,1.0,1.0,18634.836475274777,359401.06881576235,174189.8449269904,49.999867848040594,183.1754978304183,FAIL
CSEG_12,90,25,490.8738521234052,88357.29338221293,2,1.9052515686421696,U09p343881_ETM_S06,0.7,652.6,1.0,1.0,18634.836475274777,359401.06881576235,188637.06753008973,49.999867848040594,183.1754978304183,FAIL
CSEG_12,90,25,490.8738521234052,88357.29338221293,3,1.785453825543661,U09p343881_ETM_S06,0.7,652.6,1.0,1.0,18634.836475274777,359401.06881576235,201293.95880978703,49.999867848040594,183.1754978304183,FAIL
CSEG_12,90,25,490.8738521234052,88357.29338221293,4,1.694165415349637,U09p343881_ETM_S06,0.7,652.6,1.0,1.0,18634.836475274777,359401.06881576235,212140.48259956372,49.999867848040594,183.1754978304183,FAIL
CSEG_12,90,25,490.8738521234052,88357.29338221293,5,1.6203761585704413,U09p343881_ETM_S06,0.7,652.5500000000001,1.0,1.0,18660.517909971197,359459.26617538417,221836.92611998998,49.999867848040594,183.1754978304183,FAIL
CSEG_12,90,25,490.8738521234052,88357.29338221293,6,1.5603748108388493,U09p343881_ETM_S06,0.7,652.5500000000001,1.0,1.0,18660.517909971197,359459.26617538417,230367.25771171655,49.999867848040594,183.1754978304183,FAIL
CSEG_12,90,25,490.8738521234052,88357.29338221293,7,1.5139442040924256,U09p343881_ETM_S06,1.0,652.5500000000001,1.0,1.0,18660.517909971197,359459.26617538417,237432.3077453648,49.999867848040594,183.1754978304183,FAIL
CSEG_12,90,25,490.8738521234052,88357.29338221293,8,1.4789907491059489,U09p343881_ETM_S06,1.0,652.5500000000001,1.0,1.0,18660.517909971197,359459.26617538417,243043.62038280332,49.999867848040594,183.1754978304183,FAIL
CSEG_12,90,25,490.8738521234052,88357.29338221293,9,1.4531383388101642,U09p343881_ETM_S06,1.0,652.5500000000001,1.0,1.0,18660.517909971197,359459.26617538417,247367.54689832966,49.999867848040594,183.1754978304183,FAIL
CSEG_12,90,25,490.8738521234052,88357.29338221293,10,1.465340510038674,U09p343881_ETM_S06,1.0,652.5500000000001,1.35,1.2,38094.09917846111,361644.75842272356,246799.12685494436,49.999867848040594,183.1754978304183,FAIL
CSEG_12,90,25,490.8738521234052,88357.29338221293,11,1.484122716396763,U09p343881_ETM_S06,1.0,652.5500000000001,1.35,1.2,39384.339178461116,361924.3104113564,243864.1403522592,49.999867848040594,183.1754978304183,FAIL
CSEG_12,90,25,490.8738521234052,88357.29338221293,12,1.5073442016700846,U09p343881_ETM_S06,1.0,652.5500000000001,1.35,1.2,40674.579178461114,362203.8623999892,240292.73605768345,49.999867848040594,183.1754978304183,FAIL
CSEG_12,90,25,490.8738521234052,88357.29338221293,13,1.5364144629534668,U09p343881_ETM_S06,1.0,652.5500000000001,1.35,1.2,41964.81917846111,362483.4143886221,235928.14512551264,49.999867848040594,183.1754978304183,FAIL
CSEG_12,90,25,490.8738521234052,88357.29338221293,14,1.572489318099819,U09p343881_ETM_S06,1.0,652.5500000000001,1.35,1.2,43255.05917846112,362762.9663772548,230693.43759715592,49.999867848040594,183.1754978304183,FAIL
CSEG_12,90,25,490.8738521234052,88357.29338221293,15,1.6150726164891116,U09p343881_ETM_S06,1.0,652.5,1.35,1.2,44564.47716748882,363010.50656129874,224764.2012223703,49.999867848040594,183.1754978304183,FAIL
CSEG_12,90,25,490.8738521234052,88357.29338221293,16,1.66618201918317,U09p343881_ETM_S06,1.0,652.5,1.35,1.2,45854.71716748882,363290.05854993156,218037.43790731288,49.999867848040594,183.1754978304183,FAIL
CSEG_12,90,28,615.7521601035994,110835.38881864789,1,1.8157873931938042,U09p343881_ETM_S06,0.7,652.6,1.0,1.0,18634.836475274777,359401.06881576235,197931.25019092057,48.499867848040594,180.1754978304183,FAIL
CSEG_12,90,28,615.7521601035994,110835.38881864789,2,1.7005469266549467,U09p343881_ETM_S06,0.7,652.6,1.0,1.0,18634.836475274777,359401.06881576235,211344.39937080748,48.499867848040594,180.1754978304183,FAIL
CSEG_12,90,28,615.7521601035994,110835.38881864789,3,1.6148381338559277,U09p343881_ETM_S06,0.7,652.6,1.0,1.0,18634.836475274777,359401.06881576235,222561.66812061876,48.499867848040594,180.1754978304183,FAIL
CSEG_12,90,28,615.7521601035994,110835.38881864789,4,1.5449059398823304,U09p343881_ETM_S06,0.7,652.5500000000001,1.0,1.0,18660.517909971197,359459.26617538417,232673.88447141502,48.499867848040594,180.1754978304183,FAIL
CSEG_12,90,28,615.7521601035994,110835.38881864789,5,1.4878317694090377,U09p343881_ETM_S06,0.7,652.5500000000001,1.0,1.0,18660.517909971197,359459.26617538417,241599.4022752722,48.499867848040594,180.1754978304183,FAIL
CSEG_12,90,28,615.7521601035994,110835.38881864789,6,1.4421693391223356,U09p343881_ETM_S06,1.0,652.5500000000001,1.0,1.0,18660.517909971197,359459.26617538417,249249.00039418472,48.499867848040594,180.1754978304183,FAIL
CSEG_12,90,28,615.7521601035994,110835.38881864789,7,1.407064184660025,U09p343881_ETM_S06,1.0,652.5500000000001,1.0,1.0,18660.517909971197,359459.26617538417,255467.56863990304,48.499867848040594,180.1754978304183,FAIL
CSEG_12,90,28,615.7521601035994,110835.38881864789,8,1.3801663387535625,U09p343881_ETM_S06,1.0,652.5500000000001,1.0,1.0,18660.517909971197,359459.26617538417,260446.33612787156,48.499867848040594,180.1754978304183,FAIL
CSEG_12,90,28,615.7521601035994,110835.38881864789,9,1.3657216715502751,U09p343881_ETM_S06,1.0,652.5500000000001,1.35,1.2,36803.85917846111,361365.20643409074,264596.52355365595,48.499867848040594,180.1754978304183,FAIL
CSEG_12,90,28,615.7521601035994,110835.38881864789,10,1.382186897393259,U09p343881_ETM_S06,1.0,652.5500000000001,1.35,1.2,38094.09917846111,361644.75842272356,261646.7853260431,48.499867848040594,180.1754978304183,FAIL
CSEG_12,90,28,615.7521601035994,110835.38881864789,11,1.4019584874760187,U09p343881_ETM_S06,1.0,652.5500000000001,1.35,1.2,39384.339178461116,361924.3104113564,258156.22477020547,48.499867848040594,180.1754978304183,FAIL
CSEG_12,90,28,615.7521601035994,110835.38881864789,12,1.4247420609613128,U09p343881_ETM_S06,1.0,652.5500000000001,1.35,1.2,40674.579178461114,362203.8623999892,254224.1661312366,48.499867848040594,180.1754978304183,FAIL
CSEG_12,90,28,615.7521601035994,110835.38881864789,13,1.4516517928147787,U09p343881_ETM_S06,1.0,652.5500000000001,1.35,1.2,41964.81917846111,362483.4143886221,249704.10685455104,48.499867848040594,180.1754978304183,FAIL
CSEG_12,90,28,615.7521601035994,110835.38881864789,14,1.4838686151938816,U09p343881_ETM_S06,1.0,652.5500000000001,1.35,1.2,43255.05917846112,362762.9663772548,244471.0823200856,48.499867848040594,180.1754978304183,FAIL
CSEG_12,90,28,615.7521601035994,110835.38881864789,15,1.5215000378705277,U09p343881_ETM_S06,1.0,652.5500000000001,1.35,1.2,44545.29917846111,363042.51836588763,238608.28743323422,48.499867848040594,180.1754978304183,FAIL
CSEG_12,90,28,615.7521601035994,110835.38881864789,16,1.5650955842715606,U09p343881_ETM_S06,1.0,652.5,1.35,1.2,45854.71716748882,363290.05854993156,232120.045702523,48.499867848040594,180.1754978304183,FAIL
CSEG_12,90,32,804.247719318987,144764.58947741767,1,1.5461461169914914,U09p343881_ETM_S06,0.7,652.6,1.0,1.0,18634.836475274777,359401.06881576235,232449.61447439974,46.499867848040594,176.1754978304183,FAIL
CSEG_12,90,32,804.247719318987,144764.58947741767,2,1.4753539794526387,U09p343881_ETM_S06,0.7,652.6,1.0,1.0,18634.836475274777,359401.06881576235,243603.2801762607,46.499867848040594,176.1754978304183,FAIL
CSEG_12,90,32,804.247719318987,144764.58947741767,3,1.416779697496495,U09p343881_ETM_S06,0.7,652.5500000000001,1.0,1.0,18660.517909971197,359459.26617538417,253715.7095140216,46.499867848040594,176.1754978304183,FAIL
CSEG_12,90,32,804.247719318987,144764.58947741767,4,1.3682941567467666,U09p343881_ETM_S06,0.7,652.5500000000001,1.0,1.0,18660.517909971197,359459.26617538417,262706.13259799965,46.499867848040594,176.1754978304183,FAIL
CSEG_12,90,32,804.247719318987,144764.58947741767,5,1.3291901784530187,U09p343881_ETM_S06,1.0,652.5500000000001,1.0,1.0,18660.517909971197,359459.26617538417,270434.7895451212,46.499867848040594,176.1754978304183,FAIL
CSEG_12,90,32,804.247719318987,144764.58947741767,6,1.2979464100568312,U09p343881_ETM_S06,1.0,652.5500000000001,1.0,1.0,18660.517909971197,359459.26617538417,276944.6129595174,46.499867848040594,176.1754978304183,FAIL
CSEG_12,90,32,804.247719318987,144764.58947741767,7,1.2735733137097116,U09p343881_ETM_S06,1.0,652.5500000000001,1.0,1.0,18660.517909971197,359459.26617538417,282244.659420774,46.499867848040594,176.1754978304183,FAIL
CSEG_12,90,32,804.247719318987,144764.58947741767,8,1.2549994727518878,U09p343881_ETM_S06,1.0,652.5500000000001,1.0,1.0,18660.517909971197,359459.26617538417,286421.846367141,46.499867848040594,176.1754978304183,FAIL
CSEG_12,90,32,804.247719318987,144764.58947741767,9,1.2543298064539294,U09p343881_ETM_S06,1.0,652.5500000000001,1.35,1.2,36803.85917846111,361365.20643409074,288094.25126848684,46.499867848040594,176.1754978304183,FAIL
CSEG_12,90,32,804.247719318987,144764.58947741767,10,1.271264588414816,U09p343881_ETM_S06,1.0,652.5500000000001,1.35,1.2,38094.09917846111,361644.75842272356,284476.38809295476,46.499867848040594,176.1754978304183,FAIL
CSEG_12,90,32,804.247719318987,144764.58947741767,11,1.2915791171506865,U09p343881_ETM_S06,1.0,652.5500000000001,1.35,1.2,39384.339178461116,361924.3104113564,280218.45940788096,46.499867848040594,176.1754978304183,FAIL
CSEG_12,90,32,804.247719318987,144764.58947741767,12,1.3135632125980377,U09p343881_ETM_S06,1.0,652.5500000000001,1.35,1.2,40674.579178461114,362203.8623999892,275741.47854186816,46.499867848040594,176.1754978304183,FAIL
CSEG_12,90,32,804.247719318987,144764.58947741767,13,1.3380870749113245,U09p343881_ETM_S06,1.0,652.5500000000001,1.35,1.2,41964.81917846111,362483.4143886221,270896.7310013393,46.499867848040594,176.1754978304183,FAIL
CSEG_12,90,32,804.247719318987,144764.58947741767,14,1.3659709796016837,U09p343881_ETM_S06,1.0,652.5500000000001,1.35,1.2,43255.05917846112,362762.9663772548,265571.50319770066,46.499867848040594,176.1754978304183,FAIL
CSEG_12,90,32,804.247719318987,144764.58947741767,15,1.3980619798762466,U09p343881_ETM_S06,1.0,652.5500000000001,1.35,1.2,44545.29917846111,363042.51836588763,259675.55343864183,46.499867848040594,176.1754978304183,FAIL
CSEG_12,90,32,804.247719318987,144764.58947741767,16,1.4341959602741092,U09p343881_ETM_S06,1.0,652.5500000000001,1.35,1.2,45835.53917846111,363322.07035452046,253328.0530821471,46.499867848040594,176.1754978304183,FAIL
CSEG_12,90,36,1017.8760197630929,183217.68355735674,1,1.33673562650724,U09p343881_ETM_S06,0.7,652.5500000000001,1.0,1.0,18660.517909971197,359459.26617538417,268908.271050287,44.499867848040594,172.1754978304183,FAIL
CSEG_12,90,36,1017.8760197630929,183217.68355735674,2,1.2890984626101212,U09p343881_ETM_S06,0.7,652.5500000000001,1.0,1.0,18660.517909971197,359459.26617538417,278845.4696063819,44.499867848040594,172.1754978304183,FAIL
CSEG_12,90,36,1017.8760197630929,183217.68355735674,3,1.249068973774897,U09p343881_ETM_S06,1.0,652.5500000000001,1.0,1.0,18660.517909971197,359459.26617538417,287781.7588319704,44.499867848040594,172.1754978304183,FAIL
CSEG_12,90,36,1017.8760197630929,183217.68355735674,4,1.2163882042412766,U09p343881_ETM_S06,1.0,652.5500000000001,1.0,1.0,18660.517909971197,359459.26617538417,295513.6073516902,44.499867848040594,172.1754978304183,FAIL
CSEG_12,90,36,1017.8760197630929,183217.68355735674,5,1.189835980668138,U09p343881_ETM_S06,1.0,652.5500000000001,1.0,1.0,18660.517909971197,359459.26617538417,302108.2502258287,44.499867848040594,172.1754978304183,FAIL
CSEG_12,90,36,1017.8760197630929,183217.68355735674,6,1.1684440053083638,U09p343881_ETM_S06,1.0,652.5500000000001,1.0,1.0,18660.517909971197,359459.26617538417,307639.27457569464,44.499867848040594,172.1754978304183,FAIL
CSEG_12,90,36,1017.8760197630929,183217.68355735674,7,1.1518119487700096,U09p343881_ETM_S06,1.0,652.5500000000001,1.0,1.0,18660.517909971197,359459.26617538417,312081.55685417354,44.499867848040594,172.1754978304183,FAIL
CSEG_12,90,36,1017.8760197630929,183217.68355735674,8,1.140443007549979,U09p343881_ETM_S06,1.0,652.5500000000001,1.35,1.2,35513.619178461115,361085.6544454579,316618.7631078387,44.499867848040594,172.1754978304183,FAIL
CSEG_12,90,36,1017.8760197630929,183217.68355735674,9,1.14768883126435,U09p343881_ETM_S06,1.0,652.5500000000001,1.35,1.2,36803.85917846111,361365.20643409074,314863.3990242749,44.499867848040594,172.1754978304183,FAIL
CSEG_12,90,36,1017.8760197630929,183217.68355735674,10,1.1635799701689953,U09p343881_ETM_S06,1.0,652.5500000000001,1.35,1.2,38094.09917846111,361644.75842272356,310803.5267831219,44.499867848040594,172.1754978304183,FAIL
CSEG_12,90,36,1017.8760197630929,183217.68355735674,11,1.1835051872653497,U09p343881_ETM_S06,1.0,652.5500000000001,1.35,1.2,39384.339178461116,361924.3104113564,305807.1179625599,44.499867848040594,172.1754978304183,FAIL
CSEG_12,90,36,1017.8760197630929,183217.68355735674,12,1.2043658463566331,U09p343881_ETM_S06,1.0,652.5500000000001,1.35,1.2,40674.579178461114,362203.8623999892,300742.3894456191,44.499867848040594,172.1754978304183,FAIL
CSEG_12,90,36,1017.8760197630929,183217.68355735674,13,1.2268420813486731,U09p343881_ETM_S06,1.0,652.5500000000001,1.35,1.2,41964.81917846111,362483.4143886221,295460.53228802065,44.499867848040594,172.1754978304183,FAIL
CSEG_12,90,36,1017.8760197630929,183217.68355735674,14,1.251447520661065,U09p343881_ETM_S06,1.0,652.5500000000001,1.35,1.2,43255.05917846112,362762.9663772548,289874.69341553276,44.499867848040594,172.1754978304183,FAIL
CSEG_12,90,36,1017.8760197630929,183217.68355735674,15,1.2786103081713884,U09p343881_ETM_S06,1.0,652.5500000000001,1.35,1.2,44545.29917846111,363042.51836588763,283935.23503270897,44.499867848040594,172.1754978304183,FAIL
CSEG_12,90,36,1017.8760197630929,183217.68355735674,16,1.3090768957267527,U09p343881_ETM_S06,1.0,652.5500000000001,1.35,1.2,45835.53917846111,363322.07035452046,277540.6636084713,44.499867848040594,172.1754978304183,FAIL
CSEG_12,90,40,1256.6370614359173,226194.67105846512,1,1.166858410173627,U09p343881_ETM_S06,0.7,652.5500000000001,1.0,1.0,18660.517909971197,359459.26617538417,308057.3127307683,42.499867848040594,168.1754978304183,FAIL
CSEG_12,90,40,1256.6370614359173,226194.67105846512,2,1.1348073064971564,U09p343881_ETM_S06,1.0,652.5500000000001,1.0,1.0,18660.517909971197,359459.26617538417,316757.9765457607,42.499867848040594,168.1754978304183,FAIL
CSEG_12,90,40,1256.6370614359173,226194.67105846512,3,1.1080279105102544,U09p343881_ETM_S06,1.0,652.5500000000001,1.0,1.0,18660.517909971197,359459.26617538417,324413.54840046464,42.499867848040594,168.1754978304183,FAIL
CSEG_12,90,40,1256.6370614359173,226194.67105846512,4,1.0857419223460285,U09p343881_ETM_S06,1.0,652.5500000000001,1.0,1.0,18660.517909971197,359459.26617538417,331072.475675139,42.499867848040594,168.1754978304183,FAIL
CSEG_12,90,40,1256.6370614359173,226194.67105846512,5,1.0675519680829133,U09p343881_ETM_S06,1.0,652.5500000000001,1.0,1.0,18660.517909971197,359459.26617538417,336713.5998268012,42.499867848040594,168.1754978304183,FAIL
CSEG_12,90,40,1256.6370614359173,226194.67105846512,6,1.0531798911666046,U09p343881_ETM_S06,1.0,652.5500000000001,1.0,1.0,18660.517909971197,359459.26617538417,341308.51641803765,42.499867848040594,168.1754978304183,FAIL
CSEG_12,90,40,1256.6370614359173,226194.67105846512,7,1.0420510145938742,U09p343881_ETM_S06,1.0,652.5500000000001,1.0,1.0,18660.517909971197,359459.26617538417,344953.6166091434,42.499867848040594,168.1754978304183,FAIL
CSEG_12,90,40,1256.6370614359173,226194.67105846512,8,1.0401852262275517,U09p343881_ETM_S06,1.0,652.5500000000001,1.35,1.2,35513.619178461115,361085.6544454579,347135.91900839645,42.499867848040594,168.1754978304183,FAIL
CSEG_12,90,40,1256.6370614359173,226194.67105846512,9,1.0476533908032628,U09p343881_ETM_S06,1.0,652.5500000000001,1.35,1.2,36803.85917846111,361365.20643409074,344928.2077510604,42.499867848040594,168.1754978304183,FAIL
CSEG_12,90,40,1256.6370614359173,226194.67105846512,10,1.0618785029839544,U09p343881_ETM_S06,1.0,652.5500000000001,1.35,1.2,38094.09917846111,361644.75842272356,340570.7502378812,42.499867848040594,168.1754978304183,FAIL
CSEG_12,90,40,1256.6370614359173,226194.67105846512,11,1.0804912692047468,U09p343881_ETM_S06,1.0,652.5500000000001,1.35,1.2,39384.339178461116,361924.3104113564,334962.73475466075,42.499867848040594,168.1754978304183,FAIL
CSEG_12,90,40,1256.6370614359173,226194.67105846512,12,1.099977526535322,U09p343881_ETM_S06,1.0,652.5500000000001,1.35,1.2,40674.579178461114,362203.8623999892,329282.9659355393,42.499867848040594,168.1754978304183,FAIL
CSEG_12,90,40,1256.6370614359173,226194.67105846512,13,1.1203975784939444,U09p343881_ETM_S06,1.0,652.5500000000001,1.35,1.2,41964.81917846111,362483.4143886221,323531.05839078827,42.499867848040594,168.1754978304183,FAIL
CSEG_12,90,40,1256.6370614359173,226194.67105846512,14,1.1421413893047725,U09p343881_ETM_S06,1.0,652.5500000000001,1.35,1.2,43255.05917846112,362762.9663772548,317616.513834658,42.499867848040594,168.1754978304183,FAIL
CSEG_12,90,40,1256.6370614359173,226194.67105846512,15,1.1656772590909426,U09p343881_ETM_S06,1.0,652.5500000000001,1.35,1.2,44545.29917846111,363042.51836588763,311443.42530024785,42.499867848040594,168.1754978304183,FAIL
CSEG_12,90,40,1256.6370614359173,226194.67105846512,16,1.1911710485328604,U09p343881_ETM_S06,1.0,652.5500000000001,1.35,1.2,45835.53917846111,363322.07035452046,305012.5091623209,42.499867848040594,168.1754978304183,FAIL
CSEG_12,90,50,1963.4954084936207,353429.1735288517,1,0.8622551075897318,U09p343881_ETM_S06,1.0,652.5500000000001,1.0,1.0,18660.517909971197,359459.26617538417,416882.73344089935,37.499867848040594,158.1754978304183,PASS
CSEG_12,90,50,1963.4954084936207,353429.1735288517,2,0.850129942372664,U09p343881_ETM_S06,1.0,652.5500000000001,1.0,1.0,18660.517909971197,359459.26617538417,422828.6150845998,37.499867848040594,158.1754978304183,PASS
CSEG_12,90,50,1963.4954084936207,353429.1735288517,3,0.8398958648127067,U09p343881_ETM_S06,1.0,652.5500000000001,1.0,1.0,18660.517909971197,359459.26617538417,427980.754799337,37.499867848040594,158.1754978304183,PASS
CSEG_12,90,50,1963.4954084936207,353429.1735288517,4,0.8316133785041802,U09p343881_ETM_S06,1.0,652.5500000000001,1.0,1.0,18660.517909971197,359459.26617538417,432243.2460405365,37.499867848040594,158.1754978304183,PASS
CSEG_12,90,50,1963.4954084936207,353429.1735288517,5,0.8249850891774871,U09p343881_ETM_S06,1.0,652.5500000000001,1.0,1.0,18660.517909971197,359459.26617538417,435716.07643692836,37.499867848040594,158.1754978304183,PASS
CSEG_12,90,50,1963.4954084936207,353429.1735288517,6,0.821274441962086,U09p343881_ETM_S06,1.0,652.5500000000001,1.0,1.2,26401.957909971195,361136.57810718106,439727.0384360176,37.499867848040594,158.1754978304183,PASS
CSEG_12,90,50,1963.4954084936207,353429.1735288517,7,0.8213790358625249,U09p343881_ETM_S06,1.0,652.5500000000001,1.35,1.2,34223.37917846112,360806.1024568251,439268.7014198565,37.499867848040594,158.1754978304183,PASS
CSEG_12,90,50,1963.4954084936207,353429.1735288517,8,0.8252317864672638,U09p343881_ETM_S06,1.0,652.5500000000001,1.35,1.2,35513.619178461115,361085.6544454579,437556.6481645479,37.499867848040594,158.1754978304183,PASS
CSEG_12,90,50,1963.4954084936207,353429.1735288517,9,0.8318190611727553,U09p343881_ETM_S06,1.0,652.5500000000001,1.35,1.2,36803.85917846111,361365.20643409074,434427.65777044516,37.499867848040594,158.1754978304183,PASS
CSEG_12,90,50,1963.4954084936207,353429.1735288517,10,0.8417266455021826,U09p343881_ETM_S06,1.0,652.5500000000001,1.35,1.2,38094.09917846111,361644.75842272356,429646.32325137185,37.499867848040594,158.1754978304183,PASS
CSEG_12,90,50,1963.4954084936207,353429.1735288517,11,0.854902465166722,U09p343881_ETM_S06,1.0,652.5500000000001,1.35,1.2,39384.339178461116,361924.3104113564,423351.5812131556,37.499867848040594,158.1754978304183,PASS
CSEG_12,90,50,1963.4954084936207,353429.1735288517,12,0.8699430257817791,U09p343881_ETM_S06,1.0,652.5500000000001,1.35,1.2,40674.579178461114,362203.8623999892,416353.5446180429,37.499867848040594,158.1754978304183,PASS
CSEG_12,90,50,1963.4954084936207,353429.1735288517,13,0.8854366405007916,U09p343881_ETM_S06,1.0,652.5500000000001,1.35,1.2,41964.81917846111,362483.4143886221,409383.7975618516,37.499867848040594,158.1754978304183,PASS
CSEG_12,90,50,1963.4954084936207,353429.1735288517,14,0.9013573519510335,U09p343881_ETM_S06,1.0,652.5500000000001,1.35,1.2,43255.05917846112,362762.9663772548,402462.9805171457,37.499867848040594,158.1754978304183,PASS
CSEG_12,90,50,1963.4954084936207,353429.1735288517,15,0.917908051429218,U09p343881_ETM_S06,1.0,652.5500000000001,1.35,1.2,44545.29917846111,363042.51836588763,395510.76799099485,37.499867848040594,158.1754978304183,PASS
CSEG_12,90,50,1963.4954084936207,353429.1735288517,16,0.9352278797005741,U09p343881_ETM_S06,1.0,652.5500000000001,1.35,1.2,45835.53917846111,363322.07035452046,388485.07218459196,37.499867848040594,158.1754978304183,PASS
CSEG_13,90,25,490.8738521234052,88357.29338221293,1,2.070344248769617,U09p343881_ETM_S06,0.7,652.6,1.0,1.0,18046.9106078775,347737.45211995795,167961.17473053792,49.99993691937925,177.2425833909931,FAIL
CSEG_13,90,25,490.8738521234052,88357.29338221293,2,1.9102122606293697,U09p343881_ETM_S06,0.7,652.6,1.0,1.0,18046.9106078775,347737.45211995795,182041.26278897753,49.99993691937925,177.2425833909931,FAIL
CSEG_13,90,25,490.8738521234052,88357.29338221293,3,1.7891671546132972,U09p343881_ETM_S06,0.7,652.6,1.0,1.0,18046.9106078775,347737.45211995795,194357.16289745795,49.99993691937925,177.2425833909931,FAIL
CSEG_13,90,25,490.8738521234052,88357.29338221293,4,1.6967544248607558,U09p343881_ETM_S06,0.7,652.6,1.0,1.0,18046.9106078775,347737.45211995795,204942.71122852387,49.99993691937925,177.2425833909931,FAIL
CSEG_13,90,25,490.8738521234052,88357.29338221293,5,1.6220076489403836,U09p343881_ETM_S06,0.7,652.6,1.0,1.0,18046.9106078775,347737.45211995795,214387.06059563035,49.99993691937925,177.2425833909931,FAIL
CSEG_13,90,25,490.8738521234052,88357.29338221293,6,1.5612474262194596,U09p343881_ETM_S06,1.0,652.6,1.0,1.0,18046.9106078775,347737.45211995795,222730.52065936767,49.99993691937925,177.2425833909931,FAIL
CSEG_13,90,25,490.8738521234052,88357.29338221293,7,1.5154981640955372,U09p343881_ETM_S06,1.0,652.6,1.0,1.0,18046.9106078775,347737.45211995795,229454.22195710198,49.99993691937925,177.2425833909931,FAIL
CSEG_13,90,25,490.8738521234052,88357.29338221293,8,1.4803082786347823,U09p343881_ETM_S06,1.0,652.6,1.0,1.0,18046.9106078775,347737.45211995795,234908.807265916,49.99993691937925,177.2425833909931,FAIL
CSEG_13,90,25,490.8738521234052,88357.29338221293,9,1.4543468034292897,U09p343881_ETM_S06,1.0,652.6,1.0,1.0,18046.9106078775,347737.45211995795,239102.1531453209,49.99993691937925,177.2425833909931,FAIL
CSEG_13,90,25,490.8738521234052,88357.29338221293,10,1.4675947178620756,U09p343881_ETM_S06,1.0,652.5500000000001,1.35,1.2,37300.38601224701,349772.02027688315,238330.11663220957,49.99993691937925,177.2425833909931,FAIL
CSEG_13,90,25,490.8738521234052,88357.29338221293,11,1.486904313219188,U09p343881_ETM_S06,1.0,652.5500000000001,1.35,1.2,38590.62601224701,350044.6909914572,235418.4380793146,49.99993691937925,177.2425833909931,FAIL
CSEG_13,90,25,490.8738521234052,88357.29338221293,12,1.5106576673813201,U09p343881_ETM_S06,1.0,652.5500000000001,1.35,1.2,39880.86601224701,350317.36170603125,231897.25195205602,49.99993691937925,177.2425833909931,FAIL
CSEG_13,90,25,490.8738521234052,88357.29338221293,13,1.5402002299946773,U09p343881_ETM_S06,1.0,652.5500000000001,1.35,1.2,41171.10601224701,350590.0324206053,227626.26935967724,49.99993691937925,177.2425833909931,FAIL
CSEG_13,90,25,490.8738521234052,88357.29338221293,14,1.57716216244697,U09p343881_ETM_S06,1.0,652.5500000000001,1.35,1.2,42461.34601224701,350862.70313517936,222464.5705364978,49.99993691937925,177.2425833909931,FAIL
CSEG_13,90,25,490.8738521234052,88357.29338221293,15,1.6209690473723959,U09p343881_ETM_S06,1.0,652.5500000000001,1.35,1.2,43751.586012247004,351135.3738497534,216620.6531944251,49.99993691937925,177.2425833909931,FAIL
CSEG_13,90,25,490.8738521234052,88357.29338221293,16,1.673560366829585,U09p343881_ETM_S06,1.0,652.5500000000001,1.35,1.2,45041.82601224701,351408.04456432746,209976.3184700887,49.99993691937925,177.2425833909931,FAIL
CSEG_13,90,28,615.7521601035994,110835.38881864789,1,1.8198588846031514,U09p343881_ETM_S06,0.7,652.6,1.0,1.0,18046.9106078775,347737.45211995795,191079.3496473698,48.49993691937925,174.2425833909931,FAIL
CSEG_13,90,28,615.7521601035994,110835.38881864789,2,1.7036547901060577,U09p343881_ETM_S06,0.7,652.6,1.0,1.0,18046.9106078775,347737.45211995795,204112.6254799015,48.49993691937925,174.2425833909931,FAIL
CSEG_13,90,28,615.7521601035994,110835.38881864789,3,1.6169676931707762,U09p343881_ETM_S06,0.7,652.6,1.0,1.0,18046.9106078775,347737.45211995795,215055.28749190143,48.49993691937925,174.2425833909931,FAIL
CSEG_13,90,28,615.7521601035994,110835.38881864789,4,1.5462711148212014,U09p343881_ETM_S06,0.7,652.6,1.0,1.0,18046.9106078775,347737.45211995795,224887.76307521437,48.49993691937925,174.2425833909931,FAIL
CSEG_13,90,28,615.7521601035994,110835.38881864789,5,1.4884934523023186,U09p343881_ETM_S06,0.7,652.6,1.0,1.0,18046.9106078775,347737.45211995795,233617.0519138644,48.49993691937925,174.2425833909931,FAIL
CSEG_13,90,28,615.7521601035994,110835.38881864789,6,1.443299127698054,U09p343881_ETM_S06,1.0,652.6,1.0,1.0,18046.9106078775,347737.45211995795,240932.3510605672,48.49993691937925,174.2425833909931,FAIL
CSEG_13,90,28,615.7521601035994,110835.38881864789,7,1.4079255230234733,U09p343881_ETM_S06,1.0,652.6,1.0,1.0,18046.9106078775,347737.45211995795,246985.68669541788,48.49993691937925,174.2425833909931,FAIL
CSEG_13,90,28,615.7521601035994,110835.38881864789,8,1.3808919072948895,U09p343881_ETM_S06,1.0,652.6,1.0,1.0,18046.9106078775,347737.45211995795,251820.90667846793,48.49993691937925,174.2425833909931,FAIL
CSEG_13,90,28,615.7521601035994,110835.38881864789,9,1.3672607976599975,U09p343881_ETM_S06,1.0,652.5500000000001,1.35,1.2,36010.14601224701,349499.34956230904,255620.10565976932,48.49993691937925,174.2425833909931,FAIL
CSEG_13,90,28,615.7521601035994,110835.38881864789,10,1.3838444523446598,U09p343881_ETM_S06,1.0,652.5500000000001,1.35,1.2,37300.38601224701,349772.02027688315,252753.855163607,48.49993691937925,174.2425833909931,FAIL
CSEG_13,90,28,615.7521601035994,110835.38881864789,11,1.4040107425334885,U09p343881_ETM_S06,1.0,652.5500000000001,1.35,1.2,38590.62601224701,350044.6909914572,249317.67285470606,48.49993691937925,174.2425833909931,FAIL
CSEG_13,90,28,615.7521601035994,110835.38881864789,12,1.4272501082317837,U09p343881_ETM_S06,1.0,652.5500000000001,1.35,1.2,39880.86601224701,350317.36170603125,245449.17508539447,48.49993691937925,174.2425833909931,FAIL
CSEG_13,90,28,615.7521601035994,110835.38881864789,13,1.454505941365773,U09p343881_ETM_S06,1.0,652.5500000000001,1.35,1.2,41171.10601224701,350590.0324206053,241037.19513954213,48.49993691937925,174.2425833909931,FAIL
CSEG_13,90,28,615.7521601035994,110835.38881864789,14,1.487426645733802,U09p343881_ETM_S06,1.0,652.5500000000001,1.35,1.2,42461.34601224701,350862.70313517936,235885.71856065278,48.49993691937925,174.2425833909931,FAIL
CSEG_13,90,28,615.7521601035994,110835.38881864789,15,1.5258144152882893,U09p343881_ETM_S06,1.0,652.5500000000001,1.35,1.2,43751.586012247004,351135.3738497534,230129.80499558948,48.49993691937925,174.2425833909931,FAIL
CSEG_13,90,28,615.7521601035994,110835.38881864789,16,1.5707096002085619,U09p343881_ETM_S06,1.0,652.5500000000001,1.35,1.2,45041.82601224701,351408.04456432746,223725.6616485102,48.49993691937925,174.2425833909931,FAIL
CSEG_13,90,32,804.247719318987,144764.58947741767,1,1.548022936402531,U09p343881_ETM_S06,0.7,652.6,1.0,1.0,18046.9106078775,347737.45211995795,224633.26863106378,46.49993691937925,170.2425833909931,FAIL
CSEG_13,90,32,804.247719318987,144764.58947741767,2,1.4765496906500226,U09p343881_ETM_S06,0.7,652.6,1.0,1.0,18046.9106078775,347737.45211995795,235506.7725264791,46.49993691937925,170.2425833909931,FAIL
CSEG_13,90,32,804.247719318987,144764.58947741767,3,1.417407805816487,U09p343881_ETM_S06,0.7,652.6,1.0,1.0,18046.9106078775,347737.45211995795,245333.383020031,46.49993691937925,170.2425833909931,FAIL
CSEG_13,90,32,804.247719318987,144764.58947741767,4,1.3684637719233455,U09p343881_ETM_S06,0.7,652.6,1.0,1.0,18046.9106078775,347737.45211995795,254107.89766923877,46.49993691937925,170.2425833909931,FAIL
CSEG_13,90,32,804.247719318987,144764.58947741767,5,1.3296315573107802,U09p343881_ETM_S06,1.0,652.6,1.0,1.0,18046.9106078775,347737.45211995795,261529.1809283373,46.49993691937925,170.2425833909931,FAIL
CSEG_13,90,32,804.247719318987,144764.58947741767,6,1.2982240200382371,U09p343881_ETM_S06,1.0,652.6,1.0,1.0,18046.9106078775,347737.45211995795,267856.27653824794,46.49993691937925,170.2425833909931,FAIL
CSEG_13,90,32,804.247719318987,144764.58947741767,7,1.2737358028995003,U09p343881_ETM_S06,1.0,652.6,1.0,1.0,18046.9106078775,347737.45211995795,273005.9493722145,46.49993691937925,170.2425833909931,FAIL
CSEG_13,90,32,804.247719318987,144764.58947741767,8,1.2550639527041614,U09p343881_ETM_S06,1.0,652.6,1.0,1.0,18046.9106078775,347737.45211995795,277067.51625741675,46.49993691937925,170.2425833909931,FAIL
CSEG_13,90,32,804.247719318987,144764.58947741767,9,1.2551211559364892,U09p343881_ETM_S06,1.0,652.5500000000001,1.35,1.2,36010.14601224701,349499.34956230904,278458.65549253335,46.49993691937925,170.2425833909931,FAIL
CSEG_13,90,32,804.247719318987,144764.58947741767,10,1.272193506567676,U09p343881_ETM_S06,1.0,652.5500000000001,1.35,1.2,37300.38601224701,349772.02027688315,274936.17792512814,46.49993691937925,170.2425833909931,FAIL
CSEG_13,90,32,804.247719318987,144764.58947741767,11,1.292656472351099,U09p343881_ETM_S06,1.0,652.5500000000001,1.35,1.2,38590.62601224701,350044.6909914572,270794.83101553796,46.49993691937925,170.2425833909931,FAIL
CSEG_13,90,32,804.247719318987,144764.58947741767,12,1.315024420374146,U09p343881_ETM_S06,1.0,652.5500000000001,1.35,1.2,39880.86601224701,350317.36170603125,266396.0883755757,46.49993691937925,170.2425833909931,FAIL
CSEG_13,90,32,804.247719318987,144764.58947741767,13,1.3399831555513446,U09p343881_ETM_S06,1.0,652.5500000000001,1.35,1.2,41171.10601224701,350590.0324206053,261637.64146449495,46.49993691937925,170.2425833909931,FAIL
CSEG_13,90,32,804.247719318987,144764.58947741767,14,1.36816895324431,U09p343881_ETM_S06,1.0,652.5500000000001,1.35,1.2,42461.34601224701,350862.70313517936,256446.9119864079,46.49993691937925,170.2425833909931,FAIL
CSEG_13,90,32,804.247719318987,144764.58947741767,15,1.4008546666725763,U09p343881_ETM_S06,1.0,652.5500000000001,1.35,1.2,43751.586012247004,351135.3738497534,250657.96060329277,46.49993691937925,170.2425833909931,FAIL
CSEG_13,90,32,804.247719318987,144764.58947741767,16,1.4376164057692893,U09p343881_ETM_S06,1.0,652.5500000000001,1.35,1.2,45041.82601224701,351408.04456432746,244437.97605125685,46.49993691937925,170.2425833909931,FAIL
CSEG_13,90,36,1017.8760197630929,183217.68355735674,1,1.337128800711942,U09p343881_ETM_S06,0.7,652.6,1.0,1.0,18046.9106078775,347737.45211995795,260062.7942011333,44.49993691937925,166.2425833909931,FAIL
CSEG_13,90,36,1017.8760197630929,183217.68355735674,2,1.2891046626527514,U09p343881_ETM_S06,0.7,652.6,1.0,1.0,18046.9106078775,347737.45211995795,269751.139837145,44.49993691937925,166.2425833909931,FAIL
CSEG_13,90,36,1017.8760197630929,183217.68355735674,3,1.2490942039360449,U09p343881_ETM_S06,1.0,652.6,1.0,1.0,18046.9106078775,347737.45211995795,278391.6945769148,44.49993691937925,166.2425833909931,FAIL
CSEG_13,90,36,1017.8760197630929,183217.68355735674,4,1.2162522292004394,U09p343881_ETM_S06,1.0,652.6,1.0,1.0,18046.9106078775,347737.45211995795,285908.99467338243,44.49993691937925,166.2425833909931,FAIL
CSEG_13,90,36,1017.8760197630929,183217.68355735674,5,1.1895827893799555,U09p343881_ETM_S06,1.0,652.6,1.0,1.0,18046.9106078775,347737.45211995795,292318.83247168415,44.49993691937925,166.2425833909931,FAIL
CSEG_13,90,36,1017.8760197630929,183217.68355735674,6,1.1680994399841333,U09p343881_ETM_S06,1.0,652.6,1.0,1.0,18046.9106078775,347737.45211995795,297695.0764779764,44.49993691937925,166.2425833909931,FAIL
CSEG_13,90,36,1017.8760197630929,183217.68355735674,7,1.1514095173660404,U09p343881_ETM_S06,1.0,652.6,1.0,1.0,18046.9106078775,347737.45211995795,302010.22909332963,44.49993691937925,166.2425833909931,FAIL
CSEG_13,90,36,1017.8760197630929,183217.68355735674,8,1.1403021189221065,U09p343881_ETM_S06,1.0,652.5500000000001,1.35,1.2,34719.90601224701,349226.678847735,306258.0285107674,44.49993691937925,166.2425833909931,FAIL
CSEG_13,90,36,1017.8760197630929,183217.68355735674,9,1.1477566004495001,U09p343881_ETM_S06,1.0,652.5500000000001,1.35,1.2,36010.14601224701,349499.34956230904,304506.50375300244,44.49993691937925,166.2425833909931,FAIL
CSEG_13,90,36,1017.8760197630929,183217.68355735674,10,1.1638809664828067,U09p343881_ETM_S06,1.0,652.5500000000001,1.35,1.2,37300.38601224701,349772.02027688315,300522.1584934735,44.49993691937925,166.2425833909931,FAIL
CSEG_13,90,36,1017.8760197630929,183217.68355735674,11,1.183835622992764,U09p343881_ETM_S06,1.0,652.5500000000001,1.35,1.2,38590.62601224701,350044.6909914572,295686.9046620983,44.49993691937925,166.2425833909931,FAIL
CSEG_13,90,36,1017.8760197630929,183217.68355735674,12,1.205061924978719,U09p343881_ETM_S06,1.0,652.5500000000001,1.35,1.2,39880.86601224701,350317.36170603125,290704.86291583546,44.49993691937925,166.2425833909931,FAIL
CSEG_13,90,36,1017.8760197630929,183217.68355735674,13,1.2277846589404966,U09p343881_ETM_S06,1.0,652.5500000000001,1.35,1.2,41171.10601224701,350590.0324206053,285546.8423291289,44.49993691937925,166.2425833909931,FAIL
CSEG_13,90,36,1017.8760197630929,183217.68355735674,14,1.2526461195998229,U09p343881_ETM_S06,1.0,652.5500000000001,1.35,1.2,42461.34601224701,350862.70313517936,280097.22590069403,44.49993691937925,166.2425833909931,FAIL
CSEG_13,90,36,1017.8760197630929,183217.68355735674,15,1.2801460620237652,U09p343881_ETM_S06,1.0,652.5500000000001,1.35,1.2,43751.586012247004,351135.3738497534,274293.2109595747,44.49993691937925,166.2425833909931,FAIL
CSEG_13,90,36,1017.8760197630929,183217.68355735674,16,1.311074721904423,U09p343881_ETM_S06,1.0,652.5500000000001,1.35,1.2,45041.82601224701,351408.04456432746,268030.523884927,44.49993691937925,166.2425833909931,FAIL
CSEG_13,90,40,1256.6370614359173,226194.67105846512,1,1.1663556320351225,U09p343881_ETM_S06,0.7,652.6,1.0,1.0,18046.9106078775,347737.45211995795,298140.1577434888,42.49993691937925,162.2425833909931,FAIL
CSEG_13,90,40,1256.6370614359173,226194.67105846512,2,1.1343084903096792,U09p343881_ETM_S06,1.0,652.6,1.0,1.0,18046.9106078775,347737.45211995795,306563.3864955217,42.49993691937925,162.2425833909931,FAIL
CSEG_13,90,40,1256.6370614359173,226194.67105846512,3,1.1073977497940946,U09p343881_ETM_S06,1.0,652.6,1.0,1.0,18046.9106078775,347737.45211995795,314013.1467529304,42.49993691937925,162.2425833909931,FAIL
CSEG_13,90,40,1256.6370614359173,226194.67105846512,4,1.0850640486366205,U09p343881_ETM_S06,1.0,652.6,1.0,1.0,18046.9106078775,347737.45211995795,320476.4295314078,42.49993691937925,162.2425833909931,FAIL
CSEG_13,90,40,1256.6370614359173,226194.67105846512,5,1.0668378692074112,U09p343881_ETM_S06,1.0,652.6,1.0,1.0,18046.9106078775,347737.45211995795,325951.5453630302,42.49993691937925,162.2425833909931,FAIL
CSEG_13,90,40,1256.6370614359173,226194.67105846512,6,1.052377046231437,U09p343881_ETM_S06,1.0,652.6,1.0,1.0,18046.9106078775,347737.45211995795,330430.4796129924,42.49993691937925,162.2425833909931,FAIL
CSEG_13,90,40,1256.6370614359173,226194.67105846512,7,1.0412526087625587,U09p343881_ETM_S06,1.0,652.6,1.0,1.0,18046.9106078775,347737.45211995795,333960.70194072765,42.49993691937925,162.2425833909931,FAIL
CSEG_13,90,40,1256.6370614359173,226194.67105846512,8,1.0395765087448534,U09p343881_ETM_S06,1.0,652.5500000000001,1.35,1.2,34719.90601224701,349226.678847735,335931.6759373281,42.49993691937925,162.2425833909931,FAIL
CSEG_13,90,40,1256.6370614359173,226194.67105846512,9,1.0472075788136592,U09p343881_ETM_S06,1.0,652.5500000000001,1.35,1.2,36010.14601224701,349499.34956230904,333744.0987184635,42.49993691937925,162.2425833909931,FAIL
CSEG_13,90,40,1256.6370614359173,226194.67105846512,10,1.0616331606447198,U09p343881_ETM_S06,1.0,652.5500000000001,1.35,1.2,37300.38601224701,349772.02027688315,329465.9899889242,42.49993691937925,162.2425833909931,FAIL
CSEG_13,90,40,1256.6370614359173,226194.67105846512,11,1.080267059019485,U09p343881_ETM_S06,1.0,652.5500000000001,1.35,1.2,38590.62601224701,350044.6909914572,324035.32818003243,42.49993691937925,162.2425833909931,FAIL
CSEG_13,90,40,1256.6370614359173,226194.67105846512,12,1.0999114168099409,U09p343881_ETM_S06,1.0,652.5500000000001,1.35,1.2,39880.86601224701,350317.36170603125,318495.97735975165,42.49993691937925,162.2425833909931,FAIL
CSEG_13,90,40,1256.6370614359173,226194.67105846512,13,1.1205674297747188,U09p343881_ETM_S06,1.0,652.5500000000001,1.35,1.2,41171.10601224701,350590.0324206053,312868.30502568564,42.49993691937925,162.2425833909931,FAIL
CSEG_13,90,40,1256.6370614359173,226194.67105846512,14,1.1425994276119824,U09p343881_ETM_S06,1.0,652.5500000000001,1.35,1.2,42461.34601224701,350862.70313517936,307074.1107130412,42.49993691937925,162.2425833909931,FAIL
CSEG_13,90,40,1256.6370614359173,226194.67105846512,15,1.166262173037066,U09p343881_ETM_S06,1.0,652.5500000000001,1.35,1.2,43751.586012247004,351135.3738497534,301077.5638340057,42.49993691937925,162.2425833909931,FAIL
CSEG_13,90,40,1256.6370614359173,226194.67105846512,16,1.1920856580443986,U09p343881_ETM_S06,1.0,652.5500000000001,1.35,1.2,45041.82601224701,351408.04456432746,294784.2230908204,42.49993691937925,162.2425833909931,FAIL
CSEG_13,90,50,1963.4954084936207,353429.1735288517,1,0.8608923710759113,U09p343881_ETM_S06,1.0,652.6,1.0,1.0,18046.9106078775,347737.45211995795,403926.7436943001,37.49993691937925,152.2425833909931,PASS
CSEG_13,90,50,1963.4954084936207,353429.1735288517,2,0.8487927344907441,U09p343881_ETM_S06,1.0,652.6,1.0,1.0,18046.9106078775,347737.45211995795,409684.76518427354,37.49993691937925,152.2425833909931,PASS
CSEG_13,90,50,1963.4954084936207,353429.1735288517,3,0.8385717338215631,U09p343881_ETM_S06,1.0,652.6,1.0,1.0,18046.9106078775,347737.45211995795,414678.2416994177,37.49993691937925,152.2425833909931,PASS
CSEG_13,90,50,1963.4954084936207,353429.1735288517,4,0.8302617108195663,U09p343881_ETM_S06,1.0,652.6,1.0,1.0,18046.9106078775,347737.45211995795,418828.72302602034,37.49993691937925,152.2425833909931,PASS
CSEG_13,90,50,1963.4954084936207,353429.1735288517,5,0.8236318915664718,U09p343881_ETM_S06,1.0,652.6,1.0,1.0,18046.9106078775,347737.45211995795,422200.08195480803,37.49993691937925,152.2425833909931,PASS
CSEG_13,90,50,1963.4954084936207,353429.1735288517,6,0.8200694114069066,U09p343881_ETM_S06,1.0,652.6,1.0,1.2,25788.3506078775,349373.4764074023,426029.15259089967,37.49993691937925,152.2425833909931,PASS
CSEG_13,90,50,1963.4954084936207,353429.1735288517,7,0.8200444137449207,U09p343881_ETM_S06,1.0,652.5500000000001,1.35,1.2,33429.66601224701,348954.00813316094,425530.62039601314,37.49993691937925,152.2425833909931,PASS
CSEG_13,90,50,1963.4954084936207,353429.1735288517,8,0.8239117467203496,U09p343881_ETM_S06,1.0,652.5500000000001,1.35,1.2,34719.90601224701,349226.678847735,423864.18234460347,37.49993691937925,152.2425833909931,PASS
CSEG_13,90,50,1963.4954084936207,353429.1735288517,9,0.8305495116280217,U09p343881_ETM_S06,1.0,652.5500000000001,1.35,1.2,36010.14601224701,349499.34956230904,420804.9546344678,37.49993691937925,152.2425833909931,PASS
CSEG_13,90,50,1963.4954084936207,353429.1735288517,10,0.8406291891369484,U09p343881_ETM_S06,1.0,652.5500000000001,1.35,1.2,37300.38601224701,349772.02027688315,416083.60118447087,37.49993691937925,152.2425833909931,PASS
CSEG_13,90,50,1963.4954084936207,353429.1735288517,11,0.8538206078598135,U09p343881_ETM_S06,1.0,652.5500000000001,1.35,1.2,38590.62601224701,350044.6909914572,409974.51662460936,37.49993691937925,152.2425833909931,PASS
CSEG_13,90,50,1963.4954084936207,353429.1735288517,12,0.86882194281135,U09p343881_ETM_S06,1.0,652.5500000000001,1.35,1.2,39880.86601224701,350317.36170603125,403209.6157383732,37.49993691937925,152.2425833909931,PASS
CSEG_13,90,50,1963.4954084936207,353429.1735288517,13,0.8843343908539366,U09p343881_ETM_S06,1.0,652.5500000000001,1.35,1.2,41171.10601224701,350590.0324206053,396445.09593488305,37.49993691937925,152.2425833909931,PASS
CSEG_13,90,50,1963.4954084936207,353429.1735288517,14,0.9004297332337866,U09p343881_ETM_S06,1.0,652.5500000000001,1.35,1.2,42461.34601224701,350862.70313517936,389661.3918724092,37.49993691937925,152.2425833909931,PASS
CSEG_13,90,50,1963.4954084936207,353429.1735288517,15,0.917026241255061,U09p343881_ETM_S06,1.0,652.5500000000001,1.35,1.2,43751.586012247004,351135.3738497534,382906.571320339,37.49993691937925,152.2425833909931,PASS
CSEG_13,90,50,1963.4954084936207,353429.1735288517,16,0.9345245438857199,U09p343881_ETM_S06,1.0,652.5500000000001,1.35,1.2,45041.82601224701,351408.04456432746,376028.6948732082,37.49993691937925,152.2425833909931,PASS
CSEG_14,90,25,490.8738521234052,88357.29338221293,1,2.0763997223646413,U09p343881_ETM_S06,0.7,652.6,1.0,1.0,17465.32041174925,336066.84359288175,161850.74577555945,49.999909679225766,171.2224202098117,FAIL
CSEG_14,90,25,490.8738521234052,88357.29338221293,2,1.9139769639081807,U09p343881_ETM_S06,0.7,652.6,1.0,1.0,17465.32041174925,336066.84359288175,175585.6261230341,49.999909679225766,171.2224202098117,FAIL
CSEG_14,90,25,490.8738521234052,88357.29338221293,3,1.7913946710704367,U09p343881_ETM_S06,0.7,652.6,1.0,1.0,17465.32041174925,336066.84359288175,187600.67171131368,49.999909679225766,171.2224202098117,FAIL
CSEG_14,90,25,490.8738521234052,88357.29338221293,4,1.697691915367704,U09p343881_ETM_S06,0.7,652.6,1.0,1.0,17465.32041174925,336066.84359288175,197955.14165483488,49.999909679225766,171.2224202098117,FAIL
CSEG_14,90,25,490.8738521234052,88357.29338221293,5,1.6218830961775856,U09p343881_ETM_S06,0.7,652.6,1.0,1.0,17465.32041174925,336066.84359288175,207207.8094807917,49.999909679225766,171.2224202098117,FAIL
CSEG_14,90,25,490.8738521234052,88357.29338221293,6,1.5613325527684603,U09p343881_ETM_S06,1.0,652.6,1.0,1.0,17465.32041174925,336066.84359288175,215243.60265017752,49.999909679225766,171.2224202098117,FAIL
CSEG_14,90,25,490.8738521234052,88357.29338221293,7,1.5150718534417502,U09p343881_ETM_S06,1.0,652.6,1.0,1.0,17465.32041174925,336066.84359288175,221815.77911928552,49.999909679225766,171.2224202098117,FAIL
CSEG_14,90,25,490.8738521234052,88357.29338221293,8,1.4795162443273322,U09p343881_ETM_S06,1.0,652.6,1.0,1.0,17465.32041174925,336066.84359288175,227146.43714214567,49.999909679225766,171.2224202098117,FAIL
CSEG_14,90,25,490.8738521234052,88357.29338221293,9,1.4532270139556238,U09p343881_ETM_S06,1.0,652.6,1.0,1.0,17465.32041174925,336066.84359288175,231255.57147339405,49.999909679225766,171.2224202098117,FAIL
CSEG_14,90,25,490.8738521234052,88357.29338221293,10,1.466323825288561,U09p343881_ETM_S06,1.0,652.6,1.35,1.2,36480.58255586149,337959.1424377182,230480.5641217829,49.999909679225766,171.2224202098117,FAIL
CSEG_14,90,25,490.8738521234052,88357.29338221293,11,1.4858295683826948,U09p343881_ETM_S06,1.0,652.6,1.35,1.2,37770.82255586148,338224.9318699492,227633.7334154027,49.999909679225766,171.2224202098117,FAIL
CSEG_14,90,25,490.8738521234052,88357.29338221293,12,1.509650797950252,U09p343881_ETM_S06,1.0,652.6,1.35,1.2,39061.062555861485,338490.72130218014,224217.89314573296,49.999909679225766,171.2224202098117,FAIL
CSEG_14,90,25,490.8738521234052,88357.29338221293,13,1.5394076533244718,U09p343881_ETM_S06,1.0,652.6,1.35,1.2,40351.30255586149,338756.51073441113,220056.40286563462,49.999909679225766,171.2224202098117,FAIL
CSEG_14,90,25,490.8738521234052,88357.29338221293,14,1.5765607922313098,U09p343881_ETM_S06,1.0,652.6,1.35,1.2,41641.54255586148,339022.3001666421,215039.1547457064,49.999909679225766,171.2224202098117,FAIL
CSEG_14,90,25,490.8738521234052,88357.29338221293,15,1.6212083601003164,U09p343881_ETM_S06,1.0,652.6,1.35,1.2,42931.782555861486,339288.08959887305,209280.98938367103,49.999909679225766,171.2224202098117,FAIL
CSEG_14,90,25,490.8738521234052,88357.29338221293,16,1.6745177161291502,U09p343881_ETM_S06,1.0,652.5500000000001,1.35,1.2,44256.64478835584,339487.7955578639,202737.6553188287,49.999909679225766,171.2224202098117,FAIL
CSEG_14,90,28,615.7521601035994,110835.38881864789,1,1.8229024920734171,U09p343881_ETM_S06,0.7,652.6,1.0,1.0,17465.32041174925,336066.84359288175,184358.10201270314,48.499909679225766,168.2224202098117,FAIL
CSEG_14,90,28,615.7521601035994,110835.38881864789,2,1.7054516110327065,U09p343881_ETM_S06,0.7,652.6,1.0,1.0,17465.32041174925,336066.84359288175,197054.45843132562,48.499909679225766,168.2224202098117,FAIL
CSEG_14,90,28,615.7521601035994,110835.38881864789,3,1.6176900067056432,U09p343881_ETM_S06,0.7,652.6,1.0,1.0,17465.32041174925,336066.84359288175,207744.89685898944,48.499909679225766,168.2224202098117,FAIL
CSEG_14,90,28,615.7521601035994,110835.38881864789,4,1.5461267586335719,U09p343881_ETM_S06,0.7,652.6,1.0,1.0,17465.32041174925,336066.84359288175,217360.47301185658,48.499909679225766,168.2224202098117,FAIL
CSEG_14,90,28,615.7521601035994,110835.38881864789,5,1.4881109406290642,U09p343881_ETM_S06,1.0,652.6,1.0,1.0,17465.32041174925,336066.84359288175,225834.53586519384,48.499909679225766,168.2224202098117,FAIL
CSEG_14,90,28,615.7521601035994,110835.38881864789,6,1.4427470139506868,U09p343881_ETM_S06,1.0,652.6,1.0,1.0,17465.32041174925,336066.84359288175,232935.39362291037,48.499909679225766,168.2224202098117,FAIL
CSEG_14,90,28,615.7521601035994,110835.38881864789,7,1.4069895595725883,U09p343881_ETM_S06,1.0,652.6,1.0,1.0,17465.32041174925,336066.84359288175,238855.2504220225,48.499909679225766,168.2224202098117,FAIL
CSEG_14,90,28,615.7521601035994,110835.38881864789,8,1.379681090970438,U09p343881_ETM_S06,1.0,652.6,1.0,1.0,17465.32041174925,336066.84359288175,243582.98870103352,48.499909679225766,168.2224202098117,FAIL
CSEG_14,90,28,615.7521601035994,110835.38881864789,9,1.3657675152462088,U09p343881_ETM_S06,1.0,652.6,1.35,1.2,35190.34255586148,337693.35300548724,247255.37050470174,48.499909679225766,168.2224202098117,FAIL
CSEG_14,90,28,615.7521601035994,110835.38881864789,10,1.3821515917133351,U09p343881_ETM_S06,1.0,652.6,1.35,1.2,36480.58255586149,337959.1424377182,244516.69734633027,48.499909679225766,168.2224202098117,FAIL
CSEG_14,90,28,615.7521601035994,110835.38881864789,11,1.4025132489641234,U09p343881_ETM_S06,1.0,652.6,1.35,1.2,37770.82255586148,338224.9318699492,241156.31857293143,48.499909679225766,168.2224202098117,FAIL
CSEG_14,90,28,615.7521601035994,110835.38881864789,12,1.4259009848185593,U09p343881_ETM_S06,1.0,652.6,1.35,1.2,39061.062555861485,338490.72130218014,237387.25543081926,48.499909679225766,168.2224202098117,FAIL
CSEG_14,90,28,615.7521601035994,110835.38881864789,13,1.4533284039609438,U09p343881_ETM_S06,1.0,652.6,1.35,1.2,40351.30255586149,338756.51073441113,233090.1328365662,48.499909679225766,168.2224202098117,FAIL
CSEG_14,90,28,615.7521601035994,110835.38881864789,14,1.4862850823379254,U09p343881_ETM_S06,1.0,652.6,1.35,1.2,41641.54255586148,339022.3001666421,228100.45272967435,48.499909679225766,168.2224202098117,FAIL
CSEG_14,90,28,615.7521601035994,110835.38881864789,15,1.5251237754195868,U09p343881_ETM_S06,1.0,652.6,1.35,1.2,42931.782555861486,339288.08959887305,222465.9369076646,48.499909679225766,168.2224202098117,FAIL
CSEG_14,90,28,615.7521601035994,110835.38881864789,16,1.57072224948131,U09p343881_ETM_S06,1.0,652.6,1.35,1.2,44222.022555861484,339553.8790311041,216176.90787994687,48.499909679225766,168.2224202098117,FAIL
CSEG_14,90,32,804.247719318987,144764.58947741767,1,1.5487986092868404,U09p343881_ETM_S06,0.7,652.6,1.0,1.0,17465.32041174925,336066.84359288175,216985.50190952656,46.499909679225766,164.2224202098117,FAIL
CSEG_14,90,32,804.247719318987,144764.58947741767,2,1.4765810244463284,U09p343881_ETM_S06,0.7,652.6,1.0,1.0,17465.32041174925,336066.84359288175,227597.96992440446,46.499909679225766,164.2224202098117,FAIL
CSEG_14,90,32,804.247719318987,144764.58947741767,3,1.416813958768119,U09p343881_ETM_S06,0.7,652.6,1.0,1.0,17465.32041174925,336066.84359288175,237198.99250927955,46.499909679225766,164.2224202098117,FAIL
CSEG_14,90,32,804.247719318987,144764.58947741767,4,1.3678144504430714,U09p343881_ETM_S06,1.0,652.6,1.0,1.0,17465.32041174925,336066.84359288175,245696.2225278588,46.499909679225766,164.2224202098117,FAIL
CSEG_14,90,32,804.247719318987,144764.58947741767,5,1.3286905329543692,U09p343881_ETM_S06,1.0,652.6,1.0,1.0,17465.32041174925,336066.84359288175,252930.86332573666,46.499909679225766,164.2224202098117,FAIL
CSEG_14,90,32,804.247719318987,144764.58947741767,6,1.2970369593661841,U09p343881_ETM_S06,1.0,652.6,1.0,1.0,17465.32041174925,336066.84359288175,259103.5214271039,46.499909679225766,164.2224202098117,FAIL
CSEG_14,90,32,804.247719318987,144764.58947741767,7,1.2723152204008463,U09p343881_ETM_S06,1.0,652.6,1.0,1.0,17465.32041174925,336066.84359288175,264138.0360811867,46.499909679225766,164.2224202098117,FAIL
CSEG_14,90,32,804.247719318987,144764.58947741767,8,1.2534710087955414,U09p343881_ETM_S06,1.0,652.6,1.0,1.0,17465.32041174925,336066.84359288175,268108.98795003485,46.499909679225766,164.2224202098117,FAIL
CSEG_14,90,32,804.247719318987,144764.58947741767,9,1.2532788102961547,U09p343881_ETM_S06,1.0,652.6,1.35,1.2,35190.34255586148,337693.35300548724,269447.9075455596,46.499909679225766,164.2224202098117,FAIL
CSEG_14,90,32,804.247719318987,144764.58947741767,10,1.270129667354218,U09p343881_ETM_S06,1.0,652.6,1.35,1.2,36480.58255586149,337959.1424377182,266082.3938879518,46.499909679225766,164.2224202098117,FAIL
CSEG_14,90,32,804.247719318987,144764.58947741767,11,1.2908287559386478,U09p343881_ETM_S06,1.0,652.6,1.35,1.2,37770.82255586148,338224.9318699492,262021.53485804808,46.499909679225766,164.2224202098117,FAIL
CSEG_14,90,32,804.247719318987,144764.58947741767,12,1.3133385148104029,U09p343881_ETM_S06,1.0,652.6,1.35,1.2,39061.062555861485,338490.72130218014,257733.03492210887,46.499909679225766,164.2224202098117,FAIL
CSEG_14,90,32,804.247719318987,144764.58947741767,13,1.3382443143884226,U09p343881_ETM_S06,1.0,652.6,1.35,1.2,40351.30255586149,338756.51073441113,253135.02705910825,46.499909679225766,164.2224202098117,FAIL
CSEG_14,90,32,804.247719318987,144764.58947741767,14,1.3666180628902664,U09p343881_ETM_S06,1.0,652.6,1.35,1.2,41641.54255586148,339022.3001666421,248073.92011901434,46.499909679225766,164.2224202098117,FAIL
CSEG_14,90,32,804.247719318987,144764.58947741767,15,1.3993427284517699,U09p343881_ETM_S06,1.0,652.6,1.35,1.2,42931.782555861486,339288.08959887305,242462.46662835823,46.499909679225766,164.2224202098117,FAIL
CSEG_14,90,32,804.247719318987,144764.58947741767,16,1.4365741856268384,U09p343881_ETM_S06,1.0,652.6,1.35,1.2,44222.022555861484,339553.8790311041,236363.62286639743,46.499909679225766,164.2224202098117,FAIL
CSEG_14,90,36,1017.8760197630929,183217.68355735674,1,1.3365512127771266,U09p343881_ETM_S06,0.7,652.6,1.0,1.0,17465.32041174925,336066.84359288175,251443.29703206202,44.499909679225766,160.2224202098117,FAIL
CSEG_14,90,36,1017.8760197630929,183217.68355735674,2,1.2881100726799837,U09p343881_ETM_S06,0.7,652.6,1.0,1.0,17465.32041174925,336066.84359288175,260899.165933604,44.499909679225766,160.2224202098117,FAIL
CSEG_14,90,36,1017.8760197630929,183217.68355735674,3,1.2480555566670106,U09p343881_ETM_S06,1.0,652.6,1.0,1.0,17465.32041174925,336066.84359288175,269272.3427235592,44.499909679225766,160.2224202098117,FAIL
CSEG_14,90,36,1017.8760197630929,183217.68355735674,4,1.214982857845066,U09p343881_ETM_S06,1.0,652.6,1.0,1.0,17465.32041174925,336066.84359288175,276602.12769498746,44.499909679225766,160.2224202098117,FAIL
CSEG_14,90,36,1017.8760197630929,183217.68355735674,5,1.1881337677282306,U09p343881_ETM_S06,1.0,652.6,1.0,1.0,17465.32041174925,336066.84359288175,282852.69952006993,44.499909679225766,160.2224202098117,FAIL
CSEG_14,90,36,1017.8760197630929,183217.68355735674,6,1.1664681652837108,U09p343881_ETM_S06,1.0,652.6,1.0,1.0,17465.32041174925,336066.84359288175,288106.3140811416,44.499909679225766,160.2224202098117,FAIL
CSEG_14,90,36,1017.8760197630929,183217.68355735674,7,1.1496359066442412,U09p343881_ETM_S06,1.0,652.6,1.0,1.0,17465.32041174925,336066.84359288175,292324.588724662,44.499909679225766,160.2224202098117,FAIL
CSEG_14,90,36,1017.8760197630929,183217.68355735674,8,1.1382645380028784,U09p343881_ETM_S06,1.0,652.6,1.35,1.2,33900.102555861486,337427.5635732563,296440.372433357,44.499909679225766,160.2224202098117,FAIL
CSEG_14,90,36,1017.8760197630929,183217.68355735674,9,1.1456293286928056,U09p343881_ETM_S06,1.0,652.6,1.35,1.2,35190.34255586148,337693.35300548724,294766.6793681029,44.499909679225766,160.2224202098117,FAIL
CSEG_14,90,36,1017.8760197630929,183217.68355735674,10,1.1616001965528078,U09p343881_ETM_S06,1.0,652.6,1.35,1.2,36480.58255586149,337959.1424377182,290942.73868122074,44.499909679225766,160.2224202098117,FAIL
CSEG_14,90,36,1017.8760197630929,183217.68355735674,11,1.181621579165819,U09p343881_ETM_S06,1.0,652.6,1.35,1.2,37770.82255586148,338224.9318699492,286237.9443922508,44.499909679225766,160.2224202098117,FAIL
CSEG_14,90,36,1017.8760197630929,183217.68355735674,12,1.2028926225495877,U09p343881_ETM_S06,1.0,652.6,1.35,1.2,39061.062555861485,338490.72130218014,281397.28763547743,44.499909679225766,160.2224202098117,FAIL
CSEG_14,90,36,1017.8760197630929,183217.68355735674,13,1.2257429298279967,U09p343881_ETM_S06,1.0,652.6,1.35,1.2,40351.30255586149,338756.51073441113,276368.3171168259,44.499909679225766,160.2224202098117,FAIL
CSEG_14,90,36,1017.8760197630929,183217.68355735674,14,1.2505476978330845,U09p343881_ETM_S06,1.0,652.6,1.35,1.2,41641.54255586148,339022.3001666421,271099.0558409654,44.499909679225766,160.2224202098117,FAIL
CSEG_14,90,36,1017.8760197630929,183217.68355735674,15,1.278223224646091,U09p343881_ETM_S06,1.0,652.6,1.35,1.2,42931.782555861486,339288.08959887305,265437.275005556,44.499909679225766,160.2224202098117,FAIL
CSEG_14,90,36,1017.8760197630929,183217.68355735674,16,1.3092042901089875,U09p343881_ETM_S06,1.0,652.6,1.35,1.2,44222.022555861484,339553.8790311041,259358.97216074445,44.499909679225766,160.2224202098117,FAIL
CSEG_14,90,40,1256.6370614359173,226194.67105846512,1,1.1651411987379177,U09p343881_ETM_S06,1.0,652.6,1.0,1.0,17465.32041174925,336066.84359288175,288434.43520571565,42.499909679225766,156.2224202098117,FAIL
CSEG_14,90,40,1256.6370614359173,226194.67105846512,2,1.1329341328396239,U09p343881_ETM_S06,1.0,652.6,1.0,1.0,17465.32041174925,336066.84359288175,296634.0529881933,42.499909679225766,156.2224202098117,FAIL
CSEG_14,90,40,1256.6370614359173,226194.67105846512,3,1.105878188917026,U09p343881_ETM_S06,1.0,652.6,1.0,1.0,17465.32041174925,336066.84359288175,303891.37516310747,42.499909679225766,156.2224202098117,FAIL
CSEG_14,90,40,1256.6370614359173,226194.67105846512,4,1.083408777684646,U09p343881_ETM_S06,1.0,652.6,1.0,1.0,17465.32041174925,336066.84359288175,310193.94573402905,42.499909679225766,156.2224202098117,FAIL
CSEG_14,90,40,1256.6370614359173,226194.67105846512,5,1.0650788124213737,U09p343881_ETM_S06,1.0,652.6,1.0,1.0,17465.32041174925,336066.84359288175,315532.3715705695,42.499909679225766,156.2224202098117,FAIL
CSEG_14,90,40,1256.6370614359173,226194.67105846512,6,1.0504722282686174,U09p343881_ETM_S06,1.0,652.6,1.0,1.0,17465.32041174925,336066.84359288175,319919.7794565072,42.499909679225766,156.2224202098117,FAIL
CSEG_14,90,40,1256.6370614359173,226194.67105846512,7,1.0392797886853196,U09p343881_ETM_S06,1.0,652.6,1.0,1.0,17465.32041174925,336066.84359288175,323365.1296327081,42.499909679225766,156.2224202098117,FAIL
CSEG_14,90,40,1256.6370614359173,226194.67105846512,8,1.037340487549376,U09p343881_ETM_S06,1.0,652.6,1.35,1.2,33900.102555861486,337427.5635732563,325281.3975962692,42.499909679225766,156.2224202098117,FAIL
CSEG_14,90,40,1256.6370614359173,226194.67105846512,9,1.044892315000125,U09p343881_ETM_S06,1.0,652.6,1.35,1.2,35190.34255586148,337693.35300548724,323184.83747815376,42.499909679225766,156.2224202098117,FAIL
CSEG_14,90,40,1256.6370614359173,226194.67105846512,10,1.0592243474942018,U09p343881_ETM_S06,1.0,652.6,1.35,1.2,36480.58255586149,337959.1424377182,319062.853150256,42.499909679225766,156.2224202098117,FAIL
CSEG_14,90,40,1256.6370614359173,226194.67105846512,11,1.0777534571281433,U09p343881_ETM_S06,1.0,652.6,1.35,1.2,37770.82255586148,338224.9318699492,313824.02870801906,42.499909679225766,156.2224202098117,FAIL
CSEG_14,90,40,1256.6370614359173,226194.67105846512,12,1.0975505808114563,U09p343881_ETM_S06,1.0,652.6,1.35,1.2,39061.062555861485,338490.72130218014,308405.5780389843,42.499909679225766,156.2224202098117,FAIL
CSEG_14,90,40,1256.6370614359173,226194.67105846512,13,1.1182836311116449,U09p343881_ETM_S06,1.0,652.6,1.35,1.2,40351.30255586149,338756.51073441113,302925.3950517595,42.499909679225766,156.2224202098117,FAIL
CSEG_14,90,40,1256.6370614359173,226194.67105846512,14,1.1402828898788337,U09p343881_ETM_S06,1.0,652.6,1.35,1.2,41641.54255586148,339022.3001666421,297314.2043749043,42.499909679225766,156.2224202098117,FAIL
CSEG_14,90,40,1256.6370614359173,226194.67105846512,15,1.1639813441065716,U09p343881_ETM_S06,1.0,652.6,1.35,1.2,42931.782555861486,339288.08959887305,291489.28487277246,42.499909679225766,156.2224202098117,FAIL
CSEG_14,90,40,1256.6370614359173,226194.67105846512,16,1.1898439221934798,U09p343881_ETM_S06,1.0,652.6,1.35,1.2,44222.022555861484,339553.8790311041,285376.82354601246,42.499909679225766,156.2224202098117,FAIL
CSEG_14,90,50,1963.4954084936207,353429.1735288517,1,0.8589831503409804,U09p343881_ETM_S06,1.0,652.6,1.0,1.0,17465.32041174925,336066.84359288175,391237.9928051875,37.499909679225766,146.2224202098117,PASS
CSEG_14,90,50,1963.4954084936207,353429.1735288517,2,0.8468634624007829,U09p343881_ETM_S06,1.0,652.6,1.0,1.0,17465.32041174925,336066.84359288175,396837.10363434744,37.499909679225766,146.2224202098117,PASS
CSEG_14,90,50,1963.4954084936207,353429.1735288517,3,0.8366100436397299,U09p343881_ETM_S06,1.0,652.6,1.0,1.0,17465.32041174925,336066.84359288175,401700.704106778,37.499909679225766,146.2224202098117,PASS
CSEG_14,90,50,1963.4954084936207,353429.1735288517,4,0.8282330589954565,U09p343881_ETM_S06,1.0,652.6,1.0,1.0,17465.32041174925,336066.84359288175,405763.6192408076,37.499909679225766,146.2224202098117,PASS
CSEG_14,90,50,1963.4954084936207,353429.1735288517,5,0.8215675540137326,U09p343881_ETM_S06,1.0,652.6,1.0,1.0,17465.32041174925,336066.84359288175,409055.6424131428,37.499909679225766,146.2224202098117,PASS
CSEG_14,90,50,1963.4954084936207,353429.1735288517,6,0.8180534993717977,U09p343881_ETM_S06,1.0,652.6,1.0,1.2,25206.76041174925,337661.58018626756,412762.2220864109,37.499909679225766,146.2224202098117,PASS
CSEG_14,90,50,1963.4954084936207,353429.1735288517,7,0.817748235967784,U09p343881_ETM_S06,1.0,652.6,1.35,1.2,32609.862555861488,337161.7741410253,412305.107258352,37.499909679225766,146.2224202098117,PASS
CSEG_14,90,50,1963.4954084936207,353429.1735288517,8,0.8215111717376522,U09p343881_ETM_S06,1.0,652.6,1.35,1.2,33900.102555861486,337427.5635732563,410740.07899312297,37.499909679225766,146.2224202098117,PASS
CSEG_14,90,50,1963.4954084936207,353429.1735288517,9,0.8280840603513204,U09p343881_ETM_S06,1.0,652.6,1.35,1.2,35190.34255586148,337693.35300548724,407800.81295396324,37.499909679225766,146.2224202098117,PASS
CSEG_14,90,50,1963.4954084936207,353429.1735288517,10,0.8381672416799679,U09p343881_ETM_S06,1.0,652.6,1.35,1.2,36480.58255586149,337959.1424377182,403212.0627386187,37.499909679225766,146.2224202098117,PASS
CSEG_14,90,50,1963.4954084936207,353429.1735288517,11,0.8512151156156462,U09p343881_ETM_S06,1.0,652.6,1.35,1.2,37770.82255586148,338224.9318699492,397343.66280059074,37.499909679225766,146.2224202098117,PASS
CSEG_14,90,50,1963.4954084936207,353429.1735288517,12,0.8661310794839661,U09p343881_ETM_S06,1.0,652.6,1.35,1.2,39061.062555861485,338490.72130218014,390807.7302847164,37.499909679225766,146.2224202098117,PASS
CSEG_14,90,50,1963.4954084936207,353429.1735288517,13,0.8817208837215399,U09p343881_ETM_S06,1.0,652.6,1.35,1.2,40351.30255586149,338756.51073441113,384199.2596393978,37.499909679225766,146.2224202098117,PASS
CSEG_14,90,50,1963.4954084936207,353429.1735288517,14,0.8977660532492396,U09p343881_ETM_S06,1.0,652.6,1.35,1.2,41641.54255586148,339022.3001666421,377628.78083843295,37.499909679225766,146.2224202098117,PASS
CSEG_14,90,50,1963.4954084936207,353429.1735288517,15,0.9144662546500134,U09p343881_ETM_S06,1.0,652.6,1.35,1.2,42931.782555861486,339288.08959887305,371023.08354585065,37.499909679225766,146.2224202098117,PASS
CSEG_14,90,50,1963.4954084936207,353429.1735288517,16,0.9318662722249414,U09p343881_ETM_S06,1.0,652.6,1.35,1.2,44222.022555861484,339553.8790311041,364380.4794226309,37.499909679225766,146.2224202098117,PASS
CSEG_15,90,25,490.8738521234052,88357.29338221293,1,2.0825508327999476,U09p343881_ETM_S06,0.7,652.7,1.0,1.0,16879.926686122526,324515.3319770521,155825.88759225997,49.99990428585215,165.11500828687403,FAIL
CSEG_15,90,25,490.8738521234052,88357.29338221293,2,1.9175558157163346,U09p343881_ETM_S06,0.7,652.7,1.0,1.0,16879.926686122526,324515.3319770521,169233.8388887126,49.99990428585215,165.11500828687403,FAIL
CSEG_15,90,25,490.8738521234052,88357.29338221293,3,1.7930693213346534,U09p343881_ETM_S06,0.7,652.7,1.0,1.0,16879.926686122526,324515.3319770521,180983.14890330192,49.99990428585215,165.11500828687403,FAIL
CSEG_15,90,25,490.8738521234052,88357.29338221293,4,1.6978624762880414,U09p343881_ETM_S06,0.7,652.7,1.0,1.0,16879.926686122526,324515.3319770521,191131.69441527736,49.99990428585215,165.11500828687403,FAIL
CSEG_15,90,25,490.8738521234052,88357.29338221293,5,1.6208424312287357,U09p343881_ETM_S06,0.7,652.7,1.0,1.0,16879.926686122526,324515.3319770521,200213.99102381713,49.99990428585215,165.11500828687403,FAIL
CSEG_15,90,25,490.8738521234052,88357.29338221293,6,1.5603295411208205,U09p343881_ETM_S06,1.0,652.7,1.0,1.0,16879.926686122526,324515.3319770521,207978.71438359443,49.99990428585215,165.11500828687403,FAIL
CSEG_15,90,25,490.8738521234052,88357.29338221293,7,1.5133843286366682,U09p343881_ETM_S06,1.0,652.7,1.0,1.0,16879.926686122526,324515.3319770521,214430.21831036906,49.99990428585215,165.11500828687403,FAIL
CSEG_15,90,25,490.8738521234052,88357.29338221293,8,1.4772217933030858,U09p343881_ETM_S06,1.0,652.7,1.0,1.0,16879.926686122526,324515.3319770521,219679.49122347555,49.99990428585215,165.11500828687403,FAIL
CSEG_15,90,25,490.8738521234052,88357.29338221293,9,1.450394654196427,U09p343881_ETM_S06,1.0,652.7,1.0,1.0,16879.926686122526,324515.3319770521,223742.77996552995,49.99990428585215,165.11500828687403,FAIL
CSEG_15,90,25,490.8738521234052,88357.29338221293,10,1.4623617072030572,U09p343881_ETM_S06,1.0,652.7,1.35,1.2,35690.30102626541,326265.3549271297,223108.51913043554,49.99990428585215,165.11500828687403,FAIL
CSEG_15,90,25,490.8738521234052,88357.29338221293,11,1.481791899298324,U09p343881_ETM_S06,1.0,652.7,1.35,1.2,36980.541026265404,326524.26307889674,220357.70558167883,49.99990428585215,165.11500828687403,FAIL
CSEG_15,90,25,490.8738521234052,88357.29338221293,12,1.505370725975889,U09p343881_ETM_S06,1.0,652.7,1.35,1.2,38270.78102626541,326783.1712306638,217078.20245994188,49.99990428585215,165.11500828687403,FAIL
CSEG_15,90,25,490.8738521234052,88357.29338221293,13,1.534888330121434,U09p343881_ETM_S06,1.0,652.7,1.35,1.2,39561.021026265415,327042.0793824308,213072.23005373726,49.99990428585215,165.11500828687403,FAIL
CSEG_15,90,25,490.8738521234052,88357.29338221293,14,1.5718838571286389,U09p343881_ETM_S06,1.0,652.7,1.35,1.2,40851.261026265405,327300.98753419786,208222.1189878995,49.99990428585215,165.11500828687403,FAIL
CSEG_15,90,25,490.8738521234052,88357.29338221293,15,1.6168605762682835,U09p343881_ETM_S06,1.0,652.7,1.35,1.2,42141.50102626541,327559.89568596496,202590.06898539988,49.99990428585215,165.11500828687403,FAIL
CSEG_15,90,25,490.8738521234052,88357.29338221293,16,1.6703363685668846,U09p343881_ETM_S06,1.0,652.7,1.35,1.2,43431.74102626541,327818.803837732,196259.15474677357,49.99990428585215,165.11500828687403,FAIL
CSEG_15,90,28,615.7521601035994,110835.38881864789,1,1.825863349788392,U09p343881_ETM_S06,0.7,652.7,1.0,1.0,16879.926686122526,324515.3319770521,177732.54061683294,48.49990428585215,162.11500828687403,FAIL
CSEG_15,90,28,615.7521601035994,110835.38881864789,2,1.70681774453073,U09p343881_ETM_S06,0.7,652.7,1.0,1.0,16879.926686122526,324515.3319770521,190128.87170696357,48.49990428585215,162.11500828687403,FAIL
CSEG_15,90,28,615.7521601035994,110835.38881864789,3,1.6178351647004596,U09p343881_ETM_S06,0.7,652.7,1.0,1.0,16879.926686122526,324515.3319770521,200586.15306284043,48.49990428585215,162.11500828687403,FAIL
CSEG_15,90,28,615.7521601035994,110835.38881864789,4,1.5452297838354374,U09p343881_ETM_S06,0.7,652.7,1.0,1.0,16879.926686122526,324515.3319770521,210011.0516712717,48.49990428585215,162.11500828687403,FAIL
CSEG_15,90,28,615.7521601035994,110835.38881864789,5,1.4871492080201634,U09p343881_ETM_S06,1.0,652.7,1.0,1.0,16879.926686122526,324515.3319770521,218213.02813930705,48.49990428585215,162.11500828687403,FAIL
CSEG_15,90,28,615.7521601035994,110835.38881864789,6,1.441161148283594,U09p343881_ETM_S06,1.0,652.7,1.0,1.0,16879.926686122526,324515.3319770521,225176.2978509003,48.49990428585215,162.11500828687403,FAIL
CSEG_15,90,28,615.7521601035994,110835.38881864789,7,1.4048621883765777,U09p343881_ETM_S06,1.0,652.7,1.0,1.0,16879.926686122526,324515.3319770521,230994.42398122593,48.49990428585215,162.11500828687403,FAIL
CSEG_15,90,28,615.7521601035994,110835.38881864789,8,1.3771171438171999,U09p343881_ETM_S06,1.0,652.7,1.0,1.0,16879.926686122526,324515.3319770521,235648.31316930335,48.49990428585215,162.11500828687403,FAIL
CSEG_15,90,28,615.7521601035994,110835.38881864789,9,1.3619243573542466,U09p343881_ETM_S06,1.0,652.7,1.35,1.2,34400.06102626541,326006.44677536265,239371.91886976876,48.49990428585215,162.11500828687403,FAIL
CSEG_15,90,28,615.7521601035994,110835.38881864789,10,1.378136170128321,U09p343881_ETM_S06,1.0,652.7,1.35,1.2,35690.30102626541,326265.3549271297,236743.91689229844,48.49990428585215,162.11500828687403,FAIL
CSEG_15,90,28,615.7521601035994,110835.38881864789,11,1.3984714954033517,U09p343881_ETM_S06,1.0,652.7,1.35,1.2,36980.541026265404,326524.26307889674,233486.5345143982,48.49990428585215,162.11500828687403,FAIL
CSEG_15,90,28,615.7521601035994,110835.38881864789,12,1.4215697128556475,U09p343881_ETM_S06,1.0,652.7,1.35,1.2,38270.78102626541,326783.1712306638,229874.88286749026,48.49990428585215,162.11500828687403,FAIL
CSEG_15,90,28,615.7521601035994,110835.38881864789,13,1.448925753915791,U09p343881_ETM_S06,1.0,652.7,1.35,1.2,39561.021026265415,327042.0793824308,225713.48359195358,48.49990428585215,162.11500828687403,FAIL
CSEG_15,90,28,615.7521601035994,110835.38881864789,14,1.4814568881206602,U09p343881_ETM_S06,1.0,652.7,1.35,1.2,40851.261026265405,327300.98753419786,220931.83416859593,48.49990428585215,162.11500828687403,FAIL
CSEG_15,90,28,615.7521601035994,110835.38881864789,15,1.5206175840721703,U09p343881_ETM_S06,1.0,652.7,1.35,1.2,42141.50102626541,327559.89568596496,215412.40816692976,48.49990428585215,162.11500828687403,FAIL
CSEG_15,90,28,615.7521601035994,110835.38881864789,16,1.5663194732552501,U09p343881_ETM_S06,1.0,652.7,1.35,1.2,43431.74102626541,327818.803837732,209292.4268868552,48.49990428585215,162.11500828687403,FAIL
CSEG_15,90,32,804.247719318987,144764.58947741767,1,1.5492547636303915,U09p343881_ETM_S06,0.7,652.7,1.0,1.0,16879.926686122526,324515.3319770521,209465.44080110526,46.49990428585215,158.11500828687403,FAIL
CSEG_15,90,32,804.247719318987,144764.58947741767,2,1.4761773857700449,U09p343881_ETM_S06,0.7,652.7,1.0,1.0,16879.926686122526,324515.3319770521,219834.91625416637,46.49990428585215,158.11500828687403,FAIL
CSEG_15,90,32,804.247719318987,144764.58947741767,3,1.4156896339151261,U09p343881_ETM_S06,0.7,652.7,1.0,1.0,16879.926686122526,324515.3319770521,229227.7376359651,46.49990428585215,158.11500828687403,FAIL
CSEG_15,90,32,804.247719318987,144764.58947741767,4,1.3665528570911705,U09p343881_ETM_S06,1.0,652.7,1.0,1.0,16879.926686122526,324515.3319770521,237470.0182968494,46.49990428585215,158.11500828687403,FAIL
CSEG_15,90,32,804.247719318987,144764.58947741767,5,1.3269551994590447,U09p343881_ETM_S06,1.0,652.7,1.0,1.0,16879.926686122526,324515.3319770521,244556.3588803496,46.49990428585215,158.11500828687403,FAIL
CSEG_15,90,32,804.247719318987,144764.58947741767,6,1.2949161525841124,U09p343881_ETM_S06,1.0,652.7,1.0,1.0,16879.926686122526,324515.3319770521,250607.21601893284,46.49990428585215,158.11500828687403,FAIL
CSEG_15,90,32,804.247719318987,144764.58947741767,7,1.2698273811299472,U09p343881_ETM_S06,1.0,652.7,1.0,1.0,16879.926686122526,324515.3319770521,255558.61906858892,46.49990428585215,158.11500828687403,FAIL
CSEG_15,90,32,804.247719318987,144764.58947741767,8,1.25067245636359,U09p343881_ETM_S06,1.0,652.7,1.0,1.0,16879.926686122526,324515.3319770521,259472.67833866036,46.49990428585215,158.11500828687403,FAIL
CSEG_15,90,32,804.247719318987,144764.58947741767,9,1.24940997994501,U09p343881_ETM_S06,1.0,652.7,1.35,1.2,34400.06102626541,326006.44677536265,260928.31977355515,46.49990428585215,158.11500828687403,FAIL
CSEG_15,90,32,804.247719318987,144764.58947741767,10,1.2660375045672905,U09p343881_ETM_S06,1.0,652.7,1.35,1.2,35690.30102626541,326265.3549271297,257705.91609657055,46.49990428585215,158.11500828687403,FAIL
CSEG_15,90,32,804.247719318987,144764.58947741767,11,1.2866290284848465,U09p343881_ETM_S06,1.0,652.7,1.35,1.2,36980.541026265404,326524.26307889674,253782.7577723911,46.49990428585215,158.11500828687403,FAIL
CSEG_15,90,32,804.247719318987,144764.58947741767,12,1.3090972708108062,U09p343881_ETM_S06,1.0,652.7,1.35,1.2,38270.78102626541,326783.1712306638,249624.82049043337,46.49990428585215,158.11500828687403,FAIL
CSEG_15,90,32,804.247719318987,144764.58947741767,13,1.3338406066547215,U09p343881_ETM_S06,1.0,652.7,1.35,1.2,39561.021026265415,327042.0793824308,245188.27643330934,46.49990428585215,158.11500828687403,FAIL
CSEG_15,90,32,804.247719318987,144764.58947741767,14,1.3620854482945164,U09p343881_ETM_S06,1.0,652.7,1.35,1.2,40851.261026265405,327300.98753419786,240294.019691654,46.49990428585215,158.11500828687403,FAIL
CSEG_15,90,32,804.247719318987,144764.58947741767,15,1.3944822802896095,U09p343881_ETM_S06,1.0,652.7,1.35,1.2,42141.50102626541,327559.89568596496,234897.13732177115,46.49990428585215,158.11500828687403,FAIL
CSEG_15,90,32,804.247719318987,144764.58947741767,16,1.43199981259575,U09p343881_ETM_S06,1.0,652.7,1.35,1.2,43431.74102626541,327818.803837732,228923.77565574055,46.49990428585215,158.11500828687403,FAIL
CSEG_15,90,36,1017.8760197630929,183217.68355735674,1,1.3356461422375538,U09p343881_ETM_S06,0.7,652.7,1.0,1.0,16879.926686122526,324515.3319770521,242965.05018417878,44.49990428585215,154.11500828687403,FAIL
CSEG_15,90,36,1017.8760197630929,183217.68355735674,2,1.2868164488435587,U09p343881_ETM_S06,1.0,652.7,1.0,1.0,16879.926686122526,324515.3319770521,252184.63151344453,44.49990428585215,154.11500828687403,FAIL
CSEG_15,90,36,1017.8760197630929,183217.68355735674,3,1.2465055455738112,U09p343881_ETM_S06,1.0,652.7,1.0,1.0,16879.926686122526,324515.3319770521,260340.06276936858,44.49990428585215,154.11500828687403,FAIL
CSEG_15,90,36,1017.8760197630929,183217.68355735674,4,1.2131218307090206,U09p343881_ETM_S06,1.0,652.7,1.0,1.0,16879.926686122526,324515.3319770521,267504.32129919383,44.49990428585215,154.11500828687403,FAIL
CSEG_15,90,36,1017.8760197630929,183217.68355735674,5,1.1859714307051563,U09p343881_ETM_S06,1.0,652.7,1.0,1.0,16879.926686122526,324515.3319770521,273628.2878113694,44.49990428585215,154.11500828687403,FAIL
CSEG_15,90,36,1017.8760197630929,183217.68355735674,6,1.164029366321783,U09p343881_ETM_S06,1.0,652.7,1.0,1.0,16879.926686122526,324515.3319770521,278786.2070889914,44.49990428585215,154.11500828687403,FAIL
CSEG_15,90,36,1017.8760197630929,183217.68355735674,7,1.1469372504239719,U09p343881_ETM_S06,1.0,652.7,1.0,1.0,16879.926686122526,324515.3319770521,282940.7902281429,44.49990428585215,154.11500828687403,FAIL
CSEG_15,90,36,1017.8760197630929,183217.68355735674,8,1.135253633692628,U09p343881_ETM_S06,1.0,652.7,1.0,1.2,27201.846686122524,326586.5971911885,287677.20930247416,44.49990428585215,154.11500828687403,FAIL
CSEG_15,90,36,1017.8760197630929,183217.68355735674,9,1.1418338945822815,U09p343881_ETM_S06,1.0,652.7,1.35,1.2,34400.06102626541,326006.44677536265,285511.2712297142,44.49990428585215,154.11500828687403,FAIL
CSEG_15,90,36,1017.8760197630929,183217.68355735674,10,1.157482978505883,U09p343881_ETM_S06,1.0,652.7,1.35,1.2,35690.30102626541,326265.3549271297,281874.8620807225,44.49990428585215,154.11500828687403,FAIL
CSEG_15,90,36,1017.8760197630929,183217.68355735674,11,1.1774660218164132,U09p343881_ETM_S06,1.0,652.7,1.35,1.2,36980.541026265404,326524.26307889674,277310.9856496627,44.49990428585215,154.11500828687403,FAIL
CSEG_15,90,36,1017.8760197630929,183217.68355735674,12,1.1987621363381815,U09p343881_ETM_S06,1.0,652.7,1.35,1.2,38270.78102626541,326783.1712306638,272600.5112481091,44.49990428585215,154.11500828687403,FAIL
CSEG_15,90,36,1017.8760197630929,183217.68355735674,13,1.2213888371310413,U09p343881_ETM_S06,1.0,652.7,1.35,1.2,39561.021026265415,327042.0793824308,267762.45978359383,44.49990428585215,154.11500828687403,FAIL
CSEG_15,90,36,1017.8760197630929,183217.68355735674,14,1.2462111930690944,U09p343881_ETM_S06,1.0,652.7,1.35,1.2,40851.261026265405,327300.98753419786,262636.8542944479,44.49990428585215,154.11500828687403,FAIL
CSEG_15,90,36,1017.8760197630929,183217.68355735674,15,1.273614137730081,U09p343881_ETM_S06,1.0,652.7,1.35,1.2,42141.50102626541,327559.89568596496,257189.2741939594,44.49990428585215,154.11500828687403,FAIL
CSEG_15,90,36,1017.8760197630929,183217.68355735674,16,1.3043509372049857,U09p343881_ETM_S06,1.0,652.7,1.35,1.2,43431.74102626541,327818.803837732,251327.15014579968,44.49990428585215,154.11500828687403,FAIL
CSEG_15,90,40,1256.6370614359173,226194.67105846512,1,1.163635798899558,U09p343881_ETM_S06,1.0,652.7,1.0,1.0,16879.926686122526,324515.3319770521,278880.49876425584,42.49990428585215,150.11500828687403,FAIL
CSEG_15,90,40,1256.6370614359173,226194.67105846512,2,1.1311607959939043,U09p343881_ETM_S06,1.0,652.7,1.0,1.0,16879.926686122526,324515.3319770521,286887.0041521496,42.49990428585215,150.11500828687403,FAIL
CSEG_15,90,40,1256.6370614359173,226194.67105846512,3,1.1039006624268923,U09p343881_ETM_S06,1.0,652.7,1.0,1.0,16879.926686122526,324515.3319770521,293971.49854373204,42.49990428585215,150.11500828687403,FAIL
CSEG_15,90,40,1256.6370614359173,226194.67105846512,4,1.0812050947730913,U09p343881_ETM_S06,1.0,652.7,1.0,1.0,16879.926686122526,324515.3319770521,300142.25196113874,42.49990428585215,150.11500828687403,FAIL
CSEG_15,90,40,1256.6370614359173,226194.67105846512,5,1.0626843080598039,U09p343881_ETM_S06,1.0,652.7,1.0,1.0,16879.926686122526,324515.3319770521,305373.2228054971,42.49990428585215,150.11500828687403,FAIL
CSEG_15,90,40,1256.6370614359173,226194.67105846512,6,1.0478651737737266,U09p343881_ETM_S06,1.0,652.7,1.0,1.0,16879.926686122526,324515.3319770521,309691.8764924304,42.49990428585215,150.11500828687403,FAIL
CSEG_15,90,40,1256.6370614359173,226194.67105846512,7,1.036516106318468,U09p343881_ETM_S06,1.0,652.7,1.0,1.0,16879.926686122526,324515.3319770521,313082.7683225071,42.49990428585215,150.11500828687403,FAIL
CSEG_15,90,40,1256.6370614359173,226194.67105846512,8,1.0339025445174317,U09p343881_ETM_S06,1.0,652.7,1.35,1.2,33109.82102626541,325747.53862359555,315065.99954799074,42.49990428585215,150.11500828687403,FAIL
CSEG_15,90,40,1256.6370614359173,226194.67105846512,9,1.0411895894347158,U09p343881_ETM_S06,1.0,652.7,1.35,1.2,34400.06102626541,326006.44677536265,313109.5912631614,42.49990428585215,150.11500828687403,FAIL
CSEG_15,90,40,1256.6370614359173,226194.67105846512,10,1.0552674422512274,U09p343881_ETM_S06,1.0,652.7,1.35,1.2,35690.30102626541,326265.3549271297,309177.8840737283,42.49990428585215,150.11500828687403,FAIL
CSEG_15,90,40,1256.6370614359173,226194.67105846512,11,1.0737460183449388,U09p343881_ETM_S06,1.0,652.7,1.35,1.2,36980.541026265404,326524.26307889674,304098.22946975665,42.49990428585215,150.11500828687403,FAIL
CSEG_15,90,40,1256.6370614359173,226194.67105846512,12,1.0934375952473923,U09p343881_ETM_S06,1.0,652.7,1.35,1.2,38270.78102626541,326783.1712306638,298858.54725593963,42.49990428585215,150.11500828687403,FAIL
CSEG_15,90,40,1256.6370614359173,226194.67105846512,13,1.1141232536982306,U09p343881_ETM_S06,1.0,652.7,1.35,1.2,39561.021026265415,327042.0793824308,293542.09985012386,42.49990428585215,150.11500828687403,FAIL
CSEG_15,90,40,1256.6370614359173,226194.67105846512,14,1.135885735006668,U09p343881_ETM_S06,1.0,652.7,1.35,1.2,40851.261026265405,327300.98753419786,288146.0497717022,42.49990428585215,150.11500828687403,FAIL
CSEG_15,90,40,1256.6370614359173,226194.67105846512,15,1.1596097317897562,U09p343881_ETM_S06,1.0,652.7,1.35,1.2,42141.50102626541,327559.89568596496,282474.2555242313,42.49990428585215,150.11500828687403,FAIL
CSEG_15,90,40,1256.6370614359173,226194.67105846512,16,1.1852720736596314,U09p343881_ETM_S06,1.0,652.7,1.35,1.2,43431.74102626541,327818.803837732,276576.83929527056,42.49990428585215,150.11500828687403,FAIL
CSEG_15,90,50,1963.4954084936207,353429.1735288517,1,0.8568570171046918,U09p343881_ETM_S06,1.0,652.7,1.0,1.0,16879.926686122526,324515.3319770521,378727.5187096967,37.49990428585215,140.11500828687403,PASS
CSEG_15,90,50,1963.4954084936207,353429.1735288517,2,0.8446301182157355,U09p343881_ETM_S06,1.0,652.7,1.0,1.0,16879.926686122526,324515.3319770521,384209.99320102896,37.49990428585215,140.11500828687403,PASS
CSEG_15,90,50,1963.4954084936207,353429.1735288517,3,0.8343031581797288,U09p343881_ETM_S06,1.0,652.7,1.0,1.0,16879.926686122526,324515.3319770521,388965.7240241967,37.49990428585215,140.11500828687403,PASS
CSEG_15,90,50,1963.4954084936207,353429.1735288517,4,0.8258198601923129,U09p343881_ETM_S06,1.0,652.7,1.0,1.0,16879.926686122526,324515.3319770521,392961.40432064753,37.49990428585215,140.11500828687403,PASS
CSEG_15,90,50,1963.4954084936207,353429.1735288517,5,0.8190710075082597,U09p343881_ETM_S06,1.0,652.7,1.0,1.0,16879.926686122526,324515.3319770521,396199.26600048726,37.49990428585215,140.11500828687403,PASS
CSEG_15,90,50,1963.4954084936207,353429.1735288517,6,0.8154764314093249,U09p343881_ETM_S06,1.0,652.7,1.0,1.2,24621.366686122525,326068.7808876544,399850.64966762427,37.49990428585215,140.11500828687403,PASS
CSEG_15,90,50,1963.4954084936207,353429.1735288517,7,0.8148105964770228,U09p343881_ETM_S06,1.0,652.7,1.0,1.2,25911.606686122526,326327.68903942144,400495.14629578544,37.49990428585215,140.11500828687403,PASS
CSEG_15,90,50,1963.4954084936207,353429.1735288517,8,0.8183666808022428,U09p343881_ETM_S06,1.0,652.7,1.35,1.2,33109.82102626541,325747.53862359555,398045.94476435194,37.49990428585215,140.11500828687403,PASS
CSEG_15,90,50,1963.4954084936207,353429.1735288517,9,0.8247835430412092,U09p343881_ETM_S06,1.0,652.7,1.35,1.2,34400.06102626541,326006.44677536265,395263.03540597466,37.49990428585215,140.11500828687403,PASS
CSEG_15,90,50,1963.4954084936207,353429.1735288517,10,0.8347522907703464,U09p343881_ETM_S06,1.0,652.7,1.35,1.2,35690.30102626541,326265.3549271297,390852.90155482845,37.49990428585215,140.11500828687403,PASS
CSEG_15,90,50,1963.4954084936207,353429.1735288517,11,0.8475874163343896,U09p343881_ETM_S06,1.0,652.7,1.35,1.2,36980.541026265404,326524.26307889674,385239.63049266953,37.49990428585215,140.11500828687403,PASS
CSEG_15,90,50,1963.4954084936207,353429.1735288517,12,0.8624710683278259,U09p343881_ETM_S06,1.0,652.7,1.35,1.2,38270.78102626541,326783.1712306638,378891.74864060857,37.49990428585215,140.11500828687403,PASS
CSEG_15,90,50,1963.4954084936207,353429.1735288517,13,0.8779323114509262,U09p343881_ETM_S06,1.0,652.7,1.35,1.2,39561.021026265415,327042.0793824308,372514.0026364225,37.49990428585215,140.11500828687403,PASS
CSEG_15,90,50,1963.4954084936207,353429.1735288517,14,0.894000287553197,U09p343881_ETM_S06,1.0,652.7,1.35,1.2,40851.261026265405,327300.98753419786,366108.36941674026,37.49990428585215,140.11500828687403,PASS
CSEG_15,90,50,1963.4954084936207,353429.1735288517,15,0.9105773322029771,U09p343881_ETM_S06,1.0,652.7,1.35,1.2,42141.50102626541,327559.89568596496,359727.70691918395,37.49990428585215,140.11500828687403,PASS
CSEG_15,90,50,1963.4954084936207,353429.1735288517,16,0.9277890442470433,U09p343881_ETM_S06,1.0,652.7,1.35,1.2,43431.74102626541,327818.803837732,353333.34217561997,37.49990428585215,140.11500828687403,PASS
CSEG_16,84,25,490.8738521234052,82466.80715673207,1,2.174290983972839,U09p343881_ETM_S06,0.7,652.7,1.0,1.0,16331.028628855063,313582.11030665966,144222.6972462012,49.99995731168201,172.23854980761766,FAIL
CSEG_16,84,25,490.8738521234052,82466.80715673207,2,1.9910247158719925,U09p343881_ETM_S06,0.7,652.7,1.0,1.0,16331.028628855063,313582.11030665966,157497.84912605805,49.99995731168201,172.23854980761766,FAIL
CSEG_16,84,25,490.8738521234052,82466.80715673207,3,1.8524485744101558,U09p343881_ETM_S06,0.7,652.7,1.0,1.0,16331.028628855063,313582.11030665966,169279.792507335,49.99995731168201,172.23854980761766,FAIL
CSEG_16,84,25,490.8738521234052,82466.80715673207,4,1.7480653370112553,U09p343881_ETM_S06,0.7,652.7,1.0,1.0,16331.028628855063,313582.11030665966,179388.09475096903,49.99995731168201,172.23854980761766,FAIL
CSEG_16,84,25,490.8738521234052,82466.80715673207,5,1.6643138470292438,U09p343881_ETM_S06,0.7,652.7,1.0,1.0,16331.028628855063,313582.11030665966,188415.2504447376,49.99995731168201,172.23854980761766,FAIL
CSEG_16,84,25,490.8738521234052,82466.80715673207,6,1.5991114210574942,U09p343881_ETM_S06,1.0,652.75,1.0,1.0,16347.341301525756,313609.4399749506,196114.81466848654,49.99995731168201,172.23854980761766,FAIL
CSEG_16,84,25,490.8738521234052,82466.80715673207,7,1.5482139649375182,U09p343881_ETM_S06,1.0,652.75,1.0,1.0,16347.341301525756,313609.4399749506,202562.07932319425,49.99995731168201,172.23854980761766,FAIL
CSEG_16,84,25,490.8738521234052,82466.80715673207,8,1.5090868019302295,U09p343881_ETM_S06,1.0,652.75,1.0,1.0,16347.341301525756,313609.4399749506,207814.049910066,49.99995731168201,172.23854980761766,FAIL
CSEG_16,84,25,490.8738521234052,82466.80715673207,9,1.479930340417974,U09p343881_ETM_S06,1.0,652.75,1.0,1.0,16347.341301525756,313609.4399749506,211908.24419910094,49.99995731168201,172.23854980761766,FAIL
CSEG_16,84,25,490.8738521234052,82466.80715673207,10,1.4906366772124926,U09p343881_ETM_S06,1.0,652.75,1.35,1.2,34971.310757059764,315222.9599659521,211468.67294009068,49.99995731168201,172.23854980761766,FAIL
CSEG_16,84,25,490.8738521234052,82466.80715673207,11,1.5099189233314212,U09p343881_ETM_S06,1.0,652.75,1.35,1.2,36261.55075705977,315474.9868422802,208935.05072857128,49.99995731168201,172.23854980761766,FAIL
CSEG_16,84,25,490.8738521234052,82466.80715673207,12,1.5343301294815788,U09p343881_ETM_S06,1.0,652.75,1.35,1.2,37551.79075705977,315727.01371860836,205775.1507658176,49.99995731168201,172.23854980761766,FAIL
CSEG_16,84,25,490.8738521234052,82466.80715673207,13,1.5648898881884004,U09p343881_ETM_S06,1.0,652.75,1.35,1.2,38842.030757059765,315979.04059493646,201917.74704399848,49.99995731168201,172.23854980761766,FAIL
CSEG_16,84,25,490.8738521234052,82466.80715673207,14,1.6045186507090266,U09p343881_ETM_S06,1.0,652.75,1.35,1.2,40132.27075705977,316231.06747126457,197087.81031091418,49.99995731168201,172.23854980761766,FAIL
CSEG_16,84,25,490.8738521234052,82466.80715673207,15,1.652503080762433,U09p343881_ETM_S06,1.0,652.75,1.35,1.2,41422.51075705976,316483.0943475927,191517.40050104685,49.99995731168201,172.23854980761766,FAIL
CSEG_16,84,25,490.8738521234052,82466.80715673207,16,1.7103620801254842,U09p343881_ETM_S06,1.0,652.75,1.35,1.2,42712.750757059766,316735.12122392084,185186.00529350073,49.99995731168201,172.23854980761766,FAIL
CSEG_16,84,28,615.7521601035994,103446.3628974047,1,1.9089969878849822,U09p343881_ETM_S06,0.7,652.7,1.0,1.0,16331.028628855063,313582.11030665966,164265.3772094653,48.49995731168201,169.23854980761766,FAIL
CSEG_16,84,28,615.7521601035994,103446.3628974047,2,1.7739317126384235,U09p343881_ETM_S06,0.7,652.7,1.0,1.0,16331.028628855063,313582.11030665966,176772.36844718183,48.49995731168201,169.23854980761766,FAIL
CSEG_16,84,28,615.7521601035994,103446.3628974047,3,1.6751834152905503,U09p343881_ETM_S06,0.7,652.7,1.0,1.0,16331.028628855063,313582.11030665966,187192.70227031872,48.49995731168201,169.23854980761766,FAIL
CSEG_16,84,28,615.7521601035994,103446.3628974047,4,1.5949927729206357,U09p343881_ETM_S06,0.7,652.7,1.0,1.0,16331.028628855063,313582.11030665966,196604.09478373418,48.49995731168201,169.23854980761766,FAIL
CSEG_16,84,28,615.7521601035994,103446.3628974047,5,1.5313306208263655,U09p343881_ETM_S06,1.0,652.7,1.0,1.0,16331.028628855063,313582.11030665966,204777.53532900594,48.49995731168201,169.23854980761766,FAIL
CSEG_16,84,28,615.7521601035994,103446.3628974047,6,1.4808781278249625,U09p343881_ETM_S06,1.0,652.75,1.0,1.0,16347.341301525756,313609.4399749506,211772.61928742507,48.49995731168201,169.23854980761766,FAIL
CSEG_16,84,28,615.7521601035994,103446.3628974047,7,1.4411452124937323,U09p343881_ETM_S06,1.0,652.75,1.0,1.0,16347.341301525756,313609.4399749506,217611.27002065696,48.49995731168201,169.23854980761766,FAIL
CSEG_16,84,28,615.7521601035994,103446.3628974047,8,1.4106943568492027,U09p343881_ETM_S06,1.0,652.75,1.0,1.0,16347.341301525756,313609.4399749506,222308.56631155728,48.49995731168201,169.23854980761766,FAIL
CSEG_16,84,28,615.7521601035994,103446.3628974047,9,1.3924699109071612,U09p343881_ETM_S06,1.0,652.75,1.35,1.2,33681.070757059766,314970.933089624,226195.86292132363,48.49995731168201,169.23854980761766,FAIL
CSEG_16,84,28,615.7521601035994,103446.3628974047,10,1.4089325697385284,U09p343881_ETM_S06,1.0,652.75,1.35,1.2,34971.310757059764,315222.9599659521,223731.75745696021,48.49995731168201,169.23854980761766,FAIL
CSEG_16,84,28,615.7521601035994,103446.3628974047,11,1.4292240944601178,U09p343881_ETM_S06,1.0,652.75,1.35,1.2,36261.55075705977,315474.9868422802,220731.64597847709,48.49995731168201,169.23854980761766,FAIL
CSEG_16,84,28,615.7521601035994,103446.3628974047,12,1.4530446195215059,U09p343881_ETM_S06,1.0,652.75,1.35,1.2,37551.79075705977,315727.01371860836,217286.52339842025,48.49995731168201,169.23854980761766,FAIL
CSEG_16,84,28,615.7521601035994,103446.3628974047,13,1.4813371454478452,U09p343881_ETM_S06,1.0,652.75,1.35,1.2,38842.030757059765,315979.04059493646,213306.63418921296,48.49995731168201,169.23854980761766,FAIL
CSEG_16,84,28,615.7521601035994,103446.3628974047,14,1.5158699037576011,U09p343881_ETM_S06,1.0,652.75,1.35,1.2,40132.27075705977,316231.06747126457,208613.59321626343,48.49995731168201,169.23854980761766,FAIL
CSEG_16,84,28,615.7521601035994,103446.3628974047,15,1.5578304452519283,U09p343881_ETM_S06,1.0,652.75,1.35,1.2,41422.51075705976,316483.0943475927,203156.31608830948,48.49995731168201,169.23854980761766,FAIL
CSEG_16,84,28,615.7521601035994,103446.3628974047,16,1.6070467155903596,U09p343881_ETM_S06,1.0,652.75,1.35,1.2,42712.750757059766,316735.12122392084,197091.42127057957,48.49995731168201,169.23854980761766,FAIL
CSEG_16,84,32,804.247719318987,135113.61684558983,1,1.6202291102795843,U09p343881_ETM_S06,0.7,652.7,1.0,1.0,16331.028628855063,313582.11030665966,193541.83202679802,46.49995731168201,165.23854980761766,FAIL
CSEG_16,84,32,804.247719318987,135113.61684558983,2,1.5376036670218454,U09p343881_ETM_S06,0.7,652.7,1.0,1.0,16331.028628855063,313582.11030665966,203942.09316242771,46.49995731168201,165.23854980761766,FAIL
CSEG_16,84,32,804.247719318987,135113.61684558983,3,1.4697983092663292,U09p343881_ETM_S06,0.7,652.7,1.0,1.0,16331.028628855063,313582.11030665966,213350.43613105573,46.49995731168201,165.23854980761766,FAIL
CSEG_16,84,32,804.247719318987,135113.61684558983,4,1.4149402770016257,U09p343881_ETM_S06,1.0,652.75,1.0,1.0,16347.341301525756,313609.4399749506,221641.4678925634,46.49995731168201,165.23854980761766,FAIL
CSEG_16,84,32,804.247719318987,135113.61684558983,5,1.370581947275673,U09p343881_ETM_S06,1.0,652.75,1.0,1.0,16347.341301525756,313609.4399749506,228814.8042503529,46.49995731168201,165.23854980761766,FAIL
CSEG_16,84,32,804.247719318987,135113.61684558983,6,1.3350641927412716,U09p343881_ETM_S06,1.0,652.75,1.0,1.0,16347.341301525756,313609.4399749506,234902.1430430398,46.49995731168201,165.23854980761766,FAIL
CSEG_16,84,32,804.247719318987,135113.61684558983,7,1.3069837978822376,U09p343881_ETM_S06,1.0,652.75,1.0,1.0,16347.341301525756,313609.4399749506,239948.9882606851,46.49995731168201,165.23854980761766,FAIL
CSEG_16,84,32,804.247719318987,135113.61684558983,8,1.28579893901887,U09p343881_ETM_S06,1.0,652.75,1.0,1.0,16347.341301525756,313609.4399749506,243902.39442431845,46.49995731168201,165.23854980761766,FAIL
CSEG_16,84,32,804.247719318987,135113.61684558983,9,1.282158757420033,U09p343881_ETM_S06,1.0,652.75,1.35,1.2,33681.070757059766,314970.933089624,245656.7342123921,46.49995731168201,165.23854980761766,FAIL
CSEG_16,84,32,804.247719318987,135113.61684558983,10,1.2993937741116741,U09p343881_ETM_S06,1.0,652.75,1.35,1.2,34971.310757059764,315222.9599659521,242592.32747321198,46.49995731168201,165.23854980761766,FAIL
CSEG_16,84,32,804.247719318987,135113.61684558983,11,1.3202014869986236,U09p343881_ETM_S06,1.0,652.75,1.35,1.2,36261.55075705977,315474.9868422802,238959.72694250505,46.49995731168201,165.23854980761766,FAIL
CSEG_16,84,32,804.247719318987,135113.61684558983,12,1.3431097554568117,U09p343881_ETM_S06,1.0,652.75,1.35,1.2,37551.79075705977,315727.01371860836,235071.6405981467,46.49995731168201,165.23854980761766,FAIL
CSEG_16,84,32,804.247719318987,135113.61684558983,13,1.3690198928764352,U09p343881_ETM_S06,1.0,652.75,1.35,1.2,38842.030757059765,315979.04059493646,230806.75616118024,46.49995731168201,165.23854980761766,FAIL
CSEG_16,84,32,804.247719318987,135113.61684558983,14,1.3984460739136715,U09p343881_ETM_S06,1.0,652.75,1.35,1.2,40132.27075705977,316231.06747126457,226130.32663194856,46.49995731168201,165.23854980761766,FAIL
CSEG_16,84,32,804.247719318987,135113.61684558983,15,1.4333666202745299,U09p343881_ETM_S06,1.0,652.75,1.35,1.2,41422.51075705976,316483.0943475927,220797.03117892984,46.49995731168201,165.23854980761766,FAIL
CSEG_16,84,32,804.247719318987,135113.61684558983,16,1.4737090756621456,U09p343881_ETM_S06,1.0,652.75,1.35,1.2,42712.750757059766,316735.12122392084,214923.7773280388,46.49995731168201,165.23854980761766,FAIL
CSEG_16,84,36,1017.8760197630929,171003.17132019962,1,1.398331928081419,U09p343881_ETM_S06,0.7,652.7,1.0,1.0,16331.028628855063,313582.11030665966,224254.41628648923,44.49995731168201,161.23854980761766,FAIL
CSEG_16,84,36,1017.8760197630929,171003.17132019962,2,1.342627474637183,U09p343881_ETM_S06,0.7,652.7,1.0,1.0,16331.028628855063,313582.11030665966,233558.53818751825,44.49995731168201,161.23854980761766,FAIL
CSEG_16,84,36,1017.8760197630929,171003.17132019962,3,1.2968378888026681,U09p343881_ETM_S06,1.0,652.75,1.0,1.0,16347.341301525756,313609.4399749506,241826.24727636305,44.49995731168201,161.23854980761766,FAIL
CSEG_16,84,36,1017.8760197630929,171003.17132019962,4,1.2592222312880217,U09p343881_ETM_S06,1.0,652.75,1.0,1.0,16347.341301525756,313609.4399749506,249050.11377870027,44.49995731168201,161.23854980761766,FAIL
CSEG_16,84,36,1017.8760197630929,171003.17132019962,5,1.2283640176627935,U09p343881_ETM_S06,1.0,652.75,1.0,1.0,16347.341301525756,313609.4399749506,255306.59923729682,44.49995731168201,161.23854980761766,FAIL
CSEG_16,84,36,1017.8760197630929,171003.17132019962,6,1.2036114522745307,U09p343881_ETM_S06,1.0,652.75,1.0,1.0,16347.341301525756,313609.4399749506,260557.04221017976,44.49995731168201,161.23854980761766,FAIL
CSEG_16,84,36,1017.8760197630929,171003.17132019962,7,1.1842901176763392,U09p343881_ETM_S06,1.0,652.75,1.0,1.0,16347.341301525756,313609.4399749506,264807.95144206256,44.49995731168201,161.23854980761766,FAIL
CSEG_16,84,36,1017.8760197630929,171003.17132019962,8,1.1697730655625205,U09p343881_ETM_S06,1.0,652.75,1.0,1.2,26669.261301525752,315625.65498557565,269817.8512374941,44.49995731168201,161.23854980761766,FAIL
CSEG_16,84,36,1017.8760197630929,171003.17132019962,9,1.1757506427979685,U09p343881_ETM_S06,1.0,652.75,1.35,1.2,33681.070757059766,314970.933089624,267889.2289100335,44.49995731168201,161.23854980761766,FAIL
CSEG_16,84,36,1017.8760197630929,171003.17132019962,10,1.1924438663353543,U09p343881_ETM_S06,1.0,652.75,1.35,1.2,34971.310757059764,315222.9599659521,264350.35548860044,44.49995731168201,161.23854980761766,FAIL
CSEG_16,84,36,1017.8760197630929,171003.17132019962,11,1.2128771105259173,U09p343881_ETM_S06,1.0,652.75,1.35,1.2,36261.55075705977,315474.9868422802,260104.65867023138,44.49995731168201,161.23854980761766,FAIL
CSEG_16,84,36,1017.8760197630929,171003.17132019962,12,1.2346275967917215,U09p343881_ETM_S06,1.0,652.75,1.35,1.2,37551.79075705977,315727.01371860836,255726.51586522948,44.49995731168201,161.23854980761766,FAIL
CSEG_16,84,36,1017.8760197630929,171003.17132019962,13,1.2583465748019573,U09p343881_ETM_S06,1.0,652.75,1.35,1.2,38842.030757059765,315979.04059493646,251106.52893434092,44.49995731168201,161.23854980761766,FAIL
CSEG_16,84,36,1017.8760197630929,171003.17132019962,14,1.2842919687103926,U09p343881_ETM_S06,1.0,652.75,1.35,1.2,40132.27075705977,316231.06747126457,246229.88788819138,44.49995731168201,161.23854980761766,FAIL
CSEG_16,84,36,1017.8760197630929,171003.17132019962,15,1.3132655423536692,U09p343881_ETM_S06,1.0,652.75,1.35,1.2,41422.51075705976,316483.0943475927,240989.41466200605,44.49995731168201,161.23854980761766,FAIL
CSEG_16,84,36,1017.8760197630929,171003.17132019962,16,1.3467054328033226,U09p343881_ETM_S06,1.0,652.75,1.35,1.2,42712.750757059766,316735.12122392084,235192.577017084,44.49995731168201,161.23854980761766,FAIL
CSEG_16,84,40,1256.6370614359173,211115.0263212341,1,1.219325200961106,U09p343881_ETM_S06,1.0,652.75,1.0,1.0,16347.341301525756,313609.4399749506,257199.17846998892,42.49995731168201,157.23854980761766,FAIL
CSEG_16,84,40,1256.6370614359173,211115.0263212341,2,1.1817038869686305,U09p343881_ETM_S06,1.0,652.75,1.0,1.0,16347.341301525756,313609.4399749506,265387.49972248817,42.49995731168201,157.23854980761766,FAIL
CSEG_16,84,40,1256.6370614359173,211115.0263212341,3,1.1505771181715063,U09p343881_ETM_S06,1.0,652.75,1.0,1.0,16347.341301525756,313609.4399749506,272567.0752720494,42.49995731168201,157.23854980761766,FAIL
CSEG_16,84,40,1256.6370614359173,211115.0263212341,4,1.1246750468735598,U09p343881_ETM_S06,1.0,652.75,1.0,1.0,16347.341301525756,313609.4399749506,278844.4901011552,42.49995731168201,157.23854980761766,FAIL
CSEG_16,84,40,1256.6370614359173,211115.0263212341,5,1.1033849091233314,U09p343881_ETM_S06,1.0,652.75,1.0,1.0,16347.341301525756,313609.4399749506,284224.8769054868,42.49995731168201,157.23854980761766,FAIL
CSEG_16,84,40,1256.6370614359173,211115.0263212341,6,1.0863657179132131,U09p343881_ETM_S06,1.0,652.75,1.0,1.0,16347.341301525756,313609.4399749506,288677.5924569483,42.49995731168201,157.23854980761766,FAIL
CSEG_16,84,40,1256.6370614359173,211115.0263212341,7,1.073230059689489,U09p343881_ETM_S06,1.0,652.75,1.0,1.0,16347.341301525756,313609.4399749506,292210.8238989181,42.49995731168201,157.23854980761766,FAIL
CSEG_16,84,40,1256.6370614359173,211115.0263212341,8,1.0682246316915582,U09p343881_ETM_S06,1.0,652.75,1.35,1.2,32390.830757059768,314718.9062132958,294618.6568595888,42.49995731168201,157.23854980761766,FAIL
CSEG_16,84,40,1256.6370614359173,211115.0263212341,9,1.0754920616859094,U09p343881_ETM_S06,1.0,652.75,1.35,1.2,33681.070757059766,314970.933089624,292862.1645016002,42.49995731168201,157.23854980761766,FAIL
CSEG_16,84,40,1256.6370614359173,211115.0263212341,10,1.0906998388659606,U09p343881_ETM_S06,1.0,652.75,1.35,1.2,34971.310757059764,315222.9599659521,289009.816205438,42.49995731168201,157.23854980761766,FAIL
CSEG_16,84,40,1256.6370614359173,211115.0263212341,11,1.1100321630387748,U09p343881_ETM_S06,1.0,652.75,1.35,1.2,36261.55075705977,315474.9868422802,284203.4648605585,42.49995731168201,157.23854980761766,FAIL
CSEG_16,84,40,1256.6370614359173,211115.0263212341,12,1.1303194352667554,U09p343881_ETM_S06,1.0,652.75,1.35,1.2,37551.79075705977,315727.01371860836,279325.47549631115,42.49995731168201,157.23854980761766,FAIL
CSEG_16,84,40,1256.6370614359173,211115.0263212341,13,1.1518460821054897,U09p343881_ETM_S06,1.0,652.75,1.35,1.2,38842.030757059765,315979.04059493646,274324.0138624686,42.49995731168201,157.23854980761766,FAIL
CSEG_16,84,40,1256.6370614359173,211115.0263212341,14,1.1749970163751642,U09p343881_ETM_S06,1.0,652.75,1.35,1.2,40132.27075705977,316231.06747126457,269133.5067784507,42.49995731168201,157.23854980761766,FAIL
CSEG_16,84,40,1256.6370614359173,211115.0263212341,15,1.1999166732265356,U09p343881_ETM_S06,1.0,652.75,1.35,1.2,41422.51075705976,316483.0943475927,263754.2267802482,42.49995731168201,157.23854980761766,FAIL
CSEG_16,84,40,1256.6370614359173,211115.0263212341,16,1.2273055702765414,U09p343881_ETM_S06,1.0,652.75,1.35,1.2,42712.750757059766,316735.12122392084,258073.56284755783,42.49995731168201,157.23854980761766,FAIL
CSEG_16,84,50,1963.4954084936207,329867.2286269283,1,0.8996154742926662,U09p343881_ETM_S06,1.0,652.75,1.0,1.0,16347.341301525756,313609.4399749506,348603.8745848941,37.49995731168201,147.23854980761766,PASS
CSEG_16,84,50,1963.4954084936207,329867.2286269283,2,0.8851067020940261,U09p343881_ETM_S06,1.0,652.75,1.0,1.0,16347.341301525756,313609.4399749506,354318.2299184935,37.49995731168201,147.23854980761766,PASS
CSEG_16,84,50,1963.4954084936207,329867.2286269283,3,0.8729334497759315,U09p343881_ETM_S06,1.0,652.75,1.0,1.0,16347.341301525756,313609.4399749506,359259.2769305029,37.49995731168201,147.23854980761766,PASS
CSEG_16,84,50,1963.4954084936207,329867.2286269283,4,0.8627737309876334,U09p343881_ETM_S06,1.0,652.75,1.0,1.0,16347.341301525756,313609.4399749506,363489.7873118552,37.49995731168201,147.23854980761766,PASS
CSEG_16,84,50,1963.4954084936207,329867.2286269283,5,0.8546369743403756,U09p343881_ETM_S06,1.0,652.75,1.0,1.0,16347.341301525756,313609.4399749506,366950.47065685416,37.49995731168201,147.23854980761766,PASS
CSEG_16,84,50,1963.4954084936207,329867.2286269283,6,0.8495415172024735,U09p343881_ETM_S06,1.0,652.75,1.0,1.2,24088.781301525752,315121.6012329194,370931.3728075465,37.49995731168201,147.23854980761766,PASS
CSEG_16,84,50,1963.4954084936207,329867.2286269283,7,0.8480679868565238,U09p343881_ETM_S06,1.0,652.75,1.0,1.2,25379.021301525754,315373.6281092475,371873.0490915258,37.49995731168201,147.23854980761766,PASS
CSEG_16,84,50,1963.4954084936207,329867.2286269283,8,0.8513187593615559,U09p343881_ETM_S06,1.0,652.75,1.35,1.2,32390.830757059768,314718.9062132958,369683.9788298785,37.49995731168201,147.23854980761766,PASS
CSEG_16,84,50,1963.4954084936207,329867.2286269283,9,0.8578561077683582,U09p343881_ETM_S06,1.0,652.75,1.35,1.2,33681.070757059766,314970.933089624,367160.5648515983,37.49995731168201,147.23854980761766,PASS
CSEG_16,84,50,1963.4954084936207,329867.2286269283,10,0.868783926824235,U09p343881_ETM_S06,1.0,652.75,1.35,1.2,34971.310757059764,315222.9599659521,362832.40312493185,37.49995731168201,147.23854980761766,PASS
CSEG_16,84,50,1963.4954084936207,329867.2286269283,11,0.8828675755258591,U09p343881_ETM_S06,1.0,652.75,1.35,1.2,36261.55075705977,315474.9868422802,357329.90494568227,37.49995731168201,147.23854980761766,PASS
CSEG_16,84,50,1963.4954084936207,329867.2286269283,12,0.8986518255305963,U09p343881_ETM_S06,1.0,652.75,1.35,1.2,37551.79075705977,315727.01371860836,351334.0815083659,37.49995731168201,147.23854980761766,PASS
CSEG_16,84,50,1963.4954084936207,329867.2286269283,13,0.914936318573681,U09p343881_ETM_S06,1.0,652.75,1.35,1.2,38842.030757059765,315979.04059493646,345356.32063171867,37.49995731168201,147.23854980761766,PASS
CSEG_16,84,50,1963.4954084936207,329867.2286269283,14,0.9318941520640276,U09p343881_ETM_S06,1.0,652.75,1.35,1.2,40132.27075705977,316231.06747126457,339342.25981658197,37.49995731168201,147.23854980761766,PASS
CSEG_16,84,50,1963.4954084936207,329867.2286269283,15,0.9496689053689288,U09p343881_ETM_S06,1.0,652.75,1.35,1.2,41422.51075705976,316483.0943475927,333256.2460014891,37.49995731168201,147.23854980761766,PASS
CSEG_16,84,50,1963.4954084936207,329867.2286269283,16,0.9683055655984142,U09p343881_ETM_S06,1.0,652.75,1.35,1.2,42712.750757059766,316735.12122392084,327102.4483146269,37.49995731168201,147.23854980761766,PASS
CSEG_17,84,25,490.8738521234052,82466.80715673207,1,2.1650123491951474,U09p343881_ETM_S06,0.7,652.75,1.0,1.0,15783.739052071594,302385.8493768983,139669.34160413058,49.9998812751719,167.47117253738617,FAIL
CSEG_17,84,25,490.8738521234052,82466.80715673207,2,1.9807162016014255,U09p343881_ETM_S06,0.7,652.75,1.0,1.0,15783.739052071594,302385.8493768983,152664.90430704653,49.9998812751719,167.47117253738617,FAIL
CSEG_17,84,25,490.8738521234052,82466.80715673207,3,1.8417678122314929,U09p343881_ETM_S06,0.7,652.75,1.0,1.0,15783.739052071594,302385.8493768983,164182.39441948247,49.9998812751719,167.47117253738617,FAIL
CSEG_17,84,25,490.8738521234052,82466.80715673207,4,1.7369682950363368,U09p343881_ETM_S06,0.7,652.75,1.0,1.0,15783.739052071594,302385.8493768983,174088.29524465933,49.9998812751719,167.47117253738617,FAIL
CSEG_17,84,25,490.8738521234052,82466.80715673207,5,1.6533415542375307,U09p343881_ETM_S06,1.0,652.75,1.0,1.0,15783.739052071594,302385.8493768983,182893.75755534627,49.9998812751719,167.47117253738617,FAIL
CSEG_17,84,25,490.8738521234052,82466.80715673207,6,1.5885930018532182,U09p343881_ETM_S06,1.0,652.75,1.0,1.0,15783.739052071594,302385.8493768983,190348.2194773246,49.9998812751719,167.47117253738617,FAIL
CSEG_17,84,25,490.8738521234052,82466.80715673207,7,1.537732689809818,U09p343881_ETM_S06,1.0,652.75,1.0,1.0,15783.739052071594,302385.8493768983,196643.962491489,49.9998812751719,167.47117253738617,FAIL
CSEG_17,84,25,490.8738521234052,82466.80715673207,8,1.498644112061623,U09p343881_ETM_S06,1.0,652.75,1.0,1.0,15783.739052071594,302385.8493768983,201772.95392761298,49.9998812751719,167.47117253738617,FAIL
CSEG_17,84,25,490.8738521234052,82466.80715673207,9,1.469611918700937,U09p343881_ETM_S06,1.0,652.75,1.0,1.0,15783.739052071594,302385.8493768983,205758.9799926175,49.9998812751719,167.47117253738617,FAIL
CSEG_17,84,25,490.8738521234052,82466.80715673207,10,1.4823946115664821,U09p343881_ETM_S06,1.0,652.2,1.35,1.2,34314.551039533784,303822.40149022633,204953.7951093669,49.9998812751719,167.47117253738617,FAIL
CSEG_17,84,25,490.8738521234052,82466.80715673207,11,1.5019429931305266,U09p343881_ETM_S06,1.0,652.2,1.35,1.2,35604.79103953378,304069.2674000141,202450.6048436879,49.9998812751719,167.47117253738617,FAIL
CSEG_17,84,25,490.8738521234052,82466.80715673207,12,1.526744826136054,U09p343881_ETM_S06,1.0,652.2,1.35,1.2,36895.03103953378,304316.13330980187,199323.50717701606,49.9998812751719,167.47117253738617,FAIL
CSEG_17,84,25,490.8738521234052,82466.80715673207,13,1.5578381598161692,U09p343881_ETM_S06,1.0,652.2,1.35,1.2,38185.271039533785,304562.9992195896,195503.61974412616,49.9998812751719,167.47117253738617,FAIL
CSEG_17,84,25,490.8738521234052,82466.80715673207,14,1.5982850510078042,U09p343881_ETM_S06,1.0,652.2,1.35,1.2,39475.51103953378,304809.86512937734,190710.57752631698,49.9998812751719,167.47117253738617,FAIL
CSEG_17,84,25,490.8738521234052,82466.80715673207,15,1.6472940722617075,U09p343881_ETM_S06,1.0,652.2,1.35,1.2,40765.75103953378,305056.7310391651,185186.56515307387,49.9998812751719,167.47117253738617,FAIL
CSEG_17,84,25,490.8738521234052,82466.80715673207,16,1.7069263921600095,U09p343881_ETM_S06,1.0,652.2,1.35,1.2,42055.99103953378,305303.5969489529,178861.6066581583,49.9998812751719,167.47117253738617,FAIL
CSEG_17,84,28,615.7521601035994,103446.3628974047,1,1.898585638187291,U09p343881_ETM_S06,0.7,652.75,1.0,1.0,15783.739052071594,302385.8493768983,159269.00704126607,48.4998812751719,164.47117253738617,FAIL
CSEG_17,84,28,615.7521601035994,103446.3628974047,2,1.7633252552067231,U09p343881_ETM_S06,0.7,652.75,1.0,1.0,15783.739052071594,302385.8493768983,171486.14442174946,48.4998812751719,164.47117253738617,FAIL
CSEG_17,84,28,615.7521601035994,103446.3628974047,3,1.6643269133865495,U09p343881_ETM_S06,0.7,652.75,1.0,1.0,15783.739052071594,302385.8493768983,181686.57067595437,48.4998812751719,164.47117253738617,FAIL
CSEG_17,84,28,615.7521601035994,103446.3628974047,4,1.5840940701063395,U09p343881_ETM_S06,1.0,652.75,1.0,1.0,15783.739052071594,302385.8493768983,190888.82098813695,48.4998812751719,164.47117253738617,FAIL
CSEG_17,84,28,615.7521601035994,103446.3628974047,5,1.5209265083345351,U09p343881_ETM_S06,1.0,652.75,1.0,1.0,15783.739052071594,302385.8493768983,198816.87097953263,48.4998812751719,164.47117253738617,FAIL
CSEG_17,84,28,615.7521601035994,103446.3628974047,6,1.470500094829822,U09p343881_ETM_S06,1.0,652.75,1.0,1.0,15783.739052071594,302385.8493768983,205634.70239822924,48.4998812751719,164.47117253738617,FAIL
CSEG_17,84,28,615.7521601035994,103446.3628974047,7,1.4308618631786254,U09p343881_ETM_S06,1.0,652.75,1.0,1.0,15783.739052071594,302385.8493768983,211331.26625176478,48.4998812751719,164.47117253738617,FAIL
CSEG_17,84,28,615.7521601035994,103446.3628974047,8,1.4005141124406206,U09p343881_ETM_S06,1.0,652.75,1.0,1.0,15783.739052071594,302385.8493768983,215910.60503484853,48.4998812751719,164.47117253738617,FAIL
CSEG_17,84,28,615.7521601035994,103446.3628974047,9,1.3838093874084079,U09p343881_ETM_S06,1.0,652.75,1.35,1.2,32920.207720296654,303640.4797208806,219423.6305113793,48.4998812751719,164.47117253738617,FAIL
CSEG_17,84,28,615.7521601035994,103446.3628974047,10,1.400710644344019,U09p343881_ETM_S06,1.0,652.2,1.35,1.2,34314.551039533784,303822.40149022633,216905.8989571058,48.4998812751719,164.47117253738617,FAIL
CSEG_17,84,28,615.7521601035994,103446.3628974047,11,1.4210691658037338,U09p343881_ETM_S06,1.0,652.2,1.35,1.2,35604.79103953378,304069.2674000141,213972.1800437753,48.4998812751719,164.47117253738617,FAIL
CSEG_17,84,28,615.7521601035994,103446.3628974047,12,1.445303391647208,U09p343881_ETM_S06,1.0,652.2,1.35,1.2,36895.03103953378,304316.13330980187,210555.19212680575,48.4998812751719,164.47117253738617,FAIL
CSEG_17,84,28,615.7521601035994,103446.3628974047,13,1.4738119678715607,U09p343881_ETM_S06,1.0,652.2,1.35,1.2,38185.271039533785,304562.9992195896,206649.83448290982,48.4998812751719,164.47117253738617,FAIL
CSEG_17,84,28,615.7521601035994,103446.3628974047,14,1.5089952375088678,U09p343881_ETM_S06,1.0,652.2,1.35,1.2,39475.51103953378,304809.86512937734,201995.24660699008,48.4998812751719,164.47117253738617,FAIL
CSEG_17,84,28,615.7521601035994,103446.3628974047,15,1.551684315453729,U09p343881_ETM_S06,1.0,652.2,1.35,1.2,40765.75103953378,305056.7310391651,196597.16090509252,48.4998812751719,164.47117253738617,FAIL
CSEG_17,84,28,615.7521601035994,103446.3628974047,16,1.6018706601056036,U09p343881_ETM_S06,1.0,652.2,1.35,1.2,42055.99103953378,305303.5969489529,190591.9151605072,48.4998812751719,164.47117253738617,FAIL
CSEG_17,84,32,804.247719318987,135113.61684558983,1,1.609411051450286,U09p343881_ETM_S06,0.7,652.75,1.0,1.0,15783.739052071594,302385.8493768983,187886.02768970045,46.4998812751719,160.47117253738617,FAIL
CSEG_17,84,32,804.247719318987,135113.61684558983,2,1.5269549168820942,U09p343881_ETM_S06,0.7,652.75,1.0,1.0,15783.739052071594,302385.8493768983,198031.94320520165,46.4998812751719,160.47117253738617,FAIL
CSEG_17,84,32,804.247719318987,135113.61684558983,3,1.459256559981891,U09p343881_ETM_S06,1.0,652.75,1.0,1.0,15783.739052071594,302385.8493768983,207219.11257376897,46.4998812751719,160.47117253738617,FAIL
CSEG_17,84,32,804.247719318987,135113.61684558983,4,1.4046887981758835,U09p343881_ETM_S06,1.0,652.75,1.0,1.0,15783.739052071594,302385.8493768983,215268.9263056514,46.4998812751719,160.47117253738617,FAIL
CSEG_17,84,32,804.247719318987,135113.61684558983,5,1.3604649410870133,U09p343881_ETM_S06,1.0,652.75,1.0,1.0,15783.739052071594,302385.8493768983,222266.55038629044,46.4998812751719,160.47117253738617,FAIL
CSEG_17,84,32,804.247719318987,135113.61684558983,6,1.3249909189894917,U09p343881_ETM_S06,1.0,652.75,1.0,1.0,15783.739052071594,302385.8493768983,228217.2994872401,46.4998812751719,160.47117253738617,FAIL
CSEG_17,84,32,804.247719318987,135113.61684558983,7,1.2970536020041339,U09p343881_ETM_S06,1.0,652.75,1.0,1.0,15783.739052071594,302385.8493768983,233132.88588048235,46.4998812751719,160.47117253738617,FAIL
CSEG_17,84,32,804.247719318987,135113.61684558983,8,1.2759500300013038,U09p343881_ETM_S06,1.0,652.75,1.0,1.0,15783.739052071594,302385.8493768983,236988.78660364883,46.4998812751719,160.47117253738617,FAIL
CSEG_17,84,32,804.247719318987,135113.61684558983,9,1.2735937528220123,U09p343881_ETM_S06,1.0,652.75,1.35,1.2,32920.207720296654,303640.4797208806,238412.35012976316,46.4998812751719,160.47117253738617,FAIL
CSEG_17,84,32,804.247719318987,135113.61684558983,10,1.2911813690720448,U09p343881_ETM_S06,1.0,652.2,1.35,1.2,34314.551039533784,303822.40149022633,235305.7508168504,46.4998812751719,160.47117253738617,FAIL
CSEG_17,84,32,804.247719318987,135113.61684558983,11,1.3120306855590094,U09p343881_ETM_S06,1.0,652.2,1.35,1.2,35604.79103953378,304069.2674000141,231754.69197998298,46.4998812751719,160.47117253738617,FAIL
CSEG_17,84,32,804.247719318987,135113.61684558983,12,1.3352317114780363,U09p343881_ETM_S06,1.0,652.2,1.35,1.2,36895.03103953378,304316.13330980187,227912.60175579472,46.4998812751719,160.47117253738617,FAIL
CSEG_17,84,32,804.247719318987,135113.61684558983,13,1.3612535760366633,U09p343881_ETM_S06,1.0,652.2,1.35,1.2,38185.271039533785,304562.9992195896,223737.15271061787,46.4998812751719,160.47117253738617,FAIL
CSEG_17,84,32,804.247719318987,135113.61684558983,14,1.3909169858760064,U09p343881_ETM_S06,1.0,652.2,1.35,1.2,39475.51103953378,304809.86512937734,219143.1035960831,46.4998812751719,160.47117253738617,FAIL
CSEG_17,84,32,804.247719318987,135113.61684558983,15,1.426344686359457,U09p343881_ETM_S06,1.0,652.2,1.35,1.2,40765.75103953378,305056.7310391651,213873.0798778935,46.4998812751719,160.47117253738617,FAIL
CSEG_17,84,32,804.247719318987,135113.61684558983,16,1.4672573301731977,U09p343881_ETM_S06,1.0,652.2,1.35,1.2,42055.99103953378,305303.5969489529,208077.7452397626,46.4998812751719,160.47117253738617,FAIL
CSEG_17,84,36,1017.8760197630929,171003.17132019962,1,1.3880170172415494,U09p343881_ETM_S06,0.7,652.75,1.0,1.0,15783.739052071594,302385.8493768983,217854.5692313192,44.4998812751719,156.47117253738617,FAIL
CSEG_17,84,36,1017.8760197630929,171003.17132019962,2,1.3324391899006143,U09p343881_ETM_S06,1.0,652.75,1.0,1.0,15783.739052071594,302385.8493768983,226941.57577236457,44.4998812751719,156.47117253738617,FAIL
CSEG_17,84,36,1017.8760197630929,171003.17132019962,3,1.2868944109561211,U09p343881_ETM_S06,1.0,652.75,1.0,1.0,15783.739052071594,302385.8493768983,234973.31778155395,44.4998812751719,156.47117253738617,FAIL
CSEG_17,84,36,1017.8760197630929,171003.17132019962,4,1.2493696868886321,U09p343881_ETM_S06,1.0,652.75,1.0,1.0,15783.739052071594,302385.8493768983,242030.72361227596,44.4998812751719,156.47117253738617,FAIL
CSEG_17,84,36,1017.8760197630929,171003.17132019962,5,1.218627721752248,U09p343881_ETM_S06,1.0,652.75,1.0,1.0,15783.739052071594,302385.8493768983,248136.36189245872,44.4998812751719,156.47117253738617,FAIL
CSEG_17,84,36,1017.8760197630929,171003.17132019962,6,1.1939866560152528,U09p343881_ETM_S06,1.0,652.75,1.0,1.0,15783.739052071594,302385.8493768983,253257.310585082,44.4998812751719,156.47117253738617,FAIL
CSEG_17,84,36,1017.8760197630929,171003.17132019962,7,1.1747697801696577,U09p343881_ETM_S06,1.0,652.75,1.0,1.0,15783.739052071594,302385.8493768983,257400.09189990262,44.4998812751719,156.47117253738617,FAIL
CSEG_17,84,36,1017.8760197630929,171003.17132019962,8,1.1609449870653032,U09p343881_ETM_S06,1.0,652.75,1.0,1.2,26105.65905207159,304360.7766552004,262166.4075785187,44.4998812751719,156.47117253738617,FAIL
CSEG_17,84,36,1017.8760197630929,171003.17132019962,9,1.167313143068911,U09p343881_ETM_S06,1.0,652.2,1.35,1.2,33024.311039533786,303575.53558043856,260063.4948582236,44.4998812751719,156.47117253738617,FAIL
CSEG_17,84,36,1017.8760197630929,171003.17132019962,10,1.184255926328728,U09p343881_ETM_S06,1.0,652.2,1.35,1.2,34314.551039533784,303822.40149022633,256551.30342652873,44.4998812751719,156.47117253738617,FAIL
CSEG_17,84,36,1017.8760197630929,171003.17132019962,11,1.2047823508266333,U09p343881_ETM_S06,1.0,652.2,1.35,1.2,35604.79103953378,304069.2674000141,252385.22724987136,44.4998812751719,156.47117253738617,FAIL
CSEG_17,84,36,1017.8760197630929,171003.17132019962,12,1.2265457591233497,U09p343881_ETM_S06,1.0,652.2,1.35,1.2,36895.03103953378,304316.13330980187,248108.2593504755,44.4998812751719,156.47117253738617,FAIL
CSEG_17,84,36,1017.8760197630929,171003.17132019962,13,1.2504891278286843,U09p343881_ETM_S06,1.0,652.2,1.35,1.2,38185.271039533785,304562.9992195896,243555.09571556578,44.4998812751719,156.47117253738617,FAIL
CSEG_17,84,36,1017.8760197630929,171003.17132019962,14,1.2764979006369566,U09p343881_ETM_S06,1.0,652.2,1.35,1.2,39475.51103953378,304809.86512937734,238786.02932075405,44.4998812751719,156.47117253738617,FAIL
CSEG_17,84,36,1017.8760197630929,171003.17132019962,15,1.3057360940233473,U09p343881_ETM_S06,1.0,652.2,1.35,1.2,40765.75103953378,305056.7310391651,233628.16761785134,44.4998812751719,156.47117253738617,FAIL
CSEG_17,84,36,1017.8760197630929,171003.17132019962,16,1.339489490426339,U09p343881_ETM_S06,1.0,652.2,1.35,1.2,42055.99103953378,305303.5969489529,227925.3395648363,44.4998812751719,156.47117253738617,FAIL
CSEG_17,84,40,1256.6370614359173,211115.0263212341,1,1.2095695780806197,U09p343881_ETM_S06,1.0,652.75,1.0,1.0,15783.739052071594,302385.8493768983,249994.58886584514,42.4998812751719,152.47117253738617,FAIL
CSEG_17,84,40,1256.6370614359173,211115.0263212341,2,1.1721353597692952,U09p343881_ETM_S06,1.0,652.75,1.0,1.0,15783.739052071594,302385.8493768983,257978.60874738498,42.4998812751719,152.47117253738617,FAIL
CSEG_17,84,40,1256.6370614359173,211115.0263212341,3,1.1411457668574931,U09p343881_ETM_S06,1.0,652.75,1.0,1.0,15783.739052071594,302385.8493768983,264984.42018464796,42.4998812751719,152.47117253738617,FAIL
CSEG_17,84,40,1256.6370614359173,211115.0263212341,4,1.1153351632296387,U09p343881_ETM_S06,1.0,652.75,1.0,1.0,15783.739052071594,302385.8493768983,271116.5749506989,42.4998812751719,152.47117253738617,FAIL
CSEG_17,84,40,1256.6370614359173,211115.0263212341,5,1.0941683997663278,U09p343881_ETM_S06,1.0,652.75,1.0,1.0,15783.739052071594,302385.8493768983,276361.3438676133,42.4998812751719,152.47117253738617,FAIL
CSEG_17,84,40,1256.6370614359173,211115.0263212341,6,1.077225256381561,U09p343881_ETM_S06,1.0,652.75,1.0,1.0,15783.739052071594,302385.8493768983,280708.0947884785,42.4998812751719,152.47117253738617,FAIL
CSEG_17,84,40,1256.6370614359173,211115.0263212341,7,1.0641731118302333,U09p343881_ETM_S06,1.0,652.75,1.0,1.0,15783.739052071594,302385.8493768983,284150.99574996374,42.4998812751719,152.47117253738617,FAIL
CSEG_17,84,40,1256.6370614359173,211115.0263212341,8,1.0595353018140932,U09p343881_ETM_S06,1.0,652.75,1.35,1.2,31629.967720296652,303393.61381109286,286345.922869804,42.4998812751719,152.47117253738617,FAIL
CSEG_17,84,40,1256.6370614359173,211115.0263212341,9,1.067160795651468,U09p343881_ETM_S06,1.0,652.75,1.35,1.2,32920.207720296654,303640.4797208806,284531.141846827,42.4998812751719,152.47117253738617,FAIL
CSEG_17,84,40,1256.6370614359173,211115.0263212341,10,1.082587813261586,U09p343881_ETM_S06,1.0,652.2,1.35,1.2,34314.551039533784,303822.40149022633,280644.5793758567,42.4998812751719,152.47117253738617,FAIL
CSEG_17,84,40,1256.6370614359173,211115.0263212341,11,1.1020778745035844,U09p343881_ETM_S06,1.0,652.2,1.35,1.2,35604.79103953378,304069.2674000141,275905.4277693197,42.4998812751719,152.47117253738617,FAIL
CSEG_17,84,40,1256.6370614359173,211115.0263212341,12,1.1223036185166775,U09p343881_ETM_S06,1.0,652.2,1.35,1.2,36895.03103953378,304316.13330980187,271153.1249556242,42.4998812751719,152.47117253738617,FAIL
CSEG_17,84,40,1256.6370614359173,211115.0263212341,13,1.1439815975800387,U09p343881_ETM_S06,1.0,652.2,1.35,1.2,38185.271039533785,304562.9992195896,266230.6805143173,42.4998812751719,152.47117253738617,FAIL
CSEG_17,84,40,1256.6370614359173,211115.0263212341,14,1.167151611869791,U09p343881_ETM_S06,1.0,652.2,1.35,1.2,39475.51103953378,304809.86512937734,261157.0442344403,42.4998812751719,152.47117253738617,FAIL
CSEG_17,84,40,1256.6370614359173,211115.0263212341,15,1.192088848123693,U09p343881_ETM_S06,1.0,652.2,1.35,1.2,40765.75103953378,305056.7310391651,255901.00227790396,42.4998812751719,152.47117253738617,FAIL
CSEG_17,84,40,1256.6370614359173,211115.0263212341,16,1.2197521266031761,U09p343881_ETM_S06,1.0,652.2,1.35,1.2,42055.99103953378,305303.5969489529,250299.70457946803,42.4998812751719,152.47117253738617,FAIL
CSEG_17,84,50,1963.4954084936207,329867.2286269283,1,0.8913954291018269,U09p343881_ETM_S06,1.0,652.75,1.0,1.0,15783.739052071594,302385.8493768983,339227.50723725755,37.4998812751719,142.47117253738617,PASS
CSEG_17,84,50,1963.4954084936207,329867.2286269283,2,0.8769933142484434,U09p343881_ETM_S06,1.0,652.75,1.0,1.0,15783.739052071594,302385.8493768983,344798.3518962557,37.4998812751719,142.47117253738617,PASS
CSEG_17,84,50,1963.4954084936207,329867.2286269283,3,0.8648851611526374,U09p343881_ETM_S06,1.0,652.75,1.0,1.0,15783.739052071594,302385.8493768983,349625.43347825157,37.4998812751719,142.47117253738617,PASS
CSEG_17,84,50,1963.4954084936207,329867.2286269283,4,0.8548059523794088,U09p343881_ETM_S06,1.0,652.75,1.0,1.0,15783.739052071594,302385.8493768983,353747.9454081799,37.4998812751719,142.47117253738617,PASS
CSEG_17,84,50,1963.4954084936207,329867.2286269283,5,0.8467282849722683,U09p343881_ETM_S06,1.0,652.75,1.0,1.0,15783.739052071594,302385.8493768983,357122.6504932476,37.4998812751719,142.47117253738617,PASS
CSEG_17,84,50,1963.4954084936207,329867.2286269283,6,0.8418760427205373,U09p343881_ETM_S06,1.0,652.75,1.0,1.2,23525.17905207159,303867.04483562487,360940.36344551767,37.4998812751719,142.47117253738617,PASS
CSEG_17,84,50,1963.4954084936207,329867.2286269283,7,0.8404892525109824,U09p343881_ETM_S06,1.0,652.75,1.0,1.2,24815.419052071593,304113.91074541264,361829.6246345386,37.4998812751719,142.47117253738617,PASS
CSEG_17,84,50,1963.4954084936207,329867.2286269283,8,0.8435507436606754,U09p343881_ETM_S06,1.0,652.75,1.35,1.2,31629.967720296652,303393.61381109286,359662.55271672807,37.4998812751719,142.47117253738617,PASS
CSEG_17,84,50,1963.4954084936207,329867.2286269283,9,0.8502239453297541,U09p343881_ETM_S06,1.0,652.75,1.35,1.2,32920.207720296654,303640.4797208806,357130.0024996538,37.4998812751719,142.47117253738617,PASS
CSEG_17,84,50,1963.4954084936207,329867.2286269283,10,0.8613011166590989,U09p343881_ETM_S06,1.0,652.2,1.35,1.2,34314.551039533784,303822.40149022633,352748.18018200545,37.4998812751719,142.47117253738617,PASS
CSEG_17,84,50,1963.4954084936207,329867.2286269283,11,0.8754275624237211,U09p343881_ETM_S06,1.0,652.2,1.35,1.2,35604.79103953378,304069.2674000141,347338.009964141,37.4998812751719,142.47117253738617,PASS
CSEG_17,84,50,1963.4954084936207,329867.2286269283,12,0.8912182186525642,U09p343881_ETM_S06,1.0,652.2,1.35,1.2,36895.03103953378,304316.13330980187,341460.8531790322,37.4998812751719,142.47117253738617,PASS
CSEG_17,84,50,1963.4954084936207,329867.2286269283,13,0.9074231685028923,U09p343881_ETM_S06,1.0,652.2,1.35,1.2,38185.271039533785,304562.9992195896,335635.0265136732,37.4998812751719,142.47117253738617,PASS
CSEG_17,84,50,1963.4954084936207,329867.2286269283,14,0.9242854992606938,U09p343881_ETM_S06,1.0,652.2,1.35,1.2,39475.51103953378,304809.86512937734,329778.91070798464,37.4998812751719,142.47117253738617,PASS
CSEG_17,84,50,1963.4954084936207,329867.2286269283,15,0.9421445987533835,U09p343881_ETM_S06,1.0,652.2,1.35,1.2,40765.75103953378,305056.7310391651,323789.71491510613,37.4998812751719,142.47117253738617,PASS
CSEG_17,84,50,1963.4954084936207,329867.2286269283,16,0.9607182541463021,U09p343881_ETM_S06,1.0,652.2,1.35,1.2,42055.99103953378,305303.5969489529,317786.8179680283,37.4998812751719,142.47117253738617,PASS
CSEG_18,84,25,490.8738521234052,82466.80715673207,1,2.1193890154541273,U09p343881_ETM_S06,0.7,652.75,1.0,1.0,15224.639970306524,291180.15706591867,137388.72615772553,49.999801623823714,165.88204678064233,FAIL
CSEG_18,84,25,490.8738521234052,82466.80715673207,2,1.9366718378482985,U09p343881_ETM_S06,0.7,652.75,1.0,1.0,15224.639970306524,291180.15706591867,150350.7984034242,49.999801623823714,165.88204678064233,FAIL
CSEG_18,84,25,490.8738521234052,82466.80715673207,3,1.7986909952370802,U09p343881_ETM_S06,0.7,652.15,1.0,1.0,15288.45078045858,291390.3981113949,162001.3659283303,49.999801623823714,165.88204678064233,FAIL
CSEG_18,84,25,490.8738521234052,82466.80715673207,4,1.6951100516658502,U09p343881_ETM_S06,0.7,652.15,1.0,1.0,15288.45078045858,291390.3981113949,171900.57826926003,49.999801623823714,165.88204678064233,FAIL
CSEG_18,84,25,490.8738521234052,82466.80715673207,5,1.6128082438553033,U09p343881_ETM_S06,1.0,652.15,1.0,1.0,15288.45078045858,291390.3981113949,180672.68642851608,49.999801623823714,165.88204678064233,FAIL
CSEG_18,84,25,490.8738521234052,82466.80715673207,6,1.5488945798076084,U09p343881_ETM_S06,1.0,652.15,1.0,1.0,15288.45078045858,291390.3981113949,188127.97327213138,49.999801623823714,165.88204678064233,FAIL
CSEG_18,84,25,490.8738521234052,82466.80715673207,7,1.498664910197142,U09p343881_ETM_S06,1.0,652.15,1.0,1.0,15288.45078045858,291390.3981113949,194433.32270524962,49.999801623823714,165.88204678064233,FAIL
CSEG_18,84,25,490.8738521234052,82466.80715673207,8,1.4600656531251288,U09p343881_ETM_S06,1.0,652.15,1.0,1.0,15288.45078045858,291390.3981113949,199573.49006032845,49.999801623823714,165.88204678064233,FAIL
CSEG_18,84,25,490.8738521234052,82466.80715673207,9,1.431339289666243,U09p343881_ETM_S06,1.0,652.2,1.0,1.0,15301.79023835598,291401.7032343444,203586.74238746904,49.999801623823714,165.88204678064233,FAIL
CSEG_18,84,25,490.8738521234052,82466.80715673207,10,1.4423445769791976,U09p343881_ETM_S06,1.0,652.2,1.35,1.2,33559.81682178057,292846.06281708874,203034.74460341272,49.999801623823714,165.88204678064233,FAIL
CSEG_18,84,25,490.8738521234052,82466.80715673207,11,1.461203334539402,U09p343881_ETM_S06,1.0,652.2,1.35,1.2,34850.05682178057,293091.2084000252,200582.08291210403,49.999801623823714,165.88204678064233,FAIL
CSEG_18,84,25,490.8738521234052,82466.80715673207,12,1.4850836709832083,U09p343881_ETM_S06,1.0,652.2,1.35,1.2,36140.29682178057,293336.3539829617,197521.76911941712,49.999801623823714,165.88204678064233,FAIL
CSEG_18,84,25,490.8738521234052,82466.80715673207,13,1.515090055472862,U09p343881_ETM_S06,1.0,652.2,1.35,1.2,37430.53682178057,293581.49956589815,193771.6497480877,49.999801623823714,165.88204678064233,FAIL
CSEG_18,84,25,490.8738521234052,82466.80715673207,14,1.5540557185872517,U09p343881_ETM_S06,1.0,652.2,1.35,1.2,38720.77682178057,293826.6451488346,189070.8561054324,49.999801623823714,165.88204678064233,FAIL
CSEG_18,84,25,490.8738521234052,82466.80715673207,15,1.6015388922446785,U09p343881_ETM_S06,1.0,652.2,1.35,1.2,40011.01682178057,294071.7907317711,183618.26375605975,49.999801623823714,165.88204678064233,FAIL
CSEG_18,84,25,490.8738521234052,82466.80715673207,16,1.6593638356500724,U09p343881_ETM_S06,1.0,652.2,1.35,1.2,41301.25682178057,294316.93631470756,177367.33198081658,49.999801623823714,165.88204678064233,FAIL
CSEG_18,84,28,615.7521601035994,103446.3628974047,1,1.8560702092264612,U09p343881_ETM_S06,0.7,652.75,1.0,1.0,15224.639970306524,291180.15706591867,156879.92599551033,48.499801623823714,162.88204678064233,FAIL
CSEG_18,84,28,615.7521601035994,103446.3628974047,2,1.722035454444706,U09p343881_ETM_S06,0.7,652.15,1.0,1.0,15288.45078045858,291390.3981113949,169212.7751256769,48.499801623823714,162.88204678064233,FAIL
CSEG_18,84,28,615.7521601035994,103446.3628974047,3,1.6241777179120804,U09p343881_ETM_S06,0.7,652.15,1.0,1.0,15288.45078045858,291390.3981113949,179407.95203494374,48.499801623823714,162.88204678064233,FAIL
CSEG_18,84,28,615.7521601035994,103446.3628974047,4,1.5451953954906938,U09p343881_ETM_S06,1.0,652.15,1.0,1.0,15288.45078045858,291390.3981113949,188578.35000139943,48.499801623823714,162.88204678064233,FAIL
CSEG_18,84,28,615.7521601035994,103446.3628974047,5,1.482858884400177,U09p343881_ETM_S06,1.0,652.15,1.0,1.0,15288.45078045858,291390.3981113949,196505.81803626148,48.499801623823714,162.88204678064233,FAIL
CSEG_18,84,28,615.7521601035994,103446.3628974047,6,1.4331473271917694,U09p343881_ETM_S06,1.0,652.15,1.0,1.0,15288.45078045858,291390.3981113949,203322.01203791797,48.499801623823714,162.88204678064233,FAIL
CSEG_18,84,28,615.7521601035994,103446.3628974047,7,1.3940147298429437,U09p343881_ETM_S06,1.0,652.15,1.0,1.0,15288.45078045858,291390.3981113949,209029.6407013033,48.499801623823714,162.88204678064233,FAIL
CSEG_18,84,28,615.7521601035994,103446.3628974047,8,1.3640192783878173,U09p343881_ETM_S06,1.0,652.2,1.0,1.0,15301.79023835598,291401.7032343444,213634.59289135734,48.499801623823714,162.88204678064233,FAIL
CSEG_18,84,28,615.7521601035994,103446.3628974047,9,1.3464153649706978,U09p343881_ETM_S06,1.0,652.2,1.35,1.2,32269.576821780574,292600.9172341522,217318.46267256472,48.499801623823714,162.88204678064233,FAIL
CSEG_18,84,28,615.7521601035994,103446.3628974047,10,1.3625754128470517,U09p343881_ETM_S06,1.0,652.2,1.35,1.2,33559.81682178057,292846.06281708874,214920.99450495554,48.499801623823714,162.88204678064233,FAIL
CSEG_18,84,28,615.7521601035994,103446.3628974047,11,1.3822649361122126,U09p343881_ETM_S06,1.0,652.2,1.35,1.2,34850.05682178057,293091.2084000252,212036.9263105087,48.499801623823714,162.88204678064233,FAIL
CSEG_18,84,28,615.7521601035994,103446.3628974047,12,1.4057292445785023,U09p343881_ETM_S06,1.0,652.2,1.35,1.2,36140.29682178057,293336.3539829617,208672.01498032178,48.499801623823714,162.88204678064233,FAIL
CSEG_18,84,28,615.7521601035994,103446.3628974047,13,1.4332227120647532,U09p343881_ETM_S06,1.0,652.2,1.35,1.2,37430.53682178057,293581.49956589815,204840.11109686774,48.499801623823714,162.88204678064233,FAIL
CSEG_18,84,28,615.7521601035994,103446.3628974047,14,1.4671634341620388,U09p343881_ETM_S06,1.0,652.2,1.35,1.2,38720.77682178057,293826.6451488346,200268.51699493986,48.499801623823714,162.88204678064233,FAIL
CSEG_18,84,28,615.7521601035994,103446.3628974047,15,1.508535099354759,U09p343881_ETM_S06,1.0,652.2,1.35,1.2,40011.01682178057,294071.7907317711,194938.64667620495,48.499801623823714,162.88204678064233,FAIL
CSEG_18,84,28,615.7521601035994,103446.3628974047,16,1.5572063560924363,U09p343881_ETM_S06,1.0,652.2,1.35,1.2,41301.25682178057,294316.93631470756,189003.16914532092,48.499801623823714,162.88204678064233,FAIL
CSEG_18,84,32,804.247719318987,135113.61684558983,1,1.5712060280607643,U09p343881_ETM_S06,0.7,652.15,1.0,1.0,15288.45078045858,291390.3981113949,185456.51741868557,46.499801623823714,158.88204678064233,FAIL
CSEG_18,84,32,804.247719318987,135113.61684558983,2,1.4895869121938532,U09p343881_ETM_S06,0.7,652.15,1.0,1.0,15288.45078045858,291390.3981113949,195618.2588112547,46.499801623823714,158.88204678064233,FAIL
CSEG_18,84,32,804.247719318987,135113.61684558983,3,1.4229303876133923,U09p343881_ETM_S06,1.0,652.15,1.0,1.0,15288.45078045858,291390.3981113949,204781.90686483897,46.499801623823714,158.88204678064233,FAIL
CSEG_18,84,32,804.247719318987,135113.61684558983,4,1.3692461185729956,U09p343881_ETM_S06,1.0,652.15,1.0,1.0,15288.45078045858,291390.3981113949,212810.8264532288,46.499801623823714,158.88204678064233,FAIL
CSEG_18,84,32,804.247719318987,135113.61684558983,5,1.3256404763074219,U09p343881_ETM_S06,1.0,652.15,1.0,1.0,15288.45078045858,291390.3981113949,219811.0297017064,46.499801623823714,158.88204678064233,FAIL
CSEG_18,84,32,804.247719318987,135113.61684558983,6,1.2907082101422354,U09p343881_ETM_S06,1.0,652.15,1.0,1.0,15288.45078045858,291390.3981113949,225760.08723093488,46.499801623823714,158.88204678064233,FAIL
CSEG_18,84,32,804.247719318987,135113.61684558983,7,1.2631384746565484,U09p343881_ETM_S06,1.0,652.2,1.0,1.0,15301.79023835598,291401.7032343444,230696.56184257826,46.499801623823714,158.88204678064233,FAIL
CSEG_18,84,32,804.247719318987,135113.61684558983,8,1.2423065590243354,U09p343881_ETM_S06,1.0,652.2,1.0,1.0,15301.79023835598,291401.7032343444,234565.05249654417,46.499801623823714,158.88204678064233,FAIL
CSEG_18,84,32,804.247719318987,135113.61684558983,9,1.2388415524001024,U09p343881_ETM_S06,1.0,652.2,1.35,1.2,32269.576821780574,292600.9172341522,236189.13707509576,46.499801623823714,158.88204678064233,FAIL
CSEG_18,84,32,804.247719318987,135113.61684558983,10,1.255679683138565,U09p343881_ETM_S06,1.0,652.2,1.35,1.2,33559.81682178057,292846.06281708874,233217.17054871944,46.499801623823714,158.88204678064233,FAIL
CSEG_18,84,32,804.247719318987,135113.61684558983,11,1.2759187454212706,U09p343881_ETM_S06,1.0,652.2,1.35,1.2,34850.05682178057,293091.2084000252,229709.93211895728,46.499801623823714,158.88204678064233,FAIL
CSEG_18,84,32,804.247719318987,135113.61684558983,12,1.2984231333745229,U09p343881_ETM_S06,1.0,652.2,1.35,1.2,36140.29682178057,293336.3539829617,225917.38120114844,46.499801623823714,158.88204678064233,FAIL
CSEG_18,84,32,804.247719318987,135113.61684558983,13,1.3236317386080463,U09p343881_ETM_S06,1.0,652.2,1.35,1.2,37430.53682178057,293581.49956589815,221799.98484671683,46.499801623823714,158.88204678064233,FAIL
CSEG_18,84,32,804.247719318987,135113.61684558983,14,1.3523712588729522,U09p343881_ETM_S06,1.0,652.2,1.35,1.2,38720.77682178057,293826.6451488346,217267.73858955398,46.499801623823714,158.88204678064233,FAIL
CSEG_18,84,32,804.247719318987,135113.61684558983,15,1.3865933754631319,U09p343881_ETM_S06,1.0,652.2,1.35,1.2,40011.01682178057,294071.7907317711,212082.21237430122,46.499801623823714,158.88204678064233,FAIL
CSEG_18,84,32,804.247719318987,135113.61684558983,16,1.4262882471290785,U09p343881_ETM_S06,1.0,652.2,1.35,1.2,41301.25682178057,294316.93631470756,206351.65220433316,46.499801623823714,158.88204678064233,FAIL
CSEG_18,84,36,1017.8760197630929,171003.17132019962,1,1.3535122986263406,U09p343881_ETM_S06,0.7,652.15,1.0,1.0,15288.45078045858,291390.3981113949,215284.63273449577,44.499801623823714,154.88204678064233,FAIL
CSEG_18,84,36,1017.8760197630929,171003.17132019962,2,1.2989045337246867,U09p343881_ETM_S06,1.0,652.15,1.0,1.0,15288.45078045858,291390.3981113949,224335.50006621,44.499801623823714,154.88204678064233,FAIL
CSEG_18,84,36,1017.8760197630929,171003.17132019962,3,1.2540328634317606,U09p343881_ETM_S06,1.0,652.15,1.0,1.0,15288.45078045858,291390.3981113949,232362.649024988,44.499801623823714,154.88204678064233,FAIL
CSEG_18,84,36,1017.8760197630929,171003.17132019962,4,1.2171531392584325,U09p343881_ETM_S06,1.0,652.15,1.0,1.0,15288.45078045858,291390.3981113949,239403.2342462088,44.499801623823714,154.88204678064233,FAIL
CSEG_18,84,36,1017.8760197630929,171003.17132019962,5,1.1868788217553476,U09p343881_ETM_S06,1.0,652.15,1.0,1.0,15288.45078045858,291390.3981113949,245509.81344535225,44.499801623823714,154.88204678064233,FAIL
CSEG_18,84,36,1017.8760197630929,171003.17132019962,6,1.1626049610651414,U09p343881_ETM_S06,1.0,652.2,1.0,1.0,15301.79023835598,291401.7032343444,250645.50126069604,44.499801623823714,154.88204678064233,FAIL
CSEG_18,84,36,1017.8760197630929,171003.17132019962,7,1.1436506160846502,U09p343881_ETM_S06,1.0,652.2,1.0,1.0,15301.79023835598,291401.7032343444,254799.58576157977,44.499801623823714,154.88204678064233,FAIL
CSEG_18,84,36,1017.8760197630929,171003.17132019962,8,1.1299527990726657,U09p343881_ETM_S06,1.0,652.2,1.0,1.2,25623.710238355976,293362.8678978362,259624.00211636667,44.499801623823714,154.88204678064233,FAIL
CSEG_18,84,36,1017.8760197630929,171003.17132019962,9,1.1352298771656113,U09p343881_ETM_S06,1.0,652.2,1.35,1.2,32269.576821780574,292600.9172341522,257745.9623990028,44.499801623823714,154.88204678064233,FAIL
CSEG_18,84,36,1017.8760197630929,171003.17132019962,10,1.1514217463813115,U09p343881_ETM_S06,1.0,652.2,1.35,1.2,33559.81682178057,292846.06281708874,254334.31645480503,44.499801623823714,154.88204678064233,FAIL
CSEG_18,84,36,1017.8760197630929,171003.17132019962,11,1.1713746186962601,U09p343881_ETM_S06,1.0,652.2,1.35,1.2,34850.05682178057,293091.2084000252,250211.33608497994,44.499801623823714,154.88204678064233,FAIL
CSEG_18,84,36,1017.8760197630929,171003.17132019962,12,1.1925301199946015,U09p343881_ETM_S06,1.0,652.2,1.35,1.2,36140.29682178057,293336.3539829617,245978.15104602106,44.499801623823714,154.88204678064233,FAIL
CSEG_18,84,36,1017.8760197630929,171003.17132019962,13,1.2157748653939093,U09p343881_ETM_S06,1.0,652.2,1.35,1.2,37430.53682178057,293581.49956589815,241476.8621415595,44.499801623823714,154.88204678064233,FAIL
CSEG_18,84,36,1017.8760197630929,171003.17132019962,14,1.24099660101943,U09p343881_ETM_S06,1.0,652.2,1.35,1.2,38720.77682178057,293826.6451488346,236766.68002754202,44.499801623823714,154.88204678064233,FAIL
CSEG_18,84,36,1017.8760197630929,171003.17132019962,15,1.2693320909840526,U09p343881_ETM_S06,1.0,652.2,1.35,1.2,40011.01682178057,294071.7907317711,231674.43163261656,44.499801623823714,154.88204678064233,FAIL
CSEG_18,84,36,1017.8760197630929,171003.17132019962,16,1.302013198890955,U09p343881_ETM_S06,1.0,652.2,1.35,1.2,41301.25682178057,294316.93631470756,226047.58274755167,44.499801623823714,154.88204678064233,FAIL
CSEG_18,84,40,1256.6370614359173,211115.0263212341,1,1.1787058873245089,U09p343881_ETM_S06,1.0,652.15,1.0,1.0,15288.45078045858,291390.3981113949,247212.13429484837,42.499801623823714,150.88204678064233,FAIL
CSEG_18,84,40,1256.6370614359173,211115.0263212341,2,1.1419041986824279,U09p343881_ETM_S06,1.0,652.15,1.0,1.0,15288.45078045858,291390.3981113949,255179.3735828383,42.499801623823714,150.88204678064233,FAIL
CSEG_18,84,40,1256.6370614359173,211115.0263212341,3,1.1114188648230083,U09p343881_ETM_S06,1.0,652.15,1.0,1.0,15288.45078045858,291390.3981113949,262178.74046775186,42.499801623823714,150.88204678064233,FAIL
CSEG_18,84,40,1256.6370614359173,211115.0263212341,4,1.086073343154015,U09p343881_ETM_S06,1.0,652.15,1.0,1.0,15288.45078045858,291390.3981113949,268297.16422758484,42.499801623823714,150.88204678064233,FAIL
CSEG_18,84,40,1256.6370614359173,211115.0263212341,5,1.0652326568617911,U09p343881_ETM_S06,1.0,652.2,1.0,1.0,15301.79023835598,291401.7032343444,273556.8623035112,42.499801623823714,150.88204678064233,FAIL
CSEG_18,84,40,1256.6370614359173,211115.0263212341,6,1.048571529545018,U09p343881_ETM_S06,1.0,652.2,1.0,1.0,15301.79023835598,291401.7032343444,277903.5049337888,42.499801623823714,150.88204678064233,FAIL
CSEG_18,84,40,1256.6370614359173,211115.0263212341,7,1.035675724731638,U09p343881_ETM_S06,1.0,652.2,1.0,1.0,15301.79023835598,291401.7032343444,281363.8441799452,42.499801623823714,150.88204678064233,FAIL
CSEG_18,84,40,1256.6370614359173,211115.0263212341,8,1.0308338345662396,U09p343881_ETM_S06,1.0,652.2,1.0,1.2,25623.710238355976,293362.8678978362,284587.93072239344,42.499801623823714,150.88204678064233,FAIL
CSEG_18,84,40,1256.6370614359173,211115.0263212341,9,1.0376917697531405,U09p343881_ETM_S06,1.0,652.2,1.35,1.2,32269.576821780574,292600.9172341522,281972.8610777745,42.499801623823714,150.88204678064233,FAIL
CSEG_18,84,40,1256.6370614359173,211115.0263212341,10,1.0524288493532203,U09p343881_ETM_S06,1.0,652.2,1.35,1.2,33559.81682178057,292846.06281708874,278257.35012591106,42.499801623823714,150.88204678064233,FAIL
CSEG_18,84,40,1256.6370614359173,211115.0263212341,11,1.0713266477933332,U09p343881_ETM_S06,1.0,652.2,1.35,1.2,34850.05682178057,293091.2084000252,273577.81961619295,42.499801623823714,150.88204678064233,FAIL
CSEG_18,84,40,1256.6370614359173,211115.0263212341,12,1.0909694850514609,U09p343881_ETM_S06,1.0,652.2,1.35,1.2,36140.29682178057,293336.3539829617,268876.77245081245,42.499801623823714,150.88204678064233,FAIL
CSEG_18,84,40,1256.6370614359173,211115.0263212341,13,1.112058815817489,U09p343881_ETM_S06,1.0,652.2,1.35,1.2,37430.53682178057,293581.49956589815,263998.176526376,42.499801623823714,150.88204678064233,FAIL
CSEG_18,84,40,1256.6370614359173,211115.0263212341,14,1.1345761835796733,U09p343881_ETM_S06,1.0,652.2,1.35,1.2,38720.77682178057,293826.6451488346,258974.8043377655,42.499801623823714,150.88204678064233,FAIL
CSEG_18,84,40,1256.6370614359173,211115.0263212341,15,1.1587611366597823,U09p343881_ETM_S06,1.0,652.2,1.35,1.2,40011.01682178057,294071.7907317711,253781.19909980375,42.499801623823714,150.88204678064233,FAIL
CSEG_18,84,40,1256.6370614359173,211115.0263212341,16,1.185592577255418,U09p343881_ETM_S06,1.0,652.2,1.35,1.2,41301.25682178057,294316.93631470756,248244.5841522011,42.499801623823714,150.88204678064233,FAIL
CSEG_18,84,50,1963.4954084936207,329867.2286269283,1,0.8676241534772581,U09p343881_ETM_S06,1.0,652.2,1.0,1.0,15301.79023835598,291401.7032343444,335861.67704813957,37.499801623823714,140.88204678064233,PASS
CSEG_18,84,50,1963.4954084936207,329867.2286269283,2,0.8535039406648163,U09p343881_ETM_S06,1.0,652.2,1.0,1.0,15301.79023835598,291401.7032343444,341418.11109549657,37.499801623823714,140.88204678064233,PASS
CSEG_18,84,50,1963.4954084936207,329867.2286269283,3,0.8416093767546194,U09p343881_ETM_S06,1.0,652.2,1.0,1.0,15301.79023835598,291401.7032343444,346243.41325430095,37.499801623823714,140.88204678064233,PASS
CSEG_18,84,50,1963.4954084936207,329867.2286269283,4,0.8317076739080796,U09p343881_ETM_S06,1.0,652.2,1.0,1.0,15301.79023835598,291401.7032343444,350365.533920215,37.499801623823714,140.88204678064233,PASS
CSEG_18,84,50,1963.4954084936207,329867.2286269283,5,0.8237661384703321,U09p343881_ETM_S06,1.0,652.2,1.0,1.0,15301.79023835598,291401.7032343444,353743.2404971805,37.499801623823714,140.88204678064233,PASS
CSEG_18,84,50,1963.4954084936207,329867.2286269283,6,0.8190185231487858,U09p343881_ETM_S06,1.0,652.2,1.0,1.2,23043.230238355976,292872.5767319632,357589.6862576317,37.499801623823714,140.88204678064233,PASS
CSEG_18,84,50,1963.4954084936207,329867.2286269283,7,0.8175920510607427,U09p343881_ETM_S06,1.0,652.2,1.0,1.2,24333.470238355978,293117.7223148997,358513.4199074089,37.499801623823714,140.88204678064233,PASS
CSEG_18,84,50,1963.4954084936207,329867.2286269283,8,0.8201367296539378,U09p343881_ETM_S06,1.0,652.2,1.35,1.2,30979.336821780573,292355.77165121573,356471.98946275364,37.499801623823714,140.88204678064233,PASS
CSEG_18,84,50,1963.4954084936207,329867.2286269283,9,0.826522149717294,U09p343881_ETM_S06,1.0,652.2,1.35,1.2,32269.576821780574,292600.9172341522,354014.6109021207,37.499801623823714,140.88204678064233,PASS
CSEG_18,84,50,1963.4954084936207,329867.2286269283,10,0.8371194008622777,U09p343881_ETM_S06,1.0,652.2,1.35,1.2,33559.81682178057,292846.06281708874,349825.9179221527,37.499801623823714,140.88204678064233,PASS
CSEG_18,84,50,1963.4954084936207,329867.2286269283,11,0.8507276112447675,U09p343881_ETM_S06,1.0,652.2,1.35,1.2,34850.05682178057,293091.2084000252,344518.27415261633,37.499801623823714,140.88204678064233,PASS
CSEG_18,84,50,1963.4954084936207,329867.2286269283,12,0.8660861496024606,U09p343881_ETM_S06,1.0,652.2,1.35,1.2,36140.29682178057,293336.3539829617,338691.8889276835,37.499801623823714,140.88204678064233,PASS
CSEG_18,84,50,1963.4954084936207,329867.2286269283,13,0.881847634005482,U09p343881_ETM_S06,1.0,652.2,1.35,1.2,37430.53682178057,293581.49956589815,332916.35453214025,37.499801623823714,140.88204678064233,PASS
CSEG_18,84,50,1963.4954084936207,329867.2286269283,14,0.8982445875974534,U09p343881_ETM_S06,1.0,652.2,1.35,1.2,38720.77682178057,293826.6451488346,327112.068590067,37.499801623823714,140.88204678064233,PASS
CSEG_18,84,50,1963.4954084936207,329867.2286269283,15,0.9156094686004779,U09p343881_ETM_S06,1.0,652.2,1.35,1.2,40011.01682178057,294071.7907317711,321176.0044173244,37.499801623823714,140.88204678064233,PASS
CSEG_18,84,50,1963.4954084936207,329867.2286269283,16,0.9336675919526914,U09p343881_ETM_S06,1.0,652.2,1.35,1.2,41301.25682178057,294316.93631470756,315226.681156585,37.499801623823714,140.88204678064233,PASS
CSEG_19,84,25,490.8738521234052,82466.80715673207,1,2.0570371038107615,U09p343881_ETM_S06,0.7,652.15,1.0,1.0,14730.51617681139,280514.45219953073,136368.20244023018,49.999801623823714,165.88204678064233,FAIL
CSEG_19,84,25,490.8738521234052,82466.80715673207,2,1.8775211276985575,U09p343881_ETM_S06,0.7,652.15,1.0,1.0,14730.51617681139,280514.45219953073,149406.81522097273,49.999801623823714,165.88204678064233,FAIL
CSEG_19,84,25,490.8738521234052,82466.80715673207,3,1.7410303041284083,U09p343881_ETM_S06,0.7,652.15,1.0,1.0,14730.51617681139,280514.45219953073,161119.7987389205,49.999801623823714,165.88204678064233,FAIL
CSEG_19,84,25,490.8738521234052,82466.80715673207,4,1.6393475294824786,U09p343881_ETM_S06,0.7,652.15,1.0,1.0,14730.51617681139,280514.45219953073,171113.47481524287,49.999801623823714,165.88204678064233,FAIL
CSEG_19,84,25,490.8738521234052,82466.80715673207,5,1.5583690680168027,U09p343881_ETM_S06,1.0,652.15,1.0,1.0,14730.51617681139,280514.45219953073,180005.1463781403,49.999801623823714,165.88204678064233,FAIL
CSEG_19,84,25,490.8738521234052,82466.80715673207,6,1.4955323429078022,U09p343881_ETM_S06,1.0,652.15,1.0,1.0,14730.51617681139,280514.45219953073,187568.29534968076,49.999801623823714,165.88204678064233,FAIL
CSEG_19,84,25,490.8738521234052,82466.80715673207,7,1.4461690313668443,U09p343881_ETM_S06,1.0,652.15,1.0,1.0,14730.51617681139,280514.45219953073,193970.72272692976,49.999801623823714,165.88204678064233,FAIL
CSEG_19,84,25,490.8738521234052,82466.80715673207,8,1.4080624530864851,U09p343881_ETM_S06,1.0,652.15,1.0,1.0,14730.51617681139,280514.45219953073,199220.17775890592,49.999801623823714,165.88204678064233,FAIL
CSEG_19,84,25,490.8738521234052,82466.80715673207,9,1.3795743108422243,U09p343881_ETM_S06,1.0,652.15,1.0,1.0,14730.51617681139,280514.45219953073,203334.06471470016,49.999801623823714,165.88204678064233,FAIL
CSEG_19,84,25,490.8738521234052,82466.80715673207,10,1.3861196063180468,U09p343881_ETM_S06,1.0,652.15,1.35,1.2,32788.596838695375,281920.9995992795,203388.65298078206,49.999801623823714,165.88204678064233,FAIL
CSEG_19,84,25,490.8738521234052,82466.80715673207,11,1.4037860814566503,U09p343881_ETM_S06,1.0,652.15,1.35,1.2,34078.83683869537,282166.145182216,201003.6635278674,49.999801623823714,165.88204678064233,FAIL
CSEG_19,84,25,490.8738521234052,82466.80715673207,12,1.4261965246950086,U09p343881_ETM_S06,1.0,652.15,1.35,1.2,35369.07683869537,282411.2907651525,198017.09362988806,49.999801623823714,165.88204678064233,FAIL
CSEG_19,84,25,490.8738521234052,82466.80715673207,13,1.4542748662556515,U09p343881_ETM_S06,1.0,652.15,1.35,1.2,36659.31683869538,282656.436348089,194362.45713016397,49.999801623823714,165.88204678064233,FAIL
CSEG_19,84,25,490.8738521234052,82466.80715673207,14,1.4907853438901215,U09p343881_ETM_S06,1.0,652.15,1.35,1.2,37949.556838695375,282901.58193102543,189766.8118958089,49.999801623823714,165.88204678064233,FAIL
CSEG_19,84,25,490.8738521234052,82466.80715673207,15,1.5355426934577978,U09p343881_ETM_S06,1.0,652.15,1.35,1.2,39239.79683869537,283146.7275139619,184395.21657086624,49.999801623823714,165.88204678064233,FAIL
CSEG_19,84,25,490.8738521234052,82466.80715673207,16,1.589869558016913,U09p343881_ETM_S06,1.0,652.15,1.35,1.2,40530.03683869538,283391.8730968984,178248.5057770278,49.999801623823714,165.88204678064233,FAIL
CSEG_19,84,28,615.7521601035994,103446.3628974047,1,1.7992153701038291,U09p343881_ETM_S06,0.7,652.15,1.0,1.0,14730.51617681139,280514.45219953073,155909.324064602,48.499801623823714,162.88204678064233,FAIL
CSEG_19,84,28,615.7521601035994,103446.3628974047,2,1.667621565876167,U09p343881_ETM_S06,0.7,652.15,1.0,1.0,14730.51617681139,280514.45219953073,168212.29584671906,48.499801623823714,162.88204678064233,FAIL
CSEG_19,84,28,615.7521601035994,103446.3628974047,3,1.570736293795008,U09p343881_ETM_S06,0.7,652.15,1.0,1.0,14730.51617681139,280514.45219953073,178587.8720111498,48.499801623823714,162.88204678064233,FAIL
CSEG_19,84,28,615.7521601035994,103446.3628974047,4,1.4931494622947399,U09p343881_ETM_S06,1.0,652.15,1.0,1.0,14730.51617681139,280514.45219953073,187867.63099282997,48.499801623823714,162.88204678064233,FAIL
CSEG_19,84,28,615.7521601035994,103446.3628974047,5,1.431857026272597,U09p343881_ETM_S06,1.0,652.15,1.0,1.0,14730.51617681139,280514.45219953073,195909.54058434488,48.499801623823714,162.88204678064233,FAIL
CSEG_19,84,28,615.7521601035994,103446.3628974047,6,1.3830681342335502,U09p343881_ETM_S06,1.0,652.15,1.0,1.0,14730.51617681139,280514.45219953073,202820.41445122467,48.499801623823714,162.88204678064233,FAIL
CSEG_19,84,28,615.7521601035994,103446.3628974047,7,1.3446137313537037,U09p343881_ETM_S06,1.0,652.15,1.0,1.0,14730.51617681139,280514.45219953073,208620.84452842816,48.499801623823714,162.88204678064233,FAIL
CSEG_19,84,28,615.7521601035994,103446.3628974047,8,1.3149553633606645,U09p343881_ETM_S06,1.0,652.15,1.0,1.0,14730.51617681139,280514.45219953073,213326.2162470769,48.499801623823714,162.88204678064233,FAIL
CSEG_19,84,28,615.7521601035994,103446.3628974047,9,1.2944218336498483,U09p343881_ETM_S06,1.0,652.15,1.35,1.2,31498.356838695378,281675.854016343,217607.4651198588,48.499801623823714,162.88204678064233,FAIL
CSEG_19,84,28,615.7521601035994,103446.3628974047,10,1.3092201734046118,U09p343881_ETM_S06,1.0,652.15,1.35,1.2,32788.596838695375,281920.9995992795,215335.05618550561,48.499801623823714,162.88204678064233,FAIL
CSEG_19,84,28,615.7521601035994,103446.3628974047,11,1.3278862064782597,U09p343881_ETM_S06,1.0,652.15,1.35,1.2,34078.83683869537,282166.145182216,212492.7149673165,48.499801623823714,162.88204678064233,FAIL
CSEG_19,84,28,615.7521601035994,103446.3628974047,12,1.350040619704704,U09p343881_ETM_S06,1.0,652.15,1.35,1.2,35369.07683869537,282411.2907651525,209187.25454862582,48.499801623823714,162.88204678064233,FAIL
CSEG_19,84,28,615.7521601035994,103446.3628974047,13,1.3760027581799978,U09p343881_ETM_S06,1.0,652.15,1.35,1.2,36659.31683869538,282656.436348089,205418.510004988,48.499801623823714,162.88204678064233,FAIL
CSEG_19,84,28,615.7521601035994,103446.3628974047,14,1.4078294365097674,U09p343881_ETM_S06,1.0,652.15,1.35,1.2,37949.556838695375,282901.58193102543,200948.76168549462,48.499801623823714,162.88204678064233,FAIL
CSEG_19,84,28,615.7521601035994,103446.3628974047,15,1.4468831488102623,U09p343881_ETM_S06,1.0,652.15,1.35,1.2,39239.79683869537,283146.7275139619,195694.2602771943,48.499801623823714,162.88204678064233,FAIL
CSEG_19,84,28,615.7521601035994,103446.3628974047,16,1.4928116454821727,U09p343881_ETM_S06,1.0,652.15,1.35,1.2,40530.03683869538,283391.8730968984,189837.66234310414,48.499801623823714,162.88204678064233,FAIL
CSEG_19,84,32,804.247719318987,135113.61684558983,1,1.5207641665753886,U09p343881_ETM_S06,0.7,652.15,1.0,1.0,14730.51617681139,280514.45219953073,184456.24796066945,46.499801623823714,158.88204678064233,FAIL
CSEG_19,84,32,804.247719318987,135113.61684558983,2,1.439958268826075,U09p343881_ETM_S06,0.7,652.15,1.0,1.0,14730.51617681139,280514.45219953073,194807.34842977076,46.499801623823714,158.88204678064233,FAIL
CSEG_19,84,32,804.247719318987,135113.61684558983,3,1.3745081639466563,U09p343881_ETM_S06,0.7,652.15,1.0,1.0,14730.51617681139,280514.45219953073,204083.51114778628,46.499801623823714,158.88204678064233,FAIL
CSEG_19,84,32,804.247719318987,135113.61684558983,4,1.3220183635248217,U09p343881_ETM_S06,1.0,652.15,1.0,1.0,14730.51617681139,280514.45219953073,212186.50204798297,46.499801623823714,158.88204678064233,FAIL
CSEG_19,84,32,804.247719318987,135113.61684558983,5,1.2792276884705993,U09p343881_ETM_S06,1.0,652.15,1.0,1.0,14730.51617681139,280514.45219953073,219284.22494896446,46.499801623823714,158.88204678064233,FAIL
CSEG_19,84,32,804.247719318987,135113.61684558983,6,1.2449586283369136,U09p343881_ETM_S06,1.0,652.15,1.0,1.0,14730.51617681139,280514.45219953073,225320.30046191803,46.499801623823714,158.88204678064233,FAIL
CSEG_19,84,32,804.247719318987,135113.61684558983,7,1.2177530579867952,U09p343881_ETM_S06,1.0,652.15,1.0,1.0,14730.51617681139,280514.45219953073,230354.13490423153,46.499801623823714,158.88204678064233,FAIL
CSEG_19,84,32,804.247719318987,135113.61684558983,8,1.1971455864402754,U09p343881_ETM_S06,1.0,652.15,1.0,1.0,14730.51617681139,280514.45219953073,234319.41392662466,46.499801623823714,158.88204678064233,FAIL
CSEG_19,84,32,804.247719318987,135113.61684558983,9,1.1908257350723643,U09p343881_ETM_S06,1.0,652.15,1.35,1.2,31498.356838695378,281675.854016343,236538.26560880133,46.499801623823714,158.88204678064233,FAIL
CSEG_19,84,32,804.247719318987,135113.61684558983,10,1.2062918365802058,U09p343881_ETM_S06,1.0,652.15,1.35,1.2,32788.596838695375,281920.9995992795,233708.7850967436,46.499801623823714,158.88204678064233,FAIL
CSEG_19,84,32,804.247719318987,135113.61684558983,11,1.2256264018115977,U09p343881_ETM_S06,1.0,652.15,1.35,1.2,34078.83683869537,282166.145182216,230221.98670422437,46.499801623823714,158.88204678064233,FAIL
CSEG_19,84,32,804.247719318987,135113.61684558983,12,1.246969296861267,U09p343881_ETM_S06,1.0,652.15,1.35,1.2,35369.07683869537,282411.2907651525,226478.1430272637,46.499801623823714,158.88204678064233,FAIL
CSEG_19,84,32,804.247719318987,135113.61684558983,13,1.27093039563653,U09p343881_ETM_S06,1.0,652.15,1.35,1.2,36659.31683869538,282656.436348089,222401.19310902464,46.499801623823714,158.88204678064233,FAIL
CSEG_19,84,32,804.247719318987,135113.61684558983,14,1.298113059066637,U09p343881_ETM_S06,1.0,652.15,1.35,1.2,37949.556838695375,282901.58193102543,217932.9296127997,46.499801623823714,158.88204678064233,FAIL
CSEG_19,84,32,804.247719318987,135113.61684558983,15,1.3304199270390726,U09p343881_ETM_S06,1.0,652.15,1.35,1.2,39239.79683869537,283146.7275139619,212825.08008138568,46.499801623823714,158.88204678064233,FAIL
CSEG_19,84,32,804.247719318987,135113.61684558983,16,1.3680502579743075,U09p343881_ETM_S06,1.0,652.15,1.35,1.2,40530.03683869538,283391.8730968984,207150.19162857436,46.499801623823714,158.88204678064233,FAIL
CSEG_19,84,36,1017.8760197630929,171003.17132019962,1,1.3078366912337749,U09p343881_ETM_S06,0.7,652.15,1.0,1.0,14730.51617681139,280514.45219953073,214487.36992911674,44.499801623823714,154.88204678064233,FAIL
CSEG_19,84,36,1017.8760197630929,171003.17132019962,2,1.2544740869482152,U09p343881_ETM_S06,1.0,652.15,1.0,1.0,14730.51617681139,280514.45219953073,223611.1970092136,44.499801623823714,154.88204678064233,FAIL
CSEG_19,84,36,1017.8760197630929,171003.17132019962,3,1.2104189818418327,U09p343881_ETM_S06,1.0,652.15,1.0,1.0,14730.51617681139,280514.45219953073,231749.87868472302,44.499801623823714,154.88204678064233,FAIL
CSEG_19,84,36,1017.8760197630929,171003.17132019962,4,1.1743658209721461,U09p343881_ETM_S06,1.0,652.15,1.0,1.0,14730.51617681139,280514.45219953073,238864.62564732973,44.499801623823714,154.88204678064233,FAIL
CSEG_19,84,36,1017.8760197630929,171003.17132019962,5,1.144651567445967,U09p343881_ETM_S06,1.0,652.15,1.0,1.0,14730.51617681139,280514.45219953073,245065.3632750757,44.499801623823714,154.88204678064233,FAIL
CSEG_19,84,36,1017.8760197630929,171003.17132019962,6,1.1207997968587717,U09p343881_ETM_S06,1.0,652.15,1.0,1.0,14730.51617681139,280514.45219953073,250280.6058546042,44.499801623823714,154.88204678064233,FAIL
CSEG_19,84,36,1017.8760197630929,171003.17132019962,7,1.1020832417881286,U09p343881_ETM_S06,1.0,652.15,1.0,1.0,14730.51617681139,280514.45219953073,254531.09308185868,44.499801623823714,154.88204678064233,FAIL
CSEG_19,84,36,1017.8760197630929,171003.17132019962,8,1.0880398260043143,U09p343881_ETM_S06,1.0,652.15,1.0,1.2,25052.43617681139,282475.61686302256,259618.82103192655,44.499801623823714,154.88204678064233,FAIL
CSEG_19,84,36,1017.8760197630929,171003.17132019962,9,1.0911716991983518,U09p343881_ETM_S06,1.0,652.15,1.35,1.2,31498.356838695378,281675.854016343,258140.7254452082,44.499801623823714,154.88204678064233,FAIL
CSEG_19,84,36,1017.8760197630929,171003.17132019962,10,1.1060157287567487,U09p343881_ETM_S06,1.0,652.15,1.35,1.2,32788.596838695375,281920.9995992795,254897.82131415213,44.499801623823714,154.88204678064233,FAIL
CSEG_19,84,36,1017.8760197630929,171003.17132019962,11,1.1251322636935839,U09p343881_ETM_S06,1.0,652.15,1.35,1.2,34078.83683869537,282166.145182216,250784.86706613592,44.499801623823714,154.88204678064233,FAIL
CSEG_19,84,36,1017.8760197630929,171003.17132019962,12,1.1452901019232793,U09p343881_ETM_S06,1.0,652.15,1.35,1.2,35369.07683869537,282411.2907651525,246584.93973788893,44.499801623823714,154.88204678064233,FAIL
CSEG_19,84,36,1017.8760197630929,171003.17132019962,13,1.1674833488391998,U09p343881_ETM_S06,1.0,652.15,1.35,1.2,36659.31683869538,282656.436348089,242107.4669965335,44.499801623823714,154.88204678064233,FAIL
CSEG_19,84,36,1017.8760197630929,171003.17132019962,14,1.1915194333382628,U09p343881_ETM_S06,1.0,652.15,1.35,1.2,37949.556838695375,282901.58193102543,237429.26385885637,44.499801623823714,154.88204678064233,FAIL
CSEG_19,84,36,1017.8760197630929,171003.17132019962,15,1.2183756725217822,U09p343881_ETM_S06,1.0,652.15,1.35,1.2,39239.79683869537,283146.7275139619,232396.89850988862,44.499801623823714,154.88204678064233,FAIL
CSEG_19,84,36,1017.8760197630929,171003.17132019962,16,1.2493540375719483,U09p343881_ETM_S06,1.0,652.15,1.35,1.2,40530.03683869538,283391.8730968984,226830.71777448693,44.499801623823714,154.88204678064233,FAIL
CSEG_19,84,40,1256.6370614359173,211115.0263212341,1,1.137974681013596,U09p343881_ETM_S06,1.0,652.15,1.0,1.0,14730.51617681139,280514.45219953073,246503.2455288689,42.499801623823714,150.88204678064233,FAIL
CSEG_19,84,40,1256.6370614359173,211115.0263212341,2,1.1020134814776805,U09p343881_ETM_S06,1.0,652.15,1.0,1.0,14730.51617681139,280514.45219953073,254547.20555994584,42.499801623823714,150.88204678064233,FAIL
CSEG_19,84,40,1256.6370614359173,211115.0263212341,3,1.072062783146342,U09p343881_ETM_S06,1.0,652.15,1.0,1.0,14730.51617681139,280514.45219953073,261658.6048964998,42.499801623823714,150.88204678064233,FAIL
CSEG_19,84,40,1256.6370614359173,211115.0263212341,4,1.0473154113222642,U09p343881_ETM_S06,1.0,652.15,1.0,1.0,14730.51617681139,280514.45219953073,267841.42500622,42.499801623823714,150.88204678064233,FAIL
CSEG_19,84,40,1256.6370614359173,211115.0263212341,5,1.026890773057296,U09p343881_ETM_S06,1.0,652.15,1.0,1.0,14730.51617681139,280514.45219953073,273168.73377328436,42.499801623823714,150.88204678064233,FAIL
CSEG_19,84,40,1256.6370614359173,211115.0263212341,6,1.0104917271342866,U09p343881_ETM_S06,1.0,652.15,1.0,1.0,14730.51617681139,280514.45219953073,277601.9285136141,42.499801623823714,150.88204678064233,FAIL
CSEG_19,84,40,1256.6370614359173,211115.0263212341,7,0.9977176478745153,U09p343881_ETM_S06,1.0,652.15,1.0,1.0,14730.51617681139,280514.45219953073,281156.149535015,42.499801623823714,150.88204678064233,PASS
CSEG_19,84,40,1256.6370614359173,211115.0263212341,8,0.9923966166286461,U09p343881_ETM_S06,1.0,652.15,1.0,1.2,25052.43617681139,282475.61686302256,284639.8427099079,42.499801623823714,150.88204678064233,PASS
CSEG_19,84,40,1256.6370614359173,211115.0263212341,9,0.9975473132914994,U09p343881_ETM_S06,1.0,652.15,1.35,1.2,31498.356838695378,281675.854016343,282368.4152753893,42.499801623823714,150.88204678064233,PASS
CSEG_19,84,40,1256.6370614359173,211115.0263212341,10,1.0110638926605866,U09p343881_ETM_S06,1.0,652.15,1.35,1.2,32788.596838695375,281920.9995992795,278835.98815640836,42.499801623823714,150.88204678064233,FAIL
CSEG_19,84,40,1256.6370614359173,211115.0263212341,11,1.0290194285478873,U09p343881_ETM_S06,1.0,652.15,1.35,1.2,34078.83683869537,282166.145182216,274208.7635608572,42.499801623823714,150.88204678064233,FAIL
CSEG_19,84,40,1256.6370614359173,211115.0263212341,12,1.0478450150076428,U09p343881_ETM_S06,1.0,652.15,1.35,1.2,35369.07683869537,282411.2907651525,269516.2802898791,42.499801623823714,150.88204678064233,FAIL
CSEG_19,84,40,1256.6370614359173,211115.0263212341,13,1.0679568596976359,U09p343881_ETM_S06,1.0,652.15,1.35,1.2,36659.31683869538,282656.436348089,264670.2755653592,42.499801623823714,150.88204678064233,FAIL
CSEG_19,84,40,1256.6370614359173,211115.0263212341,14,1.0894989478795944,U09p343881_ETM_S06,1.0,652.15,1.35,1.2,37949.556838695375,282901.58193102543,259662.0974087349,42.499801623823714,150.88204678064233,FAIL
CSEG_19,84,40,1256.6370614359173,211115.0263212341,15,1.1125646249819048,U09p343881_ETM_S06,1.0,652.15,1.35,1.2,39239.79683869537,283146.7275139619,254499.128550458,42.499801623823714,150.88204678064233,FAIL
CSEG_19,84,40,1256.6370614359173,211115.0263212341,16,1.1380491190320903,U09p343881_ETM_S06,1.0,652.15,1.35,1.2,40530.03683869538,283391.8730968984,249015.5023694609,42.499801623823714,150.88204678064233,FAIL
CSEG_19,84,50,1963.4954084936207,329867.2286269283,1,0.8364065150511886,U09p343881_ETM_S06,1.0,652.15,1.0,1.0,14730.51617681139,280514.45219953073,335380.5202992268,37.499801623823714,140.88204678064233,PASS
CSEG_19,84,50,1963.4954084936207,329867.2286269283,2,0.8226171090761335,U09p343881_ETM_S06,1.0,652.15,1.0,1.0,14730.51617681139,280514.45219953073,341002.45315171167,37.499801623823714,140.88204678064233,PASS
CSEG_19,84,50,1963.4954084936207,329867.2286269283,3,0.8109724722519562,U09p343881_ETM_S06,1.0,652.15,1.0,1.0,14730.51617681139,280514.45219953073,345898.8582196651,37.499801623823714,140.88204678064233,PASS
CSEG_19,84,50,1963.4954084936207,329867.2286269283,4,0.801271868525947,U09p343881_ETM_S06,1.0,652.15,1.0,1.0,14730.51617681139,280514.45219953073,350086.4852719424,37.499801623823714,140.88204678064233,PASS
CSEG_19,84,50,1963.4954084936207,329867.2286269283,5,0.7934614189460469,U09p343881_ETM_S06,1.0,652.15,1.0,1.0,14730.51617681139,280514.45219953073,353532.5669295143,37.499801623823714,140.88204678064233,PASS
CSEG_19,84,50,1963.4954084936207,329867.2286269283,6,0.788680106042613,U09p343881_ETM_S06,1.0,652.15,1.0,1.2,22471.95617681139,281985.3256971496,357540.812221164,37.499801623823714,140.88204678064233,PASS
CSEG_19,84,50,1963.4954084936207,329867.2286269283,7,0.7871257604094418,U09p343881_ETM_S06,1.0,652.15,1.0,1.2,23762.19617681139,282230.4712800861,358558.2958602159,37.499801623823714,140.88204678064233,PASS
CSEG_19,84,50,1963.4954084936207,329867.2286269283,8,0.7888430354812745,U09p343881_ETM_S06,1.0,652.15,1.35,1.2,30208.116838695376,281430.70843340654,356763.88809302874,37.499801623823714,140.88204678064233,PASS
CSEG_19,84,50,1963.4954084936207,329867.2286269283,9,0.7946301992494681,U09p343881_ETM_S06,1.0,652.15,1.35,1.2,31498.356838695378,281675.854016343,354474.1368782449,37.499801623823714,140.88204678064233,PASS
CSEG_19,84,50,1963.4954084936207,329867.2286269283,10,0.8044366145501676,U09p343881_ETM_S06,1.0,652.15,1.35,1.2,32788.596838695375,281920.9995992795,350457.69237757375,37.499801623823714,140.88204678064233,PASS
CSEG_19,84,50,1963.4954084936207,329867.2286269283,11,0.8172262243597247,U09p343881_ETM_S06,1.0,652.15,1.35,1.2,34078.83683869537,282166.145182216,345272.9939048221,37.499801623823714,140.88204678064233,PASS
CSEG_19,84,50,1963.4954084936207,329867.2286269283,12,0.8319801532513704,U09p343881_ETM_S06,1.0,652.15,1.35,1.2,35369.07683869537,282411.2907651525,339444.74475922517,37.499801623823714,140.88204678064233,PASS
CSEG_19,84,50,1963.4954084936207,329867.2286269283,13,0.8471178058961475,U09p343881_ETM_S06,1.0,652.15,1.35,1.2,36659.31683869538,282656.436348089,333668.39225988515,37.499801623823714,140.88204678064233,PASS
CSEG_19,84,50,1963.4954084936207,329867.2286269283,14,0.8627989438907283,U09p343881_ETM_S06,1.0,652.15,1.35,1.2,37949.556838695375,282901.58193102543,327888.1875484242,37.499801623823714,140.88204678064233,PASS
CSEG_19,84,50,1963.4954084936207,329867.2286269283,15,0.8794549376500059,U09p343881_ETM_S06,1.0,652.15,1.35,1.2,39239.79683869537,283146.7275139619,321957.0615756154,37.499801623823714,140.88204678064233,PASS
CSEG_19,84,50,1963.4954084936207,329867.2286269283,16,0.896771341338472,U09p343881_ETM_S06,1.0,652.15,1.35,1.2,40530.03683869538,283391.8730968984,316013.5254477726,37.499801623823714,140.88204678064233,PASS
CSEG_20,84,25,490.8738521234052,82466.80715673207,1,1.9956104719381036,U09p343881_ETM_S06,0.7,652.15,1.0,1.0,14179.761048048866,269585.27930777613,135089.12841390303,49.999801623823714,166.6298706661688,FAIL
CSEG_20,84,25,490.8738521234052,82466.80715673207,2,1.8207635534069462,U09p343881_ETM_S06,0.7,652.15,1.0,1.0,14179.761048048866,269585.27930777613,148061.66281356962,49.999801623823714,166.6298706661688,FAIL
CSEG_20,84,25,490.8738521234052,82466.80715673207,3,1.6891927007033343,U09p343881_ETM_S06,0.7,652.15,1.0,1.0,14179.761048048866,269585.27930777613,159594.15358326383,49.999801623823714,166.6298706661688,FAIL
CSEG_20,84,25,490.8738521234052,82466.80715673207,4,1.5908551471432508,U09p343881_ETM_S06,0.7,652.15,1.0,1.0,14179.761048048866,269585.27930777613,169459.35008091654,49.999801623823714,166.6298706661688,FAIL
CSEG_20,84,25,490.8738521234052,82466.80715673207,5,1.5131951115885707,U09p343881_ETM_S06,1.0,652.15,1.0,1.0,14179.761048048866,269585.27930777613,178156.3244840001,49.999801623823714,166.6298706661688,FAIL
CSEG_20,84,25,490.8738521234052,82466.80715673207,6,1.4531058893176296,U09p343881_ETM_S06,1.0,652.15,1.0,1.0,14179.761048048866,269585.27930777613,185523.4923274393,49.999801623823714,166.6298706661688,FAIL
CSEG_20,84,25,490.8738521234052,82466.80715673207,7,1.4062065311361092,U09p343881_ETM_S06,1.0,652.15,1.0,1.0,14179.761048048866,269585.27930777613,191711.01352371866,49.999801623823714,166.6298706661688,FAIL
CSEG_20,84,25,490.8738521234052,82466.80715673207,8,1.3704187551348461,U09p343881_ETM_S06,1.0,652.15,1.0,1.0,14179.761048048866,269585.27930777613,196717.44734787254,49.999801623823714,166.6298706661688,FAIL
CSEG_20,84,25,490.8738521234052,82466.80715673207,9,1.344752220458862,U09p343881_ETM_S06,1.0,652.15,1.35,1.2,30754.83741486597,270710.28347769607,201308.67185727583,49.999801623823714,166.6298706661688,FAIL
CSEG_20,84,25,490.8738521234052,82466.80715673207,10,1.3599320373950299,U09p343881_ETM_S06,1.0,652.15,1.35,1.2,32045.07741486597,270955.42906063254,199241.88974888166,49.999801623823714,166.6298706661688,FAIL
CSEG_20,84,25,490.8738521234052,82466.80715673207,11,1.3790684964256181,U09p343881_ETM_S06,1.0,652.15,1.35,1.2,33335.31741486597,271200.574643569,196654.8981044007,49.999801623823714,166.6298706661688,FAIL
CSEG_20,84,25,490.8738521234052,82466.80715673207,12,1.4030959854740581,U09p343881_ETM_S06,1.0,652.15,1.35,1.2,34625.557414865965,271445.7202265055,193461.9748304627,49.999801623823714,166.6298706661688,FAIL
CSEG_20,84,25,490.8738521234052,82466.80715673207,13,1.4333968260908105,U09p343881_ETM_S06,1.0,652.15,1.35,1.2,35915.79741486597,271690.86580944195,189543.3705894291,49.999801623823714,166.6298706661688,FAIL
CSEG_20,84,25,490.8738521234052,82466.80715673207,14,1.4725959240666349,U09p343881_ETM_S06,1.0,652.15,1.35,1.2,37206.03741486597,271936.0113923784,184664.37869895482,49.999801623823714,166.6298706661688,FAIL
CSEG_20,84,25,490.8738521234052,82466.80715673207,15,1.520076810208222,U09p343881_ETM_S06,1.0,652.15,1.35,1.2,38496.27741486597,272181.1569753149,179057.50232320902,49.999801623823714,166.6298706661688,FAIL
CSEG_20,84,25,490.8738521234052,82466.80715673207,16,1.5782647128603042,U09p343881_ETM_S06,1.0,652.15,1.35,1.2,39786.51741486597,272426.30255825137,172611.28652146735,49.999801623823714,166.6298706661688,FAIL
CSEG_20,84,28,615.7521601035994,103446.3628974047,1,1.7436315281115895,U09p343881_ETM_S06,0.7,652.15,1.0,1.0,14179.761048048866,269585.27930777613,154611.38145382464,48.499801623823714,163.6298706661688,FAIL
CSEG_20,84,28,615.7521601035994,103446.3628974047,2,1.6159606310746004,U09p343881_ETM_S06,0.7,652.15,1.0,1.0,14179.761048048866,269585.27930777613,166826.63805275018,48.499801623823714,163.6298706661688,FAIL
CSEG_20,84,28,615.7521601035994,103446.3628974047,3,1.5230013852652695,U09p343881_ETM_S06,0.7,652.15,1.0,1.0,14179.761048048866,269585.27930777613,177009.21477548164,48.499801623823714,163.6298706661688,FAIL
CSEG_20,84,28,615.7521601035994,103446.3628974047,4,1.4484314165513703,U09p343881_ETM_S06,1.0,652.15,1.0,1.0,14179.761048048866,269585.27930777613,186122.2258970623,48.499801623823714,163.6298706661688,FAIL
CSEG_20,84,28,615.7521601035994,103446.3628974047,5,1.3898452937198813,U09p343881_ETM_S06,1.0,652.15,1.0,1.0,14179.761048048866,269585.27930777613,193967.832625629,48.499801623823714,163.6298706661688,FAIL
CSEG_20,84,28,615.7521601035994,103446.3628974047,6,1.3432849332763404,U09p343881_ETM_S06,1.0,652.15,1.0,1.0,14179.761048048866,269585.27930777613,200691.06161285072,48.499801623823714,163.6298706661688,FAIL
CSEG_20,84,28,615.7521601035994,103446.3628974047,7,1.3069032968650103,U09p343881_ETM_S06,1.0,652.15,1.0,1.0,14179.761048048866,269585.27930777613,206277.90897341468,48.499801623823714,163.6298706661688,FAIL
CSEG_20,84,28,615.7521601035994,103446.3628974047,8,1.2793021282020638,U09p343881_ETM_S06,1.0,652.15,1.0,1.0,14179.761048048866,269585.27930777613,210728.39117890966,48.499801623823714,163.6298706661688,FAIL
CSEG_20,84,28,615.7521601035994,103446.3628974047,9,1.2667961474126423,U09p343881_ETM_S06,1.0,652.15,1.35,1.2,30754.83741486597,270710.28347769607,213696.8004130784,48.499801623823714,163.6298706661688,FAIL
CSEG_20,84,28,615.7521601035994,103446.3628974047,10,1.2833987892081764,U09p343881_ETM_S06,1.0,652.15,1.35,1.2,32045.07741486597,270955.42906063254,211123.33231029846,48.499801623823714,163.6298706661688,FAIL
CSEG_20,84,28,615.7521601035994,103446.3628974047,11,1.3031252857842885,U09p343881_ETM_S06,1.0,652.15,1.35,1.2,33335.31741486597,271200.574643569,208115.50324598787,48.499801623823714,163.6298706661688,FAIL
CSEG_20,84,28,615.7521601035994,103446.3628974047,12,1.3264782776030295,U09p343881_ETM_S06,1.0,652.15,1.35,1.2,34625.557414865965,271445.7202265055,204636.38554037455,48.499801623823714,163.6298706661688,FAIL
CSEG_20,84,28,615.7521601035994,103446.3628974047,13,1.3539584942154013,U09p343881_ETM_S06,1.0,652.15,1.35,1.2,35915.79741486597,271690.86580944195,200664.10231200088,48.499801623823714,163.6298706661688,FAIL
CSEG_20,84,28,615.7521601035994,103446.3628974047,14,1.3880541321276263,U09p343881_ETM_S06,1.0,652.15,1.35,1.2,37206.03741486597,271936.0113923784,195911.6759917364,48.499801623823714,163.6298706661688,FAIL
CSEG_20,84,28,615.7521601035994,103446.3628974047,15,1.4291867641301028,U09p343881_ETM_S06,1.0,652.15,1.35,1.2,38496.27741486597,272181.1569753149,190444.77867172402,48.499801623823714,163.6298706661688,FAIL
CSEG_20,84,28,615.7521601035994,103446.3628974047,16,1.477823491519935,U09p343881_ETM_S06,1.0,652.15,1.35,1.2,39786.51741486597,272426.30255825137,184342.9233068031,48.499801623823714,163.6298706661688,FAIL
CSEG_20,84,32,804.247719318987,135113.61684558983,1,1.4723100237088884,U09p343881_ETM_S06,0.7,652.15,1.0,1.0,14179.761048048866,269585.27930777613,183103.60927154816,46.499801623823714,159.6298706661688,FAIL
CSEG_20,84,32,804.247719318987,135113.61684558983,2,1.3949510911622163,U09p343881_ETM_S06,0.7,652.15,1.0,1.0,14179.761048048866,269585.27930777613,193257.8719180532,46.499801623823714,159.6298706661688,FAIL
CSEG_20,84,32,804.247719318987,135113.61684558983,3,1.3321606615500523,U09p343881_ETM_S06,1.0,652.15,1.0,1.0,14179.761048048866,269585.27930777613,202366.94198288122,46.499801623823714,159.6298706661688,FAIL
CSEG_20,84,32,804.247719318987,135113.61684558983,4,1.2816800246982956,U09p343881_ETM_S06,1.0,652.15,1.0,1.0,14179.761048048866,269585.27930777613,210337.42752699595,46.499801623823714,159.6298706661688,FAIL
CSEG_20,84,32,804.247719318987,135113.61684558983,5,1.2409188033164982,U09p343881_ETM_S06,1.0,652.15,1.0,1.0,14179.761048048866,269585.27930777613,217246.51007566205,46.499801623823714,159.6298706661688,FAIL
CSEG_20,84,32,804.247719318987,135113.61684558983,6,1.2083792399892594,U09p343881_ETM_S06,1.0,652.15,1.0,1.0,14179.761048048866,269585.27930777613,223096.5829156187,46.499801623823714,159.6298706661688,FAIL
CSEG_20,84,32,804.247719318987,135113.61684558983,7,1.1828989369379401,U09p343881_ETM_S06,1.0,652.15,1.0,1.0,14179.761048048866,269585.27930777613,227902.20777915852,46.499801623823714,159.6298706661688,FAIL
CSEG_20,84,32,804.247719318987,135113.61684558983,8,1.1637929934763493,U09p343881_ETM_S06,1.0,652.15,1.0,1.0,14179.761048048866,269585.27930777613,231643.66929422886,46.499801623823714,159.6298706661688,FAIL
CSEG_20,84,32,804.247719318987,135113.61684558983,9,1.1639749907663937,U09p343881_ETM_S06,1.0,652.15,1.35,1.2,30754.83741486597,270710.28347769607,232573.969050188,46.499801623823714,159.6298706661688,FAIL
CSEG_20,84,32,804.247719318987,135113.61684558983,10,1.1810498290486542,U09p343881_ETM_S06,1.0,652.15,1.35,1.2,32045.07741486597,270955.42906063254,229419.13405879706,46.499801623823714,159.6298706661688,FAIL
CSEG_20,84,32,804.247719318987,135113.61684558983,11,1.200999313963716,U09p343881_ETM_S06,1.0,652.15,1.35,1.2,33335.31741486597,271200.574643569,225812.43094012488,46.499801623823714,159.6298706661688,FAIL
CSEG_20,84,32,804.247719318987,135113.61684558983,12,1.2232720035938238,U09p343881_ETM_S06,1.0,652.15,1.35,1.2,34625.557414865965,271445.7202265055,221901.35916544407,46.499801623823714,159.6298706661688,FAIL
CSEG_20,84,32,804.247719318987,135113.61684558983,13,1.2481346992527647,U09p343881_ETM_S06,1.0,652.15,1.35,1.2,35915.79741486597,271690.86580944195,217677.51987994427,46.499801623823714,159.6298706661688,FAIL
CSEG_20,84,32,804.247719318987,135113.61684558983,14,1.2766688332801637,U09p343881_ETM_S06,1.0,652.15,1.35,1.2,37206.03741486597,271936.0113923784,213004.34717568007,46.499801623823714,159.6298706661688,FAIL
CSEG_20,84,32,804.247719318987,135113.61684558983,15,1.3106264877427884,U09p343881_ETM_S06,1.0,652.15,1.35,1.2,38496.27741486597,272181.1569753149,207672.55928428227,46.499801623823714,159.6298706661688,FAIL
CSEG_20,84,32,804.247719318987,135113.61684558983,16,1.3498507602238654,U09p343881_ETM_S06,1.0,652.15,1.35,1.2,39786.51741486597,272426.30255825137,201819.57190072697,46.499801623823714,159.6298706661688,FAIL
CSEG_20,84,36,1017.8760197630929,171003.17132019962,1,1.2658688931665445,U09p343881_ETM_S06,0.7,652.15,1.0,1.0,14179.761048048866,269585.27930777613,212964.61328899095,44.499801623823714,155.6298706661688,FAIL
CSEG_20,84,36,1017.8760197630929,171003.17132019962,2,1.2144817324092212,U09p343881_ETM_S06,1.0,652.15,1.0,1.0,14179.761048048866,269585.27930777613,221975.5737066443,44.499801623823714,155.6298706661688,FAIL
CSEG_20,84,36,1017.8760197630929,171003.17132019962,3,1.1724438675970794,U09p343881_ETM_S06,1.0,652.15,1.0,1.0,14179.761048048866,269585.27930777613,229934.48706443442,44.499801623823714,155.6298706661688,FAIL
CSEG_20,84,36,1017.8760197630929,171003.17132019962,4,1.1379106990245016,U09p343881_ETM_S06,1.0,652.15,1.0,1.0,14179.761048048866,269585.27930777613,236912.50951316647,44.499801623823714,155.6298706661688,FAIL
CSEG_20,84,36,1017.8760197630929,171003.17132019962,5,1.1097531252242772,U09p343881_ETM_S06,1.0,652.15,1.0,1.0,14179.761048048866,269585.27930777613,242923.6495759306,44.499801623823714,155.6298706661688,FAIL
CSEG_20,84,36,1017.8760197630929,171003.17132019962,6,1.0872820025582985,U09p343881_ETM_S06,1.0,652.15,1.0,1.0,14179.761048048866,269585.27930777613,247944.2119647532,44.499801623823714,155.6298706661688,FAIL
CSEG_20,84,36,1017.8760197630929,171003.17132019962,7,1.0698881567316698,U09p343881_ETM_S06,1.0,652.15,1.0,1.0,14179.761048048866,269585.27930777613,251975.19723118935,44.499801623823714,155.6298706661688,FAIL
CSEG_20,84,36,1017.8760197630929,171003.17132019962,8,1.0592575454279287,U09p343881_ETM_S06,1.0,652.15,1.0,1.2,24501.681048048864,271546.4439712679,256355.44928930956,44.499801623823714,155.6298706661688,FAIL
CSEG_20,84,36,1017.8760197630929,171003.17132019962,9,1.0651018389491382,U09p343881_ETM_S06,1.0,652.15,1.35,1.2,30754.83741486597,270710.28347769607,254163.75559428858,44.499801623823714,155.6298706661688,FAIL
CSEG_20,84,36,1017.8760197630929,171003.17132019962,10,1.0814447780561358,U09p343881_ETM_S06,1.0,652.15,1.35,1.2,32045.07741486597,270955.42906063254,250549.48209899975,44.499801623823714,155.6298706661688,FAIL
CSEG_20,84,36,1017.8760197630929,171003.17132019962,11,1.100928467445156,U09p343881_ETM_S06,1.0,652.15,1.35,1.2,33335.31741486597,271200.574643569,246338.05252844837,44.499801623823714,155.6298706661688,FAIL
CSEG_20,84,36,1017.8760197630929,171003.17132019962,12,1.1217081515979124,U09p343881_ETM_S06,1.0,652.15,1.35,1.2,34625.557414865965,271445.7202265055,241993.17785096023,44.499801623823714,155.6298706661688,FAIL
CSEG_20,84,36,1017.8760197630929,171003.17132019962,13,1.1444439273585931,U09p343881_ETM_S06,1.0,652.15,1.35,1.2,35915.79741486597,271690.86580944195,237399.8929213698,44.499801623823714,155.6298706661688,FAIL
CSEG_20,84,36,1017.8760197630929,171003.17132019962,14,1.169187063062015,U09p343881_ETM_S06,1.0,652.15,1.35,1.2,37206.03741486597,271936.0113923784,232585.54596062496,44.499801623823714,155.6298706661688,FAIL
CSEG_20,84,36,1017.8760197630929,171003.17132019962,15,1.1971455942665183,U09p343881_ETM_S06,1.0,652.15,1.35,1.2,38496.27741486597,272181.1569753149,227358.4418460631,44.499801623823714,155.6298706661688,FAIL
CSEG_20,84,36,1017.8760197630929,171003.17132019962,16,1.2293017490533589,U09p343881_ETM_S06,1.0,652.15,1.35,1.2,39786.51741486597,272426.30255825137,221610.6035544463,44.499801623823714,155.6298706661688,FAIL
CSEG_20,84,40,1256.6370614359173,211115.0263212341,1,1.10080440152115,U09p343881_ETM_S06,1.0,652.15,1.0,1.0,14179.761048048866,269585.27930777613,244898.4387555581,42.499801623823714,151.6298706661688,FAIL
CSEG_20,84,40,1256.6370614359173,211115.0263212341,2,1.0663348669834751,U09p343881_ETM_S06,1.0,652.15,1.0,1.0,14179.761048048866,269585.27930777613,252814.84049227275,42.499801623823714,151.6298706661688,FAIL
CSEG_20,84,40,1256.6370614359173,211115.0263212341,3,1.037913601937105,U09p343881_ETM_S06,1.0,652.15,1.0,1.0,14179.761048048866,269585.27930777613,259737.68799699412,42.499801623823714,151.6298706661688,FAIL
CSEG_20,84,40,1256.6370614359173,211115.0263212341,4,1.0142917538306684,U09p343881_ETM_S06,1.0,652.15,1.0,1.0,14179.761048048866,269585.27930777613,265786.72092091385,42.499801623823714,151.6298706661688,FAIL
CSEG_20,84,40,1256.6370614359173,211115.0263212341,5,0.9950212458689168,U09p343881_ETM_S06,1.0,652.15,1.0,1.0,14179.761048048866,269585.27930777613,270934.1940456325,42.499801623823714,151.6298706661688,PASS
CSEG_20,84,40,1256.6370614359173,211115.0263212341,6,0.9796341064351823,U09p343881_ETM_S06,1.0,652.15,1.0,1.0,14179.761048048866,269585.27930777613,275189.76476715115,42.499801623823714,151.6298706661688,PASS
CSEG_20,84,40,1256.6370614359173,211115.0263212341,7,0.967954048525934,U09p343881_ETM_S06,1.0,652.15,1.0,1.0,14179.761048048866,269585.27930777613,278510.41040462494,42.499801623823714,151.6298706661688,PASS
CSEG_20,84,40,1256.6370614359173,211115.0263212341,8,0.9652733758043256,U09p343881_ETM_S06,1.0,652.15,1.0,1.2,24501.681048048864,271546.4439712679,281315.5845565497,42.499801623823714,151.6298706661688,PASS
CSEG_20,84,40,1256.6370614359173,211115.0263212341,9,0.9722405432909753,U09p343881_ETM_S06,1.0,652.15,1.35,1.2,30754.83741486597,270710.28347769607,278439.6159425302,42.499801623823714,151.6298706661688,PASS
CSEG_20,84,40,1256.6370614359173,211115.0263212341,10,0.9870221386879559,U09p343881_ETM_S06,1.0,652.15,1.35,1.2,32045.07741486597,270955.42906063254,274518.08671770256,42.499801623823714,151.6298706661688,PASS
CSEG_20,84,40,1256.6370614359173,211115.0263212341,11,1.0054264228840428,U09p343881_ETM_S06,1.0,652.15,1.35,1.2,33335.31741486597,271200.574643569,269736.86832860066,42.499801623823714,151.6298706661688,FAIL
CSEG_20,84,40,1256.6370614359173,211115.0263212341,12,1.0245469535047287,U09p343881_ETM_S06,1.0,652.15,1.35,1.2,34625.557414865965,271445.7202265055,264942.19644883525,42.499801623823714,151.6298706661688,FAIL
CSEG_20,84,40,1256.6370614359173,211115.0263212341,13,1.045108768179392,U09p343881_ETM_S06,1.0,652.15,1.35,1.2,35915.79741486597,271690.86580944195,259964.2009345447,42.499801623823714,151.6298706661688,FAIL
CSEG_20,84,40,1256.6370614359173,211115.0263212341,14,1.0670026486777204,U09p343881_ETM_S06,1.0,652.15,1.35,1.2,37206.03741486597,271936.0113923784,254859.73416221057,42.499801623823714,151.6298706661688,FAIL
CSEG_20,84,40,1256.6370614359173,211115.0263212341,15,1.0906164040422996,U09p343881_ETM_S06,1.0,652.15,1.35,1.2,38496.27741486597,272181.1569753149,249566.35162142522,42.499801623823714,151.6298706661688,FAIL
CSEG_20,84,40,1256.6370614359173,211115.0263212341,16,1.1169398726513722,U09p343881_ETM_S06,1.0,652.15,1.35,1.2,39786.51741486597,272426.30255825137,243904.17893451205,42.499801623823714,151.6298706661688,FAIL
CSEG_20,84,50,1963.4954084936207,329867.2286269283,1,0.8082685506449179,U09p343881_ETM_S06,1.0,652.15,1.0,1.0,14179.761048048866,269585.27930777613,333534.2926465145,37.499801623823714,141.6298706661688,PASS
CSEG_20,84,50,1963.4954084936207,329867.2286269283,2,0.7951645659299853,U09p343881_ETM_S06,1.0,652.15,1.0,1.0,14179.761048048866,269585.27930777613,339030.80048905656,37.499801623823714,141.6298706661688,PASS
CSEG_20,84,50,1963.4954084936207,329867.2286269283,3,0.784204002759939,U09p343881_ETM_S06,1.0,652.15,1.0,1.0,14179.761048048866,269585.27930777613,343769.3232360378,37.499801623823714,141.6298706661688,PASS
CSEG_20,84,50,1963.4954084936207,329867.2286269283,4,0.7750945310058048,U09p343881_ETM_S06,1.0,652.15,1.0,1.0,14179.761048048866,269585.27930777613,347809.54905970965,37.499801623823714,141.6298706661688,PASS
CSEG_20,84,50,1963.4954084936207,329867.2286269283,5,0.767837737725728,U09p343881_ETM_S06,1.0,652.15,1.0,1.0,14179.761048048866,269585.27930777613,351096.6784548327,37.499801623823714,141.6298706661688,PASS
CSEG_20,84,50,1963.4954084936207,329867.2286269283,6,0.7641861515054361,U09p343881_ETM_S06,1.0,652.15,1.0,1.2,21921.201048048864,271056.15280539496,354699.1165325596,37.499801623823714,141.6298706661688,PASS
CSEG_20,84,50,1963.4954084936207,329867.2286269283,7,0.7633139830283592,U09p343881_ETM_S06,1.0,652.15,1.0,1.2,23211.441048048866,271301.29838833143,355425.55805407255,37.499801623823714,141.6298706661688,PASS
CSEG_20,84,50,1963.4954084936207,329867.2286269283,8,0.7656272954622674,U09p343881_ETM_S06,1.0,652.15,1.35,1.2,29464.59741486597,270465.1378947596,353259.5291439541,37.499801623823714,141.6298706661688,PASS
CSEG_20,84,50,1963.4954084936207,329867.2286269283,9,0.7720025221892907,U09p343881_ETM_S06,1.0,652.15,1.35,1.2,30754.83741486597,270710.28347769607,350659.8433253816,37.499801623823714,141.6298706661688,PASS
CSEG_20,84,50,1963.4954084936207,329867.2286269283,10,0.7824387234189973,U09p343881_ETM_S06,1.0,652.15,1.35,1.2,32045.07741486597,270955.42906063254,346296.03693008353,37.499801623823714,141.6298706661688,PASS
CSEG_20,84,50,1963.4954084936207,329867.2286269283,11,0.7957615467657371,U09p343881_ETM_S06,1.0,652.15,1.35,1.2,33335.31741486597,271200.574643569,340806.33293456596,37.499801623823714,141.6298706661688,PASS
CSEG_20,84,50,1963.4954084936207,329867.2286269283,12,0.8105060407946891,U09p343881_ETM_S06,1.0,652.15,1.35,1.2,34625.557414865965,271445.7202265055,334908.9415303518,37.499801623823714,141.6298706661688,PASS
CSEG_20,84,50,1963.4954084936207,329867.2286269283,13,0.8256455865206284,U09p343881_ETM_S06,1.0,652.15,1.35,1.2,35915.79741486597,271690.86580944195,329064.7588323951,37.499801623823714,141.6298706661688,PASS
CSEG_20,84,50,1963.4954084936207,329867.2286269283,14,0.8415003570750742,U09p343881_ETM_S06,1.0,652.15,1.35,1.2,37206.03741486597,271936.0113923784,323156.14498083654,37.499801623823714,141.6298706661688,PASS
CSEG_20,84,50,1963.4954084936207,329867.2286269283,15,0.8582079932406268,U09p343881_ETM_S06,1.0,652.15,1.35,1.2,38496.27741486597,272181.1569753149,317150.5731932748,37.499801623823714,141.6298706661688,PASS
CSEG_20,84,50,1963.4954084936207,329867.2286269283,16,0.8755917105993616,U09p343881_ETM_S06,1.0,652.15,1.35,1.2,39786.51741486597,272426.30255825137,311133.94434921,37.499801623823714,141.6298706661688,PASS
CSEG_21,76,25,490.8738521234052,74612.82552275759,1,2.050826200611415,U09p343881_ETM_S06,0.7,652.15,1.0,1.0,13670.96378313568,259033.43473612829,126306.86825578022,49.999801623823714,188.4434919951202,FAIL
CSEG_21,76,25,490.8738521234052,74612.82552275759,2,1.8591705515926409,U09p343881_ETM_S06,0.7,652.15,1.0,1.0,13670.96378313568,259033.43473612829,139327.41916239462,49.999801623823714,188.4434919951202,FAIL
CSEG_21,76,25,490.8738521234052,74612.82552275759,3,1.717622426056268,U09p343881_ETM_S06,0.7,652.15,1.0,1.0,13670.96378313568,259033.43473612829,150809.29941679892,49.999801623823714,188.4434919951202,FAIL
CSEG_21,76,25,490.8738521234052,74612.82552275759,4,1.6134972281879454,U09p343881_ETM_S06,0.7,652.15,1.0,1.0,13670.96378313568,259033.43473612829,160541.60503705262,49.999801623823714,188.4434919951202,FAIL
CSEG_21,76,25,490.8738521234052,74612.82552275759,5,1.5322678990267402,U09p343881_ETM_S06,1.0,652.15,1.0,1.0,13670.96378313568,259033.43473612829,169052.31448146902,49.999801623823714,188.4434919951202,FAIL
CSEG_21,76,25,490.8738521234052,74612.82552275759,6,1.470710618065713,U09p343881_ETM_S06,1.0,652.15,1.0,1.0,13670.96378313568,259033.43473612829,176128.07819175912,49.999801623823714,188.4434919951202,FAIL
CSEG_21,76,25,490.8738521234052,74612.82552275759,7,1.4235282813662458,U09p343881_ETM_S06,1.0,652.15,1.0,1.0,13670.96378313568,259033.43473612829,181965.78046733173,49.999801623823714,188.4434919951202,FAIL
CSEG_21,76,25,490.8738521234052,74612.82552275759,8,1.3886427567082333,U09p343881_ETM_S06,1.0,652.15,1.0,1.0,13670.96378313568,259033.43473612829,186537.13021926893,49.999801623823714,188.4434919951202,FAIL
CSEG_21,76,25,490.8738521234052,74612.82552275759,9,1.3819538664580122,U09p343881_ETM_S06,1.0,652.15,1.35,1.2,30067.961107233168,260124.85110084442,188229.76469363042,49.999801623823714,188.4434919951202,FAIL
CSEG_21,76,25,490.8738521234052,74612.82552275759,10,1.4004367652044378,U09p343881_ETM_S06,1.0,652.15,1.35,1.2,31358.201107233166,260369.9966837809,185920.56646397145,49.999801623823714,188.4434919951202,FAIL
CSEG_21,76,25,490.8738521234052,74612.82552275759,11,1.4243668370003855,U09p343881_ETM_S06,1.0,652.15,1.35,1.2,32648.441107233164,260615.14226671733,182969.1168712929,49.999801623823714,188.4434919951202,FAIL
CSEG_21,76,25,490.8738521234052,74612.82552275759,12,1.4550920458749492,U09p343881_ETM_S06,1.0,652.15,1.35,1.2,33938.68110723316,260860.28784965383,179274.08000694425,49.999801623823714,188.4434919951202,FAIL
CSEG_21,76,25,490.8738521234052,74612.82552275759,13,1.4957633622450077,U09p343881_ETM_S06,1.0,652.15,1.35,1.2,35228.92110723317,261105.4334325903,174563.3300181215,49.999801623823714,188.4434919951202,FAIL
CSEG_21,76,25,490.8738521234052,74612.82552275759,14,1.5461914883564447,U09p343881_ETM_S06,1.0,652.15,1.35,1.2,36519.161107233165,261350.57901552678,169028.59767604506,49.999801623823714,188.4434919951202,FAIL
CSEG_21,76,25,490.8738521234052,74612.82552275759,15,1.6087973708093128,U09p343881_ETM_S06,1.0,652.15,1.35,1.2,37809.40110723316,261595.72459846325,162603.27704716867,49.999801623823714,188.4434919951202,FAIL
CSEG_21,76,25,490.8738521234052,74612.82552275759,16,1.6867236227985374,U09p343881_ETM_S06,1.0,652.15,1.35,1.2,39099.64110723317,261840.87018139975,155236.38054405435,49.999801623823714,188.4434919951202,FAIL
CSEG_21,76,28,615.7521601035994,93594.32833574711,1,1.7977435235799004,U09p343881_ETM_S06,0.7,652.15,1.0,1.0,13670.96378313568,259033.43473612829,144088.0922882188,48.499801623823714,185.4434919951202,FAIL
CSEG_21,76,28,615.7521601035994,93594.32833574711,2,1.6570111026748737,U09p343881_ETM_S06,0.7,652.15,1.0,1.0,13670.96378313568,259033.43473612829,156325.70857128038,48.499801623823714,185.4434919951202,FAIL
CSEG_21,76,28,615.7521601035994,93594.32833574711,3,1.5551663299923175,U09p343881_ETM_S06,0.7,652.15,1.0,1.0,13670.96378313568,259033.43473612829,166563.17060144164,48.499801623823714,185.4434919951202,FAIL
CSEG_21,76,28,615.7521601035994,93594.32833574711,4,1.4751289415776667,U09p343881_ETM_S06,1.0,652.15,1.0,1.0,13670.96378313568,259033.43473612829,175600.53730563322,48.499801623823714,185.4434919951202,FAIL
CSEG_21,76,28,615.7521601035994,93594.32833574711,5,1.4134109180695458,U09p343881_ETM_S06,1.0,652.15,1.0,1.0,13670.96378313568,259033.43473612829,183268.3131455638,48.499801623823714,185.4434919951202,FAIL
CSEG_21,76,28,615.7521601035994,93594.32833574711,6,1.365109470396619,U09p343881_ETM_S06,1.0,652.15,1.0,1.0,13670.96378313568,259033.43473612829,189752.86623780345,48.499801623823714,185.4434919951202,FAIL
CSEG_21,76,28,615.7521601035994,93594.32833574711,7,1.3283270464425203,U09p343881_ETM_S06,1.0,652.15,1.0,1.0,13670.96378313568,259033.43473612829,195007.2728172348,48.499801623823714,185.4434919951202,FAIL
CSEG_21,76,28,615.7521601035994,93594.32833574711,8,1.3012167016416374,U09p343881_ETM_S06,1.0,652.15,1.0,1.0,13670.96378313568,259033.43473612829,199070.17363774017,48.499801623823714,185.4434919951202,FAIL
CSEG_21,76,28,615.7521601035994,93594.32833574711,9,1.3056313084293165,U09p343881_ETM_S06,1.0,652.15,1.35,1.2,30067.961107233168,260124.85110084442,199233.00660871592,48.499801623823714,185.4434919951202,FAIL
CSEG_21,76,28,615.7521601035994,93594.32833574711,10,1.3255364842466044,U09p343881_ETM_S06,1.0,652.15,1.35,1.2,31358.201107233166,260369.9966837809,196426.1261596036,48.499801623823714,185.4434919951202,FAIL
CSEG_21,76,28,615.7521601035994,93594.32833574711,11,1.3492502845862246,U09p343881_ETM_S06,1.0,652.15,1.35,1.2,32648.441107233164,260615.14226671733,193155.52143584713,48.499801623823714,185.4434919951202,FAIL
CSEG_21,76,28,615.7521601035994,93594.32833574711,12,1.3776499836054785,U09p343881_ETM_S06,1.0,652.15,1.35,1.2,33938.68110723316,260860.28784965383,189351.6429818774,48.499801623823714,185.4434919951202,FAIL
CSEG_21,76,28,615.7521601035994,93594.32833574711,13,1.4131867382868797,U09p343881_ETM_S06,1.0,652.15,1.35,1.2,35228.92110723317,261105.4334325903,184763.57466325542,48.499801623823714,185.4434919951202,FAIL
CSEG_21,76,28,615.7521601035994,93594.32833574711,14,1.4572108992082284,U09p343881_ETM_S06,1.0,652.15,1.35,1.2,36519.161107233165,261350.57901552678,179349.86566291188,48.499801623823714,185.4434919951202,FAIL
CSEG_21,76,28,615.7521601035994,93594.32833574711,15,1.509911227213137,U09p343881_ETM_S06,1.0,652.15,1.35,1.2,37809.40110723316,261595.72459846325,173252.38721570003,48.499801623823714,185.4434919951202,FAIL
CSEG_21,76,28,615.7521601035994,93594.32833574711,16,1.5742389876924905,U09p343881_ETM_S06,1.0,652.15,1.35,1.2,39099.64110723317,261840.87018139975,166328.53856910535,48.499801623823714,185.4434919951202,FAIL
CSEG_21,76,32,804.247719318987,122245.65333648602,1,1.5238496353129647,U09p343881_ETM_S06,0.7,652.15,1.0,1.0,13670.96378313568,259033.43473612829,169986.2169687947,46.499801623823714,181.4434919951202,FAIL
CSEG_21,76,32,804.247719318987,122245.65333648602,2,1.43584574868816,U09p343881_ETM_S06,0.7,652.15,1.0,1.0,13670.96378313568,259033.43473612829,180404.77883699592,46.499801623823714,181.4434919951202,FAIL
CSEG_21,76,32,804.247719318987,122245.65333648602,3,1.3665495277956126,U09p343881_ETM_S06,1.0,652.15,1.0,1.0,13670.96378313568,259033.43473612829,189552.9064021385,46.499801623823714,181.4434919951202,FAIL
CSEG_21,76,32,804.247719318987,122245.65333648602,4,1.311714847042757,U09p343881_ETM_S06,1.0,652.15,1.0,1.0,13670.96378313568,259033.43473612829,197476.94044945482,46.499801623823714,181.4434919951202,FAIL
CSEG_21,76,32,804.247719318987,122245.65333648602,5,1.2681786203557441,U09p343881_ETM_S06,1.0,652.15,1.0,1.0,13670.96378313568,259033.43473612829,204256.27003825796,46.499801623823714,181.4434919951202,FAIL
CSEG_21,76,32,804.247719318987,122245.65333648602,6,1.2339497176636094,U09p343881_ETM_S06,1.0,652.15,1.0,1.0,13670.96378313568,259033.43473612829,209922.19620309045,46.499801623823714,181.4434919951202,FAIL
CSEG_21,76,32,804.247719318987,122245.65333648602,7,1.208096457005171,U09p343881_ETM_S06,1.0,652.15,1.0,1.0,13670.96378313568,259033.43473612829,214414.53058993578,46.499801623823714,181.4434919951202,FAIL
CSEG_21,76,32,804.247719318987,122245.65333648602,8,1.190477812355952,U09p343881_ETM_S06,1.0,652.15,1.0,1.2,23992.88378313568,260994.59939962009,219235.16481429632,46.499801623823714,181.4434919951202,FAIL
CSEG_21,76,32,804.247719318987,122245.65333648602,9,1.2035826787460489,U09p343881_ETM_S06,1.0,652.15,1.35,1.2,30067.961107233168,260124.85110084442,216125.45252965522,46.499801623823714,181.4434919951202,FAIL
CSEG_21,76,32,804.247719318987,122245.65333648602,10,1.2244593469299527,U09p343881_ETM_S06,1.0,652.15,1.35,1.2,31358.201107233166,260369.9966837809,212640.78496080588,46.499801623823714,181.4434919951202,FAIL
CSEG_21,76,32,804.247719318987,122245.65333648602,11,1.2474665264495899,U09p343881_ETM_S06,1.0,652.15,1.35,1.2,32648.441107233164,260615.14226671733,208915.53940806186,46.499801623823714,181.4434919951202,FAIL
CSEG_21,76,32,804.247719318987,122245.65333648602,12,1.273707760026057,U09p343881_ETM_S06,1.0,652.15,1.35,1.2,33938.68110723316,260860.28784965383,204803.87733864263,46.499801623823714,181.4434919951202,FAIL
CSEG_21,76,32,804.247719318987,122245.65333648602,13,1.3039602968958883,U09p343881_ETM_S06,1.0,652.15,1.35,1.2,35228.92110723317,261105.4334325903,200240.3248428335,46.499801623823714,181.4434919951202,FAIL
CSEG_21,76,32,804.247719318987,122245.65333648602,14,1.3404062264087864,U09p343881_ETM_S06,1.0,652.15,1.35,1.2,36519.161107233165,261350.57901552678,194978.63697316352,46.499801623823714,181.4434919951202,FAIL
CSEG_21,76,32,804.247719318987,122245.65333648602,15,1.3831739413012323,U09p343881_ETM_S06,1.0,652.15,1.35,1.2,37809.40110723316,261595.72459846325,189127.13490854588,46.499801623823714,181.4434919951202,FAIL
CSEG_21,76,32,804.247719318987,122245.65333648602,16,1.433400117302388,U09p343881_ETM_S06,1.0,652.15,1.35,1.2,39099.64110723317,261840.87018139975,182671.1655878581,46.499801623823714,181.4434919951202,FAIL
CSEG_21,76,36,1017.8760197630929,154717.15500399013,1,1.3121968898136938,U09p343881_ETM_S06,0.7,652.15,1.0,1.0,13670.96378313568,259033.43473612829,197404.39620528743,44.499801623823714,177.4434919951202,FAIL
CSEG_21,76,36,1017.8760197630929,154717.15500399013,2,1.2540644703023076,U09p343881_ETM_S06,1.0,652.15,1.0,1.0,13670.96378313568,259033.43473612829,206555.1180743404,44.499801623823714,177.4434919951202,FAIL
CSEG_21,76,36,1017.8760197630929,154717.15500399013,3,1.207144567632466,U09p343881_ETM_S06,1.0,652.15,1.0,1.0,13670.96378313568,259033.43473612829,214583.6063729817,44.499801623823714,177.4434919951202,FAIL
CSEG_21,76,36,1017.8760197630929,154717.15500399013,4,1.1693213108053395,U09p343881_ETM_S06,1.0,652.15,1.0,1.0,13670.96378313568,259033.43473612829,221524.59922048778,44.499801623823714,177.4434919951202,FAIL
CSEG_21,76,36,1017.8760197630929,154717.15500399013,5,1.1388660823544727,U09p343881_ETM_S06,1.0,652.15,1.0,1.0,13670.96378313568,259033.43473612829,227448.54618956332,44.499801623823714,177.4434919951202,FAIL
CSEG_21,76,36,1017.8760197630929,154717.15500399013,6,1.1150880029715062,U09p343881_ETM_S06,1.0,652.15,1.0,1.0,13670.96378313568,259033.43473612829,232298.6473227686,44.499801623823714,177.4434919951202,FAIL
CSEG_21,76,36,1017.8760197630929,154717.15500399013,7,1.0972184502365379,U09p343881_ETM_S06,1.0,652.15,1.0,1.0,13670.96378313568,259033.43473612829,236081.9166687235,44.499801623823714,177.4434919951202,FAIL
CSEG_21,76,36,1017.8760197630929,154717.15500399013,8,1.090882486620524,U09p343881_ETM_S06,1.0,652.15,1.35,1.2,28777.721107233167,259879.70551790795,238228.87314196114,44.499801623823714,177.4434919951202,FAIL
CSEG_21,76,36,1017.8760197630929,154717.15500399013,9,1.1043904783769496,U09p343881_ETM_S06,1.0,652.15,1.35,1.2,30067.961107233168,260124.85110084442,235537.02806559225,44.499801623823714,177.4434919951202,FAIL
CSEG_21,76,36,1017.8760197630929,154717.15500399013,10,1.1249992478705038,U09p343881_ETM_S06,1.0,652.15,1.35,1.2,31358.201107233166,260369.9966837809,231440.1517837739,44.499801623823714,177.4434919951202,FAIL
CSEG_21,76,36,1017.8760197630929,154717.15500399013,11,1.1469406186896252,U09p343881_ETM_S06,1.0,652.15,1.35,1.2,32648.441107233164,260615.14226671733,227226.36030143307,44.499801623823714,177.4434919951202,FAIL
CSEG_21,76,36,1017.8760197630929,154717.15500399013,12,1.1711270145861312,U09p343881_ETM_S06,1.0,652.15,1.35,1.2,33938.68110723316,260860.28784965383,222742.95153360473,44.499801623823714,177.4434919951202,FAIL
CSEG_21,76,36,1017.8760197630929,154717.15500399013,13,1.1977623881503172,U09p343881_ETM_S06,1.0,652.15,1.35,1.2,35228.92110723317,261105.4334325903,217994.35014469834,44.499801623823714,177.4434919951202,FAIL
CSEG_21,76,36,1017.8760197630929,154717.15500399013,14,1.2279955944047598,U09p343881_ETM_S06,1.0,652.15,1.35,1.2,36519.161107233165,261350.57901552678,212826.96795195746,44.499801623823714,177.4434919951202,FAIL
CSEG_21,76,36,1017.8760197630929,154717.15500399013,15,1.2632211924682184,U09p343881_ETM_S06,1.0,652.15,1.35,1.2,37809.40110723316,261595.72459846325,207086.23806993707,44.499801623823714,177.4434919951202,FAIL
CSEG_21,76,36,1017.8760197630929,154717.15500399013,16,1.303274300850276,U09p343881_ETM_S06,1.0,652.15,1.35,1.2,39099.64110723317,261840.87018139975,200910.02332400077,44.499801623823714,177.4434919951202,FAIL
CSEG_21,76,40,1256.6370614359173,191008.83333825943,1,1.143299806709634,U09p343881_ETM_S06,1.0,652.15,1.0,1.0,13670.96378313568,259033.43473612829,226566.49919465568,42.499801623823714,173.4434919951202,FAIL
CSEG_21,76,40,1256.6370614359173,191008.83333825943,2,1.1040333245924858,U09p343881_ETM_S06,1.0,652.15,1.0,1.0,13670.96378313568,259033.43473612829,234624.65214239905,42.499801623823714,173.4434919951202,FAIL
CSEG_21,76,40,1256.6370614359173,191008.83333825943,3,1.0717846580955208,U09p343881_ETM_S06,1.0,652.15,1.0,1.0,13670.96378313568,259033.43473612829,241684.21592860908,42.499801623823714,173.4434919951202,FAIL
CSEG_21,76,40,1256.6370614359173,191008.83333825943,4,1.045800539358261,U09p343881_ETM_S06,1.0,652.15,1.0,1.0,13670.96378313568,259033.43473612829,247689.13859528137,42.499801623823714,173.4434919951202,FAIL
CSEG_21,76,40,1256.6370614359173,191008.83333825943,5,1.0246994084270973,U09p343881_ETM_S06,1.0,652.15,1.0,1.0,13670.96378313568,259033.43473612829,252789.67920333034,42.499801623823714,173.4434919951202,FAIL
CSEG_21,76,40,1256.6370614359173,191008.83333825943,6,1.008412417363453,U09p343881_ETM_S06,1.0,652.15,1.0,1.0,13670.96378313568,259033.43473612829,256872.51592298393,42.499801623823714,173.4434919951202,FAIL
CSEG_21,76,40,1256.6370614359173,191008.83333825943,7,0.997201251789354,U09p343881_ETM_S06,1.0,652.15,1.0,1.2,22702.643783135678,260749.4538166836,261481.27406458932,42.499801623823714,173.4434919951202,PASS
CSEG_21,76,40,1256.6370614359173,191008.83333825943,8,0.9980766879113144,U09p343881_ETM_S06,1.0,652.15,1.35,1.2,28777.721107233167,259879.70551790795,260380.49847828923,42.499801623823714,173.4434919951202,PASS
CSEG_21,76,40,1256.6370614359173,191008.83333825943,9,1.0105972373376675,U09p343881_ETM_S06,1.0,652.15,1.35,1.2,30067.961107233168,260124.85110084442,257397.15238696005,42.499801623823714,173.4434919951202,FAIL
CSEG_21,76,40,1256.6370614359173,191008.83333825943,10,1.0297661987153484,U09p343881_ETM_S06,1.0,652.15,1.35,1.2,31358.201107233166,260369.9966837809,252843.79795005612,42.499801623823714,173.4434919951202,FAIL
CSEG_21,76,40,1256.6370614359173,191008.83333825943,11,1.0503443632051774,U09p343881_ETM_S06,1.0,652.15,1.35,1.2,32648.441107233164,260615.14226671733,248123.5215767117,42.499801623823714,173.4434919951202,FAIL
CSEG_21,76,40,1256.6370614359173,191008.83333825943,12,1.0723263139851074,U09p343881_ETM_S06,1.0,652.15,1.35,1.2,33938.68110723316,260860.28784965383,243265.77129326764,42.499801623823714,173.4434919951202,FAIL
CSEG_21,76,40,1256.6370614359173,191008.83333825943,13,1.0960926312297894,U09p343881_ETM_S06,1.0,652.15,1.35,1.2,35228.92110723317,261105.4334325903,238214.75119273114,42.499801623823714,173.4434919951202,FAIL
CSEG_21,76,40,1256.6370614359173,191008.83333825943,14,1.121835014395947,U09p343881_ETM_S06,1.0,652.15,1.35,1.2,36519.161107233165,261350.57901552678,232967.03674047042,42.499801623823714,173.4434919951202,FAIL
CSEG_21,76,40,1256.6370614359173,191008.83333825943,15,1.1507980285663266,U09p343881_ETM_S06,1.0,652.15,1.35,1.2,37809.40110723316,261595.72459846325,227316.79939038592,42.499801623823714,173.4434919951202,FAIL
CSEG_21,76,40,1256.6370614359173,191008.83333825943,16,1.183617407658101,U09p343881_ETM_S06,1.0,652.15,1.35,1.2,39099.64110723317,261840.87018139975,221220.86789807922,42.499801623823714,173.4434919951202,FAIL
CSEG_21,76,50,1963.4954084936207,298451.30209103035,1,0.8420288865760188,U09p343881_ETM_S06,1.0,652.15,1.0,1.0,13670.96378313568,259033.43473612829,307630.10493553017,37.499801623823714,163.4434919951202,PASS
CSEG_21,76,50,1963.4954084936207,298451.30209103035,2,0.8269277369861044,U09p343881_ETM_S06,1.0,652.15,1.0,1.0,13670.96378313568,259033.43473612829,313247.96974427893,37.499801623823714,163.4434919951202,PASS
CSEG_21,76,50,1963.4954084936207,298451.30209103035,3,0.814318503339013,U09p343881_ETM_S06,1.0,652.15,1.0,1.0,13670.96378313568,259033.43473612829,318098.4266893034,37.499801623823714,163.4434919951202,PASS
CSEG_21,76,50,1963.4954084936207,298451.30209103035,4,0.8040111528300609,U09p343881_ETM_S06,1.0,652.15,1.0,1.0,13670.96378313568,259033.43473612829,322176.4198473484,37.499801623823714,163.4434919951202,PASS
CSEG_21,76,50,1963.4954084936207,298451.30209103035,5,0.7960787567419968,U09p343881_ETM_S06,1.0,652.15,1.0,1.0,13670.96378313568,259033.43473612829,325386.6938947589,37.499801623823714,163.4434919951202,PASS
CSEG_21,76,50,1963.4954084936207,298451.30209103035,6,0.7923637455962756,U09p343881_ETM_S06,1.0,652.15,1.0,1.2,21412.403783135676,260504.3082337471,328768.5859954514,37.499801623823714,163.4434919951202,PASS
CSEG_21,76,50,1963.4954084936207,298451.30209103035,7,0.7922835210870057,U09p343881_ETM_S06,1.0,652.15,1.0,1.2,22702.643783135678,260749.4538166836,329111.2927086225,37.499801623823714,163.4434919951202,PASS
CSEG_21,76,50,1963.4954084936207,298451.30209103035,8,0.7965551391455373,U09p343881_ETM_S06,1.0,652.15,1.35,1.2,28777.721107233167,259879.70551790795,326254.50862909533,37.499801623823714,163.4434919951202,PASS
CSEG_21,76,50,1963.4954084936207,298451.30209103035,9,0.8057840825740811,U09p343881_ETM_S06,1.0,652.15,1.35,1.2,30067.961107233168,260124.85110084442,322822.0272977773,37.499801623823714,163.4434919951202,PASS
CSEG_21,76,50,1963.4954084936207,298451.30209103035,10,0.8194660808295534,U09p343881_ETM_S06,1.0,652.15,1.35,1.2,31358.201107233166,260369.9966837809,317731.2676812759,37.499801623823714,163.4434919951202,PASS
CSEG_21,76,50,1963.4954084936207,298451.30209103035,11,0.8356916366894251,U09p343881_ETM_S06,1.0,652.15,1.35,1.2,32648.441107233164,260615.14226671733,311855.6305040203,37.499801623823714,163.4434919951202,PASS
CSEG_21,76,50,1963.4954084936207,298451.30209103035,12,0.8523719004038147,U09p343881_ETM_S06,1.0,652.15,1.35,1.2,33938.68110723316,260860.28784965383,306040.45924797637,37.499801623823714,163.4434919951202,PASS
CSEG_21,76,50,1963.4954084936207,298451.30209103035,13,0.8697688908645514,U09p343881_ETM_S06,1.0,652.15,1.35,1.2,35228.92110723317,261105.4334325903,300200.9340355358,37.499801623823714,163.4434919951202,PASS
CSEG_21,76,50,1963.4954084936207,298451.30209103035,14,0.8881273586451646,U09p343881_ETM_S06,1.0,652.15,1.35,1.2,36519.161107233165,261350.57901552678,294271.5101291511,37.499801623823714,163.4434919951202,PASS
CSEG_21,76,50,1963.4954084936207,298451.30209103035,15,0.9074982153322203,U09p343881_ETM_S06,1.0,652.15,1.35,1.2,37809.40110723316,261595.72459846325,288260.31850949407,37.499801623823714,163.4434919951202,PASS
CSEG_21,76,50,1963.4954084936207,298451.30209103035,16,0.9279072998090129,U09p343881_ETM_S06,1.0,652.15,1.35,1.2,39099.64110723317,261840.87018139975,282184.29818937014,37.499801623823714,163.4434919951202,PASS
CSEG_22,76,25,490.8738521234052,74612.82552275759,1,1.9827241054700848,U09p343881_ETM_S06,0.7,652.15,1.0,1.0,13163.49742861918,248016.4472077375,125088.73348717128,49.999801623823714,189.26999148009648,FAIL
CSEG_22,76,25,490.8738521234052,74612.82552275759,2,1.797079846862033,U09p343881_ETM_S06,0.7,652.15,1.0,1.0,13163.49742861918,248016.4472077375,138010.8110615179,49.999801623823714,189.26999148009648,FAIL
CSEG_22,76,25,490.8738521234052,74612.82552275759,3,1.661492391415049,U09p343881_ETM_S06,0.7,652.15,1.0,1.0,13163.49742861918,248016.4472077375,149273.29700048067,49.999801623823714,189.26999148009648,FAIL
CSEG_22,76,25,490.8738521234052,74612.82552275759,4,1.5612417216603154,U09p343881_ETM_S06,0.7,652.15,1.0,1.0,13163.49742861918,248016.4472077375,158858.45463057596,49.999801623823714,189.26999148009648,FAIL
CSEG_22,76,25,490.8738521234052,74612.82552275759,5,1.4841537325810574,U09p343881_ETM_S06,1.0,652.15,1.0,1.0,13163.49742861918,248016.4472077375,167109.67453244742,49.999801623823714,189.26999148009648,FAIL
CSEG_22,76,25,490.8738521234052,74612.82552275759,6,1.4257317258338367,U09p343881_ETM_S06,1.0,652.15,1.0,1.0,13163.49742861918,248016.4472077375,173957.30396802773,49.999801623823714,189.26999148009648,FAIL
CSEG_22,76,25,490.8738521234052,74612.82552275759,7,1.381626106974762,U09p343881_ETM_S06,1.0,652.15,1.0,1.0,13163.49742861918,248016.4472077375,179510.5390349055,49.999801623823714,189.26999148009648,FAIL
CSEG_22,76,25,490.8738521234052,74612.82552275759,8,1.3494814559892743,U09p343881_ETM_S06,1.0,652.15,1.0,1.0,13163.49742861918,248016.4472077375,183786.48043438455,49.999801623823714,189.26999148009648,FAIL
CSEG_22,76,25,490.8738521234052,74612.82552275759,9,1.3538732416161439,U09p343881_ETM_S06,1.0,652.15,1.35,1.2,29382.881528635888,249074.40914103482,183971.7349341435,49.999801623823714,189.26999148009648,FAIL
CSEG_22,76,25,490.8738521234052,74612.82552275759,10,1.374051978055658,U09p343881_ETM_S06,1.0,652.15,1.35,1.2,30673.12152863589,249319.5547239713,181448.4158574329,49.999801623823714,189.26999148009648,FAIL
CSEG_22,76,25,490.8738521234052,74612.82552275759,11,1.4000511700446612,U09p343881_ETM_S06,1.0,652.15,1.35,1.2,31963.361528635887,249564.70030690776,178253.9850303805,49.999801623823714,189.26999148009648,FAIL
CSEG_22,76,25,490.8738521234052,74612.82552275759,12,1.433572941568198,U09p343881_ETM_S06,1.0,652.15,1.35,1.2,33253.60152863589,249809.84588984423,174256.8087373183,49.999801623823714,189.26999148009648,FAIL
CSEG_22,76,25,490.8738521234052,74612.82552275759,13,1.4775692612792106,U09p343881_ETM_S06,1.0,652.15,1.35,1.2,34543.841528635894,250054.99147278073,169234.0237616305,49.999801623823714,189.26999148009648,FAIL
CSEG_22,76,25,490.8738521234052,74612.82552275759,14,1.531721036619785,U09p343881_ETM_S06,1.0,652.15,1.35,1.2,35834.081528635885,250300.1370557172,163411.0461837631,49.999801623823714,189.26999148009648,FAIL
CSEG_22,76,25,490.8738521234052,74612.82552275759,15,1.5994012512220888,U09p343881_ETM_S06,1.0,652.15,1.35,1.2,37124.32152863589,250545.28263865368,156649.42268065264,49.999801623823714,189.26999148009648,FAIL
CSEG_22,76,25,490.8738521234052,74612.82552275759,16,1.6842630312731295,U09p343881_ETM_S06,1.0,652.15,1.35,1.2,38414.56152863589,250790.42822159015,148902.17475830863,49.999801623823714,189.26999148009648,FAIL
CSEG_22,76,28,615.7521601035994,93594.32833574711,1,1.7364801563843686,U09p343881_ETM_S06,0.7,652.15,1.0,1.0,13163.49742861918,248016.4472077375,142827.1128212301,48.499801623823714,186.26999148009648,FAIL
CSEG_22,76,28,615.7521601035994,93594.32833574711,2,1.6009177034035829,U09p343881_ETM_S06,0.7,652.15,1.0,1.0,13163.49742861918,248016.4472077375,154921.42205714236,48.499801623823714,186.26999148009648,FAIL
CSEG_22,76,28,615.7521601035994,93594.32833574711,3,1.5034142334342064,U09p343881_ETM_S06,0.7,652.15,1.0,1.0,13163.49742861918,248016.4472077375,164968.80346888868,48.499801623823714,186.26999148009648,FAIL
CSEG_22,76,28,615.7521601035994,93594.32833574711,4,1.4269974421100984,U09p343881_ETM_S06,1.0,652.15,1.0,1.0,13163.49742861918,248016.4472077375,173803.007551994,48.499801623823714,186.26999148009648,FAIL
CSEG_22,76,28,615.7521601035994,93594.32833574711,5,1.3683806692646887,U09p343881_ETM_S06,1.0,652.15,1.0,1.0,13163.49742861918,248016.4472077375,181248.13714374622,48.499801623823714,186.26999148009648,FAIL
CSEG_22,76,28,615.7521601035994,93594.32833574711,6,1.3229117776373776,U09p343881_ETM_S06,1.0,652.15,1.0,1.0,13163.49742861918,248016.4472077375,187477.69231496035,48.499801623823714,186.26999148009648,FAIL
CSEG_22,76,28,615.7521601035994,93594.32833574711,7,1.2886010939239505,U09p343881_ETM_S06,1.0,652.15,1.0,1.0,13163.49742861918,248016.4472077375,192469.53023491282,48.499801623823714,186.26999148009648,FAIL
CSEG_22,76,28,615.7521601035994,93594.32833574711,8,1.2637881104299118,U09p343881_ETM_S06,1.0,652.15,1.0,1.0,13163.49742861918,248016.4472077375,196248.44161840391,48.499801623823714,186.26999148009648,FAIL
CSEG_22,76,28,615.7521601035994,93594.32833574711,9,1.2780175238752942,U09p343881_ETM_S06,1.0,652.15,1.35,1.2,29382.881528635888,249074.40914103482,194891.2315269152,48.499801623823714,186.26999148009648,FAIL
CSEG_22,76,28,615.7521601035994,93594.32833574711,10,1.2991274131710844,U09p343881_ETM_S06,1.0,652.15,1.35,1.2,30673.12152863589,249319.5547239713,191913.08889048742,48.499801623823714,186.26999148009648,FAIL
CSEG_22,76,28,615.7521601035994,93594.32833574711,11,1.3243896973385036,U09p343881_ETM_S06,1.0,652.15,1.35,1.2,31963.361528635887,249564.70030690776,188437.5126206686,48.499801623823714,186.26999148009648,FAIL
CSEG_22,76,28,615.7521601035994,93594.32833574711,12,1.3547694356418738,U09p343881_ETM_S06,1.0,652.15,1.35,1.2,33253.60152863589,249809.84588984423,184392.88584296062,48.499801623823714,186.26999148009648,FAIL
CSEG_22,76,28,615.7521601035994,93594.32833574711,13,1.3931137616677522,U09p343881_ETM_S06,1.0,652.15,1.35,1.2,34543.841528635894,250054.99147278073,179493.59079866522,48.499801623823714,186.26999148009648,FAIL
CSEG_22,76,28,615.7521601035994,93594.32833574711,14,1.4397159174544913,U09p343881_ETM_S06,1.0,652.15,1.35,1.2,35834.081528635885,250300.1370557172,173853.8374280557,48.499801623823714,186.26999148009648,FAIL
CSEG_22,76,28,615.7521601035994,93594.32833574711,15,1.4961748270760862,U09p343881_ETM_S06,1.0,652.15,1.35,1.2,37124.32152863589,250545.28263865368,167457.22365098482,48.499801623823714,186.26999148009648,FAIL
CSEG_22,76,28,615.7521601035994,93594.32833574711,16,1.565244436569763,U09p343881_ETM_S06,1.0,652.15,1.35,1.2,38414.56152863589,250790.42822159015,160224.44952508374,48.499801623823714,186.26999148009648,FAIL
CSEG_22,76,32,804.247719318987,122245.65333648602,1,1.4705209040155935,U09p343881_ETM_S06,0.7,652.15,1.0,1.0,13163.49742861918,248016.4472077375,168658.90619471774,46.499801623823714,182.26999148009648,FAIL
CSEG_22,76,32,804.247719318987,122245.65333648602,2,1.3866967068211178,U09p343881_ETM_S06,0.7,652.15,1.0,1.0,13163.49742861918,248016.4472077375,178854.14019356386,46.499801623823714,182.26999148009648,FAIL
CSEG_22,76,32,804.247719318987,122245.65333648602,3,1.320620267109771,U09p343881_ETM_S06,1.0,652.15,1.0,1.0,13163.49742861918,248016.4472077375,187802.9993818974,46.499801623823714,182.26999148009648,FAIL
CSEG_22,76,32,804.247719318987,122245.65333648602,4,1.2681619278290452,U09p343881_ETM_S06,1.0,652.15,1.0,1.0,13163.49742861918,248016.4472077375,195571.5920539537,46.499801623823714,182.26999148009648,FAIL
CSEG_22,76,32,804.247719318987,122245.65333648602,5,1.2272104232318544,U09p343881_ETM_S06,1.0,652.15,1.0,1.0,13163.49742861918,248016.4472077375,202097.73524786977,46.499801623823714,182.26999148009648,FAIL
CSEG_22,76,32,804.247719318987,122245.65333648602,6,1.1950880520401428,U09p343881_ETM_S06,1.0,652.15,1.0,1.0,13163.49742861918,248016.4472077375,207529.8525362604,46.499801623823714,182.26999148009648,FAIL
CSEG_22,76,32,804.247719318987,122245.65333648602,7,1.1711999848247554,U09p343881_ETM_S06,1.0,652.15,1.0,1.0,13163.49742861918,248016.4472077375,211762.67966298494,46.499801623823714,182.26999148009648,FAIL
CSEG_22,76,32,804.247719318987,122245.65333648602,8,1.1597673585319974,U09p343881_ETM_S06,1.0,652.15,1.35,1.2,28092.64152863589,248829.26355809835,214551.01467337363,46.499801623823714,182.26999148009648,FAIL
CSEG_22,76,32,804.247719318987,122245.65333648602,9,1.1766160986345457,U09p343881_ETM_S06,1.0,652.15,1.35,1.2,29382.881528635888,249074.40914103482,211687.06550087474,46.499801623823714,182.26999148009648,FAIL
CSEG_22,76,32,804.247719318987,122245.65333648602,10,1.1982145625319305,U09p343881_ETM_S06,1.0,652.15,1.35,1.2,30673.12152863589,249319.5547239713,208075.88433672313,46.499801623823714,182.26999148009648,FAIL
CSEG_22,76,32,804.247719318987,122245.65333648602,11,1.2223401013007544,U09p343881_ETM_S06,1.0,652.15,1.35,1.2,31963.361528635887,249564.70030690776,204169.60880309273,46.499801623823714,182.26999148009648,FAIL
CSEG_22,76,32,804.247719318987,122245.65333648602,12,1.2497700868078803,U09p343881_ETM_S06,1.0,652.15,1.35,1.2,33253.60152863589,249809.84588984423,199884.64160468103,46.499801623823714,182.26999148009648,FAIL
CSEG_22,76,32,804.247719318987,122245.65333648602,13,1.2817642880953972,U09p343881_ETM_S06,1.0,652.15,1.35,1.2,34543.841528635894,250054.99147278073,195086.56450738155,46.499801623823714,182.26999148009648,FAIL
CSEG_22,76,32,804.247719318987,122245.65333648602,14,1.3202923314045905,U09p343881_ETM_S06,1.0,652.15,1.35,1.2,35834.081528635885,250300.1370557172,189579.3311087673,46.499801623823714,182.26999148009648,FAIL
CSEG_22,76,32,804.247719318987,122245.65333648602,15,1.365178190826427,U09p343881_ETM_S06,1.0,652.15,1.35,1.2,37124.32152863589,250545.28263865368,183525.69966487898,46.499801623823714,182.26999148009648,FAIL
CSEG_22,76,32,804.247719318987,122245.65333648602,16,1.4184487872272782,U09p343881_ETM_S06,1.0,652.15,1.35,1.2,38414.56152863589,250790.42822159015,176806.12122191902,46.499801623823714,182.26999148009648,FAIL
CSEG_22,76,36,1017.8760197630929,154717.15500399013,1,1.2661561000212858,U09p343881_ETM_S06,0.7,652.15,1.0,1.0,13163.49742861918,248016.4472077375,195881.41399276757,44.499801623823714,178.26999148009648,FAIL
CSEG_22,76,36,1017.8760197630929,154717.15500399013,2,1.2104618507676486,U09p343881_ETM_S06,1.0,652.15,1.0,1.0,13163.49742861918,248016.4472077375,204894.06341096244,44.499801623823714,178.26999148009648,FAIL
CSEG_22,76,36,1017.8760197630929,154717.15500399013,3,1.165939248012643,U09p343881_ETM_S06,1.0,652.15,1.0,1.0,13163.49742861918,248016.4472077375,212718.15631087509,44.499801623823714,178.26999148009648,FAIL
CSEG_22,76,36,1017.8760197630929,154717.15500399013,4,1.1299806309596525,U09p343881_ETM_S06,1.0,652.15,1.0,1.0,13163.49742861918,248016.4472077375,219487.34377606626,44.499801623823714,178.26999148009648,FAIL
CSEG_22,76,36,1017.8760197630929,154717.15500399013,5,1.1013721663794978,U09p343881_ETM_S06,1.0,652.15,1.0,1.0,13163.49742861918,248016.4472077375,225188.59181182447,44.499801623823714,178.26999148009648,FAIL
CSEG_22,76,36,1017.8760197630929,154717.15500399013,6,1.0793019661692178,U09p343881_ETM_S06,1.0,652.15,1.0,1.0,13163.49742861918,248016.4472077375,229793.38033453783,44.499801623823714,178.26999148009648,FAIL
CSEG_22,76,36,1017.8760197630929,154717.15500399013,7,1.0629125951180003,U09p343881_ETM_S06,1.0,652.15,1.0,1.0,13163.49742861918,248016.4472077375,233336.63402511826,44.499801623823714,178.26999148009648,FAIL
CSEG_22,76,36,1017.8760197630929,154717.15500399013,8,1.062048628756012,U09p343881_ETM_S06,1.0,652.15,1.35,1.2,28092.64152863589,248829.26355809835,234291.77988728683,44.499801623823714,178.26999148009648,FAIL
CSEG_22,76,36,1017.8760197630929,154717.15500399013,9,1.0779756346162757,U09p343881_ETM_S06,1.0,652.15,1.35,1.2,29382.881528635888,249074.40914103482,231057.55004351021,44.499801623823714,178.26999148009648,FAIL
CSEG_22,76,36,1017.8760197630929,154717.15500399013,10,1.0991998243734906,U09p343881_ETM_S06,1.0,652.15,1.35,1.2,30673.12152863589,249319.5547239713,226819.1362440179,44.499801623823714,178.26999148009648,FAIL
CSEG_22,76,36,1017.8760197630929,154717.15500399013,11,1.1218527381509664,U09p343881_ETM_S06,1.0,652.15,1.35,1.2,31963.361528635887,249564.70030690776,222457.62908083588,44.499801623823714,178.26999148009648,FAIL
CSEG_22,76,36,1017.8760197630929,154717.15500399013,12,1.1467982505785792,U09p343881_ETM_S06,1.0,652.15,1.35,1.2,33253.60152863589,249809.84588984423,217832.42672702973,44.499801623823714,178.26999148009648,FAIL
CSEG_22,76,36,1017.8760197630929,154717.15500399013,13,1.174307256585812,U09p343881_ETM_S06,1.0,652.15,1.35,1.2,34543.841528635894,250054.99147278073,212938.3004919787,44.499801623823714,178.26999148009648,FAIL
CSEG_22,76,36,1017.8760197630929,154717.15500399013,14,1.2060172646108136,U09p343881_ETM_S06,1.0,652.15,1.35,1.2,35834.081528635885,250300.1370557172,207542.747853191,44.499801623823714,178.26999148009648,FAIL
CSEG_22,76,36,1017.8760197630929,154717.15500399013,15,1.242773132122501,U09p343881_ETM_S06,1.0,652.15,1.35,1.2,37124.32152863589,250545.28263865368,201601.78568614024,44.499801623823714,178.26999148009648,FAIL
CSEG_22,76,36,1017.8760197630929,154717.15500399013,16,1.2845086426706755,U09p343881_ETM_S06,1.0,652.15,1.35,1.2,38414.56152863589,250790.42822159015,195242.305026583,44.499801623823714,178.26999148009648,FAIL
CSEG_22,76,40,1256.6370614359173,191008.83333825943,1,1.102552489983746,U09p343881_ETM_S06,1.0,652.15,1.0,1.0,13163.49742861918,248016.4472077375,224947.51901688948,42.499801623823714,174.26999148009648,FAIL
CSEG_22,76,40,1256.6370614359173,191008.83333825943,2,1.0651010596211277,U09p343881_ETM_S06,1.0,652.15,1.0,1.0,13163.49742861918,248016.4472077375,232857.1969461383,42.499801623823714,174.26999148009648,FAIL
CSEG_22,76,40,1256.6370614359173,191008.83333825943,3,1.03478088614923,U09p343881_ETM_S06,1.0,652.15,1.0,1.0,13163.49742861918,248016.4472077375,239680.15888918348,42.499801623823714,174.26999148009648,FAIL
CSEG_22,76,40,1256.6370614359173,191008.83333825943,4,1.010167326186202,U09p343881_ETM_S06,1.0,652.15,1.0,1.0,13163.49742861918,248016.4472077375,245520.1636189341,42.499801623823714,174.26999148009648,FAIL
CSEG_22,76,40,1256.6370614359173,191008.83333825943,5,0.9903528355675436,U09p343881_ETM_S06,1.0,652.15,1.0,1.0,13163.49742861918,248016.4472077375,250432.4098447259,42.499801623823714,174.26999148009648,PASS
CSEG_22,76,40,1256.6370614359173,191008.83333825943,6,0.9753945233677175,U09p343881_ETM_S06,1.0,652.15,1.0,1.0,13163.49742861918,248016.4472077375,254272.95444659464,42.499801623823714,174.26999148009648,PASS
CSEG_22,76,40,1256.6370614359173,191008.83333825943,7,0.9673183267558049,U09p343881_ETM_S06,1.0,652.15,1.0,1.2,22195.17742861918,249732.46628829284,258169.89028404574,42.499801623823714,174.26999148009648,PASS
CSEG_22,76,40,1256.6370614359173,191008.83333825943,8,0.9702985152450432,U09p343881_ETM_S06,1.0,652.15,1.35,1.2,28092.64152863589,248829.26355809835,256446.09328837116,42.499801623823714,174.26999148009648,PASS
CSEG_22,76,40,1256.6370614359173,191008.83333825943,9,0.9846104213586329,U09p343881_ETM_S06,1.0,652.15,1.35,1.2,29382.881528635888,249074.40914103482,252967.47194422837,42.499801623823714,174.26999148009648,PASS
CSEG_22,76,40,1256.6370614359173,191008.83333825943,10,1.0045813923056994,U09p343881_ETM_S06,1.0,652.15,1.35,1.2,30673.12152863589,249319.5547239713,248182.53317606944,42.499801623823714,174.26999148009648,FAIL
CSEG_22,76,40,1256.6370614359173,191008.83333825943,11,1.0255185076451299,U09p343881_ETM_S06,1.0,652.15,1.35,1.2,31963.361528635887,249564.70030690776,243354.6527404721,42.499801623823714,174.26999148009648,FAIL
CSEG_22,76,40,1256.6370614359173,191008.83333825943,12,1.0480346305319679,U09p343881_ETM_S06,1.0,652.15,1.35,1.2,33253.60152863589,249809.84588984423,238360.297085836,42.499801623823714,174.26999148009648,FAIL
CSEG_22,76,40,1256.6370614359173,191008.83333825943,13,1.072377337538558,U09p343881_ETM_S06,1.0,652.15,1.35,1.2,34543.841528635894,250054.99147278073,233178.17592708115,42.499801623823714,174.26999148009648,FAIL
CSEG_22,76,40,1256.6370614359173,191008.83333825943,14,1.0988997526721866,U09p343881_ETM_S06,1.0,652.15,1.35,1.2,35834.081528635885,250300.1370557172,227773.4037586815,42.499801623823714,174.26999148009648,FAIL
CSEG_22,76,40,1256.6370614359173,191008.83333825943,15,1.1288915976690468,U09p343881_ETM_S06,1.0,652.15,1.35,1.2,37124.32152863589,250545.28263865368,221939.18632753007,42.499801623823714,174.26999148009648,FAIL
CSEG_22,76,40,1256.6370614359173,191008.83333825943,16,1.1627811050468968,U09p343881_ETM_S06,1.0,652.15,1.35,1.2,38414.56152863589,250790.42822159015,215681.5475699318,42.499801623823714,174.26999148009648,FAIL
CSEG_22,76,50,1963.4954084936207,298451.30209103035,1,0.8112975624027842,U09p343881_ETM_S06,1.0,652.15,1.0,1.0,13163.49742861918,248016.4472077375,305703.4295446398,37.499801623823714,164.26999148009648,PASS
CSEG_22,76,50,1963.4954084936207,298451.30209103035,2,0.7970267585065814,U09p343881_ETM_S06,1.0,652.15,1.0,1.0,13163.49742861918,248016.4472077375,311177.0647104184,37.499801623823714,164.26999148009648,PASS
CSEG_22,76,50,1963.4954084936207,298451.30209103035,3,0.7851558104302493,U09p343881_ETM_S06,1.0,652.15,1.0,1.0,13163.49742861918,248016.4472077375,315881.8210513269,37.499801623823714,164.26999148009648,PASS
CSEG_22,76,50,1963.4954084936207,298451.30209103035,4,0.7756394095213701,U09p343881_ETM_S06,1.0,652.15,1.0,1.0,13163.49742861918,248016.4472077375,319757.40809867176,37.499801623823714,164.26999148009648,PASS
CSEG_22,76,50,1963.4954084936207,298451.30209103035,5,0.7686374938172775,U09p343881_ETM_S06,1.0,652.15,1.0,1.2,19614.697428619176,249242.1751224199,324264.91958466754,37.499801623823714,164.26999148009648,PASS
CSEG_22,76,50,1963.4954084936207,298451.30209103035,6,0.7661731609599642,U09p343881_ETM_S06,1.0,652.15,1.0,1.2,20904.937428619178,249487.32070535637,325627.8520547043,37.499801623823714,164.26999148009648,PASS
CSEG_22,76,50,1963.4954084936207,298451.30209103035,7,0.7666569098436755,U09p343881_ETM_S06,1.0,652.15,1.0,1.2,22195.17742861918,249732.46628829284,325742.14499575086,37.499801623823714,164.26999148009648,PASS
CSEG_22,76,50,1963.4954084936207,298451.30209103035,8,0.771874849097238,U09p343881_ETM_S06,1.0,652.15,1.35,1.2,28092.64152863589,248829.26355809835,322369.9591314858,37.499801623823714,164.26999148009648,PASS
CSEG_22,76,50,1963.4954084936207,298451.30209103035,9,0.7820422553645261,U09p343881_ETM_S06,1.0,652.15,1.35,1.2,29382.881528635888,249074.40914103482,318492.2648776006,37.499801623823714,164.26999148009648,PASS
CSEG_22,76,50,1963.4954084936207,298451.30209103035,10,0.7964482244442519,U09p343881_ETM_S06,1.0,652.15,1.35,1.2,30673.12152863589,249319.5547239713,313039.24984947045,37.499801623823714,164.26999148009648,PASS
CSEG_22,76,50,1963.4954084936207,298451.30209103035,11,0.8126754474108132,U09p343881_ETM_S06,1.0,652.15,1.35,1.2,31963.361528635887,249564.70030690776,307090.2426079461,37.499801623823714,164.26999148009648,PASS
CSEG_22,76,50,1963.4954084936207,298451.30209103035,12,0.8293787887158813,U09p343881_ETM_S06,1.0,652.15,1.35,1.2,33253.60152863589,249809.84588984423,301201.1511370122,37.499801623823714,164.26999148009648,PASS
CSEG_22,76,50,1963.4954084936207,298451.30209103035,13,0.8469550169357097,U09p343881_ETM_S06,1.0,652.15,1.35,1.2,34543.841528635894,250054.99147278073,295239.99087635346,37.499801623823714,164.26999148009648,PASS
CSEG_22,76,50,1963.4954084936207,298451.30209103035,14,0.8654595379930053,U09p343881_ETM_S06,1.0,652.15,1.35,1.2,35834.081528635885,250300.1370557172,289210.6748700944,37.499801623823714,164.26999148009648,PASS
CSEG_22,76,50,1963.4954084936207,298451.30209103035,15,0.8849698126566214,U09p343881_ETM_S06,1.0,652.15,1.35,1.2,37124.32152863589,250545.28263865368,283111.67121795163,37.499801623823714,164.26999148009648,PASS
CSEG_22,76,50,1963.4954084936207,298451.30209103035,16,0.9055967848145355,U09p343881_ETM_S06,1.0,652.15,1.35,1.2,38414.56152863589,250790.42822159015,276933.8765629027,37.499801623823714,164.26999148009648,PASS
CSEG_23,76,25,490.8738521234052,74612.82552275759,1,1.9102092550464245,U09p343881_ETM_S06,0.7,652.15,1.0,1.0,12663.222042061643,236954.36155687546,124046.2849454243,49.999801623823714,189.26999148009648,FAIL
CSEG_23,76,25,490.8738521234052,74612.82552275759,2,1.7287431526704524,U09p343881_ETM_S06,0.7,652.15,1.0,1.0,12663.222042061643,236954.36155687546,137067.4187144825,49.999801623823714,189.26999148009648,FAIL
CSEG_23,76,25,490.8738521234052,74612.82552275759,3,1.5956247651957305,U09p343881_ETM_S06,0.7,652.15,1.0,1.0,12663.222042061643,236954.36155687546,148502.55945219615,49.999801623823714,189.26999148009648,FAIL
CSEG_23,76,25,490.8738521234052,74612.82552275759,4,1.4980461281602366,U09p343881_ETM_S06,0.7,652.15,1.0,1.0,12663.222042061643,236954.36155687546,158175.6109525687,49.999801623823714,189.26999148009648,FAIL
CSEG_23,76,25,490.8738521234052,74612.82552275759,5,1.4226213447704077,U09p343881_ETM_S06,1.0,652.15,1.0,1.0,12663.222042061643,236954.36155687546,166561.7927271552,49.999801623823714,189.26999148009648,FAIL
CSEG_23,76,25,490.8738521234052,74612.82552275759,6,1.3656676505959036,U09p343881_ETM_S06,1.0,652.15,1.0,1.0,12663.222042061643,236954.36155687546,173508.07237286566,49.999801623823714,189.26999148009648,FAIL
CSEG_23,76,25,490.8738521234052,74612.82552275759,7,1.3224809728145732,U09p343881_ETM_S06,1.0,652.15,1.0,1.0,12663.222042061643,236954.36155687546,179174.1177588187,49.999801623823714,189.26999148009648,FAIL
CSEG_23,76,25,490.8738521234052,74612.82552275759,8,1.2909393668740232,U09p343881_ETM_S06,1.0,652.15,1.0,1.0,12663.222042061643,236954.36155687546,183551.89069077224,49.999801623823714,189.26999148009648,FAIL
CSEG_23,76,25,490.8738521234052,74612.82552275759,9,1.2913456309060125,U09p343881_ETM_S06,1.0,652.15,1.35,1.2,28707.50975678322,237979.38985693463,184287.91189696247,49.999801623823714,189.26999148009648,FAIL
CSEG_23,76,25,490.8738521234052,74612.82552275759,10,1.3101851497514416,U09p343881_ETM_S06,1.0,652.15,1.35,1.2,29997.749756783218,238224.5354398711,181825.09203761411,49.999801623823714,189.26999148009648,FAIL
CSEG_23,76,25,490.8738521234052,74612.82552275759,11,1.33443299340463,U09p343881_ETM_S06,1.0,652.15,1.35,1.2,31287.989756783216,238469.68102280758,178704.87480557838,49.999801623823714,189.26999148009648,FAIL
CSEG_23,76,25,490.8738521234052,74612.82552275759,12,1.365589037098964,U09p343881_ETM_S06,1.0,652.15,1.35,1.2,32578.229756783214,238714.82660574405,174807.22246633298,49.999801623823714,189.26999148009648,FAIL
CSEG_23,76,25,490.8738521234052,74612.82552275759,13,1.406682778872157,U09p343881_ETM_S06,1.0,652.15,1.35,1.2,33868.46975678322,238959.97218868052,169874.81170436495,49.999801623823714,189.26999148009648,FAIL
CSEG_23,76,25,490.8738521234052,74612.82552275759,14,1.457276103622748,U09p343881_ETM_S06,1.0,652.15,1.35,1.2,35158.70975678322,239205.117771617,164145.3648879301,49.999801623823714,189.26999148009648,FAIL
CSEG_23,76,25,490.8738521234052,74612.82552275759,15,1.5205113920067435,U09p343881_ETM_S06,1.0,652.15,1.35,1.2,36448.949756783215,239450.26335455346,157480.08506436204,49.999801623823714,189.26999148009648,FAIL
CSEG_23,76,25,490.8738521234052,74612.82552275759,16,1.5996170221148946,U09p343881_ETM_S06,1.0,652.15,1.35,1.2,37739.18975678322,239695.40893748996,149845.49778082664,49.999801623823714,189.26999148009648,FAIL
CSEG_23,76,28,615.7521601035994,93594.32833574711,1,1.6704546371857316,U09p343881_ETM_S06,0.7,652.15,1.0,1.0,12663.222042061643,236954.36155687546,141850.22225810337,48.499801623823714,186.26999148009648,FAIL
CSEG_23,76,28,615.7521601035994,93594.32833574711,2,1.5379472712461228,U09p343881_ETM_S06,0.7,652.15,1.0,1.0,12663.222042061643,236954.36155687546,154071.8371735092,48.499801623823714,186.26999148009648,FAIL
CSEG_23,76,28,615.7521601035994,93594.32833574711,3,1.442665140074568,U09p343881_ETM_S06,0.7,652.15,1.0,1.0,12663.222042061643,236954.36155687546,164247.65177636984,48.499801623823714,186.26999148009648,FAIL
CSEG_23,76,28,615.7521601035994,93594.32833574711,4,1.3681365091535331,U09p343881_ETM_S06,1.0,652.15,1.0,1.0,12663.222042061643,236954.36155687546,173194.96992553707,48.499801623823714,186.26999148009648,FAIL
CSEG_23,76,28,615.7521601035994,93594.32833574711,5,1.3110326168793942,U09p343881_ETM_S06,1.0,652.15,1.0,1.0,12663.222042061643,236954.36155687546,180738.72343534042,48.499801623823714,186.26999148009648,FAIL
CSEG_23,76,28,615.7521601035994,93594.32833574711,6,1.2666119095380506,U09p343881_ETM_S06,1.0,652.15,1.0,1.0,12663.222042061643,236954.36155687546,187077.32003190755,48.499801623823714,186.26999148009648,FAIL
CSEG_23,76,28,615.7521601035994,93594.32833574711,7,1.2330310651012253,U09p343881_ETM_S06,1.0,652.15,1.0,1.0,12663.222042061643,236954.36155687546,192172.25604727384,48.499801623823714,186.26999148009648,FAIL
CSEG_23,76,28,615.7521601035994,93594.32833574711,8,1.2086537581503947,U09p343881_ETM_S06,1.0,652.15,1.0,1.0,12663.222042061643,236954.36155687546,196048.1733987136,48.499801623823714,186.26999148009648,FAIL
CSEG_23,76,28,615.7521601035994,93594.32833574711,9,1.218770919713874,U09p343881_ETM_S06,1.0,652.15,1.35,1.2,28707.50975678322,237979.38985693463,195261.78874763774,48.499801623823714,186.26999148009648,FAIL
CSEG_23,76,28,615.7521601035994,93594.32833574711,10,1.2386471525519707,U09p343881_ETM_S06,1.0,652.15,1.35,1.2,29997.749756783218,238224.5354398711,192326.39008539257,48.499801623823714,186.26999148009648,FAIL
CSEG_23,76,28,615.7521601035994,93594.32833574711,11,1.2623883622361116,U09p343881_ETM_S06,1.0,652.15,1.35,1.2,31287.989756783216,238469.68102280758,188903.58003649375,48.499801623823714,186.26999148009648,FAIL
CSEG_23,76,28,615.7521601035994,93594.32833574711,12,1.29079311753626,U09p343881_ETM_S06,1.0,652.15,1.35,1.2,32578.229756783214,238714.82660574405,184936.55053056034,48.499801623823714,186.26999148009648,FAIL
CSEG_23,76,28,615.7521601035994,93594.32833574711,13,1.3266235113301177,U09p343881_ETM_S06,1.0,652.15,1.35,1.2,33868.46975678322,238959.97218868052,180126.44141146808,48.499801623823714,186.26999148009648,FAIL
CSEG_23,76,28,615.7521601035994,93594.32833574711,14,1.3704070492914933,U09p343881_ETM_S06,1.0,652.15,1.35,1.2,35158.70975678322,239205.117771617,174550.41397757485,48.499801623823714,186.26999148009648,FAIL
CSEG_23,76,28,615.7521601035994,93594.32833574711,15,1.4232407793373485,U09p343881_ETM_S06,1.0,652.15,1.35,1.2,36448.949756783215,239450.26335455346,168242.975349568,48.499801623823714,186.26999148009648,FAIL
CSEG_23,76,28,615.7521601035994,93594.32833574711,16,1.4878528770523434,U09p343881_ETM_S06,1.0,652.15,1.35,1.2,37739.18975678322,239695.40893748996,161101.55287151915,48.499801623823714,186.26999148009648,FAIL
CSEG_23,76,32,804.247719318987,122245.65333648602,1,1.4124370712676564,U09p343881_ETM_S06,0.7,652.15,1.0,1.0,12663.222042061643,236954.36155687546,167762.77426944757,46.499801623823714,182.26999148009648,FAIL
CSEG_23,76,32,804.247719318987,122245.65333648602,2,1.3302496939201776,U09p343881_ETM_S06,0.7,652.15,1.0,1.0,12663.222042061643,236954.36155687546,178127.7324399024,46.499801623823714,182.26999148009648,FAIL
CSEG_23,76,32,804.247719318987,122245.65333648602,3,1.2658723717710512,U09p343881_ETM_S06,1.0,652.15,1.0,1.0,12663.222042061643,236954.36155687546,187186.61283787905,46.499801623823714,182.26999148009648,FAIL
CSEG_23,76,32,804.247719318987,122245.65333648602,4,1.214961187741721,U09p343881_ETM_S06,1.0,652.15,1.0,1.0,12663.222042061643,236954.36155687546,195030.39598928136,46.499801623823714,182.26999148009648,FAIL
CSEG_23,76,32,804.247719318987,122245.65333648602,5,1.1749707650418484,U09p343881_ETM_S06,1.0,652.15,1.0,1.0,12663.222042061643,236954.36155687546,201668.3041032395,46.499801623823714,182.26999148009648,FAIL
CSEG_23,76,32,804.247719318987,122245.65333648602,6,1.1436350785643545,U09p343881_ETM_S06,1.0,652.15,1.0,1.0,12663.222042061643,236954.36155687546,207194.0306818261,46.499801623823714,182.26999148009648,FAIL
CSEG_23,76,32,804.247719318987,122245.65333648602,7,1.1202238205294976,U09p343881_ETM_S06,1.0,652.15,1.0,1.0,12663.222042061643,236954.36155687546,211524.12331749377,46.499801623823714,182.26999148009648,FAIL
CSEG_23,76,32,804.247719318987,122245.65333648602,8,1.1074764809964994,U09p343881_ETM_S06,1.0,652.15,1.0,1.2,22985.14204206164,238915.52622036726,215729.66136977714,46.499801623823714,182.26999148009648,FAIL
CSEG_23,76,32,804.247719318987,122245.65333648602,9,1.121870363089009,U09p343881_ETM_S06,1.0,652.15,1.35,1.2,28707.50975678322,237979.38985693463,212127.35239896286,46.499801623823714,182.26999148009648,FAIL
CSEG_23,76,32,804.247719318987,122245.65333648602,10,1.1423729498022483,U09p343881_ETM_S06,1.0,652.15,1.35,1.2,29997.749756783218,238224.5354398711,208534.81823174228,46.499801623823714,182.26999148009648,FAIL
CSEG_23,76,32,804.247719318987,122245.65333648602,11,1.165128046467184,U09p343881_ETM_S06,1.0,652.15,1.35,1.2,31287.989756783216,238469.68102280758,204672.50938287674,46.499801623823714,182.26999148009648,FAIL
CSEG_23,76,32,804.247719318987,122245.65333648602,12,1.191020501270812,U09p343881_ETM_S06,1.0,652.15,1.35,1.2,32578.229756783214,238714.82660574405,200428.81407250062,46.499801623823714,182.26999148009648,FAIL
CSEG_23,76,32,804.247719318987,122245.65333648602,13,1.2210409786502932,U09p343881_ETM_S06,1.0,652.15,1.35,1.2,33868.46975678322,238959.97218868052,195701.84487405216,46.499801623823714,182.26999148009648,FAIL
CSEG_23,76,32,804.247719318987,122245.65333648602,14,1.2572599638984203,U09p343881_ETM_S06,1.0,652.15,1.35,1.2,35158.70975678322,239205.117771617,190259.07500458948,46.499801623823714,182.26999148009648,FAIL
CSEG_23,76,32,804.247719318987,122245.65333648602,15,1.29949999138381,U09p343881_ETM_S06,1.0,652.15,1.35,1.2,36448.949756783215,239450.26335455346,184263.38202554968,46.499801623823714,182.26999148009648,FAIL
CSEG_23,76,32,804.247719318987,122245.65333648602,16,1.3494955464569274,U09p343881_ETM_S06,1.0,652.15,1.35,1.2,37739.18975678322,239695.40893748996,177618.52535697896,46.499801623823714,182.26999148009648,FAIL
CSEG_23,76,36,1017.8760197630929,154717.15500399013,1,1.2141311900969969,U09p343881_ETM_S06,0.7,652.15,1.0,1.0,12663.222042061643,236954.36155687546,195163.72158921737,44.499801623823714,178.26999148009648,FAIL
CSEG_23,76,36,1017.8760197630929,154717.15500399013,2,1.160104553519109,U09p343881_ETM_S06,1.0,652.15,1.0,1.0,12663.222042061643,236954.36155687546,204252.59157727493,44.499801623823714,178.26999148009648,FAIL
CSEG_23,76,36,1017.8760197630929,154717.15500399013,3,1.1167446968511014,U09p343881_ETM_S06,1.0,652.15,1.0,1.0,12663.222042061643,236954.36155687546,212183.10883859,44.499801623823714,178.26999148009648,FAIL
CSEG_23,76,36,1017.8760197630929,154717.15500399013,4,1.081861534437438,U09p343881_ETM_S06,1.0,652.15,1.0,1.0,12663.222042061643,236954.36155687546,219024.66629437046,44.499801623823714,178.26999148009648,FAIL
CSEG_23,76,36,1017.8760197630929,154717.15500399013,5,1.053950023812118,U09p343881_ETM_S06,1.0,652.15,1.0,1.0,12663.222042061643,236954.36155687546,224825.0450242563,44.499801623823714,178.26999148009648,FAIL
CSEG_23,76,36,1017.8760197630929,154717.15500399013,6,1.0324069081895837,U09p343881_ETM_S06,1.0,652.15,1.0,1.0,12663.222042061643,236954.36155687546,229516.44325239526,44.499801623823714,178.26999148009648,FAIL
CSEG_23,76,36,1017.8760197630929,154717.15500399013,7,1.0163437783903726,U09p343881_ETM_S06,1.0,652.15,1.0,1.0,12663.222042061643,236954.36155687546,233143.90917229827,44.499801623823714,178.26999148009648,FAIL
CSEG_23,76,36,1017.8760197630929,154717.15500399013,8,1.0135233193607693,U09p343881_ETM_S06,1.0,652.15,1.35,1.2,27417.26975678322,237734.24427399816,234562.18493713345,44.499801623823714,178.26999148009648,FAIL
CSEG_23,76,36,1017.8760197630929,154717.15500399013,9,1.0277146503703949,U09p343881_ETM_S06,1.0,652.15,1.35,1.2,28707.50975678322,237979.38985693463,231561.73726935327,44.499801623823714,178.26999148009648,FAIL
CSEG_23,76,36,1017.8760197630929,154717.15500399013,10,1.047912630315918,U09p343881_ETM_S06,1.0,652.15,1.35,1.2,29997.749756783218,238224.5354398711,227332.4402703808,44.499801623823714,178.26999148009648,FAIL
CSEG_23,76,36,1017.8760197630929,154717.15500399013,11,1.0693829661139898,U09p343881_ETM_S06,1.0,652.15,1.35,1.2,31287.989756783216,238469.68102280758,222997.45608383682,44.499801623823714,178.26999148009648,FAIL
CSEG_23,76,36,1017.8760197630929,154717.15500399013,12,1.0930139070198315,U09p343881_ETM_S06,1.0,652.15,1.35,1.2,32578.229756783214,238714.82660574405,218400.53916295947,44.499801623823714,178.26999148009648,FAIL
CSEG_23,76,36,1017.8760197630929,154717.15500399013,13,1.1190444790382446,U09p343881_ETM_S06,1.0,652.15,1.35,1.2,33868.46975678322,238959.97218868052,213539.29773555836,44.499801623823714,178.26999148009648,FAIL
CSEG_23,76,36,1017.8760197630929,154717.15500399013,14,1.1488843854380337,U09p343881_ETM_S06,1.0,652.15,1.35,1.2,35158.70975678322,239205.117771617,208206.43121580558,44.499801623823714,178.26999148009648,FAIL
CSEG_23,76,36,1017.8760197630929,154717.15500399013,15,1.1835374851895368,U09p343881_ETM_S06,1.0,652.15,1.35,1.2,36448.949756783215,239450.26335455346,202317.43088070158,44.499801623823714,178.26999148009648,FAIL
CSEG_23,76,36,1017.8760197630929,154717.15500399013,16,1.2228924307416689,U09p343881_ETM_S06,1.0,652.15,1.35,1.2,37739.18975678322,239695.40893748996,196006.94461091538,44.499801623823714,178.26999148009648,FAIL
CSEG_23,76,40,1256.6370614359173,191008.83333825943,1,1.056365120080916,U09p343881_ETM_S06,1.0,652.15,1.0,1.0,12663.222042061643,236954.36155687546,224311.042699635,42.499801623823714,174.26999148009648,FAIL
CSEG_23,76,40,1256.6370614359173,191008.83333825943,2,1.02003320136301,U09p343881_ETM_S06,1.0,652.15,1.0,1.0,12663.222042061643,236954.36155687546,232300.63613639967,42.499801623823714,174.26999148009648,FAIL
CSEG_23,76,40,1256.6370614359173,191008.83333825943,3,0.9904777297838394,U09p343881_ETM_S06,1.0,652.15,1.0,1.0,12663.222042061643,236954.36155687546,239232.3970863919,42.499801623823714,174.26999148009648,PASS
CSEG_23,76,40,1256.6370614359173,191008.83333825943,4,0.9666186471380168,U09p343881_ETM_S06,1.0,652.15,1.0,1.0,12663.222042061643,236954.36155687546,245137.37890165322,42.499801623823714,174.26999148009648,PASS
CSEG_23,76,40,1256.6370614359173,191008.83333825943,5,0.9473189443929657,U09p343881_ETM_S06,1.0,652.15,1.0,1.0,12663.222042061643,236954.36155687546,250131.55596578287,42.499801623823714,174.26999148009648,PASS
CSEG_23,76,40,1256.6370614359173,191008.83333825943,6,0.9327046540507746,U09p343881_ETM_S06,1.0,652.15,1.0,1.0,12663.222042061643,236954.36155687546,254050.79788952798,42.499801623823714,174.26999148009648,PASS
CSEG_23,76,40,1256.6370614359173,191008.83333825943,7,0.924429447619325,U09p343881_ETM_S06,1.0,652.15,1.0,1.2,21694.902042061643,238670.3806374308,258181.28279240403,42.499801623823714,174.26999148009648,PASS
CSEG_23,76,40,1256.6370614359173,191008.83333825943,8,0.9258750360963758,U09p343881_ETM_S06,1.0,652.15,1.35,1.2,27417.26975678322,237734.24427399816,256767.0959963673,42.499801623823714,174.26999148009648,PASS
CSEG_23,76,40,1256.6370614359173,191008.83333825943,9,0.9388685375581356,U09p343881_ETM_S06,1.0,652.15,1.35,1.2,28707.50975678322,237979.38985693463,253474.6669388724,42.499801623823714,174.26999148009648,PASS
CSEG_23,76,40,1256.6370614359173,191008.83333825943,10,0.9576997002000086,U09p343881_ETM_S06,1.0,652.15,1.35,1.2,29997.749756783218,238224.5354398711,248746.59080515493,42.499801623823714,174.26999148009648,PASS
CSEG_23,76,40,1256.6370614359173,191008.83333825943,11,0.9776094776752396,U09p343881_ETM_S06,1.0,652.15,1.35,1.2,31287.989756783216,238469.68102280758,243931.43322412312,42.499801623823714,174.26999148009648,PASS
CSEG_23,76,40,1256.6370614359173,191008.83333825943,12,0.998976356102134,U09p343881_ETM_S06,1.0,652.15,1.35,1.2,32578.229756783214,238714.82660574405,238959.43597421655,42.499801623823714,174.26999148009648,PASS
CSEG_23,76,40,1256.6370614359173,191008.83333825943,13,1.0220641147267022,U09p343881_ETM_S06,1.0,652.15,1.35,1.2,33868.46975678322,238959.97218868052,233801.35232766476,42.499801623823714,174.26999148009648,FAIL
CSEG_23,76,40,1256.6370614359173,191008.83333825943,14,1.0471384944919098,U09p343881_ETM_S06,1.0,652.15,1.35,1.2,35158.70975678322,239205.117771617,228436.9441385913,42.499801623823714,174.26999148009648,FAIL
CSEG_23,76,40,1256.6370614359173,191008.83333825943,15,1.0754728773677673,U09p343881_ETM_S06,1.0,652.15,1.35,1.2,36448.949756783215,239450.26335455346,222646.49196975646,42.499801623823714,174.26999148009648,FAIL
CSEG_23,76,40,1256.6370614359173,191008.83333825943,16,1.1075212212462942,U09p343881_ETM_S06,1.0,652.15,1.35,1.2,37739.18975678322,239695.40893748996,216425.1161415766,42.499801623823714,174.26999148009648,FAIL
CSEG_23,76,50,1963.4954084936207,298451.30209103035,1,0.7761352490284311,U09p343881_ETM_S06,1.0,652.15,1.0,1.0,12663.222042061643,236954.36155687546,305300.3479142273,37.499801623823714,164.26999148009648,PASS
CSEG_23,76,50,1963.4954084936207,298451.30209103035,2,0.7623216594940474,U09p343881_ETM_S06,1.0,652.15,1.0,1.0,12663.222042061643,236954.36155687546,310832.5188007146,37.499801623823714,164.26999148009648,PASS
CSEG_23,76,50,1963.4954084936207,298451.30209103035,3,0.7508315837911408,U09p343881_ETM_S06,1.0,652.15,1.0,1.0,12663.222042061643,236954.36155687546,315589.2302244829,37.499801623823714,164.26999148009648,PASS
CSEG_23,76,50,1963.4954084936207,298451.30209103035,4,0.7415568674427921,U09p343881_ETM_S06,1.0,652.15,1.0,1.0,12663.222042061643,236954.36155687546,319536.332222229,37.499801623823714,164.26999148009648,PASS
CSEG_23,76,50,1963.4954084936207,298451.30209103035,5,0.734698305179398,U09p343881_ETM_S06,1.0,652.15,1.0,1.2,19114.42204206164,238180.08947155782,324187.6125104157,37.499801623823714,164.26999148009648,PASS
CSEG_23,76,50,1963.4954084936207,298451.30209103035,6,0.7321669446821465,U09p343881_ETM_S06,1.0,652.15,1.0,1.2,20404.662042061642,238425.2350544943,325643.2659057029,37.499801623823714,164.26999148009648,PASS
CSEG_23,76,50,1963.4954084936207,298451.30209103035,7,0.7325100886064608,U09p343881_ETM_S06,1.0,652.15,1.0,1.2,21694.902042061643,238670.3806374308,325825.38363598683,37.499801623823714,164.26999148009648,PASS
CSEG_23,76,50,1963.4954084936207,298451.30209103035,8,0.7366496935467763,U09p343881_ETM_S06,1.0,652.15,1.35,1.2,27417.26975678322,237734.24427399816,322723.6043897198,37.499801623823714,164.26999148009648,PASS
CSEG_23,76,50,1963.4954084936207,298451.30209103035,9,0.745919026047846,U09p343881_ETM_S06,1.0,652.15,1.35,1.2,28707.50975678322,237979.38985693463,319041.855143228,37.499801623823714,164.26999148009648,PASS
CSEG_23,76,50,1963.4954084936207,298451.30209103035,10,0.7593715033777955,U09p343881_ETM_S06,1.0,652.15,1.35,1.2,29997.749756783218,238224.5354398711,313712.76691344555,37.499801623823714,164.26999148009648,PASS
CSEG_23,76,50,1963.4954084936207,298451.30209103035,11,0.7748526211643052,U09p343881_ETM_S06,1.0,652.15,1.35,1.2,31287.989756783216,238469.68102280758,307761.34003970906,37.499801623823714,164.26999148009648,PASS
CSEG_23,76,50,1963.4954084936207,298451.30209103035,12,0.790781970711298,U09p343881_ETM_S06,1.0,652.15,1.35,1.2,32578.229756783214,238714.82660574405,301871.8628486474,37.499801623823714,164.26999148009648,PASS
CSEG_23,76,50,1963.4954084936207,298451.30209103035,13,0.8074977937693796,U09p343881_ETM_S06,1.0,652.15,1.35,1.2,33868.46975678322,238959.97218868052,295926.4706758161,37.499801623823714,164.26999148009648,PASS
CSEG_23,76,50,1963.4954084936207,298451.30209103035,14,0.8251027138563745,U09p343881_ETM_S06,1.0,652.15,1.35,1.2,35158.70975678322,239205.117771617,289909.5030891577,37.499801623823714,164.26999148009648,PASS
CSEG_23,76,50,1963.4954084936207,298451.30209103035,15,0.8436708732182311,U09p343881_ETM_S06,1.0,652.15,1.35,1.2,36448.949756783215,239450.26335455346,283819.5212798525,37.499801623823714,164.26999148009648,PASS
CSEG_23,76,50,1963.4954084936207,298451.30209103035,16,0.8632628136875975,U09p343881_ETM_S06,1.0,652.15,1.35,1.2,37739.18975678322,239695.40893748996,277662.15008565434,37.499801623823714,164.26999148009648,PASS
CSEG_24,76,25,490.8738521234052,74612.82552275759,1,1.8361825701328138,U09p343881_ETM_S06,0.7,652.15,1.0,1.0,12162.894017532404,225847.00773873288,122998.121979993,49.999801623823714,189.26999148009648,FAIL
CSEG_24,76,25,490.8738521234052,74612.82552275759,2,1.6592500409581052,U09p343881_ETM_S06,0.7,652.15,1.0,1.0,12162.894017532404,225847.00773873288,136113.90818970324,49.999801623823714,189.26999148009648,FAIL
CSEG_24,76,25,490.8738521234052,74612.82552275759,3,1.5289063101696427,U09p343881_ETM_S06,0.7,652.15,1.0,1.0,12162.894017532404,225847.00773873288,147718.01662174682,49.999801623823714,189.26999148009648,FAIL
CSEG_24,76,25,490.8738521234052,74612.82552275759,4,1.4340392306375047,U09p343881_ETM_S06,0.7,652.15,1.0,1.0,12162.894017532404,225847.00773873288,157490.11806206458,49.999801623823714,189.26999148009648,FAIL
CSEG_24,76,25,490.8738521234052,74612.82552275759,5,1.3605799671431467,U09p343881_ETM_S06,1.0,652.15,1.0,1.0,12162.894017532404,225847.00773873288,165993.18907579617,49.999801623823714,189.26999148009648,FAIL
CSEG_24,76,25,490.8738521234052,74612.82552275759,6,1.3051626104073923,U09p343881_ETM_S06,1.0,652.15,1.0,1.0,12162.894017532404,225847.00773873288,173041.27925350022,49.999801623823714,189.26999148009648,FAIL
CSEG_24,76,25,490.8738521234052,74612.82552275759,7,1.26298016431339,U09p343881_ETM_S06,1.0,652.15,1.0,1.0,12162.894017532404,225847.00773873288,178820.7084483492,49.999801623823714,189.26999148009648,FAIL
CSEG_24,76,25,490.8738521234052,74612.82552275759,8,1.2320293367865656,U09p343881_ETM_S06,1.0,652.15,1.0,1.0,12162.894017532404,225847.00773873288,183313.01130198507,49.999801623823714,189.26999148009648,FAIL
CSEG_24,76,25,490.8738521234052,74612.82552275759,9,1.2288160101983987,U09p343881_ETM_S06,1.0,652.15,1.35,1.2,28032.066923668746,226839.15042383847,184599.76802158862,49.999801623823714,189.26999148009648,FAIL
CSEG_24,76,25,490.8738521234052,74612.82552275759,10,1.246373333994243,U09p343881_ETM_S06,1.0,652.15,1.35,1.2,29322.306923668744,227084.29600677494,182196.04817686495,49.999801623823714,189.26999148009648,FAIL
CSEG_24,76,25,490.8738521234052,74612.82552275759,11,1.2689352328691585,U09p343881_ETM_S06,1.0,652.15,1.35,1.2,30612.546923668742,227329.4415897114,179149.75934248618,49.999801623823714,189.26999148009648,FAIL
CSEG_24,76,25,490.8738521234052,74612.82552275759,12,1.297881585568889,U09p343881_ETM_S06,1.0,652.15,1.35,1.2,31902.78692366874,227574.58717264788,175343.1050282581,49.999801623823714,189.26999148009648,FAIL
CSEG_24,76,25,490.8738521234052,74612.82552275759,13,1.3361233909376957,U09p343881_ETM_S06,1.0,652.15,1.35,1.2,33193.026923668745,227819.73275558435,170508.0042013932,49.999801623823714,189.26999148009648,FAIL
CSEG_24,76,25,490.8738521234052,74612.82552275759,14,1.3833656810543766,U09p343881_ETM_S06,1.0,652.15,1.35,1.2,34483.26692366874,228064.87833852082,164862.3219890014,49.999801623823714,189.26999148009648,FAIL
CSEG_24,76,25,490.8738521234052,74612.82552275759,15,1.4422650991324286,U09p343881_ETM_S06,1.0,652.15,1.35,1.2,35773.50692366874,228310.0239214573,158299.62470754754,49.999801623823714,189.26999148009648,FAIL
CSEG_24,76,25,490.8738521234052,74612.82552275759,16,1.5158580799254466,U09p343881_ETM_S06,1.0,652.15,1.35,1.2,37063.74692366875,228555.16950439377,150776.1000394144,49.999801623823714,189.26999148009648,FAIL
CSEG_24,76,28,615.7521601035994,93594.32833574711,1,1.6033185444513778,U09p343881_ETM_S06,0.7,652.15,1.0,1.0,12162.894017532404,225847.00773873288,140862.2188774178,48.499801623823714,186.26999148009648,FAIL
CSEG_24,76,28,615.7521601035994,93594.32833574711,2,1.4744250516355597,U09p343881_ETM_S06,0.7,652.15,1.0,1.0,12162.894017532404,225847.00773873288,153176.32285764805,48.499801623823714,186.26999148009648,FAIL
CSEG_24,76,28,615.7521601035994,93594.32833574711,3,1.38112488118385,U09p343881_ETM_S06,0.7,652.15,1.0,1.0,12162.894017532404,225847.00773873288,163523.95848892754,48.499801623823714,186.26999148009648,FAIL
CSEG_24,76,28,615.7521601035994,93594.32833574711,4,1.3087336202244246,U09p343881_ETM_S06,1.0,652.15,1.0,1.0,12162.894017532404,225847.00773873288,172569.1189166548,48.499801623823714,186.26999148009648,FAIL
CSEG_24,76,28,615.7521601035994,93594.32833574711,5,1.2531297073107202,U09p343881_ETM_S06,1.0,652.15,1.0,1.0,12162.894017532404,225847.00773873288,180226.36158184454,48.499801623823714,186.26999148009648,FAIL
CSEG_24,76,28,615.7521601035994,93594.32833574711,6,1.2098485453422028,U09p343881_ETM_S06,1.0,652.15,1.0,1.0,12162.894017532404,225847.00773873288,186673.78541572127,48.499801623823714,186.26999148009648,FAIL
CSEG_24,76,28,615.7521601035994,93594.32833574711,7,1.1771195513489576,U09p343881_ETM_S06,1.0,652.15,1.0,1.0,12162.894017532404,225847.00773873288,191864.12075130033,48.499801623823714,186.26999148009648,FAIL
CSEG_24,76,28,615.7521601035994,93594.32833574711,8,1.1532139174316376,U09p343881_ETM_S06,1.0,652.15,1.0,1.0,12162.894017532404,225847.00773873288,195841.38235317566,48.499801623823714,186.26999148009648,FAIL
CSEG_24,76,28,615.7521601035994,93594.32833574711,9,1.1595345807618243,U09p343881_ETM_S06,1.0,652.15,1.35,1.2,28032.066923668746,226839.15042383847,195629.4828868348,48.499801623823714,186.26999148009648,FAIL
CSEG_24,76,28,615.7521601035994,93594.32833574711,10,1.1782500328054208,U09p343881_ETM_S06,1.0,652.15,1.35,1.2,29322.306923668744,227084.29600677494,192730.1418919427,48.499801623823714,186.26999148009648,FAIL
CSEG_24,76,28,615.7521601035994,93594.32833574711,11,1.2004833921498144,U09p343881_ETM_S06,1.0,652.15,1.35,1.2,30612.546923668742,227329.4415897114,189364.92006158616,48.499801623823714,186.26999148009648,FAIL
CSEG_24,76,28,615.7521601035994,93594.32833574711,12,1.2270300759548045,U09p343881_ETM_S06,1.0,652.15,1.35,1.2,31902.78692366874,227574.58717264788,185467.81503751027,48.499801623823714,186.26999148009648,FAIL
CSEG_24,76,28,615.7521601035994,93594.32833574711,13,1.2604072175251904,U09p343881_ETM_S06,1.0,652.15,1.35,1.2,33193.026923668745,227819.73275558435,180750.89509794177,48.499801623823714,186.26999148009648,FAIL
CSEG_24,76,28,615.7521601035994,93594.32833574711,14,1.3014419537525053,U09p343881_ETM_S06,1.0,652.15,1.35,1.2,34483.26692366874,228064.87833852082,175240.1462707816,48.499801623823714,186.26999148009648,FAIL
CSEG_24,76,28,615.7521601035994,93594.32833574711,15,1.3507876527796243,U09p343881_ETM_S06,1.0,652.15,1.35,1.2,35773.50692366874,228310.0239214573,169019.92215552562,48.499801623823714,186.26999148009648,FAIL
CSEG_24,76,28,615.7521601035994,93594.32833574711,16,1.4111106454638933,U09p343881_ETM_S06,1.0,652.15,1.35,1.2,37063.74692366875,228555.16950439377,161968.2838047457,48.499801623823714,186.26999148009648,FAIL
CSEG_24,76,32,804.247719318987,122245.65333648602,1,1.3534937383419985,U09p343881_ETM_S06,0.7,652.15,1.0,1.0,12162.894017532404,225847.00773873288,166862.247929858,46.499801623823714,182.26999148009648,FAIL
CSEG_24,76,32,804.247719318987,122245.65333648602,2,1.2731071025595657,U09p343881_ETM_S06,0.7,652.15,1.0,1.0,12162.894017532404,225847.00773873288,177398.27802756763,46.499801623823714,182.26999148009648,FAIL
CSEG_24,76,32,804.247719318987,122245.65333648602,3,1.210534472031416,U09p343881_ETM_S06,1.0,652.15,1.0,1.0,12162.894017532404,225847.00773873288,186568.01021100674,46.499801623823714,182.26999148009648,FAIL
CSEG_24,76,32,804.247719318987,122245.65333648602,4,1.1612580529582042,U09p343881_ETM_S06,1.0,652.15,1.0,1.0,12162.894017532404,225847.00773873288,194484.7720654399,46.499801623823714,182.26999148009648,FAIL
CSEG_24,76,32,804.247719318987,122245.65333648602,5,1.1223000290023206,U09p343881_ETM_S06,1.0,652.15,1.0,1.0,12162.894017532404,225847.00773873288,201235.8566358603,46.499801623823714,182.26999148009648,FAIL
CSEG_24,76,32,804.247719318987,122245.65333648602,6,1.091808440135009,U09p343881_ETM_S06,1.0,652.15,1.0,1.0,12162.894017532404,225847.00773873288,206855.89104880474,46.499801623823714,182.26999148009648,FAIL
CSEG_24,76,32,804.247719318987,122245.65333648602,7,1.0689792603201544,U09p343881_ETM_S06,1.0,652.15,1.0,1.0,12162.894017532404,225847.00773873288,211273.51682304175,46.499801623823714,182.26999148009648,FAIL
CSEG_24,76,32,804.247719318987,122245.65333648602,8,1.0557800076164456,U09p343881_ETM_S06,1.0,652.15,1.0,1.2,22484.8140175324,227808.17240222468,215772.3870113149,46.499801623823714,182.26999148009648,FAIL
CSEG_24,76,32,804.247719318987,122245.65333648602,9,1.0671471974806983,U09p343881_ETM_S06,1.0,652.15,1.35,1.2,28032.066923668746,226839.15042383847,212565.94306704475,46.499801623823714,182.26999148009648,FAIL
CSEG_24,76,32,804.247719318987,122245.65333648602,10,1.0865727490040578,U09p343881_ETM_S06,1.0,652.15,1.35,1.2,29322.306923668744,227084.29600677494,208991.34109052358,46.499801623823714,182.26999148009648,FAIL
CSEG_24,76,32,804.247719318987,122245.65333648602,11,1.1080062588586967,U09p343881_ETM_S06,1.0,652.15,1.35,1.2,30612.546923668742,227329.4415897114,205169.81720290313,46.499801623823714,182.26999148009648,FAIL
CSEG_24,76,32,804.247719318987,122245.65333648602,12,1.1323856535295154,U09p343881_ETM_S06,1.0,652.15,1.35,1.2,31902.78692366874,227574.58717264788,200969.15433653208,46.499801623823714,182.26999148009648,FAIL
CSEG_24,76,32,804.247719318987,122245.65333648602,13,1.1605436634337651,U09p343881_ETM_S06,1.0,652.15,1.35,1.2,33193.026923668745,227819.73275558435,196304.3183412173,46.499801623823714,182.26999148009648,FAIL
CSEG_24,76,32,804.247719318987,122245.65333648602,14,1.1944693031483058,U09p343881_ETM_S06,1.0,652.15,1.35,1.2,34483.26692366874,228064.87833852082,190934.06397083792,46.499801623823714,182.26999148009648,FAIL
CSEG_24,76,32,804.247719318987,122245.65333648602,15,1.2341429647475313,U09p343881_ETM_S06,1.0,652.15,1.35,1.2,35773.50692366874,228310.0239214573,184994.79431717435,46.499801623823714,182.26999148009648,FAIL
CSEG_24,76,32,804.247719318987,122245.65333648602,16,1.2809720816293189,U09p343881_ETM_S06,1.0,652.15,1.35,1.2,37063.74692366875,228555.16950439377,178423.22466051363,46.499801623823714,182.26999148009648,FAIL
CSEG_24,76,36,1017.8760197630929,154717.15500399013,1,1.1615178262833157,U09p343881_ETM_S06,0.7,652.15,1.0,1.0,12162.894017532404,225847.00773873288,194441.27556906268,44.499801623823714,178.26999148009648,FAIL
CSEG_24,76,36,1017.8760197630929,154717.15500399013,2,1.1092533609415567,U09p343881_ETM_S06,1.0,652.15,1.0,1.0,12162.894017532404,225847.00773873288,203602.72566316984,44.499801623823714,178.26999148009648,FAIL
CSEG_24,76,36,1017.8760197630929,154717.15500399013,3,1.0671052720757062,U09p343881_ETM_S06,1.0,652.15,1.0,1.0,12162.894017532404,225847.00773873288,211644.54309125565,44.499801623823714,178.26999148009648,FAIL
CSEG_24,76,36,1017.8760197630929,154717.15500399013,4,1.0333402333276462,U09p343881_ETM_S06,1.0,652.15,1.0,1.0,12162.894017532404,225847.00773873288,218560.1609756759,44.499801623823714,178.26999148009648,FAIL
CSEG_24,76,36,1017.8760197630929,154717.15500399013,5,1.0062220661507633,U09p343881_ETM_S06,1.0,652.15,1.0,1.0,12162.894017532404,225847.00773873288,224450.46211587847,44.499801623823714,178.26999148009648,FAIL
CSEG_24,76,36,1017.8760197630929,154717.15500399013,6,0.9852142264972126,U09p343881_ETM_S06,1.0,652.15,1.0,1.0,12162.894017532404,225847.00773873288,229236.44590649023,44.499801623823714,178.26999148009648,PASS
CSEG_24,76,36,1017.8760197630929,154717.15500399013,7,0.9695091868663527,U09p343881_ETM_S06,1.0,652.15,1.0,1.0,12162.894017532404,225847.00773873288,232949.83770985762,44.499801623823714,178.26999148009648,PASS
CSEG_24,76,36,1017.8760197630929,154717.15500399013,8,0.9657867166492454,U09p343881_ETM_S06,1.0,652.15,1.0,1.2,22484.8140175324,227808.17240222468,235878.34505800114,44.499801623823714,178.26999148009648,PASS
CSEG_24,76,36,1017.8760197630929,154717.15500399013,9,0.9775923751922434,U09p343881_ETM_S06,1.0,652.15,1.35,1.2,28032.066923668746,226839.15042383847,232038.5839540029,44.499801623823714,178.26999148009648,PASS
CSEG_24,76,36,1017.8760197630929,154717.15500399013,10,0.9966651429443854,U09p343881_ETM_S06,1.0,652.15,1.35,1.2,29322.306923668744,227084.29600677494,227844.12358990908,44.499801623823714,178.26999148009648,PASS
CSEG_24,76,36,1017.8760197630929,154717.15500399013,11,1.0169735022504762,U09p343881_ETM_S06,1.0,652.15,1.35,1.2,30612.546923668742,227329.4415897114,223535.26526173062,44.499801623823714,178.26999148009648,FAIL
CSEG_24,76,36,1017.8760197630929,154717.15500399013,12,1.0393140544067923,U09p343881_ETM_S06,1.0,652.15,1.35,1.2,31902.78692366874,227574.58717264788,218966.14041512247,44.499801623823714,178.26999148009648,FAIL
CSEG_24,76,36,1017.8760197630929,154717.15500399013,13,1.0639026632581399,U09p343881_ETM_S06,1.0,652.15,1.35,1.2,33193.026923668745,227819.73275558435,214135.87974100912,44.499801623823714,178.26999148009648,FAIL
CSEG_24,76,36,1017.8760197630929,154717.15500399013,14,1.0919321870239602,U09p343881_ETM_S06,1.0,652.15,1.35,1.2,34483.26692366874,228064.87833852082,208863.59157532227,44.499801623823714,178.26999148009648,FAIL
CSEG_24,76,36,1017.8760197630929,154717.15500399013,15,1.1245197638809359,U09p343881_ETM_S06,1.0,652.15,1.35,1.2,35773.50692366874,228310.0239214573,203028.91176720196,44.499801623823714,178.26999148009648,FAIL
CSEG_24,76,36,1017.8760197630929,154717.15500399013,16,1.1615549992973748,U09p343881_ETM_S06,1.0,652.15,1.35,1.2,37063.74692366875,228555.16950439377,196766.5497050479,44.499801623823714,178.26999148009648,FAIL
CSEG_24,76,40,1256.6370614359173,191008.83333825943,1,1.0097219888593678,U09p343881_ETM_S06,1.0,652.15,1.0,1.0,12162.894017532404,225847.00773873288,223672.46651116404,42.499801623823714,174.26999148009648,FAIL
CSEG_24,76,40,1256.6370614359173,191008.83333825943,2,0.9746221137893981,U09p343881_ETM_S06,1.0,652.15,1.0,1.0,12162.894017532404,225847.00773873288,231727.76868423817,42.499801623823714,174.26999148009648,PASS
CSEG_24,76,40,1256.6370614359173,191008.83333825943,3,0.9458317157951152,U09p343881_ETM_S06,1.0,652.15,1.0,1.0,12162.894017532404,225847.00773873288,238781.3857022908,42.499801623823714,174.26999148009648,PASS
CSEG_24,76,40,1256.6370614359173,191008.83333825943,4,0.922753601705332,U09p343881_ETM_S06,1.0,652.15,1.0,1.0,12162.894017532404,225847.00773873288,244753.3201944129,42.499801623823714,174.26999148009648,PASS
CSEG_24,76,40,1256.6370614359173,191008.83333825943,5,0.9040648385399915,U09p343881_ETM_S06,1.0,652.15,1.0,1.0,12162.894017532404,225847.00773873288,249812.84318441336,42.499801623823714,174.26999148009648,PASS
CSEG_24,76,40,1256.6370614359173,191008.83333825943,6,0.8897671235697475,U09p343881_ETM_S06,1.0,652.15,1.0,1.0,12162.894017532404,225847.00773873288,253827.09897465556,42.499801623823714,174.26999148009648,PASS
CSEG_24,76,40,1256.6370614359173,191008.83333825943,7,0.8813726758110351,U09p343881_ETM_S06,1.0,652.15,1.0,1.2,21194.574017532403,227563.0268192882,258191.606189613,42.499801623823714,174.26999148009648,PASS
CSEG_24,76,40,1256.6370614359173,191008.83333825943,8,0.8817714772313975,U09p343881_ETM_S06,1.0,652.15,1.0,1.2,22484.8140175324,227808.17240222468,258352.84797088357,42.499801623823714,174.26999148009648,PASS
CSEG_24,76,40,1256.6370614359173,191008.83333825943,9,0.8931716121433985,U09p343881_ETM_S06,1.0,652.15,1.35,1.2,28032.066923668746,226839.15042383847,253970.3986778965,42.499801623823714,174.26999148009648,PASS
CSEG_24,76,40,1256.6370614359173,191008.83333825943,10,0.9108509941244622,U09p343881_ETM_S06,1.0,652.15,1.35,1.2,29322.306923668744,227084.29600677494,249310.0380540895,42.499801623823714,174.26999148009648,PASS
CSEG_24,76,40,1256.6370614359173,191008.83333825943,11,0.9297476745999914,U09p343881_ETM_S06,1.0,652.15,1.35,1.2,30612.546923668742,227329.4415897114,244506.59872584906,42.499801623823714,174.26999148009648,PASS
CSEG_24,76,40,1256.6370614359173,191008.83333825943,12,0.9499882120835167,U09p343881_ETM_S06,1.0,652.15,1.35,1.2,31902.78692366874,227574.58717264788,239555.16950418855,42.499801623823714,174.26999148009648,PASS
CSEG_24,76,40,1256.6370614359173,191008.83333825943,13,0.9718337526574188,U09p343881_ETM_S06,1.0,652.15,1.35,1.2,33193.026923668745,227819.73275558435,234422.5358839673,42.499801623823714,174.26999148009648,PASS
CSEG_24,76,40,1256.6370614359173,191008.83333825943,14,0.9955246617900606,U09p343881_ETM_S06,1.0,652.15,1.35,1.2,34483.26692366874,228064.87833852082,229090.1341694897,42.499801623823714,174.26999148009648,PASS
CSEG_24,76,40,1256.6370614359173,191008.83333825943,15,1.022215943749786,U09p343881_ETM_S06,1.0,652.15,1.35,1.2,35773.50692366874,228310.0239214573,223348.1343325067,42.499801623823714,174.26999148009648,FAIL
CSEG_24,76,40,1256.6370614359173,191008.83333825943,16,1.0524493276199782,U09p343881_ETM_S06,1.0,652.15,1.35,1.2,37063.74692366875,228555.16950439377,217165.01071006546,42.499801623823714,174.26999148009648,FAIL
CSEG_24,76,50,1963.4954084936207,298451.30209103035,1,0.7407789171431701,U09p343881_ETM_S06,1.0,652.15,1.0,1.0,12162.894017532404,225847.00773873288,304877.74761425005,37.499801623823714,164.26999148009648,PASS
CSEG_24,76,50,1963.4954084936207,298451.30209103035,2,0.7274487086883057,U09p343881_ETM_S06,1.0,652.15,1.0,1.0,12162.894017532404,225847.00773873288,310464.511162536,37.499801623823714,164.26999148009648,PASS
CSEG_24,76,50,1963.4954084936207,298451.30209103035,3,0.7163279947958517,U09p343881_ETM_S06,1.0,652.15,1.0,1.0,12162.894017532404,225847.00773873288,315284.35211176914,37.499801623823714,164.26999148009648,PASS
CSEG_24,76,50,1963.4954084936207,298451.30209103035,4,0.7073066498182444,U09p343881_ETM_S06,1.0,652.15,1.0,1.0,12162.894017532404,225847.00773873288,319305.64741158375,37.499801623823714,164.26999148009648,PASS
CSEG_24,76,50,1963.4954084936207,298451.30209103035,5,0.7006084203255278,U09p343881_ETM_S06,1.0,652.15,1.0,1.2,18614.094017532403,227072.73565341526,324107.91687018133,37.499801623823714,164.26999148009648,PASS
CSEG_24,76,50,1963.4954084936207,298451.30209103035,6,0.6980266995149194,U09p343881_ETM_S06,1.0,652.15,1.0,1.2,19904.3340175324,227317.88123635174,325657.860070857,37.499801623823714,164.26999148009648,PASS
CSEG_24,76,50,1963.4954084936207,298451.30209103035,7,0.6982549201582597,U09p343881_ETM_S06,1.0,652.15,1.0,1.2,21194.574017532403,227563.0268192882,325902.50387023547,37.499801623823714,164.26999148009648,PASS
CSEG_24,76,50,1963.4954084936207,298451.30209103035,8,0.7013619464148042,U09p343881_ETM_S06,1.0,652.15,1.35,1.2,26741.826923668745,226594.00484090197,323077.1301454217,37.499801623823714,164.26999148009648,PASS
CSEG_24,76,50,1963.4954084936207,298451.30209103035,9,0.7097803817761984,U09p343881_ETM_S06,1.0,652.15,1.35,1.2,28032.066923668746,226839.15042383847,319590.6173909486,37.499801623823714,164.26999148009648,PASS
CSEG_24,76,50,1963.4954084936207,298451.30209103035,10,0.7223101365248891,U09p343881_ETM_S06,1.0,652.15,1.35,1.2,29322.306923668744,227084.29600677494,314386.1404178843,37.499801623823714,164.26999148009648,PASS
CSEG_24,76,50,1963.4954084936207,298451.30209103035,11,0.7370483080560697,U09p343881_ETM_S06,1.0,652.15,1.35,1.2,30612.546923668742,227329.4415897114,308432.214150633,37.499801623823714,164.26999148009648,PASS
CSEG_24,76,50,1963.4954084936207,298451.30209103035,12,0.7522077750390195,U09p343881_ETM_S06,1.0,652.15,1.35,1.2,31902.78692366874,227574.58717264788,302542.18943807494,37.499801623823714,164.26999148009648,PASS
CSEG_24,76,50,1963.4954084936207,298451.30209103035,13,0.768072294780332,U09p343881_ETM_S06,1.0,652.15,1.35,1.2,33193.026923668745,227819.73275558435,296612.35576885456,37.499801623823714,164.26999148009648,PASS
CSEG_24,76,50,1963.4954084936207,298451.30209103035,14,0.7847864539784573,U09p343881_ETM_S06,1.0,652.15,1.35,1.2,34483.26692366874,228064.87833852082,290607.56232775305,37.499801623823714,164.26999148009648,PASS
CSEG_24,76,50,1963.4954084936207,298451.30209103035,15,0.8024212136269826,U09p343881_ETM_S06,1.0,652.15,1.35,1.2,35773.50692366874,228310.0239214573,284526.40588785656,37.499801623823714,164.26999148009648,PASS
CSEG_24,76,50,1963.4954084936207,298451.30209103035,16,0.821002618401792,U09p343881_ETM_S06,1.0,652.15,1.35,1.2,37063.74692366875,228555.16950439377,278385.4331053311,37.499801623823714,164.26999148009648,PASS
CSEG_25,76,25,490.8738521234052,74612.82552275759,1,1.7637685524220417,U09p343881_ETM_S06,0.7,652.15,1.0,1.0,11673.465703536647,214698.5807183205,121727.18490954621,49.999801623823714,190.50974070756087,FAIL
CSEG_25,76,25,490.8738521234052,74612.82552275759,2,1.594655297159278,U09p343881_ETM_S06,0.7,652.15,1.0,1.0,11673.465703536647,214698.5807183205,134636.35752553228,49.999801623823714,190.50974070756087,FAIL
CSEG_25,76,25,490.8738521234052,74612.82552275759,3,1.4725241641697642,U09p343881_ETM_S06,0.7,652.15,1.0,1.0,11673.465703536647,214698.5807183205,145803.09508154757,49.999801623823714,190.50974070756087,FAIL
CSEG_25,76,25,490.8738521234052,74612.82552275759,4,1.3825688922148747,U09p343881_ETM_S06,0.7,652.15,1.0,1.0,11673.465703536647,214698.5807183205,155289.60757562937,49.999801623823714,190.50974070756087,FAIL
CSEG_25,76,25,490.8738521234052,74612.82552275759,5,1.3147226696453964,U09p343881_ETM_S06,1.0,652.15,1.0,1.0,11673.465703536647,214698.5807183205,163303.3229557291,49.999801623823714,190.50974070756087,FAIL
CSEG_25,76,25,490.8738521234052,74612.82552275759,6,1.2633985860373216,U09p343881_ETM_S06,1.0,652.15,1.0,1.0,11673.465703536647,214698.5807183205,169937.3286396714,49.999801623823714,190.50974070756087,FAIL
CSEG_25,76,25,490.8738521234052,74612.82552275759,7,1.2253232864128327,U09p343881_ETM_S06,1.0,652.15,1.0,1.0,11673.465703536647,214698.5807183205,175217.9062448543,49.999801623823714,190.50974070756087,FAIL
CSEG_25,76,25,490.8738521234052,74612.82552275759,8,1.1982295126345774,U09p343881_ETM_S06,1.0,652.15,1.0,1.0,11673.465703536647,214698.5807183205,179179.84697794443,49.999801623823714,190.50974070756087,FAIL
CSEG_25,76,25,490.8738521234052,74612.82552275759,9,1.2122132910200132,U09p343881_ETM_S06,1.0,652.15,1.35,1.2,27371.338699774475,215658.6253718724,177904.85137347988,49.999801623823714,190.50974070756087,FAIL
CSEG_25,76,25,490.8738521234052,74612.82552275759,10,1.232831619380944,U09p343881_ETM_S06,1.0,652.15,1.35,1.2,28661.578699774473,215903.77095480886,175128.35294021995,49.999801623823714,190.50974070756087,FAIL
CSEG_25,76,25,490.8738521234052,74612.82552275759,11,1.2590306189958669,U09p343881_ETM_S06,1.0,652.15,1.35,1.2,29951.81869977447,216148.91653774533,171678.8402732681,49.999801623823714,190.50974070756087,FAIL
CSEG_25,76,25,490.8738521234052,74612.82552275759,12,1.2932892657659636,U09p343881_ETM_S06,1.0,652.15,1.35,1.2,31242.05869977447,216394.0621206818,167320.69757999593,49.999801623823714,190.50974070756087,FAIL
CSEG_25,76,25,490.8738521234052,74612.82552275759,13,1.3373630815888875,U09p343881_ETM_S06,1.0,652.15,1.35,1.2,32532.298699774474,216639.20770361827,161989.8221253683,49.999801623823714,190.50974070756087,FAIL
CSEG_25,76,25,490.8738521234052,74612.82552275759,14,1.3919267966622395,U09p343881_ETM_S06,1.0,652.15,1.35,1.2,33822.53869977447,216884.35328655475,155815.91920396313,49.999801623823714,190.50974070756087,FAIL
CSEG_25,76,25,490.8738521234052,74612.82552275759,15,1.4603594389664436,U09p343881_ETM_S06,1.0,652.15,1.35,1.2,35112.77869977447,217129.49886949122,148682.23060424268,49.999801623823714,190.50974070756087,FAIL
CSEG_25,76,25,490.8738521234052,74612.82552275759,16,1.5474294044413162,U09p343881_ETM_S06,1.0,652.15,1.35,1.2,36403.018699774475,217374.64445242772,140474.67614906066,49.999801623823714,190.50974070756087,FAIL
CSEG_25,76,28,615.7521601035994,93594.32833574711,1,1.539146502493899,U09p343881_ETM_S06,0.7,652.15,1.0,1.0,11673.465703536647,214698.5807183205,139491.97192758558,48.499801623823714,187.50974070756087,FAIL
CSEG_25,76,28,615.7521601035994,93594.32833574711,2,1.417001347646608,U09p343881_ETM_S06,0.7,652.15,1.0,1.0,11673.465703536647,214698.5807183205,151516.1443388162,48.499801623823714,187.50974070756087,FAIL
CSEG_25,76,28,615.7521601035994,93594.32833574711,3,1.3295138904118458,U09p343881_ETM_S06,0.7,652.15,1.0,1.0,11673.465703536647,214698.5807183205,161486.526967998,48.499801623823714,187.50974070756087,FAIL
CSEG_25,76,28,615.7521601035994,93594.32833574711,4,1.2619780105385856,U09p343881_ETM_S06,1.0,652.15,1.0,1.0,11673.465703536647,214698.5807183205,170128.62262686467,48.499801623823714,187.50974070756087,FAIL
CSEG_25,76,28,615.7521601035994,93594.32833574711,5,1.2102070910354146,U09p343881_ETM_S06,1.0,652.15,1.0,1.0,11673.465703536647,214698.5807183205,177406.48051783539,48.499801623823714,187.50974070756087,FAIL
CSEG_25,76,28,615.7521601035994,93594.32833574711,6,1.1706439312110593,U09p343881_ETM_S06,1.0,652.15,1.0,1.0,11673.465703536647,214698.5807183205,183402.12168204697,48.499801623823714,187.50974070756087,FAIL
CSEG_25,76,28,615.7521601035994,93594.32833574711,7,1.1413831873624052,U09p343881_ETM_S06,1.0,652.15,1.0,1.0,11673.465703536647,214698.5807183205,188103.85775390844,48.499801623823714,187.50974070756087,FAIL
CSEG_25,76,28,615.7521601035994,93594.32833574711,8,1.1249918415066729,U09p343881_ETM_S06,1.0,652.15,1.0,1.2,21995.385703536645,216659.7453818123,192587.8369852402,48.499801623823714,187.50974070756087,FAIL
CSEG_25,76,28,615.7521601035994,93594.32833574711,9,1.142346093594783,U09p343881_ETM_S06,1.0,652.15,1.35,1.2,27371.338699774475,215658.6253718724,188785.71615124863,48.499801623823714,187.50974070756087,FAIL
CSEG_25,76,28,615.7521601035994,93594.32833574711,10,1.1633589130999562,U09p343881_ETM_S06,1.0,652.15,1.35,1.2,28661.578699774473,215903.77095480886,185586.5533186991,48.499801623823714,187.50974070756087,FAIL
CSEG_25,76,28,615.7521601035994,93594.32833574711,11,1.1884193981056552,U09p343881_ETM_S06,1.0,652.15,1.35,1.2,29951.81869977447,216148.91653774533,181879.32381639635,48.499801623823714,187.50974070756087,FAIL
CSEG_25,76,28,615.7521601035994,93594.32833574711,12,1.2187841759131777,U09p343881_ETM_S06,1.0,652.15,1.35,1.2,31242.05869977447,216394.0621206818,177549.12346031066,48.499801623823714,187.50974070756087,FAIL
CSEG_25,76,28,615.7521601035994,93594.32833574711,13,1.2570859696644407,U09p343881_ETM_S06,1.0,652.15,1.35,1.2,32532.298699774474,216639.20770361827,172334.44086679825,48.499801623823714,187.50974070756087,FAIL
CSEG_25,76,28,615.7521601035994,93594.32833574711,14,1.3031772607281553,U09p343881_ETM_S06,1.0,652.15,1.35,1.2,33822.53869977447,216884.35328655475,166427.36166633986,48.499801623823714,187.50974070756087,FAIL
CSEG_25,76,28,615.7521601035994,93594.32833574711,15,1.3596063539395618,U09p343881_ETM_S06,1.0,652.15,1.35,1.2,35112.77869977447,217129.49886949122,159700.26783145146,48.499801623823714,187.50974070756087,FAIL
CSEG_25,76,28,615.7521601035994,93594.32833574711,16,1.4291584754595261,U09p343881_ETM_S06,1.0,652.15,1.35,1.2,36403.018699774475,217374.64445242772,152099.74833793985,48.499801623823714,187.50974070756087,FAIL
CSEG_25,76,32,804.247719318987,122245.65333648602,1,1.2985524355407103,U09p343881_ETM_S06,0.7,652.15,1.0,1.0,11673.465703536647,214698.5807183205,165336.85882997952,46.499801623823714,183.50974070756087,FAIL
CSEG_25,76,32,804.247719318987,122245.65333648602,2,1.2238424838821371,U09p343881_ETM_S06,0.7,652.15,1.0,1.0,11673.465703536647,214698.5807183205,175429.91320033075,46.499801623823714,183.50974070756087,FAIL
CSEG_25,76,32,804.247719318987,122245.65333648602,3,1.1653633207197498,U09p343881_ETM_S06,1.0,652.15,1.0,1.0,11673.465703536647,214698.5807183205,184233.17166505524,46.499801623823714,183.50974070756087,FAIL
CSEG_25,76,32,804.247719318987,122245.65333648602,4,1.1192323224425307,U09p343881_ETM_S06,1.0,652.15,1.0,1.0,11673.465703536647,214698.5807183205,191826.64440013492,46.499801623823714,183.50974070756087,FAIL
CSEG_25,76,32,804.247719318987,122245.65333648602,5,1.0834208365404097,U09p343881_ETM_S06,1.0,652.15,1.0,1.0,11673.465703536647,214698.5807183205,198167.29887150606,46.499801623823714,183.50974070756087,FAIL
CSEG_25,76,32,804.247719318987,122245.65333648602,6,1.0558737322771685,U09p343881_ETM_S06,1.0,652.15,1.0,1.0,11673.465703536647,214698.5807183205,203337.36331832697,46.499801623823714,183.50974070756087,FAIL
CSEG_25,76,32,804.247719318987,122245.65333648602,7,1.0356453501291727,U09p343881_ETM_S06,1.0,652.15,1.0,1.0,11673.465703536647,214698.5807183205,207308.97955708663,46.499801623823714,183.50974070756087,FAIL
CSEG_25,76,32,804.247719318987,122245.65333648602,8,1.0315231015802857,U09p343881_ETM_S06,1.0,652.15,1.35,1.2,26081.098699774473,215413.47978893592,208830.49488559592,46.499801623823714,183.50974070756087,FAIL
CSEG_25,76,32,804.247719318987,122245.65333648602,9,1.0492263784329103,U09p343881_ETM_S06,1.0,652.15,1.35,1.2,27371.338699774475,215658.6253718724,205540.60573083657,46.499801623823714,183.50974070756087,FAIL
CSEG_25,76,32,804.247719318987,122245.65333648602,10,1.0701620683492146,U09p343881_ETM_S06,1.0,652.15,1.35,1.2,28661.578699774473,215903.77095480886,201748.66717884387,46.499801623823714,183.50974070756087,FAIL
CSEG_25,76,32,804.247719318987,122245.65333648602,11,1.093693902446522,U09p343881_ETM_S06,1.0,652.15,1.35,1.2,29951.81869977447,216148.91653774533,197632.00293449045,46.499801623823714,183.50974070756087,FAIL
CSEG_25,76,32,804.247719318987,122245.65333648602,12,1.1203388408267523,U09p343881_ETM_S06,1.0,652.15,1.35,1.2,31242.05869977447,216394.0621206818,193150.54895445216,46.499801623823714,183.50974070756087,FAIL
CSEG_25,76,32,804.247719318987,122245.65333648602,13,1.1519253918974188,U09p343881_ETM_S06,1.0,652.15,1.35,1.2,32532.298699774474,216639.20770361827,188067.04776841175,46.499801623823714,183.50974070756087,FAIL
CSEG_25,76,32,804.247719318987,122245.65333648602,14,1.1896634589761297,U09p343881_ETM_S06,1.0,652.15,1.35,1.2,33822.53869977447,216884.35328655475,182307.31695601865,46.499801623823714,183.50974070756087,FAIL
CSEG_25,76,32,804.247719318987,122245.65333648602,15,1.2336961987193746,U09p343881_ETM_S06,1.0,652.15,1.35,1.2,35112.77869977447,217129.49886949122,175999.16340415104,46.499801623823714,183.50974070756087,FAIL
CSEG_25,76,32,804.247719318987,122245.65333648602,16,1.286298728640217,U09p343881_ETM_S06,1.0,652.15,1.35,1.2,36403.018699774475,217374.64445242772,168992.34960934822,46.499801623823714,183.50974070756087,FAIL
CSEG_25,76,36,1017.8760197630929,154717.15500399013,1,1.1152381594020095,U09p343881_ETM_S06,0.7,652.15,1.0,1.0,11673.465703536647,214698.5807183205,192513.66078922714,44.499801623823714,179.50974070756087,FAIL
CSEG_25,76,36,1017.8760197630929,154717.15500399013,2,1.0661206733834068,U09p343881_ETM_S06,1.0,652.15,1.0,1.0,11673.465703536647,214698.5807183205,201383.00107900533,44.499801623823714,179.50974070756087,FAIL
CSEG_25,76,36,1017.8760197630929,154717.15500399013,3,1.0268597258871683,U09p343881_ETM_S06,1.0,652.15,1.0,1.0,11673.465703536647,214698.5807183205,209082.6773178089,44.499801623823714,179.50974070756087,FAIL
CSEG_25,76,36,1017.8760197630929,154717.15500399013,4,0.9954169303731124,U09p343881_ETM_S06,1.0,652.15,1.0,1.0,11673.465703536647,214698.5807183205,215687.0896678892,44.499801623823714,179.50974070756087,PASS
CSEG_25,76,36,1017.8760197630929,154717.15500399013,5,0.9707909000564081,U09p343881_ETM_S06,1.0,652.15,1.0,1.0,11673.465703536647,214698.5807183205,221158.41908473324,44.499801623823714,179.50974070756087,PASS
CSEG_25,76,36,1017.8760197630929,154717.15500399013,6,0.952007369256513,U09p343881_ETM_S06,1.0,652.15,1.0,1.0,11673.465703536647,214698.5807183205,225521.9735179079,44.499801623823714,179.50974070756087,PASS
CSEG_25,76,36,1017.8760197630929,154717.15500399013,7,0.9401573561444517,U09p343881_ETM_S06,1.0,652.15,1.0,1.2,20705.145703536647,216414.59979887583,230189.76385653522,44.499801623823714,179.50974070756087,PASS
CSEG_25,76,36,1017.8760197630929,154717.15500399013,8,0.9422713536652954,U09p343881_ETM_S06,1.0,652.15,1.35,1.2,26081.098699774473,215413.47978893592,228610.87620992566,44.499801623823714,179.50974070756087,PASS
CSEG_25,76,36,1017.8760197630929,154717.15500399013,9,0.9589406707106249,U09p343881_ETM_S06,1.0,652.15,1.35,1.2,27371.338699774475,215658.6253718724,224892.56317813502,44.499801623823714,179.50974070756087,PASS
CSEG_25,76,36,1017.8760197630929,154717.15500399013,10,0.9791382993630416,U09p343881_ETM_S06,1.0,652.15,1.35,1.2,28661.578699774473,215903.77095480886,220503.85639624213,44.499801623823714,179.50974070756087,PASS
CSEG_25,76,36,1017.8760197630929,154717.15500399013,11,1.00091671569143,U09p343881_ETM_S06,1.0,652.15,1.35,1.2,29951.81869977447,216148.91653774533,215950.95091246467,44.499801623823714,179.50974070756087,FAIL
CSEG_25,76,36,1017.8760197630929,154717.15500399013,12,1.024840967700654,U09p343881_ETM_S06,1.0,652.15,1.35,1.2,31242.05869977447,216394.0621206818,211148.91865240928,44.499801623823714,179.50974070756087,FAIL
CSEG_25,76,36,1017.8760197630929,154717.15500399013,13,1.0514526390959245,U09p343881_ETM_S06,1.0,652.15,1.35,1.2,32532.298699774474,216639.20770361827,206038.00841652005,44.499801623823714,179.50974070756087,FAIL
CSEG_25,76,36,1017.8760197630929,154717.15500399013,14,1.0822613321678647,U09p343881_ETM_S06,1.0,652.15,1.35,1.2,33822.53869977447,216884.35328655475,200399.2444709415,44.499801623823714,179.50974070756087,FAIL
CSEG_25,76,36,1017.8760197630929,154717.15500399013,15,1.1177286600358474,U09p343881_ETM_S06,1.0,652.15,1.35,1.2,35112.77869977447,217129.49886949122,194259.57894157202,44.499801623823714,179.50974070756087,FAIL
CSEG_25,76,36,1017.8760197630929,154717.15500399013,16,1.1583256670762703,U09p343881_ETM_S06,1.0,652.15,1.35,1.2,36403.018699774475,217374.64445242772,187662.8055744487,44.499801623823714,179.50974070756087,FAIL
CSEG_25,76,40,1256.6370614359173,191008.83333825943,1,0.9691176738173627,U09p343881_ETM_S06,1.0,652.15,1.0,1.0,11673.465703536647,214698.5807183205,221540.25926760884,42.499801623823714,175.50974070756087,PASS
CSEG_25,76,40,1256.6370614359173,191008.83333825943,2,0.9363335109564099,U09p343881_ETM_S06,1.0,652.15,1.0,1.0,11673.465703536647,214698.5807183205,229297.12352067637,42.499801623823714,175.50974070756087,PASS
CSEG_25,76,40,1256.6370614359173,191008.83333825943,3,0.9099023042887238,U09p343881_ETM_S06,1.0,652.15,1.0,1.0,11673.465703536647,214698.5807183205,235957.83822764544,42.499801623823714,175.50974070756087,PASS
CSEG_25,76,40,1256.6370614359173,191008.83333825943,4,0.8884857028271219,U09p343881_ETM_S06,1.0,652.15,1.0,1.0,11673.465703536647,214698.5807183205,241645.50992228594,42.499801623823714,175.50974070756087,PASS
CSEG_25,76,40,1256.6370614359173,191008.83333825943,5,0.8716335318827088,U09p343881_ETM_S06,1.0,652.15,1.0,1.0,11673.465703536647,214698.5807183205,246317.48649524347,42.499801623823714,175.50974070756087,PASS
CSEG_25,76,40,1256.6370614359173,191008.83333825943,6,0.8590816131987742,U09p343881_ETM_S06,1.0,652.15,1.0,1.0,11673.465703536647,214698.5807183205,249916.3960905814,42.499801623823714,175.50974070756087,PASS
CSEG_25,76,40,1256.6370614359173,191008.83333825943,7,0.8550081007767553,U09p343881_ETM_S06,1.0,652.15,1.0,1.2,20705.145703536647,216414.59979887583,253114.0928399019,42.499801623823714,175.50974070756087,PASS
CSEG_25,76,40,1256.6370614359173,191008.83333825943,8,0.8588672195656029,U09p343881_ETM_S06,1.0,652.15,1.35,1.2,26081.098699774473,215413.47978893592,250811.15553331695,42.499801623823714,175.50974070756087,PASS
CSEG_25,76,40,1256.6370614359173,191008.83333825943,9,0.8736658627928562,U09p343881_ETM_S06,1.0,652.15,1.35,1.2,27371.338699774475,215658.6253718724,246843.3694804949,42.499801623823714,175.50974070756087,PASS
CSEG_25,76,40,1256.6370614359173,191008.83333825943,10,0.8925926684225702,U09p343881_ETM_S06,1.0,652.15,1.35,1.2,28661.578699774473,215903.77095480886,241883.87222176458,42.499801623823714,175.50974070756087,PASS
CSEG_25,76,40,1256.6370614359173,191008.83333825943,11,0.912443278618948,U09p343881_ETM_S06,1.0,652.15,1.35,1.2,29951.81869977447,216148.91653774533,236890.2501697454,42.499801623823714,175.50974070756087,PASS
CSEG_25,76,40,1256.6370614359173,191008.83333825943,12,0.9338343097317318,U09p343881_ETM_S06,1.0,652.15,1.35,1.2,31242.05869977447,216394.0621206818,231726.39928259503,42.499801623823714,175.50974070756087,PASS
CSEG_25,76,40,1256.6370614359173,191008.83333825943,13,0.9569207787846276,U09p343881_ETM_S06,1.0,652.15,1.35,1.2,32532.298699774474,216639.20770361827,226391.9986968711,42.499801623823714,175.50974070756087,PASS
CSEG_25,76,40,1256.6370614359173,191008.83333825943,14,0.9823634843089011,U09p343881_ETM_S06,1.0,652.15,1.35,1.2,33822.53869977447,216884.35328655475,220778.10988580695,42.499801623823714,175.50974070756087,PASS
CSEG_25,76,40,1256.6370614359173,191008.83333825943,15,1.0111744472053317,U09p343881_ETM_S06,1.0,652.15,1.35,1.2,35112.77869977447,217129.49886949122,214730.0097125579,42.499801623823714,175.50974070756087,FAIL
CSEG_25,76,40,1256.6370614359173,191008.83333825943,16,1.0435430807141455,U09p343881_ETM_S06,1.0,652.15,1.35,1.2,36403.018699774475,217374.64445242772,208304.42793379267,42.499801623823714,175.50974070756087,FAIL
CSEG_25,76,50,1963.4954084936207,298451.30209103035,1,0.7106088189245636,U09p343881_ETM_S06,1.0,652.15,1.0,1.0,11673.465703536647,214698.5807183205,302133.2904976406,37.499801623823714,165.50974070756087,PASS
CSEG_25,76,50,1963.4954084936207,298451.30209103035,2,0.6982846152952714,U09p343881_ETM_S06,1.0,652.15,1.0,1.0,11673.465703536647,214698.5807183205,307465.71815495985,37.499801623823714,165.50974070756087,PASS
CSEG_25,76,50,1963.4954084936207,298451.30209103035,3,0.6881025798988916,U09p343881_ETM_S06,1.0,652.15,1.0,1.0,11673.465703536647,214698.5807183205,312015.3694960247,37.499801623823714,165.50974070756087,PASS
CSEG_25,76,50,1963.4954084936207,298451.30209103035,4,0.68011893307468,U09p343881_ETM_S06,1.0,652.15,1.0,1.0,11673.465703536647,214698.5807183205,315677.9943585921,37.499801623823714,165.50974070756087,PASS
CSEG_25,76,50,1963.4954084936207,298451.30209103035,5,0.6751952897636369,U09p343881_ETM_S06,1.0,652.15,1.0,1.2,18124.665703536644,215924.3086330029,319795.3420388799,37.499801623823714,165.50974070756087,PASS
CSEG_25,76,50,1963.4954084936207,298451.30209103035,6,0.6737816514631922,U09p343881_ETM_S06,1.0,652.15,1.0,1.2,19414.905703536646,216169.45421593936,320830.1290878183,37.499801623823714,165.50974070756087,PASS
CSEG_25,76,50,1963.4954084936207,298451.30209103035,7,0.6750755392974326,U09p343881_ETM_S06,1.0,652.15,1.0,1.2,20705.145703536647,216414.59979887583,320578.3459790348,37.499801623823714,165.50974070756087,PASS
CSEG_25,76,50,1963.4954084936207,298451.30209103035,8,0.6797200493679377,U09p343881_ETM_S06,1.0,652.15,1.35,1.2,26081.098699774473,215413.47978893592,316915.00050534913,37.499801623823714,165.50974070756087,PASS
CSEG_25,76,50,1963.4954084936207,298451.30209103035,9,0.6898214223059,U09p343881_ETM_S06,1.0,652.15,1.35,1.2,27371.338699774475,215658.6253718724,312629.64355467487,37.499801623823714,165.50974070756087,PASS
CSEG_25,76,50,1963.4954084936207,298451.30209103035,10,0.7035886198091021,U09p343881_ETM_S06,1.0,652.15,1.35,1.2,28661.578699774473,215903.77095480886,306860.80598260375,37.499801623823714,165.50974070756087,PASS
CSEG_25,76,50,1963.4954084936207,298451.30209103035,11,0.7185897329152423,U09p343881_ETM_S06,1.0,652.15,1.35,1.2,29951.81869977447,216148.91653774533,300795.9989364893,37.499801623823714,165.50974070756087,PASS
CSEG_25,76,50,1963.4954084936207,298451.30209103035,12,0.7341259398360271,U09p343881_ETM_S06,1.0,652.15,1.35,1.2,31242.05869977447,216394.0621206818,294764.22283758986,37.499801623823714,165.50974070756087,PASS
CSEG_25,76,50,1963.4954084936207,298451.30209103035,13,0.7504734076576713,U09p343881_ETM_S06,1.0,652.15,1.35,1.2,32532.298699774474,216639.20770361827,288670.06544546125,37.499801623823714,165.50974070756087,PASS
CSEG_25,76,50,1963.4954084936207,298451.30209103035,14,0.7677090139570402,U09p343881_ETM_S06,1.0,652.15,1.35,1.2,33822.53869977447,216884.35328655475,282508.5407928938,37.499801623823714,165.50974070756087,PASS
CSEG_25,76,50,1963.4954084936207,298451.30209103035,15,0.7858750013313718,U09p343881_ETM_S06,1.0,652.15,1.35,1.2,35112.77869977447,217129.49886949122,276290.12056834274,37.499801623823714,165.50974070756087,PASS
CSEG_25,76,50,1963.4954084936207,298451.30209103035,16,0.8052722018205363,U09p343881_ETM_S06,1.0,652.15,1.35,1.2,36403.018699774475,217374.64445242772,269939.3372340351,37.499801623823714,165.50974070756087,PASS
CSEG_26,76,25,490.8738521234052,74612.82552275759,1,1.6978286711819124,U09p343881_ETM_S06,0.7,652.15,1.0,1.0,11232.979925549822,203947.18205996923,120122.35717399867,49.999801623823714,192.98923916248967,FAIL
CSEG_26,76,25,490.8738521234052,74612.82552275759,2,1.540354976428422,U09p343881_ETM_S06,0.7,652.15,1.0,1.0,11232.979925549822,203947.18205996923,132402.71572521282,49.999801623823714,192.98923916248967,FAIL
CSEG_26,76,25,490.8738521234052,74612.82552275759,3,1.43201285604201,U09p343881_ETM_S06,0.7,652.15,1.0,1.0,11232.979925549822,203947.18205996923,142419.93792127393,49.999801623823714,192.98923916248967,FAIL
CSEG_26,76,25,490.8738521234052,74612.82552275759,4,1.3512709786713808,U09p343881_ETM_S06,1.0,652.15,1.0,1.0,11232.979925549822,203947.18205996923,150929.89139787314,49.999801623823714,192.98923916248967,FAIL
CSEG_26,76,25,490.8738521234052,74612.82552275759,5,1.2917520033638448,U09p343881_ETM_S06,1.0,652.15,1.0,1.0,11232.979925549822,203947.18205996923,157884.1616106431,49.999801623823714,192.98923916248967,FAIL
CSEG_26,76,25,490.8738521234052,74612.82552275759,6,1.2483012795226094,U09p343881_ETM_S06,1.0,652.15,1.0,1.0,11232.979925549822,203947.18205996923,163379.77490335124,49.999801623823714,192.98923916248967,FAIL
CSEG_26,76,25,490.8738521234052,74612.82552275759,7,1.218176150091455,U09p343881_ETM_S06,1.0,652.15,1.0,1.0,11232.979925549822,203947.18205996923,167420.10754738373,49.999801623823714,192.98923916248967,FAIL
CSEG_26,76,25,490.8738521234052,74612.82552275759,8,1.2309421515161927,U09p343881_ETM_S06,1.0,652.15,1.35,1.2,25486.442899492256,204633.2929279064,166241.19393088677,49.999801623823714,192.98923916248967,FAIL
CSEG_26,76,25,490.8738521234052,74612.82552275759,9,1.2552344724045421,U09p343881_ETM_S06,1.0,652.15,1.35,1.2,26776.682899492258,204878.43851084288,163219.25744946706,49.999801623823714,192.98923916248967,FAIL
CSEG_26,76,25,490.8738521234052,74612.82552275759,10,1.285687017924524,U09p343881_ETM_S06,1.0,652.15,1.35,1.2,28066.92289949226,205123.58409377938,159543.94905916453,49.999801623823714,192.98923916248967,FAIL
CSEG_26,76,25,490.8738521234052,74612.82552275759,11,1.3254889805617738,U09p343881_ETM_S06,1.0,652.15,1.35,1.2,29357.162899492258,205368.72967671586,154938.08902860564,49.999801623823714,192.98923916248967,FAIL
CSEG_26,76,25,490.8738521234052,74612.82552275759,12,1.3765301168226365,U09p343881_ETM_S06,1.0,652.15,1.35,1.2,30647.402899492256,205613.87525965233,149371.14179111368,49.999801623823714,192.98923916248967,FAIL
CSEG_26,76,25,490.8738521234052,74612.82552275759,13,1.4406113719454723,U09p343881_ETM_S06,1.0,652.15,1.35,1.2,31937.64289949226,205859.0208425888,142896.9844688833,49.999801623823714,192.98923916248967,FAIL
CSEG_26,76,25,490.8738521234052,74612.82552275759,14,1.522243829951163,U09p343881_ETM_S06,1.0,652.15,1.35,1.2,33227.88289949226,206104.16642552527,135394.9757392924,49.999801623823714,192.98923916248967,FAIL
CSEG_26,76,25,490.8738521234052,74612.82552275759,15,1.629194242522443,U09p343881_ETM_S06,1.0,652.15,1.35,1.2,34518.12289949226,206349.31200846174,126657.28040443842,49.999801623823714,192.98923916248967,FAIL
CSEG_26,76,25,490.8738521234052,74612.82552275759,16,1.775813262540525,U09p343881_ETM_S06,1.0,652.15,1.35,1.2,35808.362899492255,206594.4575913982,116337.94045204888,49.999801623823714,192.98923916248967,FAIL
CSEG_26,76,28,615.7521601035994,93594.32833574711,1,1.4827061442762433,U09p343881_ETM_S06,0.7,652.15,1.0,1.0,11232.979925549822,203947.18205996923,137550.64201175375,48.499801623823714,189.98923916248967,FAIL
CSEG_26,76,28,615.7521601035994,93594.32833574711,2,1.373652071048881,U09p343881_ETM_S06,0.7,652.15,1.0,1.0,11232.979925549822,203947.18205996923,148470.77098951343,48.499801623823714,189.98923916248967,FAIL
CSEG_26,76,28,615.7521601035994,93594.32833574711,3,1.2939008866100175,U09p343881_ETM_S06,1.0,652.15,1.0,1.0,11232.979925549822,203947.18205996923,157621.950931887,48.499801623823714,189.98923916248967,FAIL
CSEG_26,76,28,615.7521601035994,93594.32833574711,4,1.2339447797337224,U09p343881_ETM_S06,1.0,652.15,1.0,1.0,11232.979925549822,203947.18205996923,165280.63930379428,48.499801623823714,189.98923916248967,FAIL
CSEG_26,76,28,615.7521601035994,93594.32833574711,5,1.1888075571982462,U09p343881_ETM_S06,1.0,652.15,1.0,1.0,11232.979925549822,203947.18205996923,171556.09486587314,48.499801623823714,189.98923916248967,FAIL
CSEG_26,76,28,615.7521601035994,93594.32833574711,6,1.1560049880916987,U09p343881_ETM_S06,1.0,652.15,1.0,1.0,11232.979925549822,203947.18205996923,176424.13671297356,48.499801623823714,189.98923916248967,FAIL
CSEG_26,76,28,615.7521601035994,93594.32833574711,7,1.1363544954405806,U09p343881_ETM_S06,1.0,652.15,1.0,1.2,20264.659925549822,205663.20114052456,180985.07284981172,48.499801623823714,189.98923916248967,FAIL
CSEG_26,76,28,615.7521601035994,93594.32833574711,8,1.1540282460995432,U09p343881_ETM_S06,1.0,652.15,1.35,1.2,25486.442899492256,204633.2929279064,177320.8702815887,48.499801623823714,189.98923916248967,FAIL
CSEG_26,76,28,615.7521601035994,93594.32833574711,9,1.1785507948133176,U09p343881_ETM_S06,1.0,652.15,1.35,1.2,26776.682899492258,204878.43851084288,173839.29433715722,48.499801623823714,189.98923916248967,FAIL
CSEG_26,76,28,615.7521601035994,93594.32833574711,10,1.2074027484311785,U09p343881_ETM_S06,1.0,652.15,1.35,1.2,28066.92289949226,205123.58409377938,169888.286539271,48.499801623823714,189.98923916248967,FAIL
CSEG_26,76,28,615.7521601035994,93594.32833574711,11,1.2423425786524203,U09p343881_ETM_S06,1.0,652.15,1.35,1.2,29357.162899492258,205368.72967671586,165307.64799149128,48.499801623823714,189.98923916248967,FAIL
CSEG_26,76,28,615.7521601035994,93594.32833574711,12,1.2862272982256147,U09p343881_ETM_S06,1.0,652.15,1.35,1.2,30647.402899492256,205613.87525965233,159858.11803504886,48.499801623823714,189.98923916248967,FAIL
CSEG_26,76,28,615.7521601035994,93594.32833574711,13,1.3394753965166848,U09p343881_ETM_S06,1.0,652.15,1.35,1.2,31937.64289949226,205859.0208425888,153686.30239713745,48.499801623823714,189.98923916248967,FAIL
CSEG_26,76,28,615.7521601035994,93594.32833574711,14,1.405338097533936,U09p343881_ETM_S06,1.0,652.15,1.35,1.2,33227.88289949226,206104.16642552527,146658.06526357852,48.499801623823714,189.98923916248967,FAIL
CSEG_26,76,28,615.7521601035994,93594.32833574711,15,1.487975983974112,U09p343881_ETM_S06,1.0,652.15,1.35,1.2,34518.12289949226,206349.31200846174,138677.85114201938,48.499801623823714,189.98923916248967,FAIL
CSEG_26,76,28,615.7521601035994,93594.32833574711,16,1.5962734837913026,U09p343881_ETM_S06,1.0,652.15,1.35,1.2,35808.362899492255,206594.4575913982,129422.97149528323,48.499801623823714,189.98923916248967,FAIL
CSEG_26,76,32,804.247719318987,122245.65333648602,1,1.2549583152835426,U09p343881_ETM_S06,0.7,652.15,1.0,1.0,11232.979925549822,203947.18205996923,162513.11264780123,46.499801623823714,185.98923916248967,FAIL
CSEG_26,76,32,804.247719318987,122245.65333648602,2,1.1870573769392458,U09p343881_ETM_S06,1.0,652.15,1.0,1.0,11232.979925549822,203947.18205996923,171809.0346953864,46.499801623823714,185.98923916248967,FAIL
CSEG_26,76,32,804.247719318987,122245.65333648602,3,1.1345979587743353,U09p343881_ETM_S06,1.0,652.15,1.0,1.0,11232.979925549822,203947.18205996923,179752.81947473792,46.499801623823714,185.98923916248967,FAIL
CSEG_26,76,32,804.247719318987,122245.65333648602,4,1.094082120953137,U09p343881_ETM_S06,1.0,652.15,1.0,1.0,11232.979925549822,203947.18205996923,186409.391172845,46.499801623823714,185.98923916248967,FAIL
CSEG_26,76,32,804.247719318987,122245.65333648602,5,1.0634543174909956,U09p343881_ETM_S06,1.0,652.15,1.0,1.0,11232.979925549822,203947.18205996923,191778.03757583228,46.499801623823714,185.98923916248967,FAIL
CSEG_26,76,32,804.247719318987,122245.65333648602,6,1.041379235582376,U09p343881_ETM_S06,1.0,652.15,1.0,1.0,11232.979925549822,203947.18205996923,195843.33458109983,46.499801623823714,185.98923916248967,FAIL
CSEG_26,76,32,804.247719318987,122245.65333648602,7,1.034384544933764,U09p343881_ETM_S06,1.0,652.15,1.0,1.2,20264.659925549822,205663.20114052456,198826.6376830814,46.499801623823714,185.98923916248967,FAIL
CSEG_26,76,32,804.247719318987,122245.65333648602,8,1.052793468756223,U09p343881_ETM_S06,1.0,652.15,1.35,1.2,25486.442899492256,204633.2929279064,194371.73481866438,46.499801623823714,185.98923916248967,FAIL
CSEG_26,76,32,804.247719318987,122245.65333648602,9,1.0768569415943452,U09p343881_ETM_S06,1.0,652.15,1.35,1.2,26776.682899492258,204878.43851084288,190255.9482111981,46.499801623823714,185.98923916248967,FAIL
CSEG_26,76,32,804.247719318987,122245.65333648602,10,1.1035874392252027,U09p343881_ETM_S06,1.0,652.15,1.35,1.2,28066.92289949226,205123.58409377938,185869.8067801413,46.499801623823714,185.98923916248967,FAIL
CSEG_26,76,32,804.247719318987,122245.65333648602,11,1.133828337189944,U09p343881_ETM_S06,1.0,652.15,1.35,1.2,29357.162899492258,205368.72967671586,181128.59146358728,46.499801623823714,185.98923916248967,FAIL
CSEG_26,76,32,804.247719318987,122245.65333648602,12,1.1696370738457564,U09p343881_ETM_S06,1.0,652.15,1.35,1.2,30647.402899492256,205613.87525965233,175792.88469678522,46.499801623823714,185.98923916248967,FAIL
CSEG_26,76,32,804.247719318987,122245.65333648602,13,1.2122889491861784,U09p343881_ETM_S06,1.0,652.15,1.35,1.2,31937.64289949226,205859.0208425888,169810.1933378045,46.499801623823714,185.98923916248967,FAIL
CSEG_26,76,32,804.247719318987,122245.65333648602,14,1.262631284523481,U09p343881_ETM_S06,1.0,652.15,1.35,1.2,33227.88289949226,206104.16642552527,163233.85057206886,46.499801623823714,185.98923916248967,FAIL
CSEG_26,76,32,804.247719318987,122245.65333648602,15,1.323185847751985,U09p343881_ETM_S06,1.0,652.15,1.35,1.2,34518.12289949226,206349.31200846174,155948.85054056247,46.499801623823714,185.98923916248967,FAIL
CSEG_26,76,32,804.247719318987,122245.65333648602,16,1.39737232187549,U09p343881_ETM_S06,1.0,652.15,1.35,1.2,35808.362899492255,206594.4575913982,147844.96183101472,46.499801623823714,185.98923916248967,FAIL
CSEG_26,76,36,1017.8760197630929,154717.15500399013,1,1.0790148541423499,U09p343881_ETM_S06,1.0,652.15,1.0,1.0,11232.979925549822,203947.18205996923,189012.3952205234,44.499801623823714,181.98923916248967,FAIL
CSEG_26,76,36,1017.8760197630929,154717.15500399013,2,1.0344224775057889,U09p343881_ETM_S06,1.0,652.15,1.0,1.0,11232.979925549822,203947.18205996923,197160.4315402436,44.499801623823714,181.98923916248967,FAIL
CSEG_26,76,36,1017.8760197630929,154717.15500399013,3,0.9997744919327538,U09p343881_ETM_S06,1.0,652.15,1.0,1.0,11232.979925549822,203947.18205996923,203993.1841686625,44.499801623823714,181.98923916248967,PASS
CSEG_26,76,36,1017.8760197630929,154717.15500399013,4,0.9724353539609355,U09p343881_ETM_S06,1.0,652.15,1.0,1.0,11232.979925549822,203947.18205996923,209728.26751850298,44.499801623823714,181.98923916248967,PASS
CSEG_26,76,36,1017.8760197630929,154717.15500399013,5,0.9521441279497111,U09p343881_ETM_S06,1.0,652.15,1.0,1.0,11232.979925549822,203947.18205996923,214197.8047999273,44.499801623823714,181.98923916248967,PASS
CSEG_26,76,36,1017.8760197630929,154717.15500399013,6,0.9385231422965102,U09p343881_ETM_S06,1.0,652.15,1.0,1.2,18974.41992554982,205418.05555758806,218873.72436543473,44.499801623823714,181.98923916248967,PASS
CSEG_26,76,36,1017.8760197630929,154717.15500399013,7,0.9389559331704829,U09p343881_ETM_S06,1.0,652.15,1.35,1.2,24196.20289949226,204388.14734496994,217675.9740521922,44.499801623823714,181.98923916248967,PASS
CSEG_26,76,36,1017.8760197630929,154717.15500399013,8,0.9560610883461841,U09p343881_ETM_S06,1.0,652.15,1.35,1.2,25486.442899492256,204633.2929279064,214037.8846312903,44.499801623823714,181.98923916248967,PASS
CSEG_26,76,36,1017.8760197630929,154717.15500399013,9,0.9788366873202636,U09p343881_ETM_S06,1.0,652.15,1.35,1.2,26776.682899492258,204878.43851084288,209308.09108895724,44.499801623823714,181.98923916248967,PASS
CSEG_26,76,36,1017.8760197630929,154717.15500399013,10,1.003252745317414,U09p343881_ETM_S06,1.0,652.15,1.35,1.2,28066.92289949226,205123.58409377938,204458.5325593915,44.499801623823714,181.98923916248967,FAIL
CSEG_26,76,36,1017.8760197630929,154717.15500399013,11,1.029991089905525,U09p343881_ETM_S06,1.0,652.15,1.35,1.2,29357.162899492258,205368.72967671586,199388.8410195404,44.499801623823714,181.98923916248967,FAIL
CSEG_26,76,36,1017.8760197630929,154717.15500399013,12,1.0597973755896615,U09p343881_ETM_S06,1.0,652.15,1.35,1.2,30647.402899492256,205613.87525965233,194012.44048679652,44.499801623823714,181.98923916248967,FAIL
CSEG_26,76,36,1017.8760197630929,154717.15500399013,13,1.0942350840202022,U09p343881_ETM_S06,1.0,652.15,1.35,1.2,31937.64289949226,205859.0208425888,188130.52501137694,44.499801623823714,181.98923916248967,FAIL
CSEG_26,76,36,1017.8760197630929,154717.15500399013,14,1.1338617640703401,U09p343881_ETM_S06,1.0,652.15,1.35,1.2,33227.88289949226,206104.16642552527,181771.86404597678,44.499801623823714,181.98923916248967,FAIL
CSEG_26,76,36,1017.8760197630929,154717.15500399013,15,1.1796648574687203,U09p343881_ETM_S06,1.0,652.15,1.35,1.2,34518.12289949226,206349.31200846174,174921.97949444575,44.499801623823714,181.98923916248967,FAIL
CSEG_26,76,36,1017.8760197630929,154717.15500399013,16,1.2334735688455634,U09p343881_ETM_S06,1.0,652.15,1.35,1.2,35808.362899492255,206594.4575913982,167489.9753099329,44.499801623823714,181.98923916248967,FAIL
CSEG_26,76,40,1256.6370614359173,191008.83333825943,1,0.937954135322051,U09p343881_ETM_S06,1.0,652.15,1.0,1.0,11232.979925549822,203947.18205996923,217438.3313422282,42.499801623823714,177.98923916248967,PASS
CSEG_26,76,40,1256.6370614359173,191008.83333825943,2,0.9085344049722947,U09p343881_ETM_S06,1.0,652.15,1.0,1.0,11232.979925549822,203947.18205996923,224479.31629643514,42.499801623823714,177.98923916248967,PASS
CSEG_26,76,40,1256.6370614359173,191008.83333825943,3,0.8854453457004473,U09p343881_ETM_S06,1.0,652.15,1.0,1.0,11232.979925549822,203947.18205996923,230332.88621403638,42.499801623823714,177.98923916248967,PASS
CSEG_26,76,40,1256.6370614359173,191008.83333825943,4,0.8673039747788439,U09p343881_ETM_S06,1.0,652.15,1.0,1.0,11232.979925549822,203947.18205996923,235150.7522053894,42.499801623823714,177.98923916248967,PASS
CSEG_26,76,40,1256.6370614359173,191008.83333825943,5,0.8538444297573273,U09p343881_ETM_S06,1.0,652.15,1.0,1.0,11232.979925549822,203947.18205996923,238857.54237213146,42.499801623823714,177.98923916248967,PASS
CSEG_26,76,40,1256.6370614359173,191008.83333825943,6,0.848652540046118,U09p343881_ETM_S06,1.0,652.15,1.0,1.2,18974.41992554982,205418.05555758806,242052.0128843603,42.499801623823714,177.98923916248967,PASS
CSEG_26,76,40,1256.6370614359173,191008.83333825943,7,0.8512192792009491,U09p343881_ETM_S06,1.0,652.15,1.35,1.2,24196.20289949226,204388.14734496994,240112.21589909456,42.499801623823714,177.98923916248967,PASS
CSEG_26,76,40,1256.6370614359173,191008.83333825943,8,0.8660059370965655,U09p343881_ETM_S06,1.0,652.15,1.35,1.2,25486.442899492256,204633.2929279064,236295.48501015463,42.499801623823714,177.98923916248967,PASS
CSEG_26,76,40,1256.6370614359173,191008.83333825943,9,0.8868552104496958,U09p343881_ETM_S06,1.0,652.15,1.35,1.2,26776.682899492258,204878.43851084288,231016.78390879117,42.499801623823714,177.98923916248967,PASS
CSEG_26,76,40,1256.6370614359173,191008.83333825943,10,0.9088241551111373,U09p343881_ETM_S06,1.0,652.15,1.35,1.2,28066.92289949226,205123.58409377938,225702.17015050116,42.499801623823714,177.98923916248967,PASS
CSEG_26,76,40,1256.6370614359173,191008.83333825943,11,0.9323970715711724,U09p343881_ETM_S06,1.0,652.15,1.35,1.2,29357.162899492258,205368.72967671586,220258.87461299208,42.499801623823714,177.98923916248967,PASS
CSEG_26,76,40,1256.6370614359173,191008.83333825943,12,0.9578312950470667,U09p343881_ETM_S06,1.0,652.15,1.35,1.2,30647.402899492256,205613.87525965233,214666.065227644,42.499801623823714,177.98923916248967,PASS
CSEG_26,76,40,1256.6370614359173,191008.83333825943,13,0.9859626003465355,U09p343881_ETM_S06,1.0,652.15,1.35,1.2,31937.64289949226,205859.0208425888,208789.88794325027,42.499801623823714,177.98923916248967,PASS
CSEG_26,76,40,1256.6370614359173,191008.83333825943,14,1.0177705461216473,U09p343881_ETM_S06,1.0,652.15,1.35,1.2,33227.88289949226,206104.16642552527,202505.53251999003,42.499801623823714,177.98923916248967,FAIL
CSEG_26,76,40,1256.6370614359173,191008.83333825943,15,1.0535283184024429,U09p343881_ETM_S06,1.0,652.15,1.35,1.2,34518.12289949226,206349.31200846174,195864.98853810332,42.499801623823714,177.98923916248967,FAIL
CSEG_26,76,40,1256.6370614359173,191008.83333825943,16,1.094105796293714,U09p343881_ETM_S06,1.0,652.15,1.35,1.2,35808.362899492255,206594.4575913982,188824.93657490658,42.499801623823714,177.98923916248967,FAIL
CSEG_26,76,50,1963.4954084936207,298451.30209103035,1,0.6872546319627221,U09p343881_ETM_S06,1.0,652.15,1.0,1.0,11232.979925549822,203947.18205996923,296756.3586694483,37.499801623823714,167.98923916248967,PASS
CSEG_26,76,50,1963.4954084936207,298451.30209103035,2,0.6766123662452483,U09p343881_ETM_S06,1.0,652.15,1.0,1.0,11232.979925549822,203947.18205996923,301423.9647905659,37.499801623823714,167.98923916248967,PASS
CSEG_26,76,50,1963.4954084936207,298451.30209103035,3,0.6683044125383198,U09p343881_ETM_S06,1.0,652.15,1.0,1.0,11232.979925549822,203947.18205996923,305171.08406534,37.499801623823714,167.98923916248967,PASS
CSEG_26,76,50,1963.4954084936207,298451.30209103035,4,0.6628743709410578,U09p343881_ETM_S06,1.0,652.15,1.0,1.2,16393.93992554982,204927.7643917151,309150.23023259576,37.499801623823714,167.98923916248967,PASS
CSEG_26,76,50,1963.4954084936207,298451.30209103035,5,0.6610173583633371,U09p343881_ETM_S06,1.0,652.15,1.0,1.2,17684.17992554982,205172.9099746516,310389.5947341757,37.499801623823714,167.98923916248967,PASS
CSEG_26,76,50,1963.4954084936207,298451.30209103035,6,0.6620335312257272,U09p343881_ETM_S06,1.0,652.15,1.0,1.2,18974.41992554982,205418.05555758806,310283.46128822985,37.499801623823714,167.98923916248967,PASS
CSEG_26,76,50,1963.4954084936207,298451.30209103035,7,0.6661078790813265,U09p343881_ETM_S06,1.0,652.15,1.35,1.2,24196.20289949226,204388.14734496994,306839.4080953601,37.499801623823714,167.98923916248967,PASS
CSEG_26,76,50,1963.4954084936207,298451.30209103035,8,0.6758021306587366,U09p343881_ETM_S06,1.0,652.15,1.35,1.2,25486.442899492256,204633.2929279064,302800.6033784483,37.499801623823714,167.98923916248967,PASS
CSEG_26,76,50,1963.4954084936207,298451.30209103035,9,0.6901718081319748,U09p343881_ETM_S06,1.0,652.15,1.35,1.2,26776.682899492258,204878.43851084288,296851.35801963386,37.499801623823714,167.98923916248967,PASS
CSEG_26,76,50,1963.4954084936207,298451.30209103035,10,0.7061382838960962,U09p343881_ETM_S06,1.0,652.15,1.35,1.2,28066.92289949226,205123.58409377938,290486.4228037833,37.499801623823714,167.98923916248967,PASS
CSEG_26,76,50,1963.4954084936207,298451.30209103035,11,0.7227732302770727,U09p343881_ETM_S06,1.0,652.15,1.35,1.2,29357.162899492258,205368.72967671586,284139.92255632987,37.499801623823714,167.98923916248967,PASS
CSEG_26,76,50,1963.4954084936207,298451.30209103035,12,0.7402071900266759,U09p343881_ETM_S06,1.0,652.15,1.35,1.2,30647.402899492256,205613.87525965233,277778.8138645915,37.499801623823714,167.98923916248967,PASS
CSEG_26,76,50,1963.4954084936207,298451.30209103035,13,0.7586103158185331,U09p343881_ETM_S06,1.0,652.15,1.35,1.2,31937.64289949226,205859.0208425888,271363.329169165,37.499801623823714,167.98923916248967,PASS
CSEG_26,76,50,1963.4954084936207,298451.30209103035,14,0.778029757628998,U09p343881_ETM_S06,1.0,652.15,1.35,1.2,33227.88289949226,206104.16642552527,264905.24868048256,37.499801623823714,167.98923916248967,PASS
CSEG_26,76,50,1963.4954084936207,298451.30209103035,15,0.7988966248944382,U09p343881_ETM_S06,1.0,652.15,1.35,1.2,34518.12289949226,206349.31200846174,258292.8824311,37.499801623823714,167.98923916248967,PASS
CSEG_26,76,50,1963.4954084936207,298451.30209103035,16,0.8214743948586558,U09p343881_ETM_S06,1.0,652.15,1.35,1.2,35808.362899492255,206594.4575913982,251492.26669072892,37.499801623823714,167.98923916248967,PASS
CSEG_27,76,25,490.8738521234052,74612.82552275759,1,1.6226187152482652,U09p343881_ETM_S06,0.7,652.15,1.0,1.0,10806.378276737458,192735.15494958515,118780.31057967684,49.999801623823714,194.22898838995405,FAIL
CSEG_27,76,25,490.8738521234052,74612.82552275759,2,1.4761799785048189,U09p343881_ETM_S06,0.7,652.15,1.0,1.0,10806.378276737458,192735.15494958515,130563.45280119647,49.999801623823714,194.22898838995405,FAIL
CSEG_27,76,25,490.8738521234052,74612.82552275759,3,1.3748741790624022,U09p343881_ETM_S06,0.7,652.15,1.0,1.0,10806.378276737458,192735.15494958515,140183.84946397148,49.999801623823714,194.22898838995405,FAIL
CSEG_27,76,25,490.8738521234052,74612.82552275759,4,1.3007664646024288,U09p343881_ETM_S06,1.0,652.15,1.0,1.0,10806.378276737458,192735.15494958515,148170.45195618065,49.999801623823714,194.22898838995405,FAIL
CSEG_27,76,25,490.8738521234052,74612.82552275759,5,1.2467364511993035,U09p343881_ETM_S06,1.0,652.15,1.0,1.0,10806.378276737458,192735.15494958515,154591.73810485986,49.999801623823714,194.22898838995405,FAIL
CSEG_27,76,25,490.8738521234052,74612.82552275759,6,1.2084755937322655,U09p343881_ETM_S06,1.0,652.15,1.0,1.0,10806.378276737458,192735.15494958515,159486.1790748627,49.999801623823714,194.22898838995405,FAIL
CSEG_27,76,25,490.8738521234052,74612.82552275759,7,1.1932423347770207,U09p343881_ETM_S06,1.0,652.15,1.35,1.2,23620.29067359557,193148.3690847571,161868.5186197743,49.999801623823714,194.22898838995405,FAIL
CSEG_27,76,25,490.8738521234052,74612.82552275759,8,1.2165590225795477,U09p343881_ETM_S06,1.0,652.15,1.35,1.2,24910.530673595567,193393.5146676936,158967.63829643792,49.999801623823714,194.22898838995405,FAIL
CSEG_27,76,25,490.8738521234052,74612.82552275759,9,1.2450028958114414,U09p343881_ETM_S06,1.0,652.15,1.35,1.2,26200.770673595565,193638.66025063008,155532.69868053152,49.999801623823714,194.22898838995405,FAIL
CSEG_27,76,25,490.8738521234052,74612.82552275759,10,1.2810307941252697,U09p343881_ETM_S06,1.0,652.15,1.35,1.2,27491.010673595567,193883.80583356656,151349.84008402145,49.999801623823714,194.22898838995405,FAIL
CSEG_27,76,25,490.8738521234052,74612.82552275759,11,1.3284828264943649,U09p343881_ETM_S06,1.0,652.15,1.35,1.2,28781.250673595565,194128.95141650303,146128.31084070206,49.999801623823714,194.22898838995405,FAIL
CSEG_27,76,25,490.8738521234052,74612.82552275759,12,1.3881663716795463,U09p343881_ETM_S06,1.0,652.15,1.35,1.2,30071.490673595566,194374.0969994395,140022.19111839292,49.999801623823714,194.22898838995405,FAIL
CSEG_27,76,25,490.8738521234052,74612.82552275759,13,1.464323609016832,U09p343881_ETM_S06,1.0,652.15,1.35,1.2,31361.730673595568,194619.24258237597,132907.26270065818,49.999801623823714,194.22898838995405,FAIL
CSEG_27,76,25,490.8738521234052,74612.82552275759,14,1.563413930427216,U09p343881_ETM_S06,1.0,652.15,1.35,1.2,32651.970673595566,194864.38816531244,124640.30438315468,49.999801623823714,194.22898838995405,FAIL
CSEG_27,76,25,490.8738521234052,74612.82552275759,15,1.7000489863252006,U09p343881_ETM_S06,1.0,652.15,1.35,1.2,33942.21067359556,195109.5337482489,114767.00690254498,49.999801623823714,194.22898838995405,FAIL
CSEG_27,76,25,490.8738521234052,74612.82552275759,16,1.8791918106460248,U09p343881_ETM_S06,1.0,652.15,1.35,1.2,35232.450673595566,195354.6793311854,103956.7532300105,49.999801623823714,194.22898838995405,FAIL
CSEG_27,76,28,615.7521601035994,93594.32833574711,1,1.4165935738619315,U09p343881_ETM_S06,0.7,652.15,1.0,1.0,10806.378276737458,192735.15494958515,136055.36443607367,48.499801623823714,191.22898838995405,FAIL
CSEG_27,76,28,615.7521601035994,93594.32833574711,2,1.3160800689720342,U09p343881_ETM_S06,0.7,652.15,1.0,1.0,10806.378276737458,192735.15494958515,146446.37472561,48.499801623823714,191.22898838995405,FAIL
CSEG_27,76,28,615.7521601035994,93594.32833574711,3,1.2420502463428262,U09p343881_ETM_S06,1.0,652.15,1.0,1.0,10806.378276737458,192735.15494958515,155175.0064194964,48.499801623823714,191.22898838995405,FAIL
CSEG_27,76,28,615.7521601035994,93594.32833574711,4,1.1872064504234834,U09p343881_ETM_S06,1.0,652.15,1.0,1.0,10806.378276737458,192735.15494958515,162343.4196140321,48.499801623823714,191.22898838995405,FAIL
CSEG_27,76,28,615.7521601035994,93594.32833574711,5,1.1467461218268493,U09p343881_ETM_S06,1.0,652.15,1.0,1.0,10806.378276737458,192735.15494958515,168071.33791962962,48.499801623823714,191.22898838995405,FAIL
CSEG_27,76,28,615.7521601035994,93594.32833574711,6,1.1182705411711444,U09p343881_ETM_S06,1.0,652.15,1.0,1.0,10806.378276737458,192735.15494958515,172351.0973898473,48.499801623823714,191.22898838995405,FAIL
CSEG_27,76,28,615.7521601035994,93594.32833574711,7,1.1141315264680978,U09p343881_ETM_S06,1.0,652.15,1.35,1.2,23620.29067359557,193148.3690847571,173362.26872338465,48.499801623823714,191.22898838995405,FAIL
CSEG_27,76,28,615.7521601035994,93594.32833574711,8,1.1382664587590916,U09p343881_ETM_S06,1.0,652.15,1.35,1.2,24910.530673595567,193393.5146676936,169901.7951196824,48.499801623823714,191.22898838995405,FAIL
CSEG_27,76,28,615.7521601035994,93594.32833574711,9,1.16596469459925,U09p343881_ETM_S06,1.0,652.15,1.35,1.2,26200.770673595565,193638.66025063008,166075.92077836033,48.499801623823714,191.22898838995405,FAIL
CSEG_27,76,28,615.7521601035994,93594.32833574711,10,1.1986962104787986,U09p343881_ETM_S06,1.0,652.15,1.35,1.2,27491.010673595567,193883.80583356656,161745.573347665,48.499801623823714,191.22898838995405,FAIL
CSEG_27,76,28,615.7521601035994,93594.32833574711,11,1.239479280228451,U09p343881_ETM_S06,1.0,652.15,1.35,1.2,28781.250673595565,194128.95141650303,156621.37682585765,48.499801623823714,191.22898838995405,FAIL
CSEG_27,76,28,615.7521601035994,93594.32833574711,12,1.289737471221689,U09p343881_ETM_S06,1.0,652.15,1.35,1.2,30071.490673595566,194374.0969994395,150708.26531489455,48.499801623823714,191.22898838995405,FAIL
CSEG_27,76,28,615.7521601035994,93594.32833574711,13,1.3515160893903801,U09p343881_ETM_S06,1.0,652.15,1.35,1.2,31361.730673595568,194619.24258237597,144000.68494202066,48.499801623823714,191.22898838995405,FAIL
CSEG_27,76,28,615.7521601035994,93594.32833574711,14,1.42893355913584,U09p343881_ETM_S06,1.0,652.15,1.35,1.2,32651.970673595566,194864.38816531244,136370.50296667282,48.499801623823714,191.22898838995405,FAIL
CSEG_27,76,28,615.7521601035994,93594.32833574711,15,1.5289061782450293,U09p343881_ETM_S06,1.0,652.15,1.35,1.2,33942.21067359556,195109.5337482489,127613.80425070123,48.499801623823714,191.22898838995405,FAIL
CSEG_27,76,28,615.7521601035994,93594.32833574711,16,1.664939574775698,U09p343881_ETM_S06,1.0,652.15,1.35,1.2,35232.450673595566,195354.6793311854,117334.3959689971,48.499801623823714,191.22898838995405,FAIL
CSEG_27,76,32,804.247719318987,122245.65333648602,1,1.2005058334113463,U09p343881_ETM_S06,0.7,652.15,1.0,1.0,10806.378276737458,192735.15494958515,160544.95495612104,46.499801623823714,187.22898838995405,FAIL
CSEG_27,76,32,804.247719318987,122245.65333648602,2,1.1373740272057458,U09p343881_ETM_S06,1.0,652.15,1.0,1.0,10806.378276737458,192735.15494958515,169456.26534403028,46.499801623823714,187.22898838995405,FAIL
CSEG_27,76,32,804.247719318987,122245.65333648602,3,1.088819528851652,U09p343881_ETM_S06,1.0,652.15,1.0,1.0,10806.378276737458,192735.15494958515,177012.94828249235,46.499801623823714,187.22898838995405,FAIL
CSEG_27,76,32,804.247719318987,122245.65333648602,4,1.0521832620252562,U09p343881_ETM_S06,1.0,652.15,1.0,1.0,10806.378276737458,192735.15494958515,183176.412233175,46.499801623823714,187.22898838995405,FAIL
CSEG_27,76,32,804.247719318987,122245.65333648602,5,1.0251738615596138,U09p343881_ETM_S06,1.0,652.15,1.0,1.0,10806.378276737458,192735.15494958515,188002.40834893505,46.499801623823714,187.22898838995405,FAIL
CSEG_27,76,32,804.247719318987,122245.65333648602,6,1.0071082885385152,U09p343881_ETM_S06,1.0,652.15,1.0,1.2,18547.818276737456,194206.028447204,192835.2994979615,46.499801623823714,187.22898838995405,FAIL
CSEG_27,76,32,804.247719318987,122245.65333648602,7,1.0119270528685822,U09p343881_ETM_S06,1.0,652.15,1.35,1.2,23620.29067359557,193148.3690847571,190871.83066924202,46.499801623823714,187.22898838995405,FAIL
CSEG_27,76,32,804.247719318987,122245.65333648602,8,1.035384834615748,U09p343881_ETM_S06,1.0,652.15,1.35,1.2,24910.530673595567,193393.5146676936,186784.1870983805,46.499801623823714,187.22898838995405,FAIL
CSEG_27,76,32,804.247719318987,122245.65333648602,9,1.0616185356945407,U09p343881_ETM_S06,1.0,652.15,1.35,1.2,26200.770673595565,193638.66025063008,182399.4718818151,46.499801623823714,187.22898838995405,FAIL
CSEG_27,76,32,804.247719318987,122245.65333648602,10,1.0909776453804494,U09p343881_ETM_S06,1.0,652.15,1.35,1.2,27491.010673595567,193883.80583356656,177715.65407827834,46.499801623823714,187.22898838995405,FAIL
CSEG_27,76,32,804.247719318987,122245.65333648602,11,1.1247695125042925,U09p343881_ETM_S06,1.0,652.15,1.35,1.2,28781.250673595565,194128.95141650303,172594.4286881284,46.499801623823714,187.22898838995405,FAIL
CSEG_27,76,32,804.247719318987,122245.65333648602,12,1.1652576043341993,U09p343881_ETM_S06,1.0,652.15,1.35,1.2,30071.490673595566,194374.0969994395,166807.833972901,46.499801623823714,187.22898838995405,FAIL
CSEG_27,76,32,804.247719318987,122245.65333648602,13,1.2129607211545452,U09p343881_ETM_S06,1.0,652.15,1.35,1.2,31361.730673595568,194619.24258237597,160449.74844455763,46.499801623823714,187.22898838995405,FAIL
CSEG_27,76,32,804.247719318987,122245.65333648602,14,1.2702096374993639,U09p343881_ETM_S06,1.0,652.15,1.35,1.2,32651.970673595566,194864.38816531244,153411.20269638172,46.499801623823714,187.22898838995405,FAIL
CSEG_27,76,32,804.247719318987,122245.65333648602,15,1.340086436309558,U09p343881_ETM_S06,1.0,652.15,1.35,1.2,33942.21067359556,195109.5337482489,145594.73811671272,46.499801623823714,187.22898838995405,FAIL
CSEG_27,76,32,804.247719318987,122245.65333648602,16,1.427847906968641,U09p343881_ETM_S06,1.0,652.15,1.35,1.2,35232.450673595566,195354.6793311854,136817.56885852682,46.499801623823714,187.22898838995405,FAIL
CSEG_27,76,36,1017.8760197630929,154717.15500399013,1,1.0318010743437593,U09p343881_ETM_S06,1.0,652.15,1.0,1.0,10806.378276737458,192735.15494958515,186794.87717355552,44.499801623823714,183.22898838995405,FAIL
CSEG_27,76,36,1017.8760197630929,154717.15500399013,2,0.9908747472276351,U09p343881_ETM_S06,1.0,652.15,1.0,1.0,10806.378276737458,192735.15494958515,194510.1088597102,44.499801623823714,183.22898838995405,PASS
CSEG_27,76,36,1017.8760197630929,154717.15500399013,3,0.9589296020947384,U09p343881_ETM_S06,1.0,652.15,1.0,1.0,10806.378276737458,192735.15494958515,200989.88969426314,44.499801623823714,183.22898838995405,PASS
CSEG_27,76,36,1017.8760197630929,154717.15500399013,4,0.9347023864247376,U09p343881_ETM_S06,1.0,652.15,1.0,1.0,10806.378276737458,192735.15494958515,206199.48953677376,44.499801623823714,183.22898838995405,PASS
CSEG_27,76,36,1017.8760197630929,154717.15500399013,5,0.9168595777636934,U09p343881_ETM_S06,1.0,652.15,1.0,1.0,10806.378276737458,192735.15494958515,210212.2938167743,44.499801623823714,183.22898838995405,PASS
CSEG_27,76,36,1017.8760197630929,154717.15500399013,6,0.9095626320658243,U09p343881_ETM_S06,1.0,652.15,1.0,1.2,18547.818276737456,194206.028447204,213515.83893251838,44.499801623823714,183.22898838995405,PASS
CSEG_27,76,36,1017.8760197630929,154717.15500399013,7,0.9158883736700887,U09p343881_ETM_S06,1.0,652.15,1.35,1.2,23620.29067359557,193148.3690847571,210886.3641436843,44.499801623823714,183.22898838995405,PASS
CSEG_27,76,36,1017.8760197630929,154717.15500399013,8,0.937434371434425,U09p343881_ETM_S06,1.0,652.15,1.35,1.2,24910.530673595567,193393.5146676936,206300.85749018408,44.499801623823714,183.22898838995405,PASS
CSEG_27,76,36,1017.8760197630929,154717.15500399013,9,0.9616451690511509,U09p343881_ETM_S06,1.0,652.15,1.35,1.2,26200.770673595565,193638.66025063008,201361.8603644545,44.499801623823714,183.22898838995405,PASS
CSEG_27,76,36,1017.8760197630929,154717.15500399013,10,0.9878752665006223,U09p343881_ETM_S06,1.0,652.15,1.35,1.2,27491.010673595567,193883.80583356656,196263.44783422555,44.499801623823714,183.22898838995405,PASS
CSEG_27,76,36,1017.8760197630929,154717.15500399013,11,1.0167295919609665,U09p343881_ETM_S06,1.0,652.15,1.35,1.2,28781.250673595565,194128.95141650303,190934.69192933245,44.499801623823714,183.22898838995405,FAIL
CSEG_27,76,36,1017.8760197630929,154717.15500399013,12,1.049479141786368,U09p343881_ETM_S06,1.0,652.15,1.35,1.2,30071.490673595566,194374.0969994395,185210.062077638,44.499801623823714,183.22898838995405,FAIL
CSEG_27,76,36,1017.8760197630929,154717.15500399013,13,1.087473162790804,U09p343881_ETM_S06,1.0,652.15,1.35,1.2,31361.730673595568,194619.24258237597,178964.6395345709,44.499801623823714,183.22898838995405,FAIL
CSEG_27,76,36,1017.8760197630929,154717.15500399013,14,1.1310748006702782,U09p343881_ETM_S06,1.0,652.15,1.35,1.2,32651.970673595566,194864.38816531244,172282.4945351406,44.499801623823714,183.22898838995405,FAIL
CSEG_27,76,36,1017.8760197630929,154717.15500399013,15,1.182230084909694,U09p343881_ETM_S06,1.0,652.15,1.35,1.2,33942.21067359556,195109.5337482489,165035.16213863948,44.499801623823714,183.22898838995405,FAIL
CSEG_27,76,36,1017.8760197630929,154717.15500399013,16,1.243127287257066,U09p343881_ETM_S06,1.0,652.15,1.35,1.2,35232.450673595566,195354.6793311854,157147.7686426073,44.499801623823714,183.22898838995405,FAIL
CSEG_27,76,40,1256.6370614359173,191008.83333825943,1,0.8964822532076107,U09p343881_ETM_S06,1.0,652.15,1.0,1.0,10806.378276737458,192735.15494958515,214990.48560077944,42.499801623823714,179.22898838995405,PASS
CSEG_27,76,40,1256.6370614359173,191008.83333825943,2,0.8699617394156015,U09p343881_ETM_S06,1.0,652.15,1.0,1.0,10806.378276737458,192735.15494958515,221544.40387120398,42.499801623823714,179.22898838995405,PASS
CSEG_27,76,40,1256.6370614359173,191008.83333825943,3,0.8488701760502407,U09p343881_ETM_S06,1.0,652.15,1.0,1.0,10806.378276737458,192735.15494958515,227049.03575052452,42.499801623823714,179.22898838995405,PASS
CSEG_27,76,40,1256.6370614359173,191008.83333825943,4,0.8328983174180887,U09p343881_ETM_S06,1.0,652.15,1.0,1.0,10806.378276737458,192735.15494958515,231402.98271588195,42.499801623823714,179.22898838995405,PASS
CSEG_27,76,40,1256.6370614359173,191008.83333825943,5,0.8222107882263372,U09p343881_ETM_S06,1.0,652.15,1.0,1.2,17257.578276737455,193960.88286426754,235901.6515493278,42.499801623823714,179.22898838995405,PASS
CSEG_27,76,40,1256.6370614359173,191008.83333825943,6,0.8209346433177728,U09p343881_ETM_S06,1.0,652.15,1.0,1.2,18547.818276737456,194206.028447204,236566.97890386076,42.499801623823714,179.22898838995405,PASS
CSEG_27,76,40,1256.6370614359173,191008.83333825943,7,0.827816136375135,U09p343881_ETM_S06,1.0,652.15,1.35,1.2,23620.29067359557,193148.3690847571,233322.78823474102,42.499801623823714,179.22898838995405,PASS
CSEG_27,76,40,1256.6370614359173,191008.83333825943,8,0.8464883974716874,U09p343881_ETM_S06,1.0,652.15,1.35,1.2,24910.530673595567,193393.5146676936,228465.64140196863,42.499801623823714,179.22898838995405,PASS
CSEG_27,76,40,1256.6370614359173,191008.83333825943,9,0.8683530128980266,U09p343881_ETM_S06,1.0,652.15,1.35,1.2,26200.770673595565,193638.66025063008,222995.32261007966,42.499801623823714,179.22898838995405,PASS
CSEG_27,76,40,1256.6370614359173,191008.83333825943,10,0.8915155483943814,U09p343881_ETM_S06,1.0,652.15,1.35,1.2,27491.010673595567,193883.80583356656,217476.6398440847,42.499801623823714,179.22898838995405,PASS
CSEG_27,76,40,1256.6370614359173,191008.83333825943,11,0.9164580360456223,U09p343881_ETM_S06,1.0,652.15,1.35,1.2,28781.250673595565,194128.95141650303,211825.2487087571,42.499801623823714,179.22898838995405,PASS
CSEG_27,76,40,1256.6370614359173,191008.83333825943,12,0.9436187409570654,U09p343881_ETM_S06,1.0,652.15,1.35,1.2,30071.490673595566,194374.0969994395,205987.95738445755,42.499801623823714,179.22898838995405,PASS
CSEG_27,76,40,1256.6370614359173,191008.83333825943,13,0.974046315077221,U09p343881_ETM_S06,1.0,652.15,1.35,1.2,31361.730673595568,194619.24258237597,199804.91642940702,42.499801623823714,179.22898838995405,PASS
CSEG_27,76,40,1256.6370614359173,191008.83333825943,14,1.0084901155815775,U09p343881_ETM_S06,1.0,652.15,1.35,1.2,32651.970673595566,194864.38816531244,193223.89496394593,42.499801623823714,179.22898838995405,FAIL
CSEG_27,76,40,1256.6370614359173,191008.83333825943,15,1.0472783530580756,U09p343881_ETM_S06,1.0,652.15,1.35,1.2,33942.21067359556,195109.5337482489,186301.50540066528,42.499801623823714,179.22898838995405,FAIL
CSEG_27,76,40,1256.6370614359173,191008.83333825943,16,1.0918364620563434,U09p343881_ETM_S06,1.0,652.15,1.35,1.2,35232.450673595566,195354.6793311854,178923.02200941177,42.499801623823714,179.22898838995405,FAIL
CSEG_27,76,50,1963.4954084936207,298451.30209103035,1,0.6564605757554252,U09p343881_ETM_S06,1.0,652.15,1.0,1.0,10806.378276737458,192735.15494958515,293597.4559139279,37.499801623823714,169.22898838995405,PASS
CSEG_27,76,50,1963.4954084936207,298451.30209103035,2,0.6469886645513901,U09p343881_ETM_S06,1.0,652.15,1.0,1.0,10806.378276737458,192735.15494958515,297895.7213774744,37.499801623823714,169.22898838995405,PASS
CSEG_27,76,50,1963.4954084936207,298451.30209103035,3,0.6397399280519651,U09p343881_ETM_S06,1.0,652.15,1.0,1.0,10806.378276737458,192735.15494958515,301271.10486361507,37.499801623823714,169.22898838995405,PASS
CSEG_27,76,50,1963.4954084936207,298451.30209103035,4,0.6361282665877123,U09p343881_ETM_S06,1.0,652.15,1.0,1.2,15967.338276737457,193715.73728133106,304523.07727253094,37.499801623823714,169.22898838995405,PASS
CSEG_27,76,50,1963.4954084936207,298451.30209103035,5,0.6354610980664154,U09p343881_ETM_S06,1.0,652.15,1.0,1.2,17257.578276737455,193960.88286426754,305228.5709612324,37.499801623823714,169.22898838995405,PASS
CSEG_27,76,50,1963.4954084936207,298451.30209103035,6,0.6376954785134512,U09p343881_ETM_S06,1.0,652.15,1.0,1.2,18547.818276737456,194206.028447204,304543.5242851695,37.499801623823714,169.22898838995405,PASS
CSEG_27,76,50,1963.4954084936207,298451.30209103035,7,0.6435345054504052,U09p343881_ETM_S06,1.0,652.15,1.35,1.2,23620.29067359557,193148.3690847571,300136.7719195942,37.499801623823714,169.22898838995405,PASS
CSEG_27,76,50,1963.4954084936207,298451.30209103035,8,0.6551149099487661,U09p343881_ETM_S06,1.0,652.15,1.35,1.2,24910.530673595567,193393.5146676936,295205.4849168646,37.499801623823714,169.22898838995405,PASS
CSEG_27,76,50,1963.4954084936207,298451.30209103035,9,0.6705671581885169,U09p343881_ETM_S06,1.0,652.15,1.35,1.2,26200.770673595565,193638.66025063008,288768.4818530769,37.499801623823714,169.22898838995405,PASS
CSEG_27,76,50,1963.4954084936207,298451.30209103035,10,0.6869005527874738,U09p343881_ETM_S06,1.0,652.15,1.35,1.2,27491.010673595567,193883.80583356656,282258.91658811056,37.499801623823714,169.22898838995405,PASS
CSEG_27,76,50,1963.4954084936207,298451.30209103035,11,0.7039656868767435,U09p343881_ETM_S06,1.0,652.15,1.35,1.2,28781.250673595565,194128.95141650303,275764.7922838217,37.499801623823714,169.22898838995405,PASS
CSEG_27,76,50,1963.4954084936207,298451.30209103035,12,0.721909193518716,U09p343881_ETM_S06,1.0,652.15,1.35,1.2,30071.490673595566,194374.0969994395,269250.064612732,37.499801623823714,169.22898838995405,PASS
CSEG_27,76,50,1963.4954084936207,298451.30209103035,13,0.740904158719117,U09p343881_ETM_S06,1.0,652.15,1.35,1.2,31361.730673595568,194619.24258237597,262678.02696483146,37.499801623823714,169.22898838995405,PASS
CSEG_27,76,50,1963.4954084936207,298451.30209103035,14,0.7610950713247999,U09p343881_ETM_S06,1.0,652.15,1.35,1.2,32651.970673595566,194864.38816531244,256031.59908278185,37.499801623823714,169.22898838995405,PASS
CSEG_27,76,50,1963.4954084936207,298451.30209103035,15,0.7829019926232575,U09p343881_ETM_S06,1.0,652.15,1.35,1.2,33942.21067359556,195109.5337482489,249213.2292248975,37.499801623823714,169.22898838995405,PASS
CSEG_27,76,50,1963.4954084936207,298451.30209103035,16,0.8066163627025056,U09p343881_ETM_S06,1.0,652.15,1.35,1.2,35232.450673595566,195354.6793311854,242190.3253693797,37.499801623823714,169.22898838995405,PASS
CSEG_28,76,25,490.8738521234052,74612.82552275759,1,1.5384494602486178,U09p343881_ETM_S06,0.7,652.15,1.0,1.0,10390.849726586704,181491.17775930793,117970.19170846108,49.999801623823714,194.22898838995405,FAIL
CSEG_28,76,25,490.8738521234052,74612.82552275759,2,1.3971004931030224,U09p343881_ETM_S06,0.7,652.15,1.0,1.0,10390.849726586704,181491.17775930793,129905.59995881752,49.999801623823714,194.22898838995405,FAIL
CSEG_28,76,25,490.8738521234052,74612.82552275759,3,1.299850743503657,U09p343881_ETM_S06,0.7,652.15,1.0,1.0,10390.849726586704,181491.17775930793,139624.6289555608,49.999801623823714,194.22898838995405,FAIL
CSEG_28,76,25,490.8738521234052,74612.82552275759,4,1.2284626377842824,U09p343881_ETM_S06,1.0,652.15,1.0,1.0,10390.849726586704,181491.17775930793,147738.45958120032,49.999801623823714,194.22898838995405,FAIL
CSEG_28,76,25,490.8738521234052,74612.82552275759,5,1.1765299662300273,U09p343881_ETM_S06,1.0,652.15,1.0,1.0,10390.849726586704,181491.17775930793,154259.71540772807,49.999801623823714,194.22898838995405,FAIL
CSEG_28,76,25,490.8738521234052,74612.82552275759,6,1.1396463854265013,U09p343881_ETM_S06,1.0,652.15,1.0,1.0,10390.849726586704,181491.17775930793,159252.185660543,49.999801623823714,194.22898838995405,FAIL
CSEG_28,76,25,490.8738521234052,74612.82552275759,7,1.1216697516698702,U09p343881_ETM_S06,1.0,652.15,1.35,1.2,23059.327130892052,181877.4964015149,162148.8821738728,49.999801623823714,194.22898838995405,FAIL
CSEG_28,76,25,490.8738521234052,74612.82552275759,8,1.14326037541282,U09p343881_ETM_S06,1.0,652.15,1.35,1.2,24349.56713089205,182122.64198445136,159301.1057683939,49.999801623823714,194.22898838995405,FAIL
CSEG_28,76,25,490.8738521234052,74612.82552275759,9,1.1696097023761873,U09p343881_ETM_S06,1.0,652.15,1.35,1.2,25639.807130892048,182367.78756738783,155921.91753957592,49.999801623823714,194.22898838995405,FAIL
CSEG_28,76,25,490.8738521234052,74612.82552275759,10,1.2028526013451324,U09p343881_ETM_S06,1.0,652.15,1.35,1.2,26930.04713089205,182612.9331503243,151816.55087756467,49.999801623823714,194.22898838995405,FAIL
CSEG_28,76,25,490.8738521234052,74612.82552275759,11,1.2466433349724022,U09p343881_ETM_S06,1.0,652.15,1.35,1.2,28220.287130892048,182858.07873326077,146680.34842323913,49.999801623823714,194.22898838995405,FAIL
CSEG_28,76,25,490.8738521234052,74612.82552275759,12,1.301763132882345,U09p343881_ETM_S06,1.0,652.15,1.35,1.2,29510.52713089205,183103.22431619727,140657.86600575544,49.999801623823714,194.22898838995405,FAIL
CSEG_28,76,25,490.8738521234052,74612.82552275759,13,1.3720271232378358,U09p343881_ETM_S06,1.0,652.15,1.35,1.2,30800.76713089205,183348.36989913374,133633.1963077023,49.999801623823714,194.22898838995405,FAIL
CSEG_28,76,25,490.8738521234052,74612.82552275759,14,1.4631301066634115,U09p343881_ETM_S06,1.0,652.15,1.35,1.2,32091.00713089205,183593.51548207022,125479.96562024497,49.999801623823714,194.22898838995405,FAIL
CSEG_28,76,25,490.8738521234052,74612.82552275759,15,1.5880752151976263,U09p343881_ETM_S06,1.0,652.15,1.35,1.2,33381.24713089205,183838.6610650067,115761.93577338154,49.999801623823714,194.22898838995405,FAIL
CSEG_28,76,25,490.8738521234052,74612.82552275759,16,1.7535705916623912,U09p343881_ETM_S06,1.0,652.15,1.35,1.2,34671.48713089205,184083.80664794316,104976.55898382228,49.999801623823714,194.22898838995405,FAIL
CSEG_28,76,28,615.7521601035994,93594.32833574711,1,1.3413737452142453,U09p343881_ETM_S06,0.7,652.15,1.0,1.0,10390.849726586704,181491.17775930793,135302.46764321454,48.499801623823714,191.22898838995405,FAIL
CSEG_28,76,28,615.7521601035994,93594.32833574711,2,1.2443781515633472,U09p343881_ETM_S06,0.7,652.15,1.0,1.0,10390.849726586704,181491.17775930793,145848.89451112226,48.499801623823714,191.22898838995405,FAIL
CSEG_28,76,28,615.7521601035994,93594.32833574711,3,1.1733781221227935,U09p343881_ETM_S06,1.0,652.15,1.0,1.0,10390.849726586704,181491.17775930793,154674.07678521125,48.499801623823714,191.22898838995405,FAIL
CSEG_28,76,28,615.7521601035994,93594.32833574711,4,1.120733353494493,U09p343881_ETM_S06,1.0,652.15,1.0,1.0,10390.849726586704,181491.17775930793,161939.65959290043,48.499801623823714,191.22898838995405,FAIL
CSEG_28,76,28,615.7521601035994,93594.32833574711,5,1.081756021636135,U09p343881_ETM_S06,1.0,652.15,1.0,1.0,10390.849726586704,181491.17775930793,167774.59439033768,48.499801623823714,191.22898838995405,FAIL
CSEG_28,76,28,615.7521601035994,93594.32833574711,6,1.0541994821048268,U09p343881_ETM_S06,1.0,652.15,1.0,1.0,10390.849726586704,181491.17775930793,172160.18489872577,48.499801623823714,191.22898838995405,FAIL
CSEG_28,76,28,615.7521601035994,93594.32833574711,7,1.047270750579481,U09p343881_ETM_S06,1.0,652.15,1.35,1.2,23059.327130892052,181877.4964015149,173668.07609290868,48.499801623823714,191.22898838995405,FAIL
CSEG_28,76,28,615.7521601035994,93594.32833574711,8,1.0695665776656975,U09p343881_ETM_S06,1.0,652.15,1.35,1.2,24349.56713089205,182122.64198445136,170277.05033746426,48.499801623823714,191.22898838995405,FAIL
CSEG_28,76,28,615.7521601035994,93594.32833574711,9,1.0953532137001563,U09p343881_ETM_S06,1.0,652.15,1.35,1.2,25639.807130892048,182367.78756738783,166492.21939226397,48.499801623823714,191.22898838995405,FAIL
CSEG_28,76,28,615.7521601035994,93594.32833574711,10,1.1257811304259067,U09p343881_ETM_S06,1.0,652.15,1.35,1.2,26930.04713089205,182612.9331503243,162209.9786672015,48.499801623823714,191.22898838995405,FAIL
CSEG_28,76,28,615.7521601035994,93594.32833574711,11,1.1634591136044765,U09p343881_ETM_S06,1.0,652.15,1.35,1.2,28220.287130892048,182858.07873326077,157167.60184786713,48.499801623823714,191.22898838995405,FAIL
CSEG_28,76,28,615.7521601035994,93594.32833574711,12,1.2100920389840681,U09p343881_ETM_S06,1.0,652.15,1.35,1.2,29510.52713089205,183103.22431619727,151313.46907291567,48.499801623823714,191.22898838995405,FAIL
CSEG_28,76,28,615.7521601035994,93594.32833574711,13,1.2672513969455803,U09p343881_ETM_S06,1.0,652.15,1.35,1.2,30800.76713089205,183348.36989913374,144681.92368227258,48.499801623823714,191.22898838995405,FAIL
CSEG_28,76,28,615.7521601035994,93594.32833574711,14,1.3387185851740133,U09p343881_ETM_S06,1.0,652.15,1.35,1.2,32091.00713089205,183593.51548207022,137141.23155928683,48.499801623823714,191.22898838995405,FAIL
CSEG_28,76,28,615.7521601035994,93594.32833574711,15,1.4305517382370099,U09p343881_ETM_S06,1.0,652.15,1.35,1.2,33381.24713089205,183838.6610650067,128508.9215239196,48.499801623823714,191.22898838995405,FAIL
CSEG_28,76,28,615.7521601035994,93594.32833574711,16,1.5554999368174542,U09p343881_ETM_S06,1.0,652.15,1.35,1.2,34671.48713089205,184083.80664794316,118343.82135982452,48.499801623823714,191.22898838995405,FAIL
CSEG_28,76,32,804.247719318987,122245.65333648602,1,1.1347286777398289,U09p343881_ETM_S06,0.7,652.15,1.0,1.0,10390.849726586704,181491.17775930793,159942.35566585397,46.499801623823714,187.22898838995405,FAIL
CSEG_28,76,32,804.247719318987,122245.65333648602,2,1.0741943293273744,U09p343881_ETM_S06,1.0,652.15,1.0,1.0,10390.849726586704,181491.17775930793,168955.62823623526,46.499801623823714,187.22898838995405,FAIL
CSEG_28,76,32,804.247719318987,122245.65333648602,3,1.0277774668338444,U09p343881_ETM_S06,1.0,652.15,1.0,1.0,10390.849726586704,181491.17775930793,176586.06421719564,46.499801623823714,187.22898838995405,FAIL
CSEG_28,76,32,804.247719318987,122245.65333648602,4,0.992611926327059,U09p343881_ETM_S06,1.0,652.15,1.0,1.0,10390.849726586704,181491.17775930793,182842.02813366943,46.499801623823714,187.22898838995405,PASS
CSEG_28,76,32,804.247719318987,122245.65333648602,5,0.9665655523593372,U09p343881_ETM_S06,1.0,652.15,1.0,1.0,10390.849726586704,181491.17775930793,187769.13507448847,46.499801623823714,187.22898838995405,PASS
CSEG_28,76,32,804.247719318987,122245.65333648602,6,0.9488732904366479,U09p343881_ETM_S06,1.0,652.15,1.0,1.2,18132.289726586703,182962.0512569268,192820.31974230427,46.499801623823714,187.22898838995405,PASS
CSEG_28,76,32,804.247719318987,122245.65333648602,7,0.9511555413250845,U09p343881_ETM_S06,1.0,652.15,1.35,1.2,23059.327130892052,181877.4964015149,191217.40714261695,46.499801623823714,187.22898838995405,PASS
CSEG_28,76,32,804.247719318987,122245.65333648602,8,0.9728329268368132,U09p343881_ETM_S06,1.0,652.15,1.35,1.2,24349.56713089205,182122.64198445136,187208.55036910292,46.499801623823714,187.22898838995405,PASS
CSEG_28,76,32,804.247719318987,122245.65333648602,9,0.9973662142534179,U09p343881_ETM_S06,1.0,652.15,1.35,1.2,25639.807130892048,182367.78756738783,182849.37364145616,46.499801623823714,187.22898838995405,PASS
CSEG_28,76,32,804.247719318987,122245.65333648602,10,1.0247699513124724,U09p343881_ETM_S06,1.0,652.15,1.35,1.2,26930.04713089205,182612.9331503243,178198.95374219658,46.499801623823714,187.22898838995405,FAIL
CSEG_28,76,32,804.247719318987,122245.65333648602,11,1.056219250349421,U09p343881_ETM_S06,1.0,652.15,1.35,1.2,28220.287130892048,182858.07873326077,173125.1145751862,46.499801623823714,187.22898838995405,FAIL
CSEG_28,76,32,804.247719318987,122245.65333648602,12,1.093825705795721,U09p343881_ETM_S06,1.0,652.15,1.35,1.2,29510.52713089205,183103.22431619727,167397.07555418613,46.499801623823714,187.22898838995405,FAIL
CSEG_28,76,32,804.247719318987,122245.65333648602,13,1.138188474236443,U09p343881_ETM_S06,1.0,652.15,1.35,1.2,30800.76713089205,183348.36989913374,161087.88135649814,46.499801623823714,187.22898838995405,FAIL
CSEG_28,76,32,804.247719318987,122245.65333648602,14,1.1912812795867656,U09p343881_ETM_S06,1.0,652.15,1.35,1.2,32091.00713089205,183593.51548207022,154114.3293595242,46.499801623823714,187.22898838995405,FAIL
CSEG_28,76,32,804.247719318987,122245.65333648602,15,1.2559403325110523,U09p343881_ETM_S06,1.0,652.15,1.35,1.2,33381.24713089205,183838.6610650067,146375.3144207501,46.499801623823714,187.22898838995405,FAIL
CSEG_28,76,32,804.247719318987,122245.65333648602,16,1.3367880937027479,U09p343881_ETM_S06,1.0,652.15,1.35,1.2,34671.48713089205,184083.80664794316,137706.04893558886,46.499801623823714,187.22898838995405,FAIL
CSEG_28,76,36,1017.8760197630929,154717.15500399013,1,0.9743709203601258,U09p343881_ETM_S06,1.0,652.15,1.0,1.0,10390.849726586704,181491.17775930793,186264.97770708211,44.499801623823714,183.22898838995405,PASS
CSEG_28,76,36,1017.8760197630929,154717.15500399013,2,0.9351187528118057,U09p343881_ETM_S06,1.0,652.15,1.0,1.0,10390.849726586704,181491.17775930793,194083.5612734561,44.499801623823714,183.22898838995405,PASS
CSEG_28,76,36,1017.8760197630929,154717.15500399013,3,0.9046343750070067,U09p343881_ETM_S06,1.0,652.15,1.0,1.0,10390.849726586704,181491.17775930793,200623.7909740078,44.499801623823714,183.22898838995405,PASS
CSEG_28,76,36,1017.8760197630929,154717.15500399013,4,0.8813025747556651,U09p343881_ETM_S06,1.0,652.15,1.0,1.0,10390.849726586704,181491.17775930793,205935.1498089349,44.499801623823714,183.22898838995405,PASS
CSEG_28,76,36,1017.8760197630929,154717.15500399013,5,0.8641228441962212,U09p343881_ETM_S06,1.0,652.15,1.0,1.0,10390.849726586704,181491.17775930793,210029.37137731278,44.499801623823714,183.22898838995405,PASS
CSEG_28,76,36,1017.8760197630929,154717.15500399013,6,0.8567658006437029,U09p343881_ETM_S06,1.0,652.15,1.0,1.2,18132.289726586703,182962.0512569268,213549.6668044689,44.499801623823714,183.22898838995405,PASS
CSEG_28,76,36,1017.8760197630929,154717.15500399013,7,0.8610646093357234,U09p343881_ETM_S06,1.0,652.15,1.35,1.2,23059.327130892052,181877.4964015149,211223.98299684626,44.499801623823714,183.22898838995405,PASS
CSEG_28,76,36,1017.8760197630929,154717.15500399013,8,0.8807749540000868,U09p343881_ETM_S06,1.0,652.15,1.35,1.2,24349.56713089205,182122.64198445136,206775.45513451716,44.499801623823714,183.22898838995405,PASS
CSEG_28,76,36,1017.8760197630929,154717.15500399013,9,0.9034937406813083,U09p343881_ETM_S06,1.0,652.15,1.35,1.2,25639.807130892048,182367.78756738783,201847.3170936055,44.499801623823714,183.22898838995405,PASS
CSEG_28,76,36,1017.8760197630929,154717.15500399013,10,0.9280375160514343,U09p343881_ETM_S06,1.0,652.15,1.35,1.2,26930.04713089205,182612.9331503243,196773.2230559992,44.499801623823714,183.22898838995405,PASS
CSEG_28,76,36,1017.8760197630929,154717.15500399013,11,0.9550215046562694,U09p343881_ETM_S06,1.0,652.15,1.35,1.2,28220.287130892048,182858.07873326077,191470.11647562313,44.499801623823714,183.22898838995405,PASS
CSEG_28,76,36,1017.8760197630929,154717.15500399013,12,0.9855527665952706,U09p343881_ETM_S06,1.0,652.15,1.35,1.2,29510.52713089205,183103.22431619727,185787.3373424265,44.499801623823714,183.22898838995405,PASS
CSEG_28,76,36,1017.8760197630929,154717.15500399013,13,1.020956539845142,U09p343881_ETM_S06,1.0,652.15,1.35,1.2,30800.76713089205,183348.36989913374,179584.89195528728,44.499801623823714,183.22898838995405,FAIL
CSEG_28,76,36,1017.8760197630929,154717.15500399013,14,1.061578188458419,U09p343881_ETM_S06,1.0,652.15,1.35,1.2,32091.00713089205,183593.51548207022,172943.94089678623,44.499801623823714,183.22898838995405,FAIL
CSEG_28,76,36,1017.8760197630929,154717.15500399013,15,1.1091289437983485,U09p343881_ETM_S06,1.0,652.15,1.35,1.2,33381.24713089205,183838.6610650067,165750.48563373397,44.499801623823714,183.22898838995405,FAIL
CSEG_28,76,36,1017.8760197630929,154717.15500399013,16,1.1656063476308411,U09p343881_ETM_S06,1.0,652.15,1.35,1.2,34671.48713089205,184083.80664794316,157929.6535422131,44.499801623823714,183.22898838995405,FAIL
CSEG_28,76,40,1256.6370614359173,191008.83333825943,1,0.845994329727424,U09p343881_ETM_S06,1.0,652.15,1.0,1.0,10390.849726586704,181491.17775930793,214530.01678839105,42.499801623823714,179.22898838995405,PASS
CSEG_28,76,40,1256.6370614359173,191008.83333825943,2,0.8205211880926481,U09p343881_ETM_S06,1.0,652.15,1.0,1.0,10390.849726586704,181491.17775930793,221190.11720001444,42.499801623823714,179.22898838995405,PASS
CSEG_28,76,40,1256.6370614359173,191008.83333825943,3,0.800391784714863,U09p343881_ETM_S06,1.0,652.15,1.0,1.0,10390.849726586704,181491.17775930793,226752.92428690227,42.499801623823714,179.22898838995405,PASS
CSEG_28,76,40,1256.6370614359173,191008.83333825943,4,0.7849866550764322,U09p343881_ETM_S06,1.0,652.15,1.0,1.0,10390.849726586704,181491.17775930793,231202.88298612743,42.499801623823714,179.22898838995405,PASS
CSEG_28,76,40,1256.6370614359173,191008.83333825943,5,0.7746603899287281,U09p343881_ETM_S06,1.0,652.15,1.0,1.2,16842.0497265867,182716.90567399032,235867.10776679963,42.499801623823714,179.22898838995405,PASS
CSEG_28,76,40,1256.6370614359173,191008.83333825943,6,0.7731974167980881,U09p343881_ETM_S06,1.0,652.15,1.0,1.2,18132.289726586703,182962.0512569268,236630.44816496756,42.499801623823714,179.22898838995405,PASS
CSEG_28,76,40,1256.6370614359173,191008.83333825943,7,0.7783113617011436,U09p343881_ETM_S06,1.0,652.15,1.35,1.2,23059.327130892052,181877.4964015149,233682.18087423002,42.499801623823714,179.22898838995405,PASS
CSEG_28,76,40,1256.6370614359173,191008.83333825943,8,0.7953468582624563,U09p343881_ETM_S06,1.0,652.15,1.35,1.2,24349.56713089205,182122.64198445136,228985.17809238992,42.499801623823714,179.22898838995405,PASS
CSEG_28,76,40,1256.6370614359173,191008.83333825943,9,0.8158862509906709,U09p343881_ETM_S06,1.0,652.15,1.35,1.2,25639.807130892048,182367.78756738783,223521.09420394324,42.499801623823714,179.22898838995405,PASS
CSEG_28,76,40,1256.6370614359173,191008.83333825943,10,0.8376225059586959,U09p343881_ETM_S06,1.0,652.15,1.35,1.2,26930.04713089205,182612.9331503243,218013.4032350477,42.499801623823714,179.22898838995405,PASS
CSEG_28,76,40,1256.6370614359173,191008.83333825943,11,0.8610071317527911,U09p343881_ETM_S06,1.0,652.15,1.35,1.2,28220.287130892048,182858.07873326077,212376.961804031,42.499801623823714,179.22898838995405,PASS
CSEG_28,76,40,1256.6370614359173,191008.83333825943,12,0.8864174328120643,U09p343881_ETM_S06,1.0,652.15,1.35,1.2,29510.52713089205,183103.22431619727,206565.45949837865,42.499801623823714,179.22898838995405,PASS
CSEG_28,76,40,1256.6370614359173,191008.83333825943,13,0.9148272553916527,U09p343881_ETM_S06,1.0,652.15,1.35,1.2,30800.76713089205,183348.36989913374,200418.5695370863,42.499801623823714,179.22898838995405,PASS
CSEG_28,76,40,1256.6370614359173,191008.83333825943,14,0.9470019661281281,U09p343881_ETM_S06,1.0,652.15,1.35,1.2,32091.00713089205,183593.51548207022,193868.1460532789,42.499801623823714,179.22898838995405,PASS
CSEG_28,76,40,1256.6370614359173,191008.83333825943,15,0.983203379629529,U09p343881_ETM_S06,1.0,652.15,1.35,1.2,33381.24713089205,183838.6610650067,186979.28106621958,42.499801623823714,179.22898838995405,PASS
CSEG_28,76,40,1256.6370614359173,191008.83333825943,16,1.024709296225366,U09p343881_ETM_S06,1.0,652.15,1.35,1.2,34671.48713089205,184083.80664794316,179644.9074152415,42.499801623823714,179.22898838995405,FAIL
CSEG_28,76,50,1963.4954084936207,298451.30209103035,1,0.6187202145597924,U09p343881_ETM_S06,1.0,652.15,1.0,1.0,10390.849726586704,181491.17775930793,293333.19566491846,37.499801623823714,169.22898838995405,PASS
CSEG_28,76,50,1963.4954084936207,298451.30209103035,2,0.6096630529552375,U09p343881_ETM_S06,1.0,652.15,1.0,1.0,10390.849726586704,181491.17775930793,297690.95712715486,37.499801623823714,169.22898838995405,PASS
CSEG_28,76,50,1963.4954084936207,298451.30209103035,3,0.6027108684521424,U09p343881_ETM_S06,1.0,652.15,1.0,1.0,10390.849726586704,181491.17775930793,301124.7801543818,37.499801623823714,169.22898838995405,PASS
CSEG_28,76,50,1963.4954084936207,298451.30209103035,4,0.5992748020178866,U09p343881_ETM_S06,1.0,652.15,1.0,1.2,15551.809726586704,182471.76009105382,304487.62316825654,37.499801623823714,169.22898838995405,PASS
CSEG_28,76,50,1963.4954084936207,298451.30209103035,5,0.5985380968672419,U09p343881_ETM_S06,1.0,652.15,1.0,1.2,16842.0497265867,182716.90567399032,305271.9728791426,37.499801623823714,169.22898838995405,PASS
CSEG_28,76,50,1963.4954084936207,298451.30209103035,6,0.6005058264554037,U09p343881_ETM_S06,1.0,652.15,1.0,1.2,18132.289726586703,182962.0512569268,304679.8935105993,37.499801623823714,169.22898838995405,PASS
CSEG_28,76,50,1963.4954084936207,298451.30209103035,7,0.6052853427739593,U09p343881_ETM_S06,1.0,652.15,1.0,1.2,19422.529726586705,183207.19683986326,302679.0571208017,37.499801623823714,169.22898838995405,PASS
CSEG_28,76,50,1963.4954084936207,298451.30209103035,8,0.6157858678058691,U09p343881_ETM_S06,1.0,652.15,1.35,1.2,24349.56713089205,182122.64198445136,295756.44961353164,37.499801623823714,169.22898838995405,PASS
CSEG_28,76,50,1963.4954084936207,298451.30209103035,9,0.6302180219454159,U09p343881_ETM_S06,1.0,652.15,1.35,1.2,25639.807130892048,182367.78756738783,289372.5365143286,37.499801623823714,169.22898838995405,PASS
CSEG_28,76,50,1963.4954084936207,298451.30209103035,10,0.6455788711028725,U09p343881_ETM_S06,1.0,652.15,1.35,1.2,26930.04713089205,182612.9331503243,282866.9606834532,37.499801623823714,169.22898838995405,PASS
CSEG_28,76,50,1963.4954084936207,298451.30209103035,11,0.6616259936325648,U09p343881_ETM_S06,1.0,652.15,1.35,1.2,28220.287130892048,182858.07873326077,276376.8057680203,37.499801623823714,169.22898838995405,PASS
CSEG_28,76,50,1963.4954084936207,298451.30209103035,12,0.678486250836625,U09p343881_ETM_S06,1.0,652.15,1.35,1.2,29510.52713089205,183103.22431619727,269870.2060512164,37.499801623823714,169.22898838995405,PASS
CSEG_28,76,50,1963.4954084936207,298451.30209103035,13,0.6963409035704915,U09p343881_ETM_S06,1.0,652.15,1.35,1.2,30800.76713089205,183348.36989913374,263302.59928580106,37.499801623823714,169.22898838995405,PASS
CSEG_28,76,50,1963.4954084936207,298451.30209103035,14,0.7152956762466036,U09p343881_ETM_S06,1.0,652.15,1.35,1.2,32091.00713089205,183593.51548207022,256668.00678210022,37.499801623823714,169.22898838995405,PASS
CSEG_28,76,50,1963.4954084936207,298451.30209103035,15,0.7357369678153938,U09p343881_ETM_S06,1.0,652.15,1.35,1.2,33381.24713089205,183838.6610650067,249870.08823394377,37.499801623823714,169.22898838995405,PASS
CSEG_28,76,50,1963.4954084936207,298451.30209103035,16,0.7579523430378414,U09p343881_ETM_S06,1.0,652.15,1.35,1.2,34671.48713089205,184083.80664794316,242869.89589628144,37.499801623823714,169.22898838995405,PASS
CSEG_29,76,25,490.8738521234052,74612.82552275759,1,1.4410514124143738,U09p343881_ETM_S06,0.7,652.15,1.0,1.0,9940.738334526248,170211.77327374616,118116.37794974231,49.999801623823714,190.34444081056563,FAIL
CSEG_29,76,25,490.8738521234052,74612.82552275759,2,1.295289237229057,U09p343881_ETM_S06,0.7,652.15,1.0,1.0,9940.738334526248,170211.77327374616,131408.31281658073,49.999801623823714,190.34444081056563,FAIL
CSEG_29,76,25,490.8738521234052,74612.82552275759,3,1.1881383857773447,U09p343881_ETM_S06,0.7,652.15,1.0,1.0,9940.738334526248,170211.77327374616,143259.21568671847,49.999801623823714,190.34444081056563,FAIL
CSEG_29,76,25,490.8738521234052,74612.82552275759,4,1.1114728832421739,U09p343881_ETM_S06,0.7,652.15,1.0,1.0,9940.738334526248,170211.77327374616,153140.73410161593,49.999801623823714,190.34444081056563,FAIL
CSEG_29,76,25,490.8738521234052,74612.82552275759,5,1.0527366145577692,U09p343881_ETM_S06,1.0,652.15,1.0,1.0,9940.738334526248,170211.77327374616,161685.05105642998,49.999801623823714,190.34444081056563,FAIL
CSEG_29,76,25,490.8738521234052,74612.82552275759,6,1.0086537736771428,U09p343881_ETM_S06,1.0,652.15,1.0,1.0,9940.738334526248,170211.77327374616,168751.43653428572,49.999801623823714,190.34444081056563,FAIL
CSEG_29,76,25,490.8738521234052,74612.82552275759,7,0.9753770368532466,U09p343881_ETM_S06,1.0,652.15,1.0,1.0,9940.738334526248,170211.77327374616,174508.69442537008,49.999801623823714,190.34444081056563,PASS
CSEG_29,76,25,490.8738521234052,74612.82552275759,8,0.9511913137394121,U09p343881_ETM_S06,1.0,652.15,1.0,1.0,9940.738334526248,170211.77327374616,178945.88692635737,49.999801623823714,190.34444081056563,PASS
CSEG_29,76,25,490.8738521234052,74612.82552275759,9,0.9503797701484942,U09p343881_ETM_S06,1.0,652.15,1.35,1.2,25032.156751610433,171059.34020197738,179990.51071473234,49.999801623823714,190.34444081056563,PASS
CSEG_29,76,25,490.8738521234052,74612.82552275759,10,0.9651518592531951,U09p343881_ETM_S06,1.0,652.15,1.35,1.2,26322.39675161043,171304.48578491385,177489.67081456384,49.999801623823714,190.34444081056563,PASS
CSEG_29,76,25,490.8738521234052,74612.82552275759,11,0.9839361174013979,U09p343881_ETM_S06,1.0,652.15,1.35,1.2,27612.63675161043,171549.63136785032,174350.37532814383,49.999801623823714,190.34444081056563,PASS
CSEG_29,76,25,490.8738521234052,74612.82552275759,12,1.0079338799660063,U09p343881_ETM_S06,1.0,652.15,1.35,1.2,28902.87675161043,171794.7769507868,170442.5065626138,49.999801623823714,190.34444081056563,FAIL
CSEG_29,76,25,490.8738521234052,74612.82552275759,13,1.039555889874062,U09p343881_ETM_S06,1.0,652.15,1.35,1.2,30193.116751610432,172039.92253372326,165493.67302855186,49.999801623823714,190.34444081056563,FAIL
CSEG_29,76,25,490.8738521234052,74612.82552275759,14,1.0785444358253797,U09p343881_ETM_S06,1.0,652.15,1.35,1.2,31483.35675161043,172285.06811665974,159738.4979180898,49.999801623823714,190.34444081056563,FAIL
CSEG_29,76,25,490.8738521234052,74612.82552275759,15,1.1273394635110032,U09p343881_ETM_S06,1.0,652.15,1.35,1.2,32773.59675161043,172530.21369959618,153041.93571141872,49.999801623823714,190.34444081056563,FAIL
CSEG_29,76,25,490.8738521234052,74612.82552275759,16,1.1885937990017268,U09p343881_ETM_S06,1.0,652.15,1.35,1.2,34063.83675161043,172775.3592825327,145361.1481295316,49.999801623823714,190.34444081056563,FAIL
CSEG_29,76,28,615.7521601035994,93594.32833574711,1,1.2505653848489964,U09p343881_ETM_S06,0.7,652.15,1.0,1.0,9940.738334526248,170211.77327374616,136107.8559633241,48.499801623823714,187.34444081056563,FAIL
CSEG_29,76,28,615.7521601035994,93594.32833574711,2,1.1455364980423637,U09p343881_ETM_S06,0.7,652.15,1.0,1.0,9940.738334526248,170211.77327374616,148586.94905367517,48.499801623823714,187.34444081056563,FAIL
CSEG_29,76,28,615.7521601035994,93594.32833574711,3,1.069449286830434,U09p343881_ETM_S06,0.7,652.15,1.0,1.0,9940.738334526248,170211.77327374616,159158.34006323855,48.499801623823714,187.34444081056563,FAIL
CSEG_29,76,28,615.7521601035994,93594.32833574711,4,1.011514313421475,U09p343881_ETM_S06,1.0,652.15,1.0,1.0,9940.738334526248,170211.77327374616,168274.21126449524,48.499801623823714,187.34444081056563,FAIL
CSEG_29,76,28,615.7521601035994,93594.32833574711,5,0.9672558568525768,U09p343881_ETM_S06,1.0,652.15,1.0,1.0,9940.738334526248,170211.77327374616,175973.88743409677,48.499801623823714,187.34444081056563,PASS
CSEG_29,76,28,615.7521601035994,93594.32833574711,6,0.9330555649832603,U09p343881_ETM_S06,1.0,652.15,1.0,1.0,9940.738334526248,170211.77327374616,182424.0481077886,48.499801623823714,187.34444081056563,PASS
CSEG_29,76,28,615.7521601035994,93594.32833574711,7,0.9074207459237627,U09p343881_ETM_S06,1.0,652.15,1.0,1.0,9940.738334526248,170211.77327374616,187577.5642538005,48.499801623823714,187.34444081056563,PASS
CSEG_29,76,28,615.7521601035994,93594.32833574711,8,0.8899079330688928,U09p343881_ETM_S06,1.0,652.15,1.0,1.2,20262.658334526248,172172.93793723796,193472.7532358216,48.499801623823714,187.34444081056563,PASS
CSEG_29,76,28,615.7521601035994,93594.32833574711,9,0.8952075312882115,U09p343881_ETM_S06,1.0,652.15,1.35,1.2,25032.156751610433,171059.34020197738,191083.44626616524,48.499801623823714,187.34444081056563,PASS
CSEG_29,76,28,615.7521601035994,93594.32833574711,10,0.910817957994793,U09p343881_ETM_S06,1.0,652.15,1.35,1.2,26322.39675161043,171304.48578491385,188077.63316618002,48.499801623823714,187.34444081056563,PASS
CSEG_29,76,28,615.7521601035994,93594.32833574711,11,0.929225607095295,U09p343881_ETM_S06,1.0,652.15,1.35,1.2,27612.63675161043,171549.63136785032,184615.69510993615,48.499801623823714,187.34444081056563,PASS
CSEG_29,76,28,615.7521601035994,93594.32833574711,12,0.9511491590157155,U09p343881_ETM_S06,1.0,652.15,1.35,1.2,28902.87675161043,171794.7769507868,180618.12421572913,48.499801623823714,187.34444081056563,PASS
CSEG_29,76,28,615.7521601035994,93594.32833574711,13,0.9786719829879034,U09p343881_ETM_S06,1.0,652.15,1.35,1.2,30193.116751610432,172039.92253372326,175789.1566574556,48.499801623823714,187.34444081056563,PASS
CSEG_29,76,28,615.7521601035994,93594.32833574711,14,1.0123550677761302,U09p343881_ETM_S06,1.0,652.15,1.35,1.2,31483.35675161043,172285.06811665974,170182.45238315777,48.499801623823714,187.34444081056563,FAIL
CSEG_29,76,28,615.7521601035994,93594.32833574711,15,1.0530273766094822,U09p343881_ETM_S06,1.0,652.15,1.35,1.2,32773.59675161043,172530.21369959618,163842.0971115734,48.499801623823714,187.34444081056563,FAIL
CSEG_29,76,28,615.7521601035994,93594.32833574711,16,1.1028359027394838,U09p343881_ETM_S06,1.0,652.15,1.35,1.2,34063.83675161043,172775.3592825327,156664.61243540634,48.499801623823714,187.34444081056563,FAIL
CSEG_29,76,32,804.247719318987,122245.65333648602,1,1.0487301821186494,U09p343881_ETM_S06,0.7,652.15,1.0,1.0,9940.738334526248,170211.77327374616,162302.73160431365,46.499801623823714,183.34444081056563,FAIL
CSEG_29,76,32,804.247719318987,122245.65333648602,2,0.9834084103595845,U09p343881_ETM_S06,0.7,652.15,1.0,1.0,9940.738334526248,170211.77327374616,173083.50374134793,46.499801623823714,183.34444081056563,PASS
CSEG_29,76,32,804.247719318987,122245.65333648602,3,0.9334911673029261,U09p343881_ETM_S06,1.0,652.15,1.0,1.0,9940.738334526248,170211.77327374616,182338.92214055726,46.499801623823714,183.34444081056563,PASS
CSEG_29,76,32,804.247719318987,122245.65333648602,4,0.8945272403919459,U09p343881_ETM_S06,1.0,652.15,1.0,1.0,9940.738334526248,170211.77327374616,190281.26320576464,46.499801623823714,183.34444081056563,PASS
CSEG_29,76,32,804.247719318987,122245.65333648602,5,0.863798459961285,U09p343881_ETM_S06,1.0,652.15,1.0,1.0,9940.738334526248,170211.77327374616,197050.33195055125,46.499801623823714,183.34444081056563,PASS
CSEG_29,76,32,804.247719318987,122245.65333648602,6,0.8399498899049734,U09p343881_ETM_S06,1.0,652.15,1.0,1.0,9940.738334526248,170211.77327374616,202645.15219235618,46.499801623823714,183.34444081056563,PASS
CSEG_29,76,32,804.247719318987,122245.65333648602,7,0.8222088721517458,U09p343881_ETM_S06,1.0,652.15,1.0,1.0,9940.738334526248,170211.77327374616,207017.68010395794,46.499801623823714,183.34444081056563,PASS
CSEG_29,76,32,804.247719318987,122245.65333648602,8,0.8150921245635363,U09p343881_ETM_S06,1.0,652.15,1.0,1.2,20262.658334526248,172172.93793723796,211231.26177845572,46.499801623823714,183.34444081056563,PASS
CSEG_29,76,32,804.247719318987,122245.65333648602,9,0.821950907983829,U09p343881_ETM_S06,1.0,652.15,1.35,1.2,25032.156751610433,171059.34020197738,208113.81621509543,46.499801623823714,183.34444081056563,PASS
CSEG_29,76,32,804.247719318987,122245.65333648602,10,0.8379703742501237,U09p343881_ETM_S06,1.0,652.15,1.35,1.2,26322.39675161043,171304.48578491385,204427.8545505973,46.499801623823714,183.34444081056563,PASS
CSEG_29,76,32,804.247719318987,122245.65333648602,11,0.8556151269224389,U09p343881_ETM_S06,1.0,652.15,1.35,1.2,27612.63675161043,171549.63136785032,200498.59565351187,46.499801623823714,183.34444081056563,PASS
CSEG_29,76,32,804.247719318987,122245.65333648602,12,0.8756055781042763,U09p343881_ETM_S06,1.0,652.15,1.35,1.2,28902.87675161043,171794.7769507868,196201.09926975326,46.499801623823714,183.34444081056563,PASS
CSEG_29,76,32,804.247719318987,122245.65333648602,13,0.898696633394539,U09p343881_ETM_S06,1.0,652.15,1.35,1.2,30193.116751610432,172039.92253372326,191432.69946822603,46.499801623823714,183.34444081056563,PASS
CSEG_29,76,32,804.247719318987,122245.65333648602,14,0.9264826400395669,U09p343881_ETM_S06,1.0,652.15,1.35,1.2,31483.35675161043,172285.06811665974,185956.06724946515,46.499801623823714,183.34444081056563,PASS
CSEG_29,76,32,804.247719318987,122245.65333648602,15,0.9589237599538609,U09p343881_ETM_S06,1.0,652.15,1.35,1.2,32773.59675161043,172530.21369959618,179920.67868659087,46.499801623823714,183.34444081056563,PASS
CSEG_29,76,32,804.247719318987,122245.65333648602,16,0.9973149902957598,U09p343881_ETM_S06,1.0,652.15,1.35,1.2,34063.83675161043,172775.3592825327,173240.51173771603,46.499801623823714,183.34444081056563,PASS
CSEG_29,76,36,1017.8760197630929,154717.15500399013,1,0.8949581924691529,U09p343881_ETM_S06,0.7,652.15,1.0,1.0,9940.738334526248,170211.77327374616,190189.63646127298,44.499801623823714,179.34444081056563,PASS
CSEG_29,76,36,1017.8760197630929,154717.15500399013,2,0.8536186668673305,U09p343881_ETM_S06,1.0,652.15,1.0,1.0,9940.738334526248,170211.77327374616,199400.2473005906,44.499801623823714,179.34444081056563,PASS
CSEG_29,76,36,1017.8760197630929,154717.15500399013,3,0.8202385462681114,U09p343881_ETM_S06,1.0,652.15,1.0,1.0,9940.738334526248,170211.77327374616,207514.96506494223,44.499801623823714,179.34444081056563,PASS
CSEG_29,76,36,1017.8760197630929,154717.15500399013,4,0.7937763808564798,U09p343881_ETM_S06,1.0,652.15,1.0,1.0,9940.738334526248,170211.77327374616,214432.9024883415,44.499801623823714,179.34444081056563,PASS
CSEG_29,76,36,1017.8760197630929,154717.15500399013,5,0.7725568091056385,U09p343881_ETM_S06,1.0,652.15,1.0,1.0,9940.738334526248,170211.77327374616,220322.66270592355,44.499801623823714,179.34444081056563,PASS
CSEG_29,76,36,1017.8760197630929,154717.15500399013,6,0.7562613482145433,U09p343881_ETM_S06,1.0,652.15,1.0,1.0,9940.738334526248,170211.77327374616,225070.04182561883,44.499801623823714,179.34444081056563,PASS
CSEG_29,76,36,1017.8760197630929,154717.15500399013,7,0.7448907397270352,U09p343881_ETM_S06,1.0,652.15,1.0,1.2,18972.418334526246,171927.7923543015,230809.41027311512,44.499801623823714,179.34444081056563,PASS
CSEG_29,76,36,1017.8760197630929,154717.15500399013,8,0.7441497605877783,U09p343881_ETM_S06,1.0,652.15,1.0,1.2,20262.658334526248,172172.93793723796,231368.66670661094,44.499801623823714,179.34444081056563,PASS
CSEG_29,76,36,1017.8760197630929,154717.15500399013,9,0.7513075798662302,U09p343881_ETM_S06,1.0,652.15,1.35,1.2,25032.156751610433,171059.34020197738,227682.17010726072,44.499801623823714,179.34444081056563,PASS
CSEG_29,76,36,1017.8760197630929,154717.15500399013,10,0.7668799517896663,U09p343881_ETM_S06,1.0,652.15,1.35,1.2,26322.39675161043,171304.48578491385,223378.49018629434,44.499801623823714,179.34444081056563,PASS
CSEG_29,76,36,1017.8760197630929,154717.15500399013,11,0.7834867830351468,U09p343881_ETM_S06,1.0,652.15,1.35,1.2,27612.63675161043,171549.63136785032,218956.6372814673,44.499801623823714,179.34444081056563,PASS
CSEG_29,76,36,1017.8760197630929,154717.15500399013,12,0.801702197642533,U09p343881_ETM_S06,1.0,652.15,1.35,1.2,28902.87675161043,171794.7769507868,214287.52154598373,44.499801623823714,179.34444081056563,PASS
CSEG_29,76,36,1017.8760197630929,154717.15500399013,13,0.8217242433216341,U09p343881_ETM_S06,1.0,652.15,1.35,1.2,30193.116751610432,172039.92253372326,209364.54526191275,44.499801623823714,179.34444081056563,PASS
CSEG_29,76,36,1017.8760197630929,154717.15500399013,14,0.8445991371460203,U09p343881_ETM_S06,1.0,652.15,1.35,1.2,31483.35675161043,172285.06811665974,203984.42354420008,44.499801623823714,179.34444081056563,PASS
CSEG_29,76,36,1017.8760197630929,154717.15500399013,15,0.8711320495803097,U09p343881_ETM_S06,1.0,652.15,1.35,1.2,32773.59675161043,172530.21369959618,198052.88277789464,44.499801623823714,179.34444081056563,PASS
CSEG_29,76,36,1017.8760197630929,154717.15500399013,16,0.9012909702341833,U09p343881_ETM_S06,1.0,652.15,1.35,1.2,34063.83675161043,172775.3592825327,191697.64813869193,44.499801623823714,179.34444081056563,PASS
CSEG_29,76,40,1256.6370614359173,191008.83333825943,1,0.7752923935875063,U09p343881_ETM_S06,1.0,652.15,1.0,1.0,9940.738334526248,170211.77327374616,219545.26405982926,42.499801623823714,175.34444081056563,PASS
CSEG_29,76,40,1256.6370614359173,191008.83333825943,2,0.7477369343343847,U09p343881_ETM_S06,1.0,652.15,1.0,1.0,9940.738334526248,170211.77327374616,227635.90436423218,42.499801623823714,175.34444081056563,PASS
CSEG_29,76,40,1256.6370614359173,191008.83333825943,3,0.7251525970449063,U09p343881_ETM_S06,1.0,652.15,1.0,1.0,9940.738334526248,170211.77327374616,234725.45498338123,42.499801623823714,175.34444081056563,PASS
CSEG_29,76,40,1256.6370614359173,191008.83333825943,4,0.7071448466099498,U09p343881_ETM_S06,1.0,652.15,1.0,1.0,9940.738334526248,170211.77327374616,240702.84057041616,42.499801623823714,175.34444081056563,PASS
CSEG_29,76,40,1256.6370614359173,191008.83333825943,5,0.6926589100591275,U09p343881_ETM_S06,1.0,652.15,1.0,1.0,9940.738334526248,170211.77327374616,245736.78444303325,42.499801623823714,175.34444081056563,PASS
CSEG_29,76,40,1256.6370614359173,191008.83333825943,6,0.6816377134473274,U09p343881_ETM_S06,1.0,652.15,1.0,1.0,9940.738334526248,170211.77327374616,249710.0291193014,42.499801623823714,175.34444081056563,PASS
CSEG_29,76,40,1256.6370614359173,191008.83333825943,7,0.6772371531267183,U09p343881_ETM_S06,1.0,652.15,1.0,1.2,18972.418334526246,171927.7923543015,253866.4507115899,42.499801623823714,175.34444081056563,PASS
CSEG_29,76,40,1256.6370614359173,191008.83333825943,8,0.6781528712165312,U09p343881_ETM_S06,1.0,652.15,1.0,1.2,20262.658334526248,172172.93793723796,253885.14189784194,42.499801623823714,175.34444081056563,PASS
CSEG_29,76,40,1256.6370614359173,191008.83333825943,9,0.6850226854931745,U09p343881_ETM_S06,1.0,652.15,1.35,1.2,25032.156751610433,171059.34020197738,249713.39464301846,42.499801623823714,175.34444081056563,PASS
CSEG_29,76,40,1256.6370614359173,191008.83333825943,10,0.6993366512410543,U09p343881_ETM_S06,1.0,652.15,1.35,1.2,26322.39675161043,171304.48578491385,244952.82133563873,42.499801623823714,175.34444081056563,PASS
CSEG_29,76,40,1256.6370614359173,191008.83333825943,11,0.7146907056813427,U09p343881_ETM_S06,1.0,652.15,1.35,1.2,27612.63675161043,171549.63136785032,240033.38787553605,42.499801623823714,175.34444081056563,PASS
CSEG_29,76,40,1256.6370614359173,191008.83333825943,12,0.7311056977911476,U09p343881_ETM_S06,1.0,652.15,1.35,1.2,28902.87675161043,171794.7769507868,234979.39828648797,42.499801623823714,175.34444081056563,PASS
CSEG_29,76,40,1256.6370614359173,191008.83333825943,13,0.7488152432109817,U09p343881_ETM_S06,1.0,652.15,1.35,1.2,30193.116751610432,172039.92253372326,229749.4930738881,42.499801623823714,175.34444081056563,PASS
CSEG_29,76,40,1256.6370614359173,191008.83333825943,14,0.7680420872347178,U09p343881_ETM_S06,1.0,652.15,1.35,1.2,31483.35675161043,172285.06811665974,224317.22294927892,42.499801623823714,175.34444081056563,PASS
CSEG_29,76,40,1256.6370614359173,191008.83333825943,15,0.7896971477505101,U09p343881_ETM_S06,1.0,652.15,1.35,1.2,32773.59675161043,172530.21369959618,218476.43009862286,42.499801623823714,175.34444081056563,PASS
CSEG_29,76,40,1256.6370614359173,191008.83333825943,16,0.8141873659814041,U09p343881_ETM_S06,1.0,652.15,1.35,1.2,34063.83675161043,172775.3592825327,212205.89572066496,42.499801623823714,175.34444081056563,PASS
CSEG_29,76,50,1963.4954084936207,298451.30209103035,1,0.5654300495705301,U09p343881_ETM_S06,1.0,652.15,1.0,1.0,9940.738334526248,170211.77327374616,301030.64632491634,37.499801623823714,165.34444081056563,PASS
CSEG_29,76,50,1963.4954084936207,298451.30209103035,2,0.5551209611695647,U09p343881_ETM_S06,1.0,652.15,1.0,1.0,9940.738334526248,170211.77327374616,306621.0523110729,37.499801623823714,165.34444081056563,PASS
CSEG_29,76,50,1963.4954084936207,298451.30209103035,3,0.546546686490219,U09p343881_ETM_S06,1.0,652.15,1.0,1.0,9940.738334526248,170211.77327374616,311431.35157730436,37.499801623823714,165.34444081056563,PASS
CSEG_29,76,50,1963.4954084936207,298451.30209103035,4,0.5396453486815111,U09p343881_ETM_S06,1.0,652.15,1.0,1.0,9940.738334526248,170211.77327374616,315414.1394707027,37.499801623823714,165.34444081056563,PASS
CSEG_29,76,50,1963.4954084936207,298451.30209103035,5,0.5355433879441617,U09p343881_ETM_S06,1.0,652.15,1.0,1.2,16391.938334526247,171437.50118842855,320118.78971476253,37.499801623823714,165.34444081056563,PASS
CSEG_29,76,50,1963.4954084936207,298451.30209103035,6,0.5338878469559916,U09p343881_ETM_S06,1.0,652.15,1.0,1.2,17682.178334526245,171682.64677136502,321570.62152702804,37.499801623823714,165.34444081056563,PASS
CSEG_29,76,50,1963.4954084936207,298451.30209103035,7,0.5344075305732918,U09p343881_ETM_S06,1.0,652.15,1.0,1.2,18972.418334526246,171927.7923543015,321716.6348121329,37.499801623823714,165.34444081056563,PASS
CSEG_29,76,50,1963.4954084936207,298451.30209103035,8,0.5370617026274114,U09p343881_ETM_S06,1.0,652.15,1.0,1.2,20262.658334526248,172172.93793723796,320583.1603611543,37.499801623823714,165.34444081056563,PASS
CSEG_29,76,50,1963.4954084936207,298451.30209103035,9,0.5421585399378821,U09p343881_ETM_S06,1.0,652.15,1.0,1.2,21552.898334526246,172418.08352017443,318021.52104793786,37.499801623823714,165.34444081056563,PASS
CSEG_29,76,50,1963.4954084936207,298451.30209103035,10,0.5520053268390657,U09p343881_ETM_S06,1.0,652.15,1.35,1.2,26322.39675161043,171304.48578491385,310331.21866024454,37.499801623823714,165.34444081056563,PASS
CSEG_29,76,50,1963.4954084936207,298451.30209103035,11,0.563802303501779,U09p343881_ETM_S06,1.0,652.15,1.35,1.2,27612.63675161043,171549.63136785032,304272.6684555112,37.499801623823714,165.34444081056563,PASS
CSEG_29,76,50,1963.4954084936207,298451.30209103035,12,0.5759448542683531,U09p343881_ETM_S06,1.0,652.15,1.35,1.2,28902.87675161043,171794.7769507868,298283.3784825197,37.499801623823714,165.34444081056563,PASS
CSEG_29,76,50,1963.4954084936207,298451.30209103035,13,0.5886898212783204,U09p343881_ETM_S06,1.0,652.15,1.35,1.2,30193.116751610432,172039.92253372326,292242.0539905791,37.499801623823714,165.34444081056563,PASS
CSEG_29,76,50,1963.4954084936207,298451.30209103035,14,0.6020925579704798,U09p343881_ETM_S06,1.0,652.15,1.35,1.2,31483.35675161043,172285.06811665974,286143.82595492364,37.499801623823714,165.34444081056563,PASS
CSEG_29,76,50,1963.4954084936207,298451.30209103035,15,0.6162346858550368,U09p343881_ETM_S06,1.0,652.15,1.35,1.2,32773.59675161043,172530.21369959618,279974.84993920353,37.499801623823714,165.34444081056563,PASS
CSEG_29,76,50,1963.4954084936207,298451.30209103035,16,0.6311677569704862,U09p343881_ETM_S06,1.0,652.15,1.35,1.2,34063.83675161043,172775.3592825327,273739.2038399259,37.499801623823714,165.34444081056563,PASS
CSEG_30,76,25,490.8738521234052,74612.82552275759,1,1.3871772134536966,U09p343881_ETM_S06,0.7,652.15,1.0,1.0,9410.180888145807,158857.04513871967,114518.20545927837,49.99980944280014,178.81477299514674,FAIL
CSEG_30,76,25,490.8738521234052,74612.82552275759,2,1.2382130121131734,U09p343881_ETM_S06,0.7,652.15,1.0,1.0,9410.180888145807,158857.04513871967,128295.40925887157,49.99980944280014,178.81477299514674,FAIL
CSEG_30,76,25,490.8738521234052,74612.82552275759,3,1.1242265505849944,U09p343881_ETM_S06,0.7,652.15,1.0,1.0,9410.180888145807,158857.04513871967,141303.40993642068,49.99980944280014,178.81477299514674,FAIL
CSEG_30,76,25,490.8738521234052,74612.82552275759,4,1.035956796780015,U09p343881_ETM_S06,0.7,652.15,1.0,1.0,9410.180888145807,158857.04513871967,153343.31087211633,49.99980944280014,178.81477299514674,FAIL
CSEG_30,76,25,490.8738521234052,74612.82552275759,5,0.9708391008768483,U09p343881_ETM_S06,0.7,652.15,1.0,1.0,9410.180888145807,158857.04513871967,163628.60230417398,49.99980944280014,178.81477299514674,PASS
CSEG_30,76,25,490.8738521234052,74612.82552275759,6,0.9190348310854871,U09p343881_ETM_S06,0.7,652.15,1.0,1.0,9410.180888145807,158857.04513871967,172852.03973291305,49.99980944280014,178.81477299514674,PASS
CSEG_30,76,25,490.8738521234052,74612.82552275759,7,0.8788655210333604,U09p343881_ETM_S06,1.0,652.15,1.0,1.0,9410.180888145807,158857.04513871967,180752.39196087397,49.99980944280014,178.81477299514674,PASS
CSEG_30,76,25,490.8738521234052,74612.82552275759,8,0.8468863049960464,U09p343881_ETM_S06,1.0,652.15,1.0,1.0,9410.180888145807,158857.04513871967,187577.7707132261,49.99980944280014,178.81477299514674,PASS
CSEG_30,76,25,490.8738521234052,74612.82552275759,9,0.8217331159687469,U09p343881_ETM_S06,1.0,652.15,1.0,1.0,9410.180888145807,158857.04513871967,193319.51220128447,49.99980944280014,178.81477299514674,PASS
CSEG_30,76,25,490.8738521234052,74612.82552275759,10,0.8024089415391951,U09p343881_ETM_S06,1.0,652.15,1.0,1.0,9410.180888145807,158857.04513871967,197975.16816549585,49.99980944280014,178.81477299514674,PASS
CSEG_30,76,25,490.8738521234052,74612.82552275759,11,0.7980143425636423,U09p343881_ETM_S06,1.0,652.15,1.0,1.2,23602.820888145805,161494.51055841902,202370.43614982354,49.99980944280014,178.81477299514674,PASS
CSEG_30,76,25,490.8738521234052,74612.82552275759,12,0.8046890544993295,U09p343881_ETM_S06,1.0,652.15,1.0,1.2,24893.060888145803,161734.280142028,200989.78510731412,49.99980944280014,178.81477299514674,PASS
CSEG_30,76,25,490.8738521234052,74612.82552275759,13,0.8139265672542754,U09p343881_ETM_S06,1.0,652.15,1.0,1.2,26183.300888145808,161974.04972563707,199003.27159985117,49.99980944280014,178.81477299514674,PASS
CSEG_30,76,25,490.8738521234052,74612.82552275759,14,0.8273875165543632,U09p343881_ETM_S06,1.0,652.15,1.35,1.2,30767.104198996836,160807.15939652285,194355.31257010097,49.99980944280014,178.81477299514674,PASS
CSEG_30,76,25,490.8738521234052,74612.82552275759,15,0.8452541513793148,U09p343881_ETM_S06,1.0,652.15,1.35,1.2,32057.344198996834,161046.9289801319,190530.7755274907,49.99980944280014,178.81477299514674,PASS
CSEG_30,76,25,490.8738521234052,74612.82552275759,16,0.8683136091735072,U09p343881_ETM_S06,1.0,652.15,1.35,1.2,33347.58419899684,161286.69856374094,185747.05827455537,49.99980944280014,178.81477299514674,PASS
CSEG_30,76,28,615.7521601035994,93594.32833574711,1,1.1993963722793937,U09p343881_ETM_S06,0.7,652.15,1.0,1.0,9410.180888145807,158857.04513871967,132447.4950985717,48.49980944280014,175.81477299514674,FAIL
CSEG_30,76,28,615.7521601035994,93594.32833574711,2,1.0903326694873698,U09p343881_ETM_S06,0.7,652.15,1.0,1.0,9410.180888145807,158857.04513871967,145695.94178390325,48.49980944280014,175.81477299514674,FAIL
CSEG_30,76,28,615.7521601035994,93594.32833574711,3,1.004643855662575,U09p343881_ETM_S06,0.7,652.15,1.0,1.0,9410.180888145807,158857.04513871967,158122.74592965233,48.49980944280014,175.81477299514674,FAIL
CSEG_30,76,28,615.7521601035994,93594.32833574711,4,0.9394254746206474,U09p343881_ETM_S06,0.7,652.15,1.0,1.0,9410.180888145807,158857.04513871967,169100.2101075322,48.49980944280014,175.81477299514674,PASS
CSEG_30,76,28,615.7521601035994,93594.32833574711,5,0.8891114415062941,U09p343881_ETM_S06,0.7,652.15,1.0,1.0,9410.180888145807,158857.04513871967,178669.44201009374,48.49980944280014,175.81477299514674,PASS
CSEG_30,76,28,615.7521601035994,93594.32833574711,6,0.8490745966149774,U09p343881_ETM_S06,1.0,652.15,1.0,1.0,9410.180888145807,158857.04513871967,187094.3327854092,48.49980944280014,175.81477299514674,PASS
CSEG_30,76,28,615.7521601035994,93594.32833574711,7,0.8170774491723005,U09p343881_ETM_S06,1.0,652.15,1.0,1.0,9410.180888145807,158857.04513871967,194421.037197443,48.49980944280014,175.81477299514674,PASS
CSEG_30,76,28,615.7521601035994,93594.32833574711,8,0.7915766052246798,U09p343881_ETM_S06,1.0,652.15,1.0,1.0,9410.180888145807,158857.04513871967,200684.36091997684,48.49980944280014,175.81477299514674,PASS
CSEG_30,76,28,615.7521601035994,93594.32833574711,9,0.7714515289253658,U09p343881_ETM_S06,1.0,652.15,1.0,1.0,9410.180888145807,158857.04513871967,205919.67114253825,48.49980944280014,175.81477299514674,PASS
CSEG_30,76,28,615.7521601035994,93594.32833574711,10,0.7560754224855415,U09p343881_ETM_S06,1.0,652.15,1.0,1.0,9410.180888145807,158857.04513871967,210107.40517988137,48.49980944280014,175.81477299514674,PASS
CSEG_30,76,28,615.7521601035994,93594.32833574711,11,0.7575278528596981,U09p343881_ETM_S06,1.0,652.15,1.0,1.2,23602.820888145805,161494.51055841902,213186.2346034812,48.49980944280014,175.81477299514674,PASS
CSEG_30,76,28,615.7521601035994,93594.32833574711,12,0.765326255739422,U09p343881_ETM_S06,1.0,652.15,1.0,1.2,24893.060888145803,161734.280142028,211327.2332278317,48.49980944280014,175.81477299514674,PASS
CSEG_30,76,28,615.7521601035994,93594.32833574711,13,0.7752168254744747,U09p343881_ETM_S06,1.0,652.15,1.0,1.2,26183.300888145808,161974.04972563707,208940.3176027561,48.49980944280014,175.81477299514674,PASS
CSEG_30,76,28,615.7521601035994,93594.32833574711,14,0.7883082560173307,U09p343881_ETM_S06,1.0,652.15,1.35,1.2,30767.104198996836,160807.15939652285,203990.20074830673,48.49980944280014,175.81477299514674,PASS
CSEG_30,76,28,615.7521601035994,93594.32833574711,15,0.8044662737001116,U09p343881_ETM_S06,1.0,652.15,1.35,1.2,32057.344198996834,161046.9289801319,200191.0263302932,48.49980944280014,175.81477299514674,PASS
CSEG_30,76,28,615.7521601035994,93594.32833574711,16,0.8246729161040114,U09p343881_ETM_S06,1.0,652.15,1.35,1.2,33347.58419899684,161286.69856374094,195576.5678903401,48.49980944280014,175.81477299514674,PASS
CSEG_30,76,32,804.247719318987,122245.65333648602,1,1.0002655617038587,U09p343881_ETM_S06,0.7,652.15,1.0,1.0,9410.180888145807,158857.04513871967,158814.86999124667,46.49980944280014,171.81477299514674,FAIL
CSEG_30,76,32,804.247719318987,122245.65333648602,2,0.9275355854063477,U09p343881_ETM_S06,0.7,652.15,1.0,1.0,9410.180888145807,158857.04513871967,171267.87116111058,46.49980944280014,171.81477299514674,PASS
CSEG_30,76,32,804.247719318987,122245.65333648602,3,0.8709813680174762,U09p343881_ETM_S06,0.7,652.15,1.0,1.0,9410.180888145807,158857.04513871967,182388.5687707756,46.49980944280014,171.81477299514674,PASS
CSEG_30,76,32,804.247719318987,122245.65333648602,4,0.8272930036012561,U09p343881_ETM_S06,1.0,652.15,1.0,1.0,9410.180888145807,158857.04513871967,192020.29323009553,46.49980944280014,171.81477299514674,PASS
CSEG_30,76,32,804.247719318987,122245.65333648602,5,0.7920916129620243,U09p343881_ETM_S06,1.0,652.15,1.0,1.0,9410.180888145807,158857.04513871967,200553.8785402287,46.49980944280014,171.81477299514674,PASS
CSEG_30,76,32,804.247719318987,122245.65333648602,6,0.7635435066619856,U09p343881_ETM_S06,1.0,652.15,1.0,1.0,9410.180888145807,158857.04513871967,208052.3817604075,46.49980944280014,171.81477299514674,PASS
CSEG_30,76,32,804.247719318987,122245.65333648602,7,0.7403194502367412,U09p343881_ETM_S06,1.0,652.15,1.0,1.0,9410.180888145807,158857.04513871967,214579.05109465914,46.49980944280014,171.81477299514674,PASS
CSEG_30,76,32,804.247719318987,122245.65333648602,8,0.7216540523537317,U09p343881_ETM_S06,1.0,652.15,1.0,1.0,9410.180888145807,158857.04513871967,220129.08348618686,46.49980944280014,171.81477299514674,PASS
CSEG_30,76,32,804.247719318987,122245.65333648602,9,0.7069850462828564,U09p343881_ETM_S06,1.0,652.15,1.0,1.0,9410.180888145807,158857.04513871967,224696.4712676014,46.49980944280014,171.81477299514674,PASS
CSEG_30,76,32,804.247719318987,122245.65333648602,10,0.7002813878831544,U09p343881_ETM_S06,1.0,652.15,1.0,1.2,22312.580888145807,161254.74097480997,230271.35058131255,46.49980944280014,171.81477299514674,PASS
CSEG_30,76,32,804.247719318987,122245.65333648602,11,0.7032134977935093,U09p343881_ETM_S06,1.0,652.15,1.0,1.2,23602.820888145805,161494.51055841902,229652.1768497681,46.49980944280014,171.81477299514674,PASS
CSEG_30,76,32,804.247719318987,122245.65333648602,12,0.7117331253158506,U09p343881_ETM_S06,1.0,652.15,1.0,1.2,24893.060888145803,161734.280142028,227240.06286802245,46.49980944280014,171.81477299514674,PASS
CSEG_30,76,32,804.247719318987,122245.65333648602,13,0.7223560345595176,U09p343881_ETM_S06,1.0,652.15,1.35,1.2,29476.86419899684,160567.38981291384,222282.8939344648,46.49980944280014,171.81477299514674,PASS
CSEG_30,76,32,804.247719318987,122245.65333648602,14,0.7348917538629225,U09p343881_ETM_S06,1.0,652.15,1.35,1.2,30767.104198996836,160807.15939652285,218817.47692942247,46.49980944280014,171.81477299514674,PASS
CSEG_30,76,32,804.247719318987,122245.65333648602,15,0.7492847574647695,U09p343881_ETM_S06,1.0,652.15,1.35,1.2,32057.344198996834,161046.9289801319,214934.21209453087,46.49980944280014,171.81477299514674,PASS
CSEG_30,76,32,804.247719318987,122245.65333648602,16,0.7663330587256233,U09p343881_ETM_S06,1.0,652.15,1.35,1.2,33347.58419899684,161286.69856374094,210465.5367888648,46.49980944280014,171.81477299514674,PASS
CSEG_30,76,36,1017.8760197630929,154717.15500399013,1,0.8460566833947594,U09p343881_ETM_S06,0.7,652.15,1.0,1.0,9410.180888145807,158857.04513871967,187761.7046901797,44.49980944280014,167.81477299514674,PASS
CSEG_30,76,36,1017.8760197630929,154717.15500399013,2,0.7990721900330886,U09p343881_ETM_S06,0.7,652.15,1.0,1.0,9410.180888145807,158857.04513871967,198801.86936820013,44.49980944280014,167.81477299514674,PASS
CSEG_30,76,36,1017.8760197630929,154717.15500399013,3,0.7624611174099338,U09p343881_ETM_S06,1.0,652.15,1.0,1.0,9410.180888145807,158857.04513871967,208347.73277141538,44.49980944280014,167.81477299514674,PASS
CSEG_30,76,36,1017.8760197630929,154717.15500399013,4,0.7325101315351015,U09p343881_ETM_S06,1.0,652.15,1.0,1.0,9410.180888145807,158857.04513871967,216866.68661607083,44.49980944280014,167.81477299514674,PASS
CSEG_30,76,36,1017.8760197630929,154717.15500399013,5,0.7076447613105845,U09p343881_ETM_S06,1.0,652.15,1.0,1.0,9410.180888145807,158857.04513871967,224486.99379122158,44.49980944280014,167.81477299514674,PASS
CSEG_30,76,36,1017.8760197630929,154717.15500399013,6,0.6871676677021066,U09p343881_ETM_S06,1.0,652.15,1.0,1.0,9410.180888145807,158857.04513871967,231176.54192016734,44.49980944280014,167.81477299514674,PASS
CSEG_30,76,36,1017.8760197630929,154717.15500399013,7,0.6704956353172628,U09p343881_ETM_S06,1.0,652.15,1.0,1.0,9410.180888145807,158857.04513871967,236924.80125325834,44.49980944280014,167.81477299514674,PASS
CSEG_30,76,36,1017.8760197630929,154717.15500399013,8,0.6570844826052538,U09p343881_ETM_S06,1.0,652.15,1.0,1.0,9410.180888145807,158857.04513871967,241760.4575120574,44.49980944280014,167.81477299514674,PASS
CSEG_30,76,36,1017.8760197630929,154717.15500399013,9,0.6473327284259078,U09p343881_ETM_S06,1.0,652.15,1.0,1.2,21022.340888145805,161014.97139120096,248736.02758002735,44.49980944280014,167.81477299514674,PASS
CSEG_30,76,36,1017.8760197630929,154717.15500399013,10,0.6462121988473553,U09p343881_ETM_S06,1.0,652.15,1.0,1.2,22312.580888145807,161254.74097480997,249538.37340495747,44.49980944280014,167.81477299514674,PASS
CSEG_30,76,36,1017.8760197630929,154717.15500399013,11,0.6499309982710979,U09p343881_ETM_S06,1.0,652.15,1.0,1.2,23602.820888145805,161494.51055841902,248479.47087924054,44.49980944280014,167.81477299514674,PASS
CSEG_30,76,36,1017.8760197630929,154717.15500399013,12,0.6584799762423624,U09p343881_ETM_S06,1.0,652.15,1.0,1.2,24893.060888145803,161734.280142028,245617.61325677662,44.49980944280014,167.81477299514674,PASS
CSEG_30,76,36,1017.8760197630929,154717.15500399013,13,0.6693728790087123,U09p343881_ETM_S06,1.0,652.15,1.35,1.2,29476.86419899684,160567.38981291384,239877.34616720845,44.49980944280014,167.81477299514674,PASS
CSEG_30,76,36,1017.8760197630929,154717.15500399013,14,0.6812393186349244,U09p343881_ETM_S06,1.0,652.15,1.35,1.2,30767.104198996836,160807.15939652285,236050.9075118421,44.49980944280014,167.81477299514674,PASS
CSEG_30,76,36,1017.8760197630929,154717.15500399013,15,0.6943906592415007,U09p343881_ETM_S06,1.0,652.15,1.35,1.2,32057.344198996834,161046.9289801319,231925.5405250515,44.49980944280014,167.81477299514674,PASS
CSEG_30,76,36,1017.8760197630929,154717.15500399013,16,0.7091577674080389,U09p343881_ETM_S06,1.0,652.15,1.35,1.2,33347.58419899684,161286.69856374094,227434.1563700859,44.49980944280014,167.81477299514674,PASS
CSEG_30,76,40,1256.6370614359173,191008.83333825943,1,0.7276207822092629,U09p343881_ETM_S06,0.7,652.15,1.0,1.0,9410.180888145807,158857.04513871967,218323.9525627411,42.49980944280014,163.81477299514674,PASS
CSEG_30,76,40,1256.6370614359173,191008.83333825943,2,0.6976577115163926,U09p343881_ETM_S06,1.0,652.15,1.0,1.0,9410.180888145807,158857.04513871967,227700.55073774824,42.49980944280014,163.81477299514674,PASS
CSEG_30,76,40,1256.6370614359173,191008.83333825943,3,0.6727063927575263,U09p343881_ETM_S06,1.0,652.15,1.0,1.0,9410.180888145807,158857.04513871967,236146.18033811208,42.49980944280014,163.81477299514674,PASS
CSEG_30,76,40,1256.6370614359173,191008.83333825943,4,0.6516993136492917,U09p343881_ETM_S06,1.0,652.15,1.0,1.0,9410.180888145807,158857.04513871967,243758.19002965483,42.49980944280014,163.81477299514674,PASS
CSEG_30,76,40,1256.6370614359173,191008.83333825943,5,0.6342302213682919,U09p343881_ETM_S06,1.0,652.15,1.0,1.0,9410.180888145807,158857.04513871967,250472.2099114113,42.49980944280014,163.81477299514674,PASS
CSEG_30,76,40,1256.6370614359173,191008.83333825943,6,0.6196622062021826,U09p343881_ETM_S06,1.0,652.15,1.0,1.0,9410.180888145807,158857.04513871967,256360.7132220163,42.49980944280014,163.81477299514674,PASS
CSEG_30,76,40,1256.6370614359173,191008.83333825943,7,0.6077772282073396,U09p343881_ETM_S06,1.0,652.15,1.0,1.0,9410.180888145807,158857.04513871967,261373.80238360382,42.49980944280014,163.81477299514674,PASS
CSEG_30,76,40,1256.6370614359173,191008.83333825943,8,0.5983011642602767,U09p343881_ETM_S06,1.0,652.15,1.0,1.0,9410.180888145807,158857.04513871967,265513.514978909,42.49980944280014,163.81477299514674,PASS
CSEG_30,76,40,1256.6370614359173,191008.83333825943,9,0.5945219540689115,U09p343881_ETM_S06,1.0,652.15,1.0,1.2,21022.340888145805,161014.97139120096,270830.9933539268,42.49980944280014,163.81477299514674,PASS
CSEG_30,76,40,1256.6370614359173,191008.83333825943,10,0.5948427328706978,U09p343881_ETM_S06,1.0,652.15,1.0,1.2,22312.580888145807,161254.74097480997,271088.02388254483,42.49980944280014,163.81477299514674,PASS
CSEG_30,76,40,1256.6370614359173,191008.83333825943,11,0.5988787446280052,U09p343881_ETM_S06,1.0,652.15,1.0,1.2,23602.820888145805,161494.51055841902,269661.4498461315,42.49980944280014,163.81477299514674,PASS
CSEG_30,76,40,1256.6370614359173,191008.83333825943,12,0.6071330547005669,U09p343881_ETM_S06,1.0,652.15,1.35,1.2,28186.624198996837,160327.6202293048,264073.28506990464,42.49980944280014,163.81477299514674,PASS
CSEG_30,76,40,1256.6370614359173,191008.83333825943,13,0.6176338186748096,U09p343881_ETM_S06,1.0,652.15,1.35,1.2,29476.86419899684,160567.38981291384,259971.8230414034,42.49980944280014,163.81477299514674,PASS
CSEG_30,76,40,1256.6370614359173,191008.83333825943,14,0.6288011864349676,U09p343881_ETM_S06,1.0,652.15,1.35,1.2,30767.104198996836,160807.15939652285,255736.09411939935,42.49980944280014,163.81477299514674,PASS
CSEG_30,76,40,1256.6370614359173,191008.83333825943,15,0.6408421876766854,U09p343881_ETM_S06,1.0,652.15,1.35,1.2,32057.344198996834,161046.9289801319,251305.12952649506,42.49980944280014,163.81477299514674,PASS
CSEG_30,76,40,1256.6370614359173,191008.83333825943,16,0.6538843024178297,U09p343881_ETM_S06,1.0,652.15,1.35,1.2,33347.58419899684,161286.69856374094,246659.38296325598,42.49980944280014,163.81477299514674,PASS
CSEG_30,76,50,1963.4954084936207,298451.30209103035,1,0.5282395097751478,U09p343881_ETM_S06,1.0,652.15,1.0,1.0,9410.180888145807,158857.04513871967,300729.19991603674,37.49980944280014,153.81477299514674,PASS
CSEG_30,76,50,1963.4954084936207,298451.30209103035,2,0.5163074796393912,U09p343881_ETM_S06,1.0,652.15,1.0,1.0,9410.180888145807,158857.04513871967,307679.14741361386,37.49980944280014,153.81477299514674,PASS
CSEG_30,76,50,1963.4954084936207,298451.30209103035,3,0.5061245886267604,U09p343881_ETM_S06,1.0,652.15,1.0,1.0,9410.180888145807,158857.04513871967,313869.44777715235,37.49980944280014,153.81477299514674,PASS
CSEG_30,76,50,1963.4954084936207,298451.30209103035,4,0.4973833695546448,U09p343881_ETM_S06,1.0,652.15,1.0,1.0,9410.180888145807,158857.04513871967,319385.5180179419,37.49980944280014,153.81477299514674,PASS
CSEG_30,76,50,1963.4954084936207,298451.30209103035,5,0.4900530946448165,U09p343881_ETM_S06,1.0,652.15,1.0,1.0,9410.180888145807,158857.04513871967,324162.92616998364,37.49980944280014,153.81477299514674,PASS
CSEG_30,76,50,1963.4954084936207,298451.30209103035,6,0.4839847418060634,U09p343881_ETM_S06,1.0,652.15,1.0,1.0,9410.180888145807,158857.04513871967,328227.38284252555,37.49980944280014,153.81477299514674,PASS
CSEG_30,76,50,1963.4954084936207,298451.30209103035,7,0.48084581804888976,U09p343881_ETM_S06,1.0,652.15,1.0,1.2,18441.860888145806,160535.43222398288,333860.5145312099,37.49980944280014,153.81477299514674,PASS
CSEG_30,76,50,1963.4954084936207,298451.30209103035,8,0.4793310028079404,U09p343881_ETM_S06,1.0,652.15,1.0,1.2,19732.100888145804,160775.20180759192,335415.8209374405,37.49980944280014,153.81477299514674,PASS
CSEG_30,76,50,1963.4954084936207,298451.30209103035,9,0.47947238172610246,U09p343881_ETM_S06,1.0,652.15,1.0,1.2,21022.340888145805,161014.97139120096,335816.98868983117,37.49980944280014,153.81477299514674,PASS
CSEG_30,76,50,1963.4954084936207,298451.30209103035,10,0.4814321286008631,U09p343881_ETM_S06,1.0,652.15,1.0,1.2,22312.580888145807,161254.74097480997,334948.02568214154,37.49980944280014,153.81477299514674,PASS
CSEG_30,76,50,1963.4954084936207,298451.30209103035,11,0.48526941489727976,U09p343881_ETM_S06,1.0,652.15,1.0,1.2,23602.820888145805,161494.51055841902,332793.5072780213,37.49980944280014,153.81477299514674,PASS
CSEG_30,76,50,1963.4954084936207,298451.30209103035,12,0.49159046037961873,U09p343881_ETM_S06,1.0,652.15,1.0,1.2,24893.060888145803,161734.280142028,329002.0722068786,37.49980944280014,153.81477299514674,PASS
CSEG_30,76,50,1963.4954084936207,298451.30209103035,13,0.4998856575660062,U09p343881_ETM_S06,1.0,652.15,1.35,1.2,29476.86419899684,160567.38981291384,321208.23508866545,37.49980944280014,153.81477299514674,PASS
CSEG_30,76,50,1963.4954084936207,298451.30209103035,14,0.5089047174395614,U09p343881_ETM_S06,1.0,652.15,1.35,1.2,30767.104198996836,160807.15939652285,315986.7729377467,37.49980944280014,153.81477299514674,PASS
CSEG_30,76,50,1963.4954084936207,298451.30209103035,15,0.5182794450666849,U09p343881_ETM_S06,1.0,652.15,1.35,1.2,32057.344198996834,161046.9289801319,310733.77598336095,37.49980944280014,153.81477299514674,PASS
CSEG_30,76,50,1963.4954084936207,298451.30209103035,16,0.5280594150888568,U09p343881_ETM_S06,1.0,652.15,1.35,1.2,33347.58419899684,161286.69856374094,305432.86220282834,37.49980944280014,153.81477299514674,PASS
CSEG_31,76,25,490.8738521234052,74612.82552275759,1,1.4240218923268813,U09p343881_ETM_S06,0.7,652.1,1.0,1.0,8884.55349771304,149192.5418349219,104768.43273184389,49.9998370249582,157.69771115400317,FAIL
CSEG_31,76,25,490.8738521234052,74612.82552275759,2,1.267456381492427,U09p343881_ETM_S06,0.7,652.1,1.0,1.0,8884.55349771304,149192.5418349219,117710.19816812003,49.9998370249582,157.69771115400317,FAIL
CSEG_31,76,25,490.8738521234052,74612.82552275759,3,1.1471269319498572,U09p343881_ETM_S06,0.7,652.1,1.0,1.0,8884.55349771304,149192.5418349219,130057.57050907018,49.9998370249582,157.69771115400317,FAIL
CSEG_31,76,25,490.8738521234052,74612.82552275759,4,1.0523408187438497,U09p343881_ETM_S06,0.7,652.1,1.0,1.0,8884.55349771304,149192.5418349219,141772.07533678008,49.9998370249582,157.69771115400317,FAIL
CSEG_31,76,25,490.8738521234052,74612.82552275759,5,0.9783270373525782,U09p343881_ETM_S06,0.7,652.1,1.0,1.0,8884.55349771304,149192.5418349219,152497.61699180616,49.9998370249582,157.69771115400317,PASS
CSEG_31,76,25,490.8738521234052,74612.82552275759,6,0.921720929824369,U09p343881_ETM_S06,1.0,652.1,1.0,1.0,8884.55349771304,149192.5418349219,161863.02926130805,49.9998370249582,157.69771115400317,PASS
CSEG_31,76,25,490.8738521234052,74612.82552275759,7,0.8767637029384039,U09p343881_ETM_S06,1.0,652.1,1.0,1.0,8884.55349771304,149192.5418349219,170162.7717193526,49.9998370249582,157.69771115400317,PASS
CSEG_31,76,25,490.8738521234052,74612.82552275759,8,0.8402698627683401,U09p343881_ETM_S06,1.0,652.1,1.0,1.0,8884.55349771304,149192.5418349219,177553.12721010184,49.9998370249582,157.69771115400317,PASS
CSEG_31,76,25,490.8738521234052,74612.82552275759,9,0.810658640208394,U09p343881_ETM_S06,1.0,652.1,1.0,1.0,8884.55349771304,149192.5418349219,184038.6747701466,49.9998370249582,157.69771115400317,PASS
CSEG_31,76,25,490.8738521234052,74612.82552275759,10,0.7867597867451984,U09p343881_ETM_S06,1.0,652.1,1.0,1.0,8884.55349771304,149192.5418349219,189629.08927021673,49.9998370249582,157.69771115400317,PASS
CSEG_31,76,25,490.8738521234052,74612.82552275759,11,0.7678327452440558,U09p343881_ETM_S06,1.0,652.1,1.0,1.0,8884.55349771304,149192.5418349219,194303.43751164328,49.9998370249582,157.69771115400317,PASS
CSEG_31,76,25,490.8738521234052,74612.82552275759,12,0.7609589190388711,U09p343881_ETM_S06,1.0,652.1,1.0,1.2,24367.433497713035,151881.40182670037,199592.1172966001,49.9998370249582,157.69771115400317,PASS
CSEG_31,76,25,490.8738521234052,74612.82552275759,13,0.7648786399840755,U09p343881_ETM_S06,1.0,652.1,1.0,1.2,25657.67349771304,152105.4734926819,198862.23191675046,49.9998370249582,157.69771115400317,PASS
CSEG_31,76,25,490.8738521234052,74612.82552275759,14,0.771297242129166,U09p343881_ETM_S06,1.0,652.1,1.0,1.2,26947.913497713038,152329.54515866344,197497.84757191374,49.9998370249582,157.69771115400317,PASS
CSEG_31,76,25,490.8738521234052,74612.82552275759,15,0.7799881334243188,U09p343881_ETM_S06,1.0,652.1,1.0,1.2,28238.153497713036,152553.61682464497,195584.5355683825,49.9998370249582,157.69771115400317,PASS
CSEG_31,76,25,490.8738521234052,74612.82552275759,16,0.7919476661510649,U09p343881_ETM_S06,1.0,652.1,1.35,1.2,32637.9872219126,151300.35874691833,191048.430614426,49.9998370249582,157.69771115400317,PASS
CSEG_31,76,28,615.7521601035994,93594.32833574711,1,1.2287383750450331,U09p343881_ETM_S06,0.7,652.1,1.0,1.0,8884.55349771304,149192.5418349219,121419.29060322056,48.4998370249582,154.69771115400317,FAIL
CSEG_31,76,28,615.7521601035994,93594.32833574711,2,1.114112585271512,U09p343881_ETM_S06,0.7,652.1,1.0,1.0,8884.55349771304,149192.5418349219,133911.54880326867,48.4998370249582,154.69771115400317,FAIL
CSEG_31,76,28,615.7521601035994,93594.32833574711,3,1.023093536351047,U09p343881_ETM_S06,0.7,652.1,1.0,1.0,8884.55349771304,149192.5418349219,145824.92854664123,48.4998370249582,154.69771115400317,FAIL
CSEG_31,76,28,615.7521601035994,93594.32833574711,4,0.9498215401814626,U09p343881_ETM_S06,0.7,652.1,1.0,1.0,8884.55349771304,149192.5418349219,157074.28766715358,48.4998370249582,154.69771115400317,PASS
CSEG_31,76,28,615.7521601035994,93594.32833574711,5,0.8945125373761811,U09p343881_ETM_S06,0.7,652.1,1.0,1.0,8884.55349771304,149192.5418349219,166786.4178545102,48.4998370249582,154.69771115400317,PASS
CSEG_31,76,28,615.7521601035994,93594.32833574711,6,0.8505862598165524,U09p343881_ETM_S06,1.0,652.1,1.0,1.0,8884.55349771304,149192.5418349219,175399.66124905256,48.4998370249582,154.69771115400317,PASS
CSEG_31,76,28,615.7521601035994,93594.32833574711,7,0.814517593007434,U09p343881_ETM_S06,1.0,652.1,1.0,1.0,8884.55349771304,149192.5418349219,183166.75184885814,48.4998370249582,154.69771115400317,PASS
CSEG_31,76,28,615.7521601035994,93594.32833574711,8,0.7849634587769972,U09p343881_ETM_S06,1.0,652.1,1.0,1.0,8884.55349771304,149192.5418349219,190063.04072723273,48.4998370249582,154.69771115400317,PASS
CSEG_31,76,28,615.7521601035994,93594.32833574711,9,0.7608906099665166,U09p343881_ETM_S06,1.0,652.1,1.0,1.0,8884.55349771304,149192.5418349219,196076.20317654754,48.4998370249582,154.69771115400317,PASS
CSEG_31,76,28,615.7521601035994,93594.32833574711,10,0.7414967568442657,U09p343881_ETM_S06,1.0,652.1,1.0,1.0,8884.55349771304,149192.5418349219,201204.57771099373,48.4998370249582,154.69771115400317,PASS
CSEG_31,76,28,615.7521601035994,93594.32833574711,11,0.7261340525250907,U09p343881_ETM_S06,1.0,652.1,1.0,1.0,8884.55349771304,149192.5418349219,205461.4314204287,48.4998370249582,154.69771115400317,PASS
CSEG_31,76,28,615.7521601035994,93594.32833574711,12,0.7252447900027591,U09p343881_ETM_S06,1.0,652.1,1.0,1.2,24367.433497713035,151881.40182670037,209420.87957105154,48.4998370249582,154.69771115400317,PASS
CSEG_31,76,28,615.7521601035994,93594.32833574711,13,0.730209557952038,U09p343881_ETM_S06,1.0,652.1,1.0,1.2,25657.67349771304,152105.4734926819,208303.86542635827,48.4998370249582,154.69771115400317,PASS
CSEG_31,76,28,615.7521601035994,93594.32833574711,14,0.7374651653120731,U09p343881_ETM_S06,1.0,652.1,1.0,1.2,26947.913497713038,152329.54515866344,206558.29227432347,48.4998370249582,154.69771115400317,PASS
CSEG_31,76,28,615.7521601035994,93594.32833574711,15,0.7462814035053094,U09p343881_ETM_S06,1.0,652.1,1.0,1.2,28238.153497713036,152553.61682464497,204418.3549370189,48.4998370249582,154.69771115400317,PASS
CSEG_31,76,28,615.7521601035994,93594.32833574711,16,0.757521352429257,U09p343881_ETM_S06,1.0,652.1,1.0,1.2,29528.393497713034,152777.68849062652,201681.03248930405,48.4998370249582,154.69771115400317,PASS
CSEG_31,76,32,804.247719318987,122245.65333648602,1,1.022445106766586,U09p343881_ETM_S06,0.7,652.1,1.0,1.0,8884.55349771304,149192.5418349219,145917.40998862355,46.4998370249582,150.69771115400317,FAIL
CSEG_31,76,32,804.247719318987,122245.65333648602,2,0.9455179605716528,U09p343881_ETM_S06,0.7,652.1,1.0,1.0,8884.55349771304,149192.5418349219,157789.22035994034,46.4998370249582,150.69771115400317,PASS
CSEG_31,76,32,804.247719318987,122245.65333648602,3,0.8825190463781689,U09p343881_ETM_S06,0.7,652.1,1.0,1.0,8884.55349771304,149192.5418349219,169053.05607533743,46.4998370249582,150.69771115400317,PASS
CSEG_31,76,32,804.247719318987,122245.65333648602,4,0.8345397027915716,U09p343881_ETM_S06,1.0,652.1,1.0,1.0,8884.55349771304,149192.5418349219,178772.25174052996,46.4998370249582,150.69771115400317,PASS
CSEG_31,76,32,804.247719318987,122245.65333648602,5,0.795836613037664,U09p343881_ETM_S06,1.0,652.1,1.0,1.0,8884.55349771304,149192.5418349219,187466.29570793718,46.4998370249582,150.69771115400317,PASS
CSEG_31,76,32,804.247719318987,122245.65333648602,6,0.7638677383536506,U09p343881_ETM_S06,1.0,652.1,1.0,1.0,8884.55349771304,149192.5418349219,195312.00801394455,46.4998370249582,150.69771115400317,PASS
CSEG_31,76,32,804.247719318987,122245.65333648602,7,0.7373825959477892,U09p343881_ETM_S06,1.0,652.1,1.0,1.0,8884.55349771304,149192.5418349219,202327.180835016,46.4998370249582,150.69771115400317,PASS
CSEG_31,76,32,804.247719318987,122245.65333648602,8,0.7154386078584655,U09p343881_ETM_S06,1.0,652.1,1.0,1.0,8884.55349771304,149192.5418349219,208532.97571052596,46.4998370249582,150.69771115400317,PASS
CSEG_31,76,32,804.247719318987,122245.65333648602,9,0.6974314176842873,U09p343881_ETM_S06,1.0,652.1,1.0,1.0,8884.55349771304,149192.5418349219,213917.15092258473,46.4998370249582,150.69771115400317,PASS
CSEG_31,76,32,804.247719318987,122245.65333648602,10,0.682942512458232,U09p343881_ETM_S06,1.0,652.1,1.0,1.0,8884.55349771304,149192.5418349219,218455.49092837644,46.4998370249582,150.69771115400317,PASS
CSEG_31,76,32,804.247719318987,122245.65333648602,11,0.6751193847971134,U09p343881_ETM_S06,1.0,652.1,1.0,1.2,23077.193497713037,151657.33016071882,224637.79529348694,46.4998370249582,150.69771115400317,PASS
CSEG_31,76,32,804.247719318987,122245.65333648602,12,0.6768590408652974,U09p343881_ETM_S06,1.0,652.1,1.0,1.2,24367.433497713035,151881.40182670037,224391.47984569287,46.4998370249582,150.69771115400317,PASS
CSEG_31,76,32,804.247719318987,122245.65333648602,13,0.6826524301096258,U09p343881_ETM_S06,1.0,652.1,1.0,1.2,25657.67349771304,152105.4734926819,222815.39885275962,46.4998370249582,150.69771115400317,PASS
CSEG_31,76,32,804.247719318987,122245.65333648602,14,0.6907151504594853,U09p343881_ETM_S06,1.0,652.1,1.0,1.2,26947.913497713038,152329.54515866344,220538.87924324386,46.4998370249582,150.69771115400317,PASS
CSEG_31,76,32,804.247719318987,122245.65333648602,15,0.6997926804965985,U09p343881_ETM_S06,1.0,652.1,1.0,1.2,28238.153497713036,152553.61682464497,217998.30303510366,46.4998370249582,150.69771115400317,PASS
CSEG_31,76,32,804.247719318987,122245.65333648602,16,0.7103331477385851,U09p343881_ETM_S06,1.0,652.1,1.0,1.2,29528.393497713034,152777.68849062652,215078.9231461452,46.4998370249582,150.69771115400317,PASS
CSEG_31,76,36,1017.8760197630929,154717.15500399013,1,0.8629641023261719,U09p343881_ETM_S06,0.7,652.1,1.0,1.0,8884.55349771304,149192.5418349219,172883.83309660782,44.4998370249582,146.69771115400317,PASS
CSEG_31,76,36,1017.8760197630929,154717.15500399013,2,0.8104862692154163,U09p343881_ETM_S06,0.7,652.1,1.0,1.0,8884.55349771304,149192.5418349219,184077.81538279032,44.4998370249582,146.69771115400317,PASS
CSEG_31,76,36,1017.8760197630929,154717.15500399013,3,0.7706190188805195,U09p343881_ETM_S06,1.0,652.1,1.0,1.0,8884.55349771304,149192.5418349219,193600.90807472458,44.4998370249582,146.69771115400317,PASS
CSEG_31,76,36,1017.8760197630929,154717.15500399013,4,0.7377154047035612,U09p343881_ETM_S06,1.0,652.1,1.0,1.0,8884.55349771304,149192.5418349219,202235.9040948487,44.4998370249582,146.69771115400317,PASS
CSEG_31,76,36,1017.8760197630929,154717.15500399013,5,0.7100345174349825,U09p343881_ETM_S06,1.0,652.1,1.0,1.0,8884.55349771304,149192.5418349219,210120.1253903595,44.4998370249582,146.69771115400317,PASS
CSEG_31,76,36,1017.8760197630929,154717.15500399013,6,0.6868940600846286,U09p343881_ETM_S06,1.0,652.1,1.0,1.0,8884.55349771304,149192.5418349219,217198.76543486296,44.4998370249582,146.69771115400317,PASS
CSEG_31,76,36,1017.8760197630929,154717.15500399013,7,0.6675203494131123,U09p343881_ETM_S06,1.0,652.1,1.0,1.0,8884.55349771304,149192.5418349219,223502.61226656663,44.4998370249582,146.69771115400317,PASS
CSEG_31,76,36,1017.8760197630929,154717.15500399013,8,0.6514440428575107,U09p343881_ETM_S06,1.0,652.1,1.0,1.0,8884.55349771304,149192.5418349219,229018.19959930857,44.4998370249582,146.69771115400317,PASS
CSEG_31,76,36,1017.8760197630929,154717.15500399013,9,0.6382239894424985,U09p343881_ETM_S06,1.0,652.1,1.0,1.0,8884.55349771304,149192.5418349219,233762.04013460007,44.4998370249582,146.69771115400317,PASS
CSEG_31,76,36,1017.8760197630929,154717.15500399013,10,0.6278189062786524,U09p343881_ETM_S06,1.0,652.1,1.0,1.2,21786.95349771304,151433.2584947373,241205.31729817778,44.4998370249582,146.69771115400317,PASS
CSEG_31,76,36,1017.8760197630929,154717.15500399013,11,0.6261689376899165,U09p343881_ETM_S06,1.0,652.1,1.0,1.2,23077.193497713037,151657.33016071882,242198.74387288856,44.4998370249582,146.69771115400317,PASS
CSEG_31,76,36,1017.8760197630929,154717.15500399013,12,0.6289431582262023,U09p343881_ETM_S06,1.0,652.1,1.0,1.2,24367.433497713035,151881.40182670037,241486.69055411767,44.4998370249582,146.69771115400317,PASS
CSEG_31,76,36,1017.8760197630929,154717.15500399013,13,0.6349551729926401,U09p343881_ETM_S06,1.0,652.1,1.0,1.2,25657.67349771304,152105.4734926819,239553.0896705443,44.4998370249582,146.69771115400317,PASS
CSEG_31,76,36,1017.8760197630929,154717.15500399013,14,0.6434230705173462,U09p343881_ETM_S06,1.0,652.1,1.0,1.2,26947.913497713038,152329.54515866344,236748.65285166487,44.4998370249582,146.69771115400317,PASS
CSEG_31,76,36,1017.8760197630929,154717.15500399013,15,0.6525608172266898,U09p343881_ETM_S06,1.0,652.1,1.0,1.2,28238.153497713036,152553.61682464497,233776.8569571503,44.4998370249582,146.69771115400317,PASS
CSEG_31,76,36,1017.8760197630929,154717.15500399013,16,0.6624909073397399,U09p343881_ETM_S06,1.0,652.1,1.0,1.2,29528.393497713034,152777.68849062652,230610.99676690166,44.4998370249582,146.69771115400317,PASS
CSEG_31,76,40,1256.6370614359173,191008.83333825943,1,0.7385708825775423,U09p343881_ETM_S06,0.7,652.1,1.0,1.0,8884.55349771304,149192.5418349219,202001.65665109095,42.4998370249582,142.69771115400317,PASS
CSEG_31,76,40,1256.6370614359173,191008.83333825943,2,0.7061858903113665,U09p343881_ETM_S06,1.0,652.1,1.0,1.0,8884.55349771304,149192.5418349219,211265.25449147815,42.4998370249582,142.69771115400317,PASS
CSEG_31,76,40,1256.6370614359173,191008.83333825943,3,0.6788344075250649,U09p343881_ETM_S06,1.0,652.1,1.0,1.0,8884.55349771304,149192.5418349219,219777.51890753006,42.4998370249582,142.69771115400317,PASS
CSEG_31,76,40,1256.6370614359173,191008.83333825943,4,0.6555831462346899,U09p343881_ETM_S06,1.0,652.1,1.0,1.0,8884.55349771304,149192.5418349219,227572.26553458863,42.4998370249582,142.69771115400317,PASS
CSEG_31,76,40,1256.6370614359173,191008.83333825943,5,0.6358290547782207,U09p343881_ETM_S06,1.0,652.1,1.0,1.0,8884.55349771304,149192.5418349219,234642.53593595338,42.4998370249582,142.69771115400317,PASS
CSEG_31,76,40,1256.6370614359173,191008.83333825943,6,0.6191109050074682,U09p343881_ETM_S06,1.0,652.1,1.0,1.0,8884.55349771304,149192.5418349219,240978.70127666742,42.4998370249582,142.69771115400317,PASS
CSEG_31,76,40,1256.6370614359173,191008.83333825943,7,0.6051120641988057,U09p343881_ETM_S06,1.0,652.1,1.0,1.0,8884.55349771304,149192.5418349219,246553.57356402936,42.4998370249582,142.69771115400317,PASS
CSEG_31,76,40,1256.6370614359173,191008.83333825943,8,0.5933851776926008,U09p343881_ETM_S06,1.0,652.1,1.0,1.0,8884.55349771304,149192.5418349219,251426.13506974065,42.4998370249582,142.69771115400317,PASS
CSEG_31,76,40,1256.6370614359173,191008.83333825943,9,0.5838278195961603,U09p343881_ETM_S06,1.0,652.1,1.0,1.0,8884.55349771304,149192.5418349219,255542.02254034404,42.4998370249582,142.69771115400317,PASS
CSEG_31,76,40,1256.6370614359173,191008.83333825943,10,0.5794559461247585,U09p343881_ETM_S06,1.0,652.1,1.0,1.2,21786.95349771304,151433.2584947373,261336.96531631294,42.4998370249582,142.69771115400317,PASS
CSEG_31,76,40,1256.6370614359173,191008.83333825943,11,0.5792086511178371,U09p343881_ETM_S06,1.0,652.1,1.0,1.2,23077.193497713037,151657.33016071882,261835.40226484783,42.4998370249582,142.69771115400317,PASS
CSEG_31,76,40,1256.6370614359173,191008.83333825943,12,0.5825443239080249,U09p343881_ETM_S06,1.0,652.1,1.0,1.2,24367.433497713035,151881.40182670037,260720.7650875338,42.4998370249582,142.69771115400317,PASS
CSEG_31,76,40,1256.6370614359173,191008.83333825943,13,0.5885074332070639,U09p343881_ETM_S06,1.0,652.1,1.0,1.2,25657.67349771304,152105.4734926819,258459.73204413918,42.4998370249582,142.69771115400317,PASS
CSEG_31,76,40,1256.6370614359173,191008.83333825943,14,0.5968533320771342,U09p343881_ETM_S06,1.0,652.1,1.0,1.2,26947.913497713038,152329.54515866344,255221.06851365816,42.4998370249582,142.69771115400317,PASS
CSEG_31,76,40,1256.6370614359173,191008.83333825943,15,0.6058025651448604,U09p343881_ETM_S06,1.0,652.1,1.0,1.2,28238.153497713036,152553.61682464497,251820.68482685628,42.4998370249582,142.69771115400317,PASS
CSEG_31,76,40,1256.6370614359173,191008.83333825943,16,0.6152942096810186,U09p343881_ETM_S06,1.0,652.1,1.0,1.2,29528.393497713034,152777.68849062652,248300.221401124,42.4998370249582,142.69771115400317,PASS
CSEG_31,76,50,1963.4954084936207,298451.30209103035,1,0.5342238565369936,U09p343881_ETM_S06,1.0,652.1,1.0,1.0,8884.55349771304,149192.5418349219,279269.7106453364,37.4998370249582,132.69771115400317,PASS
CSEG_31,76,50,1963.4954084936207,298451.30209103035,2,0.5209870640325166,U09p343881_ETM_S06,1.0,652.1,1.0,1.0,8884.55349771304,149192.5418349219,286365.15594101255,37.4998370249582,132.69771115400317,PASS
CSEG_31,76,50,1963.4954084936207,298451.30209103035,3,0.5095791997171105,U09p343881_ETM_S06,1.0,652.1,1.0,1.0,8884.55349771304,149192.5418349219,292775.9647916264,37.4998370249582,132.69771115400317,PASS
CSEG_31,76,50,1963.4954084936207,298451.30209103035,4,0.49967595747135535,U09p343881_ETM_S06,1.0,652.1,1.0,1.0,8884.55349771304,149192.5418349219,298578.5879911474,37.4998370249582,132.69771115400317,PASS
CSEG_31,76,50,1963.4954084936207,298451.30209103035,5,0.49111626693614086,U09p343881_ETM_S06,1.0,652.1,1.0,1.0,8884.55349771304,149192.5418349219,303782.5294724379,37.4998370249582,132.69771115400317,PASS
CSEG_31,76,50,1963.4954084936207,298451.30209103035,6,0.48376983402315027,U09p343881_ETM_S06,1.0,652.1,1.0,1.0,8884.55349771304,149192.5418349219,308395.7108160292,37.4998370249582,132.69771115400317,PASS
CSEG_31,76,50,1963.4954084936207,298451.30209103035,7,0.47754793123428574,U09p343881_ETM_S06,1.0,652.1,1.0,1.0,8884.55349771304,149192.5418349219,312413.7538389373,37.4998370249582,132.69771115400317,PASS
CSEG_31,76,50,1963.4954084936207,298451.30209103035,8,0.4741945906344794,U09p343881_ETM_S06,1.0,652.1,1.0,1.2,19206.473497713036,150985.11516277422,318403.28452662,37.4998370249582,132.69771115400317,PASS
CSEG_31,76,50,1963.4954084936207,298451.30209103035,9,0.4725182313743254,U09p343881_ETM_S06,1.0,652.1,1.0,1.2,20496.713497713037,151209.18682875574,320007.0955758931,37.4998370249582,132.69771115400317,PASS
CSEG_31,76,50,1963.4954084936207,298451.30209103035,10,0.47237248257527076,U09p343881_ETM_S06,1.0,652.1,1.0,1.2,21786.95349771304,151433.2584947373,320580.1863587746,37.4998370249582,132.69771115400317,PASS
CSEG_31,76,50,1963.4954084936207,298451.30209103035,11,0.47391691923075124,U09p343881_ETM_S06,1.0,652.1,1.0,1.2,23077.193497713037,151657.33016071882,320008.26306620316,37.4998370249582,132.69771115400317,PASS
CSEG_31,76,50,1963.4954084936207,298451.30209103035,12,0.4773710026092262,U09p343881_ETM_S06,1.0,652.1,1.0,1.2,24367.433497713035,151881.40182670037,318162.1862168906,37.4998370249582,132.69771115400317,PASS
CSEG_31,76,50,1963.4954084936207,298451.30209103035,13,0.4826905343979312,U09p343881_ETM_S06,1.0,652.1,1.0,1.2,25657.67349771304,152105.4734926819,315120.0669025048,37.4998370249582,132.69771115400317,PASS
CSEG_31,76,50,1963.4954084936207,298451.30209103035,14,0.48924075068700673,U09p343881_ETM_S06,1.0,652.1,1.0,1.2,26947.913497713038,152329.54515866344,311359.07003813086,37.4998370249582,132.69771115400317,PASS
CSEG_31,76,50,1963.4954084936207,298451.30209103035,15,0.49695574108160284,U09p343881_ETM_S06,1.0,652.1,1.0,1.2,28238.153497713036,152553.61682464497,306976.26410878875,37.4998370249582,132.69771115400317,PASS
CSEG_31,76,50,1963.4954084936207,298451.30209103035,16,0.5049578455008339,U09p343881_ETM_S06,1.0,652.1,1.0,1.2,29528.393497713034,152777.68849062652,302555.331800215,37.4998370249582,132.69771115400317,PASS
