1
0
1
ASSEMBLY
76
CSEG_01-1
CSEG_01
CSEG_02-1
CSEG_02
CSEG_03-1
CSEG_03
CSEG_04-1
CSEG_04
CSEG_05-1
CSEG_05
CSEG_06-1
CSEG_06
CSEG_07-1
CSEG_07
CSEG_08-1
CSEG_08
CSEG_09-1
CSEG_09
CSEG_10-1
CSEG_10
CSEG_11-1
CSEG_11
CSEG_12-1
CSEG_12
CSEG_13-1
CSEG_13
CSEG_14-1
CSEG_14
CSEG_15-1
CSEG_15
CSEG_16-1
CSEG_16
CSEG_17-1
CSEG_17
CSEG_18-1
CSEG_18
CSEG_19-1
CSEG_19
CSEG_20-1
CSEG_20
CSEG_21-1
CSEG_21
CSEG_22-1
CSEG_22
CSEG_23-1
CSEG_23
CSEG_24-1
CSEG_24
CSEG_25-1
CSEG_25
CSEG_26-1
CSEG_26
CSEG_27-1
CSEG_27
CSEG_28-1
CSEG_28
CSEG_29-1
CSEG_29
CSEG_30-1
CSEG_30
CSEG_31-1
CSEG_31
DTU_BLADE_SMOOTH_1-1
DTU_BLADE_SMOOTH_OFFICIAL
DTU_BLADE_SMOOTH_2-1
DTU_BLADE_SMOOTH_OFFICIAL
DTU_BLADE_SMOOTH_3-1
DTU_BLADE_SMOOTH_OFFICIAL
DTU_NACELLE_SEG_1-1
DTU_NACELLE_120DEG_OFFICIAL
DTU_NACELLE_SEG_2-1
DTU_NACELLE_120DEG_OFFICIAL
DTU_NACELLE_SEG_3-1
DTU_NACELLE_120DEG_OFFICIAL
DTU_SPINNER_SEG_1-1
DTU_SPINNER_120DEG_OFFICIAL
DTU_SPINNER_SEG_2-1
DTU_SPINNER_120DEG_OFFICIAL
DTU_SPINNER_SEG_3-1
DTU_SPINNER_120DEG_OFFICIAL
PT_36X15P2-1
PT_36X15P2
RBLONG_01-1
RBLONG_01
RBLONG_02-1
RBLONG_02
RBLONG_03-1
RBLONG_03
RBLONG_04-1
RBLONG_04
RBLONG_05-1
RBLONG_05
RBLONG_06-1
RBLONG_06
RBLONG_07-1
RBLONG_07
RBLONG_08-1
RBLONG_08
RBLONG_09-1
RBLONG_09
RBLONG_10-1
RBLONG_10
RBLONG_11-1
RBLONG_11
RBLONG_12-1
RBLONG_12
RBLONG_13-1
RBLONG_13
RBLONG_14-1
RBLONG_14
RBLONG_15-1
RBLONG_15
RBLONG_16-1
RBLONG_16
RBLONG_17-1
RBLONG_17
RBLONG_18-1
RBLONG_18
RBLONG_19-1
RBLONG_19
RBLONG_20-1
RBLONG_20
RBLONG_21-1
RBLONG_21
RBLONG_22-1
RBLONG_22
RBLONG_23-1
RBLONG_23
RBLONG_24-1
RBLONG_24
RBLONG_25-1
RBLONG_25
RBLONG_26-1
RBLONG_26
RBLONG_27-1
RBLONG_27
RBLONG_28-1
RBLONG_28
RBLONG_29-1
RBLONG_29
RBLONG_30-1
RBLONG_30
RBLONG_31-1
RBLONG_31
SSEG_01-1
SSEG_01
SSEG_02-1
SSEG_02
SSEG_03-1
SSEG_03
SSEG_04-1
SSEG_04
76
CSEG_01-1
14
-2147483646
0
48 1 16 5 0 1 0 -1 -1 288 1 -1879048189 63 288 
14
48 1 16 5 0 1 0 -1 -1 288 1 -1879048189 1 288 
CSEG_02-1
14
-2147483646
0
48 1 16 5 0 1 0 -1 -1 288 1 -1879048189 351 288 
14
48 1 16 5 0 1 0 -1 -1 288 1 -1879048189 1 288 
CSEG_03-1
14
-2147483646
0
48 1 16 5 0 1 0 -1 -1 288 1 -1879048189 639 288 
14
48 1 16 5 0 1 0 -1 -1 288 1 -1879048189 1 288 
CSEG_04-1
14
-2147483646
0
48 1 16 5 0 1 0 -1 -1 288 1 -1879048189 927 288 
14
48 1 16 5 0 1 0 -1 -1 288 1 -1879048189 1 288 
CSEG_05-1
14
-2147483646
0
48 1 16 5 0 1 0 -1 -1 288 1 -1879048189 1215 288 
14
48 1 16 5 0 1 0 -1 -1 288 1 -1879048189 1 288 
CSEG_06-1
14
-2147483646
0
48 1 16 5 0 1 0 -1 -1 288 1 -1879048189 1503 288 
14
48 1 16 5 0 1 0 -1 -1 288 1 -1879048189 1 288 
CSEG_07-1
14
-2147483646
0
48 1 16 5 0 1 0 -1 -1 288 1 -1879048189 1791 288 
14
48 1 16 5 0 1 0 -1 -1 288 1 -1879048189 1 288 
CSEG_08-1
14
-2147483646
0
48 1 16 5 0 1 0 -1 -1 288 1 -1879048189 2079 288 
14
48 1 16 5 0 1 0 -1 -1 288 1 -1879048189 1 288 
CSEG_09-1
14
-2147483646
0
48 1 16 5 0 1 0 -1 -1 288 1 -1879048189 2367 288 
14
48 1 16 5 0 1 0 -1 -1 288 1 -1879048189 1 288 
CSEG_10-1
14
-2147483646
0
48 1 16 5 0 1 0 -1 -1 288 1 -1879048189 2655 288 
14
48 1 16 5 0 1 0 -1 -1 288 1 -1879048189 1 288 
CSEG_11-1
14
-2147483646
0
48 1 16 5 0 1 0 -1 -1 288 1 -1879048189 2943 288 
14
48 1 16 5 0 1 0 -1 -1 288 1 -1879048189 1 288 
CSEG_12-1
14
-2147483646
0
48 1 16 5 0 1 0 -1 -1 288 1 -1879048189 3231 288 
14
48 1 16 5 0 1 0 -1 -1 288 1 -1879048189 1 288 
CSEG_13-1
14
-2147483646
0
48 1 16 5 0 1 0 -1 -1 288 1 -1879048189 3519 288 
14
48 1 16 5 0 1 0 -1 -1 288 1 -1879048189 1 288 
CSEG_14-1
14
-2147483646
0
48 1 16 5 0 1 0 -1 -1 288 1 -1879048189 3807 288 
14
48 1 16 5 0 1 0 -1 -1 288 1 -1879048189 1 288 
CSEG_15-1
14
-2147483646
0
48 1 16 5 0 1 0 -1 -1 288 1 -1879048189 4095 288 
14
48 1 16 5 0 1 0 -1 -1 288 1 -1879048189 1 288 
CSEG_16-1
14
-2147483646
0
48 1 16 5 0 1 0 -1 -1 288 1 -1879048189 4383 288 
14
48 1 16 5 0 1 0 -1 -1 288 1 -1879048189 1 288 
CSEG_17-1
14
-2147483646
0
48 1 16 5 0 1 0 -1 -1 288 1 -1879048189 4671 288 
14
48 1 16 5 0 1 0 -1 -1 288 1 -1879048189 1 288 
CSEG_18-1
14
-2147483646
0
48 1 16 5 0 1 0 -1 -1 288 1 -1879048189 4959 288 
14
48 1 16 5 0 1 0 -1 -1 288 1 -1879048189 1 288 
CSEG_19-1
14
-2147483646
0
48 1 16 5 0 1 0 -1 -1 288 1 -1879048189 5247 288 
14
48 1 16 5 0 1 0 -1 -1 288 1 -1879048189 1 288 
CSEG_20-1
14
-2147483646
0
48 1 16 5 0 1 0 -1 -1 288 1 -1879048189 5535 288 
14
48 1 16 5 0 1 0 -1 -1 288 1 -1879048189 1 288 
CSEG_21-1
14
-2147483646
0
48 1 16 5 0 1 0 -1 -1 288 1 -1879048189 5823 288 
14
48 1 16 5 0 1 0 -1 -1 288 1 -1879048189 1 288 
CSEG_22-1
14
-2147483646
0
48 1 16 5 0 1 0 -1 -1 288 1 -1879048189 6111 288 
14
48 1 16 5 0 1 0 -1 -1 288 1 -1879048189 1 288 
CSEG_23-1
14
-2147483646
0
48 1 16 5 0 1 0 -1 -1 288 1 -1879048189 6399 288 
14
48 1 16 5 0 1 0 -1 -1 288 1 -1879048189 1 288 
CSEG_24-1
14
-2147483646
0
48 1 16 5 0 1 0 -1 -1 288 1 -1879048189 6687 288 
14
48 1 16 5 0 1 0 -1 -1 288 1 -1879048189 1 288 
CSEG_25-1
14
-2147483646
0
48 1 16 5 0 1 0 -1 -1 288 1 -1879048189 6975 288 
14
48 1 16 5 0 1 0 -1 -1 288 1 -1879048189 1 288 
CSEG_26-1
14
-2147483646
0
48 1 16 5 0 1 0 -1 -1 288 1 -1879048189 7263 288 
14
48 1 16 5 0 1 0 -1 -1 288 1 -1879048189 1 288 
CSEG_27-1
14
-2147483646
0
48 1 16 5 0 1 0 -1 -1 288 1 -1879048189 7551 288 
14
48 1 16 5 0 1 0 -1 -1 288 1 -1879048189 1 288 
CSEG_28-1
14
-2147483646
0
48 1 16 5 0 1 0 -1 -1 288 1 -1879048189 7839 288 
14
48 1 16 5 0 1 0 -1 -1 288 1 -1879048189 1 288 
CSEG_29-1
14
-2147483646
0
48 1 16 5 0 1 0 -1 -1 288 1 -1879048189 8127 288 
14
48 1 16 5 0 1 0 -1 -1 288 1 -1879048189 1 288 
CSEG_30-1
14
-2147483646
0
48 1 16 5 0 1 0 -1 -1 288 1 -1879048189 8415 288 
14
48 1 16 5 0 1 0 -1 -1 288 1 -1879048189 1 288 
CSEG_31-1
14
-2147483646
0
48 1 16 5 0 1 0 -1 -1 288 1 -1879048189 8703 288 
14
48 1 16 5 0 1 0 -1 -1 288 1 -1879048189 1 288 
DTU_BLADE_SMOOTH_1-1
14
-2147483646
0
48 1 16 5 0 1 0 -1 -1 50189 1 -1879048189 8991 50189 
14
48 1 16 5 0 1 0 -1 -1 50189 1 -1879048189 1 50189 
DTU_BLADE_SMOOTH_2-1
14
-2147483646
0
48 1 16 5 0 1 0 -1 -1 50189 1 -1879048189 59180 50189 
14
48 1 16 5 0 1 0 -1 -1 50189 1 -1879048189 1 50189 
DTU_BLADE_SMOOTH_3-1
14
-2147483646
0
48 1 16 5 0 1 0 -1 -1 50189 1 -1879048189 109369 50189 
14
48 1 16 5 0 1 0 -1 -1 50189 1 -1879048189 1 50189 
DTU_NACELLE_SEG_1-1
14
-2147483646
0
48 1 16 5 0 1 0 -1 -1 20242 1 -1879048189 159558 20242 
14
48 1 16 5 0 1 0 -1 -1 20242 1 -1879048189 1 20242 
DTU_NACELLE_SEG_2-1
14
-2147483646
0
48 1 16 5 0 1 0 -1 -1 20242 1 -1879048189 179800 20242 
14
48 1 16 5 0 1 0 -1 -1 20242 1 -1879048189 1 20242 
DTU_NACELLE_SEG_3-1
14
-2147483646
0
48 1 16 5 0 1 0 -1 -1 20242 1 -1879048189 200042 20242 
14
48 1 16 5 0 1 0 -1 -1 20242 1 -1879048189 1 20242 
DTU_SPINNER_SEG_1-1
14
-2147483646
0
48 1 16 5 0 1 0 -1 -1 33808 1 -1879048189 220284 33808 
14
48 1 16 5 0 1 0 -1 -1 33808 1 -1879048189 1 33808 
DTU_SPINNER_SEG_2-1
14
-2147483646
0
48 1 16 5 0 1 0 -1 -1 33808 1 -1879048189 254092 33808 
14
48 1 16 5 0 1 0 -1 -1 33808 1 -1879048189 1 33808 
DTU_SPINNER_SEG_3-1
14
-2147483646
0
48 1 16 5 0 1 0 -1 -1 33808 1 -1879048189 287900 33808 
14
48 1 16 5 0 1 0 -1 -1 33808 1 -1879048189 1 33808 
PT_36X15P2-1
72
321708 1
321709 2
321710 3
321711 4
321712 5
321713 6
321714 7
321715 8
321716 9
321717 10
321718 11
321719 12
321720 13
321721 14
321722 15
321723 16
321724 17
321725 18
321726 19
321727 20
321728 21
321729 22
321730 23
321731 24
321732 25
321733 26
321734 27
321735 28
321736 29
321737 30
321738 31
321739 32
321740 33
321741 34
321742 35
321743 36
321744 37
321745 38
321746 39
321747 40
321748 41
321749 42
321750 43
321751 44
321752 45
321753 46
321754 47
321755 48
321756 49
321757 50
321758 51
321759 52
321760 53
321761 54
321762 55
321763 56
321764 57
321765 58
321766 59
321767 60
321768 61
321769 62
321770 63
321771 64
321772 65
321773 66
321774 67
321775 68
321776 69
321777 70
321778 71
321779 72
-2147483647
RBLONG_01-1
14
-2147483646
0
48 1 16 5 0 1 0 -1 -1 432 1 -1879048189 321780 432 
14
48 1 16 5 0 1 0 -1 -1 432 1 -1879048189 1 432 
RBLONG_02-1
14
-2147483646
0
48 1 16 5 0 1 0 -1 -1 432 1 -1879048189 322212 432 
14
48 1 16 5 0 1 0 -1 -1 432 1 -1879048189 1 432 
RBLONG_03-1
14
-2147483646
0
48 1 16 5 0 1 0 -1 -1 432 1 -1879048189 322644 432 
14
48 1 16 5 0 1 0 -1 -1 432 1 -1879048189 1 432 
RBLONG_04-1
14
-2147483646
0
48 1 16 5 0 1 0 -1 -1 432 1 -1879048189 323076 432 
14
48 1 16 5 0 1 0 -1 -1 432 1 -1879048189 1 432 
RBLONG_05-1
14
-2147483646
0
48 1 16 5 0 1 0 -1 -1 384 1 -1879048189 323508 384 
14
48 1 16 5 0 1 0 -1 -1 384 1 -1879048189 1 384 
RBLONG_06-1
14
-2147483646
0
48 1 16 5 0 1 0 -1 -1 384 1 -1879048189 323892 384 
14
48 1 16 5 0 1 0 -1 -1 384 1 -1879048189 1 384 
RBLONG_07-1
14
-2147483646
0
48 1 16 5 0 1 0 -1 -1 384 1 -1879048189 324276 384 
14
48 1 16 5 0 1 0 -1 -1 384 1 -1879048189 1 384 
RBLONG_08-1
14
-2147483646
0
48 1 16 5 0 1 0 -1 -1 384 1 -1879048189 324660 384 
14
48 1 16 5 0 1 0 -1 -1 384 1 -1879048189 1 384 
RBLONG_09-1
14
-2147483646
0
48 1 16 5 0 1 0 -1 -1 384 1 -1879048189 325044 384 
14
48 1 16 5 0 1 0 -1 -1 384 1 -1879048189 1 384 
RBLONG_10-1
14
-2147483646
0
48 1 16 5 0 1 0 -1 -1 384 1 -1879048189 325428 384 
14
48 1 16 5 0 1 0 -1 -1 384 1 -1879048189 1 384 
RBLONG_11-1
14
-2147483646
0
48 1 16 5 0 1 0 -1 -1 384 1 -1879048189 325812 384 
14
48 1 16 5 0 1 0 -1 -1 384 1 -1879048189 1 384 
RBLONG_12-1
14
-2147483646
0
48 1 16 5 0 1 0 -1 -1 360 1 -1879048189 326196 360 
14
48 1 16 5 0 1 0 -1 -1 360 1 -1879048189 1 360 
RBLONG_13-1
14
-2147483646
0
48 1 16 5 0 1 0 -1 -1 360 1 -1879048189 326556 360 
14
48 1 16 5 0 1 0 -1 -1 360 1 -1879048189 1 360 
RBLONG_14-1
14
-2147483646
0
48 1 16 5 0 1 0 -1 -1 360 1 -1879048189 326916 360 
14
48 1 16 5 0 1 0 -1 -1 360 1 -1879048189 1 360 
RBLONG_15-1
14
-2147483646
0
48 1 16 5 0 1 0 -1 -1 360 1 -1879048189 327276 360 
14
48 1 16 5 0 1 0 -1 -1 360 1 -1879048189 1 360 
RBLONG_16-1
14
-2147483646
0
48 1 16 5 0 1 0 -1 -1 336 1 -1879048189 327636 336 
14
48 1 16 5 0 1 0 -1 -1 336 1 -1879048189 1 336 
RBLONG_17-1
14
-2147483646
0
48 1 16 5 0 1 0 -1 -1 336 1 -1879048189 327972 336 
14
48 1 16 5 0 1 0 -1 -1 336 1 -1879048189 1 336 
RBLONG_18-1
14
-2147483646
0
48 1 16 5 0 1 0 -1 -1 336 1 -1879048189 328308 336 
14
48 1 16 5 0 1 0 -1 -1 336 1 -1879048189 1 336 
RBLONG_19-1
14
-2147483646
0
48 1 16 5 0 1 0 -1 -1 336 1 -1879048189 328644 336 
14
48 1 16 5 0 1 0 -1 -1 336 1 -1879048189 1 336 
RBLONG_20-1
14
-2147483646
0
48 1 16 5 0 1 0 -1 -1 336 1 -1879048189 328980 336 
14
48 1 16 5 0 1 0 -1 -1 336 1 -1879048189 1 336 
RBLONG_21-1
14
-2147483646
0
48 1 16 5 0 1 0 -1 -1 304 1 -1879048189 329316 304 
14
48 1 16 5 0 1 0 -1 -1 304 1 -1879048189 1 304 
RBLONG_22-1
14
-2147483646
0
48 1 16 5 0 1 0 -1 -1 304 1 -1879048189 329620 304 
14
48 1 16 5 0 1 0 -1 -1 304 1 -1879048189 1 304 
RBLONG_23-1
14
-2147483646
0
48 1 16 5 0 1 0 -1 -1 304 1 -1879048189 329924 304 
14
48 1 16 5 0 1 0 -1 -1 304 1 -1879048189 1 304 
RBLONG_24-1
14
-2147483646
0
48 1 16 5 0 1 0 -1 -1 304 1 -1879048189 330228 304 
14
48 1 16 5 0 1 0 -1 -1 304 1 -1879048189 1 304 
RBLONG_25-1
14
-2147483646
0
48 1 16 5 0 1 0 -1 -1 304 1 -1879048189 330532 304 
14
48 1 16 5 0 1 0 -1 -1 304 1 -1879048189 1 304 
RBLONG_26-1
14
-2147483646
0
48 1 16 5 0 1 0 -1 -1 304 1 -1879048189 330836 304 
14
48 1 16 5 0 1 0 -1 -1 304 1 -1879048189 1 304 
RBLONG_27-1
14
-2147483646
0
48 1 16 5 0 1 0 -1 -1 304 1 -1879048189 331140 304 
14
48 1 16 5 0 1 0 -1 -1 304 1 -1879048189 1 304 
RBLONG_28-1
14
-2147483646
0
48 1 16 5 0 1 0 -1 -1 304 1 -1879048189 331444 304 
14
48 1 16 5 0 1 0 -1 -1 304 1 -1879048189 1 304 
RBLONG_29-1
14
-2147483646
0
48 1 16 5 0 1 0 -1 -1 304 1 -1879048189 331748 304 
14
48 1 16 5 0 1 0 -1 -1 304 1 -1879048189 1 304 
RBLONG_30-1
14
-2147483646
0
48 1 16 5 0 1 0 -1 -1 304 1 -1879048189 332052 304 
14
48 1 16 5 0 1 0 -1 -1 304 1 -1879048189 1 304 
RBLONG_31-1
14
-2147483646
0
48 1 16 5 0 1 0 -1 -1 304 1 -1879048189 332356 304 
14
48 1 16 5 0 1 0 -1 -1 304 1 -1879048189 1 304 
SSEG_01-1
240
332660 1
332661 2
332662 3
332663 4
332664 5
332665 6
332666 7
332667 8
332668 9
332669 10
332670 11
332671 12
332672 13
332673 14
332674 15
332675 16
332676 17
332677 18
332678 19
332679 20
332680 21
332681 22
332682 23
332683 24
332684 25
332685 26
332686 27
332687 28
332688 29
332689 30
332690 31
332691 32
332692 33
332693 34
332694 35
332695 36
332696 37
332697 38
332698 39
332699 40
332700 41
332701 42
332702 43
332703 44
332704 45
332705 46
332706 47
332707 48
332708 49
332709 50
332710 51
332711 52
332712 53
332713 54
332714 55
332715 56
332716 57
332717 58
332718 59
332719 60
332720 61
332721 62
332722 63
332723 64
332724 65
332725 66
332726 67
332727 68
332728 69
332729 70
332730 71
332731 72
332732 73
332733 74
332734 75
332735 76
332736 77
332737 78
332738 79
332739 80
332740 81
332741 82
332742 83
332743 84
332744 85
332745 86
332746 87
332747 88
332748 89
332749 90
332750 91
332751 92
332752 93
332753 94
332754 95
332755 96
332756 97
332757 98
332758 99
332759 100
332760 101
332761 102
332762 103
332763 104
332764 105
332765 106
332766 107
332767 108
332768 109
332769 110
332770 111
332771 112
332772 113
332773 114
332774 115
332775 116
332776 117
332777 118
332778 119
332779 120
332780 121
332781 122
332782 123
332783 124
332784 125
332785 126
332786 127
332787 128
332788 129
332789 130
332790 131
332791 132
332792 133
332793 134
332794 135
332795 136
332796 137
332797 138
332798 139
332799 140
332800 141
332801 142
332802 143
332803 144
332804 145
332805 146
332806 147
332807 148
332808 149
332809 150
332810 151
332811 152
332812 153
332813 154
332814 155
332815 156
332816 157
332817 158
332818 159
332819 160
332820 161
332821 162
332822 163
332823 164
332824 165
332825 166
332826 167
332827 168
332828 169
332829 170
332830 171
332831 172
332832 173
332833 174
332834 175
332835 176
332836 177
332837 178
332838 179
332839 180
332840 181
332841 182
332842 183
332843 184
332844 185
332845 186
332846 187
332847 188
332848 189
332849 190
332850 191
332851 192
332852 193
332853 194
332854 195
332855 196
332856 197
332857 198
332858 199
332859 200
332860 201
332861 202
332862 203
332863 204
332864 205
332865 206
332866 207
332867 208
332868 209
332869 210
332870 211
332871 212
332872 213
332873 214
332874 215
332875 216
332876 217
332877 218
332878 219
332879 220
332880 221
332881 222
332882 223
332883 224
332884 225
332885 226
332886 227
332887 228
332888 229
332889 230
332890 231
332891 232
332892 233
332893 234
332894 235
332895 236
332896 237
332897 238
332898 239
332899 240
-2147483647
SSEG_02-1
240
332900 1
332901 2
332902 3
332903 4
332904 5
332905 6
332906 7
332907 8
332908 9
332909 10
332910 11
332911 12
332912 13
332913 14
332914 15
332915 16
332916 17
332917 18
332918 19
332919 20
332920 21
332921 22
332922 23
332923 24
332924 25
332925 26
332926 27
332927 28
332928 29
332929 30
332930 31
332931 32
332932 33
332933 34
332934 35
332935 36
332936 37
332937 38
332938 39
332939 40
332940 41
332941 42
332942 43
332943 44
332944 45
332945 46
332946 47
332947 48
332948 49
332949 50
332950 51
332951 52
332952 53
332953 54
332954 55
332955 56
332956 57
332957 58
332958 59
332959 60
332960 61
332961 62
332962 63
332963 64
332964 65
332965 66
332966 67
332967 68
332968 69
332969 70
332970 71
332971 72
332972 73
332973 74
332974 75
332975 76
332976 77
332977 78
332978 79
332979 80
332980 81
332981 82
332982 83
332983 84
332984 85
332985 86
332986 87
332987 88
332988 89
332989 90
332990 91
332991 92
332992 93
332993 94
332994 95
332995 96
332996 97
332997 98
332998 99
332999 100
333000 101
333001 102
333002 103
333003 104
333004 105
333005 106
333006 107
333007 108
333008 109
333009 110
333010 111
333011 112
333012 113
333013 114
333014 115
333015 116
333016 117
333017 118
333018 119
333019 120
333020 121
333021 122
333022 123
333023 124
333024 125
333025 126
333026 127
333027 128
333028 129
333029 130
333030 131
333031 132
333032 133
333033 134
333034 135
333035 136
333036 137
333037 138
333038 139
333039 140
333040 141
333041 142
333042 143
333043 144
333044 145
333045 146
333046 147
333047 148
333048 149
333049 150
333050 151
333051 152
333052 153
333053 154
333054 155
333055 156
333056 157
333057 158
333058 159
333059 160
333060 161
333061 162
333062 163
333063 164
333064 165
333065 166
333066 167
333067 168
333068 169
333069 170
333070 171
333071 172
333072 173
333073 174
333074 175
333075 176
333076 177
333077 178
333078 179
333079 180
333080 181
333081 182
333082 183
333083 184
333084 185
333085 186
333086 187
333087 188
333088 189
333089 190
333090 191
333091 192
333092 193
333093 194
333094 195
333095 196
333096 197
333097 198
333098 199
333099 200
333100 201
333101 202
333102 203
333103 204
333104 205
333105 206
333106 207
333107 208
333108 209
333109 210
333110 211
333111 212
333112 213
333113 214
333114 215
333115 216
333116 217
333117 218
333118 219
333119 220
333120 221
333121 222
333122 223
333123 224
333124 225
333125 226
333126 227
333127 228
333128 229
333129 230
333130 231
333131 232
333132 233
333133 234
333134 235
333135 236
333136 237
333137 238
333138 239
333139 240
-2147483647
SSEG_03-1
240
333140 1
333141 2
333142 3
333143 4
333144 5
333145 6
333146 7
333147 8
333148 9
333149 10
333150 11
333151 12
333152 13
333153 14
333154 15
333155 16
333156 17
333157 18
333158 19
333159 20
333160 21
333161 22
333162 23
333163 24
333164 25
333165 26
333166 27
333167 28
333168 29
333169 30
333170 31
333171 32
333172 33
333173 34
333174 35
333175 36
333176 37
333177 38
333178 39
333179 40
333180 41
333181 42
333182 43
333183 44
333184 45
333185 46
333186 47
333187 48
333188 49
333189 50
333190 51
333191 52
333192 53
333193 54
333194 55
333195 56
333196 57
333197 58
333198 59
333199 60
333200 61
333201 62
333202 63
333203 64
333204 65
333205 66
333206 67
333207 68
333208 69
333209 70
333210 71
333211 72
333212 73
333213 74
333214 75
333215 76
333216 77
333217 78
333218 79
333219 80
333220 81
333221 82
333222 83
333223 84
333224 85
333225 86
333226 87
333227 88
333228 89
333229 90
333230 91
333231 92
333232 93
333233 94
333234 95
333235 96
333236 97
333237 98
333238 99
333239 100
333240 101
333241 102
333242 103
333243 104
333244 105
333245 106
333246 107
333247 108
333248 109
333249 110
333250 111
333251 112
333252 113
333253 114
333254 115
333255 116
333256 117
333257 118
333258 119
333259 120
333260 121
333261 122
333262 123
333263 124
333264 125
333265 126
333266 127
333267 128
333268 129
333269 130
333270 131
333271 132
333272 133
333273 134
333274 135
333275 136
333276 137
333277 138
333278 139
333279 140
333280 141
333281 142
333282 143
333283 144
333284 145
333285 146
333286 147
333287 148
333288 149
333289 150
333290 151
333291 152
333292 153
333293 154
333294 155
333295 156
333296 157
333297 158
333298 159
333299 160
333300 161
333301 162
333302 163
333303 164
333304 165
333305 166
333306 167
333307 168
333308 169
333309 170
333310 171
333311 172
333312 173
333313 174
333314 175
333315 176
333316 177
333317 178
333318 179
333319 180
333320 181
333321 182
333322 183
333323 184
333324 185
333325 186
333326 187
333327 188
333328 189
333329 190
333330 191
333331 192
333332 193
333333 194
333334 195
333335 196
333336 197
333337 198
333338 199
333339 200
333340 201
333341 202
333342 203
333343 204
333344 205
333345 206
333346 207
333347 208
333348 209
333349 210
333350 211
333351 212
333352 213
333353 214
333354 215
333355 216
333356 217
333357 218
333358 219
333359 220
333360 221
333361 222
333362 223
333363 224
333364 225
333365 226
333366 227
333367 228
333368 229
333369 230
333370 231
333371 232
333372 233
333373 234
333374 235
333375 236
333376 237
333377 238
333378 239
333379 240
-2147483647
SSEG_04-1
240
333380 1
333381 2
333382 3
333383 4
333384 5
333385 6
333386 7
333387 8
333388 9
333389 10
333390 11
333391 12
333392 13
333393 14
333394 15
333395 16
333396 17
333397 18
333398 19
333399 20
333400 21
333401 22
333402 23
333403 24
333404 25
333405 26
333406 27
333407 28
333408 29
333409 30
333410 31
333411 32
333412 33
333413 34
333414 35
333415 36
333416 37
333417 38
333418 39
333419 40
333420 41
333421 42
333422 43
333423 44
333424 45
333425 46
333426 47
333427 48
333428 49
333429 50
333430 51
333431 52
333432 53
333433 54
333434 55
333435 56
333436 57
333437 58
333438 59
333439 60
333440 61
333441 62
333442 63
333443 64
333444 65
333445 66
333446 67
333447 68
333448 69
333449 70
333450 71
333451 72
333452 73
333453 74
333454 75
333455 76
333456 77
333457 78
333458 79
333459 80
333460 81
333461 82
333462 83
333463 84
333464 85
333465 86
333466 87
333467 88
333468 89
333469 90
333470 91
333471 92
333472 93
333473 94
333474 95
333475 96
333476 97
333477 98
333478 99
333479 100
333480 101
333481 102
333482 103
333483 104
333484 105
333485 106
333486 107
333487 108
333488 109
333489 110
333490 111
333491 112
333492 113
333493 114
333494 115
333495 116
333496 117
333497 118
333498 119
333499 120
333500 121
333501 122
333502 123
333503 124
333504 125
333505 126
333506 127
333507 128
333508 129
333509 130
333510 131
333511 132
333512 133
333513 134
333514 135
333515 136
333516 137
333517 138
333518 139
333519 140
333520 141
333521 142
333522 143
333523 144
333524 145
333525 146
333526 147
333527 148
333528 149
333529 150
333530 151
333531 152
333532 153
333533 154
333534 155
333535 156
333536 157
333537 158
333538 159
333539 160
333540 161
333541 162
333542 163
333543 164
333544 165
333545 166
333546 167
333547 168
333548 169
333549 170
333550 171
333551 172
333552 173
333553 174
333554 175
333555 176
333556 177
333557 178
333558 179
333559 180
333560 181
333561 182
333562 183
333563 184
333564 185
333565 186
333566 187
333567 188
333568 189
333569 190
333570 191
333571 192
333572 193
333573 194
333574 195
333575 196
333576 197
333577 198
333578 199
333579 200
333580 201
333581 202
333582 203
333583 204
333584 205
333585 206
333586 207
333587 208
333588 209
333589 210
333590 211
333591 212
333592 213
333593 214
333594 215
333595 216
333596 217
333597 218
333598 219
333599 220
333600 221
333601 222
333602 223
333603 224
333604 225
333605 226
333606 227
333607 228
333608 229
333609 230
333610 231
333611 232
333612 233
333613 234
333614 235
333615 236
333616 237
333617 238
333618 239
333619 240
-2147483647
62
1 1
2 2
3 3
4 4
5 5
6 6
7 7
8 8
9 9
10 10
11 11
12 12
13 13
14 14
15 15
16 16
17 17
18 18
19 19
20 20
21 21
22 22
23 23
24 24
25 25
26 26
27 27
28 28
29 29
30 30
31 31
32 32
33 33
34 34
35 35
36 36
37 37
38 38
39 39
40 40
41 41
42 42
43 43
44 44
45 45
46 46
47 47
48 48
49 49
50 50
51 51
52 52
53 53
54 54
55 55
56 56
57 57
58 58
59 59
60 60
61 61
62 62
-2147483647
76
CSEG_01-1
96
181 1
182 2
183 3
184 4
185 5
186 6
187 7
188 8
189 9
190 10
191 11
192 12
193 13
194 14
195 15
196 16
197 17
198 18
199 19
200 20
201 21
202 22
203 23
204 24
205 25
206 26
207 27
208 28
209 29
210 30
211 31
212 32
213 33
214 34
215 35
216 36
217 37
218 38
219 39
220 40
221 41
222 42
223 43
224 44
225 45
226 46
227 47
228 48
229 49
230 50
231 51
232 52
233 53
234 54
235 55
236 56
237 57
238 58
239 59
240 60
241 61
242 62
243 63
244 64
245 65
246 66
247 67
248 68
249 69
250 70
251 71
252 72
253 73
254 74
255 75
256 76
257 77
258 78
259 79
260 80
261 81
262 82
263 83
264 84
265 85
266 86
267 87
268 88
269 89
270 90
271 91
272 92
273 93
274 94
275 95
276 96
-2147483647
CSEG_02-1
96
277 1
278 2
279 3
280 4
281 5
282 6
283 7
284 8
285 9
286 10
287 11
288 12
289 13
290 14
291 15
292 16
293 17
294 18
295 19
296 20
297 21
298 22
299 23
300 24
301 25
302 26
303 27
304 28
305 29
306 30
307 31
308 32
309 33
310 34
311 35
312 36
313 37
314 38
315 39
316 40
317 41
318 42
319 43
320 44
321 45
322 46
323 47
324 48
325 49
326 50
327 51
328 52
329 53
330 54
331 55
332 56
333 57
334 58
335 59
336 60
337 61
338 62
339 63
340 64
341 65
342 66
343 67
344 68
345 69
346 70
347 71
348 72
349 73
350 74
351 75
352 76
353 77
354 78
355 79
356 80
357 81
358 82
359 83
360 84
361 85
362 86
363 87
364 88
365 89
366 90
367 91
368 92
369 93
370 94
371 95
372 96
-2147483647
CSEG_03-1
96
373 1
374 2
375 3
376 4
377 5
378 6
379 7
380 8
381 9
382 10
383 11
384 12
385 13
386 14
387 15
388 16
389 17
390 18
391 19
392 20
393 21
394 22
395 23
396 24
397 25
398 26
399 27
400 28
401 29
402 30
403 31
404 32
405 33
406 34
407 35
408 36
409 37
410 38
411 39
412 40
413 41
414 42
415 43
416 44
417 45
418 46
419 47
420 48
421 49
422 50
423 51
424 52
425 53
426 54
427 55
428 56
429 57
430 58
431 59
432 60
433 61
434 62
435 63
436 64
437 65
438 66
439 67
440 68
441 69
442 70
443 71
444 72
445 73
446 74
447 75
448 76
449 77
450 78
451 79
452 80
453 81
454 82
455 83
456 84
457 85
458 86
459 87
460 88
461 89
462 90
463 91
464 92
465 93
466 94
467 95
468 96
-2147483647
CSEG_04-1
96
469 1
470 2
471 3
472 4
473 5
474 6
475 7
476 8
477 9
478 10
479 11
480 12
481 13
482 14
483 15
484 16
485 17
486 18
487 19
488 20
489 21
490 22
491 23
492 24
493 25
494 26
495 27
496 28
497 29
498 30
499 31
500 32
501 33
502 34
503 35
504 36
505 37
506 38
507 39
508 40
509 41
510 42
511 43
512 44
513 45
514 46
515 47
516 48
517 49
518 50
519 51
520 52
521 53
522 54
523 55
524 56
525 57
526 58
527 59
528 60
529 61
530 62
531 63
532 64
533 65
534 66
535 67
536 68
537 69
538 70
539 71
540 72
541 73
542 74
543 75
544 76
545 77
546 78
547 79
548 80
549 81
550 82
551 83
552 84
553 85
554 86
555 87
556 88
557 89
558 90
559 91
560 92
561 93
562 94
563 95
564 96
-2147483647
CSEG_05-1
96
565 1
566 2
567 3
568 4
569 5
570 6
571 7
572 8
573 9
574 10
575 11
576 12
577 13
578 14
579 15
580 16
581 17
582 18
583 19
584 20
585 21
586 22
587 23
588 24
589 25
590 26
591 27
592 28
593 29
594 30
595 31
596 32
597 33
598 34
599 35
600 36
601 37
602 38
603 39
604 40
605 41
606 42
607 43
608 44
609 45
610 46
611 47
612 48
613 49
614 50
615 51
616 52
617 53
618 54
619 55
620 56
621 57
622 58
623 59
624 60
625 61
626 62
627 63
628 64
629 65
630 66
631 67
632 68
633 69
634 70
635 71
636 72
637 73
638 74
639 75
640 76
641 77
642 78
643 79
644 80
645 81
646 82
647 83
648 84
649 85
650 86
651 87
652 88
653 89
654 90
655 91
656 92
657 93
658 94
659 95
660 96
-2147483647
CSEG_06-1
96
661 1
662 2
663 3
664 4
665 5
666 6
667 7
668 8
669 9
670 10
671 11
672 12
673 13
674 14
675 15
676 16
677 17
678 18
679 19
680 20
681 21
682 22
683 23
684 24
685 25
686 26
687 27
688 28
689 29
690 30
691 31
692 32
693 33
694 34
695 35
696 36
697 37
698 38
699 39
700 40
701 41
702 42
703 43
704 44
705 45
706 46
707 47
708 48
709 49
710 50
711 51
712 52
713 53
714 54
715 55
716 56
717 57
718 58
719 59
720 60
721 61
722 62
723 63
724 64
725 65
726 66
727 67
728 68
729 69
730 70
731 71
732 72
733 73
734 74
735 75
736 76
737 77
738 78
739 79
740 80
741 81
742 82
743 83
744 84
745 85
746 86
747 87
748 88
749 89
750 90
751 91
752 92
753 93
754 94
755 95
756 96
-2147483647
CSEG_07-1
96
757 1
758 2
759 3
760 4
761 5
762 6
763 7
764 8
765 9
766 10
767 11
768 12
769 13
770 14
771 15
772 16
773 17
774 18
775 19
776 20
777 21
778 22
779 23
780 24
781 25
782 26
783 27
784 28
785 29
786 30
787 31
788 32
789 33
790 34
791 35
792 36
793 37
794 38
795 39
796 40
797 41
798 42
799 43
800 44
801 45
802 46
803 47
804 48
805 49
806 50
807 51
808 52
809 53
810 54
811 55
812 56
813 57
814 58
815 59
816 60
817 61
818 62
819 63
820 64
821 65
822 66
823 67
824 68
825 69
826 70
827 71
828 72
829 73
830 74
831 75
832 76
833 77
834 78
835 79
836 80
837 81
838 82
839 83
840 84
841 85
842 86
843 87
844 88
845 89
846 90
847 91
848 92
849 93
850 94
851 95
852 96
-2147483647
CSEG_08-1
96
853 1
854 2
855 3
856 4
857 5
858 6
859 7
860 8
861 9
862 10
863 11
864 12
865 13
866 14
867 15
868 16
869 17
870 18
871 19
872 20
873 21
874 22
875 23
876 24
877 25
878 26
879 27
880 28
881 29
882 30
883 31
884 32
885 33
886 34
887 35
888 36
889 37
890 38
891 39
892 40
893 41
894 42
895 43
896 44
897 45
898 46
899 47
900 48
901 49
902 50
903 51
904 52
905 53
906 54
907 55
908 56
909 57
910 58
911 59
912 60
913 61
914 62
915 63
916 64
917 65
918 66
919 67
920 68
921 69
922 70
923 71
924 72
925 73
926 74
927 75
928 76
929 77
930 78
931 79
932 80
933 81
934 82
935 83
936 84
937 85
938 86
939 87
940 88
941 89
942 90
943 91
944 92
945 93
946 94
947 95
948 96
-2147483647
CSEG_09-1
96
949 1
950 2
951 3
952 4
953 5
954 6
955 7
956 8
957 9
958 10
959 11
960 12
961 13
962 14
963 15
964 16
965 17
966 18
967 19
968 20
969 21
970 22
971 23
972 24
973 25
974 26
975 27
976 28
977 29
978 30
979 31
980 32
981 33
982 34
983 35
984 36
985 37
986 38
987 39
988 40
989 41
990 42
991 43
992 44
993 45
994 46
995 47
996 48
997 49
998 50
999 51
1000 52
1001 53
1002 54
1003 55
1004 56
1005 57
1006 58
1007 59
1008 60
1009 61
1010 62
1011 63
1012 64
1013 65
1014 66
1015 67
1016 68
1017 69
1018 70
1019 71
1020 72
1021 73
1022 74
1023 75
1024 76
1025 77
1026 78
1027 79
1028 80
1029 81
1030 82
1031 83
1032 84
1033 85
1034 86
1035 87
1036 88
1037 89
1038 90
1039 91
1040 92
1041 93
1042 94
1043 95
1044 96
-2147483647
CSEG_10-1
96
1045 1
1046 2
1047 3
1048 4
1049 5
1050 6
1051 7
1052 8
1053 9
1054 10
1055 11
1056 12
1057 13
1058 14
1059 15
1060 16
1061 17
1062 18
1063 19
1064 20
1065 21
1066 22
1067 23
1068 24
1069 25
1070 26
1071 27
1072 28
1073 29
1074 30
1075 31
1076 32
1077 33
1078 34
1079 35
1080 36
1081 37
1082 38
1083 39
1084 40
1085 41
1086 42
1087 43
1088 44
1089 45
1090 46
1091 47
1092 48
1093 49
1094 50
1095 51
1096 52
1097 53
1098 54
1099 55
1100 56
1101 57
1102 58
1103 59
1104 60
1105 61
1106 62
1107 63
1108 64
1109 65
1110 66
1111 67
1112 68
1113 69
1114 70
1115 71
1116 72
1117 73
1118 74
1119 75
1120 76
1121 77
1122 78
1123 79
1124 80
1125 81
1126 82
1127 83
1128 84
1129 85
1130 86
1131 87
1132 88
1133 89
1134 90
1135 91
1136 92
1137 93
1138 94
1139 95
1140 96
-2147483647
CSEG_11-1
96
1141 1
1142 2
1143 3
1144 4
1145 5
1146 6
1147 7
1148 8
1149 9
1150 10
1151 11
1152 12
1153 13
1154 14
1155 15
1156 16
1157 17
1158 18
1159 19
1160 20
1161 21
1162 22
1163 23
1164 24
1165 25
1166 26
1167 27
1168 28
1169 29
1170 30
1171 31
1172 32
1173 33
1174 34
1175 35
1176 36
1177 37
1178 38
1179 39
1180 40
1181 41
1182 42
1183 43
1184 44
1185 45
1186 46
1187 47
1188 48
1189 49
1190 50
1191 51
1192 52
1193 53
1194 54
1195 55
1196 56
1197 57
1198 58
1199 59
1200 60
1201 61
1202 62
1203 63
1204 64
1205 65
1206 66
1207 67
1208 68
1209 69
1210 70
1211 71
1212 72
1213 73
1214 74
1215 75
1216 76
1217 77
1218 78
1219 79
1220 80
1221 81
1222 82
1223 83
1224 84
1225 85
1226 86
1227 87
1228 88
1229 89
1230 90
1231 91
1232 92
1233 93
1234 94
1235 95
1236 96
-2147483647
CSEG_12-1
96
1237 1
1238 2
1239 3
1240 4
1241 5
1242 6
1243 7
1244 8
1245 9
1246 10
1247 11
1248 12
1249 13
1250 14
1251 15
1252 16
1253 17
1254 18
1255 19
1256 20
1257 21
1258 22
1259 23
1260 24
1261 25
1262 26
1263 27
1264 28
1265 29
1266 30
1267 31
1268 32
1269 33
1270 34
1271 35
1272 36
1273 37
1274 38
1275 39
1276 40
1277 41
1278 42
1279 43
1280 44
1281 45
1282 46
1283 47
1284 48
1285 49
1286 50
1287 51
1288 52
1289 53
1290 54
1291 55
1292 56
1293 57
1294 58
1295 59
1296 60
1297 61
1298 62
1299 63
1300 64
1301 65
1302 66
1303 67
1304 68
1305 69
1306 70
1307 71
1308 72
1309 73
1310 74
1311 75
1312 76
1313 77
1314 78
1315 79
1316 80
1317 81
1318 82
1319 83
1320 84
1321 85
1322 86
1323 87
1324 88
1325 89
1326 90
1327 91
1328 92
1329 93
1330 94
1331 95
1332 96
-2147483647
CSEG_13-1
96
1333 1
1334 2
1335 3
1336 4
1337 5
1338 6
1339 7
1340 8
1341 9
1342 10
1343 11
1344 12
1345 13
1346 14
1347 15
1348 16
1349 17
1350 18
1351 19
1352 20
1353 21
1354 22
1355 23
1356 24
1357 25
1358 26
1359 27
1360 28
1361 29
1362 30
1363 31
1364 32
1365 33
1366 34
1367 35
1368 36
1369 37
1370 38
1371 39
1372 40
1373 41
1374 42
1375 43
1376 44
1377 45
1378 46
1379 47
1380 48
1381 49
1382 50
1383 51
1384 52
1385 53
1386 54
1387 55
1388 56
1389 57
1390 58
1391 59
1392 60
1393 61
1394 62
1395 63
1396 64
1397 65
1398 66
1399 67
1400 68
1401 69
1402 70
1403 71
1404 72
1405 73
1406 74
1407 75
1408 76
1409 77
1410 78
1411 79
1412 80
1413 81
1414 82
1415 83
1416 84
1417 85
1418 86
1419 87
1420 88
1421 89
1422 90
1423 91
1424 92
1425 93
1426 94
1427 95
1428 96
-2147483647
CSEG_14-1
96
1429 1
1430 2
1431 3
1432 4
1433 5
1434 6
1435 7
1436 8
1437 9
1438 10
1439 11
1440 12
1441 13
1442 14
1443 15
1444 16
1445 17
1446 18
1447 19
1448 20
1449 21
1450 22
1451 23
1452 24
1453 25
1454 26
1455 27
1456 28
1457 29
1458 30
1459 31
1460 32
1461 33
1462 34
1463 35
1464 36
1465 37
1466 38
1467 39
1468 40
1469 41
1470 42
1471 43
1472 44
1473 45
1474 46
1475 47
1476 48
1477 49
1478 50
1479 51
1480 52
1481 53
1482 54
1483 55
1484 56
1485 57
1486 58
1487 59
1488 60
1489 61
1490 62
1491 63
1492 64
1493 65
1494 66
1495 67
1496 68
1497 69
1498 70
1499 71
1500 72
1501 73
1502 74
1503 75
1504 76
1505 77
1506 78
1507 79
1508 80
1509 81
1510 82
1511 83
1512 84
1513 85
1514 86
1515 87
1516 88
1517 89
1518 90
1519 91
1520 92
1521 93
1522 94
1523 95
1524 96
-2147483647
CSEG_15-1
96
1525 1
1526 2
1527 3
1528 4
1529 5
1530 6
1531 7
1532 8
1533 9
1534 10
1535 11
1536 12
1537 13
1538 14
1539 15
1540 16
1541 17
1542 18
1543 19
1544 20
1545 21
1546 22
1547 23
1548 24
1549 25
1550 26
1551 27
1552 28
1553 29
1554 30
1555 31
1556 32
1557 33
1558 34
1559 35
1560 36
1561 37
1562 38
1563 39
1564 40
1565 41
1566 42
1567 43
1568 44
1569 45
1570 46
1571 47
1572 48
1573 49
1574 50
1575 51
1576 52
1577 53
1578 54
1579 55
1580 56
1581 57
1582 58
1583 59
1584 60
1585 61
1586 62
1587 63
1588 64
1589 65
1590 66
1591 67
1592 68
1593 69
1594 70
1595 71
1596 72
1597 73
1598 74
1599 75
1600 76
1601 77
1602 78
1603 79
1604 80
1605 81
1606 82
1607 83
1608 84
1609 85
1610 86
1611 87
1612 88
1613 89
1614 90
1615 91
1616 92
1617 93
1618 94
1619 95
1620 96
-2147483647
CSEG_16-1
96
1621 1
1622 2
1623 3
1624 4
1625 5
1626 6
1627 7
1628 8
1629 9
1630 10
1631 11
1632 12
1633 13
1634 14
1635 15
1636 16
1637 17
1638 18
1639 19
1640 20
1641 21
1642 22
1643 23
1644 24
1645 25
1646 26
1647 27
1648 28
1649 29
1650 30
1651 31
1652 32
1653 33
1654 34
1655 35
1656 36
1657 37
1658 38
1659 39
1660 40
1661 41
1662 42
1663 43
1664 44
1665 45
1666 46
1667 47
1668 48
1669 49
1670 50
1671 51
1672 52
1673 53
1674 54
1675 55
1676 56
1677 57
1678 58
1679 59
1680 60
1681 61
1682 62
1683 63
1684 64
1685 65
1686 66
1687 67
1688 68
1689 69
1690 70
1691 71
1692 72
1693 73
1694 74
1695 75
1696 76
1697 77
1698 78
1699 79
1700 80
1701 81
1702 82
1703 83
1704 84
1705 85
1706 86
1707 87
1708 88
1709 89
1710 90
1711 91
1712 92
1713 93
1714 94
1715 95
1716 96
-2147483647
CSEG_17-1
96
1717 1
1718 2
1719 3
1720 4
1721 5
1722 6
1723 7
1724 8
1725 9
1726 10
1727 11
1728 12
1729 13
1730 14
1731 15
1732 16
1733 17
1734 18
1735 19
1736 20
1737 21
1738 22
1739 23
1740 24
1741 25
1742 26
1743 27
1744 28
1745 29
1746 30
1747 31
1748 32
1749 33
1750 34
1751 35
1752 36
1753 37
1754 38
1755 39
1756 40
1757 41
1758 42
1759 43
1760 44
1761 45
1762 46
1763 47
1764 48
1765 49
1766 50
1767 51
1768 52
1769 53
1770 54
1771 55
1772 56
1773 57
1774 58
1775 59
1776 60
1777 61
1778 62
1779 63
1780 64
1781 65
1782 66
1783 67
1784 68
1785 69
1786 70
1787 71
1788 72
1789 73
1790 74
1791 75
1792 76
1793 77
1794 78
1795 79
1796 80
1797 81
1798 82
1799 83
1800 84
1801 85
1802 86
1803 87
1804 88
1805 89
1806 90
1807 91
1808 92
1809 93
1810 94
1811 95
1812 96
-2147483647
CSEG_18-1
96
1813 1
1814 2
1815 3
1816 4
1817 5
1818 6
1819 7
1820 8
1821 9
1822 10
1823 11
1824 12
1825 13
1826 14
1827 15
1828 16
1829 17
1830 18
1831 19
1832 20
1833 21
1834 22
1835 23
1836 24
1837 25
1838 26
1839 27
1840 28
1841 29
1842 30
1843 31
1844 32
1845 33
1846 34
1847 35
1848 36
1849 37
1850 38
1851 39
1852 40
1853 41
1854 42
1855 43
1856 44
1857 45
1858 46
1859 47
1860 48
1861 49
1862 50
1863 51
1864 52
1865 53
1866 54
1867 55
1868 56
1869 57
1870 58
1871 59
1872 60
1873 61
1874 62
1875 63
1876 64
1877 65
1878 66
1879 67
1880 68
1881 69
1882 70
1883 71
1884 72
1885 73
1886 74
1887 75
1888 76
1889 77
1890 78
1891 79
1892 80
1893 81
1894 82
1895 83
1896 84
1897 85
1898 86
1899 87
1900 88
1901 89
1902 90
1903 91
1904 92
1905 93
1906 94
1907 95
1908 96
-2147483647
CSEG_19-1
96
1909 1
1910 2
1911 3
1912 4
1913 5
1914 6
1915 7
1916 8
1917 9
1918 10
1919 11
1920 12
1921 13
1922 14
1923 15
1924 16
1925 17
1926 18
1927 19
1928 20
1929 21
1930 22
1931 23
1932 24
1933 25
1934 26
1935 27
1936 28
1937 29
1938 30
1939 31
1940 32
1941 33
1942 34
1943 35
1944 36
1945 37
1946 38
1947 39
1948 40
1949 41
1950 42
1951 43
1952 44
1953 45
1954 46
1955 47
1956 48
1957 49
1958 50
1959 51
1960 52
1961 53
1962 54
1963 55
1964 56
1965 57
1966 58
1967 59
1968 60
1969 61
1970 62
1971 63
1972 64
1973 65
1974 66
1975 67
1976 68
1977 69
1978 70
1979 71
1980 72
1981 73
1982 74
1983 75
1984 76
1985 77
1986 78
1987 79
1988 80
1989 81
1990 82
1991 83
1992 84
1993 85
1994 86
1995 87
1996 88
1997 89
1998 90
1999 91
2000 92
2001 93
2002 94
2003 95
2004 96
-2147483647
CSEG_20-1
96
2005 1
2006 2
2007 3
2008 4
2009 5
2010 6
2011 7
2012 8
2013 9
2014 10
2015 11
2016 12
2017 13
2018 14
2019 15
2020 16
2021 17
2022 18
2023 19
2024 20
2025 21
2026 22
2027 23
2028 24
2029 25
2030 26
2031 27
2032 28
2033 29
2034 30
2035 31
2036 32
2037 33
2038 34
2039 35
2040 36
2041 37
2042 38
2043 39
2044 40
2045 41
2046 42
2047 43
2048 44
2049 45
2050 46
2051 47
2052 48
2053 49
2054 50
2055 51
2056 52
2057 53
2058 54
2059 55
2060 56
2061 57
2062 58
2063 59
2064 60
2065 61
2066 62
2067 63
2068 64
2069 65
2070 66
2071 67
2072 68
2073 69
2074 70
2075 71
2076 72
2077 73
2078 74
2079 75
2080 76
2081 77
2082 78
2083 79
2084 80
2085 81
2086 82
2087 83
2088 84
2089 85
2090 86
2091 87
2092 88
2093 89
2094 90
2095 91
2096 92
2097 93
2098 94
2099 95
2100 96
-2147483647
CSEG_21-1
96
2101 1
2102 2
2103 3
2104 4
2105 5
2106 6
2107 7
2108 8
2109 9
2110 10
2111 11
2112 12
2113 13
2114 14
2115 15
2116 16
2117 17
2118 18
2119 19
2120 20
2121 21
2122 22
2123 23
2124 24
2125 25
2126 26
2127 27
2128 28
2129 29
2130 30
2131 31
2132 32
2133 33
2134 34
2135 35
2136 36
2137 37
2138 38
2139 39
2140 40
2141 41
2142 42
2143 43
2144 44
2145 45
2146 46
2147 47
2148 48
2149 49
2150 50
2151 51
2152 52
2153 53
2154 54
2155 55
2156 56
2157 57
2158 58
2159 59
2160 60
2161 61
2162 62
2163 63
2164 64
2165 65
2166 66
2167 67
2168 68
2169 69
2170 70
2171 71
2172 72
2173 73
2174 74
2175 75
2176 76
2177 77
2178 78
2179 79
2180 80
2181 81
2182 82
2183 83
2184 84
2185 85
2186 86
2187 87
2188 88
2189 89
2190 90
2191 91
2192 92
2193 93
2194 94
2195 95
2196 96
-2147483647
CSEG_22-1
96
2197 1
2198 2
2199 3
2200 4
2201 5
2202 6
2203 7
2204 8
2205 9
2206 10
2207 11
2208 12
2209 13
2210 14
2211 15
2212 16
2213 17
2214 18
2215 19
2216 20
2217 21
2218 22
2219 23
2220 24
2221 25
2222 26
2223 27
2224 28
2225 29
2226 30
2227 31
2228 32
2229 33
2230 34
2231 35
2232 36
2233 37
2234 38
2235 39
2236 40
2237 41
2238 42
2239 43
2240 44
2241 45
2242 46
2243 47
2244 48
2245 49
2246 50
2247 51
2248 52
2249 53
2250 54
2251 55
2252 56
2253 57
2254 58
2255 59
2256 60
2257 61
2258 62
2259 63
2260 64
2261 65
2262 66
2263 67
2264 68
2265 69
2266 70
2267 71
2268 72
2269 73
2270 74
2271 75
2272 76
2273 77
2274 78
2275 79
2276 80
2277 81
2278 82
2279 83
2280 84
2281 85
2282 86
2283 87
2284 88
2285 89
2286 90
2287 91
2288 92
2289 93
2290 94
2291 95
2292 96
-2147483647
CSEG_23-1
96
2293 1
2294 2
2295 3
2296 4
2297 5
2298 6
2299 7
2300 8
2301 9
2302 10
2303 11
2304 12
2305 13
2306 14
2307 15
2308 16
2309 17
2310 18
2311 19
2312 20
2313 21
2314 22
2315 23
2316 24
2317 25
2318 26
2319 27
2320 28
2321 29
2322 30
2323 31
2324 32
2325 33
2326 34
2327 35
2328 36
2329 37
2330 38
2331 39
2332 40
2333 41
2334 42
2335 43
2336 44
2337 45
2338 46
2339 47
2340 48
2341 49
2342 50
2343 51
2344 52
2345 53
2346 54
2347 55
2348 56
2349 57
2350 58
2351 59
2352 60
2353 61
2354 62
2355 63
2356 64
2357 65
2358 66
2359 67
2360 68
2361 69
2362 70
2363 71
2364 72
2365 73
2366 74
2367 75
2368 76
2369 77
2370 78
2371 79
2372 80
2373 81
2374 82
2375 83
2376 84
2377 85
2378 86
2379 87
2380 88
2381 89
2382 90
2383 91
2384 92
2385 93
2386 94
2387 95
2388 96
-2147483647
CSEG_24-1
96
2389 1
2390 2
2391 3
2392 4
2393 5
2394 6
2395 7
2396 8
2397 9
2398 10
2399 11
2400 12
2401 13
2402 14
2403 15
2404 16
2405 17
2406 18
2407 19
2408 20
2409 21
2410 22
2411 23
2412 24
2413 25
2414 26
2415 27
2416 28
2417 29
2418 30
2419 31
2420 32
2421 33
2422 34
2423 35
2424 36
2425 37
2426 38
2427 39
2428 40
2429 41
2430 42
2431 43
2432 44
2433 45
2434 46
2435 47
2436 48
2437 49
2438 50
2439 51
2440 52
2441 53
2442 54
2443 55
2444 56
2445 57
2446 58
2447 59
2448 60
2449 61
2450 62
2451 63
2452 64
2453 65
2454 66
2455 67
2456 68
2457 69
2458 70
2459 71
2460 72
2461 73
2462 74
2463 75
2464 76
2465 77
2466 78
2467 79
2468 80
2469 81
2470 82
2471 83
2472 84
2473 85
2474 86
2475 87
2476 88
2477 89
2478 90
2479 91
2480 92
2481 93
2482 94
2483 95
2484 96
-2147483647
CSEG_25-1
96
2485 1
2486 2
2487 3
2488 4
2489 5
2490 6
2491 7
2492 8
2493 9
2494 10
2495 11
2496 12
2497 13
2498 14
2499 15
2500 16
2501 17
2502 18
2503 19
2504 20
2505 21
2506 22
2507 23
2508 24
2509 25
2510 26
2511 27
2512 28
2513 29
2514 30
2515 31
2516 32
2517 33
2518 34
2519 35
2520 36
2521 37
2522 38
2523 39
2524 40
2525 41
2526 42
2527 43
2528 44
2529 45
2530 46
2531 47
2532 48
2533 49
2534 50
2535 51
2536 52
2537 53
2538 54
2539 55
2540 56
2541 57
2542 58
2543 59
2544 60
2545 61
2546 62
2547 63
2548 64
2549 65
2550 66
2551 67
2552 68
2553 69
2554 70
2555 71
2556 72
2557 73
2558 74
2559 75
2560 76
2561 77
2562 78
2563 79
2564 80
2565 81
2566 82
2567 83
2568 84
2569 85
2570 86
2571 87
2572 88
2573 89
2574 90
2575 91
2576 92
2577 93
2578 94
2579 95
2580 96
-2147483647
CSEG_26-1
96
2581 1
2582 2
2583 3
2584 4
2585 5
2586 6
2587 7
2588 8
2589 9
2590 10
2591 11
2592 12
2593 13
2594 14
2595 15
2596 16
2597 17
2598 18
2599 19
2600 20
2601 21
2602 22
2603 23
2604 24
2605 25
2606 26
2607 27
2608 28
2609 29
2610 30
2611 31
2612 32
2613 33
2614 34
2615 35
2616 36
2617 37
2618 38
2619 39
2620 40
2621 41
2622 42
2623 43
2624 44
2625 45
2626 46
2627 47
2628 48
2629 49
2630 50
2631 51
2632 52
2633 53
2634 54
2635 55
2636 56
2637 57
2638 58
2639 59
2640 60
2641 61
2642 62
2643 63
2644 64
2645 65
2646 66
2647 67
2648 68
2649 69
2650 70
2651 71
2652 72
2653 73
2654 74
2655 75
2656 76
2657 77
2658 78
2659 79
2660 80
2661 81
2662 82
2663 83
2664 84
2665 85
2666 86
2667 87
2668 88
2669 89
2670 90
2671 91
2672 92
2673 93
2674 94
2675 95
2676 96
-2147483647
CSEG_27-1
96
2677 1
2678 2
2679 3
2680 4
2681 5
2682 6
2683 7
2684 8
2685 9
2686 10
2687 11
2688 12
2689 13
2690 14
2691 15
2692 16
2693 17
2694 18
2695 19
2696 20
2697 21
2698 22
2699 23
2700 24
2701 25
2702 26
2703 27
2704 28
2705 29
2706 30
2707 31
2708 32
2709 33
2710 34
2711 35
2712 36
2713 37
2714 38
2715 39
2716 40
2717 41
2718 42
2719 43
2720 44
2721 45
2722 46
2723 47
2724 48
2725 49
2726 50
2727 51
2728 52
2729 53
2730 54
2731 55
2732 56
2733 57
2734 58
2735 59
2736 60
2737 61
2738 62
2739 63
2740 64
2741 65
2742 66
2743 67
2744 68
2745 69
2746 70
2747 71
2748 72
2749 73
2750 74
2751 75
2752 76
2753 77
2754 78
2755 79
2756 80
2757 81
2758 82
2759 83
2760 84
2761 85
2762 86
2763 87
2764 88
2765 89
2766 90
2767 91
2768 92
2769 93
2770 94
2771 95
2772 96
-2147483647
CSEG_28-1
96
2773 1
2774 2
2775 3
2776 4
2777 5
2778 6
2779 7
2780 8
2781 9
2782 10
2783 11
2784 12
2785 13
2786 14
2787 15
2788 16
2789 17
2790 18
2791 19
2792 20
2793 21
2794 22
2795 23
2796 24
2797 25
2798 26
2799 27
2800 28
2801 29
2802 30
2803 31
2804 32
2805 33
2806 34
2807 35
2808 36
2809 37
2810 38
2811 39
2812 40
2813 41
2814 42
2815 43
2816 44
2817 45
2818 46
2819 47
2820 48
2821 49
2822 50
2823 51
2824 52
2825 53
2826 54
2827 55
2828 56
2829 57
2830 58
2831 59
2832 60
2833 61
2834 62
2835 63
2836 64
2837 65
2838 66
2839 67
2840 68
2841 69
2842 70
2843 71
2844 72
2845 73
2846 74
2847 75
2848 76
2849 77
2850 78
2851 79
2852 80
2853 81
2854 82
2855 83
2856 84
2857 85
2858 86
2859 87
2860 88
2861 89
2862 90
2863 91
2864 92
2865 93
2866 94
2867 95
2868 96
-2147483647
CSEG_29-1
96
2869 1
2870 2
2871 3
2872 4
2873 5
2874 6
2875 7
2876 8
2877 9
2878 10
2879 11
2880 12
2881 13
2882 14
2883 15
2884 16
2885 17
2886 18
2887 19
2888 20
2889 21
2890 22
2891 23
2892 24
2893 25
2894 26
2895 27
2896 28
2897 29
2898 30
2899 31
2900 32
2901 33
2902 34
2903 35
2904 36
2905 37
2906 38
2907 39
2908 40
2909 41
2910 42
2911 43
2912 44
2913 45
2914 46
2915 47
2916 48
2917 49
2918 50
2919 51
2920 52
2921 53
2922 54
2923 55
2924 56
2925 57
2926 58
2927 59
2928 60
2929 61
2930 62
2931 63
2932 64
2933 65
2934 66
2935 67
2936 68
2937 69
2938 70
2939 71
2940 72
2941 73
2942 74
2943 75
2944 76
2945 77
2946 78
2947 79
2948 80
2949 81
2950 82
2951 83
2952 84
2953 85
2954 86
2955 87
2956 88
2957 89
2958 90
2959 91
2960 92
2961 93
2962 94
2963 95
2964 96
-2147483647
CSEG_30-1
96
2965 1
2966 2
2967 3
2968 4
2969 5
2970 6
2971 7
2972 8
2973 9
2974 10
2975 11
2976 12
2977 13
2978 14
2979 15
2980 16
2981 17
2982 18
2983 19
2984 20
2985 21
2986 22
2987 23
2988 24
2989 25
2990 26
2991 27
2992 28
2993 29
2994 30
2995 31
2996 32
2997 33
2998 34
2999 35
3000 36
3001 37
3002 38
3003 39
3004 40
3005 41
3006 42
3007 43
3008 44
3009 45
3010 46
3011 47
3012 48
3013 49
3014 50
3015 51
3016 52
3017 53
3018 54
3019 55
3020 56
3021 57
3022 58
3023 59
3024 60
3025 61
3026 62
3027 63
3028 64
3029 65
3030 66
3031 67
3032 68
3033 69
3034 70
3035 71
3036 72
3037 73
3038 74
3039 75
3040 76
3041 77
3042 78
3043 79
3044 80
3045 81
3046 82
3047 83
3048 84
3049 85
3050 86
3051 87
3052 88
3053 89
3054 90
3055 91
3056 92
3057 93
3058 94
3059 95
3060 96
-2147483647
CSEG_31-1
96
3061 1
3062 2
3063 3
3064 4
3065 5
3066 6
3067 7
3068 8
3069 9
3070 10
3071 11
3072 12
3073 13
3074 14
3075 15
3076 16
3077 17
3078 18
3079 19
3080 20
3081 21
3082 22
3083 23
3084 24
3085 25
3086 26
3087 27
3088 28
3089 29
3090 30
3091 31
3092 32
3093 33
3094 34
3095 35
3096 36
3097 37
3098 38
3099 39
3100 40
3101 41
3102 42
3103 43
3104 44
3105 45
3106 46
3107 47
3108 48
3109 49
3110 50
3111 51
3112 52
3113 53
3114 54
3115 55
3116 56
3117 57
3118 58
3119 59
3120 60
3121 61
3122 62
3123 63
3124 64
3125 65
3126 66
3127 67
3128 68
3129 69
3130 70
3131 71
3132 72
3133 73
3134 74
3135 75
3136 76
3137 77
3138 78
3139 79
3140 80
3141 81
3142 82
3143 83
3144 84
3145 85
3146 86
3147 87
3148 88
3149 89
3150 90
3151 91
3152 92
3153 93
3154 94
3155 95
3156 96
-2147483647
DTU_BLADE_SMOOTH_1-1
14
-2147483646
0
48 1 16 5 0 1 0 -1 -1 100095 1 -1879048189 3157 100095 
14
48 1 16 5 0 1 0 -1 -1 100095 1 -1879048189 1 100095 
DTU_BLADE_SMOOTH_2-1
14
-2147483646
0
48 1 16 5 0 1 0 -1 -1 100095 1 -1879048189 103252 100095 
14
48 1 16 5 0 1 0 -1 -1 100095 1 -1879048189 1 100095 
DTU_BLADE_SMOOTH_3-1
14
-2147483646
0
48 1 16 5 0 1 0 -1 -1 100095 1 -1879048189 203347 100095 
14
48 1 16 5 0 1 0 -1 -1 100095 1 -1879048189 1 100095 
DTU_NACELLE_SEG_1-1
14
-2147483646
0
48 1 16 5 0 1 0 -1 -1 40238 1 -1879048189 303442 40238 
14
48 1 16 5 0 1 0 -1 -1 40238 1 -1879048189 1 40238 
DTU_NACELLE_SEG_2-1
14
-2147483646
0
48 1 16 5 0 1 0 -1 -1 40238 1 -1879048189 343680 40238 
14
48 1 16 5 0 1 0 -1 -1 40238 1 -1879048189 1 40238 
DTU_NACELLE_SEG_3-1
14
-2147483646
0
48 1 16 5 0 1 0 -1 -1 40238 1 -1879048189 383918 40238 
14
48 1 16 5 0 1 0 -1 -1 40238 1 -1879048189 1 40238 
DTU_SPINNER_SEG_1-1
14
-2147483646
0
48 1 16 5 0 1 0 -1 -1 67268 1 -1879048189 424156 67268 
14
48 1 16 5 0 1 0 -1 -1 67268 1 -1879048189 1 67268 
DTU_SPINNER_SEG_2-1
14
-2147483646
0
48 1 16 5 0 1 0 -1 -1 67268 1 -1879048189 491424 67268 
14
48 1 16 5 0 1 0 -1 -1 67268 1 -1879048189 1 67268 
DTU_SPINNER_SEG_3-1
14
-2147483646
0
48 1 16 5 0 1 0 -1 -1 67268 1 -1879048189 558692 67268 
14
48 1 16 5 0 1 0 -1 -1 67268 1 -1879048189 1 67268 
PT_36X15P2-1
36
625960 1
625961 2
625962 3
625963 4
625964 5
625965 6
625966 7
625967 8
625968 9
625969 10
625970 11
625971 12
625972 13
625973 14
625974 15
625975 16
625976 17
625977 18
625978 19
625979 20
625980 21
625981 22
625982 23
625983 24
625984 25
625985 26
625986 27
625987 28
625988 29
625989 30
625990 31
625991 32
625992 33
625993 34
625994 35
625995 36
-2147483647
RBLONG_01-1
216
625996 1
625997 2
625998 3
625999 4
626000 5
626001 6
626002 7
626003 8
626004 9
626005 10
626006 11
626007 12
626008 13
626009 14
626010 15
626011 16
626012 17
626013 18
626014 19
626015 20
626016 21
626017 22
626018 23
626019 24
626020 25
626021 26
626022 27
626023 28
626024 29
626025 30
626026 31
626027 32
626028 33
626029 34
626030 35
626031 36
626032 37
626033 38
626034 39
626035 40
626036 41
626037 42
626038 43
626039 44
626040 45
626041 46
626042 47
626043 48
626044 49
626045 50
626046 51
626047 52
626048 53
626049 54
626050 55
626051 56
626052 57
626053 58
626054 59
626055 60
626056 61
626057 62
626058 63
626059 64
626060 65
626061 66
626062 67
626063 68
626064 69
626065 70
626066 71
626067 72
626068 73
626069 74
626070 75
626071 76
626072 77
626073 78
626074 79
626075 80
626076 81
626077 82
626078 83
626079 84
626080 85
626081 86
626082 87
626083 88
626084 89
626085 90
626086 91
626087 92
626088 93
626089 94
626090 95
626091 96
626092 97
626093 98
626094 99
626095 100
626096 101
626097 102
626098 103
626099 104
626100 105
626101 106
626102 107
626103 108
626104 109
626105 110
626106 111
626107 112
626108 113
626109 114
626110 115
626111 116
626112 117
626113 118
626114 119
626115 120
626116 121
626117 122
626118 123
626119 124
626120 125
626121 126
626122 127
626123 128
626124 129
626125 130
626126 131
626127 132
626128 133
626129 134
626130 135
626131 136
626132 137
626133 138
626134 139
626135 140
626136 141
626137 142
626138 143
626139 144
626140 145
626141 146
626142 147
626143 148
626144 149
626145 150
626146 151
626147 152
626148 153
626149 154
626150 155
626151 156
626152 157
626153 158
626154 159
626155 160
626156 161
626157 162
626158 163
626159 164
626160 165
626161 166
626162 167
626163 168
626164 169
626165 170
626166 171
626167 172
626168 173
626169 174
626170 175
626171 176
626172 177
626173 178
626174 179
626175 180
626176 181
626177 182
626178 183
626179 184
626180 185
626181 186
626182 187
626183 188
626184 189
626185 190
626186 191
626187 192
626188 193
626189 194
626190 195
626191 196
626192 197
626193 198
626194 199
626195 200
626196 201
626197 202
626198 203
626199 204
626200 205
626201 206
626202 207
626203 208
626204 209
626205 210
626206 211
626207 212
626208 213
626209 214
626210 215
626211 216
-2147483647
RBLONG_02-1
216
626212 1
626213 2
626214 3
626215 4
626216 5
626217 6
626218 7
626219 8
626220 9
626221 10
626222 11
626223 12
626224 13
626225 14
626226 15
626227 16
626228 17
626229 18
626230 19
626231 20
626232 21
626233 22
626234 23
626235 24
626236 25
626237 26
626238 27
626239 28
626240 29
626241 30
626242 31
626243 32
626244 33
626245 34
626246 35
626247 36
626248 37
626249 38
626250 39
626251 40
626252 41
626253 42
626254 43
626255 44
626256 45
626257 46
626258 47
626259 48
626260 49
626261 50
626262 51
626263 52
626264 53
626265 54
626266 55
626267 56
626268 57
626269 58
626270 59
626271 60
626272 61
626273 62
626274 63
626275 64
626276 65
626277 66
626278 67
626279 68
626280 69
626281 70
626282 71
626283 72
626284 73
626285 74
626286 75
626287 76
626288 77
626289 78
626290 79
626291 80
626292 81
626293 82
626294 83
626295 84
626296 85
626297 86
626298 87
626299 88
626300 89
626301 90
626302 91
626303 92
626304 93
626305 94
626306 95
626307 96
626308 97
626309 98
626310 99
626311 100
626312 101
626313 102
626314 103
626315 104
626316 105
626317 106
626318 107
626319 108
626320 109
626321 110
626322 111
626323 112
626324 113
626325 114
626326 115
626327 116
626328 117
626329 118
626330 119
626331 120
626332 121
626333 122
626334 123
626335 124
626336 125
626337 126
626338 127
626339 128
626340 129
626341 130
626342 131
626343 132
626344 133
626345 134
626346 135
626347 136
626348 137
626349 138
626350 139
626351 140
626352 141
626353 142
626354 143
626355 144
626356 145
626357 146
626358 147
626359 148
626360 149
626361 150
626362 151
626363 152
626364 153
626365 154
626366 155
626367 156
626368 157
626369 158
626370 159
626371 160
626372 161
626373 162
626374 163
626375 164
626376 165
626377 166
626378 167
626379 168
626380 169
626381 170
626382 171
626383 172
626384 173
626385 174
626386 175
626387 176
626388 177
626389 178
626390 179
626391 180
626392 181
626393 182
626394 183
626395 184
626396 185
626397 186
626398 187
626399 188
626400 189
626401 190
626402 191
626403 192
626404 193
626405 194
626406 195
626407 196
626408 197
626409 198
626410 199
626411 200
626412 201
626413 202
626414 203
626415 204
626416 205
626417 206
626418 207
626419 208
626420 209
626421 210
626422 211
626423 212
626424 213
626425 214
626426 215
626427 216
-2147483647
RBLONG_03-1
216
626428 1
626429 2
626430 3
626431 4
626432 5
626433 6
626434 7
626435 8
626436 9
626437 10
626438 11
626439 12
626440 13
626441 14
626442 15
626443 16
626444 17
626445 18
626446 19
626447 20
626448 21
626449 22
626450 23
626451 24
626452 25
626453 26
626454 27
626455 28
626456 29
626457 30
626458 31
626459 32
626460 33
626461 34
626462 35
626463 36
626464 37
626465 38
626466 39
626467 40
626468 41
626469 42
626470 43
626471 44
626472 45
626473 46
626474 47
626475 48
626476 49
626477 50
626478 51
626479 52
626480 53
626481 54
626482 55
626483 56
626484 57
626485 58
626486 59
626487 60
626488 61
626489 62
626490 63
626491 64
626492 65
626493 66
626494 67
626495 68
626496 69
626497 70
626498 71
626499 72
626500 73
626501 74
626502 75
626503 76
626504 77
626505 78
626506 79
626507 80
626508 81
626509 82
626510 83
626511 84
626512 85
626513 86
626514 87
626515 88
626516 89
626517 90
626518 91
626519 92
626520 93
626521 94
626522 95
626523 96
626524 97
626525 98
626526 99
626527 100
626528 101
626529 102
626530 103
626531 104
626532 105
626533 106
626534 107
626535 108
626536 109
626537 110
626538 111
626539 112
626540 113
626541 114
626542 115
626543 116
626544 117
626545 118
626546 119
626547 120
626548 121
626549 122
626550 123
626551 124
626552 125
626553 126
626554 127
626555 128
626556 129
626557 130
626558 131
626559 132
626560 133
626561 134
626562 135
626563 136
626564 137
626565 138
626566 139
626567 140
626568 141
626569 142
626570 143
626571 144
626572 145
626573 146
626574 147
626575 148
626576 149
626577 150
626578 151
626579 152
626580 153
626581 154
626582 155
626583 156
626584 157
626585 158
626586 159
626587 160
626588 161
626589 162
626590 163
626591 164
626592 165
626593 166
626594 167
626595 168
626596 169
626597 170
626598 171
626599 172
626600 173
626601 174
626602 175
626603 176
626604 177
626605 178
626606 179
626607 180
626608 181
626609 182
626610 183
626611 184
626612 185
626613 186
626614 187
626615 188
626616 189
626617 190
626618 191
626619 192
626620 193
626621 194
626622 195
626623 196
626624 197
626625 198
626626 199
626627 200
626628 201
626629 202
626630 203
626631 204
626632 205
626633 206
626634 207
626635 208
626636 209
626637 210
626638 211
626639 212
626640 213
626641 214
626642 215
626643 216
-2147483647
RBLONG_04-1
216
626644 1
626645 2
626646 3
626647 4
626648 5
626649 6
626650 7
626651 8
626652 9
626653 10
626654 11
626655 12
626656 13
626657 14
626658 15
626659 16
626660 17
626661 18
626662 19
626663 20
626664 21
626665 22
626666 23
626667 24
626668 25
626669 26
626670 27
626671 28
626672 29
626673 30
626674 31
626675 32
626676 33
626677 34
626678 35
626679 36
626680 37
626681 38
626682 39
626683 40
626684 41
626685 42
626686 43
626687 44
626688 45
626689 46
626690 47
626691 48
626692 49
626693 50
626694 51
626695 52
626696 53
626697 54
626698 55
626699 56
626700 57
626701 58
626702 59
626703 60
626704 61
626705 62
626706 63
626707 64
626708 65
626709 66
626710 67
626711 68
626712 69
626713 70
626714 71
626715 72
626716 73
626717 74
626718 75
626719 76
626720 77
626721 78
626722 79
626723 80
626724 81
626725 82
626726 83
626727 84
626728 85
626729 86
626730 87
626731 88
626732 89
626733 90
626734 91
626735 92
626736 93
626737 94
626738 95
626739 96
626740 97
626741 98
626742 99
626743 100
626744 101
626745 102
626746 103
626747 104
626748 105
626749 106
626750 107
626751 108
626752 109
626753 110
626754 111
626755 112
626756 113
626757 114
626758 115
626759 116
626760 117
626761 118
626762 119
626763 120
626764 121
626765 122
626766 123
626767 124
626768 125
626769 126
626770 127
626771 128
626772 129
626773 130
626774 131
626775 132
626776 133
626777 134
626778 135
626779 136
626780 137
626781 138
626782 139
626783 140
626784 141
626785 142
626786 143
626787 144
626788 145
626789 146
626790 147
626791 148
626792 149
626793 150
626794 151
626795 152
626796 153
626797 154
626798 155
626799 156
626800 157
626801 158
626802 159
626803 160
626804 161
626805 162
626806 163
626807 164
626808 165
626809 166
626810 167
626811 168
626812 169
626813 170
626814 171
626815 172
626816 173
626817 174
626818 175
626819 176
626820 177
626821 178
626822 179
626823 180
626824 181
626825 182
626826 183
626827 184
626828 185
626829 186
626830 187
626831 188
626832 189
626833 190
626834 191
626835 192
626836 193
626837 194
626838 195
626839 196
626840 197
626841 198
626842 199
626843 200
626844 201
626845 202
626846 203
626847 204
626848 205
626849 206
626850 207
626851 208
626852 209
626853 210
626854 211
626855 212
626856 213
626857 214
626858 215
626859 216
-2147483647
RBLONG_05-1
192
626860 1
626861 2
626862 3
626863 4
626864 5
626865 6
626866 7
626867 8
626868 9
626869 10
626870 11
626871 12
626872 13
626873 14
626874 15
626875 16
626876 17
626877 18
626878 19
626879 20
626880 21
626881 22
626882 23
626883 24
626884 25
626885 26
626886 27
626887 28
626888 29
626889 30
626890 31
626891 32
626892 33
626893 34
626894 35
626895 36
626896 37
626897 38
626898 39
626899 40
626900 41
626901 42
626902 43
626903 44
626904 45
626905 46
626906 47
626907 48
626908 49
626909 50
626910 51
626911 52
626912 53
626913 54
626914 55
626915 56
626916 57
626917 58
626918 59
626919 60
626920 61
626921 62
626922 63
626923 64
626924 65
626925 66
626926 67
626927 68
626928 69
626929 70
626930 71
626931 72
626932 73
626933 74
626934 75
626935 76
626936 77
626937 78
626938 79
626939 80
626940 81
626941 82
626942 83
626943 84
626944 85
626945 86
626946 87
626947 88
626948 89
626949 90
626950 91
626951 92
626952 93
626953 94
626954 95
626955 96
626956 97
626957 98
626958 99
626959 100
626960 101
626961 102
626962 103
626963 104
626964 105
626965 106
626966 107
626967 108
626968 109
626969 110
626970 111
626971 112
626972 113
626973 114
626974 115
626975 116
626976 117
626977 118
626978 119
626979 120
626980 121
626981 122
626982 123
626983 124
626984 125
626985 126
626986 127
626987 128
626988 129
626989 130
626990 131
626991 132
626992 133
626993 134
626994 135
626995 136
626996 137
626997 138
626998 139
626999 140
627000 141
627001 142
627002 143
627003 144
627004 145
627005 146
627006 147
627007 148
627008 149
627009 150
627010 151
627011 152
627012 153
627013 154
627014 155
627015 156
627016 157
627017 158
627018 159
627019 160
627020 161
627021 162
627022 163
627023 164
627024 165
627025 166
627026 167
627027 168
627028 169
627029 170
627030 171
627031 172
627032 173
627033 174
627034 175
627035 176
627036 177
627037 178
627038 179
627039 180
627040 181
627041 182
627042 183
627043 184
627044 185
627045 186
627046 187
627047 188
627048 189
627049 190
627050 191
627051 192
-2147483647
RBLONG_06-1
192
627052 1
627053 2
627054 3
627055 4
627056 5
627057 6
627058 7
627059 8
627060 9
627061 10
627062 11
627063 12
627064 13
627065 14
627066 15
627067 16
627068 17
627069 18
627070 19
627071 20
627072 21
627073 22
627074 23
627075 24
627076 25
627077 26
627078 27
627079 28
627080 29
627081 30
627082 31
627083 32
627084 33
627085 34
627086 35
627087 36
627088 37
627089 38
627090 39
627091 40
627092 41
627093 42
627094 43
627095 44
627096 45
627097 46
627098 47
627099 48
627100 49
627101 50
627102 51
627103 52
627104 53
627105 54
627106 55
627107 56
627108 57
627109 58
627110 59
627111 60
627112 61
627113 62
627114 63
627115 64
627116 65
627117 66
627118 67
627119 68
627120 69
627121 70
627122 71
627123 72
627124 73
627125 74
627126 75
627127 76
627128 77
627129 78
627130 79
627131 80
627132 81
627133 82
627134 83
627135 84
627136 85
627137 86
627138 87
627139 88
627140 89
627141 90
627142 91
627143 92
627144 93
627145 94
627146 95
627147 96
627148 97
627149 98
627150 99
627151 100
627152 101
627153 102
627154 103
627155 104
627156 105
627157 106
627158 107
627159 108
627160 109
627161 110
627162 111
627163 112
627164 113
627165 114
627166 115
627167 116
627168 117
627169 118
627170 119
627171 120
627172 121
627173 122
627174 123
627175 124
627176 125
627177 126
627178 127
627179 128
627180 129
627181 130
627182 131
627183 132
627184 133
627185 134
627186 135
627187 136
627188 137
627189 138
627190 139
627191 140
627192 141
627193 142
627194 143
627195 144
627196 145
627197 146
627198 147
627199 148
627200 149
627201 150
627202 151
627203 152
627204 153
627205 154
627206 155
627207 156
627208 157
627209 158
627210 159
627211 160
627212 161
627213 162
627214 163
627215 164
627216 165
627217 166
627218 167
627219 168
627220 169
627221 170
627222 171
627223 172
627224 173
627225 174
627226 175
627227 176
627228 177
627229 178
627230 179
627231 180
627232 181
627233 182
627234 183
627235 184
627236 185
627237 186
627238 187
627239 188
627240 189
627241 190
627242 191
627243 192
-2147483647
RBLONG_07-1
192
627244 1
627245 2
627246 3
627247 4
627248 5
627249 6
627250 7
627251 8
627252 9
627253 10
627254 11
627255 12
627256 13
627257 14
627258 15
627259 16
627260 17
627261 18
627262 19
627263 20
627264 21
627265 22
627266 23
627267 24
627268 25
627269 26
627270 27
627271 28
627272 29
627273 30
627274 31
627275 32
627276 33
627277 34
627278 35
627279 36
627280 37
627281 38
627282 39
627283 40
627284 41
627285 42
627286 43
627287 44
627288 45
627289 46
627290 47
627291 48
627292 49
627293 50
627294 51
627295 52
627296 53
627297 54
627298 55
627299 56
627300 57
627301 58
627302 59
627303 60
627304 61
627305 62
627306 63
627307 64
627308 65
627309 66
627310 67
627311 68
627312 69
627313 70
627314 71
627315 72
627316 73
627317 74
627318 75
627319 76
627320 77
627321 78
627322 79
627323 80
627324 81
627325 82
627326 83
627327 84
627328 85
627329 86
627330 87
627331 88
627332 89
627333 90
627334 91
627335 92
627336 93
627337 94
627338 95
627339 96
627340 97
627341 98
627342 99
627343 100
627344 101
627345 102
627346 103
627347 104
627348 105
627349 106
627350 107
627351 108
627352 109
627353 110
627354 111
627355 112
627356 113
627357 114
627358 115
627359 116
627360 117
627361 118
627362 119
627363 120
627364 121
627365 122
627366 123
627367 124
627368 125
627369 126
627370 127
627371 128
627372 129
627373 130
627374 131
627375 132
627376 133
627377 134
627378 135
627379 136
627380 137
627381 138
627382 139
627383 140
627384 141
627385 142
627386 143
627387 144
627388 145
627389 146
627390 147
627391 148
627392 149
627393 150
627394 151
627395 152
627396 153
627397 154
627398 155
627399 156
627400 157
627401 158
627402 159
627403 160
627404 161
627405 162
627406 163
627407 164
627408 165
627409 166
627410 167
627411 168
627412 169
627413 170
627414 171
627415 172
627416 173
627417 174
627418 175
627419 176
627420 177
627421 178
627422 179
627423 180
627424 181
627425 182
627426 183
627427 184
627428 185
627429 186
627430 187
627431 188
627432 189
627433 190
627434 191
627435 192
-2147483647
RBLONG_08-1
192
627436 1
627437 2
627438 3
627439 4
627440 5
627441 6
627442 7
627443 8
627444 9
627445 10
627446 11
627447 12
627448 13
627449 14
627450 15
627451 16
627452 17
627453 18
627454 19
627455 20
627456 21
627457 22
627458 23
627459 24
627460 25
627461 26
627462 27
627463 28
627464 29
627465 30
627466 31
627467 32
627468 33
627469 34
627470 35
627471 36
627472 37
627473 38
627474 39
627475 40
627476 41
627477 42
627478 43
627479 44
627480 45
627481 46
627482 47
627483 48
627484 49
627485 50
627486 51
627487 52
627488 53
627489 54
627490 55
627491 56
627492 57
627493 58
627494 59
627495 60
627496 61
627497 62
627498 63
627499 64
627500 65
627501 66
627502 67
627503 68
627504 69
627505 70
627506 71
627507 72
627508 73
627509 74
627510 75
627511 76
627512 77
627513 78
627514 79
627515 80
627516 81
627517 82
627518 83
627519 84
627520 85
627521 86
627522 87
627523 88
627524 89
627525 90
627526 91
627527 92
627528 93
627529 94
627530 95
627531 96
627532 97
627533 98
627534 99
627535 100
627536 101
627537 102
627538 103
627539 104
627540 105
627541 106
627542 107
627543 108
627544 109
627545 110
627546 111
627547 112
627548 113
627549 114
627550 115
627551 116
627552 117
627553 118
627554 119
627555 120
627556 121
627557 122
627558 123
627559 124
627560 125
627561 126
627562 127
627563 128
627564 129
627565 130
627566 131
627567 132
627568 133
627569 134
627570 135
627571 136
627572 137
627573 138
627574 139
627575 140
627576 141
627577 142
627578 143
627579 144
627580 145
627581 146
627582 147
627583 148
627584 149
627585 150
627586 151
627587 152
627588 153
627589 154
627590 155
627591 156
627592 157
627593 158
627594 159
627595 160
627596 161
627597 162
627598 163
627599 164
627600 165
627601 166
627602 167
627603 168
627604 169
627605 170
627606 171
627607 172
627608 173
627609 174
627610 175
627611 176
627612 177
627613 178
627614 179
627615 180
627616 181
627617 182
627618 183
627619 184
627620 185
627621 186
627622 187
627623 188
627624 189
627625 190
627626 191
627627 192
-2147483647
RBLONG_09-1
192
627628 1
627629 2
627630 3
627631 4
627632 5
627633 6
627634 7
627635 8
627636 9
627637 10
627638 11
627639 12
627640 13
627641 14
627642 15
627643 16
627644 17
627645 18
627646 19
627647 20
627648 21
627649 22
627650 23
627651 24
627652 25
627653 26
627654 27
627655 28
627656 29
627657 30
627658 31
627659 32
627660 33
627661 34
627662 35
627663 36
627664 37
627665 38
627666 39
627667 40
627668 41
627669 42
627670 43
627671 44
627672 45
627673 46
627674 47
627675 48
627676 49
627677 50
627678 51
627679 52
627680 53
627681 54
627682 55
627683 56
627684 57
627685 58
627686 59
627687 60
627688 61
627689 62
627690 63
627691 64
627692 65
627693 66
627694 67
627695 68
627696 69
627697 70
627698 71
627699 72
627700 73
627701 74
627702 75
627703 76
627704 77
627705 78
627706 79
627707 80
627708 81
627709 82
627710 83
627711 84
627712 85
627713 86
627714 87
627715 88
627716 89
627717 90
627718 91
627719 92
627720 93
627721 94
627722 95
627723 96
627724 97
627725 98
627726 99
627727 100
627728 101
627729 102
627730 103
627731 104
627732 105
627733 106
627734 107
627735 108
627736 109
627737 110
627738 111
627739 112
627740 113
627741 114
627742 115
627743 116
627744 117
627745 118
627746 119
627747 120
627748 121
627749 122
627750 123
627751 124
627752 125
627753 126
627754 127
627755 128
627756 129
627757 130
627758 131
627759 132
627760 133
627761 134
627762 135
627763 136
627764 137
627765 138
627766 139
627767 140
627768 141
627769 142
627770 143
627771 144
627772 145
627773 146
627774 147
627775 148
627776 149
627777 150
627778 151
627779 152
627780 153
627781 154
627782 155
627783 156
627784 157
627785 158
627786 159
627787 160
627788 161
627789 162
627790 163
627791 164
627792 165
627793 166
627794 167
627795 168
627796 169
627797 170
627798 171
627799 172
627800 173
627801 174
627802 175
627803 176
627804 177
627805 178
627806 179
627807 180
627808 181
627809 182
627810 183
627811 184
627812 185
627813 186
627814 187
627815 188
627816 189
627817 190
627818 191
627819 192
-2147483647
RBLONG_10-1
192
627820 1
627821 2
627822 3
627823 4
627824 5
627825 6
627826 7
627827 8
627828 9
627829 10
627830 11
627831 12
627832 13
627833 14
627834 15
627835 16
627836 17
627837 18
627838 19
627839 20
627840 21
627841 22
627842 23
627843 24
627844 25
627845 26
627846 27
627847 28
627848 29
627849 30
627850 31
627851 32
627852 33
627853 34
627854 35
627855 36
627856 37
627857 38
627858 39
627859 40
627860 41
627861 42
627862 43
627863 44
627864 45
627865 46
627866 47
627867 48
627868 49
627869 50
627870 51
627871 52
627872 53
627873 54
627874 55
627875 56
627876 57
627877 58
627878 59
627879 60
627880 61
627881 62
627882 63
627883 64
627884 65
627885 66
627886 67
627887 68
627888 69
627889 70
627890 71
627891 72
627892 73
627893 74
627894 75
627895 76
627896 77
627897 78
627898 79
627899 80
627900 81
627901 82
627902 83
627903 84
627904 85
627905 86
627906 87
627907 88
627908 89
627909 90
627910 91
627911 92
627912 93
627913 94
627914 95
627915 96
627916 97
627917 98
627918 99
627919 100
627920 101
627921 102
627922 103
627923 104
627924 105
627925 106
627926 107
627927 108
627928 109
627929 110
627930 111
627931 112
627932 113
627933 114
627934 115
627935 116
627936 117
627937 118
627938 119
627939 120
627940 121
627941 122
627942 123
627943 124
627944 125
627945 126
627946 127
627947 128
627948 129
627949 130
627950 131
627951 132
627952 133
627953 134
627954 135
627955 136
627956 137
627957 138
627958 139
627959 140
627960 141
627961 142
627962 143
627963 144
627964 145
627965 146
627966 147
627967 148
627968 149
627969 150
627970 151
627971 152
627972 153
627973 154
627974 155
627975 156
627976 157
627977 158
627978 159
627979 160
627980 161
627981 162
627982 163
627983 164
627984 165
627985 166
627986 167
627987 168
627988 169
627989 170
627990 171
627991 172
627992 173
627993 174
627994 175
627995 176
627996 177
627997 178
627998 179
627999 180
628000 181
628001 182
628002 183
628003 184
628004 185
628005 186
628006 187
628007 188
628008 189
628009 190
628010 191
628011 192
-2147483647
RBLONG_11-1
192
628012 1
628013 2
628014 3
628015 4
628016 5
628017 6
628018 7
628019 8
628020 9
628021 10
628022 11
628023 12
628024 13
628025 14
628026 15
628027 16
628028 17
628029 18
628030 19
628031 20
628032 21
628033 22
628034 23
628035 24
628036 25
628037 26
628038 27
628039 28
628040 29
628041 30
628042 31
628043 32
628044 33
628045 34
628046 35
628047 36
628048 37
628049 38
628050 39
628051 40
628052 41
628053 42
628054 43
628055 44
628056 45
628057 46
628058 47
628059 48
628060 49
628061 50
628062 51
628063 52
628064 53
628065 54
628066 55
628067 56
628068 57
628069 58
628070 59
628071 60
628072 61
628073 62
628074 63
628075 64
628076 65
628077 66
628078 67
628079 68
628080 69
628081 70
628082 71
628083 72
628084 73
628085 74
628086 75
628087 76
628088 77
628089 78
628090 79
628091 80
628092 81
628093 82
628094 83
628095 84
628096 85
628097 86
628098 87
628099 88
628100 89
628101 90
628102 91
628103 92
628104 93
628105 94
628106 95
628107 96
628108 97
628109 98
628110 99
628111 100
628112 101
628113 102
628114 103
628115 104
628116 105
628117 106
628118 107
628119 108
628120 109
628121 110
628122 111
628123 112
628124 113
628125 114
628126 115
628127 116
628128 117
628129 118
628130 119
628131 120
628132 121
628133 122
628134 123
628135 124
628136 125
628137 126
628138 127
628139 128
628140 129
628141 130
628142 131
628143 132
628144 133
628145 134
628146 135
628147 136
628148 137
628149 138
628150 139
628151 140
628152 141
628153 142
628154 143
628155 144
628156 145
628157 146
628158 147
628159 148
628160 149
628161 150
628162 151
628163 152
628164 153
628165 154
628166 155
628167 156
628168 157
628169 158
628170 159
628171 160
628172 161
628173 162
628174 163
628175 164
628176 165
628177 166
628178 167
628179 168
628180 169
628181 170
628182 171
628183 172
628184 173
628185 174
628186 175
628187 176
628188 177
628189 178
628190 179
628191 180
628192 181
628193 182
628194 183
628195 184
628196 185
628197 186
628198 187
628199 188
628200 189
628201 190
628202 191
628203 192
-2147483647
RBLONG_12-1
180
628204 1
628205 2
628206 3
628207 4
628208 5
628209 6
628210 7
628211 8
628212 9
628213 10
628214 11
628215 12
628216 13
628217 14
628218 15
628219 16
628220 17
628221 18
628222 19
628223 20
628224 21
628225 22
628226 23
628227 24
628228 25
628229 26
628230 27
628231 28
628232 29
628233 30
628234 31
628235 32
628236 33
628237 34
628238 35
628239 36
628240 37
628241 38
628242 39
628243 40
628244 41
628245 42
628246 43
628247 44
628248 45
628249 46
628250 47
628251 48
628252 49
628253 50
628254 51
628255 52
628256 53
628257 54
628258 55
628259 56
628260 57
628261 58
628262 59
628263 60
628264 61
628265 62
628266 63
628267 64
628268 65
628269 66
628270 67
628271 68
628272 69
628273 70
628274 71
628275 72
628276 73
628277 74
628278 75
628279 76
628280 77
628281 78
628282 79
628283 80
628284 81
628285 82
628286 83
628287 84
628288 85
628289 86
628290 87
628291 88
628292 89
628293 90
628294 91
628295 92
628296 93
628297 94
628298 95
628299 96
628300 97
628301 98
628302 99
628303 100
628304 101
628305 102
628306 103
628307 104
628308 105
628309 106
628310 107
628311 108
628312 109
628313 110
628314 111
628315 112
628316 113
628317 114
628318 115
628319 116
628320 117
628321 118
628322 119
628323 120
628324 121
628325 122
628326 123
628327 124
628328 125
628329 126
628330 127
628331 128
628332 129
628333 130
628334 131
628335 132
628336 133
628337 134
628338 135
628339 136
628340 137
628341 138
628342 139
628343 140
628344 141
628345 142
628346 143
628347 144
628348 145
628349 146
628350 147
628351 148
628352 149
628353 150
628354 151
628355 152
628356 153
628357 154
628358 155
628359 156
628360 157
628361 158
628362 159
628363 160
628364 161
628365 162
628366 163
628367 164
628368 165
628369 166
628370 167
628371 168
628372 169
628373 170
628374 171
628375 172
628376 173
628377 174
628378 175
628379 176
628380 177
628381 178
628382 179
628383 180
-2147483647
RBLONG_13-1
180
628384 1
628385 2
628386 3
628387 4
628388 5
628389 6
628390 7
628391 8
628392 9
628393 10
628394 11
628395 12
628396 13
628397 14
628398 15
628399 16
628400 17
628401 18
628402 19
628403 20
628404 21
628405 22
628406 23
628407 24
628408 25
628409 26
628410 27
628411 28
628412 29
628413 30
628414 31
628415 32
628416 33
628417 34
628418 35
628419 36
628420 37
628421 38
628422 39
628423 40
628424 41
628425 42
628426 43
628427 44
628428 45
628429 46
628430 47
628431 48
628432 49
628433 50
628434 51
628435 52
628436 53
628437 54
628438 55
628439 56
628440 57
628441 58
628442 59
628443 60
628444 61
628445 62
628446 63
628447 64
628448 65
628449 66
628450 67
628451 68
628452 69
628453 70
628454 71
628455 72
628456 73
628457 74
628458 75
628459 76
628460 77
628461 78
628462 79
628463 80
628464 81
628465 82
628466 83
628467 84
628468 85
628469 86
628470 87
628471 88
628472 89
628473 90
628474 91
628475 92
628476 93
628477 94
628478 95
628479 96
628480 97
628481 98
628482 99
628483 100
628484 101
628485 102
628486 103
628487 104
628488 105
628489 106
628490 107
628491 108
628492 109
628493 110
628494 111
628495 112
628496 113
628497 114
628498 115
628499 116
628500 117
628501 118
628502 119
628503 120
628504 121
628505 122
628506 123
628507 124
628508 125
628509 126
628510 127
628511 128
628512 129
628513 130
628514 131
628515 132
628516 133
628517 134
628518 135
628519 136
628520 137
628521 138
628522 139
628523 140
628524 141
628525 142
628526 143
628527 144
628528 145
628529 146
628530 147
628531 148
628532 149
628533 150
628534 151
628535 152
628536 153
628537 154
628538 155
628539 156
628540 157
628541 158
628542 159
628543 160
628544 161
628545 162
628546 163
628547 164
628548 165
628549 166
628550 167
628551 168
628552 169
628553 170
628554 171
628555 172
628556 173
628557 174
628558 175
628559 176
628560 177
628561 178
628562 179
628563 180
-2147483647
RBLONG_14-1
180
628564 1
628565 2
628566 3
628567 4
628568 5
628569 6
628570 7
628571 8
628572 9
628573 10
628574 11
628575 12
628576 13
628577 14
628578 15
628579 16
628580 17
628581 18
628582 19
628583 20
628584 21
628585 22
628586 23
628587 24
628588 25
628589 26
628590 27
628591 28
628592 29
628593 30
628594 31
628595 32
628596 33
628597 34
628598 35
628599 36
628600 37
628601 38
628602 39
628603 40
628604 41
628605 42
628606 43
628607 44
628608 45
628609 46
628610 47
628611 48
628612 49
628613 50
628614 51
628615 52
628616 53
628617 54
628618 55
628619 56
628620 57
628621 58
628622 59
628623 60
628624 61
628625 62
628626 63
628627 64
628628 65
628629 66
628630 67
628631 68
628632 69
628633 70
628634 71
628635 72
628636 73
628637 74
628638 75
628639 76
628640 77
628641 78
628642 79
628643 80
628644 81
628645 82
628646 83
628647 84
628648 85
628649 86
628650 87
628651 88
628652 89
628653 90
628654 91
628655 92
628656 93
628657 94
628658 95
628659 96
628660 97
628661 98
628662 99
628663 100
628664 101
628665 102
628666 103
628667 104
628668 105
628669 106
628670 107
628671 108
628672 109
628673 110
628674 111
628675 112
628676 113
628677 114
628678 115
628679 116
628680 117
628681 118
628682 119
628683 120
628684 121
628685 122
628686 123
628687 124
628688 125
628689 126
628690 127
628691 128
628692 129
628693 130
628694 131
628695 132
628696 133
628697 134
628698 135
628699 136
628700 137
628701 138
628702 139
628703 140
628704 141
628705 142
628706 143
628707 144
628708 145
628709 146
628710 147
628711 148
628712 149
628713 150
628714 151
628715 152
628716 153
628717 154
628718 155
628719 156
628720 157
628721 158
628722 159
628723 160
628724 161
628725 162
628726 163
628727 164
628728 165
628729 166
628730 167
628731 168
628732 169
628733 170
628734 171
628735 172
628736 173
628737 174
628738 175
628739 176
628740 177
628741 178
628742 179
628743 180
-2147483647
RBLONG_15-1
180
628744 1
628745 2
628746 3
628747 4
628748 5
628749 6
628750 7
628751 8
628752 9
628753 10
628754 11
628755 12
628756 13
628757 14
628758 15
628759 16
628760 17
628761 18
628762 19
628763 20
628764 21
628765 22
628766 23
628767 24
628768 25
628769 26
628770 27
628771 28
628772 29
628773 30
628774 31
628775 32
628776 33
628777 34
628778 35
628779 36
628780 37
628781 38
628782 39
628783 40
628784 41
628785 42
628786 43
628787 44
628788 45
628789 46
628790 47
628791 48
628792 49
628793 50
628794 51
628795 52
628796 53
628797 54
628798 55
628799 56
628800 57
628801 58
628802 59
628803 60
628804 61
628805 62
628806 63
628807 64
628808 65
628809 66
628810 67
628811 68
628812 69
628813 70
628814 71
628815 72
628816 73
628817 74
628818 75
628819 76
628820 77
628821 78
628822 79
628823 80
628824 81
628825 82
628826 83
628827 84
628828 85
628829 86
628830 87
628831 88
628832 89
628833 90
628834 91
628835 92
628836 93
628837 94
628838 95
628839 96
628840 97
628841 98
628842 99
628843 100
628844 101
628845 102
628846 103
628847 104
628848 105
628849 106
628850 107
628851 108
628852 109
628853 110
628854 111
628855 112
628856 113
628857 114
628858 115
628859 116
628860 117
628861 118
628862 119
628863 120
628864 121
628865 122
628866 123
628867 124
628868 125
628869 126
628870 127
628871 128
628872 129
628873 130
628874 131
628875 132
628876 133
628877 134
628878 135
628879 136
628880 137
628881 138
628882 139
628883 140
628884 141
628885 142
628886 143
628887 144
628888 145
628889 146
628890 147
628891 148
628892 149
628893 150
628894 151
628895 152
628896 153
628897 154
628898 155
628899 156
628900 157
628901 158
628902 159
628903 160
628904 161
628905 162
628906 163
628907 164
628908 165
628909 166
628910 167
628911 168
628912 169
628913 170
628914 171
628915 172
628916 173
628917 174
628918 175
628919 176
628920 177
628921 178
628922 179
628923 180
-2147483647
RBLONG_16-1
168
628924 1
628925 2
628926 3
628927 4
628928 5
628929 6
628930 7
628931 8
628932 9
628933 10
628934 11
628935 12
628936 13
628937 14
628938 15
628939 16
628940 17
628941 18
628942 19
628943 20
628944 21
628945 22
628946 23
628947 24
628948 25
628949 26
628950 27
628951 28
628952 29
628953 30
628954 31
628955 32
628956 33
628957 34
628958 35
628959 36
628960 37
628961 38
628962 39
628963 40
628964 41
628965 42
628966 43
628967 44
628968 45
628969 46
628970 47
628971 48
628972 49
628973 50
628974 51
628975 52
628976 53
628977 54
628978 55
628979 56
628980 57
628981 58
628982 59
628983 60
628984 61
628985 62
628986 63
628987 64
628988 65
628989 66
628990 67
628991 68
628992 69
628993 70
628994 71
628995 72
628996 73
628997 74
628998 75
628999 76
629000 77
629001 78
629002 79
629003 80
629004 81
629005 82
629006 83
629007 84
629008 85
629009 86
629010 87
629011 88
629012 89
629013 90
629014 91
629015 92
629016 93
629017 94
629018 95
629019 96
629020 97
629021 98
629022 99
629023 100
629024 101
629025 102
629026 103
629027 104
629028 105
629029 106
629030 107
629031 108
629032 109
629033 110
629034 111
629035 112
629036 113
629037 114
629038 115
629039 116
629040 117
629041 118
629042 119
629043 120
629044 121
629045 122
629046 123
629047 124
629048 125
629049 126
629050 127
629051 128
629052 129
629053 130
629054 131
629055 132
629056 133
629057 134
629058 135
629059 136
629060 137
629061 138
629062 139
629063 140
629064 141
629065 142
629066 143
629067 144
629068 145
629069 146
629070 147
629071 148
629072 149
629073 150
629074 151
629075 152
629076 153
629077 154
629078 155
629079 156
629080 157
629081 158
629082 159
629083 160
629084 161
629085 162
629086 163
629087 164
629088 165
629089 166
629090 167
629091 168
-2147483647
RBLONG_17-1
168
629092 1
629093 2
629094 3
629095 4
629096 5
629097 6
629098 7
629099 8
629100 9
629101 10
629102 11
629103 12
629104 13
629105 14
629106 15
629107 16
629108 17
629109 18
629110 19
629111 20
629112 21
629113 22
629114 23
629115 24
629116 25
629117 26
629118 27
629119 28
629120 29
629121 30
629122 31
629123 32
629124 33
629125 34
629126 35
629127 36
629128 37
629129 38
629130 39
629131 40
629132 41
629133 42
629134 43
629135 44
629136 45
629137 46
629138 47
629139 48
629140 49
629141 50
629142 51
629143 52
629144 53
629145 54
629146 55
629147 56
629148 57
629149 58
629150 59
629151 60
629152 61
629153 62
629154 63
629155 64
629156 65
629157 66
629158 67
629159 68
629160 69
629161 70
629162 71
629163 72
629164 73
629165 74
629166 75
629167 76
629168 77
629169 78
629170 79
629171 80
629172 81
629173 82
629174 83
629175 84
629176 85
629177 86
629178 87
629179 88
629180 89
629181 90
629182 91
629183 92
629184 93
629185 94
629186 95
629187 96
629188 97
629189 98
629190 99
629191 100
629192 101
629193 102
629194 103
629195 104
629196 105
629197 106
629198 107
629199 108
629200 109
629201 110
629202 111
629203 112
629204 113
629205 114
629206 115
629207 116
629208 117
629209 118
629210 119
629211 120
629212 121
629213 122
629214 123
629215 124
629216 125
629217 126
629218 127
629219 128
629220 129
629221 130
629222 131
629223 132
629224 133
629225 134
629226 135
629227 136
629228 137
629229 138
629230 139
629231 140
629232 141
629233 142
629234 143
629235 144
629236 145
629237 146
629238 147
629239 148
629240 149
629241 150
629242 151
629243 152
629244 153
629245 154
629246 155
629247 156
629248 157
629249 158
629250 159
629251 160
629252 161
629253 162
629254 163
629255 164
629256 165
629257 166
629258 167
629259 168
-2147483647
RBLONG_18-1
168
629260 1
629261 2
629262 3
629263 4
629264 5
629265 6
629266 7
629267 8
629268 9
629269 10
629270 11
629271 12
629272 13
629273 14
629274 15
629275 16
629276 17
629277 18
629278 19
629279 20
629280 21
629281 22
629282 23
629283 24
629284 25
629285 26
629286 27
629287 28
629288 29
629289 30
629290 31
629291 32
629292 33
629293 34
629294 35
629295 36
629296 37
629297 38
629298 39
629299 40
629300 41
629301 42
629302 43
629303 44
629304 45
629305 46
629306 47
629307 48
629308 49
629309 50
629310 51
629311 52
629312 53
629313 54
629314 55
629315 56
629316 57
629317 58
629318 59
629319 60
629320 61
629321 62
629322 63
629323 64
629324 65
629325 66
629326 67
629327 68
629328 69
629329 70
629330 71
629331 72
629332 73
629333 74
629334 75
629335 76
629336 77
629337 78
629338 79
629339 80
629340 81
629341 82
629342 83
629343 84
629344 85
629345 86
629346 87
629347 88
629348 89
629349 90
629350 91
629351 92
629352 93
629353 94
629354 95
629355 96
629356 97
629357 98
629358 99
629359 100
629360 101
629361 102
629362 103
629363 104
629364 105
629365 106
629366 107
629367 108
629368 109
629369 110
629370 111
629371 112
629372 113
629373 114
629374 115
629375 116
629376 117
629377 118
629378 119
629379 120
629380 121
629381 122
629382 123
629383 124
629384 125
629385 126
629386 127
629387 128
629388 129
629389 130
629390 131
629391 132
629392 133
629393 134
629394 135
629395 136
629396 137
629397 138
629398 139
629399 140
629400 141
629401 142
629402 143
629403 144
629404 145
629405 146
629406 147
629407 148
629408 149
629409 150
629410 151
629411 152
629412 153
629413 154
629414 155
629415 156
629416 157
629417 158
629418 159
629419 160
629420 161
629421 162
629422 163
629423 164
629424 165
629425 166
629426 167
629427 168
-2147483647
RBLONG_19-1
168
629428 1
629429 2
629430 3
629431 4
629432 5
629433 6
629434 7
629435 8
629436 9
629437 10
629438 11
629439 12
629440 13
629441 14
629442 15
629443 16
629444 17
629445 18
629446 19
629447 20
629448 21
629449 22
629450 23
629451 24
629452 25
629453 26
629454 27
629455 28
629456 29
629457 30
629458 31
629459 32
629460 33
629461 34
629462 35
629463 36
629464 37
629465 38
629466 39
629467 40
629468 41
629469 42
629470 43
629471 44
629472 45
629473 46
629474 47
629475 48
629476 49
629477 50
629478 51
629479 52
629480 53
629481 54
629482 55
629483 56
629484 57
629485 58
629486 59
629487 60
629488 61
629489 62
629490 63
629491 64
629492 65
629493 66
629494 67
629495 68
629496 69
629497 70
629498 71
629499 72
629500 73
629501 74
629502 75
629503 76
629504 77
629505 78
629506 79
629507 80
629508 81
629509 82
629510 83
629511 84
629512 85
629513 86
629514 87
629515 88
629516 89
629517 90
629518 91
629519 92
629520 93
629521 94
629522 95
629523 96
629524 97
629525 98
629526 99
629527 100
629528 101
629529 102
629530 103
629531 104
629532 105
629533 106
629534 107
629535 108
629536 109
629537 110
629538 111
629539 112
629540 113
629541 114
629542 115
629543 116
629544 117
629545 118
629546 119
629547 120
629548 121
629549 122
629550 123
629551 124
629552 125
629553 126
629554 127
629555 128
629556 129
629557 130
629558 131
629559 132
629560 133
629561 134
629562 135
629563 136
629564 137
629565 138
629566 139
629567 140
629568 141
629569 142
629570 143
629571 144
629572 145
629573 146
629574 147
629575 148
629576 149
629577 150
629578 151
629579 152
629580 153
629581 154
629582 155
629583 156
629584 157
629585 158
629586 159
629587 160
629588 161
629589 162
629590 163
629591 164
629592 165
629593 166
629594 167
629595 168
-2147483647
RBLONG_20-1
168
629596 1
629597 2
629598 3
629599 4
629600 5
629601 6
629602 7
629603 8
629604 9
629605 10
629606 11
629607 12
629608 13
629609 14
629610 15
629611 16
629612 17
629613 18
629614 19
629615 20
629616 21
629617 22
629618 23
629619 24
629620 25
629621 26
629622 27
629623 28
629624 29
629625 30
629626 31
629627 32
629628 33
629629 34
629630 35
629631 36
629632 37
629633 38
629634 39
629635 40
629636 41
629637 42
629638 43
629639 44
629640 45
629641 46
629642 47
629643 48
629644 49
629645 50
629646 51
629647 52
629648 53
629649 54
629650 55
629651 56
629652 57
629653 58
629654 59
629655 60
629656 61
629657 62
629658 63
629659 64
629660 65
629661 66
629662 67
629663 68
629664 69
629665 70
629666 71
629667 72
629668 73
629669 74
629670 75
629671 76
629672 77
629673 78
629674 79
629675 80
629676 81
629677 82
629678 83
629679 84
629680 85
629681 86
629682 87
629683 88
629684 89
629685 90
629686 91
629687 92
629688 93
629689 94
629690 95
629691 96
629692 97
629693 98
629694 99
629695 100
629696 101
629697 102
629698 103
629699 104
629700 105
629701 106
629702 107
629703 108
629704 109
629705 110
629706 111
629707 112
629708 113
629709 114
629710 115
629711 116
629712 117
629713 118
629714 119
629715 120
629716 121
629717 122
629718 123
629719 124
629720 125
629721 126
629722 127
629723 128
629724 129
629725 130
629726 131
629727 132
629728 133
629729 134
629730 135
629731 136
629732 137
629733 138
629734 139
629735 140
629736 141
629737 142
629738 143
629739 144
629740 145
629741 146
629742 147
629743 148
629744 149
629745 150
629746 151
629747 152
629748 153
629749 154
629750 155
629751 156
629752 157
629753 158
629754 159
629755 160
629756 161
629757 162
629758 163
629759 164
629760 165
629761 166
629762 167
629763 168
-2147483647
RBLONG_21-1
152
629764 1
629765 2
629766 3
629767 4
629768 5
629769 6
629770 7
629771 8
629772 9
629773 10
629774 11
629775 12
629776 13
629777 14
629778 15
629779 16
629780 17
629781 18
629782 19
629783 20
629784 21
629785 22
629786 23
629787 24
629788 25
629789 26
629790 27
629791 28
629792 29
629793 30
629794 31
629795 32
629796 33
629797 34
629798 35
629799 36
629800 37
629801 38
629802 39
629803 40
629804 41
629805 42
629806 43
629807 44
629808 45
629809 46
629810 47
629811 48
629812 49
629813 50
629814 51
629815 52
629816 53
629817 54
629818 55
629819 56
629820 57
629821 58
629822 59
629823 60
629824 61
629825 62
629826 63
629827 64
629828 65
629829 66
629830 67
629831 68
629832 69
629833 70
629834 71
629835 72
629836 73
629837 74
629838 75
629839 76
629840 77
629841 78
629842 79
629843 80
629844 81
629845 82
629846 83
629847 84
629848 85
629849 86
629850 87
629851 88
629852 89
629853 90
629854 91
629855 92
629856 93
629857 94
629858 95
629859 96
629860 97
629861 98
629862 99
629863 100
629864 101
629865 102
629866 103
629867 104
629868 105
629869 106
629870 107
629871 108
629872 109
629873 110
629874 111
629875 112
629876 113
629877 114
629878 115
629879 116
629880 117
629881 118
629882 119
629883 120
629884 121
629885 122
629886 123
629887 124
629888 125
629889 126
629890 127
629891 128
629892 129
629893 130
629894 131
629895 132
629896 133
629897 134
629898 135
629899 136
629900 137
629901 138
629902 139
629903 140
629904 141
629905 142
629906 143
629907 144
629908 145
629909 146
629910 147
629911 148
629912 149
629913 150
629914 151
629915 152
-2147483647
RBLONG_22-1
152
629916 1
629917 2
629918 3
629919 4
629920 5
629921 6
629922 7
629923 8
629924 9
629925 10
629926 11
629927 12
629928 13
629929 14
629930 15
629931 16
629932 17
629933 18
629934 19
629935 20
629936 21
629937 22
629938 23
629939 24
629940 25
629941 26
629942 27
629943 28
629944 29
629945 30
629946 31
629947 32
629948 33
629949 34
629950 35
629951 36
629952 37
629953 38
629954 39
629955 40
629956 41
629957 42
629958 43
629959 44
629960 45
629961 46
629962 47
629963 48
629964 49
629965 50
629966 51
629967 52
629968 53
629969 54
629970 55
629971 56
629972 57
629973 58
629974 59
629975 60
629976 61
629977 62
629978 63
629979 64
629980 65
629981 66
629982 67
629983 68
629984 69
629985 70
629986 71
629987 72
629988 73
629989 74
629990 75
629991 76
629992 77
629993 78
629994 79
629995 80
629996 81
629997 82
629998 83
629999 84
630000 85
630001 86
630002 87
630003 88
630004 89
630005 90
630006 91
630007 92
630008 93
630009 94
630010 95
630011 96
630012 97
630013 98
630014 99
630015 100
630016 101
630017 102
630018 103
630019 104
630020 105
630021 106
630022 107
630023 108
630024 109
630025 110
630026 111
630027 112
630028 113
630029 114
630030 115
630031 116
630032 117
630033 118
630034 119
630035 120
630036 121
630037 122
630038 123
630039 124
630040 125
630041 126
630042 127
630043 128
630044 129
630045 130
630046 131
630047 132
630048 133
630049 134
630050 135
630051 136
630052 137
630053 138
630054 139
630055 140
630056 141
630057 142
630058 143
630059 144
630060 145
630061 146
630062 147
630063 148
630064 149
630065 150
630066 151
630067 152
-2147483647
RBLONG_23-1
152
630068 1
630069 2
630070 3
630071 4
630072 5
630073 6
630074 7
630075 8
630076 9
630077 10
630078 11
630079 12
630080 13
630081 14
630082 15
630083 16
630084 17
630085 18
630086 19
630087 20
630088 21
630089 22
630090 23
630091 24
630092 25
630093 26
630094 27
630095 28
630096 29
630097 30
630098 31
630099 32
630100 33
630101 34
630102 35
630103 36
630104 37
630105 38
630106 39
630107 40
630108 41
630109 42
630110 43
630111 44
630112 45
630113 46
630114 47
630115 48
630116 49
630117 50
630118 51
630119 52
630120 53
630121 54
630122 55
630123 56
630124 57
630125 58
630126 59
630127 60
630128 61
630129 62
630130 63
630131 64
630132 65
630133 66
630134 67
630135 68
630136 69
630137 70
630138 71
630139 72
630140 73
630141 74
630142 75
630143 76
630144 77
630145 78
630146 79
630147 80
630148 81
630149 82
630150 83
630151 84
630152 85
630153 86
630154 87
630155 88
630156 89
630157 90
630158 91
630159 92
630160 93
630161 94
630162 95
630163 96
630164 97
630165 98
630166 99
630167 100
630168 101
630169 102
630170 103
630171 104
630172 105
630173 106
630174 107
630175 108
630176 109
630177 110
630178 111
630179 112
630180 113
630181 114
630182 115
630183 116
630184 117
630185 118
630186 119
630187 120
630188 121
630189 122
630190 123
630191 124
630192 125
630193 126
630194 127
630195 128
630196 129
630197 130
630198 131
630199 132
630200 133
630201 134
630202 135
630203 136
630204 137
630205 138
630206 139
630207 140
630208 141
630209 142
630210 143
630211 144
630212 145
630213 146
630214 147
630215 148
630216 149
630217 150
630218 151
630219 152
-2147483647
RBLONG_24-1
152
630220 1
630221 2
630222 3
630223 4
630224 5
630225 6
630226 7
630227 8
630228 9
630229 10
630230 11
630231 12
630232 13
630233 14
630234 15
630235 16
630236 17
630237 18
630238 19
630239 20
630240 21
630241 22
630242 23
630243 24
630244 25
630245 26
630246 27
630247 28
630248 29
630249 30
630250 31
630251 32
630252 33
630253 34
630254 35
630255 36
630256 37
630257 38
630258 39
630259 40
630260 41
630261 42
630262 43
630263 44
630264 45
630265 46
630266 47
630267 48
630268 49
630269 50
630270 51
630271 52
630272 53
630273 54
630274 55
630275 56
630276 57
630277 58
630278 59
630279 60
630280 61
630281 62
630282 63
630283 64
630284 65
630285 66
630286 67
630287 68
630288 69
630289 70
630290 71
630291 72
630292 73
630293 74
630294 75
630295 76
630296 77
630297 78
630298 79
630299 80
630300 81
630301 82
630302 83
630303 84
630304 85
630305 86
630306 87
630307 88
630308 89
630309 90
630310 91
630311 92
630312 93
630313 94
630314 95
630315 96
630316 97
630317 98
630318 99
630319 100
630320 101
630321 102
630322 103
630323 104
630324 105
630325 106
630326 107
630327 108
630328 109
630329 110
630330 111
630331 112
630332 113
630333 114
630334 115
630335 116
630336 117
630337 118
630338 119
630339 120
630340 121
630341 122
630342 123
630343 124
630344 125
630345 126
630346 127
630347 128
630348 129
630349 130
630350 131
630351 132
630352 133
630353 134
630354 135
630355 136
630356 137
630357 138
630358 139
630359 140
630360 141
630361 142
630362 143
630363 144
630364 145
630365 146
630366 147
630367 148
630368 149
630369 150
630370 151
630371 152
-2147483647
RBLONG_25-1
152
630372 1
630373 2
630374 3
630375 4
630376 5
630377 6
630378 7
630379 8
630380 9
630381 10
630382 11
630383 12
630384 13
630385 14
630386 15
630387 16
630388 17
630389 18
630390 19
630391 20
630392 21
630393 22
630394 23
630395 24
630396 25
630397 26
630398 27
630399 28
630400 29
630401 30
630402 31
630403 32
630404 33
630405 34
630406 35
630407 36
630408 37
630409 38
630410 39
630411 40
630412 41
630413 42
630414 43
630415 44
630416 45
630417 46
630418 47
630419 48
630420 49
630421 50
630422 51
630423 52
630424 53
630425 54
630426 55
630427 56
630428 57
630429 58
630430 59
630431 60
630432 61
630433 62
630434 63
630435 64
630436 65
630437 66
630438 67
630439 68
630440 69
630441 70
630442 71
630443 72
630444 73
630445 74
630446 75
630447 76
630448 77
630449 78
630450 79
630451 80
630452 81
630453 82
630454 83
630455 84
630456 85
630457 86
630458 87
630459 88
630460 89
630461 90
630462 91
630463 92
630464 93
630465 94
630466 95
630467 96
630468 97
630469 98
630470 99
630471 100
630472 101
630473 102
630474 103
630475 104
630476 105
630477 106
630478 107
630479 108
630480 109
630481 110
630482 111
630483 112
630484 113
630485 114
630486 115
630487 116
630488 117
630489 118
630490 119
630491 120
630492 121
630493 122
630494 123
630495 124
630496 125
630497 126
630498 127
630499 128
630500 129
630501 130
630502 131
630503 132
630504 133
630505 134
630506 135
630507 136
630508 137
630509 138
630510 139
630511 140
630512 141
630513 142
630514 143
630515 144
630516 145
630517 146
630518 147
630519 148
630520 149
630521 150
630522 151
630523 152
-2147483647
RBLONG_26-1
152
630524 1
630525 2
630526 3
630527 4
630528 5
630529 6
630530 7
630531 8
630532 9
630533 10
630534 11
630535 12
630536 13
630537 14
630538 15
630539 16
630540 17
630541 18
630542 19
630543 20
630544 21
630545 22
630546 23
630547 24
630548 25
630549 26
630550 27
630551 28
630552 29
630553 30
630554 31
630555 32
630556 33
630557 34
630558 35
630559 36
630560 37
630561 38
630562 39
630563 40
630564 41
630565 42
630566 43
630567 44
630568 45
630569 46
630570 47
630571 48
630572 49
630573 50
630574 51
630575 52
630576 53
630577 54
630578 55
630579 56
630580 57
630581 58
630582 59
630583 60
630584 61
630585 62
630586 63
630587 64
630588 65
630589 66
630590 67
630591 68
630592 69
630593 70
630594 71
630595 72
630596 73
630597 74
630598 75
630599 76
630600 77
630601 78
630602 79
630603 80
630604 81
630605 82
630606 83
630607 84
630608 85
630609 86
630610 87
630611 88
630612 89
630613 90
630614 91
630615 92
630616 93
630617 94
630618 95
630619 96
630620 97
630621 98
630622 99
630623 100
630624 101
630625 102
630626 103
630627 104
630628 105
630629 106
630630 107
630631 108
630632 109
630633 110
630634 111
630635 112
630636 113
630637 114
630638 115
630639 116
630640 117
630641 118
630642 119
630643 120
630644 121
630645 122
630646 123
630647 124
630648 125
630649 126
630650 127
630651 128
630652 129
630653 130
630654 131
630655 132
630656 133
630657 134
630658 135
630659 136
630660 137
630661 138
630662 139
630663 140
630664 141
630665 142
630666 143
630667 144
630668 145
630669 146
630670 147
630671 148
630672 149
630673 150
630674 151
630675 152
-2147483647
RBLONG_27-1
152
630676 1
630677 2
630678 3
630679 4
630680 5
630681 6
630682 7
630683 8
630684 9
630685 10
630686 11
630687 12
630688 13
630689 14
630690 15
630691 16
630692 17
630693 18
630694 19
630695 20
630696 21
630697 22
630698 23
630699 24
630700 25
630701 26
630702 27
630703 28
630704 29
630705 30
630706 31
630707 32
630708 33
630709 34
630710 35
630711 36
630712 37
630713 38
630714 39
630715 40
630716 41
630717 42
630718 43
630719 44
630720 45
630721 46
630722 47
630723 48
630724 49
630725 50
630726 51
630727 52
630728 53
630729 54
630730 55
630731 56
630732 57
630733 58
630734 59
630735 60
630736 61
630737 62
630738 63
630739 64
630740 65
630741 66
630742 67
630743 68
630744 69
630745 70
630746 71
630747 72
630748 73
630749 74
630750 75
630751 76
630752 77
630753 78
630754 79
630755 80
630756 81
630757 82
630758 83
630759 84
630760 85
630761 86
630762 87
630763 88
630764 89
630765 90
630766 91
630767 92
630768 93
630769 94
630770 95
630771 96
630772 97
630773 98
630774 99
630775 100
630776 101
630777 102
630778 103
630779 104
630780 105
630781 106
630782 107
630783 108
630784 109
630785 110
630786 111
630787 112
630788 113
630789 114
630790 115
630791 116
630792 117
630793 118
630794 119
630795 120
630796 121
630797 122
630798 123
630799 124
630800 125
630801 126
630802 127
630803 128
630804 129
630805 130
630806 131
630807 132
630808 133
630809 134
630810 135
630811 136
630812 137
630813 138
630814 139
630815 140
630816 141
630817 142
630818 143
630819 144
630820 145
630821 146
630822 147
630823 148
630824 149
630825 150
630826 151
630827 152
-2147483647
RBLONG_28-1
152
630828 1
630829 2
630830 3
630831 4
630832 5
630833 6
630834 7
630835 8
630836 9
630837 10
630838 11
630839 12
630840 13
630841 14
630842 15
630843 16
630844 17
630845 18
630846 19
630847 20
630848 21
630849 22
630850 23
630851 24
630852 25
630853 26
630854 27
630855 28
630856 29
630857 30
630858 31
630859 32
630860 33
630861 34
630862 35
630863 36
630864 37
630865 38
630866 39
630867 40
630868 41
630869 42
630870 43
630871 44
630872 45
630873 46
630874 47
630875 48
630876 49
630877 50
630878 51
630879 52
630880 53
630881 54
630882 55
630883 56
630884 57
630885 58
630886 59
630887 60
630888 61
630889 62
630890 63
630891 64
630892 65
630893 66
630894 67
630895 68
630896 69
630897 70
630898 71
630899 72
630900 73
630901 74
630902 75
630903 76
630904 77
630905 78
630906 79
630907 80
630908 81
630909 82
630910 83
630911 84
630912 85
630913 86
630914 87
630915 88
630916 89
630917 90
630918 91
630919 92
630920 93
630921 94
630922 95
630923 96
630924 97
630925 98
630926 99
630927 100
630928 101
630929 102
630930 103
630931 104
630932 105
630933 106
630934 107
630935 108
630936 109
630937 110
630938 111
630939 112
630940 113
630941 114
630942 115
630943 116
630944 117
630945 118
630946 119
630947 120
630948 121
630949 122
630950 123
630951 124
630952 125
630953 126
630954 127
630955 128
630956 129
630957 130
630958 131
630959 132
630960 133
630961 134
630962 135
630963 136
630964 137
630965 138
630966 139
630967 140
630968 141
630969 142
630970 143
630971 144
630972 145
630973 146
630974 147
630975 148
630976 149
630977 150
630978 151
630979 152
-2147483647
RBLONG_29-1
152
630980 1
630981 2
630982 3
630983 4
630984 5
630985 6
630986 7
630987 8
630988 9
630989 10
630990 11
630991 12
630992 13
630993 14
630994 15
630995 16
630996 17
630997 18
630998 19
630999 20
631000 21
631001 22
631002 23
631003 24
631004 25
631005 26
631006 27
631007 28
631008 29
631009 30
631010 31
631011 32
631012 33
631013 34
631014 35
631015 36
631016 37
631017 38
631018 39
631019 40
631020 41
631021 42
631022 43
631023 44
631024 45
631025 46
631026 47
631027 48
631028 49
631029 50
631030 51
631031 52
631032 53
631033 54
631034 55
631035 56
631036 57
631037 58
631038 59
631039 60
631040 61
631041 62
631042 63
631043 64
631044 65
631045 66
631046 67
631047 68
631048 69
631049 70
631050 71
631051 72
631052 73
631053 74
631054 75
631055 76
631056 77
631057 78
631058 79
631059 80
631060 81
631061 82
631062 83
631063 84
631064 85
631065 86
631066 87
631067 88
631068 89
631069 90
631070 91
631071 92
631072 93
631073 94
631074 95
631075 96
631076 97
631077 98
631078 99
631079 100
631080 101
631081 102
631082 103
631083 104
631084 105
631085 106
631086 107
631087 108
631088 109
631089 110
631090 111
631091 112
631092 113
631093 114
631094 115
631095 116
631096 117
631097 118
631098 119
631099 120
631100 121
631101 122
631102 123
631103 124
631104 125
631105 126
631106 127
631107 128
631108 129
631109 130
631110 131
631111 132
631112 133
631113 134
631114 135
631115 136
631116 137
631117 138
631118 139
631119 140
631120 141
631121 142
631122 143
631123 144
631124 145
631125 146
631126 147
631127 148
631128 149
631129 150
631130 151
631131 152
-2147483647
RBLONG_30-1
152
631132 1
631133 2
631134 3
631135 4
631136 5
631137 6
631138 7
631139 8
631140 9
631141 10
631142 11
631143 12
631144 13
631145 14
631146 15
631147 16
631148 17
631149 18
631150 19
631151 20
631152 21
631153 22
631154 23
631155 24
631156 25
631157 26
631158 27
631159 28
631160 29
631161 30
631162 31
631163 32
631164 33
631165 34
631166 35
631167 36
631168 37
631169 38
631170 39
631171 40
631172 41
631173 42
631174 43
631175 44
631176 45
631177 46
631178 47
631179 48
631180 49
631181 50
631182 51
631183 52
631184 53
631185 54
631186 55
631187 56
631188 57
631189 58
631190 59
631191 60
631192 61
631193 62
631194 63
631195 64
631196 65
631197 66
631198 67
631199 68
631200 69
631201 70
631202 71
631203 72
631204 73
631205 74
631206 75
631207 76
631208 77
631209 78
631210 79
631211 80
631212 81
631213 82
631214 83
631215 84
631216 85
631217 86
631218 87
631219 88
631220 89
631221 90
631222 91
631223 92
631224 93
631225 94
631226 95
631227 96
631228 97
631229 98
631230 99
631231 100
631232 101
631233 102
631234 103
631235 104
631236 105
631237 106
631238 107
631239 108
631240 109
631241 110
631242 111
631243 112
631244 113
631245 114
631246 115
631247 116
631248 117
631249 118
631250 119
631251 120
631252 121
631253 122
631254 123
631255 124
631256 125
631257 126
631258 127
631259 128
631260 129
631261 130
631262 131
631263 132
631264 133
631265 134
631266 135
631267 136
631268 137
631269 138
631270 139
631271 140
631272 141
631273 142
631274 143
631275 144
631276 145
631277 146
631278 147
631279 148
631280 149
631281 150
631282 151
631283 152
-2147483647
RBLONG_31-1
152
631284 1
631285 2
631286 3
631287 4
631288 5
631289 6
631290 7
631291 8
631292 9
631293 10
631294 11
631295 12
631296 13
631297 14
631298 15
631299 16
631300 17
631301 18
631302 19
631303 20
631304 21
631305 22
631306 23
631307 24
631308 25
631309 26
631310 27
631311 28
631312 29
631313 30
631314 31
631315 32
631316 33
631317 34
631318 35
631319 36
631320 37
631321 38
631322 39
631323 40
631324 41
631325 42
631326 43
631327 44
631328 45
631329 46
631330 47
631331 48
631332 49
631333 50
631334 51
631335 52
631336 53
631337 54
631338 55
631339 56
631340 57
631341 58
631342 59
631343 60
631344 61
631345 62
631346 63
631347 64
631348 65
631349 66
631350 67
631351 68
631352 69
631353 70
631354 71
631355 72
631356 73
631357 74
631358 75
631359 76
631360 77
631361 78
631362 79
631363 80
631364 81
631365 82
631366 83
631367 84
631368 85
631369 86
631370 87
631371 88
631372 89
631373 90
631374 91
631375 92
631376 93
631377 94
631378 95
631379 96
631380 97
631381 98
631382 99
631383 100
631384 101
631385 102
631386 103
631387 104
631388 105
631389 106
631390 107
631391 108
631392 109
631393 110
631394 111
631395 112
631396 113
631397 114
631398 115
631399 116
631400 117
631401 118
631402 119
631403 120
631404 121
631405 122
631406 123
631407 124
631408 125
631409 126
631410 127
631411 128
631412 129
631413 130
631414 131
631415 132
631416 133
631417 134
631418 135
631419 136
631420 137
631421 138
631422 139
631423 140
631424 141
631425 142
631426 143
631427 144
631428 145
631429 146
631430 147
631431 148
631432 149
631433 150
631434 151
631435 152
-2147483647
SSEG_01-1
96
631436 1
631437 2
631438 3
631439 4
631440 5
631441 6
631442 7
631443 8
631444 9
631445 10
631446 11
631447 12
631448 13
631449 14
631450 15
631451 16
631452 17
631453 18
631454 19
631455 20
631456 21
631457 22
631458 23
631459 24
631460 25
631461 26
631462 27
631463 28
631464 29
631465 30
631466 31
631467 32
631468 33
631469 34
631470 35
631471 36
631472 37
631473 38
631474 39
631475 40
631476 41
631477 42
631478 43
631479 44
631480 45
631481 46
631482 47
631483 48
631484 49
631485 50
631486 51
631487 52
631488 53
631489 54
631490 55
631491 56
631492 57
631493 58
631494 59
631495 60
631496 61
631497 62
631498 63
631499 64
631500 65
631501 66
631502 67
631503 68
631504 69
631505 70
631506 71
631507 72
631508 73
631509 74
631510 75
631511 76
631512 77
631513 78
631514 79
631515 80
631516 81
631517 82
631518 83
631519 84
631520 85
631521 86
631522 87
631523 88
631524 89
631525 90
631526 91
631527 92
631528 93
631529 94
631530 95
631531 96
-2147483647
SSEG_02-1
96
631532 1
631533 2
631534 3
631535 4
631536 5
631537 6
631538 7
631539 8
631540 9
631541 10
631542 11
631543 12
631544 13
631545 14
631546 15
631547 16
631548 17
631549 18
631550 19
631551 20
631552 21
631553 22
631554 23
631555 24
631556 25
631557 26
631558 27
631559 28
631560 29
631561 30
631562 31
631563 32
631564 33
631565 34
631566 35
631567 36
631568 37
631569 38
631570 39
631571 40
631572 41
631573 42
631574 43
631575 44
631576 45
631577 46
631578 47
631579 48
631580 49
631581 50
631582 51
631583 52
631584 53
631585 54
631586 55
631587 56
631588 57
631589 58
631590 59
631591 60
631592 61
631593 62
631594 63
631595 64
631596 65
631597 66
631598 67
631599 68
631600 69
631601 70
631602 71
631603 72
631604 73
631605 74
631606 75
631607 76
631608 77
631609 78
631610 79
631611 80
631612 81
631613 82
631614 83
631615 84
631616 85
631617 86
631618 87
631619 88
631620 89
631621 90
631622 91
631623 92
631624 93
631625 94
631626 95
631627 96
-2147483647
SSEG_03-1
96
631628 1
631629 2
631630 3
631631 4
631632 5
631633 6
631634 7
631635 8
631636 9
631637 10
631638 11
631639 12
631640 13
631641 14
631642 15
631643 16
631644 17
631645 18
631646 19
631647 20
631648 21
631649 22
631650 23
631651 24
631652 25
631653 26
631654 27
631655 28
631656 29
631657 30
631658 31
631659 32
631660 33
631661 34
631662 35
631663 36
631664 37
631665 38
631666 39
631667 40
631668 41
631669 42
631670 43
631671 44
631672 45
631673 46
631674 47
631675 48
631676 49
631677 50
631678 51
631679 52
631680 53
631681 54
631682 55
631683 56
631684 57
631685 58
631686 59
631687 60
631688 61
631689 62
631690 63
631691 64
631692 65
631693 66
631694 67
631695 68
631696 69
631697 70
631698 71
631699 72
631700 73
631701 74
631702 75
631703 76
631704 77
631705 78
631706 79
631707 80
631708 81
631709 82
631710 83
631711 84
631712 85
631713 86
631714 87
631715 88
631716 89
631717 90
631718 91
631719 92
631720 93
631721 94
631722 95
631723 96
-2147483647
SSEG_04-1
96
631724 1
631725 2
631726 3
631727 4
631728 5
631729 6
631730 7
631731 8
631732 9
631733 10
631734 11
631735 12
631736 13
631737 14
631738 15
631739 16
631740 17
631741 18
631742 19
631743 20
631744 21
631745 22
631746 23
631747 24
631748 25
631749 26
631750 27
631751 28
631752 29
631753 30
631754 31
631755 32
631756 33
631757 34
631758 35
631759 36
631760 37
631761 38
631762 39
631763 40
631764 41
631765 42
631766 43
631767 44
631768 45
631769 46
631770 47
631771 48
631772 49
631773 50
631774 51
631775 52
631776 53
631777 54
631778 55
631779 56
631780 57
631781 58
631782 59
631783 60
631784 61
631785 62
631786 63
631787 64
631788 65
631789 66
631790 67
631791 68
631792 69
631793 70
631794 71
631795 72
631796 73
631797 74
631798 75
631799 76
631800 77
631801 78
631802 79
631803 80
631804 81
631805 82
631806 83
631807 84
631808 85
631809 86
631810 87
631811 88
631812 89
631813 90
631814 91
631815 92
631816 93
631817 94
631818 95
631819 96
-2147483647
180
1 1
2 2
3 3
4 4
5 5
6 6
7 7
8 8
9 9
10 10
11 11
12 12
13 13
14 14
15 15
16 16
17 17
18 18
19 19
20 20
21 21
22 22
23 23
24 24
25 25
26 26
27 27
28 28
29 29
30 30
31 31
32 32
33 33
34 34
35 35
36 36
37 37
38 38
39 39
40 40
41 41
42 42
43 43
44 44
45 45
46 46
47 47
48 48
49 49
50 50
51 51
52 52
53 53
54 54
55 55
56 56
57 57
58 58
59 59
60 60
61 61
62 62
63 63
64 64
65 65
66 66
67 67
68 68
69 69
70 70
71 71
72 72
73 73
74 74
75 75
76 76
77 77
78 78
79 79
80 80
81 81
82 82
83 83
84 84
85 85
86 86
87 87
88 88
89 89
90 90
91 91
92 92
93 93
94 94
95 95
96 96
97 97
98 98
99 99
100 100
101 101
102 102
103 103
104 104
105 105
106 106
107 107
108 108
109 109
110 110
111 111
112 112
113 113
114 114
115 115
116 116
117 117
118 118
119 119
120 120
121 121
122 122
123 123
124 124
125 125
126 126
127 127
128 128
129 129
130 130
131 131
132 132
133 133
134 134
135 135
136 136
137 137
138 138
139 139
140 140
141 141
142 142
143 143
144 144
145 145
146 146
147 147
148 148
149 149
150 150
151 151
152 152
153 153
154 154
155 155
156 156
157 157
158 158
159 159
160 160
161 161
162 162
163 163
164 164
165 165
166 166
167 167
168 168
169 169
170 170
171 171
172 172
173 173
174 174
175 175
176 176
177 177
178 178
179 179
180 180
-2147483647
187

0
2
0
68

180
1 2 3 4 5 6 7 8 9 10 11 12 13 14 15 16 17 18 19 20 21 22 23 24 25 26 27 28 29 30 31 32 33 34 35 36 37 38 39 40 41 42 43 44 45 46 47 48 49 50 51 52 53 54 55 56 57 58 59 60 61 62 63 64 65 66 67 68 69 70 71 72 73 74 75 76 77 78 79 80 81 82 83 84 85 86 87 88 89 90 91 92 93 94 95 96 97 98 99 100 101 102 103 104 105 106 107 108 109 110 111 112 113 114 115 116 117 118 119 120 121 122 123 124 125 126 127 128 129 130 131 132 133 134 135 136 137 138 139 140 141 142 143 144 145 146 147 148 149 150 151 152 153 154 155 156 157 158 159 160 161 162 163 164 165 166 167 168 169 170 171 172 173 174 175 176 177 178 179 180 
PT_36X15P2-1
36
625960 625961 625962 625963 625964 625965 625966 625967 625968 625969 625970 625971 625972 625973 625974 625975 625976 625977 625978 625979 625980 625981 625982 625983 625984 625985 625986 625987 625988 625989 625990 625991 625992 625993 625994 625995 
RBLONG_01-1
216
625996 625997 625998 625999 626000 626001 626002 626003 626004 626005 626006 626007 626008 626009 626010 626011 626012 626013 626014 626015 626016 626017 626018 626019 626020 626021 626022 626023 626024 626025 626026 626027 626028 626029 626030 626031 626032 626033 626034 626035 626036 626037 626038 626039 626040 626041 626042 626043 626044 626045 626046 626047 626048 626049 626050 626051 626052 626053 626054 626055 626056 626057 626058 626059 626060 626061 626062 626063 626064 626065 626066 626067 626068 626069 626070 626071 626072 626073 626074 626075 626076 626077 626078 626079 626080 626081 626082 626083 626084 626085 626086 626087 626088 626089 626090 626091 626092 626093 626094 626095 626096 626097 626098 626099 626100 626101 626102 626103 626104 626105 626106 626107 626108 626109 626110 626111 626112 626113 626114 626115 626116 626117 626118 626119 626120 626121 626122 626123 626124 626125 626126 626127 626128 626129 626130 626131 626132 626133 626134 626135 626136 626137 626138 626139 626140 626141 626142 626143 626144 626145 626146 626147 626148 626149 626150 626151 626152 626153 626154 626155 626156 626157 626158 626159 626160 626161 626162 626163 626164 626165 626166 626167 626168 626169 626170 626171 626172 626173 626174 626175 626176 626177 626178 626179 626180 626181 626182 626183 626184 626185 626186 626187 626188 626189 626190 626191 626192 626193 626194 626195 626196 626197 626198 626199 626200 626201 626202 626203 626204 626205 626206 626207 626208 626209 626210 626211 
RBLONG_02-1
216
626212 626213 626214 626215 626216 626217 626218 626219 626220 626221 626222 626223 626224 626225 626226 626227 626228 626229 626230 626231 626232 626233 626234 626235 626236 626237 626238 626239 626240 626241 626242 626243 626244 626245 626246 626247 626248 626249 626250 626251 626252 626253 626254 626255 626256 626257 626258 626259 626260 626261 626262 626263 626264 626265 626266 626267 626268 626269 626270 626271 626272 626273 626274 626275 626276 626277 626278 626279 626280 626281 626282 626283 626284 626285 626286 626287 626288 626289 626290 626291 626292 626293 626294 626295 626296 626297 626298 626299 626300 626301 626302 626303 626304 626305 626306 626307 626308 626309 626310 626311 626312 626313 626314 626315 626316 626317 626318 626319 626320 626321 626322 626323 626324 626325 626326 626327 626328 626329 626330 626331 626332 626333 626334 626335 626336 626337 626338 626339 626340 626341 626342 626343 626344 626345 626346 626347 626348 626349 626350 626351 626352 626353 626354 626355 626356 626357 626358 626359 626360 626361 626362 626363 626364 626365 626366 626367 626368 626369 626370 626371 626372 626373 626374 626375 626376 626377 626378 626379 626380 626381 626382 626383 626384 626385 626386 626387 626388 626389 626390 626391 626392 626393 626394 626395 626396 626397 626398 626399 626400 626401 626402 626403 626404 626405 626406 626407 626408 626409 626410 626411 626412 626413 626414 626415 626416 626417 626418 626419 626420 626421 626422 626423 626424 626425 626426 626427 
RBLONG_03-1
216
626428 626429 626430 626431 626432 626433 626434 626435 626436 626437 626438 626439 626440 626441 626442 626443 626444 626445 626446 626447 626448 626449 626450 626451 626452 626453 626454 626455 626456 626457 626458 626459 626460 626461 626462 626463 626464 626465 626466 626467 626468 626469 626470 626471 626472 626473 626474 626475 626476 626477 626478 626479 626480 626481 626482 626483 626484 626485 626486 626487 626488 626489 626490 626491 626492 626493 626494 626495 626496 626497 626498 626499 626500 626501 626502 626503 626504 626505 626506 626507 626508 626509 626510 626511 626512 626513 626514 626515 626516 626517 626518 626519 626520 626521 626522 626523 626524 626525 626526 626527 626528 626529 626530 626531 626532 626533 626534 626535 626536 626537 626538 626539 626540 626541 626542 626543 626544 626545 626546 626547 626548 626549 626550 626551 626552 626553 626554 626555 626556 626557 626558 626559 626560 626561 626562 626563 626564 626565 626566 626567 626568 626569 626570 626571 626572 626573 626574 626575 626576 626577 626578 626579 626580 626581 626582 626583 626584 626585 626586 626587 626588 626589 626590 626591 626592 626593 626594 626595 626596 626597 626598 626599 626600 626601 626602 626603 626604 626605 626606 626607 626608 626609 626610 626611 626612 626613 626614 626615 626616 626617 626618 626619 626620 626621 626622 626623 626624 626625 626626 626627 626628 626629 626630 626631 626632 626633 626634 626635 626636 626637 626638 626639 626640 626641 626642 626643 
RBLONG_04-1
216
626644 626645 626646 626647 626648 626649 626650 626651 626652 626653 626654 626655 626656 626657 626658 626659 626660 626661 626662 626663 626664 626665 626666 626667 626668 626669 626670 626671 626672 626673 626674 626675 626676 626677 626678 626679 626680 626681 626682 626683 626684 626685 626686 626687 626688 626689 626690 626691 626692 626693 626694 626695 626696 626697 626698 626699 626700 626701 626702 626703 626704 626705 626706 626707 626708 626709 626710 626711 626712 626713 626714 626715 626716 626717 626718 626719 626720 626721 626722 626723 626724 626725 626726 626727 626728 626729 626730 626731 626732 626733 626734 626735 626736 626737 626738 626739 626740 626741 626742 626743 626744 626745 626746 626747 626748 626749 626750 626751 626752 626753 626754 626755 626756 626757 626758 626759 626760 626761 626762 626763 626764 626765 626766 626767 626768 626769 626770 626771 626772 626773 626774 626775 626776 626777 626778 626779 626780 626781 626782 626783 626784 626785 626786 626787 626788 626789 626790 626791 626792 626793 626794 626795 626796 626797 626798 626799 626800 626801 626802 626803 626804 626805 626806 626807 626808 626809 626810 626811 626812 626813 626814 626815 626816 626817 626818 626819 626820 626821 626822 626823 626824 626825 626826 626827 626828 626829 626830 626831 626832 626833 626834 626835 626836 626837 626838 626839 626840 626841 626842 626843 626844 626845 626846 626847 626848 626849 626850 626851 626852 626853 626854 626855 626856 626857 626858 626859 
RBLONG_06-1
192
627052 627053 627054 627055 627056 627057 627058 627059 627060 627061 627062 627063 627064 627065 627066 627067 627068 627069 627070 627071 627072 627073 627074 627075 627076 627077 627078 627079 627080 627081 627082 627083 627084 627085 627086 627087 627088 627089 627090 627091 627092 627093 627094 627095 627096 627097 627098 627099 627100 627101 627102 627103 627104 627105 627106 627107 627108 627109 627110 627111 627112 627113 627114 627115 627116 627117 627118 627119 627120 627121 627122 627123 627124 627125 627126 627127 627128 627129 627130 627131 627132 627133 627134 627135 627136 627137 627138 627139 627140 627141 627142 627143 627144 627145 627146 627147 627148 627149 627150 627151 627152 627153 627154 627155 627156 627157 627158 627159 627160 627161 627162 627163 627164 627165 627166 627167 627168 627169 627170 627171 627172 627173 627174 627175 627176 627177 627178 627179 627180 627181 627182 627183 627184 627185 627186 627187 627188 627189 627190 627191 627192 627193 627194 627195 627196 627197 627198 627199 627200 627201 627202 627203 627204 627205 627206 627207 627208 627209 627210 627211 627212 627213 627214 627215 627216 627217 627218 627219 627220 627221 627222 627223 627224 627225 627226 627227 627228 627229 627230 627231 627232 627233 627234 627235 627236 627237 627238 627239 627240 627241 627242 627243 
RBLONG_08-1
192
627436 627437 627438 627439 627440 627441 627442 627443 627444 627445 627446 627447 627448 627449 627450 627451 627452 627453 627454 627455 627456 627457 627458 627459 627460 627461 627462 627463 627464 627465 627466 627467 627468 627469 627470 627471 627472 627473 627474 627475 627476 627477 627478 627479 627480 627481 627482 627483 627484 627485 627486 627487 627488 627489 627490 627491 627492 627493 627494 627495 627496 627497 627498 627499 627500 627501 627502 627503 627504 627505 627506 627507 627508 627509 627510 627511 627512 627513 627514 627515 627516 627517 627518 627519 627520 627521 627522 627523 627524 627525 627526 627527 627528 627529 627530 627531 627532 627533 627534 627535 627536 627537 627538 627539 627540 627541 627542 627543 627544 627545 627546 627547 627548 627549 627550 627551 627552 627553 627554 627555 627556 627557 627558 627559 627560 627561 627562 627563 627564 627565 627566 627567 627568 627569 627570 627571 627572 627573 627574 627575 627576 627577 627578 627579 627580 627581 627582 627583 627584 627585 627586 627587 627588 627589 627590 627591 627592 627593 627594 627595 627596 627597 627598 627599 627600 627601 627602 627603 627604 627605 627606 627607 627608 627609 627610 627611 627612 627613 627614 627615 627616 627617 627618 627619 627620 627621 627622 627623 627624 627625 627626 627627 
RBLONG_20-1
168
629596 629597 629598 629599 629600 629601 629602 629603 629604 629605 629606 629607 629608 629609 629610 629611 629612 629613 629614 629615 629616 629617 629618 629619 629620 629621 629622 629623 629624 629625 629626 629627 629628 629629 629630 629631 629632 629633 629634 629635 629636 629637 629638 629639 629640 629641 629642 629643 629644 629645 629646 629647 629648 629649 629650 629651 629652 629653 629654 629655 629656 629657 629658 629659 629660 629661 629662 629663 629664 629665 629666 629667 629668 629669 629670 629671 629672 629673 629674 629675 629676 629677 629678 629679 629680 629681 629682 629683 629684 629685 629686 629687 629688 629689 629690 629691 629692 629693 629694 629695 629696 629697 629698 629699 629700 629701 629702 629703 629704 629705 629706 629707 629708 629709 629710 629711 629712 629713 629714 629715 629716 629717 629718 629719 629720 629721 629722 629723 629724 629725 629726 629727 629728 629729 629730 629731 629732 629733 629734 629735 629736 629737 629738 629739 629740 629741 629742 629743 629744 629745 629746 629747 629748 629749 629750 629751 629752 629753 629754 629755 629756 629757 629758 629759 629760 629761 629762 629763 
RBLONG_22-1
152
629916 629917 629918 629919 629920 629921 629922 629923 629924 629925 629926 629927 629928 629929 629930 629931 629932 629933 629934 629935 629936 629937 629938 629939 629940 629941 629942 629943 629944 629945 629946 629947 629948 629949 629950 629951 629952 629953 629954 629955 629956 629957 629958 629959 629960 629961 629962 629963 629964 629965 629966 629967 629968 629969 629970 629971 629972 629973 629974 629975 629976 629977 629978 629979 629980 629981 629982 629983 629984 629985 629986 629987 629988 629989 629990 629991 629992 629993 629994 629995 629996 629997 629998 629999 630000 630001 630002 630003 630004 630005 630006 630007 630008 630009 630010 630011 630012 630013 630014 630015 630016 630017 630018 630019 630020 630021 630022 630023 630024 630025 630026 630027 630028 630029 630030 630031 630032 630033 630034 630035 630036 630037 630038 630039 630040 630041 630042 630043 630044 630045 630046 630047 630048 630049 630050 630051 630052 630053 630054 630055 630056 630057 630058 630059 630060 630061 630062 630063 630064 630065 630066 630067 
RBLONG_24-1
152
630220 630221 630222 630223 630224 630225 630226 630227 630228 630229 630230 630231 630232 630233 630234 630235 630236 630237 630238 630239 630240 630241 630242 630243 630244 630245 630246 630247 630248 630249 630250 630251 630252 630253 630254 630255 630256 630257 630258 630259 630260 630261 630262 630263 630264 630265 630266 630267 630268 630269 630270 630271 630272 630273 630274 630275 630276 630277 630278 630279 630280 630281 630282 630283 630284 630285 630286 630287 630288 630289 630290 630291 630292 630293 630294 630295 630296 630297 630298 630299 630300 630301 630302 630303 630304 630305 630306 630307 630308 630309 630310 630311 630312 630313 630314 630315 630316 630317 630318 630319 630320 630321 630322 630323 630324 630325 630326 630327 630328 630329 630330 630331 630332 630333 630334 630335 630336 630337 630338 630339 630340 630341 630342 630343 630344 630345 630346 630347 630348 630349 630350 630351 630352 630353 630354 630355 630356 630357 630358 630359 630360 630361 630362 630363 630364 630365 630366 630367 630368 630369 630370 630371 
RBLONG_26-1
152
630524 630525 630526 630527 630528 630529 630530 630531 630532 630533 630534 630535 630536 630537 630538 630539 630540 630541 630542 630543 630544 630545 630546 630547 630548 630549 630550 630551 630552 630553 630554 630555 630556 630557 630558 630559 630560 630561 630562 630563 630564 630565 630566 630567 630568 630569 630570 630571 630572 630573 630574 630575 630576 630577 630578 630579 630580 630581 630582 630583 630584 630585 630586 630587 630588 630589 630590 630591 630592 630593 630594 630595 630596 630597 630598 630599 630600 630601 630602 630603 630604 630605 630606 630607 630608 630609 630610 630611 630612 630613 630614 630615 630616 630617 630618 630619 630620 630621 630622 630623 630624 630625 630626 630627 630628 630629 630630 630631 630632 630633 630634 630635 630636 630637 630638 630639 630640 630641 630642 630643 630644 630645 630646 630647 630648 630649 630650 630651 630652 630653 630654 630655 630656 630657 630658 630659 630660 630661 630662 630663 630664 630665 630666 630667 630668 630669 630670 630671 630672 630673 630674 630675 
RBLONG_28-1
152
630828 630829 630830 630831 630832 630833 630834 630835 630836 630837 630838 630839 630840 630841 630842 630843 630844 630845 630846 630847 630848 630849 630850 630851 630852 630853 630854 630855 630856 630857 630858 630859 630860 630861 630862 630863 630864 630865 630866 630867 630868 630869 630870 630871 630872 630873 630874 630875 630876 630877 630878 630879 630880 630881 630882 630883 630884 630885 630886 630887 630888 630889 630890 630891 630892 630893 630894 630895 630896 630897 630898 630899 630900 630901 630902 630903 630904 630905 630906 630907 630908 630909 630910 630911 630912 630913 630914 630915 630916 630917 630918 630919 630920 630921 630922 630923 630924 630925 630926 630927 630928 630929 630930 630931 630932 630933 630934 630935 630936 630937 630938 630939 630940 630941 630942 630943 630944 630945 630946 630947 630948 630949 630950 630951 630952 630953 630954 630955 630956 630957 630958 630959 630960 630961 630962 630963 630964 630965 630966 630967 630968 630969 630970 630971 630972 630973 630974 630975 630976 630977 630978 630979 
RBLONG_10-1
192
627820 627821 627822 627823 627824 627825 627826 627827 627828 627829 627830 627831 627832 627833 627834 627835 627836 627837 627838 627839 627840 627841 627842 627843 627844 627845 627846 627847 627848 627849 627850 627851 627852 627853 627854 627855 627856 627857 627858 627859 627860 627861 627862 627863 627864 627865 627866 627867 627868 627869 627870 627871 627872 627873 627874 627875 627876 627877 627878 627879 627880 627881 627882 627883 627884 627885 627886 627887 627888 627889 627890 627891 627892 627893 627894 627895 627896 627897 627898 627899 627900 627901 627902 627903 627904 627905 627906 627907 627908 627909 627910 627911 627912 627913 627914 627915 627916 627917 627918 627919 627920 627921 627922 627923 627924 627925 627926 627927 627928 627929 627930 627931 627932 627933 627934 627935 627936 627937 627938 627939 627940 627941 627942 627943 627944 627945 627946 627947 627948 627949 627950 627951 627952 627953 627954 627955 627956 627957 627958 627959 627960 627961 627962 627963 627964 627965 627966 627967 627968 627969 627970 627971 627972 627973 627974 627975 627976 627977 627978 627979 627980 627981 627982 627983 627984 627985 627986 627987 627988 627989 627990 627991 627992 627993 627994 627995 627996 627997 627998 627999 628000 628001 628002 628003 628004 628005 628006 628007 628008 628009 628010 628011 
RBLONG_12-1
180
628204 628205 628206 628207 628208 628209 628210 628211 628212 628213 628214 628215 628216 628217 628218 628219 628220 628221 628222 628223 628224 628225 628226 628227 628228 628229 628230 628231 628232 628233 628234 628235 628236 628237 628238 628239 628240 628241 628242 628243 628244 628245 628246 628247 628248 628249 628250 628251 628252 628253 628254 628255 628256 628257 628258 628259 628260 628261 628262 628263 628264 628265 628266 628267 628268 628269 628270 628271 628272 628273 628274 628275 628276 628277 628278 628279 628280 628281 628282 628283 628284 628285 628286 628287 628288 628289 628290 628291 628292 628293 628294 628295 628296 628297 628298 628299 628300 628301 628302 628303 628304 628305 628306 628307 628308 628309 628310 628311 628312 628313 628314 628315 628316 628317 628318 628319 628320 628321 628322 628323 628324 628325 628326 628327 628328 628329 628330 628331 628332 628333 628334 628335 628336 628337 628338 628339 628340 628341 628342 628343 628344 628345 628346 628347 628348 628349 628350 628351 628352 628353 628354 628355 628356 628357 628358 628359 628360 628361 628362 628363 628364 628365 628366 628367 628368 628369 628370 628371 628372 628373 628374 628375 628376 628377 628378 628379 628380 628381 628382 628383 
RBLONG_14-1
180
628564 628565 628566 628567 628568 628569 628570 628571 628572 628573 628574 628575 628576 628577 628578 628579 628580 628581 628582 628583 628584 628585 628586 628587 628588 628589 628590 628591 628592 628593 628594 628595 628596 628597 628598 628599 628600 628601 628602 628603 628604 628605 628606 628607 628608 628609 628610 628611 628612 628613 628614 628615 628616 628617 628618 628619 628620 628621 628622 628623 628624 628625 628626 628627 628628 628629 628630 628631 628632 628633 628634 628635 628636 628637 628638 628639 628640 628641 628642 628643 628644 628645 628646 628647 628648 628649 628650 628651 628652 628653 628654 628655 628656 628657 628658 628659 628660 628661 628662 628663 628664 628665 628666 628667 628668 628669 628670 628671 628672 628673 628674 628675 628676 628677 628678 628679 628680 628681 628682 628683 628684 628685 628686 628687 628688 628689 628690 628691 628692 628693 628694 628695 628696 628697 628698 628699 628700 628701 628702 628703 628704 628705 628706 628707 628708 628709 628710 628711 628712 628713 628714 628715 628716 628717 628718 628719 628720 628721 628722 628723 628724 628725 628726 628727 628728 628729 628730 628731 628732 628733 628734 628735 628736 628737 628738 628739 628740 628741 628742 628743 
RBLONG_16-1
168
628924 628925 628926 628927 628928 628929 628930 628931 628932 628933 628934 628935 628936 628937 628938 628939 628940 628941 628942 628943 628944 628945 628946 628947 628948 628949 628950 628951 628952 628953 628954 628955 628956 628957 628958 628959 628960 628961 628962 628963 628964 628965 628966 628967 628968 628969 628970 628971 628972 628973 628974 628975 628976 628977 628978 628979 628980 628981 628982 628983 628984 628985 628986 628987 628988 628989 628990 628991 628992 628993 628994 628995 628996 628997 628998 628999 629000 629001 629002 629003 629004 629005 629006 629007 629008 629009 629010 629011 629012 629013 629014 629015 629016 629017 629018 629019 629020 629021 629022 629023 629024 629025 629026 629027 629028 629029 629030 629031 629032 629033 629034 629035 629036 629037 629038 629039 629040 629041 629042 629043 629044 629045 629046 629047 629048 629049 629050 629051 629052 629053 629054 629055 629056 629057 629058 629059 629060 629061 629062 629063 629064 629065 629066 629067 629068 629069 629070 629071 629072 629073 629074 629075 629076 629077 629078 629079 629080 629081 629082 629083 629084 629085 629086 629087 629088 629089 629090 629091 
RBLONG_18-1
168
629260 629261 629262 629263 629264 629265 629266 629267 629268 629269 629270 629271 629272 629273 629274 629275 629276 629277 629278 629279 629280 629281 629282 629283 629284 629285 629286 629287 629288 629289 629290 629291 629292 629293 629294 629295 629296 629297 629298 629299 629300 629301 629302 629303 629304 629305 629306 629307 629308 629309 629310 629311 629312 629313 629314 629315 629316 629317 629318 629319 629320 629321 629322 629323 629324 629325 629326 629327 629328 629329 629330 629331 629332 629333 629334 629335 629336 629337 629338 629339 629340 629341 629342 629343 629344 629345 629346 629347 629348 629349 629350 629351 629352 629353 629354 629355 629356 629357 629358 629359 629360 629361 629362 629363 629364 629365 629366 629367 629368 629369 629370 629371 629372 629373 629374 629375 629376 629377 629378 629379 629380 629381 629382 629383 629384 629385 629386 629387 629388 629389 629390 629391 629392 629393 629394 629395 629396 629397 629398 629399 629400 629401 629402 629403 629404 629405 629406 629407 629408 629409 629410 629411 629412 629413 629414 629415 629416 629417 629418 629419 629420 629421 629422 629423 629424 629425 629426 629427 
RBLONG_30-1
152
631132 631133 631134 631135 631136 631137 631138 631139 631140 631141 631142 631143 631144 631145 631146 631147 631148 631149 631150 631151 631152 631153 631154 631155 631156 631157 631158 631159 631160 631161 631162 631163 631164 631165 631166 631167 631168 631169 631170 631171 631172 631173 631174 631175 631176 631177 631178 631179 631180 631181 631182 631183 631184 631185 631186 631187 631188 631189 631190 631191 631192 631193 631194 631195 631196 631197 631198 631199 631200 631201 631202 631203 631204 631205 631206 631207 631208 631209 631210 631211 631212 631213 631214 631215 631216 631217 631218 631219 631220 631221 631222 631223 631224 631225 631226 631227 631228 631229 631230 631231 631232 631233 631234 631235 631236 631237 631238 631239 631240 631241 631242 631243 631244 631245 631246 631247 631248 631249 631250 631251 631252 631253 631254 631255 631256 631257 631258 631259 631260 631261 631262 631263 631264 631265 631266 631267 631268 631269 631270 631271 631272 631273 631274 631275 631276 631277 631278 631279 631280 631281 631282 631283 
RBLONG_05-1
192
626860 626861 626862 626863 626864 626865 626866 626867 626868 626869 626870 626871 626872 626873 626874 626875 626876 626877 626878 626879 626880 626881 626882 626883 626884 626885 626886 626887 626888 626889 626890 626891 626892 626893 626894 626895 626896 626897 626898 626899 626900 626901 626902 626903 626904 626905 626906 626907 626908 626909 626910 626911 626912 626913 626914 626915 626916 626917 626918 626919 626920 626921 626922 626923 626924 626925 626926 626927 626928 626929 626930 626931 626932 626933 626934 626935 626936 626937 626938 626939 626940 626941 626942 626943 626944 626945 626946 626947 626948 626949 626950 626951 626952 626953 626954 626955 626956 626957 626958 626959 626960 626961 626962 626963 626964 626965 626966 626967 626968 626969 626970 626971 626972 626973 626974 626975 626976 626977 626978 626979 626980 626981 626982 626983 626984 626985 626986 626987 626988 626989 626990 626991 626992 626993 626994 626995 626996 626997 626998 626999 627000 627001 627002 627003 627004 627005 627006 627007 627008 627009 627010 627011 627012 627013 627014 627015 627016 627017 627018 627019 627020 627021 627022 627023 627024 627025 627026 627027 627028 627029 627030 627031 627032 627033 627034 627035 627036 627037 627038 627039 627040 627041 627042 627043 627044 627045 627046 627047 627048 627049 627050 627051 
RBLONG_07-1
192
627244 627245 627246 627247 627248 627249 627250 627251 627252 627253 627254 627255 627256 627257 627258 627259 627260 627261 627262 627263 627264 627265 627266 627267 627268 627269 627270 627271 627272 627273 627274 627275 627276 627277 627278 627279 627280 627281 627282 627283 627284 627285 627286 627287 627288 627289 627290 627291 627292 627293 627294 627295 627296 627297 627298 627299 627300 627301 627302 627303 627304 627305 627306 627307 627308 627309 627310 627311 627312 627313 627314 627315 627316 627317 627318 627319 627320 627321 627322 627323 627324 627325 627326 627327 627328 627329 627330 627331 627332 627333 627334 627335 627336 627337 627338 627339 627340 627341 627342 627343 627344 627345 627346 627347 627348 627349 627350 627351 627352 627353 627354 627355 627356 627357 627358 627359 627360 627361 627362 627363 627364 627365 627366 627367 627368 627369 627370 627371 627372 627373 627374 627375 627376 627377 627378 627379 627380 627381 627382 627383 627384 627385 627386 627387 627388 627389 627390 627391 627392 627393 627394 627395 627396 627397 627398 627399 627400 627401 627402 627403 627404 627405 627406 627407 627408 627409 627410 627411 627412 627413 627414 627415 627416 627417 627418 627419 627420 627421 627422 627423 627424 627425 627426 627427 627428 627429 627430 627431 627432 627433 627434 627435 
RBLONG_09-1
192
627628 627629 627630 627631 627632 627633 627634 627635 627636 627637 627638 627639 627640 627641 627642 627643 627644 627645 627646 627647 627648 627649 627650 627651 627652 627653 627654 627655 627656 627657 627658 627659 627660 627661 627662 627663 627664 627665 627666 627667 627668 627669 627670 627671 627672 627673 627674 627675 627676 627677 627678 627679 627680 627681 627682 627683 627684 627685 627686 627687 627688 627689 627690 627691 627692 627693 627694 627695 627696 627697 627698 627699 627700 627701 627702 627703 627704 627705 627706 627707 627708 627709 627710 627711 627712 627713 627714 627715 627716 627717 627718 627719 627720 627721 627722 627723 627724 627725 627726 627727 627728 627729 627730 627731 627732 627733 627734 627735 627736 627737 627738 627739 627740 627741 627742 627743 627744 627745 627746 627747 627748 627749 627750 627751 627752 627753 627754 627755 627756 627757 627758 627759 627760 627761 627762 627763 627764 627765 627766 627767 627768 627769 627770 627771 627772 627773 627774 627775 627776 627777 627778 627779 627780 627781 627782 627783 627784 627785 627786 627787 627788 627789 627790 627791 627792 627793 627794 627795 627796 627797 627798 627799 627800 627801 627802 627803 627804 627805 627806 627807 627808 627809 627810 627811 627812 627813 627814 627815 627816 627817 627818 627819 
RBLONG_21-1
152
629764 629765 629766 629767 629768 629769 629770 629771 629772 629773 629774 629775 629776 629777 629778 629779 629780 629781 629782 629783 629784 629785 629786 629787 629788 629789 629790 629791 629792 629793 629794 629795 629796 629797 629798 629799 629800 629801 629802 629803 629804 629805 629806 629807 629808 629809 629810 629811 629812 629813 629814 629815 629816 629817 629818 629819 629820 629821 629822 629823 629824 629825 629826 629827 629828 629829 629830 629831 629832 629833 629834 629835 629836 629837 629838 629839 629840 629841 629842 629843 629844 629845 629846 629847 629848 629849 629850 629851 629852 629853 629854 629855 629856 629857 629858 629859 629860 629861 629862 629863 629864 629865 629866 629867 629868 629869 629870 629871 629872 629873 629874 629875 629876 629877 629878 629879 629880 629881 629882 629883 629884 629885 629886 629887 629888 629889 629890 629891 629892 629893 629894 629895 629896 629897 629898 629899 629900 629901 629902 629903 629904 629905 629906 629907 629908 629909 629910 629911 629912 629913 629914 629915 
RBLONG_23-1
152
630068 630069 630070 630071 630072 630073 630074 630075 630076 630077 630078 630079 630080 630081 630082 630083 630084 630085 630086 630087 630088 630089 630090 630091 630092 630093 630094 630095 630096 630097 630098 630099 630100 630101 630102 630103 630104 630105 630106 630107 630108 630109 630110 630111 630112 630113 630114 630115 630116 630117 630118 630119 630120 630121 630122 630123 630124 630125 630126 630127 630128 630129 630130 630131 630132 630133 630134 630135 630136 630137 630138 630139 630140 630141 630142 630143 630144 630145 630146 630147 630148 630149 630150 630151 630152 630153 630154 630155 630156 630157 630158 630159 630160 630161 630162 630163 630164 630165 630166 630167 630168 630169 630170 630171 630172 630173 630174 630175 630176 630177 630178 630179 630180 630181 630182 630183 630184 630185 630186 630187 630188 630189 630190 630191 630192 630193 630194 630195 630196 630197 630198 630199 630200 630201 630202 630203 630204 630205 630206 630207 630208 630209 630210 630211 630212 630213 630214 630215 630216 630217 630218 630219 
RBLONG_25-1
152
630372 630373 630374 630375 630376 630377 630378 630379 630380 630381 630382 630383 630384 630385 630386 630387 630388 630389 630390 630391 630392 630393 630394 630395 630396 630397 630398 630399 630400 630401 630402 630403 630404 630405 630406 630407 630408 630409 630410 630411 630412 630413 630414 630415 630416 630417 630418 630419 630420 630421 630422 630423 630424 630425 630426 630427 630428 630429 630430 630431 630432 630433 630434 630435 630436 630437 630438 630439 630440 630441 630442 630443 630444 630445 630446 630447 630448 630449 630450 630451 630452 630453 630454 630455 630456 630457 630458 630459 630460 630461 630462 630463 630464 630465 630466 630467 630468 630469 630470 630471 630472 630473 630474 630475 630476 630477 630478 630479 630480 630481 630482 630483 630484 630485 630486 630487 630488 630489 630490 630491 630492 630493 630494 630495 630496 630497 630498 630499 630500 630501 630502 630503 630504 630505 630506 630507 630508 630509 630510 630511 630512 630513 630514 630515 630516 630517 630518 630519 630520 630521 630522 630523 
RBLONG_27-1
152
630676 630677 630678 630679 630680 630681 630682 630683 630684 630685 630686 630687 630688 630689 630690 630691 630692 630693 630694 630695 630696 630697 630698 630699 630700 630701 630702 630703 630704 630705 630706 630707 630708 630709 630710 630711 630712 630713 630714 630715 630716 630717 630718 630719 630720 630721 630722 630723 630724 630725 630726 630727 630728 630729 630730 630731 630732 630733 630734 630735 630736 630737 630738 630739 630740 630741 630742 630743 630744 630745 630746 630747 630748 630749 630750 630751 630752 630753 630754 630755 630756 630757 630758 630759 630760 630761 630762 630763 630764 630765 630766 630767 630768 630769 630770 630771 630772 630773 630774 630775 630776 630777 630778 630779 630780 630781 630782 630783 630784 630785 630786 630787 630788 630789 630790 630791 630792 630793 630794 630795 630796 630797 630798 630799 630800 630801 630802 630803 630804 630805 630806 630807 630808 630809 630810 630811 630812 630813 630814 630815 630816 630817 630818 630819 630820 630821 630822 630823 630824 630825 630826 630827 
RBLONG_29-1
152
630980 630981 630982 630983 630984 630985 630986 630987 630988 630989 630990 630991 630992 630993 630994 630995 630996 630997 630998 630999 631000 631001 631002 631003 631004 631005 631006 631007 631008 631009 631010 631011 631012 631013 631014 631015 631016 631017 631018 631019 631020 631021 631022 631023 631024 631025 631026 631027 631028 631029 631030 631031 631032 631033 631034 631035 631036 631037 631038 631039 631040 631041 631042 631043 631044 631045 631046 631047 631048 631049 631050 631051 631052 631053 631054 631055 631056 631057 631058 631059 631060 631061 631062 631063 631064 631065 631066 631067 631068 631069 631070 631071 631072 631073 631074 631075 631076 631077 631078 631079 631080 631081 631082 631083 631084 631085 631086 631087 631088 631089 631090 631091 631092 631093 631094 631095 631096 631097 631098 631099 631100 631101 631102 631103 631104 631105 631106 631107 631108 631109 631110 631111 631112 631113 631114 631115 631116 631117 631118 631119 631120 631121 631122 631123 631124 631125 631126 631127 631128 631129 631130 631131 
RBLONG_11-1
192
628012 628013 628014 628015 628016 628017 628018 628019 628020 628021 628022 628023 628024 628025 628026 628027 628028 628029 628030 628031 628032 628033 628034 628035 628036 628037 628038 628039 628040 628041 628042 628043 628044 628045 628046 628047 628048 628049 628050 628051 628052 628053 628054 628055 628056 628057 628058 628059 628060 628061 628062 628063 628064 628065 628066 628067 628068 628069 628070 628071 628072 628073 628074 628075 628076 628077 628078 628079 628080 628081 628082 628083 628084 628085 628086 628087 628088 628089 628090 628091 628092 628093 628094 628095 628096 628097 628098 628099 628100 628101 628102 628103 628104 628105 628106 628107 628108 628109 628110 628111 628112 628113 628114 628115 628116 628117 628118 628119 628120 628121 628122 628123 628124 628125 628126 628127 628128 628129 628130 628131 628132 628133 628134 628135 628136 628137 628138 628139 628140 628141 628142 628143 628144 628145 628146 628147 628148 628149 628150 628151 628152 628153 628154 628155 628156 628157 628158 628159 628160 628161 628162 628163 628164 628165 628166 628167 628168 628169 628170 628171 628172 628173 628174 628175 628176 628177 628178 628179 628180 628181 628182 628183 628184 628185 628186 628187 628188 628189 628190 628191 628192 628193 628194 628195 628196 628197 628198 628199 628200 628201 628202 628203 
RBLONG_13-1
180
628384 628385 628386 628387 628388 628389 628390 628391 628392 628393 628394 628395 628396 628397 628398 628399 628400 628401 628402 628403 628404 628405 628406 628407 628408 628409 628410 628411 628412 628413 628414 628415 628416 628417 628418 628419 628420 628421 628422 628423 628424 628425 628426 628427 628428 628429 628430 628431 628432 628433 628434 628435 628436 628437 628438 628439 628440 628441 628442 628443 628444 628445 628446 628447 628448 628449 628450 628451 628452 628453 628454 628455 628456 628457 628458 628459 628460 628461 628462 628463 628464 628465 628466 628467 628468 628469 628470 628471 628472 628473 628474 628475 628476 628477 628478 628479 628480 628481 628482 628483 628484 628485 628486 628487 628488 628489 628490 628491 628492 628493 628494 628495 628496 628497 628498 628499 628500 628501 628502 628503 628504 628505 628506 628507 628508 628509 628510 628511 628512 628513 628514 628515 628516 628517 628518 628519 628520 628521 628522 628523 628524 628525 628526 628527 628528 628529 628530 628531 628532 628533 628534 628535 628536 628537 628538 628539 628540 628541 628542 628543 628544 628545 628546 628547 628548 628549 628550 628551 628552 628553 628554 628555 628556 628557 628558 628559 628560 628561 628562 628563 
RBLONG_15-1
180
628744 628745 628746 628747 628748 628749 628750 628751 628752 628753 628754 628755 628756 628757 628758 628759 628760 628761 628762 628763 628764 628765 628766 628767 628768 628769 628770 628771 628772 628773 628774 628775 628776 628777 628778 628779 628780 628781 628782 628783 628784 628785 628786 628787 628788 628789 628790 628791 628792 628793 628794 628795 628796 628797 628798 628799 628800 628801 628802 628803 628804 628805 628806 628807 628808 628809 628810 628811 628812 628813 628814 628815 628816 628817 628818 628819 628820 628821 628822 628823 628824 628825 628826 628827 628828 628829 628830 628831 628832 628833 628834 628835 628836 628837 628838 628839 628840 628841 628842 628843 628844 628845 628846 628847 628848 628849 628850 628851 628852 628853 628854 628855 628856 628857 628858 628859 628860 628861 628862 628863 628864 628865 628866 628867 628868 628869 628870 628871 628872 628873 628874 628875 628876 628877 628878 628879 628880 628881 628882 628883 628884 628885 628886 628887 628888 628889 628890 628891 628892 628893 628894 628895 628896 628897 628898 628899 628900 628901 628902 628903 628904 628905 628906 628907 628908 628909 628910 628911 628912 628913 628914 628915 628916 628917 628918 628919 628920 628921 628922 628923 
RBLONG_17-1
168
629092 629093 629094 629095 629096 629097 629098 629099 629100 629101 629102 629103 629104 629105 629106 629107 629108 629109 629110 629111 629112 629113 629114 629115 629116 629117 629118 629119 629120 629121 629122 629123 629124 629125 629126 629127 629128 629129 629130 629131 629132 629133 629134 629135 629136 629137 629138 629139 629140 629141 629142 629143 629144 629145 629146 629147 629148 629149 629150 629151 629152 629153 629154 629155 629156 629157 629158 629159 629160 629161 629162 629163 629164 629165 629166 629167 629168 629169 629170 629171 629172 629173 629174 629175 629176 629177 629178 629179 629180 629181 629182 629183 629184 629185 629186 629187 629188 629189 629190 629191 629192 629193 629194 629195 629196 629197 629198 629199 629200 629201 629202 629203 629204 629205 629206 629207 629208 629209 629210 629211 629212 629213 629214 629215 629216 629217 629218 629219 629220 629221 629222 629223 629224 629225 629226 629227 629228 629229 629230 629231 629232 629233 629234 629235 629236 629237 629238 629239 629240 629241 629242 629243 629244 629245 629246 629247 629248 629249 629250 629251 629252 629253 629254 629255 629256 629257 629258 629259 
RBLONG_19-1
168
629428 629429 629430 629431 629432 629433 629434 629435 629436 629437 629438 629439 629440 629441 629442 629443 629444 629445 629446 629447 629448 629449 629450 629451 629452 629453 629454 629455 629456 629457 629458 629459 629460 629461 629462 629463 629464 629465 629466 629467 629468 629469 629470 629471 629472 629473 629474 629475 629476 629477 629478 629479 629480 629481 629482 629483 629484 629485 629486 629487 629488 629489 629490 629491 629492 629493 629494 629495 629496 629497 629498 629499 629500 629501 629502 629503 629504 629505 629506 629507 629508 629509 629510 629511 629512 629513 629514 629515 629516 629517 629518 629519 629520 629521 629522 629523 629524 629525 629526 629527 629528 629529 629530 629531 629532 629533 629534 629535 629536 629537 629538 629539 629540 629541 629542 629543 629544 629545 629546 629547 629548 629549 629550 629551 629552 629553 629554 629555 629556 629557 629558 629559 629560 629561 629562 629563 629564 629565 629566 629567 629568 629569 629570 629571 629572 629573 629574 629575 629576 629577 629578 629579 629580 629581 629582 629583 629584 629585 629586 629587 629588 629589 629590 629591 629592 629593 629594 629595 
RBLONG_31-1
152
631284 631285 631286 631287 631288 631289 631290 631291 631292 631293 631294 631295 631296 631297 631298 631299 631300 631301 631302 631303 631304 631305 631306 631307 631308 631309 631310 631311 631312 631313 631314 631315 631316 631317 631318 631319 631320 631321 631322 631323 631324 631325 631326 631327 631328 631329 631330 631331 631332 631333 631334 631335 631336 631337 631338 631339 631340 631341 631342 631343 631344 631345 631346 631347 631348 631349 631350 631351 631352 631353 631354 631355 631356 631357 631358 631359 631360 631361 631362 631363 631364 631365 631366 631367 631368 631369 631370 631371 631372 631373 631374 631375 631376 631377 631378 631379 631380 631381 631382 631383 631384 631385 631386 631387 631388 631389 631390 631391 631392 631393 631394 631395 631396 631397 631398 631399 631400 631401 631402 631403 631404 631405 631406 631407 631408 631409 631410 631411 631412 631413 631414 631415 631416 631417 631418 631419 631420 631421 631422 631423 631424 631425 631426 631427 631428 631429 631430 631431 631432 631433 631434 631435 
CSEG_01-1
96
181 182 183 184 185 186 187 188 189 190 191 192 193 194 195 196 197 198 199 200 201 202 203 204 205 206 207 208 209 210 211 212 213 214 215 216 217 218 219 220 221 222 223 224 225 226 227 228 229 230 231 232 233 234 235 236 237 238 239 240 241 242 243 244 245 246 247 248 249 250 251 252 253 254 255 256 257 258 259 260 261 262 263 264 265 266 267 268 269 270 271 272 273 274 275 276 
CSEG_02-1
96
277 278 279 280 281 282 283 284 285 286 287 288 289 290 291 292 293 294 295 296 297 298 299 300 301 302 303 304 305 306 307 308 309 310 311 312 313 314 315 316 317 318 319 320 321 322 323 324 325 326 327 328 329 330 331 332 333 334 335 336 337 338 339 340 341 342 343 344 345 346 347 348 349 350 351 352 353 354 355 356 357 358 359 360 361 362 363 364 365 366 367 368 369 370 371 372 
CSEG_03-1
96
373 374 375 376 377 378 379 380 381 382 383 384 385 386 387 388 389 390 391 392 393 394 395 396 397 398 399 400 401 402 403 404 405 406 407 408 409 410 411 412 413 414 415 416 417 418 419 420 421 422 423 424 425 426 427 428 429 430 431 432 433 434 435 436 437 438 439 440 441 442 443 444 445 446 447 448 449 450 451 452 453 454 455 456 457 458 459 460 461 462 463 464 465 466 467 468 
CSEG_04-1
96
469 470 471 472 473 474 475 476 477 478 479 480 481 482 483 484 485 486 487 488 489 490 491 492 493 494 495 496 497 498 499 500 501 502 503 504 505 506 507 508 509 510 511 512 513 514 515 516 517 518 519 520 521 522 523 524 525 526 527 528 529 530 531 532 533 534 535 536 537 538 539 540 541 542 543 544 545 546 547 548 549 550 551 552 553 554 555 556 557 558 559 560 561 562 563 564 
CSEG_05-1
96
565 566 567 568 569 570 571 572 573 574 575 576 577 578 579 580 581 582 583 584 585 586 587 588 589 590 591 592 593 594 595 596 597 598 599 600 601 602 603 604 605 606 607 608 609 610 611 612 613 614 615 616 617 618 619 620 621 622 623 624 625 626 627 628 629 630 631 632 633 634 635 636 637 638 639 640 641 642 643 644 645 646 647 648 649 650 651 652 653 654 655 656 657 658 659 660 
CSEG_06-1
96
661 662 663 664 665 666 667 668 669 670 671 672 673 674 675 676 677 678 679 680 681 682 683 684 685 686 687 688 689 690 691 692 693 694 695 696 697 698 699 700 701 702 703 704 705 706 707 708 709 710 711 712 713 714 715 716 717 718 719 720 721 722 723 724 725 726 727 728 729 730 731 732 733 734 735 736 737 738 739 740 741 742 743 744 745 746 747 748 749 750 751 752 753 754 755 756 
CSEG_08-1
96
853 854 855 856 857 858 859 860 861 862 863 864 865 866 867 868 869 870 871 872 873 874 875 876 877 878 879 880 881 882 883 884 885 886 887 888 889 890 891 892 893 894 895 896 897 898 899 900 901 902 903 904 905 906 907 908 909 910 911 912 913 914 915 916 917 918 919 920 921 922 923 924 925 926 927 928 929 930 931 932 933 934 935 936 937 938 939 940 941 942 943 944 945 946 947 948 
CSEG_20-1
96
2005 2006 2007 2008 2009 2010 2011 2012 2013 2014 2015 2016 2017 2018 2019 2020 2021 2022 2023 2024 2025 2026 2027 2028 2029 2030 2031 2032 2033 2034 2035 2036 2037 2038 2039 2040 2041 2042 2043 2044 2045 2046 2047 2048 2049 2050 2051 2052 2053 2054 2055 2056 2057 2058 2059 2060 2061 2062 2063 2064 2065 2066 2067 2068 2069 2070 2071 2072 2073 2074 2075 2076 2077 2078 2079 2080 2081 2082 2083 2084 2085 2086 2087 2088 2089 2090 2091 2092 2093 2094 2095 2096 2097 2098 2099 2100 
CSEG_22-1
96
2197 2198 2199 2200 2201 2202 2203 2204 2205 2206 2207 2208 2209 2210 2211 2212 2213 2214 2215 2216 2217 2218 2219 2220 2221 2222 2223 2224 2225 2226 2227 2228 2229 2230 2231 2232 2233 2234 2235 2236 2237 2238 2239 2240 2241 2242 2243 2244 2245 2246 2247 2248 2249 2250 2251 2252 2253 2254 2255 2256 2257 2258 2259 2260 2261 2262 2263 2264 2265 2266 2267 2268 2269 2270 2271 2272 2273 2274 2275 2276 2277 2278 2279 2280 2281 2282 2283 2284 2285 2286 2287 2288 2289 2290 2291 2292 
CSEG_24-1
96
2389 2390 2391 2392 2393 2394 2395 2396 2397 2398 2399 2400 2401 2402 2403 2404 2405 2406 2407 2408 2409 2410 2411 2412 2413 2414 2415 2416 2417 2418 2419 2420 2421 2422 2423 2424 2425 2426 2427 2428 2429 2430 2431 2432 2433 2434 2435 2436 2437 2438 2439 2440 2441 2442 2443 2444 2445 2446 2447 2448 2449 2450 2451 2452 2453 2454 2455 2456 2457 2458 2459 2460 2461 2462 2463 2464 2465 2466 2467 2468 2469 2470 2471 2472 2473 2474 2475 2476 2477 2478 2479 2480 2481 2482 2483 2484 
CSEG_26-1
96
2581 2582 2583 2584 2585 2586 2587 2588 2589 2590 2591 2592 2593 2594 2595 2596 2597 2598 2599 2600 2601 2602 2603 2604 2605 2606 2607 2608 2609 2610 2611 2612 2613 2614 2615 2616 2617 2618 2619 2620 2621 2622 2623 2624 2625 2626 2627 2628 2629 2630 2631 2632 2633 2634 2635 2636 2637 2638 2639 2640 2641 2642 2643 2644 2645 2646 2647 2648 2649 2650 2651 2652 2653 2654 2655 2656 2657 2658 2659 2660 2661 2662 2663 2664 2665 2666 2667 2668 2669 2670 2671 2672 2673 2674 2675 2676 
CSEG_28-1
96
2773 2774 2775 2776 2777 2778 2779 2780 2781 2782 2783 2784 2785 2786 2787 2788 2789 2790 2791 2792 2793 2794 2795 2796 2797 2798 2799 2800 2801 2802 2803 2804 2805 2806 2807 2808 2809 2810 2811 2812 2813 2814 2815 2816 2817 2818 2819 2820 2821 2822 2823 2824 2825 2826 2827 2828 2829 2830 2831 2832 2833 2834 2835 2836 2837 2838 2839 2840 2841 2842 2843 2844 2845 2846 2847 2848 2849 2850 2851 2852 2853 2854 2855 2856 2857 2858 2859 2860 2861 2862 2863 2864 2865 2866 2867 2868 
SSEG_02-1
96
631532 631533 631534 631535 631536 631537 631538 631539 631540 631541 631542 631543 631544 631545 631546 631547 631548 631549 631550 631551 631552 631553 631554 631555 631556 631557 631558 631559 631560 631561 631562 631563 631564 631565 631566 631567 631568 631569 631570 631571 631572 631573 631574 631575 631576 631577 631578 631579 631580 631581 631582 631583 631584 631585 631586 631587 631588 631589 631590 631591 631592 631593 631594 631595 631596 631597 631598 631599 631600 631601 631602 631603 631604 631605 631606 631607 631608 631609 631610 631611 631612 631613 631614 631615 631616 631617 631618 631619 631620 631621 631622 631623 631624 631625 631626 631627 
SSEG_04-1
96
631724 631725 631726 631727 631728 631729 631730 631731 631732 631733 631734 631735 631736 631737 631738 631739 631740 631741 631742 631743 631744 631745 631746 631747 631748 631749 631750 631751 631752 631753 631754 631755 631756 631757 631758 631759 631760 631761 631762 631763 631764 631765 631766 631767 631768 631769 631770 631771 631772 631773 631774 631775 631776 631777 631778 631779 631780 631781 631782 631783 631784 631785 631786 631787 631788 631789 631790 631791 631792 631793 631794 631795 631796 631797 631798 631799 631800 631801 631802 631803 631804 631805 631806 631807 631808 631809 631810 631811 631812 631813 631814 631815 631816 631817 631818 631819 
CSEG_10-1
96
1045 1046 1047 1048 1049 1050 1051 1052 1053 1054 1055 1056 1057 1058 1059 1060 1061 1062 1063 1064 1065 1066 1067 1068 1069 1070 1071 1072 1073 1074 1075 1076 1077 1078 1079 1080 1081 1082 1083 1084 1085 1086 1087 1088 1089 1090 1091 1092 1093 1094 1095 1096 1097 1098 1099 1100 1101 1102 1103 1104 1105 1106 1107 1108 1109 1110 1111 1112 1113 1114 1115 1116 1117 1118 1119 1120 1121 1122 1123 1124 1125 1126 1127 1128 1129 1130 1131 1132 1133 1134 1135 1136 1137 1138 1139 1140 
CSEG_12-1
96
1237 1238 1239 1240 1241 1242 1243 1244 1245 1246 1247 1248 1249 1250 1251 1252 1253 1254 1255 1256 1257 1258 1259 1260 1261 1262 1263 1264 1265 1266 1267 1268 1269 1270 1271 1272 1273 1274 1275 1276 1277 1278 1279 1280 1281 1282 1283 1284 1285 1286 1287 1288 1289 1290 1291 1292 1293 1294 1295 1296 1297 1298 1299 1300 1301 1302 1303 1304 1305 1306 1307 1308 1309 1310 1311 1312 1313 1314 1315 1316 1317 1318 1319 1320 1321 1322 1323 1324 1325 1326 1327 1328 1329 1330 1331 1332 
CSEG_14-1
96
1429 1430 1431 1432 1433 1434 1435 1436 1437 1438 1439 1440 1441 1442 1443 1444 1445 1446 1447 1448 1449 1450 1451 1452 1453 1454 1455 1456 1457 1458 1459 1460 1461 1462 1463 1464 1465 1466 1467 1468 1469 1470 1471 1472 1473 1474 1475 1476 1477 1478 1479 1480 1481 1482 1483 1484 1485 1486 1487 1488 1489 1490 1491 1492 1493 1494 1495 1496 1497 1498 1499 1500 1501 1502 1503 1504 1505 1506 1507 1508 1509 1510 1511 1512 1513 1514 1515 1516 1517 1518 1519 1520 1521 1522 1523 1524 
CSEG_16-1
96
1621 1622 1623 1624 1625 1626 1627 1628 1629 1630 1631 1632 1633 1634 1635 1636 1637 1638 1639 1640 1641 1642 1643 1644 1645 1646 1647 1648 1649 1650 1651 1652 1653 1654 1655 1656 1657 1658 1659 1660 1661 1662 1663 1664 1665 1666 1667 1668 1669 1670 1671 1672 1673 1674 1675 1676 1677 1678 1679 1680 1681 1682 1683 1684 1685 1686 1687 1688 1689 1690 1691 1692 1693 1694 1695 1696 1697 1698 1699 1700 1701 1702 1703 1704 1705 1706 1707 1708 1709 1710 1711 1712 1713 1714 1715 1716 
CSEG_18-1
96
1813 1814 1815 1816 1817 1818 1819 1820 1821 1822 1823 1824 1825 1826 1827 1828 1829 1830 1831 1832 1833 1834 1835 1836 1837 1838 1839 1840 1841 1842 1843 1844 1845 1846 1847 1848 1849 1850 1851 1852 1853 1854 1855 1856 1857 1858 1859 1860 1861 1862 1863 1864 1865 1866 1867 1868 1869 1870 1871 1872 1873 1874 1875 1876 1877 1878 1879 1880 1881 1882 1883 1884 1885 1886 1887 1888 1889 1890 1891 1892 1893 1894 1895 1896 1897 1898 1899 1900 1901 1902 1903 1904 1905 1906 1907 1908 
CSEG_30-1
96
2965 2966 2967 2968 2969 2970 2971 2972 2973 2974 2975 2976 2977 2978 2979 2980 2981 2982 2983 2984 2985 2986 2987 2988 2989 2990 2991 2992 2993 2994 2995 2996 2997 2998 2999 3000 3001 3002 3003 3004 3005 3006 3007 3008 3009 3010 3011 3012 3013 3014 3015 3016 3017 3018 3019 3020 3021 3022 3023 3024 3025 3026 3027 3028 3029 3030 3031 3032 3033 3034 3035 3036 3037 3038 3039 3040 3041 3042 3043 3044 3045 3046 3047 3048 3049 3050 3051 3052 3053 3054 3055 3056 3057 3058 3059 3060 
CSEG_07-1
96
757 758 759 760 761 762 763 764 765 766 767 768 769 770 771 772 773 774 775 776 777 778 779 780 781 782 783 784 785 786 787 788 789 790 791 792 793 794 795 796 797 798 799 800 801 802 803 804 805 806 807 808 809 810 811 812 813 814 815 816 817 818 819 820 821 822 823 824 825 826 827 828 829 830 831 832 833 834 835 836 837 838 839 840 841 842 843 844 845 846 847 848 849 850 851 852 
CSEG_09-1
96
949 950 951 952 953 954 955 956 957 958 959 960 961 962 963 964 965 966 967 968 969 970 971 972 973 974 975 976 977 978 979 980 981 982 983 984 985 986 987 988 989 990 991 992 993 994 995 996 997 998 999 1000 1001 1002 1003 1004 1005 1006 1007 1008 1009 1010 1011 1012 1013 1014 1015 1016 1017 1018 1019 1020 1021 1022 1023 1024 1025 1026 1027 1028 1029 1030 1031 1032 1033 1034 1035 1036 1037 1038 1039 1040 1041 1042 1043 1044 
CSEG_21-1
96
2101 2102 2103 2104 2105 2106 2107 2108 2109 2110 2111 2112 2113 2114 2115 2116 2117 2118 2119 2120 2121 2122 2123 2124 2125 2126 2127 2128 2129 2130 2131 2132 2133 2134 2135 2136 2137 2138 2139 2140 2141 2142 2143 2144 2145 2146 2147 2148 2149 2150 2151 2152 2153 2154 2155 2156 2157 2158 2159 2160 2161 2162 2163 2164 2165 2166 2167 2168 2169 2170 2171 2172 2173 2174 2175 2176 2177 2178 2179 2180 2181 2182 2183 2184 2185 2186 2187 2188 2189 2190 2191 2192 2193 2194 2195 2196 
CSEG_23-1
96
2293 2294 2295 2296 2297 2298 2299 2300 2301 2302 2303 2304 2305 2306 2307 2308 2309 2310 2311 2312 2313 2314 2315 2316 2317 2318 2319 2320 2321 2322 2323 2324 2325 2326 2327 2328 2329 2330 2331 2332 2333 2334 2335 2336 2337 2338 2339 2340 2341 2342 2343 2344 2345 2346 2347 2348 2349 2350 2351 2352 2353 2354 2355 2356 2357 2358 2359 2360 2361 2362 2363 2364 2365 2366 2367 2368 2369 2370 2371 2372 2373 2374 2375 2376 2377 2378 2379 2380 2381 2382 2383 2384 2385 2386 2387 2388 
CSEG_25-1
96
2485 2486 2487 2488 2489 2490 2491 2492 2493 2494 2495 2496 2497 2498 2499 2500 2501 2502 2503 2504 2505 2506 2507 2508 2509 2510 2511 2512 2513 2514 2515 2516 2517 2518 2519 2520 2521 2522 2523 2524 2525 2526 2527 2528 2529 2530 2531 2532 2533 2534 2535 2536 2537 2538 2539 2540 2541 2542 2543 2544 2545 2546 2547 2548 2549 2550 2551 2552 2553 2554 2555 2556 2557 2558 2559 2560 2561 2562 2563 2564 2565 2566 2567 2568 2569 2570 2571 2572 2573 2574 2575 2576 2577 2578 2579 2580 
CSEG_27-1
96
2677 2678 2679 2680 2681 2682 2683 2684 2685 2686 2687 2688 2689 2690 2691 2692 2693 2694 2695 2696 2697 2698 2699 2700 2701 2702 2703 2704 2705 2706 2707 2708 2709 2710 2711 2712 2713 2714 2715 2716 2717 2718 2719 2720 2721 2722 2723 2724 2725 2726 2727 2728 2729 2730 2731 2732 2733 2734 2735 2736 2737 2738 2739 2740 2741 2742 2743 2744 2745 2746 2747 2748 2749 2750 2751 2752 2753 2754 2755 2756 2757 2758 2759 2760 2761 2762 2763 2764 2765 2766 2767 2768 2769 2770 2771 2772 
CSEG_29-1
96
2869 2870 2871 2872 2873 2874 2875 2876 2877 2878 2879 2880 2881 2882 2883 2884 2885 2886 2887 2888 2889 2890 2891 2892 2893 2894 2895 2896 2897 2898 2899 2900 2901 2902 2903 2904 2905 2906 2907 2908 2909 2910 2911 2912 2913 2914 2915 2916 2917 2918 2919 2920 2921 2922 2923 2924 2925 2926 2927 2928 2929 2930 2931 2932 2933 2934 2935 2936 2937 2938 2939 2940 2941 2942 2943 2944 2945 2946 2947 2948 2949 2950 2951 2952 2953 2954 2955 2956 2957 2958 2959 2960 2961 2962 2963 2964 
SSEG_01-1
96
631436 631437 631438 631439 631440 631441 631442 631443 631444 631445 631446 631447 631448 631449 631450 631451 631452 631453 631454 631455 631456 631457 631458 631459 631460 631461 631462 631463 631464 631465 631466 631467 631468 631469 631470 631471 631472 631473 631474 631475 631476 631477 631478 631479 631480 631481 631482 631483 631484 631485 631486 631487 631488 631489 631490 631491 631492 631493 631494 631495 631496 631497 631498 631499 631500 631501 631502 631503 631504 631505 631506 631507 631508 631509 631510 631511 631512 631513 631514 631515 631516 631517 631518 631519 631520 631521 631522 631523 631524 631525 631526 631527 631528 631529 631530 631531 
SSEG_03-1
96
631628 631629 631630 631631 631632 631633 631634 631635 631636 631637 631638 631639 631640 631641 631642 631643 631644 631645 631646 631647 631648 631649 631650 631651 631652 631653 631654 631655 631656 631657 631658 631659 631660 631661 631662 631663 631664 631665 631666 631667 631668 631669 631670 631671 631672 631673 631674 631675 631676 631677 631678 631679 631680 631681 631682 631683 631684 631685 631686 631687 631688 631689 631690 631691 631692 631693 631694 631695 631696 631697 631698 631699 631700 631701 631702 631703 631704 631705 631706 631707 631708 631709 631710 631711 631712 631713 631714 631715 631716 631717 631718 631719 631720 631721 631722 631723 
CSEG_11-1
96
1141 1142 1143 1144 1145 1146 1147 1148 1149 1150 1151 1152 1153 1154 1155 1156 1157 1158 1159 1160 1161 1162 1163 1164 1165 1166 1167 1168 1169 1170 1171 1172 1173 1174 1175 1176 1177 1178 1179 1180 1181 1182 1183 1184 1185 1186 1187 1188 1189 1190 1191 1192 1193 1194 1195 1196 1197 1198 1199 1200 1201 1202 1203 1204 1205 1206 1207 1208 1209 1210 1211 1212 1213 1214 1215 1216 1217 1218 1219 1220 1221 1222 1223 1224 1225 1226 1227 1228 1229 1230 1231 1232 1233 1234 1235 1236 
CSEG_13-1
96
1333 1334 1335 1336 1337 1338 1339 1340 1341 1342 1343 1344 1345 1346 1347 1348 1349 1350 1351 1352 1353 1354 1355 1356 1357 1358 1359 1360 1361 1362 1363 1364 1365 1366 1367 1368 1369 1370 1371 1372 1373 1374 1375 1376 1377 1378 1379 1380 1381 1382 1383 1384 1385 1386 1387 1388 1389 1390 1391 1392 1393 1394 1395 1396 1397 1398 1399 1400 1401 1402 1403 1404 1405 1406 1407 1408 1409 1410 1411 1412 1413 1414 1415 1416 1417 1418 1419 1420 1421 1422 1423 1424 1425 1426 1427 1428 
CSEG_15-1
96
1525 1526 1527 1528 1529 1530 1531 1532 1533 1534 1535 1536 1537 1538 1539 1540 1541 1542 1543 1544 1545 1546 1547 1548 1549 1550 1551 1552 1553 1554 1555 1556 1557 1558 1559 1560 1561 1562 1563 1564 1565 1566 1567 1568 1569 1570 1571 1572 1573 1574 1575 1576 1577 1578 1579 1580 1581 1582 1583 1584 1585 1586 1587 1588 1589 1590 1591 1592 1593 1594 1595 1596 1597 1598 1599 1600 1601 1602 1603 1604 1605 1606 1607 1608 1609 1610 1611 1612 1613 1614 1615 1616 1617 1618 1619 1620 
CSEG_17-1
96
1717 1718 1719 1720 1721 1722 1723 1724 1725 1726 1727 1728 1729 1730 1731 1732 1733 1734 1735 1736 1737 1738 1739 1740 1741 1742 1743 1744 1745 1746 1747 1748 1749 1750 1751 1752 1753 1754 1755 1756 1757 1758 1759 1760 1761 1762 1763 1764 1765 1766 1767 1768 1769 1770 1771 1772 1773 1774 1775 1776 1777 1778 1779 1780 1781 1782 1783 1784 1785 1786 1787 1788 1789 1790 1791 1792 1793 1794 1795 1796 1797 1798 1799 1800 1801 1802 1803 1804 1805 1806 1807 1808 1809 1810 1811 1812 
CSEG_19-1
96
1909 1910 1911 1912 1913 1914 1915 1916 1917 1918 1919 1920 1921 1922 1923 1924 1925 1926 1927 1928 1929 1930 1931 1932 1933 1934 1935 1936 1937 1938 1939 1940 1941 1942 1943 1944 1945 1946 1947 1948 1949 1950 1951 1952 1953 1954 1955 1956 1957 1958 1959 1960 1961 1962 1963 1964 1965 1966 1967 1968 1969 1970 1971 1972 1973 1974 1975 1976 1977 1978 1979 1980 1981 1982 1983 1984 1985 1986 1987 1988 1989 1990 1991 1992 1993 1994 1995 1996 1997 1998 1999 2000 2001 2002 2003 2004 
CSEG_31-1
96
3061 3062 3063 3064 3065 3066 3067 3068 3069 3070 3071 3072 3073 3074 3075 3076 3077 3078 3079 3080 3081 3082 3083 3084 3085 3086 3087 3088 3089 3090 3091 3092 3093 3094 3095 3096 3097 3098 3099 3100 3101 3102 3103 3104 3105 3106 3107 3108 3109 3110 3111 3112 3113 3114 3115 3116 3117 3118 3119 3120 3121 3122 3123 3124 3125 3126 3127 3128 3129 3130 3131 3132 3133 3134 3135 3136 3137 3138 3139 3140 3141 3142 3143 3144 3145 3146 3147 3148 3149 3150 3151 3152 3153 3154 3155 3156 
0
A008_Y60P06_LOWER48
0
1
0
1
CSEG_17-1
48
1717 1719 1721 1723 1725 1727 1729 1731 1733 1735 1737 1739 1741 1743 1745 1747 1749 1751 1753 1755 1757 1759 1761 1763 1765 1767 1769 1771 1773 1775 1777 1779 1781 1783 1785 1787 1789 1791 1793 1795 1797 1799 1801 1803 1805 1807 1809 1811 
0
CSEG17_NFORC
0
1
0
1
CSEG_17-1
96
1717 1718 1719 1720 1721 1722 1723 1724 1725 1726 1727 1728 1729 1730 1731 1732 1733 1734 1735 1736 1737 1738 1739 1740 1741 1742 1743 1744 1745 1746 1747 1748 1749 1750 1751 1752 1753 1754 1755 1756 1757 1758 1759 1760 1761 1762 1763 1764 1765 1766 1767 1768 1769 1770 1771 1772 1773 1774 1775 1776 1777 1778 1779 1780 1781 1782 1783 1784 1785 1786 1787 1788 1789 1790 1791 1792 1793 1794 1795 1796 1797 1798 1799 1800 1801 1802 1803 1804 1805 1806 1807 1808 1809 1810 1811 1812 
0
SET_CSEG_ALL_ACTIVE
0
1
0
31
CSEG_01-1
96
181 182 183 184 185 186 187 188 189 190 191 192 193 194 195 196 197 198 199 200 201 202 203 204 205 206 207 208 209 210 211 212 213 214 215 216 217 218 219 220 221 222 223 224 225 226 227 228 229 230 231 232 233 234 235 236 237 238 239 240 241 242 243 244 245 246 247 248 249 250 251 252 253 254 255 256 257 258 259 260 261 262 263 264 265 266 267 268 269 270 271 272 273 274 275 276 
CSEG_03-1
96
373 374 375 376 377 378 379 380 381 382 383 384 385 386 387 388 389 390 391 392 393 394 395 396 397 398 399 400 401 402 403 404 405 406 407 408 409 410 411 412 413 414 415 416 417 418 419 420 421 422 423 424 425 426 427 428 429 430 431 432 433 434 435 436 437 438 439 440 441 442 443 444 445 446 447 448 449 450 451 452 453 454 455 456 457 458 459 460 461 462 463 464 465 466 467 468 
CSEG_05-1
96
565 566 567 568 569 570 571 572 573 574 575 576 577 578 579 580 581 582 583 584 585 586 587 588 589 590 591 592 593 594 595 596 597 598 599 600 601 602 603 604 605 606 607 608 609 610 611 612 613 614 615 616 617 618 619 620 621 622 623 624 625 626 627 628 629 630 631 632 633 634 635 636 637 638 639 640 641 642 643 644 645 646 647 648 649 650 651 652 653 654 655 656 657 658 659 660 
CSEG_10-1
96
1045 1046 1047 1048 1049 1050 1051 1052 1053 1054 1055 1056 1057 1058 1059 1060 1061 1062 1063 1064 1065 1066 1067 1068 1069 1070 1071 1072 1073 1074 1075 1076 1077 1078 1079 1080 1081 1082 1083 1084 1085 1086 1087 1088 1089 1090 1091 1092 1093 1094 1095 1096 1097 1098 1099 1100 1101 1102 1103 1104 1105 1106 1107 1108 1109 1110 1111 1112 1113 1114 1115 1116 1117 1118 1119 1120 1121 1122 1123 1124 1125 1126 1127 1128 1129 1130 1131 1132 1133 1134 1135 1136 1137 1138 1139 1140 
CSEG_11-1
96
1141 1142 1143 1144 1145 1146 1147 1148 1149 1150 1151 1152 1153 1154 1155 1156 1157 1158 1159 1160 1161 1162 1163 1164 1165 1166 1167 1168 1169 1170 1171 1172 1173 1174 1175 1176 1177 1178 1179 1180 1181 1182 1183 1184 1185 1186 1187 1188 1189 1190 1191 1192 1193 1194 1195 1196 1197 1198 1199 1200 1201 1202 1203 1204 1205 1206 1207 1208 1209 1210 1211 1212 1213 1214 1215 1216 1217 1218 1219 1220 1221 1222 1223 1224 1225 1226 1227 1228 1229 1230 1231 1232 1233 1234 1235 1236 
CSEG_13-1
96
1333 1334 1335 1336 1337 1338 1339 1340 1341 1342 1343 1344 1345 1346 1347 1348 1349 1350 1351 1352 1353 1354 1355 1356 1357 1358 1359 1360 1361 1362 1363 1364 1365 1366 1367 1368 1369 1370 1371 1372 1373 1374 1375 1376 1377 1378 1379 1380 1381 1382 1383 1384 1385 1386 1387 1388 1389 1390 1391 1392 1393 1394 1395 1396 1397 1398 1399 1400 1401 1402 1403 1404 1405 1406 1407 1408 1409 1410 1411 1412 1413 1414 1415 1416 1417 1418 1419 1420 1421 1422 1423 1424 1425 1426 1427 1428 
CSEG_12-1
96
1237 1238 1239 1240 1241 1242 1243 1244 1245 1246 1247 1248 1249 1250 1251 1252 1253 1254 1255 1256 1257 1258 1259 1260 1261 1262 1263 1264 1265 1266 1267 1268 1269 1270 1271 1272 1273 1274 1275 1276 1277 1278 1279 1280 1281 1282 1283 1284 1285 1286 1287 1288 1289 1290 1291 1292 1293 1294 1295 1296 1297 1298 1299 1300 1301 1302 1303 1304 1305 1306 1307 1308 1309 1310 1311 1312 1313 1314 1315 1316 1317 1318 1319 1320 1321 1322 1323 1324 1325 1326 1327 1328 1329 1330 1331 1332 
CSEG_02-1
96
277 278 279 280 281 282 283 284 285 286 287 288 289 290 291 292 293 294 295 296 297 298 299 300 301 302 303 304 305 306 307 308 309 310 311 312 313 314 315 316 317 318 319 320 321 322 323 324 325 326 327 328 329 330 331 332 333 334 335 336 337 338 339 340 341 342 343 344 345 346 347 348 349 350 351 352 353 354 355 356 357 358 359 360 361 362 363 364 365 366 367 368 369 370 371 372 
CSEG_04-1
96
469 470 471 472 473 474 475 476 477 478 479 480 481 482 483 484 485 486 487 488 489 490 491 492 493 494 495 496 497 498 499 500 501 502 503 504 505 506 507 508 509 510 511 512 513 514 515 516 517 518 519 520 521 522 523 524 525 526 527 528 529 530 531 532 533 534 535 536 537 538 539 540 541 542 543 544 545 546 547 548 549 550 551 552 553 554 555 556 557 558 559 560 561 562 563 564 
CSEG_06-1
96
661 662 663 664 665 666 667 668 669 670 671 672 673 674 675 676 677 678 679 680 681 682 683 684 685 686 687 688 689 690 691 692 693 694 695 696 697 698 699 700 701 702 703 704 705 706 707 708 709 710 711 712 713 714 715 716 717 718 719 720 721 722 723 724 725 726 727 728 729 730 731 732 733 734 735 736 737 738 739 740 741 742 743 744 745 746 747 748 749 750 751 752 753 754 755 756 
CSEG_08-1
96
853 854 855 856 857 858 859 860 861 862 863 864 865 866 867 868 869 870 871 872 873 874 875 876 877 878 879 880 881 882 883 884 885 886 887 888 889 890 891 892 893 894 895 896 897 898 899 900 901 902 903 904 905 906 907 908 909 910 911 912 913 914 915 916 917 918 919 920 921 922 923 924 925 926 927 928 929 930 931 932 933 934 935 936 937 938 939 940 941 942 943 944 945 946 947 948 
CSEG_20-1
96
2005 2006 2007 2008 2009 2010 2011 2012 2013 2014 2015 2016 2017 2018 2019 2020 2021 2022 2023 2024 2025 2026 2027 2028 2029 2030 2031 2032 2033 2034 2035 2036 2037 2038 2039 2040 2041 2042 2043 2044 2045 2046 2047 2048 2049 2050 2051 2052 2053 2054 2055 2056 2057 2058 2059 2060 2061 2062 2063 2064 2065 2066 2067 2068 2069 2070 2071 2072 2073 2074 2075 2076 2077 2078 2079 2080 2081 2082 2083 2084 2085 2086 2087 2088 2089 2090 2091 2092 2093 2094 2095 2096 2097 2098 2099 2100 
CSEG_22-1
96
2197 2198 2199 2200 2201 2202 2203 2204 2205 2206 2207 2208 2209 2210 2211 2212 2213 2214 2215 2216 2217 2218 2219 2220 2221 2222 2223 2224 2225 2226 2227 2228 2229 2230 2231 2232 2233 2234 2235 2236 2237 2238 2239 2240 2241 2242 2243 2244 2245 2246 2247 2248 2249 2250 2251 2252 2253 2254 2255 2256 2257 2258 2259 2260 2261 2262 2263 2264 2265 2266 2267 2268 2269 2270 2271 2272 2273 2274 2275 2276 2277 2278 2279 2280 2281 2282 2283 2284 2285 2286 2287 2288 2289 2290 2291 2292 
CSEG_24-1
96
2389 2390 2391 2392 2393 2394 2395 2396 2397 2398 2399 2400 2401 2402 2403 2404 2405 2406 2407 2408 2409 2410 2411 2412 2413 2414 2415 2416 2417 2418 2419 2420 2421 2422 2423 2424 2425 2426 2427 2428 2429 2430 2431 2432 2433 2434 2435 2436 2437 2438 2439 2440 2441 2442 2443 2444 2445 2446 2447 2448 2449 2450 2451 2452 2453 2454 2455 2456 2457 2458 2459 2460 2461 2462 2463 2464 2465 2466 2467 2468 2469 2470 2471 2472 2473 2474 2475 2476 2477 2478 2479 2480 2481 2482 2483 2484 
CSEG_26-1
96
2581 2582 2583 2584 2585 2586 2587 2588 2589 2590 2591 2592 2593 2594 2595 2596 2597 2598 2599 2600 2601 2602 2603 2604 2605 2606 2607 2608 2609 2610 2611 2612 2613 2614 2615 2616 2617 2618 2619 2620 2621 2622 2623 2624 2625 2626 2627 2628 2629 2630 2631 2632 2633 2634 2635 2636 2637 2638 2639 2640 2641 2642 2643 2644 2645 2646 2647 2648 2649 2650 2651 2652 2653 2654 2655 2656 2657 2658 2659 2660 2661 2662 2663 2664 2665 2666 2667 2668 2669 2670 2671 2672 2673 2674 2675 2676 
CSEG_28-1
96
2773 2774 2775 2776 2777 2778 2779 2780 2781 2782 2783 2784 2785 2786 2787 2788 2789 2790 2791 2792 2793 2794 2795 2796 2797 2798 2799 2800 2801 2802 2803 2804 2805 2806 2807 2808 2809 2810 2811 2812 2813 2814 2815 2816 2817 2818 2819 2820 2821 2822 2823 2824 2825 2826 2827 2828 2829 2830 2831 2832 2833 2834 2835 2836 2837 2838 2839 2840 2841 2842 2843 2844 2845 2846 2847 2848 2849 2850 2851 2852 2853 2854 2855 2856 2857 2858 2859 2860 2861 2862 2863 2864 2865 2866 2867 2868 
CSEG_14-1
96
1429 1430 1431 1432 1433 1434 1435 1436 1437 1438 1439 1440 1441 1442 1443 1444 1445 1446 1447 1448 1449 1450 1451 1452 1453 1454 1455 1456 1457 1458 1459 1460 1461 1462 1463 1464 1465 1466 1467 1468 1469 1470 1471 1472 1473 1474 1475 1476 1477 1478 1479 1480 1481 1482 1483 1484 1485 1486 1487 1488 1489 1490 1491 1492 1493 1494 1495 1496 1497 1498 1499 1500 1501 1502 1503 1504 1505 1506 1507 1508 1509 1510 1511 1512 1513 1514 1515 1516 1517 1518 1519 1520 1521 1522 1523 1524 
CSEG_16-1
96
1621 1622 1623 1624 1625 1626 1627 1628 1629 1630 1631 1632 1633 1634 1635 1636 1637 1638 1639 1640 1641 1642 1643 1644 1645 1646 1647 1648 1649 1650 1651 1652 1653 1654 1655 1656 1657 1658 1659 1660 1661 1662 1663 1664 1665 1666 1667 1668 1669 1670 1671 1672 1673 1674 1675 1676 1677 1678 1679 1680 1681 1682 1683 1684 1685 1686 1687 1688 1689 1690 1691 1692 1693 1694 1695 1696 1697 1698 1699 1700 1701 1702 1703 1704 1705 1706 1707 1708 1709 1710 1711 1712 1713 1714 1715 1716 
CSEG_18-1
96
1813 1814 1815 1816 1817 1818 1819 1820 1821 1822 1823 1824 1825 1826 1827 1828 1829 1830 1831 1832 1833 1834 1835 1836 1837 1838 1839 1840 1841 1842 1843 1844 1845 1846 1847 1848 1849 1850 1851 1852 1853 1854 1855 1856 1857 1858 1859 1860 1861 1862 1863 1864 1865 1866 1867 1868 1869 1870 1871 1872 1873 1874 1875 1876 1877 1878 1879 1880 1881 1882 1883 1884 1885 1886 1887 1888 1889 1890 1891 1892 1893 1894 1895 1896 1897 1898 1899 1900 1901 1902 1903 1904 1905 1906 1907 1908 
CSEG_30-1
96
2965 2966 2967 2968 2969 2970 2971 2972 2973 2974 2975 2976 2977 2978 2979 2980 2981 2982 2983 2984 2985 2986 2987 2988 2989 2990 2991 2992 2993 2994 2995 2996 2997 2998 2999 3000 3001 3002 3003 3004 3005 3006 3007 3008 3009 3010 3011 3012 3013 3014 3015 3016 3017 3018 3019 3020 3021 3022 3023 3024 3025 3026 3027 3028 3029 3030 3031 3032 3033 3034 3035 3036 3037 3038 3039 3040 3041 3042 3043 3044 3045 3046 3047 3048 3049 3050 3051 3052 3053 3054 3055 3056 3057 3058 3059 3060 
CSEG_07-1
96
757 758 759 760 761 762 763 764 765 766 767 768 769 770 771 772 773 774 775 776 777 778 779 780 781 782 783 784 785 786 787 788 789 790 791 792 793 794 795 796 797 798 799 800 801 802 803 804 805 806 807 808 809 810 811 812 813 814 815 816 817 818 819 820 821 822 823 824 825 826 827 828 829 830 831 832 833 834 835 836 837 838 839 840 841 842 843 844 845 846 847 848 849 850 851 852 
CSEG_15-1
96
1525 1526 1527 1528 1529 1530 1531 1532 1533 1534 1535 1536 1537 1538 1539 1540 1541 1542 1543 1544 1545 1546 1547 1548 1549 1550 1551 1552 1553 1554 1555 1556 1557 1558 1559 1560 1561 1562 1563 1564 1565 1566 1567 1568 1569 1570 1571 1572 1573 1574 1575 1576 1577 1578 1579 1580 1581 1582 1583 1584 1585 1586 1587 1588 1589 1590 1591 1592 1593 1594 1595 1596 1597 1598 1599 1600 1601 1602 1603 1604 1605 1606 1607 1608 1609 1610 1611 1612 1613 1614 1615 1616 1617 1618 1619 1620 
CSEG_09-1
96
949 950 951 952 953 954 955 956 957 958 959 960 961 962 963 964 965 966 967 968 969 970 971 972 973 974 975 976 977 978 979 980 981 982 983 984 985 986 987 988 989 990 991 992 993 994 995 996 997 998 999 1000 1001 1002 1003 1004 1005 1006 1007 1008 1009 1010 1011 1012 1013 1014 1015 1016 1017 1018 1019 1020 1021 1022 1023 1024 1025 1026 1027 1028 1029 1030 1031 1032 1033 1034 1035 1036 1037 1038 1039 1040 1041 1042 1043 1044 
CSEG_21-1
96
2101 2102 2103 2104 2105 2106 2107 2108 2109 2110 2111 2112 2113 2114 2115 2116 2117 2118 2119 2120 2121 2122 2123 2124 2125 2126 2127 2128 2129 2130 2131 2132 2133 2134 2135 2136 2137 2138 2139 2140 2141 2142 2143 2144 2145 2146 2147 2148 2149 2150 2151 2152 2153 2154 2155 2156 2157 2158 2159 2160 2161 2162 2163 2164 2165 2166 2167 2168 2169 2170 2171 2172 2173 2174 2175 2176 2177 2178 2179 2180 2181 2182 2183 2184 2185 2186 2187 2188 2189 2190 2191 2192 2193 2194 2195 2196 
CSEG_23-1
96
2293 2294 2295 2296 2297 2298 2299 2300 2301 2302 2303 2304 2305 2306 2307 2308 2309 2310 2311 2312 2313 2314 2315 2316 2317 2318 2319 2320 2321 2322 2323 2324 2325 2326 2327 2328 2329 2330 2331 2332 2333 2334 2335 2336 2337 2338 2339 2340 2341 2342 2343 2344 2345 2346 2347 2348 2349 2350 2351 2352 2353 2354 2355 2356 2357 2358 2359 2360 2361 2362 2363 2364 2365 2366 2367 2368 2369 2370 2371 2372 2373 2374 2375 2376 2377 2378 2379 2380 2381 2382 2383 2384 2385 2386 2387 2388 
CSEG_25-1
96
2485 2486 2487 2488 2489 2490 2491 2492 2493 2494 2495 2496 2497 2498 2499 2500 2501 2502 2503 2504 2505 2506 2507 2508 2509 2510 2511 2512 2513 2514 2515 2516 2517 2518 2519 2520 2521 2522 2523 2524 2525 2526 2527 2528 2529 2530 2531 2532 2533 2534 2535 2536 2537 2538 2539 2540 2541 2542 2543 2544 2545 2546 2547 2548 2549 2550 2551 2552 2553 2554 2555 2556 2557 2558 2559 2560 2561 2562 2563 2564 2565 2566 2567 2568 2569 2570 2571 2572 2573 2574 2575 2576 2577 2578 2579 2580 
CSEG_27-1
96
2677 2678 2679 2680 2681 2682 2683 2684 2685 2686 2687 2688 2689 2690 2691 2692 2693 2694 2695 2696 2697 2698 2699 2700 2701 2702 2703 2704 2705 2706 2707 2708 2709 2710 2711 2712 2713 2714 2715 2716 2717 2718 2719 2720 2721 2722 2723 2724 2725 2726 2727 2728 2729 2730 2731 2732 2733 2734 2735 2736 2737 2738 2739 2740 2741 2742 2743 2744 2745 2746 2747 2748 2749 2750 2751 2752 2753 2754 2755 2756 2757 2758 2759 2760 2761 2762 2763 2764 2765 2766 2767 2768 2769 2770 2771 2772 
CSEG_29-1
96
2869 2870 2871 2872 2873 2874 2875 2876 2877 2878 2879 2880 2881 2882 2883 2884 2885 2886 2887 2888 2889 2890 2891 2892 2893 2894 2895 2896 2897 2898 2899 2900 2901 2902 2903 2904 2905 2906 2907 2908 2909 2910 2911 2912 2913 2914 2915 2916 2917 2918 2919 2920 2921 2922 2923 2924 2925 2926 2927 2928 2929 2930 2931 2932 2933 2934 2935 2936 2937 2938 2939 2940 2941 2942 2943 2944 2945 2946 2947 2948 2949 2950 2951 2952 2953 2954 2955 2956 2957 2958 2959 2960 2961 2962 2963 2964 
CSEG_17-1
96
1717 1718 1719 1720 1721 1722 1723 1724 1725 1726 1727 1728 1729 1730 1731 1732 1733 1734 1735 1736 1737 1738 1739 1740 1741 1742 1743 1744 1745 1746 1747 1748 1749 1750 1751 1752 1753 1754 1755 1756 1757 1758 1759 1760 1761 1762 1763 1764 1765 1766 1767 1768 1769 1770 1771 1772 1773 1774 1775 1776 1777 1778 1779 1780 1781 1782 1783 1784 1785 1786 1787 1788 1789 1790 1791 1792 1793 1794 1795 1796 1797 1798 1799 1800 1801 1802 1803 1804 1805 1806 1807 1808 1809 1810 1811 1812 
CSEG_19-1
96
1909 1910 1911 1912 1913 1914 1915 1916 1917 1918 1919 1920 1921 1922 1923 1924 1925 1926 1927 1928 1929 1930 1931 1932 1933 1934 1935 1936 1937 1938 1939 1940 1941 1942 1943 1944 1945 1946 1947 1948 1949 1950 1951 1952 1953 1954 1955 1956 1957 1958 1959 1960 1961 1962 1963 1964 1965 1966 1967 1968 1969 1970 1971 1972 1973 1974 1975 1976 1977 1978 1979 1980 1981 1982 1983 1984 1985 1986 1987 1988 1989 1990 1991 1992 1993 1994 1995 1996 1997 1998 1999 2000 2001 2002 2003 2004 
CSEG_31-1
96
3061 3062 3063 3064 3065 3066 3067 3068 3069 3070 3071 3072 3073 3074 3075 3076 3077 3078 3079 3080 3081 3082 3083 3084 3085 3086 3087 3088 3089 3090 3091 3092 3093 3094 3095 3096 3097 3098 3099 3100 3101 3102 3103 3104 3105 3106 3107 3108 3109 3110 3111 3112 3113 3114 3115 3116 3117 3118 3119 3120 3121 3122 3123 3124 3125 3126 3127 3128 3129 3130 3131 3132 3133 3134 3135 3136 3137 3138 3139 3140 3141 3142 3143 3144 3145 3146 3147 3148 3149 3150 3151 3152 3153 3154 3155 3156 
0
SET_SSEG_ALL_ACTIVE
0
1
0
4
SSEG_01-1
96
631436 631437 631438 631439 631440 631441 631442 631443 631444 631445 631446 631447 631448 631449 631450 631451 631452 631453 631454 631455 631456 631457 631458 631459 631460 631461 631462 631463 631464 631465 631466 631467 631468 631469 631470 631471 631472 631473 631474 631475 631476 631477 631478 631479 631480 631481 631482 631483 631484 631485 631486 631487 631488 631489 631490 631491 631492 631493 631494 631495 631496 631497 631498 631499 631500 631501 631502 631503 631504 631505 631506 631507 631508 631509 631510 631511 631512 631513 631514 631515 631516 631517 631518 631519 631520 631521 631522 631523 631524 631525 631526 631527 631528 631529 631530 631531 
SSEG_02-1
96
631532 631533 631534 631535 631536 631537 631538 631539 631540 631541 631542 631543 631544 631545 631546 631547 631548 631549 631550 631551 631552 631553 631554 631555 631556 631557 631558 631559 631560 631561 631562 631563 631564 631565 631566 631567 631568 631569 631570 631571 631572 631573 631574 631575 631576 631577 631578 631579 631580 631581 631582 631583 631584 631585 631586 631587 631588 631589 631590 631591 631592 631593 631594 631595 631596 631597 631598 631599 631600 631601 631602 631603 631604 631605 631606 631607 631608 631609 631610 631611 631612 631613 631614 631615 631616 631617 631618 631619 631620 631621 631622 631623 631624 631625 631626 631627 
SSEG_03-1
96
631628 631629 631630 631631 631632 631633 631634 631635 631636 631637 631638 631639 631640 631641 631642 631643 631644 631645 631646 631647 631648 631649 631650 631651 631652 631653 631654 631655 631656 631657 631658 631659 631660 631661 631662 631663 631664 631665 631666 631667 631668 631669 631670 631671 631672 631673 631674 631675 631676 631677 631678 631679 631680 631681 631682 631683 631684 631685 631686 631687 631688 631689 631690 631691 631692 631693 631694 631695 631696 631697 631698 631699 631700 631701 631702 631703 631704 631705 631706 631707 631708 631709 631710 631711 631712 631713 631714 631715 631716 631717 631718 631719 631720 631721 631722 631723 
SSEG_04-1
96
631724 631725 631726 631727 631728 631729 631730 631731 631732 631733 631734 631735 631736 631737 631738 631739 631740 631741 631742 631743 631744 631745 631746 631747 631748 631749 631750 631751 631752 631753 631754 631755 631756 631757 631758 631759 631760 631761 631762 631763 631764 631765 631766 631767 631768 631769 631770 631771 631772 631773 631774 631775 631776 631777 631778 631779 631780 631781 631782 631783 631784 631785 631786 631787 631788 631789 631790 631791 631792 631793 631794 631795 631796 631797 631798 631799 631800 631801 631802 631803 631804 631805 631806 631807 631808 631809 631810 631811 631812 631813 631814 631815 631816 631817 631818 631819 
0
SET_TOWER_BASE
0
1
0
1
CSEG_01-1
48
181 183 185 187 189 191 193 195 197 199 201 203 205 207 209 211 213 215 217 219 221 223 225 227 229 231 233 235 237 239 241 243 245 247 249 251 253 255 257 259 261 263 265 267 269 271 273 275 
0
SET_TOWER_TOP
0
1
0
1
SSEG_04-1
24
631727 631731 631735 631739 631743 631747 631751 631755 631759 631763 631767 631771 631775 631779 631783 631787 631791 631795 631799 631803 631807 631811 631815 631819 
0
SPR_J01_DOF1-SPRING
0
1
1
1 
0
0
SPR_J01_DOF2-SPRING
0
1
1
2 
0
0
SPR_J01_DOF3-SPRING
0
1
1
3 
0
0
SPR_J01_DOF4-SPRING
0
1
1
4 
0
0
SPR_J01_DOF5-SPRING
0
1
1
5 
0
0
SPR_J01_DOF6-SPRING
0
1
1
6 
0
0
SPR_J02_DOF1-SPRING
0
1
1
7 
0
0
SPR_J02_DOF2-SPRING
0
1
1
8 
0
0
SPR_J02_DOF3-SPRING
0
1
1
9 
0
0
SPR_J02_DOF4-SPRING
0
1
1
10 
0
0
SPR_J02_DOF5-SPRING
0
1
1
11 
0
0
SPR_J02_DOF6-SPRING
0
1
1
12 
0
0
SPR_J03_DOF1-SPRING
0
1
1
13 
0
0
SPR_J03_DOF2-SPRING
0
1
1
14 
0
0
SPR_J03_DOF3-SPRING
0
1
1
15 
0
0
SPR_J03_DOF4-SPRING
0
1
1
16 
0
0
SPR_J03_DOF5-SPRING
0
1
1
17 
0
0
SPR_J03_DOF6-SPRING
0
1
1
18 
0
0
SPR_J04_DOF1-SPRING
0
1
1
19 
0
0
SPR_J04_DOF2-SPRING
0
1
1
20 
0
0
SPR_J04_DOF3-SPRING
0
1
1
21 
0
0
SPR_J04_DOF4-SPRING
0
1
1
22 
0
0
SPR_J04_DOF5-SPRING
0
1
1
23 
0
0
SPR_J04_DOF6-SPRING
0
1
1
24 
0
0
SPR_J05_DOF1-SPRING
0
1
1
25 
0
0
SPR_J05_DOF2-SPRING
0
1
1
26 
0
0
SPR_J05_DOF3-SPRING
0
1
1
27 
0
0
SPR_J05_DOF4-SPRING
0
1
1
28 
0
0
SPR_J05_DOF5-SPRING
0
1
1
29 
0
0
SPR_J05_DOF6-SPRING
0
1
1
30 
0
0
SPR_J06_DOF1-SPRING
0
1
1
31 
0
0
SPR_J06_DOF2-SPRING
0
1
1
32 
0
0
SPR_J06_DOF3-SPRING
0
1
1
33 
0
0
SPR_J06_DOF4-SPRING
0
1
1
34 
0
0
SPR_J06_DOF5-SPRING
0
1
1
35 
0
0
SPR_J06_DOF6-SPRING
0
1
1
36 
0
0
SPR_J07_DOF1-SPRING
0
1
1
37 
0
0
SPR_J07_DOF2-SPRING
0
1
1
38 
0
0
SPR_J07_DOF3-SPRING
0
1
1
39 
0
0
SPR_J07_DOF4-SPRING
0
1
1
40 
0
0
SPR_J07_DOF5-SPRING
0
1
1
41 
0
0
SPR_J07_DOF6-SPRING
0
1
1
42 
0
0
SPR_J08_DOF1-SPRING
0
1
1
43 
0
0
SPR_J08_DOF2-SPRING
0
1
1
44 
0
0
SPR_J08_DOF3-SPRING
0
1
1
45 
0
0
SPR_J08_DOF4-SPRING
0
1
1
46 
0
0
SPR_J08_DOF5-SPRING
0
1
1
47 
0
0
SPR_J08_DOF6-SPRING
0
1
1
48 
0
0
SPR_J09_DOF1-SPRING
0
1
1
49 
0
0
SPR_J09_DOF2-SPRING
0
1
1
50 
0
0
SPR_J09_DOF3-SPRING
0
1
1
51 
0
0
SPR_J09_DOF4-SPRING
0
1
1
52 
0
0
SPR_J09_DOF5-SPRING
0
1
1
53 
0
0
SPR_J09_DOF6-SPRING
0
1
1
54 
0
0
SPR_J10_DOF1-SPRING
0
1
1
55 
0
0
SPR_J10_DOF2-SPRING
0
1
1
56 
0
0
SPR_J10_DOF3-SPRING
0
1
1
57 
0
0
SPR_J10_DOF4-SPRING
0
1
1
58 
0
0
SPR_J10_DOF5-SPRING
0
1
1
59 
0
0
SPR_J10_DOF6-SPRING
0
1
1
60 
0
0
SPR_J11_DOF1-SPRING
0
1
1
61 
0
0
SPR_J11_DOF2-SPRING
0
1
1
62 
0
0
SPR_J11_DOF3-SPRING
0
1
1
63 
0
0
SPR_J11_DOF4-SPRING
0
1
1
64 
0
0
SPR_J11_DOF5-SPRING
0
1
1
65 
0
0
SPR_J11_DOF6-SPRING
0
1
1
66 
0
0
SPR_J12_DOF1-SPRING
0
1
1
67 
0
0
SPR_J12_DOF2-SPRING
0
1
1
68 
0
0
SPR_J12_DOF3-SPRING
0
1
1
69 
0
0
SPR_J12_DOF4-SPRING
0
1
1
70 
0
0
SPR_J12_DOF5-SPRING
0
1
1
71 
0
0
SPR_J12_DOF6-SPRING
0
1
1
72 
0
0
SPR_J13_DOF1-SPRING
0
1
1
73 
0
0
SPR_J13_DOF2-SPRING
0
1
1
74 
0
0
SPR_J13_DOF3-SPRING
0
1
1
75 
0
0
SPR_J13_DOF4-SPRING
0
1
1
76 
0
0
SPR_J13_DOF5-SPRING
0
1
1
77 
0
0
SPR_J13_DOF6-SPRING
0
1
1
78 
0
0
SPR_J14_DOF1-SPRING
0
1
1
79 
0
0
SPR_J14_DOF2-SPRING
0
1
1
80 
0
0
SPR_J14_DOF3-SPRING
0
1
1
81 
0
0
SPR_J14_DOF4-SPRING
0
1
1
82 
0
0
SPR_J14_DOF5-SPRING
0
1
1
83 
0
0
SPR_J14_DOF6-SPRING
0
1
1
84 
0
0
SPR_J15_DOF1-SPRING
0
1
1
85 
0
0
SPR_J15_DOF2-SPRING
0
1
1
86 
0
0
SPR_J15_DOF3-SPRING
0
1
1
87 
0
0
SPR_J15_DOF4-SPRING
0
1
1
88 
0
0
SPR_J15_DOF5-SPRING
0
1
1
89 
0
0
SPR_J15_DOF6-SPRING
0
1
1
90 
0
0
SPR_J16_DOF1-SPRING
0
1
1
91 
0
0
SPR_J16_DOF2-SPRING
0
1
1
92 
0
0
SPR_J16_DOF3-SPRING
0
1
1
93 
0
0
SPR_J16_DOF4-SPRING
0
1
1
94 
0
0
SPR_J16_DOF5-SPRING
0
1
1
95 
0
0
SPR_J16_DOF6-SPRING
0
1
1
96 
0
0
SPR_J17_DOF1-SPRING
0
1
1
97 
0
0
SPR_J17_DOF2-SPRING
0
1
1
98 
0
0
SPR_J17_DOF3-SPRING
0
1
1
99 
0
0
SPR_J17_DOF4-SPRING
0
1
1
100 
0
0
SPR_J17_DOF5-SPRING
0
1
1
101 
0
0
SPR_J17_DOF6-SPRING
0
1
1
102 
0
0
SPR_J18_DOF1-SPRING
0
1
1
103 
0
0
SPR_J18_DOF2-SPRING
0
1
1
104 
0
0
SPR_J18_DOF3-SPRING
0
1
1
105 
0
0
SPR_J18_DOF4-SPRING
0
1
1
106 
0
0
SPR_J18_DOF5-SPRING
0
1
1
107 
0
0
SPR_J18_DOF6-SPRING
0
1
1
108 
0
0
SPR_J19_DOF1-SPRING
0
1
1
109 
0
0
SPR_J19_DOF2-SPRING
0
1
1
110 
0
0
SPR_J19_DOF3-SPRING
0
1
1
111 
0
0
SPR_J19_DOF4-SPRING
0
1
1
112 
0
0
SPR_J19_DOF5-SPRING
0
1
1
113 
0
0
SPR_J19_DOF6-SPRING
0
1
1
114 
0
0
SPR_J20_DOF1-SPRING
0
1
1
115 
0
0
SPR_J20_DOF2-SPRING
0
1
1
116 
0
0
SPR_J20_DOF3-SPRING
0
1
1
117 
0
0
SPR_J20_DOF4-SPRING
0
1
1
118 
0
0
SPR_J20_DOF5-SPRING
0
1
1
119 
0
0
SPR_J20_DOF6-SPRING
0
1
1
120 
0
0
SPR_J21_DOF1-SPRING
0
1
1
121 
0
0
SPR_J21_DOF2-SPRING
0
1
1
122 
0
0
SPR_J21_DOF3-SPRING
0
1
1
123 
0
0
SPR_J21_DOF4-SPRING
0
1
1
124 
0
0
SPR_J21_DOF5-SPRING
0
1
1
125 
0
0
SPR_J21_DOF6-SPRING
0
1
1
126 
0
0
SPR_J22_DOF1-SPRING
0
1
1
127 
0
0
SPR_J22_DOF2-SPRING
0
1
1
128 
0
0
SPR_J22_DOF3-SPRING
0
1
1
129 
0
0
SPR_J22_DOF4-SPRING
0
1
1
130 
0
0
SPR_J22_DOF5-SPRING
0
1
1
131 
0
0
SPR_J22_DOF6-SPRING
0
1
1
132 
0
0
SPR_J23_DOF1-SPRING
0
1
1
133 
0
0
SPR_J23_DOF2-SPRING
0
1
1
134 
0
0
SPR_J23_DOF3-SPRING
0
1
1
135 
0
0
SPR_J23_DOF4-SPRING
0
1
1
136 
0
0
SPR_J23_DOF5-SPRING
0
1
1
137 
0
0
SPR_J23_DOF6-SPRING
0
1
1
138 
0
0
SPR_J24_DOF1-SPRING
0
1
1
139 
0
0
SPR_J24_DOF2-SPRING
0
1
1
140 
0
0
SPR_J24_DOF3-SPRING
0
1
1
141 
0
0
SPR_J24_DOF4-SPRING
0
1
1
142 
0
0
SPR_J24_DOF5-SPRING
0
1
1
143 
0
0
SPR_J24_DOF6-SPRING
0
1
1
144 
0
0
SPR_J25_DOF1-SPRING
0
1
1
145 
0
0
SPR_J25_DOF2-SPRING
0
1
1
146 
0
0
SPR_J25_DOF3-SPRING
0
1
1
147 
0
0
SPR_J25_DOF4-SPRING
0
1
1
148 
0
0
SPR_J25_DOF5-SPRING
0
1
1
149 
0
0
SPR_J25_DOF6-SPRING
0
1
1
150 
0
0
SPR_J26_DOF1-SPRING
0
1
1
151 
0
0
SPR_J26_DOF2-SPRING
0
1
1
152 
0
0
SPR_J26_DOF3-SPRING
0
1
1
153 
0
0
SPR_J26_DOF4-SPRING
0
1
1
154 
0
0
SPR_J26_DOF5-SPRING
0
1
1
155 
0
0
SPR_J26_DOF6-SPRING
0
1
1
156 
0
0
SPR_J27_DOF1-SPRING
0
1
1
157 
0
0
SPR_J27_DOF2-SPRING
0
1
1
158 
0
0
SPR_J27_DOF3-SPRING
0
1
1
159 
0
0
SPR_J27_DOF4-SPRING
0
1
1
160 
0
0
SPR_J27_DOF5-SPRING
0
1
1
161 
0
0
SPR_J27_DOF6-SPRING
0
1
1
162 
0
0
SPR_J28_DOF1-SPRING
0
1
1
163 
0
0
SPR_J28_DOF2-SPRING
0
1
1
164 
0
0
SPR_J28_DOF3-SPRING
0
1
1
165 
0
0
SPR_J28_DOF4-SPRING
0
1
1
166 
0
0
SPR_J28_DOF5-SPRING
0
1
1
167 
0
0
SPR_J28_DOF6-SPRING
0
1
1
168 
0
0
SPR_J29_DOF1-SPRING
0
1
1
169 
0
0
SPR_J29_DOF2-SPRING
0
1
1
170 
0
0
SPR_J29_DOF3-SPRING
0
1
1
171 
0
0
SPR_J29_DOF4-SPRING
0
1
1
172 
0
0
SPR_J29_DOF5-SPRING
0
1
1
173 
0
0
SPR_J29_DOF6-SPRING
0
1
1
174 
0
0
SPR_J30_DOF1-SPRING
0
1
1
175 
0
0
SPR_J30_DOF2-SPRING
0
1
1
176 
0
0
SPR_J30_DOF3-SPRING
0
1
1
177 
0
0
SPR_J30_DOF4-SPRING
0
1
1
178 
0
0
SPR_J30_DOF5-SPRING
0
1
1
179 
0
0
SPR_J30_DOF6-SPRING
0
1
1
180 
0
0
68
CSEG_01-1
7
 P       1
0
2
96
181 182 183 184 185 186 187 188 189 190 191 192 193 194 195 196 197 198 199 200 201 202 203 204 205 206 207 208 209 210 211 212 213 214 215 216 217 218 219 220 221 222 223 224 225 226 227 228 229 230 231 232 233 234 235 236 237 238 239 240 241 242 243 244 245 246 247 248 249 250 251 252 253 254 255 256 257 258 259 260 261 262 263 264 265 266 267 268 269 270 271 272 273 274 275 276 
0
0
 P       1SET_CSEG_ALL_ACTIVE
0
2
96
181 182 183 184 185 186 187 188 189 190 191 192 193 194 195 196 197 198 199 200 201 202 203 204 205 206 207 208 209 210 211 212 213 214 215 216 217 218 219 220 221 222 223 224 225 226 227 228 229 230 231 232 233 234 235 236 237 238 239 240 241 242 243 244 245 246 247 248 249 250 251 252 253 254 255 256 257 258 259 260 261 262 263 264 265 266 267 268 269 270 271 272 273 274 275 276 
0
0
FACE_BOTTOM
0
1
48
181 183 185 187 189 191 193 195 197 199 201 203 205 207 209 211 213 215 217 219 221 223 225 227 229 231 233 235 237 239 241 243 245 247 249 251 253 255 257 259 261 263 265 267 269 271 273 275 
0
0
FACE_TOP
0
1
48
182 184 186 188 190 192 194 196 198 200 202 204 206 208 210 212 214 216 218 220 222 224 226 228 230 232 234 236 238 240 242 244 246 248 250 252 254 256 258 260 262 264 266 268 270 272 274 276 
0
0
SET_ALL
0
1
96
181 182 183 184 185 186 187 188 189 190 191 192 193 194 195 196 197 198 199 200 201 202 203 204 205 206 207 208 209 210 211 212 213 214 215 216 217 218 219 220 221 222 223 224 225 226 227 228 229 230 231 232 233 234 235 236 237 238 239 240 241 242 243 244 245 246 247 248 249 250 251 252 253 254 255 256 257 258 259 260 261 262 263 264 265 266 267 268 269 270 271 272 273 274 275 276 
0
0
_SURF_BOTTOM_S6
0
2
48
181 183 185 187 189 191 193 195 197 199 201 203 205 207 209 211 213 215 217 219 221 223 225 227 229 231 233 235 237 239 241 243 245 247 249 251 253 255 257 259 261 263 265 267 269 271 273 275 
0
0
_SURF_TOP_S4
0
2
48
182 184 186 188 190 192 194 196 198 200 202 204 206 208 210 212 214 216 218 220 222 224 226 228 230 232 234 236 238 240 242 244 246 248 250 252 254 256 258 260 262 264 266 268 270 272 274 276 
0
0
0
RBLONG_01-1
2
 P      42
0
2
216
625996 625997 625998 625999 626000 626001 626002 626003 626004 626005 626006 626007 626008 626009 626010 626011 626012 626013 626014 626015 626016 626017 626018 626019 626020 626021 626022 626023 626024 626025 626026 626027 626028 626029 626030 626031 626032 626033 626034 626035 626036 626037 626038 626039 626040 626041 626042 626043 626044 626045 626046 626047 626048 626049 626050 626051 626052 626053 626054 626055 626056 626057 626058 626059 626060 626061 626062 626063 626064 626065 626066 626067 626068 626069 626070 626071 626072 626073 626074 626075 626076 626077 626078 626079 626080 626081 626082 626083 626084 626085 626086 626087 626088 626089 626090 626091 626092 626093 626094 626095 626096 626097 626098 626099 626100 626101 626102 626103 626104 626105 626106 626107 626108 626109 626110 626111 626112 626113 626114 626115 626116 626117 626118 626119 626120 626121 626122 626123 626124 626125 626126 626127 626128 626129 626130 626131 626132 626133 626134 626135 626136 626137 626138 626139 626140 626141 626142 626143 626144 626145 626146 626147 626148 626149 626150 626151 626152 626153 626154 626155 626156 626157 626158 626159 626160 626161 626162 626163 626164 626165 626166 626167 626168 626169 626170 626171 626172 626173 626174 626175 626176 626177 626178 626179 626180 626181 626182 626183 626184 626185 626186 626187 626188 626189 626190 626191 626192 626193 626194 626195 626196 626197 626198 626199 626200 626201 626202 626203 626204 626205 626206 626207 626208 626209 626210 626211 
0
0
SET_ALL
0
1
216
625996 625997 625998 625999 626000 626001 626002 626003 626004 626005 626006 626007 626008 626009 626010 626011 626012 626013 626014 626015 626016 626017 626018 626019 626020 626021 626022 626023 626024 626025 626026 626027 626028 626029 626030 626031 626032 626033 626034 626035 626036 626037 626038 626039 626040 626041 626042 626043 626044 626045 626046 626047 626048 626049 626050 626051 626052 626053 626054 626055 626056 626057 626058 626059 626060 626061 626062 626063 626064 626065 626066 626067 626068 626069 626070 626071 626072 626073 626074 626075 626076 626077 626078 626079 626080 626081 626082 626083 626084 626085 626086 626087 626088 626089 626090 626091 626092 626093 626094 626095 626096 626097 626098 626099 626100 626101 626102 626103 626104 626105 626106 626107 626108 626109 626110 626111 626112 626113 626114 626115 626116 626117 626118 626119 626120 626121 626122 626123 626124 626125 626126 626127 626128 626129 626130 626131 626132 626133 626134 626135 626136 626137 626138 626139 626140 626141 626142 626143 626144 626145 626146 626147 626148 626149 626150 626151 626152 626153 626154 626155 626156 626157 626158 626159 626160 626161 626162 626163 626164 626165 626166 626167 626168 626169 626170 626171 626172 626173 626174 626175 626176 626177 626178 626179 626180 626181 626182 626183 626184 626185 626186 626187 626188 626189 626190 626191 626192 626193 626194 626195 626196 626197 626198 626199 626200 626201 626202 626203 626204 626205 626206 626207 626208 626209 626210 626211 
0
0
0

1
 P       0
0
2
180
1 2 3 4 5 6 7 8 9 10 11 12 13 14 15 16 17 18 19 20 21 22 23 24 25 26 27 28 29 30 31 32 33 34 35 36 37 38 39 40 41 42 43 44 45 46 47 48 49 50 51 52 53 54 55 56 57 58 59 60 61 62 63 64 65 66 67 68 69 70 71 72 73 74 75 76 77 78 79 80 81 82 83 84 85 86 87 88 89 90 91 92 93 94 95 96 97 98 99 100 101 102 103 104 105 106 107 108 109 110 111 112 113 114 115 116 117 118 119 120 121 122 123 124 125 126 127 128 129 130 131 132 133 134 135 136 137 138 139 140 141 142 143 144 145 146 147 148 149 150 151 152 153 154 155 156 157 158 159 160 161 162 163 164 165 166 167 168 169 170 171 172 173 174 175 176 177 178 179 180 
0
0
0
RBLONG_02-1
2
 P      43
0
2
216
626212 626213 626214 626215 626216 626217 626218 626219 626220 626221 626222 626223 626224 626225 626226 626227 626228 626229 626230 626231 626232 626233 626234 626235 626236 626237 626238 626239 626240 626241 626242 626243 626244 626245 626246 626247 626248 626249 626250 626251 626252 626253 626254 626255 626256 626257 626258 626259 626260 626261 626262 626263 626264 626265 626266 626267 626268 626269 626270 626271 626272 626273 626274 626275 626276 626277 626278 626279 626280 626281 626282 626283 626284 626285 626286 626287 626288 626289 626290 626291 626292 626293 626294 626295 626296 626297 626298 626299 626300 626301 626302 626303 626304 626305 626306 626307 626308 626309 626310 626311 626312 626313 626314 626315 626316 626317 626318 626319 626320 626321 626322 626323 626324 626325 626326 626327 626328 626329 626330 626331 626332 626333 626334 626335 626336 626337 626338 626339 626340 626341 626342 626343 626344 626345 626346 626347 626348 626349 626350 626351 626352 626353 626354 626355 626356 626357 626358 626359 626360 626361 626362 626363 626364 626365 626366 626367 626368 626369 626370 626371 626372 626373 626374 626375 626376 626377 626378 626379 626380 626381 626382 626383 626384 626385 626386 626387 626388 626389 626390 626391 626392 626393 626394 626395 626396 626397 626398 626399 626400 626401 626402 626403 626404 626405 626406 626407 626408 626409 626410 626411 626412 626413 626414 626415 626416 626417 626418 626419 626420 626421 626422 626423 626424 626425 626426 626427 
0
0
SET_ALL
0
1
216
626212 626213 626214 626215 626216 626217 626218 626219 626220 626221 626222 626223 626224 626225 626226 626227 626228 626229 626230 626231 626232 626233 626234 626235 626236 626237 626238 626239 626240 626241 626242 626243 626244 626245 626246 626247 626248 626249 626250 626251 626252 626253 626254 626255 626256 626257 626258 626259 626260 626261 626262 626263 626264 626265 626266 626267 626268 626269 626270 626271 626272 626273 626274 626275 626276 626277 626278 626279 626280 626281 626282 626283 626284 626285 626286 626287 626288 626289 626290 626291 626292 626293 626294 626295 626296 626297 626298 626299 626300 626301 626302 626303 626304 626305 626306 626307 626308 626309 626310 626311 626312 626313 626314 626315 626316 626317 626318 626319 626320 626321 626322 626323 626324 626325 626326 626327 626328 626329 626330 626331 626332 626333 626334 626335 626336 626337 626338 626339 626340 626341 626342 626343 626344 626345 626346 626347 626348 626349 626350 626351 626352 626353 626354 626355 626356 626357 626358 626359 626360 626361 626362 626363 626364 626365 626366 626367 626368 626369 626370 626371 626372 626373 626374 626375 626376 626377 626378 626379 626380 626381 626382 626383 626384 626385 626386 626387 626388 626389 626390 626391 626392 626393 626394 626395 626396 626397 626398 626399 626400 626401 626402 626403 626404 626405 626406 626407 626408 626409 626410 626411 626412 626413 626414 626415 626416 626417 626418 626419 626420 626421 626422 626423 626424 626425 626426 626427 
0
0
0
RBLONG_03-1
2
 P      44
0
2
216
626428 626429 626430 626431 626432 626433 626434 626435 626436 626437 626438 626439 626440 626441 626442 626443 626444 626445 626446 626447 626448 626449 626450 626451 626452 626453 626454 626455 626456 626457 626458 626459 626460 626461 626462 626463 626464 626465 626466 626467 626468 626469 626470 626471 626472 626473 626474 626475 626476 626477 626478 626479 626480 626481 626482 626483 626484 626485 626486 626487 626488 626489 626490 626491 626492 626493 626494 626495 626496 626497 626498 626499 626500 626501 626502 626503 626504 626505 626506 626507 626508 626509 626510 626511 626512 626513 626514 626515 626516 626517 626518 626519 626520 626521 626522 626523 626524 626525 626526 626527 626528 626529 626530 626531 626532 626533 626534 626535 626536 626537 626538 626539 626540 626541 626542 626543 626544 626545 626546 626547 626548 626549 626550 626551 626552 626553 626554 626555 626556 626557 626558 626559 626560 626561 626562 626563 626564 626565 626566 626567 626568 626569 626570 626571 626572 626573 626574 626575 626576 626577 626578 626579 626580 626581 626582 626583 626584 626585 626586 626587 626588 626589 626590 626591 626592 626593 626594 626595 626596 626597 626598 626599 626600 626601 626602 626603 626604 626605 626606 626607 626608 626609 626610 626611 626612 626613 626614 626615 626616 626617 626618 626619 626620 626621 626622 626623 626624 626625 626626 626627 626628 626629 626630 626631 626632 626633 626634 626635 626636 626637 626638 626639 626640 626641 626642 626643 
0
0
SET_ALL
0
1
216
626428 626429 626430 626431 626432 626433 626434 626435 626436 626437 626438 626439 626440 626441 626442 626443 626444 626445 626446 626447 626448 626449 626450 626451 626452 626453 626454 626455 626456 626457 626458 626459 626460 626461 626462 626463 626464 626465 626466 626467 626468 626469 626470 626471 626472 626473 626474 626475 626476 626477 626478 626479 626480 626481 626482 626483 626484 626485 626486 626487 626488 626489 626490 626491 626492 626493 626494 626495 626496 626497 626498 626499 626500 626501 626502 626503 626504 626505 626506 626507 626508 626509 626510 626511 626512 626513 626514 626515 626516 626517 626518 626519 626520 626521 626522 626523 626524 626525 626526 626527 626528 626529 626530 626531 626532 626533 626534 626535 626536 626537 626538 626539 626540 626541 626542 626543 626544 626545 626546 626547 626548 626549 626550 626551 626552 626553 626554 626555 626556 626557 626558 626559 626560 626561 626562 626563 626564 626565 626566 626567 626568 626569 626570 626571 626572 626573 626574 626575 626576 626577 626578 626579 626580 626581 626582 626583 626584 626585 626586 626587 626588 626589 626590 626591 626592 626593 626594 626595 626596 626597 626598 626599 626600 626601 626602 626603 626604 626605 626606 626607 626608 626609 626610 626611 626612 626613 626614 626615 626616 626617 626618 626619 626620 626621 626622 626623 626624 626625 626626 626627 626628 626629 626630 626631 626632 626633 626634 626635 626636 626637 626638 626639 626640 626641 626642 626643 
0
0
0
RBLONG_04-1
2
 P      45
0
2
216
626644 626645 626646 626647 626648 626649 626650 626651 626652 626653 626654 626655 626656 626657 626658 626659 626660 626661 626662 626663 626664 626665 626666 626667 626668 626669 626670 626671 626672 626673 626674 626675 626676 626677 626678 626679 626680 626681 626682 626683 626684 626685 626686 626687 626688 626689 626690 626691 626692 626693 626694 626695 626696 626697 626698 626699 626700 626701 626702 626703 626704 626705 626706 626707 626708 626709 626710 626711 626712 626713 626714 626715 626716 626717 626718 626719 626720 626721 626722 626723 626724 626725 626726 626727 626728 626729 626730 626731 626732 626733 626734 626735 626736 626737 626738 626739 626740 626741 626742 626743 626744 626745 626746 626747 626748 626749 626750 626751 626752 626753 626754 626755 626756 626757 626758 626759 626760 626761 626762 626763 626764 626765 626766 626767 626768 626769 626770 626771 626772 626773 626774 626775 626776 626777 626778 626779 626780 626781 626782 626783 626784 626785 626786 626787 626788 626789 626790 626791 626792 626793 626794 626795 626796 626797 626798 626799 626800 626801 626802 626803 626804 626805 626806 626807 626808 626809 626810 626811 626812 626813 626814 626815 626816 626817 626818 626819 626820 626821 626822 626823 626824 626825 626826 626827 626828 626829 626830 626831 626832 626833 626834 626835 626836 626837 626838 626839 626840 626841 626842 626843 626844 626845 626846 626847 626848 626849 626850 626851 626852 626853 626854 626855 626856 626857 626858 626859 
0
0
SET_ALL
0
1
216
626644 626645 626646 626647 626648 626649 626650 626651 626652 626653 626654 626655 626656 626657 626658 626659 626660 626661 626662 626663 626664 626665 626666 626667 626668 626669 626670 626671 626672 626673 626674 626675 626676 626677 626678 626679 626680 626681 626682 626683 626684 626685 626686 626687 626688 626689 626690 626691 626692 626693 626694 626695 626696 626697 626698 626699 626700 626701 626702 626703 626704 626705 626706 626707 626708 626709 626710 626711 626712 626713 626714 626715 626716 626717 626718 626719 626720 626721 626722 626723 626724 626725 626726 626727 626728 626729 626730 626731 626732 626733 626734 626735 626736 626737 626738 626739 626740 626741 626742 626743 626744 626745 626746 626747 626748 626749 626750 626751 626752 626753 626754 626755 626756 626757 626758 626759 626760 626761 626762 626763 626764 626765 626766 626767 626768 626769 626770 626771 626772 626773 626774 626775 626776 626777 626778 626779 626780 626781 626782 626783 626784 626785 626786 626787 626788 626789 626790 626791 626792 626793 626794 626795 626796 626797 626798 626799 626800 626801 626802 626803 626804 626805 626806 626807 626808 626809 626810 626811 626812 626813 626814 626815 626816 626817 626818 626819 626820 626821 626822 626823 626824 626825 626826 626827 626828 626829 626830 626831 626832 626833 626834 626835 626836 626837 626838 626839 626840 626841 626842 626843 626844 626845 626846 626847 626848 626849 626850 626851 626852 626853 626854 626855 626856 626857 626858 626859 
0
0
0
RBLONG_05-1
2
 P      46
0
2
192
626860 626861 626862 626863 626864 626865 626866 626867 626868 626869 626870 626871 626872 626873 626874 626875 626876 626877 626878 626879 626880 626881 626882 626883 626884 626885 626886 626887 626888 626889 626890 626891 626892 626893 626894 626895 626896 626897 626898 626899 626900 626901 626902 626903 626904 626905 626906 626907 626908 626909 626910 626911 626912 626913 626914 626915 626916 626917 626918 626919 626920 626921 626922 626923 626924 626925 626926 626927 626928 626929 626930 626931 626932 626933 626934 626935 626936 626937 626938 626939 626940 626941 626942 626943 626944 626945 626946 626947 626948 626949 626950 626951 626952 626953 626954 626955 626956 626957 626958 626959 626960 626961 626962 626963 626964 626965 626966 626967 626968 626969 626970 626971 626972 626973 626974 626975 626976 626977 626978 626979 626980 626981 626982 626983 626984 626985 626986 626987 626988 626989 626990 626991 626992 626993 626994 626995 626996 626997 626998 626999 627000 627001 627002 627003 627004 627005 627006 627007 627008 627009 627010 627011 627012 627013 627014 627015 627016 627017 627018 627019 627020 627021 627022 627023 627024 627025 627026 627027 627028 627029 627030 627031 627032 627033 627034 627035 627036 627037 627038 627039 627040 627041 627042 627043 627044 627045 627046 627047 627048 627049 627050 627051 
0
0
SET_ALL
0
1
192
626860 626861 626862 626863 626864 626865 626866 626867 626868 626869 626870 626871 626872 626873 626874 626875 626876 626877 626878 626879 626880 626881 626882 626883 626884 626885 626886 626887 626888 626889 626890 626891 626892 626893 626894 626895 626896 626897 626898 626899 626900 626901 626902 626903 626904 626905 626906 626907 626908 626909 626910 626911 626912 626913 626914 626915 626916 626917 626918 626919 626920 626921 626922 626923 626924 626925 626926 626927 626928 626929 626930 626931 626932 626933 626934 626935 626936 626937 626938 626939 626940 626941 626942 626943 626944 626945 626946 626947 626948 626949 626950 626951 626952 626953 626954 626955 626956 626957 626958 626959 626960 626961 626962 626963 626964 626965 626966 626967 626968 626969 626970 626971 626972 626973 626974 626975 626976 626977 626978 626979 626980 626981 626982 626983 626984 626985 626986 626987 626988 626989 626990 626991 626992 626993 626994 626995 626996 626997 626998 626999 627000 627001 627002 627003 627004 627005 627006 627007 627008 627009 627010 627011 627012 627013 627014 627015 627016 627017 627018 627019 627020 627021 627022 627023 627024 627025 627026 627027 627028 627029 627030 627031 627032 627033 627034 627035 627036 627037 627038 627039 627040 627041 627042 627043 627044 627045 627046 627047 627048 627049 627050 627051 
0
0
0
RBLONG_06-1
2
 P      47
0
2
192
627052 627053 627054 627055 627056 627057 627058 627059 627060 627061 627062 627063 627064 627065 627066 627067 627068 627069 627070 627071 627072 627073 627074 627075 627076 627077 627078 627079 627080 627081 627082 627083 627084 627085 627086 627087 627088 627089 627090 627091 627092 627093 627094 627095 627096 627097 627098 627099 627100 627101 627102 627103 627104 627105 627106 627107 627108 627109 627110 627111 627112 627113 627114 627115 627116 627117 627118 627119 627120 627121 627122 627123 627124 627125 627126 627127 627128 627129 627130 627131 627132 627133 627134 627135 627136 627137 627138 627139 627140 627141 627142 627143 627144 627145 627146 627147 627148 627149 627150 627151 627152 627153 627154 627155 627156 627157 627158 627159 627160 627161 627162 627163 627164 627165 627166 627167 627168 627169 627170 627171 627172 627173 627174 627175 627176 627177 627178 627179 627180 627181 627182 627183 627184 627185 627186 627187 627188 627189 627190 627191 627192 627193 627194 627195 627196 627197 627198 627199 627200 627201 627202 627203 627204 627205 627206 627207 627208 627209 627210 627211 627212 627213 627214 627215 627216 627217 627218 627219 627220 627221 627222 627223 627224 627225 627226 627227 627228 627229 627230 627231 627232 627233 627234 627235 627236 627237 627238 627239 627240 627241 627242 627243 
0
0
SET_ALL
0
1
192
627052 627053 627054 627055 627056 627057 627058 627059 627060 627061 627062 627063 627064 627065 627066 627067 627068 627069 627070 627071 627072 627073 627074 627075 627076 627077 627078 627079 627080 627081 627082 627083 627084 627085 627086 627087 627088 627089 627090 627091 627092 627093 627094 627095 627096 627097 627098 627099 627100 627101 627102 627103 627104 627105 627106 627107 627108 627109 627110 627111 627112 627113 627114 627115 627116 627117 627118 627119 627120 627121 627122 627123 627124 627125 627126 627127 627128 627129 627130 627131 627132 627133 627134 627135 627136 627137 627138 627139 627140 627141 627142 627143 627144 627145 627146 627147 627148 627149 627150 627151 627152 627153 627154 627155 627156 627157 627158 627159 627160 627161 627162 627163 627164 627165 627166 627167 627168 627169 627170 627171 627172 627173 627174 627175 627176 627177 627178 627179 627180 627181 627182 627183 627184 627185 627186 627187 627188 627189 627190 627191 627192 627193 627194 627195 627196 627197 627198 627199 627200 627201 627202 627203 627204 627205 627206 627207 627208 627209 627210 627211 627212 627213 627214 627215 627216 627217 627218 627219 627220 627221 627222 627223 627224 627225 627226 627227 627228 627229 627230 627231 627232 627233 627234 627235 627236 627237 627238 627239 627240 627241 627242 627243 
0
0
0
RBLONG_08-1
2
 P      49
0
2
192
627436 627437 627438 627439 627440 627441 627442 627443 627444 627445 627446 627447 627448 627449 627450 627451 627452 627453 627454 627455 627456 627457 627458 627459 627460 627461 627462 627463 627464 627465 627466 627467 627468 627469 627470 627471 627472 627473 627474 627475 627476 627477 627478 627479 627480 627481 627482 627483 627484 627485 627486 627487 627488 627489 627490 627491 627492 627493 627494 627495 627496 627497 627498 627499 627500 627501 627502 627503 627504 627505 627506 627507 627508 627509 627510 627511 627512 627513 627514 627515 627516 627517 627518 627519 627520 627521 627522 627523 627524 627525 627526 627527 627528 627529 627530 627531 627532 627533 627534 627535 627536 627537 627538 627539 627540 627541 627542 627543 627544 627545 627546 627547 627548 627549 627550 627551 627552 627553 627554 627555 627556 627557 627558 627559 627560 627561 627562 627563 627564 627565 627566 627567 627568 627569 627570 627571 627572 627573 627574 627575 627576 627577 627578 627579 627580 627581 627582 627583 627584 627585 627586 627587 627588 627589 627590 627591 627592 627593 627594 627595 627596 627597 627598 627599 627600 627601 627602 627603 627604 627605 627606 627607 627608 627609 627610 627611 627612 627613 627614 627615 627616 627617 627618 627619 627620 627621 627622 627623 627624 627625 627626 627627 
0
0
SET_ALL
0
1
192
627436 627437 627438 627439 627440 627441 627442 627443 627444 627445 627446 627447 627448 627449 627450 627451 627452 627453 627454 627455 627456 627457 627458 627459 627460 627461 627462 627463 627464 627465 627466 627467 627468 627469 627470 627471 627472 627473 627474 627475 627476 627477 627478 627479 627480 627481 627482 627483 627484 627485 627486 627487 627488 627489 627490 627491 627492 627493 627494 627495 627496 627497 627498 627499 627500 627501 627502 627503 627504 627505 627506 627507 627508 627509 627510 627511 627512 627513 627514 627515 627516 627517 627518 627519 627520 627521 627522 627523 627524 627525 627526 627527 627528 627529 627530 627531 627532 627533 627534 627535 627536 627537 627538 627539 627540 627541 627542 627543 627544 627545 627546 627547 627548 627549 627550 627551 627552 627553 627554 627555 627556 627557 627558 627559 627560 627561 627562 627563 627564 627565 627566 627567 627568 627569 627570 627571 627572 627573 627574 627575 627576 627577 627578 627579 627580 627581 627582 627583 627584 627585 627586 627587 627588 627589 627590 627591 627592 627593 627594 627595 627596 627597 627598 627599 627600 627601 627602 627603 627604 627605 627606 627607 627608 627609 627610 627611 627612 627613 627614 627615 627616 627617 627618 627619 627620 627621 627622 627623 627624 627625 627626 627627 
0
0
0
RBLONG_20-1
2
 P      61
0
2
168
629596 629597 629598 629599 629600 629601 629602 629603 629604 629605 629606 629607 629608 629609 629610 629611 629612 629613 629614 629615 629616 629617 629618 629619 629620 629621 629622 629623 629624 629625 629626 629627 629628 629629 629630 629631 629632 629633 629634 629635 629636 629637 629638 629639 629640 629641 629642 629643 629644 629645 629646 629647 629648 629649 629650 629651 629652 629653 629654 629655 629656 629657 629658 629659 629660 629661 629662 629663 629664 629665 629666 629667 629668 629669 629670 629671 629672 629673 629674 629675 629676 629677 629678 629679 629680 629681 629682 629683 629684 629685 629686 629687 629688 629689 629690 629691 629692 629693 629694 629695 629696 629697 629698 629699 629700 629701 629702 629703 629704 629705 629706 629707 629708 629709 629710 629711 629712 629713 629714 629715 629716 629717 629718 629719 629720 629721 629722 629723 629724 629725 629726 629727 629728 629729 629730 629731 629732 629733 629734 629735 629736 629737 629738 629739 629740 629741 629742 629743 629744 629745 629746 629747 629748 629749 629750 629751 629752 629753 629754 629755 629756 629757 629758 629759 629760 629761 629762 629763 
0
0
SET_ALL
0
1
168
629596 629597 629598 629599 629600 629601 629602 629603 629604 629605 629606 629607 629608 629609 629610 629611 629612 629613 629614 629615 629616 629617 629618 629619 629620 629621 629622 629623 629624 629625 629626 629627 629628 629629 629630 629631 629632 629633 629634 629635 629636 629637 629638 629639 629640 629641 629642 629643 629644 629645 629646 629647 629648 629649 629650 629651 629652 629653 629654 629655 629656 629657 629658 629659 629660 629661 629662 629663 629664 629665 629666 629667 629668 629669 629670 629671 629672 629673 629674 629675 629676 629677 629678 629679 629680 629681 629682 629683 629684 629685 629686 629687 629688 629689 629690 629691 629692 629693 629694 629695 629696 629697 629698 629699 629700 629701 629702 629703 629704 629705 629706 629707 629708 629709 629710 629711 629712 629713 629714 629715 629716 629717 629718 629719 629720 629721 629722 629723 629724 629725 629726 629727 629728 629729 629730 629731 629732 629733 629734 629735 629736 629737 629738 629739 629740 629741 629742 629743 629744 629745 629746 629747 629748 629749 629750 629751 629752 629753 629754 629755 629756 629757 629758 629759 629760 629761 629762 629763 
0
0
0
RBLONG_22-1
2
 P      63
0
2
152
629916 629917 629918 629919 629920 629921 629922 629923 629924 629925 629926 629927 629928 629929 629930 629931 629932 629933 629934 629935 629936 629937 629938 629939 629940 629941 629942 629943 629944 629945 629946 629947 629948 629949 629950 629951 629952 629953 629954 629955 629956 629957 629958 629959 629960 629961 629962 629963 629964 629965 629966 629967 629968 629969 629970 629971 629972 629973 629974 629975 629976 629977 629978 629979 629980 629981 629982 629983 629984 629985 629986 629987 629988 629989 629990 629991 629992 629993 629994 629995 629996 629997 629998 629999 630000 630001 630002 630003 630004 630005 630006 630007 630008 630009 630010 630011 630012 630013 630014 630015 630016 630017 630018 630019 630020 630021 630022 630023 630024 630025 630026 630027 630028 630029 630030 630031 630032 630033 630034 630035 630036 630037 630038 630039 630040 630041 630042 630043 630044 630045 630046 630047 630048 630049 630050 630051 630052 630053 630054 630055 630056 630057 630058 630059 630060 630061 630062 630063 630064 630065 630066 630067 
0
0
SET_ALL
0
1
152
629916 629917 629918 629919 629920 629921 629922 629923 629924 629925 629926 629927 629928 629929 629930 629931 629932 629933 629934 629935 629936 629937 629938 629939 629940 629941 629942 629943 629944 629945 629946 629947 629948 629949 629950 629951 629952 629953 629954 629955 629956 629957 629958 629959 629960 629961 629962 629963 629964 629965 629966 629967 629968 629969 629970 629971 629972 629973 629974 629975 629976 629977 629978 629979 629980 629981 629982 629983 629984 629985 629986 629987 629988 629989 629990 629991 629992 629993 629994 629995 629996 629997 629998 629999 630000 630001 630002 630003 630004 630005 630006 630007 630008 630009 630010 630011 630012 630013 630014 630015 630016 630017 630018 630019 630020 630021 630022 630023 630024 630025 630026 630027 630028 630029 630030 630031 630032 630033 630034 630035 630036 630037 630038 630039 630040 630041 630042 630043 630044 630045 630046 630047 630048 630049 630050 630051 630052 630053 630054 630055 630056 630057 630058 630059 630060 630061 630062 630063 630064 630065 630066 630067 
0
0
0
RBLONG_24-1
2
 P      65
0
2
152
630220 630221 630222 630223 630224 630225 630226 630227 630228 630229 630230 630231 630232 630233 630234 630235 630236 630237 630238 630239 630240 630241 630242 630243 630244 630245 630246 630247 630248 630249 630250 630251 630252 630253 630254 630255 630256 630257 630258 630259 630260 630261 630262 630263 630264 630265 630266 630267 630268 630269 630270 630271 630272 630273 630274 630275 630276 630277 630278 630279 630280 630281 630282 630283 630284 630285 630286 630287 630288 630289 630290 630291 630292 630293 630294 630295 630296 630297 630298 630299 630300 630301 630302 630303 630304 630305 630306 630307 630308 630309 630310 630311 630312 630313 630314 630315 630316 630317 630318 630319 630320 630321 630322 630323 630324 630325 630326 630327 630328 630329 630330 630331 630332 630333 630334 630335 630336 630337 630338 630339 630340 630341 630342 630343 630344 630345 630346 630347 630348 630349 630350 630351 630352 630353 630354 630355 630356 630357 630358 630359 630360 630361 630362 630363 630364 630365 630366 630367 630368 630369 630370 630371 
0
0
SET_ALL
0
1
152
630220 630221 630222 630223 630224 630225 630226 630227 630228 630229 630230 630231 630232 630233 630234 630235 630236 630237 630238 630239 630240 630241 630242 630243 630244 630245 630246 630247 630248 630249 630250 630251 630252 630253 630254 630255 630256 630257 630258 630259 630260 630261 630262 630263 630264 630265 630266 630267 630268 630269 630270 630271 630272 630273 630274 630275 630276 630277 630278 630279 630280 630281 630282 630283 630284 630285 630286 630287 630288 630289 630290 630291 630292 630293 630294 630295 630296 630297 630298 630299 630300 630301 630302 630303 630304 630305 630306 630307 630308 630309 630310 630311 630312 630313 630314 630315 630316 630317 630318 630319 630320 630321 630322 630323 630324 630325 630326 630327 630328 630329 630330 630331 630332 630333 630334 630335 630336 630337 630338 630339 630340 630341 630342 630343 630344 630345 630346 630347 630348 630349 630350 630351 630352 630353 630354 630355 630356 630357 630358 630359 630360 630361 630362 630363 630364 630365 630366 630367 630368 630369 630370 630371 
0
0
0
RBLONG_26-1
2
 P      67
0
2
152
630524 630525 630526 630527 630528 630529 630530 630531 630532 630533 630534 630535 630536 630537 630538 630539 630540 630541 630542 630543 630544 630545 630546 630547 630548 630549 630550 630551 630552 630553 630554 630555 630556 630557 630558 630559 630560 630561 630562 630563 630564 630565 630566 630567 630568 630569 630570 630571 630572 630573 630574 630575 630576 630577 630578 630579 630580 630581 630582 630583 630584 630585 630586 630587 630588 630589 630590 630591 630592 630593 630594 630595 630596 630597 630598 630599 630600 630601 630602 630603 630604 630605 630606 630607 630608 630609 630610 630611 630612 630613 630614 630615 630616 630617 630618 630619 630620 630621 630622 630623 630624 630625 630626 630627 630628 630629 630630 630631 630632 630633 630634 630635 630636 630637 630638 630639 630640 630641 630642 630643 630644 630645 630646 630647 630648 630649 630650 630651 630652 630653 630654 630655 630656 630657 630658 630659 630660 630661 630662 630663 630664 630665 630666 630667 630668 630669 630670 630671 630672 630673 630674 630675 
0
0
SET_ALL
0
1
152
630524 630525 630526 630527 630528 630529 630530 630531 630532 630533 630534 630535 630536 630537 630538 630539 630540 630541 630542 630543 630544 630545 630546 630547 630548 630549 630550 630551 630552 630553 630554 630555 630556 630557 630558 630559 630560 630561 630562 630563 630564 630565 630566 630567 630568 630569 630570 630571 630572 630573 630574 630575 630576 630577 630578 630579 630580 630581 630582 630583 630584 630585 630586 630587 630588 630589 630590 630591 630592 630593 630594 630595 630596 630597 630598 630599 630600 630601 630602 630603 630604 630605 630606 630607 630608 630609 630610 630611 630612 630613 630614 630615 630616 630617 630618 630619 630620 630621 630622 630623 630624 630625 630626 630627 630628 630629 630630 630631 630632 630633 630634 630635 630636 630637 630638 630639 630640 630641 630642 630643 630644 630645 630646 630647 630648 630649 630650 630651 630652 630653 630654 630655 630656 630657 630658 630659 630660 630661 630662 630663 630664 630665 630666 630667 630668 630669 630670 630671 630672 630673 630674 630675 
0
0
0
RBLONG_28-1
2
 P      69
0
2
152
630828 630829 630830 630831 630832 630833 630834 630835 630836 630837 630838 630839 630840 630841 630842 630843 630844 630845 630846 630847 630848 630849 630850 630851 630852 630853 630854 630855 630856 630857 630858 630859 630860 630861 630862 630863 630864 630865 630866 630867 630868 630869 630870 630871 630872 630873 630874 630875 630876 630877 630878 630879 630880 630881 630882 630883 630884 630885 630886 630887 630888 630889 630890 630891 630892 630893 630894 630895 630896 630897 630898 630899 630900 630901 630902 630903 630904 630905 630906 630907 630908 630909 630910 630911 630912 630913 630914 630915 630916 630917 630918 630919 630920 630921 630922 630923 630924 630925 630926 630927 630928 630929 630930 630931 630932 630933 630934 630935 630936 630937 630938 630939 630940 630941 630942 630943 630944 630945 630946 630947 630948 630949 630950 630951 630952 630953 630954 630955 630956 630957 630958 630959 630960 630961 630962 630963 630964 630965 630966 630967 630968 630969 630970 630971 630972 630973 630974 630975 630976 630977 630978 630979 
0
0
SET_ALL
0
1
152
630828 630829 630830 630831 630832 630833 630834 630835 630836 630837 630838 630839 630840 630841 630842 630843 630844 630845 630846 630847 630848 630849 630850 630851 630852 630853 630854 630855 630856 630857 630858 630859 630860 630861 630862 630863 630864 630865 630866 630867 630868 630869 630870 630871 630872 630873 630874 630875 630876 630877 630878 630879 630880 630881 630882 630883 630884 630885 630886 630887 630888 630889 630890 630891 630892 630893 630894 630895 630896 630897 630898 630899 630900 630901 630902 630903 630904 630905 630906 630907 630908 630909 630910 630911 630912 630913 630914 630915 630916 630917 630918 630919 630920 630921 630922 630923 630924 630925 630926 630927 630928 630929 630930 630931 630932 630933 630934 630935 630936 630937 630938 630939 630940 630941 630942 630943 630944 630945 630946 630947 630948 630949 630950 630951 630952 630953 630954 630955 630956 630957 630958 630959 630960 630961 630962 630963 630964 630965 630966 630967 630968 630969 630970 630971 630972 630973 630974 630975 630976 630977 630978 630979 
0
0
0
RBLONG_10-1
2
 P      51
0
2
192
627820 627821 627822 627823 627824 627825 627826 627827 627828 627829 627830 627831 627832 627833 627834 627835 627836 627837 627838 627839 627840 627841 627842 627843 627844 627845 627846 627847 627848 627849 627850 627851 627852 627853 627854 627855 627856 627857 627858 627859 627860 627861 627862 627863 627864 627865 627866 627867 627868 627869 627870 627871 627872 627873 627874 627875 627876 627877 627878 627879 627880 627881 627882 627883 627884 627885 627886 627887 627888 627889 627890 627891 627892 627893 627894 627895 627896 627897 627898 627899 627900 627901 627902 627903 627904 627905 627906 627907 627908 627909 627910 627911 627912 627913 627914 627915 627916 627917 627918 627919 627920 627921 627922 627923 627924 627925 627926 627927 627928 627929 627930 627931 627932 627933 627934 627935 627936 627937 627938 627939 627940 627941 627942 627943 627944 627945 627946 627947 627948 627949 627950 627951 627952 627953 627954 627955 627956 627957 627958 627959 627960 627961 627962 627963 627964 627965 627966 627967 627968 627969 627970 627971 627972 627973 627974 627975 627976 627977 627978 627979 627980 627981 627982 627983 627984 627985 627986 627987 627988 627989 627990 627991 627992 627993 627994 627995 627996 627997 627998 627999 628000 628001 628002 628003 628004 628005 628006 628007 628008 628009 628010 628011 
0
0
SET_ALL
0
1
192
627820 627821 627822 627823 627824 627825 627826 627827 627828 627829 627830 627831 627832 627833 627834 627835 627836 627837 627838 627839 627840 627841 627842 627843 627844 627845 627846 627847 627848 627849 627850 627851 627852 627853 627854 627855 627856 627857 627858 627859 627860 627861 627862 627863 627864 627865 627866 627867 627868 627869 627870 627871 627872 627873 627874 627875 627876 627877 627878 627879 627880 627881 627882 627883 627884 627885 627886 627887 627888 627889 627890 627891 627892 627893 627894 627895 627896 627897 627898 627899 627900 627901 627902 627903 627904 627905 627906 627907 627908 627909 627910 627911 627912 627913 627914 627915 627916 627917 627918 627919 627920 627921 627922 627923 627924 627925 627926 627927 627928 627929 627930 627931 627932 627933 627934 627935 627936 627937 627938 627939 627940 627941 627942 627943 627944 627945 627946 627947 627948 627949 627950 627951 627952 627953 627954 627955 627956 627957 627958 627959 627960 627961 627962 627963 627964 627965 627966 627967 627968 627969 627970 627971 627972 627973 627974 627975 627976 627977 627978 627979 627980 627981 627982 627983 627984 627985 627986 627987 627988 627989 627990 627991 627992 627993 627994 627995 627996 627997 627998 627999 628000 628001 628002 628003 628004 628005 628006 628007 628008 628009 628010 628011 
0
0
0
RBLONG_12-1
2
 P      53
0
2
180
628204 628205 628206 628207 628208 628209 628210 628211 628212 628213 628214 628215 628216 628217 628218 628219 628220 628221 628222 628223 628224 628225 628226 628227 628228 628229 628230 628231 628232 628233 628234 628235 628236 628237 628238 628239 628240 628241 628242 628243 628244 628245 628246 628247 628248 628249 628250 628251 628252 628253 628254 628255 628256 628257 628258 628259 628260 628261 628262 628263 628264 628265 628266 628267 628268 628269 628270 628271 628272 628273 628274 628275 628276 628277 628278 628279 628280 628281 628282 628283 628284 628285 628286 628287 628288 628289 628290 628291 628292 628293 628294 628295 628296 628297 628298 628299 628300 628301 628302 628303 628304 628305 628306 628307 628308 628309 628310 628311 628312 628313 628314 628315 628316 628317 628318 628319 628320 628321 628322 628323 628324 628325 628326 628327 628328 628329 628330 628331 628332 628333 628334 628335 628336 628337 628338 628339 628340 628341 628342 628343 628344 628345 628346 628347 628348 628349 628350 628351 628352 628353 628354 628355 628356 628357 628358 628359 628360 628361 628362 628363 628364 628365 628366 628367 628368 628369 628370 628371 628372 628373 628374 628375 628376 628377 628378 628379 628380 628381 628382 628383 
0
0
SET_ALL
0
1
180
628204 628205 628206 628207 628208 628209 628210 628211 628212 628213 628214 628215 628216 628217 628218 628219 628220 628221 628222 628223 628224 628225 628226 628227 628228 628229 628230 628231 628232 628233 628234 628235 628236 628237 628238 628239 628240 628241 628242 628243 628244 628245 628246 628247 628248 628249 628250 628251 628252 628253 628254 628255 628256 628257 628258 628259 628260 628261 628262 628263 628264 628265 628266 628267 628268 628269 628270 628271 628272 628273 628274 628275 628276 628277 628278 628279 628280 628281 628282 628283 628284 628285 628286 628287 628288 628289 628290 628291 628292 628293 628294 628295 628296 628297 628298 628299 628300 628301 628302 628303 628304 628305 628306 628307 628308 628309 628310 628311 628312 628313 628314 628315 628316 628317 628318 628319 628320 628321 628322 628323 628324 628325 628326 628327 628328 628329 628330 628331 628332 628333 628334 628335 628336 628337 628338 628339 628340 628341 628342 628343 628344 628345 628346 628347 628348 628349 628350 628351 628352 628353 628354 628355 628356 628357 628358 628359 628360 628361 628362 628363 628364 628365 628366 628367 628368 628369 628370 628371 628372 628373 628374 628375 628376 628377 628378 628379 628380 628381 628382 628383 
0
0
0
RBLONG_14-1
2
 P      55
0
2
180
628564 628565 628566 628567 628568 628569 628570 628571 628572 628573 628574 628575 628576 628577 628578 628579 628580 628581 628582 628583 628584 628585 628586 628587 628588 628589 628590 628591 628592 628593 628594 628595 628596 628597 628598 628599 628600 628601 628602 628603 628604 628605 628606 628607 628608 628609 628610 628611 628612 628613 628614 628615 628616 628617 628618 628619 628620 628621 628622 628623 628624 628625 628626 628627 628628 628629 628630 628631 628632 628633 628634 628635 628636 628637 628638 628639 628640 628641 628642 628643 628644 628645 628646 628647 628648 628649 628650 628651 628652 628653 628654 628655 628656 628657 628658 628659 628660 628661 628662 628663 628664 628665 628666 628667 628668 628669 628670 628671 628672 628673 628674 628675 628676 628677 628678 628679 628680 628681 628682 628683 628684 628685 628686 628687 628688 628689 628690 628691 628692 628693 628694 628695 628696 628697 628698 628699 628700 628701 628702 628703 628704 628705 628706 628707 628708 628709 628710 628711 628712 628713 628714 628715 628716 628717 628718 628719 628720 628721 628722 628723 628724 628725 628726 628727 628728 628729 628730 628731 628732 628733 628734 628735 628736 628737 628738 628739 628740 628741 628742 628743 
0
0
SET_ALL
0
1
180
628564 628565 628566 628567 628568 628569 628570 628571 628572 628573 628574 628575 628576 628577 628578 628579 628580 628581 628582 628583 628584 628585 628586 628587 628588 628589 628590 628591 628592 628593 628594 628595 628596 628597 628598 628599 628600 628601 628602 628603 628604 628605 628606 628607 628608 628609 628610 628611 628612 628613 628614 628615 628616 628617 628618 628619 628620 628621 628622 628623 628624 628625 628626 628627 628628 628629 628630 628631 628632 628633 628634 628635 628636 628637 628638 628639 628640 628641 628642 628643 628644 628645 628646 628647 628648 628649 628650 628651 628652 628653 628654 628655 628656 628657 628658 628659 628660 628661 628662 628663 628664 628665 628666 628667 628668 628669 628670 628671 628672 628673 628674 628675 628676 628677 628678 628679 628680 628681 628682 628683 628684 628685 628686 628687 628688 628689 628690 628691 628692 628693 628694 628695 628696 628697 628698 628699 628700 628701 628702 628703 628704 628705 628706 628707 628708 628709 628710 628711 628712 628713 628714 628715 628716 628717 628718 628719 628720 628721 628722 628723 628724 628725 628726 628727 628728 628729 628730 628731 628732 628733 628734 628735 628736 628737 628738 628739 628740 628741 628742 628743 
0
0
0
RBLONG_16-1
2
 P      57
0
2
168
628924 628925 628926 628927 628928 628929 628930 628931 628932 628933 628934 628935 628936 628937 628938 628939 628940 628941 628942 628943 628944 628945 628946 628947 628948 628949 628950 628951 628952 628953 628954 628955 628956 628957 628958 628959 628960 628961 628962 628963 628964 628965 628966 628967 628968 628969 628970 628971 628972 628973 628974 628975 628976 628977 628978 628979 628980 628981 628982 628983 628984 628985 628986 628987 628988 628989 628990 628991 628992 628993 628994 628995 628996 628997 628998 628999 629000 629001 629002 629003 629004 629005 629006 629007 629008 629009 629010 629011 629012 629013 629014 629015 629016 629017 629018 629019 629020 629021 629022 629023 629024 629025 629026 629027 629028 629029 629030 629031 629032 629033 629034 629035 629036 629037 629038 629039 629040 629041 629042 629043 629044 629045 629046 629047 629048 629049 629050 629051 629052 629053 629054 629055 629056 629057 629058 629059 629060 629061 629062 629063 629064 629065 629066 629067 629068 629069 629070 629071 629072 629073 629074 629075 629076 629077 629078 629079 629080 629081 629082 629083 629084 629085 629086 629087 629088 629089 629090 629091 
0
0
SET_ALL
0
1
168
628924 628925 628926 628927 628928 628929 628930 628931 628932 628933 628934 628935 628936 628937 628938 628939 628940 628941 628942 628943 628944 628945 628946 628947 628948 628949 628950 628951 628952 628953 628954 628955 628956 628957 628958 628959 628960 628961 628962 628963 628964 628965 628966 628967 628968 628969 628970 628971 628972 628973 628974 628975 628976 628977 628978 628979 628980 628981 628982 628983 628984 628985 628986 628987 628988 628989 628990 628991 628992 628993 628994 628995 628996 628997 628998 628999 629000 629001 629002 629003 629004 629005 629006 629007 629008 629009 629010 629011 629012 629013 629014 629015 629016 629017 629018 629019 629020 629021 629022 629023 629024 629025 629026 629027 629028 629029 629030 629031 629032 629033 629034 629035 629036 629037 629038 629039 629040 629041 629042 629043 629044 629045 629046 629047 629048 629049 629050 629051 629052 629053 629054 629055 629056 629057 629058 629059 629060 629061 629062 629063 629064 629065 629066 629067 629068 629069 629070 629071 629072 629073 629074 629075 629076 629077 629078 629079 629080 629081 629082 629083 629084 629085 629086 629087 629088 629089 629090 629091 
0
0
0
RBLONG_18-1
2
 P      59
0
2
168
629260 629261 629262 629263 629264 629265 629266 629267 629268 629269 629270 629271 629272 629273 629274 629275 629276 629277 629278 629279 629280 629281 629282 629283 629284 629285 629286 629287 629288 629289 629290 629291 629292 629293 629294 629295 629296 629297 629298 629299 629300 629301 629302 629303 629304 629305 629306 629307 629308 629309 629310 629311 629312 629313 629314 629315 629316 629317 629318 629319 629320 629321 629322 629323 629324 629325 629326 629327 629328 629329 629330 629331 629332 629333 629334 629335 629336 629337 629338 629339 629340 629341 629342 629343 629344 629345 629346 629347 629348 629349 629350 629351 629352 629353 629354 629355 629356 629357 629358 629359 629360 629361 629362 629363 629364 629365 629366 629367 629368 629369 629370 629371 629372 629373 629374 629375 629376 629377 629378 629379 629380 629381 629382 629383 629384 629385 629386 629387 629388 629389 629390 629391 629392 629393 629394 629395 629396 629397 629398 629399 629400 629401 629402 629403 629404 629405 629406 629407 629408 629409 629410 629411 629412 629413 629414 629415 629416 629417 629418 629419 629420 629421 629422 629423 629424 629425 629426 629427 
0
0
SET_ALL
0
1
168
629260 629261 629262 629263 629264 629265 629266 629267 629268 629269 629270 629271 629272 629273 629274 629275 629276 629277 629278 629279 629280 629281 629282 629283 629284 629285 629286 629287 629288 629289 629290 629291 629292 629293 629294 629295 629296 629297 629298 629299 629300 629301 629302 629303 629304 629305 629306 629307 629308 629309 629310 629311 629312 629313 629314 629315 629316 629317 629318 629319 629320 629321 629322 629323 629324 629325 629326 629327 629328 629329 629330 629331 629332 629333 629334 629335 629336 629337 629338 629339 629340 629341 629342 629343 629344 629345 629346 629347 629348 629349 629350 629351 629352 629353 629354 629355 629356 629357 629358 629359 629360 629361 629362 629363 629364 629365 629366 629367 629368 629369 629370 629371 629372 629373 629374 629375 629376 629377 629378 629379 629380 629381 629382 629383 629384 629385 629386 629387 629388 629389 629390 629391 629392 629393 629394 629395 629396 629397 629398 629399 629400 629401 629402 629403 629404 629405 629406 629407 629408 629409 629410 629411 629412 629413 629414 629415 629416 629417 629418 629419 629420 629421 629422 629423 629424 629425 629426 629427 
0
0
0
RBLONG_30-1
2
 P      71
0
2
152
631132 631133 631134 631135 631136 631137 631138 631139 631140 631141 631142 631143 631144 631145 631146 631147 631148 631149 631150 631151 631152 631153 631154 631155 631156 631157 631158 631159 631160 631161 631162 631163 631164 631165 631166 631167 631168 631169 631170 631171 631172 631173 631174 631175 631176 631177 631178 631179 631180 631181 631182 631183 631184 631185 631186 631187 631188 631189 631190 631191 631192 631193 631194 631195 631196 631197 631198 631199 631200 631201 631202 631203 631204 631205 631206 631207 631208 631209 631210 631211 631212 631213 631214 631215 631216 631217 631218 631219 631220 631221 631222 631223 631224 631225 631226 631227 631228 631229 631230 631231 631232 631233 631234 631235 631236 631237 631238 631239 631240 631241 631242 631243 631244 631245 631246 631247 631248 631249 631250 631251 631252 631253 631254 631255 631256 631257 631258 631259 631260 631261 631262 631263 631264 631265 631266 631267 631268 631269 631270 631271 631272 631273 631274 631275 631276 631277 631278 631279 631280 631281 631282 631283 
0
0
SET_ALL
0
1
152
631132 631133 631134 631135 631136 631137 631138 631139 631140 631141 631142 631143 631144 631145 631146 631147 631148 631149 631150 631151 631152 631153 631154 631155 631156 631157 631158 631159 631160 631161 631162 631163 631164 631165 631166 631167 631168 631169 631170 631171 631172 631173 631174 631175 631176 631177 631178 631179 631180 631181 631182 631183 631184 631185 631186 631187 631188 631189 631190 631191 631192 631193 631194 631195 631196 631197 631198 631199 631200 631201 631202 631203 631204 631205 631206 631207 631208 631209 631210 631211 631212 631213 631214 631215 631216 631217 631218 631219 631220 631221 631222 631223 631224 631225 631226 631227 631228 631229 631230 631231 631232 631233 631234 631235 631236 631237 631238 631239 631240 631241 631242 631243 631244 631245 631246 631247 631248 631249 631250 631251 631252 631253 631254 631255 631256 631257 631258 631259 631260 631261 631262 631263 631264 631265 631266 631267 631268 631269 631270 631271 631272 631273 631274 631275 631276 631277 631278 631279 631280 631281 631282 631283 
0
0
0
RBLONG_07-1
2
 P      48
0
2
192
627244 627245 627246 627247 627248 627249 627250 627251 627252 627253 627254 627255 627256 627257 627258 627259 627260 627261 627262 627263 627264 627265 627266 627267 627268 627269 627270 627271 627272 627273 627274 627275 627276 627277 627278 627279 627280 627281 627282 627283 627284 627285 627286 627287 627288 627289 627290 627291 627292 627293 627294 627295 627296 627297 627298 627299 627300 627301 627302 627303 627304 627305 627306 627307 627308 627309 627310 627311 627312 627313 627314 627315 627316 627317 627318 627319 627320 627321 627322 627323 627324 627325 627326 627327 627328 627329 627330 627331 627332 627333 627334 627335 627336 627337 627338 627339 627340 627341 627342 627343 627344 627345 627346 627347 627348 627349 627350 627351 627352 627353 627354 627355 627356 627357 627358 627359 627360 627361 627362 627363 627364 627365 627366 627367 627368 627369 627370 627371 627372 627373 627374 627375 627376 627377 627378 627379 627380 627381 627382 627383 627384 627385 627386 627387 627388 627389 627390 627391 627392 627393 627394 627395 627396 627397 627398 627399 627400 627401 627402 627403 627404 627405 627406 627407 627408 627409 627410 627411 627412 627413 627414 627415 627416 627417 627418 627419 627420 627421 627422 627423 627424 627425 627426 627427 627428 627429 627430 627431 627432 627433 627434 627435 
0
0
SET_ALL
0
1
192
627244 627245 627246 627247 627248 627249 627250 627251 627252 627253 627254 627255 627256 627257 627258 627259 627260 627261 627262 627263 627264 627265 627266 627267 627268 627269 627270 627271 627272 627273 627274 627275 627276 627277 627278 627279 627280 627281 627282 627283 627284 627285 627286 627287 627288 627289 627290 627291 627292 627293 627294 627295 627296 627297 627298 627299 627300 627301 627302 627303 627304 627305 627306 627307 627308 627309 627310 627311 627312 627313 627314 627315 627316 627317 627318 627319 627320 627321 627322 627323 627324 627325 627326 627327 627328 627329 627330 627331 627332 627333 627334 627335 627336 627337 627338 627339 627340 627341 627342 627343 627344 627345 627346 627347 627348 627349 627350 627351 627352 627353 627354 627355 627356 627357 627358 627359 627360 627361 627362 627363 627364 627365 627366 627367 627368 627369 627370 627371 627372 627373 627374 627375 627376 627377 627378 627379 627380 627381 627382 627383 627384 627385 627386 627387 627388 627389 627390 627391 627392 627393 627394 627395 627396 627397 627398 627399 627400 627401 627402 627403 627404 627405 627406 627407 627408 627409 627410 627411 627412 627413 627414 627415 627416 627417 627418 627419 627420 627421 627422 627423 627424 627425 627426 627427 627428 627429 627430 627431 627432 627433 627434 627435 
0
0
0
RBLONG_09-1
2
 P      50
0
2
192
627628 627629 627630 627631 627632 627633 627634 627635 627636 627637 627638 627639 627640 627641 627642 627643 627644 627645 627646 627647 627648 627649 627650 627651 627652 627653 627654 627655 627656 627657 627658 627659 627660 627661 627662 627663 627664 627665 627666 627667 627668 627669 627670 627671 627672 627673 627674 627675 627676 627677 627678 627679 627680 627681 627682 627683 627684 627685 627686 627687 627688 627689 627690 627691 627692 627693 627694 627695 627696 627697 627698 627699 627700 627701 627702 627703 627704 627705 627706 627707 627708 627709 627710 627711 627712 627713 627714 627715 627716 627717 627718 627719 627720 627721 627722 627723 627724 627725 627726 627727 627728 627729 627730 627731 627732 627733 627734 627735 627736 627737 627738 627739 627740 627741 627742 627743 627744 627745 627746 627747 627748 627749 627750 627751 627752 627753 627754 627755 627756 627757 627758 627759 627760 627761 627762 627763 627764 627765 627766 627767 627768 627769 627770 627771 627772 627773 627774 627775 627776 627777 627778 627779 627780 627781 627782 627783 627784 627785 627786 627787 627788 627789 627790 627791 627792 627793 627794 627795 627796 627797 627798 627799 627800 627801 627802 627803 627804 627805 627806 627807 627808 627809 627810 627811 627812 627813 627814 627815 627816 627817 627818 627819 
0
0
SET_ALL
0
1
192
627628 627629 627630 627631 627632 627633 627634 627635 627636 627637 627638 627639 627640 627641 627642 627643 627644 627645 627646 627647 627648 627649 627650 627651 627652 627653 627654 627655 627656 627657 627658 627659 627660 627661 627662 627663 627664 627665 627666 627667 627668 627669 627670 627671 627672 627673 627674 627675 627676 627677 627678 627679 627680 627681 627682 627683 627684 627685 627686 627687 627688 627689 627690 627691 627692 627693 627694 627695 627696 627697 627698 627699 627700 627701 627702 627703 627704 627705 627706 627707 627708 627709 627710 627711 627712 627713 627714 627715 627716 627717 627718 627719 627720 627721 627722 627723 627724 627725 627726 627727 627728 627729 627730 627731 627732 627733 627734 627735 627736 627737 627738 627739 627740 627741 627742 627743 627744 627745 627746 627747 627748 627749 627750 627751 627752 627753 627754 627755 627756 627757 627758 627759 627760 627761 627762 627763 627764 627765 627766 627767 627768 627769 627770 627771 627772 627773 627774 627775 627776 627777 627778 627779 627780 627781 627782 627783 627784 627785 627786 627787 627788 627789 627790 627791 627792 627793 627794 627795 627796 627797 627798 627799 627800 627801 627802 627803 627804 627805 627806 627807 627808 627809 627810 627811 627812 627813 627814 627815 627816 627817 627818 627819 
0
0
0
RBLONG_21-1
2
 P      62
0
2
152
629764 629765 629766 629767 629768 629769 629770 629771 629772 629773 629774 629775 629776 629777 629778 629779 629780 629781 629782 629783 629784 629785 629786 629787 629788 629789 629790 629791 629792 629793 629794 629795 629796 629797 629798 629799 629800 629801 629802 629803 629804 629805 629806 629807 629808 629809 629810 629811 629812 629813 629814 629815 629816 629817 629818 629819 629820 629821 629822 629823 629824 629825 629826 629827 629828 629829 629830 629831 629832 629833 629834 629835 629836 629837 629838 629839 629840 629841 629842 629843 629844 629845 629846 629847 629848 629849 629850 629851 629852 629853 629854 629855 629856 629857 629858 629859 629860 629861 629862 629863 629864 629865 629866 629867 629868 629869 629870 629871 629872 629873 629874 629875 629876 629877 629878 629879 629880 629881 629882 629883 629884 629885 629886 629887 629888 629889 629890 629891 629892 629893 629894 629895 629896 629897 629898 629899 629900 629901 629902 629903 629904 629905 629906 629907 629908 629909 629910 629911 629912 629913 629914 629915 
0
0
SET_ALL
0
1
152
629764 629765 629766 629767 629768 629769 629770 629771 629772 629773 629774 629775 629776 629777 629778 629779 629780 629781 629782 629783 629784 629785 629786 629787 629788 629789 629790 629791 629792 629793 629794 629795 629796 629797 629798 629799 629800 629801 629802 629803 629804 629805 629806 629807 629808 629809 629810 629811 629812 629813 629814 629815 629816 629817 629818 629819 629820 629821 629822 629823 629824 629825 629826 629827 629828 629829 629830 629831 629832 629833 629834 629835 629836 629837 629838 629839 629840 629841 629842 629843 629844 629845 629846 629847 629848 629849 629850 629851 629852 629853 629854 629855 629856 629857 629858 629859 629860 629861 629862 629863 629864 629865 629866 629867 629868 629869 629870 629871 629872 629873 629874 629875 629876 629877 629878 629879 629880 629881 629882 629883 629884 629885 629886 629887 629888 629889 629890 629891 629892 629893 629894 629895 629896 629897 629898 629899 629900 629901 629902 629903 629904 629905 629906 629907 629908 629909 629910 629911 629912 629913 629914 629915 
0
0
0
RBLONG_23-1
2
 P      64
0
2
152
630068 630069 630070 630071 630072 630073 630074 630075 630076 630077 630078 630079 630080 630081 630082 630083 630084 630085 630086 630087 630088 630089 630090 630091 630092 630093 630094 630095 630096 630097 630098 630099 630100 630101 630102 630103 630104 630105 630106 630107 630108 630109 630110 630111 630112 630113 630114 630115 630116 630117 630118 630119 630120 630121 630122 630123 630124 630125 630126 630127 630128 630129 630130 630131 630132 630133 630134 630135 630136 630137 630138 630139 630140 630141 630142 630143 630144 630145 630146 630147 630148 630149 630150 630151 630152 630153 630154 630155 630156 630157 630158 630159 630160 630161 630162 630163 630164 630165 630166 630167 630168 630169 630170 630171 630172 630173 630174 630175 630176 630177 630178 630179 630180 630181 630182 630183 630184 630185 630186 630187 630188 630189 630190 630191 630192 630193 630194 630195 630196 630197 630198 630199 630200 630201 630202 630203 630204 630205 630206 630207 630208 630209 630210 630211 630212 630213 630214 630215 630216 630217 630218 630219 
0
0
SET_ALL
0
1
152
630068 630069 630070 630071 630072 630073 630074 630075 630076 630077 630078 630079 630080 630081 630082 630083 630084 630085 630086 630087 630088 630089 630090 630091 630092 630093 630094 630095 630096 630097 630098 630099 630100 630101 630102 630103 630104 630105 630106 630107 630108 630109 630110 630111 630112 630113 630114 630115 630116 630117 630118 630119 630120 630121 630122 630123 630124 630125 630126 630127 630128 630129 630130 630131 630132 630133 630134 630135 630136 630137 630138 630139 630140 630141 630142 630143 630144 630145 630146 630147 630148 630149 630150 630151 630152 630153 630154 630155 630156 630157 630158 630159 630160 630161 630162 630163 630164 630165 630166 630167 630168 630169 630170 630171 630172 630173 630174 630175 630176 630177 630178 630179 630180 630181 630182 630183 630184 630185 630186 630187 630188 630189 630190 630191 630192 630193 630194 630195 630196 630197 630198 630199 630200 630201 630202 630203 630204 630205 630206 630207 630208 630209 630210 630211 630212 630213 630214 630215 630216 630217 630218 630219 
0
0
0
RBLONG_25-1
2
 P      66
0
2
152
630372 630373 630374 630375 630376 630377 630378 630379 630380 630381 630382 630383 630384 630385 630386 630387 630388 630389 630390 630391 630392 630393 630394 630395 630396 630397 630398 630399 630400 630401 630402 630403 630404 630405 630406 630407 630408 630409 630410 630411 630412 630413 630414 630415 630416 630417 630418 630419 630420 630421 630422 630423 630424 630425 630426 630427 630428 630429 630430 630431 630432 630433 630434 630435 630436 630437 630438 630439 630440 630441 630442 630443 630444 630445 630446 630447 630448 630449 630450 630451 630452 630453 630454 630455 630456 630457 630458 630459 630460 630461 630462 630463 630464 630465 630466 630467 630468 630469 630470 630471 630472 630473 630474 630475 630476 630477 630478 630479 630480 630481 630482 630483 630484 630485 630486 630487 630488 630489 630490 630491 630492 630493 630494 630495 630496 630497 630498 630499 630500 630501 630502 630503 630504 630505 630506 630507 630508 630509 630510 630511 630512 630513 630514 630515 630516 630517 630518 630519 630520 630521 630522 630523 
0
0
SET_ALL
0
1
152
630372 630373 630374 630375 630376 630377 630378 630379 630380 630381 630382 630383 630384 630385 630386 630387 630388 630389 630390 630391 630392 630393 630394 630395 630396 630397 630398 630399 630400 630401 630402 630403 630404 630405 630406 630407 630408 630409 630410 630411 630412 630413 630414 630415 630416 630417 630418 630419 630420 630421 630422 630423 630424 630425 630426 630427 630428 630429 630430 630431 630432 630433 630434 630435 630436 630437 630438 630439 630440 630441 630442 630443 630444 630445 630446 630447 630448 630449 630450 630451 630452 630453 630454 630455 630456 630457 630458 630459 630460 630461 630462 630463 630464 630465 630466 630467 630468 630469 630470 630471 630472 630473 630474 630475 630476 630477 630478 630479 630480 630481 630482 630483 630484 630485 630486 630487 630488 630489 630490 630491 630492 630493 630494 630495 630496 630497 630498 630499 630500 630501 630502 630503 630504 630505 630506 630507 630508 630509 630510 630511 630512 630513 630514 630515 630516 630517 630518 630519 630520 630521 630522 630523 
0
0
0
RBLONG_27-1
2
 P      68
0
2
152
630676 630677 630678 630679 630680 630681 630682 630683 630684 630685 630686 630687 630688 630689 630690 630691 630692 630693 630694 630695 630696 630697 630698 630699 630700 630701 630702 630703 630704 630705 630706 630707 630708 630709 630710 630711 630712 630713 630714 630715 630716 630717 630718 630719 630720 630721 630722 630723 630724 630725 630726 630727 630728 630729 630730 630731 630732 630733 630734 630735 630736 630737 630738 630739 630740 630741 630742 630743 630744 630745 630746 630747 630748 630749 630750 630751 630752 630753 630754 630755 630756 630757 630758 630759 630760 630761 630762 630763 630764 630765 630766 630767 630768 630769 630770 630771 630772 630773 630774 630775 630776 630777 630778 630779 630780 630781 630782 630783 630784 630785 630786 630787 630788 630789 630790 630791 630792 630793 630794 630795 630796 630797 630798 630799 630800 630801 630802 630803 630804 630805 630806 630807 630808 630809 630810 630811 630812 630813 630814 630815 630816 630817 630818 630819 630820 630821 630822 630823 630824 630825 630826 630827 
0
0
SET_ALL
0
1
152
630676 630677 630678 630679 630680 630681 630682 630683 630684 630685 630686 630687 630688 630689 630690 630691 630692 630693 630694 630695 630696 630697 630698 630699 630700 630701 630702 630703 630704 630705 630706 630707 630708 630709 630710 630711 630712 630713 630714 630715 630716 630717 630718 630719 630720 630721 630722 630723 630724 630725 630726 630727 630728 630729 630730 630731 630732 630733 630734 630735 630736 630737 630738 630739 630740 630741 630742 630743 630744 630745 630746 630747 630748 630749 630750 630751 630752 630753 630754 630755 630756 630757 630758 630759 630760 630761 630762 630763 630764 630765 630766 630767 630768 630769 630770 630771 630772 630773 630774 630775 630776 630777 630778 630779 630780 630781 630782 630783 630784 630785 630786 630787 630788 630789 630790 630791 630792 630793 630794 630795 630796 630797 630798 630799 630800 630801 630802 630803 630804 630805 630806 630807 630808 630809 630810 630811 630812 630813 630814 630815 630816 630817 630818 630819 630820 630821 630822 630823 630824 630825 630826 630827 
0
0
0
RBLONG_29-1
2
 P      70
0
2
152
630980 630981 630982 630983 630984 630985 630986 630987 630988 630989 630990 630991 630992 630993 630994 630995 630996 630997 630998 630999 631000 631001 631002 631003 631004 631005 631006 631007 631008 631009 631010 631011 631012 631013 631014 631015 631016 631017 631018 631019 631020 631021 631022 631023 631024 631025 631026 631027 631028 631029 631030 631031 631032 631033 631034 631035 631036 631037 631038 631039 631040 631041 631042 631043 631044 631045 631046 631047 631048 631049 631050 631051 631052 631053 631054 631055 631056 631057 631058 631059 631060 631061 631062 631063 631064 631065 631066 631067 631068 631069 631070 631071 631072 631073 631074 631075 631076 631077 631078 631079 631080 631081 631082 631083 631084 631085 631086 631087 631088 631089 631090 631091 631092 631093 631094 631095 631096 631097 631098 631099 631100 631101 631102 631103 631104 631105 631106 631107 631108 631109 631110 631111 631112 631113 631114 631115 631116 631117 631118 631119 631120 631121 631122 631123 631124 631125 631126 631127 631128 631129 631130 631131 
0
0
SET_ALL
0
1
152
630980 630981 630982 630983 630984 630985 630986 630987 630988 630989 630990 630991 630992 630993 630994 630995 630996 630997 630998 630999 631000 631001 631002 631003 631004 631005 631006 631007 631008 631009 631010 631011 631012 631013 631014 631015 631016 631017 631018 631019 631020 631021 631022 631023 631024 631025 631026 631027 631028 631029 631030 631031 631032 631033 631034 631035 631036 631037 631038 631039 631040 631041 631042 631043 631044 631045 631046 631047 631048 631049 631050 631051 631052 631053 631054 631055 631056 631057 631058 631059 631060 631061 631062 631063 631064 631065 631066 631067 631068 631069 631070 631071 631072 631073 631074 631075 631076 631077 631078 631079 631080 631081 631082 631083 631084 631085 631086 631087 631088 631089 631090 631091 631092 631093 631094 631095 631096 631097 631098 631099 631100 631101 631102 631103 631104 631105 631106 631107 631108 631109 631110 631111 631112 631113 631114 631115 631116 631117 631118 631119 631120 631121 631122 631123 631124 631125 631126 631127 631128 631129 631130 631131 
0
0
0
RBLONG_11-1
2
 P      52
0
2
192
628012 628013 628014 628015 628016 628017 628018 628019 628020 628021 628022 628023 628024 628025 628026 628027 628028 628029 628030 628031 628032 628033 628034 628035 628036 628037 628038 628039 628040 628041 628042 628043 628044 628045 628046 628047 628048 628049 628050 628051 628052 628053 628054 628055 628056 628057 628058 628059 628060 628061 628062 628063 628064 628065 628066 628067 628068 628069 628070 628071 628072 628073 628074 628075 628076 628077 628078 628079 628080 628081 628082 628083 628084 628085 628086 628087 628088 628089 628090 628091 628092 628093 628094 628095 628096 628097 628098 628099 628100 628101 628102 628103 628104 628105 628106 628107 628108 628109 628110 628111 628112 628113 628114 628115 628116 628117 628118 628119 628120 628121 628122 628123 628124 628125 628126 628127 628128 628129 628130 628131 628132 628133 628134 628135 628136 628137 628138 628139 628140 628141 628142 628143 628144 628145 628146 628147 628148 628149 628150 628151 628152 628153 628154 628155 628156 628157 628158 628159 628160 628161 628162 628163 628164 628165 628166 628167 628168 628169 628170 628171 628172 628173 628174 628175 628176 628177 628178 628179 628180 628181 628182 628183 628184 628185 628186 628187 628188 628189 628190 628191 628192 628193 628194 628195 628196 628197 628198 628199 628200 628201 628202 628203 
0
0
SET_ALL
0
1
192
628012 628013 628014 628015 628016 628017 628018 628019 628020 628021 628022 628023 628024 628025 628026 628027 628028 628029 628030 628031 628032 628033 628034 628035 628036 628037 628038 628039 628040 628041 628042 628043 628044 628045 628046 628047 628048 628049 628050 628051 628052 628053 628054 628055 628056 628057 628058 628059 628060 628061 628062 628063 628064 628065 628066 628067 628068 628069 628070 628071 628072 628073 628074 628075 628076 628077 628078 628079 628080 628081 628082 628083 628084 628085 628086 628087 628088 628089 628090 628091 628092 628093 628094 628095 628096 628097 628098 628099 628100 628101 628102 628103 628104 628105 628106 628107 628108 628109 628110 628111 628112 628113 628114 628115 628116 628117 628118 628119 628120 628121 628122 628123 628124 628125 628126 628127 628128 628129 628130 628131 628132 628133 628134 628135 628136 628137 628138 628139 628140 628141 628142 628143 628144 628145 628146 628147 628148 628149 628150 628151 628152 628153 628154 628155 628156 628157 628158 628159 628160 628161 628162 628163 628164 628165 628166 628167 628168 628169 628170 628171 628172 628173 628174 628175 628176 628177 628178 628179 628180 628181 628182 628183 628184 628185 628186 628187 628188 628189 628190 628191 628192 628193 628194 628195 628196 628197 628198 628199 628200 628201 628202 628203 
0
0
0
RBLONG_13-1
2
 P      54
0
2
180
628384 628385 628386 628387 628388 628389 628390 628391 628392 628393 628394 628395 628396 628397 628398 628399 628400 628401 628402 628403 628404 628405 628406 628407 628408 628409 628410 628411 628412 628413 628414 628415 628416 628417 628418 628419 628420 628421 628422 628423 628424 628425 628426 628427 628428 628429 628430 628431 628432 628433 628434 628435 628436 628437 628438 628439 628440 628441 628442 628443 628444 628445 628446 628447 628448 628449 628450 628451 628452 628453 628454 628455 628456 628457 628458 628459 628460 628461 628462 628463 628464 628465 628466 628467 628468 628469 628470 628471 628472 628473 628474 628475 628476 628477 628478 628479 628480 628481 628482 628483 628484 628485 628486 628487 628488 628489 628490 628491 628492 628493 628494 628495 628496 628497 628498 628499 628500 628501 628502 628503 628504 628505 628506 628507 628508 628509 628510 628511 628512 628513 628514 628515 628516 628517 628518 628519 628520 628521 628522 628523 628524 628525 628526 628527 628528 628529 628530 628531 628532 628533 628534 628535 628536 628537 628538 628539 628540 628541 628542 628543 628544 628545 628546 628547 628548 628549 628550 628551 628552 628553 628554 628555 628556 628557 628558 628559 628560 628561 628562 628563 
0
0
SET_ALL
0
1
180
628384 628385 628386 628387 628388 628389 628390 628391 628392 628393 628394 628395 628396 628397 628398 628399 628400 628401 628402 628403 628404 628405 628406 628407 628408 628409 628410 628411 628412 628413 628414 628415 628416 628417 628418 628419 628420 628421 628422 628423 628424 628425 628426 628427 628428 628429 628430 628431 628432 628433 628434 628435 628436 628437 628438 628439 628440 628441 628442 628443 628444 628445 628446 628447 628448 628449 628450 628451 628452 628453 628454 628455 628456 628457 628458 628459 628460 628461 628462 628463 628464 628465 628466 628467 628468 628469 628470 628471 628472 628473 628474 628475 628476 628477 628478 628479 628480 628481 628482 628483 628484 628485 628486 628487 628488 628489 628490 628491 628492 628493 628494 628495 628496 628497 628498 628499 628500 628501 628502 628503 628504 628505 628506 628507 628508 628509 628510 628511 628512 628513 628514 628515 628516 628517 628518 628519 628520 628521 628522 628523 628524 628525 628526 628527 628528 628529 628530 628531 628532 628533 628534 628535 628536 628537 628538 628539 628540 628541 628542 628543 628544 628545 628546 628547 628548 628549 628550 628551 628552 628553 628554 628555 628556 628557 628558 628559 628560 628561 628562 628563 
0
0
0
RBLONG_15-1
2
 P      56
0
2
180
628744 628745 628746 628747 628748 628749 628750 628751 628752 628753 628754 628755 628756 628757 628758 628759 628760 628761 628762 628763 628764 628765 628766 628767 628768 628769 628770 628771 628772 628773 628774 628775 628776 628777 628778 628779 628780 628781 628782 628783 628784 628785 628786 628787 628788 628789 628790 628791 628792 628793 628794 628795 628796 628797 628798 628799 628800 628801 628802 628803 628804 628805 628806 628807 628808 628809 628810 628811 628812 628813 628814 628815 628816 628817 628818 628819 628820 628821 628822 628823 628824 628825 628826 628827 628828 628829 628830 628831 628832 628833 628834 628835 628836 628837 628838 628839 628840 628841 628842 628843 628844 628845 628846 628847 628848 628849 628850 628851 628852 628853 628854 628855 628856 628857 628858 628859 628860 628861 628862 628863 628864 628865 628866 628867 628868 628869 628870 628871 628872 628873 628874 628875 628876 628877 628878 628879 628880 628881 628882 628883 628884 628885 628886 628887 628888 628889 628890 628891 628892 628893 628894 628895 628896 628897 628898 628899 628900 628901 628902 628903 628904 628905 628906 628907 628908 628909 628910 628911 628912 628913 628914 628915 628916 628917 628918 628919 628920 628921 628922 628923 
0
0
SET_ALL
0
1
180
628744 628745 628746 628747 628748 628749 628750 628751 628752 628753 628754 628755 628756 628757 628758 628759 628760 628761 628762 628763 628764 628765 628766 628767 628768 628769 628770 628771 628772 628773 628774 628775 628776 628777 628778 628779 628780 628781 628782 628783 628784 628785 628786 628787 628788 628789 628790 628791 628792 628793 628794 628795 628796 628797 628798 628799 628800 628801 628802 628803 628804 628805 628806 628807 628808 628809 628810 628811 628812 628813 628814 628815 628816 628817 628818 628819 628820 628821 628822 628823 628824 628825 628826 628827 628828 628829 628830 628831 628832 628833 628834 628835 628836 628837 628838 628839 628840 628841 628842 628843 628844 628845 628846 628847 628848 628849 628850 628851 628852 628853 628854 628855 628856 628857 628858 628859 628860 628861 628862 628863 628864 628865 628866 628867 628868 628869 628870 628871 628872 628873 628874 628875 628876 628877 628878 628879 628880 628881 628882 628883 628884 628885 628886 628887 628888 628889 628890 628891 628892 628893 628894 628895 628896 628897 628898 628899 628900 628901 628902 628903 628904 628905 628906 628907 628908 628909 628910 628911 628912 628913 628914 628915 628916 628917 628918 628919 628920 628921 628922 628923 
0
0
0
RBLONG_17-1
2
 P      58
0
2
168
629092 629093 629094 629095 629096 629097 629098 629099 629100 629101 629102 629103 629104 629105 629106 629107 629108 629109 629110 629111 629112 629113 629114 629115 629116 629117 629118 629119 629120 629121 629122 629123 629124 629125 629126 629127 629128 629129 629130 629131 629132 629133 629134 629135 629136 629137 629138 629139 629140 629141 629142 629143 629144 629145 629146 629147 629148 629149 629150 629151 629152 629153 629154 629155 629156 629157 629158 629159 629160 629161 629162 629163 629164 629165 629166 629167 629168 629169 629170 629171 629172 629173 629174 629175 629176 629177 629178 629179 629180 629181 629182 629183 629184 629185 629186 629187 629188 629189 629190 629191 629192 629193 629194 629195 629196 629197 629198 629199 629200 629201 629202 629203 629204 629205 629206 629207 629208 629209 629210 629211 629212 629213 629214 629215 629216 629217 629218 629219 629220 629221 629222 629223 629224 629225 629226 629227 629228 629229 629230 629231 629232 629233 629234 629235 629236 629237 629238 629239 629240 629241 629242 629243 629244 629245 629246 629247 629248 629249 629250 629251 629252 629253 629254 629255 629256 629257 629258 629259 
0
0
SET_ALL
0
1
168
629092 629093 629094 629095 629096 629097 629098 629099 629100 629101 629102 629103 629104 629105 629106 629107 629108 629109 629110 629111 629112 629113 629114 629115 629116 629117 629118 629119 629120 629121 629122 629123 629124 629125 629126 629127 629128 629129 629130 629131 629132 629133 629134 629135 629136 629137 629138 629139 629140 629141 629142 629143 629144 629145 629146 629147 629148 629149 629150 629151 629152 629153 629154 629155 629156 629157 629158 629159 629160 629161 629162 629163 629164 629165 629166 629167 629168 629169 629170 629171 629172 629173 629174 629175 629176 629177 629178 629179 629180 629181 629182 629183 629184 629185 629186 629187 629188 629189 629190 629191 629192 629193 629194 629195 629196 629197 629198 629199 629200 629201 629202 629203 629204 629205 629206 629207 629208 629209 629210 629211 629212 629213 629214 629215 629216 629217 629218 629219 629220 629221 629222 629223 629224 629225 629226 629227 629228 629229 629230 629231 629232 629233 629234 629235 629236 629237 629238 629239 629240 629241 629242 629243 629244 629245 629246 629247 629248 629249 629250 629251 629252 629253 629254 629255 629256 629257 629258 629259 
0
0
0
RBLONG_19-1
2
 P      60
0
2
168
629428 629429 629430 629431 629432 629433 629434 629435 629436 629437 629438 629439 629440 629441 629442 629443 629444 629445 629446 629447 629448 629449 629450 629451 629452 629453 629454 629455 629456 629457 629458 629459 629460 629461 629462 629463 629464 629465 629466 629467 629468 629469 629470 629471 629472 629473 629474 629475 629476 629477 629478 629479 629480 629481 629482 629483 629484 629485 629486 629487 629488 629489 629490 629491 629492 629493 629494 629495 629496 629497 629498 629499 629500 629501 629502 629503 629504 629505 629506 629507 629508 629509 629510 629511 629512 629513 629514 629515 629516 629517 629518 629519 629520 629521 629522 629523 629524 629525 629526 629527 629528 629529 629530 629531 629532 629533 629534 629535 629536 629537 629538 629539 629540 629541 629542 629543 629544 629545 629546 629547 629548 629549 629550 629551 629552 629553 629554 629555 629556 629557 629558 629559 629560 629561 629562 629563 629564 629565 629566 629567 629568 629569 629570 629571 629572 629573 629574 629575 629576 629577 629578 629579 629580 629581 629582 629583 629584 629585 629586 629587 629588 629589 629590 629591 629592 629593 629594 629595 
0
0
SET_ALL
0
1
168
629428 629429 629430 629431 629432 629433 629434 629435 629436 629437 629438 629439 629440 629441 629442 629443 629444 629445 629446 629447 629448 629449 629450 629451 629452 629453 629454 629455 629456 629457 629458 629459 629460 629461 629462 629463 629464 629465 629466 629467 629468 629469 629470 629471 629472 629473 629474 629475 629476 629477 629478 629479 629480 629481 629482 629483 629484 629485 629486 629487 629488 629489 629490 629491 629492 629493 629494 629495 629496 629497 629498 629499 629500 629501 629502 629503 629504 629505 629506 629507 629508 629509 629510 629511 629512 629513 629514 629515 629516 629517 629518 629519 629520 629521 629522 629523 629524 629525 629526 629527 629528 629529 629530 629531 629532 629533 629534 629535 629536 629537 629538 629539 629540 629541 629542 629543 629544 629545 629546 629547 629548 629549 629550 629551 629552 629553 629554 629555 629556 629557 629558 629559 629560 629561 629562 629563 629564 629565 629566 629567 629568 629569 629570 629571 629572 629573 629574 629575 629576 629577 629578 629579 629580 629581 629582 629583 629584 629585 629586 629587 629588 629589 629590 629591 629592 629593 629594 629595 
0
0
0
RBLONG_31-1
2
 P      72
0
2
152
631284 631285 631286 631287 631288 631289 631290 631291 631292 631293 631294 631295 631296 631297 631298 631299 631300 631301 631302 631303 631304 631305 631306 631307 631308 631309 631310 631311 631312 631313 631314 631315 631316 631317 631318 631319 631320 631321 631322 631323 631324 631325 631326 631327 631328 631329 631330 631331 631332 631333 631334 631335 631336 631337 631338 631339 631340 631341 631342 631343 631344 631345 631346 631347 631348 631349 631350 631351 631352 631353 631354 631355 631356 631357 631358 631359 631360 631361 631362 631363 631364 631365 631366 631367 631368 631369 631370 631371 631372 631373 631374 631375 631376 631377 631378 631379 631380 631381 631382 631383 631384 631385 631386 631387 631388 631389 631390 631391 631392 631393 631394 631395 631396 631397 631398 631399 631400 631401 631402 631403 631404 631405 631406 631407 631408 631409 631410 631411 631412 631413 631414 631415 631416 631417 631418 631419 631420 631421 631422 631423 631424 631425 631426 631427 631428 631429 631430 631431 631432 631433 631434 631435 
0
0
SET_ALL
0
1
152
631284 631285 631286 631287 631288 631289 631290 631291 631292 631293 631294 631295 631296 631297 631298 631299 631300 631301 631302 631303 631304 631305 631306 631307 631308 631309 631310 631311 631312 631313 631314 631315 631316 631317 631318 631319 631320 631321 631322 631323 631324 631325 631326 631327 631328 631329 631330 631331 631332 631333 631334 631335 631336 631337 631338 631339 631340 631341 631342 631343 631344 631345 631346 631347 631348 631349 631350 631351 631352 631353 631354 631355 631356 631357 631358 631359 631360 631361 631362 631363 631364 631365 631366 631367 631368 631369 631370 631371 631372 631373 631374 631375 631376 631377 631378 631379 631380 631381 631382 631383 631384 631385 631386 631387 631388 631389 631390 631391 631392 631393 631394 631395 631396 631397 631398 631399 631400 631401 631402 631403 631404 631405 631406 631407 631408 631409 631410 631411 631412 631413 631414 631415 631416 631417 631418 631419 631420 631421 631422 631423 631424 631425 631426 631427 631428 631429 631430 631431 631432 631433 631434 631435 
0
0
0
PT_36X15P2-1
3
 P      41
0
2
36
625960 625961 625962 625963 625964 625965 625966 625967 625968 625969 625970 625971 625972 625973 625974 625975 625976 625977 625978 625979 625980 625981 625982 625983 625984 625985 625986 625987 625988 625989 625990 625991 625992 625993 625994 625995 
0
0
SET_PT_ALL_ELEMS
0
1
36
625960 625961 625962 625963 625964 625965 625966 625967 625968 625969 625970 625971 625972 625973 625974 625975 625976 625977 625978 625979 625980 625981 625982 625983 625984 625985 625986 625987 625988 625989 625990 625991 625992 625993 625994 625995 
0
0
SET_PT_ALL_GEOM
0
1
36
625960 625961 625962 625963 625964 625965 625966 625967 625968 625969 625970 625971 625972 625973 625974 625975 625976 625977 625978 625979 625980 625981 625982 625983 625984 625985 625986 625987 625988 625989 625990 625991 625992 625993 625994 625995 
0
0
0
CSEG_02-1
7
 P       2
0
2
96
277 278 279 280 281 282 283 284 285 286 287 288 289 290 291 292 293 294 295 296 297 298 299 300 301 302 303 304 305 306 307 308 309 310 311 312 313 314 315 316 317 318 319 320 321 322 323 324 325 326 327 328 329 330 331 332 333 334 335 336 337 338 339 340 341 342 343 344 345 346 347 348 349 350 351 352 353 354 355 356 357 358 359 360 361 362 363 364 365 366 367 368 369 370 371 372 
0
0
 P       2SET_CSEG_ALL_ACTIVE
0
2
96
277 278 279 280 281 282 283 284 285 286 287 288 289 290 291 292 293 294 295 296 297 298 299 300 301 302 303 304 305 306 307 308 309 310 311 312 313 314 315 316 317 318 319 320 321 322 323 324 325 326 327 328 329 330 331 332 333 334 335 336 337 338 339 340 341 342 343 344 345 346 347 348 349 350 351 352 353 354 355 356 357 358 359 360 361 362 363 364 365 366 367 368 369 370 371 372 
0
0
FACE_BOTTOM
0
1
48
277 279 281 283 285 287 289 291 293 295 297 299 301 303 305 307 309 311 313 315 317 319 321 323 325 327 329 331 333 335 337 339 341 343 345 347 349 351 353 355 357 359 361 363 365 367 369 371 
0
0
FACE_TOP
0
1
48
278 280 282 284 286 288 290 292 294 296 298 300 302 304 306 308 310 312 314 316 318 320 322 324 326 328 330 332 334 336 338 340 342 344 346 348 350 352 354 356 358 360 362 364 366 368 370 372 
0
0
SET_ALL
0
1
96
277 278 279 280 281 282 283 284 285 286 287 288 289 290 291 292 293 294 295 296 297 298 299 300 301 302 303 304 305 306 307 308 309 310 311 312 313 314 315 316 317 318 319 320 321 322 323 324 325 326 327 328 329 330 331 332 333 334 335 336 337 338 339 340 341 342 343 344 345 346 347 348 349 350 351 352 353 354 355 356 357 358 359 360 361 362 363 364 365 366 367 368 369 370 371 372 
0
0
_SURF_BOTTOM_S6
0
2
48
277 279 281 283 285 287 289 291 293 295 297 299 301 303 305 307 309 311 313 315 317 319 321 323 325 327 329 331 333 335 337 339 341 343 345 347 349 351 353 355 357 359 361 363 365 367 369 371 
0
0
_SURF_TOP_S4
0
2
48
278 280 282 284 286 288 290 292 294 296 298 300 302 304 306 308 310 312 314 316 318 320 322 324 326 328 330 332 334 336 338 340 342 344 346 348 350 352 354 356 358 360 362 364 366 368 370 372 
0
0
0
CSEG_03-1
7
 P       3
0
2
96
373 374 375 376 377 378 379 380 381 382 383 384 385 386 387 388 389 390 391 392 393 394 395 396 397 398 399 400 401 402 403 404 405 406 407 408 409 410 411 412 413 414 415 416 417 418 419 420 421 422 423 424 425 426 427 428 429 430 431 432 433 434 435 436 437 438 439 440 441 442 443 444 445 446 447 448 449 450 451 452 453 454 455 456 457 458 459 460 461 462 463 464 465 466 467 468 
0
0
 P       3SET_CSEG_ALL_ACTIVE
0
2
96
373 374 375 376 377 378 379 380 381 382 383 384 385 386 387 388 389 390 391 392 393 394 395 396 397 398 399 400 401 402 403 404 405 406 407 408 409 410 411 412 413 414 415 416 417 418 419 420 421 422 423 424 425 426 427 428 429 430 431 432 433 434 435 436 437 438 439 440 441 442 443 444 445 446 447 448 449 450 451 452 453 454 455 456 457 458 459 460 461 462 463 464 465 466 467 468 
0
0
FACE_BOTTOM
0
1
48
373 375 377 379 381 383 385 387 389 391 393 395 397 399 401 403 405 407 409 411 413 415 417 419 421 423 425 427 429 431 433 435 437 439 441 443 445 447 449 451 453 455 457 459 461 463 465 467 
0
0
FACE_TOP
0
1
48
374 376 378 380 382 384 386 388 390 392 394 396 398 400 402 404 406 408 410 412 414 416 418 420 422 424 426 428 430 432 434 436 438 440 442 444 446 448 450 452 454 456 458 460 462 464 466 468 
0
0
SET_ALL
0
1
96
373 374 375 376 377 378 379 380 381 382 383 384 385 386 387 388 389 390 391 392 393 394 395 396 397 398 399 400 401 402 403 404 405 406 407 408 409 410 411 412 413 414 415 416 417 418 419 420 421 422 423 424 425 426 427 428 429 430 431 432 433 434 435 436 437 438 439 440 441 442 443 444 445 446 447 448 449 450 451 452 453 454 455 456 457 458 459 460 461 462 463 464 465 466 467 468 
0
0
_SURF_BOTTOM_S6
0
2
48
373 375 377 379 381 383 385 387 389 391 393 395 397 399 401 403 405 407 409 411 413 415 417 419 421 423 425 427 429 431 433 435 437 439 441 443 445 447 449 451 453 455 457 459 461 463 465 467 
0
0
_SURF_TOP_S4
0
2
48
374 376 378 380 382 384 386 388 390 392 394 396 398 400 402 404 406 408 410 412 414 416 418 420 422 424 426 428 430 432 434 436 438 440 442 444 446 448 450 452 454 456 458 460 462 464 466 468 
0
0
0
CSEG_04-1
7
 P       4
0
2
96
469 470 471 472 473 474 475 476 477 478 479 480 481 482 483 484 485 486 487 488 489 490 491 492 493 494 495 496 497 498 499 500 501 502 503 504 505 506 507 508 509 510 511 512 513 514 515 516 517 518 519 520 521 522 523 524 525 526 527 528 529 530 531 532 533 534 535 536 537 538 539 540 541 542 543 544 545 546 547 548 549 550 551 552 553 554 555 556 557 558 559 560 561 562 563 564 
0
0
 P       4SET_CSEG_ALL_ACTIVE
0
2
96
469 470 471 472 473 474 475 476 477 478 479 480 481 482 483 484 485 486 487 488 489 490 491 492 493 494 495 496 497 498 499 500 501 502 503 504 505 506 507 508 509 510 511 512 513 514 515 516 517 518 519 520 521 522 523 524 525 526 527 528 529 530 531 532 533 534 535 536 537 538 539 540 541 542 543 544 545 546 547 548 549 550 551 552 553 554 555 556 557 558 559 560 561 562 563 564 
0
0
FACE_BOTTOM
0
1
48
469 471 473 475 477 479 481 483 485 487 489 491 493 495 497 499 501 503 505 507 509 511 513 515 517 519 521 523 525 527 529 531 533 535 537 539 541 543 545 547 549 551 553 555 557 559 561 563 
0
0
FACE_TOP
0
1
48
470 472 474 476 478 480 482 484 486 488 490 492 494 496 498 500 502 504 506 508 510 512 514 516 518 520 522 524 526 528 530 532 534 536 538 540 542 544 546 548 550 552 554 556 558 560 562 564 
0
0
SET_ALL
0
1
96
469 470 471 472 473 474 475 476 477 478 479 480 481 482 483 484 485 486 487 488 489 490 491 492 493 494 495 496 497 498 499 500 501 502 503 504 505 506 507 508 509 510 511 512 513 514 515 516 517 518 519 520 521 522 523 524 525 526 527 528 529 530 531 532 533 534 535 536 537 538 539 540 541 542 543 544 545 546 547 548 549 550 551 552 553 554 555 556 557 558 559 560 561 562 563 564 
0
0
_SURF_BOTTOM_S6
0
2
48
469 471 473 475 477 479 481 483 485 487 489 491 493 495 497 499 501 503 505 507 509 511 513 515 517 519 521 523 525 527 529 531 533 535 537 539 541 543 545 547 549 551 553 555 557 559 561 563 
0
0
_SURF_TOP_S4
0
2
48
470 472 474 476 478 480 482 484 486 488 490 492 494 496 498 500 502 504 506 508 510 512 514 516 518 520 522 524 526 528 530 532 534 536 538 540 542 544 546 548 550 552 554 556 558 560 562 564 
0
0
0
CSEG_05-1
7
 P       5
0
2
96
565 566 567 568 569 570 571 572 573 574 575 576 577 578 579 580 581 582 583 584 585 586 587 588 589 590 591 592 593 594 595 596 597 598 599 600 601 602 603 604 605 606 607 608 609 610 611 612 613 614 615 616 617 618 619 620 621 622 623 624 625 626 627 628 629 630 631 632 633 634 635 636 637 638 639 640 641 642 643 644 645 646 647 648 649 650 651 652 653 654 655 656 657 658 659 660 
0
0
 P       5SET_CSEG_ALL_ACTIVE
0
2
96
565 566 567 568 569 570 571 572 573 574 575 576 577 578 579 580 581 582 583 584 585 586 587 588 589 590 591 592 593 594 595 596 597 598 599 600 601 602 603 604 605 606 607 608 609 610 611 612 613 614 615 616 617 618 619 620 621 622 623 624 625 626 627 628 629 630 631 632 633 634 635 636 637 638 639 640 641 642 643 644 645 646 647 648 649 650 651 652 653 654 655 656 657 658 659 660 
0
0
FACE_BOTTOM
0
1
48
565 567 569 571 573 575 577 579 581 583 585 587 589 591 593 595 597 599 601 603 605 607 609 611 613 615 617 619 621 623 625 627 629 631 633 635 637 639 641 643 645 647 649 651 653 655 657 659 
0
0
FACE_TOP
0
1
48
566 568 570 572 574 576 578 580 582 584 586 588 590 592 594 596 598 600 602 604 606 608 610 612 614 616 618 620 622 624 626 628 630 632 634 636 638 640 642 644 646 648 650 652 654 656 658 660 
0
0
SET_ALL
0
1
96
565 566 567 568 569 570 571 572 573 574 575 576 577 578 579 580 581 582 583 584 585 586 587 588 589 590 591 592 593 594 595 596 597 598 599 600 601 602 603 604 605 606 607 608 609 610 611 612 613 614 615 616 617 618 619 620 621 622 623 624 625 626 627 628 629 630 631 632 633 634 635 636 637 638 639 640 641 642 643 644 645 646 647 648 649 650 651 652 653 654 655 656 657 658 659 660 
0
0
_SURF_BOTTOM_S6
0
2
48
565 567 569 571 573 575 577 579 581 583 585 587 589 591 593 595 597 599 601 603 605 607 609 611 613 615 617 619 621 623 625 627 629 631 633 635 637 639 641 643 645 647 649 651 653 655 657 659 
0
0
_SURF_TOP_S4
0
2
48
566 568 570 572 574 576 578 580 582 584 586 588 590 592 594 596 598 600 602 604 606 608 610 612 614 616 618 620 622 624 626 628 630 632 634 636 638 640 642 644 646 648 650 652 654 656 658 660 
0
0
0
CSEG_06-1
7
 P       6
0
2
96
661 662 663 664 665 666 667 668 669 670 671 672 673 674 675 676 677 678 679 680 681 682 683 684 685 686 687 688 689 690 691 692 693 694 695 696 697 698 699 700 701 702 703 704 705 706 707 708 709 710 711 712 713 714 715 716 717 718 719 720 721 722 723 724 725 726 727 728 729 730 731 732 733 734 735 736 737 738 739 740 741 742 743 744 745 746 747 748 749 750 751 752 753 754 755 756 
0
0
 P       6SET_CSEG_ALL_ACTIVE
0
2
96
661 662 663 664 665 666 667 668 669 670 671 672 673 674 675 676 677 678 679 680 681 682 683 684 685 686 687 688 689 690 691 692 693 694 695 696 697 698 699 700 701 702 703 704 705 706 707 708 709 710 711 712 713 714 715 716 717 718 719 720 721 722 723 724 725 726 727 728 729 730 731 732 733 734 735 736 737 738 739 740 741 742 743 744 745 746 747 748 749 750 751 752 753 754 755 756 
0
0
FACE_BOTTOM
0
1
48
661 663 665 667 669 671 673 675 677 679 681 683 685 687 689 691 693 695 697 699 701 703 705 707 709 711 713 715 717 719 721 723 725 727 729 731 733 735 737 739 741 743 745 747 749 751 753 755 
0
0
FACE_TOP
0
1
48
662 664 666 668 670 672 674 676 678 680 682 684 686 688 690 692 694 696 698 700 702 704 706 708 710 712 714 716 718 720 722 724 726 728 730 732 734 736 738 740 742 744 746 748 750 752 754 756 
0
0
SET_ALL
0
1
96
661 662 663 664 665 666 667 668 669 670 671 672 673 674 675 676 677 678 679 680 681 682 683 684 685 686 687 688 689 690 691 692 693 694 695 696 697 698 699 700 701 702 703 704 705 706 707 708 709 710 711 712 713 714 715 716 717 718 719 720 721 722 723 724 725 726 727 728 729 730 731 732 733 734 735 736 737 738 739 740 741 742 743 744 745 746 747 748 749 750 751 752 753 754 755 756 
0
0
_SURF_BOTTOM_S6
0
2
48
661 663 665 667 669 671 673 675 677 679 681 683 685 687 689 691 693 695 697 699 701 703 705 707 709 711 713 715 717 719 721 723 725 727 729 731 733 735 737 739 741 743 745 747 749 751 753 755 
0
0
_SURF_TOP_S4
0
2
48
662 664 666 668 670 672 674 676 678 680 682 684 686 688 690 692 694 696 698 700 702 704 706 708 710 712 714 716 718 720 722 724 726 728 730 732 734 736 738 740 742 744 746 748 750 752 754 756 
0
0
0
CSEG_08-1
7
 P       8
0
2
96
853 854 855 856 857 858 859 860 861 862 863 864 865 866 867 868 869 870 871 872 873 874 875 876 877 878 879 880 881 882 883 884 885 886 887 888 889 890 891 892 893 894 895 896 897 898 899 900 901 902 903 904 905 906 907 908 909 910 911 912 913 914 915 916 917 918 919 920 921 922 923 924 925 926 927 928 929 930 931 932 933 934 935 936 937 938 939 940 941 942 943 944 945 946 947 948 
0
0
 P       8SET_CSEG_ALL_ACTIVE
0
2
96
853 854 855 856 857 858 859 860 861 862 863 864 865 866 867 868 869 870 871 872 873 874 875 876 877 878 879 880 881 882 883 884 885 886 887 888 889 890 891 892 893 894 895 896 897 898 899 900 901 902 903 904 905 906 907 908 909 910 911 912 913 914 915 916 917 918 919 920 921 922 923 924 925 926 927 928 929 930 931 932 933 934 935 936 937 938 939 940 941 942 943 944 945 946 947 948 
0
0
FACE_BOTTOM
0
1
48
853 855 857 859 861 863 865 867 869 871 873 875 877 879 881 883 885 887 889 891 893 895 897 899 901 903 905 907 909 911 913 915 917 919 921 923 925 927 929 931 933 935 937 939 941 943 945 947 
0
0
FACE_TOP
0
1
48
854 856 858 860 862 864 866 868 870 872 874 876 878 880 882 884 886 888 890 892 894 896 898 900 902 904 906 908 910 912 914 916 918 920 922 924 926 928 930 932 934 936 938 940 942 944 946 948 
0
0
SET_ALL
0
1
96
853 854 855 856 857 858 859 860 861 862 863 864 865 866 867 868 869 870 871 872 873 874 875 876 877 878 879 880 881 882 883 884 885 886 887 888 889 890 891 892 893 894 895 896 897 898 899 900 901 902 903 904 905 906 907 908 909 910 911 912 913 914 915 916 917 918 919 920 921 922 923 924 925 926 927 928 929 930 931 932 933 934 935 936 937 938 939 940 941 942 943 944 945 946 947 948 
0
0
_SURF_BOTTOM_S6
0
2
48
853 855 857 859 861 863 865 867 869 871 873 875 877 879 881 883 885 887 889 891 893 895 897 899 901 903 905 907 909 911 913 915 917 919 921 923 925 927 929 931 933 935 937 939 941 943 945 947 
0
0
_SURF_TOP_S4
0
2
48
854 856 858 860 862 864 866 868 870 872 874 876 878 880 882 884 886 888 890 892 894 896 898 900 902 904 906 908 910 912 914 916 918 920 922 924 926 928 930 932 934 936 938 940 942 944 946 948 
0
0
0
CSEG_10-1
7
 P      10
0
2
96
1045 1046 1047 1048 1049 1050 1051 1052 1053 1054 1055 1056 1057 1058 1059 1060 1061 1062 1063 1064 1065 1066 1067 1068 1069 1070 1071 1072 1073 1074 1075 1076 1077 1078 1079 1080 1081 1082 1083 1084 1085 1086 1087 1088 1089 1090 1091 1092 1093 1094 1095 1096 1097 1098 1099 1100 1101 1102 1103 1104 1105 1106 1107 1108 1109 1110 1111 1112 1113 1114 1115 1116 1117 1118 1119 1120 1121 1122 1123 1124 1125 1126 1127 1128 1129 1130 1131 1132 1133 1134 1135 1136 1137 1138 1139 1140 
0
0
 P      10SET_CSEG_ALL_ACTIVE
0
2
96
1045 1046 1047 1048 1049 1050 1051 1052 1053 1054 1055 1056 1057 1058 1059 1060 1061 1062 1063 1064 1065 1066 1067 1068 1069 1070 1071 1072 1073 1074 1075 1076 1077 1078 1079 1080 1081 1082 1083 1084 1085 1086 1087 1088 1089 1090 1091 1092 1093 1094 1095 1096 1097 1098 1099 1100 1101 1102 1103 1104 1105 1106 1107 1108 1109 1110 1111 1112 1113 1114 1115 1116 1117 1118 1119 1120 1121 1122 1123 1124 1125 1126 1127 1128 1129 1130 1131 1132 1133 1134 1135 1136 1137 1138 1139 1140 
0
0
FACE_BOTTOM
0
1
48
1045 1047 1049 1051 1053 1055 1057 1059 1061 1063 1065 1067 1069 1071 1073 1075 1077 1079 1081 1083 1085 1087 1089 1091 1093 1095 1097 1099 1101 1103 1105 1107 1109 1111 1113 1115 1117 1119 1121 1123 1125 1127 1129 1131 1133 1135 1137 1139 
0
0
FACE_TOP
0
1
48
1046 1048 1050 1052 1054 1056 1058 1060 1062 1064 1066 1068 1070 1072 1074 1076 1078 1080 1082 1084 1086 1088 1090 1092 1094 1096 1098 1100 1102 1104 1106 1108 1110 1112 1114 1116 1118 1120 1122 1124 1126 1128 1130 1132 1134 1136 1138 1140 
0
0
SET_ALL
0
1
96
1045 1046 1047 1048 1049 1050 1051 1052 1053 1054 1055 1056 1057 1058 1059 1060 1061 1062 1063 1064 1065 1066 1067 1068 1069 1070 1071 1072 1073 1074 1075 1076 1077 1078 1079 1080 1081 1082 1083 1084 1085 1086 1087 1088 1089 1090 1091 1092 1093 1094 1095 1096 1097 1098 1099 1100 1101 1102 1103 1104 1105 1106 1107 1108 1109 1110 1111 1112 1113 1114 1115 1116 1117 1118 1119 1120 1121 1122 1123 1124 1125 1126 1127 1128 1129 1130 1131 1132 1133 1134 1135 1136 1137 1138 1139 1140 
0
0
_SURF_BOTTOM_S6
0
2
48
1045 1047 1049 1051 1053 1055 1057 1059 1061 1063 1065 1067 1069 1071 1073 1075 1077 1079 1081 1083 1085 1087 1089 1091 1093 1095 1097 1099 1101 1103 1105 1107 1109 1111 1113 1115 1117 1119 1121 1123 1125 1127 1129 1131 1133 1135 1137 1139 
0
0
_SURF_TOP_S4
0
2
48
1046 1048 1050 1052 1054 1056 1058 1060 1062 1064 1066 1068 1070 1072 1074 1076 1078 1080 1082 1084 1086 1088 1090 1092 1094 1096 1098 1100 1102 1104 1106 1108 1110 1112 1114 1116 1118 1120 1122 1124 1126 1128 1130 1132 1134 1136 1138 1140 
0
0
0
CSEG_20-1
7
 P      20
0
2
96
2005 2006 2007 2008 2009 2010 2011 2012 2013 2014 2015 2016 2017 2018 2019 2020 2021 2022 2023 2024 2025 2026 2027 2028 2029 2030 2031 2032 2033 2034 2035 2036 2037 2038 2039 2040 2041 2042 2043 2044 2045 2046 2047 2048 2049 2050 2051 2052 2053 2054 2055 2056 2057 2058 2059 2060 2061 2062 2063 2064 2065 2066 2067 2068 2069 2070 2071 2072 2073 2074 2075 2076 2077 2078 2079 2080 2081 2082 2083 2084 2085 2086 2087 2088 2089 2090 2091 2092 2093 2094 2095 2096 2097 2098 2099 2100 
0
0
 P      20SET_CSEG_ALL_ACTIVE
0
2
96
2005 2006 2007 2008 2009 2010 2011 2012 2013 2014 2015 2016 2017 2018 2019 2020 2021 2022 2023 2024 2025 2026 2027 2028 2029 2030 2031 2032 2033 2034 2035 2036 2037 2038 2039 2040 2041 2042 2043 2044 2045 2046 2047 2048 2049 2050 2051 2052 2053 2054 2055 2056 2057 2058 2059 2060 2061 2062 2063 2064 2065 2066 2067 2068 2069 2070 2071 2072 2073 2074 2075 2076 2077 2078 2079 2080 2081 2082 2083 2084 2085 2086 2087 2088 2089 2090 2091 2092 2093 2094 2095 2096 2097 2098 2099 2100 
0
0
FACE_BOTTOM
0
1
48
2005 2007 2009 2011 2013 2015 2017 2019 2021 2023 2025 2027 2029 2031 2033 2035 2037 2039 2041 2043 2045 2047 2049 2051 2053 2055 2057 2059 2061 2063 2065 2067 2069 2071 2073 2075 2077 2079 2081 2083 2085 2087 2089 2091 2093 2095 2097 2099 
0
0
FACE_TOP
0
1
48
2006 2008 2010 2012 2014 2016 2018 2020 2022 2024 2026 2028 2030 2032 2034 2036 2038 2040 2042 2044 2046 2048 2050 2052 2054 2056 2058 2060 2062 2064 2066 2068 2070 2072 2074 2076 2078 2080 2082 2084 2086 2088 2090 2092 2094 2096 2098 2100 
0
0
SET_ALL
0
1
96
2005 2006 2007 2008 2009 2010 2011 2012 2013 2014 2015 2016 2017 2018 2019 2020 2021 2022 2023 2024 2025 2026 2027 2028 2029 2030 2031 2032 2033 2034 2035 2036 2037 2038 2039 2040 2041 2042 2043 2044 2045 2046 2047 2048 2049 2050 2051 2052 2053 2054 2055 2056 2057 2058 2059 2060 2061 2062 2063 2064 2065 2066 2067 2068 2069 2070 2071 2072 2073 2074 2075 2076 2077 2078 2079 2080 2081 2082 2083 2084 2085 2086 2087 2088 2089 2090 2091 2092 2093 2094 2095 2096 2097 2098 2099 2100 
0
0
_SURF_BOTTOM_S6
0
2
48
2005 2007 2009 2011 2013 2015 2017 2019 2021 2023 2025 2027 2029 2031 2033 2035 2037 2039 2041 2043 2045 2047 2049 2051 2053 2055 2057 2059 2061 2063 2065 2067 2069 2071 2073 2075 2077 2079 2081 2083 2085 2087 2089 2091 2093 2095 2097 2099 
0
0
_SURF_TOP_S4
0
2
48
2006 2008 2010 2012 2014 2016 2018 2020 2022 2024 2026 2028 2030 2032 2034 2036 2038 2040 2042 2044 2046 2048 2050 2052 2054 2056 2058 2060 2062 2064 2066 2068 2070 2072 2074 2076 2078 2080 2082 2084 2086 2088 2090 2092 2094 2096 2098 2100 
0
0
0
CSEG_22-1
7
 P      22
0
2
96
2197 2198 2199 2200 2201 2202 2203 2204 2205 2206 2207 2208 2209 2210 2211 2212 2213 2214 2215 2216 2217 2218 2219 2220 2221 2222 2223 2224 2225 2226 2227 2228 2229 2230 2231 2232 2233 2234 2235 2236 2237 2238 2239 2240 2241 2242 2243 2244 2245 2246 2247 2248 2249 2250 2251 2252 2253 2254 2255 2256 2257 2258 2259 2260 2261 2262 2263 2264 2265 2266 2267 2268 2269 2270 2271 2272 2273 2274 2275 2276 2277 2278 2279 2280 2281 2282 2283 2284 2285 2286 2287 2288 2289 2290 2291 2292 
0
0
 P      22SET_CSEG_ALL_ACTIVE
0
2
96
2197 2198 2199 2200 2201 2202 2203 2204 2205 2206 2207 2208 2209 2210 2211 2212 2213 2214 2215 2216 2217 2218 2219 2220 2221 2222 2223 2224 2225 2226 2227 2228 2229 2230 2231 2232 2233 2234 2235 2236 2237 2238 2239 2240 2241 2242 2243 2244 2245 2246 2247 2248 2249 2250 2251 2252 2253 2254 2255 2256 2257 2258 2259 2260 2261 2262 2263 2264 2265 2266 2267 2268 2269 2270 2271 2272 2273 2274 2275 2276 2277 2278 2279 2280 2281 2282 2283 2284 2285 2286 2287 2288 2289 2290 2291 2292 
0
0
FACE_BOTTOM
0
1
48
2197 2199 2201 2203 2205 2207 2209 2211 2213 2215 2217 2219 2221 2223 2225 2227 2229 2231 2233 2235 2237 2239 2241 2243 2245 2247 2249 2251 2253 2255 2257 2259 2261 2263 2265 2267 2269 2271 2273 2275 2277 2279 2281 2283 2285 2287 2289 2291 
0
0
FACE_TOP
0
1
48
2198 2200 2202 2204 2206 2208 2210 2212 2214 2216 2218 2220 2222 2224 2226 2228 2230 2232 2234 2236 2238 2240 2242 2244 2246 2248 2250 2252 2254 2256 2258 2260 2262 2264 2266 2268 2270 2272 2274 2276 2278 2280 2282 2284 2286 2288 2290 2292 
0
0
SET_ALL
0
1
96
2197 2198 2199 2200 2201 2202 2203 2204 2205 2206 2207 2208 2209 2210 2211 2212 2213 2214 2215 2216 2217 2218 2219 2220 2221 2222 2223 2224 2225 2226 2227 2228 2229 2230 2231 2232 2233 2234 2235 2236 2237 2238 2239 2240 2241 2242 2243 2244 2245 2246 2247 2248 2249 2250 2251 2252 2253 2254 2255 2256 2257 2258 2259 2260 2261 2262 2263 2264 2265 2266 2267 2268 2269 2270 2271 2272 2273 2274 2275 2276 2277 2278 2279 2280 2281 2282 2283 2284 2285 2286 2287 2288 2289 2290 2291 2292 
0
0
_SURF_BOTTOM_S6
0
2
48
2197 2199 2201 2203 2205 2207 2209 2211 2213 2215 2217 2219 2221 2223 2225 2227 2229 2231 2233 2235 2237 2239 2241 2243 2245 2247 2249 2251 2253 2255 2257 2259 2261 2263 2265 2267 2269 2271 2273 2275 2277 2279 2281 2283 2285 2287 2289 2291 
0
0
_SURF_TOP_S4
0
2
48
2198 2200 2202 2204 2206 2208 2210 2212 2214 2216 2218 2220 2222 2224 2226 2228 2230 2232 2234 2236 2238 2240 2242 2244 2246 2248 2250 2252 2254 2256 2258 2260 2262 2264 2266 2268 2270 2272 2274 2276 2278 2280 2282 2284 2286 2288 2290 2292 
0
0
0
CSEG_24-1
7
 P      24
0
2
96
2389 2390 2391 2392 2393 2394 2395 2396 2397 2398 2399 2400 2401 2402 2403 2404 2405 2406 2407 2408 2409 2410 2411 2412 2413 2414 2415 2416 2417 2418 2419 2420 2421 2422 2423 2424 2425 2426 2427 2428 2429 2430 2431 2432 2433 2434 2435 2436 2437 2438 2439 2440 2441 2442 2443 2444 2445 2446 2447 2448 2449 2450 2451 2452 2453 2454 2455 2456 2457 2458 2459 2460 2461 2462 2463 2464 2465 2466 2467 2468 2469 2470 2471 2472 2473 2474 2475 2476 2477 2478 2479 2480 2481 2482 2483 2484 
0
0
 P      24SET_CSEG_ALL_ACTIVE
0
2
96
2389 2390 2391 2392 2393 2394 2395 2396 2397 2398 2399 2400 2401 2402 2403 2404 2405 2406 2407 2408 2409 2410 2411 2412 2413 2414 2415 2416 2417 2418 2419 2420 2421 2422 2423 2424 2425 2426 2427 2428 2429 2430 2431 2432 2433 2434 2435 2436 2437 2438 2439 2440 2441 2442 2443 2444 2445 2446 2447 2448 2449 2450 2451 2452 2453 2454 2455 2456 2457 2458 2459 2460 2461 2462 2463 2464 2465 2466 2467 2468 2469 2470 2471 2472 2473 2474 2475 2476 2477 2478 2479 2480 2481 2482 2483 2484 
0
0
FACE_BOTTOM
0
1
48
2389 2391 2393 2395 2397 2399 2401 2403 2405 2407 2409 2411 2413 2415 2417 2419 2421 2423 2425 2427 2429 2431 2433 2435 2437 2439 2441 2443 2445 2447 2449 2451 2453 2455 2457 2459 2461 2463 2465 2467 2469 2471 2473 2475 2477 2479 2481 2483 
0
0
FACE_TOP
0
1
48
2390 2392 2394 2396 2398 2400 2402 2404 2406 2408 2410 2412 2414 2416 2418 2420 2422 2424 2426 2428 2430 2432 2434 2436 2438 2440 2442 2444 2446 2448 2450 2452 2454 2456 2458 2460 2462 2464 2466 2468 2470 2472 2474 2476 2478 2480 2482 2484 
0
0
SET_ALL
0
1
96
2389 2390 2391 2392 2393 2394 2395 2396 2397 2398 2399 2400 2401 2402 2403 2404 2405 2406 2407 2408 2409 2410 2411 2412 2413 2414 2415 2416 2417 2418 2419 2420 2421 2422 2423 2424 2425 2426 2427 2428 2429 2430 2431 2432 2433 2434 2435 2436 2437 2438 2439 2440 2441 2442 2443 2444 2445 2446 2447 2448 2449 2450 2451 2452 2453 2454 2455 2456 2457 2458 2459 2460 2461 2462 2463 2464 2465 2466 2467 2468 2469 2470 2471 2472 2473 2474 2475 2476 2477 2478 2479 2480 2481 2482 2483 2484 
0
0
_SURF_BOTTOM_S6
0
2
48
2389 2391 2393 2395 2397 2399 2401 2403 2405 2407 2409 2411 2413 2415 2417 2419 2421 2423 2425 2427 2429 2431 2433 2435 2437 2439 2441 2443 2445 2447 2449 2451 2453 2455 2457 2459 2461 2463 2465 2467 2469 2471 2473 2475 2477 2479 2481 2483 
0
0
_SURF_TOP_S4
0
2
48
2390 2392 2394 2396 2398 2400 2402 2404 2406 2408 2410 2412 2414 2416 2418 2420 2422 2424 2426 2428 2430 2432 2434 2436 2438 2440 2442 2444 2446 2448 2450 2452 2454 2456 2458 2460 2462 2464 2466 2468 2470 2472 2474 2476 2478 2480 2482 2484 
0
0
0
CSEG_26-1
7
 P      26
0
2
96
2581 2582 2583 2584 2585 2586 2587 2588 2589 2590 2591 2592 2593 2594 2595 2596 2597 2598 2599 2600 2601 2602 2603 2604 2605 2606 2607 2608 2609 2610 2611 2612 2613 2614 2615 2616 2617 2618 2619 2620 2621 2622 2623 2624 2625 2626 2627 2628 2629 2630 2631 2632 2633 2634 2635 2636 2637 2638 2639 2640 2641 2642 2643 2644 2645 2646 2647 2648 2649 2650 2651 2652 2653 2654 2655 2656 2657 2658 2659 2660 2661 2662 2663 2664 2665 2666 2667 2668 2669 2670 2671 2672 2673 2674 2675 2676 
0
0
 P      26SET_CSEG_ALL_ACTIVE
0
2
96
2581 2582 2583 2584 2585 2586 2587 2588 2589 2590 2591 2592 2593 2594 2595 2596 2597 2598 2599 2600 2601 2602 2603 2604 2605 2606 2607 2608 2609 2610 2611 2612 2613 2614 2615 2616 2617 2618 2619 2620 2621 2622 2623 2624 2625 2626 2627 2628 2629 2630 2631 2632 2633 2634 2635 2636 2637 2638 2639 2640 2641 2642 2643 2644 2645 2646 2647 2648 2649 2650 2651 2652 2653 2654 2655 2656 2657 2658 2659 2660 2661 2662 2663 2664 2665 2666 2667 2668 2669 2670 2671 2672 2673 2674 2675 2676 
0
0
FACE_BOTTOM
0
1
48
2581 2583 2585 2587 2589 2591 2593 2595 2597 2599 2601 2603 2605 2607 2609 2611 2613 2615 2617 2619 2621 2623 2625 2627 2629 2631 2633 2635 2637 2639 2641 2643 2645 2647 2649 2651 2653 2655 2657 2659 2661 2663 2665 2667 2669 2671 2673 2675 
0
0
FACE_TOP
0
1
48
2582 2584 2586 2588 2590 2592 2594 2596 2598 2600 2602 2604 2606 2608 2610 2612 2614 2616 2618 2620 2622 2624 2626 2628 2630 2632 2634 2636 2638 2640 2642 2644 2646 2648 2650 2652 2654 2656 2658 2660 2662 2664 2666 2668 2670 2672 2674 2676 
0
0
SET_ALL
0
1
96
2581 2582 2583 2584 2585 2586 2587 2588 2589 2590 2591 2592 2593 2594 2595 2596 2597 2598 2599 2600 2601 2602 2603 2604 2605 2606 2607 2608 2609 2610 2611 2612 2613 2614 2615 2616 2617 2618 2619 2620 2621 2622 2623 2624 2625 2626 2627 2628 2629 2630 2631 2632 2633 2634 2635 2636 2637 2638 2639 2640 2641 2642 2643 2644 2645 2646 2647 2648 2649 2650 2651 2652 2653 2654 2655 2656 2657 2658 2659 2660 2661 2662 2663 2664 2665 2666 2667 2668 2669 2670 2671 2672 2673 2674 2675 2676 
0
0
_SURF_BOTTOM_S6
0
2
48
2581 2583 2585 2587 2589 2591 2593 2595 2597 2599 2601 2603 2605 2607 2609 2611 2613 2615 2617 2619 2621 2623 2625 2627 2629 2631 2633 2635 2637 2639 2641 2643 2645 2647 2649 2651 2653 2655 2657 2659 2661 2663 2665 2667 2669 2671 2673 2675 
0
0
_SURF_TOP_S4
0
2
48
2582 2584 2586 2588 2590 2592 2594 2596 2598 2600 2602 2604 2606 2608 2610 2612 2614 2616 2618 2620 2622 2624 2626 2628 2630 2632 2634 2636 2638 2640 2642 2644 2646 2648 2650 2652 2654 2656 2658 2660 2662 2664 2666 2668 2670 2672 2674 2676 
0
0
0
CSEG_28-1
7
 P      28
0
2
96
2773 2774 2775 2776 2777 2778 2779 2780 2781 2782 2783 2784 2785 2786 2787 2788 2789 2790 2791 2792 2793 2794 2795 2796 2797 2798 2799 2800 2801 2802 2803 2804 2805 2806 2807 2808 2809 2810 2811 2812 2813 2814 2815 2816 2817 2818 2819 2820 2821 2822 2823 2824 2825 2826 2827 2828 2829 2830 2831 2832 2833 2834 2835 2836 2837 2838 2839 2840 2841 2842 2843 2844 2845 2846 2847 2848 2849 2850 2851 2852 2853 2854 2855 2856 2857 2858 2859 2860 2861 2862 2863 2864 2865 2866 2867 2868 
0
0
 P      28SET_CSEG_ALL_ACTIVE
0
2
96
2773 2774 2775 2776 2777 2778 2779 2780 2781 2782 2783 2784 2785 2786 2787 2788 2789 2790 2791 2792 2793 2794 2795 2796 2797 2798 2799 2800 2801 2802 2803 2804 2805 2806 2807 2808 2809 2810 2811 2812 2813 2814 2815 2816 2817 2818 2819 2820 2821 2822 2823 2824 2825 2826 2827 2828 2829 2830 2831 2832 2833 2834 2835 2836 2837 2838 2839 2840 2841 2842 2843 2844 2845 2846 2847 2848 2849 2850 2851 2852 2853 2854 2855 2856 2857 2858 2859 2860 2861 2862 2863 2864 2865 2866 2867 2868 
0
0
FACE_BOTTOM
0
1
48
2773 2775 2777 2779 2781 2783 2785 2787 2789 2791 2793 2795 2797 2799 2801 2803 2805 2807 2809 2811 2813 2815 2817 2819 2821 2823 2825 2827 2829 2831 2833 2835 2837 2839 2841 2843 2845 2847 2849 2851 2853 2855 2857 2859 2861 2863 2865 2867 
0
0
FACE_TOP
0
1
48
2774 2776 2778 2780 2782 2784 2786 2788 2790 2792 2794 2796 2798 2800 2802 2804 2806 2808 2810 2812 2814 2816 2818 2820 2822 2824 2826 2828 2830 2832 2834 2836 2838 2840 2842 2844 2846 2848 2850 2852 2854 2856 2858 2860 2862 2864 2866 2868 
0
0
SET_ALL
0
1
96
2773 2774 2775 2776 2777 2778 2779 2780 2781 2782 2783 2784 2785 2786 2787 2788 2789 2790 2791 2792 2793 2794 2795 2796 2797 2798 2799 2800 2801 2802 2803 2804 2805 2806 2807 2808 2809 2810 2811 2812 2813 2814 2815 2816 2817 2818 2819 2820 2821 2822 2823 2824 2825 2826 2827 2828 2829 2830 2831 2832 2833 2834 2835 2836 2837 2838 2839 2840 2841 2842 2843 2844 2845 2846 2847 2848 2849 2850 2851 2852 2853 2854 2855 2856 2857 2858 2859 2860 2861 2862 2863 2864 2865 2866 2867 2868 
0
0
_SURF_BOTTOM_S6
0
2
48
2773 2775 2777 2779 2781 2783 2785 2787 2789 2791 2793 2795 2797 2799 2801 2803 2805 2807 2809 2811 2813 2815 2817 2819 2821 2823 2825 2827 2829 2831 2833 2835 2837 2839 2841 2843 2845 2847 2849 2851 2853 2855 2857 2859 2861 2863 2865 2867 
0
0
_SURF_TOP_S4
0
2
48
2774 2776 2778 2780 2782 2784 2786 2788 2790 2792 2794 2796 2798 2800 2802 2804 2806 2808 2810 2812 2814 2816 2818 2820 2822 2824 2826 2828 2830 2832 2834 2836 2838 2840 2842 2844 2846 2848 2850 2852 2854 2856 2858 2860 2862 2864 2866 2868 
0
0
0
SSEG_02-1
7
 P      74
0
2
96
631532 631533 631534 631535 631536 631537 631538 631539 631540 631541 631542 631543 631544 631545 631546 631547 631548 631549 631550 631551 631552 631553 631554 631555 631556 631557 631558 631559 631560 631561 631562 631563 631564 631565 631566 631567 631568 631569 631570 631571 631572 631573 631574 631575 631576 631577 631578 631579 631580 631581 631582 631583 631584 631585 631586 631587 631588 631589 631590 631591 631592 631593 631594 631595 631596 631597 631598 631599 631600 631601 631602 631603 631604 631605 631606 631607 631608 631609 631610 631611 631612 631613 631614 631615 631616 631617 631618 631619 631620 631621 631622 631623 631624 631625 631626 631627 
0
0
 P      74SET_SSEG_ALL_ACTIVE
0
2
96
631532 631533 631534 631535 631536 631537 631538 631539 631540 631541 631542 631543 631544 631545 631546 631547 631548 631549 631550 631551 631552 631553 631554 631555 631556 631557 631558 631559 631560 631561 631562 631563 631564 631565 631566 631567 631568 631569 631570 631571 631572 631573 631574 631575 631576 631577 631578 631579 631580 631581 631582 631583 631584 631585 631586 631587 631588 631589 631590 631591 631592 631593 631594 631595 631596 631597 631598 631599 631600 631601 631602 631603 631604 631605 631606 631607 631608 631609 631610 631611 631612 631613 631614 631615 631616 631617 631618 631619 631620 631621 631622 631623 631624 631625 631626 631627 
0
0
FACE_BOTTOM
0
1
24
631532 631536 631540 631544 631548 631552 631556 631560 631564 631568 631572 631576 631580 631584 631588 631592 631596 631600 631604 631608 631612 631616 631620 631624 
0
0
FACE_TOP
0
1
24
631535 631539 631543 631547 631551 631555 631559 631563 631567 631571 631575 631579 631583 631587 631591 631595 631599 631603 631607 631611 631615 631619 631623 631627 
0
0
SET_ALL
0
1
96
631532 631533 631534 631535 631536 631537 631538 631539 631540 631541 631542 631543 631544 631545 631546 631547 631548 631549 631550 631551 631552 631553 631554 631555 631556 631557 631558 631559 631560 631561 631562 631563 631564 631565 631566 631567 631568 631569 631570 631571 631572 631573 631574 631575 631576 631577 631578 631579 631580 631581 631582 631583 631584 631585 631586 631587 631588 631589 631590 631591 631592 631593 631594 631595 631596 631597 631598 631599 631600 631601 631602 631603 631604 631605 631606 631607 631608 631609 631610 631611 631612 631613 631614 631615 631616 631617 631618 631619 631620 631621 631622 631623 631624 631625 631626 631627 
0
0
_SURF_BOTTOM_S6
0
2
24
631532 631536 631540 631544 631548 631552 631556 631560 631564 631568 631572 631576 631580 631584 631588 631592 631596 631600 631604 631608 631612 631616 631620 631624 
0
0
_SURF_TOP_S4
0
2
24
631535 631539 631543 631547 631551 631555 631559 631563 631567 631571 631575 631579 631583 631587 631591 631595 631599 631603 631607 631611 631615 631619 631623 631627 
0
0
0
SSEG_04-1
7
 P      76
0
2
96
631724 631725 631726 631727 631728 631729 631730 631731 631732 631733 631734 631735 631736 631737 631738 631739 631740 631741 631742 631743 631744 631745 631746 631747 631748 631749 631750 631751 631752 631753 631754 631755 631756 631757 631758 631759 631760 631761 631762 631763 631764 631765 631766 631767 631768 631769 631770 631771 631772 631773 631774 631775 631776 631777 631778 631779 631780 631781 631782 631783 631784 631785 631786 631787 631788 631789 631790 631791 631792 631793 631794 631795 631796 631797 631798 631799 631800 631801 631802 631803 631804 631805 631806 631807 631808 631809 631810 631811 631812 631813 631814 631815 631816 631817 631818 631819 
0
0
 P      76SET_SSEG_ALL_ACTIVE
0
2
96
631724 631725 631726 631727 631728 631729 631730 631731 631732 631733 631734 631735 631736 631737 631738 631739 631740 631741 631742 631743 631744 631745 631746 631747 631748 631749 631750 631751 631752 631753 631754 631755 631756 631757 631758 631759 631760 631761 631762 631763 631764 631765 631766 631767 631768 631769 631770 631771 631772 631773 631774 631775 631776 631777 631778 631779 631780 631781 631782 631783 631784 631785 631786 631787 631788 631789 631790 631791 631792 631793 631794 631795 631796 631797 631798 631799 631800 631801 631802 631803 631804 631805 631806 631807 631808 631809 631810 631811 631812 631813 631814 631815 631816 631817 631818 631819 
0
0
FACE_BOTTOM
0
1
24
631724 631728 631732 631736 631740 631744 631748 631752 631756 631760 631764 631768 631772 631776 631780 631784 631788 631792 631796 631800 631804 631808 631812 631816 
0
0
FACE_TOP
0
1
24
631727 631731 631735 631739 631743 631747 631751 631755 631759 631763 631767 631771 631775 631779 631783 631787 631791 631795 631799 631803 631807 631811 631815 631819 
0
0
SET_ALL
0
1
96
631724 631725 631726 631727 631728 631729 631730 631731 631732 631733 631734 631735 631736 631737 631738 631739 631740 631741 631742 631743 631744 631745 631746 631747 631748 631749 631750 631751 631752 631753 631754 631755 631756 631757 631758 631759 631760 631761 631762 631763 631764 631765 631766 631767 631768 631769 631770 631771 631772 631773 631774 631775 631776 631777 631778 631779 631780 631781 631782 631783 631784 631785 631786 631787 631788 631789 631790 631791 631792 631793 631794 631795 631796 631797 631798 631799 631800 631801 631802 631803 631804 631805 631806 631807 631808 631809 631810 631811 631812 631813 631814 631815 631816 631817 631818 631819 
0
0
_SURF_BOTTOM_S6
0
2
24
631724 631728 631732 631736 631740 631744 631748 631752 631756 631760 631764 631768 631772 631776 631780 631784 631788 631792 631796 631800 631804 631808 631812 631816 
0
0
_SURF_TOP_S4
0
2
24
631727 631731 631735 631739 631743 631747 631751 631755 631759 631763 631767 631771 631775 631779 631783 631787 631791 631795 631799 631803 631807 631811 631815 631819 
0
0
0
CSEG_12-1
7
 P      12
0
2
96
1237 1238 1239 1240 1241 1242 1243 1244 1245 1246 1247 1248 1249 1250 1251 1252 1253 1254 1255 1256 1257 1258 1259 1260 1261 1262 1263 1264 1265 1266 1267 1268 1269 1270 1271 1272 1273 1274 1275 1276 1277 1278 1279 1280 1281 1282 1283 1284 1285 1286 1287 1288 1289 1290 1291 1292 1293 1294 1295 1296 1297 1298 1299 1300 1301 1302 1303 1304 1305 1306 1307 1308 1309 1310 1311 1312 1313 1314 1315 1316 1317 1318 1319 1320 1321 1322 1323 1324 1325 1326 1327 1328 1329 1330 1331 1332 
0
0
 P      12SET_CSEG_ALL_ACTIVE
0
2
96
1237 1238 1239 1240 1241 1242 1243 1244 1245 1246 1247 1248 1249 1250 1251 1252 1253 1254 1255 1256 1257 1258 1259 1260 1261 1262 1263 1264 1265 1266 1267 1268 1269 1270 1271 1272 1273 1274 1275 1276 1277 1278 1279 1280 1281 1282 1283 1284 1285 1286 1287 1288 1289 1290 1291 1292 1293 1294 1295 1296 1297 1298 1299 1300 1301 1302 1303 1304 1305 1306 1307 1308 1309 1310 1311 1312 1313 1314 1315 1316 1317 1318 1319 1320 1321 1322 1323 1324 1325 1326 1327 1328 1329 1330 1331 1332 
0
0
FACE_BOTTOM
0
1
48
1237 1239 1241 1243 1245 1247 1249 1251 1253 1255 1257 1259 1261 1263 1265 1267 1269 1271 1273 1275 1277 1279 1281 1283 1285 1287 1289 1291 1293 1295 1297 1299 1301 1303 1305 1307 1309 1311 1313 1315 1317 1319 1321 1323 1325 1327 1329 1331 
0
0
FACE_TOP
0
1
48
1238 1240 1242 1244 1246 1248 1250 1252 1254 1256 1258 1260 1262 1264 1266 1268 1270 1272 1274 1276 1278 1280 1282 1284 1286 1288 1290 1292 1294 1296 1298 1300 1302 1304 1306 1308 1310 1312 1314 1316 1318 1320 1322 1324 1326 1328 1330 1332 
0
0
SET_ALL
0
1
96
1237 1238 1239 1240 1241 1242 1243 1244 1245 1246 1247 1248 1249 1250 1251 1252 1253 1254 1255 1256 1257 1258 1259 1260 1261 1262 1263 1264 1265 1266 1267 1268 1269 1270 1271 1272 1273 1274 1275 1276 1277 1278 1279 1280 1281 1282 1283 1284 1285 1286 1287 1288 1289 1290 1291 1292 1293 1294 1295 1296 1297 1298 1299 1300 1301 1302 1303 1304 1305 1306 1307 1308 1309 1310 1311 1312 1313 1314 1315 1316 1317 1318 1319 1320 1321 1322 1323 1324 1325 1326 1327 1328 1329 1330 1331 1332 
0
0
_SURF_BOTTOM_S6
0
2
48
1237 1239 1241 1243 1245 1247 1249 1251 1253 1255 1257 1259 1261 1263 1265 1267 1269 1271 1273 1275 1277 1279 1281 1283 1285 1287 1289 1291 1293 1295 1297 1299 1301 1303 1305 1307 1309 1311 1313 1315 1317 1319 1321 1323 1325 1327 1329 1331 
0
0
_SURF_TOP_S4
0
2
48
1238 1240 1242 1244 1246 1248 1250 1252 1254 1256 1258 1260 1262 1264 1266 1268 1270 1272 1274 1276 1278 1280 1282 1284 1286 1288 1290 1292 1294 1296 1298 1300 1302 1304 1306 1308 1310 1312 1314 1316 1318 1320 1322 1324 1326 1328 1330 1332 
0
0
0
CSEG_14-1
7
 P      14
0
2
96
1429 1430 1431 1432 1433 1434 1435 1436 1437 1438 1439 1440 1441 1442 1443 1444 1445 1446 1447 1448 1449 1450 1451 1452 1453 1454 1455 1456 1457 1458 1459 1460 1461 1462 1463 1464 1465 1466 1467 1468 1469 1470 1471 1472 1473 1474 1475 1476 1477 1478 1479 1480 1481 1482 1483 1484 1485 1486 1487 1488 1489 1490 1491 1492 1493 1494 1495 1496 1497 1498 1499 1500 1501 1502 1503 1504 1505 1506 1507 1508 1509 1510 1511 1512 1513 1514 1515 1516 1517 1518 1519 1520 1521 1522 1523 1524 
0
0
 P      14SET_CSEG_ALL_ACTIVE
0
2
96
1429 1430 1431 1432 1433 1434 1435 1436 1437 1438 1439 1440 1441 1442 1443 1444 1445 1446 1447 1448 1449 1450 1451 1452 1453 1454 1455 1456 1457 1458 1459 1460 1461 1462 1463 1464 1465 1466 1467 1468 1469 1470 1471 1472 1473 1474 1475 1476 1477 1478 1479 1480 1481 1482 1483 1484 1485 1486 1487 1488 1489 1490 1491 1492 1493 1494 1495 1496 1497 1498 1499 1500 1501 1502 1503 1504 1505 1506 1507 1508 1509 1510 1511 1512 1513 1514 1515 1516 1517 1518 1519 1520 1521 1522 1523 1524 
0
0
FACE_BOTTOM
0
1
48
1429 1431 1433 1435 1437 1439 1441 1443 1445 1447 1449 1451 1453 1455 1457 1459 1461 1463 1465 1467 1469 1471 1473 1475 1477 1479 1481 1483 1485 1487 1489 1491 1493 1495 1497 1499 1501 1503 1505 1507 1509 1511 1513 1515 1517 1519 1521 1523 
0
0
FACE_TOP
0
1
48
1430 1432 1434 1436 1438 1440 1442 1444 1446 1448 1450 1452 1454 1456 1458 1460 1462 1464 1466 1468 1470 1472 1474 1476 1478 1480 1482 1484 1486 1488 1490 1492 1494 1496 1498 1500 1502 1504 1506 1508 1510 1512 1514 1516 1518 1520 1522 1524 
0
0
SET_ALL
0
1
96
1429 1430 1431 1432 1433 1434 1435 1436 1437 1438 1439 1440 1441 1442 1443 1444 1445 1446 1447 1448 1449 1450 1451 1452 1453 1454 1455 1456 1457 1458 1459 1460 1461 1462 1463 1464 1465 1466 1467 1468 1469 1470 1471 1472 1473 1474 1475 1476 1477 1478 1479 1480 1481 1482 1483 1484 1485 1486 1487 1488 1489 1490 1491 1492 1493 1494 1495 1496 1497 1498 1499 1500 1501 1502 1503 1504 1505 1506 1507 1508 1509 1510 1511 1512 1513 1514 1515 1516 1517 1518 1519 1520 1521 1522 1523 1524 
0
0
_SURF_BOTTOM_S6
0
2
48
1429 1431 1433 1435 1437 1439 1441 1443 1445 1447 1449 1451 1453 1455 1457 1459 1461 1463 1465 1467 1469 1471 1473 1475 1477 1479 1481 1483 1485 1487 1489 1491 1493 1495 1497 1499 1501 1503 1505 1507 1509 1511 1513 1515 1517 1519 1521 1523 
0
0
_SURF_TOP_S4
0
2
48
1430 1432 1434 1436 1438 1440 1442 1444 1446 1448 1450 1452 1454 1456 1458 1460 1462 1464 1466 1468 1470 1472 1474 1476 1478 1480 1482 1484 1486 1488 1490 1492 1494 1496 1498 1500 1502 1504 1506 1508 1510 1512 1514 1516 1518 1520 1522 1524 
0
0
0
CSEG_16-1
7
 P      16
0
2
96
1621 1622 1623 1624 1625 1626 1627 1628 1629 1630 1631 1632 1633 1634 1635 1636 1637 1638 1639 1640 1641 1642 1643 1644 1645 1646 1647 1648 1649 1650 1651 1652 1653 1654 1655 1656 1657 1658 1659 1660 1661 1662 1663 1664 1665 1666 1667 1668 1669 1670 1671 1672 1673 1674 1675 1676 1677 1678 1679 1680 1681 1682 1683 1684 1685 1686 1687 1688 1689 1690 1691 1692 1693 1694 1695 1696 1697 1698 1699 1700 1701 1702 1703 1704 1705 1706 1707 1708 1709 1710 1711 1712 1713 1714 1715 1716 
0
0
 P      16SET_CSEG_ALL_ACTIVE
0
2
96
1621 1622 1623 1624 1625 1626 1627 1628 1629 1630 1631 1632 1633 1634 1635 1636 1637 1638 1639 1640 1641 1642 1643 1644 1645 1646 1647 1648 1649 1650 1651 1652 1653 1654 1655 1656 1657 1658 1659 1660 1661 1662 1663 1664 1665 1666 1667 1668 1669 1670 1671 1672 1673 1674 1675 1676 1677 1678 1679 1680 1681 1682 1683 1684 1685 1686 1687 1688 1689 1690 1691 1692 1693 1694 1695 1696 1697 1698 1699 1700 1701 1702 1703 1704 1705 1706 1707 1708 1709 1710 1711 1712 1713 1714 1715 1716 
0
0
FACE_BOTTOM
0
1
48
1621 1623 1625 1627 1629 1631 1633 1635 1637 1639 1641 1643 1645 1647 1649 1651 1653 1655 1657 1659 1661 1663 1665 1667 1669 1671 1673 1675 1677 1679 1681 1683 1685 1687 1689 1691 1693 1695 1697 1699 1701 1703 1705 1707 1709 1711 1713 1715 
0
0
FACE_TOP
0
1
48
1622 1624 1626 1628 1630 1632 1634 1636 1638 1640 1642 1644 1646 1648 1650 1652 1654 1656 1658 1660 1662 1664 1666 1668 1670 1672 1674 1676 1678 1680 1682 1684 1686 1688 1690 1692 1694 1696 1698 1700 1702 1704 1706 1708 1710 1712 1714 1716 
0
0
SET_ALL
0
1
96
1621 1622 1623 1624 1625 1626 1627 1628 1629 1630 1631 1632 1633 1634 1635 1636 1637 1638 1639 1640 1641 1642 1643 1644 1645 1646 1647 1648 1649 1650 1651 1652 1653 1654 1655 1656 1657 1658 1659 1660 1661 1662 1663 1664 1665 1666 1667 1668 1669 1670 1671 1672 1673 1674 1675 1676 1677 1678 1679 1680 1681 1682 1683 1684 1685 1686 1687 1688 1689 1690 1691 1692 1693 1694 1695 1696 1697 1698 1699 1700 1701 1702 1703 1704 1705 1706 1707 1708 1709 1710 1711 1712 1713 1714 1715 1716 
0
0
_SURF_BOTTOM_S6
0
2
48
1621 1623 1625 1627 1629 1631 1633 1635 1637 1639 1641 1643 1645 1647 1649 1651 1653 1655 1657 1659 1661 1663 1665 1667 1669 1671 1673 1675 1677 1679 1681 1683 1685 1687 1689 1691 1693 1695 1697 1699 1701 1703 1705 1707 1709 1711 1713 1715 
0
0
_SURF_TOP_S4
0
2
48
1622 1624 1626 1628 1630 1632 1634 1636 1638 1640 1642 1644 1646 1648 1650 1652 1654 1656 1658 1660 1662 1664 1666 1668 1670 1672 1674 1676 1678 1680 1682 1684 1686 1688 1690 1692 1694 1696 1698 1700 1702 1704 1706 1708 1710 1712 1714 1716 
0
0
0
CSEG_18-1
7
 P      18
0
2
96
1813 1814 1815 1816 1817 1818 1819 1820 1821 1822 1823 1824 1825 1826 1827 1828 1829 1830 1831 1832 1833 1834 1835 1836 1837 1838 1839 1840 1841 1842 1843 1844 1845 1846 1847 1848 1849 1850 1851 1852 1853 1854 1855 1856 1857 1858 1859 1860 1861 1862 1863 1864 1865 1866 1867 1868 1869 1870 1871 1872 1873 1874 1875 1876 1877 1878 1879 1880 1881 1882 1883 1884 1885 1886 1887 1888 1889 1890 1891 1892 1893 1894 1895 1896 1897 1898 1899 1900 1901 1902 1903 1904 1905 1906 1907 1908 
0
0
 P      18SET_CSEG_ALL_ACTIVE
0
2
96
1813 1814 1815 1816 1817 1818 1819 1820 1821 1822 1823 1824 1825 1826 1827 1828 1829 1830 1831 1832 1833 1834 1835 1836 1837 1838 1839 1840 1841 1842 1843 1844 1845 1846 1847 1848 1849 1850 1851 1852 1853 1854 1855 1856 1857 1858 1859 1860 1861 1862 1863 1864 1865 1866 1867 1868 1869 1870 1871 1872 1873 1874 1875 1876 1877 1878 1879 1880 1881 1882 1883 1884 1885 1886 1887 1888 1889 1890 1891 1892 1893 1894 1895 1896 1897 1898 1899 1900 1901 1902 1903 1904 1905 1906 1907 1908 
0
0
FACE_BOTTOM
0
1
48
1813 1815 1817 1819 1821 1823 1825 1827 1829 1831 1833 1835 1837 1839 1841 1843 1845 1847 1849 1851 1853 1855 1857 1859 1861 1863 1865 1867 1869 1871 1873 1875 1877 1879 1881 1883 1885 1887 1889 1891 1893 1895 1897 1899 1901 1903 1905 1907 
0
0
FACE_TOP
0
1
48
1814 1816 1818 1820 1822 1824 1826 1828 1830 1832 1834 1836 1838 1840 1842 1844 1846 1848 1850 1852 1854 1856 1858 1860 1862 1864 1866 1868 1870 1872 1874 1876 1878 1880 1882 1884 1886 1888 1890 1892 1894 1896 1898 1900 1902 1904 1906 1908 
0
0
SET_ALL
0
1
96
1813 1814 1815 1816 1817 1818 1819 1820 1821 1822 1823 1824 1825 1826 1827 1828 1829 1830 1831 1832 1833 1834 1835 1836 1837 1838 1839 1840 1841 1842 1843 1844 1845 1846 1847 1848 1849 1850 1851 1852 1853 1854 1855 1856 1857 1858 1859 1860 1861 1862 1863 1864 1865 1866 1867 1868 1869 1870 1871 1872 1873 1874 1875 1876 1877 1878 1879 1880 1881 1882 1883 1884 1885 1886 1887 1888 1889 1890 1891 1892 1893 1894 1895 1896 1897 1898 1899 1900 1901 1902 1903 1904 1905 1906 1907 1908 
0
0
_SURF_BOTTOM_S6
0
2
48
1813 1815 1817 1819 1821 1823 1825 1827 1829 1831 1833 1835 1837 1839 1841 1843 1845 1847 1849 1851 1853 1855 1857 1859 1861 1863 1865 1867 1869 1871 1873 1875 1877 1879 1881 1883 1885 1887 1889 1891 1893 1895 1897 1899 1901 1903 1905 1907 
0
0
_SURF_TOP_S4
0
2
48
1814 1816 1818 1820 1822 1824 1826 1828 1830 1832 1834 1836 1838 1840 1842 1844 1846 1848 1850 1852 1854 1856 1858 1860 1862 1864 1866 1868 1870 1872 1874 1876 1878 1880 1882 1884 1886 1888 1890 1892 1894 1896 1898 1900 1902 1904 1906 1908 
0
0
0
CSEG_30-1
7
 P      30
0
2
96
2965 2966 2967 2968 2969 2970 2971 2972 2973 2974 2975 2976 2977 2978 2979 2980 2981 2982 2983 2984 2985 2986 2987 2988 2989 2990 2991 2992 2993 2994 2995 2996 2997 2998 2999 3000 3001 3002 3003 3004 3005 3006 3007 3008 3009 3010 3011 3012 3013 3014 3015 3016 3017 3018 3019 3020 3021 3022 3023 3024 3025 3026 3027 3028 3029 3030 3031 3032 3033 3034 3035 3036 3037 3038 3039 3040 3041 3042 3043 3044 3045 3046 3047 3048 3049 3050 3051 3052 3053 3054 3055 3056 3057 3058 3059 3060 
0
0
 P      30SET_CSEG_ALL_ACTIVE
0
2
96
2965 2966 2967 2968 2969 2970 2971 2972 2973 2974 2975 2976 2977 2978 2979 2980 2981 2982 2983 2984 2985 2986 2987 2988 2989 2990 2991 2992 2993 2994 2995 2996 2997 2998 2999 3000 3001 3002 3003 3004 3005 3006 3007 3008 3009 3010 3011 3012 3013 3014 3015 3016 3017 3018 3019 3020 3021 3022 3023 3024 3025 3026 3027 3028 3029 3030 3031 3032 3033 3034 3035 3036 3037 3038 3039 3040 3041 3042 3043 3044 3045 3046 3047 3048 3049 3050 3051 3052 3053 3054 3055 3056 3057 3058 3059 3060 
0
0
FACE_BOTTOM
0
1
48
2965 2967 2969 2971 2973 2975 2977 2979 2981 2983 2985 2987 2989 2991 2993 2995 2997 2999 3001 3003 3005 3007 3009 3011 3013 3015 3017 3019 3021 3023 3025 3027 3029 3031 3033 3035 3037 3039 3041 3043 3045 3047 3049 3051 3053 3055 3057 3059 
0
0
FACE_TOP
0
1
48
2966 2968 2970 2972 2974 2976 2978 2980 2982 2984 2986 2988 2990 2992 2994 2996 2998 3000 3002 3004 3006 3008 3010 3012 3014 3016 3018 3020 3022 3024 3026 3028 3030 3032 3034 3036 3038 3040 3042 3044 3046 3048 3050 3052 3054 3056 3058 3060 
0
0
SET_ALL
0
1
96
2965 2966 2967 2968 2969 2970 2971 2972 2973 2974 2975 2976 2977 2978 2979 2980 2981 2982 2983 2984 2985 2986 2987 2988 2989 2990 2991 2992 2993 2994 2995 2996 2997 2998 2999 3000 3001 3002 3003 3004 3005 3006 3007 3008 3009 3010 3011 3012 3013 3014 3015 3016 3017 3018 3019 3020 3021 3022 3023 3024 3025 3026 3027 3028 3029 3030 3031 3032 3033 3034 3035 3036 3037 3038 3039 3040 3041 3042 3043 3044 3045 3046 3047 3048 3049 3050 3051 3052 3053 3054 3055 3056 3057 3058 3059 3060 
0
0
_SURF_BOTTOM_S6
0
2
48
2965 2967 2969 2971 2973 2975 2977 2979 2981 2983 2985 2987 2989 2991 2993 2995 2997 2999 3001 3003 3005 3007 3009 3011 3013 3015 3017 3019 3021 3023 3025 3027 3029 3031 3033 3035 3037 3039 3041 3043 3045 3047 3049 3051 3053 3055 3057 3059 
0
0
_SURF_TOP_S4
0
2
48
2966 2968 2970 2972 2974 2976 2978 2980 2982 2984 2986 2988 2990 2992 2994 2996 2998 3000 3002 3004 3006 3008 3010 3012 3014 3016 3018 3020 3022 3024 3026 3028 3030 3032 3034 3036 3038 3040 3042 3044 3046 3048 3050 3052 3054 3056 3058 3060 
0
0
0
CSEG_07-1
7
 P       7
0
2
96
757 758 759 760 761 762 763 764 765 766 767 768 769 770 771 772 773 774 775 776 777 778 779 780 781 782 783 784 785 786 787 788 789 790 791 792 793 794 795 796 797 798 799 800 801 802 803 804 805 806 807 808 809 810 811 812 813 814 815 816 817 818 819 820 821 822 823 824 825 826 827 828 829 830 831 832 833 834 835 836 837 838 839 840 841 842 843 844 845 846 847 848 849 850 851 852 
0
0
 P       7SET_CSEG_ALL_ACTIVE
0
2
96
757 758 759 760 761 762 763 764 765 766 767 768 769 770 771 772 773 774 775 776 777 778 779 780 781 782 783 784 785 786 787 788 789 790 791 792 793 794 795 796 797 798 799 800 801 802 803 804 805 806 807 808 809 810 811 812 813 814 815 816 817 818 819 820 821 822 823 824 825 826 827 828 829 830 831 832 833 834 835 836 837 838 839 840 841 842 843 844 845 846 847 848 849 850 851 852 
0
0
FACE_BOTTOM
0
1
48
757 759 761 763 765 767 769 771 773 775 777 779 781 783 785 787 789 791 793 795 797 799 801 803 805 807 809 811 813 815 817 819 821 823 825 827 829 831 833 835 837 839 841 843 845 847 849 851 
0
0
FACE_TOP
0
1
48
758 760 762 764 766 768 770 772 774 776 778 780 782 784 786 788 790 792 794 796 798 800 802 804 806 808 810 812 814 816 818 820 822 824 826 828 830 832 834 836 838 840 842 844 846 848 850 852 
0
0
SET_ALL
0
1
96
757 758 759 760 761 762 763 764 765 766 767 768 769 770 771 772 773 774 775 776 777 778 779 780 781 782 783 784 785 786 787 788 789 790 791 792 793 794 795 796 797 798 799 800 801 802 803 804 805 806 807 808 809 810 811 812 813 814 815 816 817 818 819 820 821 822 823 824 825 826 827 828 829 830 831 832 833 834 835 836 837 838 839 840 841 842 843 844 845 846 847 848 849 850 851 852 
0
0
_SURF_BOTTOM_S6
0
2
48
757 759 761 763 765 767 769 771 773 775 777 779 781 783 785 787 789 791 793 795 797 799 801 803 805 807 809 811 813 815 817 819 821 823 825 827 829 831 833 835 837 839 841 843 845 847 849 851 
0
0
_SURF_TOP_S4
0
2
48
758 760 762 764 766 768 770 772 774 776 778 780 782 784 786 788 790 792 794 796 798 800 802 804 806 808 810 812 814 816 818 820 822 824 826 828 830 832 834 836 838 840 842 844 846 848 850 852 
0
0
0
CSEG_09-1
7
 P       9
0
2
96
949 950 951 952 953 954 955 956 957 958 959 960 961 962 963 964 965 966 967 968 969 970 971 972 973 974 975 976 977 978 979 980 981 982 983 984 985 986 987 988 989 990 991 992 993 994 995 996 997 998 999 1000 1001 1002 1003 1004 1005 1006 1007 1008 1009 1010 1011 1012 1013 1014 1015 1016 1017 1018 1019 1020 1021 1022 1023 1024 1025 1026 1027 1028 1029 1030 1031 1032 1033 1034 1035 1036 1037 1038 1039 1040 1041 1042 1043 1044 
0
0
 P       9SET_CSEG_ALL_ACTIVE
0
2
96
949 950 951 952 953 954 955 956 957 958 959 960 961 962 963 964 965 966 967 968 969 970 971 972 973 974 975 976 977 978 979 980 981 982 983 984 985 986 987 988 989 990 991 992 993 994 995 996 997 998 999 1000 1001 1002 1003 1004 1005 1006 1007 1008 1009 1010 1011 1012 1013 1014 1015 1016 1017 1018 1019 1020 1021 1022 1023 1024 1025 1026 1027 1028 1029 1030 1031 1032 1033 1034 1035 1036 1037 1038 1039 1040 1041 1042 1043 1044 
0
0
FACE_BOTTOM
0
1
48
949 951 953 955 957 959 961 963 965 967 969 971 973 975 977 979 981 983 985 987 989 991 993 995 997 999 1001 1003 1005 1007 1009 1011 1013 1015 1017 1019 1021 1023 1025 1027 1029 1031 1033 1035 1037 1039 1041 1043 
0
0
FACE_TOP
0
1
48
950 952 954 956 958 960 962 964 966 968 970 972 974 976 978 980 982 984 986 988 990 992 994 996 998 1000 1002 1004 1006 1008 1010 1012 1014 1016 1018 1020 1022 1024 1026 1028 1030 1032 1034 1036 1038 1040 1042 1044 
0
0
SET_ALL
0
1
96
949 950 951 952 953 954 955 956 957 958 959 960 961 962 963 964 965 966 967 968 969 970 971 972 973 974 975 976 977 978 979 980 981 982 983 984 985 986 987 988 989 990 991 992 993 994 995 996 997 998 999 1000 1001 1002 1003 1004 1005 1006 1007 1008 1009 1010 1011 1012 1013 1014 1015 1016 1017 1018 1019 1020 1021 1022 1023 1024 1025 1026 1027 1028 1029 1030 1031 1032 1033 1034 1035 1036 1037 1038 1039 1040 1041 1042 1043 1044 
0
0
_SURF_BOTTOM_S6
0
2
48
949 951 953 955 957 959 961 963 965 967 969 971 973 975 977 979 981 983 985 987 989 991 993 995 997 999 1001 1003 1005 1007 1009 1011 1013 1015 1017 1019 1021 1023 1025 1027 1029 1031 1033 1035 1037 1039 1041 1043 
0
0
_SURF_TOP_S4
0
2
48
950 952 954 956 958 960 962 964 966 968 970 972 974 976 978 980 982 984 986 988 990 992 994 996 998 1000 1002 1004 1006 1008 1010 1012 1014 1016 1018 1020 1022 1024 1026 1028 1030 1032 1034 1036 1038 1040 1042 1044 
0
0
0
CSEG_21-1
7
 P      21
0
2
96
2101 2102 2103 2104 2105 2106 2107 2108 2109 2110 2111 2112 2113 2114 2115 2116 2117 2118 2119 2120 2121 2122 2123 2124 2125 2126 2127 2128 2129 2130 2131 2132 2133 2134 2135 2136 2137 2138 2139 2140 2141 2142 2143 2144 2145 2146 2147 2148 2149 2150 2151 2152 2153 2154 2155 2156 2157 2158 2159 2160 2161 2162 2163 2164 2165 2166 2167 2168 2169 2170 2171 2172 2173 2174 2175 2176 2177 2178 2179 2180 2181 2182 2183 2184 2185 2186 2187 2188 2189 2190 2191 2192 2193 2194 2195 2196 
0
0
 P      21SET_CSEG_ALL_ACTIVE
0
2
96
2101 2102 2103 2104 2105 2106 2107 2108 2109 2110 2111 2112 2113 2114 2115 2116 2117 2118 2119 2120 2121 2122 2123 2124 2125 2126 2127 2128 2129 2130 2131 2132 2133 2134 2135 2136 2137 2138 2139 2140 2141 2142 2143 2144 2145 2146 2147 2148 2149 2150 2151 2152 2153 2154 2155 2156 2157 2158 2159 2160 2161 2162 2163 2164 2165 2166 2167 2168 2169 2170 2171 2172 2173 2174 2175 2176 2177 2178 2179 2180 2181 2182 2183 2184 2185 2186 2187 2188 2189 2190 2191 2192 2193 2194 2195 2196 
0
0
FACE_BOTTOM
0
1
48
2101 2103 2105 2107 2109 2111 2113 2115 2117 2119 2121 2123 2125 2127 2129 2131 2133 2135 2137 2139 2141 2143 2145 2147 2149 2151 2153 2155 2157 2159 2161 2163 2165 2167 2169 2171 2173 2175 2177 2179 2181 2183 2185 2187 2189 2191 2193 2195 
0
0
FACE_TOP
0
1
48
2102 2104 2106 2108 2110 2112 2114 2116 2118 2120 2122 2124 2126 2128 2130 2132 2134 2136 2138 2140 2142 2144 2146 2148 2150 2152 2154 2156 2158 2160 2162 2164 2166 2168 2170 2172 2174 2176 2178 2180 2182 2184 2186 2188 2190 2192 2194 2196 
0
0
SET_ALL
0
1
96
2101 2102 2103 2104 2105 2106 2107 2108 2109 2110 2111 2112 2113 2114 2115 2116 2117 2118 2119 2120 2121 2122 2123 2124 2125 2126 2127 2128 2129 2130 2131 2132 2133 2134 2135 2136 2137 2138 2139 2140 2141 2142 2143 2144 2145 2146 2147 2148 2149 2150 2151 2152 2153 2154 2155 2156 2157 2158 2159 2160 2161 2162 2163 2164 2165 2166 2167 2168 2169 2170 2171 2172 2173 2174 2175 2176 2177 2178 2179 2180 2181 2182 2183 2184 2185 2186 2187 2188 2189 2190 2191 2192 2193 2194 2195 2196 
0
0
_SURF_BOTTOM_S6
0
2
48
2101 2103 2105 2107 2109 2111 2113 2115 2117 2119 2121 2123 2125 2127 2129 2131 2133 2135 2137 2139 2141 2143 2145 2147 2149 2151 2153 2155 2157 2159 2161 2163 2165 2167 2169 2171 2173 2175 2177 2179 2181 2183 2185 2187 2189 2191 2193 2195 
0
0
_SURF_TOP_S4
0
2
48
2102 2104 2106 2108 2110 2112 2114 2116 2118 2120 2122 2124 2126 2128 2130 2132 2134 2136 2138 2140 2142 2144 2146 2148 2150 2152 2154 2156 2158 2160 2162 2164 2166 2168 2170 2172 2174 2176 2178 2180 2182 2184 2186 2188 2190 2192 2194 2196 
0
0
0
CSEG_23-1
7
 P      23
0
2
96
2293 2294 2295 2296 2297 2298 2299 2300 2301 2302 2303 2304 2305 2306 2307 2308 2309 2310 2311 2312 2313 2314 2315 2316 2317 2318 2319 2320 2321 2322 2323 2324 2325 2326 2327 2328 2329 2330 2331 2332 2333 2334 2335 2336 2337 2338 2339 2340 2341 2342 2343 2344 2345 2346 2347 2348 2349 2350 2351 2352 2353 2354 2355 2356 2357 2358 2359 2360 2361 2362 2363 2364 2365 2366 2367 2368 2369 2370 2371 2372 2373 2374 2375 2376 2377 2378 2379 2380 2381 2382 2383 2384 2385 2386 2387 2388 
0
0
 P      23SET_CSEG_ALL_ACTIVE
0
2
96
2293 2294 2295 2296 2297 2298 2299 2300 2301 2302 2303 2304 2305 2306 2307 2308 2309 2310 2311 2312 2313 2314 2315 2316 2317 2318 2319 2320 2321 2322 2323 2324 2325 2326 2327 2328 2329 2330 2331 2332 2333 2334 2335 2336 2337 2338 2339 2340 2341 2342 2343 2344 2345 2346 2347 2348 2349 2350 2351 2352 2353 2354 2355 2356 2357 2358 2359 2360 2361 2362 2363 2364 2365 2366 2367 2368 2369 2370 2371 2372 2373 2374 2375 2376 2377 2378 2379 2380 2381 2382 2383 2384 2385 2386 2387 2388 
0
0
FACE_BOTTOM
0
1
48
2293 2295 2297 2299 2301 2303 2305 2307 2309 2311 2313 2315 2317 2319 2321 2323 2325 2327 2329 2331 2333 2335 2337 2339 2341 2343 2345 2347 2349 2351 2353 2355 2357 2359 2361 2363 2365 2367 2369 2371 2373 2375 2377 2379 2381 2383 2385 2387 
0
0
FACE_TOP
0
1
48
2294 2296 2298 2300 2302 2304 2306 2308 2310 2312 2314 2316 2318 2320 2322 2324 2326 2328 2330 2332 2334 2336 2338 2340 2342 2344 2346 2348 2350 2352 2354 2356 2358 2360 2362 2364 2366 2368 2370 2372 2374 2376 2378 2380 2382 2384 2386 2388 
0
0
SET_ALL
0
1
96
2293 2294 2295 2296 2297 2298 2299 2300 2301 2302 2303 2304 2305 2306 2307 2308 2309 2310 2311 2312 2313 2314 2315 2316 2317 2318 2319 2320 2321 2322 2323 2324 2325 2326 2327 2328 2329 2330 2331 2332 2333 2334 2335 2336 2337 2338 2339 2340 2341 2342 2343 2344 2345 2346 2347 2348 2349 2350 2351 2352 2353 2354 2355 2356 2357 2358 2359 2360 2361 2362 2363 2364 2365 2366 2367 2368 2369 2370 2371 2372 2373 2374 2375 2376 2377 2378 2379 2380 2381 2382 2383 2384 2385 2386 2387 2388 
0
0
_SURF_BOTTOM_S6
0
2
48
2293 2295 2297 2299 2301 2303 2305 2307 2309 2311 2313 2315 2317 2319 2321 2323 2325 2327 2329 2331 2333 2335 2337 2339 2341 2343 2345 2347 2349 2351 2353 2355 2357 2359 2361 2363 2365 2367 2369 2371 2373 2375 2377 2379 2381 2383 2385 2387 
0
0
_SURF_TOP_S4
0
2
48
2294 2296 2298 2300 2302 2304 2306 2308 2310 2312 2314 2316 2318 2320 2322 2324 2326 2328 2330 2332 2334 2336 2338 2340 2342 2344 2346 2348 2350 2352 2354 2356 2358 2360 2362 2364 2366 2368 2370 2372 2374 2376 2378 2380 2382 2384 2386 2388 
0
0
0
CSEG_25-1
7
 P      25
0
2
96
2485 2486 2487 2488 2489 2490 2491 2492 2493 2494 2495 2496 2497 2498 2499 2500 2501 2502 2503 2504 2505 2506 2507 2508 2509 2510 2511 2512 2513 2514 2515 2516 2517 2518 2519 2520 2521 2522 2523 2524 2525 2526 2527 2528 2529 2530 2531 2532 2533 2534 2535 2536 2537 2538 2539 2540 2541 2542 2543 2544 2545 2546 2547 2548 2549 2550 2551 2552 2553 2554 2555 2556 2557 2558 2559 2560 2561 2562 2563 2564 2565 2566 2567 2568 2569 2570 2571 2572 2573 2574 2575 2576 2577 2578 2579 2580 
0
0
 P      25SET_CSEG_ALL_ACTIVE
0
2
96
2485 2486 2487 2488 2489 2490 2491 2492 2493 2494 2495 2496 2497 2498 2499 2500 2501 2502 2503 2504 2505 2506 2507 2508 2509 2510 2511 2512 2513 2514 2515 2516 2517 2518 2519 2520 2521 2522 2523 2524 2525 2526 2527 2528 2529 2530 2531 2532 2533 2534 2535 2536 2537 2538 2539 2540 2541 2542 2543 2544 2545 2546 2547 2548 2549 2550 2551 2552 2553 2554 2555 2556 2557 2558 2559 2560 2561 2562 2563 2564 2565 2566 2567 2568 2569 2570 2571 2572 2573 2574 2575 2576 2577 2578 2579 2580 
0
0
FACE_BOTTOM
0
1
48
2485 2487 2489 2491 2493 2495 2497 2499 2501 2503 2505 2507 2509 2511 2513 2515 2517 2519 2521 2523 2525 2527 2529 2531 2533 2535 2537 2539 2541 2543 2545 2547 2549 2551 2553 2555 2557 2559 2561 2563 2565 2567 2569 2571 2573 2575 2577 2579 
0
0
FACE_TOP
0
1
48
2486 2488 2490 2492 2494 2496 2498 2500 2502 2504 2506 2508 2510 2512 2514 2516 2518 2520 2522 2524 2526 2528 2530 2532 2534 2536 2538 2540 2542 2544 2546 2548 2550 2552 2554 2556 2558 2560 2562 2564 2566 2568 2570 2572 2574 2576 2578 2580 
0
0
SET_ALL
0
1
96
2485 2486 2487 2488 2489 2490 2491 2492 2493 2494 2495 2496 2497 2498 2499 2500 2501 2502 2503 2504 2505 2506 2507 2508 2509 2510 2511 2512 2513 2514 2515 2516 2517 2518 2519 2520 2521 2522 2523 2524 2525 2526 2527 2528 2529 2530 2531 2532 2533 2534 2535 2536 2537 2538 2539 2540 2541 2542 2543 2544 2545 2546 2547 2548 2549 2550 2551 2552 2553 2554 2555 2556 2557 2558 2559 2560 2561 2562 2563 2564 2565 2566 2567 2568 2569 2570 2571 2572 2573 2574 2575 2576 2577 2578 2579 2580 
0
0
_SURF_BOTTOM_S6
0
2
48
2485 2487 2489 2491 2493 2495 2497 2499 2501 2503 2505 2507 2509 2511 2513 2515 2517 2519 2521 2523 2525 2527 2529 2531 2533 2535 2537 2539 2541 2543 2545 2547 2549 2551 2553 2555 2557 2559 2561 2563 2565 2567 2569 2571 2573 2575 2577 2579 
0
0
_SURF_TOP_S4
0
2
48
2486 2488 2490 2492 2494 2496 2498 2500 2502 2504 2506 2508 2510 2512 2514 2516 2518 2520 2522 2524 2526 2528 2530 2532 2534 2536 2538 2540 2542 2544 2546 2548 2550 2552 2554 2556 2558 2560 2562 2564 2566 2568 2570 2572 2574 2576 2578 2580 
0
0
0
CSEG_27-1
7
 P      27
0
2
96
2677 2678 2679 2680 2681 2682 2683 2684 2685 2686 2687 2688 2689 2690 2691 2692 2693 2694 2695 2696 2697 2698 2699 2700 2701 2702 2703 2704 2705 2706 2707 2708 2709 2710 2711 2712 2713 2714 2715 2716 2717 2718 2719 2720 2721 2722 2723 2724 2725 2726 2727 2728 2729 2730 2731 2732 2733 2734 2735 2736 2737 2738 2739 2740 2741 2742 2743 2744 2745 2746 2747 2748 2749 2750 2751 2752 2753 2754 2755 2756 2757 2758 2759 2760 2761 2762 2763 2764 2765 2766 2767 2768 2769 2770 2771 2772 
0
0
 P      27SET_CSEG_ALL_ACTIVE
0
2
96
2677 2678 2679 2680 2681 2682 2683 2684 2685 2686 2687 2688 2689 2690 2691 2692 2693 2694 2695 2696 2697 2698 2699 2700 2701 2702 2703 2704 2705 2706 2707 2708 2709 2710 2711 2712 2713 2714 2715 2716 2717 2718 2719 2720 2721 2722 2723 2724 2725 2726 2727 2728 2729 2730 2731 2732 2733 2734 2735 2736 2737 2738 2739 2740 2741 2742 2743 2744 2745 2746 2747 2748 2749 2750 2751 2752 2753 2754 2755 2756 2757 2758 2759 2760 2761 2762 2763 2764 2765 2766 2767 2768 2769 2770 2771 2772 
0
0
FACE_BOTTOM
0
1
48
2677 2679 2681 2683 2685 2687 2689 2691 2693 2695 2697 2699 2701 2703 2705 2707 2709 2711 2713 2715 2717 2719 2721 2723 2725 2727 2729 2731 2733 2735 2737 2739 2741 2743 2745 2747 2749 2751 2753 2755 2757 2759 2761 2763 2765 2767 2769 2771 
0
0
FACE_TOP
0
1
48
2678 2680 2682 2684 2686 2688 2690 2692 2694 2696 2698 2700 2702 2704 2706 2708 2710 2712 2714 2716 2718 2720 2722 2724 2726 2728 2730 2732 2734 2736 2738 2740 2742 2744 2746 2748 2750 2752 2754 2756 2758 2760 2762 2764 2766 2768 2770 2772 
0
0
SET_ALL
0
1
96
2677 2678 2679 2680 2681 2682 2683 2684 2685 2686 2687 2688 2689 2690 2691 2692 2693 2694 2695 2696 2697 2698 2699 2700 2701 2702 2703 2704 2705 2706 2707 2708 2709 2710 2711 2712 2713 2714 2715 2716 2717 2718 2719 2720 2721 2722 2723 2724 2725 2726 2727 2728 2729 2730 2731 2732 2733 2734 2735 2736 2737 2738 2739 2740 2741 2742 2743 2744 2745 2746 2747 2748 2749 2750 2751 2752 2753 2754 2755 2756 2757 2758 2759 2760 2761 2762 2763 2764 2765 2766 2767 2768 2769 2770 2771 2772 
0
0
_SURF_BOTTOM_S6
0
2
48
2677 2679 2681 2683 2685 2687 2689 2691 2693 2695 2697 2699 2701 2703 2705 2707 2709 2711 2713 2715 2717 2719 2721 2723 2725 2727 2729 2731 2733 2735 2737 2739 2741 2743 2745 2747 2749 2751 2753 2755 2757 2759 2761 2763 2765 2767 2769 2771 
0
0
_SURF_TOP_S4
0
2
48
2678 2680 2682 2684 2686 2688 2690 2692 2694 2696 2698 2700 2702 2704 2706 2708 2710 2712 2714 2716 2718 2720 2722 2724 2726 2728 2730 2732 2734 2736 2738 2740 2742 2744 2746 2748 2750 2752 2754 2756 2758 2760 2762 2764 2766 2768 2770 2772 
0
0
0
CSEG_29-1
7
 P      29
0
2
96
2869 2870 2871 2872 2873 2874 2875 2876 2877 2878 2879 2880 2881 2882 2883 2884 2885 2886 2887 2888 2889 2890 2891 2892 2893 2894 2895 2896 2897 2898 2899 2900 2901 2902 2903 2904 2905 2906 2907 2908 2909 2910 2911 2912 2913 2914 2915 2916 2917 2918 2919 2920 2921 2922 2923 2924 2925 2926 2927 2928 2929 2930 2931 2932 2933 2934 2935 2936 2937 2938 2939 2940 2941 2942 2943 2944 2945 2946 2947 2948 2949 2950 2951 2952 2953 2954 2955 2956 2957 2958 2959 2960 2961 2962 2963 2964 
0
0
 P      29SET_CSEG_ALL_ACTIVE
0
2
96
2869 2870 2871 2872 2873 2874 2875 2876 2877 2878 2879 2880 2881 2882 2883 2884 2885 2886 2887 2888 2889 2890 2891 2892 2893 2894 2895 2896 2897 2898 2899 2900 2901 2902 2903 2904 2905 2906 2907 2908 2909 2910 2911 2912 2913 2914 2915 2916 2917 2918 2919 2920 2921 2922 2923 2924 2925 2926 2927 2928 2929 2930 2931 2932 2933 2934 2935 2936 2937 2938 2939 2940 2941 2942 2943 2944 2945 2946 2947 2948 2949 2950 2951 2952 2953 2954 2955 2956 2957 2958 2959 2960 2961 2962 2963 2964 
0
0
FACE_BOTTOM
0
1
48
2869 2871 2873 2875 2877 2879 2881 2883 2885 2887 2889 2891 2893 2895 2897 2899 2901 2903 2905 2907 2909 2911 2913 2915 2917 2919 2921 2923 2925 2927 2929 2931 2933 2935 2937 2939 2941 2943 2945 2947 2949 2951 2953 2955 2957 2959 2961 2963 
0
0
FACE_TOP
0
1
48
2870 2872 2874 2876 2878 2880 2882 2884 2886 2888 2890 2892 2894 2896 2898 2900 2902 2904 2906 2908 2910 2912 2914 2916 2918 2920 2922 2924 2926 2928 2930 2932 2934 2936 2938 2940 2942 2944 2946 2948 2950 2952 2954 2956 2958 2960 2962 2964 
0
0
SET_ALL
0
1
96
2869 2870 2871 2872 2873 2874 2875 2876 2877 2878 2879 2880 2881 2882 2883 2884 2885 2886 2887 2888 2889 2890 2891 2892 2893 2894 2895 2896 2897 2898 2899 2900 2901 2902 2903 2904 2905 2906 2907 2908 2909 2910 2911 2912 2913 2914 2915 2916 2917 2918 2919 2920 2921 2922 2923 2924 2925 2926 2927 2928 2929 2930 2931 2932 2933 2934 2935 2936 2937 2938 2939 2940 2941 2942 2943 2944 2945 2946 2947 2948 2949 2950 2951 2952 2953 2954 2955 2956 2957 2958 2959 2960 2961 2962 2963 2964 
0
0
_SURF_BOTTOM_S6
0
2
48
2869 2871 2873 2875 2877 2879 2881 2883 2885 2887 2889 2891 2893 2895 2897 2899 2901 2903 2905 2907 2909 2911 2913 2915 2917 2919 2921 2923 2925 2927 2929 2931 2933 2935 2937 2939 2941 2943 2945 2947 2949 2951 2953 2955 2957 2959 2961 2963 
0
0
_SURF_TOP_S4
0
2
48
2870 2872 2874 2876 2878 2880 2882 2884 2886 2888 2890 2892 2894 2896 2898 2900 2902 2904 2906 2908 2910 2912 2914 2916 2918 2920 2922 2924 2926 2928 2930 2932 2934 2936 2938 2940 2942 2944 2946 2948 2950 2952 2954 2956 2958 2960 2962 2964 
0
0
0
SSEG_01-1
7
 P      73
0
2
96
631436 631437 631438 631439 631440 631441 631442 631443 631444 631445 631446 631447 631448 631449 631450 631451 631452 631453 631454 631455 631456 631457 631458 631459 631460 631461 631462 631463 631464 631465 631466 631467 631468 631469 631470 631471 631472 631473 631474 631475 631476 631477 631478 631479 631480 631481 631482 631483 631484 631485 631486 631487 631488 631489 631490 631491 631492 631493 631494 631495 631496 631497 631498 631499 631500 631501 631502 631503 631504 631505 631506 631507 631508 631509 631510 631511 631512 631513 631514 631515 631516 631517 631518 631519 631520 631521 631522 631523 631524 631525 631526 631527 631528 631529 631530 631531 
0
0
 P      73SET_SSEG_ALL_ACTIVE
0
2
96
631436 631437 631438 631439 631440 631441 631442 631443 631444 631445 631446 631447 631448 631449 631450 631451 631452 631453 631454 631455 631456 631457 631458 631459 631460 631461 631462 631463 631464 631465 631466 631467 631468 631469 631470 631471 631472 631473 631474 631475 631476 631477 631478 631479 631480 631481 631482 631483 631484 631485 631486 631487 631488 631489 631490 631491 631492 631493 631494 631495 631496 631497 631498 631499 631500 631501 631502 631503 631504 631505 631506 631507 631508 631509 631510 631511 631512 631513 631514 631515 631516 631517 631518 631519 631520 631521 631522 631523 631524 631525 631526 631527 631528 631529 631530 631531 
0
0
FACE_BOTTOM
0
1
24
631436 631440 631444 631448 631452 631456 631460 631464 631468 631472 631476 631480 631484 631488 631492 631496 631500 631504 631508 631512 631516 631520 631524 631528 
0
0
FACE_TOP
0
1
24
631439 631443 631447 631451 631455 631459 631463 631467 631471 631475 631479 631483 631487 631491 631495 631499 631503 631507 631511 631515 631519 631523 631527 631531 
0
0
SET_ALL
0
1
96
631436 631437 631438 631439 631440 631441 631442 631443 631444 631445 631446 631447 631448 631449 631450 631451 631452 631453 631454 631455 631456 631457 631458 631459 631460 631461 631462 631463 631464 631465 631466 631467 631468 631469 631470 631471 631472 631473 631474 631475 631476 631477 631478 631479 631480 631481 631482 631483 631484 631485 631486 631487 631488 631489 631490 631491 631492 631493 631494 631495 631496 631497 631498 631499 631500 631501 631502 631503 631504 631505 631506 631507 631508 631509 631510 631511 631512 631513 631514 631515 631516 631517 631518 631519 631520 631521 631522 631523 631524 631525 631526 631527 631528 631529 631530 631531 
0
0
_SURF_BOTTOM_S6
0
2
24
631436 631440 631444 631448 631452 631456 631460 631464 631468 631472 631476 631480 631484 631488 631492 631496 631500 631504 631508 631512 631516 631520 631524 631528 
0
0
_SURF_TOP_S4
0
2
24
631439 631443 631447 631451 631455 631459 631463 631467 631471 631475 631479 631483 631487 631491 631495 631499 631503 631507 631511 631515 631519 631523 631527 631531 
0
0
0
SSEG_03-1
7
 P      75
0
2
96
631628 631629 631630 631631 631632 631633 631634 631635 631636 631637 631638 631639 631640 631641 631642 631643 631644 631645 631646 631647 631648 631649 631650 631651 631652 631653 631654 631655 631656 631657 631658 631659 631660 631661 631662 631663 631664 631665 631666 631667 631668 631669 631670 631671 631672 631673 631674 631675 631676 631677 631678 631679 631680 631681 631682 631683 631684 631685 631686 631687 631688 631689 631690 631691 631692 631693 631694 631695 631696 631697 631698 631699 631700 631701 631702 631703 631704 631705 631706 631707 631708 631709 631710 631711 631712 631713 631714 631715 631716 631717 631718 631719 631720 631721 631722 631723 
0
0
 P      75SET_SSEG_ALL_ACTIVE
0
2
96
631628 631629 631630 631631 631632 631633 631634 631635 631636 631637 631638 631639 631640 631641 631642 631643 631644 631645 631646 631647 631648 631649 631650 631651 631652 631653 631654 631655 631656 631657 631658 631659 631660 631661 631662 631663 631664 631665 631666 631667 631668 631669 631670 631671 631672 631673 631674 631675 631676 631677 631678 631679 631680 631681 631682 631683 631684 631685 631686 631687 631688 631689 631690 631691 631692 631693 631694 631695 631696 631697 631698 631699 631700 631701 631702 631703 631704 631705 631706 631707 631708 631709 631710 631711 631712 631713 631714 631715 631716 631717 631718 631719 631720 631721 631722 631723 
0
0
FACE_BOTTOM
0
1
24
631628 631632 631636 631640 631644 631648 631652 631656 631660 631664 631668 631672 631676 631680 631684 631688 631692 631696 631700 631704 631708 631712 631716 631720 
0
0
FACE_TOP
0
1
24
631631 631635 631639 631643 631647 631651 631655 631659 631663 631667 631671 631675 631679 631683 631687 631691 631695 631699 631703 631707 631711 631715 631719 631723 
0
0
SET_ALL
0
1
96
631628 631629 631630 631631 631632 631633 631634 631635 631636 631637 631638 631639 631640 631641 631642 631643 631644 631645 631646 631647 631648 631649 631650 631651 631652 631653 631654 631655 631656 631657 631658 631659 631660 631661 631662 631663 631664 631665 631666 631667 631668 631669 631670 631671 631672 631673 631674 631675 631676 631677 631678 631679 631680 631681 631682 631683 631684 631685 631686 631687 631688 631689 631690 631691 631692 631693 631694 631695 631696 631697 631698 631699 631700 631701 631702 631703 631704 631705 631706 631707 631708 631709 631710 631711 631712 631713 631714 631715 631716 631717 631718 631719 631720 631721 631722 631723 
0
0
_SURF_BOTTOM_S6
0
2
24
631628 631632 631636 631640 631644 631648 631652 631656 631660 631664 631668 631672 631676 631680 631684 631688 631692 631696 631700 631704 631708 631712 631716 631720 
0
0
_SURF_TOP_S4
0
2
24
631631 631635 631639 631643 631647 631651 631655 631659 631663 631667 631671 631675 631679 631683 631687 631691 631695 631699 631703 631707 631711 631715 631719 631723 
0
0
0
CSEG_11-1
7
 P      11
0
2
96
1141 1142 1143 1144 1145 1146 1147 1148 1149 1150 1151 1152 1153 1154 1155 1156 1157 1158 1159 1160 1161 1162 1163 1164 1165 1166 1167 1168 1169 1170 1171 1172 1173 1174 1175 1176 1177 1178 1179 1180 1181 1182 1183 1184 1185 1186 1187 1188 1189 1190 1191 1192 1193 1194 1195 1196 1197 1198 1199 1200 1201 1202 1203 1204 1205 1206 1207 1208 1209 1210 1211 1212 1213 1214 1215 1216 1217 1218 1219 1220 1221 1222 1223 1224 1225 1226 1227 1228 1229 1230 1231 1232 1233 1234 1235 1236 
0
0
 P      11SET_CSEG_ALL_ACTIVE
0
2
96
1141 1142 1143 1144 1145 1146 1147 1148 1149 1150 1151 1152 1153 1154 1155 1156 1157 1158 1159 1160 1161 1162 1163 1164 1165 1166 1167 1168 1169 1170 1171 1172 1173 1174 1175 1176 1177 1178 1179 1180 1181 1182 1183 1184 1185 1186 1187 1188 1189 1190 1191 1192 1193 1194 1195 1196 1197 1198 1199 1200 1201 1202 1203 1204 1205 1206 1207 1208 1209 1210 1211 1212 1213 1214 1215 1216 1217 1218 1219 1220 1221 1222 1223 1224 1225 1226 1227 1228 1229 1230 1231 1232 1233 1234 1235 1236 
0
0
FACE_BOTTOM
0
1
48
1141 1143 1145 1147 1149 1151 1153 1155 1157 1159 1161 1163 1165 1167 1169 1171 1173 1175 1177 1179 1181 1183 1185 1187 1189 1191 1193 1195 1197 1199 1201 1203 1205 1207 1209 1211 1213 1215 1217 1219 1221 1223 1225 1227 1229 1231 1233 1235 
0
0
FACE_TOP
0
1
48
1142 1144 1146 1148 1150 1152 1154 1156 1158 1160 1162 1164 1166 1168 1170 1172 1174 1176 1178 1180 1182 1184 1186 1188 1190 1192 1194 1196 1198 1200 1202 1204 1206 1208 1210 1212 1214 1216 1218 1220 1222 1224 1226 1228 1230 1232 1234 1236 
0
0
SET_ALL
0
1
96
1141 1142 1143 1144 1145 1146 1147 1148 1149 1150 1151 1152 1153 1154 1155 1156 1157 1158 1159 1160 1161 1162 1163 1164 1165 1166 1167 1168 1169 1170 1171 1172 1173 1174 1175 1176 1177 1178 1179 1180 1181 1182 1183 1184 1185 1186 1187 1188 1189 1190 1191 1192 1193 1194 1195 1196 1197 1198 1199 1200 1201 1202 1203 1204 1205 1206 1207 1208 1209 1210 1211 1212 1213 1214 1215 1216 1217 1218 1219 1220 1221 1222 1223 1224 1225 1226 1227 1228 1229 1230 1231 1232 1233 1234 1235 1236 
0
0
_SURF_BOTTOM_S6
0
2
48
1141 1143 1145 1147 1149 1151 1153 1155 1157 1159 1161 1163 1165 1167 1169 1171 1173 1175 1177 1179 1181 1183 1185 1187 1189 1191 1193 1195 1197 1199 1201 1203 1205 1207 1209 1211 1213 1215 1217 1219 1221 1223 1225 1227 1229 1231 1233 1235 
0
0
_SURF_TOP_S4
0
2
48
1142 1144 1146 1148 1150 1152 1154 1156 1158 1160 1162 1164 1166 1168 1170 1172 1174 1176 1178 1180 1182 1184 1186 1188 1190 1192 1194 1196 1198 1200 1202 1204 1206 1208 1210 1212 1214 1216 1218 1220 1222 1224 1226 1228 1230 1232 1234 1236 
0
0
0
CSEG_13-1
7
 P      13
0
2
96
1333 1334 1335 1336 1337 1338 1339 1340 1341 1342 1343 1344 1345 1346 1347 1348 1349 1350 1351 1352 1353 1354 1355 1356 1357 1358 1359 1360 1361 1362 1363 1364 1365 1366 1367 1368 1369 1370 1371 1372 1373 1374 1375 1376 1377 1378 1379 1380 1381 1382 1383 1384 1385 1386 1387 1388 1389 1390 1391 1392 1393 1394 1395 1396 1397 1398 1399 1400 1401 1402 1403 1404 1405 1406 1407 1408 1409 1410 1411 1412 1413 1414 1415 1416 1417 1418 1419 1420 1421 1422 1423 1424 1425 1426 1427 1428 
0
0
 P      13SET_CSEG_ALL_ACTIVE
0
2
96
1333 1334 1335 1336 1337 1338 1339 1340 1341 1342 1343 1344 1345 1346 1347 1348 1349 1350 1351 1352 1353 1354 1355 1356 1357 1358 1359 1360 1361 1362 1363 1364 1365 1366 1367 1368 1369 1370 1371 1372 1373 1374 1375 1376 1377 1378 1379 1380 1381 1382 1383 1384 1385 1386 1387 1388 1389 1390 1391 1392 1393 1394 1395 1396 1397 1398 1399 1400 1401 1402 1403 1404 1405 1406 1407 1408 1409 1410 1411 1412 1413 1414 1415 1416 1417 1418 1419 1420 1421 1422 1423 1424 1425 1426 1427 1428 
0
0
FACE_BOTTOM
0
1
48
1333 1335 1337 1339 1341 1343 1345 1347 1349 1351 1353 1355 1357 1359 1361 1363 1365 1367 1369 1371 1373 1375 1377 1379 1381 1383 1385 1387 1389 1391 1393 1395 1397 1399 1401 1403 1405 1407 1409 1411 1413 1415 1417 1419 1421 1423 1425 1427 
0
0
FACE_TOP
0
1
48
1334 1336 1338 1340 1342 1344 1346 1348 1350 1352 1354 1356 1358 1360 1362 1364 1366 1368 1370 1372 1374 1376 1378 1380 1382 1384 1386 1388 1390 1392 1394 1396 1398 1400 1402 1404 1406 1408 1410 1412 1414 1416 1418 1420 1422 1424 1426 1428 
0
0
SET_ALL
0
1
96
1333 1334 1335 1336 1337 1338 1339 1340 1341 1342 1343 1344 1345 1346 1347 1348 1349 1350 1351 1352 1353 1354 1355 1356 1357 1358 1359 1360 1361 1362 1363 1364 1365 1366 1367 1368 1369 1370 1371 1372 1373 1374 1375 1376 1377 1378 1379 1380 1381 1382 1383 1384 1385 1386 1387 1388 1389 1390 1391 1392 1393 1394 1395 1396 1397 1398 1399 1400 1401 1402 1403 1404 1405 1406 1407 1408 1409 1410 1411 1412 1413 1414 1415 1416 1417 1418 1419 1420 1421 1422 1423 1424 1425 1426 1427 1428 
0
0
_SURF_BOTTOM_S6
0
2
48
1333 1335 1337 1339 1341 1343 1345 1347 1349 1351 1353 1355 1357 1359 1361 1363 1365 1367 1369 1371 1373 1375 1377 1379 1381 1383 1385 1387 1389 1391 1393 1395 1397 1399 1401 1403 1405 1407 1409 1411 1413 1415 1417 1419 1421 1423 1425 1427 
0
0
_SURF_TOP_S4
0
2
48
1334 1336 1338 1340 1342 1344 1346 1348 1350 1352 1354 1356 1358 1360 1362 1364 1366 1368 1370 1372 1374 1376 1378 1380 1382 1384 1386 1388 1390 1392 1394 1396 1398 1400 1402 1404 1406 1408 1410 1412 1414 1416 1418 1420 1422 1424 1426 1428 
0
0
0
CSEG_15-1
7
 P      15
0
2
96
1525 1526 1527 1528 1529 1530 1531 1532 1533 1534 1535 1536 1537 1538 1539 1540 1541 1542 1543 1544 1545 1546 1547 1548 1549 1550 1551 1552 1553 1554 1555 1556 1557 1558 1559 1560 1561 1562 1563 1564 1565 1566 1567 1568 1569 1570 1571 1572 1573 1574 1575 1576 1577 1578 1579 1580 1581 1582 1583 1584 1585 1586 1587 1588 1589 1590 1591 1592 1593 1594 1595 1596 1597 1598 1599 1600 1601 1602 1603 1604 1605 1606 1607 1608 1609 1610 1611 1612 1613 1614 1615 1616 1617 1618 1619 1620 
0
0
 P      15SET_CSEG_ALL_ACTIVE
0
2
96
1525 1526 1527 1528 1529 1530 1531 1532 1533 1534 1535 1536 1537 1538 1539 1540 1541 1542 1543 1544 1545 1546 1547 1548 1549 1550 1551 1552 1553 1554 1555 1556 1557 1558 1559 1560 1561 1562 1563 1564 1565 1566 1567 1568 1569 1570 1571 1572 1573 1574 1575 1576 1577 1578 1579 1580 1581 1582 1583 1584 1585 1586 1587 1588 1589 1590 1591 1592 1593 1594 1595 1596 1597 1598 1599 1600 1601 1602 1603 1604 1605 1606 1607 1608 1609 1610 1611 1612 1613 1614 1615 1616 1617 1618 1619 1620 
0
0
FACE_BOTTOM
0
1
48
1525 1527 1529 1531 1533 1535 1537 1539 1541 1543 1545 1547 1549 1551 1553 1555 1557 1559 1561 1563 1565 1567 1569 1571 1573 1575 1577 1579 1581 1583 1585 1587 1589 1591 1593 1595 1597 1599 1601 1603 1605 1607 1609 1611 1613 1615 1617 1619 
0
0
FACE_TOP
0
1
48
1526 1528 1530 1532 1534 1536 1538 1540 1542 1544 1546 1548 1550 1552 1554 1556 1558 1560 1562 1564 1566 1568 1570 1572 1574 1576 1578 1580 1582 1584 1586 1588 1590 1592 1594 1596 1598 1600 1602 1604 1606 1608 1610 1612 1614 1616 1618 1620 
0
0
SET_ALL
0
1
96
1525 1526 1527 1528 1529 1530 1531 1532 1533 1534 1535 1536 1537 1538 1539 1540 1541 1542 1543 1544 1545 1546 1547 1548 1549 1550 1551 1552 1553 1554 1555 1556 1557 1558 1559 1560 1561 1562 1563 1564 1565 1566 1567 1568 1569 1570 1571 1572 1573 1574 1575 1576 1577 1578 1579 1580 1581 1582 1583 1584 1585 1586 1587 1588 1589 1590 1591 1592 1593 1594 1595 1596 1597 1598 1599 1600 1601 1602 1603 1604 1605 1606 1607 1608 1609 1610 1611 1612 1613 1614 1615 1616 1617 1618 1619 1620 
0
0
_SURF_BOTTOM_S6
0
2
48
1525 1527 1529 1531 1533 1535 1537 1539 1541 1543 1545 1547 1549 1551 1553 1555 1557 1559 1561 1563 1565 1567 1569 1571 1573 1575 1577 1579 1581 1583 1585 1587 1589 1591 1593 1595 1597 1599 1601 1603 1605 1607 1609 1611 1613 1615 1617 1619 
0
0
_SURF_TOP_S4
0
2
48
1526 1528 1530 1532 1534 1536 1538 1540 1542 1544 1546 1548 1550 1552 1554 1556 1558 1560 1562 1564 1566 1568 1570 1572 1574 1576 1578 1580 1582 1584 1586 1588 1590 1592 1594 1596 1598 1600 1602 1604 1606 1608 1610 1612 1614 1616 1618 1620 
0
0
0
CSEG_17-1
7
 P      17
0
2
96
1717 1718 1719 1720 1721 1722 1723 1724 1725 1726 1727 1728 1729 1730 1731 1732 1733 1734 1735 1736 1737 1738 1739 1740 1741 1742 1743 1744 1745 1746 1747 1748 1749 1750 1751 1752 1753 1754 1755 1756 1757 1758 1759 1760 1761 1762 1763 1764 1765 1766 1767 1768 1769 1770 1771 1772 1773 1774 1775 1776 1777 1778 1779 1780 1781 1782 1783 1784 1785 1786 1787 1788 1789 1790 1791 1792 1793 1794 1795 1796 1797 1798 1799 1800 1801 1802 1803 1804 1805 1806 1807 1808 1809 1810 1811 1812 
0
0
 P      17SET_CSEG_ALL_ACTIVE
0
2
96
1717 1718 1719 1720 1721 1722 1723 1724 1725 1726 1727 1728 1729 1730 1731 1732 1733 1734 1735 1736 1737 1738 1739 1740 1741 1742 1743 1744 1745 1746 1747 1748 1749 1750 1751 1752 1753 1754 1755 1756 1757 1758 1759 1760 1761 1762 1763 1764 1765 1766 1767 1768 1769 1770 1771 1772 1773 1774 1775 1776 1777 1778 1779 1780 1781 1782 1783 1784 1785 1786 1787 1788 1789 1790 1791 1792 1793 1794 1795 1796 1797 1798 1799 1800 1801 1802 1803 1804 1805 1806 1807 1808 1809 1810 1811 1812 
0
0
FACE_BOTTOM
0
1
48
1717 1719 1721 1723 1725 1727 1729 1731 1733 1735 1737 1739 1741 1743 1745 1747 1749 1751 1753 1755 1757 1759 1761 1763 1765 1767 1769 1771 1773 1775 1777 1779 1781 1783 1785 1787 1789 1791 1793 1795 1797 1799 1801 1803 1805 1807 1809 1811 
0
0
FACE_TOP
0
1
48
1718 1720 1722 1724 1726 1728 1730 1732 1734 1736 1738 1740 1742 1744 1746 1748 1750 1752 1754 1756 1758 1760 1762 1764 1766 1768 1770 1772 1774 1776 1778 1780 1782 1784 1786 1788 1790 1792 1794 1796 1798 1800 1802 1804 1806 1808 1810 1812 
0
0
SET_ALL
0
1
96
1717 1718 1719 1720 1721 1722 1723 1724 1725 1726 1727 1728 1729 1730 1731 1732 1733 1734 1735 1736 1737 1738 1739 1740 1741 1742 1743 1744 1745 1746 1747 1748 1749 1750 1751 1752 1753 1754 1755 1756 1757 1758 1759 1760 1761 1762 1763 1764 1765 1766 1767 1768 1769 1770 1771 1772 1773 1774 1775 1776 1777 1778 1779 1780 1781 1782 1783 1784 1785 1786 1787 1788 1789 1790 1791 1792 1793 1794 1795 1796 1797 1798 1799 1800 1801 1802 1803 1804 1805 1806 1807 1808 1809 1810 1811 1812 
0
0
_SURF_BOTTOM_S6
0
2
48
1717 1719 1721 1723 1725 1727 1729 1731 1733 1735 1737 1739 1741 1743 1745 1747 1749 1751 1753 1755 1757 1759 1761 1763 1765 1767 1769 1771 1773 1775 1777 1779 1781 1783 1785 1787 1789 1791 1793 1795 1797 1799 1801 1803 1805 1807 1809 1811 
0
0
_SURF_TOP_S4
0
2
48
1718 1720 1722 1724 1726 1728 1730 1732 1734 1736 1738 1740 1742 1744 1746 1748 1750 1752 1754 1756 1758 1760 1762 1764 1766 1768 1770 1772 1774 1776 1778 1780 1782 1784 1786 1788 1790 1792 1794 1796 1798 1800 1802 1804 1806 1808 1810 1812 
0
0
0
CSEG_19-1
7
 P      19
0
2
96
1909 1910 1911 1912 1913 1914 1915 1916 1917 1918 1919 1920 1921 1922 1923 1924 1925 1926 1927 1928 1929 1930 1931 1932 1933 1934 1935 1936 1937 1938 1939 1940 1941 1942 1943 1944 1945 1946 1947 1948 1949 1950 1951 1952 1953 1954 1955 1956 1957 1958 1959 1960 1961 1962 1963 1964 1965 1966 1967 1968 1969 1970 1971 1972 1973 1974 1975 1976 1977 1978 1979 1980 1981 1982 1983 1984 1985 1986 1987 1988 1989 1990 1991 1992 1993 1994 1995 1996 1997 1998 1999 2000 2001 2002 2003 2004 
0
0
 P      19SET_CSEG_ALL_ACTIVE
0
2
96
1909 1910 1911 1912 1913 1914 1915 1916 1917 1918 1919 1920 1921 1922 1923 1924 1925 1926 1927 1928 1929 1930 1931 1932 1933 1934 1935 1936 1937 1938 1939 1940 1941 1942 1943 1944 1945 1946 1947 1948 1949 1950 1951 1952 1953 1954 1955 1956 1957 1958 1959 1960 1961 1962 1963 1964 1965 1966 1967 1968 1969 1970 1971 1972 1973 1974 1975 1976 1977 1978 1979 1980 1981 1982 1983 1984 1985 1986 1987 1988 1989 1990 1991 1992 1993 1994 1995 1996 1997 1998 1999 2000 2001 2002 2003 2004 
0
0
FACE_BOTTOM
0
1
48
1909 1911 1913 1915 1917 1919 1921 1923 1925 1927 1929 1931 1933 1935 1937 1939 1941 1943 1945 1947 1949 1951 1953 1955 1957 1959 1961 1963 1965 1967 1969 1971 1973 1975 1977 1979 1981 1983 1985 1987 1989 1991 1993 1995 1997 1999 2001 2003 
0
0
FACE_TOP
0
1
48
1910 1912 1914 1916 1918 1920 1922 1924 1926 1928 1930 1932 1934 1936 1938 1940 1942 1944 1946 1948 1950 1952 1954 1956 1958 1960 1962 1964 1966 1968 1970 1972 1974 1976 1978 1980 1982 1984 1986 1988 1990 1992 1994 1996 1998 2000 2002 2004 
0
0
SET_ALL
0
1
96
1909 1910 1911 1912 1913 1914 1915 1916 1917 1918 1919 1920 1921 1922 1923 1924 1925 1926 1927 1928 1929 1930 1931 1932 1933 1934 1935 1936 1937 1938 1939 1940 1941 1942 1943 1944 1945 1946 1947 1948 1949 1950 1951 1952 1953 1954 1955 1956 1957 1958 1959 1960 1961 1962 1963 1964 1965 1966 1967 1968 1969 1970 1971 1972 1973 1974 1975 1976 1977 1978 1979 1980 1981 1982 1983 1984 1985 1986 1987 1988 1989 1990 1991 1992 1993 1994 1995 1996 1997 1998 1999 2000 2001 2002 2003 2004 
0
0
_SURF_BOTTOM_S6
0
2
48
1909 1911 1913 1915 1917 1919 1921 1923 1925 1927 1929 1931 1933 1935 1937 1939 1941 1943 1945 1947 1949 1951 1953 1955 1957 1959 1961 1963 1965 1967 1969 1971 1973 1975 1977 1979 1981 1983 1985 1987 1989 1991 1993 1995 1997 1999 2001 2003 
0
0
_SURF_TOP_S4
0
2
48
1910 1912 1914 1916 1918 1920 1922 1924 1926 1928 1930 1932 1934 1936 1938 1940 1942 1944 1946 1948 1950 1952 1954 1956 1958 1960 1962 1964 1966 1968 1970 1972 1974 1976 1978 1980 1982 1984 1986 1988 1990 1992 1994 1996 1998 2000 2002 2004 
0
0
0
CSEG_31-1
7
 P      31
0
2
96
3061 3062 3063 3064 3065 3066 3067 3068 3069 3070 3071 3072 3073 3074 3075 3076 3077 3078 3079 3080 3081 3082 3083 3084 3085 3086 3087 3088 3089 3090 3091 3092 3093 3094 3095 3096 3097 3098 3099 3100 3101 3102 3103 3104 3105 3106 3107 3108 3109 3110 3111 3112 3113 3114 3115 3116 3117 3118 3119 3120 3121 3122 3123 3124 3125 3126 3127 3128 3129 3130 3131 3132 3133 3134 3135 3136 3137 3138 3139 3140 3141 3142 3143 3144 3145 3146 3147 3148 3149 3150 3151 3152 3153 3154 3155 3156 
0
0
 P      31SET_CSEG_ALL_ACTIVE
0
2
96
3061 3062 3063 3064 3065 3066 3067 3068 3069 3070 3071 3072 3073 3074 3075 3076 3077 3078 3079 3080 3081 3082 3083 3084 3085 3086 3087 3088 3089 3090 3091 3092 3093 3094 3095 3096 3097 3098 3099 3100 3101 3102 3103 3104 3105 3106 3107 3108 3109 3110 3111 3112 3113 3114 3115 3116 3117 3118 3119 3120 3121 3122 3123 3124 3125 3126 3127 3128 3129 3130 3131 3132 3133 3134 3135 3136 3137 3138 3139 3140 3141 3142 3143 3144 3145 3146 3147 3148 3149 3150 3151 3152 3153 3154 3155 3156 
0
0
FACE_BOTTOM
0
1
48
3061 3063 3065 3067 3069 3071 3073 3075 3077 3079 3081 3083 3085 3087 3089 3091 3093 3095 3097 3099 3101 3103 3105 3107 3109 3111 3113 3115 3117 3119 3121 3123 3125 3127 3129 3131 3133 3135 3137 3139 3141 3143 3145 3147 3149 3151 3153 3155 
0
0
FACE_TOP
0
1
48
3062 3064 3066 3068 3070 3072 3074 3076 3078 3080 3082 3084 3086 3088 3090 3092 3094 3096 3098 3100 3102 3104 3106 3108 3110 3112 3114 3116 3118 3120 3122 3124 3126 3128 3130 3132 3134 3136 3138 3140 3142 3144 3146 3148 3150 3152 3154 3156 
0
0
SET_ALL
0
1
96
3061 3062 3063 3064 3065 3066 3067 3068 3069 3070 3071 3072 3073 3074 3075 3076 3077 3078 3079 3080 3081 3082 3083 3084 3085 3086 3087 3088 3089 3090 3091 3092 3093 3094 3095 3096 3097 3098 3099 3100 3101 3102 3103 3104 3105 3106 3107 3108 3109 3110 3111 3112 3113 3114 3115 3116 3117 3118 3119 3120 3121 3122 3123 3124 3125 3126 3127 3128 3129 3130 3131 3132 3133 3134 3135 3136 3137 3138 3139 3140 3141 3142 3143 3144 3145 3146 3147 3148 3149 3150 3151 3152 3153 3154 3155 3156 
0
0
_SURF_BOTTOM_S6
0
2
48
3061 3063 3065 3067 3069 3071 3073 3075 3077 3079 3081 3083 3085 3087 3089 3091 3093 3095 3097 3099 3101 3103 3105 3107 3109 3111 3113 3115 3117 3119 3121 3123 3125 3127 3129 3131 3133 3135 3137 3139 3141 3143 3145 3147 3149 3151 3153 3155 
0
0
_SURF_TOP_S4
0
2
48
3062 3064 3066 3068 3070 3072 3074 3076 3078 3080 3082 3084 3086 3088 3090 3092 3094 3096 3098 3100 3102 3104 3106 3108 3110 3112 3114 3116 3118 3120 3122 3124 3126 3128 3130 3132 3134 3136 3138 3140 3142 3144 3146 3148 3150 3152 3154 3156 
0
0
0
164

0
2
0
68

62
1 2 3 4 5 6 7 8 9 10 11 12 13 14 15 16 17 18 19 20 21 22 23 24 25 26 27 28 29 30 31 32 33 34 35 36 37 38 39 40 41 42 43 44 45 46 47 48 49 50 51 52 53 54 55 56 57 58 59 60 61 62 
PT_36X15P2-1
72
321708 321709 321710 321711 321712 321713 321714 321715 321716 321717 321718 321719 321720 321721 321722 321723 321724 321725 321726 321727 321728 321729 321730 321731 321732 321733 321734 321735 321736 321737 321738 321739 321740 321741 321742 321743 321744 321745 321746 321747 321748 321749 321750 321751 321752 321753 321754 321755 321756 321757 321758 321759 321760 321761 321762 321763 321764 321765 321766 321767 321768 321769 321770 321771 321772 321773 321774 321775 321776 321777 321778 321779 
RBLONG_01-1
14
-2147483647
48 1 16 5 0 1 0 -1 -1 432 1 -1879048189 321780 432 
RBLONG_02-1
14
-2147483647
48 1 16 5 0 1 0 -1 -1 432 1 -1879048189 322212 432 
RBLONG_03-1
14
-2147483647
48 1 16 5 0 1 0 -1 -1 432 1 -1879048189 322644 432 
RBLONG_04-1
14
-2147483647
48 1 16 5 0 1 0 -1 -1 432 1 -1879048189 323076 432 
RBLONG_06-1
14
-2147483647
48 1 16 5 0 1 0 -1 -1 384 1 -1879048189 323892 384 
RBLONG_08-1
14
-2147483647
48 1 16 5 0 1 0 -1 -1 384 1 -1879048189 324660 384 
RBLONG_20-1
14
-2147483647
48 1 16 5 0 1 0 -1 -1 336 1 -1879048189 328980 336 
RBLONG_22-1
14
-2147483647
48 1 16 5 0 1 0 -1 -1 304 1 -1879048189 329620 304 
RBLONG_24-1
14
-2147483647
48 1 16 5 0 1 0 -1 -1 304 1 -1879048189 330228 304 
RBLONG_26-1
14
-2147483647
48 1 16 5 0 1 0 -1 -1 304 1 -1879048189 330836 304 
RBLONG_28-1
14
-2147483647
48 1 16 5 0 1 0 -1 -1 304 1 -1879048189 331444 304 
RBLONG_10-1
14
-2147483647
48 1 16 5 0 1 0 -1 -1 384 1 -1879048189 325428 384 
RBLONG_12-1
14
-2147483647
48 1 16 5 0 1 0 -1 -1 360 1 -1879048189 326196 360 
RBLONG_14-1
14
-2147483647
48 1 16 5 0 1 0 -1 -1 360 1 -1879048189 326916 360 
RBLONG_16-1
14
-2147483647
48 1 16 5 0 1 0 -1 -1 336 1 -1879048189 327636 336 
RBLONG_18-1
14
-2147483647
48 1 16 5 0 1 0 -1 -1 336 1 -1879048189 328308 336 
RBLONG_30-1
14
-2147483647
48 1 16 5 0 1 0 -1 -1 304 1 -1879048189 332052 304 
RBLONG_05-1
14
-2147483647
48 1 16 5 0 1 0 -1 -1 384 1 -1879048189 323508 384 
RBLONG_07-1
14
-2147483647
48 1 16 5 0 1 0 -1 -1 384 1 -1879048189 324276 384 
RBLONG_09-1
14
-2147483647
48 1 16 5 0 1 0 -1 -1 384 1 -1879048189 325044 384 
RBLONG_21-1
14
-2147483647
48 1 16 5 0 1 0 -1 -1 304 1 -1879048189 329316 304 
RBLONG_23-1
14
-2147483647
48 1 16 5 0 1 0 -1 -1 304 1 -1879048189 329924 304 
RBLONG_25-1
14
-2147483647
48 1 16 5 0 1 0 -1 -1 304 1 -1879048189 330532 304 
RBLONG_27-1
14
-2147483647
48 1 16 5 0 1 0 -1 -1 304 1 -1879048189 331140 304 
RBLONG_29-1
14
-2147483647
48 1 16 5 0 1 0 -1 -1 304 1 -1879048189 331748 304 
RBLONG_11-1
14
-2147483647
48 1 16 5 0 1 0 -1 -1 384 1 -1879048189 325812 384 
RBLONG_13-1
14
-2147483647
48 1 16 5 0 1 0 -1 -1 360 1 -1879048189 326556 360 
RBLONG_15-1
14
-2147483647
48 1 16 5 0 1 0 -1 -1 360 1 -1879048189 327276 360 
RBLONG_17-1
14
-2147483647
48 1 16 5 0 1 0 -1 -1 336 1 -1879048189 327972 336 
RBLONG_19-1
14
-2147483647
48 1 16 5 0 1 0 -1 -1 336 1 -1879048189 328644 336 
RBLONG_31-1
14
-2147483647
48 1 16 5 0 1 0 -1 -1 304 1 -1879048189 332356 304 
CSEG_01-1
14
-2147483647
48 1 16 5 0 1 0 -1 -1 288 1 -1879048189 63 288 
CSEG_02-1
14
-2147483647
48 1 16 5 0 1 0 -1 -1 288 1 -1879048189 351 288 
CSEG_03-1
14
-2147483647
48 1 16 5 0 1 0 -1 -1 288 1 -1879048189 639 288 
CSEG_04-1
14
-2147483647
48 1 16 5 0 1 0 -1 -1 288 1 -1879048189 927 288 
CSEG_05-1
14
-2147483647
48 1 16 5 0 1 0 -1 -1 288 1 -1879048189 1215 288 
CSEG_06-1
14
-2147483647
48 1 16 5 0 1 0 -1 -1 288 1 -1879048189 1503 288 
CSEG_08-1
14
-2147483647
48 1 16 5 0 1 0 -1 -1 288 1 -1879048189 2079 288 
CSEG_20-1
14
-2147483647
48 1 16 5 0 1 0 -1 -1 288 1 -1879048189 5535 288 
CSEG_22-1
14
-2147483647
48 1 16 5 0 1 0 -1 -1 288 1 -1879048189 6111 288 
CSEG_24-1
14
-2147483647
48 1 16 5 0 1 0 -1 -1 288 1 -1879048189 6687 288 
CSEG_26-1
14
-2147483647
48 1 16 5 0 1 0 -1 -1 288 1 -1879048189 7263 288 
CSEG_28-1
14
-2147483647
48 1 16 5 0 1 0 -1 -1 288 1 -1879048189 7839 288 
SSEG_02-1
240
332900 332901 332902 332903 332904 332905 332906 332907 332908 332909 332910 332911 332912 332913 332914 332915 332916 332917 332918 332919 332920 332921 332922 332923 332924 332925 332926 332927 332928 332929 332930 332931 332932 332933 332934 332935 332936 332937 332938 332939 332940 332941 332942 332943 332944 332945 332946 332947 332948 332949 332950 332951 332952 332953 332954 332955 332956 332957 332958 332959 332960 332961 332962 332963 332964 332965 332966 332967 332968 332969 332970 332971 332972 332973 332974 332975 332976 332977 332978 332979 332980 332981 332982 332983 332984 332985 332986 332987 332988 332989 332990 332991 332992 332993 332994 332995 332996 332997 332998 332999 333000 333001 333002 333003 333004 333005 333006 333007 333008 333009 333010 333011 333012 333013 333014 333015 333016 333017 333018 333019 333020 333021 333022 333023 333024 333025 333026 333027 333028 333029 333030 333031 333032 333033 333034 333035 333036 333037 333038 333039 333040 333041 333042 333043 333044 333045 333046 333047 333048 333049 333050 333051 333052 333053 333054 333055 333056 333057 333058 333059 333060 333061 333062 333063 333064 333065 333066 333067 333068 333069 333070 333071 333072 333073 333074 333075 333076 333077 333078 333079 333080 333081 333082 333083 333084 333085 333086 333087 333088 333089 333090 333091 333092 333093 333094 333095 333096 333097 333098 333099 333100 333101 333102 333103 333104 333105 333106 333107 333108 333109 333110 333111 333112 333113 333114 333115 333116 333117 333118 333119 333120 333121 333122 333123 333124 333125 333126 333127 333128 333129 333130 333131 333132 333133 333134 333135 333136 333137 333138 333139 
SSEG_04-1
240
333380 333381 333382 333383 333384 333385 333386 333387 333388 333389 333390 333391 333392 333393 333394 333395 333396 333397 333398 333399 333400 333401 333402 333403 333404 333405 333406 333407 333408 333409 333410 333411 333412 333413 333414 333415 333416 333417 333418 333419 333420 333421 333422 333423 333424 333425 333426 333427 333428 333429 333430 333431 333432 333433 333434 333435 333436 333437 333438 333439 333440 333441 333442 333443 333444 333445 333446 333447 333448 333449 333450 333451 333452 333453 333454 333455 333456 333457 333458 333459 333460 333461 333462 333463 333464 333465 333466 333467 333468 333469 333470 333471 333472 333473 333474 333475 333476 333477 333478 333479 333480 333481 333482 333483 333484 333485 333486 333487 333488 333489 333490 333491 333492 333493 333494 333495 333496 333497 333498 333499 333500 333501 333502 333503 333504 333505 333506 333507 333508 333509 333510 333511 333512 333513 333514 333515 333516 333517 333518 333519 333520 333521 333522 333523 333524 333525 333526 333527 333528 333529 333530 333531 333532 333533 333534 333535 333536 333537 333538 333539 333540 333541 333542 333543 333544 333545 333546 333547 333548 333549 333550 333551 333552 333553 333554 333555 333556 333557 333558 333559 333560 333561 333562 333563 333564 333565 333566 333567 333568 333569 333570 333571 333572 333573 333574 333575 333576 333577 333578 333579 333580 333581 333582 333583 333584 333585 333586 333587 333588 333589 333590 333591 333592 333593 333594 333595 333596 333597 333598 333599 333600 333601 333602 333603 333604 333605 333606 333607 333608 333609 333610 333611 333612 333613 333614 333615 333616 333617 333618 333619 
CSEG_10-1
14
-2147483647
48 1 16 5 0 1 0 -1 -1 288 1 -1879048189 2655 288 
CSEG_12-1
14
-2147483647
48 1 16 5 0 1 0 -1 -1 288 1 -1879048189 3231 288 
CSEG_14-1
14
-2147483647
48 1 16 5 0 1 0 -1 -1 288 1 -1879048189 3807 288 
CSEG_16-1
14
-2147483647
48 1 16 5 0 1 0 -1 -1 288 1 -1879048189 4383 288 
CSEG_18-1
14
-2147483647
48 1 16 5 0 1 0 -1 -1 288 1 -1879048189 4959 288 
CSEG_30-1
14
-2147483647
48 1 16 5 0 1 0 -1 -1 288 1 -1879048189 8415 288 
CSEG_07-1
14
-2147483647
48 1 16 5 0 1 0 -1 -1 288 1 -1879048189 1791 288 
CSEG_09-1
14
-2147483647
48 1 16 5 0 1 0 -1 -1 288 1 -1879048189 2367 288 
CSEG_21-1
14
-2147483647
48 1 16 5 0 1 0 -1 -1 288 1 -1879048189 5823 288 
CSEG_23-1
14
-2147483647
48 1 16 5 0 1 0 -1 -1 288 1 -1879048189 6399 288 
CSEG_25-1
14
-2147483647
48 1 16 5 0 1 0 -1 -1 288 1 -1879048189 6975 288 
CSEG_27-1
14
-2147483647
48 1 16 5 0 1 0 -1 -1 288 1 -1879048189 7551 288 
CSEG_29-1
14
-2147483647
48 1 16 5 0 1 0 -1 -1 288 1 -1879048189 8127 288 
SSEG_01-1
240
332660 332661 332662 332663 332664 332665 332666 332667 332668 332669 332670 332671 332672 332673 332674 332675 332676 332677 332678 332679 332680 332681 332682 332683 332684 332685 332686 332687 332688 332689 332690 332691 332692 332693 332694 332695 332696 332697 332698 332699 332700 332701 332702 332703 332704 332705 332706 332707 332708 332709 332710 332711 332712 332713 332714 332715 332716 332717 332718 332719 332720 332721 332722 332723 332724 332725 332726 332727 332728 332729 332730 332731 332732 332733 332734 332735 332736 332737 332738 332739 332740 332741 332742 332743 332744 332745 332746 332747 332748 332749 332750 332751 332752 332753 332754 332755 332756 332757 332758 332759 332760 332761 332762 332763 332764 332765 332766 332767 332768 332769 332770 332771 332772 332773 332774 332775 332776 332777 332778 332779 332780 332781 332782 332783 332784 332785 332786 332787 332788 332789 332790 332791 332792 332793 332794 332795 332796 332797 332798 332799 332800 332801 332802 332803 332804 332805 332806 332807 332808 332809 332810 332811 332812 332813 332814 332815 332816 332817 332818 332819 332820 332821 332822 332823 332824 332825 332826 332827 332828 332829 332830 332831 332832 332833 332834 332835 332836 332837 332838 332839 332840 332841 332842 332843 332844 332845 332846 332847 332848 332849 332850 332851 332852 332853 332854 332855 332856 332857 332858 332859 332860 332861 332862 332863 332864 332865 332866 332867 332868 332869 332870 332871 332872 332873 332874 332875 332876 332877 332878 332879 332880 332881 332882 332883 332884 332885 332886 332887 332888 332889 332890 332891 332892 332893 332894 332895 332896 332897 332898 332899 
SSEG_03-1
240
333140 333141 333142 333143 333144 333145 333146 333147 333148 333149 333150 333151 333152 333153 333154 333155 333156 333157 333158 333159 333160 333161 333162 333163 333164 333165 333166 333167 333168 333169 333170 333171 333172 333173 333174 333175 333176 333177 333178 333179 333180 333181 333182 333183 333184 333185 333186 333187 333188 333189 333190 333191 333192 333193 333194 333195 333196 333197 333198 333199 333200 333201 333202 333203 333204 333205 333206 333207 333208 333209 333210 333211 333212 333213 333214 333215 333216 333217 333218 333219 333220 333221 333222 333223 333224 333225 333226 333227 333228 333229 333230 333231 333232 333233 333234 333235 333236 333237 333238 333239 333240 333241 333242 333243 333244 333245 333246 333247 333248 333249 333250 333251 333252 333253 333254 333255 333256 333257 333258 333259 333260 333261 333262 333263 333264 333265 333266 333267 333268 333269 333270 333271 333272 333273 333274 333275 333276 333277 333278 333279 333280 333281 333282 333283 333284 333285 333286 333287 333288 333289 333290 333291 333292 333293 333294 333295 333296 333297 333298 333299 333300 333301 333302 333303 333304 333305 333306 333307 333308 333309 333310 333311 333312 333313 333314 333315 333316 333317 333318 333319 333320 333321 333322 333323 333324 333325 333326 333327 333328 333329 333330 333331 333332 333333 333334 333335 333336 333337 333338 333339 333340 333341 333342 333343 333344 333345 333346 333347 333348 333349 333350 333351 333352 333353 333354 333355 333356 333357 333358 333359 333360 333361 333362 333363 333364 333365 333366 333367 333368 333369 333370 333371 333372 333373 333374 333375 333376 333377 333378 333379 
CSEG_11-1
14
-2147483647
48 1 16 5 0 1 0 -1 -1 288 1 -1879048189 2943 288 
CSEG_13-1
14
-2147483647
48 1 16 5 0 1 0 -1 -1 288 1 -1879048189 3519 288 
CSEG_15-1
14
-2147483647
48 1 16 5 0 1 0 -1 -1 288 1 -1879048189 4095 288 
CSEG_17-1
14
-2147483647
48 1 16 5 0 1 0 -1 -1 288 1 -1879048189 4671 288 
CSEG_19-1
14
-2147483647
48 1 16 5 0 1 0 -1 -1 288 1 -1879048189 5247 288 
CSEG_31-1
14
-2147483647
48 1 16 5 0 1 0 -1 -1 288 1 -1879048189 8703 288 
0
SET_CSEG_ALL_ACTIVE
0
1
0
31
CSEG_01-1
14
-2147483647
48 1 16 5 0 1 0 -1 -1 288 1 -1879048189 63 288 
CSEG_03-1
14
-2147483647
48 1 16 5 0 1 0 -1 -1 288 1 -1879048189 639 288 
CSEG_05-1
14
-2147483647
48 1 16 5 0 1 0 -1 -1 288 1 -1879048189 1215 288 
CSEG_10-1
14
-2147483647
48 1 16 5 0 1 0 -1 -1 288 1 -1879048189 2655 288 
CSEG_11-1
14
-2147483647
48 1 16 5 0 1 0 -1 -1 288 1 -1879048189 2943 288 
CSEG_13-1
14
-2147483647
48 1 16 5 0 1 0 -1 -1 288 1 -1879048189 3519 288 
CSEG_12-1
14
-2147483647
48 1 16 5 0 1 0 -1 -1 288 1 -1879048189 3231 288 
CSEG_02-1
14
-2147483647
48 1 16 5 0 1 0 -1 -1 288 1 -1879048189 351 288 
CSEG_04-1
14
-2147483647
48 1 16 5 0 1 0 -1 -1 288 1 -1879048189 927 288 
CSEG_06-1
14
-2147483647
48 1 16 5 0 1 0 -1 -1 288 1 -1879048189 1503 288 
CSEG_08-1
14
-2147483647
48 1 16 5 0 1 0 -1 -1 288 1 -1879048189 2079 288 
CSEG_20-1
14
-2147483647
48 1 16 5 0 1 0 -1 -1 288 1 -1879048189 5535 288 
CSEG_22-1
14
-2147483647
48 1 16 5 0 1 0 -1 -1 288 1 -1879048189 6111 288 
CSEG_24-1
14
-2147483647
48 1 16 5 0 1 0 -1 -1 288 1 -1879048189 6687 288 
CSEG_26-1
14
-2147483647
48 1 16 5 0 1 0 -1 -1 288 1 -1879048189 7263 288 
CSEG_28-1
14
-2147483647
48 1 16 5 0 1 0 -1 -1 288 1 -1879048189 7839 288 
CSEG_14-1
14
-2147483647
48 1 16 5 0 1 0 -1 -1 288 1 -1879048189 3807 288 
CSEG_16-1
14
-2147483647
48 1 16 5 0 1 0 -1 -1 288 1 -1879048189 4383 288 
CSEG_18-1
14
-2147483647
48 1 16 5 0 1 0 -1 -1 288 1 -1879048189 4959 288 
CSEG_30-1
14
-2147483647
48 1 16 5 0 1 0 -1 -1 288 1 -1879048189 8415 288 
CSEG_07-1
14
-2147483647
48 1 16 5 0 1 0 -1 -1 288 1 -1879048189 1791 288 
CSEG_15-1
14
-2147483647
48 1 16 5 0 1 0 -1 -1 288 1 -1879048189 4095 288 
CSEG_09-1
14
-2147483647
48 1 16 5 0 1 0 -1 -1 288 1 -1879048189 2367 288 
CSEG_21-1
14
-2147483647
48 1 16 5 0 1 0 -1 -1 288 1 -1879048189 5823 288 
CSEG_23-1
14
-2147483647
48 1 16 5 0 1 0 -1 -1 288 1 -1879048189 6399 288 
CSEG_25-1
14
-2147483647
48 1 16 5 0 1 0 -1 -1 288 1 -1879048189 6975 288 
CSEG_27-1
14
-2147483647
48 1 16 5 0 1 0 -1 -1 288 1 -1879048189 7551 288 
CSEG_29-1
14
-2147483647
48 1 16 5 0 1 0 -1 -1 288 1 -1879048189 8127 288 
CSEG_17-1
14
-2147483647
48 1 16 5 0 1 0 -1 -1 288 1 -1879048189 4671 288 
CSEG_19-1
14
-2147483647
48 1 16 5 0 1 0 -1 -1 288 1 -1879048189 5247 288 
CSEG_31-1
14
-2147483647
48 1 16 5 0 1 0 -1 -1 288 1 -1879048189 8703 288 
0
SET_FLANGE_RP
0
1
1
62 
0
0
SET_J01_LO_RP
0
1
1
2 
0
0
SET_J01_UP_RP
0
1
1
3 
0
0
SET_J02_LO_RP
0
1
1
4 
0
0
SET_J02_UP_RP
0
1
1
5 
0
0
SET_J03_LO_RP
0
1
1
6 
0
0
SET_J03_UP_RP
0
1
1
7 
0
0
SET_J04_LO_RP
0
1
1
8 
0
0
SET_J04_UP_RP
0
1
1
9 
0
0
SET_J05_LO_RP
0
1
1
10 
0
0
SET_J05_UP_RP
0
1
1
11 
0
0
SET_J06_LO_RP
0
1
1
12 
0
0
SET_J06_UP_RP
0
1
1
13 
0
0
SET_J07_LO_RP
0
1
1
14 
0
0
SET_J07_UP_RP
0
1
1
15 
0
0
SET_J08_LO_RP
0
1
1
16 
0
0
SET_J08_UP_RP
0
1
1
17 
0
0
SET_J09_LO_RP
0
1
1
18 
0
0
SET_J09_UP_RP
0
1
1
19 
0
0
SET_J10_LO_RP
0
1
1
20 
0
0
SET_J10_UP_RP
0
1
1
21 
0
0
SET_J11_LO_RP
0
1
1
22 
0
0
SET_J11_UP_RP
0
1
1
23 
0
0
SET_J12_LO_RP
0
1
1
24 
0
0
SET_J12_UP_RP
0
1
1
25 
0
0
SET_J13_LO_RP
0
1
1
26 
0
0
SET_J13_UP_RP
0
1
1
27 
0
0
SET_J14_LO_RP
0
1
1
28 
0
0
SET_J14_UP_RP
0
1
1
29 
0
0
SET_J15_LO_RP
0
1
1
30 
0
0
SET_J15_UP_RP
0
1
1
31 
0
0
SET_J16_LO_RP
0
1
1
32 
0
0
SET_J16_UP_RP
0
1
1
33 
0
0
SET_J17_LO_RP
0
1
1
34 
0
0
SET_J17_UP_RP
0
1
1
35 
0
0
SET_J18_LO_RP
0
1
1
36 
0
0
SET_J18_UP_RP
0
1
1
37 
0
0
SET_J19_LO_RP
0
1
1
38 
0
0
SET_J19_UP_RP
0
1
1
39 
0
0
SET_J20_LO_RP
0
1
1
40 
0
0
SET_J20_UP_RP
0
1
1
41 
0
0
SET_J21_LO_RP
0
1
1
42 
0
0
SET_J21_UP_RP
0
1
1
43 
0
0
SET_J22_LO_RP
0
1
1
44 
0
0
SET_J22_UP_RP
0
1
1
45 
0
0
SET_J23_LO_RP
0
1
1
46 
0
0
SET_J23_UP_RP
0
1
1
47 
0
0
SET_J24_LO_RP
0
1
1
48 
0
0
SET_J24_UP_RP
0
1
1
49 
0
0
SET_J25_LO_RP
0
1
1
50 
0
0
SET_J25_UP_RP
0
1
1
51 
0
0
SET_J26_LO_RP
0
1
1
52 
0
0
SET_J26_UP_RP
0
1
1
53 
0
0
SET_J27_LO_RP
0
1
1
54 
0
0
SET_J27_UP_RP
0
1
1
55 
0
0
SET_J28_LO_RP
0
1
1
56 
0
0
SET_J28_UP_RP
0
1
1
57 
0
0
SET_J29_LO_RP
0
1
1
58 
0
0
SET_J29_UP_RP
0
1
1
59 
0
0
SET_J30_LO_RP
0
1
1
60 
0
0
SET_J30_UP_RP
0
1
1
61 
0
0
SET_PT_TOP_NODE_01
0
1
0
1
PT_36X15P2-1
1
321709 
0
SET_PT_TOP_NODE_02
0
1
0
1
PT_36X15P2-1
1
321711 
0
SET_PT_TOP_NODE_03
0
1
0
1
PT_36X15P2-1
1
321713 
0
SET_PT_TOP_NODE_04
0
1
0
1
PT_36X15P2-1
1
321715 
0
SET_PT_TOP_NODE_05
0
1
0
1
PT_36X15P2-1
1
321717 
0
SET_PT_TOP_NODE_06
0
1
0
1
PT_36X15P2-1
1
321719 
0
SET_PT_TOP_NODE_07
0
1
0
1
PT_36X15P2-1
1
321721 
0
SET_PT_TOP_NODE_08
0
1
0
1
PT_36X15P2-1
1
321723 
0
SET_PT_TOP_NODE_09
0
1
0
1
PT_36X15P2-1
1
321725 
0
SET_PT_TOP_NODE_10
0
1
0
1
PT_36X15P2-1
1
321727 
0
SET_PT_TOP_NODE_11
0
1
0
1
PT_36X15P2-1
1
321729 
0
SET_PT_TOP_NODE_12
0
1
0
1
PT_36X15P2-1
1
321731 
0
SET_PT_TOP_NODE_13
0
1
0
1
PT_36X15P2-1
1
321733 
0
SET_PT_TOP_NODE_14
0
1
0
1
PT_36X15P2-1
1
321735 
0
SET_PT_TOP_NODE_15
0
1
0
1
PT_36X15P2-1
1
321737 
0
SET_PT_TOP_NODE_16
0
1
0
1
PT_36X15P2-1
1
321739 
0
SET_PT_TOP_NODE_17
0
1
0
1
PT_36X15P2-1
1
321741 
0
SET_PT_TOP_NODE_18
0
1
0
1
PT_36X15P2-1
1
321743 
0
SET_PT_TOP_NODE_19
0
1
0
1
PT_36X15P2-1
1
321745 
0
SET_PT_TOP_NODE_20
0
1
0
1
PT_36X15P2-1
1
321747 
0
SET_PT_TOP_NODE_21
0
1
0
1
PT_36X15P2-1
1
321749 
0
SET_PT_TOP_NODE_22
0
1
0
1
PT_36X15P2-1
1
321751 
0
SET_PT_TOP_NODE_23
0
1
0
1
PT_36X15P2-1
1
321753 
0
SET_PT_TOP_NODE_24
0
1
0
1
PT_36X15P2-1
1
321755 
0
SET_PT_TOP_NODE_25
0
1
0
1
PT_36X15P2-1
1
321757 
0
SET_PT_TOP_NODE_26
0
1
0
1
PT_36X15P2-1
1
321759 
0
SET_PT_TOP_NODE_27
0
1
0
1
PT_36X15P2-1
1
321761 
0
SET_PT_TOP_NODE_28
0
1
0
1
PT_36X15P2-1
1
321763 
0
SET_PT_TOP_NODE_29
0
1
0
1
PT_36X15P2-1
1
321765 
0
SET_PT_TOP_NODE_30
0
1
0
1
PT_36X15P2-1
1
321767 
0
SET_PT_TOP_NODE_31
0
1
0
1
PT_36X15P2-1
1
321769 
0
SET_PT_TOP_NODE_32
0
1
0
1
PT_36X15P2-1
1
321771 
0
SET_PT_TOP_NODE_33
0
1
0
1
PT_36X15P2-1
1
321773 
0
SET_PT_TOP_NODE_34
0
1
0
1
PT_36X15P2-1
1
321775 
0
SET_PT_TOP_NODE_35
0
1
0
1
PT_36X15P2-1
1
321777 
0
SET_PT_TOP_NODE_36
0
1
0
1
PT_36X15P2-1
1
321779 
0
SET_RNA_RP
0
1
1
1 
0
0
SET_SSEG_ALL_ACTIVE
0
1
0
4
SSEG_01-1
240
332660 332661 332662 332663 332664 332665 332666 332667 332668 332669 332670 332671 332672 332673 332674 332675 332676 332677 332678 332679 332680 332681 332682 332683 332684 332685 332686 332687 332688 332689 332690 332691 332692 332693 332694 332695 332696 332697 332698 332699 332700 332701 332702 332703 332704 332705 332706 332707 332708 332709 332710 332711 332712 332713 332714 332715 332716 332717 332718 332719 332720 332721 332722 332723 332724 332725 332726 332727 332728 332729 332730 332731 332732 332733 332734 332735 332736 332737 332738 332739 332740 332741 332742 332743 332744 332745 332746 332747 332748 332749 332750 332751 332752 332753 332754 332755 332756 332757 332758 332759 332760 332761 332762 332763 332764 332765 332766 332767 332768 332769 332770 332771 332772 332773 332774 332775 332776 332777 332778 332779 332780 332781 332782 332783 332784 332785 332786 332787 332788 332789 332790 332791 332792 332793 332794 332795 332796 332797 332798 332799 332800 332801 332802 332803 332804 332805 332806 332807 332808 332809 332810 332811 332812 332813 332814 332815 332816 332817 332818 332819 332820 332821 332822 332823 332824 332825 332826 332827 332828 332829 332830 332831 332832 332833 332834 332835 332836 332837 332838 332839 332840 332841 332842 332843 332844 332845 332846 332847 332848 332849 332850 332851 332852 332853 332854 332855 332856 332857 332858 332859 332860 332861 332862 332863 332864 332865 332866 332867 332868 332869 332870 332871 332872 332873 332874 332875 332876 332877 332878 332879 332880 332881 332882 332883 332884 332885 332886 332887 332888 332889 332890 332891 332892 332893 332894 332895 332896 332897 332898 332899 
SSEG_02-1
240
332900 332901 332902 332903 332904 332905 332906 332907 332908 332909 332910 332911 332912 332913 332914 332915 332916 332917 332918 332919 332920 332921 332922 332923 332924 332925 332926 332927 332928 332929 332930 332931 332932 332933 332934 332935 332936 332937 332938 332939 332940 332941 332942 332943 332944 332945 332946 332947 332948 332949 332950 332951 332952 332953 332954 332955 332956 332957 332958 332959 332960 332961 332962 332963 332964 332965 332966 332967 332968 332969 332970 332971 332972 332973 332974 332975 332976 332977 332978 332979 332980 332981 332982 332983 332984 332985 332986 332987 332988 332989 332990 332991 332992 332993 332994 332995 332996 332997 332998 332999 333000 333001 333002 333003 333004 333005 333006 333007 333008 333009 333010 333011 333012 333013 333014 333015 333016 333017 333018 333019 333020 333021 333022 333023 333024 333025 333026 333027 333028 333029 333030 333031 333032 333033 333034 333035 333036 333037 333038 333039 333040 333041 333042 333043 333044 333045 333046 333047 333048 333049 333050 333051 333052 333053 333054 333055 333056 333057 333058 333059 333060 333061 333062 333063 333064 333065 333066 333067 333068 333069 333070 333071 333072 333073 333074 333075 333076 333077 333078 333079 333080 333081 333082 333083 333084 333085 333086 333087 333088 333089 333090 333091 333092 333093 333094 333095 333096 333097 333098 333099 333100 333101 333102 333103 333104 333105 333106 333107 333108 333109 333110 333111 333112 333113 333114 333115 333116 333117 333118 333119 333120 333121 333122 333123 333124 333125 333126 333127 333128 333129 333130 333131 333132 333133 333134 333135 333136 333137 333138 333139 
SSEG_03-1
240
333140 333141 333142 333143 333144 333145 333146 333147 333148 333149 333150 333151 333152 333153 333154 333155 333156 333157 333158 333159 333160 333161 333162 333163 333164 333165 333166 333167 333168 333169 333170 333171 333172 333173 333174 333175 333176 333177 333178 333179 333180 333181 333182 333183 333184 333185 333186 333187 333188 333189 333190 333191 333192 333193 333194 333195 333196 333197 333198 333199 333200 333201 333202 333203 333204 333205 333206 333207 333208 333209 333210 333211 333212 333213 333214 333215 333216 333217 333218 333219 333220 333221 333222 333223 333224 333225 333226 333227 333228 333229 333230 333231 333232 333233 333234 333235 333236 333237 333238 333239 333240 333241 333242 333243 333244 333245 333246 333247 333248 333249 333250 333251 333252 333253 333254 333255 333256 333257 333258 333259 333260 333261 333262 333263 333264 333265 333266 333267 333268 333269 333270 333271 333272 333273 333274 333275 333276 333277 333278 333279 333280 333281 333282 333283 333284 333285 333286 333287 333288 333289 333290 333291 333292 333293 333294 333295 333296 333297 333298 333299 333300 333301 333302 333303 333304 333305 333306 333307 333308 333309 333310 333311 333312 333313 333314 333315 333316 333317 333318 333319 333320 333321 333322 333323 333324 333325 333326 333327 333328 333329 333330 333331 333332 333333 333334 333335 333336 333337 333338 333339 333340 333341 333342 333343 333344 333345 333346 333347 333348 333349 333350 333351 333352 333353 333354 333355 333356 333357 333358 333359 333360 333361 333362 333363 333364 333365 333366 333367 333368 333369 333370 333371 333372 333373 333374 333375 333376 333377 333378 333379 
SSEG_04-1
240
333380 333381 333382 333383 333384 333385 333386 333387 333388 333389 333390 333391 333392 333393 333394 333395 333396 333397 333398 333399 333400 333401 333402 333403 333404 333405 333406 333407 333408 333409 333410 333411 333412 333413 333414 333415 333416 333417 333418 333419 333420 333421 333422 333423 333424 333425 333426 333427 333428 333429 333430 333431 333432 333433 333434 333435 333436 333437 333438 333439 333440 333441 333442 333443 333444 333445 333446 333447 333448 333449 333450 333451 333452 333453 333454 333455 333456 333457 333458 333459 333460 333461 333462 333463 333464 333465 333466 333467 333468 333469 333470 333471 333472 333473 333474 333475 333476 333477 333478 333479 333480 333481 333482 333483 333484 333485 333486 333487 333488 333489 333490 333491 333492 333493 333494 333495 333496 333497 333498 333499 333500 333501 333502 333503 333504 333505 333506 333507 333508 333509 333510 333511 333512 333513 333514 333515 333516 333517 333518 333519 333520 333521 333522 333523 333524 333525 333526 333527 333528 333529 333530 333531 333532 333533 333534 333535 333536 333537 333538 333539 333540 333541 333542 333543 333544 333545 333546 333547 333548 333549 333550 333551 333552 333553 333554 333555 333556 333557 333558 333559 333560 333561 333562 333563 333564 333565 333566 333567 333568 333569 333570 333571 333572 333573 333574 333575 333576 333577 333578 333579 333580 333581 333582 333583 333584 333585 333586 333587 333588 333589 333590 333591 333592 333593 333594 333595 333596 333597 333598 333599 333600 333601 333602 333603 333604 333605 333606 333607 333608 333609 333610 333611 333612 333613 333614 333615 333616 333617 333618 333619 
0
SET_TOWER_BASE
0
1
0
1
CSEG_01-1
96
63 66 69 72 75 78 81 84 87 90 93 96 99 102 105 108 111 114 117 120 123 126 129 132 135 138 141 144 147 150 153 156 159 162 165 168 171 174 177 180 183 186 189 192 195 198 201 204 207 210 213 216 219 222 225 228 231 234 237 240 243 246 249 252 255 258 261 264 267 270 273 276 279 282 285 288 291 294 297 300 303 306 309 312 315 318 321 324 327 330 333 336 339 342 345 348 
0
SET_TOWER_TOP
0
1
0
1
SSEG_04-1
48
333384 333389 333394 333399 333404 333409 333414 333419 333424 333429 333434 333439 333444 333449 333454 333459 333464 333469 333474 333479 333484 333489 333494 333499 333504 333509 333514 333519 333524 333529 333534 333539 333544 333549 333554 333559 333564 333569 333574 333579 333584 333589 333594 333599 333604 333609 333614 333619 
0
_PICKEDSET230
0
2
1
1 
0
0
_PICKEDSET235
0
2
1
2 
0
0
_PICKEDSET236
0
2
1
3 
0
0
_PICKEDSET253
0
2
1
4 
0
0
_PICKEDSET254
0
2
1
5 
0
0
_PICKEDSET271
0
2
1
6 
0
0
_PICKEDSET272
0
2
1
7 
0
0
_PICKEDSET289
0
2
1
8 
0
0
_PICKEDSET290
0
2
1
9 
0
0
_PICKEDSET307
0
2
1
10 
0
0
_PICKEDSET308
0
2
1
11 
0
0
_PICKEDSET325
0
2
1
12 
0
0
_PICKEDSET326
0
2
1
13 
0
0
_PICKEDSET343
0
2
1
14 
0
0
_PICKEDSET344
0
2
1
15 
0
0
_PICKEDSET361
0
2
1
16 
0
0
_PICKEDSET362
0
2
1
17 
0
0
_PICKEDSET379
0
2
1
18 
0
0
_PICKEDSET380
0
2
1
19 
0
0
_PICKEDSET397
0
2
1
20 
0
0
_PICKEDSET398
0
2
1
21 
0
0
_PICKEDSET415
0
2
1
22 
0
0
_PICKEDSET416
0
2
1
23 
0
0
_PICKEDSET433
0
2
1
24 
0
0
_PICKEDSET434
0
2
1
25 
0
0
_PICKEDSET451
0
2
1
26 
0
0
_PICKEDSET452
0
2
1
27 
0
0
_PICKEDSET469
0
2
1
28 
0
0
_PICKEDSET470
0
2
1
29 
0
0
_PICKEDSET487
0
2
1
30 
0
0
_PICKEDSET488
0
2
1
31 
0
0
_PICKEDSET505
0
2
1
32 
0
0
_PICKEDSET506
0
2
1
33 
0
0
_PICKEDSET523
0
2
1
34 
0
0
_PICKEDSET524
0
2
1
35 
0
0
_PICKEDSET541
0
2
1
36 
0
0
_PICKEDSET542
0
2
1
37 
0
0
_PICKEDSET559
0
2
1
38 
0
0
_PICKEDSET560
0
2
1
39 
0
0
_PICKEDSET577
0
2
1
40 
0
0
_PICKEDSET578
0
2
1
41 
0
0
_PICKEDSET595
0
2
1
42 
0
0
_PICKEDSET596
0
2
1
43 
0
0
_PICKEDSET613
0
2
1
44 
0
0
_PICKEDSET614
0
2
1
45 
0
0
_PICKEDSET631
0
2
1
46 
0
0
_PICKEDSET632
0
2
1
47 
0
0
_PICKEDSET649
0
2
1
48 
0
0
_PICKEDSET650
0
2
1
49 
0
0
_PICKEDSET667
0
2
1
50 
0
0
_PICKEDSET668
0
2
1
51 
0
0
_PICKEDSET685
0
2
1
52 
0
0
_PICKEDSET686
0
2
1
53 
0
0
_PICKEDSET703
0
2
1
54 
0
0
_PICKEDSET704
0
2
1
55 
0
0
_PICKEDSET721
0
2
1
56 
0
0
_PICKEDSET722
0
2
1
57 
0
0
_PICKEDSET739
0
2
1
58 
0
0
_PICKEDSET740
0
2
1
59 
0
0
_PICKEDSET757
0
2
1
60 
0
0
_PICKEDSET758
0
2
1
61 
0
0
68
CSEG_01-1
5
 P       1
0
2
14
-2147483647
48 1 16 5 0 1 0 -1 -1 288 1 -1879048189 63 288 
0
0
 P       1SET_CSEG_ALL_ACTIVE
0
2
14
-2147483647
48 1 16 5 0 1 0 -1 -1 288 1 -1879048189 63 288 
0
0
FACE_BOTTOM
0
1
96
63 66 69 72 75 78 81 84 87 90 93 96 99 102 105 108 111 114 117 120 123 126 129 132 135 138 141 144 147 150 153 156 159 162 165 168 171 174 177 180 183 186 189 192 195 198 201 204 207 210 213 216 219 222 225 228 231 234 237 240 243 246 249 252 255 258 261 264 267 270 273 276 279 282 285 288 291 294 297 300 303 306 309 312 315 318 321 324 327 330 333 336 339 342 345 348 
0
0
FACE_TOP
0
1
96
65 68 71 74 77 80 83 86 89 92 95 98 101 104 107 110 113 116 119 122 125 128 131 134 137 140 143 146 149 152 155 158 161 164 167 170 173 176 179 182 185 188 191 194 197 200 203 206 209 212 215 218 221 224 227 230 233 236 239 242 245 248 251 254 257 260 263 266 269 272 275 278 281 284 287 290 293 296 299 302 305 308 311 314 317 320 323 326 329 332 335 338 341 344 347 350 
0
0
SET_ALL
0
1
14
-2147483647
48 1 16 5 0 1 0 -1 -1 288 1 -1879048189 63 288 
0
0
0
RBLONG_01-1
2
 P      42
0
2
14
-2147483647
48 1 16 5 0 1 0 -1 -1 432 1 -1879048189 321780 432 
0
0
SET_ALL
0
1
14
-2147483647
48 1 16 5 0 1 0 -1 -1 432 1 -1879048189 321780 432 
0
0
0

1
 P       0
0
2
62
1 2 3 4 5 6 7 8 9 10 11 12 13 14 15 16 17 18 19 20 21 22 23 24 25 26 27 28 29 30 31 32 33 34 35 36 37 38 39 40 41 42 43 44 45 46 47 48 49 50 51 52 53 54 55 56 57 58 59 60 61 62 
0
0
0
RBLONG_02-1
2
 P      43
0
2
14
-2147483647
48 1 16 5 0 1 0 -1 -1 432 1 -1879048189 322212 432 
0
0
SET_ALL
0
1
14
-2147483647
48 1 16 5 0 1 0 -1 -1 432 1 -1879048189 322212 432 
0
0
0
RBLONG_03-1
2
 P      44
0
2
14
-2147483647
48 1 16 5 0 1 0 -1 -1 432 1 -1879048189 322644 432 
0
0
SET_ALL
0
1
14
-2147483647
48 1 16 5 0 1 0 -1 -1 432 1 -1879048189 322644 432 
0
0
0
RBLONG_04-1
2
 P      45
0
2
14
-2147483647
48 1 16 5 0 1 0 -1 -1 432 1 -1879048189 323076 432 
0
0
SET_ALL
0
1
14
-2147483647
48 1 16 5 0 1 0 -1 -1 432 1 -1879048189 323076 432 
0
0
0
RBLONG_05-1
2
 P      46
0
2
14
-2147483647
48 1 16 5 0 1 0 -1 -1 384 1 -1879048189 323508 384 
0
0
SET_ALL
0
1
14
-2147483647
48 1 16 5 0 1 0 -1 -1 384 1 -1879048189 323508 384 
0
0
0
RBLONG_06-1
2
 P      47
0
2
14
-2147483647
48 1 16 5 0 1 0 -1 -1 384 1 -1879048189 323892 384 
0
0
SET_ALL
0
1
14
-2147483647
48 1 16 5 0 1 0 -1 -1 384 1 -1879048189 323892 384 
0
0
0
RBLONG_08-1
2
 P      49
0
2
14
-2147483647
48 1 16 5 0 1 0 -1 -1 384 1 -1879048189 324660 384 
0
0
SET_ALL
0
1
14
-2147483647
48 1 16 5 0 1 0 -1 -1 384 1 -1879048189 324660 384 
0
0
0
RBLONG_20-1
2
 P      61
0
2
14
-2147483647
48 1 16 5 0 1 0 -1 -1 336 1 -1879048189 328980 336 
0
0
SET_ALL
0
1
14
-2147483647
48 1 16 5 0 1 0 -1 -1 336 1 -1879048189 328980 336 
0
0
0
RBLONG_22-1
2
 P      63
0
2
14
-2147483647
48 1 16 5 0 1 0 -1 -1 304 1 -1879048189 329620 304 
0
0
SET_ALL
0
1
14
-2147483647
48 1 16 5 0 1 0 -1 -1 304 1 -1879048189 329620 304 
0
0
0
RBLONG_24-1
2
 P      65
0
2
14
-2147483647
48 1 16 5 0 1 0 -1 -1 304 1 -1879048189 330228 304 
0
0
SET_ALL
0
1
14
-2147483647
48 1 16 5 0 1 0 -1 -1 304 1 -1879048189 330228 304 
0
0
0
RBLONG_26-1
2
 P      67
0
2
14
-2147483647
48 1 16 5 0 1 0 -1 -1 304 1 -1879048189 330836 304 
0
0
SET_ALL
0
1
14
-2147483647
48 1 16 5 0 1 0 -1 -1 304 1 -1879048189 330836 304 
0
0
0
RBLONG_28-1
2
 P      69
0
2
14
-2147483647
48 1 16 5 0 1 0 -1 -1 304 1 -1879048189 331444 304 
0
0
SET_ALL
0
1
14
-2147483647
48 1 16 5 0 1 0 -1 -1 304 1 -1879048189 331444 304 
0
0
0
RBLONG_10-1
2
 P      51
0
2
14
-2147483647
48 1 16 5 0 1 0 -1 -1 384 1 -1879048189 325428 384 
0
0
SET_ALL
0
1
14
-2147483647
48 1 16 5 0 1 0 -1 -1 384 1 -1879048189 325428 384 
0
0
0
RBLONG_12-1
2
 P      53
0
2
14
-2147483647
48 1 16 5 0 1 0 -1 -1 360 1 -1879048189 326196 360 
0
0
SET_ALL
0
1
14
-2147483647
48 1 16 5 0 1 0 -1 -1 360 1 -1879048189 326196 360 
0
0
0
RBLONG_14-1
2
 P      55
0
2
14
-2147483647
48 1 16 5 0 1 0 -1 -1 360 1 -1879048189 326916 360 
0
0
SET_ALL
0
1
14
-2147483647
48 1 16 5 0 1 0 -1 -1 360 1 -1879048189 326916 360 
0
0
0
RBLONG_16-1
2
 P      57
0
2
14
-2147483647
48 1 16 5 0 1 0 -1 -1 336 1 -1879048189 327636 336 
0
0
SET_ALL
0
1
14
-2147483647
48 1 16 5 0 1 0 -1 -1 336 1 -1879048189 327636 336 
0
0
0
RBLONG_18-1
2
 P      59
0
2
14
-2147483647
48 1 16 5 0 1 0 -1 -1 336 1 -1879048189 328308 336 
0
0
SET_ALL
0
1
14
-2147483647
48 1 16 5 0 1 0 -1 -1 336 1 -1879048189 328308 336 
0
0
0
RBLONG_30-1
2
 P      71
0
2
14
-2147483647
48 1 16 5 0 1 0 -1 -1 304 1 -1879048189 332052 304 
0
0
SET_ALL
0
1
14
-2147483647
48 1 16 5 0 1 0 -1 -1 304 1 -1879048189 332052 304 
0
0
0
RBLONG_07-1
2
 P      48
0
2
14
-2147483647
48 1 16 5 0 1 0 -1 -1 384 1 -1879048189 324276 384 
0
0
SET_ALL
0
1
14
-2147483647
48 1 16 5 0 1 0 -1 -1 384 1 -1879048189 324276 384 
0
0
0
RBLONG_09-1
2
 P      50
0
2
14
-2147483647
48 1 16 5 0 1 0 -1 -1 384 1 -1879048189 325044 384 
0
0
SET_ALL
0
1
14
-2147483647
48 1 16 5 0 1 0 -1 -1 384 1 -1879048189 325044 384 
0
0
0
RBLONG_21-1
2
 P      62
0
2
14
-2147483647
48 1 16 5 0 1 0 -1 -1 304 1 -1879048189 329316 304 
0
0
SET_ALL
0
1
14
-2147483647
48 1 16 5 0 1 0 -1 -1 304 1 -1879048189 329316 304 
0
0
0
RBLONG_23-1
2
 P      64
0
2
14
-2147483647
48 1 16 5 0 1 0 -1 -1 304 1 -1879048189 329924 304 
0
0
SET_ALL
0
1
14
-2147483647
48 1 16 5 0 1 0 -1 -1 304 1 -1879048189 329924 304 
0
0
0
RBLONG_25-1
2
 P      66
0
2
14
-2147483647
48 1 16 5 0 1 0 -1 -1 304 1 -1879048189 330532 304 
0
0
SET_ALL
0
1
14
-2147483647
48 1 16 5 0 1 0 -1 -1 304 1 -1879048189 330532 304 
0
0
0
RBLONG_27-1
2
 P      68
0
2
14
-2147483647
48 1 16 5 0 1 0 -1 -1 304 1 -1879048189 331140 304 
0
0
SET_ALL
0
1
14
-2147483647
48 1 16 5 0 1 0 -1 -1 304 1 -1879048189 331140 304 
0
0
0
RBLONG_29-1
2
 P      70
0
2
14
-2147483647
48 1 16 5 0 1 0 -1 -1 304 1 -1879048189 331748 304 
0
0
SET_ALL
0
1
14
-2147483647
48 1 16 5 0 1 0 -1 -1 304 1 -1879048189 331748 304 
0
0
0
RBLONG_11-1
2
 P      52
0
2
14
-2147483647
48 1 16 5 0 1 0 -1 -1 384 1 -1879048189 325812 384 
0
0
SET_ALL
0
1
14
-2147483647
48 1 16 5 0 1 0 -1 -1 384 1 -1879048189 325812 384 
0
0
0
RBLONG_13-1
2
 P      54
0
2
14
-2147483647
48 1 16 5 0 1 0 -1 -1 360 1 -1879048189 326556 360 
0
0
SET_ALL
0
1
14
-2147483647
48 1 16 5 0 1 0 -1 -1 360 1 -1879048189 326556 360 
0
0
0
RBLONG_15-1
2
 P      56
0
2
14
-2147483647
48 1 16 5 0 1 0 -1 -1 360 1 -1879048189 327276 360 
0
0
SET_ALL
0
1
14
-2147483647
48 1 16 5 0 1 0 -1 -1 360 1 -1879048189 327276 360 
0
0
0
RBLONG_17-1
2
 P      58
0
2
14
-2147483647
48 1 16 5 0 1 0 -1 -1 336 1 -1879048189 327972 336 
0
0
SET_ALL
0
1
14
-2147483647
48 1 16 5 0 1 0 -1 -1 336 1 -1879048189 327972 336 
0
0
0
RBLONG_19-1
2
 P      60
0
2
14
-2147483647
48 1 16 5 0 1 0 -1 -1 336 1 -1879048189 328644 336 
0
0
SET_ALL
0
1
14
-2147483647
48 1 16 5 0 1 0 -1 -1 336 1 -1879048189 328644 336 
0
0
0
RBLONG_31-1
2
 P      72
0
2
14
-2147483647
48 1 16 5 0 1 0 -1 -1 304 1 -1879048189 332356 304 
0
0
SET_ALL
0
1
14
-2147483647
48 1 16 5 0 1 0 -1 -1 304 1 -1879048189 332356 304 
0
0
0
PT_36X15P2-1
4
 P      41
0
2
72
321708 321709 321710 321711 321712 321713 321714 321715 321716 321717 321718 321719 321720 321721 321722 321723 321724 321725 321726 321727 321728 321729 321730 321731 321732 321733 321734 321735 321736 321737 321738 321739 321740 321741 321742 321743 321744 321745 321746 321747 321748 321749 321750 321751 321752 321753 321754 321755 321756 321757 321758 321759 321760 321761 321762 321763 321764 321765 321766 321767 321768 321769 321770 321771 321772 321773 321774 321775 321776 321777 321778 321779 
0
0
SET_PT_ALL_GEOM
0
1
72
321708 321709 321710 321711 321712 321713 321714 321715 321716 321717 321718 321719 321720 321721 321722 321723 321724 321725 321726 321727 321728 321729 321730 321731 321732 321733 321734 321735 321736 321737 321738 321739 321740 321741 321742 321743 321744 321745 321746 321747 321748 321749 321750 321751 321752 321753 321754 321755 321756 321757 321758 321759 321760 321761 321762 321763 321764 321765 321766 321767 321768 321769 321770 321771 321772 321773 321774 321775 321776 321777 321778 321779 
0
0
SET_PT_BOTTOM_GEOM
0
1
36
321708 321710 321712 321714 321716 321718 321720 321722 321724 321726 321728 321730 321732 321734 321736 321738 321740 321742 321744 321746 321748 321750 321752 321754 321756 321758 321760 321762 321764 321766 321768 321770 321772 321774 321776 321778 
0
0
SET_PT_TOP_GEOM
0
1
36
321709 321711 321713 321715 321717 321719 321721 321723 321725 321727 321729 321731 321733 321735 321737 321739 321741 321743 321745 321747 321749 321751 321753 321755 321757 321759 321761 321763 321765 321767 321769 321771 321773 321775 321777 321779 
0
0
0
CSEG_02-1
5
 P       2
0
2
14
-2147483647
48 1 16 5 0 1 0 -1 -1 288 1 -1879048189 351 288 
0
0
 P       2SET_CSEG_ALL_ACTIVE
0
2
14
-2147483647
48 1 16 5 0 1 0 -1 -1 288 1 -1879048189 351 288 
0
0
FACE_BOTTOM
0
1
96
351 354 357 360 363 366 369 372 375 378 381 384 387 390 393 396 399 402 405 408 411 414 417 420 423 426 429 432 435 438 441 444 447 450 453 456 459 462 465 468 471 474 477 480 483 486 489 492 495 498 501 504 507 510 513 516 519 522 525 528 531 534 537 540 543 546 549 552 555 558 561 564 567 570 573 576 579 582 585 588 591 594 597 600 603 606 609 612 615 618 621 624 627 630 633 636 
0
0
FACE_TOP
0
1
96
353 356 359 362 365 368 371 374 377 380 383 386 389 392 395 398 401 404 407 410 413 416 419 422 425 428 431 434 437 440 443 446 449 452 455 458 461 464 467 470 473 476 479 482 485 488 491 494 497 500 503 506 509 512 515 518 521 524 527 530 533 536 539 542 545 548 551 554 557 560 563 566 569 572 575 578 581 584 587 590 593 596 599 602 605 608 611 614 617 620 623 626 629 632 635 638 
0
0
SET_ALL
0
1
14
-2147483647
48 1 16 5 0 1 0 -1 -1 288 1 -1879048189 351 288 
0
0
0
CSEG_03-1
5
 P       3
0
2
14
-2147483647
48 1 16 5 0 1 0 -1 -1 288 1 -1879048189 639 288 
0
0
 P       3SET_CSEG_ALL_ACTIVE
0
2
14
-2147483647
48 1 16 5 0 1 0 -1 -1 288 1 -1879048189 639 288 
0
0
FACE_BOTTOM
0
1
96
639 642 645 648 651 654 657 660 663 666 669 672 675 678 681 684 687 690 693 696 699 702 705 708 711 714 717 720 723 726 729 732 735 738 741 744 747 750 753 756 759 762 765 768 771 774 777 780 783 786 789 792 795 798 801 804 807 810 813 816 819 822 825 828 831 834 837 840 843 846 849 852 855 858 861 864 867 870 873 876 879 882 885 888 891 894 897 900 903 906 909 912 915 918 921 924 
0
0
FACE_TOP
0
1
96
641 644 647 650 653 656 659 662 665 668 671 674 677 680 683 686 689 692 695 698 701 704 707 710 713 716 719 722 725 728 731 734 737 740 743 746 749 752 755 758 761 764 767 770 773 776 779 782 785 788 791 794 797 800 803 806 809 812 815 818 821 824 827 830 833 836 839 842 845 848 851 854 857 860 863 866 869 872 875 878 881 884 887 890 893 896 899 902 905 908 911 914 917 920 923 926 
0
0
SET_ALL
0
1
14
-2147483647
48 1 16 5 0 1 0 -1 -1 288 1 -1879048189 639 288 
0
0
0
CSEG_04-1
5
 P       4
0
2
14
-2147483647
48 1 16 5 0 1 0 -1 -1 288 1 -1879048189 927 288 
0
0
 P       4SET_CSEG_ALL_ACTIVE
0
2
14
-2147483647
48 1 16 5 0 1 0 -1 -1 288 1 -1879048189 927 288 
0
0
FACE_BOTTOM
0
1
96
927 930 933 936 939 942 945 948 951 954 957 960 963 966 969 972 975 978 981 984 987 990 993 996 999 1002 1005 1008 1011 1014 1017 1020 1023 1026 1029 1032 1035 1038 1041 1044 1047 1050 1053 1056 1059 1062 1065 1068 1071 1074 1077 1080 1083 1086 1089 1092 1095 1098 1101 1104 1107 1110 1113 1116 1119 1122 1125 1128 1131 1134 1137 1140 1143 1146 1149 1152 1155 1158 1161 1164 1167 1170 1173 1176 1179 1182 1185 1188 1191 1194 1197 1200 1203 1206 1209 1212 
0
0
FACE_TOP
0
1
96
929 932 935 938 941 944 947 950 953 956 959 962 965 968 971 974 977 980 983 986 989 992 995 998 1001 1004 1007 1010 1013 1016 1019 1022 1025 1028 1031 1034 1037 1040 1043 1046 1049 1052 1055 1058 1061 1064 1067 1070 1073 1076 1079 1082 1085 1088 1091 1094 1097 1100 1103 1106 1109 1112 1115 1118 1121 1124 1127 1130 1133 1136 1139 1142 1145 1148 1151 1154 1157 1160 1163 1166 1169 1172 1175 1178 1181 1184 1187 1190 1193 1196 1199 1202 1205 1208 1211 1214 
0
0
SET_ALL
0
1
14
-2147483647
48 1 16 5 0 1 0 -1 -1 288 1 -1879048189 927 288 
0
0
0
CSEG_05-1
5
 P       5
0
2
14
-2147483647
48 1 16 5 0 1 0 -1 -1 288 1 -1879048189 1215 288 
0
0
 P       5SET_CSEG_ALL_ACTIVE
0
2
14
-2147483647
48 1 16 5 0 1 0 -1 -1 288 1 -1879048189 1215 288 
0
0
FACE_BOTTOM
0
1
96
1215 1218 1221 1224 1227 1230 1233 1236 1239 1242 1245 1248 1251 1254 1257 1260 1263 1266 1269 1272 1275 1278 1281 1284 1287 1290 1293 1296 1299 1302 1305 1308 1311 1314 1317 1320 1323 1326 1329 1332 1335 1338 1341 1344 1347 1350 1353 1356 1359 1362 1365 1368 1371 1374 1377 1380 1383 1386 1389 1392 1395 1398 1401 1404 1407 1410 1413 1416 1419 1422 1425 1428 1431 1434 1437 1440 1443 1446 1449 1452 1455 1458 1461 1464 1467 1470 1473 1476 1479 1482 1485 1488 1491 1494 1497 1500 
0
0
FACE_TOP
0
1
96
1217 1220 1223 1226 1229 1232 1235 1238 1241 1244 1247 1250 1253 1256 1259 1262 1265 1268 1271 1274 1277 1280 1283 1286 1289 1292 1295 1298 1301 1304 1307 1310 1313 1316 1319 1322 1325 1328 1331 1334 1337 1340 1343 1346 1349 1352 1355 1358 1361 1364 1367 1370 1373 1376 1379 1382 1385 1388 1391 1394 1397 1400 1403 1406 1409 1412 1415 1418 1421 1424 1427 1430 1433 1436 1439 1442 1445 1448 1451 1454 1457 1460 1463 1466 1469 1472 1475 1478 1481 1484 1487 1490 1493 1496 1499 1502 
0
0
SET_ALL
0
1
14
-2147483647
48 1 16 5 0 1 0 -1 -1 288 1 -1879048189 1215 288 
0
0
0
CSEG_06-1
5
 P       6
0
2
14
-2147483647
48 1 16 5 0 1 0 -1 -1 288 1 -1879048189 1503 288 
0
0
 P       6SET_CSEG_ALL_ACTIVE
0
2
14
-2147483647
48 1 16 5 0 1 0 -1 -1 288 1 -1879048189 1503 288 
0
0
FACE_BOTTOM
0
1
96
1503 1506 1509 1512 1515 1518 1521 1524 1527 1530 1533 1536 1539 1542 1545 1548 1551 1554 1557 1560 1563 1566 1569 1572 1575 1578 1581 1584 1587 1590 1593 1596 1599 1602 1605 1608 1611 1614 1617 1620 1623 1626 1629 1632 1635 1638 1641 1644 1647 1650 1653 1656 1659 1662 1665 1668 1671 1674 1677 1680 1683 1686 1689 1692 1695 1698 1701 1704 1707 1710 1713 1716 1719 1722 1725 1728 1731 1734 1737 1740 1743 1746 1749 1752 1755 1758 1761 1764 1767 1770 1773 1776 1779 1782 1785 1788 
0
0
FACE_TOP
0
1
96
1505 1508 1511 1514 1517 1520 1523 1526 1529 1532 1535 1538 1541 1544 1547 1550 1553 1556 1559 1562 1565 1568 1571 1574 1577 1580 1583 1586 1589 1592 1595 1598 1601 1604 1607 1610 1613 1616 1619 1622 1625 1628 1631 1634 1637 1640 1643 1646 1649 1652 1655 1658 1661 1664 1667 1670 1673 1676 1679 1682 1685 1688 1691 1694 1697 1700 1703 1706 1709 1712 1715 1718 1721 1724 1727 1730 1733 1736 1739 1742 1745 1748 1751 1754 1757 1760 1763 1766 1769 1772 1775 1778 1781 1784 1787 1790 
0
0
SET_ALL
0
1
14
-2147483647
48 1 16 5 0 1 0 -1 -1 288 1 -1879048189 1503 288 
0
0
0
CSEG_08-1
5
 P       8
0
2
14
-2147483647
48 1 16 5 0 1 0 -1 -1 288 1 -1879048189 2079 288 
0
0
 P       8SET_CSEG_ALL_ACTIVE
0
2
14
-2147483647
48 1 16 5 0 1 0 -1 -1 288 1 -1879048189 2079 288 
0
0
FACE_BOTTOM
0
1
96
2079 2082 2085 2088 2091 2094 2097 2100 2103 2106 2109 2112 2115 2118 2121 2124 2127 2130 2133 2136 2139 2142 2145 2148 2151 2154 2157 2160 2163 2166 2169 2172 2175 2178 2181 2184 2187 2190 2193 2196 2199 2202 2205 2208 2211 2214 2217 2220 2223 2226 2229 2232 2235 2238 2241 2244 2247 2250 2253 2256 2259 2262 2265 2268 2271 2274 2277 2280 2283 2286 2289 2292 2295 2298 2301 2304 2307 2310 2313 2316 2319 2322 2325 2328 2331 2334 2337 2340 2343 2346 2349 2352 2355 2358 2361 2364 
0
0
FACE_TOP
0
1
96
2081 2084 2087 2090 2093 2096 2099 2102 2105 2108 2111 2114 2117 2120 2123 2126 2129 2132 2135 2138 2141 2144 2147 2150 2153 2156 2159 2162 2165 2168 2171 2174 2177 2180 2183 2186 2189 2192 2195 2198 2201 2204 2207 2210 2213 2216 2219 2222 2225 2228 2231 2234 2237 2240 2243 2246 2249 2252 2255 2258 2261 2264 2267 2270 2273 2276 2279 2282 2285 2288 2291 2294 2297 2300 2303 2306 2309 2312 2315 2318 2321 2324 2327 2330 2333 2336 2339 2342 2345 2348 2351 2354 2357 2360 2363 2366 
0
0
SET_ALL
0
1
14
-2147483647
48 1 16 5 0 1 0 -1 -1 288 1 -1879048189 2079 288 
0
0
0
CSEG_10-1
5
 P      10
0
2
14
-2147483647
48 1 16 5 0 1 0 -1 -1 288 1 -1879048189 2655 288 
0
0
 P      10SET_CSEG_ALL_ACTIVE
0
2
14
-2147483647
48 1 16 5 0 1 0 -1 -1 288 1 -1879048189 2655 288 
0
0
FACE_BOTTOM
0
1
96
2655 2658 2661 2664 2667 2670 2673 2676 2679 2682 2685 2688 2691 2694 2697 2700 2703 2706 2709 2712 2715 2718 2721 2724 2727 2730 2733 2736 2739 2742 2745 2748 2751 2754 2757 2760 2763 2766 2769 2772 2775 2778 2781 2784 2787 2790 2793 2796 2799 2802 2805 2808 2811 2814 2817 2820 2823 2826 2829 2832 2835 2838 2841 2844 2847 2850 2853 2856 2859 2862 2865 2868 2871 2874 2877 2880 2883 2886 2889 2892 2895 2898 2901 2904 2907 2910 2913 2916 2919 2922 2925 2928 2931 2934 2937 2940 
0
0
FACE_TOP
0
1
96
2657 2660 2663 2666 2669 2672 2675 2678 2681 2684 2687 2690 2693 2696 2699 2702 2705 2708 2711 2714 2717 2720 2723 2726 2729 2732 2735 2738 2741 2744 2747 2750 2753 2756 2759 2762 2765 2768 2771 2774 2777 2780 2783 2786 2789 2792 2795 2798 2801 2804 2807 2810 2813 2816 2819 2822 2825 2828 2831 2834 2837 2840 2843 2846 2849 2852 2855 2858 2861 2864 2867 2870 2873 2876 2879 2882 2885 2888 2891 2894 2897 2900 2903 2906 2909 2912 2915 2918 2921 2924 2927 2930 2933 2936 2939 2942 
0
0
SET_ALL
0
1
14
-2147483647
48 1 16 5 0 1 0 -1 -1 288 1 -1879048189 2655 288 
0
0
0
CSEG_20-1
5
 P      20
0
2
14
-2147483647
48 1 16 5 0 1 0 -1 -1 288 1 -1879048189 5535 288 
0
0
 P      20SET_CSEG_ALL_ACTIVE
0
2
14
-2147483647
48 1 16 5 0 1 0 -1 -1 288 1 -1879048189 5535 288 
0
0
FACE_BOTTOM
0
1
96
5535 5538 5541 5544 5547 5550 5553 5556 5559 5562 5565 5568 5571 5574 5577 5580 5583 5586 5589 5592 5595 5598 5601 5604 5607 5610 5613 5616 5619 5622 5625 5628 5631 5634 5637 5640 5643 5646 5649 5652 5655 5658 5661 5664 5667 5670 5673 5676 5679 5682 5685 5688 5691 5694 5697 5700 5703 5706 5709 5712 5715 5718 5721 5724 5727 5730 5733 5736 5739 5742 5745 5748 5751 5754 5757 5760 5763 5766 5769 5772 5775 5778 5781 5784 5787 5790 5793 5796 5799 5802 5805 5808 5811 5814 5817 5820 
0
0
FACE_TOP
0
1
96
5537 5540 5543 5546 5549 5552 5555 5558 5561 5564 5567 5570 5573 5576 5579 5582 5585 5588 5591 5594 5597 5600 5603 5606 5609 5612 5615 5618 5621 5624 5627 5630 5633 5636 5639 5642 5645 5648 5651 5654 5657 5660 5663 5666 5669 5672 5675 5678 5681 5684 5687 5690 5693 5696 5699 5702 5705 5708 5711 5714 5717 5720 5723 5726 5729 5732 5735 5738 5741 5744 5747 5750 5753 5756 5759 5762 5765 5768 5771 5774 5777 5780 5783 5786 5789 5792 5795 5798 5801 5804 5807 5810 5813 5816 5819 5822 
0
0
SET_ALL
0
1
14
-2147483647
48 1 16 5 0 1 0 -1 -1 288 1 -1879048189 5535 288 
0
0
0
CSEG_22-1
5
 P      22
0
2
14
-2147483647
48 1 16 5 0 1 0 -1 -1 288 1 -1879048189 6111 288 
0
0
 P      22SET_CSEG_ALL_ACTIVE
0
2
14
-2147483647
48 1 16 5 0 1 0 -1 -1 288 1 -1879048189 6111 288 
0
0
FACE_BOTTOM
0
1
96
6111 6114 6117 6120 6123 6126 6129 6132 6135 6138 6141 6144 6147 6150 6153 6156 6159 6162 6165 6168 6171 6174 6177 6180 6183 6186 6189 6192 6195 6198 6201 6204 6207 6210 6213 6216 6219 6222 6225 6228 6231 6234 6237 6240 6243 6246 6249 6252 6255 6258 6261 6264 6267 6270 6273 6276 6279 6282 6285 6288 6291 6294 6297 6300 6303 6306 6309 6312 6315 6318 6321 6324 6327 6330 6333 6336 6339 6342 6345 6348 6351 6354 6357 6360 6363 6366 6369 6372 6375 6378 6381 6384 6387 6390 6393 6396 
0
0
FACE_TOP
0
1
96
6113 6116 6119 6122 6125 6128 6131 6134 6137 6140 6143 6146 6149 6152 6155 6158 6161 6164 6167 6170 6173 6176 6179 6182 6185 6188 6191 6194 6197 6200 6203 6206 6209 6212 6215 6218 6221 6224 6227 6230 6233 6236 6239 6242 6245 6248 6251 6254 6257 6260 6263 6266 6269 6272 6275 6278 6281 6284 6287 6290 6293 6296 6299 6302 6305 6308 6311 6314 6317 6320 6323 6326 6329 6332 6335 6338 6341 6344 6347 6350 6353 6356 6359 6362 6365 6368 6371 6374 6377 6380 6383 6386 6389 6392 6395 6398 
0
0
SET_ALL
0
1
14
-2147483647
48 1 16 5 0 1 0 -1 -1 288 1 -1879048189 6111 288 
0
0
0
CSEG_24-1
5
 P      24
0
2
14
-2147483647
48 1 16 5 0 1 0 -1 -1 288 1 -1879048189 6687 288 
0
0
 P      24SET_CSEG_ALL_ACTIVE
0
2
14
-2147483647
48 1 16 5 0 1 0 -1 -1 288 1 -1879048189 6687 288 
0
0
FACE_BOTTOM
0
1
96
6687 6690 6693 6696 6699 6702 6705 6708 6711 6714 6717 6720 6723 6726 6729 6732 6735 6738 6741 6744 6747 6750 6753 6756 6759 6762 6765 6768 6771 6774 6777 6780 6783 6786 6789 6792 6795 6798 6801 6804 6807 6810 6813 6816 6819 6822 6825 6828 6831 6834 6837 6840 6843 6846 6849 6852 6855 6858 6861 6864 6867 6870 6873 6876 6879 6882 6885 6888 6891 6894 6897 6900 6903 6906 6909 6912 6915 6918 6921 6924 6927 6930 6933 6936 6939 6942 6945 6948 6951 6954 6957 6960 6963 6966 6969 6972 
0
0
FACE_TOP
0
1
96
6689 6692 6695 6698 6701 6704 6707 6710 6713 6716 6719 6722 6725 6728 6731 6734 6737 6740 6743 6746 6749 6752 6755 6758 6761 6764 6767 6770 6773 6776 6779 6782 6785 6788 6791 6794 6797 6800 6803 6806 6809 6812 6815 6818 6821 6824 6827 6830 6833 6836 6839 6842 6845 6848 6851 6854 6857 6860 6863 6866 6869 6872 6875 6878 6881 6884 6887 6890 6893 6896 6899 6902 6905 6908 6911 6914 6917 6920 6923 6926 6929 6932 6935 6938 6941 6944 6947 6950 6953 6956 6959 6962 6965 6968 6971 6974 
0
0
SET_ALL
0
1
14
-2147483647
48 1 16 5 0 1 0 -1 -1 288 1 -1879048189 6687 288 
0
0
0
CSEG_26-1
5
 P      26
0
2
14
-2147483647
48 1 16 5 0 1 0 -1 -1 288 1 -1879048189 7263 288 
0
0
 P      26SET_CSEG_ALL_ACTIVE
0
2
14
-2147483647
48 1 16 5 0 1 0 -1 -1 288 1 -1879048189 7263 288 
0
0
FACE_BOTTOM
0
1
96
7263 7266 7269 7272 7275 7278 7281 7284 7287 7290 7293 7296 7299 7302 7305 7308 7311 7314 7317 7320 7323 7326 7329 7332 7335 7338 7341 7344 7347 7350 7353 7356 7359 7362 7365 7368 7371 7374 7377 7380 7383 7386 7389 7392 7395 7398 7401 7404 7407 7410 7413 7416 7419 7422 7425 7428 7431 7434 7437 7440 7443 7446 7449 7452 7455 7458 7461 7464 7467 7470 7473 7476 7479 7482 7485 7488 7491 7494 7497 7500 7503 7506 7509 7512 7515 7518 7521 7524 7527 7530 7533 7536 7539 7542 7545 7548 
0
0
FACE_TOP
0
1
96
7265 7268 7271 7274 7277 7280 7283 7286 7289 7292 7295 7298 7301 7304 7307 7310 7313 7316 7319 7322 7325 7328 7331 7334 7337 7340 7343 7346 7349 7352 7355 7358 7361 7364 7367 7370 7373 7376 7379 7382 7385 7388 7391 7394 7397 7400 7403 7406 7409 7412 7415 7418 7421 7424 7427 7430 7433 7436 7439 7442 7445 7448 7451 7454 7457 7460 7463 7466 7469 7472 7475 7478 7481 7484 7487 7490 7493 7496 7499 7502 7505 7508 7511 7514 7517 7520 7523 7526 7529 7532 7535 7538 7541 7544 7547 7550 
0
0
SET_ALL
0
1
14
-2147483647
48 1 16 5 0 1 0 -1 -1 288 1 -1879048189 7263 288 
0
0
0
CSEG_28-1
5
 P      28
0
2
14
-2147483647
48 1 16 5 0 1 0 -1 -1 288 1 -1879048189 7839 288 
0
0
 P      28SET_CSEG_ALL_ACTIVE
0
2
14
-2147483647
48 1 16 5 0 1 0 -1 -1 288 1 -1879048189 7839 288 
0
0
FACE_BOTTOM
0
1
96
7839 7842 7845 7848 7851 7854 7857 7860 7863 7866 7869 7872 7875 7878 7881 7884 7887 7890 7893 7896 7899 7902 7905 7908 7911 7914 7917 7920 7923 7926 7929 7932 7935 7938 7941 7944 7947 7950 7953 7956 7959 7962 7965 7968 7971 7974 7977 7980 7983 7986 7989 7992 7995 7998 8001 8004 8007 8010 8013 8016 8019 8022 8025 8028 8031 8034 8037 8040 8043 8046 8049 8052 8055 8058 8061 8064 8067 8070 8073 8076 8079 8082 8085 8088 8091 8094 8097 8100 8103 8106 8109 8112 8115 8118 8121 8124 
0
0
FACE_TOP
0
1
96
7841 7844 7847 7850 7853 7856 7859 7862 7865 7868 7871 7874 7877 7880 7883 7886 7889 7892 7895 7898 7901 7904 7907 7910 7913 7916 7919 7922 7925 7928 7931 7934 7937 7940 7943 7946 7949 7952 7955 7958 7961 7964 7967 7970 7973 7976 7979 7982 7985 7988 7991 7994 7997 8000 8003 8006 8009 8012 8015 8018 8021 8024 8027 8030 8033 8036 8039 8042 8045 8048 8051 8054 8057 8060 8063 8066 8069 8072 8075 8078 8081 8084 8087 8090 8093 8096 8099 8102 8105 8108 8111 8114 8117 8120 8123 8126 
0
0
SET_ALL
0
1
14
-2147483647
48 1 16 5 0 1 0 -1 -1 288 1 -1879048189 7839 288 
0
0
0
SSEG_02-1
5
 P      74
0
2
240
332900 332901 332902 332903 332904 332905 332906 332907 332908 332909 332910 332911 332912 332913 332914 332915 332916 332917 332918 332919 332920 332921 332922 332923 332924 332925 332926 332927 332928 332929 332930 332931 332932 332933 332934 332935 332936 332937 332938 332939 332940 332941 332942 332943 332944 332945 332946 332947 332948 332949 332950 332951 332952 332953 332954 332955 332956 332957 332958 332959 332960 332961 332962 332963 332964 332965 332966 332967 332968 332969 332970 332971 332972 332973 332974 332975 332976 332977 332978 332979 332980 332981 332982 332983 332984 332985 332986 332987 332988 332989 332990 332991 332992 332993 332994 332995 332996 332997 332998 332999 333000 333001 333002 333003 333004 333005 333006 333007 333008 333009 333010 333011 333012 333013 333014 333015 333016 333017 333018 333019 333020 333021 333022 333023 333024 333025 333026 333027 333028 333029 333030 333031 333032 333033 333034 333035 333036 333037 333038 333039 333040 333041 333042 333043 333044 333045 333046 333047 333048 333049 333050 333051 333052 333053 333054 333055 333056 333057 333058 333059 333060 333061 333062 333063 333064 333065 333066 333067 333068 333069 333070 333071 333072 333073 333074 333075 333076 333077 333078 333079 333080 333081 333082 333083 333084 333085 333086 333087 333088 333089 333090 333091 333092 333093 333094 333095 333096 333097 333098 333099 333100 333101 333102 333103 333104 333105 333106 333107 333108 333109 333110 333111 333112 333113 333114 333115 333116 333117 333118 333119 333120 333121 333122 333123 333124 333125 333126 333127 333128 333129 333130 333131 333132 333133 333134 333135 333136 333137 333138 333139 
0
0
 P      74SET_SSEG_ALL_ACTIVE
0
2
240
332900 332901 332902 332903 332904 332905 332906 332907 332908 332909 332910 332911 332912 332913 332914 332915 332916 332917 332918 332919 332920 332921 332922 332923 332924 332925 332926 332927 332928 332929 332930 332931 332932 332933 332934 332935 332936 332937 332938 332939 332940 332941 332942 332943 332944 332945 332946 332947 332948 332949 332950 332951 332952 332953 332954 332955 332956 332957 332958 332959 332960 332961 332962 332963 332964 332965 332966 332967 332968 332969 332970 332971 332972 332973 332974 332975 332976 332977 332978 332979 332980 332981 332982 332983 332984 332985 332986 332987 332988 332989 332990 332991 332992 332993 332994 332995 332996 332997 332998 332999 333000 333001 333002 333003 333004 333005 333006 333007 333008 333009 333010 333011 333012 333013 333014 333015 333016 333017 333018 333019 333020 333021 333022 333023 333024 333025 333026 333027 333028 333029 333030 333031 333032 333033 333034 333035 333036 333037 333038 333039 333040 333041 333042 333043 333044 333045 333046 333047 333048 333049 333050 333051 333052 333053 333054 333055 333056 333057 333058 333059 333060 333061 333062 333063 333064 333065 333066 333067 333068 333069 333070 333071 333072 333073 333074 333075 333076 333077 333078 333079 333080 333081 333082 333083 333084 333085 333086 333087 333088 333089 333090 333091 333092 333093 333094 333095 333096 333097 333098 333099 333100 333101 333102 333103 333104 333105 333106 333107 333108 333109 333110 333111 333112 333113 333114 333115 333116 333117 333118 333119 333120 333121 333122 333123 333124 333125 333126 333127 333128 333129 333130 333131 333132 333133 333134 333135 333136 333137 333138 333139 
0
0
FACE_BOTTOM
0
1
48
332900 332905 332910 332915 332920 332925 332930 332935 332940 332945 332950 332955 332960 332965 332970 332975 332980 332985 332990 332995 333000 333005 333010 333015 333020 333025 333030 333035 333040 333045 333050 333055 333060 333065 333070 333075 333080 333085 333090 333095 333100 333105 333110 333115 333120 333125 333130 333135 
0
0
FACE_TOP
0
1
48
332904 332909 332914 332919 332924 332929 332934 332939 332944 332949 332954 332959 332964 332969 332974 332979 332984 332989 332994 332999 333004 333009 333014 333019 333024 333029 333034 333039 333044 333049 333054 333059 333064 333069 333074 333079 333084 333089 333094 333099 333104 333109 333114 333119 333124 333129 333134 333139 
0
0
SET_ALL
0
1
240
332900 332901 332902 332903 332904 332905 332906 332907 332908 332909 332910 332911 332912 332913 332914 332915 332916 332917 332918 332919 332920 332921 332922 332923 332924 332925 332926 332927 332928 332929 332930 332931 332932 332933 332934 332935 332936 332937 332938 332939 332940 332941 332942 332943 332944 332945 332946 332947 332948 332949 332950 332951 332952 332953 332954 332955 332956 332957 332958 332959 332960 332961 332962 332963 332964 332965 332966 332967 332968 332969 332970 332971 332972 332973 332974 332975 332976 332977 332978 332979 332980 332981 332982 332983 332984 332985 332986 332987 332988 332989 332990 332991 332992 332993 332994 332995 332996 332997 332998 332999 333000 333001 333002 333003 333004 333005 333006 333007 333008 333009 333010 333011 333012 333013 333014 333015 333016 333017 333018 333019 333020 333021 333022 333023 333024 333025 333026 333027 333028 333029 333030 333031 333032 333033 333034 333035 333036 333037 333038 333039 333040 333041 333042 333043 333044 333045 333046 333047 333048 333049 333050 333051 333052 333053 333054 333055 333056 333057 333058 333059 333060 333061 333062 333063 333064 333065 333066 333067 333068 333069 333070 333071 333072 333073 333074 333075 333076 333077 333078 333079 333080 333081 333082 333083 333084 333085 333086 333087 333088 333089 333090 333091 333092 333093 333094 333095 333096 333097 333098 333099 333100 333101 333102 333103 333104 333105 333106 333107 333108 333109 333110 333111 333112 333113 333114 333115 333116 333117 333118 333119 333120 333121 333122 333123 333124 333125 333126 333127 333128 333129 333130 333131 333132 333133 333134 333135 333136 333137 333138 333139 
0
0
0
SSEG_04-1
5
 P      76
0
2
240
333380 333381 333382 333383 333384 333385 333386 333387 333388 333389 333390 333391 333392 333393 333394 333395 333396 333397 333398 333399 333400 333401 333402 333403 333404 333405 333406 333407 333408 333409 333410 333411 333412 333413 333414 333415 333416 333417 333418 333419 333420 333421 333422 333423 333424 333425 333426 333427 333428 333429 333430 333431 333432 333433 333434 333435 333436 333437 333438 333439 333440 333441 333442 333443 333444 333445 333446 333447 333448 333449 333450 333451 333452 333453 333454 333455 333456 333457 333458 333459 333460 333461 333462 333463 333464 333465 333466 333467 333468 333469 333470 333471 333472 333473 333474 333475 333476 333477 333478 333479 333480 333481 333482 333483 333484 333485 333486 333487 333488 333489 333490 333491 333492 333493 333494 333495 333496 333497 333498 333499 333500 333501 333502 333503 333504 333505 333506 333507 333508 333509 333510 333511 333512 333513 333514 333515 333516 333517 333518 333519 333520 333521 333522 333523 333524 333525 333526 333527 333528 333529 333530 333531 333532 333533 333534 333535 333536 333537 333538 333539 333540 333541 333542 333543 333544 333545 333546 333547 333548 333549 333550 333551 333552 333553 333554 333555 333556 333557 333558 333559 333560 333561 333562 333563 333564 333565 333566 333567 333568 333569 333570 333571 333572 333573 333574 333575 333576 333577 333578 333579 333580 333581 333582 333583 333584 333585 333586 333587 333588 333589 333590 333591 333592 333593 333594 333595 333596 333597 333598 333599 333600 333601 333602 333603 333604 333605 333606 333607 333608 333609 333610 333611 333612 333613 333614 333615 333616 333617 333618 333619 
0
0
 P      76SET_SSEG_ALL_ACTIVE
0
2
240
333380 333381 333382 333383 333384 333385 333386 333387 333388 333389 333390 333391 333392 333393 333394 333395 333396 333397 333398 333399 333400 333401 333402 333403 333404 333405 333406 333407 333408 333409 333410 333411 333412 333413 333414 333415 333416 333417 333418 333419 333420 333421 333422 333423 333424 333425 333426 333427 333428 333429 333430 333431 333432 333433 333434 333435 333436 333437 333438 333439 333440 333441 333442 333443 333444 333445 333446 333447 333448 333449 333450 333451 333452 333453 333454 333455 333456 333457 333458 333459 333460 333461 333462 333463 333464 333465 333466 333467 333468 333469 333470 333471 333472 333473 333474 333475 333476 333477 333478 333479 333480 333481 333482 333483 333484 333485 333486 333487 333488 333489 333490 333491 333492 333493 333494 333495 333496 333497 333498 333499 333500 333501 333502 333503 333504 333505 333506 333507 333508 333509 333510 333511 333512 333513 333514 333515 333516 333517 333518 333519 333520 333521 333522 333523 333524 333525 333526 333527 333528 333529 333530 333531 333532 333533 333534 333535 333536 333537 333538 333539 333540 333541 333542 333543 333544 333545 333546 333547 333548 333549 333550 333551 333552 333553 333554 333555 333556 333557 333558 333559 333560 333561 333562 333563 333564 333565 333566 333567 333568 333569 333570 333571 333572 333573 333574 333575 333576 333577 333578 333579 333580 333581 333582 333583 333584 333585 333586 333587 333588 333589 333590 333591 333592 333593 333594 333595 333596 333597 333598 333599 333600 333601 333602 333603 333604 333605 333606 333607 333608 333609 333610 333611 333612 333613 333614 333615 333616 333617 333618 333619 
0
0
FACE_BOTTOM
0
1
48
333380 333385 333390 333395 333400 333405 333410 333415 333420 333425 333430 333435 333440 333445 333450 333455 333460 333465 333470 333475 333480 333485 333490 333495 333500 333505 333510 333515 333520 333525 333530 333535 333540 333545 333550 333555 333560 333565 333570 333575 333580 333585 333590 333595 333600 333605 333610 333615 
0
0
FACE_TOP
0
1
48
333384 333389 333394 333399 333404 333409 333414 333419 333424 333429 333434 333439 333444 333449 333454 333459 333464 333469 333474 333479 333484 333489 333494 333499 333504 333509 333514 333519 333524 333529 333534 333539 333544 333549 333554 333559 333564 333569 333574 333579 333584 333589 333594 333599 333604 333609 333614 333619 
0
0
SET_ALL
0
1
240
333380 333381 333382 333383 333384 333385 333386 333387 333388 333389 333390 333391 333392 333393 333394 333395 333396 333397 333398 333399 333400 333401 333402 333403 333404 333405 333406 333407 333408 333409 333410 333411 333412 333413 333414 333415 333416 333417 333418 333419 333420 333421 333422 333423 333424 333425 333426 333427 333428 333429 333430 333431 333432 333433 333434 333435 333436 333437 333438 333439 333440 333441 333442 333443 333444 333445 333446 333447 333448 333449 333450 333451 333452 333453 333454 333455 333456 333457 333458 333459 333460 333461 333462 333463 333464 333465 333466 333467 333468 333469 333470 333471 333472 333473 333474 333475 333476 333477 333478 333479 333480 333481 333482 333483 333484 333485 333486 333487 333488 333489 333490 333491 333492 333493 333494 333495 333496 333497 333498 333499 333500 333501 333502 333503 333504 333505 333506 333507 333508 333509 333510 333511 333512 333513 333514 333515 333516 333517 333518 333519 333520 333521 333522 333523 333524 333525 333526 333527 333528 333529 333530 333531 333532 333533 333534 333535 333536 333537 333538 333539 333540 333541 333542 333543 333544 333545 333546 333547 333548 333549 333550 333551 333552 333553 333554 333555 333556 333557 333558 333559 333560 333561 333562 333563 333564 333565 333566 333567 333568 333569 333570 333571 333572 333573 333574 333575 333576 333577 333578 333579 333580 333581 333582 333583 333584 333585 333586 333587 333588 333589 333590 333591 333592 333593 333594 333595 333596 333597 333598 333599 333600 333601 333602 333603 333604 333605 333606 333607 333608 333609 333610 333611 333612 333613 333614 333615 333616 333617 333618 333619 
0
0
0
CSEG_12-1
5
 P      12
0
2
14
-2147483647
48 1 16 5 0 1 0 -1 -1 288 1 -1879048189 3231 288 
0
0
 P      12SET_CSEG_ALL_ACTIVE
0
2
14
-2147483647
48 1 16 5 0 1 0 -1 -1 288 1 -1879048189 3231 288 
0
0
FACE_BOTTOM
0
1
96
3231 3234 3237 3240 3243 3246 3249 3252 3255 3258 3261 3264 3267 3270 3273 3276 3279 3282 3285 3288 3291 3294 3297 3300 3303 3306 3309 3312 3315 3318 3321 3324 3327 3330 3333 3336 3339 3342 3345 3348 3351 3354 3357 3360 3363 3366 3369 3372 3375 3378 3381 3384 3387 3390 3393 3396 3399 3402 3405 3408 3411 3414 3417 3420 3423 3426 3429 3432 3435 3438 3441 3444 3447 3450 3453 3456 3459 3462 3465 3468 3471 3474 3477 3480 3483 3486 3489 3492 3495 3498 3501 3504 3507 3510 3513 3516 
0
0
FACE_TOP
0
1
96
3233 3236 3239 3242 3245 3248 3251 3254 3257 3260 3263 3266 3269 3272 3275 3278 3281 3284 3287 3290 3293 3296 3299 3302 3305 3308 3311 3314 3317 3320 3323 3326 3329 3332 3335 3338 3341 3344 3347 3350 3353 3356 3359 3362 3365 3368 3371 3374 3377 3380 3383 3386 3389 3392 3395 3398 3401 3404 3407 3410 3413 3416 3419 3422 3425 3428 3431 3434 3437 3440 3443 3446 3449 3452 3455 3458 3461 3464 3467 3470 3473 3476 3479 3482 3485 3488 3491 3494 3497 3500 3503 3506 3509 3512 3515 3518 
0
0
SET_ALL
0
1
14
-2147483647
48 1 16 5 0 1 0 -1 -1 288 1 -1879048189 3231 288 
0
0
0
CSEG_14-1
5
 P      14
0
2
14
-2147483647
48 1 16 5 0 1 0 -1 -1 288 1 -1879048189 3807 288 
0
0
 P      14SET_CSEG_ALL_ACTIVE
0
2
14
-2147483647
48 1 16 5 0 1 0 -1 -1 288 1 -1879048189 3807 288 
0
0
FACE_BOTTOM
0
1
96
3807 3810 3813 3816 3819 3822 3825 3828 3831 3834 3837 3840 3843 3846 3849 3852 3855 3858 3861 3864 3867 3870 3873 3876 3879 3882 3885 3888 3891 3894 3897 3900 3903 3906 3909 3912 3915 3918 3921 3924 3927 3930 3933 3936 3939 3942 3945 3948 3951 3954 3957 3960 3963 3966 3969 3972 3975 3978 3981 3984 3987 3990 3993 3996 3999 4002 4005 4008 4011 4014 4017 4020 4023 4026 4029 4032 4035 4038 4041 4044 4047 4050 4053 4056 4059 4062 4065 4068 4071 4074 4077 4080 4083 4086 4089 4092 
0
0
FACE_TOP
0
1
96
3809 3812 3815 3818 3821 3824 3827 3830 3833 3836 3839 3842 3845 3848 3851 3854 3857 3860 3863 3866 3869 3872 3875 3878 3881 3884 3887 3890 3893 3896 3899 3902 3905 3908 3911 3914 3917 3920 3923 3926 3929 3932 3935 3938 3941 3944 3947 3950 3953 3956 3959 3962 3965 3968 3971 3974 3977 3980 3983 3986 3989 3992 3995 3998 4001 4004 4007 4010 4013 4016 4019 4022 4025 4028 4031 4034 4037 4040 4043 4046 4049 4052 4055 4058 4061 4064 4067 4070 4073 4076 4079 4082 4085 4088 4091 4094 
0
0
SET_ALL
0
1
14
-2147483647
48 1 16 5 0 1 0 -1 -1 288 1 -1879048189 3807 288 
0
0
0
CSEG_16-1
5
 P      16
0
2
14
-2147483647
48 1 16 5 0 1 0 -1 -1 288 1 -1879048189 4383 288 
0
0
 P      16SET_CSEG_ALL_ACTIVE
0
2
14
-2147483647
48 1 16 5 0 1 0 -1 -1 288 1 -1879048189 4383 288 
0
0
FACE_BOTTOM
0
1
96
4383 4386 4389 4392 4395 4398 4401 4404 4407 4410 4413 4416 4419 4422 4425 4428 4431 4434 4437 4440 4443 4446 4449 4452 4455 4458 4461 4464 4467 4470 4473 4476 4479 4482 4485 4488 4491 4494 4497 4500 4503 4506 4509 4512 4515 4518 4521 4524 4527 4530 4533 4536 4539 4542 4545 4548 4551 4554 4557 4560 4563 4566 4569 4572 4575 4578 4581 4584 4587 4590 4593 4596 4599 4602 4605 4608 4611 4614 4617 4620 4623 4626 4629 4632 4635 4638 4641 4644 4647 4650 4653 4656 4659 4662 4665 4668 
0
0
FACE_TOP
0
1
96
4385 4388 4391 4394 4397 4400 4403 4406 4409 4412 4415 4418 4421 4424 4427 4430 4433 4436 4439 4442 4445 4448 4451 4454 4457 4460 4463 4466 4469 4472 4475 4478 4481 4484 4487 4490 4493 4496 4499 4502 4505 4508 4511 4514 4517 4520 4523 4526 4529 4532 4535 4538 4541 4544 4547 4550 4553 4556 4559 4562 4565 4568 4571 4574 4577 4580 4583 4586 4589 4592 4595 4598 4601 4604 4607 4610 4613 4616 4619 4622 4625 4628 4631 4634 4637 4640 4643 4646 4649 4652 4655 4658 4661 4664 4667 4670 
0
0
SET_ALL
0
1
14
-2147483647
48 1 16 5 0 1 0 -1 -1 288 1 -1879048189 4383 288 
0
0
0
CSEG_18-1
5
 P      18
0
2
14
-2147483647
48 1 16 5 0 1 0 -1 -1 288 1 -1879048189 4959 288 
0
0
 P      18SET_CSEG_ALL_ACTIVE
0
2
14
-2147483647
48 1 16 5 0 1 0 -1 -1 288 1 -1879048189 4959 288 
0
0
FACE_BOTTOM
0
1
96
4959 4962 4965 4968 4971 4974 4977 4980 4983 4986 4989 4992 4995 4998 5001 5004 5007 5010 5013 5016 5019 5022 5025 5028 5031 5034 5037 5040 5043 5046 5049 5052 5055 5058 5061 5064 5067 5070 5073 5076 5079 5082 5085 5088 5091 5094 5097 5100 5103 5106 5109 5112 5115 5118 5121 5124 5127 5130 5133 5136 5139 5142 5145 5148 5151 5154 5157 5160 5163 5166 5169 5172 5175 5178 5181 5184 5187 5190 5193 5196 5199 5202 5205 5208 5211 5214 5217 5220 5223 5226 5229 5232 5235 5238 5241 5244 
0
0
FACE_TOP
0
1
96
4961 4964 4967 4970 4973 4976 4979 4982 4985 4988 4991 4994 4997 5000 5003 5006 5009 5012 5015 5018 5021 5024 5027 5030 5033 5036 5039 5042 5045 5048 5051 5054 5057 5060 5063 5066 5069 5072 5075 5078 5081 5084 5087 5090 5093 5096 5099 5102 5105 5108 5111 5114 5117 5120 5123 5126 5129 5132 5135 5138 5141 5144 5147 5150 5153 5156 5159 5162 5165 5168 5171 5174 5177 5180 5183 5186 5189 5192 5195 5198 5201 5204 5207 5210 5213 5216 5219 5222 5225 5228 5231 5234 5237 5240 5243 5246 
0
0
SET_ALL
0
1
14
-2147483647
48 1 16 5 0 1 0 -1 -1 288 1 -1879048189 4959 288 
0
0
0
CSEG_30-1
5
 P      30
0
2
14
-2147483647
48 1 16 5 0 1 0 -1 -1 288 1 -1879048189 8415 288 
0
0
 P      30SET_CSEG_ALL_ACTIVE
0
2
14
-2147483647
48 1 16 5 0 1 0 -1 -1 288 1 -1879048189 8415 288 
0
0
FACE_BOTTOM
0
1
96
8415 8418 8421 8424 8427 8430 8433 8436 8439 8442 8445 8448 8451 8454 8457 8460 8463 8466 8469 8472 8475 8478 8481 8484 8487 8490 8493 8496 8499 8502 8505 8508 8511 8514 8517 8520 8523 8526 8529 8532 8535 8538 8541 8544 8547 8550 8553 8556 8559 8562 8565 8568 8571 8574 8577 8580 8583 8586 8589 8592 8595 8598 8601 8604 8607 8610 8613 8616 8619 8622 8625 8628 8631 8634 8637 8640 8643 8646 8649 8652 8655 8658 8661 8664 8667 8670 8673 8676 8679 8682 8685 8688 8691 8694 8697 8700 
0
0
FACE_TOP
0
1
96
8417 8420 8423 8426 8429 8432 8435 8438 8441 8444 8447 8450 8453 8456 8459 8462 8465 8468 8471 8474 8477 8480 8483 8486 8489 8492 8495 8498 8501 8504 8507 8510 8513 8516 8519 8522 8525 8528 8531 8534 8537 8540 8543 8546 8549 8552 8555 8558 8561 8564 8567 8570 8573 8576 8579 8582 8585 8588 8591 8594 8597 8600 8603 8606 8609 8612 8615 8618 8621 8624 8627 8630 8633 8636 8639 8642 8645 8648 8651 8654 8657 8660 8663 8666 8669 8672 8675 8678 8681 8684 8687 8690 8693 8696 8699 8702 
0
0
SET_ALL
0
1
14
-2147483647
48 1 16 5 0 1 0 -1 -1 288 1 -1879048189 8415 288 
0
0
0
CSEG_07-1
5
 P       7
0
2
14
-2147483647
48 1 16 5 0 1 0 -1 -1 288 1 -1879048189 1791 288 
0
0
 P       7SET_CSEG_ALL_ACTIVE
0
2
14
-2147483647
48 1 16 5 0 1 0 -1 -1 288 1 -1879048189 1791 288 
0
0
FACE_BOTTOM
0
1
96
1791 1794 1797 1800 1803 1806 1809 1812 1815 1818 1821 1824 1827 1830 1833 1836 1839 1842 1845 1848 1851 1854 1857 1860 1863 1866 1869 1872 1875 1878 1881 1884 1887 1890 1893 1896 1899 1902 1905 1908 1911 1914 1917 1920 1923 1926 1929 1932 1935 1938 1941 1944 1947 1950 1953 1956 1959 1962 1965 1968 1971 1974 1977 1980 1983 1986 1989 1992 1995 1998 2001 2004 2007 2010 2013 2016 2019 2022 2025 2028 2031 2034 2037 2040 2043 2046 2049 2052 2055 2058 2061 2064 2067 2070 2073 2076 
0
0
FACE_TOP
0
1
96
1793 1796 1799 1802 1805 1808 1811 1814 1817 1820 1823 1826 1829 1832 1835 1838 1841 1844 1847 1850 1853 1856 1859 1862 1865 1868 1871 1874 1877 1880 1883 1886 1889 1892 1895 1898 1901 1904 1907 1910 1913 1916 1919 1922 1925 1928 1931 1934 1937 1940 1943 1946 1949 1952 1955 1958 1961 1964 1967 1970 1973 1976 1979 1982 1985 1988 1991 1994 1997 2000 2003 2006 2009 2012 2015 2018 2021 2024 2027 2030 2033 2036 2039 2042 2045 2048 2051 2054 2057 2060 2063 2066 2069 2072 2075 2078 
0
0
SET_ALL
0
1
14
-2147483647
48 1 16 5 0 1 0 -1 -1 288 1 -1879048189 1791 288 
0
0
0
CSEG_09-1
5
 P       9
0
2
14
-2147483647
48 1 16 5 0 1 0 -1 -1 288 1 -1879048189 2367 288 
0
0
 P       9SET_CSEG_ALL_ACTIVE
0
2
14
-2147483647
48 1 16 5 0 1 0 -1 -1 288 1 -1879048189 2367 288 
0
0
FACE_BOTTOM
0
1
96
2367 2370 2373 2376 2379 2382 2385 2388 2391 2394 2397 2400 2403 2406 2409 2412 2415 2418 2421 2424 2427 2430 2433 2436 2439 2442 2445 2448 2451 2454 2457 2460 2463 2466 2469 2472 2475 2478 2481 2484 2487 2490 2493 2496 2499 2502 2505 2508 2511 2514 2517 2520 2523 2526 2529 2532 2535 2538 2541 2544 2547 2550 2553 2556 2559 2562 2565 2568 2571 2574 2577 2580 2583 2586 2589 2592 2595 2598 2601 2604 2607 2610 2613 2616 2619 2622 2625 2628 2631 2634 2637 2640 2643 2646 2649 2652 
0
0
FACE_TOP
0
1
96
2369 2372 2375 2378 2381 2384 2387 2390 2393 2396 2399 2402 2405 2408 2411 2414 2417 2420 2423 2426 2429 2432 2435 2438 2441 2444 2447 2450 2453 2456 2459 2462 2465 2468 2471 2474 2477 2480 2483 2486 2489 2492 2495 2498 2501 2504 2507 2510 2513 2516 2519 2522 2525 2528 2531 2534 2537 2540 2543 2546 2549 2552 2555 2558 2561 2564 2567 2570 2573 2576 2579 2582 2585 2588 2591 2594 2597 2600 2603 2606 2609 2612 2615 2618 2621 2624 2627 2630 2633 2636 2639 2642 2645 2648 2651 2654 
0
0
SET_ALL
0
1
14
-2147483647
48 1 16 5 0 1 0 -1 -1 288 1 -1879048189 2367 288 
0
0
0
CSEG_21-1
5
 P      21
0
2
14
-2147483647
48 1 16 5 0 1 0 -1 -1 288 1 -1879048189 5823 288 
0
0
 P      21SET_CSEG_ALL_ACTIVE
0
2
14
-2147483647
48 1 16 5 0 1 0 -1 -1 288 1 -1879048189 5823 288 
0
0
FACE_BOTTOM
0
1
96
5823 5826 5829 5832 5835 5838 5841 5844 5847 5850 5853 5856 5859 5862 5865 5868 5871 5874 5877 5880 5883 5886 5889 5892 5895 5898 5901 5904 5907 5910 5913 5916 5919 5922 5925 5928 5931 5934 5937 5940 5943 5946 5949 5952 5955 5958 5961 5964 5967 5970 5973 5976 5979 5982 5985 5988 5991 5994 5997 6000 6003 6006 6009 6012 6015 6018 6021 6024 6027 6030 6033 6036 6039 6042 6045 6048 6051 6054 6057 6060 6063 6066 6069 6072 6075 6078 6081 6084 6087 6090 6093 6096 6099 6102 6105 6108 
0
0
FACE_TOP
0
1
96
5825 5828 5831 5834 5837 5840 5843 5846 5849 5852 5855 5858 5861 5864 5867 5870 5873 5876 5879 5882 5885 5888 5891 5894 5897 5900 5903 5906 5909 5912 5915 5918 5921 5924 5927 5930 5933 5936 5939 5942 5945 5948 5951 5954 5957 5960 5963 5966 5969 5972 5975 5978 5981 5984 5987 5990 5993 5996 5999 6002 6005 6008 6011 6014 6017 6020 6023 6026 6029 6032 6035 6038 6041 6044 6047 6050 6053 6056 6059 6062 6065 6068 6071 6074 6077 6080 6083 6086 6089 6092 6095 6098 6101 6104 6107 6110 
0
0
SET_ALL
0
1
14
-2147483647
48 1 16 5 0 1 0 -1 -1 288 1 -1879048189 5823 288 
0
0
0
CSEG_23-1
5
 P      23
0
2
14
-2147483647
48 1 16 5 0 1 0 -1 -1 288 1 -1879048189 6399 288 
0
0
 P      23SET_CSEG_ALL_ACTIVE
0
2
14
-2147483647
48 1 16 5 0 1 0 -1 -1 288 1 -1879048189 6399 288 
0
0
FACE_BOTTOM
0
1
96
6399 6402 6405 6408 6411 6414 6417 6420 6423 6426 6429 6432 6435 6438 6441 6444 6447 6450 6453 6456 6459 6462 6465 6468 6471 6474 6477 6480 6483 6486 6489 6492 6495 6498 6501 6504 6507 6510 6513 6516 6519 6522 6525 6528 6531 6534 6537 6540 6543 6546 6549 6552 6555 6558 6561 6564 6567 6570 6573 6576 6579 6582 6585 6588 6591 6594 6597 6600 6603 6606 6609 6612 6615 6618 6621 6624 6627 6630 6633 6636 6639 6642 6645 6648 6651 6654 6657 6660 6663 6666 6669 6672 6675 6678 6681 6684 
0
0
FACE_TOP
0
1
96
6401 6404 6407 6410 6413 6416 6419 6422 6425 6428 6431 6434 6437 6440 6443 6446 6449 6452 6455 6458 6461 6464 6467 6470 6473 6476 6479 6482 6485 6488 6491 6494 6497 6500 6503 6506 6509 6512 6515 6518 6521 6524 6527 6530 6533 6536 6539 6542 6545 6548 6551 6554 6557 6560 6563 6566 6569 6572 6575 6578 6581 6584 6587 6590 6593 6596 6599 6602 6605 6608 6611 6614 6617 6620 6623 6626 6629 6632 6635 6638 6641 6644 6647 6650 6653 6656 6659 6662 6665 6668 6671 6674 6677 6680 6683 6686 
0
0
SET_ALL
0
1
14
-2147483647
48 1 16 5 0 1 0 -1 -1 288 1 -1879048189 6399 288 
0
0
0
CSEG_25-1
5
 P      25
0
2
14
-2147483647
48 1 16 5 0 1 0 -1 -1 288 1 -1879048189 6975 288 
0
0
 P      25SET_CSEG_ALL_ACTIVE
0
2
14
-2147483647
48 1 16 5 0 1 0 -1 -1 288 1 -1879048189 6975 288 
0
0
FACE_BOTTOM
0
1
96
6975 6978 6981 6984 6987 6990 6993 6996 6999 7002 7005 7008 7011 7014 7017 7020 7023 7026 7029 7032 7035 7038 7041 7044 7047 7050 7053 7056 7059 7062 7065 7068 7071 7074 7077 7080 7083 7086 7089 7092 7095 7098 7101 7104 7107 7110 7113 7116 7119 7122 7125 7128 7131 7134 7137 7140 7143 7146 7149 7152 7155 7158 7161 7164 7167 7170 7173 7176 7179 7182 7185 7188 7191 7194 7197 7200 7203 7206 7209 7212 7215 7218 7221 7224 7227 7230 7233 7236 7239 7242 7245 7248 7251 7254 7257 7260 
0
0
FACE_TOP
0
1
96
6977 6980 6983 6986 6989 6992 6995 6998 7001 7004 7007 7010 7013 7016 7019 7022 7025 7028 7031 7034 7037 7040 7043 7046 7049 7052 7055 7058 7061 7064 7067 7070 7073 7076 7079 7082 7085 7088 7091 7094 7097 7100 7103 7106 7109 7112 7115 7118 7121 7124 7127 7130 7133 7136 7139 7142 7145 7148 7151 7154 7157 7160 7163 7166 7169 7172 7175 7178 7181 7184 7187 7190 7193 7196 7199 7202 7205 7208 7211 7214 7217 7220 7223 7226 7229 7232 7235 7238 7241 7244 7247 7250 7253 7256 7259 7262 
0
0
SET_ALL
0
1
14
-2147483647
48 1 16 5 0 1 0 -1 -1 288 1 -1879048189 6975 288 
0
0
0
CSEG_27-1
5
 P      27
0
2
14
-2147483647
48 1 16 5 0 1 0 -1 -1 288 1 -1879048189 7551 288 
0
0
 P      27SET_CSEG_ALL_ACTIVE
0
2
14
-2147483647
48 1 16 5 0 1 0 -1 -1 288 1 -1879048189 7551 288 
0
0
FACE_BOTTOM
0
1
96
7551 7554 7557 7560 7563 7566 7569 7572 7575 7578 7581 7584 7587 7590 7593 7596 7599 7602 7605 7608 7611 7614 7617 7620 7623 7626 7629 7632 7635 7638 7641 7644 7647 7650 7653 7656 7659 7662 7665 7668 7671 7674 7677 7680 7683 7686 7689 7692 7695 7698 7701 7704 7707 7710 7713 7716 7719 7722 7725 7728 7731 7734 7737 7740 7743 7746 7749 7752 7755 7758 7761 7764 7767 7770 7773 7776 7779 7782 7785 7788 7791 7794 7797 7800 7803 7806 7809 7812 7815 7818 7821 7824 7827 7830 7833 7836 
0
0
FACE_TOP
0
1
96
7553 7556 7559 7562 7565 7568 7571 7574 7577 7580 7583 7586 7589 7592 7595 7598 7601 7604 7607 7610 7613 7616 7619 7622 7625 7628 7631 7634 7637 7640 7643 7646 7649 7652 7655 7658 7661 7664 7667 7670 7673 7676 7679 7682 7685 7688 7691 7694 7697 7700 7703 7706 7709 7712 7715 7718 7721 7724 7727 7730 7733 7736 7739 7742 7745 7748 7751 7754 7757 7760 7763 7766 7769 7772 7775 7778 7781 7784 7787 7790 7793 7796 7799 7802 7805 7808 7811 7814 7817 7820 7823 7826 7829 7832 7835 7838 
0
0
SET_ALL
0
1
14
-2147483647
48 1 16 5 0 1 0 -1 -1 288 1 -1879048189 7551 288 
0
0
0
CSEG_29-1
5
 P      29
0
2
14
-2147483647
48 1 16 5 0 1 0 -1 -1 288 1 -1879048189 8127 288 
0
0
 P      29SET_CSEG_ALL_ACTIVE
0
2
14
-2147483647
48 1 16 5 0 1 0 -1 -1 288 1 -1879048189 8127 288 
0
0
FACE_BOTTOM
0
1
96
8127 8130 8133 8136 8139 8142 8145 8148 8151 8154 8157 8160 8163 8166 8169 8172 8175 8178 8181 8184 8187 8190 8193 8196 8199 8202 8205 8208 8211 8214 8217 8220 8223 8226 8229 8232 8235 8238 8241 8244 8247 8250 8253 8256 8259 8262 8265 8268 8271 8274 8277 8280 8283 8286 8289 8292 8295 8298 8301 8304 8307 8310 8313 8316 8319 8322 8325 8328 8331 8334 8337 8340 8343 8346 8349 8352 8355 8358 8361 8364 8367 8370 8373 8376 8379 8382 8385 8388 8391 8394 8397 8400 8403 8406 8409 8412 
0
0
FACE_TOP
0
1
96
8129 8132 8135 8138 8141 8144 8147 8150 8153 8156 8159 8162 8165 8168 8171 8174 8177 8180 8183 8186 8189 8192 8195 8198 8201 8204 8207 8210 8213 8216 8219 8222 8225 8228 8231 8234 8237 8240 8243 8246 8249 8252 8255 8258 8261 8264 8267 8270 8273 8276 8279 8282 8285 8288 8291 8294 8297 8300 8303 8306 8309 8312 8315 8318 8321 8324 8327 8330 8333 8336 8339 8342 8345 8348 8351 8354 8357 8360 8363 8366 8369 8372 8375 8378 8381 8384 8387 8390 8393 8396 8399 8402 8405 8408 8411 8414 
0
0
SET_ALL
0
1
14
-2147483647
48 1 16 5 0 1 0 -1 -1 288 1 -1879048189 8127 288 
0
0
0
SSEG_01-1
5
 P      73
0
2
240
332660 332661 332662 332663 332664 332665 332666 332667 332668 332669 332670 332671 332672 332673 332674 332675 332676 332677 332678 332679 332680 332681 332682 332683 332684 332685 332686 332687 332688 332689 332690 332691 332692 332693 332694 332695 332696 332697 332698 332699 332700 332701 332702 332703 332704 332705 332706 332707 332708 332709 332710 332711 332712 332713 332714 332715 332716 332717 332718 332719 332720 332721 332722 332723 332724 332725 332726 332727 332728 332729 332730 332731 332732 332733 332734 332735 332736 332737 332738 332739 332740 332741 332742 332743 332744 332745 332746 332747 332748 332749 332750 332751 332752 332753 332754 332755 332756 332757 332758 332759 332760 332761 332762 332763 332764 332765 332766 332767 332768 332769 332770 332771 332772 332773 332774 332775 332776 332777 332778 332779 332780 332781 332782 332783 332784 332785 332786 332787 332788 332789 332790 332791 332792 332793 332794 332795 332796 332797 332798 332799 332800 332801 332802 332803 332804 332805 332806 332807 332808 332809 332810 332811 332812 332813 332814 332815 332816 332817 332818 332819 332820 332821 332822 332823 332824 332825 332826 332827 332828 332829 332830 332831 332832 332833 332834 332835 332836 332837 332838 332839 332840 332841 332842 332843 332844 332845 332846 332847 332848 332849 332850 332851 332852 332853 332854 332855 332856 332857 332858 332859 332860 332861 332862 332863 332864 332865 332866 332867 332868 332869 332870 332871 332872 332873 332874 332875 332876 332877 332878 332879 332880 332881 332882 332883 332884 332885 332886 332887 332888 332889 332890 332891 332892 332893 332894 332895 332896 332897 332898 332899 
0
0
 P      73SET_SSEG_ALL_ACTIVE
0
2
240
332660 332661 332662 332663 332664 332665 332666 332667 332668 332669 332670 332671 332672 332673 332674 332675 332676 332677 332678 332679 332680 332681 332682 332683 332684 332685 332686 332687 332688 332689 332690 332691 332692 332693 332694 332695 332696 332697 332698 332699 332700 332701 332702 332703 332704 332705 332706 332707 332708 332709 332710 332711 332712 332713 332714 332715 332716 332717 332718 332719 332720 332721 332722 332723 332724 332725 332726 332727 332728 332729 332730 332731 332732 332733 332734 332735 332736 332737 332738 332739 332740 332741 332742 332743 332744 332745 332746 332747 332748 332749 332750 332751 332752 332753 332754 332755 332756 332757 332758 332759 332760 332761 332762 332763 332764 332765 332766 332767 332768 332769 332770 332771 332772 332773 332774 332775 332776 332777 332778 332779 332780 332781 332782 332783 332784 332785 332786 332787 332788 332789 332790 332791 332792 332793 332794 332795 332796 332797 332798 332799 332800 332801 332802 332803 332804 332805 332806 332807 332808 332809 332810 332811 332812 332813 332814 332815 332816 332817 332818 332819 332820 332821 332822 332823 332824 332825 332826 332827 332828 332829 332830 332831 332832 332833 332834 332835 332836 332837 332838 332839 332840 332841 332842 332843 332844 332845 332846 332847 332848 332849 332850 332851 332852 332853 332854 332855 332856 332857 332858 332859 332860 332861 332862 332863 332864 332865 332866 332867 332868 332869 332870 332871 332872 332873 332874 332875 332876 332877 332878 332879 332880 332881 332882 332883 332884 332885 332886 332887 332888 332889 332890 332891 332892 332893 332894 332895 332896 332897 332898 332899 
0
0
FACE_BOTTOM
0
1
48
332660 332665 332670 332675 332680 332685 332690 332695 332700 332705 332710 332715 332720 332725 332730 332735 332740 332745 332750 332755 332760 332765 332770 332775 332780 332785 332790 332795 332800 332805 332810 332815 332820 332825 332830 332835 332840 332845 332850 332855 332860 332865 332870 332875 332880 332885 332890 332895 
0
0
FACE_TOP
0
1
48
332664 332669 332674 332679 332684 332689 332694 332699 332704 332709 332714 332719 332724 332729 332734 332739 332744 332749 332754 332759 332764 332769 332774 332779 332784 332789 332794 332799 332804 332809 332814 332819 332824 332829 332834 332839 332844 332849 332854 332859 332864 332869 332874 332879 332884 332889 332894 332899 
0
0
SET_ALL
0
1
240
332660 332661 332662 332663 332664 332665 332666 332667 332668 332669 332670 332671 332672 332673 332674 332675 332676 332677 332678 332679 332680 332681 332682 332683 332684 332685 332686 332687 332688 332689 332690 332691 332692 332693 332694 332695 332696 332697 332698 332699 332700 332701 332702 332703 332704 332705 332706 332707 332708 332709 332710 332711 332712 332713 332714 332715 332716 332717 332718 332719 332720 332721 332722 332723 332724 332725 332726 332727 332728 332729 332730 332731 332732 332733 332734 332735 332736 332737 332738 332739 332740 332741 332742 332743 332744 332745 332746 332747 332748 332749 332750 332751 332752 332753 332754 332755 332756 332757 332758 332759 332760 332761 332762 332763 332764 332765 332766 332767 332768 332769 332770 332771 332772 332773 332774 332775 332776 332777 332778 332779 332780 332781 332782 332783 332784 332785 332786 332787 332788 332789 332790 332791 332792 332793 332794 332795 332796 332797 332798 332799 332800 332801 332802 332803 332804 332805 332806 332807 332808 332809 332810 332811 332812 332813 332814 332815 332816 332817 332818 332819 332820 332821 332822 332823 332824 332825 332826 332827 332828 332829 332830 332831 332832 332833 332834 332835 332836 332837 332838 332839 332840 332841 332842 332843 332844 332845 332846 332847 332848 332849 332850 332851 332852 332853 332854 332855 332856 332857 332858 332859 332860 332861 332862 332863 332864 332865 332866 332867 332868 332869 332870 332871 332872 332873 332874 332875 332876 332877 332878 332879 332880 332881 332882 332883 332884 332885 332886 332887 332888 332889 332890 332891 332892 332893 332894 332895 332896 332897 332898 332899 
0
0
0
SSEG_03-1
5
 P      75
0
2
240
333140 333141 333142 333143 333144 333145 333146 333147 333148 333149 333150 333151 333152 333153 333154 333155 333156 333157 333158 333159 333160 333161 333162 333163 333164 333165 333166 333167 333168 333169 333170 333171 333172 333173 333174 333175 333176 333177 333178 333179 333180 333181 333182 333183 333184 333185 333186 333187 333188 333189 333190 333191 333192 333193 333194 333195 333196 333197 333198 333199 333200 333201 333202 333203 333204 333205 333206 333207 333208 333209 333210 333211 333212 333213 333214 333215 333216 333217 333218 333219 333220 333221 333222 333223 333224 333225 333226 333227 333228 333229 333230 333231 333232 333233 333234 333235 333236 333237 333238 333239 333240 333241 333242 333243 333244 333245 333246 333247 333248 333249 333250 333251 333252 333253 333254 333255 333256 333257 333258 333259 333260 333261 333262 333263 333264 333265 333266 333267 333268 333269 333270 333271 333272 333273 333274 333275 333276 333277 333278 333279 333280 333281 333282 333283 333284 333285 333286 333287 333288 333289 333290 333291 333292 333293 333294 333295 333296 333297 333298 333299 333300 333301 333302 333303 333304 333305 333306 333307 333308 333309 333310 333311 333312 333313 333314 333315 333316 333317 333318 333319 333320 333321 333322 333323 333324 333325 333326 333327 333328 333329 333330 333331 333332 333333 333334 333335 333336 333337 333338 333339 333340 333341 333342 333343 333344 333345 333346 333347 333348 333349 333350 333351 333352 333353 333354 333355 333356 333357 333358 333359 333360 333361 333362 333363 333364 333365 333366 333367 333368 333369 333370 333371 333372 333373 333374 333375 333376 333377 333378 333379 
0
0
 P      75SET_SSEG_ALL_ACTIVE
0
2
240
333140 333141 333142 333143 333144 333145 333146 333147 333148 333149 333150 333151 333152 333153 333154 333155 333156 333157 333158 333159 333160 333161 333162 333163 333164 333165 333166 333167 333168 333169 333170 333171 333172 333173 333174 333175 333176 333177 333178 333179 333180 333181 333182 333183 333184 333185 333186 333187 333188 333189 333190 333191 333192 333193 333194 333195 333196 333197 333198 333199 333200 333201 333202 333203 333204 333205 333206 333207 333208 333209 333210 333211 333212 333213 333214 333215 333216 333217 333218 333219 333220 333221 333222 333223 333224 333225 333226 333227 333228 333229 333230 333231 333232 333233 333234 333235 333236 333237 333238 333239 333240 333241 333242 333243 333244 333245 333246 333247 333248 333249 333250 333251 333252 333253 333254 333255 333256 333257 333258 333259 333260 333261 333262 333263 333264 333265 333266 333267 333268 333269 333270 333271 333272 333273 333274 333275 333276 333277 333278 333279 333280 333281 333282 333283 333284 333285 333286 333287 333288 333289 333290 333291 333292 333293 333294 333295 333296 333297 333298 333299 333300 333301 333302 333303 333304 333305 333306 333307 333308 333309 333310 333311 333312 333313 333314 333315 333316 333317 333318 333319 333320 333321 333322 333323 333324 333325 333326 333327 333328 333329 333330 333331 333332 333333 333334 333335 333336 333337 333338 333339 333340 333341 333342 333343 333344 333345 333346 333347 333348 333349 333350 333351 333352 333353 333354 333355 333356 333357 333358 333359 333360 333361 333362 333363 333364 333365 333366 333367 333368 333369 333370 333371 333372 333373 333374 333375 333376 333377 333378 333379 
0
0
FACE_BOTTOM
0
1
48
333140 333145 333150 333155 333160 333165 333170 333175 333180 333185 333190 333195 333200 333205 333210 333215 333220 333225 333230 333235 333240 333245 333250 333255 333260 333265 333270 333275 333280 333285 333290 333295 333300 333305 333310 333315 333320 333325 333330 333335 333340 333345 333350 333355 333360 333365 333370 333375 
0
0
FACE_TOP
0
1
48
333144 333149 333154 333159 333164 333169 333174 333179 333184 333189 333194 333199 333204 333209 333214 333219 333224 333229 333234 333239 333244 333249 333254 333259 333264 333269 333274 333279 333284 333289 333294 333299 333304 333309 333314 333319 333324 333329 333334 333339 333344 333349 333354 333359 333364 333369 333374 333379 
0
0
SET_ALL
0
1
240
333140 333141 333142 333143 333144 333145 333146 333147 333148 333149 333150 333151 333152 333153 333154 333155 333156 333157 333158 333159 333160 333161 333162 333163 333164 333165 333166 333167 333168 333169 333170 333171 333172 333173 333174 333175 333176 333177 333178 333179 333180 333181 333182 333183 333184 333185 333186 333187 333188 333189 333190 333191 333192 333193 333194 333195 333196 333197 333198 333199 333200 333201 333202 333203 333204 333205 333206 333207 333208 333209 333210 333211 333212 333213 333214 333215 333216 333217 333218 333219 333220 333221 333222 333223 333224 333225 333226 333227 333228 333229 333230 333231 333232 333233 333234 333235 333236 333237 333238 333239 333240 333241 333242 333243 333244 333245 333246 333247 333248 333249 333250 333251 333252 333253 333254 333255 333256 333257 333258 333259 333260 333261 333262 333263 333264 333265 333266 333267 333268 333269 333270 333271 333272 333273 333274 333275 333276 333277 333278 333279 333280 333281 333282 333283 333284 333285 333286 333287 333288 333289 333290 333291 333292 333293 333294 333295 333296 333297 333298 333299 333300 333301 333302 333303 333304 333305 333306 333307 333308 333309 333310 333311 333312 333313 333314 333315 333316 333317 333318 333319 333320 333321 333322 333323 333324 333325 333326 333327 333328 333329 333330 333331 333332 333333 333334 333335 333336 333337 333338 333339 333340 333341 333342 333343 333344 333345 333346 333347 333348 333349 333350 333351 333352 333353 333354 333355 333356 333357 333358 333359 333360 333361 333362 333363 333364 333365 333366 333367 333368 333369 333370 333371 333372 333373 333374 333375 333376 333377 333378 333379 
0
0
0
CSEG_11-1
5
 P      11
0
2
14
-2147483647
48 1 16 5 0 1 0 -1 -1 288 1 -1879048189 2943 288 
0
0
 P      11SET_CSEG_ALL_ACTIVE
0
2
14
-2147483647
48 1 16 5 0 1 0 -1 -1 288 1 -1879048189 2943 288 
0
0
FACE_BOTTOM
0
1
96
2943 2946 2949 2952 2955 2958 2961 2964 2967 2970 2973 2976 2979 2982 2985 2988 2991 2994 2997 3000 3003 3006 3009 3012 3015 3018 3021 3024 3027 3030 3033 3036 3039 3042 3045 3048 3051 3054 3057 3060 3063 3066 3069 3072 3075 3078 3081 3084 3087 3090 3093 3096 3099 3102 3105 3108 3111 3114 3117 3120 3123 3126 3129 3132 3135 3138 3141 3144 3147 3150 3153 3156 3159 3162 3165 3168 3171 3174 3177 3180 3183 3186 3189 3192 3195 3198 3201 3204 3207 3210 3213 3216 3219 3222 3225 3228 
0
0
FACE_TOP
0
1
96
2945 2948 2951 2954 2957 2960 2963 2966 2969 2972 2975 2978 2981 2984 2987 2990 2993 2996 2999 3002 3005 3008 3011 3014 3017 3020 3023 3026 3029 3032 3035 3038 3041 3044 3047 3050 3053 3056 3059 3062 3065 3068 3071 3074 3077 3080 3083 3086 3089 3092 3095 3098 3101 3104 3107 3110 3113 3116 3119 3122 3125 3128 3131 3134 3137 3140 3143 3146 3149 3152 3155 3158 3161 3164 3167 3170 3173 3176 3179 3182 3185 3188 3191 3194 3197 3200 3203 3206 3209 3212 3215 3218 3221 3224 3227 3230 
0
0
SET_ALL
0
1
14
-2147483647
48 1 16 5 0 1 0 -1 -1 288 1 -1879048189 2943 288 
0
0
0
CSEG_13-1
5
 P      13
0
2
14
-2147483647
48 1 16 5 0 1 0 -1 -1 288 1 -1879048189 3519 288 
0
0
 P      13SET_CSEG_ALL_ACTIVE
0
2
14
-2147483647
48 1 16 5 0 1 0 -1 -1 288 1 -1879048189 3519 288 
0
0
FACE_BOTTOM
0
1
96
3519 3522 3525 3528 3531 3534 3537 3540 3543 3546 3549 3552 3555 3558 3561 3564 3567 3570 3573 3576 3579 3582 3585 3588 3591 3594 3597 3600 3603 3606 3609 3612 3615 3618 3621 3624 3627 3630 3633 3636 3639 3642 3645 3648 3651 3654 3657 3660 3663 3666 3669 3672 3675 3678 3681 3684 3687 3690 3693 3696 3699 3702 3705 3708 3711 3714 3717 3720 3723 3726 3729 3732 3735 3738 3741 3744 3747 3750 3753 3756 3759 3762 3765 3768 3771 3774 3777 3780 3783 3786 3789 3792 3795 3798 3801 3804 
0
0
FACE_TOP
0
1
96
3521 3524 3527 3530 3533 3536 3539 3542 3545 3548 3551 3554 3557 3560 3563 3566 3569 3572 3575 3578 3581 3584 3587 3590 3593 3596 3599 3602 3605 3608 3611 3614 3617 3620 3623 3626 3629 3632 3635 3638 3641 3644 3647 3650 3653 3656 3659 3662 3665 3668 3671 3674 3677 3680 3683 3686 3689 3692 3695 3698 3701 3704 3707 3710 3713 3716 3719 3722 3725 3728 3731 3734 3737 3740 3743 3746 3749 3752 3755 3758 3761 3764 3767 3770 3773 3776 3779 3782 3785 3788 3791 3794 3797 3800 3803 3806 
0
0
SET_ALL
0
1
14
-2147483647
48 1 16 5 0 1 0 -1 -1 288 1 -1879048189 3519 288 
0
0
0
CSEG_15-1
5
 P      15
0
2
14
-2147483647
48 1 16 5 0 1 0 -1 -1 288 1 -1879048189 4095 288 
0
0
 P      15SET_CSEG_ALL_ACTIVE
0
2
14
-2147483647
48 1 16 5 0 1 0 -1 -1 288 1 -1879048189 4095 288 
0
0
FACE_BOTTOM
0
1
96
4095 4098 4101 4104 4107 4110 4113 4116 4119 4122 4125 4128 4131 4134 4137 4140 4143 4146 4149 4152 4155 4158 4161 4164 4167 4170 4173 4176 4179 4182 4185 4188 4191 4194 4197 4200 4203 4206 4209 4212 4215 4218 4221 4224 4227 4230 4233 4236 4239 4242 4245 4248 4251 4254 4257 4260 4263 4266 4269 4272 4275 4278 4281 4284 4287 4290 4293 4296 4299 4302 4305 4308 4311 4314 4317 4320 4323 4326 4329 4332 4335 4338 4341 4344 4347 4350 4353 4356 4359 4362 4365 4368 4371 4374 4377 4380 
0
0
FACE_TOP
0
1
96
4097 4100 4103 4106 4109 4112 4115 4118 4121 4124 4127 4130 4133 4136 4139 4142 4145 4148 4151 4154 4157 4160 4163 4166 4169 4172 4175 4178 4181 4184 4187 4190 4193 4196 4199 4202 4205 4208 4211 4214 4217 4220 4223 4226 4229 4232 4235 4238 4241 4244 4247 4250 4253 4256 4259 4262 4265 4268 4271 4274 4277 4280 4283 4286 4289 4292 4295 4298 4301 4304 4307 4310 4313 4316 4319 4322 4325 4328 4331 4334 4337 4340 4343 4346 4349 4352 4355 4358 4361 4364 4367 4370 4373 4376 4379 4382 
0
0
SET_ALL
0
1
14
-2147483647
48 1 16 5 0 1 0 -1 -1 288 1 -1879048189 4095 288 
0
0
0
CSEG_17-1
5
 P      17
0
2
14
-2147483647
48 1 16 5 0 1 0 -1 -1 288 1 -1879048189 4671 288 
0
0
 P      17SET_CSEG_ALL_ACTIVE
0
2
14
-2147483647
48 1 16 5 0 1 0 -1 -1 288 1 -1879048189 4671 288 
0
0
FACE_BOTTOM
0
1
96
4671 4674 4677 4680 4683 4686 4689 4692 4695 4698 4701 4704 4707 4710 4713 4716 4719 4722 4725 4728 4731 4734 4737 4740 4743 4746 4749 4752 4755 4758 4761 4764 4767 4770 4773 4776 4779 4782 4785 4788 4791 4794 4797 4800 4803 4806 4809 4812 4815 4818 4821 4824 4827 4830 4833 4836 4839 4842 4845 4848 4851 4854 4857 4860 4863 4866 4869 4872 4875 4878 4881 4884 4887 4890 4893 4896 4899 4902 4905 4908 4911 4914 4917 4920 4923 4926 4929 4932 4935 4938 4941 4944 4947 4950 4953 4956 
0
0
FACE_TOP
0
1
96
4673 4676 4679 4682 4685 4688 4691 4694 4697 4700 4703 4706 4709 4712 4715 4718 4721 4724 4727 4730 4733 4736 4739 4742 4745 4748 4751 4754 4757 4760 4763 4766 4769 4772 4775 4778 4781 4784 4787 4790 4793 4796 4799 4802 4805 4808 4811 4814 4817 4820 4823 4826 4829 4832 4835 4838 4841 4844 4847 4850 4853 4856 4859 4862 4865 4868 4871 4874 4877 4880 4883 4886 4889 4892 4895 4898 4901 4904 4907 4910 4913 4916 4919 4922 4925 4928 4931 4934 4937 4940 4943 4946 4949 4952 4955 4958 
0
0
SET_ALL
0
1
14
-2147483647
48 1 16 5 0 1 0 -1 -1 288 1 -1879048189 4671 288 
0
0
0
CSEG_19-1
5
 P      19
0
2
14
-2147483647
48 1 16 5 0 1 0 -1 -1 288 1 -1879048189 5247 288 
0
0
 P      19SET_CSEG_ALL_ACTIVE
0
2
14
-2147483647
48 1 16 5 0 1 0 -1 -1 288 1 -1879048189 5247 288 
0
0
FACE_BOTTOM
0
1
96
5247 5250 5253 5256 5259 5262 5265 5268 5271 5274 5277 5280 5283 5286 5289 5292 5295 5298 5301 5304 5307 5310 5313 5316 5319 5322 5325 5328 5331 5334 5337 5340 5343 5346 5349 5352 5355 5358 5361 5364 5367 5370 5373 5376 5379 5382 5385 5388 5391 5394 5397 5400 5403 5406 5409 5412 5415 5418 5421 5424 5427 5430 5433 5436 5439 5442 5445 5448 5451 5454 5457 5460 5463 5466 5469 5472 5475 5478 5481 5484 5487 5490 5493 5496 5499 5502 5505 5508 5511 5514 5517 5520 5523 5526 5529 5532 
0
0
FACE_TOP
0
1
96
5249 5252 5255 5258 5261 5264 5267 5270 5273 5276 5279 5282 5285 5288 5291 5294 5297 5300 5303 5306 5309 5312 5315 5318 5321 5324 5327 5330 5333 5336 5339 5342 5345 5348 5351 5354 5357 5360 5363 5366 5369 5372 5375 5378 5381 5384 5387 5390 5393 5396 5399 5402 5405 5408 5411 5414 5417 5420 5423 5426 5429 5432 5435 5438 5441 5444 5447 5450 5453 5456 5459 5462 5465 5468 5471 5474 5477 5480 5483 5486 5489 5492 5495 5498 5501 5504 5507 5510 5513 5516 5519 5522 5525 5528 5531 5534 
0
0
SET_ALL
0
1
14
-2147483647
48 1 16 5 0 1 0 -1 -1 288 1 -1879048189 5247 288 
0
0
0
CSEG_31-1
5
 P      31
0
2
14
-2147483647
48 1 16 5 0 1 0 -1 -1 288 1 -1879048189 8703 288 
0
0
 P      31SET_CSEG_ALL_ACTIVE
0
2
14
-2147483647
48 1 16 5 0 1 0 -1 -1 288 1 -1879048189 8703 288 
0
0
FACE_BOTTOM
0
1
96
8703 8706 8709 8712 8715 8718 8721 8724 8727 8730 8733 8736 8739 8742 8745 8748 8751 8754 8757 8760 8763 8766 8769 8772 8775 8778 8781 8784 8787 8790 8793 8796 8799 8802 8805 8808 8811 8814 8817 8820 8823 8826 8829 8832 8835 8838 8841 8844 8847 8850 8853 8856 8859 8862 8865 8868 8871 8874 8877 8880 8883 8886 8889 8892 8895 8898 8901 8904 8907 8910 8913 8916 8919 8922 8925 8928 8931 8934 8937 8940 8943 8946 8949 8952 8955 8958 8961 8964 8967 8970 8973 8976 8979 8982 8985 8988 
0
0
FACE_TOP
0
1
96
8705 8708 8711 8714 8717 8720 8723 8726 8729 8732 8735 8738 8741 8744 8747 8750 8753 8756 8759 8762 8765 8768 8771 8774 8777 8780 8783 8786 8789 8792 8795 8798 8801 8804 8807 8810 8813 8816 8819 8822 8825 8828 8831 8834 8837 8840 8843 8846 8849 8852 8855 8858 8861 8864 8867 8870 8873 8876 8879 8882 8885 8888 8891 8894 8897 8900 8903 8906 8909 8912 8915 8918 8921 8924 8927 8930 8933 8936 8939 8942 8945 8948 8951 8954 8957 8960 8963 8966 8969 8972 8975 8978 8981 8984 8987 8990 
0
0
SET_ALL
0
1
14
-2147483647
48 1 16 5 0 1 0 -1 -1 288 1 -1879048189 8703 288 
0
0
0
35
CSEG_01-1
2
SURF_BOTTOM
0
0
1
S6
48
181 183 185 187 189 191 193 195 197 199 201 203 205 207 209 211 213 215 217 219 221 223 225 227 229 231 233 235 237 239 241 243 245 247 249 251 253 255 257 259 261 263 265 267 269 271 273 275 
SURF_TOP
0
0
1
S4
48
182 184 186 188 190 192 194 196 198 200 202 204 206 208 210 212 214 216 218 220 222 224 226 228 230 232 234 236 238 240 242 244 246 248 250 252 254 256 258 260 262 264 266 268 270 272 274 276 
CSEG_02-1
2
SURF_BOTTOM
0
0
1
S6
48
277 279 281 283 285 287 289 291 293 295 297 299 301 303 305 307 309 311 313 315 317 319 321 323 325 327 329 331 333 335 337 339 341 343 345 347 349 351 353 355 357 359 361 363 365 367 369 371 
SURF_TOP
0
0
1
S4
48
278 280 282 284 286 288 290 292 294 296 298 300 302 304 306 308 310 312 314 316 318 320 322 324 326 328 330 332 334 336 338 340 342 344 346 348 350 352 354 356 358 360 362 364 366 368 370 372 
CSEG_03-1
2
SURF_BOTTOM
0
0
1
S6
48
373 375 377 379 381 383 385 387 389 391 393 395 397 399 401 403 405 407 409 411 413 415 417 419 421 423 425 427 429 431 433 435 437 439 441 443 445 447 449 451 453 455 457 459 461 463 465 467 
SURF_TOP
0
0
1
S4
48
374 376 378 380 382 384 386 388 390 392 394 396 398 400 402 404 406 408 410 412 414 416 418 420 422 424 426 428 430 432 434 436 438 440 442 444 446 448 450 452 454 456 458 460 462 464 466 468 
CSEG_04-1
2
SURF_BOTTOM
0
0
1
S6
48
469 471 473 475 477 479 481 483 485 487 489 491 493 495 497 499 501 503 505 507 509 511 513 515 517 519 521 523 525 527 529 531 533 535 537 539 541 543 545 547 549 551 553 555 557 559 561 563 
SURF_TOP
0
0
1
S4
48
470 472 474 476 478 480 482 484 486 488 490 492 494 496 498 500 502 504 506 508 510 512 514 516 518 520 522 524 526 528 530 532 534 536 538 540 542 544 546 548 550 552 554 556 558 560 562 564 
CSEG_05-1
2
SURF_BOTTOM
0
0
1
S6
48
565 567 569 571 573 575 577 579 581 583 585 587 589 591 593 595 597 599 601 603 605 607 609 611 613 615 617 619 621 623 625 627 629 631 633 635 637 639 641 643 645 647 649 651 653 655 657 659 
SURF_TOP
0
0
1
S4
48
566 568 570 572 574 576 578 580 582 584 586 588 590 592 594 596 598 600 602 604 606 608 610 612 614 616 618 620 622 624 626 628 630 632 634 636 638 640 642 644 646 648 650 652 654 656 658 660 
CSEG_06-1
2
SURF_BOTTOM
0
0
1
S6
48
661 663 665 667 669 671 673 675 677 679 681 683 685 687 689 691 693 695 697 699 701 703 705 707 709 711 713 715 717 719 721 723 725 727 729 731 733 735 737 739 741 743 745 747 749 751 753 755 
SURF_TOP
0
0
1
S4
48
662 664 666 668 670 672 674 676 678 680 682 684 686 688 690 692 694 696 698 700 702 704 706 708 710 712 714 716 718 720 722 724 726 728 730 732 734 736 738 740 742 744 746 748 750 752 754 756 
CSEG_07-1
2
SURF_BOTTOM
0
0
1
S6
48
757 759 761 763 765 767 769 771 773 775 777 779 781 783 785 787 789 791 793 795 797 799 801 803 805 807 809 811 813 815 817 819 821 823 825 827 829 831 833 835 837 839 841 843 845 847 849 851 
SURF_TOP
0
0
1
S4
48
758 760 762 764 766 768 770 772 774 776 778 780 782 784 786 788 790 792 794 796 798 800 802 804 806 808 810 812 814 816 818 820 822 824 826 828 830 832 834 836 838 840 842 844 846 848 850 852 
CSEG_08-1
2
SURF_BOTTOM
0
0
1
S6
48
853 855 857 859 861 863 865 867 869 871 873 875 877 879 881 883 885 887 889 891 893 895 897 899 901 903 905 907 909 911 913 915 917 919 921 923 925 927 929 931 933 935 937 939 941 943 945 947 
SURF_TOP
0
0
1
S4
48
854 856 858 860 862 864 866 868 870 872 874 876 878 880 882 884 886 888 890 892 894 896 898 900 902 904 906 908 910 912 914 916 918 920 922 924 926 928 930 932 934 936 938 940 942 944 946 948 
CSEG_09-1
2
SURF_BOTTOM
0
0
1
S6
48
949 951 953 955 957 959 961 963 965 967 969 971 973 975 977 979 981 983 985 987 989 991 993 995 997 999 1001 1003 1005 1007 1009 1011 1013 1015 1017 1019 1021 1023 1025 1027 1029 1031 1033 1035 1037 1039 1041 1043 
SURF_TOP
0
0
1
S4
48
950 952 954 956 958 960 962 964 966 968 970 972 974 976 978 980 982 984 986 988 990 992 994 996 998 1000 1002 1004 1006 1008 1010 1012 1014 1016 1018 1020 1022 1024 1026 1028 1030 1032 1034 1036 1038 1040 1042 1044 
CSEG_10-1
2
SURF_BOTTOM
0
0
1
S6
48
1045 1047 1049 1051 1053 1055 1057 1059 1061 1063 1065 1067 1069 1071 1073 1075 1077 1079 1081 1083 1085 1087 1089 1091 1093 1095 1097 1099 1101 1103 1105 1107 1109 1111 1113 1115 1117 1119 1121 1123 1125 1127 1129 1131 1133 1135 1137 1139 
SURF_TOP
0
0
1
S4
48
1046 1048 1050 1052 1054 1056 1058 1060 1062 1064 1066 1068 1070 1072 1074 1076 1078 1080 1082 1084 1086 1088 1090 1092 1094 1096 1098 1100 1102 1104 1106 1108 1110 1112 1114 1116 1118 1120 1122 1124 1126 1128 1130 1132 1134 1136 1138 1140 
CSEG_11-1
2
SURF_BOTTOM
0
0
1
S6
48
1141 1143 1145 1147 1149 1151 1153 1155 1157 1159 1161 1163 1165 1167 1169 1171 1173 1175 1177 1179 1181 1183 1185 1187 1189 1191 1193 1195 1197 1199 1201 1203 1205 1207 1209 1211 1213 1215 1217 1219 1221 1223 1225 1227 1229 1231 1233 1235 
SURF_TOP
0
0
1
S4
48
1142 1144 1146 1148 1150 1152 1154 1156 1158 1160 1162 1164 1166 1168 1170 1172 1174 1176 1178 1180 1182 1184 1186 1188 1190 1192 1194 1196 1198 1200 1202 1204 1206 1208 1210 1212 1214 1216 1218 1220 1222 1224 1226 1228 1230 1232 1234 1236 
CSEG_12-1
2
SURF_BOTTOM
0
0
1
S6
48
1237 1239 1241 1243 1245 1247 1249 1251 1253 1255 1257 1259 1261 1263 1265 1267 1269 1271 1273 1275 1277 1279 1281 1283 1285 1287 1289 1291 1293 1295 1297 1299 1301 1303 1305 1307 1309 1311 1313 1315 1317 1319 1321 1323 1325 1327 1329 1331 
SURF_TOP
0
0
1
S4
48
1238 1240 1242 1244 1246 1248 1250 1252 1254 1256 1258 1260 1262 1264 1266 1268 1270 1272 1274 1276 1278 1280 1282 1284 1286 1288 1290 1292 1294 1296 1298 1300 1302 1304 1306 1308 1310 1312 1314 1316 1318 1320 1322 1324 1326 1328 1330 1332 
CSEG_13-1
2
SURF_BOTTOM
0
0
1
S6
48
1333 1335 1337 1339 1341 1343 1345 1347 1349 1351 1353 1355 1357 1359 1361 1363 1365 1367 1369 1371 1373 1375 1377 1379 1381 1383 1385 1387 1389 1391 1393 1395 1397 1399 1401 1403 1405 1407 1409 1411 1413 1415 1417 1419 1421 1423 1425 1427 
SURF_TOP
0
0
1
S4
48
1334 1336 1338 1340 1342 1344 1346 1348 1350 1352 1354 1356 1358 1360 1362 1364 1366 1368 1370 1372 1374 1376 1378 1380 1382 1384 1386 1388 1390 1392 1394 1396 1398 1400 1402 1404 1406 1408 1410 1412 1414 1416 1418 1420 1422 1424 1426 1428 
CSEG_14-1
2
SURF_BOTTOM
0
0
1
S6
48
1429 1431 1433 1435 1437 1439 1441 1443 1445 1447 1449 1451 1453 1455 1457 1459 1461 1463 1465 1467 1469 1471 1473 1475 1477 1479 1481 1483 1485 1487 1489 1491 1493 1495 1497 1499 1501 1503 1505 1507 1509 1511 1513 1515 1517 1519 1521 1523 
SURF_TOP
0
0
1
S4
48
1430 1432 1434 1436 1438 1440 1442 1444 1446 1448 1450 1452 1454 1456 1458 1460 1462 1464 1466 1468 1470 1472 1474 1476 1478 1480 1482 1484 1486 1488 1490 1492 1494 1496 1498 1500 1502 1504 1506 1508 1510 1512 1514 1516 1518 1520 1522 1524 
CSEG_15-1
2
SURF_BOTTOM
0
0
1
S6
48
1525 1527 1529 1531 1533 1535 1537 1539 1541 1543 1545 1547 1549 1551 1553 1555 1557 1559 1561 1563 1565 1567 1569 1571 1573 1575 1577 1579 1581 1583 1585 1587 1589 1591 1593 1595 1597 1599 1601 1603 1605 1607 1609 1611 1613 1615 1617 1619 
SURF_TOP
0
0
1
S4
48
1526 1528 1530 1532 1534 1536 1538 1540 1542 1544 1546 1548 1550 1552 1554 1556 1558 1560 1562 1564 1566 1568 1570 1572 1574 1576 1578 1580 1582 1584 1586 1588 1590 1592 1594 1596 1598 1600 1602 1604 1606 1608 1610 1612 1614 1616 1618 1620 
CSEG_16-1
2
SURF_BOTTOM
0
0
1
S6
48
1621 1623 1625 1627 1629 1631 1633 1635 1637 1639 1641 1643 1645 1647 1649 1651 1653 1655 1657 1659 1661 1663 1665 1667 1669 1671 1673 1675 1677 1679 1681 1683 1685 1687 1689 1691 1693 1695 1697 1699 1701 1703 1705 1707 1709 1711 1713 1715 
SURF_TOP
0
0
1
S4
48
1622 1624 1626 1628 1630 1632 1634 1636 1638 1640 1642 1644 1646 1648 1650 1652 1654 1656 1658 1660 1662 1664 1666 1668 1670 1672 1674 1676 1678 1680 1682 1684 1686 1688 1690 1692 1694 1696 1698 1700 1702 1704 1706 1708 1710 1712 1714 1716 
CSEG_17-1
2
SURF_BOTTOM
0
0
1
S6
48
1717 1719 1721 1723 1725 1727 1729 1731 1733 1735 1737 1739 1741 1743 1745 1747 1749 1751 1753 1755 1757 1759 1761 1763 1765 1767 1769 1771 1773 1775 1777 1779 1781 1783 1785 1787 1789 1791 1793 1795 1797 1799 1801 1803 1805 1807 1809 1811 
SURF_TOP
0
0
1
S4
48
1718 1720 1722 1724 1726 1728 1730 1732 1734 1736 1738 1740 1742 1744 1746 1748 1750 1752 1754 1756 1758 1760 1762 1764 1766 1768 1770 1772 1774 1776 1778 1780 1782 1784 1786 1788 1790 1792 1794 1796 1798 1800 1802 1804 1806 1808 1810 1812 
CSEG_18-1
2
SURF_BOTTOM
0
0
1
S6
48
1813 1815 1817 1819 1821 1823 1825 1827 1829 1831 1833 1835 1837 1839 1841 1843 1845 1847 1849 1851 1853 1855 1857 1859 1861 1863 1865 1867 1869 1871 1873 1875 1877 1879 1881 1883 1885 1887 1889 1891 1893 1895 1897 1899 1901 1903 1905 1907 
SURF_TOP
0
0
1
S4
48
1814 1816 1818 1820 1822 1824 1826 1828 1830 1832 1834 1836 1838 1840 1842 1844 1846 1848 1850 1852 1854 1856 1858 1860 1862 1864 1866 1868 1870 1872 1874 1876 1878 1880 1882 1884 1886 1888 1890 1892 1894 1896 1898 1900 1902 1904 1906 1908 
CSEG_19-1
2
SURF_BOTTOM
0
0
1
S6
48
1909 1911 1913 1915 1917 1919 1921 1923 1925 1927 1929 1931 1933 1935 1937 1939 1941 1943 1945 1947 1949 1951 1953 1955 1957 1959 1961 1963 1965 1967 1969 1971 1973 1975 1977 1979 1981 1983 1985 1987 1989 1991 1993 1995 1997 1999 2001 2003 
SURF_TOP
0
0
1
S4
48
1910 1912 1914 1916 1918 1920 1922 1924 1926 1928 1930 1932 1934 1936 1938 1940 1942 1944 1946 1948 1950 1952 1954 1956 1958 1960 1962 1964 1966 1968 1970 1972 1974 1976 1978 1980 1982 1984 1986 1988 1990 1992 1994 1996 1998 2000 2002 2004 
CSEG_20-1
2
SURF_BOTTOM
0
0
1
S6
48
2005 2007 2009 2011 2013 2015 2017 2019 2021 2023 2025 2027 2029 2031 2033 2035 2037 2039 2041 2043 2045 2047 2049 2051 2053 2055 2057 2059 2061 2063 2065 2067 2069 2071 2073 2075 2077 2079 2081 2083 2085 2087 2089 2091 2093 2095 2097 2099 
SURF_TOP
0
0
1
S4
48
2006 2008 2010 2012 2014 2016 2018 2020 2022 2024 2026 2028 2030 2032 2034 2036 2038 2040 2042 2044 2046 2048 2050 2052 2054 2056 2058 2060 2062 2064 2066 2068 2070 2072 2074 2076 2078 2080 2082 2084 2086 2088 2090 2092 2094 2096 2098 2100 
CSEG_21-1
2
SURF_BOTTOM
0
0
1
S6
48
2101 2103 2105 2107 2109 2111 2113 2115 2117 2119 2121 2123 2125 2127 2129 2131 2133 2135 2137 2139 2141 2143 2145 2147 2149 2151 2153 2155 2157 2159 2161 2163 2165 2167 2169 2171 2173 2175 2177 2179 2181 2183 2185 2187 2189 2191 2193 2195 
SURF_TOP
0
0
1
S4
48
2102 2104 2106 2108 2110 2112 2114 2116 2118 2120 2122 2124 2126 2128 2130 2132 2134 2136 2138 2140 2142 2144 2146 2148 2150 2152 2154 2156 2158 2160 2162 2164 2166 2168 2170 2172 2174 2176 2178 2180 2182 2184 2186 2188 2190 2192 2194 2196 
CSEG_22-1
2
SURF_BOTTOM
0
0
1
S6
48
2197 2199 2201 2203 2205 2207 2209 2211 2213 2215 2217 2219 2221 2223 2225 2227 2229 2231 2233 2235 2237 2239 2241 2243 2245 2247 2249 2251 2253 2255 2257 2259 2261 2263 2265 2267 2269 2271 2273 2275 2277 2279 2281 2283 2285 2287 2289 2291 
SURF_TOP
0
0
1
S4
48
2198 2200 2202 2204 2206 2208 2210 2212 2214 2216 2218 2220 2222 2224 2226 2228 2230 2232 2234 2236 2238 2240 2242 2244 2246 2248 2250 2252 2254 2256 2258 2260 2262 2264 2266 2268 2270 2272 2274 2276 2278 2280 2282 2284 2286 2288 2290 2292 
CSEG_23-1
2
SURF_BOTTOM
0
0
1
S6
48
2293 2295 2297 2299 2301 2303 2305 2307 2309 2311 2313 2315 2317 2319 2321 2323 2325 2327 2329 2331 2333 2335 2337 2339 2341 2343 2345 2347 2349 2351 2353 2355 2357 2359 2361 2363 2365 2367 2369 2371 2373 2375 2377 2379 2381 2383 2385 2387 
SURF_TOP
0
0
1
S4
48
2294 2296 2298 2300 2302 2304 2306 2308 2310 2312 2314 2316 2318 2320 2322 2324 2326 2328 2330 2332 2334 2336 2338 2340 2342 2344 2346 2348 2350 2352 2354 2356 2358 2360 2362 2364 2366 2368 2370 2372 2374 2376 2378 2380 2382 2384 2386 2388 
CSEG_24-1
2
SURF_BOTTOM
0
0
1
S6
48
2389 2391 2393 2395 2397 2399 2401 2403 2405 2407 2409 2411 2413 2415 2417 2419 2421 2423 2425 2427 2429 2431 2433 2435 2437 2439 2441 2443 2445 2447 2449 2451 2453 2455 2457 2459 2461 2463 2465 2467 2469 2471 2473 2475 2477 2479 2481 2483 
SURF_TOP
0
0
1
S4
48
2390 2392 2394 2396 2398 2400 2402 2404 2406 2408 2410 2412 2414 2416 2418 2420 2422 2424 2426 2428 2430 2432 2434 2436 2438 2440 2442 2444 2446 2448 2450 2452 2454 2456 2458 2460 2462 2464 2466 2468 2470 2472 2474 2476 2478 2480 2482 2484 
CSEG_25-1
2
SURF_BOTTOM
0
0
1
S6
48
2485 2487 2489 2491 2493 2495 2497 2499 2501 2503 2505 2507 2509 2511 2513 2515 2517 2519 2521 2523 2525 2527 2529 2531 2533 2535 2537 2539 2541 2543 2545 2547 2549 2551 2553 2555 2557 2559 2561 2563 2565 2567 2569 2571 2573 2575 2577 2579 
SURF_TOP
0
0
1
S4
48
2486 2488 2490 2492 2494 2496 2498 2500 2502 2504 2506 2508 2510 2512 2514 2516 2518 2520 2522 2524 2526 2528 2530 2532 2534 2536 2538 2540 2542 2544 2546 2548 2550 2552 2554 2556 2558 2560 2562 2564 2566 2568 2570 2572 2574 2576 2578 2580 
CSEG_26-1
2
SURF_BOTTOM
0
0
1
S6
48
2581 2583 2585 2587 2589 2591 2593 2595 2597 2599 2601 2603 2605 2607 2609 2611 2613 2615 2617 2619 2621 2623 2625 2627 2629 2631 2633 2635 2637 2639 2641 2643 2645 2647 2649 2651 2653 2655 2657 2659 2661 2663 2665 2667 2669 2671 2673 2675 
SURF_TOP
0
0
1
S4
48
2582 2584 2586 2588 2590 2592 2594 2596 2598 2600 2602 2604 2606 2608 2610 2612 2614 2616 2618 2620 2622 2624 2626 2628 2630 2632 2634 2636 2638 2640 2642 2644 2646 2648 2650 2652 2654 2656 2658 2660 2662 2664 2666 2668 2670 2672 2674 2676 
CSEG_27-1
2
SURF_BOTTOM
0
0
1
S6
48
2677 2679 2681 2683 2685 2687 2689 2691 2693 2695 2697 2699 2701 2703 2705 2707 2709 2711 2713 2715 2717 2719 2721 2723 2725 2727 2729 2731 2733 2735 2737 2739 2741 2743 2745 2747 2749 2751 2753 2755 2757 2759 2761 2763 2765 2767 2769 2771 
SURF_TOP
0
0
1
S4
48
2678 2680 2682 2684 2686 2688 2690 2692 2694 2696 2698 2700 2702 2704 2706 2708 2710 2712 2714 2716 2718 2720 2722 2724 2726 2728 2730 2732 2734 2736 2738 2740 2742 2744 2746 2748 2750 2752 2754 2756 2758 2760 2762 2764 2766 2768 2770 2772 
CSEG_28-1
2
SURF_BOTTOM
0
0
1
S6
48
2773 2775 2777 2779 2781 2783 2785 2787 2789 2791 2793 2795 2797 2799 2801 2803 2805 2807 2809 2811 2813 2815 2817 2819 2821 2823 2825 2827 2829 2831 2833 2835 2837 2839 2841 2843 2845 2847 2849 2851 2853 2855 2857 2859 2861 2863 2865 2867 
SURF_TOP
0
0
1
S4
48
2774 2776 2778 2780 2782 2784 2786 2788 2790 2792 2794 2796 2798 2800 2802 2804 2806 2808 2810 2812 2814 2816 2818 2820 2822 2824 2826 2828 2830 2832 2834 2836 2838 2840 2842 2844 2846 2848 2850 2852 2854 2856 2858 2860 2862 2864 2866 2868 
CSEG_29-1
2
SURF_BOTTOM
0
0
1
S6
48
2869 2871 2873 2875 2877 2879 2881 2883 2885 2887 2889 2891 2893 2895 2897 2899 2901 2903 2905 2907 2909 2911 2913 2915 2917 2919 2921 2923 2925 2927 2929 2931 2933 2935 2937 2939 2941 2943 2945 2947 2949 2951 2953 2955 2957 2959 2961 2963 
SURF_TOP
0
0
1
S4
48
2870 2872 2874 2876 2878 2880 2882 2884 2886 2888 2890 2892 2894 2896 2898 2900 2902 2904 2906 2908 2910 2912 2914 2916 2918 2920 2922 2924 2926 2928 2930 2932 2934 2936 2938 2940 2942 2944 2946 2948 2950 2952 2954 2956 2958 2960 2962 2964 
CSEG_30-1
2
SURF_BOTTOM
0
0
1
S6
48
2965 2967 2969 2971 2973 2975 2977 2979 2981 2983 2985 2987 2989 2991 2993 2995 2997 2999 3001 3003 3005 3007 3009 3011 3013 3015 3017 3019 3021 3023 3025 3027 3029 3031 3033 3035 3037 3039 3041 3043 3045 3047 3049 3051 3053 3055 3057 3059 
SURF_TOP
0
0
1
S4
48
2966 2968 2970 2972 2974 2976 2978 2980 2982 2984 2986 2988 2990 2992 2994 2996 2998 3000 3002 3004 3006 3008 3010 3012 3014 3016 3018 3020 3022 3024 3026 3028 3030 3032 3034 3036 3038 3040 3042 3044 3046 3048 3050 3052 3054 3056 3058 3060 
CSEG_31-1
2
SURF_BOTTOM
0
0
1
S6
48
3061 3063 3065 3067 3069 3071 3073 3075 3077 3079 3081 3083 3085 3087 3089 3091 3093 3095 3097 3099 3101 3103 3105 3107 3109 3111 3113 3115 3117 3119 3121 3123 3125 3127 3129 3131 3133 3135 3137 3139 3141 3143 3145 3147 3149 3151 3153 3155 
SURF_TOP
0
0
1
S4
48
3062 3064 3066 3068 3070 3072 3074 3076 3078 3080 3082 3084 3086 3088 3090 3092 3094 3096 3098 3100 3102 3104 3106 3108 3110 3112 3114 3116 3118 3120 3122 3124 3126 3128 3130 3132 3134 3136 3138 3140 3142 3144 3146 3148 3150 3152 3154 3156 
SSEG_01-1
2
SURF_BOTTOM
0
0
1
S6
24
631436 631440 631444 631448 631452 631456 631460 631464 631468 631472 631476 631480 631484 631488 631492 631496 631500 631504 631508 631512 631516 631520 631524 631528 
SURF_TOP
0
0
1
S4
24
631439 631443 631447 631451 631455 631459 631463 631467 631471 631475 631479 631483 631487 631491 631495 631499 631503 631507 631511 631515 631519 631523 631527 631531 
SSEG_02-1
2
SURF_BOTTOM
0
0
1
S6
24
631532 631536 631540 631544 631548 631552 631556 631560 631564 631568 631572 631576 631580 631584 631588 631592 631596 631600 631604 631608 631612 631616 631620 631624 
SURF_TOP
0
0
1
S4
24
631535 631539 631543 631547 631551 631555 631559 631563 631567 631571 631575 631579 631583 631587 631591 631595 631599 631603 631607 631611 631615 631619 631623 631627 
SSEG_03-1
2
SURF_BOTTOM
0
0
1
S6
24
631628 631632 631636 631640 631644 631648 631652 631656 631660 631664 631668 631672 631676 631680 631684 631688 631692 631696 631700 631704 631708 631712 631716 631720 
SURF_TOP
0
0
1
S4
24
631631 631635 631639 631643 631647 631651 631655 631659 631663 631667 631671 631675 631679 631683 631687 631691 631695 631699 631703 631707 631711 631715 631719 631723 
SSEG_04-1
2
SURF_BOTTOM
0
0
1
S6
24
631724 631728 631732 631736 631740 631744 631748 631752 631756 631760 631764 631768 631772 631776 631780 631784 631788 631792 631796 631800 631804 631808 631812 631816 
SURF_TOP
0
0
1
S4
24
631727 631731 631735 631739 631743 631747 631751 631755 631759 631763 631767 631771 631775 631779 631783 631787 631791 631795 631799 631803 631807 631811 631815 631819 
1
A008_Y60P06_LOWER48_S4
0
0
0
1
CSEG_17-1
0
0
1
S4
48
1717 1719 1721 1723 1725 1727 1729 1731 1733 1735 1737 1739 1741 1743 1745 1747 1749 1751 1753 1755 1757 1759 1761 1763 1765 1767 1769 1771 1773 1775 1777 1779 1781 1783 1785 1787 1789 1791 1793 1795 1797 1799 1801 1803 1805 1807 1809 1811 
