ALLAE,ALLIE,ALLSE,ALLVD,DAMAGEC,DAMAGET,E1,E2,E3,E4,E5,E6,PE1,PE2,PE3,PE4,PE5,PE6,RF1_n1,RF1_n2,RF1_n3,RF1_n4,RF1_n5,RF1_n6,RF1_n7,RF1_n8,RF2_n1,RF2_n2,RF2_n3,RF2_n4,RF2_n5,RF2_n6,RF2_n7,RF2_n8,RF3_n1,RF3_n2,RF3_n3,RF3_n4,RF3_n5,RF3_n6,RF3_n7,RF3_n8,S1,S2,S3,S4,S5,S6,U1_n1,U1_n2,U1_n3,U1_n4,U1_n5,U1_n6,U1_n7,U1_n8,U2_n1,U2_n2,U2_n3,U2_n4,U2_n5,U2_n6,U2_n7,U2_n8,U3_n1,U3_n2,U3_n3,U3_n4,U3_n5,U3_n6,U3_n7,U3_n8,step,time
0.0,0.0,0.0,0.0,0.0,0.0,0.0,0.0,0.0,0.0,0.0,0.0,0.0,0.0,0.0,0.0,0.0,0.0,-0.0,-0.0,-0.0,-0.0,-0.0,-0.0,-0.0,-0.0,-0.0,-0.0,0.0,0.0,-0.0,-0.0,0.0,0.0,-0.0,-0.0,-0.0,-0.0,0.0,0.0,0.0,0.0,0.0,0.0,0.0,0.0,0.0,0.0,0.0,0.0,0.0,0.0,0.0,0.0,0.0,0.0,0.0,0.0,0.0,0.0,0.0,0.0,0.0,0.0,0.0,0.0,0.0,0.0,0.0,0.0,0.0,0.0,Uniaxial,0.0
2.5726528468734846e-31,1.040624976158142,1.040624976158142,0.0,0.0,0.0,-7.5e-06,1.5e-06,1.5e-06,-5.293956e-22,2.646978e-22,-2.646978e-22,0.0,0.0,0.0,0.0,0.0,0.0,69375.0,-69375.0,-69375.0,69375.0,69375.0,-69375.0,-69375.0,69375.0,5.126549e-12,1.0842644e-12,0.0,0.0,3.463209e-12,-5.7907525e-13,0.0,0.0,1.8467224e-13,2.213509e-12,-1.8467224e-13,-2.213509e-12,0.0,0.0,0.0,0.0,-277500.0,-9.094947e-12,0.0,-8.161516e-12,4.080758e-12,-4.080758e-12,-6.9375e-32,-7.5e-06,-7.5e-06,-6.9375e-32,-6.9375e-32,-7.5e-06,-7.5e-06,-6.9375e-32,-0.0,-0.0,1.5e-06,1.5e-06,-0.0,-0.0,1.5e-06,1.5e-06,-0.0,-0.0,-0.0,0.0,1.5e-06,1.5e-06,1.5e-06,1.5e-06,Uniaxial,0.0010000000474974513
0.0,4.162499904632568,4.162499904632568,0.0,0.0,0.0,-1.5e-05,3e-06,3e-06,0.0,-3.1763736e-22,1.0587912e-22,0.0,0.0,0.0,0.0,0.0,0.0,138750.0,-138750.0,-138750.0,138750.0,138750.0,-138750.0,-138750.0,138750.0,1.4109136e-12,1.4109136e-12,0.0,0.0,2.227065e-12,2.227065e-12,0.0,0.0,8.1615156e-13,-1.6323031e-12,-8.1615156e-13,1.6323031e-12,0.0,0.0,0.0,0.0,-555000.0,-7.275958e-12,0.0,0.0,-4.8969093e-12,1.6323031e-12,0.0,-1.5e-05,-1.5e-05,0.0,0.0,-1.5e-05,-1.5e-05,0.0,0.0,0.0,3e-06,3e-06,0.0,-0.0,3e-06,3e-06,0.0,0.0,-0.0,-0.0,3e-06,3e-06,3e-06,3e-06,Uniaxial,0.0020000000949949026
9.124702577804782e-35,12.747655868530273,12.747655868530273,0.0,0.0,0.0,-2.625e-05,5.25e-06,5.25e-06,3.1763736e-22,-1.0587912e-22,-1.0587912e-22,0.0,0.0,0.0,0.0,0.0,0.0,242812.5,-242812.5,-242812.5,242812.5,242812.5,-242812.5,-242812.5,242812.5,8.309574e-12,1.072725e-11,0.0,0.0,7.462644e-12,9.88032e-12,0.0,0.0,8.107498e-12,7.245179e-12,6.4444166e-12,7.306736e-12,0.0,0.0,0.0,0.0,-971250.0,-3.6379788e-11,-2.910383e-11,4.8969093e-12,-1.6323031e-12,-1.6323031e-12,0.0,-2.625e-05,-2.625e-05,0.0,0.0,-2.625e-05,-2.625e-05,0.0,-0.0,-0.0,5.25e-06,5.25e-06,-0.0,-0.0,5.25e-06,5.25e-06,0.0,-0.0,-0.0,0.0,5.25e-06,5.25e-06,5.25e-06,5.25e-06,Uniaxial,0.0035000001080334187
6.517644944419924e-35,31.478906631469727,31.478906631469727,0.0,0.0,0.0,-4.125e-05,8.25e-06,8.25e-06,0.0,1.0587912e-22,4.2351647e-22,0.0,0.0,0.0,0.0,0.0,0.0,381562.5,-381562.5,-381562.5,381562.5,381562.5,-381562.5,-381562.5,381562.5,-3.0736132e-11,-3.0736132e-11,0.0,0.0,-2.7471527e-11,-2.7471527e-11,0.0,0.0,-3.112882e-11,-3.0374227e-11,-2.7078841e-11,-2.7833435e-11,0.0,0.0,0.0,0.0,-1526250.0,1.1641532e-10,1.1641532e-10,0.0,1.6323031e-12,6.5292125e-12,0.0,-4.125e-05,-4.125e-05,0.0,0.0,-4.125e-05,-4.125e-05,0.0,0.0,0.0,8.25e-06,8.25e-06,0.0,0.0,8.25e-06,8.25e-06,0.0,0.0,0.0,0.0,8.25e-06,8.25e-06,8.25e-06,8.25e-06,Uniaxial,0.005499999970197678
3.9105867370632137e-35,58.53515625,58.53515625,0.0,0.0,0.0,-5.625e-05,1.125e-05,1.125e-05,0.0,2.1175824e-22,-4.2351647e-22,0.0,0.0,0.0,0.0,0.0,0.0,520312.5,-520312.5,-520312.5,520312.5,520312.5,-520312.5,-520312.5,520312.5,1.6323031e-12,1.6323031e-12,0.0,0.0,-1.6323031e-12,-1.6323031e-12,0.0,0.0,8.315409e-13,2.4330653e-12,-8.315409e-13,-2.4330653e-12,0.0,0.0,0.0,0.0,-2081250.0,0.0,0.0,0.0,3.2646063e-12,-6.5292125e-12,-0.0,-5.625e-05,-5.625e-05,-0.0,-0.0,-5.625e-05,-5.625e-05,-0.0,-0.0,-0.0,1.125e-05,1.125e-05,-0.0,-0.0,1.125e-05,1.125e-05,-0.0,-0.0,-0.0,-0.0,1.125e-05,1.125e-05,1.125e-05,1.125e-05,Uniaxial,0.007499999832361937
2.6070579777679694e-34,93.9164047241211,93.9164047241211,0.0,0.0,0.0,-7.125e-05,1.425e-05,1.425e-05,0.0,-1.0587912e-22,-1.0587912e-22,0.0,0.0,0.0,0.0,0.0,0.0,659062.5,-659062.5,-659062.5,659062.5,659062.5,-659062.5,-659062.5,659062.5,3.6803255e-11,3.6772474e-11,0.0,0.0,3.5987102e-11,3.595632e-11,0.0,0.0,2.996615e-11,2.915e-11,2.8241512e-11,2.9057663e-11,0.0,0.0,0.0,0.0,-2636250.0,-1.4551915e-10,-1.1641532e-10,0.0,-1.6323031e-12,-1.6323031e-12,0.0,-7.125e-05,-7.125e-05,0.0,0.0,-7.125e-05,-7.125e-05,0.0,0.0,0.0,1.425e-05,1.425e-05,0.0,0.0,1.425e-05,1.425e-05,0.0,0.0,0.0,0.0,1.425e-05,1.425e-05,1.425e-05,1.425e-05,Uniaxial,0.009499999694526196
4.171292672593255e-34,137.62265014648438,137.62265014648438,0.0,0.0,0.0,-8.625e-05,1.725e-05,1.725e-05,0.0,-6.352747e-22,1.0587912e-22,0.0,0.0,0.0,0.0,0.0,0.0,797812.5,-797812.5,-797812.5,797812.5,797812.5,-797812.5,-797812.5,797812.5,-1.4898433e-11,-1.4898433e-11,0.0,0.0,-1.4205397e-11,-1.4205397e-11,0.0,0.0,1.9788214e-12,-2.9180879e-12,-1.9788214e-12,2.9180879e-12,0.0,0.0,0.0,0.0,-3191250.0,5.820766e-11,0.0,0.0,-9.7938185e-12,1.6323031e-12,0.0,-8.625e-05,-8.625e-05,0.0,-0.0,-8.625e-05,-8.625e-05,-0.0,0.0,0.0,1.725e-05,1.725e-05,0.0,0.0,1.725e-05,1.725e-05,-0.0,-0.0,-0.0,-0.0,1.725e-05,1.725e-05,1.725e-05,1.725e-05,Uniaxial,0.011500000022351742
0.0,189.65390014648438,189.65390014648438,0.0,0.0,0.0,-0.00010125,2.025e-05,2.025e-05,0.0,3.1763736e-22,2.1175824e-22,0.0,0.0,0.0,0.0,0.0,0.0,936562.5,-936562.5,-936562.5,936562.5,936562.5,-936562.5,-936562.5,936562.5,-8.1615156e-13,-8.1615156e-13,0.0,0.0,8.1615156e-13,8.1615156e-13,0.0,0.0,-2.040379e-12,4.0807578e-13,2.040379e-12,-4.0807578e-13,0.0,0.0,0.0,0.0,-3746250.0,0.0,0.0,0.0,4.8969093e-12,3.2646063e-12,-0.0,-0.00010125,-0.00010125,-0.0,-0.0,-0.00010125,-0.00010125,-0.0,-0.0,-0.0,2.025e-05,2.025e-05,-0.0,-0.0,2.025e-05,2.025e-05,0.0,-0.0,-0.0,0.0,2.025e-05,2.025e-05,2.025e-05,2.025e-05,Uniaxial,0.013500000350177288
4.692704314064597e-34,250.01016235351562,250.01016235351562,0.0,0.0,0.0,-0.00011625,2.325e-05,2.325e-05,0.0,2.1175824e-22,-5.293956e-22,0.0,0.0,0.0,0.0,0.0,0.0,1075312.5,-1075312.5,-1075312.5,1075312.5,1075312.5,-1075312.5,-1075312.5,1075312.5,-5.2663577e-12,-5.2663577e-12,0.0,0.0,-9.2855576e-12,-9.2855576e-12,0.0,0.0,-5.6983435e-11,-5.535113e-11,-5.943189e-11,-6.106419e-11,0.0,0.0,0.0,0.0,-4301250.0,2.910383e-11,2.3283064e-10,0.0,3.2646063e-12,-8.161516e-12,-0.0,-0.00011625,-0.00011625,-0.0,-0.0,-0.00011625,-0.00011625,-0.0,0.0,0.0,2.325e-05,2.325e-05,0.0,0.0,2.325e-05,2.325e-05,0.0,0.0,0.0,0.0,2.325e-05,2.325e-05,2.325e-05,2.325e-05,Uniaxial,0.01549999974668026
4.692704314064597e-34,318.69140625,318.69140625,0.0,0.0,0.0,-0.00013125,2.625e-05,2.625e-05,0.0,1.0587912e-22,1.0587912e-22,0.0,0.0,0.0,0.0,0.0,0.0,1214062.5,-1214062.5,-1214062.5,1214062.5,1214062.5,-1214062.5,-1214062.5,1214062.5,1.4174618e-11,1.4174618e-11,0.0,0.0,1.4929212e-11,1.4929212e-11,0.0,0.0,5.7391508e-11,5.820766e-11,5.9023814e-11,5.820766e-11,0.0,0.0,0.0,0.0,-4856250.0,-5.820766e-11,-2.3283064e-10,0.0,1.6323031e-12,1.6323031e-12,-0.0,-0.00013125,-0.00013125,-0.0,-0.0,-0.00013125,-0.00013125,-0.0,0.0,0.0,2.625e-05,2.625e-05,0.0,0.0,2.625e-05,2.625e-05,-0.0,-0.0,-0.0,-0.0,2.625e-05,2.625e-05,2.625e-05,2.625e-05,Uniaxial,0.017500000074505806
4.692704314064597e-34,395.6976623535156,395.6976623535156,0.0,0.0,0.0,-0.00014625,2.925e-05,2.925e-05,0.0,0.0,-3.1763736e-22,0.0,0.0,0.0,0.0,0.0,0.0,1352812.5,-1352812.5,-1352812.5,1352812.5,1352812.5,-1352812.5,-1352812.5,1352812.5,-1.3358466e-11,-1.3358466e-11,0.0,0.0,-1.5745363e-11,-1.5745363e-11,0.0,0.0,5.943189e-11,5.943189e-11,5.6983435e-11,5.6983435e-11,0.0,0.0,0.0,0.0,-5411250.0,5.820766e-11,-2.3283064e-10,0.0,0.0,-4.8969093e-12,-0.0,-0.00014625,-0.00014625,-0.0,0.0,-0.00014625,-0.00014625,0.0,-0.0,-0.0,2.925e-05,2.925e-05,-0.0,-0.0,2.925e-05,2.925e-05,0.0,0.0,0.0,0.0,2.925e-05,2.925e-05,2.925e-05,2.925e-05,Uniaxial,0.019500000402331352
8.34258534518651e-34,481.0289001464844,481.0289001464844,0.0,0.0,0.0,-0.00016125,3.225e-05,3.225e-05,0.0,0.0,2.1175824e-22,0.0,0.0,0.0,0.0,0.0,0.0,1491562.5,-1491562.5,-1491562.5,1491562.5,1491562.5,-1491562.5,-1491562.5,1491562.5,1.3735763e-11,1.3612649e-11,0.0,0.0,1.5491181e-11,1.5368066e-11,0.0,0.0,-8.1615156e-13,-8.1615156e-13,8.1615156e-13,8.1615156e-13,0.0,0.0,0.0,0.0,-5966250.0,-5.820766e-11,0.0,0.0,0.0,3.2646063e-12,-0.0,-0.00016125,-0.00016125,-0.0,-0.0,-0.00016125,-0.00016125,-0.0,-0.0,-0.0,3.225e-05,3.225e-05,-0.0,-0.0,3.225e-05,3.225e-05,0.0,0.0,-0.0,-0.0,3.225e-05,3.225e-05,3.225e-05,3.225e-05,Uniaxial,0.0215000007301569
1.4599524124487652e-33,574.6851806640625,574.6851806640625,0.0,0.0,0.0,-0.00017625,3.525e-05,3.525e-05,0.0,0.0,-7.4115383e-22,0.0,0.0,0.0,0.0,0.0,0.0,1630312.5,-1630312.5,-1630312.5,1630312.5,1630312.5,-1630312.5,-1630312.5,1630312.5,4.645072e-11,4.6327605e-11,0.0,0.0,4.0983886e-11,4.0860773e-11,0.0,0.0,2.8565303e-12,2.8565303e-12,-2.8565303e-12,-2.8565303e-12,0.0,0.0,0.0,0.0,-6521250.0,-1.7462298e-10,0.0,0.0,0.0,-1.1426121e-11,0.0,-0.00017625,-0.00017625,0.0,0.0,-0.00017625,-0.00017625,0.0,0.0,0.0,3.525e-05,3.525e-05,0.0,0.0,3.525e-05,3.525e-05,-0.0,-0.0,0.0,0.0,3.525e-05,3.525e-05,3.525e-05,3.525e-05,Uniaxial,0.023499999195337296
2.29421085513192e-33,676.6663818359375,676.6663818359375,0.0,0.0,0.0,-0.00019125,3.825e-05,3.825e-05,-1.0587912e-22,0.0,9.529121e-22,0.0,0.0,0.0,0.0,0.0,0.0,1769062.5,-1769062.5,-1769062.5,1769062.5,1769062.5,-1769062.5,-1769062.5,1769062.5,-3.2368438e-11,-3.3307704e-11,0.0,0.0,-2.4899957e-11,-2.5839225e-11,0.0,0.0,-3.857354e-12,-3.7342395e-12,3.857354e-12,3.7342395e-12,0.0,0.0,0.0,0.0,-7076250.0,1.1641532e-10,0.0,-1.6323031e-12,0.0,1.4690728e-11,0.0,-0.00019125,-0.00019125,0.0,0.0,-0.00019125,-0.00019125,0.0,0.0,0.0,3.825e-05,3.825e-05,0.0,0.0,3.825e-05,3.825e-05,0.0,0.0,0.0,0.0,3.825e-05,3.825e-05,3.825e-05,3.825e-05,Uniaxial,0.025499999523162842
8.34258534518651e-34,786.97265625,786.97265625,0.0,0.0,0.0,-0.00020625,4.125e-05,4.125e-05,-1.0587912e-22,4.2351647e-22,-1.0587912e-22,0.0,0.0,0.0,0.0,0.0,0.0,1907812.5,-1907812.5,-1907812.5,1907812.5,1907812.5,-1907812.5,-1907812.5,1907812.5,7.357573e-11,7.263646e-11,0.0,0.0,7.288269e-11,7.194342e-11,0.0,0.0,5.6983435e-11,6.024804e-11,5.943189e-11,5.6167283e-11,0.0,0.0,0.0,0.0,-7631250.0,-2.910383e-10,-2.3283064e-10,-1.6323031e-12,6.5292125e-12,-1.6323031e-12,-0.0,-0.00020625,-0.00020625,-0.0,-0.0,-0.00020625,-0.00020625,-0.0,-0.0,-0.0,4.125e-05,4.125e-05,-0.0,-0.0,4.125e-05,4.125e-05,-0.0,-0.0,-0.0,-0.0,4.125e-05,4.125e-05,4.125e-05,4.125e-05,Uniaxial,0.027499999850988388
5.0055510234409136e-33,905.6038818359375,905.6038818359375,0.0,0.0,0.0,-0.00022125,4.425e-05,4.425e-05,0.0,1.0587912e-22,-1.0587912e-22,0.0,0.0,0.0,0.0,0.0,0.0,2046562.5,-2046562.5,-2046562.5,2046562.5,2046562.5,-2046562.5,-2046562.5,2046562.5,-4.3062998e-11,-4.318611e-11,0.0,0.0,-4.412538e-11,-4.4248494e-11,0.0,0.0,-5.839233e-11,-5.757618e-11,-5.802299e-11,-5.883914e-11,0.0,0.0,0.0,0.0,-8186250.0,1.7462298e-10,2.3283064e-10,0.0,1.6323031e-12,-1.6323031e-12,0.0,-0.00022125,-0.00022125,0.0,0.0,-0.00022125,-0.00022125,0.0,0.0,0.0,4.425e-05,4.425e-05,0.0,0.0,4.425e-05,4.425e-05,0.0,0.0,0.0,0.0,4.425e-05,4.425e-05,4.425e-05,4.425e-05,Uniaxial,0.029500000178813934
8.34258534518651e-34,1032.5601806640625,1032.5601806640625,0.0,0.0,0.0,-0.00023625,4.725e-05,4.725e-05,0.0,-5.293956e-22,1.0587912e-22,0.0,0.0,0.0,0.0,0.0,0.0,2185312.5,-2185312.5,-2185312.5,2185312.5,2185312.5,-2185312.5,-2185312.5,2185312.5,-2.9511907e-11,-2.963502e-11,0.0,0.0,-2.8572639e-11,-2.8695754e-11,0.0,0.0,5.9839966e-11,5.5759206e-11,5.657536e-11,6.065611e-11,0.0,0.0,0.0,0.0,-8741250.0,1.1641532e-10,-2.3283064e-10,0.0,-8.161516e-12,1.6323031e-12,-0.0,-0.00023625,-0.00023625,-0.0,-0.0,-0.00023625,-0.00023625,-0.0,-0.0,-0.0,4.725e-05,4.725e-05,-0.0,-0.0,4.725e-05,4.725e-05,-0.0,-0.0,-0.0,-0.0,4.725e-05,4.725e-05,4.725e-05,4.725e-05,Uniaxial,0.03150000050663948
2.7113401683089936e-33,1167.8414306640625,1167.8414306640625,0.0,0.0,0.0,-0.00025125,5.025e-05,5.025e-05,0.0,-2.1175824e-22,-3.1763736e-22,0.0,0.0,0.0,0.0,0.0,0.0,2324062.5,-2324062.5,-2324062.5,2324062.5,2324062.5,-2324062.5,-2324062.5,2324062.5,3.0451173e-11,3.0328056e-11,0.0,0.0,2.7879603e-11,2.7756488e-11,0.0,0.0,1.9788214e-12,3.4651836e-13,-1.9788214e-12,-3.4651836e-13,0.0,0.0,0.0,0.0,-9296250.0,-1.1641532e-10,0.0,0.0,-3.2646063e-12,-4.8969093e-12,-0.0,-0.00025125,-0.00025125,-0.0,-0.0,-0.00025125,-0.00025125,-0.0,-0.0,-0.0,5.025e-05,5.025e-05,-0.0,-0.0,5.025e-05,5.025e-05,0.0,0.0,0.0,0.0,5.025e-05,5.025e-05,5.025e-05,5.025e-05,Uniaxial,0.03350000083446503
1.4599524124487652e-33,1311.4476318359375,1311.4476318359375,0.0,0.0,0.0,-0.00026625,5.325e-05,5.325e-05,0.0,9.529121e-22,3.1763736e-22,0.0,0.0,0.0,0.0,0.0,0.0,2462812.5,-2462812.5,-2462812.5,2462812.5,2462812.5,-2462812.5,-2462812.5,2462812.5,-8.847416e-11,-8.8597275e-11,0.0,0.0,-8.602571e-11,-8.6148824e-11,0.0,0.0,-4.773794e-12,2.4484546e-12,4.773794e-12,-2.4484546e-12,0.0,0.0,0.0,0.0,-9851250.0,3.4924597e-10,0.0,0.0,1.4690728e-11,4.8969093e-12,0.0,-0.00026625,-0.00026625,0.0,0.0,-0.00026625,-0.00026625,0.0,0.0,0.0,5.325e-05,5.325e-05,0.0,0.0,5.325e-05,5.325e-05,0.0,0.0,-0.0,-0.0,5.325e-05,5.325e-05,5.325e-05,5.325e-05,Uniaxial,0.03550000116229057
8.34258534518651e-34,1463.37890625,1463.37890625,0.0,0.0,0.0,-0.00028125,5.625e-05,5.625e-05,0.0,-6.352747e-22,-4.2351647e-22,0.0,0.0,0.0,0.0,0.0,0.0,2601562.5,-2601562.5,-2601562.5,2601562.5,2601562.5,-2601562.5,-2601562.5,2601562.5,3.0736132e-11,3.061302e-11,0.0,0.0,2.7594642e-11,2.7471527e-11,0.0,0.0,4.080758e-12,-8.1615156e-13,-4.080758e-12,8.1615156e-13,0.0,0.0,0.0,0.0,-10406250.0,-1.1641532e-10,0.0,0.0,-9.7938185e-12,-6.5292125e-12,-0.0,-0.00028125,-0.00028125,-0.0,-0.0,-0.00028125,-0.00028125,-0.0,-0.0,-0.0,5.625e-05,5.625e-05,-0.0,-0.0,5.625e-05,5.625e-05,-0.0,0.0,0.0,-0.0,5.625e-05,5.625e-05,5.625e-05,5.625e-05,Uniaxial,0.03750000149011612
2.29421085513192e-33,1623.6351318359375,1623.6351318359375,0.0,0.0,0.0,-0.00029625,5.925e-05,5.925e-05,0.0,5.293956e-22,4.2351647e-22,0.0,0.0,0.0,0.0,0.0,0.0,2740312.5,-2740312.5,-2740312.5,2740312.5,2740312.5,-2740312.5,-2740312.5,2740312.5,8.586386e-11,8.574075e-11,0.0,0.0,8.8882235e-11,8.8759125e-11,0.0,0.0,1.12619525e-10,1.168234e-10,1.2021112e-10,1.16007245e-10,0.0,0.0,0.0,0.0,-10961250.0,-3.4924597e-10,-4.656613e-10,0.0,8.161516e-12,6.5292125e-12,0.0,-0.00029625,-0.00029625,0.0,0.0,-0.00029625,-0.00029625,0.0,0.0,0.0,5.925e-05,5.925e-05,0.0,0.0,5.925e-05,5.925e-05,0.0,-0.0,-0.0,0.0,5.925e-05,5.925e-05,5.925e-05,5.925e-05,Uniaxial,0.039500001817941666
1.1679619299590121e-32,1792.2164306640625,1792.2164306640625,0.0,0.0,0.0,-0.00031125,6.225e-05,6.225e-05,0.0,-4.2351647e-22,-4.2351647e-22,0.0,0.0,0.0,0.0,0.0,0.0,2879062.5,-2879062.5,-2879062.5,2879062.5,2879062.5,-2879062.5,-2879062.5,2879062.5,-2.7102183e-11,-2.7348412e-11,0.0,0.0,-3.085925e-11,-3.110548e-11,0.0,0.0,2.8952617e-12,-1.2311483e-13,-2.8952617e-12,1.2311483e-13,0.0,0.0,0.0,0.0,-11516250.0,1.1641532e-10,0.0,0.0,-6.5292125e-12,-6.5292125e-12,-0.0,-0.00031125,-0.00031125,-0.0,-0.0,-0.00031125,-0.00031125,-0.0,-0.0,-0.0,6.225e-05,6.225e-05,0.0,0.0,6.225e-05,6.225e-05,-0.0,0.0,0.0,-0.0,6.225e-05,6.225e-05,6.225e-05,6.225e-05,Uniaxial,0.04149999842047691
6.674068276149208e-33,1969.1226806640625,1969.1226806640625,0.0,0.0,0.0,-0.00032625,6.525e-05,6.525e-05,0.0,-7.4115383e-22,5.293956e-22,0.0,0.0,0.0,0.0,0.0,0.0,3017812.5,-3017812.5,-3017812.5,3017812.5,3017812.5,-3017812.5,-3017812.5,3017812.5,2.730968e-11,2.7063452e-11,0.0,0.0,3.114421e-11,3.089798e-11,0.0,0.0,5.699219e-13,-4.8969093e-12,-5.699219e-13,4.8969093e-12,0.0,0.0,0.0,0.0,-12071250.0,-1.1641532e-10,0.0,0.0,-1.1426121e-11,8.161516e-12,0.0,-0.00032625,-0.00032625,0.0,0.0,-0.00032625,-0.00032625,0.0,0.0,0.0,6.525e-05,6.525e-05,-0.0,-0.0,6.525e-05,6.525e-05,0.0,-0.0,-0.0,0.0,6.525e-05,6.525e-05,6.525e-05,6.525e-05,Uniaxial,0.04349999874830246
9.17684342052768e-33,2154.35400390625,2154.35400390625,0.0,0.0,0.0,-0.00034125,6.825e-05,6.825e-05,0.0,8.4703295e-22,-2.1175824e-22,0.0,0.0,0.0,0.0,0.0,0.0,3156562.5,-3156562.5,-3156562.5,3156562.5,3156562.5,-3156562.5,-3156562.5,3156562.5,-8.6125995e-11,-8.637222e-11,0.0,0.0,-8.825076e-11,-8.849699e-11,0.0,0.0,-1.1911e-10,-1.1258079e-10,-1.1372064e-10,-1.2024985e-10,0.0,0.0,0.0,0.0,-12626250.0,3.4924597e-10,4.656613e-10,0.0,1.3058425e-11,-3.2646063e-12,-0.0,-0.00034125,-0.00034125,-0.0,-0.0,-0.00034125,-0.00034125,-0.0,0.0,0.0,6.825e-05,6.825e-05,0.0,0.0,6.825e-05,6.825e-05,0.0,0.0,0.0,0.0,6.825e-05,6.825e-05,6.825e-05,6.825e-05,Uniaxial,0.045499999076128006
9.17684342052768e-33,2347.91015625,2347.91015625,0.0,0.0,0.0,-0.00035625,7.125e-05,7.125e-05,0.0,-4.2351647e-22,-3.1763736e-22,0.0,0.0,0.0,0.0,0.0,0.0,3295312.5,-3295312.5,-3295312.5,3295312.5,3295312.5,-3295312.5,-3295312.5,3295312.5,1.1763955e-10,1.1739332e-10,0.0,0.0,1.15437326e-10,1.1519109e-10,0.0,0.0,1.1939497e-10,1.1637659e-10,1.1343568e-10,1.1645405e-10,0.0,0.0,0.0,0.0,-13181250.0,-4.656613e-10,-4.656613e-10,0.0,-6.5292125e-12,-4.8969093e-12,0.0,-0.00035625,-0.00035625,0.0,0.0,-0.00035625,-0.00035625,0.0,-0.0,-0.0,7.125e-05,7.125e-05,-0.0,-0.0,7.125e-05,7.125e-05,-0.0,-0.0,-0.0,-0.0,7.125e-05,7.125e-05,7.125e-05,7.125e-05,Uniaxial,0.04749999940395355
9.17684342052768e-33,2549.79150390625,2549.79150390625,0.0,0.0,0.0,-0.00037125,7.425e-05,7.425e-05,0.0,0.0,3.1763736e-22,0.0,0.0,0.0,0.0,0.0,0.0,3434062.5,-3434062.5,-3434062.5,3434062.5,3434062.5,-3434062.5,-3434062.5,3434062.5,1.1506798e-10,1.1482175e-10,0.0,0.0,1.180089e-10,1.1776266e-10,0.0,0.0,-1.470457e-12,-1.2242273e-12,1.470457e-12,1.2242273e-12,0.0,0.0,0.0,0.0,-13736250.0,-4.656613e-10,0.0,0.0,0.0,4.8969093e-12,-0.0,-0.00037125,-0.00037125,-0.0,-0.0,-0.00037125,-0.00037125,-0.0,0.0,0.0,7.425e-05,7.425e-05,0.0,0.0,7.425e-05,7.425e-05,0.0,0.0,0.0,0.0,7.425e-05,7.425e-05,7.425e-05,7.425e-05,Uniaxial,0.0494999997317791
6.674068276149208e-33,2759.99755859375,2759.99755859375,0.0,0.0,0.0,-0.00038625,7.725e-05,7.725e-05,-1.0587912e-22,2.1175824e-22,-3.1763736e-22,0.0,0.0,0.0,0.0,0.0,0.0,3572812.5,-3572812.5,-3572812.5,3572812.5,3572812.5,-3572812.5,-3572812.5,3572812.5,-5.657536e-11,-5.763774e-11,0.0,0.0,-5.877758e-11,-5.9839966e-11,0.0,0.0,1.6184611e-13,1.7941491e-12,-1.6184611e-13,-1.7941491e-12,0.0,0.0,0.0,0.0,-14291250.0,2.3283064e-10,0.0,-1.6323031e-12,3.2646063e-12,-4.8969093e-12,0.0,-0.00038625,-0.00038625,0.0,0.0,-0.00038625,-0.00038625,0.0,0.0,0.0,7.725e-05,7.725e-05,0.0,0.0,7.725e-05,7.725e-05,-0.0,-0.0,-0.0,-0.0,7.725e-05,7.725e-05,7.725e-05,7.725e-05,Uniaxial,0.051500000059604645
5.839809649795061e-33,2978.52880859375,2978.52880859375,0.0,0.0,0.0,-0.00040125,8.025e-05,8.025e-05,-1.0587912e-22,2.1175824e-22,2.1175824e-22,0.0,0.0,0.0,0.0,0.0,0.0,3711562.5,-3711562.5,-3711562.5,3711562.5,3711562.5,-3711562.5,-3711562.5,3711562.5,-2.963502e-11,-3.0697403e-11,0.0,0.0,-2.7510258e-11,-2.8572639e-11,0.0,0.0,-1.6323031e-12,-2.019484e-28,1.6323031e-12,2.019484e-28,0.0,0.0,0.0,0.0,-14846250.0,1.1641532e-10,0.0,-1.6323031e-12,3.2646063e-12,3.2646063e-12,-0.0,-0.00040125,-0.00040125,-0.0,-0.0,-0.00040125,-0.00040125,-0.0,-0.0,-0.0,8.025e-05,8.025e-05,-0.0,-0.0,8.025e-05,8.025e-05,0.0,0.0,-0.0,-0.0,8.025e-05,8.025e-05,8.025e-05,8.025e-05,Uniaxial,0.05350000038743019
6.674068276149208e-33,3205.38525390625,3205.38525390625,0.0,0.0,0.0,-0.00041625,8.325e-05,8.325e-05,3.1763736e-22,1.0587912e-22,-1.0587912e-22,0.0,0.0,0.0,0.0,0.0,0.0,3850312.5,-3850312.5,-3850312.5,3850312.5,3850312.5,-3850312.5,-3850312.5,3850312.5,2.828768e-11,3.0489902e-11,0.0,0.0,2.7717757e-11,2.9919983e-11,0.0,0.0,2.3258441e-10,2.3340058e-10,2.3307686e-10,2.3226072e-10,0.0,0.0,0.0,0.0,-15401250.0,-1.1641532e-10,-9.313226e-10,4.8969093e-12,1.6323031e-12,-1.6323031e-12,-0.0,-0.00041625,-0.00041625,-0.0,-0.0,-0.00041625,-0.00041625,-0.0,-0.0,-0.0,8.325e-05,8.325e-05,-0.0,-0.0,8.325e-05,8.325e-05,-0.0,-0.0,-0.0,-0.0,8.325e-05,8.325e-05,8.325e-05,8.325e-05,Uniaxial,0.05550000071525574
3.337034138074604e-33,3440.56640625,3440.56640625,0.0,0.0,0.0,-0.00043125,8.625e-05,8.625e-05,-5.293956e-22,0.0,-6.352747e-22,0.0,0.0,0.0,0.0,0.0,0.0,3989062.5,-3989062.5,-3989062.5,3989062.5,3989062.5,-3989062.5,-3989062.5,3989062.5,-8.282266e-11,-8.6903415e-11,0.0,0.0,-8.771957e-11,-9.1800324e-11,0.0,0.0,-1.142131e-10,-1.142131e-10,-1.1861755e-10,-1.1861755e-10,0.0,0.0,0.0,0.0,-15956250.0,3.4924597e-10,4.656613e-10,-8.161516e-12,0.0,-9.7938185e-12,0.0,-0.00043125,-0.00043125,0.0,0.0,-0.00043125,-0.00043125,0.0,0.0,0.0,8.625e-05,8.625e-05,0.0,0.0,8.625e-05,8.625e-05,0.0,0.0,0.0,0.0,8.625e-05,8.625e-05,8.625e-05,8.625e-05,Uniaxial,0.057500001043081284
1.7519428214701213e-32,3684.07275390625,3684.07275390625,0.0,0.0,0.0,-0.00044625,8.925e-05,8.925e-05,1.0587912e-22,0.0,6.352747e-22,0.0,0.0,0.0,0.0,0.0,0.0,4127812.5,-4127812.5,-4127812.5,4127812.5,4127812.5,-4127812.5,-4127812.5,4127812.5,-2.0695269e-10,-2.0613654e-10,0.0,0.0,-2.0131709e-10,-2.0050094e-10,0.0,0.0,-2.352791e-10,-2.3503288e-10,-2.3038219e-10,-2.3062842e-10,0.0,0.0,0.0,0.0,-16511250.0,8.1490725e-10,9.313226e-10,1.6323031e-12,0.0,9.7938185e-12,-0.0,-0.00044625,-0.00044625,-0.0,-0.0,-0.00044625,-0.00044625,-0.0,0.0,0.0,8.925e-05,8.925e-05,0.0,0.0,8.925e-05,8.925e-05,0.0,0.0,-0.0,-0.0,8.925e-05,8.925e-05,8.925e-05,8.925e-05,Uniaxial,0.05950000137090683
5.839809649795061e-33,3935.90380859375,3935.90380859375,0.0,0.0,0.0,-0.00046125,9.225e-05,9.225e-05,-1.0587912e-22,0.0,5.293956e-22,0.0,0.0,0.0,0.0,0.0,0.0,4266562.5,-4266562.5,-4266562.5,4266562.5,4266562.5,-4266562.5,-4266562.5,4266562.5,-1.4715146e-10,-1.4796761e-10,0.0,0.0,-1.430707e-10,-1.4388685e-10,0.0,0.0,-1.1882505e-10,-1.1857881e-10,-1.140056e-10,-1.1425183e-10,0.0,0.0,0.0,0.0,-17066250.0,5.820766e-10,4.656613e-10,-1.6323031e-12,0.0,8.161516e-12,0.0,-0.00046125,-0.00046125,0.0,0.0,-0.00046125,-0.00046125,0.0,-0.0,-0.0,9.225e-05,9.225e-05,-0.0,-0.0,9.225e-05,9.225e-05,-0.0,-0.0,-0.0,-0.0,9.225e-05,9.225e-05,9.225e-05,9.225e-05,Uniaxial,0.061500001698732376
7.508326902503355e-33,4196.06005859375,4196.06005859375,0.0,0.0,0.0,-0.00047625,9.525e-05,9.525e-05,2.1175824e-22,0.0,-3.1763736e-22,0.0,0.0,0.0,0.0,0.0,0.0,4405312.5,-4405312.5,-4405312.5,4405312.5,4405312.5,-4405312.5,-4405312.5,4405312.5,-1.4511108e-10,-1.43725e-10,0.0,0.0,-1.473133e-10,-1.4592723e-10,0.0,0.0,-1.15560436e-10,-1.1506798e-10,-1.1727021e-10,-1.1776266e-10,0.0,0.0,0.0,0.0,-17621250.0,5.820766e-10,4.656613e-10,3.2646063e-12,0.0,-4.8969093e-12,-0.0,-0.00047625,-0.00047625,-0.0,-0.0,-0.00047625,-0.00047625,-0.0,-0.0,-0.0,9.525e-05,9.525e-05,-0.0,-0.0,9.525e-05,9.525e-05,0.0,0.0,0.0,0.0,9.525e-05,9.525e-05,9.525e-05,9.525e-05,Uniaxial,0.06350000202655792
1.0011102046881827e-32,4464.54150390625,4464.54150390625,0.0,0.0,0.0,-0.00049125,9.825e-05,9.825e-05,-2.1175824e-22,1.0587912e-22,4.2351647e-22,0.0,0.0,0.0,0.0,0.0,0.0,4544062.5,-4544062.5,-4544062.5,4544062.5,4544062.5,-4544062.5,-4544062.5,4544062.5,-1.1735458e-10,-1.1923312e-10,0.0,0.0,-1.1359752e-10,-1.1547605e-10,0.0,0.0,-1.1857881e-10,-1.1727021e-10,-1.1425183e-10,-1.15560436e-10,0.0,0.0,0.0,0.0,-18176250.0,4.656613e-10,4.656613e-10,-3.2646063e-12,1.6323031e-12,6.5292125e-12,0.0,-0.00049125,-0.00049125,0.0,0.0,-0.00049125,-0.00049125,0.0,0.0,0.0,9.825e-05,9.825e-05,0.0,0.0,9.825e-05,9.825e-05,0.0,0.0,-0.0,-0.0,9.825e-05,9.825e-05,9.825e-05,9.825e-05,Uniaxial,0.06549999862909317
7.508326902503355e-33,4741.34765625,4741.34765625,0.0,0.0,0.0,-0.00050625,0.00010125,0.00010125,1.0587912e-22,5.293956e-22,-4.2351647e-22,0.0,0.0,0.0,0.0,0.0,0.0,4682812.5,-4682812.5,-4682812.5,4682812.5,4682812.5,-4682812.5,-4682812.5,4682812.5,5.943189e-11,6.000181e-11,0.0,0.0,5.6413513e-11,5.6983435e-11,0.0,0.0,-5.311906e-13,4.0420263e-12,5.311906e-13,-4.0420263e-12,0.0,0.0,0.0,0.0,-18731250.0,-2.3283064e-10,0.0,1.6323031e-12,8.161516e-12,-6.5292125e-12,-0.0,-0.00050625,-0.00050625,-0.0,-0.0,-0.00050625,-0.00050625,-0.0,-0.0,-0.0,0.00010125,0.00010125,-0.0,-0.0,0.00010125,0.00010125,-0.0,-0.0,-0.0,-0.0,0.00010125,0.00010125,0.00010125,0.00010125,Uniaxial,0.06750000268220901
6.674068276149208e-33,5026.47900390625,5026.47900390625,0.0,0.0,0.0,-0.00052125,0.00010425,0.00010425,-2.1175824e-22,1.0587912e-22,-1.0587912e-22,0.0,0.0,0.0,0.0,0.0,0.0,4821562.5,-4821562.5,-4821562.5,4821562.5,4821562.5,-4821562.5,-4821562.5,4821562.5,-5.686032e-11,-5.8738854e-11,0.0,0.0,-5.767647e-11,-5.9555e-11,0.0,0.0,-3.6934447e-13,9.392664e-13,3.6934447e-13,-9.392664e-13,0.0,0.0,0.0,0.0,-19286250.0,2.3283064e-10,0.0,-3.2646063e-12,1.6323031e-12,-1.6323031e-12,0.0,-0.00052125,-0.00052125,0.0,0.0,-0.00052125,-0.00052125,0.0,0.0,0.0,0.00010425,0.00010425,0.0,0.0,0.00010425,0.00010425,0.0,0.0,0.0,0.0,0.00010425,0.00010425,0.00010425,0.00010425,Uniaxial,0.06949999928474426
1.5850912431360857e-32,5319.93505859375,5319.93505859375,0.0,0.0,0.0,-0.00053625,0.00010725,0.00010725,1.0587912e-22,-5.293956e-22,2.1175824e-22,0.0,0.0,0.0,0.0,0.0,0.0,4960312.5,-4960312.5,-4960312.5,4960312.5,4960312.5,-4960312.5,-4960312.5,4960312.5,-5.9185656e-11,-5.861574e-11,0.0,0.0,-5.7799585e-11,-5.7229662e-11,0.0,0.0,2.3393176e-10,2.3058969e-10,2.3172952e-10,2.350716e-10,0.0,0.0,0.0,0.0,-19841250.0,2.3283064e-10,-9.313226e-10,1.6323031e-12,-8.161516e-12,3.2646063e-12,1e-45,-0.00053625,-0.00053625,1e-45,1e-45,-0.00053625,-0.00053625,1e-45,0.0,0.0,0.00010725,0.00010725,0.0,0.0,0.00010725,0.00010725,0.0,-0.0,-0.0,0.0,0.00010725,0.00010725,0.00010725,0.00010725,Uniaxial,0.07150000333786011
2.2524979972826096e-32,5621.71630859375,5621.71630859375,0.0,0.0,0.0,-0.00055125,0.00011025,0.00011025,-2.1175824e-22,3.1763736e-22,0.0,0.0,0.0,0.0,0.0,0.0,0.0,5099062.5,-5099062.5,-5099062.5,5099062.5,5099062.5,-5099062.5,-5099062.5,5099062.5,6.930367e-13,-1.185496e-12,0.0,0.0,1.185496e-12,-6.930367e-13,0.0,0.0,-2.3405486e-10,-2.3086773e-10,-2.3160641e-10,-2.3479357e-10,0.0,0.0,0.0,0.0,-20396250.0,0.0,9.313226e-10,-3.2646063e-12,4.8969093e-12,0.0,-1e-45,-0.00055125,-0.00055125,-1e-45,-1e-45,-0.00055125,-0.00055125,-1e-45,-0.0,-0.0,0.00011025,0.00011025,-0.0,-0.0,0.00011025,0.00011025,0.0,0.0,0.0,0.0,0.00011025,0.00011025,0.00011025,0.00011025,Uniaxial,0.07349999994039536
8.342585528857502e-33,5931.82275390625,5931.82275390625,0.0,0.0,0.0,-0.00056625,0.00011325,0.00011325,1.0587912e-22,2.1175824e-22,-2.1175824e-22,0.0,0.0,0.0,0.0,0.0,0.0,5237812.5,-5237812.5,-5237812.5,5237812.5,5237812.5,-5237812.5,-5237812.5,5237812.5,-5.743024e-11,-5.710655e-11,0.0,0.0,-5.930877e-11,-5.898508e-11,0.0,0.0,-3.6934447e-13,1.7554179e-12,3.6934447e-13,-1.7554179e-12,0.0,0.0,0.0,0.0,-20951250.0,2.3283064e-10,0.0,1.6323031e-12,3.2646063e-12,-3.2646063e-12,-0.0,-0.00056625,-0.00056625,-0.0,-0.0,-0.00056625,-0.00056625,-0.0,-0.0,-0.0,0.00011325,0.00011325,-0.0,-0.0,0.00011325,0.00011325,-0.0,-0.0,-0.0,-0.0,0.00011325,0.00011325,0.00011325,0.00011325,Uniaxial,0.0754999965429306
1.6685171057715004e-32,6250.25390625,6250.25390625,0.0,0.0,0.0,-0.00058125,0.00011625,0.00011625,2.1175824e-22,4.2351647e-22,0.0,0.0,0.0,0.0,0.0,0.0,0.0,5376562.5,-5376562.5,-5376562.5,5376562.5,5376562.5,-5376562.5,-5376562.5,5376562.5,1.7392994e-10,1.7506979e-10,0.0,0.0,1.7417617e-10,1.7531603e-10,0.0,0.0,2.3107523e-10,2.350785e-10,2.3458607e-10,2.3058276e-10,0.0,0.0,0.0,0.0,-21506250.0,-6.9849193e-10,-9.313226e-10,3.2646063e-12,6.5292125e-12,0.0,0.0,-0.00058125,-0.00058125,0.0,0.0,-0.00058125,-0.00058125,0.0,0.0,0.0,0.00011625,0.00011625,0.0,0.0,0.00011625,0.00011625,0.0,0.0,-0.0,-0.0,0.00011625,0.00011625,0.00011625,0.00011625,Uniaxial,0.07750000059604645
2.3359238599180243e-32,6577.01025390625,6577.01025390625,0.0,0.0,0.0,-0.00059625,0.00011925,0.00011925,-3.1763736e-22,-1.0587912e-22,3.1763736e-22,0.0,0.0,0.0,0.0,0.0,0.0,5515312.5,-5515312.5,-5515312.5,5515312.5,5515312.5,-5515312.5,-5515312.5,5515312.5,6.1557416e-13,-2.3253398e-12,0.0,0.0,2.3253398e-12,-6.1557416e-13,0.0,0.0,-1.4317257e-12,-1.5091883e-12,1.4317257e-12,1.5091883e-12,0.0,0.0,0.0,0.0,-22061250.0,0.0,0.0,-4.8969093e-12,-1.6323031e-12,4.8969093e-12,0.0,-0.00059625,-0.00059625,0.0,0.0,-0.00059625,-0.00059625,0.0,0.0,0.0,0.00011925,0.00011925,0.0,0.0,0.00011925,0.00011925,0.0,0.0,0.0,0.0,0.00011925,0.00011925,0.00011925,0.00011925,Uniaxial,0.0794999971985817
2.3359238599180243e-32,6912.09130859375,6912.09130859375,0.0,0.0,0.0,-0.00061125,0.00012225,0.00012225,-1.0587912e-22,-2.1175824e-22,-1.0587912e-22,0.0,0.0,0.0,0.0,0.0,0.0,5654062.5,-5654062.5,-5654062.5,5654062.5,5654062.5,-5654062.5,-5654062.5,5654062.5,1.1747771e-10,1.16169095e-10,0.0,0.0,1.1666156e-10,1.1535294e-10,0.0,0.0,-2.3160641e-10,-2.3274627e-10,-2.3405486e-10,-2.3291502e-10,0.0,0.0,0.0,0.0,-22616250.0,-4.656613e-10,9.313226e-10,-1.6323031e-12,-3.2646063e-12,-1.6323031e-12,1e-45,-0.00061125,-0.00061125,1e-45,1e-45,-0.00061125,-0.00061125,1e-45,-0.0,-0.0,0.00012225,0.00012225,-0.0,-0.0,0.00012225,0.00012225,0.0,-0.0,-0.0,0.0,0.00012225,0.00012225,0.00012225,0.00012225,Uniaxial,0.08150000125169754
3.670737368211072e-32,7255.49755859375,7255.49755859375,0.0,0.0,0.0,-0.00062625,0.00012525,0.00012525,0.0,-2.1175824e-22,0.0,0.0,0.0,0.0,0.0,0.0,0.0,5792812.5,-5792812.5,-5792812.5,5792812.5,5792812.5,-5792812.5,-5792812.5,5792812.5,-1.738843e-10,-1.7437675e-10,0.0,0.0,-1.7486922e-10,-1.7536167e-10,0.0,0.0,-2.3250696e-10,-2.336468e-10,-2.3315433e-10,-2.3201449e-10,0.0,0.0,0.0,0.0,-23171250.0,6.9849193e-10,9.313226e-10,0.0,-3.2646063e-12,0.0,-1e-45,-0.00062625,-0.00062625,-1e-45,-1e-45,-0.00062625,-0.00062625,-1e-45,0.0,0.0,0.00012525,0.00012525,0.0,0.0,0.00012525,0.00012525,-0.0,-0.0,-0.0,-0.0,0.00012525,0.00012525,0.00012525,0.00012525,Uniaxial,0.08349999785423279
4.6718477198360486e-32,7607.22900390625,7607.22900390625,0.0,0.0,0.0,-0.00064125,0.00012825,0.00012825,0.0,4.2351647e-22,2.1175824e-22,0.0,0.0,0.0,0.0,0.0,0.0,5931562.5,-5931562.5,-5931562.5,5931562.5,5931562.5,-5931562.5,-5931562.5,5931562.5,-5.877758e-11,-5.97625e-11,0.0,0.0,-5.665282e-11,-5.763774e-11,0.0,0.0,-2.3503288e-10,-2.3176826e-10,-2.3062842e-10,-2.3389302e-10,0.0,0.0,0.0,0.0,-23726250.0,2.3283064e-10,9.313226e-10,0.0,6.5292125e-12,3.2646063e-12,-0.0,-0.00064125,-0.00064125,-0.0,-0.0,-0.00064125,-0.00064125,-0.0,-0.0,-0.0,0.00012825,0.00012825,-0.0,-0.0,0.00012825,0.00012825,0.0,0.0,0.0,0.0,0.00012825,0.00012825,0.00012825,0.00012825,Uniaxial,0.08550000190734863
3.003330761001342e-32,7967.28515625,7967.28515625,0.0,0.0,0.0,-0.00065625,0.00013125,0.00013125,0.0,1.0587912e-22,-3.1763736e-22,0.0,0.0,0.0,0.0,0.0,0.0,6070312.5,-6070312.5,-6070312.5,6070312.5,6070312.5,-6070312.5,-6070312.5,6070312.5,1.1837824e-10,1.1739332e-10,0.0,0.0,1.15437326e-10,1.14452406e-10,0.0,0.0,8.1615156e-13,2.1247624e-12,-8.1615156e-13,-2.1247624e-12,0.0,0.0,0.0,0.0,-24281250.0,-4.656613e-10,0.0,0.0,1.6323031e-12,-4.8969093e-12,-0.0,-0.00065625,-0.00065625,-0.0,-0.0,-0.00065625,-0.00065625,-0.0,0.0,0.0,0.00013125,0.00013125,0.0,0.0,0.00013125,0.00013125,-0.0,-0.0,-0.0,-0.0,0.00013125,0.00013125,0.00013125,0.00013125,Uniaxial,0.08749999850988388
2.669627310459683e-32,8335.666015625,8335.666015625,0.0,0.0,0.0,-0.00067125,0.00013425,0.00013425,0.0,4.2351647e-22,-2.1175824e-22,0.0,0.0,0.0,0.0,0.0,0.0,6209062.5,-6209062.5,-6209062.5,6209062.5,6209062.5,-6209062.5,-6209062.5,6209062.5,-1.1486048e-10,-1.158454e-10,0.0,0.0,-1.1698524e-10,-1.1797016e-10,0.0,0.0,-1.0623812e-12,2.6946843e-12,1.0623812e-12,-2.6946843e-12,0.0,0.0,0.0,0.0,-24836250.0,4.656613e-10,0.0,0.0,6.5292125e-12,-3.2646063e-12,1e-45,-0.00067125,-0.00067125,1e-45,1e-45,-0.00067125,-0.00067125,1e-45,0.0,0.0,0.00013425,0.00013425,0.0,0.0,0.00013425,0.00013425,0.0,0.0,0.0,0.0,0.00013425,0.00013425,0.00013425,0.00013425,Uniaxial,0.08950000256299973
3.003330761001342e-32,8712.373046875,8712.373046875,0.0,0.0,0.0,-0.00068625,0.00013725,0.00013725,-5.293956e-22,-4.2351647e-22,-6.352747e-22,0.0,0.0,0.0,0.0,0.0,0.0,6347812.5,-6347812.5,-6347812.5,6347812.5,6347812.5,-6347812.5,-6347812.5,6347812.5,5.2275224e-12,1.6184611e-13,0.0,0.0,-1.6184611e-13,-5.2275224e-12,0.0,0.0,2.369114e-10,2.3413926e-10,2.2874988e-10,2.3152204e-10,0.0,0.0,0.0,0.0,-25391250.0,0.0,-9.313226e-10,-8.161516e-12,-6.5292125e-12,-9.7938185e-12,-1e-45,-0.00068625,-0.00068625,-1e-45,-1e-45,-0.00068625,-0.00068625,-1e-45,-0.0,-0.0,0.00013725,0.00013725,-0.0,-0.0,0.00013725,0.00013725,0.0,0.0,0.0,0.0,0.00013725,0.00013725,0.00013725,0.00013725,Uniaxial,0.09149999916553497
6.006661522002684e-32,9097.404296875,9097.404296875,0.0,0.0,0.0,-0.00070125,0.00014025,0.00014025,-1.0587912e-22,2.1175824e-22,4.2351647e-22,0.0,0.0,0.0,0.0,0.0,0.0,6486562.5,-6486562.5,-6486562.5,6486562.5,6486562.5,-6486562.5,-6486562.5,6486562.5,2.323451e-10,2.3054403e-10,0.0,0.0,2.3511726e-10,2.3331617e-10,0.0,0.0,-2.3503288e-10,-2.3241564e-10,-2.3062842e-10,-2.3324565e-10,0.0,0.0,0.0,0.0,-25946250.0,-9.313226e-10,9.313226e-10,-1.6323031e-12,3.2646063e-12,6.5292125e-12,-0.0,-0.00070125,-0.00070125,-0.0,-0.0,-0.00070125,-0.00070125,-0.0,-0.0,-0.0,0.00014025,0.00014025,-0.0,-0.0,0.00014025,0.00014025,0.0,-0.0,-0.0,0.0,0.00014025,0.00014025,0.00014025,0.00014025,Uniaxial,0.09350000321865082
9.677398890213756e-32,9490.759765625,9490.759765625,0.0,0.0,0.0,-0.00071625,0.00014325,0.00014325,1.0587912e-22,1.0587912e-22,1.0587912e-22,0.0,0.0,0.0,0.0,0.0,0.0,6625312.5,-6625312.5,-6625312.5,6625312.5,6625312.5,-6625312.5,-6625312.5,6625312.5,-1.7420798e-10,-1.7437675e-10,0.0,0.0,-1.7486922e-10,-1.7503798e-10,0.0,0.0,2.3201449e-10,2.3381555e-10,2.336468e-10,2.3184572e-10,0.0,0.0,0.0,0.0,-26501250.0,6.9849193e-10,-9.313226e-10,1.6323031e-12,1.6323031e-12,1.6323031e-12,0.0,-0.00071625,-0.00071625,0.0,0.0,-0.00071625,-0.00071625,0.0,0.0,0.0,0.00014325,0.00014325,0.0,0.0,0.00014325,0.00014325,-0.0,-0.0,-0.0,-0.0,0.00014325,0.00014325,0.00014325,0.00014325,Uniaxial,0.09549999982118607
9.677398890213756e-32,9892.44140625,9892.44140625,0.0,0.0,0.0,-0.00073125,0.00014625,0.00014625,1.0587912e-22,0.0,-4.2351647e-22,0.0,0.0,0.0,0.0,0.0,0.0,6764062.5,-6764062.5,-6764062.5,6764062.5,6764062.5,-6764062.5,-6764062.5,6764062.5,1.1887069e-10,1.1870194e-10,0.0,0.0,1.1412871e-10,1.13959946e-10,0.0,0.0,-2.3119834e-10,-2.3021342e-10,-2.3446295e-10,-2.3544786e-10,0.0,0.0,0.0,0.0,-27056250.0,-4.656613e-10,9.313226e-10,1.6323031e-12,0.0,-6.5292125e-12,1e-45,-0.00073125,-0.00073125,1e-45,1e-45,-0.00073125,-0.00073125,1e-45,-0.0,-0.0,0.00014625,0.00014625,-0.0,-0.0,0.00014625,0.00014625,0.0,0.0,0.0,0.0,0.00014625,0.00014625,0.00014625,0.00014625,Uniaxial,0.09749999642372131
6.006661522002684e-32,10302.447265625,10302.447265625,0.0,0.0,0.0,-0.00074625,0.00014925,0.00014925,-4.2351647e-22,4.2351647e-22,0.0,0.0,0.0,0.0,0.0,0.0,0.0,6902812.5,-6902812.5,-6902812.5,6902812.5,6902812.5,-6902812.5,-6902812.5,6902812.5,1.1927877e-10,1.1502925e-10,0.0,0.0,1.178014e-10,1.1355187e-10,0.0,0.0,-1.8785327e-12,2.370992e-12,1.8785327e-12,-2.370992e-12,0.0,0.0,0.0,0.0,-27611250.0,-4.656613e-10,0.0,-6.5292125e-12,6.5292125e-12,0.0,-1e-45,-0.00074625,-0.00074625,-1e-45,-1e-45,-0.00074625,-0.00074625,-1e-45,0.0,0.0,0.00014925,0.00014925,0.0,0.0,0.00014925,0.00014925,-0.0,-0.0,-0.0,-0.0,0.00014925,0.00014925,0.00014925,0.00014925,Uniaxial,0.09950000047683716
8.676288538588779e-32,10720.779296875,10720.779296875,0.0,0.0,0.0,-0.00076125,0.00015225,0.00015225,-2.1175824e-22,1.0587912e-22,0.0,0.0,0.0,0.0,0.0,0.0,0.0,7041562.5,-7041562.5,-7041562.5,7041562.5,7041562.5,-7041562.5,-7041562.5,7041562.5,-1.1436802e-10,-1.1698524e-10,0.0,0.0,-1.158454e-10,-1.1846261e-10,0.0,0.0,-2.329925e-10,-2.3119141e-10,-2.326688e-10,-2.3446986e-10,0.0,0.0,0.0,0.0,-28166250.0,4.656613e-10,9.313226e-10,-3.2646063e-12,1.6323031e-12,0.0,-1e-45,-0.00076125,-0.00076125,-1e-45,-1e-45,-0.00076125,-0.00076125,-1e-45,-0.0,-0.0,0.00015225,0.00015225,-0.0,-0.0,0.00015225,0.00015225,0.0,0.0,0.0,0.0,0.00015225,0.00015225,0.00015225,0.00015225,Uniaxial,0.1014999970793724
6.006661522002684e-32,11147.435546875,11147.435546875,0.0,0.0,0.0,-0.00077625,0.00015525,0.00015525,-1.0587912e-22,4.2351647e-22,-7.4115383e-22,0.0,0.0,0.0,0.0,0.0,0.0,7180312.5,-7180312.5,-7180312.5,7180312.5,7180312.5,-7180312.5,-7180312.5,7180312.5,3.527568e-10,3.5095574e-10,0.0,0.0,3.475362e-10,3.4573513e-10,0.0,0.0,1.470457e-12,5.7199818e-12,-1.470457e-12,-5.7199818e-12,0.0,0.0,0.0,0.0,-28721250.0,-1.3969839e-09,0.0,-1.6323031e-12,6.5292125e-12,-1.1426121e-11,1e-45,-0.00077625,-0.00077625,1e-45,1e-45,-0.00077625,-0.00077625,1e-45,-0.0,-0.0,0.00015525,0.00015525,0.0,0.0,0.00015525,0.00015525,-0.0,-0.0,-0.0,-0.0,0.00015525,0.00015525,0.00015525,0.00015525,Uniaxial,0.10350000113248825
8.676288538588779e-32,11582.416015625,11582.416015625,0.0,0.0,0.0,-0.00079125,0.00015825,0.00015825,-1.0587912e-22,0.0,-1.0587912e-22,0.0,0.0,0.0,0.0,0.0,0.0,7319062.5,-7319062.5,-7319062.5,7319062.5,7319062.5,-7319062.5,-7319062.5,7319062.5,-2.3078335e-10,-2.3258441e-10,0.0,0.0,-2.3307686e-10,-2.3487795e-10,0.0,0.0,-2.3217633e-10,-2.3119141e-10,-2.3348495e-10,-2.3446986e-10,0.0,0.0,0.0,0.0,-29276250.0,9.313226e-10,9.313226e-10,-1.6323031e-12,0.0,-1.6323031e-12,-1e-45,-0.00079125,-0.00079125,-1e-45,-1e-45,-0.00079125,-0.00079125,-1e-45,0.0,0.0,0.00015825,0.00015825,0.0,0.0,0.00015825,0.00015825,0.0,0.0,0.0,0.0,0.00015825,0.00015825,0.00015825,0.00015825,Uniaxial,0.1054999977350235
8.676288538588779e-32,12025.72265625,12025.72265625,0.0,0.0,0.0,-0.00080625,0.00016125,0.00016125,-1.0587912e-22,3.1763736e-22,-1.0587912e-22,0.0,0.0,0.0,0.0,0.0,0.0,7457812.5,-7457812.5,-7457812.5,7457812.5,7457812.5,-7457812.5,-7457812.5,7457812.5,-2.88991e-10,-2.9079208e-10,0.0,0.0,-2.9128452e-10,-2.930856e-10,0.0,0.0,-2.3340058e-10,-2.299672e-10,-2.3226072e-10,-2.356941e-10,0.0,0.0,0.0,0.0,-29831250.0,1.1641532e-09,9.313226e-10,-1.6323031e-12,4.8969093e-12,-1.6323031e-12,-0.0,-0.00080625,-0.00080625,-0.0,-0.0,-0.00080625,-0.00080625,-0.0,-0.0,-0.0,0.00016125,0.00016125,-0.0,-0.0,0.00016125,0.00016125,-0.0,-0.0,-0.0,-0.0,0.00016125,0.00016125,0.00016125,0.00016125,Uniaxial,0.10750000178813934
1.6351467313299758e-31,12477.353515625,12477.353515625,0.0,0.0,0.0,-0.00082125,0.00016425,0.00016425,-1.0587912e-22,0.0,-5.293956e-22,0.0,0.0,0.0,0.0,0.0,0.0,7596562.5,-7596562.5,-7596562.5,7596562.5,7596562.5,-7596562.5,-7596562.5,7596562.5,1.2009492e-10,1.1829386e-10,0.0,0.0,1.1453679e-10,1.1273572e-10,0.0,0.0,2.532838e-12,4.010216e-12,-2.532838e-12,-4.010216e-12,0.0,0.0,0.0,0.0,-30386250.0,-4.656613e-10,0.0,-1.6323031e-12,0.0,-8.161516e-12,-0.0,-0.00082125,-0.00082125,-0.0,-0.0,-0.00082125,-0.00082125,-0.0,-0.0,-0.0,0.00016425,0.00016425,-0.0,-0.0,0.00016425,0.00016425,-0.0,0.0,0.0,-0.0,0.00016425,0.00016425,0.00016425,0.00016425,Uniaxial,0.10949999839067459
1.8687390879344194e-31,12937.310546875,12937.310546875,0.0,0.0,0.0,-0.00083625,0.00016725,0.00016725,-2.1175824e-22,4.2351647e-22,-3.1763736e-22,0.0,0.0,0.0,0.0,0.0,0.0,7735312.5,-7735312.5,-7735312.5,7735312.5,7735312.5,-7735312.5,-7735312.5,7735312.5,1.7838697e-10,1.7576975e-10,0.0,0.0,1.7347622e-10,1.70859e-10,0.0,0.0,-1.6184611e-13,4.580138e-12,1.6184611e-13,-4.580138e-12,0.0,0.0,0.0,0.0,-30941250.0,-6.9849193e-10,0.0,-3.2646063e-12,6.5292125e-12,-4.8969093e-12,0.0,-0.00083625,-0.00083625,0.0,0.0,-0.00083625,-0.00083625,0.0,1e-45,1e-45,0.00016725,0.00016725,1e-45,1e-45,0.00016725,0.00016725,1e-45,0.0,0.0,0.0,0.00016725,0.00016725,0.00016725,0.00016725,Uniaxial,0.11150000244379044
1.5016653511133122e-31,13405.591796875,13405.591796875,0.0,0.0,0.0,-0.00085125,0.00017025,0.00017025,-2.1175824e-22,-3.1763736e-22,-3.1763736e-22,0.0,0.0,0.0,0.0,0.0,0.0,7874062.5,-7874062.5,-7874062.5,7874062.5,7874062.5,-7874062.5,-7874062.5,7874062.5,1.1968684e-10,1.1706963e-10,0.0,0.0,1.1576102e-10,1.1314379e-10,0.0,0.0,2.4484546e-12,1.9698373e-12,-2.4484546e-12,-1.9698373e-12,0.0,0.0,0.0,0.0,-31496250.0,-4.656613e-10,0.0,-3.2646063e-12,-4.8969093e-12,-4.8969093e-12,1e-45,-0.00085125,-0.00085125,1e-45,1e-45,-0.00085125,-0.00085125,1e-45,-0.0,-0.0,0.00017025,0.00017025,-0.0,-0.0,0.00017025,0.00017025,-0.0,-0.0,-0.0,-0.0,0.00017025,0.00017025,0.00017025,0.00017025,Uniaxial,0.11349999904632568
2.16907225219663e-31,13882.197265625,13882.197265625,0.0,0.0,0.0,-0.00086625,0.00017325,0.00017325,-2.1175824e-22,9.529121e-22,-2.1175824e-22,0.0,0.0,0.0,0.0,0.0,0.0,8012812.5,-8012812.5,-8012812.5,8012812.5,8012812.5,-8012812.5,-8012812.5,8012812.5,-1.7175954e-10,-1.7437675e-10,0.0,0.0,-1.7486922e-10,-1.7748643e-10,0.0,0.0,-2.3519472e-10,-2.2587951e-10,-2.3046658e-10,-2.3978178e-10,0.0,0.0,0.0,0.0,-32051250.0,6.9849193e-10,9.313226e-10,-3.2646063e-12,1.4690728e-11,-3.2646063e-12,-1e-45,-0.00086625,-0.00086625,-1e-45,-1e-45,-0.00086625,-0.00086625,-1e-45,0.0,0.0,0.00017325,0.00017325,0.0,0.0,0.00017325,0.00017325,-0.0,-0.0,-0.0,-0.0,0.00017325,0.00017325,0.00017325,0.00017325,Uniaxial,0.11550000309944153
2.0355908719799664e-31,14367.12890625,14367.12890625,0.0,0.0,0.0,-0.00088125,0.00017625,0.00017625,-1.0587912e-22,-1.0587912e-22,-2.1175824e-22,0.0,0.0,0.0,0.0,0.0,0.0,8151562.5,-8151562.5,-8151562.5,8151562.5,8151562.5,-8151562.5,-8151562.5,8151562.5,2.947835e-12,1.1467648e-12,0.0,0.0,-1.1467648e-12,-2.947835e-12,0.0,0.0,2.3405486e-10,2.3520855e-10,2.3160641e-10,2.3045273e-10,0.0,0.0,0.0,0.0,-32606250.0,0.0,-9.313226e-10,-1.6323031e-12,-1.6323031e-12,-3.2646063e-12,0.0,-0.00088125,-0.00088125,0.0,0.0,-0.00088125,-0.00088125,0.0,-0.0,-0.0,0.00017625,0.00017625,0.0,0.0,0.00017625,0.00017625,0.0,0.0,0.0,0.0,0.00017625,0.00017625,0.00017625,0.00017625,Uniaxial,0.11749999970197678
2.702997537964414e-31,14859.896484375,14802.1298828125,0.0,0.0,0.0,-0.00089625,0.00018039346,0.00018039346,-1.0587912e-22,-1.0587912e-22,2.1175824e-22,-1.7584429e-06,1.5078232e-06,1.5078232e-06,-3.2121068e-25,-3.2121068e-25,6.4242135e-25,8274112.0,-8274112.0,-8274112.0,8274112.0,8274112.0,-8274112.0,-8274112.0,8274112.0,162.83218,162.83218,0.0,0.0,162.83218,162.83218,0.0,0.0,162.83218,162.83218,162.83218,162.83218,0.0,0.0,0.0,0.0,-33096448.0,-651.32874,-651.32874,-1.627351e-12,-1.627351e-12,3.254702e-12,1.0229262e-32,-0.00089625,-0.00089625,1.0229262e-32,1.0229262e-32,-0.00089625,-0.00089625,1.0229262e-32,2.7168889e-33,2.7168889e-33,0.00018039346,0.00018039346,2.7168889e-33,2.7168889e-33,0.00018039346,0.00018039346,2.7168889e-33,2.7168889e-33,2.7168889e-33,2.7168889e-33,0.00018039346,0.00018039346,0.00018039346,0.00018039346,Uniaxial,0.11949999630451202
3.0033307022266245e-31,15358.30078125,15037.537109375,0.0,0.0,0.0,-0.00091125,0.00018860662,0.00018860662,-1.0587912e-22,3.1763736e-22,-2.1175824e-22,-9.673695e-06,8.294964e-06,8.294964e-06,-1.7364645e-24,3.9417774e-24,-2.205313e-24,8339599.5,-8339599.5,-8339599.5,8339599.5,8339599.5,-8339599.5,-8339599.5,8339599.5,46.264,46.264,0.0,0.0,46.264,46.264,0.0,0.0,46.264,46.264,46.264,46.264,0.0,0.0,0.0,0.0,-33358398.0,-185.056,-185.056,-1.6055325e-12,4.83614e-12,-3.2306076e-12,5.7033054e-33,-0.00091125,-0.00091125,5.7033054e-33,5.7033054e-33,-0.00091125,-0.00091125,5.7033054e-33,1.3995858e-33,1.3995858e-33,0.00018860662,0.00018860662,1.3995858e-33,1.3995858e-33,0.00018860662,0.00018860662,1.3995858e-33,1.3995858e-33,1.3995858e-33,1.3995858e-33,0.00018860662,0.00018860662,0.00018860662,0.00018860662,Uniaxial,0.12150000035762787
2.16907225219663e-31,15860.6494140625,15275.8046875,0.0,0.0,0.0,-0.00092625,0.00019679467,0.00019679467,-5.293956e-22,3.1763736e-22,1.4823077e-21,-1.755908e-05,1.5056494e-05,1.5056494e-05,-8.730172e-24,8.099566e-24,1.7470742e-23,8405391.0,-8405391.0,-8405391.0,8405391.0,8405391.0,-8405391.0,-8405391.0,8405391.0,0.11426367,0.11426367,0.0,0.0,0.11426367,0.11426367,0.0,0.0,0.11426366,0.11426366,0.11426366,0.11426366,0.0,0.0,0.0,0.0,-33621564.0,-0.45705467,-0.45705464,-8.0269255e-12,4.772041e-12,2.2582903e-11,-3.0577763e-34,-0.00092625,-0.00092625,-3.0577763e-34,-3.0577763e-34,-0.00092625,-0.00092625,-3.0577763e-34,-6.8497376e-35,-6.8497376e-35,0.00019679467,0.00019679467,-6.8497376e-35,-6.8497376e-35,0.00019679467,0.00019679467,-6.8497376e-35,-6.8497376e-35,-6.8497376e-35,-6.8497376e-35,0.00019679467,0.00019679467,0.00019679467,0.00019679467,Uniaxial,0.12349999696016312
1.5016653511133122e-31,16366.9521484375,15516.623046875,0.0,0.0,0.0,-0.00094125,0.000204966,0.000204966,-1.0587912e-22,3.1763736e-22,6.352747e-22,-2.5424488e-05,2.1800894e-05,2.1800894e-05,-1.0004712e-23,1.2160527e-23,2.5575981e-23,8471386.0,-8471386.0,-8471386.0,8471386.0,8471386.0,-8471386.0,-8471386.0,8471386.0,0.050360356,0.050360356,0.0,0.0,0.05036036,0.05036036,0.0,0.0,0.050360356,0.05036036,0.05036036,0.050360356,0.0,0.0,0.0,0.0,-33885544.0,-0.20144144,-0.20144144,-1.4780638e-12,4.7094342e-12,9.399522e-12,-2.036765e-34,-0.00094125,-0.00094125,-2.036765e-34,-2.036765e-34,-0.00094125,-0.00094125,-2.036765e-34,-4.5449074e-35,-4.5449074e-35,0.000204966,0.000204966,-4.5449074e-35,-4.5449074e-35,0.000204966,0.000204966,-4.5449074e-35,-4.5449074e-35,-4.5449074e-35,-4.5449074e-35,0.000204966,0.000204966,0.000204966,0.000204966,Uniaxial,0.12549999356269836
1.7018874214383075e-31,16877.21484375,15759.32421875,0.0,0.0,0.0,-0.00095625,0.0002131373,0.0002131373,-5.293956e-22,-1.0587912e-22,-2.3293406e-21,-3.3289893e-05,2.8545288e-05,2.8545288e-05,-1.6766833e-23,1.062373e-23,-5.0834556e-24,8537381.0,-8537381.0,-8537381.0,8537381.0,8537381.0,-8537381.0,-8537381.0,8537381.0,8.3940686e-09,8.389624e-09,0.0,0.0,8.374182e-09,8.369738e-09,0.0,0.0,1.0253955e-08,1.0255027e-08,1.0235142e-08,1.023407e-08,0.0,0.0,0.0,0.0,-34149524.0,-3.3527613e-08,-4.0978193e-08,-7.903026e-12,-1.7960855e-12,-3.58323e-11,-6.6812207e-38,-0.00095625,-0.00095625,-6.6812207e-38,-6.6812207e-38,-0.00095625,-0.00095625,-6.6812207e-38,-1.4870096e-38,-1.4870096e-38,0.0002131373,0.0002131373,-1.4870096e-38,-1.4870096e-38,0.0002131373,0.0002131373,-1.4870096e-38,-1.4870096e-38,-1.4870096e-38,-1.4870096e-38,0.0002131373,0.0002131373,0.0002131373,0.0002131373,Uniaxial,0.1274999976158142
2.0355908719799664e-31,17391.4375,16003.91015625,0.0,0.0,8.563230419894596e-13,-0.00097125,0.00022130861,0.00022130861,-1.0587912e-22,3.1763736e-22,1.9058241e-21,-4.1155272e-05,3.528966e-05,3.528966e-05,-1.7918228e-23,1.4590565e-23,1.9606836e-23,8603376.0,-8603376.0,-8603376.0,8603376.0,8603376.0,-8603376.0,-8603376.0,8603376.0,-0.00022916915,-0.00022916915,0.0,0.0,-0.00022916915,-0.00022916915,0.0,0.0,-0.00022916916,-0.00022916915,-0.00022916913,-0.00022916915,0.0,0.0,0.0,0.0,-34413504.0,0.0009166766,0.0009166766,-1.3560637e-12,4.671971e-12,2.9079184e-11,-2.3252e-37,-0.00097125,-0.00097125,-2.3252e-37,-2.3252e-37,-0.00097125,-0.00097125,-2.3252e-37,-5.175095e-38,-5.175095e-38,0.00022130861,0.00022130861,-5.175095e-38,-5.175095e-38,0.00022130861,0.00022130861,-5.175095e-38,-5.175095e-38,-5.175095e-38,-5.175095e-38,0.00022130861,0.00022130861,0.00022130861,0.00022130861,Uniaxial,0.12950000166893005
2.8364789181810775e-31,17909.62109375,16250.37890625,0.0,0.0,9.296516464626925e-13,-0.00098625,0.0002294799,0.0002294799,-5.293956e-22,-5.293956e-22,-3.1763736e-21,-4.902065e-05,4.2034037e-05,4.2034037e-05,-2.4477216e-23,7.614695e-24,-2.1377192e-23,8669371.0,-8669371.0,-8669371.0,8669371.0,8669371.0,-8669371.0,-8669371.0,8669371.0,-1.9775222e-05,-1.9775227e-05,0.0,0.0,-1.9775249e-05,-1.9775254e-05,0.0,0.0,-1.9775223e-05,-1.9775225e-05,-1.9775252e-05,-1.977525e-05,0.0,0.0,0.0,0.0,-34677484.0,7.910095e-05,7.910095e-05,-7.784158e-12,-8.278909e-12,-4.8639526e-11,-1.0078134e-38,-0.00098625,-0.00098625,-1.0078134e-38,-1.0078134e-38,-0.00098625,-0.00098625,-1.0078134e-38,-2.243046e-39,-2.243046e-39,0.0002294799,0.0002294799,-2.243046e-39,-2.243046e-39,0.0002294799,0.0002294799,-2.243046e-39,-2.243046e-39,-2.243046e-39,-2.243046e-39,0.0002294799,0.0002294799,0.0002294799,0.0002294799,Uniaxial,0.1315000057220459
2.536145989017737e-31,18431.763671875,16498.73046875,0.0,0.0,1.004839657661738e-12,-0.00100125,0.0002376512,0.0002376512,-1.0587912e-22,7.4115383e-22,2.3293406e-21,-5.688603e-05,4.877841e-05,4.877841e-05,-2.5513298e-23,1.6951158e-23,8.542669e-24,8735367.0,-8735367.0,-8735367.0,8735367.0,8735367.0,-8735367.0,-8735367.0,8735367.0,-2.043043e-05,-2.0430432e-05,0.0,0.0,-2.0430414e-05,-2.0430416e-05,0.0,0.0,-2.0430434e-05,-2.0430427e-05,-2.0430412e-05,-2.043042e-05,0.0,0.0,0.0,0.0,-34941468.0,8.172169e-05,8.172169e-05,-1.2389731e-12,1.1164791e-11,3.5778967e-11,-6.971439e-39,-0.00100125,-0.00100125,-6.971439e-39,-6.971439e-39,-0.00100125,-0.00100125,-6.971439e-39,-1.551602e-39,-1.551602e-39,0.0002376512,0.0002376512,-1.551602e-39,-1.551602e-39,0.0002376512,0.0002376512,-1.551603e-39,-1.551603e-39,-1.551603e-39,-1.551603e-39,0.0002376512,0.0002376512,0.0002376512,0.0002376512,Uniaxial,0.13349999487400055
3.070071274785521e-31,18957.865234375,16748.966796875,0.0,0.0,1.1142564735472371e-12,-0.00101625,0.0002458225,0.0002458225,-5.293956e-22,3.1763736e-22,-1.0587912e-21,-6.475141e-05,5.552278e-05,5.552278e-05,-3.1879213e-23,2.0749948e-23,-4.941744e-24,8801362.0,-8801362.0,-8801362.0,8801362.0,8801362.0,-8801362.0,-8801362.0,8801362.0,-2.9954586e-05,-2.995459e-05,0.0,0.0,-2.9954597e-05,-2.99546e-05,0.0,0.0,-2.9956453e-05,-2.9956449e-05,-2.995646e-05,-2.9956464e-05,0.0,0.0,0.0,0.0,-35205450.0,0.000119818375,0.000119825825,-7.670044e-12,4.577014e-12,-1.6246846e-11,-7.69994e-39,-0.00101625,-0.00101625,-7.69994e-39,-7.69994e-39,-0.00101625,-0.00101625,-7.69994e-39,-1.713743e-39,-1.713743e-39,0.0002458225,0.0002458225,-1.713742e-39,-1.713742e-39,0.0002458225,0.0002458225,-1.71374e-39,-1.71374e-39,-1.71374e-39,-1.71374e-39,0.0002458225,0.0002458225,0.0002458225,0.0002458225,Uniaxial,0.1354999989271164
2.1357018483677465e-31,19487.92578125,17001.0859375,0.0,0.0,1.2473348092248426e-12,-0.00103125,0.00025399379,0.00025399379,3.1763736e-22,-1.0587912e-22,-1.4823077e-21,-7.261679e-05,6.226715e-05,6.226715e-05,-2.7495965e-23,1.9161906e-23,-2.3469223e-23,8867357.0,-8867357.0,-8867357.0,8867357.0,8867357.0,-8867357.0,-8867357.0,8867357.0,-3.6707144e-05,-3.670714e-05,0.0,0.0,-3.6707155e-05,-3.670715e-05,0.0,0.0,-3.670714e-05,-3.670714e-05,-3.6707155e-05,-3.6707155e-05,0.0,0.0,0.0,0.0,-35469428.0,0.00014682859,0.00014682859,5.3208054e-12,-1.9277158e-12,-2.2490426e-11,-7.580638e-39,-0.00103125,-0.00103125,-7.58064e-39,-7.58064e-39,-0.00103125,-0.00103125,-7.58064e-39,-1.687187e-39,-1.687187e-39,0.00025399379,0.00025399379,-1.687187e-39,-1.687187e-39,0.00025399379,0.00025399379,-1.687191e-39,-1.687191e-39,-1.687191e-39,-1.687191e-39,0.00025399379,0.00025399379,0.00025399379,0.00025399379,Uniaxial,0.13750000298023224
2.803108514352194e-31,20021.947265625,17255.087890625,0.0,0.0,1.4014762657679758e-12,-0.00104625,0.0002621651,0.0002621651,-1.0587912e-22,-1.0587912e-22,-2.1175824e-22,-8.0482176e-05,6.901152e-05,6.901152e-05,-2.847179e-23,1.7605222e-23,-2.5813307e-23,8933352.0,-8933352.0,-8933352.0,8933352.0,8933352.0,-8933352.0,-8933352.0,8933352.0,-4.2833384e-05,-4.2833384e-05,0.0,0.0,-4.283339e-05,-4.283339e-05,0.0,0.0,-4.2833388e-05,-4.2833388e-05,-4.2833388e-05,-4.2833388e-05,0.0,0.0,0.0,0.0,-35733410.0,0.00017133355,0.00017133355,-1.193363e-12,-1.903717e-12,-2.866651e-12,-7.403721e-39,-0.00104625,-0.00104625,-7.403721e-39,-7.403721e-39,-0.00104625,-0.00104625,-7.403721e-39,-1.647815e-39,-1.647815e-39,0.0002621651,0.0002621651,-1.647815e-39,-1.647815e-39,0.0002621651,0.0002621651,-1.64781e-39,-1.64781e-39,-1.647812e-39,-1.647812e-39,0.0002621651,0.0002621651,0.0002621651,0.0002621651,Uniaxial,0.13950000703334808
2.1357018483677465e-31,20559.927734375,17510.974609375,0.0,0.0,1.5752933896565069e-12,-0.00106125,0.00027033637,0.00027033637,-5.293956e-22,7.4115383e-22,2.1175824e-22,-8.834755e-05,7.5755896e-05,7.5755896e-05,-3.466282e-23,2.6547722e-23,-2.2877107e-23,8999348.0,-8999348.0,-8999348.0,8999348.0,8999348.0,-8999348.0,-8999348.0,8999348.0,-4.865834e-05,-4.865835e-05,0.0,0.0,-4.865834e-05,-4.865835e-05,0.0,0.0,-4.865835e-05,-4.865834e-05,-4.865834e-05,-4.865835e-05,0.0,0.0,0.0,0.0,-35997390.0,0.00019463338,0.00019463338,-7.62713e-12,1.10168446e-11,3.6172948e-12,-7.239956e-39,-0.00106125,-0.00106125,-7.239956e-39,-7.239956e-39,-0.00106125,-0.00106125,-7.239956e-39,-1.611364e-39,-1.611364e-39,0.00027033637,0.00027033637,-1.611364e-39,-1.611364e-39,0.00027033637,0.00027033637,-1.611366e-39,-1.611366e-39,-1.611366e-39,-1.611366e-39,0.00027033637,0.00027033637,0.00027033637,0.00027033637,Uniaxial,0.14149999618530273
1.4682949472844288e-31,21101.869140625,17768.744140625,0.0,0.0,1.7673844159016294e-12,-0.00107625,0.00027850768,0.00027850768,-1.0587912e-22,-1.0587912e-22,-1.0587912e-21,-9.6212934e-05,8.2500264e-05,8.2500264e-05,-3.553667e-23,2.4922798e-23,-3.558814e-23,9065343.0,-9065343.0,-9065343.0,9065343.0,9065343.0,-9065343.0,-9065343.0,9065343.0,-5.416758e-05,-5.416758e-05,0.0,0.0,-5.4167587e-05,-5.4167587e-05,0.0,0.0,-5.416758e-05,-5.416758e-05,-5.4167587e-05,-5.4167587e-05,0.0,0.0,0.0,0.0,-36261372.0,0.00021667033,0.00021667033,-1.0844461e-12,-2.0165295e-12,-1.577438e-11,-7.082394e-39,-0.00107625,-0.00107625,-7.082394e-39,-7.082394e-39,-0.00107625,-0.00107625,-7.082394e-39,-1.576298e-39,-1.576298e-39,0.00027850768,0.00027850768,-1.576298e-39,-1.576298e-39,0.00027850768,0.00027850768,-1.576295e-39,-1.576295e-39,-1.576295e-39,-1.576295e-39,0.00027850768,0.00027850768,0.00027850768,0.00027850768,Uniaxial,0.14350000023841858
2.6696273692344007e-31,21647.76953125,18028.396484375,0.0,0.0,1.976389538138612e-12,-0.00109125,0.00028667896,0.00028667896,3.1763736e-22,-5.293956e-22,-1.0587912e-21,-0.00010407832,8.924463e-05,8.924463e-05,-3.1234036e-23,1.8169674e-23,-4.805357e-23,9131338.0,-9131338.0,-9131338.0,9131338.0,9131338.0,-9131338.0,-9131338.0,9131338.0,-5.9365757e-05,-5.9365753e-05,0.0,0.0,-5.9365768e-05,-5.9365764e-05,0.0,0.0,-5.936715e-05,-5.9367154e-05,-5.9367165e-05,-5.936716e-05,0.0,0.0,0.0,0.0,-36525350.0,0.00023746304,0.00023746863,5.378434e-12,-8.441631e-12,-1.5582206e-11,-6.929264e-39,-0.00109125,-0.00109125,-6.929264e-39,-6.929264e-39,-0.00109125,-0.00109125,-6.929264e-39,-1.542214e-39,-1.542214e-39,0.00028667896,0.00028667896,-1.542214e-39,-1.542214e-39,0.00028667896,0.00028667896,-1.542217e-39,-1.542217e-39,-1.542217e-39,-1.542217e-39,0.00028667896,0.00028667896,0.00028667896,0.00028667896,Uniaxial,0.14550000429153442
3.070071274785521e-31,22197.62890625,18289.93359375,0.0,0.0,2.201039914564995e-12,-0.00110625,0.00029485027,0.00029485027,-1.0587912e-22,-1.0587912e-22,6.352747e-22,-0.00011194369,9.5989e-05,9.5989e-05,-3.2136972e-23,1.6669131e-23,-3.9787762e-23,9197333.0,-9197333.0,-9197333.0,9197333.0,9197333.0,-9197333.0,-9197333.0,9197333.0,-6.427243e-05,-6.427243e-05,0.0,0.0,-6.427243e-05,-6.427243e-05,0.0,0.0,-6.427057e-05,-6.427057e-05,-6.427057e-05,-6.427057e-05,0.0,0.0,0.0,0.0,-36789332.0,0.00025708973,0.00025708228,-1.1368581e-12,-1.8892856e-12,1.0407213e-11,-6.780454e-39,-0.00110625,-0.00110625,-6.780454e-39,-6.780454e-39,-0.00110625,-0.00110625,-6.780454e-39,-1.509095e-39,-1.509095e-39,0.00029485027,0.00029485027,-1.509095e-39,-1.509095e-39,0.00029485027,0.00029485027,-1.509096e-39,-1.509096e-39,-1.509096e-39,-1.509096e-39,0.00029485027,0.00029485027,0.00029485027,0.00029485027,Uniaxial,0.14749999344348907
3.070071274785521e-31,22751.44921875,18553.353515625,0.0,0.0,2.4401505122062517e-12,-0.00112125,0.00030302154,0.00030302154,-1.0587912e-22,3.1763736e-22,-1.0587912e-21,-0.000119809076,0.00010273337,0.00010273337,-3.3022708e-23,2.0284135e-23,-5.2027267e-23,9263329.0,-9263329.0,-9263329.0,9263329.0,9263329.0,-9263329.0,-9263329.0,9263329.0,-6.88997e-05,-6.88997e-05,0.0,0.0,-6.889972e-05,-6.889972e-05,0.0,0.0,-6.88997e-05,-6.88997e-05,-6.889972e-05,-6.889972e-05,0.0,0.0,0.0,0.0,-37053316.0,0.00027559884,0.00027559884,-1.123203e-12,4.5841954e-12,-1.5520944e-11,-6.635845e-39,-0.00112125,-0.00112125,-6.635845e-39,-6.635845e-39,-0.00112125,-0.00112125,-6.635845e-39,-1.476913e-39,-1.476913e-39,0.00030302154,0.00030302154,-1.476913e-39,-1.476913e-39,0.00030302154,0.00030302154,-1.476908e-39,-1.476908e-39,-1.476908e-39,-1.476908e-39,0.00030302154,0.00030302154,0.00030302154,0.00030302154,Uniaxial,0.14949999749660492
2.9365898945688576e-31,23309.228515625,18818.65625,0.0,0.0,2.692604169143853e-12,-0.00113625,0.00031119285,0.00031119285,3.1763736e-22,3.1763736e-22,-2.1175824e-22,-0.00012767446,0.00010947773,0.00010947773,-2.884028e-23,2.3830754e-23,-5.3932426e-23,9329324.0,-9329324.0,-9329324.0,9329324.0,9329324.0,-9329324.0,-9329324.0,9329324.0,-7.326156e-05,-7.326156e-05,0.0,0.0,-7.326156e-05,-7.326156e-05,0.0,0.0,-7.3262956e-05,-7.3262956e-05,-7.3262956e-05,-7.3262956e-05,0.0,0.0,0.0,0.0,-37317296.0,0.00029304624,0.00029305182,5.34153e-12,4.5295183e-12,-2.4331479e-12,-6.495314e-39,-0.00113625,-0.00113625,-6.495314e-39,-6.495314e-39,-0.00113625,-0.00113625,-6.495314e-39,-1.445633e-39,-1.445633e-39,0.00031119285,0.00031119285,-1.445633e-39,-1.445633e-39,0.00031119285,0.00031119285,-1.445634e-39,-1.445634e-39,-1.445634e-39,-1.445634e-39,0.00031119285,0.00031119285,0.00031119285,0.00031119285,Uniaxial,0.15150000154972076
2.6696273692344007e-31,23870.96875,19085.841796875,0.0,0.0,2.9573481250683153e-12,-0.00115125,0.00031936413,0.00031936413,3.1763736e-22,-5.293956e-22,-6.352747e-22,-0.00013553984,0.0001162221,0.0001162221,-2.4736425e-23,1.7278062e-23,-6.0818134e-23,9395319.0,-9395319.0,-9395319.0,9395319.0,9395319.0,-9395319.0,-9395319.0,9395319.0,-7.737428e-05,-7.737427e-05,0.0,0.0,-7.737429e-05,-7.737428e-05,0.0,0.0,-7.737241e-05,-7.737242e-05,-7.7372424e-05,-7.737242e-05,0.0,0.0,0.0,0.0,-37581276.0,0.00030949712,0.00030948967,5.2782626e-12,-8.427885e-12,-8.856206e-12,-6.358722e-39,-0.00115125,-0.00115125,-6.358722e-39,-6.358722e-39,-0.00115125,-0.00115125,-6.358722e-39,-1.415232e-39,-1.415232e-39,0.00031936413,0.00031936413,-1.415232e-39,-1.415232e-39,0.00031936413,0.00031936413,-1.415233e-39,-1.415233e-39,-1.415233e-39,-1.415233e-39,0.00031936413,0.00031936413,0.00031936413,0.00031936413,Uniaxial,0.1535000056028366
4.271403696735493e-31,24436.66796875,19354.912109375,0.0,0.0,3.2333964065239806e-12,-0.00116625,0.00032753544,0.00032753544,7.4115383e-22,-1.0587912e-22,6.352747e-22,-0.00014340521,0.00012296646,0.00012296646,-1.5727367e-23,1.582938e-23,-5.2630095e-23,9461314.0,-9461314.0,-9461314.0,9461314.0,9461314.0,-9461314.0,-9461314.0,9461314.0,-8.124486e-05,-8.1244856e-05,0.0,0.0,-8.1244856e-05,-8.124485e-05,0.0,0.0,-8.124299e-05,-8.124299e-05,-8.124299e-05,-8.124299e-05,0.0,0.0,0.0,0.0,-37845256.0,0.00032497942,0.00032497197,1.1668585e-11,-1.8763394e-12,1.0605199e-11,-6.22591e-39,-0.00116625,-0.00116625,-6.22591e-39,-6.22591e-39,-0.00116625,-0.00116625,-6.22591e-39,-1.385674e-39,-1.385674e-39,0.00032753544,0.00032753544,-1.385674e-39,-1.385674e-39,0.00032753544,0.00032753544,-1.385673e-39,-1.385673e-39,-1.385673e-39,-1.385673e-39,0.00032753544,0.00032753544,0.00032753544,0.00032753544,Uniaxial,0.15549999475479126
1.2013323044005368e-31,25006.326171875,19625.865234375,0.0,0.0,3.5198298269090156e-12,-0.00118125,0.00033570672,0.00033570672,3.1763736e-22,-9.529121e-22,1.0587912e-21,-0.0001512706,0.00012971084,0.00012971084,-1.1832889e-23,4.5122244e-24,-3.9646104e-23,9527309.0,-9527309.0,-9527309.0,9527309.0,9527309.0,-9527309.0,-9527309.0,9527309.0,-8.48882e-05,-8.488819e-05,0.0,0.0,-8.488819e-05,-8.488818e-05,0.0,0.0,-8.488819e-05,-8.48882e-05,-8.488819e-05,-8.488818e-05,0.0,0.0,0.0,0.0,-38109236.0,0.00033955276,0.00033955276,5.079333e-12,-1.4760292e-11,1.6934242e-11,-6.09677e-39,-0.00118125,-0.00118125,-6.09677e-39,-6.09677e-39,-0.00118125,-0.00118125,-6.09677e-39,-1.35693e-39,-1.35693e-39,0.00033570672,0.00033570672,-1.35693e-39,-1.35693e-39,0.00033570672,0.00033570672,-1.35693e-39,-1.35693e-39,-1.35693e-39,-1.35693e-39,0.00033570672,0.00033570672,0.00033570672,0.00033570672,Uniaxial,0.1574999988079071
1.2013323044005368e-31,25579.9453125,19898.701171875,0.0,0.0,3.81577755503848e-12,-0.00119625,0.000343878,0.000343878,-5.293956e-22,-5.293956e-22,-6.352747e-22,-0.00015913598,0.0001364552,0.0001364552,-1.7838116e-23,-1.682652e-24,-4.6557122e-23,9593305.0,-9593305.0,-9593305.0,9593305.0,9593305.0,-9593305.0,-9593305.0,9593305.0,-8.831405e-05,-8.831406e-05,0.0,0.0,-8.831406e-05,-8.831407e-05,0.0,0.0,-8.831405e-05,-8.831406e-05,-8.831407e-05,-8.831406e-05,0.0,0.0,0.0,0.0,-38373220.0,0.00035325624,0.00035325624,-7.886511e-12,-8.135575e-12,-9.076063e-12,-5.971181e-39,-0.00119625,-0.00119625,-5.971181e-39,-5.971181e-39,-0.00119625,-0.00119625,-5.971181e-39,-1.328979e-39,-1.328979e-39,0.000343878,0.000343878,-1.328979e-39,-1.328979e-39,0.000343878,0.000343878,-1.328979e-39,-1.328979e-39,-1.328979e-39,-1.328979e-39,0.000343878,0.000343878,0.000343878,0.000343878,Uniaxial,0.15950000286102295
6.674068423086002e-32,26157.5234375,20173.421875,0.0,0.0,4.120421885633885e-12,-0.00121125,0.0003520493,0.0003520493,-5.293956e-22,-5.293956e-22,-1.0587912e-21,-0.00016700136,0.00014319956,0.00014319956,-2.3733578e-23,-7.764298e-24,-5.822265e-23,9659300.0,-9659300.0,-9659300.0,9659300.0,9659300.0,-9659300.0,-9659300.0,9659300.0,-9.153643e-05,-9.1536436e-05,0.0,0.0,-9.1536436e-05,-9.153644e-05,0.0,0.0,-9.1534566e-05,-9.153457e-05,-9.153458e-05,-9.153457e-05,0.0,0.0,0.0,0.0,-38637200.0,0.00036614574,0.0003661383,-7.795623e-12,-8.0418155e-12,-1.5425432e-11,-5.849009e-39,-0.00121125,-0.00121125,-5.849009e-39,-5.849009e-39,-0.00121125,-0.00121125,-5.849009e-39,-1.301788e-39,-1.301788e-39,0.0003520493,0.0003520493,-1.301788e-39,-1.301788e-39,0.0003520493,0.0003520493,-1.301788e-39,-1.301788e-39,-1.301788e-39,-1.301788e-39,0.0003520493,0.0003520493,0.0003520493,0.0003520493,Uniaxial,0.1615000069141388
1.2013323044005368e-31,26739.060546875,20450.025390625,0.0,0.0,4.432996938280587e-12,-0.00122625,0.00036022058,0.00036022058,-1.0587912e-22,-1.0587912e-22,-2.1175824e-22,-0.00017486674,0.00014994392,0.00014994392,-2.4673916e-23,-8.88744e-24,-5.9980206e-23,9725295.0,-9725295.0,-9725295.0,9725295.0,9725295.0,-9725295.0,-9725295.0,9725295.0,-9.4560906e-05,-9.4560906e-05,0.0,0.0,-9.4560906e-05,-9.4560906e-05,0.0,0.0,-9.4559044e-05,-9.4559044e-05,-9.4559044e-05,-9.4559044e-05,0.0,0.0,0.0,0.0,-38901180.0,0.00037824363,0.00037823617,-1.2519135e-12,-1.4952884e-12,-2.3399113e-12,-5.73015e-39,-0.00122625,-0.00122625,-5.73015e-39,-5.73015e-39,-0.00122625,-0.00122625,-5.73015e-39,-1.275333e-39,-1.275333e-39,0.00036022058,0.00036022058,-1.275333e-39,-1.275333e-39,0.00036022058,0.00036022058,-1.275336e-39,-1.275336e-39,-1.275336e-39,-1.275336e-39,0.00036022058,0.00036022058,0.00036022058,0.00036022058,Uniaxial,0.16349999606609344
1.2013323044005368e-31,27324.55859375,20728.51171875,0.0,0.0,4.752786705863876e-12,-0.00124125,0.00036839186,0.00036839186,-1.0587912e-22,3.1763736e-22,1.0587912e-21,-0.00018273212,0.0001566883,0.0001566883,-2.5597295e-23,-5.174545e-24,-4.7258716e-23,9791290.0,-9791290.0,-9791290.0,9791290.0,9791290.0,-9791290.0,-9791290.0,9791290.0,-9.740004e-05,-9.740004e-05,0.0,0.0,-9.740004e-05,-9.740004e-05,0.0,0.0,-9.739819e-05,-9.739818e-05,-9.739817e-05,-9.739818e-05,0.0,0.0,0.0,0.0,-39165160.0,0.00038960017,0.00038959272,-1.2376781e-12,4.9766836e-12,1.7051603e-11,-5.614483e-39,-0.00124125,-0.00124125,-5.614483e-39,-5.614483e-39,-0.00124125,-0.00124125,-5.614483e-39,-1.249591e-39,-1.249591e-39,0.00036839186,0.00036839186,-1.249591e-39,-1.249591e-39,0.00036839186,0.00036839186,-1.24959e-39,-1.24959e-39,-1.24959e-39,-1.24959e-39,0.00036839186,0.00036839186,0.00036839186,0.00036839186,Uniaxial,0.1655000001192093
3.2035526550021847e-31,27914.015625,21008.8828125,0.0,0.0,5.079122018802895e-12,-0.00125625,0.00037656317,0.00037656317,3.1763736e-22,-5.293956e-22,-2.3293406e-21,-0.0001905975,0.00016343266,0.00016343266,-2.1720228e-23,-1.10959755e-23,-7.303637e-23,9857286.0,-9857286.0,-9857286.0,9857286.0,9857286.0,-9857286.0,-9857286.0,9857286.0,-0.00010006269,-0.00010006268,0.0,0.0,-0.00010006271,-0.0001000627,0.0,0.0,-0.00010006268,-0.00010006269,-0.00010006271,-0.0001000627,0.0,0.0,0.0,0.0,-39429144.0,0.00040025078,0.00040025078,5.231763e-12,-7.990452e-12,-3.478469e-11,-5.501918e-39,-0.00125625,-0.00125625,-5.501918e-39,-5.501918e-39,-0.00125625,-0.00125625,-5.501918e-39,-1.224537e-39,-1.224537e-39,0.00037656317,0.00037656317,-1.224537e-39,-1.224537e-39,0.00037656317,0.00037656317,-1.224537e-39,-1.224537e-39,-1.224537e-39,-1.224537e-39,0.00037656317,0.00037656317,0.00037656317,0.00037656317,Uniaxial,0.16750000417232513
3.2035526550021847e-31,28507.431640625,21291.13671875,0.0,0.0,5.411363197815877e-12,-0.00127125,0.00038473445,0.00038473445,-1.0587912e-22,-9.529121e-22,-1.0587912e-21,-0.00019846288,0.00017017702,0.00017017702,-2.2664608e-23,-2.1664467e-23,-8.409792e-23,9923281.0,-9923281.0,-9923281.0,9923281.0,9923281.0,-9923281.0,-9923281.0,9923281.0,-0.00010255537,-0.00010255537,0.0,0.0,-0.00010255539,-0.00010255539,0.0,0.0,-0.00010255351,-0.00010255352,-0.000102553524,-0.00010255352,0.0,0.0,0.0,0.0,-39693124.0,0.00041022152,0.00041021407,-1.2828904e-12,-1.4356734e-11,-1.5026522e-11,-5.392366e-39,-0.00127125,-0.00127125,-5.392366e-39,-5.392366e-39,-0.00127125,-0.00127125,-5.392366e-39,-1.200155e-39,-1.200155e-39,0.00038473445,0.00038473445,-1.200155e-39,-1.200155e-39,0.00038473445,0.00038473445,-1.200155e-39,-1.200155e-39,-1.200155e-39,-1.200155e-39,0.00038473445,0.00038473445,0.00038473445,0.00038473445,Uniaxial,0.16949999332427979
2.536145989017737e-31,29104.80859375,21575.2734375,0.0,0.0,5.74891176330361e-12,-0.00128625,0.00039290573,0.00039290573,-1.0587912e-22,-1.0587912e-22,1.0587912e-21,-0.00020632826,0.00017692138,0.00017692138,-2.3592291e-23,-2.2603298e-23,-7.135689e-23,9989276.0,-9989276.0,-9989276.0,9989276.0,9989276.0,-9989276.0,-9989276.0,9989276.0,-0.00010488788,-0.000104887884,0.0,0.0,-0.00010488787,-0.00010488788,0.0,0.0,-0.00010488788,-0.000104887884,-0.00010488788,-0.00010488787,0.0,0.0,0.0,0.0,-39957104.0,0.0004195515,0.0004195515,-1.2685886e-12,-1.2838356e-12,1.7423117e-11,-5.285671e-39,-0.00128625,-0.00128625,-5.285671e-39,-5.285671e-39,-0.00128625,-0.00128625,-5.285671e-39,-1.176408e-39,-1.176408e-39,0.00039290573,0.00039290573,-1.176408e-39,-1.176408e-39,0.00039290573,0.00039290573,-1.176408e-39,-1.176408e-39,-1.176408e-39,-1.176408e-39,0.00039290573,0.00039290573,0.00039290573,0.00039290573,Uniaxial,0.17149999737739563
2.26918322858441e-31,29706.03125,21845.21484375,0.0,0.0,5.74891176330361e-12,-0.00130125,0.00040132596,0.00040132596,-1.0587912e-22,3.1763736e-22,6.352747e-22,-0.00021459347,0.00018400859,0.00018400859,-2.4549826e-23,-1.8644065e-23,-6.313412e-23,10051645.0,-10051645.0,-10051645.0,10051645.0,10051645.0,-10051645.0,-10051645.0,10051645.0,179.18732,179.18732,0.0,0.0,179.18732,179.18732,0.0,0.0,179.18732,179.18732,179.18732,179.18732,0.0,0.0,0.0,0.0,-40206580.0,-716.74927,-716.74927,-1.2538266e-12,5.1843386e-12,1.0767136e-11,3.033015e-33,-0.00130125,-0.00130125,3.033015e-33,3.033015e-33,-0.00130125,-0.00130125,3.033015e-33,6.7504467e-34,6.7504467e-34,0.00040132596,0.00040132596,6.7504467e-34,6.7504467e-34,0.00040132596,0.00040132596,6.7504467e-34,6.7504467e-34,6.7504467e-34,6.7504467e-34,0.00040132596,0.00040132596,0.00040132596,0.00040132596,Uniaxial,0.17350000143051147
1.2013323044005368e-31,30310.392578125,22030.873046875,0.0,0.0,5.74891176330361e-12,-0.00131625,0.0004111534,0.0004111534,3.1763736e-22,3.1763736e-22,-6.352747e-22,-0.00022498559,0.00019291957,0.00019291957,-1.9578977e-23,-1.3759007e-23,-7.144544e-23,10094294.0,-10094294.0,-10094294.0,10094294.0,10094294.0,-10094294.0,-10094294.0,10094294.0,245.00421,245.00421,0.0,0.0,245.00421,245.00421,0.0,0.0,245.00421,245.00421,245.00421,245.00421,0.0,0.0,0.0,0.0,-40377176.0,-980.01685,-980.01685,5.1987516e-12,5.1090274e-12,-8.692368e-12,1.7548185e-32,-0.00131625,-0.00131625,1.7548185e-32,1.7548185e-32,-0.00131625,-0.00131625,1.7548185e-32,3.2366752e-33,3.2366752e-33,0.0004111534,0.0004111534,3.2366752e-33,3.2366752e-33,0.0004111534,0.0004111534,3.2366752e-33,3.2366752e-33,3.2366752e-33,3.2366752e-33,0.0004111534,0.0004111534,0.0004111534,0.0004111534,Uniaxial,0.17550000548362732
2.803108514352194e-31,30917.259765625,22209.068359375,0.0,0.0,5.74891176330361e-12,-0.00133125,0.0004211386,0.0004211386,-1.0587912e-22,-1.0587912e-22,-1.0587912e-21,-0.00023558117,0.00020200502,0.00020200502,-2.0851736e-23,-1.51176e-23,-8.600686e-23,10134938.0,-10134938.0,-10134938.0,10134938.0,10134938.0,-10134938.0,-10134938.0,10134938.0,2.4495714,2.4495714,0.0,0.0,2.4495714,2.4495714,0.0,0.0,2.4495714,2.4495714,2.4495714,2.4495714,0.0,0.0,0.0,0.0,-40539750.0,-9.7982855,-9.7982855,-1.3108388e-12,-1.3992401e-12,-1.4997092e-11,2.0037752e-33,-0.00133125,-0.00133125,2.0037752e-33,2.0037752e-33,-0.00133125,-0.00133125,2.0037752e-33,3.1069443e-34,3.1069443e-34,0.0004211386,0.0004211386,3.1069443e-34,3.1069443e-34,0.0004211386,0.0004211386,3.1069443e-34,3.1069443e-34,3.1069443e-34,3.1069443e-34,0.0004211386,0.0004211386,0.0004211386,0.0004211386,Uniaxial,0.17749999463558197
3.2035526550021847e-31,31526.62109375,22394.462890625,0.0,0.0,5.74891176330361e-12,-0.00134625,0.0004310003,0.0004310003,-1.0587912e-22,-5.293956e-22,-2.1175824e-22,-0.00024601753,0.00021095392,0.00021095392,-2.2082102e-23,-2.2559322e-23,-8.782651e-23,10177151.0,-10177151.0,-10177151.0,10177151.0,10177151.0,-10177151.0,-10177151.0,10177151.0,1.4226648,1.4226648,0.0,0.0,1.4226648,1.4226648,0.0,0.0,1.4226648,1.4226648,1.4226648,1.4226648,0.0,0.0,0.0,0.0,-40708604.0,-5.690659,-5.690659,-1.2918707e-12,-7.813726e-12,-1.910614e-12,-1.5735847e-33,-0.00134625,-0.00134625,-1.5735847e-33,-1.5735847e-33,-0.00134625,-0.00134625,-1.5735847e-33,-2.3566396e-34,-2.3566396e-34,0.0004310003,0.0004310003,-2.3566396e-34,-2.3566396e-34,0.0004310003,0.0004310003,-2.3566396e-34,-2.3566396e-34,-2.3566396e-34,-2.3566396e-34,0.0004310003,0.0004310003,0.0004310003,0.0004310003,Uniaxial,0.17949999868869781
4.137922081419959e-31,32138.517578125,22580.6171875,0.0,0.0,5.74891176330361e-12,-0.00136125,0.00044086223,0.00044086223,-5.293956e-22,-5.293956e-22,-6.352747e-22,-0.00025645414,0.00021990304,0.00021990304,-2.939335e-23,-2.986369e-23,-9.5716167e-23,10219362.0,-10219362.0,-10219362.0,10219362.0,10219362.0,-10219362.0,-10219362.0,10219362.0,0.0003101644,0.0003101644,0.0,0.0,0.0003101644,0.0003101644,0.0,0.0,0.0003101644,0.0003101644,0.0003101644,0.0003101644,0.0,0.0,0.0,0.0,-40877450.0,-0.0012406576,-0.0012406576,-7.708368e-12,-7.701117e-12,-8.318194e-12,2.630892e-36,-0.00136125,-0.00136125,2.630892e-36,2.630892e-36,-0.00136125,-0.00136125,2.630892e-36,3.9841704e-37,3.9841704e-37,0.00044086223,0.00044086223,3.9841704e-37,3.9841704e-37,0.00044086223,0.00044086223,3.9841704e-37,3.9841704e-37,3.9841704e-37,3.9841704e-37,0.00044086223,0.00044086223,0.00044086223,0.00044086223,Uniaxial,0.18150000274181366
5.205773123153268e-31,32752.9453125,22767.580078125,0.0,0.0,2.6357903706863972e-11,-0.00137625,0.0004507234,0.0004507234,3.1763736e-22,-5.293956e-22,-1.0587912e-21,-0.0002668898,0.00022885136,0.00022885136,-2.4412776e-23,-3.7032952e-23,-1.0953818e-22,10261582.0,-10261582.0,-10261582.0,10261582.0,10261582.0,-10261582.0,-10261582.0,10261582.0,-0.0049569984,-0.0049569984,0.0,0.0,-0.0049569984,-0.0049569984,0.0,0.0,-0.0049569984,-0.0049569984,-0.0049569984,-0.0049569984,0.0,0.0,0.0,0.0,-41046330.0,0.019827994,0.019827994,5.2732727e-12,-7.5905905e-12,-1.4634316e-11,-9.344113e-36,-0.00137625,-0.00137625,-9.344113e-36,-9.344113e-36,-0.00137625,-0.00137625,-9.344113e-36,-1.4150539e-36,-1.4150539e-36,0.0004507234,0.0004507234,-1.4150539e-36,-1.4150539e-36,0.0004507234,0.0004507234,-1.4150539e-36,-1.4150539e-36,-1.4150539e-36,-1.4150539e-36,0.0004507234,0.0004507234,0.0004507234,0.0004507234,Uniaxial,0.1835000067949295
6.80754968575323e-31,33369.90625,22955.314453125,0.0,0.0,2.6635225275351004e-11,-0.00139125,0.0004605846,0.0004605846,-1.0587912e-22,-5.293956e-22,6.352747e-22,-0.00027732548,0.00023779969,0.00023779969,-2.5577254e-23,-4.4070775e-23,-9.8891837e-23,10303802.0,-10303802.0,-10303802.0,10303802.0,10303802.0,-10303802.0,-10303802.0,10303802.0,-6.697979e-05,-6.697979e-05,0.0,0.0,-6.697979e-05,-6.697979e-05,0.0,0.0,-6.697979e-05,-6.6979796e-05,-6.697979e-05,-6.697978e-05,0.0,0.0,0.0,0.0,-41215210.0,0.00026791915,0.00026791915,-1.237987e-12,-7.482091e-12,1.1318401e-11,-7.21366e-38,-0.00139125,-0.00139125,-7.21366e-38,-7.21366e-38,-0.00139125,-0.00139125,-7.21366e-38,-1.0924222e-38,-1.0924222e-38,0.0004605846,0.0004605846,-1.0924222e-38,-1.0924222e-38,0.0004605846,0.0004605846,-1.0924222e-38,-1.0924222e-38,-1.0924222e-38,-1.0924222e-38,0.0004605846,0.0004605846,0.0004605846,0.0004605846,Uniaxial,0.18549999594688416
5.339254738468801e-31,33989.40234375,23143.8203125,0.0,0.0,2.6635225275351004e-11,-0.00140625,0.00047044575,0.00047044575,-5.293956e-22,-5.293956e-22,-1.0587912e-21,-0.00028776116,0.000246748,0.000246748,-3.2749857e-23,-5.0980098e-23,-1.1255743e-22,10346022.0,-10346022.0,-10346022.0,10346022.0,10346022.0,-10346022.0,-10346022.0,10346022.0,3.5878278e-05,3.5878275e-05,0.0,0.0,3.5878267e-05,3.5878264e-05,0.0,0.0,3.5878278e-05,3.587827e-05,3.5878264e-05,3.587827e-05,0.0,0.0,0.0,0.0,-41384090.0,-0.00014351308,-0.00014351308,-7.656622e-12,-7.375572e-12,-1.458777e-11,2.6982055e-38,-0.00140625,-0.00140625,2.6982055e-38,2.6982055e-38,-0.00140625,-0.00140625,2.6982055e-38,4.086108e-39,4.086108e-39,0.00047044575,0.00047044575,4.086108e-39,4.086108e-39,0.00047044575,0.00047044575,4.086108e-39,4.086108e-39,4.086108e-39,4.086108e-39,0.00047044575,0.00047044575,0.00047044575,0.00047044575,Uniaxial,0.1875
8.142363487919866e-31,34611.4296875,23333.095703125,0.0,0.0,2.66611923510629e-11,-0.00142125,0.00048030695,0.00048030695,-1.0587912e-22,-9.529121e-22,2.1175824e-22,-0.00029819683,0.0002556963,0.0002556963,-3.378679e-23,-6.376899e-23,-1.0795882e-22,10388242.0,-10388242.0,-10388242.0,10388242.0,10388242.0,-10388242.0,-10388242.0,10388242.0,-6.3232137e-06,-6.323215e-06,0.0,0.0,-6.323214e-06,-6.3232155e-06,0.0,0.0,-6.323208e-06,-6.3232187e-06,-6.3232214e-06,-6.3232105e-06,0.0,0.0,0.0,0.0,-41552970.0,2.5292858e-05,2.5292858e-05,-1.1114233e-12,-1.3707623e-11,4.9289713e-12,-3.65745e-39,-0.00142125,-0.00142125,-3.65745e-39,-3.65745e-39,-0.00142125,-0.00142125,-3.65745e-39,-5.53877e-40,-5.53877e-40,0.00048030695,0.00048030695,-5.53877e-40,-5.53877e-40,0.00048030695,0.00048030695,-5.53877e-40,-5.53877e-40,-5.53877e-40,-5.53877e-40,0.00048030695,0.00048030695,0.00048030695,0.00048030695,Uniaxial,0.18950000405311584
4.805329217602147e-31,35235.9921875,23523.142578125,0.0,0.0,2.670286214367934e-11,-0.00143625,0.0004901681,0.0004901681,-5.293956e-22,-1.0587912e-22,-1.4823077e-21,-0.0003086325,0.00026464462,0.00026464462,-4.0786207e-23,-6.436371e-23,-1.2736856e-22,10430462.0,-10430462.0,-10430462.0,10430462.0,10430462.0,-10430462.0,-10430462.0,10430462.0,-1.01891255e-05,-1.0189129e-05,0.0,0.0,-1.018914e-05,-1.0189144e-05,0.0,0.0,-1.0189126e-05,-1.0189131e-05,-1.0189143e-05,-1.0189138e-05,0.0,0.0,0.0,0.0,-41721850.0,4.075654e-05,4.075654e-05,-7.532728e-12,-6.400292e-13,-2.0888645e-11,-4.792875e-39,-0.00143625,-0.00143625,-4.792875e-39,-4.792875e-39,-0.00143625,-0.00143625,-4.792875e-39,-7.25824e-40,-7.25824e-40,0.0004901681,0.0004901681,-7.25824e-40,-7.25824e-40,0.0004901681,0.0004901681,-7.25824e-40,-7.25824e-40,-7.25824e-40,-7.25824e-40,0.0004901681,0.0004901681,0.0004901681,0.0004901681,Uniaxial,0.1914999932050705
8.542807393470986e-31,35863.0859375,23713.9609375,0.0,0.0,2.6748801090770158e-11,-0.00145125,0.0005000293,0.0005000293,-1.0587912e-22,-5.293956e-22,-2.3293406e-21,-0.00031906815,0.00027359294,0.00027359294,-4.170185e-23,-7.0905185e-23,-1.583431e-22,10472682.0,-10472682.0,-10472682.0,10472682.0,10472682.0,-10472682.0,-10472682.0,10472682.0,-1.127784e-05,-1.1277841e-05,0.0,0.0,-1.1277861e-05,-1.1277862e-05,0.0,0.0,-1.1275509e-05,-1.1275514e-05,-1.1275536e-05,-1.1275531e-05,0.0,0.0,0.0,0.0,-41890730.0,4.5111403e-05,4.510209e-05,-9.893995e-13,-7.0683936e-12,-3.3469547e-11,-4.473655e-39,-0.00145125,-0.00145125,-4.473655e-39,-4.473655e-39,-0.00145125,-0.00145125,-4.473655e-39,-6.77482e-40,-6.77482e-40,0.0005000293,0.0005000293,-6.77482e-40,-6.77482e-40,0.0005000293,0.0005000293,-6.77482e-40,-6.77482e-40,-6.77482e-40,-6.77482e-40,0.0005000293,0.0005000293,0.0005000293,0.0005000293,Uniaxial,0.19349999725818634
3.737478175868839e-31,36492.7109375,23905.548828125,0.0,0.0,2.680048544201341e-11,-0.00146625,0.0005098905,0.0005098905,-5.293956e-22,-9.529121e-22,-2.1175824e-22,-0.00032950382,0.00028254127,0.00028254127,-4.8534945e-23,-8.326302e-23,-1.590915e-22,10514902.0,-10514902.0,-10514902.0,10514902.0,10514902.0,-10514902.0,-10514902.0,10514902.0,-1.2739558e-05,-1.27395615e-05,0.0,0.0,-1.27395615e-05,-1.2739565e-05,0.0,0.0,-1.273816e-05,-1.2738169e-05,-1.2738169e-05,-1.273816e-05,0.0,0.0,0.0,0.0,-42059610.0,5.0958246e-05,5.0952658e-05,-7.413268e-12,-1.340709e-11,-8.1194556e-13,-4.372498e-39,-0.00146625,-0.00146625,-4.372498e-39,-4.372498e-39,-0.00146625,-0.00146625,-4.372498e-39,-6.62163e-40,-6.62163e-40,0.0005098905,0.0005098905,-6.62163e-40,-6.62163e-40,0.0005098905,0.0005098905,-6.62163e-40,-6.62163e-40,-6.62163e-40,-6.62163e-40,0.0005098905,0.0005098905,0.0005098905,0.0005098905,Uniaxial,0.19550000131130219
4.271403696735493e-31,37124.875,24097.908203125,0.0,0.0,2.6857864890428296e-11,-0.00148125,0.0005197517,0.0005197517,-1.0587912e-22,-1.0587912e-22,-2.1175824e-22,-0.0003399395,0.00029148956,0.00029148956,-4.933523e-23,-8.3578645e-23,-1.598265e-22,10557122.0,-10557122.0,-10557122.0,10557122.0,10557122.0,-10557122.0,-10557122.0,10557122.0,-1.4200338e-05,-1.4200339e-05,0.0,0.0,-1.4200343e-05,-1.4200344e-05,0.0,0.0,-1.4200339e-05,-1.4200341e-05,-1.4200343e-05,-1.4200341e-05,0.0,0.0,0.0,0.0,-42228490.0,5.6801364e-05,5.6801364e-05,-8.717183e-13,-3.43799e-13,-8.006142e-13,-4.297229e-39,-0.00148125,-0.00148125,-4.297229e-39,-4.297229e-39,-0.00148125,-0.00148125,-4.297229e-39,-6.50764e-40,-6.50764e-40,0.0005197517,0.0005197517,-6.50764e-40,-6.50764e-40,0.0005197517,0.0005197517,-6.50763e-40,-6.50763e-40,-6.50763e-40,-6.50763e-40,0.0005197517,0.0005197517,0.0005197517,0.0005197517,Uniaxial,0.19750000536441803
9.07673291433764e-31,37759.56640625,24291.0390625,0.0,0.0,2.692062545106566e-11,-0.00149625,0.0005296129,0.0005296129,-1.0587912e-22,-5.293956e-22,-2.1175824e-22,-0.00035037516,0.00030043788,0.00030043788,-5.0121243e-23,-8.977593e-23,-1.605484e-22,10599342.0,-10599342.0,-10599342.0,10599342.0,10599342.0,-10599342.0,-10599342.0,10599342.0,-1.5592666e-05,-1.5592666e-05,0.0,0.0,-1.559267e-05,-1.559267e-05,0.0,0.0,-1.5592661e-05,-1.5592668e-05,-1.5592675e-05,-1.5592668e-05,0.0,0.0,0.0,0.0,-42397370.0,6.237067e-05,6.237067e-05,-8.596006e-13,-6.7774696e-12,-7.894849e-13,-4.222159e-39,-0.00149625,-0.00149625,-4.222159e-39,-4.222159e-39,-0.00149625,-0.00149625,-4.222159e-39,-6.39394e-40,-6.39394e-40,0.0005296129,0.0005296129,-6.39394e-40,-6.39394e-40,0.0005296129,0.0005296129,-6.39396e-40,-6.39396e-40,-6.39396e-40,-6.39396e-40,0.0005296129,0.0005296129,0.0005296129,0.0005296129,Uniaxial,0.19949999451637268
2.6696273692344007e-31,38396.79296875,24484.94140625,0.0,0.0,2.6988473955658066e-11,-0.00151125,0.000539474,0.000539474,-1.0587912e-22,-1.3764285e-21,-2.1175824e-22,-0.00036081084,0.0003093862,0.0003093862,-5.0893298e-23,-1.0759167e-22,-1.6125748e-22,10641562.0,-10641562.0,-10641562.0,10641562.0,10641562.0,-10641562.0,-10641562.0,10641562.0,-1.692446e-05,-1.692446e-05,0.0,0.0,-1.692446e-05,-1.692446e-05,0.0,0.0,-1.6924452e-05,-1.6924465e-05,-1.6924467e-05,-1.6924454e-05,0.0,0.0,0.0,0.0,-42566250.0,6.769784e-05,6.769784e-05,-8.4769805e-13,-1.9561235e-11,-7.785532e-13,-4.148847e-39,-0.00151125,-0.00151125,-4.148847e-39,-4.148847e-39,-0.00151125,-0.00151125,-4.148847e-39,-6.28293e-40,-6.28293e-40,0.000539474,0.000539474,-6.28293e-40,-6.28293e-40,0.000539474,0.000539474,-6.28293e-40,-6.28293e-40,-6.28293e-40,-6.28293e-40,0.000539474,0.000539474,0.000539474,0.000539474,Uniaxial,0.20149999856948853
1.0144583956070949e-30,39036.5546875,24679.61328125,0.0,0.0,2.7061162338748446e-11,-0.00152625,0.0005493352,0.0005493352,-1.0587912e-22,-1.0587912e-22,-1.0587912e-21,-0.00037124648,0.0003183345,0.0003183345,-5.1651696e-23,-1.0756805e-22,-1.7363683e-22,10683782.0,-10683782.0,-10683782.0,10683782.0,10683782.0,-10683782.0,-10683782.0,10683782.0,-1.8201763e-05,-1.8201763e-05,0.0,0.0,-1.8201774e-05,-1.8201774e-05,0.0,0.0,-1.8204088e-05,-1.8204095e-05,-1.8204106e-05,-1.8204099e-05,0.0,0.0,0.0,0.0,-42735130.0,7.280707e-05,7.281639e-05,-8.3600607e-13,2.6037691e-14,-1.3646129e-11,-4.077711e-39,-0.00152625,-0.00152625,-4.077711e-39,-4.077711e-39,-0.00152625,-0.00152625,-4.077711e-39,-6.17521e-40,-6.17521e-40,0.0005493352,0.0005493352,-6.17521e-40,-6.17521e-40,0.0005493352,0.0005493352,-6.1752e-40,-6.1752e-40,-6.1752e-40,-6.1752e-40,0.0005493352,0.0005493352,0.0005493352,0.0005493352,Uniaxial,0.20350000262260437
1.0678509476937603e-30,39678.84765625,24875.0546875,0.0,0.0,2.713844600432669e-11,-0.00154125,0.0005591964,0.0005591964,-1.0587912e-22,-1.0587912e-22,-1.0587912e-21,-0.00038168216,0.00032728282,0.00032728282,-5.239673e-23,-1.0754484e-22,-1.8579802e-22,10726003.0,-10726003.0,-10726003.0,10726003.0,10726003.0,-10726003.0,-10726003.0,10726003.0,-1.9432042e-05,-1.9432042e-05,0.0,0.0,-1.943205e-05,-1.943205e-05,0.0,0.0,-1.9432036e-05,-1.9432042e-05,-1.9432055e-05,-1.943205e-05,0.0,0.0,0.0,0.0,-42904012.0,7.772818e-05,7.772818e-05,-8.2452014e-13,2.5679957e-14,-1.3458645e-11,-4.008749e-39,-0.00154125,-0.00154125,-4.008749e-39,-4.008749e-39,-0.00154125,-0.00154125,-4.008749e-39,-6.07075e-40,-6.07075e-40,0.0005591964,0.0005591964,-6.07075e-40,-6.07075e-40,0.0005591964,0.0005591964,-6.07079e-40,-6.07079e-40,-6.07079e-40,-6.07079e-40,0.0005591964,0.0005591964,0.0005591964,0.0005591964,Uniaxial,0.20550000667572021
8.542807393470986e-31,40323.67578125,25071.26953125,0.0,0.0,2.722008556055311e-11,-0.00155625,0.0005690576,0.0005690576,-1.0587912e-22,-9.529121e-22,2.1175824e-22,-0.00039211783,0.00033623114,0.00033623114,-5.312869e-23,-1.1911449e-22,-1.8035709e-22,10768223.0,-10768223.0,-10768223.0,10768223.0,10768223.0,-10768223.0,-10768223.0,10768223.0,-2.0605978e-05,-2.0605978e-05,0.0,0.0,-2.0605978e-05,-2.0605978e-05,0.0,0.0,-2.0605972e-05,-2.0605985e-05,-2.0605983e-05,-2.060597e-05,0.0,0.0,0.0,0.0,-43072892.0,8.242391e-05,8.242391e-05,-8.1323576e-13,-1.2854379e-11,6.0451115e-12,-3.941886e-39,-0.00155625,-0.00155625,-3.941886e-39,-3.941886e-39,-0.00155625,-0.00155625,-3.941886e-39,-5.96952e-40,-5.96952e-40,0.0005690576,0.0005690576,-5.96952e-40,-5.96952e-40,0.0005690576,0.0005690576,-5.9695e-40,-5.9695e-40,-5.9695e-40,-5.9695e-40,0.0005690576,0.0005690576,0.0005690576,0.0005690576,Uniaxial,0.20749999582767487
1.0144583956070949e-30,40971.03515625,25268.25390625,0.0,0.0,2.7305862432269734e-11,-0.00157125,0.0005789187,0.0005789187,-1.0587912e-22,-1.3764285e-21,-2.1175824e-22,-0.0004025535,0.00034517943,0.00034517943,-5.384785e-23,-1.3625573e-22,-1.8078518e-22,10810443.0,-10810443.0,-10810443.0,10810443.0,10810443.0,-10810443.0,-10810443.0,10810443.0,-2.173567e-05,-2.173567e-05,0.0,0.0,-2.1735674e-05,-2.1735674e-05,0.0,0.0,-2.1735663e-05,-2.1735677e-05,-2.1735681e-05,-2.1735666e-05,0.0,0.0,0.0,0.0,-43241772.0,8.694269e-05,8.694269e-05,-8.0214877e-13,-1.9119331e-11,-4.775011e-13,-3.877027e-39,-0.00157125,-0.00157125,-3.877027e-39,-3.877027e-39,-0.00157125,-0.00157125,-3.877027e-39,-5.8713e-40,-5.8713e-40,0.0005789187,0.0005789187,-5.8713e-40,-5.8713e-40,0.0005789187,0.0005789187,-5.87129e-40,-5.87129e-40,-5.87129e-40,-5.87129e-40,0.0005789187,0.0005789187,0.0005789187,0.0005789187,Uniaxial,0.2094999998807907
1.2814210620008739e-30,41620.9296875,25466.0078125,0.0,0.0,2.7395564983212495e-11,-0.00158625,0.0005887799,0.0005887799,-9.529121e-22,-5.293956e-22,6.352747e-22,-0.00041298917,0.00035412775,0.00035412775,-6.605795e-23,-1.4159492e-22,-1.6970236e-22,10852663.0,-10852663.0,-10852663.0,10852663.0,10852663.0,-10852663.0,-10852663.0,10852663.0,-2.2817869e-05,-2.2817874e-05,0.0,0.0,-2.2817863e-05,-2.2817869e-05,0.0,0.0,-2.2820193e-05,-2.2820204e-05,-2.28202e-05,-2.282019e-05,0.0,0.0,0.0,0.0,-43410652.0,9.1271475e-05,9.128079e-05,-1.3672334e-11,-5.9785935e-12,1.2410063e-11,-3.814198e-39,-0.00158625,-0.00158625,-3.814198e-39,-3.814198e-39,-0.00158625,-0.00158625,-3.814198e-39,-5.77615e-40,-5.77615e-40,0.0005887799,0.0005887799,-5.77615e-40,-5.77615e-40,0.0005887799,0.0005887799,-5.77615e-40,-5.77615e-40,-5.77615e-40,-5.77615e-40,0.0005887799,0.0005887799,0.0005887799,0.0005887799,Uniaxial,0.21150000393390656
1.7085614786941972e-30,42273.35546875,25664.53515625,0.0,0.0,2.748899892435208e-11,-0.00160125,0.0005986411,0.0005986411,-1.0587912e-22,-1.3764285e-21,-1.4823077e-21,-0.00042342482,0.00036307608,0.00036307608,-6.659669e-23,-1.5830097e-22,-1.8746058e-22,10894883.0,-10894883.0,-10894883.0,10894883.0,10894883.0,-10894883.0,-10894883.0,10894883.0,-2.3862342e-05,-2.386234e-05,0.0,0.0,-2.3862354e-05,-2.3862352e-05,0.0,0.0,-2.3860002e-05,-2.3860022e-05,-2.3860035e-05,-2.3860015e-05,0.0,0.0,0.0,0.0,-43579532.0,9.544939e-05,9.5440075e-05,-6.056041e-13,-1.8779468e-11,-1.9962226e-11,-3.753269e-39,-0.00160125,-0.00160125,-3.753269e-39,-3.753269e-39,-0.00160125,-0.00160125,-3.753269e-39,-5.68386e-40,-5.68386e-40,0.0005986411,0.0005986411,-5.68386e-40,-5.68386e-40,0.0005986411,0.0005986411,-5.68389e-40,-5.68389e-40,-5.68389e-40,-5.68389e-40,0.0005986411,0.0005986411,0.0005986411,0.0005986411,Uniaxial,0.2134999930858612
1.4415987182608701e-30,42927.61328125,25753.5703125,0.0,0.0,2.748899892435208e-11,-0.00161625,0.0006101607,0.0006101607,3.1763736e-22,-1.3764285e-21,-1.4823077e-21,-0.00043638353,0.0003741878,0.0003741878,-6.017359e-23,-1.7866396e-22,-2.0910606e-22,10913767.0,-10913767.0,-10913767.0,10913767.0,10913767.0,-10913767.0,-10913767.0,10913767.0,5.105686,5.105686,0.0,0.0,5.105686,5.105686,0.0,0.0,5.105686,5.105686,5.105686,5.105686,0.0,0.0,0.0,0.0,-43655068.0,-20.422745,-20.422745,5.8245856e-12,-1.8465538e-11,-1.9628525e-11,3.8164073e-33,-0.00161625,-0.00161625,3.8164073e-33,3.8164073e-33,-0.00161625,-0.00161625,3.8164073e-33,4.4336414e-34,4.4336414e-34,0.0006101607,0.0006101607,4.4336414e-34,4.4336414e-34,0.0006101607,0.0006101607,4.4336414e-34,4.4336414e-34,4.4336414e-34,4.4336414e-34,0.0006101607,0.0006101607,0.0006101607,0.0006101607,Uniaxial,0.21549999713897705
1.6551688325679837e-30,43582.86328125,25820.40625,0.0,0.0,2.748899892435208e-11,-0.00163125,0.0006220167,0.0006220167,-1.0587912e-22,-3.0704944e-21,-1.4823077e-21,-0.0004498535,0.00038573798,0.00038573798,-6.0966244e-23,-2.288159e-22,-2.3118673e-22,10927920.0,-10927920.0,-10927920.0,10927920.0,10927920.0,-10927920.0,-10927920.0,10927920.0,6.7734747,6.7734747,0.0,0.0,6.7734747,6.7734747,0.0,0.0,6.7734747,6.7734747,6.7734747,6.7734747,0.0,0.0,0.0,0.0,-43711680.0,-27.093899,-27.093899,-6.924068e-13,-4.380921e-11,-1.9288115e-11,4.3785486e-33,-0.00163125,-0.00163125,4.3785486e-33,4.3785486e-33,-0.00163125,-0.00163125,4.3785486e-33,5.101202e-34,5.101202e-34,0.0006220167,0.0006220167,5.101202e-34,5.101202e-34,0.0006220167,0.0006220167,5.101202e-34,5.101202e-34,5.101202e-34,5.101202e-34,0.0006220167,0.0006220167,0.0006220167,0.0006220167,Uniaxial,0.2175000011920929
2.349271915655086e-30,44238.9609375,25886.9921875,0.0,0.0,2.748899892435208e-11,-0.00164625,0.0006338785,0.0006338785,-1.0587912e-22,-1.3764285e-21,-2.1175824e-22,-0.00046333123,0.00039729476,0.00039729476,-6.1744604e-23,-2.4870457e-22,-2.3085e-22,10941999.0,-10941999.0,-10941999.0,10941999.0,10941999.0,-10941999.0,-10941999.0,10941999.0,0.0045453124,0.0045453124,0.0,0.0,0.0045453124,0.0045453124,0.0,0.0,0.0045453124,0.0045453124,0.0045453124,0.0045453124,0.0,0.0,0.0,0.0,-43767996.0,-0.01818125,-0.01818125,-6.8040707e-13,-1.7385744e-11,2.9433162e-13,7.4922417e-35,-0.00164625,-0.00164625,7.4922417e-35,7.4922417e-35,-0.00164625,-0.00164625,7.4922417e-35,8.4761516e-36,8.4761516e-36,0.0006338785,0.0006338785,8.4761516e-36,8.4761516e-36,0.0006338785,0.0006338785,8.4761516e-36,8.4761516e-36,8.4761516e-36,8.4761516e-36,0.0006338785,0.0006338785,0.0006338785,0.0006338785,Uniaxial,0.21950000524520874
1.9755241450879762e-30,44895.90625,25953.931640625,0.0,0.0,8.92369095284451e-11,-0.00166125,0.0006457357,0.0006457357,-1.0587912e-22,-2.2234615e-21,3.59989e-21,-0.0004768028,0.00040884627,0.00040884627,-6.2508164e-23,-2.828693e-22,-1.6457544e-22,10956137.0,-10956137.0,-10956137.0,10956137.0,10956137.0,-10956137.0,-10956137.0,10956137.0,-0.012281758,-0.012281758,0.0,0.0,-0.012281757,-0.012281757,0.0,0.0,-0.012281758,-0.012281758,-0.012281757,-0.012281757,0.0,0.0,0.0,0.0,-43824548.0,0.049127027,0.049127027,-6.686355e-13,-2.9917464e-11,5.803551e-11,-5.9666733e-35,-0.00166125,-0.00166125,-5.9666733e-35,-5.9666733e-35,-0.00166125,-0.00166125,-5.9666733e-35,-6.750239e-36,-6.750239e-36,0.0006457357,0.0006457357,-6.750239e-36,-6.750239e-36,0.0006457357,0.0006457357,-6.750239e-36,-6.750239e-36,-6.750239e-36,-6.750239e-36,0.0006457357,0.0006457357,0.0006457357,0.0006457357,Uniaxial,0.2214999943971634
2.189094353434638e-30,45553.69921875,26020.958984375,0.0,0.0,8.960827219128831e-11,-0.00167625,0.0006575929,0.0006575929,-1.0587912e-22,-1.799945e-21,-2.3293406e-21,-0.00049027434,0.00042039776,0.00042039776,-6.3257563e-23,-3.090825e-22,-2.0197995e-22,10970275.0,-10970275.0,-10970275.0,10970275.0,10970275.0,-10970275.0,-10970275.0,10970275.0,-7.395958e-05,-7.395958e-05,0.0,0.0,-7.395959e-05,-7.395959e-05,0.0,0.0,-7.395956e-05,-7.3959585e-05,-7.395961e-05,-7.3959585e-05,0.0,0.0,0.0,0.0,-43881100.0,0.00029583834,0.00029583834,-6.570823e-13,-2.298413e-11,-3.279681e-11,-2.5807842e-37,-0.00167625,-0.00167625,-2.5807842e-37,-2.5807842e-37,-0.00167625,-0.00167625,-2.5807842e-37,-2.9197026e-38,-2.9197026e-38,0.0006575929,0.0006575929,-2.9197026e-38,-2.9197026e-38,0.0006575929,0.0006575929,-2.9197026e-38,-2.9197026e-38,-2.9197026e-38,-2.9197026e-38,0.0006575929,0.0006575929,0.0006575929,0.0006575929,Uniaxial,0.22349999845027924
1.9755241450879762e-30,46212.33984375,26088.072265625,0.0,0.0,8.960827219128831e-11,-0.00169125,0.0006694501,0.0006694501,-1.0587912e-22,-2.2234615e-21,6.352747e-22,-0.00050374586,0.00043194924,0.00043194924,-6.399308e-23,-3.421188e-22,-1.875315e-22,10984413.0,-10984413.0,-10984413.0,10984413.0,10984413.0,-10984413.0,-10984413.0,10984413.0,4.075933e-05,4.075933e-05,0.0,0.0,4.0759336e-05,4.0759336e-05,0.0,0.0,4.0761202e-05,4.0761177e-05,4.0761188e-05,4.0761213e-05,0.0,0.0,0.0,0.0,-43937652.0,-0.00016303733,-0.00016304478,-6.457431e-13,-2.9004034e-11,1.2684929e-11,1.0540718e-37,-0.00169125,-0.00169125,1.0540718e-37,1.0540718e-37,-0.00169125,-0.00169125,1.0540718e-37,1.1924966e-38,1.1924966e-38,0.0006694501,0.0006694501,1.1924966e-38,1.1924966e-38,0.0006694501,0.0006694501,1.1924964e-38,1.1924964e-38,1.1924964e-38,1.1924964e-38,0.0006694501,0.0006694501,0.0006694501,0.0006694501,Uniaxial,0.22550000250339508
2.4026645617812996e-30,46871.828125,26155.2734375,0.0,0.0,8.960888281395185e-11,-0.00170625,0.0006813073,0.0006813073,-1.0587912e-22,-1.3764285e-21,1.0587912e-21,-0.0005172174,0.00044350073,0.00044350073,-6.4714993e-23,-3.599453e-22,-1.6605095e-22,10998552.0,-10998552.0,-10998552.0,10998552.0,10998552.0,-10998552.0,-10998552.0,10998552.0,-1.2200782e-07,-1.2200813e-07,0.0,0.0,-1.2199838e-07,-1.219987e-07,0.0,0.0,-1.2200111e-07,-1.2202077e-07,-1.220054e-07,-1.2198575e-07,0.0,0.0,0.0,0.0,-43994210.0,4.8801303e-07,4.8801303e-07,-6.346136e-13,-1.5670784e-11,1.8882984e-11,-2.52649e-40,-0.00170625,-0.00170625,-2.52649e-40,-2.52649e-40,-0.00170625,-0.00170625,-2.52649e-40,-2.8585e-41,-2.8585e-41,0.0006813073,0.0006813073,-2.8585e-41,-2.8585e-41,0.0006813073,0.0006813073,-2.8581e-41,-2.8581e-41,-2.8581e-41,-2.8581e-41,0.0006813073,0.0006813073,0.0006813073,0.0006813073,Uniaxial,0.22750000655651093
2.189094353434638e-30,47532.1640625,26222.55859375,0.0,0.0,8.961469760704333e-11,-0.00172125,0.0006931644,0.0006931644,-1.0587912e-22,-1.799945e-21,2.1175824e-22,-0.00053068897,0.00045505224,0.00045505224,-6.542357e-23,-3.8473256e-22,-1.5954757e-22,11012690.0,-11012690.0,-11012690.0,11012690.0,11012690.0,-11012690.0,-11012690.0,11012690.0,-1.1618282e-06,-1.1618284e-06,0.0,0.0,-1.1618214e-06,-1.1618216e-06,0.0,0.0,-1.163211e-06,-1.1632337e-06,-1.1632328e-06,-1.1632101e-06,0.0,0.0,0.0,0.0,-44050760.0,4.6472996e-06,4.6528876e-06,-6.236898e-13,-2.1817858e-11,5.7242978e-12,-1.978897e-39,-0.00172125,-0.00172125,-1.978897e-39,-1.978897e-39,-0.00172125,-0.00172125,-1.978897e-39,-2.23877e-40,-2.23877e-40,0.0006931644,0.0006931644,-2.23877e-40,-2.23877e-40,0.0006931644,0.0006931644,-2.23877e-40,-2.23877e-40,-2.23877e-40,-2.23877e-40,0.0006931644,0.0006931644,0.0006931644,0.0006931644,Uniaxial,0.22949999570846558
2.189094353434638e-30,48193.3515625,26289.931640625,0.0,0.0,8.962027647774207e-11,-0.00173625,0.0007050216,0.0007050216,-1.0587912e-22,-3.0704944e-21,-1.9058241e-21,-0.0005441605,0.00046660373,0.00046660373,-6.6119065e-23,-4.3090536e-22,-1.8956903e-22,11026828.0,-11026828.0,-11026828.0,11026828.0,11026828.0,-11026828.0,-11026828.0,11026828.0,-1.118048e-06,-1.1180482e-06,0.0,0.0,-1.1180573e-06,-1.1180575e-06,0.0,0.0,-1.1157008e-06,-1.115733e-06,-1.1157481e-06,-1.1157159e-06,0.0,0.0,0.0,0.0,-44107310.0,4.472211e-06,4.462898e-06,-6.1296747e-13,-4.0693664e-11,-2.6458932e-11,-1.629622e-39,-0.00173625,-0.00173625,-1.629622e-39,-1.629622e-39,-0.00173625,-0.00173625,-1.629622e-39,-1.8436e-40,-1.8436e-40,0.0007050216,0.0007050216,-1.8436e-40,-1.8436e-40,0.0007050216,0.0007050216,-1.84365e-40,-1.84365e-40,-1.84365e-40,-1.84365e-40,0.0007050216,0.0007050216,0.0007050216,0.0007050216,Uniaxial,0.23149999976158142
3.790870727955504e-30,48855.3828125,26357.390625,0.0,0.0,8.962659781008853e-11,-0.00175125,0.0007168788,0.0007168788,-1.0587912e-22,-1.3764285e-21,-2.1175824e-22,-0.000557632,0.0004781552,0.0004781552,-6.6801745e-23,-4.4714004e-22,-1.8995003e-22,11040966.0,-11040966.0,-11040966.0,11040966.0,11040966.0,-11040966.0,-11040966.0,11040966.0,-1.2675298e-06,-1.2675281e-06,0.0,0.0,-1.267532e-06,-1.2675303e-06,0.0,0.0,-1.2675234e-06,-1.2675443e-06,-1.2675366e-06,-1.2675157e-06,0.0,0.0,0.0,0.0,-44163864.0,5.07012e-06,5.07012e-06,-6.024428e-13,-1.4326531e-11,-3.3620993e-13,-1.612817e-39,-0.00175125,-0.00175125,-1.612817e-39,-1.612817e-39,-0.00175125,-0.00175125,-1.612817e-39,-1.82464e-40,-1.82464e-40,0.0007168788,0.0007168788,-1.82464e-40,-1.82464e-40,0.0007168788,0.0007168788,-1.8246e-40,-1.8246e-40,-1.8246e-40,-1.8246e-40,0.0007168788,0.0007168788,0.0007168788,0.0007168788,Uniaxial,0.23350000381469727
2.9365898945688576e-30,49518.265625,26424.9375,0.0,0.0,8.963369629855222e-11,-0.00176625,0.000728736,0.000728736,7.4115383e-22,-3.0704944e-21,2.1175824e-22,-0.0005711036,0.0004897067,0.0004897067,-5.294654e-23,-4.9212657e-22,-1.8306135e-22,11055104.0,-11055104.0,-11055104.0,11055104.0,11055104.0,-11055104.0,-11055104.0,11055104.0,-1.4239978e-06,-1.4239897e-06,0.0,0.0,-1.4239947e-06,-1.4239866e-06,0.0,0.0,-1.4239779e-06,-1.4240115e-06,-1.4240065e-06,-1.4239729e-06,0.0,0.0,0.0,0.0,-44220416.0,5.695969e-06,5.695969e-06,1.2242381e-11,-3.974984e-11,6.0868016e-12,-1.609075e-39,-0.00176625,-0.00176625,-1.609075e-39,-1.609075e-39,-0.00176625,-0.00176625,-1.609075e-39,-1.82037e-40,-1.82037e-40,0.000728736,0.000728736,-1.82037e-40,-1.82037e-40,0.000728736,0.000728736,-1.8204e-40,-1.8204e-40,-1.8204e-40,-1.8204e-40,0.000728736,0.000728736,0.000728736,0.000728736,Uniaxial,0.23549999296665192
2.2424868114817552e-30,50181.99609375,26492.568359375,0.0,0.0,8.964154418755754e-11,-0.00178125,0.0007405932,0.0007405932,3.1763736e-22,-2.646978e-21,-1.0587912e-21,-0.0005845751,0.00050125824,0.00050125824,-4.6599566e-23,-5.2903264e-22,-1.9805993e-22,11069243.0,-11069243.0,-11069243.0,11069243.0,11069243.0,-11069243.0,-11069243.0,11069243.0,-1.5771939e-06,-1.577187e-06,0.0,0.0,-1.5772025e-06,-1.5771957e-06,0.0,0.0,-1.579041e-06,-1.5790691e-06,-1.5790738e-06,-1.5790457e-06,0.0,0.0,0.0,0.0,-44276972.0,6.308779e-06,6.3162297e-06,5.6153194e-12,-3.2651656e-11,-1.3269607e-11,-1.603745e-39,-0.00178125,-0.00178125,-1.603745e-39,-1.603745e-39,-0.00178125,-0.00178125,-1.603745e-39,-1.81437e-40,-1.81437e-40,0.0007405932,0.0007405932,-1.81437e-40,-1.81437e-40,0.0007405932,0.0007405932,-1.81433e-40,-1.81433e-40,-1.81433e-40,-1.81433e-40,0.0007405932,0.0007405932,0.0007405932,0.0007405932,Uniaxial,0.23749999701976776
1.7619539367413146e-30,50846.57421875,26560.287109375,0.0,0.0,8.965014841599839e-11,-0.00179625,0.0007524504,0.0007524504,3.1763736e-22,-9.529121e-22,1.9058241e-21,-0.00059804664,0.0005128097,0.0005128097,-4.036912e-23,-5.362833e-22,-1.6207198e-22,11083381.0,-11083381.0,-11083381.0,11083381.0,11083381.0,-11083381.0,-11083381.0,11083381.0,-1.7322723e-06,-1.7322656e-06,0.0,0.0,-1.7322544e-06,-1.7322477e-06,0.0,0.0,-1.7322624e-06,-1.7322755e-06,-1.7322576e-06,-1.7322445e-06,0.0,0.0,0.0,0.0,-44333524.0,6.92904e-06,6.92904e-06,5.5192665e-12,-6.423027e-12,3.1880065e-11,-1.59836e-39,-0.00179625,-0.00179625,-1.59836e-39,-1.59836e-39,-0.00179625,-0.00179625,-1.59836e-39,-1.80825e-40,-1.80825e-40,0.0007524504,0.0007524504,-1.80825e-40,-1.80825e-40,0.0007524504,0.0007524504,-1.80828e-40,-1.80828e-40,-1.80828e-40,-1.80828e-40,0.0007524504,0.0007524504,0.0007524504,0.0007524504,Uniaxial,0.2395000010728836
2.349271915655086e-30,51512.0,26628.09375,0.0,0.0,8.965949510608695e-11,-0.00181125,0.00076430757,0.00076430757,7.4115383e-22,-1.799945e-21,6.352747e-22,-0.0006115182,0.0005243612,0.0005243612,-2.701754e-23,-5.5787173e-22,-1.4845007e-22,11097519.0,-11097519.0,-11097519.0,11097519.0,11097519.0,-11097519.0,-11097519.0,11097519.0,-1.8826795e-06,-1.8826696e-06,0.0,0.0,-1.8826676e-06,-1.8826577e-06,0.0,0.0,-1.8826638e-06,-1.8826833e-06,-1.8826734e-06,-1.8826539e-06,0.0,0.0,0.0,0.0,-44390076.0,7.5306743e-06,7.5306743e-06,1.1842642e-11,-1.9148629e-11,1.2082424e-11,-1.59304e-39,-0.00181125,-0.00181125,-1.59304e-39,-1.59304e-39,-0.00181125,-0.00181125,-1.59304e-39,-1.80224e-40,-1.80224e-40,0.00076430757,0.00076430757,-1.80224e-40,-1.80224e-40,0.00076430757,0.00076430757,-1.80224e-40,-1.80224e-40,-1.80224e-40,-1.80224e-40,0.00076430757,0.00076430757,0.00076430757,0.00076430757,Uniaxial,0.24150000512599945
2.2424868114817552e-30,52178.27734375,26695.984375,0.0,0.0,8.966958425782323e-11,-0.00182625,0.00077616476,0.00077616476,3.1763736e-22,-2.2234615e-21,-1.0587912e-21,-0.00062498974,0.0005359127,0.0005359127,-2.1136799e-23,-5.8629117e-22,-1.6398294e-22,11111657.0,-11111657.0,-11111657.0,11111657.0,11111657.0,-11111657.0,-11111657.0,11111657.0,-2.0349407e-06,-2.0349341e-06,0.0,0.0,-2.0349455e-06,-2.034939e-06,0.0,0.0,-2.034925e-06,-2.0349496e-06,-2.0349546e-06,-2.03493e-06,0.0,0.0,0.0,0.0,-44446628.0,8.139759e-06,8.139759e-06,5.2227684e-12,-2.5239708e-11,-1.3794961e-11,-1.587706e-39,-0.00182625,-0.00182625,-1.587706e-39,-1.587706e-39,-0.00182625,-0.00182625,-1.587706e-39,-1.79621e-40,-1.79621e-40,0.00077616476,0.00077616476,-1.79621e-40,-1.79621e-40,0.00077616476,0.00077616476,-1.79621e-40,-1.79621e-40,-1.79621e-40,-1.79621e-40,0.00077616476,0.00077616476,0.00077616476,0.00077616476,Uniaxial,0.2434999942779541
2.189094353434638e-30,52845.35546875,26758.345703125,0.0,7.990323501871899e-05,8.966958425782323e-11,-0.00184125,0.0007880727,0.0007880727,3.1763736e-22,-2.2234615e-21,1.0587912e-21,-0.00063853944,0.0005475312,0.0005475312,-1.5330332e-23,-6.143517e-22,-1.4302503e-22,11124187.0,-11124187.0,-11124187.0,11124187.0,11124187.0,-11124187.0,-11124187.0,11124187.0,7.523683,7.523683,0.0,0.0,7.523683,7.523683,0.0,0.0,7.523683,7.523683,7.523683,7.523683,0.0,0.0,0.0,0.0,-44496748.0,-30.094732,-30.094732,5.1328416e-12,-2.4805127e-11,1.8526519e-11,6.6252455e-34,-0.00184125,-0.00184125,6.6252455e-34,6.6252455e-34,-0.00184125,-0.00184125,6.6252455e-34,7.495298e-35,7.495298e-35,0.0007880727,0.0007880727,7.495298e-35,7.495298e-35,0.0007880727,0.0007880727,7.495298e-35,7.495298e-35,7.495298e-35,7.495298e-35,0.0007880727,0.0007880727,0.0007880727,0.0007880727,Uniaxial,0.24549999833106995
1.922131687040859e-30,53512.3359375,26721.748046875,0.0,0.0015110094100236893,8.966958425782323e-11,-0.00185625,0.0008009068,0.0008009068,7.4115383e-22,-1.799945e-21,-6.352747e-22,-0.0006535012,0.0005603605,0.0005603605,-1.0391884e-24,-6.367494e-22,-1.5232437e-22,11108634.0,-11108634.0,-11108634.0,11108634.0,11108634.0,-11108634.0,-11108634.0,11108634.0,44.685375,44.685375,0.0,0.0,44.685375,44.685375,0.0,0.0,44.685375,44.685375,44.685375,44.685375,0.0,0.0,0.0,0.0,-44434536.0,-178.7415,-178.7415,1.1424853e-11,-1.7905503e-11,-7.434234e-12,1.3432287e-32,-0.00185625,-0.00185625,1.3432287e-32,1.3432287e-32,-0.00185625,-0.00185625,1.3432287e-32,1.3147216e-33,1.3147216e-33,0.0008009068,0.0008009068,1.3147216e-33,1.3147216e-33,0.0008009068,0.0008009068,1.3147216e-33,1.3147216e-33,1.3147216e-33,1.3147216e-33,0.0008009068,0.0008009068,0.0008009068,0.0008009068,Uniaxial,0.2475000023841858
2.5628421240017477e-30,54178.359375,26681.203125,0.0,0.0029501542448997498,8.966958425782323e-11,-0.00187125,0.0008138025,0.0008138025,3.1763736e-22,-2.646978e-21,2.3293406e-21,-0.00066854694,0.0005732619,0.0005732619,5.0144717e-24,-6.7493616e-22,-1.0518204e-22,11092183.0,-11092183.0,-11092183.0,11092183.0,11092183.0,-11092183.0,-11092183.0,11092183.0,0.17515449,0.17515449,0.0,0.0,0.17515449,0.17515449,0.0,0.0,0.17515449,0.17515449,0.17515449,0.17515449,0.0,0.0,0.0,0.0,-44368732.0,-0.70061797,-0.70061797,4.8053844e-12,-3.031262e-11,3.74215e-11,8.967264e-34,-0.00187125,-0.00187125,8.967264e-34,8.967264e-34,-0.00187125,-0.00187125,8.967264e-34,8.1721596e-35,8.1721596e-35,0.0008138025,0.0008138025,8.1721596e-35,8.1721596e-35,0.0008138025,0.0008138025,8.1721596e-35,8.1721596e-35,8.1721596e-35,8.1721596e-35,0.0008138025,0.0008138025,0.0008138025,0.0008138025,Uniaxial,0.24950000643730164
2.6162347701279612e-30,54843.41015625,26642.806640625,0.0,0.004384925123304129,8.966958425782323e-11,-0.00188625,0.0008266646,0.0008266646,7.4115383e-22,-2.2234615e-21,-1.4823077e-21,-0.000683547,0.000586124,0.000586124,1.8956681e-23,-7.0426467e-22,-1.312643e-22,11076220.0,-11076220.0,-11076220.0,11076220.0,11076220.0,-11076220.0,-11076220.0,11076220.0,0.051099513,0.051099513,0.0,0.0,0.051099513,0.051099513,0.0,0.0,0.05109951,0.05109951,0.05109951,0.05109951,0.0,0.0,0.0,0.0,-44304880.0,-0.20439805,-0.20439804,1.1085051e-11,-2.3318252e-11,-2.0737254e-11,-4.87332e-34,-0.00188625,-0.00188625,-4.87332e-34,-4.87332e-34,-0.00188625,-0.00188625,-4.87332e-34,-4.4104083e-35,-4.4104083e-35,0.0008266646,0.0008266646,-4.4104083e-35,-4.4104083e-35,0.0008266646,0.0008266646,-4.4104083e-35,-4.4104083e-35,-4.4104083e-35,-4.4104083e-35,0.0008266646,0.0008266646,0.0008266646,0.0008266646,Uniaxial,0.2515000104904175
2.2424868114817552e-30,55507.50390625,26604.412109375,0.0,0.005819689016789198,8.966958425782323e-11,-0.00190125,0.0008395267,0.0008395267,7.4115383e-22,-1.799945e-21,1.4823077e-21,-0.000698547,0.0005989861,0.0005989861,3.2634762e-23,-7.250164e-22,-1.0070399e-22,11060259.0,-11060259.0,-11060259.0,11060259.0,11060259.0,-11060259.0,-11060259.0,11060259.0,6.338682e-05,6.3386826e-05,0.0,0.0,6.3386826e-05,6.338684e-05,0.0,0.0,6.338498e-05,6.3384956e-05,6.338497e-05,6.338499e-05,0.0,0.0,0.0,0.0,-44241036.0,-0.0002535473,-0.0002535399,1.0859434e-11,-1.6475373e-11,2.4262734e-11,-8.0424765e-37,-0.00190125,-0.00190125,-8.0424765e-37,-8.0424765e-37,-0.00190125,-0.00190125,-8.0424765e-37,-7.278529e-38,-7.278529e-38,0.0008395267,0.0008395267,-7.278529e-38,-7.278529e-38,0.0008395267,0.0008395267,-7.278529e-38,-7.278529e-38,-7.278529e-38,-7.278529e-38,0.0008395267,0.0008395267,0.0008395267,0.0008395267,Uniaxial,0.2535000145435333
2.2424868114817552e-30,56170.640625,26566.021484375,0.0,0.0072544473223388195,8.983192661959905e-11,-0.00191625,0.00085238874,0.00085238874,3.1763736e-22,-2.646978e-21,-2.1175824e-22,-0.00071354694,0.00061184814,0.00061184814,3.8032562e-23,-7.614173e-22,-1.02807294e-22,11044298.0,-11044298.0,-11044298.0,11044298.0,11044298.0,-11044298.0,-11044298.0,11044298.0,-2.923109e-05,-2.9231085e-05,0.0,0.0,-2.9231094e-05,-2.9231089e-05,0.0,0.0,-2.9231074e-05,-2.9231102e-05,-2.9231103e-05,-2.9231078e-05,0.0,0.0,0.0,0.0,-44177190.0,0.000116924355,0.000116924355,4.279303e-12,-2.885818e-11,-1.6674753e-12,-5.636783e-37,-0.00191625,-0.00191625,-5.636783e-37,-5.636783e-37,-0.00191625,-0.00191625,-5.636783e-37,-5.10135e-38,-5.10135e-38,0.00085238874,0.00085238874,-5.10135e-38,-5.10135e-38,0.00085238874,0.00085238874,-5.101351e-38,-5.101351e-38,-5.101351e-38,-5.101351e-38,0.00085238874,0.00085238874,0.00085238874,0.00085238874,Uniaxial,0.2554999887943268
3.4171229573883944e-30,56832.8203125,26527.630859375,0.0,0.008689206093549728,8.9835396066551e-11,-0.00193125,0.0008652508,0.0008652508,-1.0587912e-22,-2.2234615e-21,-6.352747e-22,-0.0007285468,0.00062471017,0.00062471017,3.530695e-23,-7.8910764e-22,-1.1289194e-22,11028337.0,-11028337.0,-11028337.0,11028337.0,11028337.0,-11028337.0,-11028337.0,11028337.0,-6.245646e-07,-6.245598e-07,0.0,0.0,-6.245706e-07,-6.2456576e-07,0.0,0.0,-6.263983e-07,-6.26423e-07,-6.2642505e-07,-6.2640026e-07,0.0,0.0,0.0,0.0,-44113348.0,2.4982608e-06,2.5056465e-06,-2.1577054e-12,-2.192081e-11,-7.983423e-12,-3.426849e-39,-0.00193125,-0.00193125,-3.426849e-39,-3.426849e-39,-0.00193125,-0.00193125,-3.426849e-39,-3.10135e-40,-3.10135e-40,0.0008652508,0.0008652508,-3.10135e-40,-3.10135e-40,0.0008652508,0.0008652508,-3.10131e-40,-3.10131e-40,-3.10131e-40,-3.10131e-40,0.0008652508,0.0008652508,0.0008652508,0.0008652508,Uniaxial,0.2574999928474426
3.5773005196088426e-30,57494.04296875,26489.240234375,0.0,0.01012396439909935,8.983849775212605e-11,-0.00194625,0.00087811286,0.00087811286,1.1646703e-21,-3.494011e-21,2.1175824e-22,-0.00074354676,0.0006375722,0.0006375722,5.6696493e-23,-8.403371e-22,-1.0674324e-22,11012376.0,-11012376.0,-11012376.0,11012376.0,11012376.0,-11012376.0,-11012376.0,11012376.0,-5.568333e-07,-5.568189e-07,0.0,0.0,-5.568289e-07,-5.5681454e-07,0.0,0.0,-5.554233e-07,-5.5545735e-07,-5.554588e-07,-5.5542483e-07,0.0,0.0,0.0,0.0,-44049504.0,2.2272957e-06,2.2217644e-06,1.6908332e-11,-4.0496627e-11,4.86052e-12,-1.781167e-39,-0.00194625,-0.00194625,-1.781167e-39,-1.781167e-39,-0.00194625,-0.00194625,-1.781167e-39,-1.61196e-40,-1.61196e-40,0.00087811286,0.00087811286,-1.61196e-40,-1.61196e-40,0.00087811286,0.00087811286,-1.612e-40,-1.612e-40,-1.612e-40,-1.612e-40,0.00087811286,0.00087811286,0.00087811286,0.00087811286,Uniaxial,0.25949999690055847
3.5773005196088426e-30,58154.3046875,26450.849609375,0.0,0.011558722704648972,8.984368804476617e-11,-0.00196125,0.0008909749,0.0008909749,7.4115383e-22,-2.646978e-21,-1.4823077e-21,-0.0007585467,0.00065043423,0.00065043423,6.965975e-23,-8.745539e-22,-1.327957e-22,10996415.0,-10996415.0,-10996415.0,10996415.0,10996415.0,-10996415.0,-10996415.0,10996415.0,-9.2976165e-07,-9.297506e-07,0.0,0.0,-9.2977587e-07,-9.2976484e-07,0.0,0.0,-9.2974545e-07,-9.2977274e-07,-9.2978104e-07,-9.2975375e-07,0.0,0.0,0.0,0.0,-43985660.0,3.719053e-06,3.719053e-06,1.0232542e-11,-2.700903e-11,-2.0564496e-11,-2.100907e-39,-0.00196125,-0.00196125,-2.100907e-39,-2.100907e-39,-0.00196125,-0.00196125,-2.100907e-39,-1.90137e-40,-1.90137e-40,0.0008909749,0.0008909749,-1.90137e-40,-1.90137e-40,0.0008909749,0.0008909749,-1.90132e-40,-1.90132e-40,-1.90132e-40,-1.90132e-40,0.0008909749,0.0008909749,0.0008909749,0.0008909749,Uniaxial,0.2615000009536743
3.363730311262181e-30,58813.61328125,26412.45703125,0.0,0.012993481010198593,8.985048122189809e-11,-0.00197625,0.000903837,0.000903837,1.1646703e-21,-2.646978e-21,6.352747e-22,-0.00077354664,0.0006632963,0.0006632963,9.0398663e-23,-9.081226e-22,-1.1824886e-22,10980454.0,-10980454.0,-10980454.0,10980454.0,10980454.0,-10980454.0,-10980454.0,10980454.0,-1.2152217e-06,-1.2152076e-06,0.0,0.0,-1.215214e-06,-1.2151999e-06,0.0,0.0,-1.2170385e-06,-1.2170656e-06,-1.2170599e-06,-1.2170328e-06,0.0,0.0,0.0,0.0,-43921816.0,4.860843e-06,4.868197e-06,1.6346494e-11,-2.6459031e-11,1.1465879e-11,-2.115997e-39,-0.00197625,-0.00197625,-2.115997e-39,-2.115997e-39,-0.00197625,-0.00197625,-2.115997e-39,-1.915e-40,-1.915e-40,0.000903837,0.000903837,-1.915e-40,-1.915e-40,0.000903837,0.000903837,-1.915e-40,-1.915e-40,-1.915e-40,-1.915e-40,0.000903837,0.000903837,0.000903837,0.000903837,Uniaxial,0.26350000500679016
3.363730311262181e-30,59471.9609375,26374.06640625,0.0,0.01442824024707079,8.985886340573401e-11,-0.00199125,0.000916699,0.000916699,1.1646703e-21,-2.646978e-21,2.752857e-21,-0.0007885465,0.00067615835,0.00067615835,1.107448e-22,-9.410557e-22,-6.387165e-23,10964493.0,-10964493.0,-10964493.0,10964493.0,10964493.0,-10964493.0,-10964493.0,10964493.0,-1.4966296e-06,-1.4966156e-06,0.0,0.0,-1.4966081e-06,-1.4965942e-06,0.0,0.0,-1.4989049e-06,-1.4989316e-06,-1.4989083e-06,-1.4988815e-06,0.0,0.0,0.0,0.0,-43857972.0,5.9864474e-06,5.9956265e-06,1.6013588e-11,-2.5920177e-11,4.279803e-11,-2.124259e-39,-0.00199125,-0.00199125,-2.124259e-39,-2.124259e-39,-0.00199125,-0.00199125,-2.124259e-39,-1.92248e-40,-1.92248e-40,0.000916699,0.000916699,-1.92248e-40,-1.92248e-40,0.000916699,0.000916699,-1.92248e-40,-1.92248e-40,-1.92248e-40,-1.92248e-40,0.000916699,0.000916699,0.000916699,0.000916699,Uniaxial,0.265500009059906
2.829804978474623e-30,60129.3515625,26335.67578125,0.0,0.015862997621297836,8.986884847406174e-11,-0.00200625,0.0009295611,0.0009295611,1.1646703e-21,-2.646978e-21,-1.4823077e-21,-0.00080354646,0.0006890204,0.0006890204,1.3070558e-22,-9.733649e-22,-9.073606e-23,10948532.0,-10948532.0,-10948532.0,10948532.0,10948532.0,-10948532.0,-10948532.0,10948532.0,-1.7831487e-06,-1.7831329e-06,0.0,0.0,-1.7831592e-06,-1.7831435e-06,0.0,0.0,-1.7831276e-06,-1.7831521e-06,-1.7831646e-06,-1.7831401e-06,0.0,0.0,0.0,0.0,-43794130.0,7.1325844e-06,7.1325844e-06,1.5687429e-11,-2.5392246e-11,-2.111308e-11,-2.133494e-39,-0.00200625,-0.00200625,-2.133494e-39,-2.133494e-39,-0.00200625,-0.00200625,-2.133494e-39,-1.93082e-40,-1.93082e-40,0.0009295611,0.0009295611,-1.93082e-40,-1.93082e-40,0.0009295611,0.0009295611,-1.93085e-40,-1.93085e-40,-1.93085e-40,-1.93085e-40,0.0009295611,0.0009295611,0.0009295611,0.0009295611,Uniaxial,0.26750001311302185
4.004440936302166e-30,60785.78515625,26297.28515625,0.0,0.017297755926847458,8.988045724356297e-11,-0.00202125,0.0009424231,0.0009424231,1.1646703e-21,-2.2234615e-21,-6.352747e-22,-0.0008185464,0.0007018824,0.0007018824,1.5028831e-22,-9.97041e-22,-1.01049333e-22,10932571.0,-10932571.0,-10932571.0,10932571.0,10932571.0,-10932571.0,-10932571.0,10932571.0,-2.0702191e-06,-2.0702034e-06,0.0,0.0,-2.0702191e-06,-2.0702037e-06,0.0,0.0,-2.0701957e-06,-2.070219e-06,-2.0702269e-06,-2.0702037e-06,0.0,0.0,0.0,0.0,-43730284.0,8.280846e-06,8.280846e-06,1.536788e-11,-1.858026e-11,-8.09351e-12,-2.14283e-39,-0.00202125,-0.00202125,-2.14283e-39,-2.14283e-39,-0.00202125,-0.00202125,-2.14283e-39,-1.93928e-40,-1.93928e-40,0.0009424231,0.0009424231,-1.93928e-40,-1.93928e-40,0.0009424231,0.0009424231,-1.93928e-40,-1.93928e-40,-1.93928e-40,-1.93928e-40,0.0009424231,0.0009424231,0.0009424231,0.0009424231,Uniaxial,0.2694999873638153
3.630693165735056e-30,61440.9609375,26234.830078125,0.0,0.019631613045930862,8.988045724356297e-11,-0.00203625,0.0009552852,0.0009552852,1.1646703e-21,-2.646978e-21,-6.352747e-22,-0.0008335464,0.0007147445,0.0007147445,1.6950026e-22,-1.0282901e-21,-1.1116733e-22,10906607.0,-10906607.0,-10906607.0,10906607.0,10906607.0,-10906607.0,-10906607.0,10906607.0,0.000885291,0.000885291,0.0,0.0,0.000885291,0.000885291,0.0,0.0,0.00088529335,0.0008852933,0.0008852933,0.00088529335,0.0,0.0,0.0,0.0,-43626428.0,-0.003541164,-0.0035411732,1.5041012e-11,-2.4464868e-11,-7.921366e-12,7.4993377e-37,-0.00203625,-0.00203625,7.4993377e-37,7.4993377e-37,-0.00203625,-0.00203625,7.4993377e-37,6.786983e-38,6.786983e-38,0.0009552852,0.0009552852,6.786983e-38,6.786983e-38,0.0009552852,0.0009552852,6.7869834e-38,6.7869834e-38,6.7869834e-38,6.7869834e-38,0.0009552852,0.0009552852,0.0009552852,0.0009552852,Uniaxial,0.27149999141693115
3.5773005196088426e-30,62094.01953125,26127.734375,0.0,0.023633433505892754,8.988045724356297e-11,-0.00205125,0.0009681474,0.0009681474,1.1646703e-21,-3.0704944e-21,1.0587912e-21,-0.0008485465,0.00072760676,0.00072760676,1.8834853e-22,-1.066969e-21,-8.900861e-23,10862085.0,-10862085.0,-10862085.0,10862085.0,10862085.0,-10862085.0,-10862085.0,10862085.0,0.0021879089,0.0021879089,0.0,0.0,0.0021879089,0.0021879089,0.0,0.0,0.0021879089,0.0021879089,0.0021879089,0.0021879089,0.0,0.0,0.0,0.0,-43448340.0,-0.008751635,-0.008751635,1.4695906e-11,-3.0157703e-11,1.7277048e-11,1.4161741e-36,-0.00205125,-0.00205125,1.4161741e-36,1.4161741e-36,-0.00205125,-0.00205125,1.4161741e-36,1.2816531e-37,1.2816531e-37,0.0009681474,0.0009681474,1.2816531e-37,1.2816531e-37,0.0009681474,0.0009681474,1.2816531e-37,1.2816531e-37,1.2816531e-37,1.2816531e-37,0.0009681474,0.0009681474,0.0009681474,0.0009681474,Uniaxial,0.273499995470047
5.1256842480034955e-30,62744.41015625,26020.638671875,0.0,0.027635257691144943,8.988045724356297e-11,-0.00206625,0.0009810097,0.0009810097,7.4115383e-22,-3.494011e-21,-2.1175824e-22,-0.0008635467,0.00074046897,0.00074046897,1.9881852e-22,-1.1129366e-21,-9.133346e-23,10817563.0,-10817563.0,-10817563.0,10817563.0,10817563.0,-10817563.0,-10817563.0,10817563.0,9.5669195e-05,9.56692e-05,0.0,0.0,9.566919e-05,9.5669195e-05,0.0,0.0,9.566921e-05,9.566917e-05,9.566918e-05,9.566922e-05,0.0,0.0,0.0,0.0,-43270252.0,-0.00038267678,-0.00038267678,8.129944e-12,-3.5693788e-11,-1.8052425e-12,5.0092474e-38,-0.00206625,-0.00206625,5.0092474e-38,5.0092474e-38,-0.00206625,-0.00206625,5.0092474e-38,4.533425e-39,4.533425e-39,0.0009810097,0.0009810097,4.533425e-39,4.533425e-39,0.0009810097,0.0009810097,4.533423e-39,4.533423e-39,4.533423e-39,4.533423e-39,0.0009810097,0.0009810097,0.0009810097,0.0009810097,Uniaxial,0.27549999952316284
4.271403790775041e-30,63392.12890625,25913.54296875,0.0,0.031637080013751984,9.001169254396757e-11,-0.00208125,0.0009938718,0.0009938718,1.1646703e-21,-3.494011e-21,-1.0587912e-21,-0.00087854685,0.00075333123,0.00075333123,2.171115e-22,-1.1580335e-21,-1.0965687e-22,10773042.0,-10773042.0,-10773042.0,10773042.0,10773042.0,-10773042.0,-10773042.0,10773042.0,-2.3049242e-05,-2.3049235e-05,0.0,0.0,-2.304925e-05,-2.3049242e-05,0.0,0.0,-2.305148e-05,-2.3051514e-05,-2.3051512e-05,-2.305148e-05,0.0,0.0,0.0,0.0,-43092170.0,9.219697e-05,9.2205984e-05,1.4146037e-11,-3.487364e-11,-1.4169558e-11,-1.0134172e-38,-0.00208125,-0.00208125,-1.0134172e-38,-1.0134172e-38,-0.00208125,-0.00208125,-1.0134172e-38,-9.17155e-40,-9.17155e-40,0.0009938718,0.0009938718,-9.17155e-40,-9.17155e-40,0.0009938718,0.0009938718,-9.17153e-40,-9.17153e-40,-9.17153e-40,-9.17153e-40,0.0009938718,0.0009938718,0.0009938718,0.0009938718,Uniaxial,0.2775000035762787
5.7663948730434805e-30,64037.17578125,25806.4453125,0.0,0.035638902336359024,9.001169254396757e-11,-0.00209625,0.0010067341,0.0010067341,-1.0587912e-22,-3.0704944e-21,2.752857e-21,-0.000893547,0.00076619344,0.00076619344,2.1099415e-22,-1.194255e-21,-5.544155e-23,10728520.0,-10728520.0,-10728520.0,10728520.0,10728520.0,-10728520.0,-10728520.0,10728520.0,2.7127142e-05,2.7127144e-05,0.0,0.0,2.7127171e-05,2.7127171e-05,0.0,0.0,2.7127156e-05,2.7127127e-05,2.7127156e-05,2.7127186e-05,0.0,0.0,0.0,0.0,-42914080.0,-0.000108508626,-0.000108508626,-4.711029e-12,-2.7894489e-11,4.175163e-11,1.0279034e-38,-0.00209625,-0.00209625,1.0279034e-38,1.0279034e-38,-0.00209625,-0.00209625,1.0279034e-38,9.30265e-40,9.30265e-40,0.0010067341,0.0010067341,9.30265e-40,9.30265e-40,0.0010067341,0.0010067341,9.30263e-40,9.30263e-40,9.30263e-40,9.30263e-40,0.0010067341,0.0010067341,0.0010067341,0.0010067341,Uniaxial,0.27950000762939453
3.4171229573883944e-30,64679.55078125,25699.349609375,0.0,0.039640724658966064,9.001169254396757e-11,-0.00211125,0.0010195962,0.0010195962,1.1646703e-21,-3.9175274e-21,1.4823077e-21,-0.00090854714,0.0007790557,0.0007790557,2.2905656e-22,-1.2458332e-21,-2.6316943e-23,10683998.0,-10683998.0,-10683998.0,10683998.0,10683998.0,-10683998.0,-10683998.0,10683998.0,3.839542e-05,3.839543e-05,0.0,0.0,3.839544e-05,3.8395447e-05,0.0,0.0,3.8393653e-05,3.839362e-05,3.8393635e-05,3.8393668e-05,0.0,0.0,0.0,0.0,-42735990.0,-0.00015358173,-0.00015357458,1.3852266e-11,-3.9555872e-11,2.2336e-11,1.2782488e-38,-0.00211125,-0.00211125,1.2782488e-38,1.2782488e-38,-0.00211125,-0.00211125,1.2782488e-38,1.15683e-39,1.15683e-39,0.0010195962,0.0010195962,1.15683e-39,1.15683e-39,0.0010195962,0.0010195962,1.15683e-39,1.15683e-39,1.15683e-39,1.15683e-39,0.0010195962,0.0010195962,0.0010195962,0.0010195962,Uniaxial,0.2815000116825104
6.407105498083466e-30,65319.25390625,25592.25390625,0.0,0.0436425507068634,9.001169254396757e-11,-0.00212625,0.0010324585,0.0010324585,-1.0587912e-22,-3.0704944e-21,6.352747e-22,-0.0009235473,0.00079191796,0.00079191796,2.2271295e-22,-1.2803919e-21,-1.3786551e-23,10639476.0,-10639476.0,-10639476.0,10639476.0,10639476.0,-10639476.0,-10639476.0,10639476.0,4.2372183e-05,4.2372176e-05,0.0,0.0,4.2372205e-05,4.2372198e-05,0.0,0.0,4.237398e-05,4.237396e-05,4.2373962e-05,4.2373988e-05,0.0,0.0,0.0,0.0,-42557904.0,-0.00016948876,-0.00016949589,-4.84471e-12,-2.6392994e-11,9.569658e-12,1.2580081e-38,-0.00212625,-0.00212625,1.2580081e-38,1.2580081e-38,-0.00212625,-0.00212625,1.2580081e-38,1.138512e-39,1.138512e-39,0.0010324585,0.0010324585,1.138512e-39,1.138512e-39,0.0010324585,0.0010324585,1.13851e-39,1.13851e-39,1.13851e-39,1.13851e-39,0.0010324585,0.0010324585,0.0010324585,0.0010324585,Uniaxial,0.28349998593330383
3.630693165735056e-30,65956.2890625,25485.158203125,0.0,0.047644373029470444,9.001169254396757e-11,-0.00214125,0.0010453206,0.0010453206,-1.3764285e-21,-1.799945e-21,4.446923e-21,-0.0009385475,0.00080478017,0.00080478017,1.9242558e-22,-1.290232e-21,7.0698263e-23,10594955.0,-10594955.0,-10594955.0,10594955.0,10594955.0,-10594955.0,-10594955.0,10594955.0,4.7200818e-05,4.7200807e-05,0.0,0.0,4.7200858e-05,4.7200847e-05,0.0,0.0,4.7200818e-05,4.7200807e-05,4.720085e-05,4.720086e-05,0.0,0.0,0.0,0.0,-42379820.0,-0.00018880333,-0.00018880333,-2.3034151e-11,-7.483681e-12,6.425238e-11,1.264483e-38,-0.00214125,-0.00214125,1.264483e-38,1.264483e-38,-0.00214125,-0.00214125,1.264483e-38,1.144369e-39,1.144369e-39,0.0010453206,0.0010453206,1.144369e-39,1.144369e-39,0.0010453206,0.0010453206,1.144373e-39,1.144373e-39,1.144373e-39,1.144373e-39,0.0010453206,0.0010453206,0.0010453206,0.0010453206,Uniaxial,0.2854999899864197
2.989982540695071e-30,66590.6484375,25378.0625,0.0,0.05164619907736778,9.001169254396757e-11,-0.00215625,0.0010581829,0.0010581829,7.4115383e-22,-2.2234615e-21,-1.9058241e-21,-0.00095354766,0.00081764243,0.00081764243,2.0281837e-22,-1.3079072e-21,3.3263377e-23,10550433.0,-10550433.0,-10550433.0,10550433.0,10550433.0,-10550433.0,-10550433.0,10550433.0,5.248555e-05,5.2485553e-05,0.0,0.0,5.248554e-05,5.2485542e-05,0.0,0.0,5.2485557e-05,5.2485542e-05,5.248553e-05,5.2485546e-05,0.0,0.0,0.0,0.0,-42201732.0,-0.00020994218,-0.00020994218,7.870709e-12,-1.3385819e-11,-2.8350341e-11,1.2809499e-38,-0.00215625,-0.00215625,1.2809499e-38,1.2809499e-38,-0.00215625,-0.00215625,1.2809499e-38,1.159275e-39,1.159275e-39,0.0010581829,0.0010581829,1.159275e-39,1.159275e-39,0.0010581829,0.0010581829,1.159273e-39,1.159273e-39,1.159273e-39,1.159273e-39,0.0010581829,0.0010581829,0.0010581829,0.0010581829,Uniaxial,0.2874999940395355
4.698543831310172e-30,67222.3359375,25270.96484375,0.0,0.05564802512526512,9.001169254396757e-11,-0.00217125,0.0010710451,0.0010710451,3.1763736e-22,-2.2234615e-21,1.0587912e-21,-0.00096854777,0.0008305047,0.0008305047,2.0499302e-22,-1.3252476e-21,5.2686647e-23,10505911.0,-10505911.0,-10505911.0,10505911.0,10505911.0,-10505911.0,-10505911.0,10505911.0,5.7898993e-05,5.7898993e-05,0.0,0.0,5.789901e-05,5.789901e-05,0.0,0.0,5.7901205e-05,5.790119e-05,5.7901194e-05,5.790121e-05,0.0,0.0,0.0,0.0,-42023644.0,-0.000231596,-0.0002316048,1.6399618e-12,-1.307688e-11,1.4647634e-11,1.297612e-38,-0.00217125,-0.00217125,1.297612e-38,1.297612e-38,-0.00217125,-0.00217125,1.297612e-38,1.174353e-39,1.174353e-39,0.0010710451,0.0010710451,1.174353e-39,1.174353e-39,0.0010710451,0.0010710451,1.174353e-39,1.174353e-39,1.174353e-39,1.174353e-39,0.0010710451,0.0010710451,0.0010710451,0.0010710451,Uniaxial,0.28949999809265137
3.630693165735056e-30,67851.359375,25163.869140625,0.0,0.05964984744787216,9.001169254396757e-11,-0.00218625,0.0010839073,0.0010839073,3.1763736e-22,-3.0704944e-21,1.4823077e-21,-0.000983548,0.0008433669,0.0008433669,2.0712647e-22,-1.3583023e-21,7.976336e-23,10461390.0,-10461390.0,-10461390.0,10461390.0,10461390.0,-10461390.0,-10461390.0,10461390.0,6.343021e-05,6.343021e-05,0.0,0.0,6.343023e-05,6.343023e-05,0.0,0.0,6.343241e-05,6.343239e-05,6.343241e-05,6.343243e-05,0.0,0.0,0.0,0.0,-41845560.0,-0.00025372088,-0.00025372964,1.6020834e-12,-2.4821761e-11,2.0332775e-11,1.314196e-38,-0.00218625,-0.00218625,1.314196e-38,1.314196e-38,-0.00218625,-0.00218625,1.314196e-38,1.189362e-39,1.189362e-39,0.0010839073,0.0010839073,1.189362e-39,1.189362e-39,0.0010839073,0.0010839073,1.189362e-39,1.189362e-39,1.189362e-39,1.189362e-39,0.0010839073,0.0010839073,0.0010839073,0.0010839073,Uniaxial,0.2915000021457672
3.4171229573883944e-30,68477.2734375,25022.15234375,0.0,0.06494568288326263,1.3110409979866233e-10,-0.00220125,0.0010967695,0.0010967695,-9.529121e-22,-2.2234615e-21,-1.9058241e-21,-0.000998548,0.00085622905,0.00085622905,1.8515579e-22,-1.3746879e-21,4.2157102e-23,10402473.0,-10402473.0,-10402473.0,10402473.0,10402473.0,-10402473.0,-10402473.0,10402473.0,-0.006969161,-0.006969161,0.0,0.0,-0.006969161,-0.006969161,0.0,0.0,-0.006969161,-0.006969161,-0.006969161,-0.006969161,0.0,0.0,0.0,0.0,-41609892.0,0.027876643,0.027876643,-1.6405727e-11,-1.2235427e-11,-2.808097e-11,-1.312886e-36,-0.00220125,-0.00220125,-1.312886e-36,-1.312886e-36,-0.00220125,-0.00220125,-1.312886e-36,-1.1881762e-37,-1.1881762e-37,0.0010967695,0.0010967695,-1.1881762e-37,-1.1881762e-37,0.0010967695,0.0010967695,-1.1881762e-37,-1.1881762e-37,-1.1881762e-37,-1.1881762e-37,0.0010967695,0.0010967695,0.0010967695,0.0010967695,Uniaxial,0.29350000619888306
2.7764123323484094e-30,69099.3984375,24859.671875,0.0,0.07101747393608093,1.640887564713367e-10,-0.00221625,0.0011096315,0.0011096315,7.4115383e-22,-3.0704944e-21,2.3293406e-21,-0.0010135479,0.0008690911,0.0008690911,1.9568611e-22,-1.4068057e-21,8.547519e-23,10334925.0,-10334925.0,-10334925.0,10334925.0,10334925.0,-10334925.0,-10334925.0,10334925.0,-0.0055578207,-0.0055578207,0.0,0.0,-0.0055578207,-0.0055578207,0.0,0.0,-0.005557822,-0.005557822,-0.005557822,-0.0055578216,0.0,0.0,0.0,0.0,-41339700.0,0.022231283,0.022231288,7.812087e-12,-2.3827041e-11,3.2136224e-11,-9.4820796e-37,-0.00221625,-0.00221625,-9.4820796e-37,-9.4820796e-37,-0.00221625,-0.00221625,-9.4820796e-37,-8.581386e-38,-8.581386e-38,0.0011096315,0.0011096315,-8.581386e-38,-8.581386e-38,0.0011096315,0.0011096315,-8.581386e-38,-8.581386e-38,-8.581386e-38,-8.581386e-38,0.0011096315,0.0011096315,0.0011096315,0.0011096315,Uniaxial,0.2955000102519989
8.542807393470986e-31,69717.46875,24697.193359375,0.0,0.07708926498889923,1.6617408837849013e-10,-0.00223125,0.0011224935,0.0011224935,3.1763736e-22,-1.799945e-21,1.0587912e-21,-0.0010285479,0.0008819531,0.0008819531,1.9799581e-22,-1.4142516e-21,1.0390929e-22,10267377.0,-10267377.0,-10267377.0,10267377.0,10267377.0,-10267377.0,-10267377.0,10267377.0,-0.00034907652,-0.00034907652,0.0,0.0,-0.0003490765,-0.0003490765,0.0,0.0,-0.0003490765,-0.00034907652,-0.0003490765,-0.0003490765,0.0,0.0,0.0,0.0,-41069508.0,0.001396306,0.001396306,1.7022847e-12,-5.4877266e-12,1.3586257e-11,-5.4420934e-38,-0.00223125,-0.00223125,-5.4420934e-38,-5.4420934e-38,-0.00223125,-0.00223125,-5.4420934e-38,-4.925154e-39,-4.925154e-39,0.0011224935,0.0011224935,-4.925154e-39,-4.925154e-39,0.0011224935,0.0011224935,-4.925155e-39,-4.925155e-39,-4.925155e-39,-4.925155e-39,0.0011224935,0.0011224935,0.0011224935,0.0011224935,Uniaxial,0.29750001430511475
1.4949912703475355e-30,70331.484375,24534.71484375,0.0,0.08316105604171753,1.6617408837849013e-10,-0.00224625,0.0011353556,0.0011353556,7.4115383e-22,-2.2234615e-21,2.1175824e-22,-0.0010435478,0.00089481514,0.00089481514,2.0828294e-22,-1.4295776e-21,1.059519e-22,10199829.0,-10199829.0,-10199829.0,10199829.0,10199829.0,-10199829.0,-10199829.0,10199829.0,0.0003095558,0.0003095558,0.0,0.0,0.0003095558,0.0003095558,0.0,0.0,0.0003095558,0.0003095558,0.0003095558,0.0003095558,0.0,0.0,0.0,0.0,-40799316.0,-0.0012382232,-0.0012382232,7.531917e-12,-1.1221231e-11,1.4955304e-12,4.442801e-38,-0.00224625,-0.00224625,4.442801e-38,4.442801e-38,-0.00224625,-0.00224625,4.442801e-38,4.020784e-39,4.020784e-39,0.0011353556,0.0011353556,4.020784e-39,4.020784e-39,0.0011353556,0.0011353556,4.020784e-39,4.020784e-39,4.020784e-39,4.020784e-39,0.0011353556,0.0011353556,0.0011353556,0.0011353556,Uniaxial,0.2994999885559082
1.4949912703475355e-30,70941.4453125,24372.236328125,0.0,0.08923284709453583,1.6617408837849013e-10,-0.00226125,0.0011482177,0.0011482177,2.0117032e-21,-1.3764285e-21,-1.4823077e-21,-0.0010585476,0.0009076772,0.0009076772,2.424388e-22,-1.428571e-21,7.5871077e-23,10132281.0,-10132281.0,-10132281.0,10132281.0,10132281.0,-10132281.0,-10132281.0,10132281.0,1.4829393e-05,1.4829409e-05,0.0,0.0,1.4829382e-05,1.4829398e-05,0.0,0.0,1.4831521e-05,1.4831518e-05,1.483151e-05,1.4831514e-05,0.0,0.0,0.0,0.0,-40529124.0,-5.9317583e-05,-5.9326063e-05,2.484223e-11,7.321314e-13,-2.1878378e-11,1.97191e-39,-0.00226125,-0.00226125,1.97191e-39,1.97191e-39,-0.00226125,-0.00226125,1.97191e-39,1.7846e-40,1.7846e-40,0.0011482177,0.0011482177,1.7846e-40,1.7846e-40,0.0011482177,0.0011482177,1.7846e-40,1.7846e-40,1.7846e-40,1.7846e-40,0.0011482177,0.0011482177,0.0011482177,0.0011482177,Uniaxial,0.30149999260902405
2.349271915655086e-30,71547.3515625,24209.7578125,0.0,0.09530464559793472,1.6675444358682512e-10,-0.00227625,0.0011610797,0.0011610797,1.1646703e-21,-1.3764285e-21,2.752857e-21,-0.0010735476,0.00092053926,0.00092053926,2.5990538e-22,-1.4275834e-21,1.2657181e-22,10064733.0,-10064733.0,-10064733.0,10064733.0,10064733.0,-10064733.0,-10064733.0,10064733.0,-9.5231146e-05,-9.523113e-05,0.0,0.0,-9.5231124e-05,-9.523111e-05,0.0,0.0,-9.523114e-05,-9.5231146e-05,-9.523112e-05,-9.523112e-05,0.0,0.0,0.0,0.0,-40258932.0,0.00038092452,0.00038092452,1.2619106e-11,7.134768e-13,3.6629817e-11,-1.1794806e-38,-0.00227625,-0.00227625,-1.1794806e-38,-1.1794806e-38,-0.00227625,-0.00227625,-1.1794806e-38,-1.067443e-39,-1.067443e-39,0.0011610797,0.0011610797,-1.067443e-39,-1.067443e-39,0.0011610797,0.0011610797,-1.067443e-39,-1.067443e-39,-1.067443e-39,-1.067443e-39,0.0011610797,0.0011610797,0.0011610797,0.0011610797,Uniaxial,0.3034999966621399
1.4949912703475355e-30,72149.2109375,24047.279296875,0.0,0.10137643665075302,1.6734273688978618e-10,-0.00229125,0.0011739418,0.0011739418,3.1763736e-22,-2.2234615e-21,2.752857e-21,-0.0010885475,0.0009334013,0.0009334013,2.6099878e-22,-1.4426569e-21,1.7631228e-22,9997185.0,-9997185.0,-9997185.0,9997185.0,9997185.0,-9997185.0,-9997185.0,9997185.0,-9.588712e-05,-9.588712e-05,0.0,0.0,-9.58871e-05,-9.5887095e-05,0.0,0.0,-9.588712e-05,-9.5887124e-05,-9.58871e-05,-9.5887095e-05,0.0,0.0,0.0,0.0,-39988740.0,0.00038354844,0.00038354844,7.8465815e-13,-1.0817095e-11,3.5694885e-11,-1.1114661e-38,-0.00229125,-0.00229125,-1.1114661e-38,-1.1114661e-38,-0.00229125,-0.00229125,-1.1114661e-38,-1.005888e-39,-1.005888e-39,0.0011739418,0.0011739418,-1.005888e-39,-1.005888e-39,0.0011739418,0.0011739418,-1.005888e-39,-1.005888e-39,-1.005888e-39,-1.005888e-39,0.0011739418,0.0011739418,0.0011739418,0.0011739418,Uniaxial,0.30550000071525574
1.922131687040859e-30,72747.015625,23884.80078125,0.0,0.10744822770357132,1.6791258661275066e-10,-0.00230625,0.0011868038,0.0011868038,1.1646703e-21,-9.529121e-22,-6.352747e-22,-0.0011035474,0.0009462633,0.0009462633,2.7811386e-22,-1.4333814e-21,1.6094124e-22,9929637.0,-9929637.0,-9929637.0,9929637.0,9929637.0,-9929637.0,-9929637.0,9929637.0,-9.225294e-05,-9.2252936e-05,0.0,0.0,-9.225295e-05,-9.2252936e-05,0.0,0.0,-9.2252936e-05,-9.225294e-05,-9.225294e-05,-9.225294e-05,0.0,0.0,0.0,0.0,-39718548.0,0.00036901177,0.00036901177,1.21991705e-11,6.6113417e-12,-1.0956069e-11,-1.0048899e-38,-0.00230625,-0.00230625,-1.0048899e-38,-1.0048899e-38,-0.00230625,-0.00230625,-1.0048899e-38,-9.09436e-40,-9.09436e-40,0.0011868038,0.0011868038,-9.09436e-40,-9.09436e-40,0.0011868038,0.0011868038,-9.09436e-40,-9.09436e-40,-9.09436e-40,-9.09436e-40,0.0011868038,0.0011868038,0.0011868038,0.0011868038,Uniaxial,0.3075000047683716
3.4171229573883944e-30,73340.765625,23722.322265625,0.0,0.11352001130580902,1.685230566206286e-10,-0.00232125,0.0011996658,0.0011996658,1.1646703e-21,-3.0704944e-21,1.0587912e-21,-0.0011185474,0.00095912535,0.00095912535,2.9490478e-22,-1.4643875e-21,1.7794606e-22,9862089.0,-9862089.0,-9862089.0,9862089.0,9862089.0,-9862089.0,-9862089.0,9862089.0,-9.815711e-05,-9.815709e-05,0.0,0.0,-9.81571e-05,-9.8157085e-05,0.0,0.0,-9.815503e-05,-9.815505e-05,-9.815503e-05,-9.815501e-05,0.0,0.0,0.0,0.0,-39448356.0,0.00039262837,0.00039262013,1.1886709e-11,-2.1949968e-11,1.2038128e-11,-1.0084184e-38,-0.00232125,-0.00232125,-1.0084184e-38,-1.0084184e-38,-0.00232125,-0.00232125,-1.0084184e-38,-9.12629e-40,-9.12629e-40,0.0011996658,0.0011996658,-9.12629e-40,-9.12629e-40,0.0011996658,0.0011996658,-9.1263e-40,-9.1263e-40,-9.1263e-40,-9.1263e-40,0.0011996658,0.0011996658,0.0011996658,0.0011996658,Uniaxial,0.3095000088214874
2.7764123323484094e-30,73930.4140625,23555.32421875,0.0,0.11976062506437302,1.685230566206286e-10,-0.00233625,0.001212528,0.001212528,1.1646703e-21,-2.646978e-21,6.352747e-22,-0.0011335473,0.0009719874,0.0009719874,3.1137769e-22,-1.4867852e-21,1.8660762e-22,9792663.0,-9792663.0,-9792663.0,9792663.0,9792663.0,-9792663.0,-9792663.0,9792663.0,0.000578376,0.000578376,0.0,0.0,0.000578376,0.000578376,0.0,0.0,0.0005783776,0.0005783776,0.0005783776,0.0005783776,0.0,0.0,0.0,0.0,-39170652.0,-0.002313504,-0.0023135105,1.1579486e-11,-1.574423e-11,6.088573e-12,5.61392e-38,-0.00233625,-0.00233625,5.61392e-38,5.61392e-38,-0.00233625,-0.00233625,5.61392e-38,5.080658e-39,5.080658e-39,0.001212528,0.001212528,5.080658e-39,5.080658e-39,0.001212528,0.001212528,5.08066e-39,5.08066e-39,5.08066e-39,5.08066e-39,0.001212528,0.001212528,0.001212528,0.001212528,Uniaxial,0.31150001287460327
1.4949912703475355e-30,74515.3671875,23346.494140625,0.0,0.1275644451379776,1.685230566206286e-10,-0.00235125,0.00122539,0.00122539,-1.0587912e-22,-3.0704944e-21,6.352747e-22,-0.0011485473,0.0009848495,0.0009848495,3.0347502e-22,-1.5167798e-21,1.9510518e-22,9705846.0,-9705846.0,-9705846.0,9705846.0,9705846.0,-9705846.0,-9705846.0,9705846.0,0.006828442,0.006828442,0.0,0.0,0.006828442,0.006828442,0.0,0.0,0.006828442,0.006828442,0.006828442,0.006828442,0.0,0.0,0.0,0.0,-38823384.0,-0.027313769,-0.027313769,-5.5058328e-12,-2.0897535e-11,5.920301e-12,6.200117e-37,-0.00235125,-0.00235125,6.200117e-37,6.200117e-37,-0.00235125,-0.00235125,6.200117e-37,5.611174e-38,5.611174e-38,0.00122539,0.00122539,5.611174e-38,5.611174e-38,0.00122539,0.00122539,5.611174e-38,5.611174e-38,5.611174e-38,5.611174e-38,0.00122539,0.00122539,0.00122539,0.00122539,Uniaxial,0.31349998712539673
4.271403790775041e-30,75095.109375,23137.662109375,0.0,0.13536828756332397,1.685230566206286e-10,-0.00236625,0.0012382522,0.0012382522,3.1763736e-22,-1.3764285e-21,3.1763736e-21,-0.0011635473,0.0009977116,0.0009977116,3.0374326e-22,-1.5141217e-21,2.5156916e-22,9619028.0,-9619028.0,-9619028.0,9619028.0,9619028.0,-9619028.0,-9619028.0,9619028.0,0.0016798398,0.0016798398,0.0,0.0,0.0016798398,0.0016798398,0.0,0.0,0.0016798398,0.0016798398,0.0016798398,0.0016798398,0.0,0.0,0.0,0.0,-38476110.0,-0.006719359,-0.006719359,1.8520481e-13,1.8354138e-12,3.898688e-11,1.4327568e-37,-0.00236625,-0.00236625,1.4327568e-37,1.4327568e-37,-0.00236625,-0.00236625,1.4327568e-37,1.2966607e-38,1.2966607e-38,0.0012382522,0.0012382522,1.2966607e-38,1.2966607e-38,0.0012382522,0.0012382522,1.2966606e-38,1.2966606e-38,1.2966606e-38,1.2966606e-38,0.0012382522,0.0012382522,0.0012382522,0.0012382522,Uniaxial,0.3154999911785126
3.630693165735056e-30,75669.6484375,22928.830078125,0.0,0.14317211508750916,1.7150883491190427e-10,-0.00238125,0.0012511143,0.0012511143,-5.293956e-22,-3.0704944e-21,1.0587912e-21,-0.0011785473,0.0010105737,0.0010105737,2.8796394e-22,-1.5435987e-21,2.6685758e-22,9532210.0,-9532210.0,-9532210.0,9532210.0,9532210.0,-9532210.0,-9532210.0,9532210.0,-0.0004640172,-0.00046401724,0.0,0.0,-0.0004640172,-0.0004640172,0.0,0.0,-0.0004640172,-0.00046401724,-0.0004640172,-0.0004640172,0.0,0.0,0.0,0.0,-38128840.0,0.0018560688,0.0018560688,-1.0796854e-11,-2.0169422e-11,1.04609914e-11,-3.7313627e-38,-0.00238125,-0.00238125,-3.7313627e-38,-3.7313627e-38,-0.00238125,-0.00238125,-3.7313627e-38,-3.376925e-39,-3.376925e-39,0.0012511143,0.0012511143,-3.376925e-39,-3.376925e-39,0.0012511143,0.0012511143,-3.376925e-39,-3.376925e-39,-3.376925e-39,-3.376925e-39,0.0012511143,0.0012511143,0.0012511143,0.0012511143,Uniaxial,0.3174999952316284
6.620675330271935e-30,76238.9765625,22719.998046875,0.0,0.15097595751285553,1.739322991189951e-10,-0.00239625,0.0012639763,0.0012639763,-5.293956e-22,-3.494011e-21,1.0587912e-21,-0.0011935473,0.0010234358,0.0010234358,2.724835e-22,-1.5805387e-21,2.8185647e-22,9445393.0,-9445393.0,-9445393.0,9445393.0,9445393.0,-9445393.0,-9445393.0,9445393.0,-0.00037319862,-0.00037319865,0.0,0.0,-0.00037319862,-0.00037319862,0.0,0.0,-0.00037319862,-0.00037319865,-0.00037319862,-0.00037319862,0.0,0.0,0.0,0.0,-37781572.0,0.0014927945,0.0014927945,-1.0495892e-11,-2.5045669e-11,1.0169392e-11,-2.8387465e-38,-0.00239625,-0.00239625,-2.8387465e-38,-2.8387465e-38,-0.00239625,-0.00239625,-2.8387465e-38,-2.569097e-39,-2.569097e-39,0.0012639763,0.0012639763,-2.569097e-39,-2.569097e-39,0.0012639763,0.0012639763,-2.569097e-39,-2.569097e-39,-2.569097e-39,-2.569097e-39,0.0012639763,0.0012639763,0.0012639763,0.0012639763,Uniaxial,0.31949999928474426
5.979965081390142e-30,76803.09375,22511.166015625,0.0,0.1587797850370407,1.7421727949162857e-10,-0.00241125,0.0012768385,0.0012768385,-5.293956e-22,-3.9175274e-21,-1.4823077e-21,-0.0012085473,0.0010362979,0.0010362979,2.5729626e-22,-1.6248002e-21,2.4844395e-22,9358575.0,-9358575.0,-9358575.0,9358575.0,9358575.0,-9358575.0,-9358575.0,9358575.0,-4.348211e-05,-4.348212e-05,0.0,0.0,-4.3482105e-05,-4.348212e-05,0.0,0.0,-4.3483666e-05,-4.348369e-05,-4.3483695e-05,-4.348367e-05,0.0,0.0,0.0,0.0,-37434300.0,0.00017392845,0.00017393472,-1.0202459e-11,-2.9733948e-11,-2.2445792e-11,-3.137775e-39,-0.00241125,-0.00241125,-3.137775e-39,-3.137775e-39,-0.00241125,-0.00241125,-3.137775e-39,-2.83973e-40,-2.83973e-40,0.0012768385,0.0012768385,-2.83973e-40,-2.83973e-40,0.0012768385,0.0012768385,-2.83972e-40,-2.83972e-40,-2.83972e-40,-2.83972e-40,0.0012768385,0.0012768385,0.0012768385,0.0012768385,Uniaxial,0.3215000033378601
3.844263374081718e-30,77362.0078125,22302.3359375,0.0,0.1665836125612259,1.7421727949162857e-10,-0.00242625,0.0012897006,0.0012897006,-1.3764285e-21,-3.9175274e-21,1.4823077e-21,-0.0012235473,0.00104916,0.00104916,2.263542e-22,-1.6682236e-21,2.7181282e-22,9271757.0,-9271757.0,-9271757.0,9271757.0,9271757.0,-9271757.0,-9271757.0,9271757.0,4.5104185e-05,4.5104167e-05,0.0,0.0,4.510419e-05,4.510417e-05,0.0,0.0,4.510224e-05,4.5102217e-05,4.5102235e-05,4.510226e-05,0.0,0.0,0.0,0.0,-37087028.0,-0.00018041671,-0.00018040896,-2.0593359e-11,-2.8900186e-11,1.5553047e-11,3.095866e-39,-0.00242625,-0.00242625,3.095866e-39,3.095866e-39,-0.00242625,-0.00242625,3.095866e-39,2.8018e-40,2.8018e-40,0.0012897006,0.0012897006,2.8018e-40,2.8018e-40,0.0012897006,0.0012897006,2.80178e-40,2.80178e-40,2.80178e-40,2.80178e-40,0.0012897006,0.0012897006,0.0012897006,0.0012897006,Uniaxial,0.32350000739097595
3.844263374081718e-30,77915.7109375,22093.50390625,0.0,0.17438744008541107,1.7421727949162857e-10,-0.00244125,0.0013025627,0.0013025627,-1.3764285e-21,-1.799945e-21,3.1763736e-21,-0.0012385473,0.0010620222,0.0010620222,1.959982e-22,-1.6707182e-21,3.2682394e-22,9184940.0,-9184940.0,-9184940.0,9184940.0,9184940.0,-9184940.0,-9184940.0,9184940.0,2.2292665e-05,2.2292646e-05,0.0,0.0,2.2292694e-05,2.2292676e-05,0.0,0.0,2.229074e-05,2.2290733e-05,2.2290755e-05,2.2290764e-05,0.0,0.0,0.0,0.0,-36739760.0,-8.917068e-05,-8.916299e-05,-2.0014152e-11,-1.6448228e-12,3.626962e-11,1.45895e-39,-0.00244125,-0.00244125,1.45895e-39,1.45895e-39,-0.00244125,-0.00244125,1.45895e-39,1.32037e-40,1.32037e-40,0.0013025627,0.0013025627,1.32037e-40,1.32037e-40,0.0013025627,0.0013025627,1.32037e-40,1.32037e-40,1.32037e-40,1.32037e-40,0.0013025627,0.0013025627,0.0013025627,0.0013025627,Uniaxial,0.3255000114440918
4.912114039656834e-30,78464.203125,21884.671875,0.0,0.18219128251075745,1.7421739051393104e-10,-0.00245625,0.0013154248,0.0013154248,-9.529121e-22,-3.0704944e-21,3.59989e-21,-0.0012535473,0.0010748842,0.0010748842,1.7423833e-22,-1.6972294e-21,3.8881442e-22,9098122.0,-9098122.0,-9098122.0,9098122.0,9098122.0,-9098122.0,-9098122.0,9098122.0,-1.7518465e-08,-1.7537388e-08,0.0,0.0,-1.7498222e-08,-1.7517147e-08,0.0,0.0,-1.7519659e-08,-1.7540135e-08,-1.7515953e-08,-1.7495477e-08,0.0,0.0,0.0,0.0,-36392490.0,7.007122e-08,7.007122e-08,-1.4210982e-11,-1.7313966e-11,4.048487e-11,-1.051e-42,-0.00245625,-0.00245625,-1.051e-42,-1.051e-42,-0.00245625,-0.00245625,-1.051e-42,-9.4e-44,-9.4e-44,0.0013154248,0.0013154248,-9.4e-44,-9.4e-44,0.0013154248,0.0013154248,-9.5e-44,-9.5e-44,-9.5e-44,-9.5e-44,0.0013154248,0.0013154248,0.0013154248,0.0013154248,Uniaxial,0.32749998569488525
7.688526748163436e-30,79007.484375,21675.83984375,0.0,0.18999511003494263,1.7424489628936612e-10,-0.00247125,0.0013282868,0.0013282868,-2.2234615e-21,-4.341044e-21,-6.352747e-22,-0.0012685473,0.0010877464,0.0010877464,1.2882693e-22,-1.7473021e-21,3.6941861e-22,9011304.0,-9011304.0,-9011304.0,9011304.0,9011304.0,-9011304.0,-9011304.0,9011304.0,-4.043436e-06,-4.0434666e-06,0.0,0.0,-4.0434425e-06,-4.043473e-06,0.0,0.0,-4.0419304e-06,-4.0419627e-06,-4.041961e-06,-4.041929e-06,0.0,0.0,0.0,0.0,-36045216.0,1.6173817e-05,1.6167784e-05,-2.9374378e-11,-3.2389546e-11,-1.2546184e-11,-2.42027e-40,-0.00247125,-0.00247125,-2.42027e-40,-2.42027e-40,-0.00247125,-0.00247125,-2.42027e-40,-2.1904e-41,-2.1904e-41,0.0013282868,0.0013282868,-2.1904e-41,-2.1904e-41,0.0013282868,0.0013282868,-2.1904e-41,-2.1904e-41,-2.1904e-41,-2.1904e-41,0.0013282868,0.0013282868,0.0013282868,0.0013282868,Uniaxial,0.3294999897480011
1.0892079497205168e-29,79545.5546875,21467.0078125,0.0,0.1977989375591278,1.7425545728588787e-10,-0.00248625,0.001341149,0.001341149,-3.494011e-21,-5.188077e-21,2.1175824e-22,-0.0012835473,0.0011006085,0.0011006085,6.021193e-23,-1.812469e-21,3.6643258e-22,8924487.0,-8924487.0,-8924487.0,8924487.0,8924487.0,-8924487.0,-8924487.0,8924487.0,-1.5375308e-06,-1.5375725e-06,0.0,0.0,-1.5375239e-06,-1.5375656e-06,0.0,0.0,-1.5356655e-06,-1.5357022e-06,-1.5356952e-06,-1.5356586e-06,0.0,0.0,0.0,0.0,-35697948.0,6.150193e-06,6.1427218e-06,-4.395602e-11,-4.174704e-11,-1.9128989e-12,-8.8299e-41,-0.00248625,-0.00248625,-8.8299e-41,-8.8299e-41,-0.00248625,-0.00248625,-8.8299e-41,-7.993e-42,-7.993e-42,0.001341149,0.001341149,-7.993e-42,-7.993e-42,0.001341149,0.001341149,-7.99e-42,-7.99e-42,-7.99e-42,-7.99e-42,0.001341149,0.001341149,0.001341149,0.001341149,Uniaxial,0.33149999380111694
8.542807581550082e-30,80078.421875,21258.177734375,0.0,0.205602765083313,1.7425545728588787e-10,-0.00250125,0.0013540111,0.0013540111,-3.9175274e-21,-5.6115933e-21,1.9058241e-21,-0.0012985473,0.0011134705,0.0011134705,-1.5124748e-23,-1.8844227e-21,3.95588e-22,8837669.0,-8837669.0,-8837669.0,8837669.0,8837669.0,-8837669.0,-8837669.0,8837669.0,1.8386152e-07,1.8382187e-07,0.0,0.0,1.8387865e-07,1.8383899e-07,0.0,0.0,1.8386099e-07,1.8382241e-07,1.8383953e-07,1.8387811e-07,0.0,0.0,0.0,0.0,-35350676.0,-7.3540104e-07,-7.3540104e-07,-4.7792558e-11,-4.5646497e-11,1.8495797e-11,1.0175e-41,-0.00250125,-0.00250125,1.0175e-41,1.0175e-41,-0.00250125,-0.00250125,1.0175e-41,9.22e-43,9.22e-43,0.0013540111,0.0013540111,9.22e-43,9.22e-43,0.0013540111,0.0013540111,9.2e-43,9.2e-43,9.2e-43,9.2e-43,0.0013540111,0.0013540111,0.0013540111,0.0013540111,Uniaxial,0.3334999978542328
1.2387070579473608e-29,80606.078125,21049.345703125,0.0,0.21340660750865936,1.7425545728588787e-10,-0.00251625,0.0013668732,0.0013668732,-2.646978e-21,-4.341044e-21,1.4823077e-21,-0.0013135473,0.0011263327,0.0011263327,-6.497092e-23,-1.9309501e-21,4.1617002e-22,8750852.0,-8750852.0,-8750852.0,8750852.0,8750852.0,-8750852.0,-8750852.0,8750852.0,3.890024e-07,3.88971e-07,0.0,0.0,3.8902067e-07,3.8898926e-07,0.0,0.0,3.890058e-07,3.8897545e-07,3.8898585e-07,3.890162e-07,0.0,0.0,0.0,0.0,-35003410.0,-1.5559833e-06,-1.5559833e-06,-3.1311093e-11,-2.922636e-11,1.2928676e-11,2.0682e-41,-0.00251625,-0.00251625,2.0682e-41,2.0682e-41,-0.00251625,-0.00251625,2.0682e-41,1.872e-42,1.872e-42,0.0013668732,0.0013668732,1.872e-42,1.872e-42,0.0013668732,0.0013668732,1.872e-42,1.872e-42,1.872e-42,1.872e-42,0.0013668732,0.0013668732,0.0013668732,0.0013668732,Uniaxial,0.33550000190734863
8.756377413738552e-30,81128.5234375,20840.513671875,0.0,0.22121043503284454,1.7425545728588787e-10,-0.00253125,0.0013797353,0.0013797353,-3.0704944e-21,-4.341044e-21,1.9058241e-21,-0.0013285473,0.0011391947,0.0011391947,-1.2189424e-22,-1.9765961e-21,4.443834e-22,8664034.0,-8664034.0,-8664034.0,8664034.0,8664034.0,-8664034.0,-8664034.0,8664034.0,1.2585264e-07,1.2581918e-07,0.0,0.0,1.2586142e-07,1.2582795e-07,0.0,0.0,1.2766218e-07,1.2763222e-07,1.2764494e-07,1.276749e-07,0.0,0.0,0.0,0.0,-34656136.0,-5.033612e-07,-5.1061426e-07,-3.5401893e-11,-2.838836e-11,1.7546553e-11,6.536e-42,-0.00253125,-0.00253125,6.536e-42,6.536e-42,-0.00253125,-0.00253125,6.536e-42,5.91e-43,5.91e-43,0.0013797353,0.0013797353,5.91e-43,5.91e-43,0.0013797353,0.0013797353,5.91e-43,5.91e-43,5.91e-43,5.91e-43,0.0013797353,0.0013797353,0.0013797353,0.0013797353,Uniaxial,0.3375000059604645
1.0251368496006991e-29,81645.7578125,20631.681640625,0.0,0.22901426255702972,1.74255665452705e-10,-0.00254625,0.0013925974,0.0013925974,-3.0704944e-21,-4.341044e-21,1.9058241e-21,-0.0013435473,0.0011520569,0.0011520569,-1.7773947e-22,-2.0213778e-21,4.720625e-22,8577216.0,-8577216.0,-8577216.0,8577216.0,8577216.0,-8577216.0,-8577216.0,8577216.0,-2.90722e-08,-2.910515e-08,0.0,0.0,-2.90558e-08,-2.908875e-08,0.0,0.0,-2.799291e-08,-2.8026392e-08,-2.8013933e-08,-2.7980448e-08,0.0,0.0,0.0,0.0,-34308864.0,1.163219e-07,1.1201368e-07,-3.438337e-11,-2.757162e-11,1.7041734e-11,-1.44e-42,-0.00254625,-0.00254625,-1.44e-42,-1.44e-42,-0.00254625,-0.00254625,-1.44e-42,-1.3e-43,-1.3e-43,0.0013925974,0.0013925974,-1.3e-43,-1.3e-43,0.0013925974,0.0013925974,-1.3e-43,-1.3e-43,-1.3e-43,-1.3e-43,0.0013925974,0.0013925974,0.0013925974,0.0013925974,Uniaxial,0.3395000100135803
1.2387070579473608e-29,82157.7890625,20422.8515625,0.0,0.2368181049823761,1.7425597076403676e-10,-0.00256125,0.0014054595,0.0014054595,-3.0704944e-21,-5.188077e-21,2.752857e-21,-0.0013585472,0.001164919,0.001164919,-2.3252701e-22,-2.0813538e-21,5.1525976e-22,8490399.0,-8490399.0,-8490399.0,8490399.0,8490399.0,-8490399.0,-8490399.0,8490399.0,-4.3349203e-08,-4.3385597e-08,0.0,0.0,-4.332816e-08,-4.3364555e-08,0.0,0.0,-4.3344475e-08,-4.338245e-08,-4.3369287e-08,-4.3331312e-08,0.0,0.0,0.0,0.0,-33961596.0,1.7342752e-07,1.7342752e-07,-3.339073e-11,-3.6552837e-11,2.6326946e-11,-1.994e-42,-0.00256125,-0.00256125,-1.994e-42,-1.994e-42,-0.00256125,-0.00256125,-1.994e-42,-1.81e-43,-1.81e-43,0.0014054595,0.0014054595,-1.81e-43,-1.81e-43,0.0014054595,0.0014054595,-1.81e-43,-1.81e-43,-1.81e-43,-1.81e-43,0.0014054595,0.0014054595,0.0014054595,0.0014054595,Uniaxial,0.34150001406669617
1.3882062414058432e-29,82664.609375,20214.01953125,0.0,0.24462193250656128,1.7425606790855142e-10,-0.00257625,0.0014183216,0.0014183216,-3.9175274e-21,-6.4586262e-21,-6.352747e-22,-0.0013735472,0.001177781,0.001177781,-3.0231934e-22,-2.1642575e-21,4.934691e-22,8403581.0,-8403581.0,-8403581.0,8403581.0,8403581.0,-8403581.0,-8403581.0,8403581.0,-1.2641321e-08,-1.268207e-08,0.0,0.0,-1.2643953e-08,-1.2684702e-08,0.0,0.0,-1.2633434e-08,-1.2682077e-08,-1.2692589e-08,-1.2643946e-08,0.0,0.0,0.0,0.0,-33614324.0,5.0652048e-08,5.0652048e-08,-4.2100587e-11,-5.0009694e-11,-1.3144687e-11,-6.28e-43,-0.00257625,-0.00257625,-6.28e-43,-6.28e-43,-0.00257625,-0.00257625,-6.28e-43,-5.7e-44,-5.7e-44,0.0014183216,0.0014183216,-5.7e-44,-5.7e-44,0.0014183216,0.0014183216,-5.6e-44,-5.6e-44,-5.6e-44,-5.6e-44,0.0014183216,0.0014183216,0.0014183216,0.0014183216,Uniaxial,0.3434999883174896
1.879417532524069e-29,83166.21875,20005.1875,0.0,0.25242576003074646,1.7425606790855142e-10,-0.00259125,0.0014311838,0.0014311838,-3.9175274e-21,-6.882143e-21,-2.1175824e-22,-0.0013885472,0.0011906432,0.0011906432,-3.7078982e-22,-2.2536122e-21,4.801124e-22,8316763.5,-8316763.5,-8316763.5,8316763.5,8316763.5,-8316763.5,-8316763.5,8316763.5,4.1994586e-09,4.1553823e-09,0.0,0.0,4.199411e-09,4.1553347e-09,0.0,0.0,2.8140494e-09,2.7597995e-09,2.7558127e-09,2.8100626e-09,0.0,0.0,0.0,0.0,-33267054.0,-1.6709587e-08,-1.1139724e-08,-4.0876514e-11,-5.334429e-11,-7.97388e-12,1.7e-43,-0.00259125,-0.00259125,1.7e-43,1.7e-43,-0.00259125,-0.00259125,1.7e-43,1.5e-44,1.5e-44,0.0014311838,0.0014311838,1.5e-44,1.5e-44,0.0014311838,0.0014311838,1.5e-44,1.5e-44,1.5e-44,1.5e-44,0.0014311838,0.0014311838,0.0014311838,0.0014311838,Uniaxial,0.34549999237060547
2.1570588409905483e-29,83662.6171875,19796.35546875,0.0,0.26022958755493164,1.7425606790855142e-10,-0.00260625,0.0014440458,0.0014440458,-4.7645603e-21,-8.152692e-21,-1.4823077e-21,-0.0014035472,0.0012035053,0.0012035053,-4.54006e-22,-2.3653383e-21,4.42945e-22,8229946.0,-8229946.0,-8229946.0,8229946.0,8229946.0,-8229946.0,-8229946.0,8229946.0,4.8503828e-09,4.8021644e-09,0.0,0.0,4.843344e-09,4.7951256e-09,0.0,0.0,4.860503e-09,4.795984e-09,4.7850053e-09,4.8495243e-09,0.0,0.0,0.0,0.0,-32919784.0,-1.9291017e-08,-1.9291017e-08,-4.9160984e-11,-6.600358e-11,-2.195711e-11,2.28e-43,-0.00260625,-0.00260625,2.28e-43,2.28e-43,-0.00260625,-0.00260625,2.28e-43,2.1e-44,2.1e-44,0.0014440458,0.0014440458,2.1e-44,2.1e-44,0.0014440458,0.0014440458,2e-44,2e-44,2e-44,2e-44,0.0014440458,0.0014440458,0.0014440458,0.0014440458,Uniaxial,0.3474999964237213
2.1570588409905483e-29,84153.8125,19587.525390625,0.0,0.2680334150791168,1.7425606790855142e-10,-0.00262125,0.001456908,0.001456908,-5.188077e-21,-9.4232415e-21,6.352747e-22,-0.0014185472,0.0012163674,0.0012163674,-5.4366723e-22,-2.4990118e-21,4.4658766e-22,8143128.0,-8143128.0,-8143128.0,8143128.0,8143128.0,-8143128.0,-8143128.0,8143128.0,1.3858134e-09,1.3359703e-09,0.0,0.0,1.3908176e-09,1.3409747e-09,0.0,0.0,1.3981545e-09,1.3275689e-09,1.3286335e-09,1.3992191e-09,0.0,0.0,0.0,0.0,-32572512.0,-5.453576e-09,-5.453576e-09,-5.2409767e-11,-7.8136365e-11,2.129236e-12,7.6e-44,-0.00262125,-0.00262125,7.6e-44,7.6e-44,-0.00262125,-0.00262125,7.6e-44,7e-45,7e-45,0.001456908,0.001456908,7e-45,7e-45,0.001456908,0.001456908,7e-45,7e-45,7e-45,7e-45,0.001456908,0.001456908,0.001456908,0.001456908,Uniaxial,0.34950000047683716
2.562842199233386e-29,84639.796875,19378.693359375,0.0,0.2758372724056244,1.7425606790855142e-10,-0.00263625,0.00146977,0.00146977,-4.7645603e-21,-8.5762086e-21,2.752857e-21,-0.0014335474,0.0012292295,0.0012292295,-6.2360916e-22,-2.6141115e-21,4.9026743e-22,8056310.5,-8056310.5,-8056310.5,8056310.5,8056310.5,-8056310.5,-8056310.5,8056310.5,-3.1621328e-10,-3.6690614e-10,0.0,0.0,-3.0752298e-10,-3.5821585e-10,0.0,0.0,-3.1507005e-10,-3.798684e-10,-3.5935907e-10,-2.945607e-10,0.0,0.0,0.0,0.0,-32225242.0,1.3488582e-09,1.3488582e-09,-4.6230308e-11,-6.65619e-11,2.5259949e-11,-1.8e-44,-0.00263625,-0.00263625,-1.8e-44,-1.8e-44,-0.00263625,-0.00263625,-1.8e-44,-1e-45,-1e-45,0.00146977,0.00146977,-1e-45,-1e-45,0.00146977,0.00146977,-1e-45,-1e-45,-1e-45,-1e-45,0.00146977,0.00146977,0.00146977,0.00146977,Uniaxial,0.351500004529953
2.541485140782901e-29,85120.5703125,19169.861328125,0.0,0.28364109992980957,1.7425606790855142e-10,-0.00265125,0.0014826321,0.0014826321,-6.0351097e-21,-8.5762086e-21,-2.1175824e-22,-0.0014485474,0.0012420916,0.0012420916,-7.2610065e-22,-2.727031e-21,4.7697135e-22,7969493.0,-7969493.0,-7969493.0,7969493.0,7969493.0,-7969493.0,-7969493.0,7969493.0,-3.0717187e-10,-3.6406558e-10,0.0,0.0,-3.0309563e-10,-3.5998934e-10,0.0,0.0,-2.9977096e-10,-3.6358713e-10,-3.6739026e-10,-3.0357408e-10,0.0,0.0,0.0,0.0,-31877972.0,1.3343224e-09,1.3343224e-09,-5.863199e-11,-6.4597536e-11,-7.606238e-12,-3.8e-44,-0.00265125,-0.00265125,-3.8e-44,-3.8e-44,-0.00265125,-0.00265125,-3.8e-44,-4e-45,-4e-45,0.0014826321,0.0014826321,-4e-45,-4e-45,0.0014826321,0.0014826321,-3e-45,-3e-45,-3e-45,-3e-45,0.0014826321,0.0014826321,0.0014826321,0.0014826321,Uniaxial,0.35350000858306885
2.2211298658787275e-29,85596.1328125,18961.029296875,0.0,0.29144492745399475,1.7425606790855142e-10,-0.00266625,0.0014954943,0.0014954943,-6.4586262e-21,-8.999725e-21,-1.0587912e-21,-0.0014635473,0.0012549537,0.0012549537,-8.3467224e-22,-2.8458331e-21,4.478847e-22,7882675.5,-7882675.5,-7882675.5,7882675.5,7882675.5,-7882675.5,-7882675.5,7882675.5,3.1291986e-11,-2.7002529e-11,0.0,0.0,2.7002529e-11,-3.1291986e-11,0.0,0.0,3.667886e-11,-2.4510057e-11,-3.667886e-11,2.4510057e-11,0.0,0.0,0.0,0.0,-31530702.0,0.0,0.0,-6.143359e-11,-6.7222394e-11,-1.645826e-11,-1e-44,-0.00266625,-0.00266625,-1e-44,-1e-44,-0.00266625,-0.00266625,-1e-44,-0.0,-0.0,0.0014954943,0.0014954943,-0.0,-0.0,0.0014954943,0.0014954943,-1e-45,-1e-45,-1e-45,-1e-45,0.0014954943,0.0014954943,0.0014954943,0.0014954943,Uniaxial,0.3555000126361847
1.879417532524069e-29,86066.4921875,18752.197265625,0.0,0.29924875497817993,1.7425606790855142e-10,-0.00268125,0.0015083563,0.0015083563,-6.0351097e-21,-7.305659e-21,1.4823077e-21,-0.0014785473,0.0012678158,0.0012678158,-9.331663e-22,-2.9303002e-21,4.674762e-22,7795857.5,-7795857.5,-7795857.5,7795857.5,7795857.5,-7795857.5,-7795857.5,7795857.5,3.5114012e-10,2.999433e-10,0.0,0.0,3.5268216e-10,3.0148534e-10,0.0,0.0,3.4917774e-10,2.9796599e-10,3.034477e-10,3.5465947e-10,0.0,0.0,0.0,0.0,-31183430.0,-1.3052509e-09,-1.3052509e-09,-5.5117563e-11,-4.726809e-11,1.0963477e-11,7e-45,-0.00268125,-0.00268125,7e-45,7e-45,-0.00268125,-0.00268125,7e-45,0.0,0.0,0.0015083563,0.0015083563,-0.0,-0.0,0.0015083563,0.0015083563,1e-45,1e-45,1e-45,1e-45,0.0015083563,0.0015083563,0.0015083563,0.0015083563,Uniaxial,0.35749998688697815
1.9007745909745543e-29,86531.640625,18543.3671875,0.0,0.3070525825023651,1.7425606790855142e-10,-0.00269625,0.0015212185,0.0015212185,-4.7645603e-21,-7.305659e-21,-6.352747e-22,-0.0014935473,0.001280678,0.001280678,-1.0057313e-21,-3.0131677e-21,4.465906e-22,7709040.0,-7709040.0,-7709040.0,7709040.0,7709040.0,-7709040.0,-7709040.0,7709040.0,-2.9596173e-10,-3.3967743e-10,0.0,0.0,-3.0568015e-10,-3.4939585e-10,0.0,0.0,-2.925666e-10,-3.4307254e-10,-3.5279096e-10,-3.0228503e-10,0.0,0.0,0.0,0.0,-30836160.0,1.2907151e-09,1.2907151e-09,-4.0155344e-11,-4.5856426e-11,-1.15575015e-11,1e-44,-0.00269625,-0.00269625,1e-44,1e-44,-0.00269625,-0.00269625,1e-44,1e-45,1e-45,0.0015212185,0.0015212185,1e-45,1e-45,0.0015212185,0.0015212185,-0.0,-0.0,0.0,0.0,0.0015212185,0.0015212185,0.0015212185,0.0015212185,Uniaxial,0.359499990940094
1.580419316070381e-29,86991.578125,18334.53515625,0.0,0.3148564100265503,1.7425606790855142e-10,-0.00271125,0.0015340806,0.0015340806,-5.188077e-21,-8.5762086e-21,-2.1175824e-22,-0.0015085473,0.00129354,0.00129354,-1.0849431e-21,-3.1185293e-21,4.3412174e-22,7622222.5,-7622222.5,-7622222.5,7622222.5,7622222.5,-7622222.5,-7622222.5,7622222.5,-6.117603e-10,-6.570683e-10,0.0,0.0,-6.191111e-10,-6.644191e-10,0.0,0.0,-6.121231e-10,-6.645849e-10,-6.640563e-10,-6.115945e-10,0.0,0.0,0.0,0.0,-30488890.0,2.5523588e-09,2.5523588e-09,-4.3339884e-11,-5.764745e-11,-6.8221912e-12,7e-45,-0.00271125,-0.00271125,7e-45,7e-45,-0.00271125,-0.00271125,7e-45,-0.0,0.0,0.0015340806,0.0015340806,-0.0,0.0,0.0015340806,0.0015340806,1e-45,1e-45,1e-45,1e-45,0.0015340806,0.0015340806,0.0015340806,0.0015340806,Uniaxial,0.36149999499320984
1.580419316070381e-29,87446.3046875,18125.703125,0.0,0.3226602375507355,1.7425606790855142e-10,-0.00272625,0.0015469426,0.0015469426,-6.0351097e-21,-7.729176e-21,1.9058241e-21,-0.0015235473,0.0013064021,0.0013064021,-1.1786971e-21,-3.205853e-21,4.619951e-22,7535404.5,-7535404.5,-7535404.5,7535404.5,7535404.5,-7535404.5,-7535404.5,7535404.5,3.3416891e-10,2.8517474e-10,0.0,0.0,3.4564704e-10,2.966529e-10,0.0,0.0,3.3329936e-10,2.860443e-10,2.9752245e-10,3.4477748e-10,0.0,0.0,0.0,0.0,-30141618.0,-1.2616436e-09,-1.2616436e-09,-5.071222e-11,-4.7233988e-11,1.5076926e-11,-1e-44,-0.00272625,-0.00272625,-1e-44,-1e-44,-0.00272625,-0.00272625,-1e-44,-0.0,-0.0,0.0015469426,0.0015469426,-0.0,-0.0,0.0015469426,0.0015469426,-1e-45,-1e-45,-1e-45,-1e-45,0.0015469426,0.0015469426,0.0015469426,0.0015469426,Uniaxial,0.3634999990463257
1.879417532524069e-29,87896.171875,17944.51953125,0.0,0.3294309377670288,1.7425608178633922e-10,-0.00274125,0.0015598048,0.0015598048,-6.0351097e-21,-7.305659e-21,-1.4823077e-21,-0.0015385473,0.0013192642,0.0013192642,-1.2706754e-21,-3.2835015e-21,4.251709e-22,7460081.0,-7460081.0,-7460081.0,7460081.0,7460081.0,-7460081.0,-7460081.0,7460081.0,-5.934838e-10,-6.456887e-10,0.0,0.0,-6.033435e-10,-6.5554845e-10,0.0,0.0,-5.954022e-10,-6.3983063e-10,-6.5363004e-10,-6.092016e-10,0.0,0.0,0.0,0.0,-29840324.0,2.4980644e-09,2.4980644e-09,-4.9254434e-11,-4.1580822e-11,-1.9719398e-11,-0.0,-0.00274125,-0.00274125,-0.0,-0.0,-0.00274125,-0.00274125,-0.0,-0.0,-0.0,0.0015598048,0.0015598048,-0.0,-0.0,0.0015598048,0.0015598048,0.0,0.0,0.0,0.0,0.0015598048,0.0015598048,0.0015598048,0.0015598048,Uniaxial,0.36550000309944153
1.9007745909745543e-29,88341.53125,17764.59375,0.0,0.336154580116272,1.7425608178633922e-10,-0.00275625,0.0015726669,0.0015726669,-6.882143e-21,-7.305659e-21,2.752857e-21,-0.0015535473,0.0013321263,0.0013321263,-1.3769543e-21,-3.3596795e-21,4.6925627e-22,7385280.5,-7385280.5,-7385280.5,7385280.5,7385280.5,-7385280.5,-7385280.5,7385280.5,2.0061683e-11,-3.5686867e-11,0.0,0.0,3.5686867e-11,-2.0061683e-11,0.0,0.0,1.41025e-11,-2.9727686e-11,-1.41025e-11,2.9727686e-11,0.0,0.0,0.0,0.0,-29541122.0,0.0,0.0,-5.634166e-11,-4.0384276e-11,2.3371019e-11,-0.0,-0.00275625,-0.00275625,0.0,-0.0,-0.00275625,-0.00275625,0.0,0.0,0.0,0.0015726669,0.0015726669,-0.0,-0.0,0.0015726669,0.0015726669,0.0,0.0,-0.0,-0.0,0.0015726669,0.0015726669,0.0015726669,0.0015726669,Uniaxial,0.3675000071525574
2.1570588409905483e-29,88782.40625,17584.66796875,0.0,0.34287822246551514,1.7425608178633922e-10,-0.00277125,0.001585529,0.001585529,-6.882143e-21,-8.5762086e-21,6.352747e-22,-0.0015685473,0.0013449885,0.0013449885,-1.4812202e-21,-3.4584785e-21,4.7240056e-22,7310479.5,-7310479.5,-7310479.5,7310479.5,7310479.5,-7310479.5,-7310479.5,7310479.5,-2.769713e-10,-3.3584605e-10,0.0,0.0,-2.7614627e-10,-3.3502104e-10,0.0,0.0,-1.2015865e-09,-1.2511475e-09,-1.2463828e-09,-1.1968219e-09,0.0,0.0,0.0,0.0,-29241918.0,1.2239847e-09,4.8959388e-09,-5.4714733e-11,-5.184582e-11,1.6500171e-12,0.0,-0.00277125,-0.00277125,0.0,0.0,-0.00277125,-0.00277125,0.0,-0.0,-0.0,0.001585529,0.001585529,0.0,0.0,0.001585529,0.001585529,-0.0,-0.0,0.0,0.0,0.001585529,0.001585529,0.001585529,0.001585529,Uniaxial,0.3695000112056732
1.687204457859531e-29,89218.7890625,17404.7421875,0.0,0.3496018648147583,1.7425608178633922e-10,-0.00278625,0.0015983911,0.0015983911,-8.152692e-21,-8.5762086e-21,3.1763736e-21,-0.0015835473,0.0013578505,0.0013578505,-1.607575e-21,-3.555406e-21,5.2361265e-22,7235679.0,-7235679.0,-7235679.0,7235679.0,7235679.0,-7235679.0,-7235679.0,7235679.0,6.2927646e-10,5.688849e-10,0.0,0.0,6.4257605e-10,5.8218447e-10,0.0,0.0,-2.890498e-10,-3.339199e-10,-3.1668065e-10,-2.7181055e-10,0.0,0.0,0.0,0.0,-28942716.0,-2.4229219e-09,1.2114609e-09,-6.56277e-11,-5.0343445e-11,2.6599157e-11,-1.3e-44,-0.00278625,-0.00278625,-1.3e-44,-1.3e-44,-0.00278625,-0.00278625,-1.3e-44,-0.0,-0.0,0.0015983911,0.0015983911,-0.0,-0.0,0.0015983911,0.0015983911,-1e-45,-1e-45,-1e-45,-1e-45,0.0015983911,0.0015983911,0.0015983911,0.0015983911,Uniaxial,0.3714999854564667
2.242486924329213e-29,89650.6875,17224.81640625,0.0,0.35632553696632385,1.7425608178633922e-10,-0.00280125,0.0016112532,0.0016112532,-7.305659e-21,-7.729176e-21,1.9058241e-21,-0.0015985473,0.0013707126,0.0013707126,-1.7154942e-21,-3.6344555e-21,5.4979117e-22,7160878.5,-7160878.5,-7160878.5,7160878.5,7160878.5,-7160878.5,-7160878.5,7160878.5,6.2179173e-10,5.6253785e-10,0.0,0.0,6.3639927e-10,5.771454e-10,0.0,0.0,-5.828252e-10,-6.267798e-10,-6.16112e-10,-5.721573e-10,0.0,0.0,0.0,0.0,-28643514.0,-2.3978743e-09,2.3978743e-09,-5.5472966e-11,-4.0633198e-11,1.3456342e-11,1.4e-44,-0.00280125,-0.00280125,1.4e-44,1.4e-44,-0.00280125,-0.00280125,1.4e-44,1e-45,1e-45,0.0016112532,0.0016112532,1e-45,1e-45,0.0016112532,0.0016112532,1e-45,1e-45,1e-45,1e-45,0.0016112532,0.0016112532,0.0016112532,0.0016112532,Uniaxial,0.3734999895095825
2.1570588409905483e-29,90078.09375,17044.890625,0.0,0.363049179315567,1.7425608178633922e-10,-0.00281625,0.0016241153,0.0016241153,-8.152692e-21,-7.729176e-21,4.0234065e-21,-0.0016135473,0.0013835748,0.0013835748,-1.837412e-21,-3.7120077e-21,6.1557995e-22,7086078.0,-7086078.0,-7086078.0,7086078.0,7086078.0,-7086078.0,-7086078.0,7086078.0,2.2896247e-11,-3.9628096e-11,0.0,0.0,3.9628096e-11,-2.2896247e-11,0.0,0.0,1.1345067e-11,-3.2016587e-11,-1.1345067e-11,3.2016587e-11,0.0,0.0,0.0,0.0,-28344312.0,0.0,0.0,-6.2013894e-11,-3.944722e-11,3.3463694e-11,3e-45,-0.00281625,-0.00281625,3e-45,3e-45,-0.00281625,-0.00281625,3e-45,0.0,0.0,0.0016241153,0.0016241153,0.0,0.0,0.0016241153,0.0016241153,0.0,0.0,0.0,0.0,0.0016241153,0.0016241153,0.0016241153,0.0016241153,Uniaxial,0.37549999356269836
2.562842199233386e-29,90501.015625,16864.96484375,0.0,0.3697728216648102,1.7425609566412703e-10,-0.00283125,0.0016369774,0.0016369774,-8.5762086e-21,-8.152692e-21,4.0234065e-21,-0.0016285473,0.0013964368,0.0013964368,-1.9650419e-21,-3.7961124e-21,6.801227e-22,7011277.5,-7011277.5,-7011277.5,7011277.5,7011277.5,-7011277.5,-7011277.5,7011277.5,-1.1541329e-09,-1.2177673e-09,0.0,0.0,-1.1300119e-09,-1.1936463e-09,0.0,0.0,-1.1596093e-09,-1.2083513e-09,-1.1881699e-09,-1.1394279e-09,0.0,0.0,0.0,0.0,-28045110.0,4.695558e-09,4.695558e-09,-6.423411e-11,-4.232854e-11,3.2483353e-11,4e-45,-0.00283125,-0.00283125,4e-45,4e-45,-0.00283125,-0.00283125,4e-45,0.0,0.0,0.0016369774,0.0016369774,0.0,0.0,0.0016369774,0.0016369774,0.0,0.0,0.0,0.0,0.0016369774,0.0016369774,0.0016369774,0.0016369774,Uniaxial,0.3774999976158142
3.203552749041733e-29,90919.4453125,16685.0390625,0.0,0.37649646401405334,1.7425609566412703e-10,-0.00284625,0.0016498395,0.0016498395,-8.999725e-21,-9.4232415e-21,3.59989e-21,-0.0016435473,0.001409299,0.001409299,-2.098276e-21,-3.902688e-21,7.354219e-22,6936476.5,-6936476.5,-6936476.5,6936476.5,6936476.5,-6936476.5,-6936476.5,6936476.5,-1.4321568e-09,-1.5007835e-09,0.0,0.0,-1.402631e-09,-1.4712577e-09,0.0,0.0,-1.4315356e-09,-1.485646e-09,-1.471879e-09,-1.4177685e-09,0.0,0.0,0.0,0.0,-27745906.0,5.8068292e-09,5.8068292e-09,-6.6339115e-11,-5.3065472e-11,2.753426e-11,-1.3e-44,-0.00284625,-0.00284625,-1.3e-44,-1.3e-44,-0.00284625,-0.00284625,-1.3e-44,-1e-45,-1e-45,0.0016498395,0.0016498395,-1e-45,-1e-45,0.0016498395,0.0016498395,-1e-45,-1e-45,-1e-45,-1e-45,0.0016498395,0.0016498395,0.0016498395,0.0016498395,Uniaxial,0.37950000166893005
2.7336983659107155e-29,91333.390625,16505.11328125,0.0,0.3832201361656189,1.7425610954191484e-10,-0.00286125,0.0016627016,0.0016627016,-1.02702745e-20,-1.02702745e-20,1.0587912e-21,-0.0016585473,0.0014221611,0.0014221611,-2.25305e-21,-4.023287e-21,7.415463e-22,6861676.0,-6861676.0,-6861676.0,6861676.0,6861676.0,-6861676.0,-6861676.0,6861676.0,-1.1187188e-09,-1.1883529e-09,0.0,0.0,-1.1093312e-09,-1.1789653e-09,0.0,0.0,-1.1268667e-09,-1.1841447e-09,-1.1708174e-09,-1.1135394e-09,0.0,0.0,0.0,0.0,-27446704.0,4.595368e-09,4.595368e-09,-7.62333e-11,-5.9400665e-11,3.0165829e-12,-1e-45,-0.00286125,-0.00286125,-1e-45,-1e-45,-0.00286125,-0.00286125,-1e-45,-0.0,-0.0,0.0016627016,0.0016627016,-0.0,-0.0,0.0016627016,0.0016627016,0.0,0.0,0.0,0.0,0.0016627016,0.0016627016,0.0016627016,0.0016627016,Uniaxial,0.3815000057220459
2.797769240335618e-29,91742.84375,16325.1865234375,0.0,0.38994377851486206,1.7425610954191484e-10,-0.00287625,0.0016755637,0.0016755637,-9.4232415e-21,-9.846758e-21,2.752857e-21,-0.0016735473,0.0014350232,0.0014350232,-2.3888504e-21,-4.133581e-21,7.796397e-22,6786875.5,-6786875.5,-6786875.5,6786875.5,6786875.5,-6786875.5,-6786875.5,6786875.5,5.879386e-10,5.2334187e-10,0.0,0.0,6.129764e-10,5.483797e-10,0.0,0.0,2.0111395e-09,1.9566955e-09,1.9659745e-09,2.0204185e-09,0.0,0.0,0.0,0.0,-27147502.0,-2.2726365e-09,-7.9542275e-09,-6.615868e-11,-5.373262e-11,1.8558176e-11,-8e-45,-0.00287625,-0.00287625,-8e-45,-8e-45,-0.00287625,-0.00287625,-8e-45,-0.0,-0.0,0.0016755637,0.0016755637,-0.0,-0.0,0.0016755637,0.0016755637,-1e-45,-1e-45,-1e-45,-1e-45,0.0016755637,0.0016755637,0.0016755637,0.0016755637,Uniaxial,0.38350000977516174
3.160838632140762e-29,92147.8125,16145.2607421875,0.0,0.3966674208641052,1.7425610954191484e-10,-0.00289125,0.0016884258,0.0016884258,-8.5762086e-21,-1.02702745e-20,2.3293406e-21,-0.0016885473,0.0014478853,0.0014478853,-2.5060364e-21,-4.2498076e-21,8.0899036e-22,6712075.0,-6712075.0,-6712075.0,6712075.0,6712075.0,-6712075.0,-6712075.0,6712075.0,5.8232635e-10,5.225785e-10,0.0,0.0,6.01216e-10,5.4146815e-10,0.0,0.0,5.782711e-10,5.2269405e-10,5.455234e-10,6.0110045e-10,0.0,0.0,0.0,0.0,-26848300.0,-2.247589e-09,-2.247589e-09,-5.646096e-11,-5.5998636e-11,1.4141351e-11,1.4e-44,-0.00289125,-0.00289125,1.4e-44,1.4e-44,-0.00289125,-0.00289125,1.4e-44,0.0,0.0,0.0016884258,0.0016884258,0.0,0.0,0.0016884258,0.0016884258,1e-45,1e-45,1e-45,1e-45,0.0016884258,0.0016884258,0.0016884258,0.0016884258,Uniaxial,0.3855000138282776
3.417123032620033e-29,92548.296875,15965.3349609375,0.0,0.4033910632133484,1.7425610954191484e-10,-0.00290625,0.0017012879,0.0017012879,-8.999725e-21,-1.0693791e-20,2.3293406e-21,-0.0017035473,0.0014607473,0.0014607473,-2.629024e-21,-4.371854e-21,8.377852e-22,6637274.5,-6637274.5,-6637274.5,6637274.5,6637274.5,-6637274.5,-6637274.5,6637274.5,1.1362788e-09,1.0715238e-09,0.0,0.0,1.1510176e-09,1.0862626e-09,0.0,0.0,-2.5292168e-10,-3.135128e-10,-3.0271366e-10,-2.4212257e-10,0.0,0.0,0.0,0.0,-26549098.0,-4.445083e-09,1.1112707e-09,-5.8595934e-11,-5.8147414e-11,1.37189106e-11,4e-45,-0.00290625,-0.00290625,4e-45,4e-45,-0.00290625,-0.00290625,4e-45,0.0,0.0,0.0017012879,0.0017012879,0.0,0.0,0.0017012879,0.0017012879,0.0,0.0,0.0,0.0,0.0017012879,0.0017012879,0.0017012879,0.0017012879,Uniaxial,0.38749998807907104
3.417123032620033e-29,92944.2890625,15785.4091796875,0.0,0.41011473536491394,1.7425610954191484e-10,-0.00292125,0.0017141501,0.0017141501,-1.0693791e-20,-1.196434e-20,3.1763736e-21,-0.0017185473,0.0014736095,0.0014736095,-2.7817672e-21,-4.515652e-21,8.820771e-22,6562473.5,-6562473.5,-6562473.5,6562473.5,6562473.5,-6562473.5,-6562473.5,6562473.5,8.486512e-10,7.811576e-10,0.0,0.0,8.6696283e-10,7.994692e-10,0.0,0.0,8.475978e-10,7.7827134e-10,8.005226e-10,8.698491e-10,0.0,0.0,0.0,0.0,-26249894.0,-3.2962408e-09,-3.2962408e-09,-7.195246e-11,-6.773885e-11,2.086448e-11,7e-45,-0.00292125,-0.00292125,7e-45,7e-45,-0.00292125,-0.00292125,7e-45,1e-45,1e-45,0.0017141501,0.0017141501,1e-45,1e-45,0.0017141501,0.0017141501,0.0,0.0,-0.0,-0.0,0.0017141501,0.0017141501,0.0017141501,0.0017141501,Uniaxial,0.3894999921321869
3.822906240399594e-29,93335.796875,15605.4833984375,0.0,0.4168383777141571,1.7425610954191484e-10,-0.00293625,0.0017270121,0.0017270121,-1.0693791e-20,-1.2811373e-20,4.446923e-21,-0.0017335473,0.0014864716,0.0014864716,-2.9316176e-21,-4.6727695e-21,9.495936e-22,6487673.0,-6487673.0,-6487673.0,6487673.0,6487673.0,-6487673.0,-6487673.0,6487673.0,-1.0628486e-09,-1.1331983e-09,0.0,0.0,-1.0392481e-09,-1.1095977e-09,0.0,0.0,-1.0639724e-09,-1.1360142e-09,-1.108474e-09,-1.0364322e-09,0.0,0.0,0.0,0.0,-25950692.0,4.344893e-09,4.344893e-09,-6.978511e-11,-7.316937e-11,3.1442418e-11,3e-45,-0.00293625,-0.00293625,3e-45,3e-45,-0.00293625,-0.00293625,3e-45,0.0,0.0,0.0017270121,0.0017270121,0.0,0.0,0.0017270121,0.0017270121,0.0,0.0,0.0,0.0,0.0017270121,0.0017270121,0.0017270121,0.0017270121,Uniaxial,0.39149999618530273
3.6947641906232354e-29,93722.8125,15425.5576171875,0.0,0.42356202006340027,1.7425610954191484e-10,-0.00295125,0.0017398742,0.0017398742,-1.1540824e-20,-1.323489e-20,3.59989e-21,-0.0017485473,0.0014993337,0.0014993337,-3.0946723e-21,-4.8349325e-21,9.997891e-22,6412872.5,-6412872.5,-6412872.5,6412872.5,6412872.5,-6412872.5,-6412872.5,6412872.5,5.6165683e-10,4.886703e-10,0.0,0.0,5.850291e-10,5.120426e-10,0.0,0.0,5.595844e-10,4.907428e-10,5.1411503e-10,5.829566e-10,0.0,0.0,0.0,0.0,-25651490.0,-2.1473987e-09,-2.1473987e-09,-7.5058855e-11,-7.4648336e-11,2.3106453e-11,-2.1e-44,-0.00295125,-0.00295125,-2.1e-44,-2.1e-44,-0.00295125,-0.00295125,-2.1e-44,-3e-45,-3e-45,0.0017398742,0.0017398742,-3e-45,-3e-45,0.0017398742,0.0017398742,-1e-45,-1e-45,-1e-45,-1e-45,0.0017398742,0.0017398742,0.0017398742,0.0017398742,Uniaxial,0.3935000002384186
3.566622140846877e-29,94105.3359375,15245.6318359375,0.0,0.43028566241264343,1.7425610954191484e-10,-0.00296625,0.0017527364,0.0017527364,-1.2387857e-20,-1.2387857e-20,4.8704394e-21,-0.0017635473,0.0015121958,0.0015121958,-3.2706812e-21,-4.9779814e-21,1.0730976e-21,6338072.0,-6338072.0,-6338072.0,6338072.0,6338072.0,-6338072.0,-6338072.0,6338072.0,2.907639e-10,2.1526833e-10,0.0,0.0,3.1531946e-10,2.3982388e-10,0.0,0.0,2.8110556e-10,2.1704734e-10,2.4948224e-10,3.1354047e-10,0.0,0.0,0.0,0.0,-25352288.0,-1.0611756e-09,-1.0611756e-09,-8.007703e-11,-6.508164e-11,3.3352418e-11,1e-44,-0.00296625,-0.00296625,1e-44,1e-44,-0.00296625,-0.00296625,1e-44,1e-45,1e-45,0.0017527364,0.0017527364,1e-45,1e-45,0.0017527364,0.0017527364,1e-45,1e-45,1e-45,1e-45,0.0017527364,0.0017527364,0.0017527364,0.0017527364,Uniaxial,0.3955000042915344
3.758835065048138e-29,94483.375,15065.7060546875,0.0,0.437009334564209,1.7425610954191484e-10,-0.00298125,0.0017655984,0.0017655984,-1.2387857e-20,-1.11173074e-20,6.5645053e-21,-0.0017785473,0.001525058,0.001525058,-3.4433566e-21,-5.0942576e-21,1.1771025e-21,6263271.5,-6263271.5,-6263271.5,6263271.5,6263271.5,-6263271.5,-6263271.5,6263271.5,-5.0872817e-10,-5.8300187e-10,0.0,0.0,-4.6565e-10,-5.3992366e-10,0.0,0.0,-5.1112764e-10,-5.6878335e-10,-5.375242e-10,-4.798685e-10,0.0,0.0,0.0,0.0,-25053086.0,2.0973037e-09,2.0973037e-09,-7.763325e-11,-5.2276697e-11,4.6759638e-11,-3e-45,-0.00298125,-0.00298125,-3e-45,-3e-45,-0.00298125,-0.00298125,-3e-45,0.0,0.0,0.0017655984,0.0017655984,0.0,0.0,0.0017655984,0.0017655984,-1e-45,-1e-45,-1e-45,-1e-45,0.0017655984,0.0017655984,0.0017655984,0.0017655984,Uniaxial,0.39750000834465027
3.758835065048138e-29,94856.9296875,14885.7802734375,0.0,0.44373297691345215,1.7425610954191484e-10,-0.00299625,0.0017784606,0.0017784606,-1.2387857e-20,-1.2387857e-20,6.140989e-21,-0.0017935473,0.00153792,0.00153792,-3.6127614e-21,-5.2323956e-21,1.2711164e-21,6188470.5,-6188470.5,-6188470.5,6188470.5,6188470.5,-6188470.5,-6188470.5,6188470.5,1.0582896e-09,9.812661e-10,0.0,0.0,1.0909901e-09,1.0139666e-09,0.0,0.0,1.0809691e-11,-4.7449874e-11,-1.0809691e-11,4.7449874e-11,0.0,0.0,0.0,0.0,-24753882.0,-4.1445123e-09,0.0,-7.525332e-11,-6.1363685e-11,4.176297e-11,-7e-45,-0.00299625,-0.00299625,-7e-45,-7e-45,-0.00299625,-0.00299625,-7e-45,-1e-45,-1e-45,0.0017784606,0.0017784606,-1e-45,-1e-45,0.0017784606,0.0017784606,-0.0,0.0,0.0,-0.0,0.0017784606,0.0017784606,0.0017784606,0.0017784606,Uniaxial,0.3995000123977661
3.822906240399594e-29,95225.9921875,14705.8544921875,0.0,0.4504566192626953,1.7425612341970265e-10,-0.00301125,0.0017913226,0.0017913226,-1.323489e-20,-1.2387857e-20,4.0234065e-21,-0.0018085473,0.0015507821,0.0015507821,-3.7950004e-21,-5.3679167e-21,1.3232436e-21,6113670.0,-6113670.0,-6113670.0,6113670.0,6113670.0,-6113670.0,-6113670.0,6113670.0,7.937972e-10,7.144125e-10,0.0,0.0,8.2099394e-10,7.416093e-10,0.0,0.0,-2.3690247e-10,-2.942171e-10,-2.748997e-10,-2.1758505e-10,0.0,0.0,0.0,0.0,-24454680.0,-3.070813e-09,1.0236043e-09,-7.997594e-11,-5.947382e-11,2.2876123e-11,8e-45,-0.00301125,-0.00301125,8e-45,8e-45,-0.00301125,-0.00301125,8e-45,1e-45,1e-45,0.0017913226,0.0017913226,1e-45,1e-45,0.0017913226,0.0017913226,1e-45,1e-45,1e-45,1e-45,0.0017913226,0.0017913226,0.0017913226,0.0017913226,Uniaxial,0.40149998664855957
4.036476523977894e-29,95590.5703125,14525.9287109375,0.0,0.4571802616119385,1.7425612341970265e-10,-0.00302625,0.0018041848,0.0018041848,-1.3658406e-20,-1.11173074e-20,4.0234065e-21,-0.0018235473,0.0015636443,0.0015636443,-3.981809e-21,-5.4768077e-21,1.3743835e-21,6038869.5,-6038869.5,-6038869.5,6038869.5,6038869.5,-6038869.5,-6038869.5,6038869.5,7.848319e-10,7.0888573e-10,0.0,0.0,8.077351e-10,7.3178885e-10,0.0,0.0,7.704784e-10,7.153598e-10,7.4614237e-10,8.0126095e-10,0.0,0.0,0.0,0.0,-24155478.0,-3.0332417e-09,-3.0332417e-09,-8.097832e-11,-4.7202357e-11,2.216827e-11,1e-44,-0.00302625,-0.00302625,1e-44,1e-44,-0.00302625,-0.00302625,1e-44,1e-45,1e-45,0.0018041848,0.0018041848,1e-45,1e-45,0.0018041848,0.0018041848,0.0,0.0,0.0,0.0,0.0018041848,0.0018041848,0.0018041848,0.0018041848,Uniaxial,0.4034999907016754
3.67340713217275e-29,95950.65625,14346.0029296875,0.0,0.46390393376350403,1.7425612341970265e-10,-0.00304125,0.0018170469,0.0018170469,-1.323489e-20,-1.323489e-20,2.3293406e-21,-0.0018385473,0.0015765063,0.0015765063,-4.1570588e-21,-5.6237425e-21,1.39247e-21,5964069.0,-5964069.0,-5964069.0,5964069.0,5964069.0,-5964069.0,-5964069.0,5964069.0,5.2791826e-10,4.549479e-10,0.0,0.0,5.436088e-10,4.706385e-10,0.0,0.0,5.209481e-10,4.5797838e-10,4.776086e-10,5.4057836e-10,0.0,0.0,0.0,0.0,-23856276.0,-1.9971136e-09,-1.9971136e-09,-7.502659e-11,-6.290472e-11,7.743061e-12,-8e-45,-0.00304125,-0.00304125,-8e-45,-8e-45,-0.00304125,-0.00304125,-8e-45,-1e-45,-1e-45,0.0018170469,0.0018170469,-1e-45,-1e-45,0.0018170469,0.0018170469,-1e-45,-1e-45,-1e-45,-1e-45,0.0018170469,0.0018170469,0.0018170469,0.0018170469,Uniaxial,0.40549999475479126
3.929691231725467e-29,96306.2578125,14166.0771484375,0.0,0.4706275761127472,1.7425612341970265e-10,-0.00305625,0.0018299089,0.0018299089,-1.2811373e-20,-1.3658406e-20,6.5645053e-21,-0.0018535473,0.0015893684,0.0015893684,-4.3209678e-21,-5.7759155e-21,1.4904261e-21,5889268.0,-5889268.0,-5889268.0,5889268.0,5889268.0,-5889268.0,-5889268.0,5889268.0,-2.2771893e-10,-2.9782177e-10,0.0,0.0,-1.9519472e-10,-2.6529756e-10,0.0,0.0,-2.2895925e-10,-2.9658145e-10,-2.6405725e-10,-1.9643505e-10,0.0,0.0,0.0,0.0,-23557072.0,9.86033e-10,9.86033e-10,-6.9291545e-11,-6.4330256e-11,4.1410365e-11,6e-45,-0.00305625,-0.00305625,6e-45,6e-45,-0.00305625,-0.00305625,6e-45,0.0,0.0,0.0018299089,0.0018299089,-0.0,-0.0,0.0018299089,0.0018299089,1e-45,1e-45,1e-45,1e-45,0.0018299089,0.0018299089,0.0018299089,0.0018299089,Uniaxial,0.4074999988079071
4.2500465066296403e-29,96657.375,13986.1513671875,0.0,0.47735121846199036,1.7425612341970265e-10,-0.00307125,0.0018427711,0.0018427711,-1.2811373e-20,-1.5352472e-20,6.988022e-21,-0.0018685473,0.0016022306,0.0016022306,-4.4817724e-21,-5.9572914e-21,1.5945483e-21,5814467.5,-5814467.5,-5814467.5,5814467.5,5814467.5,-5814467.5,-5814467.5,5814467.5,-2.2170414e-10,-2.9465877e-10,0.0,0.0,-1.9209583e-10,-2.6505045e-10,0.0,0.0,-9.516594e-10,-1.0249673e-09,-9.95359e-10,-9.220511e-10,0.0,0.0,0.0,0.0,-23257870.0,9.735092e-10,3.8940366e-09,-6.711578e-11,-7.570169e-11,4.3457925e-11,1e-45,-0.00307125,-0.00307125,1e-45,1e-45,-0.00307125,-0.00307125,1e-45,1e-45,1e-45,0.0018427711,0.0018427711,1e-45,1e-45,0.0018427711,0.0018427711,-0.0,-0.0,-0.0,-0.0,0.0018427711,0.0018427711,0.0018427711,0.0018427711,Uniaxial,0.40950000286102295
4.4209026733069697e-29,97003.9921875,13806.2255859375,0.0,0.4840748608112335,1.7425612341970265e-10,-0.00308625,0.0018556332,0.0018556332,-1.4081923e-20,-1.6199505e-20,1.9058241e-21,-0.0018835473,0.0016150926,0.0016150926,-4.663595e-21,-6.1512745e-21,1.6004436e-21,5739667.0,-5739667.0,-5739667.0,5739667.0,5739667.0,-5739667.0,-5739667.0,5739667.0,-6.888295e-10,-7.6962187e-10,0.0,0.0,-6.718563e-10,-7.5264867e-10,0.0,0.0,5.11685e-10,4.402066e-10,4.493004e-10,5.2077886e-10,0.0,0.0,0.0,0.0,-22958668.0,2.8829563e-09,-1.9219708e-09,-7.4911924e-11,-7.9922076e-11,2.428949e-12,-7e-45,-0.00308625,-0.00308625,-7e-45,-7e-45,-0.00308625,-0.00308625,-7e-45,-1e-45,-1e-45,0.0018556332,0.0018556332,-1e-45,-1e-45,0.0018556332,0.0018556332,-1e-45,-1e-45,-1e-45,-1e-45,0.0018556332,0.0018556332,0.0018556332,0.0018556332,Uniaxial,0.4115000069141388
4.271403565080126e-29,97346.1328125,13626.2998046875,0.0,0.4907985329627991,1.7425612341970265e-10,-0.00310125,0.0018684953,0.0018684953,-1.6199505e-20,-1.5352472e-20,1.4823077e-21,-0.0018985473,0.0016279548,0.0016279548,-4.88208e-21,-6.3255414e-21,1.5982062e-21,5664866.5,-5664866.5,-5664866.5,5664866.5,5664866.5,-5664866.5,-5664866.5,5664866.5,4.0166974e-11,-4.759141e-11,0.0,0.0,4.759141e-11,-4.0166974e-11,0.0,0.0,7.430783e-10,6.761294e-10,6.7961414e-10,7.465631e-10,0.0,0.0,0.0,0.0,-22659466.0,0.0,-2.845385e-09,-8.884393e-11,-7.0863114e-11,-9.098257e-13,-6e-45,-0.00310125,-0.00310125,-6e-45,-6e-45,-0.00310125,-0.00310125,-6e-45,-0.0,-0.0,0.0018684953,0.0018684953,-0.0,-0.0,0.0018684953,0.0018684953,-0.0,-0.0,-0.0,-0.0,0.0018684953,0.0018684953,0.0018684953,0.0018684953,Uniaxial,0.41350001096725464
4.506330907108911e-29,97683.78125,13446.3740234375,0.0,0.49752217531204224,1.7425612341970265e-10,-0.00311625,0.0018813574,0.0018813574,-1.7470055e-20,-1.4081923e-20,3.59989e-21,-0.0019135473,0.0016408168,0.0016408168,-5.120491e-21,-6.472444e-21,1.6361172e-21,5590066.0,-5590066.0,-5590066.0,5590066.0,5590066.0,-5590066.0,-5590066.0,5590066.0,2.6985664e-10,1.8262675e-10,0.0,0.0,2.853422e-10,1.981123e-10,0.0,0.0,1.1907052e-09,1.1257746e-09,1.1491395e-09,1.2140701e-09,0.0,0.0,0.0,0.0,-22360264.0,-9.359379e-10,-4.6796895e-09,-9.56663e-11,-5.8947076e-11,1.521243e-11,1e-45,-0.00311625,-0.00311625,1e-45,1e-45,-0.00311625,-0.00311625,1e-45,-0.0,-0.0,0.0018813574,0.0018813574,-0.0,-0.0,0.0018813574,0.0018813574,1e-45,1e-45,0.0,0.0,0.0018813574,0.0018813574,0.0018813574,0.0018813574,Uniaxial,0.4154999852180481
4.185975632204738e-29,98016.9375,13266.4482421875,0.0,0.5042458176612854,1.7425612341970265e-10,-0.00313125,0.0018942195,0.0018942195,-1.6623022e-20,-1.450544e-20,4.446923e-21,-0.0019285473,0.001653679,0.001653679,-5.338344e-21,-6.6245854e-21,1.6893527e-21,5515265.0,-5515265.0,-5515265.0,5515265.0,5515265.0,-5515265.0,-5515265.0,5515265.0,-4.316253e-10,-5.141457e-10,0.0,0.0,-4.0926837e-10,-4.9178883e-10,0.0,0.0,4.852851e-10,4.197118e-10,4.3812903e-10,5.037023e-10,0.0,0.0,0.0,0.0,-22061060.0,1.8468282e-09,-1.8468282e-09,-8.62474e-11,-6.0232395e-11,2.107577e-11,4e-45,-0.00313125,-0.00313125,4e-45,4e-45,-0.00313125,-0.00313125,4e-45,0.0,0.0,0.0018942195,0.0018942195,0.0,0.0,0.0018942195,0.0018942195,0.0,0.0,0.0,0.0,0.0018942195,0.0018942195,0.0018942195,0.0018942195,Uniaxial,0.41749998927116394
4.484973848658426e-29,98345.609375,13086.5224609375,0.0,0.5109694600105286,1.7425612341970265e-10,-0.00314625,0.0019070816,0.0019070816,-1.5775989e-20,-1.5775989e-20,4.446923e-21,-0.0019435473,0.0016665411,0.0016665411,-5.5360286e-21,-6.797909e-21,1.74158e-21,5440464.5,-5440464.5,-5440464.5,5440464.5,5440464.5,-5440464.5,-5440464.5,5440464.5,-6.551776e-10,-7.33175e-10,0.0,0.0,-6.3316047e-10,-7.111579e-10,0.0,0.0,-6.536163e-10,-7.268569e-10,-7.1271916e-10,-6.394786e-10,0.0,0.0,0.0,0.0,-21761858.0,2.732671e-09,2.732671e-09,-7.7201315e-11,-6.7687723e-11,2.0396178e-11,6e-45,-0.00314625,-0.00314625,6e-45,6e-45,-0.00314625,-0.00314625,6e-45,0.0,0.0,0.0019070816,0.0019070816,0.0,0.0,0.0019070816,0.0019070816,0.0,0.0,0.0,0.0,0.0019070816,0.0019070816,0.0019070816,0.0019070816,Uniaxial,0.4194999933242798
5.38196849801949e-29,98669.796875,12906.5966796875,0.0,0.5176931023597717,1.7425612341970265e-10,-0.00316125,0.0019199437,0.0019199437,-1.5775989e-20,-1.8317087e-20,5.293956e-21,-0.0019585474,0.0016794031,0.0016794031,-5.729969e-21,-7.016077e-21,1.8088604e-21,5365664.0,-5365664.0,-5365664.0,5365664.0,5365664.0,-5365664.0,-5365664.0,5365664.0,-4.192587e-10,-4.9994403e-10,0.0,0.0,-3.9842252e-10,-4.7910786e-10,0.0,0.0,-4.2480516e-10,-5.062166e-10,-4.735614e-10,-3.9214995e-10,0.0,0.0,0.0,0.0,-21462656.0,1.7967331e-09,1.7967331e-09,-7.4697824e-11,-8.402939e-11,2.5913651e-11,-0.0,-0.00316125,-0.00316125,-0.0,-0.0,-0.00316125,-0.00316125,-0.0,-0.0,-0.0,0.0019199437,0.0019199437,0.0,0.0,0.0019199437,0.0019199437,-0.0,0.0,0.0,-0.0,0.0019199437,0.0019199437,0.0019199437,0.0019199437,Uniaxial,0.42149999737739563
4.484973848658426e-29,98989.4921875,12726.6708984375,0.0,0.5244168043136597,1.7425612341970265e-10,-0.00317625,0.0019328059,0.0019328059,-1.7470055e-20,-1.9587637e-20,6.140989e-21,-0.0019735473,0.0016922653,0.0016922653,-5.952321e-21,-7.254178e-21,1.890909e-21,5290863.5,-5290863.5,-5290863.5,5290863.5,5290863.5,-5290863.5,-5290863.5,5290863.5,6.9543205e-10,6.1381183e-10,0.0,0.0,7.149523e-10,6.333321e-10,0.0,0.0,6.929876e-10,6.0837696e-10,6.357766e-10,7.203872e-10,0.0,0.0,0.0,0.0,-21163454.0,-2.6575284e-09,-2.6575284e-09,-8.444696e-11,-9.042779e-11,3.1161195e-11,-1e-44,-0.00317625,-0.00317625,-1e-44,-1e-44,-0.00317625,-0.00317625,-1e-44,-1e-45,-1e-45,0.0019328059,0.0019328059,-1e-45,-1e-45,0.0019328059,0.0019328059,-1e-45,-1e-45,-1e-45,-1e-45,0.0019328059,0.0019328059,0.0019328059,0.0019328059,Uniaxial,0.4235000014305115
4.292760623530611e-29,99304.6953125,12546.7451171875,0.0,0.5311404466629028,1.7425612341970265e-10,-0.00319125,0.0019456679,0.0019456679,-1.7470055e-20,-1.9587637e-20,5.7174724e-21,-0.0019885474,0.0017051274,0.0017051274,-6.170462e-21,-7.487768e-21,1.9633825e-21,5216063.0,-5216063.0,-5216063.0,5216063.0,5216063.0,-5216063.0,-5216063.0,5216063.0,4.6408358e-10,3.8384868e-10,0.0,0.0,4.8947035e-10,4.0923545e-10,0.0,0.0,4.6355988e-10,3.8437237e-10,4.0975914e-10,4.8894666e-10,0.0,0.0,0.0,0.0,-20864252.0,-1.7466381e-09,-1.7466381e-09,-8.16763e-11,-8.74609e-11,2.7135507e-11,-3e-45,-0.00319125,-0.00319125,-3e-45,-3e-45,-0.00319125,-0.00319125,-3e-45,0.0,0.0,0.0019456679,0.0019456679,0.0,0.0,0.0019456679,0.0019456679,-0.0,-0.0,-0.0,-0.0,0.0019456679,0.0019456679,0.0019456679,0.0019456679,Uniaxial,0.4255000054836273
3.417123032620033e-29,99615.421875,12366.8193359375,0.0,0.537864089012146,1.7425612341970265e-10,-0.00320625,0.00195853,0.00195853,-1.5775989e-20,-2.0011153e-20,4.8704394e-21,-0.0020035473,0.0017179894,0.0017179894,-6.352387e-21,-7.724956e-21,2.0184409e-21,5141262.0,-5141262.0,-5141262.0,5141262.0,5141262.0,-5141262.0,-5141262.0,5141262.0,-4.1081327e-10,-4.759003e-10,0.0,0.0,-3.848949e-10,-4.4998197e-10,0.0,0.0,4.550807e-10,3.797962e-10,4.0571455e-10,4.809991e-10,0.0,0.0,0.0,0.0,-20565048.0,1.7215904e-09,-1.7215904e-09,-6.713935e-11,-8.753419e-11,2.0319336e-11,4e-45,-0.00320625,-0.00320625,4e-45,4e-45,-0.00320625,-0.00320625,4e-45,0.0,0.0,0.00195853,0.00195853,0.0,0.0,0.00195853,0.00195853,0.0,0.0,0.0,0.0,0.00195853,0.00195853,0.00195853,0.00195853,Uniaxial,0.42750000953674316
2.9899824654634326e-29,99922.6953125,12270.6826171875,0.0,0.5414566397666931,1.7425612341970265e-10,-0.00322125,0.0019713922,0.0019713922,-1.4928956e-20,-1.916412e-20,6.5645053e-21,-0.0020185474,0.0017308516,0.0017308516,-6.5148232e-21,-7.941608e-21,2.1045413e-21,5101295.0,-5101295.0,-5101295.0,5101295.0,5101295.0,-5101295.0,-5101295.0,5101295.0,-1.9865834e-10,-2.5991637e-10,0.0,0.0,-1.6713543e-10,-2.2839347e-10,0.0,0.0,6.564689e-10,5.931637e-10,6.246866e-10,6.879918e-10,0.0,0.0,0.0,0.0,-20405180.0,8.541036e-10,-2.5623108e-09,-5.9481274e-11,-7.93343e-11,3.1528422e-11,6e-45,-0.00322125,-0.00322125,6e-45,6e-45,-0.00322125,-0.00322125,6e-45,0.0,0.0,0.0019713922,0.0019713922,0.0,0.0,0.0019713922,0.0019713922,0.0,0.0,0.0,0.0,0.0019713922,0.0019713922,0.0019713922,0.0019713922,Uniaxial,0.429500013589859
2.648270132108774e-29,100227.9375,12203.7080078125,0.0,0.543959379196167,1.7425613729749045e-10,-0.00323625,0.0019842542,0.0019842542,-1.4928956e-20,-1.5352472e-20,6.5645053e-21,-0.0020335473,0.0017437137,0.0017437137,-6.674183e-21,-8.0819666e-21,2.1890113e-21,5073451.5,-5073451.5,-5073451.5,5073451.5,5073451.5,-5073451.5,-5073451.5,5073451.5,2.2705823e-10,1.6652274e-10,0.0,0.0,2.5819816e-10,1.9766266e-10,0.0,0.0,2.2926791e-10,1.8007176e-10,1.9545299e-10,2.4464913e-10,0.0,0.0,0.0,0.0,-20293806.0,-8.494418e-10,-8.494418e-10,-5.8036218e-11,-5.1116205e-11,3.0762462e-11,1e-45,-0.00323625,-0.00323625,1e-45,1e-45,-0.00323625,-0.00323625,1e-45,-0.0,-0.0,0.0019842542,0.0019842542,-0.0,-0.0,0.0019842542,0.0019842542,0.0,0.0,0.0,0.0,0.0019842542,0.0019842542,0.0019842542,0.0019842542,Uniaxial,0.43149998784065247
3.3316947988180913e-29,100531.5078125,12136.7333984375,0.0,0.5464621782302856,1.7425613729749045e-10,-0.00325125,0.0019971163,0.0019971163,-1.5352472e-20,-1.2811373e-20,8.682088e-21,-0.0020485474,0.0017565758,0.0017565758,-6.838546e-21,-8.1715396e-21,2.3119874e-21,5045608.0,-5045608.0,-5045608.0,5045608.0,5045608.0,-5045608.0,-5045608.0,5045608.0,-3.989442e-10,-4.6810583e-10,0.0,0.0,-3.766742e-10,-4.458358e-10,0.0,0.0,-4.1753517e-10,-4.5739418e-10,-4.2724482e-10,-3.8738582e-10,0.0,0.0,0.0,0.0,-20182432.0,1.68956e-09,1.68956e-09,-5.952972e-11,-3.2441907e-11,4.4540004e-11,-3e-45,-0.00325125,-0.00325125,-3e-45,-3e-45,-0.00325125,-0.00325125,-3e-45,-0.0,-0.0,0.0019971163,0.0019971163,-0.0,-0.0,0.0019971163,0.0019971163,-0.0,-0.0,-0.0,-0.0,0.0019971163,0.0019971163,0.0019971163,0.0019971163,Uniaxial,0.4334999918937683
2.8191262987861033e-29,100833.4140625,12069.7578125,0.0,0.5489649772644043,1.7425613729749045e-10,-0.00326625,0.0020099785,0.0020099785,-1.7893571e-20,-1.2811373e-20,8.258571e-21,-0.0020635473,0.0017694379,0.0017694379,-7.047924e-21,-8.259416e-21,2.424613e-21,5017764.5,-5017764.5,-5017764.5,5017764.5,5017764.5,-5017764.5,-5017764.5,5017764.5,-1.8555871e-10,-2.6266284e-10,0.0,0.0,-1.5739628e-10,-2.345004e-10,0.0,0.0,6.317997e-10,6.002151e-10,6.2837757e-10,6.599622e-10,0.0,0.0,0.0,0.0,-20071058.0,8.401182e-10,-2.5203546e-09,-7.541474e-11,-3.1651837e-11,4.0566175e-11,-4e-45,-0.00326625,-0.00326625,-4e-45,-4e-45,-0.00326625,-0.00326625,-4e-45,-0.0,-0.0,0.0020099785,0.0020099785,-0.0,-0.0,0.0020099785,0.0020099785,-0.0,-0.0,-0.0,-0.0,0.0020099785,0.0020099785,0.0020099785,0.0020099785,Uniaxial,0.43549999594688416
3.5025509654954206e-29,101133.640625,12002.783203125,0.0,0.551467776298523,1.7425613729749045e-10,-0.00328125,0.0020228405,0.0020228405,-2.0011153e-20,-1.2387857e-20,4.446923e-21,-0.0020785474,0.0017823,0.0017823,-7.293442e-21,-8.337607e-21,2.4629147e-21,4989921.0,-4989921.0,-4989921.0,4989921.0,4989921.0,-4989921.0,-4989921.0,4989921.0,2.4711802e-10,1.5587125e-10,0.0,0.0,2.6185695e-10,1.7061018e-10,0.0,0.0,2.1243605e-10,1.9055323e-10,2.0529214e-10,2.2717497e-10,0.0,0.0,0.0,0.0,-19959684.0,-8.3545637e-10,-8.3545637e-10,-8.794135e-11,-2.8006958e-11,1.3719163e-11,7e-45,-0.00328125,-0.00328125,7e-45,7e-45,-0.00328125,-0.00328125,7e-45,0.0,0.0,0.0020228405,0.0020228405,0.0,0.0,0.0020228405,0.0020228405,1e-45,1e-45,1e-45,1e-45,0.0020228405,0.0020228405,0.0020228405,0.0020228405,Uniaxial,0.4375
3.417123032620033e-29,101432.203125,11935.80859375,0.0,0.5539705753326416,1.7425613729749045e-10,-0.00329625,0.0020357026,0.0020357026,-2.2552252e-20,-9.846758e-21,3.1763736e-21,-0.0020935473,0.0017951621,0.0017951621,-7.5824375e-21,-8.3661895e-21,2.4764273e-21,4962077.5,-4962077.5,-4962077.5,4962077.5,4962077.5,-4962077.5,-4962077.5,4962077.5,-1.6346935e-10,-2.622138e-10,0.0,0.0,-1.5318348e-10,-2.5192795e-10,0.0,0.0,-2.0241703e-10,-2.1538678e-10,-2.1298027e-10,-2.0001051e-10,0.0,0.0,0.0,0.0,-19848310.0,8.307946e-10,8.307946e-10,-1.0293675e-10,-1.0180813e-11,4.813031e-12,-4e-45,-0.00329625,-0.00329625,-4e-45,-4e-45,-0.00329625,-0.00329625,-4e-45,0.0,0.0,0.0020357026,0.0020357026,-0.0,-0.0,0.0020357026,0.0020357026,-1e-45,-1e-45,-1e-45,-1e-45,0.0020357026,0.0020357026,0.0020357026,0.0020357026,Uniaxial,0.43950000405311584
3.5025509654954206e-29,101729.09375,11868.8330078125,0.0,0.5564733147621155,1.7425613729749045e-10,-0.00331125,0.0020485648,0.0020485648,-2.3822802e-20,-8.5762086e-21,6.352747e-22,-0.0021085474,0.0018080242,0.0018080242,-7.890023e-21,-8.370167e-21,2.4415567e-21,4934234.0,-4934234.0,-4934234.0,4934234.0,4934234.0,-4934234.0,-4934234.0,4934234.0,5.002198e-11,-5.172592e-11,0.0,0.0,5.172592e-11,-5.002198e-11,0.0,0.0,3.439917e-12,-5.1438563e-12,-3.439917e-12,5.1438563e-12,0.0,0.0,0.0,0.0,-19736936.0,0.0,0.0,-1.08943604e-10,-1.4088482e-12,-1.2350819e-11,1e-45,-0.00331125,-0.00331125,1e-45,1e-45,-0.00331125,-0.00331125,1e-45,0.0,0.0,0.0020485648,0.0020485648,0.0,0.0,0.0020485648,0.0020485648,0.0,0.0,0.0,0.0,0.0020485648,0.0020485648,0.0020485648,0.0020485648,Uniaxial,0.4415000081062317
3.2462668659427035e-29,102024.3125,11801.8583984375,0.0,0.5589761137962341,1.7425613729749045e-10,-0.00332625,0.0020614269,0.0020614269,-2.4246318e-20,-8.5762086e-21,2.752857e-21,-0.0021235473,0.0018208863,0.0018208863,-8.199804e-21,-8.3740696e-21,2.4474525e-21,4906390.5,-4906390.5,-4906390.5,4906390.5,4906390.5,-4906390.5,-4906390.5,4906390.5,3.8575438e-11,-5.5372377e-11,0.0,0.0,5.5372377e-11,-3.8575438e-11,0.0,0.0,-4.1152034e-12,-1.2681735e-11,4.1152034e-12,1.2681735e-11,0.0,0.0,0.0,0.0,-19625562.0,0.0,0.0,-1.09102144e-10,-1.3743657e-12,2.076481e-12,-6e-45,-0.00332625,-0.00332625,-6e-45,-6e-45,-0.00332625,-0.00332625,-6e-45,-0.0,-0.0,0.0020614269,0.0020614269,-0.0,-0.0,0.0020614269,0.0020614269,-1e-45,-1e-45,-1e-45,-1e-45,0.0020614269,0.0020614269,0.0020614269,0.0020614269,Uniaxial,0.44350001215934753
2.7336983659107155e-29,102317.859375,11734.8837890625,0.0,0.5614789128303528,1.7425613729749045e-10,-0.00334125,0.002074289,0.002074289,-2.170522e-20,-9.4232415e-21,4.8704394e-21,-0.0021385474,0.0018337484,0.0018337484,-8.4555905e-21,-8.3939405e-21,2.4933429e-21,4878547.0,-4878547.0,-4878547.0,4878547.0,4878547.0,-4878547.0,-4878547.0,4878547.0,4.425393e-10,3.583553e-10,0.0,0.0,4.5845389e-10,3.7426987e-10,0.0,0.0,3.982473e-10,3.9476797e-10,4.1856188e-10,4.220412e-10,0.0,0.0,0.0,0.0,-19514188.0,-1.6336184e-09,-1.6336184e-09,-8.9574556e-11,-6.9586233e-12,1.607044e-11,1e-45,-0.00334125,-0.00334125,1e-45,1e-45,-0.00334125,-0.00334125,1e-45,0.0,0.0,0.002074289,0.002074289,0.0,0.0,0.002074289,0.002074289,0.0,0.0,0.0,0.0,0.002074289,0.002074289,0.002074289,0.002074289,Uniaxial,0.445499986410141
4.185975632204738e-29,102609.734375,11667.908203125,0.0,0.5639817118644714,1.7425613729749045e-10,-0.00335625,0.0020871512,0.0020871512,-2.0011153e-20,-8.999725e-21,6.140989e-21,-0.0021535472,0.0018466106,0.0018466106,-8.6744484e-21,-8.4054136e-21,2.5624278e-21,4850703.5,-4850703.5,-4850703.5,4850703.5,4850703.5,-4850703.5,-4850703.5,4850703.5,4.3093018e-10,3.455517e-10,0.0,0.0,4.6659565e-10,3.812172e-10,0.0,0.0,3.9317935e-10,3.911819e-10,4.1896803e-10,4.2096548e-10,0.0,0.0,0.0,0.0,-19402814.0,-1.6242947e-09,-1.6242947e-09,-7.620475e-11,-3.994929e-12,2.4054904e-11,0.0,-0.00335625,-0.00335625,0.0,0.0,-0.00335625,-0.00335625,0.0,-0.0,0.0,0.0020871512,0.0020871512,-0.0,0.0,0.0020871512,0.0020871512,-0.0,-0.0,0.0,0.0,0.0020871512,0.0020871512,0.0020871512,0.0020871512,Uniaxial,0.44749999046325684
4.185975632204738e-29,102899.9453125,11600.93359375,0.0,0.5664845108985901,1.7425613729749045e-10,-0.00337125,0.0021000132,0.0021000132,-2.1281703e-20,-8.152692e-21,9.952637e-21,-0.0021685474,0.0018594726,0.0018594726,-8.913224e-21,-8.400627e-21,2.7023952e-21,4822860.0,-4822860.0,-4822860.0,4822860.0,4822860.0,-4822860.0,-4822860.0,4822860.0,2.2224217e-10,1.3363456e-10,0.0,0.0,2.701082e-10,1.815006e-10,0.0,0.0,1.8146377e-10,1.822923e-10,2.22279e-10,2.2145048e-10,0.0,0.0,0.0,0.0,-19291440.0,-8.074856e-10,-8.074856e-10,-8.266305e-11,1.6570423e-12,4.8456007e-11,4e-45,-0.00337125,-0.00337125,4e-45,4e-45,-0.00337125,-0.00337125,4e-45,0.0,0.0,0.0021000132,0.0021000132,0.0,0.0,0.0021000132,0.0021000132,0.0,0.0,0.0,0.0,0.0021000132,0.0021000132,0.0021000132,0.0021000132,Uniaxial,0.4494999945163727
4.185975632204738e-29,103188.4765625,11533.958984375,0.0,0.568987250328064,1.7425613729749045e-10,-0.00338625,0.0021128752,0.0021128752,-2.2552252e-20,-7.305659e-21,1.29172524e-20,-0.0021835472,0.0018723347,0.0018723347,-9.171541e-21,-8.379889e-21,2.8958602e-21,4795016.5,-4795016.5,-4795016.5,4795016.5,4795016.5,-4795016.5,-4795016.5,4795016.5,-1.8330644e-10,-2.7503846e-10,0.0,0.0,-1.2637341e-10,-2.1810545e-10,0.0,0.0,-2.2701728e-10,-2.2344827e-10,-1.743946e-10,-1.7796362e-10,0.0,0.0,0.0,0.0,-19180066.0,8.0282375e-10,8.0282375e-10,-8.891187e-11,7.138022e-12,6.658994e-11,-4e-45,-0.00338625,-0.00338625,-4e-45,-4e-45,-0.00338625,-0.00338625,-4e-45,-0.0,-0.0,0.0021128752,0.0021128752,-0.0,-0.0,0.0021128752,0.0021128752,-0.0,-0.0,-0.0,-0.0,0.0021128752,0.0021128752,0.0021128752,0.0021128752,Uniaxial,0.4514999985694885
3.5025509654954206e-29,103475.34375,11466.9833984375,0.0,0.5714900493621826,1.7425613729749045e-10,-0.00340125,0.0021257375,0.0021257375,-2.3822802e-20,-7.305659e-21,1.20702195e-20,-0.0021985474,0.0018851969,0.0018851969,-9.44903e-21,-8.359544e-21,3.0696186e-21,4767173.0,-4767173.0,-4767173.0,4767173.0,4767173.0,-4767173.0,-4767173.0,4767173.0,2.8572426e-11,-6.618164e-11,0.0,0.0,6.618164e-11,-2.8572426e-11,0.0,0.0,-2.4484822e-11,-2.1003739e-11,2.4484822e-11,2.1003739e-11,0.0,0.0,0.0,0.0,-19068692.0,0.0,0.0,-9.495594e-11,6.9621674e-12,5.945972e-11,-3e-45,-0.00340125,-0.00340125,-3e-45,-3e-45,-0.00340125,-0.00340125,-3e-45,-0.0,-0.0,0.0021257375,0.0021257375,-0.0,-0.0,0.0021257375,0.0021257375,-0.0,-0.0,-0.0,-0.0,0.0021257375,0.0021257375,0.0021257375,0.0021257375,Uniaxial,0.45350000262260437
4.5276879655593966e-29,103760.5390625,11400.0087890625,0.0,0.5739928483963013,1.7425613729749045e-10,-0.00341625,0.0021385995,0.0021385995,-2.5093351e-20,-7.729176e-21,9.952637e-21,-0.0022135472,0.0018980589,0.0018980589,-9.745327e-21,-8.347605e-21,3.1999801e-21,4739329.5,-4739329.5,-4739329.5,4739329.5,4739329.5,-4739329.5,-4739329.5,4739329.5,6.2893624e-10,5.312602e-10,0.0,0.0,6.5899e-10,5.61314e-10,0.0,0.0,5.672638e-10,5.692946e-10,6.2298644e-10,6.209556e-10,0.0,0.0,0.0,0.0,-18957318.0,-2.3805005e-09,-2.3805005e-09,-1.0079984e-10,4.061602e-12,4.434882e-11,0.0,-0.00341625,-0.00341625,0.0,0.0,-0.00341625,-0.00341625,0.0,-0.0,-0.0,0.0021385995,0.0021385995,0.0,0.0,0.0021385995,0.0021385995,-0.0,0.0,0.0,-0.0,0.0021385995,0.0021385995,0.0021385995,0.0021385995,Uniaxial,0.4555000066757202
5.125684398466772e-29,104044.0625,11333.0341796875,0.0,0.5764956474304199,1.7425613729749045e-10,-0.00343125,0.0021514616,0.0021514616,-2.5940384e-20,-8.5762086e-21,6.5645053e-21,-0.0022285474,0.0019109211,0.0019109211,-1.0052054e-20,-8.351934e-21,3.2637027e-21,4711486.0,-4711486.0,-4711486.0,4711486.0,4711486.0,-4711486.0,-4711486.0,4711486.0,4.3072396e-10,3.2370084e-10,0.0,0.0,4.651375e-10,3.581144e-10,0.0,0.0,3.893975e-10,3.8866535e-10,3.9944087e-10,4.00173e-10,0.0,0.0,0.0,0.0,-18845944.0,-1.5776767e-09,-1.5776767e-09,-1.0373531e-10,-1.4642909e-12,2.1551025e-11,-1e-45,-0.00343125,-0.00343125,-1e-45,-1e-45,-0.00343125,-0.00343125,-1e-45,-0.0,-0.0,0.0021514616,0.0021514616,-0.0,-0.0,0.0021514616,0.0021514616,0.0,0.0,0.0,0.0,0.0021514616,0.0021514616,0.0021514616,0.0021514616,Uniaxial,0.45750001072883606
4.6131158984347844e-29,104325.9140625,11266.05859375,0.0,0.5789984464645386,1.7425613729749045e-10,-0.00344625,0.0021643238,0.0021643238,-2.8057966e-20,-9.4232415e-21,5.293956e-21,-0.0022435472,0.0019237832,0.0019237832,-1.03930785e-20,-8.3722246e-21,3.3021549e-21,4683642.5,-4683642.5,-4683642.5,4683642.5,4683642.5,-4683642.5,-4683642.5,4683642.5,2.4905317e-10,1.3657127e-10,0.0,0.0,2.55517e-10,1.430351e-10,0.0,0.0,1.9057793e-10,1.950465e-10,2.0151034e-10,1.9704177e-10,0.0,0.0,0.0,0.0,-18734570.0,-7.8417656e-10,-7.8417656e-10,-1.1465291e-10,-6.8215633e-12,1.2927667e-11,6e-45,-0.00344625,-0.00344625,6e-45,6e-45,-0.00344625,-0.00344625,6e-45,0.0,0.0,0.0021643238,0.0021643238,0.0,0.0,0.0021643238,0.0021643238,0.0,0.0,0.0,0.0,0.0021643238,0.0021643238,0.0021643238,0.0021643238,Uniaxial,0.4595000147819519
4.442259731757455e-29,104606.1015625,11199.083984375,0.0,0.5815011858940125,1.7425613729749045e-10,-0.00346125,0.0021771858,0.0021771858,-2.8905e-20,-6.882143e-21,1.0587912e-21,-0.0022585473,0.0019366452,0.0019366452,-1.0743686e-20,-8.3440035e-21,3.2596666e-21,4655799.0,-4655799.0,-4655799.0,4655799.0,4655799.0,-4655799.0,-4655799.0,4655799.0,6.411176e-10,5.2737503e-10,0.0,0.0,6.4189704e-10,5.281545e-10,0.0,0.0,-1.9368668e-10,-1.8897083e-10,-1.9607069e-10,-2.0078654e-10,0.0,0.0,0.0,0.0,-18623196.0,-2.3385442e-09,7.7951473e-10,-1.1717419e-10,9.431713e-12,-1.4199732e-11,1e-45,-0.00346125,-0.00346125,1e-45,1e-45,-0.00346125,-0.00346125,1e-45,0.0,0.0,0.0021771858,0.0021771858,0.0,0.0,0.0021771858,0.0021771858,0.0,0.0,0.0,0.0,0.0021771858,0.0021771858,0.0021771858,0.0021771858,Uniaxial,0.46149998903274536
4.6131158984347844e-29,104884.609375,11132.109375,0.0,0.5840039849281311,1.7425613729749045e-10,-0.00347625,0.0021900479,0.0021900479,-2.9328516e-20,-7.305659e-21,3.59989e-21,-0.0022735472,0.0019495074,0.0019495074,-1.1095675e-20,-8.324337e-21,3.2661101e-21,4627955.5,-4627955.5,-4627955.5,4627955.5,4627955.5,-4627955.5,-4627955.5,4627955.5,-1.3743763e-10,-2.5105915e-10,0.0,0.0,-1.3636732e-10,-2.4998884e-10,0.0,0.0,-1.9194198e-10,-1.965548e-10,-1.9548449e-10,-1.9087167e-10,0.0,0.0,0.0,0.0,-18511822.0,7.7485296e-10,7.7485296e-10,-1.1693216e-10,6.5330597e-12,2.1406206e-12,0.0,-0.00347625,-0.00347625,0.0,0.0,-0.00347625,-0.00347625,0.0,0.0,0.0,0.0021900479,0.0021900479,0.0,0.0,0.0021900479,0.0021900479,-0.0,-0.0,-0.0,-0.0,0.0021900479,0.0021900479,0.0021900479,0.0021900479,Uniaxial,0.4634999930858612
4.6131158984347844e-29,105161.453125,11065.1337890625,0.0,0.5865067839622498,1.7425613729749045e-10,-0.00349125,0.00220291,0.00220291,-2.9328516e-20,-1.02702745e-20,8.258571e-21,-0.0022885473,0.0019623695,0.0019623695,-1.14409976e-20,-8.3611925e-21,3.3606652e-21,4600112.0,-4600112.0,-4600112.0,4600112.0,4600112.0,-4600112.0,-4600112.0,4600112.0,2.408267e-10,1.2865757e-10,0.0,0.0,2.5643798e-10,1.4426889e-10,0.0,0.0,1.9172425e-10,1.7776e-10,1.9337132e-10,2.0733557e-10,0.0,0.0,0.0,0.0,-18400448.0,-7.7019113e-10,-7.7019113e-10,-1.14027336e-10,-1.21698e-11,3.1222618e-11,-6e-45,-0.00349125,-0.00349125,-6e-45,-6e-45,-0.00349125,-0.00349125,-6e-45,-0.0,-0.0,0.00220291,0.00220291,-0.0,-0.0,0.00220291,0.00220291,-0.0,-0.0,-0.0,-0.0,0.00220291,0.00220291,0.00220291,0.00220291,Uniaxial,0.46549999713897705
4.783972065112114e-29,105436.625,10998.1591796875,0.0,0.5890095829963684,1.7425613729749045e-10,-0.00350625,0.0022157722,0.0022157722,-2.9328516e-20,-1.2811373e-20,6.988022e-21,-0.0023035472,0.0019752316,0.0019752316,-1.1779779e-20,-8.445477e-21,3.429366e-21,4572268.5,-4572268.5,-4572268.5,4572268.5,4572268.5,-4572268.5,-4572268.5,4572268.5,4.579869e-11,-6.4952044e-11,0.0,0.0,6.4952044e-11,-4.579869e-11,0.0,0.0,1.2786893e-12,-2.0432043e-11,-1.2786893e-12,2.0432043e-11,0.0,0.0,0.0,0.0,-18289074.0,0.0,0.0,-1.1119059e-10,-2.7662766e-11,2.2548009e-11,7e-45,-0.00350625,-0.00350625,7e-45,7e-45,-0.00350625,-0.00350625,7e-45,0.0,0.0,0.0022157722,0.0022157722,0.0,0.0,0.0022157722,0.0022157722,0.0,0.0,0.0,0.0,0.0022157722,0.0022157722,0.0022157722,0.0022157722,Uniaxial,0.4675000011920929
5.296540264217548e-29,105710.125,10931.1845703125,0.0,0.5915123820304871,1.7425613729749045e-10,-0.00352125,0.0022286342,0.0022286342,-2.9752032e-20,-1.2387857e-20,5.7174724e-21,-0.0023185473,0.0019880936,0.0019880936,-1.2120166e-20,-8.520144e-21,3.4727017e-21,4544425.0,-4544425.0,-4544425.0,4544425.0,4544425.0,-4544425.0,-4544425.0,4544425.0,4.39235e-11,-6.675044e-11,0.0,0.0,6.675044e-11,-4.39235e-11,0.0,0.0,-1.384548e-12,-2.1442391e-11,1.384548e-12,2.1442391e-11,0.0,0.0,0.0,0.0,-18177700.0,0.0,0.0,-1.1103699e-10,-2.435699e-11,1.4136484e-11,4e-45,-0.00352125,-0.00352125,4e-45,4e-45,-0.00352125,-0.00352125,4e-45,0.0,0.0,0.0022286342,0.0022286342,0.0,0.0,0.0022286342,0.0022286342,0.0,0.0,0.0,0.0,0.0022286342,0.0022286342,0.0022286342,0.0022286342,Uniaxial,0.46950000524520874
4.783972065112114e-29,105981.9609375,10864.2099609375,0.0,0.5940151214599609,1.7425613729749045e-10,-0.00353625,0.0022414962,0.0022414962,-3.017555e-20,-1.1540824e-20,7.411538e-21,-0.0023335472,0.0020009559,0.0020009559,-1.2462127e-20,-8.577354e-21,3.5473015e-21,4516581.5,-4516581.5,-4516581.5,4516581.5,4516581.5,-4516581.5,-4516581.5,4516581.5,-5.2184596e-10,-6.3243494e-10,0.0,0.0,-5.018736e-10,-6.1246264e-10,0.0,0.0,-5.6856375e-10,-5.857172e-10,-5.6574484e-10,-5.485914e-10,0.0,0.0,0.0,0.0,-18066326.0,2.268617e-09,2.268617e-09,-1.1086712e-10,-1.8548158e-11,2.4186e-11,0.0,-0.00353625,-0.00353625,0.0,0.0,-0.00353625,-0.00353625,0.0,0.0,0.0,0.0022414962,0.0022414962,-0.0,-0.0,0.0022414962,0.0022414962,0.0,0.0,-0.0,-0.0,0.0022414962,0.0022414962,0.0022414962,0.0022414962,Uniaxial,0.4715000092983246
4.783972065112114e-29,106252.1171875,10797.234375,0.0,0.5965179204940796,1.7425615117527826e-10,-0.00355125,0.0022543585,0.0022543585,-3.0599065e-20,-1.11173074e-20,5.293956e-21,-0.0023485473,0.002013818,0.002013818,-1.2805633e-20,-8.62546e-21,3.5803822e-21,4488738.0,-4488738.0,-4488738.0,4488738.0,4488738.0,-4488738.0,-4488738.0,4488738.0,-7.029003e-10,-8.133964e-10,0.0,0.0,-6.896914e-10,-8.001875e-10,0.0,0.0,-7.58213e-10,-7.6596307e-10,-7.4487483e-10,-7.3712475e-10,0.0,0.0,0.0,0.0,-17954952.0,3.0061755e-09,3.0061755e-09,-1.10681346e-10,-1.5500158e-11,1.0659025e-11,-4e-45,-0.00355125,-0.00355125,-4e-45,-4e-45,-0.00355125,-0.00355125,-4e-45,-0.0,-0.0,0.0022543585,0.0022543585,0.0,0.0,0.0022543585,0.0022543585,-1e-45,-1e-45,-1e-45,-1e-45,0.0022543585,0.0022543585,0.0022543585,0.0022543585,Uniaxial,0.47350001335144043
6.065393164728807e-29,106520.609375,10730.259765625,0.0,0.5990207195281982,1.7425615117527826e-10,-0.00356625,0.0022672205,0.0022672205,-3.1022582e-20,-8.999725e-21,5.293956e-21,-0.0023635472,0.00202668,0.00202668,-1.3150654e-20,-8.632548e-21,3.6128365e-21,4460894.5,-4460894.5,-4460894.5,4460894.5,4460894.5,-4460894.5,-4460894.5,4460894.5,-6.982221e-10,-8.164969e-10,0.0,0.0,-6.772673e-10,-7.955421e-10,0.0,0.0,1.8075023e-10,1.8749469e-10,1.9269082e-10,1.8594637e-10,0.0,0.0,0.0,0.0,-17843578.0,2.9875284e-09,-7.468821e-10,-1.10480035e-10,-2.269799e-12,1.0392282e-11,-6e-45,-0.00356625,-0.00356625,-6e-45,-6e-45,-0.00356625,-0.00356625,-6e-45,-1e-45,-1e-45,0.0022672205,0.0022672205,-1e-45,-1e-45,0.0022672205,0.0022672205,-0.0,-0.0,-0.0,-0.0,0.0022672205,0.0022672205,0.0022672205,0.0022672205,Uniaxial,0.4754999876022339
6.9196736971889e-29,106787.421875,10663.28515625,0.0,0.6015235185623169,1.7425615117527826e-10,-0.00358125,0.0022800826,0.0022800826,-3.3140164e-20,-4.7645603e-21,8.682088e-21,-0.0023785473,0.0020395422,0.0020395422,-1.35292465e-20,-8.55929e-21,3.708846e-21,4433051.0,-4433051.0,-4433051.0,4433051.0,4433051.0,-4433051.0,-4433051.0,4433051.0,4.6118512e-11,-7.7152965e-11,0.0,0.0,7.7152965e-11,-4.6118512e-11,0.0,0.0,-3.3164176e-11,-5.749626e-12,3.3164176e-11,5.749626e-12,0.0,0.0,0.0,0.0,-17732204.0,0.0,0.0,-1.2047338e-10,2.3311707e-11,3.0551513e-11,-0.0,-0.00358125,-0.00358125,-0.0,-0.0,-0.00358125,-0.00358125,-0.0,-0.0,0.0,0.0022800826,0.0022800826,-0.0,0.0,0.0022800826,0.0022800826,0.0,0.0,-0.0,-0.0,0.0022800826,0.0022800826,0.0022800826,0.0022800826,Uniaxial,0.47749999165534973
8.45737889635831e-29,107052.5703125,10596.3095703125,0.0,0.6040263175964355,1.7425616505306607e-10,-0.00359625,0.0022929448,0.0022929448,-3.483423e-20,-1.0587912e-22,1.12231866e-20,-0.0023935472,0.0020524042,0.0020524042,-1.3932754e-20,-8.399186e-21,3.8511647e-21,4405207.5,-4405207.5,-4405207.5,4405207.5,4405207.5,-4405207.5,-4405207.5,4405207.5,5.2165352e-11,-8.25463e-11,0.0,0.0,8.25463e-11,-5.2165352e-11,0.0,0.0,-4.3605994e-11,5.3456926e-12,4.3605994e-11,-5.3456926e-12,0.0,0.0,0.0,0.0,-17620830.0,0.0,0.0,-1.2759503e-10,5.062728e-11,4.5003206e-11,6e-45,-0.00359625,-0.00359625,6e-45,6e-45,-0.00359625,-0.00359625,6e-45,-0.0,-0.0,0.0022929448,0.0022929448,0.0,0.0,0.0022929448,0.0022929448,1e-45,1e-45,1e-45,1e-45,0.0022929448,0.0022929448,0.0022929448,0.0022929448,Uniaxial,0.4794999957084656
8.88451946351491e-29,107316.046875,10529.3349609375,0.0,0.6065290570259094,1.7425616505306607e-10,-0.00361125,0.0023058068,0.0023058068,-3.8222362e-20,3.2822527e-21,1.12231866e-20,-0.0024085473,0.0020652662,0.0020652662,-1.4392789e-20,-8.177945e-21,3.9907874e-21,4377364.0,-4377364.0,-4377364.0,4377364.0,4377364.0,-4377364.0,-4377364.0,4377364.0,-1.3441646e-10,-2.7760583e-10,0.0,0.0,-8.8842524e-11,-2.3203188e-10,0.0,0.0,-2.2733024e-10,-1.6893335e-10,-1.391181e-10,-1.9751499e-10,0.0,0.0,0.0,0.0,-17509456.0,7.328967e-10,7.328967e-10,-1.4455043e-10,6.951767e-11,4.3871805e-11,-0.0,-0.00361125,-0.00361125,-0.0,-0.0,-0.00361125,-0.00361125,-0.0,-0.0,0.0,0.0023058068,0.0023058068,-0.0,0.0,0.0023058068,0.0023058068,-0.0,-0.0,0.0,0.0,0.0023058068,0.0023058068,0.0023058068,0.0023058068,Uniaxial,0.4814999997615814
8.371951264409476e-29,107577.859375,10462.3603515625,0.0,0.6090318560600281,1.7425617893085388e-10,-0.00362625,0.0023186689,0.0023186689,-3.9916428e-20,4.552802e-21,1.12231866e-20,-0.0024235472,0.0020781285,0.0020781285,-1.4876195e-20,-7.93683e-21,4.127766e-21,4349520.5,-4349520.5,-4349520.5,4349520.5,4349520.5,-4349520.5,-4349520.5,4349520.5,-4.915582e-10,-6.3793637e-10,0.0,0.0,-4.5441592e-10,-6.0079414e-10,0.0,0.0,-1.1336833e-09,-1.072405e-09,-1.0510215e-09,-1.1122997e-09,0.0,0.0,0.0,0.0,-17398082.0,2.1847046e-09,4.3694093e-09,-1.5092813e-10,7.5280324e-11,4.2767116e-11,-1e-45,-0.00362625,-0.00362625,-1e-45,-1e-45,-0.00362625,-0.00362625,-1e-45,-0.0,-0.0,0.0023186689,0.0023186689,-0.0,-0.0,0.0023186689,0.0023186689,-0.0,-0.0,-0.0,-0.0,0.0023186689,0.0023186689,0.0023186689,0.0023186689,Uniaxial,0.48350000381469727
8.371951264409476e-29,107837.9921875,10395.384765625,0.0,0.6115346550941467,1.7425619280864169e-10,-0.00364125,0.0023315311,0.0023315311,-4.076346e-20,3.2822527e-21,8.258571e-21,-0.0024385473,0.0020909905,0.0020909905,-1.5366489e-20,-7.724346e-21,4.2060018e-21,4321677.0,-4321677.0,-4321677.0,4321677.0,4321677.0,-4321677.0,-4321677.0,4321677.0,-4.7526566e-10,-6.2222905e-10,0.0,0.0,-4.631306e-10,-6.100939e-10,0.0,0.0,-5.8492494e-10,-5.283285e-10,-5.004347e-10,-5.5703114e-10,0.0,0.0,0.0,0.0,-17286708.0,2.1707192e-09,2.1707192e-09,-1.5209842e-10,6.5916765e-11,2.4270193e-11,-3e-45,-0.00364125,-0.00364125,-3e-45,-3e-45,-0.00364125,-0.00364125,-3e-45,0.0,0.0,0.0023315311,0.0023315311,0.0,0.0,0.0023315311,0.0023315311,-0.0,-0.0,-0.0,-0.0,0.0023315311,0.0023315311,0.0023315311,0.0023315311,Uniaxial,0.4855000078678131
8.542807130160251e-29,108096.453125,10328.41015625,0.0,0.6140374541282654,1.7425619280864169e-10,-0.00365625,0.0023443932,0.0023443932,-4.076346e-20,1.5881868e-21,7.411538e-21,-0.0024535472,0.0021038526,0.0021038526,-1.5847498e-20,-7.54797e-21,4.266713e-21,4293833.5,-4293833.5,-4293833.5,4293833.5,4293833.5,-4293833.5,-4293833.5,4293833.5,2.4363117e-10,9.858885e-11,0.0,0.0,2.6086677e-10,1.1582446e-10,0.0,0.0,-5.732109e-10,-5.30271e-10,-5.0515603e-10,-5.4809596e-10,0.0,0.0,0.0,0.0,-17175334.0,-7.1891126e-10,2.156734e-09,-1.4825637e-10,5.4362473e-11,1.8712514e-11,-4e-45,-0.00365625,-0.00365625,-4e-45,-4e-45,-0.00365625,-0.00365625,-4e-45,-0.0,-0.0,0.0023443932,0.0023443932,-0.0,-0.0,0.0023443932,0.0023443932,-0.0,-0.0,-0.0,-0.0,0.0023443932,0.0023443932,0.0023443932,0.0023443932,Uniaxial,0.48750001192092896
9.738799995975003e-29,108353.25,10261.435546875,0.0,0.616540253162384,1.7425619280864169e-10,-0.00367125,0.0023572552,0.0023572552,-4.076346e-20,-1.799945e-21,6.988022e-21,-0.0024685473,0.0021167148,0.0021167148,-1.6319395e-20,-7.439105e-21,4.3182536e-21,4265990.0,-4265990.0,-4265990.0,4265990.0,4265990.0,-4265990.0,-4265990.0,4265990.0,6.1120414e-10,4.6015802e-10,0.0,0.0,6.112162e-10,4.6017007e-10,0.0,0.0,5.037088e-10,5.3613597e-10,5.676654e-10,5.3523824e-10,0.0,0.0,0.0,0.0,-17063960.0,-2.1427484e-09,-2.1427484e-09,-1.4450528e-10,3.333686e-11,1.5782792e-11,0.0,-0.00367125,-0.00367125,0.0,0.0,-0.00367125,-0.00367125,0.0,0.0,0.0,0.0023572552,0.0023572552,0.0,0.0,0.0023572552,0.0023572552,-0.0,-0.0,-0.0,-0.0,0.0023572552,0.0023572552,0.0023572552,0.0023572552,Uniaxial,0.4894999861717224
9.567944130224227e-29,108608.375,10194.4599609375,0.0,0.6190430521965027,1.7425619280864169e-10,-0.00368625,0.0023701175,0.0023701175,-4.330456e-20,-4.7645603e-21,8.258571e-21,-0.0024835472,0.0021295769,0.0021295769,-1.6830482e-20,-7.38845e-21,4.3928816e-21,4238146.5,-4238146.5,-4238146.5,4238146.5,4238146.5,-4238146.5,-4238146.5,4238146.5,-2.861415e-10,-4.4267728e-10,0.0,0.0,-2.6691038e-10,-4.2344617e-10,0.0,0.0,3.3344635e-10,3.6478956e-10,3.761413e-10,3.447981e-10,0.0,0.0,0.0,0.0,-16952586.0,1.4191753e-09,-1.4191753e-09,-1.5548456e-10,1.5410333e-11,2.270353e-11,0.0,-0.00368625,-0.00368625,0.0,0.0,-0.00368625,-0.00368625,0.0,-0.0,0.0,0.0023701175,0.0023701175,-0.0,0.0,0.0023701175,0.0023701175,-0.0,-0.0,0.0,0.0,0.0023701175,0.0023701175,0.0023701175,0.0023701175,Uniaxial,0.49149999022483826
9.653372364026169e-29,108861.828125,10127.4853515625,0.0,0.6215457916259766,1.7425619280864169e-10,-0.00370125,0.0023829795,0.0023829795,-4.5845658e-20,-2.2234615e-21,9.105604e-21,-0.0024985473,0.002142439,0.002142439,-1.7380018e-20,-7.290628e-21,4.4821383e-21,4210303.0,-4210303.0,-4210303.0,4210303.0,4210303.0,-4210303.0,-4210303.0,4210303.0,4.226968e-10,2.608619e-10,0.0,0.0,4.4406395e-10,2.8222905e-10,0.0,0.0,3.2256922e-10,3.6098946e-10,3.8235662e-10,3.4393638e-10,0.0,0.0,0.0,0.0,-16841212.0,-1.4098517e-09,-1.4098517e-09,-1.6608284e-10,2.9564393e-11,2.697562e-11,-1e-45,-0.00370125,-0.00370125,-1e-45,-1e-45,-0.00370125,-0.00370125,-1e-45,-0.0,-0.0,0.0023829795,0.0023829795,0.0,0.0,0.0023829795,0.0023829795,0.0,-0.0,-0.0,0.0,0.0023829795,0.0023829795,0.0023829795,0.0023829795,Uniaxial,0.4934999942779541
1.0251368796933545e-28,109113.609375,10060.5107421875,0.0,0.6240485906600952,1.7425619280864169e-10,-0.00371625,0.0023958415,0.0023958415,-4.7116208e-20,-1.0587912e-22,9.105604e-21,-0.0025135472,0.0021553012,0.0021553012,-1.7943208e-20,-7.154552e-21,4.5697048e-21,4182459.2,-4182459.2,-4182459.2,4182459.2,4182459.2,-4182459.2,-4182459.2,4182459.2,4.134084e-10,2.5007277e-10,0.0,0.0,4.501913e-10,2.8685565e-10,0.0,0.0,1.1968573e-09,1.240922e-09,1.254067e-09,1.2100021e-09,0.0,0.0,0.0,0.0,-16729837.0,-1.4005281e-09,-4.9018483e-09,-1.690843e-10,4.0853522e-11,2.6289698e-11,4e-45,-0.00371625,-0.00371625,4e-45,4e-45,-0.00371625,-0.00371625,4e-45,0.0,-0.0,0.0023958415,0.0023958415,0.0,-0.0,0.0023958415,0.0023958415,0.0,0.0,0.0,0.0,0.0023958415,0.0023958415,0.0023958415,0.0023958415,Uniaxial,0.49549999833106995
9.909656463578886e-29,109363.7265625,9993.53515625,0.0,0.6265513896942139,1.7425619280864169e-10,-0.00373125,0.0024087038,0.0024087038,-4.7539724e-20,1.5881868e-21,7.411538e-21,-0.0025285473,0.0021681632,0.0021681632,-1.8503754e-20,-6.988968e-21,4.623528e-21,4154615.8,-4154615.8,-4154615.8,4154615.8,4154615.8,-4154615.8,-4154615.8,4154615.8,2.471372e-10,8.475883e-11,0.0,0.0,2.6304228e-10,1.0066393e-10,0.0,0.0,8.334462e-10,8.81775e-10,9.0555946e-10,8.572306e-10,0.0,0.0,0.0,0.0,-16618463.0,-6.9560224e-10,-3.4780112e-09,-1.6716975e-10,4.9381534e-11,1.6051502e-11,4e-45,-0.00373125,-0.00373125,4e-45,4e-45,-0.00373125,-0.00373125,4e-45,0.0,0.0,0.0024087038,0.0024087038,0.0,0.0,0.0024087038,0.0024087038,0.0,0.0,0.0,0.0,0.0024087038,0.0024087038,0.0024087038,0.0024087038,Uniaxial,0.4975000023841858
8.799091229712969e-29,109612.1640625,9926.560546875,0.0,0.6290541887283325,1.7425619280864169e-10,-0.00374625,0.0024215658,0.0024215658,-4.7116208e-20,2.4352197e-21,7.835055e-21,-0.0025435472,0.0021810252,0.0021810252,-1.904566e-20,-6.810478e-21,4.684353e-21,4126772.2,-4126772.2,-4126772.2,4126772.2,4126772.2,-4126772.2,-4126772.2,4126772.2,-1.0165046e-10,-2.5282879e-10,0.0,0.0,-9.264143e-11,-2.4381977e-10,0.0,0.0,-2.1409613e-10,-1.6402117e-10,-1.3137409e-10,-1.8144905e-10,0.0,0.0,0.0,0.0,-16507089.0,6.9094047e-10,6.9094047e-10,-1.6052838e-10,5.2873816e-11,1.801807e-11,-3e-45,-0.00374625,-0.00374625,-3e-45,-3e-45,-0.00374625,-0.00374625,-3e-45,-0.0,-0.0,0.0024215658,0.0024215658,-0.0,-0.0,0.0024215658,0.0024215658,-0.0,-0.0,-0.0,-0.0,0.0024215658,0.0024215658,0.0024215658,0.0024215658,Uniaxial,0.49950000643730164
6.834246065240066e-29,109858.9375,9859.5859375,0.0,0.6315569877624512,1.7425619280864169e-10,-0.00376125,0.0024344278,0.0024344278,-4.4998625e-20,2.4352197e-21,8.682088e-21,-0.0025585473,0.0021938873,0.0021938873,-1.9537198e-20,-6.6353682e-21,4.760068e-21,4098928.8,-4098928.8,-4098928.8,4098928.8,4098928.8,-4098928.8,-4098928.8,4098928.8,-2.8891445e-10,-4.2426176e-10,0.0,0.0,-2.6201688e-10,-3.973642e-10,0.0,0.0,3.0893058e-10,3.5832984e-10,3.7734804e-10,3.279488e-10,0.0,0.0,0.0,0.0,-16395715.0,1.3725573e-09,-1.3725573e-09,-1.4462506e-10,5.1522422e-11,2.2277711e-11,6e-45,-0.00376125,-0.00376125,6e-45,6e-45,-0.00376125,-0.00376125,6e-45,0.0,0.0,0.0024344278,0.0024344278,0.0,0.0,0.0024344278,0.0024344278,1e-45,1e-45,1e-45,1e-45,0.0024344278,0.0024344278,0.0024344278,0.0024344278,Uniaxial,0.5015000104904175
8.286523030607534e-29,110104.0390625,9792.6103515625,0.0,0.634059727191925,1.7425619280864169e-10,-0.00377625,0.00244729,0.00244729,-4.203401e-20,1.5881868e-21,1.079967e-20,-0.0025735472,0.0022067495,0.0022067495,-1.9963279e-20,-6.4796175e-21,4.8744558e-21,4071085.2,-4071085.2,-4071085.2,4071085.2,4071085.2,-4071085.2,-4071085.2,4071085.2,-4.569237e-10,-5.900947e-10,0.0,0.0,-4.3233056e-10,-5.655016e-10,0.0,0.0,-5.506467e-10,-5.121304e-10,-4.7177856e-10,-5.1029486e-10,0.0,0.0,0.0,0.0,-16284341.0,2.0448505e-09,2.0448505e-09,-1.2451377e-10,4.5515154e-11,3.3427563e-11,0.0,-0.00377625,-0.00377625,0.0,0.0,-0.00377625,-0.00377625,0.0,-0.0,-0.0,0.00244729,0.00244729,0.0,0.0,0.00244729,0.00244729,0.0,0.0,-0.0,-0.0,0.00244729,0.00244729,0.00244729,0.00244729,Uniaxial,0.5034999847412109
8.286523030607534e-29,110347.46875,9725.6357421875,0.0,0.6365625262260437,1.7425619280864169e-10,-0.00379125,0.0024601521,0.0024601521,-4.2881043e-20,-1.0587912e-22,1.12231866e-20,-0.0025885473,0.0022196115,0.0022196115,-2.0397332e-20,-6.3589017e-21,4.9946983e-21,4043241.8,-4043241.8,-4043241.8,4043241.8,4043241.8,-4043241.8,-4043241.8,4043241.8,-4.534294e-10,-5.873316e-10,0.0,0.0,-4.2810094e-10,-5.6200317e-10,0.0,0.0,-5.448981e-10,-5.116216e-10,-4.7053444e-10,-5.03811e-10,0.0,0.0,0.0,0.0,-16172967.0,2.030865e-09,2.030865e-09,-1.259761e-10,3.5035648e-11,3.4898185e-11,-3e-45,-0.00379125,-0.00379125,-3e-45,-3e-45,-0.00379125,-0.00379125,-3e-45,0.0,0.0,0.0024601521,0.0024601521,0.0,0.0,0.0024601521,0.0024601521,-0.0,-0.0,-0.0,-0.0,0.0024601521,0.0024601521,0.0024601521,0.0024601521,Uniaxial,0.5055000185966492
6.663389597636183e-29,110589.2265625,9658.6611328125,0.0,0.6390653252601624,1.7425619280864169e-10,-0.00380625,0.0024730142,0.0024730142,-4.457511e-20,-1.799945e-21,1.29172524e-20,-0.0026035472,0.0022324736,0.0022324736,-2.0855248e-20,-6.272557e-21,5.144748e-21,4015398.2,-4015398.2,-4015398.2,4015398.2,4015398.2,-4015398.2,-4015398.2,4015398.2,-4.544578e-10,-5.834861e-10,0.0,0.0,-4.2495374e-10,-5.53982e-10,0.0,0.0,-5.3307314e-10,-5.0487076e-10,-4.753667e-10,-5.0356913e-10,0.0,0.0,0.0,0.0,-16061593.0,2.0168798e-09,2.0168798e-09,-1.3198702e-10,2.4887445e-11,4.32494e-11,-3e-45,-0.00380625,-0.00380625,-3e-45,-3e-45,-0.00380625,-0.00380625,-3e-45,-0.0,-0.0,0.0024730142,0.0024730142,-0.0,-0.0,0.0024730142,0.0024730142,-0.0,-0.0,-0.0,-0.0,0.0024730142,0.0024730142,0.0024730142,0.0024730142,Uniaxial,0.5074999928474426
7.603098363898217e-29,110829.3125,9591.685546875,0.0,0.641568124294281,1.742562066864295e-10,-0.00382125,0.0024858764,0.0024858764,-4.457511e-20,-2.2234615e-21,8.682088e-21,-0.0026185473,0.0022453358,0.0022453358,-2.1304492e-20,-6.1958687e-21,5.2117435e-21,3987554.8,-3987554.8,-3987554.8,3987554.8,3987554.8,-3987554.8,-3987554.8,3987554.8,-6.087608e-10,-7.439696e-10,0.0,0.0,-5.9129324e-10,-7.26502e-10,0.0,0.0,-6.8973227e-10,-6.6299816e-10,-6.455306e-10,-6.722647e-10,0.0,0.0,0.0,0.0,-15950219.0,2.6705256e-09,2.6705256e-09,-1.2858935e-10,2.1950828e-11,1.9176515e-11,-6e-45,-0.00382125,-0.00382125,-6e-45,-6e-45,-0.00382125,-0.00382125,-6e-45,-0.0,-0.0,0.0024858764,0.0024858764,-0.0,-0.0,0.0024858764,0.0024858764,-1e-45,-1e-45,-1e-45,-1e-45,0.0024858764,0.0024858764,0.0024858764,0.0024858764,Uniaxial,0.5095000267028809
6.150821398530748e-29,111067.734375,9524.7109375,0.0,0.6440709233283997,1.742562066864295e-10,-0.00383625,0.0024987385,0.0024987385,-4.6269175e-20,-1.799945e-21,1.0376154e-20,-0.0026335474,0.0022581979,0.0022581979,-2.1777313e-20,-6.112612e-21,5.3095552e-21,3959711.2,-3959711.2,-3959711.2,3959711.2,3959711.2,-3959711.2,-3959711.2,3959711.2,2.1602822e-10,8.5797064e-11,0.0,0.0,2.4568775e-10,1.1545658e-10,0.0,0.0,1.4499649e-10,1.6470815e-10,1.8648832e-10,1.6677665e-10,0.0,0.0,0.0,0.0,-15838845.0,-6.629696e-10,-6.629696e-10,-1.3439273e-10,2.366464e-11,2.7801643e-11,-4e-45,-0.00383625,-0.00383625,-4e-45,-4e-45,-0.00383625,-0.00383625,-4e-45,-0.0,-0.0,0.0024987385,0.0024987385,-0.0,-0.0,0.0024987385,0.0024987385,-0.0,-0.0,-0.0,-0.0,0.0024987385,0.0024987385,0.0024987385,0.0024987385,Uniaxial,0.5115000009536743
8.030238931054817e-29,111304.4765625,9457.736328125,0.0,0.6465736627578735,1.742562066864295e-10,-0.00385125,0.0025116005,0.0025116005,-4.5845658e-20,-3.494011e-21,1.0376154e-20,-0.0026485473,0.00227106,0.00227106,-2.2233158e-20,-6.0630166e-21,5.4055146e-21,3931867.8,-3931867.8,-3931867.8,3931867.8,3931867.8,-3931867.8,-3931867.8,3931867.8,8.758558e-10,7.406134e-10,0.0,0.0,9.051561e-10,7.699138e-10,0.0,0.0,8.007955e-10,8.156737e-10,8.4497404e-10,8.300959e-10,0.0,0.0,0.0,0.0,-15727471.0,-3.291539e-09,-3.291539e-09,-1.2865639e-10,1.3997629e-11,2.7083301e-11,3e-45,-0.00385125,-0.00385125,3e-45,3e-45,-0.00385125,-0.00385125,3e-45,0.0,-0.0,0.0025116005,0.0025116005,0.0,-0.0,0.0025116005,0.0025116005,0.0,0.0,0.0,0.0,0.0025116005,0.0025116005,0.0025116005,0.0025116005,Uniaxial,0.5134999752044678
8.201094796805593e-29,111539.5546875,9390.7607421875,0.0,0.6490764617919922,1.742562066864295e-10,-0.00386625,0.0025244625,0.0025244625,-4.796324e-20,-4.341044e-21,9.952637e-21,-0.0026635474,0.0022839222,0.0022839222,-2.2720474e-20,-6.0304035e-21,5.491635e-21,3904024.2,-3904024.2,-3904024.2,3904024.2,3904024.2,-3904024.2,-3904024.2,3904024.2,3.864481e-10,2.4725139e-10,0.0,0.0,4.063946e-10,2.671979e-10,0.0,0.0,3.0274583e-10,3.1519495e-10,3.5090017e-10,3.3845104e-10,0.0,0.0,0.0,0.0,-15616097.0,-1.307292e-09,-1.307292e-09,-1.3656516e-10,9.1395546e-12,2.4134339e-11,6e-45,-0.00386625,-0.00386625,6e-45,6e-45,-0.00386625,-0.00386625,6e-45,1e-45,1e-45,0.0025244625,0.0025244625,1e-45,1e-45,0.0025244625,0.0025244625,0.0,0.0,0.0,0.0,0.0025244625,0.0025244625,0.0025244625,0.0025244625,Uniaxial,0.515500009059906
6.9196736971889e-29,111772.9609375,9323.7861328125,0.0,0.6515792608261108,1.742562066864295e-10,-0.00388125,0.0025373248,0.0025373248,-5.0080823e-20,-3.9175274e-21,1.20702195e-20,-0.0026785473,0.0022967842,0.0022967842,-2.3238667e-20,-5.9903863e-21,5.616231e-21,3876180.8,-3876180.8,-3876180.8,3876180.8,3876180.8,-3876180.8,-3876180.8,3876180.8,2.1326278e-10,7.813686e-11,0.0,0.0,2.4635524e-10,1.1122931e-10,0.0,0.0,1.3109722e-10,1.5242309e-10,1.9339488e-10,1.7206903e-10,0.0,0.0,0.0,0.0,-15504723.0,-6.489842e-10,-6.489842e-10,-1.4418228e-10,1.1134334e-11,3.4667512e-11,3e-45,-0.00388125,-0.00388125,3e-45,3e-45,-0.00388125,-0.00388125,3e-45,0.0,0.0,0.0025373248,0.0025373248,0.0,0.0,0.0025373248,0.0025373248,0.0,0.0,0.0,0.0,0.0025373248,0.0025373248,0.0025373248,0.0025373248,Uniaxial,0.5174999833106995
6.236249030479582e-29,112004.6953125,9256.8115234375,0.0,0.6540820598602295,1.742562066864295e-10,-0.00389625,0.0025501868,0.0025501868,-4.923379e-20,-1.799945e-21,1.1646703e-20,-0.0026935474,0.0023096462,0.0023096462,-2.3731004e-20,-5.9110213e-21,5.730445e-21,3848337.2,-3848337.2,-3848337.2,3848337.2,3848337.2,-3848337.2,-3848337.2,3848337.2,2.1083191e-10,7.9795184e-11,0.0,0.0,2.4236602e-10,1.1132929e-10,0.0,0.0,1.3589288e-10,1.6261356e-10,1.8626832e-10,1.5954764e-10,0.0,0.0,0.0,0.0,-15393349.0,-6.443224e-10,-6.443224e-10,-1.3600386e-10,2.1923966e-11,3.155082e-11,3e-45,-0.00389625,-0.00389625,3e-45,3e-45,-0.00389625,-0.00389625,3e-45,0.0,0.0,0.0025501868,0.0025501868,0.0,0.0,0.0025501868,0.0025501868,0.0,0.0,0.0,0.0,0.0025501868,0.0025501868,0.0025501868,0.0025501868,Uniaxial,0.5195000171661377
6.236249030479582e-29,112234.765625,9189.8359375,0.0,0.6565848588943481,1.742562066864295e-10,-0.00391125,0.0025630489,0.0025630489,-4.8386757e-20,3.1763736e-22,1.4611318e-20,-0.0027085473,0.0023225085,0.0023225085,-2.4197973e-20,-5.793053e-21,5.898645e-21,3820493.8,-3820493.8,-3820493.8,3820493.8,3820493.8,-3820493.8,-3820493.8,3820493.8,3.639522e-10,2.3688587e-10,0.0,0.0,4.0277473e-10,2.757084e-10,0.0,0.0,-3.512692e-10,-3.1933456e-10,-2.8839137e-10,-3.2032604e-10,0.0,0.0,0.0,0.0,-15281975.0,-1.2793212e-09,1.2793212e-09,-1.280631e-10,3.2351934e-11,4.6127654e-11,3e-45,-0.00391125,-0.00391125,3e-45,3e-45,-0.00391125,-0.00391125,3e-45,0.0,0.0,0.0025630489,0.0025630489,0.0,0.0,0.0025630489,0.0025630489,0.0,0.0,0.0,0.0,0.0025630489,0.0025630489,0.0025630489,0.0025630489,Uniaxial,0.5214999914169312
6.9196736971889e-29,112463.15625,9122.861328125,0.0,0.659087598323822,1.742562066864295e-10,-0.00392625,0.002575911,0.002575911,-4.796324e-20,2.0117032e-21,1.4611318e-20,-0.0027235474,0.0023353705,0.0023353705,-2.4648077e-20,-5.6452342e-21,6.0636596e-21,3792650.2,-3792650.2,-3792650.2,3792650.2,3792650.2,-3792650.2,-3792650.2,3792650.2,-1.1570814e-10,-2.4001207e-10,0.0,0.0,-7.7487336e-11,-2.0179126e-10,0.0,0.0,-8.347386e-10,-7.9885853e-10,-7.5275836e-10,-7.886385e-10,0.0,0.0,0.0,0.0,-15170601.0,6.349988e-10,3.174994e-09,-1.2253827e-10,4.0242816e-11,4.492421e-11,-1e-45,-0.00392625,-0.00392625,-1e-45,-1e-45,-0.00392625,-0.00392625,-1e-45,-0.0,-0.0,0.002575911,0.002575911,-0.0,-0.0,0.002575911,0.002575911,-0.0,-0.0,-0.0,-0.0,0.002575911,0.002575911,0.002575911,0.002575911,Uniaxial,0.5235000252723694
6.407105498083466e-29,112689.8828125,9055.88671875,0.0,0.6615903973579407,1.742562066864295e-10,-0.00394125,0.0025887731,0.0025887731,-4.796324e-20,2.4352197e-21,1.4611318e-20,-0.0027385473,0.0023482325,0.0023482325,-2.5089656e-20,-5.492194e-21,6.2255483e-21,3764806.8,-3764806.8,-3764806.8,3764806.8,3764806.8,-3764806.8,-3764806.8,3764806.8,-2.7263417e-10,-3.953364e-10,0.0,0.0,-2.3500057e-10,-3.577028e-10,0.0,0.0,-3.4826458e-10,-3.1970598e-10,-2.820724e-10,-3.10631e-10,0.0,0.0,0.0,0.0,-15059227.0,1.260674e-09,1.260674e-09,-1.1933488e-10,4.135849e-11,4.3749802e-11,-3e-45,-0.00394125,-0.00394125,-3e-45,-3e-45,-0.00394125,-0.00394125,-3e-45,-0.0,-0.0,0.0025887731,0.0025887731,-0.0,-0.0,0.0025887731,0.0025887731,-0.0,-0.0,-0.0,-0.0,0.0025887731,0.0025887731,0.0025887731,0.0025887731,Uniaxial,0.5254999995231628
6.150821398530748e-29,112914.9375,8988.9111328125,0.0,0.6640931963920593,1.742562205642173e-10,-0.00395625,0.0026016352,0.0026016352,-4.8810274e-20,-1.0587912e-22,1.5034835e-20,-0.0027535474,0.0023610948,0.0023610948,-2.5538914e-20,-5.3901795e-21,6.3923924e-21,3736963.2,-3736963.2,-3736963.2,3736963.2,3736963.2,-3736963.2,-3736963.2,3736963.2,-4.2667914e-10,-5.4997e-10,0.0,0.0,-3.8854273e-10,-5.1183363e-10,0.0,0.0,-4.9516585e-10,-4.73604e-10,-4.4334691e-10,-4.649088e-10,0.0,0.0,0.0,0.0,-14947853.0,1.8770256e-09,1.8770256e-09,-1.2051221e-10,2.7365084e-11,4.4755435e-11,-6e-45,-0.00395625,-0.00395625,-6e-45,-6e-45,-0.00395625,-0.00395625,-6e-45,-0.0,-0.0,0.0026016352,0.0026016352,-0.0,-0.0,0.0026016352,0.0026016352,-0.0,-0.0,-0.0,-0.0,0.0026016352,0.0026016352,0.0026016352,0.0026016352,Uniaxial,0.5274999737739563
6.9196736971889e-29,113138.3203125,8921.9365234375,0.0,0.666595995426178,1.742562205642173e-10,-0.00397125,0.0026144974,0.0026144974,-4.9657307e-20,-3.0704944e-21,1.29172524e-20,-0.0027685473,0.0023739568,0.0023739568,-2.5995707e-20,-5.3462456e-21,6.5159707e-21,3709119.8,-3709119.8,-3709119.8,3709119.8,3709119.8,-3709119.8,-3709119.8,3709119.8,4.5817464e-11,-7.802739e-11,0.0,0.0,7.802739e-11,-4.5817464e-11,0.0,0.0,-3.0848313e-11,-9.2409596e-12,3.0848313e-11,9.2409596e-12,0.0,0.0,0.0,0.0,-14836479.0,0.0,0.0,-1.2162012e-10,1.1697312e-11,3.290245e-11,-8e-45,-0.00397125,-0.00397125,-8e-45,-8e-45,-0.00397125,-0.00397125,-8e-45,-0.0,-0.0,0.0026144974,0.0026144974,-0.0,-0.0,0.0026144974,0.0026144974,-0.0,-0.0,-0.0,-0.0,0.0026144974,0.0026144974,0.0026144974,0.0026144974,Uniaxial,0.5295000076293945
6.834246065240066e-29,113360.03125,8854.9619140625,0.0,0.6690987944602966,1.742562205642173e-10,-0.00398625,0.0026273595,0.0026273595,-5.0927856e-20,-2.646978e-21,1.1646703e-20,-0.0027835474,0.0023868189,0.0023868189,-2.646791e-20,-5.2951228e-21,6.6131446e-21,3681276.2,-3681276.2,-3681276.2,3681276.2,3681276.2,-3681276.2,-3681276.2,3681276.2,2.0250135e-10,7.707665e-11,0.0,0.0,2.3109913e-10,1.05674434e-10,0.0,0.0,1.2853235e-10,1.5892501e-10,1.7964344e-10,1.4925078e-10,0.0,0.0,0.0,0.0,-14725105.0,-6.163516e-10,-6.163516e-10,-1.2477981e-10,1.3509229e-11,2.5678164e-11,-1e-45,-0.00398625,-0.00398625,-1e-45,-1e-45,-0.00398625,-0.00398625,-1e-45,-0.0,-0.0,0.0026273595,0.0026273595,-0.0,-0.0,0.0026273595,0.0026273595,-0.0,-0.0,-0.0,-0.0,0.0026273595,0.0026273595,0.0026273595,0.0026273595,Uniaxial,0.531499981880188
6.065393164728807e-29,113580.0703125,8787.986328125,0.0,0.6716015338897705,1.742562205642173e-10,-0.00400125,0.0026402215,0.0026402215,-5.1351372e-20,1.1646703e-21,9.529121e-21,-0.0027985473,0.0023996811,0.0023996811,-2.6939193e-20,-5.172777e-21,6.668372e-21,3653432.8,-3653432.8,-3653432.8,3653432.8,3653432.8,-3653432.8,-3653432.8,3653432.8,6.665452e-10,5.4959265e-10,0.0,0.0,6.737869e-10,5.5683436e-10,0.0,0.0,5.7640953e-10,6.239696e-10,6.4697e-10,5.9940997e-10,0.0,0.0,0.0,0.0,-14613731.0,-2.446759e-09,-2.446759e-09,-1.235942e-10,3.2085286e-11,1.4483426e-11,7e-45,-0.00400125,-0.00400125,7e-45,7e-45,-0.00400125,-0.00400125,7e-45,1e-45,1e-45,0.0026402215,0.0026402215,1e-45,1e-45,0.0026402215,0.0026402215,0.0,0.0,0.0,0.0,0.0026402215,0.0026402215,0.0026402215,0.0026402215,Uniaxial,0.5335000157356262
8.286523030607534e-29,113798.4375,8721.01171875,0.0,0.6741043329238892,1.742562205642173e-10,-0.00401625,0.0026530838,0.0026530838,-5.0080823e-20,7.5174174e-21,9.105604e-21,-0.0028135474,0.0024125432,0.0024125432,-2.7377484e-20,-4.9324303e-21,6.714532e-21,3625589.2,-3625589.2,-3625589.2,3625589.2,3625589.2,-3625589.2,-3625589.2,3625589.2,5.703074e-11,-6.303738e-11,0.0,0.0,6.303738e-11,-5.703074e-11,0.0,0.0,-4.621875e-11,1.6574062e-11,4.621875e-11,-1.6574062e-11,0.0,0.0,0.0,0.0,-14502357.0,0.0,0.0,-1.1406667e-10,6.255083e-11,1.20132845e-11,0.0,-0.00401625,-0.00401625,0.0,-0.0,-0.00401625,-0.00401625,-0.0,0.0,0.0,0.0026530838,0.0026530838,-0.0,-0.0,0.0026530838,0.0026530838,0.0,-0.0,-0.0,0.0,0.0026530838,0.0026530838,0.0026530838,0.0026530838,Uniaxial,0.5354999899864197
6.492533731885407e-29,114015.140625,8654.037109375,0.0,0.6766071319580078,1.742562205642173e-10,-0.00403125,0.0026659458,0.0026659458,-5.1351372e-20,1.1752582e-20,9.529121e-21,-0.0028285473,0.0024254052,0.0024254052,-2.7831542e-20,-4.616423e-21,6.767839e-21,3597745.8,-3597745.8,-3597745.8,3597745.8,3597745.8,-3597745.8,-3597745.8,3597745.8,8.1034873e-10,6.886833e-10,0.0,0.0,8.172321e-10,6.9556666e-10,0.0,0.0,7.133548e-10,7.777978e-10,7.925606e-10,7.2811757e-10,0.0,0.0,0.0,0.0,-14390983.0,-3.0118308e-09,-3.0118308e-09,-1.1726142e-10,8.160997e-11,1.3766756e-11,-3e-45,-0.00403125,-0.00403125,-3e-45,-3e-45,-0.00403125,-0.00403125,-3e-45,-0.0,-0.0,0.0026659458,0.0026659458,-0.0,-0.0,0.0026659458,0.0026659458,-0.0,-0.0,-0.0,-0.0,0.0026659458,0.0026659458,0.0026659458,0.0026659458,Uniaxial,0.5375000238418579
6.492533731885407e-29,114230.171875,8587.0615234375,0.0,0.6791099309921265,1.742562205642173e-10,-0.00404625,0.0026788078,0.0026788078,-5.3468955e-20,1.1752582e-20,6.140989e-21,-0.0028435474,0.0024382675,0.0024382675,-2.8317103e-20,-4.3064012e-21,6.7559666e-21,3569902.2,-3569902.2,-3569902.2,3569902.2,3569902.2,-3569902.2,-3569902.2,3569902.2,-2.3546728e-10,-3.607159e-10,0.0,0.0,-2.3698846e-10,-3.6223705e-10,0.0,0.0,4.1341897e-10,4.7677934e-10,4.8313753e-10,4.1977716e-10,0.0,0.0,0.0,0.0,-14279609.0,1.1954087e-09,-1.7931131e-09,-1.2442761e-10,7.944468e-11,-3.0423296e-12,3e-45,-0.00404625,-0.00404625,3e-45,3e-45,-0.00404625,-0.00404625,3e-45,-0.0,-0.0,0.0026788078,0.0026788078,0.0,0.0,0.0026788078,0.0026788078,0.0,0.0,0.0,0.0,0.0026788078,0.0026788078,0.0026788078,0.0026788078,Uniaxial,0.5394999980926514
6.407105498083466e-29,114443.53125,8520.0869140625,0.0,0.6816127300262451,1.742562205642173e-10,-0.00406125,0.00269167,0.00269167,-5.516302e-20,1.0058516e-20,6.140989e-21,-0.0028585473,0.0024511295,0.0024511295,-2.882555e-20,-4.034336e-21,6.7443194e-21,3542058.5,-3542058.5,-3542058.5,3542058.5,3542058.5,-3542058.5,-3542058.5,3542058.5,-8.368371e-11,-2.1135685e-10,0.0,0.0,-8.5164424e-11,-2.1283757e-10,0.0,0.0,4.1640966e-10,4.746349e-10,4.731542e-10,4.1492895e-10,0.0,0.0,0.0,0.0,-14168234.0,5.9304256e-10,-1.7791276e-09,-1.2927669e-10,6.9174354e-11,-2.96143e-12,7e-45,-0.00406125,-0.00406125,7e-45,7e-45,-0.00406125,-0.00406125,7e-45,0.0,0.0,0.00269167,0.00269167,0.0,0.0,0.00269167,0.00269167,1e-45,1e-45,1e-45,1e-45,0.00269167,0.00269167,0.00269167,0.00269167,Uniaxial,0.5414999723434448
7.175957796741617e-29,114655.21875,8453.1123046875,0.0,0.684115469455719,1.742562205642173e-10,-0.00407625,0.0027045321,0.0027045321,-5.643357e-20,7.940934e-21,5.293956e-21,-0.0028735474,0.0024639915,0.0024639915,-2.9348436e-20,-3.8075293e-21,6.71685e-21,3514215.0,-3514215.0,-3514215.0,3514215.0,3514215.0,-3514215.0,-3514215.0,3514215.0,-6.771302e-10,-8.0611573e-10,0.0,0.0,-6.6483613e-10,-7.938217e-10,0.0,0.0,-2.8329785e-11,3.179445e-11,2.8329785e-11,-3.179445e-11,0.0,0.0,0.0,0.0,-14056860.0,2.9419036e-09,0.0,-1.3190152e-10,5.7213678e-11,-6.9293325e-12,7e-45,-0.00407625,-0.00407625,7e-45,7e-45,-0.00407625,-0.00407625,7e-45,0.0,0.0,0.0027045321,0.0027045321,0.0,0.0,0.0027045321,0.0027045321,1e-45,1e-45,1e-45,1e-45,0.0027045321,0.0027045321,0.0027045321,0.0027045321,Uniaxial,0.5435000061988831
6.150821398530748e-29,114865.234375,8386.13671875,0.0,0.6866182684898376,1.742562205642173e-10,-0.00409125,0.0027173941,0.0027173941,-5.6857087e-20,7.940934e-21,7.411538e-21,-0.0028885473,0.0024768538,0.0024768538,-2.9869437e-20,-3.5850185e-21,6.7300073e-21,3486371.5,-3486371.5,-3486371.5,3486371.5,3486371.5,-3486371.5,-3486371.5,3486371.5,-2.3644822e-10,-3.567964e-10,0.0,0.0,-2.2692254e-10,-3.472707e-10,0.0,0.0,-3.3024203e-10,-2.7088196e-10,-2.534769e-10,-3.1283698e-10,0.0,0.0,0.0,0.0,-13945486.0,1.1674379e-09,1.1674379e-09,-1.3038547e-10,5.5685352e-11,3.2926823e-12,-7e-45,-0.00409125,-0.00409125,-7e-45,-7e-45,-0.00409125,-0.00409125,-7e-45,-0.0,-0.0,0.0027173941,0.0027173941,-0.0,-0.0,0.0027173941,0.0027173941,-0.0,-0.0,-0.0,-0.0,0.0027173941,0.0027173941,0.0027173941,0.0027173941,Uniaxial,0.5454999804496765
6.407105498083466e-29,115073.5859375,8319.162109375,0.0,0.6891210675239563,1.742562344420051e-10,-0.00410625,0.0027302564,0.0027302564,-5.516302e-20,9.211483e-21,1.29172524e-20,-0.0029035474,0.0024897158,0.0024897158,-3.0348488e-20,-3.3426583e-21,6.847191e-21,3458528.0,-3458528.0,-3458528.0,3458528.0,3458528.0,-3458528.0,-3458528.0,3458528.0,4.7645043e-10,3.618305e-10,0.0,0.0,5.067552e-10,3.9213524e-10,0.0,0.0,-3.3548175e-10,-2.738801e-10,-2.4357538e-10,-3.05177e-10,0.0,0.0,0.0,0.0,-13834112.0,-1.7371714e-09,1.1581143e-09,-1.1892903e-10,6.016845e-11,2.9092086e-11,-6e-45,-0.00410625,-0.00410625,-6e-45,-6e-45,-0.00410625,-0.00410625,-6e-45,-0.0,-0.0,0.0027302564,0.0027302564,-0.0,-0.0,0.0027302564,0.0027302564,-1e-45,-1e-45,-1e-45,-1e-45,0.0027302564,0.0027302564,0.0027302564,0.0027302564,Uniaxial,0.5475000143051147
6.407105498083466e-29,115280.2578125,8252.1875,0.0,0.691623866558075,1.742562344420051e-10,-0.00412125,0.0027431184,0.0027431184,-5.431599e-20,1.0482033e-20,1.7152417e-20,-0.0029185473,0.0025025778,0.0025025778,-3.0802422e-20,-3.0808245e-21,7.042368e-21,3430684.5,-3430684.5,-3430684.5,3430684.5,3430684.5,-3430684.5,-3430684.5,3430684.5,3.5628896e-11,-7.541985e-11,0.0,0.0,7.541985e-11,-3.5628896e-11,0.0,0.0,-7.6976825e-10,-7.06011e-10,-6.662201e-10,-7.299773e-10,0.0,0.0,0.0,0.0,-13722738.0,0.0,2.8719767e-09,-1.117866e-10,6.4479616e-11,4.8064514e-11,-3e-45,-0.00412125,-0.00412125,-3e-45,-3e-45,-0.00412125,-0.00412125,-3e-45,0.0,0.0,0.0027431184,0.0027431184,0.0,0.0,0.0027431184,0.0027431184,-0.0,-0.0,-0.0,-0.0,0.0027431184,0.0027431184,0.0027431184,0.0027431184,Uniaxial,0.5494999885559082
6.834246065240066e-29,115485.265625,8185.21240234375,0.0,0.6941266655921936,1.742562344420051e-10,-0.00413625,0.0027559805,0.0027559805,-5.3468955e-20,1.0905549e-20,2.0117032e-20,-0.0029335474,0.0025154399,0.0025154399,-3.1231716e-20,-2.8159286e-21,7.289996e-21,3402841.0,-3402841.0,-3402841.0,3402841.0,3402841.0,-3402841.0,-3402841.0,3402841.0,-2.580145e-10,-3.6560033e-10,0.0,0.0,-2.041332e-10,-3.11719e-10,0.0,0.0,-3.398025e-10,-2.7593297e-10,-2.2993102e-10,-2.9380057e-10,0.0,0.0,0.0,0.0,-13611364.0,1.1394671e-09,1.1394671e-09,-1.0486075e-10,6.4704284e-11,6.04865e-11,-1e-45,-0.00413625,-0.00413625,-1e-45,-1e-45,-0.00413625,-0.00413625,-1e-45,-0.0,-0.0,0.0027559805,0.0027559805,-0.0,-0.0,0.0027559805,0.0027559805,-0.0,-0.0,0.0,0.0,0.0027559805,0.0027559805,0.0027559805,0.0027559805,Uniaxial,0.5515000224113464
8.45737889635831e-29,115688.6015625,8118.2373046875,0.0,0.6966294050216675,1.742562344420051e-10,-0.00415125,0.0027688427,0.0027688427,-5.3468955e-20,1.0058516e-20,2.2234615e-20,-0.0029485472,0.0025283021,0.0025283021,-3.165288e-20,-2.572092e-21,7.5730405e-21,3374997.5,-3374997.5,-3374997.5,3374997.5,3374997.5,-3374997.5,-3374997.5,3374997.5,3.200338e-11,-8.2047896e-11,0.0,0.0,8.2047896e-11,-3.200338e-11,0.0,0.0,-5.948885e-11,9.444336e-12,5.948885e-11,-9.444336e-12,0.0,0.0,0.0,0.0,-13499990.0,0.0,0.0,-1.0203297e-10,5.9072885e-11,6.857164e-11,-0.0,-0.00415125,-0.00415125,0.0,-0.0,-0.00415125,-0.00415125,0.0,-0.0,-0.0,0.0027688427,0.0027688427,0.0,0.0,0.0027688427,0.0027688427,-0.0,-0.0,0.0,0.0,0.0027688427,0.0027688427,0.0027688427,0.0027688427,Uniaxial,0.5534999966621399
8.88451946351491e-29,115890.265625,8051.2626953125,0.0,0.6991322040557861,1.742562344420051e-10,-0.00416625,0.0027817048,0.0027817048,-5.643357e-20,1.2176099e-20,2.1387582e-20,-0.0029635474,0.0025411642,0.0025411642,-3.2122215e-20,-2.2927678e-21,7.834682e-21,3347154.0,-3347154.0,-3347154.0,3347154.0,3347154.0,-3347154.0,-3347154.0,3347154.0,5.965234e-10,4.7710597e-10,0.0,0.0,6.4371386e-10,5.2429644e-10,0.0,0.0,4.9639864e-10,5.693514e-10,6.244212e-10,5.514684e-10,0.0,0.0,0.0,0.0,-13388616.0,-2.2416395e-09,-2.2416395e-09,-1.12765255e-10,6.711207e-11,6.286348e-11,6e-45,-0.00416625,-0.00416625,6e-45,6e-45,-0.00416625,-0.00416625,6e-45,0.0,0.0,0.0027817048,0.0027817048,0.0,0.0,0.0027817048,0.0027817048,0.0,0.0,0.0,0.0,0.0027817048,0.0027817048,0.0027817048,0.0027817048,Uniaxial,0.5554999709129333
8.45737889635831e-29,116090.2578125,7984.28759765625,0.0,0.7016350030899048,1.742562344420051e-10,-0.00418125,0.0027945668,0.0027945668,-5.98217e-20,1.4717197e-20,1.7575934e-20,-0.0029785472,0.0025540262,0.0025540262,-3.264683e-20,-1.9706063e-21,8.0191776e-21,3319310.5,-3319310.5,-3319310.5,3319310.5,3319310.5,-3319310.5,-3319310.5,3319310.5,-2.339761e-10,-3.5951028e-10,0.0,0.0,-1.9623783e-10,-3.2177203e-10,0.0,0.0,-3.3563166e-10,-2.5785468e-10,-2.2011644e-10,-2.978934e-10,0.0,0.0,0.0,0.0,-13277242.0,1.1114962e-09,1.1114962e-09,-1.2499879e-10,7.676045e-11,4.3959107e-11,3e-45,-0.00418125,-0.00418125,3e-45,3e-45,-0.00418125,-0.00418125,3e-45,0.0,0.0,0.0027945668,0.0027945668,0.0,0.0,0.0027945668,0.0027945668,0.0,0.0,0.0,0.0,0.0027945668,0.0027945668,0.0027945668,0.0027945668,Uniaxial,0.5575000047683716
8.969947697316852e-29,116288.578125,7917.3125,0.0,0.7041378021240234,1.742562344420051e-10,-0.00419625,0.002807429,0.002807429,-6.23628e-20,1.7258296e-20,1.5881868e-20,-0.0029935474,0.0025668885,0.0025668885,-3.320964e-20,-1.6064191e-21,8.1680935e-21,3291467.0,-3291467.0,-3291467.0,3291467.0,3291467.0,-3291467.0,-3291467.0,3291467.0,-6.4077244e-10,-7.7029405e-10,0.0,0.0,-6.0742167e-10,-7.369433e-10,0.0,0.0,-5.788523e-11,3.2413815e-11,5.788523e-11,-3.2413815e-11,0.0,0.0,0.0,0.0,-13165868.0,2.7554314e-09,0.0,-1.3297366e-10,8.6045907e-11,3.5184137e-11,3e-45,-0.00419625,-0.00419625,3e-45,3e-45,-0.00419625,-0.00419625,3e-45,0.0,0.0,0.002807429,0.002807429,0.0,0.0,0.002807429,0.002807429,0.0,0.0,0.0,0.0,0.002807429,0.002807429,0.002807429,0.002807429,Uniaxial,0.559499979019165
7.517670130096275e-29,116485.234375,7850.337890625,0.0,0.7066406011581421,1.7425624831979292e-10,-0.00421125,0.002820291,0.002820291,-6.4056867e-20,1.9799395e-20,1.5034835e-20,-0.0030085472,0.0025797505,0.0025797505,-3.3793873e-20,-1.2010021e-21,8.298147e-21,3263623.5,-3263623.5,-3263623.5,3263623.5,3263623.5,-3263623.5,-3263623.5,3263623.5,-5.040656e-10,-6.2765515e-10,0.0,0.0,-4.6519383e-10,-5.8878336e-10,0.0,0.0,-5.499915e-11,3.1886046e-11,5.499915e-11,-3.1886046e-11,0.0,0.0,0.0,0.0,-13054494.0,2.185698e-09,0.0,-1.3686816e-10,9.497691e-11,3.046751e-11,-1e-45,-0.00421125,-0.00421125,-1e-45,-1e-45,-0.00421125,-0.00421125,-1e-45,-0.0,-0.0,0.002820291,0.002820291,-0.0,-0.0,0.002820291,0.002820291,-0.0,-0.0,-0.0,-0.0,0.002820291,0.002820291,0.002820291,0.002820291,Uniaxial,0.5615000128746033
8.030238931054817e-29,116680.21875,7783.36279296875,0.0,0.709143340587616,1.7425624831979292e-10,-0.00422625,0.0028331531,0.0028331531,-6.278632e-20,2.0222912e-20,1.4611318e-20,-0.0030235474,0.0025926125,0.0025926125,-3.4342978e-20,-7.9524237e-22,8.4177155e-21,3235780.0,-3235780.0,-3235780.0,3235780.0,3235780.0,-3235780.0,-3235780.0,3235780.0,-5.050015e-10,-6.2392747e-10,0.0,0.0,-4.5959792e-10,-5.785239e-10,0.0,0.0,8.523765e-11,1.7175751e-10,1.856437e-10,9.9123834e-11,0.0,0.0,0.0,0.0,-12943120.0,2.1670508e-09,-5.417627e-10,-1.2754106e-10,9.4246236e-11,2.7772363e-11,-7e-45,-0.00422625,-0.00422625,-7e-45,-7e-45,-0.00422625,-0.00422625,-7e-45,-0.0,-0.0,0.0028331531,0.0028331531,-0.0,-0.0,0.0028331531,0.0028331531,-0.0,-0.0,-0.0,-0.0,0.0028331531,0.0028331531,0.0028331531,0.0028331531,Uniaxial,0.5634999871253967
7.517670130096275e-29,116873.53125,7716.3876953125,0.0,0.7116461396217346,1.7425624831979292e-10,-0.00424125,0.0028460152,0.0028460152,-6.0668735e-20,1.8952362e-20,1.29172524e-20,-0.0030385472,0.0026054748,0.0026054748,-3.4841578e-20,-4.2123123e-22,8.5029344e-21,3207936.5,-3207936.5,-3207936.5,3207936.5,3207936.5,-3207936.5,-3207936.5,3207936.5,-3.5539016e-10,-4.6795234e-10,0.0,0.0,-3.3769898e-10,-4.5026116e-10,0.0,0.0,2.1059603e-10,2.93055e-10,3.2650485e-10,2.440459e-10,0.0,0.0,0.0,0.0,-12831746.0,1.6113026e-09,-1.0742017e-09,-1.1481347e-10,8.612444e-11,1.9623652e-11,-4e-45,-0.00424125,-0.00424125,-4e-45,-4e-45,-0.00424125,-0.00424125,-4e-45,-0.0,-0.0,0.0028460152,0.0028460152,-0.0,-0.0,0.0028460152,0.0028460152,-0.0,-0.0,-0.0,-0.0,0.0028460152,0.0028460152,0.0028460152,0.0028460152,Uniaxial,0.565500020980835
9.995084697380828e-29,117065.171875,7649.4130859375,0.0,0.7141489386558533,1.7425624831979292e-10,-0.00425625,0.0028588774,0.0028588774,-5.897467e-20,1.810533e-20,1.5458351e-20,-0.0030535473,0.0026183368,0.0026183368,-3.5298647e-20,-7.0346103e-23,8.634667e-21,3180093.0,-3180093.0,-3180093.0,3180093.0,3180093.0,-3180093.0,-3180093.0,3180093.0,3.4325216e-11,-8.087816e-11,0.0,0.0,8.087816e-11,-3.4325216e-11,0.0,0.0,-4.7240607e-11,4.008441e-11,4.7240607e-11,-4.008441e-11,0.0,0.0,0.0,0.0,-12720372.0,0.0,0.0,-1.04337164e-10,8.0097845e-11,3.007109e-11,4e-45,-0.00425625,-0.00425625,4e-45,4e-45,-0.00425625,-0.00425625,4e-45,0.0,0.0,0.0028588774,0.0028588774,0.0,0.0,0.0028588774,0.0028588774,-0.0,-0.0,0.0,0.0,0.0028588774,0.0028588774,0.0028588774,0.0028588774,Uniaxial,0.5674999952316284
1.2301642797061497e-28,117255.140625,7582.43798828125,0.0,0.7166517376899719,1.7425624831979292e-10,-0.00427125,0.0028717394,0.0028717394,-6.024522e-20,1.9375879e-20,1.67289e-20,-0.0030685472,0.0026311988,0.0026311988,-3.5771125e-20,2.9795706e-22,8.7879684e-21,3152249.5,-3152249.5,-3152249.5,3152249.5,3152249.5,-3152249.5,-3152249.5,3152249.5,1.815171e-10,5.714805e-11,0.0,0.0,2.0674058e-10,8.2371526e-11,0.0,0.0,5.9081834e-10,6.8764267e-10,7.286249e-10,6.318005e-10,0.0,0.0,0.0,0.0,-12608998.0,-5.2777727e-10,-2.6388864e-09,-1.06909835e-10,8.3337816e-11,3.4688263e-11,3e-45,-0.00427125,-0.00427125,3e-45,3e-45,-0.00427125,-0.00427125,3e-45,0.0,0.0,0.0028717394,0.0028717394,0.0,0.0,0.0028717394,0.0028717394,0.0,0.0,0.0,0.0,0.0028717394,0.0028717394,0.0028717394,0.0028717394,Uniaxial,0.5695000290870667
1.281421099616693e-28,117443.4375,7515.462890625,0.0,0.7191545367240906,1.7425624831979292e-10,-0.00428625,0.0028846015,0.0028846015,-6.49039e-20,2.3187527e-20,1.5458351e-20,-0.0030835473,0.002644061,0.002644061,-3.6322887e-20,7.314757e-22,8.9143025e-21,3124406.0,-3124406.0,-3124406.0,3124406.0,3124406.0,-3124406.0,-3124406.0,3124406.0,-2.18006e-10,-3.5079376e-10,0.0,0.0,-1.7232171e-10,-3.0510947e-10,0.0,0.0,2.0258957e-10,3.0635902e-10,3.205259e-10,2.1675646e-10,0.0,0.0,0.0,0.0,-12497624.0,1.046231e-09,-1.046231e-09,-1.2374725e-10,9.722799e-11,2.8333775e-11,3e-45,-0.00428625,-0.00428625,3e-45,3e-45,-0.00428625,-0.00428625,3e-45,-0.0,-0.0,0.0028846015,0.0028846015,-0.0,-0.0,0.0028846015,0.0028846015,0.0,0.0,0.0,0.0,0.0028846015,0.0028846015,0.0028846015,0.0028846015,Uniaxial,0.5715000033378601
1.2985067463770814e-28,117630.0703125,7448.48828125,0.0,0.7216573357582092,1.7425624831979292e-10,-0.00430125,0.0028974637,0.0028974637,-6.99861e-20,2.7422692e-20,1.5881868e-20,-0.0030985472,0.0026569231,0.0026569231,-3.6960452e-20,1.2369959e-21,9.046265e-21,3096562.5,-3096562.5,-3096562.5,3096562.5,3096562.5,-3096562.5,-3096562.5,3096562.5,3.1884037e-10,1.7706778e-10,0.0,0.0,3.413859e-10,1.9961331e-10,0.0,0.0,1.8440553e-10,3.0362327e-10,3.3404815e-10,2.1483042e-10,0.0,0.0,0.0,0.0,-12386250.0,-1.0369073e-09,-1.0369073e-09,-1.4171689e-10,1.12365874e-10,2.9332366e-11,3e-45,-0.00430125,-0.00430125,3e-45,3e-45,-0.00430125,-0.00430125,3e-45,0.0,0.0,0.0028974637,0.0028974637,0.0,0.0,0.0028974637,0.0028974637,0.0,0.0,0.0,0.0,0.0028974637,0.0028974637,0.0028974637,0.0028974637,Uniaxial,0.5734999775886536
1.55479096630042e-28,117815.0234375,7381.51318359375,0.0,0.7241600751876831,1.7425624831979292e-10,-0.00431625,0.0029103258,0.0029103258,-7.422126e-20,3.2081373e-20,1.3764285e-20,-0.0031135473,0.0026697852,0.0026697852,-3.7666157e-20,1.8211752e-21,9.135623e-21,3068719.0,-3068719.0,-3068719.0,3068719.0,3068719.0,-3068719.0,-3068719.0,3068719.0,-7.480754e-11,-2.2344755e-10,0.0,0.0,-3.3448376e-11,-1.8208839e-10,0.0,0.0,-2.0099654e-10,-6.574116e-11,-5.5899396e-11,-1.9115477e-10,0.0,0.0,0.0,0.0,-12274876.0,5.1379184e-10,5.1379184e-10,-1.5545175e-10,1.2868245e-10,1.9683536e-11,1e-45,-0.00431625,-0.00431625,1e-45,1e-45,-0.00431625,-0.00431625,1e-45,0.0,0.0,0.0029103258,0.0029103258,-0.0,-0.0,0.0029103258,0.0029103258,-0.0,-0.0,0.0,0.0,0.0029103258,0.0029103258,0.0029103258,0.0029103258,Uniaxial,0.5755000114440918
1.3668492130480131e-28,117998.3125,7314.5380859375,0.0,0.7266628742218018,1.7425624831979292e-10,-0.00433125,0.0029231878,0.0029231878,-7.676236e-20,3.716357e-20,1.5458351e-20,-0.0031285472,0.0026826474,0.0026826474,-3.8406623e-20,2.490545e-21,9.255372e-21,3040875.5,-3040875.5,-3040875.5,3040875.5,3040875.5,-3040875.5,-3040875.5,3040875.5,3.120756e-10,1.6822627e-10,0.0,0.0,3.409038e-10,1.9705447e-10,0.0,0.0,1.642266e-10,3.0819589e-10,3.4490347e-10,2.0093416e-10,0.0,0.0,0.0,0.0,-12163502.0,-1.0182601e-09,-1.0182601e-09,-1.6162906e-10,1.461103e-10,2.6139025e-11,-3e-45,-0.00433125,-0.00433125,-3e-45,-3e-45,-0.00433125,-0.00433125,-3e-45,-0.0,-0.0,0.0029231878,0.0029231878,-0.0,-0.0,0.0029231878,0.0029231878,-0.0,-0.0,-0.0,-0.0,0.0029231878,0.0029231878,0.0029231878,0.0029231878,Uniaxial,0.5774999856948853
1.4351915593483234e-28,118179.9296875,7247.5634765625,0.0,0.7291656732559204,1.7425624831979292e-10,-0.00434625,0.00293605,0.00293605,-7.549181e-20,4.1822252e-20,1.67289e-20,-0.0031435473,0.0026955095,0.0026955095,-3.9109e-20,3.2354707e-21,9.396918e-21,3013032.0,-3013032.0,-3013032.0,3013032.0,3013032.0,-3013032.0,-3013032.0,3013032.0,1.7613987e-10,3.7149363e-11,0.0,0.0,2.1508476e-10,7.6094256e-11,0.0,0.0,-5.9573657e-10,-4.442655e-10,-4.1319997e-10,-5.64671e-10,0.0,0.0,0.0,0.0,-12052128.0,-5.0446824e-10,2.017873e-09,-1.5191143e-10,1.611138e-10,3.061369e-11,-1e-45,-0.00434625,-0.00434625,-1e-45,-1e-45,-0.00434625,-0.00434625,-1e-45,0.0,0.0,0.00293605,0.00293605,-0.0,-0.0,0.00293605,0.00293605,-0.0,-0.0,-0.0,-0.0,0.00293605,0.00293605,0.00293605,0.00293605,Uniaxial,0.5795000195503235
1.5291624961598376e-28,118359.875,7180.58837890625,0.0,0.7316684722900391,1.7425624831979292e-10,-0.00436125,0.002948912,0.002948912,-7.337423e-20,4.3516318e-20,1.8422967e-20,-0.0031585472,0.0027083715,0.0027083715,-3.9757968e-20,3.9983726e-21,9.567867e-21,2985188.5,-2985188.5,-2985188.5,2985188.5,2985188.5,-2985188.5,-2985188.5,2985188.5,3.030888e-10,1.6264316e-10,0.0,0.0,3.371633e-10,1.9671764e-10,0.0,0.0,1.5259999e-10,3.0525263e-10,3.4720646e-10,1.9455383e-10,0.0,0.0,0.0,0.0,-11940754.0,-9.99613e-10,-9.99613e-10,-1.3906301e-10,1.6347697e-10,3.663158e-11,-4e-45,-0.00436125,-0.00436125,-4e-45,-4e-45,-0.00436125,-0.00436125,-4e-45,0.0,0.0,0.002948912,0.002948912,0.0,0.0,0.002948912,0.002948912,-0.0,-0.0,-0.0,-0.0,0.002948912,0.002948912,0.002948912,0.002948912,Uniaxial,0.5814999938011169
1.5291624961598376e-28,118538.15625,7113.61328125,0.0,0.7341712713241577,1.7425624831979292e-10,-0.00437625,0.0029617741,0.0029617741,-7.295071e-20,4.30928e-20,1.9693516e-20,-0.0031735473,0.0027212338,0.0027212338,-4.0386625e-20,4.7388042e-21,9.759643e-21,2957345.0,-2957345.0,-2957345.0,2957345.0,2957345.0,-2957345.0,-2957345.0,2957345.0,5.076347e-11,-8.687764e-11,0.0,0.0,8.687764e-11,-5.076347e-11,0.0,0.0,-9.674935e-11,5.2755838e-11,9.674935e-11,-5.2755838e-11,0.0,0.0,0.0,0.0,-11829380.0,0.0,0.0,-1.3345393e-10,1.571821e-10,4.0710935e-11,3e-45,-0.00437625,-0.00437625,3e-45,3e-45,-0.00437625,-0.00437625,3e-45,-0.0,-0.0,0.0029617741,0.0029617741,-0.0,-0.0,0.0029617741,0.0029617741,0.0,0.0,0.0,0.0,0.0029617741,0.0029617741,0.0029617741,0.0029617741,Uniaxial,0.5835000276565552
1.6402189593611186e-28,118714.7578125,7046.638671875,0.0,0.7366740107536316,1.7425624831979292e-10,-0.00439125,0.0029746364,0.0029746364,-7.337423e-20,4.3516318e-20,2.0117032e-20,-0.0031885472,0.0027340958,0.0027340958,-4.1011395e-20,5.473234e-21,9.955808e-21,2929501.5,-2929501.5,-2929501.5,2929501.5,2929501.5,-2929501.5,-2929501.5,2929501.5,4.0615328e-10,2.7742827e-10,0.0,0.0,4.5829598e-10,3.2957098e-10,0.0,0.0,2.716634e-10,4.276769e-10,4.6406087e-10,3.0804737e-10,0.0,0.0,0.0,0.0,-11718006.0,-1.4714485e-09,-1.4714485e-09,-1.3138043e-10,1.5444003e-10,4.1250597e-11,-3e-45,-0.00439125,-0.00439125,-3e-45,-3e-45,-0.00439125,-0.00439125,-3e-45,-0.0,-0.0,0.0029746364,0.0029746364,-0.0,-0.0,0.0029746364,0.0029746364,-0.0,-0.0,-0.0,-0.0,0.0029746364,0.0029746364,0.0029746364,0.0029746364,Uniaxial,0.5855000019073486
1.5120768493994492e-28,118889.6953125,6979.66357421875,0.0,0.7391768097877502,1.7425624831979292e-10,-0.00440625,0.0029874984,0.0029874984,-7.295071e-20,4.5210384e-20,2.2658131e-20,-0.0032035473,0.0027469578,0.0027469578,-4.1616313e-20,6.2258383e-21,1.0196384e-20,2901658.0,-2901658.0,-2901658.0,2901658.0,2901658.0,-2901658.0,-2901658.0,2901658.0,1.6406515e-10,3.8032175e-11,0.0,0.0,2.0487834e-10,7.884537e-11,0.0,0.0,1.8522796e-11,1.7569518e-10,2.2438772e-10,6.721534e-11,0.0,0.0,0.0,0.0,-11606632.0,-4.8582105e-10,-4.8582105e-10,-1.2599638e-10,1.5675779e-10,5.0108986e-11,4e-45,-0.00440625,-0.00440625,4e-45,4e-45,-0.00440625,-0.00440625,4e-45,0.0,0.0,0.0029874984,0.0029874984,0.0,0.0,0.0029874984,0.0029874984,0.0,0.0,0.0,0.0,0.0029874984,0.0029874984,0.0029874984,0.0029874984,Uniaxial,0.5874999761581421
1.4693628528691e-28,119062.9609375,6912.6884765625,0.0,0.7416796088218689,1.7425624831979292e-10,-0.00442125,0.0030003604,0.0030003604,-7.295071e-20,4.6480933e-20,2.3505164e-20,-0.0032185472,0.00275982,0.00275982,-4.2209773e-20,6.988253e-21,1.0448446e-20,2873814.5,-2873814.5,-2873814.5,2873814.5,2873814.5,-2873814.5,-2873814.5,2873814.5,-8.692452e-11,-2.1117127e-10,0.0,0.0,-2.9408333e-11,-1.5365509e-10,0.0,0.0,3.8156445e-10,5.311172e-10,5.80754e-10,4.3120127e-10,0.0,0.0,0.0,0.0,-11495258.0,4.811592e-10,-1.924637e-09,-1.2242393e-10,1.572772e-10,5.1997587e-11,1e-45,-0.00442125,-0.00442125,1e-45,1e-45,-0.00442125,-0.00442125,1e-45,0.0,0.0,0.0030003604,0.0030003604,-0.0,-0.0,0.0030003604,0.0030003604,0.0,0.0,0.0,0.0,0.0030003604,0.0030003604,0.0030003604,0.0030003604,Uniaxial,0.5895000100135803
1.6316761359809244e-28,119234.5546875,6845.7138671875,0.0,0.7441824078559875,1.7425624831979292e-10,-0.00443625,0.0030132227,0.0030132227,-7.3797746e-20,4.6480933e-20,2.646978e-20,-0.0032335473,0.002772682,0.002772682,-4.2808035e-20,7.736227e-21,1.07518834e-20,2845970.8,-2845970.8,-2845970.8,2845970.8,2845970.8,-2845970.8,-2845970.8,2845970.8,3.86955e-11,-9.3328095e-11,0.0,0.0,9.3328095e-11,-3.86955e-11,0.0,0.0,-1.0491392e-10,4.240197e-11,1.0491392e-10,-4.240197e-11,0.0,0.0,0.0,0.0,-11383883.0,0.0,0.0,-1.2221892e-10,1.5280349e-10,6.19891e-11,-0.0,-0.00443625,-0.00443625,-0.0,-0.0,-0.00443625,-0.00443625,-0.0,-0.0,-0.0,0.0030132227,0.0030132227,-0.0,-0.0,0.0030132227,0.0030132227,0.0,0.0,0.0,0.0,0.0030132227,0.0030132227,0.0030132227,0.0030132227,Uniaxial,0.5914999842643738
1.2643354528563048e-28,119404.4765625,6778.73876953125,0.0,0.7466852068901062,1.7425624831979292e-10,-0.00445125,0.0030260847,0.0030260847,-7.718588e-20,4.56339e-20,2.6893296e-20,-0.0032485472,0.0027855441,0.0027855441,-4.345914e-20,8.453993e-21,1.1057595e-20,2818127.2,-2818127.2,-2818127.2,2818127.2,2818127.2,-2818127.2,-2818127.2,2818127.2,3.3226033e-11,-9.5664775e-11,0.0,0.0,9.5664775e-11,-3.3226033e-11,0.0,0.0,-9.115681e-11,4.447677e-11,9.115681e-11,-4.447677e-11,0.0,0.0,0.0,0.0,-11272509.0,0.0,0.0,-1.3171203e-10,1.4519758e-10,6.184269e-11,6e-45,-0.00445125,-0.00445125,6e-45,6e-45,-0.00445125,-0.00445125,6e-45,1e-45,1e-45,0.0030260847,0.0030260847,1e-45,1e-45,0.0030260847,0.0030260847,0.0,0.0,0.0,0.0,0.0030260847,0.0030260847,0.0030260847,0.0030260847,Uniaxial,0.593500018119812
1.2643354528563048e-28,119572.7265625,6711.763671875,0.0,0.7491879463195801,1.7425624831979292e-10,-0.00446625,0.0030389468,0.0030389468,-7.887994e-20,4.2245768e-20,2.6046263e-20,-0.0032635473,0.0027984064,0.0027984064,-4.4129992e-20,9.0939946e-21,1.1341474e-20,2790283.8,-2790283.8,-2790283.8,2790283.8,2790283.8,-2790283.8,-2790283.8,2790283.8,4.301513e-11,-8.7203224e-11,0.0,0.0,8.7203224e-11,-4.301513e-11,0.0,0.0,-9.3537664e-11,3.359087e-11,9.3537664e-11,-3.359087e-11,0.0,0.0,0.0,0.0,-11161135.0,0.0,0.0,-1.3436713e-10,1.2818749e-10,5.6858795e-11,0.0,-0.00446625,-0.00446625,0.0,0.0,-0.00446625,-0.00446625,0.0,0.0,0.0,0.0030389468,0.0030389468,0.0,0.0,0.0030389468,0.0030389468,-0.0,-0.0,-0.0,-0.0,0.0030389468,0.0030389468,0.0030389468,0.0030389468,Uniaxial,0.5954999923706055
1.2643354528563048e-28,119739.3046875,6644.7890625,0.0,0.7516907453536987,1.7425626219758072e-10,-0.00448125,0.003051809,0.003051809,-7.9726976e-20,3.970467e-20,2.519923e-20,-0.0032785472,0.0028112684,0.0028112684,-4.4804183e-20,9.673748e-21,1.1603934e-20,2762440.2,-2762440.2,-2762440.2,2762440.2,2762440.2,-2762440.2,-2762440.2,2762440.2,-4.1846301e-10,-5.4834176e-10,0.0,0.0,-3.7668224e-10,-5.06561e-10,0.0,0.0,-2.0465549e-10,-8.4139994e-11,-2.6600519e-11,-1.4711601e-10,0.0,0.0,0.0,0.0,-11049761.0,1.850048e-09,4.62512e-10,-1.3368798e-10,1.14961395e-10,5.2044164e-11,-3e-45,-0.00448125,-0.00448125,-3e-45,-3e-45,-0.00448125,-0.00448125,-3e-45,-0.0,-0.0,0.003051809,0.003051809,-0.0,-0.0,0.003051809,0.003051809,-0.0,-0.0,-0.0,-0.0,0.003051809,0.003051809,0.003051809,0.003051809,Uniaxial,0.5975000262260437
1.2643354528563048e-28,119904.21875,6577.81396484375,0.0,0.7541935443878174,1.7425626219758072e-10,-0.00449625,0.003064671,0.003064671,-8.057401e-20,3.9281153e-20,2.5622747e-20,-0.0032935473,0.0028241305,0.0028241305,-4.548165e-20,1.0234499e-20,1.1869444e-20,2734596.8,-2734596.8,-2734596.8,2734596.8,2734596.8,-2734596.8,-2734596.8,2734596.8,-5.3633786e-10,-6.658642e-10,0.0,0.0,-4.787613e-10,-6.0828764e-10,0.0,0.0,-1.9440707e-10,-7.63359e-11,-3.4518024e-11,-1.525892e-10,0.0,0.0,0.0,0.0,-10938387.0,2.289251e-09,4.578502e-10,-1.3298307e-10,1.1007276e-10,5.211836e-11,-4e-45,-0.00449625,-0.00449625,-4e-45,-4e-45,-0.00449625,-0.00449625,-4e-45,-0.0,-0.0,0.003064671,0.003064671,-0.0,-0.0,0.003064671,0.003064671,-0.0,-0.0,-0.0,-0.0,0.003064671,0.003064671,0.003064671,0.003064671,Uniaxial,0.5995000004768372
1.2643354528563048e-28,120067.4609375,6510.8388671875,0.0,0.756696343421936,1.7425627607536853e-10,-0.00451125,0.003077533,0.003077533,-8.0997526e-20,4.0128186e-20,2.7316813e-20,-0.0033085472,0.0028369925,0.0028369925,-4.6154303e-20,1.08006725e-20,1.2162011e-20,2706753.2,-2706753.2,-2706753.2,2706753.2,2706753.2,-2706753.2,-2706753.2,2706753.2,-1.8449367e-10,-3.1287573e-10,0.0,0.0,-1.4031266e-10,-2.6869473e-10,0.0,0.0,-3.155828e-10,-1.9754529e-10,-1.3760558e-10,-2.5564312e-10,0.0,0.0,0.0,0.0,-10827013.0,9.063768e-10,9.063768e-10,-1.3069454e-10,1.100055e-10,5.6844623e-11,-8e-45,-0.00451125,-0.00451125,-8e-45,-8e-45,-0.00451125,-0.00451125,-8e-45,-1e-45,-1e-45,0.003077533,0.003077533,-1e-45,-1e-45,0.003077533,0.003077533,-0.0,-0.0,-0.0,-0.0,0.003077533,0.003077533,0.003077533,0.003077533,Uniaxial,0.6014999747276306
1.2985067463770814e-28,120229.03125,6443.8642578125,0.0,0.7591991424560547,1.7425627607536853e-10,-0.00452625,0.0030903954,0.0030903954,-8.0997526e-20,4.2245768e-20,2.646978e-20,-0.0033235473,0.0028498548,0.0028498548,-4.681422e-20,1.139623e-20,1.2432994e-20,2678909.8,-2678909.8,-2678909.8,2678909.8,2678909.8,-2678909.8,-2678909.8,2678909.8,-7.7675234e-11,-1.9628082e-10,0.0,0.0,-2.7982477e-11,-1.4658806e-10,0.0,0.0,-2.0106615e-10,-7.288991e-11,-2.3197153e-11,-1.5137339e-10,0.0,0.0,0.0,0.0,-10715639.0,4.485266e-10,4.485266e-10,-1.2690028e-10,1.1452419e-10,5.2109417e-11,-0.0,-0.00452625,-0.00452625,-0.0,-0.0,-0.00452625,-0.00452625,-0.0,-0.0,-0.0,0.0030903954,0.0030903954,-0.0,-0.0,0.0030903954,0.0030903954,0.0,0.0,0.0,0.0,0.0030903954,0.0030903954,0.0030903954,0.0030903954,Uniaxial,0.6035000085830688
1.3326779195272365e-28,120388.9296875,6376.88916015625,0.0,0.7617018818855286,1.7425627607536853e-10,-0.00454125,0.0031032574,0.0031032574,-7.930346e-20,4.690445e-20,2.5622747e-20,-0.0033385472,0.0028627168,0.0028627168,-4.7429554e-20,1.206874e-20,1.26828025e-20,2651066.2,-2651066.2,-2651066.2,2651066.2,2651066.2,-2651066.2,-2651066.2,2651066.2,2.590205e-10,1.4531647e-10,0.0,0.0,2.9854832e-10,1.848443e-10,0.0,0.0,1.3471688e-10,2.774994e-10,3.091479e-10,1.6636537e-10,0.0,0.0,0.0,0.0,-10604265.0,-8.8772956e-10,-8.8772956e-10,-1.1709717e-10,1.2797811e-10,4.753828e-11,4e-45,-0.00454125,-0.00454125,4e-45,4e-45,-0.00454125,-0.00454125,4e-45,0.0,0.0,0.0031032574,0.0031032574,0.0,0.0,0.0031032574,0.0031032574,0.0,0.0,0.0,0.0,0.0031032574,0.0031032574,0.0031032574,0.0031032574,Uniaxial,0.6054999828338623
1.4437343827285175e-28,120547.15625,6309.9140625,0.0,0.7642046809196472,1.7425627607536853e-10,-0.00455625,0.0031161194,0.0031161194,-7.7609394e-20,5.3680713e-20,2.4775714e-20,-0.0033535473,0.0028755788,0.0028755788,-4.8001146e-20,1.2856853e-20,1.2911837e-20,2623222.8,-2623222.8,-2623222.8,2623222.8,2623222.8,-2623222.8,-2623222.8,2623222.8,3.6916628e-10,2.5231586e-10,0.0,0.0,4.0648862e-10,2.896382e-10,0.0,0.0,-3.1082023e-10,-1.5782575e-10,-1.2838275e-10,-2.8137723e-10,0.0,0.0,0.0,0.0,-10492891.0,-1.3176089e-09,8.7840596e-10,-1.07631244e-10,1.4840199e-10,4.31273e-11,0.0,-0.00455625,-0.00455625,0.0,0.0,-0.00455625,-0.00455625,0.0,0.0,0.0,0.0031161194,0.0031161194,0.0,0.0,0.0031161194,0.0031161194,-0.0,-0.0,-0.0,-0.0,0.0031161194,0.0031161194,0.0031161194,0.0031161194,Uniaxial,0.6075000166893005
1.6145906095911576e-28,120703.71875,6242.939453125,0.0,0.7667074799537659,1.7425627607536853e-10,-0.00457125,0.0031289817,0.0031289817,-7.887994e-20,5.918643e-20,2.1811098e-20,-0.0033685472,0.002888441,0.002888441,-4.858598e-20,1.3734315e-20,1.3080385e-20,2595379.2,-2595379.2,-2595379.2,2595379.2,2595379.2,-2595379.2,-2595379.2,2595379.2,1.5954126e-10,4.2028925e-11,0.0,0.0,1.7524167e-10,5.772934e-11,0.0,0.0,-4.337194e-10,-2.7318953e-10,-2.1809238e-10,-3.7862224e-10,0.0,0.0,0.0,0.0,-10381517.0,-4.3454118e-10,1.3036235e-09,-1.0895507e-10,1.6347275e-10,3.1400823e-11,1e-45,-0.00457125,-0.00457125,1e-45,1e-45,-0.00457125,-0.00457125,1e-45,0.0,0.0,0.0031289817,0.0031289817,0.0,0.0,0.0031289817,0.0031289817,0.0,0.0,0.0,0.0,0.0031289817,0.0031289817,0.0031289817,0.0031289817,Uniaxial,0.609499990940094
1.5718764926901868e-28,120858.6015625,6175.96435546875,0.0,0.7692102789878845,1.7425627607536853e-10,-0.00458625,0.0031418437,0.0031418437,-8.184456e-20,6.342159e-20,1.799945e-20,-0.0033835473,0.002901303,0.002901303,-4.921588e-20,1.4675372e-20,1.317355e-20,2567535.8,-2567535.8,-2567535.8,2567535.8,2567535.8,-2567535.8,-2567535.8,2567535.8,2.55429e-10,1.4222702e-10,0.0,0.0,2.8765235e-10,1.7445036e-10,0.0,0.0,1.2001108e-10,2.9340366e-10,3.098683e-10,1.3647572e-10,0.0,0.0,0.0,0.0,-10270143.0,-8.5975876e-10,-8.5975876e-10,-1.1609311e-10,1.7343946e-10,1.7170593e-11,0.0,-0.00458625,-0.00458625,0.0,0.0,-0.00458625,-0.00458625,0.0,0.0,0.0,0.0031418437,0.0031418437,0.0,0.0,0.0031418437,0.0031418437,-0.0,-0.0,-0.0,-0.0,0.0031418437,0.0031418437,0.0031418437,0.0031418437,Uniaxial,0.6115000247955322
1.6316761359809244e-28,121011.8203125,6108.98974609375,0.0,0.7717130780220032,1.7425627607536853e-10,-0.00460125,0.0031547057,0.0031547057,-8.311511e-20,6.808027e-20,1.7152417e-20,-0.0033985472,0.0029141651,0.0029141651,-4.9857917e-20,1.5686837e-20,1.3248908e-20,2539692.2,-2539692.2,-2539692.2,2539692.2,2539692.2,-2539692.2,-2539692.2,2539692.2,4.9465057e-11,-6.421346e-11,0.0,0.0,6.421346e-11,-4.9465057e-11,0.0,0.0,-1.0862832e-10,7.0241875e-11,1.0862832e-10,-7.0241875e-11,0.0,0.0,0.0,0.0,-10158769.0,0.0,0.0,-1.1704615e-10,1.8439471e-10,1.37381035e-11,-1e-45,-0.00460125,-0.00460125,-1e-45,-1e-45,-0.00460125,-0.00460125,-1e-45,0.0,0.0,0.0031547057,0.0031547057,0.0,0.0,0.0031547057,0.0031547057,-0.0,-0.0,-0.0,-0.0,0.0031547057,0.0031547057,0.0031547057,0.0031547057,Uniaxial,0.6134999990463257
1.6316761359809244e-28,121163.3671875,6042.0146484375,0.0,0.774215817451477,1.7425627607536853e-10,-0.00461625,0.0031675678,0.0031675678,-8.396214e-20,7.1468405e-20,1.5881868e-20,-0.0034135473,0.0029270274,0.0029270274,-5.0503835e-20,1.6743317e-20,1.3298775e-20,2511848.8,-2511848.8,-2511848.8,2511848.8,2511848.8,-2511848.8,-2511848.8,2511848.8,-6.645201e-11,-1.7983894e-10,0.0,0.0,-3.0438947e-11,-1.4382588e-10,0.0,0.0,-2.0228517e-10,-2.0367721e-11,-7.992708e-12,-1.8991016e-10,0.0,0.0,0.0,0.0,-10047395.0,4.2055576e-10,4.2055576e-10,-1.1646298e-10,1.9048924e-10,8.99133e-12,3e-45,-0.00461625,-0.00461625,3e-45,3e-45,-0.00461625,-0.00461625,3e-45,0.0,0.0,0.0031675678,0.0031675678,0.0,0.0,0.0031675678,0.0031675678,0.0,0.0,0.0,0.0,0.0031675678,0.0031675678,0.0031675678,0.0031675678,Uniaxial,0.6154999732971191
1.7341898961726328e-28,121313.2421875,5975.03955078125,0.0,0.7767186164855957,1.7425627607536853e-10,-0.00463125,0.00318043,0.00318043,-8.438566e-20,7.2738954e-20,1.799945e-20,-0.0034285474,0.0029398894,0.0029398894,-5.1145543e-20,1.780385e-20,1.33878035e-20,2484005.2,-2484005.2,-2484005.2,2484005.2,2484005.2,-2484005.2,-2484005.2,2484005.2,-1.5179297e-10,-2.7203823e-10,0.0,0.0,-1.4385573e-10,-2.64101e-10,0.0,0.0,2.0158158e-10,3.8280473e-10,4.2225937e-10,2.4103622e-10,0.0,0.0,0.0,0.0,-9936021.0,8.317879e-10,-1.2476818e-09,-1.1442093e-10,1.8910061e-10,1.587446e-11,-6e-45,-0.00463125,-0.00463125,-6e-45,-6e-45,-0.00463125,-0.00463125,-6e-45,-0.0,-0.0,0.00318043,0.00318043,-0.0,-0.0,0.00318043,0.00318043,-0.0,-0.0,-0.0,-0.0,0.00318043,0.00318043,0.00318043,0.00318043,Uniaxial,0.6175000071525574
1.751275542933021e-28,121461.4453125,5908.06494140625,0.0,0.7792214155197144,1.7425627607536853e-10,-0.00464625,0.003193292,0.003193292,-8.6926756e-20,7.2738954e-20,1.7575934e-20,-0.0034435473,0.0029527515,0.0029527515,-5.1823224e-20,1.8844297e-20,1.3467126e-20,2456161.8,-2456161.8,-2456161.8,2456161.8,2456161.8,-2456161.8,-2456161.8,2456161.8,4.6072323e-11,-7.670289e-11,0.0,0.0,7.670289e-11,-4.6072323e-11,0.0,0.0,-9.663226e-11,8.176039e-11,9.663226e-11,-8.176039e-11,0.0,0.0,0.0,0.0,-9824647.0,0.0,0.0,-1.1948083e-10,1.8343962e-10,1.39850275e-11,3e-45,-0.00464625,-0.00464625,3e-45,3e-45,-0.00464625,-0.00464625,3e-45,0.0,0.0,0.003193292,0.003193292,0.0,0.0,0.003193292,0.003193292,0.0,0.0,0.0,0.0,0.003193292,0.003193292,0.003193292,0.003193292,Uniaxial,0.6194999814033508
1.7085614260320503e-28,121607.984375,5841.08984375,0.0,0.781724214553833,1.7425627607536853e-10,-0.00466125,0.003206154,0.003206154,-8.989137e-20,7.2738954e-20,1.8846483e-20,-0.0034585474,0.0029656137,0.0029656137,-5.254422e-20,1.9865038e-20,1.3569008e-20,2428318.2,-2428318.2,-2428318.2,2428318.2,2428318.2,-2428318.2,-2428318.2,2428318.2,4.571877e-10,3.391941e-10,0.0,0.0,4.739466e-10,3.5595302e-10,0.0,0.0,3.024938e-10,4.860086e-10,5.106469e-10,3.271321e-10,0.0,0.0,0.0,0.0,-9713273.0,-1.6262814e-09,-1.6262814e-09,-1.2567634e-10,1.7792523e-10,1.7759154e-11,1e-45,-0.00466125,-0.00466125,1e-45,1e-45,-0.00466125,-0.00466125,1e-45,-0.0,-0.0,0.003206154,0.003206154,-0.0,-0.0,0.003206154,0.003206154,0.0,0.0,0.0,0.0,0.003206154,0.003206154,0.003206154,0.003206154,Uniaxial,0.6215000152587891
1.853789182754108e-28,121752.84375,5774.11474609375,0.0,0.7842270135879517,1.7425627607536853e-10,-0.00467625,0.0032190164,0.0032190164,-9.031489e-20,7.4856537e-20,1.927e-20,-0.0034735473,0.0029784758,0.0029784758,-5.3259578e-20,2.0906554e-20,1.3676982e-20,2400474.8,-2400474.8,-2400474.8,2400474.8,2400474.8,-2400474.8,-2400474.8,2400474.8,2.3893812e-10,1.3002978e-10,0.0,0.0,2.7187877e-10,1.6297041e-10,0.0,0.0,9.628138e-11,2.8844524e-10,3.0562716e-10,1.13463315e-10,0.0,0.0,0.0,0.0,-9601899.0,-8.0381707e-10,-8.0381707e-10,-1.2326451e-10,1.7946465e-10,1.8605175e-11,7e-45,-0.00467625,-0.00467625,7e-45,7e-45,-0.00467625,-0.00467625,7e-45,0.0,0.0,0.0032190164,0.0032190164,0.0,0.0,0.0032190164,0.0032190164,0.0,0.0,0.0,0.0,0.0032190164,0.0032190164,0.0032190164,0.0032190164,Uniaxial,0.6234999895095825
1.8452463593739138e-28,121896.0390625,5707.14013671875,0.0,0.7867297530174255,1.7425628995315634e-10,-0.00469125,0.0032318784,0.0032318784,-8.777379e-20,8.078577e-20,2.0964065e-20,-0.0034885474,0.0029913378,0.0029913378,-5.3913264e-20,2.2040641e-20,1.3814997e-20,2372631.2,-2372631.2,-2372631.2,2372631.2,2372631.2,-2372631.2,-2372631.2,2372631.2,-3.6347148e-10,-4.6641285e-10,0.0,0.0,-3.2808065e-10,-4.3102202e-10,0.0,0.0,-5.0262616e-10,-3.036201e-10,-2.9186734e-10,-4.908734e-10,0.0,0.0,0.0,0.0,-9490525.0,1.5889869e-09,1.5889869e-09,-1.1133056e-10,1.9314904e-10,2.3505538e-11,3e-45,-0.00469125,-0.00469125,3e-45,3e-45,-0.00469125,-0.00469125,3e-45,0.0,0.0,0.0032318784,0.0032318784,0.0,0.0,0.0032318784,0.0032318784,0.0,-0.0,-0.0,0.0,0.0032318784,0.0032318784,0.0032318784,0.0032318784,Uniaxial,0.6255000233650208
1.580419316070381e-28,122037.5625,5640.1650390625,0.0,0.7892325520515442,1.7425628995315634e-10,-0.00470625,0.0032447404,0.0032447404,-8.523269e-20,8.6715e-20,2.2658131e-20,-0.0035035473,0.0030042,0.0030042,-5.450644e-20,2.3265545e-20,1.3982482e-20,2344787.8,-2344787.8,-2344787.8,2344787.8,2344787.8,-2344787.8,-2344787.8,2344787.8,4.5490146e-11,-5.1705827e-11,0.0,0.0,5.1705827e-11,-4.5490146e-11,0.0,0.0,-1.1374503e-10,8.3891304e-11,1.1374503e-10,-8.3891304e-11,0.0,0.0,0.0,0.0,-9379151.0,0.0,0.0,-9.983977e-11,2.0616829e-10,2.819006e-11,-3e-45,-0.00470625,-0.00470625,-3e-45,-3e-45,-0.00470625,-0.00470625,-3e-45,-0.0,-0.0,0.0032447404,0.0032447404,-0.0,-0.0,0.0032447404,0.0032447404,-0.0,-0.0,-0.0,-0.0,0.0032447404,0.0032447404,0.0032447404,0.0032447404,Uniaxial,0.6274999976158142
1.5462481429202259e-28,122177.4140625,5573.18994140625,0.0,0.7917353510856628,1.7425628995315634e-10,-0.00472125,0.0032576027,0.0032576027,-8.269159e-20,8.883258e-20,2.2658131e-20,-0.0035185474,0.003017062,0.003017062,-5.5040255e-20,2.4507357e-20,1.4146795e-20,2316944.2,-2316944.2,-2316944.2,2316944.2,2316944.2,-2316944.2,-2316944.2,2316944.2,-1.5889977e-10,-2.505666e-10,0.0,0.0,-1.3735654e-10,-2.2902336e-10,0.0,0.0,-2.997026e-10,-1.0188441e-10,-8.8220535e-11,-2.8603872e-10,0.0,0.0,0.0,0.0,-9267777.0,7.758463e-10,7.758463e-10,-8.8781434e-11,2.06532e-10,2.7327744e-11,-1e-45,-0.00472125,-0.00472125,-1e-45,-1e-45,-0.00472125,-0.00472125,-1e-45,0.0,0.0,0.0032576027,0.0032576027,-0.0,-0.0,0.0032576027,0.0032576027,-0.0,-0.0,0.0,0.0,0.0032576027,0.0032576027,0.0032576027,0.0032576027,Uniaxial,0.6294999718666077
1.580419316070381e-28,122315.59375,5506.21533203125,0.0,0.7942381501197815,1.7425630383094415e-10,-0.00473625,0.0032704647,0.0032704647,-8.0997526e-20,9.010313e-20,2.2658131e-20,-0.0035335473,0.0030299241,0.0030299241,-5.553187e-20,2.5749712e-20,1.4307995e-20,2289100.8,-2289100.8,-2289100.8,2289100.8,2289100.8,-2289100.8,-2289100.8,2289100.8,-5.33741e-10,-6.2140765e-10,0.0,0.0,-5.2837634e-10,-6.16043e-10,0.0,0.0,-6.877043e-10,-4.910824e-10,-4.6207968e-10,-6.587016e-10,0.0,0.0,0.0,0.0,-9156403.0,2.2995679e-09,2.2995679e-09,-8.078117e-11,2.0413947e-10,2.6487982e-11,-3e-45,-0.00473625,-0.00473625,-3e-45,-3e-45,-0.00473625,-0.00473625,-3e-45,-0.0,-0.0,0.0032704647,0.0032704647,-0.0,-0.0,0.0032704647,0.0032704647,-0.0,-0.0,-0.0,-0.0,0.0032704647,0.0032704647,0.0032704647,0.0032704647,Uniaxial,0.6315000057220459
1.5462481429202259e-28,122452.1015625,5439.240234375,0.0,0.7967409491539001,1.7425630383094415e-10,-0.00475125,0.0032833267,0.0032833267,-8.057401e-20,9.0526646e-20,2.2234615e-20,-0.0035485474,0.0030427864,0.0030427864,-5.6006163e-20,2.697656e-20,1.4458122e-20,2261257.2,-2261257.2,-2261257.2,2261257.2,2261257.2,-2261257.2,-2261257.2,2261257.2,-1.5644713e-10,-2.4221586e-10,0.0,0.0,-1.3638367e-10,-2.2215238e-10,0.0,0.0,-2.924527e-10,-9.833095e-11,-8.614683e-11,-2.8026859e-10,0.0,0.0,0.0,0.0,-9045029.0,7.57199e-10,7.57199e-10,-7.698525e-11,1.9913911e-10,2.436824e-11,-6e-45,-0.00475125,-0.00475125,-6e-45,-6e-45,-0.00475125,-0.00475125,-6e-45,-0.0,-0.0,0.0032833267,0.0032833267,-0.0,-0.0,0.0032833267,0.0032833267,-0.0,-0.0,-0.0,-0.0,0.0032833267,0.0032833267,0.0032833267,0.0032833267,Uniaxial,0.6334999799728394
1.6145906095911576e-28,122586.9453125,5372.26513671875,0.0,0.799243688583374,1.7425631770873196e-10,-0.00476625,0.003296189,0.003296189,-8.142104e-20,9.010313e-20,2.2234615e-20,-0.0035635473,0.0030556484,0.0030556484,-5.648751e-20,2.817215e-20,1.4605405e-20,2233413.8,-2233413.8,-2233413.8,2233413.8,2233413.8,-2233413.8,-2233413.8,2233413.8,-3.4872952e-10,-4.3459014e-10,0.0,0.0,-3.132853e-10,-3.9914594e-10,0.0,0.0,-4.750359e-10,-2.8464572e-10,-2.7283956e-10,-4.632297e-10,0.0,0.0,0.0,0.0,-8933655.0,1.4957509e-09,1.4957509e-09,-7.7169104e-11,1.9167593e-10,2.3612346e-11,-4e-45,-0.00476625,-0.00476625,-4e-45,-4e-45,-0.00476625,-0.00476625,-4e-45,-0.0,-0.0,0.003296189,0.003296189,-0.0,-0.0,0.003296189,0.003296189,-0.0,-0.0,-0.0,-0.0,0.003296189,0.003296189,0.003296189,0.003296189,Uniaxial,0.6355000138282776
1.3155922727668482e-28,122720.1171875,5305.29052734375,0.0,0.8017464876174927,1.7425631770873196e-10,-0.00478125,0.003309051,0.003309051,-8.3538624e-20,9.010313e-20,1.8422967e-20,-0.0035785474,0.0030685104,0.0030685104,-5.6999846e-20,2.9345095e-20,1.467771e-20,2205570.2,-2205570.2,-2205570.2,2205570.2,2205570.2,-2205570.2,-2205570.2,2205570.2,-1.4752301e-10,-2.2747643e-10,0.0,0.0,-1.4179949e-10,-2.2175291e-10,0.0,0.0,-2.8514083e-10,-1.0561731e-10,-8.4135095e-11,-2.636586e-10,0.0,0.0,0.0,0.0,-8822281.0,7.3855183e-10,7.3855183e-10,-8.111334e-11,1.8570134e-10,1.1447035e-11,-0.0,-0.00478125,-0.00478125,-0.0,-0.0,-0.00478125,-0.00478125,-0.0,-0.0,-0.0,0.003309051,0.003309051,-0.0,-0.0,0.003309051,0.003309051,0.0,0.0,0.0,0.0,0.003309051,0.003309051,0.003309051,0.003309051,Uniaxial,0.637499988079071
1.187450162805179e-28,122851.6171875,5238.3154296875,0.0,0.8042492866516113,1.7425631770873196e-10,-0.00479625,0.003321913,0.003321913,-8.438566e-20,8.8409064e-20,1.5881868e-20,-0.0035935473,0.0030813727,0.0030813727,-5.751852e-20,3.0463744e-20,1.4700515e-20,2177726.8,-2177726.8,-2177726.8,2177726.8,2177726.8,-2177726.8,-2177726.8,2177726.8,3.5137487e-11,-3.6920043e-11,0.0,0.0,3.6920043e-11,-3.5137487e-11,0.0,0.0,3.6782274e-10,5.4192995e-10,5.437125e-10,3.6960532e-10,0.0,0.0,0.0,0.0,-8710907.0,0.0,-1.8230706e-09,-8.1080274e-11,1.7486874e-10,3.5651133e-12,-0.0,-0.00479625,-0.00479625,-0.0,-0.0,-0.00479625,-0.00479625,-0.0,-0.0,-0.0,0.003321913,0.003321913,-0.0,-0.0,0.003321913,0.003321913,-0.0,-0.0,-0.0,-0.0,0.003321913,0.003321913,0.003321913,0.003321913,Uniaxial,0.6395000219345093
1.195992986185373e-28,122981.4453125,5171.34033203125,0.0,0.80675208568573,1.7425631770873196e-10,-0.00481125,0.0033347753,0.0033347753,-8.311511e-20,8.8409064e-20,1.5458351e-20,-0.0036085474,0.0030942347,0.0030942347,-5.800331e-20,3.1561202e-20,1.4714868e-20,2149883.2,-2149883.2,-2149883.2,2149883.2,2149883.2,-2149883.2,-2149883.2,2149883.2,6.63825e-10,5.949006e-10,0.0,0.0,6.649325e-10,5.960081e-10,0.0,0.0,5.4762517e-10,7.189797e-10,7.1220785e-10,5.4085336e-10,0.0,0.0,0.0,0.0,-8599533.0,-2.519666e-09,-2.519666e-09,-7.4814044e-11,1.6936336e-10,2.2150131e-12,4e-45,-0.00481125,-0.00481125,4e-45,4e-45,-0.00481125,-0.00481125,4e-45,0.0,0.0,0.0033347753,0.0033347753,0.0,0.0,0.0033347753,0.0033347753,0.0,0.0,0.0,0.0,0.0033347753,0.0033347753,0.0033347753,0.0033347753,Uniaxial,0.6414999961853027
1.187450162805179e-28,123109.6015625,5104.36572265625,0.0,0.8092548847198486,1.7425631770873196e-10,-0.00482625,0.0033476374,0.0033476374,-8.142104e-20,8.798555e-20,1.3340769e-20,-0.0036235473,0.0031070968,0.0031070968,-5.844683e-20,3.2629855e-20,1.4688844e-20,2122039.5,-2122039.5,-2122039.5,2122039.5,2122039.5,-2122039.5,-2122039.5,2122039.5,3.040471e-10,2.4662944e-10,0.0,0.0,2.8630628e-10,2.2888864e-10,0.0,0.0,1.8736669e-10,3.5543052e-10,3.4556905e-10,1.7750523e-10,0.0,0.0,0.0,0.0,-8488158.0,-1.0658715e-09,-1.0658715e-09,-6.755921e-11,1.6278194e-10,-3.9642213e-12,4e-45,-0.00482625,-0.00482625,4e-45,4e-45,-0.00482625,-0.00482625,4e-45,0.0,0.0,0.0033476374,0.0033476374,0.0,0.0,0.0033476374,0.0033476374,0.0,0.0,0.0,0.0,0.0033476374,0.0033476374,0.0033476374,0.0033476374,Uniaxial,0.6434999704360962
1.187450162805179e-28,123236.0859375,5037.390625,0.0,0.8117576241493225,1.7425631770873196e-10,-0.00484125,0.0033604994,0.0033604994,-7.7609394e-20,8.92561e-20,1.079967e-20,-0.0036385474,0.003119959,0.003119959,-5.880976e-20,3.370233e-20,1.4615184e-20,2094196.1,-2094196.1,-2094196.1,2094196.1,2094196.1,-2094196.1,-2094196.1,2094196.1,2.951379e-10,2.3634159e-10,0.0,0.0,2.8960145e-10,2.3080514e-10,0.0,0.0,1.820981e-10,3.4938138e-10,3.4384495e-10,1.7656165e-10,0.0,0.0,0.0,0.0,-8376784.5,-1.0518861e-09,-1.0518861e-09,-5.455784e-11,1.6122088e-10,-1.1072887e-11,4e-45,-0.00484125,-0.00484125,4e-45,4e-45,-0.00484125,-0.00484125,4e-45,0.0,0.0,0.0033604994,0.0033604994,0.0,0.0,0.0033604994,0.0033604994,0.0,0.0,0.0,0.0,0.0033604994,0.0033604994,0.0033604994,0.0033604994,Uniaxial,0.6455000042915344
1.4010203861981683e-28,123360.90625,4970.41552734375,0.0,0.8142604231834412,1.7425631770873196e-10,-0.00485625,0.0033733617,0.0033733617,-7.6338844e-20,9.137368e-20,9.105604e-21,-0.0036535473,0.003132821,0.003132821,-5.914175e-20,3.4794603e-20,1.4510835e-20,2066352.6,-2066352.6,-2066352.6,2066352.6,2066352.6,-2066352.6,-2066352.6,2066352.6,2.1280185e-10,1.5666264e-10,0.0,0.0,1.8930424e-10,1.3316505e-10,0.0,0.0,8.907347e-11,2.6463232e-10,2.5689342e-10,8.133457e-11,0.0,0.0,0.0,0.0,-8265410.5,-6.919338e-10,-6.919338e-10,-4.9243606e-11,1.6201333e-10,-1.5477798e-11,3e-45,-0.00485625,-0.00485625,3e-45,3e-45,-0.00485625,-0.00485625,3e-45,0.0,0.0,0.0033733617,0.0033733617,0.0,0.0,0.0033733617,0.0033733617,0.0,0.0,0.0,0.0,0.0033733617,0.0033733617,0.0033733617,0.0033733617,Uniaxial,0.6474999785423279
1.2301642797061497e-28,123484.046875,4903.44091796875,0.0,0.8167632222175598,1.7425631770873196e-10,-0.00487125,0.0033862237,0.0033862237,-7.6338844e-20,9.5608844e-20,6.5645053e-21,-0.0036685474,0.003145683,0.003145683,-5.946746e-20,3.5946397e-20,1.4360335e-20,2038509.1,-2038509.1,-2038509.1,2038509.1,2038509.1,-2038509.1,-2038509.1,2038509.1,1.2638492e-10,7.103754e-11,0.0,0.0,9.9615004e-11,4.426762e-11,0.0,0.0,9.3000226e-12,1.8024308e-10,1.6135251e-10,-9.590547e-12,0.0,0.0,0.0,0.0,-8154036.5,-3.413051e-10,-3.413051e-10,-4.7659977e-11,1.6854046e-10,-2.2022441e-11,-3e-45,-0.00487125,-0.00487125,-3e-45,-3e-45,-0.00487125,-0.00487125,-3e-45,-0.0,-0.0,0.0033862237,0.0033862237,-0.0,-0.0,0.0033862237,0.0033862237,-0.0,-0.0,-0.0,-0.0,0.0033862237,0.0033862237,0.0033862237,0.0033862237,Uniaxial,0.6495000123977661
1.2557926294761106e-28,123605.5234375,4836.4658203125,0.0,0.8192660212516785,1.7425631770873196e-10,-0.00488625,0.0033990857,0.0033990857,-7.803291e-20,9.8996976e-20,6.5645053e-21,-0.0036835473,0.0031585451,0.0031585451,-5.9819085e-20,3.714055e-20,1.4212685e-20,2010665.6,-2010665.6,-2010665.6,2010665.6,2010665.6,-2010665.6,-2010665.6,2010665.6,4.1652976e-11,-1.5239157e-11,0.0,0.0,1.5239157e-11,-4.1652976e-11,0.0,0.0,-4.0986067e-10,-2.3701208e-10,-2.634259e-10,-4.362745e-10,0.0,0.0,0.0,0.0,-8042662.5,0.0,1.3465731e-09,-5.0749474e-11,1.7235152e-10,-2.1310244e-11,-4e-45,-0.00488625,-0.00488625,-4e-45,-4e-45,-0.00488625,-0.00488625,-4e-45,-0.0,-0.0,0.0033990857,0.0033990857,-0.0,-0.0,0.0033990857,0.0033990857,-0.0,-0.0,-0.0,-0.0,0.0033990857,0.0033990857,0.0033990857,0.0033990857,Uniaxial,0.6514999866485596
1.195992986185373e-28,123725.328125,4769.49072265625,0.0,0.8217688202857971,1.7425631770873196e-10,-0.00490125,0.003411948,0.003411948,-7.9726976e-20,1.0238511e-19,6.5645053e-21,-0.0036985474,0.0031714074,0.0031714074,-6.019613e-20,3.8376253e-20,1.4067832e-20,1982822.1,-1982822.1,-1982822.1,1982822.1,1982822.1,-1982822.1,-1982822.1,1982822.1,4.614838e-11,-2.008112e-11,0.0,0.0,2.008112e-11,-4.614838e-11,0.0,0.0,-6.639322e-11,1.0033983e-10,6.639322e-11,-1.0033983e-10,0.0,0.0,0.0,0.0,-7931288.5,0.0,0.0,-5.3665513e-11,1.7587912e-10,-2.0617123e-11,-0.0,-0.00490125,-0.00490125,0.0,-0.0,-0.00490125,-0.00490125,0.0,-0.0,0.0,0.003411948,0.003411948,-0.0,0.0,0.003411948,0.003411948,-0.0,-0.0,0.0,0.0,0.003411948,0.003411948,0.003411948,0.003411948,Uniaxial,0.6535000205039978
1.1020221697444804e-28,123843.4609375,4702.51611328125,0.0,0.8242716193199158,1.7425633158651976e-10,-0.00491625,0.00342481,0.00342481,-8.396214e-20,1.0323214e-19,4.0234065e-21,-0.0037135473,0.0031842694,0.0031842694,-6.0646246e-20,3.9604597e-20,1.3877595e-20,1954978.5,-1954978.5,-1954978.5,1954978.5,1954978.5,-1954978.5,-1954978.5,1954978.5,2.9159344e-10,2.2061362e-10,0.0,0.0,2.7036587e-10,1.9938605e-10,0.0,0.0,-1.5370696e-10,1.1274694e-11,-9.9528745e-12,-1.7493453e-10,0.0,0.0,0.0,0.0,-7819914.0,-9.81959e-10,3.2731967e-10,-6.316617e-11,1.7237634e-10,-2.6696438e-11,-6e-45,-0.00491625,-0.00491625,-6e-45,-6e-45,-0.00491625,-0.00491625,-6e-45,-0.0,-0.0,0.00342481,0.00342481,-0.0,-0.0,0.00342481,0.00342481,-0.0,-0.0,-0.0,-0.0,0.00342481,0.00342481,0.00342481,0.00342481,Uniaxial,0.6554999947547913
1.1789073394249847e-28,123959.9296875,4635.541015625,0.0,0.8267743587493896,1.7425633158651976e-10,-0.00493125,0.003437672,0.003437672,-8.862082e-20,1.0365566e-19,3.59989e-21,-0.0037285474,0.0031971314,0.0031971314,-6.1176074e-20,4.0817696e-20,1.3682939e-20,1927135.0,-1927135.0,-1927135.0,1927135.0,1927135.0,-1927135.0,-1927135.0,1927135.0,2.9462618e-10,2.1070365e-10,0.0,0.0,2.7328315e-10,1.893606e-10,0.0,0.0,-7.067838e-11,9.202143e-11,7.067838e-11,-9.202143e-11,0.0,0.0,0.0,0.0,-7708540.0,-9.679736e-10,0.0,-7.329289e-11,1.6781265e-10,-2.6927406e-11,-0.0,-0.00493125,-0.00493125,-0.0,-0.0,-0.00493125,-0.00493125,-0.0,0.0,0.0,0.003437672,0.003437672,0.0,0.0,0.003437672,0.003437672,-0.0,-0.0,-0.0,-0.0,0.003437672,0.003437672,0.003437672,0.003437672,Uniaxial,0.6575000286102295
1.1789073394249847e-28,124074.71875,4568.56591796875,0.0,0.8292771577835083,1.7425633158651976e-10,-0.00494625,0.0034505343,0.0034505343,-9.497357e-20,1.0365566e-19,4.446923e-21,-0.0037435472,0.0032099937,0.0032099937,-6.181618e-20,4.2007818e-20,1.3508014e-20,1899291.5,-1899291.5,-1899291.5,1899291.5,1899291.5,-1899291.5,-1899291.5,1899291.5,4.4497298e-10,3.5406214e-10,0.0,0.0,4.4092802e-10,3.5001718e-10,0.0,0.0,9.440167e-12,1.693615e-10,1.4955787e-10,-1.0363473e-11,0.0,0.0,0.0,0.0,-7597166.0,-1.5899803e-09,-3.1799607e-10,-8.7269476e-11,1.622557e-10,-2.3848583e-11,1e-45,-0.00494625,-0.00494625,1e-45,1e-45,-0.00494625,-0.00494625,1e-45,-0.0,0.0,0.0034505343,0.0034505343,-0.0,0.0,0.0034505343,0.0034505343,-0.0,-0.0,0.0,0.0,0.0034505343,0.0034505343,0.0034505343,0.0034505343,Uniaxial,0.659500002861023
1.4266488563387507e-28,124187.84375,4501.59130859375,0.0,0.831779956817627,1.7425633158651976e-10,-0.00496125,0.0034633963,0.0034633963,-1.00479283e-19,1.04079173e-19,4.446923e-21,-0.0037585474,0.0032228557,0.0032228557,-6.2548445e-20,4.3183423e-20,1.33364e-20,1871448.0,-1871448.0,-1871448.0,1871448.0,1871448.0,-1871448.0,-1871448.0,1871448.0,6.581293e-11,-2.2768586e-11,0.0,0.0,2.2768586e-11,-6.581293e-11,0.0,0.0,-8.099426e-11,8.464186e-11,8.099426e-11,-8.464186e-11,0.0,0.0,0.0,0.0,-7485792.0,0.0,0.0,-9.836954e-11,1.5792657e-10,-2.3053903e-11,1e-45,-0.00496125,-0.00496125,1e-45,1e-45,-0.00496125,-0.00496125,1e-45,0.0,0.0,0.0034633963,0.0034633963,0.0,0.0,0.0034633963,0.0034633963,-0.0,-0.0,-0.0,-0.0,0.0034633963,0.0034633963,0.0034633963,0.0034633963,Uniaxial,0.6614999771118164
1.4693628528691e-28,124299.2890625,4434.6162109375,0.0,0.8342827558517456,1.7425633158651976e-10,-0.00497625,0.0034762584,0.0034762584,-1.0302038e-19,1.0662027e-19,5.293956e-21,-0.0037735472,0.0032357178,0.0032357178,-6.331497e-20,4.438489e-20,1.31840796e-20,1843604.5,-1843604.5,-1843604.5,1843604.5,1843604.5,-1843604.5,-1843604.5,1843604.5,6.585643e-11,-3.213951e-11,0.0,0.0,3.213951e-11,-6.585643e-11,0.0,0.0,2.2274627e-10,3.889188e-10,3.9459863e-10,2.2842608e-10,0.0,0.0,0.0,0.0,-7374418.0,0.0,-1.2346898e-09,-1.01439704e-10,1.5899944e-10,-2.015775e-11,1e-45,-0.00497625,-0.00497625,1e-45,1e-45,-0.00497625,-0.00497625,1e-45,0.0,0.0,0.0034762584,0.0034762584,0.0,0.0,0.0034762584,0.0034762584,0.0,0.0,0.0,0.0,0.0034762584,0.0034762584,0.0034762584,0.0034762584,Uniaxial,0.6635000109672546
1.3753919160575858e-28,124409.0703125,4367.64111328125,0.0,0.8367855548858643,1.7425633158651976e-10,-0.00499125,0.0034891204,0.0034891204,-1.0556148e-19,1.1085544e-19,6.988022e-21,-0.0037885474,0.00324858,0.00324858,-6.41151e-20,4.5643813e-20,1.3066729e-20,1815761.0,-1815761.0,-1815761.0,1815761.0,1815761.0,-1815761.0,-1815761.0,1815761.0,1.2559696e-10,2.61767e-11,0.0,0.0,1.2582863e-10,2.6408356e-11,0.0,0.0,-5.919853e-13,1.6812435e-10,1.5259731e-10,-1.6119026e-11,0.0,0.0,0.0,0.0,-7263044.0,-3.0401065e-10,-3.0401065e-10,-1.0428835e-10,1.64087e-10,-1.5295385e-11,-0.0,-0.00499125,-0.00499125,-0.0,-0.0,-0.00499125,-0.00499125,-0.0,0.0,0.0,0.0034891204,0.0034891204,0.0,0.0,0.0034891204,0.0034891204,0.0,0.0,0.0,0.0,0.0034891204,0.0034891204,0.0034891204,0.0034891204,Uniaxial,0.6654999852180481
1.4266488563387507e-28,124517.1875,4300.66650390625,0.0,0.8392882943153381,1.7425633158651976e-10,-0.00500625,0.0035019827,0.0035019827,-1.0725555e-19,1.150906e-19,7.835055e-21,-0.0038035472,0.003261442,0.003261442,-6.493216e-20,4.6959108e-20,1.29676434e-20,1787917.5,-1787917.5,-1787917.5,1787917.5,1787917.5,-1787917.5,-1787917.5,1787917.5,2.7754438e-10,1.7783724e-10,0.0,0.0,2.7118602e-10,1.714789e-10,0.0,0.0,4.4150192e-10,6.125774e-10,6.06219e-10,4.351436e-10,0.0,0.0,0.0,0.0,-7151670.0,-8.980465e-10,-2.0954418e-09,-1.0486205e-10,1.6880522e-10,-1.2716699e-11,4e-45,-0.00500625,-0.00500625,4e-45,4e-45,-0.00500625,-0.00500625,4e-45,0.0,0.0,0.0035019827,0.0035019827,0.0,0.0,0.0035019827,0.0035019827,0.0,0.0,0.0,0.0,0.0035019827,0.0035019827,0.0035019827,0.0035019827,Uniaxial,0.6675000190734863
1.6060477862109635e-28,124623.625,4233.69140625,0.0,0.8417910933494568,1.7425633158651976e-10,-0.00502125,0.0035148447,0.0035148447,-1.0810258e-19,1.1932577e-19,9.529121e-21,-0.0038185474,0.003274304,0.003274304,-6.574979e-20,4.83297e-20,1.2902519e-20,1760074.0,-1760074.0,-1760074.0,1760074.0,1760074.0,-1760074.0,-1760074.0,1760074.0,-9.5823315e-11,-1.9474977e-10,0.0,0.0,-9.993726e-11,-1.9886373e-10,0.0,0.0,5.883359e-11,2.399674e-10,2.3585345e-10,5.4719642e-11,0.0,0.0,0.0,0.0,-7040296.0,5.8937405e-10,-5.8937405e-10,-1.03300736e-10,1.7316323e-10,-8.227901e-12,4e-45,-0.00502125,-0.00502125,4e-45,4e-45,-0.00502125,-0.00502125,4e-45,0.0,0.0,0.0035148447,0.0035148447,0.0,0.0,0.0035148447,0.0035148447,0.0,0.0,0.0,0.0,0.0035148447,0.0035148447,0.0035148447,0.0035148447,Uniaxial,0.6694999933242798
1.5462481429202259e-28,124728.390625,4166.716796875,0.0,0.8442938923835754,1.7425634546430757e-10,-0.00503625,0.0035277067,0.0035277067,-1.0894961e-19,1.2567851e-19,8.258571e-21,-0.0038335472,0.0032871664,0.0032871664,-6.6567974e-20,4.9794654e-20,1.2814565e-20,1732230.5,-1732230.5,-1732230.5,1732230.5,1732230.5,-1732230.5,-1732230.5,1732230.5,-3.8717138e-10,-4.853154e-10,0.0,0.0,-3.847603e-10,-4.829043e-10,0.0,0.0,-1.6258749e-10,2.3043133e-11,1.7574872e-11,-1.6805575e-10,0.0,0.0,0.0,0.0,-6928922.0,1.7401514e-09,2.9002523e-10,-1.01735814e-10,1.8215687e-10,-1.09365225e-11,-3e-45,-0.00503625,-0.00503625,-3e-45,-3e-45,-0.00503625,-0.00503625,-3e-45,-0.0,-0.0,0.0035277067,0.0035277067,-0.0,-0.0,0.0035277067,0.0035277067,-0.0,-0.0,-0.0,-0.0,0.0035277067,0.0035277067,0.0035277067,0.0035277067,Uniaxial,0.671500027179718
1.2985067463770814e-28,124831.4921875,4099.74169921875,0.0,0.8467966914176941,1.7425634546430757e-10,-0.00505125,0.003540569,0.003540569,-1.0937313e-19,1.3203126e-19,9.529121e-21,-0.0038485473,0.0033000284,0.0033000284,-6.737869e-20,5.135218e-20,1.275234e-20,1704387.0,-1704387.0,-1704387.0,1704387.0,1704387.0,-1704387.0,-1704387.0,1704387.0,-3.0636652e-10,-3.9535628e-10,0.0,0.0,-3.180523e-10,-4.0704207e-10,0.0,0.0,-1.643524e-10,1.7597776e-11,2.1670688e-11,-1.6027948e-10,0.0,0.0,0.0,0.0,-6817548.0,1.4268171e-09,2.8536343e-10,-9.918603e-11,1.9055467e-10,-7.612872e-12,-3e-45,-0.00505125,-0.00505125,-3e-45,-3e-45,-0.00505125,-0.00505125,-3e-45,-0.0,-0.0,0.003540569,0.003540569,-0.0,-0.0,0.003540569,0.003540569,-0.0,-0.0,-0.0,-0.0,0.003540569,0.003540569,0.003540569,0.003540569,Uniaxial,0.6735000014305115
1.3155922727668482e-28,124932.921875,4032.7666015625,0.0,0.8492994904518127,1.7425634546430757e-10,-0.00506625,0.003553431,0.003553431,-1.0725555e-19,1.3541939e-19,1.20702195e-20,-0.0038635472,0.0033128904,0.0033128904,-6.8133936e-20,5.2944377e-20,1.2739421e-20,1676543.5,-1676543.5,-1676543.5,1676543.5,1676543.5,-1676543.5,-1676543.5,1676543.5,-2.3789176e-10,-3.2273412e-10,0.0,0.0,-2.3866914e-10,-3.235115e-10,0.0,0.0,-1.2796525e-11,1.696834e-10,1.5314734e-10,-2.9332602e-11,0.0,0.0,0.0,0.0,-6706174.0,1.1228065e-09,-2.8070163e-10,-9.089123e-11,1.916142e-10,-1.5547558e-12,0.0,-0.00506625,-0.00506625,0.0,0.0,-0.00506625,-0.00506625,0.0,-0.0,-0.0,0.003553431,0.003553431,-0.0,-0.0,0.003553431,0.003553431,-0.0,-0.0,-0.0,-0.0,0.003553431,0.003553431,0.003553431,0.003553431,Uniaxial,0.6754999756813049
1.2985067463770814e-28,125032.6796875,3965.791748046875,0.0,0.8518022298812866,1.7425634546430757e-10,-0.00508125,0.003566293,0.003566293,-1.05137965e-19,1.3753697e-19,1.5034835e-20,-0.0038785473,0.0033257527,0.0033257527,-6.883478e-20,5.4546526e-20,1.2782895e-20,1648700.0,-1648700.0,-1648700.0,1648700.0,1648700.0,-1648700.0,-1648700.0,1648700.0,-3.3801906e-11,-1.1466987e-10,0.0,0.0,-2.3350035e-11,-1.04218e-10,0.0,0.0,1.1894447e-10,3.0042208e-10,2.9511527e-10,1.1363764e-10,0.0,0.0,0.0,0.0,-6594800.0,2.7603983e-10,-8.2811946e-10,-8.2942445e-11,1.8960955e-10,5.145041e-12,-1e-45,-0.00508125,-0.00508125,-1e-45,-1e-45,-0.00508125,-0.00508125,-1e-45,-0.0,-0.0,0.003566293,0.003566293,-0.0,-0.0,0.003566293,0.003566293,-0.0,-0.0,-0.0,-0.0,0.003566293,0.003566293,0.003566293,0.003566293,Uniaxial,0.6775000095367432
1.4010203861981683e-28,125130.765625,3898.81689453125,0.0,0.8543050289154053,1.742563732198832e-10,-0.00509625,0.0035791553,0.0035791553,-1.0302038e-19,1.3838401e-19,1.5458351e-20,-0.0038935472,0.0033386147,0.0033386147,-6.948224e-20,5.613437e-20,1.28335675e-20,1620856.5,-1620856.5,-1620856.5,1620856.5,1620856.5,-1620856.5,-1620856.5,1620856.5,-4.2997494e-10,-5.1491655e-10,0.0,0.0,-4.3490647e-10,-5.198481e-10,0.0,0.0,-5.737871e-10,-3.947425e-10,-3.7603598e-10,-5.5508054e-10,0.0,0.0,0.0,0.0,-6483426.0,1.899646e-09,1.899646e-09,-7.5331054e-11,1.8474343e-10,5.8956082e-12,1e-45,-0.00509625,-0.00509625,1e-45,1e-45,-0.00509625,-0.00509625,1e-45,-0.0,-0.0,0.0035791553,0.0035791553,-0.0,-0.0,0.0035791553,0.0035791553,0.0,0.0,0.0,0.0,0.0035791553,0.0035791553,0.0035791553,0.0035791553,Uniaxial,0.6794999837875366
1.2899639229968873e-28,125227.1796875,3831.841796875,0.0,0.8568078279495239,1.742563732198832e-10,-0.00511125,0.0035920173,0.0035920173,-1.034439e-19,1.3880752e-19,1.7152417e-20,-0.003908547,0.0033514767,0.0033514767,-7.012546e-20,5.7700165e-20,1.2915365e-20,1593012.9,-1593012.9,-1593012.9,1593012.9,1593012.9,-1593012.9,-1593012.9,1593012.9,-2.309682e-10,-3.0714095e-10,0.0,0.0,-2.2629146e-10,-3.024642e-10,0.0,0.0,-3.6109274e-10,-1.8489578e-10,-1.7233968e-10,-3.4853664e-10,0.0,0.0,0.0,0.0,-6372051.5,1.0668648e-09,1.0668648e-09,-7.355199e-11,1.7904823e-10,9.353489e-12,-6e-45,-0.00511125,-0.00511125,-6e-45,-6e-45,-0.00511125,-0.00511125,-6e-45,-0.0,-0.0,0.0035920173,0.0035920173,-0.0,-0.0,0.0035920173,0.0035920173,-0.0,-0.0,-0.0,-0.0,0.0035920173,0.0035920173,0.0035920173,0.0035920173,Uniaxial,0.6815000176429749
1.2899639229968873e-28,125321.921875,3764.866943359375,0.0,0.8593106269836426,1.742563732198832e-10,-0.00512625,0.0036048794,0.0036048794,-1.03867415e-19,1.3880752e-19,1.8846483e-20,-0.0039235475,0.003364339,0.003364339,-7.076451e-20,5.9236304e-20,1.3027697e-20,1565169.4,-1565169.4,-1565169.4,1565169.4,1565169.4,-1565169.4,-1565169.4,1565169.4,1.6158044e-10,8.6284244e-11,0.0,0.0,1.7577016e-10,1.00473956e-10,0.0,0.0,4.1388875e-11,2.1435517e-10,2.2066553e-10,4.7699237e-11,0.0,0.0,0.0,0.0,-6260677.5,-5.241088e-10,-5.241088e-10,-7.179891e-11,1.725869e-10,1.2620722e-11,1e-45,-0.00512625,-0.00512625,1e-45,1e-45,-0.00512625,-0.00512625,1e-45,-0.0,-0.0,0.0036048794,0.0036048794,0.0,0.0,0.0036048794,0.0036048794,0.0,0.0,-0.0,-0.0,0.0036048794,0.0036048794,0.0036048794,0.0036048794,Uniaxial,0.6834999918937683
1.1789073394249847e-28,125415.0,3697.89208984375,0.0,0.8618134260177612,1.742563732198832e-10,-0.00514125,0.0036177416,0.0036177416,-1.0471445e-19,1.3965456e-19,2.2234615e-20,-0.0039385473,0.003377201,0.003377201,-7.140751e-20,6.075939e-20,1.3202072e-20,1537325.9,-1537325.9,-1537325.9,1537325.9,1537325.9,-1537325.9,-1537325.9,1537325.9,-3.1721376e-11,-1.1447563e-10,0.0,0.0,-1.4220669e-11,-9.697492e-11,0.0,0.0,-1.5451436e-10,8.317348e-12,2.5818056e-11,-1.3701365e-10,0.0,0.0,0.0,0.0,-6149303.5,2.573926e-10,2.573926e-10,-7.095632e-11,1.6807643e-10,1.9242719e-11,-0.0,-0.00514125,-0.00514125,-0.0,-0.0,-0.00514125,-0.00514125,-0.0,0.0,0.0,0.0036177416,0.0036177416,0.0,0.0,0.0036177416,0.0036177416,0.0,0.0,0.0,0.0,0.0036177416,0.0036177416,0.0036177416,0.0036177416,Uniaxial,0.6855000257492065
1.307049449386654e-28,125506.40625,3630.917236328125,0.0,0.8643161654472351,1.742563732198832e-10,-0.00515625,0.0036306037,0.0036306037,-1.085261e-19,1.3880752e-19,2.3505164e-20,-0.003953547,0.003390063,0.003390063,-7.2110523e-20,6.2237586e-20,1.3397209e-20,1509482.4,-1509482.4,-1509482.4,1509482.4,1509482.4,-1509482.4,-1509482.4,1509482.4,2.2694366e-10,1.3370131e-10,0.0,0.0,2.4539487e-10,1.5215253e-10,0.0,0.0,-1.5184715e-10,7.030533e-12,2.5481752e-11,-1.3339593e-10,0.0,0.0,0.0,0.0,-6037929.5,-7.581924e-10,2.5273078e-10,-7.617381e-11,1.6016838e-10,2.1143743e-11,0.0,-0.00515625,-0.00515625,0.0,0.0,-0.00515625,-0.00515625,0.0,-0.0,-0.0,0.0036306037,0.0036306037,-0.0,-0.0,0.0036306037,0.0036306037,-0.0,-0.0,-0.0,-0.0,0.0036306037,0.0036306037,0.0036306037,0.0036306037,Uniaxial,0.6875
1.3668492130480131e-28,125596.140625,3563.942138671875,0.0,0.8668189644813538,1.742563732198832e-10,-0.00517125,0.0036434657,0.0036434657,-1.1530236e-19,1.3838401e-19,2.1387582e-20,-0.003968547,0.0034029253,0.0034029253,-7.292856e-20,6.367977e-20,1.3548542e-20,1481638.9,-1481638.9,-1481638.9,1481638.9,1481638.9,-1481638.9,-1481638.9,1481638.9,2.3135623e-10,1.3269967e-10,0.0,0.0,2.394038e-10,1.4074726e-10,0.0,0.0,-1.5560263e-10,-1.1749437e-13,3.156814e-11,-1.23917e-10,0.0,0.0,0.0,0.0,-5926555.5,-7.44207e-10,2.4806898e-10,-8.7002204e-11,1.5338329e-10,1.6095174e-11,0.0,-0.00517125,-0.00517125,0.0,0.0,-0.00517125,-0.00517125,0.0,0.0,0.0,0.0036434657,0.0036434657,0.0,0.0,0.0036434657,0.0036434657,0.0,0.0,0.0,0.0,0.0036434657,0.0036434657,0.0036434657,0.0036434657,Uniaxial,0.6894999742507935
1.2472498060959165e-28,125684.203125,3496.96728515625,0.0,0.8693217635154724,1.742563732198832e-10,-0.00518625,0.003656328,0.003656328,-1.2292566e-19,1.3796049e-19,2.3505164e-20,-0.0039835474,0.0034157874,0.0034157874,-7.387548e-20,6.5086616e-20,1.3737116e-20,1453795.4,-1453795.4,-1453795.4,1453795.4,1453795.4,-1453795.4,-1453795.4,1453795.4,2.2203843e-10,1.2535353e-10,0.0,0.0,2.3975724e-10,1.4307235e-10,0.0,0.0,-2.1454244e-10,-6.2342256e-11,-2.8864747e-11,-1.8106493e-10,0.0,0.0,0.0,0.0,-5815181.5,-7.3022155e-10,4.8681437e-10,-9.88176e-11,1.4681338e-10,1.9678932e-11,1e-45,-0.00518625,-0.00518625,1e-45,1e-45,-0.00518625,-0.00518625,1e-45,0.0,0.0,0.003656328,0.003656328,0.0,0.0,0.003656328,0.003656328,0.0,-0.0,-0.0,0.0,0.003656328,0.003656328,0.003656328,0.003656328,Uniaxial,0.6915000081062317
1.2643354528563048e-28,125770.59375,3429.992431640625,0.0,0.8718245625495911,1.742563732198832e-10,-0.00520125,0.00366919,0.00366919,-1.2843137e-19,1.3880752e-19,2.646978e-20,-0.0039985473,0.0034286494,0.0034286494,-7.4908746e-20,6.648286e-20,1.3978268e-20,1425951.9,-1425951.9,-1425951.9,1425951.9,1425951.9,-1425951.9,-1425951.9,1425951.9,2.0326847e-10,1.03111e-10,0.0,0.0,2.5500707e-10,1.5484959e-10,0.0,0.0,-1.4492277e-10,-2.5504733e-12,2.5550076e-11,-1.1682222e-10,0.0,0.0,0.0,0.0,-5703807.5,-7.162361e-10,2.3874538e-10,-1.05762746e-10,1.429163e-10,2.4683703e-11,0.0,-0.00520125,-0.00520125,0.0,0.0,-0.00520125,-0.00520125,0.0,0.0,0.0,0.00366919,0.00366919,0.0,0.0,0.00366919,0.00366919,0.0,-0.0,-0.0,0.0,0.00366919,0.00366919,0.00366919,0.00366919,Uniaxial,0.6934999823570251
1.4522772061087117e-28,125855.3125,3363.017333984375,0.0,0.8743273615837097,1.742563732198832e-10,-0.00521625,0.003682052,0.003682052,-1.3266654e-19,1.3923104e-19,2.774033e-20,-0.004013547,0.0034415117,0.0034415117,-7.6002654e-20,6.7860676e-20,1.4238916e-20,1398108.4,-1398108.4,-1398108.4,1398108.4,1398108.4,-1398108.4,-1398108.4,1398108.4,3.7597137e-10,2.7380345e-10,0.0,0.0,4.2844728e-10,3.2627936e-10,0.0,0.0,-3.3803658e-11,1.14128214e-10,1.5084545e-10,2.913571e-12,0.0,0.0,0.0,0.0,-5592433.5,-1.4045014e-09,-2.3408359e-10,-1.09783634e-10,1.3827677e-10,2.6158362e-11,0.0,-0.00521625,-0.00521625,0.0,0.0,-0.00521625,-0.00521625,0.0,-0.0,-0.0,0.003682052,0.003682052,-0.0,-0.0,0.003682052,0.003682052,-0.0,-0.0,-0.0,-0.0,0.003682052,0.003682052,0.003682052,0.003682052,Uniaxial,0.6955000162124634
1.1532789896550238e-28,125938.3671875,3296.04248046875,0.0,0.8768301010131836,1.742563732198832e-10,-0.00523125,0.0036949143,0.0036949143,-1.3563115e-19,1.4219566e-19,3.2822527e-20,-0.004028547,0.0034543737,0.0034543737,-7.7131994e-20,6.926855e-20,1.4590881e-20,1370264.9,-1370264.9,-1370264.9,1370264.9,1370264.9,-1370264.9,-1370264.9,1370264.9,2.3055356e-11,-7.188251e-11,0.0,0.0,7.188251e-11,-2.3055356e-11,0.0,0.0,-9.055073e-11,4.9602926e-11,9.055073e-11,-4.9602926e-11,0.0,0.0,0.0,0.0,-5481059.5,0.0,0.0,-1.11082234e-10,1.3847902e-10,3.4619505e-11,1e-45,-0.00523125,-0.00523125,1e-45,1e-45,-0.00523125,-0.00523125,1e-45,0.0,0.0,0.0036949143,0.0036949143,0.0,0.0,0.0036949143,0.0036949143,0.0,0.0,0.0,0.0,0.0036949143,0.0036949143,0.0036949143,0.0036949143,Uniaxial,0.6974999904632568
1.3155922727668482e-28,126019.75,3229.067626953125,0.0,0.8793329000473022,1.742563732198832e-10,-0.00524625,0.0037077763,0.0037077763,-1.3520763e-19,1.4516027e-19,4.0022307e-20,-0.0040435474,0.0034672357,0.0034672357,-7.823192e-20,7.0705906e-20,1.5072541e-20,1342421.4,-1342421.4,-1342421.4,1342421.4,1342421.4,-1342421.4,-1342421.4,1342421.4,8.290336e-11,-1.736825e-11,0.0,0.0,1.2974823e-10,2.9476626e-11,0.0,0.0,-4.1255763e-11,1.0679087e-10,1.5363574e-10,5.5891125e-12,0.0,0.0,0.0,0.0,-5369685.5,-2.2475996e-10,-2.2475996e-10,-1.0599102e-10,1.3850629e-10,4.6413654e-11,0.0,-0.00524625,-0.00524625,0.0,0.0,-0.00524625,-0.00524625,0.0,0.0,0.0,0.0037077763,0.0037077763,0.0,0.0,0.0037077763,0.0037077763,0.0,0.0,0.0,0.0,0.0037077763,0.0037077763,0.0037077763,0.0037077763,Uniaxial,0.6995000243186951
1.38393473943778e-28,126099.453125,3162.092529296875,0.0,0.8818356990814209,1.74256387097671e-10,-0.00526125,0.0037206383,0.0037206383,-1.3478412e-19,1.5066599e-19,4.679857e-20,-0.0040585473,0.0034800977,0.0034800977,-7.9302994e-20,7.222031e-20,1.5673418e-20,1314577.9,-1314577.9,-1314577.9,1314577.9,1314577.9,-1314577.9,-1314577.9,1314577.9,1.9586431e-10,9.8053246e-11,0.0,0.0,2.32094e-10,1.3428293e-10,0.0,0.0,-1.6402094e-10,-1.3775225e-11,5.3971858e-11,-9.627386e-11,0.0,0.0,0.0,0.0,-5258311.5,-6.602945e-10,2.2009816e-10,-1.0106994e-10,1.4290445e-10,5.6700675e-11,0.0,-0.00526125,-0.00526125,0.0,0.0,-0.00526125,-0.00526125,0.0,0.0,0.0,0.0037206383,0.0037206383,0.0,0.0,0.0037206383,0.0037206383,0.0,-0.0,-0.0,0.0,0.0037206383,0.0037206383,0.0037206383,0.0037206383,Uniaxial,0.7014999985694885
1.5120768493994492e-28,126177.5,3095.11767578125,0.0,0.8843384981155396,1.74256387097671e-10,-0.00527625,0.0037335006,0.0037335006,-1.343606e-19,1.5659522e-19,4.9763186e-20,-0.004073547,0.00349296,0.00349296,-8.0345765e-20,7.381834e-20,1.6319065e-20,1286734.4,-1286734.4,-1286734.4,1286734.4,1286734.4,-1286734.4,-1286734.4,1286734.4,1.8256628e-10,8.713285e-11,0.0,0.0,2.3602167e-10,1.4058825e-10,0.0,0.0,5.4612974e-11,2.1508616e-10,2.6854155e-10,1.08068374e-10,0.0,0.0,0.0,0.0,-5146937.5,-6.4630906e-10,-6.4630906e-10,-9.631467e-11,1.4760068e-10,5.9634714e-11,3e-45,-0.00527625,-0.00527625,3e-45,3e-45,-0.00527625,-0.00527625,3e-45,0.0,0.0,0.0037335006,0.0037335006,0.0,0.0,0.0037335006,0.0037335006,-0.0,-0.0,0.0,0.0,0.0037335006,0.0037335006,0.0037335006,0.0037335006,Uniaxial,0.703499972820282
1.4010203861981683e-28,126253.8671875,3028.142822265625,0.0,0.8868412971496582,1.74256387097671e-10,-0.00529125,0.0037463626,0.0037463626,-1.343606e-19,1.6464203e-19,4.933967e-20,-0.004088547,0.003505822,0.003505822,-8.136878e-20,7.55385e-20,1.694446e-20,1258890.8,-1258890.8,-1258890.8,1258890.8,1258890.8,-1258890.8,-1258890.8,1258890.8,2.8681226e-11,-6.481779e-11,0.0,0.0,6.481779e-11,-2.8681226e-11,0.0,0.0,1.06569226e-10,2.7096397e-10,3.1497988e-10,1.5058513e-10,0.0,0.0,0.0,0.0,-5035563.0,0.0,-8.430982e-10,-9.244584e-11,1.5544381e-10,5.6514425e-11,0.0,-0.00529125,-0.00529125,0.0,0.0,-0.00529125,-0.00529125,0.0,0.0,0.0,0.0037463626,0.0037463626,0.0,0.0,0.0037463626,0.0037463626,0.0,0.0,0.0,0.0,0.0037463626,0.0037463626,0.0037463626,0.0037463626,Uniaxial,0.7055000066757202
1.5718764926901868e-28,126328.5625,2961.167724609375,0.0,0.8893440365791321,1.74256387097671e-10,-0.00530625,0.0037592247,0.0037592247,-1.3478412e-19,1.7395939e-19,5.0186702e-20,-0.0041035474,0.003518684,0.003518684,-8.238044e-20,7.7402553e-20,1.7574055e-20,1231047.2,-1231047.2,-1231047.2,1231047.2,1231047.2,-1231047.2,-1231047.2,1231047.2,2.2637237e-10,1.3439737e-10,0.0,0.0,2.7782812e-10,1.8585311e-10,0.0,0.0,2.9804134e-10,4.6707455e-10,5.2640964e-10,3.5737643e-10,0.0,0.0,0.0,0.0,-4924189.0,-8.2445095e-10,-1.6489019e-09,-8.939782e-11,1.6472072e-10,5.5635406e-11,1e-45,-0.00530625,-0.00530625,1e-45,1e-45,-0.00530625,-0.00530625,1e-45,0.0,0.0,0.0037592247,0.0037592247,0.0,0.0,0.0037592247,0.0037592247,0.0,0.0,0.0,0.0,0.0037592247,0.0037592247,0.0037592247,0.0037592247,Uniaxial,0.7074999809265137
1.7000186026518561e-28,126401.59375,2894.19287109375,0.0,0.8918468356132507,1.74256387097671e-10,-0.00532125,0.003772087,0.003772087,-1.3563115e-19,1.8370027e-19,4.806912e-20,-0.0041185473,0.0035315463,0.0035315463,-8.338899e-20,7.941578e-20,1.8151617e-20,1203203.8,-1203203.8,-1203203.8,1203203.8,1203203.8,-1203203.8,-1203203.8,1203203.8,-7.960063e-11,-1.7830934e-10,0.0,0.0,-2.3141595e-11,-1.2185031e-10,0.0,0.0,-1.0370765e-11,1.6324202e-10,2.118217e-10,3.8208922e-11,0.0,0.0,0.0,0.0,-4812815.0,4.0290188e-10,-4.0290188e-10,-8.7106544e-11,1.738799e-10,4.9883278e-11,0.0,-0.00532125,-0.00532125,0.0,0.0,-0.00532125,-0.00532125,0.0,-0.0,-0.0,0.003772087,0.003772087,0.0,0.0,0.003772087,0.003772087,0.0,0.0,0.0,0.0,0.003772087,0.003772087,0.003772087,0.003772087,Uniaxial,0.7095000147819519
1.776903892702982e-28,126472.9453125,2827.218017578125,0.0,0.8943496346473694,1.74256387097671e-10,-0.00533625,0.003784949,0.003784949,-1.394428e-19,1.9259412e-19,4.7222087e-20,-0.004133547,0.0035444084,0.0035444084,-8.4450623e-20,8.1559336e-20,1.87022e-20,1175360.2,-1175360.2,-1175360.2,1175360.2,1175360.2,-1175360.2,-1175360.2,1175360.2,-1.7025108e-10,-2.701915e-10,0.0,0.0,-1.2338677e-10,-2.2332719e-10,0.0,0.0,-7.066334e-11,1.0643491e-10,1.6905792e-10,-8.040343e-12,0.0,0.0,0.0,0.0,-4701441.0,7.8715656e-10,-1.9678914e-10,-8.9569956e-11,1.8085083e-10,4.645252e-11,3e-45,-0.00533625,-0.00533625,3e-45,3e-45,-0.00533625,-0.00533625,3e-45,0.0,0.0,0.003784949,0.003784949,0.0,0.0,0.003784949,0.003784949,0.0,0.0,0.0,0.0,0.003784949,0.003784949,0.003784949,0.003784949,Uniaxial,0.7114999890327454
1.8281607126135254e-28,126542.6328125,2760.242919921875,0.0,0.896852433681488,1.742564009754588e-10,-0.00535125,0.003797811,0.003797811,-1.4410148e-19,2.0064093e-19,4.5951537e-20,-0.004148547,0.0035572704,0.0035572704,-8.5580384e-20,8.381469e-20,1.9218291e-20,1147516.8,-1147516.8,-1147516.8,1147516.8,1147516.8,-1147516.8,-1147516.8,1147516.8,-2.2358229e-10,-3.2526762e-10,0.0,0.0,-1.5505071e-10,-2.5673602e-10,0.0,0.0,-2.0435122e-10,-2.479031e-11,1.22238825e-11,-1.6733702e-10,0.0,0.0,0.0,0.0,-4590067.0,9.606367e-10,3.8425466e-10,-9.305976e-11,1.8577613e-10,4.2510988e-11,-1e-45,-0.00535125,-0.00535125,-1e-45,-1e-45,-0.00535125,-0.00535125,-1e-45,-0.0,-0.0,0.003797811,0.003797811,-0.0,-0.0,0.003797811,0.003797811,0.0,0.0,0.0,0.0,0.003797811,0.003797811,0.003797811,0.003797811,Uniaxial,0.7135000228881836
1.751275542933021e-28,126610.6484375,2693.26806640625,0.0,0.8993552327156067,1.742564009754588e-10,-0.00536625,0.003810673,0.003810673,-1.496072e-19,2.0741719e-19,4.6375054e-20,-0.0041635474,0.0035701327,0.0035701327,-8.6793024e-20,8.615567e-20,1.9732628e-20,1119673.2,-1119673.2,-1119673.2,1119673.2,1119673.2,-1119673.2,-1119673.2,1119673.2,-2.9827488e-10,-4.1004114e-10,0.0,0.0,-2.460882e-10,-3.5785444e-10,0.0,0.0,-3.0393285e-10,-1.3106423e-10,-7.09982e-11,-2.4386682e-10,0.0,0.0,0.0,0.0,-4478693.0,1.3122586e-09,7.498621e-10,-9.746291e-11,1.8815025e-10,4.133858e-11,-1e-45,-0.00536625,-0.00536625,-1e-45,-1e-45,-0.00536625,-0.00536625,-1e-45,-0.0,-0.0,0.003810673,0.003810673,-0.0,-0.0,0.003810673,0.003810673,-0.0,-0.0,-0.0,-0.0,0.003810673,0.003810673,0.003810673,0.003810673,Uniaxial,0.715499997138977
1.6145906095911576e-28,126676.9921875,2626.293212890625,0.0,0.9018579721450806,1.742564009754588e-10,-0.00538125,0.0038235353,0.0038235353,-1.5765401e-19,2.1165236e-19,4.7645603e-20,-0.0041785473,0.0035829947,0.0035829947,-8.8135106e-20,8.853252e-20,2.0261288e-20,1091829.8,-1091829.8,-1091829.8,1091829.8,1091829.8,-1091829.8,-1091829.8,1091829.8,7.7397276e-11,-3.822935e-11,0.0,0.0,1.2963121e-10,1.40045866e-11,0.0,0.0,-6.244388e-11,1.0949115e-10,1.5384574e-10,-1.808929e-11,0.0,0.0,0.0,0.0,-4367319.0,-1.8280372e-10,-1.8280372e-10,-1.0518367e-10,1.8628309e-10,4.1433086e-11,-4e-45,-0.00538125,-0.00538125,-4e-45,-4e-45,-0.00538125,-0.00538125,-4e-45,-0.0,-0.0,0.0038235353,0.0038235353,-0.0,-0.0,0.0038235353,0.0038235353,-0.0,-0.0,-0.0,-0.0,0.0038235353,0.0038235353,0.0038235353,0.0038235353,Uniaxial,0.7174999713897705
1.742732719552827e-28,126741.671875,2559.318359375,0.0,0.9043607711791992,1.742564148532466e-10,-0.00539625,0.0038363973,0.0038363973,-1.6654785e-19,2.1334642e-19,5.1880768e-20,-0.004193547,0.0035958567,0.0035958567,-8.9620205e-20,9.089644e-20,2.0860148e-20,1063986.2,-1063986.2,-1063986.2,1063986.2,1063986.2,-1063986.2,-1063986.2,1063986.2,-2.7906788e-10,-3.988152e-10,0.0,0.0,-2.2468151e-10,-3.4442882e-10,0.0,0.0,-2.0079712e-10,-3.1731184e-11,2.2655202e-11,-1.4641073e-10,0.0,0.0,0.0,0.0,-4255945.0,1.2469934e-09,3.5628384e-10,-1.1342503e-10,1.8054488e-10,4.5737976e-11,-1e-45,-0.00539625,-0.00539625,-1e-45,-1e-45,-0.00539625,-0.00539625,-1e-45,-0.0,-0.0,0.0038363973,0.0038363973,-0.0,-0.0,0.0038363973,0.0038363973,-0.0,-0.0,-0.0,-0.0,0.0038363973,0.0038363973,0.0038363973,0.0038363973,Uniaxial,0.7195000052452087
1.580419316070381e-28,126804.671875,2492.34326171875,0.0,0.9068635702133179,1.7425642873103442e-10,-0.00541125,0.0038492593,0.0038492593,-1.754417e-19,2.1292291e-19,5.4845383e-20,-0.0042085475,0.003608719,0.003608719,-9.124563e-20,9.320757e-20,2.1503814e-20,1036142.75,-1036142.75,-1036142.75,1036142.75,1036142.75,-1036142.75,-1036142.75,1036142.75,-2.2620657e-10,-3.418086e-10,0.0,0.0,-1.7863172e-10,-2.9423378e-10,0.0,0.0,-3.742571e-10,-2.0951678e-10,-1.4618323e-10,-3.1092354e-10,0.0,0.0,0.0,0.0,-4144571.0,1.0408807e-09,1.0408807e-09,-1.208932e-10,1.7189365e-10,4.78736e-11,-1e-45,-0.00541125,-0.00541125,-1e-45,-1e-45,-0.00541125,-0.00541125,-1e-45,-0.0,-0.0,0.0038492593,0.0038492593,-0.0,-0.0,0.0038492593,0.0038492593,-0.0,-0.0,-0.0,-0.0,0.0038492593,0.0038492593,0.0038492593,0.0038492593,Uniaxial,0.7214999794960022
1.8110751862237587e-28,126866.21875,2442.1298828125,0.0,0.9087399840354919,1.7425642873103442e-10,-0.00542625,0.0038621216,0.0038621216,-1.8221796e-19,2.1249939e-19,5.781e-20,-0.0042235474,0.003621581,0.003621581,-9.2968606e-20,9.5466905e-20,2.2191437e-20,1015267.5,-1015267.5,-1015267.5,1015267.5,1015267.5,-1015267.5,-1015267.5,1015267.5,-1.0468545e-10,-2.2262446e-10,0.0,0.0,-3.235303e-11,-1.5029204e-10,0.0,0.0,-2.4027602e-10,-7.915455e-11,-1.4701487e-11,-1.7582294e-10,0.0,0.0,0.0,0.0,-4061070.0,5.0995497e-10,5.0995497e-10,-1.2556715e-10,1.6465593e-10,5.0112647e-11,-1e-45,-0.00542625,-0.00542625,-1e-45,-1e-45,-0.00542625,-0.00542625,-1e-45,-0.0,-0.0,0.0038621216,0.0038621216,-0.0,-0.0,0.0038621216,0.0038621216,-0.0,-0.0,-0.0,-0.0,0.0038621216,0.0038621216,0.0038621216,0.0038621216,Uniaxial,0.7235000133514404
1.751275542933021e-28,126927.1328125,2442.1298828125,0.0,0.9087399840354919,1.7425644260882223e-10,-0.00544125,0.0038749836,0.0038749836,-1.8730016e-19,2.1165236e-19,6.373923e-20,-0.0042385473,0.003634443,0.003634443,-9.4755206e-20,9.766741e-20,2.2978334e-20,1015267.5,-1015267.5,-1015267.5,1015267.5,1015267.5,-1015267.5,-1015267.5,1015267.5,-5.1019727e-11,-1.7915643e-10,0.0,0.0,9.171428e-12,-1.1896527e-10,0.0,0.0,-3.6850156e-10,-2.0952394e-10,-1.4145343e-10,-3.0043104e-10,0.0,0.0,0.0,0.0,-4061070.0,3.3997e-10,1.0199099e-09,-1.302038e-10,1.6036827e-10,5.7347523e-11,-1e-45,-0.00544125,-0.00544125,-1e-45,-1e-45,-0.00544125,-0.00544125,-1e-45,-0.0,-0.0,0.0038749836,0.0038749836,-0.0,-0.0,0.0038749836,0.0038749836,-0.0,-0.0,-0.0,-0.0,0.0038749836,0.0038749836,0.0038749836,0.0038749836,Uniaxial,0.7254999876022339
1.6402189593611186e-28,126988.046875,2442.1298828125,0.0,0.9087399840354919,1.7425644260882223e-10,-0.00545625,0.0038878457,0.0038878457,-1.9280587e-19,2.1122884e-19,6.7974394e-20,-0.004253547,0.0036473053,0.0036473053,-9.6612246e-20,9.981821e-20,2.383054e-20,1015267.5,-1015267.5,-1015267.5,1015267.5,1015267.5,-1015267.5,-1015267.5,1015267.5,2.6186883e-11,-1.0451652e-10,0.0,0.0,1.0451652e-10,-2.6186883e-11,0.0,0.0,-1.01989465e-10,4.7297874e-11,1.01989465e-10,-4.7297874e-11,0.0,0.0,0.0,0.0,-4061070.0,0.0,0.0,-1.3533723e-10,1.567464e-10,6.210709e-11,-1e-45,-0.00545625,-0.00545625,-1e-45,-1e-45,-0.00545625,-0.00545625,-1e-45,0.0,0.0,0.0038878457,0.0038878457,-0.0,-0.0,0.0038878457,0.0038878457,-0.0,-0.0,-0.0,-0.0,0.0038878457,0.0038878457,0.0038878457,0.0038878457,Uniaxial,0.7275000214576721
1.5291624961598376e-28,127048.9609375,2442.1298828125,0.0,0.9087399840354919,1.7425644260882223e-10,-0.00547125,0.003900708,0.003900708,-1.9746456e-19,2.0868774e-19,7.2633075e-20,-0.0042685475,0.0036601673,0.0036601673,-9.852234e-20,1.0188016e-19,2.4754839e-20,1015267.5,-1015267.5,-1015267.5,1015267.5,1015267.5,-1015267.5,-1015267.5,1015267.5,3.3719496e-11,-9.103809e-11,0.0,0.0,9.103809e-11,-3.3719496e-11,0.0,0.0,-1.1350296e-10,3.2546316e-11,1.1350296e-10,-3.2546316e-11,0.0,0.0,0.0,0.0,-4061070.0,0.0,0.0,-1.3920427e-10,1.5027027e-10,6.736109e-11,-1e-45,-0.00547125,-0.00547125,-1e-45,-1e-45,-0.00547125,-0.00547125,-1e-45,0.0,0.0,0.003900708,0.003900708,0.0,0.0,0.003900708,0.003900708,-0.0,-0.0,-0.0,-0.0,0.003900708,0.003900708,0.003900708,0.003900708,Uniaxial,0.7294999957084656
2.152787399207796e-28,127109.8828125,2442.1298828125,0.0,0.9087399840354919,1.7425644260882223e-10,-0.00548625,0.00391357,0.00391357,-1.987351e-19,2.0529961e-19,7.7291756e-20,-0.0042835474,0.0036730294,0.0036730294,-1.0042033e-19,1.0383888e-19,2.5749866e-20,1015267.5,-1015267.5,-1015267.5,1015267.5,1015267.5,-1015267.5,-1015267.5,1015267.5,7.4706435e-11,-5.7489118e-11,0.0,0.0,1.4248161e-10,1.0286065e-11,0.0,0.0,-8.22337e-11,6.793362e-11,1.6722619e-10,1.7058882e-11,0.0,0.0,0.0,0.0,-4061070.0,-1.69985e-10,-1.69985e-10,-1.3832152e-10,1.4274765e-10,7.251558e-11,0.0,-0.00548625,-0.00548625,0.0,0.0,-0.00548625,-0.00548625,0.0,0.0,0.0,0.00391357,0.00391357,0.0,0.0,0.00391357,0.00391357,-0.0,-0.0,-0.0,-0.0,0.00391357,0.00391357,0.00391357,0.00391357,Uniaxial,0.7315000295639038
1.9135888260448455e-28,127170.796875,2442.1298828125,0.0,0.9087399840354919,1.7425644260882223e-10,-0.00550125,0.003926432,0.003926432,-2.012762e-19,2.0572313e-19,8.406802e-20,-0.0042985473,0.0036858916,0.0036858916,-1.02330494e-19,1.0576852e-19,2.6854386e-20,1015267.5,-1015267.5,-1015267.5,1015267.5,1015267.5,-1015267.5,-1015267.5,1015267.5,1.5792592e-10,2.5286533e-11,0.0,0.0,2.2969096e-10,9.7051575e-11,0.0,0.0,-1.6081202e-10,-1.1704215e-11,7.5819524e-11,-7.3288285e-11,0.0,0.0,0.0,0.0,-4061070.0,-5.0995497e-10,1.69985e-10,-1.3920919e-10,1.4062863e-10,8.049529e-11,0.0,-0.00550125,-0.00550125,0.0,0.0,-0.00550125,-0.00550125,0.0,0.0,0.0,0.003926432,0.003926432,0.0,0.0,0.003926432,0.003926432,-0.0,-0.0,-0.0,-0.0,0.003926432,0.003926432,0.003926432,0.003926432,Uniaxial,0.7335000038146973
1.742732719552827e-28,127231.7109375,2442.1298828125,0.0,0.9087399840354919,1.7425644260882223e-10,-0.00551625,0.0039392943,0.0039392943,-2.0297027e-19,2.0784071e-19,8.915022e-20,-0.004313547,0.0036987537,0.0036987537,-1.0423657e-19,1.0770173e-19,2.8034243e-20,1015267.5,-1015267.5,-1015267.5,1015267.5,1015267.5,-1015267.5,-1015267.5,1015267.5,1.5647877e-10,2.3988528e-11,0.0,0.0,2.3098896e-10,9.849872e-11,0.0,0.0,1.5614897e-11,1.6485241e-10,2.3936259e-10,9.012509e-11,0.0,0.0,0.0,0.0,-4061070.0,-5.0995497e-10,-5.0995497e-10,-1.3891091e-10,1.4088804e-10,8.5985594e-11,1e-45,-0.00551625,-0.00551625,1e-45,1e-45,-0.00551625,-0.00551625,1e-45,0.0,0.0,0.0039392943,0.0039392943,0.0,0.0,0.0039392943,0.0039392943,0.0,0.0,0.0,0.0,0.0039392943,0.0039392943,0.0039392943,0.0039392943,Uniaxial,0.7354999780654907
2.152787399207796e-28,127292.625,2442.1298828125,0.0,0.9087399840354919,1.7425644260882223e-10,-0.00553125,0.0039521563,0.0039521563,-2.038173e-19,2.1038181e-19,9.0844284e-20,-0.0043285475,0.0037116157,0.0037116157,-1.0612259e-19,1.0964643e-19,2.922384e-20,1015267.5,-1015267.5,-1015267.5,1015267.5,1015267.5,-1015267.5,-1015267.5,1015267.5,-1.4049103e-11,-1.4580846e-10,0.0,0.0,6.081596e-11,-7.09434e-11,0.0,0.0,-1.70516e-10,-2.085896e-11,8.5523505e-11,-6.413354e-11,0.0,0.0,0.0,0.0,-4061070.0,1.69985e-10,1.69985e-10,-1.3744914e-10,1.417271e-10,8.6695345e-11,-1e-45,-0.00553125,-0.00553125,-1e-45,-1e-45,-0.00553125,-0.00553125,-1e-45,0.0,-0.0,0.0039521563,0.0039521563,0.0,-0.0,0.0039521563,0.0039521563,-0.0,-0.0,0.0,0.0,0.0039521563,0.0039521563,0.0039521563,0.0039521563,Uniaxial,0.737500011920929
2.323643626070436e-28,127353.546875,2442.1298828125,0.0,0.9087399840354919,1.7425644260882223e-10,-0.00554625,0.0039650183,0.0039650183,-2.038173e-19,2.1461697e-19,9.253835e-20,-0.0043435474,0.003724478,0.003724478,-1.0797288e-19,1.1163454e-19,3.042299e-20,1015267.5,-1015267.5,-1015267.5,1015267.5,1015267.5,-1015267.5,-1015267.5,1015267.5,1.1261476e-10,-1.7842988e-11,0.0,0.0,1.8782799e-10,5.7370237e-11,0.0,0.0,-3.611235e-11,1.3088412e-10,2.0609735e-10,3.9100875e-11,0.0,0.0,0.0,0.0,-4061070.0,-3.3997e-10,-3.3997e-10,-1.3484591e-10,1.4488856e-10,8.7391656e-11,1e-45,-0.00554625,-0.00554625,1e-45,1e-45,-0.00554625,-0.00554625,1e-45,0.0,0.0,0.0039650183,0.0039650183,0.0,0.0,0.0039650183,0.0039650183,0.0,0.0,0.0,0.0,0.0039650183,0.0039650183,0.0039650183,0.0039650183,Uniaxial,0.7394999861717224
2.152787399207796e-28,127414.4609375,2442.1298828125,0.0,0.9087399840354919,1.7425644260882223e-10,-0.00556125,0.0039778803,0.0039778803,-2.0297027e-19,2.230873e-19,9.211483e-20,-0.0043585473,0.00373734,0.00373734,-1.0977209e-19,1.137454e-19,3.1591404e-20,1015267.5,-1015267.5,-1015267.5,1015267.5,1015267.5,-1015267.5,-1015267.5,1015267.5,1.1224393e-10,-1.6352288e-11,0.0,0.0,1.8633728e-10,5.774107e-11,0.0,0.0,1.243164e-10,2.8002783e-10,3.8563858e-10,2.2992716e-10,0.0,0.0,0.0,0.0,-4061070.0,-3.3997e-10,-1.0199099e-09,-1.3112285e-10,1.5383585e-10,8.515192e-11,1e-45,-0.00556125,-0.00556125,1e-45,1e-45,-0.00556125,-0.00556125,1e-45,0.0,0.0,0.0039778803,0.0039778803,0.0,0.0,0.0039778803,0.0039778803,0.0,0.0,0.0,0.0,0.0039778803,0.0039778803,0.0039778803,0.0039778803,Uniaxial,0.7415000200271606
2.221129986249349e-28,127475.375,2442.1298828125,0.0,0.9087399840354919,1.7425644260882223e-10,-0.00557625,0.0039907424,0.0039907424,-2.0212324e-19,2.2901653e-19,9.042077e-20,-0.004373547,0.003750202,0.003750202,-1.1152119e-19,1.1592859e-19,3.2705607e-20,1015267.5,-1015267.5,-1015267.5,1015267.5,1015267.5,-1015267.5,-1015267.5,1015267.5,1.1231854e-10,-1.4451394e-11,0.0,0.0,1.844364e-10,5.766645e-11,0.0,0.0,-4.599843e-11,1.2810689e-10,2.1598343e-10,4.1878112e-11,0.0,0.0,0.0,0.0,-4061070.0,-3.3997e-10,-3.3997e-10,-1.274703e-10,1.5910626e-10,8.12009e-11,1e-45,-0.00557625,-0.00557625,1e-45,1e-45,-0.00557625,-0.00557625,1e-45,0.0,0.0,0.0039907424,0.0039907424,0.0,0.0,0.0039907424,0.0039907424,0.0,0.0,0.0,0.0,0.0039907424,0.0039907424,0.0039907424,0.0039907424,Uniaxial,0.7434999942779541
2.8020407723963365e-28,127536.2890625,2442.1298828125,0.0,0.9087399840354919,1.7425644260882223e-10,-0.00559125,0.004003605,0.004003605,-2.012762e-19,2.3918093e-19,9.12678e-20,-0.0043885475,0.0037630643,0.0037630643,-1.1322111e-19,1.1826294e-19,3.3814752e-20,1015267.5,-1015267.5,-1015267.5,1015267.5,1015267.5,-1015267.5,-1015267.5,1015267.5,7.6897995e-11,-6.3838955e-11,0.0,0.0,1.4883146e-10,8.094505e-12,0.0,0.0,5.2090884e-11,2.4746305e-10,2.878791e-10,9.2506953e-11,0.0,0.0,0.0,0.0,-4061070.0,-1.69985e-10,-6.7994e-10,-1.2388691e-10,1.7012254e-10,8.083213e-11,0.0,-0.00559125,-0.00559125,0.0,0.0,-0.00559125,-0.00559125,0.0,0.0,0.0,0.004003605,0.004003605,0.0,0.0,0.004003605,0.004003605,0.0,0.0,0.0,0.0,0.004003605,0.004003605,0.004003605,0.004003605,Uniaxial,0.7455000281333923
3.00706805203851e-28,127597.2109375,2442.1298828125,0.0,0.9087399840354919,1.7425644260882223e-10,-0.00560625,0.004016467,0.004016467,-2.0551137e-19,2.5315697e-19,9.0844284e-20,-0.0044035474,0.0037759263,0.0037759263,-1.1496904e-19,1.2081777e-19,3.4894866e-20,1015267.5,-1015267.5,-1015267.5,1015267.5,1015267.5,-1015267.5,-1015267.5,1015267.5,-1.4570145e-11,-1.5705677e-10,0.0,0.0,7.2064264e-11,-7.0422355e-11,0.0,0.0,4.0723213e-11,2.4412977e-10,2.9924677e-10,9.584023e-11,0.0,0.0,0.0,0.0,-4061070.0,1.69985e-10,-6.7994e-10,-1.2738625e-10,1.8619133e-10,7.871664e-11,3e-45,-0.00560625,-0.00560625,3e-45,3e-45,-0.00560625,-0.00560625,3e-45,-0.0,-0.0,0.004016467,0.004016467,-0.0,-0.0,0.004016467,0.004016467,0.0,0.0,0.0,0.0,0.004016467,0.004016467,0.004016467,0.004016467,Uniaxial,0.7475000023841858
3.00706805203851e-28,127658.125,2442.1298828125,0.0,0.9087399840354919,1.7425645648661003e-10,-0.00562125,0.004029329,0.004029329,-2.1186412e-19,2.692506e-19,9.12678e-20,-0.0044185473,0.0037887883,0.0037887883,-1.168042e-19,1.2362903e-19,3.5962546e-20,1015267.5,-1015267.5,-1015267.5,1015267.5,1015267.5,-1015267.5,-1015267.5,1015267.5,-3.9492146e-11,-1.8515672e-10,0.0,0.0,1.5171727e-11,-1.3049285e-10,0.0,0.0,-2.3445823e-10,-2.1708031e-11,6.447323e-11,-1.4827696e-10,0.0,0.0,0.0,0.0,-4061070.0,3.3997e-10,3.3997e-10,-1.3374218e-10,2.0487863e-10,7.781035e-11,-1e-45,-0.00562125,-0.00562125,-1e-45,-1e-45,-0.00562125,-0.00562125,-1e-45,-0.0,-0.0,0.004029329,0.004029329,-0.0,-0.0,0.004029329,0.004029329,-0.0,-0.0,-0.0,-0.0,0.004029329,0.004029329,0.004029329,0.004029329,Uniaxial,0.7494999766349792
3.10958193260084e-28,127719.0390625,2442.1298828125,0.0,0.9087399840354919,1.7425645648661003e-10,-0.00563625,0.004042191,0.004042191,-2.190639e-19,2.849207e-19,8.9573734e-20,-0.004433547,0.0038016506,0.0038016506,-1.1874095e-19,1.2668382e-19,3.6977917e-20,1015267.5,-1015267.5,-1015267.5,1015267.5,1015267.5,-1015267.5,-1015267.5,1015267.5,-1.7829778e-11,-1.671967e-10,0.0,0.0,8.22042e-11,-6.716272e-11,0.0,0.0,-1.7968749e-10,2.6178412e-11,9.4694995e-11,-1.1117091e-10,0.0,0.0,0.0,0.0,-4061070.0,1.69985e-10,1.69985e-10,-1.4114686e-10,2.2262743e-10,7.399837e-11,1e-45,-0.00563625,-0.00563625,1e-45,1e-45,-0.00563625,-0.00563625,1e-45,-0.0,-0.0,0.004042191,0.004042191,-0.0,-0.0,0.004042191,0.004042191,-0.0,-0.0,0.0,0.0,0.004042191,0.004042191,0.004042191,0.004042191,Uniaxial,0.7515000104904175
2.7336984260960263e-28,127779.953125,2442.1298828125,0.0,0.9087399840354919,1.7425647036439784e-10,-0.00565125,0.004055053,0.004055053,-2.271107e-19,2.9550862e-19,8.999725e-20,-0.0044485475,0.0038145126,0.0038145126,-1.2079343e-19,1.2988129e-19,3.7982082e-20,1015267.5,-1015267.5,-1015267.5,1015267.5,1015267.5,-1015267.5,-1015267.5,1015267.5,1.6000246e-11,-1.5334216e-10,0.0,0.0,6.8349666e-11,-1.0099274e-10,0.0,0.0,-1.8996206e-10,5.3440464e-12,1.0496956e-10,-9.0336544e-11,0.0,0.0,0.0,0.0,-4061070.0,1.69985e-10,1.69985e-10,-1.4958045e-10,2.3302524e-10,7.318144e-11,-4e-45,-0.00565125,-0.00565125,-4e-45,-3e-45,-0.00565125,-0.00565125,-3e-45,-0.0,-0.0,0.004055053,0.004055053,-0.0,-0.0,0.004055053,0.004055053,-0.0,-0.0,-0.0,-0.0,0.004055053,0.004055053,0.004055053,0.004055053,Uniaxial,0.7534999847412109
2.7336984260960263e-28,127840.875,2442.1298828125,0.0,0.9087399840354919,1.7425647036439784e-10,-0.00566625,0.004067915,0.004067915,-2.3939269e-19,2.9847323e-19,9.2961866e-20,-0.0044635474,0.0038273747,0.0038273747,-1.2303964e-19,1.3307435e-19,3.9023376e-20,1015267.5,-1015267.5,-1015267.5,1015267.5,1015267.5,-1015267.5,-1015267.5,1015267.5,-6.613886e-11,-2.4254104e-10,0.0,0.0,-1.2436451e-11,-1.8883864e-10,0.0,0.0,-2.755507e-10,-8.0405294e-11,2.0573203e-11,-1.745722e-10,0.0,0.0,0.0,0.0,-4061070.0,5.0995497e-10,5.0995497e-10,-1.637e-10,2.3270383e-10,7.5887414e-11,-0.0,-0.00566625,-0.00566625,-0.0,-0.0,-0.00566625,-0.00566625,-0.0,-0.0,-0.0,0.004067915,0.004067915,-0.0,-0.0,0.004067915,0.004067915,-0.0,-0.0,-0.0,-0.0,0.004067915,0.004067915,0.004067915,0.004067915,Uniaxial,0.7555000185966492
2.494499612191833e-28,127901.7890625,2442.1298828125,0.0,0.9087399840354919,1.7425648424218565e-10,-0.00568125,0.0040807775,0.0040807775,-2.525217e-19,2.976262e-19,9.507945e-20,-0.0044785473,0.0038402367,0.0038402367,-1.2549198e-19,1.3619089e-19,4.0085053e-20,1015267.5,-1015267.5,-1015267.5,1015267.5,1015267.5,-1015267.5,-1015267.5,1015267.5,-3.6017377e-11,-2.1993021e-10,0.0,0.0,4.994521e-11,-1.3396761e-10,0.0,0.0,-2.0839368e-10,-1.6036507e-11,3.8408686e-11,-1.5394849e-10,0.0,0.0,0.0,0.0,-4061070.0,3.3997e-10,3.3997e-10,-1.7872129e-10,2.2712737e-10,7.737299e-11,-1e-45,-0.00568125,-0.00568125,-1e-45,-1e-45,-0.00568125,-0.00568125,-1e-45,0.0,0.0,0.0040807775,0.0040807775,0.0,0.0,0.0040807775,0.0040807775,-0.0,-0.0,-0.0,-0.0,0.0040807775,0.0040807775,0.0040807775,0.0040807775,Uniaxial,0.7574999928474426
2.494499612191833e-28,127962.703125,2442.1298828125,0.0,0.9087399840354919,1.7425648424218565e-10,-0.00569625,0.0040936396,0.0040936396,-2.656507e-19,2.921205e-19,9.211483e-20,-0.004493547,0.003853099,0.003853099,-1.2814652e-19,1.3914414e-19,4.1070474e-20,1015267.5,-1015267.5,-1015267.5,1015267.5,1015267.5,-1015267.5,-1015267.5,1015267.5,-7.344008e-11,-2.647213e-10,0.0,0.0,9.7438065e-12,-1.8153741e-10,0.0,0.0,-2.465253e-10,-6.011868e-11,-8.452193e-12,-1.9485881e-10,0.0,0.0,0.0,0.0,-4061070.0,5.0995497e-10,5.0995497e-10,-1.9345807e-10,2.1522625e-10,7.181558e-11,-0.0,-0.00569625,-0.00569625,-0.0,-0.0,-0.00569625,-0.00569625,-0.0,-0.0,-0.0,0.0040936396,0.0040936396,-0.0,-0.0,0.0040936396,0.0040936396,-0.0,-0.0,-0.0,-0.0,0.0040936396,0.0040936396,0.0040936396,0.0040936396,Uniaxial,0.7595000267028809
2.323643626070436e-28,128023.6171875,2442.1298828125,0.0,0.9087399840354919,1.7425648424218565e-10,-0.00571125,0.0041065016,0.0041065016,-2.7708565e-19,2.8407367e-19,8.7032635e-20,-0.0045085475,0.003865961,0.003865961,-1.3096736e-19,1.4188903e-19,4.1940978e-20,1015267.5,-1015267.5,-1015267.5,1015267.5,1015267.5,-1015267.5,-1015267.5,1015267.5,5.697166e-12,-1.9164376e-10,0.0,0.0,2.1658758e-11,-1.7568216e-10,0.0,0.0,-2.0601887e-10,-2.7203816e-11,3.603387e-11,-1.4278118e-10,0.0,0.0,0.0,0.0,-4061070.0,3.3997e-10,3.3997e-10,-2.0557747e-10,2.0004312e-10,6.344058e-11,-1e-45,-0.00571125,-0.00571125,-1e-45,-1e-45,-0.00571125,-0.00571125,-1e-45,-0.0,-0.0,0.0041065016,0.0041065016,-0.0,-0.0,0.0041065016,0.0041065016,-0.0,0.0,0.0,-0.0,0.0041065016,0.0041065016,0.0041065016,0.0041065016,Uniaxial,0.7615000009536743
2.221129986249349e-28,128084.5390625,2442.1298828125,0.0,0.9087399840354919,1.7425649811997346e-10,-0.00572625,0.0041193636,0.0041193636,-2.8682653e-19,2.747563e-19,8.322099e-20,-0.0045235474,0.003878823,0.003878823,-1.3391927e-19,1.4440548e-19,4.2722803e-20,1015267.5,-1015267.5,-1015267.5,1015267.5,1015267.5,-1015267.5,-1015267.5,1015267.5,1.6392702e-10,-3.818968e-11,0.0,0.0,2.0817467e-10,6.0579697e-12,0.0,0.0,-2.3485777e-10,-6.4367366e-11,-2.0119718e-11,-1.9061012e-10,0.0,0.0,0.0,0.0,-4061070.0,-3.3997e-10,5.0995497e-10,-2.1512904e-10,1.8339384e-10,5.6977905e-11,-0.0,-0.00572625,-0.00572625,-0.0,-0.0,-0.00572625,-0.00572625,-0.0,0.0,0.0,0.0041193636,0.0041193636,0.0,0.0,0.0041193636,0.0041193636,-0.0,-0.0,-0.0,-0.0,0.0041193636,0.0041193636,0.0041193636,0.0041193636,Uniaxial,0.7634999752044678
2.8020407723963365e-28,128145.453125,2442.1298828125,0.0,0.9087399840354919,1.7425649811997346e-10,-0.00574125,0.0041322256,0.0041322256,-2.940263e-19,2.6459192e-19,7.9832855e-20,-0.0045385472,0.0038916853,0.0038916853,-1.3695163e-19,1.4668177e-19,4.3425654e-20,1015267.5,-1015267.5,-1015267.5,1015267.5,1015267.5,-1015267.5,-1015267.5,1015267.5,6.608057e-11,-1.3896777e-10,0.0,0.0,1.3896777e-10,-6.608057e-11,0.0,0.0,-9.3674984e-11,8.3822574e-11,9.3674984e-11,-8.3822574e-11,0.0,0.0,0.0,0.0,-4061070.0,0.0,0.0,-2.209923e-10,1.6589075e-10,5.1222204e-11,-1e-45,-0.00574125,-0.00574125,-1e-45,-1e-45,-0.00574125,-0.00574125,-1e-45,0.0,0.0,0.0041322256,0.0041322256,0.0,0.0,0.0041322256,0.0041322256,-0.0,-0.0,-0.0,-0.0,0.0041322256,0.0041322256,0.0041322256,0.0041322256,Uniaxial,0.765500009059906
2.8020407723963365e-28,128206.3671875,2442.1298828125,0.0,0.9087399840354919,1.7425649811997346e-10,-0.00575625,0.0041450877,0.0041450877,-2.98685e-19,2.5823917e-19,7.2633075e-20,-0.004553547,0.0039045473,0.0039045473,-1.400148e-19,1.4879462e-19,4.3978828e-20,1015267.5,-1015267.5,-1015267.5,1015267.5,1015267.5,-1015267.5,-1015267.5,1015267.5,1.9685746e-10,-9.313254e-12,0.0,0.0,2.6429076e-10,5.8120026e-11,0.0,0.0,-1.3046665e-10,4.107567e-11,4.547416e-11,-1.2606817e-10,0.0,0.0,0.0,0.0,-4061070.0,-5.0995497e-10,1.69985e-10,-2.2323707e-10,1.5398029e-10,4.0314377e-11,3e-45,-0.00575625,-0.00575625,3e-45,3e-45,-0.00575625,-0.00575625,3e-45,0.0,0.0,0.0041450877,0.0041450877,0.0,0.0,0.0041450877,0.0041450877,0.0,0.0,0.0,0.0,0.0041450877,0.0041450877,0.0041450877,0.0041450877,Uniaxial,0.7674999833106995
3.5879790789267407e-28,128267.28125,2442.1298828125,0.0,0.9087399840354919,1.7425649811997346e-10,-0.00577125,0.00415795,0.00415795,-3.0080258e-19,2.5485104e-19,6.500978e-20,-0.0045685475,0.0039174096,0.0039174096,-1.4306005e-19,1.5080327e-19,4.4377144e-20,1015267.5,-1015267.5,-1015267.5,1015267.5,1015267.5,-1015267.5,-1015267.5,1015267.5,2.4662872e-10,4.111058e-11,0.0,0.0,2.1386691e-10,8.348771e-12,0.0,0.0,4.841267e-12,1.8834585e-10,2.5013622e-10,6.6631645e-11,0.0,0.0,0.0,0.0,-4061070.0,-5.0995497e-10,-5.0995497e-10,-2.219319e-10,1.463874e-10,2.9028568e-11,1e-45,-0.00577125,-0.00577125,1e-45,1e-45,-0.00577125,-0.00577125,1e-45,0.0,0.0,0.00415795,0.00415795,0.0,0.0,0.00415795,0.00415795,0.0,0.0,0.0,0.0,0.00415795,0.00415795,0.00415795,0.00415795,Uniaxial,0.7695000171661377
3.724664012268604e-28,128328.203125,2442.1298828125,0.0,0.9087399840354919,1.7425649811997346e-10,-0.00578625,0.004170812,0.004170812,-3.0080258e-19,2.590862e-19,5.9504065e-20,-0.0045835474,0.0039302716,0.0039302716,-1.4604762e-19,1.5285411e-19,4.4663643e-20,1015267.5,-1015267.5,-1015267.5,1015267.5,1015267.5,-1015267.5,-1015267.5,1015267.5,1.5784286e-10,-4.5573635e-11,0.0,0.0,2.1555863e-10,1.2142138e-11,0.0,0.0,-1.9061228e-10,1.0187601e-11,2.0627281e-11,-1.801726e-10,0.0,0.0,0.0,0.0,-4061070.0,-3.3997e-10,3.3997e-10,-2.1772861e-10,1.4946058e-10,2.0879359e-11,-0.0,-0.00578625,-0.00578625,-0.0,-0.0,-0.00578625,-0.00578625,-0.0,0.0,0.0,0.004170812,0.004170812,-0.0,-0.0,0.004170812,0.004170812,-0.0,-0.0,-0.0,0.0,0.004170812,0.004170812,0.004170812,0.004170812,Uniaxial,0.7714999914169312
3.451294145584877e-28,128389.1171875,2442.1298828125,0.0,0.9087399840354919,1.7425649811997346e-10,-0.00580125,0.004183674,0.004183674,-2.991085e-19,2.717917e-19,5.399835e-20,-0.0045985472,0.0039431336,0.0039431336,-1.4894654e-19,1.5510673e-19,4.484044e-20,1015267.5,-1015267.5,-1015267.5,1015267.5,1015267.5,-1015267.5,-1015267.5,1015267.5,8.899228e-11,-1.1119323e-10,0.0,0.0,1.1119323e-10,-8.899228e-11,0.0,0.0,-1.07297664e-10,1.00855414e-10,1.07297664e-10,-1.00855414e-10,0.0,0.0,0.0,0.0,-4061070.0,0.0,0.0,-2.1126664e-10,1.6416699e-10,1.2884495e-11,-1e-45,-0.00580125,-0.00580125,-1e-45,-1e-45,-0.00580125,-0.00580125,-1e-45,-0.0,-0.0,0.004183674,0.004183674,0.0,0.0,0.004183674,0.004183674,0.0,0.0,-0.0,-0.0,0.004183674,0.004183674,0.004183674,0.004183674,Uniaxial,0.7735000252723694
3.553807785405964e-28,128450.03125,2442.1298828125,0.0,0.9087399840354919,1.7425649811997346e-10,-0.00581625,0.0041965363,0.0041965363,-2.965674e-19,2.895794e-19,5.27278e-20,-0.004613547,0.0039559957,0.0039559957,-1.517424e-19,1.576536e-19,4.498982e-20,1015267.5,-1015267.5,-1015267.5,1015267.5,1015267.5,-1015267.5,-1015267.5,1015267.5,1.3011078e-10,-6.632036e-11,0.0,0.0,1.5131287e-10,-4.5118288e-11,0.0,0.0,-9.330071e-11,1.0981503e-10,1.782932e-10,-2.4822535e-11,0.0,0.0,0.0,0.0,-4061070.0,-1.69985e-10,-1.69985e-10,-2.0375791e-10,1.8560971e-10,1.0886756e-11,0.0,-0.00581625,-0.00581625,0.0,0.0,-0.00581625,-0.00581625,0.0,-0.0,-0.0,0.0041965363,0.0041965363,-0.0,-0.0,0.0041965363,0.0041965363,-0.0,-0.0,-0.0,-0.0,0.0041965363,0.0041965363,0.0041965363,0.0041965363,Uniaxial,0.7754999995231628
3.3146092122430137e-28,128510.9453125,2442.1298828125,0.0,0.9087399840354919,1.7425649811997346e-10,-0.00583125,0.0042093983,0.0042093983,-2.936028e-19,3.0609653e-19,5.2304284e-20,-0.0046285475,0.0039688577,0.0039688577,-1.5442918e-19,1.6046504e-19,4.5128354e-20,1015267.5,-1015267.5,-1015267.5,1015267.5,1015267.5,-1015267.5,-1015267.5,1015267.5,7.006576e-11,-1.2238985e-10,0.0,0.0,1.2238985e-10,-7.006576e-11,0.0,0.0,-2.8676694e-10,-7.400976e-11,-5.3203057e-11,-2.6596023e-10,0.0,0.0,0.0,0.0,-4061070.0,0.0,6.7994e-10,-1.9580684e-10,2.0489259e-10,1.0095995e-11,0.0,-0.00583125,-0.00583125,0.0,0.0,-0.00583125,-0.00583125,0.0,0.0,0.0,0.0042093983,0.0042093983,0.0,0.0,0.0042093983,0.0042093983,0.0,0.0,0.0,0.0,0.0042093983,0.0042093983,0.0042093983,0.0042093983,Uniaxial,0.7774999737739563
3.5879790789267407e-28,128571.8671875,2442.1298828125,0.0,0.9087399840354919,1.7425649811997346e-10,-0.00584625,0.0042222603,0.0042222603,-2.9063818e-19,3.230372e-19,5.52689e-20,-0.0046435473,0.0039817197,0.0039817197,-1.5700892e-19,1.6354409e-19,4.532041e-20,1015267.5,-1015267.5,-1015267.5,1015267.5,1015267.5,-1015267.5,-1015267.5,1015267.5,4.040289e-11,-1.4815248e-10,0.0,0.0,6.315997e-11,-1.2539539e-10,0.0,0.0,-1.8088764e-10,5.737936e-11,9.5895146e-11,-1.4237186e-10,0.0,0.0,0.0,0.0,-4061070.0,1.69985e-10,1.69985e-10,-1.8800635e-10,2.2439484e-10,1.3996776e-11,1e-45,-0.00584625,-0.00584625,1e-45,1e-45,-0.00584625,-0.00584625,1e-45,-0.0,-0.0,0.0042222603,0.0042222603,0.0,0.0,0.0042222603,0.0042222603,0.0,0.0,-0.0,-0.0,0.0042222603,0.0042222603,0.0042222603,0.0042222603,Uniaxial,0.7795000076293945
2.9387257057382e-28,128632.78125,2442.1298828125,0.0,0.9087399840354919,1.7425649811997346e-10,-0.00586125,0.004235123,0.004235123,-2.885206e-19,3.4294246e-19,6.331571e-20,-0.004658547,0.003994582,0.003994582,-1.5949969e-19,1.6694181e-19,4.5661236e-20,1015267.5,-1015267.5,-1015267.5,1015267.5,1015267.5,-1015267.5,-1015267.5,1015267.5,-1.071759e-10,-2.7673075e-10,0.0,0.0,-6.323924e-11,-2.3279409e-10,0.0,0.0,-1.390287e-10,9.5092045e-11,1.390287e-10,-9.5092045e-11,0.0,0.0,0.0,0.0,-4061070.0,6.7994e-10,0.0,-1.8152273e-10,2.4761973e-10,2.4838525e-11,-1e-45,-0.00586125,-0.00586125,-1e-45,-1e-45,-0.00586125,-0.00586125,-1e-45,0.0,0.0,0.004235123,0.004235123,0.0,0.0,0.004235123,0.004235123,0.0,0.0,0.0,0.0,0.004235123,0.004235123,0.004235123,0.004235123,Uniaxial,0.781499981880188
3.00706805203851e-28,128693.6953125,2442.1298828125,0.0,0.9087399840354919,1.7425649811997346e-10,-0.00587625,0.004247985,0.004247985,-2.8301488e-19,3.5734202e-19,7.093901e-20,-0.004673547,0.0040074443,0.0040074443,-1.6183902e-19,1.705479e-19,4.6139986e-20,1015267.5,-1015267.5,-1015267.5,1015267.5,1015267.5,-1015267.5,-1015267.5,1015267.5,9.2153694e-11,-7.188247e-11,0.0,0.0,1.5687497e-10,-7.161195e-12,0.0,0.0,-9.496246e-11,1.4675108e-10,1.7995495e-10,-6.175858e-11,0.0,0.0,0.0,0.0,-4061070.0,-1.69985e-10,-1.69985e-10,-1.7048535e-10,2.628053e-10,3.4890365e-11,0.0,-0.00587625,-0.00587625,0.0,0.0,-0.00587625,-0.00587625,0.0,-0.0,-0.0,0.004247985,0.004247985,-0.0,-0.0,0.004247985,0.004247985,-0.0,-0.0,-0.0,-0.0,0.004247985,0.004247985,0.004247985,0.004247985,Uniaxial,0.7835000157356262
2.221129986249349e-28,128754.609375,2442.1298828125,0.0,0.9087399840354919,1.7425649811997346e-10,-0.00589125,0.004260847,0.004260847,-2.7708565e-19,3.6792994e-19,7.940934e-20,-0.0046885475,0.0040203063,0.0040203063,-1.6402175e-19,1.7428624e-19,4.6770094e-20,1015267.5,-1015267.5,-1015267.5,1015267.5,1015267.5,-1015267.5,-1015267.5,1015267.5,8.6542815e-11,-5.60282e-11,0.0,0.0,1.410207e-10,-1.5503165e-12,0.0,0.0,-1.0800867e-10,1.2276459e-10,1.9300117e-10,-3.7772094e-11,0.0,0.0,0.0,0.0,-4061070.0,-1.69985e-10,-1.69985e-10,-1.5907244e-10,2.7244215e-10,4.5920972e-11,-1e-45,-0.00589125,-0.00589125,-1e-45,-1e-45,-0.00589125,-0.00589125,-1e-45,-0.0,-0.0,0.004260847,0.004260847,-0.0,-0.0,0.004260847,0.004260847,-0.0,-0.0,-0.0,-0.0,0.004260847,0.004260847,0.004260847,0.004260847,Uniaxial,0.7854999899864197
2.221129986249349e-28,128815.53125,2442.1298828125,0.0,0.9087399840354919,1.7425649811997346e-10,-0.00590625,0.004273709,0.004273709,-2.677683e-19,3.69624e-19,8.8303185e-20,-0.0047035473,0.0040331683,0.0040331683,-1.6598666e-19,1.7798585e-19,4.755671e-20,1015267.5,-1015267.5,-1015267.5,1015267.5,1015267.5,-1015267.5,-1015267.5,1015267.5,-1.7525457e-10,-3.0988892e-10,0.0,0.0,-1.1507356e-10,-2.4970792e-10,0.0,0.0,-1.5265107e-10,7.6711366e-11,1.5265107e-10,-7.6711366e-11,0.0,0.0,0.0,0.0,-4061070.0,8.4992496e-10,0.0,-1.4319912e-10,2.696205e-10,5.732723e-11,1e-45,-0.00590625,-0.00590625,1e-45,1e-45,-0.00590625,-0.00590625,1e-45,0.0,0.0,0.004273709,0.004273709,0.0,0.0,0.004273709,0.004273709,0.0,0.0,0.0,0.0,0.004273709,0.004273709,0.004273709,0.004273709,Uniaxial,0.7875000238418579
2.221129986249349e-28,128876.4453125,2442.1298828125,0.0,0.9087399840354919,1.7425649811997346e-10,-0.00592125,0.004286571,0.004286571,-2.5845093e-19,3.670829e-19,9.931461e-20,-0.004718547,0.0040460303,0.0040460303,-1.677379e-19,1.8156727e-19,4.8536984e-20,1015267.5,-1015267.5,-1015267.5,1015267.5,1015267.5,-1015267.5,-1015267.5,1015267.5,7.230148e-11,-5.4546534e-11,0.0,0.0,1.3953903e-10,1.269102e-11,0.0,0.0,-1.1152961e-10,1.1352586e-10,1.9652212e-10,-2.8533365e-11,0.0,0.0,0.0,0.0,-4061070.0,-1.69985e-10,-1.69985e-10,-1.2762644e-10,2.6100658e-10,7.144031e-11,0.0,-0.00592125,-0.00592125,0.0,0.0,-0.00592125,-0.00592125,0.0,0.0,0.0,0.004286571,0.004286571,0.0,0.0,0.004286571,0.004286571,0.0,0.0,0.0,0.0,0.004286571,0.004286571,0.004286571,0.004286571,Uniaxial,0.7894999980926514
3.3487805057637904e-28,128937.359375,2442.1298828125,0.0,0.9087399840354919,1.7425649811997346e-10,-0.00593625,0.004299433,0.004299433,-2.499806e-19,3.6030664e-19,1.0863198e-19,-0.004733547,0.0040588924,0.0040588924,-1.6929553e-19,1.8495252e-19,4.967516e-20,1015267.5,-1015267.5,-1015267.5,1015267.5,1015267.5,-1015267.5,-1015267.5,1015267.5,5.80181e-11,-7.7534305e-11,0.0,0.0,1.625268e-10,2.6974397e-11,0.0,0.0,5.915263e-11,2.9281855e-10,3.6580985e-10,1.3214393e-10,0.0,0.0,0.0,0.0,-4061070.0,-1.69985e-10,-8.4992496e-10,-1.13517834e-10,2.467101e-10,8.294782e-11,1e-45,-0.00593625,-0.00593625,1e-45,1e-45,-0.00593625,-0.00593625,1e-45,0.0,0.0,0.004299433,0.004299433,0.0,0.0,0.004299433,0.004299433,0.0,0.0,0.0,0.0,0.004299433,0.004299433,0.004299433,0.004299433,Uniaxial,0.7914999723434448
3.00706805203851e-28,128998.2734375,2442.1298828125,0.0,0.9087399840354919,1.7425649811997346e-10,-0.00595125,0.004312295,0.004312295,-2.474395e-19,3.543774e-19,1.1498472e-19,-0.0047485474,0.004071755,0.004071755,-1.7077555e-19,1.8816136e-19,5.0912094e-20,1015267.5,-1015267.5,-1015267.5,1015267.5,1015267.5,-1015267.5,-1015267.5,1015267.5,1.476762e-10,1.4952501e-11,0.0,0.0,2.40025e-10,1.07301286e-10,0.0,0.0,-1.6545772e-11,2.1069188e-10,2.7152328e-10,4.428562e-11,0.0,0.0,0.0,0.0,-4061070.0,-5.0995497e-10,-5.0995497e-10,-1.07860436e-10,2.3385352e-10,9.0145384e-11,-1e-45,-0.00595125,-0.00595125,-1e-45,-1e-45,-0.00595125,-0.00595125,-1e-45,-0.0,-0.0,0.004312295,0.004312295,-0.0,-0.0,0.004312295,0.004312295,0.0,0.0,-0.0,-0.0,0.004312295,0.004312295,0.004312295,0.004312295,Uniaxial,0.7935000061988831
2.221129986249349e-28,129059.1953125,2442.1298828125,0.0,0.9087399840354919,1.7425649811997346e-10,-0.00596625,0.0043251575,0.0043251575,-2.4871005e-19,3.4802466e-19,1.1921989e-19,-0.0047635473,0.004084617,0.004084617,-1.7225159e-19,1.911891e-19,5.2205814e-20,1015267.5,-1015267.5,-1015267.5,1015267.5,1015267.5,-1015267.5,-1015267.5,1015267.5,1.8906558e-10,7.2245133e-11,0.0,0.0,2.6772487e-10,1.5090441e-10,0.0,0.0,2.0335943e-11,2.2521607e-10,3.1963404e-10,1.1475392e-10,0.0,0.0,0.0,0.0,-4061070.0,-6.7994e-10,-6.7994e-10,-1.0757131e-10,2.2065588e-10,9.4283775e-11,4e-45,-0.00596625,-0.00596625,4e-45,4e-45,-0.00596625,-0.00596625,4e-45,0.0,0.0,0.0043251575,0.0043251575,0.0,0.0,0.0043251575,0.0043251575,0.0,0.0,0.0,0.0,0.0043251575,0.0043251575,0.0043251575,0.0043251575,Uniaxial,0.7954999804496765
2.9387257057382e-28,129120.109375,2442.1298828125,0.0,0.9087399840354919,1.7425649811997346e-10,-0.00598125,0.0043380195,0.0043380195,-2.4955708e-19,3.3913082e-19,1.2303154e-19,-0.004778547,0.004097479,0.004097479,-1.7371572e-19,1.9399104e-19,5.3547224e-20,1015267.5,-1015267.5,-1015267.5,1015267.5,1015267.5,-1015267.5,-1015267.5,1015267.5,1.1086652e-10,-2.1278524e-11,0.0,0.0,1.9126352e-10,5.911848e-11,0.0,0.0,-6.141164e-11,1.5099963e-10,2.3139664e-10,1.8985365e-11,0.0,0.0,0.0,0.0,-4061070.0,-3.3997e-10,-3.3997e-10,-1.067031e-10,2.0420077e-10,9.775922e-11,3e-45,-0.00598125,-0.00598125,3e-45,3e-45,-0.00598125,-0.00598125,3e-45,0.0,0.0,0.0043380195,0.0043380195,0.0,0.0,0.0043380195,0.0043380195,0.0,0.0,0.0,0.0,0.0043380195,0.0043380195,0.0043380195,0.0043380195,Uniaxial,0.7975000143051147
2.3578146788499695e-28,129181.0234375,2442.1298828125,0.0,0.9087399840354919,1.7425649811997346e-10,-0.00599625,0.0043508816,0.0043508816,-2.5633335e-19,3.3404862e-19,1.2260802e-19,-0.004793547,0.004110341,0.004110341,-1.7528046e-19,1.9664368e-19,5.4855206e-20,1015267.5,-1015267.5,-1015267.5,1015267.5,1015267.5,-1015267.5,-1015267.5,1015267.5,1.3216679e-10,1.2114343e-11,0.0,0.0,2.4286315e-10,1.228107e-10,0.0,0.0,1.5931608e-11,2.0714302e-10,2.390459e-10,4.7834476e-11,0.0,0.0,0.0,0.0,-4061070.0,-5.0995497e-10,-5.0995497e-10,-1.1403532e-10,1.9331844e-10,9.532313e-11,0.0,-0.00599625,-0.00599625,0.0,0.0,-0.00599625,-0.00599625,0.0,0.0,0.0,0.0043508816,0.0043508816,0.0,0.0,0.0043508816,0.0043508816,0.0,0.0,0.0,0.0,0.0043508816,0.0043508816,0.0043508816,0.0043508816,Uniaxial,0.7994999885559082
2.8703831186966467e-28,129141.59375,2402.695068359375,0.0,0.9087399840354919,1.7425649811997346e-10,-0.0059865,0.0043489314,0.0043489314,-2.4511016e-19,3.2981345e-19,9.105604e-20,-0.004793547,0.004110341,0.004110341,-1.7528046e-19,1.9664368e-19,5.4855206e-20,1007037.0,-1007037.0,-1007037.0,1007037.0,1007037.0,-1007037.0,-1007037.0,1007037.0,1.2042565e-12,-1.1095311e-10,0.0,0.0,8.970498e-11,-2.245238e-11,0.0,0.0,-1.2260773e-10,8.13831e-11,1.2260773e-10,-8.13831e-11,0.0,0.0,0.0,0.0,-4028148.0,4.249625e-11,0.0,-9.824514e-11,1.8735989e-10,5.0931863e-11,3.0063016e-33,-0.0059865,-0.0059865,3.0063016e-33,3.0063016e-33,-0.0059865,-0.0059865,3.0063016e-33,7.515754e-33,7.515754e-33,0.0043489314,0.0043489314,7.515754e-33,7.515754e-33,0.0043489314,0.0043489314,7.515754e-33,7.515754e-33,7.515754e-33,7.515754e-33,0.0043489314,0.0043489314,0.0043489314,0.0043489314,Uniaxial,0.8015000224113464
1.9477599991950006e-28,129069.6328125,2330.7353515625,0.0,0.9087399840354919,1.7425649811997346e-10,-0.0059685,0.0043453313,0.0043453313,-2.6236846e-19,3.7174158e-19,1.2949016e-19,-0.004793547,0.004110341,0.004110341,-1.7528046e-19,1.9664368e-19,5.4855206e-20,991842.2,-991842.2,-991842.2,991842.2,991842.2,-991842.2,-991842.2,991842.2,-1.1093068e-12,-1.2540723e-10,0.0,0.0,8.2910984e-11,-4.1386942e-11,0.0,0.0,-1.429943e-10,7.4732706e-11,1.429943e-10,-7.4732706e-11,0.0,0.0,0.0,0.0,-3967368.8,8.49925e-11,0.0,-1.2252627e-10,2.463496e-10,1.0500579e-10,6.964279e-33,-0.0059685,-0.0059685,6.964279e-33,6.964279e-33,-0.0059685,-0.0059685,6.964279e-33,0.0,0.0,0.0043453313,0.0043453313,0.0,0.0,0.0043453313,0.0043453313,0.0,0.0,0.0,0.0,0.0043453313,0.0043453313,0.0043453313,0.0043453313,Uniaxial,0.8034999966621399
2.562842199233386e-28,128998.765625,2259.86962890625,0.0,0.9087399840354919,1.7425649811997346e-10,-0.0059505,0.0043417313,0.0043417313,-2.661801e-19,3.1700208e-19,9.232659e-20,-0.004793547,0.004110341,0.004110341,-1.7528046e-19,1.9664368e-19,5.4855206e-20,976647.44,-976647.44,-976647.44,976647.44,976647.44,-976647.44,-976647.44,976647.44,8.767139e-11,-3.9307883e-11,0.0,0.0,1.455485e-10,1.856923e-11,0.0,0.0,-8.393156e-11,1.1104695e-10,1.6892406e-10,-2.6054449e-11,0.0,0.0,0.0,0.0,-3906589.8,-2.1248124e-10,-1.69985e-10,-1.2788898e-10,1.6933524e-10,5.2719433e-11,-1e-45,-0.0059505,-0.0059505,-1e-45,-1e-45,-0.0059505,-0.0059505,-1e-45,-0.0,-0.0,0.0043417313,0.0043417313,-0.0,-0.0,0.0043417313,0.0043417313,-0.0,-0.0,0.0,0.0,0.0043417313,0.0043417313,0.0043417313,0.0043417313,Uniaxial,0.8054999709129333
2.597013492754163e-28,128928.9921875,2190.09814453125,0.0,0.9087399840354919,1.7425649811997346e-10,-0.0059325,0.0043381318,0.0043381318,-2.651213e-19,3.6464768e-19,6.575093e-20,-0.004793547,0.004110341,0.004110341,-1.7528046e-19,1.9664368e-19,5.4855206e-20,961452.6,-961452.6,-961452.6,961452.6,961452.6,-961452.6,-961452.6,961452.6,1.678861e-11,-1.0944585e-10,0.0,0.0,2.4453347e-11,-1.0178111e-10,0.0,0.0,-1.4171811e-10,8.677729e-11,1.4171811e-10,-8.677729e-11,0.0,0.0,0.0,0.0,-3845810.5,1.69985e-10,0.0,-1.2639934e-10,2.3636904e-10,1.5329472e-11,1e-45,-0.0059325,-0.0059325,1e-45,1e-45,-0.0059325,-0.0059325,1e-45,0.0,0.0,0.0043381318,0.0043381318,0.0,0.0,0.0043381318,0.0043381318,0.0,-0.0,-0.0,0.0,0.0043381318,0.0043381318,0.0043381318,0.0043381318,Uniaxial,0.8075000047683716
3.00706805203851e-28,128860.3125,2121.420654296875,0.0,0.9087399840354919,1.7425649811997346e-10,-0.0059145,0.0043345317,0.0043345317,-2.652272e-19,3.5935373e-19,7.528005e-20,-0.004793547,0.004110341,0.004110341,-1.7528046e-19,1.9664368e-19,5.4855206e-20,946257.8,-946257.8,-946257.8,946257.8,946257.8,-946257.8,-946257.8,946257.8,-1.2908598e-11,-1.3921754e-10,0.0,0.0,3.2976913e-11,-9.333202e-11,0.0,0.0,-1.8570401e-10,5.4825994e-11,1.0071151e-10,-1.3981849e-10,0.0,0.0,0.0,0.0,-3785031.2,2.1248124e-10,1.69985e-10,-1.265483e-10,2.2892084e-10,2.873623e-11,-1e-45,-0.0059145,-0.0059145,-1e-45,-1e-45,-0.0059145,-0.0059145,-1e-45,-0.0,-0.0,0.0043345317,0.0043345317,-0.0,-0.0,0.0043345317,0.0043345317,-0.0,0.0,0.0,-0.0,0.0043345317,0.0043345317,0.0043345317,0.0043345317,Uniaxial,0.809499979019165
2.9728969992589766e-28,128792.734375,2053.8369140625,0.0,0.9087399840354919,1.7425649811997346e-10,-0.0058965,0.0043309317,0.0043309317,-2.651213e-19,3.9439972e-19,1.0979665e-19,-0.004793547,0.004110341,0.004110341,-1.7528046e-19,1.9664368e-19,5.4855206e-20,931063.06,-931063.06,-931063.06,931063.06,931063.06,-931063.06,-931063.06,931063.06,4.9282033e-11,-7.6952424e-11,0.0,0.0,1.1944867e-10,-6.785784e-12,0.0,0.0,-1.7555443e-10,7.38704e-11,1.7555443e-10,-7.38704e-11,0.0,0.0,0.0,0.0,-3724252.2,-8.49925e-11,0.0,-1.2639934e-10,2.782279e-10,7.729849e-11,0.0,-0.0058965,-0.0058965,0.0,-0.0,-0.0058965,-0.0058965,-0.0,-0.0,-0.0,0.0043309317,0.0043309317,-0.0,-0.0,0.0043309317,0.0043309317,0.0,0.0,-0.0,-0.0,0.0043309317,0.0043309317,0.0043309317,0.0043309317,Uniaxial,0.8115000128746033
2.4603285594122994e-28,128726.2421875,1987.347412109375,0.0,0.9087399840354919,1.7425649811997346e-10,-0.0058785,0.0043273317,0.0043273317,-2.6501543e-19,3.4167192e-19,1.2260802e-19,-0.004793547,0.004110341,0.004110341,-1.7528046e-19,1.9664368e-19,5.4855206e-20,915868.25,-915868.25,-915868.25,915868.25,915868.25,-915868.25,-915868.25,915868.25,2.3490506e-11,-1.0266947e-10,0.0,0.0,1.0266947e-10,-2.3490506e-11,0.0,0.0,-1.8037279e-10,3.1960025e-11,9.538029e-11,-1.1695252e-10,0.0,0.0,0.0,0.0,-3663473.0,0.0,1.69985e-10,-1.2625037e-10,2.0404385e-10,9.532313e-11,1e-45,-0.0058785,-0.0058785,1e-45,1e-45,-0.0058785,-0.0058785,1e-45,0.0,0.0,0.0043273317,0.0043273317,0.0,0.0,0.0043273317,0.0043273317,-0.0,0.0,0.0,-0.0,0.0043273317,0.0043273317,0.0043273317,0.0043273317,Uniaxial,0.8134999871253967
2.4261572658915227e-28,128660.84375,1921.951904296875,0.0,0.9087399840354919,1.7425649811997346e-10,-0.0058605,0.0043237316,0.0043237316,-2.6490955e-19,3.4696587e-19,5.9292306e-20,-0.004793547,0.004110341,0.004110341,-1.7528046e-19,1.9664368e-19,5.4855206e-20,900673.44,-900673.44,-900673.44,900673.44,900673.44,-900673.44,-900673.44,900673.44,6.1482076e-11,-6.460341e-11,0.0,0.0,6.460341e-11,-6.1482076e-11,0.0,0.0,-1.2534782e-10,9.070909e-11,1.2534782e-10,-9.070909e-11,0.0,0.0,0.0,0.0,-3602693.8,0.0,0.0,-1.2610141e-10,2.1149205e-10,6.24267e-12,-1e-45,-0.0058605,-0.0058605,-1e-45,-1e-45,-0.0058605,-0.0058605,-1e-45,-0.0,-0.0,0.0043237316,0.0043237316,0.0,0.0,0.0043237316,0.0043237316,-0.0,-0.0,-0.0,-0.0,0.0043237316,0.0043237316,0.0043237316,0.0043237316,Uniaxial,0.815500020980835
1.8110751862237587e-28,128596.546875,1857.6505126953125,0.0,0.9087399840354919,1.7425649811997346e-10,-0.0058425,0.0043201316,0.0043201316,-2.6480368e-19,3.519422e-19,4.0551702e-20,-0.004793547,0.004110341,0.004110341,-1.7528046e-19,1.9664368e-19,5.4855206e-20,885478.7,-885478.7,-885478.7,885478.7,885478.7,-885478.7,-885478.7,885478.7,5.7412432e-11,-6.859858e-11,0.0,0.0,4.7350453e-11,-7.866056e-11,0.0,0.0,-8.8989094e-11,1.1480977e-10,8.8989094e-11,-1.1480977e-10,0.0,0.0,0.0,0.0,-3541914.8,4.249625e-11,0.0,-1.2595244e-10,2.1849336e-10,-2.0123955e-11,1e-45,-0.0058425,-0.0058425,1e-45,1e-45,-0.0058425,-0.0058425,1e-45,0.0,0.0,0.0043201316,0.0043201316,0.0,0.0,0.0043201316,0.0043201316,0.0,0.0,0.0,0.0,0.0043201316,0.0043201316,0.0043201316,0.0043201316,Uniaxial,0.8174999952316284
1.8110751862237587e-28,128533.3359375,1794.4429931640625,0.0,0.9087399840354919,1.7425649811997346e-10,-0.0058245,0.0043165316,0.0043165316,-2.6480368e-19,3.1393159e-19,5.3680713e-20,-0.004793547,0.004110341,0.004110341,-1.7528046e-19,1.9664368e-19,5.4855206e-20,870283.9,-870283.9,-870283.9,870283.9,870283.9,-870283.9,-870283.9,870283.9,4.2170486e-11,-8.3840525e-11,0.0,0.0,4.1344275e-11,-8.466673e-11,0.0,0.0,-9.599616e-11,8.106367e-11,9.599616e-11,-8.106367e-11,0.0,0.0,0.0,0.0,-3481135.5,8.49925e-11,0.0,-1.2595244e-10,1.650153e-10,-1.6524208e-12,-0.0,-0.0058245,-0.0058245,-0.0,0.0,-0.0058245,-0.0058245,0.0,0.0,0.0,0.0043165316,0.0043165316,0.0,0.0,0.0043165316,0.0043165316,-0.0,0.0,0.0,-0.0,0.0043165316,0.0043165316,0.0043165316,0.0043165316,Uniaxial,0.8195000290870667
2.3578146788499695e-28,128471.2265625,1732.32958984375,0.0,0.9087399840354919,1.7425649811997346e-10,-0.0058065,0.0043129316,0.0043129316,-2.6490955e-19,3.2716648e-19,4.4892746e-20,-0.004793547,0.004110341,0.004110341,-1.7528046e-19,1.9664368e-19,5.4855206e-20,855089.06,-855089.06,-855089.06,855089.06,855089.06,-855089.06,-855089.06,855089.06,8.5050265e-11,-4.1035227e-11,0.0,0.0,6.228335e-11,-6.3802144e-11,0.0,0.0,-8.968093e-11,9.668915e-11,8.968093e-11,-9.668915e-11,0.0,0.0,0.0,0.0,-3420356.2,-4.249625e-11,0.0,-1.2610141e-10,1.8363579e-10,-1.4016431e-11,-1e-45,-0.0058065,-0.0058065,-1e-45,-1e-45,-0.0058065,-0.0058065,-1e-45,-0.0,-0.0,0.0043129316,0.0043129316,-0.0,-0.0,0.0043129316,0.0043129316,0.0,-0.0,-0.0,0.0,0.0043129316,0.0043129316,0.0043129316,0.0043129316,Uniaxial,0.8215000033378601
2.3578146788499695e-28,128410.203125,1671.3101806640625,0.0,0.9087399840354919,1.7425649811997346e-10,-0.0057885,0.0043093315,0.0043093315,-2.6490955e-19,3.3023697e-19,4.2881043e-20,-0.004793547,0.004110341,0.004110341,-1.7528046e-19,1.9664368e-19,5.4855206e-20,839894.3,-839894.3,-839894.3,839894.3,839894.3,-839894.3,-839894.3,839894.3,3.812696e-11,-8.7958536e-11,0.0,0.0,4.5462283e-11,-8.062321e-11,0.0,0.0,-9.005334e-11,9.847671e-11,9.005334e-11,-9.847671e-11,0.0,0.0,0.0,0.0,-3359577.2,8.49925e-11,0.0,-1.2610141e-10,1.8795573e-10,-1.6846746e-11,1e-45,-0.0057885,-0.0057885,1e-45,1e-45,-0.0057885,-0.0057885,1e-45,0.0,0.0,0.0043093315,0.0043093315,0.0,0.0,0.0043093315,0.0043093315,-0.0,-0.0,-0.0,-0.0,0.0043093315,0.0043093315,0.0043093315,0.0043093315,Uniaxial,0.8234999775886536
1.8110751862237587e-28,128350.28125,1611.3848876953125,0.0,0.9087399840354919,1.7425649811997346e-10,-0.0057705,0.0043057315,0.0043057315,-2.6490955e-19,3.3235455e-19,4.341044e-20,-0.004793547,0.004110341,0.004110341,-1.7528046e-19,1.9664368e-19,5.4855206e-20,824699.5,-824699.5,-824699.5,824699.5,824699.5,-824699.5,-824699.5,824699.5,8.300432e-11,-4.308117e-11,0.0,0.0,7.4953356e-11,-5.1132133e-11,0.0,0.0,-7.7615595e-11,1.1240411e-10,1.2011184e-10,-6.990786e-11,0.0,0.0,0.0,0.0,-3298798.0,-6.374437e-11,-8.49925e-11,-1.2610141e-10,1.9093502e-10,-1.6101927e-11,-1e-45,-0.0057705,-0.0057705,-1e-45,-1e-45,-0.0057705,-0.0057705,-1e-45,-0.0,-0.0,0.0043057315,0.0043057315,-0.0,-0.0,0.0043057315,0.0043057315,-0.0,-0.0,-0.0,-0.0,0.0043057315,0.0043057315,0.0043057315,0.0043057315,Uniaxial,0.8255000114440918
1.8110751862237587e-28,128291.4453125,1552.553466796875,0.0,0.9087399840354919,1.7425649811997346e-10,-0.0057525,0.0043021315,0.0043021315,-2.6490955e-19,3.3118988e-19,4.3939834e-20,-0.004793547,0.004110341,0.004110341,-1.7528046e-19,1.9664368e-19,5.4855206e-20,809504.75,-809504.75,-809504.75,809504.75,809504.75,-809504.75,-809504.75,809504.75,1.0937827e-10,-1.670722e-11,0.0,0.0,1.0169972e-10,-2.4385775e-11,0.0,0.0,-6.163345e-11,1.2756694e-10,1.041297e-10,-8.50707e-11,0.0,0.0,0.0,0.0,-3238019.0,-1.69985e-10,-8.49925e-11,-1.2610141e-10,1.8929641e-10,-1.5357106e-11,1e-45,-0.0057525,-0.0057525,1e-45,1e-45,-0.0057525,-0.0057525,1e-45,0.0,0.0,0.0043021315,0.0043021315,0.0,0.0,0.0043021315,0.0043021315,0.0,0.0,0.0,0.0,0.0043021315,0.0043021315,0.0043021315,0.0043021315,Uniaxial,0.8274999856948853
1.9477599991950006e-28,128233.7109375,1494.816162109375,0.0,0.9087399840354919,1.7425649811997346e-10,-0.0057345,0.0042985315,0.0042985315,-2.6490955e-19,3.3044873e-19,6.500978e-20,-0.004793547,0.004110341,0.004110341,-1.7528046e-19,1.9664368e-19,5.4855206e-20,794309.94,-794309.94,-794309.94,794309.94,794309.94,-794309.94,-794309.94,794309.94,3.3088306e-11,-9.2997186e-11,0.0,0.0,7.1749065e-11,-5.433643e-11,0.0,0.0,-9.003184e-11,9.864718e-11,9.003184e-11,-9.864718e-11,0.0,0.0,0.0,0.0,-3177239.8,4.249625e-11,0.0,-1.2610141e-10,1.8825366e-10,1.4286725e-11,-1e-45,-0.0057345,-0.0057345,-1e-45,-1e-45,-0.0057345,-0.0057345,-1e-45,0.0,0.0,0.0042985315,0.0042985315,0.0,0.0,0.0042985315,0.0042985315,0.0,0.0,-0.0,-0.0,0.0042985315,0.0042985315,0.0042985315,0.0042985315,Uniaxial,0.8295000195503235
2.1869586927285724e-28,128177.0703125,1438.1728515625,0.0,0.9087399840354919,1.7425649811997346e-10,-0.0057165,0.0042949314,0.0042949314,-2.6490955e-19,3.3203692e-19,4.5951537e-20,-0.004793547,0.004110341,0.004110341,-1.7528046e-19,1.9664368e-19,5.4855206e-20,779115.1,-779115.1,-779115.1,779115.1,779115.1,-779115.1,-779115.1,779115.1,9.27346e-11,-1.7592195e-11,0.0,0.0,7.0712505e-11,-3.9614288e-11,0.0,0.0,-8.6277e-11,1.1927795e-10,1.2877326e-10,-7.67817e-11,0.0,0.0,0.0,0.0,-3116460.5,-1.0624062e-10,-8.49925e-11,-1.2610141e-10,1.9048813e-10,-1.2526791e-11,-1e-45,-0.0057165,-0.0057165,-1e-45,-1e-45,-0.0057165,-0.0057165,-1e-45,-0.0,-0.0,0.0042949314,0.0042949314,-0.0,-0.0,0.0042949314,0.0042949314,0.0,0.0,-0.0,-0.0,0.0042949314,0.0042949314,0.0042949314,0.0042949314,Uniaxial,0.8314999938011169
2.050273759386709e-28,128121.515625,1382.62353515625,0.0,0.9087399840354919,1.7425649811997346e-10,-0.0056985,0.0042913314,0.0042913314,-2.2425197e-19,3.7142395e-19,4.2669285e-20,-0.004793547,0.004110341,0.004110341,-1.7528046e-19,1.9664368e-19,5.4855206e-20,763920.4,-763920.4,-763920.4,763920.4,763920.4,-763920.4,-763920.4,763920.4,5.559569e-11,-2.613002e-11,0.0,0.0,1.5505958e-11,-6.621975e-11,0.0,0.0,-1.0685553e-10,1.10648025e-10,1.4935178e-10,-6.8151776e-11,0.0,0.0,0.0,0.0,-3055681.5,2.1248125e-11,-8.49925e-11,-6.8899234e-11,2.4590274e-10,-1.7144675e-11,1e-45,-0.0056985,-0.0056985,1e-45,1e-45,-0.0056985,-0.0056985,1e-45,0.0,0.0,0.0042913314,0.0042913314,0.0,0.0,0.0042913314,0.0042913314,0.0,-0.0,0.0,0.0,0.0042913314,0.0042913314,0.0042913314,0.0042913314,Uniaxial,0.8335000276565552
1.6402189593611186e-28,128067.0625,1328.1683349609375,0.0,0.9087399840354919,1.7425649811997346e-10,-0.0056805,0.0042877314,0.0042877314,-2.3653395e-19,3.1869615e-19,7.538593e-20,-0.004793547,0.004110341,0.004110341,-1.7528046e-19,1.9664368e-19,5.4855206e-20,748725.56,-748725.56,-748725.56,748725.56,748725.56,-748725.56,-748725.56,748725.56,4.3273544e-11,-4.7092077e-11,0.0,0.0,5.771614e-11,-3.264948e-11,0.0,0.0,-8.954771e-11,9.086381e-11,8.954771e-11,-9.086381e-11,0.0,0.0,0.0,0.0,-2994902.2,-2.1248125e-11,0.0,-8.617906e-11,1.7171867e-10,2.8885195e-11,-1e-45,-0.0056805,-0.0056805,-1e-45,-1e-45,-0.0056805,-0.0056805,-0.0,-0.0,0.0,0.0042877314,0.0042877314,-0.0,-0.0,0.0042877314,0.0042877314,-0.0,0.0,0.0,-0.0,0.0042877314,0.0042877314,0.0042877314,0.0042877314,Uniaxial,0.8355000019073486
1.8110751862237587e-28,128013.703125,1274.80712890625,0.0,0.9087399840354919,1.7425649811997346e-10,-0.0056625,0.0042841313,0.0042841313,-2.4331021e-19,3.2515477e-19,6.839791e-20,-0.004793547,0.004110341,0.004110341,-1.7528046e-19,1.9664368e-19,5.4855206e-20,733530.75,-733530.75,-733530.75,733530.75,733530.75,-733530.75,-733530.75,733530.75,5.103698e-11,-2.833679e-11,0.0,0.0,9.208116e-11,1.2707392e-11,0.0,0.0,-8.3872076e-11,1.01082843e-10,1.2636833e-10,-5.8586594e-11,0.0,0.0,0.0,0.0,-2934123.0,-1.2748874e-10,-8.49925e-11,-9.571275e-11,1.8080547e-10,1.9053573e-11,1e-45,-0.0056625,-0.0056625,1e-45,1e-45,-0.0056625,-0.0056625,1e-45,-0.0,-0.0,0.0042841313,0.0042841313,0.0,0.0,0.0042841313,0.0042841313,0.0,-0.0,-0.0,0.0,0.0042841313,0.0042841313,0.0042841313,0.0042841313,Uniaxial,0.8374999761581421
1.9477599991950006e-28,127961.4375,1222.5399169921875,0.0,0.9087399840354919,1.7425649811997346e-10,-0.0056445,0.0042805313,0.0042805313,-2.0265263e-19,3.2970757e-19,8.7032635e-20,-0.004793547,0.004110341,0.004110341,-1.7528046e-19,1.9664368e-19,5.4855206e-20,718336.0,-718336.0,-718336.0,718336.0,718336.0,-718336.0,-718336.0,718336.0,1.9380567e-11,-3.139212e-11,0.0,0.0,4.2016182e-11,-8.756504e-12,0.0,0.0,-1.0778656e-10,8.037109e-11,1.502828e-10,-3.7874846e-11,0.0,0.0,0.0,0.0,-2873344.0,-2.1248125e-11,-8.49925e-11,-3.8510584e-11,1.8721093e-10,4.527123e-11,-1e-45,-0.0056445,-0.0056445,-1e-45,-1e-45,-0.0056445,-0.0056445,-1e-45,0.0,-0.0,0.0042805313,0.0042805313,0.0,0.0,0.0042805313,0.0042805313,0.0,0.0,-0.0,-0.0,0.0042805313,0.0042805313,0.0042805313,0.0042805313,Uniaxial,0.8395000100135803
1.8110751862237587e-28,127910.265625,1171.36669921875,0.0,0.9087399840354919,1.7425649811997346e-10,-0.0056265,0.0042769318,0.0042769318,-2.1461697e-19,3.3193104e-19,8.92561e-20,-0.004793547,0.004110341,0.004110341,-1.7528046e-19,1.9664368e-19,5.4855206e-20,703141.2,-703141.2,-703141.2,703141.2,703141.2,-703141.2,-703141.2,703141.2,-3.5760219e-12,-6.2765175e-11,0.0,0.0,5.214111e-11,-7.0480405e-12,0.0,0.0,-7.783328e-11,1.1188849e-10,1.2032952e-10,-6.939224e-11,0.0,0.0,0.0,0.0,-2812564.8,2.1248125e-11,-8.49925e-11,-5.5343514e-11,1.9033916e-10,4.8399475e-11,-0.0,-0.0056265,-0.0056265,0.0,-0.0,-0.0056265,-0.0056265,0.0,-0.0,0.0,0.0042769318,0.0042769318,-0.0,-0.0,0.0042769318,0.0042769318,-0.0,-0.0,0.0,0.0,0.0042769318,0.0042769318,0.0042769318,0.0042769318,Uniaxial,0.8414999842643738
1.0934793463642862e-28,127860.1796875,1121.28759765625,0.0,0.9087399840354919,1.7425649811997346e-10,-0.0056085,0.0042733317,0.0042733317,-2.2022857e-19,3.31084e-19,8.87267e-20,-0.004793547,0.004110341,0.004110341,-1.7528046e-19,1.9664368e-19,5.4855206e-20,687946.4,-687946.4,-687946.4,687946.4,687946.4,-687946.4,-687946.4,687946.4,3.895987e-12,-4.3482013e-11,0.0,0.0,4.3482013e-11,-3.895987e-12,0.0,0.0,-1.0647662e-10,6.68906e-11,1.0647662e-10,-6.68906e-11,0.0,0.0,0.0,0.0,-2751785.5,0.0,0.0,-6.32386e-11,1.8914745e-10,4.7654655e-11,1e-45,-0.0056085,-0.0056085,1e-45,1e-45,-0.0056085,-0.0056085,1e-45,-0.0,-0.0,0.0042733317,0.0042733317,0.0,0.0,0.0042733317,0.0042733317,0.0,0.0,-0.0,-0.0,0.0042733317,0.0042733317,0.0042733317,0.0042733317,Uniaxial,0.843500018119812
1.503534026019255e-28,127811.1953125,1072.3023681640625,0.0,0.9087399840354919,1.7425649811997346e-10,-0.0055905,0.0042697317,0.0042697317,-1.8010038e-19,2.900029e-19,8.862082e-20,-0.004793547,0.004110341,0.004110341,-1.7528046e-19,1.9664368e-19,5.4855206e-20,672751.6,-672751.6,-672751.6,672751.6,672751.6,-672751.6,-672751.6,672751.6,1.3811729e-11,-2.1096295e-11,0.0,0.0,8.484067e-11,4.9932645e-11,0.0,0.0,-9.9869224e-11,4.459898e-11,9.9869224e-11,-4.459898e-11,0.0,0.0,0.0,0.0,-2691006.5,-1.2748874e-10,0.0,-6.7812557e-12,1.3134943e-10,4.7505694e-11,-0.0,-0.0055905,-0.0055905,-0.0,0.0,-0.0055905,-0.0055905,-0.0,0.0,-0.0,0.0042697317,0.0042697317,-0.0,-0.0,0.0042697317,0.0042697317,-0.0,-0.0,0.0,-0.0,0.0042697317,0.0042697317,0.0042697317,0.0042697317,Uniaxial,0.8454999923706055
1.3668492130480131e-28,127763.3046875,1024.411376953125,0.0,0.9087399840354919,1.7425649811997346e-10,-0.0055725,0.0042661317,0.0042661317,-2.3303994e-19,3.0387307e-19,9.846758e-20,-0.004793547,0.004110341,0.004110341,-1.7528046e-19,1.9664368e-19,5.4855206e-20,657556.8,-657556.8,-657556.8,657556.8,657556.8,-657556.8,-657556.8,657556.8,2.0734674e-11,-6.7173045e-11,0.0,0.0,6.7173045e-11,-2.0734674e-11,0.0,0.0,-1.2157998e-10,3.2645362e-11,7.908373e-11,-7.5141615e-11,0.0,0.0,0.0,0.0,-2630227.2,0.0,8.49925e-11,-8.1263246e-11,1.5086371e-10,6.135934e-11,-1e-45,-0.0055725,-0.0055725,-1e-45,-1e-45,-0.0055725,-0.0055725,-1e-45,0.0,0.0,0.0042661317,0.0042661317,0.0,0.0,0.0042661317,0.0042661317,0.0,0.0,0.0,0.0,0.0042661317,0.0042661317,0.0042661317,0.0042661317,Uniaxial,0.8475000262260437
1.2985067463770814e-28,127716.5078125,977.6142578125,0.0,0.9087399840354919,1.7425649811997346e-10,-0.0055545,0.0042625316,0.0042625316,-2.6713302e-19,3.0853175e-19,4.7645603e-20,-0.004793547,0.004110341,0.004110341,-1.7528046e-19,1.9664368e-19,5.4855206e-20,642362.0,-642362.0,-642362.0,642362.0,642362.0,-642362.0,-642362.0,642362.0,4.785724e-11,-6.403368e-11,0.0,0.0,4.2785553e-11,-6.910536e-11,0.0,0.0,-7.621544e-11,8.1287116e-11,7.621544e-11,-8.1287116e-11,0.0,0.0,0.0,0.0,-2569448.0,4.249625e-11,0.0,-1.2922964e-10,1.5741812e-10,-1.0143368e-11,1e-45,-0.0055545,-0.0055545,1e-45,1e-45,-0.0055545,-0.0055545,1e-45,-0.0,-0.0,0.0042625316,0.0042625316,0.0,-0.0,0.0042625316,0.0042625316,-0.0,-0.0,-0.0,-0.0,0.0042625316,0.0042625316,0.0042625316,0.0042625316,Uniaxial,0.8495000004768372
1.3668492130480131e-28,127670.8046875,931.9111938476562,0.0,0.9087399840354919,1.7425649811997346e-10,-0.0055365,0.0042589316,0.0042589316,-2.483924e-19,3.0863763e-19,7.220956e-20,-0.004793547,0.004110341,0.004110341,-1.7528046e-19,1.9664368e-19,5.4855206e-20,627167.25,-627167.25,-627167.25,627167.25,627167.25,-627167.25,-627167.25,627167.25,4.0682416e-11,-5.802519e-11,0.0,0.0,6.864925e-11,-3.0058355e-11,0.0,0.0,-9.2771936e-11,6.48051e-11,9.2771936e-11,-6.48051e-11,0.0,0.0,0.0,0.0,-2508669.0,-2.1248125e-11,0.0,-1.02863024e-10,1.5756708e-10,2.4416275e-11,-1e-45,-0.0055365,-0.0055365,-1e-45,-1e-45,-0.0055365,-0.0055365,-1e-45,0.0,-0.0,0.0042589316,0.0042589316,-0.0,-0.0,0.0042589316,0.0042589316,0.0,0.0,-0.0,-0.0,0.0042589316,0.0042589316,0.0042589316,0.0042589316,Uniaxial,0.8514999747276306
1.5718764926901868e-28,127626.1953125,887.3021850585938,0.0,0.9087399840354919,1.7425649811997346e-10,-0.0055185,0.0042553316,0.0042553316,-2.4055736e-19,3.0959054e-19,9.984401e-20,-0.004793547,0.004110341,0.004110341,-1.7528046e-19,1.9664368e-19,5.4855206e-20,611972.44,-611972.44,-611972.44,611972.44,611972.44,-611972.44,-611972.44,611972.44,4.39124e-12,-8.88047e-11,0.0,0.0,6.755657e-11,-2.5639364e-11,0.0,0.0,-1.10706354e-10,4.754102e-11,1.10706354e-10,-4.754102e-11,0.0,0.0,0.0,0.0,-2447889.8,4.249625e-11,0.0,-9.183969e-11,1.5890776e-10,6.3295875e-11,1e-45,-0.0055185,-0.0055185,1e-45,1e-45,-0.0055185,-0.0055185,1e-45,0.0,0.0,0.0042553316,0.0042553316,0.0,0.0,0.0042553316,0.0042553316,0.0,0.0,0.0,0.0,0.0042553316,0.0042553316,0.0042553316,0.0042553316,Uniaxial,0.8535000085830688
1.3668492130480131e-28,127582.6796875,843.7871704101562,0.0,0.9087399840354919,1.7425649811997346e-10,-0.0055005,0.0042517316,0.0042517316,-2.4225142e-19,3.0969642e-19,8.015049e-20,-0.004793547,0.004110341,0.004110341,-1.7528046e-19,1.9664368e-19,5.4855206e-20,596777.7,-596777.7,-596777.7,596777.7,596777.7,-596777.7,-596777.7,596777.7,1.4481239e-11,-9.566511e-11,0.0,0.0,6.379292e-11,-4.6353425e-11,0.0,0.0,-9.593742e-11,4.6625738e-11,9.593742e-11,-4.6625738e-11,0.0,0.0,0.0,0.0,-2387110.8,6.374437e-11,0.0,-9.422311e-11,1.5905673e-10,3.5588574e-11,-0.0,-0.0055005,-0.0055005,-0.0,-0.0,-0.0055005,-0.0055005,-0.0,-0.0,-0.0,0.0042517316,0.0042517316,-0.0,-0.0,0.0042517316,0.0042517316,-0.0,-0.0,-0.0,-0.0,0.0042517316,0.0042517316,0.0042517316,0.0042517316,Uniaxial,0.8554999828338623
1.6402189593611186e-28,127540.2578125,801.3661499023438,0.0,0.9087399840354919,1.7425649811997346e-10,-0.0054825,0.0042481315,0.0042481315,-2.8312076e-19,2.6692126e-19,9.730291e-20,-0.004793547,0.004110341,0.004110341,-1.7528046e-19,1.9664368e-19,5.4855206e-20,581582.9,-581582.9,-581582.9,581582.9,581582.9,-581582.9,-581582.9,581582.9,7.06315e-11,-6.8264894e-11,0.0,0.0,1.3200926e-10,-6.8871285e-12,0.0,0.0,-8.69251e-11,4.130603e-11,8.69251e-11,-4.130603e-11,0.0,0.0,0.0,0.0,-2326331.5,-1.2748874e-10,0.0,-1.517232e-10,9.887528e-11,5.9720735e-11,-1e-45,-0.0054825,-0.0054825,-1e-45,-1e-45,-0.0054825,-0.0054825,-0.0,0.0,0.0,0.0042481315,0.0042481315,-0.0,0.0,0.0042481315,0.0042481315,0.0,0.0,0.0,0.0,0.0042481315,0.0042481315,0.0042481315,0.0042481315,Uniaxial,0.8575000166893005
1.6060477862109635e-28,127498.9375,760.0392456054688,0.0,0.9087399840354919,1.7425649811997346e-10,-0.0054645,0.0042445315,0.0042445315,-2.7009763e-19,3.2166076e-19,7.919758e-20,-0.004793547,0.004110341,0.004110341,-1.7528046e-19,1.9664368e-19,5.4855206e-20,566388.06,-566388.06,-566388.06,566388.06,566388.06,-566388.06,-566388.06,566388.06,3.5057457e-11,-9.4677655e-11,0.0,0.0,5.2181405e-11,-7.7553707e-11,0.0,0.0,-1.2893796e-10,3.7800364e-11,8.644171e-11,-8.029661e-11,0.0,0.0,0.0,0.0,-2265552.2,8.49925e-11,8.49925e-11,-1.3340064e-10,1.7588966e-10,3.42479e-11,0.0,-0.0054645,-0.0054645,0.0,-0.0,-0.0054645,-0.0054645,-0.0,0.0,0.0,0.0042445315,0.0042445315,0.0,0.0,0.0042445315,0.0042445315,0.0,-0.0,-0.0,0.0,0.0042445315,0.0042445315,0.0042445315,0.0042445315,Uniaxial,0.859499990940094
1.6402189593611186e-28,127458.703125,719.8062744140625,0.0,0.9087399840354919,1.7425649811997346e-10,-0.0054465,0.0042409315,0.0042409315,-2.6406252e-19,3.1520214e-19,4.457511e-20,-0.004793547,0.004110341,0.004110341,-1.7528046e-19,1.9664368e-19,5.4855206e-20,551193.3,-551193.3,-551193.3,551193.3,551193.3,-551193.3,-551193.3,551193.3,7.1850075e-11,-5.363956e-11,0.0,0.0,9.613581e-11,-2.935383e-11,0.0,0.0,-6.4112854e-11,9.808206e-11,1.06609103e-10,-5.5585817e-11,0.0,0.0,0.0,0.0,-2204773.2,-8.49925e-11,-8.49925e-11,-1.249097e-10,1.6680285e-10,-1.4463323e-11,-1e-45,-0.0054465,-0.0054465,-1e-45,-1e-45,-0.0054465,-0.0054465,-1e-45,-0.0,-0.0,0.0042409315,0.0042409315,-0.0,-0.0,0.0042409315,0.0042409315,-0.0,-0.0,-0.0,-0.0,0.0042409315,0.0042409315,0.0042409315,0.0042409315,Uniaxial,0.8615000247955322
1.6060477862109635e-28,127419.5625,680.6674194335938,0.0,0.9087399840354919,1.7425649811997346e-10,-0.0054285,0.0042373314,0.0042373314,-2.6459192e-19,3.0789648e-19,9.5608844e-20,-0.004793547,0.004110341,0.004110341,-1.7528046e-19,1.9664368e-19,5.4855206e-20,535998.5,-535998.5,-535998.5,535998.5,535998.5,-535998.5,-535998.5,535998.5,5.3908725e-11,-7.195332e-11,0.0,0.0,8.257738e-11,-4.3284664e-11,0.0,0.0,-1.08620855e-10,4.8434805e-11,1.08620855e-10,-4.8434805e-11,0.0,0.0,0.0,0.0,-2143994.0,-2.1248125e-11,0.0,-1.2565451e-10,1.5652434e-10,5.7337315e-11,1e-45,-0.0054285,-0.0054285,1e-45,1e-45,-0.0054285,-0.0054285,1e-45,0.0,0.0,0.0042373314,0.0042373314,0.0,0.0,0.0042373314,0.0042373314,0.0,0.0,0.0,0.0,0.0042373314,0.0042373314,0.0042373314,0.0042373314,Uniaxial,0.8634999990463257
1.6402189593611186e-28,127381.515625,642.6224975585938,0.0,0.9087399840354919,1.7425649811997346e-10,-0.0054105,0.0042337314,0.0042337314,-2.6501543e-19,3.0842587e-19,9.12678e-20,-0.004793547,0.004110341,0.004110341,-1.7528046e-19,1.9664368e-19,5.4855206e-20,520803.72,-520803.72,-520803.72,520803.72,520803.72,-520803.72,-520803.72,520803.72,2.3889779e-11,-1.0227019e-10,0.0,0.0,8.102207e-11,-4.5137904e-11,0.0,0.0,-9.9400835e-11,5.802724e-11,9.9400835e-11,-5.802724e-11,0.0,0.0,0.0,0.0,-2083214.9,4.249625e-11,0.0,-1.2625037e-10,1.5726916e-10,5.122979e-11,0.0,-0.0054105,-0.0054105,0.0,-0.0,-0.0054105,-0.0054105,-0.0,-0.0,-0.0,0.0042337314,0.0042337314,-0.0,-0.0,0.0042337314,0.0042337314,-0.0,-0.0,0.0,0.0,0.0042337314,0.0042337314,0.0042337314,0.0042337314,Uniaxial,0.8654999732971191
1.6060477862109635e-28,127344.5703125,605.671630859375,0.0,0.9087399840354919,1.7425649811997346e-10,-0.0053925,0.0042301314,0.0042301314,-2.6438016e-19,3.0789648e-19,9.8891097e-20,-0.004793547,0.004110341,0.004110341,-1.7528046e-19,1.9664368e-19,5.4855206e-20,505608.9,-505608.9,-505608.9,505608.9,505608.9,-505608.9,-505608.9,505608.9,4.2233106e-11,-8.347998e-11,0.0,0.0,1.047281e-10,-2.0984981e-11,0.0,0.0,-7.2768506e-11,8.4287154e-11,1.15264756e-10,-4.1790908e-11,0.0,0.0,0.0,0.0,-2022435.6,-4.249625e-11,-8.49925e-11,-1.2535659e-10,1.5652434e-10,6.19552e-11,-1e-45,-0.0053925,-0.0053925,-1e-45,-1e-45,-0.0053925,-0.0053925,-1e-45,-0.0,-0.0,0.0042301314,0.0042301314,-0.0,-0.0,0.0042301314,0.0042301314,-0.0,-0.0,-0.0,-0.0,0.0042301314,0.0042301314,0.0042301314,0.0042301314,Uniaxial,0.8675000071525574
1.3668492130480131e-28,127308.7109375,569.8148193359375,0.0,0.9087399840354919,1.7425649811997346e-10,-0.0053745,0.0042265314,0.0042265314,-2.651213e-19,3.0789648e-19,9.020901e-20,-0.004793547,0.004110341,0.004110341,-1.7528046e-19,1.9664368e-19,5.4855206e-20,490414.12,-490414.12,-490414.12,490414.12,490414.12,-490414.12,-490414.12,490414.12,5.0859587e-11,-5.961617e-11,0.0,0.0,9.148836e-11,-1.8987398e-11,0.0,0.0,-9.884222e-11,5.821344e-11,9.884222e-11,-5.821344e-11,0.0,0.0,0.0,0.0,-1961656.5,-6.374437e-11,0.0,-1.2639934e-10,1.5652434e-10,4.9740153e-11,0.0,-0.0053745,-0.0053745,0.0,0.0,-0.0053745,-0.0053745,0.0,-0.0,-0.0,0.0042265314,0.0042265314,0.0,0.0,0.0042265314,0.0042265314,0.0,0.0,0.0,0.0,0.0042265314,0.0042265314,0.0042265314,0.0042265314,Uniaxial,0.8694999814033508
1.5718764926901868e-28,127273.9453125,535.052001953125,0.0,0.9087399840354919,1.7425649811997346e-10,-0.0053565,0.0042229313,0.0042229313,-2.2393434e-19,3.0990818e-19,7.708e-20,-0.004793547,0.004110341,0.004110341,-1.7528046e-19,1.9664368e-19,5.4855206e-20,475219.34,-475219.34,-475219.34,475219.34,475219.34,-475219.34,-475219.34,475219.34,-4.0728445e-12,-8.557511e-11,0.0,0.0,4.307886e-11,-3.8423403e-11,0.0,0.0,-1.2405939e-10,3.4411432e-11,8.156314e-11,-7.690768e-11,0.0,0.0,0.0,0.0,-1900877.4,8.49925e-11,8.49925e-11,-6.845234e-11,1.5935465e-10,3.126862e-11,0.0,-0.0053565,-0.0053565,-0.0,0.0,-0.0053565,-0.0053565,-0.0,0.0,0.0,0.0042229313,0.0042229313,0.0,0.0,0.0042229313,0.0042229313,0.0,0.0,0.0,0.0,0.0042229313,0.0042229313,0.0042229313,0.0042229313,Uniaxial,0.8715000152587891
1.9477599991950006e-28,127240.28125,501.38323974609375,0.0,0.9087399840354919,1.7425649811997346e-10,-0.0053385,0.0042193313,0.0042193313,-2.3695747e-19,3.087435e-19,7.6338844e-20,-0.004793547,0.004110341,0.004110341,-1.7528046e-19,1.9664368e-19,5.4855206e-20,460024.56,-460024.56,-460024.56,460024.56,460024.56,-460024.56,-460024.56,460024.56,2.4583927e-11,-8.183832e-11,0.0,0.0,7.121426e-11,-3.520799e-11,0.0,0.0,-8.638223e-11,8.702799e-11,8.638223e-11,-8.702799e-11,0.0,0.0,0.0,0.0,-1840098.2,2.1248125e-11,0.0,-8.6774914e-11,1.5771605e-10,3.022587e-11,0.0,-0.0053385,-0.0053385,1e-45,0.0,-0.0053385,-0.0053385,1e-45,-0.0,-0.0,0.0042193313,0.0042193313,-0.0,-0.0,0.0042193313,0.0042193313,-0.0,-0.0,-0.0,-0.0,0.0042193313,0.0042193313,0.0042193313,0.0042193313,Uniaxial,0.8734999895095825
2.2894723325496593e-28,127207.703125,468.8085021972656,0.0,0.9087399840354919,1.7425649811997346e-10,-0.0053205,0.0042157318,0.0042157318,-2.8386192e-19,3.4865994e-19,7.7291756e-20,-0.004793547,0.004110341,0.004110341,-1.7528046e-19,1.9664368e-19,5.4855206e-20,444829.75,-444829.75,-444829.75,444829.75,444829.75,-444829.75,-444829.75,444829.75,4.5881153e-11,-9.3536616e-11,0.0,0.0,6.166443e-11,-7.775334e-11,0.0,0.0,-1.3776408e-10,7.948455e-11,9.526782e-11,-1.219808e-10,0.0,0.0,0.0,0.0,-1779319.0,6.374437e-11,8.49925e-11,-1.5276595e-10,2.1387547e-10,3.1566548e-11,-1e-45,-0.0053205,-0.0053205,-1e-45,-1e-45,-0.0053205,-0.0053205,-1e-45,0.0,0.0,0.0042157318,0.0042157318,0.0,0.0,0.0042157318,0.0042157318,0.0,0.0,-0.0,0.0,0.0042157318,0.0042157318,0.0042157318,0.0042157318,Uniaxial,0.8755000233650208
2.323643626070436e-28,127176.2265625,437.3277587890625,0.0,0.9087399840354919,1.7425649811997346e-10,-0.0053025,0.0042121317,0.0042121317,-2.712623e-19,3.7682378e-19,4.552802e-20,-0.004793547,0.004110341,0.004110341,-1.7528046e-19,1.9664368e-19,5.4855206e-20,429634.97,-429634.97,-429634.97,429634.97,429634.97,-429634.97,-429634.97,429634.97,6.599055e-11,-8.032256e-11,0.0,0.0,9.0946625e-11,-5.536649e-11,0.0,0.0,-1.15249754e-10,1.0605238e-10,1.15249754e-10,-1.0605238e-10,0.0,0.0,0.0,0.0,-1718539.9,-2.1248125e-11,0.0,-1.3503924e-10,2.534999e-10,-1.3122647e-11,1e-45,-0.0053025,-0.0053025,1e-45,1e-45,-0.0053025,-0.0053025,1e-45,0.0,-0.0,0.0042121317,0.0042121317,0.0,-0.0,0.0042121317,0.0042121317,-0.0,-0.0,0.0,-0.0,0.0042121317,0.0042121317,0.0042121317,0.0042121317,Uniaxial,0.8774999976158142
2.7336984260960263e-28,127145.8359375,406.9410400390625,0.0,0.9087399840354919,1.7425649811997346e-10,-0.0052845,0.0042085317,0.0042085317,-3.0461422e-19,3.1806087e-19,5.293956e-20,-0.004793547,0.004110341,0.004110341,-1.7528046e-19,1.9664368e-19,5.4855206e-20,414440.2,-414440.2,-414440.2,414440.2,414440.2,-414440.2,-414440.2,414440.2,6.440183e-11,-1.05373106e-10,0.0,0.0,7.881295e-11,-9.096199e-11,0.0,0.0,-1.1569128e-10,8.0032043e-11,9.4443155e-11,-1.0128017e-10,0.0,0.0,0.0,0.0,-1657760.8,5.312031e-11,4.249625e-11,-1.8196289e-10,1.7082488e-10,-2.6951687e-12,-1e-45,-0.0052845,-0.0052845,-1e-45,-1e-45,-0.0052845,-0.0052845,-0.0,0.0,0.0,0.0042085317,0.0042085317,0.0,0.0,0.0042085317,0.0042085317,0.0,0.0,0.0,-0.0,0.0042085317,0.0042085317,0.0042085317,0.0042085317,Uniaxial,0.8794999718666077
1.8110751862237587e-28,127116.546875,377.64837646484375,0.0,0.9087399840354919,1.7425649811997346e-10,-0.0052665,0.0042049317,0.0042049317,-2.921205e-19,3.6464768e-19,6.522154e-20,-0.004793547,0.004110341,0.004110341,-1.7528046e-19,1.9664368e-19,5.4855206e-20,399245.38,-399245.38,-399245.38,399245.38,399245.38,-399245.38,-399245.38,399245.38,6.365549e-11,-8.1571874e-11,0.0,0.0,7.094782e-11,-7.427955e-11,0.0,0.0,-1.1789386e-10,9.484284e-11,1.1789386e-10,-9.484284e-11,0.0,0.0,0.0,0.0,-1596981.5,2.1248125e-11,0.0,-1.6438514e-10,2.3636904e-10,1.4584653e-11,1e-45,-0.0052665,-0.0052665,1e-45,1e-45,-0.0052665,-0.0052665,0.0,-0.0,-0.0,0.0042049317,0.0042049317,-0.0,-0.0,0.0042049317,0.0042049317,0.0,-0.0,-0.0,0.0,0.0042049317,0.0042049317,0.0042049317,0.0042049317,Uniaxial,0.8815000057220459
1.9477599991950006e-28,127088.34375,349.44970703125,0.0,0.9087399840354919,1.7425649811997346e-10,-0.0052485,0.0042013316,0.0042013316,-2.4585131e-19,3.1901378e-19,7.708e-20,-0.004793547,0.004110341,0.004110341,-1.7528046e-19,1.9664368e-19,5.4855206e-20,384050.6,-384050.6,-384050.6,384050.6,384050.6,-384050.6,-384050.6,384050.6,1.4171406e-11,-9.850733e-11,0.0,0.0,6.132311e-11,-5.1355625e-11,0.0,0.0,-1.3788617e-10,4.2748794e-11,7.41418e-11,-1.0649317e-10,0.0,0.0,0.0,0.0,-1536202.4,7.4368435e-11,1.2748874e-10,-9.9287883e-11,1.7216556e-10,3.126862e-11,-1e-45,-0.0052485,-0.0052485,-1e-45,-0.0,-0.0052485,-0.0052485,-1e-45,0.0,0.0,0.0042013316,0.0042013316,0.0,-0.0,0.0042013316,0.0042013316,-0.0,0.0,0.0,-0.0,0.0042013316,0.0042013316,0.0042013316,0.0042013316,Uniaxial,0.8834999799728394
2.0844450529074856e-28,127061.2421875,322.3450927734375,0.0,0.9087399840354919,1.7425649811997346e-10,-0.0052305,0.0041977316,0.0041977316,-2.5887444e-19,3.2663708e-19,6.755088e-20,-0.004793547,0.004110341,0.004110341,-1.7528046e-19,1.9664368e-19,5.4855206e-20,368855.8,-368855.8,-368855.8,368855.8,368855.8,-368855.8,-368855.8,368855.8,5.3798528e-11,-6.804149e-11,0.0,0.0,6.272946e-11,-5.9110564e-11,0.0,0.0,-1.10478286e-10,7.551938e-11,1.3172641e-10,-5.427126e-11,0.0,0.0,0.0,0.0,-1475423.2,1.0624062e-11,-4.249625e-11,-1.1761045e-10,1.8289097e-10,1.786186e-11,-0.0,-0.0052305,-0.0052305,0.0,-0.0,-0.0052305,-0.0052305,-0.0,-0.0,-0.0,0.0041977316,0.0041977316,0.0,0.0,0.0041977316,0.0041977316,0.0,-0.0,-0.0,-0.0,0.0041977316,0.0041977316,0.0041977316,0.0041977316,Uniaxial,0.8855000138282776
2.665355839054473e-28,127035.2265625,296.33447265625,0.0,0.9087399840354919,1.7425649811997346e-10,-0.0052125,0.0041941316,0.0041941316,-2.6533307e-19,3.3034285e-19,8.660912e-20,-0.004793547,0.004110341,0.004110341,-1.7528046e-19,1.9664368e-19,5.4855206e-20,353661.03,-353661.03,-353661.03,353661.03,353661.03,-353661.03,-353661.03,353661.03,6.5214244e-11,-7.6927874e-11,0.0,0.0,8.755194e-11,-5.4590183e-11,0.0,0.0,-1.1335046e-10,9.1012774e-11,1.1335046e-10,-9.1012774e-11,0.0,0.0,0.0,0.0,-1414644.1,-2.1248125e-11,0.0,-1.2669726e-10,1.881047e-10,4.4675378e-11,1e-45,-0.0052125,-0.0052125,1e-45,1e-45,-0.0052125,-0.0052125,1e-45,0.0,0.0,0.0041941316,0.0041941316,-0.0,-0.0,0.0041941316,0.0041941316,-0.0,-0.0,0.0,0.0,0.0041941316,0.0041941316,0.0041941316,0.0041941316,Uniaxial,0.887499988079071
2.7336984260960263e-28,127010.3125,271.41790771484375,0.0,0.9087399840354919,1.7425649811997346e-10,-0.0051945,0.0041905316,0.0041905316,-3.067318e-19,3.7078867e-19,8.978549e-20,-0.004793547,0.004110341,0.004110341,-1.7528046e-19,1.9664368e-19,5.4855206e-20,338466.22,-338466.22,-338466.22,338466.22,338466.22,-338466.22,-338466.22,338466.22,6.015483e-11,-1.1110974e-10,0.0,0.0,1.0048568e-10,-7.07789e-11,0.0,0.0,-1.365731e-10,9.624226e-11,1.365731e-10,-9.624226e-11,0.0,0.0,0.0,0.0,-1353864.9,2.1248125e-11,0.0,-1.8494217e-10,2.4500896e-10,4.9144296e-11,-1e-45,-0.0051945,-0.0051945,-1e-45,-1e-45,-0.0051945,-0.0051945,-1e-45,-0.0,0.0,0.0041905316,0.0041905316,0.0,0.0,0.0041905316,0.0041905316,0.0,-0.0,0.0,0.0,0.0041905316,0.0041905316,0.0041905316,0.0041905316,Uniaxial,0.8895000219345093
3.724664012268604e-28,126986.4921875,247.5953369140625,0.0,0.9087399840354919,1.7425649811997346e-10,-0.0051765,0.0041869315,0.0041869315,-2.92544e-19,3.605184e-19,9.952637e-20,-0.004793547,0.004110341,0.004110341,-1.7528046e-19,1.9664368e-19,5.4855206e-20,323271.44,-323271.44,-323271.44,323271.44,323271.44,-323271.44,-323271.44,323271.44,5.71391e-11,-1.1990359e-10,0.0,0.0,1.3583969e-10,-4.1203006e-11,0.0,0.0,-1.2576283e-10,1.1558647e-10,1.4701096e-10,-9.433834e-11,0.0,0.0,0.0,0.0,-1293085.8,-3.1872185e-11,-4.249625e-11,-1.64981e-10,2.3055943e-10,6.284898e-11,1e-45,-0.0051765,-0.0051765,0.0,1e-45,-0.0051765,-0.0051765,1e-45,0.0,-0.0,0.0041869315,0.0041869315,-0.0,-0.0,0.0041869315,0.0041869315,-0.0,-0.0,-0.0,-0.0,0.0041869315,0.0041869315,0.0041869315,0.0041869315,Uniaxial,0.8914999961853027
3.5879790789267407e-28,126963.765625,224.86680603027344,0.0,0.9087399840354919,1.7425649811997346e-10,-0.0051585,0.0041833315,0.0041833315,-3.2727235e-19,3.9323505e-19,7.8456427e-20,-0.004793547,0.004110341,0.004110341,-1.7528046e-19,1.9664368e-19,5.4855206e-20,308076.66,-308076.66,-308076.66,308076.66,308076.66,-308076.66,-308076.66,308076.66,9.765844e-11,-1.03814346e-10,0.0,0.0,9.850231e-11,-1.02970465e-10,0.0,0.0,-1.562421e-10,1.08122136e-10,1.562421e-10,-1.08122136e-10,0.0,0.0,0.0,0.0,-1232306.6,1.0624062e-11,0.0,-2.1384118e-10,2.765893e-10,3.320515e-11,-1e-45,-0.0051585,-0.0051585,-1e-45,-1e-45,-0.0051585,-0.0051585,-1e-45,-0.0,0.0,0.0041833315,0.0041833315,0.0,0.0,0.0041833315,0.0041833315,0.0,0.0,0.0,0.0,0.0041833315,0.0041833315,0.0041833315,0.0041833315,Uniaxial,0.8934999704360962
4.647287252140872e-28,126942.125,203.2322998046875,0.0,0.9087399840354919,1.7425649811997346e-10,-0.0051405,0.0041797315,0.0041797315,-3.1456686e-19,3.812707e-19,8.745615e-20,-0.004793547,0.004110341,0.004110341,-1.7528046e-19,1.9664368e-19,5.4855206e-20,292881.84,-292881.84,-292881.84,292881.84,292881.84,-292881.84,-292881.84,292881.84,7.9488666e-11,-1.2880497e-10,0.0,0.0,1.1818091e-10,-9.011273e-11,0.0,0.0,-1.5519935e-10,1.1650711e-10,1.5519935e-10,-1.1650711e-10,0.0,0.0,0.0,0.0,-1171527.4,2.1248125e-11,0.0,-1.9596551e-10,2.5975638e-10,4.5867088e-11,1e-45,-0.0051405,-0.0051405,1e-45,1e-45,-0.0051405,-0.0051405,1e-45,0.0,0.0,0.0041797315,0.0041797315,-0.0,-0.0,0.0041797315,0.0041797315,-0.0,-0.0,0.0,-0.0,0.0041797315,0.0041797315,0.0041797315,0.0041797315,Uniaxial,0.8955000042915344
4.8523145317830455e-28,126921.5859375,182.6918182373047,0.0,0.9087399840354919,1.7425649811997346e-10,-0.0051225,0.0041761314,0.0041761314,-3.494011e-19,4.1462263e-19,8.893846e-20,-0.004793547,0.004110341,0.004110341,-1.7528046e-19,1.9664368e-19,5.4855206e-20,277687.06,-277687.06,-277687.06,277687.06,277687.06,-277687.06,-277687.06,277687.06,8.334023e-11,-1.4945799e-10,0.0,0.0,1.3883392e-10,-9.3964295e-11,0.0,0.0,-1.8595506e-10,1.0921324e-10,1.6470693e-10,-1.3046136e-10,0.0,0.0,0.0,0.0,-1110748.2,2.1248125e-11,4.249625e-11,-2.4497465e-10,3.0668004e-10,4.7952583e-11,-1e-45,-0.0051225,-0.0051225,-0.0,-1e-45,-0.0051225,-0.0051225,-1e-45,-0.0,-0.0,0.0041761314,0.0041761314,-0.0,0.0,0.0041761314,0.0041761314,0.0,-0.0,-0.0,0.0,0.0041761314,0.0041761314,0.0041761314,0.0041761314,Uniaxial,0.8974999785423279
4.647287252140872e-28,126902.140625,163.245361328125,0.0,0.9087399840354919,1.7425649811997346e-10,-0.0051045,0.0041725314,0.0041725314,-3.3690735e-19,4.0424647e-19,7.7609394e-20,-0.004793547,0.004110341,0.004110341,-1.7528046e-19,1.9664368e-19,5.4855206e-20,262492.28,-262492.28,-262492.28,262492.28,262492.28,-262492.28,-262492.28,262492.28,9.6121965e-11,-1.2788738e-10,0.0,0.0,1.2788738e-10,-9.6121965e-11,0.0,0.0,-1.4919317e-10,1.3867589e-10,1.704413e-10,-1.1742776e-10,0.0,0.0,0.0,0.0,-1049969.1,0.0,-4.249625e-11,-2.273969e-10,2.9208155e-10,3.2013437e-11,-0.0,-0.0051045,-0.0051045,-0.0,0.0,-0.0051045,-0.0051045,-0.0,0.0,-0.0,0.0041725314,0.0041725314,0.0,-0.0,0.0041725314,0.0041725314,-0.0,-0.0,0.0,-0.0,0.0041725314,0.0041725314,0.0041725314,0.0041725314,Uniaxial,0.8995000123977661
4.5789446650993185e-28,126911.7265625,172.83184814453125,0.0,0.9087399840354919,1.7425649811997346e-10,-0.0051135,0.0041743317,0.0041743317,-3.3076637e-19,3.9789373e-19,5.5904175e-20,-0.004793547,0.004110341,0.004110341,-1.7528046e-19,1.9664368e-19,5.4855206e-20,270089.7,-270089.7,-270089.7,270089.7,270089.7,-270089.7,-270089.7,270089.7,1.0681972e-10,-1.12869665e-10,0.0,0.0,1.0755763e-10,-1.12131755e-10,0.0,0.0,-1.4206902e-10,1.4133111e-10,1.4206902e-10,-1.4133111e-10,0.0,0.0,0.0,0.0,-1080358.8,1.0624062e-11,0.0,-2.18757e-10,2.8314373e-10,1.4758227e-12,-2.2792185e-32,-0.0051135,-0.0051135,-2.2792185e-32,-2.2792185e-32,-0.0051135,-0.0051135,-2.2792185e-32,0.0,0.0,0.0041743317,0.0041743317,0.0,0.0,0.0041743317,0.0041743317,0.0,0.0,0.0,0.0,0.0041743317,0.0041743317,0.0041743317,0.0041743317,Uniaxial,0.9014999866485596
4.647287252140872e-28,126931.71875,192.8253173828125,0.0,0.9087399840354919,1.7425649811997346e-10,-0.0051315,0.0041779317,0.0041779317,-3.3087225e-19,3.98529e-19,7.591533e-20,-0.004793547,0.004110341,0.004110341,-1.7528046e-19,1.9664368e-19,5.4855206e-20,285284.47,-285284.47,-285284.47,285284.47,285284.47,-285284.47,-285284.47,285284.47,9.193907e-11,-1.278248e-10,0.0,0.0,1.2251276e-10,-9.7251096e-11,0.0,0.0,-1.5721037e-10,1.2663666e-10,1.5721037e-10,-1.2663666e-10,0.0,0.0,0.0,0.0,-1141137.9,1.0624062e-11,0.0,-2.1890596e-10,2.8403752e-10,2.9630014e-11,-7.597395e-33,-0.0051315,-0.0051315,-7.597395e-33,-7.597395e-33,-0.0051315,-0.0051315,-7.597395e-33,0.0,0.0,0.0041779317,0.0041779317,-0.0,-0.0,0.0041779317,0.0041779317,-0.0,-0.0,-0.0,-0.0,0.0041779317,0.0041779317,0.0041779317,0.0041779317,Uniaxial,0.9035000205039978
4.8523145317830455e-28,126952.8046875,213.91281127929688,0.0,0.9087399840354919,1.7425649811997346e-10,-0.0051495,0.0041815317,0.0041815317,-3.3224867e-19,3.970467e-19,9.9102855e-20,-0.004793547,0.004110341,0.004110341,-1.7528046e-19,1.9664368e-19,5.4855206e-20,300479.25,-300479.25,-300479.25,300479.25,300479.25,-300479.25,-300479.25,300479.25,8.7012134e-11,-1.3372e-10,0.0,0.0,1.496561e-10,-7.107604e-11,0.0,0.0,-1.6210006e-10,1.2070422e-10,1.8334818e-10,-9.94561e-11,0.0,0.0,0.0,0.0,-1201917.0,-3.1872185e-11,-4.249625e-11,-2.208425e-10,2.8195202e-10,6.2253126e-11,1e-45,-0.0051495,-0.0051495,1e-45,1e-45,-0.0051495,-0.0051495,1e-45,0.0,0.0,0.0041815317,0.0041815317,-0.0,-0.0,0.0041815317,0.0041815317,0.0,0.0,-0.0,-0.0,0.0041815317,0.0041815317,0.0041815317,0.0041815317,Uniaxial,0.9054999947547913
4.647287252140872e-28,126974.9921875,236.09432983398438,0.0,0.9087399840354919,1.7425649811997346e-10,-0.0051675,0.0041851318,0.0041851318,-3.3203692e-19,3.9842312e-19,7.9726976e-20,-0.004793547,0.004110341,0.004110341,-1.7528046e-19,1.9664368e-19,5.4855206e-20,315674.03,-315674.03,-315674.03,315674.03,315674.03,-315674.03,-315674.03,315674.03,7.772796e-11,-1.428552e-10,0.0,0.0,1.1098302e-10,-1.0960015e-10,0.0,0.0,-1.7976193e-10,1.04010627e-10,1.3726568e-10,-1.4650688e-10,0.0,0.0,0.0,0.0,-1262696.1,6.374437e-11,8.49925e-11,-2.2054457e-10,2.8388855e-10,3.4992717e-11,-1e-45,-0.0051675,-0.0051675,-1e-45,-1e-45,-0.0051675,-0.0051675,-1e-45,0.0,0.0,0.0041851318,0.0041851318,0.0,0.0,0.0041851318,0.0041851318,-0.0,-0.0,0.0,0.0,0.0041851318,0.0041851318,0.0041851318,0.0041851318,Uniaxial,0.9075000286102295
4.5789446650993185e-28,126998.265625,259.369873046875,0.0,0.9087399840354919,1.7425649811997346e-10,-0.0051855,0.0041887313,0.0041887313,-3.3193104e-19,3.9821136e-19,5.495126e-20,-0.004793547,0.004110341,0.004110341,-1.7528046e-19,1.9664368e-19,5.4855206e-20,330868.84,-330868.84,-330868.84,330868.84,330868.84,-330868.84,-330868.84,330868.84,1.10220555e-10,-1.1028813e-10,0.0,0.0,1.1028813e-10,-1.10220555e-10,0.0,0.0,-1.3122152e-10,1.5240206e-10,1.5246965e-10,-1.3115395e-10,0.0,0.0,0.0,0.0,-1323475.4,0.0,-4.249625e-11,-2.203956e-10,2.8359062e-10,1.351469e-13,-0.0,-0.0051855,-0.0051855,-0.0,-0.0,-0.0051855,-0.0051855,-0.0,-0.0,-0.0,0.0041887313,0.0041887313,-0.0,-0.0,0.0041887313,0.0041887313,-0.0,-0.0,-0.0,-0.0,0.0041887313,0.0041887313,0.0041887313,0.0041887313,Uniaxial,0.909500002861023
4.647287252140872e-28,127022.6328125,283.73944091796875,0.0,0.9087399840354919,1.7425649811997346e-10,-0.0052035,0.0041923313,0.0041923313,-3.3193104e-19,3.9895252e-19,7.475066e-20,-0.004793547,0.004110341,0.004110341,-1.7528046e-19,1.9664368e-19,5.4855206e-20,346063.62,-346063.62,-346063.62,346063.62,346063.62,-346063.62,-346063.62,346063.62,7.944105e-11,-1.4106764e-10,0.0,0.0,1.0919545e-10,-1.11313236e-10,0.0,0.0,-1.781978e-10,1.05947154e-10,1.3570156e-10,-1.4844341e-10,0.0,0.0,0.0,0.0,-1384254.5,6.374437e-11,8.49925e-11,-2.203956e-10,2.8463337e-10,2.7991411e-11,1e-45,-0.0052035,-0.0052035,1e-45,1e-45,-0.0052035,-0.0052035,1e-45,0.0,0.0,0.0041923313,0.0041923313,0.0,0.0,0.0041923313,0.0041923313,0.0,0.0,0.0,0.0,0.0041923313,0.0041923313,0.0041923313,0.0041923313,Uniaxial,0.9114999771118164
4.8523145317830455e-28,127048.1015625,309.2030334472656,0.0,0.9087399840354919,1.7425649811997346e-10,-0.0052215,0.0041959314,0.0041959314,-3.3193104e-19,3.9736433e-19,9.973813e-20,-0.004793547,0.004110341,0.004110341,-1.7528046e-19,1.9664368e-19,5.4855206e-20,361258.4,-361258.4,-361258.4,361258.4,361258.4,-361258.4,-361258.4,361258.4,7.3396886e-11,-1.471118e-10,0.0,0.0,1.3648774e-10,-8.402095e-11,0.0,0.0,-1.7305929e-10,1.09968444e-10,1.7305929e-10,-1.09968444e-10,0.0,0.0,0.0,0.0,-1445033.6,2.1248125e-11,0.0,-2.203956e-10,2.823989e-10,6.314691e-11,-0.0,-0.0052215,-0.0052215,-0.0,-0.0,-0.0052215,-0.0052215,-0.0,-0.0,-0.0,0.0041959314,0.0041959314,-0.0,-0.0,0.0041959314,0.0041959314,-0.0,-0.0,-0.0,-0.0,0.0041959314,0.0041959314,0.0041959314,0.0041959314,Uniaxial,0.9135000109672546
4.647287252140872e-28,127074.65625,335.7606506347656,0.0,0.9087399840354919,1.7425649811997346e-10,-0.0052395,0.0041995314,0.0041995314,-3.3203692e-19,3.9863488e-19,7.9726976e-20,-0.004793547,0.004110341,0.004110341,-1.7528046e-19,1.9664368e-19,5.4855206e-20,376453.22,-376453.22,-376453.22,376453.22,376453.22,-376453.22,-376453.22,376453.22,1.01632106e-10,-1.1895107e-10,0.0,0.0,1.3488716e-10,-8.5696006e-11,0.0,0.0,-1.5858828e-10,1.2533323e-10,1.5858828e-10,-1.2533323e-10,0.0,0.0,0.0,0.0,-1505812.9,-3.1872185e-11,0.0,-2.2054457e-10,2.8418648e-10,3.4992717e-11,0.0,-0.0052395,-0.0052395,0.0,-0.0,-0.0052395,-0.0052395,-0.0,-0.0,-0.0,0.0041995314,0.0041995314,0.0,0.0,0.0041995314,0.0041995314,-0.0,-0.0,0.0,0.0,0.0041995314,0.0041995314,0.0041995314,0.0041995314,Uniaxial,0.9154999852180481
4.5789446650993185e-28,127102.3046875,363.41229248046875,0.0,0.9087399840354919,1.7425649811997346e-10,-0.0052575,0.0042031314,0.0042031314,-3.3203692e-19,3.974702e-19,5.505714e-20,-0.004793547,0.004110341,0.004110341,-1.7528046e-19,1.9664368e-19,5.4855206e-20,391648.0,-391648.0,-391648.0,391648.0,391648.0,-391648.0,-391648.0,391648.0,1.181886e-10,-1.02394565e-10,0.0,0.0,1.1833066e-10,-1.0225251e-10,0.0,0.0,-1.3099807e-10,1.5210415e-10,1.522462e-10,-1.3085602e-10,0.0,0.0,0.0,0.0,-1566592.0,-3.1872185e-11,-4.249625e-11,-2.2054457e-10,2.8254787e-10,2.8411087e-13,-1e-45,-0.0052575,-0.0052575,-1e-45,-1e-45,-0.0052575,-0.0052575,-1e-45,0.0,0.0,0.0042031314,0.0042031314,0.0,0.0,0.0042031314,0.0042031314,0.0,0.0,0.0,0.0,0.0042031314,0.0042031314,0.0042031314,0.0042031314,Uniaxial,0.9175000190734863
4.647287252140872e-28,127131.0546875,392.157958984375,0.0,0.9087399840354919,1.7425649811997346e-10,-0.0052755,0.0042067314,0.0042067314,-3.3203692e-19,3.9979955e-19,7.5174174e-20,-0.004793547,0.004110341,0.004110341,-1.7528046e-19,1.9664368e-19,5.4855206e-20,406842.78,-406842.78,-406842.78,406842.78,406842.78,-406842.78,-406842.78,406842.78,7.932933e-11,-1.4125384e-10,0.0,0.0,1.09381657e-10,-1.1120151e-10,0.0,0.0,-1.786447e-10,1.0609612e-10,1.3614845e-10,-1.4859237e-10,0.0,0.0,0.0,0.0,-1627371.1,6.374437e-11,8.49925e-11,-2.2054457e-10,2.8582509e-10,2.8587266e-11,1e-45,-0.0052755,-0.0052755,1e-45,1e-45,-0.0052755,-0.0052755,1e-45,0.0,0.0,0.0042067314,0.0042067314,-0.0,-0.0,0.0042067314,0.0042067314,0.0,0.0,-0.0,-0.0,0.0042067314,0.0042067314,0.0042067314,0.0042067314,Uniaxial,0.9194999933242798
4.8523145317830455e-28,127160.890625,421.9976501464844,0.0,0.9087399840354919,1.7425649811997346e-10,-0.0052935,0.0042103315,0.0042103315,-3.3203692e-19,3.9874076e-19,9.963225e-20,-0.004793547,0.004110341,0.004110341,-1.7528046e-19,1.9664368e-19,5.4855206e-20,422037.56,-422037.56,-422037.56,422037.56,422037.56,-422037.56,-422037.56,422037.56,8.940746e-11,-1.3117571e-10,0.0,0.0,1.5242382e-10,-6.815934e-11,0.0,0.0,-1.5225805e-10,1.3173794e-10,1.9475431e-10,-8.924169e-11,0.0,0.0,0.0,0.0,-1688150.2,-4.249625e-11,-8.49925e-11,-2.2054457e-10,2.8433544e-10,6.299795e-11,-1e-45,-0.0052935,-0.0052935,-1e-45,-1e-45,-0.0052935,-0.0052935,-1e-45,-0.0,-0.0,0.0042103315,0.0042103315,-0.0,-0.0,0.0042103315,0.0042103315,-0.0,-0.0,-0.0,-0.0,0.0042103315,0.0042103315,0.0042103315,0.0042103315,Uniaxial,0.921500027179718
4.647287252140872e-28,127191.828125,452.9313659667969,0.0,0.9087399840354919,1.7425649811997346e-10,-0.0053115,0.0042139315,0.0042139315,-3.3203692e-19,3.979996e-19,7.9832855e-20,-0.004793547,0.004110341,0.004110341,-1.7528046e-19,1.9664368e-19,5.4855206e-20,437232.38,-437232.38,-437232.38,437232.38,437232.38,-437232.38,-437232.38,437232.38,9.893884e-11,-1.2164432e-10,0.0,0.0,1.3226839e-10,-8.8314786e-11,0.0,0.0,-1.5840208e-10,1.2507255e-10,1.5840208e-10,-1.2507255e-10,0.0,0.0,0.0,0.0,-1748929.5,-2.1248125e-11,0.0,-2.2054457e-10,2.832927e-10,3.514168e-11,1e-45,-0.0053115,-0.0053115,1e-45,1e-45,-0.0053115,-0.0053115,1e-45,0.0,0.0,0.0042139315,0.0042139315,0.0,0.0,0.0042139315,0.0042139315,0.0,0.0,0.0,0.0,0.0042139315,0.0042139315,0.0042139315,0.0042139315,Uniaxial,0.9235000014305115
4.5789446650993185e-28,127223.8515625,484.9591064453125,0.0,0.9087399840354919,1.7425649811997346e-10,-0.0053295,0.0042175315,0.0042175315,-3.3288395e-19,3.98529e-19,5.4633625e-20,-0.004793547,0.004110341,0.004110341,-1.7528046e-19,1.9664368e-19,5.4855206e-20,452427.16,-452427.16,-452427.16,452427.16,452427.16,-452427.16,-452427.16,452427.16,1.0004338e-10,-1.2113564e-10,0.0,0.0,9.9887515e-11,-1.212915e-10,0.0,0.0,-1.630937e-10,1.2075332e-10,1.2059746e-10,-1.6324958e-10,0.0,0.0,0.0,0.0,-1809708.6,4.249625e-11,8.49925e-11,-2.2173628e-10,2.8403752e-10,-3.1174504e-13,-1e-45,-0.0053295,-0.0053295,-1e-45,-1e-45,-0.0053295,-0.0053295,-1e-45,-0.0,-0.0,0.0042175315,0.0042175315,-0.0,-0.0,0.0042175315,0.0042175315,0.0,0.0,0.0,0.0,0.0042175315,0.0042175315,0.0042175315,0.0042175315,Uniaxial,0.9254999756813049
4.647287252140872e-28,127256.9765625,518.0808715820312,0.0,0.9087399840354919,1.7425649811997346e-10,-0.0053475,0.0042211316,0.0042211316,-3.321428e-19,3.970467e-19,7.464478e-20,-0.004793547,0.004110341,0.004110341,-1.7528046e-19,1.9664368e-19,5.4855206e-20,467621.94,-467621.94,-467621.94,467621.94,467621.94,-467621.94,-467621.94,467621.94,1.2736105e-10,-9.32966e-11,0.0,0.0,1.5704098e-10,-6.3616674e-11,0.0,0.0,-1.1374585e-10,1.6905843e-10,1.9873836e-10,-8.4065935e-11,0.0,0.0,0.0,0.0,-1870487.8,-1.2748874e-10,-1.69985e-10,-2.2069353e-10,2.8195202e-10,2.7842447e-11,1e-45,-0.0053475,-0.0053475,1e-45,1e-45,-0.0053475,-0.0053475,1e-45,-0.0,-0.0,0.0042211316,0.0042211316,-0.0,-0.0,0.0042211316,0.0042211316,-0.0,-0.0,-0.0,-0.0,0.0042211316,0.0042211316,0.0042211316,0.0042211316,Uniaxial,0.9275000095367432
4.8523145317830455e-28,127291.1953125,552.2966918945312,0.0,0.9087399840354919,1.7425649811997346e-10,-0.0053655,0.0042247316,0.0042247316,-3.3171928e-19,3.9768197e-19,1.0005577e-19,-0.004793547,0.004110341,0.004110341,-1.7528046e-19,1.9664368e-19,5.4855206e-20,482816.72,-482816.72,-482816.72,482816.72,482816.72,-482816.72,-482816.72,482816.72,7.321068e-11,-1.4714904e-10,0.0,0.0,1.3652497e-10,-8.3834745e-11,0.0,0.0,-1.7328274e-10,1.09968444e-10,1.7328274e-10,-1.09968444e-10,0.0,0.0,0.0,0.0,-1931266.9,2.1248125e-11,0.0,-2.2009768e-10,2.828458e-10,6.3593804e-11,0.0,-0.0053655,-0.0053655,0.0,0.0,-0.0053655,-0.0053655,0.0,0.0,0.0,0.0042247316,0.0042247316,0.0,0.0,0.0042247316,0.0042247316,0.0,0.0,0.0,0.0,0.0042247316,0.0042247316,0.0042247316,0.0042247316,Uniaxial,0.9294999837875366
4.647287252140872e-28,127326.5,587.6065063476562,0.0,0.9087399840354919,1.7425649811997346e-10,-0.0053835,0.0042283316,0.0042283316,-3.3171928e-19,3.9916428e-19,7.919758e-20,-0.004793547,0.004110341,0.004110341,-1.7528046e-19,1.9664368e-19,5.4855206e-20,498011.53,-498011.53,-498011.53,498011.53,498011.53,-498011.53,-498011.53,498011.53,9.9050566e-11,-1.2130916e-10,0.0,0.0,1.3193321e-10,-8.842651e-11,0.0,0.0,-1.5858828e-10,1.2570564e-10,1.5858828e-10,-1.2570564e-10,0.0,0.0,0.0,0.0,-1992046.1,-2.1248125e-11,0.0,-2.2009768e-10,2.849313e-10,3.42479e-11,-0.0,-0.0053835,-0.0053835,-0.0,-0.0,-0.0053835,-0.0053835,-0.0,-0.0,-0.0,0.0042283316,0.0042283316,0.0,0.0,0.0042283316,0.0042283316,-0.0,-0.0,-0.0,-0.0,0.0042283316,0.0042283316,0.0042283316,0.0042283316,Uniaxial,0.9315000176429749
4.5789446650993185e-28,127362.90625,624.0103149414062,0.0,0.9087399840354919,1.7425649811997346e-10,-0.0054015,0.0042319316,0.0042319316,-3.3277807e-19,3.9874076e-19,5.4845383e-20,-0.004793547,0.004110341,0.004110341,-1.7528046e-19,1.9664368e-19,5.4855206e-20,513206.3,-513206.3,-513206.3,513206.3,513206.3,-513206.3,-513206.3,513206.3,1.05243696e-10,-1.1586085e-10,0.0,0.0,1.05236785e-10,-1.1586775e-10,0.0,0.0,-1.4199454e-10,1.4200145e-10,1.4199454e-10,-1.4200145e-10,0.0,0.0,0.0,0.0,-2052825.2,2.1248125e-11,0.0,-2.2158732e-10,2.8433544e-10,-1.3817083e-14,-1e-45,-0.0054015,-0.0054015,-1e-45,-1e-45,-0.0054015,-0.0054015,-1e-45,-0.0,-0.0,0.0042319316,0.0042319316,0.0,0.0,0.0042319316,0.0042319316,0.0,0.0,0.0,0.0,0.0042319316,0.0042319316,0.0042319316,0.0042319316,Uniaxial,0.9334999918937683
4.647287252140872e-28,127400.40625,661.5081787109375,0.0,0.9087399840354919,1.7425649811997346e-10,-0.0054195,0.0042355317,0.0042355317,-3.321428e-19,3.974702e-19,7.464478e-20,-0.004793547,0.004110341,0.004110341,-1.7528046e-19,1.9664368e-19,5.4855206e-20,528401.1,-528401.1,-528401.1,528401.1,528401.1,-528401.1,-528401.1,528401.1,1.00800895e-10,-1.1985675e-10,0.0,0.0,1.3048082e-10,-9.017683e-11,0.0,0.0,-1.776392e-10,1.0546302e-10,1.3514294e-10,-1.4795927e-10,0.0,0.0,0.0,0.0,-2113604.5,-2.1248125e-11,8.49925e-11,-2.2069353e-10,2.8254787e-10,2.7842447e-11,-0.0,-0.0054195,-0.0054195,-0.0,-0.0,-0.0054195,-0.0054195,-0.0,-0.0,-0.0,0.0042355317,0.0042355317,-0.0,-0.0,0.0042355317,0.0042355317,-0.0,-0.0,-0.0,-0.0,0.0042355317,0.0042355317,0.0042355317,0.0042355317,Uniaxial,0.9355000257492065
4.8523145317830455e-28,127438.9921875,700.10009765625,0.0,0.9087399840354919,1.7425649811997346e-10,-0.0054375,0.0042391317,0.0042391317,-3.3182516e-19,3.979996e-19,9.942049e-20,-0.004793547,0.004110341,0.004110341,-1.7528046e-19,1.9664368e-19,5.4855206e-20,543595.9,-543595.9,-543595.9,543595.9,543595.9,-543595.9,-543595.9,543595.9,4.691121e-11,-1.7352299e-10,0.0,0.0,1.0977862e-10,-1.1065559e-10,0.0,0.0,-2.1566726e-10,6.7807364e-11,1.3067476e-10,-1.5279986e-10,0.0,0.0,0.0,0.0,-2174383.5,1.2748874e-10,1.69985e-10,-2.2024664e-10,2.832927e-10,6.270002e-11,1e-45,-0.0054375,-0.0054375,1e-45,1e-45,-0.0054375,-0.0054375,1e-45,0.0,0.0,0.0042391317,0.0042391317,0.0,0.0,0.0042391317,0.0042391317,0.0,0.0,0.0,0.0,0.0042391317,0.0042391317,0.0042391317,0.0042391317,Uniaxial,0.9375
4.647287252140872e-28,127478.6796875,739.7860107421875,0.0,0.9087399840354919,1.7425649811997346e-10,-0.0054555,0.0042427317,0.0042427317,-3.3182516e-19,3.9842312e-19,7.9938734e-20,-0.004793547,0.004110341,0.004110341,-1.7528046e-19,1.9664368e-19,5.4855206e-20,558790.7,-558790.7,-558790.7,558790.7,558790.7,-558790.7,-558790.7,558790.7,9.882712e-11,-1.2160709e-10,0.0,0.0,1.3223114e-10,-8.820306e-11,0.0,0.0,-1.5858828e-10,1.2518427e-10,1.5858828e-10,-1.2518427e-10,0.0,0.0,0.0,0.0,-2235162.8,-2.1248125e-11,0.0,-2.2024664e-10,2.8388855e-10,3.5290645e-11,-1e-45,-0.0054555,-0.0054555,-1e-45,-1e-45,-0.0054555,-0.0054555,-1e-45,-0.0,-0.0,0.0042427317,0.0042427317,-0.0,-0.0,0.0042427317,0.0042427317,-0.0,-0.0,-0.0,-0.0,0.0042427317,0.0042427317,0.0042427317,0.0042427317,Uniaxial,0.9394999742507935
4.5789446650993185e-28,127519.4609375,780.56591796875,0.0,0.9087399840354919,1.7425649811997346e-10,-0.0054735,0.0042463318,0.0042463318,-3.3193104e-19,3.98529e-19,5.505714e-20,-0.004793547,0.004110341,0.004110341,-1.7528046e-19,1.9664368e-19,5.4855206e-20,573985.5,-573985.5,-573985.5,573985.5,573985.5,-573985.5,-573985.5,573985.5,9.955925e-11,-1.2094943e-10,0.0,0.0,9.970131e-11,-1.2080738e-10,0.0,0.0,-1.4199454e-10,1.4185249e-10,1.4199454e-10,-1.4185249e-10,0.0,0.0,0.0,0.0,-2295942.0,4.249625e-11,0.0,-2.203956e-10,2.8403752e-10,2.8411087e-13,1e-45,-0.0054735,-0.0054735,1e-45,1e-45,-0.0054735,-0.0054735,1e-45,0.0,0.0,0.0042463318,0.0042463318,0.0,0.0,0.0042463318,0.0042463318,0.0,0.0,0.0,0.0,0.0042463318,0.0042463318,0.0042463318,0.0042463318,Uniaxial,0.9415000081062317
4.647287252140872e-28,127561.3359375,822.43994140625,0.0,0.9087399840354919,1.7425649811997346e-10,-0.0054915,0.0042499313,0.0042499313,-3.3203692e-19,3.975761e-19,7.4962416e-20,-0.004793547,0.004110341,0.004110341,-1.7528046e-19,1.9664368e-19,5.4855206e-20,589180.25,-589180.25,-589180.25,589180.25,589180.25,-589180.25,-589180.25,589180.25,7.4091774e-11,-1.4649139e-10,0.0,0.0,1.03995146e-10,-1.1658803e-10,0.0,0.0,-1.7778816e-10,1.0538854e-10,1.352919e-10,-1.4788479e-10,0.0,0.0,0.0,0.0,-2356721.0,8.49925e-11,8.49925e-11,-2.2054457e-10,2.8269684e-10,2.828934e-11,-1e-45,-0.0054915,-0.0054915,-1e-45,-1e-45,-0.0054915,-0.0054915,-1e-45,0.0,0.0,0.0042499313,0.0042499313,-0.0,-0.0,0.0042499313,0.0042499313,0.0,0.0,-0.0,-0.0,0.0042499313,0.0042499313,0.0042499313,0.0042499313,Uniaxial,0.9434999823570251
4.8523145317830455e-28,127604.3046875,865.4078979492188,0.0,0.9087399840354919,1.7425649811997346e-10,-0.0055095,0.0042535313,0.0042535313,-3.321428e-19,3.9990543e-19,9.963225e-20,-0.004793547,0.004110341,0.004110341,-1.7528046e-19,1.9664368e-19,5.4855206e-20,604375.06,-604375.06,-604375.06,604375.06,604375.06,-604375.06,-604375.06,604375.06,7.882064e-11,-1.4183701e-10,0.0,0.0,1.4183701e-10,-7.882064e-11,0.0,0.0,-1.5266771e-10,1.3214758e-10,1.9516395e-10,-8.965134e-11,0.0,0.0,0.0,0.0,-2417500.2,0.0,-8.49925e-11,-2.2069353e-10,2.8597405e-10,6.299795e-11,-0.0,-0.0055095,-0.0055095,-0.0,-0.0,-0.0055095,-0.0055095,-0.0,-0.0,-0.0,0.0042535313,0.0042535313,-0.0,-0.0,0.0042535313,0.0042535313,-0.0,-0.0,-0.0,-0.0,0.0042535313,0.0042535313,0.0042535313,0.0042535313,Uniaxial,0.9455000162124634
4.647287252140872e-28,127648.3671875,909.4699096679688,0.0,0.9087399840354919,1.7425649811997346e-10,-0.0055275,0.0042571314,0.0042571314,-3.3224867e-19,3.9789373e-19,7.96211e-20,-0.004793547,0.004110341,0.004110341,-1.7528046e-19,1.9664368e-19,5.4855206e-20,619569.9,-619569.9,-619569.9,619569.9,619569.9,-619569.9,-619569.9,619569.9,9.908781e-11,-1.2164432e-10,0.0,0.0,1.3226839e-10,-8.846375e-11,0.0,0.0,-1.5829035e-10,1.2510978e-10,1.5829035e-10,-1.2510978e-10,0.0,0.0,0.0,0.0,-2478279.5,-2.1248125e-11,0.0,-2.208425e-10,2.8314373e-10,3.4843753e-11,1e-45,-0.0055275,-0.0055275,1e-45,1e-45,-0.0055275,-0.0055275,1e-45,0.0,0.0,0.0042571314,0.0042571314,0.0,0.0,0.0042571314,0.0042571314,0.0,0.0,0.0,0.0,0.0042571314,0.0042571314,0.0042571314,0.0042571314,Uniaxial,0.9474999904632568
4.5789446650993185e-28,127693.5234375,954.6259765625,0.0,0.9087399840354919,1.7425649811997346e-10,-0.0055455,0.0042607314,0.0042607314,-3.3224867e-19,3.9874076e-19,5.52689e-20,-0.004793547,0.004110341,0.004110341,-1.7528046e-19,1.9664368e-19,5.4855206e-20,634764.6,-634764.6,-634764.6,634764.6,634764.6,-634764.6,-634764.6,634764.6,1.2084461e-10,-9.9887515e-11,0.0,0.0,1.2113564e-10,-9.959649e-11,0.0,0.0,-1.421435e-10,1.4185249e-10,1.421435e-10,-1.4185249e-10,0.0,0.0,0.0,0.0,-2539058.5,-4.249625e-11,0.0,-2.208425e-10,2.8433544e-10,5.820388e-13,0.0,-0.0055455,-0.0055455,0.0,0.0,-0.0055455,-0.0055455,0.0,0.0,0.0,0.0042607314,0.0042607314,0.0,0.0,0.0042607314,0.0042607314,-0.0,-0.0,0.0,0.0,0.0042607314,0.0042607314,0.0042607314,0.0042607314,Uniaxial,0.9495000243186951
4.647287252140872e-28,127739.7734375,1000.8760375976562,0.0,0.9087399840354919,1.7425649811997346e-10,-0.0055635,0.0042643314,0.0042643314,-3.321428e-19,3.9725845e-19,7.443302e-20,-0.004793547,0.004110341,0.004110341,-1.7528046e-19,1.9664368e-19,5.4855206e-20,649959.44,-649959.44,-649959.44,649959.44,649959.44,-649959.44,-649959.44,649959.44,1.06187406e-10,-1.1447024e-10,0.0,0.0,1.3571837e-10,-8.4939285e-11,0.0,0.0,-1.1374585e-10,1.692074e-10,1.9873836e-10,-8.42149e-11,0.0,0.0,0.0,0.0,-2599837.8,-4.249625e-11,-1.69985e-10,-2.2069353e-10,2.8224995e-10,2.7544519e-11,1e-45,-0.0055635,-0.0055635,1e-45,1e-45,-0.0055635,-0.0055635,1e-45,0.0,0.0,0.0042643314,0.0042643314,-0.0,-0.0,0.0042643314,0.0042643314,-0.0,-0.0,-0.0,-0.0,0.0042643314,0.0042643314,0.0042643314,0.0042643314,Uniaxial,0.9514999985694885
4.8523145317830455e-28,127787.1171875,1048.2200927734375,0.0,0.9087399840354919,1.7425649811997346e-10,-0.0055815,0.0042679315,0.0042679315,-3.321428e-19,3.9778785e-19,9.963225e-20,-0.004793547,0.004110341,0.004110341,-1.7528046e-19,1.9664368e-19,5.4855206e-20,665154.2,-665154.2,-665154.2,665154.2,665154.2,-665154.2,-665154.2,665154.2,6.819658e-11,-1.5246107e-10,0.0,0.0,1.3121294e-10,-8.94447e-11,0.0,0.0,-1.7317102e-10,1.1015465e-10,1.7317102e-10,-1.1015465e-10,0.0,0.0,0.0,0.0,-2660616.8,4.249625e-11,0.0,-2.2069353e-10,2.8299477e-10,6.299795e-11,-1e-45,-0.0055815,-0.0055815,-1e-45,-1e-45,-0.0055815,-0.0055815,-1e-45,0.0,0.0,0.0042679315,0.0042679315,0.0,0.0,0.0042679315,0.0042679315,0.0,0.0,0.0,0.0,0.0042679315,0.0042679315,0.0042679315,0.0042679315,Uniaxial,0.953499972820282
4.647287252140872e-28,127835.5546875,1096.658203125,0.0,0.9087399840354919,1.7425649811997346e-10,-0.0055995,0.0042715315,0.0042715315,-3.321428e-19,3.9916428e-19,7.9726976e-20,-0.004793547,0.004110341,0.004110341,-1.7528046e-19,1.9664368e-19,5.4855206e-20,680349.0,-680349.0,-680349.0,680349.0,680349.0,-680349.0,-680349.0,680349.0,7.7765204e-11,-1.4289245e-10,0.0,0.0,1.1102026e-10,-1.0963739e-10,0.0,0.0,-1.587745e-10,1.2551943e-10,1.587745e-10,-1.2551943e-10,0.0,0.0,0.0,0.0,-2721396.0,6.374437e-11,0.0,-2.2069353e-10,2.849313e-10,3.4992717e-11,-0.0,-0.0055995,-0.0055995,-0.0,-0.0,-0.0055995,-0.0055995,-0.0,-0.0,-0.0,0.0042715315,0.0042715315,-0.0,-0.0,0.0042715315,0.0042715315,-0.0,-0.0,-0.0,-0.0,0.0042715315,0.0042715315,0.0042715315,0.0042715315,Uniaxial,0.9555000066757202
4.5789446650993185e-28,127885.0859375,1146.1904296875,0.0,0.9087399840354919,1.7425649811997346e-10,-0.0056175,0.0042751315,0.0042751315,-3.321428e-19,3.9863488e-19,5.4739504e-20,-0.004793547,0.004110341,0.004110341,-1.7528046e-19,1.9664368e-19,5.4855206e-20,695543.8,-695543.8,-695543.8,695543.8,695543.8,-695543.8,-695543.8,695543.8,9.9745455e-11,-1.209122e-10,0.0,0.0,9.966407e-11,-1.2099358e-10,0.0,0.0,-1.4192006e-10,1.4200145e-10,1.4192006e-10,-1.4200145e-10,0.0,0.0,0.0,0.0,-2782175.2,4.249625e-11,0.0,-2.2069353e-10,2.8418648e-10,-1.6278106e-13,1e-45,-0.0056175,-0.0056175,1e-45,1e-45,-0.0056175,-0.0056175,1e-45,-0.0,-0.0,0.0042751315,0.0042751315,0.0,0.0,0.0042751315,0.0042751315,0.0,0.0,0.0,0.0,0.0042751315,0.0042751315,0.0042751315,0.0042751315,Uniaxial,0.9574999809265137
4.647287252140872e-28,127935.7109375,1196.8165283203125,0.0,0.9087399840354919,1.7425649811997346e-10,-0.0056355,0.0042787315,0.0042787315,-3.321428e-19,3.9725845e-19,7.475066e-20,-0.004793547,0.004110341,0.004110341,-1.7528046e-19,1.9664368e-19,5.4855206e-20,710738.56,-710738.56,-710738.56,710738.56,710738.56,-710738.56,-710738.56,710738.56,9.013959e-11,-1.3051805e-10,0.0,0.0,1.19894e-10,-1.00763654e-10,0.0,0.0,-1.7760195e-10,1.053513e-10,1.351057e-10,-1.4784755e-10,0.0,0.0,0.0,0.0,-2842954.2,2.1248125e-11,8.49925e-11,-2.2069353e-10,2.8224995e-10,2.7991411e-11,-0.0,-0.0056355,-0.0056355,-0.0,-0.0,-0.0056355,-0.0056355,-0.0,0.0,0.0,0.0042787315,0.0042787315,-0.0,-0.0,0.0042787315,0.0042787315,-0.0,-0.0,-0.0,-0.0,0.0042787315,0.0042787315,0.0042787315,0.0042787315,Uniaxial,0.9595000147819519
4.8523145317830455e-28,127987.4296875,1248.5367431640625,0.0,0.9087399840354919,1.7425649811997346e-10,-0.0056535,0.0042823316,0.0042823316,-3.321428e-19,3.9863488e-19,9.942049e-20,-0.004793547,0.004110341,0.004110341,-1.7528046e-19,1.9664368e-19,5.4855206e-20,725933.4,-725933.4,-725933.4,725933.4,725933.4,-725933.4,-725933.4,725933.4,8.9519184e-11,-1.3113846e-10,0.0,0.0,1.5238659e-10,-6.827106e-11,0.0,0.0,-1.7339447e-10,1.1052705e-10,1.7339447e-10,-1.1052705e-10,0.0,0.0,0.0,0.0,-2903733.5,-4.249625e-11,0.0,-2.2069353e-10,2.8418648e-10,6.270002e-11,-0.0,-0.0056535,-0.0056535,-0.0,-0.0,-0.0056535,-0.0056535,-0.0,0.0,0.0,0.0042823316,0.0042823316,-0.0,-0.0,0.0042823316,0.0042823316,-0.0,-0.0,-0.0,-0.0,0.0042823316,0.0042823316,0.0042823316,0.0042823316,Uniaxial,0.9614999890327454
4.647287252140872e-28,128040.25,1301.3509521484375,0.0,0.9087399840354919,1.7425649811997346e-10,-0.0056715,0.0042859316,0.0042859316,-3.321428e-19,3.9831724e-19,7.9726976e-20,-0.004793547,0.004110341,0.004110341,-1.7528046e-19,1.9664368e-19,5.4855206e-20,741128.2,-741128.2,-741128.2,741128.2,741128.2,-741128.2,-741128.2,741128.2,9.9013325e-11,-1.2164432e-10,0.0,0.0,1.3226839e-10,-8.838927e-11,0.0,0.0,-1.5847657e-10,1.2522151e-10,1.5847657e-10,-1.2522151e-10,0.0,0.0,0.0,0.0,-2964512.8,-2.1248125e-11,0.0,-2.2069353e-10,2.837396e-10,3.4992717e-11,-1e-45,-0.0056715,-0.0056715,-1e-45,-1e-45,-0.0056715,-0.0056715,-1e-45,-0.0,-0.0,0.0042859316,0.0042859316,0.0,0.0,0.0042859316,0.0042859316,0.0,0.0,0.0,0.0,0.0042859316,0.0042859316,0.0042859316,0.0042859316,Uniaxial,0.9635000228881836
4.5789446650993185e-28,128094.15625,1355.2591552734375,0.0,0.9087399840354919,1.7425649811997346e-10,-0.0056895,0.0042895316,0.0042895316,-3.321428e-19,3.9725845e-19,5.4845383e-20,-0.004793547,0.004110341,0.004110341,-1.7528046e-19,1.9664368e-19,5.4855206e-20,756322.94,-756322.94,-756322.94,756322.94,756322.94,-756322.94,-756322.94,756322.94,1.2095634e-10,-9.970131e-11,0.0,0.0,1.2094943e-10,-9.9708214e-11,0.0,0.0,-1.4147317e-10,1.4148008e-10,1.4147317e-10,-1.4148008e-10,0.0,0.0,0.0,0.0,-3025291.8,-4.249625e-11,0.0,-2.2069353e-10,2.8224995e-10,-1.3817083e-14,0.0,-0.0056895,-0.0056895,0.0,0.0,-0.0056895,-0.0056895,0.0,0.0,0.0,0.0042895316,0.0042895316,0.0,0.0,0.0042895316,0.0042895316,0.0,0.0,0.0,0.0,0.0042895316,0.0042895316,0.0042895316,0.0042895316,Uniaxial,0.965499997138977
4.647287252140872e-28,128149.15625,1410.261474609375,0.0,0.9087399840354919,1.7425649811997346e-10,-0.0057075,0.0042931316,0.0042931316,-3.321428e-19,3.9874076e-19,7.5068295e-20,-0.004793547,0.004110341,0.004110341,-1.7528046e-19,1.9664368e-19,5.4855206e-20,771517.75,-771517.75,-771517.75,771517.75,771517.75,-771517.75,-771517.75,771517.75,1.0065193e-10,-1.2000571e-10,0.0,0.0,1.3062978e-10,-9.002787e-11,0.0,0.0,-1.357388e-10,1.482572e-10,1.7823505e-10,-1.0576095e-10,0.0,0.0,0.0,0.0,-3086071.0,-2.1248125e-11,-8.49925e-11,-2.2069353e-10,2.8433544e-10,2.8438302e-11,1e-45,-0.0057075,-0.0057075,1e-45,1e-45,-0.0057075,-0.0057075,1e-45,-0.0,-0.0,0.0042931316,0.0042931316,-0.0,-0.0,0.0042931316,0.0042931316,-0.0,-0.0,-0.0,-0.0,0.0042931316,0.0042931316,0.0042931316,0.0042931316,Uniaxial,0.9674999713897705
4.8523145317830455e-28,128205.25,1466.3577880859375,0.0,0.9087399840354919,1.7425649811997346e-10,-0.0057255,0.0042967317,0.0042967317,-3.321428e-19,3.98529e-19,9.984401e-20,-0.004793547,0.004110341,0.004110341,-1.7528046e-19,1.9664368e-19,5.4855206e-20,786712.56,-786712.56,-786712.56,786712.56,786712.56,-786712.56,-786712.56,786712.56,7.8746155e-11,-1.419115e-10,0.0,0.0,1.419115e-10,-7.8746155e-11,0.0,0.0,-1.3100994e-10,1.528371e-10,2.1600244e-10,-6.7844605e-11,0.0,0.0,0.0,0.0,-3146850.2,0.0,-1.69985e-10,-2.2069353e-10,2.8403752e-10,6.3295875e-11,-1e-45,-0.0057255,-0.0057255,-1e-45,-1e-45,-0.0057255,-0.0057255,-1e-45,0.0,0.0,0.0042967317,0.0042967317,0.0,0.0,0.0042967317,0.0042967317,0.0,0.0,0.0,0.0,0.0042967317,0.0042967317,0.0042967317,0.0042967317,Uniaxial,0.9695000052452087
4.5789446650993185e-28,128262.4453125,1523.548095703125,0.0,0.9087399840354919,1.7425649811997346e-10,-0.0057435,0.0043003317,0.0043003317,-3.321428e-19,3.9831724e-19,7.930346e-20,-0.004793547,0.004110341,0.004110341,-1.7528046e-19,1.9664368e-19,5.4855206e-20,801907.3,-801907.3,-801907.3,801907.3,801907.3,-801907.3,-801907.3,801907.3,8.048148e-11,-1.4017616e-10,0.0,0.0,9.767991e-11,-1.2297774e-10,0.0,0.0,-1.7169638e-10,1.1200169e-10,1.2920012e-10,-1.5449794e-10,0.0,0.0,0.0,0.0,-3207629.2,8.49925e-11,8.49925e-11,-2.2069353e-10,2.837396e-10,3.439686e-11,-1e-45,-0.0057435,-0.0057435,-1e-45,-1e-45,-0.0057435,-0.0057435,-1e-45,-0.0,-0.0,0.0043003317,0.0043003317,0.0,0.0,0.0043003317,0.0043003317,0.0,0.0,0.0,0.0,0.0043003317,0.0043003317,0.0043003317,0.0043003317,Uniaxial,0.9714999794960022
4.647287252140872e-28,128320.7265625,1581.8323974609375,0.0,0.9087399840354919,1.7425649811997346e-10,-0.0057615,0.0043039317,0.0043039317,-3.3203692e-19,3.990584e-19,9.762055e-20,-0.004793547,0.004110341,0.004110341,-1.7528046e-19,1.9664368e-19,5.4855206e-20,817102.1,-817102.1,-817102.1,817102.1,817102.1,-817102.1,-817102.1,817102.1,7.1434234e-11,-1.4914893e-10,0.0,0.0,1.1727674e-10,-1.0330642e-10,0.0,0.0,-1.862791e-10,9.794034e-11,1.4378286e-10,-1.4043659e-10,0.0,0.0,0.0,0.0,-3268408.5,6.374437e-11,8.49925e-11,-2.2054457e-10,2.8478234e-10,6.016763e-11,3e-45,-0.0057615,-0.0057615,3e-45,3e-45,-0.0057615,-0.0057615,3e-45,-0.0,-0.0,0.0043039317,0.0043039317,-0.0,-0.0,0.0043039317,0.0043039317,-0.0,-0.0,-0.0,-0.0,0.0043039317,0.0043039317,0.0043039317,0.0043039317,Uniaxial,0.9735000133514404
4.647287252140872e-28,128380.109375,1641.2108154296875,0.0,0.9087399840354919,1.7425649811997346e-10,-0.0057795,0.0043075318,0.0043075318,-3.3193104e-19,3.9821136e-19,1.00373404e-19,-0.004793547,0.004110341,0.004110341,-1.7528046e-19,1.9664368e-19,5.4855206e-20,832296.9,-832296.9,-832296.9,832296.9,832296.9,-832296.9,-832296.9,832296.9,9.1676854e-11,-1.2883183e-10,0.0,0.0,1.3945589e-10,-8.105279e-11,0.0,0.0,-1.4445319e-10,1.391704e-10,1.8694944e-10,-9.667415e-11,0.0,0.0,0.0,0.0,-3329187.5,-2.1248125e-11,-8.49925e-11,-2.203956e-10,2.8359062e-10,6.4040696e-11,-1e-45,-0.0057795,-0.0057795,-1e-45,-1e-45,-0.0057795,-0.0057795,-1e-45,0.0,0.0,0.0043075318,0.0043075318,0.0,0.0,0.0043075318,0.0043075318,-0.0,-0.0,-0.0,-0.0,0.0043075318,0.0043075318,0.0043075318,0.0043075318,Uniaxial,0.9754999876022339
4.5789446650993185e-28,128440.578125,1701.68310546875,0.0,0.9087399840354919,1.7425649811997346e-10,-0.0057975,0.0043111313,0.0043111313,-3.3193104e-19,3.9694081e-19,7.8774064e-20,-0.004793547,0.004110341,0.004110341,-1.7528046e-19,1.9664368e-19,5.4855206e-20,847491.7,-847491.7,-847491.7,847491.7,847491.7,-847491.7,-847491.7,847491.7,1.3902555e-10,-8.148313e-11,0.0,0.0,1.5585157e-10,-6.465711e-11,0.0,0.0,-1.0728166e-10,1.7544814e-10,1.9227417e-10,-9.045564e-11,0.0,0.0,0.0,0.0,-3389966.8,-1.4873687e-10,-1.69985e-10,-2.203956e-10,2.8180305e-10,3.3652043e-11,1e-45,-0.0057975,-0.0057975,1e-45,1e-45,-0.0057975,-0.0057975,1e-45,-0.0,-0.0,0.0043111313,0.0043111313,-0.0,-0.0,0.0043111313,0.0043111313,0.0,0.0,0.0,0.0,0.0043111313,0.0043111313,0.0043111313,0.0043111313,Uniaxial,0.9775000214576721
4.647287252140872e-28,128502.1484375,1763.24951171875,0.0,0.9087399840354919,1.7425649811997346e-10,-0.0058155,0.0043147313,0.0043147313,-3.3203692e-19,3.9768197e-19,7.6232965e-20,-0.004793547,0.004110341,0.004110341,-1.7528046e-19,1.9664368e-19,5.4855206e-20,862686.5,-862686.5,-862686.5,862686.5,862686.5,-862686.5,-862686.5,862686.5,1.1614113e-10,-1.0444204e-10,0.0,0.0,1.4693828e-10,-7.364488e-11,0.0,0.0,-1.5702417e-10,1.2622701e-10,1.5702417e-10,-1.2622701e-10,0.0,0.0,0.0,0.0,-3450746.0,-8.49925e-11,0.0,-2.2054457e-10,2.828458e-10,3.0076906e-11,0.0,-0.0058155,-0.0058155,0.0,0.0,-0.0058155,-0.0058155,0.0,0.0,0.0,0.0043147313,0.0043147313,0.0,0.0,0.0043147313,0.0043147313,0.0,0.0,0.0,0.0,0.0043147313,0.0043147313,0.0043147313,0.0043147313,Uniaxial,0.9794999957084656
4.8523145317830455e-28,128564.8046875,1825.9100341796875,0.0,0.9087399840354919,1.7425649811997346e-10,-0.0058335,0.0043183314,0.0043183314,-3.321428e-19,3.9916428e-19,9.825582e-20,-0.004793547,0.004110341,0.004110341,-1.7528046e-19,1.9664368e-19,5.4855206e-20,877881.25,-877881.25,-877881.25,877881.25,877881.25,-877881.25,-877881.25,877881.25,6.8680714e-11,-1.5197694e-10,0.0,0.0,1.3072882e-10,-8.9928835e-11,0.0,0.0,-1.7317102e-10,1.1112291e-10,1.7317102e-10,-1.1112291e-10,0.0,0.0,0.0,0.0,-3511525.0,4.249625e-11,0.0,-2.2069353e-10,2.849313e-10,6.106141e-11,-1e-45,-0.0058335,-0.0058335,-1e-45,-1e-45,-0.0058335,-0.0058335,-1e-45,0.0,0.0,0.0043183314,0.0043183314,0.0,0.0,0.0043183314,0.0043183314,0.0,0.0,-0.0,-0.0,0.0043183314,0.0043183314,0.0043183314,0.0043183314,Uniaxial,0.9815000295639038
4.647287252140872e-28,128628.5625,1889.6644287109375,0.0,0.9087399840354919,1.7425649811997346e-10,-0.0058515,0.0043219314,0.0043219314,-3.321428e-19,3.9874076e-19,7.919758e-20,-0.004793547,0.004110341,0.004110341,-1.7528046e-19,1.9664368e-19,5.4855206e-20,893076.06,-893076.06,-893076.06,893076.06,893076.06,-893076.06,-893076.06,893076.06,8.326344e-11,-1.3739421e-10,0.0,0.0,1.16146086e-10,-1.04511566e-10,0.0,0.0,-2.0093557e-10,8.306043e-11,1.15943075e-10,-1.6805292e-10,0.0,0.0,0.0,0.0,-3572304.2,4.249625e-11,1.69985e-10,-2.2069353e-10,2.8433544e-10,3.42479e-11,1e-45,-0.0058515,-0.0058515,1e-45,1e-45,-0.0058515,-0.0058515,1e-45,-0.0,-0.0,0.0043219314,0.0043219314,-0.0,-0.0,0.0043219314,0.0043219314,-0.0,-0.0,0.0,0.0,0.0043219314,0.0043219314,0.0043219314,0.0043219314,Uniaxial,0.9835000038146973
4.5789446650993185e-28,128693.40625,1954.512939453125,0.0,0.9087399840354919,1.7425649811997346e-10,-0.0058695,0.0043255314,0.0043255314,-3.321428e-19,3.974702e-19,5.516302e-20,-0.004793547,0.004110341,0.004110341,-1.7528046e-19,1.9664368e-19,5.4855206e-20,908270.9,-908270.9,-908270.9,908270.9,908270.9,-908270.9,-908270.9,908270.9,1.6334087e-10,-5.7316783e-11,0.0,0.0,1.635574e-10,-5.7100245e-11,0.0,0.0,-9.916313e-11,1.8393909e-10,1.8415562e-10,-9.894659e-11,0.0,0.0,0.0,0.0,-3633083.5,-2.1248124e-10,-1.69985e-10,-2.2069353e-10,2.8254787e-10,4.3307485e-13,-1e-45,-0.0058695,-0.0058695,-1e-45,-1e-45,-0.0058695,-0.0058695,-1e-45,-0.0,-0.0,0.0043255314,0.0043255314,-0.0,-0.0,0.0043255314,0.0043255314,-0.0,-0.0,-0.0,-0.0,0.0043255314,0.0043255314,0.0043255314,0.0043255314,Uniaxial,0.9854999780654907
4.647287252140872e-28,128759.3515625,2020.4554443359375,0.0,0.9087399840354919,1.7425649811997346e-10,-0.0058875,0.0043291315,0.0043291315,-3.321428e-19,3.9969367e-19,7.549181e-20,-0.004793547,0.004110341,0.004110341,-1.7528046e-19,1.9664368e-19,5.4855206e-20,923465.6,-923465.6,-923465.6,923465.6,923465.6,-923465.6,-923465.6,923465.6,1.2706312e-10,-9.359453e-11,0.0,0.0,1.573389e-10,-6.3318746e-11,0.0,0.0,-1.1497481e-10,1.6969152e-10,1.999673e-10,-8.469903e-11,0.0,0.0,0.0,0.0,-3693862.5,-1.2748874e-10,-1.69985e-10,-2.2069353e-10,2.8567612e-10,2.9034159e-11,1e-45,-0.0058875,-0.0058875,1e-45,1e-45,-0.0058875,-0.0058875,1e-45,0.0,0.0,0.0043291315,0.0043291315,0.0,0.0,0.0043291315,0.0043291315,0.0,0.0,0.0,0.0,0.0043291315,0.0043291315,0.0043291315,0.0043291315,Uniaxial,0.987500011920929
4.8523145317830455e-28,128826.390625,2087.491943359375,0.0,0.9087399840354919,1.7425649811997346e-10,-0.0059055,0.0043327315,0.0043327315,-3.321428e-19,3.9778785e-19,9.963225e-20,-0.004793547,0.004110341,0.004110341,-1.7528046e-19,1.9664368e-19,5.4855206e-20,938660.44,-938660.44,-938660.44,938660.44,938660.44,-938660.44,-938660.44,938660.44,6.819658e-11,-1.5246107e-10,0.0,0.0,1.3121294e-10,-8.94447e-11,0.0,0.0,-1.7317102e-10,1.1015465e-10,1.7317102e-10,-1.1015465e-10,0.0,0.0,0.0,0.0,-3754641.8,4.249625e-11,0.0,-2.2069353e-10,2.8299477e-10,6.299795e-11,0.0,-0.0059055,-0.0059055,0.0,0.0,-0.0059055,-0.0059055,0.0,0.0,0.0,0.0043327315,0.0043327315,-0.0,-0.0,0.0043327315,0.0043327315,0.0,0.0,0.0,0.0,0.0043327315,0.0043327315,0.0043327315,0.0043327315,Uniaxial,0.9894999861717224
5.228197797546616e-28,128894.515625,2155.62255859375,0.0,0.9087399840354919,1.7425649811997346e-10,-0.0059235,0.0043363315,0.0043363315,-3.321428e-19,3.9778785e-19,7.90917e-20,-0.004793547,0.004110341,0.004110341,-1.7528046e-19,1.9664368e-19,5.4855206e-20,953855.25,-953855.25,-953855.25,953855.25,953855.25,-953855.25,-953855.25,953855.25,1.2579693e-10,-9.486072e-11,0.0,0.0,1.5860509e-10,-6.205256e-11,0.0,0.0,-2.0844251e-10,9.064185e-11,1.2345001e-10,-1.7563434e-10,0.0,0.0,0.0,0.0,-3815421.0,-1.2748874e-10,1.69985e-10,-2.2069353e-10,2.8299477e-10,3.4098935e-11,-1e-45,-0.0059235,-0.0059235,-1e-45,-1e-45,-0.0059235,-0.0059235,-1e-45,-0.0,-0.0,0.0043363315,0.0043363315,-0.0,-0.0,0.0043363315,0.0043363315,-0.0,-0.0,0.0,0.0,0.0043363315,0.0043363315,0.0043363315,0.0043363315,Uniaxial,0.9915000200271606
5.740766237393293e-28,128963.7421875,2224.84716796875,0.0,0.9087399840354919,1.7425649811997346e-10,-0.0059415,0.0043399315,0.0043399315,-3.321428e-19,4.385513e-19,9.7938185e-20,-0.004793547,0.004110341,0.004110341,-1.7528046e-19,1.9664368e-19,5.4855206e-20,969050.0,-969050.0,-969050.0,969050.0,969050.0,-969050.0,-969050.0,969050.0,2.116155e-11,-1.994961e-10,0.0,0.0,1.145036e-10,-1.0615405e-10,0.0,0.0,-2.1365049e-10,1.1410943e-10,1.28658e-10,-1.9910193e-10,0.0,0.0,0.0,0.0,-3876200.0,1.69985e-10,1.69985e-10,-2.2069353e-10,3.403459e-10,6.061452e-11,1e-45,-0.0059415,-0.0059415,1e-45,1e-45,-0.0059415,-0.0059415,1e-45,0.0,0.0,0.0043399315,0.0043399315,0.0,0.0,0.0043399315,0.0043399315,0.0,-0.0,-0.0,0.0,0.0043399315,0.0043399315,0.0043399315,0.0043399315,Uniaxial,0.9934999942779541
5.501567664230343e-28,129034.0625,2295.165771484375,0.0,0.9087399840354919,1.7425649811997346e-10,-0.0059595,0.0043435316,0.0043435316,-3.321428e-19,4.2732812e-19,7.930346e-20,-0.004793547,0.004110341,0.004110341,-1.7528046e-19,1.9664368e-19,5.4855206e-20,984244.8,-984244.8,-984244.8,984244.8,984244.8,-984244.8,-984244.8,984244.8,7.260213e-11,-1.4805551e-10,0.0,0.0,1.0555926e-10,-1.1509838e-10,0.0,0.0,-1.9216968e-10,1.2769516e-10,1.9216968e-10,-1.2769516e-10,0.0,0.0,0.0,0.0,-3936979.2,8.49925e-11,0.0,-2.2069353e-10,3.2455572e-10,3.439686e-11,-1e-45,-0.0059595,-0.0059595,-1e-45,-1e-45,-0.0059595,-0.0059595,-1e-45,-0.0,-0.0,0.0043435316,0.0043435316,-0.0,-0.0,0.0043435316,0.0043435316,-0.0,-0.0,-0.0,-0.0,0.0043435316,0.0043435316,0.0043435316,0.0043435316,Uniaxial,0.9955000281333923
6.082478691118574e-28,129105.4765625,2366.578369140625,0.0,0.9087399840354919,1.7425649811997346e-10,-0.0059775,0.0043471316,0.0043471316,-3.3203692e-19,4.198107e-19,6.5433295e-20,-0.004793547,0.004110341,0.004110341,-1.7528046e-19,1.9664368e-19,5.4855206e-20,999439.6,-999439.6,-999439.6,999439.6,999439.6,-999439.6,-999439.6,999439.6,9.5946875e-11,-1.2463629e-10,0.0,0.0,1.03388166e-10,-1.17195e-10,0.0,0.0,-1.8464699e-10,1.4568831e-10,1.8464699e-10,-1.4568831e-10,0.0,0.0,0.0,0.0,-3997758.5,4.249625e-11,0.0,-2.2054457e-10,3.1397926e-10,1.4882581e-11,1e-45,-0.0059775,-0.0059775,1e-45,1e-45,-0.0059775,-0.0059775,1e-45,0.0,0.0,0.0043471316,0.0043471316,0.0,0.0,0.0043471316,0.0043471316,0.0,0.0,0.0,0.0,0.0043471316,0.0043471316,0.0043471316,0.0043471316,Uniaxial,0.9975000023841858
6.01413610407702e-28,129177.9765625,2439.0849609375,0.0,0.9087399840354919,1.7425649811997346e-10,-0.0059955,0.0043507316,0.0043507316,-3.3193104e-19,4.593036e-19,7.6127086e-20,-0.004793547,0.004110341,0.004110341,-1.7528046e-19,1.9664368e-19,5.4855206e-20,1014634.4,-1014634.4,-1014634.4,1014634.4,1014634.4,-1014634.4,-1014634.4,1014634.4,9.489301e-11,-1.2561567e-10,0.0,0.0,1.2561567e-10,-9.489301e-11,0.0,0.0,-1.9441988e-10,1.6369721e-10,1.9441988e-10,-1.6369721e-10,0.0,0.0,0.0,0.0,-4058537.5,0.0,0.0,-2.203956e-10,3.6954284e-10,2.9927942e-11,-0.0,-0.0059955,-0.0059955,-0.0,-1e-45,-0.0059955,-0.0059955,-1e-45,0.0,0.0,0.0043507316,0.0043507316,0.0,0.0,0.0043507316,0.0043507316,0.0,0.0,0.0,0.0,0.0043507316,0.0043507316,0.0043507316,0.0043507316,Uniaxial,0.9994999766349792
6.082478691118574e-28,129196.25,2442.13623046875,0.0,0.9087399840354919,1.7425649811997346e-10,-0.006,0.004354096,0.004354096,-3.3298983e-19,4.44057e-19,7.602121e-20,-0.0047972957,0.004113555,0.004113555,-1.7603764e-19,1.9783154e-19,5.4956827e-20,1015268.9,-1015268.9,-1015268.9,1015268.9,1015268.9,-1015268.9,-1015268.9,1015268.9,0.13897589,0.13897589,0.0,0.0,0.13897589,0.13897589,0.0,0.0,0.13897589,0.13897589,0.13897589,0.13897589,0.0,0.0,0.0,0.0,-4061075.5,-0.55590355,-0.55590355,-2.2081995e-10,3.4642078e-10,2.9636005e-11,2.1607053e-34,-0.006,-0.006,2.1607053e-34,2.1607053e-34,-0.006,-0.006,2.1607053e-34,2.2069482e-35,2.2069482e-35,0.004354096,0.004354096,2.2069482e-35,2.2069482e-35,0.004354096,0.004354096,2.2069482e-35,2.2069482e-35,2.2069482e-35,2.2069482e-35,0.004354096,0.004354096,0.004354096,0.004354096,Uniaxial,1.0
