case,segment,time_s,combo,gamma_G,gamma_Q,N_comp_kN,V_kN,M_kNm,T_abs_kNm,G_Fx_kN,G_Fy_kN,G_Fz_kN,G_Mx_kNm,G_My_kNm,G_Mz_kNm,Q_Fx_kN,Q_Fy_kN,Q_Fz_kN,Q_Mx_kNm,Q_My_kNm,Q_Mz_kNm,D_Fx_kN,D_Fy_kN,D_Fz_kN,D_Mx_kNm,D_My_kNm,D_Mz_kNm,control_metric,control_value,gage_z_m
U09p343881_ETM_S06,CSEG_01,247.15,G1p35_Q1p40,1.35,1.4,34390.34500055683,2062.0043321560074,299601.8209357675,4783.191915721344,0.0,0.0,-25192.602388144347,0.0,-5793.573173694369,0.0,1472.6101063932604,-27.14319497032505,-271.6655546871116,12328.119140724906,219232.56822303397,3416.5656540866744,2061.6541489505644,-38.00047295845507,-34390.34500055683,17259.366797014867,299104.27172776015,4783.191915721344,Ncomp_max,34390.34500055683,1.7633929135903914
U09p343881_ETM_S06,CSEG_01,655.25,G1p35_Q1p40,1.35,1.4,33878.31142850747,1962.1719072254307,312697.1103423926,29824.478074542658,0.0,0.0,-25192.602388144347,0.0,-5793.573173694369,0.0,1400.8911994809564,43.012421376467145,94.07271106243206,10541.901836852505,228692.82188234813,-21303.19862467333,1961.247679273339,60.217389927054,-33878.31142850747,14758.662571593506,312348.6268508,-29824.478074542658,Ncomp_min,33878.31142850747,1.7633929135903914
U09p343881_ETM_S06,CSEG_01,652.5,G1p35_Q1p40,1.35,1.4,34233.41044149399,2994.4403149645887,476632.19512249087,9544.52527139914,0.0,0.0,-25192.602388144347,0.0,-5793.573173694369,0.0,2138.39451141867,-45.8472976350799,-159.5694410707947,14673.153031283648,345721.88103916653,-6817.518050999386,2993.7523159861375,-64.18621668911186,-34233.41044149399,20542.414243797106,476189.30967034574,-9544.52527139914,M_max,476632.19512249087,1.7633929135903914
U09p343881_ETM_S06,CSEG_01,652.5,G1p35_Q1p40,1.35,1.4,34233.41044149399,2994.4403149645887,476632.19512249087,9544.52527139914,0.0,0.0,-25192.602388144347,0.0,-5793.573173694369,0.0,2138.39451141867,-45.8472976350799,-159.5694410707947,14673.153031283648,345721.88103916653,-6817.518050999386,2993.7523159861375,-64.18621668911186,-34233.41044149399,20542.414243797106,476189.30967034574,-9544.52527139914,V_max,2994.4403149645887,1.7633929135903914
U09p343881_ETM_S06,CSEG_01,622.5500000000001,G1p35_Q1p40,1.35,1.4,33938.59755106691,2115.9362629056545,309210.637727143,36112.07789945302,0.0,0.0,-25192.602388144347,0.0,-5793.573173694369,0.0,1505.8557633698715,-129.1399567736889,51.0111949485472,22523.86081638541,225299.90390326918,-25794.34135675216,2108.19806871782,-180.79593948316446,-33938.59755106691,31533.405142939573,307598.54168008943,-36112.07789945302,T_max,36112.07789945302,1.7633929135903914
U09p343881_ETM_S06,CSEG_01,247.15,G1p00_Q1p40,1.0,1.4,25572.934164706305,2062.0043321560074,301626.2266778882,4783.191915721344,0.0,0.0,-25192.602388144347,0.0,-5793.573173694369,0.0,1472.6101063932604,-27.14319497032505,-271.6655546871116,12328.119140724906,219232.56822303397,3416.5656540866744,2061.6541489505644,-38.00047295845507,-25572.934164706305,17259.366797014867,301132.02233855316,4783.191915721344,Ncomp_max,25572.934164706305,1.7633929135903914
U09p343881_ETM_S06,CSEG_01,655.25,G1p00_Q1p40,1.0,1.4,25060.90059265694,1962.1719072254307,314722.61569003295,29824.478074542658,0.0,0.0,-25192.602388144347,0.0,-5793.573173694369,0.0,1400.8911994809564,43.012421376467145,94.07271106243206,10541.901836852505,228692.82188234813,-21303.19862467333,1961.247679273339,60.217389927054,-25060.90059265694,14758.662571593506,314376.377461593,-29824.478074542658,Ncomp_min,25060.90059265694,1.7633929135903914
U09p343881_ETM_S06,CSEG_01,652.5,G1p00_Q1p40,1.0,1.4,25415.99960564346,2994.4403149645887,478658.06953074347,9544.52527139914,0.0,0.0,-25192.602388144347,0.0,-5793.573173694369,0.0,2138.39451141867,-45.8472976350799,-159.5694410707947,14673.153031283648,345721.88103916653,-6817.518050999386,2993.7523159861375,-64.18621668911186,-25415.99960564346,20542.414243797106,478217.06028113875,-9544.52527139914,M_max,478658.06953074347,1.7633929135903914
U09p343881_ETM_S06,CSEG_01,652.5,G1p00_Q1p40,1.0,1.4,25415.99960564346,2994.4403149645887,478658.06953074347,9544.52527139914,0.0,0.0,-25192.602388144347,0.0,-5793.573173694369,0.0,2138.39451141867,-45.8472976350799,-159.5694410707947,14673.153031283648,345721.88103916653,-6817.518050999386,2993.7523159861375,-64.18621668911186,-25415.99960564346,20542.414243797106,478217.06028113875,-9544.52527139914,V_max,2994.4403149645887,1.7633929135903914
U09p343881_ETM_S06,CSEG_01,622.5500000000001,G1p00_Q1p40,1.0,1.4,25121.18671521638,2115.9362629056545,311227.8851865747,36112.07789945302,0.0,0.0,-25192.602388144347,0.0,-5793.573173694369,0.0,1505.8557633698715,-129.1399567736889,51.0111949485472,22523.86081638541,225299.90390326918,-25794.34135675216,2108.19806871782,-180.79593948316446,-25121.18671521638,31533.405142939573,309626.29229088244,-36112.07789945302,T_max,36112.07789945302,1.7633929135903914
U09p343881_ETM_S06,CSEG_02,247.15,G1p35_Q1p40,1.35,1.4,33522.14702538122,2069.839598471144,292032.72535575286,4788.419825843623,0.0,0.0,-24549.807646600373,0.0,-5793.573173694369,0.0,1478.2096494217965,-27.03530210589269,-271.3619303362284,12227.688349820835,213822.76579465685,3420.299875602588,2069.493509190515,-37.84942294824976,-33522.14702538122,17118.76368974917,291530.5483280322,4788.419825843623,Ncomp_max,33522.14702538122,5.431247577572881
U09p343881_ETM_S06,CSEG_02,655.25,G1p35_Q1p40,1.35,1.4,33010.03957932364,1970.7846731160444,305506.5894592049,29818.34361133699,0.0,0.0,-24549.807646600373,0.0,-5793.573173694369,0.0,1407.0416781028975,43.155575872524864,94.42910256204414,10705.496712284512,223542.89631370927,-21298.816865240708,1969.8583493440565,60.4178062215348,-33010.03957932364,14987.695397198315,305138.73105470557,-29818.34361133699,Ncomp_min,33010.03957932364,5.431247577572881
U09p343881_ETM_S06,CSEG_02,652.5,G1p35_Q1p40,1.35,1.4,33364.572498033216,3007.042930535795,465630.0926905849,9535.320998162351,0.0,0.0,-24549.807646600373,0.0,-5793.573173694369,0.0,2147.400334455972,-45.7584669254945,-158.8086965162256,14507.14799815164,337863.0437792824,-6810.9435701159655,3006.3604682383607,-64.0618536956923,-33364.572498033216,20310.007197412295,465186.93750650797,-9535.320998162351,M_max,465630.0926905849,5.431247577572881
U09p343881_ETM_S06,CSEG_02,652.5,G1p35_Q1p40,1.35,1.4,33364.572498033216,3007.042930535795,465630.0926905849,9535.320998162351,0.0,0.0,-24549.807646600373,0.0,-5793.573173694369,0.0,2147.400334455972,-45.7584669254945,-158.8086965162256,14507.14799815164,337863.0437792824,-6810.9435701159655,3006.3604682383607,-64.0618536956923,-33364.572498033216,20310.007197412295,465186.93750650797,-9535.320998162351,V_max,3007.042930535795,5.431247577572881
U09p343881_ETM_S06,CSEG_02,622.5500000000001,G1p35_Q1p40,1.35,1.4,33070.35002822381,2124.1537035829397,301440.9662680799,36108.217492041775,0.0,0.0,-24549.807646600373,0.0,-5793.573173694369,0.0,1511.7221223326364,-129.4288023321293,51.350210490494646,22056.22329025866,219768.9697212553,-25791.583922886985,2116.410971265691,-181.200323264981,-33070.35002822381,30878.712606362118,299855.23382527,-36108.217492041775,T_max,36108.217492041775,5.431247577572881
U09p343881_ETM_S06,CSEG_02,247.15,G1p00_Q1p40,1.0,1.4,24929.71434907109,2069.839598471144,294057.01308780606,4788.419825843623,0.0,0.0,-24549.807646600373,0.0,-5793.573173694369,0.0,1478.2096494217965,-27.03530210589269,-271.3619303362284,12227.688349820835,213822.76579465685,3420.299875602588,2069.493509190515,-37.84942294824976,-24929.71434907109,17118.76368974917,293558.2989388252,4788.419825843623,Ncomp_max,24929.71434907109,5.431247577572881
U09p343881_ETM_S06,CSEG_02,655.25,G1p00_Q1p40,1.0,1.4,24417.60690301351,1970.7846731160444,307531.9145586036,29818.34361133699,0.0,0.0,-24549.807646600373,0.0,-5793.573173694369,0.0,1407.0416781028975,43.155575872524864,94.42910256204414,10705.496712284512,223542.89631370927,-21298.816865240708,1969.8583493440565,60.4178062215348,-24417.60690301351,14987.695397198315,307166.4816654986,-29818.34361133699,Ncomp_min,24417.60690301351,5.431247577572881
U09p343881_ETM_S06,CSEG_02,652.5,G1p00_Q1p40,1.0,1.4,24772.13982172309,3007.042930535795,467655.92178962706,9535.320998162351,0.0,0.0,-24549.807646600373,0.0,-5793.573173694369,0.0,2147.400334455972,-45.7584669254945,-158.8086965162256,14507.14799815164,337863.0437792824,-6810.9435701159655,3006.3604682383607,-64.0618536956923,-24772.13982172309,20310.007197412295,467214.688117301,-9535.320998162351,M_max,467655.92178962706,5.431247577572881
U09p343881_ETM_S06,CSEG_02,652.5,G1p00_Q1p40,1.0,1.4,24772.13982172309,3007.042930535795,467655.92178962706,9535.320998162351,0.0,0.0,-24549.807646600373,0.0,-5793.573173694369,0.0,2147.400334455972,-45.7584669254945,-158.8086965162256,14507.14799815164,337863.0437792824,-6810.9435701159655,3006.3604682383607,-64.0618536956923,-24772.13982172309,20310.007197412295,467214.688117301,-9535.320998162351,V_max,3007.042930535795,5.431247577572881
U09p343881_ETM_S06,CSEG_02,622.5500000000001,G1p00_Q1p40,1.0,1.4,24477.917351913682,2124.1537035829397,303458.1209726485,36108.217492041775,0.0,0.0,-24549.807646600373,0.0,-5793.573173694369,0.0,1511.7221223326364,-129.4288023321293,51.350210490494646,22056.22329025866,219768.9697212553,-25791.583922886985,2116.410971265691,-181.200323264981,-24477.917351913682,30878.712606362118,301882.98443606304,-36108.217492041775,T_max,36108.217492041775,5.431247577572881
U09p343881_ETM_S06,CSEG_03,247.15,G1p35_Q1p40,1.35,1.4,32670.536924553802,2079.003171053763,284423.8016805613,4792.452706028114,0.0,0.0,-23919.43441976643,0.0,-5793.573173694369,0.0,1484.755353986071,-27.078884372901666,-270.92889847794504,12127.672988429737,208384.21306093334,3423.180504305796,2078.6574955804995,-37.91043812206233,-32670.536924553802,16978.74218380163,283916.57450081926,4792.452706028114,Ncomp_max,32670.536924553802,9.0991020729654
U09p343881_ETM_S06,CSEG_03,655.25,G1p35_Q1p40,1.35,1.4,32158.393973013193,1981.4231255490115,298283.37867589964,29813.9190284857,0.0,0.0,-23919.43441976643,0.0,-5793.573173694369,0.0,1414.6483767586049,43.01603832087726,94.8874954796338,10870.409489901904,218368.72836785958,-21295.65644891836,1980.5077274620467,60.22245364922816,-32158.393973013193,15218.573285862663,297894.895930516,-29813.9190284857,Ncomp_min,32158.393973013193,9.0991020729654
U09p343881_ETM_S06,CSEG_03,652.5,G1p35_Q1p40,1.35,1.4,32512.130918179682,3022.574006173047,454575.7583866271,9528.086135956059,0.0,0.0,-23919.43441976643,0.0,-5793.573173694369,0.0,2158.494503871925,-45.85089650481257,-157.78175106785784,14342.996918812914,329966.6853499548,-6805.775811397185,3021.8923054206953,-64.19125510673759,-32512.130918179682,20080.19568633808,454132.03570544935,-9528.086135956059,M_max,454575.7583866271,9.0991020729654
U09p343881_ETM_S06,CSEG_03,652.5,G1p35_Q1p40,1.35,1.4,32512.130918179682,3022.574006173047,454575.7583866271,9528.086135956059,0.0,0.0,-23919.43441976643,0.0,-5793.573173694369,0.0,2158.494503871925,-45.85089650481257,-157.78175106785784,14342.996918812914,329966.6853499548,-6805.775811397185,3021.8923054206953,-64.19125510673759,-32512.130918179682,20080.19568633808,454132.03570544935,-9528.086135956059,V_max,3022.574006173047,9.0991020729654
U09p343881_ETM_S06,CSEG_03,622.5500000000001,G1p35_Q1p40,1.35,1.4,32218.65389975966,2133.8738792854624,293628.05343420437,36105.02833641035,0.0,0.0,-23919.43441976643,0.0,-5793.573173694369,0.0,1518.652724901462,-129.86998787158936,51.84469066072779,21588.596080314244,214206.93482752788,-25789.305954578827,2126.1138148620466,-181.81798302022509,-32218.65389975966,30224.03451243994,292068.3849740516,-36105.02833641035,T_max,36105.02833641035,9.0991020729654
U09p343881_ETM_S06,CSEG_03,247.15,G1p00_Q1p40,1.0,1.4,24298.73487763555,2079.003171053763,286447.96167834644,4792.452706028114,0.0,0.0,-23919.43441976643,0.0,-5793.573173694369,0.0,1484.755353986071,-27.078884372901666,-270.92889847794504,12127.672988429737,208384.21306093334,3423.180504305796,2078.6574955804995,-37.91043812206233,-24298.73487763555,16978.74218380163,285944.32511161227,4792.452706028114,Ncomp_max,24298.73487763555,9.0991020729654
U09p343881_ETM_S06,CSEG_03,655.25,G1p00_Q1p40,1.0,1.4,23786.59192609494,1981.4231255490115,300308.50617523334,29813.9190284857,0.0,0.0,-23919.43441976643,0.0,-5793.573173694369,0.0,1414.6483767586049,43.01603832087726,94.8874954796338,10870.409489901904,218368.72836785958,-21295.65644891836,1980.5077274620467,60.22245364922816,-23786.59192609494,15218.573285862663,299922.646541309,-29813.9190284857,Ncomp_min,23786.59192609494,9.0991020729654
U09p343881_ETM_S06,CSEG_03,652.5,G1p00_Q1p40,1.0,1.4,24140.32887126143,3022.574006173047,456601.5384455921,9528.086135956059,0.0,0.0,-23919.43441976643,0.0,-5793.573173694369,0.0,2158.494503871925,-45.85089650481257,-157.78175106785784,14342.996918812914,329966.6853499548,-6805.775811397185,3021.8923054206953,-64.19125510673759,-24140.32887126143,20080.19568633808,456159.78631624236,-9528.086135956059,M_max,456601.5384455921,9.0991020729654
U09p343881_ETM_S06,CSEG_03,652.5,G1p00_Q1p40,1.0,1.4,24140.32887126143,3022.574006173047,456601.5384455921,9528.086135956059,0.0,0.0,-23919.43441976643,0.0,-5793.573173694369,0.0,2158.494503871925,-45.85089650481257,-157.78175106785784,14342.996918812914,329966.6853499548,-6805.775811397185,3021.8923054206953,-64.19125510673759,-24140.32887126143,20080.19568633808,456159.78631624236,-9528.086135956059,V_max,3022.574006173047,9.0991020729654
U09p343881_ETM_S06,CSEG_03,622.5500000000001,G1p00_Q1p40,1.0,1.4,23846.85185284141,2133.8738792854624,295645.1068902519,36105.02833641035,0.0,0.0,-23919.43441976643,0.0,-5793.573173694369,0.0,1518.652724901462,-129.86998787158936,51.84469066072779,21588.596080314244,214206.93482752788,-25789.305954578827,2126.1138148620466,-181.81798302022509,-23846.85185284141,30224.03451243994,294096.1355848446,-36105.02833641035,T_max,36105.02833641035,9.0991020729654
U09p343881_ETM_S06,CSEG_04,247.15,G1p35_Q1p40,1.35,1.4,31834.183775011366,2088.6708991224273,276791.65407732624,4796.52250372279,0.0,0.0,-23300.47451265276,0.0,-5793.573173694369,0.0,1491.6593499679982,-27.22540830886752,-270.3879878072403,12026.734843593806,202928.84784119716,3426.087502659136,2088.3230899551972,-38.11557163241453,-31834.183775011366,16837.428781031325,276279.06319318863,4796.52250372279,Ncomp_max,31834.183775011366,12.766955556818107
U09p343881_ETM_S06,CSEG_04,655.25,G1p35_Q1p40,1.35,1.4,31321.977913463612,1993.3194927127304,291014.4252389998,29811.04373034207,0.0,0.0,-23300.47451265276,0.0,-5793.573173694369,0.0,1423.1619224754645,42.60927825914025,95.47334186972512,11035.834465470163,213160.94947114476,-21293.60266453005,1992.4266914656503,59.65298956279634,-31321.977913463612,15450.168251658228,290604.00547511526,-29811.04373034207,Ncomp_min,31321.977913463612,12.766955556818107
U09p343881_ETM_S06,CSEG_04,652.5,G1p35_Q1p40,1.35,1.4,31674.773524730936,3039.7732668604986,443460.69072543946,9521.635697012767,0.0,0.0,-23300.47451265276,0.0,-5793.573173694369,0.0,2170.7783495445874,-46.04442137963257,-156.52352332121882,14178.254263781044,322026.82356995664,-6801.168355009119,3039.089689362422,-64.4621899314856,-31674.773524730936,19849.55596929346,443016.2292134519,-9521.635697012767,M_max,443460.69072543946,12.766955556818107
U09p343881_ETM_S06,CSEG_04,652.5,G1p35_Q1p40,1.35,1.4,31674.773524730936,3039.7732668604986,443460.69072543946,9521.635697012767,0.0,0.0,-23300.47451265276,0.0,-5793.573173694369,0.0,2170.7783495445874,-46.04442137963257,-156.52352332121882,14178.254263781044,322026.82356995664,-6801.168355009119,3039.089689362422,-64.4621899314856,-31674.773524730936,19849.55596929346,443016.2292134519,-9521.635697012767,V_max,3039.7732668604986,12.766955556818107
U09p343881_ETM_S06,CSEG_04,622.5500000000001,G1p35_Q1p40,1.35,1.4,31382.237426586886,2144.315670668935,285788.39830451406,36102.370186926564,0.0,0.0,-23300.47451265276,0.0,-5793.573173694369,0.0,1526.0939454713684,-130.3894165211135,52.4308324959602,21120.972392788604,208625.63955949232,-25787.40727637612,2136.531523659916,-182.5451831295589,-31382.237426586886,29569.361349904044,284254.5715988019,-36102.370186926564,T_max,36102.370186926564,12.766955556818107
U09p343881_ETM_S06,CSEG_04,247.15,G1p00_Q1p40,1.0,1.4,23679.017695582897,2088.6708991224273,278815.67677890783,4796.52250372279,0.0,0.0,-23300.47451265276,0.0,-5793.573173694369,0.0,1491.6593499679982,-27.22540830886752,-270.3879878072403,12026.734843593806,202928.84784119716,3426.087502659136,2088.3230899551972,-38.11557163241453,-23679.017695582897,16837.428781031325,278306.81380398164,4796.52250372279,Ncomp_max,23679.017695582897,12.766955556818107
U09p343881_ETM_S06,CSEG_04,655.25,G1p00_Q1p40,1.0,1.4,23166.811834035143,1993.3194927127304,293039.3358730651,29811.04373034207,0.0,0.0,-23300.47451265276,0.0,-5793.573173694369,0.0,1423.1619224754645,42.60927825914025,95.47334186972512,11035.834465470163,213160.94947114476,-21293.60266453005,1992.4266914656503,59.65298956279634,-23166.811834035143,15450.168251658228,292631.7560859083,-29811.04373034207,Ncomp_min,23166.811834035143,12.766955556818107
U09p343881_ETM_S06,CSEG_04,652.5,G1p00_Q1p40,1.0,1.4,23519.607445302467,3039.7732668604986,445486.41825535044,9521.635697012767,0.0,0.0,-23300.47451265276,0.0,-5793.573173694369,0.0,2170.7783495445874,-46.04442137963257,-156.52352332121882,14178.254263781044,322026.82356995664,-6801.168355009119,3039.089689362422,-64.4621899314856,-23519.607445302467,19849.55596929346,445043.9798242449,-9521.635697012767,M_max,445486.41825535044,12.766955556818107
U09p343881_ETM_S06,CSEG_04,652.5,G1p00_Q1p40,1.0,1.4,23519.607445302467,3039.7732668604986,445486.41825535044,9521.635697012767,0.0,0.0,-23300.47451265276,0.0,-5793.573173694369,0.0,2170.7783495445874,-46.04442137963257,-156.52352332121882,14178.254263781044,322026.82356995664,-6801.168355009119,3039.089689362422,-64.4621899314856,-23519.607445302467,19849.55596929346,445043.9798242449,-9521.635697012767,V_max,3039.7732668604986,12.766955556818107
U09p343881_ETM_S06,CSEG_04,622.5500000000001,G1p00_Q1p40,1.0,1.4,23227.071347158417,2144.315670668935,287805.34244582657,36102.370186926564,0.0,0.0,-23300.47451265276,0.0,-5793.573173694369,0.0,1526.0939454713684,-130.3894165211135,52.4308324959602,21120.972392788604,208625.63955949232,-25787.40727637612,2136.531523659916,-182.5451831295589,-23227.071347158417,29569.361349904044,286282.3222095949,-36102.370186926564,T_max,36102.370186926564,12.766955556818107
U09p343881_ETM_S06,CSEG_05,247.15,G1p35_Q1p40,1.35,1.4,31009.562628525935,2097.9871846525975,269121.60801117745,4798.958845937349,0.0,0.0,-22690.25966125891,0.0,-5793.573173694369,0.0,1498.311523921608,-27.412927482552394,-269.7943470188584,11925.550380214974,197446.10449885204,3427.8277470981066,2097.6361334902513,-38.37809847557335,-31009.562628525935,16695.77053230096,268603.22251390544,4798.958845937349,Ncomp_max,31009.562628525935,16.434808366310936
U09p343881_ETM_S06,CSEG_05,655.25,G1p35_Q1p40,1.35,1.4,30497.282930533358,2005.7320449340968,283708.28602917166,29808.58945756307,0.0,0.0,-22690.25966125891,0.0,-5793.573173694369,0.0,1432.0515555533389,41.9461928202856,96.11972297583998,11200.20876650162,207925.68631038742,-21291.84961254505,2004.8721777746744,58.72466994839984,-30497.282930533358,15680.292273102268,283274.63705005497,-29808.58945756307,Ncomp_min,30497.282930533358,16.434808366310936
U09p343881_ETM_S06,CSEG_05,652.5,G1p35_Q1p40,1.35,1.4,30849.09756954384,3057.603034598485,432282.75375711784,9516.713411420018,0.0,0.0,-22690.25966125891,0.0,-5793.573173694369,0.0,2183.5115068927,-46.29219393313188,-155.17644774593282,14013.200266120995,314041.9078352901,-6797.652436728585,3056.9161096497796,-64.80907150638463,-30849.09756954384,19618.480372569393,431837.34718491876,-9516.713411420018,M_max,432282.75375711784,16.434808366310936
U09p343881_ETM_S06,CSEG_05,652.5,G1p35_Q1p40,1.35,1.4,30849.09756954384,3057.603034598485,432282.75375711784,9516.713411420018,0.0,0.0,-22690.25966125891,0.0,-5793.573173694369,0.0,2183.5115068927,-46.29219393313188,-155.17644774593282,14013.200266120995,314041.9078352901,-6797.652436728585,3056.9161096497796,-64.80907150638463,-30849.09756954384,19618.480372569393,431837.34718491876,-9516.713411420018,V_max,3057.603034598485,16.434808366310936
U09p343881_ETM_S06,CSEG_05,622.5500000000001,G1p35_Q1p40,1.35,1.4,30557.53549652293,2154.603840184668,277907.06457807875,36100.08687151079,0.0,0.0,-22690.25966125891,0.0,-5793.573173694369,0.0,1533.4260385184637,-130.89701036076926,53.082175840430864,20651.88243791587,203014.50258799168,-25785.776336793424,2146.796453925849,-183.25581450507696,-30557.53549652293,28912.635413082215,276398.97983870097,-36100.08687151079,T_max,36100.08687151079,16.434808366310936
U09p343881_ETM_S06,CSEG_05,247.15,G1p00_Q1p40,1.0,1.4,23067.971747085314,2097.9871846525975,271145.4819245353,4798.958845937349,0.0,0.0,-22690.25966125891,0.0,-5793.573173694369,0.0,1498.311523921608,-27.412927482552394,-269.7943470188584,11925.550380214974,197446.10449885204,3427.8277470981066,2097.6361334902513,-38.37809847557335,-23067.971747085314,16695.77053230096,270630.97312469844,4798.958845937349,Ncomp_max,23067.971747085314,16.434808366310936
U09p343881_ETM_S06,CSEG_05,655.25,G1p00_Q1p40,1.0,1.4,22555.692049092737,2005.7320449340968,285732.9591957335,29808.58945756307,0.0,0.0,-22690.25966125891,0.0,-5793.573173694369,0.0,1432.0515555533389,41.9461928202856,96.11972297583998,11200.20876650162,207925.68631038742,-21291.84961254505,2004.8721777746744,58.72466994839984,-22555.692049092737,15680.292273102268,285302.387660848,-29808.58945756307,Ncomp_min,22555.692049092737,16.434808366310936
U09p343881_ETM_S06,CSEG_05,652.5,G1p00_Q1p40,1.0,1.4,22907.506688103218,3057.603034598485,434308.4248059338,9516.713411420018,0.0,0.0,-22690.25966125891,0.0,-5793.573173694369,0.0,2183.5115068927,-46.29219393313188,-155.17644774593282,14013.200266120995,314041.9078352901,-6797.652436728585,3056.9161096497796,-64.80907150638463,-22907.506688103218,19618.480372569393,433865.0977957118,-9516.713411420018,M_max,434308.4248059338,16.434808366310936
U09p343881_ETM_S06,CSEG_05,652.5,G1p00_Q1p40,1.0,1.4,22907.506688103218,3057.603034598485,434308.4248059338,9516.713411420018,0.0,0.0,-22690.25966125891,0.0,-5793.573173694369,0.0,2183.5115068927,-46.29219393313188,-155.17644774593282,14013.200266120995,314041.9078352901,-6797.652436728585,3056.9161096497796,-64.80907150638463,-22907.506688103218,19618.480372569393,433865.0977957118,-9516.713411420018,V_max,3057.603034598485,16.434808366310936
U09p343881_ETM_S06,CSEG_05,622.5500000000001,G1p00_Q1p40,1.0,1.4,22615.94461508231,2154.603840184668,279923.8909334553,36100.08687151079,0.0,0.0,-22690.25966125891,0.0,-5793.573173694369,0.0,1533.4260385184637,-130.89701036076926,53.082175840430864,20651.88243791587,203014.50258799168,-25785.776336793424,2146.796453925849,-183.25581450507696,-22615.94461508231,28912.635413082215,278426.730449494,-36100.08687151079,T_max,36100.08687151079,16.434808366310936
U09p343881_ETM_S06,CSEG_06,247.2,G1p35_Q1p40,1.35,1.4,30222.72597705922,2014.241148509516,258649.5630843873,5838.647116040429,0.0,0.0,-22107.97319217181,0.0,-5793.573173694369,0.0,1438.7434533169094,0.803183364611196,-269.25869116234026,11096.4540852659,190002.8085215987,4170.462225743164,2014.240834643673,1.1244567104556744,-30222.72597705922,15535.035719372258,258182.60814575074,5838.647116040429,Ncomp_max,30222.72597705922,19.9615904845124
U09p343881_ETM_S06,CSEG_06,655.25,G1p35_Q1p40,1.35,1.4,29710.26037184762,2017.7521742998392,276639.58082967607,29805.703648205716,0.0,0.0,-22107.97319217181,0.0,-5793.573173694369,0.0,1440.666212210755,41.07193962780372,96.7881697030898,11355.902502254952,202859.78308553118,-21289.78832014694,2016.932697095057,57.50071547892521,-29710.26037184762,15898.263503156932,276182.37253525626,-29805.703648205716,Ncomp_min,29710.26037184762,19.9615904845124
U09p343881_ETM_S06,CSEG_06,652.5,G1p35_Q1p40,1.35,1.4,30060.974988369177,3074.540351772271,421472.9042686535,9512.39234142992,0.0,0.0,-22107.97319217181,0.0,-5793.573173694369,0.0,2195.607009116281,-46.542186558482655,-153.72227066945197,13854.02011726381,306319.7934942567,-6794.565958164229,3073.849812762793,-65.15906118187571,-30060.974988369177,19395.62816416933,421026.38710747194,-9512.39234142992,M_max,421472.9042686535,19.9615904845124
U09p343881_ETM_S06,CSEG_06,652.5,G1p35_Q1p40,1.35,1.4,30060.974988369177,3074.540351772271,421472.9042686535,9512.39234142992,0.0,0.0,-22107.97319217181,0.0,-5793.573173694369,0.0,2195.607009116281,-46.542186558482655,-153.72227066945197,13854.02011726381,306319.7934942567,-6794.565958164229,3073.849812762793,-65.15906118187571,-30060.974988369177,19395.62816416933,421026.38710747194,-9512.39234142992,V_max,3074.540351772271,19.9615904845124
U09p343881_ETM_S06,CSEG_06,622.5500000000001,G1p35_Q1p40,1.35,1.4,29770.54262332509,2163.815311623671,270288.7421474455,36098.30728647206,0.0,0.0,-22107.97319217181,0.0,-5793.573173694369,0.0,1539.9931228733158,-131.32414050331985,53.72941864775203,20200.44608875516,197590.34073149288,-25784.5052046229,2155.990372022642,-183.85379670464778,-29770.54262332509,28280.624524257226,268805.15323960263,-36098.30728647206,T_max,36098.30728647206,19.9615904845124
U09p343881_ETM_S06,CSEG_06,247.2,G1p00_Q1p40,1.0,1.4,22484.935359799085,2014.241148509516,260673.6813316822,5838.647116040429,0.0,0.0,-22107.97319217181,0.0,-5793.573173694369,0.0,1438.7434533169094,0.803183364611196,-269.25869116234026,11096.4540852659,190002.8085215987,4170.462225743164,2014.240834643673,1.1244567104556744,-22484.935359799085,15535.035719372258,260210.35875654378,5838.647116040429,Ncomp_max,22484.935359799085,19.9615904845124
U09p343881_ETM_S06,CSEG_06,655.25,G1p00_Q1p40,1.0,1.4,21972.469754587484,2017.7521742998392,278664.004498887,29805.703648205716,0.0,0.0,-22107.97319217181,0.0,-5793.573173694369,0.0,1440.666212210755,41.07193962780372,96.7881697030898,11355.902502254952,202859.78308553118,-21289.78832014694,2016.932697095057,57.50071547892521,-21972.469754587484,15898.263503156932,278210.12314604927,-29805.703648205716,Ncomp_min,21972.469754587484,19.9615904845124
U09p343881_ETM_S06,CSEG_06,652.5,G1p00_Q1p40,1.0,1.4,22323.18437110904,3074.540351772271,423498.516918805,9512.39234142992,0.0,0.0,-22107.97319217181,0.0,-5793.573173694369,0.0,2195.607009116281,-46.542186558482655,-153.72227066945197,13854.02011726381,306319.7934942567,-6794.565958164229,3073.849812762793,-65.15906118187571,-22323.18437110904,19395.62816416933,423054.13771826494,-9512.39234142992,M_max,423498.516918805,19.9615904845124
U09p343881_ETM_S06,CSEG_06,652.5,G1p00_Q1p40,1.0,1.4,22323.18437110904,3074.540351772271,423498.516918805,9512.39234142992,0.0,0.0,-22107.97319217181,0.0,-5793.573173694369,0.0,2195.607009116281,-46.542186558482655,-153.72227066945197,13854.02011726381,306319.7934942567,-6794.565958164229,3073.849812762793,-65.15906118187571,-22323.18437110904,19395.62816416933,423054.13771826494,-9512.39234142992,V_max,3074.540351772271,19.9615904845124
U09p343881_ETM_S06,CSEG_06,622.5500000000001,G1p00_Q1p40,1.0,1.4,22032.752006064955,2163.815311623671,272305.4452843712,36098.30728647206,0.0,0.0,-22107.97319217181,0.0,-5793.573173694369,0.0,1539.9931228733158,-131.32414050331985,53.72941864775203,20200.44608875516,197590.34073149288,-25784.5052046229,2155.990372022642,-183.85379670464778,-22032.752006064955,28280.624524257226,270832.90385039564,-36098.30728647206,T_max,36098.30728647206,19.9615904845124
U09p343881_ETM_S06,CSEG_07,247.2,G1p35_Q1p40,1.35,1.4,29404.73249515258,2021.7183157343866,251261.66428525737,5841.119168692394,0.0,0.0,-21502.69297187194,0.0,-5793.573173694369,0.0,1444.084463443343,0.3715393563036852,-268.6407022324711,11096.66112939168,184715.89947215756,4172.227977637424,2021.7182488206802,0.5201550988251592,-29404.73249515258,15535.32558114835,250780.93547653317,5841.119168692394,Ncomp_max,29404.73249515258,23.629443294005227
U09p343881_ETM_S06,CSEG_07,655.25,G1p35_Q1p40,1.35,1.4,28892.138361348214,2029.9353812836978,269243.0332202027,29803.970426350676,0.0,0.0,-21502.69297187194,0.0,-5793.573173694369,0.0,1449.404515267665,39.90864814679917,97.49796477064956,11514.511507538113,197558.10003979708,-21288.5503045362,2029.1663213747308,55.87210740551884,-28892.138361348214,16120.316110553356,268760.0162712285,-29803.970426350676,Ncomp_min,28892.138361348214,23.629443294005227
U09p343881_ETM_S06,CSEG_07,652.5,G1p35_Q1p40,1.35,1.4,29241.611252145176,3091.2428615865865,410167.6749696003,9508.321719491132,0.0,0.0,-21502.69297187194,0.0,-5793.573173694369,0.0,2207.535440285831,-46.75979586789782,-152.12552865575344,13687.634808306882,298243.6584849426,-6791.658371065095,3090.5496164001634,-65.46371421505695,-29241.611252145176,19162.688731629634,409719.7980944323,-9508.321719491132,M_max,410167.6749696003,23.629443294005227
U09p343881_ETM_S06,CSEG_07,652.5,G1p35_Q1p40,1.35,1.4,29241.611252145176,3091.2428615865865,410167.6749696003,9508.321719491132,0.0,0.0,-21502.69297187194,0.0,-5793.573173694369,0.0,2207.535440285831,-46.75979586789782,-152.12552865575344,13687.634808306882,298243.6584849426,-6791.658371065095,3090.5496164001634,-65.46371421505695,-29241.611252145176,19162.688731629634,409719.7980944323,-9508.321719491132,V_max,3091.2428615865865,23.629443294005227
U09p343881_ETM_S06,CSEG_07,622.5500000000001,G1p35_Q1p40,1.35,1.4,28952.427910190272,2172.1189652417575,262341.516394969,36096.70449676857,0.0,0.0,-21502.69297187194,0.0,-5793.573173694369,0.0,1545.9187297796964,-131.64181024103237,54.434001312034525,19729.89189902772,191931.88574370212,-25783.3603548347,2164.2862216915746,-184.29853433744532,-28952.427910190272,27621.848658638806,260883.31625669557,-36096.70449676857,T_max,36096.70449676857,23.629443294005227
U09p343881_ETM_S06,CSEG_07,247.2,G1p00_Q1p40,1.0,1.4,21878.7899549974,2021.7183157343866,253285.5663122408,5841.119168692394,0.0,0.0,-21502.69297187194,0.0,-5793.573173694369,0.0,1444.084463443343,0.3715393563036852,-268.6407022324711,11096.66112939168,184715.89947215756,4172.227977637424,2021.7182488206802,0.5201550988251592,-21878.7899549974,15535.32558114835,252808.6860873262,5841.119168692394,Ncomp_max,21878.7899549974,23.629443294005227
U09p343881_ETM_S06,CSEG_07,655.25,G1p00_Q1p40,1.0,1.4,21366.195821193032,2029.9353812836978,271267.1732526001,29803.970426350676,0.0,0.0,-21502.69297187194,0.0,-5793.573173694369,0.0,1449.404515267665,39.90864814679917,97.49796477064956,11514.511507538113,197558.10003979708,-21288.5503045362,2029.1663213747308,55.87210740551884,-21366.195821193032,16120.316110553356,270787.7668820215,-29803.970426350676,Ncomp_min,21366.195821193032,23.629443294005227
U09p343881_ETM_S06,CSEG_07,652.5,G1p00_Q1p40,1.0,1.4,21715.668711989994,3091.2428615865865,412193.22229287954,9508.321719491132,0.0,0.0,-21502.69297187194,0.0,-5793.573173694369,0.0,2207.535440285831,-46.75979586789782,-152.12552865575344,13687.634808306882,298243.6584849426,-6791.658371065095,3090.5496164001634,-65.46371421505695,-21715.668711989994,19162.688731629634,411747.5487052253,-9508.321719491132,M_max,412193.22229287954,23.629443294005227
U09p343881_ETM_S06,CSEG_07,652.5,G1p00_Q1p40,1.0,1.4,21715.668711989994,3091.2428615865865,412193.22229287954,9508.321719491132,0.0,0.0,-21502.69297187194,0.0,-5793.573173694369,0.0,2207.535440285831,-46.75979586789782,-152.12552865575344,13687.634808306882,298243.6584849426,-6791.658371065095,3090.5496164001634,-65.46371421505695,-21715.668711989994,19162.688731629634,411747.5487052253,-9508.321719491132,V_max,3091.2428615865865,23.629443294005227
U09p343881_ETM_S06,CSEG_07,622.5500000000001,G1p00_Q1p40,1.0,1.4,21426.48537003509,2172.1189652417575,264358.082162664,36096.70449676857,0.0,0.0,-21502.69297187194,0.0,-5793.573173694369,0.0,1545.9187297796964,-131.64181024103237,54.434001312034525,19729.89189902772,191931.88574370212,-25783.3603548347,2164.2862216915746,-184.29853433744532,-21426.48537003509,27621.848658638806,262911.0668674886,-36096.70449676857,T_max,36096.70449676857,23.629443294005227
U09p343881_ETM_S06,CSEG_08,247.2,G1p35_Q1p40,1.35,1.4,28586.710219430137,2027.452043013048,243852.15561445634,5842.361518612817,0.0,0.0,-20897.401702859832,0.0,-5793.573173694369,0.0,1448.1800276560684,-0.0942586485301237,-268.01280040668644,11095.33222580329,179413.02356611,4173.115370437727,2027.4520387184957,-0.13196210794217317,-28586.710219430137,15533.465116124604,243356.9092080666,5842.361518612817,Ncomp_max,28586.710219430137,27.2972920573388
U09p343881_ETM_S06,CSEG_08,655.25,G1p35_Q1p40,1.35,1.4,28074.00672878854,2041.3207663336007,261807.4733058627,29802.36018378237,0.0,0.0,-20897.401702859832,0.0,-5793.573173694369,0.0,1457.578272790156,38.48538880793773,98.20397862302707,11669.143216284025,192227.56523760132,-21287.400131273123,2040.6095819062182,53.87954433111282,-28074.00672878854,16336.800502797634,261297.26754815443,-29802.36018378237,Ncomp_min,28074.00672878854,27.2972920573388
U09p343881_ETM_S06,CSEG_08,652.5,G1p35_Q1p40,1.35,1.4,28422.17726586818,3106.469648373249,398804.9722104436,9504.458459351643,0.0,0.0,-20897.401702859832,0.0,-5793.573173694369,0.0,2218.4110823889077,-46.904835000584185,-150.48926214814492,13520.836511994432,290126.29190914397,-6788.898899536888,3105.7755153444705,-65.66676900081785,-28422.17726586818,18929.171116792204,398355.48488831415,-9504.458459351643,M_max,398804.9722104436,27.2972920573388
U09p343881_ETM_S06,CSEG_08,652.5,G1p35_Q1p40,1.35,1.4,28422.17726586818,3106.469648373249,398804.9722104436,9504.458459351643,0.0,0.0,-20897.401702859832,0.0,-5793.573173694369,0.0,2218.4110823889077,-46.904835000584185,-150.48926214814492,13520.836511994432,290126.29190914397,-6788.898899536888,3105.7755153444705,-65.66676900081785,-28422.17726586818,18929.171116792204,398355.48488831415,-9504.458459351643,V_max,3106.469648373249,27.2972920573388
U09p343881_ETM_S06,CSEG_08,622.5500000000001,G1p35_Q1p40,1.35,1.4,28134.262199680765,2178.756874773999,254360.6460144189,36095.19850110671,0.0,0.0,-20897.401702859832,0.0,-5793.573173694369,0.0,1550.663404243858,-131.80422359973628,55.16435655715031,19258.47101415847,186249.26733201006,-25782.28464364765,2170.928765941401,-184.52591303963078,-28134.262199680765,26961.859419821856,252927.65048032664,-36095.19850110671,T_max,36095.19850110671,27.2972920573388
U09p343881_ETM_S06,CSEG_08,247.2,G1p00_Q1p40,1.0,1.4,21272.619623429193,2027.452043013048,245875.82193646312,5842.361518612817,0.0,0.0,-20897.401702859832,0.0,-5793.573173694369,0.0,1448.1800276560684,-0.0942586485301237,-268.01280040668644,11095.33222580329,179413.02356611,4173.115370437727,2027.4520387184957,-0.13196210794217317,-21272.619623429193,15533.465116124604,245384.65981885963,5842.361518612817,Ncomp_max,21272.619623429193,27.2972920573388
U09p343881_ETM_S06,CSEG_08,655.25,G1p00_Q1p40,1.0,1.4,20759.916132787595,2041.3207663336007,263831.3026141482,29802.36018378237,0.0,0.0,-20897.401702859832,0.0,-5793.573173694369,0.0,1457.578272790156,38.48538880793773,98.20397862302707,11669.143216284025,192227.56523760132,-21287.400131273123,2040.6095819062182,53.87954433111282,-20759.916132787595,16336.800502797634,263325.01815894747,-29802.36018378237,Ncomp_min,20759.916132787595,27.2972920573388
U09p343881_ETM_S06,CSEG_08,652.5,G1p00_Q1p40,1.0,1.4,21108.086669867236,3106.469648373249,400830.4489281002,9504.458459351643,0.0,0.0,-20897.401702859832,0.0,-5793.573173694369,0.0,2218.4110823889077,-46.904835000584185,-150.48926214814492,13520.836511994432,290126.29190914397,-6788.898899536888,3105.7755153444705,-65.66676900081785,-21108.086669867236,18929.171116792204,400383.23549910716,-9504.458459351643,M_max,400830.4489281002,27.2972920573388
U09p343881_ETM_S06,CSEG_08,652.5,G1p00_Q1p40,1.0,1.4,21108.086669867236,3106.469648373249,400830.4489281002,9504.458459351643,0.0,0.0,-20897.401702859832,0.0,-5793.573173694369,0.0,2218.4110823889077,-46.904835000584185,-150.48926214814492,13520.836511994432,290126.29190914397,-6788.898899536888,3105.7755153444705,-65.66676900081785,-21108.086669867236,18929.171116792204,400383.23549910716,-9504.458459351643,V_max,3106.469648373249,27.2972920573388
U09p343881_ETM_S06,CSEG_08,622.5500000000001,G1p00_Q1p40,1.0,1.4,20820.17160367982,2178.756874773999,256377.0629539779,36095.19850110671,0.0,0.0,-20897.401702859832,0.0,-5793.573173694369,0.0,1550.663404243858,-131.80422359973628,55.16435655715031,19258.47101415847,186249.26733201006,-25782.28464364765,2170.928765941401,-184.52591303963078,-20820.17160367982,26961.859419821856,254955.40109111968,-36095.19850110671,T_max,36095.19850110671,27.2972920573388
U09p343881_ETM_S06,CSEG_09,247.2,G1p35_Q1p40,1.35,1.4,27772.76592626048,2031.1570522977845,236427.33590665506,5844.285543463296,0.0,0.0,-20295.101872680512,0.0,-5793.573173694369,0.0,1450.826340844331,-0.602450367591665,-267.41314152984705,11092.139670126777,174098.65824025052,4174.489673902354,2031.1568771820635,-0.843430514628331,-27772.76592626048,15528.995538177487,235916.79775186328,5844.285543463296,Ncomp_max,27772.76592626048,30.965140820672367
U09p343881_ETM_S06,CSEG_09,655.25,G1p35_Q1p40,1.35,1.4,27259.906536791197,2051.8155368228236,254333.98368040222,29800.959761625527,0.0,0.0,-20295.101872680512,0.0,-5793.573173694369,0.0,1465.1204268464703,36.80049237467594,98.91499380535242,11817.358655170436,186869.02686767178,-21286.39982973252,2051.1685975850583,51.52068932454631,-27259.906536791197,16544.30211723861,253795.31383025306,-29800.959761625527,Ncomp_min,27259.906536791197,30.965140820672367
U09p343881_ETM_S06,CSEG_09,652.5,G1p35_Q1p40,1.35,1.4,27606.75865947461,3119.8380757164878,387390.8629189414,9501.801459792301,0.0,0.0,-20295.101872680512,0.0,-5793.573173694369,0.0,2227.960771536804,-46.9671381909066,-148.83652239708317,13353.51248301972,281972.0207486335,-6787.001042708787,3119.1450801515252,-65.75399346726924,-27606.75865947461,18694.917476227605,386939.50526359945,-9501.801459792301,M_max,387390.8629189414,30.965140820672367
U09p343881_ETM_S06,CSEG_09,652.5,G1p35_Q1p40,1.35,1.4,27606.75865947461,3119.8380757164878,387390.8629189414,9501.801459792301,0.0,0.0,-20295.101872680512,0.0,-5793.573173694369,0.0,2227.960771536804,-46.9671381909066,-148.83652239708317,13353.51248301972,281972.0207486335,-6787.001042708787,3119.1450801515252,-65.75399346726924,-27606.75865947461,18694.917476227605,386939.50526359945,-9501.801459792301,V_max,3119.8380757164878,30.965140820672367
U09p343881_ETM_S06,CSEG_09,622.5500000000001,G1p35_Q1p40,1.35,1.4,27320.149026760442,2183.2872124833334,246364.06582634288,36093.89051751963,0.0,0.0,-20295.101872680512,0.0,-5793.573173694369,0.0,1553.914153137906,-131.76708997617573,55.88464382732127,18786.82080722985,180555.28887657623,-25781.350369656877,2175.479814393068,-184.473925966646,-27320.149026760442,26301.54913012179,244956.0806427193,-36093.89051751963,T_max,36093.89051751963,30.965140820672367
U09p343881_ETM_S06,CSEG_09,247.2,G1p00_Q1p40,1.0,1.4,20669.4802708223,2031.1570522977845,238450.7450144227,5844.285543463296,0.0,0.0,-20295.101872680512,0.0,-5793.573173694369,0.0,1450.826340844331,-0.602450367591665,-267.41314152984705,11092.139670126777,174098.65824025052,4174.489673902354,2031.1568771820635,-0.843430514628331,-20669.4802708223,15528.995538177487,237944.54836265632,5844.285543463296,Ncomp_max,20669.4802708223,30.965140820672367
U09p343881_ETM_S06,CSEG_09,655.25,G1p00_Q1p40,1.0,1.4,20156.620881353017,2051.8155368228236,256357.47352584454,29800.959761625527,0.0,0.0,-20295.101872680512,0.0,-5793.573173694369,0.0,1465.1204268464703,36.80049237467594,98.91499380535242,11817.358655170436,186869.02686767178,-21286.39982973252,2051.1685975850583,51.52068932454631,-20156.620881353017,16544.30211723861,255823.0644410461,-29800.959761625527,Ncomp_min,20156.620881353017,30.965140820672367
U09p343881_ETM_S06,CSEG_09,652.5,G1p00_Q1p40,1.0,1.4,20503.47300403643,3119.8380757164878,389416.26324782334,9501.801459792301,0.0,0.0,-20295.101872680512,0.0,-5793.573173694369,0.0,2227.960771536804,-46.9671381909066,-148.83652239708317,13353.51248301972,281972.0207486335,-6787.001042708787,3119.1450801515252,-65.75399346726924,-20503.47300403643,18694.917476227605,388967.25587439246,-9501.801459792301,M_max,389416.26324782334,30.965140820672367
U09p343881_ETM_S06,CSEG_09,652.5,G1p00_Q1p40,1.0,1.4,20503.47300403643,3119.8380757164878,389416.26324782334,9501.801459792301,0.0,0.0,-20295.101872680512,0.0,-5793.573173694369,0.0,2227.960771536804,-46.9671381909066,-148.83652239708317,13353.51248301972,281972.0207486335,-6787.001042708787,3119.1450801515252,-65.75399346726924,-20503.47300403643,18694.917476227605,388967.25587439246,-9501.801459792301,V_max,3119.8380757164878,30.965140820672367
U09p343881_ETM_S06,CSEG_09,622.5500000000001,G1p00_Q1p40,1.0,1.4,20216.863371322263,2183.2872124833334,248380.32206136553,36093.89051751963,0.0,0.0,-20295.101872680512,0.0,-5793.573173694369,0.0,1553.914153137906,-131.76708997617573,55.88464382732127,18786.82080722985,180555.28887657623,-25781.350369656877,2175.479814393068,-184.473925966646,-20216.863371322263,26301.54913012179,246983.83125351233,-36093.89051751963,T_max,36093.89051751963,30.965140820672367
U09p343881_ETM_S06,CSEG_10,247.2,G1p35_Q1p40,1.35,1.4,26963.990368237897,2032.5618004340345,228990.37804522994,5845.969064240755,0.0,0.0,-19696.61522930512,0.0,-5793.573173694369,0.0,1451.8294141795247,-1.1345108165686983,-266.8284347685585,11087.196327210304,168775.01106692062,4175.692188743396,2032.5611798513346,-1.5883151431961775,-26963.990368237897,15522.074858094424,228463.69170920143,5845.969064240755,Ncomp_max,26963.990368237897,34.63298688656643
U09p343881_ETM_S06,CSEG_10,655.25,G1p35_Q1p40,1.35,1.4,26450.950560113884,2061.06780368064,246815.72261784345,29799.794040861685,0.0,0.0,-19696.61522930512,0.0,-5793.573173694369,0.0,1471.779205385954,34.83044741942953,99.62857103430724,11959.260055388551,181477.503322957,-21285.567172044062,2060.4908875403353,48.762626387201344,-26450.950560113884,16742.96407754397,246247.18086765238,-29799.794040861685,Ncomp_min,26450.950560113884,34.63298688656643
U09p343881_ETM_S06,CSEG_10,652.5,G1p35_Q1p40,1.35,1.4,26796.523402869945,3131.066667149238,375930.2947755693,9498.424012568508,0.0,0.0,-19696.61522930512,0.0,-5793.573173694369,0.0,2235.984152621312,-46.91078058449085,-147.20917379144885,13186.40547608727,273784.3283467698,-6784.588580406077,3130.377813669837,-65.67509281828718,-26796.523402869945,18460.967666522178,375476.7359009903,-9498.424012568508,M_max,375930.2947755693,34.63298688656643
U09p343881_ETM_S06,CSEG_10,652.5,G1p35_Q1p40,1.35,1.4,26796.523402869945,3131.066667149238,375930.2947755693,9498.424012568508,0.0,0.0,-19696.61522930512,0.0,-5793.573173694369,0.0,2235.984152621312,-46.91078058449085,-147.20917379144885,13186.40547608727,273784.3283467698,-6784.588580406077,3130.377813669837,-65.67509281828718,-26796.523402869945,18460.967666522178,375476.7359009903,-9498.424012568508,V_max,3131.066667149238,34.63298688656643
U09p343881_ETM_S06,CSEG_10,622.5500000000001,G1p35_Q1p40,1.35,1.4,26511.16727185708,2185.6174587419,238355.22802851658,36092.816210901015,0.0,0.0,-19696.61522930512,0.0,-5793.573173694369,0.0,1555.6062377949172,-131.51117843995834,56.61663407488231,18315.645067805573,174852.34210598355,-25780.58300778644,2177.848732912884,-184.11564981594168,-26511.16727185708,25641.903094927802,236971.95516388954,-36092.816210901015,T_max,36092.816210901015,34.63298688656643
U09p343881_ETM_S06,CSEG_10,247.2,G1p00_Q1p40,1.0,1.4,20070.175037981102,2032.5618004340345,231013.50564556097,5845.969064240755,0.0,0.0,-19696.61522930512,0.0,-5793.573173694369,0.0,1451.8294141795247,-1.1345108165686983,-266.8284347685585,11087.196327210304,168775.01106692062,4175.692188743396,2032.5611798513346,-1.5883151431961775,-20070.175037981102,15522.074858094424,230491.44231999447,5845.969064240755,Ncomp_max,20070.175037981102,34.63298688656643
U09p343881_ETM_S06,CSEG_10,655.25,G1p00_Q1p40,1.0,1.4,19557.13522985709,2061.06780368064,248838.84030980512,29799.794040861685,0.0,0.0,-19696.61522930512,0.0,-5793.573173694369,0.0,1471.779205385954,34.83044741942953,99.62857103430724,11959.260055388551,181477.503322957,-21285.567172044062,2060.4908875403353,48.762626387201344,-19557.13522985709,16742.96407754397,248274.93147844542,-29799.794040861685,Ncomp_min,19557.13522985709,34.63298688656643
U09p343881_ETM_S06,CSEG_10,652.5,G1p00_Q1p40,1.0,1.4,19902.70807261315,3131.066667149238,377955.6120283301,9498.424012568508,0.0,0.0,-19696.61522930512,0.0,-5793.573173694369,0.0,2235.984152621312,-46.91078058449085,-147.20917379144885,13186.40547608727,273784.3283467698,-6784.588580406077,3130.377813669837,-65.67509281828718,-19902.70807261315,18460.967666522178,377504.4865117833,-9498.424012568508,M_max,377955.6120283301,34.63298688656643
U09p343881_ETM_S06,CSEG_10,652.5,G1p00_Q1p40,1.0,1.4,19902.70807261315,3131.066667149238,377955.6120283301,9498.424012568508,0.0,0.0,-19696.61522930512,0.0,-5793.573173694369,0.0,2235.984152621312,-46.91078058449085,-147.20917379144885,13186.40547608727,273784.3283467698,-6784.588580406077,3130.377813669837,-65.67509281828718,-19902.70807261315,18460.967666522178,377504.4865117833,-9498.424012568508,V_max,3131.066667149238,34.63298688656643
U09p343881_ETM_S06,CSEG_10,622.5500000000001,G1p00_Q1p40,1.0,1.4,19617.351941600285,2185.6174587419,240371.3097578713,36092.816210901015,0.0,0.0,-19696.61522930512,0.0,-5793.573173694369,0.0,1555.6062377949172,-131.51117843995834,56.61663407488231,18315.645067805573,174852.34210598355,-25780.58300778644,2177.848732912884,-184.11564981594168,-19617.351941600285,25641.903094927802,238999.70577468257,-36092.816210901015,T_max,36092.816210901015,34.63298688656643
U09p343881_ETM_S06,CSEG_11,247.2,G1p35_Q1p40,1.35,1.4,26189.14254999344,2031.5329999072096,221834.18656917434,5846.443060270031,0.0,0.0,-19123.269930579707,0.0,-5793.573173694369,0.0,1451.0940406612435,-1.6685293139886863,-266.23438836488276,11080.756630267602,163651.73189324175,4176.030757335737,2031.531656925741,-2.335941039584161,-26189.14254999344,15513.059282374643,221291.10086605104,5846.443060270031,Ncomp_max,26189.14254999344,38.15976226116913
U09p343881_ETM_S06,CSEG_11,655.25,G1p35_Q1p40,1.35,1.4,25675.987851947466,2068.79236846962,239568.3976073874,29798.78633146219,0.0,0.0,-19123.269930579707,0.0,-5793.573173694369,0.0,1477.3476338638757,32.67060810923346,100.30468166795617,12088.534316378966,176279.42166134354,-21284.84737961585,2068.2866874094257,45.738851352926844,-25675.987851947466,16923.94804293055,238969.86654139354,-29798.78633146219,Ncomp_min,25675.987851947466,38.15976226116913
U09p343881_ETM_S06,CSEG_11,652.5,G1p35_Q1p40,1.35,1.4,26020.39307417764,3139.6414037792924,364876.4195585847,9496.215972905993,0.0,0.0,-19123.269930579707,0.0,-5793.573173694369,0.0,2242.1138560734034,-46.74092117655236,-145.69904849645172,13025.562551849882,265886.9746332639,-6783.011409218567,3138.9593985027645,-65.4372896471733,-26020.39307417764,18235.787572589834,364420.44070208207,-9496.215972905993,M_max,364876.4195585847,38.15976226116913
U09p343881_ETM_S06,CSEG_11,652.5,G1p35_Q1p40,1.35,1.4,26020.39307417764,3139.6414037792924,364876.4195585847,9496.215972905993,0.0,0.0,-19123.269930579707,0.0,-5793.573173694369,0.0,2242.1138560734034,-46.74092117655236,-145.69904849645172,13025.562551849882,265886.9746332639,-6783.011409218567,3138.9593985027645,-65.4372896471733,-26020.39307417764,18235.787572589834,364420.44070208207,-9496.215972905993,V_max,3139.6414037792924,38.15976226116913
U09p343881_ETM_S06,CSEG_11,622.5500000000001,G1p35_Q1p40,1.35,1.4,25736.23370907367,2185.469513312896,230647.72069258764,36091.88348362572,0.0,0.0,-19123.269930579707,0.0,-5793.573173694369,0.0,1555.5397435829066,-131.0424484170755,57.27192657781052,17863.860210420426,169363.66845762832,-25779.916774018377,2177.755641016069,-183.45942778390568,-25736.23370907367,25009.404294588596,229287.81205619223,-36091.88348362572,T_max,36091.88348362572,38.15976226116913
U09p343881_ETM_S06,CSEG_11,247.2,G1p00_Q1p40,1.0,1.4,19495.998074290543,2031.5329999072096,223857.01783333757,5846.443060270031,0.0,0.0,-19123.269930579707,0.0,-5793.573173694369,0.0,1451.0940406612435,-1.6685293139886863,-266.23438836488276,11080.756630267602,163651.73189324175,4176.030757335737,2031.531656925741,-2.335941039584161,-19495.998074290543,15513.059282374643,223318.85147684408,5846.443060270031,Ncomp_max,19495.998074290543,38.15976226116913
U09p343881_ETM_S06,CSEG_11,655.25,G1p00_Q1p40,1.0,1.4,18982.843376244567,2068.79236846962,241591.124610139,29798.78633146219,0.0,0.0,-19123.269930579707,0.0,-5793.573173694369,0.0,1477.3476338638757,32.67060810923346,100.30468166795617,12088.534316378966,176279.42166134354,-21284.84737961585,2068.2866874094257,45.738851352926844,-18982.843376244567,16923.94804293055,240997.61715218658,-29798.78633146219,Ncomp_min,18982.843376244567,38.15976226116913
U09p343881_ETM_S06,CSEG_11,652.5,G1p00_Q1p40,1.0,1.4,19327.24859847474,3139.6414037792924,366901.65012557537,9496.215972905993,0.0,0.0,-19123.269930579707,0.0,-5793.573173694369,0.0,2242.1138560734034,-46.74092117655236,-145.69904849645172,13025.562551849882,265886.9746332639,-6783.011409218567,3138.9593985027645,-65.4372896471733,-19327.24859847474,18235.787572589834,366448.1913128751,-9496.215972905993,M_max,366901.65012557537,38.15976226116913
U09p343881_ETM_S06,CSEG_11,652.5,G1p00_Q1p40,1.0,1.4,19327.24859847474,3139.6414037792924,366901.65012557537,9496.215972905993,0.0,0.0,-19123.269930579707,0.0,-5793.573173694369,0.0,2242.1138560734034,-46.74092117655236,-145.69904849645172,13025.562551849882,265886.9746332639,-6783.011409218567,3138.9593985027645,-65.4372896471733,-19327.24859847474,18235.787572589834,366448.1913128751,-9496.215972905993,V_max,3139.6414037792924,38.15976226116913
U09p343881_ETM_S06,CSEG_11,622.5500000000001,G1p00_Q1p40,1.0,1.4,19043.08923337077,2185.469513312896,232663.61949199144,36091.88348362572,0.0,0.0,-19123.269930579707,0.0,-5793.573173694369,0.0,1555.5397435829066,-131.0424484170755,57.27192657781052,17863.860210420426,169363.66845762832,-25779.916774018377,2177.755641016069,-183.45942778390568,-19043.08923337077,25009.404294588596,231315.56266698526,-36091.88348362572,T_max,36091.88348362572,38.15976226116913
U09p343881_ETM_S06,CSEG_12,247.2,G1p35_Q1p40,1.35,1.4,25388.17920391439,2028.0277272424237,214411.13861524037,5847.72410473722,0.0,0.0,-18530.60595854271,0.0,-5793.573173694369,0.0,1448.5894811961198,-2.2533196899662444,-265.615114201235,11071.817932429864,158336.73827838677,4176.945789098015,2028.0252736745676,-3.154647565952742,-25388.17920391439,15500.545105401809,213850.10980525406,5847.72410473722,Ncomp_max,25388.17920391439,41.82761102450269
U09p343881_ETM_S06,CSEG_12,655.25,G1p35_Q1p40,1.35,1.4,24874.835859260435,2075.4404074875956,232000.7605710988,29796.893017719914,0.0,0.0,-18530.60595854271,0.0,-5793.573173694369,0.0,1482.151120475316,30.134688609313123,101.05870340873298,12213.912086086297,170850.76633991263,-21283.495012657084,2075.011568665442,42.18856405303837,-24874.835859260435,17099.476920520814,231369.74909139026,-29796.893017719914,Ncomp_min,24874.835859260435,41.82761102450269
U09p343881_ETM_S06,CSEG_12,652.5500000000001,G1p35_Q1p40,1.35,1.4,25198.194776032542,3135.0361590808243,353391.037269671,10268.550079562772,0.0,0.0,-18530.60595854271,0.0,-5793.573173694369,0.0,2238.921116464751,-41.81407993741127,-129.91195142848665,12898.007126598472,257679.08943551322,-7334.678628259124,3134.489563050651,-58.53971191237578,-25198.194776032542,18057.20997723786,352929.40142523113,-10268.550079562772,M_max,353391.037269671,41.82761102450269
U09p343881_ETM_S06,CSEG_12,652.5,G1p35_Q1p40,1.35,1.4,25218.08306095016,3146.162408995378,353354.870234295,9494.1254859907,0.0,0.0,-18530.60595854271,0.0,-5793.573173694369,0.0,2246.7789896951413,-46.438899103989726,-144.11786922678584,12859.679221102884,257655.18032572808,-6781.518204279072,3145.4905855731977,-65.01445874558561,-25218.08306095016,18003.550909544036,352895.9286715319,-9494.1254859907,V_max,3146.162408995378,41.82761102450269
U09p343881_ETM_S06,CSEG_12,622.5500000000001,G1p35_Q1p40,1.35,1.4,24935.190028338926,2182.784127121588,222637.2713287901,36091.00973305135,0.0,0.0,-18530.60595854271,0.0,-5793.573173694369,0.0,1553.676701506156,-130.30656889791476,57.948582638382504,17396.309489762574,163658.90611655195,-25779.29266646525,2175.1473821086183,-182.42919645708065,-24935.190028338926,24354.833285667602,221301.14477868532,-36091.00973305135,T_max,36091.00973305135,41.82761102450269
U09p343881_ETM_S06,CSEG_12,247.2,G1p00_Q1p40,1.0,1.4,18902.46711842444,2028.0277272424237,216433.6330526633,5847.72410473722,0.0,0.0,-18530.60595854271,0.0,-5793.573173694369,0.0,1448.5894811961198,-2.2533196899662444,-265.615114201235,11071.817932429864,158336.73827838677,4176.945789098015,2028.0252736745676,-3.154647565952742,-18902.46711842444,15500.545105401809,215877.8604160471,5847.72410473722,Ncomp_max,18902.46711842444,41.82761102450269
U09p343881_ETM_S06,CSEG_12,655.25,G1p00_Q1p40,1.0,1.4,18389.123773770483,2075.4404074875956,234023.0436905436,29796.893017719914,0.0,0.0,-18530.60595854271,0.0,-5793.573173694369,0.0,1482.151120475316,30.134688609313123,101.05870340873298,12213.912086086297,170850.76633991263,-21283.495012657084,2075.011568665442,42.18856405303837,-18389.123773770483,17099.476920520814,233397.4997021833,-29796.893017719914,Ncomp_min,18389.123773770483,41.82761102450269
U09p343881_ETM_S06,CSEG_12,652.5500000000001,G1p00_Q1p40,1.0,1.4,18712.48269054259,3135.0361590808243,355416.1541259587,10268.550079562772,0.0,0.0,-18530.60595854271,0.0,-5793.573173694369,0.0,2238.921116464751,-41.81407993741127,-129.91195142848665,12898.007126598472,257679.08943551322,-7334.678628259124,3134.489563050651,-58.53971191237578,-18712.48269054259,18057.20997723786,354957.15203602414,-10268.550079562772,M_max,355416.1541259587,41.82761102450269
U09p343881_ETM_S06,CSEG_12,652.5,G1p00_Q1p40,1.0,1.4,18732.37097546021,3146.162408995378,355380.0021957555,9494.1254859907,0.0,0.0,-18530.60595854271,0.0,-5793.573173694369,0.0,2246.7789896951413,-46.438899103989726,-144.11786922678584,12859.679221102884,257655.18032572808,-6781.518204279072,3145.4905855731977,-65.01445874558561,-18732.37097546021,18003.550909544036,354923.6792823249,-9494.1254859907,V_max,3146.162408995378,41.82761102450269
U09p343881_ETM_S06,CSEG_12,622.5500000000001,G1p00_Q1p40,1.0,1.4,18449.477942848975,2182.784127121588,224652.96218892204,36091.00973305135,0.0,0.0,-18530.60595854271,0.0,-5793.573173694369,0.0,1553.676701506156,-130.30656889791476,57.948582638382504,17396.309489762574,163658.90611655195,-25779.29266646525,2175.1473821086183,-182.42919645708065,-18449.477942848975,24354.833285667602,223328.89538947836,-36091.00973305135,T_max,36091.00973305135,41.82761102450269
U09p343881_ETM_S06,CSEG_13,247.2,G1p35_Q1p40,1.35,1.4,24595.67508661354,2022.020619904247,206997.96696365922,5848.78802399295,0.0,0.0,-17944.28118514027,0.0,-5793.573173694369,0.0,1444.297608459058,-2.86133521611326,-264.9253476244121,11060.657336044764,153028.06220041178,4177.705731423536,2022.016651842681,-4.005869302558564,-24595.67508661354,15484.920270462668,206417.96329608906,5848.78802399295,Ncomp_max,24595.67508661354,45.49544986281167
U09p343881_ETM_S06,CSEG_13,655.25,G1p35_Q1p40,1.35,1.4,24082.192248844178,2080.750149258329,224411.803585801,29796.175272884026,0.0,0.0,-17944.28118514027,0.0,-5793.573173694369,0.0,1485.9993056717824,27.30280114584012,101.84810792513235,12329.44440967337,165405.9260687971,-21282.982337774305,2080.399027940495,38.22392160417617,-24082.192248844178,17261.222173542716,223746.9727118285,-29796.175272884026,Ncomp_min,24082.192248844178,45.49544986281167
U09p343881_ETM_S06,CSEG_13,652.6,G1p35_Q1p40,1.35,1.4,24368.460791771486,3123.12327458932,341898.55425190285,11616.189690330584,0.0,0.0,-17944.28118514027,0.0,-5793.573173694369,0.0,2230.5375350699705,-34.37121321418707,-102.62942273723093,12790.039186328282,249464.76024985404,-8297.278350236133,3122.7525490979588,-48.1196984998619,-24368.460791771486,17906.054860859593,341429.34056530823,-11616.189690330584,M_max,341898.55425190285,45.49544986281167
U09p343881_ETM_S06,CSEG_13,652.5,G1p35_Q1p40,1.35,1.4,24424.294753806193,3150.2545189875145,341814.2684488214,9492.252108564535,0.0,0.0,-17944.28118514027,0.0,-5793.573173694369,0.0,2249.711814875595,-45.987822363288856,-142.51082419059094,12695.001758813783,249409.44018787242,-6780.180077546097,3149.5965408258326,-64.38295130860439,-24424.294753806193,17773.002462339296,341351.89247853396,-9492.252108564535,V_max,3150.2545189875145,45.49544986281167
U09p343881_ETM_S06,CSEG_13,622.5500000000001,G1p35_Q1p40,1.35,1.4,24142.68034692275,2177.5294787034527,214643.06626993933,36090.353115599566,0.0,0.0,-17944.28118514027,0.0,-5793.573173694369,0.0,1549.9922838407988,-129.32618523847765,58.642323583295365,16931.27638211755,157965.37773227048,-25778.82365399969,2169.989197377118,-181.0566593338687,-24142.68034692275,23703.78693496457,213330.20504069125,-36090.353115599566,T_max,36090.353115599566,45.49544986281167
U09p343881_ETM_S06,CSEG_13,247.2,G1p00_Q1p40,1.0,1.4,18315.176671814446,2022.020619904247,209020.0909049949,5848.78802399295,0.0,0.0,-17944.28118514027,0.0,-5793.573173694369,0.0,1444.297608459058,-2.86133521611326,-264.9253476244121,11060.657336044764,153028.06220041178,4177.705731423536,2022.016651842681,-4.005869302558564,-18315.176671814446,15484.920270462668,208445.7139068821,5848.78802399295,Ncomp_max,18315.176671814446,45.49544986281167
U09p343881_ETM_S06,CSEG_13,655.25,G1p00_Q1p40,1.0,1.4,17801.693834045083,2080.750149258329,226433.60060364433,29796.175272884026,0.0,0.0,-17944.28118514027,0.0,-5793.573173694369,0.0,1485.9993056717824,27.30280114584012,101.84810792513235,12329.44440967337,165405.9260687971,-21282.982337774305,2080.399027940495,38.22392160417617,-17801.693834045083,17261.222173542716,225774.72332262155,-29796.175272884026,Ncomp_min,17801.693834045083,45.49544986281167
U09p343881_ETM_S06,CSEG_13,652.6,G1p00_Q1p40,1.0,1.4,18087.96237697239,3123.12327458932,343923.53842072055,11616.189690330584,0.0,0.0,-17944.28118514027,0.0,-5793.573173694369,0.0,2230.5375350699705,-34.37121321418707,-102.62942273723093,12790.039186328282,249464.76024985404,-8297.278350236133,3122.7525490979588,-48.1196984998619,-18087.96237697239,17906.054860859593,343457.09117610124,-11616.189690330584,M_max,343923.53842072055,45.49544986281167
U09p343881_ETM_S06,CSEG_13,652.5,G1p00_Q1p40,1.0,1.4,18143.796339007098,3150.2545189875145,343839.29226410395,9492.252108564535,0.0,0.0,-17944.28118514027,0.0,-5793.573173694369,0.0,2249.711814875595,-45.987822363288856,-142.51082419059094,12695.001758813783,249409.44018787242,-6780.180077546097,3149.5965408258326,-64.38295130860439,-18143.796339007098,17773.002462339296,343379.643089327,-9492.252108564535,V_max,3150.2545189875145,45.49544986281167
U09p343881_ETM_S06,CSEG_13,622.5500000000001,G1p00_Q1p40,1.0,1.4,17862.181932123654,2177.5294787034527,216658.52989772838,36090.353115599566,0.0,0.0,-17944.28118514027,0.0,-5793.573173694369,0.0,1549.9922838407988,-129.32618523847765,58.642323583295365,16931.27638211755,157965.37773227048,-25778.82365399969,2169.989197377118,-181.0566593338687,-17862.181932123654,23703.78693496457,215357.95565148428,-36090.353115599566,T_max,36090.353115599566,45.49544986281167
U09p343881_ETM_S06,CSEG_14,247.2,G1p35_Q1p40,1.35,1.4,23811.733336381763,2013.547350478451,199615.99547835471,5849.635942975313,0.0,0.0,-17364.215507208828,0.0,-5793.573173694369,0.0,1438.2438331523151,-3.506434427158521,-264.3160011784603,11047.03514680251,147740.91846842214,4178.31138783951,2013.5413664132411,-4.90900819802193,-23811.733336381763,15465.849205523511,199015.96207130357,5849.635942975313,Ncomp_max,23811.733336381763,49.16328849857533
U09p343881_ETM_S06,CSEG_14,655.25,G1p35_Q1p40,1.35,1.4,23297.977035375032,2084.6422100879513,216808.96173617616,29795.589170953845,0.0,0.0,-17364.215507208828,0.0,-5793.573173694369,0.0,1488.8339756029693,24.169834223023088,102.65278525491885,12433.491406556011,159950.27467096146,-21282.56369353846,2084.367565844157,33.83776791223232,-23297.977035375032,17406.887969178413,216109.06075485863,-29795.589170953845,Ncomp_min,23297.977035375032,49.16328849857533
U09p343881_ETM_S06,CSEG_14,652.6,G1p35_Q1p40,1.35,1.4,23583.23780108851,3126.8388906699024,330444.1426508744,11614.511591332383,0.0,0.0,-17364.215507208828,0.0,-5793.573173694369,0.0,2233.191448293195,-34.39803428817005,-101.10490454042156,12669.638084027089,241277.9062775488,-8296.07970809456,3126.468027610473,-48.15724800343807,-23583.23780108851,17737.493317637924,329967.74500408093,-11614.511591332383,M_max,330444.1426508744,49.16328849857533
U09p343881_ETM_S06,CSEG_14,652.5,G1p35_Q1p40,1.35,1.4,23638.991746503325,3151.9477412661595,330260.0626282343,9490.558408958974,0.0,0.0,-17364.215507208828,0.0,-5793.573173694369,0.0,2250.9332935991456,-45.407491155632,-140.92915126528897,12532.006584887504,241153.59283257753,-6778.970292113553,3151.3066110388036,-63.5704876178848,-23638.991746503325,17544.809218842503,329793.7061811211,-9490.558408958974,V_max,3151.9477412661595,49.16328849857533
U09p343881_ETM_S06,CSEG_14,622.5500000000001,G1p35_Q1p40,1.35,1.4,23358.661975118575,2169.6669543520647,206677.30143073012,36089.813245252655,0.0,0.0,-17364.215507208828,0.0,-5793.573173694369,0.0,1544.4596019998744,-128.09034374804955,59.30639972381687,16470.07840105778,152291.67850755044,-25778.438032323327,2162.243442799824,-179.32648124726936,-23358.661975118575,23058.109761480893,205387.0261260832,-36089.813245252655,T_max,36089.813245252655,49.16328849857533
U09p343881_ETM_S06,CSEG_14,247.2,G1p00_Q1p40,1.0,1.4,17734.25790885867,2013.547350478451,201637.71200013504,5849.635942975313,0.0,0.0,-17364.215507208828,0.0,-5793.573173694369,0.0,1438.2438331523151,-3.506434427158521,-264.3160011784603,11047.03514680251,147740.91846842214,4178.31138783951,2013.5413664132411,-4.90900819802193,-17734.25790885867,15465.849205523511,201043.7126820966,5849.635942975313,Ncomp_max,17734.25790885867,49.16328849857533
U09p343881_ETM_S06,CSEG_14,655.25,G1p00_Q1p40,1.0,1.4,17220.50160785194,2084.6422100879513,218830.22693756325,29795.589170953845,0.0,0.0,-17364.215507208828,0.0,-5793.573173694369,0.0,1488.8339756029693,24.169834223023088,102.65278525491885,12433.491406556011,159950.27467096146,-21282.56369353846,2084.367565844157,33.83776791223232,-17220.50160785194,17406.887969178413,218136.81136565167,-29795.589170953845,Ncomp_min,17220.50160785194,49.16328849857533
U09p343881_ETM_S06,CSEG_14,652.6,G1p00_Q1p40,1.0,1.4,17505.76237356542,3126.8388906699024,332468.98769322684,11614.511591332383,0.0,0.0,-17364.215507208828,0.0,-5793.573173694369,0.0,2233.191448293195,-34.39803428817005,-101.10490454042156,12669.638084027089,241277.9062775488,-8296.07970809456,3126.468027610473,-48.15724800343807,-17505.76237356542,17737.493317637924,331995.49561487394,-11614.511591332383,M_max,332468.98769322684,49.16328849857533
U09p343881_ETM_S06,CSEG_14,652.5,G1p00_Q1p40,1.0,1.4,17561.516318980233,3151.9477412661595,332284.9673368233,9490.558408958974,0.0,0.0,-17364.215507208828,0.0,-5793.573173694369,0.0,2250.9332935991456,-45.407491155632,-140.92915126528897,12532.006584887504,241153.59283257753,-6778.970292113553,3151.3066110388036,-63.5704876178848,-17561.516318980233,17544.809218842503,331821.4567919141,-9490.558408958974,V_max,3151.9477412661595,49.16328849857533
U09p343881_ETM_S06,CSEG_14,622.5500000000001,G1p00_Q1p40,1.0,1.4,17281.186547595484,2169.6669543520647,208692.5155212345,36089.813245252655,0.0,0.0,-17364.215507208828,0.0,-5793.573173694369,0.0,1544.4596019998744,-128.09034374804955,59.30639972381687,16470.07840105778,152291.67850755044,-25778.438032323327,2162.243442799824,-179.32648124726936,-17281.186547595484,23058.109761480893,207414.77673687623,-36089.813245252655,T_max,36089.813245252655,49.16328849857533
U09p343881_ETM_S06,CSEG_15,247.2,G1p35_Q1p40,1.35,1.4,23034.058828179623,2002.5368351813652,192273.23126330838,5850.239808620687,0.0,0.0,-16788.867629394063,0.0,-5793.573173694369,0.0,1430.3773082573548,-4.19292785225062,-263.633948926883,11031.331654466929,142480.9332825413,4178.742720443348,2002.5282315602965,-5.870098993150868,-23034.058828179623,15443.8643162537,191651.98281107037,5850.239808620687,Ncomp_max,23034.058828179623,52.83112849185108
U09p343881_ETM_S06,CSEG_15,655.25,G1p35_Q1p40,1.35,1.4,22520.198646298188,2087.1269663483813,209192.31319151405,29794.215930081788,0.0,0.0,-16788.867629394063,0.0,-5793.573173694369,0.0,1490.6608849971178,20.726849640916434,103.40903813128534,12525.616328465829,154483.8257916267,-21281.582807201277,2086.9252389959647,29.017589497283005,-22520.198646298188,17535.862859852157,208456.03232378996,-29794.215930081788,Ncomp_min,22520.198646298188,52.83112849185108
U09p343881_ETM_S06,CSEG_15,652.7,G1p35_Q1p40,1.35,1.4,22792.453979101836,3044.3040397099107,319103.50141559687,16769.598192760855,0.0,0.0,-16788.867629394063,0.0,-5793.573173694369,0.0,2174.389998960072,-22.15697409468918,-91.05905672846347,12757.342805166783,233160.43686808384,-11978.284423400612,3044.1459985441,-31.019763732564847,-22792.453979101836,17860.279927233496,318603.28783082997,-16769.598192760855,M_max,319103.50141559687,52.83112849185108
U09p343881_ETM_S06,CSEG_15,652.5,G1p35_Q1p40,1.35,1.4,22860.051272578603,3151.2633487892895,318703.4770501479,9490.035920706076,0.0,0.0,-16788.867629394063,0.0,-5793.573173694369,0.0,2250.4587857707747,-44.685924226888176,-139.342837783297,12371.132010665187,232895.60436432465,-6778.597086218626,3150.6423000790846,-62.56029391764344,-22860.051272578603,17319.584814931262,318232.5223255671,-9490.035920706076,V_max,3151.2633487892895,52.83112849185108
U09p343881_ETM_S06,CSEG_15,622.5500000000001,G1p35_Q1p40,1.35,1.4,22580.942902482446,2159.1327679783008,198739.19476572177,36089.4318619917,0.0,0.0,-16788.867629394063,0.0,-5793.573173694369,0.0,1537.032867104628,-126.59803416818664,60.020283713958634,16013.80200425978,146637.09499476198,-25778.16561570836,2151.846013946479,-177.2372478354613,-22580.942902482446,22419.32280596369,197470.60920817935,-36089.4318619917,T_max,36089.4318619917,52.83112849185108
U09p343881_ETM_S06,CSEG_15,247.2,G1p00_Q1p40,1.0,1.4,17157.955157891698,2002.5368351813652,194294.49833534384,5850.239808620687,0.0,0.0,-16788.867629394063,0.0,-5793.573173694369,0.0,1430.3773082573548,-4.19292785225062,-263.633948926883,11031.331654466929,142480.9332825413,4178.742720443348,2002.5282315602965,-5.870098993150868,-17157.955157891698,15443.8643162537,193679.7334218634,5850.239808620687,Ncomp_max,17157.955157891698,52.83112849185108
U09p343881_ETM_S06,CSEG_15,655.25,G1p00_Q1p40,1.0,1.4,16644.094976010263,2087.1269663483813,211212.9952552451,29794.215930081788,0.0,0.0,-16788.867629394063,0.0,-5793.573173694369,0.0,1490.6608849971178,20.726849640916434,103.40903813128534,12525.616328465829,154483.8257916267,-21281.582807201277,2086.9252389959647,29.017589497283005,-16644.094976010263,17535.862859852157,210483.782934583,-29794.215930081788,Ncomp_min,16644.094976010263,52.83112849185108
U09p343881_ETM_S06,CSEG_15,652.7,G1p00_Q1p40,1.0,1.4,16916.35030881391,3044.3040397099107,321128.09346308,16769.598192760855,0.0,0.0,-16788.867629394063,0.0,-5793.573173694369,0.0,2174.389998960072,-22.15697409468918,-91.05905672846347,12757.342805166783,233160.43686808384,-11978.284423400612,3044.1459985441,-31.019763732564847,-16916.35030881391,17860.279927233496,320631.038441623,-16769.598192760855,M_max,321128.09346308,52.83112849185108
U09p343881_ETM_S06,CSEG_15,652.5,G1p00_Q1p40,1.0,1.4,16983.94760229068,3151.2633487892895,320728.25014244294,9490.035920706076,0.0,0.0,-16788.867629394063,0.0,-5793.573173694369,0.0,2250.4587857707747,-44.685924226888176,-139.342837783297,12371.132010665187,232895.60436432465,-6778.597086218626,3150.6423000790846,-62.56029391764344,-16983.94760229068,17319.584814931262,320260.2729363601,-9490.035920706076,V_max,3151.2633487892895,52.83112849185108
U09p343881_ETM_S06,CSEG_15,622.5500000000001,G1p00_Q1p40,1.0,1.4,16704.83923219452,2159.1327679783008,200754.13222531232,36089.4318619917,0.0,0.0,-16788.867629394063,0.0,-5793.573173694369,0.0,1537.032867104628,-126.59803416818664,60.020283713958634,16013.80200425978,146637.09499476198,-25778.16561570836,2151.846013946479,-177.2372478354613,-16704.83923219452,22419.32280596369,199498.35981897239,-36089.4318619917,T_max,36089.4318619917,52.83112849185108
U09p343881_ETM_S06,CSEG_16,247.2,G1p35_Q1p40,1.35,1.4,22294.17273064501,1989.721132125056,185251.88868187592,5850.546719492234,0.0,0.0,-16241.347314387083,0.0,-5793.573173694369,0.0,1421.220974171389,-4.888088012506462,-263.10989730174697,11013.586876618678,137450.29540873814,4178.961942494453,1989.7093638399442,-6.843323217509047,-22294.17273064501,15419.021627266147,184609.08978774596,5850.546719492234,Ncomp_max,22294.17273064501,56.357889344892094
U09p343881_ETM_S06,CSEG_16,655.25,G1p35_Q1p40,1.35,1.4,21780.20590205186,2088.308164196412,201865.45586767478,29794.02247261363,0.0,0.0,-16241.347314387083,0.0,-5793.573173694369,0.0,1491.5504145810874,17.122245716859684,104.00926597907164,12601.614548183305,149224.54944154626,-21281.44462329545,2088.170580413522,23.971144003603555,-21780.20590205186,17642.260367456623,201093.04543367735,-29794.02247261363,Ncomp_min,21780.20590205186,56.357889344892094
U09p343881_ETM_S06,CSEG_16,652.75,G1p35_Q1p40,1.35,1.4,22074.210456416702,3011.3103997274584,308391.8973642642,16945.721899321015,0.0,0.0,-16241.347314387083,0.0,-5793.573173694369,0.0,2150.8306986865737,-21.2833466816312,-105.99398713867231,12771.249421722385,225496.05321117927,-12104.087070943584,3011.162978161203,-29.796685354283678,-22074.210456416702,17879.749190411338,307873.1507111636,-16945.721899321015,M_max,308391.8973642642,56.357889344892094
U09p343881_ETM_S06,CSEG_16,652.5,G1p35_Q1p40,1.35,1.4,22118.936981532548,3148.498942015348,307600.7413111619,9489.777836684441,0.0,0.0,-16241.347314387083,0.0,-5793.573173694369,0.0,2248.500126858188,-43.85772293962205,-137.94150507856102,12219.425134306104,224961.42064943808,-6778.412740488888,3147.9001776014634,-61.40081211547086,-22118.936981532548,17107.195188028545,307124.6651247259,-9489.777836684441,V_max,3148.498942015348,56.357889344892094
U09p343881_ETM_S06,CSEG_16,622.5500000000001,G1p35_Q1p40,1.35,1.4,21840.98629301237,2146.6261414420856,191148.93956153447,36089.25844168383,0.0,0.0,-16241.347314387083,0.0,-5793.573173694369,0.0,1528.205560013162,-124.9404208185482,60.59470100727958,15580.443803402664,141229.73636443168,-25778.04174405988,2139.4877840184267,-174.91658914596746,-21840.98629301237,21812.621324763728,189900.30712571694,-36089.25844168383,T_max,36089.25844168383,56.357889344892094
U09p343881_ETM_S06,CSEG_16,247.2,G1p00_Q1p40,1.0,1.4,16609.70117060953,1989.721132125056,187272.6793258745,5850.546719492234,0.0,0.0,-16241.347314387083,0.0,-5793.573173694369,0.0,1421.220974171389,-4.888088012506462,-263.10989730174697,11013.586876618678,137450.29540873814,4178.961942494453,1989.7093638399442,-6.843323217509047,-16609.70117060953,15419.021627266147,186636.840398539,5850.546719492234,Ncomp_max,16609.70117060953,56.357889344892094
U09p343881_ETM_S06,CSEG_16,655.25,G1p00_Q1p40,1.0,1.4,16095.734342016383,2088.308164196412,203885.5245882171,29794.02247261363,0.0,0.0,-16241.347314387083,0.0,-5793.573173694369,0.0,1491.5504145810874,17.122245716859684,104.00926597907164,12601.614548183305,149224.54944154626,-21281.44462329545,2088.170580413522,23.971144003603555,-16095.734342016383,17642.260367456623,203120.7960444704,-29794.02247261363,Ncomp_min,16095.734342016383,56.357889344892094
U09p343881_ETM_S06,CSEG_16,652.75,G1p00_Q1p40,1.0,1.4,16389.738896381226,3011.3103997274584,310416.25935390865,16945.721899321015,0.0,0.0,-16241.347314387083,0.0,-5793.573173694369,0.0,2150.8306986865737,-21.2833466816312,-105.99398713867231,12771.249421722385,225496.05321117927,-12104.087070943584,3011.162978161203,-29.796685354283678,-16389.738896381226,17879.749190411338,309900.9013219566,-16945.721899321015,M_max,310416.25935390865,56.357889344892094
U09p343881_ETM_S06,CSEG_16,652.5,G1p00_Q1p40,1.0,1.4,16434.46542149707,3148.498942015348,309625.37409312633,9489.777836684441,0.0,0.0,-16241.347314387083,0.0,-5793.573173694369,0.0,2248.500126858188,-43.85772293962205,-137.94150507856102,12219.425134306104,224961.42064943808,-6778.412740488888,3147.9001776014634,-61.40081211547086,-16434.46542149707,17107.195188028545,309152.4157355189,-9489.777836684441,V_max,3148.498942015348,56.357889344892094
U09p343881_ETM_S06,CSEG_16,622.5500000000001,G1p00_Q1p40,1.0,1.4,16156.514732976892,2146.6261414420856,193163.58299525987,36089.25844168383,0.0,0.0,-16241.347314387083,0.0,-5793.573173694369,0.0,1528.205560013162,-124.9404208185482,60.59470100727958,15580.443803402664,141229.73636443168,-25778.04174405988,2139.4877840184267,-174.91658914596746,-16156.514732976892,21812.621324763728,191928.05773650997,-36089.25844168383,T_max,36089.25844168383,56.357889344892094
U09p343881_ETM_S06,CSEG_17,247.2,G1p35_Q1p40,1.35,1.4,21534.489860750837,1974.306480281869,178010.7470951513,5850.618962730987,0.0,0.0,-15679.15983391191,0.0,-5793.573173694369,0.0,1410.2075214424922,-5.668619237089712,-262.5886321212547,10992.656427051568,132261.1233715079,4179.013544807848,1974.2905300194889,-7.9360669319255965,-21534.489860750837,15389.718997872194,177344.24893562365,5850.618962730987,Ncomp_max,21534.489860750837,60.02572219110743
U09p343881_ETM_S06,CSEG_17,655.25,G1p35_Q1p40,1.35,1.4,21020.386320853675,2088.2596080963494,194241.52116788994,29794.002592727735,0.0,0.0,-15679.15983391191,0.0,-5793.573173694369,0.0,1491.556641046409,13.0816206442639,104.6281820910026,12666.23766475606,143751.22959695192,-21281.430423376954,2088.1792974649725,18.31426890196946,-21020.386320853675,17732.73273065848,193430.39765124526,-29794.002592727735,Ncomp_min,21020.386320853675,60.02572219110743
U09p343881_ETM_S06,CSEG_17,652.75,G1p35_Q1p40,1.35,1.4,21313.27668120464,3020.234090816967,297341.7469042936,16945.683144747843,0.0,0.0,-15679.15983391191,0.0,-5793.573173694369,0.0,2157.195002876523,-22.28083370923164,-104.57921815968439,12699.105060616552,217593.62763224766,-12104.059389105603,3020.0730040271324,-31.193167192924292,-21313.27668120464,17778.74708486317,296809.7549006593,-16945.683144747843,M_max,297341.7469042936,60.02572219110743
U09p343881_ETM_S06,CSEG_17,652.5,G1p35_Q1p40,1.35,1.4,21357.99156908766,3143.5992828752537,296069.85986760596,9488.769656849034,0.0,0.0,-15679.15983391191,0.0,-5793.573173694369,0.0,2245.018753944083,-42.87147614453736,-136.5184237904141,12064.664722339763,216720.71134629956,-6777.6926120350245,3143.026255521716,-60.0200666023523,-21357.99156908766,16890.530611275666,295587.672100332,-9488.769656849034,V_max,3143.5992828752537,60.02572219110743
U09p343881_ETM_S06,CSEG_17,622.5500000000001,G1p35_Q1p40,1.35,1.4,21081.21425780893,2131.2749070904224,183306.72338336185,36089.24780976108,0.0,0.0,-15679.15983391191,0.0,-5793.573173694369,0.0,1517.3626721657863,-122.99276356758092,61.17965569439366,15136.272262756736,135642.19278676403,-25778.034149829346,2124.3077410321007,-172.18986899461328,-21081.21425780893,21190.78116785943,182077.74611698222,-36089.24780976108,T_max,36089.24780976108,60.02572219110743
U09p343881_ETM_S06,CSEG_17,247.2,G1p00_Q1p40,1.0,1.4,16046.783918881667,1974.306480281869,180030.99086577614,5850.618962730987,0.0,0.0,-15679.15983391191,0.0,-5793.573173694369,0.0,1410.2075214424922,-5.668619237089712,-262.5886321212547,10992.656427051568,132261.1233715079,4179.013544807848,1974.2905300194889,-7.9360669319255965,-16046.783918881667,15389.718997872194,179371.9995464167,5850.618962730987,Ncomp_max,16046.783918881667,60.02572219110743
U09p343881_ETM_S06,CSEG_17,655.25,G1p00_Q1p40,1.0,1.4,15532.680378984507,2088.2596080963494,196260.8914993558,29794.002592727735,0.0,0.0,-15679.15983391191,0.0,-5793.573173694369,0.0,1491.556641046409,13.0816206442639,104.6281820910026,12666.23766475606,143751.22959695192,-21281.430423376954,2088.1792974649725,18.31426890196946,-15532.680378984507,17732.73273065848,195458.1482620383,-29794.002592727735,Ncomp_min,15532.680378984507,60.02572219110743
U09p343881_ETM_S06,CSEG_17,652.75,G1p00_Q1p40,1.0,1.4,15825.570739335468,3020.234090816967,299365.89409653004,16945.683144747843,0.0,0.0,-15679.15983391191,0.0,-5793.573173694369,0.0,2157.195002876523,-22.28083370923164,-104.57921815968439,12699.105060616552,217593.62763224766,-12104.059389105603,3020.0730040271324,-31.193167192924292,-15825.570739335468,17778.74708486317,298837.5055114523,-16945.683144747843,M_max,299365.89409653004,60.02572219110743
U09p343881_ETM_S06,CSEG_17,652.5,G1p00_Q1p40,1.0,1.4,15870.285627218489,3143.5992828752537,298094.33047250676,9488.769656849034,0.0,0.0,-15679.15983391191,0.0,-5793.573173694369,0.0,2245.018753944083,-42.87147614453736,-136.5184237904141,12064.664722339763,216720.71134629956,-6777.6926120350245,3143.026255521716,-60.0200666023523,-15870.285627218489,16890.530611275666,297615.422711125,-9488.769656849034,V_max,3143.5992828752537,60.02572219110743
U09p343881_ETM_S06,CSEG_17,622.5500000000001,G1p00_Q1p40,1.0,1.4,15593.508315939758,2131.2749070904224,185321.0272254203,36089.24780976108,0.0,0.0,-15679.15983391191,0.0,-5793.573173694369,0.0,1517.3626721657863,-122.99276356758092,61.17965569439366,15136.272262756736,135642.19278676403,-25778.034149829346,2124.3077410321007,-172.18986899461328,-15593.508315939758,21190.78116785943,184105.49672777526,-36089.24780976108,T_max,36089.24780976108,60.02572219110743
U09p343881_ETM_S06,CSEG_18,247.2,G1p35_Q1p40,1.35,1.4,20780.887011744984,1956.6967677396196,170826.6294404754,5850.446184020496,0.0,0.0,-15121.437414261462,0.0,-5793.573173694369,0.0,1397.6254274375683,-6.501313030124657,-262.10464463715107,10968.810005442938,127111.66426868453,4178.890131443211,1956.6755984125955,-9.10183824217452,-20780.887011744984,15356.334007620111,170135.00619167092,5850.446184020496,Ncomp_max,20780.887011744984,63.69355251690293
U09p343881_ETM_S06,CSEG_18,655.25,G1p35_Q1p40,1.35,1.4,20266.650909800243,2086.862759845988,186626.34892932494,29793.19071827591,0.0,0.0,-15121.437414261462,0.0,-5793.573173694369,0.0,1490.590684297258,8.731415512505478,105.20685675195091,12715.72761905316,138283.34145199132,-21280.85051305422,2086.826958016161,12.22398171750767,-20266.650909800243,17802.018666674423,185775.35424830043,-29793.19071827591,Ncomp_min,20266.650909800243,63.69355251690293
U09p343881_ETM_S06,CSEG_18,652.2,G1p35_Q1p40,1.35,1.4,20666.4344629853,2950.050410850506,286469.6980647816,5943.545213278559,0.0,0.0,-15121.437414261462,0.0,-5793.573173694369,0.0,2106.995742113848,-27.77969342503299,-180.35282409451793,11323.405253673864,209894.32309814394,-4245.389438056113,2949.794038959387,-38.89157079504618,-20666.4344629853,15852.767355143407,286030.7285529141,-5943.545213278559,M_max,286469.6980647816,63.69355251690293
U09p343881_ETM_S06,CSEG_18,652.5,G1p35_Q1p40,1.35,1.4,20603.12696515223,3136.672820635775,284560.9504938139,9489.889639934918,0.0,0.0,-15121.437414261462,0.0,-5793.573173694369,0.0,2240.091536591805,-41.75122378221179,-135.13318278518454,11913.847573983969,208495.01933689468,-6778.492599953513,3136.128151228527,-58.451713295096496,-20603.12696515223,16679.386603577554,284071.70328716515,-9489.889639934918,V_max,3136.672820635775,63.69355251690293
U09p343881_ETM_S06,CSEG_18,622.5500000000001,G1p35_Q1p40,1.35,1.4,20327.525918252024,2113.5104334115526,175529.05324099943,36089.38978279093,0.0,0.0,-15121.437414261462,0.0,-5793.573173694369,0.0,1504.8083604820158,-120.81330819678962,61.72470785782207,14699.481872877155,130099.87934690781,-25778.135559136383,2106.731704674822,-169.13863147550546,-20327.525918252024,20579.274622028017,174318.5073011835,-36089.38978279093,T_max,36089.38978279093,63.69355251690293
U09p343881_ETM_S06,CSEG_18,247.2,G1p00_Q1p40,1.0,1.4,15488.383916753473,1956.6967677396196,172846.2664450058,5850.446184020496,0.0,0.0,-15121.437414261462,0.0,-5793.573173694369,0.0,1397.6254274375683,-6.501313030124657,-262.10464463715107,10968.810005442938,127111.66426868453,4178.890131443211,1956.6755984125955,-9.10183824217452,-15488.383916753473,15356.334007620111,172162.75680246396,5850.446184020496,Ncomp_max,15488.383916753473,63.69355251690293
U09p343881_ETM_S06,CSEG_18,655.25,G1p00_Q1p40,1.0,1.4,14974.14781480873,2086.862759845988,188644.95239291264,29793.19071827591,0.0,0.0,-15121.437414261462,0.0,-5793.573173694369,0.0,1490.590684297258,8.731415512505478,105.20685675195091,12715.72761905316,138283.34145199132,-21280.85051305422,2086.826958016161,12.22398171750767,-14974.14781480873,17802.018666674423,187803.10485909347,-29793.19071827591,Ncomp_min,14974.14781480873,63.69355251690293
U09p343881_ETM_S06,CSEG_18,652.2,G1p00_Q1p40,1.0,1.4,15373.931367993786,2950.050410850506,288494.3632914241,5943.545213278559,0.0,0.0,-15121.437414261462,0.0,-5793.573173694369,0.0,2106.995742113848,-27.77969342503299,-180.35282409451793,11323.405253673864,209894.32309814394,-4245.389438056113,2949.794038959387,-38.89157079504618,-15373.931367993786,15852.767355143407,288058.4791637071,-5943.545213278559,M_max,288494.3632914241,63.69355251690293
U09p343881_ETM_S06,CSEG_18,652.5,G1p00_Q1p40,1.0,1.4,15310.62387016072,3136.672820635775,286585.2394283095,9489.889639934918,0.0,0.0,-15121.437414261462,0.0,-5793.573173694369,0.0,2240.091536591805,-41.75122378221179,-135.13318278518454,11913.847573983969,208495.01933689468,-6778.492599953513,3136.128151228527,-58.451713295096496,-15310.62387016072,16679.386603577554,286099.45389795816,-9489.889639934918,V_max,3136.672820635775,63.69355251690293
U09p343881_ETM_S06,CSEG_18,622.5500000000001,G1p00_Q1p40,1.0,1.4,15035.022823260511,2113.5104334115526,177542.9785249932,36089.38978279093,0.0,0.0,-15121.437414261462,0.0,-5793.573173694369,0.0,1504.8083604820158,-120.81330819678962,61.72470785782207,14699.481872877155,130099.87934690781,-25778.135559136383,2106.731704674822,-169.13863147550546,-15035.022823260511,20579.274622028017,176346.25791197654,-36089.38978279093,T_max,36089.38978279093,63.69355251690293
U09p343881_ETM_S06,CSEG_19,247.2,G1p35_Q1p40,1.35,1.4,20028.875860291155,1936.8871420098096,163708.13371013835,5850.041375852203,0.0,0.0,-14564.880633749928,0.0,-5793.573173694369,0.0,1383.471042068638,-7.396819768282426,-261.6335748062502,10941.615230356669,122008.00912450161,4178.600982751574,1936.8594588960932,-10.355547675595396,-20028.875860291155,15318.261322499335,162989.88898981482,5850.041375852203,Ncomp_max,20028.875860291155,67.36147106093047
U09p343881_ETM_S06,CSEG_19,655.25,G1p35_Q1p40,1.35,1.4,19514.49617130251,2084.2072552762097,179013.10987234738,29793.45589513834,0.0,0.0,-14564.880633749928,0.0,-5793.573173694369,0.0,1488.7139209409604,4.064007981464731,105.78048875706736,12748.642000812926,132816.04227296726,-21281.039925098816,2084.1994893173446,5.689611174050623,-19514.49617130251,17848.098801138094,178121.13539766675,-29793.45589513834,Ncomp_min,19514.49617130251,67.36147106093047
U09p343881_ETM_S06,CSEG_19,652.15,G1p35_Q1p40,1.35,1.4,19894.47861584845,2947.3888690321546,275691.16663355916,7750.615456334412,0.0,0.0,-14564.880633749928,0.0,-5793.573173694369,0.0,2105.181919238396,-20.088524006665917,-165.63554306146216,11207.789386397688,202189.71852380547,-5536.153897381723,2947.2546869337543,-28.123933609332283,-19894.47861584845,15690.905140956762,275244.28214884026,-7750.615456334412,M_max,275691.16663355916,67.36147106093047
U09p343881_ETM_S06,CSEG_19,652.5,G1p35_Q1p40,1.35,1.4,19849.849594537864,3127.7305076318326,273083.15443709464,9490.23435347456,0.0,0.0,-14564.880633749928,0.0,-5793.573173694369,0.0,2233.726307330184,-40.48825034499868,-133.75767069675567,11767.74094429139,200290.76419748468,-6778.7388239104,3127.2168302622576,-56.68355048299815,-19849.849594537864,16474.837322007945,272585.74609199114,-9490.23435347456,V_max,3127.7305076318326,67.36147106093047
U09p343881_ETM_S06,CSEG_19,622.5500000000001,G1p35_Q1p40,1.35,1.4,19575.43527110121,2093.25354140527,167819.83766221913,36089.63029476018,0.0,0.0,-14564.880633749928,0.0,-5793.573173694369,0.0,1490.485380706183,-118.4054673567642,62.25256032942343,14271.092451353725,124605.4294099289,-25778.30735340013,2086.679532988656,-165.76765429946988,-19575.43527110121,19979.529431895215,166626.27738941304,-36089.63029476018,T_max,36089.63029476018,67.36147106093047
U09p343881_ETM_S06,CSEG_19,247.2,G1p00_Q1p40,1.0,1.4,14931.167638478679,1936.8871420098096,165727.09648485514,5850.041375852203,0.0,0.0,-14564.880633749928,0.0,-5793.573173694369,0.0,1383.471042068638,-7.396819768282426,-261.6335748062502,10941.615230356669,122008.00912450161,4178.600982751574,1936.8594588960932,-10.355547675595396,-14931.167638478679,15318.261322499335,165017.63960060786,5850.041375852203,Ncomp_max,14931.167638478679,67.36147106093047
U09p343881_ETM_S06,CSEG_19,655.25,G1p00_Q1p40,1.0,1.4,14416.787949490033,2084.2072552762097,181030.8696352758,29793.45589513834,0.0,0.0,-14564.880633749928,0.0,-5793.573173694369,0.0,1488.7139209409604,4.064007981464731,105.78048875706736,12748.642000812926,132816.04227296726,-21281.039925098816,2084.1994893173446,5.689611174050623,-14416.787949490033,17848.098801138094,180148.88600845978,-29793.45589513834,Ncomp_min,14416.787949490033,67.36147106093047
U09p343881_ETM_S06,CSEG_19,652.15,G1p00_Q1p40,1.0,1.4,14796.770394035975,2947.3888690321546,277715.6543207488,7750.615456334412,0.0,0.0,-14564.880633749928,0.0,-5793.573173694369,0.0,2105.181919238396,-20.088524006665917,-165.63554306146216,11207.789386397688,202189.71852380547,-5536.153897381723,2947.2546869337543,-28.123933609332283,-14796.770394035975,15690.905140956762,277272.03275963326,-7750.615456334412,M_max,277715.6543207488,67.36147106093047
U09p343881_ETM_S06,CSEG_19,652.5,G1p00_Q1p40,1.0,1.4,14752.141372725386,3127.7305076318326,275107.2387926509,9490.23435347456,0.0,0.0,-14564.880633749928,0.0,-5793.573173694369,0.0,2233.726307330184,-40.48825034499868,-133.75767069675567,11767.74094429139,200290.76419748468,-6778.7388239104,3127.2168302622576,-56.68355048299815,-14752.141372725386,16474.837322007945,274613.49670278415,-9490.23435347456,V_max,3127.7305076318326,67.36147106093047
U09p343881_ETM_S06,CSEG_19,622.5500000000001,G1p00_Q1p40,1.0,1.4,14477.727049288735,2093.25354140527,169833.3381789755,36089.63029476018,0.0,0.0,-14564.880633749928,0.0,-5793.573173694369,0.0,1490.485380706183,-118.4054673567642,62.25256032942343,14271.092451353725,124605.4294099289,-25778.30735340013,2086.679532988656,-165.76765429946988,-14477.727049288735,19979.529431895215,168654.02800020608,-36089.63029476018,T_max,36089.63029476018,67.36147106093047
U09p343881_ETM_S06,CSEG_20,247.2,G1p35_Q1p40,1.35,1.4,19286.55826997955,1915.4331273919286,156674.7724681473,5849.348760249641,0.0,0.0,-14015.49861073436,0.0,-5793.573173694369,0.0,1368.1410123288774,-8.35437874023385,-261.1679610629726,10911.16234899244,116964.02797839267,4178.106257321172,1915.3974172604283,-11.69613023632739,-19286.55826997955,15275.627288589416,155928.3153852623,5849.348760249641,Ncomp_max,19286.55826997955,71.02939355383913
U09p343881_ETM_S06,CSEG_20,655.25,G1p35_Q1p40,1.35,1.4,18772.033680951878,2080.3961736508645,171417.8379005712,29794.01178948062,0.0,0.0,-14015.49861073436,0.0,-5793.573173694369,0.0,1485.9970100800956,-0.8736405969112776,106.3496025282202,12763.82359792542,127360.87667355871,-21281.43699248616,2080.395814112134,-1.2230968356757885,-18772.033680951878,17869.35303709559,170483.90355849479,-29794.01178948062,Ncomp_min,18772.033680951878,71.02939355383913
U09p343881_ETM_S06,CSEG_20,652.15,G1p35_Q1p40,1.35,1.4,19150.890536731695,2961.4399881505074,264866.86477560666,7751.2559025628925,0.0,0.0,-14015.49861073436,0.0,-5793.573173694369,0.0,2115.2213305177856,-19.829635947046444,-164.26243731450631,11138.245871910049,194449.1211860996,-5536.611358973495,2961.3098627248996,-27.761490325865022,-19150.890536731695,15593.544220674066,264407.445876052,-7751.2559025628925,M_max,264866.86477560666,71.02939355383913
U09p343881_ETM_S06,CSEG_20,652.5,G1p35_Q1p40,1.35,1.4,19106.272496914124,3117.1649041958985,261636.29029576672,9490.868126876123,0.0,0.0,-14015.49861073436,0.0,-5793.573173694369,0.0,2226.202769498155,-39.114229266414725,-132.39240887338383,11626.11551552698,192107.7397105126,-6779.191519197231,3116.6838772974165,-54.75992097298061,-19106.272496914124,16276.561721737771,261129.51181023024,-9490.868126876123,V_max,3117.1649041958985,71.02939355383913
U09p343881_ETM_S06,CSEG_20,622.5500000000001,G1p35_Q1p40,1.35,1.4,18833.044905203566,2070.9627704430536,160184.45366070635,36090.162038248454,0.0,0.0,-14015.49861073436,0.0,-5793.573173694369,0.0,1474.71913915537,-115.80591467946158,62.77015663415841,13851.795807869285,119162.55731037987,-25778.68717017747,2064.6067948175178,-162.1282805512462,-18833.044905203566,19392.514131016997,159006.2564500444,-36090.162038248454,T_max,36090.162038248454,71.02939355383913
U09p343881_ETM_S06,CSEG_20,247.2,G1p00_Q1p40,1.0,1.4,14381.133756222522,1915.4331273919286,158692.9852703329,5849.348760249641,0.0,0.0,-14015.49861073436,0.0,-5793.573173694369,0.0,1368.1410123288774,-8.35437874023385,-261.1679610629726,10911.16234899244,116964.02797839267,4178.106257321172,1915.3974172604283,-11.69613023632739,-14381.133756222522,15275.627288589416,157956.06599605535,5849.348760249641,Ncomp_max,14381.133756222522,71.02939355383913
U09p343881_ETM_S06,CSEG_20,655.25,G1p00_Q1p40,1.0,1.4,13866.60916719485,2080.3961736508645,173434.66955078018,29794.01178948062,0.0,0.0,-14015.49861073436,0.0,-5793.573173694369,0.0,1485.9970100800956,-0.8736405969112776,106.3496025282202,12763.82359792542,127360.87667355871,-21281.43699248616,2080.395814112134,-1.2230968356757885,-13866.60916719485,17869.35303709559,172511.65416928782,-29794.01178948062,Ncomp_min,13866.60916719485,71.02939355383913
U09p343881_ETM_S06,CSEG_20,652.15,G1p00_Q1p40,1.0,1.4,14245.466022974668,2961.4399881505074,266891.1248961753,7751.2559025628925,0.0,0.0,-14015.49861073436,0.0,-5793.573173694369,0.0,2115.2213305177856,-19.829635947046444,-164.26243731450631,11138.245871910049,194449.1211860996,-5536.611358973495,2961.3098627248996,-27.761490325865022,-14245.466022974668,15593.544220674066,266435.19648684503,-7751.2559025628925,M_max,266891.1248961753,71.02939355383913
U09p343881_ETM_S06,CSEG_20,652.5,G1p00_Q1p40,1.0,1.4,14200.847983157097,3117.1649041958985,263660.1434164991,9490.868126876123,0.0,0.0,-14015.49861073436,0.0,-5793.573173694369,0.0,2226.202769498155,-39.114229266414725,-132.39240887338383,11626.11551552698,192107.7397105126,-6779.191519197231,3116.6838772974165,-54.75992097298061,-14200.847983157097,16276.561721737771,263157.2624210233,-9490.868126876123,V_max,3117.1649041958985,71.02939355383913
U09p343881_ETM_S06,CSEG_20,622.5500000000001,G1p00_Q1p40,1.0,1.4,13927.620391446537,2070.9627704430536,162197.47542545642,36090.162038248454,0.0,0.0,-14015.49861073436,0.0,-5793.573173694369,0.0,1474.71913915537,-115.80591467946158,62.77015663415841,13851.795807869285,119162.55731037987,-25778.68717017747,2064.6067948175178,-162.1282805512462,-13927.620391446537,19392.514131016997,161034.00706083744,-36090.162038248454,T_max,36090.162038248454,71.02939355383913
U09p343881_ETM_S06,CSEG_21,247.2,G1p35_Q1p40,1.35,1.4,18600.875146518963,1894.2345185409226,149983.63733784755,5849.532671231064,0.0,0.0,-13508.053356027796,0.0,-5793.573173694369,0.0,1352.9924549384623,-9.334714559124915,-260.7165113438841,10878.412686482288,112164.08532469122,4178.237622307904,1894.189436913847,-13.06860038277488,-18600.875146518963,15229.777761075202,149208.3956700803,5849.532671231064,Ncomp_max,18600.875146518963,74.55624172893728
U09p343881_ETM_S06,CSEG_21,655.25,G1p35_Q1p40,1.35,1.4,18086.21522322413,2075.979841699131,164127.5123803223,29794.492532921486,0.0,0.0,-13508.053356027796,0.0,-5793.573173694369,0.0,1482.8316491193812,-5.736201996112858,106.89771958099482,12761.195277853509,122123.98423954217,-21281.780380658205,2075.9643087671334,-8.030682794558,-18086.21522322413,17865.67338899491,163152.25415087162,-29794.492532921486,Ncomp_min,18086.21522322413,74.55624172893728
U09p343881_ETM_S06,CSEG_21,652.15,G1p35_Q1p40,1.35,1.4,18463.94662858856,2974.6381605722718,254411.93888812125,7752.876796550618,0.0,0.0,-13508.053356027796,0.0,-5793.573173694369,0.0,2124.651402969206,-19.57144708442695,-162.91042710788315,11072.352960325572,186971.84100261112,-5537.769140393299,2974.5119641568886,-27.400025918197727,-18463.94662858856,15501.2941444558,253939.25361916816,-7752.876796550618,M_max,254411.93888812125,74.55624172893728
U09p343881_ETM_S06,CSEG_21,652.5,G1p35_Q1p40,1.35,1.4,18419.379678642763,3106.2849583060606,250674.74367398646,9492.474681557927,0.0,0.0,-13508.053356027796,0.0,-5793.573173694369,0.0,2218.4537776837583,-37.75188404936336,-131.07689143231255,11495.051644423604,184270.68169248226,-6780.339058255663,3105.8352887572614,-52.8526376691087,-18419.379678642763,16093.072302193044,250157.63058498775,-9492.474681557927,V_max,3106.2849583060606,74.55624172893728
U09p343881_ETM_S06,CSEG_21,622.5500000000001,G1p35_Q1p40,1.35,1.4,18147.28961436572,2048.5771221959785,152930.41781715708,36090.59088367246,0.0,0.0,-13508.053356027796,0.0,-5793.573173694369,0.0,1458.881161212634,-113.23875401241412,63.27315447986075,13458.208812370816,113990.4563291912,-25778.993488337477,2042.4336256976874,-158.53425561737976,-18147.28961436572,18841.49233731914,151765.31507638027,-36090.59088367246,T_max,36090.59088367246,74.55624172893728
U09p343881_ETM_S06,CSEG_21,247.2,G1p00_Q1p40,1.0,1.4,13873.056471909234,1894.2345185409226,152001.04628765376,5849.532671231064,0.0,0.0,-13508.053356027796,0.0,-5793.573173694369,0.0,1352.9924549384623,-9.334714559124915,-260.7165113438841,10878.412686482288,112164.08532469122,4178.237622307904,1894.189436913847,-13.06860038277488,-13873.056471909234,15229.777761075202,151236.14628087333,5849.532671231064,Ncomp_max,13873.056471909234,74.55624172893728
U09p343881_ETM_S06,CSEG_21,655.25,G1p00_Q1p40,1.0,1.4,13358.396548614404,2075.979841699131,166143.36056161197,29794.492532921486,0.0,0.0,-13508.053356027796,0.0,-5793.573173694369,0.0,1482.8316491193812,-5.736201996112858,106.89771958099482,12761.195277853509,122123.98423954217,-21281.780380658205,2075.9643087671334,-8.030682794558,-13358.396548614404,17865.67338899491,165180.00476166466,-29794.492532921486,Ncomp_min,13358.396548614404,74.55624172893728
U09p343881_ETM_S06,CSEG_21,652.15,G1p00_Q1p40,1.0,1.4,13736.127953978832,2974.6381605722718,256435.95179813207,7752.876796550618,0.0,0.0,-13508.053356027796,0.0,-5793.573173694369,0.0,2124.651402969206,-19.57144708442695,-162.91042710788315,11072.352960325572,186971.84100261112,-5537.769140393299,2974.5119641568886,-27.400025918197727,-13736.127953978832,15501.2941444558,255967.0042299612,-7752.876796550618,M_max,256435.95179813207,74.55624172893728
U09p343881_ETM_S06,CSEG_21,652.5,G1p00_Q1p40,1.0,1.4,13691.561004033034,3106.2849583060606,252698.34480064345,9492.474681557927,0.0,0.0,-13508.053356027796,0.0,-5793.573173694369,0.0,2218.4537776837583,-37.75188404936336,-131.07689143231255,11495.051644423604,184270.68169248226,-6780.339058255663,3105.8352887572614,-52.8526376691087,-13691.561004033034,16093.072302193044,252185.3811957808,-9492.474681557927,V_max,3106.2849583060606,74.55624172893728
U09p343881_ETM_S06,CSEG_21,622.5500000000001,G1p00_Q1p40,1.0,1.4,13419.470939755991,2048.5771221959785,154942.92138383238,36090.59088367246,0.0,0.0,-13508.053356027796,0.0,-5793.573173694369,0.0,1458.881161212634,-113.23875401241412,63.27315447986075,13458.208812370816,113990.4563291912,-25778.993488337477,2042.4336256976874,-158.53425561737976,-13419.470939755991,18841.49233731914,153793.0656871733,-36090.59088367246,T_max,36090.59088367246,74.55624172893728
U09p343881_ETM_S06,CSEG_22,247.2,G1p35_Q1p40,1.35,1.4,17917.08097093107,1871.885302016726,143107.22888872083,5848.501962228353,0.0,0.0,-13002.019574306958,0.0,-5793.573173694369,0.0,1337.0203996047496,-10.410648643058543,-260.2532468690533,10840.476764705749,107229.66186557553,4177.50140159168,1871.8285594466493,-14.57490810028196,-17917.08097093107,15176.667470588047,142300.2028273183,5848.501962228353,Ncomp_max,17917.08097093107,78.22415681979666
U09p343881_ETM_S06,CSEG_22,655.25,G1p35_Q1p40,1.35,1.4,17402.25148211116,2070.785324595012,156563.9044470887,29795.174167491754,0.0,0.0,-13002.019574306958,0.0,-5793.573173694369,0.0,1479.0924463648696,-10.868165611884882,107.48210228802236,12740.4762046614,116689.91550022649,-21282.26726249411,2070.729424910817,-15.215431856638833,-17402.25148211116,17836.666686525958,155544.55791582968,-29795.174167491754,Ncomp_min,17402.25148211116,78.22415681979666
U09p343881_ETM_S06,CSEG_22,652.15,G1p35_Q1p40,1.35,1.4,17778.795421351504,2988.0328570946217,243491.6620391849,7754.732739138112,0.0,0.0,-13002.019574306958,0.0,-5793.573173694369,0.0,2134.221952469477,-19.296345851342604,-161.4778543122211,11004.893581254102,179160.76097840388,-5539.094813670081,2987.9107334572677,-27.014884191879645,-17778.795421351504,15406.851013755742,243003.741585278,-7754.732739138112,M_max,243491.6620391849,78.22415681979666
U09p343881_ETM_S06,CSEG_22,652.5500000000001,G1p35_Q1p40,1.35,1.4,17714.354339535843,3095.0000605864584,239573.33982138179,10268.738560436233,0.0,0.0,-13002.019574306958,0.0,-5793.573173694369,0.0,2210.438600545981,-34.91471923813972,-115.44851015817585,11523.339535203238,176322.04697474933,-7334.813257454453,3094.6140407643734,-48.880606933395605,-17714.354339535843,16132.675349284533,239029.54198016165,-10268.738560436233,V_max,3095.0000605864584,78.22415681979666
U09p343881_ETM_S06,CSEG_22,622.5500000000001,G1p35_Q1p40,1.35,1.4,17463.432409233003,2024.5295411491961,145467.44320666217,36091.21085834473,0.0,0.0,-13002.019574306958,0.0,-5793.573173694369,0.0,1441.8621943090657,-110.53061198788863,63.78144005813738,13058.327182035822,108668.15626518025,-25779.436327389096,2018.6070720326918,-154.7428567830441,-17463.432409233003,18281.65805485015,144314.09498676495,-36091.21085834473,T_max,36091.21085834473,78.22415681979666
U09p343881_ETM_S06,CSEG_22,247.2,G1p00_Q1p40,1.0,1.4,13366.374119923632,1871.885302016726,145123.7037122001,5848.501962228353,0.0,0.0,-13002.019574306958,0.0,-5793.573173694369,0.0,1337.0203996047496,-10.410648643058543,-260.2532468690533,10840.476764705749,107229.66186557553,4177.50140159168,1871.8285594466493,-14.57490810028196,-13366.374119923632,15176.667470588047,144327.95343811135,5848.501962228353,Ncomp_max,13366.374119923632,78.22415681979666
U09p343881_ETM_S06,CSEG_22,655.25,G1p00_Q1p40,1.0,1.4,12851.544631103727,2070.785324595012,158578.6211722608,29795.174167491754,0.0,0.0,-13002.019574306958,0.0,-5793.573173694369,0.0,1479.0924463648696,-10.868165611884882,107.48210228802236,12740.4762046614,116689.91550022649,-21282.26726249411,2070.729424910817,-15.215431856638833,-12851.544631103727,17836.666686525958,157572.3085266227,-29795.174167491754,Ncomp_min,12851.544631103727,78.22415681979666
U09p343881_ETM_S06,CSEG_22,652.15,G1p00_Q1p40,1.0,1.4,13228.088570344067,2988.0328570946217,245515.38287038816,7754.732739138112,0.0,0.0,-13002.019574306958,0.0,-5793.573173694369,0.0,2134.221952469477,-19.296345851342604,-161.4778543122211,11004.893581254102,179160.76097840388,-5539.094813670081,2987.9107334572677,-27.014884191879645,-13228.088570344067,15406.851013755742,245031.49219607105,-7754.732739138112,M_max,245515.38287038816,78.22415681979666
U09p343881_ETM_S06,CSEG_22,652.5500000000001,G1p00_Q1p40,1.0,1.4,13163.647488528404,3095.0000605864584,241596.52631030636,10268.738560436233,0.0,0.0,-13002.019574306958,0.0,-5793.573173694369,0.0,2210.438600545981,-34.91471923813972,-115.44851015817585,11523.339535203238,176322.04697474933,-7334.813257454453,3094.6140407643734,-48.880606933395605,-13163.647488528404,16132.675349284533,241057.2925909547,-10268.738560436233,V_max,3095.0000605864584,78.22415681979666
U09p343881_ETM_S06,CSEG_22,622.5500000000001,G1p00_Q1p40,1.0,1.4,12912.725558225566,2024.5295411491961,147479.3368378566,36091.21085834473,0.0,0.0,-13002.019574306958,0.0,-5793.573173694369,0.0,1441.8621943090657,-110.53061198788863,63.78144005813738,13058.327182035822,108668.15626518025,-25779.436327389096,2018.6070720326918,-154.7428567830441,-12912.725558225566,18281.65805485015,146341.845597558,-36091.21085834473,T_max,36091.21085834473,78.22415681979666
U09p343881_ETM_S06,CSEG_23,247.2,G1p35_Q1p40,1.35,1.4,17243.07959013496,1848.6001106299148,136322.01335200405,5847.340935471542,0.0,0.0,-12503.23650997859,0.0,-5793.573173694369,0.0,1320.3780977227414,-11.554219277931548,-259.79307261704344,10798.424015412527,102358.91415619505,4176.672096765387,1848.5293368118378,-16.175906989104167,-17243.07959013496,15117.793621577537,135481.15603418567,5847.340935471542,Ncomp_max,17243.07959013496,81.89207649139588
U09p343881_ETM_S06,CSEG_23,655.25,G1p35_Q1p40,1.35,1.4,16728.0491043952,2064.6119646146176,149022.40827523728,29796.058848505145,0.0,0.0,-12503.23650997859,0.0,-5793.573173694369,0.0,1474.6341699082684,-16.170830853691005,108.0858457685008,12700.476567440794,111270.84002424781,-21282.899177503677,2064.4878378715757,-22.639163195167406,-16728.0491043952,17780.66719441711,147957.8522494595,-29796.058848505145,Ncomp_min,16728.0491043952,81.89207649139588
U09p343881_ETM_S06,CSEG_23,652.15,G1p35_Q1p40,1.35,1.4,17103.349033387374,3001.012395036581,232524.96338280488,7756.746739210892,0.0,0.0,-12503.23650997859,0.0,-5793.573173694369,0.0,2143.496127190386,-18.99417867373541,-159.98553208305384,10938.605576541311,171315.32076186888,-5540.5333851506375,3000.89457806654,-26.59185014322957,-17103.349033387374,15314.047807157835,232020.125282129,-7756.746739210892,M_max,232524.96338280488,81.89207649139588
U09p343881_ETM_S06,CSEG_23,652.5500000000001,G1p35_Q1p40,1.35,1.4,17039.00853461952,3083.479262640296,228256.8796263622,10269.774630081496,0.0,0.0,-12503.23650997859,0.0,-5793.573173694369,0.0,2202.225258354024,-33.83656403789793,-114.02803296315687,11402.356905481069,168228.08364375503,-7335.5533072010685,3083.1153616956335,-47.3711896530571,-17039.00853461952,15963.299667673495,227697.99331676963,-10269.774630081496,V_max,3083.479262640296,81.89207649139588
U09p343881_ETM_S06,CSEG_23,622.5500000000001,G1p35_Q1p40,1.35,1.4,16789.363941501193,1999.066517940931,138098.26665014442,36092.04672612871,0.0,0.0,-12503.23650997859,0.0,-5793.573173694369,0.0,1423.836722141638,-107.7065196308765,64.28953354993246,12669.111743261292,103411.31222798557,-25780.033375806222,1993.371410998293,-150.78912748322708,-16789.363941501193,17736.75644056581,136954.5133346924,-36092.04672612871,T_max,36092.04672612871,81.89207649139588
U09p343881_ETM_S06,CSEG_23,247.2,G1p00_Q1p40,1.0,1.4,12866.94681164245,1848.6001106299148,138337.43922265613,5847.340935471542,0.0,0.0,-12503.23650997859,0.0,-5793.573173694369,0.0,1320.3780977227414,-11.554219277931548,-259.79307261704344,10798.424015412527,102358.91415619505,4176.672096765387,1848.5293368118378,-16.175906989104167,-12866.94681164245,15117.793621577537,137508.9066449787,5847.340935471542,Ncomp_max,12866.94681164245,81.89207649139588
U09p343881_ETM_S06,CSEG_23,655.25,G1p00_Q1p40,1.0,1.4,12351.916325902688,2064.6119646146176,151035.8672343494,29796.058848505145,0.0,0.0,-12503.23650997859,0.0,-5793.573173694369,0.0,1474.6341699082684,-16.170830853691005,108.0858457685008,12700.476567440794,111270.84002424781,-21282.899177503677,2064.4878378715757,-22.639163195167406,-12351.916325902688,17780.66719441711,149985.60286025255,-29796.058848505145,Ncomp_min,12351.916325902688,81.89207649139588
U09p343881_ETM_S06,CSEG_23,652.15,G1p00_Q1p40,1.0,1.4,12727.216254894865,3001.012395036581,234548.34953635585,7756.746739210892,0.0,0.0,-12503.23650997859,0.0,-5793.573173694369,0.0,2143.496127190386,-18.99417867373541,-159.98553208305384,10938.605576541311,171315.32076186888,-5540.5333851506375,3000.89457806654,-26.59185014322957,-12727.216254894865,15314.047807157835,234047.87589292205,-7756.746739210892,M_max,234548.34953635585,81.89207649139588
U09p343881_ETM_S06,CSEG_23,652.5500000000001,G1p00_Q1p40,1.0,1.4,12662.875756127009,3083.479262640296,230279.70896141077,10269.774630081496,0.0,0.0,-12503.23650997859,0.0,-5793.573173694369,0.0,2202.225258354024,-33.83656403789793,-114.02803296315687,11402.356905481069,168228.08364375503,-7335.5533072010685,3083.1153616956335,-47.3711896530571,-12662.875756127009,15963.299667673495,229725.74392756267,-10269.774630081496,V_max,3083.479262640296,81.89207649139588
U09p343881_ETM_S06,CSEG_23,622.5500000000001,G1p00_Q1p40,1.0,1.4,12413.231163008684,1999.066517940931,140109.4651351026,36092.04672612871,0.0,0.0,-12503.23650997859,0.0,-5793.573173694369,0.0,1423.836722141638,-107.7065196308765,64.28953354993246,12669.111743261292,103411.31222798557,-25780.033375806222,1993.371410998293,-150.78912748322708,-12413.231163008684,17736.75644056581,138982.26394548544,-36092.04672612871,T_max,36092.04672612871,81.89207649139588
U09p343881_ETM_S06,CSEG_24,247.2,G1p35_Q1p40,1.35,1.4,16569.062993304404,1824.1765941887752,129620.16900261276,5846.136875083293,0.0,0.0,-12004.46587545146,0.0,-5793.573173694369,0.0,1302.9206036930464,-12.780160636824698,-259.3100438892361,10752.124200535636,97546.04581709346,4175.812053630923,1824.0888451702647,-17.892224891554577,-16569.062993304404,15052.973880749889,128743.14035944345,5846.136875083293,Ncomp_max,16569.062993304404,85.55998291419847
U09p343881_ETM_S06,CSEG_24,655.25,G1p35_Q1p40,1.35,1.4,16053.849321775928,2057.167290118483,141507.60534889367,29796.838217472257,0.0,0.0,-12004.46587545146,0.0,-5793.573173694369,0.0,1469.2451893709622,-21.684938034072765,108.69972148824672,12641.133143973191,105869.92652136645,-21283.45586962304,2056.943265119347,-30.358913247701867,-16053.849321775928,17697.586401562465,140396.5733454256,-29796.838217472257,Ncomp_min,16053.849321775928,85.55998291419847
U09p343881_ETM_S06,CSEG_24,652.15,G1p35_Q1p40,1.35,1.4,16427.828330772794,3013.542425931748,221513.05807906768,7758.747134672977,0.0,0.0,-12004.46587545146,0.0,-5793.573173694369,0.0,2152.4494933876217,-18.651784736103263,-158.42814208094387,10873.648649233914,163436.19405029123,-5541.962239052127,3013.42929074267,-26.112498630544568,-16427.828330772794,15223.108108927478,220989.34788592032,-7758.747134672977,M_max,221513.05807906768,85.55998291419847
U09p343881_ETM_S06,CSEG_24,652.5500000000001,G1p35_Q1p40,1.35,1.4,16363.645765512118,3070.6675349019247,216987.50590882628,10271.745082794212,0.0,0.0,-12004.46587545146,0.0,-5793.573173694369,0.0,2193.09047000111,-32.68060544545385,-112.58345260903116,11285.692483101511,160166.30493577343,-7336.960773424438,3070.326658001554,-45.75284762363539,-16363.645765512118,15799.969476342114,216411.50312559537,-10271.745082794212,V_max,3070.6675349019247,85.55998291419847
U09p343881_ETM_S06,CSEG_24,622.5500000000001,G1p35_Q1p40,1.35,1.4,16115.303892163323,1971.881787352965,130824.39431176611,36092.75107834502,0.0,0.0,-12004.46587545146,0.0,-5793.573173694369,0.0,1404.5871477135402,-104.7403847593454,64.80359978296474,12290.4844742917,98220.87678581149,-25780.53648453216,1966.422006798956,-146.63653866308354,-16115.303892163323,17206.678264008377,129687.90371564867,-36092.75107834502,T_max,36092.75107834502,85.55998291419847
U09p343881_ETM_S06,CSEG_24,247.2,G1p00_Q1p40,1.0,1.4,12367.49993689639,1824.1765941887752,131634.4101965896,5846.136875083293,0.0,0.0,-12004.46587545146,0.0,-5793.573173694369,0.0,1302.9206036930464,-12.780160636824698,-259.3100438892361,10752.124200535636,97546.04581709346,4175.812053630923,1824.0888451702647,-17.892224891554577,-12367.49993689639,15052.973880749889,130770.89097023648,5846.136875083293,Ncomp_max,12367.49993689639,85.55998291419847
U09p343881_ETM_S06,CSEG_24,655.25,G1p00_Q1p40,1.0,1.4,11852.286265367915,2057.167290118483,143519.65934612122,29796.838217472257,0.0,0.0,-12004.46587545146,0.0,-5793.573173694369,0.0,1469.2451893709622,-21.684938034072765,108.69972148824672,12641.133143973191,105869.92652136645,-21283.45586962304,2056.943265119347,-30.358913247701867,-11852.286265367915,17697.586401562465,142424.32395621864,-29796.838217472257,Ncomp_min,11852.286265367915,85.55998291419847
U09p343881_ETM_S06,CSEG_24,652.15,G1p00_Q1p40,1.0,1.4,12226.265274364781,3013.542425931748,223536.05803625696,7758.747134672977,0.0,0.0,-12004.46587545146,0.0,-5793.573173694369,0.0,2152.4494933876217,-18.651784736103263,-158.42814208094387,10873.648649233914,163436.19405029123,-5541.962239052127,3013.42929074267,-26.112498630544568,-12226.265274364781,15223.108108927478,223017.09849671336,-7758.747134672977,M_max,223536.05803625696,85.55998291419847
U09p343881_ETM_S06,CSEG_24,652.5500000000001,G1p00_Q1p40,1.0,1.4,12162.082709104105,3070.6675349019247,219009.9235385548,10271.745082794212,0.0,0.0,-12004.46587545146,0.0,-5793.573173694369,0.0,2193.09047000111,-32.68060544545385,-112.58345260903116,11285.692483101511,160166.30493577343,-7336.960773424438,3070.326658001554,-45.75284762363539,-12162.082709104105,15799.969476342114,218439.2537363884,-10271.745082794212,V_max,3070.6675349019247,85.55998291419847
U09p343881_ETM_S06,CSEG_24,622.5500000000001,G1p00_Q1p40,1.0,1.4,11913.74083575531,1971.881787352965,132834.79729168775,36092.75107834502,0.0,0.0,-12004.46587545146,0.0,-5793.573173694369,0.0,1404.5871477135402,-104.7403847593454,64.80359978296474,12290.4844742917,98220.87678581149,-25780.53648453216,1966.422006798956,-146.63653866308354,-11913.74083575531,17206.678264008377,131715.6543264417,-36092.75107834502,T_max,36092.75107834502,85.55998291419847
U09p343881_ETM_S06,CSEG_25,247.2,G1p35_Q1p40,1.35,1.4,15909.834619155205,1799.5327999016001,123014.96577718877,5845.84600254097,0.0,0.0,-11516.64244309794,0.0,-5793.573173694369,0.0,1285.3036007795502,-14.066522259475288,-258.8338006949889,10701.09267876928,92800.43535499623,4175.604287529265,1799.42504109137,-19.693131163265402,-15909.834619155205,14981.529750276992,122099.2857125073,5845.84600254097,Ncomp_max,15909.834619155205,89.22788659608008
U09p343881_ETM_S06,CSEG_25,655.25,G1p35_Q1p40,1.35,1.4,15394.422699006878,2048.895698146795,134024.0076479382,29797.706457539276,0.0,0.0,-11516.64244309794,0.0,-5793.573173694369,0.0,1463.2431552575968,-27.252975163898117,109.31757083953016,12561.87310438521,100490.33104144702,-21284.076041099484,2048.5404173606353,-38.15416522945736,-15394.422699006878,17586.62234613929,132865.13967353842,-29797.706457539276,Ncomp_min,15394.422699006878,89.22788659608008
U09p343881_ETM_S06,CSEG_25,652.15,G1p35_Q1p40,1.35,1.4,15767.01986279641,3025.4572715569025,210458.07138090333,7760.8093961081095,0.0,0.0,-11516.64244309794,0.0,-5793.573173694369,0.0,2160.96349786981,-18.29120076897167,-156.8232604387067,10810.07277082163,155524.6721563218,-5543.435282934364,3025.3488970177336,-25.607681076560336,-15767.01986279641,15134.10187915028,209913.21723436308,-7760.8093961081095,M_max,210458.07138090333,89.22788659608008
U09p343881_ETM_S06,CSEG_25,652.75,G1p35_Q1p40,1.35,1.4,15677.747859964282,3062.320561041219,208562.92366835853,16954.90992715274,0.0,0.0,-11516.64244309794,0.0,-5793.573173694369,0.0,2187.142238294085,-31.69146811802869,-93.05754413004433,11982.623617975149,154077.4860629146,-12110.649947966243,3061.9991336117187,-44.36805536524017,-15677.747859964282,16775.673065165207,207887.156703593,-16954.90992715274,V_max,3062.320561041219,89.22788659608008
U09p343881_ETM_S06,CSEG_25,622.5500000000001,G1p35_Q1p40,1.35,1.4,15456.03461603506,1943.8147359818986,123654.86443834861,36093.552010383246,0.0,0.0,-11516.64244309794,0.0,-5793.573173694369,0.0,1384.70693398477,-101.73413101543817,65.30905867654292,11923.293481900802,93103.07883460609,-25781.10857884518,1938.589707578678,-142.4277834216134,-15456.03461603506,16692.61087466112,122522.98658396112,-36093.552010383246,T_max,36093.552010383246,89.22788659608008
U09p343881_ETM_S06,CSEG_25,247.2,G1p00_Q1p40,1.0,1.4,11879.009764070925,1799.5327999016001,125027.86641410927,5845.84600254097,0.0,0.0,-11516.64244309794,0.0,-5793.573173694369,0.0,1285.3036007795502,-14.066522259475288,-258.8338006949889,10701.09267876928,92800.43535499623,4175.604287529265,1799.42504109137,-19.693131163265402,-11879.009764070925,14981.529750276992,124127.03632330033,5845.84600254097,Ncomp_max,11879.009764070925,89.22788659608008
U09p343881_ETM_S06,CSEG_25,655.25,G1p00_Q1p40,1.0,1.4,11363.597843922598,2048.895698146795,136034.48509406138,29797.706457539276,0.0,0.0,-11516.64244309794,0.0,-5793.573173694369,0.0,1463.2431552575968,-27.252975163898117,109.31757083953016,12561.87310438521,100490.33104144702,-21284.076041099484,2048.5404173606353,-38.15416522945736,-11363.597843922598,17586.62234613929,134892.89028433146,-29797.706457539276,Ncomp_min,11363.597843922598,89.22788659608008
U09p343881_ETM_S06,CSEG_25,652.15,G1p00_Q1p40,1.0,1.4,11736.19500771213,3025.4572715569025,212480.62238903105,7760.8093961081095,0.0,0.0,-11516.64244309794,0.0,-5793.573173694369,0.0,2160.96349786981,-18.29120076897167,-156.8232604387067,10810.07277082163,155524.6721563218,-5543.435282934364,3025.3488970177336,-25.607681076560336,-11736.19500771213,15134.10187915028,211940.96784515612,-7760.8093961081095,M_max,212480.62238903105,89.22788659608008
U09p343881_ETM_S06,CSEG_25,652.75,G1p00_Q1p40,1.0,1.4,11646.923004880002,3062.320561041219,210584.16730513383,16954.90992715274,0.0,0.0,-11516.64244309794,0.0,-5793.573173694369,0.0,2187.142238294085,-31.69146811802869,-93.05754413004433,11982.623617975149,154077.4860629146,-12110.649947966243,3061.9991336117187,-44.36805536524017,-11646.923004880002,16775.673065165207,209914.90731438604,-16954.90992715274,V_max,3062.320561041219,89.22788659608008
U09p343881_ETM_S06,CSEG_25,622.5500000000001,G1p00_Q1p40,1.0,1.4,11425.20976095078,1943.8147359818986,125664.35211932447,36093.552010383246,0.0,0.0,-11516.64244309794,0.0,-5793.573173694369,0.0,1384.70693398477,-101.73413101543817,65.30905867654292,11923.293481900802,93103.07883460609,-25781.10857884518,1938.589707578678,-142.4277834216134,-11425.20976095078,16692.61087466112,124550.73719475414,-36093.552010383246,T_max,36093.552010383246,89.22788659608008
U09p343881_ETM_S06,CSEG_26,247.2,G1p35_Q1p40,1.35,1.4,15316.712890471761,1777.207711476521,116749.65257918008,5844.712929997709,0.0,0.0,-11077.768258588689,0.0,-5793.573173694369,0.0,1269.3413394673662,-15.34426392244161,-258.3755295550218,10647.405877748975,88296.7558526627,4174.794949998363,1777.0778752543126,-21.481969491418255,-15316.712890471761,14906.368228848565,115794.13440924037,5844.712929997709,Ncomp_max,15316.712890471761,92.7547229285961
U09p343881_ETM_S06,CSEG_26,655.25,G1p35_Q1p40,1.35,1.4,14801.095892643867,2040.7510517566539,126861.88210498756,29798.50501815003,0.0,0.0,-11077.768258588689,0.0,-5793.573173694369,0.0,1457.3186377742877,-32.425233603010355,109.92232603633056,12466.451410951233,95340.65698884169,-21284.646441535737,2040.2460928840026,-45.3953270442145,-14801.095892643867,17453.031975331724,125655.59599989095,-29798.50501815003,Ncomp_min,14801.095892643867,92.7547229285961
U09p343881_ETM_S06,CSEG_26,652.15,G1p35_Q1p40,1.35,1.4,15172.283482840316,3036.371409500927,199790.8691140631,7762.773179918977,0.0,0.0,-11077.768258588689,0.0,-5793.573173694369,0.0,2168.762234162711,-17.97482518146524,-155.21166696113323,10750.155955220573,147888.94357247013,-5544.8379856564125,3036.2671278277953,-25.164755254051332,-15172.283482840316,15050.218337308801,199223.19721697076,-7762.773179918977,M_max,199790.8691140631,92.7547229285961
U09p343881_ETM_S06,CSEG_26,652.75,G1p35_Q1p40,1.35,1.4,15083.07824104017,3064.7056994006884,197786.50190518543,16955.829016397416,0.0,0.0,-11077.768258588689,0.0,-5793.573173694369,0.0,2188.8281641417675,-32.9060888869179,-91.4936371038857,11877.638092745732,146362.54718526104,-12111.306440283868,3064.359429798474,-46.06852444168506,-15083.07824104017,16628.693329844024,197086.24227487802,-16955.829016397416,V_max,3064.7056994006884,92.7547229285961
U09p343881_ETM_S06,CSEG_26,622.5500000000001,G1p35_Q1p40,1.35,1.4,14862.85820946616,1917.7058096031685,116862.06910439856,36094.291484979345,0.0,0.0,-11077.768258588689,0.0,-5793.573173694369,0.0,1366.2084692207331,-98.98833341803564,65.8063854489792,11580.770353943064,88252.32308111723,-25781.63677498525,1912.6918569090262,-138.58366678524987,-14862.85820946616,16213.078495520289,115731.92852907671,-36094.291484979345,T_max,36094.291484979345,92.7547229285961
U09p343881_ETM_S06,CSEG_26,247.2,G1p00_Q1p40,1.0,1.4,11439.49399996572,1777.207711476521,118761.08960197358,5844.712929997709,0.0,0.0,-11077.768258588689,0.0,-5793.573173694369,0.0,1269.3413394673662,-15.34426392244161,-258.3755295550218,10647.405877748975,88296.7558526627,4174.794949998363,1777.0778752543126,-21.481969491418255,-11439.49399996572,14906.368228848565,117821.8850200334,5844.712929997709,Ncomp_max,11439.49399996572,92.7547229285961
U09p343881_ETM_S06,CSEG_26,655.25,G1p00_Q1p40,1.0,1.4,10923.877002137826,2040.7510517566539,128870.65347407847,29798.50501815003,0.0,0.0,-11077.768258588689,0.0,-5793.573173694369,0.0,1457.3186377742877,-32.425233603010355,109.92232603633056,12466.451410951233,95340.65698884169,-21284.646441535737,2040.2460928840026,-45.3953270442145,-10923.877002137826,17453.031975331724,127683.34661068398,-29798.50501815003,Ncomp_min,10923.877002137826,92.7547229285961
U09p343881_ETM_S06,CSEG_26,652.15,G1p00_Q1p40,1.0,1.4,11295.064592334274,3036.371409500927,201812.9160226718,7762.773179918977,0.0,0.0,-11077.768258588689,0.0,-5793.573173694369,0.0,2168.762234162711,-17.97482518146524,-155.21166696113323,10750.155955220573,147888.94357247013,-5544.8379856564125,3036.2671278277953,-25.164755254051332,-11295.064592334274,15050.218337308801,201250.9478277638,-7762.773179918977,M_max,201812.9160226718,92.7547229285961
U09p343881_ETM_S06,CSEG_26,652.75,G1p00_Q1p40,1.0,1.4,11205.859350534129,3064.7056994006884,199807.1460301985,16955.829016397416,0.0,0.0,-11077.768258588689,0.0,-5793.573173694369,0.0,2188.8281641417675,-32.9060888869179,-91.4936371038857,11877.638092745732,146362.54718526104,-12111.306440283868,3064.359429798474,-46.06852444168506,-11205.859350534129,16628.693329844024,199113.99288567106,-16955.829016397416,V_max,3064.7056994006884,92.7547229285961
U09p343881_ETM_S06,CSEG_26,622.5500000000001,G1p00_Q1p40,1.0,1.4,10985.639318960119,1917.7058096031685,118870.54279941256,36094.291484979345,0.0,0.0,-11077.768258588689,0.0,-5793.573173694369,0.0,1366.2084692207331,-98.98833341803564,65.8063854489792,11580.770353943064,88252.32308111723,-25781.63677498525,1912.6918569090262,-138.58366678524987,-10985.639318960119,16213.078495520289,117759.67913986974,-36094.291484979345,T_max,36094.291484979345,92.7547229285961
U09p343881_ETM_S06,CSEG_27,247.2,G1p35_Q1p40,1.35,1.4,14742.46357622943,1755.7690826195396,110314.45242600155,5843.61097415725,0.0,0.0,-10652.88450592434,0.0,-5793.573173694369,0.0,1254.00962651334,-16.696425774359284,-257.9067808796917,10586.513894889944,83668.2917509158,4174.00783868375,1755.613477118676,-23.374996084102996,-14742.46357622943,14821.11945284592,109314.28466679472,5843.61097415725,Ncomp_max,14742.46357622943,96.42262125806784
U09p343881_ETM_S06,CSEG_27,655.25,G1p35_Q1p40,1.35,1.4,14226.616865734666,2032.2220296931412,119440.82414997082,29799.18811572826,0.0,0.0,-10652.88450592434,0.0,-5793.573173694369,0.0,1451.1012485477515,-37.556109301500136,110.5551551879962,12348.901680081008,90003.08253715452,-21285.13436837733,2031.541747966852,-52.57855302210019,-14226.616865734666,17288.46235211341,118182.99176752893,-29799.18811572826,Ncomp_min,14226.616865734666,96.42262125806784
U09p343881_ETM_S06,CSEG_27,652.15,G1p35_Q1p40,1.35,1.4,14596.285362136226,3047.0028545564774,188660.51416915416,7764.673625931065,0.0,0.0,-10652.88450592434,0.0,-5793.573173694369,0.0,2176.358768020565,-17.683742114516,-153.49377081311832,10689.277031052688,139919.55191095287,-5546.195447093618,3046.902275228791,-24.7572389603224,-14596.285362136226,14964.987843473762,188066.0488908466,-7764.673625931065,M_max,188660.51416915416,96.42262125806784
U09p343881_ETM_S06,CSEG_27,652.8000000000001,G1p35_Q1p40,1.35,1.4,14519.823396076164,3068.4125188298167,186901.84888375757,14130.349118133796,0.0,0.0,-10652.88450592434,0.0,-5793.573173694369,0.0,2191.475183289759,-32.97314089985069,-98.87808077021691,11816.044594625366,138564.04025501426,-10093.106512952712,3068.0652566056624,-46.162397259790964,-14519.823396076164,16542.46243247551,186168.33257253256,-14130.349118133796,V_max,3068.4125188298167,96.42262125806784
U09p343881_ETM_S06,CSEG_27,622.5500000000001,G1p35_Q1p40,1.35,1.4,14288.556253312043,1891.8559085923912,109891.59740024783,36094.900598155196,0.0,0.0,-10652.88450592434,0.0,-5793.573173694369,0.0,1347.888347570385,-96.32243827146644,66.31273548986974,11234.526141751485,83272.52192436438,-25782.071855825143,1887.0436865985387,-134.851413580053,-14288.556253312043,15728.336598452077,108760.20690962274,-36094.900598155196,T_max,36094.900598155196,96.42262125806784
U09p343881_ETM_S06,CSEG_27,247.2,G1p00_Q1p40,1.0,1.4,11013.953999155909,1755.7690826195396,112324.1487908594,5843.61097415725,0.0,0.0,-10652.88450592434,0.0,-5793.573173694369,0.0,1254.00962651334,-16.696425774359284,-257.9067808796917,10586.513894889944,83668.2917509158,4174.00783868375,1755.613477118676,-23.374996084102996,-11013.953999155909,14821.11945284592,111342.03527758774,5843.61097415725,Ncomp_max,11013.953999155909,96.42262125806784
U09p343881_ETM_S06,CSEG_27,655.25,G1p00_Q1p40,1.0,1.4,10498.107288661146,2032.2220296931412,121447.5751657798,29799.18811572826,0.0,0.0,-10652.88450592434,0.0,-5793.573173694369,0.0,1451.1012485477515,-37.556109301500136,110.5551551879962,12348.901680081008,90003.08253715452,-21285.13436837733,2031.541747966852,-52.57855302210019,-10498.107288661146,17288.46235211341,120210.74237832196,-29799.18811572826,Ncomp_min,10498.107288661146,96.42262125806784
U09p343881_ETM_S06,CSEG_27,652.15,G1p00_Q1p40,1.0,1.4,10867.775785062706,3047.0028545564774,190681.94321992024,7764.673625931065,0.0,0.0,-10652.88450592434,0.0,-5793.573173694369,0.0,2176.358768020565,-17.683742114516,-153.49377081311832,10689.277031052688,139919.55191095287,-5546.195447093618,3046.902275228791,-24.7572389603224,-10867.775785062706,14964.987843473762,190093.79950163965,-7764.673625931065,M_max,190681.94321992024,96.42262125806784
U09p343881_ETM_S06,CSEG_27,652.8000000000001,G1p00_Q1p40,1.0,1.4,10791.313819002644,3068.4125188298167,188921.7266194523,14130.349118133796,0.0,0.0,-10652.88450592434,0.0,-5793.573173694369,0.0,2191.475183289759,-32.97314089985069,-98.87808077021691,11816.044594625366,138564.04025501426,-10093.106512952712,3068.0652566056624,-46.162397259790964,-10791.313819002644,16542.46243247551,188196.0831833256,-14130.349118133796,V_max,3068.4125188298167,96.42262125806784
U09p343881_ETM_S06,CSEG_27,622.5500000000001,G1p00_Q1p40,1.0,1.4,10560.046676238522,1891.8559085923912,111898.84764241164,36094.900598155196,0.0,0.0,-10652.88450592434,0.0,-5793.573173694369,0.0,1347.888347570385,-96.32243827146644,66.31273548986974,11234.526141751485,83272.52192436438,-25782.071855825143,1887.0436865985387,-134.851413580053,-10560.046676238522,15728.336598452077,110787.95752041576,-36094.900598155196,T_max,36094.900598155196,96.42262125806784
U09p343881_ETM_S06,CSEG_28,247.2,G1p35_Q1p40,1.35,1.4,14183.231003963956,1734.9112645276932,103964.6555119458,5843.644146207828,0.0,0.0,-10239.112305027802,0.0,-5793.573173694369,0.0,1239.0900876767607,-18.10365340605531,-257.44956584030115,10521.023854080986,79098.05486570606,4174.031533005592,1734.7261227474648,-25.345114768477433,-14183.231003963956,14729.433395713379,102915.95302750108,5843.644146207828,Ncomp_max,14183.231003963956,100.09051759079118
U09p343881_ETM_S06,CSEG_28,655.25,G1p35_Q1p40,1.35,1.4,13667.135461704911,2022.931301217677,112058.97454975614,29799.790469198757,0.0,0.0,-10239.112305027802,0.0,-5793.573173694369,0.0,1444.3227864463547,-42.60137374333453,111.19010720187362,12213.117016698508,84691.53640729928,-21285.564620856258,2022.0519010248966,-59.64192324066833,-13667.135461704911,17098.36382337791,110746.82718573158,-29799.790469198757,Ncomp_min,13667.135461704911,100.09051759079118
U09p343881_ETM_S06,CSEG_28,652.15,G1p35_Q1p40,1.35,1.4,14035.234001969997,3056.658903643977,177496.2245516068,7765.475574659411,0.0,0.0,-10239.112305027802,0.0,-5793.573173694369,0.0,2183.25860169366,-17.381293634272765,-151.7374215589025,10629.46477467598,131923.3054179478,-5546.768267613866,3056.5620423711234,-24.33381108798187,-14035.234001969997,14881.25068454637,176871.3038006395,-7765.475574659411,M_max,177496.2245516068,100.09051759079118
U09p343881_ETM_S06,CSEG_28,652.8000000000001,G1p35_Q1p40,1.35,1.4,13958.837529009672,3072.3829810815478,175669.25960177518,14131.093404659425,0.0,0.0,-10239.112305027802,0.0,-5793.573173694369,0.0,2194.294815329946,-34.06849893915321,-97.16851230152679,11701.133653889354,130517.93150808175,-10093.638146185303,3072.0127414619237,-47.69589851481449,-13958.837529009672,16381.587115445094,174903.78032682702,-14131.093404659425,V_max,3072.3829810815478,100.09051759079118
U09p343881_ETM_S06,CSEG_28,622.5500000000001,G1p35_Q1p40,1.35,1.4,13729.262229582864,1865.810258196561,103019.27100736805,36095.44592316897,0.0,0.0,-10239.112305027802,0.0,-5793.573173694369,0.0,1329.423540033025,-93.70138182991327,66.81384443190655,10898.196782817127,78360.35028843417,-25782.46137369212,1861.1929560462347,-131.18193456187856,-13729.262229582864,15257.475495943978,101883.16661932044,-36095.44592316897,T_max,36095.44592316897,100.09051759079118
U09p343881_ETM_S06,CSEG_28,247.2,G1p00_Q1p40,1.0,1.4,10599.541697204224,1734.9112645276932,105972.34139850293,5843.644146207828,0.0,0.0,-10239.112305027802,0.0,-5793.573173694369,0.0,1239.0900876767607,-18.10365340605531,-257.44956584030115,10521.023854080986,79098.05486570606,4174.031533005592,1734.7261227474648,-25.345114768477433,-10599.541697204224,14729.433395713379,104943.7036382941,5843.644146207828,Ncomp_max,10599.541697204224,100.09051759079118
U09p343881_ETM_S06,CSEG_28,655.25,G1p00_Q1p40,1.0,1.4,10083.446154945179,2022.931301217677,114063.40097779383,29799.790469198757,0.0,0.0,-10239.112305027802,0.0,-5793.573173694369,0.0,1444.3227864463547,-42.60137374333453,111.19010720187362,12213.117016698508,84691.53640729928,-21285.564620856258,2022.0519010248966,-59.64192324066833,-10083.446154945179,17098.36382337791,112774.57779652461,-29799.790469198757,Ncomp_min,10083.446154945179,100.09051759079118
U09p343881_ETM_S06,CSEG_28,652.15,G1p00_Q1p40,1.0,1.4,10451.544695210265,3056.658903643977,179516.91644867626,7765.475574659411,0.0,0.0,-10239.112305027802,0.0,-5793.573173694369,0.0,2183.25860169366,-17.381293634272765,-151.7374215589025,10629.46477467598,131923.3054179478,-5546.768267613866,3056.5620423711234,-24.33381108798187,-10451.544695210265,14881.25068454637,178899.05441143253,-7765.475574659411,M_max,179516.91644867626,100.09051759079118
U09p343881_ETM_S06,CSEG_28,652.8000000000001,G1p00_Q1p40,1.0,1.4,10375.14822224994,3072.3829810815478,177688.27489834809,14131.093404659425,0.0,0.0,-10239.112305027802,0.0,-5793.573173694369,0.0,2194.294815329946,-34.06849893915321,-97.16851230152679,11701.133653889354,130517.93150808175,-10093.638146185303,3072.0127414619237,-47.69589851481449,-10375.14822224994,16381.587115445094,176931.53093762006,-14131.093404659425,V_max,3072.3829810815478,100.09051759079118
U09p343881_ETM_S06,CSEG_28,622.5500000000001,G1p00_Q1p40,1.0,1.4,10145.572922823132,1865.810258196561,105025.0888031656,36095.44592316897,0.0,0.0,-10239.112305027802,0.0,-5793.573173694369,0.0,1329.423540033025,-93.70138182991327,66.81384443190655,10898.196782817127,78360.35028843417,-25782.46137369212,1861.1929560462347,-131.18193456187856,-10145.572922823132,15257.475495943978,103910.91723011347,-36095.44592316897,T_max,36095.44592316897,100.09051759079118
U09p343881_ETM_S06,CSEG_29,247.2,G1p35_Q1p40,1.35,1.4,13577.36570395304,1711.8359138073615,97694.80898950913,5842.880604796459,0.0,0.0,-9790.78801885038,0.0,-5793.573173694369,0.0,1222.582273328616,-19.635223039192645,-257.0013417893042,10449.76165143907,74581.81113642106,4173.486146283185,1711.6151826600624,-27.489312254869702,-13577.36570395304,14629.666312014697,96593.21180650209,5842.880604796459,Ncomp_max,13577.36570395304,103.7584132201532
U09p343881_ETM_S06,CSEG_29,655.25,G1p35_Q1p40,1.35,1.4,13061.025435060092,2010.7139105075394,104719.36434394278,29800.30386164889,0.0,0.0,-9790.78801885038,0.0,-5793.573173694369,0.0,1435.423126408579,-47.96314659058956,111.8131359913732,12058.515910012244,79407.8239513786,-21285.931329749208,2009.5923769720105,-67.14840522682537,-13061.025435060092,16881.92227401714,103349.62974744264,-29800.30386164889,Ncomp_min,13061.025435060092,103.7584132201532
U09p343881_ETM_S06,CSEG_29,652.15,G1p35_Q1p40,1.35,1.4,13427.49426739423,3064.921153251394,166303.23075022362,7767.101987981106,0.0,0.0,-9790.78801885038,0.0,-5793.573173694369,0.0,2189.163856968775,-16.939659379457645,-149.9503156758674,10570.88183877401,123903.39838873969,-5547.929991415076,3064.8293997562846,-23.7155231312407,-13427.49426739423,14799.234574283613,165643.43395974816,-7767.101987981106,M_max,166303.23075022362,103.7584132201532
U09p343881_ETM_S06,CSEG_29,652.8000000000001,G1p35_Q1p40,1.35,1.4,13351.14035657037,3074.3766293153985,164432.76544464595,14132.675143479211,0.0,0.0,-9790.78801885038,0.0,-5793.573173694369,0.0,2195.701630612869,-35.17147176893801,-95.41180794453976,11582.438235870362,122466.14320614307,-10094.767959628009,3073.9822828580163,-49.240060476513214,-13351.14035657037,16215.413530218506,163631.27670411288,-14132.675143479211,V_max,3074.3766293153985,103.7584132201532
U09p343881_ETM_S06,CSEG_29,622.5500000000001,G1p35_Q1p40,1.35,1.4,13123.30772430399,1836.0797531819037,96248.85325116396,36095.91513211969,0.0,0.0,-9790.78801885038,0.0,-5793.573173694369,0.0,1308.3401066230645,-90.77709926404287,67.32578653144628,10571.751122415171,73518.1543957838,-25782.79652294264,1831.67614927229,-127.08793896966002,-13123.30772430399,14800.451571381238,95104.09236960992,-36095.91513211969,T_max,36095.91513211969,103.7584132201532
U09p343881_ETM_S06,CSEG_29,247.2,G1p00_Q1p40,1.0,1.4,10150.589897355407,1711.8359138073615,99700.15729433145,5842.880604796459,0.0,0.0,-9790.78801885038,0.0,-5793.573173694369,0.0,1222.582273328616,-19.635223039192645,-257.0013417893042,10449.76165143907,74581.81113642106,4173.486146283185,1711.6151826600624,-27.489312254869702,-10150.589897355407,14629.666312014697,98620.96241729512,5842.880604796459,Ncomp_max,10150.589897355407,103.7584132201532
U09p343881_ETM_S06,CSEG_29,655.25,G1p00_Q1p40,1.0,1.4,9634.249628462458,2010.7139105075394,106721.09253015651,29800.30386164889,0.0,0.0,-9790.78801885038,0.0,-5793.573173694369,0.0,1435.423126408579,-47.96314659058956,111.8131359913732,12058.515910012244,79407.8239513786,-21285.931329749208,2009.5923769720105,-67.14840522682537,-9634.249628462458,16881.92227401714,105377.38035823566,-29800.30386164889,Ncomp_min,9634.249628462458,103.7584132201532
U09p343881_ETM_S06,CSEG_29,652.15,G1p00_Q1p40,1.0,1.4,10000.718460796596,3064.921153251394,168323.03312165322,7767.101987981106,0.0,0.0,-9790.78801885038,0.0,-5793.573173694369,0.0,2189.163856968775,-16.939659379457645,-149.9503156758674,10570.88183877401,123903.39838873969,-5547.929991415076,3064.8293997562846,-23.7155231312407,-10000.718460796596,14799.234574283613,167671.1845705412,-7767.101987981106,M_max,168323.03312165322,103.7584132201532
U09p343881_ETM_S06,CSEG_29,652.8000000000001,G1p00_Q1p40,1.0,1.4,9924.364549972735,3074.3766293153985,166450.75237702215,14132.675143479211,0.0,0.0,-9790.78801885038,0.0,-5793.573173694369,0.0,2195.701630612869,-35.17147176893801,-95.41180794453976,11582.438235870362,122466.14320614307,-10094.767959628009,3073.9822828580163,-49.240060476513214,-9924.364549972735,16215.413530218506,165659.02731490592,-14132.675143479211,V_max,3074.3766293153985,103.7584132201532
U09p343881_ETM_S06,CSEG_29,622.5500000000001,G1p00_Q1p40,1.0,1.4,9696.531917706356,1836.0797531819037,98252.98106157621,36095.91513211969,0.0,0.0,-9790.78801885038,0.0,-5793.573173694369,0.0,1308.3401066230645,-90.77709926404287,67.32578653144628,10571.751122415171,73518.1543957838,-25782.79652294264,1831.67614927229,-127.08793896966002,-9696.531917706356,14800.451571381238,97131.84298040294,-36095.91513211969,T_max,36095.91513211969,103.7584132201532
U09p343881_ETM_S06,CSEG_30,247.2,G1p35_Q1p40,1.35,1.4,12863.006175631795,1683.8155027425234,91523.75450302144,5842.337613817926,0.0,0.0,-9262.05189570148,0.0,-5793.573173694369,0.0,1202.5355050756557,-21.369334547374017,-256.59722602485635,10372.502357390444,70132.65507517017,4173.098295584233,1683.5497071059178,-29.917068366323623,-12863.006175631795,14521.50330034662,90364.39332075084,5842.337613817926,Ncomp_max,12863.006175631795,107.42628766042566
U09p343881_ETM_S06,CSEG_30,655.25,G1p35_Q1p40,1.35,1.4,12346.429380263004,1993.1934730610972,97437.05939813859,29799.681960511047,0.0,0.0,-9262.05189570148,0.0,-5793.573173694369,0.0,1422.684481357386,-54.018134723707554,112.3861992385664,11882.933122835117,74162.62885101206,-21285.48711465075,1991.75827390034,-75.62538861319057,-12346.429380263004,16636.106371969163,96006.35660692949,-29799.681960511047,Ncomp_min,12346.429380263004,107.42628766042566
U09p343881_ETM_S06,CSEG_30,652.15,G1p35_Q1p40,1.35,1.4,12711.150648619056,3070.683167767333,155089.60625706884,7767.566123074942,0.0,0.0,-9262.05189570148,0.0,-5793.573173694369,0.0,2193.285231307868,-16.20829496215996,-148.1289924443281,10514.670522625976,115864.81398280466,-5548.261516482102,3070.5993238310148,-22.691612947023945,-12711.150648619056,14720.538731676366,154389.4157914391,-7767.566123074942,M_max,155089.60625706884,107.42628766042566
U09p343881_ETM_S06,CSEG_30,652.8000000000001,G1p35_Q1p40,1.35,1.4,12634.91941053236,3072.851853167973,153196.2260097767,14133.102396607965,0.0,0.0,-9262.05189570148,0.0,-5793.573173694369,0.0,2194.5942252208943,-36.285695352683824,-93.67810809668845,11459.820312979078,114410.80604423326,-10095.07314043426,3072.431915309252,-50.79997349375735,-12634.91941053236,16043.748438170709,152353.80467743916,-14133.102396607965,V_max,3072.851853167973,107.42628766042566
U09p343881_ETM_S06,CSEG_30,622.5500000000001,G1p35_Q1p40,1.35,1.4,12408.889966613839,1798.8733261354164,89605.37765088852,36096.215130807934,0.0,0.0,-9262.05189570148,0.0,-5793.573173694369,0.0,1281.9478024659302,-87.19118600409853,67.77149470225595,10257.467678959312,68763.20646352279,-25783.010807719955,1794.7269234523021,-122.06766040573793,-12408.889966613839,14360.454750543036,88447.1652644445,-36096.215130807934,T_max,36096.215130807934,107.42628766042566
U09p343881_ETM_S06,CSEG_30,247.2,G1p00_Q1p40,1.0,1.4,9621.288012136278,1683.8155027425234,93526.3723148134,5842.337613817926,0.0,0.0,-9262.05189570148,0.0,-5793.573173694369,0.0,1202.5355050756557,-21.369334547374017,-256.59722602485635,10372.502357390444,70132.65507517017,4173.098295584233,1683.5497071059178,-29.917068366323623,-9621.288012136278,14521.50330034662,92392.14393154386,5842.337613817926,Ncomp_max,9621.288012136278,107.42628766042566
U09p343881_ETM_S06,CSEG_30,655.25,G1p00_Q1p40,1.0,1.4,9104.711216767486,1993.1934730610972,99435.63854672723,29799.681960511047,0.0,0.0,-9262.05189570148,0.0,-5793.573173694369,0.0,1422.684481357386,-54.018134723707554,112.3861992385664,11882.933122835117,74162.62885101206,-21285.48711465075,1991.75827390034,-75.62538861319057,-9104.711216767486,16636.106371969163,98034.10721772251,-29799.681960511047,Ncomp_min,9104.711216767486,107.42628766042566
U09p343881_ETM_S06,CSEG_30,652.15,G1p00_Q1p40,1.0,1.4,9469.432485123538,3070.683167767333,157108.31997655108,7767.566123074942,0.0,0.0,-9262.05189570148,0.0,-5793.573173694369,0.0,2193.285231307868,-16.20829496215996,-148.1289924443281,10514.670522625976,115864.81398280466,-5548.261516482102,3070.5993238310148,-22.691612947023945,-9469.432485123538,14720.538731676366,156417.16640223213,-7767.566123074942,M_max,157108.31997655108,107.42628766042566
U09p343881_ETM_S06,CSEG_30,652.8000000000001,G1p00_Q1p40,1.0,1.4,9393.201247036843,3072.851853167973,155212.97135600747,14133.102396607965,0.0,0.0,-9262.05189570148,0.0,-5793.573173694369,0.0,2194.5942252208943,-36.285695352683824,-93.67810809668845,11459.820312979078,114410.80604423326,-10095.07314043426,3072.431915309252,-50.79997349375735,-9393.201247036843,16043.748438170709,154381.5552882322,-14133.102396607965,V_max,3072.851853167973,107.42628766042566
U09p343881_ETM_S06,CSEG_30,622.5500000000001,G1p00_Q1p40,1.0,1.4,9167.17180311832,1798.8733261354164,91607.49458026729,36096.215130807934,0.0,0.0,-9262.05189570148,0.0,-5793.573173694369,0.0,1281.9478024659302,-87.19118600409853,67.77149470225595,10257.467678959312,68763.20646352279,-25783.010807719955,1794.7269234523021,-122.06766040573793,-9167.17180311832,14360.454750543036,90474.91587523752,-36096.215130807934,T_max,36096.215130807934,107.42628766042566
U09p343881_ETM_S06,CSEG_31,247.2,G1p35_Q1p40,1.35,1.4,12183.276387715812,1657.036184805878,86391.64001370694,5842.087867455169,0.0,0.0,-8758.837607229541,0.0,-5793.573173694369,0.0,1183.3739390044557,-22.991945204196675,-256.3182985399508,10301.998757529407,66428.95496050305,4172.91990532512,1656.7235146062378,-32.18872328587534,-12183.276387715812,14422.798260541169,85179.21316021687,5842.087867455169,Ncomp_max,12183.276387715812,110.52988996101917
U09p343881_ETM_S06,CSEG_31,655.25,G1p35_Q1p40,1.35,1.4,11666.53826460695,1974.084363150156,91334.59105991866,29799.824089867365,0.0,0.0,-8758.837607229541,0.0,-5793.573173694369,0.0,1408.8032077566093,-59.52694292548696,112.78036082352264,11716.486413217495,69764.92901815931,-21285.588635619548,1972.3244908592528,-83.33772009568175,-11666.53826460695,16403.08097850449,89849.57684093564,-29799.824089867365,Ncomp_min,11666.53826460695,110.52988996101917
U09p343881_ETM_S06,CSEG_31,652.1,G1p35_Q1p40,1.35,1.4,12000.433016436778,3039.0909713622673,145632.22865399133,8269.962510914671,0.0,0.0,-8758.837607229541,0.0,-5793.573173694369,0.0,2170.730694620474,-14.521360469560792,-125.71589048349779,10588.540167873718,109069.37146602174,-5907.116079224766,3039.0229724686633,-20.329904657385107,-12000.433016436778,14823.956235023204,144875.79626794302,-8269.962510914671,M_max,145632.22865399133,110.52988996101917
U09p343881_ETM_S06,CSEG_31,652.15,G1p35_Q1p40,1.35,1.4,12029.717603134366,3073.064973195976,145593.64181334974,7767.774775888131,0.0,0.0,-8758.837607229541,0.0,-5793.573173694369,0.0,2194.9926661794143,-15.36017419275368,-146.63345241034585,10469.561990746168,109053.77369135123,-5548.410554205809,3072.98973265118,-21.504243869855152,-12029.717603134366,14657.386787044634,144853.95938340432,-7767.774775888131,V_max,3073.064973195976,110.52988996101917
U09p343881_ETM_S06,CSEG_31,622.5500000000001,G1p35_Q1p40,1.35,1.4,11729.128746353163,1762.1439102105132,84104.01044943053,36096.33824850165,0.0,0.0,-8758.837607229541,0.0,-5793.573173694369,0.0,1255.8863692997757,-83.72707730700488,68.07287386194184,10002.482928797644,64822.38416944006,-25783.09874892975,1758.2409170196859,-117.21790822980682,-11729.128746353163,14003.476100316702,82930.01405272869,-36096.33824850165,T_max,36096.33824850165,110.52988996101917
U09p343881_ETM_S06,CSEG_31,247.2,G1p00_Q1p40,1.0,1.4,9117.683225185472,1657.036184805878,88391.58127232763,5842.087867455169,0.0,0.0,-8758.837607229541,0.0,-5793.573173694369,0.0,1183.3739390044557,-22.991945204196675,-256.3182985399508,10301.998757529407,66428.95496050305,4172.91990532512,1656.7235146062378,-32.18872328587534,-9117.683225185472,14422.798260541169,87206.96377100989,5842.087867455169,Ncomp_max,9117.683225185472,110.52988996101917
U09p343881_ETM_S06,CSEG_31,655.25,G1p00_Q1p40,1.0,1.4,8600.94510207661,1974.084363150156,93330.08285252698,29799.824089867365,0.0,0.0,-8758.837607229541,0.0,-5793.573173694369,0.0,1408.8032077566093,-59.52694292548696,112.78036082352264,11716.486413217495,69764.92901815931,-21285.588635619548,1972.3244908592528,-83.33772009568175,-8600.94510207661,16403.08097850449,91877.32745172866,-29799.824089867365,Ncomp_min,8600.94510207661,110.52988996101917
U09p343881_ETM_S06,CSEG_31,652.1,G1p00_Q1p40,1.0,1.4,8934.839853906438,3039.0909713622673,147649.5911406831,8269.962510914671,0.0,0.0,-8758.837607229541,0.0,-5793.573173694369,0.0,2170.730694620474,-14.521360469560792,-125.71589048349779,10588.540167873718,109069.37146602174,-5907.116079224766,3039.0229724686633,-20.329904657385107,-8934.839853906438,14823.956235023204,146903.54687873606,-8269.962510914671,M_max,147649.5911406831,110.52988996101917
U09p343881_ETM_S06,CSEG_31,652.15,G1p00_Q1p40,1.0,1.4,8964.124440604026,3073.064973195976,147611.2316805348,7767.774775888131,0.0,0.0,-8758.837607229541,0.0,-5793.573173694369,0.0,2194.9926661794143,-15.36017419275368,-146.63345241034585,10469.561990746168,109053.77369135123,-5548.410554205809,3072.98973265118,-21.504243869855152,-8964.124440604026,14657.386787044634,146881.70999419736,-7767.774775888131,V_max,3073.064973195976,110.52988996101917
U09p343881_ETM_S06,CSEG_31,622.5500000000001,G1p00_Q1p40,1.0,1.4,8663.535583822822,1762.1439102105132,86104.11790103003,36096.33824850165,0.0,0.0,-8758.837607229541,0.0,-5793.573173694369,0.0,1255.8863692997757,-83.72707730700488,68.07287386194184,10002.482928797644,64822.38416944006,-25783.09874892975,1758.2409170196859,-117.21790822980682,-8663.535583822822,14003.476100316702,84957.76466352171,-36096.33824850165,T_max,36096.33824850165,110.52988996101917
